2025-11-26 15:36:32,510 
🚀 === Starting multi-strategy bot... ===
2025-11-26 15:36:32,511 ✅  State loaded: 41 positions recovered
2025-11-26 15:36:32,511    ➡️ double_top_long: 1 positions | Candles: 11
2025-11-26 15:36:32,511       - NEARUSDT | Size: 41         | Entry: 1.9253    
2025-11-26 15:36:32,511    ➡️ revers_long: 7 positions | Candles: 10
2025-11-26 15:36:32,511       - ARBUSDT  | Size: 364.46     | Entry: 0.2195    
2025-11-26 15:36:32,511       - DOGEUSDT | Size: 524        | Entry: 0.15249   
2025-11-26 15:36:32,511       - ETHUSDT  | Size: 0.02       | Entry: 2960.58   
2025-11-26 15:36:32,511       - HBARUSDT | Size: 541        | Entry: 0.14762   
2025-11-26 15:36:32,511       - LINKUSDT | Size: 6          | Entry: 13.002    
2025-11-26 15:36:32,511       - SOLUSDT  | Size: 0.5        | Entry: 137.223   
2025-11-26 15:36:32,511       - XRPUSDT  | Size: 35         | Entry: 2.2348    
2025-11-26 15:36:32,511    ➡️ parity_long: 8 positions | Candles: 10
2025-11-26 15:36:32,511       - AAVEUSDT | Size: 0.4        | Entry: 177.48    
2025-11-26 15:36:32,511       - ARBUSDT  | Size: 364.29     | Entry: 0.2196    
2025-11-26 15:36:32,511       - DOGEUSDT | Size: 525        | Entry: 0.15235   
2025-11-26 15:36:32,511       - ETHUSDT  | Size: 0.02       | Entry: 2961.84   
2025-11-26 15:36:32,511       - HBARUSDT | Size: 542        | Entry: 0.1475222878228782287822878229
2025-11-26 15:36:32,511       - LINKUSDT | Size: 6          | Entry: 13.004    
2025-11-26 15:36:32,511       - SOLUSDT  | Size: 0.5        | Entry: 137.302   
2025-11-26 15:36:32,511       - XRPUSDT  | Size: 35         | Entry: 2.233     
2025-11-26 15:36:32,511    ➡️ revers_short: 7 positions | Candles: 11
2025-11-26 15:36:32,511       - AVAXUSDT | Size: 5.9        | Entry: 13.511    
2025-11-26 15:36:32,511       - BGBUSDT  | Size: 22         | Entry: 3.493     
2025-11-26 15:36:32,511       - BNBUSDT  | Size: 0.09       | Entry: 844.23    
2025-11-26 15:36:32,511       - BTCUSDT  | Size: 0.0009     | Entry: 86724.9   
2025-11-26 15:36:32,511       - HBARUSDT | Size: 561        | Entry: 0.14262   
2025-11-26 15:36:32,511       - LTCUSDT  | Size: 0.9        | Entry: 84.19     
2025-11-26 15:36:32,511       - XRPUSDT  | Size: 38         | Entry: 2.0984    
2025-11-26 15:36:32,511    ➡️ parity_short: 18 positions | Candles: 11
2025-11-26 15:36:32,511       - ADAUSDT  | Size: 192        | Entry: 0.4149    
2025-11-26 15:36:32,511       - APTUSDT  | Size: 35.137     | Entry: 2.2774    
2025-11-26 15:36:32,511       - ARBUSDT  | Size: 384.61     | Entry: 0.2079    
2025-11-26 15:36:32,511       - AVAXUSDT | Size: 5.8        | Entry: 13.574    
2025-11-26 15:36:32,511       - BGBUSDT  | Size: 22         | Entry: 3.497     
2025-11-26 15:36:32,511       - BNBUSDT  | Size: 0.09       | Entry: 849.13    
2025-11-26 15:36:32,511       - DOGEUSDT | Size: 541        | Entry: 0.14775   
2025-11-26 15:36:32,511       - ETHUSDT  | Size: 0.02       | Entry: 2859.94   
2025-11-26 15:36:32,511       - HBARUSDT | Size: 557        | Entry: 0.14349   
2025-11-26 15:36:32,511       - LINKUSDT | Size: 6          | Entry: 12.685    
2025-11-26 15:36:32,511       - LTCUSDT  | Size: 0.9        | Entry: 84.59     
2025-11-26 15:36:32,511       - ONDOUSDT | Size: 166.1      | Entry: 0.4815    
2025-11-26 15:36:32,511       - PENGUUSDT | Size: 7593       | Entry: 0.010528  
2025-11-26 15:36:32,511       - SEIUSDT  | Size: 596        | Entry: 0.13395   
2025-11-26 15:36:32,511       - SOLUSDT  | Size: 0.6        | Entry: 132.404   
2025-11-26 15:36:32,511       - WIFUSDT  | Size: 228        | Entry: 0.3508    
2025-11-26 15:36:32,511       - WLDUSDT  | Size: 129        | Entry: 0.6185    
2025-11-26 15:36:32,511       - XRPUSDT  | Size: 38         | Entry: 2.1024    
2025-11-26 15:36:36,497 ➡ Strategy double_top_long: 32 symbols
2025-11-26 15:36:36,500 ➡ Strategy revers_long: 32 symbols
2025-11-26 15:36:36,502 ➡ Strategy parity_long: 32 symbols
2025-11-26 15:36:36,505 ➡ Strategy revers_short: 32 symbols
2025-11-26 15:36:36,507 ➡ Strategy parity_short: 32 symbols
2025-11-26 15:36:36,507 ✅ Initialization completed

2025-11-26 15:36:36,507 ============================================================
2025-11-26 15:37:06,512 
------------------------------------------------------------
2025-11-26 15:37:06,512 🔷 Checking TP/SL - 2025-11-26 14:37:06
2025-11-26 15:37:06,512 ------------------------------------------------------------
2025-11-26 15:37:06,512 🔹Strategy double_top_long : 1 open positions
2025-11-26 15:37:07,098 🔹Strategy revers_long     : 7 open positions
2025-11-26 15:37:10,170 🔹Strategy parity_long     : 8 open positions
2025-11-26 15:37:13,340 🔹Strategy revers_short    : 7 open positions
2025-11-26 15:37:16,112 🔹Strategy parity_short    : 18 open positions
2025-11-26 15:37:36,696 
------------------------------------------------------------
2025-11-26 15:37:36,696 🔷 Checking TP/SL - 2025-11-26 14:37:36
2025-11-26 15:37:36,696 ------------------------------------------------------------
2025-11-26 15:37:36,696 🔹Strategy double_top_long : 1 open positions
2025-11-26 15:37:37,170 🔹Strategy revers_long     : 7 open positions
2025-11-26 15:37:40,439 🔹Strategy parity_long     : 8 open positions
2025-11-26 15:37:43,730 🔹Strategy revers_short    : 7 open positions
2025-11-26 15:37:46,778 🔹Strategy parity_short    : 18 open positions
2025-11-26 15:38:07,453 
------------------------------------------------------------
2025-11-26 15:38:07,453 🔷 Checking TP/SL - 2025-11-26 14:38:07
2025-11-26 15:38:07,453 ------------------------------------------------------------
2025-11-26 15:38:07,454 🔹Strategy double_top_long : 1 open positions
2025-11-26 15:38:07,948 🔹Strategy revers_long     : 7 open positions
2025-11-26 15:38:11,215 🔹Strategy parity_long     : 8 open positions
2025-11-26 15:38:14,590 🔹Strategy revers_short    : 7 open positions
2025-11-26 15:38:17,356 🔹Strategy parity_short    : 18 open positions
2025-11-26 15:38:37,703 
------------------------------------------------------------
2025-11-26 15:38:37,703 🔷 Checking TP/SL - 2025-11-26 14:38:37
2025-11-26 15:38:37,703 ------------------------------------------------------------
2025-11-26 15:38:37,703 🔹Strategy double_top_long : 1 open positions
2025-11-26 15:38:38,007 🔹Strategy revers_long     : 7 open positions
2025-11-26 15:38:40,571 🔹Strategy parity_long     : 8 open positions
2025-11-26 15:38:44,247 🔹Strategy revers_short    : 7 open positions
2025-11-26 15:38:47,315 🔹Strategy parity_short    : 18 open positions
2025-11-26 15:39:07,888 
------------------------------------------------------------
2025-11-26 15:39:07,888 🔷 Checking TP/SL - 2025-11-26 14:39:07
2025-11-26 15:39:07,888 ------------------------------------------------------------
2025-11-26 15:39:07,888 🔹Strategy double_top_long : 1 open positions
2025-11-26 15:39:08,587 🔹Strategy revers_long     : 7 open positions
2025-11-26 15:39:11,757 🔹Strategy parity_long     : 8 open positions
2025-11-26 15:39:14,826 🔹Strategy revers_short    : 7 open positions
2025-11-26 15:39:17,895 🔹Strategy parity_short    : 18 open positions
2025-11-26 15:39:38,465 
------------------------------------------------------------
2025-11-26 15:39:38,466 🔷 Checking TP/SL - 2025-11-26 14:39:38
2025-11-26 15:39:38,466 ------------------------------------------------------------
2025-11-26 15:39:38,466 🔹Strategy double_top_long : 1 open positions
2025-11-26 15:39:38,800 🔹Strategy revers_long     : 7 open positions
2025-11-26 15:39:41,441 🔹Strategy parity_long     : 8 open positions
2025-11-26 15:39:44,892 🔹Strategy revers_short    : 7 open positions
2025-11-26 15:39:48,081 🔹Strategy parity_short    : 18 open positions
2025-11-26 15:40:09,226 
------------------------------------------------------------
2025-11-26 15:40:09,226 🔷 Checking TP/SL - 2025-11-26 14:40:09
2025-11-26 15:40:09,226 ------------------------------------------------------------
2025-11-26 15:40:09,226 🔹Strategy double_top_long : 1 open positions
2025-11-26 15:40:09,638 🔹Strategy revers_long     : 7 open positions
2025-11-26 15:40:12,399 🔹Strategy parity_long     : 8 open positions
2025-11-26 15:40:15,673 🔹Strategy revers_short    : 7 open positions
2025-11-26 15:40:18,541 🔹Strategy parity_short    : 18 open positions
2025-11-26 15:40:40,009 
------------------------------------------------------------
2025-11-26 15:40:40,009 🔷 Checking TP/SL - 2025-11-26 14:40:40
2025-11-26 15:40:40,009 ------------------------------------------------------------
2025-11-26 15:40:40,009 🔹Strategy double_top_long : 1 open positions
2025-11-26 15:40:40,422 🔹Strategy revers_long     : 7 open positions
2025-11-26 15:40:43,384 🔹Strategy parity_long     : 8 open positions
2025-11-26 15:40:47,677 🔹Strategy revers_short    : 7 open positions
2025-11-26 15:40:50,438 🔹Strategy parity_short    : 18 open positions
2025-11-26 15:40:50,646 
🔚 Interrupted by user.
2025-11-26 15:40:50,647 💾 Saving state...
2025-11-26 15:40:50,647 ⛔ BOT Stopped
2025-11-26 15:41:03,238 
🚀 === Starting multi-strategy bot... ===
2025-11-26 15:41:03,239 ✅  State loaded: 41 positions recovered
2025-11-26 15:41:03,239    ➡️ double_top_long: 1 positions | Candles: 11
2025-11-26 15:41:03,239       - NEARUSDT | Size: 41         | Entry: 1.9253    
2025-11-26 15:41:03,239    ➡️ revers_long: 7 positions | Candles: 10
2025-11-26 15:41:03,239       - ARBUSDT  | Size: 364.46     | Entry: 0.2195    
2025-11-26 15:41:03,239       - DOGEUSDT | Size: 524        | Entry: 0.15249   
2025-11-26 15:41:03,239       - ETHUSDT  | Size: 0.02       | Entry: 2960.58   
2025-11-26 15:41:03,239       - HBARUSDT | Size: 541        | Entry: 0.14762   
2025-11-26 15:41:03,239       - LINKUSDT | Size: 6          | Entry: 13.002    
2025-11-26 15:41:03,239       - SOLUSDT  | Size: 0.5        | Entry: 137.223   
2025-11-26 15:41:03,239       - XRPUSDT  | Size: 35         | Entry: 2.2348    
2025-11-26 15:41:03,239    ➡️ parity_long: 8 positions | Candles: 10
2025-11-26 15:41:03,239       - AAVEUSDT | Size: 0.4        | Entry: 177.48    
2025-11-26 15:41:03,239       - ARBUSDT  | Size: 364.29     | Entry: 0.2196    
2025-11-26 15:41:03,239       - DOGEUSDT | Size: 525        | Entry: 0.15235   
2025-11-26 15:41:03,239       - ETHUSDT  | Size: 0.02       | Entry: 2961.84   
2025-11-26 15:41:03,239       - HBARUSDT | Size: 542        | Entry: 0.1475222878228782287822878229
2025-11-26 15:41:03,239       - LINKUSDT | Size: 6          | Entry: 13.004    
2025-11-26 15:41:03,239       - SOLUSDT  | Size: 0.5        | Entry: 137.302   
2025-11-26 15:41:03,239       - XRPUSDT  | Size: 35         | Entry: 2.233     
2025-11-26 15:41:03,239    ➡️ revers_short: 7 positions | Candles: 11
2025-11-26 15:41:03,239       - AVAXUSDT | Size: 5.9        | Entry: 13.511    
2025-11-26 15:41:03,239       - BGBUSDT  | Size: 22         | Entry: 3.493     
2025-11-26 15:41:03,239       - BNBUSDT  | Size: 0.09       | Entry: 844.23    
2025-11-26 15:41:03,239       - BTCUSDT  | Size: 0.0009     | Entry: 86724.9   
2025-11-26 15:41:03,239       - HBARUSDT | Size: 561        | Entry: 0.14262   
2025-11-26 15:41:03,239       - LTCUSDT  | Size: 0.9        | Entry: 84.19     
2025-11-26 15:41:03,239       - XRPUSDT  | Size: 38         | Entry: 2.0984    
2025-11-26 15:41:03,239    ➡️ parity_short: 18 positions | Candles: 11
2025-11-26 15:41:03,239       - ADAUSDT  | Size: 192        | Entry: 0.4149    
2025-11-26 15:41:03,239       - APTUSDT  | Size: 35.137     | Entry: 2.2774    
2025-11-26 15:41:03,239       - ARBUSDT  | Size: 384.61     | Entry: 0.2079    
2025-11-26 15:41:03,239       - AVAXUSDT | Size: 5.8        | Entry: 13.574    
2025-11-26 15:41:03,239       - BGBUSDT  | Size: 22         | Entry: 3.497     
2025-11-26 15:41:03,239       - BNBUSDT  | Size: 0.09       | Entry: 849.13    
2025-11-26 15:41:03,239       - DOGEUSDT | Size: 541        | Entry: 0.14775   
2025-11-26 15:41:03,239       - ETHUSDT  | Size: 0.02       | Entry: 2859.94   
2025-11-26 15:41:03,239       - HBARUSDT | Size: 557        | Entry: 0.14349   
2025-11-26 15:41:03,239       - LINKUSDT | Size: 6          | Entry: 12.685    
2025-11-26 15:41:03,239       - LTCUSDT  | Size: 0.9        | Entry: 84.59     
2025-11-26 15:41:03,239       - ONDOUSDT | Size: 166.1      | Entry: 0.4815    
2025-11-26 15:41:03,239       - PENGUUSDT | Size: 7593       | Entry: 0.010528  
2025-11-26 15:41:03,239       - SEIUSDT  | Size: 596        | Entry: 0.13395   
2025-11-26 15:41:03,239       - SOLUSDT  | Size: 0.6        | Entry: 132.404   
2025-11-26 15:41:03,239       - WIFUSDT  | Size: 228        | Entry: 0.3508    
2025-11-26 15:41:03,239       - WLDUSDT  | Size: 129        | Entry: 0.6185    
2025-11-26 15:41:03,239       - XRPUSDT  | Size: 38         | Entry: 2.1024    
2025-11-26 15:41:07,054 ➡ Strategy double_top_long: 32 symbols
2025-11-26 15:41:07,056 ➡ Strategy revers_long: 32 symbols
2025-11-26 15:41:07,059 ➡ Strategy parity_long: 32 symbols
2025-11-26 15:41:07,061 ➡ Strategy revers_short: 32 symbols
2025-11-26 15:41:07,064 ➡ Strategy parity_short: 32 symbols
2025-11-26 15:41:07,064 ✅ Initialization completed

2025-11-26 15:41:07,064 ============================================================
2025-11-26 15:41:37,068 
------------------------------------------------------------
2025-11-26 15:41:37,068 🔷 Checking TP/SL - 2025-11-26 14:41:37
2025-11-26 15:41:37,068 ------------------------------------------------------------
2025-11-26 15:41:37,068 🔹Strategy double_top_long : 1 open positions
2025-11-26 15:41:37,474 🔹Strategy revers_long     : 7 open positions
2025-11-26 15:41:40,540 🔹Strategy parity_long     : 8 open positions
2025-11-26 15:41:44,014 🔹Strategy revers_short    : 7 open positions
2025-11-26 15:41:46,775 🔹Strategy parity_short    : 18 open positions
2025-11-26 15:42:07,694 
------------------------------------------------------------
2025-11-26 15:42:07,694 🔷 Checking TP/SL - 2025-11-26 14:42:07
2025-11-26 15:42:07,694 ------------------------------------------------------------
2025-11-26 15:42:07,694 🔹Strategy double_top_long : 1 open positions
2025-11-26 15:42:09,578 🔹Strategy revers_long     : 7 open positions
2025-11-26 15:42:12,747 🔹Strategy parity_long     : 8 open positions
2025-11-26 15:42:16,119 🔹Strategy revers_short    : 7 open positions
2025-11-26 15:42:32,212 🔔 No price for BNBUSDT
2025-11-26 15:42:40,458 
🔚 Interrupted by user.
2025-11-26 15:42:40,461 💾 Saving state...
2025-11-26 15:42:40,461 ⛔ BOT Stopped
2025-11-26 15:42:58,362 
🚀 === Starting multi-strategy bot... ===
2025-11-26 15:42:58,362 ✅  State loaded: 41 positions recovered
2025-11-26 15:42:58,362    ➡️ double_top_long: 1 positions | Candles: 11
2025-11-26 15:42:58,362       - NEARUSDT | Size: 41         | Entry: 1.9253    
2025-11-26 15:42:58,362    ➡️ revers_long: 7 positions | Candles: 10
2025-11-26 15:42:58,362       - ARBUSDT  | Size: 364.46     | Entry: 0.2195    
2025-11-26 15:42:58,362       - DOGEUSDT | Size: 524        | Entry: 0.15249   
2025-11-26 15:42:58,362       - ETHUSDT  | Size: 0.02       | Entry: 2960.58   
2025-11-26 15:42:58,362       - HBARUSDT | Size: 541        | Entry: 0.14762   
2025-11-26 15:42:58,362       - LINKUSDT | Size: 6          | Entry: 13.002    
2025-11-26 15:42:58,362       - SOLUSDT  | Size: 0.5        | Entry: 137.223   
2025-11-26 15:42:58,362       - XRPUSDT  | Size: 35         | Entry: 2.2348    
2025-11-26 15:42:58,362    ➡️ parity_long: 8 positions | Candles: 10
2025-11-26 15:42:58,362       - AAVEUSDT | Size: 0.4        | Entry: 177.48    
2025-11-26 15:42:58,362       - ARBUSDT  | Size: 364.29     | Entry: 0.2196    
2025-11-26 15:42:58,362       - DOGEUSDT | Size: 525        | Entry: 0.15235   
2025-11-26 15:42:58,362       - ETHUSDT  | Size: 0.02       | Entry: 2961.84   
2025-11-26 15:42:58,362       - HBARUSDT | Size: 542        | Entry: 0.1475222878228782287822878229
2025-11-26 15:42:58,362       - LINKUSDT | Size: 6          | Entry: 13.004    
2025-11-26 15:42:58,362       - SOLUSDT  | Size: 0.5        | Entry: 137.302   
2025-11-26 15:42:58,362       - XRPUSDT  | Size: 35         | Entry: 2.233     
2025-11-26 15:42:58,362    ➡️ revers_short: 7 positions | Candles: 11
2025-11-26 15:42:58,362       - AVAXUSDT | Size: 5.9        | Entry: 13.511    
2025-11-26 15:42:58,362       - BGBUSDT  | Size: 22         | Entry: 3.493     
2025-11-26 15:42:58,362       - BNBUSDT  | Size: 0.09       | Entry: 844.23    
2025-11-26 15:42:58,362       - BTCUSDT  | Size: 0.0009     | Entry: 86724.9   
2025-11-26 15:42:58,362       - HBARUSDT | Size: 561        | Entry: 0.14262   
2025-11-26 15:42:58,362       - LTCUSDT  | Size: 0.9        | Entry: 84.19     
2025-11-26 15:42:58,362       - XRPUSDT  | Size: 38         | Entry: 2.0984    
2025-11-26 15:42:58,362    ➡️ parity_short: 18 positions | Candles: 11
2025-11-26 15:42:58,362       - ADAUSDT  | Size: 192        | Entry: 0.4149    
2025-11-26 15:42:58,362       - APTUSDT  | Size: 35.137     | Entry: 2.2774    
2025-11-26 15:42:58,362       - ARBUSDT  | Size: 384.61     | Entry: 0.2079    
2025-11-26 15:42:58,362       - AVAXUSDT | Size: 5.8        | Entry: 13.574    
2025-11-26 15:42:58,362       - BGBUSDT  | Size: 22         | Entry: 3.497     
2025-11-26 15:42:58,362       - BNBUSDT  | Size: 0.09       | Entry: 849.13    
2025-11-26 15:42:58,363       - DOGEUSDT | Size: 541        | Entry: 0.14775   
2025-11-26 15:42:58,363       - ETHUSDT  | Size: 0.02       | Entry: 2859.94   
2025-11-26 15:42:58,363       - HBARUSDT | Size: 557        | Entry: 0.14349   
2025-11-26 15:42:58,363       - LINKUSDT | Size: 6          | Entry: 12.685    
2025-11-26 15:42:58,363       - LTCUSDT  | Size: 0.9        | Entry: 84.59     
2025-11-26 15:42:58,363       - ONDOUSDT | Size: 166.1      | Entry: 0.4815    
2025-11-26 15:42:58,363       - PENGUUSDT | Size: 7593       | Entry: 0.010528  
2025-11-26 15:42:58,363       - SEIUSDT  | Size: 596        | Entry: 0.13395   
2025-11-26 15:42:58,363       - SOLUSDT  | Size: 0.6        | Entry: 132.404   
2025-11-26 15:42:58,363       - WIFUSDT  | Size: 228        | Entry: 0.3508    
2025-11-26 15:42:58,363       - WLDUSDT  | Size: 129        | Entry: 0.6185    
2025-11-26 15:42:58,363       - XRPUSDT  | Size: 38         | Entry: 2.1024    
2025-11-26 15:43:05,057 ➡ Strategy double_top_long: 32 symbols
2025-11-26 15:43:05,059 ➡ Strategy revers_long: 32 symbols
2025-11-26 15:43:05,062 ➡ Strategy parity_long: 32 symbols
2025-11-26 15:43:05,064 ➡ Strategy revers_short: 32 symbols
2025-11-26 15:43:05,067 ➡ Strategy parity_short: 32 symbols
2025-11-26 15:43:05,067 ✅ Initialization completed

2025-11-26 15:43:05,067 ============================================================
2025-11-26 15:43:20,678 
🔚 Interrupted by user.
2025-11-26 15:43:20,679 💾 Saving state...
2025-11-26 15:43:20,679 ⛔ BOT Stopped
2025-11-26 15:43:25,408 
🚀 === Starting multi-strategy bot... ===
2025-11-26 15:43:25,408 ✅  State loaded: 41 positions recovered
2025-11-26 15:43:25,408    ➡️ double_top_long: 1 positions | Candles: 11
2025-11-26 15:43:25,408       - NEARUSDT | Size: 41         | Entry: 1.9253    
2025-11-26 15:43:25,408    ➡️ revers_long: 7 positions | Candles: 10
2025-11-26 15:43:25,408       - ARBUSDT  | Size: 364.46     | Entry: 0.2195    
2025-11-26 15:43:25,408       - DOGEUSDT | Size: 524        | Entry: 0.15249   
2025-11-26 15:43:25,408       - ETHUSDT  | Size: 0.02       | Entry: 2960.58   
2025-11-26 15:43:25,408       - HBARUSDT | Size: 541        | Entry: 0.14762   
2025-11-26 15:43:25,408       - LINKUSDT | Size: 6          | Entry: 13.002    
2025-11-26 15:43:25,408       - SOLUSDT  | Size: 0.5        | Entry: 137.223   
2025-11-26 15:43:25,408       - XRPUSDT  | Size: 35         | Entry: 2.2348    
2025-11-26 15:43:25,408    ➡️ parity_long: 8 positions | Candles: 10
2025-11-26 15:43:25,408       - AAVEUSDT | Size: 0.4        | Entry: 177.48    
2025-11-26 15:43:25,408       - ARBUSDT  | Size: 364.29     | Entry: 0.2196    
2025-11-26 15:43:25,408       - DOGEUSDT | Size: 525        | Entry: 0.15235   
2025-11-26 15:43:25,408       - ETHUSDT  | Size: 0.02       | Entry: 2961.84   
2025-11-26 15:43:25,408       - HBARUSDT | Size: 542        | Entry: 0.1475222878228782287822878229
2025-11-26 15:43:25,408       - LINKUSDT | Size: 6          | Entry: 13.004    
2025-11-26 15:43:25,408       - SOLUSDT  | Size: 0.5        | Entry: 137.302   
2025-11-26 15:43:25,408       - XRPUSDT  | Size: 35         | Entry: 2.233     
2025-11-26 15:43:25,408    ➡️ revers_short: 7 positions | Candles: 11
2025-11-26 15:43:25,408       - AVAXUSDT | Size: 5.9        | Entry: 13.511    
2025-11-26 15:43:25,408       - BGBUSDT  | Size: 22         | Entry: 3.493     
2025-11-26 15:43:25,408       - BNBUSDT  | Size: 0.09       | Entry: 844.23    
2025-11-26 15:43:25,408       - BTCUSDT  | Size: 0.0009     | Entry: 86724.9   
2025-11-26 15:43:25,408       - HBARUSDT | Size: 561        | Entry: 0.14262   
2025-11-26 15:43:25,408       - LTCUSDT  | Size: 0.9        | Entry: 84.19     
2025-11-26 15:43:25,408       - XRPUSDT  | Size: 38         | Entry: 2.0984    
2025-11-26 15:43:25,408    ➡️ parity_short: 18 positions | Candles: 11
2025-11-26 15:43:25,408       - ADAUSDT  | Size: 192        | Entry: 0.4149    
2025-11-26 15:43:25,408       - APTUSDT  | Size: 35.137     | Entry: 2.2774    
2025-11-26 15:43:25,408       - ARBUSDT  | Size: 384.61     | Entry: 0.2079    
2025-11-26 15:43:25,408       - AVAXUSDT | Size: 5.8        | Entry: 13.574    
2025-11-26 15:43:25,408       - BGBUSDT  | Size: 22         | Entry: 3.497     
2025-11-26 15:43:25,408       - BNBUSDT  | Size: 0.09       | Entry: 849.13    
2025-11-26 15:43:25,408       - DOGEUSDT | Size: 541        | Entry: 0.14775   
2025-11-26 15:43:25,408       - ETHUSDT  | Size: 0.02       | Entry: 2859.94   
2025-11-26 15:43:25,408       - HBARUSDT | Size: 557        | Entry: 0.14349   
2025-11-26 15:43:25,408       - LINKUSDT | Size: 6          | Entry: 12.685    
2025-11-26 15:43:25,408       - LTCUSDT  | Size: 0.9        | Entry: 84.59     
2025-11-26 15:43:25,408       - ONDOUSDT | Size: 166.1      | Entry: 0.4815    
2025-11-26 15:43:25,408       - PENGUUSDT | Size: 7593       | Entry: 0.010528  
2025-11-26 15:43:25,408       - SEIUSDT  | Size: 596        | Entry: 0.13395   
2025-11-26 15:43:25,408       - SOLUSDT  | Size: 0.6        | Entry: 132.404   
2025-11-26 15:43:25,408       - WIFUSDT  | Size: 228        | Entry: 0.3508    
2025-11-26 15:43:25,408       - WLDUSDT  | Size: 129        | Entry: 0.6185    
2025-11-26 15:43:25,408       - XRPUSDT  | Size: 38         | Entry: 2.1024    
2025-11-26 15:43:30,607 ➡ Strategy double_top_long: 32 symbols
2025-11-26 15:43:30,609 ➡ Strategy revers_long: 32 symbols
2025-11-26 15:43:30,612 ➡ Strategy parity_long: 32 symbols
2025-11-26 15:43:30,614 ➡ Strategy revers_short: 32 symbols
2025-11-26 15:43:30,617 ➡ Strategy parity_short: 32 symbols
2025-11-26 15:43:30,617 ✅ Initialization completed

2025-11-26 15:43:30,617 ============================================================
2025-11-26 15:44:00,621 
------------------------------------------------------------
2025-11-26 15:44:00,622 🔷 Checking TP/SL - 2025-11-26 14:44:00
2025-11-26 15:44:00,622 ------------------------------------------------------------
2025-11-26 15:44:00,622 🔹Strategy double_top_long : 1 open positions
2025-11-26 15:44:01,014 🔹Strategy revers_long     : 7 open positions
2025-11-26 15:44:04,107 🔹Strategy parity_long     : 8 open positions
2025-11-26 15:44:07,683 🔹Strategy revers_short    : 7 open positions
2025-11-26 15:44:10,644 🔹Strategy parity_short    : 18 open positions
2025-11-26 15:44:13,973 
🔚 Interrupted by user.
2025-11-26 15:44:13,974 💾 Saving state...
2025-11-26 15:44:13,974 ⛔ BOT Stopped
2025-11-26 15:44:15,631 
🚀 === Starting multi-strategy bot... ===
2025-11-26 15:44:15,631 ✅  State loaded: 41 positions recovered
2025-11-26 15:44:15,631    ➡️ double_top_long: 1 positions | Candles: 11
2025-11-26 15:44:15,631       - NEARUSDT | Size: 41         | Entry: 1.9253    
2025-11-26 15:44:15,631    ➡️ revers_long: 7 positions | Candles: 10
2025-11-26 15:44:15,631       - ARBUSDT  | Size: 364.46     | Entry: 0.2195    
2025-11-26 15:44:15,631       - DOGEUSDT | Size: 524        | Entry: 0.15249   
2025-11-26 15:44:15,631       - ETHUSDT  | Size: 0.02       | Entry: 2960.58   
2025-11-26 15:44:15,631       - HBARUSDT | Size: 541        | Entry: 0.14762   
2025-11-26 15:44:15,631       - LINKUSDT | Size: 6          | Entry: 13.002    
2025-11-26 15:44:15,631       - SOLUSDT  | Size: 0.5        | Entry: 137.223   
2025-11-26 15:44:15,631       - XRPUSDT  | Size: 35         | Entry: 2.2348    
2025-11-26 15:44:15,631    ➡️ parity_long: 8 positions | Candles: 10
2025-11-26 15:44:15,631       - AAVEUSDT | Size: 0.4        | Entry: 177.48    
2025-11-26 15:44:15,631       - ARBUSDT  | Size: 364.29     | Entry: 0.2196    
2025-11-26 15:44:15,631       - DOGEUSDT | Size: 525        | Entry: 0.15235   
2025-11-26 15:44:15,631       - ETHUSDT  | Size: 0.02       | Entry: 2961.84   
2025-11-26 15:44:15,631       - HBARUSDT | Size: 542        | Entry: 0.1475222878228782287822878229
2025-11-26 15:44:15,631       - LINKUSDT | Size: 6          | Entry: 13.004    
2025-11-26 15:44:15,631       - SOLUSDT  | Size: 0.5        | Entry: 137.302   
2025-11-26 15:44:15,631       - XRPUSDT  | Size: 35         | Entry: 2.233     
2025-11-26 15:44:15,631    ➡️ revers_short: 7 positions | Candles: 11
2025-11-26 15:44:15,631       - AVAXUSDT | Size: 5.9        | Entry: 13.511    
2025-11-26 15:44:15,631       - BGBUSDT  | Size: 22         | Entry: 3.493     
2025-11-26 15:44:15,631       - BNBUSDT  | Size: 0.09       | Entry: 844.23    
2025-11-26 15:44:15,631       - BTCUSDT  | Size: 0.0009     | Entry: 86724.9   
2025-11-26 15:44:15,631       - HBARUSDT | Size: 561        | Entry: 0.14262   
2025-11-26 15:44:15,631       - LTCUSDT  | Size: 0.9        | Entry: 84.19     
2025-11-26 15:44:15,631       - XRPUSDT  | Size: 38         | Entry: 2.0984    
2025-11-26 15:44:15,631    ➡️ parity_short: 18 positions | Candles: 11
2025-11-26 15:44:15,631       - ADAUSDT  | Size: 192        | Entry: 0.4149    
2025-11-26 15:44:15,631       - APTUSDT  | Size: 35.137     | Entry: 2.2774    
2025-11-26 15:44:15,631       - ARBUSDT  | Size: 384.61     | Entry: 0.2079    
2025-11-26 15:44:15,631       - AVAXUSDT | Size: 5.8        | Entry: 13.574    
2025-11-26 15:44:15,631       - BGBUSDT  | Size: 22         | Entry: 3.497     
2025-11-26 15:44:15,631       - BNBUSDT  | Size: 0.09       | Entry: 849.13    
2025-11-26 15:44:15,631       - DOGEUSDT | Size: 541        | Entry: 0.14775   
2025-11-26 15:44:15,631       - ETHUSDT  | Size: 0.02       | Entry: 2859.94   
2025-11-26 15:44:15,631       - HBARUSDT | Size: 557        | Entry: 0.14349   
2025-11-26 15:44:15,631       - LINKUSDT | Size: 6          | Entry: 12.685    
2025-11-26 15:44:15,631       - LTCUSDT  | Size: 0.9        | Entry: 84.59     
2025-11-26 15:44:15,631       - ONDOUSDT | Size: 166.1      | Entry: 0.4815    
2025-11-26 15:44:15,631       - PENGUUSDT | Size: 7593       | Entry: 0.010528  
2025-11-26 15:44:15,631       - SEIUSDT  | Size: 596        | Entry: 0.13395   
2025-11-26 15:44:15,631       - SOLUSDT  | Size: 0.6        | Entry: 132.404   
2025-11-26 15:44:15,631       - WIFUSDT  | Size: 228        | Entry: 0.3508    
2025-11-26 15:44:15,631       - WLDUSDT  | Size: 129        | Entry: 0.6185    
2025-11-26 15:44:15,631       - XRPUSDT  | Size: 38         | Entry: 2.1024    
2025-11-26 15:44:19,903 🔹 Strategy double_top_long: 32 symbols
2025-11-26 15:44:19,906 🔹 Strategy revers_long: 32 symbols
2025-11-26 15:44:19,909 🔹 Strategy parity_long: 32 symbols
2025-11-26 15:44:19,911 🔹 Strategy revers_short: 32 symbols
2025-11-26 15:44:19,914 🔹 Strategy parity_short: 32 symbols
2025-11-26 15:44:19,914 ✅ Initialization completed

2025-11-26 15:44:19,914 ============================================================
2025-11-26 15:44:49,918 
------------------------------------------------------------
2025-11-26 15:44:49,918 🔷 Checking TP/SL - 2025-11-26 14:44:49
2025-11-26 15:44:49,918 ------------------------------------------------------------
2025-11-26 15:44:49,918 🔹Strategy double_top_long : 1 open positions
2025-11-26 15:44:50,328 🔹Strategy revers_long     : 7 open positions
2025-11-26 15:44:53,294 🔹Strategy parity_long     : 8 open positions
2025-11-26 15:44:56,361 🔹Strategy revers_short    : 7 open positions
2025-11-26 15:44:59,224 🔹Strategy parity_short    : 18 open positions
2025-11-26 15:45:20,304 
------------------------------------------------------------
2025-11-26 15:45:20,304 🔷 Checking TP/SL - 2025-11-26 14:45:20
2025-11-26 15:45:20,304 ------------------------------------------------------------
2025-11-26 15:45:20,304 🔹Strategy double_top_long : 1 open positions
2025-11-26 15:45:20,701 🔹Strategy revers_long     : 7 open positions
2025-11-26 15:45:23,564 🔹Strategy parity_long     : 8 open positions
2025-11-26 15:45:26,914 🔹Strategy revers_short    : 7 open positions
2025-11-26 15:45:29,494 🔹Strategy parity_short    : 18 open positions
2025-11-26 15:45:50,585 
------------------------------------------------------------
2025-11-26 15:45:50,585 🔷 Checking TP/SL - 2025-11-26 14:45:50
2025-11-26 15:45:50,585 ------------------------------------------------------------
2025-11-26 15:45:50,585 🔹Strategy double_top_long : 1 open positions
2025-11-26 15:45:50,972 🔹Strategy revers_long     : 7 open positions
2025-11-26 15:45:54,030 🔹Strategy parity_long     : 8 open positions
2025-11-26 15:45:57,612 🔹Strategy revers_short    : 7 open positions
2025-11-26 15:46:00,575 🔹Strategy parity_short    : 18 open positions
2025-11-26 15:46:21,147 
------------------------------------------------------------
2025-11-26 15:46:21,147 🔷 Checking TP/SL - 2025-11-26 14:46:21
2025-11-26 15:46:21,147 ------------------------------------------------------------
2025-11-26 15:46:21,147 🔹Strategy double_top_long : 1 open positions
2025-11-26 15:46:21,537 🔹Strategy revers_long     : 7 open positions
2025-11-26 15:46:23,902 🔹Strategy parity_long     : 8 open positions
2025-11-26 15:46:26,857 🔹Strategy revers_short    : 7 open positions
2025-11-26 15:46:29,412 🔹Strategy parity_short    : 18 open positions
2025-11-26 15:46:52,087 
------------------------------------------------------------
2025-11-26 15:46:52,087 🔷 Checking TP/SL - 2025-11-26 14:46:52
2025-11-26 15:46:52,087 ------------------------------------------------------------
2025-11-26 15:46:52,087 🔹Strategy double_top_long : 1 open positions
2025-11-26 15:46:52,466 🔹Strategy revers_long     : 7 open positions
2025-11-26 15:46:55,185 🔹Strategy parity_long     : 8 open positions
2025-11-26 15:46:58,455 🔹Strategy revers_short    : 7 open positions
2025-11-26 15:47:01,527 🔹Strategy parity_short    : 18 open positions
2025-11-26 15:47:22,817 
------------------------------------------------------------
2025-11-26 15:47:22,817 🔷 Checking TP/SL - 2025-11-26 14:47:22
2025-11-26 15:47:22,817 ------------------------------------------------------------
2025-11-26 15:47:22,817 🔹Strategy double_top_long : 1 open positions
2025-11-26 15:47:23,209 🔹Strategy revers_long     : 7 open positions
2025-11-26 15:47:25,965 🔹Strategy parity_long     : 8 open positions
2025-11-26 15:47:28,930 🔹Strategy revers_short    : 7 open positions
2025-11-26 15:47:31,895 🔹Strategy parity_short    : 18 open positions
2025-11-26 15:47:53,167 
------------------------------------------------------------
2025-11-26 15:47:53,167 🔷 Checking TP/SL - 2025-11-26 14:47:53
2025-11-26 15:47:53,167 ------------------------------------------------------------
2025-11-26 15:47:53,167 🔹Strategy double_top_long : 1 open positions
2025-11-26 15:47:53,552 🔹Strategy revers_long     : 7 open positions
2025-11-26 15:47:56,032 🔹Strategy parity_long     : 8 open positions
2025-11-26 15:47:59,099 🔹Strategy revers_short    : 7 open positions
2025-11-26 15:48:01,859 🔹Strategy parity_short    : 18 open positions
2025-11-26 15:48:23,900 
------------------------------------------------------------
2025-11-26 15:48:23,900 🔷 Checking TP/SL - 2025-11-26 14:48:23
2025-11-26 15:48:23,900 ------------------------------------------------------------
2025-11-26 15:48:23,900 🔹Strategy double_top_long : 1 open positions
2025-11-26 15:48:24,362 🔹Strategy revers_long     : 7 open positions
2025-11-26 15:48:27,429 🔹Strategy parity_long     : 8 open positions
2025-11-26 15:48:30,805 🔹Strategy revers_short    : 7 open positions
2025-11-26 15:48:33,566 🔹Strategy parity_short    : 18 open positions
2025-11-26 15:48:54,031 
------------------------------------------------------------
2025-11-26 15:48:54,031 🔷 Checking TP/SL - 2025-11-26 14:48:54
2025-11-26 15:48:54,031 ------------------------------------------------------------
2025-11-26 15:48:54,031 🔹Strategy double_top_long : 1 open positions
2025-11-26 15:48:54,333 🔹Strategy revers_long     : 7 open positions
2025-11-26 15:48:57,212 🔹Strategy parity_long     : 8 open positions
2025-11-26 15:49:00,558 🔹Strategy revers_short    : 7 open positions
2025-11-26 15:49:03,627 🔹Strategy parity_short    : 18 open positions
2025-11-26 15:49:24,894 
------------------------------------------------------------
2025-11-26 15:49:24,894 🔷 Checking TP/SL - 2025-11-26 14:49:24
2025-11-26 15:49:24,894 ------------------------------------------------------------
2025-11-26 15:49:24,894 🔹Strategy double_top_long : 1 open positions
2025-11-26 15:49:25,308 🔹Strategy revers_long     : 7 open positions
2025-11-26 15:49:28,068 🔹Strategy parity_long     : 8 open positions
2025-11-26 15:49:31,034 🔹Strategy revers_short    : 7 open positions
2025-11-26 15:49:33,693 🔹Strategy parity_short    : 18 open positions
2025-11-26 15:49:55,162 
------------------------------------------------------------
2025-11-26 15:49:55,162 🔷 Checking TP/SL - 2025-11-26 14:49:55
2025-11-26 15:49:55,162 ------------------------------------------------------------
2025-11-26 15:49:55,162 🔹Strategy double_top_long : 1 open positions
2025-11-26 15:49:55,578 🔹Strategy revers_long     : 7 open positions
2025-11-26 15:49:58,646 🔹Strategy parity_long     : 8 open positions
2025-11-26 15:50:01,714 🔹Strategy revers_short    : 7 open positions
2025-11-26 15:50:04,372 🔹Strategy parity_short    : 18 open positions
2025-11-26 15:50:25,434 
------------------------------------------------------------
2025-11-26 15:50:25,434 🔷 Checking TP/SL - 2025-11-26 14:50:25
2025-11-26 15:50:25,434 ------------------------------------------------------------
2025-11-26 15:50:25,434 🔹Strategy double_top_long : 1 open positions
2025-11-26 15:50:25,755 🔹Strategy revers_long     : 7 open positions
2025-11-26 15:50:28,412 🔹Strategy parity_long     : 8 open positions
2025-11-26 15:50:31,456 🔹Strategy revers_short    : 7 open positions
2025-11-26 15:50:34,029 🔹Strategy parity_short    : 18 open positions
2025-11-26 15:50:55,700 
------------------------------------------------------------
2025-11-26 15:50:55,700 🔷 Checking TP/SL - 2025-11-26 14:50:55
2025-11-26 15:50:55,700 ------------------------------------------------------------
2025-11-26 15:50:55,700 🔹Strategy double_top_long : 1 open positions
2025-11-26 15:50:56,124 🔹Strategy revers_long     : 7 open positions
2025-11-26 15:50:58,777 🔹Strategy parity_long     : 8 open positions
2025-11-26 15:51:02,558 🔹Strategy revers_short    : 7 open positions
2025-11-26 15:51:05,421 🔹Strategy parity_short    : 18 open positions
2025-11-26 15:51:26,504 
------------------------------------------------------------
2025-11-26 15:51:26,504 🔷 Checking TP/SL - 2025-11-26 14:51:26
2025-11-26 15:51:26,504 ------------------------------------------------------------
2025-11-26 15:51:26,504 🔹Strategy double_top_long : 1 open positions
2025-11-26 15:51:26,897 🔹Strategy revers_long     : 7 open positions
2025-11-26 15:51:29,968 🔹Strategy parity_long     : 8 open positions
2025-11-26 15:51:33,135 🔹Strategy revers_short    : 7 open positions
2025-11-26 15:51:35,998 🔹Strategy parity_short    : 18 open positions
2025-11-26 15:51:57,413 
------------------------------------------------------------
2025-11-26 15:51:57,413 🔷 Checking TP/SL - 2025-11-26 14:51:57
2025-11-26 15:51:57,413 ------------------------------------------------------------
2025-11-26 15:51:57,413 🔹Strategy double_top_long : 1 open positions
2025-11-26 15:51:57,983 🔹Strategy revers_long     : 7 open positions
2025-11-26 15:52:00,949 🔹Strategy parity_long     : 8 open positions
2025-11-26 15:52:04,324 🔹Strategy revers_short    : 7 open positions
2025-11-26 15:52:07,289 🔹Strategy parity_short    : 18 open positions
2025-11-26 15:52:27,759 
------------------------------------------------------------
2025-11-26 15:52:27,759 🔷 Checking TP/SL - 2025-11-26 14:52:27
2025-11-26 15:52:27,759 ------------------------------------------------------------
2025-11-26 15:52:27,759 🔹Strategy double_top_long : 1 open positions
2025-11-26 15:52:28,150 🔹Strategy revers_long     : 7 open positions
2025-11-26 15:52:31,321 🔹Strategy parity_long     : 8 open positions
2025-11-26 15:52:34,491 🔹Strategy revers_short    : 7 open positions
2025-11-26 15:52:37,148 🔹Strategy parity_short    : 18 open positions
2025-11-26 15:52:58,518 
------------------------------------------------------------
2025-11-26 15:52:58,518 🔷 Checking TP/SL - 2025-11-26 14:52:58
2025-11-26 15:52:58,518 ------------------------------------------------------------
2025-11-26 15:52:58,518 🔹Strategy double_top_long : 1 open positions
2025-11-26 15:52:58,935 🔹Strategy revers_long     : 7 open positions
2025-11-26 15:53:01,917 🔹Strategy parity_long     : 8 open positions
2025-11-26 15:53:05,581 🔹Strategy revers_short    : 7 open positions
2025-11-26 15:53:08,343 🔹Strategy parity_short    : 18 open positions
2025-11-26 15:53:28,728 
------------------------------------------------------------
2025-11-26 15:53:28,728 🔷 Checking TP/SL - 2025-11-26 14:53:28
2025-11-26 15:53:28,729 ------------------------------------------------------------
2025-11-26 15:53:28,729 🔹Strategy double_top_long : 1 open positions
2025-11-26 15:53:29,060 🔹Strategy revers_long     : 7 open positions
2025-11-26 15:53:31,761 🔹Strategy parity_long     : 8 open positions
2025-11-26 15:53:35,136 🔹Strategy revers_short    : 7 open positions
2025-11-26 15:53:38,101 🔹Strategy parity_short    : 18 open positions
2025-11-26 15:53:59,471 
------------------------------------------------------------
2025-11-26 15:53:59,471 🔷 Checking TP/SL - 2025-11-26 14:53:59
2025-11-26 15:53:59,471 ------------------------------------------------------------
2025-11-26 15:53:59,471 🔹Strategy double_top_long : 1 open positions
2025-11-26 15:53:59,883 🔹Strategy revers_long     : 7 open positions
2025-11-26 15:54:02,745 🔹Strategy parity_long     : 8 open positions
2025-11-26 15:54:05,914 🔹Strategy revers_short    : 7 open positions
2025-11-26 15:54:08,783 🔹Strategy parity_short    : 18 open positions
2025-11-26 15:54:30,351 
------------------------------------------------------------
2025-11-26 15:54:30,351 🔷 Checking TP/SL - 2025-11-26 14:54:30
2025-11-26 15:54:30,351 ------------------------------------------------------------
2025-11-26 15:54:30,351 🔹Strategy double_top_long : 1 open positions
2025-11-26 15:54:30,668 🔹Strategy revers_long     : 7 open positions
2025-11-26 15:54:33,220 🔹Strategy parity_long     : 8 open positions
2025-11-26 15:54:36,493 🔹Strategy revers_short    : 7 open positions
2025-11-26 15:54:39,259 🔹Strategy parity_short    : 18 open positions
2025-11-26 15:55:00,934 
------------------------------------------------------------
2025-11-26 15:55:00,934 🔷 Checking TP/SL - 2025-11-26 14:55:00
2025-11-26 15:55:00,934 ------------------------------------------------------------
2025-11-26 15:55:00,934 🔹Strategy double_top_long : 1 open positions
2025-11-26 15:55:01,344 🔹Strategy revers_long     : 7 open positions
2025-11-26 15:55:04,402 🔹Strategy parity_long     : 8 open positions
2025-11-26 15:55:07,679 🔹Strategy revers_short    : 7 open positions
2025-11-26 15:55:10,488 🔹Strategy parity_short    : 18 open positions
2025-11-26 15:55:31,413 
------------------------------------------------------------
2025-11-26 15:55:31,413 🔷 Checking TP/SL - 2025-11-26 14:55:31
2025-11-26 15:55:31,413 ------------------------------------------------------------
2025-11-26 15:55:31,413 🔹Strategy double_top_long : 1 open positions
2025-11-26 15:55:31,918 🔹Strategy revers_long     : 7 open positions
2025-11-26 15:55:34,581 🔹Strategy parity_long     : 8 open positions
2025-11-26 15:55:37,648 🔹Strategy revers_short    : 7 open positions
2025-11-26 15:55:40,101 🔹Strategy parity_short    : 18 open positions
2025-11-26 15:56:02,143 
------------------------------------------------------------
2025-11-26 15:56:02,143 🔷 Checking TP/SL - 2025-11-26 14:56:02
2025-11-26 15:56:02,143 ------------------------------------------------------------
2025-11-26 15:56:02,143 🔹Strategy double_top_long : 1 open positions
2025-11-26 15:56:02,625 🔹Strategy revers_long     : 7 open positions
2025-11-26 15:56:05,462 🔹Strategy parity_long     : 8 open positions
2025-11-26 15:56:08,529 🔹Strategy revers_short    : 7 open positions
2025-11-26 15:56:10,931 🔹Strategy parity_short    : 18 open positions
2025-11-26 15:56:33,050 
------------------------------------------------------------
2025-11-26 15:56:33,050 🔷 Checking TP/SL - 2025-11-26 14:56:33
2025-11-26 15:56:33,050 ------------------------------------------------------------
2025-11-26 15:56:33,050 🔹Strategy double_top_long : 1 open positions
2025-11-26 15:56:33,360 🔹Strategy revers_long     : 7 open positions
2025-11-26 15:56:35,650 🔹Strategy parity_long     : 8 open positions
2025-11-26 15:56:38,903 🔹Strategy revers_short    : 7 open positions
2025-11-26 15:56:41,592 🔹Strategy parity_short    : 18 open positions
2025-11-26 15:57:03,525 
------------------------------------------------------------
2025-11-26 15:57:03,525 🔷 Checking TP/SL - 2025-11-26 14:57:03
2025-11-26 15:57:03,525 ------------------------------------------------------------
2025-11-26 15:57:03,525 🔹Strategy double_top_long : 1 open positions
2025-11-26 15:57:03,864 🔹Strategy revers_long     : 7 open positions
2025-11-26 15:57:06,311 🔹Strategy parity_long     : 8 open positions
2025-11-26 15:57:09,296 🔹Strategy revers_short    : 7 open positions
2025-11-26 15:57:11,759 🔹Strategy parity_short    : 18 open positions
2025-11-26 15:57:33,663 
------------------------------------------------------------
2025-11-26 15:57:33,663 🔷 Checking TP/SL - 2025-11-26 14:57:33
2025-11-26 15:57:33,663 ------------------------------------------------------------
2025-11-26 15:57:33,663 🔹Strategy double_top_long : 1 open positions
2025-11-26 15:57:33,955 🔹Strategy revers_long     : 7 open positions
2025-11-26 15:57:36,224 🔹Strategy parity_long     : 8 open positions
2025-11-26 15:57:39,035 🔹Strategy revers_short    : 7 open positions
2025-11-26 15:57:41,700 🔹Strategy parity_short    : 18 open positions
2025-11-26 15:58:04,202 
------------------------------------------------------------
2025-11-26 15:58:04,202 🔷 Checking TP/SL - 2025-11-26 14:58:04
2025-11-26 15:58:04,202 ------------------------------------------------------------
2025-11-26 15:58:04,202 🔹Strategy double_top_long : 1 open positions
2025-11-26 15:58:04,512 🔹Strategy revers_long     : 7 open positions
2025-11-26 15:58:07,263 🔹Strategy parity_long     : 8 open positions
2025-11-26 15:58:10,634 🔹Strategy revers_short    : 7 open positions
2025-11-26 15:58:13,605 🔹Strategy parity_short    : 18 open positions
2025-11-26 15:58:34,660 
------------------------------------------------------------
2025-11-26 15:58:34,660 🔷 Checking TP/SL - 2025-11-26 14:58:34
2025-11-26 15:58:34,660 ------------------------------------------------------------
2025-11-26 15:58:34,660 🔹Strategy double_top_long : 1 open positions
2025-11-26 15:58:35,072 🔹Strategy revers_long     : 7 open positions
2025-11-26 15:58:37,566 🔹Strategy parity_long     : 8 open positions
2025-11-26 15:58:40,345 🔹Strategy revers_short    : 7 open positions
2025-11-26 15:58:43,155 🔹Strategy parity_short    : 18 open positions
2025-11-26 15:59:05,521 
------------------------------------------------------------
2025-11-26 15:59:05,521 🔷 Checking TP/SL - 2025-11-26 14:59:05
2025-11-26 15:59:05,521 ------------------------------------------------------------
2025-11-26 15:59:05,521 🔹Strategy double_top_long : 1 open positions
2025-11-26 15:59:06,065 🔹Strategy revers_long     : 7 open positions
2025-11-26 15:59:08,523 🔹Strategy parity_long     : 8 open positions
2025-11-26 15:59:11,450 🔹Strategy revers_short    : 7 open positions
2025-11-26 15:59:13,776 🔹Strategy parity_short    : 18 open positions
2025-11-26 15:59:36,465 
------------------------------------------------------------
2025-11-26 15:59:36,465 🔷 Checking TP/SL - 2025-11-26 14:59:36
2025-11-26 15:59:36,465 ------------------------------------------------------------
2025-11-26 15:59:36,465 🔹Strategy double_top_long : 1 open positions
2025-11-26 15:59:36,789 🔹Strategy revers_long     : 7 open positions
2025-11-26 15:59:39,239 🔹Strategy parity_long     : 8 open positions
2025-11-26 15:59:42,370 🔹Strategy revers_short    : 7 open positions
2025-11-26 15:59:45,542 🔹Strategy parity_short    : 18 open positions
2025-11-26 16:00:06,910 
------------------------------------------------------------
2025-11-26 16:00:06,910 🔷 Checking TP/SL - 2025-11-26 15:00:06
2025-11-26 16:00:06,910 ------------------------------------------------------------
2025-11-26 16:00:06,910 🔹Strategy double_top_long : 1 open positions
2025-11-26 16:00:07,230 🔹Strategy revers_long     : 7 open positions
2025-11-26 16:00:10,085 🔹Strategy parity_long     : 8 open positions
2025-11-26 16:00:13,149 🔹Strategy revers_short    : 7 open positions
2025-11-26 16:00:16,217 🔹Strategy parity_short    : 18 open positions
2025-11-26 16:00:37,581 
------------------------------------------------------------
2025-11-26 16:00:37,581 🔷 Checking TP/SL - 2025-11-26 15:00:37
2025-11-26 16:00:37,581 ------------------------------------------------------------
2025-11-26 16:00:37,581 🔹Strategy double_top_long : 1 open positions
2025-11-26 16:00:38,002 🔹Strategy revers_long     : 7 open positions
2025-11-26 16:00:40,661 🔹Strategy parity_long     : 8 open positions
2025-11-26 16:00:43,620 🔹Strategy revers_short    : 7 open positions
2025-11-26 16:00:46,585 🔹Strategy parity_short    : 18 open positions
2025-11-26 16:01:07,754 
------------------------------------------------------------
2025-11-26 16:01:07,754 🔷 Checking TP/SL - 2025-11-26 15:01:07
2025-11-26 16:01:07,754 ------------------------------------------------------------
2025-11-26 16:01:07,754 🔹Strategy double_top_long : 1 open positions
2025-11-26 16:01:08,472 🔹Strategy revers_long     : 7 open positions
2025-11-26 16:01:11,437 🔹Strategy parity_long     : 8 open positions
2025-11-26 16:01:15,017 🔹Strategy revers_short    : 7 open positions
2025-11-26 16:01:17,512 🔹Strategy parity_short    : 18 open positions
2025-11-26 16:01:38,066 
------------------------------------------------------------
2025-11-26 16:01:38,066 🔷 Checking TP/SL - 2025-11-26 15:01:38
2025-11-26 16:01:38,066 ------------------------------------------------------------
2025-11-26 16:01:38,066 🔹Strategy double_top_long : 1 open positions
2025-11-26 16:01:38,436 🔹Strategy revers_long     : 7 open positions
2025-11-26 16:01:41,710 🔹Strategy parity_long     : 8 open positions
2025-11-26 16:01:45,392 🔹Strategy revers_short    : 7 open positions
2025-11-26 16:01:47,947 🔹Strategy parity_short    : 18 open positions
2025-11-26 16:02:08,500 
------------------------------------------------------------
2025-11-26 16:02:08,500 🔷 Checking TP/SL - 2025-11-26 15:02:08
2025-11-26 16:02:08,500 ------------------------------------------------------------
2025-11-26 16:02:08,500 🔹Strategy double_top_long : 1 open positions
2025-11-26 16:02:08,912 🔹Strategy revers_long     : 7 open positions
2025-11-26 16:02:11,880 🔹Strategy parity_long     : 8 open positions
2025-11-26 16:02:15,049 🔹Strategy revers_short    : 7 open positions
2025-11-26 16:02:18,322 🔹Strategy parity_short    : 18 open positions
2025-11-26 16:02:38,992 
------------------------------------------------------------
2025-11-26 16:02:38,992 🔷 Checking TP/SL - 2025-11-26 15:02:38
2025-11-26 16:02:38,992 ------------------------------------------------------------
2025-11-26 16:02:38,992 🔹Strategy double_top_long : 1 open positions
2025-11-26 16:02:39,388 🔹Strategy revers_long     : 7 open positions
2025-11-26 16:02:42,657 🔹Strategy parity_long     : 8 open positions
2025-11-26 16:02:46,031 🔹Strategy revers_short    : 7 open positions
2025-11-26 16:02:48,997 🔹Strategy parity_short    : 18 open positions
2025-11-26 16:03:09,057 
------------------------------------------------------------
2025-11-26 16:03:09,057 🔷 Checking TP/SL - 2025-11-26 15:03:09
2025-11-26 16:03:09,057 ------------------------------------------------------------
2025-11-26 16:03:09,057 🔹Strategy double_top_long : 1 open positions
2025-11-26 16:03:09,551 🔹Strategy revers_long     : 7 open positions
2025-11-26 16:03:12,824 🔹Strategy parity_long     : 8 open positions
2025-11-26 16:03:16,611 🔹Strategy revers_short    : 7 open positions
2025-11-26 16:03:19,575 🔹Strategy parity_short    : 18 open positions
2025-11-26 16:03:39,638 
------------------------------------------------------------
2025-11-26 16:03:39,638 🔷 Checking TP/SL - 2025-11-26 15:03:39
2025-11-26 16:03:39,638 ------------------------------------------------------------
2025-11-26 16:03:39,638 🔹Strategy double_top_long : 1 open positions
2025-11-26 16:03:40,133 🔹Strategy revers_long     : 7 open positions
2025-11-26 16:03:42,960 🔹Strategy parity_long     : 8 open positions
2025-11-26 16:03:46,579 🔹Strategy revers_short    : 7 open positions
2025-11-26 16:03:49,437 🔹Strategy parity_short    : 18 open positions
2025-11-26 16:04:09,928 
------------------------------------------------------------
2025-11-26 16:04:09,928 🔷 Checking TP/SL - 2025-11-26 15:04:09
2025-11-26 16:04:09,928 ------------------------------------------------------------
2025-11-26 16:04:09,928 🔹Strategy double_top_long : 1 open positions
2025-11-26 16:04:10,401 🔹Strategy revers_long     : 7 open positions
2025-11-26 16:04:13,162 🔹Strategy parity_long     : 8 open positions
2025-11-26 16:04:16,743 🔹Strategy revers_short    : 7 open positions
2025-11-26 16:04:19,403 🔹Strategy parity_short    : 18 open positions
2025-11-26 16:04:40,874 
------------------------------------------------------------
2025-11-26 16:04:40,875 🔷 Checking TP/SL - 2025-11-26 15:04:40
2025-11-26 16:04:40,875 ------------------------------------------------------------
2025-11-26 16:04:40,875 🔹Strategy double_top_long : 1 open positions
2025-11-26 16:04:41,490 🔹Strategy revers_long     : 7 open positions
2025-11-26 16:04:44,047 🔹Strategy parity_long     : 8 open positions
2025-11-26 16:04:47,521 🔹Strategy revers_short    : 7 open positions
2025-11-26 16:04:50,390 🔹Strategy parity_short    : 18 open positions
2025-11-26 16:05:11,649 
------------------------------------------------------------
2025-11-26 16:05:11,650 🔷 Checking TP/SL - 2025-11-26 15:05:11
2025-11-26 16:05:11,650 ------------------------------------------------------------
2025-11-26 16:05:11,650 🔹Strategy double_top_long : 1 open positions
2025-11-26 16:05:12,066 🔹Strategy revers_long     : 7 open positions
2025-11-26 16:05:15,134 🔹Strategy parity_long     : 8 open positions
2025-11-26 16:05:18,307 🔹Strategy revers_short    : 7 open positions
2025-11-26 16:05:21,373 🔹Strategy parity_short    : 18 open positions
2025-11-26 16:05:41,667 
------------------------------------------------------------
2025-11-26 16:05:41,668 🔷 Checking TP/SL - 2025-11-26 15:05:41
2025-11-26 16:05:41,668 ------------------------------------------------------------
2025-11-26 16:05:41,668 🔹Strategy double_top_long : 1 open positions
2025-11-26 16:05:42,030 🔹Strategy revers_long     : 7 open positions
2025-11-26 16:05:44,996 🔹Strategy parity_long     : 8 open positions
2025-11-26 16:05:48,373 🔹Strategy revers_short    : 7 open positions
2025-11-26 16:05:51,342 🔹Strategy parity_short    : 18 open positions
2025-11-26 16:06:12,494 
------------------------------------------------------------
2025-11-26 16:06:12,494 🔷 Checking TP/SL - 2025-11-26 15:06:12
2025-11-26 16:06:12,494 ------------------------------------------------------------
2025-11-26 16:06:12,494 🔹Strategy double_top_long : 1 open positions
2025-11-26 16:06:12,809 🔹Strategy revers_long     : 7 open positions
2025-11-26 16:06:16,390 🔹Strategy parity_long     : 8 open positions
2025-11-26 16:06:19,760 🔹Strategy revers_short    : 7 open positions
2025-11-26 16:06:22,525 🔹Strategy parity_short    : 18 open positions
2025-11-26 16:06:43,299 
------------------------------------------------------------
2025-11-26 16:06:43,299 🔷 Checking TP/SL - 2025-11-26 15:06:43
2025-11-26 16:06:43,299 ------------------------------------------------------------
2025-11-26 16:06:43,299 🔹Strategy double_top_long : 1 open positions
2025-11-26 16:06:43,656 🔹Strategy revers_long     : 7 open positions
2025-11-26 16:06:46,763 🔹Strategy parity_long     : 8 open positions
2025-11-26 16:06:50,134 🔹Strategy revers_short    : 7 open positions
2025-11-26 16:06:52,694 🔹Strategy parity_short    : 18 open positions
2025-11-26 16:07:13,568 
------------------------------------------------------------
2025-11-26 16:07:13,568 🔷 Checking TP/SL - 2025-11-26 15:07:13
2025-11-26 16:07:13,568 ------------------------------------------------------------
2025-11-26 16:07:13,568 🔹Strategy double_top_long : 1 open positions
2025-11-26 16:07:13,959 🔹Strategy revers_long     : 7 open positions
2025-11-26 16:07:16,722 🔹Strategy parity_long     : 8 open positions
2025-11-26 16:07:20,198 🔹Strategy revers_short    : 7 open positions
2025-11-26 16:07:23,061 🔹Strategy parity_short    : 18 open positions
2025-11-26 16:07:44,223 
------------------------------------------------------------
2025-11-26 16:07:44,223 🔷 Checking TP/SL - 2025-11-26 15:07:44
2025-11-26 16:07:44,223 ------------------------------------------------------------
2025-11-26 16:07:44,223 🔹Strategy double_top_long : 1 open positions
2025-11-26 16:07:44,533 🔹Strategy revers_long     : 7 open positions
2025-11-26 16:07:47,605 🔹Strategy parity_long     : 8 open positions
2025-11-26 16:07:50,616 🔹Strategy revers_short    : 7 open positions
2025-11-26 16:07:53,504 🔹Strategy parity_short    : 18 open positions
2025-11-26 16:08:14,879 
------------------------------------------------------------
2025-11-26 16:08:14,879 🔷 Checking TP/SL - 2025-11-26 15:08:14
2025-11-26 16:08:14,879 ------------------------------------------------------------
2025-11-26 16:08:14,879 🔹Strategy double_top_long : 1 open positions
2025-11-26 16:08:15,256 🔹Strategy revers_long     : 7 open positions
2025-11-26 16:08:18,586 🔹Strategy parity_long     : 8 open positions
2025-11-26 16:08:22,064 🔹Strategy revers_short    : 7 open positions
2025-11-26 16:08:25,029 🔹Strategy parity_short    : 18 open positions
2025-11-26 16:08:45,299 
------------------------------------------------------------
2025-11-26 16:08:45,299 🔷 Checking TP/SL - 2025-11-26 15:08:45
2025-11-26 16:08:45,299 ------------------------------------------------------------
2025-11-26 16:08:45,299 🔹Strategy double_top_long : 1 open positions
2025-11-26 16:08:45,787 🔹Strategy revers_long     : 7 open positions
2025-11-26 16:08:48,861 🔹Strategy parity_long     : 8 open positions
2025-11-26 16:08:52,135 🔹Strategy revers_short    : 7 open positions
2025-11-26 16:08:55,206 🔹Strategy parity_short    : 18 open positions
2025-11-26 16:09:15,556 
------------------------------------------------------------
2025-11-26 16:09:15,556 🔷 Checking TP/SL - 2025-11-26 15:09:15
2025-11-26 16:09:15,556 ------------------------------------------------------------
2025-11-26 16:09:15,556 🔹Strategy double_top_long : 1 open positions
2025-11-26 16:09:15,960 🔹Strategy revers_long     : 7 open positions
2025-11-26 16:09:18,922 🔹Strategy parity_long     : 8 open positions
2025-11-26 16:09:23,008 🔹Strategy revers_short    : 7 open positions
2025-11-26 16:09:26,075 🔹Strategy parity_short    : 18 open positions
2025-11-26 16:09:46,136 
------------------------------------------------------------
2025-11-26 16:09:46,136 🔷 Checking TP/SL - 2025-11-26 15:09:46
2025-11-26 16:09:46,136 ------------------------------------------------------------
2025-11-26 16:09:46,136 🔹Strategy double_top_long : 1 open positions
2025-11-26 16:09:46,732 🔹Strategy revers_long     : 7 open positions
2025-11-26 16:09:50,108 🔹Strategy parity_long     : 8 open positions
2025-11-26 16:09:53,027 🔹Strategy revers_short    : 7 open positions
2025-11-26 16:09:55,936 🔹Strategy parity_short    : 18 open positions
2025-11-26 16:10:16,638 
------------------------------------------------------------
2025-11-26 16:10:16,638 🔷 Checking TP/SL - 2025-11-26 15:10:16
2025-11-26 16:10:16,638 ------------------------------------------------------------
2025-11-26 16:10:16,639 🔹Strategy double_top_long : 1 open positions
2025-11-26 16:10:17,007 🔹Strategy revers_long     : 7 open positions
2025-11-26 16:10:20,069 🔹Strategy parity_long     : 8 open positions
2025-11-26 16:10:23,445 🔹Strategy revers_short    : 7 open positions
2025-11-26 16:10:26,512 🔹Strategy parity_short    : 18 open positions
2025-11-26 16:10:47,489 
------------------------------------------------------------
2025-11-26 16:10:47,489 🔷 Checking TP/SL - 2025-11-26 15:10:47
2025-11-26 16:10:47,489 ------------------------------------------------------------
2025-11-26 16:10:47,489 🔹Strategy double_top_long : 1 open positions
2025-11-26 16:10:47,887 🔹Strategy revers_long     : 7 open positions
2025-11-26 16:10:50,745 🔹Strategy parity_long     : 8 open positions
2025-11-26 16:10:54,120 🔹Strategy revers_short    : 7 open positions
2025-11-26 16:10:56,985 🔹Strategy parity_short    : 18 open positions
2025-11-26 16:11:18,159 
------------------------------------------------------------
2025-11-26 16:11:18,159 🔷 Checking TP/SL - 2025-11-26 15:11:18
2025-11-26 16:11:18,159 ------------------------------------------------------------
2025-11-26 16:11:18,159 🔹Strategy double_top_long : 1 open positions
2025-11-26 16:11:18,517 🔹Strategy revers_long     : 7 open positions
2025-11-26 16:11:21,635 🔹Strategy parity_long     : 8 open positions
2025-11-26 16:11:25,011 🔹Strategy revers_short    : 7 open positions
2025-11-26 16:11:28,077 🔹Strategy parity_short    : 18 open positions
2025-11-26 16:11:48,338 
------------------------------------------------------------
2025-11-26 16:11:48,338 🔷 Checking TP/SL - 2025-11-26 15:11:48
2025-11-26 16:11:48,338 ------------------------------------------------------------
2025-11-26 16:11:48,338 🔹Strategy double_top_long : 1 open positions
2025-11-26 16:11:49,134 🔹Strategy revers_long     : 7 open positions
2025-11-26 16:11:51,748 🔹Strategy parity_long     : 8 open positions
2025-11-26 16:11:55,066 🔹Strategy revers_short    : 7 open positions
2025-11-26 16:11:58,134 🔹Strategy parity_short    : 18 open positions
2025-11-26 16:12:18,807 
------------------------------------------------------------
2025-11-26 16:12:18,807 🔷 Checking TP/SL - 2025-11-26 15:12:18
2025-11-26 16:12:18,818 ------------------------------------------------------------
2025-11-26 16:12:18,818 🔹Strategy double_top_long : 1 open positions
2025-11-26 16:12:19,200 🔹Strategy revers_long     : 7 open positions
2025-11-26 16:12:22,472 🔹Strategy parity_long     : 8 open positions
2025-11-26 16:12:25,648 🔹Strategy revers_short    : 7 open positions
2025-11-26 16:12:28,625 🔹Strategy parity_short    : 18 open positions
2025-11-26 16:12:49,383 
------------------------------------------------------------
2025-11-26 16:12:49,383 🔷 Checking TP/SL - 2025-11-26 15:12:49
2025-11-26 16:12:49,383 ------------------------------------------------------------
2025-11-26 16:12:49,383 🔹Strategy double_top_long : 1 open positions
2025-11-26 16:12:49,776 🔹Strategy revers_long     : 7 open positions
2025-11-26 16:12:52,743 🔹Strategy parity_long     : 8 open positions
2025-11-26 16:12:56,318 🔹Strategy revers_short    : 7 open positions
2025-11-26 16:12:59,489 🔹Strategy parity_short    : 18 open positions
2025-11-26 16:13:20,264 
------------------------------------------------------------
2025-11-26 16:13:20,264 🔷 Checking TP/SL - 2025-11-26 15:13:20
2025-11-26 16:13:20,264 ------------------------------------------------------------
2025-11-26 16:13:20,264 🔹Strategy double_top_long : 1 open positions
2025-11-26 16:13:20,657 🔹Strategy revers_long     : 7 open positions
2025-11-26 16:13:23,730 🔹Strategy parity_long     : 8 open positions
2025-11-26 16:13:27,715 🔹Strategy revers_short    : 7 open positions
2025-11-26 16:13:30,680 🔹Strategy parity_short    : 18 open positions
2025-11-26 16:13:50,530 
------------------------------------------------------------
2025-11-26 16:13:50,530 🔷 Checking TP/SL - 2025-11-26 15:13:50
2025-11-26 16:13:50,531 ------------------------------------------------------------
2025-11-26 16:13:50,531 🔹Strategy double_top_long : 1 open positions
2025-11-26 16:13:51,030 🔹Strategy revers_long     : 7 open positions
2025-11-26 16:13:53,994 🔹Strategy parity_long     : 8 open positions
2025-11-26 16:13:57,468 🔹Strategy revers_short    : 7 open positions
2025-11-26 16:14:00,435 🔹Strategy parity_short    : 18 open positions
2025-11-26 16:14:20,595 
------------------------------------------------------------
2025-11-26 16:14:20,595 🔷 Checking TP/SL - 2025-11-26 15:14:20
2025-11-26 16:14:20,595 ------------------------------------------------------------
2025-11-26 16:14:20,595 🔹Strategy double_top_long : 1 open positions
2025-11-26 16:14:21,193 🔹Strategy revers_long     : 7 open positions
2025-11-26 16:14:24,158 🔹Strategy parity_long     : 8 open positions
2025-11-26 16:14:27,129 🔹Strategy revers_short    : 7 open positions
2025-11-26 16:14:29,601 🔹Strategy parity_short    : 18 open positions
2025-11-26 16:14:50,674 
------------------------------------------------------------
2025-11-26 16:14:50,674 🔷 Checking TP/SL - 2025-11-26 15:14:50
2025-11-26 16:14:50,674 ------------------------------------------------------------
2025-11-26 16:14:50,674 🔹Strategy double_top_long : 1 open positions
2025-11-26 16:14:51,157 🔹Strategy revers_long     : 7 open positions
2025-11-26 16:14:54,020 🔹Strategy parity_long     : 8 open positions
2025-11-26 16:14:57,497 🔹Strategy revers_short    : 7 open positions
2025-11-26 16:15:00,565 🔹Strategy parity_short    : 18 open positions
2025-11-26 16:15:21,648 
------------------------------------------------------------
2025-11-26 16:15:21,648 🔷 Checking TP/SL - 2025-11-26 15:15:21
2025-11-26 16:15:21,648 ------------------------------------------------------------
2025-11-26 16:15:21,648 🔹Strategy double_top_long : 1 open positions
2025-11-26 16:15:22,037 🔹Strategy revers_long     : 7 open positions
2025-11-26 16:15:24,695 🔹Strategy parity_long     : 8 open positions
2025-11-26 16:15:27,763 🔹Strategy revers_short    : 7 open positions
2025-11-26 16:15:30,627 🔹Strategy parity_short    : 18 open positions
2025-11-26 16:15:51,994 
------------------------------------------------------------
2025-11-26 16:15:51,994 🔷 Checking TP/SL - 2025-11-26 15:15:51
2025-11-26 16:15:51,994 ------------------------------------------------------------
2025-11-26 16:15:51,994 🔹Strategy double_top_long : 1 open positions
2025-11-26 16:15:52,291 🔹Strategy revers_long     : 7 open positions
2025-11-26 16:15:54,557 🔹Strategy parity_long     : 8 open positions
2025-11-26 16:15:57,362 🔹Strategy revers_short    : 7 open positions
2025-11-26 16:15:59,796 🔹Strategy parity_short    : 18 open positions
2025-11-26 16:16:22,908 
------------------------------------------------------------
2025-11-26 16:16:22,908 🔷 Checking TP/SL - 2025-11-26 15:16:22
2025-11-26 16:16:22,908 ------------------------------------------------------------
2025-11-26 16:16:22,908 🔹Strategy double_top_long : 1 open positions
2025-11-26 16:16:23,207 🔹Strategy revers_long     : 7 open positions
2025-11-26 16:16:25,545 🔹Strategy parity_long     : 8 open positions
2025-11-26 16:16:28,914 🔹Strategy revers_short    : 7 open positions
2025-11-26 16:16:31,762 🔹Strategy parity_short    : 18 open positions
2025-11-26 16:16:53,456 
------------------------------------------------------------
2025-11-26 16:16:53,456 🔷 Checking TP/SL - 2025-11-26 15:16:53
2025-11-26 16:16:53,456 ------------------------------------------------------------
2025-11-26 16:16:53,456 🔹Strategy double_top_long : 1 open positions
2025-11-26 16:16:53,868 🔹Strategy revers_long     : 7 open positions
2025-11-26 16:16:56,571 🔹Strategy parity_long     : 8 open positions
2025-11-26 16:16:59,765 🔹Strategy revers_short    : 7 open positions
2025-11-26 16:17:02,562 🔹Strategy parity_short    : 18 open positions
2025-11-26 16:17:24,177 
------------------------------------------------------------
2025-11-26 16:17:24,177 🔷 Checking TP/SL - 2025-11-26 15:17:24
2025-11-26 16:17:24,177 ------------------------------------------------------------
2025-11-26 16:17:24,177 🔹Strategy double_top_long : 1 open positions
2025-11-26 16:17:24,533 🔹Strategy revers_long     : 7 open positions
2025-11-26 16:17:26,896 🔹Strategy parity_long     : 8 open positions
2025-11-26 16:17:30,173 🔹Strategy revers_short    : 7 open positions
2025-11-26 16:17:32,622 🔹Strategy parity_short    : 18 open positions
2025-11-26 16:17:54,180 
------------------------------------------------------------
2025-11-26 16:17:54,181 🔷 Checking TP/SL - 2025-11-26 15:17:54
2025-11-26 16:17:54,181 ------------------------------------------------------------
2025-11-26 16:17:54,181 🔹Strategy double_top_long : 1 open positions
2025-11-26 16:17:54,609 🔹Strategy revers_long     : 7 open positions
2025-11-26 16:17:57,678 🔹Strategy parity_long     : 8 open positions
2025-11-26 16:18:00,422 🔹Strategy revers_short    : 7 open positions
2025-11-26 16:18:02,993 🔹Strategy parity_short    : 18 open positions
2025-11-26 16:18:24,484 
------------------------------------------------------------
2025-11-26 16:18:24,484 🔷 Checking TP/SL - 2025-11-26 15:18:24
2025-11-26 16:18:24,484 ------------------------------------------------------------
2025-11-26 16:18:24,484 🔹Strategy double_top_long : 1 open positions
2025-11-26 16:18:24,876 🔹Strategy revers_long     : 7 open positions
2025-11-26 16:18:27,165 🔹Strategy parity_long     : 8 open positions
2025-11-26 16:18:30,302 🔹Strategy revers_short    : 7 open positions
2025-11-26 16:18:32,906 🔹Strategy parity_short    : 18 open positions
2025-11-26 16:18:55,297 
------------------------------------------------------------
2025-11-26 16:18:55,298 🔷 Checking TP/SL - 2025-11-26 15:18:55
2025-11-26 16:18:55,298 ------------------------------------------------------------
2025-11-26 16:18:55,298 🔹Strategy double_top_long : 1 open positions
2025-11-26 16:18:55,615 🔹Strategy revers_long     : 7 open positions
2025-11-26 16:18:58,027 🔹Strategy parity_long     : 8 open positions
2025-11-26 16:19:00,903 🔹Strategy revers_short    : 7 open positions
2025-11-26 16:19:03,838 🔹Strategy parity_short    : 18 open positions
2025-11-26 16:19:25,651 
------------------------------------------------------------
2025-11-26 16:19:25,651 🔷 Checking TP/SL - 2025-11-26 15:19:25
2025-11-26 16:19:25,651 ------------------------------------------------------------
2025-11-26 16:19:25,651 🔹Strategy double_top_long : 1 open positions
2025-11-26 16:19:25,995 🔹Strategy revers_long     : 7 open positions
2025-11-26 16:19:28,481 🔹Strategy parity_long     : 8 open positions
2025-11-26 16:19:31,754 🔹Strategy revers_short    : 7 open positions
2025-11-26 16:19:34,516 🔹Strategy parity_short    : 18 open positions
2025-11-26 16:19:55,706 
------------------------------------------------------------
2025-11-26 16:19:55,707 🔷 Checking TP/SL - 2025-11-26 15:19:55
2025-11-26 16:19:55,707 ------------------------------------------------------------
2025-11-26 16:19:55,707 🔹Strategy double_top_long : 1 open positions
2025-11-26 16:19:56,196 🔹Strategy revers_long     : 7 open positions
2025-11-26 16:19:59,155 🔹Strategy parity_long     : 8 open positions
2025-11-26 16:20:02,538 🔹Strategy revers_short    : 7 open positions
2025-11-26 16:20:05,294 🔹Strategy parity_short    : 18 open positions
2025-11-26 16:20:26,257 
------------------------------------------------------------
2025-11-26 16:20:26,257 🔷 Checking TP/SL - 2025-11-26 15:20:26
2025-11-26 16:20:26,257 ------------------------------------------------------------
2025-11-26 16:20:26,257 🔹Strategy double_top_long : 1 open positions
2025-11-26 16:20:26,565 🔹Strategy revers_long     : 7 open positions
2025-11-26 16:20:29,429 🔹Strategy parity_long     : 8 open positions
2025-11-26 16:20:33,008 🔹Strategy revers_short    : 7 open positions
2025-11-26 16:20:36,026 🔹Strategy parity_short    : 18 open positions
2025-11-26 16:20:56,649 
------------------------------------------------------------
2025-11-26 16:20:56,649 🔷 Checking TP/SL - 2025-11-26 15:20:56
2025-11-26 16:20:56,649 ------------------------------------------------------------
2025-11-26 16:20:56,649 🔹Strategy double_top_long : 1 open positions
2025-11-26 16:20:57,245 🔹Strategy revers_long     : 7 open positions
2025-11-26 16:21:00,006 🔹Strategy parity_long     : 8 open positions
2025-11-26 16:21:03,378 🔹Strategy revers_short    : 7 open positions
2025-11-26 16:21:06,352 🔹Strategy parity_short    : 18 open positions
2025-11-26 16:21:07,035 
💲 TP REACHED for APTUSDT (parity_short)
2025-11-26 16:21:07,036 ➡ Closing short position on APTUSDT:
2025-11-26 16:21:08,381 ✅ Position closed due to TP: APTUSDT | Size: 35.137
2025-11-26 16:21:08,811 📋 Trade logged: APTUSDT | Profit: 4.02 USDT (+5.03%) | Duration: 2.0126 days
2025-11-26 16:21:15,552 💾 Saving state...
2025-11-26 16:21:27,555 
------------------------------------------------------------
2025-11-26 16:21:27,555 🔷 Checking TP/SL - 2025-11-26 15:21:27
2025-11-26 16:21:27,555 ------------------------------------------------------------
2025-11-26 16:21:27,555 🔹Strategy double_top_long : 1 open positions
2025-11-26 16:21:27,927 🔹Strategy revers_long     : 7 open positions
2025-11-26 16:21:30,631 🔹Strategy parity_long     : 8 open positions
2025-11-26 16:21:33,549 🔹Strategy revers_short    : 7 open positions
2025-11-26 16:21:36,717 🔹Strategy parity_short    : 17 open positions
2025-11-26 16:21:58,289 
------------------------------------------------------------
2025-11-26 16:21:58,289 🔷 Checking TP/SL - 2025-11-26 15:21:58
2025-11-26 16:21:58,289 ------------------------------------------------------------
2025-11-26 16:21:58,289 🔹Strategy double_top_long : 1 open positions
2025-11-26 16:21:58,588 🔹Strategy revers_long     : 7 open positions
2025-11-26 16:22:01,042 🔹Strategy parity_long     : 8 open positions
2025-11-26 16:22:04,733 🔹Strategy revers_short    : 7 open positions
2025-11-26 16:22:07,596 🔹Strategy parity_short    : 17 open positions
2025-11-26 16:22:28,326 
------------------------------------------------------------
2025-11-26 16:22:28,326 🔷 Checking TP/SL - 2025-11-26 15:22:28
2025-11-26 16:22:28,326 ------------------------------------------------------------
2025-11-26 16:22:28,326 🔹Strategy double_top_long : 1 open positions
2025-11-26 16:22:28,765 🔹Strategy revers_long     : 7 open positions
2025-11-26 16:22:31,430 🔹Strategy parity_long     : 8 open positions
2025-11-26 16:22:34,390 🔹Strategy revers_short    : 7 open positions
2025-11-26 16:22:37,458 🔹Strategy parity_short    : 17 open positions
2025-11-26 16:22:58,938 
------------------------------------------------------------
2025-11-26 16:22:58,938 🔷 Checking TP/SL - 2025-11-26 15:22:58
2025-11-26 16:22:58,938 ------------------------------------------------------------
2025-11-26 16:22:58,938 🔹Strategy double_top_long : 1 open positions
2025-11-26 16:22:59,248 🔹Strategy revers_long     : 7 open positions
2025-11-26 16:23:01,898 🔹Strategy parity_long     : 8 open positions
2025-11-26 16:23:05,275 🔹Strategy revers_short    : 7 open positions
2025-11-26 16:23:08,343 🔹Strategy parity_short    : 17 open positions
2025-11-26 16:23:29,399 
------------------------------------------------------------
2025-11-26 16:23:29,399 🔷 Checking TP/SL - 2025-11-26 15:23:29
2025-11-26 16:23:29,399 ------------------------------------------------------------
2025-11-26 16:23:29,399 🔹Strategy double_top_long : 1 open positions
2025-11-26 16:23:29,815 🔹Strategy revers_long     : 7 open positions
2025-11-26 16:23:32,473 🔹Strategy parity_long     : 8 open positions
2025-11-26 16:23:35,848 🔹Strategy revers_short    : 7 open positions
2025-11-26 16:23:38,189 🔹Strategy parity_short    : 17 open positions
2025-11-26 16:24:00,069 
------------------------------------------------------------
2025-11-26 16:24:00,069 🔷 Checking TP/SL - 2025-11-26 15:24:00
2025-11-26 16:24:00,069 ------------------------------------------------------------
2025-11-26 16:24:00,069 🔹Strategy double_top_long : 1 open positions
2025-11-26 16:24:00,398 🔹Strategy revers_long     : 7 open positions
2025-11-26 16:24:03,357 🔹Strategy parity_long     : 8 open positions
2025-11-26 16:24:06,730 🔹Strategy revers_short    : 7 open positions
2025-11-26 16:24:09,299 🔹Strategy parity_short    : 17 open positions
2025-11-26 16:24:30,354 
------------------------------------------------------------
2025-11-26 16:24:30,354 🔷 Checking TP/SL - 2025-11-26 15:24:30
2025-11-26 16:24:30,354 ------------------------------------------------------------
2025-11-26 16:24:30,354 🔹Strategy double_top_long : 1 open positions
2025-11-26 16:24:30,664 🔹Strategy revers_long     : 7 open positions
2025-11-26 16:24:33,728 🔹Strategy parity_long     : 8 open positions
2025-11-26 16:24:36,999 🔹Strategy revers_short    : 7 open positions
2025-11-26 16:24:39,458 🔹Strategy parity_short    : 17 open positions
2025-11-26 16:25:00,715 
------------------------------------------------------------
2025-11-26 16:25:00,715 🔷 Checking TP/SL - 2025-11-26 15:25:00
2025-11-26 16:25:00,715 ------------------------------------------------------------
2025-11-26 16:25:00,715 🔹Strategy double_top_long : 1 open positions
2025-11-26 16:25:01,130 🔹Strategy revers_long     : 7 open positions
2025-11-26 16:25:03,993 🔹Strategy parity_long     : 8 open positions
2025-11-26 16:25:07,267 🔹Strategy revers_short    : 7 open positions
2025-11-26 16:25:10,112 🔹Strategy parity_short    : 17 open positions
2025-11-26 16:25:31,192 
------------------------------------------------------------
2025-11-26 16:25:31,192 🔷 Checking TP/SL - 2025-11-26 15:25:31
2025-11-26 16:25:31,192 ------------------------------------------------------------
2025-11-26 16:25:31,192 🔹Strategy double_top_long : 1 open positions
2025-11-26 16:25:31,611 🔹Strategy revers_long     : 7 open positions
2025-11-26 16:25:34,264 🔹Strategy parity_long     : 8 open positions
2025-11-26 16:25:37,865 🔹Strategy revers_short    : 7 open positions
2025-11-26 16:25:40,708 🔹Strategy parity_short    : 17 open positions
2025-11-26 16:26:02,071 
------------------------------------------------------------
2025-11-26 16:26:02,071 🔷 Checking TP/SL - 2025-11-26 15:26:02
2025-11-26 16:26:02,071 ------------------------------------------------------------
2025-11-26 16:26:02,071 🔹Strategy double_top_long : 1 open positions
2025-11-26 16:26:02,492 🔹Strategy revers_long     : 7 open positions
2025-11-26 16:26:05,009 🔹Strategy parity_long     : 8 open positions
2025-11-26 16:26:08,424 🔹Strategy revers_short    : 7 open positions
2025-11-26 16:26:11,590 🔹Strategy parity_short    : 17 open positions
2025-11-26 16:26:32,446 
------------------------------------------------------------
2025-11-26 16:26:32,446 🔷 Checking TP/SL - 2025-11-26 15:26:32
2025-11-26 16:26:32,446 ------------------------------------------------------------
2025-11-26 16:26:32,446 🔹Strategy double_top_long : 1 open positions
2025-11-26 16:26:32,800 🔹Strategy revers_long     : 7 open positions
2025-11-26 16:26:35,212 🔹Strategy parity_long     : 8 open positions
2025-11-26 16:26:38,280 🔹Strategy revers_short    : 7 open positions
2025-11-26 16:26:40,681 🔹Strategy parity_short    : 17 open positions
2025-11-26 16:27:02,818 
------------------------------------------------------------
2025-11-26 16:27:02,818 🔷 Checking TP/SL - 2025-11-26 15:27:02
2025-11-26 16:27:02,818 ------------------------------------------------------------
2025-11-26 16:27:02,818 🔹Strategy double_top_long : 1 open positions
2025-11-26 16:27:03,127 🔹Strategy revers_long     : 7 open positions
2025-11-26 16:27:06,297 🔹Strategy parity_long     : 8 open positions
2025-11-26 16:27:09,468 🔹Strategy revers_short    : 7 open positions
2025-11-26 16:27:12,331 🔹Strategy parity_short    : 17 open positions
2025-11-26 16:27:33,388 
------------------------------------------------------------
2025-11-26 16:27:33,388 🔷 Checking TP/SL - 2025-11-26 15:27:33
2025-11-26 16:27:33,388 ------------------------------------------------------------
2025-11-26 16:27:33,388 🔹Strategy double_top_long : 1 open positions
2025-11-26 16:27:34,116 🔹Strategy revers_long     : 7 open positions
2025-11-26 16:27:36,573 🔹Strategy parity_long     : 8 open positions
2025-11-26 16:27:39,681 🔹Strategy revers_short    : 7 open positions
2025-11-26 16:27:42,397 🔹Strategy parity_short    : 17 open positions
2025-11-26 16:28:04,043 
------------------------------------------------------------
2025-11-26 16:28:04,043 🔷 Checking TP/SL - 2025-11-26 15:28:04
2025-11-26 16:28:04,043 ------------------------------------------------------------
2025-11-26 16:28:04,043 🔹Strategy double_top_long : 1 open positions
2025-11-26 16:28:04,351 🔹Strategy revers_long     : 7 open positions
2025-11-26 16:28:07,244 🔹Strategy parity_long     : 8 open positions
2025-11-26 16:28:10,307 🔹Strategy revers_short    : 7 open positions
2025-11-26 16:28:13,073 🔹Strategy parity_short    : 17 open positions
2025-11-26 16:28:34,658 
------------------------------------------------------------
2025-11-26 16:28:34,658 🔷 Checking TP/SL - 2025-11-26 15:28:34
2025-11-26 16:28:34,658 ------------------------------------------------------------
2025-11-26 16:28:34,658 🔹Strategy double_top_long : 1 open positions
2025-11-26 16:28:35,058 🔹Strategy revers_long     : 7 open positions
2025-11-26 16:28:38,024 🔹Strategy parity_long     : 8 open positions
2025-11-26 16:28:41,245 🔹Strategy revers_short    : 7 open positions
2025-11-26 16:28:44,057 🔹Strategy parity_short    : 17 open positions
2025-11-26 16:29:05,298 
------------------------------------------------------------
2025-11-26 16:29:05,298 🔷 Checking TP/SL - 2025-11-26 15:29:05
2025-11-26 16:29:05,298 ------------------------------------------------------------
2025-11-26 16:29:05,298 🔹Strategy double_top_long : 1 open positions
2025-11-26 16:29:05,636 🔹Strategy revers_long     : 7 open positions
2025-11-26 16:29:08,295 🔹Strategy parity_long     : 8 open positions
2025-11-26 16:29:11,773 🔹Strategy revers_short    : 7 open positions
2025-11-26 16:29:14,328 🔹Strategy parity_short    : 17 open positions
2025-11-26 16:29:35,795 
------------------------------------------------------------
2025-11-26 16:29:35,795 🔷 Checking TP/SL - 2025-11-26 15:29:35
2025-11-26 16:29:35,795 ------------------------------------------------------------
2025-11-26 16:29:35,795 🔹Strategy double_top_long : 1 open positions
2025-11-26 16:29:36,179 🔹Strategy revers_long     : 7 open positions
2025-11-26 16:29:38,970 🔹Strategy parity_long     : 8 open positions
2025-11-26 16:29:42,038 🔹Strategy revers_short    : 7 open positions
2025-11-26 16:29:44,161 🔹Strategy parity_short    : 17 open positions
2025-11-26 16:30:06,324 
------------------------------------------------------------
2025-11-26 16:30:06,324 🔷 Checking TP/SL - 2025-11-26 15:30:06
2025-11-26 16:30:06,324 ------------------------------------------------------------
2025-11-26 16:30:06,324 🔹Strategy double_top_long : 1 open positions
2025-11-26 16:30:06,685 🔹Strategy revers_long     : 7 open positions
2025-11-26 16:30:09,241 🔹Strategy parity_long     : 8 open positions
2025-11-26 16:30:12,311 🔹Strategy revers_short    : 7 open positions
2025-11-26 16:30:15,378 🔹Strategy parity_short    : 17 open positions
2025-11-26 16:30:36,434 
------------------------------------------------------------
2025-11-26 16:30:36,434 🔷 Checking TP/SL - 2025-11-26 15:30:36
2025-11-26 16:30:36,434 ------------------------------------------------------------
2025-11-26 16:30:36,434 🔹Strategy double_top_long : 1 open positions
2025-11-26 16:30:36,777 🔹Strategy revers_long     : 7 open positions
2025-11-26 16:30:39,294 🔹Strategy parity_long     : 8 open positions
2025-11-26 16:30:42,388 🔹Strategy revers_short    : 7 open positions
2025-11-26 16:30:45,062 🔹Strategy parity_short    : 17 open positions
2025-11-26 16:31:06,559 
------------------------------------------------------------
2025-11-26 16:31:06,560 🔷 Checking TP/SL - 2025-11-26 15:31:06
2025-11-26 16:31:06,560 ------------------------------------------------------------
2025-11-26 16:31:06,560 🔹Strategy double_top_long : 1 open positions
2025-11-26 16:31:06,886 🔹Strategy revers_long     : 7 open positions
2025-11-26 16:31:09,781 🔹Strategy parity_long     : 8 open positions
2025-11-26 16:31:13,167 🔹Strategy revers_short    : 7 open positions
2025-11-26 16:31:15,820 🔹Strategy parity_short    : 17 open positions
2025-11-26 16:31:36,872 
------------------------------------------------------------
2025-11-26 16:31:36,872 🔷 Checking TP/SL - 2025-11-26 15:31:36
2025-11-26 16:31:36,872 ------------------------------------------------------------
2025-11-26 16:31:36,872 🔹Strategy double_top_long : 1 open positions
2025-11-26 16:31:37,284 🔹Strategy revers_long     : 7 open positions
2025-11-26 16:31:39,948 🔹Strategy parity_long     : 8 open positions
2025-11-26 16:31:43,216 🔹Strategy revers_short    : 7 open positions
2025-11-26 16:31:46,290 🔹Strategy parity_short    : 17 open positions
2025-11-26 16:32:07,042 
------------------------------------------------------------
2025-11-26 16:32:07,042 🔷 Checking TP/SL - 2025-11-26 15:32:07
2025-11-26 16:32:07,042 ------------------------------------------------------------
2025-11-26 16:32:07,042 🔹Strategy double_top_long : 1 open positions
2025-11-26 16:32:07,454 🔹Strategy revers_long     : 7 open positions
2025-11-26 16:32:10,418 🔹Strategy parity_long     : 8 open positions
2025-11-26 16:32:13,794 🔹Strategy revers_short    : 7 open positions
2025-11-26 16:32:16,863 🔹Strategy parity_short    : 17 open positions
2025-11-26 16:32:37,122 
------------------------------------------------------------
2025-11-26 16:32:37,122 🔷 Checking TP/SL - 2025-11-26 15:32:37
2025-11-26 16:32:37,122 ------------------------------------------------------------
2025-11-26 16:32:37,122 🔹Strategy double_top_long : 1 open positions
2025-11-26 16:32:37,519 🔹Strategy revers_long     : 7 open positions
2025-11-26 16:32:40,280 🔹Strategy parity_long     : 8 open positions
2025-11-26 16:32:43,246 🔹Strategy revers_short    : 7 open positions
2025-11-26 16:32:45,908 🔹Strategy parity_short    : 17 open positions
2025-11-26 16:33:07,266 
------------------------------------------------------------
2025-11-26 16:33:07,266 🔷 Checking TP/SL - 2025-11-26 15:33:07
2025-11-26 16:33:07,266 ------------------------------------------------------------
2025-11-26 16:33:07,266 🔹Strategy double_top_long : 1 open positions
2025-11-26 16:33:07,683 🔹Strategy revers_long     : 7 open positions
2025-11-26 16:33:10,649 🔹Strategy parity_long     : 8 open positions
2025-11-26 16:33:14,129 🔹Strategy revers_short    : 7 open positions
2025-11-26 16:33:16,877 🔹Strategy parity_short    : 17 open positions
2025-11-26 16:33:37,646 
------------------------------------------------------------
2025-11-26 16:33:37,646 🔷 Checking TP/SL - 2025-11-26 15:33:37
2025-11-26 16:33:37,646 ------------------------------------------------------------
2025-11-26 16:33:37,646 🔹Strategy double_top_long : 1 open positions
2025-11-26 16:33:38,058 🔹Strategy revers_long     : 7 open positions
2025-11-26 16:33:40,934 🔹Strategy parity_long     : 8 open positions
2025-11-26 16:33:44,807 🔹Strategy revers_short    : 7 open positions
2025-11-26 16:33:47,875 🔹Strategy parity_short    : 17 open positions
2025-11-26 16:34:08,035 
------------------------------------------------------------
2025-11-26 16:34:08,035 🔷 Checking TP/SL - 2025-11-26 15:34:08
2025-11-26 16:34:08,035 ------------------------------------------------------------
2025-11-26 16:34:08,035 🔹Strategy double_top_long : 1 open positions
2025-11-26 16:34:08,369 🔹Strategy revers_long     : 7 open positions
2025-11-26 16:34:11,397 🔹Strategy parity_long     : 8 open positions
2025-11-26 16:34:14,870 🔹Strategy revers_short    : 7 open positions
2025-11-26 16:34:17,938 🔹Strategy parity_short    : 17 open positions
2025-11-26 16:34:38,998 
------------------------------------------------------------
2025-11-26 16:34:38,998 🔷 Checking TP/SL - 2025-11-26 15:34:38
2025-11-26 16:34:38,998 ------------------------------------------------------------
2025-11-26 16:34:38,998 🔹Strategy double_top_long : 1 open positions
2025-11-26 16:34:39,312 🔹Strategy revers_long     : 7 open positions
2025-11-26 16:34:42,278 🔹Strategy parity_long     : 8 open positions
2025-11-26 16:34:45,658 🔹Strategy revers_short    : 7 open positions
2025-11-26 16:34:48,823 🔹Strategy parity_short    : 17 open positions
2025-11-26 16:35:09,776 
------------------------------------------------------------
2025-11-26 16:35:09,776 🔷 Checking TP/SL - 2025-11-26 15:35:09
2025-11-26 16:35:09,776 ------------------------------------------------------------
2025-11-26 16:35:09,776 🔹Strategy double_top_long : 1 open positions
2025-11-26 16:35:10,197 🔹Strategy revers_long     : 7 open positions
2025-11-26 16:35:13,466 🔹Strategy parity_long     : 8 open positions
2025-11-26 16:35:16,639 🔹Strategy revers_short    : 7 open positions
2025-11-26 16:35:19,607 🔹Strategy parity_short    : 17 open positions
2025-11-26 16:35:40,662 
------------------------------------------------------------
2025-11-26 16:35:40,662 🔷 Checking TP/SL - 2025-11-26 15:35:40
2025-11-26 16:35:40,662 ------------------------------------------------------------
2025-11-26 16:35:40,662 🔹Strategy double_top_long : 1 open positions
2025-11-26 16:35:40,977 🔹Strategy revers_long     : 7 open positions
2025-11-26 16:35:43,941 🔹Strategy parity_long     : 8 open positions
2025-11-26 16:35:47,214 🔹Strategy revers_short    : 7 open positions
2025-11-26 16:35:50,589 🔹Strategy parity_short    : 17 open positions
2025-11-26 16:36:10,954 
------------------------------------------------------------
2025-11-26 16:36:10,954 🔷 Checking TP/SL - 2025-11-26 15:36:10
2025-11-26 16:36:10,956 ------------------------------------------------------------
2025-11-26 16:36:10,956 🔹Strategy double_top_long : 1 open positions
2025-11-26 16:36:11,349 🔹Strategy revers_long     : 7 open positions
2025-11-26 16:36:14,007 🔹Strategy parity_long     : 8 open positions
2025-11-26 16:36:17,491 🔹Strategy revers_short    : 7 open positions
2025-11-26 16:36:20,246 🔹Strategy parity_short    : 17 open positions
2025-11-26 16:36:41,609 
------------------------------------------------------------
2025-11-26 16:36:41,609 🔷 Checking TP/SL - 2025-11-26 15:36:41
2025-11-26 16:36:41,609 ------------------------------------------------------------
2025-11-26 16:36:41,609 🔹Strategy double_top_long : 1 open positions
2025-11-26 16:36:42,236 🔹Strategy revers_long     : 7 open positions
2025-11-26 16:36:45,197 🔹Strategy parity_long     : 8 open positions
2025-11-26 16:36:48,879 🔹Strategy revers_short    : 7 open positions
2025-11-26 16:36:51,757 🔹Strategy parity_short    : 17 open positions
2025-11-26 16:37:12,496 
------------------------------------------------------------
2025-11-26 16:37:12,496 🔷 Checking TP/SL - 2025-11-26 15:37:12
2025-11-26 16:37:12,496 ------------------------------------------------------------
2025-11-26 16:37:12,496 🔹Strategy double_top_long : 1 open positions
2025-11-26 16:37:12,911 🔹Strategy revers_long     : 7 open positions
2025-11-26 16:37:15,780 🔹Strategy parity_long     : 8 open positions
2025-11-26 16:37:18,843 🔹Strategy revers_short    : 7 open positions
2025-11-26 16:37:21,657 🔹Strategy parity_short    : 17 open positions
2025-11-26 16:37:43,387 
------------------------------------------------------------
2025-11-26 16:37:43,387 🔷 Checking TP/SL - 2025-11-26 15:37:43
2025-11-26 16:37:43,387 ------------------------------------------------------------
2025-11-26 16:37:43,387 🔹Strategy double_top_long : 1 open positions
2025-11-26 16:37:44,209 🔹Strategy revers_long     : 7 open positions
2025-11-26 16:37:47,172 🔹Strategy parity_long     : 8 open positions
2025-11-26 16:37:50,756 🔹Strategy revers_short    : 7 open positions
2025-11-26 16:37:53,832 🔹Strategy parity_short    : 17 open positions
2025-11-26 16:38:13,494 
------------------------------------------------------------
2025-11-26 16:38:13,494 🔷 Checking TP/SL - 2025-11-26 15:38:13
2025-11-26 16:38:13,494 ------------------------------------------------------------
2025-11-26 16:38:13,494 🔹Strategy double_top_long : 1 open positions
2025-11-26 16:38:13,962 🔹Strategy revers_long     : 7 open positions
2025-11-26 16:38:17,029 🔹Strategy parity_long     : 8 open positions
2025-11-26 16:38:20,414 🔹Strategy revers_short    : 7 open positions
2025-11-26 16:38:23,167 🔹Strategy parity_short    : 17 open positions
2025-11-26 16:38:43,961 
------------------------------------------------------------
2025-11-26 16:38:43,961 🔷 Checking TP/SL - 2025-11-26 15:38:43
2025-11-26 16:38:43,961 ------------------------------------------------------------
2025-11-26 16:38:43,961 🔹Strategy double_top_long : 1 open positions
2025-11-26 16:38:44,335 🔹Strategy revers_long     : 7 open positions
2025-11-26 16:38:47,812 🔹Strategy parity_long     : 8 open positions
2025-11-26 16:38:51,289 🔹Strategy revers_short    : 7 open positions
2025-11-26 16:38:53,948 🔹Strategy parity_short    : 17 open positions
2025-11-26 16:39:14,112 
------------------------------------------------------------
2025-11-26 16:39:14,112 🔷 Checking TP/SL - 2025-11-26 15:39:14
2025-11-26 16:39:14,112 ------------------------------------------------------------
2025-11-26 16:39:14,112 🔹Strategy double_top_long : 1 open positions
2025-11-26 16:39:14,704 🔹Strategy revers_long     : 7 open positions
2025-11-26 16:39:17,567 🔹Strategy parity_long     : 8 open positions
2025-11-26 16:39:20,942 🔹Strategy revers_short    : 7 open positions
2025-11-26 16:39:23,703 🔹Strategy parity_short    : 17 open positions
2025-11-26 16:39:44,967 
------------------------------------------------------------
2025-11-26 16:39:44,968 🔷 Checking TP/SL - 2025-11-26 15:39:44
2025-11-26 16:39:44,968 ------------------------------------------------------------
2025-11-26 16:39:44,968 🔹Strategy double_top_long : 1 open positions
2025-11-26 16:39:45,384 🔹Strategy revers_long     : 7 open positions
2025-11-26 16:39:48,453 🔹Strategy parity_long     : 8 open positions
2025-11-26 16:39:52,037 🔹Strategy revers_short    : 7 open positions
2025-11-26 16:39:54,896 🔹Strategy parity_short    : 17 open positions
2025-11-26 16:40:15,858 
------------------------------------------------------------
2025-11-26 16:40:15,858 🔷 Checking TP/SL - 2025-11-26 15:40:15
2025-11-26 16:40:15,858 ------------------------------------------------------------
2025-11-26 16:40:15,858 🔹Strategy double_top_long : 1 open positions
2025-11-26 16:40:16,270 🔹Strategy revers_long     : 7 open positions
2025-11-26 16:40:19,244 🔹Strategy parity_long     : 8 open positions
2025-11-26 16:40:22,610 🔹Strategy revers_short    : 7 open positions
2025-11-26 16:40:25,473 🔹Strategy parity_short    : 17 open positions
2025-11-26 16:40:46,659 
------------------------------------------------------------
2025-11-26 16:40:46,659 🔷 Checking TP/SL - 2025-11-26 15:40:46
2025-11-26 16:40:46,659 ------------------------------------------------------------
2025-11-26 16:40:46,659 🔹Strategy double_top_long : 1 open positions
2025-11-26 16:40:47,150 🔹Strategy revers_long     : 7 open positions
2025-11-26 16:40:50,012 🔹Strategy parity_long     : 8 open positions
2025-11-26 16:40:53,387 🔹Strategy revers_short    : 7 open positions
2025-11-26 16:40:56,148 🔹Strategy parity_short    : 17 open positions
2025-11-26 16:41:17,034 
------------------------------------------------------------
2025-11-26 16:41:17,035 🔷 Checking TP/SL - 2025-11-26 15:41:17
2025-11-26 16:41:17,035 ------------------------------------------------------------
2025-11-26 16:41:17,035 🔹Strategy double_top_long : 1 open positions
2025-11-26 16:41:17,724 🔹Strategy revers_long     : 7 open positions
2025-11-26 16:41:20,491 🔹Strategy parity_long     : 8 open positions
2025-11-26 16:41:23,552 🔹Strategy revers_short    : 7 open positions
2025-11-26 16:41:27,127 🔹Strategy parity_short    : 17 open positions
2025-11-26 16:41:47,288 
------------------------------------------------------------
2025-11-26 16:41:47,288 🔷 Checking TP/SL - 2025-11-26 15:41:47
2025-11-26 16:41:47,288 ------------------------------------------------------------
2025-11-26 16:41:47,288 🔹Strategy double_top_long : 1 open positions
2025-11-26 16:41:47,883 🔹Strategy revers_long     : 7 open positions
2025-11-26 16:41:50,640 🔹Strategy parity_long     : 8 open positions
2025-11-26 16:41:53,810 🔹Strategy revers_short    : 7 open positions
2025-11-26 16:41:56,575 🔹Strategy parity_short    : 17 open positions
2025-11-26 16:42:17,733 
------------------------------------------------------------
2025-11-26 16:42:17,733 🔷 Checking TP/SL - 2025-11-26 15:42:17
2025-11-26 16:42:17,733 ------------------------------------------------------------
2025-11-26 16:42:17,733 🔹Strategy double_top_long : 1 open positions
2025-11-26 16:42:18,151 🔹Strategy revers_long     : 7 open positions
2025-11-26 16:42:21,217 🔹Strategy parity_long     : 8 open positions
2025-11-26 16:42:24,796 🔹Strategy revers_short    : 7 open positions
2025-11-26 16:42:28,167 🔹Strategy parity_short    : 17 open positions
2025-11-26 16:42:48,051 
------------------------------------------------------------
2025-11-26 16:42:48,051 🔷 Checking TP/SL - 2025-11-26 15:42:48
2025-11-26 16:42:48,051 ------------------------------------------------------------
2025-11-26 16:42:48,051 🔹Strategy double_top_long : 1 open positions
2025-11-26 16:42:48,616 🔹Strategy revers_long     : 7 open positions
2025-11-26 16:42:51,685 🔹Strategy parity_long     : 8 open positions
2025-11-26 16:42:55,164 🔹Strategy revers_short    : 7 open positions
2025-11-26 16:42:58,234 🔹Strategy parity_short    : 17 open positions
2025-11-26 16:43:19,007 
------------------------------------------------------------
2025-11-26 16:43:19,007 🔷 Checking TP/SL - 2025-11-26 15:43:19
2025-11-26 16:43:19,007 ------------------------------------------------------------
2025-11-26 16:43:19,007 🔹Strategy double_top_long : 1 open positions
2025-11-26 16:43:19,694 🔹Strategy revers_long     : 7 open positions
2025-11-26 16:43:22,665 🔹Strategy parity_long     : 8 open positions
2025-11-26 16:43:26,448 🔹Strategy revers_short    : 7 open positions
2025-11-26 16:43:29,412 🔹Strategy parity_short    : 17 open positions
2025-11-26 16:43:49,291 
------------------------------------------------------------
2025-11-26 16:43:49,291 🔷 Checking TP/SL - 2025-11-26 15:43:49
2025-11-26 16:43:49,291 ------------------------------------------------------------
2025-11-26 16:43:49,291 🔹Strategy double_top_long : 1 open positions
2025-11-26 16:43:49,758 🔹Strategy revers_long     : 7 open positions
2025-11-26 16:43:53,035 🔹Strategy parity_long     : 8 open positions
2025-11-26 16:43:56,609 🔹Strategy revers_short    : 7 open positions
2025-11-26 16:43:59,470 🔹Strategy parity_short    : 17 open positions
2025-11-26 16:44:19,837 
------------------------------------------------------------
2025-11-26 16:44:19,837 🔷 Checking TP/SL - 2025-11-26 15:44:19
2025-11-26 16:44:19,837 ------------------------------------------------------------
2025-11-26 16:44:19,837 🔹Strategy double_top_long : 1 open positions
2025-11-26 16:44:20,226 🔹Strategy revers_long     : 7 open positions
2025-11-26 16:44:23,296 🔹Strategy parity_long     : 8 open positions
2025-11-26 16:44:26,982 🔹Strategy revers_short    : 7 open positions
2025-11-26 16:44:30,050 🔹Strategy parity_short    : 17 open positions
2025-11-26 16:44:50,406 
------------------------------------------------------------
2025-11-26 16:44:50,406 🔷 Checking TP/SL - 2025-11-26 15:44:50
2025-11-26 16:44:50,406 ------------------------------------------------------------
2025-11-26 16:44:50,406 🔹Strategy double_top_long : 1 open positions
2025-11-26 16:44:50,903 🔹Strategy revers_long     : 7 open positions
2025-11-26 16:44:54,022 🔹Strategy parity_long     : 8 open positions
2025-11-26 16:44:57,440 🔹Strategy revers_short    : 7 open positions
2025-11-26 16:45:00,519 🔹Strategy parity_short    : 17 open positions
2025-11-26 16:45:21,278 
------------------------------------------------------------
2025-11-26 16:45:21,278 🔷 Checking TP/SL - 2025-11-26 15:45:21
2025-11-26 16:45:21,278 ------------------------------------------------------------
2025-11-26 16:45:21,278 🔹Strategy double_top_long : 1 open positions
2025-11-26 16:45:21,771 🔹Strategy revers_long     : 7 open positions
2025-11-26 16:45:24,633 🔹Strategy parity_long     : 8 open positions
2025-11-26 16:45:28,008 🔹Strategy revers_short    : 7 open positions
2025-11-26 16:45:30,974 🔹Strategy parity_short    : 17 open positions
2025-11-26 16:45:51,726 
------------------------------------------------------------
2025-11-26 16:45:51,726 🔷 Checking TP/SL - 2025-11-26 15:45:51
2025-11-26 16:45:51,726 ------------------------------------------------------------
2025-11-26 16:45:51,726 🔹Strategy double_top_long : 1 open positions
2025-11-26 16:45:52,141 🔹Strategy revers_long     : 7 open positions
2025-11-26 16:45:54,799 🔹Strategy parity_long     : 8 open positions
2025-11-26 16:45:58,276 🔹Strategy revers_short    : 7 open positions
2025-11-26 16:46:01,446 🔹Strategy parity_short    : 17 open positions
2025-11-26 16:46:22,194 
------------------------------------------------------------
2025-11-26 16:46:22,194 🔷 Checking TP/SL - 2025-11-26 15:46:22
2025-11-26 16:46:22,194 ------------------------------------------------------------
2025-11-26 16:46:22,194 🔹Strategy double_top_long : 1 open positions
2025-11-26 16:46:22,609 🔹Strategy revers_long     : 7 open positions
2025-11-26 16:46:25,677 🔹Strategy parity_long     : 8 open positions
2025-11-26 16:46:28,847 🔹Strategy revers_short    : 7 open positions
2025-11-26 16:46:31,617 🔹Strategy parity_short    : 17 open positions
2025-11-26 16:46:52,565 
------------------------------------------------------------
2025-11-26 16:46:52,565 🔷 Checking TP/SL - 2025-11-26 15:46:52
2025-11-26 16:46:52,566 ------------------------------------------------------------
2025-11-26 16:46:52,566 🔹Strategy double_top_long : 1 open positions
2025-11-26 16:46:52,902 🔹Strategy revers_long     : 7 open positions
2025-11-26 16:46:56,048 🔹Strategy parity_long     : 8 open positions
2025-11-26 16:46:59,320 🔹Strategy revers_short    : 7 open positions
2025-11-26 16:47:02,389 🔹Strategy parity_short    : 17 open positions
2025-11-26 16:47:23,347 
------------------------------------------------------------
2025-11-26 16:47:23,347 🔷 Checking TP/SL - 2025-11-26 15:47:23
2025-11-26 16:47:23,347 ------------------------------------------------------------
2025-11-26 16:47:23,347 🔹Strategy double_top_long : 1 open positions
2025-11-26 16:47:23,862 🔹Strategy revers_long     : 7 open positions
2025-11-26 16:47:26,930 🔹Strategy parity_long     : 8 open positions
2025-11-26 16:47:30,510 🔹Strategy revers_short    : 7 open positions
2025-11-26 16:47:33,475 🔹Strategy parity_short    : 17 open positions
2025-11-26 16:47:53,434 
------------------------------------------------------------
2025-11-26 16:47:53,434 🔷 Checking TP/SL - 2025-11-26 15:47:53
2025-11-26 16:47:53,434 ------------------------------------------------------------
2025-11-26 16:47:53,434 🔹Strategy double_top_long : 1 open positions
2025-11-26 16:47:53,927 🔹Strategy revers_long     : 7 open positions
2025-11-26 16:47:56,879 🔹Strategy parity_long     : 8 open positions
2025-11-26 16:48:00,164 🔹Strategy revers_short    : 7 open positions
2025-11-26 16:48:03,033 🔹Strategy parity_short    : 17 open positions
2025-11-26 16:48:23,883 
------------------------------------------------------------
2025-11-26 16:48:23,883 🔷 Checking TP/SL - 2025-11-26 15:48:23
2025-11-26 16:48:23,883 ------------------------------------------------------------
2025-11-26 16:48:23,883 🔹Strategy double_top_long : 1 open positions
2025-11-26 16:48:24,300 🔹Strategy revers_long     : 7 open positions
2025-11-26 16:48:27,263 🔹Strategy parity_long     : 8 open positions
2025-11-26 16:48:30,642 🔹Strategy revers_short    : 7 open positions
2025-11-26 16:48:33,623 🔹Strategy parity_short    : 17 open positions
2025-11-26 16:48:54,169 
------------------------------------------------------------
2025-11-26 16:48:54,169 🔷 Checking TP/SL - 2025-11-26 15:48:54
2025-11-26 16:48:54,169 ------------------------------------------------------------
2025-11-26 16:48:54,169 🔹Strategy double_top_long : 1 open positions
2025-11-26 16:48:54,566 🔹Strategy revers_long     : 7 open positions
2025-11-26 16:48:57,395 🔹Strategy parity_long     : 8 open positions
2025-11-26 16:49:00,888 🔹Strategy revers_short    : 7 open positions
2025-11-26 16:49:03,774 🔹Strategy parity_short    : 17 open positions
2025-11-26 16:49:08,574 🔔 No price for BNBUSDT
2025-11-26 16:49:24,383 
------------------------------------------------------------
2025-11-26 16:49:24,383 🔷 Checking TP/SL - 2025-11-26 15:49:24
2025-11-26 16:49:24,383 ------------------------------------------------------------
2025-11-26 16:49:24,383 🔹Strategy double_top_long : 1 open positions
2025-11-26 16:49:24,752 🔹Strategy revers_long     : 7 open positions
2025-11-26 16:49:27,498 🔹Strategy parity_long     : 8 open positions
2025-11-26 16:49:31,068 🔹Strategy revers_short    : 7 open positions
2025-11-26 16:49:33,938 🔹Strategy parity_short    : 17 open positions
2025-11-26 16:49:54,998 
------------------------------------------------------------
2025-11-26 16:49:54,998 🔷 Checking TP/SL - 2025-11-26 15:49:54
2025-11-26 16:49:54,998 ------------------------------------------------------------
2025-11-26 16:49:54,998 🔹Strategy double_top_long : 1 open positions
2025-11-26 16:49:55,412 🔹Strategy revers_long     : 7 open positions
2025-11-26 16:49:58,377 🔹Strategy parity_long     : 8 open positions
2025-11-26 16:50:01,752 🔹Strategy revers_short    : 7 open positions
2025-11-26 16:50:05,230 🔹Strategy parity_short    : 17 open positions
2025-11-26 16:50:25,491 
------------------------------------------------------------
2025-11-26 16:50:25,491 🔷 Checking TP/SL - 2025-11-26 15:50:25
2025-11-26 16:50:25,491 ------------------------------------------------------------
2025-11-26 16:50:25,491 🔹Strategy double_top_long : 1 open positions
2025-11-26 16:50:26,086 🔹Strategy revers_long     : 7 open positions
2025-11-26 16:50:28,851 🔹Strategy parity_long     : 8 open positions
2025-11-26 16:50:32,528 🔹Strategy revers_short    : 7 open positions
2025-11-26 16:50:35,490 🔹Strategy parity_short    : 17 open positions
2025-11-26 16:50:56,371 
------------------------------------------------------------
2025-11-26 16:50:56,371 🔷 Checking TP/SL - 2025-11-26 15:50:56
2025-11-26 16:50:56,371 ------------------------------------------------------------
2025-11-26 16:50:56,371 🔹Strategy double_top_long : 1 open positions
2025-11-26 16:50:56,765 🔹Strategy revers_long     : 7 open positions
2025-11-26 16:50:59,731 🔹Strategy parity_long     : 8 open positions
2025-11-26 16:51:03,305 🔹Strategy revers_short    : 7 open positions
2025-11-26 16:51:06,373 🔹Strategy parity_short    : 17 open positions
2025-11-26 16:51:26,946 
------------------------------------------------------------
2025-11-26 16:51:26,946 🔷 Checking TP/SL - 2025-11-26 15:51:26
2025-11-26 16:51:26,946 ------------------------------------------------------------
2025-11-26 16:51:26,946 🔹Strategy double_top_long : 1 open positions
2025-11-26 16:51:27,544 🔹Strategy revers_long     : 7 open positions
2025-11-26 16:51:30,629 🔹Strategy parity_long     : 8 open positions
2025-11-26 16:51:34,293 🔹Strategy revers_short    : 7 open positions
2025-11-26 16:51:37,458 🔹Strategy parity_short    : 17 open positions
2025-11-26 16:51:57,723 
------------------------------------------------------------
2025-11-26 16:51:57,723 🔷 Checking TP/SL - 2025-11-26 15:51:57
2025-11-26 16:51:57,723 ------------------------------------------------------------
2025-11-26 16:51:57,723 🔹Strategy double_top_long : 1 open positions
2025-11-26 16:51:58,425 🔹Strategy revers_long     : 7 open positions
2025-11-26 16:52:01,187 🔹Strategy parity_long     : 8 open positions
2025-11-26 16:52:04,772 🔹Strategy revers_short    : 7 open positions
2025-11-26 16:52:07,320 🔹Strategy parity_short    : 17 open positions
2025-11-26 16:52:28,279 
------------------------------------------------------------
2025-11-26 16:52:28,279 🔷 Checking TP/SL - 2025-11-26 15:52:28
2025-11-26 16:52:28,279 ------------------------------------------------------------
2025-11-26 16:52:28,279 🔹Strategy double_top_long : 1 open positions
2025-11-26 16:52:28,796 🔹Strategy revers_long     : 7 open positions
2025-11-26 16:52:31,556 🔹Strategy parity_long     : 8 open positions
2025-11-26 16:52:35,034 🔹Strategy revers_short    : 7 open positions
2025-11-26 16:52:38,143 🔹Strategy parity_short    : 17 open positions
2025-11-26 16:52:58,468 
------------------------------------------------------------
2025-11-26 16:52:58,468 🔷 Checking TP/SL - 2025-11-26 15:52:58
2025-11-26 16:52:58,468 ------------------------------------------------------------
2025-11-26 16:52:58,468 🔹Strategy double_top_long : 1 open positions
2025-11-26 16:52:58,817 🔹Strategy revers_long     : 7 open positions
2025-11-26 16:53:01,826 🔹Strategy parity_long     : 8 open positions
2025-11-26 16:53:04,791 🔹Strategy revers_short    : 7 open positions
2025-11-26 16:53:08,077 🔹Strategy parity_short    : 17 open positions
2025-11-26 16:53:28,817 
------------------------------------------------------------
2025-11-26 16:53:28,817 🔷 Checking TP/SL - 2025-11-26 15:53:28
2025-11-26 16:53:28,817 ------------------------------------------------------------
2025-11-26 16:53:28,817 🔹Strategy double_top_long : 1 open positions
2025-11-26 16:53:29,232 🔹Strategy revers_long     : 7 open positions
2025-11-26 16:53:32,812 🔹Strategy parity_long     : 8 open positions
2025-11-26 16:53:36,695 🔹Strategy revers_short    : 7 open positions
2025-11-26 16:53:39,870 🔹Strategy parity_short    : 17 open positions
2025-11-26 16:53:59,232 
------------------------------------------------------------
2025-11-26 16:53:59,232 🔷 Checking TP/SL - 2025-11-26 15:53:59
2025-11-26 16:53:59,232 ------------------------------------------------------------
2025-11-26 16:53:59,232 🔹Strategy double_top_long : 1 open positions
2025-11-26 16:53:59,604 🔹Strategy revers_long     : 7 open positions
2025-11-26 16:54:02,057 🔹Strategy parity_long     : 8 open positions
2025-11-26 16:54:05,330 🔹Strategy revers_short    : 7 open positions
2025-11-26 16:54:08,192 🔹Strategy parity_short    : 17 open positions
2025-11-26 16:54:29,453 
------------------------------------------------------------
2025-11-26 16:54:29,453 🔷 Checking TP/SL - 2025-11-26 15:54:29
2025-11-26 16:54:29,454 ------------------------------------------------------------
2025-11-26 16:54:29,454 🔹Strategy double_top_long : 1 open positions
2025-11-26 16:54:29,868 🔹Strategy revers_long     : 7 open positions
2025-11-26 16:54:33,755 🔹Strategy parity_long     : 8 open positions
2025-11-26 16:54:36,935 🔹Strategy revers_short    : 7 open positions
2025-11-26 16:54:39,789 🔹Strategy parity_short    : 17 open positions
2025-11-26 16:54:59,954 
------------------------------------------------------------
2025-11-26 16:54:59,954 🔷 Checking TP/SL - 2025-11-26 15:54:59
2025-11-26 16:54:59,954 ------------------------------------------------------------
2025-11-26 16:54:59,954 🔹Strategy double_top_long : 1 open positions
2025-11-26 16:55:00,344 🔹Strategy revers_long     : 7 open positions
2025-11-26 16:55:03,314 🔹Strategy parity_long     : 8 open positions
2025-11-26 16:55:06,673 🔹Strategy revers_short    : 7 open positions
2025-11-26 16:55:09,546 🔹Strategy parity_short    : 17 open positions
2025-11-26 16:55:30,913 
------------------------------------------------------------
2025-11-26 16:55:30,914 🔷 Checking TP/SL - 2025-11-26 15:55:30
2025-11-26 16:55:30,914 ------------------------------------------------------------
2025-11-26 16:55:30,914 🔹Strategy double_top_long : 1 open positions
2025-11-26 16:55:31,325 🔹Strategy revers_long     : 7 open positions
2025-11-26 16:55:34,292 🔹Strategy parity_long     : 8 open positions
2025-11-26 16:55:37,358 🔹Strategy revers_short    : 7 open positions
2025-11-26 16:55:40,126 🔹Strategy parity_short    : 17 open positions
2025-11-26 16:56:01,873 
------------------------------------------------------------
2025-11-26 16:56:01,873 🔷 Checking TP/SL - 2025-11-26 15:56:01
2025-11-26 16:56:01,873 ------------------------------------------------------------
2025-11-26 16:56:01,873 🔹Strategy double_top_long : 1 open positions
2025-11-26 16:56:02,308 🔹Strategy revers_long     : 7 open positions
2025-11-26 16:56:05,581 🔹Strategy parity_long     : 8 open positions
2025-11-26 16:56:08,649 🔹Strategy revers_short    : 7 open positions
2025-11-26 16:56:11,307 🔹Strategy parity_short    : 17 open positions
2025-11-26 16:56:31,965 
------------------------------------------------------------
2025-11-26 16:56:31,965 🔷 Checking TP/SL - 2025-11-26 15:56:31
2025-11-26 16:56:31,965 ------------------------------------------------------------
2025-11-26 16:56:31,965 🔹Strategy double_top_long : 1 open positions
2025-11-26 16:56:32,372 🔹Strategy revers_long     : 7 open positions
2025-11-26 16:56:35,133 🔹Strategy parity_long     : 8 open positions
2025-11-26 16:56:38,616 🔹Strategy revers_short    : 7 open positions
2025-11-26 16:56:41,371 🔹Strategy parity_short    : 17 open positions
2025-11-26 16:57:02,028 
------------------------------------------------------------
2025-11-26 16:57:02,028 🔷 Checking TP/SL - 2025-11-26 15:57:02
2025-11-26 16:57:02,028 ------------------------------------------------------------
2025-11-26 16:57:02,028 🔹Strategy double_top_long : 1 open positions
2025-11-26 16:57:02,438 🔹Strategy revers_long     : 7 open positions
2025-11-26 16:57:05,408 🔹Strategy parity_long     : 8 open positions
2025-11-26 16:57:08,778 🔹Strategy revers_short    : 7 open positions
2025-11-26 16:57:12,046 🔹Strategy parity_short    : 17 open positions
2025-11-26 16:57:32,106 
------------------------------------------------------------
2025-11-26 16:57:32,106 🔷 Checking TP/SL - 2025-11-26 15:57:32
2025-11-26 16:57:32,106 ------------------------------------------------------------
2025-11-26 16:57:32,106 🔹Strategy double_top_long : 1 open positions
2025-11-26 16:57:32,498 🔹Strategy revers_long     : 7 open positions
2025-11-26 16:57:35,156 🔹Strategy parity_long     : 8 open positions
2025-11-26 16:57:38,326 🔹Strategy revers_short    : 7 open positions
2025-11-26 16:57:41,291 🔹Strategy parity_short    : 17 open positions
2025-11-26 16:58:02,149 
------------------------------------------------------------
2025-11-26 16:58:02,149 🔷 Checking TP/SL - 2025-11-26 15:58:02
2025-11-26 16:58:02,149 ------------------------------------------------------------
2025-11-26 16:58:02,149 🔹Strategy double_top_long : 1 open positions
2025-11-26 16:58:02,768 🔹Strategy revers_long     : 7 open positions
2025-11-26 16:58:05,221 🔹Strategy parity_long     : 8 open positions
2025-11-26 16:58:08,289 🔹Strategy revers_short    : 7 open positions
2025-11-26 16:58:11,562 🔹Strategy parity_short    : 17 open positions
2025-11-26 16:58:32,664 
------------------------------------------------------------
2025-11-26 16:58:32,664 🔷 Checking TP/SL - 2025-11-26 15:58:32
2025-11-26 16:58:32,664 ------------------------------------------------------------
2025-11-26 16:58:32,664 🔹Strategy double_top_long : 1 open positions
2025-11-26 16:58:33,033 🔹Strategy revers_long     : 7 open positions
2025-11-26 16:58:35,999 🔹Strategy parity_long     : 8 open positions
2025-11-26 16:58:39,374 🔹Strategy revers_short    : 7 open positions
2025-11-26 16:58:42,442 🔹Strategy parity_short    : 17 open positions
2025-11-26 16:59:03,294 
------------------------------------------------------------
2025-11-26 16:59:03,294 🔷 Checking TP/SL - 2025-11-26 15:59:03
2025-11-26 16:59:03,294 ------------------------------------------------------------
2025-11-26 16:59:03,294 🔹Strategy double_top_long : 1 open positions
2025-11-26 16:59:03,913 🔹Strategy revers_long     : 7 open positions
2025-11-26 16:59:06,981 🔹Strategy parity_long     : 8 open positions
2025-11-26 16:59:09,947 🔹Strategy revers_short    : 7 open positions
2025-11-26 16:59:12,809 🔹Strategy parity_short    : 17 open positions
2025-11-26 16:59:33,973 
------------------------------------------------------------
2025-11-26 16:59:33,973 🔷 Checking TP/SL - 2025-11-26 15:59:33
2025-11-26 16:59:33,973 ------------------------------------------------------------
2025-11-26 16:59:33,973 🔹Strategy double_top_long : 1 open positions
2025-11-26 16:59:34,389 🔹Strategy revers_long     : 7 open positions
2025-11-26 16:59:37,252 🔹Strategy parity_long     : 8 open positions
2025-11-26 16:59:40,520 🔹Strategy revers_short    : 7 open positions
2025-11-26 16:59:43,080 🔹Strategy parity_short    : 17 open positions
2025-11-26 17:00:04,544 
------------------------------------------------------------
2025-11-26 17:00:04,544 🔷 Checking TP/SL - 2025-11-26 16:00:04
2025-11-26 17:00:04,544 ------------------------------------------------------------
2025-11-26 17:00:04,544 🔹Strategy double_top_long : 1 open positions
2025-11-26 17:00:05,063 🔹Strategy revers_long     : 7 open positions
2025-11-26 17:00:07,926 🔹Strategy parity_long     : 8 open positions
2025-11-26 17:00:11,199 🔹Strategy revers_short    : 7 open positions
2025-11-26 17:00:14,062 🔹Strategy parity_short    : 17 open positions
2025-11-26 17:00:34,923 
------------------------------------------------------------
2025-11-26 17:00:34,923 🔷 Checking TP/SL - 2025-11-26 16:00:34
2025-11-26 17:00:34,923 ------------------------------------------------------------
2025-11-26 17:00:34,923 🔹Strategy double_top_long : 1 open positions
2025-11-26 17:00:35,332 🔹Strategy revers_long     : 7 open positions
2025-11-26 17:00:37,956 🔹Strategy parity_long     : 8 open positions
2025-11-26 17:00:41,466 🔹Strategy revers_short    : 7 open positions
2025-11-26 17:00:44,738 🔹Strategy parity_short    : 17 open positions
2025-11-26 17:00:52,286 

2025-11-26 17:00:52,286 🔀 === New candle detected ===: 2025-11-26 16:00:52 UTC
2025-11-26 17:00:52,286 

2025-11-26 17:00:52,286 
============================================================
2025-11-26 17:00:52,286 📡 Signal search - 2025-11-26 16:00:52
2025-11-26 17:00:52,286 ============================================================
2025-11-26 17:00:52,287 💾 Saving state...
2025-11-26 17:00:52,287 ➡️ double_top_long: 12/45 candles
2025-11-26 17:00:52,290 💾 Saving state...
2025-11-26 17:00:52,290 ➡️ revers_long: 11/45 candles
2025-11-26 17:00:52,290 💾 Saving state...
2025-11-26 17:00:52,290 ➡️ parity_long: 11/45 candles
2025-11-26 17:00:52,291 💾 Saving state...
2025-11-26 17:00:52,291 ➡️ revers_short: 12/45 candles
2025-11-26 17:00:52,291 💾 Saving state...
2025-11-26 17:00:52,291 ➡️ parity_short: 12/45 candles
2025-11-26 17:00:52,291 🚫 Skipping signal search for double_top_long (it has 1 open positions)
2025-11-26 17:00:52,291 🚫 Skipping signal search for revers_long (it has 7 open positions)
2025-11-26 17:00:52,291 🚫 Skipping signal search for parity_long (it has 8 open positions)
2025-11-26 17:00:52,291 🚫 Skipping signal search for revers_short (it has 7 open positions)
2025-11-26 17:00:52,291 🚫 Skipping signal search for parity_short (it has 17 open positions)
2025-11-26 17:00:52,291 
============================================================
2025-11-26 17:00:52,291 🔂 Signal cycle completed
2025-11-26 17:00:52,291 ============================================================

2025-11-26 17:01:22,295 
------------------------------------------------------------
2025-11-26 17:01:22,295 🔷 Checking TP/SL - 2025-11-26 16:01:22
2025-11-26 17:01:22,295 ------------------------------------------------------------
2025-11-26 17:01:22,295 🔹Strategy double_top_long : 1 open positions
2025-11-26 17:01:22,675 🔹Strategy revers_long     : 7 open positions
2025-11-26 17:01:25,848 🔹Strategy parity_long     : 8 open positions
2025-11-26 17:01:29,006 🔹Strategy revers_short    : 7 open positions
2025-11-26 17:01:31,879 🔹Strategy parity_short    : 17 open positions
2025-11-26 17:01:53,121 
------------------------------------------------------------
2025-11-26 17:01:53,121 🔷 Checking TP/SL - 2025-11-26 16:01:53
2025-11-26 17:01:53,121 ------------------------------------------------------------
2025-11-26 17:01:53,121 🔹Strategy double_top_long : 1 open positions
2025-11-26 17:01:53,452 🔹Strategy revers_long     : 7 open positions
2025-11-26 17:01:56,317 🔹Strategy parity_long     : 8 open positions
2025-11-26 17:01:59,691 🔹Strategy revers_short    : 7 open positions
2025-11-26 17:02:02,970 🔹Strategy parity_short    : 17 open positions
2025-11-26 17:02:23,723 
------------------------------------------------------------
2025-11-26 17:02:23,723 🔷 Checking TP/SL - 2025-11-26 16:02:23
2025-11-26 17:02:23,723 ------------------------------------------------------------
2025-11-26 17:02:23,723 🔹Strategy double_top_long : 1 open positions
2025-11-26 17:02:24,076 🔹Strategy revers_long     : 7 open positions
2025-11-26 17:02:27,200 🔹Strategy parity_long     : 8 open positions
2025-11-26 17:02:30,370 🔹Strategy revers_short    : 7 open positions
2025-11-26 17:02:33,132 🔹Strategy parity_short    : 17 open positions
2025-11-26 17:02:54,187 
------------------------------------------------------------
2025-11-26 17:02:54,187 🔷 Checking TP/SL - 2025-11-26 16:02:54
2025-11-26 17:02:54,187 ------------------------------------------------------------
2025-11-26 17:02:54,187 🔹Strategy double_top_long : 1 open positions
2025-11-26 17:02:54,501 🔹Strategy revers_long     : 7 open positions
2025-11-26 17:02:57,364 🔹Strategy parity_long     : 8 open positions
2025-11-26 17:03:00,535 🔹Strategy revers_short    : 7 open positions
2025-11-26 17:03:03,295 🔹Strategy parity_short    : 17 open positions
2025-11-26 17:03:24,658 
------------------------------------------------------------
2025-11-26 17:03:24,658 🔷 Checking TP/SL - 2025-11-26 16:03:24
2025-11-26 17:03:24,658 ------------------------------------------------------------
2025-11-26 17:03:24,658 🔹Strategy double_top_long : 1 open positions
2025-11-26 17:03:24,970 🔹Strategy revers_long     : 7 open positions
2025-11-26 17:03:27,936 🔹Strategy parity_long     : 8 open positions
2025-11-26 17:03:31,108 🔹Strategy revers_short    : 7 open positions
2025-11-26 17:03:34,073 🔹Strategy parity_short    : 17 open positions
2025-11-26 17:03:54,850 
------------------------------------------------------------
2025-11-26 17:03:54,850 🔷 Checking TP/SL - 2025-11-26 16:03:54
2025-11-26 17:03:54,850 ------------------------------------------------------------
2025-11-26 17:03:54,850 🔹Strategy double_top_long : 1 open positions
2025-11-26 17:03:55,241 🔹Strategy revers_long     : 7 open positions
2025-11-26 17:03:58,104 🔹Strategy parity_long     : 8 open positions
2025-11-26 17:04:01,274 🔹Strategy revers_short    : 7 open positions
2025-11-26 17:04:04,549 🔹Strategy parity_short    : 17 open positions
2025-11-26 17:04:25,117 
------------------------------------------------------------
2025-11-26 17:04:25,117 🔷 Checking TP/SL - 2025-11-26 16:04:25
2025-11-26 17:04:25,117 ------------------------------------------------------------
2025-11-26 17:04:25,117 🔹Strategy double_top_long : 1 open positions
2025-11-26 17:04:25,507 🔹Strategy revers_long     : 7 open positions
2025-11-26 17:04:28,575 🔹Strategy parity_long     : 8 open positions
2025-11-26 17:04:31,643 🔹Strategy revers_short    : 7 open positions
2025-11-26 17:04:34,506 🔹Strategy parity_short    : 17 open positions
2025-11-26 17:04:55,673 
------------------------------------------------------------
2025-11-26 17:04:55,673 🔷 Checking TP/SL - 2025-11-26 16:04:55
2025-11-26 17:04:55,673 ------------------------------------------------------------
2025-11-26 17:04:55,673 🔹Strategy double_top_long : 1 open positions
2025-11-26 17:04:56,085 🔹Strategy revers_long     : 7 open positions
2025-11-26 17:04:59,262 🔹Strategy parity_long     : 8 open positions
2025-11-26 17:05:02,528 🔹Strategy revers_short    : 7 open positions
2025-11-26 17:05:05,493 🔹Strategy parity_short    : 17 open positions
2025-11-26 17:05:26,267 
------------------------------------------------------------
2025-11-26 17:05:26,267 🔷 Checking TP/SL - 2025-11-26 16:05:26
2025-11-26 17:05:26,267 ------------------------------------------------------------
2025-11-26 17:05:26,267 🔹Strategy double_top_long : 1 open positions
2025-11-26 17:05:26,656 🔹Strategy revers_long     : 7 open positions
2025-11-26 17:05:29,419 🔹Strategy parity_long     : 8 open positions
2025-11-26 17:05:32,486 🔹Strategy revers_short    : 7 open positions
2025-11-26 17:05:35,452 🔹Strategy parity_short    : 17 open positions
2025-11-26 17:05:56,309 
------------------------------------------------------------
2025-11-26 17:05:56,309 🔷 Checking TP/SL - 2025-11-26 16:05:56
2025-11-26 17:05:56,309 ------------------------------------------------------------
2025-11-26 17:05:56,309 🔹Strategy double_top_long : 1 open positions
2025-11-26 17:05:56,723 🔹Strategy revers_long     : 7 open positions
2025-11-26 17:05:59,711 🔹Strategy parity_long     : 8 open positions
2025-11-26 17:06:03,268 🔹Strategy revers_short    : 7 open positions
2025-11-26 17:06:06,537 🔹Strategy parity_short    : 17 open positions
2025-11-26 17:06:26,494 
------------------------------------------------------------
2025-11-26 17:06:26,494 🔷 Checking TP/SL - 2025-11-26 16:06:26
2025-11-26 17:06:26,494 ------------------------------------------------------------
2025-11-26 17:06:26,495 🔹Strategy double_top_long : 1 open positions
2025-11-26 17:06:26,798 🔹Strategy revers_long     : 7 open positions
2025-11-26 17:06:29,659 🔹Strategy parity_long     : 8 open positions
2025-11-26 17:06:32,822 🔹Strategy revers_short    : 7 open positions
2025-11-26 17:06:35,786 🔹Strategy parity_short    : 17 open positions
2025-11-26 17:06:56,946 
------------------------------------------------------------
2025-11-26 17:06:56,946 🔷 Checking TP/SL - 2025-11-26 16:06:56
2025-11-26 17:06:56,946 ------------------------------------------------------------
2025-11-26 17:06:56,946 🔹Strategy double_top_long : 1 open positions
2025-11-26 17:06:57,258 🔹Strategy revers_long     : 7 open positions
2025-11-26 17:06:59,917 🔹Strategy parity_long     : 8 open positions
2025-11-26 17:07:03,394 🔹Strategy revers_short    : 7 open positions
2025-11-26 17:07:06,360 🔹Strategy parity_short    : 17 open positions
2025-11-26 17:07:27,114 
------------------------------------------------------------
2025-11-26 17:07:27,114 🔷 Checking TP/SL - 2025-11-26 16:07:27
2025-11-26 17:07:27,114 ------------------------------------------------------------
2025-11-26 17:07:27,114 🔹Strategy double_top_long : 1 open positions
2025-11-26 17:07:27,529 🔹Strategy revers_long     : 7 open positions
2025-11-26 17:07:30,392 🔹Strategy parity_long     : 8 open positions
2025-11-26 17:07:33,869 🔹Strategy revers_short    : 7 open positions
2025-11-26 17:07:36,732 🔹Strategy parity_short    : 17 open positions
2025-11-26 17:07:57,481 
------------------------------------------------------------
2025-11-26 17:07:57,482 🔷 Checking TP/SL - 2025-11-26 16:07:57
2025-11-26 17:07:57,482 ------------------------------------------------------------
2025-11-26 17:07:57,482 🔹Strategy double_top_long : 1 open positions
2025-11-26 17:07:57,900 🔹Strategy revers_long     : 7 open positions
2025-11-26 17:08:00,862 🔹Strategy parity_long     : 8 open positions
2025-11-26 17:08:04,238 🔹Strategy revers_short    : 7 open positions
2025-11-26 17:08:07,497 🔹Strategy parity_short    : 17 open positions
2025-11-26 17:08:27,578 
------------------------------------------------------------
2025-11-26 17:08:27,578 🔷 Checking TP/SL - 2025-11-26 16:08:27
2025-11-26 17:08:27,578 ------------------------------------------------------------
2025-11-26 17:08:27,578 🔹Strategy double_top_long : 1 open positions
2025-11-26 17:08:27,963 🔹Strategy revers_long     : 7 open positions
2025-11-26 17:08:30,726 🔹Strategy parity_long     : 8 open positions
2025-11-26 17:08:34,200 🔹Strategy revers_short    : 7 open positions
2025-11-26 17:08:37,167 🔹Strategy parity_short    : 17 open positions
2025-11-26 17:08:57,638 
------------------------------------------------------------
2025-11-26 17:08:57,638 🔷 Checking TP/SL - 2025-11-26 16:08:57
2025-11-26 17:08:57,638 ------------------------------------------------------------
2025-11-26 17:08:57,638 🔹Strategy double_top_long : 1 open positions
2025-11-26 17:08:58,126 🔹Strategy revers_long     : 7 open positions
2025-11-26 17:09:00,878 🔹Strategy parity_long     : 8 open positions
2025-11-26 17:09:04,057 🔹Strategy revers_short    : 7 open positions
2025-11-26 17:09:06,715 🔹Strategy parity_short    : 17 open positions
2025-11-26 17:09:28,474 
------------------------------------------------------------
2025-11-26 17:09:28,474 🔷 Checking TP/SL - 2025-11-26 16:09:28
2025-11-26 17:09:28,474 ------------------------------------------------------------
2025-11-26 17:09:28,474 🔹Strategy double_top_long : 1 open positions
2025-11-26 17:09:28,811 🔹Strategy revers_long     : 7 open positions
2025-11-26 17:09:31,668 🔹Strategy parity_long     : 8 open positions
2025-11-26 17:09:35,040 🔹Strategy revers_short    : 7 open positions
2025-11-26 17:09:38,005 🔹Strategy parity_short    : 17 open positions
2025-11-26 17:09:58,655 
------------------------------------------------------------
2025-11-26 17:09:58,655 🔷 Checking TP/SL - 2025-11-26 16:09:58
2025-11-26 17:09:58,655 ------------------------------------------------------------
2025-11-26 17:09:58,655 🔹Strategy double_top_long : 1 open positions
2025-11-26 17:09:59,077 🔹Strategy revers_long     : 7 open positions
2025-11-26 17:10:02,754 🔹Strategy parity_long     : 8 open positions
2025-11-26 17:10:05,435 🔹Strategy revers_short    : 7 open positions
2025-11-26 17:10:07,973 🔹Strategy parity_short    : 17 open positions
2025-11-26 17:10:29,049 
------------------------------------------------------------
2025-11-26 17:10:29,049 🔷 Checking TP/SL - 2025-11-26 16:10:29
2025-11-26 17:10:29,049 ------------------------------------------------------------
2025-11-26 17:10:29,049 🔹Strategy double_top_long : 1 open positions
2025-11-26 17:10:29,440 🔹Strategy revers_long     : 7 open positions
2025-11-26 17:10:32,201 🔹Strategy parity_long     : 8 open positions
2025-11-26 17:10:35,169 🔹Strategy revers_short    : 7 open positions
2025-11-26 17:10:37,619 🔹Strategy parity_short    : 17 open positions
2025-11-26 17:10:59,885 
------------------------------------------------------------
2025-11-26 17:10:59,885 🔷 Checking TP/SL - 2025-11-26 16:10:59
2025-11-26 17:10:59,885 ------------------------------------------------------------
2025-11-26 17:10:59,885 🔹Strategy double_top_long : 1 open positions
2025-11-26 17:11:00,222 🔹Strategy revers_long     : 7 open positions
2025-11-26 17:11:03,392 🔹Strategy parity_long     : 8 open positions
2025-11-26 17:11:06,968 🔹Strategy revers_short    : 7 open positions
2025-11-26 17:11:09,729 🔹Strategy parity_short    : 17 open positions
2025-11-26 17:11:30,385 
------------------------------------------------------------
2025-11-26 17:11:30,385 🔷 Checking TP/SL - 2025-11-26 16:11:30
2025-11-26 17:11:30,385 ------------------------------------------------------------
2025-11-26 17:11:30,385 🔹Strategy double_top_long : 1 open positions
2025-11-26 17:11:30,693 🔹Strategy revers_long     : 7 open positions
2025-11-26 17:11:33,453 🔹Strategy parity_long     : 8 open positions
2025-11-26 17:11:36,932 🔹Strategy revers_short    : 7 open positions
2025-11-26 17:11:39,794 🔹Strategy parity_short    : 17 open positions
2025-11-26 17:12:00,653 
------------------------------------------------------------
2025-11-26 17:12:00,653 🔷 Checking TP/SL - 2025-11-26 16:12:00
2025-11-26 17:12:00,653 ------------------------------------------------------------
2025-11-26 17:12:00,653 🔹Strategy double_top_long : 1 open positions
2025-11-26 17:12:00,963 🔹Strategy revers_long     : 7 open positions
2025-11-26 17:12:04,027 🔹Strategy parity_long     : 8 open positions
2025-11-26 17:12:07,403 🔹Strategy revers_short    : 7 open positions
2025-11-26 17:12:10,163 🔹Strategy parity_short    : 17 open positions
2025-11-26 17:12:31,222 
------------------------------------------------------------
2025-11-26 17:12:31,222 🔷 Checking TP/SL - 2025-11-26 16:12:31
2025-11-26 17:12:31,222 ------------------------------------------------------------
2025-11-26 17:12:31,222 🔹Strategy double_top_long : 1 open positions
2025-11-26 17:12:31,536 🔹Strategy revers_long     : 7 open positions
2025-11-26 17:12:34,194 🔹Strategy parity_long     : 8 open positions
2025-11-26 17:12:37,873 🔹Strategy revers_short    : 7 open positions
2025-11-26 17:12:40,736 🔹Strategy parity_short    : 17 open positions
2025-11-26 17:13:01,386 
------------------------------------------------------------
2025-11-26 17:13:01,386 🔷 Checking TP/SL - 2025-11-26 16:13:01
2025-11-26 17:13:01,386 ------------------------------------------------------------
2025-11-26 17:13:01,386 🔹Strategy double_top_long : 1 open positions
2025-11-26 17:13:01,689 🔹Strategy revers_long     : 7 open positions
2025-11-26 17:13:04,563 🔹Strategy parity_long     : 8 open positions
2025-11-26 17:13:07,836 🔹Strategy revers_short    : 7 open positions
2025-11-26 17:13:10,699 🔹Strategy parity_short    : 17 open positions
2025-11-26 17:13:31,857 
------------------------------------------------------------
2025-11-26 17:13:31,857 🔷 Checking TP/SL - 2025-11-26 16:13:31
2025-11-26 17:13:31,857 ------------------------------------------------------------
2025-11-26 17:13:31,857 🔹Strategy double_top_long : 1 open positions
2025-11-26 17:13:32,273 🔹Strategy revers_long     : 7 open positions
2025-11-26 17:13:35,238 🔹Strategy parity_long     : 8 open positions
2025-11-26 17:13:38,722 🔹Strategy revers_short    : 7 open positions
2025-11-26 17:13:41,659 🔹Strategy parity_short    : 17 open positions
2025-11-26 17:14:01,963 
------------------------------------------------------------
2025-11-26 17:14:01,963 🔷 Checking TP/SL - 2025-11-26 16:14:01
2025-11-26 17:14:01,963 ------------------------------------------------------------
2025-11-26 17:14:01,963 🔹Strategy double_top_long : 1 open positions
2025-11-26 17:14:02,340 🔹Strategy revers_long     : 7 open positions
2025-11-26 17:14:05,408 🔹Strategy parity_long     : 8 open positions
2025-11-26 17:14:09,292 🔹Strategy revers_short    : 7 open positions
2025-11-26 17:14:12,361 🔹Strategy parity_short    : 17 open positions
2025-11-26 17:14:32,419 
------------------------------------------------------------
2025-11-26 17:14:32,419 🔷 Checking TP/SL - 2025-11-26 16:14:32
2025-11-26 17:14:32,419 ------------------------------------------------------------
2025-11-26 17:14:32,419 🔹Strategy double_top_long : 1 open positions
2025-11-26 17:14:32,809 🔹Strategy revers_long     : 7 open positions
2025-11-26 17:14:35,470 🔹Strategy parity_long     : 8 open positions
2025-11-26 17:14:38,433 🔹Strategy revers_short    : 7 open positions
2025-11-26 17:14:41,296 🔹Strategy parity_short    : 17 open positions
2025-11-26 17:15:02,684 
------------------------------------------------------------
2025-11-26 17:15:02,684 🔷 Checking TP/SL - 2025-11-26 16:15:02
2025-11-26 17:15:02,684 ------------------------------------------------------------
2025-11-26 17:15:02,684 🔹Strategy double_top_long : 1 open positions
2025-11-26 17:15:03,077 🔹Strategy revers_long     : 7 open positions
2025-11-26 17:15:05,836 🔹Strategy parity_long     : 8 open positions
2025-11-26 17:15:08,802 🔹Strategy revers_short    : 7 open positions
2025-11-26 17:15:11,872 🔹Strategy parity_short    : 17 open positions
2025-11-26 17:15:32,749 
------------------------------------------------------------
2025-11-26 17:15:32,749 🔷 Checking TP/SL - 2025-11-26 16:15:32
2025-11-26 17:15:32,749 ------------------------------------------------------------
2025-11-26 17:15:32,749 🔹Strategy double_top_long : 1 open positions
2025-11-26 17:15:33,060 🔹Strategy revers_long     : 7 open positions
2025-11-26 17:15:35,693 🔹Strategy parity_long     : 8 open positions
2025-11-26 17:15:39,074 🔹Strategy revers_short    : 7 open positions
2025-11-26 17:15:41,936 🔹Strategy parity_short    : 17 open positions
2025-11-26 17:16:03,680 
------------------------------------------------------------
2025-11-26 17:16:03,680 🔷 Checking TP/SL - 2025-11-26 16:16:03
2025-11-26 17:16:03,680 ------------------------------------------------------------
2025-11-26 17:16:03,680 🔹Strategy double_top_long : 1 open positions
2025-11-26 17:16:04,023 🔹Strategy revers_long     : 7 open positions
2025-11-26 17:16:06,578 🔹Strategy parity_long     : 8 open positions
2025-11-26 17:16:09,544 🔹Strategy revers_short    : 7 open positions
2025-11-26 17:16:12,714 🔹Strategy parity_short    : 17 open positions
2025-11-26 17:16:33,975 
------------------------------------------------------------
2025-11-26 17:16:33,975 🔷 Checking TP/SL - 2025-11-26 16:16:33
2025-11-26 17:16:33,975 ------------------------------------------------------------
2025-11-26 17:16:33,975 🔹Strategy double_top_long : 1 open positions
2025-11-26 17:16:34,391 🔹Strategy revers_long     : 7 open positions
2025-11-26 17:16:37,055 🔹Strategy parity_long     : 8 open positions
2025-11-26 17:16:40,220 🔹Strategy revers_short    : 7 open positions
2025-11-26 17:16:43,289 🔹Strategy parity_short    : 17 open positions
2025-11-26 17:17:04,041 
------------------------------------------------------------
2025-11-26 17:17:04,041 🔷 Checking TP/SL - 2025-11-26 16:17:04
2025-11-26 17:17:04,041 ------------------------------------------------------------
2025-11-26 17:17:04,041 🔹Strategy double_top_long : 1 open positions
2025-11-26 17:17:04,355 🔹Strategy revers_long     : 7 open positions
2025-11-26 17:17:07,220 🔹Strategy parity_long     : 8 open positions
2025-11-26 17:17:10,389 🔹Strategy revers_short    : 7 open positions
2025-11-26 17:17:12,951 🔹Strategy parity_short    : 17 open positions
2025-11-26 17:17:34,513 
------------------------------------------------------------
2025-11-26 17:17:34,513 🔷 Checking TP/SL - 2025-11-26 16:17:34
2025-11-26 17:17:34,513 ------------------------------------------------------------
2025-11-26 17:17:34,513 🔹Strategy double_top_long : 1 open positions
2025-11-26 17:17:35,237 🔹Strategy revers_long     : 7 open positions
2025-11-26 17:17:38,081 🔹Strategy parity_long     : 8 open positions
2025-11-26 17:17:40,964 🔹Strategy revers_short    : 7 open positions
2025-11-26 17:17:43,729 🔹Strategy parity_short    : 17 open positions
2025-11-26 17:18:04,804 
------------------------------------------------------------
2025-11-26 17:18:04,804 🔷 Checking TP/SL - 2025-11-26 16:18:04
2025-11-26 17:18:04,804 ------------------------------------------------------------
2025-11-26 17:18:04,804 🔹Strategy double_top_long : 1 open positions
2025-11-26 17:18:05,199 🔹Strategy revers_long     : 7 open positions
2025-11-26 17:18:08,058 🔹Strategy parity_long     : 8 open positions
2025-11-26 17:18:11,434 🔹Strategy revers_short    : 7 open positions
2025-11-26 17:18:14,296 🔹Strategy parity_short    : 17 open positions
2025-11-26 17:18:35,562 
------------------------------------------------------------
2025-11-26 17:18:35,562 🔷 Checking TP/SL - 2025-11-26 16:18:35
2025-11-26 17:18:35,562 ------------------------------------------------------------
2025-11-26 17:18:35,562 🔹Strategy double_top_long : 1 open positions
2025-11-26 17:18:36,178 🔹Strategy revers_long     : 7 open positions
2025-11-26 17:18:38,756 🔹Strategy parity_long     : 8 open positions
2025-11-26 17:18:42,219 🔹Strategy revers_short    : 7 open positions
2025-11-26 17:18:45,792 🔹Strategy parity_short    : 17 open positions
2025-11-26 17:19:06,544 
------------------------------------------------------------
2025-11-26 17:19:06,544 🔷 Checking TP/SL - 2025-11-26 16:19:06
2025-11-26 17:19:06,544 ------------------------------------------------------------
2025-11-26 17:19:06,544 🔹Strategy double_top_long : 1 open positions
2025-11-26 17:19:06,858 🔹Strategy revers_long     : 7 open positions
2025-11-26 17:19:09,927 🔹Strategy parity_long     : 8 open positions
2025-11-26 17:19:12,989 🔹Strategy revers_short    : 7 open positions
2025-11-26 17:19:15,857 🔹Strategy parity_short    : 17 open positions
2025-11-26 17:19:36,915 
------------------------------------------------------------
2025-11-26 17:19:36,915 🔷 Checking TP/SL - 2025-11-26 16:19:36
2025-11-26 17:19:36,915 ------------------------------------------------------------
2025-11-26 17:19:36,915 🔹Strategy double_top_long : 1 open positions
2025-11-26 17:19:37,331 🔹Strategy revers_long     : 7 open positions
2025-11-26 17:19:40,295 🔹Strategy parity_long     : 8 open positions
2025-11-26 17:19:43,363 🔹Strategy revers_short    : 7 open positions
2025-11-26 17:19:46,226 🔹Strategy parity_short    : 17 open positions
2025-11-26 17:20:07,013 
------------------------------------------------------------
2025-11-26 17:20:07,013 🔷 Checking TP/SL - 2025-11-26 16:20:07
2025-11-26 17:20:07,014 ------------------------------------------------------------
2025-11-26 17:20:07,014 🔹Strategy double_top_long : 1 open positions
2025-11-26 17:20:07,494 🔹Strategy revers_long     : 7 open positions
2025-11-26 17:20:10,459 🔹Strategy parity_long     : 8 open positions
2025-11-26 17:20:13,629 🔹Strategy revers_short    : 7 open positions
2025-11-26 17:20:16,279 🔹Strategy parity_short    : 17 open positions
2025-11-26 17:20:37,690 
------------------------------------------------------------
2025-11-26 17:20:37,690 🔷 Checking TP/SL - 2025-11-26 16:20:37
2025-11-26 17:20:37,690 ------------------------------------------------------------
2025-11-26 17:20:37,690 🔹Strategy double_top_long : 1 open positions
2025-11-26 17:20:38,072 🔹Strategy revers_long     : 7 open positions
2025-11-26 17:20:40,935 🔹Strategy parity_long     : 8 open positions
2025-11-26 17:20:44,203 🔹Strategy revers_short    : 7 open positions
2025-11-26 17:20:47,067 🔹Strategy parity_short    : 17 open positions
2025-11-26 17:21:08,657 
------------------------------------------------------------
2025-11-26 17:21:08,657 🔷 Checking TP/SL - 2025-11-26 16:21:08
2025-11-26 17:21:08,657 ------------------------------------------------------------
2025-11-26 17:21:08,657 🔹Strategy double_top_long : 1 open positions
2025-11-26 17:21:09,054 🔹Strategy revers_long     : 7 open positions
2025-11-26 17:21:12,122 🔹Strategy parity_long     : 8 open positions
2025-11-26 17:21:15,391 🔹Strategy revers_short    : 7 open positions
2025-11-26 17:21:18,357 🔹Strategy parity_short    : 17 open positions
2025-11-26 17:21:38,724 
------------------------------------------------------------
2025-11-26 17:21:38,724 🔷 Checking TP/SL - 2025-11-26 16:21:38
2025-11-26 17:21:38,724 ------------------------------------------------------------
2025-11-26 17:21:38,724 🔹Strategy double_top_long : 1 open positions
2025-11-26 17:21:39,117 🔹Strategy revers_long     : 7 open positions
2025-11-26 17:21:42,082 🔹Strategy parity_long     : 8 open positions
2025-11-26 17:21:45,080 🔹Strategy revers_short    : 7 open positions
2025-11-26 17:21:47,913 🔹Strategy parity_short    : 17 open positions
2025-11-26 17:22:09,073 
------------------------------------------------------------
2025-11-26 17:22:09,073 🔷 Checking TP/SL - 2025-11-26 16:22:09
2025-11-26 17:22:09,075 ------------------------------------------------------------
2025-11-26 17:22:09,075 🔹Strategy double_top_long : 1 open positions
2025-11-26 17:22:09,489 🔹Strategy revers_long     : 7 open positions
2025-11-26 17:22:12,359 🔹Strategy parity_long     : 8 open positions
2025-11-26 17:22:15,623 🔹Strategy revers_short    : 7 open positions
2025-11-26 17:22:18,177 🔹Strategy parity_short    : 17 open positions
2025-11-26 17:22:39,726 
------------------------------------------------------------
2025-11-26 17:22:39,726 🔷 Checking TP/SL - 2025-11-26 16:22:39
2025-11-26 17:22:39,726 ------------------------------------------------------------
2025-11-26 17:22:39,726 🔹Strategy double_top_long : 1 open positions
2025-11-26 17:22:40,063 🔹Strategy revers_long     : 7 open positions
2025-11-26 17:22:43,086 🔹Strategy parity_long     : 8 open positions
2025-11-26 17:22:45,892 🔹Strategy revers_short    : 7 open positions
2025-11-26 17:22:48,754 🔹Strategy parity_short    : 17 open positions
2025-11-26 17:23:10,405 
------------------------------------------------------------
2025-11-26 17:23:10,405 🔷 Checking TP/SL - 2025-11-26 16:23:10
2025-11-26 17:23:10,405 ------------------------------------------------------------
2025-11-26 17:23:10,405 🔹Strategy double_top_long : 1 open positions
2025-11-26 17:23:10,841 🔹Strategy revers_long     : 7 open positions
2025-11-26 17:23:14,216 🔹Strategy parity_long     : 8 open positions
2025-11-26 17:23:17,793 🔹Strategy revers_short    : 7 open positions
2025-11-26 17:23:20,327 🔹Strategy parity_short    : 17 open positions
2025-11-26 17:23:40,589 
------------------------------------------------------------
2025-11-26 17:23:40,589 🔷 Checking TP/SL - 2025-11-26 16:23:40
2025-11-26 17:23:40,589 ------------------------------------------------------------
2025-11-26 17:23:40,589 🔹Strategy double_top_long : 1 open positions
2025-11-26 17:23:40,894 🔹Strategy revers_long     : 7 open positions
2025-11-26 17:23:43,971 🔹Strategy parity_long     : 8 open positions
2025-11-26 17:23:47,141 🔹Strategy revers_short    : 7 open positions
2025-11-26 17:23:50,107 🔹Strategy parity_short    : 17 open positions
2025-11-26 17:24:10,599 
------------------------------------------------------------
2025-11-26 17:24:10,599 🔷 Checking TP/SL - 2025-11-26 16:24:10
2025-11-26 17:24:10,599 ------------------------------------------------------------
2025-11-26 17:24:10,599 🔹Strategy double_top_long : 1 open positions
2025-11-26 17:24:10,968 🔹Strategy revers_long     : 7 open positions
2025-11-26 17:24:14,852 🔹Strategy parity_long     : 8 open positions
2025-11-26 17:24:17,920 🔹Strategy revers_short    : 7 open positions
2025-11-26 17:24:20,685 🔹Strategy parity_short    : 17 open positions
2025-11-26 17:24:41,026 
------------------------------------------------------------
2025-11-26 17:24:41,026 🔷 Checking TP/SL - 2025-11-26 16:24:41
2025-11-26 17:24:41,026 ------------------------------------------------------------
2025-11-26 17:24:41,026 🔹Strategy double_top_long : 1 open positions
2025-11-26 17:24:41,440 🔹Strategy revers_long     : 7 open positions
2025-11-26 17:24:44,200 🔹Strategy parity_long     : 8 open positions
2025-11-26 17:24:47,273 🔹Strategy revers_short    : 7 open positions
2025-11-26 17:24:50,021 🔹Strategy parity_short    : 17 open positions
2025-11-26 17:25:11,475 
------------------------------------------------------------
2025-11-26 17:25:11,476 🔷 Checking TP/SL - 2025-11-26 16:25:11
2025-11-26 17:25:11,476 ------------------------------------------------------------
2025-11-26 17:25:11,476 🔹Strategy double_top_long : 1 open positions
2025-11-26 17:25:11,813 🔹Strategy revers_long     : 7 open positions
2025-11-26 17:25:14,568 🔹Strategy parity_long     : 8 open positions
2025-11-26 17:25:17,843 🔹Strategy revers_short    : 7 open positions
2025-11-26 17:25:20,812 🔹Strategy parity_short    : 17 open positions
2025-11-26 17:25:41,565 
------------------------------------------------------------
2025-11-26 17:25:41,565 🔷 Checking TP/SL - 2025-11-26 16:25:41
2025-11-26 17:25:41,565 ------------------------------------------------------------
2025-11-26 17:25:41,565 🔹Strategy double_top_long : 1 open positions
2025-11-26 17:25:42,279 🔹Strategy revers_long     : 7 open positions
2025-11-26 17:25:45,142 🔹Strategy parity_long     : 8 open positions
2025-11-26 17:25:48,211 🔹Strategy revers_short    : 7 open positions
2025-11-26 17:25:51,080 🔹Strategy parity_short    : 17 open positions
2025-11-26 17:26:11,928 
------------------------------------------------------------
2025-11-26 17:26:11,928 🔷 Checking TP/SL - 2025-11-26 16:26:11
2025-11-26 17:26:11,928 ------------------------------------------------------------
2025-11-26 17:26:11,929 🔹Strategy double_top_long : 1 open positions
2025-11-26 17:26:12,344 🔹Strategy revers_long     : 7 open positions
2025-11-26 17:26:15,310 🔹Strategy parity_long     : 8 open positions
2025-11-26 17:26:18,175 🔹Strategy revers_short    : 7 open positions
2025-11-26 17:26:21,241 🔹Strategy parity_short    : 17 open positions
2025-11-26 17:26:42,092 
------------------------------------------------------------
2025-11-26 17:26:42,092 🔷 Checking TP/SL - 2025-11-26 16:26:42
2025-11-26 17:26:42,092 ------------------------------------------------------------
2025-11-26 17:26:42,092 🔹Strategy double_top_long : 1 open positions
2025-11-26 17:26:42,483 🔹Strategy revers_long     : 7 open positions
2025-11-26 17:26:45,578 🔹Strategy parity_long     : 8 open positions
2025-11-26 17:26:49,162 🔹Strategy revers_short    : 7 open positions
2025-11-26 17:26:52,020 🔹Strategy parity_short    : 17 open positions
2025-11-26 17:27:12,974 
------------------------------------------------------------
2025-11-26 17:27:12,974 🔷 Checking TP/SL - 2025-11-26 16:27:12
2025-11-26 17:27:12,974 ------------------------------------------------------------
2025-11-26 17:27:12,974 🔹Strategy double_top_long : 1 open positions
2025-11-26 17:27:13,390 🔹Strategy revers_long     : 7 open positions
2025-11-26 17:27:16,252 🔹Strategy parity_long     : 8 open positions
2025-11-26 17:27:19,526 🔹Strategy revers_short    : 7 open positions
2025-11-26 17:27:22,696 🔹Strategy parity_short    : 17 open positions
2025-11-26 17:27:43,053 
------------------------------------------------------------
2025-11-26 17:27:43,053 🔷 Checking TP/SL - 2025-11-26 16:27:43
2025-11-26 17:27:43,053 ------------------------------------------------------------
2025-11-26 17:27:43,053 🔹Strategy double_top_long : 1 open positions
2025-11-26 17:27:43,562 🔹Strategy revers_long     : 7 open positions
2025-11-26 17:27:46,215 🔹Strategy parity_long     : 8 open positions
2025-11-26 17:27:49,184 🔹Strategy revers_short    : 7 open positions
2025-11-26 17:27:52,454 🔹Strategy parity_short    : 17 open positions
2025-11-26 17:28:13,305 
------------------------------------------------------------
2025-11-26 17:28:13,305 🔷 Checking TP/SL - 2025-11-26 16:28:13
2025-11-26 17:28:13,305 ------------------------------------------------------------
2025-11-26 17:28:13,305 🔹Strategy double_top_long : 1 open positions
2025-11-26 17:28:13,722 🔹Strategy revers_long     : 7 open positions
2025-11-26 17:28:16,584 🔹Strategy parity_long     : 8 open positions
2025-11-26 17:28:19,755 🔹Strategy revers_short    : 7 open positions
2025-11-26 17:28:22,618 🔹Strategy parity_short    : 17 open positions
2025-11-26 17:28:43,776 
------------------------------------------------------------
2025-11-26 17:28:43,776 🔷 Checking TP/SL - 2025-11-26 16:28:43
2025-11-26 17:28:43,776 ------------------------------------------------------------
2025-11-26 17:28:43,776 🔹Strategy double_top_long : 1 open positions
2025-11-26 17:28:44,294 🔹Strategy revers_long     : 7 open positions
2025-11-26 17:28:47,158 🔹Strategy parity_long     : 8 open positions
2025-11-26 17:28:50,235 🔹Strategy revers_short    : 7 open positions
2025-11-26 17:28:52,679 🔹Strategy parity_short    : 17 open positions
2025-11-26 17:29:14,227 
------------------------------------------------------------
2025-11-26 17:29:14,228 🔷 Checking TP/SL - 2025-11-26 16:29:14
2025-11-26 17:29:14,228 ------------------------------------------------------------
2025-11-26 17:29:14,228 🔹Strategy double_top_long : 1 open positions
2025-11-26 17:29:14,660 🔹Strategy revers_long     : 7 open positions
2025-11-26 17:29:17,629 🔹Strategy parity_long     : 8 open positions
2025-11-26 17:29:20,908 🔹Strategy revers_short    : 7 open positions
2025-11-26 17:29:23,764 🔹Strategy parity_short    : 17 open positions
2025-11-26 17:29:44,723 
------------------------------------------------------------
2025-11-26 17:29:44,723 🔷 Checking TP/SL - 2025-11-26 16:29:44
2025-11-26 17:29:44,723 ------------------------------------------------------------
2025-11-26 17:29:44,723 🔹Strategy double_top_long : 1 open positions
2025-11-26 17:29:45,138 🔹Strategy revers_long     : 7 open positions
2025-11-26 17:29:48,104 🔹Strategy parity_long     : 8 open positions
2025-11-26 17:29:51,378 🔹Strategy revers_short    : 7 open positions
2025-11-26 17:29:54,240 🔹Strategy parity_short    : 17 open positions
2025-11-26 17:30:15,503 
------------------------------------------------------------
2025-11-26 17:30:15,504 🔷 Checking TP/SL - 2025-11-26 16:30:15
2025-11-26 17:30:15,504 ------------------------------------------------------------
2025-11-26 17:30:15,504 🔹Strategy double_top_long : 1 open positions
2025-11-26 17:30:15,917 🔹Strategy revers_long     : 7 open positions
2025-11-26 17:30:18,473 🔹Strategy parity_long     : 8 open positions
2025-11-26 17:30:21,542 🔹Strategy revers_short    : 7 open positions
2025-11-26 17:30:24,301 🔹Strategy parity_short    : 17 open positions
2025-11-26 17:30:46,464 
------------------------------------------------------------
2025-11-26 17:30:46,464 🔷 Checking TP/SL - 2025-11-26 16:30:46
2025-11-26 17:30:46,464 ------------------------------------------------------------
2025-11-26 17:30:46,464 🔹Strategy double_top_long : 1 open positions
2025-11-26 17:30:46,801 🔹Strategy revers_long     : 7 open positions
2025-11-26 17:30:49,767 🔹Strategy parity_long     : 8 open positions
2025-11-26 17:30:53,446 🔹Strategy revers_short    : 7 open positions
2025-11-26 17:30:56,417 🔹Strategy parity_short    : 17 open positions
2025-11-26 17:31:16,572 
------------------------------------------------------------
2025-11-26 17:31:16,573 🔷 Checking TP/SL - 2025-11-26 16:31:16
2025-11-26 17:31:16,573 ------------------------------------------------------------
2025-11-26 17:31:16,573 🔹Strategy double_top_long : 1 open positions
2025-11-26 17:31:16,965 🔹Strategy revers_long     : 7 open positions
2025-11-26 17:31:20,035 🔹Strategy parity_long     : 8 open positions
2025-11-26 17:31:23,511 🔹Strategy revers_short    : 7 open positions
2025-11-26 17:31:26,579 🔹Strategy parity_short    : 17 open positions
2025-11-26 17:31:47,045 
------------------------------------------------------------
2025-11-26 17:31:47,045 🔷 Checking TP/SL - 2025-11-26 16:31:47
2025-11-26 17:31:47,045 ------------------------------------------------------------
2025-11-26 17:31:47,045 🔹Strategy double_top_long : 1 open positions
2025-11-26 17:31:47,436 🔹Strategy revers_long     : 7 open positions
2025-11-26 17:31:50,606 🔹Strategy parity_long     : 8 open positions
2025-11-26 17:31:53,983 🔹Strategy revers_short    : 7 open positions
2025-11-26 17:31:56,743 🔹Strategy parity_short    : 17 open positions
2025-11-26 17:32:17,803 
------------------------------------------------------------
2025-11-26 17:32:17,803 🔷 Checking TP/SL - 2025-11-26 16:32:17
2025-11-26 17:32:17,803 ------------------------------------------------------------
2025-11-26 17:32:17,803 🔹Strategy double_top_long : 1 open positions
2025-11-26 17:32:18,102 🔹Strategy revers_long     : 7 open positions
2025-11-26 17:32:20,998 🔹Strategy parity_long     : 8 open positions
2025-11-26 17:32:24,366 🔹Strategy revers_short    : 7 open positions
2025-11-26 17:32:27,116 🔹Strategy parity_short    : 17 open positions
2025-11-26 17:32:48,456 
------------------------------------------------------------
2025-11-26 17:32:48,456 🔷 Checking TP/SL - 2025-11-26 16:32:48
2025-11-26 17:32:48,456 ------------------------------------------------------------
2025-11-26 17:32:48,456 🔹Strategy double_top_long : 1 open positions
2025-11-26 17:32:48,792 🔹Strategy revers_long     : 7 open positions
2025-11-26 17:32:51,553 🔹Strategy parity_long     : 8 open positions
2025-11-26 17:32:54,206 
🔚 Interrupted by user.
2025-11-26 17:32:54,207 💾 Saving state...
2025-11-26 17:32:54,207 ⛔ BOT Stopped
2025-11-26 17:39:42,454 
🚀 === Starting multi-strategy bot... ===
2025-11-26 17:39:42,454 ✅  State loaded: 40 positions recovered
2025-11-26 17:39:42,454    ➡️ double_top_long: 1 positions | Candles: 12
2025-11-26 17:39:42,454       - NEARUSDT | Size: 41         | Entry: 1.9253    
2025-11-26 17:39:42,454    ➡️ revers_long: 7 positions | Candles: 11
2025-11-26 17:39:42,454       - ARBUSDT  | Size: 364.46     | Entry: 0.2195    
2025-11-26 17:39:42,454       - DOGEUSDT | Size: 524        | Entry: 0.15249   
2025-11-26 17:39:42,454       - ETHUSDT  | Size: 0.02       | Entry: 2960.58   
2025-11-26 17:39:42,454       - HBARUSDT | Size: 541        | Entry: 0.14762   
2025-11-26 17:39:42,454       - LINKUSDT | Size: 6          | Entry: 13.002    
2025-11-26 17:39:42,454       - SOLUSDT  | Size: 0.5        | Entry: 137.223   
2025-11-26 17:39:42,454       - XRPUSDT  | Size: 35         | Entry: 2.2348    
2025-11-26 17:39:42,454    ➡️ parity_long: 8 positions | Candles: 11
2025-11-26 17:39:42,454       - AAVEUSDT | Size: 0.4        | Entry: 177.48    
2025-11-26 17:39:42,454       - ARBUSDT  | Size: 364.29     | Entry: 0.2196    
2025-11-26 17:39:42,454       - DOGEUSDT | Size: 525        | Entry: 0.15235   
2025-11-26 17:39:42,454       - ETHUSDT  | Size: 0.02       | Entry: 2961.84   
2025-11-26 17:39:42,454       - HBARUSDT | Size: 542        | Entry: 0.1475222878228782287822878229
2025-11-26 17:39:42,454       - LINKUSDT | Size: 6          | Entry: 13.004    
2025-11-26 17:39:42,454       - SOLUSDT  | Size: 0.5        | Entry: 137.302   
2025-11-26 17:39:42,454       - XRPUSDT  | Size: 35         | Entry: 2.233     
2025-11-26 17:39:42,454    ➡️ revers_short: 7 positions | Candles: 12
2025-11-26 17:39:42,454       - AVAXUSDT | Size: 5.9        | Entry: 13.511    
2025-11-26 17:39:42,454       - BGBUSDT  | Size: 22         | Entry: 3.493     
2025-11-26 17:39:42,454       - BNBUSDT  | Size: 0.09       | Entry: 844.23    
2025-11-26 17:39:42,454       - BTCUSDT  | Size: 0.0009     | Entry: 86724.9   
2025-11-26 17:39:42,454       - HBARUSDT | Size: 561        | Entry: 0.14262   
2025-11-26 17:39:42,454       - LTCUSDT  | Size: 0.9        | Entry: 84.19     
2025-11-26 17:39:42,454       - XRPUSDT  | Size: 38         | Entry: 2.0984    
2025-11-26 17:39:42,454    ➡️ parity_short: 17 positions | Candles: 12
2025-11-26 17:39:42,454       - ADAUSDT  | Size: 192        | Entry: 0.4149    
2025-11-26 17:39:42,454       - ARBUSDT  | Size: 384.61     | Entry: 0.2079    
2025-11-26 17:39:42,454       - AVAXUSDT | Size: 5.8        | Entry: 13.574    
2025-11-26 17:39:42,454       - BGBUSDT  | Size: 22         | Entry: 3.497     
2025-11-26 17:39:42,454       - BNBUSDT  | Size: 0.09       | Entry: 849.13    
2025-11-26 17:39:42,455       - DOGEUSDT | Size: 541        | Entry: 0.14775   
2025-11-26 17:39:42,455       - ETHUSDT  | Size: 0.02       | Entry: 2859.94   
2025-11-26 17:39:42,455       - HBARUSDT | Size: 557        | Entry: 0.14349   
2025-11-26 17:39:42,455       - LINKUSDT | Size: 6          | Entry: 12.685    
2025-11-26 17:39:42,455       - LTCUSDT  | Size: 0.9        | Entry: 84.59     
2025-11-26 17:39:42,455       - ONDOUSDT | Size: 166.1      | Entry: 0.4815    
2025-11-26 17:39:42,455       - PENGUUSDT | Size: 7593       | Entry: 0.010528  
2025-11-26 17:39:42,455       - SEIUSDT  | Size: 596        | Entry: 0.13395   
2025-11-26 17:39:42,455       - SOLUSDT  | Size: 0.6        | Entry: 132.404   
2025-11-26 17:39:42,455       - WIFUSDT  | Size: 228        | Entry: 0.3508    
2025-11-26 17:39:42,455       - WLDUSDT  | Size: 129        | Entry: 0.6185    
2025-11-26 17:39:42,455       - XRPUSDT  | Size: 38         | Entry: 2.1024    
2025-11-26 17:39:46,346 🔹 Strategy double_top_long: 32 symbols
2025-11-26 17:39:46,349 🔹 Strategy revers_long: 32 symbols
2025-11-26 17:39:46,351 🔹 Strategy parity_long: 32 symbols
2025-11-26 17:39:46,353 🔹 Strategy revers_short: 32 symbols
2025-11-26 17:39:46,356 🔹 Strategy parity_short: 32 symbols
2025-11-26 17:39:46,356 ✅ Initialization completed

2025-11-26 17:39:46,356 ============================================================
2025-11-26 17:40:16,360 
------------------------------------------------------------
2025-11-26 17:40:16,360 🔷 Checking TP/SL - 2025-11-26 16:40:16
2025-11-26 17:40:16,360 ------------------------------------------------------------
2025-11-26 17:40:16,360 🔹Strategy double_top_long : 1 open positions
2025-11-26 17:40:16,777 🔹Strategy revers_long     : 7 open positions
2025-11-26 17:40:19,738 🔹Strategy parity_long     : 8 open positions
2025-11-26 17:40:23,113 🔹Strategy revers_short    : 7 open positions
2025-11-26 17:40:25,976 🔹Strategy parity_short    : 17 open positions
2025-11-26 17:40:47,037 
------------------------------------------------------------
2025-11-26 17:40:47,037 🔷 Checking TP/SL - 2025-11-26 16:40:47
2025-11-26 17:40:47,037 ------------------------------------------------------------
2025-11-26 17:40:47,037 🔹Strategy double_top_long : 1 open positions
2025-11-26 17:40:47,452 🔹Strategy revers_long     : 7 open positions
2025-11-26 17:40:50,213 🔹Strategy parity_long     : 8 open positions
2025-11-26 17:40:53,481 🔹Strategy revers_short    : 7 open positions
2025-11-26 17:40:56,657 🔹Strategy parity_short    : 17 open positions
2025-11-26 17:41:17,507 
------------------------------------------------------------
2025-11-26 17:41:17,507 🔷 Checking TP/SL - 2025-11-26 16:41:17
2025-11-26 17:41:17,507 ------------------------------------------------------------
2025-11-26 17:41:17,507 🔹Strategy double_top_long : 1 open positions
2025-11-26 17:41:17,924 🔹Strategy revers_long     : 7 open positions
2025-11-26 17:41:20,598 🔹Strategy parity_long     : 8 open positions
2025-11-26 17:41:23,677 🔹Strategy revers_short    : 7 open positions
2025-11-26 17:41:25,966 🔹Strategy parity_short    : 17 open positions
2025-11-26 17:41:47,550 
------------------------------------------------------------
2025-11-26 17:41:47,550 🔷 Checking TP/SL - 2025-11-26 16:41:47
2025-11-26 17:41:47,550 ------------------------------------------------------------
2025-11-26 17:41:47,550 🔹Strategy double_top_long : 1 open positions
2025-11-26 17:41:47,983 🔹Strategy revers_long     : 7 open positions
2025-11-26 17:41:50,341 🔹Strategy parity_long     : 8 open positions
2025-11-26 17:41:53,409 🔹Strategy revers_short    : 7 open positions
2025-11-26 17:41:56,375 🔹Strategy parity_short    : 17 open positions
2025-11-26 17:42:17,919 
------------------------------------------------------------
2025-11-26 17:42:17,919 🔷 Checking TP/SL - 2025-11-26 16:42:17
2025-11-26 17:42:17,919 ------------------------------------------------------------
2025-11-26 17:42:17,919 🔹Strategy double_top_long : 1 open positions
2025-11-26 17:42:18,255 🔹Strategy revers_long     : 7 open positions
2025-11-26 17:42:21,324 🔹Strategy parity_long     : 8 open positions
2025-11-26 17:42:24,397 🔹Strategy revers_short    : 7 open positions
2025-11-26 17:42:27,459 🔹Strategy parity_short    : 17 open positions
2025-11-26 17:42:48,418 
------------------------------------------------------------
2025-11-26 17:42:48,418 🔷 Checking TP/SL - 2025-11-26 16:42:48
2025-11-26 17:42:48,418 ------------------------------------------------------------
2025-11-26 17:42:48,418 🔹Strategy double_top_long : 1 open positions
2025-11-26 17:42:48,762 🔹Strategy revers_long     : 7 open positions
2025-11-26 17:42:51,699 🔹Strategy parity_long     : 8 open positions
2025-11-26 17:42:54,755 🔹Strategy revers_short    : 7 open positions
2025-11-26 17:42:57,415 🔹Strategy parity_short    : 17 open positions
2025-11-26 17:43:19,084 
------------------------------------------------------------
2025-11-26 17:43:19,084 🔷 Checking TP/SL - 2025-11-26 16:43:19
2025-11-26 17:43:19,084 ------------------------------------------------------------
2025-11-26 17:43:19,084 🔹Strategy double_top_long : 1 open positions
2025-11-26 17:43:19,501 🔹Strategy revers_long     : 7 open positions
2025-11-26 17:43:22,569 🔹Strategy parity_long     : 8 open positions
2025-11-26 17:43:25,535 🔹Strategy revers_short    : 7 open positions
2025-11-26 17:43:28,192 🔹Strategy parity_short    : 17 open positions
2025-11-26 17:43:49,456 
------------------------------------------------------------
2025-11-26 17:43:49,456 🔷 Checking TP/SL - 2025-11-26 16:43:49
2025-11-26 17:43:49,456 ------------------------------------------------------------
2025-11-26 17:43:49,456 🔹Strategy double_top_long : 1 open positions
2025-11-26 17:43:49,874 🔹Strategy revers_long     : 7 open positions
2025-11-26 17:43:52,736 🔹Strategy parity_long     : 8 open positions
2025-11-26 17:43:55,902 🔹Strategy revers_short    : 7 open positions
2025-11-26 17:43:58,740 🔹Strategy parity_short    : 17 open positions
2025-11-26 17:44:19,621 
------------------------------------------------------------
2025-11-26 17:44:19,621 🔷 Checking TP/SL - 2025-11-26 16:44:19
2025-11-26 17:44:19,621 ------------------------------------------------------------
2025-11-26 17:44:19,621 🔹Strategy double_top_long : 1 open positions
2025-11-26 17:44:19,935 🔹Strategy revers_long     : 7 open positions
2025-11-26 17:44:22,900 🔹Strategy parity_long     : 8 open positions
2025-11-26 17:44:26,070 🔹Strategy revers_short    : 7 open positions
2025-11-26 17:44:28,977 🔹Strategy parity_short    : 17 open positions
