2025-12-17 09:56:15,948 - [1;94m========================================================================================================================[0m
2025-12-17 09:56:15,948 - [1;94m🤖 === STARTING MULTI-STRATEGY BOT OPERATING IN ACCOUNT: 01 🤖 ===[0m
2025-12-17 09:56:15,948 - [1;94m========================================================================================================================[0m
2025-12-17 09:56:15,948 - ✅  State loaded: 55 positions recovered
2025-12-17 09:56:15,948 -    ➡️  revers_short_1H: 2 positions | Candles: 40
2025-12-17 09:56:15,948 -       - BNBUSDT      | Size: 0.04       | Entry: 855.02    
2025-12-17 09:56:15,948 -       - BTCUSDT      | Size: 0.0004     | Entry: 86796.8   
2025-12-17 09:56:15,948 -    ➡️  revers_long_4H: 2 positions | Candles: 34
2025-12-17 09:56:15,948 -       - BGBUSDT      | Size: 11         | Entry: 3.6       
2025-12-17 09:56:15,948 -       - ETHUSDT      | Size: 0.01       | Entry: 3177.11   
2025-12-17 09:56:15,948 -    ➡️  parity_long_4H: 2 positions | Candles: 34
2025-12-17 09:56:15,948 -       - BGBUSDT      | Size: 11         | Entry: 3.6       
2025-12-17 09:56:15,948 -       - ETHUSDT      | Size: 0.01       | Entry: 3177.73   
2025-12-17 09:56:15,948 -    ➡️  revers_short_4H: 22 positions | Candles: 5
2025-12-17 09:56:15,948 -       - 1000BONKUSDT | Size: 4572       | Entry: 0.008748  
2025-12-17 09:56:15,948 -       - AAVEUSDT     | Size: 0.2        | Entry: 188.07    
2025-12-17 09:56:15,948 -       - ADAUSDT      | Size: 103        | Entry: 0.3883    
2025-12-17 09:56:15,948 -       - APTUSDT      | Size: 25.078     | Entry: 1.595     
2025-12-17 09:56:15,948 -       - ARBUSDT      | Size: 200.6      | Entry: 0.1994    
2025-12-17 09:56:15,948 -       - AVAXUSDT     | Size: 3.2        | Entry: 12.353    
2025-12-17 09:56:15,948 -       - DOGEUSDT     | Size: 303        | Entry: 0.13171   
2025-12-17 09:56:15,948 -       - DOTUSDT      | Size: 20         | Entry: 1.924     
2025-12-17 09:56:15,948 -       - ETHUSDT      | Size: 0.01       | Entry: 2958.82   
2025-12-17 09:56:15,948 -       - FETUSDT      | Size: 178        | Entry: 0.2244    
2025-12-17 09:56:15,948 -       - HBARUSDT     | Size: 344        | Entry: 0.11601   
2025-12-17 09:56:15,948 -       - HYPEUSDT     | Size: 1.45       | Entry: 27.434    
2025-12-17 09:56:15,948 -       - LINKUSDT     | Size: 3          | Entry: 12.963    
2025-12-17 09:56:15,948 -       - LTCUSDT      | Size: 0.5        | Entry: 78.96     
2025-12-17 09:56:15,948 -       - NEARUSDT     | Size: 25         | Entry: 1.5431    
2025-12-17 09:56:15,948 -       - ONDOUSDT     | Size: 96.6       | Entry: 0.4136    
2025-12-17 09:56:15,948 -       - PENGUUSDT    | Size: 3891       | Entry: 0.010273  
2025-12-17 09:56:15,948 -       - SEIUSDT      | Size: 334        | Entry: 0.11949   
2025-12-17 09:56:15,948 -       - SOLUSDT      | Size: 0.3        | Entry: 128.59    
2025-12-17 09:56:15,949 -       - SUIUSDT      | Size: 26.4       | Entry: 1.5112    
2025-12-17 09:56:15,949 -       - WIFUSDT      | Size: 106.2      | Entry: 0.3763    
2025-12-17 09:56:15,949 -       - XRPUSDT      | Size: 20         | Entry: 1.9235    
2025-12-17 09:56:15,949 -    ➡️  parity_short_4H: 2 positions | Candles: 34
2025-12-17 09:56:15,949 -       - BNBUSDT      | Size: 0.04       | Entry: 863.8     
2025-12-17 09:56:15,949 -       - BTCUSDT      | Size: 0.0004     | Entry: 89709     
2025-12-17 09:56:15,949 -    ➡️  double_top_long_4H: 3 positions | Candles: 33
2025-12-17 09:56:15,949 -       - BNBUSDT      | Size: 0.04       | Entry: 876.15    
2025-12-17 09:56:15,949 -       - ETHUSDT      | Size: 0.01       | Entry: 3198.01   
2025-12-17 09:56:15,949 -       - LINKUSDT     | Size: 2          | Entry: 13.732    
2025-12-17 09:56:15,949 -    ➡️  revers_long_1H: 1 positions | Candles: 20
2025-12-17 09:56:15,949 -       - XRPUSDT      | Size: 20         | Entry: 1.922     
2025-12-17 09:56:15,949 -    ➡️  revers_short_6Hutc: 10 positions | Candles: 6
2025-12-17 09:56:15,949 -       - ADAUSDT      | Size: 105        | Entry: 0.3804    
2025-12-17 09:56:15,949 -       - BNBUSDT      | Size: 0.04       | Entry: 843.99    
2025-12-17 09:56:15,949 -       - BTCUSDT      | Size: 0.0004     | Entry: 85702     
2025-12-17 09:56:15,949 -       - DOGEUSDT     | Size: 312        | Entry: 0.12786   
2025-12-17 09:56:15,949 -       - ETHUSDT      | Size: 0.01       | Entry: 2936.6    
2025-12-17 09:56:15,949 -       - HBARUSDT     | Size: 356        | Entry: 0.11234   
2025-12-17 09:56:15,949 -       - LINKUSDT     | Size: 3          | Entry: 12.585    
2025-12-17 09:56:15,949 -       - SOLUSDT      | Size: 0.3        | Entry: 124.987   
2025-12-17 09:56:15,949 -       - WLDUSDT      | Size: 75         | Entry: 0.5286    
2025-12-17 09:56:15,949 -       - XRPUSDT      | Size: 21         | Entry: 1.8909    
2025-12-17 09:56:15,949 -    ➡️  revers_long_6Hutc: 2 positions | Candles: 20
2025-12-17 09:56:15,949 -       - BNBUSDT      | Size: 0.03       | Entry: 891.18    
2025-12-17 09:56:15,949 -       - BTCUSDT      | Size: 0.0003     | Entry: 92367.4   
2025-12-17 09:56:15,949 -    ➡️  parity_short_1H: 6 positions | Candles: 22
2025-12-17 09:56:15,949 -       - BNBUSDT      | Size: 0.04       | Entry: 859.08    
2025-12-17 09:56:15,949 -       - BTCUSDT      | Size: 0.0004     | Entry: 86297.7   
2025-12-17 09:56:15,949 -       - DOGEUSDT     | Size: 310        | Entry: 0.12882   
2025-12-17 09:56:15,949 -       - ETHUSDT      | Size: 0.01       | Entry: 2924.4    
2025-12-17 09:56:15,949 -       - SOLUSDT      | Size: 0.3        | Entry: 126.22    
2025-12-17 09:56:15,949 -       - XRPUSDT      | Size: 21         | Entry: 1.879     
2025-12-17 09:56:15,949 -    ➡️  parity_long_1H: 3 positions | Candles: 21
2025-12-17 09:56:15,949 -       - BTCUSDT      | Size: 0.0004     | Entry: 86933.2   
2025-12-17 09:56:15,949 -       - DOGEUSDT     | Size: 305        | Entry: 0.13073   
2025-12-17 09:56:15,949 -       - SOLUSDT      | Size: 0.3        | Entry: 128.357   
2025-12-17 09:56:16,298 - 🔹 Strategy double_top_long_4H (4H): 32 symbols
2025-12-17 09:56:16,300 - 🔹 Strategy revers_long_4H (4H): 32 symbols
2025-12-17 09:56:16,303 - 🔹 Strategy parity_long_4H (4H): 32 symbols
2025-12-17 09:56:16,305 - 🔹 Strategy revers_short_4H (4H): 32 symbols
2025-12-17 09:56:16,308 - 🔹 Strategy parity_short_4H (4H): 32 symbols
2025-12-17 09:56:16,310 - 🔹 Strategy revers_long_1H (1H): 6 symbols
2025-12-17 09:56:16,312 - 🔹 Strategy revers_short_1H (1H): 6 symbols
2025-12-17 09:56:16,315 - 🔹 Strategy revers_long_6Hutc (6Hutc): 15 symbols
2025-12-17 09:56:16,317 - 🔹 Strategy revers_short_6Hutc (6Hutc): 15 symbols
2025-12-17 09:56:16,320 - 🔹 Strategy parity_long_1H (1H): 6 symbols
2025-12-17 09:56:16,322 - 🔹 Strategy parity_short_1H (1H): 6 symbols
2025-12-17 09:56:16,322 - 
➡️ Detected timeframes: 4H, 6Hutc, 1H
2025-12-17 09:56:16,322 -    🔹 4H: double_top_long_4H, revers_long_4H, parity_long_4H, revers_short_4H, parity_short_4H
2025-12-17 09:56:16,322 -    🔹 6Hutc: revers_long_6Hutc, revers_short_6Hutc
2025-12-17 09:56:16,322 -    🔹 1H: revers_long_1H, revers_short_1H, parity_long_1H, parity_short_1H
2025-12-17 09:56:16,322 - 
✅ BOT Initialization completed

2025-12-17 09:56:16,333 - 
2025-12-17 09:56:16,333 - [1;94m========================================================================================================================[0m
2025-12-17 09:56:16,333 - [1;94m📈 STRATEGY ANALYSIS[0m
2025-12-17 09:56:16,333 - [1;94m========================================================================================================================[0m
2025-12-17 09:56:16,341 - [1;85mStrategy          [0m  [1;85mdate_fo   [0m  [1;85m Trades_num[0m  [1;85m Trades_pct[0m  [1;85mTotal_profit[0m  [1;85m Profit_pct[0m  [1;85mTP_pct[0m  [1;85mSL_pct[0m  [1;85mOOM_pct[0m  [1;85mAvg_days[0m
2025-12-17 09:56:16,341 - [0;93mdouble_top_long_4H[0m  2025-12-11            1        100.0  [1;92m         1.9[0m         0.41   100.0     0.0      0.0      0.22
2025-12-17 09:56:16,341 - [0;93mrevers_short_4H   [0m  2025-12-11           27         96.3  [1;92m       46.17[0m        10.06    96.3     3.7      0.0      3.01
2025-12-17 09:56:16,341 - [0;93mparity_short_4H   [0m  2025-12-11           27        92.59  [1;92m       40.06[0m         8.73   92.59    7.41      0.0      3.15
2025-12-17 09:56:16,341 - [0;93mrevers_short_1H   [0m  2025-12-11           19        78.95  [1;92m        7.58[0m         1.65   78.95    5.26      0.0      0.91
2025-12-17 09:56:16,341 - [0;93mrevers_long_1H    [0m  2025-12-11            5         20.0  [1;91m        -7.2[0m        -1.57    20.0     0.0      0.0      1.79
2025-12-17 09:56:16,341 - [0;93mrevers_short_6Hutc[0m  2025-12-12            7        71.43  [1;92m        2.13[0m         0.46   85.71   14.29      0.0      1.63
2025-12-17 09:56:16,341 - [0;93mparity_long_4H    [0m  2025-12-11            1          0.0  [1;91m       -4.05[0m        -0.88     0.0   100.0      0.0      3.25
2025-12-17 09:56:16,341 - [0;93mrevers_long_6Hutc [0m  2025-12-12            4          0.0  [1;91m      -10.62[0m        -2.31     0.0   100.0      0.0      3.47
2025-12-17 09:56:16,342 - 
2025-12-17 09:56:16,342 - [1;94m========================================================================================================================[0m
2025-12-17 09:56:16,342 - [1;94m📊 TOTAL SUMMARY[0m
2025-12-17 09:56:16,342 - [1;94m========================================================================================================================[0m
2025-12-17 09:56:16,342 - [1;94m🧮 Trades_num   :[0m 91
2025-12-17 09:56:16,342 - [1;94m🕜 Avg_duration :[0m 2.4 days
2025-12-17 09:56:16,342 - [1;94m🎯 Trades_pct   :[0m 80.22 %
2025-12-17 09:56:16,342 - [1;94m💱 Profit_pct   :[0m 2.07 %
2025-12-17 09:56:16,342 - 💵 [1;94mTOTAL_profit :[0m [1;92m75.97 $[0m
2025-12-17 09:56:16,342 - [1;94m========================================================================================================================[0m
2025-12-17 09:56:16,342 - 
2025-12-17 09:56:16,342 - 
[1;94mInitializing WebSocket connections...[0m
2025-12-17 09:56:17,048 - 🔌 PUBLIC  WebSocket connected
2025-12-17 09:56:17,268 - 🔌 PRIVATE WebSocket connected (first time)
2025-12-17 09:56:17,342 - 📱 WebSocket status:
2025-12-17 09:56:17,342 -    - Public WS    : ✅ Connected
2025-12-17 09:56:17,343 -    - Private WS   : ✅ Connected
2025-12-17 09:56:17,343 -    - Authenticated: ⚠️  No
2025-12-17 09:56:17,768 - 🛜 Subscribing to 5 private channels...
2025-12-17 09:56:17,768 - 🆗 orders
2025-12-17 09:56:17,768 - 🆗 fill
2025-12-17 09:56:17,769 - 🆗 positions
2025-12-17 09:56:17,769 - 🆗 account
2025-12-17 09:56:17,769 - 🆗 equity
2025-12-17 09:56:17,769 - ✅ WebSocket authentication successful
2025-12-17 09:56:17,843 - 📦 Pre-loading contract info for 33 symbols via API...
2025-12-17 09:56:29,888 - [0;36m✅ Pre-loaded 33/33 contracts[0m
2025-12-17 09:56:29,888 - 
2025-12-17 09:56:29,889 - ⏰ Next candle for 4H    : 2025-12-17 12:00:45 UTC
2025-12-17 09:56:29,889 - ⏰ Next candle for 6Hutc : 2025-12-17 12:00:45 UTC
2025-12-17 09:56:29,889 - ⏰ Next candle for 1H    : 2025-12-17 09:00:45 UTC
2025-12-17 10:00:45,089 - 
========================================================================================================================
2025-12-17 10:00:45,125 - 🔀 New candle(s) detected 2025-12-17 09:00:45 UTC
2025-12-17 10:00:45,190 - 🔹 Timeframes: 1H
2025-12-17 10:00:45,224 - 🌐 Syncronizing positions in broker...
2025-12-17 10:00:45,492 - ✅ Sync completed: All positions exist in broker
2025-12-17 10:00:45,528 - 📡 Signal search - 2025-12-17 09:00:45
2025-12-17 10:00:45,565 - ------------------------------------------------------------------------------------------------------------------------
2025-12-17 10:00:45,598 - ➡️  revers_long_1H     (1H): 21/50 candles
2025-12-17 10:00:45,632 - ➡️  revers_short_1H    (1H): 41/50 candles
2025-12-17 10:00:45,666 - ➡️  parity_long_1H     (1H): 22/50 candles
2025-12-17 10:00:45,700 - ➡️  parity_short_1H    (1H): 23/50 candles
2025-12-17 10:00:45,732 - 🚫 revers_long_1H     (1H): 1 open positions
2025-12-17 10:00:45,799 - 🚫 revers_short_1H    (1H): 2 open positions
2025-12-17 10:00:45,835 - 🚫 parity_long_1H     (1H): 3 open positions
2025-12-17 10:00:45,868 - 🚫 parity_short_1H    (1H): 6 open positions
2025-12-17 10:00:45,901 - 🔂 Signal cycle completed
2025-12-17 10:00:45,966 - ========================================================================================================================

2025-12-17 10:00:45,999 - ⏰ Next candle for 1H: 2025-12-17 10:00:45 UTC
2025-12-17 10:08:38,869 - ⚠️ No price for PENGUUSDT: No fresh price data for PENGUUSDT
2025-12-17 11:00:45,075 - 
========================================================================================================================
2025-12-17 11:00:45,111 - 🔀 New candle(s) detected 2025-12-17 10:00:45 UTC
2025-12-17 11:00:45,144 - 🔹 Timeframes: 1H
2025-12-17 11:00:45,208 - 🌐 Syncronizing positions in broker...
2025-12-17 11:00:45,451 - ✅ Sync completed: All positions exist in broker
2025-12-17 11:00:45,516 - 📡 Signal search - 2025-12-17 10:00:45
2025-12-17 11:00:45,554 - ------------------------------------------------------------------------------------------------------------------------
2025-12-17 11:00:45,588 - ➡️  revers_long_1H     (1H): 22/50 candles
2025-12-17 11:00:45,622 - ➡️  revers_short_1H    (1H): 42/50 candles
2025-12-17 11:00:45,656 - ➡️  parity_long_1H     (1H): 23/50 candles
2025-12-17 11:00:45,690 - ➡️  parity_short_1H    (1H): 24/50 candles
2025-12-17 11:00:45,723 - 🚫 revers_long_1H     (1H): 1 open positions
2025-12-17 11:00:45,757 - 🚫 revers_short_1H    (1H): 2 open positions
2025-12-17 11:00:45,824 - 🚫 parity_long_1H     (1H): 3 open positions
2025-12-17 11:00:45,859 - 🚫 parity_short_1H    (1H): 6 open positions
2025-12-17 11:00:45,892 - 🔂 Signal cycle completed
2025-12-17 11:00:45,982 - ========================================================================================================================

2025-12-17 11:00:46,016 - ⏰ Next candle for 1H: 2025-12-17 11:00:45 UTC
2025-12-17 11:01:36,310 - 
💲 TP REACHED for FETUSDT (revers_short_4H) at 11:01
2025-12-17 11:01:36,346 - →  Closing short position on FETUSDT:
2025-12-17 11:01:36,742 - ✅ Position closed due to TP: FETUSDT | Size: 178
2025-12-17 11:01:36,851 - 📋 Trade logged: FETUSDT | Profit: 1.97 USDT (+4.91%) | Duration: 0.9587 days
2025-12-17 11:01:36,932 - 
2025-12-17 11:01:36,966 - [1;94m========================================================================================================================[0m
2025-12-17 11:01:37,000 - [1;94m📈 STRATEGY ANALYSIS[0m
2025-12-17 11:01:37,034 - [1;94m========================================================================================================================[0m
2025-12-17 11:01:37,074 - [1;85mStrategy          [0m  [1;85mdate_fo   [0m  [1;85m Trades_num[0m  [1;85m Trades_pct[0m  [1;85mTotal_profit[0m  [1;85m Profit_pct[0m  [1;85mTP_pct[0m  [1;85mSL_pct[0m  [1;85mOOM_pct[0m  [1;85mAvg_days[0m
2025-12-17 11:01:37,109 - [0;93mdouble_top_long_4H[0m  2025-12-11            1        100.0  [1;92m         1.9[0m         0.41   100.0     0.0      0.0      0.22
2025-12-17 11:01:37,143 - [0;93mrevers_short_4H   [0m  2025-12-11           28        96.43  [1;92m       48.14[0m        10.49   96.43    3.57      0.0      2.94
2025-12-17 11:01:37,207 - [0;93mparity_short_4H   [0m  2025-12-11           27        92.59  [1;92m       40.06[0m         8.73   92.59    7.41      0.0      3.15
2025-12-17 11:01:37,242 - [0;93mrevers_short_1H   [0m  2025-12-11           19        78.95  [1;92m        7.58[0m         1.65   78.95    5.26      0.0      0.91
2025-12-17 11:01:37,275 - [0;93mrevers_long_1H    [0m  2025-12-11            5         20.0  [1;91m        -7.2[0m        -1.57    20.0     0.0      0.0      1.79
2025-12-17 11:01:37,310 - [0;93mrevers_short_6Hutc[0m  2025-12-12            7        71.43  [1;92m        2.13[0m         0.46   85.71   14.29      0.0      1.63
2025-12-17 11:01:37,343 - [0;93mparity_long_4H    [0m  2025-12-11            1          0.0  [1;91m       -4.05[0m        -0.88     0.0   100.0      0.0      3.25
2025-12-17 11:01:37,376 - [0;93mrevers_long_6Hutc [0m  2025-12-12            4          0.0  [1;91m      -10.62[0m        -2.31     0.0   100.0      0.0      3.47
2025-12-17 11:01:37,410 - 
2025-12-17 11:01:37,444 - [1;94m========================================================================================================================[0m
2025-12-17 11:01:37,537 - [1;94m📊 TOTAL SUMMARY[0m
2025-12-17 11:01:37,573 - [1;94m========================================================================================================================[0m
2025-12-17 11:01:37,607 - [1;94m🧮 Trades_num   :[0m 92
2025-12-17 11:01:37,640 - [1;94m🕜 Avg_duration :[0m 2.4 days
2025-12-17 11:01:37,673 - [1;94m🎯 Trades_pct   :[0m 80.43 %
2025-12-17 11:01:37,706 - [1;94m💱 Profit_pct   :[0m 2.12 %
2025-12-17 11:01:37,740 - 💵 [1;94mTOTAL_profit :[0m [1;92m77.94 $[0m
2025-12-17 11:01:37,773 - [1;94m========================================================================================================================[0m
2025-12-17 11:01:37,838 - 
2025-12-17 11:01:56,301 - 
💲 TP REACHED for PENGUUSDT (revers_short_4H) at 11:01
2025-12-17 11:01:56,335 - →  Closing short position on PENGUUSDT:
2025-12-17 11:01:56,752 - ✅ Position closed due to TP: PENGUUSDT | Size: 3891
2025-12-17 11:01:56,860 - 📋 Trade logged: PENGUUSDT | Profit: 1.95 USDT (+4.88%) | Duration: 0.9588 days
2025-12-17 11:01:56,904 - 
2025-12-17 11:01:56,969 - [1;94m========================================================================================================================[0m
2025-12-17 11:01:57,005 - [1;94m📈 STRATEGY ANALYSIS[0m
2025-12-17 11:01:57,038 - [1;94m========================================================================================================================[0m
2025-12-17 11:01:57,078 - [1;85mStrategy          [0m  [1;85mdate_fo   [0m  [1;85m Trades_num[0m  [1;85m Trades_pct[0m  [1;85mTotal_profit[0m  [1;85m Profit_pct[0m  [1;85mTP_pct[0m  [1;85mSL_pct[0m  [1;85mOOM_pct[0m  [1;85mAvg_days[0m
2025-12-17 11:01:57,110 - [0;93mdouble_top_long_4H[0m  2025-12-11            1        100.0  [1;92m         1.9[0m         0.41   100.0     0.0      0.0      0.22
2025-12-17 11:01:57,142 - [0;93mrevers_short_4H   [0m  2025-12-11           29        96.55  [1;92m       50.09[0m        10.92   96.55    3.45      0.0      2.87
2025-12-17 11:01:57,173 - [0;93mparity_short_4H   [0m  2025-12-11           27        92.59  [1;92m       40.06[0m         8.73   92.59    7.41      0.0      3.15
2025-12-17 11:01:57,205 - [0;93mrevers_short_1H   [0m  2025-12-11           19        78.95  [1;92m        7.58[0m         1.65   78.95    5.26      0.0      0.91
2025-12-17 11:01:57,267 - [0;93mrevers_long_1H    [0m  2025-12-11            5         20.0  [1;91m        -7.2[0m        -1.57    20.0     0.0      0.0      1.79
2025-12-17 11:01:57,300 - [0;93mrevers_short_6Hutc[0m  2025-12-12            7        71.43  [1;92m        2.13[0m         0.46   85.71   14.29      0.0      1.63
2025-12-17 11:01:57,332 - [0;93mparity_long_4H    [0m  2025-12-11            1          0.0  [1;91m       -4.05[0m        -0.88     0.0   100.0      0.0      3.25
2025-12-17 11:01:57,364 - [0;93mrevers_long_6Hutc [0m  2025-12-12            4          0.0  [1;91m      -10.62[0m        -2.31     0.0   100.0      0.0      3.47
2025-12-17 11:01:57,396 - 
2025-12-17 11:01:57,431 - [1;94m========================================================================================================================[0m
2025-12-17 11:01:57,464 - [1;94m📊 TOTAL SUMMARY[0m
2025-12-17 11:01:57,496 - [1;94m========================================================================================================================[0m
2025-12-17 11:01:57,559 - [1;94m🧮 Trades_num   :[0m 93
2025-12-17 11:01:57,592 - [1;94m🕜 Avg_duration :[0m 2.4 days
2025-12-17 11:01:57,830 - [1;94m🎯 Trades_pct   :[0m 80.65 %
2025-12-17 11:01:57,901 - [1;94m💱 Profit_pct   :[0m 2.18 %
2025-12-17 11:01:57,954 - 💵 [1;94mTOTAL_profit :[0m [1;92m79.89 $[0m
2025-12-17 11:01:57,986 - [1;94m========================================================================================================================[0m
2025-12-17 11:01:58,019 - 
2025-12-17 11:31:31,366 - 
💲 TP REACHED for 1000BONKUSDT (revers_short_4H) at 11:31
2025-12-17 11:31:31,398 - →  Closing short position on 1000BONKUSDT:
2025-12-17 11:31:31,824 - ✅ Position closed due to TP: 1000BONKUSDT | Size: 4572
2025-12-17 11:31:31,931 - 📋 Trade logged: 1000BONKUSDT | Profit: 2.00 USDT (+5.00%) | Duration: 0.9795 days
2025-12-17 11:31:31,977 - 
2025-12-17 11:31:32,040 - [1;94m========================================================================================================================[0m
2025-12-17 11:31:32,075 - [1;94m📈 STRATEGY ANALYSIS[0m
2025-12-17 11:31:32,107 - [1;94m========================================================================================================================[0m
2025-12-17 11:31:32,146 - [1;85mStrategy          [0m  [1;85mdate_fo   [0m  [1;85m Trades_num[0m  [1;85m Trades_pct[0m  [1;85mTotal_profit[0m  [1;85m Profit_pct[0m  [1;85mTP_pct[0m  [1;85mSL_pct[0m  [1;85mOOM_pct[0m  [1;85mAvg_days[0m
2025-12-17 11:31:32,180 - [0;93mdouble_top_long_4H[0m  2025-12-11            1        100.0  [1;92m         1.9[0m         0.41   100.0     0.0      0.0      0.22
2025-12-17 11:31:32,214 - [0;93mrevers_short_4H   [0m  2025-12-11           30        96.67  [1;92m       52.09[0m        11.35   96.67    3.33      0.0      2.81
2025-12-17 11:31:32,246 - [0;93mparity_short_4H   [0m  2025-12-11           27        92.59  [1;92m       40.06[0m         8.73   92.59    7.41      0.0      3.15
2025-12-17 11:31:32,279 - [0;93mrevers_short_1H   [0m  2025-12-11           19        78.95  [1;92m        7.58[0m         1.65   78.95    5.26      0.0      0.91
2025-12-17 11:31:32,341 - [0;93mrevers_long_1H    [0m  2025-12-11            5         20.0  [1;91m        -7.2[0m        -1.57    20.0     0.0      0.0      1.79
2025-12-17 11:31:32,375 - [0;93mrevers_short_6Hutc[0m  2025-12-12            7        71.43  [1;92m        2.13[0m         0.46   85.71   14.29      0.0      1.63
2025-12-17 11:31:32,407 - [0;93mparity_long_4H    [0m  2025-12-11            1          0.0  [1;91m       -4.05[0m        -0.88     0.0   100.0      0.0      3.25
2025-12-17 11:31:32,439 - [0;93mrevers_long_6Hutc [0m  2025-12-12            4          0.0  [1;91m      -10.62[0m        -2.31     0.0   100.0      0.0      3.47
2025-12-17 11:31:32,472 - 
2025-12-17 11:31:32,535 - [1;94m========================================================================================================================[0m
2025-12-17 11:31:32,568 - [1;94m📊 TOTAL SUMMARY[0m
2025-12-17 11:31:32,632 - [1;94m========================================================================================================================[0m
2025-12-17 11:31:32,667 - [1;94m🧮 Trades_num   :[0m 94
2025-12-17 11:31:32,699 - [1;94m🕜 Avg_duration :[0m 2.4 days
2025-12-17 11:31:32,731 - [1;94m🎯 Trades_pct   :[0m 80.85 %
2025-12-17 11:31:32,764 - [1;94m💱 Profit_pct   :[0m 2.23 %
2025-12-17 11:31:32,797 - 💵 [1;94mTOTAL_profit :[0m [1;92m81.89 $[0m
2025-12-17 11:31:32,829 - [1;94m========================================================================================================================[0m
2025-12-17 11:31:32,862 - 
2025-12-17 12:00:45,125 - 
========================================================================================================================
2025-12-17 12:00:45,193 - 🔀 New candle(s) detected 2025-12-17 11:00:45 UTC
2025-12-17 12:00:45,224 - 🔹 Timeframes: 1H
2025-12-17 12:00:45,256 - 🌐 Syncronizing positions in broker...
2025-12-17 12:00:45,489 - ✅ Sync completed: All positions exist in broker
2025-12-17 12:00:45,521 - 📡 Signal search - 2025-12-17 11:00:45
2025-12-17 12:00:45,553 - ------------------------------------------------------------------------------------------------------------------------
2025-12-17 12:00:45,588 - ➡️  revers_long_1H     (1H): 23/50 candles
2025-12-17 12:00:45,621 - ➡️  revers_short_1H    (1H): 43/50 candles
2025-12-17 12:00:45,654 - ➡️  parity_long_1H     (1H): 24/50 candles
2025-12-17 12:00:45,717 - ➡️  parity_short_1H    (1H): 25/50 candles
2025-12-17 12:00:45,758 - 🚫 revers_long_1H     (1H): 1 open positions
2025-12-17 12:00:45,790 - 🚫 revers_short_1H    (1H): 2 open positions
2025-12-17 12:00:45,822 - 🚫 parity_long_1H     (1H): 3 open positions
2025-12-17 12:00:45,854 - 🚫 parity_short_1H    (1H): 6 open positions
2025-12-17 12:00:45,885 - 🔂 Signal cycle completed
2025-12-17 12:00:45,949 - ========================================================================================================================

2025-12-17 12:00:45,981 - ⏰ Next candle for 1H: 2025-12-17 12:00:45 UTC
2025-12-17 12:21:10,650 - ⚠️ No price for BTCUSDT: No fresh price data for BTCUSDT
2025-12-17 12:52:23,187 - 
🔚 Interrupted by user.
2025-12-17 12:52:23,220 - ⛔ BOT Stopped
2025-12-17 12:52:27,587 - [1;94m========================================================================================================================[0m
2025-12-17 12:52:27,587 - [1;94m🤖 === STARTING MULTI-STRATEGY BOT OPERATING IN ACCOUNT: 01 🤖 ===[0m
2025-12-17 12:52:27,587 - [1;94m========================================================================================================================[0m
2025-12-17 12:52:27,588 - ✅  State loaded: 52 positions recovered
2025-12-17 12:52:27,588 -    ➡️  revers_short_1H: 2 positions | Candles: 43
2025-12-17 12:52:27,588 -       - BNBUSDT      | Size: 0.04       | Entry: 855.02    
2025-12-17 12:52:27,588 -       - BTCUSDT      | Size: 0.0004     | Entry: 86796.8   
2025-12-17 12:52:27,588 -    ➡️  revers_long_4H: 2 positions | Candles: 34
2025-12-17 12:52:27,588 -       - BGBUSDT      | Size: 11         | Entry: 3.6       
2025-12-17 12:52:27,588 -       - ETHUSDT      | Size: 0.01       | Entry: 3177.11   
2025-12-17 12:52:27,588 -    ➡️  parity_long_4H: 2 positions | Candles: 34
2025-12-17 12:52:27,588 -       - BGBUSDT      | Size: 11         | Entry: 3.6       
2025-12-17 12:52:27,588 -       - ETHUSDT      | Size: 0.01       | Entry: 3177.73   
2025-12-17 12:52:27,588 -    ➡️  revers_short_4H: 19 positions | Candles: 5
2025-12-17 12:52:27,588 -       - AAVEUSDT     | Size: 0.2        | Entry: 188.07    
2025-12-17 12:52:27,588 -       - ADAUSDT      | Size: 103        | Entry: 0.3883    
2025-12-17 12:52:27,588 -       - APTUSDT      | Size: 25.078     | Entry: 1.595     
2025-12-17 12:52:27,588 -       - ARBUSDT      | Size: 200.6      | Entry: 0.1994    
2025-12-17 12:52:27,588 -       - AVAXUSDT     | Size: 3.2        | Entry: 12.353    
2025-12-17 12:52:27,588 -       - DOGEUSDT     | Size: 303        | Entry: 0.13171   
2025-12-17 12:52:27,588 -       - DOTUSDT      | Size: 20         | Entry: 1.924     
2025-12-17 12:52:27,588 -       - ETHUSDT      | Size: 0.01       | Entry: 2958.82   
2025-12-17 12:52:27,588 -       - HBARUSDT     | Size: 344        | Entry: 0.11601   
2025-12-17 12:52:27,588 -       - HYPEUSDT     | Size: 1.45       | Entry: 27.434    
2025-12-17 12:52:27,588 -       - LINKUSDT     | Size: 3          | Entry: 12.963    
2025-12-17 12:52:27,588 -       - LTCUSDT      | Size: 0.5        | Entry: 78.96     
2025-12-17 12:52:27,588 -       - NEARUSDT     | Size: 25         | Entry: 1.5431    
2025-12-17 12:52:27,588 -       - ONDOUSDT     | Size: 96.6       | Entry: 0.4136    
2025-12-17 12:52:27,588 -       - SEIUSDT      | Size: 334        | Entry: 0.11949   
2025-12-17 12:52:27,588 -       - SOLUSDT      | Size: 0.3        | Entry: 128.59    
2025-12-17 12:52:27,588 -       - SUIUSDT      | Size: 26.4       | Entry: 1.5112    
2025-12-17 12:52:27,588 -       - WIFUSDT      | Size: 106.2      | Entry: 0.3763    
2025-12-17 12:52:27,588 -       - XRPUSDT      | Size: 20         | Entry: 1.9235    
2025-12-17 12:52:27,588 -    ➡️  parity_short_4H: 2 positions | Candles: 34
2025-12-17 12:52:27,588 -       - BNBUSDT      | Size: 0.04       | Entry: 863.8     
2025-12-17 12:52:27,588 -       - BTCUSDT      | Size: 0.0004     | Entry: 89709     
2025-12-17 12:52:27,588 -    ➡️  double_top_long_4H: 3 positions | Candles: 33
2025-12-17 12:52:27,588 -       - BNBUSDT      | Size: 0.04       | Entry: 876.15    
2025-12-17 12:52:27,588 -       - ETHUSDT      | Size: 0.01       | Entry: 3198.01   
2025-12-17 12:52:27,588 -       - LINKUSDT     | Size: 2          | Entry: 13.732    
2025-12-17 12:52:27,588 -    ➡️  revers_long_1H: 1 positions | Candles: 23
2025-12-17 12:52:27,588 -       - XRPUSDT      | Size: 20         | Entry: 1.922     
2025-12-17 12:52:27,588 -    ➡️  revers_short_6Hutc: 10 positions | Candles: 6
2025-12-17 12:52:27,588 -       - ADAUSDT      | Size: 105        | Entry: 0.3804    
2025-12-17 12:52:27,588 -       - BNBUSDT      | Size: 0.04       | Entry: 843.99    
2025-12-17 12:52:27,588 -       - BTCUSDT      | Size: 0.0004     | Entry: 85702     
2025-12-17 12:52:27,588 -       - DOGEUSDT     | Size: 312        | Entry: 0.12786   
2025-12-17 12:52:27,588 -       - ETHUSDT      | Size: 0.01       | Entry: 2936.6    
2025-12-17 12:52:27,588 -       - HBARUSDT     | Size: 356        | Entry: 0.11234   
2025-12-17 12:52:27,588 -       - LINKUSDT     | Size: 3          | Entry: 12.585    
2025-12-17 12:52:27,588 -       - SOLUSDT      | Size: 0.3        | Entry: 124.987   
2025-12-17 12:52:27,588 -       - WLDUSDT      | Size: 75         | Entry: 0.5286    
2025-12-17 12:52:27,588 -       - XRPUSDT      | Size: 21         | Entry: 1.8909    
2025-12-17 12:52:27,588 -    ➡️  revers_long_6Hutc: 2 positions | Candles: 20
2025-12-17 12:52:27,588 -       - BNBUSDT      | Size: 0.03       | Entry: 891.18    
2025-12-17 12:52:27,588 -       - BTCUSDT      | Size: 0.0003     | Entry: 92367.4   
2025-12-17 12:52:27,588 -    ➡️  parity_short_1H: 6 positions | Candles: 25
2025-12-17 12:52:27,588 -       - BNBUSDT      | Size: 0.04       | Entry: 859.08    
2025-12-17 12:52:27,588 -       - BTCUSDT      | Size: 0.0004     | Entry: 86297.7   
2025-12-17 12:52:27,588 -       - DOGEUSDT     | Size: 310        | Entry: 0.12882   
2025-12-17 12:52:27,588 -       - ETHUSDT      | Size: 0.01       | Entry: 2924.4    
2025-12-17 12:52:27,588 -       - SOLUSDT      | Size: 0.3        | Entry: 126.22    
2025-12-17 12:52:27,588 -       - XRPUSDT      | Size: 21         | Entry: 1.879     
2025-12-17 12:52:27,588 -    ➡️  parity_long_1H: 3 positions | Candles: 24
2025-12-17 12:52:27,589 -       - BTCUSDT      | Size: 0.0004     | Entry: 86933.2   
2025-12-17 12:52:27,589 -       - DOGEUSDT     | Size: 305        | Entry: 0.13073   
2025-12-17 12:52:27,589 -       - SOLUSDT      | Size: 0.3        | Entry: 128.357   
2025-12-17 12:52:27,972 - 🔹 Strategy double_top_long_4H (4H): 32 symbols
2025-12-17 12:52:27,975 - 🔹 Strategy revers_long_4H (4H): 32 symbols
2025-12-17 12:52:27,978 - 🔹 Strategy parity_long_4H (4H): 32 symbols
2025-12-17 12:52:27,980 - 🔹 Strategy revers_short_4H (4H): 32 symbols
2025-12-17 12:52:27,983 - 🔹 Strategy parity_short_4H (4H): 32 symbols
2025-12-17 12:52:27,985 - 🔹 Strategy revers_long_1H (1H): 6 symbols
2025-12-17 12:52:27,988 - 🔹 Strategy revers_short_1H (1H): 6 symbols
2025-12-17 12:52:27,990 - 🔹 Strategy revers_long_6Hutc (6Hutc): 15 symbols
2025-12-17 12:52:27,992 - 🔹 Strategy revers_short_6Hutc (6Hutc): 15 symbols
2025-12-17 12:52:27,995 - 🔹 Strategy parity_long_1H (1H): 6 symbols
2025-12-17 12:52:27,997 - 🔹 Strategy parity_short_1H (1H): 6 symbols
2025-12-17 12:52:27,997 - 
➡️ Detected timeframes: 6Hutc, 4H, 1H
2025-12-17 12:52:27,997 -    🔹 6Hutc: revers_long_6Hutc, revers_short_6Hutc
2025-12-17 12:52:27,997 -    🔹 4H: double_top_long_4H, revers_long_4H, parity_long_4H, revers_short_4H, parity_short_4H
2025-12-17 12:52:27,997 -    🔹 1H: revers_long_1H, revers_short_1H, parity_long_1H, parity_short_1H
2025-12-17 12:52:27,997 - 
✅ BOT Initialization completed

2025-12-17 12:52:28,010 - 
2025-12-17 12:52:28,010 - [1;94m========================================================================================================================[0m
2025-12-17 12:52:28,010 - [1;94m📈 STRATEGY ANALYSIS[0m
2025-12-17 12:52:28,010 - [1;94m========================================================================================================================[0m
2025-12-17 12:52:28,017 - [1;85mStrategy          [0m  [1;85mdate_fo   [0m  [1;85m Trades_num[0m  [1;85m Trades_pct[0m  [1;85mTotal_profit[0m  [1;85m Profit_pct[0m  [1;85mTP_pct[0m  [1;85mSL_pct[0m  [1;85mOOM_pct[0m  [1;85mAvg_days[0m
2025-12-17 12:52:28,017 - [0;93mdouble_top_long_4H[0m  2025-12-11            1        100.0  [1;92m         1.9[0m         0.41   100.0     0.0      0.0      0.22
2025-12-17 12:52:28,017 - [0;93mrevers_short_4H   [0m  2025-12-11           30        96.67  [1;92m       52.09[0m        11.35   96.67    3.33      0.0      2.81
2025-12-17 12:52:28,017 - [0;93mparity_short_4H   [0m  2025-12-11           27        92.59  [1;92m       40.06[0m         8.73   92.59    7.41      0.0      3.15
2025-12-17 12:52:28,017 - [0;93mrevers_short_1H   [0m  2025-12-11           19        78.95  [1;92m        7.58[0m         1.65   78.95    5.26      0.0      0.91
2025-12-17 12:52:28,017 - [0;93mrevers_long_1H    [0m  2025-12-11            5         20.0  [1;91m        -7.2[0m        -1.57    20.0     0.0      0.0      1.79
2025-12-17 12:52:28,017 - [0;93mrevers_short_6Hutc[0m  2025-12-12            7        71.43  [1;92m        2.13[0m         0.46   85.71   14.29      0.0      1.63
2025-12-17 12:52:28,017 - [0;93mparity_long_4H    [0m  2025-12-11            1          0.0  [1;91m       -4.05[0m        -0.88     0.0   100.0      0.0      3.25
2025-12-17 12:52:28,017 - [0;93mrevers_long_6Hutc [0m  2025-12-12            4          0.0  [1;91m      -10.62[0m        -2.31     0.0   100.0      0.0      3.47
2025-12-17 12:52:28,018 - 
2025-12-17 12:52:28,018 - [1;94m========================================================================================================================[0m
2025-12-17 12:52:28,018 - [1;94m📊 TOTAL SUMMARY[0m
2025-12-17 12:52:28,018 - [1;94m========================================================================================================================[0m
2025-12-17 12:52:28,018 - [1;94m🧮 Trades_num   :[0m 94
2025-12-17 12:52:28,018 - [1;94m🕜 Avg_duration :[0m 2.4 days
2025-12-17 12:52:28,018 - [1;94m🎯 Trades_pct   :[0m 80.85 %
2025-12-17 12:52:28,018 - [1;94m💱 Profit_pct   :[0m 2.23 %
2025-12-17 12:52:28,018 - 💵 [1;94mTOTAL_profit :[0m [1;92m81.89 $[0m
2025-12-17 12:52:28,018 - [1;94m========================================================================================================================[0m
2025-12-17 12:52:28,018 - 
2025-12-17 12:52:28,018 - 
[1;94mInitializing WebSocket connections...[0m
2025-12-17 12:52:28,975 - 🔌 PUBLIC  WebSocket connected
2025-12-17 12:52:28,985 - 🔌 PRIVATE WebSocket connected (first time)
2025-12-17 12:52:29,019 - 📱 WebSocket status:
2025-12-17 12:52:29,019 -    - Public WS    : ✅ Connected
2025-12-17 12:52:29,019 -    - Private WS   : ✅ Connected
2025-12-17 12:52:29,019 -    - Authenticated: ⚠️  No
2025-12-17 12:52:29,485 - 🛜 Subscribing to 5 private channels...
2025-12-17 12:52:29,485 - 🆗 orders
2025-12-17 12:52:29,485 - 🆗 fill
2025-12-17 12:52:29,485 - 🆗 positions
2025-12-17 12:52:29,486 - 🆗 account
2025-12-17 12:52:29,486 - 🆗 equity
2025-12-17 12:52:29,486 - ✅ WebSocket authentication successful
2025-12-17 12:52:29,519 - 📦 Pre-loading contract info for 33 symbols via API...
2025-12-17 12:52:42,487 - [0;36m✅ Pre-loaded 33/33 contracts[0m
2025-12-17 12:52:42,487 - 
2025-12-17 12:52:42,488 - ⏰ Next candle for 6Hutc : 2025-12-17 12:00:45 UTC
2025-12-17 12:52:42,488 - ⏰ Next candle for 4H    : 2025-12-17 12:00:45 UTC
2025-12-17 12:52:42,488 - ⏰ Next candle for 1H    : 2025-12-17 12:00:45 UTC
2025-12-17 12:52:59,846 - ⚠️ No price for SEIUSDT: No fresh price data for SEIUSDT
2025-12-17 12:53:04,911 - 
🔚 Interrupted by user.
2025-12-17 12:53:04,945 - ⛔ BOT Stopped
2025-12-17 12:53:19,856 - [1;94m========================================================================================================================[0m
2025-12-17 12:53:19,856 - [1;94m🤖 === STARTING MULTI-STRATEGY BOT OPERATING IN ACCOUNT: 01 🤖 ===[0m
2025-12-17 12:53:19,856 - [1;94m========================================================================================================================[0m
2025-12-17 12:53:19,857 - ✅  State loaded: 52 positions recovered
2025-12-17 12:53:19,857 -    ➡️  revers_short_1H: 2 positions | Candles: 43
2025-12-17 12:53:19,857 -       - BNBUSDT      | Size: 0.04       | Entry: 855.02    
2025-12-17 12:53:19,857 -       - BTCUSDT      | Size: 0.0004     | Entry: 86796.8   
2025-12-17 12:53:19,857 -    ➡️  revers_long_4H: 2 positions | Candles: 34
2025-12-17 12:53:19,857 -       - BGBUSDT      | Size: 11         | Entry: 3.6       
2025-12-17 12:53:19,857 -       - ETHUSDT      | Size: 0.01       | Entry: 3177.11   
2025-12-17 12:53:19,857 -    ➡️  parity_long_4H: 2 positions | Candles: 34
2025-12-17 12:53:19,857 -       - BGBUSDT      | Size: 11         | Entry: 3.6       
2025-12-17 12:53:19,857 -       - ETHUSDT      | Size: 0.01       | Entry: 3177.73   
2025-12-17 12:53:19,857 -    ➡️  revers_short_4H: 19 positions | Candles: 5
2025-12-17 12:53:19,857 -       - AAVEUSDT     | Size: 0.2        | Entry: 188.07    
2025-12-17 12:53:19,857 -       - ADAUSDT      | Size: 103        | Entry: 0.3883    
2025-12-17 12:53:19,857 -       - APTUSDT      | Size: 25.078     | Entry: 1.595     
2025-12-17 12:53:19,857 -       - ARBUSDT      | Size: 200.6      | Entry: 0.1994    
2025-12-17 12:53:19,857 -       - AVAXUSDT     | Size: 3.2        | Entry: 12.353    
2025-12-17 12:53:19,857 -       - DOGEUSDT     | Size: 303        | Entry: 0.13171   
2025-12-17 12:53:19,857 -       - DOTUSDT      | Size: 20         | Entry: 1.924     
2025-12-17 12:53:19,857 -       - ETHUSDT      | Size: 0.01       | Entry: 2958.82   
2025-12-17 12:53:19,857 -       - HBARUSDT     | Size: 344        | Entry: 0.11601   
2025-12-17 12:53:19,857 -       - HYPEUSDT     | Size: 1.45       | Entry: 27.434    
2025-12-17 12:53:19,857 -       - LINKUSDT     | Size: 3          | Entry: 12.963    
2025-12-17 12:53:19,857 -       - LTCUSDT      | Size: 0.5        | Entry: 78.96     
2025-12-17 12:53:19,857 -       - NEARUSDT     | Size: 25         | Entry: 1.5431    
2025-12-17 12:53:19,857 -       - ONDOUSDT     | Size: 96.6       | Entry: 0.4136    
2025-12-17 12:53:19,857 -       - SEIUSDT      | Size: 334        | Entry: 0.11949   
2025-12-17 12:53:19,857 -       - SOLUSDT      | Size: 0.3        | Entry: 128.59    
2025-12-17 12:53:19,857 -       - SUIUSDT      | Size: 26.4       | Entry: 1.5112    
2025-12-17 12:53:19,857 -       - WIFUSDT      | Size: 106.2      | Entry: 0.3763    
2025-12-17 12:53:19,857 -       - XRPUSDT      | Size: 20         | Entry: 1.9235    
2025-12-17 12:53:19,857 -    ➡️  parity_short_4H: 2 positions | Candles: 34
2025-12-17 12:53:19,857 -       - BNBUSDT      | Size: 0.04       | Entry: 863.8     
2025-12-17 12:53:19,857 -       - BTCUSDT      | Size: 0.0004     | Entry: 89709     
2025-12-17 12:53:19,857 -    ➡️  double_top_long_4H: 3 positions | Candles: 33
2025-12-17 12:53:19,857 -       - BNBUSDT      | Size: 0.04       | Entry: 876.15    
2025-12-17 12:53:19,857 -       - ETHUSDT      | Size: 0.01       | Entry: 3198.01   
2025-12-17 12:53:19,857 -       - LINKUSDT     | Size: 2          | Entry: 13.732    
2025-12-17 12:53:19,857 -    ➡️  revers_long_1H: 1 positions | Candles: 23
2025-12-17 12:53:19,857 -       - XRPUSDT      | Size: 20         | Entry: 1.922     
2025-12-17 12:53:19,857 -    ➡️  revers_short_6Hutc: 10 positions | Candles: 6
2025-12-17 12:53:19,857 -       - ADAUSDT      | Size: 105        | Entry: 0.3804    
2025-12-17 12:53:19,857 -       - BNBUSDT      | Size: 0.04       | Entry: 843.99    
2025-12-17 12:53:19,857 -       - BTCUSDT      | Size: 0.0004     | Entry: 85702     
2025-12-17 12:53:19,857 -       - DOGEUSDT     | Size: 312        | Entry: 0.12786   
2025-12-17 12:53:19,857 -       - ETHUSDT      | Size: 0.01       | Entry: 2936.6    
2025-12-17 12:53:19,857 -       - HBARUSDT     | Size: 356        | Entry: 0.11234   
2025-12-17 12:53:19,857 -       - LINKUSDT     | Size: 3          | Entry: 12.585    
2025-12-17 12:53:19,857 -       - SOLUSDT      | Size: 0.3        | Entry: 124.987   
2025-12-17 12:53:19,857 -       - WLDUSDT      | Size: 75         | Entry: 0.5286    
2025-12-17 12:53:19,857 -       - XRPUSDT      | Size: 21         | Entry: 1.8909    
2025-12-17 12:53:19,857 -    ➡️  revers_long_6Hutc: 2 positions | Candles: 20
2025-12-17 12:53:19,857 -       - BNBUSDT      | Size: 0.03       | Entry: 891.18    
2025-12-17 12:53:19,857 -       - BTCUSDT      | Size: 0.0003     | Entry: 92367.4   
2025-12-17 12:53:19,857 -    ➡️  parity_short_1H: 6 positions | Candles: 25
2025-12-17 12:53:19,857 -       - BNBUSDT      | Size: 0.04       | Entry: 859.08    
2025-12-17 12:53:19,857 -       - BTCUSDT      | Size: 0.0004     | Entry: 86297.7   
2025-12-17 12:53:19,857 -       - DOGEUSDT     | Size: 310        | Entry: 0.12882   
2025-12-17 12:53:19,857 -       - ETHUSDT      | Size: 0.01       | Entry: 2924.4    
2025-12-17 12:53:19,857 -       - SOLUSDT      | Size: 0.3        | Entry: 126.22    
2025-12-17 12:53:19,857 -       - XRPUSDT      | Size: 21         | Entry: 1.879     
2025-12-17 12:53:19,857 -    ➡️  parity_long_1H: 3 positions | Candles: 24
2025-12-17 12:53:19,857 -       - BTCUSDT      | Size: 0.0004     | Entry: 86933.2   
2025-12-17 12:53:19,857 -       - DOGEUSDT     | Size: 305        | Entry: 0.13073   
2025-12-17 12:53:19,857 -       - SOLUSDT      | Size: 0.3        | Entry: 128.357   
2025-12-17 12:53:20,214 - 🔹 Strategy double_top_long_4H (4H): 32 symbols
2025-12-17 12:53:20,217 - 🔹 Strategy revers_long_4H (4H): 32 symbols
2025-12-17 12:53:20,220 - 🔹 Strategy parity_long_4H (4H): 32 symbols
2025-12-17 12:53:20,222 - 🔹 Strategy revers_short_4H (4H): 32 symbols
2025-12-17 12:53:20,225 - 🔹 Strategy parity_short_4H (4H): 32 symbols
2025-12-17 12:53:20,227 - 🔹 Strategy revers_long_1H (1H): 6 symbols
2025-12-17 12:53:20,230 - 🔹 Strategy revers_short_1H (1H): 6 symbols
2025-12-17 12:53:20,232 - 🔹 Strategy revers_long_6Hutc (6Hutc): 15 symbols
2025-12-17 12:53:20,235 - 🔹 Strategy revers_short_6Hutc (6Hutc): 15 symbols
2025-12-17 12:53:20,237 - 🔹 Strategy parity_long_1H (1H): 6 symbols
2025-12-17 12:53:20,239 - 🔹 Strategy parity_short_1H (1H): 6 symbols
2025-12-17 12:53:20,239 - 
➡️ Detected timeframes: 1H, 4H, 6Hutc
2025-12-17 12:53:20,239 -    🔹 1H: revers_long_1H, revers_short_1H, parity_long_1H, parity_short_1H
2025-12-17 12:53:20,239 -    🔹 4H: double_top_long_4H, revers_long_4H, parity_long_4H, revers_short_4H, parity_short_4H
2025-12-17 12:53:20,239 -    🔹 6Hutc: revers_long_6Hutc, revers_short_6Hutc
2025-12-17 12:53:20,239 - 
✅ BOT Initialization completed

2025-12-17 12:53:20,252 - 
2025-12-17 12:53:20,252 - [1;94m========================================================================================================================[0m
2025-12-17 12:53:20,252 - [1;94m📈 STRATEGY ANALYSIS[0m
2025-12-17 12:53:20,252 - [1;94m========================================================================================================================[0m
2025-12-17 12:53:20,259 - [1;85mStrategy          [0m  [1;85mdate_fo   [0m  [1;85m Trades_num[0m  [1;85m Trades_pct[0m  [1;85mTotal_profit[0m  [1;85m Profit_pct[0m  [1;85mTP_pct[0m  [1;85mSL_pct[0m  [1;85mOOM_pct[0m  [1;85mAvg_days[0m
2025-12-17 12:53:20,259 - [0;93mdouble_top_long_4H[0m  2025-12-11            1        100.0  [1;92m         1.9[0m         0.41   100.0     0.0      0.0      0.22
2025-12-17 12:53:20,259 - [0;93mrevers_short_4H   [0m  2025-12-11           30        96.67  [1;92m       52.09[0m        11.35   96.67    3.33      0.0      2.81
2025-12-17 12:53:20,259 - [0;93mparity_short_4H   [0m  2025-12-11           27        92.59  [1;92m       40.06[0m         8.73   92.59    7.41      0.0      3.15
2025-12-17 12:53:20,259 - [0;93mrevers_short_1H   [0m  2025-12-11           19        78.95  [1;92m        7.58[0m         1.65   78.95    5.26      0.0      0.91
2025-12-17 12:53:20,259 - [0;93mrevers_long_1H    [0m  2025-12-11            5         20.0  [1;91m        -7.2[0m        -1.57    20.0     0.0      0.0      1.79
2025-12-17 12:53:20,259 - [0;93mrevers_short_6Hutc[0m  2025-12-12            7        71.43  [1;92m        2.13[0m         0.46   85.71   14.29      0.0      1.63
2025-12-17 12:53:20,259 - [0;93mparity_long_4H    [0m  2025-12-11            1          0.0  [1;91m       -4.05[0m        -0.88     0.0   100.0      0.0      3.25
2025-12-17 12:53:20,259 - [0;93mrevers_long_6Hutc [0m  2025-12-12            4          0.0  [1;91m      -10.62[0m        -2.31     0.0   100.0      0.0      3.47
2025-12-17 12:53:20,260 - 
2025-12-17 12:53:20,260 - [1;94m========================================================================================================================[0m
2025-12-17 12:53:20,260 - [1;94m📊 TOTAL SUMMARY[0m
2025-12-17 12:53:20,260 - [1;94m========================================================================================================================[0m
2025-12-17 12:53:20,260 - [1;94m🧮 Trades_num   :[0m 94
2025-12-17 12:53:20,260 - [1;94m🕜 Avg_duration :[0m 2.4 days
2025-12-17 12:53:20,260 - [1;94m🎯 Trades_pct   :[0m 80.85 %
2025-12-17 12:53:20,260 - [1;94m💱 Profit_pct   :[0m 2.23 %
2025-12-17 12:53:20,260 - 💵 [1;94mTOTAL_profit :[0m [1;92m81.89 $[0m
2025-12-17 12:53:20,260 - [1;94m========================================================================================================================[0m
2025-12-17 12:53:20,260 - 
2025-12-17 12:53:20,260 - 
[1;94mInitializing WebSocket connections...[0m
2025-12-17 12:53:21,261 - 📱 WebSocket status:
2025-12-17 12:53:21,261 -    - Public WS    : ⚠️ Not connected
2025-12-17 12:53:21,261 -    - Private WS   : ⚠️ Not connected
2025-12-17 12:53:21,261 -    - Authenticated: ⚠️  No
2025-12-17 12:53:21,276 - 🔌 PUBLIC  WebSocket connected
2025-12-17 12:53:21,276 - 🔌 PRIVATE WebSocket connected (first time)
2025-12-17 12:53:21,776 - 🛜 Subscribing to 5 private channels...
2025-12-17 12:53:21,777 - 🆗 orders
2025-12-17 12:53:21,777 - 🆗 fill
2025-12-17 12:53:21,777 - 🆗 positions
2025-12-17 12:53:21,777 - 🆗 account
2025-12-17 12:53:21,777 - 🆗 equity
2025-12-17 12:53:21,777 - ✅ WebSocket authentication successful
2025-12-17 12:53:22,261 - 📦 Pre-loading contract info for 33 symbols via API...
2025-12-17 12:53:35,428 - [0;36m✅ Pre-loaded 33/33 contracts[0m
2025-12-17 12:53:35,429 - 
2025-12-17 12:53:35,429 - ⏰ Next candle for 1H    : 2025-12-17 12:00:45 UTC
2025-12-17 12:53:35,429 - ⏰ Next candle for 4H    : 2025-12-17 12:00:45 UTC
2025-12-17 12:53:35,430 - ⏰ Next candle for 6Hutc : 2025-12-17 12:00:45 UTC
2025-12-17 12:53:45,444 - 
[1;94m───────────────────────────────────────────────────────────────────────────────────────────────────────────────────
2025-12-17 12:53:45,444 - 🔷 Checking TP/SL - 2025-12-17 11:53:45
2025-12-17 12:53:54,460 - 💰 Total PnL: [1;92m+0.00 USDT[0m
2025-12-17 12:53:54,460 - [1;94m───────────────────────────────────────────────────────────────────────────────────────────────────────────────────[0m

2025-12-17 12:53:55,461 - 
[1;94m───────────────────────────────────────────────────────────────────────────────────────────────────────────────────
2025-12-17 12:53:55,461 - 🔷 Checking TP/SL - 2025-12-17 11:53:55
2025-12-17 12:53:55,462 - 💰 Total PnL: [1;92m+0.00 USDT[0m
2025-12-17 12:53:55,462 - [1;94m───────────────────────────────────────────────────────────────────────────────────────────────────────────────────[0m

2025-12-17 12:54:05,476 - 
[1;94m───────────────────────────────────────────────────────────────────────────────────────────────────────────────────
2025-12-17 12:54:05,476 - 🔷 Checking TP/SL - 2025-12-17 11:54:05
2025-12-17 12:54:05,476 - 💰 Total PnL: [1;92m+0.00 USDT[0m
2025-12-17 12:54:05,476 - [1;94m───────────────────────────────────────────────────────────────────────────────────────────────────────────────────[0m

2025-12-17 12:54:15,491 - 
[1;94m───────────────────────────────────────────────────────────────────────────────────────────────────────────────────
2025-12-17 12:54:15,491 - 🔷 Checking TP/SL - 2025-12-17 11:54:15
2025-12-17 12:54:15,491 - 💰 Total PnL: [1;92m+0.00 USDT[0m
2025-12-17 12:54:15,491 - [1;94m───────────────────────────────────────────────────────────────────────────────────────────────────────────────────[0m

2025-12-17 12:54:25,506 - 
[1;94m───────────────────────────────────────────────────────────────────────────────────────────────────────────────────
2025-12-17 12:54:25,506 - 🔷 Checking TP/SL - 2025-12-17 11:54:25
2025-12-17 12:54:25,506 - 💰 Total PnL: [1;92m+0.00 USDT[0m
2025-12-17 12:54:25,506 - [1;94m───────────────────────────────────────────────────────────────────────────────────────────────────────────────────[0m

2025-12-17 12:54:35,521 - 
[1;94m───────────────────────────────────────────────────────────────────────────────────────────────────────────────────
2025-12-17 12:54:35,521 - 🔷 Checking TP/SL - 2025-12-17 11:54:35
2025-12-17 12:54:35,521 - 💰 Total PnL: [1;92m+0.00 USDT[0m
2025-12-17 12:54:35,521 - [1;94m───────────────────────────────────────────────────────────────────────────────────────────────────────────────────[0m

2025-12-17 12:54:45,536 - 
[1;94m───────────────────────────────────────────────────────────────────────────────────────────────────────────────────
2025-12-17 12:54:45,536 - 🔷 Checking TP/SL - 2025-12-17 11:54:45
2025-12-17 12:54:45,536 - 💰 Total PnL: [1;92m+0.00 USDT[0m
2025-12-17 12:54:45,536 - [1;94m───────────────────────────────────────────────────────────────────────────────────────────────────────────────────[0m

2025-12-17 12:54:55,553 - 
[1;94m───────────────────────────────────────────────────────────────────────────────────────────────────────────────────
2025-12-17 12:54:55,553 - 🔷 Checking TP/SL - 2025-12-17 11:54:55
2025-12-17 12:54:55,553 - 💰 Total PnL: [1;92m+0.00 USDT[0m
2025-12-17 12:54:55,553 - [1;94m───────────────────────────────────────────────────────────────────────────────────────────────────────────────────[0m

2025-12-17 12:55:05,570 - 
[1;94m───────────────────────────────────────────────────────────────────────────────────────────────────────────────────
2025-12-17 12:55:05,570 - 🔷 Checking TP/SL - 2025-12-17 11:55:05
2025-12-17 12:55:05,570 - 💰 Total PnL: [1;92m+0.00 USDT[0m
2025-12-17 12:55:05,570 - [1;94m───────────────────────────────────────────────────────────────────────────────────────────────────────────────────[0m

2025-12-17 12:55:14,483 - 
🔚 Interrupted by user.
2025-12-17 12:55:14,485 - ⛔ BOT Stopped
2025-12-17 12:55:18,514 - [1;94m========================================================================================================================[0m
2025-12-17 12:55:18,514 - [1;94m🤖 === STARTING MULTI-STRATEGY BOT OPERATING IN ACCOUNT: 01 🤖 ===[0m
2025-12-17 12:55:18,514 - [1;94m========================================================================================================================[0m
2025-12-17 12:55:18,514 - ✅  State loaded: 52 positions recovered
2025-12-17 12:55:18,515 -    ➡️  revers_short_1H: 2 positions | Candles: 43
2025-12-17 12:55:18,515 -       - BNBUSDT      | Size: 0.04       | Entry: 855.02    
2025-12-17 12:55:18,515 -       - BTCUSDT      | Size: 0.0004     | Entry: 86796.8   
2025-12-17 12:55:18,515 -    ➡️  revers_long_4H: 2 positions | Candles: 34
2025-12-17 12:55:18,515 -       - BGBUSDT      | Size: 11         | Entry: 3.6       
2025-12-17 12:55:18,515 -       - ETHUSDT      | Size: 0.01       | Entry: 3177.11   
2025-12-17 12:55:18,515 -    ➡️  parity_long_4H: 2 positions | Candles: 34
2025-12-17 12:55:18,515 -       - BGBUSDT      | Size: 11         | Entry: 3.6       
2025-12-17 12:55:18,515 -       - ETHUSDT      | Size: 0.01       | Entry: 3177.73   
2025-12-17 12:55:18,515 -    ➡️  revers_short_4H: 19 positions | Candles: 5
2025-12-17 12:55:18,515 -       - AAVEUSDT     | Size: 0.2        | Entry: 188.07    
2025-12-17 12:55:18,515 -       - ADAUSDT      | Size: 103        | Entry: 0.3883    
2025-12-17 12:55:18,515 -       - APTUSDT      | Size: 25.078     | Entry: 1.595     
2025-12-17 12:55:18,515 -       - ARBUSDT      | Size: 200.6      | Entry: 0.1994    
2025-12-17 12:55:18,515 -       - AVAXUSDT     | Size: 3.2        | Entry: 12.353    
2025-12-17 12:55:18,515 -       - DOGEUSDT     | Size: 303        | Entry: 0.13171   
2025-12-17 12:55:18,515 -       - DOTUSDT      | Size: 20         | Entry: 1.924     
2025-12-17 12:55:18,515 -       - ETHUSDT      | Size: 0.01       | Entry: 2958.82   
2025-12-17 12:55:18,515 -       - HBARUSDT     | Size: 344        | Entry: 0.11601   
2025-12-17 12:55:18,515 -       - HYPEUSDT     | Size: 1.45       | Entry: 27.434    
2025-12-17 12:55:18,515 -       - LINKUSDT     | Size: 3          | Entry: 12.963    
2025-12-17 12:55:18,515 -       - LTCUSDT      | Size: 0.5        | Entry: 78.96     
2025-12-17 12:55:18,515 -       - NEARUSDT     | Size: 25         | Entry: 1.5431    
2025-12-17 12:55:18,515 -       - ONDOUSDT     | Size: 96.6       | Entry: 0.4136    
2025-12-17 12:55:18,515 -       - SEIUSDT      | Size: 334        | Entry: 0.11949   
2025-12-17 12:55:18,515 -       - SOLUSDT      | Size: 0.3        | Entry: 128.59    
2025-12-17 12:55:18,515 -       - SUIUSDT      | Size: 26.4       | Entry: 1.5112    
2025-12-17 12:55:18,515 -       - WIFUSDT      | Size: 106.2      | Entry: 0.3763    
2025-12-17 12:55:18,515 -       - XRPUSDT      | Size: 20         | Entry: 1.9235    
2025-12-17 12:55:18,515 -    ➡️  parity_short_4H: 2 positions | Candles: 34
2025-12-17 12:55:18,515 -       - BNBUSDT      | Size: 0.04       | Entry: 863.8     
2025-12-17 12:55:18,515 -       - BTCUSDT      | Size: 0.0004     | Entry: 89709     
2025-12-17 12:55:18,515 -    ➡️  double_top_long_4H: 3 positions | Candles: 33
2025-12-17 12:55:18,515 -       - BNBUSDT      | Size: 0.04       | Entry: 876.15    
2025-12-17 12:55:18,515 -       - ETHUSDT      | Size: 0.01       | Entry: 3198.01   
2025-12-17 12:55:18,515 -       - LINKUSDT     | Size: 2          | Entry: 13.732    
2025-12-17 12:55:18,515 -    ➡️  revers_long_1H: 1 positions | Candles: 23
2025-12-17 12:55:18,515 -       - XRPUSDT      | Size: 20         | Entry: 1.922     
2025-12-17 12:55:18,515 -    ➡️  revers_short_6Hutc: 10 positions | Candles: 6
2025-12-17 12:55:18,515 -       - ADAUSDT      | Size: 105        | Entry: 0.3804    
2025-12-17 12:55:18,515 -       - BNBUSDT      | Size: 0.04       | Entry: 843.99    
2025-12-17 12:55:18,515 -       - BTCUSDT      | Size: 0.0004     | Entry: 85702     
2025-12-17 12:55:18,515 -       - DOGEUSDT     | Size: 312        | Entry: 0.12786   
2025-12-17 12:55:18,515 -       - ETHUSDT      | Size: 0.01       | Entry: 2936.6    
2025-12-17 12:55:18,515 -       - HBARUSDT     | Size: 356        | Entry: 0.11234   
2025-12-17 12:55:18,515 -       - LINKUSDT     | Size: 3          | Entry: 12.585    
2025-12-17 12:55:18,515 -       - SOLUSDT      | Size: 0.3        | Entry: 124.987   
2025-12-17 12:55:18,515 -       - WLDUSDT      | Size: 75         | Entry: 0.5286    
2025-12-17 12:55:18,515 -       - XRPUSDT      | Size: 21         | Entry: 1.8909    
2025-12-17 12:55:18,515 -    ➡️  revers_long_6Hutc: 2 positions | Candles: 20
2025-12-17 12:55:18,515 -       - BNBUSDT      | Size: 0.03       | Entry: 891.18    
2025-12-17 12:55:18,515 -       - BTCUSDT      | Size: 0.0003     | Entry: 92367.4   
2025-12-17 12:55:18,515 -    ➡️  parity_short_1H: 6 positions | Candles: 25
2025-12-17 12:55:18,515 -       - BNBUSDT      | Size: 0.04       | Entry: 859.08    
2025-12-17 12:55:18,515 -       - BTCUSDT      | Size: 0.0004     | Entry: 86297.7   
2025-12-17 12:55:18,515 -       - DOGEUSDT     | Size: 310        | Entry: 0.12882   
2025-12-17 12:55:18,515 -       - ETHUSDT      | Size: 0.01       | Entry: 2924.4    
2025-12-17 12:55:18,515 -       - SOLUSDT      | Size: 0.3        | Entry: 126.22    
2025-12-17 12:55:18,515 -       - XRPUSDT      | Size: 21         | Entry: 1.879     
2025-12-17 12:55:18,515 -    ➡️  parity_long_1H: 3 positions | Candles: 24
2025-12-17 12:55:18,515 -       - BTCUSDT      | Size: 0.0004     | Entry: 86933.2   
2025-12-17 12:55:18,515 -       - DOGEUSDT     | Size: 305        | Entry: 0.13073   
2025-12-17 12:55:18,515 -       - SOLUSDT      | Size: 0.3        | Entry: 128.357   
2025-12-17 12:55:18,876 - 🔹 Strategy double_top_long_4H (4H): 32 symbols
2025-12-17 12:55:18,878 - 🔹 Strategy revers_long_4H (4H): 32 symbols
2025-12-17 12:55:18,881 - 🔹 Strategy parity_long_4H (4H): 32 symbols
2025-12-17 12:55:18,884 - 🔹 Strategy revers_short_4H (4H): 32 symbols
2025-12-17 12:55:18,886 - 🔹 Strategy parity_short_4H (4H): 32 symbols
2025-12-17 12:55:18,889 - 🔹 Strategy revers_long_1H (1H): 6 symbols
2025-12-17 12:55:18,891 - 🔹 Strategy revers_short_1H (1H): 6 symbols
2025-12-17 12:55:18,893 - 🔹 Strategy revers_long_6Hutc (6Hutc): 15 symbols
2025-12-17 12:55:18,896 - 🔹 Strategy revers_short_6Hutc (6Hutc): 15 symbols
2025-12-17 12:55:18,898 - 🔹 Strategy parity_long_1H (1H): 6 symbols
2025-12-17 12:55:18,900 - 🔹 Strategy parity_short_1H (1H): 6 symbols
2025-12-17 12:55:18,900 - 
➡️ Detected timeframes: 1H, 6Hutc, 4H
2025-12-17 12:55:18,900 -    🔹 1H: revers_long_1H, revers_short_1H, parity_long_1H, parity_short_1H
2025-12-17 12:55:18,900 -    🔹 6Hutc: revers_long_6Hutc, revers_short_6Hutc
2025-12-17 12:55:18,900 -    🔹 4H: double_top_long_4H, revers_long_4H, parity_long_4H, revers_short_4H, parity_short_4H
2025-12-17 12:55:18,900 - 
✅ BOT Initialization completed

2025-12-17 12:55:18,913 - 
2025-12-17 12:55:18,913 - [1;94m========================================================================================================================[0m
2025-12-17 12:55:18,913 - [1;94m📈 STRATEGY ANALYSIS[0m
2025-12-17 12:55:18,913 - [1;94m========================================================================================================================[0m
2025-12-17 12:55:18,920 - [1;85mStrategy          [0m  [1;85mdate_fo   [0m  [1;85m Trades_num[0m  [1;85m Trades_pct[0m  [1;85mTotal_profit[0m  [1;85m Profit_pct[0m  [1;85mTP_pct[0m  [1;85mSL_pct[0m  [1;85mOOM_pct[0m  [1;85mAvg_days[0m
2025-12-17 12:55:18,920 - [0;93mdouble_top_long_4H[0m  2025-12-11            1        100.0  [1;92m         1.9[0m         0.41   100.0     0.0      0.0      0.22
2025-12-17 12:55:18,920 - [0;93mrevers_short_4H   [0m  2025-12-11           30        96.67  [1;92m       52.09[0m        11.35   96.67    3.33      0.0      2.81
2025-12-17 12:55:18,920 - [0;93mparity_short_4H   [0m  2025-12-11           27        92.59  [1;92m       40.06[0m         8.73   92.59    7.41      0.0      3.15
2025-12-17 12:55:18,920 - [0;93mrevers_short_1H   [0m  2025-12-11           19        78.95  [1;92m        7.58[0m         1.65   78.95    5.26      0.0      0.91
2025-12-17 12:55:18,920 - [0;93mrevers_long_1H    [0m  2025-12-11            5         20.0  [1;91m        -7.2[0m        -1.57    20.0     0.0      0.0      1.79
2025-12-17 12:55:18,921 - [0;93mrevers_short_6Hutc[0m  2025-12-12            7        71.43  [1;92m        2.13[0m         0.46   85.71   14.29      0.0      1.63
2025-12-17 12:55:18,921 - [0;93mparity_long_4H    [0m  2025-12-11            1          0.0  [1;91m       -4.05[0m        -0.88     0.0   100.0      0.0      3.25
2025-12-17 12:55:18,921 - [0;93mrevers_long_6Hutc [0m  2025-12-12            4          0.0  [1;91m      -10.62[0m        -2.31     0.0   100.0      0.0      3.47
2025-12-17 12:55:18,921 - 
2025-12-17 12:55:18,921 - [1;94m========================================================================================================================[0m
2025-12-17 12:55:18,921 - [1;94m📊 TOTAL SUMMARY[0m
2025-12-17 12:55:18,921 - [1;94m========================================================================================================================[0m
2025-12-17 12:55:18,921 - [1;94m🧮 Trades_num   :[0m 94
2025-12-17 12:55:18,921 - [1;94m🕜 Avg_duration :[0m 2.4 days
2025-12-17 12:55:18,921 - [1;94m🎯 Trades_pct   :[0m 80.85 %
2025-12-17 12:55:18,921 - [1;94m💱 Profit_pct   :[0m 2.23 %
2025-12-17 12:55:18,921 - 💵 [1;94mTOTAL_profit :[0m [1;92m81.89 $[0m
2025-12-17 12:55:18,921 - [1;94m========================================================================================================================[0m
2025-12-17 12:55:18,921 - 
2025-12-17 12:55:18,921 - 
[1;94mInitializing WebSocket connections...[0m
2025-12-17 12:55:19,844 - 🔌 PRIVATE WebSocket connected (first time)
2025-12-17 12:55:19,849 - 🔌 PUBLIC  WebSocket connected
2025-12-17 12:55:19,922 - 📱 WebSocket status:
2025-12-17 12:55:19,922 -    - Public WS    : ✅ Connected
2025-12-17 12:55:19,922 -    - Private WS   : ✅ Connected
2025-12-17 12:55:19,922 -    - Authenticated: ⚠️  No
2025-12-17 12:55:20,344 - 🛜 Subscribing to 5 private channels...
2025-12-17 12:55:20,344 - 🆗 orders
2025-12-17 12:55:20,344 - 🆗 fill
2025-12-17 12:55:20,345 - 🆗 positions
2025-12-17 12:55:20,345 - 🆗 account
2025-12-17 12:55:20,345 - 🆗 equity
2025-12-17 12:55:20,345 - ✅ WebSocket authentication successful
2025-12-17 12:55:20,422 - 📦 Pre-loading contract info for 33 symbols via API...
2025-12-17 12:55:32,761 - [0;36m✅ Pre-loaded 33/33 contracts[0m
2025-12-17 12:55:32,761 - 
2025-12-17 12:55:32,762 - ⏰ Next candle for 1H    : 2025-12-17 12:00:45 UTC
2025-12-17 12:55:32,762 - ⏰ Next candle for 6Hutc : 2025-12-17 12:00:45 UTC
2025-12-17 12:55:32,762 - ⏰ Next candle for 4H    : 2025-12-17 12:00:45 UTC
2025-12-17 12:55:42,776 - 
[1;94m───────────────────────────────────────────────────────────────────────────────────────────────────────────────────
2025-12-17 12:55:42,776 - 🔷 Checking TP/SL - 2025-12-17 11:55:42
2025-12-17 12:55:51,873 - 💰 Total PnL: [1;92m+0.00 USDT[0m
2025-12-17 12:55:51,873 - [1;94m───────────────────────────────────────────────────────────────────────────────────────────────────────────────────[0m

2025-12-17 12:55:52,824 - 
[1;94m───────────────────────────────────────────────────────────────────────────────────────────────────────────────────
2025-12-17 12:55:52,824 - 🔷 Checking TP/SL - 2025-12-17 11:55:52
2025-12-17 12:55:52,824 - 💰 Total PnL: [1;92m+0.00 USDT[0m
2025-12-17 12:55:52,824 - [1;94m───────────────────────────────────────────────────────────────────────────────────────────────────────────────────[0m

2025-12-17 12:56:02,839 - 
[1;94m───────────────────────────────────────────────────────────────────────────────────────────────────────────────────
2025-12-17 12:56:02,839 - 🔷 Checking TP/SL - 2025-12-17 11:56:02
2025-12-17 12:56:02,909 - 💰 Total PnL: [1;92m+0.00 USDT[0m
2025-12-17 12:56:02,910 - [1;94m───────────────────────────────────────────────────────────────────────────────────────────────────────────────────[0m

2025-12-17 12:56:12,875 - 
[1;94m───────────────────────────────────────────────────────────────────────────────────────────────────────────────────
2025-12-17 12:56:12,875 - 🔷 Checking TP/SL - 2025-12-17 11:56:12
2025-12-17 12:56:12,875 - 💰 Total PnL: [1;92m+0.00 USDT[0m
2025-12-17 12:56:12,875 - [1;94m───────────────────────────────────────────────────────────────────────────────────────────────────────────────────[0m

2025-12-17 12:56:22,890 - 
[1;94m───────────────────────────────────────────────────────────────────────────────────────────────────────────────────
2025-12-17 12:56:22,890 - 🔷 Checking TP/SL - 2025-12-17 11:56:22
2025-12-17 12:56:22,900 - 💰 Total PnL: [1;92m+0.00 USDT[0m
2025-12-17 12:56:22,900 - [1;94m───────────────────────────────────────────────────────────────────────────────────────────────────────────────────[0m

2025-12-17 12:56:32,918 - 
[1;94m───────────────────────────────────────────────────────────────────────────────────────────────────────────────────
2025-12-17 12:56:32,918 - 🔷 Checking TP/SL - 2025-12-17 11:56:32
2025-12-17 12:56:32,918 - 💰 Total PnL: [1;92m+0.00 USDT[0m
2025-12-17 12:56:32,918 - [1;94m───────────────────────────────────────────────────────────────────────────────────────────────────────────────────[0m

2025-12-17 12:56:42,934 - 
[1;94m───────────────────────────────────────────────────────────────────────────────────────────────────────────────────
2025-12-17 12:56:42,934 - 🔷 Checking TP/SL - 2025-12-17 11:56:42
2025-12-17 12:56:42,934 - 💰 Total PnL: [1;92m+0.00 USDT[0m
2025-12-17 12:56:42,934 - [1;94m───────────────────────────────────────────────────────────────────────────────────────────────────────────────────[0m

2025-12-17 12:56:52,949 - 
[1;94m───────────────────────────────────────────────────────────────────────────────────────────────────────────────────
2025-12-17 12:56:52,949 - 🔷 Checking TP/SL - 2025-12-17 11:56:52
2025-12-17 12:56:52,949 - 💰 Total PnL: [1;92m+0.00 USDT[0m
2025-12-17 12:56:52,949 - [1;94m───────────────────────────────────────────────────────────────────────────────────────────────────────────────────[0m

2025-12-17 12:57:02,965 - 
[1;94m───────────────────────────────────────────────────────────────────────────────────────────────────────────────────
2025-12-17 12:57:02,966 - 🔷 Checking TP/SL - 2025-12-17 11:57:02
2025-12-17 12:57:02,966 - 💰 Total PnL: [1;92m+0.00 USDT[0m
2025-12-17 12:57:02,966 - [1;94m───────────────────────────────────────────────────────────────────────────────────────────────────────────────────[0m

2025-12-17 12:57:12,980 - 
[1;94m───────────────────────────────────────────────────────────────────────────────────────────────────────────────────
2025-12-17 12:57:12,980 - 🔷 Checking TP/SL - 2025-12-17 11:57:12
2025-12-17 12:57:12,981 - 💰 Total PnL: [1;92m+0.00 USDT[0m
2025-12-17 12:57:12,981 - [1;94m───────────────────────────────────────────────────────────────────────────────────────────────────────────────────[0m

2025-12-17 12:57:23,001 - 
[1;94m───────────────────────────────────────────────────────────────────────────────────────────────────────────────────
2025-12-17 12:57:23,001 - 🔷 Checking TP/SL - 2025-12-17 11:57:23
2025-12-17 12:57:23,001 - 💰 Total PnL: [1;92m+0.00 USDT[0m
2025-12-17 12:57:23,001 - [1;94m───────────────────────────────────────────────────────────────────────────────────────────────────────────────────[0m

2025-12-17 12:57:33,016 - 
[1;94m───────────────────────────────────────────────────────────────────────────────────────────────────────────────────
2025-12-17 12:57:33,016 - 🔷 Checking TP/SL - 2025-12-17 11:57:33
2025-12-17 12:57:33,016 - 💰 Total PnL: [1;92m+0.00 USDT[0m
2025-12-17 12:57:33,016 - [1;94m───────────────────────────────────────────────────────────────────────────────────────────────────────────────────[0m

2025-12-17 12:57:43,032 - 
[1;94m───────────────────────────────────────────────────────────────────────────────────────────────────────────────────
2025-12-17 12:57:43,032 - 🔷 Checking TP/SL - 2025-12-17 11:57:43
2025-12-17 12:57:43,032 - 💰 Total PnL: [1;92m+0.00 USDT[0m
2025-12-17 12:57:43,032 - [1;94m───────────────────────────────────────────────────────────────────────────────────────────────────────────────────[0m

2025-12-17 12:57:52,107 - 
🔚 Interrupted by user.
2025-12-17 12:57:52,108 - ⛔ BOT Stopped
2025-12-17 12:57:56,386 - [1;94m========================================================================================================================[0m
2025-12-17 12:57:56,386 - [1;94m🤖 === STARTING MULTI-STRATEGY BOT OPERATING IN ACCOUNT: 01 🤖 ===[0m
2025-12-17 12:57:56,386 - [1;94m========================================================================================================================[0m
2025-12-17 12:57:56,387 - ✅  State loaded: 52 positions recovered
2025-12-17 12:57:56,387 -    ➡️  revers_short_1H: 2 positions | Candles: 43
2025-12-17 12:57:56,387 -       - BNBUSDT      | Size: 0.04       | Entry: 855.02    
2025-12-17 12:57:56,387 -       - BTCUSDT      | Size: 0.0004     | Entry: 86796.8   
2025-12-17 12:57:56,387 -    ➡️  revers_long_4H: 2 positions | Candles: 34
2025-12-17 12:57:56,387 -       - BGBUSDT      | Size: 11         | Entry: 3.6       
2025-12-17 12:57:56,387 -       - ETHUSDT      | Size: 0.01       | Entry: 3177.11   
2025-12-17 12:57:56,387 -    ➡️  parity_long_4H: 2 positions | Candles: 34
2025-12-17 12:57:56,387 -       - BGBUSDT      | Size: 11         | Entry: 3.6       
2025-12-17 12:57:56,387 -       - ETHUSDT      | Size: 0.01       | Entry: 3177.73   
2025-12-17 12:57:56,387 -    ➡️  revers_short_4H: 19 positions | Candles: 5
2025-12-17 12:57:56,387 -       - AAVEUSDT     | Size: 0.2        | Entry: 188.07    
2025-12-17 12:57:56,387 -       - ADAUSDT      | Size: 103        | Entry: 0.3883    
2025-12-17 12:57:56,387 -       - APTUSDT      | Size: 25.078     | Entry: 1.595     
2025-12-17 12:57:56,387 -       - ARBUSDT      | Size: 200.6      | Entry: 0.1994    
2025-12-17 12:57:56,387 -       - AVAXUSDT     | Size: 3.2        | Entry: 12.353    
2025-12-17 12:57:56,387 -       - DOGEUSDT     | Size: 303        | Entry: 0.13171   
2025-12-17 12:57:56,387 -       - DOTUSDT      | Size: 20         | Entry: 1.924     
2025-12-17 12:57:56,387 -       - ETHUSDT      | Size: 0.01       | Entry: 2958.82   
2025-12-17 12:57:56,387 -       - HBARUSDT     | Size: 344        | Entry: 0.11601   
2025-12-17 12:57:56,387 -       - HYPEUSDT     | Size: 1.45       | Entry: 27.434    
2025-12-17 12:57:56,387 -       - LINKUSDT     | Size: 3          | Entry: 12.963    
2025-12-17 12:57:56,387 -       - LTCUSDT      | Size: 0.5        | Entry: 78.96     
2025-12-17 12:57:56,387 -       - NEARUSDT     | Size: 25         | Entry: 1.5431    
2025-12-17 12:57:56,387 -       - ONDOUSDT     | Size: 96.6       | Entry: 0.4136    
2025-12-17 12:57:56,387 -       - SEIUSDT      | Size: 334        | Entry: 0.11949   
2025-12-17 12:57:56,387 -       - SOLUSDT      | Size: 0.3        | Entry: 128.59    
2025-12-17 12:57:56,387 -       - SUIUSDT      | Size: 26.4       | Entry: 1.5112    
2025-12-17 12:57:56,387 -       - WIFUSDT      | Size: 106.2      | Entry: 0.3763    
2025-12-17 12:57:56,387 -       - XRPUSDT      | Size: 20         | Entry: 1.9235    
2025-12-17 12:57:56,387 -    ➡️  parity_short_4H: 2 positions | Candles: 34
2025-12-17 12:57:56,387 -       - BNBUSDT      | Size: 0.04       | Entry: 863.8     
2025-12-17 12:57:56,387 -       - BTCUSDT      | Size: 0.0004     | Entry: 89709     
2025-12-17 12:57:56,387 -    ➡️  double_top_long_4H: 3 positions | Candles: 33
2025-12-17 12:57:56,387 -       - BNBUSDT      | Size: 0.04       | Entry: 876.15    
2025-12-17 12:57:56,387 -       - ETHUSDT      | Size: 0.01       | Entry: 3198.01   
2025-12-17 12:57:56,387 -       - LINKUSDT     | Size: 2          | Entry: 13.732    
2025-12-17 12:57:56,387 -    ➡️  revers_long_1H: 1 positions | Candles: 23
2025-12-17 12:57:56,387 -       - XRPUSDT      | Size: 20         | Entry: 1.922     
2025-12-17 12:57:56,387 -    ➡️  revers_short_6Hutc: 10 positions | Candles: 6
2025-12-17 12:57:56,387 -       - ADAUSDT      | Size: 105        | Entry: 0.3804    
2025-12-17 12:57:56,387 -       - BNBUSDT      | Size: 0.04       | Entry: 843.99    
2025-12-17 12:57:56,387 -       - BTCUSDT      | Size: 0.0004     | Entry: 85702     
2025-12-17 12:57:56,387 -       - DOGEUSDT     | Size: 312        | Entry: 0.12786   
2025-12-17 12:57:56,387 -       - ETHUSDT      | Size: 0.01       | Entry: 2936.6    
2025-12-17 12:57:56,387 -       - HBARUSDT     | Size: 356        | Entry: 0.11234   
2025-12-17 12:57:56,387 -       - LINKUSDT     | Size: 3          | Entry: 12.585    
2025-12-17 12:57:56,387 -       - SOLUSDT      | Size: 0.3        | Entry: 124.987   
2025-12-17 12:57:56,387 -       - WLDUSDT      | Size: 75         | Entry: 0.5286    
2025-12-17 12:57:56,387 -       - XRPUSDT      | Size: 21         | Entry: 1.8909    
2025-12-17 12:57:56,387 -    ➡️  revers_long_6Hutc: 2 positions | Candles: 20
2025-12-17 12:57:56,387 -       - BNBUSDT      | Size: 0.03       | Entry: 891.18    
2025-12-17 12:57:56,387 -       - BTCUSDT      | Size: 0.0003     | Entry: 92367.4   
2025-12-17 12:57:56,387 -    ➡️  parity_short_1H: 6 positions | Candles: 25
2025-12-17 12:57:56,387 -       - BNBUSDT      | Size: 0.04       | Entry: 859.08    
2025-12-17 12:57:56,387 -       - BTCUSDT      | Size: 0.0004     | Entry: 86297.7   
2025-12-17 12:57:56,387 -       - DOGEUSDT     | Size: 310        | Entry: 0.12882   
2025-12-17 12:57:56,387 -       - ETHUSDT      | Size: 0.01       | Entry: 2924.4    
2025-12-17 12:57:56,387 -       - SOLUSDT      | Size: 0.3        | Entry: 126.22    
2025-12-17 12:57:56,387 -       - XRPUSDT      | Size: 21         | Entry: 1.879     
2025-12-17 12:57:56,387 -    ➡️  parity_long_1H: 3 positions | Candles: 24
2025-12-17 12:57:56,387 -       - BTCUSDT      | Size: 0.0004     | Entry: 86933.2   
2025-12-17 12:57:56,388 -       - DOGEUSDT     | Size: 305        | Entry: 0.13073   
2025-12-17 12:57:56,388 -       - SOLUSDT      | Size: 0.3        | Entry: 128.357   
2025-12-17 12:57:56,731 - 🔹 Strategy double_top_long_4H (4H): 32 symbols
2025-12-17 12:57:56,733 - 🔹 Strategy revers_long_4H (4H): 32 symbols
2025-12-17 12:57:56,736 - 🔹 Strategy parity_long_4H (4H): 32 symbols
2025-12-17 12:57:56,739 - 🔹 Strategy revers_short_4H (4H): 32 symbols
2025-12-17 12:57:56,742 - 🔹 Strategy parity_short_4H (4H): 32 symbols
2025-12-17 12:57:56,744 - 🔹 Strategy revers_long_1H (1H): 6 symbols
2025-12-17 12:57:56,746 - 🔹 Strategy revers_short_1H (1H): 6 symbols
2025-12-17 12:57:56,749 - 🔹 Strategy revers_long_6Hutc (6Hutc): 15 symbols
2025-12-17 12:57:56,751 - 🔹 Strategy revers_short_6Hutc (6Hutc): 15 symbols
2025-12-17 12:57:56,754 - 🔹 Strategy parity_long_1H (1H): 6 symbols
2025-12-17 12:57:56,756 - 🔹 Strategy parity_short_1H (1H): 6 symbols
2025-12-17 12:57:56,756 - 
➡️ Detected timeframes: 4H, 1H, 6Hutc
2025-12-17 12:57:56,756 -    🔹 4H: double_top_long_4H, revers_long_4H, parity_long_4H, revers_short_4H, parity_short_4H
2025-12-17 12:57:56,756 -    🔹 1H: revers_long_1H, revers_short_1H, parity_long_1H, parity_short_1H
2025-12-17 12:57:56,756 -    🔹 6Hutc: revers_long_6Hutc, revers_short_6Hutc
2025-12-17 12:57:56,756 - 
✅ BOT Initialization completed

2025-12-17 12:57:56,769 - 
2025-12-17 12:57:56,769 - [1;94m========================================================================================================================[0m
2025-12-17 12:57:56,769 - [1;94m📈 STRATEGY ANALYSIS[0m
2025-12-17 12:57:56,769 - [1;94m========================================================================================================================[0m
2025-12-17 12:57:56,776 - [1;85mStrategy          [0m  [1;85mdate_fo   [0m  [1;85m Trades_num[0m  [1;85m Trades_pct[0m  [1;85mTotal_profit[0m  [1;85m Profit_pct[0m  [1;85mTP_pct[0m  [1;85mSL_pct[0m  [1;85mOOM_pct[0m  [1;85mAvg_days[0m
2025-12-17 12:57:56,776 - [0;93mdouble_top_long_4H[0m  2025-12-11            1        100.0  [1;92m         1.9[0m         0.41   100.0     0.0      0.0      0.22
2025-12-17 12:57:56,776 - [0;93mrevers_short_4H   [0m  2025-12-11           30        96.67  [1;92m       52.09[0m        11.35   96.67    3.33      0.0      2.81
2025-12-17 12:57:56,776 - [0;93mparity_short_4H   [0m  2025-12-11           27        92.59  [1;92m       40.06[0m         8.73   92.59    7.41      0.0      3.15
2025-12-17 12:57:56,776 - [0;93mrevers_short_1H   [0m  2025-12-11           19        78.95  [1;92m        7.58[0m         1.65   78.95    5.26      0.0      0.91
2025-12-17 12:57:56,777 - [0;93mrevers_long_1H    [0m  2025-12-11            5         20.0  [1;91m        -7.2[0m        -1.57    20.0     0.0      0.0      1.79
2025-12-17 12:57:56,777 - [0;93mrevers_short_6Hutc[0m  2025-12-12            7        71.43  [1;92m        2.13[0m         0.46   85.71   14.29      0.0      1.63
2025-12-17 12:57:56,777 - [0;93mparity_long_4H    [0m  2025-12-11            1          0.0  [1;91m       -4.05[0m        -0.88     0.0   100.0      0.0      3.25
2025-12-17 12:57:56,777 - [0;93mrevers_long_6Hutc [0m  2025-12-12            4          0.0  [1;91m      -10.62[0m        -2.31     0.0   100.0      0.0      3.47
2025-12-17 12:57:56,777 - 
2025-12-17 12:57:56,777 - [1;94m========================================================================================================================[0m
2025-12-17 12:57:56,777 - [1;94m📊 TOTAL SUMMARY[0m
2025-12-17 12:57:56,777 - [1;94m========================================================================================================================[0m
2025-12-17 12:57:56,777 - [1;94m🧮 Trades_num   :[0m 94
2025-12-17 12:57:56,777 - [1;94m🕜 Avg_duration :[0m 2.4 days
2025-12-17 12:57:56,777 - [1;94m🎯 Trades_pct   :[0m 80.85 %
2025-12-17 12:57:56,777 - [1;94m💱 Profit_pct   :[0m 2.23 %
2025-12-17 12:57:56,777 - 💵 [1;94mTOTAL_profit :[0m [1;92m81.89 $[0m
2025-12-17 12:57:56,777 - [1;94m========================================================================================================================[0m
2025-12-17 12:57:56,777 - 
2025-12-17 12:57:56,777 - 
[1;94mInitializing WebSocket connections...[0m
2025-12-17 12:57:57,506 - 🔌 PUBLIC  WebSocket connected
2025-12-17 12:57:57,720 - 🔌 PRIVATE WebSocket connected (first time)
2025-12-17 12:57:57,778 - 📱 WebSocket status:
2025-12-17 12:57:57,778 -    - Public WS    : ✅ Connected
2025-12-17 12:57:57,778 -    - Private WS   : ✅ Connected
2025-12-17 12:57:57,778 -    - Authenticated: ⚠️  No
2025-12-17 12:57:58,220 - 🛜 Subscribing to 5 private channels...
2025-12-17 12:57:58,220 - 🆗 orders
2025-12-17 12:57:58,221 - 🆗 fill
2025-12-17 12:57:58,221 - 🆗 positions
2025-12-17 12:57:58,221 - 🆗 account
2025-12-17 12:57:58,221 - 🆗 equity
2025-12-17 12:57:58,221 - ✅ WebSocket authentication successful
2025-12-17 12:57:58,278 - 📦 Pre-loading contract info for 33 symbols via API...
2025-12-17 12:58:11,502 - [0;36m✅ Pre-loaded 33/33 contracts[0m
2025-12-17 12:58:11,503 - 
2025-12-17 12:58:11,503 - ⏰ Next candle for 4H    : 2025-12-17 12:00:45 UTC
2025-12-17 12:58:11,503 - ⏰ Next candle for 1H    : 2025-12-17 12:00:45 UTC
2025-12-17 12:58:11,503 - ⏰ Next candle for 6Hutc : 2025-12-17 12:00:45 UTC
2025-12-17 12:58:21,518 - 
[1;94m───────────────────────────────────────────────────────────────────────────────────────────────────────────────────
2025-12-17 12:58:21,518 - 🔷 Checking TP/SL - 2025-12-17 11:58:21
2025-12-17 12:58:29,872 - 💰 Total PnL: [1;91m-7.54 USDT[0m
2025-12-17 12:58:29,872 - [1;94m───────────────────────────────────────────────────────────────────────────────────────────────────────────────────[0m

2025-12-17 12:58:31,527 - 
[1;94m───────────────────────────────────────────────────────────────────────────────────────────────────────────────────
2025-12-17 12:58:31,527 - 🔷 Checking TP/SL - 2025-12-17 11:58:31
2025-12-17 12:58:31,860 - 💰 Total PnL: [1;91m-7.56 USDT[0m
2025-12-17 12:58:31,860 - [1;94m───────────────────────────────────────────────────────────────────────────────────────────────────────────────────[0m

2025-12-17 12:58:41,575 - 
[1;94m───────────────────────────────────────────────────────────────────────────────────────────────────────────────────
2025-12-17 12:58:41,575 - 🔷 Checking TP/SL - 2025-12-17 11:58:41
2025-12-17 12:58:41,575 - 💰 Total PnL: [1;91m-7.60 USDT[0m
2025-12-17 12:58:41,575 - [1;94m───────────────────────────────────────────────────────────────────────────────────────────────────────────────────[0m

2025-12-17 12:58:51,592 - 
[1;94m───────────────────────────────────────────────────────────────────────────────────────────────────────────────────
2025-12-17 12:58:51,592 - 🔷 Checking TP/SL - 2025-12-17 11:58:51
2025-12-17 12:58:51,592 - 💰 Total PnL: [1;91m-7.63 USDT[0m
2025-12-17 12:58:51,592 - [1;94m───────────────────────────────────────────────────────────────────────────────────────────────────────────────────[0m

2025-12-17 12:59:01,610 - 
[1;94m───────────────────────────────────────────────────────────────────────────────────────────────────────────────────
2025-12-17 12:59:01,610 - 🔷 Checking TP/SL - 2025-12-17 11:59:01
2025-12-17 12:59:02,023 - 💰 Total PnL: [1;91m-7.68 USDT[0m
2025-12-17 12:59:02,023 - [1;94m───────────────────────────────────────────────────────────────────────────────────────────────────────────────────[0m

2025-12-17 12:59:11,637 - 
[1;94m───────────────────────────────────────────────────────────────────────────────────────────────────────────────────
2025-12-17 12:59:11,637 - 🔷 Checking TP/SL - 2025-12-17 11:59:11
2025-12-17 12:59:11,637 - 💰 Total PnL: [1;91m-7.83 USDT[0m
2025-12-17 12:59:11,637 - [1;94m───────────────────────────────────────────────────────────────────────────────────────────────────────────────────[0m

2025-12-17 12:59:21,655 - 
[1;94m───────────────────────────────────────────────────────────────────────────────────────────────────────────────────
2025-12-17 12:59:21,655 - 🔷 Checking TP/SL - 2025-12-17 11:59:21
2025-12-17 12:59:21,655 - 💰 Total PnL: [1;91m-7.83 USDT[0m
2025-12-17 12:59:21,655 - [1;94m───────────────────────────────────────────────────────────────────────────────────────────────────────────────────[0m

2025-12-17 12:59:31,671 - 
[1;94m───────────────────────────────────────────────────────────────────────────────────────────────────────────────────
2025-12-17 12:59:31,671 - 🔷 Checking TP/SL - 2025-12-17 11:59:31
2025-12-17 12:59:31,752 - 💰 Total PnL: [1;91m-7.84 USDT[0m
2025-12-17 12:59:31,752 - [1;94m───────────────────────────────────────────────────────────────────────────────────────────────────────────────────[0m

2025-12-17 12:59:41,720 - 
[1;94m───────────────────────────────────────────────────────────────────────────────────────────────────────────────────
2025-12-17 12:59:41,720 - 🔷 Checking TP/SL - 2025-12-17 11:59:41
2025-12-17 12:59:41,720 - 💰 Total PnL: [1;91m-7.83 USDT[0m
2025-12-17 12:59:41,720 - [1;94m───────────────────────────────────────────────────────────────────────────────────────────────────────────────────[0m

2025-12-17 12:59:51,735 - 
[1;94m───────────────────────────────────────────────────────────────────────────────────────────────────────────────────
2025-12-17 12:59:51,735 - 🔷 Checking TP/SL - 2025-12-17 11:59:51
2025-12-17 12:59:51,735 - 💰 Total PnL: [1;91m-7.84 USDT[0m
2025-12-17 12:59:51,735 - [1;94m───────────────────────────────────────────────────────────────────────────────────────────────────────────────────[0m

2025-12-17 13:00:01,753 - 
[1;94m───────────────────────────────────────────────────────────────────────────────────────────────────────────────────
2025-12-17 13:00:01,753 - 🔷 Checking TP/SL - 2025-12-17 12:00:01
2025-12-17 13:00:01,753 - 💰 Total PnL: [1;91m-7.93 USDT[0m
2025-12-17 13:00:01,753 - [1;94m───────────────────────────────────────────────────────────────────────────────────────────────────────────────────[0m

2025-12-17 13:00:11,773 - 
[1;94m───────────────────────────────────────────────────────────────────────────────────────────────────────────────────
2025-12-17 13:00:11,773 - 🔷 Checking TP/SL - 2025-12-17 12:00:11
2025-12-17 13:00:11,773 - 💰 Total PnL: [1;91m-8.11 USDT[0m
2025-12-17 13:00:11,773 - [1;94m───────────────────────────────────────────────────────────────────────────────────────────────────────────────────[0m

2025-12-17 13:00:21,788 - 
[1;94m───────────────────────────────────────────────────────────────────────────────────────────────────────────────────
2025-12-17 13:00:21,788 - 🔷 Checking TP/SL - 2025-12-17 12:00:21
2025-12-17 13:00:21,838 - 💰 Total PnL: [1;91m-8.02 USDT[0m
2025-12-17 13:00:21,838 - [1;94m───────────────────────────────────────────────────────────────────────────────────────────────────────────────────[0m

2025-12-17 13:00:31,803 - 
[1;94m───────────────────────────────────────────────────────────────────────────────────────────────────────────────────
2025-12-17 13:00:31,803 - 🔷 Checking TP/SL - 2025-12-17 12:00:31
2025-12-17 13:00:31,803 - 💰 Total PnL: [1;91m-8.00 USDT[0m
2025-12-17 13:00:31,803 - [1;94m───────────────────────────────────────────────────────────────────────────────────────────────────────────────────[0m

2025-12-17 13:00:41,820 - 
[1;94m───────────────────────────────────────────────────────────────────────────────────────────────────────────────────
2025-12-17 13:00:41,820 - 🔷 Checking TP/SL - 2025-12-17 12:00:41
2025-12-17 13:00:41,820 - 💰 Total PnL: [1;91m-8.07 USDT[0m
2025-12-17 13:00:41,821 - [1;94m───────────────────────────────────────────────────────────────────────────────────────────────────────────────────[0m

2025-12-17 13:00:45,025 - 
========================================================================================================================
2025-12-17 13:00:45,025 - 🔀 New candle(s) detected 2025-12-17 12:00:45 UTC
2025-12-17 13:00:45,025 - 🔹 Timeframes: 4H, 1H, 6Hutc
2025-12-17 13:00:45,025 - 🌐 Syncronizing positions in broker...
2025-12-17 13:00:45,226 - ✅ Sync completed: All positions exist in broker
2025-12-17 13:00:45,226 - 📡 Signal search - 2025-12-17 12:00:45
2025-12-17 13:00:45,226 - ------------------------------------------------------------------------------------------------------------------------
2025-12-17 13:00:45,227 - ➡️  double_top_long_4H (4H): 34/50 candles
2025-12-17 13:00:45,237 - ➡️  revers_long_4H     (4H): 35/50 candles
2025-12-17 13:00:45,238 - ➡️  parity_long_4H     (4H): 35/50 candles
2025-12-17 13:00:45,239 - ➡️  revers_short_4H    (4H): 6/50 candles
2025-12-17 13:00:45,240 - ➡️  parity_short_4H    (4H): 35/50 candles
2025-12-17 13:00:45,241 - ➡️  revers_long_1H     (1H): 24/50 candles
2025-12-17 13:00:45,242 - ➡️  revers_short_1H    (1H): 44/50 candles
2025-12-17 13:00:45,242 - ➡️  parity_long_1H     (1H): 25/50 candles
2025-12-17 13:00:45,243 - ➡️  parity_short_1H    (1H): 26/50 candles
2025-12-17 13:00:45,244 - ➡️  revers_long_6Hutc  (6Hutc): 21/50 candles
2025-12-17 13:00:45,244 - ➡️  revers_short_6Hutc (6Hutc): 7/50 candles
2025-12-17 13:00:45,244 - 🚫 double_top_long_4H (4H): 3 open positions
2025-12-17 13:00:45,244 - 🚫 revers_long_4H     (4H): 2 open positions
2025-12-17 13:00:45,244 - 🚫 parity_long_4H     (4H): 2 open positions
2025-12-17 13:00:45,244 - 🚫 revers_short_4H    (4H): 19 open positions
2025-12-17 13:00:45,244 - 🚫 parity_short_4H    (4H): 2 open positions
2025-12-17 13:00:45,244 - 🚫 revers_long_1H     (1H): 1 open positions
2025-12-17 13:00:45,244 - 🚫 revers_short_1H    (1H): 2 open positions
2025-12-17 13:00:45,244 - 🚫 parity_long_1H     (1H): 3 open positions
2025-12-17 13:00:45,244 - 🚫 parity_short_1H    (1H): 6 open positions
2025-12-17 13:00:45,244 - 🚫 revers_long_6Hutc  (6Hutc): 2 open positions
2025-12-17 13:00:45,244 - 🚫 revers_short_6Hutc (6Hutc): 10 open positions
2025-12-17 13:00:45,244 - 🔂 Signal cycle completed
2025-12-17 13:00:45,244 - ========================================================================================================================

2025-12-17 13:00:45,244 - ⏰ Next candle for 4H: 2025-12-17 16:00:45 UTC
2025-12-17 13:00:45,244 - ⏰ Next candle for 1H: 2025-12-17 13:00:45 UTC
2025-12-17 13:00:45,245 - ⏰ Next candle for 6Hutc: 2025-12-17 18:00:45 UTC
2025-12-17 13:00:55,263 - 
[1;94m───────────────────────────────────────────────────────────────────────────────────────────────────────────────────
2025-12-17 13:00:55,263 - 🔷 Checking TP/SL - 2025-12-17 12:00:55
2025-12-17 13:00:55,283 - 💰 Total PnL: [1;91m-8.38 USDT[0m
2025-12-17 13:00:55,283 - [1;94m───────────────────────────────────────────────────────────────────────────────────────────────────────────────────[0m

2025-12-17 13:01:05,299 - 
[1;94m───────────────────────────────────────────────────────────────────────────────────────────────────────────────────
2025-12-17 13:01:05,299 - 🔷 Checking TP/SL - 2025-12-17 12:01:05
2025-12-17 13:01:05,631 - 💰 Total PnL: [1;91m-8.72 USDT[0m
2025-12-17 13:01:05,631 - [1;94m───────────────────────────────────────────────────────────────────────────────────────────────────────────────────[0m

2025-12-17 13:01:15,346 - 
[1;94m───────────────────────────────────────────────────────────────────────────────────────────────────────────────────
2025-12-17 13:01:15,346 - 🔷 Checking TP/SL - 2025-12-17 12:01:15
2025-12-17 13:01:15,346 - 💰 Total PnL: [1;91m-8.49 USDT[0m
2025-12-17 13:01:15,346 - [1;94m───────────────────────────────────────────────────────────────────────────────────────────────────────────────────[0m

2025-12-17 13:01:25,360 - 
[1;94m───────────────────────────────────────────────────────────────────────────────────────────────────────────────────
2025-12-17 13:01:25,360 - 🔷 Checking TP/SL - 2025-12-17 12:01:25
2025-12-17 13:01:25,360 - 💰 Total PnL: [1;91m-8.64 USDT[0m
2025-12-17 13:01:25,360 - [1;94m───────────────────────────────────────────────────────────────────────────────────────────────────────────────────[0m

2025-12-17 13:01:35,375 - 
[1;94m───────────────────────────────────────────────────────────────────────────────────────────────────────────────────
2025-12-17 13:01:35,375 - 🔷 Checking TP/SL - 2025-12-17 12:01:35
2025-12-17 13:01:35,546 - 💰 Total PnL: [1;91m-8.61 USDT[0m
2025-12-17 13:01:35,546 - [1;94m───────────────────────────────────────────────────────────────────────────────────────────────────────────────────[0m

2025-12-17 13:01:45,411 - 
[1;94m───────────────────────────────────────────────────────────────────────────────────────────────────────────────────
2025-12-17 13:01:45,411 - 🔷 Checking TP/SL - 2025-12-17 12:01:45
2025-12-17 13:01:45,411 - 💰 Total PnL: [1;91m-8.56 USDT[0m
2025-12-17 13:01:45,411 - [1;94m───────────────────────────────────────────────────────────────────────────────────────────────────────────────────[0m

2025-12-17 13:01:55,429 - 
[1;94m───────────────────────────────────────────────────────────────────────────────────────────────────────────────────
2025-12-17 13:01:55,429 - 🔷 Checking TP/SL - 2025-12-17 12:01:55
2025-12-17 13:01:55,429 - 💰 Total PnL: [1;91m-8.51 USDT[0m
2025-12-17 13:01:55,429 - [1;94m───────────────────────────────────────────────────────────────────────────────────────────────────────────────────[0m

2025-12-17 13:02:05,445 - 
[1;94m───────────────────────────────────────────────────────────────────────────────────────────────────────────────────
2025-12-17 13:02:05,445 - 🔷 Checking TP/SL - 2025-12-17 12:02:05
2025-12-17 13:02:05,606 - 💰 Total PnL: [1;91m-8.47 USDT[0m
2025-12-17 13:02:05,606 - [1;94m───────────────────────────────────────────────────────────────────────────────────────────────────────────────────[0m

2025-12-17 13:02:15,472 - 
[1;94m───────────────────────────────────────────────────────────────────────────────────────────────────────────────────
2025-12-17 13:02:15,472 - 🔷 Checking TP/SL - 2025-12-17 12:02:15
2025-12-17 13:02:15,472 - 💰 Total PnL: [1;91m-8.67 USDT[0m
2025-12-17 13:02:15,472 - [1;94m───────────────────────────────────────────────────────────────────────────────────────────────────────────────────[0m

2025-12-17 13:02:25,490 - 
[1;94m───────────────────────────────────────────────────────────────────────────────────────────────────────────────────
2025-12-17 13:02:25,490 - 🔷 Checking TP/SL - 2025-12-17 12:02:25
2025-12-17 13:02:25,490 - 💰 Total PnL: [1;91m-8.72 USDT[0m
2025-12-17 13:02:25,490 - [1;94m───────────────────────────────────────────────────────────────────────────────────────────────────────────────────[0m

2025-12-17 13:02:27,824 - 
🔚 Interrupted by user.
2025-12-17 13:02:27,826 - ⛔ BOT Stopped
2025-12-17 13:02:31,879 - [1;94m========================================================================================================================[0m
2025-12-17 13:02:31,879 - [1;94m🤖 === STARTING MULTI-STRATEGY BOT OPERATING IN ACCOUNT: 01 🤖 ===[0m
2025-12-17 13:02:31,879 - [1;94m========================================================================================================================[0m
2025-12-17 13:02:31,879 - ✅  State loaded: 52 positions recovered
2025-12-17 13:02:31,879 -    ➡️  revers_short_1H: 2 positions | Candles: 44
2025-12-17 13:02:31,879 -       - BNBUSDT      | Size: 0.04       | Entry: 855.02    
2025-12-17 13:02:31,879 -       - BTCUSDT      | Size: 0.0004     | Entry: 86796.8   
2025-12-17 13:02:31,879 -    ➡️  revers_long_4H: 2 positions | Candles: 35
2025-12-17 13:02:31,880 -       - BGBUSDT      | Size: 11         | Entry: 3.6       
2025-12-17 13:02:31,880 -       - ETHUSDT      | Size: 0.01       | Entry: 3177.11   
2025-12-17 13:02:31,880 -    ➡️  parity_long_4H: 2 positions | Candles: 35
2025-12-17 13:02:31,880 -       - BGBUSDT      | Size: 11         | Entry: 3.6       
2025-12-17 13:02:31,880 -       - ETHUSDT      | Size: 0.01       | Entry: 3177.73   
2025-12-17 13:02:31,880 -    ➡️  revers_short_4H: 19 positions | Candles: 6
2025-12-17 13:02:31,880 -       - AAVEUSDT     | Size: 0.2        | Entry: 188.07    
2025-12-17 13:02:31,880 -       - ADAUSDT      | Size: 103        | Entry: 0.3883    
2025-12-17 13:02:31,880 -       - APTUSDT      | Size: 25.078     | Entry: 1.595     
2025-12-17 13:02:31,880 -       - ARBUSDT      | Size: 200.6      | Entry: 0.1994    
2025-12-17 13:02:31,880 -       - AVAXUSDT     | Size: 3.2        | Entry: 12.353    
2025-12-17 13:02:31,880 -       - DOGEUSDT     | Size: 303        | Entry: 0.13171   
2025-12-17 13:02:31,880 -       - DOTUSDT      | Size: 20         | Entry: 1.924     
2025-12-17 13:02:31,880 -       - ETHUSDT      | Size: 0.01       | Entry: 2958.82   
2025-12-17 13:02:31,880 -       - HBARUSDT     | Size: 344        | Entry: 0.11601   
2025-12-17 13:02:31,880 -       - HYPEUSDT     | Size: 1.45       | Entry: 27.434    
2025-12-17 13:02:31,880 -       - LINKUSDT     | Size: 3          | Entry: 12.963    
2025-12-17 13:02:31,880 -       - LTCUSDT      | Size: 0.5        | Entry: 78.96     
2025-12-17 13:02:31,880 -       - NEARUSDT     | Size: 25         | Entry: 1.5431    
2025-12-17 13:02:31,880 -       - ONDOUSDT     | Size: 96.6       | Entry: 0.4136    
2025-12-17 13:02:31,880 -       - SEIUSDT      | Size: 334        | Entry: 0.11949   
2025-12-17 13:02:31,880 -       - SOLUSDT      | Size: 0.3        | Entry: 128.59    
2025-12-17 13:02:31,880 -       - SUIUSDT      | Size: 26.4       | Entry: 1.5112    
2025-12-17 13:02:31,880 -       - WIFUSDT      | Size: 106.2      | Entry: 0.3763    
2025-12-17 13:02:31,880 -       - XRPUSDT      | Size: 20         | Entry: 1.9235    
2025-12-17 13:02:31,880 -    ➡️  parity_short_4H: 2 positions | Candles: 35
2025-12-17 13:02:31,880 -       - BNBUSDT      | Size: 0.04       | Entry: 863.8     
2025-12-17 13:02:31,880 -       - BTCUSDT      | Size: 0.0004     | Entry: 89709     
2025-12-17 13:02:31,880 -    ➡️  double_top_long_4H: 3 positions | Candles: 34
2025-12-17 13:02:31,880 -       - BNBUSDT      | Size: 0.04       | Entry: 876.15    
2025-12-17 13:02:31,880 -       - ETHUSDT      | Size: 0.01       | Entry: 3198.01   
2025-12-17 13:02:31,880 -       - LINKUSDT     | Size: 2          | Entry: 13.732    
2025-12-17 13:02:31,880 -    ➡️  revers_long_1H: 1 positions | Candles: 24
2025-12-17 13:02:31,880 -       - XRPUSDT      | Size: 20         | Entry: 1.922     
2025-12-17 13:02:31,880 -    ➡️  revers_short_6Hutc: 10 positions | Candles: 7
2025-12-17 13:02:31,880 -       - ADAUSDT      | Size: 105        | Entry: 0.3804    
2025-12-17 13:02:31,880 -       - BNBUSDT      | Size: 0.04       | Entry: 843.99    
2025-12-17 13:02:31,880 -       - BTCUSDT      | Size: 0.0004     | Entry: 85702     
2025-12-17 13:02:31,880 -       - DOGEUSDT     | Size: 312        | Entry: 0.12786   
2025-12-17 13:02:31,880 -       - ETHUSDT      | Size: 0.01       | Entry: 2936.6    
2025-12-17 13:02:31,880 -       - HBARUSDT     | Size: 356        | Entry: 0.11234   
2025-12-17 13:02:31,880 -       - LINKUSDT     | Size: 3          | Entry: 12.585    
2025-12-17 13:02:31,880 -       - SOLUSDT      | Size: 0.3        | Entry: 124.987   
2025-12-17 13:02:31,880 -       - WLDUSDT      | Size: 75         | Entry: 0.5286    
2025-12-17 13:02:31,880 -       - XRPUSDT      | Size: 21         | Entry: 1.8909    
2025-12-17 13:02:31,880 -    ➡️  revers_long_6Hutc: 2 positions | Candles: 21
2025-12-17 13:02:31,880 -       - BNBUSDT      | Size: 0.03       | Entry: 891.18    
2025-12-17 13:02:31,880 -       - BTCUSDT      | Size: 0.0003     | Entry: 92367.4   
2025-12-17 13:02:31,880 -    ➡️  parity_short_1H: 6 positions | Candles: 26
2025-12-17 13:02:31,880 -       - BNBUSDT      | Size: 0.04       | Entry: 859.08    
2025-12-17 13:02:31,880 -       - BTCUSDT      | Size: 0.0004     | Entry: 86297.7   
2025-12-17 13:02:31,880 -       - DOGEUSDT     | Size: 310        | Entry: 0.12882   
2025-12-17 13:02:31,880 -       - ETHUSDT      | Size: 0.01       | Entry: 2924.4    
2025-12-17 13:02:31,880 -       - SOLUSDT      | Size: 0.3        | Entry: 126.22    
2025-12-17 13:02:31,880 -       - XRPUSDT      | Size: 21         | Entry: 1.879     
2025-12-17 13:02:31,880 -    ➡️  parity_long_1H: 3 positions | Candles: 25
2025-12-17 13:02:31,880 -       - BTCUSDT      | Size: 0.0004     | Entry: 86933.2   
2025-12-17 13:02:31,880 -       - DOGEUSDT     | Size: 305        | Entry: 0.13073   
2025-12-17 13:02:31,880 -       - SOLUSDT      | Size: 0.3        | Entry: 128.357   
2025-12-17 13:02:32,238 - 🔹 Strategy double_top_long_4H (4H): 32 symbols
2025-12-17 13:02:32,241 - 🔹 Strategy revers_long_4H (4H): 32 symbols
2025-12-17 13:02:32,244 - 🔹 Strategy parity_long_4H (4H): 32 symbols
2025-12-17 13:02:32,246 - 🔹 Strategy revers_short_4H (4H): 32 symbols
2025-12-17 13:02:32,249 - 🔹 Strategy parity_short_4H (4H): 32 symbols
2025-12-17 13:02:32,251 - 🔹 Strategy revers_long_1H (1H): 6 symbols
2025-12-17 13:02:32,254 - 🔹 Strategy revers_short_1H (1H): 6 symbols
2025-12-17 13:02:32,256 - 🔹 Strategy revers_long_6Hutc (6Hutc): 15 symbols
2025-12-17 13:02:32,259 - 🔹 Strategy revers_short_6Hutc (6Hutc): 15 symbols
2025-12-17 13:02:32,261 - 🔹 Strategy parity_long_1H (1H): 6 symbols
2025-12-17 13:02:32,263 - 🔹 Strategy parity_short_1H (1H): 6 symbols
2025-12-17 13:02:32,263 - 
➡️ Detected timeframes: 1H, 6Hutc, 4H
2025-12-17 13:02:32,263 -    🔹 1H: revers_long_1H, revers_short_1H, parity_long_1H, parity_short_1H
2025-12-17 13:02:32,263 -    🔹 6Hutc: revers_long_6Hutc, revers_short_6Hutc
2025-12-17 13:02:32,263 -    🔹 4H: double_top_long_4H, revers_long_4H, parity_long_4H, revers_short_4H, parity_short_4H
2025-12-17 13:02:32,263 - 
✅ BOT Initialization completed

2025-12-17 13:02:32,276 - 
2025-12-17 13:02:32,276 - [1;94m========================================================================================================================[0m
2025-12-17 13:02:32,276 - [1;94m📈 STRATEGY ANALYSIS[0m
2025-12-17 13:02:32,276 - [1;94m========================================================================================================================[0m
2025-12-17 13:02:32,283 - [1;85mStrategy          [0m  [1;85mdate_fo   [0m  [1;85m Trades_num[0m  [1;85m Trades_pct[0m  [1;85mTotal_profit[0m  [1;85m Profit_pct[0m  [1;85mTP_pct[0m  [1;85mSL_pct[0m  [1;85mOOM_pct[0m  [1;85mAvg_days[0m
2025-12-17 13:02:32,283 - [0;93mdouble_top_long_4H[0m  2025-12-11            1        100.0  [1;92m         1.9[0m         0.41   100.0     0.0      0.0      0.22
2025-12-17 13:02:32,283 - [0;93mrevers_short_4H   [0m  2025-12-11           30        96.67  [1;92m       52.09[0m        11.35   96.67    3.33      0.0      2.81
2025-12-17 13:02:32,283 - [0;93mparity_short_4H   [0m  2025-12-11           27        92.59  [1;92m       40.06[0m         8.73   92.59    7.41      0.0      3.15
2025-12-17 13:02:32,283 - [0;93mrevers_short_1H   [0m  2025-12-11           19        78.95  [1;92m        7.58[0m         1.65   78.95    5.26      0.0      0.91
2025-12-17 13:02:32,283 - [0;93mrevers_long_1H    [0m  2025-12-11            5         20.0  [1;91m        -7.2[0m        -1.57    20.0     0.0      0.0      1.79
2025-12-17 13:02:32,283 - [0;93mrevers_short_6Hutc[0m  2025-12-12            7        71.43  [1;92m        2.13[0m         0.46   85.71   14.29      0.0      1.63
2025-12-17 13:02:32,283 - [0;93mparity_long_4H    [0m  2025-12-11            1          0.0  [1;91m       -4.05[0m        -0.88     0.0   100.0      0.0      3.25
2025-12-17 13:02:32,283 - [0;93mrevers_long_6Hutc [0m  2025-12-12            4          0.0  [1;91m      -10.62[0m        -2.31     0.0   100.0      0.0      3.47
2025-12-17 13:02:32,283 - 
2025-12-17 13:02:32,283 - [1;94m========================================================================================================================[0m
2025-12-17 13:02:32,283 - [1;94m📊 TOTAL SUMMARY[0m
2025-12-17 13:02:32,284 - [1;94m========================================================================================================================[0m
2025-12-17 13:02:32,284 - [1;94m🧮 Trades_num   :[0m 94
2025-12-17 13:02:32,284 - [1;94m🕜 Avg_duration :[0m 2.4 days
2025-12-17 13:02:32,284 - [1;94m🎯 Trades_pct   :[0m 80.85 %
2025-12-17 13:02:32,284 - [1;94m💱 Profit_pct   :[0m 2.23 %
2025-12-17 13:02:32,284 - 💵 [1;94mTOTAL_profit :[0m [1;92m81.89 $[0m
2025-12-17 13:02:32,284 - [1;94m========================================================================================================================[0m
2025-12-17 13:02:32,284 - 
2025-12-17 13:02:32,284 - 
[1;94mInitializing WebSocket connections...[0m
2025-12-17 13:02:33,032 - 🔌 PRIVATE WebSocket connected (first time)
2025-12-17 13:02:33,284 - 📱 WebSocket status:
2025-12-17 13:02:33,284 -    - Public WS    : ⚠️  Not connected
2025-12-17 13:02:33,284 -    - Private WS   : ✅ Connected
2025-12-17 13:02:33,284 -    - Authenticated: ⚠️  No
2025-12-17 13:02:33,319 - 🔌 PUBLIC  WebSocket connected
2025-12-17 13:02:33,532 - 🛜 Subscribing to 5 private channels...
2025-12-17 13:02:33,532 - 🆗 orders
2025-12-17 13:02:33,532 - 🆗 fill
2025-12-17 13:02:33,532 - 🆗 positions
2025-12-17 13:02:33,533 - 🆗 account
2025-12-17 13:02:33,533 - 🆗 equity
2025-12-17 13:02:33,533 - ✅ WebSocket authentication successful
2025-12-17 13:02:33,785 - 📦 Pre-loading contract info for 33 symbols via API...
2025-12-17 13:02:46,959 - [0;36m✅ Pre-loaded 33/33 contracts[0m
2025-12-17 13:02:46,960 - 
2025-12-17 13:02:46,960 - ⏰ Next candle for 1H    : 2025-12-17 13:00:45 UTC
2025-12-17 13:02:46,960 - ⏰ Next candle for 6Hutc : 2025-12-17 18:00:45 UTC
2025-12-17 13:02:46,960 - ⏰ Next candle for 4H    : 2025-12-17 16:00:45 UTC
2025-12-17 13:03:05,759 - 🔷 Checking TP/SL - 2025-12-17 12:02:56 | 💰 Total PnL: [1;91m-9.06 USDT[0m     
2025-12-17 13:03:07,051 - 🔷 Checking TP/SL - 2025-12-17 12:03:07 | 💰 Total PnL: [1;91m-9.09 USDT[0m     
2025-12-17 13:03:17,016 - 🔷 Checking TP/SL - 2025-12-17 12:03:17 | 💰 Total PnL: [1;91m-8.99 USDT[0m     
2025-12-17 13:03:27,031 - 🔷 Checking TP/SL - 2025-12-17 12:03:27 | 💰 Total PnL: [1;91m-8.89 USDT[0m     
2025-12-17 13:03:37,046 - 🔷 Checking TP/SL - 2025-12-17 12:03:37 | 💰 Total PnL: [1;91m-9.41 USDT[0m     
2025-12-17 13:03:47,063 - 🔷 Checking TP/SL - 2025-12-17 12:03:47 | 💰 Total PnL: [1;91m-9.30 USDT[0m     
2025-12-17 13:03:57,080 - 🔷 Checking TP/SL - 2025-12-17 12:03:57 | 💰 Total PnL: [1;91m-9.22 USDT[0m     
2025-12-17 13:04:07,094 - 🔷 Checking TP/SL - 2025-12-17 12:04:07 | 💰 Total PnL: [1;91m-9.00 USDT[0m     
2025-12-17 13:04:17,113 - 🔷 Checking TP/SL - 2025-12-17 12:04:17 | 💰 Total PnL: [1;91m-8.62 USDT[0m     
2025-12-17 13:04:23,018 - 
🔚 Interrupted by user.
2025-12-17 13:04:23,021 - ⛔ BOT Stopped
2025-12-17 13:04:27,221 - [1;94m========================================================================================================================[0m
2025-12-17 13:04:27,221 - [1;94m🤖 === STARTING MULTI-STRATEGY BOT OPERATING IN ACCOUNT: 01 🤖 ===[0m
2025-12-17 13:04:27,221 - [1;94m========================================================================================================================[0m
2025-12-17 13:04:27,221 - ✅  State loaded: 52 positions recovered
2025-12-17 13:04:27,221 -    ➡️  revers_short_1H: 2 positions | Candles: 44
2025-12-17 13:04:27,221 -       - BNBUSDT      | Size: 0.04       | Entry: 855.02    
2025-12-17 13:04:27,221 -       - BTCUSDT      | Size: 0.0004     | Entry: 86796.8   
2025-12-17 13:04:27,221 -    ➡️  revers_long_4H: 2 positions | Candles: 35
2025-12-17 13:04:27,221 -       - BGBUSDT      | Size: 11         | Entry: 3.6       
2025-12-17 13:04:27,221 -       - ETHUSDT      | Size: 0.01       | Entry: 3177.11   
2025-12-17 13:04:27,221 -    ➡️  parity_long_4H: 2 positions | Candles: 35
2025-12-17 13:04:27,221 -       - BGBUSDT      | Size: 11         | Entry: 3.6       
2025-12-17 13:04:27,221 -       - ETHUSDT      | Size: 0.01       | Entry: 3177.73   
2025-12-17 13:04:27,221 -    ➡️  revers_short_4H: 19 positions | Candles: 6
2025-12-17 13:04:27,221 -       - AAVEUSDT     | Size: 0.2        | Entry: 188.07    
2025-12-17 13:04:27,221 -       - ADAUSDT      | Size: 103        | Entry: 0.3883    
2025-12-17 13:04:27,221 -       - APTUSDT      | Size: 25.078     | Entry: 1.595     
2025-12-17 13:04:27,221 -       - ARBUSDT      | Size: 200.6      | Entry: 0.1994    
2025-12-17 13:04:27,221 -       - AVAXUSDT     | Size: 3.2        | Entry: 12.353    
2025-12-17 13:04:27,222 -       - DOGEUSDT     | Size: 303        | Entry: 0.13171   
2025-12-17 13:04:27,222 -       - DOTUSDT      | Size: 20         | Entry: 1.924     
2025-12-17 13:04:27,222 -       - ETHUSDT      | Size: 0.01       | Entry: 2958.82   
2025-12-17 13:04:27,222 -       - HBARUSDT     | Size: 344        | Entry: 0.11601   
2025-12-17 13:04:27,222 -       - HYPEUSDT     | Size: 1.45       | Entry: 27.434    
2025-12-17 13:04:27,222 -       - LINKUSDT     | Size: 3          | Entry: 12.963    
2025-12-17 13:04:27,222 -       - LTCUSDT      | Size: 0.5        | Entry: 78.96     
2025-12-17 13:04:27,222 -       - NEARUSDT     | Size: 25         | Entry: 1.5431    
2025-12-17 13:04:27,222 -       - ONDOUSDT     | Size: 96.6       | Entry: 0.4136    
2025-12-17 13:04:27,222 -       - SEIUSDT      | Size: 334        | Entry: 0.11949   
2025-12-17 13:04:27,222 -       - SOLUSDT      | Size: 0.3        | Entry: 128.59    
2025-12-17 13:04:27,222 -       - SUIUSDT      | Size: 26.4       | Entry: 1.5112    
2025-12-17 13:04:27,222 -       - WIFUSDT      | Size: 106.2      | Entry: 0.3763    
2025-12-17 13:04:27,222 -       - XRPUSDT      | Size: 20         | Entry: 1.9235    
2025-12-17 13:04:27,222 -    ➡️  parity_short_4H: 2 positions | Candles: 35
2025-12-17 13:04:27,222 -       - BNBUSDT      | Size: 0.04       | Entry: 863.8     
2025-12-17 13:04:27,222 -       - BTCUSDT      | Size: 0.0004     | Entry: 89709     
2025-12-17 13:04:27,222 -    ➡️  double_top_long_4H: 3 positions | Candles: 34
2025-12-17 13:04:27,222 -       - BNBUSDT      | Size: 0.04       | Entry: 876.15    
2025-12-17 13:04:27,222 -       - ETHUSDT      | Size: 0.01       | Entry: 3198.01   
2025-12-17 13:04:27,222 -       - LINKUSDT     | Size: 2          | Entry: 13.732    
2025-12-17 13:04:27,222 -    ➡️  revers_long_1H: 1 positions | Candles: 24
2025-12-17 13:04:27,222 -       - XRPUSDT      | Size: 20         | Entry: 1.922     
2025-12-17 13:04:27,222 -    ➡️  revers_short_6Hutc: 10 positions | Candles: 7
2025-12-17 13:04:27,222 -       - ADAUSDT      | Size: 105        | Entry: 0.3804    
2025-12-17 13:04:27,222 -       - BNBUSDT      | Size: 0.04       | Entry: 843.99    
2025-12-17 13:04:27,222 -       - BTCUSDT      | Size: 0.0004     | Entry: 85702     
2025-12-17 13:04:27,222 -       - DOGEUSDT     | Size: 312        | Entry: 0.12786   
2025-12-17 13:04:27,222 -       - ETHUSDT      | Size: 0.01       | Entry: 2936.6    
2025-12-17 13:04:27,222 -       - HBARUSDT     | Size: 356        | Entry: 0.11234   
2025-12-17 13:04:27,222 -       - LINKUSDT     | Size: 3          | Entry: 12.585    
2025-12-17 13:04:27,222 -       - SOLUSDT      | Size: 0.3        | Entry: 124.987   
2025-12-17 13:04:27,222 -       - WLDUSDT      | Size: 75         | Entry: 0.5286    
2025-12-17 13:04:27,222 -       - XRPUSDT      | Size: 21         | Entry: 1.8909    
2025-12-17 13:04:27,222 -    ➡️  revers_long_6Hutc: 2 positions | Candles: 21
2025-12-17 13:04:27,222 -       - BNBUSDT      | Size: 0.03       | Entry: 891.18    
2025-12-17 13:04:27,222 -       - BTCUSDT      | Size: 0.0003     | Entry: 92367.4   
2025-12-17 13:04:27,222 -    ➡️  parity_short_1H: 6 positions | Candles: 26
2025-12-17 13:04:27,222 -       - BNBUSDT      | Size: 0.04       | Entry: 859.08    
2025-12-17 13:04:27,222 -       - BTCUSDT      | Size: 0.0004     | Entry: 86297.7   
2025-12-17 13:04:27,222 -       - DOGEUSDT     | Size: 310        | Entry: 0.12882   
2025-12-17 13:04:27,222 -       - ETHUSDT      | Size: 0.01       | Entry: 2924.4    
2025-12-17 13:04:27,222 -       - SOLUSDT      | Size: 0.3        | Entry: 126.22    
2025-12-17 13:04:27,222 -       - XRPUSDT      | Size: 21         | Entry: 1.879     
2025-12-17 13:04:27,222 -    ➡️  parity_long_1H: 3 positions | Candles: 25
2025-12-17 13:04:27,222 -       - BTCUSDT      | Size: 0.0004     | Entry: 86933.2   
2025-12-17 13:04:27,222 -       - DOGEUSDT     | Size: 305        | Entry: 0.13073   
2025-12-17 13:04:27,222 -       - SOLUSDT      | Size: 0.3        | Entry: 128.357   
2025-12-17 13:04:27,577 - 🔹 Strategy double_top_long_4H (4H): 32 symbols
2025-12-17 13:04:27,580 - 🔹 Strategy revers_long_4H (4H): 32 symbols
2025-12-17 13:04:27,583 - 🔹 Strategy parity_long_4H (4H): 32 symbols
2025-12-17 13:04:27,585 - 🔹 Strategy revers_short_4H (4H): 32 symbols
2025-12-17 13:04:27,588 - 🔹 Strategy parity_short_4H (4H): 32 symbols
2025-12-17 13:04:27,590 - 🔹 Strategy revers_long_1H (1H): 6 symbols
2025-12-17 13:04:27,592 - 🔹 Strategy revers_short_1H (1H): 6 symbols
2025-12-17 13:04:27,595 - 🔹 Strategy revers_long_6Hutc (6Hutc): 15 symbols
2025-12-17 13:04:27,597 - 🔹 Strategy revers_short_6Hutc (6Hutc): 15 symbols
2025-12-17 13:04:27,599 - 🔹 Strategy parity_long_1H (1H): 6 symbols
2025-12-17 13:04:27,601 - 🔹 Strategy parity_short_1H (1H): 6 symbols
2025-12-17 13:04:27,601 - 
➡️ Detected timeframes: 1H, 4H, 6Hutc
2025-12-17 13:04:27,601 -    🔹 1H: revers_long_1H, revers_short_1H, parity_long_1H, parity_short_1H
2025-12-17 13:04:27,601 -    🔹 4H: double_top_long_4H, revers_long_4H, parity_long_4H, revers_short_4H, parity_short_4H
2025-12-17 13:04:27,601 -    🔹 6Hutc: revers_long_6Hutc, revers_short_6Hutc
2025-12-17 13:04:27,601 - 
✅ BOT Initialization completed

2025-12-17 13:04:27,614 - 
2025-12-17 13:04:27,614 - [1;94m========================================================================================================================[0m
2025-12-17 13:04:27,614 - [1;94m📈 STRATEGY ANALYSIS[0m
2025-12-17 13:04:27,614 - [1;94m========================================================================================================================[0m
2025-12-17 13:04:27,621 - [1;85mStrategy          [0m  [1;85mdate_fo   [0m  [1;85m Trades_num[0m  [1;85m Trades_pct[0m  [1;85mTotal_profit[0m  [1;85m Profit_pct[0m  [1;85mTP_pct[0m  [1;85mSL_pct[0m  [1;85mOOM_pct[0m  [1;85mAvg_days[0m
2025-12-17 13:04:27,621 - [0;93mdouble_top_long_4H[0m  2025-12-11            1        100.0  [1;92m         1.9[0m         0.41   100.0     0.0      0.0      0.22
2025-12-17 13:04:27,621 - [0;93mrevers_short_4H   [0m  2025-12-11           30        96.67  [1;92m       52.09[0m        11.35   96.67    3.33      0.0      2.81
2025-12-17 13:04:27,621 - [0;93mparity_short_4H   [0m  2025-12-11           27        92.59  [1;92m       40.06[0m         8.73   92.59    7.41      0.0      3.15
2025-12-17 13:04:27,621 - [0;93mrevers_short_1H   [0m  2025-12-11           19        78.95  [1;92m        7.58[0m         1.65   78.95    5.26      0.0      0.91
2025-12-17 13:04:27,621 - [0;93mrevers_long_1H    [0m  2025-12-11            5         20.0  [1;91m        -7.2[0m        -1.57    20.0     0.0      0.0      1.79
2025-12-17 13:04:27,621 - [0;93mrevers_short_6Hutc[0m  2025-12-12            7        71.43  [1;92m        2.13[0m         0.46   85.71   14.29      0.0      1.63
2025-12-17 13:04:27,621 - [0;93mparity_long_4H    [0m  2025-12-11            1          0.0  [1;91m       -4.05[0m        -0.88     0.0   100.0      0.0      3.25
2025-12-17 13:04:27,621 - [0;93mrevers_long_6Hutc [0m  2025-12-12            4          0.0  [1;91m      -10.62[0m        -2.31     0.0   100.0      0.0      3.47
2025-12-17 13:04:27,622 - 
2025-12-17 13:04:27,622 - [1;94m========================================================================================================================[0m
2025-12-17 13:04:27,622 - [1;94m📊 TOTAL SUMMARY[0m
2025-12-17 13:04:27,622 - [1;94m========================================================================================================================[0m
2025-12-17 13:04:27,622 - [1;94m🧮 Trades_num   :[0m 94
2025-12-17 13:04:27,622 - [1;94m🕜 Avg_duration :[0m 2.4 days
2025-12-17 13:04:27,622 - [1;94m🎯 Trades_pct   :[0m 80.85 %
2025-12-17 13:04:27,622 - [1;94m💱 Profit_pct   :[0m 2.23 %
2025-12-17 13:04:27,622 - 💵 [1;94mTOTAL_profit :[0m [1;92m81.89 $[0m
2025-12-17 13:04:27,622 - [1;94m========================================================================================================================[0m
2025-12-17 13:04:27,622 - 
2025-12-17 13:04:27,622 - 
[1;94mInitializing WebSocket connections...[0m
2025-12-17 13:04:28,622 - 🔌 PRIVATE WebSocket connected (first time)
2025-12-17 13:04:28,623 - 🔌 PUBLIC  WebSocket connected
2025-12-17 13:04:28,623 - 📱 WebSocket status:
2025-12-17 13:04:28,623 -    - Public WS    : ✅ Connected
2025-12-17 13:04:28,623 -    - Private WS   : ✅ Connected
2025-12-17 13:04:28,623 -    - Authenticated: ⚠️  No
2025-12-17 13:04:29,123 - 🛜 Subscribing to 5 private channels...
2025-12-17 13:04:29,123 - 🆗 orders
2025-12-17 13:04:29,123 - 🆗 fill
2025-12-17 13:04:29,123 - 🆗 positions
2025-12-17 13:04:29,123 - 🆗 account
2025-12-17 13:04:29,123 - 🆗 equity
2025-12-17 13:04:29,123 - ✅ WebSocket authentication successful
2025-12-17 13:04:29,623 - 📦 Pre-loading contract info for 33 symbols via API...
2025-12-17 13:04:42,774 - [0;36m✅ Pre-loaded 33/33 contracts[0m
2025-12-17 13:04:42,774 - 
2025-12-17 13:04:42,775 - ⏰ Next candle for 1H    : 2025-12-17 13:00:45 UTC
2025-12-17 13:04:42,775 - ⏰ Next candle for 4H    : 2025-12-17 16:00:45 UTC
2025-12-17 13:04:42,775 - ⏰ Next candle for 6Hutc : 2025-12-17 18:00:45 UTC
2025-12-17 13:05:03,184 - 🔷 Checking TP/SL - 2025-12-17 12:04:52 | 💰 Total PnL: [1;91m-9.83 USDT[0m     
2025-12-17 13:05:03,234 - 🔷 Checking TP/SL - 2025-12-17 12:05:03 | 💰 Total PnL: [1;91m-9.77 USDT[0m     
2025-12-17 13:05:13,251 - 🔷 Checking TP/SL - 2025-12-17 12:05:13 | 💰 Total PnL: [1;91m-9.46 USDT[0m     
2025-12-17 13:05:15,553 - 
🔚 Interrupted by user.
2025-12-17 13:05:15,554 - ⛔ BOT Stopped
2025-12-17 13:05:19,443 - [1;94m========================================================================================================================[0m
2025-12-17 13:05:19,443 - [1;94m🤖 === STARTING MULTI-STRATEGY BOT OPERATING IN ACCOUNT: 01 🤖 ===[0m
2025-12-17 13:05:19,443 - [1;94m========================================================================================================================[0m
2025-12-17 13:05:19,443 - ✅  State loaded: 52 positions recovered
2025-12-17 13:05:19,443 -    ➡️  revers_short_1H: 2 positions | Candles: 44
2025-12-17 13:05:19,443 -       - BNBUSDT      | Size: 0.04       | Entry: 855.02    
2025-12-17 13:05:19,443 -       - BTCUSDT      | Size: 0.0004     | Entry: 86796.8   
2025-12-17 13:05:19,443 -    ➡️  revers_long_4H: 2 positions | Candles: 35
2025-12-17 13:05:19,443 -       - BGBUSDT      | Size: 11         | Entry: 3.6       
2025-12-17 13:05:19,443 -       - ETHUSDT      | Size: 0.01       | Entry: 3177.11   
2025-12-17 13:05:19,443 -    ➡️  parity_long_4H: 2 positions | Candles: 35
2025-12-17 13:05:19,443 -       - BGBUSDT      | Size: 11         | Entry: 3.6       
2025-12-17 13:05:19,444 -       - ETHUSDT      | Size: 0.01       | Entry: 3177.73   
2025-12-17 13:05:19,444 -    ➡️  revers_short_4H: 19 positions | Candles: 6
2025-12-17 13:05:19,444 -       - AAVEUSDT     | Size: 0.2        | Entry: 188.07    
2025-12-17 13:05:19,444 -       - ADAUSDT      | Size: 103        | Entry: 0.3883    
2025-12-17 13:05:19,444 -       - APTUSDT      | Size: 25.078     | Entry: 1.595     
2025-12-17 13:05:19,444 -       - ARBUSDT      | Size: 200.6      | Entry: 0.1994    
2025-12-17 13:05:19,444 -       - AVAXUSDT     | Size: 3.2        | Entry: 12.353    
2025-12-17 13:05:19,444 -       - DOGEUSDT     | Size: 303        | Entry: 0.13171   
2025-12-17 13:05:19,444 -       - DOTUSDT      | Size: 20         | Entry: 1.924     
2025-12-17 13:05:19,444 -       - ETHUSDT      | Size: 0.01       | Entry: 2958.82   
2025-12-17 13:05:19,444 -       - HBARUSDT     | Size: 344        | Entry: 0.11601   
2025-12-17 13:05:19,444 -       - HYPEUSDT     | Size: 1.45       | Entry: 27.434    
2025-12-17 13:05:19,444 -       - LINKUSDT     | Size: 3          | Entry: 12.963    
2025-12-17 13:05:19,444 -       - LTCUSDT      | Size: 0.5        | Entry: 78.96     
2025-12-17 13:05:19,444 -       - NEARUSDT     | Size: 25         | Entry: 1.5431    
2025-12-17 13:05:19,444 -       - ONDOUSDT     | Size: 96.6       | Entry: 0.4136    
2025-12-17 13:05:19,444 -       - SEIUSDT      | Size: 334        | Entry: 0.11949   
2025-12-17 13:05:19,444 -       - SOLUSDT      | Size: 0.3        | Entry: 128.59    
2025-12-17 13:05:19,444 -       - SUIUSDT      | Size: 26.4       | Entry: 1.5112    
2025-12-17 13:05:19,444 -       - WIFUSDT      | Size: 106.2      | Entry: 0.3763    
2025-12-17 13:05:19,444 -       - XRPUSDT      | Size: 20         | Entry: 1.9235    
2025-12-17 13:05:19,444 -    ➡️  parity_short_4H: 2 positions | Candles: 35
2025-12-17 13:05:19,444 -       - BNBUSDT      | Size: 0.04       | Entry: 863.8     
2025-12-17 13:05:19,444 -       - BTCUSDT      | Size: 0.0004     | Entry: 89709     
2025-12-17 13:05:19,444 -    ➡️  double_top_long_4H: 3 positions | Candles: 34
2025-12-17 13:05:19,444 -       - BNBUSDT      | Size: 0.04       | Entry: 876.15    
2025-12-17 13:05:19,444 -       - ETHUSDT      | Size: 0.01       | Entry: 3198.01   
2025-12-17 13:05:19,444 -       - LINKUSDT     | Size: 2          | Entry: 13.732    
2025-12-17 13:05:19,444 -    ➡️  revers_long_1H: 1 positions | Candles: 24
2025-12-17 13:05:19,444 -       - XRPUSDT      | Size: 20         | Entry: 1.922     
2025-12-17 13:05:19,444 -    ➡️  revers_short_6Hutc: 10 positions | Candles: 7
2025-12-17 13:05:19,444 -       - ADAUSDT      | Size: 105        | Entry: 0.3804    
2025-12-17 13:05:19,444 -       - BNBUSDT      | Size: 0.04       | Entry: 843.99    
2025-12-17 13:05:19,444 -       - BTCUSDT      | Size: 0.0004     | Entry: 85702     
2025-12-17 13:05:19,444 -       - DOGEUSDT     | Size: 312        | Entry: 0.12786   
2025-12-17 13:05:19,444 -       - ETHUSDT      | Size: 0.01       | Entry: 2936.6    
2025-12-17 13:05:19,444 -       - HBARUSDT     | Size: 356        | Entry: 0.11234   
2025-12-17 13:05:19,444 -       - LINKUSDT     | Size: 3          | Entry: 12.585    
2025-12-17 13:05:19,444 -       - SOLUSDT      | Size: 0.3        | Entry: 124.987   
2025-12-17 13:05:19,444 -       - WLDUSDT      | Size: 75         | Entry: 0.5286    
2025-12-17 13:05:19,444 -       - XRPUSDT      | Size: 21         | Entry: 1.8909    
2025-12-17 13:05:19,444 -    ➡️  revers_long_6Hutc: 2 positions | Candles: 21
2025-12-17 13:05:19,444 -       - BNBUSDT      | Size: 0.03       | Entry: 891.18    
2025-12-17 13:05:19,444 -       - BTCUSDT      | Size: 0.0003     | Entry: 92367.4   
2025-12-17 13:05:19,444 -    ➡️  parity_short_1H: 6 positions | Candles: 26
2025-12-17 13:05:19,444 -       - BNBUSDT      | Size: 0.04       | Entry: 859.08    
2025-12-17 13:05:19,444 -       - BTCUSDT      | Size: 0.0004     | Entry: 86297.7   
2025-12-17 13:05:19,444 -       - DOGEUSDT     | Size: 310        | Entry: 0.12882   
2025-12-17 13:05:19,444 -       - ETHUSDT      | Size: 0.01       | Entry: 2924.4    
2025-12-17 13:05:19,444 -       - SOLUSDT      | Size: 0.3        | Entry: 126.22    
2025-12-17 13:05:19,444 -       - XRPUSDT      | Size: 21         | Entry: 1.879     
2025-12-17 13:05:19,444 -    ➡️  parity_long_1H: 3 positions | Candles: 25
2025-12-17 13:05:19,444 -       - BTCUSDT      | Size: 0.0004     | Entry: 86933.2   
2025-12-17 13:05:19,444 -       - DOGEUSDT     | Size: 305        | Entry: 0.13073   
2025-12-17 13:05:19,444 -       - SOLUSDT      | Size: 0.3        | Entry: 128.357   
2025-12-17 13:05:19,868 - 🔹 Strategy double_top_long_4H (4H): 32 symbols
2025-12-17 13:05:19,871 - 🔹 Strategy revers_long_4H (4H): 32 symbols
2025-12-17 13:05:19,874 - 🔹 Strategy parity_long_4H (4H): 32 symbols
2025-12-17 13:05:19,876 - 🔹 Strategy revers_short_4H (4H): 32 symbols
2025-12-17 13:05:19,879 - 🔹 Strategy parity_short_4H (4H): 32 symbols
2025-12-17 13:05:19,881 - 🔹 Strategy revers_long_1H (1H): 6 symbols
2025-12-17 13:05:19,884 - 🔹 Strategy revers_short_1H (1H): 6 symbols
2025-12-17 13:05:19,886 - 🔹 Strategy revers_long_6Hutc (6Hutc): 15 symbols
2025-12-17 13:05:19,889 - 🔹 Strategy revers_short_6Hutc (6Hutc): 15 symbols
2025-12-17 13:05:19,891 - 🔹 Strategy parity_long_1H (1H): 6 symbols
2025-12-17 13:05:19,893 - 🔹 Strategy parity_short_1H (1H): 6 symbols
2025-12-17 13:05:19,893 - 
➡️ Detected timeframes: 6Hutc, 4H, 1H
2025-12-17 13:05:19,893 -    🔹 6Hutc: revers_long_6Hutc, revers_short_6Hutc
2025-12-17 13:05:19,893 -    🔹 4H: double_top_long_4H, revers_long_4H, parity_long_4H, revers_short_4H, parity_short_4H
2025-12-17 13:05:19,893 -    🔹 1H: revers_long_1H, revers_short_1H, parity_long_1H, parity_short_1H
2025-12-17 13:05:19,893 - 
✅ BOT Initialization completed

2025-12-17 13:05:19,906 - 
2025-12-17 13:05:19,906 - [1;94m========================================================================================================================[0m
2025-12-17 13:05:19,906 - [1;94m📈 STRATEGY ANALYSIS[0m
2025-12-17 13:05:19,906 - [1;94m========================================================================================================================[0m
2025-12-17 13:05:19,913 - [1;85mStrategy          [0m  [1;85mdate_fo   [0m  [1;85m Trades_num[0m  [1;85m Trades_pct[0m  [1;85mTotal_profit[0m  [1;85m Profit_pct[0m  [1;85mTP_pct[0m  [1;85mSL_pct[0m  [1;85mOOM_pct[0m  [1;85mAvg_days[0m
2025-12-17 13:05:19,913 - [0;93mdouble_top_long_4H[0m  2025-12-11            1        100.0  [1;92m         1.9[0m         0.41   100.0     0.0      0.0      0.22
2025-12-17 13:05:19,913 - [0;93mrevers_short_4H   [0m  2025-12-11           30        96.67  [1;92m       52.09[0m        11.35   96.67    3.33      0.0      2.81
2025-12-17 13:05:19,913 - [0;93mparity_short_4H   [0m  2025-12-11           27        92.59  [1;92m       40.06[0m         8.73   92.59    7.41      0.0      3.15
2025-12-17 13:05:19,913 - [0;93mrevers_short_1H   [0m  2025-12-11           19        78.95  [1;92m        7.58[0m         1.65   78.95    5.26      0.0      0.91
2025-12-17 13:05:19,913 - [0;93mrevers_long_1H    [0m  2025-12-11            5         20.0  [1;91m        -7.2[0m        -1.57    20.0     0.0      0.0      1.79
2025-12-17 13:05:19,913 - [0;93mrevers_short_6Hutc[0m  2025-12-12            7        71.43  [1;92m        2.13[0m         0.46   85.71   14.29      0.0      1.63
2025-12-17 13:05:19,913 - [0;93mparity_long_4H    [0m  2025-12-11            1          0.0  [1;91m       -4.05[0m        -0.88     0.0   100.0      0.0      3.25
2025-12-17 13:05:19,914 - [0;93mrevers_long_6Hutc [0m  2025-12-12            4          0.0  [1;91m      -10.62[0m        -2.31     0.0   100.0      0.0      3.47
2025-12-17 13:05:19,914 - 
2025-12-17 13:05:19,914 - [1;94m========================================================================================================================[0m
2025-12-17 13:05:19,914 - [1;94m📊 TOTAL SUMMARY[0m
2025-12-17 13:05:19,914 - [1;94m========================================================================================================================[0m
2025-12-17 13:05:19,914 - [1;94m🧮 Trades_num   :[0m 94
2025-12-17 13:05:19,914 - [1;94m🕜 Avg_duration :[0m 2.4 days
2025-12-17 13:05:19,914 - [1;94m🎯 Trades_pct   :[0m 80.85 %
2025-12-17 13:05:19,914 - [1;94m💱 Profit_pct   :[0m 2.23 %
2025-12-17 13:05:19,914 - 💵 [1;94mTOTAL_profit :[0m [1;92m81.89 $[0m
2025-12-17 13:05:19,914 - [1;94m========================================================================================================================[0m
2025-12-17 13:05:19,914 - 
2025-12-17 13:05:19,914 - 
[1;94mInitializing WebSocket connections...[0m
2025-12-17 13:05:20,744 - 🔌 PUBLIC  WebSocket connected
2025-12-17 13:05:20,858 - 🔌 PRIVATE WebSocket connected (first time)
2025-12-17 13:05:20,915 - 📱 WebSocket status:
2025-12-17 13:05:20,915 -    - Public WS    : ✅ Connected
2025-12-17 13:05:20,915 -    - Private WS   : ✅ Connected
2025-12-17 13:05:20,915 -    - Authenticated: ⚠️  No
2025-12-17 13:05:21,359 - 🛜 Subscribing to 5 private channels...
2025-12-17 13:05:21,359 - 🆗 orders
2025-12-17 13:05:21,359 - 🆗 fill
2025-12-17 13:05:21,359 - 🆗 positions
2025-12-17 13:05:21,359 - 🆗 account
2025-12-17 13:05:21,359 - 🆗 equity
2025-12-17 13:05:21,359 - ✅ WebSocket authentication successful
2025-12-17 13:05:21,415 - 📦 Pre-loading contract info for 33 symbols via API...
2025-12-17 13:05:34,282 - [0;36m✅ Pre-loaded 33/33 contracts[0m
2025-12-17 13:05:34,283 - 
2025-12-17 13:05:34,283 - ⏰ Next candle for 6Hutc : 2025-12-17 18:00:45 UTC
2025-12-17 13:05:34,283 - ⏰ Next candle for 4H    : 2025-12-17 16:00:45 UTC
2025-12-17 13:05:34,283 - ⏰ Next candle for 1H    : 2025-12-17 13:00:45 UTC
2025-12-17 13:10:48,280 - 
🔚 Interrupted by user.
2025-12-17 13:10:48,313 - ⛔ BOT Stopped
2025-12-17 13:10:51,976 - [1;94m========================================================================================================================[0m
2025-12-17 13:10:51,976 - [1;94m🤖 === STARTING MULTI-STRATEGY BOT OPERATING IN ACCOUNT: 01 🤖 ===[0m
2025-12-17 13:10:51,976 - [1;94m========================================================================================================================[0m
2025-12-17 13:10:51,976 - ✅  State loaded: 52 positions recovered
2025-12-17 13:10:51,976 -    ➡️  revers_short_1H: 2 positions | Candles: 44
2025-12-17 13:10:51,976 -       - BNBUSDT      | Size: 0.04       | Entry: 855.02    
2025-12-17 13:10:51,976 -       - BTCUSDT      | Size: 0.0004     | Entry: 86796.8   
2025-12-17 13:10:51,976 -    ➡️  revers_long_4H: 2 positions | Candles: 35
2025-12-17 13:10:51,976 -       - BGBUSDT      | Size: 11         | Entry: 3.6       
2025-12-17 13:10:51,976 -       - ETHUSDT      | Size: 0.01       | Entry: 3177.11   
2025-12-17 13:10:51,976 -    ➡️  parity_long_4H: 2 positions | Candles: 35
2025-12-17 13:10:51,976 -       - BGBUSDT      | Size: 11         | Entry: 3.6       
2025-12-17 13:10:51,976 -       - ETHUSDT      | Size: 0.01       | Entry: 3177.73   
2025-12-17 13:10:51,976 -    ➡️  revers_short_4H: 19 positions | Candles: 6
2025-12-17 13:10:51,976 -       - AAVEUSDT     | Size: 0.2        | Entry: 188.07    
2025-12-17 13:10:51,976 -       - ADAUSDT      | Size: 103        | Entry: 0.3883    
2025-12-17 13:10:51,976 -       - APTUSDT      | Size: 25.078     | Entry: 1.595     
2025-12-17 13:10:51,976 -       - ARBUSDT      | Size: 200.6      | Entry: 0.1994    
2025-12-17 13:10:51,976 -       - AVAXUSDT     | Size: 3.2        | Entry: 12.353    
2025-12-17 13:10:51,976 -       - DOGEUSDT     | Size: 303        | Entry: 0.13171   
2025-12-17 13:10:51,976 -       - DOTUSDT      | Size: 20         | Entry: 1.924     
2025-12-17 13:10:51,976 -       - ETHUSDT      | Size: 0.01       | Entry: 2958.82   
2025-12-17 13:10:51,976 -       - HBARUSDT     | Size: 344        | Entry: 0.11601   
2025-12-17 13:10:51,976 -       - HYPEUSDT     | Size: 1.45       | Entry: 27.434    
2025-12-17 13:10:51,976 -       - LINKUSDT     | Size: 3          | Entry: 12.963    
2025-12-17 13:10:51,976 -       - LTCUSDT      | Size: 0.5        | Entry: 78.96     
2025-12-17 13:10:51,976 -       - NEARUSDT     | Size: 25         | Entry: 1.5431    
2025-12-17 13:10:51,976 -       - ONDOUSDT     | Size: 96.6       | Entry: 0.4136    
2025-12-17 13:10:51,976 -       - SEIUSDT      | Size: 334        | Entry: 0.11949   
2025-12-17 13:10:51,976 -       - SOLUSDT      | Size: 0.3        | Entry: 128.59    
2025-12-17 13:10:51,976 -       - SUIUSDT      | Size: 26.4       | Entry: 1.5112    
2025-12-17 13:10:51,976 -       - WIFUSDT      | Size: 106.2      | Entry: 0.3763    
2025-12-17 13:10:51,976 -       - XRPUSDT      | Size: 20         | Entry: 1.9235    
2025-12-17 13:10:51,976 -    ➡️  parity_short_4H: 2 positions | Candles: 35
2025-12-17 13:10:51,976 -       - BNBUSDT      | Size: 0.04       | Entry: 863.8     
2025-12-17 13:10:51,976 -       - BTCUSDT      | Size: 0.0004     | Entry: 89709     
2025-12-17 13:10:51,976 -    ➡️  double_top_long_4H: 3 positions | Candles: 34
2025-12-17 13:10:51,976 -       - BNBUSDT      | Size: 0.04       | Entry: 876.15    
2025-12-17 13:10:51,976 -       - ETHUSDT      | Size: 0.01       | Entry: 3198.01   
2025-12-17 13:10:51,976 -       - LINKUSDT     | Size: 2          | Entry: 13.732    
2025-12-17 13:10:51,976 -    ➡️  revers_long_1H: 1 positions | Candles: 24
2025-12-17 13:10:51,976 -       - XRPUSDT      | Size: 20         | Entry: 1.922     
2025-12-17 13:10:51,976 -    ➡️  revers_short_6Hutc: 10 positions | Candles: 7
2025-12-17 13:10:51,976 -       - ADAUSDT      | Size: 105        | Entry: 0.3804    
2025-12-17 13:10:51,976 -       - BNBUSDT      | Size: 0.04       | Entry: 843.99    
2025-12-17 13:10:51,976 -       - BTCUSDT      | Size: 0.0004     | Entry: 85702     
2025-12-17 13:10:51,976 -       - DOGEUSDT     | Size: 312        | Entry: 0.12786   
2025-12-17 13:10:51,976 -       - ETHUSDT      | Size: 0.01       | Entry: 2936.6    
2025-12-17 13:10:51,976 -       - HBARUSDT     | Size: 356        | Entry: 0.11234   
2025-12-17 13:10:51,977 -       - LINKUSDT     | Size: 3          | Entry: 12.585    
2025-12-17 13:10:51,977 -       - SOLUSDT      | Size: 0.3        | Entry: 124.987   
2025-12-17 13:10:51,977 -       - WLDUSDT      | Size: 75         | Entry: 0.5286    
2025-12-17 13:10:51,977 -       - XRPUSDT      | Size: 21         | Entry: 1.8909    
2025-12-17 13:10:51,977 -    ➡️  revers_long_6Hutc: 2 positions | Candles: 21
2025-12-17 13:10:51,977 -       - BNBUSDT      | Size: 0.03       | Entry: 891.18    
2025-12-17 13:10:51,977 -       - BTCUSDT      | Size: 0.0003     | Entry: 92367.4   
2025-12-17 13:10:51,977 -    ➡️  parity_short_1H: 6 positions | Candles: 26
2025-12-17 13:10:51,977 -       - BNBUSDT      | Size: 0.04       | Entry: 859.08    
2025-12-17 13:10:51,977 -       - BTCUSDT      | Size: 0.0004     | Entry: 86297.7   
2025-12-17 13:10:51,977 -       - DOGEUSDT     | Size: 310        | Entry: 0.12882   
2025-12-17 13:10:51,977 -       - ETHUSDT      | Size: 0.01       | Entry: 2924.4    
2025-12-17 13:10:51,977 -       - SOLUSDT      | Size: 0.3        | Entry: 126.22    
2025-12-17 13:10:51,977 -       - XRPUSDT      | Size: 21         | Entry: 1.879     
2025-12-17 13:10:51,977 -    ➡️  parity_long_1H: 3 positions | Candles: 25
2025-12-17 13:10:51,977 -       - BTCUSDT      | Size: 0.0004     | Entry: 86933.2   
2025-12-17 13:10:51,977 -       - DOGEUSDT     | Size: 305        | Entry: 0.13073   
2025-12-17 13:10:51,977 -       - SOLUSDT      | Size: 0.3        | Entry: 128.357   
2025-12-17 13:10:52,319 - 🔹 Strategy double_top_long_4H (4H): 32 symbols
2025-12-17 13:10:52,322 - 🔹 Strategy revers_long_4H (4H): 32 symbols
2025-12-17 13:10:52,324 - 🔹 Strategy parity_long_4H (4H): 32 symbols
2025-12-17 13:10:52,327 - 🔹 Strategy revers_short_4H (4H): 32 symbols
2025-12-17 13:10:52,330 - 🔹 Strategy parity_short_4H (4H): 32 symbols
2025-12-17 13:10:52,332 - 🔹 Strategy revers_long_1H (1H): 6 symbols
2025-12-17 13:10:52,334 - 🔹 Strategy revers_short_1H (1H): 6 symbols
2025-12-17 13:10:52,337 - 🔹 Strategy revers_long_6Hutc (6Hutc): 15 symbols
2025-12-17 13:10:52,339 - 🔹 Strategy revers_short_6Hutc (6Hutc): 15 symbols
2025-12-17 13:10:52,341 - 🔹 Strategy parity_long_1H (1H): 6 symbols
2025-12-17 13:10:52,344 - 🔹 Strategy parity_short_1H (1H): 6 symbols
2025-12-17 13:10:52,344 - 
➡️ Detected timeframes: 1H, 6Hutc, 4H
2025-12-17 13:10:52,344 -    🔹 1H: revers_long_1H, revers_short_1H, parity_long_1H, parity_short_1H
2025-12-17 13:10:52,344 -    🔹 6Hutc: revers_long_6Hutc, revers_short_6Hutc
2025-12-17 13:10:52,344 -    🔹 4H: double_top_long_4H, revers_long_4H, parity_long_4H, revers_short_4H, parity_short_4H
2025-12-17 13:10:52,344 - 
✅ BOT Initialization completed

2025-12-17 13:10:52,356 - 
2025-12-17 13:10:52,356 - [1;94m========================================================================================================================[0m
2025-12-17 13:10:52,356 - [1;94m📈 STRATEGY ANALYSIS[0m
2025-12-17 13:10:52,356 - [1;94m========================================================================================================================[0m
2025-12-17 13:10:52,364 - [1;85mStrategy          [0m  [1;85mdate_fo   [0m  [1;85m Trades_num[0m  [1;85m Trades_pct[0m  [1;85mTotal_profit[0m  [1;85m Profit_pct[0m  [1;85mTP_pct[0m  [1;85mSL_pct[0m  [1;85mOOM_pct[0m  [1;85mAvg_days[0m
2025-12-17 13:10:52,364 - [0;93mdouble_top_long_4H[0m  2025-12-11            1        100.0  [1;92m         1.9[0m         0.41   100.0     0.0      0.0      0.22
2025-12-17 13:10:52,364 - [0;93mrevers_short_4H   [0m  2025-12-11           30        96.67  [1;92m       52.09[0m        11.35   96.67    3.33      0.0      2.81
2025-12-17 13:10:52,364 - [0;93mparity_short_4H   [0m  2025-12-11           27        92.59  [1;92m       40.06[0m         8.73   92.59    7.41      0.0      3.15
2025-12-17 13:10:52,364 - [0;93mrevers_short_1H   [0m  2025-12-11           19        78.95  [1;92m        7.58[0m         1.65   78.95    5.26      0.0      0.91
2025-12-17 13:10:52,364 - [0;93mrevers_long_1H    [0m  2025-12-11            5         20.0  [1;91m        -7.2[0m        -1.57    20.0     0.0      0.0      1.79
2025-12-17 13:10:52,364 - [0;93mrevers_short_6Hutc[0m  2025-12-12            7        71.43  [1;92m        2.13[0m         0.46   85.71   14.29      0.0      1.63
2025-12-17 13:10:52,364 - [0;93mparity_long_4H    [0m  2025-12-11            1          0.0  [1;91m       -4.05[0m        -0.88     0.0   100.0      0.0      3.25
2025-12-17 13:10:52,364 - [0;93mrevers_long_6Hutc [0m  2025-12-12            4          0.0  [1;91m      -10.62[0m        -2.31     0.0   100.0      0.0      3.47
2025-12-17 13:10:52,364 - 
2025-12-17 13:10:52,364 - [1;94m========================================================================================================================[0m
2025-12-17 13:10:52,364 - [1;94m📊 TOTAL SUMMARY[0m
2025-12-17 13:10:52,364 - [1;94m========================================================================================================================[0m
2025-12-17 13:10:52,364 - [1;94m🧮 Trades_num   :[0m 94
2025-12-17 13:10:52,364 - [1;94m🕜 Avg_duration :[0m 2.4 days
2025-12-17 13:10:52,364 - [1;94m🎯 Trades_pct   :[0m 80.85 %
2025-12-17 13:10:52,364 - [1;94m💱 Profit_pct   :[0m 2.23 %
2025-12-17 13:10:52,364 - 💵 [1;94mTOTAL_profit :[0m [1;92m81.89 $[0m
2025-12-17 13:10:52,364 - [1;94m========================================================================================================================[0m
2025-12-17 13:10:52,365 - 
2025-12-17 13:10:52,365 - 
[1;94mInitializing WebSocket connections...[0m
2025-12-17 13:10:53,118 - 🔌 PRIVATE WebSocket connected (first time)
2025-12-17 13:10:53,119 - 🔌 PUBLIC  WebSocket connected
2025-12-17 13:10:53,365 - 📱 WebSocket status:
2025-12-17 13:10:53,365 -    - Public WS    : ✅ Connected
2025-12-17 13:10:53,365 -    - Private WS   : ✅ Connected
2025-12-17 13:10:53,365 -    - Authenticated: ⚠️  No
2025-12-17 13:10:53,618 - 🛜 Subscribing to 5 private channels...
2025-12-17 13:10:53,618 - 🆗 orders
2025-12-17 13:10:53,619 - 🆗 fill
2025-12-17 13:10:53,619 - 🆗 positions
2025-12-17 13:10:53,619 - 🆗 account
2025-12-17 13:10:53,619 - 🆗 equity
2025-12-17 13:10:53,619 - ✅ WebSocket authentication successful
2025-12-17 13:10:53,865 - 📦 Pre-loading contract info for 33 symbols via API...
2025-12-17 13:11:06,982 - [0;36m✅ Pre-loaded 33/33 contracts[0m
2025-12-17 13:11:06,983 - 
2025-12-17 13:11:06,983 - ⏰ Next candle for 1H    : 2025-12-17 13:00:45 UTC
2025-12-17 13:11:06,983 - ⏰ Next candle for 6Hutc : 2025-12-17 18:00:45 UTC
2025-12-17 13:11:06,983 - ⏰ Next candle for 4H    : 2025-12-17 16:00:45 UTC
2025-12-17 13:11:25,239 - 🔷 Checking TP/SL - 2025-12-17 12:11:16 | 💰 Total PnL: [1;91m-8.38 USDT[0m     
2025-12-17 13:11:27,042 - 🔷 Checking TP/SL - 2025-12-17 12:11:27 | 💰 Total PnL: [1;91m-8.42 USDT[0m     
2025-12-17 13:11:37,057 - 🔷 Checking TP/SL - 2025-12-17 12:11:37 | 💰 Total PnL: [1;91m-8.38 USDT[0m     
2025-12-17 13:11:47,073 - 🔷 Checking TP/SL - 2025-12-17 12:11:47 | 💰 Total PnL: [1;91m-8.44 USDT[0m     
2025-12-17 13:11:57,092 - 🔷 Checking TP/SL - 2025-12-17 12:11:57 | 💰 Total PnL: [1;91m-8.05 USDT[0m     
2025-12-17 13:12:07,109 - 🔷 Checking TP/SL - 2025-12-17 12:12:07 | 💰 Total PnL: [1;91m-8.21 USDT[0m     
2025-12-17 13:12:17,127 - 🔷 Checking TP/SL - 2025-12-17 12:12:17 | 💰 Total PnL: [1;91m-8.32 USDT[0m     
2025-12-17 13:12:27,142 - 🔷 Checking TP/SL - 2025-12-17 12:12:27 | 💰 Total PnL: [1;91m-8.35 USDT[0m     
2025-12-17 13:12:37,157 - 🔷 Checking TP/SL - 2025-12-17 12:12:37 | 💰 Total PnL: [1;91m-8.71 USDT[0m     
2025-12-17 13:12:47,425 - 🔷 Checking TP/SL - 2025-12-17 12:12:47 | 💰 Total PnL: [1;91m-8.89 USDT[0m     
2025-12-17 13:12:49,668 - 
🔚 Interrupted by user.
2025-12-17 13:12:49,669 - ⛔ BOT Stopped
2025-12-17 13:12:53,487 - [1;94m========================================================================================================================[0m
2025-12-17 13:12:53,487 - [1;94m🤖 === STARTING MULTI-STRATEGY BOT OPERATING IN ACCOUNT: 01 🤖 ===[0m
2025-12-17 13:12:53,487 - [1;94m========================================================================================================================[0m
2025-12-17 13:12:53,487 - ✅  State loaded: 52 positions recovered
2025-12-17 13:12:53,487 -    ➡️  revers_short_1H: 2 positions | Candles: 44
2025-12-17 13:12:53,487 -       - BNBUSDT      | Size: 0.04       | Entry: 855.02    
2025-12-17 13:12:53,487 -       - BTCUSDT      | Size: 0.0004     | Entry: 86796.8   
2025-12-17 13:12:53,487 -    ➡️  revers_long_4H: 2 positions | Candles: 35
2025-12-17 13:12:53,487 -       - BGBUSDT      | Size: 11         | Entry: 3.6       
2025-12-17 13:12:53,487 -       - ETHUSDT      | Size: 0.01       | Entry: 3177.11   
2025-12-17 13:12:53,487 -    ➡️  parity_long_4H: 2 positions | Candles: 35
2025-12-17 13:12:53,487 -       - BGBUSDT      | Size: 11         | Entry: 3.6       
2025-12-17 13:12:53,487 -       - ETHUSDT      | Size: 0.01       | Entry: 3177.73   
2025-12-17 13:12:53,487 -    ➡️  revers_short_4H: 19 positions | Candles: 6
2025-12-17 13:12:53,487 -       - AAVEUSDT     | Size: 0.2        | Entry: 188.07    
2025-12-17 13:12:53,487 -       - ADAUSDT      | Size: 103        | Entry: 0.3883    
2025-12-17 13:12:53,487 -       - APTUSDT      | Size: 25.078     | Entry: 1.595     
2025-12-17 13:12:53,487 -       - ARBUSDT      | Size: 200.6      | Entry: 0.1994    
2025-12-17 13:12:53,487 -       - AVAXUSDT     | Size: 3.2        | Entry: 12.353    
2025-12-17 13:12:53,487 -       - DOGEUSDT     | Size: 303        | Entry: 0.13171   
2025-12-17 13:12:53,487 -       - DOTUSDT      | Size: 20         | Entry: 1.924     
2025-12-17 13:12:53,487 -       - ETHUSDT      | Size: 0.01       | Entry: 2958.82   
2025-12-17 13:12:53,487 -       - HBARUSDT     | Size: 344        | Entry: 0.11601   
2025-12-17 13:12:53,487 -       - HYPEUSDT     | Size: 1.45       | Entry: 27.434    
2025-12-17 13:12:53,487 -       - LINKUSDT     | Size: 3          | Entry: 12.963    
2025-12-17 13:12:53,487 -       - LTCUSDT      | Size: 0.5        | Entry: 78.96     
2025-12-17 13:12:53,487 -       - NEARUSDT     | Size: 25         | Entry: 1.5431    
2025-12-17 13:12:53,487 -       - ONDOUSDT     | Size: 96.6       | Entry: 0.4136    
2025-12-17 13:12:53,487 -       - SEIUSDT      | Size: 334        | Entry: 0.11949   
2025-12-17 13:12:53,487 -       - SOLUSDT      | Size: 0.3        | Entry: 128.59    
2025-12-17 13:12:53,487 -       - SUIUSDT      | Size: 26.4       | Entry: 1.5112    
2025-12-17 13:12:53,488 -       - WIFUSDT      | Size: 106.2      | Entry: 0.3763    
2025-12-17 13:12:53,488 -       - XRPUSDT      | Size: 20         | Entry: 1.9235    
2025-12-17 13:12:53,488 -    ➡️  parity_short_4H: 2 positions | Candles: 35
2025-12-17 13:12:53,488 -       - BNBUSDT      | Size: 0.04       | Entry: 863.8     
2025-12-17 13:12:53,488 -       - BTCUSDT      | Size: 0.0004     | Entry: 89709     
2025-12-17 13:12:53,488 -    ➡️  double_top_long_4H: 3 positions | Candles: 34
2025-12-17 13:12:53,488 -       - BNBUSDT      | Size: 0.04       | Entry: 876.15    
2025-12-17 13:12:53,488 -       - ETHUSDT      | Size: 0.01       | Entry: 3198.01   
2025-12-17 13:12:53,488 -       - LINKUSDT     | Size: 2          | Entry: 13.732    
2025-12-17 13:12:53,488 -    ➡️  revers_long_1H: 1 positions | Candles: 24
2025-12-17 13:12:53,488 -       - XRPUSDT      | Size: 20         | Entry: 1.922     
2025-12-17 13:12:53,488 -    ➡️  revers_short_6Hutc: 10 positions | Candles: 7
2025-12-17 13:12:53,488 -       - ADAUSDT      | Size: 105        | Entry: 0.3804    
2025-12-17 13:12:53,488 -       - BNBUSDT      | Size: 0.04       | Entry: 843.99    
2025-12-17 13:12:53,488 -       - BTCUSDT      | Size: 0.0004     | Entry: 85702     
2025-12-17 13:12:53,488 -       - DOGEUSDT     | Size: 312        | Entry: 0.12786   
2025-12-17 13:12:53,488 -       - ETHUSDT      | Size: 0.01       | Entry: 2936.6    
2025-12-17 13:12:53,488 -       - HBARUSDT     | Size: 356        | Entry: 0.11234   
2025-12-17 13:12:53,488 -       - LINKUSDT     | Size: 3          | Entry: 12.585    
2025-12-17 13:12:53,488 -       - SOLUSDT      | Size: 0.3        | Entry: 124.987   
2025-12-17 13:12:53,488 -       - WLDUSDT      | Size: 75         | Entry: 0.5286    
2025-12-17 13:12:53,488 -       - XRPUSDT      | Size: 21         | Entry: 1.8909    
2025-12-17 13:12:53,488 -    ➡️  revers_long_6Hutc: 2 positions | Candles: 21
2025-12-17 13:12:53,488 -       - BNBUSDT      | Size: 0.03       | Entry: 891.18    
2025-12-17 13:12:53,488 -       - BTCUSDT      | Size: 0.0003     | Entry: 92367.4   
2025-12-17 13:12:53,488 -    ➡️  parity_short_1H: 6 positions | Candles: 26
2025-12-17 13:12:53,488 -       - BNBUSDT      | Size: 0.04       | Entry: 859.08    
2025-12-17 13:12:53,488 -       - BTCUSDT      | Size: 0.0004     | Entry: 86297.7   
2025-12-17 13:12:53,488 -       - DOGEUSDT     | Size: 310        | Entry: 0.12882   
2025-12-17 13:12:53,488 -       - ETHUSDT      | Size: 0.01       | Entry: 2924.4    
2025-12-17 13:12:53,488 -       - SOLUSDT      | Size: 0.3        | Entry: 126.22    
2025-12-17 13:12:53,488 -       - XRPUSDT      | Size: 21         | Entry: 1.879     
2025-12-17 13:12:53,488 -    ➡️  parity_long_1H: 3 positions | Candles: 25
2025-12-17 13:12:53,488 -       - BTCUSDT      | Size: 0.0004     | Entry: 86933.2   
2025-12-17 13:12:53,488 -       - DOGEUSDT     | Size: 305        | Entry: 0.13073   
2025-12-17 13:12:53,488 -       - SOLUSDT      | Size: 0.3        | Entry: 128.357   
2025-12-17 13:12:53,911 - 🔹 Strategy double_top_long_4H (4H): 32 symbols
2025-12-17 13:12:53,914 - 🔹 Strategy revers_long_4H (4H): 32 symbols
2025-12-17 13:12:53,917 - 🔹 Strategy parity_long_4H (4H): 32 symbols
2025-12-17 13:12:53,919 - 🔹 Strategy revers_short_4H (4H): 32 symbols
2025-12-17 13:12:53,922 - 🔹 Strategy parity_short_4H (4H): 32 symbols
2025-12-17 13:12:53,924 - 🔹 Strategy revers_long_1H (1H): 6 symbols
2025-12-17 13:12:53,927 - 🔹 Strategy revers_short_1H (1H): 6 symbols
2025-12-17 13:12:53,929 - 🔹 Strategy revers_long_6Hutc (6Hutc): 15 symbols
2025-12-17 13:12:53,931 - 🔹 Strategy revers_short_6Hutc (6Hutc): 15 symbols
2025-12-17 13:12:53,934 - 🔹 Strategy parity_long_1H (1H): 6 symbols
2025-12-17 13:12:53,936 - 🔹 Strategy parity_short_1H (1H): 6 symbols
2025-12-17 13:12:53,936 - 
➡️ Detected timeframes: 6Hutc, 1H, 4H
2025-12-17 13:12:53,936 -    🔹 6Hutc: revers_long_6Hutc, revers_short_6Hutc
2025-12-17 13:12:53,936 -    🔹 1H: revers_long_1H, revers_short_1H, parity_long_1H, parity_short_1H
2025-12-17 13:12:53,936 -    🔹 4H: double_top_long_4H, revers_long_4H, parity_long_4H, revers_short_4H, parity_short_4H
2025-12-17 13:12:53,936 - 
✅ BOT Initialization completed

2025-12-17 13:12:53,948 - 
2025-12-17 13:12:53,948 - [1;94m========================================================================================================================[0m
2025-12-17 13:12:53,948 - [1;94m📈 STRATEGY ANALYSIS[0m
2025-12-17 13:12:53,948 - [1;94m========================================================================================================================[0m
2025-12-17 13:12:53,956 - [1;85mStrategy          [0m  [1;85mdate_fo   [0m  [1;85m Trades_num[0m  [1;85m Trades_pct[0m  [1;85mTotal_profit[0m  [1;85m Profit_pct[0m  [1;85mTP_pct[0m  [1;85mSL_pct[0m  [1;85mOOM_pct[0m  [1;85mAvg_days[0m
2025-12-17 13:12:53,956 - [0;93mdouble_top_long_4H[0m  2025-12-11            1        100.0  [1;92m         1.9[0m         0.41   100.0     0.0      0.0      0.22
2025-12-17 13:12:53,956 - [0;93mrevers_short_4H   [0m  2025-12-11           30        96.67  [1;92m       52.09[0m        11.35   96.67    3.33      0.0      2.81
2025-12-17 13:12:53,956 - [0;93mparity_short_4H   [0m  2025-12-11           27        92.59  [1;92m       40.06[0m         8.73   92.59    7.41      0.0      3.15
2025-12-17 13:12:53,956 - [0;93mrevers_short_1H   [0m  2025-12-11           19        78.95  [1;92m        7.58[0m         1.65   78.95    5.26      0.0      0.91
2025-12-17 13:12:53,956 - [0;93mrevers_long_1H    [0m  2025-12-11            5         20.0  [1;91m        -7.2[0m        -1.57    20.0     0.0      0.0      1.79
2025-12-17 13:12:53,956 - [0;93mrevers_short_6Hutc[0m  2025-12-12            7        71.43  [1;92m        2.13[0m         0.46   85.71   14.29      0.0      1.63
2025-12-17 13:12:53,956 - [0;93mparity_long_4H    [0m  2025-12-11            1          0.0  [1;91m       -4.05[0m        -0.88     0.0   100.0      0.0      3.25
2025-12-17 13:12:53,956 - [0;93mrevers_long_6Hutc [0m  2025-12-12            4          0.0  [1;91m      -10.62[0m        -2.31     0.0   100.0      0.0      3.47
2025-12-17 13:12:53,956 - 
2025-12-17 13:12:53,956 - [1;94m========================================================================================================================[0m
2025-12-17 13:12:53,956 - [1;94m📊 TOTAL SUMMARY[0m
2025-12-17 13:12:53,956 - [1;94m========================================================================================================================[0m
2025-12-17 13:12:53,956 - [1;94m🧮 Trades_num   :[0m 94
2025-12-17 13:12:53,956 - [1;94m🕜 Avg_duration :[0m 2.4 days
2025-12-17 13:12:53,956 - [1;94m🎯 Trades_pct   :[0m 80.85 %
2025-12-17 13:12:53,956 - [1;94m💱 Profit_pct   :[0m 2.23 %
2025-12-17 13:12:53,956 - 💵 [1;94mTOTAL_profit :[0m [1;92m81.89 $[0m
2025-12-17 13:12:53,956 - [1;94m========================================================================================================================[0m
2025-12-17 13:12:53,956 - 
2025-12-17 13:12:53,956 - 
[1;94mInitializing WebSocket connections...[0m
2025-12-17 13:12:54,689 - 🔌 PRIVATE WebSocket connected (first time)
2025-12-17 13:12:54,689 - 🔌 PUBLIC  WebSocket connected
2025-12-17 13:12:54,957 - 📱 WebSocket status:
2025-12-17 13:12:54,957 -    - Public WS    : ✅ Connected
2025-12-17 13:12:54,957 -    - Private WS   : ✅ Connected
2025-12-17 13:12:54,957 -    - Authenticated: ⚠️  No
2025-12-17 13:12:55,189 - 🛜 Subscribing to 5 private channels...
2025-12-17 13:12:55,189 - 🆗 orders
2025-12-17 13:12:55,189 - 🆗 fill
2025-12-17 13:12:55,189 - 🆗 positions
2025-12-17 13:12:55,189 - 🆗 account
2025-12-17 13:12:55,189 - 🆗 equity
2025-12-17 13:12:55,189 - ✅ WebSocket authentication successful
2025-12-17 13:12:55,457 - 📦 Pre-loading contract info for 33 symbols via API...
2025-12-17 13:13:07,610 - [0;36m✅ Pre-loaded 33/33 contracts[0m
2025-12-17 13:13:07,610 - 
2025-12-17 13:13:07,611 - ⏰ Next candle for 6Hutc : 2025-12-17 18:00:45 UTC
2025-12-17 13:13:07,611 - ⏰ Next candle for 1H    : 2025-12-17 13:00:45 UTC
2025-12-17 13:13:07,611 - ⏰ Next candle for 4H    : 2025-12-17 16:00:45 UTC
2025-12-17 13:16:46,259 - 
🔚 Interrupted by user.
2025-12-17 13:16:46,264 - ⛔ BOT Stopped
2025-12-17 13:16:50,140 - [1;94m========================================================================================================================[0m
2025-12-17 13:16:50,140 - [1;94m🤖 === STARTING MULTI-STRATEGY BOT OPERATING IN ACCOUNT: 01 🤖 ===[0m
2025-12-17 13:16:50,142 - [1;94m========================================================================================================================[0m
2025-12-17 13:16:50,142 - ✅  State loaded: 52 positions recovered
2025-12-17 13:16:50,142 -    ➡️  revers_short_1H: 2 positions | Candles: 44
2025-12-17 13:16:50,142 -       - BNBUSDT      | Size: 0.04       | Entry: 855.02    
2025-12-17 13:16:50,142 -       - BTCUSDT      | Size: 0.0004     | Entry: 86796.8   
2025-12-17 13:16:50,142 -    ➡️  revers_long_4H: 2 positions | Candles: 35
2025-12-17 13:16:50,142 -       - BGBUSDT      | Size: 11         | Entry: 3.6       
2025-12-17 13:16:50,142 -       - ETHUSDT      | Size: 0.01       | Entry: 3177.11   
2025-12-17 13:16:50,142 -    ➡️  parity_long_4H: 2 positions | Candles: 35
2025-12-17 13:16:50,142 -       - BGBUSDT      | Size: 11         | Entry: 3.6       
2025-12-17 13:16:50,142 -       - ETHUSDT      | Size: 0.01       | Entry: 3177.73   
2025-12-17 13:16:50,142 -    ➡️  revers_short_4H: 19 positions | Candles: 6
2025-12-17 13:16:50,142 -       - AAVEUSDT     | Size: 0.2        | Entry: 188.07    
2025-12-17 13:16:50,143 -       - ADAUSDT      | Size: 103        | Entry: 0.3883    
2025-12-17 13:16:50,143 -       - APTUSDT      | Size: 25.078     | Entry: 1.595     
2025-12-17 13:16:50,143 -       - ARBUSDT      | Size: 200.6      | Entry: 0.1994    
2025-12-17 13:16:50,143 -       - AVAXUSDT     | Size: 3.2        | Entry: 12.353    
2025-12-17 13:16:50,143 -       - DOGEUSDT     | Size: 303        | Entry: 0.13171   
2025-12-17 13:16:50,143 -       - DOTUSDT      | Size: 20         | Entry: 1.924     
2025-12-17 13:16:50,143 -       - ETHUSDT      | Size: 0.01       | Entry: 2958.82   
2025-12-17 13:16:50,143 -       - HBARUSDT     | Size: 344        | Entry: 0.11601   
2025-12-17 13:16:50,143 -       - HYPEUSDT     | Size: 1.45       | Entry: 27.434    
2025-12-17 13:16:50,143 -       - LINKUSDT     | Size: 3          | Entry: 12.963    
2025-12-17 13:16:50,143 -       - LTCUSDT      | Size: 0.5        | Entry: 78.96     
2025-12-17 13:16:50,143 -       - NEARUSDT     | Size: 25         | Entry: 1.5431    
2025-12-17 13:16:50,143 -       - ONDOUSDT     | Size: 96.6       | Entry: 0.4136    
2025-12-17 13:16:50,143 -       - SEIUSDT      | Size: 334        | Entry: 0.11949   
2025-12-17 13:16:50,143 -       - SOLUSDT      | Size: 0.3        | Entry: 128.59    
2025-12-17 13:16:50,143 -       - SUIUSDT      | Size: 26.4       | Entry: 1.5112    
2025-12-17 13:16:50,143 -       - WIFUSDT      | Size: 106.2      | Entry: 0.3763    
2025-12-17 13:16:50,143 -       - XRPUSDT      | Size: 20         | Entry: 1.9235    
2025-12-17 13:16:50,143 -    ➡️  parity_short_4H: 2 positions | Candles: 35
2025-12-17 13:16:50,143 -       - BNBUSDT      | Size: 0.04       | Entry: 863.8     
2025-12-17 13:16:50,143 -       - BTCUSDT      | Size: 0.0004     | Entry: 89709     
2025-12-17 13:16:50,143 -    ➡️  double_top_long_4H: 3 positions | Candles: 34
2025-12-17 13:16:50,143 -       - BNBUSDT      | Size: 0.04       | Entry: 876.15    
2025-12-17 13:16:50,143 -       - ETHUSDT      | Size: 0.01       | Entry: 3198.01   
2025-12-17 13:16:50,143 -       - LINKUSDT     | Size: 2          | Entry: 13.732    
2025-12-17 13:16:50,143 -    ➡️  revers_long_1H: 1 positions | Candles: 24
2025-12-17 13:16:50,143 -       - XRPUSDT      | Size: 20         | Entry: 1.922     
2025-12-17 13:16:50,143 -    ➡️  revers_short_6Hutc: 10 positions | Candles: 7
2025-12-17 13:16:50,143 -       - ADAUSDT      | Size: 105        | Entry: 0.3804    
2025-12-17 13:16:50,143 -       - BNBUSDT      | Size: 0.04       | Entry: 843.99    
2025-12-17 13:16:50,143 -       - BTCUSDT      | Size: 0.0004     | Entry: 85702     
2025-12-17 13:16:50,143 -       - DOGEUSDT     | Size: 312        | Entry: 0.12786   
2025-12-17 13:16:50,143 -       - ETHUSDT      | Size: 0.01       | Entry: 2936.6    
2025-12-17 13:16:50,143 -       - HBARUSDT     | Size: 356        | Entry: 0.11234   
2025-12-17 13:16:50,143 -       - LINKUSDT     | Size: 3          | Entry: 12.585    
2025-12-17 13:16:50,143 -       - SOLUSDT      | Size: 0.3        | Entry: 124.987   
2025-12-17 13:16:50,143 -       - WLDUSDT      | Size: 75         | Entry: 0.5286    
2025-12-17 13:16:50,143 -       - XRPUSDT      | Size: 21         | Entry: 1.8909    
2025-12-17 13:16:50,143 -    ➡️  revers_long_6Hutc: 2 positions | Candles: 21
2025-12-17 13:16:50,143 -       - BNBUSDT      | Size: 0.03       | Entry: 891.18    
2025-12-17 13:16:50,143 -       - BTCUSDT      | Size: 0.0003     | Entry: 92367.4   
2025-12-17 13:16:50,143 -    ➡️  parity_short_1H: 6 positions | Candles: 26
2025-12-17 13:16:50,143 -       - BNBUSDT      | Size: 0.04       | Entry: 859.08    
2025-12-17 13:16:50,143 -       - BTCUSDT      | Size: 0.0004     | Entry: 86297.7   
2025-12-17 13:16:50,143 -       - DOGEUSDT     | Size: 310        | Entry: 0.12882   
2025-12-17 13:16:50,143 -       - ETHUSDT      | Size: 0.01       | Entry: 2924.4    
2025-12-17 13:16:50,143 -       - SOLUSDT      | Size: 0.3        | Entry: 126.22    
2025-12-17 13:16:50,143 -       - XRPUSDT      | Size: 21         | Entry: 1.879     
2025-12-17 13:16:50,143 -    ➡️  parity_long_1H: 3 positions | Candles: 25
2025-12-17 13:16:50,143 -       - BTCUSDT      | Size: 0.0004     | Entry: 86933.2   
2025-12-17 13:16:50,143 -       - DOGEUSDT     | Size: 305        | Entry: 0.13073   
2025-12-17 13:16:50,143 -       - SOLUSDT      | Size: 0.3        | Entry: 128.357   
2025-12-17 13:16:50,512 - 🔹 Strategy double_top_long_4H (4H): 32 symbols
2025-12-17 13:16:50,514 - 🔹 Strategy revers_long_4H (4H): 32 symbols
2025-12-17 13:16:50,517 - 🔹 Strategy parity_long_4H (4H): 32 symbols
2025-12-17 13:16:50,520 - 🔹 Strategy revers_short_4H (4H): 32 symbols
2025-12-17 13:16:50,522 - 🔹 Strategy parity_short_4H (4H): 32 symbols
2025-12-17 13:16:50,524 - 🔹 Strategy revers_long_1H (1H): 6 symbols
2025-12-17 13:16:50,527 - 🔹 Strategy revers_short_1H (1H): 6 symbols
2025-12-17 13:16:50,529 - 🔹 Strategy revers_long_6Hutc (6Hutc): 15 symbols
2025-12-17 13:16:50,532 - 🔹 Strategy revers_short_6Hutc (6Hutc): 15 symbols
2025-12-17 13:16:50,534 - 🔹 Strategy parity_long_1H (1H): 6 symbols
2025-12-17 13:16:50,536 - 🔹 Strategy parity_short_1H (1H): 6 symbols
2025-12-17 13:16:50,536 - 
➡️ Detected timeframes: 4H, 1H, 6Hutc
2025-12-17 13:16:50,536 -    🔹 4H: double_top_long_4H, revers_long_4H, parity_long_4H, revers_short_4H, parity_short_4H
2025-12-17 13:16:50,536 -    🔹 1H: revers_long_1H, revers_short_1H, parity_long_1H, parity_short_1H
2025-12-17 13:16:50,536 -    🔹 6Hutc: revers_long_6Hutc, revers_short_6Hutc
2025-12-17 13:16:50,536 - 
✅ BOT Initialization completed

2025-12-17 13:16:50,548 - 
2025-12-17 13:16:50,548 - [1;94m========================================================================================================================[0m
2025-12-17 13:16:50,548 - [1;94m📈 STRATEGY ANALYSIS[0m
2025-12-17 13:16:50,548 - [1;94m========================================================================================================================[0m
2025-12-17 13:16:50,556 - [1;85mStrategy          [0m  [1;85mdate_fo   [0m  [1;85m Trades_num[0m  [1;85m Trades_pct[0m  [1;85mTotal_profit[0m  [1;85m Profit_pct[0m  [1;85mTP_pct[0m  [1;85mSL_pct[0m  [1;85mOOM_pct[0m  [1;85mAvg_days[0m
2025-12-17 13:16:50,556 - [0;93mdouble_top_long_4H[0m  2025-12-11            1        100.0  [1;92m         1.9[0m         0.41   100.0     0.0      0.0      0.22
2025-12-17 13:16:50,556 - [0;93mrevers_short_4H   [0m  2025-12-11           30        96.67  [1;92m       52.09[0m        11.35   96.67    3.33      0.0      2.81
2025-12-17 13:16:50,556 - [0;93mparity_short_4H   [0m  2025-12-11           27        92.59  [1;92m       40.06[0m         8.73   92.59    7.41      0.0      3.15
2025-12-17 13:16:50,556 - [0;93mrevers_short_1H   [0m  2025-12-11           19        78.95  [1;92m        7.58[0m         1.65   78.95    5.26      0.0      0.91
2025-12-17 13:16:50,556 - [0;93mrevers_long_1H    [0m  2025-12-11            5         20.0  [1;91m        -7.2[0m        -1.57    20.0     0.0      0.0      1.79
2025-12-17 13:16:50,556 - [0;93mrevers_short_6Hutc[0m  2025-12-12            7        71.43  [1;92m        2.13[0m         0.46   85.71   14.29      0.0      1.63
2025-12-17 13:16:50,556 - [0;93mparity_long_4H    [0m  2025-12-11            1          0.0  [1;91m       -4.05[0m        -0.88     0.0   100.0      0.0      3.25
2025-12-17 13:16:50,556 - [0;93mrevers_long_6Hutc [0m  2025-12-12            4          0.0  [1;91m      -10.62[0m        -2.31     0.0   100.0      0.0      3.47
2025-12-17 13:16:50,557 - 
2025-12-17 13:16:50,557 - [1;94m========================================================================================================================[0m
2025-12-17 13:16:50,557 - [1;94m📊 TOTAL SUMMARY[0m
2025-12-17 13:16:50,557 - [1;94m========================================================================================================================[0m
2025-12-17 13:16:50,557 - [1;94m🧮 Trades_num   :[0m 94
2025-12-17 13:16:50,557 - [1;94m🕜 Avg_duration :[0m 2.4 days
2025-12-17 13:16:50,557 - [1;94m🎯 Trades_pct   :[0m 80.85 %
2025-12-17 13:16:50,557 - [1;94m💱 Profit_pct   :[0m 2.23 %
2025-12-17 13:16:50,557 - 💵 [1;94mTOTAL_profit :[0m [1;92m81.89 $[0m
2025-12-17 13:16:50,557 - [1;94m========================================================================================================================[0m
2025-12-17 13:16:50,557 - 
2025-12-17 13:16:50,557 - 
[1;94mInitializing WebSocket connections...[0m
2025-12-17 13:16:51,295 - 🔌 PUBLIC  WebSocket connected
2025-12-17 13:16:51,512 - 🔌 PRIVATE WebSocket connected (first time)
2025-12-17 13:16:51,557 - 📱 WebSocket status:
2025-12-17 13:16:51,557 -    - Public WS    : ✅ Connected
2025-12-17 13:16:51,557 -    - Private WS   : ✅ Connected
2025-12-17 13:16:51,557 -    - Authenticated: ⚠️  No
2025-12-17 13:16:52,012 - 🛜 Subscribing to 5 private channels...
2025-12-17 13:16:52,012 - 🆗 orders
2025-12-17 13:16:52,012 - 🆗 fill
2025-12-17 13:16:52,012 - 🆗 positions
2025-12-17 13:16:52,012 - 🆗 account
2025-12-17 13:16:52,012 - 🆗 equity
2025-12-17 13:16:52,012 - ✅ WebSocket authentication successful
2025-12-17 13:16:52,058 - 📦 Pre-loading contract info for 33 symbols via API...
2025-12-17 13:17:04,258 - [0;36m✅ Pre-loaded 33/33 contracts[0m
2025-12-17 13:17:04,258 - 
2025-12-17 13:17:04,259 - ⏰ Next candle for 4H    : 2025-12-17 16:00:45 UTC
2025-12-17 13:17:04,259 - ⏰ Next candle for 1H    : 2025-12-17 13:00:45 UTC
2025-12-17 13:17:04,259 - ⏰ Next candle for 6Hutc : 2025-12-17 18:00:45 UTC
2025-12-17 13:20:08,973 - 
🔚 Interrupted by user.
2025-12-17 13:20:08,978 - ⛔ BOT Stopped
2025-12-17 13:20:13,021 - [1;94m========================================================================================================================[0m
2025-12-17 13:20:13,021 - [1;94m🤖 === STARTING MULTI-STRATEGY BOT OPERATING IN ACCOUNT: 01 🤖 ===[0m
2025-12-17 13:20:13,021 - [1;94m========================================================================================================================[0m
2025-12-17 13:20:13,021 - ✅  State loaded: 52 positions recovered
2025-12-17 13:20:13,021 -    ➡️  revers_short_1H: 2 positions | Candles: 44
2025-12-17 13:20:13,021 -       - BNBUSDT      | Size: 0.04       | Entry: 855.02    
2025-12-17 13:20:13,021 -       - BTCUSDT      | Size: 0.0004     | Entry: 86796.8   
2025-12-17 13:20:13,021 -    ➡️  revers_long_4H: 2 positions | Candles: 35
2025-12-17 13:20:13,021 -       - BGBUSDT      | Size: 11         | Entry: 3.6       
2025-12-17 13:20:13,021 -       - ETHUSDT      | Size: 0.01       | Entry: 3177.11   
2025-12-17 13:20:13,021 -    ➡️  parity_long_4H: 2 positions | Candles: 35
2025-12-17 13:20:13,021 -       - BGBUSDT      | Size: 11         | Entry: 3.6       
2025-12-17 13:20:13,021 -       - ETHUSDT      | Size: 0.01       | Entry: 3177.73   
2025-12-17 13:20:13,021 -    ➡️  revers_short_4H: 19 positions | Candles: 6
2025-12-17 13:20:13,021 -       - AAVEUSDT     | Size: 0.2        | Entry: 188.07    
2025-12-17 13:20:13,021 -       - ADAUSDT      | Size: 103        | Entry: 0.3883    
2025-12-17 13:20:13,021 -       - APTUSDT      | Size: 25.078     | Entry: 1.595     
2025-12-17 13:20:13,021 -       - ARBUSDT      | Size: 200.6      | Entry: 0.1994    
2025-12-17 13:20:13,021 -       - AVAXUSDT     | Size: 3.2        | Entry: 12.353    
2025-12-17 13:20:13,021 -       - DOGEUSDT     | Size: 303        | Entry: 0.13171   
2025-12-17 13:20:13,021 -       - DOTUSDT      | Size: 20         | Entry: 1.924     
2025-12-17 13:20:13,021 -       - ETHUSDT      | Size: 0.01       | Entry: 2958.82   
2025-12-17 13:20:13,021 -       - HBARUSDT     | Size: 344        | Entry: 0.11601   
2025-12-17 13:20:13,021 -       - HYPEUSDT     | Size: 1.45       | Entry: 27.434    
2025-12-17 13:20:13,021 -       - LINKUSDT     | Size: 3          | Entry: 12.963    
2025-12-17 13:20:13,021 -       - LTCUSDT      | Size: 0.5        | Entry: 78.96     
2025-12-17 13:20:13,021 -       - NEARUSDT     | Size: 25         | Entry: 1.5431    
2025-12-17 13:20:13,022 -       - ONDOUSDT     | Size: 96.6       | Entry: 0.4136    
2025-12-17 13:20:13,022 -       - SEIUSDT      | Size: 334        | Entry: 0.11949   
2025-12-17 13:20:13,022 -       - SOLUSDT      | Size: 0.3        | Entry: 128.59    
2025-12-17 13:20:13,022 -       - SUIUSDT      | Size: 26.4       | Entry: 1.5112    
2025-12-17 13:20:13,022 -       - WIFUSDT      | Size: 106.2      | Entry: 0.3763    
2025-12-17 13:20:13,022 -       - XRPUSDT      | Size: 20         | Entry: 1.9235    
2025-12-17 13:20:13,022 -    ➡️  parity_short_4H: 2 positions | Candles: 35
2025-12-17 13:20:13,022 -       - BNBUSDT      | Size: 0.04       | Entry: 863.8     
2025-12-17 13:20:13,022 -       - BTCUSDT      | Size: 0.0004     | Entry: 89709     
2025-12-17 13:20:13,022 -    ➡️  double_top_long_4H: 3 positions | Candles: 34
2025-12-17 13:20:13,022 -       - BNBUSDT      | Size: 0.04       | Entry: 876.15    
2025-12-17 13:20:13,022 -       - ETHUSDT      | Size: 0.01       | Entry: 3198.01   
2025-12-17 13:20:13,022 -       - LINKUSDT     | Size: 2          | Entry: 13.732    
2025-12-17 13:20:13,022 -    ➡️  revers_long_1H: 1 positions | Candles: 24
2025-12-17 13:20:13,022 -       - XRPUSDT      | Size: 20         | Entry: 1.922     
2025-12-17 13:20:13,022 -    ➡️  revers_short_6Hutc: 10 positions | Candles: 7
2025-12-17 13:20:13,022 -       - ADAUSDT      | Size: 105        | Entry: 0.3804    
2025-12-17 13:20:13,022 -       - BNBUSDT      | Size: 0.04       | Entry: 843.99    
2025-12-17 13:20:13,022 -       - BTCUSDT      | Size: 0.0004     | Entry: 85702     
2025-12-17 13:20:13,022 -       - DOGEUSDT     | Size: 312        | Entry: 0.12786   
2025-12-17 13:20:13,022 -       - ETHUSDT      | Size: 0.01       | Entry: 2936.6    
2025-12-17 13:20:13,022 -       - HBARUSDT     | Size: 356        | Entry: 0.11234   
2025-12-17 13:20:13,022 -       - LINKUSDT     | Size: 3          | Entry: 12.585    
2025-12-17 13:20:13,022 -       - SOLUSDT      | Size: 0.3        | Entry: 124.987   
2025-12-17 13:20:13,022 -       - WLDUSDT      | Size: 75         | Entry: 0.5286    
2025-12-17 13:20:13,022 -       - XRPUSDT      | Size: 21         | Entry: 1.8909    
2025-12-17 13:20:13,022 -    ➡️  revers_long_6Hutc: 2 positions | Candles: 21
2025-12-17 13:20:13,022 -       - BNBUSDT      | Size: 0.03       | Entry: 891.18    
2025-12-17 13:20:13,022 -       - BTCUSDT      | Size: 0.0003     | Entry: 92367.4   
2025-12-17 13:20:13,022 -    ➡️  parity_short_1H: 6 positions | Candles: 26
2025-12-17 13:20:13,022 -       - BNBUSDT      | Size: 0.04       | Entry: 859.08    
2025-12-17 13:20:13,022 -       - BTCUSDT      | Size: 0.0004     | Entry: 86297.7   
2025-12-17 13:20:13,022 -       - DOGEUSDT     | Size: 310        | Entry: 0.12882   
2025-12-17 13:20:13,022 -       - ETHUSDT      | Size: 0.01       | Entry: 2924.4    
2025-12-17 13:20:13,022 -       - SOLUSDT      | Size: 0.3        | Entry: 126.22    
2025-12-17 13:20:13,022 -       - XRPUSDT      | Size: 21         | Entry: 1.879     
2025-12-17 13:20:13,022 -    ➡️  parity_long_1H: 3 positions | Candles: 25
2025-12-17 13:20:13,022 -       - BTCUSDT      | Size: 0.0004     | Entry: 86933.2   
2025-12-17 13:20:13,022 -       - DOGEUSDT     | Size: 305        | Entry: 0.13073   
2025-12-17 13:20:13,022 -       - SOLUSDT      | Size: 0.3        | Entry: 128.357   
2025-12-17 13:20:13,416 - 🔹 Strategy double_top_long_4H (4H): 32 symbols
2025-12-17 13:20:13,419 - 🔹 Strategy revers_long_4H (4H): 32 symbols
2025-12-17 13:20:13,421 - 🔹 Strategy parity_long_4H (4H): 32 symbols
2025-12-17 13:20:13,424 - 🔹 Strategy revers_short_4H (4H): 32 symbols
2025-12-17 13:20:13,426 - 🔹 Strategy parity_short_4H (4H): 32 symbols
2025-12-17 13:20:13,429 - 🔹 Strategy revers_long_1H (1H): 6 symbols
2025-12-17 13:20:13,431 - 🔹 Strategy revers_short_1H (1H): 6 symbols
2025-12-17 13:20:13,434 - 🔹 Strategy revers_long_6Hutc (6Hutc): 15 symbols
2025-12-17 13:20:13,436 - 🔹 Strategy revers_short_6Hutc (6Hutc): 15 symbols
2025-12-17 13:20:13,438 - 🔹 Strategy parity_long_1H (1H): 6 symbols
2025-12-17 13:20:13,441 - 🔹 Strategy parity_short_1H (1H): 6 symbols
2025-12-17 13:20:13,441 - 
➡️ Detected timeframes: 1H, 4H, 6Hutc
2025-12-17 13:20:13,441 -    🔹 1H: revers_long_1H, revers_short_1H, parity_long_1H, parity_short_1H
2025-12-17 13:20:13,441 -    🔹 4H: double_top_long_4H, revers_long_4H, parity_long_4H, revers_short_4H, parity_short_4H
2025-12-17 13:20:13,441 -    🔹 6Hutc: revers_long_6Hutc, revers_short_6Hutc
2025-12-17 13:20:13,441 - 
✅ BOT Initialization completed

2025-12-17 13:20:13,453 - 
2025-12-17 13:20:13,453 - [1;94m========================================================================================================================[0m
2025-12-17 13:20:13,453 - [1;94m📈 STRATEGY ANALYSIS[0m
2025-12-17 13:20:13,453 - [1;94m========================================================================================================================[0m
2025-12-17 13:20:13,460 - [1;85mStrategy          [0m  [1;85mdate_fo   [0m  [1;85m Trades_num[0m  [1;85m Trades_pct[0m  [1;85mTotal_profit[0m  [1;85m Profit_pct[0m  [1;85mTP_pct[0m  [1;85mSL_pct[0m  [1;85mOOM_pct[0m  [1;85mAvg_days[0m
2025-12-17 13:20:13,461 - [0;93mdouble_top_long_4H[0m  2025-12-11            1        100.0  [1;92m         1.9[0m         0.41   100.0     0.0      0.0      0.22
2025-12-17 13:20:13,461 - [0;93mrevers_short_4H   [0m  2025-12-11           30        96.67  [1;92m       52.09[0m        11.35   96.67    3.33      0.0      2.81
2025-12-17 13:20:13,461 - [0;93mparity_short_4H   [0m  2025-12-11           27        92.59  [1;92m       40.06[0m         8.73   92.59    7.41      0.0      3.15
2025-12-17 13:20:13,461 - [0;93mrevers_short_1H   [0m  2025-12-11           19        78.95  [1;92m        7.58[0m         1.65   78.95    5.26      0.0      0.91
2025-12-17 13:20:13,461 - [0;93mrevers_long_1H    [0m  2025-12-11            5         20.0  [1;91m        -7.2[0m        -1.57    20.0     0.0      0.0      1.79
2025-12-17 13:20:13,461 - [0;93mrevers_short_6Hutc[0m  2025-12-12            7        71.43  [1;92m        2.13[0m         0.46   85.71   14.29      0.0      1.63
2025-12-17 13:20:13,461 - [0;93mparity_long_4H    [0m  2025-12-11            1          0.0  [1;91m       -4.05[0m        -0.88     0.0   100.0      0.0      3.25
2025-12-17 13:20:13,461 - [0;93mrevers_long_6Hutc [0m  2025-12-12            4          0.0  [1;91m      -10.62[0m        -2.31     0.0   100.0      0.0      3.47
2025-12-17 13:20:13,461 - 
2025-12-17 13:20:13,461 - [1;94m========================================================================================================================[0m
2025-12-17 13:20:13,461 - [1;94m📊 TOTAL SUMMARY[0m
2025-12-17 13:20:13,461 - [1;94m========================================================================================================================[0m
2025-12-17 13:20:13,461 - [1;94m🧮 Trades_num   :[0m 94
2025-12-17 13:20:13,461 - [1;94m🕜 Avg_duration :[0m 2.4 days
2025-12-17 13:20:13,461 - [1;94m🎯 Trades_pct   :[0m 80.85 %
2025-12-17 13:20:13,461 - [1;94m💱 Profit_pct   :[0m 2.23 %
2025-12-17 13:20:13,461 - 💵 [1;94mTOTAL_profit :[0m [1;92m81.89 $[0m
2025-12-17 13:20:13,461 - [1;94m========================================================================================================================[0m
2025-12-17 13:20:13,461 - 
2025-12-17 13:20:13,461 - 
[1;94mInitializing WebSocket connections...[0m
2025-12-17 13:20:14,436 - 🔌 PRIVATE WebSocket connected (first time)
2025-12-17 13:20:14,439 - 🔌 PUBLIC  WebSocket connected
2025-12-17 13:20:14,462 - 📱 WebSocket status:
2025-12-17 13:20:14,462 -    - Public WS    : ✅ Connected
2025-12-17 13:20:14,462 -    - Private WS   : ✅ Connected
2025-12-17 13:20:14,462 -    - Authenticated: ⚠️  No
2025-12-17 13:20:14,936 - 🛜 Subscribing to 5 private channels...
2025-12-17 13:20:14,936 - 🆗 orders
2025-12-17 13:20:14,936 - 🆗 fill
2025-12-17 13:20:14,936 - 🆗 positions
2025-12-17 13:20:14,936 - 🆗 account
2025-12-17 13:20:14,936 - 🆗 equity
2025-12-17 13:20:14,936 - ✅ WebSocket authentication successful
2025-12-17 13:20:14,962 - 📦 Pre-loading contract info for 33 symbols via API...
2025-12-17 13:20:27,935 - [0;36m✅ Pre-loaded 33/33 contracts[0m
2025-12-17 13:20:27,935 - 
2025-12-17 13:20:27,936 - ⏰ Next candle for 1H    : 2025-12-17 13:00:45 UTC
2025-12-17 13:20:27,936 - ⏰ Next candle for 4H    : 2025-12-17 16:00:45 UTC
2025-12-17 13:20:27,936 - ⏰ Next candle for 6Hutc : 2025-12-17 18:00:45 UTC
2025-12-17 13:24:47,498 - 
🔚 Interrupted by user.
2025-12-17 13:24:47,503 - ⛔ BOT Stopped
2025-12-17 13:24:51,525 - [1;94m========================================================================================================================[0m
2025-12-17 13:24:51,525 - [1;94m🤖 === STARTING MULTI-STRATEGY BOT OPERATING IN ACCOUNT: 01 🤖 ===[0m
2025-12-17 13:24:51,525 - [1;94m========================================================================================================================[0m
2025-12-17 13:24:51,525 - ✅  State loaded: 52 positions recovered
2025-12-17 13:24:51,525 -    ➡️  revers_short_1H: 2 positions | Candles: 44
2025-12-17 13:24:51,525 -       - BNBUSDT      | Size: 0.04       | Entry: 855.02    
2025-12-17 13:24:51,525 -       - BTCUSDT      | Size: 0.0004     | Entry: 86796.8   
2025-12-17 13:24:51,525 -    ➡️  revers_long_4H: 2 positions | Candles: 35
2025-12-17 13:24:51,525 -       - BGBUSDT      | Size: 11         | Entry: 3.6       
2025-12-17 13:24:51,525 -       - ETHUSDT      | Size: 0.01       | Entry: 3177.11   
2025-12-17 13:24:51,525 -    ➡️  parity_long_4H: 2 positions | Candles: 35
2025-12-17 13:24:51,525 -       - BGBUSDT      | Size: 11         | Entry: 3.6       
2025-12-17 13:24:51,525 -       - ETHUSDT      | Size: 0.01       | Entry: 3177.73   
2025-12-17 13:24:51,525 -    ➡️  revers_short_4H: 19 positions | Candles: 6
2025-12-17 13:24:51,525 -       - AAVEUSDT     | Size: 0.2        | Entry: 188.07    
2025-12-17 13:24:51,526 -       - ADAUSDT      | Size: 103        | Entry: 0.3883    
2025-12-17 13:24:51,526 -       - APTUSDT      | Size: 25.078     | Entry: 1.595     
2025-12-17 13:24:51,526 -       - ARBUSDT      | Size: 200.6      | Entry: 0.1994    
2025-12-17 13:24:51,526 -       - AVAXUSDT     | Size: 3.2        | Entry: 12.353    
2025-12-17 13:24:51,526 -       - DOGEUSDT     | Size: 303        | Entry: 0.13171   
2025-12-17 13:24:51,526 -       - DOTUSDT      | Size: 20         | Entry: 1.924     
2025-12-17 13:24:51,526 -       - ETHUSDT      | Size: 0.01       | Entry: 2958.82   
2025-12-17 13:24:51,526 -       - HBARUSDT     | Size: 344        | Entry: 0.11601   
2025-12-17 13:24:51,526 -       - HYPEUSDT     | Size: 1.45       | Entry: 27.434    
2025-12-17 13:24:51,526 -       - LINKUSDT     | Size: 3          | Entry: 12.963    
2025-12-17 13:24:51,526 -       - LTCUSDT      | Size: 0.5        | Entry: 78.96     
2025-12-17 13:24:51,526 -       - NEARUSDT     | Size: 25         | Entry: 1.5431    
2025-12-17 13:24:51,526 -       - ONDOUSDT     | Size: 96.6       | Entry: 0.4136    
2025-12-17 13:24:51,526 -       - SEIUSDT      | Size: 334        | Entry: 0.11949   
2025-12-17 13:24:51,526 -       - SOLUSDT      | Size: 0.3        | Entry: 128.59    
2025-12-17 13:24:51,526 -       - SUIUSDT      | Size: 26.4       | Entry: 1.5112    
2025-12-17 13:24:51,526 -       - WIFUSDT      | Size: 106.2      | Entry: 0.3763    
2025-12-17 13:24:51,526 -       - XRPUSDT      | Size: 20         | Entry: 1.9235    
2025-12-17 13:24:51,526 -    ➡️  parity_short_4H: 2 positions | Candles: 35
2025-12-17 13:24:51,526 -       - BNBUSDT      | Size: 0.04       | Entry: 863.8     
2025-12-17 13:24:51,526 -       - BTCUSDT      | Size: 0.0004     | Entry: 89709     
2025-12-17 13:24:51,526 -    ➡️  double_top_long_4H: 3 positions | Candles: 34
2025-12-17 13:24:51,526 -       - BNBUSDT      | Size: 0.04       | Entry: 876.15    
2025-12-17 13:24:51,526 -       - ETHUSDT      | Size: 0.01       | Entry: 3198.01   
2025-12-17 13:24:51,526 -       - LINKUSDT     | Size: 2          | Entry: 13.732    
2025-12-17 13:24:51,526 -    ➡️  revers_long_1H: 1 positions | Candles: 24
2025-12-17 13:24:51,526 -       - XRPUSDT      | Size: 20         | Entry: 1.922     
2025-12-17 13:24:51,526 -    ➡️  revers_short_6Hutc: 10 positions | Candles: 7
2025-12-17 13:24:51,526 -       - ADAUSDT      | Size: 105        | Entry: 0.3804    
2025-12-17 13:24:51,526 -       - BNBUSDT      | Size: 0.04       | Entry: 843.99    
2025-12-17 13:24:51,526 -       - BTCUSDT      | Size: 0.0004     | Entry: 85702     
2025-12-17 13:24:51,526 -       - DOGEUSDT     | Size: 312        | Entry: 0.12786   
2025-12-17 13:24:51,526 -       - ETHUSDT      | Size: 0.01       | Entry: 2936.6    
2025-12-17 13:24:51,526 -       - HBARUSDT     | Size: 356        | Entry: 0.11234   
2025-12-17 13:24:51,526 -       - LINKUSDT     | Size: 3          | Entry: 12.585    
2025-12-17 13:24:51,526 -       - SOLUSDT      | Size: 0.3        | Entry: 124.987   
2025-12-17 13:24:51,526 -       - WLDUSDT      | Size: 75         | Entry: 0.5286    
2025-12-17 13:24:51,526 -       - XRPUSDT      | Size: 21         | Entry: 1.8909    
2025-12-17 13:24:51,526 -    ➡️  revers_long_6Hutc: 2 positions | Candles: 21
2025-12-17 13:24:51,526 -       - BNBUSDT      | Size: 0.03       | Entry: 891.18    
2025-12-17 13:24:51,526 -       - BTCUSDT      | Size: 0.0003     | Entry: 92367.4   
2025-12-17 13:24:51,526 -    ➡️  parity_short_1H: 6 positions | Candles: 26
2025-12-17 13:24:51,526 -       - BNBUSDT      | Size: 0.04       | Entry: 859.08    
2025-12-17 13:24:51,526 -       - BTCUSDT      | Size: 0.0004     | Entry: 86297.7   
2025-12-17 13:24:51,526 -       - DOGEUSDT     | Size: 310        | Entry: 0.12882   
2025-12-17 13:24:51,526 -       - ETHUSDT      | Size: 0.01       | Entry: 2924.4    
2025-12-17 13:24:51,526 -       - SOLUSDT      | Size: 0.3        | Entry: 126.22    
2025-12-17 13:24:51,526 -       - XRPUSDT      | Size: 21         | Entry: 1.879     
2025-12-17 13:24:51,526 -    ➡️  parity_long_1H: 3 positions | Candles: 25
2025-12-17 13:24:51,526 -       - BTCUSDT      | Size: 0.0004     | Entry: 86933.2   
2025-12-17 13:24:51,526 -       - DOGEUSDT     | Size: 305        | Entry: 0.13073   
2025-12-17 13:24:51,526 -       - SOLUSDT      | Size: 0.3        | Entry: 128.357   
2025-12-17 13:24:51,943 - 🔹 Strategy double_top_long_4H (4H): 32 symbols
2025-12-17 13:24:51,946 - 🔹 Strategy revers_long_4H (4H): 32 symbols
2025-12-17 13:24:51,949 - 🔹 Strategy parity_long_4H (4H): 32 symbols
2025-12-17 13:24:51,951 - 🔹 Strategy revers_short_4H (4H): 32 symbols
2025-12-17 13:24:51,954 - 🔹 Strategy parity_short_4H (4H): 32 symbols
2025-12-17 13:24:51,956 - 🔹 Strategy revers_long_1H (1H): 6 symbols
2025-12-17 13:24:51,959 - 🔹 Strategy revers_short_1H (1H): 6 symbols
2025-12-17 13:24:51,961 - 🔹 Strategy revers_long_6Hutc (6Hutc): 15 symbols
2025-12-17 13:24:51,963 - 🔹 Strategy revers_short_6Hutc (6Hutc): 15 symbols
2025-12-17 13:24:51,965 - 🔹 Strategy parity_long_1H (1H): 6 symbols
2025-12-17 13:24:51,968 - 🔹 Strategy parity_short_1H (1H): 6 symbols
2025-12-17 13:24:51,968 - 
➡️ Detected timeframes: 4H, 1H, 6Hutc
2025-12-17 13:24:51,968 -    🔹 4H: double_top_long_4H, revers_long_4H, parity_long_4H, revers_short_4H, parity_short_4H
2025-12-17 13:24:51,968 -    🔹 1H: revers_long_1H, revers_short_1H, parity_long_1H, parity_short_1H
2025-12-17 13:24:51,968 -    🔹 6Hutc: revers_long_6Hutc, revers_short_6Hutc
2025-12-17 13:24:51,968 - 
✅ BOT Initialization completed

2025-12-17 13:24:51,980 - 
2025-12-17 13:24:51,980 - [1;94m========================================================================================================================[0m
2025-12-17 13:24:51,980 - [1;94m📈 STRATEGY ANALYSIS[0m
2025-12-17 13:24:51,980 - [1;94m========================================================================================================================[0m
2025-12-17 13:24:51,988 - [1;85mStrategy          [0m  [1;85mdate_fo   [0m  [1;85m Trades_num[0m  [1;85m Trades_pct[0m  [1;85mTotal_profit[0m  [1;85m Profit_pct[0m  [1;85mTP_pct[0m  [1;85mSL_pct[0m  [1;85mOOM_pct[0m  [1;85mAvg_days[0m
2025-12-17 13:24:51,988 - [0;93mdouble_top_long_4H[0m  2025-12-11            1        100.0  [1;92m         1.9[0m         0.41   100.0     0.0      0.0      0.22
2025-12-17 13:24:51,988 - [0;93mrevers_short_4H   [0m  2025-12-11           30        96.67  [1;92m       52.09[0m        11.35   96.67    3.33      0.0      2.81
2025-12-17 13:24:51,988 - [0;93mparity_short_4H   [0m  2025-12-11           27        92.59  [1;92m       40.06[0m         8.73   92.59    7.41      0.0      3.15
2025-12-17 13:24:51,988 - [0;93mrevers_short_1H   [0m  2025-12-11           19        78.95  [1;92m        7.58[0m         1.65   78.95    5.26      0.0      0.91
2025-12-17 13:24:51,988 - [0;93mrevers_long_1H    [0m  2025-12-11            5         20.0  [1;91m        -7.2[0m        -1.57    20.0     0.0      0.0      1.79
2025-12-17 13:24:51,988 - [0;93mrevers_short_6Hutc[0m  2025-12-12            7        71.43  [1;92m        2.13[0m         0.46   85.71   14.29      0.0      1.63
2025-12-17 13:24:51,988 - [0;93mparity_long_4H    [0m  2025-12-11            1          0.0  [1;91m       -4.05[0m        -0.88     0.0   100.0      0.0      3.25
2025-12-17 13:24:51,988 - [0;93mrevers_long_6Hutc [0m  2025-12-12            4          0.0  [1;91m      -10.62[0m        -2.31     0.0   100.0      0.0      3.47
2025-12-17 13:24:51,988 - 
2025-12-17 13:24:51,988 - [1;94m========================================================================================================================[0m
2025-12-17 13:24:51,988 - [1;94m📊 TOTAL SUMMARY[0m
2025-12-17 13:24:51,988 - [1;94m========================================================================================================================[0m
2025-12-17 13:24:51,988 - [1;94m🧮 Trades_num   :[0m 94
2025-12-17 13:24:51,988 - [1;94m🕜 Avg_duration :[0m 2.4 days
2025-12-17 13:24:51,988 - [1;94m🎯 Trades_pct   :[0m 80.85 %
2025-12-17 13:24:51,988 - [1;94m💱 Profit_pct   :[0m 2.23 %
2025-12-17 13:24:51,988 - 💵 [1;94mTOTAL_profit :[0m [1;92m81.89 $[0m
2025-12-17 13:24:51,988 - [1;94m========================================================================================================================[0m
2025-12-17 13:24:51,988 - 
2025-12-17 13:24:51,988 - 
[1;94mInitializing WebSocket connections...[0m
2025-12-17 13:24:52,734 - 🔌 PRIVATE WebSocket connected (first time)
2025-12-17 13:24:52,735 - 🔌 PUBLIC  WebSocket connected
2025-12-17 13:24:52,989 - 📱 WebSocket status:
2025-12-17 13:24:52,989 -    - Public WS    : ✅ Connected
2025-12-17 13:24:52,989 -    - Private WS   : ✅ Connected
2025-12-17 13:24:52,989 -    - Authenticated: ⚠️  No
2025-12-17 13:24:53,234 - 🛜 Subscribing to 5 private channels...
2025-12-17 13:24:53,234 - 🆗 orders
2025-12-17 13:24:53,234 - 🆗 fill
2025-12-17 13:24:53,234 - 🆗 positions
2025-12-17 13:24:53,234 - 🆗 account
2025-12-17 13:24:53,234 - 🆗 equity
2025-12-17 13:24:53,234 - ✅ WebSocket authentication successful
2025-12-17 13:24:53,489 - 📦 Pre-loading contract info for 33 symbols via API...
2025-12-17 13:25:05,861 - [0;36m✅ Pre-loaded 33/33 contracts[0m
2025-12-17 13:25:05,862 - 
2025-12-17 13:25:05,862 - ⏰ Next candle for 4H    : 2025-12-17 16:00:45 UTC
2025-12-17 13:25:05,862 - ⏰ Next candle for 1H    : 2025-12-17 13:00:45 UTC
2025-12-17 13:25:05,863 - ⏰ Next candle for 6Hutc : 2025-12-17 18:00:45 UTC
2025-12-17 13:27:57,424 - 
🔚 Interrupted by user.
2025-12-17 13:27:57,428 - ⛔ BOT Stopped
2025-12-17 13:28:01,274 - [1;94m========================================================================================================================[0m
2025-12-17 13:28:01,274 - [1;94m🤖 === STARTING MULTI-STRATEGY BOT OPERATING IN ACCOUNT: 01 🤖 ===[0m
2025-12-17 13:28:01,274 - [1;94m========================================================================================================================[0m
2025-12-17 13:28:01,274 - ✅  State loaded: 52 positions recovered
2025-12-17 13:28:01,274 -    ➡️  revers_short_1H: 2 positions | Candles: 44
2025-12-17 13:28:01,274 -       - BNBUSDT      | Size: 0.04       | Entry: 855.02    
2025-12-17 13:28:01,274 -       - BTCUSDT      | Size: 0.0004     | Entry: 86796.8   
2025-12-17 13:28:01,274 -    ➡️  revers_long_4H: 2 positions | Candles: 35
2025-12-17 13:28:01,274 -       - BGBUSDT      | Size: 11         | Entry: 3.6       
2025-12-17 13:28:01,274 -       - ETHUSDT      | Size: 0.01       | Entry: 3177.11   
2025-12-17 13:28:01,274 -    ➡️  parity_long_4H: 2 positions | Candles: 35
2025-12-17 13:28:01,275 -       - BGBUSDT      | Size: 11         | Entry: 3.6       
2025-12-17 13:28:01,275 -       - ETHUSDT      | Size: 0.01       | Entry: 3177.73   
2025-12-17 13:28:01,275 -    ➡️  revers_short_4H: 19 positions | Candles: 6
2025-12-17 13:28:01,275 -       - AAVEUSDT     | Size: 0.2        | Entry: 188.07    
2025-12-17 13:28:01,275 -       - ADAUSDT      | Size: 103        | Entry: 0.3883    
2025-12-17 13:28:01,275 -       - APTUSDT      | Size: 25.078     | Entry: 1.595     
2025-12-17 13:28:01,275 -       - ARBUSDT      | Size: 200.6      | Entry: 0.1994    
2025-12-17 13:28:01,275 -       - AVAXUSDT     | Size: 3.2        | Entry: 12.353    
2025-12-17 13:28:01,275 -       - DOGEUSDT     | Size: 303        | Entry: 0.13171   
2025-12-17 13:28:01,275 -       - DOTUSDT      | Size: 20         | Entry: 1.924     
2025-12-17 13:28:01,275 -       - ETHUSDT      | Size: 0.01       | Entry: 2958.82   
2025-12-17 13:28:01,275 -       - HBARUSDT     | Size: 344        | Entry: 0.11601   
2025-12-17 13:28:01,275 -       - HYPEUSDT     | Size: 1.45       | Entry: 27.434    
2025-12-17 13:28:01,275 -       - LINKUSDT     | Size: 3          | Entry: 12.963    
2025-12-17 13:28:01,275 -       - LTCUSDT      | Size: 0.5        | Entry: 78.96     
2025-12-17 13:28:01,275 -       - NEARUSDT     | Size: 25         | Entry: 1.5431    
2025-12-17 13:28:01,275 -       - ONDOUSDT     | Size: 96.6       | Entry: 0.4136    
2025-12-17 13:28:01,275 -       - SEIUSDT      | Size: 334        | Entry: 0.11949   
2025-12-17 13:28:01,275 -       - SOLUSDT      | Size: 0.3        | Entry: 128.59    
2025-12-17 13:28:01,275 -       - SUIUSDT      | Size: 26.4       | Entry: 1.5112    
2025-12-17 13:28:01,275 -       - WIFUSDT      | Size: 106.2      | Entry: 0.3763    
2025-12-17 13:28:01,275 -       - XRPUSDT      | Size: 20         | Entry: 1.9235    
2025-12-17 13:28:01,275 -    ➡️  parity_short_4H: 2 positions | Candles: 35
2025-12-17 13:28:01,275 -       - BNBUSDT      | Size: 0.04       | Entry: 863.8     
2025-12-17 13:28:01,275 -       - BTCUSDT      | Size: 0.0004     | Entry: 89709     
2025-12-17 13:28:01,275 -    ➡️  double_top_long_4H: 3 positions | Candles: 34
2025-12-17 13:28:01,275 -       - BNBUSDT      | Size: 0.04       | Entry: 876.15    
2025-12-17 13:28:01,275 -       - ETHUSDT      | Size: 0.01       | Entry: 3198.01   
2025-12-17 13:28:01,275 -       - LINKUSDT     | Size: 2          | Entry: 13.732    
2025-12-17 13:28:01,275 -    ➡️  revers_long_1H: 1 positions | Candles: 24
2025-12-17 13:28:01,275 -       - XRPUSDT      | Size: 20         | Entry: 1.922     
2025-12-17 13:28:01,275 -    ➡️  revers_short_6Hutc: 10 positions | Candles: 7
2025-12-17 13:28:01,275 -       - ADAUSDT      | Size: 105        | Entry: 0.3804    
2025-12-17 13:28:01,275 -       - BNBUSDT      | Size: 0.04       | Entry: 843.99    
2025-12-17 13:28:01,275 -       - BTCUSDT      | Size: 0.0004     | Entry: 85702     
2025-12-17 13:28:01,275 -       - DOGEUSDT     | Size: 312        | Entry: 0.12786   
2025-12-17 13:28:01,275 -       - ETHUSDT      | Size: 0.01       | Entry: 2936.6    
2025-12-17 13:28:01,275 -       - HBARUSDT     | Size: 356        | Entry: 0.11234   
2025-12-17 13:28:01,275 -       - LINKUSDT     | Size: 3          | Entry: 12.585    
2025-12-17 13:28:01,275 -       - SOLUSDT      | Size: 0.3        | Entry: 124.987   
2025-12-17 13:28:01,275 -       - WLDUSDT      | Size: 75         | Entry: 0.5286    
2025-12-17 13:28:01,275 -       - XRPUSDT      | Size: 21         | Entry: 1.8909    
2025-12-17 13:28:01,275 -    ➡️  revers_long_6Hutc: 2 positions | Candles: 21
2025-12-17 13:28:01,275 -       - BNBUSDT      | Size: 0.03       | Entry: 891.18    
2025-12-17 13:28:01,275 -       - BTCUSDT      | Size: 0.0003     | Entry: 92367.4   
2025-12-17 13:28:01,275 -    ➡️  parity_short_1H: 6 positions | Candles: 26
2025-12-17 13:28:01,275 -       - BNBUSDT      | Size: 0.04       | Entry: 859.08    
2025-12-17 13:28:01,275 -       - BTCUSDT      | Size: 0.0004     | Entry: 86297.7   
2025-12-17 13:28:01,275 -       - DOGEUSDT     | Size: 310        | Entry: 0.12882   
2025-12-17 13:28:01,275 -       - ETHUSDT      | Size: 0.01       | Entry: 2924.4    
2025-12-17 13:28:01,275 -       - SOLUSDT      | Size: 0.3        | Entry: 126.22    
2025-12-17 13:28:01,275 -       - XRPUSDT      | Size: 21         | Entry: 1.879     
2025-12-17 13:28:01,275 -    ➡️  parity_long_1H: 3 positions | Candles: 25
2025-12-17 13:28:01,275 -       - BTCUSDT      | Size: 0.0004     | Entry: 86933.2   
2025-12-17 13:28:01,275 -       - DOGEUSDT     | Size: 305        | Entry: 0.13073   
2025-12-17 13:28:01,275 -       - SOLUSDT      | Size: 0.3        | Entry: 128.357   
2025-12-17 13:28:01,604 - 🔹 Strategy double_top_long_4H (4H): 32 symbols
2025-12-17 13:28:01,607 - 🔹 Strategy revers_long_4H (4H): 32 symbols
2025-12-17 13:28:01,610 - 🔹 Strategy parity_long_4H (4H): 32 symbols
2025-12-17 13:28:01,612 - 🔹 Strategy revers_short_4H (4H): 32 symbols
2025-12-17 13:28:01,615 - 🔹 Strategy parity_short_4H (4H): 32 symbols
2025-12-17 13:28:01,617 - 🔹 Strategy revers_long_1H (1H): 6 symbols
2025-12-17 13:28:01,620 - 🔹 Strategy revers_short_1H (1H): 6 symbols
2025-12-17 13:28:01,622 - 🔹 Strategy revers_long_6Hutc (6Hutc): 15 symbols
2025-12-17 13:28:01,624 - 🔹 Strategy revers_short_6Hutc (6Hutc): 15 symbols
2025-12-17 13:28:01,627 - 🔹 Strategy parity_long_1H (1H): 6 symbols
2025-12-17 13:28:01,629 - 🔹 Strategy parity_short_1H (1H): 6 symbols
2025-12-17 13:28:01,629 - 
➡️ Detected timeframes: 4H, 1H, 6Hutc
2025-12-17 13:28:01,629 -    🔹 4H: double_top_long_4H, revers_long_4H, parity_long_4H, revers_short_4H, parity_short_4H
2025-12-17 13:28:01,629 -    🔹 1H: revers_long_1H, revers_short_1H, parity_long_1H, parity_short_1H
2025-12-17 13:28:01,629 -    🔹 6Hutc: revers_long_6Hutc, revers_short_6Hutc
2025-12-17 13:28:01,629 - 
✅ BOT Initialization completed

2025-12-17 13:28:01,641 - 
2025-12-17 13:28:01,641 - [1;94m========================================================================================================================[0m
2025-12-17 13:28:01,641 - [1;94m📈 STRATEGY ANALYSIS[0m
2025-12-17 13:28:01,641 - [1;94m========================================================================================================================[0m
2025-12-17 13:28:01,648 - [1;85mStrategy          [0m  [1;85mdate_fo   [0m  [1;85m Trades_num[0m  [1;85m Trades_pct[0m  [1;85mTotal_profit[0m  [1;85m Profit_pct[0m  [1;85mTP_pct[0m  [1;85mSL_pct[0m  [1;85mOOM_pct[0m  [1;85mAvg_days[0m
2025-12-17 13:28:01,649 - [1;96mdouble_top_long_4H[0m  2025-12-11            1        100.0  [1;92m         1.9[0m         0.41   100.0     0.0      0.0      0.22
2025-12-17 13:28:01,649 - [1;96mrevers_short_4H   [0m  2025-12-11           30        96.67  [1;92m       52.09[0m        11.35   96.67    3.33      0.0      2.81
2025-12-17 13:28:01,649 - [1;96mparity_short_4H   [0m  2025-12-11           27        92.59  [1;92m       40.06[0m         8.73   92.59    7.41      0.0      3.15
2025-12-17 13:28:01,649 - [1;96mrevers_short_1H   [0m  2025-12-11           19        78.95  [1;92m        7.58[0m         1.65   78.95    5.26      0.0      0.91
2025-12-17 13:28:01,649 - [1;96mrevers_long_1H    [0m  2025-12-11            5         20.0  [1;91m        -7.2[0m        -1.57    20.0     0.0      0.0      1.79
2025-12-17 13:28:01,649 - [1;96mrevers_short_6Hutc[0m  2025-12-12            7        71.43  [1;92m        2.13[0m         0.46   85.71   14.29      0.0      1.63
2025-12-17 13:28:01,649 - [1;96mparity_long_4H    [0m  2025-12-11            1          0.0  [1;91m       -4.05[0m        -0.88     0.0   100.0      0.0      3.25
2025-12-17 13:28:01,649 - [1;96mrevers_long_6Hutc [0m  2025-12-12            4          0.0  [1;91m      -10.62[0m        -2.31     0.0   100.0      0.0      3.47
2025-12-17 13:28:01,649 - 
2025-12-17 13:28:01,649 - [1;94m========================================================================================================================[0m
2025-12-17 13:28:01,649 - [1;94m📊 TOTAL SUMMARY[0m
2025-12-17 13:28:01,649 - [1;94m========================================================================================================================[0m
2025-12-17 13:28:01,649 - [1;94m🧮 Trades_num   :[0m 94
2025-12-17 13:28:01,649 - [1;94m🕜 Avg_duration :[0m 2.4 days
2025-12-17 13:28:01,649 - [1;94m🎯 Trades_pct   :[0m 80.85 %
2025-12-17 13:28:01,649 - [1;94m💱 Profit_pct   :[0m 2.23 %
2025-12-17 13:28:01,649 - 💵 [1;94mTOTAL_profit :[0m [1;92m81.89 $[0m
2025-12-17 13:28:01,649 - [1;94m========================================================================================================================[0m
2025-12-17 13:28:01,649 - 
2025-12-17 13:28:01,649 - 
[1;94mInitializing WebSocket connections...[0m
2025-12-17 13:28:02,370 - 🔌 PUBLIC  WebSocket connected
2025-12-17 13:28:02,650 - 📱 WebSocket status:
2025-12-17 13:28:02,650 -    - Public WS    : ✅ Connected
2025-12-17 13:28:02,650 -    - Private WS   : ⚠️  Not connected
2025-12-17 13:28:02,650 -    - Authenticated: ⚠️  No
2025-12-17 13:28:02,676 - 🔌 PRIVATE WebSocket connected (first time)
2025-12-17 13:28:03,176 - 🛜 Subscribing to 5 private channels...
2025-12-17 13:28:03,176 - 🆗 orders
2025-12-17 13:28:03,176 - 🆗 fill
2025-12-17 13:28:03,177 - 🆗 positions
2025-12-17 13:28:03,177 - 🆗 account
2025-12-17 13:28:03,177 - 🆗 equity
2025-12-17 13:28:03,177 - ✅ WebSocket authentication successful
2025-12-17 13:28:03,650 - 📦 Pre-loading contract info for 33 symbols via API...
2025-12-17 13:28:16,933 - [0;36m✅ Pre-loaded 33/33 contracts[0m
2025-12-17 13:28:16,934 - 
2025-12-17 13:28:16,935 - ⏰ Next candle for 4H    : 2025-12-17 16:00:45 UTC
2025-12-17 13:28:16,935 - ⏰ Next candle for 1H    : 2025-12-17 13:00:45 UTC
2025-12-17 13:28:16,935 - ⏰ Next candle for 6Hutc : 2025-12-17 18:00:45 UTC
2025-12-17 13:28:40,116 - 
🔚 Interrupted by user.
2025-12-17 13:28:40,120 - ⛔ BOT Stopped
2025-12-17 13:28:44,174 - [1;94m========================================================================================================================[0m
2025-12-17 13:28:44,174 - [1;94m🤖 === STARTING MULTI-STRATEGY BOT OPERATING IN ACCOUNT: 01 🤖 ===[0m
2025-12-17 13:28:44,174 - [1;94m========================================================================================================================[0m
2025-12-17 13:28:44,175 - ✅  State loaded: 52 positions recovered
2025-12-17 13:28:44,175 -    ➡️  revers_short_1H: 2 positions | Candles: 44
2025-12-17 13:28:44,175 -       - BNBUSDT      | Size: 0.04       | Entry: 855.02    
2025-12-17 13:28:44,175 -       - BTCUSDT      | Size: 0.0004     | Entry: 86796.8   
2025-12-17 13:28:44,175 -    ➡️  revers_long_4H: 2 positions | Candles: 35
2025-12-17 13:28:44,175 -       - BGBUSDT      | Size: 11         | Entry: 3.6       
2025-12-17 13:28:44,175 -       - ETHUSDT      | Size: 0.01       | Entry: 3177.11   
2025-12-17 13:28:44,175 -    ➡️  parity_long_4H: 2 positions | Candles: 35
2025-12-17 13:28:44,175 -       - BGBUSDT      | Size: 11         | Entry: 3.6       
2025-12-17 13:28:44,175 -       - ETHUSDT      | Size: 0.01       | Entry: 3177.73   
2025-12-17 13:28:44,175 -    ➡️  revers_short_4H: 19 positions | Candles: 6
2025-12-17 13:28:44,175 -       - AAVEUSDT     | Size: 0.2        | Entry: 188.07    
2025-12-17 13:28:44,175 -       - ADAUSDT      | Size: 103        | Entry: 0.3883    
2025-12-17 13:28:44,175 -       - APTUSDT      | Size: 25.078     | Entry: 1.595     
2025-12-17 13:28:44,175 -       - ARBUSDT      | Size: 200.6      | Entry: 0.1994    
2025-12-17 13:28:44,175 -       - AVAXUSDT     | Size: 3.2        | Entry: 12.353    
2025-12-17 13:28:44,175 -       - DOGEUSDT     | Size: 303        | Entry: 0.13171   
2025-12-17 13:28:44,175 -       - DOTUSDT      | Size: 20         | Entry: 1.924     
2025-12-17 13:28:44,175 -       - ETHUSDT      | Size: 0.01       | Entry: 2958.82   
2025-12-17 13:28:44,175 -       - HBARUSDT     | Size: 344        | Entry: 0.11601   
2025-12-17 13:28:44,175 -       - HYPEUSDT     | Size: 1.45       | Entry: 27.434    
2025-12-17 13:28:44,175 -       - LINKUSDT     | Size: 3          | Entry: 12.963    
2025-12-17 13:28:44,175 -       - LTCUSDT      | Size: 0.5        | Entry: 78.96     
2025-12-17 13:28:44,175 -       - NEARUSDT     | Size: 25         | Entry: 1.5431    
2025-12-17 13:28:44,175 -       - ONDOUSDT     | Size: 96.6       | Entry: 0.4136    
2025-12-17 13:28:44,175 -       - SEIUSDT      | Size: 334        | Entry: 0.11949   
2025-12-17 13:28:44,175 -       - SOLUSDT      | Size: 0.3        | Entry: 128.59    
2025-12-17 13:28:44,175 -       - SUIUSDT      | Size: 26.4       | Entry: 1.5112    
2025-12-17 13:28:44,175 -       - WIFUSDT      | Size: 106.2      | Entry: 0.3763    
2025-12-17 13:28:44,175 -       - XRPUSDT      | Size: 20         | Entry: 1.9235    
2025-12-17 13:28:44,175 -    ➡️  parity_short_4H: 2 positions | Candles: 35
2025-12-17 13:28:44,175 -       - BNBUSDT      | Size: 0.04       | Entry: 863.8     
2025-12-17 13:28:44,175 -       - BTCUSDT      | Size: 0.0004     | Entry: 89709     
2025-12-17 13:28:44,175 -    ➡️  double_top_long_4H: 3 positions | Candles: 34
2025-12-17 13:28:44,175 -       - BNBUSDT      | Size: 0.04       | Entry: 876.15    
2025-12-17 13:28:44,175 -       - ETHUSDT      | Size: 0.01       | Entry: 3198.01   
2025-12-17 13:28:44,175 -       - LINKUSDT     | Size: 2          | Entry: 13.732    
2025-12-17 13:28:44,175 -    ➡️  revers_long_1H: 1 positions | Candles: 24
2025-12-17 13:28:44,175 -       - XRPUSDT      | Size: 20         | Entry: 1.922     
2025-12-17 13:28:44,175 -    ➡️  revers_short_6Hutc: 10 positions | Candles: 7
2025-12-17 13:28:44,175 -       - ADAUSDT      | Size: 105        | Entry: 0.3804    
2025-12-17 13:28:44,175 -       - BNBUSDT      | Size: 0.04       | Entry: 843.99    
2025-12-17 13:28:44,175 -       - BTCUSDT      | Size: 0.0004     | Entry: 85702     
2025-12-17 13:28:44,175 -       - DOGEUSDT     | Size: 312        | Entry: 0.12786   
2025-12-17 13:28:44,175 -       - ETHUSDT      | Size: 0.01       | Entry: 2936.6    
2025-12-17 13:28:44,175 -       - HBARUSDT     | Size: 356        | Entry: 0.11234   
2025-12-17 13:28:44,175 -       - LINKUSDT     | Size: 3          | Entry: 12.585    
2025-12-17 13:28:44,175 -       - SOLUSDT      | Size: 0.3        | Entry: 124.987   
2025-12-17 13:28:44,175 -       - WLDUSDT      | Size: 75         | Entry: 0.5286    
2025-12-17 13:28:44,175 -       - XRPUSDT      | Size: 21         | Entry: 1.8909    
2025-12-17 13:28:44,175 -    ➡️  revers_long_6Hutc: 2 positions | Candles: 21
2025-12-17 13:28:44,175 -       - BNBUSDT      | Size: 0.03       | Entry: 891.18    
2025-12-17 13:28:44,175 -       - BTCUSDT      | Size: 0.0003     | Entry: 92367.4   
2025-12-17 13:28:44,175 -    ➡️  parity_short_1H: 6 positions | Candles: 26
2025-12-17 13:28:44,175 -       - BNBUSDT      | Size: 0.04       | Entry: 859.08    
2025-12-17 13:28:44,175 -       - BTCUSDT      | Size: 0.0004     | Entry: 86297.7   
2025-12-17 13:28:44,175 -       - DOGEUSDT     | Size: 310        | Entry: 0.12882   
2025-12-17 13:28:44,175 -       - ETHUSDT      | Size: 0.01       | Entry: 2924.4    
2025-12-17 13:28:44,175 -       - SOLUSDT      | Size: 0.3        | Entry: 126.22    
2025-12-17 13:28:44,176 -       - XRPUSDT      | Size: 21         | Entry: 1.879     
2025-12-17 13:28:44,176 -    ➡️  parity_long_1H: 3 positions | Candles: 25
2025-12-17 13:28:44,176 -       - BTCUSDT      | Size: 0.0004     | Entry: 86933.2   
2025-12-17 13:28:44,176 -       - DOGEUSDT     | Size: 305        | Entry: 0.13073   
2025-12-17 13:28:44,176 -       - SOLUSDT      | Size: 0.3        | Entry: 128.357   
2025-12-17 13:28:44,511 - 🔹 Strategy double_top_long_4H (4H): 32 symbols
2025-12-17 13:28:44,513 - 🔹 Strategy revers_long_4H (4H): 32 symbols
2025-12-17 13:28:44,516 - 🔹 Strategy parity_long_4H (4H): 32 symbols
2025-12-17 13:28:44,519 - 🔹 Strategy revers_short_4H (4H): 32 symbols
2025-12-17 13:28:44,521 - 🔹 Strategy parity_short_4H (4H): 32 symbols
2025-12-17 13:28:44,524 - 🔹 Strategy revers_long_1H (1H): 6 symbols
2025-12-17 13:28:44,526 - 🔹 Strategy revers_short_1H (1H): 6 symbols
2025-12-17 13:28:44,529 - 🔹 Strategy revers_long_6Hutc (6Hutc): 15 symbols
2025-12-17 13:28:44,531 - 🔹 Strategy revers_short_6Hutc (6Hutc): 15 symbols
2025-12-17 13:28:44,533 - 🔹 Strategy parity_long_1H (1H): 6 symbols
2025-12-17 13:28:44,536 - 🔹 Strategy parity_short_1H (1H): 6 symbols
2025-12-17 13:28:44,536 - 
➡️ Detected timeframes: 4H, 1H, 6Hutc
2025-12-17 13:28:44,536 -    🔹 4H: double_top_long_4H, revers_long_4H, parity_long_4H, revers_short_4H, parity_short_4H
2025-12-17 13:28:44,536 -    🔹 1H: revers_long_1H, revers_short_1H, parity_long_1H, parity_short_1H
2025-12-17 13:28:44,536 -    🔹 6Hutc: revers_long_6Hutc, revers_short_6Hutc
2025-12-17 13:28:44,536 - 
✅ BOT Initialization completed

2025-12-17 13:28:44,548 - 
2025-12-17 13:28:44,548 - [1;94m========================================================================================================================[0m
2025-12-17 13:28:44,548 - [1;94m📈 STRATEGY ANALYSIS[0m
2025-12-17 13:28:44,548 - [1;94m========================================================================================================================[0m
2025-12-17 13:28:44,555 - [1;85mStrategy          [0m  [1;85mdate_fo   [0m  [1;85m Trades_num[0m  [1;85m Trades_pct[0m  [1;85mTotal_profit[0m  [1;85m Profit_pct[0m  [1;85mTP_pct[0m  [1;85mSL_pct[0m  [1;85mOOM_pct[0m  [1;85mAvg_days[0m
2025-12-17 13:28:44,555 - [0;96mdouble_top_long_4H[0m  2025-12-11            1        100.0  [1;92m         1.9[0m         0.41   100.0     0.0      0.0      0.22
2025-12-17 13:28:44,556 - [0;96mrevers_short_4H   [0m  2025-12-11           30        96.67  [1;92m       52.09[0m        11.35   96.67    3.33      0.0      2.81
2025-12-17 13:28:44,556 - [0;96mparity_short_4H   [0m  2025-12-11           27        92.59  [1;92m       40.06[0m         8.73   92.59    7.41      0.0      3.15
2025-12-17 13:28:44,556 - [0;96mrevers_short_1H   [0m  2025-12-11           19        78.95  [1;92m        7.58[0m         1.65   78.95    5.26      0.0      0.91
2025-12-17 13:28:44,556 - [0;96mrevers_long_1H    [0m  2025-12-11            5         20.0  [1;91m        -7.2[0m        -1.57    20.0     0.0      0.0      1.79
2025-12-17 13:28:44,556 - [0;96mrevers_short_6Hutc[0m  2025-12-12            7        71.43  [1;92m        2.13[0m         0.46   85.71   14.29      0.0      1.63
2025-12-17 13:28:44,556 - [0;96mparity_long_4H    [0m  2025-12-11            1          0.0  [1;91m       -4.05[0m        -0.88     0.0   100.0      0.0      3.25
2025-12-17 13:28:44,556 - [0;96mrevers_long_6Hutc [0m  2025-12-12            4          0.0  [1;91m      -10.62[0m        -2.31     0.0   100.0      0.0      3.47
2025-12-17 13:28:44,556 - 
2025-12-17 13:28:44,556 - [1;94m========================================================================================================================[0m
2025-12-17 13:28:44,556 - [1;94m📊 TOTAL SUMMARY[0m
2025-12-17 13:28:44,556 - [1;94m========================================================================================================================[0m
2025-12-17 13:28:44,556 - [1;94m🧮 Trades_num   :[0m 94
2025-12-17 13:28:44,556 - [1;94m🕜 Avg_duration :[0m 2.4 days
2025-12-17 13:28:44,556 - [1;94m🎯 Trades_pct   :[0m 80.85 %
2025-12-17 13:28:44,556 - [1;94m💱 Profit_pct   :[0m 2.23 %
2025-12-17 13:28:44,556 - 💵 [1;94mTOTAL_profit :[0m [1;92m81.89 $[0m
2025-12-17 13:28:44,556 - [1;94m========================================================================================================================[0m
2025-12-17 13:28:44,556 - 
2025-12-17 13:28:44,556 - 
[1;94mInitializing WebSocket connections...[0m
2025-12-17 13:28:45,253 - 🔌 PUBLIC  WebSocket connected
2025-12-17 13:28:45,257 - 🔌 PRIVATE WebSocket connected (first time)
2025-12-17 13:28:45,557 - 📱 WebSocket status:
2025-12-17 13:28:45,557 -    - Public WS    : ✅ Connected
2025-12-17 13:28:45,557 -    - Private WS   : ✅ Connected
2025-12-17 13:28:45,557 -    - Authenticated: ⚠️  No
2025-12-17 13:28:45,758 - 🛜 Subscribing to 5 private channels...
2025-12-17 13:28:45,758 - 🆗 orders
2025-12-17 13:28:45,758 - 🆗 fill
2025-12-17 13:28:45,758 - 🆗 positions
2025-12-17 13:28:45,758 - 🆗 account
2025-12-17 13:28:45,758 - 🆗 equity
2025-12-17 13:28:45,758 - ✅ WebSocket authentication successful
2025-12-17 13:28:46,057 - 📦 Pre-loading contract info for 33 symbols via API...
2025-12-17 13:28:58,608 - [0;36m✅ Pre-loaded 33/33 contracts[0m
2025-12-17 13:28:58,608 - 
2025-12-17 13:28:58,608 - ⏰ Next candle for 4H    : 2025-12-17 16:00:45 UTC
2025-12-17 13:28:58,608 - ⏰ Next candle for 1H    : 2025-12-17 13:00:45 UTC
2025-12-17 13:28:58,608 - ⏰ Next candle for 6Hutc : 2025-12-17 18:00:45 UTC
2025-12-17 13:34:01,746 - 
🔚 Interrupted by user.
2025-12-17 13:34:01,750 - ⛔ BOT Stopped
2025-12-17 13:34:05,540 - [1;94m========================================================================================================================[0m
2025-12-17 13:34:05,540 - [1;94m🤖 === STARTING MULTI-STRATEGY BOT OPERATING IN ACCOUNT: 01 🤖 ===[0m
2025-12-17 13:34:05,540 - [1;94m========================================================================================================================[0m
2025-12-17 13:34:05,541 - ✅  State loaded: 52 positions recovered
2025-12-17 13:34:05,541 -    ➡️  revers_short_1H: 2 positions | Candles: 44
2025-12-17 13:34:05,541 -       - BNBUSDT      | Size: 0.04       | Entry: 855.02    
2025-12-17 13:34:05,541 -       - BTCUSDT      | Size: 0.0004     | Entry: 86796.8   
2025-12-17 13:34:05,541 -    ➡️  revers_long_4H: 2 positions | Candles: 35
2025-12-17 13:34:05,541 -       - BGBUSDT      | Size: 11         | Entry: 3.6       
2025-12-17 13:34:05,541 -       - ETHUSDT      | Size: 0.01       | Entry: 3177.11   
2025-12-17 13:34:05,541 -    ➡️  parity_long_4H: 2 positions | Candles: 35
2025-12-17 13:34:05,541 -       - BGBUSDT      | Size: 11         | Entry: 3.6       
2025-12-17 13:34:05,541 -       - ETHUSDT      | Size: 0.01       | Entry: 3177.73   
2025-12-17 13:34:05,541 -    ➡️  revers_short_4H: 19 positions | Candles: 6
2025-12-17 13:34:05,541 -       - AAVEUSDT     | Size: 0.2        | Entry: 188.07    
2025-12-17 13:34:05,541 -       - ADAUSDT      | Size: 103        | Entry: 0.3883    
2025-12-17 13:34:05,541 -       - APTUSDT      | Size: 25.078     | Entry: 1.595     
2025-12-17 13:34:05,541 -       - ARBUSDT      | Size: 200.6      | Entry: 0.1994    
2025-12-17 13:34:05,541 -       - AVAXUSDT     | Size: 3.2        | Entry: 12.353    
2025-12-17 13:34:05,541 -       - DOGEUSDT     | Size: 303        | Entry: 0.13171   
2025-12-17 13:34:05,541 -       - DOTUSDT      | Size: 20         | Entry: 1.924     
2025-12-17 13:34:05,541 -       - ETHUSDT      | Size: 0.01       | Entry: 2958.82   
2025-12-17 13:34:05,541 -       - HBARUSDT     | Size: 344        | Entry: 0.11601   
2025-12-17 13:34:05,541 -       - HYPEUSDT     | Size: 1.45       | Entry: 27.434    
2025-12-17 13:34:05,541 -       - LINKUSDT     | Size: 3          | Entry: 12.963    
2025-12-17 13:34:05,541 -       - LTCUSDT      | Size: 0.5        | Entry: 78.96     
2025-12-17 13:34:05,541 -       - NEARUSDT     | Size: 25         | Entry: 1.5431    
2025-12-17 13:34:05,541 -       - ONDOUSDT     | Size: 96.6       | Entry: 0.4136    
2025-12-17 13:34:05,541 -       - SEIUSDT      | Size: 334        | Entry: 0.11949   
2025-12-17 13:34:05,541 -       - SOLUSDT      | Size: 0.3        | Entry: 128.59    
2025-12-17 13:34:05,541 -       - SUIUSDT      | Size: 26.4       | Entry: 1.5112    
2025-12-17 13:34:05,541 -       - WIFUSDT      | Size: 106.2      | Entry: 0.3763    
2025-12-17 13:34:05,541 -       - XRPUSDT      | Size: 20         | Entry: 1.9235    
2025-12-17 13:34:05,541 -    ➡️  parity_short_4H: 2 positions | Candles: 35
2025-12-17 13:34:05,541 -       - BNBUSDT      | Size: 0.04       | Entry: 863.8     
2025-12-17 13:34:05,541 -       - BTCUSDT      | Size: 0.0004     | Entry: 89709     
2025-12-17 13:34:05,541 -    ➡️  double_top_long_4H: 3 positions | Candles: 34
2025-12-17 13:34:05,541 -       - BNBUSDT      | Size: 0.04       | Entry: 876.15    
2025-12-17 13:34:05,541 -       - ETHUSDT      | Size: 0.01       | Entry: 3198.01   
2025-12-17 13:34:05,541 -       - LINKUSDT     | Size: 2          | Entry: 13.732    
2025-12-17 13:34:05,541 -    ➡️  revers_long_1H: 1 positions | Candles: 24
2025-12-17 13:34:05,541 -       - XRPUSDT      | Size: 20         | Entry: 1.922     
2025-12-17 13:34:05,541 -    ➡️  revers_short_6Hutc: 10 positions | Candles: 7
2025-12-17 13:34:05,541 -       - ADAUSDT      | Size: 105        | Entry: 0.3804    
2025-12-17 13:34:05,541 -       - BNBUSDT      | Size: 0.04       | Entry: 843.99    
2025-12-17 13:34:05,541 -       - BTCUSDT      | Size: 0.0004     | Entry: 85702     
2025-12-17 13:34:05,541 -       - DOGEUSDT     | Size: 312        | Entry: 0.12786   
2025-12-17 13:34:05,541 -       - ETHUSDT      | Size: 0.01       | Entry: 2936.6    
2025-12-17 13:34:05,541 -       - HBARUSDT     | Size: 356        | Entry: 0.11234   
2025-12-17 13:34:05,541 -       - LINKUSDT     | Size: 3          | Entry: 12.585    
2025-12-17 13:34:05,541 -       - SOLUSDT      | Size: 0.3        | Entry: 124.987   
2025-12-17 13:34:05,541 -       - WLDUSDT      | Size: 75         | Entry: 0.5286    
2025-12-17 13:34:05,541 -       - XRPUSDT      | Size: 21         | Entry: 1.8909    
2025-12-17 13:34:05,541 -    ➡️  revers_long_6Hutc: 2 positions | Candles: 21
2025-12-17 13:34:05,541 -       - BNBUSDT      | Size: 0.03       | Entry: 891.18    
2025-12-17 13:34:05,541 -       - BTCUSDT      | Size: 0.0003     | Entry: 92367.4   
2025-12-17 13:34:05,541 -    ➡️  parity_short_1H: 6 positions | Candles: 26
2025-12-17 13:34:05,542 -       - BNBUSDT      | Size: 0.04       | Entry: 859.08    
2025-12-17 13:34:05,542 -       - BTCUSDT      | Size: 0.0004     | Entry: 86297.7   
2025-12-17 13:34:05,542 -       - DOGEUSDT     | Size: 310        | Entry: 0.12882   
2025-12-17 13:34:05,542 -       - ETHUSDT      | Size: 0.01       | Entry: 2924.4    
2025-12-17 13:34:05,542 -       - SOLUSDT      | Size: 0.3        | Entry: 126.22    
2025-12-17 13:34:05,542 -       - XRPUSDT      | Size: 21         | Entry: 1.879     
2025-12-17 13:34:05,542 -    ➡️  parity_long_1H: 3 positions | Candles: 25
2025-12-17 13:34:05,542 -       - BTCUSDT      | Size: 0.0004     | Entry: 86933.2   
2025-12-17 13:34:05,542 -       - DOGEUSDT     | Size: 305        | Entry: 0.13073   
2025-12-17 13:34:05,542 -       - SOLUSDT      | Size: 0.3        | Entry: 128.357   
2025-12-17 13:34:05,938 - 🔹 Strategy double_top_long_4H (4H): 32 symbols
2025-12-17 13:34:05,941 - 🔹 Strategy revers_long_4H (4H): 32 symbols
2025-12-17 13:34:05,944 - 🔹 Strategy parity_long_4H (4H): 32 symbols
2025-12-17 13:34:05,946 - 🔹 Strategy revers_short_4H (4H): 32 symbols
2025-12-17 13:34:05,949 - 🔹 Strategy parity_short_4H (4H): 32 symbols
2025-12-17 13:34:05,951 - 🔹 Strategy revers_long_1H (1H): 6 symbols
2025-12-17 13:34:05,954 - 🔹 Strategy revers_short_1H (1H): 6 symbols
2025-12-17 13:34:05,956 - 🔹 Strategy revers_long_6Hutc (6Hutc): 15 symbols
2025-12-17 13:34:05,958 - 🔹 Strategy revers_short_6Hutc (6Hutc): 15 symbols
2025-12-17 13:34:05,961 - 🔹 Strategy parity_long_1H (1H): 6 symbols
2025-12-17 13:34:05,963 - 🔹 Strategy parity_short_1H (1H): 6 symbols
2025-12-17 13:34:05,963 - 
➡️ Detected timeframes: 4H, 6Hutc, 1H
2025-12-17 13:34:05,963 -    🔹 4H: double_top_long_4H, revers_long_4H, parity_long_4H, revers_short_4H, parity_short_4H
2025-12-17 13:34:05,963 -    🔹 6Hutc: revers_long_6Hutc, revers_short_6Hutc
2025-12-17 13:34:05,963 -    🔹 1H: revers_long_1H, revers_short_1H, parity_long_1H, parity_short_1H
2025-12-17 13:34:05,963 - 
✅ BOT Initialization completed

2025-12-17 13:34:05,976 - 
2025-12-17 13:34:05,976 - [1;94m========================================================================================================================[0m
2025-12-17 13:34:05,976 - [1;94m📈 STRATEGY ANALYSIS[0m
2025-12-17 13:34:05,976 - [1;94m========================================================================================================================[0m
2025-12-17 13:34:05,983 - [1;85mStrategy          [0m  [1;85mdate_fo   [0m  [1;85m Trades_num[0m  [1;85m Trades_pct[0m  [1;85mTotal_profit[0m  [1;85m Profit_pct[0m  [1;85mTP_pct[0m  [1;85mSL_pct[0m  [1;85mOOM_pct[0m  [1;85mAvg_days[0m
2025-12-17 13:34:05,983 - [0;96mdouble_top_long_4H[0m  2025-12-11            1        100.0  [1;92m         1.9[0m         0.41   100.0     0.0      0.0      0.22
2025-12-17 13:34:05,983 - [0;96mrevers_short_4H   [0m  2025-12-11           30        96.67  [1;92m       52.09[0m        11.35   96.67    3.33      0.0      2.81
2025-12-17 13:34:05,983 - [0;96mparity_short_4H   [0m  2025-12-11           27        92.59  [1;92m       40.06[0m         8.73   92.59    7.41      0.0      3.15
2025-12-17 13:34:05,983 - [0;96mrevers_short_1H   [0m  2025-12-11           19        78.95  [1;92m        7.58[0m         1.65   78.95    5.26      0.0      0.91
2025-12-17 13:34:05,983 - [0;96mrevers_long_1H    [0m  2025-12-11            5         20.0  [1;91m        -7.2[0m        -1.57    20.0     0.0      0.0      1.79
2025-12-17 13:34:05,983 - [0;96mrevers_short_6Hutc[0m  2025-12-12            7        71.43  [1;92m        2.13[0m         0.46   85.71   14.29      0.0      1.63
2025-12-17 13:34:05,983 - [0;96mparity_long_4H    [0m  2025-12-11            1          0.0  [1;91m       -4.05[0m        -0.88     0.0   100.0      0.0      3.25
2025-12-17 13:34:05,983 - [0;96mrevers_long_6Hutc [0m  2025-12-12            4          0.0  [1;91m      -10.62[0m        -2.31     0.0   100.0      0.0      3.47
2025-12-17 13:34:05,984 - 
2025-12-17 13:34:05,984 - [1;94m========================================================================================================================[0m
2025-12-17 13:34:05,984 - [1;94m📊 TOTAL SUMMARY[0m
2025-12-17 13:34:05,984 - [1;94m========================================================================================================================[0m
2025-12-17 13:34:05,984 - [1;94m🧮 Trades_num   :[0m 94
2025-12-17 13:34:05,984 - [1;94m🕜 Avg_duration :[0m 2.4 days
2025-12-17 13:34:05,984 - [1;94m🎯 Trades_pct   :[0m 80.85 %
2025-12-17 13:34:05,984 - [1;94m💱 Profit_pct   :[0m 2.23 %
2025-12-17 13:34:05,984 - 💵 [1;94mTOTAL_profit :[0m [1;92m81.89 $[0m
2025-12-17 13:34:05,984 - [1;94m========================================================================================================================[0m
2025-12-17 13:34:05,984 - 
2025-12-17 13:34:05,984 - 
[1;94mInitializing WebSocket connections...[0m
2025-12-17 13:34:06,741 - 🔌 PUBLIC  WebSocket connected
2025-12-17 13:34:06,985 - 📱 WebSocket status:
2025-12-17 13:34:06,985 -    - Public WS    : ✅ Connected
2025-12-17 13:34:06,985 -    - Private WS   : ⚠️  Not connected
2025-12-17 13:34:06,985 -    - Authenticated: ⚠️  No
2025-12-17 13:34:07,023 - 🔌 PRIVATE WebSocket connected (first time)
2025-12-17 13:34:07,523 - 🛜 Subscribing to 5 private channels...
2025-12-17 13:34:07,523 - 🆗 orders
2025-12-17 13:34:07,523 - 🆗 fill
2025-12-17 13:34:07,523 - 🆗 positions
2025-12-17 13:34:07,523 - 🆗 account
2025-12-17 13:34:07,523 - 🆗 equity
2025-12-17 13:34:07,523 - ✅ WebSocket authentication successful
2025-12-17 13:34:07,985 - 📦 Pre-loading contract info for 33 symbols via API...
2025-12-17 13:34:20,457 - [0;36m✅ Pre-loaded 33/33 contracts[0m
2025-12-17 13:34:20,458 - 
2025-12-17 13:34:20,459 - ⏰ Next candle for 4H    : 2025-12-17 16:00:45 UTC
2025-12-17 13:34:20,459 - ⏰ Next candle for 6Hutc : 2025-12-17 18:00:45 UTC
2025-12-17 13:34:20,459 - ⏰ Next candle for 1H    : 2025-12-17 13:00:45 UTC
2025-12-17 13:36:02,098 - 
🔚 Interrupted by user.
2025-12-17 13:36:02,106 - ⛔ BOT Stopped
2025-12-17 13:36:05,674 - [1;94m========================================================================================================================[0m
2025-12-17 13:36:05,674 - [1;94m🤖 === STARTING MULTI-STRATEGY BOT OPERATING IN ACCOUNT: 01 🤖 ===[0m
2025-12-17 13:36:05,684 - [1;94m========================================================================================================================[0m
2025-12-17 13:36:05,684 - ✅  State loaded: 52 positions recovered
2025-12-17 13:36:05,684 -    ➡️  revers_short_1H: 2 positions | Candles: 44
2025-12-17 13:36:05,684 -       - BNBUSDT      | Size: 0.04       | Entry: 855.02    
2025-12-17 13:36:05,684 -       - BTCUSDT      | Size: 0.0004     | Entry: 86796.8   
2025-12-17 13:36:05,684 -    ➡️  revers_long_4H: 2 positions | Candles: 35
2025-12-17 13:36:05,684 -       - BGBUSDT      | Size: 11         | Entry: 3.6       
2025-12-17 13:36:05,684 -       - ETHUSDT      | Size: 0.01       | Entry: 3177.11   
2025-12-17 13:36:05,684 -    ➡️  parity_long_4H: 2 positions | Candles: 35
2025-12-17 13:36:05,684 -       - BGBUSDT      | Size: 11         | Entry: 3.6       
2025-12-17 13:36:05,684 -       - ETHUSDT      | Size: 0.01       | Entry: 3177.73   
2025-12-17 13:36:05,684 -    ➡️  revers_short_4H: 19 positions | Candles: 6
2025-12-17 13:36:05,684 -       - AAVEUSDT     | Size: 0.2        | Entry: 188.07    
2025-12-17 13:36:05,684 -       - ADAUSDT      | Size: 103        | Entry: 0.3883    
2025-12-17 13:36:05,684 -       - APTUSDT      | Size: 25.078     | Entry: 1.595     
2025-12-17 13:36:05,684 -       - ARBUSDT      | Size: 200.6      | Entry: 0.1994    
2025-12-17 13:36:05,684 -       - AVAXUSDT     | Size: 3.2        | Entry: 12.353    
2025-12-17 13:36:05,684 -       - DOGEUSDT     | Size: 303        | Entry: 0.13171   
2025-12-17 13:36:05,684 -       - DOTUSDT      | Size: 20         | Entry: 1.924     
2025-12-17 13:36:05,684 -       - ETHUSDT      | Size: 0.01       | Entry: 2958.82   
2025-12-17 13:36:05,684 -       - HBARUSDT     | Size: 344        | Entry: 0.11601   
2025-12-17 13:36:05,684 -       - HYPEUSDT     | Size: 1.45       | Entry: 27.434    
2025-12-17 13:36:05,685 -       - LINKUSDT     | Size: 3          | Entry: 12.963    
2025-12-17 13:36:05,685 -       - LTCUSDT      | Size: 0.5        | Entry: 78.96     
2025-12-17 13:36:05,685 -       - NEARUSDT     | Size: 25         | Entry: 1.5431    
2025-12-17 13:36:05,685 -       - ONDOUSDT     | Size: 96.6       | Entry: 0.4136    
2025-12-17 13:36:05,685 -       - SEIUSDT      | Size: 334        | Entry: 0.11949   
2025-12-17 13:36:05,685 -       - SOLUSDT      | Size: 0.3        | Entry: 128.59    
2025-12-17 13:36:05,685 -       - SUIUSDT      | Size: 26.4       | Entry: 1.5112    
2025-12-17 13:36:05,685 -       - WIFUSDT      | Size: 106.2      | Entry: 0.3763    
2025-12-17 13:36:05,685 -       - XRPUSDT      | Size: 20         | Entry: 1.9235    
2025-12-17 13:36:05,685 -    ➡️  parity_short_4H: 2 positions | Candles: 35
2025-12-17 13:36:05,685 -       - BNBUSDT      | Size: 0.04       | Entry: 863.8     
2025-12-17 13:36:05,685 -       - BTCUSDT      | Size: 0.0004     | Entry: 89709     
2025-12-17 13:36:05,685 -    ➡️  double_top_long_4H: 3 positions | Candles: 34
2025-12-17 13:36:05,685 -       - BNBUSDT      | Size: 0.04       | Entry: 876.15    
2025-12-17 13:36:05,685 -       - ETHUSDT      | Size: 0.01       | Entry: 3198.01   
2025-12-17 13:36:05,685 -       - LINKUSDT     | Size: 2          | Entry: 13.732    
2025-12-17 13:36:05,685 -    ➡️  revers_long_1H: 1 positions | Candles: 24
2025-12-17 13:36:05,685 -       - XRPUSDT      | Size: 20         | Entry: 1.922     
2025-12-17 13:36:05,685 -    ➡️  revers_short_6Hutc: 10 positions | Candles: 7
2025-12-17 13:36:05,685 -       - ADAUSDT      | Size: 105        | Entry: 0.3804    
2025-12-17 13:36:05,685 -       - BNBUSDT      | Size: 0.04       | Entry: 843.99    
2025-12-17 13:36:05,685 -       - BTCUSDT      | Size: 0.0004     | Entry: 85702     
2025-12-17 13:36:05,685 -       - DOGEUSDT     | Size: 312        | Entry: 0.12786   
2025-12-17 13:36:05,685 -       - ETHUSDT      | Size: 0.01       | Entry: 2936.6    
2025-12-17 13:36:05,685 -       - HBARUSDT     | Size: 356        | Entry: 0.11234   
2025-12-17 13:36:05,685 -       - LINKUSDT     | Size: 3          | Entry: 12.585    
2025-12-17 13:36:05,685 -       - SOLUSDT      | Size: 0.3        | Entry: 124.987   
2025-12-17 13:36:05,685 -       - WLDUSDT      | Size: 75         | Entry: 0.5286    
2025-12-17 13:36:05,685 -       - XRPUSDT      | Size: 21         | Entry: 1.8909    
2025-12-17 13:36:05,685 -    ➡️  revers_long_6Hutc: 2 positions | Candles: 21
2025-12-17 13:36:05,685 -       - BNBUSDT      | Size: 0.03       | Entry: 891.18    
2025-12-17 13:36:05,685 -       - BTCUSDT      | Size: 0.0003     | Entry: 92367.4   
2025-12-17 13:36:05,685 -    ➡️  parity_short_1H: 6 positions | Candles: 26
2025-12-17 13:36:05,685 -       - BNBUSDT      | Size: 0.04       | Entry: 859.08    
2025-12-17 13:36:05,685 -       - BTCUSDT      | Size: 0.0004     | Entry: 86297.7   
2025-12-17 13:36:05,685 -       - DOGEUSDT     | Size: 310        | Entry: 0.12882   
2025-12-17 13:36:05,685 -       - ETHUSDT      | Size: 0.01       | Entry: 2924.4    
2025-12-17 13:36:05,685 -       - SOLUSDT      | Size: 0.3        | Entry: 126.22    
2025-12-17 13:36:05,685 -       - XRPUSDT      | Size: 21         | Entry: 1.879     
2025-12-17 13:36:05,685 -    ➡️  parity_long_1H: 3 positions | Candles: 25
2025-12-17 13:36:05,685 -       - BTCUSDT      | Size: 0.0004     | Entry: 86933.2   
2025-12-17 13:36:05,685 -       - DOGEUSDT     | Size: 305        | Entry: 0.13073   
2025-12-17 13:36:05,685 -       - SOLUSDT      | Size: 0.3        | Entry: 128.357   
2025-12-17 13:36:06,057 - 🔹 Strategy double_top_long_4H (4H): 32 symbols
2025-12-17 13:36:06,060 - 🔹 Strategy revers_long_4H (4H): 32 symbols
2025-12-17 13:36:06,063 - 🔹 Strategy parity_long_4H (4H): 32 symbols
2025-12-17 13:36:06,065 - 🔹 Strategy revers_short_4H (4H): 32 symbols
2025-12-17 13:36:06,068 - 🔹 Strategy parity_short_4H (4H): 32 symbols
2025-12-17 13:36:06,070 - 🔹 Strategy revers_long_1H (1H): 6 symbols
2025-12-17 13:36:06,073 - 🔹 Strategy revers_short_1H (1H): 6 symbols
2025-12-17 13:36:06,075 - 🔹 Strategy revers_long_6Hutc (6Hutc): 15 symbols
2025-12-17 13:36:06,078 - 🔹 Strategy revers_short_6Hutc (6Hutc): 15 symbols
2025-12-17 13:36:06,080 - 🔹 Strategy parity_long_1H (1H): 6 symbols
2025-12-17 13:36:06,082 - 🔹 Strategy parity_short_1H (1H): 6 symbols
2025-12-17 13:36:06,082 - 
➡️ Detected timeframes: 1H, 4H, 6Hutc
2025-12-17 13:36:06,082 -    🔹 1H: revers_long_1H, revers_short_1H, parity_long_1H, parity_short_1H
2025-12-17 13:36:06,082 -    🔹 4H: double_top_long_4H, revers_long_4H, parity_long_4H, revers_short_4H, parity_short_4H
2025-12-17 13:36:06,082 -    🔹 6Hutc: revers_long_6Hutc, revers_short_6Hutc
2025-12-17 13:36:06,082 - 
✅ BOT Initialization completed

2025-12-17 13:36:06,095 - 
2025-12-17 13:36:06,095 - [1;94m========================================================================================================================[0m
2025-12-17 13:36:06,095 - [1;94m📈 STRATEGY ANALYSIS[0m
2025-12-17 13:36:06,095 - [1;94m========================================================================================================================[0m
2025-12-17 13:36:06,102 - [1;85mStrategy          [0m  [1;85mdate_fo   [0m  [1;85m Trades_num[0m  [1;85m Trades_pct[0m  [1;85mTotal_profit[0m  [1;85m Profit_pct[0m  [1;85mTP_pct[0m  [1;85mSL_pct[0m  [1;85mOOM_pct[0m  [1;85mAvg_days[0m
2025-12-17 13:36:06,102 - [0;96mdouble_top_long_4H[0m  2025-12-11            1        100.0  [1;92m         1.9[0m         0.41   100.0     0.0      0.0      0.22
2025-12-17 13:36:06,102 - [0;96mrevers_short_4H   [0m  2025-12-11           30        96.67  [1;92m       52.09[0m        11.35   96.67    3.33      0.0      2.81
2025-12-17 13:36:06,102 - [0;96mparity_short_4H   [0m  2025-12-11           27        92.59  [1;92m       40.06[0m         8.73   92.59    7.41      0.0      3.15
2025-12-17 13:36:06,102 - [0;96mrevers_short_1H   [0m  2025-12-11           19        78.95  [1;92m        7.58[0m         1.65   78.95    5.26      0.0      0.91
2025-12-17 13:36:06,102 - [0;96mrevers_long_1H    [0m  2025-12-11            5         20.0  [1;91m        -7.2[0m        -1.57    20.0     0.0      0.0      1.79
2025-12-17 13:36:06,102 - [0;96mrevers_short_6Hutc[0m  2025-12-12            7        71.43  [1;92m        2.13[0m         0.46   85.71   14.29      0.0      1.63
2025-12-17 13:36:06,102 - [0;96mparity_long_4H    [0m  2025-12-11            1          0.0  [1;91m       -4.05[0m        -0.88     0.0   100.0      0.0      3.25
2025-12-17 13:36:06,102 - [0;96mrevers_long_6Hutc [0m  2025-12-12            4          0.0  [1;91m      -10.62[0m        -2.31     0.0   100.0      0.0      3.47
2025-12-17 13:36:06,103 - 
2025-12-17 13:36:06,103 - [1;94m========================================================================================================================[0m
2025-12-17 13:36:06,103 - [1;94m📊 TOTAL SUMMARY[0m
2025-12-17 13:36:06,103 - [1;94m========================================================================================================================[0m
2025-12-17 13:36:06,103 - [1;94m🧮 Trades_num   :[0m 94
2025-12-17 13:36:06,103 - [1;94m🕜 Avg_duration :[0m 2.4 days
2025-12-17 13:36:06,103 - [1;94m🎯 Trades_pct   :[0m 80.85 %
2025-12-17 13:36:06,103 - [1;94m💱 Profit_pct   :[0m 2.23 %
2025-12-17 13:36:06,103 - 💵 [1;94mTOTAL_profit :[0m [1;92m81.89 $[0m
2025-12-17 13:36:06,103 - [1;94m========================================================================================================================[0m
2025-12-17 13:36:06,103 - 
2025-12-17 13:36:06,103 - 
[1;94mInitializing WebSocket connections...[0m
2025-12-17 13:36:06,816 - 🔌 PRIVATE WebSocket connected (first time)
2025-12-17 13:36:07,034 - 🔌 PUBLIC  WebSocket connected
2025-12-17 13:36:07,103 - 📱 WebSocket status:
2025-12-17 13:36:07,104 -    - Public WS    : ✅ Connected
2025-12-17 13:36:07,104 -    - Private WS   : ✅ Connected
2025-12-17 13:36:07,104 -    - Authenticated: ⚠️  No
2025-12-17 13:36:07,316 - 🛜 Subscribing to 5 private channels...
2025-12-17 13:36:07,316 - 🆗 orders
2025-12-17 13:36:07,316 - 🆗 fill
2025-12-17 13:36:07,316 - 🆗 positions
2025-12-17 13:36:07,316 - 🆗 account
2025-12-17 13:36:07,316 - 🆗 equity
2025-12-17 13:36:07,317 - ✅ WebSocket authentication successful
2025-12-17 13:36:07,604 - 📦 Pre-loading contract info for 33 symbols via API...
2025-12-17 13:36:20,369 - [0;36m✅ Pre-loaded 33/33 contracts[0m
2025-12-17 13:36:20,369 - 
2025-12-17 13:36:20,369 - ⏰ Next candle for 1H    : 2025-12-17 13:00:45 UTC
2025-12-17 13:36:20,369 - ⏰ Next candle for 4H    : 2025-12-17 16:00:45 UTC
2025-12-17 13:36:20,369 - ⏰ Next candle for 6Hutc : 2025-12-17 18:00:45 UTC
2025-12-17 13:37:56,750 - 
🔚 Interrupted by user.
2025-12-17 13:37:56,755 - ⛔ BOT Stopped
2025-12-17 13:38:00,391 - [1;94m========================================================================================================================[0m
2025-12-17 13:38:00,391 - [1;94m🤖 === STARTING MULTI-STRATEGY BOT OPERATING IN ACCOUNT: 01 🤖 ===[0m
2025-12-17 13:38:00,391 - [1;94m========================================================================================================================[0m
2025-12-17 13:38:00,391 - ✅  State loaded: 52 positions recovered
2025-12-17 13:38:00,391 -    ➡️  revers_short_1H: 2 positions | Candles: 44
2025-12-17 13:38:00,391 -       - BNBUSDT      | Size: 0.04       | Entry: 855.02    
2025-12-17 13:38:00,391 -       - BTCUSDT      | Size: 0.0004     | Entry: 86796.8   
2025-12-17 13:38:00,391 -    ➡️  revers_long_4H: 2 positions | Candles: 35
2025-12-17 13:38:00,391 -       - BGBUSDT      | Size: 11         | Entry: 3.6       
2025-12-17 13:38:00,391 -       - ETHUSDT      | Size: 0.01       | Entry: 3177.11   
2025-12-17 13:38:00,391 -    ➡️  parity_long_4H: 2 positions | Candles: 35
2025-12-17 13:38:00,391 -       - BGBUSDT      | Size: 11         | Entry: 3.6       
2025-12-17 13:38:00,391 -       - ETHUSDT      | Size: 0.01       | Entry: 3177.73   
2025-12-17 13:38:00,391 -    ➡️  revers_short_4H: 19 positions | Candles: 6
2025-12-17 13:38:00,391 -       - AAVEUSDT     | Size: 0.2        | Entry: 188.07    
2025-12-17 13:38:00,391 -       - ADAUSDT      | Size: 103        | Entry: 0.3883    
2025-12-17 13:38:00,391 -       - APTUSDT      | Size: 25.078     | Entry: 1.595     
2025-12-17 13:38:00,391 -       - ARBUSDT      | Size: 200.6      | Entry: 0.1994    
2025-12-17 13:38:00,391 -       - AVAXUSDT     | Size: 3.2        | Entry: 12.353    
2025-12-17 13:38:00,391 -       - DOGEUSDT     | Size: 303        | Entry: 0.13171   
2025-12-17 13:38:00,391 -       - DOTUSDT      | Size: 20         | Entry: 1.924     
2025-12-17 13:38:00,391 -       - ETHUSDT      | Size: 0.01       | Entry: 2958.82   
2025-12-17 13:38:00,391 -       - HBARUSDT     | Size: 344        | Entry: 0.11601   
2025-12-17 13:38:00,391 -       - HYPEUSDT     | Size: 1.45       | Entry: 27.434    
2025-12-17 13:38:00,391 -       - LINKUSDT     | Size: 3          | Entry: 12.963    
2025-12-17 13:38:00,391 -       - LTCUSDT      | Size: 0.5        | Entry: 78.96     
2025-12-17 13:38:00,391 -       - NEARUSDT     | Size: 25         | Entry: 1.5431    
2025-12-17 13:38:00,391 -       - ONDOUSDT     | Size: 96.6       | Entry: 0.4136    
2025-12-17 13:38:00,391 -       - SEIUSDT      | Size: 334        | Entry: 0.11949   
2025-12-17 13:38:00,391 -       - SOLUSDT      | Size: 0.3        | Entry: 128.59    
2025-12-17 13:38:00,391 -       - SUIUSDT      | Size: 26.4       | Entry: 1.5112    
2025-12-17 13:38:00,391 -       - WIFUSDT      | Size: 106.2      | Entry: 0.3763    
2025-12-17 13:38:00,391 -       - XRPUSDT      | Size: 20         | Entry: 1.9235    
2025-12-17 13:38:00,391 -    ➡️  parity_short_4H: 2 positions | Candles: 35
2025-12-17 13:38:00,391 -       - BNBUSDT      | Size: 0.04       | Entry: 863.8     
2025-12-17 13:38:00,391 -       - BTCUSDT      | Size: 0.0004     | Entry: 89709     
2025-12-17 13:38:00,391 -    ➡️  double_top_long_4H: 3 positions | Candles: 34
2025-12-17 13:38:00,391 -       - BNBUSDT      | Size: 0.04       | Entry: 876.15    
2025-12-17 13:38:00,391 -       - ETHUSDT      | Size: 0.01       | Entry: 3198.01   
2025-12-17 13:38:00,391 -       - LINKUSDT     | Size: 2          | Entry: 13.732    
2025-12-17 13:38:00,391 -    ➡️  revers_long_1H: 1 positions | Candles: 24
2025-12-17 13:38:00,391 -       - XRPUSDT      | Size: 20         | Entry: 1.922     
2025-12-17 13:38:00,391 -    ➡️  revers_short_6Hutc: 10 positions | Candles: 7
2025-12-17 13:38:00,391 -       - ADAUSDT      | Size: 105        | Entry: 0.3804    
2025-12-17 13:38:00,391 -       - BNBUSDT      | Size: 0.04       | Entry: 843.99    
2025-12-17 13:38:00,391 -       - BTCUSDT      | Size: 0.0004     | Entry: 85702     
2025-12-17 13:38:00,391 -       - DOGEUSDT     | Size: 312        | Entry: 0.12786   
2025-12-17 13:38:00,392 -       - ETHUSDT      | Size: 0.01       | Entry: 2936.6    
2025-12-17 13:38:00,392 -       - HBARUSDT     | Size: 356        | Entry: 0.11234   
2025-12-17 13:38:00,392 -       - LINKUSDT     | Size: 3          | Entry: 12.585    
2025-12-17 13:38:00,392 -       - SOLUSDT      | Size: 0.3        | Entry: 124.987   
2025-12-17 13:38:00,392 -       - WLDUSDT      | Size: 75         | Entry: 0.5286    
2025-12-17 13:38:00,392 -       - XRPUSDT      | Size: 21         | Entry: 1.8909    
2025-12-17 13:38:00,392 -    ➡️  revers_long_6Hutc: 2 positions | Candles: 21
2025-12-17 13:38:00,392 -       - BNBUSDT      | Size: 0.03       | Entry: 891.18    
2025-12-17 13:38:00,392 -       - BTCUSDT      | Size: 0.0003     | Entry: 92367.4   
2025-12-17 13:38:00,392 -    ➡️  parity_short_1H: 6 positions | Candles: 26
2025-12-17 13:38:00,392 -       - BNBUSDT      | Size: 0.04       | Entry: 859.08    
2025-12-17 13:38:00,392 -       - BTCUSDT      | Size: 0.0004     | Entry: 86297.7   
2025-12-17 13:38:00,392 -       - DOGEUSDT     | Size: 310        | Entry: 0.12882   
2025-12-17 13:38:00,392 -       - ETHUSDT      | Size: 0.01       | Entry: 2924.4    
2025-12-17 13:38:00,392 -       - SOLUSDT      | Size: 0.3        | Entry: 126.22    
2025-12-17 13:38:00,392 -       - XRPUSDT      | Size: 21         | Entry: 1.879     
2025-12-17 13:38:00,392 -    ➡️  parity_long_1H: 3 positions | Candles: 25
2025-12-17 13:38:00,392 -       - BTCUSDT      | Size: 0.0004     | Entry: 86933.2   
2025-12-17 13:38:00,392 -       - DOGEUSDT     | Size: 305        | Entry: 0.13073   
2025-12-17 13:38:00,392 -       - SOLUSDT      | Size: 0.3        | Entry: 128.357   
2025-12-17 13:38:00,749 - 🔹 Strategy double_top_long_4H (4H): 32 symbols
2025-12-17 13:38:00,752 - 🔹 Strategy revers_long_4H (4H): 32 symbols
2025-12-17 13:38:00,755 - 🔹 Strategy parity_long_4H (4H): 32 symbols
2025-12-17 13:38:00,757 - 🔹 Strategy revers_short_4H (4H): 32 symbols
2025-12-17 13:38:00,760 - 🔹 Strategy parity_short_4H (4H): 32 symbols
2025-12-17 13:38:00,762 - 🔹 Strategy revers_long_1H (1H): 6 symbols
2025-12-17 13:38:00,765 - 🔹 Strategy revers_short_1H (1H): 6 symbols
2025-12-17 13:38:00,767 - 🔹 Strategy revers_long_6Hutc (6Hutc): 15 symbols
2025-12-17 13:38:00,769 - 🔹 Strategy revers_short_6Hutc (6Hutc): 15 symbols
2025-12-17 13:38:00,772 - 🔹 Strategy parity_long_1H (1H): 6 symbols
2025-12-17 13:38:00,774 - 🔹 Strategy parity_short_1H (1H): 6 symbols
2025-12-17 13:38:00,774 - 
➡️ Detected timeframes: 6Hutc, 4H, 1H
2025-12-17 13:38:00,774 -    🔹 6Hutc: revers_long_6Hutc, revers_short_6Hutc
2025-12-17 13:38:00,774 -    🔹 4H: double_top_long_4H, revers_long_4H, parity_long_4H, revers_short_4H, parity_short_4H
2025-12-17 13:38:00,774 -    🔹 1H: revers_long_1H, revers_short_1H, parity_long_1H, parity_short_1H
2025-12-17 13:38:00,774 - 
✅ BOT Initialization completed

2025-12-17 13:38:00,786 - 
2025-12-17 13:38:00,786 - [1;94m========================================================================================================================[0m
2025-12-17 13:38:00,786 - [1;94m📈 STRATEGY ANALYSIS[0m
2025-12-17 13:38:00,786 - [1;94m========================================================================================================================[0m
2025-12-17 13:38:00,794 - [1;85mStrategy          [0m  [1;85mdate_fo   [0m  [1;85m Trades_num[0m  [1;85m Trades_pct[0m  [1;85mTotal_profit[0m  [1;85m Profit_pct[0m  [1;85mTP_pct[0m  [1;85mSL_pct[0m  [1;85mOOM_pct[0m  [1;85mAvg_days[0m
2025-12-17 13:38:00,794 - [0;96mdouble_top_long_4H[0m  2025-12-11            1        100.0  [1;92m         1.9[0m         0.41   100.0     0.0      0.0      0.22
2025-12-17 13:38:00,794 - [0;96mrevers_short_4H   [0m  2025-12-11           30        96.67  [1;92m       52.09[0m        11.35   96.67    3.33      0.0      2.81
2025-12-17 13:38:00,794 - [0;96mparity_short_4H   [0m  2025-12-11           27        92.59  [1;92m       40.06[0m         8.73   92.59    7.41      0.0      3.15
2025-12-17 13:38:00,794 - [0;96mrevers_short_1H   [0m  2025-12-11           19        78.95  [1;92m        7.58[0m         1.65   78.95    5.26      0.0      0.91
2025-12-17 13:38:00,794 - [0;96mrevers_long_1H    [0m  2025-12-11            5         20.0  [1;91m        -7.2[0m        -1.57    20.0     0.0      0.0      1.79
2025-12-17 13:38:00,794 - [0;96mrevers_short_6Hutc[0m  2025-12-12            7        71.43  [1;92m        2.13[0m         0.46   85.71   14.29      0.0      1.63
2025-12-17 13:38:00,794 - [0;96mparity_long_4H    [0m  2025-12-11            1          0.0  [1;91m       -4.05[0m        -0.88     0.0   100.0      0.0      3.25
2025-12-17 13:38:00,794 - [0;96mrevers_long_6Hutc [0m  2025-12-12            4          0.0  [1;91m      -10.62[0m        -2.31     0.0   100.0      0.0      3.47
2025-12-17 13:38:00,794 - 
2025-12-17 13:38:00,794 - [1;94m========================================================================================================================[0m
2025-12-17 13:38:00,794 - [1;94m📊 TOTAL SUMMARY[0m
2025-12-17 13:38:00,794 - [1;94m========================================================================================================================[0m
2025-12-17 13:38:00,794 - [1;94m🧮 Trades_num   :[0m 94
2025-12-17 13:38:00,794 - [1;94m🕜 Avg_duration :[0m 2.4 days
2025-12-17 13:38:00,795 - [1;94m🎯 Trades_pct   :[0m 80.85 %
2025-12-17 13:38:00,795 - [1;94m💱 Profit_pct   :[0m 2.23 %
2025-12-17 13:38:00,795 - 💵 [1;94mTOTAL_profit :[0m [1;92m81.89 $[0m
2025-12-17 13:38:00,795 - [1;94m========================================================================================================================[0m
2025-12-17 13:38:00,795 - 
2025-12-17 13:38:00,795 - 
[1;94mInitializing WebSocket connections...[0m
2025-12-17 13:38:01,523 - 🔌 PUBLIC  WebSocket connected
2025-12-17 13:38:01,716 - 🔌 PRIVATE WebSocket connected (first time)
2025-12-17 13:38:01,795 - 📱 WebSocket status:
2025-12-17 13:38:01,795 -    - Public WS    : ✅ Connected
2025-12-17 13:38:01,795 -    - Private WS   : ✅ Connected
2025-12-17 13:38:01,795 -    - Authenticated: ⚠️  No
2025-12-17 13:38:02,216 - 🛜 Subscribing to 5 private channels...
2025-12-17 13:38:02,217 - 🆗 orders
2025-12-17 13:38:02,217 - 🆗 fill
2025-12-17 13:38:02,217 - 🆗 positions
2025-12-17 13:38:02,217 - 🆗 account
2025-12-17 13:38:02,217 - 🆗 equity
2025-12-17 13:38:02,217 - ✅ WebSocket authentication successful
2025-12-17 13:38:02,296 - 📦 Pre-loading contract info for 33 symbols via API...
2025-12-17 13:38:15,572 - [0;36m✅ Pre-loaded 33/33 contracts[0m
2025-12-17 13:38:15,573 - 
2025-12-17 13:38:15,573 - ⏰ Next candle for 6Hutc : 2025-12-17 18:00:45 UTC
2025-12-17 13:38:15,573 - ⏰ Next candle for 4H    : 2025-12-17 16:00:45 UTC
2025-12-17 13:38:15,573 - ⏰ Next candle for 1H    : 2025-12-17 13:00:45 UTC
2025-12-17 13:40:37,318 - 
🔚 Interrupted by user.
2025-12-17 13:40:37,322 - ⛔ BOT Stopped
2025-12-17 13:40:41,301 - [1;94m========================================================================================================================[0m
2025-12-17 13:40:41,301 - [1;94m🤖 === STARTING MULTI-STRATEGY BOT OPERATING IN ACCOUNT: 01 🤖 ===[0m
2025-12-17 13:40:41,311 - [1;94m========================================================================================================================[0m
2025-12-17 13:40:41,311 - ✅  State loaded: 52 positions recovered
2025-12-17 13:40:41,311 -    ➡️  revers_short_1H: 2 positions | Candles: 44
2025-12-17 13:40:41,311 -       - BNBUSDT      | Size: 0.04       | Entry: 855.02    
2025-12-17 13:40:41,311 -       - BTCUSDT      | Size: 0.0004     | Entry: 86796.8   
2025-12-17 13:40:41,311 -    ➡️  revers_long_4H: 2 positions | Candles: 35
2025-12-17 13:40:41,311 -       - BGBUSDT      | Size: 11         | Entry: 3.6       
2025-12-17 13:40:41,311 -       - ETHUSDT      | Size: 0.01       | Entry: 3177.11   
2025-12-17 13:40:41,311 -    ➡️  parity_long_4H: 2 positions | Candles: 35
2025-12-17 13:40:41,311 -       - BGBUSDT      | Size: 11         | Entry: 3.6       
2025-12-17 13:40:41,311 -       - ETHUSDT      | Size: 0.01       | Entry: 3177.73   
2025-12-17 13:40:41,312 -    ➡️  revers_short_4H: 19 positions | Candles: 6
2025-12-17 13:40:41,312 -       - AAVEUSDT     | Size: 0.2        | Entry: 188.07    
2025-12-17 13:40:41,312 -       - ADAUSDT      | Size: 103        | Entry: 0.3883    
2025-12-17 13:40:41,312 -       - APTUSDT      | Size: 25.078     | Entry: 1.595     
2025-12-17 13:40:41,312 -       - ARBUSDT      | Size: 200.6      | Entry: 0.1994    
2025-12-17 13:40:41,312 -       - AVAXUSDT     | Size: 3.2        | Entry: 12.353    
2025-12-17 13:40:41,312 -       - DOGEUSDT     | Size: 303        | Entry: 0.13171   
2025-12-17 13:40:41,312 -       - DOTUSDT      | Size: 20         | Entry: 1.924     
2025-12-17 13:40:41,312 -       - ETHUSDT      | Size: 0.01       | Entry: 2958.82   
2025-12-17 13:40:41,312 -       - HBARUSDT     | Size: 344        | Entry: 0.11601   
2025-12-17 13:40:41,312 -       - HYPEUSDT     | Size: 1.45       | Entry: 27.434    
2025-12-17 13:40:41,312 -       - LINKUSDT     | Size: 3          | Entry: 12.963    
2025-12-17 13:40:41,312 -       - LTCUSDT      | Size: 0.5        | Entry: 78.96     
2025-12-17 13:40:41,312 -       - NEARUSDT     | Size: 25         | Entry: 1.5431    
2025-12-17 13:40:41,312 -       - ONDOUSDT     | Size: 96.6       | Entry: 0.4136    
2025-12-17 13:40:41,312 -       - SEIUSDT      | Size: 334        | Entry: 0.11949   
2025-12-17 13:40:41,312 -       - SOLUSDT      | Size: 0.3        | Entry: 128.59    
2025-12-17 13:40:41,312 -       - SUIUSDT      | Size: 26.4       | Entry: 1.5112    
2025-12-17 13:40:41,312 -       - WIFUSDT      | Size: 106.2      | Entry: 0.3763    
2025-12-17 13:40:41,312 -       - XRPUSDT      | Size: 20         | Entry: 1.9235    
2025-12-17 13:40:41,312 -    ➡️  parity_short_4H: 2 positions | Candles: 35
2025-12-17 13:40:41,312 -       - BNBUSDT      | Size: 0.04       | Entry: 863.8     
2025-12-17 13:40:41,312 -       - BTCUSDT      | Size: 0.0004     | Entry: 89709     
2025-12-17 13:40:41,312 -    ➡️  double_top_long_4H: 3 positions | Candles: 34
2025-12-17 13:40:41,312 -       - BNBUSDT      | Size: 0.04       | Entry: 876.15    
2025-12-17 13:40:41,312 -       - ETHUSDT      | Size: 0.01       | Entry: 3198.01   
2025-12-17 13:40:41,312 -       - LINKUSDT     | Size: 2          | Entry: 13.732    
2025-12-17 13:40:41,312 -    ➡️  revers_long_1H: 1 positions | Candles: 24
2025-12-17 13:40:41,312 -       - XRPUSDT      | Size: 20         | Entry: 1.922     
2025-12-17 13:40:41,312 -    ➡️  revers_short_6Hutc: 10 positions | Candles: 7
2025-12-17 13:40:41,312 -       - ADAUSDT      | Size: 105        | Entry: 0.3804    
2025-12-17 13:40:41,312 -       - BNBUSDT      | Size: 0.04       | Entry: 843.99    
2025-12-17 13:40:41,312 -       - BTCUSDT      | Size: 0.0004     | Entry: 85702     
2025-12-17 13:40:41,312 -       - DOGEUSDT     | Size: 312        | Entry: 0.12786   
2025-12-17 13:40:41,312 -       - ETHUSDT      | Size: 0.01       | Entry: 2936.6    
2025-12-17 13:40:41,312 -       - HBARUSDT     | Size: 356        | Entry: 0.11234   
2025-12-17 13:40:41,312 -       - LINKUSDT     | Size: 3          | Entry: 12.585    
2025-12-17 13:40:41,312 -       - SOLUSDT      | Size: 0.3        | Entry: 124.987   
2025-12-17 13:40:41,312 -       - WLDUSDT      | Size: 75         | Entry: 0.5286    
2025-12-17 13:40:41,312 -       - XRPUSDT      | Size: 21         | Entry: 1.8909    
2025-12-17 13:40:41,312 -    ➡️  revers_long_6Hutc: 2 positions | Candles: 21
2025-12-17 13:40:41,312 -       - BNBUSDT      | Size: 0.03       | Entry: 891.18    
2025-12-17 13:40:41,312 -       - BTCUSDT      | Size: 0.0003     | Entry: 92367.4   
2025-12-17 13:40:41,312 -    ➡️  parity_short_1H: 6 positions | Candles: 26
2025-12-17 13:40:41,312 -       - BNBUSDT      | Size: 0.04       | Entry: 859.08    
2025-12-17 13:40:41,312 -       - BTCUSDT      | Size: 0.0004     | Entry: 86297.7   
2025-12-17 13:40:41,312 -       - DOGEUSDT     | Size: 310        | Entry: 0.12882   
2025-12-17 13:40:41,312 -       - ETHUSDT      | Size: 0.01       | Entry: 2924.4    
2025-12-17 13:40:41,312 -       - SOLUSDT      | Size: 0.3        | Entry: 126.22    
2025-12-17 13:40:41,312 -       - XRPUSDT      | Size: 21         | Entry: 1.879     
2025-12-17 13:40:41,312 -    ➡️  parity_long_1H: 3 positions | Candles: 25
2025-12-17 13:40:41,312 -       - BTCUSDT      | Size: 0.0004     | Entry: 86933.2   
2025-12-17 13:40:41,312 -       - DOGEUSDT     | Size: 305        | Entry: 0.13073   
2025-12-17 13:40:41,312 -       - SOLUSDT      | Size: 0.3        | Entry: 128.357   
2025-12-17 13:40:41,654 - 🔹 Strategy double_top_long_4H (4H): 32 symbols
2025-12-17 13:40:41,657 - 🔹 Strategy revers_long_4H (4H): 32 symbols
2025-12-17 13:40:41,660 - 🔹 Strategy parity_long_4H (4H): 32 symbols
2025-12-17 13:40:41,662 - 🔹 Strategy revers_short_4H (4H): 32 symbols
2025-12-17 13:40:41,665 - 🔹 Strategy parity_short_4H (4H): 32 symbols
2025-12-17 13:40:41,667 - 🔹 Strategy revers_long_1H (1H): 6 symbols
2025-12-17 13:40:41,670 - 🔹 Strategy revers_short_1H (1H): 6 symbols
2025-12-17 13:40:41,672 - 🔹 Strategy revers_long_6Hutc (6Hutc): 15 symbols
2025-12-17 13:40:41,675 - 🔹 Strategy revers_short_6Hutc (6Hutc): 15 symbols
2025-12-17 13:40:41,677 - 🔹 Strategy parity_long_1H (1H): 6 symbols
2025-12-17 13:40:41,679 - 🔹 Strategy parity_short_1H (1H): 6 symbols
2025-12-17 13:40:41,679 - 
➡️ Detected timeframes: 6Hutc, 4H, 1H
2025-12-17 13:40:41,679 -    🔹 6Hutc: revers_long_6Hutc, revers_short_6Hutc
2025-12-17 13:40:41,679 -    🔹 4H: double_top_long_4H, revers_long_4H, parity_long_4H, revers_short_4H, parity_short_4H
2025-12-17 13:40:41,679 -    🔹 1H: revers_long_1H, revers_short_1H, parity_long_1H, parity_short_1H
2025-12-17 13:40:41,679 - 
✅ BOT Initialization completed

2025-12-17 13:40:41,692 - 
2025-12-17 13:40:41,692 - [1;94m========================================================================================================================[0m
2025-12-17 13:40:41,692 - [1;94m📈 STRATEGY ANALYSIS[0m
2025-12-17 13:40:41,692 - [1;94m========================================================================================================================[0m
2025-12-17 13:40:41,699 - [1;85mStrategy          [0m  [1;85mdate_fo   [0m  [1;85m Trades_num[0m  [1;85m Trades_pct[0m  [1;85mTotal_profit[0m  [1;85m Profit_pct[0m  [1;85mTP_pct[0m  [1;85mSL_pct[0m  [1;85mOOM_pct[0m  [1;85mAvg_days[0m
2025-12-17 13:40:41,699 - [0;96mdouble_top_long_4H[0m  2025-12-11            1        100.0  [1;92m         1.9[0m         0.41   100.0     0.0      0.0      0.22
2025-12-17 13:40:41,699 - [0;96mrevers_short_4H   [0m  2025-12-11           30        96.67  [1;92m       52.09[0m        11.35   96.67    3.33      0.0      2.81
2025-12-17 13:40:41,699 - [0;96mparity_short_4H   [0m  2025-12-11           27        92.59  [1;92m       40.06[0m         8.73   92.59    7.41      0.0      3.15
2025-12-17 13:40:41,699 - [0;96mrevers_short_1H   [0m  2025-12-11           19        78.95  [1;92m        7.58[0m         1.65   78.95    5.26      0.0      0.91
2025-12-17 13:40:41,699 - [0;96mrevers_long_1H    [0m  2025-12-11            5         20.0  [1;91m        -7.2[0m        -1.57    20.0     0.0      0.0      1.79
2025-12-17 13:40:41,700 - [0;96mrevers_short_6Hutc[0m  2025-12-12            7        71.43  [1;92m        2.13[0m         0.46   85.71   14.29      0.0      1.63
2025-12-17 13:40:41,700 - [0;96mparity_long_4H    [0m  2025-12-11            1          0.0  [1;91m       -4.05[0m        -0.88     0.0   100.0      0.0      3.25
2025-12-17 13:40:41,700 - [0;96mrevers_long_6Hutc [0m  2025-12-12            4          0.0  [1;91m      -10.62[0m        -2.31     0.0   100.0      0.0      3.47
2025-12-17 13:40:41,700 - 
2025-12-17 13:40:41,700 - [1;94m========================================================================================================================[0m
2025-12-17 13:40:41,700 - [1;94m📊 TOTAL SUMMARY[0m
2025-12-17 13:40:41,700 - [1;94m========================================================================================================================[0m
2025-12-17 13:40:41,700 - [1;94m🧮 Trades_num   :[0m 94
2025-12-17 13:40:41,700 - [1;94m🕜 Avg_duration :[0m 2.4 days
2025-12-17 13:40:41,700 - [1;94m🎯 Trades_pct   :[0m 80.85 %
2025-12-17 13:40:41,700 - [1;94m💱 Profit_pct   :[0m 2.23 %
2025-12-17 13:40:41,700 - 💵 [1;94mTOTAL_profit :[0m [1;92m81.89 $[0m
2025-12-17 13:40:41,700 - [1;94m========================================================================================================================[0m
2025-12-17 13:40:41,700 - 
2025-12-17 13:40:41,700 - 
[1;94mInitializing WebSocket connections...[0m
2025-12-17 13:40:42,634 - 🔌 PRIVATE WebSocket connected (first time)
2025-12-17 13:40:42,641 - 🔌 PUBLIC  WebSocket connected
2025-12-17 13:40:42,701 - 📱 WebSocket status:
2025-12-17 13:40:42,701 -    - Public WS    : ✅ Connected
2025-12-17 13:40:42,701 -    - Private WS   : ✅ Connected
2025-12-17 13:40:42,701 -    - Authenticated: ⚠️  No
2025-12-17 13:40:43,134 - 🛜 Subscribing to 5 private channels...
2025-12-17 13:40:43,135 - 🆗 orders
2025-12-17 13:40:43,135 - 🆗 fill
2025-12-17 13:40:43,135 - 🆗 positions
2025-12-17 13:40:43,135 - 🆗 account
2025-12-17 13:40:43,135 - 🆗 equity
2025-12-17 13:40:43,135 - ✅ WebSocket authentication successful
2025-12-17 13:40:43,201 - 📦 Pre-loading contract info for 33 symbols via API...
2025-12-17 13:40:56,036 - [0;36m✅ Pre-loaded 33/33 contracts[0m
2025-12-17 13:40:56,037 - 
2025-12-17 13:40:56,038 - ⏰ Next candle for 6Hutc : 2025-12-17 18:00:45 UTC
2025-12-17 13:40:56,038 - ⏰ Next candle for 4H    : 2025-12-17 16:00:45 UTC
2025-12-17 13:40:56,038 - ⏰ Next candle for 1H    : 2025-12-17 13:00:45 UTC
2025-12-17 13:42:18,781 - 
🔚 Interrupted by user.
2025-12-17 13:42:18,785 - ⛔ BOT Stopped
2025-12-17 13:42:22,583 - [1;94m========================================================================================================================[0m
2025-12-17 13:42:22,583 - [1;94m🤖 === STARTING MULTI-STRATEGY BOT OPERATING IN ACCOUNT: 01 🤖 ===[0m
2025-12-17 13:42:22,583 - [1;94m========================================================================================================================[0m
2025-12-17 13:42:22,583 - ✅  State loaded: 52 positions recovered
2025-12-17 13:42:22,583 -    ➡️  revers_short_1H: 2 positions | Candles: 44
2025-12-17 13:42:22,583 -       - BNBUSDT      | Size: 0.04       | Entry: 855.02    
2025-12-17 13:42:22,583 -       - BTCUSDT      | Size: 0.0004     | Entry: 86796.8   
2025-12-17 13:42:22,583 -    ➡️  revers_long_4H: 2 positions | Candles: 35
2025-12-17 13:42:22,583 -       - BGBUSDT      | Size: 11         | Entry: 3.6       
2025-12-17 13:42:22,583 -       - ETHUSDT      | Size: 0.01       | Entry: 3177.11   
2025-12-17 13:42:22,583 -    ➡️  parity_long_4H: 2 positions | Candles: 35
2025-12-17 13:42:22,584 -       - BGBUSDT      | Size: 11         | Entry: 3.6       
2025-12-17 13:42:22,584 -       - ETHUSDT      | Size: 0.01       | Entry: 3177.73   
2025-12-17 13:42:22,584 -    ➡️  revers_short_4H: 19 positions | Candles: 6
2025-12-17 13:42:22,584 -       - AAVEUSDT     | Size: 0.2        | Entry: 188.07    
2025-12-17 13:42:22,584 -       - ADAUSDT      | Size: 103        | Entry: 0.3883    
2025-12-17 13:42:22,584 -       - APTUSDT      | Size: 25.078     | Entry: 1.595     
2025-12-17 13:42:22,584 -       - ARBUSDT      | Size: 200.6      | Entry: 0.1994    
2025-12-17 13:42:22,584 -       - AVAXUSDT     | Size: 3.2        | Entry: 12.353    
2025-12-17 13:42:22,584 -       - DOGEUSDT     | Size: 303        | Entry: 0.13171   
2025-12-17 13:42:22,584 -       - DOTUSDT      | Size: 20         | Entry: 1.924     
2025-12-17 13:42:22,584 -       - ETHUSDT      | Size: 0.01       | Entry: 2958.82   
2025-12-17 13:42:22,584 -       - HBARUSDT     | Size: 344        | Entry: 0.11601   
2025-12-17 13:42:22,584 -       - HYPEUSDT     | Size: 1.45       | Entry: 27.434    
2025-12-17 13:42:22,584 -       - LINKUSDT     | Size: 3          | Entry: 12.963    
2025-12-17 13:42:22,584 -       - LTCUSDT      | Size: 0.5        | Entry: 78.96     
2025-12-17 13:42:22,584 -       - NEARUSDT     | Size: 25         | Entry: 1.5431    
2025-12-17 13:42:22,584 -       - ONDOUSDT     | Size: 96.6       | Entry: 0.4136    
2025-12-17 13:42:22,584 -       - SEIUSDT      | Size: 334        | Entry: 0.11949   
2025-12-17 13:42:22,584 -       - SOLUSDT      | Size: 0.3        | Entry: 128.59    
2025-12-17 13:42:22,584 -       - SUIUSDT      | Size: 26.4       | Entry: 1.5112    
2025-12-17 13:42:22,584 -       - WIFUSDT      | Size: 106.2      | Entry: 0.3763    
2025-12-17 13:42:22,584 -       - XRPUSDT      | Size: 20         | Entry: 1.9235    
2025-12-17 13:42:22,584 -    ➡️  parity_short_4H: 2 positions | Candles: 35
2025-12-17 13:42:22,584 -       - BNBUSDT      | Size: 0.04       | Entry: 863.8     
2025-12-17 13:42:22,584 -       - BTCUSDT      | Size: 0.0004     | Entry: 89709     
2025-12-17 13:42:22,584 -    ➡️  double_top_long_4H: 3 positions | Candles: 34
2025-12-17 13:42:22,584 -       - BNBUSDT      | Size: 0.04       | Entry: 876.15    
2025-12-17 13:42:22,584 -       - ETHUSDT      | Size: 0.01       | Entry: 3198.01   
2025-12-17 13:42:22,584 -       - LINKUSDT     | Size: 2          | Entry: 13.732    
2025-12-17 13:42:22,584 -    ➡️  revers_long_1H: 1 positions | Candles: 24
2025-12-17 13:42:22,584 -       - XRPUSDT      | Size: 20         | Entry: 1.922     
2025-12-17 13:42:22,584 -    ➡️  revers_short_6Hutc: 10 positions | Candles: 7
2025-12-17 13:42:22,584 -       - ADAUSDT      | Size: 105        | Entry: 0.3804    
2025-12-17 13:42:22,584 -       - BNBUSDT      | Size: 0.04       | Entry: 843.99    
2025-12-17 13:42:22,584 -       - BTCUSDT      | Size: 0.0004     | Entry: 85702     
2025-12-17 13:42:22,584 -       - DOGEUSDT     | Size: 312        | Entry: 0.12786   
2025-12-17 13:42:22,584 -       - ETHUSDT      | Size: 0.01       | Entry: 2936.6    
2025-12-17 13:42:22,584 -       - HBARUSDT     | Size: 356        | Entry: 0.11234   
2025-12-17 13:42:22,584 -       - LINKUSDT     | Size: 3          | Entry: 12.585    
2025-12-17 13:42:22,584 -       - SOLUSDT      | Size: 0.3        | Entry: 124.987   
2025-12-17 13:42:22,584 -       - WLDUSDT      | Size: 75         | Entry: 0.5286    
2025-12-17 13:42:22,584 -       - XRPUSDT      | Size: 21         | Entry: 1.8909    
2025-12-17 13:42:22,584 -    ➡️  revers_long_6Hutc: 2 positions | Candles: 21
2025-12-17 13:42:22,584 -       - BNBUSDT      | Size: 0.03       | Entry: 891.18    
2025-12-17 13:42:22,584 -       - BTCUSDT      | Size: 0.0003     | Entry: 92367.4   
2025-12-17 13:42:22,584 -    ➡️  parity_short_1H: 6 positions | Candles: 26
2025-12-17 13:42:22,584 -       - BNBUSDT      | Size: 0.04       | Entry: 859.08    
2025-12-17 13:42:22,584 -       - BTCUSDT      | Size: 0.0004     | Entry: 86297.7   
2025-12-17 13:42:22,584 -       - DOGEUSDT     | Size: 310        | Entry: 0.12882   
2025-12-17 13:42:22,584 -       - ETHUSDT      | Size: 0.01       | Entry: 2924.4    
2025-12-17 13:42:22,584 -       - SOLUSDT      | Size: 0.3        | Entry: 126.22    
2025-12-17 13:42:22,584 -       - XRPUSDT      | Size: 21         | Entry: 1.879     
2025-12-17 13:42:22,584 -    ➡️  parity_long_1H: 3 positions | Candles: 25
2025-12-17 13:42:22,584 -       - BTCUSDT      | Size: 0.0004     | Entry: 86933.2   
2025-12-17 13:42:22,584 -       - DOGEUSDT     | Size: 305        | Entry: 0.13073   
2025-12-17 13:42:22,584 -       - SOLUSDT      | Size: 0.3        | Entry: 128.357   
2025-12-17 13:42:22,931 - 🔹 Strategy double_top_long_4H (4H): 32 symbols
2025-12-17 13:42:22,934 - 🔹 Strategy revers_long_4H (4H): 32 symbols
2025-12-17 13:42:22,936 - 🔹 Strategy parity_long_4H (4H): 32 symbols
2025-12-17 13:42:22,939 - 🔹 Strategy revers_short_4H (4H): 32 symbols
2025-12-17 13:42:22,942 - 🔹 Strategy parity_short_4H (4H): 32 symbols
2025-12-17 13:42:22,944 - 🔹 Strategy revers_long_1H (1H): 6 symbols
2025-12-17 13:42:22,946 - 🔹 Strategy revers_short_1H (1H): 6 symbols
2025-12-17 13:42:22,949 - 🔹 Strategy revers_long_6Hutc (6Hutc): 15 symbols
2025-12-17 13:42:22,951 - 🔹 Strategy revers_short_6Hutc (6Hutc): 15 symbols
2025-12-17 13:42:22,953 - 🔹 Strategy parity_long_1H (1H): 6 symbols
2025-12-17 13:42:22,956 - 🔹 Strategy parity_short_1H (1H): 6 symbols
2025-12-17 13:42:22,956 - 
➡️ Detected timeframes: 4H, 6Hutc, 1H
2025-12-17 13:42:22,956 -    🔹 4H: double_top_long_4H, revers_long_4H, parity_long_4H, revers_short_4H, parity_short_4H
2025-12-17 13:42:22,956 -    🔹 6Hutc: revers_long_6Hutc, revers_short_6Hutc
2025-12-17 13:42:22,956 -    🔹 1H: revers_long_1H, revers_short_1H, parity_long_1H, parity_short_1H
2025-12-17 13:42:22,956 - 
✅ BOT Initialization completed

2025-12-17 13:42:22,968 - 
2025-12-17 13:42:22,968 - [1;94m========================================================================================================================[0m
2025-12-17 13:42:22,968 - [1;94m📈 STRATEGY ANALYSIS[0m
2025-12-17 13:42:22,968 - [1;94m========================================================================================================================[0m
2025-12-17 13:42:22,975 - [1;85mStrategy          [0m  [1;85mdate_fo   [0m  [1;85m Trades_num[0m  [1;85m Trades_pct[0m  [1;85mTotal_profit[0m  [1;85m Profit_pct[0m  [1;85mTP_pct[0m  [1;85mSL_pct[0m  [1;85mOOM_pct[0m  [1;85mAvg_days[0m
2025-12-17 13:42:22,976 - [0;94mdouble_top_long_4H[0m  2025-12-11            1        100.0  [1;92m         1.9[0m         0.41   100.0     0.0      0.0      0.22
2025-12-17 13:42:22,976 - [0;94mrevers_short_4H   [0m  2025-12-11           30        96.67  [1;92m       52.09[0m        11.35   96.67    3.33      0.0      2.81
2025-12-17 13:42:22,976 - [0;94mparity_short_4H   [0m  2025-12-11           27        92.59  [1;92m       40.06[0m         8.73   92.59    7.41      0.0      3.15
2025-12-17 13:42:22,976 - [0;94mrevers_short_1H   [0m  2025-12-11           19        78.95  [1;92m        7.58[0m         1.65   78.95    5.26      0.0      0.91
2025-12-17 13:42:22,976 - [0;94mrevers_long_1H    [0m  2025-12-11            5         20.0  [1;91m        -7.2[0m        -1.57    20.0     0.0      0.0      1.79
2025-12-17 13:42:22,976 - [0;94mrevers_short_6Hutc[0m  2025-12-12            7        71.43  [1;92m        2.13[0m         0.46   85.71   14.29      0.0      1.63
2025-12-17 13:42:22,976 - [0;94mparity_long_4H    [0m  2025-12-11            1          0.0  [1;91m       -4.05[0m        -0.88     0.0   100.0      0.0      3.25
2025-12-17 13:42:22,976 - [0;94mrevers_long_6Hutc [0m  2025-12-12            4          0.0  [1;91m      -10.62[0m        -2.31     0.0   100.0      0.0      3.47
2025-12-17 13:42:22,976 - 
2025-12-17 13:42:22,976 - [1;94m========================================================================================================================[0m
2025-12-17 13:42:22,976 - [1;94m📊 TOTAL SUMMARY[0m
2025-12-17 13:42:22,976 - [1;94m========================================================================================================================[0m
2025-12-17 13:42:22,976 - [1;94m🧮 Trades_num   :[0m 94
2025-12-17 13:42:22,976 - [1;94m🕜 Avg_duration :[0m 2.4 days
2025-12-17 13:42:22,976 - [1;94m🎯 Trades_pct   :[0m 80.85 %
2025-12-17 13:42:22,976 - [1;94m💱 Profit_pct   :[0m 2.23 %
2025-12-17 13:42:22,976 - 💵 [1;94mTOTAL_profit :[0m [1;92m81.89 $[0m
2025-12-17 13:42:22,976 - [1;94m========================================================================================================================[0m
2025-12-17 13:42:22,976 - 
2025-12-17 13:42:22,976 - 
[1;94mInitializing WebSocket connections...[0m
2025-12-17 13:42:23,773 - 🔌 PUBLIC  WebSocket connected
2025-12-17 13:42:23,913 - 🔌 PRIVATE WebSocket connected (first time)
2025-12-17 13:42:23,977 - 📱 WebSocket status:
2025-12-17 13:42:23,977 -    - Public WS    : ✅ Connected
2025-12-17 13:42:23,977 -    - Private WS   : ✅ Connected
2025-12-17 13:42:23,977 -    - Authenticated: ⚠️  No
2025-12-17 13:42:24,413 - 🛜 Subscribing to 5 private channels...
2025-12-17 13:42:24,413 - 🆗 orders
2025-12-17 13:42:24,423 - 🆗 fill
2025-12-17 13:42:24,424 - 🆗 positions
2025-12-17 13:42:24,424 - 🆗 account
2025-12-17 13:42:24,424 - 🆗 equity
2025-12-17 13:42:24,424 - ✅ WebSocket authentication successful
2025-12-17 13:42:24,477 - 📦 Pre-loading contract info for 33 symbols via API...
2025-12-17 13:42:37,209 - [0;36m✅ Pre-loaded 33/33 contracts[0m
2025-12-17 13:42:37,210 - 
2025-12-17 13:42:37,210 - ⏰ Next candle for 4H    : 2025-12-17 16:00:45 UTC
2025-12-17 13:42:37,210 - ⏰ Next candle for 6Hutc : 2025-12-17 18:00:45 UTC
2025-12-17 13:42:37,210 - ⏰ Next candle for 1H    : 2025-12-17 13:00:45 UTC
2025-12-17 13:44:00,664 - 
🔚 Interrupted by user.
2025-12-17 13:44:00,669 - ⛔ BOT Stopped
2025-12-17 13:44:04,858 - [1;94m========================================================================================================================[0m
2025-12-17 13:44:04,858 - [1;94m🤖 === STARTING MULTI-STRATEGY BOT OPERATING IN ACCOUNT: 01 🤖 ===[0m
2025-12-17 13:44:04,858 - [1;94m========================================================================================================================[0m
2025-12-17 13:44:04,860 - ✅  State loaded: 52 positions recovered
2025-12-17 13:44:04,861 -    ➡️  revers_short_1H: 2 positions | Candles: 44
2025-12-17 13:44:04,861 -       - BNBUSDT      | Size: 0.04       | Entry: 855.02    
2025-12-17 13:44:04,861 -       - BTCUSDT      | Size: 0.0004     | Entry: 86796.8   
2025-12-17 13:44:04,861 -    ➡️  revers_long_4H: 2 positions | Candles: 35
2025-12-17 13:44:04,861 -       - BGBUSDT      | Size: 11         | Entry: 3.6       
2025-12-17 13:44:04,861 -       - ETHUSDT      | Size: 0.01       | Entry: 3177.11   
2025-12-17 13:44:04,861 -    ➡️  parity_long_4H: 2 positions | Candles: 35
2025-12-17 13:44:04,861 -       - BGBUSDT      | Size: 11         | Entry: 3.6       
2025-12-17 13:44:04,861 -       - ETHUSDT      | Size: 0.01       | Entry: 3177.73   
2025-12-17 13:44:04,861 -    ➡️  revers_short_4H: 19 positions | Candles: 6
2025-12-17 13:44:04,861 -       - AAVEUSDT     | Size: 0.2        | Entry: 188.07    
2025-12-17 13:44:04,861 -       - ADAUSDT      | Size: 103        | Entry: 0.3883    
2025-12-17 13:44:04,861 -       - APTUSDT      | Size: 25.078     | Entry: 1.595     
2025-12-17 13:44:04,861 -       - ARBUSDT      | Size: 200.6      | Entry: 0.1994    
2025-12-17 13:44:04,861 -       - AVAXUSDT     | Size: 3.2        | Entry: 12.353    
2025-12-17 13:44:04,861 -       - DOGEUSDT     | Size: 303        | Entry: 0.13171   
2025-12-17 13:44:04,861 -       - DOTUSDT      | Size: 20         | Entry: 1.924     
2025-12-17 13:44:04,861 -       - ETHUSDT      | Size: 0.01       | Entry: 2958.82   
2025-12-17 13:44:04,861 -       - HBARUSDT     | Size: 344        | Entry: 0.11601   
2025-12-17 13:44:04,861 -       - HYPEUSDT     | Size: 1.45       | Entry: 27.434    
2025-12-17 13:44:04,861 -       - LINKUSDT     | Size: 3          | Entry: 12.963    
2025-12-17 13:44:04,861 -       - LTCUSDT      | Size: 0.5        | Entry: 78.96     
2025-12-17 13:44:04,861 -       - NEARUSDT     | Size: 25         | Entry: 1.5431    
2025-12-17 13:44:04,861 -       - ONDOUSDT     | Size: 96.6       | Entry: 0.4136    
2025-12-17 13:44:04,861 -       - SEIUSDT      | Size: 334        | Entry: 0.11949   
2025-12-17 13:44:04,861 -       - SOLUSDT      | Size: 0.3        | Entry: 128.59    
2025-12-17 13:44:04,861 -       - SUIUSDT      | Size: 26.4       | Entry: 1.5112    
2025-12-17 13:44:04,861 -       - WIFUSDT      | Size: 106.2      | Entry: 0.3763    
2025-12-17 13:44:04,861 -       - XRPUSDT      | Size: 20         | Entry: 1.9235    
2025-12-17 13:44:04,861 -    ➡️  parity_short_4H: 2 positions | Candles: 35
2025-12-17 13:44:04,861 -       - BNBUSDT      | Size: 0.04       | Entry: 863.8     
2025-12-17 13:44:04,861 -       - BTCUSDT      | Size: 0.0004     | Entry: 89709     
2025-12-17 13:44:04,861 -    ➡️  double_top_long_4H: 3 positions | Candles: 34
2025-12-17 13:44:04,861 -       - BNBUSDT      | Size: 0.04       | Entry: 876.15    
2025-12-17 13:44:04,861 -       - ETHUSDT      | Size: 0.01       | Entry: 3198.01   
2025-12-17 13:44:04,861 -       - LINKUSDT     | Size: 2          | Entry: 13.732    
2025-12-17 13:44:04,861 -    ➡️  revers_long_1H: 1 positions | Candles: 24
2025-12-17 13:44:04,861 -       - XRPUSDT      | Size: 20         | Entry: 1.922     
2025-12-17 13:44:04,861 -    ➡️  revers_short_6Hutc: 10 positions | Candles: 7
2025-12-17 13:44:04,861 -       - ADAUSDT      | Size: 105        | Entry: 0.3804    
2025-12-17 13:44:04,861 -       - BNBUSDT      | Size: 0.04       | Entry: 843.99    
2025-12-17 13:44:04,861 -       - BTCUSDT      | Size: 0.0004     | Entry: 85702     
2025-12-17 13:44:04,861 -       - DOGEUSDT     | Size: 312        | Entry: 0.12786   
2025-12-17 13:44:04,861 -       - ETHUSDT      | Size: 0.01       | Entry: 2936.6    
2025-12-17 13:44:04,861 -       - HBARUSDT     | Size: 356        | Entry: 0.11234   
2025-12-17 13:44:04,861 -       - LINKUSDT     | Size: 3          | Entry: 12.585    
2025-12-17 13:44:04,861 -       - SOLUSDT      | Size: 0.3        | Entry: 124.987   
2025-12-17 13:44:04,861 -       - WLDUSDT      | Size: 75         | Entry: 0.5286    
2025-12-17 13:44:04,861 -       - XRPUSDT      | Size: 21         | Entry: 1.8909    
2025-12-17 13:44:04,861 -    ➡️  revers_long_6Hutc: 2 positions | Candles: 21
2025-12-17 13:44:04,861 -       - BNBUSDT      | Size: 0.03       | Entry: 891.18    
2025-12-17 13:44:04,861 -       - BTCUSDT      | Size: 0.0003     | Entry: 92367.4   
2025-12-17 13:44:04,861 -    ➡️  parity_short_1H: 6 positions | Candles: 26
2025-12-17 13:44:04,861 -       - BNBUSDT      | Size: 0.04       | Entry: 859.08    
2025-12-17 13:44:04,861 -       - BTCUSDT      | Size: 0.0004     | Entry: 86297.7   
2025-12-17 13:44:04,861 -       - DOGEUSDT     | Size: 310        | Entry: 0.12882   
2025-12-17 13:44:04,861 -       - ETHUSDT      | Size: 0.01       | Entry: 2924.4    
2025-12-17 13:44:04,861 -       - SOLUSDT      | Size: 0.3        | Entry: 126.22    
2025-12-17 13:44:04,861 -       - XRPUSDT      | Size: 21         | Entry: 1.879     
2025-12-17 13:44:04,861 -    ➡️  parity_long_1H: 3 positions | Candles: 25
2025-12-17 13:44:04,861 -       - BTCUSDT      | Size: 0.0004     | Entry: 86933.2   
2025-12-17 13:44:04,861 -       - DOGEUSDT     | Size: 305        | Entry: 0.13073   
2025-12-17 13:44:04,861 -       - SOLUSDT      | Size: 0.3        | Entry: 128.357   
2025-12-17 13:44:05,213 - 🔹 Strategy double_top_long_4H (4H): 32 symbols
2025-12-17 13:44:05,215 - 🔹 Strategy revers_long_4H (4H): 32 symbols
2025-12-17 13:44:05,218 - 🔹 Strategy parity_long_4H (4H): 32 symbols
2025-12-17 13:44:05,221 - 🔹 Strategy revers_short_4H (4H): 32 symbols
2025-12-17 13:44:05,223 - 🔹 Strategy parity_short_4H (4H): 32 symbols
2025-12-17 13:44:05,225 - 🔹 Strategy revers_long_1H (1H): 6 symbols
2025-12-17 13:44:05,228 - 🔹 Strategy revers_short_1H (1H): 6 symbols
2025-12-17 13:44:05,230 - 🔹 Strategy revers_long_6Hutc (6Hutc): 15 symbols
2025-12-17 13:44:05,233 - 🔹 Strategy revers_short_6Hutc (6Hutc): 15 symbols
2025-12-17 13:44:05,235 - 🔹 Strategy parity_long_1H (1H): 6 symbols
2025-12-17 13:44:05,237 - 🔹 Strategy parity_short_1H (1H): 6 symbols
2025-12-17 13:44:05,237 - 
➡️ Detected timeframes: 4H, 1H, 6Hutc
2025-12-17 13:44:05,237 -    🔹 4H: double_top_long_4H, revers_long_4H, parity_long_4H, revers_short_4H, parity_short_4H
2025-12-17 13:44:05,237 -    🔹 1H: revers_long_1H, revers_short_1H, parity_long_1H, parity_short_1H
2025-12-17 13:44:05,237 -    🔹 6Hutc: revers_long_6Hutc, revers_short_6Hutc
2025-12-17 13:44:05,237 - 
✅ BOT Initialization completed

2025-12-17 13:44:05,250 - 
2025-12-17 13:44:05,250 - [1;94m========================================================================================================================[0m
2025-12-17 13:44:05,250 - [1;94m📈 STRATEGY ANALYSIS[0m
2025-12-17 13:44:05,250 - [1;94m========================================================================================================================[0m
2025-12-17 13:44:05,257 - [1;85mStrategy          [0m  [1;85mdate_fo   [0m  [1;85m Trades_num[0m  [1;85m Trades_pct[0m  [1;85mTotal_profit[0m  [1;85m Profit_pct[0m  [1;85mTP_pct[0m  [1;85mSL_pct[0m  [1;85mOOM_pct[0m  [1;85mAvg_days[0m
2025-12-17 13:44:05,257 - [0;94mdouble_top_long_4H[0m  2025-12-11            1        100.0  [1;92m         1.9[0m         0.41   100.0     0.0      0.0      0.22
2025-12-17 13:44:05,257 - [0;94mrevers_short_4H   [0m  2025-12-11           30        96.67  [1;92m       52.09[0m        11.35   96.67    3.33      0.0      2.81
2025-12-17 13:44:05,257 - [0;94mparity_short_4H   [0m  2025-12-11           27        92.59  [1;92m       40.06[0m         8.73   92.59    7.41      0.0      3.15
2025-12-17 13:44:05,257 - [0;94mrevers_short_1H   [0m  2025-12-11           19        78.95  [1;92m        7.58[0m         1.65   78.95    5.26      0.0      0.91
2025-12-17 13:44:05,257 - [0;94mrevers_long_1H    [0m  2025-12-11            5         20.0  [1;91m        -7.2[0m        -1.57    20.0     0.0      0.0      1.79
2025-12-17 13:44:05,257 - [0;94mrevers_short_6Hutc[0m  2025-12-12            7        71.43  [1;92m        2.13[0m         0.46   85.71   14.29      0.0      1.63
2025-12-17 13:44:05,257 - [0;94mparity_long_4H    [0m  2025-12-11            1          0.0  [1;91m       -4.05[0m        -0.88     0.0   100.0      0.0      3.25
2025-12-17 13:44:05,257 - [0;94mrevers_long_6Hutc [0m  2025-12-12            4          0.0  [1;91m      -10.62[0m        -2.31     0.0   100.0      0.0      3.47
2025-12-17 13:44:05,257 - 
2025-12-17 13:44:05,257 - [1;94m========================================================================================================================[0m
2025-12-17 13:44:05,257 - [1;94m📊 TOTAL SUMMARY[0m
2025-12-17 13:44:05,257 - [1;94m========================================================================================================================[0m
2025-12-17 13:44:05,258 - [1;94m🧮 Trades_num   :[0m 94
2025-12-17 13:44:05,258 - [1;94m🕜 Avg_duration :[0m 2.4 days
2025-12-17 13:44:05,258 - [1;94m🎯 Trades_pct   :[0m 80.85 %
2025-12-17 13:44:05,258 - [1;94m💱 Profit_pct   :[0m 2.23 %
2025-12-17 13:44:05,258 - 💵 [1;94mTOTAL_profit :[0m [1;92m81.89 $[0m
2025-12-17 13:44:05,258 - [1;94m========================================================================================================================[0m
2025-12-17 13:44:05,258 - 
2025-12-17 13:44:05,258 - 
[1;94mInitializing WebSocket connections...[0m
2025-12-17 13:44:06,190 - 🔌 PUBLIC  WebSocket connected
2025-12-17 13:44:06,190 - 🔌 PRIVATE WebSocket connected (first time)
2025-12-17 13:44:06,258 - 📱 WebSocket status:
2025-12-17 13:44:06,258 -    - Public WS    : ✅ Connected
2025-12-17 13:44:06,258 -    - Private WS   : ✅ Connected
2025-12-17 13:44:06,258 -    - Authenticated: ⚠️  No
2025-12-17 13:44:06,691 - 🛜 Subscribing to 5 private channels...
2025-12-17 13:44:06,691 - 🆗 orders
2025-12-17 13:44:06,691 - 🆗 fill
2025-12-17 13:44:06,691 - 🆗 positions
2025-12-17 13:44:06,691 - 🆗 account
2025-12-17 13:44:06,691 - 🆗 equity
2025-12-17 13:44:06,691 - ✅ WebSocket authentication successful
2025-12-17 13:44:06,759 - 📦 Pre-loading contract info for 33 symbols via API...
2025-12-17 13:44:18,995 - [0;36m✅ Pre-loaded 33/33 contracts[0m
2025-12-17 13:44:18,996 - 
2025-12-17 13:44:18,997 - ⏰ Next candle for 4H    : 2025-12-17 16:00:45 UTC
2025-12-17 13:44:18,997 - ⏰ Next candle for 1H    : 2025-12-17 13:00:45 UTC
2025-12-17 13:44:18,997 - ⏰ Next candle for 6Hutc : 2025-12-17 18:00:45 UTC
2025-12-17 13:58:33,703 - 
🔚 Interrupted by user.
2025-12-17 13:58:33,707 - ⛔ BOT Stopped
2025-12-17 13:58:37,455 - [1;94m========================================================================================================================[0m
2025-12-17 13:58:37,455 - [1;94m🤖 === STARTING MULTI-STRATEGY BOT OPERATING IN ACCOUNT: 01 🤖 ===[0m
2025-12-17 13:58:37,455 - [1;94m========================================================================================================================[0m
2025-12-17 13:58:37,455 - ✅  State loaded: 52 positions recovered
2025-12-17 13:58:37,455 -    ➡️  revers_short_1H: 2 positions | Candles: 44
2025-12-17 13:58:37,455 -       - BNBUSDT      | Size: 0.04       | Entry: 855.02    
2025-12-17 13:58:37,455 -       - BTCUSDT      | Size: 0.0004     | Entry: 86796.8   
2025-12-17 13:58:37,455 -    ➡️  revers_long_4H: 2 positions | Candles: 35
2025-12-17 13:58:37,455 -       - BGBUSDT      | Size: 11         | Entry: 3.6       
2025-12-17 13:58:37,456 -       - ETHUSDT      | Size: 0.01       | Entry: 3177.11   
2025-12-17 13:58:37,456 -    ➡️  parity_long_4H: 2 positions | Candles: 35
2025-12-17 13:58:37,456 -       - BGBUSDT      | Size: 11         | Entry: 3.6       
2025-12-17 13:58:37,456 -       - ETHUSDT      | Size: 0.01       | Entry: 3177.73   
2025-12-17 13:58:37,456 -    ➡️  revers_short_4H: 19 positions | Candles: 6
2025-12-17 13:58:37,456 -       - AAVEUSDT     | Size: 0.2        | Entry: 188.07    
2025-12-17 13:58:37,456 -       - ADAUSDT      | Size: 103        | Entry: 0.3883    
2025-12-17 13:58:37,456 -       - APTUSDT      | Size: 25.078     | Entry: 1.595     
2025-12-17 13:58:37,456 -       - ARBUSDT      | Size: 200.6      | Entry: 0.1994    
2025-12-17 13:58:37,456 -       - AVAXUSDT     | Size: 3.2        | Entry: 12.353    
2025-12-17 13:58:37,456 -       - DOGEUSDT     | Size: 303        | Entry: 0.13171   
2025-12-17 13:58:37,456 -       - DOTUSDT      | Size: 20         | Entry: 1.924     
2025-12-17 13:58:37,456 -       - ETHUSDT      | Size: 0.01       | Entry: 2958.82   
2025-12-17 13:58:37,456 -       - HBARUSDT     | Size: 344        | Entry: 0.11601   
2025-12-17 13:58:37,456 -       - HYPEUSDT     | Size: 1.45       | Entry: 27.434    
2025-12-17 13:58:37,456 -       - LINKUSDT     | Size: 3          | Entry: 12.963    
2025-12-17 13:58:37,456 -       - LTCUSDT      | Size: 0.5        | Entry: 78.96     
2025-12-17 13:58:37,456 -       - NEARUSDT     | Size: 25         | Entry: 1.5431    
2025-12-17 13:58:37,456 -       - ONDOUSDT     | Size: 96.6       | Entry: 0.4136    
2025-12-17 13:58:37,456 -       - SEIUSDT      | Size: 334        | Entry: 0.11949   
2025-12-17 13:58:37,456 -       - SOLUSDT      | Size: 0.3        | Entry: 128.59    
2025-12-17 13:58:37,456 -       - SUIUSDT      | Size: 26.4       | Entry: 1.5112    
2025-12-17 13:58:37,456 -       - WIFUSDT      | Size: 106.2      | Entry: 0.3763    
2025-12-17 13:58:37,456 -       - XRPUSDT      | Size: 20         | Entry: 1.9235    
2025-12-17 13:58:37,456 -    ➡️  parity_short_4H: 2 positions | Candles: 35
2025-12-17 13:58:37,456 -       - BNBUSDT      | Size: 0.04       | Entry: 863.8     
2025-12-17 13:58:37,456 -       - BTCUSDT      | Size: 0.0004     | Entry: 89709     
2025-12-17 13:58:37,456 -    ➡️  double_top_long_4H: 3 positions | Candles: 34
2025-12-17 13:58:37,456 -       - BNBUSDT      | Size: 0.04       | Entry: 876.15    
2025-12-17 13:58:37,456 -       - ETHUSDT      | Size: 0.01       | Entry: 3198.01   
2025-12-17 13:58:37,456 -       - LINKUSDT     | Size: 2          | Entry: 13.732    
2025-12-17 13:58:37,456 -    ➡️  revers_long_1H: 1 positions | Candles: 24
2025-12-17 13:58:37,456 -       - XRPUSDT      | Size: 20         | Entry: 1.922     
2025-12-17 13:58:37,456 -    ➡️  revers_short_6Hutc: 10 positions | Candles: 7
2025-12-17 13:58:37,456 -       - ADAUSDT      | Size: 105        | Entry: 0.3804    
2025-12-17 13:58:37,456 -       - BNBUSDT      | Size: 0.04       | Entry: 843.99    
2025-12-17 13:58:37,456 -       - BTCUSDT      | Size: 0.0004     | Entry: 85702     
2025-12-17 13:58:37,456 -       - DOGEUSDT     | Size: 312        | Entry: 0.12786   
2025-12-17 13:58:37,456 -       - ETHUSDT      | Size: 0.01       | Entry: 2936.6    
2025-12-17 13:58:37,456 -       - HBARUSDT     | Size: 356        | Entry: 0.11234   
2025-12-17 13:58:37,456 -       - LINKUSDT     | Size: 3          | Entry: 12.585    
2025-12-17 13:58:37,456 -       - SOLUSDT      | Size: 0.3        | Entry: 124.987   
2025-12-17 13:58:37,456 -       - WLDUSDT      | Size: 75         | Entry: 0.5286    
2025-12-17 13:58:37,456 -       - XRPUSDT      | Size: 21         | Entry: 1.8909    
2025-12-17 13:58:37,456 -    ➡️  revers_long_6Hutc: 2 positions | Candles: 21
2025-12-17 13:58:37,456 -       - BNBUSDT      | Size: 0.03       | Entry: 891.18    
2025-12-17 13:58:37,456 -       - BTCUSDT      | Size: 0.0003     | Entry: 92367.4   
2025-12-17 13:58:37,456 -    ➡️  parity_short_1H: 6 positions | Candles: 26
2025-12-17 13:58:37,456 -       - BNBUSDT      | Size: 0.04       | Entry: 859.08    
2025-12-17 13:58:37,456 -       - BTCUSDT      | Size: 0.0004     | Entry: 86297.7   
2025-12-17 13:58:37,456 -       - DOGEUSDT     | Size: 310        | Entry: 0.12882   
2025-12-17 13:58:37,456 -       - ETHUSDT      | Size: 0.01       | Entry: 2924.4    
2025-12-17 13:58:37,456 -       - SOLUSDT      | Size: 0.3        | Entry: 126.22    
2025-12-17 13:58:37,456 -       - XRPUSDT      | Size: 21         | Entry: 1.879     
2025-12-17 13:58:37,456 -    ➡️  parity_long_1H: 3 positions | Candles: 25
2025-12-17 13:58:37,456 -       - BTCUSDT      | Size: 0.0004     | Entry: 86933.2   
2025-12-17 13:58:37,456 -       - DOGEUSDT     | Size: 305        | Entry: 0.13073   
2025-12-17 13:58:37,456 -       - SOLUSDT      | Size: 0.3        | Entry: 128.357   
2025-12-17 13:58:37,798 - 🔹 Strategy double_top_long_4H (4H): 32 symbols
2025-12-17 13:58:37,801 - 🔹 Strategy revers_long_4H (4H): 32 symbols
2025-12-17 13:58:37,803 - 🔹 Strategy parity_long_4H (4H): 32 symbols
2025-12-17 13:58:37,806 - 🔹 Strategy revers_short_4H (4H): 32 symbols
2025-12-17 13:58:37,809 - 🔹 Strategy parity_short_4H (4H): 32 symbols
2025-12-17 13:58:37,811 - 🔹 Strategy revers_long_1H (1H): 6 symbols
2025-12-17 13:58:37,813 - 🔹 Strategy revers_short_1H (1H): 6 symbols
2025-12-17 13:58:37,816 - 🔹 Strategy revers_long_6Hutc (6Hutc): 15 symbols
2025-12-17 13:58:37,818 - 🔹 Strategy revers_short_6Hutc (6Hutc): 15 symbols
2025-12-17 13:58:37,820 - 🔹 Strategy parity_long_1H (1H): 6 symbols
2025-12-17 13:58:37,823 - 🔹 Strategy parity_short_1H (1H): 6 symbols
2025-12-17 13:58:37,823 - 
➡️ Detected timeframes: 1H, 6Hutc, 4H
2025-12-17 13:58:37,823 -    🔹 1H: revers_long_1H, revers_short_1H, parity_long_1H, parity_short_1H
2025-12-17 13:58:37,823 -    🔹 6Hutc: revers_long_6Hutc, revers_short_6Hutc
2025-12-17 13:58:37,823 -    🔹 4H: double_top_long_4H, revers_long_4H, parity_long_4H, revers_short_4H, parity_short_4H
2025-12-17 13:58:37,823 - 
✅ BOT Initialization completed

2025-12-17 13:58:37,835 - 
2025-12-17 13:58:37,835 - [1;94m========================================================================================================================[0m
2025-12-17 13:58:37,835 - [1;94m📈 STRATEGY ANALYSIS[0m
2025-12-17 13:58:37,835 - [1;94m========================================================================================================================[0m
2025-12-17 13:58:37,842 - [1;85mStrategy          [0m  [1;85mdate_fo   [0m  [1;85m Trades_num[0m  [1;85m Trades_pct[0m  [1;85mTotal_profit[0m  [1;85m Profit_pct[0m  [1;85mTP_pct[0m  [1;85mSL_pct[0m  [1;85mOOM_pct[0m  [1;85mAvg_days[0m
2025-12-17 13:58:37,843 - [0;94mdouble_top_long_4H[0m  2025-12-11            1        100.0  [1;92m         1.9[0m         0.41   100.0     0.0      0.0      0.22
2025-12-17 13:58:37,843 - [0;94mrevers_short_4H   [0m  2025-12-11           30        96.67  [1;92m       52.09[0m        11.35   96.67    3.33      0.0      2.81
2025-12-17 13:58:37,843 - [0;94mparity_short_4H   [0m  2025-12-11           27        92.59  [1;92m       40.06[0m         8.73   92.59    7.41      0.0      3.15
2025-12-17 13:58:37,843 - [0;94mrevers_short_1H   [0m  2025-12-11           19        78.95  [1;92m        7.58[0m         1.65   78.95    5.26      0.0      0.91
2025-12-17 13:58:37,843 - [0;94mrevers_long_1H    [0m  2025-12-11            5         20.0  [1;91m        -7.2[0m        -1.57    20.0     0.0      0.0      1.79
2025-12-17 13:58:37,843 - [0;94mrevers_short_6Hutc[0m  2025-12-12            7        71.43  [1;92m        2.13[0m         0.46   85.71   14.29      0.0      1.63
2025-12-17 13:58:37,843 - [0;94mparity_long_4H    [0m  2025-12-11            1          0.0  [1;91m       -4.05[0m        -0.88     0.0   100.0      0.0      3.25
2025-12-17 13:58:37,843 - [0;94mrevers_long_6Hutc [0m  2025-12-12            4          0.0  [1;91m      -10.62[0m        -2.31     0.0   100.0      0.0      3.47
2025-12-17 13:58:37,843 - 
2025-12-17 13:58:37,843 - [1;94m========================================================================================================================[0m
2025-12-17 13:58:37,843 - [1;94m📊 TOTAL SUMMARY[0m
2025-12-17 13:58:37,843 - [1;94m========================================================================================================================[0m
2025-12-17 13:58:37,843 - [0;94m🧮 Trades_num   :[0m 94
2025-12-17 13:58:37,843 - [0;94m🕜 Avg_duration :[0m 2.4 days
2025-12-17 13:58:37,843 - [0;94m🎯 Trades_pct   :[0m 80.85 %
2025-12-17 13:58:37,843 - [0;94m💱 Profit_pct   :[0m 2.23 %
2025-12-17 13:58:37,843 - 💵 [1;94mTOTAL_profit :[0m [1;92m81.89 $[0m
2025-12-17 13:58:37,843 - [1;94m========================================================================================================================[0m
2025-12-17 13:58:37,843 - 
2025-12-17 13:58:37,843 - 
[1;94mInitializing WebSocket connections...[0m
2025-12-17 13:58:38,580 - 🔌 PUBLIC  WebSocket connected
2025-12-17 13:58:38,808 - 🔌 PRIVATE WebSocket connected (first time)
2025-12-17 13:58:38,844 - 📱 WebSocket status:
2025-12-17 13:58:38,844 -    - Public WS    : ✅ Connected
2025-12-17 13:58:38,844 -    - Private WS   : ✅ Connected
2025-12-17 13:58:38,844 -    - Authenticated: ⚠️  No
2025-12-17 13:58:39,308 - 🛜 Subscribing to 5 private channels...
2025-12-17 13:58:39,308 - 🆗 orders
2025-12-17 13:58:39,308 - 🆗 fill
2025-12-17 13:58:39,308 - 🆗 positions
2025-12-17 13:58:39,308 - 🆗 account
2025-12-17 13:58:39,318 - 🆗 equity
2025-12-17 13:58:39,318 - ✅ WebSocket authentication successful
2025-12-17 13:58:39,344 - 📦 Pre-loading contract info for 33 symbols via API...
2025-12-17 13:58:52,481 - [0;36m✅ Pre-loaded 33/33 contracts[0m
2025-12-17 13:58:52,482 - 
2025-12-17 13:58:52,483 - ⏰ Next candle for 1H    : 2025-12-17 13:00:45 UTC
2025-12-17 13:58:52,483 - ⏰ Next candle for 6Hutc : 2025-12-17 18:00:45 UTC
2025-12-17 13:58:52,483 - ⏰ Next candle for 4H    : 2025-12-17 16:00:45 UTC
2025-12-17 14:00:45,033 - 
========================================================================================================================
2025-12-17 14:00:45,036 - 🔀 New candle(s) detected 2025-12-17 13:00:45 UTC
2025-12-17 14:00:45,040 - 🔹 Timeframes: 1H
2025-12-17 14:00:45,043 - 🌐 Syncronizing positions in broker...
2025-12-17 14:00:45,249 - ✅ Sync completed: All positions exist in broker
2025-12-17 14:00:45,253 - 📡 Signal search - 2025-12-17 13:00:45
2025-12-17 14:00:45,257 - ------------------------------------------------------------------------------------------------------------------------
2025-12-17 14:00:45,262 - ➡️  revers_long_1H     (1H): 25/50 candles
2025-12-17 14:00:45,266 - ➡️  revers_short_1H    (1H): 45/50 candles
2025-12-17 14:00:45,270 - ➡️  parity_long_1H     (1H): 26/50 candles
2025-12-17 14:00:45,275 - ➡️  parity_short_1H    (1H): 27/50 candles
2025-12-17 14:00:45,278 - 🚫 revers_long_1H     (1H): 1 open positions
2025-12-17 14:00:45,282 - 🚫 revers_short_1H    (1H): 2 open positions
2025-12-17 14:00:45,285 - 🚫 parity_long_1H     (1H): 3 open positions
2025-12-17 14:00:45,289 - 🚫 parity_short_1H    (1H): 6 open positions
2025-12-17 14:00:45,292 - 🔂 Signal cycle completed
2025-12-17 14:00:45,299 - ========================================================================================================================

2025-12-17 14:00:45,302 - ⏰ Next candle for 1H: 2025-12-17 14:00:45 UTC
2025-12-17 14:00:52,705 - 
🔚 Interrupted by user.
2025-12-17 14:00:52,710 - ⛔ BOT Stopped
2025-12-17 14:00:57,370 - [1;94m========================================================================================================================[0m
2025-12-17 14:00:57,370 - [1;94m🤖 === STARTING MULTI-STRATEGY BOT OPERATING IN ACCOUNT: 01 🤖 ===[0m
2025-12-17 14:00:57,370 - [1;94m========================================================================================================================[0m
2025-12-17 14:00:57,370 - ✅  State loaded: 52 positions recovered
2025-12-17 14:00:57,370 -    ➡️  revers_short_1H: 2 positions | Candles: 45
2025-12-17 14:00:57,371 -       - BNBUSDT      | Size: 0.04       | Entry: 855.02    
2025-12-17 14:00:57,371 -       - BTCUSDT      | Size: 0.0004     | Entry: 86796.8   
2025-12-17 14:00:57,371 -    ➡️  revers_long_4H: 2 positions | Candles: 35
2025-12-17 14:00:57,371 -       - BGBUSDT      | Size: 11         | Entry: 3.6       
2025-12-17 14:00:57,371 -       - ETHUSDT      | Size: 0.01       | Entry: 3177.11   
2025-12-17 14:00:57,371 -    ➡️  parity_long_4H: 2 positions | Candles: 35
2025-12-17 14:00:57,371 -       - BGBUSDT      | Size: 11         | Entry: 3.6       
2025-12-17 14:00:57,371 -       - ETHUSDT      | Size: 0.01       | Entry: 3177.73   
2025-12-17 14:00:57,371 -    ➡️  revers_short_4H: 19 positions | Candles: 6
2025-12-17 14:00:57,371 -       - AAVEUSDT     | Size: 0.2        | Entry: 188.07    
2025-12-17 14:00:57,371 -       - ADAUSDT      | Size: 103        | Entry: 0.3883    
2025-12-17 14:00:57,371 -       - APTUSDT      | Size: 25.078     | Entry: 1.595     
2025-12-17 14:00:57,371 -       - ARBUSDT      | Size: 200.6      | Entry: 0.1994    
2025-12-17 14:00:57,371 -       - AVAXUSDT     | Size: 3.2        | Entry: 12.353    
2025-12-17 14:00:57,371 -       - DOGEUSDT     | Size: 303        | Entry: 0.13171   
2025-12-17 14:00:57,371 -       - DOTUSDT      | Size: 20         | Entry: 1.924     
2025-12-17 14:00:57,371 -       - ETHUSDT      | Size: 0.01       | Entry: 2958.82   
2025-12-17 14:00:57,371 -       - HBARUSDT     | Size: 344        | Entry: 0.11601   
2025-12-17 14:00:57,371 -       - HYPEUSDT     | Size: 1.45       | Entry: 27.434    
2025-12-17 14:00:57,371 -       - LINKUSDT     | Size: 3          | Entry: 12.963    
2025-12-17 14:00:57,371 -       - LTCUSDT      | Size: 0.5        | Entry: 78.96     
2025-12-17 14:00:57,371 -       - NEARUSDT     | Size: 25         | Entry: 1.5431    
2025-12-17 14:00:57,371 -       - ONDOUSDT     | Size: 96.6       | Entry: 0.4136    
2025-12-17 14:00:57,371 -       - SEIUSDT      | Size: 334        | Entry: 0.11949   
2025-12-17 14:00:57,371 -       - SOLUSDT      | Size: 0.3        | Entry: 128.59    
2025-12-17 14:00:57,371 -       - SUIUSDT      | Size: 26.4       | Entry: 1.5112    
2025-12-17 14:00:57,371 -       - WIFUSDT      | Size: 106.2      | Entry: 0.3763    
2025-12-17 14:00:57,371 -       - XRPUSDT      | Size: 20         | Entry: 1.9235    
2025-12-17 14:00:57,371 -    ➡️  parity_short_4H: 2 positions | Candles: 35
2025-12-17 14:00:57,371 -       - BNBUSDT      | Size: 0.04       | Entry: 863.8     
2025-12-17 14:00:57,371 -       - BTCUSDT      | Size: 0.0004     | Entry: 89709     
2025-12-17 14:00:57,371 -    ➡️  double_top_long_4H: 3 positions | Candles: 34
2025-12-17 14:00:57,371 -       - BNBUSDT      | Size: 0.04       | Entry: 876.15    
2025-12-17 14:00:57,371 -       - ETHUSDT      | Size: 0.01       | Entry: 3198.01   
2025-12-17 14:00:57,371 -       - LINKUSDT     | Size: 2          | Entry: 13.732    
2025-12-17 14:00:57,371 -    ➡️  revers_long_1H: 1 positions | Candles: 25
2025-12-17 14:00:57,371 -       - XRPUSDT      | Size: 20         | Entry: 1.922     
2025-12-17 14:00:57,371 -    ➡️  revers_short_6Hutc: 10 positions | Candles: 7
2025-12-17 14:00:57,371 -       - ADAUSDT      | Size: 105        | Entry: 0.3804    
2025-12-17 14:00:57,371 -       - BNBUSDT      | Size: 0.04       | Entry: 843.99    
2025-12-17 14:00:57,371 -       - BTCUSDT      | Size: 0.0004     | Entry: 85702     
2025-12-17 14:00:57,371 -       - DOGEUSDT     | Size: 312        | Entry: 0.12786   
2025-12-17 14:00:57,371 -       - ETHUSDT      | Size: 0.01       | Entry: 2936.6    
2025-12-17 14:00:57,371 -       - HBARUSDT     | Size: 356        | Entry: 0.11234   
2025-12-17 14:00:57,371 -       - LINKUSDT     | Size: 3          | Entry: 12.585    
2025-12-17 14:00:57,371 -       - SOLUSDT      | Size: 0.3        | Entry: 124.987   
2025-12-17 14:00:57,371 -       - WLDUSDT      | Size: 75         | Entry: 0.5286    
2025-12-17 14:00:57,371 -       - XRPUSDT      | Size: 21         | Entry: 1.8909    
2025-12-17 14:00:57,371 -    ➡️  revers_long_6Hutc: 2 positions | Candles: 21
2025-12-17 14:00:57,371 -       - BNBUSDT      | Size: 0.03       | Entry: 891.18    
2025-12-17 14:00:57,371 -       - BTCUSDT      | Size: 0.0003     | Entry: 92367.4   
2025-12-17 14:00:57,371 -    ➡️  parity_short_1H: 6 positions | Candles: 27
2025-12-17 14:00:57,371 -       - BNBUSDT      | Size: 0.04       | Entry: 859.08    
2025-12-17 14:00:57,371 -       - BTCUSDT      | Size: 0.0004     | Entry: 86297.7   
2025-12-17 14:00:57,371 -       - DOGEUSDT     | Size: 310        | Entry: 0.12882   
2025-12-17 14:00:57,371 -       - ETHUSDT      | Size: 0.01       | Entry: 2924.4    
2025-12-17 14:00:57,371 -       - SOLUSDT      | Size: 0.3        | Entry: 126.22    
2025-12-17 14:00:57,371 -       - XRPUSDT      | Size: 21         | Entry: 1.879     
2025-12-17 14:00:57,371 -    ➡️  parity_long_1H: 3 positions | Candles: 26
2025-12-17 14:00:57,371 -       - BTCUSDT      | Size: 0.0004     | Entry: 86933.2   
2025-12-17 14:00:57,371 -       - DOGEUSDT     | Size: 305        | Entry: 0.13073   
2025-12-17 14:00:57,371 -       - SOLUSDT      | Size: 0.3        | Entry: 128.357   
2025-12-17 14:00:57,739 - 🔹 Strategy double_top_long_4H (4H): 32 symbols
2025-12-17 14:00:57,741 - 🔹 Strategy revers_long_4H (4H): 32 symbols
2025-12-17 14:00:57,744 - 🔹 Strategy parity_long_4H (4H): 32 symbols
2025-12-17 14:00:57,747 - 🔹 Strategy revers_short_4H (4H): 32 symbols
2025-12-17 14:00:57,749 - 🔹 Strategy parity_short_4H (4H): 32 symbols
2025-12-17 14:00:57,751 - 🔹 Strategy revers_long_1H (1H): 6 symbols
2025-12-17 14:00:57,754 - 🔹 Strategy revers_short_1H (1H): 6 symbols
2025-12-17 14:00:57,756 - 🔹 Strategy revers_long_6Hutc (6Hutc): 15 symbols
2025-12-17 14:00:57,759 - 🔹 Strategy revers_short_6Hutc (6Hutc): 15 symbols
2025-12-17 14:00:57,761 - 🔹 Strategy parity_long_1H (1H): 6 symbols
2025-12-17 14:00:57,763 - 🔹 Strategy parity_short_1H (1H): 6 symbols
2025-12-17 14:00:57,763 - 
➡️ Detected timeframes: 4H, 1H, 6Hutc
2025-12-17 14:00:57,763 -    🔹 4H: double_top_long_4H, revers_long_4H, parity_long_4H, revers_short_4H, parity_short_4H
2025-12-17 14:00:57,763 -    🔹 1H: revers_long_1H, revers_short_1H, parity_long_1H, parity_short_1H
2025-12-17 14:00:57,763 -    🔹 6Hutc: revers_long_6Hutc, revers_short_6Hutc
2025-12-17 14:00:57,763 - 
✅ BOT Initialization completed

2025-12-17 14:00:57,776 - 
2025-12-17 14:00:57,776 - [1;94m========================================================================================================================[0m
2025-12-17 14:00:57,776 - [1;94m📈 STRATEGY ANALYSIS[0m
2025-12-17 14:00:57,776 - [1;94m========================================================================================================================[0m
2025-12-17 14:00:57,783 - [1;85mStrategy          [0m  [1;85mdate_fo   [0m  [1;85m Trades_num[0m  [1;85m Trades_pct[0m  [1;85mTotal_profit[0m  [1;85m Profit_pct[0m  [1;85mTP_pct[0m  [1;85mSL_pct[0m  [1;85mOOM_pct[0m  [1;85mAvg_days[0m
2025-12-17 14:00:57,783 - [0;94mdouble_top_long_4H[0m  2025-12-11            1        100.0  [1;92m         1.9[0m         0.41   100.0     0.0      0.0      0.22
2025-12-17 14:00:57,783 - [0;94mrevers_short_4H   [0m  2025-12-11           30        96.67  [1;92m       52.09[0m        11.35   96.67    3.33      0.0      2.81
2025-12-17 14:00:57,783 - [0;94mparity_short_4H   [0m  2025-12-11           27        92.59  [1;92m       40.06[0m         8.73   92.59    7.41      0.0      3.15
2025-12-17 14:00:57,783 - [0;94mrevers_short_1H   [0m  2025-12-11           19        78.95  [1;92m        7.58[0m         1.65   78.95    5.26      0.0      0.91
2025-12-17 14:00:57,783 - [0;94mrevers_long_1H    [0m  2025-12-11            5         20.0  [1;91m        -7.2[0m        -1.57    20.0     0.0      0.0      1.79
2025-12-17 14:00:57,783 - [0;94mrevers_short_6Hutc[0m  2025-12-12            7        71.43  [1;92m        2.13[0m         0.46   85.71   14.29      0.0      1.63
2025-12-17 14:00:57,783 - [0;94mparity_long_4H    [0m  2025-12-11            1          0.0  [1;91m       -4.05[0m        -0.88     0.0   100.0      0.0      3.25
2025-12-17 14:00:57,783 - [0;94mrevers_long_6Hutc [0m  2025-12-12            4          0.0  [1;91m      -10.62[0m        -2.31     0.0   100.0      0.0      3.47
2025-12-17 14:00:57,784 - 
2025-12-17 14:00:57,784 - [1;94m========================================================================================================================[0m
2025-12-17 14:00:57,784 - [1;94m📊 TOTAL SUMMARY[0m
2025-12-17 14:00:57,784 - [1;94m========================================================================================================================[0m
2025-12-17 14:00:57,784 - [0;94m🧮 Trades_num   :[0m 94
2025-12-17 14:00:57,784 - [0;94m🕜 Avg_duration :[0m 2.4 days
2025-12-17 14:00:57,784 - [0;94m🎯 Trades_pct   :[0m 80.85 %
2025-12-17 14:00:57,784 - [0;94m💱 Profit_pct   :[0m 2.23 %
2025-12-17 14:00:57,784 - 💵 [1;94mTOTAL_profit :[0m [1;92m81.89 $[0m
2025-12-17 14:00:57,784 - [1;94m========================================================================================================================[0m
2025-12-17 14:00:57,784 - 
2025-12-17 14:00:57,784 - 
[1;94mInitializing WebSocket connections...[0m
2025-12-17 14:00:58,495 - 🔌 PUBLIC  WebSocket connected
2025-12-17 14:00:58,721 - 🔌 PRIVATE WebSocket connected (first time)
2025-12-17 14:00:58,784 - 📱 WebSocket status:
2025-12-17 14:00:58,784 -    - Public WS    : ✅ Connected
2025-12-17 14:00:58,785 -    - Private WS   : ✅ Connected
2025-12-17 14:00:58,785 -    - Authenticated: ⚠️  No
2025-12-17 14:00:59,221 - 🛜 Subscribing to 5 private channels...
2025-12-17 14:00:59,221 - 🆗 orders
2025-12-17 14:00:59,221 - 🆗 fill
2025-12-17 14:00:59,222 - 🆗 positions
2025-12-17 14:00:59,222 - 🆗 account
2025-12-17 14:00:59,222 - 🆗 equity
2025-12-17 14:00:59,222 - ✅ WebSocket authentication successful
2025-12-17 14:00:59,285 - 📦 Pre-loading contract info for 33 symbols via API...
2025-12-17 14:01:10,737 - [0;36m✅ Pre-loaded 33/33 contracts[0m
2025-12-17 14:01:10,737 - 
2025-12-17 14:01:10,738 - ⏰ Next candle for 4H    : 2025-12-17 16:00:45 UTC
2025-12-17 14:01:10,738 - ⏰ Next candle for 1H    : 2025-12-17 14:00:45 UTC
2025-12-17 14:01:10,738 - ⏰ Next candle for 6Hutc : 2025-12-17 18:00:45 UTC
2025-12-17 14:05:43,920 - 
🔚 Interrupted by user.
2025-12-17 14:05:43,925 - ⛔ BOT Stopped
2025-12-17 14:05:47,723 - [1;94m========================================================================================================================[0m
2025-12-17 14:05:47,723 - [1;94m🤖 === STARTING MULTI-STRATEGY BOT OPERATING IN ACCOUNT: 01 🤖 ===[0m
2025-12-17 14:05:47,733 - [1;94m========================================================================================================================[0m
2025-12-17 14:05:47,734 - ✅  State loaded: 52 positions recovered
2025-12-17 14:05:47,734 -    ➡️  revers_short_1H: 2 positions | Candles: 45
2025-12-17 14:05:47,734 -       - BNBUSDT      | Size: 0.04       | Entry: 855.02    
2025-12-17 14:05:47,734 -       - BTCUSDT      | Size: 0.0004     | Entry: 86796.8   
2025-12-17 14:05:47,734 -    ➡️  revers_long_4H: 2 positions | Candles: 35
2025-12-17 14:05:47,734 -       - BGBUSDT      | Size: 11         | Entry: 3.6       
2025-12-17 14:05:47,734 -       - ETHUSDT      | Size: 0.01       | Entry: 3177.11   
2025-12-17 14:05:47,734 -    ➡️  parity_long_4H: 2 positions | Candles: 35
2025-12-17 14:05:47,734 -       - BGBUSDT      | Size: 11         | Entry: 3.6       
2025-12-17 14:05:47,734 -       - ETHUSDT      | Size: 0.01       | Entry: 3177.73   
2025-12-17 14:05:47,734 -    ➡️  revers_short_4H: 19 positions | Candles: 6
2025-12-17 14:05:47,734 -       - AAVEUSDT     | Size: 0.2        | Entry: 188.07    
2025-12-17 14:05:47,734 -       - ADAUSDT      | Size: 103        | Entry: 0.3883    
2025-12-17 14:05:47,734 -       - APTUSDT      | Size: 25.078     | Entry: 1.595     
2025-12-17 14:05:47,734 -       - ARBUSDT      | Size: 200.6      | Entry: 0.1994    
2025-12-17 14:05:47,734 -       - AVAXUSDT     | Size: 3.2        | Entry: 12.353    
2025-12-17 14:05:47,734 -       - DOGEUSDT     | Size: 303        | Entry: 0.13171   
2025-12-17 14:05:47,734 -       - DOTUSDT      | Size: 20         | Entry: 1.924     
2025-12-17 14:05:47,734 -       - ETHUSDT      | Size: 0.01       | Entry: 2958.82   
2025-12-17 14:05:47,734 -       - HBARUSDT     | Size: 344        | Entry: 0.11601   
2025-12-17 14:05:47,734 -       - HYPEUSDT     | Size: 1.45       | Entry: 27.434    
2025-12-17 14:05:47,734 -       - LINKUSDT     | Size: 3          | Entry: 12.963    
2025-12-17 14:05:47,734 -       - LTCUSDT      | Size: 0.5        | Entry: 78.96     
2025-12-17 14:05:47,734 -       - NEARUSDT     | Size: 25         | Entry: 1.5431    
2025-12-17 14:05:47,734 -       - ONDOUSDT     | Size: 96.6       | Entry: 0.4136    
2025-12-17 14:05:47,734 -       - SEIUSDT      | Size: 334        | Entry: 0.11949   
2025-12-17 14:05:47,734 -       - SOLUSDT      | Size: 0.3        | Entry: 128.59    
2025-12-17 14:05:47,734 -       - SUIUSDT      | Size: 26.4       | Entry: 1.5112    
2025-12-17 14:05:47,734 -       - WIFUSDT      | Size: 106.2      | Entry: 0.3763    
2025-12-17 14:05:47,734 -       - XRPUSDT      | Size: 20         | Entry: 1.9235    
2025-12-17 14:05:47,734 -    ➡️  parity_short_4H: 2 positions | Candles: 35
2025-12-17 14:05:47,734 -       - BNBUSDT      | Size: 0.04       | Entry: 863.8     
2025-12-17 14:05:47,734 -       - BTCUSDT      | Size: 0.0004     | Entry: 89709     
2025-12-17 14:05:47,734 -    ➡️  double_top_long_4H: 3 positions | Candles: 34
2025-12-17 14:05:47,734 -       - BNBUSDT      | Size: 0.04       | Entry: 876.15    
2025-12-17 14:05:47,734 -       - ETHUSDT      | Size: 0.01       | Entry: 3198.01   
2025-12-17 14:05:47,734 -       - LINKUSDT     | Size: 2          | Entry: 13.732    
2025-12-17 14:05:47,734 -    ➡️  revers_long_1H: 1 positions | Candles: 25
2025-12-17 14:05:47,734 -       - XRPUSDT      | Size: 20         | Entry: 1.922     
2025-12-17 14:05:47,734 -    ➡️  revers_short_6Hutc: 10 positions | Candles: 7
2025-12-17 14:05:47,734 -       - ADAUSDT      | Size: 105        | Entry: 0.3804    
2025-12-17 14:05:47,734 -       - BNBUSDT      | Size: 0.04       | Entry: 843.99    
2025-12-17 14:05:47,734 -       - BTCUSDT      | Size: 0.0004     | Entry: 85702     
2025-12-17 14:05:47,734 -       - DOGEUSDT     | Size: 312        | Entry: 0.12786   
2025-12-17 14:05:47,734 -       - ETHUSDT      | Size: 0.01       | Entry: 2936.6    
2025-12-17 14:05:47,734 -       - HBARUSDT     | Size: 356        | Entry: 0.11234   
2025-12-17 14:05:47,734 -       - LINKUSDT     | Size: 3          | Entry: 12.585    
2025-12-17 14:05:47,734 -       - SOLUSDT      | Size: 0.3        | Entry: 124.987   
2025-12-17 14:05:47,734 -       - WLDUSDT      | Size: 75         | Entry: 0.5286    
2025-12-17 14:05:47,734 -       - XRPUSDT      | Size: 21         | Entry: 1.8909    
2025-12-17 14:05:47,734 -    ➡️  revers_long_6Hutc: 2 positions | Candles: 21
2025-12-17 14:05:47,734 -       - BNBUSDT      | Size: 0.03       | Entry: 891.18    
2025-12-17 14:05:47,734 -       - BTCUSDT      | Size: 0.0003     | Entry: 92367.4   
2025-12-17 14:05:47,734 -    ➡️  parity_short_1H: 6 positions | Candles: 27
2025-12-17 14:05:47,734 -       - BNBUSDT      | Size: 0.04       | Entry: 859.08    
2025-12-17 14:05:47,734 -       - BTCUSDT      | Size: 0.0004     | Entry: 86297.7   
2025-12-17 14:05:47,734 -       - DOGEUSDT     | Size: 310        | Entry: 0.12882   
2025-12-17 14:05:47,735 -       - ETHUSDT      | Size: 0.01       | Entry: 2924.4    
2025-12-17 14:05:47,735 -       - SOLUSDT      | Size: 0.3        | Entry: 126.22    
2025-12-17 14:05:47,735 -       - XRPUSDT      | Size: 21         | Entry: 1.879     
2025-12-17 14:05:47,735 -    ➡️  parity_long_1H: 3 positions | Candles: 26
2025-12-17 14:05:47,735 -       - BTCUSDT      | Size: 0.0004     | Entry: 86933.2   
2025-12-17 14:05:47,735 -       - DOGEUSDT     | Size: 305        | Entry: 0.13073   
2025-12-17 14:05:47,735 -       - SOLUSDT      | Size: 0.3        | Entry: 128.357   
2025-12-17 14:05:48,084 - 🔹 Strategy double_top_long_4H        (4H    ): 32 symbols
2025-12-17 14:05:48,087 - 🔹 Strategy revers_long_4H            (4H    ): 32 symbols
2025-12-17 14:05:48,090 - 🔹 Strategy parity_long_4H            (4H    ): 32 symbols
2025-12-17 14:05:48,092 - 🔹 Strategy revers_short_4H           (4H    ): 32 symbols
2025-12-17 14:05:48,095 - 🔹 Strategy parity_short_4H           (4H    ): 32 symbols
2025-12-17 14:05:48,097 - 🔹 Strategy revers_long_1H            (1H    ):  6 symbols
2025-12-17 14:05:48,100 - 🔹 Strategy revers_short_1H           (1H    ):  6 symbols
2025-12-17 14:05:48,102 - 🔹 Strategy revers_long_6Hutc         (6Hutc ): 15 symbols
2025-12-17 14:05:48,104 - 🔹 Strategy revers_short_6Hutc        (6Hutc ): 15 symbols
2025-12-17 14:05:48,107 - 🔹 Strategy parity_long_1H            (1H    ):  6 symbols
2025-12-17 14:05:48,109 - 🔹 Strategy parity_short_1H           (1H    ):  6 symbols
2025-12-17 14:05:48,109 - 
➡️ Detected timeframes: 4H, 6Hutc, 1H
2025-12-17 14:05:48,109 -    🔹 4H: double_top_long_4H, revers_long_4H, parity_long_4H, revers_short_4H, parity_short_4H
2025-12-17 14:05:48,109 -    🔹 6Hutc: revers_long_6Hutc, revers_short_6Hutc
2025-12-17 14:05:48,109 -    🔹 1H: revers_long_1H, revers_short_1H, parity_long_1H, parity_short_1H
2025-12-17 14:05:48,109 - 
✅ BOT Initialization completed

2025-12-17 14:05:48,122 - 
2025-12-17 14:05:48,122 - [1;94m========================================================================================================================[0m
2025-12-17 14:05:48,122 - [1;94m📈 STRATEGY ANALYSIS[0m
2025-12-17 14:05:48,122 - [1;94m========================================================================================================================[0m
2025-12-17 14:05:48,129 - [1;85mStrategy          [0m  [1;85mdate_fo   [0m  [1;85m Trades_num[0m  [1;85m Trades_pct[0m  [1;85mTotal_profit[0m  [1;85m Profit_pct[0m  [1;85mTP_pct[0m  [1;85mSL_pct[0m  [1;85mOOM_pct[0m  [1;85mAvg_days[0m
2025-12-17 14:05:48,129 - [0;94mdouble_top_long_4H[0m  2025-12-11            1        100.0  [1;92m         1.9[0m         0.41   100.0     0.0      0.0      0.22
2025-12-17 14:05:48,129 - [0;94mrevers_short_4H   [0m  2025-12-11           30        96.67  [1;92m       52.09[0m        11.35   96.67    3.33      0.0      2.81
2025-12-17 14:05:48,129 - [0;94mparity_short_4H   [0m  2025-12-11           27        92.59  [1;92m       40.06[0m         8.73   92.59    7.41      0.0      3.15
2025-12-17 14:05:48,129 - [0;94mrevers_short_1H   [0m  2025-12-11           19        78.95  [1;92m        7.58[0m         1.65   78.95    5.26      0.0      0.91
2025-12-17 14:05:48,129 - [0;94mrevers_long_1H    [0m  2025-12-11            5         20.0  [1;91m        -7.2[0m        -1.57    20.0     0.0      0.0      1.79
2025-12-17 14:05:48,129 - [0;94mrevers_short_6Hutc[0m  2025-12-12            7        71.43  [1;92m        2.13[0m         0.46   85.71   14.29      0.0      1.63
2025-12-17 14:05:48,130 - [0;94mparity_long_4H    [0m  2025-12-11            1          0.0  [1;91m       -4.05[0m        -0.88     0.0   100.0      0.0      3.25
2025-12-17 14:05:48,130 - [0;94mrevers_long_6Hutc [0m  2025-12-12            4          0.0  [1;91m      -10.62[0m        -2.31     0.0   100.0      0.0      3.47
2025-12-17 14:05:48,130 - 
2025-12-17 14:05:48,130 - [1;94m========================================================================================================================[0m
2025-12-17 14:05:48,130 - [1;94m📊 TOTAL SUMMARY[0m
2025-12-17 14:05:48,130 - [1;94m========================================================================================================================[0m
2025-12-17 14:05:48,130 - [0;94m🧮 Trades_num   :[0m 94
2025-12-17 14:05:48,130 - [0;94m🕜 Avg_duration :[0m 2.4 days
2025-12-17 14:05:48,130 - [0;94m🎯 Trades_pct   :[0m 80.85 %
2025-12-17 14:05:48,130 - [0;94m💱 Profit_pct   :[0m 2.23 %
2025-12-17 14:05:48,130 - 💵 [1;94mTOTAL_profit :[0m [1;92m81.89 $[0m
2025-12-17 14:05:48,130 - [1;94m========================================================================================================================[0m
2025-12-17 14:05:48,130 - 
2025-12-17 14:05:48,130 - 
[1;94mInitializing WebSocket connections...[0m
2025-12-17 14:05:48,881 - 🔌 PUBLIC  WebSocket connected
2025-12-17 14:05:49,131 - 📱 WebSocket status:
2025-12-17 14:05:49,131 -    - Public WS    : ✅ Connected
2025-12-17 14:05:49,131 -    - Private WS   : ⚠️  Not connected
2025-12-17 14:05:49,131 -    - Authenticated: ⚠️  No
2025-12-17 14:05:49,131 - 🔌 PRIVATE WebSocket connected (first time)
2025-12-17 14:05:49,631 - 🛜 Subscribing to 5 private channels...
2025-12-17 14:05:49,631 - 🆗 orders
2025-12-17 14:05:49,632 - 🆗 fill
2025-12-17 14:05:49,632 - 🆗 positions
2025-12-17 14:05:49,632 - 🆗 account
2025-12-17 14:05:49,632 - 🆗 equity
2025-12-17 14:05:49,632 - ✅ WebSocket authentication successful
2025-12-17 14:05:50,131 - 📦 Pre-loading contract info for 33 symbols via API...
2025-12-17 14:06:02,771 - [0;36m✅ Pre-loaded 33/33 contracts[0m
2025-12-17 14:06:02,772 - 
2025-12-17 14:06:02,773 - ⏰ Next candle for 4H    : 2025-12-17 16:00:45 UTC
2025-12-17 14:06:02,773 - ⏰ Next candle for 6Hutc : 2025-12-17 18:00:45 UTC
2025-12-17 14:06:02,773 - ⏰ Next candle for 1H    : 2025-12-17 14:00:45 UTC
2025-12-17 14:06:10,700 - 
🔚 Interrupted by user.
2025-12-17 14:06:10,702 - ⛔ BOT Stopped
2025-12-17 14:06:14,560 - [1;94m========================================================================================================================[0m
2025-12-17 14:06:14,560 - [1;94m🤖 === STARTING MULTI-STRATEGY BOT OPERATING IN ACCOUNT: 01 🤖 ===[0m
2025-12-17 14:06:14,560 - [1;94m========================================================================================================================[0m
2025-12-17 14:06:14,560 - ✅  State loaded: 52 positions recovered
2025-12-17 14:06:14,560 -    ➡️  revers_short_1H: 2 positions | Candles: 45
2025-12-17 14:06:14,560 -       - BNBUSDT      | Size: 0.04       | Entry: 855.02    
2025-12-17 14:06:14,560 -       - BTCUSDT      | Size: 0.0004     | Entry: 86796.8   
2025-12-17 14:06:14,560 -    ➡️  revers_long_4H: 2 positions | Candles: 35
2025-12-17 14:06:14,560 -       - BGBUSDT      | Size: 11         | Entry: 3.6       
2025-12-17 14:06:14,560 -       - ETHUSDT      | Size: 0.01       | Entry: 3177.11   
2025-12-17 14:06:14,560 -    ➡️  parity_long_4H: 2 positions | Candles: 35
2025-12-17 14:06:14,560 -       - BGBUSDT      | Size: 11         | Entry: 3.6       
2025-12-17 14:06:14,560 -       - ETHUSDT      | Size: 0.01       | Entry: 3177.73   
2025-12-17 14:06:14,560 -    ➡️  revers_short_4H: 19 positions | Candles: 6
2025-12-17 14:06:14,560 -       - AAVEUSDT     | Size: 0.2        | Entry: 188.07    
2025-12-17 14:06:14,560 -       - ADAUSDT      | Size: 103        | Entry: 0.3883    
2025-12-17 14:06:14,560 -       - APTUSDT      | Size: 25.078     | Entry: 1.595     
2025-12-17 14:06:14,560 -       - ARBUSDT      | Size: 200.6      | Entry: 0.1994    
2025-12-17 14:06:14,560 -       - AVAXUSDT     | Size: 3.2        | Entry: 12.353    
2025-12-17 14:06:14,560 -       - DOGEUSDT     | Size: 303        | Entry: 0.13171   
2025-12-17 14:06:14,560 -       - DOTUSDT      | Size: 20         | Entry: 1.924     
2025-12-17 14:06:14,561 -       - ETHUSDT      | Size: 0.01       | Entry: 2958.82   
2025-12-17 14:06:14,561 -       - HBARUSDT     | Size: 344        | Entry: 0.11601   
2025-12-17 14:06:14,561 -       - HYPEUSDT     | Size: 1.45       | Entry: 27.434    
2025-12-17 14:06:14,561 -       - LINKUSDT     | Size: 3          | Entry: 12.963    
2025-12-17 14:06:14,561 -       - LTCUSDT      | Size: 0.5        | Entry: 78.96     
2025-12-17 14:06:14,561 -       - NEARUSDT     | Size: 25         | Entry: 1.5431    
2025-12-17 14:06:14,561 -       - ONDOUSDT     | Size: 96.6       | Entry: 0.4136    
2025-12-17 14:06:14,561 -       - SEIUSDT      | Size: 334        | Entry: 0.11949   
2025-12-17 14:06:14,561 -       - SOLUSDT      | Size: 0.3        | Entry: 128.59    
2025-12-17 14:06:14,561 -       - SUIUSDT      | Size: 26.4       | Entry: 1.5112    
2025-12-17 14:06:14,561 -       - WIFUSDT      | Size: 106.2      | Entry: 0.3763    
2025-12-17 14:06:14,561 -       - XRPUSDT      | Size: 20         | Entry: 1.9235    
2025-12-17 14:06:14,561 -    ➡️  parity_short_4H: 2 positions | Candles: 35
2025-12-17 14:06:14,561 -       - BNBUSDT      | Size: 0.04       | Entry: 863.8     
2025-12-17 14:06:14,561 -       - BTCUSDT      | Size: 0.0004     | Entry: 89709     
2025-12-17 14:06:14,561 -    ➡️  double_top_long_4H: 3 positions | Candles: 34
2025-12-17 14:06:14,561 -       - BNBUSDT      | Size: 0.04       | Entry: 876.15    
2025-12-17 14:06:14,561 -       - ETHUSDT      | Size: 0.01       | Entry: 3198.01   
2025-12-17 14:06:14,561 -       - LINKUSDT     | Size: 2          | Entry: 13.732    
2025-12-17 14:06:14,561 -    ➡️  revers_long_1H: 1 positions | Candles: 25
2025-12-17 14:06:14,561 -       - XRPUSDT      | Size: 20         | Entry: 1.922     
2025-12-17 14:06:14,561 -    ➡️  revers_short_6Hutc: 10 positions | Candles: 7
2025-12-17 14:06:14,561 -       - ADAUSDT      | Size: 105        | Entry: 0.3804    
2025-12-17 14:06:14,561 -       - BNBUSDT      | Size: 0.04       | Entry: 843.99    
2025-12-17 14:06:14,561 -       - BTCUSDT      | Size: 0.0004     | Entry: 85702     
2025-12-17 14:06:14,561 -       - DOGEUSDT     | Size: 312        | Entry: 0.12786   
2025-12-17 14:06:14,561 -       - ETHUSDT      | Size: 0.01       | Entry: 2936.6    
2025-12-17 14:06:14,561 -       - HBARUSDT     | Size: 356        | Entry: 0.11234   
2025-12-17 14:06:14,561 -       - LINKUSDT     | Size: 3          | Entry: 12.585    
2025-12-17 14:06:14,561 -       - SOLUSDT      | Size: 0.3        | Entry: 124.987   
2025-12-17 14:06:14,561 -       - WLDUSDT      | Size: 75         | Entry: 0.5286    
2025-12-17 14:06:14,561 -       - XRPUSDT      | Size: 21         | Entry: 1.8909    
2025-12-17 14:06:14,561 -    ➡️  revers_long_6Hutc: 2 positions | Candles: 21
2025-12-17 14:06:14,561 -       - BNBUSDT      | Size: 0.03       | Entry: 891.18    
2025-12-17 14:06:14,561 -       - BTCUSDT      | Size: 0.0003     | Entry: 92367.4   
2025-12-17 14:06:14,561 -    ➡️  parity_short_1H: 6 positions | Candles: 27
2025-12-17 14:06:14,561 -       - BNBUSDT      | Size: 0.04       | Entry: 859.08    
2025-12-17 14:06:14,561 -       - BTCUSDT      | Size: 0.0004     | Entry: 86297.7   
2025-12-17 14:06:14,561 -       - DOGEUSDT     | Size: 310        | Entry: 0.12882   
2025-12-17 14:06:14,561 -       - ETHUSDT      | Size: 0.01       | Entry: 2924.4    
2025-12-17 14:06:14,561 -       - SOLUSDT      | Size: 0.3        | Entry: 126.22    
2025-12-17 14:06:14,561 -       - XRPUSDT      | Size: 21         | Entry: 1.879     
2025-12-17 14:06:14,561 -    ➡️  parity_long_1H: 3 positions | Candles: 26
2025-12-17 14:06:14,561 -       - BTCUSDT      | Size: 0.0004     | Entry: 86933.2   
2025-12-17 14:06:14,561 -       - DOGEUSDT     | Size: 305        | Entry: 0.13073   
2025-12-17 14:06:14,561 -       - SOLUSDT      | Size: 0.3        | Entry: 128.357   
2025-12-17 14:06:14,910 - 🔹 Strategy double_top_long_4H (4H): 32 symbols
2025-12-17 14:06:14,913 - 🔹 Strategy revers_long_4H     (4H): 32 symbols
2025-12-17 14:06:14,916 - 🔹 Strategy parity_long_4H     (4H): 32 symbols
2025-12-17 14:06:14,918 - 🔹 Strategy revers_short_4H    (4H): 32 symbols
2025-12-17 14:06:14,921 - 🔹 Strategy parity_short_4H    (4H): 32 symbols
2025-12-17 14:06:14,923 - 🔹 Strategy revers_long_1H     (1H):  6 symbols
2025-12-17 14:06:14,926 - 🔹 Strategy revers_short_1H    (1H):  6 symbols
2025-12-17 14:06:14,928 - 🔹 Strategy revers_long_6Hutc  (6Hutc): 15 symbols
2025-12-17 14:06:14,930 - 🔹 Strategy revers_short_6Hutc (6Hutc): 15 symbols
2025-12-17 14:06:14,932 - 🔹 Strategy parity_long_1H     (1H):  6 symbols
2025-12-17 14:06:14,934 - 🔹 Strategy parity_short_1H    (1H):  6 symbols
2025-12-17 14:06:14,935 - 
➡️ Detected timeframes: 6Hutc, 4H, 1H
2025-12-17 14:06:14,935 -    🔹 6Hutc: revers_long_6Hutc, revers_short_6Hutc
2025-12-17 14:06:14,935 -    🔹 4H: double_top_long_4H, revers_long_4H, parity_long_4H, revers_short_4H, parity_short_4H
2025-12-17 14:06:14,935 -    🔹 1H: revers_long_1H, revers_short_1H, parity_long_1H, parity_short_1H
2025-12-17 14:06:14,935 - 
✅ BOT Initialization completed

2025-12-17 14:06:14,947 - 
2025-12-17 14:06:14,947 - [1;94m========================================================================================================================[0m
2025-12-17 14:06:14,947 - [1;94m📈 STRATEGY ANALYSIS[0m
2025-12-17 14:06:14,947 - [1;94m========================================================================================================================[0m
2025-12-17 14:06:14,954 - [1;85mStrategy          [0m  [1;85mdate_fo   [0m  [1;85m Trades_num[0m  [1;85m Trades_pct[0m  [1;85mTotal_profit[0m  [1;85m Profit_pct[0m  [1;85mTP_pct[0m  [1;85mSL_pct[0m  [1;85mOOM_pct[0m  [1;85mAvg_days[0m
2025-12-17 14:06:14,954 - [0;94mdouble_top_long_4H[0m  2025-12-11            1        100.0  [1;92m         1.9[0m         0.41   100.0     0.0      0.0      0.22
2025-12-17 14:06:14,954 - [0;94mrevers_short_4H   [0m  2025-12-11           30        96.67  [1;92m       52.09[0m        11.35   96.67    3.33      0.0      2.81
2025-12-17 14:06:14,954 - [0;94mparity_short_4H   [0m  2025-12-11           27        92.59  [1;92m       40.06[0m         8.73   92.59    7.41      0.0      3.15
2025-12-17 14:06:14,954 - [0;94mrevers_short_1H   [0m  2025-12-11           19        78.95  [1;92m        7.58[0m         1.65   78.95    5.26      0.0      0.91
2025-12-17 14:06:14,954 - [0;94mrevers_long_1H    [0m  2025-12-11            5         20.0  [1;91m        -7.2[0m        -1.57    20.0     0.0      0.0      1.79
2025-12-17 14:06:14,954 - [0;94mrevers_short_6Hutc[0m  2025-12-12            7        71.43  [1;92m        2.13[0m         0.46   85.71   14.29      0.0      1.63
2025-12-17 14:06:14,954 - [0;94mparity_long_4H    [0m  2025-12-11            1          0.0  [1;91m       -4.05[0m        -0.88     0.0   100.0      0.0      3.25
2025-12-17 14:06:14,954 - [0;94mrevers_long_6Hutc [0m  2025-12-12            4          0.0  [1;91m      -10.62[0m        -2.31     0.0   100.0      0.0      3.47
2025-12-17 14:06:14,955 - 
2025-12-17 14:06:14,955 - [1;94m========================================================================================================================[0m
2025-12-17 14:06:14,955 - [1;94m📊 TOTAL SUMMARY[0m
2025-12-17 14:06:14,955 - [1;94m========================================================================================================================[0m
2025-12-17 14:06:14,955 - [0;94m🧮 Trades_num   :[0m 94
2025-12-17 14:06:14,955 - [0;94m🕜 Avg_duration :[0m 2.4 days
2025-12-17 14:06:14,955 - [0;94m🎯 Trades_pct   :[0m 80.85 %
2025-12-17 14:06:14,955 - [0;94m💱 Profit_pct   :[0m 2.23 %
2025-12-17 14:06:14,955 - 💵 [1;94mTOTAL_profit :[0m [1;92m81.89 $[0m
2025-12-17 14:06:14,955 - [1;94m========================================================================================================================[0m
2025-12-17 14:06:14,955 - 
2025-12-17 14:06:14,955 - 
[1;94mInitializing WebSocket connections...[0m
2025-12-17 14:06:15,653 - 🔌 PUBLIC  WebSocket connected
2025-12-17 14:06:15,955 - 📱 WebSocket status:
2025-12-17 14:06:15,956 -    - Public WS    : ✅ Connected
2025-12-17 14:06:15,956 -    - Private WS   : ⚠️  Not connected
2025-12-17 14:06:15,956 -    - Authenticated: ⚠️  No
2025-12-17 14:06:15,961 - 🔌 PRIVATE WebSocket connected (first time)
2025-12-17 14:06:16,461 - 🛜 Subscribing to 5 private channels...
2025-12-17 14:06:16,461 - 🆗 orders
2025-12-17 14:06:16,461 - 🆗 fill
2025-12-17 14:06:16,461 - 🆗 positions
2025-12-17 14:06:16,461 - 🆗 account
2025-12-17 14:06:16,461 - 🆗 equity
2025-12-17 14:06:16,461 - ✅ WebSocket authentication successful
2025-12-17 14:06:16,956 - 📦 Pre-loading contract info for 33 symbols via API...
2025-12-17 14:06:30,170 - [0;36m✅ Pre-loaded 33/33 contracts[0m
2025-12-17 14:06:30,171 - 
2025-12-17 14:06:30,171 - ⏰ Next candle for 6Hutc : 2025-12-17 18:00:45 UTC
2025-12-17 14:06:30,171 - ⏰ Next candle for 4H    : 2025-12-17 16:00:45 UTC
2025-12-17 14:06:30,171 - ⏰ Next candle for 1H    : 2025-12-17 14:00:45 UTC
2025-12-17 14:09:24,377 - 
🔚 Interrupted by user.
2025-12-17 14:09:24,381 - ⛔ BOT Stopped
2025-12-17 14:09:28,398 - [1;94m========================================================================================================================[0m
2025-12-17 14:09:28,399 - [1;94m🤖 === STARTING MULTI-STRATEGY BOT OPERATING IN ACCOUNT: 01 🤖 ===[0m
2025-12-17 14:09:28,399 - [1;94m========================================================================================================================[0m
2025-12-17 14:09:28,399 - ✅  State loaded: 52 positions recovered
2025-12-17 14:09:28,399 -    ➡️  revers_short_1H: 2 positions | Candles: 45
2025-12-17 14:09:28,399 -       - BNBUSDT      | Size: 0.04       | Entry: 855.02    
2025-12-17 14:09:28,399 -       - BTCUSDT      | Size: 0.0004     | Entry: 86796.8   
2025-12-17 14:09:28,399 -    ➡️  revers_long_4H: 2 positions | Candles: 35
2025-12-17 14:09:28,399 -       - BGBUSDT      | Size: 11         | Entry: 3.6       
2025-12-17 14:09:28,399 -       - ETHUSDT      | Size: 0.01       | Entry: 3177.11   
2025-12-17 14:09:28,399 -    ➡️  parity_long_4H: 2 positions | Candles: 35
2025-12-17 14:09:28,399 -       - BGBUSDT      | Size: 11         | Entry: 3.6       
2025-12-17 14:09:28,399 -       - ETHUSDT      | Size: 0.01       | Entry: 3177.73   
2025-12-17 14:09:28,399 -    ➡️  revers_short_4H: 19 positions | Candles: 6
2025-12-17 14:09:28,399 -       - AAVEUSDT     | Size: 0.2        | Entry: 188.07    
2025-12-17 14:09:28,399 -       - ADAUSDT      | Size: 103        | Entry: 0.3883    
2025-12-17 14:09:28,399 -       - APTUSDT      | Size: 25.078     | Entry: 1.595     
2025-12-17 14:09:28,399 -       - ARBUSDT      | Size: 200.6      | Entry: 0.1994    
2025-12-17 14:09:28,399 -       - AVAXUSDT     | Size: 3.2        | Entry: 12.353    
2025-12-17 14:09:28,399 -       - DOGEUSDT     | Size: 303        | Entry: 0.13171   
2025-12-17 14:09:28,399 -       - DOTUSDT      | Size: 20         | Entry: 1.924     
2025-12-17 14:09:28,399 -       - ETHUSDT      | Size: 0.01       | Entry: 2958.82   
2025-12-17 14:09:28,399 -       - HBARUSDT     | Size: 344        | Entry: 0.11601   
2025-12-17 14:09:28,399 -       - HYPEUSDT     | Size: 1.45       | Entry: 27.434    
2025-12-17 14:09:28,399 -       - LINKUSDT     | Size: 3          | Entry: 12.963    
2025-12-17 14:09:28,399 -       - LTCUSDT      | Size: 0.5        | Entry: 78.96     
2025-12-17 14:09:28,399 -       - NEARUSDT     | Size: 25         | Entry: 1.5431    
2025-12-17 14:09:28,399 -       - ONDOUSDT     | Size: 96.6       | Entry: 0.4136    
2025-12-17 14:09:28,399 -       - SEIUSDT      | Size: 334        | Entry: 0.11949   
2025-12-17 14:09:28,399 -       - SOLUSDT      | Size: 0.3        | Entry: 128.59    
2025-12-17 14:09:28,399 -       - SUIUSDT      | Size: 26.4       | Entry: 1.5112    
2025-12-17 14:09:28,399 -       - WIFUSDT      | Size: 106.2      | Entry: 0.3763    
2025-12-17 14:09:28,399 -       - XRPUSDT      | Size: 20         | Entry: 1.9235    
2025-12-17 14:09:28,399 -    ➡️  parity_short_4H: 2 positions | Candles: 35
2025-12-17 14:09:28,399 -       - BNBUSDT      | Size: 0.04       | Entry: 863.8     
2025-12-17 14:09:28,399 -       - BTCUSDT      | Size: 0.0004     | Entry: 89709     
2025-12-17 14:09:28,399 -    ➡️  double_top_long_4H: 3 positions | Candles: 34
2025-12-17 14:09:28,399 -       - BNBUSDT      | Size: 0.04       | Entry: 876.15    
2025-12-17 14:09:28,399 -       - ETHUSDT      | Size: 0.01       | Entry: 3198.01   
2025-12-17 14:09:28,399 -       - LINKUSDT     | Size: 2          | Entry: 13.732    
2025-12-17 14:09:28,399 -    ➡️  revers_long_1H: 1 positions | Candles: 25
2025-12-17 14:09:28,399 -       - XRPUSDT      | Size: 20         | Entry: 1.922     
2025-12-17 14:09:28,399 -    ➡️  revers_short_6Hutc: 10 positions | Candles: 7
2025-12-17 14:09:28,399 -       - ADAUSDT      | Size: 105        | Entry: 0.3804    
2025-12-17 14:09:28,399 -       - BNBUSDT      | Size: 0.04       | Entry: 843.99    
2025-12-17 14:09:28,399 -       - BTCUSDT      | Size: 0.0004     | Entry: 85702     
2025-12-17 14:09:28,399 -       - DOGEUSDT     | Size: 312        | Entry: 0.12786   
2025-12-17 14:09:28,399 -       - ETHUSDT      | Size: 0.01       | Entry: 2936.6    
2025-12-17 14:09:28,399 -       - HBARUSDT     | Size: 356        | Entry: 0.11234   
2025-12-17 14:09:28,399 -       - LINKUSDT     | Size: 3          | Entry: 12.585    
2025-12-17 14:09:28,399 -       - SOLUSDT      | Size: 0.3        | Entry: 124.987   
2025-12-17 14:09:28,399 -       - WLDUSDT      | Size: 75         | Entry: 0.5286    
2025-12-17 14:09:28,399 -       - XRPUSDT      | Size: 21         | Entry: 1.8909    
2025-12-17 14:09:28,399 -    ➡️  revers_long_6Hutc: 2 positions | Candles: 21
2025-12-17 14:09:28,399 -       - BNBUSDT      | Size: 0.03       | Entry: 891.18    
2025-12-17 14:09:28,399 -       - BTCUSDT      | Size: 0.0003     | Entry: 92367.4   
2025-12-17 14:09:28,400 -    ➡️  parity_short_1H: 6 positions | Candles: 27
2025-12-17 14:09:28,400 -       - BNBUSDT      | Size: 0.04       | Entry: 859.08    
2025-12-17 14:09:28,400 -       - BTCUSDT      | Size: 0.0004     | Entry: 86297.7   
2025-12-17 14:09:28,400 -       - DOGEUSDT     | Size: 310        | Entry: 0.12882   
2025-12-17 14:09:28,400 -       - ETHUSDT      | Size: 0.01       | Entry: 2924.4    
2025-12-17 14:09:28,400 -       - SOLUSDT      | Size: 0.3        | Entry: 126.22    
2025-12-17 14:09:28,400 -       - XRPUSDT      | Size: 21         | Entry: 1.879     
2025-12-17 14:09:28,400 -    ➡️  parity_long_1H: 3 positions | Candles: 26
2025-12-17 14:09:28,400 -       - BTCUSDT      | Size: 0.0004     | Entry: 86933.2   
2025-12-17 14:09:28,400 -       - DOGEUSDT     | Size: 305        | Entry: 0.13073   
2025-12-17 14:09:28,400 -       - SOLUSDT      | Size: 0.3        | Entry: 128.357   
2025-12-17 14:09:28,828 - 🔹 Strategy double_top_long_4H (4H): 32 symbols
2025-12-17 14:09:28,831 - 🔹 Strategy revers_long_4H     (4H): 32 symbols
2025-12-17 14:09:28,833 - 🔹 Strategy parity_long_4H     (4H): 32 symbols
2025-12-17 14:09:28,836 - 🔹 Strategy revers_short_4H    (4H): 32 symbols
2025-12-17 14:09:28,838 - 🔹 Strategy parity_short_4H    (4H): 32 symbols
2025-12-17 14:09:28,841 - 🔹 Strategy revers_long_1H     (1H):  6 symbols
2025-12-17 14:09:28,844 - 🔹 Strategy revers_short_1H    (1H):  6 symbols
2025-12-17 14:09:28,846 - 🔹 Strategy revers_long_6Hutc  (6Hutc): 15 symbols
2025-12-17 14:09:28,848 - 🔹 Strategy revers_short_6Hutc (6Hutc): 15 symbols
2025-12-17 14:09:28,851 - 🔹 Strategy parity_long_1H     (1H):  6 symbols
2025-12-17 14:09:28,853 - 🔹 Strategy parity_short_1H    (1H):  6 symbols
2025-12-17 14:09:28,853 - 
➡️ Detected timeframes: 6Hutc, 1H, 4H
2025-12-17 14:09:28,853 -    🔹 6Hutc: revers_long_6Hutc, revers_short_6Hutc
2025-12-17 14:09:28,853 -    🔹 1H: revers_long_1H, revers_short_1H, parity_long_1H, parity_short_1H
2025-12-17 14:09:28,853 -    🔹 4H: double_top_long_4H, revers_long_4H, parity_long_4H, revers_short_4H, parity_short_4H
2025-12-17 14:09:28,853 - 
✅ BOT Initialization completed

2025-12-17 14:09:28,866 - 
2025-12-17 14:09:28,866 - [1;94m========================================================================================================================[0m
2025-12-17 14:09:28,866 - [1;94m📈 STRATEGY ANALYSIS[0m
2025-12-17 14:09:28,866 - [1;94m========================================================================================================================[0m
2025-12-17 14:09:28,873 - [1;85mStrategy          [0m  [1;85mdate_fo   [0m  [1;85m Trades_num[0m  [1;85m Trades_pct[0m  [1;85mTotal_profit[0m  [1;85m Profit_pct[0m  [1;85mTP_pct[0m  [1;85mSL_pct[0m  [1;85mOOM_pct[0m  [1;85mAvg_days[0m
2025-12-17 14:09:28,873 - [0;94mdouble_top_long_4H[0m  2025-12-11            1        100.0  [1;92m         1.9[0m         0.41   100.0     0.0      0.0      0.22
2025-12-17 14:09:28,873 - [0;94mrevers_short_4H   [0m  2025-12-11           30        96.67  [1;92m       52.09[0m        11.35   96.67    3.33      0.0      2.81
2025-12-17 14:09:28,873 - [0;94mparity_short_4H   [0m  2025-12-11           27        92.59  [1;92m       40.06[0m         8.73   92.59    7.41      0.0      3.15
2025-12-17 14:09:28,873 - [0;94mrevers_short_1H   [0m  2025-12-11           19        78.95  [1;92m        7.58[0m         1.65   78.95    5.26      0.0      0.91
2025-12-17 14:09:28,873 - [0;94mrevers_long_1H    [0m  2025-12-11            5         20.0  [1;91m        -7.2[0m        -1.57    20.0     0.0      0.0      1.79
2025-12-17 14:09:28,873 - [0;94mrevers_short_6Hutc[0m  2025-12-12            7        71.43  [1;92m        2.13[0m         0.46   85.71   14.29      0.0      1.63
2025-12-17 14:09:28,873 - [0;94mparity_long_4H    [0m  2025-12-11            1          0.0  [1;91m       -4.05[0m        -0.88     0.0   100.0      0.0      3.25
2025-12-17 14:09:28,873 - [0;94mrevers_long_6Hutc [0m  2025-12-12            4          0.0  [1;91m      -10.62[0m        -2.31     0.0   100.0      0.0      3.47
2025-12-17 14:09:28,874 - 
2025-12-17 14:09:28,874 - [1;94m========================================================================================================================[0m
2025-12-17 14:09:28,874 - [1;94m📊 TOTAL SUMMARY[0m
2025-12-17 14:09:28,874 - [1;94m========================================================================================================================[0m
2025-12-17 14:09:28,874 - [0;94m🧮 Trades_num   :[0m 94
2025-12-17 14:09:28,874 - [0;94m🕜 Avg_duration :[0m 2.4 days
2025-12-17 14:09:28,874 - [0;94m🎯 Trades_pct   :[0m 80.85 %
2025-12-17 14:09:28,874 - [0;94m💱 Profit_pct   :[0m 2.23 %
2025-12-17 14:09:28,874 - 💵 [1;94mTOTAL_profit :[0m [1;92m81.89 $[0m
2025-12-17 14:09:28,874 - [1;94m========================================================================================================================[0m
2025-12-17 14:09:28,874 - 
2025-12-17 14:09:28,874 - 
[1;94mInitializing WebSocket connections...[0m
2025-12-17 14:09:29,827 - 🔌 PUBLIC  WebSocket connected
2025-12-17 14:09:29,831 - 🔌 PRIVATE WebSocket connected (first time)
2025-12-17 14:09:29,874 - 📱 WebSocket status:
2025-12-17 14:09:29,874 -    - Public WS    : ✅ Connected
2025-12-17 14:09:29,875 -    - Private WS   : ✅ Connected
2025-12-17 14:09:29,875 -    - Authenticated: ⚠️  No
2025-12-17 14:09:30,331 - 🛜 Subscribing to 5 private channels...
2025-12-17 14:09:30,331 - 🆗 orders
2025-12-17 14:09:30,331 - 🆗 fill
2025-12-17 14:09:30,331 - 🆗 positions
2025-12-17 14:09:30,331 - 🆗 account
2025-12-17 14:09:30,331 - 🆗 equity
2025-12-17 14:09:30,332 - ✅ WebSocket authentication successful
2025-12-17 14:09:30,375 - 📦 Pre-loading contract info for 33 symbols via API...
2025-12-17 14:09:41,961 - [0;36m✅ Pre-loaded 33/33 contracts[0m
2025-12-17 14:09:41,962 - 
2025-12-17 14:09:41,962 - ⏰ Next candle for 6Hutc : 2025-12-17 18:00:45 UTC
2025-12-17 14:09:41,962 - ⏰ Next candle for 1H    : 2025-12-17 14:00:45 UTC
2025-12-17 14:09:41,962 - ⏰ Next candle for 4H    : 2025-12-17 16:00:45 UTC
2025-12-17 14:10:00,982 - ⚠️ No price for SOLUSDT: No fresh price data for SOLUSDT
2025-12-17 14:10:01,989 - ⚠️ No price for SUIUSDT: No fresh price data for SUIUSDT
2025-12-17 14:12:24,486 - 
🔚 Interrupted by user.
2025-12-17 14:12:24,490 - ⛔ BOT Stopped
2025-12-17 14:12:28,622 - [1;94m========================================================================================================================[0m
2025-12-17 14:12:28,622 - [1;94m🤖 === STARTING MULTI-STRATEGY BOT OPERATING IN ACCOUNT: 01 🤖 ===[0m
2025-12-17 14:12:28,622 - [1;94m========================================================================================================================[0m
2025-12-17 14:12:28,623 - ✅  State loaded: 52 positions recovered
2025-12-17 14:12:28,623 -    ➡️  revers_short_1H: 2 positions | Candles: 45
2025-12-17 14:12:28,623 -       - BNBUSDT      | Size: 0.04       | Entry: 855.02    
2025-12-17 14:12:28,623 -       - BTCUSDT      | Size: 0.0004     | Entry: 86796.8   
2025-12-17 14:12:28,623 -    ➡️  revers_long_4H: 2 positions | Candles: 35
2025-12-17 14:12:28,623 -       - BGBUSDT      | Size: 11         | Entry: 3.6       
2025-12-17 14:12:28,623 -       - ETHUSDT      | Size: 0.01       | Entry: 3177.11   
2025-12-17 14:12:28,623 -    ➡️  parity_long_4H: 2 positions | Candles: 35
2025-12-17 14:12:28,623 -       - BGBUSDT      | Size: 11         | Entry: 3.6       
2025-12-17 14:12:28,623 -       - ETHUSDT      | Size: 0.01       | Entry: 3177.73   
2025-12-17 14:12:28,623 -    ➡️  revers_short_4H: 19 positions | Candles: 6
2025-12-17 14:12:28,623 -       - AAVEUSDT     | Size: 0.2        | Entry: 188.07    
2025-12-17 14:12:28,623 -       - ADAUSDT      | Size: 103        | Entry: 0.3883    
2025-12-17 14:12:28,623 -       - APTUSDT      | Size: 25.078     | Entry: 1.595     
2025-12-17 14:12:28,623 -       - ARBUSDT      | Size: 200.6      | Entry: 0.1994    
2025-12-17 14:12:28,623 -       - AVAXUSDT     | Size: 3.2        | Entry: 12.353    
2025-12-17 14:12:28,623 -       - DOGEUSDT     | Size: 303        | Entry: 0.13171   
2025-12-17 14:12:28,623 -       - DOTUSDT      | Size: 20         | Entry: 1.924     
2025-12-17 14:12:28,623 -       - ETHUSDT      | Size: 0.01       | Entry: 2958.82   
2025-12-17 14:12:28,623 -       - HBARUSDT     | Size: 344        | Entry: 0.11601   
2025-12-17 14:12:28,623 -       - HYPEUSDT     | Size: 1.45       | Entry: 27.434    
2025-12-17 14:12:28,623 -       - LINKUSDT     | Size: 3          | Entry: 12.963    
2025-12-17 14:12:28,623 -       - LTCUSDT      | Size: 0.5        | Entry: 78.96     
2025-12-17 14:12:28,623 -       - NEARUSDT     | Size: 25         | Entry: 1.5431    
2025-12-17 14:12:28,623 -       - ONDOUSDT     | Size: 96.6       | Entry: 0.4136    
2025-12-17 14:12:28,623 -       - SEIUSDT      | Size: 334        | Entry: 0.11949   
2025-12-17 14:12:28,623 -       - SOLUSDT      | Size: 0.3        | Entry: 128.59    
2025-12-17 14:12:28,623 -       - SUIUSDT      | Size: 26.4       | Entry: 1.5112    
2025-12-17 14:12:28,623 -       - WIFUSDT      | Size: 106.2      | Entry: 0.3763    
2025-12-17 14:12:28,623 -       - XRPUSDT      | Size: 20         | Entry: 1.9235    
2025-12-17 14:12:28,623 -    ➡️  parity_short_4H: 2 positions | Candles: 35
2025-12-17 14:12:28,623 -       - BNBUSDT      | Size: 0.04       | Entry: 863.8     
2025-12-17 14:12:28,623 -       - BTCUSDT      | Size: 0.0004     | Entry: 89709     
2025-12-17 14:12:28,623 -    ➡️  double_top_long_4H: 3 positions | Candles: 34
2025-12-17 14:12:28,623 -       - BNBUSDT      | Size: 0.04       | Entry: 876.15    
2025-12-17 14:12:28,623 -       - ETHUSDT      | Size: 0.01       | Entry: 3198.01   
2025-12-17 14:12:28,623 -       - LINKUSDT     | Size: 2          | Entry: 13.732    
2025-12-17 14:12:28,623 -    ➡️  revers_long_1H: 1 positions | Candles: 25
2025-12-17 14:12:28,623 -       - XRPUSDT      | Size: 20         | Entry: 1.922     
2025-12-17 14:12:28,623 -    ➡️  revers_short_6Hutc: 10 positions | Candles: 7
2025-12-17 14:12:28,623 -       - ADAUSDT      | Size: 105        | Entry: 0.3804    
2025-12-17 14:12:28,623 -       - BNBUSDT      | Size: 0.04       | Entry: 843.99    
2025-12-17 14:12:28,623 -       - BTCUSDT      | Size: 0.0004     | Entry: 85702     
2025-12-17 14:12:28,623 -       - DOGEUSDT     | Size: 312        | Entry: 0.12786   
2025-12-17 14:12:28,623 -       - ETHUSDT      | Size: 0.01       | Entry: 2936.6    
2025-12-17 14:12:28,623 -       - HBARUSDT     | Size: 356        | Entry: 0.11234   
2025-12-17 14:12:28,623 -       - LINKUSDT     | Size: 3          | Entry: 12.585    
2025-12-17 14:12:28,623 -       - SOLUSDT      | Size: 0.3        | Entry: 124.987   
2025-12-17 14:12:28,623 -       - WLDUSDT      | Size: 75         | Entry: 0.5286    
2025-12-17 14:12:28,623 -       - XRPUSDT      | Size: 21         | Entry: 1.8909    
2025-12-17 14:12:28,623 -    ➡️  revers_long_6Hutc: 2 positions | Candles: 21
2025-12-17 14:12:28,623 -       - BNBUSDT      | Size: 0.03       | Entry: 891.18    
2025-12-17 14:12:28,623 -       - BTCUSDT      | Size: 0.0003     | Entry: 92367.4   
2025-12-17 14:12:28,623 -    ➡️  parity_short_1H: 6 positions | Candles: 27
2025-12-17 14:12:28,623 -       - BNBUSDT      | Size: 0.04       | Entry: 859.08    
2025-12-17 14:12:28,623 -       - BTCUSDT      | Size: 0.0004     | Entry: 86297.7   
2025-12-17 14:12:28,623 -       - DOGEUSDT     | Size: 310        | Entry: 0.12882   
2025-12-17 14:12:28,623 -       - ETHUSDT      | Size: 0.01       | Entry: 2924.4    
2025-12-17 14:12:28,623 -       - SOLUSDT      | Size: 0.3        | Entry: 126.22    
2025-12-17 14:12:28,623 -       - XRPUSDT      | Size: 21         | Entry: 1.879     
2025-12-17 14:12:28,623 -    ➡️  parity_long_1H: 3 positions | Candles: 26
2025-12-17 14:12:28,623 -       - BTCUSDT      | Size: 0.0004     | Entry: 86933.2   
2025-12-17 14:12:28,623 -       - DOGEUSDT     | Size: 305        | Entry: 0.13073   
2025-12-17 14:12:28,623 -       - SOLUSDT      | Size: 0.3        | Entry: 128.357   
2025-12-17 14:12:28,973 - 🔹 Strategy double_top_long_4H (4H): 32 symbols
2025-12-17 14:12:28,975 - 🔹 Strategy revers_long_4H     (4H): 32 symbols
2025-12-17 14:12:28,978 - 🔹 Strategy parity_long_4H     (4H): 32 symbols
2025-12-17 14:12:28,981 - 🔹 Strategy revers_short_4H    (4H): 32 symbols
2025-12-17 14:12:28,983 - 🔹 Strategy parity_short_4H    (4H): 32 symbols
2025-12-17 14:12:28,986 - 🔹 Strategy revers_long_1H     (1H):  6 symbols
2025-12-17 14:12:28,988 - 🔹 Strategy revers_short_1H    (1H):  6 symbols
2025-12-17 14:12:28,991 - 🔹 Strategy revers_long_6Hutc  (6Hutc): 15 symbols
2025-12-17 14:12:28,993 - 🔹 Strategy revers_short_6Hutc (6Hutc): 15 symbols
2025-12-17 14:12:28,995 - 🔹 Strategy parity_long_1H     (1H):  6 symbols
2025-12-17 14:12:28,997 - 🔹 Strategy parity_short_1H    (1H):  6 symbols
2025-12-17 14:12:28,997 - 
➡️ Detected timeframes: 4H, 1H, 6Hutc
2025-12-17 14:12:28,998 -    🔹 4H: double_top_long_4H, revers_long_4H, parity_long_4H, revers_short_4H, parity_short_4H
2025-12-17 14:12:28,998 -    🔹 1H: revers_long_1H, revers_short_1H, parity_long_1H, parity_short_1H
2025-12-17 14:12:28,998 -    🔹 6Hutc: revers_long_6Hutc, revers_short_6Hutc
2025-12-17 14:12:28,998 - 
✅ BOT Initialization completed

2025-12-17 14:12:29,010 - 
2025-12-17 14:12:29,010 - [1;94m========================================================================================================================[0m
2025-12-17 14:12:29,010 - [1;94m📈 STRATEGY ANALYSIS[0m
2025-12-17 14:12:29,010 - [1;94m========================================================================================================================[0m
2025-12-17 14:12:29,017 - [1;85mStrategy          [0m  [1;85mdate_fo   [0m  [1;85m Trades_num[0m  [1;85m Trades_pct[0m  [1;85mTotal_profit[0m  [1;85m Profit_pct[0m  [1;85mTP_pct[0m  [1;85mSL_pct[0m  [1;85mOOM_pct[0m  [1;85mAvg_days[0m
2025-12-17 14:12:29,017 - [0;94mdouble_top_long_4H[0m  2025-12-11            1        100.0  [1;92m         1.9[0m         0.41   100.0     0.0      0.0      0.22
2025-12-17 14:12:29,017 - [0;94mrevers_short_4H   [0m  2025-12-11           30        96.67  [1;92m       52.09[0m        11.35   96.67    3.33      0.0      2.81
2025-12-17 14:12:29,017 - [0;94mparity_short_4H   [0m  2025-12-11           27        92.59  [1;92m       40.06[0m         8.73   92.59    7.41      0.0      3.15
2025-12-17 14:12:29,017 - [0;94mrevers_short_1H   [0m  2025-12-11           19        78.95  [1;92m        7.58[0m         1.65   78.95    5.26      0.0      0.91
2025-12-17 14:12:29,018 - [0;94mrevers_long_1H    [0m  2025-12-11            5         20.0  [1;91m        -7.2[0m        -1.57    20.0     0.0      0.0      1.79
2025-12-17 14:12:29,018 - [0;94mrevers_short_6Hutc[0m  2025-12-12            7        71.43  [1;92m        2.13[0m         0.46   85.71   14.29      0.0      1.63
2025-12-17 14:12:29,018 - [0;94mparity_long_4H    [0m  2025-12-11            1          0.0  [1;91m       -4.05[0m        -0.88     0.0   100.0      0.0      3.25
2025-12-17 14:12:29,018 - [0;94mrevers_long_6Hutc [0m  2025-12-12            4          0.0  [1;91m      -10.62[0m        -2.31     0.0   100.0      0.0      3.47
2025-12-17 14:12:29,018 - 
2025-12-17 14:12:29,018 - [1;94m========================================================================================================================[0m
2025-12-17 14:12:29,018 - [1;94m📊 TOTAL SUMMARY[0m
2025-12-17 14:12:29,018 - [1;94m========================================================================================================================[0m
2025-12-17 14:12:29,018 - [0;94m🧮 Trades_num   :[0m 94
2025-12-17 14:12:29,018 - [0;94m🕜 Avg_duration :[0m 2.4 days
2025-12-17 14:12:29,018 - [0;94m🎯 Trades_pct   :[0m 80.85 %
2025-12-17 14:12:29,018 - [0;94m💱 Profit_pct   :[0m 2.23 %
2025-12-17 14:12:29,018 - 💵 [1;94mTOTAL_profit :[0m [1;92m81.89 $[0m
2025-12-17 14:12:29,018 - [1;94m========================================================================================================================[0m
2025-12-17 14:12:29,018 - 
2025-12-17 14:12:29,018 - 
[1;94mInitializing WebSocket connections...[0m
2025-12-17 14:12:29,755 - 🔌 PRIVATE WebSocket connected (first time)
2025-12-17 14:12:30,019 - 📱 WebSocket status:
2025-12-17 14:12:30,019 -    - Public WS    : ⚠️  Not connected
2025-12-17 14:12:30,019 -    - Private WS   : ✅ Connected
2025-12-17 14:12:30,019 -    - Authenticated: ⚠️  No
2025-12-17 14:12:30,031 - 🔌 PUBLIC  WebSocket connected
2025-12-17 14:12:30,255 - 🛜 Subscribing to 5 private channels...
2025-12-17 14:12:30,255 - 🆗 orders
2025-12-17 14:12:30,255 - 🆗 fill
2025-12-17 14:12:30,255 - 🆗 positions
2025-12-17 14:12:30,255 - 🆗 account
2025-12-17 14:12:30,255 - 🆗 equity
2025-12-17 14:12:30,255 - ✅ WebSocket authentication successful
2025-12-17 14:12:30,519 - 📦 Pre-loading contract info for 33 symbols via API...
2025-12-17 14:12:43,160 - [0;36m✅ Pre-loaded 33/33 contracts[0m
2025-12-17 14:12:43,161 - 
2025-12-17 14:12:43,161 - ⏰ Next candle for 4H    : 2025-12-17 16:00:45 UTC
2025-12-17 14:12:43,161 - ⏰ Next candle for 1H    : 2025-12-17 14:00:45 UTC
2025-12-17 14:12:43,161 - ⏰ Next candle for 6Hutc : 2025-12-17 18:00:45 UTC
2025-12-17 14:27:16,413 - 
🔚 Interrupted by user.
2025-12-17 14:27:16,420 - ⛔ BOT Stopped
2025-12-17 14:27:20,129 - [1;94m========================================================================================================================[0m
2025-12-17 14:27:20,129 - [1;94m🤖 === STARTING MULTI-STRATEGY BOT OPERATING IN ACCOUNT: 01 🤖 ===[0m
2025-12-17 14:27:20,129 - [1;94m========================================================================================================================[0m
2025-12-17 14:27:20,129 - ✅  State loaded: 52 positions recovered
2025-12-17 14:27:20,129 -    ➡️  revers_short_1H: 2 positions | Candles: 45
2025-12-17 14:27:20,129 -       - BNBUSDT      | Size: 0.04       | Entry: 855.02    
2025-12-17 14:27:20,129 -       - BTCUSDT      | Size: 0.0004     | Entry: 86796.8   
2025-12-17 14:27:20,129 -    ➡️  revers_long_4H: 2 positions | Candles: 35
2025-12-17 14:27:20,129 -       - BGBUSDT      | Size: 11         | Entry: 3.6       
2025-12-17 14:27:20,129 -       - ETHUSDT      | Size: 0.01       | Entry: 3177.11   
2025-12-17 14:27:20,129 -    ➡️  parity_long_4H: 2 positions | Candles: 35
2025-12-17 14:27:20,129 -       - BGBUSDT      | Size: 11         | Entry: 3.6       
2025-12-17 14:27:20,129 -       - ETHUSDT      | Size: 0.01       | Entry: 3177.73   
2025-12-17 14:27:20,129 -    ➡️  revers_short_4H: 19 positions | Candles: 6
2025-12-17 14:27:20,129 -       - AAVEUSDT     | Size: 0.2        | Entry: 188.07    
2025-12-17 14:27:20,129 -       - ADAUSDT      | Size: 103        | Entry: 0.3883    
2025-12-17 14:27:20,129 -       - APTUSDT      | Size: 25.078     | Entry: 1.595     
2025-12-17 14:27:20,129 -       - ARBUSDT      | Size: 200.6      | Entry: 0.1994    
2025-12-17 14:27:20,129 -       - AVAXUSDT     | Size: 3.2        | Entry: 12.353    
2025-12-17 14:27:20,129 -       - DOGEUSDT     | Size: 303        | Entry: 0.13171   
2025-12-17 14:27:20,129 -       - DOTUSDT      | Size: 20         | Entry: 1.924     
2025-12-17 14:27:20,129 -       - ETHUSDT      | Size: 0.01       | Entry: 2958.82   
2025-12-17 14:27:20,129 -       - HBARUSDT     | Size: 344        | Entry: 0.11601   
2025-12-17 14:27:20,129 -       - HYPEUSDT     | Size: 1.45       | Entry: 27.434    
2025-12-17 14:27:20,130 -       - LINKUSDT     | Size: 3          | Entry: 12.963    
2025-12-17 14:27:20,130 -       - LTCUSDT      | Size: 0.5        | Entry: 78.96     
2025-12-17 14:27:20,130 -       - NEARUSDT     | Size: 25         | Entry: 1.5431    
2025-12-17 14:27:20,130 -       - ONDOUSDT     | Size: 96.6       | Entry: 0.4136    
2025-12-17 14:27:20,130 -       - SEIUSDT      | Size: 334        | Entry: 0.11949   
2025-12-17 14:27:20,130 -       - SOLUSDT      | Size: 0.3        | Entry: 128.59    
2025-12-17 14:27:20,130 -       - SUIUSDT      | Size: 26.4       | Entry: 1.5112    
2025-12-17 14:27:20,130 -       - WIFUSDT      | Size: 106.2      | Entry: 0.3763    
2025-12-17 14:27:20,130 -       - XRPUSDT      | Size: 20         | Entry: 1.9235    
2025-12-17 14:27:20,130 -    ➡️  parity_short_4H: 2 positions | Candles: 35
2025-12-17 14:27:20,130 -       - BNBUSDT      | Size: 0.04       | Entry: 863.8     
2025-12-17 14:27:20,130 -       - BTCUSDT      | Size: 0.0004     | Entry: 89709     
2025-12-17 14:27:20,130 -    ➡️  double_top_long_4H: 3 positions | Candles: 34
2025-12-17 14:27:20,130 -       - BNBUSDT      | Size: 0.04       | Entry: 876.15    
2025-12-17 14:27:20,130 -       - ETHUSDT      | Size: 0.01       | Entry: 3198.01   
2025-12-17 14:27:20,130 -       - LINKUSDT     | Size: 2          | Entry: 13.732    
2025-12-17 14:27:20,130 -    ➡️  revers_long_1H: 1 positions | Candles: 25
2025-12-17 14:27:20,130 -       - XRPUSDT      | Size: 20         | Entry: 1.922     
2025-12-17 14:27:20,130 -    ➡️  revers_short_6Hutc: 10 positions | Candles: 7
2025-12-17 14:27:20,130 -       - ADAUSDT      | Size: 105        | Entry: 0.3804    
2025-12-17 14:27:20,130 -       - BNBUSDT      | Size: 0.04       | Entry: 843.99    
2025-12-17 14:27:20,130 -       - BTCUSDT      | Size: 0.0004     | Entry: 85702     
2025-12-17 14:27:20,130 -       - DOGEUSDT     | Size: 312        | Entry: 0.12786   
2025-12-17 14:27:20,130 -       - ETHUSDT      | Size: 0.01       | Entry: 2936.6    
2025-12-17 14:27:20,130 -       - HBARUSDT     | Size: 356        | Entry: 0.11234   
2025-12-17 14:27:20,130 -       - LINKUSDT     | Size: 3          | Entry: 12.585    
2025-12-17 14:27:20,130 -       - SOLUSDT      | Size: 0.3        | Entry: 124.987   
2025-12-17 14:27:20,130 -       - WLDUSDT      | Size: 75         | Entry: 0.5286    
2025-12-17 14:27:20,130 -       - XRPUSDT      | Size: 21         | Entry: 1.8909    
2025-12-17 14:27:20,130 -    ➡️  revers_long_6Hutc: 2 positions | Candles: 21
2025-12-17 14:27:20,130 -       - BNBUSDT      | Size: 0.03       | Entry: 891.18    
2025-12-17 14:27:20,130 -       - BTCUSDT      | Size: 0.0003     | Entry: 92367.4   
2025-12-17 14:27:20,130 -    ➡️  parity_short_1H: 6 positions | Candles: 27
2025-12-17 14:27:20,130 -       - BNBUSDT      | Size: 0.04       | Entry: 859.08    
2025-12-17 14:27:20,130 -       - BTCUSDT      | Size: 0.0004     | Entry: 86297.7   
2025-12-17 14:27:20,130 -       - DOGEUSDT     | Size: 310        | Entry: 0.12882   
2025-12-17 14:27:20,130 -       - ETHUSDT      | Size: 0.01       | Entry: 2924.4    
2025-12-17 14:27:20,130 -       - SOLUSDT      | Size: 0.3        | Entry: 126.22    
2025-12-17 14:27:20,130 -       - XRPUSDT      | Size: 21         | Entry: 1.879     
2025-12-17 14:27:20,130 -    ➡️  parity_long_1H: 3 positions | Candles: 26
2025-12-17 14:27:20,130 -       - BTCUSDT      | Size: 0.0004     | Entry: 86933.2   
2025-12-17 14:27:20,130 -       - DOGEUSDT     | Size: 305        | Entry: 0.13073   
2025-12-17 14:27:20,130 -       - SOLUSDT      | Size: 0.3        | Entry: 128.357   
2025-12-17 14:27:20,558 - 🔹 Strategy double_top_long_4H (4H): 32 symbols
2025-12-17 14:27:20,561 - 🔹 Strategy revers_long_4H     (4H): 32 symbols
2025-12-17 14:27:20,564 - 🔹 Strategy parity_long_4H     (4H): 32 symbols
2025-12-17 14:27:20,566 - 🔹 Strategy revers_short_4H    (4H): 32 symbols
2025-12-17 14:27:20,569 - 🔹 Strategy parity_short_4H    (4H): 32 symbols
2025-12-17 14:27:20,571 - 🔹 Strategy revers_long_1H     (1H):  6 symbols
2025-12-17 14:27:20,574 - 🔹 Strategy revers_short_1H    (1H):  6 symbols
2025-12-17 14:27:20,576 - 🔹 Strategy revers_long_6Hutc  (6Hutc): 15 symbols
2025-12-17 14:27:20,579 - 🔹 Strategy revers_short_6Hutc (6Hutc): 15 symbols
2025-12-17 14:27:20,581 - 🔹 Strategy parity_long_1H     (1H):  6 symbols
2025-12-17 14:27:20,585 - 🔹 Strategy parity_short_1H    (1H):  6 symbols
2025-12-17 14:27:20,585 - 
➡️ Detected timeframes: 4H, 6Hutc, 1H
2025-12-17 14:27:20,585 -    🔹 4H: double_top_long_4H, revers_long_4H, parity_long_4H, revers_short_4H, parity_short_4H
2025-12-17 14:27:20,585 -    🔹 6Hutc: revers_long_6Hutc, revers_short_6Hutc
2025-12-17 14:27:20,585 -    🔹 1H: revers_long_1H, revers_short_1H, parity_long_1H, parity_short_1H
2025-12-17 14:27:20,585 - 
✅ BOT Initialization completed

2025-12-17 14:27:20,599 - 
2025-12-17 14:27:20,599 - [1;94m========================================================================================================================[0m
2025-12-17 14:27:20,599 - [1;94m📈 STRATEGY ANALYSIS[0m
2025-12-17 14:27:20,599 - [1;94m========================================================================================================================[0m
2025-12-17 14:27:20,606 - [1;85mStrategy          [0m  [1;85mdate_fo   [0m  [1;85m Trades_num[0m  [1;85m Trades_pct[0m  [1;85mTotal_profit[0m  [1;85m Profit_pct[0m  [1;85mTP_pct[0m  [1;85mSL_pct[0m  [1;85mOOM_pct[0m  [1;85mAvg_days[0m
2025-12-17 14:27:20,606 - [0;94mdouble_top_long_4H[0m  2025-12-11            1        100.0  [1;92m         1.9[0m         0.41   100.0     0.0      0.0      0.22
2025-12-17 14:27:20,606 - [0;94mrevers_short_4H   [0m  2025-12-11           30        96.67  [1;92m       52.09[0m        11.35   96.67    3.33      0.0      2.81
2025-12-17 14:27:20,606 - [0;94mparity_short_4H   [0m  2025-12-11           27        92.59  [1;92m       40.06[0m         8.73   92.59    7.41      0.0      3.15
2025-12-17 14:27:20,606 - [0;94mrevers_short_1H   [0m  2025-12-11           19        78.95  [1;92m        7.58[0m         1.65   78.95    5.26      0.0      0.91
2025-12-17 14:27:20,606 - [0;94mrevers_long_1H    [0m  2025-12-11            5         20.0  [1;91m        -7.2[0m        -1.57    20.0     0.0      0.0      1.79
2025-12-17 14:27:20,607 - [0;94mrevers_short_6Hutc[0m  2025-12-12            7        71.43  [1;92m        2.13[0m         0.46   85.71   14.29      0.0      1.63
2025-12-17 14:27:20,607 - [0;94mparity_long_4H    [0m  2025-12-11            1          0.0  [1;91m       -4.05[0m        -0.88     0.0   100.0      0.0      3.25
2025-12-17 14:27:20,607 - [0;94mrevers_long_6Hutc [0m  2025-12-12            4          0.0  [1;91m      -10.62[0m        -2.31     0.0   100.0      0.0      3.47
2025-12-17 14:27:20,607 - 
2025-12-17 14:27:20,607 - [1;94m========================================================================================================================[0m
2025-12-17 14:27:20,607 - [1;94m📊 TOTAL SUMMARY[0m
2025-12-17 14:27:20,607 - [1;94m========================================================================================================================[0m
2025-12-17 14:27:20,607 - [0;94m🧮 Trades_num   :[0m 94
2025-12-17 14:27:20,607 - [0;94m🕜 Avg_duration :[0m 2.4 days
2025-12-17 14:27:20,607 - [0;94m🎯 Trades_pct   :[0m 80.85 %
2025-12-17 14:27:20,607 - [0;94m💱 Profit_pct   :[0m 2.23 %
2025-12-17 14:27:20,607 - 💵 [1;94mTOTAL_profit :[0m [1;92m81.89 $[0m
2025-12-17 14:27:20,607 - [1;94m========================================================================================================================[0m
2025-12-17 14:27:20,607 - 
2025-12-17 14:27:20,607 - 
[1;94mInitializing WebSocket connections...[0m
2025-12-17 14:27:21,608 - 📱 WebSocket status:
2025-12-17 14:27:21,608 -    - Public WS    : ⚠️  Not connected
2025-12-17 14:27:21,608 -    - Private WS   : ⚠️  Not connected
2025-12-17 14:27:21,608 -    - Authenticated: ⚠️  No
2025-12-17 14:27:21,639 - 🔌 PUBLIC  WebSocket connected
2025-12-17 14:27:21,639 - 🔌 PRIVATE WebSocket connected (first time)
2025-12-17 14:27:22,139 - 🛜 Subscribing to 5 private channels...
2025-12-17 14:27:22,139 - 🆗 orders
2025-12-17 14:27:22,139 - 🆗 fill
2025-12-17 14:27:22,139 - 🆗 positions
2025-12-17 14:27:22,140 - 🆗 account
2025-12-17 14:27:22,140 - 🆗 equity
2025-12-17 14:27:22,140 - ✅ WebSocket authentication successful
2025-12-17 14:27:22,608 - 📦 Pre-loading contract info for 33 symbols via API...
2025-12-17 14:27:35,471 - [0;36m✅ Pre-loaded 33/33 contracts[0m
2025-12-17 14:27:35,471 - 
2025-12-17 14:27:35,472 - ⏰ Next candle for 4H    : 2025-12-17 16:00:45 UTC
2025-12-17 14:27:35,472 - ⏰ Next candle for 6Hutc : 2025-12-17 18:00:45 UTC
2025-12-17 14:27:35,472 - ⏰ Next candle for 1H    : 2025-12-17 14:00:45 UTC
2025-12-17 14:29:08,461 - 
🔚 Interrupted by user.
2025-12-17 14:29:08,465 - ⛔ BOT Stopped
2025-12-17 14:29:12,214 - [1;94m========================================================================================================================[0m
2025-12-17 14:29:12,214 - [1;94m🤖 === STARTING MULTI-STRATEGY BOT OPERATING IN ACCOUNT: 01 🤖 ===[0m
2025-12-17 14:29:12,215 - [1;94m========================================================================================================================[0m
2025-12-17 14:29:12,215 - ✅  State loaded: 52 positions recovered
2025-12-17 14:29:12,215 -    ➡️  revers_short_1H: 2 positions | Candles: 45
2025-12-17 14:29:12,215 -       - BNBUSDT      | Size: 0.04       | Entry: 855.02    
2025-12-17 14:29:12,215 -       - BTCUSDT      | Size: 0.0004     | Entry: 86796.8   
2025-12-17 14:29:12,215 -    ➡️  revers_long_4H: 2 positions | Candles: 35
2025-12-17 14:29:12,215 -       - BGBUSDT      | Size: 11         | Entry: 3.6       
2025-12-17 14:29:12,215 -       - ETHUSDT      | Size: 0.01       | Entry: 3177.11   
2025-12-17 14:29:12,215 -    ➡️  parity_long_4H: 2 positions | Candles: 35
2025-12-17 14:29:12,215 -       - BGBUSDT      | Size: 11         | Entry: 3.6       
2025-12-17 14:29:12,215 -       - ETHUSDT      | Size: 0.01       | Entry: 3177.73   
2025-12-17 14:29:12,215 -    ➡️  revers_short_4H: 19 positions | Candles: 6
2025-12-17 14:29:12,215 -       - AAVEUSDT     | Size: 0.2        | Entry: 188.07    
2025-12-17 14:29:12,215 -       - ADAUSDT      | Size: 103        | Entry: 0.3883    
2025-12-17 14:29:12,215 -       - APTUSDT      | Size: 25.078     | Entry: 1.595     
2025-12-17 14:29:12,215 -       - ARBUSDT      | Size: 200.6      | Entry: 0.1994    
2025-12-17 14:29:12,215 -       - AVAXUSDT     | Size: 3.2        | Entry: 12.353    
2025-12-17 14:29:12,215 -       - DOGEUSDT     | Size: 303        | Entry: 0.13171   
2025-12-17 14:29:12,215 -       - DOTUSDT      | Size: 20         | Entry: 1.924     
2025-12-17 14:29:12,215 -       - ETHUSDT      | Size: 0.01       | Entry: 2958.82   
2025-12-17 14:29:12,215 -       - HBARUSDT     | Size: 344        | Entry: 0.11601   
2025-12-17 14:29:12,215 -       - HYPEUSDT     | Size: 1.45       | Entry: 27.434    
2025-12-17 14:29:12,215 -       - LINKUSDT     | Size: 3          | Entry: 12.963    
2025-12-17 14:29:12,215 -       - LTCUSDT      | Size: 0.5        | Entry: 78.96     
2025-12-17 14:29:12,215 -       - NEARUSDT     | Size: 25         | Entry: 1.5431    
2025-12-17 14:29:12,215 -       - ONDOUSDT     | Size: 96.6       | Entry: 0.4136    
2025-12-17 14:29:12,215 -       - SEIUSDT      | Size: 334        | Entry: 0.11949   
2025-12-17 14:29:12,215 -       - SOLUSDT      | Size: 0.3        | Entry: 128.59    
2025-12-17 14:29:12,215 -       - SUIUSDT      | Size: 26.4       | Entry: 1.5112    
2025-12-17 14:29:12,215 -       - WIFUSDT      | Size: 106.2      | Entry: 0.3763    
2025-12-17 14:29:12,215 -       - XRPUSDT      | Size: 20         | Entry: 1.9235    
2025-12-17 14:29:12,215 -    ➡️  parity_short_4H: 2 positions | Candles: 35
2025-12-17 14:29:12,215 -       - BNBUSDT      | Size: 0.04       | Entry: 863.8     
2025-12-17 14:29:12,215 -       - BTCUSDT      | Size: 0.0004     | Entry: 89709     
2025-12-17 14:29:12,215 -    ➡️  double_top_long_4H: 3 positions | Candles: 34
2025-12-17 14:29:12,215 -       - BNBUSDT      | Size: 0.04       | Entry: 876.15    
2025-12-17 14:29:12,215 -       - ETHUSDT      | Size: 0.01       | Entry: 3198.01   
2025-12-17 14:29:12,215 -       - LINKUSDT     | Size: 2          | Entry: 13.732    
2025-12-17 14:29:12,215 -    ➡️  revers_long_1H: 1 positions | Candles: 25
2025-12-17 14:29:12,215 -       - XRPUSDT      | Size: 20         | Entry: 1.922     
2025-12-17 14:29:12,215 -    ➡️  revers_short_6Hutc: 10 positions | Candles: 7
2025-12-17 14:29:12,215 -       - ADAUSDT      | Size: 105        | Entry: 0.3804    
2025-12-17 14:29:12,215 -       - BNBUSDT      | Size: 0.04       | Entry: 843.99    
2025-12-17 14:29:12,215 -       - BTCUSDT      | Size: 0.0004     | Entry: 85702     
2025-12-17 14:29:12,215 -       - DOGEUSDT     | Size: 312        | Entry: 0.12786   
2025-12-17 14:29:12,215 -       - ETHUSDT      | Size: 0.01       | Entry: 2936.6    
2025-12-17 14:29:12,215 -       - HBARUSDT     | Size: 356        | Entry: 0.11234   
2025-12-17 14:29:12,215 -       - LINKUSDT     | Size: 3          | Entry: 12.585    
2025-12-17 14:29:12,215 -       - SOLUSDT      | Size: 0.3        | Entry: 124.987   
2025-12-17 14:29:12,215 -       - WLDUSDT      | Size: 75         | Entry: 0.5286    
2025-12-17 14:29:12,215 -       - XRPUSDT      | Size: 21         | Entry: 1.8909    
2025-12-17 14:29:12,215 -    ➡️  revers_long_6Hutc: 2 positions | Candles: 21
2025-12-17 14:29:12,215 -       - BNBUSDT      | Size: 0.03       | Entry: 891.18    
2025-12-17 14:29:12,215 -       - BTCUSDT      | Size: 0.0003     | Entry: 92367.4   
2025-12-17 14:29:12,215 -    ➡️  parity_short_1H: 6 positions | Candles: 27
2025-12-17 14:29:12,215 -       - BNBUSDT      | Size: 0.04       | Entry: 859.08    
2025-12-17 14:29:12,216 -       - BTCUSDT      | Size: 0.0004     | Entry: 86297.7   
2025-12-17 14:29:12,216 -       - DOGEUSDT     | Size: 310        | Entry: 0.12882   
2025-12-17 14:29:12,216 -       - ETHUSDT      | Size: 0.01       | Entry: 2924.4    
2025-12-17 14:29:12,216 -       - SOLUSDT      | Size: 0.3        | Entry: 126.22    
2025-12-17 14:29:12,216 -       - XRPUSDT      | Size: 21         | Entry: 1.879     
2025-12-17 14:29:12,216 -    ➡️  parity_long_1H: 3 positions | Candles: 26
2025-12-17 14:29:12,216 -       - BTCUSDT      | Size: 0.0004     | Entry: 86933.2   
2025-12-17 14:29:12,216 -       - DOGEUSDT     | Size: 305        | Entry: 0.13073   
2025-12-17 14:29:12,216 -       - SOLUSDT      | Size: 0.3        | Entry: 128.357   
2025-12-17 14:29:12,559 - 🔹 Strategy double_top_long_4H (4H): 32 symbols
2025-12-17 14:29:12,561 - 🔹 Strategy revers_long_4H     (4H): 32 symbols
2025-12-17 14:29:12,571 - 🔹 Strategy parity_long_4H     (4H): 32 symbols
2025-12-17 14:29:12,574 - 🔹 Strategy revers_short_4H    (4H): 32 symbols
2025-12-17 14:29:12,577 - 🔹 Strategy parity_short_4H    (4H): 32 symbols
2025-12-17 14:29:12,579 - 🔹 Strategy revers_long_1H     (1H):  6 symbols
2025-12-17 14:29:12,581 - 🔹 Strategy revers_short_1H    (1H):  6 symbols
2025-12-17 14:29:12,583 - 🔹 Strategy revers_long_6Hutc  (6Hutc): 15 symbols
2025-12-17 14:29:12,586 - 🔹 Strategy revers_short_6Hutc (6Hutc): 15 symbols
2025-12-17 14:29:12,588 - 🔹 Strategy parity_long_1H     (1H):  6 symbols
2025-12-17 14:29:12,590 - 🔹 Strategy parity_short_1H    (1H):  6 symbols
2025-12-17 14:29:12,590 - 
➡️ Detected timeframes: 6Hutc, 1H, 4H
2025-12-17 14:29:12,590 -    🔹 6Hutc: revers_long_6Hutc, revers_short_6Hutc
2025-12-17 14:29:12,590 -    🔹 1H: revers_long_1H, revers_short_1H, parity_long_1H, parity_short_1H
2025-12-17 14:29:12,590 -    🔹 4H: double_top_long_4H, revers_long_4H, parity_long_4H, revers_short_4H, parity_short_4H
2025-12-17 14:29:12,590 - 
✅ BOT Initialization completed

2025-12-17 14:29:12,602 - 
2025-12-17 14:29:12,602 - [1;94m========================================================================================================================[0m
2025-12-17 14:29:12,602 - [1;94m📈 STRATEGY ANALYSIS[0m
2025-12-17 14:29:12,602 - [1;94m========================================================================================================================[0m
2025-12-17 14:29:12,610 - [1;85mStrategy          [0m  [1;85mdate_fo   [0m  [1;85m Trades_num[0m  [1;85m Trades_pct[0m  [1;85mTotal_profit[0m  [1;85m Profit_pct[0m  [1;85mTP_pct[0m  [1;85mSL_pct[0m  [1;85mOOM_pct[0m  [1;85mAvg_days[0m
2025-12-17 14:29:12,610 - [0;94mdouble_top_long_4H[0m  2025-12-11            1        100.0  [1;92m         1.9[0m         0.41   100.0     0.0      0.0      0.22
2025-12-17 14:29:12,610 - [0;94mrevers_short_4H   [0m  2025-12-11           30        96.67  [1;92m       52.09[0m        11.35   96.67    3.33      0.0      2.81
2025-12-17 14:29:12,610 - [0;94mparity_short_4H   [0m  2025-12-11           27        92.59  [1;92m       40.06[0m         8.73   92.59    7.41      0.0      3.15
2025-12-17 14:29:12,610 - [0;94mrevers_short_1H   [0m  2025-12-11           19        78.95  [1;92m        7.58[0m         1.65   78.95    5.26      0.0      0.91
2025-12-17 14:29:12,610 - [0;94mrevers_long_1H    [0m  2025-12-11            5         20.0  [1;91m        -7.2[0m        -1.57    20.0     0.0      0.0      1.79
2025-12-17 14:29:12,610 - [0;94mrevers_short_6Hutc[0m  2025-12-12            7        71.43  [1;92m        2.13[0m         0.46   85.71   14.29      0.0      1.63
2025-12-17 14:29:12,610 - [0;94mparity_long_4H    [0m  2025-12-11            1          0.0  [1;91m       -4.05[0m        -0.88     0.0   100.0      0.0      3.25
2025-12-17 14:29:12,610 - [0;94mrevers_long_6Hutc [0m  2025-12-12            4          0.0  [1;91m      -10.62[0m        -2.31     0.0   100.0      0.0      3.47
2025-12-17 14:29:12,610 - 
2025-12-17 14:29:12,610 - [1;94m========================================================================================================================[0m
2025-12-17 14:29:12,611 - [1;94m📊 TOTAL SUMMARY[0m
2025-12-17 14:29:12,611 - [1;94m========================================================================================================================[0m
2025-12-17 14:29:12,611 - [0;94m🧮 Trades_num   :[0m 94
2025-12-17 14:29:12,611 - [0;94m🕜 Avg_duration :[0m 2.4 days
2025-12-17 14:29:12,611 - [0;94m🎯 Trades_pct   :[0m 80.85 %
2025-12-17 14:29:12,611 - [0;94m💱 Profit_pct   :[0m 2.23 %
2025-12-17 14:29:12,611 - 💵 [1;94mTOTAL_profit :[0m [1;92m81.89 $[0m
2025-12-17 14:29:12,611 - [1;94m========================================================================================================================[0m
2025-12-17 14:29:12,611 - 
2025-12-17 14:29:12,611 - 
[1;94mInitializing WebSocket connections...[0m
2025-12-17 14:29:13,360 - 🔌 PUBLIC  WebSocket connected
2025-12-17 14:29:13,360 - 🔌 PRIVATE WebSocket connected (first time)
2025-12-17 14:29:13,611 - 📱 WebSocket status:
2025-12-17 14:29:13,611 -    - Public WS    : ✅ Connected
2025-12-17 14:29:13,611 -    - Private WS   : ✅ Connected
2025-12-17 14:29:13,611 -    - Authenticated: ⚠️  No
2025-12-17 14:29:13,860 - 🛜 Subscribing to 5 private channels...
2025-12-17 14:29:13,860 - 🆗 orders
2025-12-17 14:29:13,860 - 🆗 fill
2025-12-17 14:29:13,860 - 🆗 positions
2025-12-17 14:29:13,860 - 🆗 account
2025-12-17 14:29:13,860 - 🆗 equity
2025-12-17 14:29:13,860 - ✅ WebSocket authentication successful
2025-12-17 14:29:14,112 - 📦 Pre-loading contract info for 33 symbols via API...
2025-12-17 14:29:26,485 - [0;36m✅ Pre-loaded 33/33 contracts[0m
2025-12-17 14:29:26,486 - 
2025-12-17 14:29:26,486 - ⏰ Next candle for 6Hutc : 2025-12-17 18:00:45 UTC
2025-12-17 14:29:26,486 - ⏰ Next candle for 1H    : 2025-12-17 14:00:45 UTC
2025-12-17 14:29:26,486 - ⏰ Next candle for 4H    : 2025-12-17 16:00:45 UTC
2025-12-17 14:30:32,230 - 
🔚 Interrupted by user.
2025-12-17 14:30:32,234 - ⛔ BOT Stopped
2025-12-17 14:30:36,312 - [1;94m========================================================================================================================[0m
2025-12-17 14:30:36,312 - [1;94m🤖 === STARTING MULTI-STRATEGY BOT OPERATING IN ACCOUNT: 01 🤖 ===[0m
2025-12-17 14:30:36,312 - [1;94m========================================================================================================================[0m
2025-12-17 14:30:36,313 - ✅  State loaded: 52 positions recovered
2025-12-17 14:30:36,313 -    ➡️  revers_short_1H: 2 positions | Candles: 45
2025-12-17 14:30:36,313 -       - BNBUSDT      | Size: 0.04       | Entry: 855.02    
2025-12-17 14:30:36,313 -       - BTCUSDT      | Size: 0.0004     | Entry: 86796.8   
2025-12-17 14:30:36,313 -    ➡️  revers_long_4H: 2 positions | Candles: 35
2025-12-17 14:30:36,313 -       - BGBUSDT      | Size: 11         | Entry: 3.6       
2025-12-17 14:30:36,313 -       - ETHUSDT      | Size: 0.01       | Entry: 3177.11   
2025-12-17 14:30:36,313 -    ➡️  parity_long_4H: 2 positions | Candles: 35
2025-12-17 14:30:36,313 -       - BGBUSDT      | Size: 11         | Entry: 3.6       
2025-12-17 14:30:36,313 -       - ETHUSDT      | Size: 0.01       | Entry: 3177.73   
2025-12-17 14:30:36,313 -    ➡️  revers_short_4H: 19 positions | Candles: 6
2025-12-17 14:30:36,313 -       - AAVEUSDT     | Size: 0.2        | Entry: 188.07    
2025-12-17 14:30:36,313 -       - ADAUSDT      | Size: 103        | Entry: 0.3883    
2025-12-17 14:30:36,313 -       - APTUSDT      | Size: 25.078     | Entry: 1.595     
2025-12-17 14:30:36,313 -       - ARBUSDT      | Size: 200.6      | Entry: 0.1994    
2025-12-17 14:30:36,313 -       - AVAXUSDT     | Size: 3.2        | Entry: 12.353    
2025-12-17 14:30:36,313 -       - DOGEUSDT     | Size: 303        | Entry: 0.13171   
2025-12-17 14:30:36,313 -       - DOTUSDT      | Size: 20         | Entry: 1.924     
2025-12-17 14:30:36,313 -       - ETHUSDT      | Size: 0.01       | Entry: 2958.82   
2025-12-17 14:30:36,313 -       - HBARUSDT     | Size: 344        | Entry: 0.11601   
2025-12-17 14:30:36,313 -       - HYPEUSDT     | Size: 1.45       | Entry: 27.434    
2025-12-17 14:30:36,313 -       - LINKUSDT     | Size: 3          | Entry: 12.963    
2025-12-17 14:30:36,313 -       - LTCUSDT      | Size: 0.5        | Entry: 78.96     
2025-12-17 14:30:36,313 -       - NEARUSDT     | Size: 25         | Entry: 1.5431    
2025-12-17 14:30:36,313 -       - ONDOUSDT     | Size: 96.6       | Entry: 0.4136    
2025-12-17 14:30:36,313 -       - SEIUSDT      | Size: 334        | Entry: 0.11949   
2025-12-17 14:30:36,313 -       - SOLUSDT      | Size: 0.3        | Entry: 128.59    
2025-12-17 14:30:36,313 -       - SUIUSDT      | Size: 26.4       | Entry: 1.5112    
2025-12-17 14:30:36,313 -       - WIFUSDT      | Size: 106.2      | Entry: 0.3763    
2025-12-17 14:30:36,313 -       - XRPUSDT      | Size: 20         | Entry: 1.9235    
2025-12-17 14:30:36,313 -    ➡️  parity_short_4H: 2 positions | Candles: 35
2025-12-17 14:30:36,313 -       - BNBUSDT      | Size: 0.04       | Entry: 863.8     
2025-12-17 14:30:36,313 -       - BTCUSDT      | Size: 0.0004     | Entry: 89709     
2025-12-17 14:30:36,313 -    ➡️  double_top_long_4H: 3 positions | Candles: 34
2025-12-17 14:30:36,313 -       - BNBUSDT      | Size: 0.04       | Entry: 876.15    
2025-12-17 14:30:36,313 -       - ETHUSDT      | Size: 0.01       | Entry: 3198.01   
2025-12-17 14:30:36,313 -       - LINKUSDT     | Size: 2          | Entry: 13.732    
2025-12-17 14:30:36,313 -    ➡️  revers_long_1H: 1 positions | Candles: 25
2025-12-17 14:30:36,313 -       - XRPUSDT      | Size: 20         | Entry: 1.922     
2025-12-17 14:30:36,313 -    ➡️  revers_short_6Hutc: 10 positions | Candles: 7
2025-12-17 14:30:36,313 -       - ADAUSDT      | Size: 105        | Entry: 0.3804    
2025-12-17 14:30:36,313 -       - BNBUSDT      | Size: 0.04       | Entry: 843.99    
2025-12-17 14:30:36,313 -       - BTCUSDT      | Size: 0.0004     | Entry: 85702     
2025-12-17 14:30:36,313 -       - DOGEUSDT     | Size: 312        | Entry: 0.12786   
2025-12-17 14:30:36,313 -       - ETHUSDT      | Size: 0.01       | Entry: 2936.6    
2025-12-17 14:30:36,313 -       - HBARUSDT     | Size: 356        | Entry: 0.11234   
2025-12-17 14:30:36,313 -       - LINKUSDT     | Size: 3          | Entry: 12.585    
2025-12-17 14:30:36,313 -       - SOLUSDT      | Size: 0.3        | Entry: 124.987   
2025-12-17 14:30:36,313 -       - WLDUSDT      | Size: 75         | Entry: 0.5286    
2025-12-17 14:30:36,313 -       - XRPUSDT      | Size: 21         | Entry: 1.8909    
2025-12-17 14:30:36,313 -    ➡️  revers_long_6Hutc: 2 positions | Candles: 21
2025-12-17 14:30:36,313 -       - BNBUSDT      | Size: 0.03       | Entry: 891.18    
2025-12-17 14:30:36,313 -       - BTCUSDT      | Size: 0.0003     | Entry: 92367.4   
2025-12-17 14:30:36,313 -    ➡️  parity_short_1H: 6 positions | Candles: 27
2025-12-17 14:30:36,313 -       - BNBUSDT      | Size: 0.04       | Entry: 859.08    
2025-12-17 14:30:36,313 -       - BTCUSDT      | Size: 0.0004     | Entry: 86297.7   
2025-12-17 14:30:36,313 -       - DOGEUSDT     | Size: 310        | Entry: 0.12882   
2025-12-17 14:30:36,313 -       - ETHUSDT      | Size: 0.01       | Entry: 2924.4    
2025-12-17 14:30:36,313 -       - SOLUSDT      | Size: 0.3        | Entry: 126.22    
2025-12-17 14:30:36,313 -       - XRPUSDT      | Size: 21         | Entry: 1.879     
2025-12-17 14:30:36,313 -    ➡️  parity_long_1H: 3 positions | Candles: 26
2025-12-17 14:30:36,313 -       - BTCUSDT      | Size: 0.0004     | Entry: 86933.2   
2025-12-17 14:30:36,313 -       - DOGEUSDT     | Size: 305        | Entry: 0.13073   
2025-12-17 14:30:36,313 -       - SOLUSDT      | Size: 0.3        | Entry: 128.357   
2025-12-17 14:30:36,664 - 🔹 Strategy double_top_long_4H (4H): 32 symbols
2025-12-17 14:30:36,667 - 🔹 Strategy revers_long_4H     (4H): 32 symbols
2025-12-17 14:30:36,670 - 🔹 Strategy parity_long_4H     (4H): 32 symbols
2025-12-17 14:30:36,672 - 🔹 Strategy revers_short_4H    (4H): 32 symbols
2025-12-17 14:30:36,675 - 🔹 Strategy parity_short_4H    (4H): 32 symbols
2025-12-17 14:30:36,677 - 🔹 Strategy revers_long_1H     (1H):  6 symbols
2025-12-17 14:30:36,680 - 🔹 Strategy revers_short_1H    (1H):  6 symbols
2025-12-17 14:30:36,682 - 🔹 Strategy revers_long_6Hutc  (6Hutc): 15 symbols
2025-12-17 14:30:36,684 - 🔹 Strategy revers_short_6Hutc (6Hutc): 15 symbols
2025-12-17 14:30:36,686 - 🔹 Strategy parity_long_1H     (1H):  6 symbols
2025-12-17 14:30:36,689 - 🔹 Strategy parity_short_1H    (1H):  6 symbols
2025-12-17 14:30:36,689 - 
➡️ Detected timeframes: 6Hutc, 4H, 1H
2025-12-17 14:30:36,689 -    🔹 6Hutc: revers_long_6Hutc, revers_short_6Hutc
2025-12-17 14:30:36,689 -    🔹 4H: double_top_long_4H, revers_long_4H, parity_long_4H, revers_short_4H, parity_short_4H
2025-12-17 14:30:36,689 -    🔹 1H: revers_long_1H, revers_short_1H, parity_long_1H, parity_short_1H
2025-12-17 14:30:36,689 - 
✅ BOT Initialization completed

2025-12-17 14:30:36,701 - 
2025-12-17 14:30:36,701 - [1;94m========================================================================================================================[0m
2025-12-17 14:30:36,701 - [1;94m📈 STRATEGY ANALYSIS[0m
2025-12-17 14:30:36,701 - [1;94m========================================================================================================================[0m
2025-12-17 14:30:36,708 - [1;85mStrategy          [0m  [1;85mdate_fo   [0m  [1;85m Trades_num[0m  [1;85m Trades_pct[0m  [1;85mTotal_profit[0m  [1;85m Profit_pct[0m  [1;85mTP_pct[0m  [1;85mSL_pct[0m  [1;85mOOM_pct[0m  [1;85mAvg_days[0m
2025-12-17 14:30:36,708 - [0;94mdouble_top_long_4H[0m  2025-12-11            1        100.0  [1;92m         1.9[0m         0.41   100.0     0.0      0.0      0.22
2025-12-17 14:30:36,708 - [0;94mrevers_short_4H   [0m  2025-12-11           30        96.67  [1;92m       52.09[0m        11.35   96.67    3.33      0.0      2.81
2025-12-17 14:30:36,708 - [0;94mparity_short_4H   [0m  2025-12-11           27        92.59  [1;92m       40.06[0m         8.73   92.59    7.41      0.0      3.15
2025-12-17 14:30:36,709 - [0;94mrevers_short_1H   [0m  2025-12-11           19        78.95  [1;92m        7.58[0m         1.65   78.95    5.26      0.0      0.91
2025-12-17 14:30:36,709 - [0;94mrevers_long_1H    [0m  2025-12-11            5         20.0  [1;91m        -7.2[0m        -1.57    20.0     0.0      0.0      1.79
2025-12-17 14:30:36,709 - [0;94mrevers_short_6Hutc[0m  2025-12-12            7        71.43  [1;92m        2.13[0m         0.46   85.71   14.29      0.0      1.63
2025-12-17 14:30:36,709 - [0;94mparity_long_4H    [0m  2025-12-11            1          0.0  [1;91m       -4.05[0m        -0.88     0.0   100.0      0.0      3.25
2025-12-17 14:30:36,709 - [0;94mrevers_long_6Hutc [0m  2025-12-12            4          0.0  [1;91m      -10.62[0m        -2.31     0.0   100.0      0.0      3.47
2025-12-17 14:30:36,709 - 
2025-12-17 14:30:36,709 - [1;94m========================================================================================================================[0m
2025-12-17 14:30:36,709 - [1;94m📊 TOTAL SUMMARY[0m
2025-12-17 14:30:36,709 - [1;94m========================================================================================================================[0m
2025-12-17 14:30:36,709 - [0;94m🧮 Trades_num   :[0m 94
2025-12-17 14:30:36,709 - [0;94m🕜 Avg_duration :[0m 2.4 days
2025-12-17 14:30:36,709 - [0;94m🎯 Trades_pct   :[0m 80.85 %
2025-12-17 14:30:36,709 - [0;94m💱 Profit_pct   :[0m 2.23 %
2025-12-17 14:30:36,709 - 💵 [1;94mTOTAL_profit :[0m [1;92m81.89 $[0m
2025-12-17 14:30:36,709 - [1;94m========================================================================================================================[0m
2025-12-17 14:30:36,709 - 
2025-12-17 14:30:36,709 - 
[1;94mInitializing WebSocket connections...[0m
2025-12-17 14:30:37,456 - 🔌 PRIVATE WebSocket connected (first time)
2025-12-17 14:30:37,710 - 📱 WebSocket status:
2025-12-17 14:30:37,710 -    - Public WS    : ⚠️  Not connected
2025-12-17 14:30:37,710 -    - Private WS   : ✅ Connected
2025-12-17 14:30:37,710 -    - Authenticated: ⚠️  No
2025-12-17 14:30:37,737 - 🔌 PUBLIC  WebSocket connected
2025-12-17 14:30:37,956 - 🛜 Subscribing to 5 private channels...
2025-12-17 14:30:37,956 - 🆗 orders
2025-12-17 14:30:37,956 - 🆗 fill
2025-12-17 14:30:37,957 - 🆗 positions
2025-12-17 14:30:37,957 - 🆗 account
2025-12-17 14:30:37,957 - 🆗 equity
2025-12-17 14:30:37,957 - ✅ WebSocket authentication successful
2025-12-17 14:30:38,210 - 📦 Pre-loading contract info for 33 symbols via API...
2025-12-17 14:30:50,865 - [0;36m✅ Pre-loaded 33/33 contracts[0m
2025-12-17 14:30:50,866 - 
2025-12-17 14:30:50,866 - ⏰ Next candle for 6Hutc : 2025-12-17 18:00:45 UTC
2025-12-17 14:30:50,866 - ⏰ Next candle for 4H    : 2025-12-17 16:00:45 UTC
2025-12-17 14:30:50,866 - ⏰ Next candle for 1H    : 2025-12-17 14:00:45 UTC
2025-12-17 14:32:44,381 - 
🔚 Interrupted by user.
2025-12-17 14:32:44,385 - ⛔ BOT Stopped
2025-12-17 14:32:48,380 - [1;94m========================================================================================================================[0m
2025-12-17 14:32:48,380 - [1;94m🤖 === STARTING MULTI-STRATEGY BOT OPERATING IN ACCOUNT: 01 🤖 ===[0m
2025-12-17 14:32:48,380 - [1;94m========================================================================================================================[0m
2025-12-17 14:32:48,380 - ✅  State loaded: 52 positions recovered
2025-12-17 14:32:48,380 -    ➡️  revers_short_1H: 2 positions | Candles: 45
2025-12-17 14:32:48,380 -       - BNBUSDT      | Size: 0.04       | Entry: 855.02    
2025-12-17 14:32:48,380 -       - BTCUSDT      | Size: 0.0004     | Entry: 86796.8   
2025-12-17 14:32:48,380 -    ➡️  revers_long_4H: 2 positions | Candles: 35
2025-12-17 14:32:48,380 -       - BGBUSDT      | Size: 11         | Entry: 3.6       
2025-12-17 14:32:48,380 -       - ETHUSDT      | Size: 0.01       | Entry: 3177.11   
2025-12-17 14:32:48,380 -    ➡️  parity_long_4H: 2 positions | Candles: 35
2025-12-17 14:32:48,380 -       - BGBUSDT      | Size: 11         | Entry: 3.6       
2025-12-17 14:32:48,380 -       - ETHUSDT      | Size: 0.01       | Entry: 3177.73   
2025-12-17 14:32:48,380 -    ➡️  revers_short_4H: 19 positions | Candles: 6
2025-12-17 14:32:48,380 -       - AAVEUSDT     | Size: 0.2        | Entry: 188.07    
2025-12-17 14:32:48,380 -       - ADAUSDT      | Size: 103        | Entry: 0.3883    
2025-12-17 14:32:48,380 -       - APTUSDT      | Size: 25.078     | Entry: 1.595     
2025-12-17 14:32:48,380 -       - ARBUSDT      | Size: 200.6      | Entry: 0.1994    
2025-12-17 14:32:48,380 -       - AVAXUSDT     | Size: 3.2        | Entry: 12.353    
2025-12-17 14:32:48,380 -       - DOGEUSDT     | Size: 303        | Entry: 0.13171   
2025-12-17 14:32:48,380 -       - DOTUSDT      | Size: 20         | Entry: 1.924     
2025-12-17 14:32:48,380 -       - ETHUSDT      | Size: 0.01       | Entry: 2958.82   
2025-12-17 14:32:48,380 -       - HBARUSDT     | Size: 344        | Entry: 0.11601   
2025-12-17 14:32:48,380 -       - HYPEUSDT     | Size: 1.45       | Entry: 27.434    
2025-12-17 14:32:48,380 -       - LINKUSDT     | Size: 3          | Entry: 12.963    
2025-12-17 14:32:48,380 -       - LTCUSDT      | Size: 0.5        | Entry: 78.96     
2025-12-17 14:32:48,380 -       - NEARUSDT     | Size: 25         | Entry: 1.5431    
2025-12-17 14:32:48,380 -       - ONDOUSDT     | Size: 96.6       | Entry: 0.4136    
2025-12-17 14:32:48,380 -       - SEIUSDT      | Size: 334        | Entry: 0.11949   
2025-12-17 14:32:48,380 -       - SOLUSDT      | Size: 0.3        | Entry: 128.59    
2025-12-17 14:32:48,380 -       - SUIUSDT      | Size: 26.4       | Entry: 1.5112    
2025-12-17 14:32:48,380 -       - WIFUSDT      | Size: 106.2      | Entry: 0.3763    
2025-12-17 14:32:48,380 -       - XRPUSDT      | Size: 20         | Entry: 1.9235    
2025-12-17 14:32:48,381 -    ➡️  parity_short_4H: 2 positions | Candles: 35
2025-12-17 14:32:48,381 -       - BNBUSDT      | Size: 0.04       | Entry: 863.8     
2025-12-17 14:32:48,381 -       - BTCUSDT      | Size: 0.0004     | Entry: 89709     
2025-12-17 14:32:48,381 -    ➡️  double_top_long_4H: 3 positions | Candles: 34
2025-12-17 14:32:48,381 -       - BNBUSDT      | Size: 0.04       | Entry: 876.15    
2025-12-17 14:32:48,381 -       - ETHUSDT      | Size: 0.01       | Entry: 3198.01   
2025-12-17 14:32:48,381 -       - LINKUSDT     | Size: 2          | Entry: 13.732    
2025-12-17 14:32:48,381 -    ➡️  revers_long_1H: 1 positions | Candles: 25
2025-12-17 14:32:48,381 -       - XRPUSDT      | Size: 20         | Entry: 1.922     
2025-12-17 14:32:48,381 -    ➡️  revers_short_6Hutc: 10 positions | Candles: 7
2025-12-17 14:32:48,381 -       - ADAUSDT      | Size: 105        | Entry: 0.3804    
2025-12-17 14:32:48,381 -       - BNBUSDT      | Size: 0.04       | Entry: 843.99    
2025-12-17 14:32:48,381 -       - BTCUSDT      | Size: 0.0004     | Entry: 85702     
2025-12-17 14:32:48,381 -       - DOGEUSDT     | Size: 312        | Entry: 0.12786   
2025-12-17 14:32:48,381 -       - ETHUSDT      | Size: 0.01       | Entry: 2936.6    
2025-12-17 14:32:48,381 -       - HBARUSDT     | Size: 356        | Entry: 0.11234   
2025-12-17 14:32:48,381 -       - LINKUSDT     | Size: 3          | Entry: 12.585    
2025-12-17 14:32:48,381 -       - SOLUSDT      | Size: 0.3        | Entry: 124.987   
2025-12-17 14:32:48,381 -       - WLDUSDT      | Size: 75         | Entry: 0.5286    
2025-12-17 14:32:48,381 -       - XRPUSDT      | Size: 21         | Entry: 1.8909    
2025-12-17 14:32:48,381 -    ➡️  revers_long_6Hutc: 2 positions | Candles: 21
2025-12-17 14:32:48,381 -       - BNBUSDT      | Size: 0.03       | Entry: 891.18    
2025-12-17 14:32:48,381 -       - BTCUSDT      | Size: 0.0003     | Entry: 92367.4   
2025-12-17 14:32:48,381 -    ➡️  parity_short_1H: 6 positions | Candles: 27
2025-12-17 14:32:48,381 -       - BNBUSDT      | Size: 0.04       | Entry: 859.08    
2025-12-17 14:32:48,381 -       - BTCUSDT      | Size: 0.0004     | Entry: 86297.7   
2025-12-17 14:32:48,381 -       - DOGEUSDT     | Size: 310        | Entry: 0.12882   
2025-12-17 14:32:48,381 -       - ETHUSDT      | Size: 0.01       | Entry: 2924.4    
2025-12-17 14:32:48,381 -       - SOLUSDT      | Size: 0.3        | Entry: 126.22    
2025-12-17 14:32:48,381 -       - XRPUSDT      | Size: 21         | Entry: 1.879     
2025-12-17 14:32:48,381 -    ➡️  parity_long_1H: 3 positions | Candles: 26
2025-12-17 14:32:48,381 -       - BTCUSDT      | Size: 0.0004     | Entry: 86933.2   
2025-12-17 14:32:48,381 -       - DOGEUSDT     | Size: 305        | Entry: 0.13073   
2025-12-17 14:32:48,381 -       - SOLUSDT      | Size: 0.3        | Entry: 128.357   
2025-12-17 14:32:48,719 - 🔹 Strategy double_top_long_4H (4H): 32 symbols
2025-12-17 14:32:48,722 - 🔹 Strategy revers_long_4H     (4H): 32 symbols
2025-12-17 14:32:48,724 - 🔹 Strategy parity_long_4H     (4H): 32 symbols
2025-12-17 14:32:48,727 - 🔹 Strategy revers_short_4H    (4H): 32 symbols
2025-12-17 14:32:48,729 - 🔹 Strategy parity_short_4H    (4H): 32 symbols
2025-12-17 14:32:48,732 - 🔹 Strategy revers_long_1H     (1H):  6 symbols
2025-12-17 14:32:48,734 - 🔹 Strategy revers_short_1H    (1H):  6 symbols
2025-12-17 14:32:48,736 - 🔹 Strategy revers_long_6Hutc  (6Hutc): 15 symbols
2025-12-17 14:32:48,739 - 🔹 Strategy revers_short_6Hutc (6Hutc): 15 symbols
2025-12-17 14:32:48,741 - 🔹 Strategy parity_long_1H     (1H):  6 symbols
2025-12-17 14:32:48,743 - 🔹 Strategy parity_short_1H    (1H):  6 symbols
2025-12-17 14:32:48,743 - 
➡️ Detected timeframes: 6Hutc, 1H, 4H
2025-12-17 14:32:48,743 -    🔹 6Hutc: revers_long_6Hutc, revers_short_6Hutc
2025-12-17 14:32:48,743 -    🔹 1H: revers_long_1H, revers_short_1H, parity_long_1H, parity_short_1H
2025-12-17 14:32:48,743 -    🔹 4H: double_top_long_4H, revers_long_4H, parity_long_4H, revers_short_4H, parity_short_4H
2025-12-17 14:32:48,743 - 
✅ BOT Initialization completed

2025-12-17 14:32:48,756 - 
2025-12-17 14:32:48,756 - [1;94m========================================================================================================================[0m
2025-12-17 14:32:48,756 - [1;94m📈 STRATEGY ANALYSIS[0m
2025-12-17 14:32:48,756 - [1;94m========================================================================================================================[0m
2025-12-17 14:32:48,763 - [1;85mStrategy          [0m  [1;85mdate_fo   [0m  [1;85m Trades_num[0m  [1;85m Trades_pct[0m  [1;85mTotal_profit[0m  [1;85m Profit_pct[0m  [1;85mTP_pct[0m  [1;85mSL_pct[0m  [1;85mOOM_pct[0m  [1;85mAvg_days[0m
2025-12-17 14:32:48,763 - [0;94mdouble_top_long_4H[0m  2025-12-11            1        100.0  [1;92m         1.9[0m         0.41   100.0     0.0      0.0      0.22
2025-12-17 14:32:48,763 - [0;94mrevers_short_4H   [0m  2025-12-11           30        96.67  [1;92m       52.09[0m        11.35   96.67    3.33      0.0      2.81
2025-12-17 14:32:48,763 - [0;94mparity_short_4H   [0m  2025-12-11           27        92.59  [1;92m       40.06[0m         8.73   92.59    7.41      0.0      3.15
2025-12-17 14:32:48,763 - [0;94mrevers_short_1H   [0m  2025-12-11           19        78.95  [1;92m        7.58[0m         1.65   78.95    5.26      0.0      0.91
2025-12-17 14:32:48,764 - [0;94mrevers_long_1H    [0m  2025-12-11            5         20.0  [1;91m        -7.2[0m        -1.57    20.0     0.0      0.0      1.79
2025-12-17 14:32:48,764 - [0;94mrevers_short_6Hutc[0m  2025-12-12            7        71.43  [1;92m        2.13[0m         0.46   85.71   14.29      0.0      1.63
2025-12-17 14:32:48,764 - [0;94mparity_long_4H    [0m  2025-12-11            1          0.0  [1;91m       -4.05[0m        -0.88     0.0   100.0      0.0      3.25
2025-12-17 14:32:48,764 - [0;94mrevers_long_6Hutc [0m  2025-12-12            4          0.0  [1;91m      -10.62[0m        -2.31     0.0   100.0      0.0      3.47
2025-12-17 14:32:48,764 - 
2025-12-17 14:32:48,764 - [1;94m========================================================================================================================[0m
2025-12-17 14:32:48,764 - [1;94m📊 TOTAL SUMMARY[0m
2025-12-17 14:32:48,764 - [1;94m========================================================================================================================[0m
2025-12-17 14:32:48,764 - [0;94m📊 Trades_num   :[0m 94
2025-12-17 14:32:48,764 - [0;94m🕜 Avg_duration :[0m 2.4 days
2025-12-17 14:32:48,764 - [0;94m🎯 Trades_pct   :[0m 80.85 %
2025-12-17 14:32:48,764 - [0;94m📈 Profit_pct   :[0m 2.23 %
2025-12-17 14:32:48,764 - 💵 [1;94mTOTAL_profit :[0m [1;92m81.89 $[0m
2025-12-17 14:32:48,764 - [1;94m========================================================================================================================[0m
2025-12-17 14:32:48,764 - 
2025-12-17 14:32:48,764 - 
[1;94mInitializing WebSocket connections...[0m
2025-12-17 14:32:49,527 - 🔌 PUBLIC  WebSocket connected
2025-12-17 14:32:49,728 - 🔌 PRIVATE WebSocket connected (first time)
2025-12-17 14:32:49,765 - 📱 WebSocket status:
2025-12-17 14:32:49,765 -    - Public WS    : ✅ Connected
2025-12-17 14:32:49,765 -    - Private WS   : ✅ Connected
2025-12-17 14:32:49,765 -    - Authenticated: ⚠️  No
2025-12-17 14:32:50,228 - 🛜 Subscribing to 5 private channels...
2025-12-17 14:32:50,228 - 🆗 orders
2025-12-17 14:32:50,228 - 🆗 fill
2025-12-17 14:32:50,228 - 🆗 positions
2025-12-17 14:32:50,228 - 🆗 account
2025-12-17 14:32:50,228 - 🆗 equity
2025-12-17 14:32:50,228 - ✅ WebSocket authentication successful
2025-12-17 14:32:50,265 - 📦 Pre-loading contract info for 33 symbols via API...
2025-12-17 14:33:02,451 - [0;36m✅ Pre-loaded 33/33 contracts[0m
2025-12-17 14:33:02,452 - 
2025-12-17 14:33:02,452 - ⏰ Next candle for 6Hutc : 2025-12-17 18:00:45 UTC
2025-12-17 14:33:02,452 - ⏰ Next candle for 1H    : 2025-12-17 14:00:45 UTC
2025-12-17 14:33:02,452 - ⏰ Next candle for 4H    : 2025-12-17 16:00:45 UTC
2025-12-17 15:00:45,024 - 
========================================================================================================================
2025-12-17 15:00:45,027 - 🔀 New candle(s) detected 2025-12-17 14:00:45 UTC
2025-12-17 15:00:45,030 - 🔹 Timeframes: 1H
2025-12-17 15:00:45,034 - 🌐 Syncronizing positions in broker...
2025-12-17 15:00:45,239 - ✅ Sync completed: All positions exist in broker
2025-12-17 15:00:45,243 - 📡 Signal search - 2025-12-17 14:00:45
2025-12-17 15:00:45,247 - ------------------------------------------------------------------------------------------------------------------------
2025-12-17 15:00:45,251 - ➡️  revers_long_1H     (1H): 26/50 candles
2025-12-17 15:00:45,256 - ➡️  revers_short_1H    (1H): 46/50 candles
2025-12-17 15:00:45,260 - ➡️  parity_long_1H     (1H): 27/50 candles
2025-12-17 15:00:45,264 - ➡️  parity_short_1H    (1H): 28/50 candles
2025-12-17 15:00:45,268 - 🚫 revers_long_1H     (1H): 1 open positions
2025-12-17 15:00:45,271 - 🚫 revers_short_1H    (1H): 2 open positions
2025-12-17 15:00:45,275 - 🚫 parity_long_1H     (1H): 3 open positions
2025-12-17 15:00:45,278 - 🚫 parity_short_1H    (1H): 6 open positions
2025-12-17 15:00:45,281 - 🔂 Signal cycle completed
2025-12-17 15:00:45,288 - ========================================================================================================================

2025-12-17 15:00:45,292 - ⏰ Next candle for 1H: 2025-12-17 15:00:45 UTC
2025-12-17 15:08:56,762 - [1;94m========================================================================================================================[0m
2025-12-17 15:08:56,762 - [1;94m🤖 === STARTING MULTI-STRATEGY BOT OPERATING IN ACCOUNT: 01 🤖 ===[0m
2025-12-17 15:08:56,763 - [1;94m========================================================================================================================[0m
2025-12-17 15:08:56,763 - ✅  State loaded: 52 positions recovered
2025-12-17 15:08:56,763 -    ➡️  revers_short_1H: 2 positions | Candles: 46
2025-12-17 15:08:56,763 -       - BNBUSDT      | Size: 0.04       | Entry: 855.02    
2025-12-17 15:08:56,763 -       - BTCUSDT      | Size: 0.0004     | Entry: 86796.8   
2025-12-17 15:08:56,763 -    ➡️  revers_long_4H: 2 positions | Candles: 35
2025-12-17 15:08:56,763 -       - BGBUSDT      | Size: 11         | Entry: 3.6       
2025-12-17 15:08:56,763 -       - ETHUSDT      | Size: 0.01       | Entry: 3177.11   
2025-12-17 15:08:56,763 -    ➡️  parity_long_4H: 2 positions | Candles: 35
2025-12-17 15:08:56,763 -       - BGBUSDT      | Size: 11         | Entry: 3.6       
2025-12-17 15:08:56,763 -       - ETHUSDT      | Size: 0.01       | Entry: 3177.73   
2025-12-17 15:08:56,763 -    ➡️  revers_short_4H: 19 positions | Candles: 6
2025-12-17 15:08:56,763 -       - AAVEUSDT     | Size: 0.2        | Entry: 188.07    
2025-12-17 15:08:56,763 -       - ADAUSDT      | Size: 103        | Entry: 0.3883    
2025-12-17 15:08:56,763 -       - APTUSDT      | Size: 25.078     | Entry: 1.595     
2025-12-17 15:08:56,763 -       - ARBUSDT      | Size: 200.6      | Entry: 0.1994    
2025-12-17 15:08:56,763 -       - AVAXUSDT     | Size: 3.2        | Entry: 12.353    
2025-12-17 15:08:56,763 -       - DOGEUSDT     | Size: 303        | Entry: 0.13171   
2025-12-17 15:08:56,763 -       - DOTUSDT      | Size: 20         | Entry: 1.924     
2025-12-17 15:08:56,763 -       - ETHUSDT      | Size: 0.01       | Entry: 2958.82   
2025-12-17 15:08:56,763 -       - HBARUSDT     | Size: 344        | Entry: 0.11601   
2025-12-17 15:08:56,763 -       - HYPEUSDT     | Size: 1.45       | Entry: 27.434    
2025-12-17 15:08:56,763 -       - LINKUSDT     | Size: 3          | Entry: 12.963    
2025-12-17 15:08:56,763 -       - LTCUSDT      | Size: 0.5        | Entry: 78.96     
2025-12-17 15:08:56,763 -       - NEARUSDT     | Size: 25         | Entry: 1.5431    
2025-12-17 15:08:56,763 -       - ONDOUSDT     | Size: 96.6       | Entry: 0.4136    
2025-12-17 15:08:56,763 -       - SEIUSDT      | Size: 334        | Entry: 0.11949   
2025-12-17 15:08:56,763 -       - SOLUSDT      | Size: 0.3        | Entry: 128.59    
2025-12-17 15:08:56,764 -       - SUIUSDT      | Size: 26.4       | Entry: 1.5112    
2025-12-17 15:08:56,764 -       - WIFUSDT      | Size: 106.2      | Entry: 0.3763    
2025-12-17 15:08:56,764 -       - XRPUSDT      | Size: 20         | Entry: 1.9235    
2025-12-17 15:08:56,764 -    ➡️  parity_short_4H: 2 positions | Candles: 35
2025-12-17 15:08:56,764 -       - BNBUSDT      | Size: 0.04       | Entry: 863.8     
2025-12-17 15:08:56,764 -       - BTCUSDT      | Size: 0.0004     | Entry: 89709     
2025-12-17 15:08:56,764 -    ➡️  double_top_long_4H: 3 positions | Candles: 34
2025-12-17 15:08:56,764 -       - BNBUSDT      | Size: 0.04       | Entry: 876.15    
2025-12-17 15:08:56,764 -       - ETHUSDT      | Size: 0.01       | Entry: 3198.01   
2025-12-17 15:08:56,764 -       - LINKUSDT     | Size: 2          | Entry: 13.732    
2025-12-17 15:08:56,764 -    ➡️  revers_long_1H: 1 positions | Candles: 26
2025-12-17 15:08:56,764 -       - XRPUSDT      | Size: 20         | Entry: 1.922     
2025-12-17 15:08:56,764 -    ➡️  revers_short_6Hutc: 10 positions | Candles: 7
2025-12-17 15:08:56,764 -       - ADAUSDT      | Size: 105        | Entry: 0.3804    
2025-12-17 15:08:56,764 -       - BNBUSDT      | Size: 0.04       | Entry: 843.99    
2025-12-17 15:08:56,764 -       - BTCUSDT      | Size: 0.0004     | Entry: 85702     
2025-12-17 15:08:56,764 -       - DOGEUSDT     | Size: 312        | Entry: 0.12786   
2025-12-17 15:08:56,764 -       - ETHUSDT      | Size: 0.01       | Entry: 2936.6    
2025-12-17 15:08:56,764 -       - HBARUSDT     | Size: 356        | Entry: 0.11234   
2025-12-17 15:08:56,764 -       - LINKUSDT     | Size: 3          | Entry: 12.585    
2025-12-17 15:08:56,764 -       - SOLUSDT      | Size: 0.3        | Entry: 124.987   
2025-12-17 15:08:56,764 -       - WLDUSDT      | Size: 75         | Entry: 0.5286    
2025-12-17 15:08:56,764 -       - XRPUSDT      | Size: 21         | Entry: 1.8909    
2025-12-17 15:08:56,764 -    ➡️  revers_long_6Hutc: 2 positions | Candles: 21
2025-12-17 15:08:56,764 -       - BNBUSDT      | Size: 0.03       | Entry: 891.18    
2025-12-17 15:08:56,764 -       - BTCUSDT      | Size: 0.0003     | Entry: 92367.4   
2025-12-17 15:08:56,764 -    ➡️  parity_short_1H: 6 positions | Candles: 28
2025-12-17 15:08:56,764 -       - BNBUSDT      | Size: 0.04       | Entry: 859.08    
2025-12-17 15:08:56,764 -       - BTCUSDT      | Size: 0.0004     | Entry: 86297.7   
2025-12-17 15:08:56,764 -       - DOGEUSDT     | Size: 310        | Entry: 0.12882   
2025-12-17 15:08:56,764 -       - ETHUSDT      | Size: 0.01       | Entry: 2924.4    
2025-12-17 15:08:56,764 -       - SOLUSDT      | Size: 0.3        | Entry: 126.22    
2025-12-17 15:08:56,764 -       - XRPUSDT      | Size: 21         | Entry: 1.879     
2025-12-17 15:08:56,764 -    ➡️  parity_long_1H: 3 positions | Candles: 27
2025-12-17 15:08:56,764 -       - BTCUSDT      | Size: 0.0004     | Entry: 86933.2   
2025-12-17 15:08:56,764 -       - DOGEUSDT     | Size: 305        | Entry: 0.13073   
2025-12-17 15:08:56,764 -       - SOLUSDT      | Size: 0.3        | Entry: 128.357   
2025-12-17 15:08:57,160 - 🔹 Strategy double_top_long_4H (4H): 32 symbols
2025-12-17 15:08:57,164 - 🔹 Strategy revers_long_4H     (4H): 32 symbols
2025-12-17 15:08:57,168 - 🔹 Strategy parity_long_4H     (4H): 32 symbols
2025-12-17 15:08:57,173 - 🔹 Strategy revers_short_4H    (4H): 32 symbols
2025-12-17 15:08:57,177 - 🔹 Strategy parity_short_4H    (4H): 32 symbols
2025-12-17 15:08:57,180 - 🔹 Strategy revers_long_1H     (1H):  6 symbols
2025-12-17 15:08:57,184 - 🔹 Strategy revers_short_1H    (1H):  6 symbols
2025-12-17 15:08:57,188 - 🔹 Strategy revers_long_6Hutc  (6Hutc): 15 symbols
2025-12-17 15:08:57,192 - 🔹 Strategy revers_short_6Hutc (6Hutc): 15 symbols
2025-12-17 15:08:57,195 - 🔹 Strategy parity_long_1H     (1H):  6 symbols
2025-12-17 15:08:57,199 - 🔹 Strategy parity_short_1H    (1H):  6 symbols
2025-12-17 15:08:57,199 - 
➡️ Detected timeframes: 6Hutc, 4H, 1H
2025-12-17 15:08:57,199 -    🔹 6Hutc: revers_long_6Hutc, revers_short_6Hutc
2025-12-17 15:08:57,199 -    🔹 4H: double_top_long_4H, revers_long_4H, parity_long_4H, revers_short_4H, parity_short_4H
2025-12-17 15:08:57,199 -    🔹 1H: revers_long_1H, revers_short_1H, parity_long_1H, parity_short_1H
2025-12-17 15:08:57,199 - 
✅ BOT Initialization completed

2025-12-17 15:08:57,221 - 
2025-12-17 15:08:57,221 - [1;94m========================================================================================================================[0m
2025-12-17 15:08:57,221 - [1;94m📈 STRATEGY ANALYSIS[0m
2025-12-17 15:08:57,221 - [1;94m========================================================================================================================[0m
2025-12-17 15:08:57,233 - [1;85mStrategy          [0m  [1;85mdate_fo   [0m  [1;85m Trades_num[0m  [1;85m Trades_pct[0m  [1;85mTotal_profit[0m  [1;85m Profit_pct[0m  [1;85mTP_pct[0m  [1;85mSL_pct[0m  [1;85mOOM_pct[0m  [1;85mAvg_days[0m
2025-12-17 15:08:57,233 - [0;94mdouble_top_long_4H[0m  2025-12-11            1        100.0  [1;92m         1.9[0m         0.41   100.0     0.0      0.0      0.22
2025-12-17 15:08:57,233 - [0;94mrevers_short_4H   [0m  2025-12-11           30        96.67  [1;92m       52.09[0m        11.35   96.67    3.33      0.0      2.81
2025-12-17 15:08:57,233 - [0;94mparity_short_4H   [0m  2025-12-11           27        92.59  [1;92m       40.06[0m         8.73   92.59    7.41      0.0      3.15
2025-12-17 15:08:57,233 - [0;94mrevers_short_1H   [0m  2025-12-11           19        78.95  [1;92m        7.58[0m         1.65   78.95    5.26      0.0      0.91
2025-12-17 15:08:57,233 - [0;94mrevers_long_1H    [0m  2025-12-11            5         20.0  [1;91m        -7.2[0m        -1.57    20.0     0.0      0.0      1.79
2025-12-17 15:08:57,233 - [0;94mrevers_short_6Hutc[0m  2025-12-12            7        71.43  [1;92m        2.13[0m         0.46   85.71   14.29      0.0      1.63
2025-12-17 15:08:57,233 - [0;94mparity_long_4H    [0m  2025-12-11            1          0.0  [1;91m       -4.05[0m        -0.88     0.0   100.0      0.0      3.25
2025-12-17 15:08:57,233 - [0;94mrevers_long_6Hutc [0m  2025-12-12            4          0.0  [1;91m      -10.62[0m        -2.31     0.0   100.0      0.0      3.47
2025-12-17 15:08:57,234 - 
2025-12-17 15:08:57,234 - [1;94m========================================================================================================================[0m
2025-12-17 15:08:57,234 - [1;94m📊 TOTAL SUMMARY[0m
2025-12-17 15:08:57,234 - [1;94m========================================================================================================================[0m
2025-12-17 15:08:57,234 - [0;94m📊 Trades_num   :[0m 94
2025-12-17 15:08:57,234 - [0;94m🕜 Avg_duration :[0m 2.4 days
2025-12-17 15:08:57,234 - [0;94m🎯 Trades_pct   :[0m 80.85 %
2025-12-17 15:08:57,234 - [0;94m📈 Profit_pct   :[0m 2.23 %
2025-12-17 15:08:57,234 - 💵 [1;94mTOTAL_profit :[0m [1;92m81.89 $[0m
2025-12-17 15:08:57,234 - [1;94m========================================================================================================================[0m
2025-12-17 15:08:57,234 - 
2025-12-17 15:08:57,234 - 
[1;94mInitializing WebSocket connections...[0m
2025-12-17 15:08:58,021 - 🔌 PUBLIC  WebSocket connected
2025-12-17 15:08:58,235 - 📱 WebSocket status:
2025-12-17 15:08:58,235 -    - Public WS    : ✅ Connected
2025-12-17 15:08:58,235 -    - Private WS   : ⚠️  Not connected
2025-12-17 15:08:58,235 -    - Authenticated: ⚠️  No
2025-12-17 15:08:58,278 - 🔌 PRIVATE WebSocket connected (first time)
2025-12-17 15:08:58,778 - 🛜 Subscribing to 5 private channels...
2025-12-17 15:08:58,779 - 🆗 orders
2025-12-17 15:08:58,779 - 🆗 fill
2025-12-17 15:08:58,779 - 🆗 positions
2025-12-17 15:08:58,779 - 🆗 account
2025-12-17 15:08:58,779 - 🆗 equity
2025-12-17 15:08:58,779 - ✅ WebSocket authentication successful
2025-12-17 15:08:59,235 - 📦 Pre-loading contract info for 33 symbols via API...
2025-12-17 15:09:11,066 - [0;36m✅ Pre-loaded 33/33 contracts[0m
2025-12-17 15:09:11,066 - 
2025-12-17 15:09:11,067 - ⏰ Next candle for 6Hutc : 2025-12-17 18:00:45 UTC
2025-12-17 15:09:11,067 - ⏰ Next candle for 4H    : 2025-12-17 16:00:45 UTC
2025-12-17 15:09:11,067 - ⏰ Next candle for 1H    : 2025-12-17 15:00:45 UTC
2025-12-17 15:09:29,906 - ⚠️ No price for XRPUSDT: No fresh price data for XRPUSDT
2025-12-17 15:40:56,858 - ⚠️ No price for BNBUSDT: No fresh price data for BNBUSDT
2025-12-17 15:53:07,760 - 
💲 TP REACHED for BTCUSDT (parity_long_1H) at 15:53
2025-12-17 15:53:07,763 - →  Closing long position on BTCUSDT:
2025-12-17 15:53:08,137 - ✅ Position closed due to TP: BTCUSDT | Size: 0.0004
2025-12-17 15:53:08,368 - 📋 Trade logged: BTCUSDT | Profit: 0.31 USDT (+0.78%) | Duration: 1.2030 days
2025-12-17 15:53:08,383 - 
2025-12-17 15:53:08,386 - [1;94m========================================================================================================================[0m
2025-12-17 15:53:08,389 - [1;94m📈 STRATEGY ANALYSIS[0m
2025-12-17 15:53:08,393 - [1;94m========================================================================================================================[0m
2025-12-17 15:53:08,404 - [1;85mStrategy          [0m  [1;85mdate_fo   [0m  [1;85m Trades_num[0m  [1;85m Trades_pct[0m  [1;85mTotal_profit[0m  [1;85m Profit_pct[0m  [1;85mTP_pct[0m  [1;85mSL_pct[0m  [1;85mOOM_pct[0m  [1;85mAvg_days[0m
2025-12-17 15:53:08,408 - [0;94mdouble_top_long_4H[0m  2025-12-11            1        100.0  [1;92m         1.9[0m         0.47   100.0     0.0      0.0      0.22
2025-12-17 15:53:08,411 - [0;94mrevers_short_4H   [0m  2025-12-11           30        96.67  [1;92m       52.09[0m        12.77   96.67    3.33      0.0      2.81
2025-12-17 15:53:08,414 - [0;94mparity_short_4H   [0m  2025-12-11           27        92.59  [1;92m       40.06[0m         9.82   92.59    7.41      0.0      3.15
2025-12-17 15:53:08,418 - [0;94mrevers_short_1H   [0m  2025-12-11           19        78.95  [1;92m        7.58[0m         1.86   78.95    5.26      0.0      0.91
2025-12-17 15:53:08,421 - [0;94mrevers_long_1H    [0m  2025-12-11            5         20.0  [1;91m        -7.2[0m        -1.77    20.0     0.0      0.0      1.79
2025-12-17 15:53:08,425 - [0;94mrevers_short_6Hutc[0m  2025-12-12            7        71.43  [1;92m        2.13[0m         0.52   85.71   14.29      0.0      1.63
2025-12-17 15:53:08,428 - [0;94mparity_long_4H    [0m  2025-12-11            1          0.0  [1;91m       -4.05[0m        -0.99     0.0   100.0      0.0      3.25
2025-12-17 15:53:08,432 - [0;94mrevers_long_6Hutc [0m  2025-12-12            4          0.0  [1;91m      -10.62[0m         -2.6     0.0   100.0      0.0      3.47
2025-12-17 15:53:08,435 - [0;94mparity_long_1H    [0m  2025-12-16            1        100.0  [1;92m        0.31[0m         0.08   100.0     0.0      0.0       1.2
2025-12-17 15:53:08,439 - 
2025-12-17 15:53:08,442 - [1;94m========================================================================================================================[0m
2025-12-17 15:53:08,446 - [1;94m📊 TOTAL SUMMARY[0m
2025-12-17 15:53:08,449 - [1;94m========================================================================================================================[0m
2025-12-17 15:53:08,453 - [0;94m📊 Trades_num   :[0m 95
2025-12-17 15:53:08,456 - [0;94m🕜 Avg_duration :[0m 2.4 days
2025-12-17 15:53:08,459 - [0;94m🎯 Trades_pct   :[0m 81.05 %
2025-12-17 15:53:08,463 - [0;94m📈 Profit_pct   :[0m 2.24 %
2025-12-17 15:53:08,466 - 💵 [1;94mTOTAL_profit :[0m [1;92m82.20 $[0m
2025-12-17 15:53:08,470 - [1;94m========================================================================================================================[0m
2025-12-17 15:53:08,473 - 
2025-12-17 15:54:57,850 - 
💲 TP REACHED for DOGEUSDT (parity_long_1H) at 15:54
2025-12-17 15:54:57,854 - →  Closing long position on DOGEUSDT:
2025-12-17 15:54:58,240 - ✅ Position closed due to TP: DOGEUSDT | Size: 305
2025-12-17 15:54:58,321 - 📋 Trade logged: DOGEUSDT | Profit: 0.81 USDT (+2.02%) | Duration: 1.2043 days
2025-12-17 15:54:58,336 - 
2025-12-17 15:54:58,339 - [1;94m========================================================================================================================[0m
2025-12-17 15:54:58,343 - [1;94m📈 STRATEGY ANALYSIS[0m
2025-12-17 15:54:58,346 - [1;94m========================================================================================================================[0m
2025-12-17 15:54:58,362 - [1;85mStrategy          [0m  [1;85mdate_fo   [0m  [1;85m Trades_num[0m  [1;85m Trades_pct[0m  [1;85mTotal_profit[0m  [1;85m Profit_pct[0m  [1;85mTP_pct[0m  [1;85mSL_pct[0m  [1;85mOOM_pct[0m  [1;85mAvg_days[0m
2025-12-17 15:54:58,366 - [0;94mdouble_top_long_4H[0m  2025-12-11            1        100.0  [1;92m         1.9[0m         0.47   100.0     0.0      0.0      0.22
2025-12-17 15:54:58,369 - [0;94mrevers_short_4H   [0m  2025-12-11           30        96.67  [1;92m       52.09[0m        12.77   96.67    3.33      0.0      2.81
2025-12-17 15:54:58,373 - [0;94mparity_short_4H   [0m  2025-12-11           27        92.59  [1;92m       40.06[0m         9.82   92.59    7.41      0.0      3.15
2025-12-17 15:54:58,376 - [0;94mrevers_short_1H   [0m  2025-12-11           19        78.95  [1;92m        7.58[0m         1.86   78.95    5.26      0.0      0.91
2025-12-17 15:54:58,379 - [0;94mrevers_long_1H    [0m  2025-12-11            5         20.0  [1;91m        -7.2[0m        -1.77    20.0     0.0      0.0      1.79
2025-12-17 15:54:58,383 - [0;94mrevers_short_6Hutc[0m  2025-12-12            7        71.43  [1;92m        2.13[0m         0.52   85.71   14.29      0.0      1.63
2025-12-17 15:54:58,386 - [0;94mparity_long_4H    [0m  2025-12-11            1          0.0  [1;91m       -4.05[0m        -0.99     0.0   100.0      0.0      3.25
2025-12-17 15:54:58,390 - [0;94mrevers_long_6Hutc [0m  2025-12-12            4          0.0  [1;91m      -10.62[0m         -2.6     0.0   100.0      0.0      3.47
2025-12-17 15:54:58,393 - [0;94mparity_long_1H    [0m  2025-12-16            2        100.0  [1;92m        1.12[0m         0.27   100.0     0.0      0.0       1.2
2025-12-17 15:54:58,396 - 
2025-12-17 15:54:58,400 - [1;94m========================================================================================================================[0m
2025-12-17 15:54:58,403 - [1;94m📊 TOTAL SUMMARY[0m
2025-12-17 15:54:58,406 - [1;94m========================================================================================================================[0m
2025-12-17 15:54:58,410 - [0;94m📊 Trades_num   :[0m 96
2025-12-17 15:54:58,413 - [0;94m🕜 Avg_duration :[0m 2.4 days
2025-12-17 15:54:58,416 - [0;94m🎯 Trades_pct   :[0m 81.25 %
2025-12-17 15:54:58,420 - [0;94m📈 Profit_pct   :[0m 2.26 %
2025-12-17 15:54:58,423 - 💵 [1;94mTOTAL_profit :[0m [1;92m83.01 $[0m
2025-12-17 15:54:58,427 - [1;94m========================================================================================================================[0m
2025-12-17 15:54:58,430 - 
2025-12-17 15:54:58,437 - 
💲 TP REACHED for SOLUSDT (parity_long_1H) at 15:54
2025-12-17 15:54:58,441 - →  Closing long position on SOLUSDT:
2025-12-17 15:54:58,803 - ✅ Position closed due to TP: SOLUSDT | Size: 0.3
2025-12-17 15:54:58,885 - 📋 Trade logged: SOLUSDT | Profit: 0.75 USDT (+1.87%) | Duration: 1.2043 days
2025-12-17 15:54:58,900 - 
2025-12-17 15:54:58,904 - [1;94m========================================================================================================================[0m
2025-12-17 15:54:58,907 - [1;94m📈 STRATEGY ANALYSIS[0m
2025-12-17 15:54:58,911 - [1;94m========================================================================================================================[0m
2025-12-17 15:54:58,922 - [1;85mStrategy          [0m  [1;85mdate_fo   [0m  [1;85m Trades_num[0m  [1;85m Trades_pct[0m  [1;85mTotal_profit[0m  [1;85m Profit_pct[0m  [1;85mTP_pct[0m  [1;85mSL_pct[0m  [1;85mOOM_pct[0m  [1;85mAvg_days[0m
2025-12-17 15:54:58,926 - [0;94mdouble_top_long_4H[0m  2025-12-11            1        100.0  [1;92m         1.9[0m         0.47   100.0     0.0      0.0      0.22
2025-12-17 15:54:58,930 - [0;94mrevers_short_4H   [0m  2025-12-11           30        96.67  [1;92m       52.09[0m        12.77   96.67    3.33      0.0      2.81
2025-12-17 15:54:58,933 - [0;94mparity_short_4H   [0m  2025-12-11           27        92.59  [1;92m       40.06[0m         9.82   92.59    7.41      0.0      3.15
2025-12-17 15:54:58,937 - [0;94mrevers_short_1H   [0m  2025-12-11           19        78.95  [1;92m        7.58[0m         1.86   78.95    5.26      0.0      0.91
2025-12-17 15:54:58,941 - [0;94mrevers_long_1H    [0m  2025-12-11            5         20.0  [1;91m        -7.2[0m        -1.77    20.0     0.0      0.0      1.79
2025-12-17 15:54:58,944 - [0;94mrevers_short_6Hutc[0m  2025-12-12            7        71.43  [1;92m        2.13[0m         0.52   85.71   14.29      0.0      1.63
2025-12-17 15:54:58,948 - [0;94mparity_long_4H    [0m  2025-12-11            1          0.0  [1;91m       -4.05[0m        -0.99     0.0   100.0      0.0      3.25
2025-12-17 15:54:58,951 - [0;94mrevers_long_6Hutc [0m  2025-12-12            4          0.0  [1;91m      -10.62[0m         -2.6     0.0   100.0      0.0      3.47
2025-12-17 15:54:58,955 - [0;94mparity_long_1H    [0m  2025-12-16            3        100.0  [1;92m        1.87[0m         0.46   100.0     0.0      0.0       1.2
2025-12-17 15:54:58,958 - 
2025-12-17 15:54:58,962 - [1;94m========================================================================================================================[0m
2025-12-17 15:54:58,965 - [1;94m📊 TOTAL SUMMARY[0m
2025-12-17 15:54:58,969 - [1;94m========================================================================================================================[0m
2025-12-17 15:54:58,972 - [0;94m📊 Trades_num   :[0m 97
2025-12-17 15:54:58,976 - [0;94m🕜 Avg_duration :[0m 2.3 days
2025-12-17 15:54:58,979 - [0;94m🎯 Trades_pct   :[0m 81.44 %
2025-12-17 15:54:58,983 - [0;94m📈 Profit_pct   :[0m 2.28 %
2025-12-17 15:54:58,986 - 💵 [1;94mTOTAL_profit :[0m [1;92m83.76 $[0m
2025-12-17 15:54:58,990 - [1;94m========================================================================================================================[0m
2025-12-17 15:54:58,993 - 
2025-12-17 16:20:19,092 - [1;94m========================================================================================================================[0m
2025-12-17 16:20:19,092 - [1;94m🤖 === STARTING MULTI-STRATEGY BOT OPERATING IN ACCOUNT: 01 🤖 ===[0m
2025-12-17 16:20:19,092 - [1;94m========================================================================================================================[0m
2025-12-17 16:20:19,092 - ✅  State loaded: 49 positions recovered
2025-12-17 16:20:19,092 -    ➡️  revers_short_1H: 2 positions | Candles: 46
2025-12-17 16:20:19,092 -       - BNBUSDT      | Size: 0.04       | Entry: 855.02    
2025-12-17 16:20:19,092 -       - BTCUSDT      | Size: 0.0004     | Entry: 86796.8   
2025-12-17 16:20:19,092 -    ➡️  revers_long_4H: 2 positions | Candles: 35
2025-12-17 16:20:19,092 -       - BGBUSDT      | Size: 11         | Entry: 3.6       
2025-12-17 16:20:19,092 -       - ETHUSDT      | Size: 0.01       | Entry: 3177.11   
2025-12-17 16:20:19,092 -    ➡️  parity_long_4H: 2 positions | Candles: 35
2025-12-17 16:20:19,092 -       - BGBUSDT      | Size: 11         | Entry: 3.6       
2025-12-17 16:20:19,092 -       - ETHUSDT      | Size: 0.01       | Entry: 3177.73   
2025-12-17 16:20:19,092 -    ➡️  revers_short_4H: 19 positions | Candles: 6
2025-12-17 16:20:19,092 -       - AAVEUSDT     | Size: 0.2        | Entry: 188.07    
2025-12-17 16:20:19,092 -       - ADAUSDT      | Size: 103        | Entry: 0.3883    
2025-12-17 16:20:19,092 -       - APTUSDT      | Size: 25.078     | Entry: 1.595     
2025-12-17 16:20:19,092 -       - ARBUSDT      | Size: 200.6      | Entry: 0.1994    
2025-12-17 16:20:19,092 -       - AVAXUSDT     | Size: 3.2        | Entry: 12.353    
2025-12-17 16:20:19,093 -       - DOGEUSDT     | Size: 303        | Entry: 0.13171   
2025-12-17 16:20:19,093 -       - DOTUSDT      | Size: 20         | Entry: 1.924     
2025-12-17 16:20:19,093 -       - ETHUSDT      | Size: 0.01       | Entry: 2958.82   
2025-12-17 16:20:19,093 -       - HBARUSDT     | Size: 344        | Entry: 0.11601   
2025-12-17 16:20:19,093 -       - HYPEUSDT     | Size: 1.45       | Entry: 27.434    
2025-12-17 16:20:19,093 -       - LINKUSDT     | Size: 3          | Entry: 12.963    
2025-12-17 16:20:19,093 -       - LTCUSDT      | Size: 0.5        | Entry: 78.96     
2025-12-17 16:20:19,093 -       - NEARUSDT     | Size: 25         | Entry: 1.5431    
2025-12-17 16:20:19,093 -       - ONDOUSDT     | Size: 96.6       | Entry: 0.4136    
2025-12-17 16:20:19,093 -       - SEIUSDT      | Size: 334        | Entry: 0.11949   
2025-12-17 16:20:19,093 -       - SOLUSDT      | Size: 0.3        | Entry: 128.59    
2025-12-17 16:20:19,093 -       - SUIUSDT      | Size: 26.4       | Entry: 1.5112    
2025-12-17 16:20:19,093 -       - WIFUSDT      | Size: 106.2      | Entry: 0.3763    
2025-12-17 16:20:19,093 -       - XRPUSDT      | Size: 20         | Entry: 1.9235    
2025-12-17 16:20:19,093 -    ➡️  parity_short_4H: 2 positions | Candles: 35
2025-12-17 16:20:19,093 -       - BNBUSDT      | Size: 0.04       | Entry: 863.8     
2025-12-17 16:20:19,093 -       - BTCUSDT      | Size: 0.0004     | Entry: 89709     
2025-12-17 16:20:19,093 -    ➡️  double_top_long_4H: 3 positions | Candles: 34
2025-12-17 16:20:19,093 -       - BNBUSDT      | Size: 0.04       | Entry: 876.15    
2025-12-17 16:20:19,093 -       - ETHUSDT      | Size: 0.01       | Entry: 3198.01   
2025-12-17 16:20:19,093 -       - LINKUSDT     | Size: 2          | Entry: 13.732    
2025-12-17 16:20:19,093 -    ➡️  revers_long_1H: 1 positions | Candles: 26
2025-12-17 16:20:19,093 -       - XRPUSDT      | Size: 20         | Entry: 1.922     
2025-12-17 16:20:19,093 -    ➡️  revers_short_6Hutc: 10 positions | Candles: 7
2025-12-17 16:20:19,093 -       - ADAUSDT      | Size: 105        | Entry: 0.3804    
2025-12-17 16:20:19,093 -       - BNBUSDT      | Size: 0.04       | Entry: 843.99    
2025-12-17 16:20:19,093 -       - BTCUSDT      | Size: 0.0004     | Entry: 85702     
2025-12-17 16:20:19,093 -       - DOGEUSDT     | Size: 312        | Entry: 0.12786   
2025-12-17 16:20:19,093 -       - ETHUSDT      | Size: 0.01       | Entry: 2936.6    
2025-12-17 16:20:19,093 -       - HBARUSDT     | Size: 356        | Entry: 0.11234   
2025-12-17 16:20:19,093 -       - LINKUSDT     | Size: 3          | Entry: 12.585    
2025-12-17 16:20:19,093 -       - SOLUSDT      | Size: 0.3        | Entry: 124.987   
2025-12-17 16:20:19,093 -       - WLDUSDT      | Size: 75         | Entry: 0.5286    
2025-12-17 16:20:19,093 -       - XRPUSDT      | Size: 21         | Entry: 1.8909    
2025-12-17 16:20:19,093 -    ➡️  revers_long_6Hutc: 2 positions | Candles: 21
2025-12-17 16:20:19,093 -       - BNBUSDT      | Size: 0.03       | Entry: 891.18    
2025-12-17 16:20:19,093 -       - BTCUSDT      | Size: 0.0003     | Entry: 92367.4   
2025-12-17 16:20:19,093 -    ➡️  parity_short_1H: 6 positions | Candles: 28
2025-12-17 16:20:19,093 -       - BNBUSDT      | Size: 0.04       | Entry: 859.08    
2025-12-17 16:20:19,093 -       - BTCUSDT      | Size: 0.0004     | Entry: 86297.7   
2025-12-17 16:20:19,093 -       - DOGEUSDT     | Size: 310        | Entry: 0.12882   
2025-12-17 16:20:19,093 -       - ETHUSDT      | Size: 0.01       | Entry: 2924.4    
2025-12-17 16:20:19,093 -       - SOLUSDT      | Size: 0.3        | Entry: 126.22    
2025-12-17 16:20:19,093 -       - XRPUSDT      | Size: 21         | Entry: 1.879     
2025-12-17 16:20:19,441 - 🔹 Strategy double_top_long_4H (4H): 32 symbols
2025-12-17 16:20:19,444 - 🔹 Strategy revers_long_4H     (4H): 32 symbols
2025-12-17 16:20:19,447 - 🔹 Strategy parity_long_4H     (4H): 32 symbols
2025-12-17 16:20:19,449 - 🔹 Strategy revers_short_4H    (4H): 32 symbols
2025-12-17 16:20:19,452 - 🔹 Strategy parity_short_4H    (4H): 32 symbols
2025-12-17 16:20:19,454 - 🔹 Strategy revers_long_1H     (1H):  6 symbols
2025-12-17 16:20:19,457 - 🔹 Strategy revers_short_1H    (1H):  6 symbols
2025-12-17 16:20:19,459 - 🔹 Strategy revers_long_6Hutc  (6Hutc): 15 symbols
2025-12-17 16:20:19,461 - 🔹 Strategy revers_short_6Hutc (6Hutc): 15 symbols
2025-12-17 16:20:19,464 - 🔹 Strategy parity_long_1H     (1H):  6 symbols
2025-12-17 16:20:19,466 - 🔹 Strategy parity_short_1H    (1H):  6 symbols
2025-12-17 16:20:19,466 - 
➡️ Detected timeframes: 4H, 6Hutc, 1H
2025-12-17 16:20:19,466 -    🔹 4H: double_top_long_4H, revers_long_4H, parity_long_4H, revers_short_4H, parity_short_4H
2025-12-17 16:20:19,466 -    🔹 6Hutc: revers_long_6Hutc, revers_short_6Hutc
2025-12-17 16:20:19,466 -    🔹 1H: revers_long_1H, revers_short_1H, parity_long_1H, parity_short_1H
2025-12-17 16:20:19,466 - 
✅ BOT Initialization completed

2025-12-17 16:20:19,478 - 
2025-12-17 16:20:19,478 - [1;94m========================================================================================================================[0m
2025-12-17 16:20:19,478 - [1;94m📈 STRATEGY ANALYSIS[0m
2025-12-17 16:20:19,478 - [1;94m========================================================================================================================[0m
2025-12-17 16:20:19,486 - [1;85mStrategy          [0m  [1;85mdate_fo   [0m  [1;85m Trades_num[0m  [1;85m Trades_pct[0m  [1;85mTotal_profit[0m  [1;85m Profit_pct[0m  [1;85mTP_pct[0m  [1;85mSL_pct[0m  [1;85mOOM_pct[0m  [1;85mAvg_days[0m
2025-12-17 16:20:19,486 - [0;94mdouble_top_long_4H[0m  2025-12-11            1        100.0  [1;92m         1.9[0m         0.47   100.0     0.0      0.0      0.22
2025-12-17 16:20:19,486 - [0;94mrevers_short_4H   [0m  2025-12-11           30        96.67  [1;92m       52.09[0m        12.77   96.67    3.33      0.0      2.81
2025-12-17 16:20:19,486 - [0;94mparity_short_4H   [0m  2025-12-11           27        92.59  [1;92m       40.06[0m         9.82   92.59    7.41      0.0      3.15
2025-12-17 16:20:19,486 - [0;94mrevers_short_1H   [0m  2025-12-11           19        78.95  [1;92m        7.58[0m         1.86   78.95    5.26      0.0      0.91
2025-12-17 16:20:19,486 - [0;94mrevers_long_1H    [0m  2025-12-11            5         20.0  [1;91m        -7.2[0m        -1.77    20.0     0.0      0.0      1.79
2025-12-17 16:20:19,487 - [0;94mrevers_short_6Hutc[0m  2025-12-12            7        71.43  [1;92m        2.13[0m         0.52   85.71   14.29      0.0      1.63
2025-12-17 16:20:19,487 - [0;94mparity_long_4H    [0m  2025-12-11            1          0.0  [1;91m       -4.05[0m        -0.99     0.0   100.0      0.0      3.25
2025-12-17 16:20:19,487 - [0;94mrevers_long_6Hutc [0m  2025-12-12            4          0.0  [1;91m      -10.62[0m         -2.6     0.0   100.0      0.0      3.47
2025-12-17 16:20:19,487 - [0;94mparity_long_1H    [0m  2025-12-16            3        100.0  [1;92m        1.87[0m         0.46   100.0     0.0      0.0       1.2
2025-12-17 16:20:19,487 - 
2025-12-17 16:20:19,487 - [1;94m========================================================================================================================[0m
2025-12-17 16:20:19,487 - [1;94m📊 TOTAL SUMMARY[0m
2025-12-17 16:20:19,487 - [1;94m========================================================================================================================[0m
2025-12-17 16:20:19,487 - [0;94m📊 Trades_num   :[0m 97
2025-12-17 16:20:19,487 - [0;94m🕜 Avg_duration :[0m 2.3 days
2025-12-17 16:20:19,487 - [0;94m🎯 Trades_pct   :[0m 81.44 %
2025-12-17 16:20:19,487 - [0;94m📈 Profit_pct   :[0m 2.28 %
2025-12-17 16:20:19,487 - 💵 [1;94mTOTAL_profit :[0m [1;92m83.76 $[0m
2025-12-17 16:20:19,487 - [1;94m========================================================================================================================[0m
2025-12-17 16:20:19,487 - 
2025-12-17 16:20:19,487 - 
[1;94mInitializing WebSocket connections...[0m
2025-12-17 16:20:20,488 - 📱 WebSocket status:
2025-12-17 16:20:20,488 -    - Public WS    : ⚠️  Not connected
2025-12-17 16:20:20,488 -    - Private WS   : ⚠️  Not connected
2025-12-17 16:20:20,488 -    - Authenticated: ⚠️  No
2025-12-17 16:20:20,499 - 🔌 PUBLIC  WebSocket connected
2025-12-17 16:20:20,499 - 🔌 PRIVATE WebSocket connected (first time)
2025-12-17 16:20:21,000 - 🛜 Subscribing to 5 private channels...
2025-12-17 16:20:21,000 - 🆗 orders
2025-12-17 16:20:21,000 - 🆗 fill
2025-12-17 16:20:21,000 - 🆗 positions
2025-12-17 16:20:21,000 - 🆗 account
2025-12-17 16:20:21,000 - 🆗 equity
2025-12-17 16:20:21,000 - ✅ WebSocket authentication successful
2025-12-17 16:20:21,488 - 📦 Pre-loading contract info for 33 symbols via API...
2025-12-17 16:20:34,447 - [0;36m✅ Pre-loaded 33/33 contracts[0m
2025-12-17 16:20:34,448 - 
2025-12-17 16:20:34,448 - ⏰ Next candle for 4H    : 2025-12-17 16:00:45 UTC
2025-12-17 16:20:34,448 - ⏰ Next candle for 6Hutc : 2025-12-17 18:00:45 UTC
2025-12-17 16:20:34,448 - ⏰ Next candle for 1H    : 2025-12-17 16:00:45 UTC
2025-12-17 16:20:52,332 - 
💲 TP REACHED for XRPUSDT (revers_long_1H) at 16:20
2025-12-17 16:20:52,332 - →  Closing long position on XRPUSDT:
2025-12-17 16:20:52,700 - ✅ Position closed due to TP: XRPUSDT | Size: 20
2025-12-17 16:20:52,928 - 📋 Trade logged: XRPUSDT | Profit: 0.95 USDT (+2.38%) | Duration: 1.1806 days
2025-12-17 16:20:52,939 - 
2025-12-17 16:20:52,939 - [1;94m========================================================================================================================[0m
2025-12-17 16:20:52,939 - [1;94m📈 STRATEGY ANALYSIS[0m
2025-12-17 16:20:52,939 - [1;94m========================================================================================================================[0m
2025-12-17 16:20:52,947 - [1;85mStrategy          [0m  [1;85mdate_fo   [0m  [1;85m Trades_num[0m  [1;85m Trades_pct[0m  [1;85mTotal_profit[0m  [1;85m Profit_pct[0m  [1;85mTP_pct[0m  [1;85mSL_pct[0m  [1;85mOOM_pct[0m  [1;85mAvg_days[0m
2025-12-17 16:20:52,947 - [0;94mdouble_top_long_4H[0m  2025-12-11            1        100.0  [1;92m         1.9[0m         0.47   100.0     0.0      0.0      0.22
2025-12-17 16:20:52,947 - [0;94mrevers_short_4H   [0m  2025-12-11           30        96.67  [1;92m       52.09[0m        12.77   96.67    3.33      0.0      2.81
2025-12-17 16:20:52,947 - [0;94mparity_short_4H   [0m  2025-12-11           27        92.59  [1;92m       40.06[0m         9.82   92.59    7.41      0.0      3.15
2025-12-17 16:20:52,947 - [0;94mrevers_short_1H   [0m  2025-12-11           19        78.95  [1;92m        7.58[0m         1.86   78.95    5.26      0.0      0.91
2025-12-17 16:20:52,947 - [0;94mrevers_long_1H    [0m  2025-12-11            6        33.33  [1;91m       -6.25[0m        -1.53   33.33     0.0      0.0      1.69
2025-12-17 16:20:52,947 - [0;94mrevers_short_6Hutc[0m  2025-12-12            7        71.43  [1;92m        2.13[0m         0.52   85.71   14.29      0.0      1.63
2025-12-17 16:20:52,947 - [0;94mparity_long_4H    [0m  2025-12-11            1          0.0  [1;91m       -4.05[0m        -0.99     0.0   100.0      0.0      3.25
2025-12-17 16:20:52,947 - [0;94mrevers_long_6Hutc [0m  2025-12-12            4          0.0  [1;91m      -10.62[0m         -2.6     0.0   100.0      0.0      3.47
2025-12-17 16:20:52,947 - [0;94mparity_long_1H    [0m  2025-12-16            3        100.0  [1;92m        1.87[0m         0.46   100.0     0.0      0.0       1.2
2025-12-17 16:20:52,947 - 
2025-12-17 16:20:52,947 - [1;94m========================================================================================================================[0m
2025-12-17 16:20:52,947 - [1;94m📊 TOTAL SUMMARY[0m
2025-12-17 16:20:52,947 - [1;94m========================================================================================================================[0m
2025-12-17 16:20:52,947 - [0;94m📊 Trades_num   :[0m 98
2025-12-17 16:20:52,947 - [0;94m🕜 Avg_duration :[0m 2.3 days
2025-12-17 16:20:52,947 - [0;94m🎯 Trades_pct   :[0m 81.63 %
2025-12-17 16:20:52,947 - [0;94m📈 Profit_pct   :[0m 2.31 %
2025-12-17 16:20:52,947 - 💵 [1;94mTOTAL_profit :[0m [1;92m84.71 $[0m
2025-12-17 16:20:52,947 - [1;94m========================================================================================================================[0m
2025-12-17 16:20:52,947 - 
2025-12-17 16:38:19,464 - 
🔚 Interrupted by user.
2025-12-17 16:38:19,468 - ⛔ BOT Stopped
2025-12-17 16:38:23,312 - [1;94m========================================================================================================================[0m
2025-12-17 16:38:23,312 - [1;94m🤖 === STARTING MULTI-STRATEGY BOT OPERATING IN ACCOUNT: 01 🤖 ===[0m
2025-12-17 16:38:23,312 - [1;94m========================================================================================================================[0m
2025-12-17 16:38:23,312 - ✅  State loaded: 48 positions recovered
2025-12-17 16:38:23,312 -    ➡️  revers_short_1H: 2 positions | Candles: 46
2025-12-17 16:38:23,312 -       - BNBUSDT      | Size: 0.04       | Entry: 855.02    
2025-12-17 16:38:23,312 -       - BTCUSDT      | Size: 0.0004     | Entry: 86796.8   
2025-12-17 16:38:23,312 -    ➡️  revers_long_4H: 2 positions | Candles: 35
2025-12-17 16:38:23,312 -       - BGBUSDT      | Size: 11         | Entry: 3.6       
2025-12-17 16:38:23,312 -       - ETHUSDT      | Size: 0.01       | Entry: 3177.11   
2025-12-17 16:38:23,312 -    ➡️  parity_long_4H: 2 positions | Candles: 35
2025-12-17 16:38:23,312 -       - BGBUSDT      | Size: 11         | Entry: 3.6       
2025-12-17 16:38:23,313 -       - ETHUSDT      | Size: 0.01       | Entry: 3177.73   
2025-12-17 16:38:23,313 -    ➡️  revers_short_4H: 19 positions | Candles: 6
2025-12-17 16:38:23,313 -       - AAVEUSDT     | Size: 0.2        | Entry: 188.07    
2025-12-17 16:38:23,313 -       - ADAUSDT      | Size: 103        | Entry: 0.3883    
2025-12-17 16:38:23,313 -       - APTUSDT      | Size: 25.078     | Entry: 1.595     
2025-12-17 16:38:23,313 -       - ARBUSDT      | Size: 200.6      | Entry: 0.1994    
2025-12-17 16:38:23,313 -       - AVAXUSDT     | Size: 3.2        | Entry: 12.353    
2025-12-17 16:38:23,313 -       - DOGEUSDT     | Size: 303        | Entry: 0.13171   
2025-12-17 16:38:23,313 -       - DOTUSDT      | Size: 20         | Entry: 1.924     
2025-12-17 16:38:23,313 -       - ETHUSDT      | Size: 0.01       | Entry: 2958.82   
2025-12-17 16:38:23,313 -       - HBARUSDT     | Size: 344        | Entry: 0.11601   
2025-12-17 16:38:23,313 -       - HYPEUSDT     | Size: 1.45       | Entry: 27.434    
2025-12-17 16:38:23,313 -       - LINKUSDT     | Size: 3          | Entry: 12.963    
2025-12-17 16:38:23,313 -       - LTCUSDT      | Size: 0.5        | Entry: 78.96     
2025-12-17 16:38:23,313 -       - NEARUSDT     | Size: 25         | Entry: 1.5431    
2025-12-17 16:38:23,313 -       - ONDOUSDT     | Size: 96.6       | Entry: 0.4136    
2025-12-17 16:38:23,313 -       - SEIUSDT      | Size: 334        | Entry: 0.11949   
2025-12-17 16:38:23,313 -       - SOLUSDT      | Size: 0.3        | Entry: 128.59    
2025-12-17 16:38:23,313 -       - SUIUSDT      | Size: 26.4       | Entry: 1.5112    
2025-12-17 16:38:23,313 -       - WIFUSDT      | Size: 106.2      | Entry: 0.3763    
2025-12-17 16:38:23,313 -       - XRPUSDT      | Size: 20         | Entry: 1.9235    
2025-12-17 16:38:23,313 -    ➡️  parity_short_4H: 2 positions | Candles: 35
2025-12-17 16:38:23,313 -       - BNBUSDT      | Size: 0.04       | Entry: 863.8     
2025-12-17 16:38:23,313 -       - BTCUSDT      | Size: 0.0004     | Entry: 89709     
2025-12-17 16:38:23,313 -    ➡️  double_top_long_4H: 3 positions | Candles: 34
2025-12-17 16:38:23,313 -       - BNBUSDT      | Size: 0.04       | Entry: 876.15    
2025-12-17 16:38:23,313 -       - ETHUSDT      | Size: 0.01       | Entry: 3198.01   
2025-12-17 16:38:23,313 -       - LINKUSDT     | Size: 2          | Entry: 13.732    
2025-12-17 16:38:23,313 -    ➡️  revers_short_6Hutc: 10 positions | Candles: 7
2025-12-17 16:38:23,313 -       - ADAUSDT      | Size: 105        | Entry: 0.3804    
2025-12-17 16:38:23,313 -       - BNBUSDT      | Size: 0.04       | Entry: 843.99    
2025-12-17 16:38:23,313 -       - BTCUSDT      | Size: 0.0004     | Entry: 85702     
2025-12-17 16:38:23,313 -       - DOGEUSDT     | Size: 312        | Entry: 0.12786   
2025-12-17 16:38:23,313 -       - ETHUSDT      | Size: 0.01       | Entry: 2936.6    
2025-12-17 16:38:23,313 -       - HBARUSDT     | Size: 356        | Entry: 0.11234   
2025-12-17 16:38:23,313 -       - LINKUSDT     | Size: 3          | Entry: 12.585    
2025-12-17 16:38:23,313 -       - SOLUSDT      | Size: 0.3        | Entry: 124.987   
2025-12-17 16:38:23,313 -       - WLDUSDT      | Size: 75         | Entry: 0.5286    
2025-12-17 16:38:23,313 -       - XRPUSDT      | Size: 21         | Entry: 1.8909    
2025-12-17 16:38:23,313 -    ➡️  revers_long_6Hutc: 2 positions | Candles: 21
2025-12-17 16:38:23,313 -       - BNBUSDT      | Size: 0.03       | Entry: 891.18    
2025-12-17 16:38:23,313 -       - BTCUSDT      | Size: 0.0003     | Entry: 92367.4   
2025-12-17 16:38:23,313 -    ➡️  parity_short_1H: 6 positions | Candles: 28
2025-12-17 16:38:23,313 -       - BNBUSDT      | Size: 0.04       | Entry: 859.08    
2025-12-17 16:38:23,313 -       - BTCUSDT      | Size: 0.0004     | Entry: 86297.7   
2025-12-17 16:38:23,313 -       - DOGEUSDT     | Size: 310        | Entry: 0.12882   
2025-12-17 16:38:23,313 -       - ETHUSDT      | Size: 0.01       | Entry: 2924.4    
2025-12-17 16:38:23,313 -       - SOLUSDT      | Size: 0.3        | Entry: 126.22    
2025-12-17 16:38:23,313 -       - XRPUSDT      | Size: 21         | Entry: 1.879     
2025-12-17 16:38:23,742 - 🔹 Strategy double_top_long_4H (4H): 32 symbols
2025-12-17 16:38:23,745 - 🔹 Strategy revers_long_4H     (4H): 32 symbols
2025-12-17 16:38:23,747 - 🔹 Strategy parity_long_4H     (4H): 32 symbols
2025-12-17 16:38:23,750 - 🔹 Strategy revers_short_4H    (4H): 32 symbols
2025-12-17 16:38:23,753 - 🔹 Strategy parity_short_4H    (4H): 32 symbols
2025-12-17 16:38:23,755 - 🔹 Strategy revers_long_1H     (1H):  6 symbols
2025-12-17 16:38:23,758 - 🔹 Strategy revers_short_1H    (1H):  6 symbols
2025-12-17 16:38:23,760 - 🔹 Strategy revers_long_6Hutc  (6Hutc): 15 symbols
2025-12-17 16:38:23,762 - 🔹 Strategy revers_short_6Hutc (6Hutc): 15 symbols
2025-12-17 16:38:23,765 - 🔹 Strategy parity_long_1H     (1H):  6 symbols
2025-12-17 16:38:23,767 - 🔹 Strategy parity_short_1H    (1H):  6 symbols
2025-12-17 16:38:23,767 - 
➡️ Detected timeframes: 6Hutc, 1H, 4H
2025-12-17 16:38:23,767 -    🔹 6Hutc: revers_long_6Hutc, revers_short_6Hutc
2025-12-17 16:38:23,767 -    🔹 1H: revers_long_1H, revers_short_1H, parity_long_1H, parity_short_1H
2025-12-17 16:38:23,767 -    🔹 4H: double_top_long_4H, revers_long_4H, parity_long_4H, revers_short_4H, parity_short_4H
2025-12-17 16:38:23,767 - 
✅ BOT Initialization completed

2025-12-17 16:38:23,780 - 
2025-12-17 16:38:23,780 - [1;94m========================================================================================================================[0m
2025-12-17 16:38:23,780 - [1;94m📈 STRATEGY ANALYSIS[0m
2025-12-17 16:38:23,780 - [1;94m========================================================================================================================[0m
2025-12-17 16:38:23,788 - [1;85mStrategy          [0m  [1;85mdate_fo   [0m  [1;85m Trades_num[0m  [1;85m Trades_pct[0m  [1;85mTotal_profit[0m  [1;85m Profit_pct[0m  [1;85mTP_pct[0m  [1;85mSL_pct[0m  [1;85mOOM_pct[0m  [1;85mAvg_days[0m
2025-12-17 16:38:23,788 - [0;94mdouble_top_long_4H[0m  2025-12-11            1        100.0  [1;92m         1.9[0m         0.47   100.0     0.0      0.0      0.22
2025-12-17 16:38:23,788 - [0;94mrevers_short_4H   [0m  2025-12-11           30        96.67  [1;92m       52.09[0m        12.77   96.67    3.33      0.0      2.81
2025-12-17 16:38:23,788 - [0;94mparity_short_4H   [0m  2025-12-11           27        92.59  [1;92m       40.06[0m         9.82   92.59    7.41      0.0      3.15
2025-12-17 16:38:23,788 - [0;94mrevers_short_1H   [0m  2025-12-11           19        78.95  [1;92m        7.58[0m         1.86   78.95    5.26      0.0      0.91
2025-12-17 16:38:23,788 - [0;94mrevers_long_1H    [0m  2025-12-11            6        33.33  [1;91m       -6.25[0m        -1.53   33.33     0.0      0.0      1.69
2025-12-17 16:38:23,788 - [0;94mrevers_short_6Hutc[0m  2025-12-12            7        71.43  [1;92m        2.13[0m         0.52   85.71   14.29      0.0      1.63
2025-12-17 16:38:23,788 - [0;94mparity_long_4H    [0m  2025-12-11            1          0.0  [1;91m       -4.05[0m        -0.99     0.0   100.0      0.0      3.25
2025-12-17 16:38:23,788 - [0;94mrevers_long_6Hutc [0m  2025-12-12            4          0.0  [1;91m      -10.62[0m         -2.6     0.0   100.0      0.0      3.47
2025-12-17 16:38:23,788 - [0;94mparity_long_1H    [0m  2025-12-16            3        100.0  [1;92m        1.87[0m         0.46   100.0     0.0      0.0       1.2
2025-12-17 16:38:23,789 - 
2025-12-17 16:38:23,789 - [1;94m========================================================================================================================[0m
2025-12-17 16:38:23,789 - [1;94m📊 TOTAL SUMMARY[0m
2025-12-17 16:38:23,789 - [1;94m========================================================================================================================[0m
2025-12-17 16:38:23,789 - [0;94m📊 Trades_num   :[0m 98
2025-12-17 16:38:23,789 - [0;94m🕜 Avg_duration :[0m 2.3 days
2025-12-17 16:38:23,789 - [0;94m🎯 Trades_pct   :[0m 81.63 %
2025-12-17 16:38:23,789 - [0;94m📈 Profit_pct   :[0m 2.31 %
2025-12-17 16:38:23,789 - 💵 [1;94mTOTAL_profit :[0m [1;92m84.71 $[0m
2025-12-17 16:38:23,789 - [1;94m========================================================================================================================[0m
2025-12-17 16:38:23,789 - 
2025-12-17 16:38:23,789 - 
[1;94mInitializing WebSocket connections...[0m
2025-12-17 16:38:24,789 - 📱 WebSocket status:
2025-12-17 16:38:24,790 -    - Public WS    : ⚠️  Not connected
2025-12-17 16:38:24,790 -    - Private WS   : ⚠️  Not connected
2025-12-17 16:38:24,790 -    - Authenticated: ⚠️  No
2025-12-17 16:38:24,823 - 🔌 PRIVATE WebSocket connected (first time)
2025-12-17 16:38:24,823 - 🔌 PUBLIC  WebSocket connected
2025-12-17 16:38:25,323 - 🛜 Subscribing to 5 private channels...
2025-12-17 16:38:25,323 - 🆗 orders
2025-12-17 16:38:25,323 - 🆗 fill
2025-12-17 16:38:25,323 - 🆗 positions
2025-12-17 16:38:25,323 - 🆗 account
2025-12-17 16:38:25,323 - 🆗 equity
2025-12-17 16:38:25,323 - ✅ WebSocket authentication successful
2025-12-17 16:38:25,790 - 📦 Pre-loading contract info for 33 symbols via API...
2025-12-17 16:38:38,269 - [0;36m✅ Pre-loaded 33/33 contracts[0m
2025-12-17 16:38:38,270 - 
2025-12-17 16:38:38,270 - ⏰ Next candle for 6Hutc : 2025-12-17 18:00:45 UTC
2025-12-17 16:38:38,270 - ⏰ Next candle for 1H    : 2025-12-17 16:00:45 UTC
2025-12-17 16:38:38,270 - ⏰ Next candle for 4H    : 2025-12-17 16:00:45 UTC
2025-12-17 16:50:01,549 - ⚠️ No price for LINKUSDT: No fresh price data for LINKUSDT
2025-12-17 17:00:45,057 - 
========================================================================================================================
2025-12-17 17:00:45,060 - 🔀 New candle(s) detected 2025-12-17 16:00:45 UTC
2025-12-17 17:00:45,063 - 🔹 Timeframes: 1H, 4H
2025-12-17 17:00:45,066 - 🌐 Syncronizing positions in broker...
2025-12-17 17:00:45,271 - ✅ Sync completed: All positions exist in broker
2025-12-17 17:00:45,274 - 📡 Signal search - 2025-12-17 16:00:45
2025-12-17 17:00:45,277 - ------------------------------------------------------------------------------------------------------------------------
2025-12-17 17:00:45,281 - ➡️  revers_short_1H    (1H): 47/50 candles
2025-12-17 17:00:45,284 - ➡️  parity_short_1H    (1H): 29/50 candles
2025-12-17 17:00:45,288 - ➡️  double_top_long_4H (4H): 35/50 candles
2025-12-17 17:00:45,292 - ➡️  revers_long_4H     (4H): 36/50 candles
2025-12-17 17:00:45,295 - ➡️  parity_long_4H     (4H): 36/50 candles
2025-12-17 17:00:45,299 - ➡️  revers_short_4H    (4H): 7/50 candles
2025-12-17 17:00:45,303 - ➡️  parity_short_4H    (4H): 36/50 candles
2025-12-17 17:00:45,308 - 
🔄 Processing strategy: revers_long_1H
2025-12-17 17:00:47,425 - 💫 Signals detected for revers_long_1H: 0
2025-12-17 17:00:47,428 - 🚫 revers_short_1H    (1H): 2 open positions
2025-12-17 17:00:47,433 - 
🔄 Processing strategy: parity_long_1H
2025-12-17 17:00:49,467 - 💫 Signals detected for parity_long_1H: 0
2025-12-17 17:00:49,470 - 🚫 parity_short_1H    (1H): 6 open positions
2025-12-17 17:00:49,473 - 🚫 double_top_long_4H (4H): 3 open positions
2025-12-17 17:00:49,476 - 🚫 revers_long_4H     (4H): 2 open positions
2025-12-17 17:00:49,479 - 🚫 parity_long_4H     (4H): 2 open positions
2025-12-17 17:00:49,482 - 🚫 revers_short_4H    (4H): 19 open positions
2025-12-17 17:00:49,485 - 🚫 parity_short_4H    (4H): 2 open positions
2025-12-17 17:00:49,488 - 🔂 Signal cycle completed
2025-12-17 17:00:49,493 - ========================================================================================================================

2025-12-17 17:00:49,496 - ⏰ Next candle for 1H: 2025-12-17 17:00:45 UTC
2025-12-17 17:00:49,499 - ⏰ Next candle for 4H: 2025-12-17 20:00:45 UTC
2025-12-17 17:15:01,913 - 
🔻 SL REACHED for ETHUSDT (double_top_long_4H) at 17:15
2025-12-17 17:15:01,916 - →  Closing long position on ETHUSDT:
2025-12-17 17:15:02,316 - ✅ Position closed due to SL: ETHUSDT | Size: 0.01
2025-12-17 17:15:02,396 - 📋 Trade logged: ETHUSDT | Profit: -3.21 USDT (-8.02%) | Duration: 5.8840 days
2025-12-17 17:15:02,411 - 
2025-12-17 17:15:02,414 - [1;94m========================================================================================================================[0m
2025-12-17 17:15:02,417 - [1;94m📈 STRATEGY ANALYSIS[0m
2025-12-17 17:15:02,420 - [1;94m========================================================================================================================[0m
2025-12-17 17:15:02,431 - [1;85mStrategy          [0m  [1;85mdate_fo   [0m  [1;85m Trades_num[0m  [1;85m Trades_pct[0m  [1;85mTotal_profit[0m  [1;85m Profit_pct[0m  [1;85mTP_pct[0m  [1;85mSL_pct[0m  [1;85mOOM_pct[0m  [1;85mAvg_days[0m
2025-12-17 17:15:02,434 - [0;94mdouble_top_long_4H[0m  2025-12-11            2         50.0  [1;91m       -1.31[0m        -0.32    50.0    50.0      0.0      3.05
2025-12-17 17:15:02,437 - [0;94mrevers_short_4H   [0m  2025-12-11           30        96.67  [1;92m       52.09[0m        12.77   96.67    3.33      0.0      2.81
2025-12-17 17:15:02,440 - [0;94mparity_short_4H   [0m  2025-12-11           27        92.59  [1;92m       40.06[0m         9.82   92.59    7.41      0.0      3.15
2025-12-17 17:15:02,443 - [0;94mrevers_short_1H   [0m  2025-12-11           19        78.95  [1;92m        7.58[0m         1.86   78.95    5.26      0.0      0.91
2025-12-17 17:15:02,446 - [0;94mrevers_long_1H    [0m  2025-12-11            6        33.33  [1;91m       -6.25[0m        -1.53   33.33     0.0      0.0      1.69
2025-12-17 17:15:02,449 - [0;94mrevers_short_6Hutc[0m  2025-12-12            7        71.43  [1;92m        2.13[0m         0.52   85.71   14.29      0.0      1.63
2025-12-17 17:15:02,452 - [0;94mparity_long_4H    [0m  2025-12-11            1          0.0  [1;91m       -4.05[0m        -0.99     0.0   100.0      0.0      3.25
2025-12-17 17:15:02,455 - [0;94mrevers_long_6Hutc [0m  2025-12-12            4          0.0  [1;91m      -10.62[0m         -2.6     0.0   100.0      0.0      3.47
2025-12-17 17:15:02,458 - [0;94mparity_long_1H    [0m  2025-12-16            3        100.0  [1;92m        1.87[0m         0.46   100.0     0.0      0.0       1.2
2025-12-17 17:15:02,461 - 
2025-12-17 17:15:02,464 - [1;94m========================================================================================================================[0m
2025-12-17 17:15:02,467 - [1;94m📊 TOTAL SUMMARY[0m
2025-12-17 17:15:02,470 - [1;94m========================================================================================================================[0m
2025-12-17 17:15:02,473 - [0;94m📊 Trades_num   :[0m 99
2025-12-17 17:15:02,476 - [0;94m🕜 Avg_duration :[0m 2.4 days
2025-12-17 17:15:02,479 - [0;94m🎯 Trades_pct   :[0m 80.81 %
2025-12-17 17:15:02,481 - [0;94m📈 Profit_pct   :[0m 2.22 %
2025-12-17 17:15:02,484 - 💵 [1;94mTOTAL_profit :[0m [1;92m81.50 $[0m
2025-12-17 17:15:02,487 - [1;94m========================================================================================================================[0m
2025-12-17 17:15:02,490 - 
2025-12-17 17:18:22,466 - 
💲 TP REACHED for ETHUSDT (parity_short_1H) at 17:18
2025-12-17 17:18:22,469 - →  Closing short position on ETHUSDT:
2025-12-17 17:18:22,822 - ✅ Position closed due to TP: ETHUSDT | Size: 0.01
2025-12-17 17:18:22,903 - 📋 Trade logged: ETHUSDT | Profit: 0.72 USDT (+1.80%) | Duration: 1.3038 days
2025-12-17 17:18:22,918 - 
2025-12-17 17:18:22,921 - [1;94m========================================================================================================================[0m
2025-12-17 17:18:22,924 - [1;94m📈 STRATEGY ANALYSIS[0m
2025-12-17 17:18:22,927 - [1;94m========================================================================================================================[0m
2025-12-17 17:18:22,939 - [1;85mStrategy          [0m  [1;85mdate_fo   [0m  [1;85m Trades_num[0m  [1;85m Trades_pct[0m  [1;85mTotal_profit[0m  [1;85m Profit_pct[0m  [1;85mTP_pct[0m  [1;85mSL_pct[0m  [1;85mOOM_pct[0m  [1;85mAvg_days[0m
2025-12-17 17:18:22,942 - [0;94mdouble_top_long_4H[0m  2025-12-11            2         50.0  [1;91m       -1.31[0m        -0.36    50.0    50.0      0.0      3.05
2025-12-17 17:18:22,945 - [0;94mrevers_short_4H   [0m  2025-12-11           30        96.67  [1;92m       52.09[0m        14.19   96.67    3.33      0.0      2.81
2025-12-17 17:18:22,948 - [0;94mparity_short_4H   [0m  2025-12-11           27        92.59  [1;92m       40.06[0m        10.91   92.59    7.41      0.0      3.15
2025-12-17 17:18:22,951 - [0;94mrevers_short_1H   [0m  2025-12-11           19        78.95  [1;92m        7.58[0m         2.06   78.95    5.26      0.0      0.91
2025-12-17 17:18:22,954 - [0;94mrevers_long_1H    [0m  2025-12-11            6        33.33  [1;91m       -6.25[0m         -1.7   33.33     0.0      0.0      1.69
2025-12-17 17:18:22,957 - [0;94mrevers_short_6Hutc[0m  2025-12-12            7        71.43  [1;92m        2.13[0m         0.58   85.71   14.29      0.0      1.63
2025-12-17 17:18:22,960 - [0;94mparity_long_4H    [0m  2025-12-11            1          0.0  [1;91m       -4.05[0m         -1.1     0.0   100.0      0.0      3.25
2025-12-17 17:18:22,963 - [0;94mrevers_long_6Hutc [0m  2025-12-12            4          0.0  [1;91m      -10.62[0m        -2.89     0.0   100.0      0.0      3.47
2025-12-17 17:18:22,966 - [0;94mparity_long_1H    [0m  2025-12-16            3        100.0  [1;92m        1.87[0m         0.51   100.0     0.0      0.0       1.2
2025-12-17 17:18:22,968 - [0;94mparity_short_1H   [0m  2025-12-16            1        100.0  [1;92m        0.72[0m          0.2   100.0     0.0      0.0       1.3
2025-12-17 17:18:22,972 - 
2025-12-17 17:18:22,974 - [1;94m========================================================================================================================[0m
2025-12-17 17:18:22,977 - [1;94m📊 TOTAL SUMMARY[0m
2025-12-17 17:18:22,980 - [1;94m========================================================================================================================[0m
2025-12-17 17:18:22,983 - [0;94m📊 Trades_num   :[0m 100
2025-12-17 17:18:22,986 - [0;94m🕜 Avg_duration :[0m 2.4 days
2025-12-17 17:18:22,989 - [0;94m🎯 Trades_pct   :[0m 81.00 %
2025-12-17 17:18:22,992 - [0;94m📈 Profit_pct   :[0m 2.24 %
2025-12-17 17:18:22,994 - 💵 [1;94mTOTAL_profit :[0m [1;92m82.22 $[0m
2025-12-17 17:18:22,997 - [1;94m========================================================================================================================[0m
2025-12-17 17:18:23,000 - 
2025-12-17 17:20:12,664 - 
🔻 SL REACHED for LINKUSDT (double_top_long_4H) at 17:20
2025-12-17 17:20:12,667 - →  Closing long position on LINKUSDT:
2025-12-17 17:20:13,038 - ✅ Position closed due to SL: LINKUSDT | Size: 2
2025-12-17 17:20:13,116 - 📋 Trade logged: LINKUSDT | Profit: -3.22 USDT (-8.06%) | Duration: 5.8876 days
2025-12-17 17:20:13,131 - 
2025-12-17 17:20:13,134 - [1;94m========================================================================================================================[0m
2025-12-17 17:20:13,137 - [1;94m📈 STRATEGY ANALYSIS[0m
2025-12-17 17:20:13,140 - [1;94m========================================================================================================================[0m
2025-12-17 17:20:13,152 - [1;85mStrategy          [0m  [1;85mdate_fo   [0m  [1;85m Trades_num[0m  [1;85m Trades_pct[0m  [1;85mTotal_profit[0m  [1;85m Profit_pct[0m  [1;85mTP_pct[0m  [1;85mSL_pct[0m  [1;85mOOM_pct[0m  [1;85mAvg_days[0m
2025-12-17 17:20:13,155 - [0;94mdouble_top_long_4H[0m  2025-12-11            3        33.33  [1;91m       -4.53[0m        -1.23   33.33   66.67      0.0       4.0
2025-12-17 17:20:13,158 - [0;94mrevers_short_4H   [0m  2025-12-11           30        96.67  [1;92m       52.09[0m        14.19   96.67    3.33      0.0      2.81
2025-12-17 17:20:13,161 - [0;94mparity_short_4H   [0m  2025-12-11           27        92.59  [1;92m       40.06[0m        10.91   92.59    7.41      0.0      3.15
2025-12-17 17:20:13,167 - [0;94mrevers_short_1H   [0m  2025-12-11           19        78.95  [1;92m        7.58[0m         2.06   78.95    5.26      0.0      0.91
2025-12-17 17:20:13,170 - [0;94mrevers_long_1H    [0m  2025-12-11            6        33.33  [1;91m       -6.25[0m         -1.7   33.33     0.0      0.0      1.69
2025-12-17 17:20:13,173 - [0;94mrevers_short_6Hutc[0m  2025-12-12            7        71.43  [1;92m        2.13[0m         0.58   85.71   14.29      0.0      1.63
2025-12-17 17:20:13,176 - [0;94mparity_long_4H    [0m  2025-12-11            1          0.0  [1;91m       -4.05[0m         -1.1     0.0   100.0      0.0      3.25
2025-12-17 17:20:13,179 - [0;94mrevers_long_6Hutc [0m  2025-12-12            4          0.0  [1;91m      -10.62[0m        -2.89     0.0   100.0      0.0      3.47
2025-12-17 17:20:13,182 - [0;94mparity_long_1H    [0m  2025-12-16            3        100.0  [1;92m        1.87[0m         0.51   100.0     0.0      0.0       1.2
2025-12-17 17:20:13,185 - [0;94mparity_short_1H   [0m  2025-12-16            1        100.0  [1;92m        0.72[0m          0.2   100.0     0.0      0.0       1.3
2025-12-17 17:20:13,188 - 
2025-12-17 17:20:13,191 - [1;94m========================================================================================================================[0m
2025-12-17 17:20:13,194 - [1;94m📊 TOTAL SUMMARY[0m
2025-12-17 17:20:13,196 - [1;94m========================================================================================================================[0m
2025-12-17 17:20:13,199 - [0;94m📊 Trades_num   :[0m 101
2025-12-17 17:20:13,202 - [0;94m🕜 Avg_duration :[0m 2.4 days
2025-12-17 17:20:13,205 - [0;94m🎯 Trades_pct   :[0m 80.20 %
2025-12-17 17:20:13,208 - [0;94m📈 Profit_pct   :[0m 2.15 %
2025-12-17 17:20:13,211 - 💵 [1;94mTOTAL_profit :[0m [1;92m79.00 $[0m
2025-12-17 17:20:13,213 - [1;94m========================================================================================================================[0m
2025-12-17 17:20:13,216 - 
2025-12-17 17:20:13,223 - 
🔻 SL REACHED for ETHUSDT (parity_long_4H) at 17:20
2025-12-17 17:20:13,226 - →  Closing long position on ETHUSDT:
2025-12-17 17:20:13,611 - ✅ Position closed due to SL: ETHUSDT | Size: 0.01
2025-12-17 17:20:13,691 - 📋 Trade logged: ETHUSDT | Profit: -3.36 USDT (-8.40%) | Duration: 6.0546 days
2025-12-17 17:20:13,706 - 
2025-12-17 17:20:13,708 - [1;94m========================================================================================================================[0m
2025-12-17 17:20:13,711 - [1;94m📈 STRATEGY ANALYSIS[0m
2025-12-17 17:20:13,714 - [1;94m========================================================================================================================[0m
2025-12-17 17:20:13,725 - [1;85mStrategy          [0m  [1;85mdate_fo   [0m  [1;85m Trades_num[0m  [1;85m Trades_pct[0m  [1;85mTotal_profit[0m  [1;85m Profit_pct[0m  [1;85mTP_pct[0m  [1;85mSL_pct[0m  [1;85mOOM_pct[0m  [1;85mAvg_days[0m
2025-12-17 17:20:13,728 - [0;94mdouble_top_long_4H[0m  2025-12-11            3        33.33  [1;91m       -4.53[0m        -1.23   33.33   66.67      0.0       4.0
2025-12-17 17:20:13,731 - [0;94mrevers_short_4H   [0m  2025-12-11           30        96.67  [1;92m       52.09[0m        14.19   96.67    3.33      0.0      2.81
2025-12-17 17:20:13,734 - [0;94mparity_short_4H   [0m  2025-12-11           27        92.59  [1;92m       40.06[0m        10.91   92.59    7.41      0.0      3.15
2025-12-17 17:20:13,737 - [0;94mrevers_short_1H   [0m  2025-12-11           19        78.95  [1;92m        7.58[0m         2.06   78.95    5.26      0.0      0.91
2025-12-17 17:20:13,740 - [0;94mrevers_long_1H    [0m  2025-12-11            6        33.33  [1;91m       -6.25[0m         -1.7   33.33     0.0      0.0      1.69
2025-12-17 17:20:13,743 - [0;94mrevers_short_6Hutc[0m  2025-12-12            7        71.43  [1;92m        2.13[0m         0.58   85.71   14.29      0.0      1.63
2025-12-17 17:20:13,746 - [0;94mparity_long_4H    [0m  2025-12-11            2          0.0  [1;91m       -7.41[0m        -2.02     0.0   100.0      0.0      4.65
2025-12-17 17:20:13,749 - [0;94mrevers_long_6Hutc [0m  2025-12-12            4          0.0  [1;91m      -10.62[0m        -2.89     0.0   100.0      0.0      3.47
2025-12-17 17:20:13,752 - [0;94mparity_long_1H    [0m  2025-12-16            3        100.0  [1;92m        1.87[0m         0.51   100.0     0.0      0.0       1.2
2025-12-17 17:20:13,755 - [0;94mparity_short_1H   [0m  2025-12-16            1        100.0  [1;92m        0.72[0m          0.2   100.0     0.0      0.0       1.3
2025-12-17 17:20:13,758 - 
2025-12-17 17:20:13,761 - [1;94m========================================================================================================================[0m
2025-12-17 17:20:13,763 - [1;94m📊 TOTAL SUMMARY[0m
2025-12-17 17:20:13,766 - [1;94m========================================================================================================================[0m
2025-12-17 17:20:13,769 - [0;94m📊 Trades_num   :[0m 102
2025-12-17 17:20:13,772 - [0;94m🕜 Avg_duration :[0m 2.4 days
2025-12-17 17:20:13,774 - [0;94m🎯 Trades_pct   :[0m 79.41 %
2025-12-17 17:20:13,777 - [0;94m📈 Profit_pct   :[0m 2.06 %
2025-12-17 17:20:13,780 - 💵 [1;94mTOTAL_profit :[0m [1;92m75.64 $[0m
2025-12-17 17:20:13,783 - [1;94m========================================================================================================================[0m
2025-12-17 17:20:13,785 - 
2025-12-17 17:20:13,792 - 
🔻 SL REACHED for ETHUSDT (revers_long_4H) at 17:20
2025-12-17 17:20:13,795 - →  Closing long position on ETHUSDT:
2025-12-17 17:20:14,156 - ✅ Position closed due to SL: ETHUSDT | Size: 0.01
2025-12-17 17:20:14,233 - 📋 Trade logged: ETHUSDT | Profit: -3.35 USDT (-8.38%) | Duration: 6.0548 days
2025-12-17 17:20:14,248 - 
2025-12-17 17:20:14,251 - [1;94m========================================================================================================================[0m
2025-12-17 17:20:14,254 - [1;94m📈 STRATEGY ANALYSIS[0m
2025-12-17 17:20:14,257 - [1;94m========================================================================================================================[0m
2025-12-17 17:20:14,269 - [1;85mStrategy          [0m  [1;85mdate_fo   [0m  [1;85m Trades_num[0m  [1;85m Trades_pct[0m  [1;85mTotal_profit[0m  [1;85m Profit_pct[0m  [1;85mTP_pct[0m  [1;85mSL_pct[0m  [1;85mOOM_pct[0m  [1;85mAvg_days[0m
2025-12-17 17:20:14,272 - [0;94mdouble_top_long_4H[0m  2025-12-11            3        33.33  [1;91m       -4.53[0m        -1.36   33.33   66.67      0.0       4.0
2025-12-17 17:20:14,275 - [0;94mrevers_short_4H   [0m  2025-12-11           30        96.67  [1;92m       52.09[0m        15.61   96.67    3.33      0.0      2.81
2025-12-17 17:20:14,279 - [0;94mparity_short_4H   [0m  2025-12-11           27        92.59  [1;92m       40.06[0m         12.0   92.59    7.41      0.0      3.15
2025-12-17 17:20:14,282 - [0;94mrevers_short_1H   [0m  2025-12-11           19        78.95  [1;92m        7.58[0m         2.27   78.95    5.26      0.0      0.91
2025-12-17 17:20:14,285 - [0;94mrevers_long_1H    [0m  2025-12-11            6        33.33  [1;91m       -6.25[0m        -1.87   33.33     0.0      0.0      1.69
2025-12-17 17:20:14,288 - [0;94mrevers_short_6Hutc[0m  2025-12-12            7        71.43  [1;92m        2.13[0m         0.64   85.71   14.29      0.0      1.63
2025-12-17 17:20:14,291 - [0;94mparity_long_4H    [0m  2025-12-11            2          0.0  [1;91m       -7.41[0m        -2.22     0.0   100.0      0.0      4.65
2025-12-17 17:20:14,294 - [0;94mrevers_long_6Hutc [0m  2025-12-12            4          0.0  [1;91m      -10.62[0m        -3.18     0.0   100.0      0.0      3.47
2025-12-17 17:20:14,297 - [0;94mparity_long_1H    [0m  2025-12-16            3        100.0  [1;92m        1.87[0m         0.56   100.0     0.0      0.0       1.2
2025-12-17 17:20:14,300 - [0;94mparity_short_1H   [0m  2025-12-16            1        100.0  [1;92m        0.72[0m         0.22   100.0     0.0      0.0       1.3
2025-12-17 17:20:14,303 - [0;94mrevers_long_4H    [0m  2025-12-11            1          0.0  [1;91m       -3.35[0m         -1.0     0.0   100.0      0.0      6.05
2025-12-17 17:20:14,306 - 
2025-12-17 17:20:14,309 - [1;94m========================================================================================================================[0m
2025-12-17 17:20:14,311 - [1;94m📊 TOTAL SUMMARY[0m
2025-12-17 17:20:14,314 - [1;94m========================================================================================================================[0m
2025-12-17 17:20:14,317 - [0;94m📊 Trades_num   :[0m 103
2025-12-17 17:20:14,320 - [0;94m🕜 Avg_duration :[0m 2.5 days
2025-12-17 17:20:14,323 - [0;94m🎯 Trades_pct   :[0m 78.64 %
2025-12-17 17:20:14,326 - [0;94m📈 Profit_pct   :[0m 1.97 %
2025-12-17 17:20:14,328 - 💵 [1;94mTOTAL_profit :[0m [1;92m72.29 $[0m
2025-12-17 17:20:14,331 - [1;94m========================================================================================================================[0m
2025-12-17 17:20:14,334 - 
2025-12-17 17:20:14,341 - 
💲 TP REACHED for WLDUSDT (revers_short_6Hutc) at 17:20
2025-12-17 17:20:14,344 - →  Closing short position on WLDUSDT:
2025-12-17 17:20:14,732 - ✅ Position closed due to TP: WLDUSDT | Size: 75
2025-12-17 17:20:14,809 - 📋 Trade logged: WLDUSDT | Profit: 1.89 USDT (+4.74%) | Duration: 1.9713 days
2025-12-17 17:20:14,825 - 
2025-12-17 17:20:14,828 - [1;94m========================================================================================================================[0m
2025-12-17 17:20:14,831 - [1;94m📈 STRATEGY ANALYSIS[0m
2025-12-17 17:20:14,834 - [1;94m========================================================================================================================[0m
2025-12-17 17:20:14,847 - [1;85mStrategy          [0m  [1;85mdate_fo   [0m  [1;85m Trades_num[0m  [1;85m Trades_pct[0m  [1;85mTotal_profit[0m  [1;85m Profit_pct[0m  [1;85mTP_pct[0m  [1;85mSL_pct[0m  [1;85mOOM_pct[0m  [1;85mAvg_days[0m
2025-12-17 17:20:14,850 - [0;94mdouble_top_long_4H[0m  2025-12-11            3        33.33  [1;91m       -4.53[0m        -1.36   33.33   66.67      0.0       4.0
2025-12-17 17:20:14,853 - [0;94mrevers_short_4H   [0m  2025-12-11           30        96.67  [1;92m       52.09[0m        15.61   96.67    3.33      0.0      2.81
2025-12-17 17:20:14,856 - [0;94mparity_short_4H   [0m  2025-12-11           27        92.59  [1;92m       40.06[0m         12.0   92.59    7.41      0.0      3.15
2025-12-17 17:20:14,859 - [0;94mrevers_short_1H   [0m  2025-12-11           19        78.95  [1;92m        7.58[0m         2.27   78.95    5.26      0.0      0.91
2025-12-17 17:20:14,862 - [0;94mrevers_long_1H    [0m  2025-12-11            6        33.33  [1;91m       -6.25[0m        -1.87   33.33     0.0      0.0      1.69
2025-12-17 17:20:14,865 - [0;94mrevers_short_6Hutc[0m  2025-12-12            8         75.0  [1;92m        4.02[0m          1.2    87.5    12.5      0.0      1.68
2025-12-17 17:20:14,868 - [0;94mparity_long_4H    [0m  2025-12-11            2          0.0  [1;91m       -7.41[0m        -2.22     0.0   100.0      0.0      4.65
2025-12-17 17:20:14,871 - [0;94mrevers_long_6Hutc [0m  2025-12-12            4          0.0  [1;91m      -10.62[0m        -3.18     0.0   100.0      0.0      3.47
2025-12-17 17:20:14,874 - [0;94mparity_long_1H    [0m  2025-12-16            3        100.0  [1;92m        1.87[0m         0.56   100.0     0.0      0.0       1.2
2025-12-17 17:20:14,877 - [0;94mparity_short_1H   [0m  2025-12-16            1        100.0  [1;92m        0.72[0m         0.22   100.0     0.0      0.0       1.3
2025-12-17 17:20:14,880 - [0;94mrevers_long_4H    [0m  2025-12-11            1          0.0  [1;91m       -3.35[0m         -1.0     0.0   100.0      0.0      6.05
2025-12-17 17:20:14,884 - 
2025-12-17 17:20:14,886 - [1;94m========================================================================================================================[0m
2025-12-17 17:20:14,889 - [1;94m📊 TOTAL SUMMARY[0m
2025-12-17 17:20:14,892 - [1;94m========================================================================================================================[0m
2025-12-17 17:20:14,895 - [0;94m📊 Trades_num   :[0m 104
2025-12-17 17:20:14,898 - [0;94m🕜 Avg_duration :[0m 2.5 days
2025-12-17 17:20:14,901 - [0;94m🎯 Trades_pct   :[0m 78.85 %
2025-12-17 17:20:14,904 - [0;94m📈 Profit_pct   :[0m 2.02 %
2025-12-17 17:20:14,907 - 💵 [1;94mTOTAL_profit :[0m [1;92m74.18 $[0m
2025-12-17 17:20:14,909 - [1;94m========================================================================================================================[0m
2025-12-17 17:20:14,912 - 
2025-12-17 17:21:42,937 - 
💲 TP REACHED for LINKUSDT (revers_short_4H) at 17:21
2025-12-17 17:21:42,940 - →  Closing short position on LINKUSDT:
2025-12-17 17:21:43,303 - ✅ Position closed due to TP: LINKUSDT | Size: 3
2025-12-17 17:21:43,382 - 📋 Trade logged: LINKUSDT | Profit: 1.34 USDT (+3.34%) | Duration: 1.2226 days
2025-12-17 17:21:43,397 - 
2025-12-17 17:21:43,400 - [1;94m========================================================================================================================[0m
2025-12-17 17:21:43,403 - [1;94m📈 STRATEGY ANALYSIS[0m
2025-12-17 17:21:43,406 - [1;94m========================================================================================================================[0m
2025-12-17 17:21:43,419 - [1;85mStrategy          [0m  [1;85mdate_fo   [0m  [1;85m Trades_num[0m  [1;85m Trades_pct[0m  [1;85mTotal_profit[0m  [1;85m Profit_pct[0m  [1;85mTP_pct[0m  [1;85mSL_pct[0m  [1;85mOOM_pct[0m  [1;85mAvg_days[0m
2025-12-17 17:21:43,422 - [0;94mdouble_top_long_4H[0m  2025-12-11            3        33.33  [1;91m       -4.53[0m        -1.36   33.33   66.67      0.0       4.0
2025-12-17 17:21:43,425 - [0;94mrevers_short_4H   [0m  2025-12-11           31        96.77  [1;92m       53.43[0m        16.01   96.77    3.23      0.0      2.75
2025-12-17 17:21:43,428 - [0;94mparity_short_4H   [0m  2025-12-11           27        92.59  [1;92m       40.06[0m         12.0   92.59    7.41      0.0      3.15
2025-12-17 17:21:43,431 - [0;94mrevers_short_1H   [0m  2025-12-11           19        78.95  [1;92m        7.58[0m         2.27   78.95    5.26      0.0      0.91
2025-12-17 17:21:43,434 - [0;94mrevers_long_1H    [0m  2025-12-11            6        33.33  [1;91m       -6.25[0m        -1.87   33.33     0.0      0.0      1.69
2025-12-17 17:21:43,437 - [0;94mrevers_short_6Hutc[0m  2025-12-12            8         75.0  [1;92m        4.02[0m          1.2    87.5    12.5      0.0      1.68
2025-12-17 17:21:43,440 - [0;94mparity_long_4H    [0m  2025-12-11            2          0.0  [1;91m       -7.41[0m        -2.22     0.0   100.0      0.0      4.65
2025-12-17 17:21:43,443 - [0;94mrevers_long_6Hutc [0m  2025-12-12            4          0.0  [1;91m      -10.62[0m        -3.18     0.0   100.0      0.0      3.47
2025-12-17 17:21:43,446 - [0;94mparity_long_1H    [0m  2025-12-16            3        100.0  [1;92m        1.87[0m         0.56   100.0     0.0      0.0       1.2
2025-12-17 17:21:43,449 - [0;94mparity_short_1H   [0m  2025-12-16            1        100.0  [1;92m        0.72[0m         0.22   100.0     0.0      0.0       1.3
2025-12-17 17:21:43,452 - [0;94mrevers_long_4H    [0m  2025-12-11            1          0.0  [1;91m       -3.35[0m         -1.0     0.0   100.0      0.0      6.05
2025-12-17 17:21:43,455 - 
2025-12-17 17:21:43,458 - [1;94m========================================================================================================================[0m
2025-12-17 17:21:43,461 - [1;94m📊 TOTAL SUMMARY[0m
2025-12-17 17:21:43,464 - [1;94m========================================================================================================================[0m
2025-12-17 17:21:43,467 - [0;94m📊 Trades_num   :[0m 105
2025-12-17 17:21:43,469 - [0;94m🕜 Avg_duration :[0m 2.5 days
2025-12-17 17:21:43,472 - [0;94m🎯 Trades_pct   :[0m 79.05 %
2025-12-17 17:21:43,475 - [0;94m📈 Profit_pct   :[0m 2.06 %
2025-12-17 17:21:43,478 - 💵 [1;94mTOTAL_profit :[0m [1;92m75.52 $[0m
2025-12-17 17:21:43,481 - [1;94m========================================================================================================================[0m
2025-12-17 17:21:43,483 - 
2025-12-17 17:21:52,980 - 
💲 TP REACHED for ARBUSDT (revers_short_4H) at 17:21
2025-12-17 17:21:52,983 - →  Closing short position on ARBUSDT:
2025-12-17 17:21:53,363 - ✅ Position closed due to TP: ARBUSDT | Size: 200.6
2025-12-17 17:21:53,441 - 📋 Trade logged: ARBUSDT | Profit: 1.96 USDT (+4.90%) | Duration: 1.2228 days
2025-12-17 17:21:53,456 - 
2025-12-17 17:21:53,459 - [1;94m========================================================================================================================[0m
2025-12-17 17:21:53,462 - [1;94m📈 STRATEGY ANALYSIS[0m
2025-12-17 17:21:53,465 - [1;94m========================================================================================================================[0m
2025-12-17 17:21:53,478 - [1;85mStrategy          [0m  [1;85mdate_fo   [0m  [1;85m Trades_num[0m  [1;85m Trades_pct[0m  [1;85mTotal_profit[0m  [1;85m Profit_pct[0m  [1;85mTP_pct[0m  [1;85mSL_pct[0m  [1;85mOOM_pct[0m  [1;85mAvg_days[0m
2025-12-17 17:21:53,481 - [0;94mdouble_top_long_4H[0m  2025-12-11            3        33.33  [1;91m       -4.53[0m        -1.36   33.33   66.67      0.0       4.0
2025-12-17 17:21:53,484 - [0;94mrevers_short_4H   [0m  2025-12-11           32        96.88  [1;92m       55.39[0m         16.6   96.88    3.12      0.0      2.71
2025-12-17 17:21:53,487 - [0;94mparity_short_4H   [0m  2025-12-11           27        92.59  [1;92m       40.06[0m         12.0   92.59    7.41      0.0      3.15
2025-12-17 17:21:53,490 - [0;94mrevers_short_1H   [0m  2025-12-11           19        78.95  [1;92m        7.58[0m         2.27   78.95    5.26      0.0      0.91
2025-12-17 17:21:53,493 - [0;94mrevers_long_1H    [0m  2025-12-11            6        33.33  [1;91m       -6.25[0m        -1.87   33.33     0.0      0.0      1.69
2025-12-17 17:21:53,496 - [0;94mrevers_short_6Hutc[0m  2025-12-12            8         75.0  [1;92m        4.02[0m          1.2    87.5    12.5      0.0      1.68
2025-12-17 17:21:53,499 - [0;94mparity_long_4H    [0m  2025-12-11            2          0.0  [1;91m       -7.41[0m        -2.22     0.0   100.0      0.0      4.65
2025-12-17 17:21:53,502 - [0;94mrevers_long_6Hutc [0m  2025-12-12            4          0.0  [1;91m      -10.62[0m        -3.18     0.0   100.0      0.0      3.47
2025-12-17 17:21:53,505 - [0;94mparity_long_1H    [0m  2025-12-16            3        100.0  [1;92m        1.87[0m         0.56   100.0     0.0      0.0       1.2
2025-12-17 17:21:53,508 - [0;94mparity_short_1H   [0m  2025-12-16            1        100.0  [1;92m        0.72[0m         0.22   100.0     0.0      0.0       1.3
2025-12-17 17:21:53,511 - [0;94mrevers_long_4H    [0m  2025-12-11            1          0.0  [1;91m       -3.35[0m         -1.0     0.0   100.0      0.0      6.05
2025-12-17 17:21:53,514 - 
2025-12-17 17:21:53,517 - [1;94m========================================================================================================================[0m
2025-12-17 17:21:53,520 - [1;94m📊 TOTAL SUMMARY[0m
2025-12-17 17:21:53,523 - [1;94m========================================================================================================================[0m
2025-12-17 17:21:53,525 - [0;94m📊 Trades_num   :[0m 106
2025-12-17 17:21:53,528 - [0;94m🕜 Avg_duration :[0m 2.4 days
2025-12-17 17:21:53,531 - [0;94m🎯 Trades_pct   :[0m 79.25 %
2025-12-17 17:21:53,534 - [0;94m📈 Profit_pct   :[0m 2.11 %
2025-12-17 17:21:53,537 - 💵 [1;94mTOTAL_profit :[0m [1;92m77.48 $[0m
2025-12-17 17:21:53,540 - [1;94m========================================================================================================================[0m
2025-12-17 17:21:53,542 - 
2025-12-17 17:22:23,094 - 
💲 TP REACHED for DOTUSDT (revers_short_4H) at 17:22
2025-12-17 17:22:23,097 - →  Closing short position on DOTUSDT:
2025-12-17 17:22:23,555 - ✅ Position closed due to TP: DOTUSDT | Size: 20
2025-12-17 17:22:23,638 - 📋 Trade logged: DOTUSDT | Profit: 1.94 USDT (+4.84%) | Duration: 1.2231 days
2025-12-17 17:22:23,655 - 
2025-12-17 17:22:23,658 - [1;94m========================================================================================================================[0m
2025-12-17 17:22:23,661 - [1;94m📈 STRATEGY ANALYSIS[0m
2025-12-17 17:22:23,664 - [1;94m========================================================================================================================[0m
2025-12-17 17:22:23,677 - [1;85mStrategy          [0m  [1;85mdate_fo   [0m  [1;85m Trades_num[0m  [1;85m Trades_pct[0m  [1;85mTotal_profit[0m  [1;85m Profit_pct[0m  [1;85mTP_pct[0m  [1;85mSL_pct[0m  [1;85mOOM_pct[0m  [1;85mAvg_days[0m
2025-12-17 17:22:23,680 - [0;94mdouble_top_long_4H[0m  2025-12-11            3        33.33  [1;91m       -4.53[0m        -1.36   33.33   66.67      0.0       4.0
2025-12-17 17:22:23,683 - [0;94mrevers_short_4H   [0m  2025-12-11           33        96.97  [1;92m       57.33[0m        17.18   96.97    3.03      0.0      2.66
2025-12-17 17:22:23,687 - [0;94mparity_short_4H   [0m  2025-12-11           27        92.59  [1;92m       40.06[0m         12.0   92.59    7.41      0.0      3.15
2025-12-17 17:22:23,690 - [0;94mrevers_short_1H   [0m  2025-12-11           19        78.95  [1;92m        7.58[0m         2.27   78.95    5.26      0.0      0.91
2025-12-17 17:22:23,693 - [0;94mrevers_long_1H    [0m  2025-12-11            6        33.33  [1;91m       -6.25[0m        -1.87   33.33     0.0      0.0      1.69
2025-12-17 17:22:23,696 - [0;94mrevers_short_6Hutc[0m  2025-12-12            8         75.0  [1;92m        4.02[0m          1.2    87.5    12.5      0.0      1.68
2025-12-17 17:22:23,699 - [0;94mparity_long_4H    [0m  2025-12-11            2          0.0  [1;91m       -7.41[0m        -2.22     0.0   100.0      0.0      4.65
2025-12-17 17:22:23,702 - [0;94mrevers_long_6Hutc [0m  2025-12-12            4          0.0  [1;91m      -10.62[0m        -3.18     0.0   100.0      0.0      3.47
2025-12-17 17:22:23,705 - [0;94mparity_long_1H    [0m  2025-12-16            3        100.0  [1;92m        1.87[0m         0.56   100.0     0.0      0.0       1.2
2025-12-17 17:22:23,708 - [0;94mparity_short_1H   [0m  2025-12-16            1        100.0  [1;92m        0.72[0m         0.22   100.0     0.0      0.0       1.3
2025-12-17 17:22:23,711 - [0;94mrevers_long_4H    [0m  2025-12-11            1          0.0  [1;91m       -3.35[0m         -1.0     0.0   100.0      0.0      6.05
2025-12-17 17:22:23,714 - 
2025-12-17 17:22:23,717 - [1;94m========================================================================================================================[0m
2025-12-17 17:22:23,720 - [1;94m📊 TOTAL SUMMARY[0m
2025-12-17 17:22:23,723 - [1;94m========================================================================================================================[0m
2025-12-17 17:22:23,726 - [0;94m📊 Trades_num   :[0m 107
2025-12-17 17:22:23,729 - [0;94m🕜 Avg_duration :[0m 2.4 days
2025-12-17 17:22:23,732 - [0;94m🎯 Trades_pct   :[0m 79.44 %
2025-12-17 17:22:23,735 - [0;94m📈 Profit_pct   :[0m 2.16 %
2025-12-17 17:22:23,738 - 💵 [1;94mTOTAL_profit :[0m [1;92m79.42 $[0m
2025-12-17 17:22:23,741 - [1;94m========================================================================================================================[0m
2025-12-17 17:22:23,743 - 
2025-12-17 17:22:23,749 - 
💲 TP REACHED for ONDOUSDT (revers_short_4H) at 17:22
2025-12-17 17:22:23,752 - →  Closing short position on ONDOUSDT:
2025-12-17 17:22:24,130 - ✅ Position closed due to TP: ONDOUSDT | Size: 96.6
2025-12-17 17:22:24,208 - 📋 Trade logged: ONDOUSDT | Profit: 1.93 USDT (+4.84%) | Duration: 1.2230 days
2025-12-17 17:22:24,224 - 
2025-12-17 17:22:24,227 - [1;94m========================================================================================================================[0m
2025-12-17 17:22:24,229 - [1;94m📈 STRATEGY ANALYSIS[0m
2025-12-17 17:22:24,232 - [1;94m========================================================================================================================[0m
2025-12-17 17:22:24,245 - [1;85mStrategy          [0m  [1;85mdate_fo   [0m  [1;85m Trades_num[0m  [1;85m Trades_pct[0m  [1;85mTotal_profit[0m  [1;85m Profit_pct[0m  [1;85mTP_pct[0m  [1;85mSL_pct[0m  [1;85mOOM_pct[0m  [1;85mAvg_days[0m
2025-12-17 17:22:24,248 - [0;94mdouble_top_long_4H[0m  2025-12-11            3        33.33  [1;91m       -4.53[0m        -1.36   33.33   66.67      0.0       4.0
2025-12-17 17:22:24,251 - [0;94mrevers_short_4H   [0m  2025-12-11           34        97.06  [1;92m       59.26[0m        17.76   97.06    2.94      0.0      2.62
2025-12-17 17:22:24,254 - [0;94mparity_short_4H   [0m  2025-12-11           27        92.59  [1;92m       40.06[0m         12.0   92.59    7.41      0.0      3.15
2025-12-17 17:22:24,257 - [0;94mrevers_short_1H   [0m  2025-12-11           19        78.95  [1;92m        7.58[0m         2.27   78.95    5.26      0.0      0.91
2025-12-17 17:22:24,260 - [0;94mrevers_long_1H    [0m  2025-12-11            6        33.33  [1;91m       -6.25[0m        -1.87   33.33     0.0      0.0      1.69
2025-12-17 17:22:24,263 - [0;94mrevers_short_6Hutc[0m  2025-12-12            8         75.0  [1;92m        4.02[0m          1.2    87.5    12.5      0.0      1.68
2025-12-17 17:22:24,266 - [0;94mparity_long_4H    [0m  2025-12-11            2          0.0  [1;91m       -7.41[0m        -2.22     0.0   100.0      0.0      4.65
2025-12-17 17:22:24,269 - [0;94mrevers_long_6Hutc [0m  2025-12-12            4          0.0  [1;91m      -10.62[0m        -3.18     0.0   100.0      0.0      3.47
2025-12-17 17:22:24,272 - [0;94mparity_long_1H    [0m  2025-12-16            3        100.0  [1;92m        1.87[0m         0.56   100.0     0.0      0.0       1.2
2025-12-17 17:22:24,275 - [0;94mparity_short_1H   [0m  2025-12-16            1        100.0  [1;92m        0.72[0m         0.22   100.0     0.0      0.0       1.3
2025-12-17 17:22:24,278 - [0;94mrevers_long_4H    [0m  2025-12-11            1          0.0  [1;91m       -3.35[0m         -1.0     0.0   100.0      0.0      6.05
2025-12-17 17:22:24,281 - 
2025-12-17 17:22:24,284 - [1;94m========================================================================================================================[0m
2025-12-17 17:22:24,287 - [1;94m📊 TOTAL SUMMARY[0m
2025-12-17 17:22:24,290 - [1;94m========================================================================================================================[0m
2025-12-17 17:22:24,292 - [0;94m📊 Trades_num   :[0m 108
2025-12-17 17:22:24,295 - [0;94m🕜 Avg_duration :[0m 2.4 days
2025-12-17 17:22:24,298 - [0;94m🎯 Trades_pct   :[0m 79.63 %
2025-12-17 17:22:24,301 - [0;94m📈 Profit_pct   :[0m 2.22 %
2025-12-17 17:22:24,304 - 💵 [1;94mTOTAL_profit :[0m [1;92m81.35 $[0m
2025-12-17 17:22:24,306 - [1;94m========================================================================================================================[0m
2025-12-17 17:22:24,309 - 
2025-12-17 17:22:43,113 - 
💲 TP REACHED for DOGEUSDT (parity_short_1H) at 17:22
2025-12-17 17:22:43,116 - →  Closing short position on DOGEUSDT:
2025-12-17 17:22:43,521 - ✅ Position closed due to TP: DOGEUSDT | Size: 310
2025-12-17 17:22:43,602 - 📋 Trade logged: DOGEUSDT | Profit: 1.00 USDT (+2.50%) | Duration: 1.3068 days
2025-12-17 17:22:43,619 - 
2025-12-17 17:22:43,622 - [1;94m========================================================================================================================[0m
2025-12-17 17:22:43,625 - [1;94m📈 STRATEGY ANALYSIS[0m
2025-12-17 17:22:43,628 - [1;94m========================================================================================================================[0m
2025-12-17 17:22:43,641 - [1;85mStrategy          [0m  [1;85mdate_fo   [0m  [1;85m Trades_num[0m  [1;85m Trades_pct[0m  [1;85mTotal_profit[0m  [1;85m Profit_pct[0m  [1;85mTP_pct[0m  [1;85mSL_pct[0m  [1;85mOOM_pct[0m  [1;85mAvg_days[0m
2025-12-17 17:22:43,644 - [0;94mdouble_top_long_4H[0m  2025-12-11            3        33.33  [1;91m       -4.53[0m        -1.36   33.33   66.67      0.0       4.0
2025-12-17 17:22:43,647 - [0;94mrevers_short_4H   [0m  2025-12-11           34        97.06  [1;92m       59.26[0m        17.76   97.06    2.94      0.0      2.62
2025-12-17 17:22:43,650 - [0;94mparity_short_4H   [0m  2025-12-11           27        92.59  [1;92m       40.06[0m         12.0   92.59    7.41      0.0      3.15
2025-12-17 17:22:43,654 - [0;94mrevers_short_1H   [0m  2025-12-11           19        78.95  [1;92m        7.58[0m         2.27   78.95    5.26      0.0      0.91
2025-12-17 17:22:43,657 - [0;94mrevers_long_1H    [0m  2025-12-11            6        33.33  [1;91m       -6.25[0m        -1.87   33.33     0.0      0.0      1.69
2025-12-17 17:22:43,660 - [0;94mrevers_short_6Hutc[0m  2025-12-12            8         75.0  [1;92m        4.02[0m          1.2    87.5    12.5      0.0      1.68
2025-12-17 17:22:43,663 - [0;94mparity_long_4H    [0m  2025-12-11            2          0.0  [1;91m       -7.41[0m        -2.22     0.0   100.0      0.0      4.65
2025-12-17 17:22:43,666 - [0;94mrevers_long_6Hutc [0m  2025-12-12            4          0.0  [1;91m      -10.62[0m        -3.18     0.0   100.0      0.0      3.47
2025-12-17 17:22:43,669 - [0;94mparity_long_1H    [0m  2025-12-16            3        100.0  [1;92m        1.87[0m         0.56   100.0     0.0      0.0       1.2
2025-12-17 17:22:43,672 - [0;94mparity_short_1H   [0m  2025-12-16            2        100.0  [1;92m        1.72[0m         0.52   100.0     0.0      0.0      1.31
2025-12-17 17:22:43,676 - [0;94mrevers_long_4H    [0m  2025-12-11            1          0.0  [1;91m       -3.35[0m         -1.0     0.0   100.0      0.0      6.05
2025-12-17 17:22:43,679 - 
2025-12-17 17:22:43,682 - [1;94m========================================================================================================================[0m
2025-12-17 17:22:43,684 - [1;94m📊 TOTAL SUMMARY[0m
2025-12-17 17:22:43,687 - [1;94m========================================================================================================================[0m
2025-12-17 17:22:43,690 - [0;94m📊 Trades_num   :[0m 109
2025-12-17 17:22:43,693 - [0;94m🕜 Avg_duration :[0m 2.4 days
2025-12-17 17:22:43,696 - [0;94m🎯 Trades_pct   :[0m 79.82 %
2025-12-17 17:22:43,698 - [0;94m📈 Profit_pct   :[0m 2.24 %
2025-12-17 17:22:43,701 - 💵 [1;94mTOTAL_profit :[0m [1;92m82.35 $[0m
2025-12-17 17:22:43,704 - [1;94m========================================================================================================================[0m
2025-12-17 17:22:43,707 - 
2025-12-17 17:22:43,713 - 
💲 TP REACHED for SEIUSDT (revers_short_4H) at 17:22
2025-12-17 17:22:43,716 - →  Closing short position on SEIUSDT:
2025-12-17 17:22:44,085 - ✅ Position closed due to TP: SEIUSDT | Size: 334
2025-12-17 17:22:44,163 - 📋 Trade logged: SEIUSDT | Profit: 2.04 USDT (+5.10%) | Duration: 1.2232 days
2025-12-17 17:22:44,179 - 
2025-12-17 17:22:44,182 - [1;94m========================================================================================================================[0m
2025-12-17 17:22:44,185 - [1;94m📈 STRATEGY ANALYSIS[0m
2025-12-17 17:22:44,188 - [1;94m========================================================================================================================[0m
2025-12-17 17:22:44,200 - [1;85mStrategy          [0m  [1;85mdate_fo   [0m  [1;85m Trades_num[0m  [1;85m Trades_pct[0m  [1;85mTotal_profit[0m  [1;85m Profit_pct[0m  [1;85mTP_pct[0m  [1;85mSL_pct[0m  [1;85mOOM_pct[0m  [1;85mAvg_days[0m
2025-12-17 17:22:44,203 - [0;94mdouble_top_long_4H[0m  2025-12-11            3        33.33  [1;91m       -4.53[0m        -1.36   33.33   66.67      0.0       4.0
2025-12-17 17:22:44,206 - [0;94mrevers_short_4H   [0m  2025-12-11           35        97.14  [1;92m        61.3[0m        18.37   97.14    2.86      0.0      2.58
2025-12-17 17:22:44,209 - [0;94mparity_short_4H   [0m  2025-12-11           27        92.59  [1;92m       40.06[0m         12.0   92.59    7.41      0.0      3.15
2025-12-17 17:22:44,212 - [0;94mrevers_short_1H   [0m  2025-12-11           19        78.95  [1;92m        7.58[0m         2.27   78.95    5.26      0.0      0.91
2025-12-17 17:22:44,215 - [0;94mrevers_long_1H    [0m  2025-12-11            6        33.33  [1;91m       -6.25[0m        -1.87   33.33     0.0      0.0      1.69
2025-12-17 17:22:44,218 - [0;94mrevers_short_6Hutc[0m  2025-12-12            8         75.0  [1;92m        4.02[0m          1.2    87.5    12.5      0.0      1.68
2025-12-17 17:22:44,221 - [0;94mparity_long_4H    [0m  2025-12-11            2          0.0  [1;91m       -7.41[0m        -2.22     0.0   100.0      0.0      4.65
2025-12-17 17:22:44,224 - [0;94mrevers_long_6Hutc [0m  2025-12-12            4          0.0  [1;91m      -10.62[0m        -3.18     0.0   100.0      0.0      3.47
2025-12-17 17:22:44,228 - [0;94mparity_long_1H    [0m  2025-12-16            3        100.0  [1;92m        1.87[0m         0.56   100.0     0.0      0.0       1.2
2025-12-17 17:22:44,231 - [0;94mparity_short_1H   [0m  2025-12-16            2        100.0  [1;92m        1.72[0m         0.52   100.0     0.0      0.0      1.31
2025-12-17 17:22:44,234 - [0;94mrevers_long_4H    [0m  2025-12-11            1          0.0  [1;91m       -3.35[0m         -1.0     0.0   100.0      0.0      6.05
2025-12-17 17:22:44,237 - 
2025-12-17 17:22:44,240 - [1;94m========================================================================================================================[0m
2025-12-17 17:22:44,243 - [1;94m📊 TOTAL SUMMARY[0m
2025-12-17 17:22:44,246 - [1;94m========================================================================================================================[0m
2025-12-17 17:22:44,249 - [0;94m📊 Trades_num   :[0m 110
2025-12-17 17:22:44,252 - [0;94m🕜 Avg_duration :[0m 2.4 days
2025-12-17 17:22:44,255 - [0;94m🎯 Trades_pct   :[0m 80.00 %
2025-12-17 17:22:44,258 - [0;94m📈 Profit_pct   :[0m 2.30 %
2025-12-17 17:22:44,261 - 💵 [1;94mTOTAL_profit :[0m [1;92m84.39 $[0m
2025-12-17 17:22:44,264 - [1;94m========================================================================================================================[0m
2025-12-17 17:22:44,266 - 
2025-12-17 17:22:44,275 - 
💲 TP REACHED for SUIUSDT (revers_short_4H) at 17:22
2025-12-17 17:22:44,278 - →  Closing short position on SUIUSDT:
2025-12-17 17:22:44,753 - ✅ Position closed due to TP: SUIUSDT | Size: 26.4
2025-12-17 17:22:44,833 - 📋 Trade logged: SUIUSDT | Profit: 2.00 USDT (+5.01%) | Duration: 1.2232 days
2025-12-17 17:22:44,848 - 
2025-12-17 17:22:44,851 - [1;94m========================================================================================================================[0m
2025-12-17 17:22:44,854 - [1;94m📈 STRATEGY ANALYSIS[0m
2025-12-17 17:22:44,857 - [1;94m========================================================================================================================[0m
2025-12-17 17:22:44,869 - [1;85mStrategy          [0m  [1;85mdate_fo   [0m  [1;85m Trades_num[0m  [1;85m Trades_pct[0m  [1;85mTotal_profit[0m  [1;85m Profit_pct[0m  [1;85mTP_pct[0m  [1;85mSL_pct[0m  [1;85mOOM_pct[0m  [1;85mAvg_days[0m
2025-12-17 17:22:44,872 - [0;94mdouble_top_long_4H[0m  2025-12-11            3        33.33  [1;91m       -4.53[0m        -1.36   33.33   66.67      0.0       4.0
2025-12-17 17:22:44,875 - [0;94mrevers_short_4H   [0m  2025-12-11           36        97.22  [1;92m        63.3[0m        18.97   97.22    2.78      0.0      2.54
2025-12-17 17:22:44,878 - [0;94mparity_short_4H   [0m  2025-12-11           27        92.59  [1;92m       40.06[0m         12.0   92.59    7.41      0.0      3.15
2025-12-17 17:22:44,881 - [0;94mrevers_short_1H   [0m  2025-12-11           19        78.95  [1;92m        7.58[0m         2.27   78.95    5.26      0.0      0.91
2025-12-17 17:22:44,884 - [0;94mrevers_long_1H    [0m  2025-12-11            6        33.33  [1;91m       -6.25[0m        -1.87   33.33     0.0      0.0      1.69
2025-12-17 17:22:44,887 - [0;94mrevers_short_6Hutc[0m  2025-12-12            8         75.0  [1;92m        4.02[0m          1.2    87.5    12.5      0.0      1.68
2025-12-17 17:22:44,890 - [0;94mparity_long_4H    [0m  2025-12-11            2          0.0  [1;91m       -7.41[0m        -2.22     0.0   100.0      0.0      4.65
2025-12-17 17:22:44,893 - [0;94mrevers_long_6Hutc [0m  2025-12-12            4          0.0  [1;91m      -10.62[0m        -3.18     0.0   100.0      0.0      3.47
2025-12-17 17:22:44,896 - [0;94mparity_long_1H    [0m  2025-12-16            3        100.0  [1;92m        1.87[0m         0.56   100.0     0.0      0.0       1.2
2025-12-17 17:22:44,899 - [0;94mparity_short_1H   [0m  2025-12-16            2        100.0  [1;92m        1.72[0m         0.52   100.0     0.0      0.0      1.31
2025-12-17 17:22:44,902 - [0;94mrevers_long_4H    [0m  2025-12-11            1          0.0  [1;91m       -3.35[0m         -1.0     0.0   100.0      0.0      6.05
2025-12-17 17:22:44,906 - 
2025-12-17 17:22:44,908 - [1;94m========================================================================================================================[0m
2025-12-17 17:22:44,911 - [1;94m📊 TOTAL SUMMARY[0m
2025-12-17 17:22:44,914 - [1;94m========================================================================================================================[0m
2025-12-17 17:22:44,917 - [0;94m📊 Trades_num   :[0m 111
2025-12-17 17:22:44,920 - [0;94m🕜 Avg_duration :[0m 2.4 days
2025-12-17 17:22:44,923 - [0;94m🎯 Trades_pct   :[0m 80.18 %
2025-12-17 17:22:44,926 - [0;94m📈 Profit_pct   :[0m 2.35 %
2025-12-17 17:22:44,929 - 💵 [1;94mTOTAL_profit :[0m [1;92m86.39 $[0m
2025-12-17 17:22:44,932 - [1;94m========================================================================================================================[0m
2025-12-17 17:22:44,935 - 
2025-12-17 17:22:53,153 - 
💲 TP REACHED for HBARUSDT (revers_short_4H) at 17:22
2025-12-17 17:22:53,156 - →  Closing short position on HBARUSDT:
2025-12-17 17:22:53,533 - ✅ Position closed due to TP: HBARUSDT | Size: 344
2025-12-17 17:22:53,614 - 📋 Trade logged: HBARUSDT | Profit: 1.30 USDT (+3.25%) | Duration: 1.2234 days
2025-12-17 17:22:53,629 - 
2025-12-17 17:22:53,632 - [1;94m========================================================================================================================[0m
2025-12-17 17:22:53,635 - [1;94m📈 STRATEGY ANALYSIS[0m
2025-12-17 17:22:53,638 - [1;94m========================================================================================================================[0m
2025-12-17 17:22:53,650 - [1;85mStrategy          [0m  [1;85mdate_fo   [0m  [1;85m Trades_num[0m  [1;85m Trades_pct[0m  [1;85mTotal_profit[0m  [1;85m Profit_pct[0m  [1;85mTP_pct[0m  [1;85mSL_pct[0m  [1;85mOOM_pct[0m  [1;85mAvg_days[0m
2025-12-17 17:22:53,653 - [0;94mdouble_top_long_4H[0m  2025-12-11            3        33.33  [1;91m       -4.53[0m        -1.36   33.33   66.67      0.0       4.0
2025-12-17 17:22:53,656 - [0;94mrevers_short_4H   [0m  2025-12-11           37         97.3  [1;92m        64.6[0m        19.36    97.3     2.7      0.0      2.51
2025-12-17 17:22:53,659 - [0;94mparity_short_4H   [0m  2025-12-11           27        92.59  [1;92m       40.06[0m         12.0   92.59    7.41      0.0      3.15
2025-12-17 17:22:53,662 - [0;94mrevers_short_1H   [0m  2025-12-11           19        78.95  [1;92m        7.58[0m         2.27   78.95    5.26      0.0      0.91
2025-12-17 17:22:53,665 - [0;94mrevers_long_1H    [0m  2025-12-11            6        33.33  [1;91m       -6.25[0m        -1.87   33.33     0.0      0.0      1.69
2025-12-17 17:22:53,668 - [0;94mrevers_short_6Hutc[0m  2025-12-12            8         75.0  [1;92m        4.02[0m          1.2    87.5    12.5      0.0      1.68
2025-12-17 17:22:53,671 - [0;94mparity_long_4H    [0m  2025-12-11            2          0.0  [1;91m       -7.41[0m        -2.22     0.0   100.0      0.0      4.65
2025-12-17 17:22:53,674 - [0;94mrevers_long_6Hutc [0m  2025-12-12            4          0.0  [1;91m      -10.62[0m        -3.18     0.0   100.0      0.0      3.47
2025-12-17 17:22:53,677 - [0;94mparity_long_1H    [0m  2025-12-16            3        100.0  [1;92m        1.87[0m         0.56   100.0     0.0      0.0       1.2
2025-12-17 17:22:53,680 - [0;94mparity_short_1H   [0m  2025-12-16            2        100.0  [1;92m        1.72[0m         0.52   100.0     0.0      0.0      1.31
2025-12-17 17:22:53,684 - [0;94mrevers_long_4H    [0m  2025-12-11            1          0.0  [1;91m       -3.35[0m         -1.0     0.0   100.0      0.0      6.05
2025-12-17 17:22:53,687 - 
2025-12-17 17:22:53,690 - [1;94m========================================================================================================================[0m
2025-12-17 17:22:53,693 - [1;94m📊 TOTAL SUMMARY[0m
2025-12-17 17:22:53,696 - [1;94m========================================================================================================================[0m
2025-12-17 17:22:53,699 - [0;94m📊 Trades_num   :[0m 112
2025-12-17 17:22:53,701 - [0;94m🕜 Avg_duration :[0m 2.4 days
2025-12-17 17:22:53,704 - [0;94m🎯 Trades_pct   :[0m 80.36 %
2025-12-17 17:22:53,712 - [0;94m📈 Profit_pct   :[0m 2.39 %
2025-12-17 17:22:53,715 - 💵 [1;94mTOTAL_profit :[0m [1;92m87.69 $[0m
2025-12-17 17:22:53,718 - [1;94m========================================================================================================================[0m
2025-12-17 17:22:53,721 - 
2025-12-17 17:25:03,517 - 
💲 TP REACHED for AAVEUSDT (revers_short_4H) at 17:25
2025-12-17 17:25:03,520 - →  Closing short position on AAVEUSDT:
2025-12-17 17:25:03,888 - ✅ Position closed due to TP: AAVEUSDT | Size: 0.2
2025-12-17 17:25:03,972 - 📋 Trade logged: AAVEUSDT | Profit: 1.85 USDT (+4.61%) | Duration: 1.2250 days
2025-12-17 17:25:03,988 - 
2025-12-17 17:25:03,991 - [1;94m========================================================================================================================[0m
2025-12-17 17:25:03,994 - [1;94m📈 STRATEGY ANALYSIS[0m
2025-12-17 17:25:03,997 - [1;94m========================================================================================================================[0m
2025-12-17 17:25:04,010 - [1;85mStrategy          [0m  [1;85mdate_fo   [0m  [1;85m Trades_num[0m  [1;85m Trades_pct[0m  [1;85mTotal_profit[0m  [1;85m Profit_pct[0m  [1;85mTP_pct[0m  [1;85mSL_pct[0m  [1;85mOOM_pct[0m  [1;85mAvg_days[0m
2025-12-17 17:25:04,013 - [0;94mdouble_top_long_4H[0m  2025-12-11            3        33.33  [1;91m       -4.53[0m        -1.36   33.33   66.67      0.0       4.0
2025-12-17 17:25:04,016 - [0;94mrevers_short_4H   [0m  2025-12-11           38        97.37  [1;92m       66.45[0m        19.91   97.37    2.63      0.0      2.47
2025-12-17 17:25:04,019 - [0;94mparity_short_4H   [0m  2025-12-11           27        92.59  [1;92m       40.06[0m         12.0   92.59    7.41      0.0      3.15
2025-12-17 17:25:04,022 - [0;94mrevers_short_1H   [0m  2025-12-11           19        78.95  [1;92m        7.58[0m         2.27   78.95    5.26      0.0      0.91
2025-12-17 17:25:04,025 - [0;94mrevers_long_1H    [0m  2025-12-11            6        33.33  [1;91m       -6.25[0m        -1.87   33.33     0.0      0.0      1.69
2025-12-17 17:25:04,028 - [0;94mrevers_short_6Hutc[0m  2025-12-12            8         75.0  [1;92m        4.02[0m          1.2    87.5    12.5      0.0      1.68
2025-12-17 17:25:04,031 - [0;94mparity_long_4H    [0m  2025-12-11            2          0.0  [1;91m       -7.41[0m        -2.22     0.0   100.0      0.0      4.65
2025-12-17 17:25:04,034 - [0;94mrevers_long_6Hutc [0m  2025-12-12            4          0.0  [1;91m      -10.62[0m        -3.18     0.0   100.0      0.0      3.47
2025-12-17 17:25:04,037 - [0;94mparity_long_1H    [0m  2025-12-16            3        100.0  [1;92m        1.87[0m         0.56   100.0     0.0      0.0       1.2
2025-12-17 17:25:04,040 - [0;94mparity_short_1H   [0m  2025-12-16            2        100.0  [1;92m        1.72[0m         0.52   100.0     0.0      0.0      1.31
2025-12-17 17:25:04,043 - [0;94mrevers_long_4H    [0m  2025-12-11            1          0.0  [1;91m       -3.35[0m         -1.0     0.0   100.0      0.0      6.05
2025-12-17 17:25:04,046 - 
2025-12-17 17:25:04,049 - [1;94m========================================================================================================================[0m
2025-12-17 17:25:04,052 - [1;94m📊 TOTAL SUMMARY[0m
2025-12-17 17:25:04,055 - [1;94m========================================================================================================================[0m
2025-12-17 17:25:04,058 - [0;94m📊 Trades_num   :[0m 113
2025-12-17 17:25:04,061 - [0;94m🕜 Avg_duration :[0m 2.4 days
2025-12-17 17:25:04,064 - [0;94m🎯 Trades_pct   :[0m 80.53 %
2025-12-17 17:25:04,067 - [0;94m📈 Profit_pct   :[0m 2.44 %
2025-12-17 17:25:04,070 - 💵 [1;94mTOTAL_profit :[0m [1;92m89.54 $[0m
2025-12-17 17:25:04,072 - [1;94m========================================================================================================================[0m
2025-12-17 17:25:04,075 - 
2025-12-17 17:30:14,546 - 
💲 TP REACHED for BNBUSDT (parity_short_1H) at 17:30
2025-12-17 17:30:14,549 - →  Closing short position on BNBUSDT:
2025-12-17 17:30:14,937 - ✅ Position closed due to TP: BNBUSDT | Size: 0.04
2025-12-17 17:30:15,021 - 📋 Trade logged: BNBUSDT | Profit: 0.65 USDT (+1.63%) | Duration: 1.3121 days
2025-12-17 17:30:15,037 - 
2025-12-17 17:30:15,040 - [1;94m========================================================================================================================[0m
2025-12-17 17:30:15,043 - [1;94m📈 STRATEGY ANALYSIS[0m
2025-12-17 17:30:15,046 - [1;94m========================================================================================================================[0m
2025-12-17 17:30:15,058 - [1;85mStrategy          [0m  [1;85mdate_fo   [0m  [1;85m Trades_num[0m  [1;85m Trades_pct[0m  [1;85mTotal_profit[0m  [1;85m Profit_pct[0m  [1;85mTP_pct[0m  [1;85mSL_pct[0m  [1;85mOOM_pct[0m  [1;85mAvg_days[0m
2025-12-17 17:30:15,062 - [0;94mdouble_top_long_4H[0m  2025-12-11            3        33.33  [1;91m       -4.53[0m        -1.36   33.33   66.67      0.0       4.0
2025-12-17 17:30:15,065 - [0;94mrevers_short_4H   [0m  2025-12-11           38        97.37  [1;92m       66.45[0m        19.91   97.37    2.63      0.0      2.47
2025-12-17 17:30:15,068 - [0;94mparity_short_4H   [0m  2025-12-11           27        92.59  [1;92m       40.06[0m         12.0   92.59    7.41      0.0      3.15
2025-12-17 17:30:15,071 - [0;94mrevers_short_1H   [0m  2025-12-11           19        78.95  [1;92m        7.58[0m         2.27   78.95    5.26      0.0      0.91
2025-12-17 17:30:15,074 - [0;94mrevers_long_1H    [0m  2025-12-11            6        33.33  [1;91m       -6.25[0m        -1.87   33.33     0.0      0.0      1.69
2025-12-17 17:30:15,077 - [0;94mrevers_short_6Hutc[0m  2025-12-12            8         75.0  [1;92m        4.02[0m          1.2    87.5    12.5      0.0      1.68
2025-12-17 17:30:15,080 - [0;94mparity_long_4H    [0m  2025-12-11            2          0.0  [1;91m       -7.41[0m        -2.22     0.0   100.0      0.0      4.65
2025-12-17 17:30:15,083 - [0;94mrevers_long_6Hutc [0m  2025-12-12            4          0.0  [1;91m      -10.62[0m        -3.18     0.0   100.0      0.0      3.47
2025-12-17 17:30:15,086 - [0;94mparity_long_1H    [0m  2025-12-16            3        100.0  [1;92m        1.87[0m         0.56   100.0     0.0      0.0       1.2
2025-12-17 17:30:15,089 - [0;94mparity_short_1H   [0m  2025-12-16            3        100.0  [1;92m        2.37[0m         0.71   100.0     0.0      0.0      1.31
2025-12-17 17:30:15,092 - [0;94mrevers_long_4H    [0m  2025-12-11            1          0.0  [1;91m       -3.35[0m         -1.0     0.0   100.0      0.0      6.05
2025-12-17 17:30:15,095 - 
2025-12-17 17:30:15,098 - [1;94m========================================================================================================================[0m
2025-12-17 17:30:15,101 - [1;94m📊 TOTAL SUMMARY[0m
2025-12-17 17:30:15,104 - [1;94m========================================================================================================================[0m
2025-12-17 17:30:15,107 - [0;94m📊 Trades_num   :[0m 114
2025-12-17 17:30:15,110 - [0;94m🕜 Avg_duration :[0m 2.4 days
2025-12-17 17:30:15,113 - [0;94m🎯 Trades_pct   :[0m 80.70 %
2025-12-17 17:30:15,116 - [0;94m📈 Profit_pct   :[0m 2.46 %
2025-12-17 17:30:15,118 - 💵 [1;94mTOTAL_profit :[0m [1;92m90.19 $[0m
2025-12-17 17:30:15,121 - [1;94m========================================================================================================================[0m
2025-12-17 17:30:15,124 - 
2025-12-17 17:30:15,131 - 
💲 TP REACHED for APTUSDT (revers_short_4H) at 17:30
2025-12-17 17:30:15,134 - →  Closing short position on APTUSDT:
2025-12-17 17:30:15,520 - ✅ Position closed due to TP: APTUSDT | Size: 25.078
2025-12-17 17:30:15,599 - 📋 Trade logged: APTUSDT | Profit: 1.97 USDT (+4.92%) | Duration: 1.2286 days
2025-12-17 17:30:15,614 - 
2025-12-17 17:30:15,617 - [1;94m========================================================================================================================[0m
2025-12-17 17:30:15,620 - [1;94m📈 STRATEGY ANALYSIS[0m
2025-12-17 17:30:15,623 - [1;94m========================================================================================================================[0m
2025-12-17 17:30:15,636 - [1;85mStrategy          [0m  [1;85mdate_fo   [0m  [1;85m Trades_num[0m  [1;85m Trades_pct[0m  [1;85mTotal_profit[0m  [1;85m Profit_pct[0m  [1;85mTP_pct[0m  [1;85mSL_pct[0m  [1;85mOOM_pct[0m  [1;85mAvg_days[0m
2025-12-17 17:30:15,639 - [0;94mdouble_top_long_4H[0m  2025-12-11            3        33.33  [1;91m       -4.53[0m        -1.36   33.33   66.67      0.0       4.0
2025-12-17 17:30:15,643 - [0;94mrevers_short_4H   [0m  2025-12-11           39        97.44  [1;92m       68.42[0m         20.5   97.44    2.56      0.0      2.44
2025-12-17 17:30:15,646 - [0;94mparity_short_4H   [0m  2025-12-11           27        92.59  [1;92m       40.06[0m         12.0   92.59    7.41      0.0      3.15
2025-12-17 17:30:15,649 - [0;94mrevers_short_1H   [0m  2025-12-11           19        78.95  [1;92m        7.58[0m         2.27   78.95    5.26      0.0      0.91
2025-12-17 17:30:15,652 - [0;94mrevers_long_1H    [0m  2025-12-11            6        33.33  [1;91m       -6.25[0m        -1.87   33.33     0.0      0.0      1.69
2025-12-17 17:30:15,655 - [0;94mrevers_short_6Hutc[0m  2025-12-12            8         75.0  [1;92m        4.02[0m          1.2    87.5    12.5      0.0      1.68
2025-12-17 17:30:15,658 - [0;94mparity_long_4H    [0m  2025-12-11            2          0.0  [1;91m       -7.41[0m        -2.22     0.0   100.0      0.0      4.65
2025-12-17 17:30:15,661 - [0;94mrevers_long_6Hutc [0m  2025-12-12            4          0.0  [1;91m      -10.62[0m        -3.18     0.0   100.0      0.0      3.47
2025-12-17 17:30:15,664 - [0;94mparity_long_1H    [0m  2025-12-16            3        100.0  [1;92m        1.87[0m         0.56   100.0     0.0      0.0       1.2
2025-12-17 17:30:15,667 - [0;94mparity_short_1H   [0m  2025-12-16            3        100.0  [1;92m        2.37[0m         0.71   100.0     0.0      0.0      1.31
2025-12-17 17:30:15,670 - [0;94mrevers_long_4H    [0m  2025-12-11            1          0.0  [1;91m       -3.35[0m         -1.0     0.0   100.0      0.0      6.05
2025-12-17 17:30:15,673 - 
2025-12-17 17:30:15,676 - [1;94m========================================================================================================================[0m
2025-12-17 17:30:15,679 - [1;94m📊 TOTAL SUMMARY[0m
2025-12-17 17:30:15,682 - [1;94m========================================================================================================================[0m
2025-12-17 17:30:15,685 - [0;94m📊 Trades_num   :[0m 115
2025-12-17 17:30:15,688 - [0;94m🕜 Avg_duration :[0m 2.3 days
2025-12-17 17:30:15,691 - [0;94m🎯 Trades_pct   :[0m 80.87 %
2025-12-17 17:30:15,694 - [0;94m📈 Profit_pct   :[0m 2.51 %
2025-12-17 17:30:15,697 - 💵 [1;94mTOTAL_profit :[0m [1;92m92.16 $[0m
2025-12-17 17:30:15,700 - [1;94m========================================================================================================================[0m
2025-12-17 17:30:15,703 - 
2025-12-17 17:30:34,638 - 
💲 TP REACHED for HYPEUSDT (revers_short_4H) at 17:30
2025-12-17 17:30:34,641 - →  Closing short position on HYPEUSDT:
2025-12-17 17:30:34,997 - ✅ Position closed due to TP: HYPEUSDT | Size: 1.45
2025-12-17 17:30:35,081 - 📋 Trade logged: HYPEUSDT | Profit: 2.01 USDT (+5.01%) | Duration: 1.2288 days
2025-12-17 17:30:35,096 - 
2025-12-17 17:30:35,099 - [1;94m========================================================================================================================[0m
2025-12-17 17:30:35,102 - [1;94m📈 STRATEGY ANALYSIS[0m
2025-12-17 17:30:35,105 - [1;94m========================================================================================================================[0m
2025-12-17 17:30:35,118 - [1;85mStrategy          [0m  [1;85mdate_fo   [0m  [1;85m Trades_num[0m  [1;85m Trades_pct[0m  [1;85mTotal_profit[0m  [1;85m Profit_pct[0m  [1;85mTP_pct[0m  [1;85mSL_pct[0m  [1;85mOOM_pct[0m  [1;85mAvg_days[0m
2025-12-17 17:30:35,121 - [0;94mdouble_top_long_4H[0m  2025-12-11            3        33.33  [1;91m       -4.53[0m        -1.36   33.33   66.67      0.0       4.0
2025-12-17 17:30:35,124 - [0;94mrevers_short_4H   [0m  2025-12-11           40         97.5  [1;92m       70.43[0m         21.1    97.5     2.5      0.0      2.41
2025-12-17 17:30:35,127 - [0;94mparity_short_4H   [0m  2025-12-11           27        92.59  [1;92m       40.06[0m         12.0   92.59    7.41      0.0      3.15
2025-12-17 17:30:35,130 - [0;94mrevers_short_1H   [0m  2025-12-11           19        78.95  [1;92m        7.58[0m         2.27   78.95    5.26      0.0      0.91
2025-12-17 17:30:35,133 - [0;94mrevers_long_1H    [0m  2025-12-11            6        33.33  [1;91m       -6.25[0m        -1.87   33.33     0.0      0.0      1.69
2025-12-17 17:30:35,136 - [0;94mrevers_short_6Hutc[0m  2025-12-12            8         75.0  [1;92m        4.02[0m          1.2    87.5    12.5      0.0      1.68
2025-12-17 17:30:35,139 - [0;94mparity_long_4H    [0m  2025-12-11            2          0.0  [1;91m       -7.41[0m        -2.22     0.0   100.0      0.0      4.65
2025-12-17 17:30:35,145 - [0;94mrevers_long_6Hutc [0m  2025-12-12            4          0.0  [1;91m      -10.62[0m        -3.18     0.0   100.0      0.0      3.47
2025-12-17 17:30:35,148 - [0;94mparity_long_1H    [0m  2025-12-16            3        100.0  [1;92m        1.87[0m         0.56   100.0     0.0      0.0       1.2
2025-12-17 17:30:35,151 - [0;94mparity_short_1H   [0m  2025-12-16            3        100.0  [1;92m        2.37[0m         0.71   100.0     0.0      0.0      1.31
2025-12-17 17:30:35,154 - [0;94mrevers_long_4H    [0m  2025-12-11            1          0.0  [1;91m       -3.35[0m         -1.0     0.0   100.0      0.0      6.05
2025-12-17 17:30:35,157 - 
2025-12-17 17:30:35,160 - [1;94m========================================================================================================================[0m
2025-12-17 17:30:35,163 - [1;94m📊 TOTAL SUMMARY[0m
2025-12-17 17:30:35,166 - [1;94m========================================================================================================================[0m
2025-12-17 17:30:35,169 - [0;94m📊 Trades_num   :[0m 116
2025-12-17 17:30:35,172 - [0;94m🕜 Avg_duration :[0m 2.3 days
2025-12-17 17:30:35,174 - [0;94m🎯 Trades_pct   :[0m 81.03 %
2025-12-17 17:30:35,177 - [0;94m📈 Profit_pct   :[0m 2.57 %
2025-12-17 17:30:35,180 - 💵 [1;94mTOTAL_profit :[0m [1;92m94.17 $[0m
2025-12-17 17:30:35,183 - [1;94m========================================================================================================================[0m
2025-12-17 17:30:35,186 - 
2025-12-17 18:00:45,038 - 
========================================================================================================================
2025-12-17 18:00:45,041 - 🔀 New candle(s) detected 2025-12-17 17:00:45 UTC
2025-12-17 18:00:45,045 - 🔹 Timeframes: 1H
2025-12-17 18:00:45,048 - 🌐 Syncronizing positions in broker...
2025-12-17 18:00:45,254 - ✅ Sync completed: All positions exist in broker
2025-12-17 18:00:45,257 - 📡 Signal search - 2025-12-17 17:00:45
2025-12-17 18:00:45,260 - ------------------------------------------------------------------------------------------------------------------------
2025-12-17 18:00:45,264 - ➡️  revers_short_1H    (1H): 48/50 candles
2025-12-17 18:00:45,268 - ➡️  parity_short_1H    (1H): 30/50 candles
2025-12-17 18:00:45,275 - 
🔄 Processing strategy: revers_long_1H
2025-12-17 18:00:47,534 - 💫 Signals detected for revers_long_1H: 0
2025-12-17 18:00:47,538 - 🚫 revers_short_1H    (1H): 2 open positions
2025-12-17 18:00:47,544 - 
🔄 Processing strategy: parity_long_1H
2025-12-17 18:00:49,493 - 💫 Signals detected for parity_long_1H: 0
2025-12-17 18:00:49,495 - 🚫 parity_short_1H    (1H): 3 open positions
2025-12-17 18:00:49,498 - 🔂 Signal cycle completed
2025-12-17 18:00:49,504 - ========================================================================================================================

2025-12-17 18:00:49,507 - ⏰ Next candle for 1H: 2025-12-17 18:00:45 UTC
2025-12-17 18:04:20,035 - 
💲 TP REACHED for SOLUSDT (parity_short_1H) at 18:04
2025-12-17 18:04:20,038 - →  Closing short position on SOLUSDT:
2025-12-17 18:04:20,396 - ✅ Position closed due to TP: SOLUSDT | Size: 0.3
2025-12-17 18:04:20,487 - 📋 Trade logged: SOLUSDT | Profit: 1.17 USDT (+2.93%) | Duration: 1.3357 days
2025-12-17 18:04:20,503 - 
2025-12-17 18:04:20,506 - [1;94m========================================================================================================================[0m
2025-12-17 18:04:20,509 - [1;94m📈 STRATEGY ANALYSIS[0m
2025-12-17 18:04:20,511 - [1;94m========================================================================================================================[0m
2025-12-17 18:04:20,524 - [1;85mStrategy          [0m  [1;85mdate_fo   [0m  [1;85m Trades_num[0m  [1;85m Trades_pct[0m  [1;85mTotal_profit[0m  [1;85m Profit_pct[0m  [1;85mTP_pct[0m  [1;85mSL_pct[0m  [1;85mOOM_pct[0m  [1;85mAvg_days[0m
2025-12-17 18:04:20,527 - [0;94mdouble_top_long_4H[0m  2025-12-11            3        33.33  [1;91m       -4.53[0m        -1.36   33.33   66.67      0.0       4.0
2025-12-17 18:04:20,530 - [0;94mrevers_short_4H   [0m  2025-12-11           40         97.5  [1;92m       70.43[0m         21.1    97.5     2.5      0.0      2.41
2025-12-17 18:04:20,533 - [0;94mparity_short_4H   [0m  2025-12-11           27        92.59  [1;92m       40.06[0m         12.0   92.59    7.41      0.0      3.15
2025-12-17 18:04:20,536 - [0;94mrevers_short_1H   [0m  2025-12-11           19        78.95  [1;92m        7.58[0m         2.27   78.95    5.26      0.0      0.91
2025-12-17 18:04:20,539 - [0;94mrevers_long_1H    [0m  2025-12-11            6        33.33  [1;91m       -6.25[0m        -1.87   33.33     0.0      0.0      1.69
2025-12-17 18:04:20,542 - [0;94mrevers_short_6Hutc[0m  2025-12-12            8         75.0  [1;92m        4.02[0m          1.2    87.5    12.5      0.0      1.68
2025-12-17 18:04:20,545 - [0;94mparity_long_4H    [0m  2025-12-11            2          0.0  [1;91m       -7.41[0m        -2.22     0.0   100.0      0.0      4.65
2025-12-17 18:04:20,548 - [0;94mrevers_long_6Hutc [0m  2025-12-12            4          0.0  [1;91m      -10.62[0m        -3.18     0.0   100.0      0.0      3.47
2025-12-17 18:04:20,551 - [0;94mparity_long_1H    [0m  2025-12-16            3        100.0  [1;92m        1.87[0m         0.56   100.0     0.0      0.0       1.2
2025-12-17 18:04:20,554 - [0;94mparity_short_1H   [0m  2025-12-16            4        100.0  [1;92m        3.54[0m         1.06   100.0     0.0      0.0      1.31
2025-12-17 18:04:20,557 - [0;94mrevers_long_4H    [0m  2025-12-11            1          0.0  [1;91m       -3.35[0m         -1.0     0.0   100.0      0.0      6.05
2025-12-17 18:04:20,560 - 
2025-12-17 18:04:20,563 - [1;94m========================================================================================================================[0m
2025-12-17 18:04:20,566 - [1;94m📊 TOTAL SUMMARY[0m
2025-12-17 18:04:20,568 - [1;94m========================================================================================================================[0m
2025-12-17 18:04:20,571 - [0;94m📊 Trades_num   :[0m 117
2025-12-17 18:04:20,574 - [0;94m🕜 Avg_duration :[0m 2.3 days
2025-12-17 18:04:20,577 - [0;94m🎯 Trades_pct   :[0m 81.20 %
2025-12-17 18:04:20,580 - [0;94m📈 Profit_pct   :[0m 2.60 %
2025-12-17 18:04:20,583 - 💵 [1;94mTOTAL_profit :[0m [1;92m95.34 $[0m
2025-12-17 18:04:20,586 - [1;94m========================================================================================================================[0m
2025-12-17 18:04:20,592 - 
2025-12-17 18:39:35,371 - 
💲 TP REACHED for WIFUSDT (revers_short_4H) at 18:39
2025-12-17 18:39:35,374 - →  Closing short position on WIFUSDT:
2025-12-17 18:39:35,773 - ✅ Position closed due to TP: WIFUSDT | Size: 106.2
2025-12-17 18:39:35,864 - 📋 Trade logged: WIFUSDT | Profit: 1.98 USDT (+4.96%) | Duration: 1.2766 days
2025-12-17 18:39:35,879 - 
2025-12-17 18:39:35,882 - [1;94m========================================================================================================================[0m
2025-12-17 18:39:35,885 - [1;94m📈 STRATEGY ANALYSIS[0m
2025-12-17 18:39:35,888 - [1;94m========================================================================================================================[0m
2025-12-17 18:39:35,901 - [1;85mStrategy          [0m  [1;85mdate_fo   [0m  [1;85m Trades_num[0m  [1;85m Trades_pct[0m  [1;85mTotal_profit[0m  [1;85m Profit_pct[0m  [1;85mTP_pct[0m  [1;85mSL_pct[0m  [1;85mOOM_pct[0m  [1;85mAvg_days[0m
2025-12-17 18:39:35,904 - [0;94mdouble_top_long_4H[0m  2025-12-11            3        33.33  [1;91m       -4.53[0m        -1.36   33.33   66.67      0.0       4.0
2025-12-17 18:39:35,907 - [0;94mrevers_short_4H   [0m  2025-12-11           41        97.56  [1;92m       72.41[0m         21.7   97.56    2.44      0.0      2.38
2025-12-17 18:39:35,910 - [0;94mparity_short_4H   [0m  2025-12-11           27        92.59  [1;92m       40.06[0m         12.0   92.59    7.41      0.0      3.15
2025-12-17 18:39:35,913 - [0;94mrevers_short_1H   [0m  2025-12-11           19        78.95  [1;92m        7.58[0m         2.27   78.95    5.26      0.0      0.91
2025-12-17 18:39:35,916 - [0;94mrevers_long_1H    [0m  2025-12-11            6        33.33  [1;91m       -6.25[0m        -1.87   33.33     0.0      0.0      1.69
2025-12-17 18:39:35,919 - [0;94mrevers_short_6Hutc[0m  2025-12-12            8         75.0  [1;92m        4.02[0m          1.2    87.5    12.5      0.0      1.68
2025-12-17 18:39:35,923 - [0;94mparity_long_4H    [0m  2025-12-11            2          0.0  [1;91m       -7.41[0m        -2.22     0.0   100.0      0.0      4.65
2025-12-17 18:39:35,927 - [0;94mrevers_long_6Hutc [0m  2025-12-12            4          0.0  [1;91m      -10.62[0m        -3.18     0.0   100.0      0.0      3.47
2025-12-17 18:39:35,930 - [0;94mparity_long_1H    [0m  2025-12-16            3        100.0  [1;92m        1.87[0m         0.56   100.0     0.0      0.0       1.2
2025-12-17 18:39:35,933 - [0;94mparity_short_1H   [0m  2025-12-16            4        100.0  [1;92m        3.54[0m         1.06   100.0     0.0      0.0      1.31
2025-12-17 18:39:35,936 - [0;94mrevers_long_4H    [0m  2025-12-11            1          0.0  [1;91m       -3.35[0m         -1.0     0.0   100.0      0.0      6.05
2025-12-17 18:39:35,939 - 
2025-12-17 18:39:35,942 - [1;94m========================================================================================================================[0m
2025-12-17 18:39:35,945 - [1;94m📊 TOTAL SUMMARY[0m
2025-12-17 18:39:35,948 - [1;94m========================================================================================================================[0m
2025-12-17 18:39:35,951 - [0;94m📊 Trades_num   :[0m 118
2025-12-17 18:39:35,954 - [0;94m🕜 Avg_duration :[0m 2.3 days
2025-12-17 18:39:35,957 - [0;94m🎯 Trades_pct   :[0m 81.36 %
2025-12-17 18:39:35,960 - [0;94m📈 Profit_pct   :[0m 2.65 %
2025-12-17 18:39:35,963 - 💵 [1;94mTOTAL_profit :[0m [1;92m97.32 $[0m
2025-12-17 18:39:35,966 - [1;94m========================================================================================================================[0m
2025-12-17 18:39:35,969 - 
2025-12-17 18:54:57,751 - 
💲 TP REACHED for ADAUSDT (revers_short_4H) at 18:54
2025-12-17 18:54:57,754 - →  Closing short position on ADAUSDT:
2025-12-17 18:54:58,112 - ✅ Position closed due to TP: ADAUSDT | Size: 103
2025-12-17 18:54:58,204 - 📋 Trade logged: ADAUSDT | Profit: 1.57 USDT (+3.93%) | Duration: 1.2875 days
2025-12-17 18:54:58,220 - 
2025-12-17 18:54:58,223 - [1;94m========================================================================================================================[0m
2025-12-17 18:54:58,226 - [1;94m📈 STRATEGY ANALYSIS[0m
2025-12-17 18:54:58,229 - [1;94m========================================================================================================================[0m
2025-12-17 18:54:58,241 - [1;85mStrategy          [0m  [1;85mdate_fo   [0m  [1;85m Trades_num[0m  [1;85m Trades_pct[0m  [1;85mTotal_profit[0m  [1;85m Profit_pct[0m  [1;85mTP_pct[0m  [1;85mSL_pct[0m  [1;85mOOM_pct[0m  [1;85mAvg_days[0m
2025-12-17 18:54:58,244 - [0;94mdouble_top_long_4H[0m  2025-12-11            3        33.33  [1;91m       -4.53[0m        -1.36   33.33   66.67      0.0       4.0
2025-12-17 18:54:58,247 - [0;94mrevers_short_4H   [0m  2025-12-11           42        97.62  [1;92m       73.98[0m        22.17   97.62    2.38      0.0      2.36
2025-12-17 18:54:58,250 - [0;94mparity_short_4H   [0m  2025-12-11           27        92.59  [1;92m       40.06[0m         12.0   92.59    7.41      0.0      3.15
2025-12-17 18:54:58,253 - [0;94mrevers_short_1H   [0m  2025-12-11           19        78.95  [1;92m        7.58[0m         2.27   78.95    5.26      0.0      0.91
2025-12-17 18:54:58,256 - [0;94mrevers_long_1H    [0m  2025-12-11            6        33.33  [1;91m       -6.25[0m        -1.87   33.33     0.0      0.0      1.69
2025-12-17 18:54:58,259 - [0;94mrevers_short_6Hutc[0m  2025-12-12            8         75.0  [1;92m        4.02[0m          1.2    87.5    12.5      0.0      1.68
2025-12-17 18:54:58,263 - [0;94mparity_long_4H    [0m  2025-12-11            2          0.0  [1;91m       -7.41[0m        -2.22     0.0   100.0      0.0      4.65
2025-12-17 18:54:58,265 - [0;94mrevers_long_6Hutc [0m  2025-12-12            4          0.0  [1;91m      -10.62[0m        -3.18     0.0   100.0      0.0      3.47
2025-12-17 18:54:58,268 - [0;94mparity_long_1H    [0m  2025-12-16            3        100.0  [1;92m        1.87[0m         0.56   100.0     0.0      0.0       1.2
2025-12-17 18:54:58,271 - [0;94mparity_short_1H   [0m  2025-12-16            4        100.0  [1;92m        3.54[0m         1.06   100.0     0.0      0.0      1.31
2025-12-17 18:54:58,274 - [0;94mrevers_long_4H    [0m  2025-12-11            1          0.0  [1;91m       -3.35[0m         -1.0     0.0   100.0      0.0      6.05
2025-12-17 18:54:58,278 - 
2025-12-17 18:54:58,281 - [1;94m========================================================================================================================[0m
2025-12-17 18:54:58,284 - [1;94m📊 TOTAL SUMMARY[0m
2025-12-17 18:54:58,286 - [1;94m========================================================================================================================[0m
2025-12-17 18:54:58,289 - [0;94m📊 Trades_num   :[0m 119
2025-12-17 18:54:58,292 - [0;94m🕜 Avg_duration :[0m 2.3 days
2025-12-17 18:54:58,295 - [0;94m🎯 Trades_pct   :[0m 81.51 %
2025-12-17 18:54:58,298 - [0;94m📈 Profit_pct   :[0m 2.69 %
2025-12-17 18:54:58,301 - 💵 [1;94mTOTAL_profit :[0m [1;92m98.89 $[0m
2025-12-17 18:54:58,304 - [1;94m========================================================================================================================[0m
2025-12-17 18:54:58,307 - 
2025-12-17 19:00:45,041 - 
========================================================================================================================
2025-12-17 19:00:45,044 - 🔀 New candle(s) detected 2025-12-17 18:00:45 UTC
2025-12-17 19:00:45,047 - 🔹 Timeframes: 6Hutc, 1H
2025-12-17 19:00:45,050 - 🌐 Syncronizing positions in broker...
2025-12-17 19:00:45,255 - ✅ Sync completed: All positions exist in broker
2025-12-17 19:00:45,259 - 📡 Signal search - 2025-12-17 18:00:45
2025-12-17 19:00:45,262 - ------------------------------------------------------------------------------------------------------------------------
2025-12-17 19:00:45,266 - ➡️  revers_long_6Hutc  (6Hutc): 22/50 candles
2025-12-17 19:00:45,269 - ➡️  revers_short_6Hutc (6Hutc): 8/50 candles
2025-12-17 19:00:45,273 - ➡️  revers_short_1H    (1H): 49/50 candles
2025-12-17 19:00:45,277 - ➡️  parity_short_1H    (1H): 31/50 candles
2025-12-17 19:00:45,280 - 🚫 revers_long_6Hutc  (6Hutc): 2 open positions
2025-12-17 19:00:45,283 - 🚫 revers_short_6Hutc (6Hutc): 9 open positions
2025-12-17 19:00:45,289 - 
🔄 Processing strategy: revers_long_1H
2025-12-17 19:00:47,122 - 💫 Signals detected for revers_long_1H: 0
2025-12-17 19:00:47,128 - 🚫 revers_short_1H    (1H): 2 open positions
2025-12-17 19:00:47,134 - 
🔄 Processing strategy: parity_long_1H
2025-12-17 19:00:49,079 - 💫 Signals detected for parity_long_1H: 0
2025-12-17 19:00:49,082 - 🚫 parity_short_1H    (1H): 2 open positions
2025-12-17 19:00:49,085 - 🔂 Signal cycle completed
2025-12-17 19:00:49,090 - ========================================================================================================================

2025-12-17 19:00:49,093 - ⏰ Next candle for 6Hutc: 2025-12-18 00:00:45 UTC
2025-12-17 19:00:49,096 - ⏰ Next candle for 1H: 2025-12-17 19:00:45 UTC
2025-12-17 19:43:36,070 - 
💲 TP REACHED for SOLUSDT (revers_short_4H) at 19:43
2025-12-17 19:43:36,073 - →  Closing short position on SOLUSDT:
2025-12-17 19:43:36,466 - ✅ Position closed due to TP: SOLUSDT | Size: 0.3
2025-12-17 19:43:36,557 - 📋 Trade logged: SOLUSDT | Profit: 1.51 USDT (+3.79%) | Duration: 1.3211 days
2025-12-17 19:43:36,573 - 
2025-12-17 19:43:36,576 - [1;94m========================================================================================================================[0m
2025-12-17 19:43:36,579 - [1;94m📈 STRATEGY ANALYSIS[0m
2025-12-17 19:43:36,582 - [1;94m========================================================================================================================[0m
2025-12-17 19:43:36,594 - [1;85mStrategy          [0m  [1;85mdate_fo   [0m  [1;85m Trades_num[0m  [1;85m Trades_pct[0m  [1;85mTotal_profit[0m  [1;85m Profit_pct[0m  [1;85mTP_pct[0m  [1;85mSL_pct[0m  [1;85mOOM_pct[0m  [1;85mAvg_days[0m
2025-12-17 19:43:36,597 - [0;94mdouble_top_long_4H[0m  2025-12-11            3        33.33  [1;91m       -4.53[0m        -1.36   33.33   66.67      0.0       4.0
2025-12-17 19:43:36,600 - [0;94mrevers_short_4H   [0m  2025-12-11           43        97.67  [1;92m       75.49[0m        22.62   97.67    2.33      0.0      2.33
2025-12-17 19:43:36,603 - [0;94mparity_short_4H   [0m  2025-12-11           27        92.59  [1;92m       40.06[0m         12.0   92.59    7.41      0.0      3.15
2025-12-17 19:43:36,606 - [0;94mrevers_short_1H   [0m  2025-12-11           19        78.95  [1;92m        7.58[0m         2.27   78.95    5.26      0.0      0.91
2025-12-17 19:43:36,609 - [0;94mrevers_long_1H    [0m  2025-12-11            6        33.33  [1;91m       -6.25[0m        -1.87   33.33     0.0      0.0      1.69
2025-12-17 19:43:36,612 - [0;94mrevers_short_6Hutc[0m  2025-12-12            8         75.0  [1;92m        4.02[0m          1.2    87.5    12.5      0.0      1.68
2025-12-17 19:43:36,615 - [0;94mparity_long_4H    [0m  2025-12-11            2          0.0  [1;91m       -7.41[0m        -2.22     0.0   100.0      0.0      4.65
2025-12-17 19:43:36,621 - [0;94mrevers_long_6Hutc [0m  2025-12-12            4          0.0  [1;91m      -10.62[0m        -3.18     0.0   100.0      0.0      3.47
2025-12-17 19:43:36,625 - [0;94mparity_long_1H    [0m  2025-12-16            3        100.0  [1;92m        1.87[0m         0.56   100.0     0.0      0.0       1.2
2025-12-17 19:43:36,628 - [0;94mparity_short_1H   [0m  2025-12-16            4        100.0  [1;92m        3.54[0m         1.06   100.0     0.0      0.0      1.31
2025-12-17 19:43:36,631 - [0;94mrevers_long_4H    [0m  2025-12-11            1          0.0  [1;91m       -3.35[0m         -1.0     0.0   100.0      0.0      6.05
2025-12-17 19:43:36,634 - 
2025-12-17 19:43:36,637 - [1;94m========================================================================================================================[0m
2025-12-17 19:43:36,640 - [1;94m📊 TOTAL SUMMARY[0m
2025-12-17 19:43:36,643 - [1;94m========================================================================================================================[0m
2025-12-17 19:43:36,646 - [0;94m📊 Trades_num   :[0m 120
2025-12-17 19:43:36,649 - [0;94m🕜 Avg_duration :[0m 2.3 days
2025-12-17 19:43:36,652 - [0;94m🎯 Trades_pct   :[0m 81.67 %
2025-12-17 19:43:36,655 - [0;94m📈 Profit_pct   :[0m 2.73 %
2025-12-17 19:43:36,658 - 💵 [1;94mTOTAL_profit :[0m [1;92m100.40 $[0m
2025-12-17 19:43:36,661 - [1;94m========================================================================================================================[0m
2025-12-17 19:43:36,664 - 
2025-12-17 19:43:46,100 - 
💲 TP REACHED for ETHUSDT (revers_short_6Hutc) at 19:43
2025-12-17 19:43:46,103 - →  Closing short position on ETHUSDT:
2025-12-17 19:43:46,482 - ✅ Position closed due to TP: ETHUSDT | Size: 0.01
2025-12-17 19:43:46,566 - 📋 Trade logged: ETHUSDT | Profit: 1.18 USDT (+2.96%) | Duration: 2.0711 days
2025-12-17 19:43:46,585 - 
2025-12-17 19:43:46,588 - [1;94m========================================================================================================================[0m
2025-12-17 19:43:46,591 - [1;94m📈 STRATEGY ANALYSIS[0m
2025-12-17 19:43:46,593 - [1;94m========================================================================================================================[0m
2025-12-17 19:43:46,606 - [1;85mStrategy          [0m  [1;85mdate_fo   [0m  [1;85m Trades_num[0m  [1;85m Trades_pct[0m  [1;85mTotal_profit[0m  [1;85m Profit_pct[0m  [1;85mTP_pct[0m  [1;85mSL_pct[0m  [1;85mOOM_pct[0m  [1;85mAvg_days[0m
2025-12-17 19:43:46,609 - [0;94mdouble_top_long_4H[0m  2025-12-11            3        33.33  [1;91m       -4.53[0m        -1.36   33.33   66.67      0.0       4.0
2025-12-17 19:43:46,612 - [0;94mrevers_short_4H   [0m  2025-12-11           43        97.67  [1;92m       75.49[0m        22.62   97.67    2.33      0.0      2.33
2025-12-17 19:43:46,615 - [0;94mparity_short_4H   [0m  2025-12-11           27        92.59  [1;92m       40.06[0m         12.0   92.59    7.41      0.0      3.15
2025-12-17 19:43:46,618 - [0;94mrevers_short_1H   [0m  2025-12-11           19        78.95  [1;92m        7.58[0m         2.27   78.95    5.26      0.0      0.91
2025-12-17 19:43:46,621 - [0;94mrevers_long_1H    [0m  2025-12-11            6        33.33  [1;91m       -6.25[0m        -1.87   33.33     0.0      0.0      1.69
2025-12-17 19:43:46,624 - [0;94mrevers_short_6Hutc[0m  2025-12-12            9        77.78  [1;92m         5.2[0m         1.56   88.89   11.11      0.0      1.72
2025-12-17 19:43:46,627 - [0;94mparity_long_4H    [0m  2025-12-11            2          0.0  [1;91m       -7.41[0m        -2.22     0.0   100.0      0.0      4.65
2025-12-17 19:43:46,630 - [0;94mrevers_long_6Hutc [0m  2025-12-12            4          0.0  [1;91m      -10.62[0m        -3.18     0.0   100.0      0.0      3.47
2025-12-17 19:43:46,633 - [0;94mparity_long_1H    [0m  2025-12-16            3        100.0  [1;92m        1.87[0m         0.56   100.0     0.0      0.0       1.2
2025-12-17 19:43:46,636 - [0;94mparity_short_1H   [0m  2025-12-16            4        100.0  [1;92m        3.54[0m         1.06   100.0     0.0      0.0      1.31
2025-12-17 19:43:46,639 - [0;94mrevers_long_4H    [0m  2025-12-11            1          0.0  [1;91m       -3.35[0m         -1.0     0.0   100.0      0.0      6.05
2025-12-17 19:43:46,642 - 
2025-12-17 19:43:46,645 - [1;94m========================================================================================================================[0m
2025-12-17 19:43:46,648 - [1;94m📊 TOTAL SUMMARY[0m
2025-12-17 19:43:46,651 - [1;94m========================================================================================================================[0m
2025-12-17 19:43:46,654 - [0;94m📊 Trades_num   :[0m 121
2025-12-17 19:43:46,657 - [0;94m🕜 Avg_duration :[0m 2.3 days
2025-12-17 19:43:46,660 - [0;94m🎯 Trades_pct   :[0m 81.82 %
2025-12-17 19:43:46,663 - [0;94m📈 Profit_pct   :[0m 2.77 %
2025-12-17 19:43:46,666 - 💵 [1;94mTOTAL_profit :[0m [1;92m101.58 $[0m
2025-12-17 19:43:46,669 - [1;94m========================================================================================================================[0m
2025-12-17 19:43:46,671 - 
2025-12-17 19:47:46,665 - 
💲 TP REACHED for BNBUSDT (revers_short_1H) at 19:47
2025-12-17 19:47:46,668 - →  Closing short position on BNBUSDT:
2025-12-17 19:47:47,021 - ✅ Position closed due to TP: BNBUSDT | Size: 0.04
2025-12-17 19:47:47,104 - 📋 Trade logged: BNBUSDT | Profit: 0.78 USDT (+1.94%) | Duration: 2.1573 days
2025-12-17 19:47:47,124 - 
2025-12-17 19:47:47,126 - [1;94m========================================================================================================================[0m
2025-12-17 19:47:47,129 - [1;94m📈 STRATEGY ANALYSIS[0m
2025-12-17 19:47:47,132 - [1;94m========================================================================================================================[0m
2025-12-17 19:47:47,144 - [1;85mStrategy          [0m  [1;85mdate_fo   [0m  [1;85m Trades_num[0m  [1;85m Trades_pct[0m  [1;85mTotal_profit[0m  [1;85m Profit_pct[0m  [1;85mTP_pct[0m  [1;85mSL_pct[0m  [1;85mOOM_pct[0m  [1;85mAvg_days[0m
2025-12-17 19:47:47,147 - [0;94mdouble_top_long_4H[0m  2025-12-11            3        33.33  [1;91m       -4.53[0m        -1.36   33.33   66.67      0.0       4.0
2025-12-17 19:47:47,150 - [0;94mrevers_short_4H   [0m  2025-12-11           43        97.67  [1;92m       75.49[0m        22.62   97.67    2.33      0.0      2.33
2025-12-17 19:47:47,153 - [0;94mparity_short_4H   [0m  2025-12-11           27        92.59  [1;92m       40.06[0m         12.0   92.59    7.41      0.0      3.15
2025-12-17 19:47:47,156 - [0;94mrevers_short_1H   [0m  2025-12-11           20         80.0  [1;92m        8.36[0m         2.51    80.0     5.0      0.0      0.97
2025-12-17 19:47:47,159 - [0;94mrevers_long_1H    [0m  2025-12-11            6        33.33  [1;91m       -6.25[0m        -1.87   33.33     0.0      0.0      1.69
2025-12-17 19:47:47,162 - [0;94mrevers_short_6Hutc[0m  2025-12-12            9        77.78  [1;92m         5.2[0m         1.56   88.89   11.11      0.0      1.72
2025-12-17 19:47:47,165 - [0;94mparity_long_4H    [0m  2025-12-11            2          0.0  [1;91m       -7.41[0m        -2.22     0.0   100.0      0.0      4.65
2025-12-17 19:47:47,168 - [0;94mrevers_long_6Hutc [0m  2025-12-12            4          0.0  [1;91m      -10.62[0m        -3.18     0.0   100.0      0.0      3.47
2025-12-17 19:47:47,172 - [0;94mparity_long_1H    [0m  2025-12-16            3        100.0  [1;92m        1.87[0m         0.56   100.0     0.0      0.0       1.2
2025-12-17 19:47:47,175 - [0;94mparity_short_1H   [0m  2025-12-16            4        100.0  [1;92m        3.54[0m         1.06   100.0     0.0      0.0      1.31
2025-12-17 19:47:47,178 - [0;94mrevers_long_4H    [0m  2025-12-11            1          0.0  [1;91m       -3.35[0m         -1.0     0.0   100.0      0.0      6.05
2025-12-17 19:47:47,181 - 
2025-12-17 19:47:47,184 - [1;94m========================================================================================================================[0m
2025-12-17 19:47:47,187 - [1;94m📊 TOTAL SUMMARY[0m
2025-12-17 19:47:47,190 - [1;94m========================================================================================================================[0m
2025-12-17 19:47:47,193 - [0;94m📊 Trades_num   :[0m 122
2025-12-17 19:47:47,196 - [0;94m🕜 Avg_duration :[0m 2.3 days
2025-12-17 19:47:47,199 - [0;94m🎯 Trades_pct   :[0m 81.97 %
2025-12-17 19:47:47,202 - [0;94m📈 Profit_pct   :[0m 2.79 %
2025-12-17 19:47:47,205 - 💵 [1;94mTOTAL_profit :[0m [1;92m102.36 $[0m
2025-12-17 19:47:47,208 - [1;94m========================================================================================================================[0m
2025-12-17 19:47:47,210 - 
2025-12-17 19:51:27,210 - 
💲 TP REACHED for ETHUSDT (revers_short_4H) at 19:51
2025-12-17 19:51:27,214 - →  Closing short position on ETHUSDT:
2025-12-17 19:51:27,604 - ✅ Position closed due to TP: ETHUSDT | Size: 0.01
2025-12-17 19:51:27,699 - 📋 Trade logged: ETHUSDT | Profit: 1.26 USDT (+3.16%) | Duration: 1.3266 days
2025-12-17 19:51:27,716 - 
2025-12-17 19:51:27,718 - [1;94m========================================================================================================================[0m
2025-12-17 19:51:27,721 - [1;94m📈 STRATEGY ANALYSIS[0m
2025-12-17 19:51:27,724 - [1;94m========================================================================================================================[0m
2025-12-17 19:51:27,736 - [1;85mStrategy          [0m  [1;85mdate_fo   [0m  [1;85m Trades_num[0m  [1;85m Trades_pct[0m  [1;85mTotal_profit[0m  [1;85m Profit_pct[0m  [1;85mTP_pct[0m  [1;85mSL_pct[0m  [1;85mOOM_pct[0m  [1;85mAvg_days[0m
2025-12-17 19:51:27,740 - [0;94mdouble_top_long_4H[0m  2025-12-11            3        33.33  [1;91m       -4.53[0m        -1.36   33.33   66.67      0.0       4.0
2025-12-17 19:51:27,743 - [0;94mrevers_short_4H   [0m  2025-12-11           44        97.73  [1;92m       76.75[0m         23.0   97.73    2.27      0.0      2.31
2025-12-17 19:51:27,746 - [0;94mparity_short_4H   [0m  2025-12-11           27        92.59  [1;92m       40.06[0m         12.0   92.59    7.41      0.0      3.15
2025-12-17 19:51:27,749 - [0;94mrevers_short_1H   [0m  2025-12-11           20         80.0  [1;92m        8.36[0m         2.51    80.0     5.0      0.0      0.97
2025-12-17 19:51:27,752 - [0;94mrevers_long_1H    [0m  2025-12-11            6        33.33  [1;91m       -6.25[0m        -1.87   33.33     0.0      0.0      1.69
2025-12-17 19:51:27,755 - [0;94mrevers_short_6Hutc[0m  2025-12-12            9        77.78  [1;92m         5.2[0m         1.56   88.89   11.11      0.0      1.72
2025-12-17 19:51:27,758 - [0;94mparity_long_4H    [0m  2025-12-11            2          0.0  [1;91m       -7.41[0m        -2.22     0.0   100.0      0.0      4.65
2025-12-17 19:51:27,761 - [0;94mrevers_long_6Hutc [0m  2025-12-12            4          0.0  [1;91m      -10.62[0m        -3.18     0.0   100.0      0.0      3.47
2025-12-17 19:51:27,764 - [0;94mparity_long_1H    [0m  2025-12-16            3        100.0  [1;92m        1.87[0m         0.56   100.0     0.0      0.0       1.2
2025-12-17 19:51:27,767 - [0;94mparity_short_1H   [0m  2025-12-16            4        100.0  [1;92m        3.54[0m         1.06   100.0     0.0      0.0      1.31
2025-12-17 19:51:27,770 - [0;94mrevers_long_4H    [0m  2025-12-11            1          0.0  [1;91m       -3.35[0m         -1.0     0.0   100.0      0.0      6.05
2025-12-17 19:51:27,774 - 
2025-12-17 19:51:27,777 - [1;94m========================================================================================================================[0m
2025-12-17 19:51:27,780 - [1;94m📊 TOTAL SUMMARY[0m
2025-12-17 19:51:27,783 - [1;94m========================================================================================================================[0m
2025-12-17 19:51:27,786 - [0;94m📊 Trades_num   :[0m 123
2025-12-17 19:51:27,789 - [0;94m🕜 Avg_duration :[0m 2.3 days
2025-12-17 19:51:27,792 - [0;94m🎯 Trades_pct   :[0m 82.11 %
2025-12-17 19:51:27,795 - [0;94m📈 Profit_pct   :[0m 2.82 %
2025-12-17 19:51:27,798 - 💵 [1;94mTOTAL_profit :[0m [1;92m103.62 $[0m
2025-12-17 19:51:27,801 - [1;94m========================================================================================================================[0m
2025-12-17 19:51:27,804 - 
2025-12-17 20:00:45,023 - 
========================================================================================================================
2025-12-17 20:00:45,026 - 🔀 New candle(s) detected 2025-12-17 19:00:45 UTC
2025-12-17 20:00:45,029 - 🔹 Timeframes: 1H
2025-12-17 20:00:45,033 - 🌐 Syncronizing positions in broker...
2025-12-17 20:00:45,236 - ✅ Sync completed: All positions exist in broker
2025-12-17 20:00:45,239 - 📡 Signal search - 2025-12-17 19:00:45
2025-12-17 20:00:45,242 - ------------------------------------------------------------------------------------------------------------------------
2025-12-17 20:00:45,245 - ➡️  revers_short_1H    (1H): 50/50 candles
2025-12-17 20:00:45,251 - 
🕓 TIMEOUT REACHED for strategy revers_short_1H
2025-12-17 20:00:45,254 - ➡ Candles ongoing         : 50/50
2025-12-17 20:00:45,257 - → Closing 1 positions...
2025-12-17 20:00:45,260 - →  Closing short position on BTCUSDT:
2025-12-17 20:00:45,640 - ✅ Position closed due to TIMEOUT: BTCUSDT | Size: 0.0004
2025-12-17 20:00:45,760 - 📋 Trade logged: BTCUSDT | Profit: 0.32 USDT (+0.79%) | Duration: 2.1663 days
2025-12-17 20:00:45,776 - 
2025-12-17 20:00:45,779 - [1;94m========================================================================================================================[0m
2025-12-17 20:00:45,782 - [1;94m📈 STRATEGY ANALYSIS[0m
2025-12-17 20:00:45,784 - [1;94m========================================================================================================================[0m
2025-12-17 20:00:45,797 - [1;85mStrategy          [0m  [1;85mdate_fo   [0m  [1;85m Trades_num[0m  [1;85m Trades_pct[0m  [1;85mTotal_profit[0m  [1;85m Profit_pct[0m  [1;85mTP_pct[0m  [1;85mSL_pct[0m  [1;85mOOM_pct[0m  [1;85mAvg_days[0m
2025-12-17 20:00:45,799 - [0;94mdouble_top_long_4H[0m  2025-12-11            3        33.33  [1;91m       -4.53[0m        -1.36   33.33   66.67      0.0       4.0
2025-12-17 20:00:45,802 - [0;94mrevers_short_4H   [0m  2025-12-11           44        97.73  [1;92m       76.75[0m         23.0   97.73    2.27      0.0      2.31
2025-12-17 20:00:45,805 - [0;94mparity_short_4H   [0m  2025-12-11           27        92.59  [1;92m       40.06[0m         12.0   92.59    7.41      0.0      3.15
2025-12-17 20:00:45,808 - [0;94mrevers_short_1H   [0m  2025-12-11           21        80.95  [1;92m        8.68[0m          2.6   76.19    4.76      0.0      1.03
2025-12-17 20:00:45,811 - [0;94mrevers_long_1H    [0m  2025-12-11            6        33.33  [1;91m       -6.25[0m        -1.87   33.33     0.0      0.0      1.69
2025-12-17 20:00:45,814 - [0;94mrevers_short_6Hutc[0m  2025-12-12            9        77.78  [1;92m         5.2[0m         1.56   88.89   11.11      0.0      1.72
2025-12-17 20:00:45,817 - [0;94mparity_long_4H    [0m  2025-12-11            2          0.0  [1;91m       -7.41[0m        -2.22     0.0   100.0      0.0      4.65
2025-12-17 20:00:45,820 - [0;94mrevers_long_6Hutc [0m  2025-12-12            4          0.0  [1;91m      -10.62[0m        -3.18     0.0   100.0      0.0      3.47
2025-12-17 20:00:45,823 - [0;94mparity_long_1H    [0m  2025-12-16            3        100.0  [1;92m        1.87[0m         0.56   100.0     0.0      0.0       1.2
2025-12-17 20:00:45,826 - [0;94mparity_short_1H   [0m  2025-12-16            4        100.0  [1;92m        3.54[0m         1.06   100.0     0.0      0.0      1.31
2025-12-17 20:00:45,829 - [0;94mrevers_long_4H    [0m  2025-12-11            1          0.0  [1;91m       -3.35[0m         -1.0     0.0   100.0      0.0      6.05
2025-12-17 20:00:45,832 - 
2025-12-17 20:00:45,835 - [1;94m========================================================================================================================[0m
2025-12-17 20:00:45,838 - [1;94m📊 TOTAL SUMMARY[0m
2025-12-17 20:00:45,841 - [1;94m========================================================================================================================[0m
2025-12-17 20:00:45,844 - [0;94m📊 Trades_num   :[0m 124
2025-12-17 20:00:45,847 - [0;94m🕜 Avg_duration :[0m 2.3 days
2025-12-17 20:00:45,850 - [0;94m🎯 Trades_pct   :[0m 82.26 %
2025-12-17 20:00:45,853 - [0;94m📈 Profit_pct   :[0m 2.83 %
2025-12-17 20:00:45,856 - 💵 [1;94mTOTAL_profit :[0m [1;92m103.94 $[0m
2025-12-17 20:00:45,859 - [1;94m========================================================================================================================[0m
2025-12-17 20:00:45,862 - 
2025-12-17 20:00:45,879 - 
2025-12-17 20:00:45,882 - [1;94m========================================================================================================================[0m
2025-12-17 20:00:45,884 - [1;94m📈 STRATEGY ANALYSIS[0m
2025-12-17 20:00:45,887 - [1;94m========================================================================================================================[0m
2025-12-17 20:00:45,900 - [1;85mStrategy          [0m  [1;85mdate_fo   [0m  [1;85m Trades_num[0m  [1;85m Trades_pct[0m  [1;85mTotal_profit[0m  [1;85m Profit_pct[0m  [1;85mTP_pct[0m  [1;85mSL_pct[0m  [1;85mOOM_pct[0m  [1;85mAvg_days[0m
2025-12-17 20:00:45,903 - [0;94mdouble_top_long_4H[0m  2025-12-11            3        33.33  [1;91m       -4.53[0m        -1.36   33.33   66.67      0.0       4.0
2025-12-17 20:00:45,906 - [0;94mrevers_short_4H   [0m  2025-12-11           44        97.73  [1;92m       76.75[0m         23.0   97.73    2.27      0.0      2.31
2025-12-17 20:00:45,909 - [0;94mparity_short_4H   [0m  2025-12-11           27        92.59  [1;92m       40.06[0m         12.0   92.59    7.41      0.0      3.15
2025-12-17 20:00:45,912 - [0;94mrevers_short_1H   [0m  2025-12-11           21        80.95  [1;92m        8.68[0m          2.6   76.19    4.76      0.0      1.03
2025-12-17 20:00:45,915 - [0;94mrevers_long_1H    [0m  2025-12-11            6        33.33  [1;91m       -6.25[0m        -1.87   33.33     0.0      0.0      1.69
2025-12-17 20:00:45,918 - [0;94mrevers_short_6Hutc[0m  2025-12-12            9        77.78  [1;92m         5.2[0m         1.56   88.89   11.11      0.0      1.72
2025-12-17 20:00:45,930 - [0;94mparity_long_4H    [0m  2025-12-11            2          0.0  [1;91m       -7.41[0m        -2.22     0.0   100.0      0.0      4.65
2025-12-17 20:00:45,933 - [0;94mrevers_long_6Hutc [0m  2025-12-12            4          0.0  [1;91m      -10.62[0m        -3.18     0.0   100.0      0.0      3.47
2025-12-17 20:00:45,936 - [0;94mparity_long_1H    [0m  2025-12-16            3        100.0  [1;92m        1.87[0m         0.56   100.0     0.0      0.0       1.2
2025-12-17 20:00:45,939 - [0;94mparity_short_1H   [0m  2025-12-16            4        100.0  [1;92m        3.54[0m         1.06   100.0     0.0      0.0      1.31
2025-12-17 20:00:45,941 - [0;94mrevers_long_4H    [0m  2025-12-11            1          0.0  [1;91m       -3.35[0m         -1.0     0.0   100.0      0.0      6.05
2025-12-17 20:00:45,944 - 
2025-12-17 20:00:45,947 - [1;94m========================================================================================================================[0m
2025-12-17 20:00:45,950 - [1;94m📊 TOTAL SUMMARY[0m
2025-12-17 20:00:45,953 - [1;94m========================================================================================================================[0m
2025-12-17 20:00:45,955 - [0;94m📊 Trades_num   :[0m 124
2025-12-17 20:00:45,958 - [0;94m🕜 Avg_duration :[0m 2.3 days
2025-12-17 20:00:45,961 - [0;94m🎯 Trades_pct   :[0m 82.26 %
2025-12-17 20:00:45,963 - [0;94m📈 Profit_pct   :[0m 2.83 %
2025-12-17 20:00:45,966 - 💵 [1;94mTOTAL_profit :[0m [1;92m103.94 $[0m
2025-12-17 20:00:45,969 - [1;94m========================================================================================================================[0m
2025-12-17 20:00:45,972 - 
2025-12-17 20:00:45,975 - ➡️  parity_short_1H    (1H): 32/50 candles
2025-12-17 20:00:45,980 - 
🔄 Processing strategy: revers_long_1H
2025-12-17 20:00:48,291 - 💫 Signals detected for revers_long_1H: 0
2025-12-17 20:00:48,297 - 
🔄 Processing strategy: revers_short_1H
2025-12-17 20:00:50,329 - 💫 Signals detected for revers_short_1H: 6
2025-12-17 20:00:50,666 - ✅ ⬇️  SHORT  BNBUSDT    | Size: 0.04     | Price: 836.96    
2025-12-17 20:00:51,139 - ✅ ⬇️  SHORT  BTCUSDT    | Size: 0.0004   | Price: 85782.2   
2025-12-17 20:00:51,732 - ✅ ⬇️  SHORT  DOGEUSDT   | Size: 318      | Price: 0.12555   
2025-12-17 20:00:52,190 - ✅ ⬇️  SHORT  ETHUSDT    | Size: 0.01     | Price: 2810.99   
2025-12-17 20:00:52,727 - ✅ ⬇️  SHORT  SOLUSDT    | Size: 0.3      | Price: 122.053   
2025-12-17 20:00:53,306 - ✅ ⬇️  SHORT  XRPUSDT    | Size: 21       | Price: 1.8583    
2025-12-17 20:00:53,464 - 
🔄 Processing strategy: parity_long_1H
2025-12-17 20:00:55,376 - 💫 Signals detected for parity_long_1H: 0
2025-12-17 20:00:55,379 - 🚫 parity_short_1H    (1H): 2 open positions
2025-12-17 20:00:55,382 - 🔂 Signal cycle completed
2025-12-17 20:00:55,387 - ========================================================================================================================

2025-12-17 20:00:55,390 - ⏰ Next candle for 1H: 2025-12-17 20:00:45 UTC
2025-12-17 20:02:25,644 - 
💲 TP REACHED for ADAUSDT (revers_short_6Hutc) at 20:02
2025-12-17 20:02:25,647 - →  Closing short position on ADAUSDT:
2025-12-17 20:02:26,023 - ✅ Position closed due to TP: ADAUSDT | Size: 105
2025-12-17 20:02:26,107 - 📋 Trade logged: ADAUSDT | Profit: 1.97 USDT (+4.93%) | Duration: 2.0842 days
2025-12-17 20:02:26,124 - 
2025-12-17 20:02:26,127 - [1;94m========================================================================================================================[0m
2025-12-17 20:02:26,130 - [1;94m📈 STRATEGY ANALYSIS[0m
2025-12-17 20:02:26,133 - [1;94m========================================================================================================================[0m
2025-12-17 20:02:26,145 - [1;85mStrategy          [0m  [1;85mdate_fo   [0m  [1;85m Trades_num[0m  [1;85m Trades_pct[0m  [1;85mTotal_profit[0m  [1;85m Profit_pct[0m  [1;85mTP_pct[0m  [1;85mSL_pct[0m  [1;85mOOM_pct[0m  [1;85mAvg_days[0m
2025-12-17 20:02:26,151 - [0;94mdouble_top_long_4H[0m  2025-12-11            3        33.33  [1;91m       -4.53[0m        -1.36   33.33   66.67      0.0       4.0
2025-12-17 20:02:26,154 - [0;94mrevers_short_4H   [0m  2025-12-11           44        97.73  [1;92m       76.75[0m         23.0   97.73    2.27      0.0      2.31
2025-12-17 20:02:26,157 - [0;94mparity_short_4H   [0m  2025-12-11           27        92.59  [1;92m       40.06[0m         12.0   92.59    7.41      0.0      3.15
2025-12-17 20:02:26,160 - [0;94mrevers_short_1H   [0m  2025-12-11           21        80.95  [1;92m        8.68[0m          2.6   76.19    4.76      0.0      1.03
2025-12-17 20:02:26,163 - [0;94mrevers_long_1H    [0m  2025-12-11            6        33.33  [1;91m       -6.25[0m        -1.87   33.33     0.0      0.0      1.69
2025-12-17 20:02:26,166 - [0;94mrevers_short_6Hutc[0m  2025-12-12           10         80.0  [1;92m        7.17[0m         2.15    90.0    10.0      0.0      1.76
2025-12-17 20:02:26,169 - [0;94mparity_long_4H    [0m  2025-12-11            2          0.0  [1;91m       -7.41[0m        -2.22     0.0   100.0      0.0      4.65
2025-12-17 20:02:26,172 - [0;94mrevers_long_6Hutc [0m  2025-12-12            4          0.0  [1;91m      -10.62[0m        -3.18     0.0   100.0      0.0      3.47
2025-12-17 20:02:26,175 - [0;94mparity_long_1H    [0m  2025-12-16            3        100.0  [1;92m        1.87[0m         0.56   100.0     0.0      0.0       1.2
2025-12-17 20:02:26,178 - [0;94mparity_short_1H   [0m  2025-12-16            4        100.0  [1;92m        3.54[0m         1.06   100.0     0.0      0.0      1.31
2025-12-17 20:02:26,181 - [0;94mrevers_long_4H    [0m  2025-12-11            1          0.0  [1;91m       -3.35[0m         -1.0     0.0   100.0      0.0      6.05
2025-12-17 20:02:26,184 - 
2025-12-17 20:02:26,187 - [1;94m========================================================================================================================[0m
2025-12-17 20:02:26,190 - [1;94m📊 TOTAL SUMMARY[0m
2025-12-17 20:02:26,193 - [1;94m========================================================================================================================[0m
2025-12-17 20:02:26,196 - [0;94m📊 Trades_num   :[0m 125
2025-12-17 20:02:26,199 - [0;94m🕜 Avg_duration :[0m 2.3 days
2025-12-17 20:02:26,202 - [0;94m🎯 Trades_pct   :[0m 82.40 %
2025-12-17 20:02:26,205 - [0;94m📈 Profit_pct   :[0m 2.89 %
2025-12-17 20:02:26,208 - 💵 [1;94mTOTAL_profit :[0m [1;92m105.91 $[0m
2025-12-17 20:02:26,211 - [1;94m========================================================================================================================[0m
2025-12-17 20:02:26,214 - 
2025-12-17 20:03:15,781 - 
💲 TP REACHED for DOGEUSDT (revers_short_4H) at 20:03
2025-12-17 20:03:15,784 - →  Closing short position on DOGEUSDT:
2025-12-17 20:03:16,143 - ✅ Position closed due to TP: DOGEUSDT | Size: 303
2025-12-17 20:03:16,229 - 📋 Trade logged: DOGEUSDT | Profit: 0.85 USDT (+2.12%) | Duration: 1.3348 days
2025-12-17 20:03:16,247 - 
2025-12-17 20:03:16,250 - [1;94m========================================================================================================================[0m
2025-12-17 20:03:16,252 - [1;94m📈 STRATEGY ANALYSIS[0m
2025-12-17 20:03:16,255 - [1;94m========================================================================================================================[0m
2025-12-17 20:03:16,268 - [1;85mStrategy          [0m  [1;85mdate_fo   [0m  [1;85m Trades_num[0m  [1;85m Trades_pct[0m  [1;85mTotal_profit[0m  [1;85m Profit_pct[0m  [1;85mTP_pct[0m  [1;85mSL_pct[0m  [1;85mOOM_pct[0m  [1;85mAvg_days[0m
2025-12-17 20:03:16,271 - [0;94mdouble_top_long_4H[0m  2025-12-11            3        33.33  [1;91m       -4.53[0m        -1.36   33.33   66.67      0.0       4.0
2025-12-17 20:03:16,275 - [0;94mrevers_short_4H   [0m  2025-12-11           45        97.78  [1;92m        77.6[0m        23.25   97.78    2.22      0.0      2.29
2025-12-17 20:03:16,278 - [0;94mparity_short_4H   [0m  2025-12-11           27        92.59  [1;92m       40.06[0m         12.0   92.59    7.41      0.0      3.15
2025-12-17 20:03:16,281 - [0;94mrevers_short_1H   [0m  2025-12-11           21        80.95  [1;92m        8.68[0m          2.6   76.19    4.76      0.0      1.03
2025-12-17 20:03:16,284 - [0;94mrevers_long_1H    [0m  2025-12-11            6        33.33  [1;91m       -6.25[0m        -1.87   33.33     0.0      0.0      1.69
2025-12-17 20:03:16,287 - [0;94mrevers_short_6Hutc[0m  2025-12-12           10         80.0  [1;92m        7.17[0m         2.15    90.0    10.0      0.0      1.76
2025-12-17 20:03:16,290 - [0;94mparity_long_4H    [0m  2025-12-11            2          0.0  [1;91m       -7.41[0m        -2.22     0.0   100.0      0.0      4.65
2025-12-17 20:03:16,293 - [0;94mrevers_long_6Hutc [0m  2025-12-12            4          0.0  [1;91m      -10.62[0m        -3.18     0.0   100.0      0.0      3.47
2025-12-17 20:03:16,296 - [0;94mparity_long_1H    [0m  2025-12-16            3        100.0  [1;92m        1.87[0m         0.56   100.0     0.0      0.0       1.2
2025-12-17 20:03:16,299 - [0;94mparity_short_1H   [0m  2025-12-16            4        100.0  [1;92m        3.54[0m         1.06   100.0     0.0      0.0      1.31
2025-12-17 20:03:16,302 - [0;94mrevers_long_4H    [0m  2025-12-11            1          0.0  [1;91m       -3.35[0m         -1.0     0.0   100.0      0.0      6.05
2025-12-17 20:03:16,305 - 
2025-12-17 20:03:16,308 - [1;94m========================================================================================================================[0m
2025-12-17 20:03:16,311 - [1;94m📊 TOTAL SUMMARY[0m
2025-12-17 20:03:16,314 - [1;94m========================================================================================================================[0m
2025-12-17 20:03:16,316 - [0;94m📊 Trades_num   :[0m 126
2025-12-17 20:03:16,319 - [0;94m🕜 Avg_duration :[0m 2.3 days
2025-12-17 20:03:16,322 - [0;94m🎯 Trades_pct   :[0m 82.54 %
2025-12-17 20:03:16,325 - [0;94m📈 Profit_pct   :[0m 2.91 %
2025-12-17 20:03:16,328 - 💵 [1;94mTOTAL_profit :[0m [1;92m106.76 $[0m
2025-12-17 20:03:16,331 - [1;94m========================================================================================================================[0m
2025-12-17 20:03:16,334 - 
2025-12-17 20:08:36,662 - 
💲 TP REACHED for AVAXUSDT (revers_short_4H) at 20:08
2025-12-17 20:08:36,665 - →  Closing short position on AVAXUSDT:
2025-12-17 20:08:37,041 - ✅ Position closed due to TP: AVAXUSDT | Size: 3.2
2025-12-17 20:08:37,174 - 📋 Trade logged: AVAXUSDT | Profit: 1.94 USDT (+4.85%) | Duration: 1.3386 days
2025-12-17 20:08:37,191 - 
2025-12-17 20:08:37,194 - [1;94m========================================================================================================================[0m
2025-12-17 20:08:37,197 - [1;94m📈 STRATEGY ANALYSIS[0m
2025-12-17 20:08:37,199 - [1;94m========================================================================================================================[0m
2025-12-17 20:08:37,212 - [1;85mStrategy          [0m  [1;85mdate_fo   [0m  [1;85m Trades_num[0m  [1;85m Trades_pct[0m  [1;85mTotal_profit[0m  [1;85m Profit_pct[0m  [1;85mTP_pct[0m  [1;85mSL_pct[0m  [1;85mOOM_pct[0m  [1;85mAvg_days[0m
2025-12-17 20:08:37,216 - [0;94mdouble_top_long_4H[0m  2025-12-11            3        33.33  [1;91m       -4.53[0m        -1.36   33.33   66.67      0.0       4.0
2025-12-17 20:08:37,219 - [0;94mrevers_short_4H   [0m  2025-12-11           46        97.83  [1;92m       79.54[0m        23.83   97.83    2.17      0.0      2.27
2025-12-17 20:08:37,222 - [0;94mparity_short_4H   [0m  2025-12-11           27        92.59  [1;92m       40.06[0m         12.0   92.59    7.41      0.0      3.15
2025-12-17 20:08:37,225 - [0;94mrevers_short_1H   [0m  2025-12-11           21        80.95  [1;92m        8.68[0m          2.6   76.19    4.76      0.0      1.03
2025-12-17 20:08:37,228 - [0;94mrevers_long_1H    [0m  2025-12-11            6        33.33  [1;91m       -6.25[0m        -1.87   33.33     0.0      0.0      1.69
2025-12-17 20:08:37,231 - [0;94mrevers_short_6Hutc[0m  2025-12-12           10         80.0  [1;92m        7.17[0m         2.15    90.0    10.0      0.0      1.76
2025-12-17 20:08:37,234 - [0;94mparity_long_4H    [0m  2025-12-11            2          0.0  [1;91m       -7.41[0m        -2.22     0.0   100.0      0.0      4.65
2025-12-17 20:08:37,237 - [0;94mrevers_long_6Hutc [0m  2025-12-12            4          0.0  [1;91m      -10.62[0m        -3.18     0.0   100.0      0.0      3.47
2025-12-17 20:08:37,240 - [0;94mparity_long_1H    [0m  2025-12-16            3        100.0  [1;92m        1.87[0m         0.56   100.0     0.0      0.0       1.2
2025-12-17 20:08:37,243 - [0;94mparity_short_1H   [0m  2025-12-16            4        100.0  [1;92m        3.54[0m         1.06   100.0     0.0      0.0      1.31
2025-12-17 20:08:37,246 - [0;94mrevers_long_4H    [0m  2025-12-11            1          0.0  [1;91m       -3.35[0m         -1.0     0.0   100.0      0.0      6.05
2025-12-17 20:08:37,249 - 
2025-12-17 20:08:37,252 - [1;94m========================================================================================================================[0m
2025-12-17 20:08:37,255 - [1;94m📊 TOTAL SUMMARY[0m
2025-12-17 20:08:37,258 - [1;94m========================================================================================================================[0m
2025-12-17 20:08:37,261 - [0;94m📊 Trades_num   :[0m 127
2025-12-17 20:08:37,264 - [0;94m🕜 Avg_duration :[0m 2.3 days
2025-12-17 20:08:37,267 - [0;94m🎯 Trades_pct   :[0m 82.68 %
2025-12-17 20:08:37,270 - [0;94m📈 Profit_pct   :[0m 2.96 %
2025-12-17 20:08:37,273 - 💵 [1;94mTOTAL_profit :[0m [1;92m108.70 $[0m
2025-12-17 20:08:37,276 - [1;94m========================================================================================================================[0m
2025-12-17 20:08:37,279 - 
2025-12-17 21:00:45,018 - 
========================================================================================================================
2025-12-17 21:00:45,021 - 🔀 New candle(s) detected 2025-12-17 20:00:45 UTC
2025-12-17 21:00:45,024 - 🔹 Timeframes: 1H, 4H
2025-12-17 21:00:45,027 - 🌐 Syncronizing positions in broker...
2025-12-17 21:00:45,230 - ✅ Sync completed: All positions exist in broker
2025-12-17 21:00:45,233 - 📡 Signal search - 2025-12-17 20:00:45
2025-12-17 21:00:45,236 - ------------------------------------------------------------------------------------------------------------------------
2025-12-17 21:00:45,239 - ➡️  revers_short_1H    (1H): 1/50 candles
2025-12-17 21:00:45,242 - ➡️  parity_short_1H    (1H): 33/50 candles
2025-12-17 21:00:45,246 - ➡️  double_top_long_4H (4H): 36/50 candles
2025-12-17 21:00:45,249 - ➡️  revers_long_4H     (4H): 37/50 candles
2025-12-17 21:00:45,253 - ➡️  parity_long_4H     (4H): 37/50 candles
2025-12-17 21:00:45,256 - ➡️  revers_short_4H    (4H): 8/50 candles
2025-12-17 21:00:45,259 - ➡️  parity_short_4H    (4H): 37/50 candles
2025-12-17 21:00:45,265 - 
🔄 Processing strategy: revers_long_1H
2025-12-17 21:00:47,295 - 💫 Signals detected for revers_long_1H: 0
2025-12-17 21:00:47,298 - 🚫 revers_short_1H    (1H): 6 open positions
2025-12-17 21:00:47,303 - 
🔄 Processing strategy: parity_long_1H
2025-12-17 21:00:49,392 - 💫 Signals detected for parity_long_1H: 0
2025-12-17 21:00:49,395 - 🚫 parity_short_1H    (1H): 2 open positions
2025-12-17 21:00:49,397 - 🚫 double_top_long_4H (4H): 1 open positions
2025-12-17 21:00:49,400 - 🚫 revers_long_4H     (4H): 1 open positions
2025-12-17 21:00:49,403 - 🚫 parity_long_4H     (4H): 1 open positions
2025-12-17 21:00:49,406 - 🚫 revers_short_4H    (4H): 3 open positions
2025-12-17 21:00:49,409 - 🚫 parity_short_4H    (4H): 2 open positions
2025-12-17 21:00:49,412 - 🔂 Signal cycle completed
2025-12-17 21:00:49,418 - ========================================================================================================================

2025-12-17 21:00:49,421 - ⏰ Next candle for 1H: 2025-12-17 21:00:45 UTC
2025-12-17 21:00:49,424 - ⏰ Next candle for 4H: 2025-12-18 00:00:45 UTC
2025-12-17 22:00:45,031 - 
========================================================================================================================
2025-12-17 22:00:45,033 - 🔀 New candle(s) detected 2025-12-17 21:00:45 UTC
2025-12-17 22:00:45,036 - 🔹 Timeframes: 1H
2025-12-17 22:00:45,039 - 🌐 Syncronizing positions in broker...
2025-12-17 22:00:45,243 - ✅ Sync completed: All positions exist in broker
2025-12-17 22:00:45,246 - 📡 Signal search - 2025-12-17 21:00:45
2025-12-17 22:00:45,249 - ------------------------------------------------------------------------------------------------------------------------
2025-12-17 22:00:45,253 - ➡️  revers_short_1H    (1H): 2/50 candles
2025-12-17 22:00:45,256 - ➡️  parity_short_1H    (1H): 34/50 candles
2025-12-17 22:00:45,262 - 
🔄 Processing strategy: revers_long_1H
2025-12-17 22:00:47,417 - 💫 Signals detected for revers_long_1H: 0
2025-12-17 22:00:47,420 - 🚫 revers_short_1H    (1H): 6 open positions
2025-12-17 22:00:47,426 - 
🔄 Processing strategy: parity_long_1H
2025-12-17 22:00:49,462 - 💫 Signals detected for parity_long_1H: 0
2025-12-17 22:00:49,464 - 🚫 parity_short_1H    (1H): 2 open positions
2025-12-17 22:00:49,467 - 🔂 Signal cycle completed
2025-12-17 22:00:49,473 - ========================================================================================================================

2025-12-17 22:00:49,476 - ⏰ Next candle for 1H: 2025-12-17 22:00:45 UTC
2025-12-17 22:05:21,230 - 
🔚 Interrupted by user.
2025-12-17 22:05:21,243 - ⛔ BOT Stopped
2025-12-17 22:05:25,822 - [1;94m========================================================================================================================[0m
2025-12-17 22:05:25,822 - [1;94m🤖 === STARTING MULTI-STRATEGY BOT OPERATING IN ACCOUNT: 01 🤖 ===[0m
2025-12-17 22:05:25,822 - [1;94m========================================================================================================================[0m
2025-12-17 22:05:25,822 - ✅  State loaded: 25 positions recovered
2025-12-17 22:05:25,822 -    ➡️  revers_short_1H: 6 positions | Candles: 2
2025-12-17 22:05:25,822 -       - BNBUSDT      | Size: 0.04       | Entry: 837.42    
2025-12-17 22:05:25,822 -       - BTCUSDT      | Size: 0.0004     | Entry: 85774.3   
2025-12-17 22:05:25,822 -       - DOGEUSDT     | Size: 318        | Entry: 0.1255    
2025-12-17 22:05:25,822 -       - ETHUSDT      | Size: 0.01       | Entry: 2810.52   
2025-12-17 22:05:25,822 -       - SOLUSDT      | Size: 0.3        | Entry: 122.031   
2025-12-17 22:05:25,822 -       - XRPUSDT      | Size: 21         | Entry: 1.8582    
2025-12-17 22:05:25,822 -    ➡️  revers_long_4H: 1 positions | Candles: 37
2025-12-17 22:05:25,822 -       - BGBUSDT      | Size: 11         | Entry: 3.6       
2025-12-17 22:05:25,822 -    ➡️  parity_long_4H: 1 positions | Candles: 37
2025-12-17 22:05:25,822 -       - BGBUSDT      | Size: 11         | Entry: 3.6       
2025-12-17 22:05:25,822 -    ➡️  revers_short_4H: 3 positions | Candles: 8
2025-12-17 22:05:25,822 -       - LTCUSDT      | Size: 0.5        | Entry: 78.96     
2025-12-17 22:05:25,822 -       - NEARUSDT     | Size: 25         | Entry: 1.5431    
2025-12-17 22:05:25,822 -       - XRPUSDT      | Size: 20         | Entry: 1.9235    
2025-12-17 22:05:25,822 -    ➡️  parity_short_4H: 2 positions | Candles: 37
2025-12-17 22:05:25,822 -       - BNBUSDT      | Size: 0.04       | Entry: 863.8     
2025-12-17 22:05:25,822 -       - BTCUSDT      | Size: 0.0004     | Entry: 89709     
2025-12-17 22:05:25,822 -    ➡️  double_top_long_4H: 1 positions | Candles: 36
2025-12-17 22:05:25,823 -       - BNBUSDT      | Size: 0.04       | Entry: 876.15    
2025-12-17 22:05:25,823 -    ➡️  revers_short_6Hutc: 7 positions | Candles: 8
2025-12-17 22:05:25,823 -       - BNBUSDT      | Size: 0.04       | Entry: 843.99    
2025-12-17 22:05:25,823 -       - BTCUSDT      | Size: 0.0004     | Entry: 85702     
2025-12-17 22:05:25,823 -       - DOGEUSDT     | Size: 312        | Entry: 0.12786   
2025-12-17 22:05:25,823 -       - HBARUSDT     | Size: 356        | Entry: 0.11234   
2025-12-17 22:05:25,823 -       - LINKUSDT     | Size: 3          | Entry: 12.585    
2025-12-17 22:05:25,823 -       - SOLUSDT      | Size: 0.3        | Entry: 124.987   
2025-12-17 22:05:25,823 -       - XRPUSDT      | Size: 21         | Entry: 1.8909    
2025-12-17 22:05:25,823 -    ➡️  revers_long_6Hutc: 2 positions | Candles: 22
2025-12-17 22:05:25,823 -       - BNBUSDT      | Size: 0.03       | Entry: 891.18    
2025-12-17 22:05:25,823 -       - BTCUSDT      | Size: 0.0003     | Entry: 92367.4   
2025-12-17 22:05:25,823 -    ➡️  parity_short_1H: 2 positions | Candles: 34
2025-12-17 22:05:25,823 -       - BTCUSDT      | Size: 0.0004     | Entry: 86297.7   
2025-12-17 22:05:25,823 -       - XRPUSDT      | Size: 21         | Entry: 1.879     
2025-12-17 22:05:26,196 - 🔹 Strategy double_top_long_4H (4H): 32 symbols
2025-12-17 22:05:26,199 - 🔹 Strategy revers_long_4H     (4H): 32 symbols
2025-12-17 22:05:26,201 - 🔹 Strategy parity_long_4H     (4H): 32 symbols
2025-12-17 22:05:26,204 - 🔹 Strategy revers_short_4H    (4H): 32 symbols
2025-12-17 22:05:26,207 - 🔹 Strategy parity_short_4H    (4H): 32 symbols
2025-12-17 22:05:26,209 - 🔹 Strategy revers_long_1H     (1H):  6 symbols
2025-12-17 22:05:26,211 - 🔹 Strategy revers_short_1H    (1H):  6 symbols
2025-12-17 22:05:26,214 - 🔹 Strategy revers_long_6Hutc  (6Hutc): 15 symbols
2025-12-17 22:05:26,216 - 🔹 Strategy revers_short_6Hutc (6Hutc): 15 symbols
2025-12-17 22:05:26,218 - 🔹 Strategy parity_long_1H     (1H):  6 symbols
2025-12-17 22:05:26,220 - 🔹 Strategy parity_short_1H    (1H):  6 symbols
2025-12-17 22:05:26,220 - 
➡️ Detected timeframes: 6Hutc, 4H, 1H
2025-12-17 22:05:26,220 -    🔹 6Hutc: revers_long_6Hutc, revers_short_6Hutc
2025-12-17 22:05:26,220 -    🔹 4H: double_top_long_4H, revers_long_4H, parity_long_4H, revers_short_4H, parity_short_4H
2025-12-17 22:05:26,220 -    🔹 1H: revers_long_1H, revers_short_1H, parity_long_1H, parity_short_1H
2025-12-17 22:05:26,220 - 
✅ BOT Initialization completed

2025-12-17 22:05:26,235 - 
2025-12-17 22:05:26,235 - [1;94m========================================================================================================================[0m
2025-12-17 22:05:26,235 - [1;94m📈 STRATEGY ANALYSIS[0m
2025-12-17 22:05:26,236 - [1;94m========================================================================================================================[0m
2025-12-17 22:05:26,245 - [1;85mStrategy          [0m  [1;85mdate_fo   [0m  [1;85m Trades_num[0m  [1;85m Trades_pct[0m  [1;85mTotal_profit[0m  [1;85m Profit_pct[0m  [1;85mTP_pct[0m  [1;85mSL_pct[0m  [1;85mOOM_pct[0m  [1;85mAvg_days[0m
2025-12-17 22:05:26,245 - [0;94mdouble_top_long_4H[0m  2025-12-11            3        33.33  [1;91m       -4.53[0m        -1.36   33.33   66.67      0.0       4.0
2025-12-17 22:05:26,245 - [0;94mrevers_short_4H   [0m  2025-12-11           46        97.83  [1;92m       79.54[0m        23.83   97.83    2.17      0.0      2.27
2025-12-17 22:05:26,246 - [0;94mparity_short_4H   [0m  2025-12-11           27        92.59  [1;92m       40.06[0m         12.0   92.59    7.41      0.0      3.15
2025-12-17 22:05:26,246 - [0;94mrevers_short_1H   [0m  2025-12-11           21        80.95  [1;92m        8.68[0m          2.6   76.19    4.76      0.0      1.03
2025-12-17 22:05:26,246 - [0;94mrevers_long_1H    [0m  2025-12-11            6        33.33  [1;91m       -6.25[0m        -1.87   33.33     0.0      0.0      1.69
2025-12-17 22:05:26,246 - [0;94mrevers_short_6Hutc[0m  2025-12-12           10         80.0  [1;92m        7.17[0m         2.15    90.0    10.0      0.0      1.76
2025-12-17 22:05:26,246 - [0;94mparity_long_4H    [0m  2025-12-11            2          0.0  [1;91m       -7.41[0m        -2.22     0.0   100.0      0.0      4.65
2025-12-17 22:05:26,246 - [0;94mrevers_long_6Hutc [0m  2025-12-12            4          0.0  [1;91m      -10.62[0m        -3.18     0.0   100.0      0.0      3.47
2025-12-17 22:05:26,246 - [0;94mparity_long_1H    [0m  2025-12-16            3        100.0  [1;92m        1.87[0m         0.56   100.0     0.0      0.0       1.2
2025-12-17 22:05:26,246 - [0;94mparity_short_1H   [0m  2025-12-16            4        100.0  [1;92m        3.54[0m         1.06   100.0     0.0      0.0      1.31
2025-12-17 22:05:26,246 - [0;94mrevers_long_4H    [0m  2025-12-11            1          0.0  [1;91m       -3.35[0m         -1.0     0.0   100.0      0.0      6.05
2025-12-17 22:05:26,246 - 
2025-12-17 22:05:26,246 - [1;94m========================================================================================================================[0m
2025-12-17 22:05:26,246 - [1;94m📊 TOTAL SUMMARY[0m
2025-12-17 22:05:26,246 - [1;94m========================================================================================================================[0m
2025-12-17 22:05:26,246 - [0;94m📊 Trades_num   :[0m 127
2025-12-17 22:05:26,246 - [0;94m🕜 Avg_duration :[0m 2.3 days
2025-12-17 22:05:26,246 - [0;94m🎯 Trades_pct   :[0m 82.68 %
2025-12-17 22:05:26,246 - [0;94m📈 Profit_pct   :[0m 2.96 %
2025-12-17 22:05:26,246 - 💵 [1;94mTOTAL_profit :[0m [1;92m108.70 $[0m
2025-12-17 22:05:26,246 - [1;94m========================================================================================================================[0m
2025-12-17 22:05:26,246 - 
2025-12-17 22:05:26,246 - 
[1;94mInitializing WebSocket connections...[0m
2025-12-17 22:05:27,247 - 📱 WebSocket status:
2025-12-17 22:05:27,247 -    - Public WS    : ⚠️  Not connected
2025-12-17 22:05:27,247 -    - Private WS   : ⚠️  Not connected
2025-12-17 22:05:27,247 -    - Authenticated: ⚠️  No
2025-12-17 22:05:27,340 - 🔌 PUBLIC  WebSocket connected
2025-12-17 22:05:27,358 - 🔌 PRIVATE WebSocket connected (first time)
2025-12-17 22:05:27,858 - 🛜 Subscribing to 5 private channels...
2025-12-17 22:05:27,858 - 🆗 orders
2025-12-17 22:05:27,858 - 🆗 fill
2025-12-17 22:05:27,858 - 🆗 positions
2025-12-17 22:05:27,858 - 🆗 account
2025-12-17 22:05:27,858 - 🆗 equity
2025-12-17 22:05:27,858 - ✅ WebSocket authentication successful
2025-12-17 22:05:28,247 - 📦 Pre-loading contract info for 33 symbols via API...
2025-12-17 22:05:41,515 - [0;36m✅ Pre-loaded 33/33 contracts[0m
2025-12-17 22:05:41,516 - 
2025-12-17 22:05:41,516 - ⏰ Next candle for 6Hutc : 2025-12-18 00:00:45 UTC
2025-12-17 22:05:41,517 - ⏰ Next candle for 4H    : 2025-12-18 00:00:45 UTC
2025-12-17 22:05:41,517 - ⏰ Next candle for 1H    : 2025-12-17 22:00:45 UTC
2025-12-17 22:11:55,642 - 
🔚 Interrupted by user.
2025-12-17 22:11:55,645 - ⛔ BOT Stopped
2025-12-17 22:11:59,482 - [1;94m========================================================================================================================[0m
2025-12-17 22:11:59,482 - [1;94m🤖 === STARTING MULTI-STRATEGY BOT OPERATING IN ACCOUNT: 01 🤖 ===[0m
2025-12-17 22:11:59,482 - [1;94m========================================================================================================================[0m
2025-12-17 22:11:59,482 - ✅  State loaded: 25 positions recovered
2025-12-17 22:11:59,482 -    ➡️  revers_short_1H: 6 positions | Candles: 2
2025-12-17 22:11:59,482 -       - BNBUSDT      | Size: 0.04       | Entry: 837.42    
2025-12-17 22:11:59,482 -       - BTCUSDT      | Size: 0.0004     | Entry: 85774.3   
2025-12-17 22:11:59,482 -       - DOGEUSDT     | Size: 318        | Entry: 0.1255    
2025-12-17 22:11:59,482 -       - ETHUSDT      | Size: 0.01       | Entry: 2810.52   
2025-12-17 22:11:59,483 -       - SOLUSDT      | Size: 0.3        | Entry: 122.031   
2025-12-17 22:11:59,483 -       - XRPUSDT      | Size: 21         | Entry: 1.8582    
2025-12-17 22:11:59,483 -    ➡️  revers_long_4H: 1 positions | Candles: 37
2025-12-17 22:11:59,483 -       - BGBUSDT      | Size: 11         | Entry: 3.6       
2025-12-17 22:11:59,483 -    ➡️  parity_long_4H: 1 positions | Candles: 37
2025-12-17 22:11:59,483 -       - BGBUSDT      | Size: 11         | Entry: 3.6       
2025-12-17 22:11:59,483 -    ➡️  revers_short_4H: 3 positions | Candles: 8
2025-12-17 22:11:59,483 -       - LTCUSDT      | Size: 0.5        | Entry: 78.96     
2025-12-17 22:11:59,483 -       - NEARUSDT     | Size: 25         | Entry: 1.5431    
2025-12-17 22:11:59,483 -       - XRPUSDT      | Size: 20         | Entry: 1.9235    
2025-12-17 22:11:59,483 -    ➡️  parity_short_4H: 2 positions | Candles: 37
2025-12-17 22:11:59,483 -       - BNBUSDT      | Size: 0.04       | Entry: 863.8     
2025-12-17 22:11:59,483 -       - BTCUSDT      | Size: 0.0004     | Entry: 89709     
2025-12-17 22:11:59,483 -    ➡️  double_top_long_4H: 1 positions | Candles: 36
2025-12-17 22:11:59,483 -       - BNBUSDT      | Size: 0.04       | Entry: 876.15    
2025-12-17 22:11:59,483 -    ➡️  revers_short_6Hutc: 7 positions | Candles: 8
2025-12-17 22:11:59,483 -       - BNBUSDT      | Size: 0.04       | Entry: 843.99    
2025-12-17 22:11:59,483 -       - BTCUSDT      | Size: 0.0004     | Entry: 85702     
2025-12-17 22:11:59,483 -       - DOGEUSDT     | Size: 312        | Entry: 0.12786   
2025-12-17 22:11:59,483 -       - HBARUSDT     | Size: 356        | Entry: 0.11234   
2025-12-17 22:11:59,483 -       - LINKUSDT     | Size: 3          | Entry: 12.585    
2025-12-17 22:11:59,483 -       - SOLUSDT      | Size: 0.3        | Entry: 124.987   
2025-12-17 22:11:59,483 -       - XRPUSDT      | Size: 21         | Entry: 1.8909    
2025-12-17 22:11:59,483 -    ➡️  revers_long_6Hutc: 2 positions | Candles: 22
2025-12-17 22:11:59,483 -       - BNBUSDT      | Size: 0.03       | Entry: 891.18    
2025-12-17 22:11:59,483 -       - BTCUSDT      | Size: 0.0003     | Entry: 92367.4   
2025-12-17 22:11:59,483 -    ➡️  parity_short_1H: 2 positions | Candles: 34
2025-12-17 22:11:59,483 -       - BTCUSDT      | Size: 0.0004     | Entry: 86297.7   
2025-12-17 22:11:59,483 -       - XRPUSDT      | Size: 21         | Entry: 1.879     
2025-12-17 22:11:59,833 - 🔹 Strategy double_top_long_4H (4H): 32 symbols
2025-12-17 22:11:59,835 - 🔹 Strategy revers_long_4H     (4H): 32 symbols
2025-12-17 22:11:59,838 - 🔹 Strategy parity_long_4H     (4H): 32 symbols
2025-12-17 22:11:59,840 - 🔹 Strategy revers_short_4H    (4H): 32 symbols
2025-12-17 22:11:59,843 - 🔹 Strategy parity_short_4H    (4H): 32 symbols
2025-12-17 22:11:59,845 - 🔹 Strategy revers_long_1H     (1H):  6 symbols
2025-12-17 22:11:59,848 - 🔹 Strategy revers_short_1H    (1H):  6 symbols
2025-12-17 22:11:59,850 - 🔹 Strategy revers_long_6Hutc  (6Hutc): 15 symbols
2025-12-17 22:11:59,852 - 🔹 Strategy revers_short_6Hutc (6Hutc): 15 symbols
2025-12-17 22:11:59,855 - 🔹 Strategy parity_long_1H     (1H):  6 symbols
2025-12-17 22:11:59,857 - 🔹 Strategy parity_short_1H    (1H):  6 symbols
2025-12-17 22:11:59,857 - 
➡️ Detected timeframes: 6Hutc, 4H, 1H
2025-12-17 22:11:59,857 -    🔹 6Hutc: revers_long_6Hutc, revers_short_6Hutc
2025-12-17 22:11:59,857 -    🔹 4H: double_top_long_4H, revers_long_4H, parity_long_4H, revers_short_4H, parity_short_4H
2025-12-17 22:11:59,857 -    🔹 1H: revers_long_1H, revers_short_1H, parity_long_1H, parity_short_1H
2025-12-17 22:11:59,857 - 
✅ BOT Initialization completed

2025-12-17 22:11:59,871 - 
2025-12-17 22:11:59,872 - [1;94m========================================================================================================================[0m
2025-12-17 22:11:59,872 - [1;94m📈 STRATEGY ANALYSIS[0m
2025-12-17 22:11:59,872 - [1;94m========================================================================================================================[0m
2025-12-17 22:11:59,881 - [1;85mStrategy          [0m  [1;85mdate_fo   [0m  [1;85m Trades_num[0m  [1;85m Trades_pct[0m  [1;85mTotal_profit[0m  [1;85m Profit_pct[0m  [1;85mTP_pct[0m  [1;85mSL_pct[0m  [1;85mOOM_pct[0m  [1;85mAvg_days[0m
2025-12-17 22:11:59,881 - [0;94mdouble_top_long_4H[0m  2025-12-11            3        33.33  [1;91m       -4.53[0m        -1.36   33.33   66.67      0.0       4.0
2025-12-17 22:11:59,881 - [0;94mrevers_short_4H   [0m  2025-12-11           46        97.83  [1;92m       79.54[0m        23.83   97.83    2.17      0.0      2.27
2025-12-17 22:11:59,881 - [0;94mparity_short_4H   [0m  2025-12-11           27        92.59  [1;92m       40.06[0m         12.0   92.59    7.41      0.0      3.15
2025-12-17 22:11:59,881 - [0;94mrevers_short_1H   [0m  2025-12-11           21        80.95  [1;92m        8.68[0m          2.6   76.19    4.76      0.0      1.03
2025-12-17 22:11:59,881 - [0;94mrevers_long_1H    [0m  2025-12-11            6        33.33  [1;91m       -6.25[0m        -1.87   33.33     0.0      0.0      1.69
2025-12-17 22:11:59,881 - [0;94mrevers_short_6Hutc[0m  2025-12-12           10         80.0  [1;92m        7.17[0m         2.15    90.0    10.0      0.0      1.76
2025-12-17 22:11:59,882 - [0;94mparity_long_4H    [0m  2025-12-11            2          0.0  [1;91m       -7.41[0m        -2.22     0.0   100.0      0.0      4.65
2025-12-17 22:11:59,882 - [0;94mrevers_long_6Hutc [0m  2025-12-12            4          0.0  [1;91m      -10.62[0m        -3.18     0.0   100.0      0.0      3.47
2025-12-17 22:11:59,882 - [0;94mparity_long_1H    [0m  2025-12-16            3        100.0  [1;92m        1.87[0m         0.56   100.0     0.0      0.0       1.2
2025-12-17 22:11:59,882 - [0;94mparity_short_1H   [0m  2025-12-16            4        100.0  [1;92m        3.54[0m         1.06   100.0     0.0      0.0      1.31
2025-12-17 22:11:59,882 - [0;94mrevers_long_4H    [0m  2025-12-11            1          0.0  [1;91m       -3.35[0m         -1.0     0.0   100.0      0.0      6.05
2025-12-17 22:11:59,882 - 
2025-12-17 22:11:59,882 - [1;94m========================================================================================================================[0m
2025-12-17 22:11:59,882 - [1;94m📊 TOTAL SUMMARY[0m
2025-12-17 22:11:59,882 - [1;94m========================================================================================================================[0m
2025-12-17 22:11:59,882 - [0;94m📊 Trades_num   :[0m 127
2025-12-17 22:11:59,882 - [0;94m🕜 Avg_duration :[0m 2.3 days
2025-12-17 22:11:59,882 - [0;94m🎯 Trades_pct   :[0m 82.68 %
2025-12-17 22:11:59,882 - [0;94m📈 Profit_pct   :[0m 2.96 %
2025-12-17 22:11:59,882 - 💵 [1;94mTOTAL_profit :[0m [1;92m108.70 $[0m
2025-12-17 22:11:59,882 - [1;94m========================================================================================================================[0m
2025-12-17 22:11:59,882 - 
2025-12-17 22:11:59,882 - 
[1;94mInitializing WebSocket connections...[0m
2025-12-17 22:12:00,669 - 🔌 PRIVATE WebSocket connected (first time)
2025-12-17 22:12:00,883 - 📱 WebSocket status:
2025-12-17 22:12:00,883 -    - Public WS    : ⚠️  Not connected
2025-12-17 22:12:00,883 -    - Private WS   : ✅ Connected
2025-12-17 22:12:00,883 -    - Authenticated: ⚠️  No
2025-12-17 22:12:00,913 - 🔌 PUBLIC  WebSocket connected
2025-12-17 22:12:01,170 - 🛜 Subscribing to 5 private channels...
2025-12-17 22:12:01,170 - 🆗 orders
2025-12-17 22:12:01,170 - 🆗 fill
2025-12-17 22:12:01,170 - 🆗 positions
2025-12-17 22:12:01,170 - 🆗 account
2025-12-17 22:12:01,170 - 🆗 equity
2025-12-17 22:12:01,170 - ✅ WebSocket authentication successful
2025-12-17 22:12:01,383 - 📦 Pre-loading contract info for 33 symbols via API...
2025-12-17 22:12:13,687 - [0;36m✅ Pre-loaded 33/33 contracts[0m
2025-12-17 22:12:13,687 - 
2025-12-17 22:12:13,688 - ⏰ Next candle for 6Hutc : 2025-12-18 00:00:45 UTC
2025-12-17 22:12:13,688 - ⏰ Next candle for 4H    : 2025-12-18 00:00:45 UTC
2025-12-17 22:12:13,688 - ⏰ Next candle for 1H    : 2025-12-17 22:00:45 UTC
2025-12-17 22:13:27,449 - 
🔚 Interrupted by user.
2025-12-17 22:13:27,453 - ⛔ BOT Stopped
2025-12-17 22:13:30,986 - [1;94m========================================================================================================================[0m
2025-12-17 22:13:30,986 - [1;94m🤖 === STARTING MULTI-STRATEGY BOT OPERATING IN ACCOUNT: 01 🤖 ===[0m
2025-12-17 22:13:30,986 - [1;94m========================================================================================================================[0m
2025-12-17 22:13:30,986 - ✅  State loaded: 25 positions recovered
2025-12-17 22:13:30,986 -    ➡️  revers_short_1H: 6 positions | Candles: 2
2025-12-17 22:13:30,986 -       - BNBUSDT      | Size: 0.04       | Entry: 837.42    
2025-12-17 22:13:30,986 -       - BTCUSDT      | Size: 0.0004     | Entry: 85774.3   
2025-12-17 22:13:30,986 -       - DOGEUSDT     | Size: 318        | Entry: 0.1255    
2025-12-17 22:13:30,986 -       - ETHUSDT      | Size: 0.01       | Entry: 2810.52   
2025-12-17 22:13:30,986 -       - SOLUSDT      | Size: 0.3        | Entry: 122.031   
2025-12-17 22:13:30,986 -       - XRPUSDT      | Size: 21         | Entry: 1.8582    
2025-12-17 22:13:30,986 -    ➡️  revers_long_4H: 1 positions | Candles: 37
2025-12-17 22:13:30,986 -       - BGBUSDT      | Size: 11         | Entry: 3.6       
2025-12-17 22:13:30,986 -    ➡️  parity_long_4H: 1 positions | Candles: 37
2025-12-17 22:13:30,986 -       - BGBUSDT      | Size: 11         | Entry: 3.6       
2025-12-17 22:13:30,986 -    ➡️  revers_short_4H: 3 positions | Candles: 8
2025-12-17 22:13:30,986 -       - LTCUSDT      | Size: 0.5        | Entry: 78.96     
2025-12-17 22:13:30,986 -       - NEARUSDT     | Size: 25         | Entry: 1.5431    
2025-12-17 22:13:30,986 -       - XRPUSDT      | Size: 20         | Entry: 1.9235    
2025-12-17 22:13:30,986 -    ➡️  parity_short_4H: 2 positions | Candles: 37
2025-12-17 22:13:30,986 -       - BNBUSDT      | Size: 0.04       | Entry: 863.8     
2025-12-17 22:13:30,986 -       - BTCUSDT      | Size: 0.0004     | Entry: 89709     
2025-12-17 22:13:30,986 -    ➡️  double_top_long_4H: 1 positions | Candles: 36
2025-12-17 22:13:30,986 -       - BNBUSDT      | Size: 0.04       | Entry: 876.15    
2025-12-17 22:13:30,986 -    ➡️  revers_short_6Hutc: 7 positions | Candles: 8
2025-12-17 22:13:30,986 -       - BNBUSDT      | Size: 0.04       | Entry: 843.99    
2025-12-17 22:13:30,986 -       - BTCUSDT      | Size: 0.0004     | Entry: 85702     
2025-12-17 22:13:30,986 -       - DOGEUSDT     | Size: 312        | Entry: 0.12786   
2025-12-17 22:13:30,986 -       - HBARUSDT     | Size: 356        | Entry: 0.11234   
2025-12-17 22:13:30,986 -       - LINKUSDT     | Size: 3          | Entry: 12.585    
2025-12-17 22:13:30,986 -       - SOLUSDT      | Size: 0.3        | Entry: 124.987   
2025-12-17 22:13:30,986 -       - XRPUSDT      | Size: 21         | Entry: 1.8909    
2025-12-17 22:13:30,986 -    ➡️  revers_long_6Hutc: 2 positions | Candles: 22
2025-12-17 22:13:30,986 -       - BNBUSDT      | Size: 0.03       | Entry: 891.18    
2025-12-17 22:13:30,986 -       - BTCUSDT      | Size: 0.0003     | Entry: 92367.4   
2025-12-17 22:13:30,986 -    ➡️  parity_short_1H: 2 positions | Candles: 34
2025-12-17 22:13:30,986 -       - BTCUSDT      | Size: 0.0004     | Entry: 86297.7   
2025-12-17 22:13:30,987 -       - XRPUSDT      | Size: 21         | Entry: 1.879     
2025-12-17 22:13:31,355 - 🔹 Strategy double_top_long_4H (4H): 32 symbols
2025-12-17 22:13:31,358 - 🔹 Strategy revers_long_4H     (4H): 32 symbols
2025-12-17 22:13:31,360 - 🔹 Strategy parity_long_4H     (4H): 32 symbols
2025-12-17 22:13:31,363 - 🔹 Strategy revers_short_4H    (4H): 32 symbols
2025-12-17 22:13:31,366 - 🔹 Strategy parity_short_4H    (4H): 32 symbols
2025-12-17 22:13:31,368 - 🔹 Strategy revers_long_1H     (1H):  6 symbols
2025-12-17 22:13:31,371 - 🔹 Strategy revers_short_1H    (1H):  6 symbols
2025-12-17 22:13:31,373 - 🔹 Strategy revers_long_6Hutc  (6Hutc): 15 symbols
2025-12-17 22:13:31,375 - 🔹 Strategy revers_short_6Hutc (6Hutc): 15 symbols
2025-12-17 22:13:31,378 - 🔹 Strategy parity_long_1H     (1H):  6 symbols
2025-12-17 22:13:31,380 - 🔹 Strategy parity_short_1H    (1H):  6 symbols
2025-12-17 22:13:31,380 - 
➡️ Detected timeframes: 4H, 6Hutc, 1H
2025-12-17 22:13:31,380 -    🔹 4H: double_top_long_4H, revers_long_4H, parity_long_4H, revers_short_4H, parity_short_4H
2025-12-17 22:13:31,380 -    🔹 6Hutc: revers_long_6Hutc, revers_short_6Hutc
2025-12-17 22:13:31,380 -    🔹 1H: revers_long_1H, revers_short_1H, parity_long_1H, parity_short_1H
2025-12-17 22:13:31,380 - 
✅ BOT Initialization completed

2025-12-17 22:13:31,395 - 
2025-12-17 22:13:31,395 - [1;94m========================================================================================================================[0m
2025-12-17 22:13:31,395 - [1;94m📈 STRATEGY ANALYSIS[0m
2025-12-17 22:13:31,395 - [1;94m========================================================================================================================[0m
2025-12-17 22:13:31,405 - [1;85mStrategy          [0m  [1;85mdate_fo   [0m  [1;85m Trades_num[0m  [1;85m Trades_pct[0m  [1;85mTotal_profit[0m  [1;85m Profit_pct[0m  [1;85mTP_pct[0m  [1;85mSL_pct[0m  [1;85mOOM_pct[0m  [1;85mAvg_days[0m
2025-12-17 22:13:31,405 - [0;94mdouble_top_long_4H[0m  2025-12-11            3        33.33  [1;91m       -4.53[0m        -1.36   33.33   66.67      0.0       4.0
2025-12-17 22:13:31,405 - [0;94mrevers_short_4H   [0m  2025-12-11           46        97.83  [1;92m       79.54[0m        23.83   97.83    2.17      0.0      2.27
2025-12-17 22:13:31,405 - [0;94mparity_short_4H   [0m  2025-12-11           27        92.59  [1;92m       40.06[0m         12.0   92.59    7.41      0.0      3.15
2025-12-17 22:13:31,405 - [0;94mrevers_short_1H   [0m  2025-12-11           21        80.95  [1;92m        8.68[0m          2.6   76.19    4.76      0.0      1.03
2025-12-17 22:13:31,405 - [0;94mrevers_long_1H    [0m  2025-12-11            6        33.33  [1;91m       -6.25[0m        -1.87   33.33     0.0      0.0      1.69
2025-12-17 22:13:31,405 - [0;94mrevers_short_6Hutc[0m  2025-12-12           10         80.0  [1;92m        7.17[0m         2.15    90.0    10.0      0.0      1.76
2025-12-17 22:13:31,405 - [0;94mparity_long_4H    [0m  2025-12-11            2          0.0  [1;91m       -7.41[0m        -2.22     0.0   100.0      0.0      4.65
2025-12-17 22:13:31,405 - [0;94mrevers_long_6Hutc [0m  2025-12-12            4          0.0  [1;91m      -10.62[0m        -3.18     0.0   100.0      0.0      3.47
2025-12-17 22:13:31,406 - [0;94mparity_long_1H    [0m  2025-12-16            3        100.0  [1;92m        1.87[0m         0.56   100.0     0.0      0.0       1.2
2025-12-17 22:13:31,406 - [0;94mparity_short_1H   [0m  2025-12-16            4        100.0  [1;92m        3.54[0m         1.06   100.0     0.0      0.0      1.31
2025-12-17 22:13:31,406 - [0;94mrevers_long_4H    [0m  2025-12-11            1          0.0  [1;91m       -3.35[0m         -1.0     0.0   100.0      0.0      6.05
2025-12-17 22:13:31,406 - 
2025-12-17 22:13:31,406 - [1;94m========================================================================================================================[0m
2025-12-17 22:13:31,406 - [1;94m📊 TOTAL SUMMARY[0m
2025-12-17 22:13:31,406 - [1;94m========================================================================================================================[0m
2025-12-17 22:13:31,406 - [0;94m📊 Trades_num   :[0m 127
2025-12-17 22:13:31,406 - [0;94m🕜 Avg_duration :[0m 2.3 days
2025-12-17 22:13:31,406 - [0;94m🎯 Trades_pct   :[0m 82.68 %
2025-12-17 22:13:31,406 - [0;94m📈 Profit_pct   :[0m 2.96 %
2025-12-17 22:13:31,406 - 💵 [1;94mTOTAL_profit :[0m [1;92m108.70 $[0m
2025-12-17 22:13:31,406 - [1;94m========================================================================================================================[0m
2025-12-17 22:13:31,406 - 
2025-12-17 22:13:31,406 - 
[1;94mInitializing WebSocket connections...[0m
2025-12-17 22:13:32,407 - 📱 WebSocket status:
2025-12-17 22:13:32,408 -    - Public WS    : ⚠️  Not connected
2025-12-17 22:13:32,408 -    - Private WS   : ✅ Connected
2025-12-17 22:13:32,408 -    - Authenticated: ⚠️  No
2025-12-17 22:13:32,408 - 🔌 PRIVATE WebSocket connected (first time)
2025-12-17 22:13:32,430 - 🔌 PUBLIC  WebSocket connected
2025-12-17 22:13:32,908 - 🛜 Subscribing to 5 private channels...
2025-12-17 22:13:32,908 - 🆗 orders
2025-12-17 22:13:32,908 - 🆗 fill
2025-12-17 22:13:32,908 - 🆗 positions
2025-12-17 22:13:32,908 - 🆗 account
2025-12-17 22:13:32,909 - 🆗 equity
2025-12-17 22:13:32,909 - ✅ WebSocket authentication successful
2025-12-17 22:13:33,408 - 📦 Pre-loading contract info for 33 symbols via API...
2025-12-17 22:13:45,781 - [0;36m✅ Pre-loaded 33/33 contracts[0m
2025-12-17 22:13:45,781 - 
2025-12-17 22:13:45,781 - ⏰ Next candle for 4H    : 2025-12-18 00:00:45 UTC
2025-12-17 22:13:45,781 - ⏰ Next candle for 6Hutc : 2025-12-18 00:00:45 UTC
2025-12-17 22:13:45,781 - ⏰ Next candle for 1H    : 2025-12-17 22:00:45 UTC
2025-12-17 22:14:32,666 - 
🔚 Interrupted by user.
2025-12-17 22:14:32,684 - ⛔ BOT Stopped
2025-12-17 22:14:38,223 - [1;94m========================================================================================================================[0m
2025-12-17 22:14:38,223 - [1;94m🤖 === STARTING MULTI-STRATEGY BOT OPERATING IN ACCOUNT: 01 🤖 ===[0m
2025-12-17 22:14:38,223 - [1;94m========================================================================================================================[0m
2025-12-17 22:14:38,223 - ✅  State loaded: 25 positions recovered
2025-12-17 22:14:38,223 -    ➡️  revers_short_1H: 6 positions | Candles: 2
2025-12-17 22:14:38,224 -       - BNBUSDT      | Size: 0.04       | Entry: 837.42    
2025-12-17 22:14:38,224 -       - BTCUSDT      | Size: 0.0004     | Entry: 85774.3   
2025-12-17 22:14:38,224 -       - DOGEUSDT     | Size: 318        | Entry: 0.1255    
2025-12-17 22:14:38,224 -       - ETHUSDT      | Size: 0.01       | Entry: 2810.52   
2025-12-17 22:14:38,224 -       - SOLUSDT      | Size: 0.3        | Entry: 122.031   
2025-12-17 22:14:38,224 -       - XRPUSDT      | Size: 21         | Entry: 1.8582    
2025-12-17 22:14:38,224 -    ➡️  revers_long_4H: 1 positions | Candles: 37
2025-12-17 22:14:38,224 -       - BGBUSDT      | Size: 11         | Entry: 3.6       
2025-12-17 22:14:38,224 -    ➡️  parity_long_4H: 1 positions | Candles: 37
2025-12-17 22:14:38,224 -       - BGBUSDT      | Size: 11         | Entry: 3.6       
2025-12-17 22:14:38,224 -    ➡️  revers_short_4H: 3 positions | Candles: 8
2025-12-17 22:14:38,224 -       - LTCUSDT      | Size: 0.5        | Entry: 78.96     
2025-12-17 22:14:38,224 -       - NEARUSDT     | Size: 25         | Entry: 1.5431    
2025-12-17 22:14:38,224 -       - XRPUSDT      | Size: 20         | Entry: 1.9235    
2025-12-17 22:14:38,224 -    ➡️  parity_short_4H: 2 positions | Candles: 37
2025-12-17 22:14:38,224 -       - BNBUSDT      | Size: 0.04       | Entry: 863.8     
2025-12-17 22:14:38,224 -       - BTCUSDT      | Size: 0.0004     | Entry: 89709     
2025-12-17 22:14:38,224 -    ➡️  double_top_long_4H: 1 positions | Candles: 36
2025-12-17 22:14:38,224 -       - BNBUSDT      | Size: 0.04       | Entry: 876.15    
2025-12-17 22:14:38,224 -    ➡️  revers_short_6Hutc: 7 positions | Candles: 8
2025-12-17 22:14:38,224 -       - BNBUSDT      | Size: 0.04       | Entry: 843.99    
2025-12-17 22:14:38,224 -       - BTCUSDT      | Size: 0.0004     | Entry: 85702     
2025-12-17 22:14:38,224 -       - DOGEUSDT     | Size: 312        | Entry: 0.12786   
2025-12-17 22:14:38,224 -       - HBARUSDT     | Size: 356        | Entry: 0.11234   
2025-12-17 22:14:38,224 -       - LINKUSDT     | Size: 3          | Entry: 12.585    
2025-12-17 22:14:38,224 -       - SOLUSDT      | Size: 0.3        | Entry: 124.987   
2025-12-17 22:14:38,224 -       - XRPUSDT      | Size: 21         | Entry: 1.8909    
2025-12-17 22:14:38,224 -    ➡️  revers_long_6Hutc: 2 positions | Candles: 22
2025-12-17 22:14:38,224 -       - BNBUSDT      | Size: 0.03       | Entry: 891.18    
2025-12-17 22:14:38,224 -       - BTCUSDT      | Size: 0.0003     | Entry: 92367.4   
2025-12-17 22:14:38,224 -    ➡️  parity_short_1H: 2 positions | Candles: 34
2025-12-17 22:14:38,224 -       - BTCUSDT      | Size: 0.0004     | Entry: 86297.7   
2025-12-17 22:14:38,224 -       - XRPUSDT      | Size: 21         | Entry: 1.879     
2025-12-17 22:14:38,632 - 🔹 Strategy double_top_long_4H (4H): 32 symbols
2025-12-17 22:14:38,635 - 🔹 Strategy revers_long_4H     (4H): 32 symbols
2025-12-17 22:14:38,637 - 🔹 Strategy parity_long_4H     (4H): 32 symbols
2025-12-17 22:14:38,640 - 🔹 Strategy revers_short_4H    (4H): 32 symbols
2025-12-17 22:14:38,643 - 🔹 Strategy parity_short_4H    (4H): 32 symbols
2025-12-17 22:14:38,645 - 🔹 Strategy revers_long_1H     (1H):  6 symbols
2025-12-17 22:14:38,647 - 🔹 Strategy revers_short_1H    (1H):  6 symbols
2025-12-17 22:14:38,650 - 🔹 Strategy revers_long_6Hutc  (6Hutc): 15 symbols
2025-12-17 22:14:38,652 - 🔹 Strategy revers_short_6Hutc (6Hutc): 15 symbols
2025-12-17 22:14:38,654 - 🔹 Strategy parity_long_1H     (1H):  6 symbols
2025-12-17 22:14:38,657 - 🔹 Strategy parity_short_1H    (1H):  6 symbols
2025-12-17 22:14:38,657 - 
➡️ Detected timeframes: 6Hutc, 4H, 1H
2025-12-17 22:14:38,657 -    🔹 6Hutc: revers_long_6Hutc, revers_short_6Hutc
2025-12-17 22:14:38,657 -    🔹 4H: double_top_long_4H, revers_long_4H, parity_long_4H, revers_short_4H, parity_short_4H
2025-12-17 22:14:38,657 -    🔹 1H: revers_long_1H, revers_short_1H, parity_long_1H, parity_short_1H
2025-12-17 22:14:38,657 - 
✅ BOT Initialization completed

2025-12-17 22:14:38,671 - 
2025-12-17 22:14:38,672 - [1;94m========================================================================================================================[0m
2025-12-17 22:14:38,672 - [1;94m📈 STRATEGY ANALYSIS[0m
2025-12-17 22:14:38,672 - [1;94m========================================================================================================================[0m
2025-12-17 22:14:38,681 - [1;85mStrategy          [0m  [1;85mdate_fo   [0m  [1;85m Trades_num[0m  [1;85m Trades_pct[0m  [1;85mTotal_profit[0m  [1;85m Profit_pct[0m  [1;85mTP_pct[0m  [1;85mSL_pct[0m  [1;85mOOM_pct[0m  [1;85mAvg_days[0m
2025-12-17 22:14:38,681 - [0;94mdouble_top_long_4H[0m  2025-12-11            3        33.33  [1;91m       -4.53[0m        -1.36   33.33   66.67      0.0       4.0
2025-12-17 22:14:38,681 - [0;94mrevers_short_4H   [0m  2025-12-11           46        97.83  [1;92m       79.54[0m        23.83   97.83    2.17      0.0      2.27
2025-12-17 22:14:38,681 - [0;94mparity_short_4H   [0m  2025-12-11           27        92.59  [1;92m       40.06[0m         12.0   92.59    7.41      0.0      3.15
2025-12-17 22:14:38,681 - [0;94mrevers_short_1H   [0m  2025-12-11           21        80.95  [1;92m        8.68[0m          2.6   76.19    4.76      0.0      1.03
2025-12-17 22:14:38,681 - [0;94mrevers_long_1H    [0m  2025-12-11            6        33.33  [1;91m       -6.25[0m        -1.87   33.33     0.0      0.0      1.69
2025-12-17 22:14:38,682 - [0;94mrevers_short_6Hutc[0m  2025-12-12           10         80.0  [1;92m        7.17[0m         2.15    90.0    10.0      0.0      1.76
2025-12-17 22:14:38,682 - [0;94mparity_long_4H    [0m  2025-12-11            2          0.0  [1;91m       -7.41[0m        -2.22     0.0   100.0      0.0      4.65
2025-12-17 22:14:38,682 - [0;94mrevers_long_6Hutc [0m  2025-12-12            4          0.0  [1;91m      -10.62[0m        -3.18     0.0   100.0      0.0      3.47
2025-12-17 22:14:38,682 - [0;94mparity_long_1H    [0m  2025-12-16            3        100.0  [1;92m        1.87[0m         0.56   100.0     0.0      0.0       1.2
2025-12-17 22:14:38,682 - [0;94mparity_short_1H   [0m  2025-12-16            4        100.0  [1;92m        3.54[0m         1.06   100.0     0.0      0.0      1.31
2025-12-17 22:14:38,682 - [0;94mrevers_long_4H    [0m  2025-12-11            1          0.0  [1;91m       -3.35[0m         -1.0     0.0   100.0      0.0      6.05
2025-12-17 22:14:38,682 - 
2025-12-17 22:14:38,682 - [1;94m========================================================================================================================[0m
2025-12-17 22:14:38,682 - [1;94m📊 TOTAL SUMMARY[0m
2025-12-17 22:14:38,682 - [1;94m========================================================================================================================[0m
2025-12-17 22:14:38,682 - [0;94m📊 Trades_num   :[0m 127
2025-12-17 22:14:38,682 - [0;94m🕜 Avg_duration :[0m 2.3 days
2025-12-17 22:14:38,682 - [0;94m🎯 Trades_pct   :[0m 82.68 %
2025-12-17 22:14:38,682 - [0;94m📈 Profit_pct   :[0m 2.96 %
2025-12-17 22:14:38,682 - 💵 [1;94mTOTAL_profit :[0m [1;92m108.70 $[0m
2025-12-17 22:14:38,682 - [1;94m========================================================================================================================[0m
2025-12-17 22:14:38,682 - 
2025-12-17 22:14:38,682 - 
[1;94mInitializing WebSocket connections...[0m
2025-12-17 22:14:39,683 - 📱 WebSocket status:
2025-12-17 22:14:39,683 -    - Public WS    : ⚠️  Not connected
2025-12-17 22:14:39,683 -    - Private WS   : ⚠️  Not connected
2025-12-17 22:14:39,683 -    - Authenticated: ⚠️  No
2025-12-17 22:14:39,694 - 🔌 PRIVATE WebSocket connected (first time)
2025-12-17 22:14:39,709 - 🔌 PUBLIC  WebSocket connected
2025-12-17 22:14:40,194 - 🛜 Subscribing to 5 private channels...
2025-12-17 22:14:40,194 - 🆗 orders
2025-12-17 22:14:40,194 - 🆗 fill
2025-12-17 22:14:40,194 - 🆗 positions
2025-12-17 22:14:40,194 - 🆗 account
2025-12-17 22:14:40,194 - 🆗 equity
2025-12-17 22:14:40,194 - ✅ WebSocket authentication successful
2025-12-17 22:14:40,683 - 📦 Pre-loading contract info for 33 symbols via API...
2025-12-17 22:14:52,598 - [0;36m✅ Pre-loaded 33/33 contracts[0m
2025-12-17 22:14:52,600 - 
2025-12-17 22:14:52,600 - ⏰ Next candle for 6Hutc : 2025-12-18 00:00:45 UTC
2025-12-17 22:14:52,600 - ⏰ Next candle for 4H    : 2025-12-18 00:00:45 UTC
2025-12-17 22:14:52,600 - ⏰ Next candle for 1H    : 2025-12-17 22:00:45 UTC
2025-12-17 22:48:58,745 - ⚠️ No price for BNBUSDT: No fresh price data for BNBUSDT
2025-12-17 23:00:45,017 - 
========================================================================================================================
2025-12-17 23:00:45,021 - 🔀 New candle(s) detected 2025-12-17 22:00:45 UTC
2025-12-17 23:00:45,024 - 🔹 Timeframes: 1H
2025-12-17 23:00:45,027 - 🌐 Syncronizing positions in broker...
2025-12-17 23:00:45,232 - ✅ Sync completed: All positions exist in broker
2025-12-17 23:00:45,235 - 📡 Signal search - 2025-12-17 22:00:45
2025-12-17 23:00:45,237 - ------------------------------------------------------------------------------------------------------------------------
2025-12-17 23:00:45,241 - ➡️  revers_short_1H    (1H): 3/50 candles
2025-12-17 23:00:45,244 - ➡️  parity_short_1H    (1H): 35/50 candles
2025-12-17 23:00:45,250 - 
🔄 Processing strategy: revers_long_1H
2025-12-17 23:00:47,102 - 💫 Signals detected for revers_long_1H: 0
2025-12-17 23:00:47,105 - 🚫 revers_short_1H    (1H): 6 open positions
2025-12-17 23:00:47,111 - 
🔄 Processing strategy: parity_long_1H
2025-12-17 23:00:49,155 - 💫 Signals detected for parity_long_1H: 0
2025-12-17 23:00:49,158 - 🚫 parity_short_1H    (1H): 2 open positions
2025-12-17 23:00:49,161 - 🔂 Signal cycle completed
2025-12-17 23:00:49,167 - ========================================================================================================================

2025-12-17 23:00:49,170 - ⏰ Next candle for 1H: 2025-12-17 23:00:45 UTC
2025-12-18 00:00:45,026 - 
========================================================================================================================
2025-12-18 00:00:45,029 - 🔀 New candle(s) detected 2025-12-17 23:00:45 UTC
2025-12-18 00:00:45,031 - 🔹 Timeframes: 1H
2025-12-18 00:00:45,034 - 🌐 Syncronizing positions in broker...
2025-12-18 00:00:45,241 - ✅ Sync completed: All positions exist in broker
2025-12-18 00:00:45,245 - 📡 Signal search - 2025-12-17 23:00:45
2025-12-18 00:00:45,251 - ------------------------------------------------------------------------------------------------------------------------
2025-12-18 00:00:45,255 - ➡️  revers_short_1H    (1H): 4/50 candles
2025-12-18 00:00:45,259 - ➡️  parity_short_1H    (1H): 36/50 candles
2025-12-18 00:00:45,265 - 
🔄 Processing strategy: revers_long_1H
2025-12-18 00:00:47,157 - 💫 Signals detected for revers_long_1H: 0
2025-12-18 00:00:47,160 - 🚫 revers_short_1H    (1H): 6 open positions
2025-12-18 00:00:47,166 - 
🔄 Processing strategy: parity_long_1H
2025-12-18 00:00:49,017 - 💫 Signals detected for parity_long_1H: 0
2025-12-18 00:00:49,020 - 🚫 parity_short_1H    (1H): 2 open positions
2025-12-18 00:00:49,023 - 🔂 Signal cycle completed
2025-12-18 00:00:49,028 - ========================================================================================================================

2025-12-18 00:00:49,031 - ⏰ Next candle for 1H: 2025-12-18 00:00:45 UTC
2025-12-18 01:00:45,048 - 
========================================================================================================================
2025-12-18 01:00:45,051 - 🔀 New candle(s) detected 2025-12-18 00:00:45 UTC
2025-12-18 01:00:45,054 - 🔹 Timeframes: 6Hutc, 4H, 1H
2025-12-18 01:00:45,056 - 🌐 Syncronizing positions in broker...
2025-12-18 01:00:45,261 - ✅ Sync completed: All positions exist in broker
2025-12-18 01:00:45,264 - 📡 Signal search - 2025-12-18 00:00:45
2025-12-18 01:00:45,268 - ------------------------------------------------------------------------------------------------------------------------
2025-12-18 01:00:45,272 - ➡️  revers_long_6Hutc  (6Hutc): 23/50 candles
2025-12-18 01:00:45,275 - ➡️  revers_short_6Hutc (6Hutc): 9/50 candles
2025-12-18 01:00:45,279 - ➡️  double_top_long_4H (4H): 37/50 candles
2025-12-18 01:00:45,283 - ➡️  revers_long_4H     (4H): 38/50 candles
2025-12-18 01:00:45,286 - ➡️  parity_long_4H     (4H): 38/50 candles
2025-12-18 01:00:45,290 - ➡️  revers_short_4H    (4H): 9/50 candles
2025-12-18 01:00:45,293 - ➡️  parity_short_4H    (4H): 38/50 candles
2025-12-18 01:00:45,297 - ➡️  revers_short_1H    (1H): 5/50 candles
2025-12-18 01:00:45,300 - ➡️  parity_short_1H    (1H): 37/50 candles
2025-12-18 01:00:45,303 - 🚫 revers_long_6Hutc  (6Hutc): 2 open positions
2025-12-18 01:00:45,306 - 🚫 revers_short_6Hutc (6Hutc): 7 open positions
2025-12-18 01:00:45,309 - 🚫 double_top_long_4H (4H): 1 open positions
2025-12-18 01:00:45,312 - 🚫 revers_long_4H     (4H): 1 open positions
2025-12-18 01:00:45,315 - 🚫 parity_long_4H     (4H): 1 open positions
2025-12-18 01:00:45,318 - 🚫 revers_short_4H    (4H): 3 open positions
2025-12-18 01:00:45,321 - 🚫 parity_short_4H    (4H): 2 open positions
2025-12-18 01:00:45,327 - 
🔄 Processing strategy: revers_long_1H
2025-12-18 01:00:47,252 - 💫 Signals detected for revers_long_1H: 0
2025-12-18 01:00:47,255 - 🚫 revers_short_1H    (1H): 6 open positions
2025-12-18 01:00:47,261 - 
🔄 Processing strategy: parity_long_1H
2025-12-18 01:00:49,104 - 💫 Signals detected for parity_long_1H: 0
2025-12-18 01:00:49,107 - 🚫 parity_short_1H    (1H): 2 open positions
2025-12-18 01:00:49,110 - 🔂 Signal cycle completed
2025-12-18 01:00:49,116 - ========================================================================================================================

2025-12-18 01:00:49,119 - ⏰ Next candle for 6Hutc: 2025-12-18 06:00:45 UTC
2025-12-18 01:00:49,122 - ⏰ Next candle for 4H: 2025-12-18 04:00:45 UTC
2025-12-18 01:00:49,125 - ⏰ Next candle for 1H: 2025-12-18 01:00:45 UTC
2025-12-18 02:00:45,036 - 
========================================================================================================================
2025-12-18 02:00:45,039 - 🔀 New candle(s) detected 2025-12-18 01:00:45 UTC
2025-12-18 02:00:45,042 - 🔹 Timeframes: 1H
2025-12-18 02:00:45,045 - 🌐 Syncronizing positions in broker...
2025-12-18 02:00:45,248 - ✅ Sync completed: All positions exist in broker
2025-12-18 02:00:45,251 - 📡 Signal search - 2025-12-18 01:00:45
2025-12-18 02:00:45,254 - ------------------------------------------------------------------------------------------------------------------------
2025-12-18 02:00:45,257 - ➡️  revers_short_1H    (1H): 6/50 candles
2025-12-18 02:00:45,261 - ➡️  parity_short_1H    (1H): 38/50 candles
2025-12-18 02:00:45,266 - 
🔄 Processing strategy: revers_long_1H
2025-12-18 02:00:47,371 - 💫 Signals detected for revers_long_1H: 0
2025-12-18 02:00:47,374 - 🚫 revers_short_1H    (1H): 6 open positions
2025-12-18 02:00:47,380 - 
🔄 Processing strategy: parity_long_1H
2025-12-18 02:00:49,187 - 💫 Signals detected for parity_long_1H: 0
2025-12-18 02:00:49,190 - 🚫 parity_short_1H    (1H): 2 open positions
2025-12-18 02:00:49,193 - 🔂 Signal cycle completed
2025-12-18 02:00:49,198 - ========================================================================================================================

2025-12-18 02:00:49,201 - ⏰ Next candle for 1H: 2025-12-18 02:00:45 UTC
2025-12-18 02:52:35,410 - 
💲 TP REACHED for NEARUSDT (revers_short_4H) at 02:52
2025-12-18 02:52:35,413 - →  Closing short position on NEARUSDT:
2025-12-18 02:52:35,802 - ✅ Position closed due to TP: NEARUSDT | Size: 25
2025-12-18 02:52:35,895 - 📋 Trade logged: NEARUSDT | Profit: 1.89 USDT (+4.72%) | Duration: 1.6190 days
2025-12-18 02:52:35,912 - 
2025-12-18 02:52:35,915 - [1;94m========================================================================================================================[0m
2025-12-18 02:52:35,917 - [1;94m📈 STRATEGY ANALYSIS[0m
2025-12-18 02:52:35,920 - [1;94m========================================================================================================================[0m
2025-12-18 02:52:35,932 - [1;85mStrategy          [0m  [1;85mdate_fo   [0m  [1;85m Trades_num[0m  [1;85m Trades_pct[0m  [1;85mTotal_profit[0m  [1;85m Profit_pct[0m  [1;85mTP_pct[0m  [1;85mSL_pct[0m  [1;85mOOM_pct[0m  [1;85mAvg_days[0m
2025-12-18 02:52:35,935 - [0;94mdouble_top_long_4H[0m  2025-12-11            3        33.33  [1;91m       -4.53[0m        -1.36   33.33   66.67      0.0       4.0
2025-12-18 02:52:35,938 - [0;94mrevers_short_4H   [0m  2025-12-11           47        97.87  [1;92m       81.43[0m         24.4   97.87    2.13      0.0      2.25
2025-12-18 02:52:35,942 - [0;94mparity_short_4H   [0m  2025-12-11           27        92.59  [1;92m       40.06[0m         12.0   92.59    7.41      0.0      3.15
2025-12-18 02:52:35,945 - [0;94mrevers_short_1H   [0m  2025-12-11           21        80.95  [1;92m        8.68[0m          2.6   76.19    4.76      0.0      1.03
2025-12-18 02:52:35,948 - [0;94mrevers_long_1H    [0m  2025-12-11            6        33.33  [1;91m       -6.25[0m        -1.87   33.33     0.0      0.0      1.69
2025-12-18 02:52:35,951 - [0;94mrevers_short_6Hutc[0m  2025-12-12           10         80.0  [1;92m        7.17[0m         2.15    90.0    10.0      0.0      1.76
2025-12-18 02:52:35,954 - [0;94mparity_long_4H    [0m  2025-12-11            2          0.0  [1;91m       -7.41[0m        -2.22     0.0   100.0      0.0      4.65
2025-12-18 02:52:35,957 - [0;94mrevers_long_6Hutc [0m  2025-12-12            4          0.0  [1;91m      -10.62[0m        -3.18     0.0   100.0      0.0      3.47
2025-12-18 02:52:35,960 - [0;94mparity_long_1H    [0m  2025-12-16            3        100.0  [1;92m        1.87[0m         0.56   100.0     0.0      0.0       1.2
2025-12-18 02:52:35,963 - [0;94mparity_short_1H   [0m  2025-12-16            4        100.0  [1;92m        3.54[0m         1.06   100.0     0.0      0.0      1.31
2025-12-18 02:52:35,966 - [0;94mrevers_long_4H    [0m  2025-12-11            1          0.0  [1;91m       -3.35[0m         -1.0     0.0   100.0      0.0      6.05
2025-12-18 02:52:35,969 - 
2025-12-18 02:52:35,972 - [1;94m========================================================================================================================[0m
2025-12-18 02:52:35,975 - [1;94m📊 TOTAL SUMMARY[0m
2025-12-18 02:52:35,978 - [1;94m========================================================================================================================[0m
2025-12-18 02:52:35,981 - [0;94m📊 Trades_num   :[0m 128
2025-12-18 02:52:35,984 - [0;94m🕜 Avg_duration :[0m 2.3 days
2025-12-18 02:52:35,987 - [0;94m🎯 Trades_pct   :[0m 82.81 %
2025-12-18 02:52:35,990 - [0;94m📈 Profit_pct   :[0m 3.01 %
2025-12-18 02:52:35,993 - 💵 [1;94mTOTAL_profit :[0m [1;92m110.59 $[0m
2025-12-18 02:52:35,996 - [1;94m========================================================================================================================[0m
2025-12-18 02:52:35,999 - 
2025-12-18 03:00:45,018 - 
========================================================================================================================
2025-12-18 03:00:45,021 - 🔀 New candle(s) detected 2025-12-18 02:00:45 UTC
2025-12-18 03:00:45,024 - 🔹 Timeframes: 1H
2025-12-18 03:00:45,026 - 🌐 Syncronizing positions in broker...
2025-12-18 03:00:45,230 - ✅ Sync completed: All positions exist in broker
2025-12-18 03:00:45,232 - 📡 Signal search - 2025-12-18 02:00:45
2025-12-18 03:00:45,235 - ------------------------------------------------------------------------------------------------------------------------
2025-12-18 03:00:45,239 - ➡️  revers_short_1H    (1H): 7/50 candles
2025-12-18 03:00:45,242 - ➡️  parity_short_1H    (1H): 39/50 candles
2025-12-18 03:00:45,248 - 
🔄 Processing strategy: revers_long_1H
2025-12-18 03:00:47,075 - 💫 Signals detected for revers_long_1H: 0
2025-12-18 03:00:47,078 - 🚫 revers_short_1H    (1H): 6 open positions
2025-12-18 03:00:47,084 - 
🔄 Processing strategy: parity_long_1H
2025-12-18 03:00:48,932 - 💫 Signals detected for parity_long_1H: 0
2025-12-18 03:00:48,935 - 🚫 parity_short_1H    (1H): 2 open positions
2025-12-18 03:00:48,938 - 🔂 Signal cycle completed
2025-12-18 03:00:48,944 - ========================================================================================================================

2025-12-18 03:00:48,947 - ⏰ Next candle for 1H: 2025-12-18 03:00:45 UTC
2025-12-18 04:00:45,051 - 
========================================================================================================================
2025-12-18 04:00:45,054 - 🔀 New candle(s) detected 2025-12-18 03:00:45 UTC
2025-12-18 04:00:45,058 - 🔹 Timeframes: 1H
2025-12-18 04:00:45,061 - 🌐 Syncronizing positions in broker...
2025-12-18 04:00:45,264 - ✅ Sync completed: All positions exist in broker
2025-12-18 04:00:45,267 - 📡 Signal search - 2025-12-18 03:00:45
2025-12-18 04:00:45,270 - ------------------------------------------------------------------------------------------------------------------------
2025-12-18 04:00:45,273 - ➡️  revers_short_1H    (1H): 8/50 candles
2025-12-18 04:00:45,284 - ➡️  parity_short_1H    (1H): 40/50 candles
2025-12-18 04:00:45,289 - 
🔄 Processing strategy: revers_long_1H
2025-12-18 04:00:47,092 - 💫 Signals detected for revers_long_1H: 0
2025-12-18 04:00:47,096 - 🚫 revers_short_1H    (1H): 6 open positions
2025-12-18 04:00:47,102 - 
🔄 Processing strategy: parity_long_1H
2025-12-18 04:00:48,978 - 💫 Signals detected for parity_long_1H: 0
2025-12-18 04:00:48,981 - 🚫 parity_short_1H    (1H): 2 open positions
2025-12-18 04:00:48,984 - 🔂 Signal cycle completed
2025-12-18 04:00:48,990 - ========================================================================================================================

2025-12-18 04:00:48,993 - ⏰ Next candle for 1H: 2025-12-18 04:00:45 UTC
2025-12-18 04:21:35,424 - ❌ WebSocket error: ping/pong timed out
2025-12-18 04:21:37,415 - ⚠️  PRIVATE WebSocket disconnected | code=None, msg=None (unclean close)
2025-12-18 04:21:38,444 - 🔄 PRIVATE WebSocket reconnected | Previous: code=unknown (likely timeout)
2025-12-18 04:21:38,949 - ✅ WebSocket authentication successful
2025-12-18 05:00:45,008 - 
========================================================================================================================
2025-12-18 05:00:45,011 - 🔀 New candle(s) detected 2025-12-18 04:00:45 UTC
2025-12-18 05:00:45,015 - 🔹 Timeframes: 4H, 1H
2025-12-18 05:00:45,018 - 🌐 Syncronizing positions in broker...
2025-12-18 05:00:45,223 - ✅ Sync completed: All positions exist in broker
2025-12-18 05:00:45,226 - 📡 Signal search - 2025-12-18 04:00:45
2025-12-18 05:00:45,230 - ------------------------------------------------------------------------------------------------------------------------
2025-12-18 05:00:45,234 - ➡️  double_top_long_4H (4H): 38/50 candles
2025-12-18 05:00:45,237 - ➡️  revers_long_4H     (4H): 39/50 candles
2025-12-18 05:00:45,241 - ➡️  parity_long_4H     (4H): 39/50 candles
2025-12-18 05:00:45,245 - ➡️  revers_short_4H    (4H): 10/50 candles
2025-12-18 05:00:45,248 - ➡️  parity_short_4H    (4H): 39/50 candles
2025-12-18 05:00:45,251 - ➡️  revers_short_1H    (1H): 9/50 candles
2025-12-18 05:00:45,255 - ➡️  parity_short_1H    (1H): 41/50 candles
2025-12-18 05:00:45,258 - 🚫 double_top_long_4H (4H): 1 open positions
2025-12-18 05:00:45,260 - 🚫 revers_long_4H     (4H): 1 open positions
2025-12-18 05:00:45,263 - 🚫 parity_long_4H     (4H): 1 open positions
2025-12-18 05:00:45,266 - 🚫 revers_short_4H    (4H): 2 open positions
2025-12-18 05:00:45,269 - 🚫 parity_short_4H    (4H): 2 open positions
2025-12-18 05:00:45,275 - 
🔄 Processing strategy: revers_long_1H
2025-12-18 05:00:47,119 - 💫 Signals detected for revers_long_1H: 0
2025-12-18 05:00:47,122 - 🚫 revers_short_1H    (1H): 6 open positions
2025-12-18 05:00:47,128 - 
🔄 Processing strategy: parity_long_1H
2025-12-18 05:00:49,277 - 💫 Signals detected for parity_long_1H: 0
2025-12-18 05:00:49,280 - 🚫 parity_short_1H    (1H): 2 open positions
2025-12-18 05:00:49,283 - 🔂 Signal cycle completed
2025-12-18 05:00:49,289 - ========================================================================================================================

2025-12-18 05:00:49,291 - ⏰ Next candle for 4H: 2025-12-18 08:00:45 UTC
2025-12-18 05:00:49,294 - ⏰ Next candle for 1H: 2025-12-18 05:00:45 UTC
2025-12-18 06:00:45,045 - 
========================================================================================================================
2025-12-18 06:00:45,047 - 🔀 New candle(s) detected 2025-12-18 05:00:45 UTC
2025-12-18 06:00:45,050 - 🔹 Timeframes: 1H
2025-12-18 06:00:45,053 - 🌐 Syncronizing positions in broker...
2025-12-18 06:00:45,256 - ✅ Sync completed: All positions exist in broker
2025-12-18 06:00:45,259 - 📡 Signal search - 2025-12-18 05:00:45
2025-12-18 06:00:45,262 - ------------------------------------------------------------------------------------------------------------------------
2025-12-18 06:00:45,265 - ➡️  revers_short_1H    (1H): 10/50 candles
2025-12-18 06:00:45,269 - ➡️  parity_short_1H    (1H): 42/50 candles
2025-12-18 06:00:45,274 - 
🔄 Processing strategy: revers_long_1H
2025-12-18 06:00:47,103 - 💫 Signals detected for revers_long_1H: 0
2025-12-18 06:00:47,106 - 🚫 revers_short_1H    (1H): 6 open positions
2025-12-18 06:00:47,112 - 
🔄 Processing strategy: parity_long_1H
2025-12-18 06:00:48,959 - 💫 Signals detected for parity_long_1H: 1
2025-12-18 06:00:49,274 - ✅ ⬆️  LONG   BTCUSDT    | Size: 0.0004   | Price: 86727     
2025-12-18 06:00:49,481 - 🚫 parity_short_1H    (1H): 2 open positions
2025-12-18 06:00:49,484 - 🔂 Signal cycle completed
2025-12-18 06:00:49,490 - ========================================================================================================================

2025-12-18 06:00:49,493 - ⏰ Next candle for 1H: 2025-12-18 06:00:45 UTC
2025-12-18 06:10:01,871 - ⚠️ No price for BTCUSDT: No fresh price data for BTCUSDT
2025-12-18 06:14:11,395 - 
💲 TP REACHED for XRPUSDT (parity_short_1H) at 06:14
2025-12-18 06:14:11,399 - →  Closing short position on XRPUSDT:
2025-12-18 06:14:11,758 - ✅ Position closed due to TP: XRPUSDT | Size: 21
2025-12-18 06:14:11,853 - 📋 Trade logged: XRPUSDT | Profit: 1.13 USDT (+2.82%) | Duration: 1.8426 days
2025-12-18 06:14:11,870 - 
2025-12-18 06:14:11,873 - [1;94m========================================================================================================================[0m
2025-12-18 06:14:11,876 - [1;94m📈 STRATEGY ANALYSIS[0m
2025-12-18 06:14:11,879 - [1;94m========================================================================================================================[0m
2025-12-18 06:14:11,891 - [1;85mStrategy          [0m  [1;85mdate_fo   [0m  [1;85m Trades_num[0m  [1;85m Trades_pct[0m  [1;85mTotal_profit[0m  [1;85m Profit_pct[0m  [1;85mTP_pct[0m  [1;85mSL_pct[0m  [1;85mOOM_pct[0m  [1;85mAvg_days[0m
2025-12-18 06:14:11,894 - [0;94mdouble_top_long_4H[0m  2025-12-11            3        33.33  [1;91m       -4.53[0m        -1.36   33.33   66.67      0.0       4.0
2025-12-18 06:14:11,898 - [0;94mrevers_short_4H   [0m  2025-12-11           47        97.87  [1;92m       81.43[0m         24.4   97.87    2.13      0.0      2.25
2025-12-18 06:14:11,901 - [0;94mparity_short_4H   [0m  2025-12-11           27        92.59  [1;92m       40.06[0m         12.0   92.59    7.41      0.0      3.15
2025-12-18 06:14:11,904 - [0;94mrevers_short_1H   [0m  2025-12-11           21        80.95  [1;92m        8.68[0m          2.6   76.19    4.76      0.0      1.03
2025-12-18 06:14:11,908 - [0;94mrevers_long_1H    [0m  2025-12-11            6        33.33  [1;91m       -6.25[0m        -1.87   33.33     0.0      0.0      1.69
2025-12-18 06:14:11,911 - [0;94mrevers_short_6Hutc[0m  2025-12-12           10         80.0  [1;92m        7.17[0m         2.15    90.0    10.0      0.0      1.76
2025-12-18 06:14:11,914 - [0;94mparity_long_4H    [0m  2025-12-11            2          0.0  [1;91m       -7.41[0m        -2.22     0.0   100.0      0.0      4.65
2025-12-18 06:14:11,918 - [0;94mrevers_long_6Hutc [0m  2025-12-12            4          0.0  [1;91m      -10.62[0m        -3.18     0.0   100.0      0.0      3.47
2025-12-18 06:14:11,921 - [0;94mparity_long_1H    [0m  2025-12-16            3        100.0  [1;92m        1.87[0m         0.56   100.0     0.0      0.0       1.2
2025-12-18 06:14:11,924 - [0;94mparity_short_1H   [0m  2025-12-16            5        100.0  [1;92m        4.67[0m          1.4   100.0     0.0      0.0      1.42
2025-12-18 06:14:11,927 - [0;94mrevers_long_4H    [0m  2025-12-11            1          0.0  [1;91m       -3.35[0m         -1.0     0.0   100.0      0.0      6.05
2025-12-18 06:14:11,931 - 
2025-12-18 06:14:11,934 - [1;94m========================================================================================================================[0m
2025-12-18 06:14:11,937 - [1;94m📊 TOTAL SUMMARY[0m
2025-12-18 06:14:11,940 - [1;94m========================================================================================================================[0m
2025-12-18 06:14:11,943 - [0;94m📊 Trades_num   :[0m 129
2025-12-18 06:14:11,947 - [0;94m🕜 Avg_duration :[0m 2.3 days
2025-12-18 06:14:11,953 - [0;94m🎯 Trades_pct   :[0m 82.95 %
2025-12-18 06:14:11,956 - [0;94m📈 Profit_pct   :[0m 3.04 %
2025-12-18 06:14:11,959 - 💵 [1;94mTOTAL_profit :[0m [1;92m111.72 $[0m
2025-12-18 06:14:11,962 - [1;94m========================================================================================================================[0m
2025-12-18 06:14:11,966 - 
2025-12-18 06:35:04,649 - 
💲 TP REACHED for LTCUSDT (revers_short_4H) at 06:35
2025-12-18 06:35:04,652 - →  Closing short position on LTCUSDT:
2025-12-18 06:35:05,005 - ✅ Position closed due to TP: LTCUSDT | Size: 0.5
2025-12-18 06:35:05,092 - 📋 Trade logged: LTCUSDT | Profit: 1.92 USDT (+4.81%) | Duration: 1.7735 days
2025-12-18 06:35:05,109 - 
2025-12-18 06:35:05,112 - [1;94m========================================================================================================================[0m
2025-12-18 06:35:05,115 - [1;94m📈 STRATEGY ANALYSIS[0m
2025-12-18 06:35:05,118 - [1;94m========================================================================================================================[0m
2025-12-18 06:35:05,131 - [1;85mStrategy          [0m  [1;85mdate_fo   [0m  [1;85m Trades_num[0m  [1;85m Trades_pct[0m  [1;85mTotal_profit[0m  [1;85m Profit_pct[0m  [1;85mTP_pct[0m  [1;85mSL_pct[0m  [1;85mOOM_pct[0m  [1;85mAvg_days[0m
2025-12-18 06:35:05,134 - [0;94mdouble_top_long_4H[0m  2025-12-11            3        33.33  [1;91m       -4.53[0m        -1.36   33.33   66.67      0.0       4.0
2025-12-18 06:35:05,137 - [0;94mrevers_short_4H   [0m  2025-12-11           48        97.92  [1;92m       83.35[0m        24.98   97.92    2.08      0.0      2.24
2025-12-18 06:35:05,140 - [0;94mparity_short_4H   [0m  2025-12-11           27        92.59  [1;92m       40.06[0m         12.0   92.59    7.41      0.0      3.15
2025-12-18 06:35:05,144 - [0;94mrevers_short_1H   [0m  2025-12-11           21        80.95  [1;92m        8.68[0m          2.6   76.19    4.76      0.0      1.03
2025-12-18 06:35:05,147 - [0;94mrevers_long_1H    [0m  2025-12-11            6        33.33  [1;91m       -6.25[0m        -1.87   33.33     0.0      0.0      1.69
2025-12-18 06:35:05,153 - [0;94mrevers_short_6Hutc[0m  2025-12-12           10         80.0  [1;92m        7.17[0m         2.15    90.0    10.0      0.0      1.76
2025-12-18 06:35:05,156 - [0;94mparity_long_4H    [0m  2025-12-11            2          0.0  [1;91m       -7.41[0m        -2.22     0.0   100.0      0.0      4.65
2025-12-18 06:35:05,160 - [0;94mrevers_long_6Hutc [0m  2025-12-12            4          0.0  [1;91m      -10.62[0m        -3.18     0.0   100.0      0.0      3.47
2025-12-18 06:35:05,163 - [0;94mparity_long_1H    [0m  2025-12-16            3        100.0  [1;92m        1.87[0m         0.56   100.0     0.0      0.0       1.2
2025-12-18 06:35:05,166 - [0;94mparity_short_1H   [0m  2025-12-16            5        100.0  [1;92m        4.67[0m          1.4   100.0     0.0      0.0      1.42
2025-12-18 06:35:05,169 - [0;94mrevers_long_4H    [0m  2025-12-11            1          0.0  [1;91m       -3.35[0m         -1.0     0.0   100.0      0.0      6.05
2025-12-18 06:35:05,173 - 
2025-12-18 06:35:05,176 - [1;94m========================================================================================================================[0m
2025-12-18 06:35:05,179 - [1;94m📊 TOTAL SUMMARY[0m
2025-12-18 06:35:05,182 - [1;94m========================================================================================================================[0m
2025-12-18 06:35:05,185 - [0;94m📊 Trades_num   :[0m 130
2025-12-18 06:35:05,189 - [0;94m🕜 Avg_duration :[0m 2.3 days
2025-12-18 06:35:05,192 - [0;94m🎯 Trades_pct   :[0m 83.08 %
2025-12-18 06:35:05,195 - [0;94m📈 Profit_pct   :[0m 3.10 %
2025-12-18 06:35:05,198 - 💵 [1;94mTOTAL_profit :[0m [1;92m113.64 $[0m
2025-12-18 06:35:05,201 - [1;94m========================================================================================================================[0m
2025-12-18 06:35:05,205 - 
2025-12-18 06:35:44,773 - 
💲 TP REACHED for LINKUSDT (revers_short_6Hutc) at 06:35
2025-12-18 06:35:44,777 - →  Closing short position on LINKUSDT:
2025-12-18 06:35:45,142 - ✅ Position closed due to TP: LINKUSDT | Size: 3
2025-12-18 06:35:45,227 - 📋 Trade logged: LINKUSDT | Profit: 2.07 USDT (+5.16%) | Duration: 2.5238 days
2025-12-18 06:35:45,244 - 
2025-12-18 06:35:45,247 - [1;94m========================================================================================================================[0m
2025-12-18 06:35:45,250 - [1;94m📈 STRATEGY ANALYSIS[0m
2025-12-18 06:35:45,253 - [1;94m========================================================================================================================[0m
2025-12-18 06:35:45,266 - [1;85mStrategy          [0m  [1;85mdate_fo   [0m  [1;85m Trades_num[0m  [1;85m Trades_pct[0m  [1;85mTotal_profit[0m  [1;85m Profit_pct[0m  [1;85mTP_pct[0m  [1;85mSL_pct[0m  [1;85mOOM_pct[0m  [1;85mAvg_days[0m
2025-12-18 06:35:45,269 - [0;94mdouble_top_long_4H[0m  2025-12-11            3        33.33  [1;91m       -4.53[0m        -1.36   33.33   66.67      0.0       4.0
2025-12-18 06:35:45,272 - [0;94mrevers_short_4H   [0m  2025-12-11           48        97.92  [1;92m       83.35[0m        24.98   97.92    2.08      0.0      2.24
2025-12-18 06:35:45,276 - [0;94mparity_short_4H   [0m  2025-12-11           27        92.59  [1;92m       40.06[0m         12.0   92.59    7.41      0.0      3.15
2025-12-18 06:35:45,279 - [0;94mrevers_short_1H   [0m  2025-12-11           21        80.95  [1;92m        8.68[0m          2.6   76.19    4.76      0.0      1.03
2025-12-18 06:35:45,282 - [0;94mrevers_long_1H    [0m  2025-12-11            6        33.33  [1;91m       -6.25[0m        -1.87   33.33     0.0      0.0      1.69
2025-12-18 06:35:45,285 - [0;94mrevers_short_6Hutc[0m  2025-12-12           11        81.82  [1;92m        9.24[0m         2.77   90.91    9.09      0.0      1.83
2025-12-18 06:35:45,289 - [0;94mparity_long_4H    [0m  2025-12-11            2          0.0  [1;91m       -7.41[0m        -2.22     0.0   100.0      0.0      4.65
2025-12-18 06:35:45,292 - [0;94mrevers_long_6Hutc [0m  2025-12-12            4          0.0  [1;91m      -10.62[0m        -3.18     0.0   100.0      0.0      3.47
2025-12-18 06:35:45,295 - [0;94mparity_long_1H    [0m  2025-12-16            3        100.0  [1;92m        1.87[0m         0.56   100.0     0.0      0.0       1.2
2025-12-18 06:35:45,298 - [0;94mparity_short_1H   [0m  2025-12-16            5        100.0  [1;92m        4.67[0m          1.4   100.0     0.0      0.0      1.42
2025-12-18 06:35:45,302 - [0;94mrevers_long_4H    [0m  2025-12-11            1          0.0  [1;91m       -3.35[0m         -1.0     0.0   100.0      0.0      6.05
2025-12-18 06:35:45,305 - 
2025-12-18 06:35:45,308 - [1;94m========================================================================================================================[0m
2025-12-18 06:35:45,312 - [1;94m📊 TOTAL SUMMARY[0m
2025-12-18 06:35:45,315 - [1;94m========================================================================================================================[0m
2025-12-18 06:35:45,318 - [0;94m📊 Trades_num   :[0m 131
2025-12-18 06:35:45,321 - [0;94m🕜 Avg_duration :[0m 2.3 days
2025-12-18 06:35:45,328 - [0;94m🎯 Trades_pct   :[0m 83.21 %
2025-12-18 06:35:45,331 - [0;94m📈 Profit_pct   :[0m 3.15 %
2025-12-18 06:35:45,334 - 💵 [1;94mTOTAL_profit :[0m [1;92m115.71 $[0m
2025-12-18 06:35:45,337 - [1;94m========================================================================================================================[0m
2025-12-18 06:35:45,341 - 
2025-12-18 07:00:45,040 - 
========================================================================================================================
2025-12-18 07:00:45,043 - 🔀 New candle(s) detected 2025-12-18 06:00:45 UTC
2025-12-18 07:00:45,046 - 🔹 Timeframes: 6Hutc, 1H
2025-12-18 07:00:45,049 - 🌐 Syncronizing positions in broker...
2025-12-18 07:00:45,255 - ✅ Sync completed: All positions exist in broker
2025-12-18 07:00:45,259 - 📡 Signal search - 2025-12-18 06:00:45
2025-12-18 07:00:45,262 - ------------------------------------------------------------------------------------------------------------------------
2025-12-18 07:00:45,266 - ➡️  revers_long_6Hutc  (6Hutc): 24/50 candles
2025-12-18 07:00:45,270 - ➡️  revers_short_6Hutc (6Hutc): 10/50 candles
2025-12-18 07:00:45,274 - ➡️  revers_short_1H    (1H): 11/50 candles
2025-12-18 07:00:45,278 - ➡️  parity_long_1H     (1H): 1/50 candles
2025-12-18 07:00:45,281 - ➡️  parity_short_1H    (1H): 43/50 candles
2025-12-18 07:00:45,285 - 🚫 revers_long_6Hutc  (6Hutc): 2 open positions
2025-12-18 07:00:45,288 - 🚫 revers_short_6Hutc (6Hutc): 6 open positions
2025-12-18 07:00:45,294 - 
🔄 Processing strategy: revers_long_1H
2025-12-18 07:00:47,148 - 💫 Signals detected for revers_long_1H: 0
2025-12-18 07:00:47,152 - 🚫 revers_short_1H    (1H): 6 open positions
2025-12-18 07:00:47,155 - 🚫 parity_long_1H     (1H): 1 open positions
2025-12-18 07:00:47,158 - 🚫 parity_short_1H    (1H): 1 open positions
2025-12-18 07:00:47,161 - 🔂 Signal cycle completed
2025-12-18 07:00:47,168 - ========================================================================================================================

2025-12-18 07:00:47,174 - ⏰ Next candle for 6Hutc: 2025-12-18 12:00:45 UTC
2025-12-18 07:00:47,177 - ⏰ Next candle for 1H: 2025-12-18 07:00:45 UTC
2025-12-18 07:01:47,386 - 
💲 TP REACHED for HBARUSDT (revers_short_6Hutc) at 07:01
2025-12-18 07:01:47,389 - →  Closing short position on HBARUSDT:
2025-12-18 07:01:47,755 - ✅ Position closed due to TP: HBARUSDT | Size: 356
2025-12-18 07:01:47,840 - 📋 Trade logged: HBARUSDT | Profit: 2.21 USDT (+5.52%) | Duration: 2.5419 days
2025-12-18 07:01:47,857 - 
2025-12-18 07:01:47,860 - [1;94m========================================================================================================================[0m
2025-12-18 07:01:47,863 - [1;94m📈 STRATEGY ANALYSIS[0m
2025-12-18 07:01:47,866 - [1;94m========================================================================================================================[0m
2025-12-18 07:01:47,879 - [1;85mStrategy          [0m  [1;85mdate_fo   [0m  [1;85m Trades_num[0m  [1;85m Trades_pct[0m  [1;85mTotal_profit[0m  [1;85m Profit_pct[0m  [1;85mTP_pct[0m  [1;85mSL_pct[0m  [1;85mOOM_pct[0m  [1;85mAvg_days[0m
2025-12-18 07:01:47,882 - [0;94mdouble_top_long_4H[0m  2025-12-11            3        33.33  [1;91m       -4.53[0m        -1.36   33.33   66.67      0.0       4.0
2025-12-18 07:01:47,885 - [0;94mrevers_short_4H   [0m  2025-12-11           48        97.92  [1;92m       83.35[0m        24.98   97.92    2.08      0.0      2.24
2025-12-18 07:01:47,888 - [0;94mparity_short_4H   [0m  2025-12-11           27        92.59  [1;92m       40.06[0m         12.0   92.59    7.41      0.0      3.15
2025-12-18 07:01:47,891 - [0;94mrevers_short_1H   [0m  2025-12-11           21        80.95  [1;92m        8.68[0m          2.6   76.19    4.76      0.0      1.03
2025-12-18 07:01:47,894 - [0;94mrevers_long_1H    [0m  2025-12-11            6        33.33  [1;91m       -6.25[0m        -1.87   33.33     0.0      0.0      1.69
2025-12-18 07:01:47,898 - [0;94mrevers_short_6Hutc[0m  2025-12-12           12        83.33  [1;92m       11.45[0m         3.43   91.67    8.33      0.0      1.89
2025-12-18 07:01:47,901 - [0;94mparity_long_4H    [0m  2025-12-11            2          0.0  [1;91m       -7.41[0m        -2.22     0.0   100.0      0.0      4.65
2025-12-18 07:01:47,904 - [0;94mrevers_long_6Hutc [0m  2025-12-12            4          0.0  [1;91m      -10.62[0m        -3.18     0.0   100.0      0.0      3.47
2025-12-18 07:01:47,907 - [0;94mparity_long_1H    [0m  2025-12-16            3        100.0  [1;92m        1.87[0m         0.56   100.0     0.0      0.0       1.2
2025-12-18 07:01:47,911 - [0;94mparity_short_1H   [0m  2025-12-16            5        100.0  [1;92m        4.67[0m          1.4   100.0     0.0      0.0      1.42
2025-12-18 07:01:47,914 - [0;94mrevers_long_4H    [0m  2025-12-11            1          0.0  [1;91m       -3.35[0m         -1.0     0.0   100.0      0.0      6.05
2025-12-18 07:01:47,917 - 
2025-12-18 07:01:47,921 - [1;94m========================================================================================================================[0m
2025-12-18 07:01:47,924 - [1;94m📊 TOTAL SUMMARY[0m
2025-12-18 07:01:47,927 - [1;94m========================================================================================================================[0m
2025-12-18 07:01:47,930 - [0;94m📊 Trades_num   :[0m 132
2025-12-18 07:01:47,933 - [0;94m🕜 Avg_duration :[0m 2.3 days
2025-12-18 07:01:47,937 - [0;94m🎯 Trades_pct   :[0m 83.33 %
2025-12-18 07:01:47,940 - [0;94m📈 Profit_pct   :[0m 3.21 %
2025-12-18 07:01:47,943 - 💵 [1;94mTOTAL_profit :[0m [1;92m117.92 $[0m
2025-12-18 07:01:47,946 - [1;94m========================================================================================================================[0m
2025-12-18 07:01:47,949 - 
2025-12-18 07:09:46,585 - ❌ WebSocket error: Connection to remote host was lost.
2025-12-18 07:09:46,588 - ⚠️  PRIVATE WebSocket disconnected | code=None, msg=None (unclean close)
2025-12-18 07:09:47,415 - 🔄 PRIVATE WebSocket reconnected | Previous: code=unknown (likely timeout)
2025-12-18 07:09:47,415 - ❌ WebSocket error: Connection to remote host was lost.
2025-12-18 07:09:47,419 - ⚠️  PUBLIC WebSocket disconnected | code=None, msg=None (unclean close)
2025-12-18 07:09:47,919 - ✅ WebSocket authentication successful
2025-12-18 07:09:48,125 - 🔌 PUBLIC  WebSocket connected
2025-12-18 07:48:14,933 - 
💲 TP REACHED for XRPUSDT (revers_short_4H) at 07:48
2025-12-18 07:48:14,936 - →  Closing short position on XRPUSDT:
2025-12-18 07:48:15,332 - ✅ Position closed due to TP: XRPUSDT | Size: 20
2025-12-18 07:48:15,419 - 📋 Trade logged: XRPUSDT | Profit: 1.37 USDT (+3.42%) | Duration: 1.8242 days
2025-12-18 07:48:15,437 - 
2025-12-18 07:48:15,470 - [1;94m========================================================================================================================[0m
2025-12-18 07:48:15,474 - [1;94m📈 STRATEGY ANALYSIS[0m
2025-12-18 07:48:15,477 - [1;94m========================================================================================================================[0m
2025-12-18 07:48:15,492 - [1;85mStrategy          [0m  [1;85mdate_fo   [0m  [1;85m Trades_num[0m  [1;85m Trades_pct[0m  [1;85mTotal_profit[0m  [1;85m Profit_pct[0m  [1;85mTP_pct[0m  [1;85mSL_pct[0m  [1;85mOOM_pct[0m  [1;85mAvg_days[0m
2025-12-18 07:48:15,495 - [0;94mdouble_top_long_4H[0m  2025-12-11            3        33.33  [1;91m       -4.53[0m        -1.36   33.33   66.67      0.0       4.0
2025-12-18 07:48:15,499 - [0;94mrevers_short_4H   [0m  2025-12-11           49        97.96  [1;92m       84.72[0m        25.39   97.96    2.04      0.0      2.23
2025-12-18 07:48:15,502 - [0;94mparity_short_4H   [0m  2025-12-11           27        92.59  [1;92m       40.06[0m         12.0   92.59    7.41      0.0      3.15
2025-12-18 07:48:15,505 - [0;94mrevers_short_1H   [0m  2025-12-11           21        80.95  [1;92m        8.68[0m          2.6   76.19    4.76      0.0      1.03
2025-12-18 07:48:15,509 - [0;94mrevers_long_1H    [0m  2025-12-11            6        33.33  [1;91m       -6.25[0m        -1.87   33.33     0.0      0.0      1.69
2025-12-18 07:48:15,512 - [0;94mrevers_short_6Hutc[0m  2025-12-12           12        83.33  [1;92m       11.45[0m         3.43   91.67    8.33      0.0      1.89
2025-12-18 07:48:15,515 - [0;94mparity_long_4H    [0m  2025-12-11            2          0.0  [1;91m       -7.41[0m        -2.22     0.0   100.0      0.0      4.65
2025-12-18 07:48:15,518 - [0;94mrevers_long_6Hutc [0m  2025-12-12            4          0.0  [1;91m      -10.62[0m        -3.18     0.0   100.0      0.0      3.47
2025-12-18 07:48:15,522 - [0;94mparity_long_1H    [0m  2025-12-16            3        100.0  [1;92m        1.87[0m         0.56   100.0     0.0      0.0       1.2
2025-12-18 07:48:15,525 - [0;94mparity_short_1H   [0m  2025-12-16            5        100.0  [1;92m        4.67[0m          1.4   100.0     0.0      0.0      1.42
2025-12-18 07:48:15,528 - [0;94mrevers_long_4H    [0m  2025-12-11            1          0.0  [1;91m       -3.35[0m         -1.0     0.0   100.0      0.0      6.05
2025-12-18 07:48:15,532 - 
2025-12-18 07:48:15,535 - [1;94m========================================================================================================================[0m
2025-12-18 07:48:15,538 - [1;94m📊 TOTAL SUMMARY[0m
2025-12-18 07:48:15,542 - [1;94m========================================================================================================================[0m
2025-12-18 07:48:15,545 - [0;94m📊 Trades_num   :[0m 133
2025-12-18 07:48:15,548 - [0;94m🕜 Avg_duration :[0m 2.3 days
2025-12-18 07:48:15,551 - [0;94m🎯 Trades_pct   :[0m 83.46 %
2025-12-18 07:48:15,555 - [0;94m📈 Profit_pct   :[0m 3.25 %
2025-12-18 07:48:15,558 - 💵 [1;94mTOTAL_profit :[0m [1;92m119.29 $[0m
2025-12-18 07:48:15,561 - [1;94m========================================================================================================================[0m
2025-12-18 07:48:15,565 - 
2025-12-18 08:00:45,010 - 
========================================================================================================================
2025-12-18 08:00:45,013 - 🔀 New candle(s) detected 2025-12-18 07:00:45 UTC
2025-12-18 08:00:45,016 - 🔹 Timeframes: 1H
2025-12-18 08:00:45,019 - 🌐 Syncronizing positions in broker...
2025-12-18 08:00:45,223 - ✅ Sync completed: All positions exist in broker
2025-12-18 08:00:45,226 - 📡 Signal search - 2025-12-18 07:00:45
2025-12-18 08:00:45,228 - ------------------------------------------------------------------------------------------------------------------------
2025-12-18 08:00:45,232 - ➡️  revers_short_1H    (1H): 12/50 candles
2025-12-18 08:00:45,235 - ➡️  parity_long_1H     (1H): 2/50 candles
2025-12-18 08:00:45,239 - ➡️  parity_short_1H    (1H): 44/50 candles
2025-12-18 08:00:45,245 - 
🔄 Processing strategy: revers_long_1H
2025-12-18 08:00:47,468 - 💫 Signals detected for revers_long_1H: 0
2025-12-18 08:00:47,472 - 🚫 revers_short_1H    (1H): 6 open positions
2025-12-18 08:00:47,475 - 🚫 parity_long_1H     (1H): 1 open positions
2025-12-18 08:00:47,478 - 🚫 parity_short_1H    (1H): 1 open positions
2025-12-18 08:00:47,481 - 🔂 Signal cycle completed
2025-12-18 08:00:47,487 - ========================================================================================================================

2025-12-18 08:00:47,490 - ⏰ Next candle for 1H: 2025-12-18 08:00:45 UTC
2025-12-18 09:00:45,024 - 
========================================================================================================================
2025-12-18 09:00:45,027 - 🔀 New candle(s) detected 2025-12-18 08:00:45 UTC
2025-12-18 09:00:45,030 - 🔹 Timeframes: 4H, 1H
2025-12-18 09:00:45,033 - 🌐 Syncronizing positions in broker...
2025-12-18 09:00:45,237 - ✅ Sync completed: All positions exist in broker
2025-12-18 09:00:45,241 - 📡 Signal search - 2025-12-18 08:00:45
2025-12-18 09:00:45,243 - ------------------------------------------------------------------------------------------------------------------------
2025-12-18 09:00:45,247 - ➡️  double_top_long_4H (4H): 39/50 candles
2025-12-18 09:00:45,250 - ➡️  revers_long_4H     (4H): 40/50 candles
2025-12-18 09:00:45,253 - ➡️  parity_long_4H     (4H): 40/50 candles
2025-12-18 09:00:45,257 - ➡️  parity_short_4H    (4H): 40/50 candles
2025-12-18 09:00:45,260 - ➡️  revers_short_1H    (1H): 13/50 candles
2025-12-18 09:00:45,264 - ➡️  parity_long_1H     (1H): 3/50 candles
2025-12-18 09:00:45,267 - ➡️  parity_short_1H    (1H): 45/50 candles
2025-12-18 09:00:45,270 - 🚫 double_top_long_4H (4H): 1 open positions
2025-12-18 09:00:45,273 - 🚫 revers_long_4H     (4H): 1 open positions
2025-12-18 09:00:45,276 - 🚫 parity_long_4H     (4H): 1 open positions
2025-12-18 09:00:45,282 - 
🔄 Processing strategy: revers_short_4H
2025-12-18 09:00:55,510 - 💫 Signals detected for revers_short_4H: 25
2025-12-18 09:00:56,293 - ✅ ⬇️  SHORT  1000BONKUSDT | Size: 5010     | Price: 0.007983  
2025-12-18 09:00:57,265 - ✅ ⬇️  SHORT  AAVEUSDT   | Size: 0.2      | Price: 177.21    
2025-12-18 09:00:58,120 - ✅ ⬇️  SHORT  ADAUSDT    | Size: 110      | Price: 0.3622    
2025-12-18 09:00:59,106 - ✅ ⬇️  SHORT  APTUSDT    | Size: 26.896   | Price: 1.4872    
2025-12-18 09:01:00,103 - ✅ ⬇️  SHORT  ARBUSDT    | Size: 219.90   | Price: 0.1819    
2025-12-18 09:01:00,789 - ✅ ⬇️  SHORT  AVAXUSDT   | Size: 3.4      | Price: 11.755    
2025-12-18 09:01:01,310 - ✅ ⬇️  SHORT  BGBUSDT    | Size: 11       | Price: 3.457     
2025-12-18 09:01:01,761 - ✅ ⬇️  SHORT  BNBUSDT    | Size: 0.04     | Price: 833.03    
2025-12-18 09:01:02,333 - ✅ ⬇️  SHORT  DOGEUSDT   | Size: 320      | Price: 0.12481   
2025-12-18 09:01:03,361 - ✅ ⬇️  SHORT  ENAUSDT    | Size: 198      | Price: 0.2015    
2025-12-18 09:01:03,859 - ✅ ⬇️  SHORT  ETHUSDT    | Size: 0.01     | Price: 2837.13   
2025-12-18 09:01:04,405 - ✅ ⬇️  SHORT  HBARUSDT   | Size: 367      | Price: 0.10871   
2025-12-18 09:01:05,439 - ✅ ⬇️  SHORT  HYPEUSDT   | Size: 1.66     | Price: 23.964    
2025-12-18 09:01:06,076 - ✅ ⬇️  SHORT  LINKUSDT   | Size: 3        | Price: 12.198    
2025-12-18 09:01:06,600 - ✅ ⬇️  SHORT  LTCUSDT    | Size: 0.5      | Price: 75.47     
2025-12-18 09:01:07,063 - ✅ ⬇️  SHORT  NEARUSDT   | Size: 27       | Price: 1.4788    
2025-12-18 09:01:07,965 - ✅ ⬇️  SHORT  ONDOUSDT   | Size: 104.0    | Price: 0.3844    
2025-12-18 09:01:08,788 - ✅ ⬇️  SHORT  PENGUUSDT  | Size: 4377     | Price: 0.009137  
2025-12-18 09:01:09,915 - ✅ ⬇️  SHORT  SEIUSDT    | Size: 360      | Price: 0.11103   
2025-12-18 09:01:10,387 - ✅ ⬇️  SHORT  SOLUSDT    | Size: 0.3      | Price: 122.909   
2025-12-18 09:01:11,352 - ✅ ⬇️  SHORT  SUIUSDT    | Size: 28.6     | Price: 1.3983    
2025-12-18 09:01:12,185 - ✅ ⬇️  SHORT  TAOUSDT    | Size: 0.175    | Price: 228.09    
2025-12-18 09:01:13,352 - ✅ ⬇️  SHORT  WIFUSDT    | Size: 114.8    | Price: 0.3484    
2025-12-18 09:01:14,323 - ✅ ⬇️  SHORT  WLDUSDT    | Size: 80       | Price: 0.4956    
2025-12-18 09:01:14,793 - ✅ ⬇️  SHORT  XRPUSDT    | Size: 21       | Price: 1.8406    
2025-12-18 09:01:14,948 - 🚫 parity_short_4H    (4H): 2 open positions
2025-12-18 09:01:14,953 - 
🔄 Processing strategy: revers_long_1H
2025-12-18 09:01:16,868 - 💫 Signals detected for revers_long_1H: 0
2025-12-18 09:01:16,872 - 🚫 revers_short_1H    (1H): 6 open positions
2025-12-18 09:01:16,875 - 🚫 parity_long_1H     (1H): 1 open positions
2025-12-18 09:01:16,878 - 🚫 parity_short_1H    (1H): 1 open positions
2025-12-18 09:01:16,881 - 🔂 Signal cycle completed
2025-12-18 09:01:16,887 - ========================================================================================================================

2025-12-18 09:01:16,890 - ⏰ Next candle for 4H: 2025-12-18 12:00:45 UTC
2025-12-18 09:01:16,893 - ⏰ Next candle for 1H: 2025-12-18 09:00:45 UTC
2025-12-18 09:22:54,278 - 
🔚 Interrupted by user.
2025-12-18 09:22:54,281 - ⛔ BOT Stopped
2025-12-18 09:22:58,727 - [1;94m========================================================================================================================[0m
2025-12-18 09:22:58,727 - [1;94m🤖 === STARTING MULTI-STRATEGY BOT OPERATING IN ACCOUNT: 01 🤖 ===[0m
2025-12-18 09:22:58,727 - [1;94m========================================================================================================================[0m
2025-12-18 09:22:58,727 - ✅  State loaded: 45 positions recovered
2025-12-18 09:22:58,727 -    ➡️  revers_short_1H: 6 positions | Candles: 13
2025-12-18 09:22:58,727 -       - BNBUSDT      | Size: 0.04       | Entry: 837.42    
2025-12-18 09:22:58,727 -       - BTCUSDT      | Size: 0.0004     | Entry: 85774.3   
2025-12-18 09:22:58,727 -       - DOGEUSDT     | Size: 318        | Entry: 0.1255    
2025-12-18 09:22:58,727 -       - ETHUSDT      | Size: 0.01       | Entry: 2810.52   
2025-12-18 09:22:58,727 -       - SOLUSDT      | Size: 0.3        | Entry: 122.031   
2025-12-18 09:22:58,727 -       - XRPUSDT      | Size: 21         | Entry: 1.8582    
2025-12-18 09:22:58,727 -    ➡️  revers_long_4H: 1 positions | Candles: 40
2025-12-18 09:22:58,727 -       - BGBUSDT      | Size: 11         | Entry: 3.6       
2025-12-18 09:22:58,727 -    ➡️  parity_long_4H: 1 positions | Candles: 40
2025-12-18 09:22:58,727 -       - BGBUSDT      | Size: 11         | Entry: 3.6       
2025-12-18 09:22:58,727 -    ➡️  revers_short_4H: 25 positions | Candles: 0
2025-12-18 09:22:58,727 -       - 1000BONKUSDT | Size: 5010       | Entry: 0.007984  
2025-12-18 09:22:58,727 -       - AAVEUSDT     | Size: 0.2        | Entry: 177.21    
2025-12-18 09:22:58,727 -       - ADAUSDT      | Size: 110        | Entry: 0.3621    
2025-12-18 09:22:58,727 -       - APTUSDT      | Size: 26.896     | Entry: 1.486872  
2025-12-18 09:22:58,727 -       - ARBUSDT      | Size: 219.9      | Entry: 0.1818    
2025-12-18 09:22:58,727 -       - AVAXUSDT     | Size: 3.4        | Entry: 11.754    
2025-12-18 09:22:58,727 -       - BGBUSDT      | Size: 11         | Entry: 3.457     
2025-12-18 09:22:58,727 -       - BNBUSDT      | Size: 0.04       | Entry: 833.07    
2025-12-18 09:22:58,728 -       - DOGEUSDT     | Size: 320        | Entry: 0.1248    
2025-12-18 09:22:58,728 -       - ENAUSDT      | Size: 198        | Entry: 0.2016    
2025-12-18 09:22:58,728 -       - ETHUSDT      | Size: 0.01       | Entry: 2837.5    
2025-12-18 09:22:58,728 -       - HBARUSDT     | Size: 367        | Entry: 0.10874   
2025-12-18 09:22:58,728 -       - HYPEUSDT     | Size: 1.66       | Entry: 23.974    
2025-12-18 09:22:58,728 -       - LINKUSDT     | Size: 3          | Entry: 12.193    
2025-12-18 09:22:58,728 -       - LTCUSDT      | Size: 0.5        | Entry: 75.46     
2025-12-18 09:22:58,728 -       - NEARUSDT     | Size: 27         | Entry: 1.4787    
2025-12-18 09:22:58,728 -       - ONDOUSDT     | Size: 104        | Entry: 0.3846    
2025-12-18 09:22:58,728 -       - PENGUUSDT    | Size: 4377       | Entry: 0.009132  
2025-12-18 09:22:58,728 -       - SEIUSDT      | Size: 360        | Entry: 0.11101   
2025-12-18 09:22:58,728 -       - SOLUSDT      | Size: 0.3        | Entry: 122.852   
2025-12-18 09:22:58,728 -       - SUIUSDT      | Size: 28.6       | Entry: 1.3968    
2025-12-18 09:22:58,728 -       - TAOUSDT      | Size: 0.175      | Entry: 228.03    
2025-12-18 09:22:58,728 -       - WIFUSDT      | Size: 114.8      | Entry: 0.3482    
2025-12-18 09:22:58,728 -       - WLDUSDT      | Size: 80         | Entry: 0.4955    
2025-12-18 09:22:58,728 -       - XRPUSDT      | Size: 21         | Entry: 1.84      
2025-12-18 09:22:58,728 -    ➡️  parity_short_4H: 2 positions | Candles: 40
2025-12-18 09:22:58,728 -       - BNBUSDT      | Size: 0.04       | Entry: 863.8     
2025-12-18 09:22:58,728 -       - BTCUSDT      | Size: 0.0004     | Entry: 89709     
2025-12-18 09:22:58,728 -    ➡️  double_top_long_4H: 1 positions | Candles: 39
2025-12-18 09:22:58,728 -       - BNBUSDT      | Size: 0.04       | Entry: 876.15    
2025-12-18 09:22:58,728 -    ➡️  revers_short_6Hutc: 5 positions | Candles: 10
2025-12-18 09:22:58,728 -       - BNBUSDT      | Size: 0.04       | Entry: 843.99    
2025-12-18 09:22:58,728 -       - BTCUSDT      | Size: 0.0004     | Entry: 85702     
2025-12-18 09:22:58,728 -       - DOGEUSDT     | Size: 312        | Entry: 0.12786   
2025-12-18 09:22:58,728 -       - SOLUSDT      | Size: 0.3        | Entry: 124.987   
2025-12-18 09:22:58,728 -       - XRPUSDT      | Size: 21         | Entry: 1.8909    
2025-12-18 09:22:58,728 -    ➡️  revers_long_6Hutc: 2 positions | Candles: 24
2025-12-18 09:22:58,728 -       - BNBUSDT      | Size: 0.03       | Entry: 891.18    
2025-12-18 09:22:58,728 -       - BTCUSDT      | Size: 0.0003     | Entry: 92367.4   
2025-12-18 09:22:58,728 -    ➡️  parity_short_1H: 1 positions | Candles: 45
2025-12-18 09:22:58,728 -       - BTCUSDT      | Size: 0.0004     | Entry: 86297.7   
2025-12-18 09:22:58,728 -    ➡️  parity_long_1H: 1 positions | Candles: 3
2025-12-18 09:22:58,728 -       - BTCUSDT      | Size: 0.0004     | Entry: 86727     
2025-12-18 09:22:59,154 - 🔹 Strategy double_top_long_4H (4H): 32 symbols
2025-12-18 09:22:59,157 - 🔹 Strategy revers_long_4H     (4H): 32 symbols
2025-12-18 09:22:59,159 - 🔹 Strategy parity_long_4H     (4H): 32 symbols
2025-12-18 09:22:59,162 - 🔹 Strategy revers_short_4H    (4H): 32 symbols
2025-12-18 09:22:59,165 - 🔹 Strategy parity_short_4H    (4H): 32 symbols
2025-12-18 09:22:59,167 - 🔹 Strategy revers_long_1H     (1H):  6 symbols
2025-12-18 09:22:59,169 - 🔹 Strategy revers_short_1H    (1H):  6 symbols
2025-12-18 09:22:59,172 - 🔹 Strategy revers_long_6Hutc  (6Hutc): 15 symbols
2025-12-18 09:22:59,174 - 🔹 Strategy revers_short_6Hutc (6Hutc): 15 symbols
2025-12-18 09:22:59,176 - 🔹 Strategy parity_long_1H     (1H):  6 symbols
2025-12-18 09:22:59,179 - 🔹 Strategy parity_short_1H    (1H):  6 symbols
2025-12-18 09:22:59,179 - 
➡️ Detected timeframes: 1H, 4H, 6Hutc
2025-12-18 09:22:59,179 -    🔹 1H: revers_long_1H, revers_short_1H, parity_long_1H, parity_short_1H
2025-12-18 09:22:59,179 -    🔹 4H: double_top_long_4H, revers_long_4H, parity_long_4H, revers_short_4H, parity_short_4H
2025-12-18 09:22:59,179 -    🔹 6Hutc: revers_long_6Hutc, revers_short_6Hutc
2025-12-18 09:22:59,179 - 
✅ BOT Initialization completed

2025-12-18 09:22:59,194 - 
2025-12-18 09:22:59,194 - [1;94m========================================================================================================================[0m
2025-12-18 09:22:59,194 - [1;94m📈 STRATEGY ANALYSIS[0m
2025-12-18 09:22:59,194 - [1;94m========================================================================================================================[0m
2025-12-18 09:22:59,204 - [1;85mStrategy          [0m  [1;85mdate_fo   [0m  [1;85m Trades_num[0m  [1;85m Trades_pct[0m  [1;85mTotal_profit[0m  [1;85m Profit_pct[0m  [1;85mTP_pct[0m  [1;85mSL_pct[0m  [1;85mOOM_pct[0m  [1;85mAvg_days[0m
2025-12-18 09:22:59,204 - [0;94mdouble_top_long_4H[0m  2025-12-11            3        33.33  [1;91m       -4.53[0m        -1.36   33.33   66.67      0.0       4.0
2025-12-18 09:22:59,204 - [0;94mparity_long_1H    [0m  2025-12-16            3        100.0  [1;92m        1.87[0m         0.56   100.0     0.0      0.0       1.2
2025-12-18 09:22:59,204 - [0;94mparity_long_4H    [0m  2025-12-11            2          0.0  [1;91m       -7.41[0m        -2.22     0.0   100.0      0.0      4.65
2025-12-18 09:22:59,204 - [0;94mparity_short_1H   [0m  2025-12-16            5        100.0  [1;92m        4.67[0m          1.4   100.0     0.0      0.0      1.42
2025-12-18 09:22:59,204 - [0;94mparity_short_4H   [0m  2025-12-11           27        92.59  [1;92m       40.06[0m         12.0   92.59    7.41      0.0      3.15
2025-12-18 09:22:59,204 - [0;94mrevers_long_1H    [0m  2025-12-11            6        33.33  [1;91m       -6.25[0m        -1.87   33.33     0.0      0.0      1.69
2025-12-18 09:22:59,204 - [0;94mrevers_long_4H    [0m  2025-12-11            1          0.0  [1;91m       -3.35[0m         -1.0     0.0   100.0      0.0      6.05
2025-12-18 09:22:59,204 - [0;94mrevers_long_6Hutc [0m  2025-12-12            4          0.0  [1;91m      -10.62[0m        -3.18     0.0   100.0      0.0      3.47
2025-12-18 09:22:59,204 - [0;94mrevers_short_1H   [0m  2025-12-11           21        80.95  [1;92m        8.68[0m          2.6   76.19    4.76      0.0      1.03
2025-12-18 09:22:59,204 - [0;94mrevers_short_4H   [0m  2025-12-11           49        97.96  [1;92m       84.72[0m        25.39   97.96    2.04      0.0      2.23
2025-12-18 09:22:59,204 - [0;94mrevers_short_6Hutc[0m  2025-12-12           12        83.33  [1;92m       11.45[0m         3.43   91.67    8.33      0.0      1.89
2025-12-18 09:22:59,205 - 
2025-12-18 09:22:59,205 - [1;94m========================================================================================================================[0m
2025-12-18 09:22:59,205 - [1;94m📊 TOTAL SUMMARY[0m
2025-12-18 09:22:59,205 - [1;94m========================================================================================================================[0m
2025-12-18 09:22:59,205 - [0;94m📊 Trades_num   :[0m 133
2025-12-18 09:22:59,205 - [0;94m🕜 Avg_duration :[0m 2.3 days
2025-12-18 09:22:59,205 - [0;94m🎯 Trades_pct   :[0m 83.46 %
2025-12-18 09:22:59,205 - [0;94m📈 Profit_pct   :[0m 3.25 %
2025-12-18 09:22:59,205 - 💵 [1;94mTOTAL_profit :[0m [1;92m119.29 $[0m
2025-12-18 09:22:59,205 - [1;94m========================================================================================================================[0m
2025-12-18 09:22:59,205 - 
2025-12-18 09:22:59,205 - 
[1;94mInitializing WebSocket connections...[0m
2025-12-18 09:23:00,205 - 📱 WebSocket status:
2025-12-18 09:23:00,206 -    - Public WS    : ⚠️  Not connected
2025-12-18 09:23:00,206 -    - Private WS   : ⚠️  Not connected
2025-12-18 09:23:00,206 -    - Authenticated: ⚠️  No
2025-12-18 09:23:00,234 - 🔌 PRIVATE WebSocket connected (first time)
2025-12-18 09:23:00,234 - 🔌 PUBLIC  WebSocket connected
2025-12-18 09:23:00,734 - 🛜 Subscribing to 5 private channels...
2025-12-18 09:23:00,734 - 🆗 orders
2025-12-18 09:23:00,734 - 🆗 fill
2025-12-18 09:23:00,734 - 🆗 positions
2025-12-18 09:23:00,734 - 🆗 account
2025-12-18 09:23:00,734 - 🆗 equity
2025-12-18 09:23:00,734 - ✅ WebSocket authentication successful
2025-12-18 09:23:01,206 - 📦 Pre-loading contract info for 33 symbols via API...
2025-12-18 09:23:14,059 - [0;36m✅ Pre-loaded 33/33 contracts[0m
2025-12-18 09:23:14,059 - 
2025-12-18 09:23:14,060 - ⏰ Next candle for 1H    : 2025-12-18 09:00:45 UTC
2025-12-18 09:23:14,060 - ⏰ Next candle for 4H    : 2025-12-18 12:00:45 UTC
2025-12-18 09:23:14,060 - ⏰ Next candle for 6Hutc : 2025-12-18 12:00:45 UTC
2025-12-18 10:00:45,026 - 
========================================================================================================================
2025-12-18 10:00:45,029 - 🔀 New candle(s) detected 2025-12-18 09:00:45 UTC
2025-12-18 10:00:45,032 - 🔹 Timeframes: 1H
2025-12-18 10:00:45,035 - 🌐 Syncronizing positions in broker...
2025-12-18 10:00:45,239 - ✅ Sync completed: All positions exist in broker
2025-12-18 10:00:45,242 - 📡 Signal search - 2025-12-18 09:00:45
2025-12-18 10:00:45,245 - ------------------------------------------------------------------------------------------------------------------------
2025-12-18 10:00:45,249 - ➡️  revers_short_1H    (1H): 14/50 candles
2025-12-18 10:00:45,252 - ➡️  parity_long_1H     (1H): 4/50 candles
2025-12-18 10:00:45,256 - ➡️  parity_short_1H    (1H): 46/50 candles
2025-12-18 10:00:45,262 - 
🔄 Processing strategy: revers_long_1H
2025-12-18 10:00:47,171 - 💫 Signals detected for revers_long_1H: 0
2025-12-18 10:00:47,177 - 

2025-12-18 10:00:47,180 - 🚫 revers_short_1H    (1H): 6 open positions
2025-12-18 10:00:47,183 - 🚫 parity_long_1H     (1H): 1 open positions
2025-12-18 10:00:47,186 - 🚫 parity_short_1H    (1H): 1 open positions
2025-12-18 10:00:47,189 - 🔂 Signal cycle completed
2025-12-18 10:00:47,195 - ========================================================================================================================

2025-12-18 10:00:47,198 - ⏰ Next candle for 1H: 2025-12-18 10:00:45 UTC
2025-12-18 10:20:01,670 - ⚠️ No price for SEIUSDT: No fresh price data for SEIUSDT
2025-12-18 10:20:31,292 - ⚠️ No price for BNBUSDT: No fresh price data for BNBUSDT
2025-12-18 10:21:52,800 - ⚠️ No price for BTCUSDT: No fresh price data for BTCUSDT
2025-12-18 10:39:03,943 - ⚠️ No price for BNBUSDT: No fresh price data for BNBUSDT
2025-12-18 10:39:04,957 - ⚠️ No price for BTCUSDT: No fresh price data for BTCUSDT
2025-12-18 10:39:05,963 - ⚠️ No price for BGBUSDT: No fresh price data for BGBUSDT
2025-12-18 10:39:06,973 - ⚠️ No price for BTCUSDT: No fresh price data for BTCUSDT
2025-12-18 10:39:07,986 - ⚠️ No price for BNBUSDT: No fresh price data for BNBUSDT
2025-12-18 10:39:08,999 - ⚠️ No price for BTCUSDT: No fresh price data for BTCUSDT
2025-12-18 10:39:10,010 - ⚠️ No price for BGBUSDT: No fresh price data for BGBUSDT
2025-12-18 11:00:45,019 - 
========================================================================================================================
2025-12-18 11:00:45,022 - 🔀 New candle(s) detected 2025-12-18 10:00:45 UTC
2025-12-18 11:00:45,025 - 🔹 Timeframes: 1H
2025-12-18 11:00:45,028 - 🌐 Syncronizing positions in broker...
2025-12-18 11:00:45,232 - ✅ Sync completed: All positions exist in broker
2025-12-18 11:00:45,235 - 📡 Signal search - 2025-12-18 10:00:45
2025-12-18 11:00:45,238 - ------------------------------------------------------------------------------------------------------------------------
2025-12-18 11:00:45,241 - ➡️  revers_short_1H    (1H): 15/50 candles
2025-12-18 11:00:45,245 - ➡️  parity_long_1H     (1H): 5/50 candles
2025-12-18 11:00:45,249 - ➡️  parity_short_1H    (1H): 47/50 candles
2025-12-18 11:00:45,255 - 
🔄 Processing strategy: revers_long_1H
2025-12-18 11:00:47,121 - 💫 Signals detected for revers_long_1H: 0
2025-12-18 11:00:47,128 - 

2025-12-18 11:00:47,131 - 🚫 revers_short_1H    (1H): 6 open positions
2025-12-18 11:00:47,134 - 🚫 parity_long_1H     (1H): 1 open positions
2025-12-18 11:00:47,138 - 🚫 parity_short_1H    (1H): 1 open positions
2025-12-18 11:00:47,141 - 🔂 Signal cycle completed
2025-12-18 11:00:47,147 - ========================================================================================================================

2025-12-18 11:00:47,150 - ⏰ Next candle for 1H: 2025-12-18 11:00:45 UTC
2025-12-18 11:01:17,280 - 
🔚 Interrupted by user.
2025-12-18 11:01:17,284 - ⛔ BOT Stopped
2025-12-18 11:01:21,236 - [1;94m========================================================================================================================[0m
2025-12-18 11:01:21,236 - [1;94m🤖 === STARTING MULTI-STRATEGY BOT OPERATING IN ACCOUNT: 01 🤖 ===[0m
2025-12-18 11:01:21,236 - [1;94m========================================================================================================================[0m
2025-12-18 11:01:21,236 - ✅  State loaded: 45 positions recovered
2025-12-18 11:01:21,236 -    ➡️  revers_short_1H: 6 positions | Candles: 15
2025-12-18 11:01:21,236 -       - BNBUSDT      | Size: 0.04       | Entry: 837.42    
2025-12-18 11:01:21,236 -       - BTCUSDT      | Size: 0.0004     | Entry: 85774.3   
2025-12-18 11:01:21,236 -       - DOGEUSDT     | Size: 318        | Entry: 0.1255    
2025-12-18 11:01:21,236 -       - ETHUSDT      | Size: 0.01       | Entry: 2810.52   
2025-12-18 11:01:21,236 -       - SOLUSDT      | Size: 0.3        | Entry: 122.031   
2025-12-18 11:01:21,236 -       - XRPUSDT      | Size: 21         | Entry: 1.8582    
2025-12-18 11:01:21,236 -    ➡️  revers_long_4H: 1 positions | Candles: 40
2025-12-18 11:01:21,236 -       - BGBUSDT      | Size: 11         | Entry: 3.6       
2025-12-18 11:01:21,236 -    ➡️  parity_long_4H: 1 positions | Candles: 40
2025-12-18 11:01:21,236 -       - BGBUSDT      | Size: 11         | Entry: 3.6       
2025-12-18 11:01:21,236 -    ➡️  revers_short_4H: 25 positions | Candles: 0
2025-12-18 11:01:21,236 -       - 1000BONKUSDT | Size: 5010       | Entry: 0.007984  
2025-12-18 11:01:21,236 -       - AAVEUSDT     | Size: 0.2        | Entry: 177.21    
2025-12-18 11:01:21,236 -       - ADAUSDT      | Size: 110        | Entry: 0.3621    
2025-12-18 11:01:21,236 -       - APTUSDT      | Size: 26.896     | Entry: 1.486872  
2025-12-18 11:01:21,236 -       - ARBUSDT      | Size: 219.9      | Entry: 0.1818    
2025-12-18 11:01:21,236 -       - AVAXUSDT     | Size: 3.4        | Entry: 11.754    
2025-12-18 11:01:21,236 -       - BGBUSDT      | Size: 11         | Entry: 3.457     
2025-12-18 11:01:21,236 -       - BNBUSDT      | Size: 0.04       | Entry: 833.07    
2025-12-18 11:01:21,236 -       - DOGEUSDT     | Size: 320        | Entry: 0.1248    
2025-12-18 11:01:21,236 -       - ENAUSDT      | Size: 198        | Entry: 0.2016    
2025-12-18 11:01:21,236 -       - ETHUSDT      | Size: 0.01       | Entry: 2837.5    
2025-12-18 11:01:21,236 -       - HBARUSDT     | Size: 367        | Entry: 0.10874   
2025-12-18 11:01:21,236 -       - HYPEUSDT     | Size: 1.66       | Entry: 23.974    
2025-12-18 11:01:21,236 -       - LINKUSDT     | Size: 3          | Entry: 12.193    
2025-12-18 11:01:21,236 -       - LTCUSDT      | Size: 0.5        | Entry: 75.46     
2025-12-18 11:01:21,237 -       - NEARUSDT     | Size: 27         | Entry: 1.4787    
2025-12-18 11:01:21,237 -       - ONDOUSDT     | Size: 104        | Entry: 0.3846    
2025-12-18 11:01:21,237 -       - PENGUUSDT    | Size: 4377       | Entry: 0.009132  
2025-12-18 11:01:21,237 -       - SEIUSDT      | Size: 360        | Entry: 0.11101   
2025-12-18 11:01:21,237 -       - SOLUSDT      | Size: 0.3        | Entry: 122.852   
2025-12-18 11:01:21,237 -       - SUIUSDT      | Size: 28.6       | Entry: 1.3968    
2025-12-18 11:01:21,237 -       - TAOUSDT      | Size: 0.175      | Entry: 228.03    
2025-12-18 11:01:21,237 -       - WIFUSDT      | Size: 114.8      | Entry: 0.3482    
2025-12-18 11:01:21,237 -       - WLDUSDT      | Size: 80         | Entry: 0.4955    
2025-12-18 11:01:21,237 -       - XRPUSDT      | Size: 21         | Entry: 1.84      
2025-12-18 11:01:21,237 -    ➡️  parity_short_4H: 2 positions | Candles: 40
2025-12-18 11:01:21,237 -       - BNBUSDT      | Size: 0.04       | Entry: 863.8     
2025-12-18 11:01:21,237 -       - BTCUSDT      | Size: 0.0004     | Entry: 89709     
2025-12-18 11:01:21,237 -    ➡️  double_top_long_4H: 1 positions | Candles: 39
2025-12-18 11:01:21,237 -       - BNBUSDT      | Size: 0.04       | Entry: 876.15    
2025-12-18 11:01:21,237 -    ➡️  revers_short_6Hutc: 5 positions | Candles: 10
2025-12-18 11:01:21,237 -       - BNBUSDT      | Size: 0.04       | Entry: 843.99    
2025-12-18 11:01:21,237 -       - BTCUSDT      | Size: 0.0004     | Entry: 85702     
2025-12-18 11:01:21,237 -       - DOGEUSDT     | Size: 312        | Entry: 0.12786   
2025-12-18 11:01:21,237 -       - SOLUSDT      | Size: 0.3        | Entry: 124.987   
2025-12-18 11:01:21,237 -       - XRPUSDT      | Size: 21         | Entry: 1.8909    
2025-12-18 11:01:21,237 -    ➡️  revers_long_6Hutc: 2 positions | Candles: 24
2025-12-18 11:01:21,237 -       - BNBUSDT      | Size: 0.03       | Entry: 891.18    
2025-12-18 11:01:21,237 -       - BTCUSDT      | Size: 0.0003     | Entry: 92367.4   
2025-12-18 11:01:21,237 -    ➡️  parity_short_1H: 1 positions | Candles: 47
2025-12-18 11:01:21,237 -       - BTCUSDT      | Size: 0.0004     | Entry: 86297.7   
2025-12-18 11:01:21,237 -    ➡️  parity_long_1H: 1 positions | Candles: 5
2025-12-18 11:01:21,237 -       - BTCUSDT      | Size: 0.0004     | Entry: 86727     
2025-12-18 11:01:21,591 - 🔹 Strategy double_top_long_4H (4H): 32 symbols
2025-12-18 11:01:21,594 - 🔹 Strategy revers_long_4H     (4H): 32 symbols
2025-12-18 11:01:21,597 - 🔹 Strategy parity_long_4H     (4H): 32 symbols
2025-12-18 11:01:21,599 - 🔹 Strategy revers_short_4H    (4H): 32 symbols
2025-12-18 11:01:21,602 - 🔹 Strategy parity_short_4H    (4H): 32 symbols
2025-12-18 11:01:21,604 - 🔹 Strategy revers_long_1H     (1H):  6 symbols
2025-12-18 11:01:21,607 - 🔹 Strategy revers_short_1H    (1H):  6 symbols
2025-12-18 11:01:21,609 - 🔹 Strategy revers_long_6Hutc  (6Hutc): 15 symbols
2025-12-18 11:01:21,612 - 🔹 Strategy revers_short_6Hutc (6Hutc): 15 symbols
2025-12-18 11:01:21,614 - 🔹 Strategy parity_long_1H     (1H):  6 symbols
2025-12-18 11:01:21,616 - 🔹 Strategy parity_short_1H    (1H):  6 symbols
2025-12-18 11:01:21,616 - 
➡️ Detected timeframes: 6Hutc, 1H, 4H
2025-12-18 11:01:21,616 -    🔹 6Hutc: revers_long_6Hutc, revers_short_6Hutc
2025-12-18 11:01:21,616 -    🔹 1H: revers_long_1H, revers_short_1H, parity_long_1H, parity_short_1H
2025-12-18 11:01:21,616 -    🔹 4H: double_top_long_4H, revers_long_4H, parity_long_4H, revers_short_4H, parity_short_4H
2025-12-18 11:01:21,616 - 
✅ BOT Initialization completed

2025-12-18 11:01:21,631 - 
2025-12-18 11:01:21,632 - [1;94m========================================================================================================================[0m
2025-12-18 11:01:21,632 - [1;94m📈 STRATEGY ANALYSIS[0m
2025-12-18 11:01:21,632 - [1;94m========================================================================================================================[0m
2025-12-18 11:01:21,641 - [1;85mStrategy          [0m  [1;85mdate_fo   [0m  [1;85m Trades_num[0m  [1;85m Trades_pct[0m  [1;85mTotal_profit[0m  [1;85m Profit_pct[0m  [1;85mTP_pct[0m  [1;85mSL_pct[0m  [1;85mOOM_pct[0m  [1;85mAvg_days[0m
2025-12-18 11:01:21,641 - [0;94mdouble_top_long_4H[0m  2025-12-11            3        33.33  [1;91m       -4.53[0m        -1.36   33.33   66.67      0.0       4.0
2025-12-18 11:01:21,642 - [0;94mparity_long_1H    [0m  2025-12-16            3        100.0  [1;92m        1.87[0m         0.56   100.0     0.0      0.0       1.2
2025-12-18 11:01:21,642 - [0;94mparity_long_4H    [0m  2025-12-11            2          0.0  [1;91m       -7.41[0m        -2.22     0.0   100.0      0.0      4.65
2025-12-18 11:01:21,642 - [0;94mparity_short_1H   [0m  2025-12-16            5        100.0  [1;92m        4.67[0m          1.4   100.0     0.0      0.0      1.42
2025-12-18 11:01:21,642 - [0;94mparity_short_4H   [0m  2025-12-11           27        92.59  [1;92m       40.06[0m         12.0   92.59    7.41      0.0      3.15
2025-12-18 11:01:21,642 - [0;94mrevers_long_1H    [0m  2025-12-11            6        33.33  [1;91m       -6.25[0m        -1.87   33.33     0.0      0.0      1.69
2025-12-18 11:01:21,642 - [0;94mrevers_long_4H    [0m  2025-12-11            1          0.0  [1;91m       -3.35[0m         -1.0     0.0   100.0      0.0      6.05
2025-12-18 11:01:21,642 - [0;94mrevers_long_6Hutc [0m  2025-12-12            4          0.0  [1;91m      -10.62[0m        -3.18     0.0   100.0      0.0      3.47
2025-12-18 11:01:21,642 - [0;94mrevers_short_1H   [0m  2025-12-11           21        80.95  [1;92m        8.68[0m          2.6   76.19    4.76      0.0      1.03
2025-12-18 11:01:21,642 - [0;94mrevers_short_4H   [0m  2025-12-11           49        97.96  [1;92m       84.72[0m        25.39   97.96    2.04      0.0      2.23
2025-12-18 11:01:21,642 - [0;94mrevers_short_6Hutc[0m  2025-12-12           12        83.33  [1;92m       11.45[0m         3.43   91.67    8.33      0.0      1.89
2025-12-18 11:01:21,642 - 
2025-12-18 11:01:21,642 - [1;94m========================================================================================================================[0m
2025-12-18 11:01:21,642 - [1;94m📊 TOTAL SUMMARY[0m
2025-12-18 11:01:21,642 - [1;94m========================================================================================================================[0m
2025-12-18 11:01:21,642 - [0;94m📊 Trades_num   :[0m 133
2025-12-18 11:01:21,642 - [0;94m🕜 Avg_duration :[0m 2.3 days
2025-12-18 11:01:21,642 - [0;94m🎯 Trades_pct   :[0m 83.46 %
2025-12-18 11:01:21,642 - [0;94m📈 Profit_pct   :[0m 3.25 %
2025-12-18 11:01:21,642 - 💵 [1;94mTOTAL_profit :[0m [1;92m119.29 $[0m
2025-12-18 11:01:21,642 - [1;94m========================================================================================================================[0m
2025-12-18 11:01:21,642 - 
2025-12-18 11:01:21,642 - 
[1;94mInitializing WebSocket connections...[0m
2025-12-18 11:01:22,637 - 🔌 PUBLIC  WebSocket connected
2025-12-18 11:01:22,637 - 🔌 PRIVATE WebSocket connected (first time)
2025-12-18 11:01:22,643 - 📱 WebSocket status:
2025-12-18 11:01:22,643 -    - Public WS    : ✅ Connected
2025-12-18 11:01:22,643 -    - Private WS   : ✅ Connected
2025-12-18 11:01:22,643 -    - Authenticated: ⚠️  No
2025-12-18 11:01:23,137 - 🛜 Subscribing to 5 private channels...
2025-12-18 11:01:23,137 - 🆗 orders
2025-12-18 11:01:23,137 - 🆗 fill
2025-12-18 11:01:23,137 - 🆗 positions
2025-12-18 11:01:23,137 - 🆗 account
2025-12-18 11:01:23,137 - 🆗 equity
2025-12-18 11:01:23,137 - ✅ WebSocket authentication successful
2025-12-18 11:01:23,143 - 📦 Pre-loading contract info for 33 symbols via API...
2025-12-18 11:01:34,173 - [0;36m✅ Pre-loaded 33/33 contracts[0m
2025-12-18 11:01:34,173 - 
2025-12-18 11:01:34,174 - ⏰ Next candle for 6Hutc : 2025-12-18 12:00:45 UTC
2025-12-18 11:01:34,174 - ⏰ Next candle for 1H    : 2025-12-18 11:00:45 UTC
2025-12-18 11:01:34,174 - ⏰ Next candle for 4H    : 2025-12-18 12:00:45 UTC
2025-12-18 11:06:16,952 - ⚠️ No price for BTCUSDT: No fresh price data for BTCUSDT
2025-12-18 11:06:17,965 - ⚠️ No price for BNBUSDT: No fresh price data for BNBUSDT
2025-12-18 11:52:17,585 - 
🔚 Interrupted by user.
2025-12-18 11:52:17,589 - ⛔ BOT Stopped
2025-12-18 11:52:22,508 - [1;94m========================================================================================================================[0m
2025-12-18 11:52:22,508 - [1;94m🤖 === STARTING MULTI-STRATEGY BOT OPERATING IN ACCOUNT: 01 🤖 ===[0m
2025-12-18 11:52:22,508 - [1;94m========================================================================================================================[0m
2025-12-18 11:52:22,508 - ✅  State loaded: 45 positions recovered
2025-12-18 11:52:22,508 -    ➡️  revers_short_1H: 6 positions | Candles: 15
2025-12-18 11:52:22,508 -       - BNBUSDT      | Size: 0.04       | Entry: 837.42    
2025-12-18 11:52:22,508 -       - BTCUSDT      | Size: 0.0004     | Entry: 85774.3   
2025-12-18 11:52:22,508 -       - DOGEUSDT     | Size: 318        | Entry: 0.1255    
2025-12-18 11:52:22,508 -       - ETHUSDT      | Size: 0.01       | Entry: 2810.52   
2025-12-18 11:52:22,508 -       - SOLUSDT      | Size: 0.3        | Entry: 122.031   
2025-12-18 11:52:22,508 -       - XRPUSDT      | Size: 21         | Entry: 1.8582    
2025-12-18 11:52:22,508 -    ➡️  revers_long_4H: 1 positions | Candles: 40
2025-12-18 11:52:22,508 -       - BGBUSDT      | Size: 11         | Entry: 3.6       
2025-12-18 11:52:22,508 -    ➡️  parity_long_4H: 1 positions | Candles: 40
2025-12-18 11:52:22,508 -       - BGBUSDT      | Size: 11         | Entry: 3.6       
2025-12-18 11:52:22,508 -    ➡️  revers_short_4H: 25 positions | Candles: 0
2025-12-18 11:52:22,508 -       - 1000BONKUSDT | Size: 5010       | Entry: 0.007984  
2025-12-18 11:52:22,508 -       - AAVEUSDT     | Size: 0.2        | Entry: 177.21    
2025-12-18 11:52:22,508 -       - ADAUSDT      | Size: 110        | Entry: 0.3621    
2025-12-18 11:52:22,508 -       - APTUSDT      | Size: 26.896     | Entry: 1.486872  
2025-12-18 11:52:22,508 -       - ARBUSDT      | Size: 219.9      | Entry: 0.1818    
2025-12-18 11:52:22,508 -       - AVAXUSDT     | Size: 3.4        | Entry: 11.754    
2025-12-18 11:52:22,508 -       - BGBUSDT      | Size: 11         | Entry: 3.457     
2025-12-18 11:52:22,508 -       - BNBUSDT      | Size: 0.04       | Entry: 833.07    
2025-12-18 11:52:22,508 -       - DOGEUSDT     | Size: 320        | Entry: 0.1248    
2025-12-18 11:52:22,508 -       - ENAUSDT      | Size: 198        | Entry: 0.2016    
2025-12-18 11:52:22,508 -       - ETHUSDT      | Size: 0.01       | Entry: 2837.5    
2025-12-18 11:52:22,508 -       - HBARUSDT     | Size: 367        | Entry: 0.10874   
2025-12-18 11:52:22,508 -       - HYPEUSDT     | Size: 1.66       | Entry: 23.974    
2025-12-18 11:52:22,508 -       - LINKUSDT     | Size: 3          | Entry: 12.193    
2025-12-18 11:52:22,508 -       - LTCUSDT      | Size: 0.5        | Entry: 75.46     
2025-12-18 11:52:22,508 -       - NEARUSDT     | Size: 27         | Entry: 1.4787    
2025-12-18 11:52:22,508 -       - ONDOUSDT     | Size: 104        | Entry: 0.3846    
2025-12-18 11:52:22,508 -       - PENGUUSDT    | Size: 4377       | Entry: 0.009132  
2025-12-18 11:52:22,508 -       - SEIUSDT      | Size: 360        | Entry: 0.11101   
2025-12-18 11:52:22,508 -       - SOLUSDT      | Size: 0.3        | Entry: 122.852   
2025-12-18 11:52:22,508 -       - SUIUSDT      | Size: 28.6       | Entry: 1.3968    
2025-12-18 11:52:22,508 -       - TAOUSDT      | Size: 0.175      | Entry: 228.03    
2025-12-18 11:52:22,508 -       - WIFUSDT      | Size: 114.8      | Entry: 0.3482    
2025-12-18 11:52:22,508 -       - WLDUSDT      | Size: 80         | Entry: 0.4955    
2025-12-18 11:52:22,508 -       - XRPUSDT      | Size: 21         | Entry: 1.84      
2025-12-18 11:52:22,509 -    ➡️  parity_short_4H: 2 positions | Candles: 40
2025-12-18 11:52:22,509 -       - BNBUSDT      | Size: 0.04       | Entry: 863.8     
2025-12-18 11:52:22,509 -       - BTCUSDT      | Size: 0.0004     | Entry: 89709     
2025-12-18 11:52:22,509 -    ➡️  double_top_long_4H: 1 positions | Candles: 39
2025-12-18 11:52:22,509 -       - BNBUSDT      | Size: 0.04       | Entry: 876.15    
2025-12-18 11:52:22,509 -    ➡️  revers_short_6Hutc: 5 positions | Candles: 10
2025-12-18 11:52:22,509 -       - BNBUSDT      | Size: 0.04       | Entry: 843.99    
2025-12-18 11:52:22,509 -       - BTCUSDT      | Size: 0.0004     | Entry: 85702     
2025-12-18 11:52:22,509 -       - DOGEUSDT     | Size: 312        | Entry: 0.12786   
2025-12-18 11:52:22,509 -       - SOLUSDT      | Size: 0.3        | Entry: 124.987   
2025-12-18 11:52:22,509 -       - XRPUSDT      | Size: 21         | Entry: 1.8909    
2025-12-18 11:52:22,509 -    ➡️  revers_long_6Hutc: 2 positions | Candles: 24
2025-12-18 11:52:22,509 -       - BNBUSDT      | Size: 0.03       | Entry: 891.18    
2025-12-18 11:52:22,509 -       - BTCUSDT      | Size: 0.0003     | Entry: 92367.4   
2025-12-18 11:52:22,509 -    ➡️  parity_short_1H: 1 positions | Candles: 47
2025-12-18 11:52:22,509 -       - BTCUSDT      | Size: 0.0004     | Entry: 86297.7   
2025-12-18 11:52:22,509 -    ➡️  parity_long_1H: 1 positions | Candles: 5
2025-12-18 11:52:22,509 -       - BTCUSDT      | Size: 0.0004     | Entry: 86727     
2025-12-18 11:52:22,938 - 🔹 Strategy double_top_long_4H (4H): 32 symbols
2025-12-18 11:52:22,941 - 🔹 Strategy revers_long_4H     (4H): 32 symbols
2025-12-18 11:52:22,944 - 🔹 Strategy parity_long_4H     (4H): 32 symbols
2025-12-18 11:52:22,946 - 🔹 Strategy revers_short_4H    (4H): 32 symbols
2025-12-18 11:52:22,949 - 🔹 Strategy parity_short_4H    (4H): 32 symbols
2025-12-18 11:52:22,951 - 🔹 Strategy revers_long_1H     (1H):  6 symbols
2025-12-18 11:52:22,953 - 🔹 Strategy revers_short_1H    (1H):  6 symbols
2025-12-18 11:52:22,956 - 🔹 Strategy revers_long_6Hutc  (6Hutc): 15 symbols
2025-12-18 11:52:22,958 - 🔹 Strategy revers_short_6Hutc (6Hutc): 15 symbols
2025-12-18 11:52:22,961 - 🔹 Strategy parity_long_1H     (1H):  6 symbols
2025-12-18 11:52:22,963 - 🔹 Strategy parity_short_1H    (1H):  6 symbols
2025-12-18 11:52:22,963 - 
➡️  Detected timeframes: 4H, 1H, 6Hutc
2025-12-18 11:52:22,963 -    🔹 4H: double_top_long_4H, revers_long_4H, parity_long_4H, revers_short_4H, parity_short_4H
2025-12-18 11:52:22,963 -    🔹 1H: revers_long_1H, revers_short_1H, parity_long_1H, parity_short_1H
2025-12-18 11:52:22,963 -    🔹 6Hutc: revers_long_6Hutc, revers_short_6Hutc
2025-12-18 11:52:22,963 - 
✅ BOT Initialization completed

2025-12-18 11:52:22,979 - 
2025-12-18 11:52:22,979 - [1;94m========================================================================================================================[0m
2025-12-18 11:52:22,979 - [1;94m📈 STRATEGY ANALYSIS[0m
2025-12-18 11:52:22,979 - [1;94m========================================================================================================================[0m
2025-12-18 11:52:22,988 - [1;85mStrategy          [0m  [1;85mdate_fo   [0m  [1;85m Trades_num[0m  [1;85m Trades_pct[0m  [1;85mTotal_profit[0m  [1;85m Profit_pct[0m  [1;85mTP_pct[0m  [1;85mSL_pct[0m  [1;85mOOM_pct[0m  [1;85mAvg_days[0m
2025-12-18 11:52:22,989 - [0;94mdouble_top_long_4H[0m  2025-12-11            3        33.33  [1;91m       -4.53[0m        -1.36   33.33   66.67      0.0       4.0
2025-12-18 11:52:22,989 - [0;94mparity_long_1H    [0m  2025-12-16            3        100.0  [1;92m        1.87[0m         0.56   100.0     0.0      0.0       1.2
2025-12-18 11:52:22,989 - [0;94mparity_long_4H    [0m  2025-12-11            2          0.0  [1;91m       -7.41[0m        -2.22     0.0   100.0      0.0      4.65
2025-12-18 11:52:22,989 - [0;94mparity_short_1H   [0m  2025-12-16            5        100.0  [1;92m        4.67[0m          1.4   100.0     0.0      0.0      1.42
2025-12-18 11:52:22,989 - [0;94mparity_short_4H   [0m  2025-12-11           27        92.59  [1;92m       40.06[0m         12.0   92.59    7.41      0.0      3.15
2025-12-18 11:52:22,989 - [0;94mrevers_long_1H    [0m  2025-12-11            6        33.33  [1;91m       -6.25[0m        -1.87   33.33     0.0      0.0      1.69
2025-12-18 11:52:22,989 - [0;94mrevers_long_4H    [0m  2025-12-11            1          0.0  [1;91m       -3.35[0m         -1.0     0.0   100.0      0.0      6.05
2025-12-18 11:52:22,989 - [0;94mrevers_long_6Hutc [0m  2025-12-12            4          0.0  [1;91m      -10.62[0m        -3.18     0.0   100.0      0.0      3.47
2025-12-18 11:52:22,989 - [0;94mrevers_short_1H   [0m  2025-12-11           21        80.95  [1;92m        8.68[0m          2.6   76.19    4.76      0.0      1.03
2025-12-18 11:52:22,989 - [0;94mrevers_short_4H   [0m  2025-12-11           49        97.96  [1;92m       84.72[0m        25.39   97.96    2.04      0.0      2.23
2025-12-18 11:52:22,989 - [0;94mrevers_short_6Hutc[0m  2025-12-12           12        83.33  [1;92m       11.45[0m         3.43   91.67    8.33      0.0      1.89
2025-12-18 11:52:22,989 - 
2025-12-18 11:52:22,989 - [1;94m========================================================================================================================[0m
2025-12-18 11:52:22,989 - [1;94m📊 TOTAL SUMMARY[0m
2025-12-18 11:52:22,989 - [1;94m========================================================================================================================[0m
2025-12-18 11:52:22,989 - [0;94m📊 Trades_num   :[0m 133
2025-12-18 11:52:22,989 - [0;94m🕜 Avg_duration :[0m 2.3 days
2025-12-18 11:52:22,989 - [0;94m🎯 Trades_pct   :[0m 83.46 %
2025-12-18 11:52:22,989 - [0;94m📈 Profit_pct   :[0m 3.25 %
2025-12-18 11:52:22,989 - 💵 [1;94mTOTAL_profit :[0m [1;92m119.29 $[0m
2025-12-18 11:52:22,989 - [1;94m========================================================================================================================[0m
2025-12-18 11:52:22,989 - 
2025-12-18 11:52:22,989 - 
[1;94mInitializing WebSocket connections...[0m
2025-12-18 11:52:23,990 - 📱 WebSocket status:
2025-12-18 11:52:23,990 -    - Public WS    : ⚠️  Not connected
2025-12-18 11:52:23,990 -    - Private WS   : ⚠️  Not connected
2025-12-18 11:52:23,990 -    - Authenticated: ⚠️  No
2025-12-18 11:52:24,018 - 🔌 PUBLIC  WebSocket connected
2025-12-18 11:52:24,018 - 🔌 PRIVATE WebSocket connected (first time)
2025-12-18 11:52:24,518 - 🛜 Subscribing to 5 private channels...
2025-12-18 11:52:24,518 - 🆗 orders
2025-12-18 11:52:24,518 - 🆗 fill
2025-12-18 11:52:24,519 - 🆗 positions
2025-12-18 11:52:24,519 - 🆗 account
2025-12-18 11:52:24,519 - 🆗 equity
2025-12-18 11:52:24,519 - ✅ WebSocket authentication successful
2025-12-18 11:52:24,991 - 📦 Pre-loading contract info for 33 symbols via API...
2025-12-18 11:52:37,862 - [0;36m✅ Pre-loaded 33/33 contracts[0m
2025-12-18 11:52:37,863 - 
2025-12-18 11:52:37,863 - ⏰ Next candle for 4H    : 2025-12-18 12:00:45 UTC
2025-12-18 11:52:37,863 - ⏰ Next candle for 1H    : 2025-12-18 11:00:45 UTC
2025-12-18 11:52:37,863 - ⏰ Next candle for 6Hutc : 2025-12-18 12:00:45 UTC
2025-12-18 12:00:45,026 - 
========================================================================================================================
2025-12-18 12:00:45,030 - 🔀 New candle(s) detected 2025-12-18 11:00:45 UTC
2025-12-18 12:00:45,033 - 🔹 Timeframes: 1H
2025-12-18 12:00:45,037 - 🌐 Syncronizing positions in broker...
2025-12-18 12:00:45,241 - ✅ Sync completed: All positions exist in broker
2025-12-18 12:00:45,244 - 📡 Signal search - 2025-12-18 11:00:45
2025-12-18 12:00:45,247 - ------------------------------------------------------------------------------------------------------------------------
2025-12-18 12:00:45,251 - ➡️  STATUS  : revers_short_1H    (1H): 16/50 candles
2025-12-18 12:00:45,255 - ➡️  STATUS  : parity_long_1H     (1H): 6/50 candles
2025-12-18 12:00:45,259 - ➡️  STATUS  : parity_short_1H    (1H): 48/50 candles
2025-12-18 12:00:45,265 - 
⚙️ Processing strategy: revers_long_1H
2025-12-18 12:00:47,331 - 💫 Signals detected for revers_long_1H: 0
2025-12-18 12:00:47,337 - 

2025-12-18 12:00:47,340 - 🚫 SKIPPING: revers_short_1H    (1H): 6 open positions
2025-12-18 12:00:47,343 - 🚫 SKIPPING: parity_long_1H     (1H): 1 open positions
2025-12-18 12:00:47,346 - 🚫 SKIPPING: parity_short_1H    (1H): 1 open positions
2025-12-18 12:00:47,349 - 🔂 Signal cycle completed
2025-12-18 12:00:47,356 - ========================================================================================================================

2025-12-18 12:00:47,359 - ⏰ Next candle for 1H: 2025-12-18 12:00:45 UTC
2025-12-18 12:15:40,789 - ⚠️  No price for BNBUSDT: No fresh price data for BNBUSDT
2025-12-18 13:00:45,033 - 
========================================================================================================================
2025-12-18 13:00:45,036 - 🔀 New candle(s) detected 2025-12-18 12:00:45 UTC
2025-12-18 13:00:45,039 - 🔹 Timeframes: 4H, 1H, 6Hutc
2025-12-18 13:00:45,043 - 🌐 Syncronizing positions in broker...
2025-12-18 13:00:45,250 - ✅ Sync completed: All positions exist in broker
2025-12-18 13:00:45,254 - 📡 Signal search - 2025-12-18 12:00:45
2025-12-18 13:00:45,258 - ------------------------------------------------------------------------------------------------------------------------
2025-12-18 13:00:45,262 - ➡️  STATUS  : double_top_long_4H (4H): 40/50 candles
2025-12-18 13:00:45,272 - ➡️  STATUS  : revers_long_4H     (4H): 41/50 candles
2025-12-18 13:00:45,276 - ➡️  STATUS  : parity_long_4H     (4H): 41/50 candles
2025-12-18 13:00:45,279 - ➡️  STATUS  : revers_short_4H    (4H): 1/50 candles
2025-12-18 13:00:45,283 - ➡️  STATUS  : parity_short_4H    (4H): 41/50 candles
2025-12-18 13:00:45,287 - ➡️  STATUS  : revers_short_1H    (1H): 17/50 candles
2025-12-18 13:00:45,291 - ➡️  STATUS  : parity_long_1H     (1H): 7/50 candles
2025-12-18 13:00:45,294 - ➡️  STATUS  : parity_short_1H    (1H): 49/50 candles
2025-12-18 13:00:45,298 - ➡️  STATUS  : revers_long_6Hutc  (6Hutc): 25/50 candles
2025-12-18 13:00:45,302 - ➡️  STATUS  : revers_short_6Hutc (6Hutc): 11/50 candles
2025-12-18 13:00:45,305 - 🚫 SKIPPING: double_top_long_4H (4H): 1 open positions
2025-12-18 13:00:45,308 - 🚫 SKIPPING: revers_long_4H     (4H): 1 open positions
2025-12-18 13:00:45,311 - 🚫 SKIPPING: parity_long_4H     (4H): 1 open positions
2025-12-18 13:00:45,314 - 🚫 SKIPPING: revers_short_4H    (4H): 25 open positions
2025-12-18 13:00:45,317 - 🚫 SKIPPING: parity_short_4H    (4H): 2 open positions
2025-12-18 13:00:45,323 - 
⚙️ Processing strategy: revers_long_1H
2025-12-18 13:00:47,471 - 💫 Signals detected for revers_long_1H: 0
2025-12-18 13:00:47,477 - 

2025-12-18 13:00:47,481 - 🚫 SKIPPING: revers_short_1H    (1H): 6 open positions
2025-12-18 13:00:47,484 - 🚫 SKIPPING: parity_long_1H     (1H): 1 open positions
2025-12-18 13:00:47,488 - 🚫 SKIPPING: parity_short_1H    (1H): 1 open positions
2025-12-18 13:00:47,491 - 🚫 SKIPPING: revers_long_6Hutc  (6Hutc): 2 open positions
2025-12-18 13:00:47,494 - 🚫 SKIPPING: revers_short_6Hutc (6Hutc): 5 open positions
2025-12-18 13:00:47,498 - 🔂 Signal cycle completed
2025-12-18 13:00:47,504 - ========================================================================================================================

2025-12-18 13:00:47,507 - ⏰ Next candle for 4H: 2025-12-18 16:00:45 UTC
2025-12-18 13:00:47,511 - ⏰ Next candle for 1H: 2025-12-18 13:00:45 UTC
2025-12-18 13:00:47,514 - ⏰ Next candle for 6Hutc: 2025-12-18 18:00:45 UTC
2025-12-18 14:00:45,015 - 
========================================================================================================================
2025-12-18 14:00:45,019 - 🔀 New candle(s) detected 2025-12-18 13:00:45 UTC
2025-12-18 14:00:45,022 - 🔹 Timeframes: 1H
2025-12-18 14:00:45,026 - 🌐 Syncronizing positions in broker...
2025-12-18 14:00:45,230 - ✅ Sync completed: All positions exist in broker
2025-12-18 14:00:45,233 - 📡 Signal search - 2025-12-18 13:00:45
2025-12-18 14:00:45,236 - ------------------------------------------------------------------------------------------------------------------------
2025-12-18 14:00:45,240 - ➡️  STATUS  : revers_short_1H    (1H): 18/50 candles
2025-12-18 14:00:45,250 - ➡️  STATUS  : parity_long_1H     (1H): 8/50 candles
2025-12-18 14:00:45,254 - ➡️  STATUS  : parity_short_1H    (1H): 50/50 candles
2025-12-18 14:00:45,260 - 
🕓 TIMEOUT REACHED for strategy parity_short_1H
2025-12-18 14:00:45,263 - ➡ Candles ongoing         : 50/50
2025-12-18 14:00:45,266 - → Closing 1 positions...
2025-12-18 14:00:45,653 - ✅ Position closed due to TIMEOUT: BTCUSDT | Size: 0.0004
2025-12-18 14:00:45,741 - 📋 Trade logged: BTCUSDT | Profit: -0.41 USDT (-1.03%) | Duration: 2.1666 days
2025-12-18 14:00:45,759 - 
2025-12-18 14:00:45,762 - [1;94m========================================================================================================================[0m
2025-12-18 14:00:45,766 - [1;94m📈 STRATEGY ANALYSIS[0m
2025-12-18 14:00:45,769 - [1;94m========================================================================================================================[0m
2025-12-18 14:00:45,782 - [1;85mStrategy          [0m  [1;85mdate_fo   [0m  [1;85m Trades_num[0m  [1;85m Trades_pct[0m  [1;85mTotal_profit[0m  [1;85m Profit_pct[0m  [1;85mTP_pct[0m  [1;85mSL_pct[0m  [1;85mOOM_pct[0m  [1;85mAvg_days[0m
2025-12-18 14:00:45,786 - [0;94mdouble_top_long_4H[0m  2025-12-11            3        33.33  [1;91m       -4.53[0m        -1.36   33.33   66.67      0.0       4.0
2025-12-18 14:00:45,789 - [0;94mparity_long_1H    [0m  2025-12-16            3        100.0  [1;92m        1.87[0m         0.56   100.0     0.0      0.0       1.2
2025-12-18 14:00:45,792 - [0;94mparity_long_4H    [0m  2025-12-11            2          0.0  [1;91m       -7.41[0m        -2.22     0.0   100.0      0.0      4.65
2025-12-18 14:00:45,795 - [0;94mparity_short_1H   [0m  2025-12-16            6        83.33  [1;92m        4.26[0m         1.28   83.33     0.0      0.0      1.54
2025-12-18 14:00:45,799 - [0;94mparity_short_4H   [0m  2025-12-11           27        92.59  [1;92m       40.06[0m         12.0   92.59    7.41      0.0      3.15
2025-12-18 14:00:45,803 - [0;94mrevers_long_1H    [0m  2025-12-11            6        33.33  [1;91m       -6.25[0m        -1.87   33.33     0.0      0.0      1.69
2025-12-18 14:00:45,806 - [0;94mrevers_long_4H    [0m  2025-12-11            1          0.0  [1;91m       -3.35[0m         -1.0     0.0   100.0      0.0      6.05
2025-12-18 14:00:45,809 - [0;94mrevers_long_6Hutc [0m  2025-12-12            4          0.0  [1;91m      -10.62[0m        -3.18     0.0   100.0      0.0      3.47
2025-12-18 14:00:45,813 - [0;94mrevers_short_1H   [0m  2025-12-11           21        80.95  [1;92m        8.68[0m          2.6   76.19    4.76      0.0      1.03
2025-12-18 14:00:45,816 - [0;94mrevers_short_4H   [0m  2025-12-11           49        97.96  [1;92m       84.72[0m        25.39   97.96    2.04      0.0      2.23
2025-12-18 14:00:45,819 - [0;94mrevers_short_6Hutc[0m  2025-12-12           12        83.33  [1;92m       11.45[0m         3.43   91.67    8.33      0.0      1.89
2025-12-18 14:00:45,823 - 
2025-12-18 14:00:45,826 - [1;94m========================================================================================================================[0m
2025-12-18 14:00:45,829 - [1;94m📊 TOTAL SUMMARY[0m
2025-12-18 14:00:45,832 - [1;94m========================================================================================================================[0m
2025-12-18 14:00:45,836 - [0;94m📊 Trades_num   :[0m 134
2025-12-18 14:00:45,839 - [0;94m🕜 Avg_duration :[0m 2.3 days
2025-12-18 14:00:45,842 - [0;94m🎯 Trades_pct   :[0m 82.84 %
2025-12-18 14:00:45,845 - [0;94m📈 Profit_pct   :[0m 3.24 %
2025-12-18 14:00:45,848 - 💵 [1;94mTOTAL_profit :[0m [1;92m118.88 $[0m
2025-12-18 14:00:45,852 - [1;94m========================================================================================================================[0m
2025-12-18 14:00:45,855 - 
2025-12-18 14:00:45,873 - 
2025-12-18 14:00:45,876 - [1;94m========================================================================================================================[0m
2025-12-18 14:00:45,879 - [1;94m📈 STRATEGY ANALYSIS[0m
2025-12-18 14:00:45,883 - [1;94m========================================================================================================================[0m
2025-12-18 14:00:45,895 - [1;85mStrategy          [0m  [1;85mdate_fo   [0m  [1;85m Trades_num[0m  [1;85m Trades_pct[0m  [1;85mTotal_profit[0m  [1;85m Profit_pct[0m  [1;85mTP_pct[0m  [1;85mSL_pct[0m  [1;85mOOM_pct[0m  [1;85mAvg_days[0m
2025-12-18 14:00:45,898 - [0;94mdouble_top_long_4H[0m  2025-12-11            3        33.33  [1;91m       -4.53[0m        -1.36   33.33   66.67      0.0       4.0
2025-12-18 14:00:45,901 - [0;94mparity_long_1H    [0m  2025-12-16            3        100.0  [1;92m        1.87[0m         0.56   100.0     0.0      0.0       1.2
2025-12-18 14:00:45,908 - [0;94mparity_long_4H    [0m  2025-12-11            2          0.0  [1;91m       -7.41[0m        -2.22     0.0   100.0      0.0      4.65
2025-12-18 14:00:45,911 - [0;94mparity_short_1H   [0m  2025-12-16            6        83.33  [1;92m        4.26[0m         1.28   83.33     0.0      0.0      1.54
2025-12-18 14:00:45,914 - [0;94mparity_short_4H   [0m  2025-12-11           27        92.59  [1;92m       40.06[0m         12.0   92.59    7.41      0.0      3.15
2025-12-18 14:00:45,917 - [0;94mrevers_long_1H    [0m  2025-12-11            6        33.33  [1;91m       -6.25[0m        -1.87   33.33     0.0      0.0      1.69
2025-12-18 14:00:45,920 - [0;94mrevers_long_4H    [0m  2025-12-11            1          0.0  [1;91m       -3.35[0m         -1.0     0.0   100.0      0.0      6.05
2025-12-18 14:00:45,924 - [0;94mrevers_long_6Hutc [0m  2025-12-12            4          0.0  [1;91m      -10.62[0m        -3.18     0.0   100.0      0.0      3.47
2025-12-18 14:00:45,927 - [0;94mrevers_short_1H   [0m  2025-12-11           21        80.95  [1;92m        8.68[0m          2.6   76.19    4.76      0.0      1.03
2025-12-18 14:00:45,930 - [0;94mrevers_short_4H   [0m  2025-12-11           49        97.96  [1;92m       84.72[0m        25.39   97.96    2.04      0.0      2.23
2025-12-18 14:00:45,933 - [0;94mrevers_short_6Hutc[0m  2025-12-12           12        83.33  [1;92m       11.45[0m         3.43   91.67    8.33      0.0      1.89
2025-12-18 14:00:45,937 - 
2025-12-18 14:00:45,940 - [1;94m========================================================================================================================[0m
2025-12-18 14:00:45,943 - [1;94m📊 TOTAL SUMMARY[0m
2025-12-18 14:00:45,946 - [1;94m========================================================================================================================[0m
2025-12-18 14:00:45,949 - [0;94m📊 Trades_num   :[0m 134
2025-12-18 14:00:45,952 - [0;94m🕜 Avg_duration :[0m 2.3 days
2025-12-18 14:00:45,955 - [0;94m🎯 Trades_pct   :[0m 82.84 %
2025-12-18 14:00:45,958 - [0;94m📈 Profit_pct   :[0m 3.24 %
2025-12-18 14:00:45,961 - 💵 [1;94mTOTAL_profit :[0m [1;92m118.88 $[0m
2025-12-18 14:00:45,964 - [1;94m========================================================================================================================[0m
2025-12-18 14:00:45,967 - 
2025-12-18 14:00:45,973 - 
⚙️ Processing strategy: revers_long_1H
2025-12-18 14:00:47,988 - 💫 Signals detected for revers_long_1H: 0
2025-12-18 14:00:47,994 - 

2025-12-18 14:00:47,997 - 🚫 SKIPPING: revers_short_1H    (1H): 6 open positions
2025-12-18 14:00:48,000 - 🚫 SKIPPING: parity_long_1H     (1H): 1 open positions
2025-12-18 14:00:48,007 - 
⚙️ Processing strategy: parity_short_1H
2025-12-18 14:00:49,996 - 💫 Signals detected for parity_short_1H: 5
2025-12-18 14:00:50,002 - 

2025-12-18 14:00:50,343 - ✅ ⬇️  SHORT  BNBUSDT    | Size: 0.04     | Price: 839       
2025-12-18 14:00:51,059 - ✅ ⬇️  SHORT  DOGEUSDT   | Size: 316      | Price: 0.12641   
2025-12-18 14:00:51,566 - ✅ ⬇️  SHORT  ETHUSDT    | Size: 0.01     | Price: 2872.12   
2025-12-18 14:00:52,041 - ✅ ⬇️  SHORT  SOLUSDT    | Size: 0.3      | Price: 124.011   
2025-12-18 14:00:52,500 - ✅ ⬇️  SHORT  XRPUSDT    | Size: 21       | Price: 1.8831    
2025-12-18 14:00:52,655 - 🔂 Signal cycle completed
2025-12-18 14:00:52,661 - ========================================================================================================================

2025-12-18 14:00:52,664 - ⏰ Next candle for 1H: 2025-12-18 14:00:45 UTC
2025-12-18 14:41:38,387 - 
💲 TP REACHED for BTCUSDT (parity_long_1H) at 14:41
2025-12-18 14:41:38,744 - ✅ Position closed due to TP: BTCUSDT | Size: 0.0004
2025-12-18 14:41:38,830 - 📋 Trade logged: BTCUSDT | Profit: 0.34 USDT (+0.85%) | Duration: 0.4033 days
2025-12-18 14:41:38,847 - 
2025-12-18 14:41:38,850 - [1;94m========================================================================================================================[0m
2025-12-18 14:41:38,854 - [1;94m📈 STRATEGY ANALYSIS[0m
2025-12-18 14:41:38,857 - [1;94m========================================================================================================================[0m
2025-12-18 14:41:38,869 - [1;85mStrategy          [0m  [1;85mdate_fo   [0m  [1;85m Trades_num[0m  [1;85m Trades_pct[0m  [1;85mTotal_profit[0m  [1;85m Profit_pct[0m  [1;85mTP_pct[0m  [1;85mSL_pct[0m  [1;85mOOM_pct[0m  [1;85mAvg_days[0m
2025-12-18 14:41:38,873 - [0;94mdouble_top_long_4H[0m  2025-12-11            3        33.33  [1;91m       -4.53[0m        -1.36   33.33   66.67      0.0       4.0
2025-12-18 14:41:38,876 - [0;94mparity_long_1H    [0m  2025-12-16            4        100.0  [1;92m        2.21[0m         0.66   100.0     0.0      0.0       1.0
2025-12-18 14:41:38,879 - [0;94mparity_long_4H    [0m  2025-12-11            2          0.0  [1;91m       -7.41[0m        -2.22     0.0   100.0      0.0      4.65
2025-12-18 14:41:38,883 - [0;94mparity_short_1H   [0m  2025-12-16            6        83.33  [1;92m        4.26[0m         1.28   83.33     0.0      0.0      1.54
2025-12-18 14:41:38,886 - [0;94mparity_short_4H   [0m  2025-12-11           27        92.59  [1;92m       40.06[0m         12.0   92.59    7.41      0.0      3.15
2025-12-18 14:41:38,889 - [0;94mrevers_long_1H    [0m  2025-12-11            6        33.33  [1;91m       -6.25[0m        -1.87   33.33     0.0      0.0      1.69
2025-12-18 14:41:38,893 - [0;94mrevers_long_4H    [0m  2025-12-11            1          0.0  [1;91m       -3.35[0m         -1.0     0.0   100.0      0.0      6.05
2025-12-18 14:41:38,896 - [0;94mrevers_long_6Hutc [0m  2025-12-12            4          0.0  [1;91m      -10.62[0m        -3.18     0.0   100.0      0.0      3.47
2025-12-18 14:41:38,899 - [0;94mrevers_short_1H   [0m  2025-12-11           21        80.95  [1;92m        8.68[0m          2.6   76.19    4.76      0.0      1.03
2025-12-18 14:41:38,903 - [0;94mrevers_short_4H   [0m  2025-12-11           49        97.96  [1;92m       84.72[0m        25.39   97.96    2.04      0.0      2.23
2025-12-18 14:41:38,906 - [0;94mrevers_short_6Hutc[0m  2025-12-12           12        83.33  [1;92m       11.45[0m         3.43   91.67    8.33      0.0      1.89
2025-12-18 14:41:38,909 - 
2025-12-18 14:41:38,913 - [1;94m========================================================================================================================[0m
2025-12-18 14:41:38,916 - [1;94m📊 TOTAL SUMMARY[0m
2025-12-18 14:41:38,919 - [1;94m========================================================================================================================[0m
2025-12-18 14:41:38,923 - [0;94m📊 Trades_num   :[0m 135
2025-12-18 14:41:38,926 - [0;94m🕜 Avg_duration :[0m 2.2 days
2025-12-18 14:41:38,929 - [0;94m🎯 Trades_pct   :[0m 82.96 %
2025-12-18 14:41:38,932 - [0;94m📈 Profit_pct   :[0m 3.25 %
2025-12-18 14:41:38,936 - 💵 [1;94mTOTAL_profit :[0m [1;92m119.22 $[0m
2025-12-18 14:41:38,939 - [1;94m========================================================================================================================[0m
2025-12-18 14:41:38,942 - 
2025-12-18 14:48:19,395 - 
🔻 SL REACHED for ETHUSDT (revers_short_1H) at 14:48
2025-12-18 14:48:19,814 - ✅ Position closed due to SL: ETHUSDT | Size: 0.01
2025-12-18 14:48:19,903 - 📋 Trade logged: ETHUSDT | Profit: -1.19 USDT (-2.96%) | Duration: 0.8246 days
2025-12-18 14:48:19,921 - 
2025-12-18 14:48:19,924 - [1;94m========================================================================================================================[0m
2025-12-18 14:48:19,926 - [1;94m📈 STRATEGY ANALYSIS[0m
2025-12-18 14:48:19,929 - [1;94m========================================================================================================================[0m
2025-12-18 14:48:19,942 - [1;85mStrategy          [0m  [1;85mdate_fo   [0m  [1;85m Trades_num[0m  [1;85m Trades_pct[0m  [1;85mTotal_profit[0m  [1;85m Profit_pct[0m  [1;85mTP_pct[0m  [1;85mSL_pct[0m  [1;85mOOM_pct[0m  [1;85mAvg_days[0m
2025-12-18 14:48:19,945 - [0;94mdouble_top_long_4H[0m  2025-12-11            3        33.33  [1;91m       -4.53[0m        -1.36   33.33   66.67      0.0       4.0
2025-12-18 14:48:19,948 - [0;94mparity_long_1H    [0m  2025-12-16            4        100.0  [1;92m        2.21[0m         0.66   100.0     0.0      0.0       1.0
2025-12-18 14:48:19,951 - [0;94mparity_long_4H    [0m  2025-12-11            2          0.0  [1;91m       -7.41[0m        -2.22     0.0   100.0      0.0      4.65
2025-12-18 14:48:19,954 - [0;94mparity_short_1H   [0m  2025-12-16            6        83.33  [1;92m        4.26[0m         1.28   83.33     0.0      0.0      1.54
2025-12-18 14:48:19,957 - [0;94mparity_short_4H   [0m  2025-12-11           27        92.59  [1;92m       40.06[0m         12.0   92.59    7.41      0.0      3.15
2025-12-18 14:48:19,960 - [0;94mrevers_long_1H    [0m  2025-12-11            6        33.33  [1;91m       -6.25[0m        -1.87   33.33     0.0      0.0      1.69
2025-12-18 14:48:19,963 - [0;94mrevers_long_4H    [0m  2025-12-11            1          0.0  [1;91m       -3.35[0m         -1.0     0.0   100.0      0.0      6.05
2025-12-18 14:48:19,966 - [0;94mrevers_long_6Hutc [0m  2025-12-12            4          0.0  [1;91m      -10.62[0m        -3.18     0.0   100.0      0.0      3.47
2025-12-18 14:48:19,969 - [0;94mrevers_short_1H   [0m  2025-12-11           22        77.27  [1;92m        7.49[0m         2.24   72.73    9.09      0.0      1.02
2025-12-18 14:48:19,972 - [0;94mrevers_short_4H   [0m  2025-12-11           49        97.96  [1;92m       84.72[0m        25.39   97.96    2.04      0.0      2.23
2025-12-18 14:48:19,975 - [0;94mrevers_short_6Hutc[0m  2025-12-12           12        83.33  [1;92m       11.45[0m         3.43   91.67    8.33      0.0      1.89
2025-12-18 14:48:19,978 - 
2025-12-18 14:48:19,981 - [1;94m========================================================================================================================[0m
2025-12-18 14:48:19,984 - [1;94m📊 TOTAL SUMMARY[0m
2025-12-18 14:48:19,987 - [1;94m========================================================================================================================[0m
2025-12-18 14:48:19,990 - [0;94m📊 Trades_num   :[0m 136
2025-12-18 14:48:19,993 - [0;94m🕜 Avg_duration :[0m 2.2 days
2025-12-18 14:48:19,996 - [0;94m🎯 Trades_pct   :[0m 82.35 %
2025-12-18 14:48:19,999 - [0;94m📈 Profit_pct   :[0m 3.22 %
2025-12-18 14:48:20,002 - 💵 [1;94mTOTAL_profit :[0m [1;92m118.03 $[0m
2025-12-18 14:48:20,005 - [1;94m========================================================================================================================[0m
2025-12-18 14:48:20,008 - 
2025-12-18 14:58:42,670 - 
🔚 Interrupted by user.
2025-12-18 14:58:42,674 - ⛔ BOT Stopped
2025-12-18 14:58:46,778 - [1;94m========================================================================================================================[0m
2025-12-18 14:58:46,778 - [1;94m🤖 === STARTING MULTI-STRATEGY BOT OPERATING IN ACCOUNT: 01 🤖 ===[0m
2025-12-18 14:58:46,778 - [1;94m========================================================================================================================[0m
2025-12-18 14:58:46,779 - ✅  State loaded: 47 positions recovered
2025-12-18 14:58:46,779 -    ➡️  revers_short_1H: 5 positions | Candles: 18
2025-12-18 14:58:46,779 -       - BNBUSDT      | Size: 0.04       | Entry: 837.42    
2025-12-18 14:58:46,779 -       - BTCUSDT      | Size: 0.0004     | Entry: 85774.3   
2025-12-18 14:58:46,779 -       - DOGEUSDT     | Size: 318        | Entry: 0.1255    
2025-12-18 14:58:46,779 -       - SOLUSDT      | Size: 0.3        | Entry: 122.031   
2025-12-18 14:58:46,779 -       - XRPUSDT      | Size: 21         | Entry: 1.8582    
2025-12-18 14:58:46,779 -    ➡️  revers_long_4H: 1 positions | Candles: 41
2025-12-18 14:58:46,779 -       - BGBUSDT      | Size: 11         | Entry: 3.6       
2025-12-18 14:58:46,779 -    ➡️  parity_long_4H: 1 positions | Candles: 41
2025-12-18 14:58:46,779 -       - BGBUSDT      | Size: 11         | Entry: 3.6       
2025-12-18 14:58:46,779 -    ➡️  revers_short_4H: 25 positions | Candles: 1
2025-12-18 14:58:46,779 -       - 1000BONKUSDT | Size: 5010       | Entry: 0.007984  
2025-12-18 14:58:46,779 -       - AAVEUSDT     | Size: 0.2        | Entry: 177.21    
2025-12-18 14:58:46,779 -       - ADAUSDT      | Size: 110        | Entry: 0.3621    
2025-12-18 14:58:46,779 -       - APTUSDT      | Size: 26.896     | Entry: 1.486872  
2025-12-18 14:58:46,779 -       - ARBUSDT      | Size: 219.9      | Entry: 0.1818    
2025-12-18 14:58:46,779 -       - AVAXUSDT     | Size: 3.4        | Entry: 11.754    
2025-12-18 14:58:46,779 -       - BGBUSDT      | Size: 11         | Entry: 3.457     
2025-12-18 14:58:46,779 -       - BNBUSDT      | Size: 0.04       | Entry: 833.07    
2025-12-18 14:58:46,779 -       - DOGEUSDT     | Size: 320        | Entry: 0.1248    
2025-12-18 14:58:46,779 -       - ENAUSDT      | Size: 198        | Entry: 0.2016    
2025-12-18 14:58:46,779 -       - ETHUSDT      | Size: 0.01       | Entry: 2837.5    
2025-12-18 14:58:46,779 -       - HBARUSDT     | Size: 367        | Entry: 0.10874   
2025-12-18 14:58:46,779 -       - HYPEUSDT     | Size: 1.66       | Entry: 23.974    
2025-12-18 14:58:46,779 -       - LINKUSDT     | Size: 3          | Entry: 12.193    
2025-12-18 14:58:46,779 -       - LTCUSDT      | Size: 0.5        | Entry: 75.46     
2025-12-18 14:58:46,779 -       - NEARUSDT     | Size: 27         | Entry: 1.4787    
2025-12-18 14:58:46,779 -       - ONDOUSDT     | Size: 104        | Entry: 0.3846    
2025-12-18 14:58:46,779 -       - PENGUUSDT    | Size: 4377       | Entry: 0.009132  
2025-12-18 14:58:46,779 -       - SEIUSDT      | Size: 360        | Entry: 0.11101   
2025-12-18 14:58:46,779 -       - SOLUSDT      | Size: 0.3        | Entry: 122.852   
2025-12-18 14:58:46,779 -       - SUIUSDT      | Size: 28.6       | Entry: 1.3968    
2025-12-18 14:58:46,779 -       - TAOUSDT      | Size: 0.175      | Entry: 228.03    
2025-12-18 14:58:46,779 -       - WIFUSDT      | Size: 114.8      | Entry: 0.3482    
2025-12-18 14:58:46,779 -       - WLDUSDT      | Size: 80         | Entry: 0.4955    
2025-12-18 14:58:46,779 -       - XRPUSDT      | Size: 21         | Entry: 1.84      
2025-12-18 14:58:46,779 -    ➡️  parity_short_4H: 2 positions | Candles: 41
2025-12-18 14:58:46,779 -       - BNBUSDT      | Size: 0.04       | Entry: 863.8     
2025-12-18 14:58:46,779 -       - BTCUSDT      | Size: 0.0004     | Entry: 89709     
2025-12-18 14:58:46,779 -    ➡️  double_top_long_4H: 1 positions | Candles: 40
2025-12-18 14:58:46,779 -       - BNBUSDT      | Size: 0.04       | Entry: 876.15    
2025-12-18 14:58:46,779 -    ➡️  revers_short_6Hutc: 5 positions | Candles: 11
2025-12-18 14:58:46,779 -       - BNBUSDT      | Size: 0.04       | Entry: 843.99    
2025-12-18 14:58:46,779 -       - BTCUSDT      | Size: 0.0004     | Entry: 85702     
2025-12-18 14:58:46,779 -       - DOGEUSDT     | Size: 312        | Entry: 0.12786   
2025-12-18 14:58:46,779 -       - SOLUSDT      | Size: 0.3        | Entry: 124.987   
2025-12-18 14:58:46,779 -       - XRPUSDT      | Size: 21         | Entry: 1.8909    
2025-12-18 14:58:46,779 -    ➡️  revers_long_6Hutc: 2 positions | Candles: 25
2025-12-18 14:58:46,779 -       - BNBUSDT      | Size: 0.03       | Entry: 891.18    
2025-12-18 14:58:46,779 -       - BTCUSDT      | Size: 0.0003     | Entry: 92367.4   
2025-12-18 14:58:46,779 -    ➡️  parity_short_1H: 5 positions | Candles: 0
2025-12-18 14:58:46,779 -       - BNBUSDT      | Size: 0.04       | Entry: 839.3     
2025-12-18 14:58:46,779 -       - DOGEUSDT     | Size: 316        | Entry: 0.12641   
2025-12-18 14:58:46,779 -       - ETHUSDT      | Size: 0.01       | Entry: 2872.3    
2025-12-18 14:58:46,779 -       - SOLUSDT      | Size: 0.3        | Entry: 124.012   
2025-12-18 14:58:46,779 -       - XRPUSDT      | Size: 21         | Entry: 1.8831    
2025-12-18 14:58:47,203 - 🔹 Strategy double_top_long_4H (4H): 32 symbols
2025-12-18 14:58:47,205 - 🔹 Strategy revers_long_4H     (4H): 32 symbols
2025-12-18 14:58:47,208 - 🔹 Strategy parity_long_4H     (4H): 32 symbols
2025-12-18 14:58:47,211 - 🔹 Strategy revers_short_4H    (4H): 32 symbols
2025-12-18 14:58:47,213 - 🔹 Strategy parity_short_4H    (4H): 32 symbols
2025-12-18 14:58:47,216 - 🔹 Strategy revers_long_1H     (1H):  6 symbols
2025-12-18 14:58:47,218 - 🔹 Strategy revers_short_1H    (1H):  6 symbols
2025-12-18 14:58:47,221 - 🔹 Strategy revers_long_6Hutc  (6Hutc): 15 symbols
2025-12-18 14:58:47,223 - 🔹 Strategy revers_short_6Hutc (6Hutc): 15 symbols
2025-12-18 14:58:47,225 - 🔹 Strategy parity_long_1H     (1H):  6 symbols
2025-12-18 14:58:47,227 - 🔹 Strategy parity_short_1H    (1H):  6 symbols
2025-12-18 14:58:47,227 - 
➡️  Detected timeframes: 1H, 6Hutc, 4H
2025-12-18 14:58:47,227 -    🔹 1H: revers_long_1H, revers_short_1H, parity_long_1H, parity_short_1H
2025-12-18 14:58:47,227 -    🔹 6Hutc: revers_long_6Hutc, revers_short_6Hutc
2025-12-18 14:58:47,228 -    🔹 4H: double_top_long_4H, revers_long_4H, parity_long_4H, revers_short_4H, parity_short_4H
2025-12-18 14:58:47,228 - 
✅ BOT Initialization completed

2025-12-18 14:58:47,243 - 
2025-12-18 14:58:47,243 - [1;94m========================================================================================================================[0m
2025-12-18 14:58:47,243 - [1;94m📈 STRATEGY ANALYSIS[0m
2025-12-18 14:58:47,243 - [1;94m========================================================================================================================[0m
2025-12-18 14:58:47,253 - [1;85mStrategy          [0m  [1;85mdate_fo   [0m  [1;85m Trades_num[0m  [1;85m Trades_pct[0m  [1;85mTotal_profit[0m  [1;85m Profit_pct[0m  [1;85mTP_pct[0m  [1;85mSL_pct[0m  [1;85mOOM_pct[0m  [1;85mAvg_days[0m
2025-12-18 14:58:47,253 - [0;94mdouble_top_long_4H[0m  2025-12-11            3        33.33  [1;91m       -4.53[0m        -1.36   33.33   66.67      0.0       4.0
2025-12-18 14:58:47,253 - [0;94mparity_long_1H    [0m  2025-12-16            4        100.0  [1;92m        2.21[0m         0.66   100.0     0.0      0.0       1.0
2025-12-18 14:58:47,253 - [0;94mparity_long_4H    [0m  2025-12-11            2          0.0  [1;91m       -7.41[0m        -2.22     0.0   100.0      0.0      4.65
2025-12-18 14:58:47,253 - [0;94mparity_short_1H   [0m  2025-12-16            6        83.33  [1;92m        4.26[0m         1.28   83.33     0.0      0.0      1.54
2025-12-18 14:58:47,253 - [0;94mparity_short_4H   [0m  2025-12-11           27        92.59  [1;92m       40.06[0m         12.0   92.59    7.41      0.0      3.15
2025-12-18 14:58:47,253 - [0;94mrevers_long_1H    [0m  2025-12-11            6        33.33  [1;91m       -6.25[0m        -1.87   33.33     0.0      0.0      1.69
2025-12-18 14:58:47,253 - [0;94mrevers_long_4H    [0m  2025-12-11            1          0.0  [1;91m       -3.35[0m         -1.0     0.0   100.0      0.0      6.05
2025-12-18 14:58:47,253 - [0;94mrevers_long_6Hutc [0m  2025-12-12            4          0.0  [1;91m      -10.62[0m        -3.18     0.0   100.0      0.0      3.47
2025-12-18 14:58:47,253 - [0;94mrevers_short_1H   [0m  2025-12-11           22        77.27  [1;92m        7.49[0m         2.24   72.73    9.09      0.0      1.02
2025-12-18 14:58:47,253 - [0;94mrevers_short_4H   [0m  2025-12-11           49        97.96  [1;92m       84.72[0m        25.39   97.96    2.04      0.0      2.23
2025-12-18 14:58:47,253 - [0;94mrevers_short_6Hutc[0m  2025-12-12           12        83.33  [1;92m       11.45[0m         3.43   91.67    8.33      0.0      1.89
2025-12-18 14:58:47,254 - 
2025-12-18 14:58:47,254 - [1;94m========================================================================================================================[0m
2025-12-18 14:58:47,254 - [1;94m📊 TOTAL SUMMARY[0m
2025-12-18 14:58:47,254 - [1;94m========================================================================================================================[0m
2025-12-18 14:58:47,254 - [0;94m📊 Trades_num   :[0m 136
2025-12-18 14:58:47,254 - [0;94m🕜 Avg_duration :[0m 2.2 days
2025-12-18 14:58:47,254 - [0;94m🎯 Trades_pct   :[0m 82.35 %
2025-12-18 14:58:47,254 - [0;94m📈 Profit_pct   :[0m 3.22 %
2025-12-18 14:58:47,254 - 💵 [1;94mTOTAL_profit :[0m [1;92m118.03 $[0m
2025-12-18 14:58:47,254 - [1;94m========================================================================================================================[0m
2025-12-18 14:58:47,254 - 
2025-12-18 14:58:47,254 - 
[1;94mInitializing WebSocket connections...[0m
2025-12-18 14:58:48,000 - 🔌 PUBLIC  WebSocket connected
2025-12-18 14:58:48,008 - 🔌 PRIVATE WebSocket connected (first time)
2025-12-18 14:58:48,254 - 📱 WebSocket status:
2025-12-18 14:58:48,255 -    - Public WS    : ✅ Connected
2025-12-18 14:58:48,255 -    - Private WS   : ✅ Connected
2025-12-18 14:58:48,255 -    - Authenticated: ⚠️  No
2025-12-18 14:58:48,508 - 🛜 Subscribing to 5 private channels...
2025-12-18 14:58:48,508 - 🆗 orders
2025-12-18 14:58:48,508 - 🆗 fill
2025-12-18 14:58:48,508 - 🆗 positions
2025-12-18 14:58:48,508 - 🆗 account
2025-12-18 14:58:48,508 - 🆗 equity
2025-12-18 14:58:48,508 - ✅ WebSocket authentication successful
2025-12-18 14:58:48,755 - 📦 Pre-loading contract info for 33 symbols via API...
2025-12-18 14:59:01,922 - [0;36m✅ Pre-loaded 33/33 contracts[0m
2025-12-18 14:59:01,923 - 
2025-12-18 14:59:01,923 - ⏰ Next candle for 1H    : 2025-12-18 14:00:45 UTC
2025-12-18 14:59:01,923 - ⏰ Next candle for 6Hutc : 2025-12-18 18:00:45 UTC
2025-12-18 14:59:01,923 - ⏰ Next candle for 4H    : 2025-12-18 16:00:45 UTC
2025-12-18 14:59:13,227 - ⚠️  No price for BGBUSDT: No fresh price data for BGBUSDT
2025-12-18 15:00:45,053 - 
========================================================================================================================
2025-12-18 15:00:45,056 - 🔀 New candle(s) detected 2025-12-18 14:00:45 UTC
2025-12-18 15:00:45,058 - 🔹 Timeframes: 1H
2025-12-18 15:00:45,061 - 🌐 Syncronizing positions in broker...
2025-12-18 15:00:45,265 - ✅ Sync completed: All positions exist in broker
2025-12-18 15:00:45,267 - 📡 Signal search - 2025-12-18 14:00:45
2025-12-18 15:00:45,270 - ------------------------------------------------------------------------------------------------------------------------
2025-12-18 15:00:45,274 - ➡️  STATUS  : revers_short_1H    (1H): 19/50 candles
2025-12-18 15:00:45,277 - ➡️  STATUS  : parity_short_1H    (1H): 1/50 candles
2025-12-18 15:00:45,283 - 
⚙️  Processing strategy  : revers_long_1H
2025-12-18 15:00:47,495 - 💫 Signals detected for revers_long_1H: 2
2025-12-18 15:00:47,895 - ✅ ⬆️  LONG   ETHUSDT    | Size: 0.01     | Price: 2968.99   
2025-12-18 15:00:48,377 - ✅ ⬆️  LONG   XRPUSDT    | Size: 20       | Price: 1.9146    
2025-12-18 15:00:48,531 - 🚫 SKIPPING: revers_short_1H    (1H): 5 open positions
2025-12-18 15:00:48,536 - 
⚙️  Processing strategy  : parity_long_1H
2025-12-18 15:00:50,573 - 💫 Signals detected for parity_long_1H: 6
2025-12-18 15:00:50,966 - ✅ ⬆️  LONG   BNBUSDT    | Size: 0.04     | Price: 849.51    
2025-12-18 15:00:51,478 - ✅ ⬆️  LONG   BTCUSDT    | Size: 0.0004   | Price: 88914.9   
2025-12-18 15:00:51,943 - ✅ ⬆️  LONG   DOGEUSDT   | Size: 308      | Price: 0.12955   
2025-12-18 15:00:52,413 - ✅ ⬆️  LONG   ETHUSDT    | Size: 0.01     | Price: 2969.52   
2025-12-18 15:00:52,912 - ✅ ⬆️  LONG   SOLUSDT    | Size: 0.3      | Price: 126.644   
2025-12-18 15:00:53,420 - ✅ ⬆️  LONG   XRPUSDT    | Size: 20       | Price: 1.915     
2025-12-18 15:00:53,579 - 🚫 SKIPPING: parity_short_1H    (1H): 5 open positions
2025-12-18 15:00:53,582 - 🔂 Signal cycle completed
2025-12-18 15:00:53,592 - ========================================================================================================================

2025-12-18 15:00:53,595 - ⏰ Next candle for 1H: 2025-12-18 15:00:45 UTC
2025-12-18 15:35:28,298 - [1;94m========================================================================================================================[0m
2025-12-18 15:35:28,299 - [1;94m🤖 === STARTING MULTI-STRATEGY BOT OPERATING IN ACCOUNT: E1 🤖 ===[0m
2025-12-18 15:35:28,299 - [1;94m========================================================================================================================[0m
2025-12-18 15:35:28,299 - 📂 No previous state file found
2025-12-18 15:35:28,646 - 🔹 Strategy double_top_long_4H (4H): 32 symbols
2025-12-18 15:35:28,649 - 🔹 Strategy revers_long_4H     (4H): 32 symbols
2025-12-18 15:35:28,652 - 🔹 Strategy parity_long_4H     (4H): 32 symbols
2025-12-18 15:35:28,654 - 🔹 Strategy revers_short_4H    (4H): 32 symbols
2025-12-18 15:35:28,657 - 🔹 Strategy parity_short_4H    (4H): 32 symbols
2025-12-18 15:35:28,659 - 🔹 Strategy revers_long_1H     (1H):  6 symbols
2025-12-18 15:35:28,665 - 🔹 Strategy revers_short_1H    (1H):  6 symbols
2025-12-18 15:35:28,668 - 🔹 Strategy revers_long_6Hutc  (6Hutc): 15 symbols
2025-12-18 15:35:28,670 - 🔹 Strategy revers_short_6Hutc (6Hutc): 15 symbols
2025-12-18 15:35:28,672 - 🔹 Strategy parity_long_1H     (1H):  6 symbols
2025-12-18 15:35:28,675 - 🔹 Strategy parity_short_1H    (1H):  6 symbols
2025-12-18 15:35:28,675 - 
➡️  Detected timeframes: 4H, 1H, 6Hutc
2025-12-18 15:35:28,675 -    🔹 4H: double_top_long_4H, revers_long_4H, parity_long_4H, revers_short_4H, parity_short_4H
2025-12-18 15:35:28,675 -    🔹 1H: revers_long_1H, revers_short_1H, parity_long_1H, parity_short_1H
2025-12-18 15:35:28,675 -    🔹 6Hutc: revers_long_6Hutc, revers_short_6Hutc
2025-12-18 15:35:28,675 - 
✅ BOT Initialization completed

2025-12-18 15:35:28,691 - 
2025-12-18 15:35:28,691 - [1;94m========================================================================================================================[0m
2025-12-18 15:35:28,691 - [1;94m📈 STRATEGY ANALYSIS[0m
2025-12-18 15:35:28,691 - [1;94m========================================================================================================================[0m
2025-12-18 15:35:28,700 - [1;85mStrategy          [0m  [1;85mdate_fo   [0m  [1;85m Trades_num[0m  [1;85m Trades_pct[0m  [1;85mTotal_profit[0m  [1;85m Profit_pct[0m  [1;85mTP_pct[0m  [1;85mSL_pct[0m  [1;85mOOM_pct[0m  [1;85mAvg_days[0m
2025-12-18 15:35:28,700 - [0;94mdouble_top_long_4H[0m  2025-12-11            3        33.33  [1;91m       -4.53[0m        -1.36   33.33   66.67      0.0       4.0
2025-12-18 15:35:28,700 - [0;94mparity_long_1H    [0m  2025-12-16            4        100.0  [1;92m        2.21[0m         0.66   100.0     0.0      0.0       1.0
2025-12-18 15:35:28,700 - [0;94mparity_long_4H    [0m  2025-12-11            2          0.0  [1;91m       -7.41[0m        -2.22     0.0   100.0      0.0      4.65
2025-12-18 15:35:28,701 - [0;94mparity_short_1H   [0m  2025-12-16            6        83.33  [1;92m        4.26[0m         1.28   83.33     0.0      0.0      1.54
2025-12-18 15:35:28,701 - [0;94mparity_short_4H   [0m  2025-12-11           27        92.59  [1;92m       40.06[0m         12.0   92.59    7.41      0.0      3.15
2025-12-18 15:35:28,701 - [0;94mrevers_long_1H    [0m  2025-12-11            6        33.33  [1;91m       -6.25[0m        -1.87   33.33     0.0      0.0      1.69
2025-12-18 15:35:28,701 - [0;94mrevers_long_4H    [0m  2025-12-11            1          0.0  [1;91m       -3.35[0m         -1.0     0.0   100.0      0.0      6.05
2025-12-18 15:35:28,701 - [0;94mrevers_long_6Hutc [0m  2025-12-12            4          0.0  [1;91m      -10.62[0m        -3.18     0.0   100.0      0.0      3.47
2025-12-18 15:35:28,701 - [0;94mrevers_short_1H   [0m  2025-12-11           22        77.27  [1;92m        7.49[0m         2.24   72.73    9.09      0.0      1.02
2025-12-18 15:35:28,701 - [0;94mrevers_short_4H   [0m  2025-12-11           49        97.96  [1;92m       84.72[0m        25.39   97.96    2.04      0.0      2.23
2025-12-18 15:35:28,701 - [0;94mrevers_short_6Hutc[0m  2025-12-12           12        83.33  [1;92m       11.45[0m         3.43   91.67    8.33      0.0      1.89
2025-12-18 15:35:28,701 - 
2025-12-18 15:35:28,701 - [1;94m========================================================================================================================[0m
2025-12-18 15:35:28,701 - [1;94m📊 TOTAL SUMMARY[0m
2025-12-18 15:35:28,701 - [1;94m========================================================================================================================[0m
2025-12-18 15:35:28,701 - [0;94m📊 Trades_num   :[0m 136
2025-12-18 15:35:28,701 - [0;94m🕜 Avg_duration :[0m 2.2 days
2025-12-18 15:35:28,701 - [0;94m🎯 Trades_pct   :[0m 82.35 %
2025-12-18 15:35:28,701 - [0;94m📈 Profit_pct   :[0m 3.22 %
2025-12-18 15:35:28,701 - 💵 [1;94mTOTAL_profit :[0m [1;92m118.03 $[0m
2025-12-18 15:35:28,701 - [1;94m========================================================================================================================[0m
2025-12-18 15:35:28,701 - 
2025-12-18 15:35:28,701 - 
[1;94mInitializing WebSocket connections...[0m
2025-12-18 15:35:29,694 - 🔌 PRIVATE WebSocket connected (first time)
2025-12-18 15:35:29,702 - 📱 WebSocket status:
2025-12-18 15:35:29,702 -    - Public WS    : ⚠️  Not connected
2025-12-18 15:35:29,702 -    - Private WS   : ✅ Connected
2025-12-18 15:35:29,702 -    - Authenticated: ⚠️  No
2025-12-18 15:35:29,703 - 🔌 PUBLIC  WebSocket connected
2025-12-18 15:35:30,196 - 🛜 Subscribing to 5 private channels...
2025-12-18 15:35:30,196 - 🆗 orders
2025-12-18 15:35:30,196 - 🆗 fill
2025-12-18 15:35:30,196 - 🆗 positions
2025-12-18 15:35:30,196 - 🆗 account
2025-12-18 15:35:30,196 - 🆗 equity
2025-12-18 15:35:30,196 - ✅ WebSocket authentication successful
2025-12-18 15:35:30,202 - 📦 Pre-loading contract info for 33 symbols via API...
2025-12-18 15:37:28,393 - [1;94m========================================================================================================================[0m
2025-12-18 15:37:28,394 - [1;94m🤖 === STARTING MULTI-STRATEGY BOT OPERATING IN ACCOUNT: E1 🤖 ===[0m
2025-12-18 15:37:28,396 - [1;94m========================================================================================================================[0m
2025-12-18 15:37:28,396 - 📂 No previous state file found
2025-12-18 15:37:28,832 - 🔹 Strategy double_top_long_4H (4H): 32 symbols
2025-12-18 15:37:28,835 - 🔹 Strategy revers_long_4H     (4H): 32 symbols
2025-12-18 15:37:28,839 - 🔹 Strategy parity_long_4H     (4H): 32 symbols
2025-12-18 15:37:28,844 - 🔹 Strategy revers_short_4H    (4H): 32 symbols
2025-12-18 15:37:28,848 - 🔹 Strategy parity_short_4H    (4H): 32 symbols
2025-12-18 15:37:28,851 - 🔹 Strategy revers_long_1H     (1H):  6 symbols
2025-12-18 15:37:28,853 - 🔹 Strategy revers_short_1H    (1H):  6 symbols
2025-12-18 15:37:28,856 - 🔹 Strategy revers_long_6Hutc  (6Hutc): 15 symbols
2025-12-18 15:37:28,858 - 🔹 Strategy revers_short_6Hutc (6Hutc): 15 symbols
2025-12-18 15:37:28,861 - 🔹 Strategy parity_long_1H     (1H):  6 symbols
2025-12-18 15:37:28,863 - 🔹 Strategy parity_short_1H    (1H):  6 symbols
2025-12-18 15:37:28,863 - 
➡️  Detected timeframes: 6Hutc, 1H, 4H
2025-12-18 15:37:28,863 -    🔹 6Hutc: revers_long_6Hutc, revers_short_6Hutc
2025-12-18 15:37:28,863 -    🔹 1H: revers_long_1H, revers_short_1H, parity_long_1H, parity_short_1H
2025-12-18 15:37:28,863 -    🔹 4H: double_top_long_4H, revers_long_4H, parity_long_4H, revers_short_4H, parity_short_4H
2025-12-18 15:37:28,863 - 
✅ BOT Initialization completed

2025-12-18 15:37:28,880 - 
2025-12-18 15:37:28,880 - [1;94m========================================================================================================================[0m
2025-12-18 15:37:28,880 - [1;94m📈 STRATEGY ANALYSIS[0m
2025-12-18 15:37:28,880 - [1;94m========================================================================================================================[0m
2025-12-18 15:37:28,890 - [1;85mStrategy          [0m  [1;85mdate_fo   [0m  [1;85m Trades_num[0m  [1;85m Trades_pct[0m  [1;85mTotal_profit[0m  [1;85m Profit_pct[0m  [1;85mTP_pct[0m  [1;85mSL_pct[0m  [1;85mOOM_pct[0m  [1;85mAvg_days[0m
2025-12-18 15:37:28,890 - [0;94mdouble_top_long_4H[0m  2025-12-11            3        33.33  [1;91m       -4.53[0m        -1.36   33.33   66.67      0.0       4.0
2025-12-18 15:37:28,890 - [0;94mparity_long_1H    [0m  2025-12-16            4        100.0  [1;92m        2.21[0m         0.66   100.0     0.0      0.0       1.0
2025-12-18 15:37:28,890 - [0;94mparity_long_4H    [0m  2025-12-11            2          0.0  [1;91m       -7.41[0m        -2.22     0.0   100.0      0.0      4.65
2025-12-18 15:37:28,890 - [0;94mparity_short_1H   [0m  2025-12-16            6        83.33  [1;92m        4.26[0m         1.28   83.33     0.0      0.0      1.54
2025-12-18 15:37:28,890 - [0;94mparity_short_4H   [0m  2025-12-11           27        92.59  [1;92m       40.06[0m         12.0   92.59    7.41      0.0      3.15
2025-12-18 15:37:28,890 - [0;94mrevers_long_1H    [0m  2025-12-11            6        33.33  [1;91m       -6.25[0m        -1.87   33.33     0.0      0.0      1.69
2025-12-18 15:37:28,890 - [0;94mrevers_long_4H    [0m  2025-12-11            1          0.0  [1;91m       -3.35[0m         -1.0     0.0   100.0      0.0      6.05
2025-12-18 15:37:28,890 - [0;94mrevers_long_6Hutc [0m  2025-12-12            4          0.0  [1;91m      -10.62[0m        -3.18     0.0   100.0      0.0      3.47
2025-12-18 15:37:28,890 - [0;94mrevers_short_1H   [0m  2025-12-11           22        77.27  [1;92m        7.49[0m         2.24   72.73    9.09      0.0      1.02
2025-12-18 15:37:28,890 - [0;94mrevers_short_4H   [0m  2025-12-11           49        97.96  [1;92m       84.72[0m        25.39   97.96    2.04      0.0      2.23
2025-12-18 15:37:28,890 - [0;94mrevers_short_6Hutc[0m  2025-12-12           12        83.33  [1;92m       11.45[0m         3.43   91.67    8.33      0.0      1.89
2025-12-18 15:37:28,891 - 
2025-12-18 15:37:28,891 - [1;94m========================================================================================================================[0m
2025-12-18 15:37:28,891 - [1;94m📊 TOTAL SUMMARY[0m
2025-12-18 15:37:28,891 - [1;94m========================================================================================================================[0m
2025-12-18 15:37:28,891 - [0;94m📊 Trades_num   :[0m 136
2025-12-18 15:37:28,891 - [0;94m🕜 Avg_duration :[0m 2.2 days
2025-12-18 15:37:28,891 - [0;94m🎯 Trades_pct   :[0m 82.35 %
2025-12-18 15:37:28,891 - [0;94m📈 Profit_pct   :[0m 3.22 %
2025-12-18 15:37:28,891 - 💵 [1;94mTOTAL_profit :[0m [1;92m118.03 $[0m
2025-12-18 15:37:28,891 - [1;94m========================================================================================================================[0m
2025-12-18 15:37:28,891 - 
2025-12-18 15:37:28,891 - 
[1;94mInitializing WebSocket connections...[0m
2025-12-18 15:37:29,891 - 📱 WebSocket status:
2025-12-18 15:37:29,892 -    - Public WS    : ⚠️  Not connected
2025-12-18 15:37:29,892 -    - Private WS   : ⚠️  Not connected
2025-12-18 15:37:29,892 -    - Authenticated: ⚠️  No
2025-12-18 15:37:29,913 - 🔌 PUBLIC  WebSocket connected
2025-12-18 15:37:29,913 - 🔌 PRIVATE WebSocket connected (first time)
2025-12-18 15:37:30,413 - 🛜 Subscribing to 5 private channels...
2025-12-18 15:37:30,413 - 🆗 orders
2025-12-18 15:37:30,413 - 🆗 fill
2025-12-18 15:37:30,413 - 🆗 positions
2025-12-18 15:37:30,413 - 🆗 account
2025-12-18 15:37:30,413 - 🆗 equity
2025-12-18 15:37:30,413 - ✅ WebSocket authentication successful
2025-12-18 15:37:30,892 - 📦 Pre-loading contract info for 33 symbols via API...
2025-12-18 15:50:01,802 - ⚠️  No price for BNBUSDT: No fresh price data for BNBUSDT
2025-12-18 16:00:45,034 - 
========================================================================================================================
2025-12-18 16:00:45,038 - 🔀 New candle(s) detected 2025-12-18 15:00:45 UTC
2025-12-18 16:00:45,041 - 🔹 Timeframes: 1H
2025-12-18 16:00:45,045 - 🌐 Syncronizing positions in broker...
2025-12-18 16:00:45,252 - ✅ Sync completed: All positions exist in broker
2025-12-18 16:00:45,256 - 📡 Signal search - 2025-12-18 15:00:45
2025-12-18 16:00:45,259 - ------------------------------------------------------------------------------------------------------------------------
2025-12-18 16:00:45,263 - ➡️  STATUS  : revers_long_1H     (1H): 1/50 candles
2025-12-18 16:00:45,274 - ➡️  STATUS  : revers_short_1H    (1H): 20/50 candles
2025-12-18 16:00:45,278 - ➡️  STATUS  : parity_long_1H     (1H): 1/50 candles
2025-12-18 16:00:45,283 - ➡️  STATUS  : parity_short_1H    (1H): 2/50 candles
2025-12-18 16:00:45,287 - 🚫 SKIPPING: revers_long_1H     (1H): 2 open positions
2025-12-18 16:00:45,290 - 🚫 SKIPPING: revers_short_1H    (1H): 5 open positions
2025-12-18 16:00:45,294 - 🚫 SKIPPING: parity_long_1H     (1H): 6 open positions
2025-12-18 16:00:45,298 - 🚫 SKIPPING: parity_short_1H    (1H): 5 open positions
2025-12-18 16:00:45,301 - 🔂 Signal cycle completed
2025-12-18 16:00:45,309 - ========================================================================================================================

2025-12-18 16:00:45,312 - ⏰ Next candle for 1H: 2025-12-18 16:00:45 UTC
