sell_after,lookback,flag,impulse,ma_period,tp_pct,sl_pct,symbol,buy_time,buy_price,sell_time,sell_price,qty,profit,exit_reason,commission_buy,commission_sell,position_type,strategy,family,r0_direction
0,8,40,2,50,3,9,AAVEUSDT,2025-01-09 12:00:00,284.43,2025-01-09 12:00:00,275.8971,0.2812642829518686,2.242399999999995,TP,0.08,0.0776,SHORT,19_flag_short_4H,unknown,downtrend
0,8,40,2,50,3,9,ADAUSDT,2025-01-09 12:00:00,0.9115,2025-01-09 12:00:00,0.8841549999999999,87.7674163466813,2.2424000000000057,TP,0.08,0.0776,SHORT,19_flag_short_4H,unknown,downtrend
0,8,40,2,50,3,9,APTUSDT,2025-01-09 12:00:00,8.796,2025-01-09 12:00:00,8.532119999999999,9.095043201455209,2.242400000000003,TP,0.08,0.0776,SHORT,19_flag_short_4H,unknown,downtrend
0,8,40,2,50,3,9,ARBUSDT,2025-01-09 12:00:00,0.7629,2025-01-09 12:00:00,0.740013,104.86302267662865,2.242399999999999,TP,0.08,0.0776,SHORT,19_flag_short_4H,unknown,downtrend
0,8,40,2,50,3,9,AVAXUSDT,2025-01-09 12:00:00,36.687,2025-01-09 12:00:00,35.586389999999994,2.1806089350451114,2.242400000000007,TP,0.08,0.0776,SHORT,19_flag_short_4H,unknown,downtrend
0,8,40,2,50,3,9,BCHUSDT,2025-01-09 12:00:00,427.09,2025-01-09 12:00:00,414.2773,0.1873141492425484,2.2424000000000013,TP,0.08,0.0776,SHORT,19_flag_short_4H,unknown,downtrend
0,8,40,2,50,3,9,DOGEUSDT,2025-01-09 12:00:00,0.33008,2025-01-09 12:00:00,0.3201775999999999,242.3654871546292,2.2424000000000084,TP,0.08,0.0776,SHORT,19_flag_short_4H,unknown,downtrend
0,8,40,2,50,3,9,DOTUSDT,2025-01-09 12:00:00,6.682,2025-01-09 12:00:00,6.48154,11.97246333433104,2.242400000000006,TP,0.08,0.0776,SHORT,19_flag_short_4H,unknown,downtrend
0,8,40,2,50,3,9,HBARUSDT,2025-01-09 12:00:00,0.27104,2025-01-09 12:00:00,0.2629088,295.159386068477,2.2424000000000017,TP,0.08,0.0776,SHORT,19_flag_short_4H,unknown,downtrend
0,8,40,2,50,3,9,HYPEUSDT,2025-01-09 12:00:00,20.675,2025-01-09 12:00:00,20.05475,3.869407496977025,2.2424000000000084,TP,0.08,0.0776,SHORT,19_flag_short_4H,unknown,downtrend
0,8,40,2,50,3,9,LINKUSDT,2025-01-09 12:00:00,19.935,2025-01-09 12:00:00,19.33695,4.013042387760221,2.2424000000000026,TP,0.08,0.0776,SHORT,19_flag_short_4H,unknown,downtrend
0,8,40,2,50,3,9,NEARUSDT,2025-01-09 12:00:00,4.991,2025-01-09 12:00:00,4.84127,16.028851933480265,2.2423999999999986,TP,0.08,0.0776,SHORT,19_flag_short_4H,unknown,downtrend
0,8,40,2,50,3,9,PENGUUSDT,2025-01-09 12:00:00,0.032789,2025-01-09 12:00:00,0.03180533,2439.8426301503555,2.2423999999999977,TP,0.08,0.0776,SHORT,19_flag_short_4H,unknown,downtrend
0,8,40,2,50,3,9,SOLUSDT,2025-01-09 12:00:00,191.093,2025-01-09 12:00:00,185.36021,0.4186443250145217,2.2423999999999977,TP,0.08,0.0776,SHORT,19_flag_short_4H,unknown,downtrend
0,8,40,2,50,3,9,TAOUSDT,2025-01-09 12:00:00,452.76,2025-01-09 12:00:00,439.1772,0.1766940542450746,2.2424000000000035,TP,0.08,0.0776,SHORT,19_flag_short_4H,unknown,downtrend
0,8,40,2,50,3,9,XRPUSDT,2025-01-09 12:00:00,2.304,2025-01-09 12:00:00,2.23488,34.72222222222222,2.2423999999999946,TP,0.08,0.0776,SHORT,19_flag_short_4H,unknown,downtrend
0,8,40,2,50,3,9,ETHUSDT,2025-01-09 12:00:00,3300.5,2025-01-09 16:00:00,3201.485,0.0242387517042872,2.242399999999997,TP,0.08,0.0776,SHORT,19_flag_short_4H,unknown,downtrend
0,8,40,2,50,3,9,BNBUSDT,2025-01-09 12:00:00,699.44,2025-01-09 20:00:00,678.4568,0.1143772160585611,2.2424000000000013,TP,0.08,0.0776,SHORT,19_flag_short_4H,unknown,downtrend
0,8,40,2,50,3,9,SUIUSDT,2025-01-09 12:00:00,4.6114,2025-01-10 04:00:00,5.026426,17.348310708244785,-7.367200000000002,SL,0.08,0.0872,SHORT,19_flag_short_4H,unknown,downtrend
0,8,40,2,50,3,9,BTCUSDT,2025-01-09 12:00:00,93414.6,2025-01-13 12:00:00,90612.162,0.000856397179884,2.242400000000008,TP,0.08,0.0776,SHORT,19_flag_short_4H,unknown,downtrend
0,8,40,2,50,3,9,PENGUUSDT,2025-01-20 16:00:00,0.023629,2025-01-20 16:00:00,0.02292013,3385.6701510855305,2.2424000000000013,TP,0.08,0.0776,SHORT,19_flag_short_4H,volatile,downtrend
0,8,40,2,50,3,9,BNBUSDT,2025-01-20 16:00:00,688.76,2025-01-26 20:00:00,668.0971999999999,0.1161507636912712,2.242400000000007,TP,0.08,0.0776,SHORT,19_flag_short_4H,volatile,downtrend
0,8,40,2,50,3,9,APTUSDT,2025-01-26 20:00:00,8.234,2025-01-26 20:00:00,7.98698,9.715812484819043,2.2424000000000004,TP,0.08,0.0776,SHORT,19_flag_short_4H,ranging,downtrend
0,8,40,2,50,3,9,BCHUSDT,2025-01-26 20:00:00,437.77,2025-01-26 20:00:00,424.6369,0.1827443634785389,2.2424000000000026,TP,0.08,0.0776,SHORT,19_flag_short_4H,ranging,downtrend
0,8,40,2,50,3,9,DOGEUSDT,2025-01-26 20:00:00,0.35294,2025-01-26 20:00:00,0.3423518,226.6674222247408,2.242399999999998,TP,0.08,0.0776,SHORT,19_flag_short_4H,ranging,downtrend
0,8,40,2,50,3,9,ENAUSDT,2025-01-26 20:00:00,0.8255,2025-01-26 20:00:00,0.800735,96.91096305269534,2.2424000000000035,TP,0.08,0.0776,SHORT,19_flag_short_4H,ranging,downtrend
0,8,40,2,50,3,9,HBARUSDT,2025-01-26 20:00:00,0.33589,2025-01-26 20:00:00,0.3258133,238.1732114680401,2.242399999999998,TP,0.08,0.0776,SHORT,19_flag_short_4H,ranging,downtrend
0,8,40,2,50,3,9,NEARUSDT,2025-01-26 20:00:00,5.013,2025-01-26 20:00:00,4.86261,15.958507879513268,2.242399999999997,TP,0.08,0.0776,SHORT,19_flag_short_4H,ranging,downtrend
0,8,40,2,50,3,9,SUIUSDT,2025-01-26 20:00:00,4.1159,2025-01-26 20:00:00,3.992423,19.43681819286183,2.2424000000000053,TP,0.08,0.0776,SHORT,19_flag_short_4H,ranging,downtrend
0,8,40,2,50,3,9,XRPUSDT,2025-01-26 20:00:00,3.1306,2025-01-26 20:00:00,3.036682,25.554206861304543,2.2423999999999986,TP,0.08,0.0776,SHORT,19_flag_short_4H,ranging,downtrend
0,8,40,2,50,3,9,AAVEUSDT,2025-01-27 00:00:00,316.46,2025-01-27 00:00:00,306.9662,0.2527965619667572,2.2424000000000057,TP,0.08,0.0776,SHORT,19_flag_short_4H,trending,downtrend
0,8,40,2,50,3,9,ADAUSDT,2025-01-27 00:00:00,0.9527,2025-01-27 00:00:00,0.924119,83.97186942374304,2.2424000000000066,TP,0.08,0.0776,SHORT,19_flag_short_4H,trending,downtrend
0,8,40,2,50,3,9,APTUSDT,2025-01-27 00:00:00,7.817,2025-01-27 00:00:00,7.58249,10.234105155430472,2.242400000000002,TP,0.08,0.0776,SHORT,19_flag_short_4H,trending,downtrend
0,8,40,2,50,3,9,ARBUSDT,2025-01-27 00:00:00,0.6755,2025-01-27 00:00:00,0.655235,118.43079200592156,2.2423999999999973,TP,0.08,0.0776,SHORT,19_flag_short_4H,trending,downtrend
0,8,40,2,50,3,9,DOGEUSDT,2025-01-27 00:00:00,0.33583,2025-01-27 00:00:00,0.3257551,238.21576392817792,2.242399999999999,TP,0.08,0.0776,SHORT,19_flag_short_4H,trending,downtrend
0,8,40,2,50,3,9,DOTUSDT,2025-01-27 00:00:00,6.175,2025-01-27 00:00:00,5.98975,12.955465587044534,2.242399999999999,TP,0.08,0.0776,SHORT,19_flag_short_4H,trending,downtrend
0,8,40,2,50,3,9,ENAUSDT,2025-01-27 00:00:00,0.776,2025-01-27 00:00:00,0.7527200000000001,103.09278350515464,2.242399999999997,TP,0.08,0.0776,SHORT,19_flag_short_4H,trending,downtrend
0,8,40,2,50,3,9,FARTCOINUSDT,2025-01-27 00:00:00,1.1015,2025-01-27 00:00:00,1.068455,72.62823422605538,2.2423999999999995,TP,0.08,0.0776,SHORT,19_flag_short_4H,trending,downtrend
0,8,40,2,50,3,9,HYPEUSDT,2025-01-27 00:00:00,22.193,2025-01-27 00:00:00,21.52721,3.60474023340693,2.2424000000000044,TP,0.08,0.0776,SHORT,19_flag_short_4H,trending,downtrend
0,8,40,2,50,3,9,LINKUSDT,2025-01-27 00:00:00,24.876,2025-01-27 00:00:00,24.12972,3.215951117543013,2.242400000000007,TP,0.08,0.0776,SHORT,19_flag_short_4H,trending,downtrend
0,8,40,2,50,3,9,LTCUSDT,2025-01-27 00:00:00,117.1,2025-01-27 00:00:00,113.587,0.6831767719897524,2.2424000000000035,TP,0.08,0.0776,SHORT,19_flag_short_4H,trending,downtrend
0,8,40,2,50,3,9,NEARUSDT,2025-01-27 00:00:00,4.755,2025-01-27 00:00:00,4.61235,16.824395373291274,2.2423999999999955,TP,0.08,0.0776,SHORT,19_flag_short_4H,trending,downtrend
0,8,40,2,50,3,9,PENGUUSDT,2025-01-27 00:00:00,0.024748,2025-01-27 00:00:00,0.02400556,3232.584451268789,2.2424000000000017,TP,0.08,0.0776,SHORT,19_flag_short_4H,trending,downtrend
0,8,40,2,50,3,9,SOLUSDT,2025-01-27 00:00:00,240.399,2025-01-27 00:00:00,233.18703,0.3327800864396275,2.242400000000003,TP,0.08,0.0776,SHORT,19_flag_short_4H,trending,downtrend
0,8,40,2,50,3,9,SUIUSDT,2025-01-27 00:00:00,3.8722,2025-01-27 00:00:00,3.756034,20.66008987139094,2.2424000000000044,TP,0.08,0.0776,SHORT,19_flag_short_4H,trending,downtrend
0,8,40,2,50,3,9,AVAXUSDT,2025-01-27 00:00:00,35.737,2025-01-27 04:00:00,34.66489,2.238576265495145,2.242400000000005,TP,0.08,0.0776,SHORT,19_flag_short_4H,trending,downtrend
0,8,40,2,50,3,9,BCHUSDT,2025-01-27 00:00:00,425.07,2025-01-27 04:00:00,412.3179,0.1882042957630507,2.242399999999997,TP,0.08,0.0776,SHORT,19_flag_short_4H,trending,downtrend
0,8,40,2,50,3,9,ETHUSDT,2025-01-27 00:00:00,3230.97,2025-01-27 04:00:00,3134.0408999999995,0.0247603660820125,2.2424000000000075,TP,0.08,0.0776,SHORT,19_flag_short_4H,trending,downtrend
0,8,40,2,50,3,9,HBARUSDT,2025-01-27 00:00:00,0.32297,2025-01-27 04:00:00,0.3132809,247.7010248629904,2.2424000000000017,TP,0.08,0.0776,SHORT,19_flag_short_4H,trending,downtrend
0,8,40,2,50,3,9,AAVEUSDT,2025-01-27 04:00:00,305.42,2025-01-27 04:00:00,296.2574,0.2619343854364481,2.242399999999999,TP,0.08,0.0776,SHORT,19_flag_short_4H,trending,downtrend
0,8,40,2,50,3,9,ADAUSDT,2025-01-27 04:00:00,0.9282,2025-01-27 04:00:00,0.900354,86.18832148243912,2.242400000000003,TP,0.08,0.0776,SHORT,19_flag_short_4H,trending,downtrend
0,8,40,2,50,3,9,APTUSDT,2025-01-27 04:00:00,7.407,2025-01-27 04:00:00,7.18479,10.800594032671796,2.242400000000005,TP,0.08,0.0776,SHORT,19_flag_short_4H,trending,downtrend
0,8,40,2,50,3,9,ARBUSDT,2025-01-27 04:00:00,0.6517,2025-01-27 04:00:00,0.632149,122.75586926499923,2.2423999999999986,TP,0.08,0.0776,SHORT,19_flag_short_4H,trending,downtrend
0,8,40,2,50,3,9,AVAXUSDT,2025-01-27 04:00:00,35.225,2025-01-27 04:00:00,34.16825,2.27111426543648,2.242400000000002,TP,0.08,0.0776,SHORT,19_flag_short_4H,trending,downtrend
0,8,40,2,50,3,9,BCHUSDT,2025-01-27 04:00:00,420.31,2025-01-27 04:00:00,407.7007,0.1903357045989864,2.2424000000000035,TP,0.08,0.0776,SHORT,19_flag_short_4H,trending,downtrend
0,8,40,2,50,3,9,DOGEUSDT,2025-01-27 04:00:00,0.32967,2025-01-27 04:00:00,0.3197799,242.666909333576,2.242400000000003,TP,0.08,0.0776,SHORT,19_flag_short_4H,trending,downtrend
0,8,40,2,50,3,9,DOTUSDT,2025-01-27 04:00:00,5.98,2025-01-27 04:00:00,5.8006,13.37792642140468,2.2424000000000026,TP,0.08,0.0776,SHORT,19_flag_short_4H,trending,downtrend
0,8,40,2,50,3,9,ENAUSDT,2025-01-27 04:00:00,0.749,2025-01-27 04:00:00,0.72653,106.8090787716956,2.242399999999999,TP,0.08,0.0776,SHORT,19_flag_short_4H,trending,downtrend
0,8,40,2,50,3,9,ETHUSDT,2025-01-27 04:00:00,3182.11,2025-01-27 04:00:00,3086.6467,0.0251405513951434,2.2423999999999973,TP,0.08,0.0776,SHORT,19_flag_short_4H,trending,downtrend
0,8,40,2,50,3,9,FARTCOINUSDT,2025-01-27 04:00:00,1.0106,2025-01-27 04:00:00,0.980282,79.16089451810807,2.2424000000000057,TP,0.08,0.0776,SHORT,19_flag_short_4H,trending,downtrend
0,8,40,2,50,3,9,HBARUSDT,2025-01-27 04:00:00,0.31797,2025-01-27 04:00:00,0.3084308999999999,251.59606252162155,2.2424000000000057,TP,0.08,0.0776,SHORT,19_flag_short_4H,trending,downtrend
0,8,40,2,50,3,9,HYPEUSDT,2025-01-27 04:00:00,21.068,2025-01-27 04:00:00,20.43596,3.7972280235428135,2.2423999999999995,TP,0.08,0.0776,SHORT,19_flag_short_4H,trending,downtrend
0,8,40,2,50,3,9,LINKUSDT,2025-01-27 04:00:00,23.968,2025-01-27 04:00:00,23.24896,3.337783711615488,2.242399999999999,TP,0.08,0.0776,SHORT,19_flag_short_4H,trending,downtrend
0,8,40,2,50,3,9,LTCUSDT,2025-01-27 04:00:00,114.79,2025-01-27 04:00:00,111.3463,0.696924819235125,2.2424000000000044,TP,0.08,0.0776,SHORT,19_flag_short_4H,trending,downtrend
0,8,40,2,50,3,9,NEARUSDT,2025-01-27 04:00:00,4.65,2025-01-27 04:00:00,4.5105,17.204301075268816,2.242399999999999,TP,0.08,0.0776,SHORT,19_flag_short_4H,trending,downtrend
0,8,40,2,50,3,9,PENGUUSDT,2025-01-27 04:00:00,0.02361,2025-01-27 04:00:00,0.0229016999999999,3388.394747988141,2.242400000000007,TP,0.08,0.0776,SHORT,19_flag_short_4H,trending,downtrend
0,8,40,2,50,3,9,SOLUSDT,2025-01-27 04:00:00,235.672,2025-01-27 04:00:00,228.60184,0.3394548355341322,2.2424000000000053,TP,0.08,0.0776,SHORT,19_flag_short_4H,trending,downtrend
0,8,40,2,50,3,9,ETHUSDT,2025-01-27 08:00:00,3069.38,2025-01-31 12:00:00,3345.6242,0.0260638956401618,-7.367200000000002,SL,0.08,0.0872,SHORT,19_flag_short_4H,trending,downtrend
0,8,40,2,50,3,9,SOLUSDT,2025-01-31 12:00:00,238.684,2025-01-31 16:00:00,231.52348,0.3351711886846206,2.2424000000000066,TP,0.08,0.0776,SHORT,19_flag_short_4H,ranging,downtrend
0,8,40,2,50,3,9,DOGEUSDT,2025-01-31 12:00:00,0.33117,2025-02-01 08:00:00,0.3212349,241.5677748588338,2.242400000000007,TP,0.08,0.0776,SHORT,19_flag_short_4H,ranging,downtrend
0,8,40,2,50,3,9,APTUSDT,2025-02-01 08:00:00,7.612,2025-02-01 08:00:00,7.38364,10.509721492380452,2.2424000000000035,TP,0.08,0.0776,SHORT,19_flag_short_4H,ranging,downtrend
0,8,40,2,50,3,9,ENAUSDT,2025-02-01 08:00:00,0.7504,2025-02-01 08:00:00,0.727888,106.60980810234544,2.2423999999999977,TP,0.08,0.0776,SHORT,19_flag_short_4H,ranging,downtrend
0,8,40,2,50,3,9,NEARUSDT,2025-02-01 08:00:00,4.586,2025-02-01 08:00:00,4.4484200000000005,17.444395987788923,2.242399999999997,TP,0.08,0.0776,SHORT,19_flag_short_4H,ranging,downtrend
0,8,40,2,50,3,9,PENGUUSDT,2025-02-01 08:00:00,0.014942,2025-02-01 08:00:00,0.01449374,5354.035604336768,2.2424000000000035,TP,0.08,0.0776,SHORT,19_flag_short_4H,ranging,downtrend
0,8,40,2,50,3,9,ARBUSDT,2025-02-01 08:00:00,0.6345,2025-02-01 12:00:00,0.6154649999999999,126.0835303388495,2.2424000000000035,TP,0.08,0.0776,SHORT,19_flag_short_4H,ranging,downtrend
0,8,40,2,50,3,9,AVAXUSDT,2025-02-01 08:00:00,34.406,2025-02-01 12:00:00,33.373819999999995,2.3251758414230075,2.242400000000009,TP,0.08,0.0775999999999999,SHORT,19_flag_short_4H,ranging,downtrend
0,8,40,2,50,3,9,HBARUSDT,2025-02-01 08:00:00,0.30444,2025-02-01 12:00:00,0.2953068,262.7775587964788,2.242400000000002,TP,0.08,0.0776,SHORT,19_flag_short_4H,ranging,downtrend
0,8,40,2,50,3,9,ADAUSDT,2025-02-01 08:00:00,0.9368,2025-02-01 16:00:00,0.908696,85.39709649871905,2.2424000000000017,TP,0.08,0.0776,SHORT,19_flag_short_4H,ranging,downtrend
0,8,40,2,50,3,9,BCHUSDT,2025-02-01 08:00:00,425.95,2025-02-01 16:00:00,413.1715,0.1878154712994482,2.2424000000000013,TP,0.08,0.0776,SHORT,19_flag_short_4H,ranging,downtrend
0,8,40,2,50,3,9,DOGEUSDT,2025-02-01 08:00:00,0.3255,2025-02-01 16:00:00,0.315735,245.77572964669736,2.2424000000000057,TP,0.08,0.0776,SHORT,19_flag_short_4H,ranging,downtrend
0,8,40,2,50,3,9,SOLUSDT,2025-02-01 08:00:00,230.566,2025-02-01 16:00:00,223.64902,0.3469722335470104,2.242399999999998,TP,0.08,0.0776,SHORT,19_flag_short_4H,ranging,downtrend
0,8,40,2,50,3,9,XRPUSDT,2025-02-01 08:00:00,3.0295,2025-02-01 16:00:00,2.938615,26.406997854431424,2.2424000000000026,TP,0.08,0.0776,SHORT,19_flag_short_4H,ranging,downtrend
0,8,40,2,50,3,9,BNBUSDT,2025-02-01 08:00:00,674.51,2025-02-01 20:00:00,654.2746999999999,0.1186046166847044,2.242400000000006,TP,0.08,0.0776,SHORT,19_flag_short_4H,ranging,downtrend
0,8,40,2,50,3,9,BTCUSDT,2025-02-01 08:00:00,102122.3,2025-02-02 04:00:00,99058.631,0.0007833744441713,2.242400000000007,TP,0.08,0.0776,SHORT,19_flag_short_4H,ranging,downtrend
0,8,40,2,50,3,9,DOGEUSDT,2025-02-02 04:00:00,0.29853,2025-02-02 08:00:00,0.2895741,267.97976752755164,2.2424000000000044,TP,0.08,0.0776,SHORT,19_flag_short_4H,trending,downtrend
0,8,40,2,50,3,9,HBARUSDT,2025-02-02 04:00:00,0.27822,2025-02-02 12:00:00,0.2698734,287.5422327654374,2.2423999999999946,TP,0.08,0.0776,SHORT,19_flag_short_4H,trending,downtrend
0,8,40,2,50,3,9,SUIUSDT,2025-02-02 04:00:00,3.6737,2025-02-02 12:00:00,3.563489,21.77641070310586,2.2424000000000013,TP,0.08,0.0776,SHORT,19_flag_short_4H,trending,downtrend
0,8,40,2,50,3,9,XRPUSDT,2025-02-02 04:00:00,2.832,2025-02-02 12:00:00,2.74704,28.24858757062147,2.2424000000000044,TP,0.08,0.0776,SHORT,19_flag_short_4H,trending,downtrend
0,8,40,2,50,3,9,AAVEUSDT,2025-02-02 04:00:00,289.01,2025-02-02 16:00:00,280.3397,0.2768070308985848,2.2423999999999995,TP,0.08,0.0776,SHORT,19_flag_short_4H,trending,downtrend
0,8,40,2,50,3,9,ADAUSDT,2025-02-02 04:00:00,0.8674,2025-02-02 16:00:00,0.841378,92.22965183306434,2.242399999999999,TP,0.08,0.0776,SHORT,19_flag_short_4H,trending,downtrend
0,8,40,2,50,3,9,APTUSDT,2025-02-02 04:00:00,6.873,2025-02-02 16:00:00,6.66681,11.639749745380474,2.2424000000000035,TP,0.08,0.0776,SHORT,19_flag_short_4H,trending,downtrend
0,8,40,2,50,3,9,ARBUSDT,2025-02-02 04:00:00,0.5603,2025-02-02 16:00:00,0.5434910000000001,142.78065322148848,2.2423999999999946,TP,0.08,0.0776,SHORT,19_flag_short_4H,trending,downtrend
0,8,40,2,50,3,9,AVAXUSDT,2025-02-02 04:00:00,30.778,2025-02-02 16:00:00,29.85466,2.5992592111248296,2.242399999999999,TP,0.08,0.0776,SHORT,19_flag_short_4H,trending,downtrend
0,8,40,2,50,3,9,BCHUSDT,2025-02-02 04:00:00,392.03,2025-02-02 16:00:00,380.2691,0.2040660153559676,2.2423999999999986,TP,0.08,0.0776,SHORT,19_flag_short_4H,trending,downtrend
0,8,40,2,50,3,9,BNBUSDT,2025-02-02 04:00:00,649.67,2025-02-02 16:00:00,630.1799,0.1231394400233965,2.242399999999998,TP,0.08,0.0776,SHORT,19_flag_short_4H,trending,downtrend
0,8,40,2,50,3,9,DOTUSDT,2025-02-02 04:00:00,5.714,2025-02-02 16:00:00,5.54258,14.00070003500175,2.242400000000005,TP,0.08,0.0776,SHORT,19_flag_short_4H,trending,downtrend
0,8,40,2,50,3,9,ENAUSDT,2025-02-02 04:00:00,0.6556,2025-02-02 16:00:00,0.6359319999999999,122.02562538133007,2.2424000000000026,TP,0.08,0.0776,SHORT,19_flag_short_4H,trending,downtrend
0,8,40,2,50,3,9,ETHUSDT,2025-02-02 04:00:00,3076.48,2025-02-02 16:00:00,2984.1856,0.0260037445392136,2.242400000000006,TP,0.08,0.0776,SHORT,19_flag_short_4H,trending,downtrend
0,8,40,2,50,3,9,LINKUSDT,2025-02-02 04:00:00,22.342,2025-02-02 16:00:00,21.67174,3.5807000268552502,2.2423999999999964,TP,0.08,0.0776,SHORT,19_flag_short_4H,trending,downtrend
0,8,40,2,50,3,9,LTCUSDT,2025-02-02 04:00:00,114.16,2025-02-02 16:00:00,110.7352,0.700770847932726,2.2424000000000035,TP,0.08,0.0776,SHORT,19_flag_short_4H,trending,downtrend
0,8,40,2,50,3,9,NEARUSDT,2025-02-02 04:00:00,4.116,2025-02-02 16:00:00,3.99252,19.43634596695821,2.2424000000000053,TP,0.08,0.0776,SHORT,19_flag_short_4H,trending,downtrend
0,8,40,2,50,3,9,SOLUSDT,2025-02-02 04:00:00,206.99,2025-02-02 16:00:00,200.7803,0.3864921010676844,2.242399999999999,TP,0.08,0.0776,SHORT,19_flag_short_4H,trending,downtrend
0,8,40,2,50,3,9,TAOUSDT,2025-02-02 04:00:00,380.73,2025-02-02 16:00:00,369.3081,0.2101226591022509,2.2423999999999986,TP,0.08,0.0776,SHORT,19_flag_short_4H,trending,downtrend
0,8,40,2,50,3,9,BTCUSDT,2025-02-02 04:00:00,99160.7,2025-02-02 20:00:00,96185.879,0.0008067712309412,2.242399999999997,TP,0.08,0.0776,SHORT,19_flag_short_4H,trending,downtrend
0,8,40,2,50,3,9,BTCUSDT,2025-02-02 20:00:00,98240.5,2025-02-03 00:00:00,95293.285,0.0008143281029717,2.2423999999999973,TP,0.08,0.0776,SHORT,19_flag_short_4H,trending,downtrend
0,8,40,2,50,3,9,BTCUSDT,2025-02-03 00:00:00,97664.7,2025-02-03 00:00:00,94734.759,0.0008191291223952,2.2424000000000053,TP,0.08,0.0776,SHORT,19_flag_short_4H,trending,downtrend
0,8,40,2,50,3,9,ENAUSDT,2025-02-04 08:00:00,0.6066,2025-02-04 12:00:00,0.6611940000000001,131.88262446422684,-7.367200000000004,SL,0.08,0.0872,SHORT,19_flag_short_4H,volatile,downtrend
0,8,40,2,50,3,9,PENGUUSDT,2025-02-04 08:00:00,0.012121,2025-02-04 12:00:00,0.01321189,6600.1155020212855,-7.367200000000004,SL,0.08,0.0872,SHORT,19_flag_short_4H,volatile,downtrend
0,8,40,2,50,3,9,SUIUSDT,2025-02-04 08:00:00,3.2913,2025-02-04 12:00:00,3.5875170000000005,24.30650502840823,-7.36720000000001,SL,0.08,0.0872,SHORT,19_flag_short_4H,volatile,downtrend
0,8,40,2,50,3,9,TAOUSDT,2025-02-04 08:00:00,349.95,2025-02-04 12:00:00,381.4455,0.2286040862980425,-7.367200000000011,SL,0.08,0.0872,SHORT,19_flag_short_4H,volatile,downtrend
0,8,40,2,50,3,9,AAVEUSDT,2025-02-04 08:00:00,250.76,2025-02-04 16:00:00,273.3284,0.319030148349019,-7.367199999999999,SL,0.08,0.0872,SHORT,19_flag_short_4H,volatile,downtrend
0,8,40,2,50,3,9,ADAUSDT,2025-02-04 08:00:00,0.7166,2025-02-04 16:00:00,0.7810940000000001,111.6382919341334,-7.367200000000006,SL,0.08,0.0872,SHORT,19_flag_short_4H,volatile,downtrend
0,8,40,2,50,3,9,ARBUSDT,2025-02-04 08:00:00,0.4558,2025-02-04 16:00:00,0.496822,175.51557700745943,-7.367200000000011,SL,0.08,0.0872,SHORT,19_flag_short_4H,volatile,downtrend
0,8,40,2,50,3,9,HBARUSDT,2025-02-04 08:00:00,0.24694,2025-02-04 16:00:00,0.2691646,323.9653357090791,-7.367200000000013,SL,0.08,0.0872,SHORT,19_flag_short_4H,volatile,downtrend
0,8,40,2,50,3,9,XRPUSDT,2025-02-04 08:00:00,2.4834,2025-02-04 16:00:00,2.706906,32.213900297978576,-7.367199999999999,SL,0.08,0.0872,SHORT,19_flag_short_4H,volatile,downtrend
0,8,40,2,50,3,9,LTCUSDT,2025-02-04 08:00:00,99.29,2025-02-05 12:00:00,108.22610000000002,0.8057206163762715,-7.367200000000008,SL,0.08,0.0872,SHORT,19_flag_short_4H,volatile,downtrend
0,8,40,2,50,3,9,LINKUSDT,2025-02-04 08:00:00,19.588,2025-02-05 16:00:00,19.00036,4.084133142740453,2.2424000000000013,TP,0.08,0.0776,SHORT,19_flag_short_4H,volatile,downtrend
0,8,40,2,50,3,9,SOLUSDT,2025-02-04 08:00:00,204.136,2025-02-05 16:00:00,198.01192,0.3918955990124231,2.242399999999997,TP,0.08,0.0776,SHORT,19_flag_short_4H,volatile,downtrend
0,8,40,2,50,3,9,AVAXUSDT,2025-02-04 08:00:00,25.64,2025-02-06 12:00:00,24.8708,3.1201248049922,2.2424000000000044,TP,0.08,0.0776,SHORT,19_flag_short_4H,volatile,downtrend
0,8,40,2,50,3,9,BCHUSDT,2025-02-04 08:00:00,323.82,2025-02-06 12:00:00,314.1054,0.2470508307084182,2.242400000000005,TP,0.08,0.0776,SHORT,19_flag_short_4H,volatile,downtrend
0,8,40,2,50,3,9,DOGEUSDT,2025-02-04 08:00:00,0.25958,2025-02-06 12:00:00,0.2517926,308.1901533246013,2.2424,TP,0.08,0.0776,SHORT,19_flag_short_4H,volatile,downtrend
0,8,40,2,50,3,9,DOTUSDT,2025-02-04 08:00:00,4.644,2025-02-06 12:00:00,4.50468,17.22652885443583,2.2424000000000097,TP,0.08,0.0776,SHORT,19_flag_short_4H,volatile,downtrend
0,8,40,2,50,3,9,NEARUSDT,2025-02-04 08:00:00,3.305,2025-02-06 12:00:00,3.20585,24.20574886535552,2.242400000000007,TP,0.08,0.0776,SHORT,19_flag_short_4H,volatile,downtrend
0,8,40,2,50,3,9,APTUSDT,2025-02-04 08:00:00,5.859,2025-02-06 16:00:00,5.68323,13.6542072025943,2.2424,TP,0.08,0.0776,SHORT,19_flag_short_4H,volatile,downtrend
0,8,40,2,50,3,9,ETHUSDT,2025-02-04 08:00:00,2702.35,2025-02-07 20:00:00,2621.2795,0.0296038633041611,2.242400000000008,TP,0.08,0.0776,SHORT,19_flag_short_4H,volatile,downtrend
0,8,40,2,50,3,9,BNBUSDT,2025-02-04 08:00:00,569.05,2025-02-08 16:00:00,620.2645,0.1405851858360425,-7.367200000000007,SL,0.08,0.0872,SHORT,19_flag_short_4H,volatile,downtrend
0,8,40,2,50,3,9,BTCUSDT,2025-02-04 08:00:00,98407.3,2025-02-09 20:00:00,95455.081,0.0008129478199279,2.2423999999999977,TP,0.08,0.0776,SHORT,19_flag_short_4H,volatile,downtrend
0,8,40,2,50,3,9,AAVEUSDT,2025-02-09 20:00:00,240.04,2025-02-09 20:00:00,232.8388,0.3332777870354941,2.2424,TP,0.08,0.0776,SHORT,19_flag_short_4H,ranging,downtrend
0,8,40,2,50,3,9,ADAUSDT,2025-02-09 20:00:00,0.6811,2025-02-09 20:00:00,0.660667,117.45705476435178,2.242400000000004,TP,0.08,0.0776,SHORT,19_flag_short_4H,ranging,downtrend
0,8,40,2,50,3,9,APTUSDT,2025-02-09 20:00:00,5.829,2025-02-09 20:00:00,5.654129999999999,13.72448104306056,2.2424000000000044,TP,0.08,0.0776,SHORT,19_flag_short_4H,ranging,downtrend
0,8,40,2,50,3,9,ARBUSDT,2025-02-09 20:00:00,0.4468,2025-02-09 20:00:00,0.4333959999999999,179.05102954341987,2.242400000000005,TP,0.08,0.0776,SHORT,19_flag_short_4H,ranging,downtrend
0,8,40,2,50,3,9,AVAXUSDT,2025-02-09 20:00:00,24.662,2025-02-09 20:00:00,23.92214,3.2438569459086857,2.242400000000001,TP,0.08,0.0776,SHORT,19_flag_short_4H,ranging,downtrend
0,8,40,2,50,3,9,BCHUSDT,2025-02-09 20:00:00,324.2,2025-02-09 20:00:00,314.474,0.2467612584824182,2.2424,TP,0.08,0.0776,SHORT,19_flag_short_4H,ranging,downtrend
0,8,40,2,50,3,9,DOGEUSDT,2025-02-09 20:00:00,0.24947,2025-02-09 20:00:00,0.2419859,320.6798412634786,2.242399999999998,TP,0.08,0.0776,SHORT,19_flag_short_4H,ranging,downtrend
0,8,40,2,50,3,9,DOTUSDT,2025-02-09 20:00:00,4.723,2025-02-09 20:00:00,4.581309999999999,16.93838661867457,2.2424000000000093,TP,0.08,0.0775999999999999,SHORT,19_flag_short_4H,ranging,downtrend
0,8,40,2,50,3,9,ENAUSDT,2025-02-09 20:00:00,0.4763,2025-02-09 20:00:00,0.462011,167.96136888515642,2.2423999999999995,TP,0.08,0.0776,SHORT,19_flag_short_4H,ranging,downtrend
0,8,40,2,50,3,9,ETHUSDT,2025-02-09 20:00:00,2622.7,2025-02-09 20:00:00,2544.019,0.0305029168414229,2.2424000000000013,TP,0.08,0.0776,SHORT,19_flag_short_4H,ranging,downtrend
0,8,40,2,50,3,9,FARTCOINUSDT,2025-02-09 20:00:00,0.4789,2025-02-09 20:00:00,0.464533,167.04948841094173,2.242400000000003,TP,0.08,0.0776,SHORT,19_flag_short_4H,ranging,downtrend
0,8,40,2,50,3,9,HBARUSDT,2025-02-09 20:00:00,0.22952,2025-02-09 20:00:00,0.2226343999999999,348.5535029627048,2.242400000000007,TP,0.08,0.0776,SHORT,19_flag_short_4H,ranging,downtrend
0,8,40,2,50,3,9,HYPEUSDT,2025-02-09 20:00:00,22.839,2025-02-09 20:00:00,22.15383,3.5027803318884367,2.242399999999998,TP,0.08,0.0776,SHORT,19_flag_short_4H,ranging,downtrend
0,8,40,2,50,3,9,LINKUSDT,2025-02-09 20:00:00,18.358,2025-02-09 20:00:00,17.80726,4.35777317790609,2.242400000000005,TP,0.08,0.0776,SHORT,19_flag_short_4H,ranging,downtrend
0,8,40,2,50,3,9,LTCUSDT,2025-02-09 20:00:00,106.02,2025-02-09 20:00:00,102.8394,0.7545746085644218,2.2423999999999986,TP,0.08,0.0776,SHORT,19_flag_short_4H,ranging,downtrend
0,8,40,2,50,3,9,NEARUSDT,2025-02-09 20:00:00,3.198,2025-02-09 20:00:00,3.10206,25.015634771732334,2.2424000000000035,TP,0.08,0.0776,SHORT,19_flag_short_4H,ranging,downtrend
0,8,40,2,50,3,9,PENGUUSDT,2025-02-09 20:00:00,0.009747,2025-02-09 20:00:00,0.00945459,8207.653637016518,2.242399999999999,TP,0.08,0.0776,SHORT,19_flag_short_4H,ranging,downtrend
0,8,40,2,50,3,9,SUIUSDT,2025-02-09 20:00:00,3.0123,2025-02-09 20:00:00,2.9219310000000003,26.55777976961126,2.2423999999999977,TP,0.08,0.0776,SHORT,19_flag_short_4H,ranging,downtrend
0,8,40,2,50,3,9,XRPUSDT,2025-02-09 20:00:00,2.3963,2025-02-09 20:00:00,2.324411,33.384801569085674,2.242400000000003,TP,0.08,0.0776,SHORT,19_flag_short_4H,ranging,downtrend
0,8,40,2,50,3,9,SOLUSDT,2025-02-09 20:00:00,198.924,2025-02-12 12:00:00,192.95628,0.4021636403852727,2.2424000000000057,TP,0.08,0.0776,SHORT,19_flag_short_4H,ranging,downtrend
0,8,40,2,50,3,9,AAVEUSDT,2025-02-21 16:00:00,255.08,2025-02-21 16:00:00,247.4276,0.3136270973812137,2.2424,TP,0.08,0.0776,SHORT,19_flag_short_4H,trending,downtrend
0,8,40,2,50,3,9,BCHUSDT,2025-02-21 16:00:00,323.87,2025-02-21 16:00:00,314.1539,0.247012690276963,2.242399999999996,TP,0.08,0.0776,SHORT,19_flag_short_4H,trending,downtrend
0,8,40,2,50,3,9,BNBUSDT,2025-02-21 16:00:00,657.06,2025-02-21 16:00:00,637.3481999999999,0.1217544820868718,2.242400000000005,TP,0.08,0.0776,SHORT,19_flag_short_4H,trending,downtrend
0,8,40,2,50,3,9,DOGEUSDT,2025-02-21 16:00:00,0.25225,2025-02-21 16:00:00,0.2446824999999999,317.14568880079287,2.2424000000000017,TP,0.08,0.0776,SHORT,19_flag_short_4H,trending,downtrend
0,8,40,2,50,3,9,HBARUSDT,2025-02-21 16:00:00,0.21871,2025-02-21 16:00:00,0.2121487,365.7811714142015,2.2423999999999973,TP,0.08,0.0776,SHORT,19_flag_short_4H,trending,downtrend
0,8,40,2,50,3,9,LINKUSDT,2025-02-21 16:00:00,18.369,2025-02-21 16:00:00,17.81793,4.3551635908323805,2.242399999999997,TP,0.08,0.0776,SHORT,19_flag_short_4H,trending,downtrend
0,8,40,2,50,3,9,XRPUSDT,2025-02-21 16:00:00,2.6129,2025-02-21 16:00:00,2.534513,30.61732174977994,2.2424000000000066,TP,0.08,0.0776,SHORT,19_flag_short_4H,trending,downtrend
0,8,40,2,50,3,9,SOLUSDT,2025-02-21 16:00:00,173.158,2025-02-21 20:00:00,167.96326,0.4620057981727671,2.242399999999998,TP,0.08,0.0776,SHORT,19_flag_short_4H,trending,downtrend
0,8,40,2,50,3,9,NEARUSDT,2025-02-21 20:00:00,3.233,2025-02-22 08:00:00,3.5239700000000003,24.74481905351067,-7.367200000000005,SL,0.08,0.0872,SHORT,19_flag_short_4H,ranging,downtrend
0,8,40,2,50,3,9,AVAXUSDT,2025-02-21 20:00:00,23.898,2025-02-22 16:00:00,26.048820000000003,3.347560465310905,-7.36720000000001,SL,0.08,0.0872,SHORT,19_flag_short_4H,ranging,downtrend
0,8,40,2,50,3,9,PENGUUSDT,2025-02-21 20:00:00,0.00845,2025-02-22 16:00:00,0.0092105,9467.455621301777,-7.367200000000008,SL,0.08,0.0872,SHORT,19_flag_short_4H,ranging,downtrend
0,8,40,2,50,3,9,DOGEUSDT,2025-02-21 20:00:00,0.23986,2025-02-24 00:00:00,0.2326642,333.52789126990746,2.242400000000001,TP,0.08,0.0776,SHORT,19_flag_short_4H,ranging,downtrend
0,8,40,2,50,3,9,SOLUSDT,2025-02-21 20:00:00,168.375,2025-02-24 00:00:00,163.32375,0.4751299183370452,2.242400000000005,TP,0.08,0.0776,SHORT,19_flag_short_4H,ranging,downtrend
0,8,40,2,50,3,9,ADAUSDT,2025-02-21 20:00:00,0.7538,2025-02-24 04:00:00,0.731186,106.1289466702043,2.2424000000000026,TP,0.08,0.0776,SHORT,19_flag_short_4H,ranging,downtrend
0,8,40,2,50,3,9,APTUSDT,2025-02-21 20:00:00,5.92,2025-02-24 04:00:00,5.7424,13.513513513513514,2.2424,TP,0.08,0.0776,SHORT,19_flag_short_4H,ranging,downtrend
0,8,40,2,50,3,9,LINKUSDT,2025-02-21 20:00:00,17.272,2025-02-24 04:00:00,16.753839999999997,4.631773969430292,2.2424000000000084,TP,0.08,0.0776,SHORT,19_flag_short_4H,ranging,downtrend
0,8,40,2,50,3,9,XRPUSDT,2025-02-21 20:00:00,2.5241,2025-02-24 04:00:00,2.448377,31.694465353987564,2.2424,TP,0.08,0.0776,SHORT,19_flag_short_4H,ranging,downtrend
0,8,40,2,50,3,9,AAVEUSDT,2025-02-21 20:00:00,240.66,2025-02-24 08:00:00,233.4402,0.3324191805867199,2.2423999999999977,TP,0.08,0.0776,SHORT,19_flag_short_4H,ranging,downtrend
0,8,40,2,50,3,9,ARBUSDT,2025-02-21 20:00:00,0.4606,2025-02-24 08:00:00,0.446782,173.6864958749457,2.242399999999999,TP,0.08,0.0776,SHORT,19_flag_short_4H,ranging,downtrend
0,8,40,2,50,3,9,HBARUSDT,2025-02-21 20:00:00,0.20685,2025-02-24 08:00:00,0.2006445,386.753686246072,2.242400000000001,TP,0.08,0.0776,SHORT,19_flag_short_4H,ranging,downtrend
0,8,40,2,50,3,9,LTCUSDT,2025-02-21 20:00:00,124.44,2025-02-24 12:00:00,120.7068,0.6428801028608164,2.2423999999999977,TP,0.08,0.0776,SHORT,19_flag_short_4H,ranging,downtrend
0,8,40,2,50,3,9,SUIUSDT,2025-02-21 20:00:00,3.2536,2025-02-24 12:00:00,3.155992,24.58814851241701,2.2424000000000035,TP,0.08,0.0776,SHORT,19_flag_short_4H,ranging,downtrend
0,8,40,2,50,3,9,BCHUSDT,2025-02-21 20:00:00,311.79,2025-02-24 16:00:00,302.4363,0.256582956477116,2.242400000000001,TP,0.08,0.0776,SHORT,19_flag_short_4H,ranging,downtrend
0,8,40,2,50,3,9,BNBUSDT,2025-02-21 20:00:00,638.41,2025-02-24 20:00:00,619.2577,0.1253113203113986,2.242399999999996,TP,0.08,0.0776,SHORT,19_flag_short_4H,ranging,downtrend
0,8,40,2,50,3,9,ETHUSDT,2025-02-21 20:00:00,2638.3,2025-02-24 20:00:00,2559.1510000000003,0.0303225561914869,2.2423999999999964,TP,0.08,0.0776,SHORT,19_flag_short_4H,ranging,downtrend
0,8,40,2,50,3,9,AAVEUSDT,2025-02-24 20:00:00,224.28,2025-02-24 20:00:00,217.5516,0.356696985910469,2.2423999999999977,TP,0.08,0.0776,SHORT,19_flag_short_4H,trending,downtrend
0,8,40,2,50,3,9,ADAUSDT,2025-02-24 20:00:00,0.7158,2025-02-24 20:00:00,0.694326,111.76306230790723,2.242399999999999,TP,0.08,0.0776,SHORT,19_flag_short_4H,trending,downtrend
0,8,40,2,50,3,9,APTUSDT,2025-02-24 20:00:00,5.604,2025-02-24 20:00:00,5.43588,14.275517487508925,2.242400000000001,TP,0.08,0.0776,SHORT,19_flag_short_4H,trending,downtrend
0,8,40,2,50,3,9,ARBUSDT,2025-02-24 20:00:00,0.4349,2025-02-24 20:00:00,0.421853,183.9503334099793,2.2424000000000057,TP,0.08,0.0776,SHORT,19_flag_short_4H,trending,downtrend
0,8,40,2,50,3,9,AVAXUSDT,2025-02-24 20:00:00,22.896,2025-02-24 20:00:00,22.20912,3.4940600978336827,2.2424000000000075,TP,0.08,0.0776,SHORT,19_flag_short_4H,trending,downtrend
0,8,40,2,50,3,9,BCHUSDT,2025-02-24 20:00:00,304.59,2025-02-24 20:00:00,295.4523,0.2626481499720937,2.242399999999999,TP,0.08,0.0776,SHORT,19_flag_short_4H,trending,downtrend
0,8,40,2,50,3,9,DOGEUSDT,2025-02-24 20:00:00,0.22198,2025-02-24 20:00:00,0.2153206,360.3928281827192,2.2424000000000035,TP,0.08,0.0776,SHORT,19_flag_short_4H,trending,downtrend
0,8,40,2,50,3,9,DOTUSDT,2025-02-24 20:00:00,4.615,2025-02-24 20:00:00,4.4765500000000005,17.33477789815818,2.2423999999999955,TP,0.08,0.0776,SHORT,19_flag_short_4H,trending,downtrend
0,8,40,2,50,3,9,ENAUSDT,2025-02-24 20:00:00,0.394,2025-02-24 20:00:00,0.38218,203.0456852791878,2.2423999999999995,TP,0.08,0.0776,SHORT,19_flag_short_4H,trending,downtrend
0,8,40,2,50,3,9,ETHUSDT,2025-02-24 20:00:00,2639.82,2025-02-24 20:00:00,2560.6254,0.0303050965596139,2.242400000000008,TP,0.08,0.0776,SHORT,19_flag_short_4H,trending,downtrend
0,8,40,2,50,3,9,FARTCOINUSDT,2025-02-24 20:00:00,0.2907,2025-02-24 20:00:00,0.281979,275.19779841761266,2.2424000000000093,TP,0.08,0.0776,SHORT,19_flag_short_4H,trending,downtrend
0,8,40,2,50,3,9,HYPEUSDT,2025-02-24 20:00:00,20.69,2025-02-24 20:00:00,20.0693,3.8666022232962782,2.2423999999999973,TP,0.08,0.0776,SHORT,19_flag_short_4H,trending,downtrend
0,8,40,2,50,3,9,LINKUSDT,2025-02-24 20:00:00,16.095,2025-02-24 20:00:00,15.612149999999998,4.970487729108419,2.242400000000005,TP,0.08,0.0776,SHORT,19_flag_short_4H,trending,downtrend
0,8,40,2,50,3,9,LTCUSDT,2025-02-24 20:00:00,121.76,2025-02-24 20:00:00,118.1072,0.657030223390276,2.2423999999999995,TP,0.08,0.0776,SHORT,19_flag_short_4H,trending,downtrend
0,8,40,2,50,3,9,NEARUSDT,2025-02-24 20:00:00,3.234,2025-02-24 20:00:00,3.13698,24.737167594310453,2.2424000000000026,TP,0.08,0.0776,SHORT,19_flag_short_4H,trending,downtrend
0,8,40,2,50,3,9,PENGUUSDT,2025-02-24 20:00:00,0.007708,2025-02-24 20:00:00,0.0074767599999999,10378.827192527246,2.2424000000000066,TP,0.08,0.0776,SHORT,19_flag_short_4H,trending,downtrend
0,8,40,2,50,3,9,SOLUSDT,2025-02-24 20:00:00,150.092,2025-02-24 20:00:00,145.58924000000002,0.5330064227273938,2.2423999999999973,TP,0.08,0.0776,SHORT,19_flag_short_4H,trending,downtrend
0,8,40,2,50,3,9,SUIUSDT,2025-02-24 20:00:00,2.9875,2025-02-24 20:00:00,2.8978749999999995,26.77824267782427,2.242400000000008,TP,0.08,0.0776,SHORT,19_flag_short_4H,trending,downtrend
0,8,40,2,50,3,9,XRPUSDT,2025-02-24 20:00:00,2.4005,2025-02-24 20:00:00,2.328485,33.3263903353468,2.2423999999999977,TP,0.08,0.0776,SHORT,19_flag_short_4H,trending,downtrend
0,8,40,2,50,3,9,BNBUSDT,2025-02-24 20:00:00,627.79,2025-02-25 00:00:00,608.9562999999999,0.127431147358193,2.2424000000000026,TP,0.08,0.0776,SHORT,19_flag_short_4H,trending,downtrend
0,8,40,2,50,3,9,HYPEUSDT,2025-02-25 00:00:00,19.984,2025-02-25 00:00:00,19.38448,4.00320256204964,2.2424000000000075,TP,0.08,0.0776,SHORT,19_flag_short_4H,trending,downtrend
0,8,40,2,50,3,9,NEARUSDT,2025-02-25 00:00:00,3.062,2025-02-25 00:00:00,2.97014,26.12671456564337,2.2424000000000017,TP,0.08,0.0776,SHORT,19_flag_short_4H,trending,downtrend
0,8,40,2,50,3,9,ADAUSDT,2025-02-25 00:00:00,0.6813,2025-02-25 04:00:00,0.660861,117.42257448994567,2.242399999999998,TP,0.08,0.0776,SHORT,19_flag_short_4H,trending,downtrend
0,8,40,2,50,3,9,AVAXUSDT,2025-02-25 00:00:00,21.861,2025-02-25 04:00:00,21.20517,3.659484927496455,2.242400000000006,TP,0.08,0.0776,SHORT,19_flag_short_4H,trending,downtrend
0,8,40,2,50,3,9,BCHUSDT,2025-02-25 00:00:00,291.44,2025-02-25 04:00:00,282.6968,0.2744990392533626,2.2424000000000004,TP,0.08,0.0776,SHORT,19_flag_short_4H,trending,downtrend
0,8,40,2,50,3,9,BNBUSDT,2025-02-25 00:00:00,614.0,2025-02-25 04:00:00,595.5799999999999,0.1302931596091205,2.2424000000000097,TP,0.08,0.0776,SHORT,19_flag_short_4H,trending,downtrend
0,8,40,2,50,3,9,DOTUSDT,2025-02-25 00:00:00,4.408,2025-02-25 04:00:00,4.27576,18.148820326678763,2.242400000000006,TP,0.08,0.0776,SHORT,19_flag_short_4H,trending,downtrend
0,8,40,2,50,3,9,ETHUSDT,2025-02-25 00:00:00,2512.9,2025-02-25 04:00:00,2437.513,0.0318357276453499,2.2424000000000053,TP,0.08,0.0776,SHORT,19_flag_short_4H,trending,downtrend
0,8,40,2,50,3,9,HBARUSDT,2025-02-25 00:00:00,0.19638,2025-02-25 04:00:00,0.1904885999999999,407.3734596191058,2.2424000000000075,TP,0.08,0.0776,SHORT,19_flag_short_4H,trending,downtrend
0,8,40,2,50,3,9,LINKUSDT,2025-02-25 00:00:00,15.244,2025-02-25 04:00:00,14.78668,5.247966413014956,2.2424000000000053,TP,0.08,0.0776,SHORT,19_flag_short_4H,trending,downtrend
0,8,40,2,50,3,9,SUIUSDT,2025-02-25 00:00:00,2.8295,2025-02-25 04:00:00,2.744615,28.273546562997,2.242399999999997,TP,0.08,0.0776,SHORT,19_flag_short_4H,trending,downtrend
0,8,40,2,50,3,9,TAOUSDT,2025-02-25 00:00:00,396.65,2025-02-25 04:00:00,384.7505,0.2016891466027984,2.2423999999999977,TP,0.08,0.0776,SHORT,19_flag_short_4H,trending,downtrend
0,8,40,2,50,3,9,AAVEUSDT,2025-02-25 04:00:00,204.33,2025-02-25 04:00:00,198.2001,0.3915235158811725,2.242399999999997,TP,0.08,0.0776,SHORT,19_flag_short_4H,trending,downtrend
0,8,40,2,50,3,9,APTUSDT,2025-02-25 04:00:00,5.327,2025-02-25 04:00:00,5.16719,15.01783367749202,2.2424000000000035,TP,0.08,0.0776,SHORT,19_flag_short_4H,trending,downtrend
0,8,40,2,50,3,9,ARBUSDT,2025-02-25 04:00:00,0.4046,2025-02-25 04:00:00,0.392462,197.7261492832427,2.2424000000000075,TP,0.08,0.0776,SHORT,19_flag_short_4H,trending,downtrend
0,8,40,2,50,3,9,AVAXUSDT,2025-02-25 04:00:00,21.623,2025-02-25 04:00:00,20.97431,3.699764140036073,2.2424000000000075,TP,0.08,0.0776,SHORT,19_flag_short_4H,trending,downtrend
0,8,40,2,50,3,9,BNBUSDT,2025-02-25 04:00:00,606.52,2025-02-25 04:00:00,588.3244,0.1319000197850029,2.2424000000000017,TP,0.08,0.0776,SHORT,19_flag_short_4H,trending,downtrend
0,8,40,2,50,3,9,BTCUSDT,2025-02-25 04:00:00,92125.5,2025-02-25 04:00:00,89361.735,0.0008683806329409,2.2423999999999995,TP,0.08,0.0776,SHORT,19_flag_short_4H,trending,downtrend
0,8,40,2,50,3,9,ETHUSDT,2025-02-25 04:00:00,2493.7,2025-02-25 04:00:00,2418.889,0.03208084372619,2.242400000000005,TP,0.08,0.0776,SHORT,19_flag_short_4H,trending,downtrend
0,8,40,2,50,3,9,LINKUSDT,2025-02-25 04:00:00,15.109,2025-02-25 04:00:00,14.65573,5.294857369779602,2.2423999999999995,TP,0.08,0.0776,SHORT,19_flag_short_4H,trending,downtrend
0,8,40,2,50,3,9,NEARUSDT,2025-02-25 04:00:00,3.005,2025-02-25 04:00:00,2.91485,26.622296173044926,2.242399999999999,TP,0.08,0.0776,SHORT,19_flag_short_4H,trending,downtrend
0,8,40,2,50,3,9,SOLUSDT,2025-02-25 04:00:00,138.879,2025-02-25 04:00:00,134.71263,0.5760410141202054,2.2424000000000004,TP,0.08,0.0776,SHORT,19_flag_short_4H,trending,downtrend
0,8,40,2,50,3,9,TAOUSDT,2025-02-25 04:00:00,386.65,2025-02-25 04:00:00,375.0505,0.2069054700633648,2.2424000000000075,TP,0.08,0.0776,SHORT,19_flag_short_4H,trending,downtrend
0,8,40,2,50,3,9,BTCUSDT,2025-02-25 08:00:00,89300.1,2025-02-25 12:00:00,86621.09700000001,0.0008958556597361,2.2423999999999973,TP,0.08,0.0776,SHORT,19_flag_short_4H,trending,downtrend
0,8,40,2,50,3,9,BTCUSDT,2025-02-25 16:00:00,87196.0,2025-02-26 16:00:00,84580.12,0.0009174732785907,2.2424000000000044,TP,0.08,0.0776,SHORT,19_flag_short_4H,trending,downtrend
0,8,40,2,50,3,9,HYPEUSDT,2025-02-26 20:00:00,18.74,2025-02-27 00:00:00,20.4266,4.268943436499467,-7.36720000000001,SL,0.08,0.0872,SHORT,19_flag_short_4H,trending,downtrend
0,8,40,2,50,3,9,AVAXUSDT,2025-02-26 20:00:00,21.215,2025-02-27 04:00:00,23.124350000000003,3.770916804148008,-7.367200000000013,SL,0.08,0.0872,SHORT,19_flag_short_4H,trending,downtrend
0,8,40,2,50,3,9,PENGUUSDT,2025-02-26 20:00:00,0.007972,2025-02-27 04:00:00,0.00868948,10035.122930255897,-7.367200000000012,SL,0.08,0.0872,SHORT,19_flag_short_4H,trending,downtrend
0,8,40,2,50,3,9,DOTUSDT,2025-02-26 20:00:00,4.688,2025-02-27 08:00:00,5.10992,17.064846416382252,-7.367200000000001,SL,0.08,0.0872,SHORT,19_flag_short_4H,trending,downtrend
0,8,40,2,50,3,9,TAOUSDT,2025-02-26 20:00:00,346.23,2025-02-27 20:00:00,335.8431,0.2310602778499841,2.2424000000000057,TP,0.08,0.0776,SHORT,19_flag_short_4H,trending,downtrend
0,8,40,2,50,3,9,AAVEUSDT,2025-02-26 20:00:00,194.82,2025-02-28 00:00:00,188.9754,0.4106354583718304,2.2424000000000057,TP,0.08,0.0776,SHORT,19_flag_short_4H,trending,downtrend
0,8,40,2,50,3,9,ADAUSDT,2025-02-26 20:00:00,0.6398,2025-02-28 00:00:00,0.620606,125.03907471084712,2.2424000000000053,TP,0.08,0.0776,SHORT,19_flag_short_4H,trending,downtrend
0,8,40,2,50,3,9,ARBUSDT,2025-02-26 20:00:00,0.4109,2025-02-28 00:00:00,0.3985729999999999,194.69457288878075,2.242400000000006,TP,0.08,0.0776,SHORT,19_flag_short_4H,trending,downtrend
0,8,40,2,50,3,9,BCHUSDT,2025-02-26 20:00:00,287.31,2025-02-28 00:00:00,278.6907,0.2784448853155128,2.2424000000000026,TP,0.08,0.0776,SHORT,19_flag_short_4H,trending,downtrend
0,8,40,2,50,3,9,BNBUSDT,2025-02-26 20:00:00,601.45,2025-02-28 00:00:00,583.4065,0.1330118879374844,2.242399999999999,TP,0.08,0.0776,SHORT,19_flag_short_4H,trending,downtrend
0,8,40,2,50,3,9,BTCUSDT,2025-02-26 20:00:00,83832.0,2025-02-28 00:00:00,81317.04,0.0009542895314438,2.242400000000006,TP,0.08,0.0776,SHORT,19_flag_short_4H,trending,downtrend
0,8,40,2,50,3,9,DOGEUSDT,2025-02-26 20:00:00,0.19859,2025-02-28 00:00:00,0.1926322999999999,402.84002215620126,2.2424000000000044,TP,0.08,0.0776,SHORT,19_flag_short_4H,trending,downtrend
0,8,40,2,50,3,9,ETHUSDT,2025-02-26 20:00:00,2295.52,2025-02-28 00:00:00,2226.6544,0.0348504913919286,2.242400000000003,TP,0.08,0.0776,SHORT,19_flag_short_4H,trending,downtrend
0,8,40,2,50,3,9,LINKUSDT,2025-02-26 20:00:00,14.881,2025-02-28 00:00:00,14.43457,5.37598279685505,2.2424000000000066,TP,0.08,0.0776,SHORT,19_flag_short_4H,trending,downtrend
0,8,40,2,50,3,9,SOLUSDT,2025-02-26 20:00:00,131.921,2025-02-28 00:00:00,127.96336999999998,0.6064235413618757,2.2424000000000057,TP,0.08,0.0776,SHORT,19_flag_short_4H,trending,downtrend
0,8,40,2,50,3,9,SUIUSDT,2025-02-26 20:00:00,2.7931,2025-02-28 00:00:00,2.709307,28.642010669148974,2.2424,TP,0.08,0.0776,SHORT,19_flag_short_4H,trending,downtrend
0,8,40,2,50,3,9,XRPUSDT,2025-02-26 20:00:00,2.1784,2025-02-28 00:00:00,2.113048,36.72420124862285,2.242399999999995,TP,0.08,0.0776,SHORT,19_flag_short_4H,trending,downtrend
0,8,40,2,50,3,9,HBARUSDT,2025-02-26 20:00:00,0.19039,2025-02-28 04:00:00,0.1846783,420.1901360365565,2.2424000000000057,TP,0.08,0.0776,SHORT,19_flag_short_4H,trending,downtrend
0,8,40,2,50,3,9,AAVEUSDT,2025-02-28 04:00:00,186.79,2025-02-28 04:00:00,181.1863,0.4282884522726056,2.2424000000000013,TP,0.08,0.0776,SHORT,19_flag_short_4H,trending,downtrend
0,8,40,2,50,3,9,ADAUSDT,2025-02-28 04:00:00,0.6014,2025-02-28 04:00:00,0.583358,133.02294645826404,2.2424000000000004,TP,0.08,0.0776,SHORT,19_flag_short_4H,trending,downtrend
0,8,40,2,50,3,9,DOGEUSDT,2025-02-28 04:00:00,0.18951,2025-02-28 04:00:00,0.1838247,422.1413118041264,2.2424000000000017,TP,0.08,0.0776,SHORT,19_flag_short_4H,trending,downtrend
0,8,40,2,50,3,9,ETHUSDT,2025-02-28 04:00:00,2146.11,2025-02-28 04:00:00,2081.7267,0.0372767472310366,2.2423999999999986,TP,0.08,0.0776,SHORT,19_flag_short_4H,trending,downtrend
0,8,40,2,50,3,9,FARTCOINUSDT,2025-02-28 04:00:00,0.2906,2025-02-28 04:00:00,0.281882,275.29249827942186,2.242400000000001,TP,0.08,0.0776,SHORT,19_flag_short_4H,trending,downtrend
0,8,40,2,50,3,9,HBARUSDT,2025-02-28 04:00:00,0.187,2025-02-28 04:00:00,0.18139,427.8074866310161,2.2424000000000017,TP,0.08,0.0776,SHORT,19_flag_short_4H,trending,downtrend
0,8,40,2,50,3,9,TAOUSDT,2025-02-28 04:00:00,307.86,2025-02-28 04:00:00,298.62420000000003,0.2598583771844345,2.242399999999996,TP,0.08,0.0776,SHORT,19_flag_short_4H,trending,downtrend
0,8,40,2,50,3,9,DOTUSDT,2025-02-28 04:00:00,4.596,2025-02-28 08:00:00,4.45812,17.40644038294169,2.2424,TP,0.08,0.0776,SHORT,19_flag_short_4H,trending,downtrend
0,8,40,2,50,3,9,XRPUSDT,2025-02-28 04:00:00,2.0184,2025-02-28 08:00:00,1.957848,39.63535473642489,2.242400000000006,TP,0.08,0.0776,SHORT,19_flag_short_4H,trending,downtrend
0,8,40,2,50,3,9,BCHUSDT,2025-02-28 04:00:00,277.33,2025-02-28 12:00:00,302.2897,0.2884650055890095,-7.3672,SL,0.08,0.0872,SHORT,19_flag_short_4H,trending,downtrend
0,8,40,2,50,3,9,HYPEUSDT,2025-02-28 04:00:00,18.782,2025-02-28 12:00:00,20.47238,4.259397295282717,-7.367200000000005,SL,0.08,0.0872,SHORT,19_flag_short_4H,trending,downtrend
0,8,40,2,50,3,9,PENGUUSDT,2025-02-28 04:00:00,0.007712,2025-02-28 12:00:00,0.00840608,10373.443983402489,-7.367200000000015,SL,0.08,0.0872,SHORT,19_flag_short_4H,trending,downtrend
0,8,40,2,50,3,9,SOLUSDT,2025-02-28 04:00:00,127.564,2025-02-28 12:00:00,139.04476,0.6271361826220564,-7.367200000000003,SL,0.08,0.0872,SHORT,19_flag_short_4H,trending,downtrend
0,8,40,2,50,3,9,SUIUSDT,2025-02-28 04:00:00,2.556,2025-02-28 12:00:00,2.7860400000000003,31.29890453834116,-7.367200000000008,SL,0.08,0.0872,SHORT,19_flag_short_4H,trending,downtrend
0,8,40,2,50,3,9,APTUSDT,2025-02-28 04:00:00,5.778,2025-02-28 16:00:00,6.29802,13.845621322256838,-7.367200000000009,SL,0.08,0.0872,SHORT,19_flag_short_4H,trending,downtrend
0,8,40,2,50,3,9,ENAUSDT,2025-02-28 04:00:00,0.3871,2025-02-28 16:00:00,0.421939,206.66494445879616,-7.367200000000002,SL,0.08,0.0872,SHORT,19_flag_short_4H,trending,downtrend
0,8,40,2,50,3,9,NEARUSDT,2025-02-28 04:00:00,2.843,2025-02-28 20:00:00,3.09887,28.139289482940555,-7.367200000000007,SL,0.08,0.0872,SHORT,19_flag_short_4H,trending,downtrend
0,8,40,2,50,3,9,ARBUSDT,2025-02-28 04:00:00,0.3906,2025-03-01 00:00:00,0.425754,204.8131080389145,-7.367200000000004,SL,0.08,0.0872,SHORT,19_flag_short_4H,trending,downtrend
0,8,40,2,50,3,9,AVAXUSDT,2025-02-28 04:00:00,20.573,2025-03-01 00:00:00,22.424570000000003,3.888591843678608,-7.367200000000009,SL,0.08,0.0872,SHORT,19_flag_short_4H,trending,downtrend
0,8,40,2,50,3,9,LINKUSDT,2025-02-28 04:00:00,13.852,2025-03-01 20:00:00,15.098680000000002,5.775339301183944,-7.367200000000007,SL,0.08,0.0872,SHORT,19_flag_short_4H,trending,downtrend
0,8,40,2,50,3,9,BTCUSDT,2025-02-28 04:00:00,80421.8,2025-03-02 12:00:00,87659.762,0.0009947551534534,-7.367199999999999,SL,0.08,0.0872,SHORT,19_flag_short_4H,trending,downtrend
0,8,40,2,50,3,9,BNBUSDT,2025-02-28 04:00:00,572.31,2025-03-02 16:00:00,623.8179,0.1397843825898551,-7.367200000000009,SL,0.08,0.0872,SHORT,19_flag_short_4H,trending,downtrend
0,8,40,2,50,3,9,ENAUSDT,2025-03-03 12:00:00,0.414,2025-03-03 12:00:00,0.40158,193.23671497584544,2.2423999999999977,TP,0.08,0.0776,SHORT,19_flag_short_4H,trending,downtrend
0,8,40,2,50,3,9,ETHUSDT,2025-03-03 12:00:00,2355.23,2025-03-03 12:00:00,2284.5731,0.0339669586409819,2.242399999999998,TP,0.08,0.0776,SHORT,19_flag_short_4H,trending,downtrend
0,8,40,2,50,3,9,LTCUSDT,2025-03-03 12:00:00,116.75,2025-03-03 12:00:00,113.2475,0.6852248394004282,2.242399999999998,TP,0.08,0.0776,SHORT,19_flag_short_4H,trending,downtrend
0,8,40,2,50,3,9,PENGUUSDT,2025-03-03 12:00:00,0.008328,2025-03-03 12:00:00,0.00807816,9606.147934678194,2.2423999999999946,TP,0.08,0.0776,SHORT,19_flag_short_4H,trending,downtrend
0,8,40,2,50,3,9,SUIUSDT,2025-03-03 12:00:00,2.9461,2025-03-03 12:00:00,2.857717,27.154543294524967,2.242399999999997,TP,0.08,0.0776,SHORT,19_flag_short_4H,trending,downtrend
0,8,40,2,50,3,9,BNBUSDT,2025-03-03 12:00:00,602.85,2025-03-03 16:00:00,584.7645,0.1327029941113046,2.242400000000003,TP,0.08,0.0776,SHORT,19_flag_short_4H,trending,downtrend
0,8,40,2,50,3,9,HYPEUSDT,2025-03-03 12:00:00,19.357,2025-03-03 16:00:00,18.77629,4.132871829312394,2.2423999999999995,TP,0.08,0.0776,SHORT,19_flag_short_4H,trending,downtrend
0,8,40,2,50,3,9,AAVEUSDT,2025-03-03 16:00:00,200.95,2025-03-03 16:00:00,194.9215,0.3981089823339139,2.2424000000000035,TP,0.08,0.0776,SHORT,19_flag_short_4H,volatile,downtrend
0,8,40,2,50,3,9,ARBUSDT,2025-03-03 16:00:00,0.4216,2025-03-03 16:00:00,0.408952,189.753320683112,2.242399999999999,TP,0.08,0.0776,SHORT,19_flag_short_4H,volatile,downtrend
0,8,40,2,50,3,9,BNBUSDT,2025-03-03 16:00:00,591.33,2025-03-03 16:00:00,573.5901,0.1352882485245125,2.2424000000000044,TP,0.08,0.0776,SHORT,19_flag_short_4H,volatile,downtrend
0,8,40,2,50,3,9,ENAUSDT,2025-03-03 16:00:00,0.4004,2025-03-03 16:00:00,0.3883879999999999,199.8001998001998,2.242400000000005,TP,0.08,0.0776,SHORT,19_flag_short_4H,volatile,downtrend
0,8,40,2,50,3,9,ETHUSDT,2025-03-03 16:00:00,2286.2,2025-03-03 16:00:00,2217.614,0.0349925640801329,2.2424000000000084,TP,0.08,0.0776,SHORT,19_flag_short_4H,volatile,downtrend
0,8,40,2,50,3,9,HYPEUSDT,2025-03-03 16:00:00,19.127,2025-03-03 16:00:00,18.55319,4.182569143096147,2.2424000000000075,TP,0.08,0.0776,SHORT,19_flag_short_4H,volatile,downtrend
0,8,40,2,50,3,9,LTCUSDT,2025-03-03 16:00:00,113.67,2025-03-03 16:00:00,110.2599,0.7037916776634117,2.2424,TP,0.08,0.0776,SHORT,19_flag_short_4H,volatile,downtrend
0,8,40,2,50,3,9,PENGUUSDT,2025-03-03 16:00:00,0.007922,2025-03-03 16:00:00,0.00768434,10098.45998485231,2.2424000000000066,TP,0.08,0.0776,SHORT,19_flag_short_4H,volatile,downtrend
0,8,40,2,50,3,9,SUIUSDT,2025-03-03 16:00:00,2.8762,2025-03-03 16:00:00,2.789914,27.814477435505182,2.2423999999999964,TP,0.08,0.0776,SHORT,19_flag_short_4H,volatile,downtrend
0,8,40,2,50,3,9,TAOUSDT,2025-03-03 16:00:00,319.67,2025-03-03 16:00:00,310.0799,0.2502580786436012,2.2424000000000017,TP,0.08,0.0776,SHORT,19_flag_short_4H,volatile,downtrend
0,8,40,2,50,3,9,APTUSDT,2025-03-03 20:00:00,5.791,2025-03-03 20:00:00,5.61727,13.814539803142807,2.242399999999999,TP,0.08,0.0776,SHORT,19_flag_short_4H,volatile,downtrend
0,8,40,2,50,3,9,FARTCOINUSDT,2025-03-03 20:00:00,0.2925,2025-03-03 20:00:00,0.2837249999999999,273.5042735042735,2.242400000000009,TP,0.08,0.0775999999999999,SHORT,19_flag_short_4H,volatile,downtrend
0,8,40,2,50,3,9,AAVEUSDT,2025-03-03 20:00:00,181.61,2025-03-04 00:00:00,176.1617,0.4405043775122515,2.2424000000000075,TP,0.08,0.0776,SHORT,19_flag_short_4H,volatile,downtrend
0,8,40,2,50,3,9,ARBUSDT,2025-03-03 20:00:00,0.3881,2025-03-04 00:00:00,0.376457,206.1324400927596,2.242400000000003,TP,0.08,0.0776,SHORT,19_flag_short_4H,volatile,downtrend
0,8,40,2,50,3,9,AVAXUSDT,2025-03-03 20:00:00,20.943,2025-03-04 00:00:00,20.31471,3.819892088048512,2.242399999999999,TP,0.08,0.0776,SHORT,19_flag_short_4H,volatile,downtrend
0,8,40,2,50,3,9,BNBUSDT,2025-03-03 20:00:00,572.48,2025-03-04 00:00:00,555.3056,0.1397428731134712,2.242399999999999,TP,0.08,0.0776,SHORT,19_flag_short_4H,volatile,downtrend
0,8,40,2,50,3,9,BTCUSDT,2025-03-03 20:00:00,85551.9,2025-03-04 00:00:00,82985.343,0.0009351048895465,2.242400000000001,TP,0.08,0.0776,SHORT,19_flag_short_4H,volatile,downtrend
0,8,40,2,50,3,9,DOGEUSDT,2025-03-03 20:00:00,0.19845,2025-03-04 00:00:00,0.1924965,403.1242126480222,2.2424000000000004,TP,0.08,0.0776,SHORT,19_flag_short_4H,volatile,downtrend
0,8,40,2,50,3,9,DOTUSDT,2025-03-03 20:00:00,4.492,2025-03-04 00:00:00,4.35724,17.809439002671414,2.2423999999999995,TP,0.08,0.0776,SHORT,19_flag_short_4H,volatile,downtrend
0,8,40,2,50,3,9,ENAUSDT,2025-03-03 20:00:00,0.3638,2025-03-04 00:00:00,0.352886,219.9010445299615,2.2424000000000075,TP,0.08,0.0776,SHORT,19_flag_short_4H,volatile,downtrend
0,8,40,2,50,3,9,ETHUSDT,2025-03-03 20:00:00,2108.27,2025-03-04 00:00:00,2045.0219,0.0379458039055718,2.242400000000001,TP,0.08,0.0776,SHORT,19_flag_short_4H,volatile,downtrend
0,8,40,2,50,3,9,HYPEUSDT,2025-03-03 20:00:00,17.8,2025-03-04 00:00:00,17.266000000000002,4.4943820224719095,2.242399999999995,TP,0.08,0.0776,SHORT,19_flag_short_4H,volatile,downtrend
0,8,40,2,50,3,9,LINKUSDT,2025-03-03 20:00:00,14.744,2025-03-04 00:00:00,14.30168,5.425935973955507,2.2424000000000026,TP,0.08,0.0776,SHORT,19_flag_short_4H,volatile,downtrend
0,8,40,2,50,3,9,LTCUSDT,2025-03-03 20:00:00,107.56,2025-03-04 00:00:00,104.3332,0.7437709185570844,2.242399999999998,TP,0.08,0.0776,SHORT,19_flag_short_4H,volatile,downtrend
0,8,40,2,50,3,9,NEARUSDT,2025-03-03 20:00:00,2.949,2025-03-04 00:00:00,2.86053,27.12783994574432,2.2424000000000013,TP,0.08,0.0776,SHORT,19_flag_short_4H,volatile,downtrend
0,8,40,2,50,3,9,PENGUUSDT,2025-03-03 20:00:00,0.007109,2025-03-04 00:00:00,0.00689573,11253.340835560555,2.2423999999999977,TP,0.08,0.0776,SHORT,19_flag_short_4H,volatile,downtrend
0,8,40,2,50,3,9,SOLUSDT,2025-03-03 20:00:00,141.799,2025-03-04 00:00:00,137.54503,0.5641788729116566,2.2424000000000053,TP,0.08,0.0776,SHORT,19_flag_short_4H,volatile,downtrend
0,8,40,2,50,3,9,SUIUSDT,2025-03-03 20:00:00,2.6432,2025-03-04 00:00:00,2.563904,30.266343825665857,2.2424000000000075,TP,0.08,0.0776,SHORT,19_flag_short_4H,volatile,downtrend
0,8,40,2,50,3,9,TAOUSDT,2025-03-03 20:00:00,298.62,2025-03-04 00:00:00,289.6614,0.2678990020762172,2.2423999999999973,TP,0.08,0.0776,SHORT,19_flag_short_4H,volatile,downtrend
0,8,40,2,50,3,9,AAVEUSDT,2025-03-04 00:00:00,180.91,2025-03-04 00:00:00,175.4827,0.4422088331214416,2.2424000000000013,TP,0.08,0.0776,SHORT,19_flag_short_4H,volatile,downtrend
0,8,40,2,50,3,9,AVAXUSDT,2025-03-04 00:00:00,20.933,2025-03-04 00:00:00,20.30501,3.8217169063201646,2.242400000000002,TP,0.08,0.0776,SHORT,19_flag_short_4H,volatile,downtrend
0,8,40,2,50,3,9,BNBUSDT,2025-03-04 00:00:00,575.75,2025-03-04 00:00:00,558.4775,0.1389491966999566,2.2424000000000053,TP,0.08,0.0776,SHORT,19_flag_short_4H,volatile,downtrend
0,8,40,2,50,3,9,BTCUSDT,2025-03-04 00:00:00,86185.9,2025-03-04 00:00:00,83600.32299999999,0.0009282260787437,2.2424000000000044,TP,0.08,0.0776,SHORT,19_flag_short_4H,volatile,downtrend
0,8,40,2,50,3,9,DOTUSDT,2025-03-04 00:00:00,4.471,2025-03-04 00:00:00,4.33687,17.893088794453142,2.2423999999999973,TP,0.08,0.0776,SHORT,19_flag_short_4H,volatile,downtrend
0,8,40,2,50,3,9,FARTCOINUSDT,2025-03-04 00:00:00,0.2688,2025-03-04 00:00:00,0.2607359999999999,297.61904761904765,2.242400000000005,TP,0.08,0.0776,SHORT,19_flag_short_4H,volatile,downtrend
0,8,40,2,50,3,9,LINKUSDT,2025-03-04 00:00:00,14.449,2025-03-04 00:00:00,14.01553,5.536715343622396,2.242399999999999,TP,0.08,0.0776,SHORT,19_flag_short_4H,volatile,downtrend
0,8,40,2,50,3,9,NEARUSDT,2025-03-04 00:00:00,2.969,2025-03-04 00:00:00,2.87993,26.94509936005389,2.2423999999999995,TP,0.08,0.0776,SHORT,19_flag_short_4H,volatile,downtrend
0,8,40,2,50,3,9,SUIUSDT,2025-03-04 00:00:00,2.6185,2025-03-04 00:00:00,2.539945,30.55184265801031,2.242400000000005,TP,0.08,0.0776,SHORT,19_flag_short_4H,volatile,downtrend
0,8,40,2,50,3,9,TAOUSDT,2025-03-04 00:00:00,295.42,2025-03-04 00:00:00,286.55740000000003,0.270800893642949,2.2423999999999964,TP,0.08,0.0776,SHORT,19_flag_short_4H,volatile,downtrend
0,8,40,2,50,3,9,NEARUSDT,2025-03-04 04:00:00,2.807,2025-03-04 12:00:00,2.72279,28.50017812611329,2.2424000000000035,TP,0.08,0.0776,SHORT,19_flag_short_4H,volatile,downtrend
0,8,40,2,50,3,9,AVAXUSDT,2025-03-04 04:00:00,19.806,2025-03-04 16:00:00,19.21182,4.0391800464505705,2.242400000000006,TP,0.08,0.0776,SHORT,19_flag_short_4H,volatile,downtrend
0,8,40,2,50,3,9,BCHUSDT,2025-03-04 04:00:00,304.18,2025-03-04 16:00:00,295.0546,0.2630021697679006,2.2424000000000035,TP,0.08,0.0776,SHORT,19_flag_short_4H,volatile,downtrend
0,8,40,2,50,3,9,DOTUSDT,2025-03-04 04:00:00,4.22,2025-03-04 16:00:00,4.0934,18.95734597156398,2.242399999999997,TP,0.08,0.0776,SHORT,19_flag_short_4H,volatile,downtrend
0,8,40,2,50,3,9,BTCUSDT,2025-03-04 04:00:00,83924.6,2025-03-06 00:00:00,91477.814,0.0009532365957061,-7.367200000000007,SL,0.08,0.0872,SHORT,19_flag_short_4H,volatile,downtrend
0,8,40,2,50,3,9,FARTCOINUSDT,2025-03-07 04:00:00,0.268,2025-03-07 08:00:00,0.29212,298.5074626865671,-7.367200000000008,SL,0.08,0.0872,SHORT,19_flag_short_4H,volatile,downtrend
0,8,40,2,50,3,9,HYPEUSDT,2025-03-07 16:00:00,15.546,2025-03-07 20:00:00,15.079619999999998,5.146018268364853,2.242400000000005,TP,0.08,0.0776,SHORT,19_flag_short_4H,volatile,downtrend
0,8,40,2,50,3,9,DOTUSDT,2025-03-07 20:00:00,4.548,2025-03-07 20:00:00,4.41156,17.590149516270888,2.2424000000000057,TP,0.08,0.0776,SHORT,19_flag_short_4H,volatile,downtrend
0,8,40,2,50,3,9,ETHUSDT,2025-03-07 20:00:00,2177.16,2025-03-08 00:00:00,2111.8452,0.0367451174925131,2.242400000000004,TP,0.08,0.0776,SHORT,19_flag_short_4H,volatile,downtrend
0,8,40,2,50,3,9,AAVEUSDT,2025-03-08 00:00:00,196.54,2025-03-08 04:00:00,190.6438,0.4070418235473695,2.2423999999999973,TP,0.08,0.0776,SHORT,19_flag_short_4H,volatile,downtrend
0,8,40,2,50,3,9,ADAUSDT,2025-03-08 00:00:00,0.8174,2025-03-08 08:00:00,0.792878,97.87129924149744,2.2424000000000044,TP,0.08,0.0776,SHORT,19_flag_short_4H,volatile,downtrend
0,8,40,2,50,3,9,ARBUSDT,2025-03-08 00:00:00,0.3949,2025-03-08 08:00:00,0.383053,202.58293238794636,2.2423999999999995,TP,0.08,0.0776,SHORT,19_flag_short_4H,volatile,downtrend
0,8,40,2,50,3,9,AVAXUSDT,2025-03-08 00:00:00,20.133,2025-03-08 08:00:00,19.52901,3.973575721452342,2.2423999999999986,TP,0.08,0.0776,SHORT,19_flag_short_4H,volatile,downtrend
0,8,40,2,50,3,9,HBARUSDT,2025-03-08 00:00:00,0.23269,2025-03-08 08:00:00,0.2257093,343.8050625295457,2.242400000000002,TP,0.08,0.0776,SHORT,19_flag_short_4H,volatile,downtrend
0,8,40,2,50,3,9,NEARUSDT,2025-03-08 00:00:00,2.941,2025-03-08 08:00:00,2.85277,27.20163209792588,2.242400000000007,TP,0.08,0.0776,SHORT,19_flag_short_4H,volatile,downtrend
0,8,40,2,50,3,9,TAOUSDT,2025-03-08 00:00:00,275.33,2025-03-08 08:00:00,267.0701,0.2905604184070025,2.242400000000005,TP,0.08,0.0776,SHORT,19_flag_short_4H,volatile,downtrend
0,8,40,2,50,3,9,XRPUSDT,2025-03-08 00:00:00,2.3836,2025-03-08 08:00:00,2.312092,33.56267830172848,2.2424000000000044,TP,0.08,0.0776,SHORT,19_flag_short_4H,volatile,downtrend
0,8,40,2,50,3,9,FARTCOINUSDT,2025-03-08 00:00:00,0.2497,2025-03-08 12:00:00,0.242209,320.3844613536243,2.242399999999999,TP,0.08,0.0776,SHORT,19_flag_short_4H,volatile,downtrend
0,8,40,2,50,3,9,DOGEUSDT,2025-03-08 00:00:00,0.19835,2025-03-08 16:00:00,0.1923995,403.327451474666,2.242399999999999,TP,0.08,0.0776,SHORT,19_flag_short_4H,volatile,downtrend
0,8,40,2,50,3,9,DOTUSDT,2025-03-08 00:00:00,4.412,2025-03-08 16:00:00,4.27964,18.13236627379873,2.242400000000005,TP,0.08,0.0776,SHORT,19_flag_short_4H,volatile,downtrend
0,8,40,2,50,3,9,SUIUSDT,2025-03-08 00:00:00,2.5804,2025-03-08 16:00:00,2.502988,31.00294527980158,2.242400000000008,TP,0.08,0.0776,SHORT,19_flag_short_4H,volatile,downtrend
0,8,40,2,50,3,9,LTCUSDT,2025-03-08 00:00:00,103.65,2025-03-09 04:00:00,100.5405,0.7718282682103231,2.2423999999999977,TP,0.08,0.0776,SHORT,19_flag_short_4H,volatile,downtrend
0,8,40,2,50,3,9,BTCUSDT,2025-03-08 00:00:00,86744.0,2025-03-09 12:00:00,84141.68,0.0009222539887485,2.2424000000000066,TP,0.08,0.0776,SHORT,19_flag_short_4H,volatile,downtrend
0,8,40,2,50,3,9,HYPEUSDT,2025-03-08 00:00:00,15.13,2025-03-09 12:00:00,14.6761,5.287508261731658,2.2424000000000044,TP,0.08,0.0776,SHORT,19_flag_short_4H,volatile,downtrend
0,8,40,2,50,3,9,SOLUSDT,2025-03-08 00:00:00,139.331,2025-03-09 12:00:00,135.15106999999998,0.5741722947513476,2.242400000000008,TP,0.08,0.0776,SHORT,19_flag_short_4H,volatile,downtrend
0,8,40,2,50,3,9,ETHUSDT,2025-03-08 00:00:00,2140.71,2025-03-09 16:00:00,2076.4887,0.0373707788537447,2.2424000000000057,TP,0.08,0.0776,SHORT,19_flag_short_4H,volatile,downtrend
0,8,40,2,50,3,9,ADAUSDT,2025-03-09 16:00:00,0.7563,2025-03-09 16:00:00,0.7336109999999999,105.77813037154569,2.2424000000000075,TP,0.08,0.0776,SHORT,19_flag_short_4H,trending,downtrend
0,8,40,2,50,3,9,APTUSDT,2025-03-09 16:00:00,5.939,2025-03-09 16:00:00,5.76083,13.470281192119886,2.2423999999999964,TP,0.08,0.0776,SHORT,19_flag_short_4H,trending,downtrend
0,8,40,2,50,3,9,ARBUSDT,2025-03-09 16:00:00,0.3687,2025-03-09 16:00:00,0.357639,216.9785733658801,2.242399999999997,TP,0.08,0.0776,SHORT,19_flag_short_4H,trending,downtrend
0,8,40,2,50,3,9,AVAXUSDT,2025-03-09 16:00:00,19.16,2025-03-09 16:00:00,18.5852,4.175365344467641,2.242399999999999,TP,0.08,0.0776,SHORT,19_flag_short_4H,trending,downtrend
0,8,40,2,50,3,9,DOGEUSDT,2025-03-09 16:00:00,0.17728,2025-03-09 16:00:00,0.1719616,451.2635379061372,2.2424000000000004,TP,0.08,0.0776,SHORT,19_flag_short_4H,trending,downtrend
0,8,40,2,50,3,9,DOTUSDT,2025-03-09 16:00:00,4.157,2025-03-09 16:00:00,4.03229,19.244647582391146,2.242400000000006,TP,0.08,0.0775999999999999,SHORT,19_flag_short_4H,trending,downtrend
0,8,40,2,50,3,9,ETHUSDT,2025-03-09 16:00:00,2096.01,2025-03-09 16:00:00,2033.1297,0.0381677568332212,2.2424000000000013,TP,0.08,0.0776,SHORT,19_flag_short_4H,trending,downtrend
0,8,40,2,50,3,9,HBARUSDT,2025-03-09 16:00:00,0.20923,2025-03-09 16:00:00,0.2029531,382.3543468909812,2.242400000000001,TP,0.08,0.0776,SHORT,19_flag_short_4H,trending,downtrend
0,8,40,2,50,3,9,LINKUSDT,2025-03-09 16:00:00,14.297,2025-03-09 16:00:00,13.86809,5.595579492201161,2.2424000000000004,TP,0.08,0.0776,SHORT,19_flag_short_4H,trending,downtrend
0,8,40,2,50,3,9,NEARUSDT,2025-03-09 16:00:00,2.717,2025-03-09 16:00:00,2.63549,29.44423997055576,2.2424000000000057,TP,0.08,0.0776,SHORT,19_flag_short_4H,trending,downtrend
0,8,40,2,50,3,9,SOLUSDT,2025-03-09 16:00:00,130.15,2025-03-09 16:00:00,126.2455,0.6146753745678063,2.242399999999999,TP,0.08,0.0776,SHORT,19_flag_short_4H,trending,downtrend
0,8,40,2,50,3,9,SUIUSDT,2025-03-09 16:00:00,2.3425,2025-03-09 16:00:00,2.272225,34.151547491995736,2.2424000000000035,TP,0.08,0.0776,SHORT,19_flag_short_4H,trending,downtrend
0,8,40,2,50,3,9,TAOUSDT,2025-03-09 16:00:00,255.58,2025-03-09 16:00:00,247.9126,0.3130135378355114,2.242400000000005,TP,0.08,0.0776,SHORT,19_flag_short_4H,trending,downtrend
0,8,40,2,50,3,9,XRPUSDT,2025-03-09 16:00:00,2.1839,2025-03-09 16:00:00,2.118383,36.6317139063144,2.24240000000001,TP,0.08,0.0776,SHORT,19_flag_short_4H,trending,downtrend
0,8,40,2,50,3,9,PENGUUSDT,2025-03-09 16:00:00,0.005416,2025-03-10 08:00:00,0.00590344,14771.048744460855,-7.367200000000007,SL,0.08,0.0872,SHORT,19_flag_short_4H,trending,downtrend
0,8,40,2,50,3,9,BNBUSDT,2025-03-09 16:00:00,566.68,2025-03-10 12:00:00,549.6795999999999,0.1411731488670854,2.242400000000002,TP,0.08,0.0776,SHORT,19_flag_short_4H,trending,downtrend
0,8,40,2,50,3,9,APTUSDT,2025-03-10 16:00:00,5.354,2025-03-10 16:00:00,5.19338,14.942099364960775,2.2423999999999964,TP,0.08,0.0776,SHORT,19_flag_short_4H,trending,downtrend
0,8,40,2,50,3,9,BCHUSDT,2025-03-10 16:00:00,355.37,2025-03-10 16:00:00,344.7089,0.2251174831865379,2.2424000000000075,TP,0.08,0.0776,SHORT,19_flag_short_4H,trending,downtrend
0,8,40,2,50,3,9,BNBUSDT,2025-03-10 16:00:00,550.01,2025-03-10 16:00:00,533.5097,0.1454519008745295,2.2424000000000057,TP,0.08,0.0776,SHORT,19_flag_short_4H,trending,downtrend
0,8,40,2,50,3,9,BTCUSDT,2025-03-10 16:00:00,80004.6,2025-03-10 16:00:00,77604.462,0.000999942503306,2.242400000000006,TP,0.08,0.0776,SHORT,19_flag_short_4H,trending,downtrend
0,8,40,2,50,3,9,DOGEUSDT,2025-03-10 16:00:00,0.16708,2025-03-10 16:00:00,0.1620676,478.8125448886761,2.2424,TP,0.08,0.0776,SHORT,19_flag_short_4H,trending,downtrend
0,8,40,2,50,3,9,DOTUSDT,2025-03-10 16:00:00,4.062,2025-03-10 16:00:00,3.94014,19.694731659281143,2.242400000000006,TP,0.08,0.0776,SHORT,19_flag_short_4H,trending,downtrend
0,8,40,2,50,3,9,ETHUSDT,2025-03-10 16:00:00,2016.84,2025-03-10 16:00:00,1956.3348,0.0396660121774657,2.242400000000002,TP,0.08,0.0776,SHORT,19_flag_short_4H,trending,downtrend
0,8,40,2,50,3,9,FARTCOINUSDT,2025-03-10 16:00:00,0.2119,2025-03-10 16:00:00,0.205543,377.5365738555922,2.2424000000000004,TP,0.08,0.0776,SHORT,19_flag_short_4H,trending,downtrend
0,8,40,2,50,3,9,HYPEUSDT,2025-03-10 16:00:00,14.282,2025-03-10 16:00:00,13.85354,5.601456378658451,2.2424000000000066,TP,0.08,0.0776,SHORT,19_flag_short_4H,trending,downtrend
0,8,40,2,50,3,9,LINKUSDT,2025-03-10 16:00:00,13.486,2025-03-10 16:00:00,13.08142,5.932077710218004,2.242400000000006,TP,0.08,0.0776,SHORT,19_flag_short_4H,trending,downtrend
0,8,40,2,50,3,9,LTCUSDT,2025-03-10 16:00:00,92.83,2025-03-10 16:00:00,90.04509999999999,0.8617903694926209,2.2424000000000066,TP,0.08,0.0776,SHORT,19_flag_short_4H,trending,downtrend
0,8,40,2,50,3,9,SOLUSDT,2025-03-10 16:00:00,121.896,2025-03-10 16:00:00,118.23912,0.6562971713591914,2.2424000000000004,TP,0.08,0.0776,SHORT,19_flag_short_4H,trending,downtrend
0,8,40,2,50,3,9,SUIUSDT,2025-03-10 16:00:00,2.2481,2025-03-10 16:00:00,2.180657,35.58560562252569,2.2423999999999973,TP,0.08,0.0776,SHORT,19_flag_short_4H,trending,downtrend
0,8,40,2,50,3,9,TAOUSDT,2025-03-10 16:00:00,232.4,2025-03-10 16:00:00,225.428,0.3442340791738382,2.2424000000000026,TP,0.08,0.0776,SHORT,19_flag_short_4H,trending,downtrend
0,8,40,2,50,3,9,ADAUSDT,2025-03-11 00:00:00,0.6708,2025-03-11 00:00:00,0.6506759999999999,119.26058437686343,2.242400000000004,TP,0.08,0.0776,SHORT,19_flag_short_4H,trending,downtrend
0,8,40,2,50,3,9,ARBUSDT,2025-03-11 00:00:00,0.3202,2025-03-11 00:00:00,0.310594,249.84384759525295,2.242400000000001,TP,0.08,0.0776,SHORT,19_flag_short_4H,trending,downtrend
0,8,40,2,50,3,9,AVAXUSDT,2025-03-11 00:00:00,16.251,2025-03-11 00:00:00,15.76347,4.922773983139499,2.2424000000000066,TP,0.08,0.0776,SHORT,19_flag_short_4H,trending,downtrend
0,8,40,2,50,3,9,BCHUSDT,2025-03-11 00:00:00,331.69,2025-03-11 00:00:00,321.7393,0.2411890620760348,2.242399999999996,TP,0.08,0.0776,SHORT,19_flag_short_4H,trending,downtrend
0,8,40,2,50,3,9,BNBUSDT,2025-03-11 00:00:00,531.14,2025-03-11 00:00:00,515.2058,0.1506194223745152,2.242400000000005,TP,0.08,0.0776,SHORT,19_flag_short_4H,trending,downtrend
0,8,40,2,50,3,9,HBARUSDT,2025-03-11 00:00:00,0.18915,2025-03-11 00:00:00,0.1834755,422.94475284166,2.2423999999999995,TP,0.08,0.0776,SHORT,19_flag_short_4H,trending,downtrend
0,8,40,2,50,3,9,HYPEUSDT,2025-03-11 00:00:00,13.458,2025-03-11 00:00:00,13.05426,5.944419676029128,2.2424000000000053,TP,0.08,0.0776,SHORT,19_flag_short_4H,trending,downtrend
0,8,40,2,50,3,9,LINKUSDT,2025-03-11 00:00:00,12.654,2025-03-11 00:00:00,12.27438,6.3221115852694805,2.242400000000006,TP,0.08,0.0776,SHORT,19_flag_short_4H,trending,downtrend
0,8,40,2,50,3,9,LTCUSDT,2025-03-11 00:00:00,87.39,2025-03-11 00:00:00,84.7683,0.915436548804211,2.242400000000004,TP,0.08,0.0776,SHORT,19_flag_short_4H,trending,downtrend
0,8,40,2,50,3,9,SUIUSDT,2025-03-11 00:00:00,2.0877,2025-03-11 00:00:00,2.025069,38.31968194663985,2.2424000000000044,TP,0.08,0.0776,SHORT,19_flag_short_4H,trending,downtrend
0,8,40,2,50,3,9,XRPUSDT,2025-03-11 00:00:00,2.0188,2025-03-11 00:00:00,1.958236,39.6275014860313,2.242400000000002,TP,0.08,0.0776,SHORT,19_flag_short_4H,trending,downtrend
0,8,40,2,50,3,9,BTCUSDT,2025-03-11 00:00:00,78567.8,2025-03-19 08:00:00,83848.4,0.001018228841841,-5.542236081448116,SELL_AFTER,0.08,0.0853768592222258,SHORT,19_flag_short_4H,trending,downtrend
0,8,40,2,50,3,9,BCHUSDT,2025-03-28 04:00:00,323.51,2025-03-28 04:00:00,313.8047,0.2472875645265988,2.2424000000000057,TP,0.08,0.0776,SHORT,19_flag_short_4H,ranging,downtrend
0,8,40,2,50,3,9,ETHUSDT,2025-03-28 04:00:00,1999.02,2025-03-28 04:00:00,1939.0494,0.0400196096087082,2.2424000000000044,TP,0.08,0.0776,SHORT,19_flag_short_4H,ranging,downtrend
0,8,40,2,50,3,9,HYPEUSDT,2025-03-28 04:00:00,14.405,2025-03-28 04:00:00,13.97285,5.553627212773343,2.2424000000000004,TP,0.08,0.0776,SHORT,19_flag_short_4H,ranging,downtrend
0,8,40,2,50,3,9,LTCUSDT,2025-03-28 04:00:00,92.41,2025-03-28 04:00:00,89.6377,0.8657071745482091,2.2424000000000013,TP,0.08,0.0776,SHORT,19_flag_short_4H,ranging,downtrend
0,8,40,2,50,3,9,XRPUSDT,2025-03-28 04:00:00,2.3095,2025-03-28 04:00:00,2.240215,34.639532366313055,2.2424000000000093,TP,0.08,0.0776,SHORT,19_flag_short_4H,ranging,downtrend
0,8,40,2,50,3,9,AAVEUSDT,2025-03-28 08:00:00,175.05,2025-03-28 12:00:00,169.79850000000002,0.4570122822050842,2.2423999999999964,TP,0.08,0.0776,SHORT,19_flag_short_4H,ranging,downtrend
0,8,40,2,50,3,9,ARBUSDT,2025-03-28 08:00:00,0.3583,2025-03-28 12:00:00,0.347551,223.2765838682668,2.2424000000000017,TP,0.08,0.0776,SHORT,19_flag_short_4H,ranging,downtrend
0,8,40,2,50,3,9,HYPEUSDT,2025-03-28 08:00:00,13.644,2025-03-28 16:00:00,13.23468,5.8633831720902965,2.242400000000006,TP,0.08,0.0776,SHORT,19_flag_short_4H,ranging,downtrend
0,8,40,2,50,3,9,LINKUSDT,2025-03-28 08:00:00,14.472,2025-03-28 16:00:00,14.03784,5.52791597567717,2.242400000000002,TP,0.08,0.0776,SHORT,19_flag_short_4H,ranging,downtrend
0,8,40,2,50,3,9,NEARUSDT,2025-03-28 08:00:00,2.815,2025-03-28 16:00:00,2.73055,28.41918294849023,2.2423999999999977,TP,0.08,0.0776,SHORT,19_flag_short_4H,ranging,downtrend
0,8,40,2,50,3,9,PENGUUSDT,2025-03-28 08:00:00,0.006547,2025-03-28 16:00:00,0.00635059,12219.337100962272,2.242400000000002,TP,0.08,0.0776,SHORT,19_flag_short_4H,ranging,downtrend
0,8,40,2,50,3,9,TAOUSDT,2025-03-28 08:00:00,252.5,2025-03-28 16:00:00,244.925,0.3168316831683168,2.2424000000000053,TP,0.08,0.0776,SHORT,19_flag_short_4H,ranging,downtrend
0,8,40,2,50,3,9,XRPUSDT,2025-03-28 08:00:00,2.2205,2025-03-28 16:00:00,2.153885,36.02792163927044,2.2424000000000035,TP,0.08,0.0776,SHORT,19_flag_short_4H,ranging,downtrend
0,8,40,2,50,3,9,BCHUSDT,2025-03-28 08:00:00,313.06,2025-03-29 00:00:00,303.6682,0.2555420686130454,2.2423999999999973,TP,0.08,0.0776,SHORT,19_flag_short_4H,ranging,downtrend
0,8,40,2,50,3,9,BNBUSDT,2025-03-28 08:00:00,628.0,2025-03-29 00:00:00,609.16,0.1273885350318471,2.242400000000004,TP,0.08,0.0776,SHORT,19_flag_short_4H,ranging,downtrend
0,8,40,2,50,3,9,DOTUSDT,2025-03-28 08:00:00,4.308,2025-03-29 00:00:00,4.17876,18.570102135561747,2.242400000000005,TP,0.08,0.0776,SHORT,19_flag_short_4H,ranging,downtrend
0,8,40,2,50,3,9,HBARUSDT,2025-03-28 08:00:00,0.18309,2025-03-29 00:00:00,0.1775972999999999,436.9435796602764,2.2424000000000075,TP,0.08,0.0776,SHORT,19_flag_short_4H,ranging,downtrend
0,8,40,2,50,3,9,SOLUSDT,2025-03-28 08:00:00,131.525,2025-03-29 00:00:00,127.57925,0.6082493822467211,2.242400000000002,TP,0.08,0.0776,SHORT,19_flag_short_4H,ranging,downtrend
0,8,40,2,50,3,9,ADAUSDT,2025-03-28 08:00:00,0.7015,2025-03-29 04:00:00,0.680455,114.04133998574484,2.2423999999999977,TP,0.08,0.0776,SHORT,19_flag_short_4H,ranging,downtrend
0,8,40,2,50,3,9,LTCUSDT,2025-03-28 08:00:00,88.34,2025-03-29 04:00:00,85.6898,0.9055920307901292,2.242399999999998,TP,0.08,0.0776,SHORT,19_flag_short_4H,ranging,downtrend
0,8,40,2,50,3,9,APTUSDT,2025-03-28 08:00:00,5.5858,2025-03-29 08:00:00,5.418226,14.322030863976511,2.2424000000000017,TP,0.08,0.0776,SHORT,19_flag_short_4H,ranging,downtrend
0,8,40,2,50,3,9,BTCUSDT,2025-03-28 08:00:00,85183.6,2025-03-29 08:00:00,82628.092,0.0009391479111002,2.2424000000000013,TP,0.08,0.0776,SHORT,19_flag_short_4H,ranging,downtrend
0,8,40,2,50,3,9,ETHUSDT,2025-03-28 08:00:00,1909.05,2025-03-29 08:00:00,1851.7785,0.0419056598831879,2.2424000000000026,TP,0.08,0.0776,SHORT,19_flag_short_4H,ranging,downtrend
0,8,40,2,50,3,9,ADAUSDT,2025-03-29 08:00:00,0.6831,2025-03-29 08:00:00,0.6626070000000001,117.11316059142143,2.2423999999999977,TP,0.08,0.0776,SHORT,19_flag_short_4H,trending,downtrend
0,8,40,2,50,3,9,DOGEUSDT,2025-03-29 08:00:00,0.17471,2025-03-29 08:00:00,0.1694687,457.9016656173087,2.2424000000000017,TP,0.08,0.0776,SHORT,19_flag_short_4H,trending,downtrend
0,8,40,2,50,3,9,FARTCOINUSDT,2025-03-29 08:00:00,0.4321,2025-03-29 08:00:00,0.419137,185.14232816477667,2.2424000000000004,TP,0.08,0.0776,SHORT,19_flag_short_4H,trending,downtrend
0,8,40,2,50,3,9,HBARUSDT,2025-03-29 08:00:00,0.17473,2025-03-29 08:00:00,0.1694881,457.84925313340585,2.2423999999999973,TP,0.08,0.0776,SHORT,19_flag_short_4H,trending,downtrend
0,8,40,2,50,3,9,PENGUUSDT,2025-03-29 08:00:00,0.006053,2025-03-29 08:00:00,0.00587141,13216.58681645465,2.2424000000000075,TP,0.08,0.0776,SHORT,19_flag_short_4H,trending,downtrend
0,8,40,2,50,3,9,SUIUSDT,2025-03-29 08:00:00,2.4347,2025-03-29 08:00:00,2.361659,32.85825769088594,2.2423999999999973,TP,0.08,0.0776,SHORT,19_flag_short_4H,trending,downtrend
0,8,40,2,50,3,9,TAOUSDT,2025-03-29 08:00:00,235.17,2025-03-29 08:00:00,228.1149,0.3401794446570566,2.2424000000000035,TP,0.08,0.0776,SHORT,19_flag_short_4H,trending,downtrend
0,8,40,2,50,3,9,APTUSDT,2025-03-29 08:00:00,5.46,2025-03-29 12:00:00,5.2962,14.652014652014651,2.2424000000000026,TP,0.08,0.0776,SHORT,19_flag_short_4H,trending,downtrend
0,8,40,2,50,3,9,NEARUSDT,2025-03-29 08:00:00,2.667,2025-03-29 12:00:00,2.58699,29.99625046869141,2.2424000000000044,TP,0.08,0.0776,SHORT,19_flag_short_4H,trending,downtrend
0,8,40,2,50,3,9,DOTUSDT,2025-03-29 08:00:00,4.139,2025-03-29 16:00:00,4.01483,19.328340178787144,2.242400000000006,TP,0.08,0.0776,SHORT,19_flag_short_4H,trending,downtrend
0,8,40,2,50,3,9,ENAUSDT,2025-03-29 08:00:00,0.3772,2025-03-29 16:00:00,0.365884,212.0890774125133,2.2423999999999986,TP,0.08,0.0776,SHORT,19_flag_short_4H,trending,downtrend
0,8,40,2,50,3,9,ETHUSDT,2025-03-29 08:00:00,1879.53,2025-03-29 16:00:00,1823.1441,0.0425638324474735,2.2423999999999995,TP,0.08,0.0776,SHORT,19_flag_short_4H,trending,downtrend
0,8,40,2,50,3,9,LINKUSDT,2025-03-29 08:00:00,13.898,2025-03-29 16:00:00,13.48106,5.756223917110376,2.2424000000000017,TP,0.08,0.0776,SHORT,19_flag_short_4H,trending,downtrend
0,8,40,2,50,3,9,AVAXUSDT,2025-03-29 08:00:00,19.86,2025-03-30 08:00:00,19.2642,4.028197381671702,2.242400000000002,TP,0.08,0.0776,SHORT,19_flag_short_4H,trending,downtrend
0,8,40,2,50,3,9,HYPEUSDT,2025-03-29 08:00:00,12.737,2025-03-30 08:00:00,12.35489,6.280913872968517,2.2424000000000053,TP,0.08,0.0776,SHORT,19_flag_short_4H,trending,downtrend
0,8,40,2,50,3,9,BCHUSDT,2025-03-29 08:00:00,306.29,2025-03-30 20:00:00,297.10130000000004,0.2611903751346762,2.242399999999995,TP,0.08,0.0776,SHORT,19_flag_short_4H,trending,downtrend
0,8,40,2,50,3,9,ARBUSDT,2025-03-29 08:00:00,0.3354,2025-03-31 04:00:00,0.3253379999999999,238.5211687537269,2.242400000000004,TP,0.08,0.0776,SHORT,19_flag_short_4H,trending,downtrend
0,8,40,2,50,3,9,LTCUSDT,2025-03-29 08:00:00,86.12,2025-03-31 04:00:00,83.5364,0.9289363678588016,2.242400000000004,TP,0.08,0.0776,SHORT,19_flag_short_4H,trending,downtrend
0,8,40,2,50,3,9,XRPUSDT,2025-03-29 08:00:00,2.1202,2025-03-31 04:00:00,2.056594,37.73228940665975,2.2424000000000017,TP,0.08,0.0776,SHORT,19_flag_short_4H,trending,downtrend
0,8,40,2,50,3,9,BNBUSDT,2025-03-29 08:00:00,607.48,2025-03-31 08:00:00,589.2556,0.1316915783235662,2.242400000000008,TP,0.08,0.0776,SHORT,19_flag_short_4H,trending,downtrend
0,8,40,2,50,3,9,SOLUSDT,2025-03-29 08:00:00,126.299,2025-04-02 20:00:00,122.51003,0.6334175250793751,2.242400000000004,TP,0.08,0.0776,SHORT,19_flag_short_4H,trending,downtrend
0,8,40,2,50,3,9,BTCUSDT,2025-03-29 08:00:00,83696.1,2025-04-03 12:00:00,81185.217,0.0009558390414846,2.2424000000000013,TP,0.08,0.0776,SHORT,19_flag_short_4H,trending,downtrend
0,8,40,2,50,3,9,AAVEUSDT,2025-04-06 16:00:00,144.13,2025-04-06 16:00:00,139.8061,0.5550544647193506,2.2424000000000053,TP,0.08,0.0776,SHORT,19_flag_short_4H,ranging,downtrend
0,8,40,2,50,3,9,ADAUSDT,2025-04-06 16:00:00,0.6271,2025-04-06 16:00:00,0.608287,127.57136022962844,2.242399999999996,TP,0.08,0.0776,SHORT,19_flag_short_4H,ranging,downtrend
0,8,40,2,50,3,9,APTUSDT,2025-04-06 16:00:00,4.6403,2025-04-06 16:00:00,4.501091,17.240264638062193,2.242400000000002,TP,0.08,0.0776,SHORT,19_flag_short_4H,ranging,downtrend
0,8,40,2,50,3,9,ARBUSDT,2025-04-06 16:00:00,0.2957,2025-04-06 16:00:00,0.286829,270.5444707473791,2.242400000000005,TP,0.08,0.0776,SHORT,19_flag_short_4H,ranging,downtrend
0,8,40,2,50,3,9,DOGEUSDT,2025-04-06 16:00:00,0.16173,2025-04-06 16:00:00,0.1568781,494.6515797934829,2.242399999999996,TP,0.08,0.0776,SHORT,19_flag_short_4H,ranging,downtrend
0,8,40,2,50,3,9,DOTUSDT,2025-04-06 16:00:00,3.892,2025-04-06 16:00:00,3.77524,20.554984583761563,2.242400000000004,TP,0.08,0.0776,SHORT,19_flag_short_4H,ranging,downtrend
0,8,40,2,50,3,9,ENAUSDT,2025-04-06 16:00:00,0.2925,2025-04-06 16:00:00,0.2837249999999999,273.5042735042735,2.242400000000009,TP,0.08,0.0775999999999999,SHORT,19_flag_short_4H,ranging,downtrend
0,8,40,2,50,3,9,ETHUSDT,2025-04-06 16:00:00,1759.0,2025-04-06 16:00:00,1706.23,0.0454803865832859,2.242399999999999,TP,0.08,0.0776,SHORT,19_flag_short_4H,ranging,downtrend
0,8,40,2,50,3,9,HBARUSDT,2025-04-06 16:00:00,0.15457,2025-04-06 16:00:00,0.1499329,517.5648573461862,2.2424000000000026,TP,0.08,0.0776,SHORT,19_flag_short_4H,ranging,downtrend
0,8,40,2,50,3,9,LTCUSDT,2025-04-06 16:00:00,78.83,2025-04-06 16:00:00,76.46509999999999,1.0148420652036028,2.242400000000006,TP,0.08,0.0776,SHORT,19_flag_short_4H,ranging,downtrend
0,8,40,2,50,3,9,SOLUSDT,2025-04-06 16:00:00,114.893,2025-04-06 16:00:00,111.44621,0.6963000356853768,2.242400000000005,TP,0.08,0.0776,SHORT,19_flag_short_4H,ranging,downtrend
0,8,40,2,50,3,9,SUIUSDT,2025-04-06 16:00:00,2.0858,2025-04-06 16:00:00,2.023226,38.35458816760955,2.242400000000005,TP,0.08,0.0776,SHORT,19_flag_short_4H,ranging,downtrend
0,8,40,2,50,3,9,TAOUSDT,2025-04-06 16:00:00,208.2,2025-04-06 16:00:00,201.954,0.3842459173871277,2.2424000000000035,TP,0.08,0.0776,SHORT,19_flag_short_4H,ranging,downtrend
0,8,40,2,50,3,9,XRPUSDT,2025-04-06 16:00:00,2.0742,2025-04-06 16:00:00,2.011974,38.56908687686819,2.242399999999996,TP,0.08,0.0776,SHORT,19_flag_short_4H,ranging,downtrend
0,8,40,2,50,3,9,AAVEUSDT,2025-04-06 20:00:00,132.67,2025-04-06 20:00:00,128.6899,0.6029999246250095,2.2423999999999964,TP,0.08,0.0776,SHORT,19_flag_short_4H,trending,downtrend
0,8,40,2,50,3,9,ADAUSDT,2025-04-06 20:00:00,0.5887,2025-04-06 20:00:00,0.571039,135.89264481059962,2.2424000000000053,TP,0.08,0.0776,SHORT,19_flag_short_4H,trending,downtrend
0,8,40,2,50,3,9,APTUSDT,2025-04-06 20:00:00,4.4025,2025-04-06 20:00:00,4.270425,18.17149346961953,2.242400000000007,TP,0.08,0.0776,SHORT,19_flag_short_4H,trending,downtrend
0,8,40,2,50,3,9,ARBUSDT,2025-04-06 20:00:00,0.2743,2025-04-06 20:00:00,0.266071,291.65147648559974,2.2423999999999964,TP,0.08,0.0776,SHORT,19_flag_short_4H,trending,downtrend
0,8,40,2,50,3,9,AVAXUSDT,2025-04-06 20:00:00,16.404,2025-04-06 20:00:00,15.91188,4.87685930260912,2.2423999999999995,TP,0.08,0.0776,SHORT,19_flag_short_4H,trending,downtrend
0,8,40,2,50,3,9,BCHUSDT,2025-04-06 20:00:00,275.62,2025-04-06 20:00:00,267.3514,0.2902546984979319,2.2423999999999977,TP,0.08,0.0776,SHORT,19_flag_short_4H,trending,downtrend
0,8,40,2,50,3,9,DOGEUSDT,2025-04-06 20:00:00,0.15257,2025-04-06 20:00:00,0.1479929,524.3494789277053,2.2424,TP,0.08,0.0776,SHORT,19_flag_short_4H,trending,downtrend
0,8,40,2,50,3,9,DOTUSDT,2025-04-06 20:00:00,3.738,2025-04-06 20:00:00,3.62586,21.401819154628143,2.2424000000000026,TP,0.08,0.0776,SHORT,19_flag_short_4H,trending,downtrend
0,8,40,2,50,3,9,ENAUSDT,2025-04-06 20:00:00,0.2826,2025-04-06 20:00:00,0.274122,283.0856334041047,2.242399999999996,TP,0.08,0.0776,SHORT,19_flag_short_4H,trending,downtrend
0,8,40,2,50,3,9,ETHUSDT,2025-04-06 20:00:00,1625.5,2025-04-06 20:00:00,1576.735,0.0492156259612426,2.242400000000005,TP,0.08,0.0776,SHORT,19_flag_short_4H,trending,downtrend
0,8,40,2,50,3,9,HBARUSDT,2025-04-06 20:00:00,0.14381,2025-04-06 20:00:00,0.1394957,556.2895487101036,2.2423999999999964,TP,0.08,0.0776,SHORT,19_flag_short_4H,trending,downtrend
0,8,40,2,50,3,9,LINKUSDT,2025-04-06 20:00:00,11.591,2025-04-06 20:00:00,11.24327,6.901906651712536,2.242400000000002,TP,0.08,0.0776,SHORT,19_flag_short_4H,trending,downtrend
0,8,40,2,50,3,9,LTCUSDT,2025-04-06 20:00:00,72.86,2025-04-06 20:00:00,70.6742,1.0979961570134504,2.2424000000000004,TP,0.08,0.0776,SHORT,19_flag_short_4H,trending,downtrend
0,8,40,2,50,3,9,NEARUSDT,2025-04-06 20:00:00,2.188,2025-04-06 20:00:00,2.12236,36.56307129798903,2.242400000000005,TP,0.08,0.0776,SHORT,19_flag_short_4H,trending,downtrend
0,8,40,2,50,3,9,SOLUSDT,2025-04-06 20:00:00,108.03,2025-04-06 20:00:00,104.7891,0.7405350365639174,2.2423999999999973,TP,0.08,0.0776,SHORT,19_flag_short_4H,trending,downtrend
0,8,40,2,50,3,9,SUIUSDT,2025-04-06 20:00:00,1.9484,2025-04-06 20:00:00,1.889948,41.05933073290905,2.2423999999999977,TP,0.08,0.0776,SHORT,19_flag_short_4H,trending,downtrend
0,8,40,2,50,3,9,TAOUSDT,2025-04-06 20:00:00,188.7,2025-04-06 20:00:00,183.039,0.4239533651298357,2.242400000000001,TP,0.08,0.0776,SHORT,19_flag_short_4H,trending,downtrend
0,8,40,2,50,3,9,XRPUSDT,2025-04-06 20:00:00,1.9939,2025-04-06 20:00:00,1.934083,40.12237323837705,2.2424000000000004,TP,0.08,0.0776,SHORT,19_flag_short_4H,trending,downtrend
0,8,40,2,50,3,9,ENAUSDT,2025-04-07 00:00:00,0.2763,2025-04-07 00:00:00,0.268011,289.5403546869345,2.2423999999999973,TP,0.08,0.0776,SHORT,19_flag_short_4H,trending,downtrend
0,8,40,2,50,3,9,SOLUSDT,2025-04-07 00:00:00,105.854,2025-04-07 00:00:00,102.67838,0.7557579307347857,2.242400000000007,TP,0.08,0.0776,SHORT,19_flag_short_4H,trending,downtrend
0,8,40,2,50,3,9,AAVEUSDT,2025-04-07 04:00:00,123.39,2025-04-07 04:00:00,119.6883,0.6483507577599481,2.2424000000000017,TP,0.08,0.0776,SHORT,19_flag_short_4H,trending,downtrend
0,8,40,2,50,3,9,ADAUSDT,2025-04-07 04:00:00,0.5567,2025-04-07 04:00:00,0.539999,143.70396982216636,2.2423999999999955,TP,0.08,0.0776,SHORT,19_flag_short_4H,trending,downtrend
0,8,40,2,50,3,9,ARBUSDT,2025-04-07 04:00:00,0.264,2025-04-07 04:00:00,0.25608,303.030303030303,2.2423999999999946,TP,0.08,0.0776,SHORT,19_flag_short_4H,trending,downtrend
0,8,40,2,50,3,9,AVAXUSDT,2025-04-07 04:00:00,15.723,2025-04-07 04:00:00,15.25131,5.08808751510526,2.242400000000003,TP,0.08,0.0776,SHORT,19_flag_short_4H,trending,downtrend
0,8,40,2,50,3,9,BCHUSDT,2025-04-07 04:00:00,266.28,2025-04-07 04:00:00,258.2916,0.3004356316659156,2.242400000000004,TP,0.08,0.0776,SHORT,19_flag_short_4H,trending,downtrend
0,8,40,2,50,3,9,BNBUSDT,2025-04-07 04:00:00,550.5,2025-04-07 04:00:00,533.985,0.145322434150772,2.242399999999998,TP,0.08,0.0776,SHORT,19_flag_short_4H,trending,downtrend
0,8,40,2,50,3,9,DOGEUSDT,2025-04-07 04:00:00,0.14202,2025-04-07 04:00:00,0.1377594,563.3009435290804,2.242400000000002,TP,0.08,0.0776,SHORT,19_flag_short_4H,trending,downtrend
0,8,40,2,50,3,9,DOTUSDT,2025-04-07 04:00:00,3.499,2025-04-07 04:00:00,3.39403,22.863675335810232,2.2424000000000053,TP,0.08,0.0776,SHORT,19_flag_short_4H,trending,downtrend
0,8,40,2,50,3,9,ENAUSDT,2025-04-07 04:00:00,0.2658,2025-04-07 04:00:00,0.257826,300.9781790820166,2.2423999999999946,TP,0.08,0.0776,SHORT,19_flag_short_4H,trending,downtrend
0,8,40,2,50,3,9,ETHUSDT,2025-04-07 04:00:00,1543.0,2025-04-07 04:00:00,1496.71,0.051847051198963,2.242399999999998,TP,0.08,0.0776,SHORT,19_flag_short_4H,trending,downtrend
0,8,40,2,50,3,9,HBARUSDT,2025-04-07 04:00:00,0.13541,2025-04-07 04:00:00,0.1313477,590.7983162247988,2.2423999999999946,TP,0.08,0.0776,SHORT,19_flag_short_4H,trending,downtrend
0,8,40,2,50,3,9,LINKUSDT,2025-04-07 04:00:00,10.936,2025-04-07 04:00:00,10.60792,7.315288953913679,2.2423999999999995,TP,0.08,0.0776,SHORT,19_flag_short_4H,trending,downtrend
0,8,40,2,50,3,9,LTCUSDT,2025-04-07 04:00:00,68.02,2025-04-07 04:00:00,65.9794,1.1761246692149367,2.2423999999999973,TP,0.08,0.0776,SHORT,19_flag_short_4H,trending,downtrend
0,8,40,2,50,3,9,NEARUSDT,2025-04-07 04:00:00,2.12,2025-04-07 04:00:00,2.0564,37.73584905660377,2.2424000000000035,TP,0.08,0.0776,SHORT,19_flag_short_4H,trending,downtrend
0,8,40,2,50,3,9,SOLUSDT,2025-04-07 04:00:00,103.215,2025-04-07 04:00:00,100.11855,0.7750811413069806,2.2424000000000035,TP,0.08,0.0776,SHORT,19_flag_short_4H,trending,downtrend
0,8,40,2,50,3,9,SUIUSDT,2025-04-07 04:00:00,1.8547,2025-04-07 04:00:00,1.799059,43.13366043025826,2.242400000000002,TP,0.08,0.0776,SHORT,19_flag_short_4H,trending,downtrend
0,8,40,2,50,3,9,XRPUSDT,2025-04-07 04:00:00,1.8224,2025-04-07 04:00:00,1.767728,43.89815627743635,2.2424000000000026,TP,0.08,0.0776,SHORT,19_flag_short_4H,trending,downtrend
0,8,40,2,50,3,9,AAVEUSDT,2025-04-07 08:00:00,116.06,2025-04-07 12:00:00,126.5054,0.6892986386351887,-7.367200000000005,SL,0.08,0.0872,SHORT,19_flag_short_4H,trending,downtrend
0,8,40,2,50,3,9,ADAUSDT,2025-04-07 08:00:00,0.5203,2025-04-07 12:00:00,0.567127,153.7574476263694,-7.36720000000001,SL,0.08,0.0872,SHORT,19_flag_short_4H,trending,downtrend
0,8,40,2,50,3,9,AVAXUSDT,2025-04-07 08:00:00,14.828,2025-04-07 12:00:00,16.16252,5.395198273536553,-7.367200000000007,SL,0.08,0.0872,SHORT,19_flag_short_4H,trending,downtrend
0,8,40,2,50,3,9,BCHUSDT,2025-04-07 08:00:00,252.19,2025-04-07 12:00:00,274.88710000000003,0.3172211427891669,-7.367200000000011,SL,0.08,0.0872,SHORT,19_flag_short_4H,trending,downtrend
0,8,40,2,50,3,9,DOGEUSDT,2025-04-07 08:00:00,0.13219,2025-04-07 12:00:00,0.1440871,605.1894999621757,-7.367200000000014,SL,0.08,0.0872,SHORT,19_flag_short_4H,trending,downtrend
0,8,40,2,50,3,9,DOTUSDT,2025-04-07 08:00:00,3.33,2025-04-07 12:00:00,3.6297,24.024024024024023,-7.367200000000001,SL,0.08,0.0872,SHORT,19_flag_short_4H,trending,downtrend
0,8,40,2,50,3,9,NEARUSDT,2025-04-07 08:00:00,1.987,2025-04-07 12:00:00,2.16583,40.26170105686965,-7.367200000000001,SL,0.08,0.0871999999999999,SHORT,19_flag_short_4H,trending,downtrend
0,8,40,2,50,3,9,SOLUSDT,2025-04-07 08:00:00,97.087,2025-04-07 12:00:00,105.82483,0.824003213612533,-7.367200000000002,SL,0.08,0.0872,SHORT,19_flag_short_4H,trending,downtrend
0,8,40,2,50,3,9,SUIUSDT,2025-04-07 08:00:00,1.7427,2025-04-07 12:00:00,1.899543,45.90577838985482,-7.367200000000003,SL,0.08,0.0872,SHORT,19_flag_short_4H,trending,downtrend
0,8,40,2,50,3,9,BTCUSDT,2025-04-07 08:00:00,75084.0,2025-04-09 16:00:00,81841.56000000001,0.0010654733365297,-7.367200000000014,SL,0.08,0.0872,SHORT,19_flag_short_4H,trending,downtrend
0,8,40,2,50,3,9,HYPEUSDT,2025-04-28 00:00:00,17.393,2025-04-29 00:00:00,18.95837,4.599551543724487,-7.367200000000007,SL,0.08,0.0872,SHORT,19_flag_short_4H,ranging,downtrend
0,8,40,2,50,3,9,BCHUSDT,2025-04-28 00:00:00,345.55,2025-04-29 04:00:00,376.6495000000001,0.2315149761250181,-7.367200000000008,SL,0.08,0.0872,SHORT,19_flag_short_4H,ranging,downtrend
0,8,40,2,50,3,9,ENAUSDT,2025-04-29 12:00:00,0.3271,2025-04-29 20:00:00,0.317287,244.57352491592783,2.242400000000004,TP,0.08,0.0776,SHORT,19_flag_short_4H,ranging,downtrend
0,8,40,2,50,3,9,ENAUSDT,2025-04-29 20:00:00,0.3235,2025-04-29 20:00:00,0.313795,247.2952086553323,2.242400000000005,TP,0.08,0.0776,SHORT,19_flag_short_4H,ranging,downtrend
0,8,40,2,50,3,9,AVAXUSDT,2025-04-29 20:00:00,21.859,2025-04-30 12:00:00,21.20323,3.659819753877121,2.2424000000000013,TP,0.08,0.0776,SHORT,19_flag_short_4H,ranging,downtrend
0,8,40,2,50,3,9,BNBUSDT,2025-04-29 20:00:00,602.42,2025-05-04 20:00:00,584.3474,0.1327977158792868,2.2423999999999955,TP,0.08,0.0776,SHORT,19_flag_short_4H,ranging,downtrend
0,8,40,2,50,3,9,FARTCOINUSDT,2025-05-04 20:00:00,1.0844,2025-05-05 00:00:00,1.051868,73.77351530800442,2.2424000000000004,TP,0.08,0.0776,SHORT,19_flag_short_4H,ranging,downtrend
0,8,40,2,50,3,9,ADAUSDT,2025-05-04 20:00:00,0.6852,2025-05-05 08:00:00,0.664644,116.75423234092236,2.242400000000002,TP,0.08,0.0776,SHORT,19_flag_short_4H,ranging,downtrend
0,8,40,2,50,3,9,ENAUSDT,2025-05-04 20:00:00,0.2875,2025-05-05 08:00:00,0.278875,278.26086956521743,2.2423999999999986,TP,0.08,0.0776,SHORT,19_flag_short_4H,ranging,downtrend
0,8,40,2,50,3,9,AVAXUSDT,2025-05-04 20:00:00,19.995,2025-05-05 12:00:00,19.39515,4.001000250062515,2.2423999999999995,TP,0.08,0.0776,SHORT,19_flag_short_4H,ranging,downtrend
0,8,40,2,50,3,9,HBARUSDT,2025-05-04 20:00:00,0.17772,2025-05-05 12:00:00,0.1723884,450.1462975467027,2.242399999999997,TP,0.08,0.0776,SHORT,19_flag_short_4H,ranging,downtrend
0,8,40,2,50,3,9,LINKUSDT,2025-05-04 20:00:00,14.02,2025-05-05 12:00:00,13.5994,5.706134094151213,2.2424000000000017,TP,0.08,0.0776,SHORT,19_flag_short_4H,ranging,downtrend
0,8,40,2,50,3,9,TAOUSDT,2025-05-04 20:00:00,344.98,2025-05-05 16:00:00,376.0282,0.2318975013044234,-7.367200000000002,SL,0.08,0.0872,SHORT,19_flag_short_4H,ranging,downtrend
0,8,40,2,50,3,9,APTUSDT,2025-05-04 20:00:00,5.1271,2025-05-05 20:00:00,4.973287,15.603362524624057,2.2424000000000066,TP,0.08,0.0776,SHORT,19_flag_short_4H,ranging,downtrend
0,8,40,2,50,3,9,LTCUSDT,2025-05-04 20:00:00,86.39,2025-05-05 20:00:00,83.7983,0.926033105683528,2.2424000000000026,TP,0.08,0.0776,SHORT,19_flag_short_4H,ranging,downtrend
0,8,40,2,50,3,9,ARBUSDT,2025-05-04 20:00:00,0.3123,2025-05-06 08:00:00,0.302931,256.16394492475183,2.242400000000004,TP,0.08,0.0776,SHORT,19_flag_short_4H,ranging,downtrend
0,8,40,2,50,3,9,DOGEUSDT,2025-05-04 20:00:00,0.1719,2025-05-06 08:00:00,0.166743,465.3868528214078,2.2423999999999977,TP,0.08,0.0776,SHORT,19_flag_short_4H,ranging,downtrend
0,8,40,2,50,3,9,NEARUSDT,2025-05-04 20:00:00,2.324,2025-05-06 12:00:00,2.25428,34.42340791738383,2.2424000000000084,TP,0.08,0.0776,SHORT,19_flag_short_4H,ranging,downtrend
0,8,40,2,50,3,9,SOLUSDT,2025-05-04 20:00:00,146.093,2025-05-06 12:00:00,141.71021,0.5475963940777451,2.2424000000000004,TP,0.08,0.0776,SHORT,19_flag_short_4H,ranging,downtrend
0,8,40,2,50,3,9,BCHUSDT,2025-05-04 20:00:00,355.28,2025-05-07 20:00:00,387.2552,0.2251745102454402,-7.367200000000007,SL,0.08,0.0872,SHORT,19_flag_short_4H,ranging,downtrend
0,8,40,2,50,3,9,DOTUSDT,2025-05-04 20:00:00,3.939,2025-05-08 08:00:00,4.29351,20.30972328002031,-7.367200000000007,SL,0.08,0.0872,SHORT,19_flag_short_4H,ranging,downtrend
0,8,40,2,50,3,9,FARTCOINUSDT,2025-05-28 16:00:00,1.2745,2025-05-28 20:00:00,1.236265,62.76971361318164,2.2424000000000013,TP,0.08,0.0776,SHORT,19_flag_short_4H,trending,downtrend
0,8,40,2,50,3,9,ARBUSDT,2025-05-28 16:00:00,0.3991,2025-05-29 00:00:00,0.435019,200.45101478326237,-7.367200000000007,SL,0.08,0.0872,SHORT,19_flag_short_4H,trending,downtrend
0,8,40,2,50,3,9,PENGUUSDT,2025-05-28 16:00:00,0.012263,2025-05-29 12:00:00,0.0118951099999999,6523.689146212183,2.242400000000006,TP,0.08,0.0776,SHORT,19_flag_short_4H,trending,downtrend
0,8,40,2,50,3,9,ADAUSDT,2025-05-28 16:00:00,0.7415,2025-05-29 20:00:00,0.719255,107.8894133513149,2.2424000000000075,TP,0.08,0.0776,SHORT,19_flag_short_4H,trending,downtrend
0,8,40,2,50,3,9,AVAXUSDT,2025-05-28 16:00:00,22.878,2025-05-29 20:00:00,22.19166,3.4968091616400034,2.2424000000000044,TP,0.08,0.0776,SHORT,19_flag_short_4H,trending,downtrend
0,8,40,2,50,3,9,DOTUSDT,2025-05-28 16:00:00,4.491,2025-05-29 20:00:00,4.356269999999999,17.813404586951684,2.242400000000005,TP,0.08,0.0776,SHORT,19_flag_short_4H,trending,downtrend
0,8,40,2,50,3,9,TAOUSDT,2025-05-28 16:00:00,428.73,2025-05-29 20:00:00,415.8681,0.1865976255452149,2.242399999999998,TP,0.08,0.0776,SHORT,19_flag_short_4H,trending,downtrend
0,8,40,2,50,3,9,APTUSDT,2025-05-28 16:00:00,5.2472,2025-05-30 00:00:00,5.089784,15.246226558926663,2.2424000000000066,TP,0.08,0.0776,SHORT,19_flag_short_4H,trending,downtrend
0,8,40,2,50,3,9,DOGEUSDT,2025-05-28 16:00:00,0.21841,2025-05-30 00:00:00,0.2118576999999999,366.2835950734857,2.2424000000000044,TP,0.08,0.0776,SHORT,19_flag_short_4H,trending,downtrend
0,8,40,2,50,3,9,ENAUSDT,2025-05-28 16:00:00,0.3791,2025-05-30 00:00:00,0.3677269999999999,211.02611448166712,2.242400000000005,TP,0.08,0.0776,SHORT,19_flag_short_4H,trending,downtrend
0,8,40,2,50,3,9,HBARUSDT,2025-05-28 16:00:00,0.18274,2025-05-30 00:00:00,0.1772578,437.78045310276894,2.242399999999997,TP,0.08,0.0776,SHORT,19_flag_short_4H,trending,downtrend
0,8,40,2,50,3,9,LINKUSDT,2025-05-28 16:00:00,15.446,2025-05-30 00:00:00,14.98262,5.179334455522466,2.2424000000000044,TP,0.08,0.0776,SHORT,19_flag_short_4H,trending,downtrend
0,8,40,2,50,3,9,LTCUSDT,2025-05-28 16:00:00,94.48,2025-05-30 00:00:00,91.6456,0.8467400508044031,2.242400000000002,TP,0.08,0.0776,SHORT,19_flag_short_4H,trending,downtrend
0,8,40,2,50,3,9,NEARUSDT,2025-05-28 16:00:00,2.78,2025-05-30 00:00:00,2.6966,28.77697841726619,2.2424000000000044,TP,0.08,0.0776,SHORT,19_flag_short_4H,trending,downtrend
0,8,40,2,50,3,9,SOLUSDT,2025-05-28 16:00:00,169.589,2025-05-30 00:00:00,164.50133,0.4717287088195578,2.2424000000000013,TP,0.08,0.0776,SHORT,19_flag_short_4H,trending,downtrend
0,8,40,2,50,3,9,SUIUSDT,2025-05-28 16:00:00,3.5476,2025-05-30 00:00:00,3.441172,22.550456646747097,2.2424000000000044,TP,0.08,0.0776,SHORT,19_flag_short_4H,trending,downtrend
0,8,40,2,50,3,9,XRPUSDT,2025-05-28 16:00:00,2.2512,2025-05-30 00:00:00,2.183664,35.536602700781806,2.2424000000000017,TP,0.08,0.0776,SHORT,19_flag_short_4H,trending,downtrend
0,8,40,2,50,3,9,BTCUSDT,2025-05-28 16:00:00,107061.1,2025-05-30 16:00:00,103849.267,0.0007472368582052,2.242399999999999,TP,0.08,0.0776,SHORT,19_flag_short_4H,trending,downtrend
0,8,40,2,50,3,9,BCHUSDT,2025-05-28 16:00:00,406.17,2025-05-31 00:00:00,393.9849,0.1969618632592264,2.2424000000000066,TP,0.08,0.0776,SHORT,19_flag_short_4H,trending,downtrend
0,8,40,2,50,3,9,ADAUSDT,2025-05-31 00:00:00,0.6885,2025-05-31 00:00:00,0.667845,116.19462599854756,2.2423999999999977,TP,0.08,0.0776,SHORT,19_flag_short_4H,ranging,downtrend
0,8,40,2,50,3,9,APTUSDT,2025-05-31 00:00:00,4.7366,2025-05-31 00:00:00,4.594502,16.889752142887303,2.2423999999999973,TP,0.08,0.0776,SHORT,19_flag_short_4H,ranging,downtrend
0,8,40,2,50,3,9,ARBUSDT,2025-05-31 00:00:00,0.3331,2025-05-31 00:00:00,0.323107,240.16811768237767,2.242400000000007,TP,0.08,0.0776,SHORT,19_flag_short_4H,ranging,downtrend
0,8,40,2,50,3,9,AVAXUSDT,2025-05-31 00:00:00,20.546,2025-05-31 00:00:00,19.92962,3.8937019371167136,2.242399999999998,TP,0.08,0.0776,SHORT,19_flag_short_4H,ranging,downtrend
0,8,40,2,50,3,9,DOGEUSDT,2025-05-31 00:00:00,0.19352,2025-05-31 00:00:00,0.1877144,413.3939644481191,2.2423999999999977,TP,0.08,0.0776,SHORT,19_flag_short_4H,ranging,downtrend
0,8,40,2,50,3,9,DOTUSDT,2025-05-31 00:00:00,4.048,2025-05-31 00:00:00,3.92656,19.76284584980237,2.2424000000000044,TP,0.08,0.0776,SHORT,19_flag_short_4H,ranging,downtrend
0,8,40,2,50,3,9,ENAUSDT,2025-05-31 00:00:00,0.301,2025-05-31 00:00:00,0.29197,265.78073089701,2.2423999999999955,TP,0.08,0.0776,SHORT,19_flag_short_4H,ranging,downtrend
0,8,40,2,50,3,9,HBARUSDT,2025-05-31 00:00:00,0.16722,2025-05-31 00:00:00,0.1622034,478.4116732448272,2.242400000000005,TP,0.08,0.0776,SHORT,19_flag_short_4H,ranging,downtrend
0,8,40,2,50,3,9,LINKUSDT,2025-05-31 00:00:00,13.886,2025-05-31 00:00:00,13.46942,5.761198329252485,2.2423999999999986,TP,0.08,0.0776,SHORT,19_flag_short_4H,ranging,downtrend
0,8,40,2,50,3,9,LTCUSDT,2025-05-31 00:00:00,85.65,2025-05-31 00:00:00,83.0805,0.9340338587273788,2.2424000000000044,TP,0.08,0.0776,SHORT,19_flag_short_4H,ranging,downtrend
0,8,40,2,50,3,9,NEARUSDT,2025-05-31 00:00:00,2.442,2025-05-31 00:00:00,2.3687400000000003,32.76003276003276,2.242399999999996,TP,0.08,0.0776,SHORT,19_flag_short_4H,ranging,downtrend
0,8,40,2,50,3,9,PENGUUSDT,2025-05-31 00:00:00,0.010128,2025-05-31 00:00:00,0.00982416,7898.894154818326,2.2423999999999973,TP,0.08,0.0776,SHORT,19_flag_short_4H,ranging,downtrend
0,8,40,2,50,3,9,SUIUSDT,2025-05-31 00:00:00,3.1866,2025-05-31 00:00:00,3.091002,25.10512772233729,2.2424000000000075,TP,0.08,0.0776,SHORT,19_flag_short_4H,ranging,downtrend
0,8,40,2,50,3,9,TAOUSDT,2025-05-31 00:00:00,376.81,2025-05-31 04:00:00,410.7229,0.2123085905363445,-7.367200000000007,SL,0.08,0.0872,SHORT,19_flag_short_4H,ranging,downtrend
0,8,40,2,50,3,9,SOLUSDT,2025-05-31 00:00:00,156.12,2025-06-01 08:00:00,151.4364,0.5124263387138098,2.242400000000006,TP,0.08,0.0775999999999999,SHORT,19_flag_short_4H,ranging,downtrend
0,8,40,2,50,3,9,BCHUSDT,2025-05-31 00:00:00,398.2,2025-06-05 20:00:00,386.254,0.2009040683073832,2.2424000000000053,TP,0.08,0.0776,SHORT,19_flag_short_4H,ranging,downtrend
0,8,40,2,50,3,9,BNBUSDT,2025-05-31 00:00:00,655.03,2025-06-05 20:00:00,635.3791,0.1221318107567592,2.2423999999999973,TP,0.08,0.0776,SHORT,19_flag_short_4H,ranging,downtrend
0,8,40,2,50,3,9,BTCUSDT,2025-05-31 00:00:00,103950.9,2025-06-05 20:00:00,100832.373,0.0007695941064483,2.2424000000000017,TP,0.08,0.0776,SHORT,19_flag_short_4H,ranging,downtrend
0,8,40,2,50,3,9,ETHUSDT,2025-05-31 00:00:00,2529.61,2025-06-05 20:00:00,2453.7217,0.0316254284257257,2.242400000000002,TP,0.08,0.0776,SHORT,19_flag_short_4H,ranging,downtrend
0,8,40,2,50,3,9,XRPUSDT,2025-05-31 00:00:00,2.1386,2025-06-05 20:00:00,2.074442,37.40764986439727,2.2423999999999977,TP,0.08,0.0776,SHORT,19_flag_short_4H,ranging,downtrend
0,8,40,2,50,3,9,AAVEUSDT,2025-06-05 20:00:00,251.32,2025-06-05 20:00:00,243.7804,0.3183192742320547,2.242400000000002,TP,0.08,0.0776,SHORT,19_flag_short_4H,trending,downtrend
0,8,40,2,50,3,9,ADAUSDT,2025-06-05 20:00:00,0.6419,2025-06-05 20:00:00,0.6226430000000001,124.63000467362517,2.242399999999996,TP,0.08,0.0776,SHORT,19_flag_short_4H,trending,downtrend
0,8,40,2,50,3,9,APTUSDT,2025-06-05 20:00:00,4.6209,2025-06-05 20:00:00,4.482272999999999,17.31264472288948,2.242400000000009,TP,0.08,0.0776,SHORT,19_flag_short_4H,trending,downtrend
0,8,40,2,50,3,9,ARBUSDT,2025-06-05 20:00:00,0.3324,2025-06-05 20:00:00,0.322428,240.6738868832732,2.2423999999999955,TP,0.08,0.0776,SHORT,19_flag_short_4H,trending,downtrend
0,8,40,2,50,3,9,AVAXUSDT,2025-06-05 20:00:00,19.273,2025-06-05 20:00:00,18.69481,4.150884657292585,2.2423999999999973,TP,0.08,0.0776,SHORT,19_flag_short_4H,trending,downtrend
0,8,40,2,50,3,9,BCHUSDT,2025-06-05 20:00:00,392.0,2025-06-05 20:00:00,380.24,0.2040816326530612,2.242399999999998,TP,0.08,0.0776,SHORT,19_flag_short_4H,trending,downtrend
0,8,40,2,50,3,9,DOGEUSDT,2025-06-05 20:00:00,0.17394,2025-06-05 20:00:00,0.1687218,459.9287110497872,2.2424000000000026,TP,0.08,0.0776,SHORT,19_flag_short_4H,trending,downtrend
0,8,40,2,50,3,9,DOTUSDT,2025-06-05 20:00:00,3.896,2025-06-05 20:00:00,3.77912,20.53388090349076,2.242400000000002,TP,0.08,0.0776,SHORT,19_flag_short_4H,trending,downtrend
0,8,40,2,50,3,9,ENAUSDT,2025-06-05 20:00:00,0.2998,2025-06-05 20:00:00,0.290806,266.844563042028,2.242400000000001,TP,0.08,0.0776,SHORT,19_flag_short_4H,trending,downtrend
0,8,40,2,50,3,9,ETHUSDT,2025-06-05 20:00:00,2527.94,2025-06-05 20:00:00,2452.1018,0.0316463207196373,2.242400000000005,TP,0.08,0.0776,SHORT,19_flag_short_4H,trending,downtrend
0,8,40,2,50,3,9,HBARUSDT,2025-06-05 20:00:00,0.16213,2025-06-05 20:00:00,0.1572661,493.4311971874422,2.242400000000002,TP,0.08,0.0776,SHORT,19_flag_short_4H,trending,downtrend
0,8,40,2,50,3,9,LINKUSDT,2025-06-05 20:00:00,13.186,2025-06-05 20:00:00,12.79042,6.0670408008493855,2.2424000000000044,TP,0.08,0.0776,SHORT,19_flag_short_4H,trending,downtrend
0,8,40,2,50,3,9,LTCUSDT,2025-06-05 20:00:00,85.72,2025-06-05 20:00:00,83.1484,0.9332711152589828,2.2424000000000035,TP,0.08,0.0776,SHORT,19_flag_short_4H,trending,downtrend
0,8,40,2,50,3,9,NEARUSDT,2025-06-05 20:00:00,2.324,2025-06-05 20:00:00,2.25428,34.42340791738383,2.2424000000000084,TP,0.08,0.0776,SHORT,19_flag_short_4H,trending,downtrend
0,8,40,2,50,3,9,PENGUUSDT,2025-06-05 20:00:00,0.009294,2025-06-05 20:00:00,0.00901518,8607.703894986013,2.242400000000007,TP,0.08,0.0776,SHORT,19_flag_short_4H,trending,downtrend
0,8,40,2,50,3,9,SOLUSDT,2025-06-05 20:00:00,146.101,2025-06-05 20:00:00,141.71797,0.5475664095386069,2.2423999999999955,TP,0.08,0.0776,SHORT,19_flag_short_4H,trending,downtrend
0,8,40,2,50,3,9,SUIUSDT,2025-06-05 20:00:00,2.9964,2025-06-05 20:00:00,2.906508,26.69870511280203,2.2423999999999964,TP,0.08,0.0776,SHORT,19_flag_short_4H,trending,downtrend
0,8,40,2,50,3,9,TAOUSDT,2025-06-05 20:00:00,359.16,2025-06-05 20:00:00,348.3852,0.2227419534469317,2.2424000000000057,TP,0.08,0.0776,SHORT,19_flag_short_4H,trending,downtrend
0,8,40,2,50,3,9,XRPUSDT,2025-06-05 20:00:00,2.129,2025-06-05 20:00:00,2.06513,37.57632691404415,2.2424000000000035,TP,0.08,0.0776,SHORT,19_flag_short_4H,trending,downtrend
0,8,40,2,50,3,9,HYPEUSDT,2025-06-05 20:00:00,33.485,2025-06-09 08:00:00,36.498650000000005,2.389129460952665,-7.367200000000014,SL,0.08,0.0872,SHORT,19_flag_short_4H,trending,downtrend
0,8,40,2,50,3,9,ADAUSDT,2025-06-13 00:00:00,0.6613,2025-06-13 00:00:00,0.641461,120.97383940722818,2.242400000000006,TP,0.08,0.0776,SHORT,19_flag_short_4H,trending,downtrend
0,8,40,2,50,3,9,APTUSDT,2025-06-13 00:00:00,4.6935,2025-06-13 00:00:00,4.552695,17.04484925961436,2.242400000000005,TP,0.08,0.0776,SHORT,19_flag_short_4H,trending,downtrend
0,8,40,2,50,3,9,AVAXUSDT,2025-06-13 00:00:00,20.273,2025-06-13 00:00:00,19.66481,3.946135253785824,2.2424000000000017,TP,0.08,0.0776,SHORT,19_flag_short_4H,trending,downtrend
0,8,40,2,50,3,9,DOGEUSDT,2025-06-13 00:00:00,0.18104,2025-06-13 00:00:00,0.1756088,441.8912947414936,2.2423999999999986,TP,0.08,0.0776,SHORT,19_flag_short_4H,trending,downtrend
0,8,40,2,50,3,9,DOTUSDT,2025-06-13 00:00:00,3.922,2025-06-13 00:00:00,3.80434,20.39775624681285,2.2424000000000066,TP,0.08,0.0776,SHORT,19_flag_short_4H,trending,downtrend
0,8,40,2,50,3,9,ENAUSDT,2025-06-13 00:00:00,0.3112,2025-06-13 00:00:00,0.3018639999999999,257.0694087403599,2.242400000000003,TP,0.08,0.0776,SHORT,19_flag_short_4H,trending,downtrend
0,8,40,2,50,3,9,HBARUSDT,2025-06-13 00:00:00,0.16294,2025-06-13 00:00:00,0.1580518,490.97827421136617,2.242400000000005,TP,0.08,0.0776,SHORT,19_flag_short_4H,trending,downtrend
0,8,40,2,50,3,9,LINKUSDT,2025-06-13 00:00:00,13.971,2025-06-13 00:00:00,13.55187,5.726147018824708,2.242400000000005,TP,0.08,0.0776,SHORT,19_flag_short_4H,trending,downtrend
0,8,40,2,50,3,9,LTCUSDT,2025-06-13 00:00:00,86.15,2025-06-13 00:00:00,83.5655,0.9286128845037724,2.2424000000000053,TP,0.08,0.0776,SHORT,19_flag_short_4H,trending,downtrend
0,8,40,2,50,3,9,NEARUSDT,2025-06-13 00:00:00,2.365,2025-06-13 00:00:00,2.29405,33.82663847780127,2.2424000000000097,TP,0.08,0.0776,SHORT,19_flag_short_4H,trending,downtrend
0,8,40,2,50,3,9,PENGUUSDT,2025-06-13 00:00:00,0.010144,2025-06-13 00:00:00,0.00983968,7886.435331230284,2.242400000000002,TP,0.08,0.0776,SHORT,19_flag_short_4H,trending,downtrend
0,8,40,2,50,3,9,SOLUSDT,2025-06-13 00:00:00,152.275,2025-06-13 00:00:00,147.70675,0.5253652930553275,2.242400000000003,TP,0.08,0.0776,SHORT,19_flag_short_4H,trending,downtrend
0,8,40,2,50,3,9,SUIUSDT,2025-06-13 00:00:00,3.2094,2025-06-13 00:00:00,3.113118,24.926777590826944,2.2423999999999995,TP,0.08,0.0776,SHORT,19_flag_short_4H,trending,downtrend
0,8,40,2,50,3,9,TAOUSDT,2025-06-13 00:00:00,386.04,2025-06-13 00:00:00,374.4588,0.2072324111491037,2.242400000000005,TP,0.08,0.0776,SHORT,19_flag_short_4H,trending,downtrend
0,8,40,2,50,3,9,XRPUSDT,2025-06-13 00:00:00,2.1892,2025-06-13 00:00:00,2.123524,36.54302941713868,2.2423999999999946,TP,0.08,0.0776,SHORT,19_flag_short_4H,trending,downtrend
0,8,40,2,50,3,9,BTCUSDT,2025-06-13 00:00:00,105610.9,2025-06-20 16:00:00,102442.573,0.0007574975689062,2.2424000000000035,TP,0.08,0.0776,SHORT,19_flag_short_4H,trending,downtrend
0,8,40,2,50,3,9,AAVEUSDT,2025-06-20 16:00:00,254.93,2025-06-20 16:00:00,247.2821,0.3138116345663515,2.2423999999999977,TP,0.08,0.0776,SHORT,19_flag_short_4H,ranging,downtrend
0,8,40,2,50,3,9,ADAUSDT,2025-06-20 16:00:00,0.5833,2025-06-20 16:00:00,0.565801,137.15069432539002,2.2424000000000057,TP,0.08,0.0776,SHORT,19_flag_short_4H,ranging,downtrend
0,8,40,2,50,3,9,APTUSDT,2025-06-20 16:00:00,4.3589,2025-06-20 16:00:00,4.228133,18.353254261396224,2.2424000000000097,TP,0.08,0.0776,SHORT,19_flag_short_4H,ranging,downtrend
0,8,40,2,50,3,9,ARBUSDT,2025-06-20 16:00:00,0.2987,2025-06-20 16:00:00,0.289739,267.82725142283226,2.242399999999999,TP,0.08,0.0776,SHORT,19_flag_short_4H,ranging,downtrend
0,8,40,2,50,3,9,AVAXUSDT,2025-06-20 16:00:00,17.799,2025-06-20 16:00:00,17.26503,4.494634530029777,2.2424000000000004,TP,0.08,0.0776,SHORT,19_flag_short_4H,ranging,downtrend
0,8,40,2,50,3,9,DOGEUSDT,2025-06-20 16:00:00,0.16593,2025-06-20 16:00:00,0.1609521,482.1310191044416,2.2424000000000035,TP,0.08,0.0776,SHORT,19_flag_short_4H,ranging,downtrend
0,8,40,2,50,3,9,DOTUSDT,2025-06-20 16:00:00,3.472,2025-06-20 16:00:00,3.36784,23.04147465437788,2.2424000000000057,TP,0.08,0.0776,SHORT,19_flag_short_4H,ranging,downtrend
0,8,40,2,50,3,9,ENAUSDT,2025-06-20 16:00:00,0.2802,2025-06-20 16:00:00,0.271794,285.5103497501784,2.242400000000007,TP,0.08,0.0776,SHORT,19_flag_short_4H,ranging,downtrend
0,8,40,2,50,3,9,ETHUSDT,2025-06-20 16:00:00,2492.7,2025-06-20 16:00:00,2417.919,0.03209371364384,2.242399999999998,TP,0.08,0.0776,SHORT,19_flag_short_4H,ranging,downtrend
0,8,40,2,50,3,9,FARTCOINUSDT,2025-06-20 16:00:00,0.9403,2025-06-20 16:00:00,0.912091,85.0792300329682,2.2424000000000035,TP,0.08,0.0776,SHORT,19_flag_short_4H,ranging,downtrend
0,8,40,2,50,3,9,HBARUSDT,2025-06-20 16:00:00,0.14636,2025-06-20 16:00:00,0.1419692,546.5974309920744,2.2424000000000004,TP,0.08,0.0776,SHORT,19_flag_short_4H,ranging,downtrend
0,8,40,2,50,3,9,HYPEUSDT,2025-06-20 16:00:00,35.685,2025-06-20 16:00:00,34.61445,2.2418383074120776,2.2424000000000093,TP,0.08,0.0775999999999999,SHORT,19_flag_short_4H,ranging,downtrend
0,8,40,2,50,3,9,LINKUSDT,2025-06-20 16:00:00,12.899,2025-06-20 16:00:00,12.51203,6.202031165206606,2.242399999999999,TP,0.08,0.0776,SHORT,19_flag_short_4H,ranging,downtrend
0,8,40,2,50,3,9,LTCUSDT,2025-06-20 16:00:00,83.75,2025-06-20 16:00:00,81.2375,0.9552238805970148,2.2424000000000026,TP,0.08,0.0776,SHORT,19_flag_short_4H,ranging,downtrend
0,8,40,2,50,3,9,NEARUSDT,2025-06-20 16:00:00,2.12,2025-06-20 16:00:00,2.0564,37.73584905660377,2.2424000000000035,TP,0.08,0.0776,SHORT,19_flag_short_4H,ranging,downtrend
0,8,40,2,50,3,9,PENGUUSDT,2025-06-20 16:00:00,0.009226,2025-06-20 16:00:00,0.0089492199999999,8671.146759158899,2.2424000000000066,TP,0.08,0.0776,SHORT,19_flag_short_4H,ranging,downtrend
0,8,40,2,50,3,9,SOLUSDT,2025-06-20 16:00:00,142.808,2025-06-20 16:00:00,138.52375999999998,0.5601927062909641,2.242400000000006,TP,0.08,0.0775999999999999,SHORT,19_flag_short_4H,ranging,downtrend
0,8,40,2,50,3,9,SUIUSDT,2025-06-20 16:00:00,2.7671,2025-06-20 16:00:00,2.684087,28.911134400636044,2.2424000000000066,TP,0.08,0.0776,SHORT,19_flag_short_4H,ranging,downtrend
0,8,40,2,50,3,9,TAOUSDT,2025-06-20 16:00:00,341.98,2025-06-20 16:00:00,331.7206,0.2339318088777121,2.2424000000000066,TP,0.08,0.0776,SHORT,19_flag_short_4H,ranging,downtrend
0,8,40,2,50,3,9,ARBUSDT,2025-06-21 00:00:00,0.2864,2025-06-21 16:00:00,0.277808,279.3296089385475,2.242399999999997,TP,0.08,0.0776,SHORT,19_flag_short_4H,ranging,downtrend
0,8,40,2,50,3,9,ENAUSDT,2025-06-21 00:00:00,0.2657,2025-06-21 16:00:00,0.257729,301.09145652992095,2.2424000000000017,TP,0.08,0.0776,SHORT,19_flag_short_4H,ranging,downtrend
0,8,40,2,50,3,9,HYPEUSDT,2025-06-21 00:00:00,33.353,2025-06-21 16:00:00,32.35241,2.398584834947381,2.242400000000006,TP,0.08,0.0776,SHORT,19_flag_short_4H,ranging,downtrend
0,8,40,2,50,3,9,ETHUSDT,2025-06-21 00:00:00,2405.64,2025-06-21 20:00:00,2333.4708,0.0332551836517517,2.2424000000000093,TP,0.08,0.0775999999999999,SHORT,19_flag_short_4H,ranging,downtrend
0,8,40,2,50,3,9,LINKUSDT,2025-06-21 00:00:00,12.505,2025-06-21 20:00:00,12.12985,6.397441023590563,2.2423999999999977,TP,0.08,0.0776,SHORT,19_flag_short_4H,ranging,downtrend
0,8,40,2,50,3,9,BTCUSDT,2025-06-21 00:00:00,103247.2,2025-06-22 12:00:00,100149.784,0.0007748394145313,2.242399999999998,TP,0.08,0.0776,SHORT,19_flag_short_4H,ranging,downtrend
0,8,40,2,50,3,9,AAVEUSDT,2025-06-22 12:00:00,229.63,2025-06-22 12:00:00,222.7411,0.3483865348604276,2.242400000000002,TP,0.08,0.0776,SHORT,19_flag_short_4H,ranging,downtrend
0,8,40,2,50,3,9,ADAUSDT,2025-06-22 12:00:00,0.546,2025-06-22 12:00:00,0.52962,146.5201465201465,2.242400000000009,TP,0.08,0.0776,SHORT,19_flag_short_4H,ranging,downtrend
0,8,40,2,50,3,9,APTUSDT,2025-06-22 12:00:00,4.024,2025-06-22 12:00:00,3.90328,19.880715705765407,2.2423999999999986,TP,0.08,0.0776,SHORT,19_flag_short_4H,ranging,downtrend
0,8,40,2,50,3,9,AVAXUSDT,2025-06-22 12:00:00,16.651,2025-06-22 12:00:00,16.15147,4.8045162452705545,2.2424000000000004,TP,0.08,0.0776,SHORT,19_flag_short_4H,ranging,downtrend
0,8,40,2,50,3,9,BNBUSDT,2025-06-22 12:00:00,630.23,2025-06-22 12:00:00,611.3231,0.1269377846183139,2.2424000000000084,TP,0.08,0.0776,SHORT,19_flag_short_4H,ranging,downtrend
0,8,40,2,50,3,9,BTCUSDT,2025-06-22 12:00:00,102680.0,2025-06-22 12:00:00,99599.6,0.0007791195948578,2.242400000000007,TP,0.08,0.0776,SHORT,19_flag_short_4H,ranging,downtrend
0,8,40,2,50,3,9,DOGEUSDT,2025-06-22 12:00:00,0.15556,2025-06-22 12:00:00,0.1508932,514.2710208279764,2.2423999999999995,TP,0.08,0.0776,SHORT,19_flag_short_4H,ranging,downtrend
0,8,40,2,50,3,9,DOTUSDT,2025-06-22 12:00:00,3.281,2025-06-22 12:00:00,3.18257,24.3828101188662,2.2424000000000004,TP,0.08,0.0776,SHORT,19_flag_short_4H,ranging,downtrend
0,8,40,2,50,3,9,ETHUSDT,2025-06-22 12:00:00,2272.11,2025-06-22 12:00:00,2203.9467,0.0352095629172883,2.2424000000000057,TP,0.08,0.0776,SHORT,19_flag_short_4H,ranging,downtrend
0,8,40,2,50,3,9,FARTCOINUSDT,2025-06-22 12:00:00,0.8499,2025-06-22 12:00:00,0.824403,94.12872102600306,2.2423999999999995,TP,0.08,0.0776,SHORT,19_flag_short_4H,ranging,downtrend
0,8,40,2,50,3,9,HBARUSDT,2025-06-22 12:00:00,0.13342,2025-06-22 12:00:00,0.1294174,599.610253335332,2.242399999999997,TP,0.08,0.0776,SHORT,19_flag_short_4H,ranging,downtrend
0,8,40,2,50,3,9,LINKUSDT,2025-06-22 12:00:00,11.889,2025-06-22 12:00:00,11.532329999999998,6.728909075616116,2.242400000000008,TP,0.08,0.0776,SHORT,19_flag_short_4H,ranging,downtrend
0,8,40,2,50,3,9,LTCUSDT,2025-06-22 12:00:00,80.97,2025-06-22 12:00:00,78.5409,0.9880202544152156,2.2424000000000053,TP,0.08,0.0776,SHORT,19_flag_short_4H,ranging,downtrend
0,8,40,2,50,3,9,NEARUSDT,2025-06-22 12:00:00,1.91,2025-06-22 12:00:00,1.8527,41.88481675392671,2.2424000000000057,TP,0.08,0.0776,SHORT,19_flag_short_4H,ranging,downtrend
0,8,40,2,50,3,9,PENGUUSDT,2025-06-22 12:00:00,0.008308,2025-06-22 12:00:00,0.00805876,9629.272989889265,2.242399999999996,TP,0.08,0.0776,SHORT,19_flag_short_4H,ranging,downtrend
0,8,40,2,50,3,9,SOLUSDT,2025-06-22 12:00:00,133.166,2025-06-22 12:00:00,129.17102,0.6007539462024841,2.242399999999999,TP,0.08,0.0776,SHORT,19_flag_short_4H,ranging,downtrend
0,8,40,2,50,3,9,SUIUSDT,2025-06-22 12:00:00,2.53,2025-06-22 12:00:00,2.4541,31.6205533596838,2.2423999999999955,TP,0.08,0.0776,SHORT,19_flag_short_4H,ranging,downtrend
0,8,40,2,50,3,9,TAOUSDT,2025-06-22 12:00:00,303.83,2025-06-22 12:00:00,294.71509999999995,0.2633051377415002,2.2424000000000093,TP,0.08,0.0776,SHORT,19_flag_short_4H,ranging,downtrend
0,8,40,2,50,3,9,XRPUSDT,2025-06-22 12:00:00,2.0242,2025-06-22 12:00:00,1.963474,39.52178638474459,2.242400000000002,TP,0.08,0.0776,SHORT,19_flag_short_4H,ranging,downtrend
0,8,40,2,50,3,9,AAVEUSDT,2025-06-22 16:00:00,221.95,2025-06-22 20:00:00,215.2915,0.3604415408875873,2.2424000000000013,TP,0.08,0.0776,SHORT,19_flag_short_4H,trending,downtrend
0,8,40,2,50,3,9,DOTUSDT,2025-06-22 16:00:00,3.172,2025-06-22 20:00:00,3.07684,25.220680958385877,2.2423999999999977,TP,0.08,0.0776,SHORT,19_flag_short_4H,trending,downtrend
0,8,40,2,50,3,9,LINKUSDT,2025-06-22 16:00:00,11.437,2025-06-22 20:00:00,11.093889999999998,6.994841304537903,2.242400000000008,TP,0.08,0.0776,SHORT,19_flag_short_4H,trending,downtrend
0,8,40,2,50,3,9,NEARUSDT,2025-06-22 16:00:00,1.859,2025-06-22 20:00:00,1.80323,43.03388918773534,2.242400000000004,TP,0.08,0.0776,SHORT,19_flag_short_4H,trending,downtrend
0,8,40,2,50,3,9,SUIUSDT,2025-06-22 16:00:00,2.3929,2025-06-22 20:00:00,2.321113,33.43223703456057,2.2424000000000013,TP,0.08,0.0776,SHORT,19_flag_short_4H,trending,downtrend
0,8,40,2,50,3,9,PENGUUSDT,2025-06-22 16:00:00,0.007908,2025-06-23 00:00:00,0.00861972,10116.33788568538,-7.367200000000007,SL,0.08,0.0872,SHORT,19_flag_short_4H,trending,downtrend
0,8,40,2,50,3,9,HBARUSDT,2025-06-22 16:00:00,0.12951,2025-06-23 16:00:00,0.1411658999999999,617.7129179213961,-7.367199999999999,SL,0.08,0.0871999999999999,SHORT,19_flag_short_4H,trending,downtrend
0,8,40,2,50,3,9,SOLUSDT,2025-06-22 16:00:00,128.496,2025-06-23 16:00:00,140.06064,0.6225874735400323,-7.367199999999998,SL,0.08,0.0871999999999999,SHORT,19_flag_short_4H,trending,downtrend
0,8,40,2,50,3,9,ADAUSDT,2025-06-22 16:00:00,0.5227,2025-06-23 20:00:00,0.5697430000000001,153.05146355462023,-7.367200000000008,SL,0.08,0.0872,SHORT,19_flag_short_4H,trending,downtrend
0,8,40,2,50,3,9,APTUSDT,2025-06-22 16:00:00,3.8572,2025-06-23 20:00:00,4.204348,20.74043347505963,-7.367200000000005,SL,0.08,0.0872,SHORT,19_flag_short_4H,trending,downtrend
0,8,40,2,50,3,9,AVAXUSDT,2025-06-22 16:00:00,16.016,2025-06-23 20:00:00,17.45744,4.995004995004996,-7.367200000000001,SL,0.08,0.0872,SHORT,19_flag_short_4H,trending,downtrend
0,8,40,2,50,3,9,DOGEUSDT,2025-06-22 16:00:00,0.14619,2025-06-23 20:00:00,0.1593471,547.2330528763938,-7.367200000000004,SL,0.08,0.0872,SHORT,19_flag_short_4H,trending,downtrend
0,8,40,2,50,3,9,ETHUSDT,2025-06-22 16:00:00,2174.14,2025-06-23 20:00:00,2369.8126,0.0367961584810545,-7.367200000000013,SL,0.08,0.0872,SHORT,19_flag_short_4H,trending,downtrend
0,8,40,2,50,3,9,LTCUSDT,2025-06-22 16:00:00,77.61,2025-06-23 20:00:00,84.59490000000001,1.0307950006442468,-7.36720000000001,SL,0.08,0.0872,SHORT,19_flag_short_4H,trending,downtrend
0,8,40,2,50,3,9,XRPUSDT,2025-06-22 16:00:00,1.9328,2025-06-23 20:00:00,2.106752,41.39072847682119,-7.367200000000004,SL,0.08,0.0872,SHORT,19_flag_short_4H,trending,downtrend
0,8,40,2,50,3,9,BCHUSDT,2025-06-22 16:00:00,445.41,2025-06-25 00:00:00,485.4969,0.1796097977144653,-7.367200000000002,SL,0.08,0.0872,SHORT,19_flag_short_4H,trending,downtrend
0,8,40,2,50,3,9,BTCUSDT,2025-06-22 16:00:00,98857.5,2025-06-25 12:00:00,107754.675,0.000809245631338,-7.367200000000002,SL,0.08,0.0872,SHORT,19_flag_short_4H,trending,downtrend
0,8,40,2,50,3,9,BNBUSDT,2025-06-22 16:00:00,607.39,2025-07-01 00:00:00,655.35,0.1317110917203115,-6.483180822865051,SELL_AFTER,0.08,0.0863168639589061,SHORT,19_flag_short_4H,trending,downtrend
0,8,40,2,50,3,9,AVAXUSDT,2025-07-01 08:00:00,17.616,2025-07-01 16:00:00,17.087519999999998,4.541326067211626,2.242400000000009,TP,0.08,0.0776,SHORT,19_flag_short_4H,ranging,downtrend
0,8,40,2,50,3,9,NEARUSDT,2025-07-01 08:00:00,2.105,2025-07-01 16:00:00,2.04185,38.00475059382423,2.2424000000000097,TP,0.08,0.0775999999999999,SHORT,19_flag_short_4H,ranging,downtrend
0,8,40,2,50,3,9,DOTUSDT,2025-07-01 08:00:00,3.352,2025-07-02 00:00:00,3.25144,23.86634844868735,2.242400000000005,TP,0.08,0.0776,SHORT,19_flag_short_4H,ranging,downtrend
0,8,40,2,50,3,9,AAVEUSDT,2025-07-02 00:00:00,259.76,2025-07-02 16:00:00,283.1384,0.3079765937788728,-7.3672,SL,0.08,0.0872,SHORT,19_flag_short_4H,ranging,downtrend
0,8,40,2,50,3,9,ADAUSDT,2025-07-02 00:00:00,0.5415,2025-07-02 16:00:00,0.5902350000000001,147.73776546629733,-7.367200000000013,SL,0.08,0.0872,SHORT,19_flag_short_4H,ranging,downtrend
0,8,40,2,50,3,9,AVAXUSDT,2025-07-02 00:00:00,17.093,2025-07-02 16:00:00,18.63137,4.680278476569356,-7.367200000000002,SL,0.08,0.0872,SHORT,19_flag_short_4H,ranging,downtrend
0,8,40,2,50,3,9,DOGEUSDT,2025-07-02 00:00:00,0.15766,2025-07-02 16:00:00,0.1718494,507.42103260180136,-7.36720000000001,SL,0.08,0.0872,SHORT,19_flag_short_4H,ranging,downtrend
0,8,40,2,50,3,9,DOTUSDT,2025-07-02 00:00:00,3.281,2025-07-02 16:00:00,3.5762900000000006,24.3828101188662,-7.367200000000013,SL,0.08,0.0872,SHORT,19_flag_short_4H,ranging,downtrend
0,8,40,2,50,3,9,ENAUSDT,2025-07-02 00:00:00,0.2525,2025-07-02 16:00:00,0.275225,316.83168316831683,-7.367199999999999,SL,0.08,0.0872,SHORT,19_flag_short_4H,ranging,downtrend
0,8,40,2,50,3,9,FARTCOINUSDT,2025-07-02 00:00:00,1.0195,2025-07-02 16:00:00,1.111255,78.4698381559588,-7.367200000000002,SL,0.08,0.0872,SHORT,19_flag_short_4H,ranging,downtrend
0,8,40,2,50,3,9,NEARUSDT,2025-07-02 00:00:00,2.037,2025-07-02 16:00:00,2.22033,39.27344133529701,-7.367200000000009,SL,0.08,0.0872,SHORT,19_flag_short_4H,ranging,downtrend
0,8,40,2,50,3,9,SUIUSDT,2025-07-02 00:00:00,2.6699,2025-07-02 16:00:00,2.910191,29.96366905127533,-7.367200000000001,SL,0.08,0.0872,SHORT,19_flag_short_4H,ranging,downtrend
0,8,40,2,50,3,9,HBARUSDT,2025-07-02 00:00:00,0.1446,2025-07-02 20:00:00,0.157614,553.2503457814661,-7.367200000000014,SL,0.08,0.0872,SHORT,19_flag_short_4H,ranging,downtrend
0,8,40,2,50,3,9,HYPEUSDT,2025-07-02 00:00:00,36.888,2025-07-02 20:00:00,40.20792,2.1687269572760792,-7.367200000000008,SL,0.08,0.0872,SHORT,19_flag_short_4H,ranging,downtrend
0,8,40,2,50,3,9,LTCUSDT,2025-07-02 00:00:00,83.17,2025-07-03 04:00:00,90.6553,0.96188529517855,-7.367200000000009,SL,0.08,0.0872,SHORT,19_flag_short_4H,ranging,downtrend
0,8,40,2,50,3,9,ETHUSDT,2025-07-02 00:00:00,2404.13,2025-07-03 12:00:00,2620.5017000000003,0.0332760707615644,-7.367200000000006,SL,0.08,0.0872,SHORT,19_flag_short_4H,ranging,downtrend
0,8,40,2,50,3,9,LINKUSDT,2025-07-02 00:00:00,12.887,2025-07-03 12:00:00,14.046830000000002,6.207806316442927,-7.367200000000007,SL,0.08,0.0872,SHORT,19_flag_short_4H,ranging,downtrend
0,8,40,2,50,3,9,APTUSDT,2025-07-02 00:00:00,4.4875,2025-07-04 12:00:00,4.352875,17.827298050139277,2.242399999999996,TP,0.08,0.0776,SHORT,19_flag_short_4H,ranging,downtrend
0,8,40,2,50,3,9,TAOUSDT,2025-07-02 00:00:00,318.38,2025-07-09 20:00:00,347.0342,0.2512720648281927,-7.367200000000002,SL,0.08,0.0872,SHORT,19_flag_short_4H,ranging,downtrend
0,8,40,2,50,3,9,BCHUSDT,2025-07-15 04:00:00,491.12,2025-07-18 04:00:00,535.3208000000001,0.1628929793125916,-7.367200000000011,SL,0.08,0.0872,SHORT,19_flag_short_4H,ranging,downtrend
0,8,40,2,50,3,9,HYPEUSDT,2025-07-18 12:00:00,45.601,2025-07-18 12:00:00,44.23297,1.754347492379553,2.242400000000008,TP,0.08,0.0776,SHORT,19_flag_short_4H,ranging,downtrend
0,8,40,2,50,3,9,HYPEUSDT,2025-07-18 16:00:00,44.48,2025-07-18 16:00:00,43.1456,1.7985611510791368,2.2424000000000044,TP,0.08,0.0776,SHORT,19_flag_short_4H,ranging,downtrend
0,8,40,2,50,3,9,HYPEUSDT,2025-07-18 20:00:00,43.483,2025-07-20 16:00:00,47.39647,1.8397994618586573,-7.367200000000007,SL,0.08,0.0872,SHORT,19_flag_short_4H,ranging,downtrend
0,8,40,2,50,3,9,BTCUSDT,2025-07-18 20:00:00,117366.6,2025-07-27 04:00:00,118083.0,0.0006816249256602,-0.6488044128397648,SELL_AFTER,0.08,0.080488316096743,SHORT,19_flag_short_4H,ranging,downtrend
0,8,40,2,50,3,9,AAVEUSDT,2025-07-30 16:00:00,276.22,2025-07-30 16:00:00,267.9334,0.289624212584172,2.2424000000000057,TP,0.08,0.0775999999999999,SHORT,19_flag_short_4H,ranging,downtrend
0,8,40,2,50,3,9,APTUSDT,2025-07-30 16:00:00,4.4772,2025-07-30 16:00:00,4.342884,17.868310551237382,2.242400000000002,TP,0.08,0.0776,SHORT,19_flag_short_4H,ranging,downtrend
0,8,40,2,50,3,9,AVAXUSDT,2025-07-30 16:00:00,23.228,2025-07-30 16:00:00,22.53116,3.4441191665231616,2.2424000000000057,TP,0.08,0.0776,SHORT,19_flag_short_4H,ranging,downtrend
0,8,40,2,50,3,9,BNBUSDT,2025-07-30 16:00:00,790.84,2025-07-30 16:00:00,767.1148000000001,0.1011582621010571,2.2423999999999973,TP,0.08,0.0776,SHORT,19_flag_short_4H,ranging,downtrend
0,8,40,2,50,3,9,ENAUSDT,2025-07-30 16:00:00,0.5453,2025-07-30 16:00:00,0.594377,146.70823399963322,-7.367200000000006,SL,0.08,0.0872,SHORT,19_flag_short_4H,ranging,downtrend
0,8,40,2,50,3,9,HBARUSDT,2025-07-30 16:00:00,0.25705,2025-07-30 16:00:00,0.2493385,311.22349737405176,2.2424000000000035,TP,0.08,0.0776,SHORT,19_flag_short_4H,ranging,downtrend
0,8,40,2,50,3,9,HYPEUSDT,2025-07-30 16:00:00,42.999,2025-07-30 16:00:00,41.70903,1.860508383915905,2.242400000000007,TP,0.08,0.0776,SHORT,19_flag_short_4H,ranging,downtrend
0,8,40,2,50,3,9,NEARUSDT,2025-07-30 16:00:00,2.641,2025-07-30 16:00:00,2.56177,30.29155622870125,2.2423999999999973,TP,0.08,0.0776,SHORT,19_flag_short_4H,ranging,downtrend
0,8,40,2,50,3,9,SOLUSDT,2025-07-30 16:00:00,179.118,2025-07-30 16:00:00,173.74446,0.4466329458792528,2.242399999999996,TP,0.08,0.0776,SHORT,19_flag_short_4H,ranging,downtrend
0,8,40,2,50,3,9,AAVEUSDT,2025-07-31 12:00:00,275.1,2025-07-31 12:00:00,266.84700000000004,0.2908033442384587,2.2423999999999955,TP,0.08,0.0776,SHORT,19_flag_short_4H,ranging,downtrend
0,8,40,2,50,3,9,AVAXUSDT,2025-07-31 12:00:00,23.661,2025-07-31 12:00:00,22.95117,3.3810912472000334,2.2424000000000004,TP,0.08,0.0776,SHORT,19_flag_short_4H,ranging,downtrend
0,8,40,2,50,3,9,DOGEUSDT,2025-07-31 12:00:00,0.22218,2025-07-31 12:00:00,0.2155145999999999,360.06841299846974,2.2424000000000057,TP,0.08,0.0776,SHORT,19_flag_short_4H,ranging,downtrend
0,8,40,2,50,3,9,FARTCOINUSDT,2025-07-31 12:00:00,1.0553,2025-07-31 12:00:00,1.0236409999999998,75.80782715815408,2.242400000000008,TP,0.08,0.0776,SHORT,19_flag_short_4H,ranging,downtrend
0,8,40,2,50,3,9,LINKUSDT,2025-07-31 12:00:00,17.969,2025-07-31 12:00:00,17.429930000000002,4.452111970616061,2.2423999999999946,TP,0.08,0.0776,SHORT,19_flag_short_4H,ranging,downtrend
0,8,40,2,50,3,9,SOLUSDT,2025-07-31 12:00:00,180.657,2025-07-31 12:00:00,175.23729,0.4428281217998748,2.242400000000004,TP,0.08,0.0776,SHORT,19_flag_short_4H,ranging,downtrend
0,8,40,2,50,3,9,TAOUSDT,2025-07-31 12:00:00,376.89,2025-07-31 12:00:00,365.5833,0.2122635251664942,2.2424000000000075,TP,0.08,0.0776,SHORT,19_flag_short_4H,ranging,downtrend
0,8,40,2,50,3,9,LTCUSDT,2025-07-31 12:00:00,109.94,2025-07-31 20:00:00,106.6418,0.7276696379843551,2.242400000000006,TP,0.08,0.0776,SHORT,19_flag_short_4H,ranging,downtrend
0,8,40,2,50,3,9,NEARUSDT,2025-07-31 20:00:00,2.602,2025-07-31 20:00:00,2.52394,30.745580322828594,2.2424000000000075,TP,0.08,0.0776,SHORT,19_flag_short_4H,ranging,downtrend
0,8,40,2,50,3,9,PENGUUSDT,2025-07-31 20:00:00,0.035359,2025-07-31 20:00:00,0.03429823,2262.5074238524844,2.2424000000000057,TP,0.08,0.0776,SHORT,19_flag_short_4H,ranging,downtrend
0,8,40,2,50,3,9,TAOUSDT,2025-07-31 20:00:00,365.36,2025-07-31 20:00:00,354.3992,0.2189621195533172,2.2424000000000013,TP,0.08,0.0776,SHORT,19_flag_short_4H,ranging,downtrend
0,8,40,2,50,3,9,AAVEUSDT,2025-07-31 20:00:00,267.04,2025-08-01 00:00:00,259.0288,0.2995805871779508,2.242400000000009,TP,0.08,0.0775999999999999,SHORT,19_flag_short_4H,ranging,downtrend
0,8,40,2,50,3,9,ADAUSDT,2025-07-31 20:00:00,0.7518,2025-08-01 00:00:00,0.729246,106.41127959563714,2.242400000000008,TP,0.08,0.0776,SHORT,19_flag_short_4H,ranging,downtrend
0,8,40,2,50,3,9,APTUSDT,2025-07-31 20:00:00,4.3997,2025-08-01 00:00:00,4.267709,18.183057935768343,2.2424000000000035,TP,0.08,0.0776,SHORT,19_flag_short_4H,ranging,downtrend
0,8,40,2,50,3,9,ARBUSDT,2025-07-31 20:00:00,0.406,2025-08-01 00:00:00,0.39382,197.04433497536945,2.242400000000005,TP,0.08,0.0776,SHORT,19_flag_short_4H,ranging,downtrend
0,8,40,2,50,3,9,AVAXUSDT,2025-07-31 20:00:00,22.818,2025-08-01 00:00:00,22.13346,3.5060040319046366,2.2424000000000066,TP,0.08,0.0776,SHORT,19_flag_short_4H,ranging,downtrend
0,8,40,2,50,3,9,DOGEUSDT,2025-07-31 20:00:00,0.21376,2025-08-01 00:00:00,0.2073472,374.251497005988,2.2423999999999986,TP,0.08,0.0776,SHORT,19_flag_short_4H,ranging,downtrend
0,8,40,2,50,3,9,DOTUSDT,2025-07-31 20:00:00,3.744,2025-08-01 00:00:00,3.63168,21.36752136752137,2.2423999999999995,TP,0.08,0.0776,SHORT,19_flag_short_4H,ranging,downtrend
0,8,40,2,50,3,9,ETHUSDT,2025-07-31 20:00:00,3736.91,2025-08-01 00:00:00,3624.8027,0.02140806174085,2.2424000000000026,TP,0.08,0.0776,SHORT,19_flag_short_4H,ranging,downtrend
0,8,40,2,50,3,9,HBARUSDT,2025-07-31 20:00:00,0.25614,2025-08-01 00:00:00,0.2484557999999999,312.3291949715,2.242400000000001,TP,0.08,0.0776,SHORT,19_flag_short_4H,ranging,downtrend
0,8,40,2,50,3,9,HYPEUSDT,2025-07-31 20:00:00,41.629,2025-08-01 00:00:00,40.38013,1.921737250474429,2.2424000000000075,TP,0.08,0.0776,SHORT,19_flag_short_4H,ranging,downtrend
0,8,40,2,50,3,9,LINKUSDT,2025-07-31 20:00:00,17.225,2025-08-01 00:00:00,16.70825,4.644412191582003,2.2424000000000084,TP,0.08,0.0776,SHORT,19_flag_short_4H,ranging,downtrend
0,8,40,2,50,3,9,LTCUSDT,2025-07-31 20:00:00,108.2,2025-08-01 00:00:00,104.954,0.7393715341959335,2.242400000000007,TP,0.08,0.0776,SHORT,19_flag_short_4H,ranging,downtrend
0,8,40,2,50,3,9,SOLUSDT,2025-07-31 20:00:00,175.242,2025-08-01 00:00:00,169.98474,0.4565115668618253,2.2424000000000013,TP,0.08,0.0776,SHORT,19_flag_short_4H,ranging,downtrend
0,8,40,2,50,3,9,SUIUSDT,2025-07-31 20:00:00,3.6982,2025-08-01 00:00:00,3.587254,21.632145368016875,2.242400000000005,TP,0.08,0.0776,SHORT,19_flag_short_4H,ranging,downtrend
0,8,40,2,50,3,9,XRPUSDT,2025-07-31 20:00:00,3.0565,2025-08-01 00:00:00,2.964805,26.173728120399147,2.242400000000002,TP,0.08,0.0776,SHORT,19_flag_short_4H,ranging,downtrend
0,8,40,2,50,3,9,BNBUSDT,2025-07-31 20:00:00,796.45,2025-08-01 04:00:00,772.5565,0.1004457279176345,2.2424000000000017,TP,0.08,0.0776,SHORT,19_flag_short_4H,ranging,downtrend
0,8,40,2,50,3,9,BTCUSDT,2025-07-31 20:00:00,116728.1,2025-08-01 16:00:00,113226.257,0.0006853533981963,2.2424000000000053,TP,0.08,0.0776,SHORT,19_flag_short_4H,ranging,downtrend
0,8,40,2,50,3,9,BCHUSDT,2025-08-01 16:00:00,552.44,2025-08-01 20:00:00,535.8668,0.144812106292086,2.2424000000000057,TP,0.08,0.0775999999999999,SHORT,19_flag_short_4H,ranging,downtrend
0,8,40,2,50,3,9,ETHUSDT,2025-08-01 16:00:00,3614.29,2025-08-01 20:00:00,3505.8613,0.0221343611055006,2.2423999999999986,TP,0.08,0.0776,SHORT,19_flag_short_4H,ranging,downtrend
0,8,40,2,50,3,9,BNBUSDT,2025-08-01 16:00:00,764.12,2025-08-02 12:00:00,741.1964,0.104695597550123,2.2423999999999964,TP,0.08,0.0776,SHORT,19_flag_short_4H,ranging,downtrend
0,8,40,2,50,3,9,BTCUSDT,2025-08-01 16:00:00,115304.1,2025-08-10 00:00:00,118457.3,0.0006938174791702,-2.349933020595103,SELL_AFTER,0.08,0.0821877452753197,SHORT,19_flag_short_4H,ranging,downtrend
0,8,40,2,50,3,9,PENGUUSDT,2025-08-14 08:00:00,0.036925,2025-08-14 08:00:00,0.03581725,2166.5538253215977,2.2423999999999946,TP,0.08,0.0776,SHORT,19_flag_short_4H,ranging,downtrend
0,8,40,2,50,3,9,PENGUUSDT,2025-08-14 12:00:00,0.035889,2025-08-14 12:00:00,0.0348123299999999,2229.0952659589293,2.2424000000000044,TP,0.08,0.0776,SHORT,19_flag_short_4H,ranging,downtrend
0,8,40,2,50,3,9,BTCUSDT,2025-08-14 16:00:00,118209.5,2025-08-18 08:00:00,114663.215,0.0006767645578401,2.242400000000002,TP,0.08,0.0776,SHORT,19_flag_short_4H,ranging,downtrend
0,8,40,2,50,3,9,APTUSDT,2025-08-18 08:00:00,4.5909,2025-08-19 00:00:00,4.4531730000000005,17.42577708074669,2.2423999999999986,TP,0.08,0.0776,SHORT,19_flag_short_4H,trending,downtrend
0,8,40,2,50,3,9,ENAUSDT,2025-08-18 08:00:00,0.6808,2025-08-19 00:00:00,0.660376,117.50881316098707,2.2424,TP,0.08,0.0776,SHORT,19_flag_short_4H,trending,downtrend
0,8,40,2,50,3,9,HYPEUSDT,2025-08-18 08:00:00,43.558,2025-08-19 00:00:00,42.25126,1.8366316176132973,2.242399999999996,TP,0.08,0.0776,SHORT,19_flag_short_4H,trending,downtrend
0,8,40,2,50,3,9,DOGEUSDT,2025-08-18 08:00:00,0.22174,2025-08-19 04:00:00,0.2150878,360.7828988905926,2.242399999999999,TP,0.08,0.0776,SHORT,19_flag_short_4H,trending,downtrend
0,8,40,2,50,3,9,AVAXUSDT,2025-08-18 08:00:00,23.525,2025-08-19 12:00:00,22.81925,3.4006376195536667,2.2424000000000066,TP,0.08,0.0776,SHORT,19_flag_short_4H,trending,downtrend
0,8,40,2,50,3,9,HBARUSDT,2025-08-18 08:00:00,0.24276,2025-08-19 12:00:00,0.2354772,329.54358213873786,2.242400000000002,TP,0.08,0.0776,SHORT,19_flag_short_4H,trending,downtrend
0,8,40,2,50,3,9,NEARUSDT,2025-08-18 08:00:00,2.56,2025-08-19 12:00:00,2.4832,31.25,2.2423999999999995,TP,0.08,0.0776,SHORT,19_flag_short_4H,trending,downtrend
0,8,40,2,50,3,9,AAVEUSDT,2025-08-18 08:00:00,286.33,2025-08-19 16:00:00,277.7401,0.2793978975308211,2.2424000000000004,TP,0.08,0.0776,SHORT,19_flag_short_4H,trending,downtrend
0,8,40,2,50,3,9,BCHUSDT,2025-08-18 08:00:00,566.44,2025-08-19 16:00:00,549.4468,0.1412329637737447,2.2424,TP,0.08,0.0776,SHORT,19_flag_short_4H,trending,downtrend
0,8,40,2,50,3,9,DOTUSDT,2025-08-18 08:00:00,3.865,2025-08-19 16:00:00,3.74905,20.69857697283312,2.2424000000000044,TP,0.08,0.0776,SHORT,19_flag_short_4H,trending,downtrend
0,8,40,2,50,3,9,ETHUSDT,2025-08-18 08:00:00,4255.0,2025-08-19 16:00:00,4127.349999999999,0.0188014101057579,2.24240000000001,TP,0.08,0.0775999999999999,SHORT,19_flag_short_4H,trending,downtrend
0,8,40,2,50,3,9,LTCUSDT,2025-08-18 08:00:00,116.1,2025-08-19 16:00:00,112.617,0.6890611541774333,2.242400000000003,TP,0.08,0.0776,SHORT,19_flag_short_4H,trending,downtrend
0,8,40,2,50,3,9,SUIUSDT,2025-08-18 08:00:00,3.5517,2025-08-19 16:00:00,3.445149,22.52442492327618,2.2424000000000017,TP,0.08,0.0776,SHORT,19_flag_short_4H,trending,downtrend
0,8,40,2,50,3,9,TAOUSDT,2025-08-18 08:00:00,355.72,2025-08-19 16:00:00,345.0484,0.2248959856066569,2.2424000000000026,TP,0.08,0.0776,SHORT,19_flag_short_4H,trending,downtrend
0,8,40,2,50,3,9,XRPUSDT,2025-08-18 08:00:00,2.9629,2025-08-19 16:00:00,2.874013,27.00057376219245,2.2424000000000044,TP,0.08,0.0776,SHORT,19_flag_short_4H,trending,downtrend
0,8,40,2,50,3,9,SOLUSDT,2025-08-18 08:00:00,180.56,2025-08-22 16:00:00,196.8104,0.4430660168365086,-7.367200000000007,SL,0.08,0.0872,SHORT,19_flag_short_4H,trending,downtrend
0,8,40,2,50,3,9,BNBUSDT,2025-08-18 08:00:00,830.23,2025-08-26 16:00:00,860.71,0.0963588403213567,-3.09995447044795,SELL_AFTER,0.08,0.0829370174529949,SHORT,19_flag_short_4H,trending,downtrend
0,8,40,2,50,3,9,ENAUSDT,2025-08-26 16:00:00,0.6259,2025-08-27 20:00:00,0.607123,127.81594503914364,2.2424000000000057,TP,0.08,0.0776,SHORT,19_flag_short_4H,trending,downtrend
0,8,40,2,50,3,9,FARTCOINUSDT,2025-08-26 16:00:00,0.7834,2025-08-28 12:00:00,0.853906,102.11896859841715,-7.367200000000007,SL,0.08,0.0872,SHORT,19_flag_short_4H,trending,downtrend
0,8,40,2,50,3,9,HBARUSDT,2025-08-26 16:00:00,0.23622,2025-08-29 08:00:00,0.2291334,338.66734400135465,2.2423999999999995,TP,0.08,0.0776,SHORT,19_flag_short_4H,trending,downtrend
0,8,40,2,50,3,9,SUIUSDT,2025-08-26 16:00:00,3.4036,2025-08-29 08:00:00,3.301492,23.504524620989542,2.2424000000000075,TP,0.08,0.0776,SHORT,19_flag_short_4H,trending,downtrend
0,8,40,2,50,3,9,XRPUSDT,2025-08-26 16:00:00,2.9311,2025-08-29 08:00:00,2.843167,27.293507556889907,2.2424000000000013,TP,0.08,0.0776,SHORT,19_flag_short_4H,trending,downtrend
0,8,40,2,50,3,9,APTUSDT,2025-08-26 16:00:00,4.3183,2025-08-29 16:00:00,4.188751,18.525808767339,2.2423999999999986,TP,0.08,0.0776,SHORT,19_flag_short_4H,trending,downtrend
0,8,40,2,50,3,9,LTCUSDT,2025-08-26 16:00:00,111.98,2025-08-29 16:00:00,108.6206,0.7144132880871584,2.2424000000000057,TP,0.08,0.0776,SHORT,19_flag_short_4H,trending,downtrend
0,8,40,2,50,3,9,DOTUSDT,2025-08-26 16:00:00,3.813,2025-09-01 00:00:00,3.69861,20.98085496984002,2.2424000000000044,TP,0.08,0.0776,SHORT,19_flag_short_4H,trending,downtrend
0,8,40,2,50,3,9,DOGEUSDT,2025-08-26 16:00:00,0.21269,2025-09-01 20:00:00,0.2063092999999999,376.1342799379378,2.242400000000006,TP,0.08,0.0776,SHORT,19_flag_short_4H,trending,downtrend
0,8,40,2,50,3,9,BCHUSDT,2025-08-26 16:00:00,537.93,2025-09-02 12:00:00,586.3437,0.1487182347145539,-7.36720000000001,SL,0.08,0.0872,SHORT,19_flag_short_4H,trending,downtrend
0,8,40,2,50,3,9,BNBUSDT,2025-08-26 16:00:00,849.24,2025-09-04 00:00:00,848.31,0.0942018746173048,-0.0723046488625063,SELL_AFTER,0.08,0.0799123922566059,SHORT,19_flag_short_4H,trending,downtrend
0,8,40,2,50,3,9,BTCUSDT,2025-08-26 16:00:00,109636.2,2025-09-04 00:00:00,111102.3,0.0007296859978729,-1.2308624341230403,SELL_AFTER,0.08,0.0810697926414815,SHORT,19_flag_short_4H,trending,downtrend
0,8,40,2,50,3,9,AAVEUSDT,2025-09-22 00:00:00,294.16,2025-09-22 00:00:00,285.33520000000004,0.2719608376393799,2.2423999999999946,TP,0.08,0.0776,SHORT,19_flag_short_4H,ranging,downtrend
0,8,40,2,50,3,9,ADAUSDT,2025-09-22 00:00:00,0.8849,2025-09-22 00:00:00,0.858353,90.4056955588202,2.2423999999999986,TP,0.08,0.0776,SHORT,19_flag_short_4H,ranging,downtrend
0,8,40,2,50,3,9,ARBUSDT,2025-09-22 00:00:00,0.4805,2025-09-22 00:00:00,0.4660849999999999,166.49323621227887,2.2424000000000017,TP,0.08,0.0776,SHORT,19_flag_short_4H,ranging,downtrend
0,8,40,2,50,3,9,DOGEUSDT,2025-09-22 00:00:00,0.26092,2025-09-22 00:00:00,0.2530924,306.60738923808066,2.2423999999999973,TP,0.08,0.0776,SHORT,19_flag_short_4H,ranging,downtrend
0,8,40,2,50,3,9,DOTUSDT,2025-09-22 00:00:00,4.266,2025-09-22 00:00:00,4.13802,18.75293014533521,2.2424,TP,0.08,0.0776,SHORT,19_flag_short_4H,ranging,downtrend
0,8,40,2,50,3,9,ENAUSDT,2025-09-22 00:00:00,0.6414,2025-09-22 00:00:00,0.622158,124.72715933894608,2.2423999999999977,TP,0.08,0.0776,SHORT,19_flag_short_4H,ranging,downtrend
0,8,40,2,50,3,9,HBARUSDT,2025-09-22 00:00:00,0.23417,2025-09-22 00:00:00,0.2271448999999999,341.6321475850877,2.242400000000002,TP,0.08,0.0776,SHORT,19_flag_short_4H,ranging,downtrend
0,8,40,2,50,3,9,HYPEUSDT,2025-09-22 00:00:00,50.876,2025-09-22 00:00:00,49.34972,1.5724506643604057,2.2424,TP,0.08,0.0776,SHORT,19_flag_short_4H,ranging,downtrend
0,8,40,2,50,3,9,LINKUSDT,2025-09-22 00:00:00,22.968,2025-09-22 00:00:00,22.27896,3.4831069313827934,2.2424000000000075,TP,0.08,0.0776,SHORT,19_flag_short_4H,ranging,downtrend
0,8,40,2,50,3,9,LTCUSDT,2025-09-22 00:00:00,113.99,2025-09-22 00:00:00,110.5703,0.7018159487674358,2.2424000000000044,TP,0.08,0.0776,SHORT,19_flag_short_4H,ranging,downtrend
0,8,40,2,50,3,9,PENGUUSDT,2025-09-22 00:00:00,0.033907,2025-09-22 00:00:00,0.03288979,2359.394815229893,2.242399999999994,TP,0.08,0.0776,SHORT,19_flag_short_4H,ranging,downtrend
0,8,40,2,50,3,9,SUIUSDT,2025-09-22 00:00:00,3.6102,2025-09-22 00:00:00,3.501894,22.159437150296384,2.2424000000000053,TP,0.08,0.0776,SHORT,19_flag_short_4H,ranging,downtrend
0,8,40,2,50,3,9,TAOUSDT,2025-09-22 00:00:00,334.07,2025-09-22 00:00:00,324.0479,0.2394707695991858,2.2424000000000057,TP,0.08,0.0776,SHORT,19_flag_short_4H,ranging,downtrend
0,8,40,2,50,3,9,AAVEUSDT,2025-09-22 04:00:00,284.32,2025-09-22 04:00:00,275.7904,0.28137310073157,2.242400000000005,TP,0.08,0.0776,SHORT,19_flag_short_4H,ranging,downtrend
0,8,40,2,50,3,9,ADAUSDT,2025-09-22 04:00:00,0.8565,2025-09-22 04:00:00,0.830805,93.40338587273789,2.242400000000002,TP,0.08,0.0776,SHORT,19_flag_short_4H,ranging,downtrend
0,8,40,2,50,3,9,APTUSDT,2025-09-22 04:00:00,4.4641,2025-09-22 04:00:00,4.330177,17.920745503012924,2.242400000000004,TP,0.08,0.0776,SHORT,19_flag_short_4H,ranging,downtrend
0,8,40,2,50,3,9,ARBUSDT,2025-09-22 04:00:00,0.461,2025-09-22 04:00:00,0.44717,173.53579175704988,2.2424000000000013,TP,0.08,0.0776,SHORT,19_flag_short_4H,ranging,downtrend
0,8,40,2,50,3,9,DOGEUSDT,2025-09-22 04:00:00,0.24885,2025-09-22 04:00:00,0.2413844999999999,321.4788024914607,2.2424000000000044,TP,0.08,0.0776,SHORT,19_flag_short_4H,ranging,downtrend
0,8,40,2,50,3,9,DOTUSDT,2025-09-22 04:00:00,4.136,2025-09-22 04:00:00,4.01192,19.342359767891683,2.2424000000000035,TP,0.08,0.0776,SHORT,19_flag_short_4H,ranging,downtrend
0,8,40,2,50,3,9,ENAUSDT,2025-09-22 04:00:00,0.6291,2025-09-22 04:00:00,0.610227,127.1657924018439,2.2424000000000035,TP,0.08,0.0776,SHORT,19_flag_short_4H,ranging,downtrend
0,8,40,2,50,3,9,FARTCOINUSDT,2025-09-22 04:00:00,0.6849,2025-09-22 04:00:00,0.664353,116.80537304716016,2.242399999999998,TP,0.08,0.0776,SHORT,19_flag_short_4H,ranging,downtrend
0,8,40,2,50,3,9,HBARUSDT,2025-09-22 04:00:00,0.2268,2025-09-22 04:00:00,0.219996,352.7336860670194,2.2424000000000017,TP,0.08,0.0776,SHORT,19_flag_short_4H,ranging,downtrend
0,8,40,2,50,3,9,HYPEUSDT,2025-09-22 04:00:00,49.771,2025-09-22 04:00:00,48.27787,1.607361716662313,2.2424000000000013,TP,0.08,0.0776,SHORT,19_flag_short_4H,ranging,downtrend
0,8,40,2,50,3,9,LTCUSDT,2025-09-22 04:00:00,111.41,2025-09-22 04:00:00,108.0677,0.7180683960147204,2.242400000000006,TP,0.08,0.0776,SHORT,19_flag_short_4H,ranging,downtrend
0,8,40,2,50,3,9,PENGUUSDT,2025-09-22 04:00:00,0.032031,2025-09-22 04:00:00,0.0310700699999999,2497.580468920733,2.2424000000000057,TP,0.08,0.0776,SHORT,19_flag_short_4H,ranging,downtrend
0,8,40,2,50,3,9,SUIUSDT,2025-09-22 04:00:00,3.5161,2025-09-22 04:00:00,3.410617,22.752481442507325,2.2424,TP,0.08,0.0776,SHORT,19_flag_short_4H,ranging,downtrend
0,8,40,2,50,3,9,TAOUSDT,2025-09-22 04:00:00,323.72,2025-09-22 04:00:00,314.0084,0.2471271469170888,2.242400000000008,TP,0.08,0.0776,SHORT,19_flag_short_4H,ranging,downtrend
0,8,40,2,50,3,9,HYPEUSDT,2025-09-22 20:00:00,47.129,2025-09-23 00:00:00,45.71513,1.6974686498758726,2.242400000000005,TP,0.08,0.0776,SHORT,19_flag_short_4H,trending,downtrend
0,8,40,2,50,3,9,NEARUSDT,2025-09-22 20:00:00,2.856,2025-09-23 04:00:00,3.1130400000000003,28.01120448179272,-7.367200000000011,SL,0.08,0.0872,SHORT,19_flag_short_4H,trending,downtrend
0,8,40,2,50,3,9,SOLUSDT,2025-09-22 20:00:00,217.037,2025-09-24 00:00:00,210.52589,0.3686007454950077,2.242400000000001,TP,0.08,0.0776,SHORT,19_flag_short_4H,trending,downtrend
0,8,40,2,50,3,9,ADAUSDT,2025-09-22 20:00:00,0.8155,2025-09-24 04:00:00,0.7910349999999999,98.09932556713672,2.242400000000007,TP,0.08,0.0776,SHORT,19_flag_short_4H,trending,downtrend
0,8,40,2,50,3,9,PENGUUSDT,2025-09-22 20:00:00,0.029901,2025-09-24 04:00:00,0.02900397,2675.4958028159595,2.2424000000000004,TP,0.08,0.0776,SHORT,19_flag_short_4H,trending,downtrend
0,8,40,2,50,3,9,ARBUSDT,2025-09-22 20:00:00,0.4282,2025-09-25 04:00:00,0.415354,186.82858477347037,2.2424000000000044,TP,0.08,0.0776,SHORT,19_flag_short_4H,trending,downtrend
0,8,40,2,50,3,9,ETHUSDT,2025-09-22 20:00:00,4133.14,2025-09-25 04:00:00,4009.1458,0.0193557440589963,2.2424000000000017,TP,0.08,0.0776,SHORT,19_flag_short_4H,trending,downtrend
0,8,40,2,50,3,9,TAOUSDT,2025-09-22 20:00:00,311.74,2025-09-25 04:00:00,302.3878,0.256624109835119,2.2423999999999955,TP,0.08,0.0776,SHORT,19_flag_short_4H,trending,downtrend
0,8,40,2,50,3,9,BCHUSDT,2025-09-22 20:00:00,561.85,2025-09-25 08:00:00,544.9945,0.142386758031503,2.242400000000001,TP,0.08,0.0776,SHORT,19_flag_short_4H,trending,downtrend
0,8,40,2,50,3,9,SUIUSDT,2025-09-22 20:00:00,3.3169,2025-09-25 08:00:00,3.217393,24.118906207603487,2.2424000000000004,TP,0.08,0.0776,SHORT,19_flag_short_4H,trending,downtrend
0,8,40,2,50,3,9,APTUSDT,2025-09-22 20:00:00,4.198,2025-09-25 12:00:00,4.0720600000000005,19.056693663649355,2.2423999999999986,TP,0.08,0.0776,SHORT,19_flag_short_4H,trending,downtrend
0,8,40,2,50,3,9,DOGEUSDT,2025-09-22 20:00:00,0.23622,2025-09-25 12:00:00,0.2291334,338.66734400135465,2.2423999999999995,TP,0.08,0.0776,SHORT,19_flag_short_4H,trending,downtrend
0,8,40,2,50,3,9,ENAUSDT,2025-09-22 20:00:00,0.5841,2025-09-25 12:00:00,0.5665769999999999,136.9628488272556,2.2424000000000093,TP,0.08,0.0776,SHORT,19_flag_short_4H,trending,downtrend
0,8,40,2,50,3,9,HBARUSDT,2025-09-22 20:00:00,0.21718,2025-09-25 12:00:00,0.2106646,368.3580440187863,2.2424000000000017,TP,0.08,0.0776,SHORT,19_flag_short_4H,trending,downtrend
0,8,40,2,50,3,9,LINKUSDT,2025-09-22 20:00:00,21.173,2025-09-25 12:00:00,20.53781,3.7783970150663584,2.2424000000000057,TP,0.08,0.0776,SHORT,19_flag_short_4H,trending,downtrend
0,8,40,2,50,3,9,AAVEUSDT,2025-09-22 20:00:00,263.5,2025-09-25 16:00:00,255.595,0.3036053130929791,2.2424000000000004,TP,0.08,0.0776,SHORT,19_flag_short_4H,trending,downtrend
0,8,40,2,50,3,9,BTCUSDT,2025-09-22 20:00:00,112068.6,2025-09-25 16:00:00,108706.542,0.0007138484820904,2.242400000000003,TP,0.08,0.0776,SHORT,19_flag_short_4H,trending,downtrend
0,8,40,2,50,3,9,DOTUSDT,2025-09-22 20:00:00,3.946,2025-09-25 16:00:00,3.82762,20.27369488089204,2.242400000000003,TP,0.08,0.0776,SHORT,19_flag_short_4H,trending,downtrend
0,8,40,2,50,3,9,LTCUSDT,2025-09-22 20:00:00,104.79,2025-09-25 16:00:00,101.6463,0.763431625155072,2.2424000000000075,TP,0.08,0.0776,SHORT,19_flag_short_4H,trending,downtrend
0,8,40,2,50,3,9,XRPUSDT,2025-09-22 20:00:00,2.8325,2025-09-25 16:00:00,2.747525,28.24360105913504,2.2424000000000004,TP,0.08,0.0776,SHORT,19_flag_short_4H,trending,downtrend
0,8,40,2,50,3,9,AVAXUSDT,2025-09-25 16:00:00,30.259,2025-09-25 16:00:00,29.35123,2.643841501701973,2.242399999999998,TP,0.08,0.0776,SHORT,19_flag_short_4H,ranging,downtrend
0,8,40,2,50,3,9,BNBUSDT,2025-09-25 16:00:00,994.6,2025-09-25 16:00:00,964.762,0.0804343454655137,2.242400000000006,TP,0.08,0.0776,SHORT,19_flag_short_4H,ranging,downtrend
0,8,40,2,50,3,9,ETHUSDT,2025-09-25 16:00:00,4000.38,2025-09-25 16:00:00,3880.3686,0.0199981001804828,2.242400000000006,TP,0.08,0.0776,SHORT,19_flag_short_4H,ranging,downtrend
0,8,40,2,50,3,9,XRPUSDT,2025-09-25 16:00:00,2.8306,2025-09-25 16:00:00,2.745682,28.262559174733276,2.2424000000000013,TP,0.08,0.0776,SHORT,19_flag_short_4H,ranging,downtrend
0,8,40,2,50,3,9,BTCUSDT,2025-09-25 16:00:00,111536.3,2025-10-03 12:00:00,121574.567,0.0007172552792229,-7.367200000000005,SL,0.08,0.0872,SHORT,19_flag_short_4H,ranging,downtrend
0,8,40,2,50,3,9,NEARUSDT,2025-10-09 16:00:00,2.838,2025-10-10 04:00:00,3.0934200000000005,28.188865398167724,-7.367200000000012,SL,0.08,0.0872,SHORT,19_flag_short_4H,ranging,downtrend
0,8,40,2,50,3,9,TAOUSDT,2025-10-09 16:00:00,323.96,2025-10-10 04:00:00,353.1164,0.2469440671687862,-7.367200000000005,SL,0.08,0.0872,SHORT,19_flag_short_4H,ranging,downtrend
0,8,40,2,50,3,9,AAVEUSDT,2025-10-09 16:00:00,271.1,2025-10-10 12:00:00,262.96700000000004,0.2950940612320177,2.2423999999999946,TP,0.08,0.0776,SHORT,19_flag_short_4H,ranging,downtrend
0,8,40,2,50,3,9,ADAUSDT,2025-10-09 16:00:00,0.8041,2025-10-10 12:00:00,0.779977,99.49011317000372,2.2424000000000004,TP,0.08,0.0776,SHORT,19_flag_short_4H,ranging,downtrend
0,8,40,2,50,3,9,AVAXUSDT,2025-10-09 16:00:00,27.97,2025-10-10 12:00:00,27.1309,2.860207365033965,2.2424000000000057,TP,0.08,0.0776,SHORT,19_flag_short_4H,ranging,downtrend
0,8,40,2,50,3,9,DOGEUSDT,2025-10-09 16:00:00,0.24475,2025-10-10 12:00:00,0.2374075,326.8641470888662,2.242400000000001,TP,0.08,0.0776,SHORT,19_flag_short_4H,ranging,downtrend
0,8,40,2,50,3,9,ENAUSDT,2025-10-09 16:00:00,0.5418,2025-10-10 12:00:00,0.525546,147.65596160945,2.242399999999999,TP,0.08,0.0776,SHORT,19_flag_short_4H,ranging,downtrend
0,8,40,2,50,3,9,ETHUSDT,2025-10-09 16:00:00,4313.1,2025-10-10 12:00:00,4183.707,0.0185481440263383,2.2424000000000004,TP,0.08,0.0776,SHORT,19_flag_short_4H,ranging,downtrend
0,8,40,2,50,3,9,HBARUSDT,2025-10-09 16:00:00,0.2112,2025-10-10 12:00:00,0.204864,378.7878787878788,2.2424000000000035,TP,0.08,0.0776,SHORT,19_flag_short_4H,ranging,downtrend
0,8,40,2,50,3,9,PENGUUSDT,2025-10-09 16:00:00,0.030063,2025-10-10 12:00:00,0.0291611099999999,2661.07840202242,2.2424000000000066,TP,0.08,0.0776,SHORT,19_flag_short_4H,ranging,downtrend
0,8,40,2,50,3,9,SOLUSDT,2025-10-09 16:00:00,219.075,2025-10-10 12:00:00,212.50275,0.3651717448362433,2.242399999999999,TP,0.08,0.0776,SHORT,19_flag_short_4H,ranging,downtrend
0,8,40,2,50,3,9,XRPUSDT,2025-10-09 16:00:00,2.801,2025-10-10 12:00:00,2.71697,28.56122813280971,2.2424000000000075,TP,0.08,0.0776,SHORT,19_flag_short_4H,ranging,downtrend
0,8,40,2,50,3,9,ARBUSDT,2025-10-09 16:00:00,0.411,2025-10-10 16:00:00,0.3986699999999999,194.647201946472,2.2424000000000017,TP,0.08,0.0776,SHORT,19_flag_short_4H,ranging,downtrend
0,8,40,2,50,3,9,BCHUSDT,2025-10-09 16:00:00,575.82,2025-10-10 16:00:00,558.5454000000001,0.1389323052342745,2.2423999999999946,TP,0.08,0.0776,SHORT,19_flag_short_4H,ranging,downtrend
0,8,40,2,50,3,9,BTCUSDT,2025-10-09 16:00:00,121098.9,2025-10-10 16:00:00,117465.933,0.0006606170658858,2.242400000000003,TP,0.08,0.0776,SHORT,19_flag_short_4H,ranging,downtrend
0,8,40,2,50,3,9,DOTUSDT,2025-10-09 16:00:00,4.003,2025-10-10 16:00:00,3.88291,19.985011241568824,2.2424000000000053,TP,0.08,0.0776,SHORT,19_flag_short_4H,ranging,downtrend
0,8,40,2,50,3,9,FARTCOINUSDT,2025-10-09 16:00:00,0.6232,2025-10-10 16:00:00,0.6045039999999999,128.36970474967907,2.2424000000000057,TP,0.08,0.0776,SHORT,19_flag_short_4H,ranging,downtrend
0,8,40,2,50,3,9,LINKUSDT,2025-10-09 16:00:00,21.496,2025-10-10 16:00:00,20.85112,3.721622627465575,2.242400000000002,TP,0.08,0.0776,SHORT,19_flag_short_4H,ranging,downtrend
0,8,40,2,50,3,9,SUIUSDT,2025-10-09 16:00:00,3.3645,2025-10-10 16:00:00,3.263565,23.77767870411651,2.2424000000000053,TP,0.08,0.0776,SHORT,19_flag_short_4H,ranging,downtrend
0,8,40,2,50,3,9,HYPEUSDT,2025-10-09 16:00:00,43.224,2025-10-10 20:00:00,41.92728,1.8508236165093468,2.2424000000000013,TP,0.08,0.0776,SHORT,19_flag_short_4H,ranging,downtrend
0,8,40,2,50,3,9,AAVEUSDT,2025-10-10 20:00:00,257.92,2025-10-10 20:00:00,250.1824,0.3101736972704714,2.2424000000000044,TP,0.08,0.0776,SHORT,19_flag_short_4H,trending,downtrend
0,8,40,2,50,3,9,ADAUSDT,2025-10-10 20:00:00,0.7677,2025-10-10 20:00:00,0.744669,104.20737267161653,2.242400000000002,TP,0.08,0.0776,SHORT,19_flag_short_4H,trending,downtrend
0,8,40,2,50,3,9,APTUSDT,2025-10-10 20:00:00,4.7703,2025-10-10 20:00:00,4.627191,16.770433725342222,2.242399999999999,TP,0.08,0.0776,SHORT,19_flag_short_4H,trending,downtrend
0,8,40,2,50,3,9,ARBUSDT,2025-10-10 20:00:00,0.3922,2025-10-10 20:00:00,0.380434,203.9775624681285,2.2423999999999995,TP,0.08,0.0776,SHORT,19_flag_short_4H,trending,downtrend
0,8,40,2,50,3,9,AVAXUSDT,2025-10-10 20:00:00,26.442,2025-10-10 20:00:00,25.64874,3.025489751153468,2.2424,TP,0.08,0.0776,SHORT,19_flag_short_4H,trending,downtrend
0,8,40,2,50,3,9,BCHUSDT,2025-10-10 20:00:00,559.74,2025-10-10 20:00:00,542.9478,0.1429235001965198,2.2423999999999973,TP,0.08,0.0776,SHORT,19_flag_short_4H,trending,downtrend
0,8,40,2,50,3,9,BTCUSDT,2025-10-10 20:00:00,116607.3,2025-10-10 20:00:00,113109.081,0.0006860633939727,2.242399999999998,TP,0.08,0.0776,SHORT,19_flag_short_4H,trending,downtrend
0,8,40,2,50,3,9,DOGEUSDT,2025-10-10 20:00:00,0.23171,2025-10-10 20:00:00,0.2247587,345.25916015709294,2.2423999999999977,TP,0.08,0.0776,SHORT,19_flag_short_4H,trending,downtrend
0,8,40,2,50,3,9,DOTUSDT,2025-10-10 20:00:00,3.928,2025-10-10 20:00:00,3.81016,20.366598778004075,2.2424000000000035,TP,0.08,0.0776,SHORT,19_flag_short_4H,trending,downtrend
0,8,40,2,50,3,9,ENAUSDT,2025-10-10 20:00:00,0.5095,2025-10-10 20:00:00,0.4942149999999999,157.01668302257116,2.242399999999999,TP,0.08,0.0776,SHORT,19_flag_short_4H,trending,downtrend
0,8,40,2,50,3,9,ETHUSDT,2025-10-10 20:00:00,3995.0,2025-10-10 20:00:00,3875.15,0.0200250312891113,2.242399999999998,TP,0.08,0.0776,SHORT,19_flag_short_4H,trending,downtrend
0,8,40,2,50,3,9,FARTCOINUSDT,2025-10-10 20:00:00,0.5868,2025-10-10 20:00:00,0.5691959999999999,136.332651670075,2.242400000000009,TP,0.08,0.0776,SHORT,19_flag_short_4H,trending,downtrend
0,8,40,2,50,3,9,HBARUSDT,2025-10-10 20:00:00,0.20237,2025-10-10 20:00:00,0.1962989,395.3155111923704,2.2423999999999986,TP,0.08,0.0776,SHORT,19_flag_short_4H,trending,downtrend
0,8,40,2,50,3,9,HYPEUSDT,2025-10-10 20:00:00,42.854,2025-10-10 20:00:00,41.56838,1.8668035655948103,2.242400000000003,TP,0.08,0.0776,SHORT,19_flag_short_4H,trending,downtrend
0,8,40,2,50,3,9,LINKUSDT,2025-10-10 20:00:00,20.486,2025-10-10 20:00:00,19.87142,3.905105925998243,2.2424000000000004,TP,0.08,0.0776,SHORT,19_flag_short_4H,trending,downtrend
0,8,40,2,50,3,9,NEARUSDT,2025-10-10 20:00:00,2.964,2025-10-10 20:00:00,2.87508,26.99055330634278,2.242399999999997,TP,0.08,0.0776,SHORT,19_flag_short_4H,trending,downtrend
0,8,40,2,50,3,9,PENGUUSDT,2025-10-10 20:00:00,0.027902,2025-10-10 20:00:00,0.02706494,2867.177980073113,2.2424000000000017,TP,0.08,0.0776,SHORT,19_flag_short_4H,trending,downtrend
0,8,40,2,50,3,9,SOLUSDT,2025-10-10 20:00:00,205.296,2025-10-10 20:00:00,199.13712,0.3896812407450705,2.2424000000000044,TP,0.08,0.0776,SHORT,19_flag_short_4H,trending,downtrend
0,8,40,2,50,3,9,SUIUSDT,2025-10-10 20:00:00,3.2382,2025-10-10 20:00:00,3.141054,24.705083070841827,2.242399999999999,TP,0.08,0.0776,SHORT,19_flag_short_4H,trending,downtrend
0,8,40,2,50,3,9,XRPUSDT,2025-10-10 20:00:00,2.6752,2025-10-10 20:00:00,2.594944,29.90430622009569,2.2423999999999964,TP,0.08,0.0776,SHORT,19_flag_short_4H,trending,downtrend
0,8,40,2,50,3,9,ENAUSDT,2025-10-11 12:00:00,0.4198,2025-10-11 12:00:00,0.407206,190.56693663649355,2.2423999999999986,TP,0.08,0.0776,SHORT,19_flag_short_4H,trending,downtrend
0,8,40,2,50,3,9,BTCUSDT,2025-10-11 12:00:00,112224.2,2025-10-16 12:00:00,108857.474,0.0007128587238759,2.242400000000007,TP,0.08,0.0776,SHORT,19_flag_short_4H,trending,downtrend
0,8,40,2,50,3,9,BNBUSDT,2025-10-16 12:00:00,1181.47,2025-10-16 12:00:00,1146.0259,0.0677122567648776,2.2423999999999955,TP,0.08,0.0776,SHORT,19_flag_short_4H,ranging,downtrend
0,8,40,2,50,3,9,BTCUSDT,2025-10-16 12:00:00,111362.7,2025-10-16 16:00:00,108021.819,0.0007183733871395,2.242400000000006,TP,0.08,0.0776,SHORT,19_flag_short_4H,ranging,downtrend
0,8,40,2,50,3,9,ENAUSDT,2025-10-16 16:00:00,0.4106,2025-10-16 16:00:00,0.398282,194.8368241597662,2.242399999999999,TP,0.08,0.0776,SHORT,19_flag_short_4H,ranging,downtrend
0,8,40,2,50,3,9,PENGUUSDT,2025-10-16 16:00:00,0.022532,2025-10-16 16:00:00,0.02185604,3550.5059470974616,2.2423999999999995,TP,0.08,0.0776,SHORT,19_flag_short_4H,ranging,downtrend
0,8,40,2,50,3,9,AAVEUSDT,2025-10-16 16:00:00,235.78,2025-10-16 20:00:00,228.7066,0.3392993468487573,2.2423999999999973,TP,0.08,0.0776,SHORT,19_flag_short_4H,ranging,downtrend
0,8,40,2,50,3,9,APTUSDT,2025-10-16 16:00:00,3.3597,2025-10-16 20:00:00,3.258909,23.81164984968896,2.2424000000000017,TP,0.08,0.0776,SHORT,19_flag_short_4H,ranging,downtrend
0,8,40,2,50,3,9,DOTUSDT,2025-10-16 16:00:00,3.054,2025-10-16 20:00:00,2.96238,26.195153896529145,2.2424000000000066,TP,0.08,0.0776,SHORT,19_flag_short_4H,ranging,downtrend
0,8,40,2,50,3,9,HBARUSDT,2025-10-16 16:00:00,0.17431,2025-10-16 20:00:00,0.1690807,458.9524410532959,2.242399999999997,TP,0.08,0.0776,SHORT,19_flag_short_4H,ranging,downtrend
0,8,40,2,50,3,9,LINKUSDT,2025-10-16 16:00:00,17.655,2025-10-16 20:00:00,17.12535,4.531294250920419,2.2424000000000004,TP,0.08,0.0776,SHORT,19_flag_short_4H,ranging,downtrend
0,8,40,2,50,3,9,NEARUSDT,2025-10-16 16:00:00,2.248,2025-10-16 20:00:00,2.1805600000000003,35.58718861209964,2.2423999999999977,TP,0.08,0.0776,SHORT,19_flag_short_4H,ranging,downtrend
0,8,40,2,50,3,9,SUIUSDT,2025-10-16 16:00:00,2.5892,2025-10-16 20:00:00,2.511524,30.89757454039858,2.2423999999999955,TP,0.08,0.0776,SHORT,19_flag_short_4H,ranging,downtrend
0,8,40,2,50,3,9,XRPUSDT,2025-10-16 16:00:00,2.3541,2025-10-16 20:00:00,2.283477,33.9832632428529,2.2423999999999964,TP,0.08,0.0776,SHORT,19_flag_short_4H,ranging,downtrend
0,8,40,2,50,3,9,ADAUSDT,2025-10-16 16:00:00,0.6517,2025-10-17 04:00:00,0.632149,122.75586926499923,2.2423999999999986,TP,0.08,0.0776,SHORT,19_flag_short_4H,ranging,downtrend
0,8,40,2,50,3,9,ARBUSDT,2025-10-16 16:00:00,0.318,2025-10-17 04:00:00,0.30846,251.57232704402517,2.242399999999998,TP,0.08,0.0776,SHORT,19_flag_short_4H,ranging,downtrend
0,8,40,2,50,3,9,AVAXUSDT,2025-10-16 16:00:00,21.131,2025-10-17 04:00:00,20.49707,3.785906961336425,2.2423999999999977,TP,0.08,0.0776,SHORT,19_flag_short_4H,ranging,downtrend
0,8,40,2,50,3,9,BCHUSDT,2025-10-16 16:00:00,510.51,2025-10-17 04:00:00,495.1947,0.1567060390589802,2.2424000000000057,TP,0.08,0.0776,SHORT,19_flag_short_4H,ranging,downtrend
0,8,40,2,50,3,9,BNBUSDT,2025-10-16 16:00:00,1135.24,2025-10-17 04:00:00,1101.1828,0.0704696804199992,2.2423999999999977,TP,0.08,0.0776,SHORT,19_flag_short_4H,ranging,downtrend
0,8,40,2,50,3,9,DOGEUSDT,2025-10-16 16:00:00,0.18931,2025-10-17 04:00:00,0.1836307,422.58729068723255,2.242399999999999,TP,0.08,0.0776,SHORT,19_flag_short_4H,ranging,downtrend
0,8,40,2,50,3,9,ETHUSDT,2025-10-16 16:00:00,3905.23,2025-10-17 04:00:00,3788.0731,0.0204853491343659,2.242399999999999,TP,0.08,0.0776,SHORT,19_flag_short_4H,ranging,downtrend
0,8,40,2,50,3,9,FARTCOINUSDT,2025-10-16 16:00:00,0.3753,2025-10-17 04:00:00,0.364041,213.16280309086065,2.242400000000004,TP,0.08,0.0776,SHORT,19_flag_short_4H,ranging,downtrend
0,8,40,2,50,3,9,HYPEUSDT,2025-10-16 16:00:00,36.997,2025-10-17 04:00:00,35.88709,2.162337486823256,2.2423999999999986,TP,0.08,0.0776,SHORT,19_flag_short_4H,ranging,downtrend
0,8,40,2,50,3,9,LTCUSDT,2025-10-16 16:00:00,91.74,2025-10-17 04:00:00,88.9878,0.8720296490080663,2.242400000000002,TP,0.08,0.0776,SHORT,19_flag_short_4H,ranging,downtrend
0,8,40,2,50,3,9,SOLUSDT,2025-10-16 16:00:00,187.706,2025-10-17 04:00:00,182.07482,0.4261984166728821,2.2424000000000004,TP,0.08,0.0776,SHORT,19_flag_short_4H,ranging,downtrend
0,8,40,2,50,3,9,BTCUSDT,2025-10-16 16:00:00,108486.0,2025-10-17 08:00:00,105231.42,0.0007374223402097,2.2424000000000013,TP,0.08,0.0776,SHORT,19_flag_short_4H,ranging,downtrend
0,8,40,2,50,3,9,BCHUSDT,2025-10-17 08:00:00,478.65,2025-10-17 08:00:00,464.2905,0.1671367387443852,2.2424000000000044,TP,0.08,0.0776,SHORT,19_flag_short_4H,trending,downtrend
0,8,40,2,50,3,9,BNBUSDT,2025-10-17 08:00:00,1062.3,2025-10-17 08:00:00,1030.431,0.0753082933258025,2.2423999999999937,TP,0.08,0.0776,SHORT,19_flag_short_4H,trending,downtrend
0,8,40,2,50,3,9,ENAUSDT,2025-10-17 08:00:00,0.3838,2025-10-17 08:00:00,0.418342,208.44189682126108,-7.367200000000004,SL,0.08,0.0872,SHORT,19_flag_short_4H,trending,downtrend
0,8,40,2,50,3,9,LINKUSDT,2025-10-17 08:00:00,16.195,2025-10-17 08:00:00,15.70915,4.939796233405372,2.242400000000005,TP,0.08,0.0776,SHORT,19_flag_short_4H,trending,downtrend
0,8,40,2,50,3,9,SUIUSDT,2025-10-17 08:00:00,2.3632,2025-10-17 08:00:00,2.292304,33.852403520649965,2.2423999999999946,TP,0.08,0.0776,SHORT,19_flag_short_4H,trending,downtrend
0,8,40,2,50,3,9,AAVEUSDT,2025-10-17 08:00:00,208.49,2025-10-17 12:00:00,202.2353,0.3837114489903592,2.2424000000000053,TP,0.08,0.0776,SHORT,19_flag_short_4H,trending,downtrend
0,8,40,2,50,3,9,TAOUSDT,2025-10-17 08:00:00,346.9,2025-10-17 16:00:00,378.121,0.2306140098010954,-7.367200000000001,SL,0.08,0.0872,SHORT,19_flag_short_4H,trending,downtrend
0,8,40,2,50,3,9,HYPEUSDT,2025-10-17 08:00:00,33.677,2025-10-18 20:00:00,36.707930000000005,2.3755085072898416,-7.367200000000012,SL,0.08,0.0872,SHORT,19_flag_short_4H,trending,downtrend
0,8,40,2,50,3,9,DOGEUSDT,2025-10-17 08:00:00,0.1785,2025-10-19 08:00:00,0.194565,448.1792717086835,-7.367200000000011,SL,0.08,0.0872,SHORT,19_flag_short_4H,trending,downtrend
0,8,40,2,50,3,9,FARTCOINUSDT,2025-10-17 08:00:00,0.346,2025-10-19 08:00:00,0.37714,231.21387283237,-7.367200000000001,SL,0.08,0.0872,SHORT,19_flag_short_4H,trending,downtrend
0,8,40,2,50,3,9,LTCUSDT,2025-10-17 08:00:00,85.18,2025-10-19 08:00:00,92.8462,0.939187602723644,-7.367200000000003,SL,0.08,0.0872,SHORT,19_flag_short_4H,trending,downtrend
0,8,40,2,50,3,9,PENGUUSDT,2025-10-17 08:00:00,0.020397,2025-10-19 08:00:00,0.02223273,3922.1454135412073,-7.367200000000003,SL,0.08,0.0872,SHORT,19_flag_short_4H,trending,downtrend
0,8,40,2,50,3,9,ARBUSDT,2025-10-17 08:00:00,0.2933,2025-10-19 12:00:00,0.319697,272.75826798499827,-7.3672,SL,0.08,0.0871999999999999,SHORT,19_flag_short_4H,trending,downtrend
0,8,40,2,50,3,9,NEARUSDT,2025-10-17 08:00:00,2.092,2025-10-19 12:00:00,2.2802800000000003,38.24091778202677,-7.367200000000009,SL,0.08,0.0872,SHORT,19_flag_short_4H,trending,downtrend
0,8,40,2,50,3,9,ADAUSDT,2025-10-17 08:00:00,0.6088,2025-10-19 16:00:00,0.6635920000000001,131.4060446780552,-7.367200000000008,SL,0.08,0.0872,SHORT,19_flag_short_4H,trending,downtrend
0,8,40,2,50,3,9,HBARUSDT,2025-10-17 08:00:00,0.15933,2025-10-20 00:00:00,0.1736697,502.1025544467457,-7.367200000000006,SL,0.08,0.0872,SHORT,19_flag_short_4H,trending,downtrend
0,8,40,2,50,3,9,XRPUSDT,2025-10-17 08:00:00,2.2371,2025-10-20 00:00:00,2.438439,35.76058289750123,-7.367200000000014,SL,0.08,0.0872,SHORT,19_flag_short_4H,trending,downtrend
0,8,40,2,50,3,9,APTUSDT,2025-10-17 08:00:00,3.0256,2025-10-20 04:00:00,3.297904,26.44103648863036,-7.367200000000003,SL,0.08,0.0872,SHORT,19_flag_short_4H,trending,downtrend
0,8,40,2,50,3,9,AVAXUSDT,2025-10-17 08:00:00,19.38,2025-10-20 04:00:00,21.1242,4.12796697626419,-7.367200000000013,SL,0.08,0.0872,SHORT,19_flag_short_4H,trending,downtrend
0,8,40,2,50,3,9,DOTUSDT,2025-10-17 08:00:00,2.817,2025-10-20 04:00:00,3.07053,28.39900603478878,-7.3672,SL,0.08,0.0872,SHORT,19_flag_short_4H,trending,downtrend
0,8,40,2,50,3,9,SOLUSDT,2025-10-17 08:00:00,177.8,2025-10-20 04:00:00,193.802,0.4499437570303711,-7.367200000000004,SL,0.08,0.0872,SHORT,19_flag_short_4H,trending,downtrend
0,8,40,2,50,3,9,ETHUSDT,2025-10-17 08:00:00,3754.44,2025-10-21 16:00:00,4092.3396,0.0213081045375608,-7.367200000000005,SL,0.08,0.0872,SHORT,19_flag_short_4H,trending,downtrend
0,8,40,2,50,3,9,BTCUSDT,2025-10-17 08:00:00,105590.3,2025-10-25 16:00:00,111584.5,0.0007576453518931,-4.70601924608605,SELL_AFTER,0.08,0.0845414777683177,SHORT,19_flag_short_4H,trending,downtrend
0,8,40,2,50,3,9,AAVEUSDT,2025-10-30 12:00:00,222.95,2025-10-30 12:00:00,216.2615,0.358824848620767,2.242400000000002,TP,0.08,0.0776,SHORT,19_flag_short_4H,trending,downtrend
0,8,40,2,50,3,9,ADAUSDT,2025-10-30 12:00:00,0.6288,2025-10-30 12:00:00,0.609936,127.22646310432567,2.2423999999999986,TP,0.08,0.0776,SHORT,19_flag_short_4H,trending,downtrend
0,8,40,2,50,3,9,ARBUSDT,2025-10-30 12:00:00,0.3073,2025-10-30 12:00:00,0.298081,260.33192320208263,2.2424000000000084,TP,0.08,0.0776,SHORT,19_flag_short_4H,trending,downtrend
0,8,40,2,50,3,9,AVAXUSDT,2025-10-30 12:00:00,19.223,2025-10-30 12:00:00,18.64631,4.1616813192529785,2.2423999999999973,TP,0.08,0.0776,SHORT,19_flag_short_4H,trending,downtrend
0,8,40,2,50,3,9,DOGEUSDT,2025-10-30 12:00:00,0.18782,2025-10-30 12:00:00,0.1821853999999999,425.93972952827176,2.2424000000000075,TP,0.08,0.0776,SHORT,19_flag_short_4H,trending,downtrend
0,8,40,2,50,3,9,DOTUSDT,2025-10-30 12:00:00,2.994,2025-10-30 12:00:00,2.90418,26.72010688042752,2.2424,TP,0.08,0.0776,SHORT,19_flag_short_4H,trending,downtrend
0,8,40,2,50,3,9,ENAUSDT,2025-10-30 12:00:00,0.4172,2025-10-30 12:00:00,0.404684,191.75455417066155,2.2424000000000053,TP,0.08,0.0776,SHORT,19_flag_short_4H,trending,downtrend
0,8,40,2,50,3,9,ETHUSDT,2025-10-30 12:00:00,3879.27,2025-10-30 12:00:00,3762.8919,0.0206224366955638,2.242399999999998,TP,0.08,0.0776,SHORT,19_flag_short_4H,trending,downtrend
0,8,40,2,50,3,9,FARTCOINUSDT,2025-10-30 12:00:00,0.3588,2025-10-30 12:00:00,0.348036,222.9654403567447,2.242399999999999,TP,0.08,0.0776,SHORT,19_flag_short_4H,trending,downtrend
0,8,40,2,50,3,9,LINKUSDT,2025-10-30 12:00:00,17.653,2025-10-30 12:00:00,17.12341,4.531807624766329,2.242399999999995,TP,0.08,0.0776,SHORT,19_flag_short_4H,trending,downtrend
0,8,40,2,50,3,9,LTCUSDT,2025-10-30 12:00:00,96.63,2025-10-30 12:00:00,93.7311,0.8279002380213185,2.242399999999998,TP,0.08,0.0776,SHORT,19_flag_short_4H,trending,downtrend
0,8,40,2,50,3,9,NEARUSDT,2025-10-30 12:00:00,2.19,2025-10-30 12:00:00,2.1243,36.529680365296805,2.2424000000000035,TP,0.08,0.0776,SHORT,19_flag_short_4H,trending,downtrend
0,8,40,2,50,3,9,PENGUUSDT,2025-10-30 12:00:00,0.020125,2025-10-30 12:00:00,0.01952125,3975.1552795031057,2.2424000000000004,TP,0.08,0.0776,SHORT,19_flag_short_4H,trending,downtrend
0,8,40,2,50,3,9,SOLUSDT,2025-10-30 12:00:00,191.814,2025-10-30 12:00:00,186.05958,0.4170707039110805,2.2424000000000044,TP,0.08,0.0776,SHORT,19_flag_short_4H,trending,downtrend
0,8,40,2,50,3,9,SUIUSDT,2025-10-30 12:00:00,2.4309,2025-10-30 12:00:00,2.357973,32.90962195071784,2.242399999999999,TP,0.08,0.0776,SHORT,19_flag_short_4H,trending,downtrend
0,8,40,2,50,3,9,BTCUSDT,2025-10-30 12:00:00,109669.9,2025-10-30 16:00:00,106379.803,0.000729461775747,2.2424000000000066,TP,0.08,0.0776,SHORT,19_flag_short_4H,trending,downtrend
0,8,40,2,50,3,9,APTUSDT,2025-10-30 16:00:00,3.1895,2025-10-30 16:00:00,3.093815,25.082301301144383,2.242400000000001,TP,0.08,0.0776,SHORT,19_flag_short_4H,trending,downtrend
0,8,40,2,50,3,9,ARBUSDT,2025-10-30 16:00:00,0.2911,2025-10-30 16:00:00,0.282367,274.81964960494673,2.2423999999999973,TP,0.08,0.0776,SHORT,19_flag_short_4H,trending,downtrend
0,8,40,2,50,3,9,AVAXUSDT,2025-10-30 16:00:00,18.216,2025-10-30 16:00:00,17.669520000000002,4.391743522178304,2.242399999999995,TP,0.08,0.0776,SHORT,19_flag_short_4H,trending,downtrend
0,8,40,2,50,3,9,ENAUSDT,2025-10-30 16:00:00,0.3984,2025-10-30 16:00:00,0.3864479999999999,200.80321285140565,2.242400000000004,TP,0.08,0.0776,SHORT,19_flag_short_4H,trending,downtrend
0,8,40,2,50,3,9,FARTCOINUSDT,2025-10-30 16:00:00,0.3409,2025-10-30 16:00:00,0.330673,234.67292461132297,2.242399999999997,TP,0.08,0.0776,SHORT,19_flag_short_4H,trending,downtrend
0,8,40,2,50,3,9,LINKUSDT,2025-10-30 16:00:00,16.898,2025-10-30 16:00:00,16.39106,4.734288081429755,2.242400000000001,TP,0.08,0.0776,SHORT,19_flag_short_4H,trending,downtrend
0,8,40,2,50,3,9,NEARUSDT,2025-10-30 16:00:00,2.093,2025-10-30 16:00:00,2.03021,38.22264691829909,2.242400000000005,TP,0.08,0.0776,SHORT,19_flag_short_4H,trending,downtrend
0,8,40,2,50,3,9,PENGUUSDT,2025-10-30 16:00:00,0.018723,2025-10-30 16:00:00,0.01816131,4272.819526785237,2.2424000000000004,TP,0.08,0.0776,SHORT,19_flag_short_4H,trending,downtrend
0,8,40,2,50,3,9,SOLUSDT,2025-10-30 16:00:00,185.026,2025-10-30 16:00:00,179.47522,0.4323716666846821,2.2424000000000013,TP,0.08,0.0776,SHORT,19_flag_short_4H,trending,downtrend
0,8,40,2,50,3,9,SUIUSDT,2025-10-30 16:00:00,2.2863,2025-10-30 16:00:00,2.217711,34.99103354765341,2.242400000000008,TP,0.08,0.0776,SHORT,19_flag_short_4H,trending,downtrend
0,8,40,2,50,3,9,XRPUSDT,2025-10-30 16:00:00,2.4528,2025-10-30 16:00:00,2.379216,32.615786040443574,2.242399999999996,TP,0.08,0.0776,SHORT,19_flag_short_4H,trending,downtrend
0,8,40,2,50,3,9,BNBUSDT,2025-10-30 16:00:00,1076.34,2025-10-30 20:00:00,1044.0498,0.0743259564821524,2.2423999999999937,TP,0.08,0.0776,SHORT,19_flag_short_4H,trending,downtrend
0,8,40,2,50,3,9,AAVEUSDT,2025-10-30 16:00:00,212.8,2025-10-31 16:00:00,231.95200000000003,0.3759398496240601,-7.367200000000006,SL,0.08,0.0872,SHORT,19_flag_short_4H,trending,downtrend
0,8,40,2,50,3,9,LTCUSDT,2025-10-30 16:00:00,92.1,2025-11-01 20:00:00,100.389,0.8686210640608035,-7.367200000000002,SL,0.08,0.0872,SHORT,19_flag_short_4H,trending,downtrend
0,8,40,2,50,3,9,ADAUSDT,2025-10-30 16:00:00,0.6027,2025-11-03 00:00:00,0.584619,132.7360212377634,2.2424000000000017,TP,0.08,0.0776,SHORT,19_flag_short_4H,trending,downtrend
0,8,40,2,50,3,9,DOGEUSDT,2025-10-30 16:00:00,0.18061,2025-11-03 00:00:00,0.1751916999999999,442.9433586180168,2.2424000000000066,TP,0.08,0.0776,SHORT,19_flag_short_4H,trending,downtrend
0,8,40,2,50,3,9,DOTUSDT,2025-10-30 16:00:00,2.858,2025-11-03 04:00:00,2.77226,27.991602519244225,2.2423999999999977,TP,0.08,0.0776,SHORT,19_flag_short_4H,trending,downtrend
0,8,40,2,50,3,9,ETHUSDT,2025-10-30 16:00:00,3772.17,2025-11-03 12:00:00,3659.0049,0.0212079519215729,2.2424000000000035,TP,0.08,0.0776,SHORT,19_flag_short_4H,trending,downtrend
0,8,40,2,50,3,9,BTCUSDT,2025-10-30 16:00:00,107674.6,2025-11-04 04:00:00,104444.362,0.0007429793098836,2.242399999999998,TP,0.08,0.0776,SHORT,19_flag_short_4H,trending,downtrend
0,8,40,2,50,3,9,BCHUSDT,2025-11-04 04:00:00,510.18,2025-11-04 04:00:00,494.8746,0.1568074013093418,2.242400000000003,TP,0.08,0.0776,SHORT,19_flag_short_4H,ranging,downtrend
0,8,40,2,50,3,9,TAOUSDT,2025-11-04 04:00:00,445.21,2025-11-04 04:00:00,431.8537,0.1796904831427865,2.242400000000006,TP,0.08,0.0776,SHORT,19_flag_short_4H,ranging,downtrend
0,8,40,2,50,3,9,BTCUSDT,2025-11-04 04:00:00,107098.0,2025-11-04 08:00:00,103885.06,0.0007469794020429,2.2424000000000017,TP,0.08,0.0776,SHORT,19_flag_short_4H,ranging,downtrend
0,8,40,2,50,3,9,TAOUSDT,2025-11-04 08:00:00,427.97,2025-11-04 12:00:00,415.1309,0.1869289903497908,2.2424000000000053,TP,0.08,0.0776,SHORT,19_flag_short_4H,trending,downtrend
0,8,40,2,50,3,9,AAVEUSDT,2025-11-04 08:00:00,193.5,2025-11-04 16:00:00,187.695,0.4134366925064599,2.2424000000000026,TP,0.08,0.0776,SHORT,19_flag_short_4H,trending,downtrend
0,8,40,2,50,3,9,ADAUSDT,2025-11-04 08:00:00,0.534,2025-11-04 16:00:00,0.51798,149.812734082397,2.242400000000005,TP,0.08,0.0776,SHORT,19_flag_short_4H,trending,downtrend
0,8,40,2,50,3,9,APTUSDT,2025-11-04 08:00:00,2.6427,2025-11-04 16:00:00,2.563419,30.27207023120293,2.242399999999998,TP,0.08,0.0776,SHORT,19_flag_short_4H,trending,downtrend
0,8,40,2,50,3,9,ARBUSDT,2025-11-04 08:00:00,0.2555,2025-11-04 16:00:00,0.247835,313.1115459882583,2.2424000000000013,TP,0.08,0.0776,SHORT,19_flag_short_4H,trending,downtrend
0,8,40,2,50,3,9,AVAXUSDT,2025-11-04 08:00:00,16.15,2025-11-04 16:00:00,15.665499999999998,4.953560371517028,2.242400000000003,TP,0.08,0.0776,SHORT,19_flag_short_4H,trending,downtrend
0,8,40,2,50,3,9,BCHUSDT,2025-11-04 08:00:00,493.91,2025-11-04 16:00:00,479.0927,0.1619728290579255,2.242399999999998,TP,0.08,0.0776,SHORT,19_flag_short_4H,trending,downtrend
0,8,40,2,50,3,9,BNBUSDT,2025-11-04 08:00:00,944.46,2025-11-04 16:00:00,916.1262,0.0847044872202104,2.2423999999999995,TP,0.08,0.0776,SHORT,19_flag_short_4H,trending,downtrend
0,8,40,2,50,3,9,BTCUSDT,2025-11-04 08:00:00,104436.1,2025-11-04 16:00:00,101303.017,0.0007660186468089,2.2423999999999986,TP,0.08,0.0776,SHORT,19_flag_short_4H,trending,downtrend
0,8,40,2,50,3,9,DOGEUSDT,2025-11-04 08:00:00,0.16187,2025-11-04 16:00:00,0.1570139,494.2237598072527,2.242400000000001,TP,0.08,0.0776,SHORT,19_flag_short_4H,trending,downtrend
0,8,40,2,50,3,9,DOTUSDT,2025-11-04 08:00:00,2.53,2025-11-04 16:00:00,2.4541,31.6205533596838,2.2423999999999955,TP,0.08,0.0776,SHORT,19_flag_short_4H,trending,downtrend
0,8,40,2,50,3,9,ENAUSDT,2025-11-04 08:00:00,0.3235,2025-11-04 16:00:00,0.313795,247.2952086553323,2.242400000000005,TP,0.08,0.0776,SHORT,19_flag_short_4H,trending,downtrend
0,8,40,2,50,3,9,ETHUSDT,2025-11-04 08:00:00,3492.31,2025-11-04 16:00:00,3387.5407,0.0229074738496868,2.2423999999999986,TP,0.08,0.0776,SHORT,19_flag_short_4H,trending,downtrend
0,8,40,2,50,3,9,HBARUSDT,2025-11-04 08:00:00,0.1708,2025-11-04 16:00:00,0.165676,468.384074941452,2.242400000000008,TP,0.08,0.0776,SHORT,19_flag_short_4H,trending,downtrend
0,8,40,2,50,3,9,LINKUSDT,2025-11-04 08:00:00,14.625,2025-11-04 16:00:00,14.18625,5.47008547008547,2.2424000000000035,TP,0.08,0.0776,SHORT,19_flag_short_4H,trending,downtrend
0,8,40,2,50,3,9,LTCUSDT,2025-11-04 08:00:00,86.14,2025-11-04 16:00:00,83.5558,0.9287206872533086,2.242399999999996,TP,0.08,0.0776,SHORT,19_flag_short_4H,trending,downtrend
0,8,40,2,50,3,9,NEARUSDT,2025-11-04 08:00:00,1.838,2025-11-04 16:00:00,1.78286,43.52557127312296,2.2423999999999986,TP,0.08,0.0776,SHORT,19_flag_short_4H,trending,downtrend
0,8,40,2,50,3,9,PENGUUSDT,2025-11-04 08:00:00,0.014599,2025-11-04 16:00:00,0.01416103,5479.827385437358,2.2424000000000057,TP,0.08,0.0776,SHORT,19_flag_short_4H,trending,downtrend
0,8,40,2,50,3,9,SOLUSDT,2025-11-04 08:00:00,157.0,2025-11-04 16:00:00,152.29,0.5095541401273885,2.242400000000004,TP,0.08,0.0776,SHORT,19_flag_short_4H,trending,downtrend
0,8,40,2,50,3,9,SUIUSDT,2025-11-04 08:00:00,1.9891,2025-11-04 16:00:00,1.929427,40.21919461062792,2.2424000000000035,TP,0.08,0.0776,SHORT,19_flag_short_4H,trending,downtrend
0,8,40,2,50,3,9,XRPUSDT,2025-11-04 08:00:00,2.2421,2025-11-04 16:00:00,2.174837,35.6808349315374,2.2424000000000026,TP,0.08,0.0776,SHORT,19_flag_short_4H,trending,downtrend
0,8,40,2,50,3,9,FARTCOINUSDT,2025-11-04 08:00:00,0.2395,2025-11-04 20:00:00,0.261055,334.0292275574113,-7.367199999999997,SL,0.08,0.0871999999999999,SHORT,19_flag_short_4H,trending,downtrend
0,8,40,2,50,3,9,AAVEUSDT,2025-11-04 20:00:00,185.95,2025-11-04 20:00:00,180.3715,0.4302231782737295,2.2423999999999964,TP,0.08,0.0776,SHORT,19_flag_short_4H,trending,downtrend
0,8,40,2,50,3,9,ADAUSDT,2025-11-04 20:00:00,0.5139,2025-11-04 20:00:00,0.498483,155.67230978789647,2.242400000000002,TP,0.08,0.0776,SHORT,19_flag_short_4H,trending,downtrend
0,8,40,2,50,3,9,APTUSDT,2025-11-04 20:00:00,2.5488,2025-11-04 20:00:00,2.472336,31.387319522912744,2.242400000000003,TP,0.08,0.0776,SHORT,19_flag_short_4H,trending,downtrend
0,8,40,2,50,3,9,ARBUSDT,2025-11-04 20:00:00,0.2481,2025-11-04 20:00:00,0.2406569999999999,322.4506247480855,2.242400000000002,TP,0.08,0.0776,SHORT,19_flag_short_4H,trending,downtrend
0,8,40,2,50,3,9,AVAXUSDT,2025-11-04 20:00:00,15.586,2025-11-04 20:00:00,15.11842,5.132811497497754,2.2423999999999995,TP,0.08,0.0776,SHORT,19_flag_short_4H,trending,downtrend
0,8,40,2,50,3,9,BCHUSDT,2025-11-04 20:00:00,474.68,2025-11-04 20:00:00,460.4396,0.1685345917249515,2.242400000000004,TP,0.08,0.0776,SHORT,19_flag_short_4H,trending,downtrend
0,8,40,2,50,3,9,BNBUSDT,2025-11-04 20:00:00,919.53,2025-11-04 20:00:00,891.9440999999999,0.0870009678857677,2.2424000000000035,TP,0.08,0.0776,SHORT,19_flag_short_4H,trending,downtrend
0,8,40,2,50,3,9,DOTUSDT,2025-11-04 20:00:00,2.454,2025-11-04 20:00:00,2.38038,32.59983700081499,2.2424000000000004,TP,0.08,0.0776,SHORT,19_flag_short_4H,trending,downtrend
0,8,40,2,50,3,9,ENAUSDT,2025-11-04 20:00:00,0.3138,2025-11-04 20:00:00,0.304386,254.93945188017844,2.2424000000000084,TP,0.08,0.0776,SHORT,19_flag_short_4H,trending,downtrend
0,8,40,2,50,3,9,ETHUSDT,2025-11-04 20:00:00,3229.18,2025-11-04 20:00:00,3132.3046,0.0247740912553651,2.2423999999999977,TP,0.08,0.0776,SHORT,19_flag_short_4H,trending,downtrend
0,8,40,2,50,3,9,HBARUSDT,2025-11-04 20:00:00,0.16421,2025-11-04 20:00:00,0.1592837,487.18104865720727,2.2423999999999977,TP,0.08,0.0776,SHORT,19_flag_short_4H,trending,downtrend
0,8,40,2,50,3,9,LINKUSDT,2025-11-04 20:00:00,14.284,2025-11-04 20:00:00,13.85548,5.6006720806496775,2.2424000000000035,TP,0.08,0.0776,SHORT,19_flag_short_4H,trending,downtrend
0,8,40,2,50,3,9,LTCUSDT,2025-11-04 20:00:00,83.43,2025-11-04 20:00:00,80.92710000000001,0.958887690279276,2.242399999999997,TP,0.08,0.0776,SHORT,19_flag_short_4H,trending,downtrend
0,8,40,2,50,3,9,NEARUSDT,2025-11-04 20:00:00,1.795,2025-11-04 20:00:00,1.74115,44.56824512534819,2.242399999999998,TP,0.08,0.0776,SHORT,19_flag_short_4H,trending,downtrend
0,8,40,2,50,3,9,PENGUUSDT,2025-11-04 20:00:00,0.013902,2025-11-04 20:00:00,0.0134849399999999,5754.567688102432,2.242400000000002,TP,0.08,0.0776,SHORT,19_flag_short_4H,trending,downtrend
0,8,40,2,50,3,9,SOLUSDT,2025-11-04 20:00:00,154.582,2025-11-04 20:00:00,149.94454,0.5175246794581517,2.2424000000000026,TP,0.08,0.0776,SHORT,19_flag_short_4H,trending,downtrend
0,8,40,2,50,3,9,TAOUSDT,2025-11-04 20:00:00,391.97,2025-11-04 20:00:00,380.2109,0.2040972523407403,2.2423999999999977,TP,0.08,0.0776,SHORT,19_flag_short_4H,trending,downtrend
0,8,40,2,50,3,9,XRPUSDT,2025-11-04 20:00:00,2.1683,2025-11-04 20:00:00,2.103251,36.895263570539136,2.2424000000000053,TP,0.08,0.0776,SHORT,19_flag_short_4H,trending,downtrend
0,8,40,2,50,3,9,BTCUSDT,2025-11-04 20:00:00,100498.8,2025-11-13 04:00:00,103424.3,0.0007960294053262,-2.491112809307176,SELL_AFTER,0.08,0.0823287840252818,SHORT,19_flag_short_4H,trending,downtrend
0,8,40,2,50,3,9,BTCUSDT,2025-11-13 04:00:00,102108.7,2025-11-13 16:00:00,99045.439,0.0007834787829048,2.242399999999999,TP,0.08,0.0776,SHORT,19_flag_short_4H,ranging,downtrend
0,8,40,2,50,3,9,ADAUSDT,2025-11-13 16:00:00,0.5538,2025-11-13 16:00:00,0.5371859999999999,144.4564824846515,2.2424000000000026,TP,0.08,0.0776,SHORT,19_flag_short_4H,ranging,downtrend
0,8,40,2,50,3,9,ARBUSDT,2025-11-13 16:00:00,0.2629,2025-11-13 16:00:00,0.255013,304.29821224800304,2.24240000000001,TP,0.08,0.0776,SHORT,19_flag_short_4H,ranging,downtrend
0,8,40,2,50,3,9,AVAXUSDT,2025-11-13 16:00:00,16.952,2025-11-13 16:00:00,16.443440000000002,4.719207173194903,2.2423999999999964,TP,0.08,0.0776,SHORT,19_flag_short_4H,ranging,downtrend
0,8,40,2,50,3,9,BNBUSDT,2025-11-13 16:00:00,957.12,2025-11-13 16:00:00,928.4064,0.0835840855901036,2.2424000000000035,TP,0.08,0.0776,SHORT,19_flag_short_4H,ranging,downtrend
0,8,40,2,50,3,9,BTCUSDT,2025-11-13 16:00:00,101338.2,2025-11-13 16:00:00,98298.054,0.0007894357705189,2.2424000000000066,TP,0.08,0.0776,SHORT,19_flag_short_4H,ranging,downtrend
0,8,40,2,50,3,9,DOGEUSDT,2025-11-13 16:00:00,0.17267,2025-11-13 16:00:00,0.1674899,463.3115190826432,2.242399999999997,TP,0.08,0.0776,SHORT,19_flag_short_4H,ranging,downtrend
0,8,40,2,50,3,9,DOTUSDT,2025-11-13 16:00:00,2.969,2025-11-13 16:00:00,2.87993,26.94509936005389,2.2423999999999995,TP,0.08,0.0776,SHORT,19_flag_short_4H,ranging,downtrend
0,8,40,2,50,3,9,ENAUSDT,2025-11-13 16:00:00,0.3093,2025-11-13 16:00:00,0.300021,258.64856126737794,2.242399999999995,TP,0.08,0.0776,SHORT,19_flag_short_4H,ranging,downtrend
0,8,40,2,50,3,9,ETHUSDT,2025-11-13 16:00:00,3385.45,2025-11-13 16:00:00,3283.8865,0.0236305365608707,2.2424000000000053,TP,0.08,0.0776,SHORT,19_flag_short_4H,ranging,downtrend
0,8,40,2,50,3,9,HBARUSDT,2025-11-13 16:00:00,0.17532,2025-11-13 16:00:00,0.1700604,456.3084645220169,2.2424000000000017,TP,0.08,0.0776,SHORT,19_flag_short_4H,ranging,downtrend
0,8,40,2,50,3,9,HYPEUSDT,2025-11-13 16:00:00,38.319,2025-11-13 16:00:00,37.16943,2.087737153892325,2.242400000000009,TP,0.08,0.0776,SHORT,19_flag_short_4H,ranging,downtrend
0,8,40,2,50,3,9,LINKUSDT,2025-11-13 16:00:00,15.311,2025-11-13 16:00:00,14.85167,5.225001632813011,2.242399999999998,TP,0.08,0.0776,SHORT,19_flag_short_4H,ranging,downtrend
0,8,40,2,50,3,9,NEARUSDT,2025-11-13 16:00:00,2.516,2025-11-13 16:00:00,2.44052,31.79650238473768,2.2424000000000066,TP,0.08,0.0776,SHORT,19_flag_short_4H,ranging,downtrend
0,8,40,2,50,3,9,PENGUUSDT,2025-11-13 16:00:00,0.014265,2025-11-13 16:00:00,0.01383705,5608.131791097091,2.2423999999999995,TP,0.08,0.0776,SHORT,19_flag_short_4H,ranging,downtrend
0,8,40,2,50,3,9,SOLUSDT,2025-11-13 16:00:00,153.041,2025-11-13 16:00:00,148.44977,0.5227357374821127,2.242399999999998,TP,0.08,0.0776,SHORT,19_flag_short_4H,ranging,downtrend
0,8,40,2,50,3,9,SUIUSDT,2025-11-13 16:00:00,1.993,2025-11-13 16:00:00,1.93321,40.14049172102358,2.2424000000000004,TP,0.08,0.0776,SHORT,19_flag_short_4H,ranging,downtrend
0,8,40,2,50,3,9,TAOUSDT,2025-11-13 16:00:00,347.11,2025-11-13 16:00:00,336.6967,0.2304744893549595,2.242399999999998,TP,0.08,0.0776,SHORT,19_flag_short_4H,ranging,downtrend
0,8,40,2,50,3,9,AAVEUSDT,2025-11-13 20:00:00,192.3,2025-11-14 04:00:00,186.531,0.4160166406656266,2.242400000000002,TP,0.08,0.0776,SHORT,19_flag_short_4H,trending,downtrend
0,8,40,2,50,3,9,ARBUSDT,2025-11-13 20:00:00,0.2421,2025-11-14 04:00:00,0.234837,330.44196612969847,2.2424000000000066,TP,0.08,0.0776,SHORT,19_flag_short_4H,trending,downtrend
0,8,40,2,50,3,9,AVAXUSDT,2025-11-13 20:00:00,15.97,2025-11-14 04:00:00,15.4909,5.009392611145898,2.2424000000000035,TP,0.08,0.0776,SHORT,19_flag_short_4H,trending,downtrend
0,8,40,2,50,3,9,FARTCOINUSDT,2025-11-13 20:00:00,0.2552,2025-11-14 04:00:00,0.247544,313.47962382445144,2.242399999999999,TP,0.08,0.0776,SHORT,19_flag_short_4H,trending,downtrend
0,8,40,2,50,3,9,HBARUSDT,2025-11-13 20:00:00,0.16458,2025-11-14 04:00:00,0.1596426,486.08579414266615,2.242400000000004,TP,0.08,0.0776,SHORT,19_flag_short_4H,trending,downtrend
0,8,40,2,50,3,9,NEARUSDT,2025-11-13 20:00:00,2.407,2025-11-14 04:00:00,2.33479,33.23639385126714,2.2424000000000035,TP,0.08,0.0776,SHORT,19_flag_short_4H,trending,downtrend
0,8,40,2,50,3,9,PENGUUSDT,2025-11-13 20:00:00,0.013166,2025-11-14 04:00:00,0.01277102,6076.257025672186,2.2423999999999977,TP,0.08,0.0776,SHORT,19_flag_short_4H,trending,downtrend
0,8,40,2,50,3,9,SUIUSDT,2025-11-13 20:00:00,1.8427,2025-11-14 04:00:00,1.787419,43.41455472947305,2.2424000000000057,TP,0.08,0.0776,SHORT,19_flag_short_4H,trending,downtrend
0,8,40,2,50,3,9,BTCUSDT,2025-11-13 20:00:00,98660.7,2025-11-14 08:00:00,95700.879,0.0008108598459163,2.2423999999999973,TP,0.08,0.0776,SHORT,19_flag_short_4H,trending,downtrend
0,8,40,2,50,3,9,ADAUSDT,2025-11-13 20:00:00,0.5212,2025-11-14 12:00:00,0.505564,153.49194167306217,2.2423999999999977,TP,0.08,0.0776,SHORT,19_flag_short_4H,trending,downtrend
0,8,40,2,50,3,9,BCHUSDT,2025-11-13 20:00:00,499.11,2025-11-14 12:00:00,484.1367,0.1602853078479693,2.242399999999999,TP,0.08,0.0776,SHORT,19_flag_short_4H,trending,downtrend
0,8,40,2,50,3,9,ETHUSDT,2025-11-13 20:00:00,3197.35,2025-11-14 12:00:00,3101.4295,0.0250207202839851,2.2424000000000044,TP,0.08,0.0776,SHORT,19_flag_short_4H,trending,downtrend
0,8,40,2,50,3,9,LINKUSDT,2025-11-13 20:00:00,14.272,2025-11-14 12:00:00,13.84384,5.605381165919282,2.2424000000000004,TP,0.08,0.0776,SHORT,19_flag_short_4H,trending,downtrend
0,8,40,2,50,3,9,SOLUSDT,2025-11-13 20:00:00,142.681,2025-11-14 12:00:00,138.40057000000002,0.5606913324128651,2.2423999999999977,TP,0.08,0.0776,SHORT,19_flag_short_4H,trending,downtrend
0,8,40,2,50,3,9,XRPUSDT,2025-11-13 20:00:00,2.3137,2025-11-14 12:00:00,2.244289,34.5766521156589,2.242400000000004,TP,0.08,0.0776,SHORT,19_flag_short_4H,trending,downtrend
0,8,40,2,50,3,9,DOGEUSDT,2025-11-13 20:00:00,0.16116,2025-11-14 20:00:00,0.1563252,496.4010920824026,2.2424000000000004,TP,0.08,0.0776,SHORT,19_flag_short_4H,trending,downtrend
0,8,40,2,50,3,9,ENAUSDT,2025-11-13 20:00:00,0.2843,2025-11-14 20:00:00,0.275771,281.3928948294056,2.2424000000000026,TP,0.08,0.0776,SHORT,19_flag_short_4H,trending,downtrend
0,8,40,2,50,3,9,LTCUSDT,2025-11-13 20:00:00,94.93,2025-11-15 00:00:00,103.4737,0.8427262193194985,-7.367200000000001,SL,0.08,0.0872,SHORT,19_flag_short_4H,trending,downtrend
0,8,40,2,50,3,9,APTUSDT,2025-11-13 20:00:00,2.8787,2025-11-16 16:00:00,2.792339,27.790322020356413,2.242400000000004,TP,0.08,0.0776,SHORT,19_flag_short_4H,trending,downtrend
0,8,40,2,50,3,9,DOTUSDT,2025-11-13 20:00:00,2.79,2025-11-16 16:00:00,2.7063,28.67383512544803,2.242399999999997,TP,0.08,0.0776,SHORT,19_flag_short_4H,trending,downtrend
0,8,40,2,50,3,9,BNBUSDT,2025-11-13 20:00:00,913.48,2025-11-18 00:00:00,886.0756,0.0875771773875728,2.242400000000001,TP,0.08,0.0776,SHORT,19_flag_short_4H,trending,downtrend
0,8,40,2,50,3,9,AVAXUSDT,2025-11-18 00:00:00,14.512,2025-11-18 00:00:00,14.07664,5.512679162072767,2.2424000000000057,TP,0.08,0.0776,SHORT,19_flag_short_4H,trending,downtrend
0,8,40,2,50,3,9,BCHUSDT,2025-11-18 00:00:00,490.21,2025-11-18 04:00:00,475.5037,0.1631953652516268,2.2424,TP,0.08,0.0776,SHORT,19_flag_short_4H,trending,downtrend
0,8,40,2,50,3,9,BTCUSDT,2025-11-18 00:00:00,92200.0,2025-11-18 04:00:00,89434.0,0.0008676789587852,2.2424,TP,0.08,0.0776,SHORT,19_flag_short_4H,trending,downtrend
0,8,40,2,50,3,9,SOLUSDT,2025-11-18 00:00:00,130.93,2025-11-19 00:00:00,142.71370000000002,0.6110135186741006,-7.367200000000006,SL,0.08,0.0872,SHORT,19_flag_short_4H,trending,downtrend
0,8,40,2,50,3,9,ADAUSDT,2025-11-18 00:00:00,0.466,2025-11-19 16:00:00,0.45202,171.67381974248926,2.2423999999999986,TP,0.08,0.0776,SHORT,19_flag_short_4H,trending,downtrend
0,8,40,2,50,3,9,BNBUSDT,2025-11-18 00:00:00,906.78,2025-11-19 16:00:00,879.5766,0.0882242660843865,2.242399999999999,TP,0.08,0.0776,SHORT,19_flag_short_4H,trending,downtrend
0,8,40,2,50,3,9,DOGEUSDT,2025-11-18 00:00:00,0.15208,2025-11-19 16:00:00,0.1475176,526.0389268805892,2.2423999999999973,TP,0.08,0.0776,SHORT,19_flag_short_4H,trending,downtrend
0,8,40,2,50,3,9,DOTUSDT,2025-11-18 00:00:00,2.663,2025-11-19 16:00:00,2.58311,30.041306796845664,2.2424000000000075,TP,0.08,0.0776,SHORT,19_flag_short_4H,trending,downtrend
0,8,40,2,50,3,9,ENAUSDT,2025-11-18 00:00:00,0.2595,2025-11-19 16:00:00,0.251715,308.2851637764932,2.2423999999999955,TP,0.08,0.0776,SHORT,19_flag_short_4H,trending,downtrend
0,8,40,2,50,3,9,LINKUSDT,2025-11-18 00:00:00,13.325,2025-11-19 16:00:00,12.925249999999998,6.00375234521576,2.2424000000000057,TP,0.08,0.0776,SHORT,19_flag_short_4H,trending,downtrend
0,8,40,2,50,3,9,LTCUSDT,2025-11-18 00:00:00,91.15,2025-11-20 16:00:00,88.41550000000001,0.8776741634668129,2.2423999999999973,TP,0.08,0.0776,SHORT,19_flag_short_4H,trending,downtrend
0,8,40,2,50,3,9,TAOUSDT,2025-11-18 00:00:00,313.09,2025-11-20 16:00:00,303.6973,0.2555175828036667,2.242399999999998,TP,0.08,0.0776,SHORT,19_flag_short_4H,trending,downtrend
0,8,40,2,50,3,9,AAVEUSDT,2025-11-20 16:00:00,173.05,2025-11-20 16:00:00,167.8585,0.4622941346431667,2.242400000000009,TP,0.08,0.0776,SHORT,19_flag_short_4H,ranging,downtrend
0,8,40,2,50,3,9,ADAUSDT,2025-11-20 16:00:00,0.4555,2025-11-20 16:00:00,0.441835,175.63117453347968,2.2424000000000066,TP,0.08,0.0776,SHORT,19_flag_short_4H,ranging,downtrend
0,8,40,2,50,3,9,ARBUSDT,2025-11-20 16:00:00,0.2343,2025-11-20 16:00:00,0.227271,341.4425949637217,2.2424000000000026,TP,0.08,0.0776,SHORT,19_flag_short_4H,ranging,downtrend
0,8,40,2,50,3,9,AVAXUSDT,2025-11-20 16:00:00,14.221,2025-11-20 16:00:00,13.79437,5.625483439983124,2.2424000000000066,TP,0.08,0.0776,SHORT,19_flag_short_4H,ranging,downtrend
0,8,40,2,50,3,9,BTCUSDT,2025-11-20 16:00:00,89850.1,2025-11-20 16:00:00,87154.59700000001,0.0008903718526746,2.2423999999999973,TP,0.08,0.0776,SHORT,19_flag_short_4H,ranging,downtrend
0,8,40,2,50,3,9,DOGEUSDT,2025-11-20 16:00:00,0.15732,2025-11-20 16:00:00,0.1526004,508.5176709890669,2.2423999999999955,TP,0.08,0.0776,SHORT,19_flag_short_4H,ranging,downtrend
0,8,40,2,50,3,9,DOTUSDT,2025-11-20 16:00:00,2.724,2025-11-20 16:00:00,2.64228,29.36857562408223,2.2424000000000066,TP,0.08,0.0776,SHORT,19_flag_short_4H,ranging,downtrend
0,8,40,2,50,3,9,ENAUSDT,2025-11-20 16:00:00,0.2686,2025-11-20 16:00:00,0.260542,297.8406552494416,2.242400000000003,TP,0.08,0.0776,SHORT,19_flag_short_4H,ranging,downtrend
0,8,40,2,50,3,9,ETHUSDT,2025-11-20 16:00:00,2954.61,2025-11-20 16:00:00,2865.9717,0.0270763315632181,2.2424000000000017,TP,0.08,0.0776,SHORT,19_flag_short_4H,ranging,downtrend
0,8,40,2,50,3,9,HBARUSDT,2025-11-20 16:00:00,0.14245,2025-11-20 16:00:00,0.1381764999999999,561.6005616005616,2.2424000000000075,TP,0.08,0.0776,SHORT,19_flag_short_4H,ranging,downtrend
0,8,40,2,50,3,9,LINKUSDT,2025-11-20 16:00:00,13.417,2025-11-20 16:00:00,13.01449,5.962584780502348,2.242399999999997,TP,0.08,0.0776,SHORT,19_flag_short_4H,ranging,downtrend
0,8,40,2,50,3,9,LTCUSDT,2025-11-20 16:00:00,90.33,2025-11-20 16:00:00,87.6201,0.885641536588066,2.2424000000000044,TP,0.08,0.0776,SHORT,19_flag_short_4H,ranging,downtrend
0,8,40,2,50,3,9,NEARUSDT,2025-11-20 16:00:00,2.258,2025-11-20 16:00:00,2.19026,35.4295837023915,2.242400000000005,TP,0.08,0.0776,SHORT,19_flag_short_4H,ranging,downtrend
0,8,40,2,50,3,9,PENGUUSDT,2025-11-20 16:00:00,0.012281,2025-11-20 16:00:00,0.0119125699999999,6514.127514046088,2.242400000000008,TP,0.08,0.0776,SHORT,19_flag_short_4H,ranging,downtrend
0,8,40,2,50,3,9,SOLUSDT,2025-11-20 16:00:00,138.484,2025-11-20 16:00:00,134.32948000000002,0.5776840645850784,2.2423999999999946,TP,0.08,0.0776,SHORT,19_flag_short_4H,ranging,downtrend
0,8,40,2,50,3,9,SUIUSDT,2025-11-20 16:00:00,1.5804,2025-11-20 16:00:00,1.532988,50.620096178182735,2.2424000000000004,TP,0.08,0.0776,SHORT,19_flag_short_4H,ranging,downtrend
0,8,40,2,50,3,9,TAOUSDT,2025-11-20 16:00:00,314.03,2025-11-20 16:00:00,304.6091,0.2547527306308315,2.242400000000005,TP,0.08,0.0776,SHORT,19_flag_short_4H,ranging,downtrend
0,8,40,2,50,3,9,XRPUSDT,2025-11-20 16:00:00,2.0845,2025-11-20 16:00:00,2.021965,38.378508035500126,2.242400000000001,TP,0.08,0.0776,SHORT,19_flag_short_4H,ranging,downtrend
0,8,40,2,50,3,9,BNBUSDT,2025-11-20 16:00:00,890.06,2025-11-21 00:00:00,863.3581999999999,0.08988158101701,2.2424000000000044,TP,0.08,0.0776,SHORT,19_flag_short_4H,ranging,downtrend
0,8,40,2,50,3,9,HYPEUSDT,2025-11-20 16:00:00,38.472,2025-11-21 00:00:00,37.31784,2.079434393844874,2.2424000000000093,TP,0.08,0.0776,SHORT,19_flag_short_4H,ranging,downtrend
0,8,40,2,50,3,9,ADAUSDT,2025-11-21 00:00:00,0.4316,2025-11-21 04:00:00,0.4186519999999999,185.356811862836,2.242400000000003,TP,0.08,0.0776,SHORT,19_flag_short_4H,trending,downtrend
0,8,40,2,50,3,9,APTUSDT,2025-11-21 00:00:00,2.7418,2025-11-21 04:00:00,2.659546,29.17791232037348,2.242400000000008,TP,0.08,0.0776,SHORT,19_flag_short_4H,trending,downtrend
0,8,40,2,50,3,9,ARBUSDT,2025-11-21 00:00:00,0.215,2025-11-21 04:00:00,0.2085499999999999,372.09302325581393,2.242400000000004,TP,0.08,0.0776,SHORT,19_flag_short_4H,trending,downtrend
0,8,40,2,50,3,9,BCHUSDT,2025-11-21 00:00:00,479.96,2025-11-21 04:00:00,465.5612,0.1666805567130594,2.242399999999999,TP,0.08,0.0776,SHORT,19_flag_short_4H,trending,downtrend
0,8,40,2,50,3,9,BNBUSDT,2025-11-21 00:00:00,866.23,2025-11-21 04:00:00,840.2431,0.0923542246285628,2.242399999999999,TP,0.08,0.0776,SHORT,19_flag_short_4H,trending,downtrend
0,8,40,2,50,3,9,BTCUSDT,2025-11-21 00:00:00,86602.8,2025-11-21 04:00:00,84004.716,0.0009237576614151,2.242400000000002,TP,0.08,0.0776,SHORT,19_flag_short_4H,trending,downtrend
0,8,40,2,50,3,9,DOGEUSDT,2025-11-21 00:00:00,0.14885,2025-11-21 04:00:00,0.1443845,537.4538125629829,2.242400000000006,TP,0.08,0.0776,SHORT,19_flag_short_4H,trending,downtrend
0,8,40,2,50,3,9,DOTUSDT,2025-11-21 00:00:00,2.542,2025-11-21 04:00:00,2.46574,31.471282454760036,2.2424,TP,0.08,0.0776,SHORT,19_flag_short_4H,trending,downtrend
0,8,40,2,50,3,9,ETHUSDT,2025-11-21 00:00:00,2832.86,2025-11-21 04:00:00,2747.8742,0.0282400118608049,2.242399999999998,TP,0.08,0.0776,SHORT,19_flag_short_4H,trending,downtrend
0,8,40,2,50,3,9,HBARUSDT,2025-11-21 00:00:00,0.1364,2025-11-21 04:00:00,0.1323079999999999,586.5102639296188,2.242400000000007,TP,0.08,0.0776,SHORT,19_flag_short_4H,trending,downtrend
0,8,40,2,50,3,9,HYPEUSDT,2025-11-21 00:00:00,37.528,2025-11-21 04:00:00,36.40216,2.131741632914091,2.242400000000008,TP,0.08,0.0776,SHORT,19_flag_short_4H,trending,downtrend
0,8,40,2,50,3,9,LINKUSDT,2025-11-21 00:00:00,12.93,2025-11-21 04:00:00,12.5421,6.187161639597835,2.242400000000001,TP,0.08,0.0776,SHORT,19_flag_short_4H,trending,downtrend
0,8,40,2,50,3,9,LTCUSDT,2025-11-21 00:00:00,87.17,2025-11-21 04:00:00,84.5549,0.9177469312836986,2.2423999999999986,TP,0.08,0.0776,SHORT,19_flag_short_4H,trending,downtrend
0,8,40,2,50,3,9,NEARUSDT,2025-11-21 00:00:00,2.0729,2025-11-21 04:00:00,2.010713,38.59327512181002,2.2424000000000084,TP,0.08,0.0776,SHORT,19_flag_short_4H,trending,downtrend
0,8,40,2,50,3,9,SOLUSDT,2025-11-21 00:00:00,133.555,2025-11-21 04:00:00,129.54835,0.5990041555913294,2.2424000000000044,TP,0.08,0.0776,SHORT,19_flag_short_4H,trending,downtrend
0,8,40,2,50,3,9,SUIUSDT,2025-11-21 00:00:00,1.4963,2025-11-21 04:00:00,1.451411,53.46521419501437,2.2423999999999977,TP,0.08,0.0776,SHORT,19_flag_short_4H,trending,downtrend
0,8,40,2,50,3,9,XRPUSDT,2025-11-21 00:00:00,1.9989,2025-11-21 04:00:00,1.938933,40.02201210665866,2.2424000000000044,TP,0.08,0.0776,SHORT,19_flag_short_4H,trending,downtrend
0,8,40,2,50,3,9,ADAUSDT,2025-11-21 04:00:00,0.4298,2025-11-21 04:00:00,0.416906,186.13308515588645,2.242400000000003,TP,0.08,0.0776,SHORT,19_flag_short_4H,trending,downtrend
0,8,40,2,50,3,9,APTUSDT,2025-11-21 04:00:00,2.7146,2025-11-21 04:00:00,2.633162,29.47027186325794,2.242399999999997,TP,0.08,0.0776,SHORT,19_flag_short_4H,trending,downtrend
0,8,40,2,50,3,9,BCHUSDT,2025-11-21 04:00:00,482.61,2025-11-21 04:00:00,468.1317,0.1657653177513934,2.2423999999999986,TP,0.08,0.0776,SHORT,19_flag_short_4H,trending,downtrend
0,8,40,2,50,3,9,BNBUSDT,2025-11-21 04:00:00,863.2,2025-11-21 04:00:00,837.304,0.0926784059314179,2.2424000000000066,TP,0.08,0.0776,SHORT,19_flag_short_4H,trending,downtrend
0,8,40,2,50,3,9,BTCUSDT,2025-11-21 04:00:00,85800.1,2025-11-21 04:00:00,83226.09700000001,0.0009323998456878,2.2423999999999973,TP,0.08,0.0776,SHORT,19_flag_short_4H,trending,downtrend
0,8,40,2,50,3,9,DOGEUSDT,2025-11-21 04:00:00,0.1468,2025-11-21 04:00:00,0.142396,544.959128065395,2.242399999999995,TP,0.08,0.0776,SHORT,19_flag_short_4H,trending,downtrend
0,8,40,2,50,3,9,DOTUSDT,2025-11-21 04:00:00,2.537,2025-11-21 04:00:00,2.46089,31.533307055577456,2.2423999999999973,TP,0.08,0.0776,SHORT,19_flag_short_4H,trending,downtrend
0,8,40,2,50,3,9,ENAUSDT,2025-11-21 04:00:00,0.2514,2025-11-21 04:00:00,0.243858,318.2179793158313,2.2424000000000066,TP,0.08,0.0776,SHORT,19_flag_short_4H,trending,downtrend
0,8,40,2,50,3,9,ETHUSDT,2025-11-21 04:00:00,2807.71,2025-11-21 04:00:00,2723.4787,0.0284929711401818,2.2423999999999977,TP,0.08,0.0776,SHORT,19_flag_short_4H,trending,downtrend
0,8,40,2,50,3,9,HBARUSDT,2025-11-21 04:00:00,0.13588,2025-11-21 04:00:00,0.1318036,588.754783632617,2.2424000000000044,TP,0.08,0.0776,SHORT,19_flag_short_4H,trending,downtrend
0,8,40,2,50,3,9,HYPEUSDT,2025-11-21 04:00:00,36.853,2025-11-21 04:00:00,35.74741,2.170786638808238,2.2423999999999986,TP,0.08,0.0776,SHORT,19_flag_short_4H,trending,downtrend
0,8,40,2,50,3,9,LINKUSDT,2025-11-21 04:00:00,12.858,2025-11-21 04:00:00,12.47226,6.221807435059884,2.242400000000001,TP,0.08,0.0776,SHORT,19_flag_short_4H,trending,downtrend
0,8,40,2,50,3,9,LTCUSDT,2025-11-21 04:00:00,87.01,2025-11-21 04:00:00,84.3997,0.9194345477531316,2.2424000000000084,TP,0.08,0.0775999999999999,SHORT,19_flag_short_4H,trending,downtrend
0,8,40,2,50,3,9,NEARUSDT,2025-11-21 04:00:00,2.0519,2025-11-21 04:00:00,1.990343,38.98825478824504,2.2424000000000035,TP,0.08,0.0776,SHORT,19_flag_short_4H,trending,downtrend
0,8,40,2,50,3,9,PENGUUSDT,2025-11-21 04:00:00,0.011328,2025-11-21 04:00:00,0.0109881599999999,7062.146892655367,2.242400000000007,TP,0.08,0.0776,SHORT,19_flag_short_4H,trending,downtrend
0,8,40,2,50,3,9,SOLUSDT,2025-11-21 04:00:00,132.555,2025-11-21 04:00:00,128.57835,0.6035230658971747,2.242400000000004,TP,0.08,0.0776,SHORT,19_flag_short_4H,trending,downtrend
0,8,40,2,50,3,9,SUIUSDT,2025-11-21 04:00:00,1.4809,2025-11-21 04:00:00,1.436473,54.021203322304,2.2423999999999995,TP,0.08,0.0776,SHORT,19_flag_short_4H,trending,downtrend
0,8,40,2,50,3,9,TAOUSDT,2025-11-21 04:00:00,302.88,2025-11-21 04:00:00,293.7936,0.2641310089804543,2.242400000000007,TP,0.08,0.0776,SHORT,19_flag_short_4H,trending,downtrend
0,8,40,2,50,3,9,XRPUSDT,2025-11-21 04:00:00,1.9795,2025-11-21 04:00:00,1.920115,40.414246021722654,2.242400000000001,TP,0.08,0.0776,SHORT,19_flag_short_4H,trending,downtrend
0,8,40,2,50,3,9,BCHUSDT,2025-11-21 12:00:00,455.27,2025-11-21 12:00:00,496.2443,0.1757199024754541,-7.367200000000006,SL,0.08,0.0872,SHORT,19_flag_short_4H,trending,downtrend
0,8,40,2,50,3,9,HYPEUSDT,2025-11-21 12:00:00,32.472,2025-11-22 16:00:00,31.49784,2.463661000246366,2.242400000000003,TP,0.08,0.0776,SHORT,19_flag_short_4H,trending,downtrend
0,8,40,2,50,3,9,XRPUSDT,2025-11-21 12:00:00,1.8751,2025-11-23 00:00:00,2.0438590000000003,42.6643912324676,-7.367200000000014,SL,0.08,0.0872,SHORT,19_flag_short_4H,trending,downtrend
0,8,40,2,50,3,9,HBARUSDT,2025-11-21 12:00:00,0.12555,2025-11-23 08:00:00,0.1368495,637.1963361210674,-7.367200000000012,SL,0.08,0.0872,SHORT,19_flag_short_4H,trending,downtrend
0,8,40,2,50,3,9,TAOUSDT,2025-11-21 12:00:00,267.65,2025-11-23 12:00:00,291.7385,0.2988978143097329,-7.367200000000004,SL,0.08,0.0872,SHORT,19_flag_short_4H,trending,downtrend
0,8,40,2,50,3,9,DOGEUSDT,2025-11-21 12:00:00,0.1367,2025-11-24 00:00:00,0.149003,585.2231163130945,-7.367200000000007,SL,0.08,0.0872,SHORT,19_flag_short_4H,trending,downtrend
0,8,40,2,50,3,9,ETHUSDT,2025-11-21 12:00:00,2687.46,2025-11-24 16:00:00,2929.3314,0.0297678849173569,-7.3672,SL,0.08,0.0872,SHORT,19_flag_short_4H,trending,downtrend
0,8,40,2,50,3,9,LINKUSDT,2025-11-21 12:00:00,11.884,2025-11-24 16:00:00,12.95356,6.731740154830024,-7.367200000000007,SL,0.08,0.0872,SHORT,19_flag_short_4H,trending,downtrend
0,8,40,2,50,3,9,SUIUSDT,2025-11-21 12:00:00,1.3359,2025-11-24 16:00:00,1.4561310000000005,59.88472191032263,-7.367200000000012,SL,0.08,0.0872,SHORT,19_flag_short_4H,trending,downtrend
0,8,40,2,50,3,9,PENGUUSDT,2025-11-21 12:00:00,0.010191,2025-11-24 20:00:00,0.01110819,7850.063781768226,-7.367199999999999,SL,0.08,0.0872,SHORT,19_flag_short_4H,trending,downtrend
0,8,40,2,50,3,9,BNBUSDT,2025-11-21 12:00:00,808.92,2025-11-26 16:00:00,881.7228,0.0988972951589774,-7.367200000000006,SL,0.08,0.0872,SHORT,19_flag_short_4H,trending,downtrend
0,8,40,2,50,3,9,BTCUSDT,2025-11-21 12:00:00,82296.2,2025-11-26 16:00:00,89702.85800000001,0.0009720983471897,-7.36720000000001,SL,0.08,0.0872,SHORT,19_flag_short_4H,trending,downtrend
0,8,40,2,50,3,9,LTCUSDT,2025-11-21 12:00:00,81.68,2025-11-29 20:00:00,83.88,0.979431929480901,-2.316904995102829,SELL_AFTER,0.08,0.0821547502448579,SHORT,19_flag_short_4H,trending,downtrend
0,8,40,2,50,3,9,APTUSDT,2025-12-05 12:00:00,1.8471,2025-12-05 16:00:00,1.7916869999999998,43.31113637594066,2.2424000000000066,TP,0.08,0.0776,SHORT,19_flag_short_4H,ranging,downtrend
0,8,40,2,50,3,9,ARBUSDT,2025-12-05 12:00:00,0.2119,2025-12-05 16:00:00,0.205543,377.5365738555922,2.2424000000000004,TP,0.08,0.0776,SHORT,19_flag_short_4H,ranging,downtrend
0,8,40,2,50,3,9,AVAXUSDT,2025-12-05 12:00:00,13.795,2025-12-05 16:00:00,13.38115,5.799202609641174,2.2424000000000004,TP,0.08,0.0776,SHORT,19_flag_short_4H,ranging,downtrend
0,8,40,2,50,3,9,DOGEUSDT,2025-12-05 12:00:00,0.14429,2025-12-05 16:00:00,0.1399613,554.4389770600873,2.2423999999999946,TP,0.08,0.0776,SHORT,19_flag_short_4H,ranging,downtrend
0,8,40,2,50,3,9,DOTUSDT,2025-12-05 12:00:00,2.235,2025-12-05 16:00:00,2.16795,35.79418344519016,2.242400000000002,TP,0.08,0.0776,SHORT,19_flag_short_4H,ranging,downtrend
0,8,40,2,50,3,9,HYPEUSDT,2025-12-05 12:00:00,31.898,2025-12-05 16:00:00,30.94106,2.5079942316132677,2.2423999999999986,TP,0.08,0.0776,SHORT,19_flag_short_4H,ranging,downtrend
0,8,40,2,50,3,9,LTCUSDT,2025-12-05 12:00:00,82.17,2025-12-05 16:00:00,79.7049,0.973591335037118,2.2424000000000066,TP,0.08,0.0776,SHORT,19_flag_short_4H,ranging,downtrend
0,8,40,2,50,3,9,NEARUSDT,2025-12-05 12:00:00,1.7366,2025-12-05 16:00:00,1.684502,46.06702752504895,2.242399999999999,TP,0.08,0.0776,SHORT,19_flag_short_4H,ranging,downtrend
0,8,40,2,50,3,9,SOLUSDT,2025-12-05 12:00:00,136.961,2025-12-05 16:00:00,132.85217,0.5841078847263089,2.2424000000000066,TP,0.08,0.0776,SHORT,19_flag_short_4H,ranging,downtrend
0,8,40,2,50,3,9,TAOUSDT,2025-12-05 12:00:00,282.65,2025-12-05 16:00:00,274.17049999999995,0.2830355563417654,2.242400000000009,TP,0.08,0.0776,SHORT,19_flag_short_4H,ranging,downtrend
0,8,40,2,50,3,9,HBARUSDT,2025-12-05 12:00:00,0.13618,2025-12-07 12:00:00,0.1320945999999999,587.457776472316,2.2424000000000097,TP,0.08,0.0775999999999999,SHORT,19_flag_short_4H,ranging,downtrend
0,8,40,2,50,3,9,XRPUSDT,2025-12-05 12:00:00,2.0677,2025-12-07 12:00:00,2.005669,38.69033225322823,2.2424000000000066,TP,0.08,0.0776,SHORT,19_flag_short_4H,ranging,downtrend
0,8,40,2,50,3,9,APTUSDT,2025-12-07 12:00:00,1.7105,2025-12-07 12:00:00,1.659185,46.76995030692781,2.2424000000000004,TP,0.08,0.0776,SHORT,19_flag_short_4H,trending,downtrend
0,8,40,2,50,3,9,ARBUSDT,2025-12-07 12:00:00,0.2062,2025-12-07 12:00:00,0.200014,387.9728419010669,2.242399999999999,TP,0.08,0.0776,SHORT,19_flag_short_4H,trending,downtrend
0,8,40,2,50,3,9,ENAUSDT,2025-12-07 12:00:00,0.2579,2025-12-07 12:00:00,0.250163,310.1977510663048,2.242399999999998,TP,0.08,0.0776,SHORT,19_flag_short_4H,trending,downtrend
0,8,40,2,50,3,9,HYPEUSDT,2025-12-07 12:00:00,29.682,2025-12-07 12:00:00,28.79154,2.6952361700694025,2.2424000000000026,TP,0.08,0.0776,SHORT,19_flag_short_4H,trending,downtrend
0,8,40,2,50,3,9,SOLUSDT,2025-12-07 12:00:00,132.388,2025-12-07 12:00:00,128.41636,0.6042843762274526,2.2424000000000044,TP,0.08,0.0776,SHORT,19_flag_short_4H,trending,downtrend
0,8,40,2,50,3,9,TAOUSDT,2025-12-07 12:00:00,279.07,2025-12-07 12:00:00,270.6979,0.2866664277779768,2.242399999999997,TP,0.08,0.0776,SHORT,19_flag_short_4H,trending,downtrend
0,8,40,2,50,3,9,ADAUSDT,2025-12-07 12:00:00,0.4146,2025-12-09 12:00:00,0.451914,192.9570670525808,-7.367200000000002,SL,0.08,0.0872,SHORT,19_flag_short_4H,trending,downtrend
0,8,40,2,50,3,9,NEARUSDT,2025-12-07 12:00:00,1.6874,2025-12-09 12:00:00,1.839266,47.41021690174232,-7.367200000000002,SL,0.08,0.0872,SHORT,19_flag_short_4H,trending,downtrend
0,8,40,2,50,3,9,AVAXUSDT,2025-12-07 12:00:00,13.338,2025-12-09 16:00:00,14.53842,5.99790073474284,-7.367200000000007,SL,0.08,0.0872,SHORT,19_flag_short_4H,trending,downtrend
0,8,40,2,50,3,9,DOTUSDT,2025-12-07 12:00:00,2.093,2025-12-09 16:00:00,2.2813700000000003,38.22264691829909,-7.367200000000015,SL,0.08,0.0872,SHORT,19_flag_short_4H,trending,downtrend
0,8,40,2,50,3,9,LTCUSDT,2025-12-07 12:00:00,81.63,2025-12-14 12:00:00,79.18109999999999,0.9800318510351588,2.242400000000009,TP,0.08,0.0776,SHORT,19_flag_short_4H,trending,downtrend
0,8,40,2,50,3,9,ARBUSDT,2025-12-14 12:00:00,0.2097,2025-12-14 16:00:00,0.2034089999999999,381.4973772055317,2.2424000000000075,TP,0.08,0.0776,SHORT,19_flag_short_4H,trending,downtrend
0,8,40,2,50,3,9,PENGUUSDT,2025-12-14 12:00:00,0.010927,2025-12-14 16:00:00,0.01059919,7321.314175894574,2.2423999999999973,TP,0.08,0.0776,SHORT,19_flag_short_4H,trending,downtrend
0,8,40,2,50,3,9,AAVEUSDT,2025-12-14 12:00:00,193.57,2025-12-14 20:00:00,187.7629,0.4132871829312393,2.2423999999999964,TP,0.08,0.0776,SHORT,19_flag_short_4H,trending,downtrend
0,8,40,2,50,3,9,APTUSDT,2025-12-14 12:00:00,1.6687,2025-12-14 20:00:00,1.618639,47.9415113561455,2.242400000000006,TP,0.08,0.0776,SHORT,19_flag_short_4H,trending,downtrend
0,8,40,2,50,3,9,BCHUSDT,2025-12-14 12:00:00,575.11,2025-12-14 20:00:00,557.8567,0.1391038236163516,2.2423999999999955,TP,0.08,0.0776,SHORT,19_flag_short_4H,trending,downtrend
0,8,40,2,50,3,9,DOGEUSDT,2025-12-14 12:00:00,0.13672,2025-12-14 20:00:00,0.1326184,585.1375073142189,2.2424000000000066,TP,0.08,0.0776,SHORT,19_flag_short_4H,trending,downtrend
0,8,40,2,50,3,9,ENAUSDT,2025-12-14 12:00:00,0.2398,2025-12-14 20:00:00,0.232606,333.6113427856547,2.2424000000000017,TP,0.08,0.0776,SHORT,19_flag_short_4H,trending,downtrend
0,8,40,2,50,3,9,FARTCOINUSDT,2025-12-14 12:00:00,0.3579,2025-12-14 20:00:00,0.347163,223.52612461581447,2.242399999999999,TP,0.08,0.0776,SHORT,19_flag_short_4H,trending,downtrend
0,8,40,2,50,3,9,HBARUSDT,2025-12-14 12:00:00,0.12165,2025-12-14 20:00:00,0.1180005,657.6243321002877,2.2424,TP,0.08,0.0776,SHORT,19_flag_short_4H,trending,downtrend
0,8,40,2,50,3,9,LINKUSDT,2025-12-14 12:00:00,13.563,2025-12-14 20:00:00,13.15611,5.898400058984,2.242400000000004,TP,0.08,0.0776,SHORT,19_flag_short_4H,trending,downtrend
0,8,40,2,50,3,9,NEARUSDT,2025-12-14 12:00:00,1.6239,2025-12-14 20:00:00,1.5751829999999998,49.26411724859906,2.242400000000006,TP,0.08,0.0776,SHORT,19_flag_short_4H,trending,downtrend
0,8,40,2,50,3,9,ADAUSDT,2025-12-14 12:00:00,0.403,2025-12-15 12:00:00,0.39091,198.5111662531017,2.2423999999999977,TP,0.08,0.0776,SHORT,19_flag_short_4H,trending,downtrend
0,8,40,2,50,3,9,AVAXUSDT,2025-12-14 12:00:00,13.055,2025-12-15 12:00:00,12.66335,6.127920337035619,2.2424000000000017,TP,0.08,0.0776,SHORT,19_flag_short_4H,trending,downtrend
0,8,40,2,50,3,9,BNBUSDT,2025-12-14 12:00:00,888.47,2025-12-15 12:00:00,861.8159,0.0900424324963138,2.2423999999999973,TP,0.08,0.0776,SHORT,19_flag_short_4H,trending,downtrend
0,8,40,2,50,3,9,DOTUSDT,2025-12-14 12:00:00,1.983,2025-12-15 12:00:00,1.92351,40.34291477559253,2.2424000000000017,TP,0.08,0.0776,SHORT,19_flag_short_4H,trending,downtrend
0,8,40,2,50,3,9,HYPEUSDT,2025-12-14 12:00:00,28.801,2025-12-15 12:00:00,27.93697,2.777681330509357,2.242399999999999,TP,0.08,0.0776,SHORT,19_flag_short_4H,trending,downtrend
0,8,40,2,50,3,9,LTCUSDT,2025-12-14 12:00:00,79.96,2025-12-15 12:00:00,77.56119999999999,1.0005002501250626,2.242400000000009,TP,0.08,0.0776,SHORT,19_flag_short_4H,trending,downtrend
0,8,40,2,50,3,9,XRPUSDT,2025-12-14 12:00:00,2.0001,2025-12-15 12:00:00,1.940097,39.998000099995,2.242400000000001,TP,0.08,0.0776,SHORT,19_flag_short_4H,trending,downtrend
0,8,40,2,50,3,9,ADAUSDT,2025-12-15 12:00:00,0.4026,2025-12-15 12:00:00,0.390522,198.7083954297069,2.2424000000000066,TP,0.08,0.0776,SHORT,19_flag_short_4H,ranging,downtrend
0,8,40,2,50,3,9,APTUSDT,2025-12-15 12:00:00,1.6391,2025-12-15 12:00:00,1.589927,48.80727228357025,2.2424000000000066,TP,0.08,0.0776,SHORT,19_flag_short_4H,ranging,downtrend
0,8,40,2,50,3,9,BCHUSDT,2025-12-15 12:00:00,564.27,2025-12-15 12:00:00,547.3419,0.1417761000939266,2.242399999999996,TP,0.08,0.0776,SHORT,19_flag_short_4H,ranging,downtrend
0,8,40,2,50,3,9,BNBUSDT,2025-12-15 12:00:00,887.26,2025-12-15 12:00:00,860.6422,0.0901652277799066,2.242399999999999,TP,0.08,0.0776,SHORT,19_flag_short_4H,ranging,downtrend
0,8,40,2,50,3,9,BTCUSDT,2025-12-15 12:00:00,89603.9,2025-12-15 12:00:00,86915.783,0.0008928182813471,2.2423999999999986,TP,0.08,0.0776,SHORT,19_flag_short_4H,ranging,downtrend
0,8,40,2,50,3,9,ENAUSDT,2025-12-15 12:00:00,0.2356,2025-12-15 12:00:00,0.2285319999999999,339.5585738539898,2.242400000000006,TP,0.08,0.0776,SHORT,19_flag_short_4H,ranging,downtrend
0,8,40,2,50,3,9,HBARUSDT,2025-12-15 12:00:00,0.11862,2025-12-15 12:00:00,0.1150614,674.4225257123587,2.2424000000000057,TP,0.08,0.0776,SHORT,19_flag_short_4H,ranging,downtrend
0,8,40,2,50,3,9,NEARUSDT,2025-12-15 12:00:00,1.6179,2025-12-15 12:00:00,1.5693629999999998,49.44681377093764,2.2424000000000026,TP,0.08,0.0776,SHORT,19_flag_short_4H,ranging,downtrend
0,8,40,2,50,3,9,SUIUSDT,2025-12-15 12:00:00,1.5645,2025-12-15 12:00:00,1.517565,51.13454777884308,2.2423999999999973,TP,0.08,0.0776,SHORT,19_flag_short_4H,ranging,downtrend
0,8,40,2,50,3,9,TAOUSDT,2025-12-15 12:00:00,279.79,2025-12-15 12:00:00,271.3963,0.2859287322634833,2.2424000000000066,TP,0.08,0.0776,SHORT,19_flag_short_4H,ranging,downtrend
0,8,40,2,50,3,9,XRPUSDT,2025-12-15 12:00:00,1.9869,2025-12-15 12:00:00,1.927293,40.2637274145654,2.2423999999999986,TP,0.08,0.0776,SHORT,19_flag_short_4H,ranging,downtrend
0,8,40,2,50,3,9,ARBUSDT,2025-12-15 16:00:00,0.1988,2025-12-15 16:00:00,0.192836,402.4144869215292,2.2423999999999986,TP,0.08,0.0776,SHORT,19_flag_short_4H,trending,downtrend
0,8,40,2,50,3,9,BCHUSDT,2025-12-15 16:00:00,541.73,2025-12-15 16:00:00,525.4781,0.1476750410721208,2.2423999999999964,TP,0.08,0.0776,SHORT,19_flag_short_4H,trending,downtrend
0,8,40,2,50,3,9,DOGEUSDT,2025-12-15 16:00:00,0.13068,2025-12-15 16:00:00,0.1267596,612.1824303642486,2.2423999999999946,TP,0.08,0.0776,SHORT,19_flag_short_4H,trending,downtrend
0,8,40,2,50,3,9,ENAUSDT,2025-12-15 16:00:00,0.2226,2025-12-15 16:00:00,0.2159219999999999,359.38903863432165,2.242400000000006,TP,0.08,0.0776,SHORT,19_flag_short_4H,trending,downtrend
0,8,40,2,50,3,9,ETHUSDT,2025-12-15 16:00:00,3010.01,2025-12-15 16:00:00,2919.7097000000003,0.0265779847907482,2.242399999999997,TP,0.08,0.0776,SHORT,19_flag_short_4H,trending,downtrend
0,8,40,2,50,3,9,NEARUSDT,2025-12-15 16:00:00,1.5331,2025-12-15 16:00:00,1.487107,52.18185376035484,2.2423999999999977,TP,0.08,0.0776,SHORT,19_flag_short_4H,trending,downtrend
0,8,40,2,50,3,9,PENGUUSDT,2025-12-15 16:00:00,0.01019,2025-12-15 16:00:00,0.0098842999999999,7850.834151128558,2.242400000000006,TP,0.08,0.0776,SHORT,19_flag_short_4H,trending,downtrend
0,8,40,2,50,3,9,SUIUSDT,2025-12-15 16:00:00,1.4856,2025-12-15 16:00:00,1.441032,53.85029617662897,2.242399999999997,TP,0.08,0.0776,SHORT,19_flag_short_4H,trending,downtrend
0,8,40,2,50,3,9,TAOUSDT,2025-12-15 16:00:00,271.94,2025-12-15 16:00:00,263.7818,0.2941825402662352,2.2424000000000066,TP,0.08,0.0776,SHORT,19_flag_short_4H,trending,downtrend
0,8,40,2,50,3,9,FARTCOINUSDT,2025-12-15 16:00:00,0.3403,2025-12-15 20:00:00,0.3300909999999999,235.08668821627973,2.2424000000000057,TP,0.08,0.0776,SHORT,19_flag_short_4H,trending,downtrend
0,8,40,2,50,3,9,HYPEUSDT,2025-12-15 16:00:00,27.726,2025-12-16 00:00:00,26.89422,2.885378345235519,2.2424000000000057,TP,0.08,0.0776,SHORT,19_flag_short_4H,trending,downtrend
0,8,40,2,50,3,9,XRPUSDT,2025-12-15 16:00:00,1.9245,2025-12-16 00:00:00,1.866765,41.56923876331514,2.2424000000000035,TP,0.08,0.0776,SHORT,19_flag_short_4H,trending,downtrend
0,8,40,2,50,3,9,AVAXUSDT,2025-12-15 16:00:00,12.486,2025-12-16 04:00:00,12.11142,6.407176037161621,2.2423999999999995,TP,0.08,0.0776,SHORT,19_flag_short_4H,trending,downtrend
0,8,40,2,50,3,9,AAVEUSDT,2025-12-15 16:00:00,184.48,2025-12-17 16:00:00,178.94559999999998,0.4336513443191674,2.242400000000002,TP,0.08,0.0776,SHORT,19_flag_short_4H,trending,downtrend
0,8,40,2,50,3,9,ADAUSDT,2025-12-15 16:00:00,0.3852,2025-12-17 16:00:00,0.373644,207.68431983385256,2.242400000000002,TP,0.08,0.0776,SHORT,19_flag_short_4H,trending,downtrend
0,8,40,2,50,3,9,APTUSDT,2025-12-15 16:00:00,1.5522,2025-12-17 16:00:00,1.505634,51.539750032212346,2.2424000000000057,TP,0.08,0.0776,SHORT,19_flag_short_4H,trending,downtrend
0,8,40,2,50,3,9,DOTUSDT,2025-12-15 16:00:00,1.883,2025-12-17 16:00:00,1.82651,42.48539564524695,2.2424000000000066,TP,0.08,0.0776,SHORT,19_flag_short_4H,trending,downtrend
0,8,40,2,50,3,9,HBARUSDT,2025-12-15 16:00:00,0.1146,2025-12-17 16:00:00,0.111162,698.0802792321117,2.2423999999999977,TP,0.08,0.0776,SHORT,19_flag_short_4H,trending,downtrend
0,8,40,2,50,3,9,LINKUSDT,2025-12-15 16:00:00,12.776,2025-12-17 16:00:00,12.39272,6.261740763932373,2.2424000000000057,TP,0.08,0.0776,SHORT,19_flag_short_4H,trending,downtrend
0,8,40,2,50,3,9,LTCUSDT,2025-12-15 16:00:00,77.78,2025-12-17 16:00:00,75.4466,1.0285420416559528,2.2423999999999977,TP,0.08,0.0776,SHORT,19_flag_short_4H,trending,downtrend
0,8,40,2,50,3,9,SOLUSDT,2025-12-15 16:00:00,126.859,2025-12-17 16:00:00,123.05323,0.6306213985606067,2.242400000000006,TP,0.08,0.0776,SHORT,19_flag_short_4H,trending,downtrend
0,8,40,2,50,3,9,BNBUSDT,2025-12-15 16:00:00,858.54,2025-12-18 00:00:00,832.7837999999999,0.093181447573788,2.2424000000000035,TP,0.08,0.0776,SHORT,19_flag_short_4H,trending,downtrend
0,8,40,2,50,3,9,BTCUSDT,2025-12-15 16:00:00,87012.1,2025-12-24 00:00:00,87310.9,0.0009194123575916,-0.4349951328608212,SELL_AFTER,0.08,0.0802747204124483,SHORT,19_flag_short_4H,trending,downtrend
0,8,40,2,50,3,9,TAOUSDT,2025-12-24 00:00:00,214.26,2025-12-24 00:00:00,207.8322,0.3733781387099785,2.242400000000007,TP,0.08,0.0776,SHORT,19_flag_short_4H,ranging,downtrend
0,8,40,2,50,3,9,NEARUSDT,2025-12-24 00:00:00,1.4869,2025-12-24 08:00:00,1.442293,53.80321474208083,2.242400000000003,TP,0.08,0.0776,SHORT,19_flag_short_4H,ranging,downtrend
0,8,40,2,50,3,9,DOGEUSDT,2025-12-24 00:00:00,0.12922,2025-12-25 20:00:00,0.1253434,619.0992106485064,2.242400000000005,TP,0.08,0.0776,SHORT,19_flag_short_4H,ranging,downtrend
0,8,40,2,50,3,9,SOLUSDT,2025-12-24 00:00:00,123.94,2025-12-25 20:00:00,120.2218,0.6454736162659351,2.2424000000000066,TP,0.08,0.0776,SHORT,19_flag_short_4H,ranging,downtrend
0,8,40,2,50,3,9,HYPEUSDT,2025-12-24 00:00:00,23.952,2025-12-27 00:00:00,26.10768000000001,3.34001336005344,-7.367200000000012,SL,0.08,0.0872,SHORT,19_flag_short_4H,ranging,downtrend
0,8,40,2,50,3,9,PENGUUSDT,2025-12-24 00:00:00,0.008789,2025-12-28 12:00:00,0.00958001,9102.286949596086,-7.367199999999999,SL,0.08,0.0872,SHORT,19_flag_short_4H,ranging,downtrend
0,8,40,2,50,3,9,HBARUSDT,2025-12-24 00:00:00,0.11038,2025-12-31 16:00:00,0.1070686,724.7689798876607,2.2424000000000044,TP,0.08,0.0776,SHORT,19_flag_short_4H,ranging,downtrend
0,8,40,2,50,3,9,XRPUSDT,2025-12-24 00:00:00,1.8725,2025-12-31 20:00:00,1.816325,42.72363150867824,2.242400000000004,TP,0.08,0.0776,SHORT,19_flag_short_4H,ranging,downtrend
0,8,40,2,50,3,9,BNBUSDT,2025-12-24 00:00:00,843.69,2026-01-01 08:00:00,861.6,0.0948215576811388,-1.8599523521672623,SELL_AFTER,0.08,0.0816982540980691,SHORT,19_flag_short_4H,ranging,downtrend
0,8,40,2,50,3,9,BTCUSDT,2025-12-24 00:00:00,87462.0,2026-01-01 08:00:00,87994.2,0.0009146829480231,-0.6472810592028511,SELL_AFTER,0.08,0.0804867942649379,SHORT,19_flag_short_4H,ranging,downtrend
0,8,40,2,50,3,9,LTCUSDT,2025-12-24 00:00:00,76.96,2026-01-01 08:00:00,77.74,1.0395010395010396,-0.9716216216216228,SELL_AFTER,0.08,0.0808108108108108,SHORT,19_flag_short_4H,ranging,downtrend
0,8,40,2,50,3,9,HYPEUSDT,2026-01-09 16:00:00,25.615,2026-01-10 00:00:00,24.84655,3.123170017567832,2.242400000000005,TP,0.08,0.0776,SHORT,19_flag_short_4H,ranging,downtrend
0,8,40,2,50,3,9,LTCUSDT,2026-01-09 16:00:00,81.29,2026-01-11 20:00:00,78.85130000000001,0.9841308894082912,2.242399999999997,TP,0.08,0.0776,SHORT,19_flag_short_4H,ranging,downtrend
0,8,40,2,50,3,9,ETHUSDT,2026-01-09 16:00:00,3111.12,2026-01-14 16:00:00,3391.1208,0.0257142122451078,-7.367200000000007,SL,0.08,0.0872,SHORT,19_flag_short_4H,ranging,downtrend
0,8,40,2,50,3,9,LINKUSDT,2026-01-09 16:00:00,13.28,2026-01-18 00:00:00,13.699,6.024096385542169,-2.6866204819277137,SELL_AFTER,0.08,0.0825240963855421,SHORT,19_flag_short_4H,ranging,downtrend
0,8,40,2,50,3,9,FARTCOINUSDT,2026-01-18 00:00:00,0.3554,2026-01-18 00:00:00,0.344738,225.09848058525608,2.2424000000000013,TP,0.08,0.0776,SHORT,19_flag_short_4H,ranging,downtrend
0,8,40,2,50,3,9,PENGUUSDT,2026-01-18 00:00:00,0.011815,2026-01-18 12:00:00,0.01146055,6771.053745239103,2.242400000000006,TP,0.08,0.0776,SHORT,19_flag_short_4H,ranging,downtrend
0,8,40,2,50,3,9,AVAXUSDT,2026-01-18 00:00:00,13.737,2026-01-18 20:00:00,13.32489,5.823687850331222,2.2424000000000013,TP,0.08,0.0776,SHORT,19_flag_short_4H,ranging,downtrend
0,8,40,2,50,3,9,DOGEUSDT,2026-01-18 00:00:00,0.13783,2026-01-18 20:00:00,0.1336951,580.425161430748,2.2423999999999977,TP,0.08,0.0776,SHORT,19_flag_short_4H,ranging,downtrend
0,8,40,2,50,3,9,ENAUSDT,2026-01-18 00:00:00,0.2189,2026-01-18 20:00:00,0.212333,365.4636820465966,2.242400000000006,TP,0.08,0.0776,SHORT,19_flag_short_4H,ranging,downtrend
0,8,40,2,50,3,9,HBARUSDT,2026-01-18 00:00:00,0.11881,2026-01-18 20:00:00,0.1152456999999999,673.343994613248,2.2424000000000044,TP,0.08,0.0776,SHORT,19_flag_short_4H,ranging,downtrend
0,8,40,2,50,3,9,LTCUSDT,2026-01-18 00:00:00,74.84,2026-01-18 20:00:00,72.5948,1.0689470871191875,2.2423999999999964,TP,0.08,0.0776,SHORT,19_flag_short_4H,ranging,downtrend
0,8,40,2,50,3,9,SUIUSDT,2026-01-18 00:00:00,1.7854,2026-01-18 20:00:00,1.731838,44.80788618796908,2.242400000000005,TP,0.08,0.0776,SHORT,19_flag_short_4H,ranging,downtrend
0,8,40,2,50,3,9,TAOUSDT,2026-01-18 00:00:00,274.07,2026-01-18 20:00:00,265.8479,0.2918962308899186,2.2424000000000035,TP,0.08,0.0776,SHORT,19_flag_short_4H,ranging,downtrend
0,8,40,2,50,3,9,XRPUSDT,2026-01-18 00:00:00,2.0624,2026-01-18 20:00:00,2.000528,38.78975950349109,2.242400000000006,TP,0.08,0.0776,SHORT,19_flag_short_4H,ranging,downtrend
0,8,40,2,50,3,9,BCHUSDT,2026-01-18 00:00:00,593.57,2026-01-19 00:00:00,575.7629000000001,0.1347777010293646,2.2423999999999986,TP,0.08,0.0776,SHORT,19_flag_short_4H,ranging,downtrend
0,8,40,2,50,3,9,AAVEUSDT,2026-01-19 00:00:00,168.71,2026-01-19 00:00:00,163.6487,0.4741864738308339,2.242400000000008,TP,0.08,0.0776,SHORT,19_flag_short_4H,ranging,downtrend
0,8,40,2,50,3,9,ADAUSDT,2026-01-19 00:00:00,0.3754,2026-01-19 00:00:00,0.364138,213.1060202450719,2.2423999999999986,TP,0.08,0.0776,SHORT,19_flag_short_4H,ranging,downtrend
0,8,40,2,50,3,9,APTUSDT,2026-01-19 00:00:00,1.7218,2026-01-19 00:00:00,1.670146,46.46300383319782,2.2424000000000044,TP,0.08,0.0776,SHORT,19_flag_short_4H,ranging,downtrend
0,8,40,2,50,3,9,ARBUSDT,2026-01-19 00:00:00,0.2059,2026-01-19 00:00:00,0.1997229999999999,388.5381253035454,2.242400000000006,TP,0.08,0.0776,SHORT,19_flag_short_4H,ranging,downtrend
0,8,40,2,50,3,9,AVAXUSDT,2026-01-19 00:00:00,12.973,2026-01-19 00:00:00,12.58381,6.166653819471209,2.242400000000006,TP,0.08,0.0776,SHORT,19_flag_short_4H,ranging,downtrend
0,8,40,2,50,3,9,DOGEUSDT,2026-01-19 00:00:00,0.13157,2026-01-19 00:00:00,0.1276228999999999,608.0413468115833,2.2424000000000057,TP,0.08,0.0776,SHORT,19_flag_short_4H,ranging,downtrend
0,8,40,2,50,3,9,DOTUSDT,2026-01-19 00:00:00,2.063,2026-01-19 00:00:00,2.00111,38.778477944740665,2.2424,TP,0.08,0.0776,SHORT,19_flag_short_4H,ranging,downtrend
0,8,40,2,50,3,9,ENAUSDT,2026-01-19 00:00:00,0.2044,2026-01-19 00:00:00,0.198268,391.3894324853229,2.2423999999999995,TP,0.08,0.0776,SHORT,19_flag_short_4H,ranging,downtrend
0,8,40,2,50,3,9,FARTCOINUSDT,2026-01-19 00:00:00,0.327,2026-01-19 00:00:00,0.31719,244.64831804281343,2.2423999999999964,TP,0.08,0.0776,SHORT,19_flag_short_4H,ranging,downtrend
0,8,40,2,50,3,9,HBARUSDT,2026-01-19 00:00:00,0.11163,2026-01-19 00:00:00,0.1082810999999999,716.6532294186151,2.2424000000000013,TP,0.08,0.0776,SHORT,19_flag_short_4H,ranging,downtrend
0,8,40,2,50,3,9,HYPEUSDT,2026-01-19 00:00:00,24.44,2026-01-19 00:00:00,23.7068,3.2733224222585924,2.2424000000000004,TP,0.08,0.0776,SHORT,19_flag_short_4H,ranging,downtrend
0,8,40,2,50,3,9,LTCUSDT,2026-01-19 00:00:00,72.21,2026-01-19 00:00:00,70.04369999999999,1.107879795042238,2.242400000000008,TP,0.08,0.0776,SHORT,19_flag_short_4H,ranging,downtrend
0,8,40,2,50,3,9,NEARUSDT,2026-01-19 00:00:00,1.6273,2026-01-19 00:00:00,1.578481,49.16118724267192,2.2423999999999977,TP,0.08,0.0776,SHORT,19_flag_short_4H,ranging,downtrend
0,8,40,2,50,3,9,PENGUUSDT,2026-01-19 00:00:00,0.010699,2026-01-19 00:00:00,0.01037803,7477.334330311244,2.242400000000002,TP,0.08,0.0776,SHORT,19_flag_short_4H,ranging,downtrend
0,8,40,2,50,3,9,SUIUSDT,2026-01-19 00:00:00,1.694,2026-01-19 00:00:00,1.64318,47.22550177095632,2.2424000000000044,TP,0.08,0.0776,SHORT,19_flag_short_4H,ranging,downtrend
0,8,40,2,50,3,9,TAOUSDT,2026-01-19 00:00:00,261.92,2026-01-19 00:00:00,254.0624,0.3054367745876603,2.2424000000000057,TP,0.08,0.0776,SHORT,19_flag_short_4H,ranging,downtrend
0,8,40,2,50,3,9,ETHUSDT,2026-01-19 08:00:00,3206.02,2026-01-20 04:00:00,3109.8394,0.0249530570614032,2.2424000000000035,TP,0.08,0.0776,SHORT,19_flag_short_4H,trending,downtrend
0,8,40,2,50,3,9,FARTCOINUSDT,2026-01-20 04:00:00,0.3175,2026-01-20 04:00:00,0.307975,251.96850393700788,2.2424000000000017,TP,0.08,0.0776,SHORT,19_flag_short_4H,trending,downtrend
0,8,40,2,50,3,9,AAVEUSDT,2026-01-20 04:00:00,163.89,2026-01-20 08:00:00,158.9733,0.4881322838489231,2.242399999999996,TP,0.08,0.0776,SHORT,19_flag_short_4H,trending,downtrend
0,8,40,2,50,3,9,ARBUSDT,2026-01-20 04:00:00,0.1939,2026-01-20 08:00:00,0.1880829999999999,412.5838060856112,2.242400000000007,TP,0.08,0.0776,SHORT,19_flag_short_4H,trending,downtrend
0,8,40,2,50,3,9,ENAUSDT,2026-01-20 04:00:00,0.1913,2026-01-20 08:00:00,0.185561,418.1913225300575,2.2423999999999977,TP,0.08,0.0776,SHORT,19_flag_short_4H,trending,downtrend
0,8,40,2,50,3,9,ETHUSDT,2026-01-20 04:00:00,3187.79,2026-01-20 08:00:00,3092.1563,0.0250957559939644,2.2423999999999964,TP,0.08,0.0776,SHORT,19_flag_short_4H,trending,downtrend
0,8,40,2,50,3,9,HBARUSDT,2026-01-20 04:00:00,0.1102,2026-01-20 08:00:00,0.106894,725.9528130671506,2.242400000000002,TP,0.08,0.0776,SHORT,19_flag_short_4H,trending,downtrend
0,8,40,2,50,3,9,HYPEUSDT,2026-01-20 04:00:00,23.743,2026-01-20 08:00:00,23.03071,3.3694141431158657,2.242399999999998,TP,0.08,0.0776,SHORT,19_flag_short_4H,trending,downtrend
0,8,40,2,50,3,9,NEARUSDT,2026-01-20 04:00:00,1.5871,2026-01-20 08:00:00,1.5394869999999998,50.40640161300485,2.2424000000000066,TP,0.08,0.0776,SHORT,19_flag_short_4H,trending,downtrend
0,8,40,2,50,3,9,PENGUUSDT,2026-01-20 04:00:00,0.010255,2026-01-20 08:00:00,0.00994735,7801.07264748903,2.242399999999997,TP,0.08,0.0776,SHORT,19_flag_short_4H,trending,downtrend
0,8,40,2,50,3,9,SOLUSDT,2026-01-20 04:00:00,134.184,2026-01-20 08:00:00,130.15848,0.5961962678113635,2.2424,TP,0.08,0.0776,SHORT,19_flag_short_4H,trending,downtrend
0,8,40,2,50,3,9,SUIUSDT,2026-01-20 04:00:00,1.5597,2026-01-20 08:00:00,1.512909,51.291915111880485,2.2424000000000013,TP,0.08,0.0776,SHORT,19_flag_short_4H,trending,downtrend
0,8,40,2,50,3,9,TAOUSDT,2026-01-20 04:00:00,249.46,2026-01-20 08:00:00,241.9762,0.3206926962238435,2.242400000000001,TP,0.08,0.0776,SHORT,19_flag_short_4H,trending,downtrend
0,8,40,2,50,3,9,AVAXUSDT,2026-01-20 04:00:00,12.695,2026-01-20 12:00:00,12.31415,6.301693580149665,2.242400000000004,TP,0.08,0.0776,SHORT,19_flag_short_4H,trending,downtrend
0,8,40,2,50,3,9,BNBUSDT,2026-01-20 04:00:00,927.06,2026-01-20 12:00:00,899.2481999999999,0.0862943067331133,2.2424000000000057,TP,0.08,0.0776,SHORT,19_flag_short_4H,trending,downtrend
0,8,40,2,50,3,9,LINKUSDT,2026-01-20 04:00:00,12.854,2026-01-20 12:00:00,12.468379999999998,6.223743581764432,2.2424000000000075,TP,0.08,0.0776,SHORT,19_flag_short_4H,trending,downtrend
0,8,40,2,50,3,9,ADAUSDT,2026-01-20 04:00:00,0.3662,2026-01-20 16:00:00,0.355214,218.45985800109227,2.2423999999999986,TP,0.08,0.0776,SHORT,19_flag_short_4H,trending,downtrend
0,8,40,2,50,3,9,APTUSDT,2026-01-20 04:00:00,1.6022,2026-01-20 16:00:00,1.554134,49.93134440144801,2.2423999999999973,TP,0.08,0.0776,SHORT,19_flag_short_4H,trending,downtrend
0,8,40,2,50,3,9,BTCUSDT,2026-01-20 04:00:00,92405.1,2026-01-20 16:00:00,89632.947,0.0008657530807282,2.242400000000005,TP,0.08,0.0776,SHORT,19_flag_short_4H,trending,downtrend
0,8,40,2,50,3,9,DOGEUSDT,2026-01-20 04:00:00,0.1279,2026-01-20 16:00:00,0.124063,625.4886630179827,2.2424000000000044,TP,0.08,0.0776,SHORT,19_flag_short_4H,trending,downtrend
0,8,40,2,50,3,9,LTCUSDT,2026-01-20 04:00:00,70.2,2026-01-20 16:00:00,68.094,1.1396011396011396,2.24240000000001,TP,0.08,0.0776,SHORT,19_flag_short_4H,trending,downtrend
0,8,40,2,50,3,9,XRPUSDT,2026-01-20 04:00:00,1.9613,2026-01-20 16:00:00,1.902461,40.78927242135318,2.2424000000000035,TP,0.08,0.0776,SHORT,19_flag_short_4H,trending,downtrend
0,8,40,2,50,3,9,BCHUSDT,2026-01-20 04:00:00,581.54,2026-01-20 20:00:00,564.0938,0.1375657736355195,2.2423999999999973,TP,0.08,0.0776,SHORT,19_flag_short_4H,trending,downtrend
0,8,40,2,50,3,9,SUIUSDT,2026-01-20 20:00:00,1.4985,2026-01-20 20:00:00,1.453545,53.386720053386725,2.2424000000000044,TP,0.08,0.0776,SHORT,19_flag_short_4H,trending,downtrend
0,8,40,2,50,3,9,BNBUSDT,2026-01-20 20:00:00,895.27,2026-01-21 00:00:00,868.4119,0.0893585175421939,2.2424000000000035,TP,0.08,0.0776,SHORT,19_flag_short_4H,trending,downtrend
0,8,40,2,50,3,9,ENAUSDT,2026-01-20 20:00:00,0.1815,2026-01-21 12:00:00,0.176055,440.7713498622589,2.242400000000002,TP,0.08,0.0776,SHORT,19_flag_short_4H,trending,downtrend
0,8,40,2,50,3,9,ETHUSDT,2026-01-20 20:00:00,2995.34,2026-01-21 12:00:00,2905.4798,0.0267081533315082,2.2424000000000017,TP,0.08,0.0776,SHORT,19_flag_short_4H,trending,downtrend
0,8,40,2,50,3,9,TAOUSDT,2026-01-20 20:00:00,236.48,2026-01-21 12:00:00,229.3856,0.3382949932341001,2.2424000000000026,TP,0.08,0.0776,SHORT,19_flag_short_4H,trending,downtrend
0,8,40,2,50,3,9,LINKUSDT,2026-01-20 20:00:00,12.268,2026-01-21 16:00:00,11.89996,6.521030322791001,2.242400000000004,TP,0.08,0.0776,SHORT,19_flag_short_4H,trending,downtrend
0,8,40,2,50,3,9,ARBUSDT,2026-01-20 20:00:00,0.1838,2026-01-22 12:00:00,0.178286,435.2557127312296,2.2423999999999964,TP,0.08,0.0776,SHORT,19_flag_short_4H,trending,downtrend
0,8,40,2,50,3,9,AVAXUSDT,2026-01-20 20:00:00,12.175,2026-01-25 12:00:00,11.80975,6.570841889117043,2.2423999999999973,TP,0.08,0.0776,SHORT,19_flag_short_4H,trending,downtrend
0,8,40,2,50,3,9,AAVEUSDT,2026-01-20 20:00:00,154.89,2026-01-25 16:00:00,150.24329999999998,0.5164955775066177,2.2424000000000053,TP,0.08,0.0776,SHORT,19_flag_short_4H,trending,downtrend
0,8,40,2,50,3,9,ADAUSDT,2026-01-20 20:00:00,0.3521,2026-01-25 16:00:00,0.341537,227.20817949446177,2.2423999999999973,TP,0.08,0.0776,SHORT,19_flag_short_4H,trending,downtrend
0,8,40,2,50,3,9,APTUSDT,2026-01-20 20:00:00,1.5458,2026-01-25 16:00:00,1.499426,51.75313753396299,2.242400000000007,TP,0.08,0.0776,SHORT,19_flag_short_4H,trending,downtrend
0,8,40,2,50,3,9,BTCUSDT,2026-01-20 20:00:00,89693.8,2026-01-25 16:00:00,87002.986,0.0008919234105367,2.2423999999999986,TP,0.08,0.0776,SHORT,19_flag_short_4H,trending,downtrend
0,8,40,2,50,3,9,DOGEUSDT,2026-01-20 20:00:00,0.12385,2026-01-25 16:00:00,0.1201345,645.9426725878078,2.2423999999999977,TP,0.08,0.0776,SHORT,19_flag_short_4H,trending,downtrend
0,8,40,2,50,3,9,DOTUSDT,2026-01-20 20:00:00,1.911,2026-01-25 16:00:00,1.85367,41.86289900575615,2.2424000000000044,TP,0.08,0.0776,SHORT,19_flag_short_4H,trending,downtrend
0,8,40,2,50,3,9,HBARUSDT,2026-01-20 20:00:00,0.10538,2026-01-25 16:00:00,0.1022185999999999,759.1573353577529,2.2424000000000066,TP,0.08,0.0776,SHORT,19_flag_short_4H,trending,downtrend
0,8,40,2,50,3,9,NEARUSDT,2026-01-20 20:00:00,1.5186,2026-01-25 16:00:00,1.473042,52.68010009219018,2.2423999999999995,TP,0.08,0.0776,SHORT,19_flag_short_4H,trending,downtrend
0,8,40,2,50,3,9,PENGUUSDT,2026-01-20 20:00:00,0.009701,2026-01-25 16:00:00,0.00940997,8246.572518297084,2.2423999999999955,TP,0.08,0.0776,SHORT,19_flag_short_4H,trending,downtrend
0,8,40,2,50,3,9,SOLUSDT,2026-01-20 20:00:00,127.199,2026-01-25 16:00:00,123.38303,0.6289357620736012,2.242400000000005,TP,0.08,0.0776,SHORT,19_flag_short_4H,trending,downtrend
0,8,40,2,50,3,9,XRPUSDT,2026-01-20 20:00:00,1.9017,2026-01-25 16:00:00,1.844649,42.06762370510596,2.2423999999999986,TP,0.08,0.0776,SHORT,19_flag_short_4H,trending,downtrend
0,8,40,2,50,3,9,LTCUSDT,2026-01-20 20:00:00,67.54,2026-01-25 20:00:00,65.5138,1.1844832691738227,2.242400000000003,TP,0.08,0.0776,SHORT,19_flag_short_4H,trending,downtrend
0,8,40,2,50,3,9,BCHUSDT,2026-01-20 20:00:00,570.71,2026-01-29 04:00:00,582.23,0.1401762716616144,-1.776445480191338,SELL_AFTER,0.08,0.0816148306495418,SHORT,19_flag_short_4H,trending,downtrend
0,8,40,2,50,3,9,ADAUSDT,2026-01-29 04:00:00,0.3509,2026-01-29 12:00:00,0.340373,227.98518096323735,2.2424000000000017,TP,0.08,0.0776,SHORT,19_flag_short_4H,ranging,downtrend
0,8,40,2,50,3,9,APTUSDT,2026-01-29 04:00:00,1.5558,2026-01-29 12:00:00,1.509126,51.42049106568968,2.2424000000000053,TP,0.08,0.0776,SHORT,19_flag_short_4H,ranging,downtrend
0,8,40,2,50,3,9,ARBUSDT,2026-01-29 04:00:00,0.1663,2026-01-29 12:00:00,0.161311,481.0583283223091,2.242399999999997,TP,0.08,0.0776,SHORT,19_flag_short_4H,ranging,downtrend
0,8,40,2,50,3,9,AVAXUSDT,2026-01-29 04:00:00,11.78,2026-01-29 12:00:00,11.4266,6.791171477079796,2.2424000000000044,TP,0.08,0.0776,SHORT,19_flag_short_4H,ranging,downtrend
0,8,40,2,50,3,9,BCHUSDT,2026-01-29 04:00:00,581.79,2026-01-29 12:00:00,564.3362999999999,0.1375066604788669,2.2424000000000035,TP,0.08,0.0776,SHORT,19_flag_short_4H,ranging,downtrend
0,8,40,2,50,3,9,BTCUSDT,2026-01-29 04:00:00,88010.5,2026-01-29 12:00:00,85370.185,0.0009089824509575,2.242400000000002,TP,0.08,0.0776,SHORT,19_flag_short_4H,ranging,downtrend
0,8,40,2,50,3,9,DOGEUSDT,2026-01-29 04:00:00,0.12216,2026-01-29 12:00:00,0.1184952,654.8788474132285,2.242400000000006,TP,0.08,0.0776,SHORT,19_flag_short_4H,ranging,downtrend
0,8,40,2,50,3,9,DOTUSDT,2026-01-29 04:00:00,1.815,2026-01-29 12:00:00,1.7605499999999998,44.0771349862259,2.2424000000000053,TP,0.08,0.0776,SHORT,19_flag_short_4H,ranging,downtrend
0,8,40,2,50,3,9,ENAUSDT,2026-01-29 04:00:00,0.1665,2026-01-29 12:00:00,0.161505,480.4804804804805,2.2424,TP,0.08,0.0776,SHORT,19_flag_short_4H,ranging,downtrend
0,8,40,2,50,3,9,ETHUSDT,2026-01-29 04:00:00,2951.66,2026-01-29 12:00:00,2863.1102,0.0271033926671771,2.2424000000000066,TP,0.08,0.0776,SHORT,19_flag_short_4H,ranging,downtrend
0,8,40,2,50,3,9,FARTCOINUSDT,2026-01-29 04:00:00,0.2872,2026-01-29 12:00:00,0.278584,278.55153203342616,2.2424000000000035,TP,0.08,0.0776,SHORT,19_flag_short_4H,ranging,downtrend
0,8,40,2,50,3,9,HBARUSDT,2026-01-29 04:00:00,0.10445,2026-01-29 12:00:00,0.1013165,765.9167065581618,2.2423999999999977,TP,0.08,0.0776,SHORT,19_flag_short_4H,ranging,downtrend
0,8,40,2,50,3,9,LINKUSDT,2026-01-29 04:00:00,11.639,2026-01-29 12:00:00,11.289829999999998,6.873442735630209,2.242400000000006,TP,0.08,0.0776,SHORT,19_flag_short_4H,ranging,downtrend
0,8,40,2,50,3,9,LTCUSDT,2026-01-29 04:00:00,68.01,2026-01-29 12:00:00,65.9697,1.1762976032936332,2.242400000000002,TP,0.08,0.0776,SHORT,19_flag_short_4H,ranging,downtrend
0,8,40,2,50,3,9,NEARUSDT,2026-01-29 04:00:00,1.4479,2026-01-29 12:00:00,1.404463,55.252434560397816,2.2423999999999973,TP,0.08,0.0776,SHORT,19_flag_short_4H,ranging,downtrend
0,8,40,2,50,3,9,PENGUUSDT,2026-01-29 04:00:00,0.009605,2026-01-29 12:00:00,0.00931685,8328.995314940135,2.2424000000000075,TP,0.08,0.0776,SHORT,19_flag_short_4H,ranging,downtrend
0,8,40,2,50,3,9,SOLUSDT,2026-01-29 04:00:00,122.99,2026-01-29 12:00:00,119.3003,0.6504593869420279,2.2424000000000017,TP,0.08,0.0776,SHORT,19_flag_short_4H,ranging,downtrend
0,8,40,2,50,3,9,SUIUSDT,2026-01-29 04:00:00,1.3657,2026-01-29 12:00:00,1.3247289999999998,58.578018598520906,2.2424000000000053,TP,0.08,0.0776,SHORT,19_flag_short_4H,ranging,downtrend
0,8,40,2,50,3,9,TAOUSDT,2026-01-29 04:00:00,229.62,2026-01-29 12:00:00,222.7314,0.3484017071683651,2.2423999999999986,TP,0.08,0.0776,SHORT,19_flag_short_4H,ranging,downtrend
0,8,40,2,50,3,9,XRPUSDT,2026-01-29 04:00:00,1.875,2026-01-29 12:00:00,1.81875,42.66666666666666,2.2424000000000057,TP,0.08,0.0776,SHORT,19_flag_short_4H,ranging,downtrend
0,8,40,2,50,3,9,AAVEUSDT,2026-01-29 12:00:00,153.88,2026-01-29 12:00:00,149.2636,0.5198856251624643,2.2423999999999995,TP,0.08,0.0776,SHORT,19_flag_short_4H,ranging,downtrend
0,8,40,2,50,3,9,ADAUSDT,2026-01-29 12:00:00,0.3463,2026-01-29 12:00:00,0.335911,231.0135720473578,2.242399999999996,TP,0.08,0.0776,SHORT,19_flag_short_4H,ranging,downtrend
0,8,40,2,50,3,9,APTUSDT,2026-01-29 12:00:00,1.5493,2026-01-29 12:00:00,1.502821,51.63622281030143,2.2423999999999973,TP,0.08,0.0776,SHORT,19_flag_short_4H,ranging,downtrend
0,8,40,2,50,3,9,ARBUSDT,2026-01-29 12:00:00,0.1636,2026-01-29 12:00:00,0.158692,488.99755501222495,2.242399999999998,TP,0.08,0.0776,SHORT,19_flag_short_4H,ranging,downtrend
0,8,40,2,50,3,9,AVAXUSDT,2026-01-29 12:00:00,11.653,2026-01-29 12:00:00,11.30341,6.865184930919076,2.2424000000000066,TP,0.08,0.0776,SHORT,19_flag_short_4H,ranging,downtrend
0,8,40,2,50,3,9,BCHUSDT,2026-01-29 12:00:00,576.72,2026-01-29 12:00:00,559.4184,0.1387154945207379,2.242400000000001,TP,0.08,0.0776,SHORT,19_flag_short_4H,ranging,downtrend
0,8,40,2,50,3,9,DOGEUSDT,2026-01-29 12:00:00,0.1211,2026-01-29 12:00:00,0.117467,660.6110652353427,2.242399999999998,TP,0.08,0.0776,SHORT,19_flag_short_4H,ranging,downtrend
0,8,40,2,50,3,9,DOTUSDT,2026-01-29 12:00:00,1.789,2026-01-29 12:00:00,1.7353299999999998,44.71771939631079,2.242400000000005,TP,0.08,0.0776,SHORT,19_flag_short_4H,ranging,downtrend
0,8,40,2,50,3,9,ENAUSDT,2026-01-29 12:00:00,0.1634,2026-01-29 12:00:00,0.1584979999999999,489.5960832313342,2.242400000000009,TP,0.08,0.0776,SHORT,19_flag_short_4H,ranging,downtrend
0,8,40,2,50,3,9,ETHUSDT,2026-01-29 12:00:00,2928.52,2026-01-29 12:00:00,2840.6644,0.0273175528936117,2.2423999999999964,TP,0.08,0.0776,SHORT,19_flag_short_4H,ranging,downtrend
0,8,40,2,50,3,9,FARTCOINUSDT,2026-01-29 12:00:00,0.2874,2026-01-29 12:00:00,0.2787779999999999,278.3576896311761,2.2424000000000053,TP,0.08,0.0776,SHORT,19_flag_short_4H,ranging,downtrend
0,8,40,2,50,3,9,HBARUSDT,2026-01-29 12:00:00,0.10343,2026-01-29 12:00:00,0.1003270999999999,773.469979696413,2.2424000000000044,TP,0.08,0.0776,SHORT,19_flag_short_4H,ranging,downtrend
0,8,40,2,50,3,9,LINKUSDT,2026-01-29 12:00:00,11.543,2026-01-29 12:00:00,11.19671,6.930607294464178,2.2423999999999986,TP,0.08,0.0776,SHORT,19_flag_short_4H,ranging,downtrend
0,8,40,2,50,3,9,LTCUSDT,2026-01-29 12:00:00,67.48,2026-01-29 12:00:00,65.4556,1.1855364552459988,2.2424,TP,0.08,0.0776,SHORT,19_flag_short_4H,ranging,downtrend
0,8,40,2,50,3,9,NEARUSDT,2026-01-29 12:00:00,1.4175,2026-01-29 12:00:00,1.3749749999999998,56.43738977072311,2.2424000000000084,TP,0.08,0.0776,SHORT,19_flag_short_4H,ranging,downtrend
0,8,40,2,50,3,9,PENGUUSDT,2026-01-29 12:00:00,0.009558,2026-01-29 12:00:00,0.00927126,8369.951872776732,2.2424000000000053,TP,0.08,0.0776,SHORT,19_flag_short_4H,ranging,downtrend
0,8,40,2,50,3,9,SOLUSDT,2026-01-29 12:00:00,122.701,2026-01-29 12:00:00,119.01997,0.651991426312744,2.2424000000000044,TP,0.08,0.0776,SHORT,19_flag_short_4H,ranging,downtrend
0,8,40,2,50,3,9,SUIUSDT,2026-01-29 12:00:00,1.3522,2026-01-29 12:00:00,1.311634,59.16284573287975,2.2424000000000057,TP,0.08,0.0776,SHORT,19_flag_short_4H,ranging,downtrend
0,8,40,2,50,3,9,TAOUSDT,2026-01-29 12:00:00,226.17,2026-01-29 12:00:00,219.3849,0.3537162311535571,2.2424000000000004,TP,0.08,0.0776,SHORT,19_flag_short_4H,ranging,downtrend
0,8,40,2,50,3,9,XRPUSDT,2026-01-29 12:00:00,1.8704,2026-01-29 12:00:00,1.814288,42.7715996578272,2.242400000000007,TP,0.08,0.0776,SHORT,19_flag_short_4H,ranging,downtrend
0,8,40,2,50,3,9,APTUSDT,2026-01-29 16:00:00,1.4869,2026-01-29 16:00:00,1.442293,53.80321474208083,2.242400000000003,TP,0.08,0.0776,SHORT,19_flag_short_4H,trending,downtrend
0,8,40,2,50,3,9,AAVEUSDT,2026-01-29 16:00:00,147.18,2026-01-30 00:00:00,142.7646,0.5435521130588394,2.2424000000000026,TP,0.08,0.0776,SHORT,19_flag_short_4H,trending,downtrend
0,8,40,2,50,3,9,ADAUSDT,2026-01-29 16:00:00,0.333,2026-01-30 00:00:00,0.32301,240.24024024024024,2.2424,TP,0.08,0.0776,SHORT,19_flag_short_4H,trending,downtrend
0,8,40,2,50,3,9,BCHUSDT,2026-01-29 16:00:00,552.22,2026-01-30 00:00:00,535.6534,0.1448697982688059,2.242399999999999,TP,0.08,0.0776,SHORT,19_flag_short_4H,trending,downtrend
0,8,40,2,50,3,9,BTCUSDT,2026-01-29 16:00:00,84911.4,2026-01-30 00:00:00,82364.05799999999,0.0009421585323054,2.2424000000000044,TP,0.08,0.0776,SHORT,19_flag_short_4H,trending,downtrend
0,8,40,2,50,3,9,DOGEUSDT,2026-01-29 16:00:00,0.11611,2026-01-30 00:00:00,0.1126267,689.0018086297476,2.2424000000000057,TP,0.08,0.0776,SHORT,19_flag_short_4H,trending,downtrend
0,8,40,2,50,3,9,DOTUSDT,2026-01-29 16:00:00,1.731,2026-01-30 00:00:00,1.67907,46.2160600808781,2.2424000000000013,TP,0.08,0.0776,SHORT,19_flag_short_4H,trending,downtrend
0,8,40,2,50,3,9,ETHUSDT,2026-01-29 16:00:00,2822.94,2026-01-30 00:00:00,2738.2518,0.0283392491515937,2.2424000000000013,TP,0.08,0.0776,SHORT,19_flag_short_4H,trending,downtrend
0,8,40,2,50,3,9,HBARUSDT,2026-01-29 16:00:00,0.10052,2026-01-30 00:00:00,0.0975043999999999,795.8615200955034,2.2424000000000057,TP,0.08,0.0776,SHORT,19_flag_short_4H,trending,downtrend
0,8,40,2,50,3,9,LINKUSDT,2026-01-29 16:00:00,11.026,2026-01-30 00:00:00,10.69522,7.255577725376384,2.2424000000000057,TP,0.08,0.0776,SHORT,19_flag_short_4H,trending,downtrend
0,8,40,2,50,3,9,LTCUSDT,2026-01-29 16:00:00,65.43,2026-01-30 00:00:00,63.4671,1.2226807274950326,2.2424000000000053,TP,0.08,0.0776,SHORT,19_flag_short_4H,trending,downtrend
0,8,40,2,50,3,9,NEARUSDT,2026-01-29 16:00:00,1.374,2026-01-30 00:00:00,1.33278,58.22416302765647,2.2424000000000017,TP,0.08,0.0776,SHORT,19_flag_short_4H,trending,downtrend
0,8,40,2,50,3,9,SOLUSDT,2026-01-29 16:00:00,117.623,2026-01-30 00:00:00,114.09431,0.6801390884435867,2.242399999999998,TP,0.08,0.0776,SHORT,19_flag_short_4H,trending,downtrend
0,8,40,2,50,3,9,SUIUSDT,2026-01-29 16:00:00,1.2959,2026-01-30 00:00:00,1.257023,61.7331584227178,2.242400000000003,TP,0.08,0.0776,SHORT,19_flag_short_4H,trending,downtrend
0,8,40,2,50,3,9,XRPUSDT,2026-01-29 16:00:00,1.8005,2026-01-30 00:00:00,1.7464849999999998,44.43210219383504,2.242400000000006,TP,0.08,0.0776,SHORT,19_flag_short_4H,trending,downtrend
0,8,40,2,50,3,9,AVAXUSDT,2026-01-29 16:00:00,10.987,2026-01-30 16:00:00,10.65739,7.281332483844544,2.242400000000005,TP,0.08,0.0776,SHORT,19_flag_short_4H,trending,downtrend
0,8,40,2,50,3,9,AAVEUSDT,2026-01-30 16:00:00,139.69,2026-01-30 16:00:00,135.4993,0.5726966855179326,2.242399999999996,TP,0.08,0.0776,SHORT,19_flag_short_4H,trending,downtrend
0,8,40,2,50,3,9,ADAUSDT,2026-01-30 16:00:00,0.3256,2026-01-30 16:00:00,0.315832,245.7002457002457,2.2423999999999995,TP,0.08,0.0776,SHORT,19_flag_short_4H,trending,downtrend
0,8,40,2,50,3,9,ETHUSDT,2026-01-30 16:00:00,2727.88,2026-01-30 16:00:00,2646.0436,0.0293268032318137,2.242400000000004,TP,0.08,0.0776,SHORT,19_flag_short_4H,trending,downtrend
0,8,40,2,50,3,9,SUIUSDT,2026-01-30 16:00:00,1.2759,2026-01-30 16:00:00,1.237623,62.70083862371659,2.2424000000000075,TP,0.08,0.0776,SHORT,19_flag_short_4H,trending,downtrend
0,8,40,2,50,3,9,TAOUSDT,2026-01-30 16:00:00,214.03,2026-01-30 16:00:00,207.6091,0.3737793767228893,2.2424000000000066,TP,0.08,0.0776,SHORT,19_flag_short_4H,trending,downtrend
0,8,40,2,50,3,9,AVAXUSDT,2026-01-30 16:00:00,10.925,2026-01-31 04:00:00,10.59725,7.322654462242562,2.2424,TP,0.08,0.0776,SHORT,19_flag_short_4H,trending,downtrend
0,8,40,2,50,3,9,DOTUSDT,2026-01-30 16:00:00,1.684,2026-01-31 08:00:00,1.6334799999999998,47.50593824228029,2.2424000000000057,TP,0.08,0.0776,SHORT,19_flag_short_4H,trending,downtrend
0,8,40,2,50,3,9,LINKUSDT,2026-01-30 16:00:00,10.764,2026-01-31 08:00:00,10.44108,7.432181345224824,2.242399999999999,TP,0.08,0.0776,SHORT,19_flag_short_4H,trending,downtrend
0,8,40,2,50,3,9,XRPUSDT,2026-01-30 16:00:00,1.7577,2026-01-31 08:00:00,1.704969,45.51402400864767,2.242400000000004,TP,0.08,0.0776,SHORT,19_flag_short_4H,trending,downtrend
0,8,40,2,50,3,9,BTCUSDT,2026-01-30 16:00:00,82848.6,2026-01-31 16:00:00,80363.142,0.000965616799801,2.2423999999999986,TP,0.08,0.0776,SHORT,19_flag_short_4H,trending,downtrend
0,8,40,2,50,3,9,ADAUSDT,2026-01-31 16:00:00,0.296,2026-01-31 16:00:00,0.28712,270.27027027027026,2.2423999999999995,TP,0.08,0.0776,SHORT,19_flag_short_4H,trending,downtrend
0,8,40,2,50,3,9,APTUSDT,2026-01-31 16:00:00,1.2906,2026-01-31 16:00:00,1.251882,61.98667286533396,2.242400000000002,TP,0.08,0.0776,SHORT,19_flag_short_4H,trending,downtrend
0,8,40,2,50,3,9,AVAXUSDT,2026-01-31 16:00:00,10.156,2026-01-31 16:00:00,9.85132,7.877116975187081,2.2424000000000093,TP,0.08,0.0776,SHORT,19_flag_short_4H,trending,downtrend
0,8,40,2,50,3,9,BCHUSDT,2026-01-31 16:00:00,519.4,2026-01-31 16:00:00,503.818,0.1540238737004235,2.2423999999999995,TP,0.08,0.0776,SHORT,19_flag_short_4H,trending,downtrend
0,8,40,2,50,3,9,BNBUSDT,2026-01-31 16:00:00,802.78,2026-01-31 16:00:00,778.6966,0.0996537033807518,2.242399999999998,TP,0.08,0.0776,SHORT,19_flag_short_4H,trending,downtrend
0,8,40,2,50,3,9,BTCUSDT,2026-01-31 16:00:00,81266.7,2026-01-31 16:00:00,78828.699,0.0009844130498715,2.242400000000004,TP,0.08,0.0776,SHORT,19_flag_short_4H,trending,downtrend
0,8,40,2,50,3,9,DOGEUSDT,2026-01-31 16:00:00,0.10672,2026-01-31 16:00:00,0.1035184,749.6251874062968,2.242399999999999,TP,0.08,0.0776,SHORT,19_flag_short_4H,trending,downtrend
0,8,40,2,50,3,9,ENAUSDT,2026-01-31 16:00:00,0.1393,2026-01-31 16:00:00,0.135121,574.300071787509,2.2424000000000093,TP,0.08,0.0776,SHORT,19_flag_short_4H,trending,downtrend
0,8,40,2,50,3,9,ETHUSDT,2026-01-31 16:00:00,2532.54,2026-01-31 16:00:00,2456.5638,0.031588839662947,2.2424000000000017,TP,0.08,0.0776,SHORT,19_flag_short_4H,trending,downtrend
0,8,40,2,50,3,9,LINKUSDT,2026-01-31 16:00:00,10.04,2026-01-31 16:00:00,9.7388,7.9681274900398416,2.2423999999999977,TP,0.08,0.0776,SHORT,19_flag_short_4H,trending,downtrend
0,8,40,2,50,3,9,LTCUSDT,2026-01-31 16:00:00,60.14,2026-01-31 16:00:00,58.3358,1.3302294645826405,2.242400000000002,TP,0.08,0.0776,SHORT,19_flag_short_4H,trending,downtrend
0,8,40,2,50,3,9,SOLUSDT,2026-01-31 16:00:00,108.59,2026-01-31 16:00:00,105.3323,0.7367160880375725,2.2424,TP,0.08,0.0776,SHORT,19_flag_short_4H,trending,downtrend
0,8,40,2,50,3,9,XRPUSDT,2026-01-31 16:00:00,1.6344,2026-01-31 16:00:00,1.585368,48.94762604013705,2.242399999999998,TP,0.08,0.0776,SHORT,19_flag_short_4H,trending,downtrend
0,8,40,2,50,3,9,BNBUSDT,2026-02-01 08:00:00,777.59,2026-02-01 12:00:00,754.2623,0.1028819815069638,2.242400000000005,TP,0.08,0.0776,SHORT,19_flag_short_4H,trending,downtrend
0,8,40,2,50,3,9,BTCUSDT,2026-02-01 08:00:00,78312.8,2026-02-01 20:00:00,75963.416,0.0010215443707797,2.2424000000000053,TP,0.08,0.0775999999999999,SHORT,19_flag_short_4H,trending,downtrend
0,8,40,2,50,3,9,DOTUSDT,2026-02-01 20:00:00,1.503,2026-02-01 20:00:00,1.4579099999999998,53.22687957418497,2.2424000000000044,TP,0.08,0.0776,SHORT,19_flag_short_4H,trending,downtrend
0,8,40,2,50,3,9,ETHUSDT,2026-02-01 20:00:00,2319.21,2026-02-01 20:00:00,2249.6337,0.0344945045942368,2.2424000000000057,TP,0.08,0.0776,SHORT,19_flag_short_4H,trending,downtrend
0,8,40,2,50,3,9,FARTCOINUSDT,2026-02-01 20:00:00,0.2178,2026-02-01 20:00:00,0.2112659999999999,367.30945821854914,2.2424000000000044,TP,0.08,0.0776,SHORT,19_flag_short_4H,trending,downtrend
0,8,40,2,50,3,9,LINKUSDT,2026-02-01 20:00:00,9.525,2026-02-01 20:00:00,9.23925,8.398950131233596,2.2424000000000013,TP,0.08,0.0776,SHORT,19_flag_short_4H,trending,downtrend
0,8,40,2,50,3,9,SOLUSDT,2026-02-01 20:00:00,101.862,2026-02-01 20:00:00,98.80614,0.7853762934165832,2.2423999999999964,TP,0.08,0.0776,SHORT,19_flag_short_4H,trending,downtrend
0,8,40,2,50,3,9,AAVEUSDT,2026-02-01 20:00:00,124.6,2026-02-02 00:00:00,120.862,0.6420545746388443,2.2424,TP,0.08,0.0776,SHORT,19_flag_short_4H,trending,downtrend
0,8,40,2,50,3,9,ADAUSDT,2026-02-01 20:00:00,0.2868,2026-02-02 00:00:00,0.278196,278.9400278940028,2.2424000000000004,TP,0.08,0.0776,SHORT,19_flag_short_4H,trending,downtrend
0,8,40,2,50,3,9,APTUSDT,2026-02-01 20:00:00,1.2409,2026-02-02 00:00:00,1.2036729999999998,64.46933677169797,2.242400000000008,TP,0.08,0.0776,SHORT,19_flag_short_4H,trending,downtrend
0,8,40,2,50,3,9,AVAXUSDT,2026-02-01 20:00:00,9.879,2026-02-02 00:00:00,9.58263,8.097985626075515,2.242399999999997,TP,0.08,0.0776,SHORT,19_flag_short_4H,trending,downtrend
0,8,40,2,50,3,9,BCHUSDT,2026-02-01 20:00:00,519.91,2026-02-02 00:00:00,504.3127,0.1538727856744436,2.2424000000000026,TP,0.08,0.0776,SHORT,19_flag_short_4H,trending,downtrend
0,8,40,2,50,3,9,BTCUSDT,2026-02-01 20:00:00,77141.6,2026-02-02 00:00:00,74827.352,0.0010370539371752,2.2424000000000066,TP,0.08,0.0775999999999999,SHORT,19_flag_short_4H,trending,downtrend
0,8,40,2,50,3,9,DOGEUSDT,2026-02-01 20:00:00,0.10409,2026-02-02 00:00:00,0.1009673,768.5656643289461,2.242400000000005,TP,0.08,0.0776,SHORT,19_flag_short_4H,trending,downtrend
0,8,40,2,50,3,9,HBARUSDT,2026-02-01 20:00:00,0.08909,2026-02-02 00:00:00,0.0864173,897.9683466157818,2.2424,TP,0.08,0.0776,SHORT,19_flag_short_4H,trending,downtrend
0,8,40,2,50,3,9,LTCUSDT,2026-02-01 20:00:00,58.72,2026-02-02 00:00:00,56.9584,1.362397820163488,2.242400000000002,TP,0.08,0.0776,SHORT,19_flag_short_4H,trending,downtrend
0,8,40,2,50,3,9,TAOUSDT,2026-02-01 20:00:00,189.43,2026-02-02 00:00:00,183.7471,0.4223195903499973,2.2424000000000075,TP,0.08,0.0776,SHORT,19_flag_short_4H,trending,downtrend
0,8,40,2,50,3,9,XRPUSDT,2026-02-01 20:00:00,1.599,2026-02-02 00:00:00,1.55103,50.03126954346467,2.2424000000000035,TP,0.08,0.0776,SHORT,19_flag_short_4H,trending,downtrend
0,8,40,2,50,3,9,NEARUSDT,2026-02-01 20:00:00,1.1675,2026-02-03 16:00:00,1.132475,68.52248394004283,2.242400000000006,TP,0.08,0.0776,SHORT,19_flag_short_4H,trending,downtrend
0,8,40,2,50,3,9,ARBUSDT,2026-02-03 16:00:00,0.1338,2026-02-03 16:00:00,0.129786,597.9073243647234,2.2423999999999937,TP,0.08,0.0776,SHORT,19_flag_short_4H,volatile,downtrend
0,8,40,2,50,3,9,BNBUSDT,2026-02-03 16:00:00,776.17,2026-02-03 16:00:00,752.8848999999999,0.10307020369249,2.242400000000006,TP,0.08,0.0776,SHORT,19_flag_short_4H,volatile,downtrend
0,8,40,2,50,3,9,BTCUSDT,2026-02-03 16:00:00,78087.8,2026-02-03 16:00:00,75745.166,0.0010244878201204,2.2424000000000057,TP,0.08,0.0776,SHORT,19_flag_short_4H,volatile,downtrend
0,8,40,2,50,3,9,SOLUSDT,2026-02-04 00:00:00,97.831,2026-02-04 08:00:00,94.89607,0.8177367092230479,2.242400000000007,TP,0.08,0.0776,SHORT,19_flag_short_4H,volatile,downtrend
0,8,40,2,50,3,9,SOLUSDT,2026-02-04 08:00:00,97.86,2026-02-04 08:00:00,94.9242,0.8174943797261394,2.2424000000000004,TP,0.08,0.0776,SHORT,19_flag_short_4H,volatile,downtrend
0,8,40,2,50,3,9,BCHUSDT,2026-02-04 08:00:00,530.74,2026-02-04 12:00:00,514.8178,0.1507329389154765,2.2423999999999964,TP,0.08,0.0776,SHORT,19_flag_short_4H,volatile,downtrend
0,8,40,2,50,3,9,BNBUSDT,2026-02-04 08:00:00,763.75,2026-02-04 12:00:00,740.8375,0.1047463175122749,2.2424000000000026,TP,0.08,0.0776,SHORT,19_flag_short_4H,volatile,downtrend
0,8,40,2,50,3,9,TAOUSDT,2026-02-04 08:00:00,195.51,2026-02-04 12:00:00,189.6447,0.4091862308833308,2.242400000000008,TP,0.08,0.0776,SHORT,19_flag_short_4H,volatile,downtrend
0,8,40,2,50,3,9,HBARUSDT,2026-02-04 08:00:00,0.09172,2026-02-04 16:00:00,0.0889683999999999,872.2197993894462,2.242400000000006,TP,0.08,0.0776,SHORT,19_flag_short_4H,volatile,downtrend
0,8,40,2,50,3,9,BNBUSDT,2026-02-04 16:00:00,733.26,2026-02-04 16:00:00,711.2622,0.1091018192728363,2.2423999999999986,TP,0.08,0.0776,SHORT,19_flag_short_4H,volatile,downtrend
0,8,40,2,50,3,9,ETHUSDT,2026-02-04 16:00:00,2150.72,2026-02-04 16:00:00,2086.1984,0.037196845707484,2.2424000000000017,TP,0.08,0.0776,SHORT,19_flag_short_4H,volatile,downtrend
0,8,40,2,50,3,9,FARTCOINUSDT,2026-02-04 16:00:00,0.2135,2026-02-04 16:00:00,0.207095,374.7072599531616,2.2423999999999977,TP,0.08,0.0776,SHORT,19_flag_short_4H,volatile,downtrend
0,8,40,2,50,3,9,SOLUSDT,2026-02-04 16:00:00,92.697,2026-02-04 16:00:00,89.91609,0.8630268509228993,2.242400000000005,TP,0.08,0.0776,SHORT,19_flag_short_4H,volatile,downtrend
0,8,40,2,50,3,9,ARBUSDT,2026-02-04 16:00:00,0.131,2026-02-04 20:00:00,0.12707,610.6870229007633,2.24240000000001,TP,0.08,0.0775999999999999,SHORT,19_flag_short_4H,volatile,downtrend
0,8,40,2,50,3,9,BTCUSDT,2026-02-04 16:00:00,74107.6,2026-02-04 20:00:00,71884.372,0.0010795114131344,2.242400000000003,TP,0.08,0.0776,SHORT,19_flag_short_4H,volatile,downtrend
0,8,40,2,50,3,9,XRPUSDT,2026-02-04 16:00:00,1.5425,2026-02-04 20:00:00,1.496225,51.86385737439222,2.2424000000000035,TP,0.08,0.0776,SHORT,19_flag_short_4H,volatile,downtrend
0,8,40,2,50,3,9,ENAUSDT,2026-02-04 16:00:00,0.1343,2026-02-05 04:00:00,0.130271,595.6813104988831,2.242400000000003,TP,0.08,0.0776,SHORT,19_flag_short_4H,volatile,downtrend
0,8,40,2,50,3,9,HBARUSDT,2026-02-04 16:00:00,0.08974,2026-02-05 04:00:00,0.0870478,891.4642299977713,2.2424000000000053,TP,0.08,0.0776,SHORT,19_flag_short_4H,volatile,downtrend
0,8,40,2,50,3,9,NEARUSDT,2026-02-04 16:00:00,1.1479,2026-02-05 04:00:00,1.113463,69.6924819235125,2.2424000000000035,TP,0.08,0.0776,SHORT,19_flag_short_4H,volatile,downtrend
0,8,40,2,50,3,9,PENGUUSDT,2026-02-04 16:00:00,0.007266,2026-02-05 04:00:00,0.0070480199999999,11010.184420589045,2.242400000000005,TP,0.08,0.0776,SHORT,19_flag_short_4H,volatile,downtrend
0,8,40,2,50,3,9,SUIUSDT,2026-02-04 16:00:00,1.0758,2026-02-05 04:00:00,1.043526,74.36326454731362,2.2424000000000097,TP,0.08,0.0776,SHORT,19_flag_short_4H,volatile,downtrend
0,8,40,2,50,3,9,AAVEUSDT,2026-02-04 16:00:00,122.6,2026-02-05 08:00:00,118.922,0.6525285481239804,2.242399999999998,TP,0.08,0.0776,SHORT,19_flag_short_4H,volatile,downtrend
0,8,40,2,50,3,9,ADAUSDT,2026-02-04 16:00:00,0.2863,2026-02-05 08:00:00,0.277711,279.4271742927,2.242400000000004,TP,0.08,0.0776,SHORT,19_flag_short_4H,volatile,downtrend
0,8,40,2,50,3,9,APTUSDT,2026-02-04 16:00:00,1.2198,2026-02-05 08:00:00,1.183206,65.58452205279553,2.242400000000001,TP,0.08,0.0776,SHORT,19_flag_short_4H,volatile,downtrend
0,8,40,2,50,3,9,AVAXUSDT,2026-02-04 16:00:00,9.716,2026-02-05 08:00:00,9.42452,8.233841086867024,2.2424,TP,0.08,0.0776,SHORT,19_flag_short_4H,volatile,downtrend
0,8,40,2,50,3,9,DOGEUSDT,2026-02-04 16:00:00,0.10335,2026-02-05 08:00:00,0.1002494999999999,774.0686985970005,2.242400000000005,TP,0.08,0.0776,SHORT,19_flag_short_4H,volatile,downtrend
0,8,40,2,50,3,9,DOTUSDT,2026-02-04 16:00:00,1.449,2026-02-05 08:00:00,1.40553,55.21048999309868,2.2424000000000066,TP,0.08,0.0776,SHORT,19_flag_short_4H,volatile,downtrend
0,8,40,2,50,3,9,LINKUSDT,2026-02-04 16:00:00,9.209,2026-02-05 08:00:00,8.93273,8.687153871212944,2.242400000000002,TP,0.08,0.0776,SHORT,19_flag_short_4H,volatile,downtrend
0,8,40,2,50,3,9,LTCUSDT,2026-02-04 16:00:00,58.13,2026-02-05 08:00:00,56.3861,1.3762257010149663,2.242400000000005,TP,0.08,0.0776,SHORT,19_flag_short_4H,volatile,downtrend
0,8,40,2,50,3,9,TAOUSDT,2026-02-04 16:00:00,186.09,2026-02-05 08:00:00,180.5073,0.4298995109893062,2.242400000000007,TP,0.08,0.0776,SHORT,19_flag_short_4H,volatile,downtrend
0,8,40,2,50,3,9,BCHUSDT,2026-02-04 16:00:00,519.91,2026-02-05 12:00:00,504.3127,0.1538727856744436,2.2424000000000026,TP,0.08,0.0776,SHORT,19_flag_short_4H,volatile,downtrend
0,8,40,2,50,3,9,AAVEUSDT,2026-02-05 12:00:00,118.13,2026-02-05 12:00:00,114.5861,0.6772200118513503,2.2424000000000057,TP,0.08,0.0776,SHORT,19_flag_short_4H,trending,downtrend
0,8,40,2,50,3,9,ADAUSDT,2026-02-05 12:00:00,0.2718,2026-02-05 12:00:00,0.263646,294.3340691685063,2.2423999999999986,TP,0.08,0.0776,SHORT,19_flag_short_4H,trending,downtrend
0,8,40,2,50,3,9,APTUSDT,2026-02-05 12:00:00,1.1578,2026-02-05 12:00:00,1.123066,69.09656244601831,2.242400000000003,TP,0.08,0.0776,SHORT,19_flag_short_4H,trending,downtrend
0,8,40,2,50,3,9,ARBUSDT,2026-02-05 12:00:00,0.1231,2026-02-05 12:00:00,0.119407,649.8781478472787,2.2424000000000013,TP,0.08,0.0776,SHORT,19_flag_short_4H,trending,downtrend
0,8,40,2,50,3,9,AVAXUSDT,2026-02-05 12:00:00,9.26,2026-02-05 12:00:00,8.982199999999999,8.639308855291576,2.242400000000008,TP,0.08,0.0775999999999999,SHORT,19_flag_short_4H,trending,downtrend
0,8,40,2,50,3,9,BCHUSDT,2026-02-05 12:00:00,510.85,2026-02-05 12:00:00,495.5245,0.1566017421943819,2.2424000000000053,TP,0.08,0.0776,SHORT,19_flag_short_4H,trending,downtrend
0,8,40,2,50,3,9,BNBUSDT,2026-02-05 12:00:00,682.77,2026-02-05 12:00:00,662.2869,0.1171697643423114,2.2424000000000044,TP,0.08,0.0776,SHORT,19_flag_short_4H,trending,downtrend
0,8,40,2,50,3,9,BTCUSDT,2026-02-05 12:00:00,70283.5,2026-02-05 12:00:00,68174.995,0.0011382472415289,2.2424000000000057,TP,0.08,0.0776,SHORT,19_flag_short_4H,trending,downtrend
0,8,40,2,50,3,9,DOGEUSDT,2026-02-05 12:00:00,0.09869,2026-02-05 12:00:00,0.0957293,810.6191103455265,2.2423999999999973,TP,0.08,0.0776,SHORT,19_flag_short_4H,trending,downtrend
0,8,40,2,50,3,9,DOTUSDT,2026-02-05 12:00:00,1.39,2026-02-05 12:00:00,1.3482999999999998,57.55395683453238,2.2424000000000044,TP,0.08,0.0776,SHORT,19_flag_short_4H,trending,downtrend
0,8,40,2,50,3,9,ENAUSDT,2026-02-05 12:00:00,0.1269,2026-02-05 12:00:00,0.123093,630.4176516942474,2.242400000000003,TP,0.08,0.0776,SHORT,19_flag_short_4H,trending,downtrend
0,8,40,2,50,3,9,ETHUSDT,2026-02-05 12:00:00,2078.74,2026-02-05 12:00:00,2016.3778,0.0384848514003675,2.2424000000000013,TP,0.08,0.0776,SHORT,19_flag_short_4H,trending,downtrend
0,8,40,2,50,3,9,FARTCOINUSDT,2026-02-05 12:00:00,0.2024,2026-02-05 12:00:00,0.196328,395.2569169960474,2.2423999999999977,TP,0.08,0.0776,SHORT,19_flag_short_4H,trending,downtrend
0,8,40,2,50,3,9,HBARUSDT,2026-02-05 12:00:00,0.08546,2026-02-05 12:00:00,0.0828961999999999,936.110461034402,2.242400000000005,TP,0.08,0.0776,SHORT,19_flag_short_4H,trending,downtrend
0,8,40,2,50,3,9,LINKUSDT,2026-02-05 12:00:00,8.935,2026-02-05 12:00:00,8.66695,8.953553441522104,2.242400000000005,TP,0.08,0.0776,SHORT,19_flag_short_4H,trending,downtrend
0,8,40,2,50,3,9,LTCUSDT,2026-02-05 12:00:00,56.41,2026-02-05 12:00:00,54.7177,1.418188264492111,2.2424000000000044,TP,0.08,0.0776,SHORT,19_flag_short_4H,trending,downtrend
0,8,40,2,50,3,9,NEARUSDT,2026-02-05 12:00:00,1.1054,2026-02-05 12:00:00,1.0722379999999998,72.37199203908088,2.24240000000001,TP,0.08,0.0776,SHORT,19_flag_short_4H,trending,downtrend
0,8,40,2,50,3,9,PENGUUSDT,2026-02-05 12:00:00,0.006815,2026-02-05 12:00:00,0.00661055,11738.81144534116,2.2424000000000017,TP,0.08,0.0776,SHORT,19_flag_short_4H,trending,downtrend
0,8,40,2,50,3,9,SOLUSDT,2026-02-05 12:00:00,89.926,2026-02-05 12:00:00,87.22822,0.8896203545137112,2.2424000000000075,TP,0.08,0.0776,SHORT,19_flag_short_4H,trending,downtrend
0,8,40,2,50,3,9,SUIUSDT,2026-02-05 12:00:00,1.009,2026-02-05 12:00:00,0.97873,79.28642220019822,2.2424000000000017,TP,0.08,0.0776,SHORT,19_flag_short_4H,trending,downtrend
0,8,40,2,50,3,9,TAOUSDT,2026-02-05 12:00:00,178.45,2026-02-05 12:00:00,173.0965,0.4483048472961614,2.242399999999999,TP,0.08,0.0776,SHORT,19_flag_short_4H,trending,downtrend
0,8,40,2,50,3,9,XRPUSDT,2026-02-05 12:00:00,1.3647,2026-02-05 12:00:00,1.323759,58.62094233164798,2.242400000000007,TP,0.08,0.0776,SHORT,19_flag_short_4H,trending,downtrend
0,8,40,2,50,3,9,ADAUSDT,2026-02-05 16:00:00,0.2622,2026-02-05 16:00:00,0.254334,305.1106025934401,2.2423999999999955,TP,0.08,0.0776,SHORT,19_flag_short_4H,trending,downtrend
0,8,40,2,50,3,9,BCHUSDT,2026-02-05 16:00:00,488.79,2026-02-05 16:00:00,474.1263,0.1636694695063319,2.242400000000001,TP,0.08,0.0776,SHORT,19_flag_short_4H,trending,downtrend
0,8,40,2,50,3,9,BNBUSDT,2026-02-05 16:00:00,658.17,2026-02-05 16:00:00,638.4249,0.121549143838218,2.2423999999999977,TP,0.08,0.0776,SHORT,19_flag_short_4H,trending,downtrend
0,8,40,2,50,3,9,BTCUSDT,2026-02-05 16:00:00,67450.2,2026-02-05 16:00:00,65426.694,0.0011860602340689,2.2424000000000017,TP,0.08,0.0776,SHORT,19_flag_short_4H,trending,downtrend
0,8,40,2,50,3,9,DOGEUSDT,2026-02-05 16:00:00,0.09414,2026-02-05 16:00:00,0.0913158,849.7981729339282,2.242399999999999,TP,0.08,0.0776,SHORT,19_flag_short_4H,trending,downtrend
0,8,40,2,50,3,9,SOLUSDT,2026-02-05 16:00:00,84.544,2026-02-05 16:00:00,82.00768,0.9462528387585164,2.2424000000000035,TP,0.08,0.0776,SHORT,19_flag_short_4H,trending,downtrend
0,8,40,2,50,3,9,TAOUSDT,2026-02-05 16:00:00,171.55,2026-02-05 16:00:00,166.4035,0.4663363450888953,2.2424000000000013,TP,0.08,0.0776,SHORT,19_flag_short_4H,trending,downtrend
0,8,40,2,50,3,9,AVAXUSDT,2026-02-05 16:00:00,8.868,2026-02-05 20:00:00,8.60196,9.021199819576005,2.242400000000002,TP,0.08,0.0776,SHORT,19_flag_short_4H,trending,downtrend
0,8,40,2,50,3,9,ETHUSDT,2026-02-05 16:00:00,1959.55,2026-02-05 20:00:00,1900.7635,0.0408256997780102,2.2424000000000066,TP,0.08,0.0776,SHORT,19_flag_short_4H,trending,downtrend
0,8,40,2,50,3,9,LINKUSDT,2026-02-05 16:00:00,8.458,2026-02-05 20:00:00,8.20426,9.458500827618822,2.242400000000005,TP,0.08,0.0776,SHORT,19_flag_short_4H,trending,downtrend
0,8,40,2,50,3,9,AAVEUSDT,2026-02-05 20:00:00,109.7,2026-02-05 20:00:00,106.409,0.7292616226071102,2.2423999999999977,TP,0.08,0.0776,SHORT,19_flag_short_4H,trending,downtrend
0,8,40,2,50,3,9,ADAUSDT,2026-02-05 20:00:00,0.2535,2026-02-05 20:00:00,0.245895,315.5818540433925,2.2424000000000004,TP,0.08,0.0776,SHORT,19_flag_short_4H,trending,downtrend
0,8,40,2,50,3,9,APTUSDT,2026-02-05 20:00:00,1.0765,2026-02-05 20:00:00,1.044205,74.31490942870413,2.242399999999997,TP,0.08,0.0776,SHORT,19_flag_short_4H,trending,downtrend
0,8,40,2,50,3,9,ARBUSDT,2026-02-05 20:00:00,0.1124,2026-02-05 20:00:00,0.109028,711.7437722419929,2.2424000000000004,TP,0.08,0.0776,SHORT,19_flag_short_4H,trending,downtrend
0,8,40,2,50,3,9,AVAXUSDT,2026-02-05 20:00:00,8.689,2026-02-05 20:00:00,8.428329999999999,9.207043388191966,2.2424000000000097,TP,0.08,0.0775999999999999,SHORT,19_flag_short_4H,trending,downtrend
0,8,40,2,50,3,9,BCHUSDT,2026-02-05 20:00:00,473.69,2026-02-05 20:00:00,459.4793,0.1688868247165868,2.2424000000000053,TP,0.08,0.0776,SHORT,19_flag_short_4H,trending,downtrend
0,8,40,2,50,3,9,BNBUSDT,2026-02-05 20:00:00,640.87,2026-02-05 20:00:00,621.6439,0.1248303087989763,2.242399999999997,TP,0.08,0.0776,SHORT,19_flag_short_4H,trending,downtrend
0,8,40,2,50,3,9,BTCUSDT,2026-02-05 20:00:00,65234.4,2026-02-05 20:00:00,63277.368,0.0012263468354119,2.242399999999999,TP,0.08,0.0776,SHORT,19_flag_short_4H,trending,downtrend
0,8,40,2,50,3,9,DOGEUSDT,2026-02-05 20:00:00,0.09111,2026-02-05 20:00:00,0.0883766999999999,878.059488530348,2.242400000000007,TP,0.08,0.0776,SHORT,19_flag_short_4H,trending,downtrend
0,8,40,2,50,3,9,DOTUSDT,2026-02-05 20:00:00,1.298,2026-02-05 20:00:00,1.25906,61.633281972265024,2.2423999999999986,TP,0.08,0.0776,SHORT,19_flag_short_4H,trending,downtrend
0,8,40,2,50,3,9,ENAUSDT,2026-02-05 20:00:00,0.1184,2026-02-05 20:00:00,0.114848,675.6756756756756,2.2423999999999995,TP,0.08,0.0776,SHORT,19_flag_short_4H,trending,downtrend
0,8,40,2,50,3,9,ETHUSDT,2026-02-05 20:00:00,1927.58,2026-02-05 20:00:00,1869.7526,0.0415028170037041,2.2424000000000053,TP,0.08,0.0776,SHORT,19_flag_short_4H,trending,downtrend
0,8,40,2,50,3,9,FARTCOINUSDT,2026-02-05 20:00:00,0.187,2026-02-05 20:00:00,0.18139,427.8074866310161,2.2424000000000017,TP,0.08,0.0776,SHORT,19_flag_short_4H,trending,downtrend
0,8,40,2,50,3,9,HBARUSDT,2026-02-05 20:00:00,0.07935,2026-02-05 20:00:00,0.0769695,1008.1915563957152,2.2424000000000075,TP,0.08,0.0776,SHORT,19_flag_short_4H,trending,downtrend
0,8,40,2,50,3,9,LINKUSDT,2026-02-05 20:00:00,8.251,2026-02-05 20:00:00,8.00347,9.69579444915768,2.242399999999994,TP,0.08,0.0776,SHORT,19_flag_short_4H,trending,downtrend
0,8,40,2,50,3,9,LTCUSDT,2026-02-05 20:00:00,52.37,2026-02-05 20:00:00,50.7989,1.5275921329005155,2.242400000000002,TP,0.08,0.0776,SHORT,19_flag_short_4H,trending,downtrend
0,8,40,2,50,3,9,NEARUSDT,2026-02-05 20:00:00,1.0155,2026-02-05 20:00:00,0.985035,78.77892663712457,2.242400000000006,TP,0.08,0.0776,SHORT,19_flag_short_4H,trending,downtrend
0,8,40,2,50,3,9,PENGUUSDT,2026-02-05 20:00:00,0.006286,2026-02-05 20:00:00,0.00609742,12726.694241170855,2.242399999999998,TP,0.08,0.0776,SHORT,19_flag_short_4H,trending,downtrend
0,8,40,2,50,3,9,SOLUSDT,2026-02-05 20:00:00,81.628,2026-02-05 20:00:00,79.17916,0.9800558631842016,2.242400000000004,TP,0.08,0.0776,SHORT,19_flag_short_4H,trending,downtrend
0,8,40,2,50,3,9,SUIUSDT,2026-02-05 20:00:00,0.9239,2026-02-05 20:00:00,0.8961830000000001,86.58945773352094,2.2423999999999995,TP,0.08,0.0776,SHORT,19_flag_short_4H,trending,downtrend
0,8,40,2,50,3,9,TAOUSDT,2026-02-05 20:00:00,165.58,2026-02-05 20:00:00,160.6126,0.4831501389056649,2.2423999999999986,TP,0.08,0.0776,SHORT,19_flag_short_4H,trending,downtrend
0,8,40,2,50,3,9,XRPUSDT,2026-02-05 20:00:00,1.2125,2026-02-05 20:00:00,1.176125,65.97938144329898,2.2424000000000035,TP,0.08,0.0776,SHORT,19_flag_short_4H,trending,downtrend
0,8,40,2,50,3,9,ADAUSDT,2026-02-06 00:00:00,0.2451,2026-02-06 00:00:00,0.237747,326.39738882088943,2.2423999999999995,TP,0.08,0.0776,SHORT,19_flag_short_4H,trending,downtrend
0,8,40,2,50,3,9,APTUSDT,2026-02-06 00:00:00,1.0299,2026-02-06 00:00:00,0.999003,77.67744441207884,2.242400000000005,TP,0.08,0.0776,SHORT,19_flag_short_4H,trending,downtrend
0,8,40,2,50,3,9,ARBUSDT,2026-02-06 00:00:00,0.1076,2026-02-06 00:00:00,0.1043719999999999,743.4944237918215,2.242400000000006,TP,0.08,0.0776,SHORT,19_flag_short_4H,trending,downtrend
0,8,40,2,50,3,9,AVAXUSDT,2026-02-06 00:00:00,8.303,2026-02-06 00:00:00,8.05391,9.635071660845476,2.2424000000000066,TP,0.08,0.0776,SHORT,19_flag_short_4H,trending,downtrend
0,8,40,2,50,3,9,BCHUSDT,2026-02-06 00:00:00,453.4,2026-02-06 00:00:00,439.798,0.176444640494045,2.242400000000006,TP,0.08,0.0776,SHORT,19_flag_short_4H,trending,downtrend
0,8,40,2,50,3,9,BNBUSDT,2026-02-06 00:00:00,608.24,2026-02-06 00:00:00,589.9928,0.1315270288044193,2.2424000000000026,TP,0.08,0.0776,SHORT,19_flag_short_4H,trending,downtrend
0,8,40,2,50,3,9,BTCUSDT,2026-02-06 00:00:00,62876.9,2026-02-06 00:00:00,60990.593,0.0012723273571057,2.242400000000001,TP,0.08,0.0776,SHORT,19_flag_short_4H,trending,downtrend
0,8,40,2,50,3,9,DOTUSDT,2026-02-06 00:00:00,1.245,2026-02-06 00:00:00,1.20765,64.25702811244979,2.242399999999999,TP,0.08,0.0776,SHORT,19_flag_short_4H,trending,downtrend
0,8,40,2,50,3,9,ENAUSDT,2026-02-06 00:00:00,0.1139,2026-02-06 00:00:00,0.110483,702.3705004389816,2.2424000000000026,TP,0.08,0.0776,SHORT,19_flag_short_4H,trending,downtrend
0,8,40,2,50,3,9,ETHUSDT,2026-02-06 00:00:00,1825.45,2026-02-06 00:00:00,1770.6865,0.0438248103207428,2.242400000000001,TP,0.08,0.0776,SHORT,19_flag_short_4H,trending,downtrend
0,8,40,2,50,3,9,LINKUSDT,2026-02-06 00:00:00,7.907,2026-02-06 00:00:00,7.66979,10.117617301125584,2.2424000000000013,TP,0.08,0.0776,SHORT,19_flag_short_4H,trending,downtrend
0,8,40,2,50,3,9,LTCUSDT,2026-02-06 00:00:00,50.75,2026-02-06 00:00:00,49.2275,1.5763546798029555,2.2424000000000013,TP,0.08,0.0776,SHORT,19_flag_short_4H,trending,downtrend
0,8,40,2,50,3,9,NEARUSDT,2026-02-06 00:00:00,0.9749,2026-02-06 00:00:00,0.945653,82.05969843060826,2.2424000000000017,TP,0.08,0.0776,SHORT,19_flag_short_4H,trending,downtrend
0,8,40,2,50,3,9,PENGUUSDT,2026-02-06 00:00:00,0.005968,2026-02-06 00:00:00,0.00578896,13404.825737265415,2.2424000000000013,TP,0.08,0.0776,SHORT,19_flag_short_4H,trending,downtrend
0,8,40,2,50,3,9,SOLUSDT,2026-02-06 00:00:00,78.283,2026-02-06 00:00:00,75.93451,1.0219332422109526,2.242399999999998,TP,0.08,0.0776,SHORT,19_flag_short_4H,trending,downtrend
0,8,40,2,50,3,9,SUIUSDT,2026-02-06 00:00:00,0.8821,2026-02-06 00:00:00,0.855637,90.69266523069946,2.2424000000000013,TP,0.08,0.0776,SHORT,19_flag_short_4H,trending,downtrend
0,8,40,2,50,3,9,ADAUSDT,2026-02-07 04:00:00,0.2757,2026-02-07 04:00:00,0.267429,290.17047515415305,2.242400000000008,TP,0.08,0.0776,SHORT,19_flag_short_4H,volatile,downtrend
0,8,40,2,50,3,9,BNBUSDT,2026-02-07 04:00:00,658.65,2026-02-07 04:00:00,638.8905,0.1214605632733621,2.2424000000000004,TP,0.08,0.0776,SHORT,19_flag_short_4H,volatile,downtrend
0,8,40,2,50,3,9,FARTCOINUSDT,2026-02-07 04:00:00,0.198,2026-02-07 04:00:00,0.19206,404.040404040404,2.2424000000000004,TP,0.08,0.0776,SHORT,19_flag_short_4H,volatile,downtrend
0,8,40,2,50,3,9,LTCUSDT,2026-02-07 04:00:00,54.86,2026-02-07 04:00:00,53.2142,1.4582573824279983,2.2424000000000017,TP,0.08,0.0776,SHORT,19_flag_short_4H,volatile,downtrend
0,8,40,2,50,3,9,PENGUUSDT,2026-02-07 04:00:00,0.006686,2026-02-07 04:00:00,0.0064854199999999,11965.300628178284,2.2424000000000066,TP,0.08,0.0776,SHORT,19_flag_short_4H,volatile,downtrend
0,8,40,2,50,3,9,TAOUSDT,2026-02-07 04:00:00,167.35,2026-02-07 04:00:00,162.3295,0.4780400358530027,2.2423999999999995,TP,0.08,0.0776,SHORT,19_flag_short_4H,volatile,downtrend
0,8,40,2,50,3,9,HBARUSDT,2026-02-07 04:00:00,0.09079,2026-02-07 08:00:00,0.0880663,881.1543121489151,2.2423999999999964,TP,0.08,0.0776,SHORT,19_flag_short_4H,volatile,downtrend
0,8,40,2,50,3,9,APTUSDT,2026-02-07 08:00:00,1.0975,2026-02-08 16:00:00,1.0645749999999998,72.89293849658314,2.2424000000000066,TP,0.08,0.0775999999999999,SHORT,19_flag_short_4H,volatile,downtrend
0,8,40,2,50,3,9,NEARUSDT,2026-02-07 08:00:00,1.0541,2026-02-09 04:00:00,1.022477,75.89412769186984,2.242399999999997,TP,0.08,0.0776,SHORT,19_flag_short_4H,volatile,downtrend
0,8,40,2,50,3,9,ADAUSDT,2026-02-07 08:00:00,0.268,2026-02-09 08:00:00,0.25996,298.5074626865671,2.2423999999999973,TP,0.08,0.0776,SHORT,19_flag_short_4H,volatile,downtrend
0,8,40,2,50,3,9,ARBUSDT,2026-02-07 08:00:00,0.1161,2026-02-09 08:00:00,0.112617,689.0611541774333,2.2424000000000004,TP,0.08,0.0776,SHORT,19_flag_short_4H,volatile,downtrend
0,8,40,2,50,3,9,AVAXUSDT,2026-02-07 08:00:00,8.988,2026-02-09 08:00:00,8.718359999999999,8.900756564307967,2.242400000000007,TP,0.08,0.0776,SHORT,19_flag_short_4H,volatile,downtrend
0,8,40,2,50,3,9,BNBUSDT,2026-02-07 08:00:00,637.96,2026-02-09 08:00:00,618.8212,0.1253997115806633,2.242400000000007,TP,0.08,0.0775999999999999,SHORT,19_flag_short_4H,volatile,downtrend
0,8,40,2,50,3,9,DOGEUSDT,2026-02-07 08:00:00,0.09578,2026-02-09 08:00:00,0.0929066,835.2474420547087,2.2423999999999986,TP,0.08,0.0776,SHORT,19_flag_short_4H,volatile,downtrend
0,8,40,2,50,3,9,DOTUSDT,2026-02-07 08:00:00,1.33,2026-02-09 08:00:00,1.2901,60.15037593984962,2.242400000000003,TP,0.08,0.0776,SHORT,19_flag_short_4H,volatile,downtrend
0,8,40,2,50,3,9,ENAUSDT,2026-02-07 08:00:00,0.1221,2026-02-09 08:00:00,0.118437,655.2006552006552,2.2424,TP,0.08,0.0776,SHORT,19_flag_short_4H,volatile,downtrend
0,8,40,2,50,3,9,FARTCOINUSDT,2026-02-07 08:00:00,0.1917,2026-02-09 08:00:00,0.185949,417.31872717788207,2.242400000000002,TP,0.08,0.0776,SHORT,19_flag_short_4H,volatile,downtrend
0,8,40,2,50,3,9,PENGUUSDT,2026-02-07 08:00:00,0.006385,2026-02-09 08:00:00,0.00619345,12529.365700861394,2.242400000000005,TP,0.08,0.0776,SHORT,19_flag_short_4H,volatile,downtrend
0,8,40,2,50,3,9,SUIUSDT,2026-02-07 08:00:00,0.9707,2026-02-09 08:00:00,0.941579,82.41475224065107,2.242400000000005,TP,0.08,0.0776,SHORT,19_flag_short_4H,volatile,downtrend
0,8,40,2,50,3,9,TAOUSDT,2026-02-07 08:00:00,162.35,2026-02-09 08:00:00,157.4795,0.4927625500461965,2.2423999999999964,TP,0.08,0.0776,SHORT,19_flag_short_4H,volatile,downtrend
0,8,40,2,50,3,9,AAVEUSDT,2026-02-07 08:00:00,111.45,2026-02-10 04:00:00,108.1065,0.7178106774338268,2.242400000000004,TP,0.08,0.0776,SHORT,19_flag_short_4H,volatile,downtrend
0,8,40,2,50,3,9,SOLUSDT,2026-02-07 08:00:00,85.245,2026-02-10 16:00:00,82.68765,0.9384714646020292,2.2423999999999995,TP,0.08,0.0776,SHORT,19_flag_short_4H,volatile,downtrend
0,8,40,2,50,3,9,ETHUSDT,2026-02-07 08:00:00,2026.22,2026-02-11 04:00:00,1965.4334,0.0394823859205811,2.2424000000000053,TP,0.08,0.0776,SHORT,19_flag_short_4H,volatile,downtrend
0,8,40,2,50,3,9,LINKUSDT,2026-02-07 08:00:00,8.682,2026-02-11 04:00:00,8.42154,9.214466712739,2.2424000000000013,TP,0.08,0.0776,SHORT,19_flag_short_4H,volatile,downtrend
0,8,40,2,50,3,9,LTCUSDT,2026-02-07 08:00:00,53.59,2026-02-11 04:00:00,51.9823,1.4928158238477327,2.2424000000000017,TP,0.08,0.0776,SHORT,19_flag_short_4H,volatile,downtrend
0,8,40,2,50,3,9,XRPUSDT,2026-02-07 08:00:00,1.4122,2026-02-11 04:00:00,1.3698339999999998,56.6491998300524,2.242400000000007,TP,0.08,0.0776,SHORT,19_flag_short_4H,volatile,downtrend
0,8,40,2,50,3,9,BTCUSDT,2026-02-07 08:00:00,68048.6,2026-02-11 12:00:00,66007.142,0.0011756303583027,2.242399999999998,TP,0.08,0.0776,SHORT,19_flag_short_4H,volatile,downtrend
0,8,40,2,50,3,9,HBARUSDT,2026-02-07 08:00:00,0.08858,2026-02-12 08:00:00,0.0965522,903.1384059607134,-7.367200000000011,SL,0.08,0.0872,SHORT,19_flag_short_4H,volatile,downtrend
0,8,40,2,50,3,9,BCHUSDT,2026-02-12 08:00:00,510.3,2026-02-12 16:00:00,494.991,0.1567705271408975,2.242400000000004,TP,0.08,0.0776,SHORT,19_flag_short_4H,volatile,downtrend
0,8,40,2,50,3,9,BTCUSDT,2026-02-12 08:00:00,67179.2,2026-02-12 16:00:00,65163.82399999999,0.0011908447852906,2.242400000000005,TP,0.08,0.0776,SHORT,19_flag_short_4H,volatile,downtrend
0,8,40,2,50,3,9,ETHUSDT,2026-02-12 08:00:00,1967.12,2026-02-12 16:00:00,1908.1064,0.0406685916466712,2.2424,TP,0.08,0.0776,SHORT,19_flag_short_4H,volatile,downtrend
0,8,40,2,50,3,9,BNBUSDT,2026-02-12 08:00:00,615.0,2026-02-13 04:00:00,596.55,0.1300813008130081,2.242400000000006,TP,0.08,0.0776,SHORT,19_flag_short_4H,volatile,downtrend
0,8,40,2,50,3,9,XRPUSDT,2026-02-12 08:00:00,1.3812,2026-02-14 20:00:00,1.505508,57.92064871126557,-7.367200000000005,SL,0.08,0.0872,SHORT,19_flag_short_4H,volatile,downtrend
0,8,40,2,50,3,9,ARBUSDT,2026-02-18 16:00:00,0.1119,2026-02-18 16:00:00,0.108543,714.9240393208222,2.2423999999999995,TP,0.08,0.0776,SHORT,19_flag_short_4H,ranging,downtrend
0,8,40,2,50,3,9,ENAUSDT,2026-02-18 16:00:00,0.1192,2026-02-18 16:00:00,0.1156239999999999,671.1409395973154,2.2424000000000066,TP,0.08,0.0776,SHORT,19_flag_short_4H,ranging,downtrend
0,8,40,2,50,3,9,ETHUSDT,2026-02-18 16:00:00,1984.42,2026-02-18 16:00:00,1924.8874,0.0403140464216244,2.2424,TP,0.08,0.0776,SHORT,19_flag_short_4H,ranging,downtrend
0,8,40,2,50,3,9,SOLUSDT,2026-02-18 16:00:00,82.951,2026-02-18 16:00:00,80.46247,0.9644247808947451,2.2423999999999977,TP,0.08,0.0776,SHORT,19_flag_short_4H,ranging,downtrend
0,8,40,2,50,3,9,BTCUSDT,2026-02-18 16:00:00,67667.4,2026-02-19 12:00:00,65637.378,0.0011822531972559,2.242399999999997,TP,0.08,0.0776,SHORT,19_flag_short_4H,ranging,downtrend
0,8,40,2,50,3,9,ARBUSDT,2026-02-19 12:00:00,0.1038,2026-02-19 12:00:00,0.100686,770.7129094412331,2.2424000000000044,TP,0.08,0.0776,SHORT,19_flag_short_4H,ranging,downtrend
0,8,40,2,50,3,9,ENAUSDT,2026-02-19 12:00:00,0.1123,2026-02-19 12:00:00,0.108931,712.3775601068567,2.242399999999998,TP,0.08,0.0776,SHORT,19_flag_short_4H,ranging,downtrend
0,8,40,2,50,3,9,FARTCOINUSDT,2026-02-19 12:00:00,0.1828,2026-02-19 16:00:00,0.1773159999999999,437.636761487965,2.2424000000000075,TP,0.08,0.0776,SHORT,19_flag_short_4H,ranging,downtrend
0,8,40,2,50,3,9,PENGUUSDT,2026-02-19 12:00:00,0.006673,2026-02-19 16:00:00,0.00647281,11988.610819721263,2.2424000000000035,TP,0.08,0.0776,SHORT,19_flag_short_4H,ranging,downtrend
0,8,40,2,50,3,9,NEARUSDT,2026-02-19 12:00:00,1.0044,2026-02-21 08:00:00,1.094796,79.64954201513342,-7.367200000000012,SL,0.08,0.0872,SHORT,19_flag_short_4H,ranging,downtrend
0,8,40,2,50,3,9,APTUSDT,2026-02-19 12:00:00,0.8623,2026-02-22 12:00:00,0.8364309999999999,92.7751362634814,2.242400000000003,TP,0.08,0.0776,SHORT,19_flag_short_4H,ranging,downtrend
0,8,40,2,50,3,9,DOGEUSDT,2026-02-19 12:00:00,0.09763,2026-02-22 16:00:00,0.0947011,819.4202601659326,2.2423999999999986,TP,0.08,0.0776,SHORT,19_flag_short_4H,ranging,downtrend
0,8,40,2,50,3,9,ADAUSDT,2026-02-19 12:00:00,0.272,2026-02-23 00:00:00,0.26384,294.11764705882354,2.2424000000000004,TP,0.08,0.0776,SHORT,19_flag_short_4H,ranging,downtrend
0,8,40,2,50,3,9,AVAXUSDT,2026-02-19 12:00:00,8.786,2026-02-23 00:00:00,8.522419999999999,9.105394946505806,2.2424000000000097,TP,0.08,0.0776,SHORT,19_flag_short_4H,ranging,downtrend
0,8,40,2,50,3,9,BNBUSDT,2026-02-19 12:00:00,603.73,2026-02-23 00:00:00,585.6181,0.132509565534262,2.2423999999999986,TP,0.08,0.0776,SHORT,19_flag_short_4H,ranging,downtrend
0,8,40,2,50,3,9,BTCUSDT,2026-02-19 12:00:00,66458.8,2026-02-23 00:00:00,64465.036,0.0012037533027981,2.2424000000000035,TP,0.08,0.0776,SHORT,19_flag_short_4H,ranging,downtrend
0,8,40,2,50,3,9,DOTUSDT,2026-02-19 12:00:00,1.291,2026-02-23 00:00:00,1.25227,61.96746707978312,2.242399999999996,TP,0.08,0.0776,SHORT,19_flag_short_4H,ranging,downtrend
0,8,40,2,50,3,9,ETHUSDT,2026-02-19 12:00:00,1949.04,2026-02-23 00:00:00,1890.5688,0.0410458482124533,2.242399999999998,TP,0.08,0.0776,SHORT,19_flag_short_4H,ranging,downtrend
0,8,40,2,50,3,9,HBARUSDT,2026-02-19 12:00:00,0.09716,2026-02-23 00:00:00,0.0942451999999999,823.3841086867023,2.2424000000000075,TP,0.08,0.0776,SHORT,19_flag_short_4H,ranging,downtrend
0,8,40,2,50,3,9,HYPEUSDT,2026-02-19 12:00:00,28.387,2026-02-23 00:00:00,27.53539,2.8181914256525875,2.2424000000000026,TP,0.08,0.0776,SHORT,19_flag_short_4H,ranging,downtrend
0,8,40,2,50,3,9,LINKUSDT,2026-02-19 12:00:00,8.566,2026-02-23 00:00:00,8.30902,9.339248190520662,2.242400000000004,TP,0.08,0.0776,SHORT,19_flag_short_4H,ranging,downtrend
0,8,40,2,50,3,9,LTCUSDT,2026-02-19 12:00:00,52.53,2026-02-23 00:00:00,50.9541,1.5229392727964972,2.2424000000000066,TP,0.08,0.0776,SHORT,19_flag_short_4H,ranging,downtrend
0,8,40,2,50,3,9,SOLUSDT,2026-02-19 12:00:00,81.203,2026-02-23 00:00:00,78.76691,0.985185276406044,2.242400000000007,TP,0.08,0.0776,SHORT,19_flag_short_4H,ranging,downtrend
0,8,40,2,50,3,9,SUIUSDT,2026-02-19 12:00:00,0.9148,2026-02-23 00:00:00,0.8873559999999999,87.45080891998252,2.2424000000000026,TP,0.08,0.0776,SHORT,19_flag_short_4H,ranging,downtrend
0,8,40,2,50,3,9,XRPUSDT,2026-02-19 12:00:00,1.4088,2026-02-23 00:00:00,1.366536,56.78591709256104,2.2424000000000044,TP,0.08,0.0776,SHORT,19_flag_short_4H,ranging,downtrend
