timestamp,open,high,low,close,volume_base,volume_quote
2025-01-18 08:00:00,20.562,20.963,20.065,20.47,17.0,349.3734
2025-01-18 12:00:00,20.47,35.481,17.666,33.824,12987022.4,358430554.0938
2025-01-18 16:00:00,33.824,34.872,24.516,26.168,13830239.7,405624911.6584
2025-01-18 20:00:00,26.168,30.075,22.43,28.549,8121238.3,214217240.9798
2025-01-19 00:00:00,28.549,33.237,24.466,32.915,5586028.2,156770255.1894
2025-01-19 04:00:00,32.915,49.683,30.724,47.351,14459548.7,588874174.9813
2025-01-19 08:00:00,47.351,90.16,46.2,74.043,19785689.0,1294454135.7419
2025-01-19 12:00:00,74.043,75.926,55.064,62.178,10243361.5,667128226.9337
2025-01-19 16:00:00,62.178,70.803,59.1,66.02,4509628.2,295533577.898
2025-01-19 20:00:00,66.02,75.514,37.555,46.524,13967101.2,715324160.1999
2025-01-20 00:00:00,46.524,52.421,42.027,44.755,4600318.2,215773044.4703
2025-01-20 04:00:00,44.755,64.017,44.433,59.315,5420028.6,308780824.2874
2025-01-20 08:00:00,59.315,59.483,50.255,53.406,3108303.2,169998894.3284
2025-01-20 12:00:00,53.406,56.386,45.0,49.422,5103300.5,256967562.5123
2025-01-20 16:00:00,49.422,52.012,35.391,42.397,7963934.6,342816228.7286
2025-01-20 20:00:00,42.397,42.573,34.544,36.538,2787086.7,107597147.5817
2025-01-21 00:00:00,36.538,37.51,30.431,35.296,3666528.7,124078583.6149
2025-01-21 04:00:00,35.296,38.902,32.021,38.798,2352718.3,81426870.9921
2025-01-21 08:00:00,38.798,41.898,36.525,37.869,3053282.8,118939899.081
2025-01-21 12:00:00,37.869,41.191,36.668,38.948,2647788.8,101393448.5392
2025-01-21 16:00:00,38.948,44.547,38.0,41.9,2490722.2,102767179.4928
2025-01-21 20:00:00,41.9,48.374,35.096,43.739,4669897.5,200422207.2812
2025-01-22 00:00:00,43.739,44.55,40.669,41.254,1759724.6,74312058.1443
2025-01-22 04:00:00,41.254,43.919,40.431,42.5,1223085.7,51860752.1824
2025-01-22 08:00:00,42.5,42.647,40.878,42.143,1147779.4,47871973.262
2025-01-22 12:00:00,42.143,42.842,38.136,38.763,2050661.8,83071900.6918
2025-01-22 16:00:00,38.763,39.92,37.423,39.163,1282494.1,49685065.6788
2025-01-22 20:00:00,39.163,39.832,36.1,36.876,1057855.0,40129875.6467
2025-01-23 00:00:00,36.876,39.293,36.358,37.515,1053503.1,39899889.7585
2025-01-23 04:00:00,37.515,37.735,36.049,37.157,1036414.9,38313439.0263
2025-01-23 08:00:00,37.157,37.268,35.2,36.165,964860.1,34858422.2307
2025-01-23 12:00:00,36.165,38.479,34.093,38.039,2742779.6,99469152.9473
2025-01-23 16:00:00,38.039,39.6,35.31,35.614,1626111.3,60754340.1628
2025-01-23 20:00:00,35.614,37.48,34.114,34.708,1274145.1,45396803.5034
2025-01-24 00:00:00,34.708,35.007,32.0,33.151,1417067.5,46867108.5403
2025-01-24 04:00:00,33.151,34.974,32.748,34.441,902433.0,30739187.615
2025-01-24 08:00:00,34.441,35.464,34.112,34.381,760611.2,26352787.0424
2025-01-24 12:00:00,34.381,34.529,32.806,33.093,1100197.9,37079401.9784
2025-01-24 16:00:00,33.093,33.899,32.47,32.786,1072079.8,35571383.8966
2025-01-24 20:00:00,32.786,32.867,29.11,30.195,1642178.2,50722527.0576
2025-01-25 00:00:00,30.195,30.205,27.26,29.54,2223346.5,64043861.0852
2025-01-25 04:00:00,29.54,29.54,27.309,27.597,1263797.4,35711522.1127
2025-01-25 08:00:00,27.597,28.32,25.691,26.924,2523160.9,67757371.8597
2025-01-25 12:00:00,26.924,28.288,26.435,27.417,2122829.6,58307580.7993
2025-01-25 16:00:00,27.417,29.976,26.867,29.086,1833226.3,52461858.8903
2025-01-25 20:00:00,29.086,30.637,28.754,28.894,1326369.6,39297051.506
2025-01-26 00:00:00,28.894,31.8,28.877,30.478,1618790.5,49565590.1187
2025-01-26 04:00:00,30.478,32.305,30.277,30.862,1210388.7,37918691.427
2025-01-26 08:00:00,30.862,31.214,28.542,29.653,1436519.5,42765609.8685
2025-01-26 12:00:00,29.653,30.0,28.773,29.132,1137156.4,33300962.4604
2025-01-26 16:00:00,29.132,29.706,28.244,29.418,939725.5,27227622.882
2025-01-26 20:00:00,29.418,29.569,27.089,27.418,1113512.9,31265938.3232
2025-01-27 00:00:00,27.418,27.922,26.049,26.9,1745689.7,46905733.9677
2025-01-27 04:00:00,26.9,26.999,24.615,25.793,1931222.2,49791428.8431
2025-01-27 08:00:00,25.793,26.58,25.457,26.014,1318346.0,34316126.2749
2025-01-27 12:00:00,26.014,27.787,25.985,27.161,1563394.9,42280318.3471
2025-01-27 16:00:00,27.161,27.877,26.122,26.328,892874.7,23978316.9355
2025-01-27 20:00:00,26.328,28.262,26.308,28.006,546681.8,14932010.6334
2025-01-28 00:00:00,28.006,30.347,27.726,29.404,1153400.4,33690647.3418
2025-01-28 04:00:00,29.404,30.475,29.037,29.325,986994.0,29347444.3438
2025-01-28 08:00:00,29.325,30.299,28.797,29.911,922533.6,27167296.7452
2025-01-28 12:00:00,29.911,30.302,28.96,29.916,1160919.1,34391592.43
2025-01-28 16:00:00,29.916,29.949,28.017,28.285,854331.5,24711336.068
2025-01-28 20:00:00,28.285,28.436,26.272,27.335,913043.5,24703723.331
2025-01-29 00:00:00,27.335,28.091,27.006,27.191,538550.0,14794917.7781
2025-01-29 04:00:00,27.191,28.3,27.106,27.983,527608.8,14610477.8292
2025-01-29 08:00:00,27.983,28.226,27.325,27.742,511602.7,14155717.6397
2025-01-29 12:00:00,27.742,27.78,26.665,27.065,935810.1,25453985.4445
2025-01-29 16:00:00,27.065,28.1,26.28,27.676,970155.1,26503430.671
2025-01-29 20:00:00,27.676,28.703,27.141,27.242,642264.6,17907709.0902
2025-01-30 00:00:00,27.242,28.199,26.973,28.178,439008.1,12165164.8855
2025-01-30 04:00:00,28.178,28.311,27.373,27.626,423373.3,11781126.759
2025-01-30 08:00:00,27.626,27.841,27.193,27.352,480702.5,13213164.4939
2025-01-30 12:00:00,27.352,27.897,26.835,27.507,748829.1,20506674.6993
2025-01-30 16:00:00,27.507,27.727,26.567,26.858,473277.1,12844461.8589
2025-01-30 20:00:00,26.858,26.858,25.745,26.069,551612.4,14533094.1122
2025-01-31 00:00:00,26.069,26.392,25.33,25.628,603109.5,15583849.9489
2025-01-31 04:00:00,25.628,26.037,25.41,25.669,398905.5,10269095.6349
2025-01-31 08:00:00,25.669,26.346,25.257,26.239,562885.2,14474766.5364
2025-01-31 12:00:00,26.239,26.647,25.917,26.459,731682.2,19242380.3361
2025-01-31 16:00:00,26.459,26.595,25.0,25.233,831928.6,21300846.3958
2025-01-31 20:00:00,25.233,25.311,23.607,24.141,1053997.6,25912953.9587
2025-02-01 00:00:00,24.141,25.038,23.705,24.183,725306.4,17743136.5953
2025-02-01 04:00:00,24.183,24.44,23.789,23.955,437623.9,10562455.32
2025-02-01 08:00:00,23.955,24.075,22.8,23.381,923978.3,21610495.4012
2025-02-01 12:00:00,23.381,23.493,22.503,22.809,826504.0,18962351.1742
2025-02-01 16:00:00,22.809,22.809,19.813,19.881,2297846.2,48709355.5457
2025-02-01 20:00:00,19.881,20.981,18.55,19.69,2635313.6,51850542.2993
2025-02-02 00:00:00,19.69,20.662,19.381,20.041,1005252.1,20115131.036
2025-02-02 04:00:00,20.041,21.653,19.978,21.096,1208378.1,25368794.9009
2025-02-02 08:00:00,21.096,21.832,20.338,20.547,1072075.0,22551517.0852
2025-02-02 12:00:00,20.547,22.636,20.522,21.395,1955341.3,42367058.7977
2025-02-02 16:00:00,21.395,21.4,19.509,20.122,2103250.8,42577964.5532
2025-02-02 20:00:00,20.122,21.181,19.483,21.009,1280445.6,26319629.756
2025-02-03 00:00:00,21.009,21.223,15.861,17.945,3423074.4,62783440.7069
2025-02-03 04:00:00,17.945,18.485,17.119,17.954,1018392.1,18180668.7114
2025-02-03 08:00:00,17.954,18.256,17.4,17.943,1029896.1,18334969.4585
2025-02-03 12:00:00,17.943,19.366,16.714,18.951,2046794.1,36770425.8961
2025-02-03 16:00:00,18.951,19.279,18.378,18.68,719304.3,13493185.2442
2025-02-03 20:00:00,18.68,20.553,18.257,19.659,912009.3,17875119.8788
2025-02-04 00:00:00,19.659,19.788,18.693,18.93,659511.5,12712244.1844
2025-02-04 04:00:00,18.93,19.042,17.039,17.145,1303895.8,23185469.8411
2025-02-04 08:00:00,17.145,17.407,16.306,17.091,1176837.2,19883636.5658
2025-02-04 12:00:00,17.091,18.112,17.091,17.565,1395322.2,24591274.5006
2025-02-04 16:00:00,17.565,18.45,17.264,17.282,704833.8,12510170.4963
2025-02-04 20:00:00,17.282,17.502,16.479,17.178,643038.4,10891304.9538
2025-02-05 00:00:00,17.178,17.967,17.178,17.791,458518.9,8069884.6926
2025-02-05 04:00:00,17.791,18.146,17.535,17.815,546431.8,9730884.1629
2025-02-05 08:00:00,17.815,19.493,17.719,19.319,1309010.1,24422869.6574
2025-02-05 12:00:00,19.319,20.698,18.756,19.263,1783082.7,35064979.8622
2025-02-05 16:00:00,19.263,19.381,18.235,18.564,1230118.1,22976677.986
2025-02-05 20:00:00,18.564,18.859,17.657,18.143,740387.3,13509753.2466
2025-02-06 00:00:00,18.143,18.892,18.129,18.663,587859.3,10941694.0453
2025-02-06 04:00:00,18.663,19.523,18.514,19.171,750883.3,14299315.4589
2025-02-06 08:00:00,19.171,19.375,18.283,18.602,924486.1,17452196.369
2025-02-06 12:00:00,18.602,18.816,17.666,17.787,1212424.8,22166829.2442
2025-02-06 16:00:00,17.787,17.905,16.819,16.997,920295.4,15993201.1177
2025-02-06 20:00:00,16.997,17.424,16.813,17.074,425618.0,7297309.217
2025-02-07 00:00:00,17.074,17.665,17.049,17.379,346973.7,6041767.4974
2025-02-07 04:00:00,17.379,17.616,16.969,17.354,396039.3,6853828.7901
2025-02-07 08:00:00,17.354,17.817,17.3,17.758,376685.7,6631855.5427
2025-02-07 12:00:00,17.758,18.25,17.367,17.5,858204.2,15274134.3839
2025-02-07 16:00:00,17.5,17.629,17.116,17.174,322361.1,5604429.695
2025-02-07 20:00:00,17.174,17.179,16.145,16.568,785155.8,12958647.0999
2025-02-08 00:00:00,16.568,16.727,16.356,16.432,388612.1,6421877.5415
2025-02-08 04:00:00,16.432,17.059,16.19,16.892,550580.7,9112528.9068
2025-02-08 08:00:00,16.892,17.22,16.739,16.983,450935.9,7665925.1579
2025-02-08 12:00:00,16.983,17.349,16.789,16.932,453634.8,7714905.0177
2025-02-08 16:00:00,16.932,17.427,16.786,17.276,323528.8,5553655.2584
2025-02-08 20:00:00,17.276,17.48,17.052,17.241,147954.1,2550636.1612
2025-02-09 00:00:00,17.241,17.945,17.128,17.769,231684.2,4040540.5474
2025-02-09 04:00:00,17.769,17.874,17.173,17.178,313100.1,5466911.3371
2025-02-09 08:00:00,17.178,17.273,16.859,16.871,286710.5,4885507.7692
2025-02-09 12:00:00,16.871,16.971,16.352,16.737,518784.9,8644926.8923
2025-02-09 16:00:00,16.737,16.75,16.1,16.238,233818.5,3846345.001
2025-02-09 20:00:00,16.238,16.458,15.295,15.865,800394.7,12632561.3622
2025-02-10 00:00:00,15.865,16.163,14.26,15.229,760736.5,11621562.1962
2025-02-10 04:00:00,15.229,16.08,15.065,16.009,633186.1,9921368.2506
2025-02-10 08:00:00,16.009,16.23,15.807,16.076,454363.9,7279397.1545
2025-02-10 12:00:00,16.076,16.549,15.868,16.059,680339.9,10969728.3988
2025-02-10 16:00:00,16.059,16.327,15.995,16.049,239790.0,3880768.0559
2025-02-10 20:00:00,16.049,16.295,15.739,15.904,241035.9,3848935.7603
2025-02-11 00:00:00,15.904,16.453,15.871,16.082,431652.6,6989802.2303
2025-02-11 04:00:00,16.082,16.8,15.917,16.54,466686.9,7695864.8868
2025-02-11 08:00:00,16.54,16.6,15.977,16.09,387062.2,6286950.0138
2025-02-11 12:00:00,16.09,16.101,15.502,15.793,577981.7,9105941.9083
2025-02-11 16:00:00,15.793,15.828,15.212,15.374,822950.8,12680982.0528
2025-02-11 20:00:00,15.374,15.608,15.215,15.348,309041.7,4766158.0865
2025-02-12 00:00:00,15.348,15.533,15.03,15.171,328537.1,5022027.0177
2025-02-12 04:00:00,15.171,15.493,15.091,15.39,215664.5,3306480.9414
2025-02-12 08:00:00,15.39,15.483,15.136,15.377,183201.5,2799465.4204
2025-02-12 12:00:00,15.377,15.528,14.447,14.829,1170264.6,17406664.0441
2025-02-12 16:00:00,14.829,15.385,14.597,15.17,465623.5,6979639.8771
2025-02-12 20:00:00,15.17,15.581,15.104,15.451,228024.0,3503628.0
2025-02-13 00:00:00,15.451,15.804,15.292,15.629,232853.9,3629983.8734
2025-02-13 04:00:00,15.629,17.876,15.366,16.792,1622633.2,27632519.0478
2025-02-13 08:00:00,16.792,17.463,16.037,16.207,1756362.3,29475494.3704
2025-02-13 12:00:00,16.207,16.792,16.152,16.568,1029640.0,16934619.9872
2025-02-13 16:00:00,16.568,16.595,16.107,16.476,579344.5,9455177.4136
2025-02-13 20:00:00,16.476,16.7,16.174,16.284,309612.4,5082141.7051
2025-02-14 00:00:00,16.284,16.439,15.824,16.372,430460.6,6938209.0004
2025-02-14 04:00:00,16.372,17.746,16.305,17.168,1525580.9,26196586.6684
2025-02-14 08:00:00,17.168,19.874,16.944,19.241,2642655.1,49478414.6763
2025-02-14 12:00:00,19.241,21.4,18.908,20.873,3004659.4,60330369.7284
2025-02-14 16:00:00,20.873,24.575,20.862,22.521,4787194.7,108776552.1354
2025-02-14 20:00:00,22.521,22.774,20.048,21.571,2422777.4,52148512.0169
2025-02-15 00:00:00,21.571,22.393,20.607,21.7,2041295.3,43989463.4981
2025-02-15 04:00:00,21.7,22.152,20.447,21.015,2129005.6,44935764.1239
2025-02-15 08:00:00,21.015,21.452,19.327,19.633,2013718.3,41305192.0334
2025-02-15 12:00:00,19.633,19.964,19.05,19.252,1693998.6,33123963.8012
2025-02-15 16:00:00,19.252,19.635,18.3,18.356,1246714.7,23487719.0225
2025-02-15 20:00:00,18.356,18.839,18.087,18.673,778266.3,14380524.1967
2025-02-16 00:00:00,18.673,19.417,18.305,18.514,1231469.5,23194471.2459
2025-02-16 04:00:00,18.514,19.383,18.333,18.504,1312367.5,24665333.2221
2025-02-16 08:00:00,18.504,19.227,18.357,19.039,1124495.1,21123865.7967
2025-02-16 12:00:00,19.039,19.629,18.508,18.628,1793270.9,33937312.6498
2025-02-16 16:00:00,18.628,18.879,18.213,18.789,765260.7,14217697.8213
2025-02-16 20:00:00,18.789,19.147,18.612,18.732,400603.5,7555632.1957
2025-02-17 00:00:00,18.732,19.335,18.442,18.695,945738.0,17824749.9779
2025-02-17 04:00:00,18.695,18.696,17.229,17.387,1478434.0,26381207.8702
2025-02-17 08:00:00,17.387,17.932,17.332,17.685,660303.0,11647402.9198
2025-02-17 12:00:00,17.685,18.084,17.257,17.382,746410.5,13254791.6663
2025-02-17 16:00:00,17.382,17.55,16.842,17.186,759781.3,13059314.4653
2025-02-17 20:00:00,17.186,17.377,17.028,17.169,285855.2,4918291.8738
2025-02-18 00:00:00,17.169,17.419,16.945,17.198,325355.4,5596264.5152
2025-02-18 04:00:00,17.198,17.268,16.07,16.546,1045414.1,17297619.9938
2025-02-18 08:00:00,16.546,16.638,16.209,16.426,543023.1,8937028.3071
2025-02-18 12:00:00,16.426,16.774,15.86,16.044,827522.0,13513566.0874
2025-02-18 16:00:00,16.044,16.226,15.605,16.146,638482.6,10174620.7583
2025-02-18 20:00:00,16.146,16.458,16.053,16.375,277972.0,4529063.392
2025-02-19 00:00:00,16.375,16.587,16.206,16.308,286997.4,4700759.1783
2025-02-19 04:00:00,16.308,17.154,16.052,17.003,597927.6,9889041.4067
2025-02-19 08:00:00,17.003,17.37,16.79,17.113,1186696.5,20234161.6302
2025-02-19 12:00:00,17.113,17.277,16.696,16.945,635361.5,10779382.1693
2025-02-19 16:00:00,16.945,17.423,16.745,16.879,518123.7,8792207.6277
2025-02-19 20:00:00,16.879,17.32,16.51,17.024,475243.9,8003669.8808
2025-02-20 00:00:00,17.024,17.085,16.615,16.927,350661.4,5916278.986
2025-02-20 04:00:00,16.927,17.161,16.701,16.797,361317.0,6105807.4199
2025-02-20 08:00:00,16.797,17.277,16.64,17.258,338438.6,5735922.3539
2025-02-20 12:00:00,17.258,17.455,16.634,16.684,566057.9,9636195.0489
2025-02-20 16:00:00,16.684,16.978,16.572,16.905,288746.6,4849191.926
2025-02-20 20:00:00,16.905,17.114,16.622,17.085,200620.1,3378100.7565
2025-02-21 00:00:00,17.085,17.177,16.301,16.461,322954.3,5374923.1964
2025-02-21 04:00:00,16.461,16.762,16.454,16.708,189089.4,3146501.744
2025-02-21 08:00:00,16.708,17.209,16.706,16.907,318481.8,5406911.9981
2025-02-21 12:00:00,16.907,17.386,16.123,16.363,778119.2,13116984.1112
2025-02-21 16:00:00,16.363,16.599,15.659,15.858,509102.3,8222810.5723
2025-02-21 20:00:00,15.858,16.011,15.723,15.887,183086.8,2908195.1416
2025-02-22 00:00:00,15.887,16.298,15.731,16.079,291306.7,4677437.0813
2025-02-22 04:00:00,16.079,16.253,16.014,16.096,137970.9,2226441.1597
2025-02-22 08:00:00,16.096,16.438,16.074,16.34,189369.2,3081588.7665
2025-02-22 12:00:00,16.34,16.654,16.206,16.586,267600.7,4386866.8955
2025-02-22 16:00:00,16.586,16.775,16.313,16.351,190020.7,3139943.9074
2025-02-22 20:00:00,16.351,16.601,16.264,16.499,97305.6,1603393.7592
2025-02-23 00:00:00,16.499,16.595,16.164,16.23,196450.1,3221950.1698
2025-02-23 04:00:00,16.23,16.462,16.136,16.423,129872.1,2114828.3736
2025-02-23 08:00:00,16.423,16.424,16.042,16.086,154369.3,2502961.7615
2025-02-23 12:00:00,16.086,16.154,15.83,15.873,195387.4,3123195.5276
2025-02-23 16:00:00,15.873,16.069,15.802,16.034,131949.5,2101821.1095
2025-02-23 20:00:00,16.034,16.215,15.895,16.118,103349.8,1659946.406
2025-02-24 00:00:00,16.118,16.29,15.2,15.348,427498.6,6690282.0614
2025-02-24 04:00:00,15.348,15.355,14.873,15.135,374696.4,5665454.3467
2025-02-24 08:00:00,15.135,15.24,14.877,15.151,329648.5,4950238.6108
2025-02-24 12:00:00,15.151,15.185,14.627,14.913,730668.6,10890063.4292
2025-02-24 16:00:00,14.913,15.044,14.56,14.75,195417.3,2907325.3003
2025-02-24 20:00:00,14.75,14.954,12.118,12.931,1161426.5,15641757.5631
2025-02-25 00:00:00,12.931,13.656,12.792,13.22,636686.2,8420970.5615
2025-02-25 04:00:00,13.22,13.272,12.318,13.041,688891.9,8886195.5619
2025-02-25 08:00:00,13.041,13.33,12.527,13.061,560405.4,7254671.412
2025-02-25 12:00:00,13.061,13.34,12.829,13.187,548654.6,7174564.6852
2025-02-25 16:00:00,13.187,13.552,13.119,13.474,404733.3,5383944.4002
2025-02-25 20:00:00,13.474,13.602,13.225,13.244,169710.7,2274839.7353
2025-02-26 00:00:00,13.244,13.297,12.91,13.119,243139.0,3188392.1802
2025-02-26 04:00:00,13.119,13.153,12.844,12.966,199695.6,2590071.5196
2025-02-26 08:00:00,12.966,13.187,12.701,12.847,195041.1,2524494.7365
2025-02-26 12:00:00,12.847,13.255,12.528,13.152,417581.4,5372590.7105
2025-02-26 16:00:00,13.152,13.217,12.412,12.669,414941.5,5303262.063
2025-02-26 20:00:00,12.669,13.342,12.483,13.29,249330.6,3228410.5209
2025-02-27 00:00:00,13.29,13.637,13.133,13.326,406934.6,5431576.1695
2025-02-27 04:00:00,13.326,13.517,13.173,13.268,209954.5,2796076.3997
2025-02-27 08:00:00,13.268,13.324,13.085,13.158,181174.9,2393918.9497
2025-02-27 12:00:00,13.158,13.202,12.758,12.902,291443.1,3784813.5662
2025-02-27 16:00:00,12.902,12.993,12.56,12.633,138589.9,1764066.6166
2025-02-27 20:00:00,12.633,12.708,12.308,12.593,187308.6,2349288.6396
2025-02-28 00:00:00,12.593,12.622,11.242,11.298,749138.8,8799198.6984
2025-02-28 04:00:00,11.298,11.477,11.14,11.285,531992.0,6007639.6212
2025-02-28 08:00:00,11.285,11.49,11.07,11.303,754112.0,8503012.6819
2025-02-28 12:00:00,11.303,12.842,11.257,12.436,1131379.0,13715574.7995
2025-02-28 16:00:00,12.436,13.542,12.329,13.173,898211.7,11600841.6501
2025-02-28 20:00:00,13.173,13.391,12.91,12.956,240809.5,3157540.1987
2025-03-01 00:00:00,12.956,14.5,12.667,14.129,969103.1,13305436.482
2025-03-01 04:00:00,14.129,14.3,13.309,13.329,791260.0,10832631.3581
2025-03-01 08:00:00,13.329,13.853,13.024,13.224,606840.5,8131433.577
2025-03-01 12:00:00,13.224,13.455,12.872,13.108,639521.3,8403350.7665
2025-03-01 16:00:00,13.108,13.194,12.763,12.941,397550.7,5157597.5699
2025-03-01 20:00:00,12.941,13.315,12.891,13.152,313923.3,4121835.7436
2025-03-02 00:00:00,13.152,13.81,13.13,13.497,606941.7,8172758.217
2025-03-02 04:00:00,13.497,14.003,13.421,13.917,377249.8,5187939.447
2025-03-02 08:00:00,13.917,14.23,13.686,13.896,793757.2,11039543.555
2025-03-02 12:00:00,13.896,15.321,13.388,14.34,1505104.9,21257676.9765
2025-03-02 16:00:00,14.34,16.366,14.15,16.316,1787359.8,27079137.6164
2025-03-02 20:00:00,16.316,17.744,16.221,16.957,1635403.3,27748541.1183
2025-03-03 00:00:00,16.957,17.0,15.55,15.797,879598.8,14265683.6234
2025-03-03 04:00:00,15.797,16.205,14.931,15.208,914364.0,14270293.3649
2025-03-03 08:00:00,15.208,15.296,14.683,15.016,532134.8,7980968.9496
2025-03-03 12:00:00,15.016,15.873,14.44,14.721,1331858.8,20094676.6274
2025-03-03 16:00:00,14.721,14.902,12.499,12.719,1401130.2,19277189.9762
2025-03-03 20:00:00,12.719,13.023,12.371,12.815,630729.4,8033649.865
2025-03-04 00:00:00,12.815,12.945,11.666,12.334,1044100.1,12737602.6579
2025-03-04 04:00:00,12.334,12.631,12.158,12.174,352245.3,4339155.5116
2025-03-04 08:00:00,12.174,12.597,12.155,12.408,307495.2,3802065.7596
2025-03-04 12:00:00,12.408,12.726,11.84,12.269,742488.7,9096219.9724
2025-03-04 16:00:00,12.269,13.126,11.678,12.905,652880.2,8201847.2275
2025-03-04 20:00:00,12.905,13.173,12.597,12.972,283113.8,3652538.7923
2025-03-05 00:00:00,12.972,13.612,12.754,12.987,406797.7,5381788.78
2025-03-05 04:00:00,12.987,13.143,12.871,13.007,215896.8,2810496.5043
2025-03-05 08:00:00,13.007,13.681,13.006,13.364,426295.2,5693341.6942
2025-03-05 12:00:00,13.364,13.511,12.671,12.85,488766.6,6420570.8902
2025-03-05 16:00:00,12.85,13.273,12.659,13.131,238133.7,3085082.7572
2025-03-05 20:00:00,13.131,13.329,13.107,13.21,98446.5,1302416.0518
2025-03-06 00:00:00,13.21,13.54,13.028,13.503,259235.0,3440623.5408
2025-03-06 04:00:00,13.503,13.87,13.377,13.67,404789.6,5511721.989
2025-03-06 08:00:00,13.67,13.797,13.457,13.571,320139.5,4360280.0871
2025-03-06 12:00:00,13.571,13.571,13.099,13.414,642559.7,8586590.511
2025-03-06 16:00:00,13.414,13.446,12.847,12.916,306475.5,3992992.6868
2025-03-06 20:00:00,12.916,13.417,12.882,13.076,227938.3,2993437.96
2025-03-07 00:00:00,13.076,13.346,12.223,12.506,751780.4,9583438.1413
2025-03-07 04:00:00,12.506,12.868,12.491,12.761,202579.8,2576850.1863
2025-03-07 08:00:00,12.761,13.183,12.668,13.127,299280.5,3876491.8318
2025-03-07 12:00:00,13.127,13.329,12.82,13.022,436051.0,5696056.8325
2025-03-07 16:00:00,13.022,13.267,12.337,13.0,461530.3,5921680.8287
2025-03-07 20:00:00,13.0,13.148,12.179,12.352,600433.5,7592887.8067
2025-03-08 00:00:00,12.352,12.422,12.051,12.232,205411.1,2514276.9302
2025-03-08 04:00:00,12.232,12.35,12.147,12.245,151074.4,1851745.8609
2025-03-08 08:00:00,12.245,12.301,11.834,11.96,359664.3,4343259.988
2025-03-08 12:00:00,11.96,12.119,11.871,12.0,243361.0,2925912.4629
2025-03-08 16:00:00,12.0,12.13,11.709,12.093,238472.5,2845870.7406
2025-03-08 20:00:00,12.093,12.118,11.876,12.019,70491.5,846360.5875
2025-03-09 00:00:00,12.019,12.169,11.962,12.131,70461.2,849835.3717
2025-03-09 04:00:00,12.131,12.131,11.829,11.976,128796.6,1542425.4103
2025-03-09 08:00:00,11.976,11.976,11.428,11.64,285554.1,3336335.7971
2025-03-09 12:00:00,11.64,11.652,11.084,11.178,334687.1,3794226.6655
2025-03-09 16:00:00,11.178,11.313,10.483,10.802,848059.2,9160583.3999
2025-03-09 20:00:00,10.802,10.972,10.538,10.695,336301.4,3619766.8239
2025-03-10 00:00:00,10.695,11.09,10.627,10.973,274605.3,3004770.9769
2025-03-10 04:00:00,10.973,11.161,10.969,11.138,246000.0,2723869.0801
2025-03-10 08:00:00,11.138,11.58,10.961,11.425,301414.4,3396634.4348
2025-03-10 12:00:00,11.425,11.5,10.714,10.923,563710.5,6222834.46
2025-03-10 16:00:00,10.923,10.968,10.174,10.56,513478.9,5402864.0797
2025-03-10 20:00:00,10.56,10.643,10.259,10.29,250567.9,2630136.6467
2025-03-11 00:00:00,10.29,10.44,9.53,10.256,888523.4,8857858.6075
2025-03-11 04:00:00,10.256,10.606,10.216,10.501,175716.6,1835703.596
2025-03-11 08:00:00,10.501,10.566,10.366,10.474,133886.0,1402849.7711
2025-03-11 12:00:00,10.474,10.52,9.94,10.404,643977.7,6606825.713
2025-03-11 16:00:00,10.404,10.89,10.284,10.75,331023.4,3514294.4206
2025-03-11 20:00:00,10.75,10.784,10.464,10.499,115460.1,1223611.9209
2025-03-12 00:00:00,10.499,10.695,10.151,10.153,205061.4,2130363.7684
2025-03-12 04:00:00,10.153,10.32,10.047,10.278,281636.0,2868484.5427
2025-03-12 08:00:00,10.278,10.495,10.209,10.439,235986.3,2438234.8186
2025-03-12 12:00:00,10.439,10.851,10.033,10.268,630054.9,6623376.6915
2025-03-12 16:00:00,10.268,10.464,10.242,10.428,143417.7,1487370.6188
2025-03-12 20:00:00,10.428,10.596,10.414,10.561,78517.8,825695.7663
2025-03-13 00:00:00,10.561,10.6,10.429,10.456,108648.6,1141368.0897
2025-03-13 04:00:00,10.456,12.435,10.38,10.848,1370581.0,15049015.7765
2025-03-13 08:00:00,10.848,10.918,10.582,10.676,465783.2,5014190.8021
2025-03-13 12:00:00,10.676,10.927,10.545,10.595,839198.9,8966285.3895
2025-03-13 16:00:00,10.595,10.616,10.266,10.374,299512.0,3118230.0618
2025-03-13 20:00:00,10.374,10.779,10.297,10.714,243276.4,2563973.7715
2025-03-14 00:00:00,10.714,11.9,10.665,11.632,1184986.0,13449799.0975
2025-03-14 04:00:00,11.632,12.124,11.383,11.591,1674167.7,19762350.9817
2025-03-14 08:00:00,11.591,11.84,11.494,11.688,477907.0,5571782.5887
2025-03-14 12:00:00,11.688,12.27,11.542,11.954,1076830.5,12849249.6469
2025-03-14 16:00:00,11.954,12.33,11.774,11.86,447194.2,5369363.9383
2025-03-14 20:00:00,11.86,12.066,11.764,11.877,242675.7,2891305.6031
2025-03-15 00:00:00,11.877,12.46,11.845,12.182,750656.2,9194592.2326
2025-03-15 04:00:00,12.182,12.23,11.856,11.863,427874.0,5145706.7918
2025-03-15 08:00:00,11.863,11.951,11.821,11.924,245138.5,2912845.2109
2025-03-15 12:00:00,11.924,12.387,11.92,12.386,371253.6,4475451.8348
2025-03-15 16:00:00,12.386,12.412,11.987,12.159,338723.2,4126331.1578
2025-03-15 20:00:00,12.159,12.366,12.128,12.168,234202.1,2863803.3073
2025-03-16 00:00:00,12.168,12.186,11.905,11.996,180112.3,2168507.4442
2025-03-16 04:00:00,11.996,12.036,11.828,11.91,178642.1,2131628.5919
2025-03-16 08:00:00,11.91,11.929,11.332,11.388,448643.9,5223716.7753
2025-03-16 12:00:00,11.388,11.513,11.259,11.42,261332.1,2977799.0066
2025-03-16 16:00:00,11.42,11.65,11.23,11.281,259741.4,2970547.4157
2025-03-16 20:00:00,11.281,11.363,11.032,11.216,295558.1,3311072.3784
2025-03-17 00:00:00,11.216,11.403,11.167,11.345,132910.6,1503378.5977
2025-03-17 04:00:00,11.345,11.412,11.132,11.322,172233.7,1942897.8758
2025-03-17 08:00:00,11.322,11.513,11.21,11.425,140485.0,1600275.3041
2025-03-17 12:00:00,11.425,11.532,11.18,11.447,407161.2,4620047.5459
2025-03-17 16:00:00,11.447,11.628,11.344,11.508,183148.7,2105902.0689
2025-03-17 20:00:00,11.508,11.536,11.374,11.413,103147.6,1182208.455
2025-03-18 00:00:00,11.413,11.416,10.929,10.993,238844.2,2663171.6845
2025-03-18 04:00:00,10.993,11.051,10.786,10.975,242649.7,2657435.5986
2025-03-18 08:00:00,10.975,11.082,10.945,10.982,321829.9,3545927.8049
2025-03-18 12:00:00,10.982,11.044,10.823,10.884,292304.3,3190626.9832
2025-03-18 16:00:00,10.884,10.98,10.783,10.917,136913.5,1488409.2814
2025-03-18 20:00:00,10.917,11.103,10.846,11.029,79406.8,872080.3557
2025-03-19 00:00:00,11.029,11.156,10.908,11.092,83390.1,919980.4435
2025-03-19 04:00:00,11.092,11.12,10.941,10.951,78650.0,867234.2259
2025-03-19 08:00:00,10.951,11.309,10.946,11.225,201925.3,2244527.3385
2025-03-19 12:00:00,11.225,11.44,11.117,11.394,223239.3,2522938.1428
2025-03-19 16:00:00,11.394,11.487,11.051,11.412,275813.0,3102675.8932
2025-03-19 20:00:00,11.412,11.697,11.328,11.658,189466.8,2179154.5782
2025-03-20 00:00:00,11.658,11.777,11.272,11.391,200801.2,2303916.6448
2025-03-20 04:00:00,11.391,11.442,11.288,11.351,96081.3,1091558.9303
2025-03-20 08:00:00,11.351,11.496,11.137,11.308,140134.4,1585757.8218
2025-03-20 12:00:00,11.308,11.634,11.253,11.275,293875.6,3351350.6306
2025-03-20 16:00:00,11.275,11.36,11.028,11.076,200649.2,2235619.5206
2025-03-20 20:00:00,11.076,11.13,10.991,11.052,181334.5,2003197.723
2025-03-21 00:00:00,11.052,11.161,10.988,11.02,92854.8,1028449.8718
2025-03-21 04:00:00,11.02,11.086,10.831,10.905,141171.8,1545447.4828
2025-03-21 08:00:00,10.905,10.936,10.707,10.78,112161.1,1213992.4683
2025-03-21 12:00:00,10.78,10.855,10.653,10.785,184364.2,1982651.1121
2025-03-21 16:00:00,10.785,10.979,10.725,10.907,112432.5,1224248.8727
2025-03-21 20:00:00,10.907,11.054,10.826,10.859,82324.7,899561.1425
2025-03-22 00:00:00,10.859,11.018,10.838,10.996,59677.5,651836.6297
2025-03-22 04:00:00,10.996,11.094,10.947,11.074,51819.0,571123.281
2025-03-22 08:00:00,11.074,11.143,10.944,10.982,157404.6,1739669.2379
2025-03-22 12:00:00,10.982,11.017,10.819,10.91,65922.9,718801.2253
2025-03-22 16:00:00,10.91,11.229,10.849,10.981,199761.2,2203325.494
2025-03-22 20:00:00,10.981,11.014,10.673,10.752,131569.4,1422147.4163
2025-03-23 00:00:00,10.752,10.951,10.691,10.949,88391.4,956675.6098
2025-03-23 04:00:00,10.949,10.975,10.843,10.919,69294.9,755930.2582
2025-03-23 08:00:00,10.919,11.038,10.846,10.992,117717.3,1286636.2434
2025-03-23 12:00:00,10.992,12.42,10.876,12.105,1320520.1,15733165.4552
2025-03-23 16:00:00,12.105,12.453,11.304,11.385,1451227.1,17129642.1905
2025-03-23 20:00:00,11.385,11.541,11.262,11.521,192216.5,2196440.0697
2025-03-24 00:00:00,11.521,11.955,11.382,11.901,749137.9,8751927.0097
2025-03-24 04:00:00,11.901,11.99,11.775,11.804,347728.7,4129049.3996
2025-03-24 08:00:00,11.804,12.078,11.804,11.877,311740.2,3723030.4013
2025-03-24 12:00:00,11.877,12.012,11.643,11.8,452897.7,5349687.0937
2025-03-24 16:00:00,11.8,11.87,11.668,11.854,204662.8,2405538.6688
2025-03-24 20:00:00,11.854,11.985,11.731,11.9,202499.0,2403627.7984
2025-03-25 00:00:00,11.9,11.9,11.375,11.41,422642.6,4915415.6692
2025-03-25 04:00:00,11.41,11.478,11.31,11.407,283130.2,3234618.935
2025-03-25 08:00:00,11.407,11.59,11.385,11.557,146186.7,1681055.6023
2025-03-25 12:00:00,11.557,11.671,11.441,11.576,342190.9,3954855.2525
2025-03-25 16:00:00,11.576,11.686,11.473,11.575,133599.6,1546420.6074
2025-03-25 20:00:00,11.575,11.654,11.497,11.608,78868.5,914142.8062
2025-03-26 00:00:00,11.608,11.709,11.344,11.41,314290.6,3641622.5774
2025-03-26 04:00:00,11.41,11.821,11.4,11.788,220086.3,2562220.0914
2025-03-26 08:00:00,11.788,12.078,11.712,11.89,231514.1,2752347.1871
2025-03-26 12:00:00,11.89,11.944,11.436,11.516,401251.3,4675065.3659
2025-03-26 16:00:00,11.516,11.621,11.216,11.316,218774.7,2494045.2084
2025-03-26 20:00:00,11.316,11.527,11.298,11.393,122477.7,1397314.1706
2025-03-27 00:00:00,11.393,11.653,11.389,11.634,130011.3,1501678.2143
2025-03-27 04:00:00,11.634,11.668,11.5,11.507,94890.1,1099397.1308
2025-03-27 08:00:00,11.507,11.559,11.263,11.291,141320.2,1611319.363
2025-03-27 12:00:00,11.291,11.36,11.05,11.091,320184.0,3583934.6884
2025-03-27 16:00:00,11.091,11.189,11.026,11.113,108353.1,1203569.7248
2025-03-27 20:00:00,11.113,11.233,11.08,11.107,73590.9,820817.0185
2025-03-28 00:00:00,11.107,11.229,11.034,11.158,82666.7,919932.8357
2025-03-28 04:00:00,11.158,11.18,10.448,10.466,507144.2,5425169.9923
2025-03-28 08:00:00,10.466,10.549,10.234,10.394,297340.7,3081629.4556
2025-03-28 12:00:00,10.394,10.409,10.139,10.246,395999.3,4063872.7425
2025-03-28 16:00:00,10.246,10.266,10.11,10.205,97848.7,998844.2777
2025-03-28 20:00:00,10.205,10.356,10.171,10.347,100110.9,1029126.027
2025-03-29 00:00:00,10.347,10.452,10.213,10.383,109000.5,1129053.4537
2025-03-29 04:00:00,10.383,10.391,10.14,10.178,81905.0,839758.6639
2025-03-29 08:00:00,10.178,10.282,9.878,9.973,382627.0,3836700.8839
2025-03-29 12:00:00,9.973,10.16,9.958,10.02,114081.6,1148537.8073
2025-03-29 16:00:00,10.02,10.071,9.842,10.015,109442.7,1091390.7855
2025-03-29 20:00:00,10.015,10.09,9.904,10.079,81751.1,816727.9506
2025-03-30 00:00:00,10.079,10.254,9.962,10.163,144089.9,1455876.4148
2025-03-30 04:00:00,10.163,10.323,10.157,10.275,102442.9,1049591.8122
2025-03-30 08:00:00,10.275,10.367,10.106,10.142,77908.4,796625.7883
2025-03-30 12:00:00,10.142,10.223,10.041,10.159,122631.7,1240018.5077
2025-03-30 16:00:00,10.159,10.263,10.013,10.198,83368.5,845397.8751
2025-03-30 20:00:00,10.198,10.267,10.029,10.214,145989.1,1487888.254
2025-03-31 00:00:00,10.214,10.31,10.056,10.074,156183.2,1591472.3739
2025-03-31 04:00:00,10.074,10.227,9.928,10.007,160438.5,1615168.2272
2025-03-31 08:00:00,10.007,10.132,9.885,10.094,221590.2,2215289.0142
2025-03-31 12:00:00,10.094,10.25,9.971,10.171,207576.4,2108087.296
2025-03-31 16:00:00,10.171,10.209,10.004,10.067,58945.9,595796.9459
2025-03-31 20:00:00,10.067,10.114,9.942,10.018,160746.7,1612028.3509
2025-04-01 00:00:00,10.018,10.144,9.96,10.089,71258.9,717215.5579
2025-04-01 04:00:00,10.089,10.226,10.089,10.203,91863.5,933445.0165
2025-04-01 08:00:00,10.203,10.42,10.143,10.187,217882.5,2244132.7875
2025-04-01 12:00:00,10.187,10.461,10.148,10.396,318645.6,3295842.3456
2025-04-01 16:00:00,10.396,10.439,10.252,10.291,108489.2,1121847.0038
2025-04-01 20:00:00,10.291,10.453,10.241,10.391,76690.0,794591.0809
2025-04-02 00:00:00,10.391,10.406,10.202,10.36,150086.4,1549466.975
2025-04-02 04:00:00,10.36,10.455,10.089,10.279,315006.7,3230865.2538
2025-04-02 08:00:00,10.279,10.435,10.251,10.292,175918.2,1824679.1158
2025-04-02 12:00:00,10.292,10.67,10.28,10.47,360658.0,3779886.1881
2025-04-02 16:00:00,10.47,10.542,10.323,10.444,119506.1,1246689.2414
2025-04-02 20:00:00,10.444,10.666,8.98,9.16,1253904.2,12288111.7111
2025-04-03 00:00:00,9.16,9.381,9.131,9.325,184908.0,1719028.8335
2025-04-03 04:00:00,9.325,9.461,9.203,9.262,315093.6,2929617.951
2025-04-03 08:00:00,9.262,9.35,8.842,8.971,250404.0,2269808.2072
2025-04-03 12:00:00,8.971,9.029,8.733,8.99,447038.3,3975677.8256
2025-04-03 16:00:00,8.99,9.126,8.956,9.02,86242.7,779029.4682
2025-04-03 20:00:00,9.02,9.491,9.013,9.467,182117.6,1688295.705
2025-04-04 00:00:00,9.467,9.554,9.324,9.39,176405.3,1664061.0897
2025-04-04 04:00:00,9.39,9.552,9.339,9.542,86271.9,815572.5693
2025-04-04 08:00:00,9.542,9.64,9.121,9.267,198647.3,1859072.0152
2025-04-04 12:00:00,9.267,9.404,9.199,9.317,268435.3,2499481.1829
2025-04-04 16:00:00,9.317,9.456,9.276,9.355,76586.8,717387.0968
2025-04-04 20:00:00,9.355,9.404,9.313,9.353,34295.2,320710.6364
2025-04-05 00:00:00,9.353,9.456,9.327,9.355,57773.0,542020.8028
2025-04-05 04:00:00,9.355,9.4,9.236,9.323,54902.1,511849.6846
2025-04-05 08:00:00,9.323,9.38,9.284,9.291,45306.4,422653.6421
2025-04-05 12:00:00,9.291,9.306,9.117,9.162,69580.4,639493.2646
2025-04-05 16:00:00,9.162,9.209,9.062,9.097,53821.7,492794.3607
2025-04-05 20:00:00,9.097,9.238,9.086,9.23,36765.0,336837.9257
2025-04-06 00:00:00,9.23,9.262,9.105,9.14,110072.8,1014191.8726
2025-04-06 04:00:00,9.14,9.146,8.983,9.01,137319.4,1240164.6904
2025-04-06 08:00:00,9.01,9.082,8.948,8.972,195172.2,1757600.5257
2025-04-06 12:00:00,8.972,8.987,8.58,8.842,341822.5,2999023.439
2025-04-06 16:00:00,8.842,8.85,7.968,8.17,670545.2,5585599.8129
2025-04-06 20:00:00,8.17,8.22,7.721,7.93,610088.0,4842130.5704
2025-04-07 00:00:00,7.93,8.063,7.599,7.69,418722.9,3277749.5042
2025-04-07 04:00:00,7.69,7.827,7.137,7.347,1066173.9,7863382.2127
2025-04-07 08:00:00,7.347,7.756,7.328,7.602,342611.3,2604557.2354
2025-04-07 12:00:00,7.602,8.274,7.554,7.861,1515738.0,11968152.0714
2025-04-07 16:00:00,7.861,7.928,7.686,7.79,225825.8,1765918.1119
2025-04-07 20:00:00,7.79,7.977,7.79,7.814,183239.6,1450748.2058
2025-04-08 00:00:00,7.814,8.052,7.716,7.874,149237.4,1174532.041
2025-04-08 04:00:00,7.874,7.919,7.706,7.762,104629.7,815687.1686
2025-04-08 08:00:00,7.762,7.981,7.661,7.965,116724.4,912921.7177
2025-04-08 12:00:00,7.965,8.03,7.727,7.797,313899.7,2473979.3669
2025-04-08 16:00:00,7.797,7.797,7.453,7.506,237628.8,1802858.8914
2025-04-08 20:00:00,7.506,7.601,7.439,7.573,112497.9,844913.1993
2025-04-09 00:00:00,7.573,7.615,7.213,7.343,190726.4,1409659.5791
2025-04-09 04:00:00,7.343,7.671,7.332,7.659,165549.2,1248465.598
2025-04-09 08:00:00,7.659,7.704,7.417,7.478,130198.6,984002.3296
2025-04-09 12:00:00,7.478,7.701,7.407,7.615,257650.6,1955318.763
2025-04-09 16:00:00,7.615,8.312,7.614,8.175,669180.2,5345800.5835
2025-04-09 20:00:00,8.175,8.386,8.152,8.168,149799.8,1239435.3014
2025-04-10 00:00:00,8.168,8.217,7.905,7.992,148110.1,1195141.6091
2025-04-10 04:00:00,7.992,8.1,7.94,7.995,90395.7,725932.66
2025-04-10 08:00:00,7.995,8.025,7.889,7.981,115909.4,923409.224
2025-04-10 12:00:00,7.981,8.17,7.664,7.72,692282.0,5527365.8436
2025-04-10 16:00:00,7.72,7.888,7.679,7.84,260518.2,2029422.2245
2025-04-10 20:00:00,7.84,7.921,7.829,7.912,31139.5,245755.0862
2025-04-11 00:00:00,7.912,8.083,7.881,8.048,75222.2,600869.0029
2025-04-11 04:00:00,8.048,8.083,7.986,8.001,88160.8,707128.267
2025-04-11 08:00:00,8.001,8.141,7.967,8.01,119461.6,961044.9172
2025-04-11 12:00:00,8.01,8.184,7.923,8.0,453822.6,3638686.557
2025-04-11 16:00:00,8.0,8.145,7.972,8.121,101571.2,822461.0711
2025-04-11 20:00:00,8.121,8.197,8.014,8.053,76342.4,619188.7807
2025-04-12 00:00:00,8.053,8.1,7.969,7.998,77494.7,622287.636
2025-04-12 04:00:00,7.998,8.17,7.944,8.153,71959.4,580653.7124
2025-04-12 08:00:00,8.153,8.256,8.145,8.205,85175.3,698596.5892
2025-04-12 12:00:00,8.205,8.568,8.196,8.486,210521.9,1770446.4406
2025-04-12 16:00:00,8.486,8.529,8.418,8.455,86614.2,733711.6384
2025-04-12 20:00:00,8.455,8.782,8.44,8.69,165872.5,1428418.6915
2025-04-13 00:00:00,8.69,8.786,8.569,8.72,156892.9,1362286.0876
2025-04-13 04:00:00,8.72,8.726,8.51,8.51,205151.0,1765982.8898
2025-04-13 08:00:00,8.51,8.732,8.442,8.66,168245.3,1448209.5053
2025-04-13 12:00:00,8.66,8.75,8.391,8.482,262207.3,2244149.7203
2025-04-13 16:00:00,8.482,8.69,8.282,8.382,225903.4,1916473.5408
2025-04-13 20:00:00,8.382,8.506,8.045,8.263,190877.3,1576115.8581
2025-04-14 00:00:00,8.263,8.494,8.228,8.29,190747.0,1591415.6515
2025-04-14 04:00:00,8.29,8.47,8.272,8.374,140229.9,1173956.7236
2025-04-14 08:00:00,8.374,8.469,8.231,8.426,121483.9,1019208.0938
2025-04-14 12:00:00,8.426,8.5,7.961,8.0,326862.2,2676435.038
2025-04-14 16:00:00,8.0,8.059,7.947,7.996,204528.2,1637264.873
2025-04-14 20:00:00,7.996,8.026,7.846,7.874,267662.7,2127736.0847
2025-04-15 00:00:00,7.874,8.224,7.813,8.199,156802.6,1250888.3982
2025-04-15 04:00:00,8.199,8.217,8.025,8.038,219760.3,1772722.6216
2025-04-15 08:00:00,8.038,8.05,7.867,7.936,130309.2,1041219.1462
2025-04-15 12:00:00,7.936,8.033,7.769,7.836,354776.5,2792285.9529
2025-04-15 16:00:00,7.836,7.968,7.806,7.823,214721.7,1686767.3389
2025-04-15 20:00:00,7.823,7.908,7.784,7.823,73088.4,572642.733
2025-04-16 00:00:00,7.823,7.96,7.737,7.924,90757.9,713863.6344
2025-04-16 04:00:00,7.924,7.958,7.824,7.89,83074.0,654818.3057
2025-04-16 08:00:00,7.89,8.099,7.814,7.986,279831.6,2235919.0018
2025-04-16 12:00:00,7.986,8.089,7.852,8.022,274893.0,2199551.0849
2025-04-16 16:00:00,8.022,8.045,7.57,7.855,440842.6,3438478.5886
2025-04-16 20:00:00,7.855,7.917,7.667,7.716,74774.9,581259.1784
2025-04-17 00:00:00,7.716,7.762,7.659,7.735,77918.1,600944.6326
2025-04-17 04:00:00,7.735,7.885,7.717,7.83,84947.2,664821.7022
2025-04-17 08:00:00,7.83,7.842,7.667,7.674,107935.4,836482.9324
2025-04-17 12:00:00,7.674,7.736,7.38,7.658,613295.5,4627990.3287
2025-04-17 16:00:00,7.658,7.742,7.426,7.483,374629.8,2855755.0772
2025-04-17 20:00:00,7.483,7.564,7.416,7.564,225170.4,1686980.7094
2025-04-18 00:00:00,7.564,7.594,7.465,7.545,155071.5,1170042.028
2025-04-18 04:00:00,7.545,7.56,7.475,7.559,134512.0,1011438.2623
2025-04-18 08:00:00,7.559,7.694,7.549,7.667,173898.0,1326752.0726
2025-04-18 12:00:00,7.667,7.877,7.624,7.646,374698.5,2893793.1297
2025-04-18 16:00:00,7.646,7.714,7.637,7.67,87735.3,673131.1707
2025-04-18 20:00:00,7.67,7.826,7.649,7.79,93037.6,720066.6201
2025-04-19 00:00:00,7.79,8.354,7.752,8.299,465408.4,3703853.6535
2025-04-19 04:00:00,8.299,8.718,8.081,8.37,1075225.6,8985606.0967
2025-04-19 08:00:00,8.37,8.689,8.274,8.367,727411.6,6165901.6748
2025-04-19 12:00:00,8.367,8.443,8.244,8.329,418595.4,3491544.1862
2025-04-19 16:00:00,8.329,8.418,8.225,8.338,242059.1,2014724.5749
2025-04-19 20:00:00,8.338,8.477,8.312,8.417,154932.9,1301385.5032
2025-04-20 00:00:00,8.417,8.632,8.366,8.391,341371.2,2896311.0146
2025-04-20 04:00:00,8.391,8.429,8.193,8.242,342479.6,2847599.4115
2025-04-20 08:00:00,8.242,8.252,8.041,8.076,413962.0,3370762.5328
2025-04-20 12:00:00,8.076,8.189,8.029,8.055,209467.6,1702098.7544
2025-04-20 16:00:00,8.055,8.152,8.033,8.148,75538.6,612568.1368
2025-04-20 20:00:00,8.148,8.211,8.08,8.177,70430.1,573899.6777
2025-04-21 00:00:00,8.177,8.386,8.165,8.297,294680.2,2444804.3653
2025-04-21 04:00:00,8.297,8.417,8.281,8.323,160833.9,1344110.727
2025-04-21 08:00:00,8.323,8.385,8.187,8.289,195544.1,1618864.8011
2025-04-21 12:00:00,8.289,8.514,8.251,8.381,279014.6,2338252.3531
2025-04-21 16:00:00,8.381,8.413,8.141,8.269,271941.5,2244684.8867
2025-04-21 20:00:00,8.269,8.348,8.237,8.319,76793.7,637371.5824
2025-04-22 00:00:00,8.319,8.43,8.147,8.371,231550.2,1921953.8092
2025-04-22 04:00:00,8.371,8.481,8.221,8.469,158023.3,1321497.104
2025-04-22 08:00:00,8.469,8.582,8.422,8.541,127127.1,1080133.4274
2025-04-22 12:00:00,8.541,9.16,8.495,8.945,466709.6,4131057.7806
2025-04-22 16:00:00,8.945,9.035,8.81,8.839,203469.5,1816106.1652
2025-04-22 20:00:00,8.839,9.273,8.838,9.225,293522.8,2674114.1036
2025-04-23 00:00:00,9.225,9.476,9.138,9.47,272705.6,2529594.518
2025-04-23 04:00:00,9.47,9.563,9.291,9.38,383990.3,3621365.8154
2025-04-23 08:00:00,9.38,9.414,9.183,9.339,164142.6,1531486.9088
2025-04-23 12:00:00,9.339,10.398,9.136,10.139,583856.4,5613059.1972
2025-04-23 16:00:00,10.139,16.138,9.98,13.202,9183177.3,121610108.3029
2025-04-23 20:00:00,13.202,14.948,13.146,13.29,2455666.7,34321630.327
2025-04-24 00:00:00,13.29,13.6,11.7,11.895,3352527.7,42386082.3553
2025-04-24 04:00:00,11.895,12.691,11.784,12.0,2403972.6,29357003.6478
2025-04-24 08:00:00,12.0,12.626,11.551,12.351,2171929.2,26172088.4366
2025-04-24 12:00:00,12.351,12.575,11.846,12.286,1843328.0,22558399.7803
2025-04-24 16:00:00,12.286,12.556,11.776,12.008,1222956.5,14820761.5834
2025-04-24 20:00:00,12.008,12.303,11.673,12.213,692408.1,8296112.331
2025-04-25 00:00:00,12.213,12.386,11.796,12.028,699228.4,8445020.5239
2025-04-25 04:00:00,12.028,13.321,11.904,13.161,1332433.4,16859815.8346
2025-04-25 08:00:00,13.161,13.587,12.622,13.366,1487747.1,19509175.2539
2025-04-25 12:00:00,13.366,14.432,12.936,13.901,2241935.9,30378521.1908
2025-04-25 16:00:00,13.901,13.984,13.177,13.648,883444.0,11910750.7676
2025-04-25 20:00:00,13.648,13.688,12.939,13.339,418098.1,5566684.5037
2025-04-26 00:00:00,13.339,14.462,13.219,14.147,1046135.2,14562309.5037
2025-04-26 04:00:00,14.147,15.351,14.032,15.178,2044020.1,30304505.0927
2025-04-26 08:00:00,15.178,16.464,14.902,15.136,4055208.0,63712822.8488
2025-04-26 12:00:00,15.136,15.57,14.66,15.459,2332027.5,35295290.1373
2025-04-26 16:00:00,15.459,15.85,15.145,15.552,1252270.7,19412836.0235
2025-04-26 20:00:00,15.552,15.844,15.139,15.622,812255.3,12622722.6881
2025-04-27 00:00:00,15.622,15.81,14.829,15.587,1760982.0,26847708.5661
2025-04-27 04:00:00,15.587,15.593,14.324,14.649,1694450.0,25174968.2037
2025-04-27 08:00:00,14.649,15.064,14.575,14.768,806001.5,11953719.0182
2025-04-27 12:00:00,14.768,15.243,14.26,14.959,1677370.2,24774678.2316
2025-04-27 16:00:00,14.959,15.15,14.698,15.044,604710.4,8995804.0917
2025-04-27 20:00:00,15.044,15.221,14.782,14.886,530333.6,7937767.9724
2025-04-28 00:00:00,14.886,14.914,14.147,14.445,1265713.5,18318921.9458
2025-04-28 04:00:00,14.445,15.6,14.274,15.446,1395037.1,21123322.411
2025-04-28 08:00:00,15.446,15.58,14.875,15.041,1163945.8,17739827.804
2025-04-28 12:00:00,15.041,15.151,14.419,14.645,1172607.2,17364660.1704
2025-04-28 16:00:00,14.645,14.767,14.371,14.708,607113.7,8839010.7356
2025-04-28 20:00:00,14.708,14.747,14.438,14.69,230425.0,3368285.9112
2025-04-29 00:00:00,14.69,14.902,14.15,14.462,635784.0,9175106.3528
2025-04-29 04:00:00,14.462,14.471,13.642,14.101,1035280.5,14503861.8027
2025-04-29 08:00:00,14.101,14.292,13.6,13.819,817681.3,11348791.4804
2025-04-29 12:00:00,13.819,13.834,13.312,13.602,1222793.9,16592595.0521
2025-04-29 16:00:00,13.602,13.91,13.581,13.764,281553.8,3867849.2657
2025-04-29 20:00:00,13.764,13.792,12.688,12.981,1281674.1,16787361.3216
2025-04-30 00:00:00,12.981,13.28,12.888,13.107,600699.9,7845328.3067
2025-04-30 04:00:00,13.107,13.347,12.981,13.082,487370.9,6408721.6601
2025-04-30 08:00:00,13.082,13.245,12.824,13.061,596788.5,7762860.0673
2025-04-30 12:00:00,13.061,13.15,12.006,12.709,2069360.5,25847912.1418
2025-04-30 16:00:00,12.709,13.004,12.558,12.908,520447.2,6631693.6413
2025-04-30 20:00:00,12.908,13.492,12.789,13.174,436581.7,5729261.0023
2025-05-01 00:00:00,13.174,13.398,12.97,13.042,519623.0,6850673.3096
2025-05-01 04:00:00,13.042,13.254,12.952,13.139,395413.5,5181216.8119
2025-05-01 08:00:00,13.139,13.517,13.077,13.301,617314.6,8185425.26
2025-05-01 12:00:00,13.301,13.351,12.732,12.893,720956.4,9384873.7173
2025-05-01 16:00:00,12.893,13.074,12.609,12.705,458493.7,5907056.9296
2025-05-01 20:00:00,12.705,12.946,12.578,12.75,231585.3,2957997.2982
2025-05-02 00:00:00,12.75,12.93,12.623,12.685,243252.0,3107634.1004
2025-05-02 04:00:00,12.685,12.7,12.319,12.364,698283.7,8699629.0063
2025-05-02 08:00:00,12.364,12.583,12.357,12.477,263657.4,3293836.1331
2025-05-02 12:00:00,12.477,12.953,12.377,12.765,564411.1,7197251.0566
2025-05-02 16:00:00,12.765,13.108,12.706,13.054,440122.7,5692594.9709
2025-05-02 20:00:00,13.054,13.355,12.794,13.225,410655.1,5378812.1491
2025-05-03 00:00:00,13.225,13.327,12.881,13.022,244991.6,3199979.2792
2025-05-03 04:00:00,13.022,13.105,12.732,12.819,243119.3,3129607.1863
2025-05-03 08:00:00,12.819,12.928,12.585,12.662,328400.7,4186669.3243
2025-05-03 12:00:00,12.662,12.819,12.65,12.702,247940.8,3156023.5408
2025-05-03 16:00:00,12.702,12.705,10.329,11.51,2055301.9,23657300.4216
2025-05-03 20:00:00,11.51,11.555,11.154,11.318,560018.8,6360652.698
2025-05-04 00:00:00,11.318,11.471,11.008,11.061,1048956.3,11741658.5362
2025-05-04 04:00:00,11.061,11.258,11.02,11.136,437677.6,4872037.0182
2025-05-04 08:00:00,11.136,11.239,10.753,11.18,1037086.2,11390951.473
2025-05-04 12:00:00,11.18,11.257,11.02,11.165,506517.3,5646278.0919
2025-05-04 16:00:00,11.165,11.2,10.811,10.914,468631.0,5137535.0994
2025-05-04 20:00:00,10.914,11.17,10.839,10.961,331139.1,3644756.6922
2025-05-05 00:00:00,10.961,11.188,10.88,11.087,451603.0,4998056.0319
2025-05-05 04:00:00,11.087,11.416,11.066,11.227,525153.8,5904968.7817
2025-05-05 08:00:00,11.227,11.23,10.91,11.036,629642.9,6969128.7109
2025-05-05 12:00:00,11.036,11.617,10.962,11.166,1068491.8,12035874.5155
2025-05-05 16:00:00,11.166,11.269,11.028,11.099,299242.7,3333102.6369
2025-05-05 20:00:00,11.099,11.296,10.725,11.172,436913.3,4793998.6466
2025-05-06 00:00:00,11.172,11.243,10.901,11.038,359790.1,3986368.4831
2025-05-06 04:00:00,11.038,11.084,10.869,10.932,230193.2,2524430.9539
2025-05-06 08:00:00,10.932,10.955,10.378,10.47,1181901.0,12556558.655
2025-05-06 12:00:00,10.47,10.745,10.427,10.615,624314.2,6619872.5727
2025-05-06 16:00:00,10.615,10.969,10.529,10.891,376709.2,4061724.8784
2025-05-06 20:00:00,10.891,11.051,10.65,11.05,355756.2,3876835.461
2025-05-07 00:00:00,11.05,11.233,10.891,11.024,396258.2,4387263.2834
2025-05-07 04:00:00,11.024,11.04,10.86,11.004,222269.3,2431284.6362
2025-05-07 08:00:00,11.004,11.064,10.87,10.924,296444.7,3249198.1714
2025-05-07 12:00:00,10.924,10.966,10.714,10.757,315856.5,3428354.1743
2025-05-07 16:00:00,10.757,10.967,10.663,10.74,334094.1,3606016.8594
2025-05-07 20:00:00,10.74,11.043,10.706,10.979,178579.4,1945541.5957
2025-05-08 00:00:00,10.979,11.35,10.96,11.338,435121.1,4862083.3449
2025-05-08 04:00:00,11.338,12.444,11.338,12.065,1272385.5,15289671.3686
2025-05-08 08:00:00,12.065,12.474,12.0,12.104,790510.1,9673831.7225
2025-05-08 12:00:00,12.104,12.7,12.088,12.282,1060415.9,13065537.0585
2025-05-08 16:00:00,12.282,12.566,12.255,12.393,455751.0,5644996.6107
2025-05-08 20:00:00,12.393,12.762,12.318,12.593,512918.3,6408311.0325
2025-05-09 00:00:00,12.593,14.35,12.421,13.787,1747837.9,23758954.0245
2025-05-09 04:00:00,13.787,14.15,13.415,13.921,1018586.1,14077245.8738
2025-05-09 08:00:00,13.921,14.563,13.581,14.324,1314341.2,18524007.2482
2025-05-09 12:00:00,14.324,14.909,13.832,13.941,1318550.9,18767386.7683
2025-05-09 16:00:00,13.941,14.813,13.664,14.306,1220636.7,17448098.6963
2025-05-09 20:00:00,14.306,14.519,14.019,14.262,317851.0,4542443.551
2025-05-10 00:00:00,14.262,15.262,14.116,14.237,1368378.6,19964838.6306
2025-05-10 04:00:00,14.237,14.538,14.022,14.462,628700.8,8971895.2602
2025-05-10 08:00:00,14.462,14.544,13.74,13.851,909374.0,12787693.1758
2025-05-10 12:00:00,13.851,14.36,13.851,14.124,509217.5,7171565.2187
2025-05-10 16:00:00,14.124,14.475,14.088,14.346,367833.5,5252954.2688
2025-05-10 20:00:00,14.346,15.016,14.235,14.951,760853.0,11067036.7749
2025-05-11 00:00:00,14.951,15.247,13.876,14.227,1002513.8,14439739.3158
2025-05-11 04:00:00,14.227,14.356,13.356,13.596,911628.2,12600177.4457
2025-05-11 08:00:00,13.596,14.006,13.508,13.964,373211.2,5148211.4001
2025-05-11 12:00:00,13.964,14.144,13.516,13.645,674869.4,9366631.2998
2025-05-11 16:00:00,13.645,13.869,13.46,13.767,300004.9,4101096.506
2025-05-11 20:00:00,13.767,14.001,13.664,13.761,227298.7,3139925.7907
2025-05-12 00:00:00,13.761,14.146,13.388,13.943,634774.8,8777763.1697
2025-05-12 04:00:00,13.943,14.625,13.821,14.086,945842.8,13353546.4232
2025-05-12 08:00:00,14.086,14.729,13.888,14.113,820667.3,11738292.0631
2025-05-12 12:00:00,14.113,14.24,12.902,13.08,1721038.3,23140164.3798
2025-05-12 16:00:00,13.08,14.007,12.125,12.679,1711648.3,22173146.849
2025-05-12 20:00:00,12.679,13.342,12.557,13.073,472680.2,6109082.1803
2025-05-13 00:00:00,13.073,13.083,12.291,12.346,584862.3,7380236.0424
2025-05-13 04:00:00,12.346,12.831,12.326,12.762,421428.1,5325275.1664
2025-05-13 08:00:00,12.762,13.023,12.656,12.928,468679.2,6038814.889
2025-05-13 12:00:00,12.928,13.029,12.551,12.893,722294.7,9244192.4089
2025-05-13 16:00:00,12.893,13.816,12.891,13.63,787876.0,10579905.2752
2025-05-13 20:00:00,13.63,13.888,13.474,13.785,496317.9,6793651.3341
2025-05-14 00:00:00,13.785,13.833,13.251,13.542,512713.9,6940880.3623
2025-05-14 04:00:00,13.542,13.768,13.403,13.529,385586.9,5235600.5434
2025-05-14 08:00:00,13.529,14.0,13.061,13.661,655379.0,8823413.8381
2025-05-14 12:00:00,13.661,13.665,13.015,13.259,482532.2,6412889.8915
2025-05-14 16:00:00,13.259,13.397,12.936,13.366,400747.6,5294636.0934
2025-05-14 20:00:00,13.366,13.46,13.228,13.382,234454.3,3124522.2895
2025-05-15 00:00:00,13.382,13.583,13.141,13.206,436615.6,5843221.6843
2025-05-15 04:00:00,13.206,13.346,12.557,12.661,705326.3,9066881.5361
2025-05-15 08:00:00,12.661,12.907,12.42,12.686,430846.4,5449361.2702
2025-05-15 12:00:00,12.686,12.873,12.341,12.787,643810.2,8113134.8085
2025-05-15 16:00:00,12.787,13.103,12.657,12.847,367546.9,4734441.4083
2025-05-15 20:00:00,12.847,12.939,12.487,12.78,408799.0,5191830.3071
2025-05-16 00:00:00,12.78,13.074,12.686,13.003,317345.8,4094647.2049
2025-05-16 04:00:00,13.003,13.06,12.839,12.908,188705.4,2440877.4118
2025-05-16 08:00:00,12.908,13.147,12.673,12.987,497864.3,6434477.3886
2025-05-16 12:00:00,12.987,13.059,12.762,12.978,446990.3,5789667.027
2025-05-16 16:00:00,12.978,13.052,12.667,12.951,294360.2,3776781.7447
2025-05-16 20:00:00,12.951,12.951,12.454,12.643,263825.9,3349237.0343
2025-05-17 00:00:00,12.643,12.677,12.206,12.616,475234.9,5901180.9608
2025-05-17 04:00:00,12.616,12.639,12.388,12.526,202502.1,2529236.3688
2025-05-17 08:00:00,12.526,12.589,12.421,12.539,156396.2,1957360.6459
2025-05-17 12:00:00,12.539,13.309,12.401,12.813,741232.0,9546577.4707
2025-05-17 16:00:00,12.813,13.001,12.606,12.804,287680.3,3691890.8088
2025-05-17 20:00:00,12.804,12.913,12.346,12.64,465138.2,5849768.4771
2025-05-18 00:00:00,12.64,12.813,12.637,12.692,287820.5,3661649.253
2025-05-18 04:00:00,12.692,13.123,12.678,13.082,306493.5,3978709.0683
2025-05-18 08:00:00,13.082,13.212,12.833,12.867,309186.0,4027341.0956
2025-05-18 12:00:00,12.867,13.522,12.797,13.502,515884.4,6817099.0722
2025-05-18 16:00:00,13.502,13.6,12.835,12.842,467884.1,6190252.5455
2025-05-18 20:00:00,12.842,13.334,12.595,13.238,399242.1,5127756.4091
2025-05-19 00:00:00,13.238,13.358,12.714,12.766,344621.9,4462845.503
2025-05-19 04:00:00,12.766,12.868,12.465,12.634,298396.1,3782332.4149
2025-05-19 08:00:00,12.634,12.643,12.384,12.565,302702.0,3791796.087
2025-05-19 12:00:00,12.565,12.807,12.318,12.747,290375.2,3667650.7141
2025-05-19 16:00:00,12.747,12.978,12.641,12.928,263560.5,3383236.8953
2025-05-19 20:00:00,12.928,12.974,12.72,12.863,194095.2,2487726.1208
2025-05-20 00:00:00,12.863,13.118,12.74,12.867,384097.6,4960811.6097
2025-05-20 04:00:00,12.867,12.999,12.758,12.786,251702.8,3240577.6325
2025-05-20 08:00:00,12.786,13.373,12.705,13.261,636607.3,8327783.0028
2025-05-20 12:00:00,13.261,13.457,13.031,13.305,709446.1,9393847.6109
2025-05-20 16:00:00,13.305,13.492,13.135,13.435,262320.4,3486083.2342
2025-05-20 20:00:00,13.435,14.673,13.342,14.445,920352.2,12881769.3595
2025-05-21 00:00:00,14.445,14.898,13.908,14.523,1050869.9,15046150.658
2025-05-21 04:00:00,14.523,14.694,14.201,14.26,743724.5,10772578.2647
2025-05-21 08:00:00,14.26,14.471,14.106,14.417,423371.5,6050721.2707
2025-05-21 12:00:00,14.417,15.1,14.345,14.831,1097138.9,16047253.7333
2025-05-21 16:00:00,14.831,15.2,13.848,14.232,1272894.7,18258442.3555
2025-05-21 20:00:00,14.232,14.706,14.111,14.376,436633.4,6270862.5987
2025-05-22 00:00:00,14.376,14.697,14.287,14.601,462143.1,6686648.5515
2025-05-22 04:00:00,14.601,14.627,14.334,14.571,437667.1,6342545.7138
2025-05-22 08:00:00,14.571,15.869,14.534,15.674,1454403.5,22214271.328
2025-05-22 12:00:00,15.674,15.937,15.252,15.414,1052966.5,16412588.5998
2025-05-22 16:00:00,15.414,15.939,15.28,15.297,712753.2,11140029.6099
2025-05-22 20:00:00,15.297,15.363,13.914,14.726,1421306.8,20678514.6429
2025-05-23 00:00:00,14.726,14.727,13.919,14.492,1056823.0,15217896.721
2025-05-23 04:00:00,14.492,14.528,13.455,13.64,1741510.7,24253418.307
2025-05-23 08:00:00,13.64,14.051,13.211,13.379,1654785.9,22500583.3951
2025-05-23 12:00:00,13.379,13.593,12.934,13.399,1520479.7,20278267.7126
2025-05-23 16:00:00,13.399,13.551,13.145,13.165,563809.1,7536836.8068
2025-05-23 20:00:00,13.165,13.166,12.404,12.535,1054007.8,13464342.2383
2025-05-24 00:00:00,12.535,12.832,12.439,12.806,436910.5,5542507.9803
2025-05-24 04:00:00,12.806,13.048,12.73,12.777,628454.8,8097983.5991
2025-05-24 08:00:00,12.777,13.017,12.726,12.929,273461.1,3529451.4
2025-05-24 12:00:00,12.929,13.097,12.826,13.049,209833.2,2717781.9305
2025-05-24 16:00:00,13.049,13.144,12.945,13.043,113502.7,1480223.1721
2025-05-24 20:00:00,13.043,13.068,12.843,12.931,185006.6,2392828.5436
2025-05-25 00:00:00,12.931,12.94,12.539,12.846,405801.2,5165528.262
2025-05-25 04:00:00,12.846,12.869,12.691,12.729,164218.7,2101966.7372
2025-05-25 08:00:00,12.729,12.737,12.485,12.593,314528.2,3961275.6736
2025-05-25 12:00:00,12.593,12.718,12.27,12.476,460836.4,5749026.7675
2025-05-25 16:00:00,12.476,12.665,12.322,12.606,183626.1,2290854.1396
2025-05-25 20:00:00,12.606,12.875,12.481,12.822,348211.4,4427868.5327
2025-05-26 00:00:00,12.822,12.909,12.725,12.844,284262.2,3649408.3701
2025-05-26 04:00:00,12.844,13.046,12.812,13.009,269930.7,3488468.4883
2025-05-26 08:00:00,13.009,13.026,12.737,12.788,221477.9,2843512.6056
2025-05-26 12:00:00,12.788,13.288,12.548,12.895,553306.1,7114762.877
2025-05-26 16:00:00,12.895,12.921,12.59,12.756,345020.1,4387392.9498
2025-05-26 20:00:00,12.756,12.807,12.662,12.728,162064.4,2062121.9549
2025-05-27 00:00:00,12.728,12.78,12.363,12.695,330680.3,4155651.509
2025-05-27 04:00:00,12.695,12.873,12.643,12.846,251087.9,3200804.6571
2025-05-27 08:00:00,12.846,12.885,12.746,12.871,168712.2,2161413.2498
2025-05-27 12:00:00,12.871,13.076,12.692,12.861,717692.1,9257230.9727
2025-05-27 16:00:00,12.861,12.945,12.779,12.803,160415.6,2061319.7979
2025-05-27 20:00:00,12.803,12.854,12.715,12.785,101176.1,1293650.3821
2025-05-28 00:00:00,12.785,12.83,12.666,12.745,108218.0,1379576.2428
2025-05-28 04:00:00,12.745,12.907,12.689,12.76,132200.7,1692904.123
2025-05-28 08:00:00,12.76,12.792,12.596,12.695,165994.0,2106489.3564
2025-05-28 12:00:00,12.695,12.829,12.049,12.22,688309.2,8542797.3352
2025-05-28 16:00:00,12.22,12.493,12.125,12.182,277128.9,3405973.4945
2025-05-28 20:00:00,12.182,12.504,12.175,12.48,123609.5,1522661.8842
2025-05-29 00:00:00,12.48,12.755,12.434,12.629,279146.8,3522511.8242
2025-05-29 04:00:00,12.629,12.649,12.42,12.495,207043.2,2591883.6178
2025-05-29 08:00:00,12.495,12.591,12.453,12.486,156408.0,1960177.9317
2025-05-29 12:00:00,12.486,12.486,11.858,12.078,803758.1,9764572.1753
2025-05-29 16:00:00,12.078,12.121,11.843,11.955,251737.9,3024189.3722
2025-05-29 20:00:00,11.955,12.116,11.867,11.948,109380.1,1310327.1771
2025-05-30 00:00:00,11.948,12.013,11.147,11.719,1624949.8,18751145.0632
2025-05-30 04:00:00,11.719,11.782,11.345,11.398,638496.8,7332239.5341
2025-05-30 08:00:00,11.398,11.587,11.319,11.532,231018.1,2648504.0551
2025-05-30 12:00:00,11.532,11.559,11.215,11.329,1021282.5,11651318.6716
2025-05-30 16:00:00,11.329,11.382,10.857,11.275,911745.3,10065793.8133
2025-05-30 20:00:00,11.275,11.323,10.647,10.825,509756.6,5572193.0702
2025-05-31 00:00:00,10.825,10.865,10.411,10.7,895735.6,9510464.7086
2025-05-31 04:00:00,10.7,10.835,10.64,10.719,170934.6,1834986.2795
2025-05-31 08:00:00,10.719,10.807,10.656,10.761,246400.5,2645581.1724
2025-05-31 12:00:00,10.761,11.388,10.74,11.199,1273892.3,14188422.5686
2025-05-31 16:00:00,11.199,11.348,11.148,11.336,193196.7,2174158.9472
2025-05-31 20:00:00,11.336,11.351,11.2,11.239,131089.9,1477991.077
2025-06-01 00:00:00,11.239,11.34,11.137,11.193,211356.9,2370677.4577
2025-06-01 04:00:00,11.193,11.306,11.135,11.165,142247.2,1595534.9435
2025-06-01 08:00:00,11.165,11.199,10.929,11.165,318986.2,3529475.4614
2025-06-01 12:00:00,11.165,11.358,11.115,11.263,281135.6,3162716.4944
2025-06-01 16:00:00,11.263,11.352,11.152,11.278,221470.2,2498860.606
2025-06-01 20:00:00,11.278,11.412,11.245,11.384,116479.1,1320309.1074
2025-06-02 00:00:00,11.384,11.407,11.154,11.195,235795.4,2664902.6148
2025-06-02 04:00:00,11.195,11.295,11.109,11.229,160917.7,1802878.2459
2025-06-02 08:00:00,11.229,11.312,11.043,11.084,222884.3,2482863.6753
2025-06-02 12:00:00,11.084,11.215,11.023,11.173,229603.2,2553885.165
2025-06-02 16:00:00,11.173,11.287,11.074,11.121,113439.2,1267160.1597
2025-06-02 20:00:00,11.121,11.378,11.121,11.324,238918.6,2699113.833
2025-06-03 00:00:00,11.324,11.468,11.167,11.22,586371.3,6639402.5238
2025-06-03 04:00:00,11.22,11.289,11.18,11.209,133752.7,1502025.6203
2025-06-03 08:00:00,11.209,11.296,11.113,11.252,129635.5,1453973.491
2025-06-03 12:00:00,11.252,11.423,11.213,11.31,253129.5,2865508.4738
2025-06-03 16:00:00,11.31,11.901,11.266,11.434,1232290.2,14223253.5778
2025-06-03 20:00:00,11.434,11.435,11.076,11.179,279665.0,3139763.0827
2025-06-04 00:00:00,11.179,11.25,11.05,11.165,250587.0,2801473.896
2025-06-04 04:00:00,11.165,11.22,11.116,11.204,122151.5,1364052.243
2025-06-04 08:00:00,11.204,11.245,11.119,11.121,171193.7,1916397.2037
2025-06-04 12:00:00,11.121,11.131,10.925,11.066,406113.7,4479818.6928
2025-06-04 16:00:00,11.066,11.069,10.843,10.892,238128.8,2606399.0457
2025-06-04 20:00:00,10.892,10.897,10.728,10.788,234602.8,2534452.5847
2025-06-05 00:00:00,10.788,10.943,10.723,10.932,199616.4,2166000.4753
2025-06-05 04:00:00,10.932,10.98,10.796,10.822,152321.0,1656571.6036
2025-06-05 08:00:00,10.822,10.851,10.658,10.729,186697.0,2007524.3871
2025-06-05 12:00:00,10.729,10.931,10.524,10.696,364962.2,3915417.1021
2025-06-05 16:00:00,10.696,10.698,9.119,9.783,3171062.6,31380558.1285
2025-06-05 20:00:00,9.783,9.912,9.433,9.722,1398529.9,13513615.3077
2025-06-06 00:00:00,9.722,9.892,9.7,9.819,363581.6,3566584.6858
2025-06-06 04:00:00,9.819,9.827,9.629,9.659,480641.2,4667344.4045
2025-06-06 08:00:00,9.659,9.826,9.612,9.797,510742.9,4957241.9683
2025-06-06 12:00:00,9.797,10.082,9.786,9.961,844502.0,8370082.8488
2025-06-06 16:00:00,9.961,10.942,9.752,10.294,1262939.2,12902605.2448
2025-06-06 20:00:00,10.294,10.331,9.926,10.103,955790.1,9619026.9996
2025-06-07 00:00:00,10.103,10.54,10.023,10.494,827881.5,8527480.5267
2025-06-07 04:00:00,10.494,10.531,10.307,10.366,496293.9,5158441.3089
2025-06-07 08:00:00,10.366,10.513,10.324,10.429,376933.9,3928559.9019
2025-06-07 12:00:00,10.429,10.524,10.33,10.368,226609.3,2362708.1474
2025-06-07 16:00:00,10.368,10.399,10.226,10.325,191773.5,1974385.8392
2025-06-07 20:00:00,10.325,10.398,10.298,10.375,96773.6,1001073.4852
2025-06-08 00:00:00,10.375,10.475,10.304,10.345,98727.4,1025336.9247
2025-06-08 04:00:00,10.345,10.414,10.273,10.282,151868.0,1571428.5921
2025-06-08 08:00:00,10.282,10.343,10.177,10.332,363899.6,3728700.9857
2025-06-08 12:00:00,10.332,10.447,10.275,10.417,249289.3,2579669.3492
2025-06-08 16:00:00,10.417,10.484,10.407,10.475,113635.2,1187160.6214
2025-06-08 20:00:00,10.475,10.555,10.365,10.395,198958.4,2080381.0541
2025-06-09 00:00:00,10.395,10.482,10.283,10.345,140139.1,1454462.5691
2025-06-09 04:00:00,10.345,10.392,10.251,10.299,165656.2,1705268.9238
2025-06-09 08:00:00,10.299,10.547,10.259,10.545,252162.1,2637769.5772
2025-06-09 12:00:00,10.545,10.671,10.423,10.528,288804.6,3044375.4644
2025-06-09 16:00:00,10.528,10.644,10.528,10.632,117825.9,1250645.0358
2025-06-09 20:00:00,10.632,10.877,10.615,10.851,402174.7,4332573.3598
2025-06-10 00:00:00,10.851,10.968,10.691,10.734,247600.7,2674787.6687
2025-06-10 04:00:00,10.734,10.758,10.595,10.702,205709.3,2197708.0073
2025-06-10 08:00:00,10.702,10.969,10.665,10.908,312149.5,3375138.6389
2025-06-10 12:00:00,10.908,11.034,10.661,10.751,712201.3,7689801.3483
2025-06-10 16:00:00,10.751,10.979,10.656,10.865,183651.0,1976374.2978
2025-06-10 20:00:00,10.865,11.028,10.794,10.97,175161.6,1914166.7427
2025-06-11 00:00:00,10.97,10.974,10.786,10.937,171140.9,1862224.6011
2025-06-11 04:00:00,10.937,11.071,10.835,10.995,243163.1,2660859.6479
2025-06-11 08:00:00,10.995,11.062,10.761,10.816,481444.2173,5258083.10075871
2025-06-11 12:00:00,10.816,11.148,10.785,11.111,541686.47232,5947083.37451208
2025-06-11 16:00:00,11.111,11.116,10.76,10.79,224554.95856,2457030.11798897
2025-06-11 20:00:00,10.79,10.892,10.535,10.7,347067.42254,3701184.64394959
2025-06-12 00:00:00,10.7,10.715,10.496,10.543,214348.29407,2271866.78175901
2025-06-12 04:00:00,10.543,10.57,10.405,10.437,273017.93429,2862752.22020774
2025-06-12 08:00:00,10.437,10.454,10.241,10.259,445984.64066,4619983.78779367
2025-06-12 12:00:00,10.259,10.449,10.226,10.264,500010.69095,5171664.69549498
2025-06-12 16:00:00,10.264,10.494,10.162,10.193,386278.45731,3994694.5923811
2025-06-12 20:00:00,10.193,10.234,9.884,10.118,703429.09376,7065273.68114328
2025-06-13 00:00:00,10.118,10.13,9.676,9.933,1963420.60506,19351641.80554784
2025-06-13 04:00:00,9.933,9.988,9.777,9.983,487011.96991,4815737.9306514
2025-06-13 08:00:00,9.983,10.117,9.865,9.925,516236.70555,5151852.77251132
2025-06-13 12:00:00,9.925,10.029,9.833,9.959,637920.0898,6325345.19771546
2025-06-13 16:00:00,9.959,10.057,9.847,9.919,626236.47945,6231205.89790999
2025-06-13 20:00:00,9.919,10.278,9.905,10.216,700599.2995,7091943.86478771
2025-06-14 00:00:00,10.216,10.216,10.051,10.12,518408.13236,5256028.55407365
2025-06-14 04:00:00,10.12,10.225,10.099,10.18,354660.01568,3601594.44590881
2025-06-14 08:00:00,10.18,10.279,10.14,10.216,405379.90268,4135241.40598272
2025-06-14 12:00:00,10.216,10.699,10.107,10.207,2128092.77478,22153723.66411552
2025-06-14 16:00:00,10.207,10.233,9.845,9.936,922618.80852,9200949.69109625
2025-06-14 20:00:00,9.936,10.101,9.867,10.021,288018.19858,2880292.06624517
2025-06-15 00:00:00,10.021,10.039,9.935,9.974,488845.43562,4883340.85199385
2025-06-15 04:00:00,9.974,10.104,9.88,9.941,306714.76079,3061110.21002328
2025-06-15 08:00:00,9.941,10.003,9.861,9.961,267855.16682,2660542.50730681
2025-06-15 12:00:00,9.961,10.089,9.943,10.038,290071.07732,2903606.16158681
2025-06-15 16:00:00,10.038,10.073,9.926,9.962,171653.88048,1716586.59264013
2025-06-15 20:00:00,9.962,9.984,9.81,9.962,348854.51521,3456427.03844093
2025-06-16 00:00:00,9.962,10.076,9.832,10.066,412731.07223,4128788.03415314
2025-06-16 04:00:00,10.066,10.18,10.066,10.124,444596.01336,4496666.92079656
2025-06-16 08:00:00,10.124,10.162,10.04,10.111,504393.928,5096600.54694458
2025-06-16 12:00:00,10.111,10.15,9.985,10.005,418784.81402,4215780.52925651
2025-06-16 16:00:00,10.005,10.088,9.976,10.031,408432.97504,4093635.10217448
2025-06-16 20:00:00,10.031,10.084,9.553,9.645,1058932.36323,10387383.98558253
2025-06-17 00:00:00,9.645,9.832,9.513,9.808,537755.85821,5217302.87509583
2025-06-17 04:00:00,9.808,9.82,9.662,9.696,299849.34312,2916296.77429522
2025-06-17 08:00:00,9.696,9.709,9.564,9.59,469997.18266,4523134.66163766
2025-06-17 12:00:00,9.59,9.684,9.443,9.491,387915.81103,3711846.74365946
2025-06-17 16:00:00,9.491,9.563,9.318,9.519,744355.56155,7008617.44349308
2025-06-17 20:00:00,9.519,9.544,9.415,9.516,247543.55066,2345630.99723432
2025-06-18 00:00:00,9.516,9.586,9.496,9.566,162886.91126,1553464.17562597
2025-06-18 04:00:00,9.566,9.595,9.507,9.515,289800.08894,2761763.42129579
2025-06-18 08:00:00,9.515,9.538,9.157,9.291,800077.58917,7426467.27037956
2025-06-18 12:00:00,9.291,9.345,9.094,9.269,814767.49712,7523688.85425879
2025-06-18 16:00:00,9.269,9.326,9.157,9.229,474726.89684,4390370.19828615
2025-06-18 20:00:00,9.229,9.389,9.198,9.381,193081.42275,1803077.77102852
2025-06-19 00:00:00,9.381,9.448,9.352,9.427,250948.67006,2356855.89604301
2025-06-19 04:00:00,9.427,9.445,9.333,9.333,251779.65773,2361964.45182238
2025-06-19 08:00:00,9.333,9.379,9.294,9.309,162042.82231,1511722.70387057
2025-06-19 12:00:00,9.309,9.35,9.213,9.238,237022.82897,2198381.44220696
2025-06-19 16:00:00,9.238,9.342,9.195,9.285,143315.77327,1330084.65567593
2025-06-19 20:00:00,9.285,9.367,9.274,9.354,167663.70712,1564068.64499068
2025-06-20 00:00:00,9.354,9.366,9.266,9.291,93130.56381,867134.51201852
2025-06-20 04:00:00,9.291,9.376,8.879,9.354,1088779.48902,9920203.81282387
2025-06-20 08:00:00,9.354,9.404,9.317,9.383,317833.91989,2979072.46146681
2025-06-20 12:00:00,9.383,9.461,9.275,9.372,715807.05346,6704594.76860037
2025-06-20 16:00:00,9.372,9.377,9.035,9.283,736351.70593,6773081.68132322
2025-06-20 20:00:00,9.283,9.335,9.132,9.18,103311.72754,951945.05223559
2025-06-21 00:00:00,9.18,9.275,9.164,9.238,111736.86334,1029117.38740005
2025-06-21 04:00:00,9.238,9.358,9.233,9.3,145969.95656,1358776.41289666
2025-06-21 08:00:00,9.3,9.312,9.226,9.243,145592.12827,1347804.82936522
2025-06-21 12:00:00,9.243,9.279,8.937,9.056,738171.32009,6704567.94732457
2025-06-21 16:00:00,9.056,9.101,8.943,9.02,449469.52205,4064215.22634251
2025-06-21 20:00:00,9.02,9.11,8.55,8.966,1032788.14363,9111748.92274893
2025-06-22 00:00:00,8.966,9.049,8.785,8.858,661015.98727,5884748.30627353
2025-06-22 04:00:00,8.858,8.935,8.724,8.748,649213.32402,5736939.29022104
2025-06-22 08:00:00,8.748,8.768,8.598,8.71,316396.62732,2746569.67002446
2025-06-22 12:00:00,8.71,8.737,8.411,8.462,786899.27473,6710614.11590076
2025-06-22 16:00:00,8.462,8.608,8.454,8.488,390963.19974,3326946.93518965
2025-06-22 20:00:00,8.488,8.745,8.29,8.732,664760.29004,5667813.03601669
2025-06-23 00:00:00,8.732,8.803,8.617,8.626,324524.68689,2824992.33182126
2025-06-23 04:00:00,8.626,8.743,8.602,8.71,406156.22757,3520410.65030676
2025-06-23 08:00:00,8.71,8.72,8.586,8.622,199665.60893,1725398.03634613
2025-06-23 12:00:00,8.622,8.822,8.604,8.662,326594.57861,2847098.51197189
2025-06-23 16:00:00,8.662,8.892,8.498,8.874,577898.44036,5043419.83034242
2025-06-23 20:00:00,8.874,9.328,8.866,9.285,715667.2794,6540294.43749416
2025-06-24 00:00:00,9.285,9.298,9.146,9.193,684805.23525,6311131.61674841
2025-06-24 04:00:00,9.193,9.499,9.18,9.369,381904.17578,3578708.99388131
2025-06-24 08:00:00,9.369,9.406,9.261,9.31,385024.96523,3587307.42094166
2025-06-24 12:00:00,9.31,9.337,9.215,9.238,291201.34827,2699768.81592466
2025-06-24 16:00:00,9.238,9.389,9.139,9.188,290170.79426,2693390.34648971
2025-06-24 20:00:00,9.188,9.294,9.175,9.294,143476.50854,1324830.76419264
2025-06-25 00:00:00,9.294,9.319,9.223,9.265,182547.37549,1694331.13264371
2025-06-25 04:00:00,9.265,9.272,9.153,9.2,319380.98289,2944479.77229179
2025-06-25 08:00:00,9.2,9.208,9.047,9.145,264746.52979,2411603.76932369
2025-06-25 12:00:00,9.145,9.223,8.993,9.015,297089.57001,2703511.32096033
2025-06-25 16:00:00,9.015,9.092,8.984,9.057,142804.05739,1290769.95337469
2025-06-25 20:00:00,9.057,9.103,8.878,8.93,242648.71905,2171444.90523748
2025-06-26 00:00:00,8.93,9.096,8.918,9.003,305125.18826,2746054.71524732
2025-06-26 04:00:00,9.003,9.064,8.935,9.009,212171.87531,1911027.62250025
2025-06-26 08:00:00,9.009,9.034,8.898,8.901,202120.46636,1808856.09906324
2025-06-26 12:00:00,8.901,9.09,8.754,8.889,723076.16121,6429206.92698507
2025-06-26 16:00:00,8.889,8.983,8.822,8.96,98728.23423,878325.87889832
2025-06-26 20:00:00,8.96,9.034,8.895,8.956,114935.0746,1029509.5193419
2025-06-27 00:00:00,8.956,9.023,8.895,8.958,195784.22214,1756929.74438029
2025-06-27 04:00:00,8.958,9.029,8.881,8.901,126166.28567,1128960.48926569
2025-06-27 08:00:00,8.901,8.984,8.866,8.978,221967.57497,1983680.42466486
2025-06-27 12:00:00,8.978,8.978,8.869,8.964,87602.74804,781584.84300937
2025-06-27 16:00:00,8.964,9.061,8.835,8.881,283827.43036,2536042.10413157
2025-06-27 20:00:00,8.881,9.009,8.874,9.009,61620.08494,552832.36371464
2025-06-28 00:00:00,9.009,9.038,8.961,9.014,106197.20147,955912.5903484
2025-06-28 04:00:00,9.014,9.023,8.952,8.969,164895.30506,1482598.18797565
2025-06-28 08:00:00,8.969,9.093,8.948,9.062,291734.19727,2631196.27275965
2025-06-28 12:00:00,9.062,9.072,8.977,9.055,162659.41399,1465840.39182525
2025-06-28 16:00:00,9.055,9.119,9.018,9.071,141320.18429,1281516.46292335
2025-06-28 20:00:00,9.071,9.118,9.037,9.111,107543.07252,976463.83783137
2025-06-29 00:00:00,9.111,9.118,9.01,9.012,150452.27679,1362943.68870763
2025-06-29 04:00:00,9.012,9.069,9.003,9.069,129566.90764,1170884.14910536
2025-06-29 08:00:00,9.069,9.137,9.056,9.083,148922.49887,1354776.86586179
2025-06-29 12:00:00,9.083,9.117,8.991,9.01,128852.64016,1166890.32169046
2025-06-29 16:00:00,9.01,9.073,8.993,9.058,74414.71139,672101.87472384
2025-06-29 20:00:00,9.058,9.298,9.006,9.236,302291.52767,2770132.13686936
2025-06-30 00:00:00,9.236,9.244,9.046,9.082,228965.28785,2096777.68353943
2025-06-30 04:00:00,9.082,9.093,8.907,8.977,286598.63645,2581094.74310323
2025-06-30 08:00:00,8.977,8.982,8.901,8.919,213967.6426,1913406.5395004
2025-06-30 12:00:00,8.919,8.997,8.81,8.942,390295.15032,3466628.97388286
2025-06-30 16:00:00,8.942,8.988,8.862,8.964,204122.20251,1822227.71220792
2025-06-30 20:00:00,8.964,8.964,8.868,8.889,172496.29445,1535907.17542292
2025-07-01 00:00:00,8.889,9.021,8.591,8.751,1126178.62113,9951799.10578088
2025-07-01 04:00:00,8.751,8.757,8.602,8.678,274989.26166,2385573.78242258
2025-07-01 08:00:00,8.678,8.692,8.621,8.67,205683.32907,1780759.89270854
2025-07-01 12:00:00,8.67,8.742,8.614,8.662,300947.1614,2609330.59554674
2025-07-01 16:00:00,8.662,8.691,8.547,8.56,246982.30709,2130535.03010018
2025-07-01 20:00:00,8.56,8.606,8.507,8.577,200645.3702,1717265.92358731
2025-07-02 00:00:00,8.577,8.617,8.495,8.562,185721.66814,1589346.17626317
2025-07-02 04:00:00,8.562,8.639,8.541,8.626,276684.55244,2379237.82311208
2025-07-02 08:00:00,8.626,8.659,8.579,8.636,198962.46467,1716387.89649889
2025-07-02 12:00:00,8.636,8.76,8.566,8.744,391355.32736,3394231.162766
2025-07-02 16:00:00,8.744,8.963,8.735,8.935,606490.02351,5383104.64919325
2025-07-02 20:00:00,8.935,8.979,8.82,8.824,545251.92411,4854093.95444476
2025-07-03 00:00:00,8.824,8.908,8.806,8.822,486768.7991,4315664.61243667
2025-07-03 04:00:00,8.822,9.032,8.809,9.028,539097.02887,4827430.72594358
2025-07-03 08:00:00,9.028,9.045,8.95,8.97,537461.85695,4831872.06929846
2025-07-03 12:00:00,8.97,9.053,8.808,8.82,821429.64523,7348638.67925116
2025-07-03 16:00:00,8.82,8.919,8.82,8.918,399708.99639,3547592.59489697
2025-07-03 20:00:00,8.918,8.969,8.893,8.92,189928.84721,1694964.40391405
2025-07-04 00:00:00,8.92,8.921,8.815,8.846,229072.94885,2029948.08121407
2025-07-04 04:00:00,8.846,8.87,8.653,8.663,456600.13919,3995807.65172554
2025-07-04 08:00:00,8.663,8.795,8.616,8.762,410315.31297,3582757.55960604
2025-07-04 12:00:00,8.762,8.775,8.538,8.567,554429.82449,4800878.65587127
2025-07-04 16:00:00,8.567,8.567,8.445,8.482,509574.92123,4335187.7380991
2025-07-04 20:00:00,8.482,8.544,8.472,8.499,174058.87809,1482346.89587638
2025-07-05 00:00:00,8.499,8.594,8.494,8.58,187087.78424,1599227.66584811
2025-07-05 04:00:00,8.58,8.63,8.558,8.599,121484.42673,1044180.97466736
2025-07-05 08:00:00,8.599,8.621,8.558,8.59,166758.10014,1432306.01658987
2025-07-05 12:00:00,8.59,8.601,8.498,8.502,186820.22922,1598505.44303803
2025-07-05 16:00:00,8.502,8.538,8.426,8.504,243695.03857,2064268.45666259
2025-07-05 20:00:00,8.504,8.554,8.494,8.527,109920.79608,937626.36220277
2025-07-06 00:00:00,8.527,8.544,8.478,8.49,158756.57006,1350917.02246395
2025-07-06 04:00:00,8.49,8.537,8.474,8.508,134779.03909,1145991.53764268
2025-07-06 08:00:00,8.508,8.528,8.46,8.504,122670.09808,1041354.93767739
2025-07-06 12:00:00,8.504,8.631,8.486,8.569,396887.86859,3402564.78318214
2025-07-06 16:00:00,8.569,8.668,8.569,8.631,353729.08366,3047225.60013855
2025-07-06 20:00:00,8.631,8.719,8.597,8.623,318528.12348,2761840.80185169
2025-07-07 00:00:00,8.623,8.703,8.598,8.647,180169.80082,1558331.74200208
2025-07-07 04:00:00,8.647,8.683,8.605,8.671,212331.26511,1836211.43415691
2025-07-07 08:00:00,8.671,8.674,8.58,8.607,143534.18837,1237012.3092478
2025-07-07 12:00:00,8.607,8.678,8.574,8.584,247212.34208,2132449.46962059
2025-07-07 16:00:00,8.584,8.646,8.549,8.593,241056.08979,2073128.88749462
2025-07-07 20:00:00,8.593,8.593,8.512,8.572,160487.60336,1372521.85074976
2025-07-08 00:00:00,8.572,8.611,8.467,8.501,357940.47828,3054800.21228719
2025-07-08 04:00:00,8.501,8.535,8.442,8.477,184040.41972,1561452.35045635
2025-07-08 08:00:00,8.477,8.56,8.45,8.52,257134.93044,2187241.26382131
2025-07-08 12:00:00,8.52,8.56,8.471,8.513,274114.27197,2334106.87588573
2025-07-08 16:00:00,8.513,8.671,8.498,8.622,345916.97965,2980646.78637425
2025-07-08 20:00:00,8.622,8.642,8.563,8.612,169749.36696,1460811.20751703
2025-07-09 00:00:00,8.612,8.63,8.56,8.581,130403.13583,1119758.21076488
2025-07-09 04:00:00,8.581,8.66,8.571,8.657,172377.56593,1485777.48839062
2025-07-09 08:00:00,8.657,8.837,8.629,8.814,448903.32436,3925580.45638896
2025-07-09 12:00:00,8.814,8.899,8.7,8.745,545062.65126,4791757.42793057
2025-07-09 16:00:00,8.745,8.994,8.693,8.98,1719053.45272,15247757.38202509
2025-07-09 20:00:00,8.98,9.078,8.909,9.049,700286.5924,6304469.93929059
2025-07-10 00:00:00,9.049,9.364,8.974,9.167,1333898.775,12282405.3842497
2025-07-10 04:00:00,9.167,9.25,9.134,9.188,513305.76741,4719072.5251722
2025-07-10 08:00:00,9.188,9.255,9.145,9.247,404704.21491,3723993.99042885
2025-07-10 12:00:00,9.247,9.38,9.172,9.349,816001.46206,7584823.1682227
2025-07-10 16:00:00,9.349,9.642,9.32,9.488,776906.20001,7376259.68698842
2025-07-10 20:00:00,9.488,9.838,9.476,9.796,1119263.61445,10874193.8665213
2025-07-11 00:00:00,9.796,10.168,9.653,10.125,2688700.39544,26933824.59421429
2025-07-11 04:00:00,10.125,10.181,9.852,9.889,1383548.70002,13890670.34847783
2025-07-11 08:00:00,9.889,10.158,9.889,10.077,1238819.55055,12428490.32444729
2025-07-11 12:00:00,10.077,10.433,10.02,10.082,3495544.03164,35639500.9824166
2025-07-11 16:00:00,10.082,10.391,9.936,10.279,1465863.38965,14904334.82909536
2025-07-11 20:00:00,10.279,10.287,9.722,9.926,2096474.14452,20886145.5111947
2025-07-12 00:00:00,9.926,9.988,9.759,9.889,663073.70452,6559403.63178631
2025-07-12 04:00:00,9.889,9.908,9.641,9.828,631035.35849,6159884.40540732
2025-07-12 08:00:00,9.828,9.904,9.789,9.832,406953.34965,4007592.49238582
2025-07-12 12:00:00,9.832,9.838,9.362,9.435,1037660.99675,9943076.16520365
2025-07-12 16:00:00,9.435,9.633,9.389,9.625,362198.51401,3459094.40044982
2025-07-12 20:00:00,9.625,9.629,9.492,9.592,225810.54119,2159799.49227719
2025-07-13 00:00:00,9.592,9.643,9.531,9.587,357163.04955,3426103.11986714
2025-07-13 04:00:00,9.587,9.734,9.569,9.711,336384.2878,3249209.91158625
2025-07-13 08:00:00,9.711,9.777,9.621,9.774,498088.81544,4822143.21780984
2025-07-13 12:00:00,9.774,9.886,9.716,9.767,598484.38275,5868226.19608742
2025-07-13 16:00:00,9.767,9.824,9.635,9.643,401965.9248,3903866.56450261
2025-07-13 20:00:00,9.643,9.691,9.458,9.534,685342.46151,6556333.10024463
2025-07-14 00:00:00,9.534,9.865,9.476,9.812,745210.48087,7205452.34981157
2025-07-14 04:00:00,9.812,9.953,9.691,9.809,1228276.83888,12072602.75014792
2025-07-14 08:00:00,9.809,9.83,9.663,9.745,549002.60216,5355940.88101113
2025-07-14 12:00:00,9.745,9.789,9.39,9.446,1586906.44896,15199278.25541245
2025-07-14 16:00:00,9.446,9.498,9.307,9.345,777066.72922,7302678.34607197
2025-07-14 20:00:00,9.345,9.444,9.227,9.426,807173.53176,7552197.75443081
2025-07-15 00:00:00,9.426,9.45,9.047,9.142,1256503.19756,11584159.27054589
2025-07-15 04:00:00,9.142,9.225,9.065,9.102,607865.31004,5558820.14663907
2025-07-15 08:00:00,9.102,9.171,9.036,9.158,490549.42947,4469316.54281779
2025-07-15 12:00:00,9.158,9.306,9.005,9.213,1217434.72979,11136939.75171852
2025-07-15 16:00:00,9.213,9.449,9.196,9.222,890223.27222,8296089.09054516
2025-07-15 20:00:00,9.222,9.517,9.203,9.487,384887.04062,3611305.60621452
2025-07-16 00:00:00,9.487,9.574,9.347,9.417,450299.27628,4261042.35302588
2025-07-16 04:00:00,9.417,9.594,9.359,9.558,460762.91661,4373749.75248083
2025-07-16 08:00:00,9.558,10.45,9.502,10.215,4139129.2021,41556797.41259042
2025-07-16 12:00:00,10.215,10.228,9.823,9.934,3866850.89463,38687920.68882666
2025-07-16 16:00:00,9.934,10.159,9.917,9.999,1299134.59858,13054676.84715429
2025-07-16 20:00:00,9.999,10.153,9.842,9.867,1273672.61888,12709056.95263846
2025-07-17 00:00:00,9.867,10.059,9.673,9.731,2147271.21451,21222020.05296563
2025-07-17 04:00:00,9.731,9.96,9.71,9.953,1124823.55573,11088470.29417015
2025-07-17 08:00:00,9.953,10.282,9.887,10.086,1955727.31225,19787130.80072977
2025-07-17 12:00:00,10.086,10.211,9.793,9.936,1874985.92794,18692668.12455646
2025-07-17 16:00:00,9.936,9.964,9.709,9.722,1326557.54202,13056192.21810411
2025-07-17 20:00:00,9.722,10.108,9.605,10.006,1116596.84313,11069559.67448293
2025-07-18 00:00:00,10.006,10.555,9.947,10.426,2210440.38879,22765578.39504048
2025-07-18 04:00:00,10.426,10.945,10.365,10.57,3156954.24694,33502622.30869415
2025-07-18 08:00:00,10.57,10.773,10.262,10.382,2056494.33169,21493811.63190837
2025-07-18 12:00:00,10.382,10.559,10.019,10.136,2751347.83696,28335658.74593752
2025-07-18 16:00:00,10.136,10.322,9.968,10.067,1779397.88213,18043476.14642381
2025-07-18 20:00:00,10.067,10.087,9.775,10.01,1674311.37891,16650274.38806191
2025-07-19 00:00:00,10.01,10.096,9.752,10.086,1291652.19739,12835838.882414
2025-07-19 04:00:00,10.086,10.239,10.051,10.081,1011422.80497,10244066.06256834
2025-07-19 08:00:00,10.081,10.146,9.975,10.011,863178.39048,8678564.00776708
2025-07-19 12:00:00,10.011,10.114,9.86,10.012,1026781.27792,10253593.02162819
2025-07-19 16:00:00,10.012,10.181,9.951,10.131,635547.96597,6376342.43883028
2025-07-19 20:00:00,10.131,10.176,9.984,10.157,546791.69955,5522506.95962539
2025-07-20 00:00:00,10.157,10.342,10.098,10.27,1371595.6321,14051389.63533377
2025-07-20 04:00:00,10.27,10.301,10.208,10.229,741086.2208,7598272.21189738
2025-07-20 08:00:00,10.229,10.6,10.228,10.598,1390487.61169,14426694.84486437
2025-07-20 12:00:00,10.598,10.79,10.465,10.617,1509141.29295,16011349.39585656
2025-07-20 16:00:00,10.617,10.92,10.561,10.736,1654541.41219,17782182.54797476
2025-07-20 20:00:00,10.736,10.901,10.421,10.752,1664101.23957,17775297.09701476
2025-07-21 00:00:00,10.752,10.901,10.453,10.816,1383382.07728,14739244.65912763
2025-07-21 04:00:00,10.816,11.927,10.716,11.564,3953210.66959,45325981.36028871
2025-07-21 08:00:00,11.564,11.719,11.432,11.544,2294022.77621,26528129.75003676
2025-07-21 12:00:00,11.544,11.849,11.448,11.582,2937467.2,34187882.062
2025-07-21 16:00:00,11.582,11.592,11.042,11.083,2465016.8,27885691.8874
2025-07-21 20:00:00,11.083,11.291,11.006,11.226,918322.2,10239538.7802
2025-07-22 00:00:00,11.226,11.351,10.835,10.944,3589987.0,39796153.4892
2025-07-22 04:00:00,10.944,10.994,10.548,10.789,2433000.6,26184761.612
2025-07-22 08:00:00,10.789,10.866,10.567,10.832,1462737.6,15643175.666
2025-07-22 12:00:00,10.832,10.921,10.596,10.84,2537821.2,27418196.6602
2025-07-22 16:00:00,10.84,10.994,10.716,10.788,1637201.4,17795810.9754
2025-07-22 20:00:00,10.788,11.19,10.749,11.167,771691.2,8461440.188
2025-07-23 00:00:00,11.167,11.167,10.9,10.971,1104270.6,12181869.9758
2025-07-23 04:00:00,10.971,11.123,10.816,10.856,1004412.4,11009218.629
2025-07-23 08:00:00,10.856,10.974,10.623,10.737,1467518.2,15783150.1612
2025-07-23 12:00:00,10.737,10.765,10.116,10.365,4809177.8,49753319.3246
2025-07-23 16:00:00,10.365,10.37,9.913,10.101,2508345.0,25343490.3822
2025-07-23 20:00:00,10.101,10.17,9.801,10.13,1808946.8,18093927.9772
2025-07-24 00:00:00,10.13,10.245,10.051,10.118,926203.2,9422968.0048
2025-07-24 04:00:00,10.118,10.15,9.488,9.814,3921600.2,38133013.5528
2025-07-24 08:00:00,9.814,9.939,9.731,9.905,1572010.6,15502501.1544
2025-07-24 12:00:00,9.905,10.144,9.747,10.018,2271677.6,22577627.4552
2025-07-24 16:00:00,10.018,10.145,9.858,10.046,1048941.4,10517156.65
2025-07-24 20:00:00,10.046,10.131,9.926,9.991,632358.0,6329321.3582
2025-07-25 00:00:00,9.991,10.08,9.658,9.774,1747845.2,17219523.3288
2025-07-25 04:00:00,9.774,9.881,9.64,9.789,1088411.6,10612260.6496
2025-07-25 08:00:00,9.789,10.025,9.749,9.975,961128.8,9518127.7904
2025-07-25 12:00:00,9.975,10.024,9.647,9.763,1251951.0,12259048.8866
2025-07-25 16:00:00,9.763,9.908,9.719,9.852,557151.4,5473234.333
2025-07-25 20:00:00,9.852,10.123,9.85,10.121,586339.0,5870129.133
2025-07-26 00:00:00,10.121,10.146,10.0,10.094,614988.0,6202899.5572
2025-07-26 04:00:00,10.094,10.135,10.061,10.066,416190.6,4201580.7172
2025-07-26 08:00:00,10.066,10.182,10.065,10.103,573913.4,5807595.0162
2025-07-26 12:00:00,10.103,10.236,10.064,10.233,498199.2,5061229.9782
2025-07-26 16:00:00,10.233,10.281,10.147,10.244,659486.6,6742701.9762
2025-07-26 20:00:00,10.244,10.258,10.135,10.147,280694.4,2864984.1176
2025-07-27 00:00:00,10.147,10.276,10.118,10.23,393121.8,4016423.691
2025-07-27 04:00:00,10.23,10.306,10.156,10.176,519469.6,5322787.956
2025-07-27 08:00:00,10.176,10.211,10.033,10.152,653275.4,6614418.8336
2025-07-27 12:00:00,10.152,10.229,10.106,10.218,395274.6,4021129.6736
2025-07-27 16:00:00,10.218,10.371,10.216,10.259,1432152.8,14741114.8384
2025-07-27 20:00:00,10.259,10.405,10.214,10.311,521321.4,5375182.7298
2025-07-28 00:00:00,10.311,10.441,10.234,10.415,1474767.4,15257292.2026
2025-07-28 04:00:00,10.415,10.517,10.334,10.391,991977.2,10356169.2924
2025-07-28 08:00:00,10.391,10.409,10.23,10.277,810717.2,8367884.4026
2025-07-28 12:00:00,10.277,10.339,9.882,9.935,2775059.2,27824461.2622
2025-07-28 16:00:00,9.935,9.992,9.757,9.834,1292102.4,12737095.8696
2025-07-28 20:00:00,9.834,9.856,9.648,9.717,694113.6,6783494.4332
2025-07-29 00:00:00,9.717,9.783,9.472,9.643,1517259.0,14599530.4712
2025-07-29 04:00:00,9.643,9.814,9.614,9.779,729570.4,7088815.5872
2025-07-29 08:00:00,9.779,9.797,9.537,9.592,521514.0,5036023.1452
2025-07-29 12:00:00,9.592,9.684,9.358,9.453,854501.4,8117941.1702
2025-07-29 16:00:00,9.453,9.492,9.307,9.38,640188.2,6033493.9676
2025-07-29 20:00:00,9.38,9.499,9.31,9.495,633762.4,5967495.0612
2025-07-30 00:00:00,9.495,9.524,9.36,9.492,338451.2,3199648.428
2025-07-30 04:00:00,9.492,9.509,9.394,9.434,279173.0,2640752.238
2025-07-30 08:00:00,9.434,9.488,9.146,9.187,769024.2,7156527.5982
2025-07-30 12:00:00,9.187,9.367,9.127,9.302,1310548.2,12074916.7774
2025-07-30 16:00:00,9.302,9.373,8.888,9.246,1473773.0,13384645.7938
2025-07-30 20:00:00,9.246,9.314,9.174,9.298,272423.8,2521511.5616
2025-07-31 00:00:00,9.298,9.428,9.283,9.416,250311.0,2343229.2202
2025-07-31 04:00:00,9.416,9.46,9.388,9.424,298141.0,2811735.5032
2025-07-31 08:00:00,9.424,9.455,9.334,9.358,262500.8,2469670.224
2025-07-31 12:00:00,9.358,9.364,9.081,9.205,1055608.6,9726207.7376
2025-07-31 16:00:00,9.205,9.32,9.084,9.116,432472.0,3969695.7144
2025-07-31 20:00:00,9.116,9.12,8.91,8.944,719564.4,6482012.3338
2025-08-01 00:00:00,8.944,8.963,8.666,8.911,1402351.4,12373680.1818
2025-08-01 04:00:00,8.911,8.911,8.762,8.844,536854.4,4746430.006
2025-08-01 08:00:00,8.844,8.855,8.684,8.839,762046.4,6692326.7258
2025-08-01 12:00:00,8.839,8.912,8.636,8.884,977816.0,8622180.6154
2025-08-01 16:00:00,8.884,8.936,8.688,8.855,671408.4,5924962.5978
2025-08-01 20:00:00,8.855,8.881,8.489,8.713,1554392.8,13493359.1676
2025-08-02 00:00:00,8.713,8.817,8.689,8.8,446485.8,3918137.3788
2025-08-02 04:00:00,8.8,8.827,8.617,8.774,603738.0,5265991.1132
2025-08-02 08:00:00,8.774,8.789,8.625,8.717,421563.6,3668023.9848
2025-08-02 12:00:00,8.717,8.735,8.57,8.596,904876.6,7817350.4316
2025-08-02 16:00:00,8.596,8.674,8.432,8.559,1114693.6,9517651.808
2025-08-02 20:00:00,8.559,8.64,8.534,8.613,528460.4,4543403.276
2025-08-03 00:00:00,8.613,8.713,8.503,8.693,329419.6,2849101.9338
2025-08-03 04:00:00,8.693,8.766,8.652,8.761,536807.8,4664877.5536
2025-08-03 08:00:00,8.761,8.833,8.74,8.787,286441.2,2513585.8604
2025-08-03 12:00:00,8.787,8.816,8.732,8.794,185407.8,1626921.8234
2025-08-03 16:00:00,8.794,8.857,8.758,8.815,206233.2,1818758.324
2025-08-03 20:00:00,8.815,8.843,8.786,8.817,130122.4,1146350.6046
2025-08-04 00:00:00,8.817,8.94,8.808,8.886,335051.8,2980267.4614
2025-08-04 04:00:00,8.886,8.916,8.825,8.891,189173.2,1678243.5634
2025-08-04 08:00:00,8.891,8.927,8.823,8.857,196185.6,1740064.3616
2025-08-04 12:00:00,8.857,8.984,8.812,8.907,716018.8,6372858.0742
2025-08-04 16:00:00,8.907,9.038,8.903,8.932,619875.8,5574784.8928
2025-08-04 20:00:00,8.932,9.046,8.922,9.046,233073.4,2097175.5764
2025-08-05 00:00:00,9.046,9.052,8.905,8.908,348764.8,3130235.7556
2025-08-05 04:00:00,8.908,8.947,8.789,8.808,618229.4,5491749.519
2025-08-05 08:00:00,8.808,8.948,8.779,8.937,504139.8,4481382.0326
2025-08-05 12:00:00,8.937,8.94,8.626,8.658,1061211.0,9274444.9862
2025-08-05 16:00:00,8.658,8.724,8.596,8.615,501644.0,4338878.595
2025-08-05 20:00:00,8.615,8.703,8.541,8.684,332697.8,2868966.3422
2025-08-06 00:00:00,8.684,8.686,8.592,8.627,226431.6,1953348.7128
2025-08-06 04:00:00,8.627,8.768,8.582,8.752,561149.6,4892743.421
2025-08-06 08:00:00,8.752,8.765,8.688,8.713,425204.4,3708628.7282
2025-08-06 12:00:00,8.713,8.849,8.656,8.843,632823.8,5544568.7414
2025-08-06 16:00:00,8.843,8.896,8.786,8.862,400699.0,3544681.7424
2025-08-06 20:00:00,8.862,8.868,8.818,8.847,172511.6,1527154.7564
2025-08-07 00:00:00,8.847,8.9,8.794,8.804,319425.0,2823019.3326
2025-08-07 04:00:00,8.804,8.881,8.799,8.856,392092.8,3469719.056
2025-08-07 08:00:00,8.856,9.042,8.824,9.013,790042.4,7075106.625
2025-08-07 12:00:00,9.013,9.042,8.959,9.027,762388.2,6862424.8668
2025-08-07 16:00:00,9.027,9.078,8.877,9.07,450223.4,4040396.9656
2025-08-07 20:00:00,9.07,9.246,9.065,9.245,707389.2,6454268.6902
2025-08-08 00:00:00,9.245,9.309,9.132,9.209,1307010.2,12046466.8814
2025-08-08 04:00:00,9.209,9.257,9.12,9.255,494408.8,4549602.3684
2025-08-08 08:00:00,9.255,9.313,9.196,9.31,401502.2,3719741.4964
2025-08-08 12:00:00,9.31,9.402,9.114,9.194,881929.0,8148673.5324
2025-08-08 16:00:00,9.194,9.419,9.186,9.38,687552.6,6401088.798
2025-08-08 20:00:00,9.38,9.45,9.342,9.391,358483.8,3366476.0246
2025-08-09 00:00:00,9.391,9.489,9.381,9.39,350721.4,3306176.6754
2025-08-09 04:00:00,9.39,9.595,9.379,9.564,1326886.4,12639943.8086
2025-08-09 08:00:00,9.564,9.663,9.553,9.573,539620.6,5183427.4832
2025-08-09 12:00:00,9.573,9.683,9.497,9.544,615421.4,5890541.0588
2025-08-09 16:00:00,9.544,9.636,9.527,9.586,228238.8,2190435.3468
2025-08-09 20:00:00,9.586,9.658,9.514,9.524,513363.2,4917830.811
2025-08-10 00:00:00,9.524,9.666,9.521,9.64,772311.2,7417501.2274
2025-08-10 04:00:00,9.64,9.691,9.298,9.329,1024993.0,9701382.3448
2025-08-10 08:00:00,9.329,9.4,9.231,9.284,570921.6,5320755.7664
2025-08-10 12:00:00,9.284,9.379,9.235,9.337,507569.2,4735333.0158
2025-08-10 16:00:00,9.337,9.357,9.226,9.318,319260.6,2961141.799
2025-08-10 20:00:00,9.318,9.333,9.126,9.276,998942.6,9226468.5062
2025-08-11 00:00:00,9.276,9.534,9.231,9.433,813256.4,7645507.6856
2025-08-11 04:00:00,9.433,9.475,9.163,9.177,1809657.0,16902819.3978
2025-08-11 08:00:00,9.177,9.249,8.904,8.924,1136847.2,10336708.219
2025-08-11 12:00:00,8.924,9.037,8.872,9.031,896991.8,8038941.4754
2025-08-11 16:00:00,9.031,9.096,8.887,8.941,468582.8,4213620.8222
2025-08-11 20:00:00,8.941,8.96,8.726,8.788,781999.6,6894134.8858
2025-08-12 00:00:00,8.788,8.93,8.78,8.867,526832.6,4673673.5156
2025-08-12 04:00:00,8.867,8.933,8.772,8.885,403505.6,3573450.4674
2025-08-12 08:00:00,8.885,8.89,8.7,8.775,634026.6,5565195.463
2025-08-12 12:00:00,8.775,9.049,8.741,9.034,1640598.0,14583274.1612
2025-08-12 16:00:00,9.034,9.207,9.011,9.188,923644.4,8419265.6722
2025-08-12 20:00:00,9.188,9.48,9.151,9.227,1699290.0,15684642.3418
2025-08-13 00:00:00,9.227,9.369,9.111,9.317,1078476.8,9973355.126
2025-08-13 04:00:00,9.317,9.365,9.187,9.352,597783.0,5535813.1226
2025-08-13 08:00:00,9.352,9.606,9.348,9.556,1352029.8,12862829.3092
2025-08-13 12:00:00,9.556,9.746,9.37,9.592,2879843.0,27518486.0204
2025-08-13 16:00:00,9.592,9.656,9.444,9.585,860035.8,8223856.8618
2025-08-13 20:00:00,9.585,9.691,9.515,9.633,594425.2,5707797.602
2025-08-14 00:00:00,9.633,10.225,9.56,10.02,2078970.8,20642364.1934
2025-08-14 04:00:00,10.02,10.101,9.617,9.676,2626954.4,25747847.9762
2025-08-14 08:00:00,9.676,9.684,9.379,9.48,1314764.6,12501309.5237
2025-08-14 12:00:00,9.48,9.557,8.71,9.052,8047489.65,72804507.92745
2025-08-14 16:00:00,9.052,9.053,8.862,8.967,636832.5,5709725.8041
2025-08-14 20:00:00,8.967,9.115,8.813,9.084,418626.45,3744240.5268
2025-08-15 00:00:00,9.084,9.285,8.981,9.226,479028.63,4363881.38142
2025-08-15 04:00:00,9.226,9.26,9.129,9.214,503620.8,4639346.06256
2025-08-15 08:00:00,9.214,9.233,9.115,9.202,283234.56,2598149.4774
2025-08-15 12:00:00,9.202,9.26,8.86,8.911,1218350.13,11042850.94116
2025-08-15 16:00:00,8.911,9.261,8.841,9.214,928189.65,8458971.3843
2025-08-15 20:00:00,9.214,9.645,9.117,9.245,1565679.75,14657745.5058
2025-08-16 00:00:00,9.245,9.329,9.173,9.175,528986.25,4887028.91625
2025-08-16 04:00:00,9.175,9.206,9.087,9.152,324113.01,2962458.43672
2025-08-16 08:00:00,9.152,9.228,9.013,9.023,670322.07,6123385.55884
2025-08-16 12:00:00,9.023,9.116,9.02,9.092,320453.74,2906759.10184
2025-08-16 16:00:00,9.092,9.16,9.084,9.098,185955.35,1696863.39052
2025-08-16 20:00:00,9.098,9.132,9.074,9.112,122147.21,1111514.67897
2025-08-17 00:00:00,9.112,9.181,9.058,9.143,351268.96,3206060.61513
2025-08-17 04:00:00,9.143,9.244,9.143,9.179,197013.34,1811649.47319
2025-08-17 08:00:00,9.179,9.301,9.161,9.286,841696.52,7780377.23827
2025-08-17 12:00:00,9.286,9.552,9.253,9.453,2064795.52,19412107.47925
2025-08-17 16:00:00,9.453,9.498,9.207,9.248,669887.38,6236044.56343
2025-08-17 20:00:00,9.248,9.333,9.227,9.237,178253.5,1652180.30203
2025-08-18 00:00:00,9.237,9.253,8.887,8.999,1309059.1,11835837.5405
2025-08-18 04:00:00,8.999,9.074,8.881,8.977,565288.2,5083332.617
2025-08-18 08:00:00,8.977,9.063,8.888,9.031,474394.6,4267218.456
2025-08-18 12:00:00,9.031,9.088,8.958,9.042,614502.0,5543575.1136
2025-08-18 16:00:00,9.042,9.15,8.98,9.068,331110.0,3002053.774
2025-08-18 20:00:00,9.068,9.142,9.019,9.073,173491.0,1576519.9512
2025-08-19 00:00:00,9.073,9.136,8.861,8.887,1261232.0,11322129.1672
2025-08-19 04:00:00,8.887,9.034,8.829,8.954,566630.2,5055408.2674
2025-08-19 08:00:00,8.954,9.025,8.907,9.009,413001.6,3708446.0094
2025-08-19 12:00:00,9.009,9.028,8.655,8.697,2911099.4,25557037.6972
2025-08-19 16:00:00,8.697,8.748,8.6,8.659,874445.2,7595914.38
2025-08-19 20:00:00,8.659,8.714,8.59,8.609,464408.4,4021983.7084
2025-08-20 00:00:00,8.609,8.724,8.562,8.684,536411.8,4634448.3496
2025-08-20 04:00:00,8.684,8.793,8.682,8.738,420773.2,3682247.224
2025-08-20 08:00:00,8.738,8.83,8.693,8.787,588347.4,5167851.151
2025-08-20 12:00:00,8.787,8.895,8.623,8.81,983634.6,8613370.7304
2025-08-20 16:00:00,8.81,8.927,8.78,8.922,411679.8,3649445.9274
2025-08-20 20:00:00,8.922,8.936,8.878,8.908,215028.2,1915766.2196
2025-08-21 00:00:00,8.908,8.955,8.789,8.831,528850.8,4704733.1712
2025-08-21 04:00:00,8.831,8.871,8.767,8.794,156541.6,1381145.0294
2025-08-21 08:00:00,8.794,8.804,8.513,8.557,1371300.6,11816423.2138
2025-08-21 12:00:00,8.557,8.609,8.352,8.409,2208686.0,18723925.4262
2025-08-21 16:00:00,8.409,8.463,8.303,8.395,514116.8,4310882.835
2025-08-21 20:00:00,8.395,8.462,8.373,8.404,227035.6,1911254.6674
2025-08-22 00:00:00,8.404,8.51,8.38,8.417,311074.2,2627390.1998
2025-08-22 04:00:00,8.417,8.493,8.404,8.479,226502.4,1915166.2086
2025-08-22 08:00:00,8.479,8.508,8.365,8.365,514192.2,4337150.6096
2025-08-22 12:00:00,8.365,8.891,8.208,8.774,4858241.2,41787168.322
2025-08-22 16:00:00,8.774,9.002,8.774,8.967,1241526.8,11070157.1336
2025-08-22 20:00:00,8.967,9.035,8.927,9.009,632767.8,5679855.7308
2025-08-23 00:00:00,9.009,9.021,8.697,8.771,1396477.8,12358664.4102
2025-08-23 04:00:00,8.771,8.991,8.77,8.878,635644.8,5666671.1332
2025-08-23 08:00:00,8.878,8.942,8.835,8.853,468513.4,4165413.3964
2025-08-23 12:00:00,8.853,8.905,8.819,8.861,361815.6,3207621.692
2025-08-23 16:00:00,8.861,8.927,8.827,8.922,737452.8,6555214.038
2025-08-23 20:00:00,8.922,8.93,8.875,8.914,328845.6,2927045.2952
2025-08-24 00:00:00,8.914,8.934,8.776,8.807,306701.8,2716452.483
2025-08-24 04:00:00,8.807,8.823,8.676,8.683,451802.4,3941694.5976
2025-08-24 08:00:00,8.683,8.732,8.576,8.616,643208.8,5567828.8282
2025-08-24 12:00:00,8.616,8.727,8.601,8.665,515955.8,4463429.484
2025-08-24 16:00:00,8.665,8.952,8.549,8.71,3285621.0,28491483.0564
2025-08-24 20:00:00,8.71,8.745,8.536,8.673,719363.6,6219889.8692
2025-08-25 00:00:00,8.673,8.764,8.518,8.666,577491.2,4993496.046
2025-08-25 04:00:00,8.666,8.677,8.369,8.405,849010.2,7220802.197
2025-08-25 08:00:00,8.405,8.455,8.291,8.403,619297.4,5184822.1788
2025-08-25 12:00:00,8.403,8.484,8.331,8.411,689309.8,5796548.6292
2025-08-25 16:00:00,8.411,8.457,8.181,8.2,1091053.4,9035073.1174
2025-08-25 20:00:00,8.2,8.233,8.012,8.178,1501132.2,12177496.3782
2025-08-26 00:00:00,8.178,8.288,8.103,8.234,615924.0,5040048.3024
2025-08-26 04:00:00,8.234,8.325,8.203,8.296,438419.6,3617735.9276
2025-08-26 08:00:00,8.296,8.312,8.207,8.239,457670.0,3782776.4742
2025-08-26 12:00:00,8.239,8.411,8.199,8.336,4053008.0,33698433.0938
2025-08-26 16:00:00,8.336,8.509,8.316,8.499,223462.2,1880698.6962
2025-08-26 20:00:00,8.499,8.521,8.436,8.445,426937.4,3617948.0124
2025-08-27 00:00:00,8.445,8.471,8.373,8.444,322287.2,2713443.58
2025-08-27 04:00:00,8.444,8.489,8.355,8.384,246602.8,2075534.9132
2025-08-27 08:00:00,8.384,8.455,8.356,8.442,348739.6,2934749.7766
2025-08-27 12:00:00,8.442,8.507,8.387,8.475,651999.6,5504620.6052
2025-08-27 16:00:00,8.475,8.495,8.377,8.428,214775.2,1811808.5006
2025-08-27 20:00:00,8.428,8.5,8.363,8.415,881450.4,7432205.161
2025-08-28 00:00:00,8.415,8.494,8.351,8.482,236410.6,1994205.567
2025-08-28 04:00:00,8.482,8.552,8.475,8.507,213745.4,1818421.1806
2025-08-28 08:00:00,8.507,8.569,8.499,8.531,285232.6,2431611.7944
2025-08-28 12:00:00,8.531,8.679,8.506,8.544,632274.2,5422838.0706
2025-08-28 16:00:00,8.544,8.595,8.435,8.466,320422.0,2726839.9528
2025-08-28 20:00:00,8.466,8.593,8.452,8.567,175551.0,1497353.504
2025-08-29 00:00:00,8.567,8.599,8.47,8.546,276481.6,2357129.5896
2025-08-29 04:00:00,8.546,8.557,8.351,8.365,6438056.4,54506390.3758
2025-08-29 08:00:00,8.365,8.382,8.245,8.343,457995.4,3811793.844
2025-08-29 12:00:00,8.343,8.49,8.208,8.26,1227472.4,10226635.6614
2025-08-29 16:00:00,8.26,8.308,8.202,8.281,489188.6,4033725.4772
2025-08-29 20:00:00,8.281,8.384,8.226,8.356,339372.2,2816019.4396
2025-08-30 00:00:00,8.356,8.414,8.226,8.395,448398.2,3729187.4274
2025-08-30 04:00:00,8.395,8.403,8.358,8.396,127457.0,1068476.1856
2025-08-30 08:00:00,8.396,8.419,8.36,8.413,97948.0,821680.8214
2025-08-30 12:00:00,8.413,8.415,8.314,8.392,203500.6,1702246.993
2025-08-30 16:00:00,8.392,8.392,8.337,8.358,107435.8,898077.9086
2025-08-30 20:00:00,8.358,8.376,8.327,8.369,102714.8,857898.6116
2025-08-31 00:00:00,8.369,8.444,8.363,8.426,195954.2,1648153.368
2025-08-31 04:00:00,8.426,8.435,8.374,8.386,150117.8,1259908.3508
2025-08-31 08:00:00,8.386,8.945,8.386,8.582,3054405.4,26533254.0816
2025-08-31 12:00:00,8.582,8.644,8.426,8.539,1044260.4,8871492.0772
2025-08-31 16:00:00,8.539,8.692,8.478,8.669,600518.4,5166959.8376
2025-08-31 20:00:00,8.669,8.812,8.57,8.623,653511.8,5675295.0294
2025-09-01 00:00:00,8.623,8.669,8.339,8.485,1395441.6,11800203.8252
2025-09-01 04:00:00,8.485,9.234,8.415,9.2,6146369.8,54323484.2018
2025-09-01 08:00:00,9.2,9.238,8.877,8.982,3601145.8,32568129.9166
2025-09-01 12:00:00,8.982,9.081,8.419,8.436,4766273.2,41073830.5466
2025-09-01 16:00:00,8.436,8.468,8.361,8.418,1127364.8,9489276.9128
2025-09-01 20:00:00,8.418,8.432,8.216,8.341,1889267.0,15680456.673
2025-09-02 00:00:00,8.341,8.387,8.236,8.364,1245699.0,10341664.7606
2025-09-02 04:00:00,8.364,8.396,8.323,8.362,630061.0,5266580.012
2025-09-02 08:00:00,8.362,8.474,8.355,8.39,1188599.4,10005722.208
2025-09-02 12:00:00,8.39,8.439,8.253,8.323,1409764.2,11790020.0366
2025-09-02 16:00:00,8.323,8.409,8.275,8.369,395311.2,3297034.178
2025-09-02 20:00:00,8.369,8.444,8.362,8.395,507841.0,4272082.6158
2025-09-03 00:00:00,8.395,8.453,8.362,8.417,374869.8,3154427.7472
2025-09-03 04:00:00,8.417,8.452,8.359,8.4,466842.4,3925386.9986
2025-09-03 08:00:00,8.4,8.434,8.354,8.381,516582.6,4336893.762
2025-09-03 12:00:00,8.381,8.469,8.372,8.437,662882.8,5578778.9568
2025-09-03 16:00:00,8.437,8.452,8.402,8.436,272649.2,2296466.6288
2025-09-03 20:00:00,8.436,8.452,8.416,8.439,185568.8,1565210.2708
2025-09-04 00:00:00,8.439,8.457,8.335,8.342,339031.2,2846763.7148
2025-09-04 04:00:00,8.342,8.354,8.273,8.329,554208.0,4603566.6502
2025-09-04 08:00:00,8.329,8.37,8.305,8.35,281733.59983,2349707.37373857
2025-09-04 12:00:00,8.35,8.368,8.138,8.225,750665.18319,6189095.81322855
2025-09-04 16:00:00,8.225,8.28,8.214,8.25,238317.55566,1966729.87436744
2025-09-04 20:00:00,8.25,8.324,8.238,8.285,159225.61746,1317486.98806467
2025-09-05 00:00:00,8.285,8.341,8.282,8.34,290141.52356,2413274.9963129
2025-09-05 04:00:00,8.34,8.407,8.311,8.388,313332.18796,2621247.59491436
2025-09-05 08:00:00,8.388,8.419,8.359,8.389,254370.79268,2132774.59190674
2025-09-05 12:00:00,8.389,8.452,8.257,8.321,1289059.59341,10795202.86415616
2025-09-05 16:00:00,8.321,8.356,8.296,8.347,107442.62432,894975.31676224
2025-09-05 20:00:00,8.347,8.369,8.304,8.364,235217.35812,1963733.89977933
2025-09-06 00:00:00,8.364,8.385,8.348,8.384,93128.08487,779665.20347471
2025-09-06 04:00:00,8.384,8.384,8.328,8.333,107232.18246,896287.63933542
2025-09-06 08:00:00,8.333,8.347,8.296,8.333,106658.80886,887548.55166472
2025-09-06 12:00:00,8.333,8.34,8.286,8.303,241078.76029,2006817.19583225
2025-09-06 16:00:00,8.303,8.352,8.287,8.317,346847.72284,2887339.38518493
2025-09-06 20:00:00,8.317,8.383,8.314,8.352,155455.80462,1299441.84829988
2025-09-07 00:00:00,8.352,8.514,8.351,8.5,296187.75491,2499024.97242737
2025-09-07 04:00:00,8.5,8.527,8.451,8.491,361627.17442,3068449.632419
2025-09-07 08:00:00,8.491,8.509,8.433,8.462,244807.57704,2070815.90792976
2025-09-07 12:00:00,8.462,8.502,8.445,8.459,251254.11897,2126909.22419586
2025-09-07 16:00:00,8.459,8.497,8.426,8.483,244259.75146,2064828.75270986
2025-09-07 20:00:00,8.483,8.517,8.47,8.485,203951.67999,1731784.54448937
2025-09-08 00:00:00,8.485,8.569,8.45,8.545,241969.1629,2060312.8588527
2025-09-08 04:00:00,8.545,8.557,8.472,8.497,403674.33766,3434265.20937192
2025-09-08 08:00:00,8.497,8.634,8.494,8.608,434781.94318,3726016.70288205
2025-09-08 12:00:00,8.608,8.68,8.567,8.635,429963.54263,3704949.1443836
2025-09-08 16:00:00,8.635,8.651,8.562,8.594,383148.52869,3299388.71905518
2025-09-08 20:00:00,8.594,8.642,8.558,8.619,232708.27842,2004004.7037689
2025-09-09 00:00:00,8.619,8.671,8.53,8.634,358017.81719,3079846.41394211
2025-09-09 04:00:00,8.634,8.808,8.629,8.758,774129.38417,6747958.62122822
2025-09-09 08:00:00,8.758,8.866,8.747,8.793,596559.55266,5252053.01816075
2025-09-09 12:00:00,8.793,8.862,8.571,8.615,999485.6535,8698918.18610342
2025-09-09 16:00:00,8.615,8.688,8.569,8.657,297928.63899,2571234.32215626
2025-09-09 20:00:00,8.657,8.692,8.626,8.68,182824.6278,1582856.8240433
2025-09-10 00:00:00,8.68,8.782,8.614,8.779,262890.27244,2289333.31132431
2025-09-10 04:00:00,8.779,8.82,8.748,8.779,274656.84332,2413131.29191992
2025-09-10 08:00:00,8.779,8.834,8.739,8.797,388848.17203,3419937.90428474
2025-09-10 12:00:00,8.797,8.897,8.792,8.848,1024997.12404,9071532.89072582
2025-09-10 16:00:00,8.848,8.861,8.719,8.759,402761.47986,3545641.12967561
2025-09-10 20:00:00,8.759,8.83,8.753,8.824,200739.40156,1767233.49314924
2025-09-11 00:00:00,8.824,8.855,8.804,8.844,206213.3986,1821255.42422298
2025-09-11 04:00:00,8.844,8.855,8.807,8.825,276076.92393,2437289.6849734
2025-09-11 08:00:00,8.825,8.851,8.777,8.785,204363.58465,1803013.53267072
2025-09-11 12:00:00,8.785,8.855,8.634,8.733,2072363.32114,18093615.20721368
2025-09-11 16:00:00,8.733,8.787,8.723,8.76,238497.87186,2088225.62050771
2025-09-11 20:00:00,8.76,8.838,8.737,8.824,218388.44879,1920085.61331773
2025-09-12 00:00:00,8.824,8.908,8.81,8.877,597457.38936,5296085.19539458
2025-09-12 04:00:00,8.877,8.956,8.856,8.894,296930.44655,2645681.15212559
2025-09-12 08:00:00,8.894,8.9,8.794,8.808,284200.48528,2510832.95773046
2025-09-12 12:00:00,8.808,8.902,8.774,8.827,323912.45501,2865105.38435058
2025-09-12 16:00:00,8.827,9.047,8.826,8.981,1119625.2643,10039059.94030585
2025-09-12 20:00:00,8.981,9.012,8.933,8.992,439219.90458,3940824.13071462
2025-09-13 00:00:00,8.992,9.106,8.949,9.105,644847.34789,5830178.44752284
2025-09-13 04:00:00,9.105,9.106,9.024,9.05,426307.98342,3863988.66485076
2025-09-13 08:00:00,9.05,9.534,9.05,9.375,1889723.12139,17686473.65008091
2025-09-13 12:00:00,9.375,9.502,9.145,9.265,1760243.9788,16382502.01273737
2025-09-13 16:00:00,9.265,9.322,9.07,9.194,2333466.73798,21438077.97995149
2025-09-13 20:00:00,9.194,9.264,9.193,9.247,312555.10613,2886127.03164163
2025-09-14 00:00:00,9.247,9.257,9.01,9.018,964470.52966,8786245.24405652
2025-09-14 04:00:00,9.018,9.021,8.862,8.91,847499.62757,7573403.60010613
2025-09-14 08:00:00,8.91,8.95,8.768,8.79,653398.38775,5794219.61849803
2025-09-14 12:00:00,8.79,8.835,8.647,8.703,1114275.91033,9715706.19484326
2025-09-14 16:00:00,8.703,8.809,8.687,8.75,725566.39516,6356740.02983113
2025-09-14 20:00:00,8.75,8.822,8.715,8.739,213677.41435,1873311.60452703
2025-09-15 00:00:00,8.739,8.808,8.663,8.796,338794.5894,2963617.10339644
2025-09-15 04:00:00,8.796,8.832,8.611,8.635,654118.0044,5691764.3035922
2025-09-15 08:00:00,8.635,8.635,8.483,8.545,1338668.50746,11445049.57938279
2025-09-15 12:00:00,8.545,8.575,8.413,8.465,1055741.53923,8967664.77989269
2025-09-15 16:00:00,8.465,8.51,8.385,8.486,293049.13823,2475038.83993426
2025-09-15 20:00:00,8.486,8.546,8.48,8.529,111838.08422,951751.73228942
2025-09-16 00:00:00,8.529,8.557,8.484,8.487,276717.18042,2355290.60578112
2025-09-16 04:00:00,8.487,8.552,8.425,8.532,310399.90771,2638325.74000836
2025-09-16 08:00:00,8.532,8.597,8.527,8.538,299986.08426,2569653.28048152
2025-09-16 12:00:00,8.538,8.592,8.457,8.583,628759.37686,5362622.35516729
2025-09-16 16:00:00,8.583,8.617,8.54,8.606,397620.51691,3414065.97746953
2025-09-16 20:00:00,8.606,8.649,8.593,8.598,189353.48218,1632632.2242635
2025-09-17 00:00:00,8.598,8.642,8.558,8.563,234265.14319,2016036.89191558
2025-09-17 04:00:00,8.563,8.604,8.503,8.582,427338.48903,3658746.64858077
2025-09-17 08:00:00,8.582,8.583,8.483,8.521,264190.54529,2250345.20361702
2025-09-17 12:00:00,8.521,8.552,8.479,8.49,331445.10716,2821693.07178416
2025-09-17 16:00:00,8.49,8.63,8.446,8.626,1483083.21296,12654824.51404779
2025-09-17 20:00:00,8.626,8.752,8.556,8.698,426335.87723,3702391.70748074
2025-09-18 00:00:00,8.698,8.763,8.662,8.756,310323.81356,2703431.25747728
2025-09-18 04:00:00,8.756,8.765,8.62,8.664,380384.41167,3304523.48264868
2025-09-18 08:00:00,8.664,8.716,8.625,8.654,296859.04926,2572619.11941752
2025-09-18 12:00:00,8.654,8.72,8.632,8.704,286898.19974,2490625.53655572
2025-09-18 16:00:00,8.704,8.726,8.65,8.69,265656.93148,2310188.39065072
2025-09-18 20:00:00,8.69,8.705,8.616,8.667,219479.81729,1902245.17768963
2025-09-19 00:00:00,8.667,8.706,8.547,8.557,453973.69095,3912140.74444079
2025-09-19 04:00:00,8.557,8.582,8.489,8.536,366450.13307,3128055.55615562
2025-09-19 08:00:00,8.536,8.564,8.46,8.48,1475316.46661,12539964.75097328
2025-09-19 12:00:00,8.48,8.559,8.364,8.457,626707.56851,5306730.92312896
2025-09-19 16:00:00,8.457,8.475,8.387,8.399,164039.57791,1382752.97029505
2025-09-19 20:00:00,8.399,8.455,8.345,8.416,202325.01395,1698846.28200673
2025-09-20 00:00:00,8.416,8.439,8.378,8.435,181909.32855,1530776.18499019
2025-09-20 04:00:00,8.435,8.484,8.427,8.479,126754.27151,1072769.48103217
2025-09-20 08:00:00,8.479,8.479,8.382,8.454,474785.46656,3996288.05547656
2025-09-20 12:00:00,8.454,8.512,8.428,8.484,275474.7943,2333863.52216369
2025-09-20 16:00:00,8.484,8.499,8.435,8.452,127215.94737,1077243.02132961
2025-09-20 20:00:00,8.452,8.495,8.408,8.448,190651.2218,1612211.07990903
2025-09-21 00:00:00,8.448,8.458,8.41,8.446,379145.53634,3199858.65552376
2025-09-21 04:00:00,8.446,8.474,8.425,8.448,142950.35173,1208011.79564531
2025-09-21 08:00:00,8.448,8.454,8.351,8.394,366924.20061,3079277.5638048
2025-09-21 12:00:00,8.394,8.424,8.373,8.379,171565.86927,1441058.81907138
2025-09-21 16:00:00,8.379,8.411,8.333,8.397,260972.63527,2184269.70632646
2025-09-21 20:00:00,8.397,8.414,8.352,8.364,154349.88285,1293653.04435764
2025-09-22 00:00:00,8.364,8.399,8.192,8.249,2256660.13666,18634687.44679883
2025-09-22 04:00:00,8.249,8.26,6.795,7.655,8161837.83439,60917355.78500523
2025-09-22 08:00:00,7.655,7.691,7.614,7.641,830730.99753,6361257.37465024
2025-09-22 12:00:00,7.641,7.704,7.59,7.61,593845.63097,4539873.29432251
2025-09-22 16:00:00,7.61,7.645,7.537,7.548,512562.46282,3884846.00657517
2025-09-22 20:00:00,7.548,7.692,7.54,7.674,286508.09241,2186395.07357837
2025-09-23 00:00:00,7.674,7.699,7.545,7.633,486730.51172,3709926.45607169
2025-09-23 04:00:00,7.633,7.726,7.565,7.705,311741.98994,2384043.16672604
2025-09-23 08:00:00,7.705,7.743,7.672,7.69,238762.84299,1840052.15949908
2025-09-23 12:00:00,7.69,7.722,7.626,7.668,384330.79673,2947697.14405638
2025-09-23 16:00:00,7.668,7.709,7.563,7.58,403333.35769,3077241.42494602
2025-09-23 20:00:00,7.58,7.654,7.557,7.628,231380.19293,1760628.48003718
2025-09-24 00:00:00,7.628,7.706,7.577,7.594,251234.26006,1921710.75415058
2025-09-24 04:00:00,7.594,7.699,7.489,7.683,758184.20976,5767350.56117716
2025-09-24 08:00:00,7.683,7.743,7.683,7.723,220327.43328,1698806.6998539
2025-09-24 12:00:00,7.723,7.778,7.679,7.714,340346.75196,2628694.48878444
2025-09-24 16:00:00,7.714,7.746,7.704,7.735,161756.94748,1249674.51454987
2025-09-24 20:00:00,7.735,7.744,7.674,7.699,221716.96346,1708582.47502825
2025-09-25 00:00:00,7.699,7.71,7.554,7.611,404202.89828,3084833.74359703
2025-09-25 04:00:00,7.611,7.627,7.488,7.579,629094.09676,4751549.40243749
2025-09-25 08:00:00,7.579,7.623,7.52,7.534,353544.52394,2675643.11769422
2025-09-25 12:00:00,7.534,7.663,7.415,7.589,1695742.39805,12698048.33142408
2025-09-25 16:00:00,7.589,7.604,7.307,7.488,1159039.66158,8610600.3166332
2025-09-25 20:00:00,7.488,7.507,7.359,7.407,427663.39726,3176000.43581591
2025-09-26 00:00:00,7.407,7.536,7.389,7.495,247323.12872,1849807.84617444
2025-09-26 04:00:00,7.495,7.507,7.428,7.486,311291.41497,2324017.604015
2025-09-26 08:00:00,7.486,7.536,7.401,7.468,295097.29272,2203371.63510614
2025-09-26 12:00:00,7.468,7.522,7.393,7.464,603561.58482,4503587.51209904
2025-09-26 16:00:00,7.464,7.604,7.461,7.557,251089.96703,1894707.63718909
2025-09-26 20:00:00,7.557,7.585,7.534,7.583,127317.28368,962934.7160522
2025-09-27 00:00:00,7.583,7.586,7.553,7.568,123162.91198,932347.15030391
2025-09-27 04:00:00,7.568,7.586,7.549,7.567,129093.45771,976240.38580697
2025-09-27 08:00:00,7.567,7.567,7.487,7.522,245645.48695,1848906.25836751
2025-09-27 12:00:00,7.522,7.561,7.479,7.554,184556.84778,1388863.29098568
2025-09-27 16:00:00,7.554,7.577,7.497,7.567,113911.57308,858950.29395944
2025-09-27 20:00:00,7.567,7.621,7.553,7.557,143509.91909,1088026.26246119
2025-09-28 00:00:00,7.557,7.565,7.474,7.493,214082.3145,1609397.78420344
2025-09-28 04:00:00,7.493,7.499,7.442,7.47,151426.72636,1131345.18280999
2025-09-28 08:00:00,7.47,7.545,7.421,7.506,643090.85085,4815655.56384968
2025-09-28 12:00:00,7.506,7.546,7.456,7.544,154043.44717,1157457.19173538
2025-09-28 16:00:00,7.544,7.583,7.523,7.582,83971.75406,634754.83965753
2025-09-28 20:00:00,7.582,7.668,7.582,7.65,201189.45971,1535430.39391232
2025-09-29 00:00:00,7.65,7.658,7.603,7.646,81576.66941,622763.94642287
2025-09-29 04:00:00,7.646,7.649,7.574,7.638,96708.68362,736099.99190877
2025-09-29 08:00:00,7.638,7.652,7.543,7.573,116145.26228,882484.63399703
2025-09-29 12:00:00,7.573,7.649,7.489,7.587,385619.70678,2924557.02812682
2025-09-29 16:00:00,7.587,7.618,7.531,7.603,138901.4385,1051660.63498736
2025-09-29 20:00:00,7.603,7.655,7.557,7.574,261104.57878,1984564.65486721
2025-09-30 00:00:00,7.574,7.578,7.461,7.462,282627.49314,2124937.40112866
2025-09-30 04:00:00,7.462,7.501,7.438,7.455,156002.93705,1166349.08121369
2025-09-30 08:00:00,7.455,7.459,7.337,7.357,441393.39898,3261139.60409076
2025-09-30 12:00:00,7.357,7.371,7.215,7.303,2192080.87711,15932410.96664508
2025-09-30 16:00:00,7.303,7.395,7.233,7.393,422133.13961,3083089.02751562
2025-09-30 20:00:00,7.393,7.441,7.344,7.376,279224.54224,2062767.97855341
2025-10-01 00:00:00,7.376,7.42,7.352,7.355,187797.67952,1386375.06993382
2025-10-01 04:00:00,7.355,7.398,7.32,7.342,230688.33564,1698103.7926597
2025-10-01 08:00:00,7.342,7.586,7.334,7.575,742260.90999,5574827.31045226
2025-10-01 12:00:00,7.575,7.594,7.531,7.565,414625.23204,3138691.16403267
2025-10-01 16:00:00,7.565,7.585,7.508,7.567,251199.92914,1896405.05206986
2025-10-01 20:00:00,7.567,7.589,7.53,7.586,286668.55648,2168351.45141973
2025-10-02 00:00:00,7.586,7.739,7.583,7.714,600874.55336,4606049.00257217
2025-10-02 04:00:00,7.714,7.766,7.679,7.688,504797.71275,3897400.9513637
2025-10-02 08:00:00,7.688,7.771,7.677,7.735,251956.65829,1943261.03395917
2025-10-02 12:00:00,7.735,7.765,7.571,7.688,776116.07007,5949915.17133596
2025-10-02 16:00:00,7.688,7.795,7.665,7.766,642921.13364,4970834.91700954
2025-10-02 20:00:00,7.766,7.847,7.749,7.832,423367.49831,3299997.14171929
2025-10-03 00:00:00,7.832,7.835,7.711,7.726,461306.87977,3581362.20893226
2025-10-03 04:00:00,7.726,7.776,7.697,7.775,373562.90279,2891087.68676948
2025-10-03 08:00:00,7.775,7.794,7.711,7.737,478265.66499,3711124.68593121
2025-10-03 12:00:00,7.737,7.814,7.675,7.808,416251.4073,3223019.51539423
2025-10-03 16:00:00,7.808,7.899,7.721,7.823,693094.85403,5410153.48477239
2025-10-03 20:00:00,7.823,7.91,7.803,7.859,191111.86252,1502710.61029637
2025-10-04 00:00:00,7.859,7.892,7.747,7.79,300417.45308,2346638.52262935
2025-10-04 04:00:00,7.79,7.894,7.75,7.847,340187.68156,2660844.94076507
2025-10-04 08:00:00,7.847,7.847,7.696,7.732,345858.59895,2687736.91747817
2025-10-04 12:00:00,7.732,7.762,7.624,7.638,384039.59048,2957629.32874591
2025-10-04 16:00:00,7.638,7.693,7.634,7.682,151339.77401,1160965.09181485
2025-10-04 20:00:00,7.682,7.772,7.682,7.751,234448.01569,1809604.40836333
2025-10-05 00:00:00,7.751,7.85,7.689,7.799,408235.80361,3181242.64772026
2025-10-05 04:00:00,7.799,7.955,7.791,7.945,524684.05781,4126756.92557547
2025-10-05 08:00:00,7.945,7.978,7.817,7.858,508178.6589,4006009.16805965
2025-10-05 12:00:00,7.858,7.867,7.783,7.844,238873.95047,1870350.73949845
2025-10-05 16:00:00,7.844,7.869,7.729,7.733,257792.87501,2008283.62075758
2025-10-05 20:00:00,7.733,7.801,7.708,7.781,156998.36384,1217936.79836233
2025-10-06 00:00:00,7.781,7.824,7.719,7.771,483635.40451,3759500.38913615
2025-10-06 04:00:00,7.771,7.833,7.727,7.788,177296.39467,1379145.80454507
2025-10-06 08:00:00,7.788,7.854,7.788,7.835,277914.67617,2172564.51102048
2025-10-06 12:00:00,7.835,8.02,7.835,7.992,484671.22274,3843173.9463252
2025-10-06 16:00:00,7.992,8.034,7.941,7.997,456946.57343,3651719.89157488
2025-10-06 20:00:00,7.997,8.012,7.946,7.957,228911.96724,1826407.35447072
2025-10-07 00:00:00,7.957,7.992,7.907,7.934,148112.85145,1176382.56824797
2025-10-07 04:00:00,7.934,7.974,7.829,7.851,404262.83476,3193008.12599772
2025-10-07 08:00:00,7.851,7.865,7.764,7.856,582132.58224,4551089.89721428
2025-10-07 12:00:00,7.856,7.905,7.561,7.603,2202518.63385,16962335.5749296
2025-10-07 16:00:00,7.603,7.618,7.514,7.534,455507.97319,3441211.54465721
2025-10-07 20:00:00,7.534,7.606,7.493,7.513,217335.49188,1638215.58766945
2025-10-08 00:00:00,7.513,7.945,7.487,7.537,3382843.41893,26088998.87032055
2025-10-08 04:00:00,7.537,7.581,7.471,7.577,559628.6005,4220941.67098635
2025-10-08 08:00:00,7.577,7.603,7.531,7.548,545978.2097,4129097.6413363
2025-10-08 12:00:00,7.548,7.61,7.482,7.552,560444.98092,4229576.95899667
2025-10-08 16:00:00,7.552,7.701,7.551,7.655,335230.03092,2564986.78794654
2025-10-08 20:00:00,7.655,7.884,7.624,7.728,1978000.06996,15332364.3912727
2025-10-09 00:00:00,7.728,7.857,7.715,7.807,645515.54327,5027576.73453611
2025-10-09 04:00:00,7.807,7.862,7.673,7.681,546538.70305,4250794.31538467
2025-10-09 08:00:00,7.681,7.693,7.481,7.561,891332.90051,6746277.83940084
2025-10-09 12:00:00,7.561,7.618,7.427,7.498,591396.14244,4449844.12483431
2025-10-09 16:00:00,7.498,7.524,7.378,7.496,585662.04259,4368692.74484146
2025-10-09 20:00:00,7.496,7.558,7.478,7.529,122014.40345,917076.33359454
2025-10-10 00:00:00,7.529,7.592,7.47,7.56,227842.70977,1715336.99453897
2025-10-10 04:00:00,7.56,7.582,7.482,7.501,274974.46254,2071059.37690956
2025-10-10 08:00:00,7.501,7.539,7.441,7.502,277898.8974,2080642.2789692
2025-10-10 12:00:00,7.502,7.556,7.032,7.198,2080477.77551,15198393.89721939
2025-10-10 16:00:00,7.198,7.283,7.02,7.11,978778.38435,7000457.00722095
2025-10-10 20:00:00,7.11,7.138,1.296,5.362,22074668.51018,100605228.26984224
2025-10-11 00:00:00,5.362,5.67,5.117,5.589,3737942.46648,20318123.08999436
2025-10-11 04:00:00,5.589,5.785,5.583,5.75,1097455.81933,6267926.11114026
2025-10-11 08:00:00,5.75,5.968,5.729,5.927,897994.50265,5274769.38524937
2025-10-11 12:00:00,5.927,6.18,5.896,6.142,1482679.04021,8933119.33688673
2025-10-11 16:00:00,6.142,6.148,5.807,5.848,997266.70475,5951716.7948096
2025-10-11 20:00:00,5.848,5.91,5.686,5.856,1420877.26935,8259356.09949497
2025-10-12 00:00:00,5.856,5.884,5.749,5.857,941554.04321,5473344.49656332
2025-10-12 04:00:00,5.857,5.939,5.848,5.914,538793.68864,3178729.82687757
2025-10-12 08:00:00,5.914,5.961,5.865,5.928,421130.23755,2488730.86566266
2025-10-12 12:00:00,5.928,6.174,5.863,6.135,2072757.98208,12505124.9463172
2025-10-12 16:00:00,6.135,6.226,6.108,6.211,1105574.37608,6809573.46900675
2025-10-12 20:00:00,6.211,6.29,6.138,6.193,744502.47846,4621530.72975035
2025-10-13 00:00:00,6.193,6.28,6.161,6.222,602326.7822,3743254.11942457
2025-10-13 04:00:00,6.222,6.342,6.161,6.273,822547.15654,5129925.49168904
2025-10-13 08:00:00,6.273,6.35,6.135,6.308,1316130.02913,8228752.31429651
2025-10-13 12:00:00,6.308,6.434,6.28,6.403,1826202.38245,11610353.11952481
2025-10-13 16:00:00,6.403,6.587,6.371,6.561,874115.50782,5660220.80086017
2025-10-13 20:00:00,6.561,6.629,6.536,6.546,323549.2924,2124389.4087092
2025-10-14 00:00:00,6.546,6.557,6.303,6.341,642948.68702,4121395.16570028
2025-10-14 04:00:00,6.341,6.357,6.016,6.171,1922814.66289,11886102.96297612
2025-10-14 08:00:00,6.171,6.263,6.084,6.203,766035.04572,4735831.12052726
2025-10-14 12:00:00,6.203,6.302,6.1,6.296,853486.29428,5285677.80559333
2025-10-14 16:00:00,6.296,6.373,6.213,6.277,523573.23195,3294465.66246446
2025-10-14 20:00:00,6.277,6.32,6.25,6.286,162119.0922,1018905.43937712
2025-10-15 00:00:00,6.286,6.311,6.218,6.247,418936.67231,2622636.47652167
2025-10-15 04:00:00,6.247,6.311,6.228,6.309,220871.79315,1386427.63441363
2025-10-15 08:00:00,6.309,6.39,6.245,6.308,350611.96234,2213468.28218247
2025-10-15 12:00:00,6.308,6.325,6.061,6.108,802275.29896,4951792.7287312
2025-10-15 16:00:00,6.108,6.144,6.044,6.058,444001.8097,2707227.85389121
2025-10-15 20:00:00,6.058,6.096,5.967,6.054,829144.91713,4994279.13910011
2025-10-16 00:00:00,6.054,6.117,6.034,6.057,188832.96378,1145709.77248318
2025-10-16 04:00:00,6.057,6.113,6.032,6.06,270001.34016,1640500.34867587
2025-10-16 08:00:00,6.06,6.127,5.889,6.107,1830470.4815,10937970.42015419
2025-10-16 12:00:00,6.107,6.143,5.915,5.942,975524.86792,5879072.32943918
2025-10-16 16:00:00,5.942,6.075,5.88,5.922,939197.91506,5602516.58342373
2025-10-16 20:00:00,5.922,5.989,5.862,5.937,852947.81373,5058353.793057
2025-10-17 00:00:00,5.937,5.991,5.9,5.965,260780.9587,1551859.81845993
2025-10-17 04:00:00,5.965,5.965,5.65,5.67,1205863.38843,6977034.54330204
2025-10-17 08:00:00,5.67,5.827,5.584,5.782,955788.41706,5433158.98200179
2025-10-17 12:00:00,5.782,5.807,5.69,5.803,338911.2,1949800.0557
2025-10-17 16:00:00,5.803,5.85,5.721,5.731,140257.2,813497.81775
2025-10-17 20:00:00,5.731,5.803,5.717,5.754,122144.4,704991.78045
2025-10-18 00:00:00,5.754,5.832,5.733,5.809,139189.05,806587.43115
2025-10-18 04:00:00,5.809,5.895,5.777,5.834,152398.05,890206.16325
2025-10-18 08:00:00,5.834,5.936,5.833,5.929,221033.35,1300015.47725
2025-10-18 12:00:00,5.929,5.94,5.851,5.88,79162.0,466446.11
2025-10-18 16:00:00,5.88,5.901,5.827,5.889,87419.7,511869.5342
2025-10-18 20:00:00,5.889,5.905,5.865,5.874,32255.8,189828.3414
2025-10-19 00:00:00,5.874,5.9,5.831,5.892,49603.4,290738.8507
2025-10-19 04:00:00,5.892,5.895,5.835,5.847,40195.9,235558.6249
2025-10-19 08:00:00,5.847,5.962,5.805,5.911,390184.9,2293758.7876
2025-10-19 12:00:00,5.911,5.995,5.885,5.953,177594.2,1058436.973
2025-10-19 16:00:00,5.953,5.973,5.919,5.954,116580.3,693897.2051
2025-10-19 20:00:00,5.954,5.993,5.946,5.947,64512.3,384841.4546
2025-10-20 00:00:00,5.947,6.015,5.883,6.012,109612.3,650482.9839
2025-10-20 04:00:00,6.012,6.055,5.982,6.02,55565.4,334267.9069
2025-10-20 08:00:00,6.02,6.039,5.979,5.991,97017.4,582507.2042
2025-10-20 12:00:00,5.991,6.026,5.962,5.962,385883.4,2315242.9525
2025-10-20 16:00:00,5.962,5.982,5.879,5.974,360542.8,2137000.9505
2025-10-20 20:00:00,5.974,5.995,5.953,5.977,69907.4,417889.4392
2025-10-21 00:00:00,5.977,5.986,5.888,5.899,83810.7,498009.9736
2025-10-21 04:00:00,5.899,5.903,5.824,5.873,244429.6,1433633.4665
2025-10-21 08:00:00,5.873,5.876,5.826,5.848,115398.6,674630.1901
2025-10-21 12:00:00,5.848,6.06,5.811,6.037,404155.0,2407948.4419
2025-10-21 16:00:00,6.037,6.182,5.98,6.035,604702.3,3672926.232
2025-10-21 20:00:00,6.035,6.04,5.852,5.859,265341.3,1577596.728
2025-10-22 00:00:00,5.859,5.886,5.819,5.864,121776.2,712913.9107
2025-10-22 04:00:00,5.864,5.899,5.792,5.833,170812.7,996676.5885
2025-10-22 08:00:00,5.833,5.833,5.712,5.802,375783.6,2166357.9614
2025-10-22 12:00:00,5.802,5.854,5.748,5.805,400510.6,2321410.177
2025-10-22 16:00:00,5.805,5.83,5.689,5.734,330329.5,1895959.4255
2025-10-22 20:00:00,5.734,5.748,5.551,5.709,529620.0,2982403.3091
2025-10-23 00:00:00,5.709,5.761,5.707,5.746,74052.8,424790.4264
2025-10-23 04:00:00,5.746,5.82,5.743,5.784,81145.3,469485.2422
2025-10-23 08:00:00,5.784,5.813,5.763,5.774,59005.3,341582.0654
2025-10-23 12:00:00,5.774,5.822,5.738,5.809,209368.8,1211201.4275
2025-10-23 16:00:00,5.809,6.029,5.8,5.864,455089.5,2697651.2043
2025-10-23 20:00:00,5.864,5.865,5.789,5.854,115137.9,671433.8449
2025-10-24 00:00:00,5.854,5.879,5.846,5.855,53781.2,315258.5954
2025-10-24 04:00:00,5.855,5.923,5.846,5.889,140552.3,828688.3277
2025-10-24 08:00:00,5.889,5.906,5.841,5.882,75828.5,445829.382
2025-10-24 12:00:00,5.882,5.966,5.83,5.86,566519.0,3343818.3185
2025-10-24 16:00:00,5.86,5.913,5.834,5.912,108768.1,638952.9345
2025-10-24 20:00:00,5.912,5.967,5.904,5.954,97532.9,579337.3064
2025-10-25 00:00:00,5.954,5.985,5.941,5.948,73723.9,439131.9928
2025-10-25 04:00:00,5.948,5.966,5.912,5.916,96778.4,575057.0955
2025-10-25 08:00:00,5.916,5.936,5.899,5.933,52512.6,310964.6946
2025-10-25 12:00:00,5.933,5.965,5.93,5.96,90255.1,536600.6393
2025-10-25 16:00:00,5.96,6.002,5.946,5.994,79335.8,473748.063
2025-10-25 20:00:00,5.994,6.021,5.972,5.984,63030.2,377716.6743
2025-10-26 00:00:00,5.984,6.013,5.936,5.945,116100.2,693183.7202
2025-10-26 04:00:00,5.945,6.042,5.945,5.987,125264.9,751657.3487
2025-10-26 08:00:00,5.987,6.16,5.985,6.143,212406.5,1291251.5416
2025-10-26 12:00:00,6.143,6.168,6.1,6.161,201801.1,1237243.2359
2025-10-26 16:00:00,6.161,6.18,6.115,6.172,73686.6,453270.3269
2025-10-26 20:00:00,6.172,6.306,6.13,6.271,349190.4,2180591.984
2025-10-27 00:00:00,6.271,6.305,6.245,6.258,179285.2,1125442.2872
2025-10-27 04:00:00,6.258,6.305,6.198,6.252,133551.8,834461.5497
2025-10-27 08:00:00,6.252,6.256,6.168,6.244,174008.6,1080254.5671
2025-10-27 12:00:00,6.244,6.663,6.166,6.65,956140.3,6147958.2798
2025-10-27 16:00:00,6.65,8.06,6.594,7.474,7137773.2,53520662.7485
2025-10-27 20:00:00,7.474,7.499,7.044,7.132,1664159.4,12070467.5754
2025-10-28 00:00:00,7.132,7.132,6.833,7.046,1333801.9,9309513.1537
2025-10-28 04:00:00,7.046,7.047,6.704,6.743,1163875.0,7958611.9324
2025-10-28 08:00:00,6.743,7.044,6.734,6.89,1671640.5,11504923.6652
2025-10-28 12:00:00,6.89,7.743,6.824,7.129,8526355.6,61906349.5637
2025-10-28 16:00:00,7.129,7.206,6.807,6.839,2431242.7,16937053.9539
2025-10-28 20:00:00,6.839,7.25,6.763,7.169,1904659.9,13321147.7098
2025-10-29 00:00:00,7.169,7.695,7.126,7.617,2510686.8,18644661.188
2025-10-29 04:00:00,7.617,8.021,7.473,8.005,4443594.4,34212212.2848
2025-10-29 08:00:00,8.005,8.431,7.703,8.315,6821217.8,55230041.8547
2025-10-29 12:00:00,8.315,8.568,7.985,8.14,6492814.2,54070008.0934
2025-10-29 16:00:00,8.14,8.472,8.018,8.232,5603757.4,46011851.1895
2025-10-29 20:00:00,8.232,8.545,8.155,8.258,3055684.8,25543145.2568
2025-10-30 00:00:00,8.258,8.676,8.205,8.419,3805167.1,32199374.1371
2025-10-30 04:00:00,8.419,8.433,7.772,8.327,5493240.2,44465787.1923
2025-10-30 08:00:00,8.327,8.486,7.952,8.04,3042791.8,25006527.762
2025-10-30 12:00:00,8.04,8.174,7.801,7.892,5277186.4,42176977.329
2025-10-30 16:00:00,7.892,7.941,7.118,7.23,5216775.1,39085280.0246
2025-10-30 20:00:00,7.23,7.542,7.152,7.52,2113105.9,15421348.4862
2025-10-31 00:00:00,7.52,8.042,7.49,8.013,2565692.8,19980864.1339
2025-10-31 04:00:00,8.013,8.228,7.983,8.056,2800710.7,22648865.2291
2025-10-31 08:00:00,8.056,8.171,7.885,8.121,1466590.5,11759620.0542
2025-10-31 12:00:00,8.121,8.34,7.942,8.076,2367785.7,19276641.3284
2025-10-31 16:00:00,8.076,8.108,7.845,8.056,2018562.7,16065485.4946
2025-10-31 20:00:00,8.056,8.138,7.879,8.0,837275.4,6694356.963
2025-11-01 00:00:00,8.0,8.437,7.981,8.386,1884405.3,15559282.9802
2025-11-01 04:00:00,8.386,8.465,8.092,8.151,1396143.7,11569382.5135
2025-11-01 08:00:00,8.151,8.183,8.055,8.097,760849.5,6172922.7821
2025-11-01 12:00:00,8.097,8.118,7.856,7.919,1011119.1,8049861.7921
2025-11-01 16:00:00,7.919,7.963,7.88,7.921,375574.7,2975045.3741
2025-11-01 20:00:00,7.921,7.956,7.503,7.743,1833822.6,14085294.4231
2025-11-02 00:00:00,7.743,7.747,7.561,7.708,738202.2,5638438.2592
2025-11-02 04:00:00,7.708,7.749,7.593,7.634,549183.4,4204933.2254
2025-11-02 08:00:00,7.634,7.65,7.472,7.563,655236.8,4956215.2266
2025-11-02 12:00:00,7.563,7.634,7.509,7.515,869354.7,6567140.2814
2025-11-02 16:00:00,7.515,7.584,7.493,7.505,293814.0,2210956.8385
2025-11-02 20:00:00,7.505,7.616,7.475,7.544,414238.0,3116269.6186
2025-11-03 00:00:00,7.544,7.652,7.234,7.329,2153030.4,16022394.6913
2025-11-03 04:00:00,7.329,7.986,7.31,7.764,4182519.8,32443861.3607
2025-11-03 08:00:00,7.764,7.886,7.567,7.807,1396008.6,10775723.1981
2025-11-03 12:00:00,7.807,7.886,7.123,7.454,5556008.5,41573415.4792
2025-11-03 16:00:00,7.454,7.59,7.324,7.336,1202885.6,8938539.5538
2025-11-03 20:00:00,7.336,7.351,7.065,7.27,1419037.7,10192907.0799
2025-11-04 00:00:00,7.27,7.322,7.061,7.153,934586.9,6704556.9569
2025-11-04 04:00:00,7.153,7.408,7.027,7.317,1765584.9,12694884.5646
2025-11-04 08:00:00,7.317,7.35,7.157,7.207,999317.7,7242978.8077
2025-11-04 12:00:00,7.207,7.529,7.18,7.308,1448868.6,10594449.869
2025-11-04 16:00:00,7.308,7.478,7.188,7.404,1304659.0,9566006.2951
2025-11-04 20:00:00,7.404,7.446,6.886,6.938,3652410.4,26219279.7843
2025-11-05 00:00:00,6.938,7.103,6.779,7.094,1521370.5,10533315.8918
2025-11-05 04:00:00,7.094,7.123,6.957,7.0,450828.0,3175359.6558
2025-11-05 08:00:00,7.0,7.161,6.907,7.155,664898.8,4697673.0638
2025-11-05 12:00:00,7.155,7.423,7.136,7.374,1351218.7,9863258.5018
2025-11-05 16:00:00,7.374,7.814,7.347,7.792,816856.1,6203981.5914
2025-11-05 20:00:00,7.792,8.142,7.782,8.08,935131.4,7464782.7858
2025-11-06 00:00:00,8.08,8.385,7.935,8.248,2063313.5,16785838.1497
2025-11-06 04:00:00,8.248,8.255,8.022,8.076,1012760.3,8206965.5244
2025-11-06 08:00:00,8.076,8.131,7.707,7.762,960357.2,7591039.5323
2025-11-06 12:00:00,7.762,7.891,7.712,7.77,760133.0,5926615.8614
2025-11-06 16:00:00,7.77,7.935,7.704,7.852,660639.1,5151796.8785
2025-11-06 20:00:00,7.852,7.881,7.571,7.599,863534.0,6657590.8916
2025-11-07 00:00:00,7.599,7.691,7.518,7.55,579447.3,4394124.9118
2025-11-07 04:00:00,7.55,7.814,7.521,7.6,596660.2,4563063.9097
2025-11-07 08:00:00,7.6,7.648,7.391,7.45,728325.4,5471751.6419
2025-11-07 12:00:00,7.45,7.562,7.297,7.465,1085028.4,8055869.4277
2025-11-07 16:00:00,7.465,7.894,7.448,7.858,1004112.4,7732072.2879
2025-11-07 20:00:00,7.858,7.979,7.638,7.732,591772.4,4638225.0461
2025-11-08 00:00:00,7.732,7.866,7.584,7.742,572540.9,4426553.0552
2025-11-08 04:00:00,7.742,7.877,7.656,7.82,458413.7,3557450.2832
2025-11-08 08:00:00,7.82,7.938,7.672,7.7,463169.6,3611010.8336
2025-11-08 12:00:00,7.7,7.715,7.364,7.419,533977.2,4019274.336
2025-11-08 16:00:00,7.419,7.586,7.374,7.533,232520.4,1740281.0943
2025-11-08 20:00:00,7.533,7.581,7.465,7.5,173194.7,1301644.7688
2025-11-09 00:00:00,7.5,7.547,7.39,7.432,339010.3,2532615.8852
2025-11-09 04:00:00,7.432,7.523,7.421,7.476,128937.3,962651.6563
2025-11-09 08:00:00,7.476,7.579,7.407,7.454,266269.6,1989862.8884
2025-11-09 12:00:00,7.454,7.736,7.436,7.694,550364.2,4168892.9874
2025-11-09 16:00:00,7.694,7.905,7.66,7.789,625797.7,4875450.2363
2025-11-09 20:00:00,7.789,7.818,7.674,7.692,283696.2,2196530.5578
2025-11-10 00:00:00,7.692,7.934,7.637,7.802,772115.1,6028034.0109
2025-11-10 04:00:00,7.802,8.356,7.786,8.16,1500250.6,12218411.5249
2025-11-10 08:00:00,8.16,8.506,8.024,8.47,1036713.4,8580205.5837
2025-11-10 12:00:00,8.47,9.124,8.302,9.07,3151820.9,27260734.585
2025-11-10 16:00:00,9.07,9.548,8.862,9.454,2330772.6,21310942.8255
2025-11-10 20:00:00,9.454,9.568,8.768,8.872,2003659.4,18195958.6077
2025-11-11 00:00:00,8.872,8.94,8.572,8.699,1372006.2,11984158.7671
2025-11-11 04:00:00,8.699,8.732,8.278,8.311,1365637.8,11506773.2402
2025-11-11 08:00:00,8.311,8.501,8.275,8.336,951781.4,7977434.6745
2025-11-11 12:00:00,8.336,8.416,8.172,8.188,1206320.7,9990432.0507
2025-11-11 16:00:00,8.188,8.246,8.038,8.079,806470.8,6552173.494
2025-11-11 20:00:00,8.079,8.086,7.845,7.88,611571.6,4878803.5986
2025-11-12 00:00:00,7.88,7.927,7.747,7.767,407272.8,3189727.6425
2025-11-12 04:00:00,7.767,7.785,7.627,7.68,646818.7,4982997.0395
2025-11-12 08:00:00,7.68,7.893,7.672,7.807,528635.8,4128111.757
2025-11-12 12:00:00,7.807,7.878,7.517,7.555,1716174.1,13176566.1639
2025-11-12 16:00:00,7.555,7.579,7.347,7.406,829539.0,6175978.6968
2025-11-12 20:00:00,7.406,7.499,7.394,7.477,280678.6,2088080.5938
2025-11-13 00:00:00,7.477,7.711,7.446,7.599,685141.4,5201933.2324
2025-11-13 04:00:00,7.599,7.767,7.591,7.645,468345.4,3597788.9481
2025-11-13 08:00:00,7.645,7.698,7.579,7.611,219736.5,1675159.8203
2025-11-13 12:00:00,7.611,7.642,7.415,7.437,576358.3,4340265.4809
2025-11-13 16:00:00,7.437,7.458,7.103,7.131,648587.9,4706569.4663
2025-11-13 20:00:00,7.131,7.318,7.084,7.242,278521.8,1999714.5486
2025-11-14 00:00:00,7.242,7.281,7.154,7.175,268628.0,1939474.751
2025-11-14 04:00:00,7.175,7.231,6.938,7.178,950544.8,6708907.8969
2025-11-14 08:00:00,7.178,7.178,7.057,7.122,230706.0,1640542.7632
2025-11-14 12:00:00,7.122,7.362,7.019,7.315,594810.1,4280487.7468
2025-11-14 16:00:00,7.315,7.402,7.239,7.371,331481.3,2426411.4912
2025-11-14 20:00:00,7.371,7.372,7.127,7.182,414985.6,3002432.9163
2025-11-15 00:00:00,7.182,7.328,7.159,7.257,221834.2,1606687.337
2025-11-15 04:00:00,7.257,7.362,7.243,7.281,191085.3,1392609.6287
2025-11-15 08:00:00,7.281,7.283,7.142,7.166,183536.2,1323859.8148
2025-11-15 12:00:00,7.166,7.243,7.119,7.2,207859.7,1493398.833
2025-11-15 16:00:00,7.2,7.25,7.143,7.189,162157.5,1167169.542
2025-11-15 20:00:00,7.189,7.231,7.148,7.207,99772.1,717325.8216
2025-11-16 00:00:00,7.207,7.221,7.069,7.208,242960.7,1732729.056
2025-11-16 04:00:00,7.208,7.22,7.16,7.213,88724.9,638433.7346
2025-11-16 08:00:00,7.213,7.22,7.028,7.046,259596.5,1853117.0584
2025-11-16 12:00:00,7.046,7.165,6.977,7.029,376086.8,2649030.5169
2025-11-16 16:00:00,7.029,7.097,6.924,6.984,333805.8,2339051.6178
2025-11-16 20:00:00,6.984,7.079,6.95,7.06,225856.1,1583086.2888
2025-11-17 00:00:00,7.06,7.113,6.976,7.061,124291.9,878664.768
2025-11-17 04:00:00,7.061,7.07,7.007,7.04,65410.3,459968.2659
2025-11-17 08:00:00,7.04,7.109,7.02,7.055,149419.2,1056404.7821
2025-11-17 12:00:00,7.055,7.224,6.939,7.117,398203.9,2814721.5987
2025-11-17 16:00:00,7.117,7.181,6.827,6.894,977793.4,6836632.5203
2025-11-17 20:00:00,6.894,6.932,6.738,6.915,472248.1,3232109.3166
2025-11-18 00:00:00,6.915,6.982,6.776,6.955,491738.6,3389851.292
2025-11-18 04:00:00,6.955,7.039,6.883,6.993,243349.3,1694292.3628
2025-11-18 08:00:00,6.993,7.029,6.916,6.942,158450.2,1104475.0597
2025-11-18 12:00:00,6.942,7.006,6.855,6.998,247738.3,1719291.1585
2025-11-18 16:00:00,6.998,7.148,6.996,7.085,222903.7,1576591.7253
2025-11-18 20:00:00,7.085,7.149,7.018,7.134,124964.9,886796.4355
2025-11-19 00:00:00,7.134,7.138,7.007,7.018,144693.5,1025481.5633
2025-11-19 04:00:00,7.018,7.098,6.919,7.063,283137.6,1984332.1965
2025-11-19 08:00:00,7.063,7.072,6.986,6.987,86000.7,604344.3166
2025-11-19 12:00:00,6.987,7.036,6.779,6.803,337819.5,2338671.6108
2025-11-19 16:00:00,6.803,6.828,6.595,6.642,442019.3,2956396.2645
2025-11-19 20:00:00,6.642,6.869,6.623,6.866,238499.6,1611736.3349
2025-11-20 00:00:00,6.866,6.943,6.845,6.915,113408.2,783249.8551
2025-11-20 04:00:00,6.915,6.954,6.886,6.915,65777.3,454669.877
2025-11-20 08:00:00,6.915,6.922,6.816,6.817,108566.5,744988.8555
2025-11-20 12:00:00,6.817,6.9,6.744,6.75,352869.8,2409770.3091
2025-11-20 16:00:00,6.75,6.761,6.54,6.65,493635.6,3279530.0337
2025-11-20 20:00:00,6.65,6.775,6.613,6.66,176476.8,1182758.0583
2025-11-21 00:00:00,6.66,6.737,6.583,6.622,198313.6,1319743.9806
2025-11-21 04:00:00,6.622,6.666,5.628,6.318,1712442.0,10670919.2621
2025-11-21 08:00:00,6.318,6.421,6.156,6.162,514928.8,3249607.7993
2025-11-21 12:00:00,6.162,6.311,6.037,6.187,570464.3,3547552.4342
2025-11-21 16:00:00,6.187,6.375,6.123,6.32,223643.7,1402902.2114
2025-11-21 20:00:00,6.32,6.339,6.127,6.265,243770.3,1518327.9661
2025-11-22 00:00:00,6.265,6.389,6.245,6.313,367658.9,2329439.0282
2025-11-22 04:00:00,6.313,6.37,6.228,6.363,117420.5,738500.0358
2025-11-22 08:00:00,6.363,6.363,6.234,6.302,135344.1,850652.153
2025-11-22 12:00:00,6.302,6.304,6.207,6.258,224531.4,1406845.2506
2025-11-22 16:00:00,6.258,6.299,6.234,6.287,122838.5,770525.211
2025-11-22 20:00:00,6.287,6.352,6.226,6.285,164306.3,1035500.3679
2025-11-23 00:00:00,6.285,6.382,6.256,6.37,107590.1,682009.134
2025-11-23 04:00:00,6.37,6.432,6.319,6.347,154194.9,984524.9539
2025-11-23 08:00:00,6.347,6.4,6.324,6.4,78463.8,498181.2303
2025-11-23 12:00:00,6.4,6.437,6.283,6.348,151295.8,961873.5001
2025-11-23 16:00:00,6.348,6.394,6.252,6.36,154286.7,973777.6213
2025-11-23 20:00:00,6.36,6.368,6.246,6.258,147589.7,931929.1471
2025-11-24 00:00:00,6.258,6.432,6.218,6.356,243787.0,1545864.0123
2025-11-24 04:00:00,6.356,6.373,6.274,6.283,135633.8,856196.8408
2025-11-24 08:00:00,6.283,6.283,6.187,6.248,181643.8,1131190.078
2025-11-24 12:00:00,6.248,6.291,6.172,6.271,265468.9,1655970.1309
2025-11-24 16:00:00,6.271,6.423,6.263,6.356,238782.7,1517777.3739
2025-11-24 20:00:00,6.356,6.419,6.343,6.363,112947.0,720555.9789
2025-11-25 00:00:00,6.363,6.372,6.282,6.319,142161.5,900500.2953
2025-11-25 04:00:00,6.319,6.331,6.237,6.24,153069.2,961763.3649
2025-11-25 08:00:00,6.24,6.264,6.19,6.222,164322.8,1023364.7832
2025-11-25 12:00:00,6.222,6.279,6.126,6.184,264091.7,1635797.7784
2025-11-25 16:00:00,6.184,6.26,6.131,6.199,164660.3,1021160.8079
2025-11-25 20:00:00,6.199,6.304,6.171,6.228,196088.6,1223457.6771
2025-11-26 00:00:00,6.228,6.281,6.216,6.224,98756.0,617123.2872
2025-11-26 04:00:00,6.224,6.273,6.195,6.245,104020.5,648017.986
2025-11-26 08:00:00,6.245,6.25,6.161,6.17,138828.6,859952.8907
2025-11-26 12:00:00,6.17,6.194,6.105,6.143,187767.4,1154929.7054
2025-11-26 16:00:00,6.143,6.274,6.142,6.255,145237.7,904173.1446
2025-11-26 20:00:00,6.255,6.306,6.229,6.285,78925.1,495141.1049
2025-11-27 00:00:00,6.285,6.319,6.219,6.268,144741.5,908778.985
2025-11-27 04:00:00,6.268,6.308,6.223,6.231,104136.4,651491.8347
2025-11-27 08:00:00,6.231,6.246,6.182,6.199,168422.6,1046568.1663
2025-11-27 12:00:00,6.199,6.231,6.154,6.219,103688.0,641411.7545
2025-11-27 16:00:00,6.219,6.241,6.197,6.201,78522.2,488408.6846
2025-11-27 20:00:00,6.201,6.218,6.13,6.138,112985.3,697678.0248
2025-11-28 00:00:00,6.138,6.161,6.064,6.117,142917.1,871687.96
2025-11-28 04:00:00,6.117,6.131,6.067,6.072,59212.2,361235.7788
2025-11-28 08:00:00,6.072,6.173,6.06,6.098,128855.3,788844.7172
2025-11-28 12:00:00,6.098,6.167,6.082,6.117,166816.7,1020856.4174
2025-11-28 16:00:00,6.117,6.119,5.969,6.065,260391.7,1570955.1159
2025-11-28 20:00:00,6.065,6.085,6.016,6.038,75887.4,459106.4102
2025-11-29 00:00:00,6.038,6.071,6.016,6.05,67997.9,410666.9341
2025-11-29 04:00:00,6.05,6.113,6.005,6.056,90583.4,548561.2814
2025-11-29 08:00:00,6.056,6.094,6.019,6.063,31650.8,191583.9334
2025-11-29 12:00:00,6.063,6.076,6.036,6.062,45484.9,275418.1854
2025-11-29 16:00:00,6.062,6.072,5.993,6.013,112278.2,674885.5784
2025-11-29 20:00:00,6.013,6.051,5.999,6.023,41103.3,247706.5063
2025-11-30 00:00:00,6.023,6.054,5.975,6.022,54276.1,326308.9222
2025-11-30 04:00:00,6.022,6.045,5.994,6.045,51224.0,308299.8239
2025-11-30 08:00:00,6.045,6.084,6.03,6.043,63797.9,386393.4073
2025-11-30 12:00:00,6.043,6.12,6.039,6.105,92932.3,565771.4758
2025-11-30 16:00:00,6.105,6.141,6.065,6.081,53191.0,324508.1104
2025-11-30 20:00:00,6.081,6.085,5.991,5.995,85084.8,513162.9805
2025-12-01 00:00:00,5.995,6.009,5.709,5.729,983104.8,5733169.4104
2025-12-01 04:00:00,5.729,5.802,5.702,5.779,148678.4,854358.5785
2025-12-01 08:00:00,5.779,5.819,5.714,5.733,231953.5,1336076.0176
2025-12-01 12:00:00,5.733,5.772,5.603,5.668,479756.0,2729558.0772
2025-12-01 16:00:00,5.668,5.69,5.618,5.657,263356.3,1487219.6233
2025-12-01 20:00:00,5.657,5.76,5.657,5.723,240833.3,1375818.6869
2025-12-02 00:00:00,5.723,5.77,5.694,5.736,73354.4,420007.0067
2025-12-02 04:00:00,5.736,5.761,5.718,5.724,45009.9,258383.517
2025-12-02 08:00:00,5.724,5.763,5.688,5.747,78584.8,449362.9654
2025-12-02 12:00:00,5.747,6.061,5.729,6.037,320638.8,1893020.3236
2025-12-02 16:00:00,6.037,6.063,5.992,6.023,177437.6,1069680.5795
2025-12-02 20:00:00,6.023,6.027,5.949,5.986,139100.9,832496.5095
2025-12-03 00:00:00,5.986,6.086,5.959,6.054,125717.7,759785.8665
2025-12-03 04:00:00,6.054,6.087,6.008,6.061,188098.7,1138179.5083
2025-12-03 08:00:00,6.061,6.087,6.019,6.067,97741.8,591873.3476
2025-12-03 12:00:00,6.067,6.076,5.96,6.038,342054.5,2059685.1689
2025-12-03 16:00:00,6.038,6.057,6.006,6.034,104919.0,632955.7125
2025-12-03 20:00:00,6.034,6.122,6.019,6.063,281599.8,1710671.4384
2025-12-04 00:00:00,6.063,6.118,6.039,6.081,212034.0,1288698.9205
2025-12-04 04:00:00,6.081,6.117,6.044,6.061,188135.7,1143114.8374
2025-12-04 08:00:00,6.061,6.072,6.005,6.017,267329.4,1615892.5799
2025-12-04 12:00:00,6.017,6.094,6.001,6.08,200665.6,1211168.5791
2025-12-04 16:00:00,6.08,6.085,5.91,5.992,278265.1,1672880.7054
2025-12-04 20:00:00,5.992,6.001,5.919,5.92,74557.6,444723.9278
2025-12-05 00:00:00,5.92,5.992,5.915,5.954,120819.2,718885.7741
2025-12-05 04:00:00,5.954,5.986,5.912,5.978,124166.9,737729.2787
2025-12-05 08:00:00,5.978,5.979,5.847,5.871,220623.9,1300558.2172
2025-12-05 12:00:00,5.871,5.935,5.837,5.876,199345.8,1171759.4048
2025-12-05 16:00:00,5.876,5.878,5.676,5.723,300151.7,1732161.0962
2025-12-05 20:00:00,5.723,5.757,5.679,5.737,67692.6,386778.4988
2025-12-06 00:00:00,5.737,5.76,5.716,5.739,32730.7,187631.1121
2025-12-06 04:00:00,5.739,5.739,5.69,5.706,61922.8,353410.1403
2025-12-06 08:00:00,5.706,5.744,5.681,5.725,107085.0,612129.6539
2025-12-06 12:00:00,5.725,5.773,5.685,5.694,152893.8,875561.8347
2025-12-06 16:00:00,5.694,5.75,5.685,5.698,69615.2,397959.2776
2025-12-06 20:00:00,5.698,5.753,5.693,5.72,119626.6,685938.1705
2025-12-07 00:00:00,5.72,5.753,5.714,5.74,58815.6,337336.5821
2025-12-07 04:00:00,5.74,5.74,5.693,5.697,46748.5,267078.1599
2025-12-07 08:00:00,5.697,5.697,5.583,5.642,443772.2,2499714.7882
2025-12-07 12:00:00,5.642,5.683,5.518,5.638,574994.2,3217501.0466
2025-12-07 16:00:00,5.638,5.735,5.602,5.733,208710.6,1183865.2669
2025-12-07 20:00:00,5.733,5.765,5.594,5.656,393489.2,2225881.4106
2025-12-08 00:00:00,5.656,5.71,5.639,5.692,242552.5,1375939.274
2025-12-08 04:00:00,5.692,5.718,5.673,5.694,182969.9,1041360.3145
2025-12-08 08:00:00,5.694,5.743,5.688,5.732,183938.1,1052618.9071
2025-12-08 12:00:00,5.732,5.764,5.686,5.719,231150.1,1322692.5867
2025-12-08 16:00:00,5.719,5.754,5.663,5.681,124361.7,709693.0701
2025-12-08 20:00:00,5.681,5.73,5.672,5.685,77822.2,444167.0156
2025-12-09 00:00:00,5.685,5.703,5.647,5.696,149546.8,848033.4415
2025-12-09 04:00:00,5.696,5.701,5.626,5.672,85926.6,486294.7543
2025-12-09 08:00:00,5.672,5.68,5.635,5.667,41193.6,233193.6213
2025-12-09 12:00:00,5.667,5.851,5.66,5.841,520898.3,3012177.5759
2025-12-09 16:00:00,5.841,6.099,5.841,5.927,1220725.5,7287956.3481
2025-12-09 20:00:00,5.927,5.937,5.857,5.932,272429.4,1609879.521
2025-12-10 00:00:00,5.932,5.963,5.857,5.878,101181.8,597085.6233
2025-12-10 04:00:00,5.878,5.911,5.856,5.879,69727.0,409961.7697
2025-12-10 08:00:00,5.879,5.886,5.796,5.813,147417.0,859211.6938
2025-12-10 12:00:00,5.813,5.821,5.769,5.781,132760.6,768970.8998
2025-12-10 16:00:00,5.781,5.871,5.756,5.824,564536.9,3283177.2981
2025-12-10 20:00:00,5.824,5.88,5.709,5.737,328405.8,1906123.8035
2025-12-11 00:00:00,5.737,5.737,5.596,5.61,197119.0,1115690.5111
2025-12-11 04:00:00,5.61,5.669,5.599,5.629,74264.5,419160.2756
2025-12-11 08:00:00,5.629,5.656,5.607,5.64,64095.2,360991.8417
2025-12-11 12:00:00,5.64,5.679,5.61,5.651,157706.2,890044.7293
2025-12-11 16:00:00,5.651,5.685,5.628,5.653,118869.8,671944.0091
2025-12-11 20:00:00,5.653,5.711,5.651,5.681,140894.4,800332.6263
2025-12-12 00:00:00,5.681,5.708,5.653,5.676,58836.8,334421.2955
2025-12-12 04:00:00,5.676,5.706,5.658,5.684,35609.7,202295.0365
2025-12-12 08:00:00,5.684,5.701,5.672,5.695,45810.4,260601.1684
2025-12-12 12:00:00,5.695,5.705,5.571,5.574,164184.4,926845.7501
2025-12-12 16:00:00,5.574,5.603,5.54,5.591,164569.1,917429.757
2025-12-12 20:00:00,5.591,5.623,5.587,5.606,93775.8,525481.2252
2025-12-13 00:00:00,5.606,5.625,5.606,5.616,34954.0,196316.478
2025-12-13 04:00:00,5.616,5.622,5.577,5.585,125172.8,700851.1871
2025-12-13 08:00:00,5.585,5.603,5.552,5.579,117437.7,654192.4235
2025-12-13 12:00:00,5.579,5.583,5.532,5.564,101746.4,565070.9516
2025-12-13 16:00:00,5.564,5.584,5.555,5.581,58277.0,324925.3362
2025-12-13 20:00:00,5.581,5.586,5.538,5.552,122207.2,678958.5394
2025-12-14 00:00:00,5.552,5.563,5.543,5.556,51311.8,285056.7432
2025-12-14 04:00:00,5.556,5.557,5.498,5.527,170778.5,942825.3714
2025-12-14 08:00:00,5.527,5.532,5.447,5.501,328001.2,1801630.1822
2025-12-14 12:00:00,5.501,5.519,5.463,5.467,138252.3,758703.379
2025-12-14 16:00:00,5.467,5.507,5.405,5.425,150914.7,821423.2891
2025-12-14 20:00:00,5.425,5.448,5.347,5.414,387670.0,2093860.0737
2025-12-15 00:00:00,5.414,5.499,5.392,5.479,174817.5,952780.5492
2025-12-15 04:00:00,5.479,5.513,5.473,5.482,88984.7,488761.3839
2025-12-15 08:00:00,5.482,5.489,5.459,5.472,265365.0,1452142.7101
2025-12-15 12:00:00,5.472,5.485,5.325,5.349,386564.3,2096075.4352
2025-12-15 16:00:00,5.349,5.354,5.223,5.293,164708.8,871035.3935
2025-12-15 20:00:00,5.293,5.331,5.252,5.325,110093.8,581819.5635
2025-12-16 00:00:00,5.325,5.333,5.244,5.261,56736.5,299672.4245
2025-12-16 04:00:00,5.261,5.293,5.205,5.276,84496.4,443840.2852
2025-12-16 08:00:00,5.276,5.292,5.226,5.262,223839.0,1178500.3014
2025-12-16 12:00:00,5.262,5.273,5.166,5.262,437302.7,2284645.3378
2025-12-16 16:00:00,5.262,5.266,5.199,5.259,116672.7,610579.9423
2025-12-16 20:00:00,5.259,5.297,5.247,5.293,103270.4,544799.3592
2025-12-17 00:00:00,5.293,5.295,5.251,5.259,68920.6,363433.5685
2025-12-17 04:00:00,5.259,5.267,5.222,5.252,62239.6,326401.8145
2025-12-17 08:00:00,5.252,5.252,5.198,5.251,64095.0,335046.5529
2025-12-17 12:00:00,5.251,5.348,5.207,5.239,443884.8,2339127.1069
2025-12-17 16:00:00,5.239,5.265,5.119,5.153,228368.9,1183180.4633
2025-12-17 20:00:00,5.153,5.168,5.085,5.129,163003.1,834686.5838
2025-12-18 00:00:00,5.129,5.157,5.093,5.101,97429.9,499334.705
2025-12-18 04:00:00,5.101,5.11,5.014,5.039,132165.6,669114.1258
2025-12-18 08:00:00,5.039,5.105,5.039,5.098,184800.9,938588.2461
2025-12-18 12:00:00,5.098,5.193,5.086,5.173,362952.9,1865749.1789
2025-12-18 16:00:00,5.173,5.191,4.957,4.972,446497.7,2260786.2323
2025-12-18 20:00:00,4.972,5.052,4.967,5.01,123393.3,617753.4684
2025-12-19 00:00:00,5.01,5.118,4.978,5.087,178464.6,901404.6017
2025-12-19 04:00:00,5.087,5.159,5.068,5.14,103186.3,527292.4932
2025-12-19 08:00:00,5.14,5.144,5.098,5.119,94458.8,483886.412
2025-12-19 12:00:00,5.119,5.169,5.085,5.111,131302.0,671730.4044
2025-12-19 16:00:00,5.111,5.167,5.099,5.152,138887.3,712771.5319
2025-12-19 20:00:00,5.152,5.166,5.125,5.158,78339.2,403145.6337
2025-12-20 00:00:00,5.158,5.158,5.127,5.129,98138.7,504218.9025
2025-12-20 04:00:00,5.129,5.164,5.093,5.16,117770.5,602852.2708
2025-12-20 08:00:00,5.16,5.179,5.133,5.15,84919.4,438075.6777
2025-12-20 12:00:00,5.15,5.152,5.112,5.12,74628.1,382642.6163
2025-12-20 16:00:00,5.12,5.126,5.098,5.101,45475.6,232427.468
2025-12-20 20:00:00,5.101,5.107,5.073,5.089,127002.3,646316.18
2025-12-21 00:00:00,5.089,5.106,5.057,5.102,172829.1,876982.1605
2025-12-21 04:00:00,5.102,5.141,5.094,5.119,61216.9,313435.7993
2025-12-21 08:00:00,5.119,5.15,5.105,5.12,96057.1,492603.9573
2025-12-21 12:00:00,5.12,5.129,5.001,5.026,261683.7,1319670.7083
2025-12-21 16:00:00,5.026,5.043,4.996,5.038,71568.8,359245.7171
2025-12-21 20:00:00,5.038,5.087,5.029,5.066,72336.8,365230.2932
2025-12-22 00:00:00,5.066,5.125,5.024,5.062,213438.3,1082062.1107
2025-12-22 04:00:00,5.062,5.09,5.015,5.064,291569.6,1470169.0615
2025-12-22 08:00:00,5.064,5.082,4.967,5.0,242636.4,1216138.5024
2025-12-22 12:00:00,5.0,5.06,4.991,5.049,177718.0,893228.6445
2025-12-22 16:00:00,5.049,5.058,4.969,4.981,131356.1,657304.9432
2025-12-22 20:00:00,4.981,4.987,4.931,4.976,156839.9,777534.3451
2025-12-23 00:00:00,4.976,4.992,4.922,4.938,399020.8,1978333.0994
2025-12-23 04:00:00,4.938,4.94,4.888,4.922,205505.8,1009272.5348
2025-12-23 08:00:00,4.922,4.964,4.917,4.945,73833.5,364484.1948
2025-12-23 12:00:00,4.945,4.961,4.895,4.91,226132.4,1114049.3804
2025-12-23 16:00:00,4.91,4.964,4.892,4.943,132649.5,654463.2498
2025-12-23 20:00:00,4.943,4.986,4.941,4.945,134364.1,667019.236
2025-12-24 00:00:00,4.945,4.958,4.896,4.928,130111.6,640613.4789
2025-12-24 04:00:00,4.928,4.937,4.839,4.847,265477.8,1295057.3297
2025-12-24 08:00:00,4.847,4.854,4.776,4.845,792222.0,3807618.7607
2025-12-24 12:00:00,4.845,4.891,4.808,4.884,174415.6,845743.3987
2025-12-24 16:00:00,4.884,4.908,4.869,4.908,125394.9,613061.7956
2025-12-24 20:00:00,4.908,4.955,4.907,4.914,127918.4,630375.0843
2025-12-25 00:00:00,4.914,4.951,4.914,4.945,107238.4,529063.931
2025-12-25 04:00:00,4.945,4.965,4.941,4.958,95815.8,474317.3599
2025-12-25 08:00:00,4.958,4.967,4.913,4.927,98452.1,485569.2164
2025-12-25 12:00:00,4.927,4.972,4.925,4.954,144659.6,715796.071
2025-12-25 16:00:00,4.954,4.981,4.94,4.949,105529.0,523110.6569
2025-12-25 20:00:00,4.949,4.957,4.856,4.87,135594.0,664171.4341
2025-12-26 00:00:00,4.87,4.964,4.849,4.939,161552.9,794469.9087
2025-12-26 04:00:00,4.939,4.975,4.921,4.932,79366.9,392611.9583
2025-12-26 08:00:00,4.932,4.948,4.913,4.914,78116.6,385112.3979
2025-12-26 12:00:00,4.914,4.938,4.874,4.891,127219.8,623479.4168
2025-12-26 16:00:00,4.891,4.906,4.852,4.898,61314.3,298911.5925
2025-12-26 20:00:00,4.898,4.913,4.885,4.894,36372.2,178174.0767
2025-12-27 00:00:00,4.894,4.943,4.874,4.943,117768.2,577805.3342
2025-12-27 04:00:00,4.943,4.956,4.919,4.932,59374.8,292803.2469
2025-12-27 08:00:00,4.932,4.937,4.9,4.93,37454.2,184403.1853
2025-12-27 12:00:00,4.93,4.951,4.925,4.942,44424.8,219403.2461
2025-12-27 16:00:00,4.942,4.966,4.935,4.96,36918.7,182819.8638
2025-12-27 20:00:00,4.96,4.979,4.932,4.961,47941.6,237543.5246
2025-12-28 00:00:00,4.961,4.972,4.939,4.955,34205.6,169412.4152
2025-12-28 04:00:00,4.955,4.962,4.941,4.949,21314.0,105508.4029
2025-12-28 08:00:00,4.949,4.955,4.915,4.938,57155.3,281844.2406
2025-12-28 12:00:00,4.938,5.006,4.927,4.942,221090.5,1099747.597
2025-12-28 16:00:00,4.942,4.953,4.875,4.911,114793.5,564300.5491
2025-12-28 20:00:00,4.911,4.934,4.898,4.925,51476.5,252930.5523
2025-12-29 00:00:00,4.925,5.032,4.914,5.03,183346.6,910840.8046
2025-12-29 04:00:00,5.03,5.041,4.975,5.0,154241.1,772143.2102
2025-12-29 08:00:00,5.0,5.022,4.946,4.959,215422.9,1073274.8397
2025-12-29 12:00:00,4.959,4.971,4.905,4.937,195859.7,967244.4515
2025-12-29 16:00:00,4.937,4.94,4.897,4.91,136070.7,669145.5488
2025-12-29 20:00:00,4.91,4.942,4.902,4.916,91437.5,450261.0902
2025-12-30 00:00:00,4.916,4.936,4.885,4.91,103846.2,509871.0307
2025-12-30 04:00:00,4.91,4.919,4.876,4.906,56382.1,276299.6283
2025-12-30 08:00:00,4.906,4.948,4.905,4.936,114041.0,562306.4517
2025-12-30 12:00:00,4.936,4.969,4.91,4.934,128059.7,632677.1638
2025-12-30 16:00:00,4.934,4.939,4.893,4.926,114712.9,564188.4107
2025-12-30 20:00:00,4.926,4.927,4.89,4.906,40659.1,199327.5271
2025-12-31 00:00:00,4.906,4.963,4.882,4.963,79901.0,392848.2229
2025-12-31 04:00:00,4.963,4.969,4.927,4.94,46816.0,231375.1888
2025-12-31 08:00:00,4.94,4.959,4.925,4.957,106871.8,528310.4357
2025-12-31 12:00:00,4.957,4.959,4.889,4.901,250684.3,1233642.2384
2025-12-31 16:00:00,4.901,4.901,4.784,4.799,485331.7,2340701.9976
2025-12-31 20:00:00,4.799,4.83,4.78,4.796,50342.9,242018.5599
2026-01-01 00:00:00,4.796,4.822,4.671,4.727,363132.2,1721548.1808
2026-01-01 04:00:00,4.727,4.733,4.7,4.724,74849.9,353145.7531
2026-01-01 08:00:00,4.724,4.747,4.698,4.729,155854.9,735028.8804
2026-01-01 12:00:00,4.729,4.761,4.71,4.744,100267.6,474543.061
2026-01-01 16:00:00,4.744,4.821,4.734,4.817,185343.3,885858.2836
2026-01-01 20:00:00,4.817,4.918,4.803,4.889,160331.5,779864.4733
2026-01-02 00:00:00,4.889,4.895,4.831,4.874,162646.0,789836.7991
2026-01-02 04:00:00,4.874,4.887,4.838,4.86,120644.3,586887.8416
2026-01-02 08:00:00,4.86,4.972,4.856,4.923,266057.6,1312207.89
2026-01-02 12:00:00,4.923,5.0,4.915,4.98,313905.5,1560576.7201
2026-01-02 16:00:00,4.98,5.044,4.972,5.013,241757.1,1211989.2551
2026-01-02 20:00:00,5.013,5.069,4.995,5.048,163359.5,822939.8501
2026-01-03 00:00:00,5.048,5.112,5.047,5.109,232023.0,1177511.8435
2026-01-03 04:00:00,5.109,5.112,4.947,4.966,252018.3,1264298.8467
2026-01-03 08:00:00,4.966,5.034,4.957,5.029,161735.5,808158.9473
2026-01-03 12:00:00,5.029,5.095,5.001,5.089,287623.2,1451399.4139
2026-01-03 16:00:00,5.089,5.637,5.085,5.344,2802506.2,15104282.6766
2026-01-03 20:00:00,5.344,5.349,5.208,5.261,611553.0,3235199.1561
2026-01-04 00:00:00,5.261,5.42,5.254,5.418,535807.1,2859699.094
2026-01-04 04:00:00,5.418,5.445,5.338,5.399,809500.1,4364677.4791
2026-01-04 08:00:00,5.399,5.508,5.365,5.458,1116266.6,6080965.0378
2026-01-04 12:00:00,5.458,5.484,5.363,5.43,679832.7,3681047.4953
2026-01-04 16:00:00,5.43,5.455,5.355,5.392,554919.9,3004702.7499
2026-01-04 20:00:00,5.392,5.428,5.359,5.415,238739.5,1288842.0596
2026-01-05 00:00:00,5.415,5.532,5.357,5.494,848845.8,4637561.6181
2026-01-05 04:00:00,5.494,5.574,5.381,5.55,549721.1,3003162.7491
2026-01-05 08:00:00,5.55,5.581,5.431,5.476,513125.5,2818674.4236
2026-01-05 12:00:00,5.476,5.542,5.437,5.501,645817.7,3547827.7746
2026-01-05 16:00:00,5.501,5.584,5.463,5.566,400096.1,2212872.1261
2026-01-05 20:00:00,5.566,5.683,5.556,5.618,419864.0,2356620.4737
2026-01-06 00:00:00,5.618,5.64,5.522,5.635,375411.4,2090691.365
2026-01-06 04:00:00,5.635,5.638,5.478,5.486,357895.0,1987226.9262
2026-01-06 08:00:00,5.486,5.538,5.43,5.528,650884.4,3561636.6036
2026-01-06 12:00:00,5.528,5.655,5.493,5.519,497287.2,2772947.7142
2026-01-06 16:00:00,5.519,5.533,5.297,5.382,810816.5,4380408.1043
2026-01-06 20:00:00,5.382,5.488,5.382,5.481,251765.0,1369537.0556
2026-01-07 00:00:00,5.481,5.514,5.412,5.477,283438.6,1546973.4921
2026-01-07 04:00:00,5.477,5.516,5.441,5.492,157149.1,859833.6018
2026-01-07 08:00:00,5.492,5.543,5.441,5.488,206130.1,1132213.6094
2026-01-07 12:00:00,5.488,5.513,5.383,5.402,412652.7,2240507.1773
2026-01-07 16:00:00,5.402,5.457,5.358,5.39,167432.0,904944.3695
2026-01-07 20:00:00,5.39,5.4,5.31,5.36,156639.1,838884.6108
2026-01-08 00:00:00,5.36,5.433,5.348,5.384,230867.4,1246005.7878
2026-01-08 04:00:00,5.384,5.43,5.264,5.357,444839.4,2371598.2708
2026-01-08 08:00:00,5.357,5.37,5.266,5.325,287176.6,1525514.9256
2026-01-08 12:00:00,5.325,5.431,5.237,5.409,366054.9,1942082.3218
2026-01-08 16:00:00,5.409,5.428,5.359,5.373,192576.2,1038902.5834
2026-01-08 20:00:00,5.373,5.405,5.335,5.355,128708.8,691109.645
2026-01-09 00:00:00,5.355,5.411,5.336,5.383,128288.5,688641.2293
2026-01-09 04:00:00,5.383,5.392,5.346,5.346,63460.2,340786.5773
2026-01-09 08:00:00,5.346,5.37,5.28,5.347,147123.4,783425.7254
2026-01-09 12:00:00,5.347,5.413,5.313,5.374,292013.4,1564403.7379
2026-01-09 16:00:00,5.374,5.502,5.373,5.407,295291.0,1601577.0375
2026-01-09 20:00:00,5.407,5.49,5.395,5.433,87960.1,478558.2298
2026-01-10 00:00:00,5.433,5.486,5.364,5.382,159898.9,864537.8499
2026-01-10 04:00:00,5.382,5.435,5.37,5.43,66822.7,360636.4333
2026-01-10 08:00:00,5.43,5.437,5.393,5.405,55891.9,302633.1977
2026-01-10 12:00:00,5.405,5.461,5.405,5.417,130578.6,709213.9892
2026-01-10 16:00:00,5.417,5.428,5.379,5.42,60345.6,326015.0725
2026-01-10 20:00:00,5.42,5.446,5.384,5.4,58866.2,318820.1266
2026-01-11 00:00:00,5.4,5.405,5.377,5.401,85516.4,460995.7664
2026-01-11 04:00:00,5.401,5.452,5.391,5.423,87468.4,474411.287
2026-01-11 08:00:00,5.423,5.546,5.413,5.543,261248.1,1433788.4064
2026-01-11 12:00:00,5.543,5.694,5.51,5.523,909949.3,5101858.7884
2026-01-11 16:00:00,5.523,5.551,5.462,5.471,118342.5,650769.2034
2026-01-11 20:00:00,5.471,5.471,5.378,5.443,174696.8,947137.483
2026-01-12 00:00:00,5.443,5.526,5.389,5.456,275841.2,1509789.5012
2026-01-12 04:00:00,5.456,5.498,5.411,5.431,113281.1,617506.9319
2026-01-12 08:00:00,5.431,5.459,5.322,5.369,275265.0,1482158.0348
2026-01-12 12:00:00,5.369,5.381,5.297,5.373,195948.4,1047745.8709
2026-01-12 16:00:00,5.373,5.432,5.343,5.386,110031.8,592698.7304
2026-01-12 20:00:00,5.386,5.404,5.329,5.34,51703.3,276957.9028
2026-01-13 00:00:00,5.34,5.385,5.34,5.362,58979.5,316420.8506
2026-01-13 04:00:00,5.362,5.412,5.353,5.396,86935.4,467883.308
2026-01-13 08:00:00,5.396,5.489,5.396,5.478,303122.2,1651099.3669
2026-01-13 12:00:00,5.478,5.58,5.46,5.557,497954.3,2744248.5009
2026-01-13 16:00:00,5.557,5.589,5.51,5.581,285787.1,1586497.9852
2026-01-13 20:00:00,5.581,5.683,5.549,5.665,480916.0,2701626.3496
2026-01-14 00:00:00,5.665,5.769,5.664,5.754,299517.2,1713251.4568
2026-01-14 04:00:00,5.754,5.783,5.653,5.691,225539.8,1288914.9882
2026-01-14 08:00:00,5.691,5.71,5.627,5.641,133863.5,758896.5516
2026-01-14 12:00:00,5.641,5.706,5.605,5.668,430837.8,2438904.3847
2026-01-14 16:00:00,5.668,5.707,5.567,5.59,448480.1,2523760.1543
2026-01-14 20:00:00,5.59,5.621,5.538,5.556,392394.9,2190128.1378
2026-01-15 00:00:00,5.556,5.56,5.416,5.435,310157.1,1699644.4068
2026-01-15 04:00:00,5.435,5.502,5.432,5.488,127608.2,697650.0797
2026-01-15 08:00:00,5.488,5.508,5.444,5.45,180398.3,988735.9146
2026-01-15 12:00:00,5.45,5.49,5.355,5.43,260793.0,1414247.3408
2026-01-15 16:00:00,5.43,5.437,5.31,5.349,178683.9,959734.8884
2026-01-15 20:00:00,5.349,5.372,5.319,5.358,49120.8,262880.1326
2026-01-16 00:00:00,5.358,5.38,5.344,5.35,57317.9,307369.5242
2026-01-16 04:00:00,5.35,5.378,5.309,5.377,123651.2,661020.8215
2026-01-16 08:00:00,5.377,5.433,5.365,5.392,251014.3,1356066.5206
2026-01-16 12:00:00,5.392,5.404,5.287,5.315,304198.6,1623088.2583
2026-01-16 16:00:00,5.315,5.383,5.307,5.347,112737.7,602936.0148
2026-01-16 20:00:00,5.347,5.406,5.325,5.384,167000.5,897595.3641
2026-01-17 00:00:00,5.384,5.405,5.361,5.375,65666.5,353226.6338
2026-01-17 04:00:00,5.375,5.385,5.358,5.377,26047.2,139969.5816
2026-01-17 08:00:00,5.377,5.387,5.356,5.362,71135.4,382225.986
2026-01-17 12:00:00,5.362,5.466,5.36,5.453,214096.2,1159746.8696
2026-01-17 16:00:00,5.453,5.455,5.339,5.353,275001.6,1479781.7456
2026-01-17 20:00:00,5.353,5.363,5.264,5.314,237644.6,1257853.2811
2026-01-18 00:00:00,5.314,5.336,5.271,5.286,95136.4,503717.4759
2026-01-18 04:00:00,5.286,5.289,5.254,5.259,37651.2,198485.9754
2026-01-18 08:00:00,5.259,5.279,5.222,5.228,93262.8,490165.4036
2026-01-18 12:00:00,5.228,5.246,5.131,5.18,460229.7,2383768.7378
2026-01-18 16:00:00,5.18,5.207,5.149,5.176,236777.9,1226604.3831
2026-01-18 20:00:00,5.176,5.198,5.05,5.082,455698.3,2339373.8883
2026-01-19 00:00:00,5.082,5.084,4.562,4.951,3954470.5,19108303.0195
2026-01-19 04:00:00,4.951,4.971,4.925,4.964,131086.2,648318.9006
2026-01-19 08:00:00,4.964,4.989,4.953,4.963,78731.9,391323.4031
2026-01-19 12:00:00,4.963,5.011,4.947,4.976,270190.8,1345348.1109
2026-01-19 16:00:00,4.976,5.023,4.972,5.016,71408.6,356576.6017
2026-01-19 20:00:00,5.016,5.029,4.968,5.006,95189.3,475063.9824
2026-01-20 00:00:00,5.006,5.013,4.972,4.996,78897.9,393902.9543
2026-01-20 04:00:00,4.996,5.017,4.945,4.953,157648.9,785760.0031
2026-01-20 08:00:00,4.953,4.96,4.907,4.922,216076.2,1065969.1588
2026-01-20 12:00:00,4.922,4.971,4.894,4.935,230191.6,1134084.8702
2026-01-20 16:00:00,4.935,4.944,4.823,4.856,243094.5,1186919.3253
2026-01-20 20:00:00,4.856,4.876,4.774,4.828,136509.2,658592.2478
2026-01-21 00:00:00,4.828,4.919,4.828,4.892,138657.6,678699.6669
2026-01-21 04:00:00,4.892,4.943,4.891,4.93,76789.5,378303.3858
2026-01-21 08:00:00,4.93,4.945,4.851,4.857,102243.1,500009.2666
2026-01-21 12:00:00,4.857,4.944,4.83,4.936,225186.6,1103093.711
2026-01-21 16:00:00,4.936,4.942,4.8,4.929,387065.4,1883996.0536
2026-01-21 20:00:00,4.929,4.994,4.903,4.937,293511.7,1454040.6148
2026-01-22 00:00:00,4.937,4.976,4.929,4.935,92239.3,457112.0474
2026-01-22 04:00:00,4.935,4.939,4.875,4.875,99166.6,486469.9414
2026-01-22 08:00:00,4.875,4.888,4.856,4.861,96085.9,468429.3816
2026-01-22 12:00:00,4.861,4.885,4.825,4.856,151025.3,732728.28
2026-01-22 16:00:00,4.856,4.9,4.85,4.877,101485.0,494852.1491
2026-01-22 20:00:00,4.877,4.884,4.827,4.84,69375.6,336512.1249
2026-01-23 00:00:00,4.84,4.888,4.829,4.88,107496.9,523094.789
2026-01-23 04:00:00,4.88,4.892,4.854,4.871,47980.8,234188.4396
2026-01-23 08:00:00,4.871,4.88,4.853,4.867,48223.2,234778.1951
2026-01-23 12:00:00,4.867,4.881,4.808,4.879,132613.3,642086.4613
2026-01-23 16:00:00,4.879,4.919,4.843,4.851,252703.5,1234559.7164
2026-01-23 20:00:00,4.851,4.867,4.827,4.853,77261.2,374340.5477
2026-01-24 00:00:00,4.853,4.883,4.843,4.872,31528.7,153298.9477
2026-01-24 04:00:00,4.872,4.893,4.865,4.886,56192.9,274239.5903
2026-01-24 08:00:00,4.886,4.989,4.883,4.944,292754.2,1441667.4146
2026-01-24 12:00:00,4.944,5.0,4.928,4.94,227326.3,1129549.4705
2026-01-24 16:00:00,4.94,4.948,4.912,4.936,167181.5,824411.8467
2026-01-24 20:00:00,4.936,4.959,4.93,4.937,97629.8,482567.6123
2026-01-25 00:00:00,4.937,4.946,4.904,4.924,128935.9,635122.6535
2026-01-25 04:00:00,4.924,4.935,4.904,4.91,55420.9,272630.3988
2026-01-25 08:00:00,4.91,4.922,4.874,4.885,81680.0,399638.1698
2026-01-25 12:00:00,4.885,4.909,4.861,4.868,127893.0,623890.7407
2026-01-25 16:00:00,4.868,4.868,4.683,4.706,818887.7,3905442.4701
2026-01-25 20:00:00,4.706,4.762,4.702,4.761,167428.7,792256.1067
2026-01-26 00:00:00,4.761,4.821,4.753,4.797,124703.9,597870.7894
2026-01-26 04:00:00,4.797,4.848,4.797,4.832,74214.7,358480.004
2026-01-26 08:00:00,4.832,4.857,4.803,4.812,126778.9,612368.0267
2026-01-26 12:00:00,4.812,4.863,4.8,4.817,129258.2,624097.4739
2026-01-26 16:00:00,4.817,4.839,4.796,4.817,88444.1,426047.5899
2026-01-26 20:00:00,4.817,4.82,4.785,4.803,65706.2,315746.2331
2026-01-27 00:00:00,4.803,4.82,4.79,4.802,51588.8,247815.4007
2026-01-27 04:00:00,4.802,4.819,4.759,4.763,108261.4,516601.6091
2026-01-27 08:00:00,4.763,4.777,4.754,4.757,79010.5,376486.2374
2026-01-27 12:00:00,4.757,4.78,4.73,4.78,171982.7,816781.8664
2026-01-27 16:00:00,4.78,4.82,4.743,4.788,182823.8,873859.7727
2026-01-27 20:00:00,4.788,4.823,4.785,4.798,80835.0,388553.756
2026-01-28 00:00:00,4.798,4.804,4.735,4.756,109185.1,520145.8407
2026-01-28 04:00:00,4.756,4.792,4.743,4.773,55475.3,264266.6862
2026-01-28 08:00:00,4.773,4.829,4.757,4.822,85794.3,411218.2509
2026-01-28 12:00:00,4.822,4.824,4.747,4.761,145206.1,694028.1688
2026-01-28 16:00:00,4.761,4.764,4.71,4.752,101195.3,479333.4365
2026-01-28 20:00:00,4.752,4.791,4.713,4.754,92882.9,441914.8987
2026-01-29 00:00:00,4.754,4.758,4.691,4.698,141777.6,668854.2168
2026-01-29 04:00:00,4.698,4.716,4.678,4.687,80382.3,377649.9181
2026-01-29 08:00:00,4.687,4.7,4.64,4.645,79186.6,369378.5829
2026-01-29 12:00:00,4.645,4.652,4.536,4.579,342673.9,1571468.7129
2026-01-29 16:00:00,4.579,4.632,4.502,4.539,235785.2,1074030.62
2026-01-29 20:00:00,4.539,4.577,4.536,4.575,83515.3,380915.3169
2026-01-30 00:00:00,4.575,4.594,4.421,4.51,639770.3,2869061.7987
2026-01-30 04:00:00,4.51,4.546,4.473,4.537,91287.0,413009.7239
2026-01-30 08:00:00,4.537,4.552,4.462,4.537,241405.1,1085968.1306
2026-01-30 12:00:00,4.537,4.567,4.498,4.542,216288.8,979385.0448
2026-01-30 16:00:00,4.542,4.584,4.475,4.561,186010.1,843573.1766
2026-01-30 20:00:00,4.561,4.563,4.425,4.458,212066.1,953618.0248
2026-01-31 00:00:00,4.458,4.508,4.454,4.496,98671.8,442082.3006
2026-01-31 04:00:00,4.496,4.512,4.44,4.477,87098.4,389105.8067
2026-01-31 08:00:00,4.477,4.478,4.407,4.424,227531.4,1009638.2125
2026-01-31 12:00:00,4.424,4.425,4.274,4.354,485864.0,2102048.4035
2026-01-31 16:00:00,4.354,4.381,4.101,4.192,2677599.2,11338759.4266
2026-01-31 20:00:00,4.192,4.253,4.148,4.247,325121.0,1365170.6351
2026-02-01 00:00:00,4.247,4.264,4.22,4.244,153662.4,651340.0431
2026-02-01 04:00:00,4.244,4.253,4.186,4.229,127152.6,536673.3928
2026-02-01 08:00:00,4.229,4.252,4.171,4.213,116578.8,491194.2871
2026-02-01 12:00:00,4.213,4.218,4.092,4.128,298906.9,1243839.2728
2026-02-01 16:00:00,4.128,4.173,4.085,4.125,205650.9,849208.158
2026-02-01 20:00:00,4.125,4.174,4.072,4.131,469187.2,1935756.8907
2026-02-02 00:00:00,4.131,4.188,4.042,4.137,434460.4,1787395.6783
2026-02-02 04:00:00,4.137,4.161,4.027,4.134,557235.4,2284005.5154
2026-02-02 08:00:00,4.134,4.182,4.127,4.162,190300.4,790842.717
2026-02-02 12:00:00,4.162,4.255,4.162,4.241,292076.5,1230283.0804
2026-02-02 16:00:00,4.241,4.252,4.222,4.232,116768.4,494940.4611
2026-02-02 20:00:00,4.232,4.274,4.221,4.267,81467.9,346408.1648
2026-02-03 00:00:00,4.267,4.276,4.195,4.241,147221.4,623575.679
2026-02-03 04:00:00,4.241,4.27,4.219,4.265,191231.3,812489.7759
2026-02-03 08:00:00,4.265,4.274,4.216,4.219,95064.1,403124.7028
2026-02-03 12:00:00,4.219,4.261,4.159,4.229,456691.6,1921245.9003
2026-02-03 16:00:00,4.229,4.23,4.078,4.206,451539.7,1875523.4733
2026-02-03 20:00:00,4.206,4.29,4.17,4.208,329225.1,1396350.2758
2026-02-04 00:00:00,4.208,4.267,4.202,4.261,66779.5,282915.867
2026-02-04 04:00:00,4.261,4.267,4.218,4.228,70306.1,298259.3756
2026-02-04 08:00:00,4.228,4.232,4.19,4.217,139318.7,586558.3356
2026-02-04 12:00:00,4.217,4.219,4.107,4.134,298301.2,1240902.345
2026-02-04 16:00:00,4.134,4.182,4.084,4.178,346522.6,1430489.6363
2026-02-04 20:00:00,4.178,4.181,4.096,4.141,135421.0,560551.4389
2026-02-05 00:00:00,4.141,4.167,4.105,4.11,262950.8,1088070.3687
2026-02-05 04:00:00,4.11,4.135,4.074,4.081,149085.9,611878.3243
2026-02-05 08:00:00,4.081,4.127,3.987,4.021,477349.5,1946757.1307
2026-02-05 12:00:00,4.021,4.057,3.467,3.729,2810415.8,10441140.5625
2026-02-05 16:00:00,3.729,3.764,3.547,3.553,959544.3,3516796.2468
2026-02-05 20:00:00,3.553,3.576,3.418,3.425,1131076.2,3955847.6425
2026-02-06 00:00:00,3.425,3.469,3.027,3.357,4488260.8,14583760.2635
2026-02-06 04:00:00,3.357,3.449,3.242,3.258,597315.5,1991700.95
2026-02-06 08:00:00,3.258,3.384,3.198,3.359,543001.0,1782856.7724
2026-02-06 12:00:00,3.359,3.511,3.297,3.458,693970.7,2377220.6985
2026-02-06 16:00:00,3.458,3.574,3.45,3.537,557629.4,1966916.2424
2026-02-06 20:00:00,3.537,3.546,3.461,3.502,442027.4,1549666.2391
2026-02-07 00:00:00,3.502,3.502,3.36,3.391,520249.6,1776251.3755
2026-02-07 04:00:00,3.391,3.398,3.256,3.306,560121.1,1870511.6418
2026-02-07 08:00:00,3.306,3.343,3.289,3.298,206605.6,685841.8035
2026-02-07 12:00:00,3.298,3.411,3.292,3.385,274618.3,926824.9971
2026-02-07 16:00:00,3.385,3.485,3.373,3.431,2043085.2,6982605.9967
2026-02-07 20:00:00,3.431,3.474,3.415,3.424,135701.1,467796.3209
2026-02-08 00:00:00,3.424,3.426,3.368,3.377,176214.3,597644.9389
2026-02-08 04:00:00,3.377,3.419,3.366,3.385,151548.2,513672.2794
2026-02-08 08:00:00,3.385,3.43,3.349,3.403,380844.5,1288298.4321
2026-02-08 12:00:00,3.403,3.413,3.356,3.366,257715.9,873980.9403
2026-02-08 16:00:00,3.366,3.372,3.268,3.324,331268.5,1097832.8439
2026-02-08 20:00:00,3.324,3.432,3.304,3.353,414531.4,1389044.716
2026-02-09 00:00:00,3.353,3.433,3.311,3.427,213934.8,719770.041
2026-02-09 04:00:00,3.427,3.455,3.369,3.378,218825.4,747393.296
2026-02-09 08:00:00,3.378,3.383,3.245,3.28,260836.2,861762.7672
2026-02-09 12:00:00,3.28,3.355,3.268,3.35,260863.0,862878.0154
2026-02-09 16:00:00,3.35,3.41,3.329,3.407,359159.8,1214037.9428
2026-02-09 20:00:00,3.407,3.421,3.344,3.358,133394.7,451030.5112
2026-02-10 00:00:00,3.358,3.376,3.283,3.311,416310.3,1380566.9713
2026-02-10 04:00:00,3.311,3.333,3.283,3.288,283246.0,936483.7792
2026-02-10 08:00:00,3.288,3.296,3.255,3.276,169811.9,556897.5616
2026-02-10 12:00:00,3.276,3.316,3.253,3.303,270662.2,890281.8325
2026-02-10 16:00:00,3.303,3.311,3.212,3.252,310196.5,1013263.9755
2026-02-10 20:00:00,3.252,3.274,3.22,3.232,156544.2,508947.6102
2026-02-11 00:00:00,3.232,3.275,3.221,3.238,146996.7,477572.467
2026-02-11 04:00:00,3.238,3.242,3.113,3.127,316306.8,1001391.1399
2026-02-11 08:00:00,3.127,3.145,3.111,3.126,185893.5,581134.5279
2026-02-11 12:00:00,3.126,3.247,3.078,3.131,770908.5,2433252.163
2026-02-11 16:00:00,3.131,3.215,3.124,3.194,478744.7,1519918.4846
2026-02-11 20:00:00,3.194,3.264,3.182,3.216,254940.3,823763.157
2026-02-12 00:00:00,3.216,3.285,3.216,3.264,146756.9,476671.2392
2026-02-12 04:00:00,3.264,3.322,3.225,3.321,217248.5,710999.9569
2026-02-12 08:00:00,3.321,3.347,3.288,3.322,320329.3,1062735.969
2026-02-12 12:00:00,3.322,3.327,3.241,3.244,356156.4,1169038.7389
2026-02-12 16:00:00,3.244,3.27,3.193,3.229,405842.6,1306839.1476
2026-02-12 20:00:00,3.229,3.299,3.199,3.288,132213.4,430505.7213
2026-02-13 00:00:00,3.288,3.297,3.241,3.268,177631.5,581297.7715
2026-02-13 04:00:00,3.268,3.281,3.241,3.264,133360.4,434725.532
2026-02-13 08:00:00,3.264,3.324,3.263,3.3,141192.0,466347.2081
2026-02-13 12:00:00,3.3,3.385,3.286,3.352,449006.3,1498895.6947
2026-02-13 16:00:00,3.352,3.424,3.347,3.407,195859.9,664119.1072
2026-02-13 20:00:00,3.407,3.426,3.398,3.417,130884.7,446494.0183
2026-02-14 00:00:00,3.417,3.483,3.407,3.461,152766.8,526185.7221
2026-02-14 04:00:00,3.461,3.463,3.405,3.416,172953.6,592334.3701
2026-02-14 08:00:00,3.416,3.481,3.415,3.481,139653.3,480920.6242
2026-02-14 12:00:00,3.481,3.526,3.441,3.524,213836.9,743986.6733
2026-02-14 16:00:00,3.524,3.625,3.507,3.618,461278.8,1642837.6677
2026-02-14 20:00:00,3.618,3.641,3.57,3.583,321473.4,1161353.4158
2026-02-15 00:00:00,3.583,3.59,3.519,3.566,351340.9,1250223.7965
2026-02-15 04:00:00,3.566,3.608,3.562,3.58,317848.8,1139591.5198
2026-02-15 08:00:00,3.58,3.585,3.477,3.493,382531.9,1345985.8783
2026-02-15 12:00:00,3.493,3.497,3.391,3.437,493516.1,1696163.3857
2026-02-15 16:00:00,3.437,3.445,3.354,3.372,598294.7,2028045.362
2026-02-15 20:00:00,3.372,3.43,3.363,3.418,295723.2,1005197.7466
2026-02-16 00:00:00,3.418,3.598,3.411,3.501,1833959.8,6427206.8297
2026-02-16 04:00:00,3.501,3.537,3.464,3.516,348709.2,1218419.2331
2026-02-16 08:00:00,3.516,3.587,3.383,3.412,586682.9,2042108.6256
2026-02-16 12:00:00,3.412,3.49,3.386,3.389,632479.1,2177168.8771
2026-02-16 16:00:00,3.389,3.432,3.385,3.389,200781.5,684092.9313
2026-02-16 20:00:00,3.389,3.407,3.366,3.379,409886.9,1387874.3471
2026-02-17 00:00:00,3.379,3.38,3.313,3.341,259770.2,869317.7922
2026-02-17 04:00:00,3.341,3.396,3.333,3.381,269259.1,906254.5939
2026-02-17 08:00:00,3.381,3.397,3.345,3.39,313801.5,1058316.7376
2026-02-17 12:00:00,3.39,3.456,3.351,3.412,539889.8,1841249.9147
2026-02-17 16:00:00,3.412,3.466,3.394,3.419,407003.1,1396571.8553
2026-02-17 20:00:00,3.419,3.454,3.403,3.452,169688.7,582277.6887
2026-02-18 00:00:00,3.452,3.584,3.431,3.572,396056.5,1382900.3257
2026-02-18 04:00:00,3.572,3.577,3.478,3.487,415495.8,1463415.356
2026-02-18 08:00:00,3.487,3.518,3.438,3.498,275708.3,956499.268
2026-02-18 12:00:00,3.498,3.591,3.467,3.501,964677.6,3402544.8263
2026-02-18 16:00:00,3.501,3.507,3.381,3.394,654119.2,2239582.625
2026-02-18 20:00:00,3.394,3.407,3.352,3.376,275919.7,932792.3864
2026-02-19 00:00:00,3.376,3.453,3.36,3.449,179130.5,609150.3926
2026-02-19 04:00:00,3.449,3.485,3.396,3.442,397208.9,1368456.2007
2026-02-19 08:00:00,3.442,3.442,3.373,3.403,255049.6,868234.5052
2026-02-19 12:00:00,3.403,3.426,3.364,3.396,416656.8,1414664.8525
2026-02-19 16:00:00,3.396,3.46,3.383,3.409,266251.0,909701.7514
2026-02-19 20:00:00,3.409,3.422,3.386,3.416,82569.3,281180.6512
2026-02-20 00:00:00,3.416,3.543,3.414,3.521,254737.8,887041.0511
2026-02-20 04:00:00,3.521,3.55,3.489,3.52,346672.3,1220020.5557
2026-02-20 08:00:00,3.52,3.802,3.51,3.708,2166884.3,7972443.7494
2026-02-20 12:00:00,3.708,3.709,3.455,3.564,1926552.2,6842806.5366
2026-02-20 16:00:00,3.564,3.583,3.478,3.561,501080.7,1773344.4917
2026-02-20 20:00:00,3.561,3.587,3.535,3.568,278676.5,991291.7949
2026-02-21 00:00:00,3.568,3.569,3.5,3.535,255835.5,902085.4978
2026-02-21 04:00:00,3.535,3.535,3.501,3.516,114833.9,403772.3393
2026-02-21 08:00:00,3.516,3.539,3.508,3.52,145077.2,511020.6805
2026-02-21 12:00:00,3.52,3.542,3.499,3.519,162507.7,571765.4762
2026-02-21 16:00:00,3.519,3.519,3.466,3.493,523873.1,1826763.454
2026-02-21 20:00:00,3.493,3.496,3.455,3.464,154921.6,538007.742
2026-02-22 00:00:00,3.464,3.464,3.382,3.395,286516.8,980109.8276
2026-02-22 04:00:00,3.395,3.462,3.374,3.425,561074.4,1920500.333
2026-02-22 08:00:00,3.425,3.43,3.406,3.42,79956.9,273305.5658
2026-02-22 12:00:00,3.42,3.423,3.344,3.39,252949.7,853838.0498
2026-02-22 16:00:00,3.39,3.395,3.367,3.371,80784.4,273197.5192
2026-02-22 20:00:00,3.371,3.389,3.354,3.387,73333.4,247129.7099
2026-02-23 00:00:00,3.387,3.39,3.188,3.221,1125477.6,3662054.2383
2026-02-23 04:00:00,3.221,3.293,3.203,3.279,161883.8,527839.3613
2026-02-23 08:00:00,3.279,3.36,3.246,3.339,388304.4,1287779.4427
2026-02-23 12:00:00,3.339,3.428,3.339,3.371,312901.7,1061470.0405
2026-02-23 16:00:00,3.371,3.382,3.293,3.31,307208.4,1024678.7869
2026-02-23 20:00:00,3.31,3.341,3.28,3.303,143546.0,475214.0826
2026-02-24 00:00:00,3.303,3.334,3.26,3.295,165823.9,547452.7755
2026-02-24 04:00:00,3.295,3.303,3.226,3.251,232380.3,756760.779
2026-02-24 08:00:00,3.251,3.275,3.233,3.267,125676.1,409096.741
2026-02-24 12:00:00,3.267,3.408,3.239,3.369,359285.8,1199402.4076
2026-02-24 16:00:00,3.369,3.453,3.342,3.45,288235.4,976684.6619
2026-02-24 20:00:00,3.45,3.492,3.345,3.36,311145.5,1066007.273
2026-02-25 00:00:00,3.36,3.486,3.34,3.396,341146.4,1169022.91
2026-02-25 04:00:00,3.396,3.411,3.366,3.399,256336.1,868348.7796
2026-02-25 08:00:00,3.399,3.443,3.388,3.437,139702.0,477988.6816
2026-02-25 12:00:00,3.437,3.568,3.43,3.538,354013.7,1243114.0427
2026-02-25 16:00:00,3.538,3.609,3.535,3.603,499463.3,1785450.1438
2026-02-25 20:00:00,3.603,3.632,3.479,3.526,312009.8,1112657.4954
2026-02-26 00:00:00,3.526,3.539,3.471,3.513,160693.9,564070.4267
2026-02-26 04:00:00,3.513,3.528,3.475,3.493,90251.6,315792.3161
2026-02-26 08:00:00,3.493,3.558,3.485,3.498,129327.0,456613.3281
2026-02-26 12:00:00,3.498,3.535,3.474,3.494,257143.6,900708.3255
2026-02-26 16:00:00,3.494,3.498,3.398,3.462,429256.7,1475364.7526
2026-02-26 20:00:00,3.462,3.482,3.438,3.463,47659.7,164917.7422
2026-02-27 00:00:00,3.463,3.472,3.381,3.415,310033.3,1065396.7388
2026-02-27 04:00:00,3.415,3.455,3.386,3.419,200025.0,684459.7271
2026-02-27 08:00:00,3.419,3.423,3.344,3.365,223829.9,756400.2691
2026-02-27 12:00:00,3.365,3.384,3.332,3.366,338970.0,1137806.333
2026-02-27 16:00:00,3.366,3.4,3.336,3.367,190393.1,641337.5036
2026-02-27 20:00:00,3.367,3.4,3.312,3.396,206240.7,692568.07
2026-02-28 00:00:00,3.396,3.41,3.368,3.369,71355.9,241930.8925
2026-02-28 04:00:00,3.369,3.374,3.214,3.292,628390.7,2068291.2029
2026-02-28 08:00:00,3.292,3.292,3.226,3.24,289324.2,941842.5048
2026-02-28 12:00:00,3.24,3.338,3.227,3.288,441065.6,1451432.7418
2026-02-28 16:00:00,3.288,3.366,3.25,3.353,330083.6,1087944.6544
2026-02-28 20:00:00,3.353,3.491,3.342,3.472,549714.8,1880085.9526
2026-03-01 00:00:00,3.472,3.686,3.422,3.579,1303825.6,4651090.8869
2026-03-01 04:00:00,3.579,3.588,3.506,3.557,545239.0,1936963.9916
2026-03-01 08:00:00,3.557,3.559,3.453,3.474,355840.9,1239047.787
2026-03-01 12:00:00,3.474,3.53,3.424,3.484,409926.0,1427143.0302
2026-03-01 16:00:00,3.484,3.512,3.391,3.399,896219.3,3078956.9875
2026-03-01 20:00:00,3.399,3.447,3.335,3.416,524942.1,1781548.1982
2026-03-02 00:00:00,3.416,3.489,3.414,3.454,288422.2,994500.7344
2026-03-02 04:00:00,3.454,3.456,3.383,3.411,306817.1,1048694.8912
2026-03-02 08:00:00,3.411,3.447,3.398,3.428,269395.2,921786.7777
2026-03-02 12:00:00,3.428,3.554,3.412,3.532,495900.1,1725372.099
2026-03-02 16:00:00,3.532,3.568,3.469,3.5,423642.5,1488188.7745
2026-03-02 20:00:00,3.5,3.557,3.461,3.481,290435.9,1022263.4812
2026-03-03 00:00:00,3.481,3.494,3.451,3.478,218116.6,756658.7524
2026-03-03 04:00:00,3.478,3.484,3.44,3.476,178822.6,618686.7203
2026-03-03 08:00:00,3.476,3.478,3.383,3.409,235134.0,803407.1102
2026-03-03 12:00:00,3.409,3.436,3.354,3.408,331226.8,1120269.3146
2026-03-03 16:00:00,3.408,3.465,3.393,3.412,341059.8,1166793.4995
2026-03-03 20:00:00,3.412,3.414,3.376,3.388,168591.9,572448.5424
2026-03-04 00:00:00,3.388,3.407,3.317,3.347,218032.2,733004.3287
2026-03-04 04:00:00,3.347,3.355,3.323,3.349,197164.8,658183.1368
2026-03-04 08:00:00,3.349,3.466,3.338,3.379,383806.1,1304596.6334
2026-03-04 12:00:00,3.379,3.472,3.351,3.47,761947.5,2591353.4076
2026-03-04 16:00:00,3.47,3.486,3.413,3.476,516830.3,1784708.3285
2026-03-04 20:00:00,3.476,3.478,3.402,3.428,415686.2,1430872.3841
2026-03-05 00:00:00,3.428,3.447,3.393,3.445,175469.3,599801.7022
2026-03-05 04:00:00,3.445,3.46,3.376,3.38,263569.9,899091.5527
2026-03-05 08:00:00,3.38,3.414,3.35,3.36,345107.9,1166455.1064
2026-03-05 12:00:00,3.36,3.381,3.273,3.282,710398.0,2366590.6867
2026-03-05 16:00:00,3.282,3.283,3.204,3.218,325880.4,1055809.0761
2026-03-05 20:00:00,3.218,3.239,3.186,3.229,243653.3,783657.2445
2026-03-06 00:00:00,3.229,3.274,3.196,3.274,187712.8,606903.3796
2026-03-06 04:00:00,3.274,3.276,3.204,3.241,149810.8,484494.2236
2026-03-06 08:00:00,3.241,3.241,3.162,3.176,251312.6,804160.2118
2026-03-06 12:00:00,3.176,3.195,3.097,3.124,714883.2,2252813.856
2026-03-06 16:00:00,3.124,3.151,3.106,3.125,174694.8,546919.0121
2026-03-06 20:00:00,3.125,3.152,3.115,3.129,144306.5,452570.3458
2026-03-07 00:00:00,3.129,3.144,3.104,3.107,150899.9,470489.6093
2026-03-07 04:00:00,3.107,3.12,3.084,3.093,162032.1,502578.4329
2026-03-07 08:00:00,3.093,3.104,3.068,3.07,232470.6,717697.7369
2026-03-07 12:00:00,3.07,3.073,3.008,3.028,295500.3,896383.3921
2026-03-07 16:00:00,3.028,3.056,3.015,3.024,114177.9,346996.5314
2026-03-07 20:00:00,3.024,3.038,2.964,2.995,172550.7,517213.6513
2026-03-08 00:00:00,2.995,3.0,2.942,2.967,231689.7,687247.817
2026-03-08 04:00:00,2.967,2.994,2.933,2.987,192998.5,572089.0658
2026-03-08 08:00:00,2.987,3.041,2.977,3.038,124492.9,374877.4683
2026-03-08 12:00:00,3.038,3.103,3.001,3.022,460732.8,1406417.6115
2026-03-08 16:00:00,3.022,3.027,2.987,3.014,151527.0,455071.429
2026-03-08 20:00:00,3.014,3.015,2.951,2.966,292309.5,872578.3324
2026-03-09 00:00:00,2.966,3.042,2.952,3.002,305517.7,913754.9034
2026-03-09 04:00:00,3.002,3.047,2.968,2.986,234997.6,708526.1116
2026-03-09 08:00:00,2.986,2.993,2.936,2.962,217998.3,645730.2212
2026-03-09 12:00:00,2.962,2.997,2.942,2.953,337861.5,1004119.858
2026-03-09 16:00:00,2.953,2.981,2.898,2.936,472618.2,1386366.0907
2026-03-09 20:00:00,2.936,2.942,2.866,2.88,441875.7,1281252.4068
2026-03-10 00:00:00,2.88,2.935,2.849,2.896,440270.1,1275953.1868
2026-03-10 04:00:00,2.896,2.93,2.886,2.91,230630.7,670525.1492
2026-03-10 08:00:00,2.91,2.934,2.88,2.901,564933.3,1643500.348
2026-03-10 12:00:00,2.901,2.978,2.871,2.969,753059.7,2194759.9011
2026-03-10 16:00:00,2.969,2.974,2.873,2.886,630265.3,1844514.8685
2026-03-10 20:00:00,2.886,2.919,2.885,2.902,156807.6,454786.4696
2026-03-11 00:00:00,2.902,2.937,2.881,2.937,276489.5,805090.6974
2026-03-11 04:00:00,2.937,2.945,2.893,2.902,212194.9,619074.372
2026-03-11 08:00:00,2.902,2.921,2.893,2.913,169062.2,491618.9074
2026-03-11 12:00:00,2.913,2.959,2.907,2.932,541227.4,1587747.121
2026-03-11 16:00:00,2.932,2.965,2.922,2.929,201906.9,593206.3802
2026-03-11 20:00:00,2.929,2.93,2.893,2.895,130197.5,379211.8634
2026-03-12 00:00:00,2.895,2.897,2.845,2.87,389928.6,1117305.2639
2026-03-12 04:00:00,2.87,2.876,2.824,2.867,277941.0,792962.61
2026-03-12 08:00:00,2.867,2.869,2.838,2.851,273799.6,780841.1567
2026-03-12 12:00:00,2.851,2.852,2.702,2.752,1516489.2,4200796.4751
2026-03-12 16:00:00,2.752,3.106,2.745,2.922,3538701.6,10445599.2585
2026-03-12 20:00:00,2.922,3.003,2.881,2.93,1536562.0,4503290.4852
2026-03-13 00:00:00,2.93,3.06,2.908,3.046,936938.1,2776816.9195
2026-03-13 04:00:00,3.046,3.693,3.044,3.565,5980206.2,20243522.5104
2026-03-13 08:00:00,3.565,4.466,3.536,4.321,16333529.9,66131625.6225
2026-03-13 12:00:00,4.321,4.41,3.71,3.774,18930306.9,77463864.511
2026-03-13 16:00:00,3.774,3.941,3.719,3.832,7408122.9,28400734.7659
2026-03-13 20:00:00,3.832,3.923,3.757,3.856,4004881.9,15364459.1505
2026-03-14 00:00:00,3.856,4.346,3.657,4.284,14538605.3,58032553.1345
2026-03-14 04:00:00,4.284,4.309,3.947,4.058,11049016.9,45364763.0363
2026-03-14 08:00:00,4.058,4.061,3.83,4.006,8122492.2,31966529.9421
2026-03-14 12:00:00,4.006,4.1,3.894,4.023,5945929.5,23765173.3921
2026-03-14 16:00:00,4.023,4.135,3.96,4.014,3625114.1,14633739.6262
2026-03-14 20:00:00,4.014,4.057,3.948,4.005,2852208.5,11426440.9446
2026-03-15 00:00:00,4.005,4.131,3.965,3.99,4333251.4,17520865.6821
2026-03-15 04:00:00,3.99,4.056,3.87,4.033,5665572.4,22381650.5055
2026-03-15 08:00:00,4.033,4.09,3.967,4.0,3706250.5,14917113.7914
2026-03-15 12:00:00,4.0,4.05,3.914,3.955,3181864.0,12644004.0995
2026-03-15 16:00:00,3.955,4.15,3.929,4.095,3428263.2,13810806.7916
2026-03-15 20:00:00,4.095,4.13,3.988,4.043,2912094.5,11798509.5808
2026-03-16 00:00:00,4.043,4.353,3.984,4.031,6828116.3,28136007.945
2026-03-16 04:00:00,4.031,4.046,3.942,3.992,2678427.2,10715506.1338
2026-03-16 08:00:00,3.992,4.005,3.826,3.896,2903255.5,11346335.7863
2026-03-16 12:00:00,3.896,3.906,3.763,3.825,3406787.5,13066304.2079
2026-03-16 16:00:00,3.825,3.932,3.819,3.904,1693922.6,6568592.5771
2026-03-16 20:00:00,3.904,3.921,3.851,3.899,1232893.6,4791506.5663
2026-03-17 00:00:00,3.899,3.969,3.768,3.786,2369427.8,9129379.06
2026-03-17 04:00:00,3.786,3.8,3.668,3.719,2710408.6,10126617.0525
2026-03-17 08:00:00,3.719,3.743,3.685,3.716,1056957.1,3925142.2021
2026-03-17 12:00:00,3.716,3.745,3.634,3.699,1993978.6,7374447.858
2026-03-17 16:00:00,3.699,3.716,3.672,3.677,539664.1,1994204.7504
2026-03-17 20:00:00,3.677,3.705,3.644,3.656,702360.2,2581970.2996
2026-03-18 00:00:00,3.656,3.763,3.611,3.712,1586289.6,5847558.4702
2026-03-18 04:00:00,3.712,3.755,3.655,3.705,1049603.7,3891292.9257
2026-03-18 08:00:00,3.705,3.714,3.584,3.606,1605127.3,5860211.7546
2026-03-18 12:00:00,3.606,3.614,3.403,3.436,2631075.9,9238329.7095
2026-03-18 16:00:00,3.436,3.558,3.416,3.501,1349257.1,4713785.9144
2026-03-18 20:00:00,3.501,3.502,3.467,3.481,552244.4,1923760.3323
2026-03-19 00:00:00,3.481,3.533,3.462,3.466,839223.2,2931732.3328
2026-03-19 04:00:00,3.466,3.483,3.383,3.428,948678.9,3258206.5504
2026-03-19 08:00:00,3.428,3.471,3.41,3.418,741757.6,2552273.7867
2026-03-19 12:00:00,3.418,3.42,3.332,3.366,1689175.1,5693471.7168
2026-03-19 16:00:00,3.366,3.375,3.299,3.332,874758.5,2920579.0948
2026-03-19 20:00:00,3.332,3.379,3.313,3.344,886918.6,2971422.7577
2026-03-20 00:00:00,3.344,3.443,3.339,3.398,942763.7,3196372.9548
2026-03-20 04:00:00,3.398,3.405,3.314,3.34,760076.8,2543989.9811
2026-03-20 08:00:00,3.34,3.364,3.315,3.339,759276.1,2533198.6406
2026-03-20 12:00:00,3.339,3.356,3.288,3.329,839488.2,2788725.4392
2026-03-20 16:00:00,3.329,3.358,3.307,3.335,399325.9,1332059.2336
2026-03-20 20:00:00,3.335,3.375,3.316,3.344,462983.1,1550508.7687
2026-03-21 00:00:00,3.344,3.378,3.326,3.358,418413.4,1400903.7255
2026-03-21 04:00:00,3.358,3.395,3.342,3.344,770066.3,2591023.3915
2026-03-21 08:00:00,3.344,3.371,3.33,3.35,501645.1,1680211.3692
2026-03-21 12:00:00,3.35,3.383,3.328,3.371,444562.5,1491960.1371
2026-03-21 16:00:00,3.371,3.381,3.334,3.34,265801.9,890524.5857
2026-03-21 20:00:00,3.34,3.362,3.224,3.252,780297.2,2570575.3693
2026-03-22 00:00:00,3.252,3.312,3.193,3.268,1048953.5,3418443.1244
2026-03-22 04:00:00,3.268,3.287,3.214,3.215,647595.4,2111972.9232
2026-03-22 08:00:00,3.215,3.218,3.156,3.176,923109.3,2937423.15
2026-03-22 12:00:00,3.176,3.202,3.173,3.187,367072.6,1169147.2038
2026-03-22 16:00:00,3.187,3.246,3.181,3.203,730233.1,2345708.1637
2026-03-22 20:00:00,3.203,3.229,3.153,3.192,810459.3,2588644.251
2026-03-23 00:00:00,3.192,3.233,3.172,3.204,522675.1,1674785.9243
2026-03-23 04:00:00,3.204,3.216,3.163,3.172,348629.6,1112299.9585
2026-03-23 08:00:00,3.172,3.335,3.141,3.242,1894262.4,6162142.9516
2026-03-23 12:00:00,3.242,3.315,3.221,3.239,908917.3,2968736.3499
2026-03-23 16:00:00,3.239,3.322,3.239,3.268,423583.8,1390332.429
2026-03-23 20:00:00,3.268,3.3,3.244,3.288,408033.5,1332316.4073
2026-03-24 00:00:00,3.288,3.297,3.251,3.267,358231.3,1171715.6965
2026-03-24 04:00:00,3.267,3.294,3.233,3.289,452104.2,1474583.126
2026-03-24 08:00:00,3.289,3.292,3.255,3.263,352588.3,1153288.7541
2026-03-24 12:00:00,3.263,3.285,3.227,3.275,1055543.8,3436186.8444
2026-03-24 16:00:00,3.275,3.28,3.234,3.239,245377.8,797789.9176
2026-03-24 20:00:00,3.239,3.302,3.237,3.271,380647.3,1248408.9746
2026-03-25 00:00:00,3.271,3.384,3.266,3.342,2607026.9,8712576.4629
2026-03-25 04:00:00,3.342,3.372,3.31,3.341,1175822.3,3927585.5717
2026-03-25 08:00:00,3.341,3.385,3.327,3.348,930474.0,3116054.7854
2026-03-25 12:00:00,3.348,3.372,3.295,3.315,964285.8,3226775.7466
2026-03-25 16:00:00,3.315,3.338,3.249,3.264,976046.3,3210054.3112
2026-03-25 20:00:00,3.264,3.294,3.237,3.283,554704.8,1811455.329
2026-03-26 00:00:00,3.283,3.288,3.178,3.192,1382545.7,4454565.2596
2026-03-26 04:00:00,3.192,3.192,3.13,3.137,971195.2,3062553.6717
2026-03-26 08:00:00,3.137,3.144,3.107,3.131,904280.2,2825997.0822
2026-03-26 12:00:00,3.131,3.159,3.113,3.118,364254.7,1142298.1763
2026-03-26 16:00:00,3.118,3.125,3.062,3.064,979621.1,3030256.0819
2026-03-26 20:00:00,3.064,3.138,3.064,3.125,948655.1,2952898.9519
2026-03-27 00:00:00,3.125,3.147,3.111,3.116,313722.8,980176.594
2026-03-27 04:00:00,3.116,3.133,3.086,3.099,599136.1,1860499.4642
2026-03-27 08:00:00,3.099,3.105,2.983,3.006,1493992.1,4540268.1696
2026-03-27 12:00:00,3.006,3.039,2.975,3.009,938894.3,2815011.9197
2026-03-27 16:00:00,3.009,3.016,2.971,3.003,509703.3,1526286.6194
2026-03-27 20:00:00,3.003,3.008,2.977,2.989,173830.8,519877.1489
2026-03-28 00:00:00,2.989,2.997,2.945,2.958,451633.9,1338389.7684
2026-03-28 04:00:00,2.958,2.991,2.953,2.99,338752.0,1005774.6178
2026-03-28 08:00:00,2.99,2.994,2.964,2.973,257447.3,767003.1314
2026-03-28 12:00:00,2.973,3.033,2.969,3.003,681008.7,2048012.6803
2026-03-28 16:00:00,3.003,3.017,2.972,2.983,312785.2,936159.4461
2026-03-28 20:00:00,2.983,2.994,2.914,2.938,381008.6,1122604.9378
2026-03-29 00:00:00,2.938,2.955,2.921,2.953,240571.7,706952.9673
2026-03-29 04:00:00,2.953,2.961,2.912,2.92,471919.6,1385205.0121
2026-03-29 08:00:00,2.92,2.922,2.847,2.862,1022364.1,2950428.3694
2026-03-29 12:00:00,2.862,2.883,2.827,2.864,1088751.5,3105827.1608
2026-03-29 16:00:00,2.864,2.89,2.861,2.878,230064.3,661428.5606
2026-03-29 20:00:00,2.878,2.906,2.804,2.863,708676.7,2021473.1891
2026-03-30 00:00:00,2.863,2.975,2.857,2.96,696603.9,2039315.5382
2026-03-30 04:00:00,2.96,3.004,2.943,2.997,465316.7,1383805.7403
2026-03-30 08:00:00,2.997,3.008,2.948,2.965,604175.0,1797813.2639
2026-03-30 12:00:00,2.965,2.994,2.948,2.978,513121.0,1525428.0398
2026-03-30 16:00:00,2.978,2.991,2.906,2.916,586933.0,1736493.6095
2026-03-30 20:00:00,2.916,2.948,2.915,2.934,319582.0,937321.0858
2026-03-31 00:00:00,2.934,2.998,2.92,2.98,502550.4,1492993.4592
2026-03-31 04:00:00,2.98,3.058,2.974,3.039,1170255.5,3529440.7045
2026-03-31 08:00:00,3.039,3.082,2.947,2.996,1494686.6,4486575.1551
2026-03-31 12:00:00,2.996,3.025,2.974,2.977,805217.6,2411304.0629
2026-03-31 16:00:00,2.977,3.048,2.977,3.007,436704.5,1314541.4993
2026-03-31 20:00:00,3.007,3.025,2.995,3.011,321059.7,964905.6295
2026-04-01 00:00:00,3.011,3.011,2.968,3.001,363489.4,1086806.3384
2026-04-01 04:00:00,3.001,3.048,2.996,3.016,502340.3,1519872.3652
2026-04-01 08:00:00,3.016,3.023,3.003,3.019,258355.3,778158.5668
2026-04-01 12:00:00,3.019,3.06,3.001,3.018,471794.4,1429132.8031
2026-04-01 16:00:00,3.018,3.03,2.977,2.988,269111.4,806710.9361
2026-04-01 20:00:00,2.988,3.003,2.929,2.948,670109.5,1985397.7145
2026-04-02 00:00:00,2.948,2.985,2.87,2.883,1043678.6,3042555.5869
2026-04-02 04:00:00,2.883,2.887,2.851,2.868,519062.7,1488564.391
2026-04-02 08:00:00,2.868,2.871,2.802,2.816,494473.1,1400292.8369
2026-04-02 12:00:00,2.816,2.844,2.787,2.811,687757.7,1937345.0606
2026-04-02 16:00:00,2.811,2.851,2.802,2.829,379908.0,1073711.5307
2026-04-02 20:00:00,2.829,2.838,2.802,2.812,170941.8,481677.1673
2026-04-03 00:00:00,2.812,2.846,2.795,2.839,342860.1,966894.8354
2026-04-03 04:00:00,2.839,2.896,2.833,2.842,334805.3,958872.6791
2026-04-03 08:00:00,2.842,2.867,2.836,2.865,152501.3,434931.83
2026-04-03 12:00:00,2.865,2.877,2.826,2.828,439140.8,1252555.8234
2026-04-03 16:00:00,2.828,2.842,2.797,2.81,280487.7,791172.5817
2026-04-03 20:00:00,2.81,2.814,2.778,2.792,263524.0,737259.6345
2026-04-04 00:00:00,2.792,2.797,2.779,2.793,197701.2,551232.2221
2026-04-04 04:00:00,2.793,2.866,2.782,2.837,955989.5,2708623.9535
2026-04-04 08:00:00,2.837,2.859,2.834,2.85,210723.2,599830.6645
2026-04-04 12:00:00,2.85,2.867,2.833,2.856,413042.6,1178542.1424
2026-04-04 16:00:00,2.856,2.995,2.848,2.938,1892202.5,5546207.0883
2026-04-04 20:00:00,2.938,2.945,2.888,2.898,455660.9,1325043.2696
2026-04-05 00:00:00,2.898,2.905,2.864,2.878,333931.3,963119.9386
2026-04-05 04:00:00,2.878,2.887,2.829,2.833,543280.6,1549016.4955
2026-04-05 08:00:00,2.833,2.849,2.817,2.827,286900.7,812639.0565
2026-04-05 12:00:00,2.827,2.858,2.805,2.828,678039.0,1916472.4197
2026-04-05 16:00:00,2.828,2.844,2.822,2.834,255092.9,723416.9157
2026-04-05 20:00:00,2.834,2.89,2.822,2.876,321324.8,917419.4725
2026-04-06 00:00:00,2.876,2.915,2.863,2.895,874158.1,2524927.8888
2026-04-06 04:00:00,2.895,2.932,2.877,2.888,329606.9,955374.8619
2026-04-06 08:00:00,2.888,2.933,2.887,2.916,447225.5,1302572.4223
2026-04-06 12:00:00,2.916,2.919,2.881,2.902,370976.2,1076187.733
2026-04-06 16:00:00,2.902,2.905,2.876,2.887,324675.3,937507.8035
2026-04-06 20:00:00,2.887,2.895,2.831,2.839,371129.3,1059857.7993
2026-04-07 00:00:00,2.839,2.85,2.804,2.818,530632.8,1498840.3421
2026-04-07 04:00:00,2.818,2.828,2.805,2.818,291445.5,821078.767
2026-04-07 08:00:00,2.818,2.836,2.793,2.8,621993.7,1749470.3798
2026-04-07 12:00:00,2.8,2.844,2.773,2.823,952334.5,2677910.3941
2026-04-07 16:00:00,2.823,2.859,2.814,2.842,419496.0,1190461.4139
2026-04-07 20:00:00,2.842,3.021,2.842,2.998,1630589.5,4803612.9388
2026-04-08 00:00:00,2.998,3.007,2.942,2.954,513015.9,1518567.231
2026-04-08 04:00:00,2.954,3.016,2.951,3.008,610052.2,1822546.6493
2026-04-08 08:00:00,3.008,3.015,2.971,2.998,524471.2,1569845.5809
2026-04-08 12:00:00,2.998,3.044,2.965,3.004,968658.4,2907915.1379
2026-04-08 16:00:00,3.004,3.076,2.958,2.975,910450.2,2748083.0143
2026-04-08 20:00:00,2.975,2.984,2.906,2.916,474214.7,1395688.9973
2026-04-09 00:00:00,2.916,2.917,2.863,2.892,517928.7,1496229.6324
2026-04-09 04:00:00,2.892,2.933,2.889,2.91,300949.6,877524.4824
2026-04-09 08:00:00,2.91,2.945,2.9,2.919,231260.4,676678.3566
2026-04-09 12:00:00,2.919,3.028,2.915,3.006,1754325.3,5225542.5202
2026-04-09 16:00:00,3.006,3.017,2.948,2.966,545416.7,1625087.0717
2026-04-09 20:00:00,2.966,2.993,2.922,2.923,614809.9,1818114.4061
2026-04-10 00:00:00,2.923,2.936,2.891,2.905,516833.0,1504833.555
2026-04-10 04:00:00,2.905,2.92,2.867,2.875,660192.0,1906487.1707
2026-04-10 08:00:00,2.875,2.886,2.84,2.866,729610.9,2087676.2233
2026-04-10 12:00:00,2.866,2.917,2.844,2.91,635449.6,1825803.4092
2026-04-10 16:00:00,2.91,2.913,2.829,2.893,589012.6,1684384.036
2026-04-10 20:00:00,2.893,2.893,2.838,2.848,489104.7,1396752.5049
2026-04-11 00:00:00,2.848,2.848,2.812,2.825,791969.9,2239005.2008
2026-04-11 04:00:00,2.825,2.848,2.793,2.811,811994.3,2282097.2082
2026-04-11 08:00:00,2.811,2.826,2.778,2.813,988977.2,2771344.8373
2026-04-11 12:00:00,2.813,2.837,2.786,2.824,1212270.4,3406460.9931
2026-04-11 16:00:00,2.824,2.861,2.809,2.859,681253.6,1930191.8117
2026-04-11 20:00:00,2.859,2.863,2.805,2.822,592595.0,1681485.4815
2026-04-12 00:00:00,2.822,2.829,2.753,2.779,1381461.7,3846099.7415
2026-04-12 04:00:00,2.779,2.831,2.761,2.81,992022.8,2778491.8775
2026-04-12 08:00:00,2.81,2.81,2.77,2.8,342262.1,954659.2462
2026-04-12 12:00:00,2.8,2.841,2.766,2.821,1072906.7,2999421.5812
2026-04-12 16:00:00,2.821,2.826,2.778,2.801,376313.9,1051522.5586
2026-04-12 20:00:00,2.801,2.812,2.784,2.789,234114.2,654451.1951
2026-04-13 00:00:00,2.789,2.804,2.772,2.791,435024.6,1212802.7793
2026-04-13 04:00:00,2.791,2.816,2.778,2.794,516140.6,1443506.3801
2026-04-13 08:00:00,2.794,2.803,2.789,2.795,182504.5,510137.1449
2026-04-13 12:00:00,2.795,2.843,2.787,2.814,703864.9,1980471.2608
2026-04-13 16:00:00,2.814,2.843,2.802,2.834,336330.5,949177.2129
2026-04-13 20:00:00,2.834,2.877,2.82,2.871,781029.1,2227968.9649
2026-04-14 00:00:00,2.871,2.876,2.836,2.856,714999.8,2041764.97
2026-04-14 04:00:00,2.856,2.86,2.814,2.824,765535.1,2166305.3956
