timestamp,open,high,low,close,volume_base,volume_quote
2023-07-25 08:00:00,1.9746,2.1828,1.9646,2.1308,8906411.0,18689066.6881
2023-07-25 12:00:00,2.1308,2.456,2.085,2.2732,27778214.0,63228058.2269
2023-07-25 16:00:00,2.2732,2.3533,2.16,2.2058,17550555.0,39162337.8247
2023-07-25 20:00:00,2.2058,2.3423,2.1866,2.2548,12338683.0,27890743.3965
2023-07-26 00:00:00,2.2548,2.4927,2.2236,2.4623,12733338.0,30247990.2598
2023-07-26 04:00:00,2.4623,2.5526,2.3372,2.3803,11932473.0,29126314.4963
2023-07-26 08:00:00,2.3803,2.4404,2.3007,2.3396,5243865.0,12397419.9553
2023-07-26 12:00:00,2.3396,2.3536,2.2266,2.2977,5262389.0,12007577.0451
2023-07-26 16:00:00,2.2977,2.362,2.2428,2.3268,2403231.0,5528177.1305
2023-07-26 20:00:00,2.3268,2.3845,2.1425,2.2504,5859337.0,13210578.3101
2023-07-27 00:00:00,2.2504,2.3186,2.2267,2.2633,2465090.0,5605233.6067
2023-07-27 04:00:00,2.2633,2.2801,2.1924,2.2131,2517251.0,5628729.7654
2023-07-27 08:00:00,2.2131,2.2678,2.155,2.2428,2168319.0,4813024.8933
2023-07-27 12:00:00,2.2428,2.2428,2.1338,2.1873,2118302.0,4649897.7831
2023-07-27 16:00:00,2.1873,2.1906,2.0656,2.1105,1742936.0,3692075.2973
2023-07-27 20:00:00,2.1105,2.1224,2.0872,2.0992,1182020.0,2488720.1499
2023-07-28 00:00:00,2.0992,2.1401,2.0382,2.1014,2837690.0,5936966.3428
2023-07-28 04:00:00,2.1014,2.1666,2.0896,2.1413,2240915.0,4785618.3413
2023-07-28 08:00:00,2.1413,2.2404,2.1391,2.2167,3203357.0,7023195.086
2023-07-28 12:00:00,2.2167,2.2253,2.1436,2.1719,1959838.0,4262055.6732
2023-07-28 16:00:00,2.1719,2.1996,2.1489,2.1741,827304.0,1798915.66
2023-07-28 20:00:00,2.1741,2.2377,2.1733,2.2192,841657.0,1861174.4354
2023-07-29 00:00:00,2.2192,2.3499,2.176,2.2902,3186751.0,7209556.3399
2023-07-29 04:00:00,2.2902,2.3341,2.2418,2.2633,1757518.0,4001685.3768
2023-07-29 08:00:00,2.2633,2.3158,2.2509,2.2766,1808960.0,4131310.4904
2023-07-29 12:00:00,2.2766,2.3273,2.2679,2.2886,2273001.0,5219158.0657
2023-07-29 16:00:00,2.2886,2.3742,2.2736,2.3571,1664163.0,3890422.3882
2023-07-29 20:00:00,2.3571,2.3606,2.3281,2.3431,767701.0,1801599.7121
2023-07-30 00:00:00,2.3431,2.4893,2.3344,2.4148,4584983.0,11113133.0181
2023-07-30 04:00:00,2.4148,2.4433,2.3666,2.3933,1781857.0,4286041.068
2023-07-30 08:00:00,2.3933,2.4251,2.3354,2.3636,1829802.0,4354248.4423
2023-07-30 12:00:00,2.3636,2.3696,2.284,2.3058,1652010.0,3840399.0887
2023-07-30 16:00:00,2.3058,2.3184,2.2358,2.2489,1269837.0,2902101.97
2023-07-30 20:00:00,2.2489,2.3226,2.2204,2.2869,1742652.0,3951976.5532
2023-07-31 00:00:00,2.2869,2.3492,2.2768,2.2864,3066232.0,7077214.7156
2023-07-31 04:00:00,2.2864,2.3079,2.2364,2.2511,2579093.0,5853417.5486
2023-07-31 08:00:00,2.2511,2.3141,2.2493,2.3047,751266.0,1709937.2653
2023-07-31 12:00:00,2.3047,2.3564,2.2713,2.3077,2071138.0,4797936.9444
2023-07-31 16:00:00,2.3077,2.3718,2.2969,2.3041,997220.0,2332227.9684
2023-07-31 20:00:00,2.3041,2.325,2.2731,2.3141,1038772.0,2390553.9202
2023-08-01 00:00:00,2.3141,2.3439,2.199,2.2648,1939185.0,4429794.2461
2023-08-01 04:00:00,2.2648,2.3438,2.2577,2.3252,1789835.0,4128816.0138
2023-08-01 08:00:00,2.3252,2.3366,2.2903,2.2947,1001092.0,2315269.4259
2023-08-01 12:00:00,2.2947,2.3361,2.2714,2.3043,1158590.0,2673898.5546
2023-08-01 16:00:00,2.3043,2.4271,2.2954,2.3952,1414708.0,3351965.2388
2023-08-01 20:00:00,2.3952,2.4461,2.3794,2.4256,1974560.0,4766611.2666
2023-08-02 00:00:00,2.4256,2.4602,2.3682,2.3695,1286795.0,3102916.1938
2023-08-02 04:00:00,2.3695,2.3969,2.3602,2.3736,942740.0,2243781.6528
2023-08-02 08:00:00,2.3736,2.4145,2.3414,2.4121,2479038.0,5907864.1096
2023-08-02 12:00:00,2.4121,2.522,2.3825,2.4763,4063479.0,9936337.3148
2023-08-02 16:00:00,2.4763,2.508,2.3525,2.3627,3018368.0,7324884.5678
2023-08-02 20:00:00,2.3627,2.3828,2.3048,2.3571,1599248.0,3746483.7487
2023-08-03 00:00:00,2.3571,2.3715,2.3167,2.3274,1065469.0,2499002.4369
2023-08-03 04:00:00,2.3274,2.3282,2.271,2.291,1099015.0,2522498.1117
2023-08-03 08:00:00,2.291,2.3209,2.2898,2.3104,464173.0,1069674.1935
2023-08-03 12:00:00,2.3104,2.3238,2.286,2.3084,1010778.0,2333811.899
2023-08-03 16:00:00,2.3084,2.3084,2.2508,2.2978,1296927.0,2961435.1438
2023-08-03 20:00:00,2.2978,2.354,2.293,2.3217,1636068.0,3797719.2499
2023-08-04 00:00:00,2.3217,2.3371,2.2804,2.285,818324.0,1889531.7148
2023-08-04 04:00:00,2.285,2.2892,2.2598,2.2709,616836.0,1401925.3069
2023-08-04 08:00:00,2.2709,2.2826,2.258,2.2689,424264.0,962585.6118
2023-08-04 12:00:00,2.2689,2.3068,2.2488,2.2813,923022.0,2106600.3936
2023-08-04 16:00:00,2.2813,2.2849,2.1434,2.1541,1077540.0,2374415.6664
2023-08-04 20:00:00,2.1541,2.1818,2.1515,2.1718,506817.0,1099941.0447
2023-08-05 00:00:00,2.1718,2.1809,2.1472,2.1629,533628.0,1154391.0291
2023-08-05 04:00:00,2.1629,2.1648,2.0933,2.1328,979514.0,2084988.9609
2023-08-05 08:00:00,2.1328,2.1624,2.1183,2.1443,404628.0,866859.4484
2023-08-05 12:00:00,2.1443,2.1456,2.0833,2.1246,744878.0,1575134.2201
2023-08-05 16:00:00,2.1246,2.1419,2.1101,2.1111,512989.0,1088978.4292
2023-08-05 20:00:00,2.1111,2.1307,2.0981,2.1291,243718.0,514756.8674
2023-08-06 00:00:00,2.1291,2.1698,2.111,2.1385,448678.0,960111.661
2023-08-06 04:00:00,2.1385,2.1386,2.0658,2.092,1023986.0,2148193.464
2023-08-06 08:00:00,2.092,2.1063,2.0475,2.0549,1136494.0,2353637.6297
2023-08-06 12:00:00,2.0549,2.0604,2.0119,2.0157,1302644.0,2648830.5648
2023-08-06 16:00:00,2.0157,2.0656,2.0088,2.0416,1219244.0,2486959.9509
2023-08-06 20:00:00,2.0416,2.0524,2.02,2.0383,233534.0,476688.2518
2023-08-07 00:00:00,2.0383,2.1059,2.0382,2.0531,606524.0,1252192.4207
2023-08-07 04:00:00,2.0531,2.06,2.022,2.0454,362484.0,740523.7947
2023-08-07 08:00:00,2.0454,2.0791,2.0309,2.0718,447405.0,921781.9176
2023-08-07 12:00:00,2.0718,2.0869,2.0187,2.0724,1274528.0,2627585.8396
2023-08-07 16:00:00,2.0724,2.0855,2.017,2.0387,1339503.0,2749257.2928
2023-08-07 20:00:00,2.0387,2.0462,2.0206,2.0397,252841.0,512885.2375
2023-08-08 00:00:00,2.0397,2.047,1.9034,1.9453,2409278.0,4729763.0804
2023-08-08 04:00:00,1.9453,1.9522,1.9074,1.9223,1010803.0,1949011.1978
2023-08-08 08:00:00,1.9223,1.9356,1.9157,1.929,360162.0,693444.749
2023-08-08 12:00:00,1.929,1.9565,1.9189,1.9281,752638.0,1457250.8803
2023-08-08 16:00:00,1.9281,1.9867,1.9239,1.9355,1661056.0,3244577.2864
2023-08-08 20:00:00,1.9355,1.9647,1.9303,1.938,213653.0,415610.0459
2023-08-09 00:00:00,1.938,1.9625,1.9234,1.9263,620108.0,1203181.2599
2023-08-09 04:00:00,1.9263,1.9394,1.9155,1.9259,287985.0,554864.7796
2023-08-09 08:00:00,1.9259,1.9449,1.8951,1.9404,723600.0,1387559.8894
2023-08-09 12:00:00,1.9404,1.9485,1.893,1.9146,964256.0,1850898.832
2023-08-09 16:00:00,1.9146,1.9166,1.8377,1.8481,746898.0,1397715.8876
2023-08-09 20:00:00,1.8481,1.8599,1.8062,1.8321,415828.0,761156.3772
2023-08-10 00:00:00,1.8321,1.8518,1.8206,1.8346,636371.0,1166212.018
2023-08-10 04:00:00,1.8346,1.8448,1.815,1.8195,323815.0,591231.6218
2023-08-10 08:00:00,1.8195,1.8232,1.737,1.7458,2083622.0,3707499.9069
2023-08-10 12:00:00,1.7458,1.7631,1.6878,1.7143,3362187.0,5769517.2345
2023-08-10 16:00:00,1.7143,1.721,1.6602,1.7002,1389883.0,2352006.6601
2023-08-10 20:00:00,1.7002,1.7056,1.6734,1.6787,787216.0,1327656.4695
2023-08-11 00:00:00,1.6787,1.7534,1.649,1.742,3591551.0,6130431.2294
2023-08-11 04:00:00,1.742,1.7445,1.6844,1.6917,1779281.0,3048070.401
2023-08-11 08:00:00,1.6917,1.7212,1.6741,1.7113,986490.0,1678428.2986
2023-08-11 12:00:00,1.7113,1.7234,1.6806,1.6846,1173695.0,2002797.023
2023-08-11 16:00:00,1.6846,1.77,1.6786,1.7656,1270622.0,2171369.2729
2023-08-11 20:00:00,1.7656,1.7689,1.726,1.7432,668856.0,1166306.6722
2023-08-12 00:00:00,1.7432,1.751,1.7219,1.7338,455653.0,790083.4856
2023-08-12 04:00:00,1.7338,1.7831,1.7272,1.7704,716904.0,1261125.2506
2023-08-12 08:00:00,1.7704,1.8031,1.754,1.799,1275187.0,2262591.6621
2023-08-12 12:00:00,1.799,1.8159,1.757,1.771,1729730.0,3076949.6585
2023-08-12 16:00:00,1.771,1.7846,1.7371,1.7567,916223.0,1612486.9972
2023-08-12 20:00:00,1.7567,1.7644,1.7433,1.7556,329044.0,577358.3521
2023-08-13 00:00:00,1.7556,1.8118,1.7555,1.797,1212702.0,2173827.5746
2023-08-13 04:00:00,1.797,1.8228,1.7865,1.8082,858967.0,1550885.5691
2023-08-13 08:00:00,1.8082,1.8226,1.7933,1.7992,563720.0,1019241.0918
2023-08-13 12:00:00,1.7992,1.8169,1.7806,1.791,680871.0,1224039.8283
2023-08-13 16:00:00,1.791,1.8321,1.7875,1.8042,566342.0,1024167.3826
2023-08-13 20:00:00,1.8042,1.8068,1.7655,1.7662,529341.0,945026.2565
2023-08-14 00:00:00,1.7662,1.8144,1.7607,1.8004,1115374.0,2001679.1156
2023-08-14 04:00:00,1.8004,1.8129,1.7975,1.8029,236257.0,426464.636
2023-08-14 08:00:00,1.8029,1.813,1.7872,1.8022,465827.0,837689.5616
2023-08-14 12:00:00,1.8022,1.8151,1.7911,1.8073,425360.0,766836.764
2023-08-14 16:00:00,1.8073,1.8116,1.7429,1.7555,927080.0,1646623.8217
2023-08-14 20:00:00,1.7555,1.7842,1.7526,1.7659,284130.0,502931.2918
2023-08-15 00:00:00,1.7659,1.791,1.763,1.7837,414227.0,736715.6586
2023-08-15 04:00:00,1.7837,1.7918,1.7559,1.7642,407215.0,721658.5469
2023-08-15 08:00:00,1.7642,1.7729,1.7449,1.747,473243.0,832417.4275
2023-08-15 12:00:00,1.747,1.7496,1.7138,1.7214,867042.0,1498907.659
2023-08-15 16:00:00,1.7214,1.7398,1.5636,1.6078,2162248.0,3553550.4268
2023-08-15 20:00:00,1.6078,1.6317,1.5948,1.6174,614871.0,994434.292
2023-08-16 00:00:00,1.6174,1.6309,1.5812,1.5837,607708.0,977358.3294
2023-08-16 04:00:00,1.5837,1.6067,1.5821,1.6042,370202.0,589758.1535
2023-08-16 08:00:00,1.6042,1.6054,1.5636,1.5803,611594.0,965155.5848
2023-08-16 12:00:00,1.5803,1.5877,1.5398,1.5465,710676.0,1108680.9809
2023-08-16 16:00:00,1.5465,1.6008,1.5442,1.5755,737626.0,1163918.1645
2023-08-16 20:00:00,1.5755,1.5769,1.479,1.5205,1509273.0,2291663.7882
2023-08-17 00:00:00,1.5205,1.543,1.4832,1.53,760187.0,1157855.6919
2023-08-17 04:00:00,1.53,1.5316,1.5064,1.5099,448897.0,681193.3472
2023-08-17 08:00:00,1.5099,1.5173,1.4821,1.4821,1280066.0,1920136.5577
2023-08-17 12:00:00,1.4821,1.5075,1.4285,1.4585,1234783.0,1813756.5376
2023-08-17 16:00:00,1.4585,1.4859,1.4473,1.4718,441603.0,648400.2284
2023-08-17 20:00:00,1.4718,1.4967,1.1942,1.366,2149688.0,2875964.9481
2023-08-18 00:00:00,1.366,1.3807,1.3217,1.3536,494059.0,668325.5073
2023-08-18 04:00:00,1.3536,1.5824,1.3312,1.5641,3008427.0,4471405.411
2023-08-18 08:00:00,1.5641,1.5756,1.4756,1.5212,2163348.0,3292549.0816
2023-08-18 12:00:00,1.5212,1.5474,1.5022,1.533,1206225.0,1839316.9241
2023-08-18 16:00:00,1.533,1.5394,1.4824,1.5075,1267783.0,1905683.2185
2023-08-18 20:00:00,1.5075,1.5629,1.5055,1.5416,407169.0,626408.5993
2023-08-19 00:00:00,1.5416,1.5436,1.4752,1.4919,1031232.0,1559628.205
2023-08-19 04:00:00,1.4919,1.5048,1.4436,1.4605,508042.0,745650.4723
2023-08-19 08:00:00,1.4605,1.4877,1.4467,1.4821,410692.0,602311.3672
2023-08-19 12:00:00,1.4821,1.4955,1.4538,1.4923,555635.0,817109.1553
2023-08-19 16:00:00,1.4923,1.5149,1.4565,1.4579,559019.0,828894.7242
2023-08-19 20:00:00,1.4579,1.4908,1.4509,1.4798,442271.0,649166.6098
2023-08-20 00:00:00,1.4798,1.512,1.4761,1.507,515234.0,771122.3364
2023-08-20 04:00:00,1.507,1.5143,1.4819,1.49,436106.0,654823.9345
2023-08-20 08:00:00,1.49,1.5384,1.49,1.5102,843045.0,1283317.0804
2023-08-20 12:00:00,1.5102,1.5195,1.4605,1.4738,357274.0,530821.6024
2023-08-20 16:00:00,1.4738,1.477,1.4592,1.4678,263746.0,387348.988
2023-08-20 20:00:00,1.4678,1.4921,1.4614,1.4678,282457.0,416654.1236
2023-08-21 00:00:00,1.4678,1.4954,1.4425,1.4501,602238.0,885641.0474
2023-08-21 04:00:00,1.4501,1.4823,1.4441,1.4492,481825.0,702096.3492
2023-08-21 08:00:00,1.4492,1.4875,1.411,1.4699,799812.0,1162549.5973
2023-08-21 12:00:00,1.4699,1.5292,1.4698,1.4765,726900.0,1090114.3416
2023-08-21 16:00:00,1.4765,1.501,1.4618,1.4887,333715.0,493337.82
2023-08-21 20:00:00,1.4887,1.4967,1.4659,1.4749,194371.0,287675.7726
2023-08-22 00:00:00,1.4749,1.4884,1.461,1.4733,317934.0,468097.3059
2023-08-22 04:00:00,1.4733,1.488,1.4514,1.4772,318622.0,468145.3082
2023-08-22 08:00:00,1.4772,1.4985,1.466,1.468,294096.0,435898.5829
2023-08-22 12:00:00,1.468,1.4806,1.425,1.4312,597011.0,863536.7102
2023-08-22 16:00:00,1.4312,1.4565,1.394,1.409,957666.0,1362485.6737
2023-08-22 20:00:00,1.409,1.4392,1.3625,1.4326,614823.0,862579.2081
2023-08-23 00:00:00,1.4326,1.4468,1.4022,1.4035,950543.0,1358244.337
2023-08-23 04:00:00,1.4035,1.4077,1.3707,1.3763,968376.0,1337321.1442
2023-08-23 08:00:00,1.3763,1.3822,1.3526,1.3578,685126.0,938135.9812
2023-08-23 12:00:00,1.3578,1.3652,1.3322,1.3613,852006.0,1149394.1571
2023-08-23 16:00:00,1.3613,1.428,1.354,1.4119,916898.0,1281061.9325
2023-08-23 20:00:00,1.4119,1.4425,1.3817,1.4052,532776.0,751677.4192
2023-08-24 00:00:00,1.4052,1.4409,1.4023,1.4371,350308.0,497065.1682
2023-08-24 04:00:00,1.4371,1.4717,1.4356,1.4519,483025.0,702806.9895
2023-08-24 08:00:00,1.4519,1.469,1.4441,1.4479,336257.0,489037.9053
2023-08-24 12:00:00,1.4479,1.4481,1.4029,1.4228,637812.0,906086.4364
2023-08-24 16:00:00,1.4228,1.4276,1.3939,1.4052,284196.0,401641.6819
2023-08-24 20:00:00,1.4052,1.4063,1.373,1.3993,529015.0,732420.2494
2023-08-25 00:00:00,1.3993,1.3999,1.346,1.3606,216773.0,296786.3241
2023-08-25 04:00:00,1.3606,1.361,1.3159,1.3249,542873.0,724237.636
2023-08-25 08:00:00,1.3249,1.3362,1.317,1.317,324272.0,430446.4458
2023-08-25 12:00:00,1.317,1.3237,1.2822,1.3002,814850.0,1061577.1389
2023-08-25 16:00:00,1.3002,1.3002,1.2498,1.2501,786427.0,998574.6344
2023-08-25 20:00:00,1.2501,1.2752,1.2432,1.2687,700179.0,882282.3763
2023-08-26 00:00:00,1.2687,1.286,1.2504,1.2742,583147.0,740633.8836
2023-08-26 04:00:00,1.2742,1.2744,1.2531,1.2568,268755.0,339104.4322
2023-08-26 08:00:00,1.2568,1.2691,1.2526,1.2568,319440.0,403047.2522
2023-08-26 12:00:00,1.2568,1.26,1.2201,1.2365,959182.0,1187116.4803
2023-08-26 16:00:00,1.2365,1.2665,1.2327,1.2595,792881.0,989163.6656
2023-08-26 20:00:00,1.2595,1.3237,1.257,1.2921,1101821.0,1431979.2514
2023-08-27 00:00:00,1.2921,1.2997,1.2723,1.2863,795715.0,1023822.8586
2023-08-27 04:00:00,1.2863,1.3041,1.2827,1.2853,591771.0,763693.9712
2023-08-27 08:00:00,1.2853,1.2987,1.2769,1.2853,424150.0,545794.0232
2023-08-27 12:00:00,1.2853,1.3088,1.2852,1.2867,520849.0,676232.7563
2023-08-27 16:00:00,1.2867,1.3037,1.2658,1.2994,682364.0,875212.514
2023-08-27 20:00:00,1.2994,1.3127,1.288,1.3103,184734.0,239927.3424
2023-08-28 00:00:00,1.3103,1.325,1.2698,1.2786,1195712.0,1549465.4607
2023-08-28 04:00:00,1.2786,1.2803,1.25,1.2646,383989.0,484368.4027
2023-08-28 08:00:00,1.2646,1.2684,1.2151,1.2225,1019682.0,1259452.6022
2023-08-28 12:00:00,1.2225,1.255,1.2178,1.2278,781008.0,962017.8984
2023-08-28 16:00:00,1.2278,1.2282,1.1917,1.2128,503023.0,608800.725
2023-08-28 20:00:00,1.2128,1.2211,1.1993,1.2071,229271.0,277646.7279
2023-08-29 00:00:00,1.2071,1.2386,1.1963,1.2087,607649.0,739394.0596
2023-08-29 04:00:00,1.2087,1.2152,1.1473,1.1599,1663654.0,1949440.5358
2023-08-29 08:00:00,1.1599,1.1633,1.108,1.117,2622189.0,2986808.1496
2023-08-29 12:00:00,1.117,1.216,1.1153,1.1821,3519389.0,4116436.1317
2023-08-29 16:00:00,1.1821,1.3846,1.1815,1.2628,6277484.0,8124838.4078
2023-08-29 20:00:00,1.2628,1.353,1.2619,1.2958,1505976.0,1953107.8202
2023-08-30 00:00:00,1.2958,1.3226,1.2579,1.2635,1031377.0,1323786.4996
2023-08-30 04:00:00,1.2635,1.2987,1.2627,1.2821,831678.0,1062757.1715
2023-08-30 08:00:00,1.2821,1.3323,1.2556,1.2832,1931783.0,2512310.2453
2023-08-30 12:00:00,1.2832,1.294,1.2139,1.2262,1234831.0,1548112.8755
2023-08-30 16:00:00,1.2262,1.2317,1.2028,1.2219,626969.0,764301.0567
2023-08-30 20:00:00,1.2219,1.2302,1.2134,1.2226,191147.0,233572.4438
2023-08-31 00:00:00,1.2226,1.2257,1.1787,1.2009,854220.0,1021376.5711
2023-08-31 04:00:00,1.2009,1.2114,1.1888,1.1964,425905.0,511465.7192
2023-08-31 08:00:00,1.1964,1.2739,1.187,1.2319,834573.0,1019511.5562
2023-08-31 12:00:00,1.2319,1.2319,1.1622,1.1824,1014488.0,1217635.4484
2023-08-31 16:00:00,1.1824,1.1865,1.1316,1.1561,1310415.0,1513021.6414
2023-08-31 20:00:00,1.1561,1.1561,1.1248,1.1356,445276.0,507843.265
2023-09-01 00:00:00,1.1356,1.144,1.1154,1.1286,755326.0,852287.2645
2023-09-01 04:00:00,1.1286,1.1309,1.0942,1.1085,892853.0,994921.0085
2023-09-01 08:00:00,1.1085,1.1301,1.0993,1.1206,785545.0,877062.7974
2023-09-01 12:00:00,1.1206,1.1249,1.0965,1.1105,1115512.0,1241066.4867
2023-09-01 16:00:00,1.1105,1.1468,1.0949,1.1063,1569251.0,1755292.0359
2023-09-01 20:00:00,1.1063,1.1436,1.0999,1.1232,563494.0,631683.9023
2023-09-02 00:00:00,1.1232,1.192,1.1232,1.181,1700946.0,1988690.252
2023-09-02 04:00:00,1.181,1.2117,1.1589,1.1657,2702788.0,3200194.1076
2023-09-02 08:00:00,1.1657,1.174,1.1316,1.1579,1184212.0,1366375.4732
2023-09-02 12:00:00,1.1579,1.182,1.1401,1.1479,1422001.0,1650653.9996
2023-09-02 16:00:00,1.1479,1.1732,1.1033,1.1177,2135464.0,2435600.7376
2023-09-02 20:00:00,1.1177,1.1369,1.106,1.1337,374315.0,420241.3046
2023-09-03 00:00:00,1.1337,1.1496,1.1181,1.1481,361520.0,410126.9112
2023-09-03 04:00:00,1.1481,1.1528,1.1221,1.1261,639222.0,723234.5264
2023-09-03 08:00:00,1.1261,1.1355,1.1159,1.1352,423594.0,476791.8372
2023-09-03 12:00:00,1.1352,1.1365,1.1145,1.1268,810841.0,912353.7946
2023-09-03 16:00:00,1.1268,1.1283,1.1007,1.1193,581367.0,648448.3169
2023-09-03 20:00:00,1.1193,1.134,1.1092,1.1293,541942.0,610756.6856
2023-09-04 00:00:00,1.1293,1.1698,1.1111,1.1338,1456095.0,1655503.3147
2023-09-04 04:00:00,1.1338,1.1493,1.1285,1.1406,608742.0,692143.0505
2023-09-04 08:00:00,1.1406,1.1577,1.1354,1.1386,557590.0,640029.3955
2023-09-04 12:00:00,1.1386,1.1386,1.0518,1.0693,2508506.0,2745814.379
2023-09-04 16:00:00,1.0693,1.0786,1.0547,1.0674,603200.0,643646.5079
2023-09-04 20:00:00,1.0674,1.0726,1.0228,1.0479,1217210.0,1273458.7055
2023-09-05 00:00:00,1.0479,1.0479,1.018,1.0408,1580967.0,1633024.133
2023-09-05 04:00:00,1.0408,1.0516,1.031,1.0384,645799.0,672120.3765
2023-09-05 08:00:00,1.0384,1.065,1.0362,1.0542,490944.0,516305.7496
2023-09-05 12:00:00,1.0542,1.0968,1.0431,1.0724,827443.0,882506.1623
2023-09-05 16:00:00,1.0724,1.0959,1.0525,1.0749,630909.0,678664.0787
2023-09-05 20:00:00,1.0749,1.0791,1.0629,1.0699,371928.0,398609.9204
2023-09-06 00:00:00,1.0699,1.0771,1.0575,1.0627,432346.0,460342.5353
2023-09-06 04:00:00,1.0627,1.0766,1.0509,1.0677,440948.0,469716.3476
2023-09-06 08:00:00,1.0677,1.1699,1.0644,1.1601,3170535.0,3564127.7424
2023-09-06 12:00:00,1.1601,1.205,1.1421,1.1723,5965887.0,6986151.6828
2023-09-06 16:00:00,1.1723,1.3224,1.165,1.2812,8106701.0,10208136.2199
2023-09-06 20:00:00,1.2812,1.3345,1.2639,1.2875,5249814.0,6806354.6703
2023-09-07 00:00:00,1.2875,1.3922,1.2795,1.3341,11706694.0,15795022.3648
2023-09-07 04:00:00,1.3341,1.3848,1.2377,1.2658,12827167.0,16738528.9001
2023-09-07 08:00:00,1.2658,1.2989,1.2153,1.2218,8164628.0,10322176.3748
2023-09-07 12:00:00,1.2218,1.2433,1.2033,1.2233,3987703.0,4880347.6722
2023-09-07 16:00:00,1.2233,1.2325,1.1933,1.2127,2169913.0,2627773.3972
2023-09-07 20:00:00,1.2127,1.2484,1.2025,1.2288,2246677.0,2752490.1368
2023-09-08 00:00:00,1.2288,1.253,1.2068,1.2129,3612713.0,4455747.3193
2023-09-08 04:00:00,1.2129,1.2247,1.1563,1.1582,2966917.0,3518273.3487
2023-09-08 08:00:00,1.1582,1.17,1.1193,1.1309,2272067.0,2592496.6245
2023-09-08 12:00:00,1.1309,1.1436,1.126,1.1296,1248389.0,1415511.4876
2023-09-08 16:00:00,1.1296,1.1535,1.111,1.1187,1729155.0,1953825.8279
2023-09-08 20:00:00,1.1187,1.139,1.1173,1.1343,378105.0,427211.2692
2023-09-09 00:00:00,1.1343,1.1497,1.1198,1.1488,900274.0,1022785.4208
2023-09-09 04:00:00,1.1488,1.1676,1.1327,1.1463,3412908.0,3912968.656
2023-09-09 08:00:00,1.1463,1.1511,1.1266,1.1408,2885916.0,3286863.6606
2023-09-09 12:00:00,1.1408,1.175,1.1371,1.1517,1122075.0,1296486.0453
2023-09-09 16:00:00,1.1517,1.171,1.1427,1.1683,397058.0,459029.1674
2023-09-09 20:00:00,1.1683,1.1801,1.1592,1.1674,392100.0,458721.9335
2023-09-10 00:00:00,1.1674,1.179,1.133,1.1415,1089687.0,1254391.4817
2023-09-10 04:00:00,1.1415,1.1433,1.054,1.0988,2241830.0,2449914.4659
2023-09-10 08:00:00,1.0988,1.0994,1.08,1.0844,1018185.0,1109250.5885
2023-09-10 12:00:00,1.0844,1.0938,1.0632,1.0792,1406986.0,1522885.6679
2023-09-10 16:00:00,1.0792,1.0936,1.0606,1.0763,785615.0,842518.8748
2023-09-10 20:00:00,1.0763,1.1046,1.0746,1.0914,432773.0,473220.7921
2023-09-11 00:00:00,1.0914,1.1076,1.0765,1.1021,445874.0,487707.6274
2023-09-11 04:00:00,1.1021,1.1034,1.0861,1.0899,710234.0,777182.1316
2023-09-11 08:00:00,1.0899,1.0918,1.0386,1.0431,1330922.0,1411428.9084
2023-09-11 12:00:00,1.0431,1.0567,1.0219,1.0417,1739462.0,1802793.8883
2023-09-11 16:00:00,1.0417,1.049,1.0027,1.0078,1202509.0,1233172.6749
2023-09-11 20:00:00,1.0078,1.0214,0.9953,1.0086,1132289.0,1142224.2362
2023-09-12 00:00:00,1.0086,1.0278,0.97,1.0104,3196799.0,3181845.4854
2023-09-12 04:00:00,1.0104,1.0381,0.999,1.0337,965844.0,979785.7851
2023-09-12 08:00:00,1.0337,1.0611,1.0157,1.0449,1626007.0,1685180.5831
2023-09-12 12:00:00,1.0449,1.0509,0.9858,0.9942,953431.0,972683.2386
2023-09-12 16:00:00,0.9942,1.0149,0.9901,1.0057,768205.0,769278.8121
2023-09-12 20:00:00,1.0057,1.0366,1.002,1.0102,437322.0,446400.2413
2023-09-13 00:00:00,1.0102,1.0391,1.0064,1.0171,739950.0,760974.2636
2023-09-13 04:00:00,1.0171,1.0335,0.9715,0.9864,1863221.0,1849472.4624
2023-09-13 08:00:00,0.9864,1.018,0.9859,1.0029,1110515.0,1116946.6575
2023-09-13 12:00:00,1.0029,1.0362,0.9896,1.0229,1372146.0,1391251.0234
2023-09-13 16:00:00,1.0229,1.0334,1.0034,1.0109,689690.0,703087.099
2023-09-13 20:00:00,1.0109,1.0251,1.0077,1.0117,263742.0,267982.5747
2023-09-14 00:00:00,1.0117,1.0436,0.9972,1.004,1577619.0,1612622.5295
2023-09-14 04:00:00,1.004,1.0156,0.998,1.01,698812.0,703303.5333
2023-09-14 08:00:00,1.01,1.0153,0.9962,1.0052,403061.0,404784.4316
2023-09-14 12:00:00,1.0052,1.0324,1.0,1.0177,769526.0,781138.3603
2023-09-14 16:00:00,1.0177,1.1152,1.0123,1.0846,2649348.0,2831688.6378
2023-09-14 20:00:00,1.0846,1.1152,1.0658,1.0658,1253776.0,1370377.1343
2023-09-15 00:00:00,1.0658,1.0793,1.047,1.0763,1058295.0,1126927.1089
2023-09-15 04:00:00,1.0763,1.0849,1.056,1.065,751687.0,805718.9982
2023-09-15 08:00:00,1.065,1.135,1.0573,1.1092,3491319.0,3883233.2691
2023-09-15 12:00:00,1.1092,1.1618,1.1027,1.1592,2087072.0,2362293.3531
2023-09-15 16:00:00,1.1592,1.3734,1.1526,1.3197,7894541.0,9935834.531
2023-09-15 20:00:00,1.3197,1.3735,1.3004,1.3246,5157704.0,6880781.4217
2023-09-16 00:00:00,1.3246,1.7277,1.3107,1.57,18406609.0,27625453.2502
2023-09-16 04:00:00,1.57,1.6611,1.5255,1.6021,10728927.0,17264563.3811
2023-09-16 08:00:00,1.6021,1.6216,1.4147,1.5209,12163478.0,18222407.5862
2023-09-16 12:00:00,1.5209,1.5293,1.405,1.4683,7402807.0,10835863.9032
2023-09-16 16:00:00,1.4683,1.5185,1.409,1.4757,4766194.0,6953998.5804
2023-09-16 20:00:00,1.4757,1.5592,1.4655,1.5021,2407542.0,3632423.5159
2023-09-17 00:00:00,1.5021,1.5045,1.3178,1.3875,6674056.0,9251015.4221
2023-09-17 04:00:00,1.3875,1.397,1.3241,1.3409,2513822.0,3406300.9388
2023-09-17 08:00:00,1.3409,1.3831,1.3408,1.3542,2339676.0,3189655.0518
2023-09-17 12:00:00,1.3542,1.3772,1.3069,1.3311,2385871.0,3208496.1869
2023-09-17 16:00:00,1.3311,1.3468,1.2549,1.2735,4232129.0,5433669.2386
2023-09-17 20:00:00,1.2735,1.2838,1.2251,1.2625,2290664.0,2864741.2831
2023-09-18 00:00:00,1.2625,1.2974,1.2301,1.2897,2139847.0,2703965.5845
2023-09-18 04:00:00,1.2897,1.3025,1.2689,1.2819,1570405.0,2014075.3123
2023-09-18 08:00:00,1.2819,1.3652,1.2717,1.3433,3695531.0,4923150.7892
2023-09-18 12:00:00,1.3433,1.4923,1.3255,1.4109,7932669.0,11305898.7561
2023-09-18 16:00:00,1.4109,1.4404,1.3538,1.3832,4819728.0,6734795.6164
2023-09-18 20:00:00,1.3832,1.3929,1.3326,1.3529,1968159.0,2673707.4631
2023-09-19 00:00:00,1.3529,1.3921,1.3366,1.3676,1996148.0,2728083.2695
2023-09-19 04:00:00,1.3676,1.415,1.3578,1.3829,2667136.0,3687255.325
2023-09-19 08:00:00,1.3829,1.4223,1.3604,1.3666,1812024.0,2523674.6615
2023-09-19 12:00:00,1.3666,1.3666,1.3122,1.3468,1632590.0,2186841.7757
2023-09-19 16:00:00,1.3468,1.3617,1.331,1.3387,527327.0,709082.3092
2023-09-19 20:00:00,1.3387,1.3798,1.3203,1.3735,852483.0,1153886.0739
2023-09-20 00:00:00,1.3735,1.4309,1.3522,1.3623,2121554.0,2954965.2469
2023-09-20 04:00:00,1.3623,1.412,1.3575,1.3852,790140.0,1093053.9572
2023-09-20 08:00:00,1.3852,1.4759,1.3793,1.4386,2529607.0,3621438.2125
2023-09-20 12:00:00,1.4386,1.5259,1.4062,1.497,4315524.0,6360223.8075
2023-09-20 16:00:00,1.497,1.5258,1.4567,1.4995,3450183.0,5164449.7307
2023-09-20 20:00:00,1.4995,1.5747,1.4835,1.5546,2442802.0,3762497.5745
2023-09-21 00:00:00,1.5546,1.6461,1.5138,1.5389,4050138.0,6334761.8077
2023-09-21 04:00:00,1.5389,1.5389,1.4195,1.4322,2680455.0,3911652.1334
2023-09-21 08:00:00,1.4322,1.4535,1.3745,1.4025,2569078.0,3604335.7761
2023-09-21 12:00:00,1.4025,1.4615,1.3876,1.4469,1891692.0,2682450.3332
2023-09-21 16:00:00,1.4469,1.5403,1.4353,1.5313,2189274.0,3248144.4331
2023-09-21 20:00:00,1.5313,1.563,1.5029,1.5073,2217104.0,3396418.0198
2023-09-22 00:00:00,1.5073,1.6199,1.4514,1.6083,3486619.0,5379881.4056
2023-09-22 04:00:00,1.6083,1.6091,1.5338,1.5586,2530626.0,3973318.716
2023-09-22 08:00:00,1.5586,1.5939,1.5515,1.5664,1472785.0,2314956.3351
2023-09-22 12:00:00,1.5664,1.6332,1.5431,1.5907,2605309.0,4128749.6926
2023-09-22 16:00:00,1.5907,1.6062,1.5144,1.58,1982150.0,3096279.5495
2023-09-22 20:00:00,1.58,1.6224,1.58,1.6031,1286405.0,2058353.7219
2023-09-23 00:00:00,1.6031,1.6894,1.5513,1.5613,3062765.0,4947476.6265
2023-09-23 04:00:00,1.5613,1.6061,1.5361,1.5783,1109416.0,1749404.3818
2023-09-23 08:00:00,1.5783,1.5943,1.5567,1.5786,928632.0,1467397.8853
2023-09-23 12:00:00,1.5786,1.5821,1.5096,1.5237,1429039.0,2200833.4631
2023-09-23 16:00:00,1.5237,1.5629,1.5117,1.5244,1339582.0,2056840.6657
2023-09-23 20:00:00,1.5244,1.5311,1.4885,1.5059,903909.0,1362324.6565
2023-09-24 00:00:00,1.5059,1.55,1.4892,1.5457,684973.0,1045048.962
2023-09-24 04:00:00,1.5457,1.5569,1.509,1.5183,383633.0,588259.266
2023-09-24 08:00:00,1.5183,1.5924,1.5124,1.5743,1312851.0,2057365.7905
2023-09-24 12:00:00,1.5743,1.6173,1.5663,1.5773,1544628.0,2451306.5528
2023-09-24 16:00:00,1.5773,1.6367,1.5695,1.6061,1356444.0,2175485.4329
2023-09-24 20:00:00,1.6061,1.6732,1.6025,1.6184,1705966.0,2791366.0453
2023-09-25 00:00:00,1.6184,1.6756,1.5804,1.5881,3114637.0,5109295.1764
2023-09-25 04:00:00,1.5881,1.6532,1.5701,1.6432,1873774.0,3007638.2005
2023-09-25 08:00:00,1.6432,1.71,1.6305,1.6866,4715735.0,7879352.0122
2023-09-25 12:00:00,1.6866,1.728,1.6643,1.706,3151855.0,5343167.2586
2023-09-25 16:00:00,1.706,1.7538,1.7045,1.7289,2719841.0,4713455.0053
2023-09-25 20:00:00,1.7289,1.7502,1.7031,1.722,1182788.0,2043152.9824
2023-09-26 00:00:00,1.722,1.7906,1.6916,1.7355,2402234.0,4177212.879
2023-09-26 04:00:00,1.7355,1.7468,1.6928,1.73,2178594.0,3757627.12
2023-09-26 08:00:00,1.73,1.7329,1.6567,1.6696,2332439.0,3935847.0939
2023-09-26 12:00:00,1.6696,1.6989,1.6572,1.674,1023816.0,1717449.7146
2023-09-26 16:00:00,1.674,1.727,1.6535,1.664,1101342.0,1856418.6986
2023-09-26 20:00:00,1.664,1.7016,1.6365,1.6933,678745.0,1129323.3891
2023-09-27 00:00:00,1.6933,1.7241,1.6709,1.712,1018363.0,1734370.513
2023-09-27 04:00:00,1.712,1.7464,1.6964,1.745,1241776.0,2134713.3581
2023-09-27 08:00:00,1.745,1.7643,1.7286,1.7461,1145189.0,1998974.0463
2023-09-27 12:00:00,1.7461,1.7612,1.673,1.6971,1279301.0,2195693.8564
2023-09-27 16:00:00,1.6971,1.7585,1.6888,1.7552,959891.0,1664045.2603
2023-09-27 20:00:00,1.7552,1.8343,1.7392,1.7979,1927748.0,3440953.3297
2023-09-28 00:00:00,1.7979,1.8266,1.7781,1.7862,1081032.0,1948738.3514
2023-09-28 04:00:00,1.7862,1.854,1.7744,1.8384,1517389.0,2764278.9184
2023-09-28 08:00:00,1.8384,1.8894,1.8304,1.8667,2106291.0,3929058.1371
2023-09-28 12:00:00,1.8667,1.8985,1.8441,1.872,1372650.0,2567990.4811
2023-09-28 16:00:00,1.872,1.8874,1.7918,1.8065,1857378.0,3401447.4112
2023-09-28 20:00:00,1.8065,1.8065,1.7736,1.7887,997216.0,1787414.5832
2023-09-29 00:00:00,1.7887,1.824,1.7609,1.8001,1245492.0,2229508.5111
2023-09-29 04:00:00,1.8001,1.8467,1.7914,1.7992,1099162.0,1992201.828
2023-09-29 08:00:00,1.7992,1.8128,1.7741,1.8,887740.0,1592893.9335
2023-09-29 12:00:00,1.8,1.805,1.6805,1.7133,2823571.0,4877557.0883
2023-09-29 16:00:00,1.7133,1.7468,1.7053,1.7439,532622.0,922074.3989
2023-09-29 20:00:00,1.7439,1.7512,1.7229,1.7255,334962.0,581968.5285
2023-09-30 00:00:00,1.7255,1.7907,1.7098,1.7703,1531562.0,2691338.1042
2023-09-30 04:00:00,1.7703,1.8007,1.7503,1.791,942669.0,1675727.9737
2023-09-30 08:00:00,1.791,1.8118,1.7615,1.7733,660983.0,1181908.1491
2023-09-30 12:00:00,1.7733,1.7975,1.7345,1.7486,713086.0,1258127.6827
2023-09-30 16:00:00,1.7486,1.7492,1.6749,1.7028,1409307.0,2395241.1778
2023-09-30 20:00:00,1.7028,1.7176,1.653,1.666,973110.0,1635376.1384
2023-10-01 00:00:00,1.666,1.7042,1.6655,1.6952,431859.0,730003.9447
2023-10-01 04:00:00,1.6952,1.7137,1.6615,1.6754,715238.0,1208711.754
2023-10-01 08:00:00,1.6754,1.7242,1.6744,1.7098,898874.0,1525754.2903
2023-10-01 12:00:00,1.7098,1.722,1.6792,1.71,610910.0,1039979.7801
2023-10-01 16:00:00,1.71,1.7169,1.6669,1.6895,329866.0,556107.5326
2023-10-01 20:00:00,1.6895,1.7976,1.6833,1.7753,1028968.0,1811579.544
2023-10-02 00:00:00,1.7753,1.8025,1.7418,1.7446,584586.0,1037209.3134
2023-10-02 04:00:00,1.7446,1.7472,1.6841,1.7152,619032.0,1056722.1367
2023-10-02 08:00:00,1.7152,1.7164,1.6782,1.6878,531916.0,900184.1828
2023-10-02 12:00:00,1.6878,1.7085,1.6567,1.6809,747866.0,1255007.1224
2023-10-02 16:00:00,1.6809,1.6961,1.6042,1.6504,783023.0,1289761.697
2023-10-02 20:00:00,1.6504,1.6527,1.6094,1.6379,170060.0,277988.1466
2023-10-03 00:00:00,1.6379,1.6716,1.6368,1.662,332244.0,551479.1841
2023-10-03 04:00:00,1.662,1.6652,1.6254,1.635,304259.0,499306.0512
2023-10-03 08:00:00,1.635,1.6474,1.5937,1.6167,493640.0,800703.5017
2023-10-03 12:00:00,1.6167,1.6385,1.6005,1.6334,353638.0,575048.1293
2023-10-03 16:00:00,1.6334,1.6551,1.561,1.5676,738262.0,1187910.3002
2023-10-03 20:00:00,1.5676,1.5839,1.5197,1.5309,549989.0,854021.6888
2023-10-04 00:00:00,1.5309,1.534,1.4485,1.5245,940039.0,1414285.0055
2023-10-04 04:00:00,1.5245,1.5249,1.5018,1.5102,184556.0,279287.8579
2023-10-04 08:00:00,1.5102,1.5435,1.491,1.5139,371219.0,561831.2052
2023-10-04 12:00:00,1.5139,1.5304,1.4834,1.499,416988.0,626054.9512
2023-10-04 16:00:00,1.499,1.5453,1.4927,1.5183,576736.0,880203.6634
2023-10-04 20:00:00,1.5183,1.5575,1.515,1.5396,264264.0,408288.1876
2023-10-05 00:00:00,1.5396,1.5542,1.5226,1.5433,324668.0,500187.2873
2023-10-05 04:00:00,1.5433,1.5852,1.5405,1.568,340600.0,534048.4608
2023-10-05 08:00:00,1.568,1.5825,1.5511,1.5604,335083.0,524919.3908
2023-10-05 12:00:00,1.5604,1.5816,1.5115,1.5235,776841.0,1204410.8569
2023-10-05 16:00:00,1.5235,1.5302,1.4867,1.5196,472055.0,711742.1965
2023-10-05 20:00:00,1.5196,1.5251,1.5042,1.5052,161146.0,244551.94
2023-10-06 00:00:00,1.5052,1.5453,1.5021,1.5188,367919.0,562584.242
2023-10-06 04:00:00,1.5188,1.5349,1.5088,1.5289,315972.0,480361.9919
2023-10-06 08:00:00,1.5289,1.5472,1.5289,1.5363,293203.0,450619.5239
2023-10-06 12:00:00,1.5363,1.6363,1.5247,1.6212,884240.0,1390987.7399
2023-10-06 16:00:00,1.6212,1.6711,1.5973,1.6534,705449.0,1159713.5682
2023-10-06 20:00:00,1.6534,1.6852,1.6433,1.651,638646.0,1063517.7823
2023-10-07 00:00:00,1.651,1.667,1.6298,1.6411,718684.0,1182328.9878
2023-10-07 04:00:00,1.6411,1.6761,1.6236,1.6386,924187.0,1522765.1398
2023-10-07 08:00:00,1.6386,1.6534,1.6091,1.616,783816.0,1277805.9134
2023-10-07 12:00:00,1.616,1.6477,1.6135,1.6413,349537.0,569341.2868
2023-10-07 16:00:00,1.6413,1.6631,1.5827,1.5917,1134176.0,1830735.8603
2023-10-07 20:00:00,1.5917,1.615,1.5851,1.5996,732570.0,1173873.7365
2023-10-08 00:00:00,1.5996,1.6317,1.5985,1.6127,457422.0,738904.0109
2023-10-08 04:00:00,1.6127,1.6171,1.5954,1.6015,353972.0,568806.7446
2023-10-08 08:00:00,1.6015,1.624,1.5704,1.5744,726909.0,1159946.5314
2023-10-08 12:00:00,1.5744,1.5965,1.5632,1.5817,303839.0,479915.7627
2023-10-08 16:00:00,1.5817,1.5912,1.568,1.5844,206618.0,326014.6476
2023-10-08 20:00:00,1.5844,1.5978,1.5711,1.5812,253240.0,401918.0469
2023-10-09 00:00:00,1.5812,1.595,1.5694,1.5894,186123.0,294505.6419
2023-10-09 04:00:00,1.5894,1.6012,1.5703,1.5772,235809.0,373635.5107
2023-10-09 08:00:00,1.5772,1.5817,1.4822,1.5022,1105884.0,1683777.2703
2023-10-09 12:00:00,1.5022,1.535,1.498,1.5177,338303.0,515357.8718
2023-10-09 16:00:00,1.5177,1.5533,1.5043,1.5498,283564.0,433467.1265
2023-10-09 20:00:00,1.5498,1.555,1.5337,1.5489,89500.0,138337.4407
2023-10-10 00:00:00,1.5489,1.566,1.5346,1.539,389531.0,603941.6629
2023-10-10 04:00:00,1.539,1.5502,1.5281,1.5333,300865.0,462989.3162
2023-10-10 08:00:00,1.5333,1.5526,1.5223,1.5266,228241.0,350555.3135
2023-10-10 12:00:00,1.5266,1.5377,1.5127,1.5254,231102.0,352621.7326
2023-10-10 16:00:00,1.5254,1.541,1.5138,1.5286,134812.0,206041.9294
2023-10-10 20:00:00,1.5286,1.5529,1.5094,1.5512,198498.0,304476.7903
2023-10-11 00:00:00,1.5512,1.566,1.5215,1.5514,341139.0,527232.7132
2023-10-11 04:00:00,1.5514,1.5616,1.5288,1.5491,305859.0,472713.6266
2023-10-11 08:00:00,1.5491,1.6409,1.5365,1.5981,1036687.0,1660321.4382
2023-10-11 12:00:00,1.5981,1.6194,1.5712,1.5886,734075.0,1176118.8521
2023-10-11 16:00:00,1.5886,1.603,1.5734,1.5814,338752.0,537252.1495
2023-10-11 20:00:00,1.5814,1.6538,1.5762,1.6299,408600.0,664426.1936
2023-10-12 00:00:00,1.6299,1.6363,1.5612,1.5668,550699.0,883500.0947
2023-10-12 04:00:00,1.5668,1.5669,1.5182,1.5296,1120741.0,1722933.4949
2023-10-12 08:00:00,1.5296,1.5323,1.4516,1.4824,1293349.0,1922664.717
2023-10-12 12:00:00,1.4824,1.4824,1.442,1.4679,843412.0,1231885.3819
2023-10-12 16:00:00,1.4679,1.4743,1.4446,1.4658,476229.0,695869.0536
2023-10-12 20:00:00,1.4658,1.4865,1.4585,1.4604,254592.0,374737.8151
2023-10-13 00:00:00,1.4604,1.4837,1.4201,1.4328,606869.0,881522.6937
2023-10-13 04:00:00,1.4328,1.4622,1.4281,1.4592,801124.0,1156618.9113
2023-10-13 08:00:00,1.4592,1.4769,1.4561,1.4693,343485.0,503693.6128
2023-10-13 12:00:00,1.4693,1.4804,1.4634,1.4673,286585.0,421691.8276
2023-10-13 16:00:00,1.4673,1.4962,1.4659,1.4773,240212.0,355207.5331
2023-10-13 20:00:00,1.4773,1.5065,1.4735,1.4837,232250.0,345801.4756
2023-10-14 00:00:00,1.4837,1.4868,1.4603,1.4603,200575.0,295874.5862
2023-10-14 04:00:00,1.4603,1.4796,1.4586,1.4776,147204.0,215847.032
2023-10-14 08:00:00,1.4776,1.487,1.4697,1.4762,505976.0,746453.1681
2023-10-14 12:00:00,1.4762,1.5,1.4709,1.5,476540.0,707394.4625
2023-10-14 16:00:00,1.5,1.5142,1.4922,1.5005,527304.0,791957.3837
2023-10-14 20:00:00,1.5005,1.5072,1.4911,1.4935,179713.0,269232.214
2023-10-15 00:00:00,1.4935,1.527,1.4781,1.4901,516401.0,771537.603
2023-10-15 04:00:00,1.4901,1.5069,1.4858,1.5004,190775.0,285151.0154
2023-10-15 08:00:00,1.5004,1.5187,1.4987,1.5022,280086.0,422555.8883
2023-10-15 12:00:00,1.5022,1.5087,1.4721,1.4876,291452.0,434078.9215
2023-10-15 16:00:00,1.4876,1.5248,1.4842,1.5207,338291.0,511747.3628
2023-10-15 20:00:00,1.5207,1.5441,1.5193,1.5275,443850.0,679522.2417
2023-10-16 00:00:00,1.5275,1.5319,1.5092,1.5136,213054.0,324502.1233
2023-10-16 04:00:00,1.5136,1.5874,1.5104,1.5723,686367.0,1067467.3483
2023-10-16 08:00:00,1.5723,1.5928,1.5635,1.571,229605.0,361416.9988
2023-10-16 12:00:00,1.571,1.69,1.5643,1.5992,1411647.0,2293424.164
2023-10-16 16:00:00,1.5992,1.6236,1.5725,1.6162,332978.0,530752.4645
2023-10-16 20:00:00,1.6162,1.6328,1.6045,1.6073,88426.0,143067.601
2023-10-17 00:00:00,1.6073,1.6195,1.5861,1.5872,184937.0,296042.0688
2023-10-17 04:00:00,1.5872,1.6182,1.5849,1.6145,403849.0,645996.9506
2023-10-17 08:00:00,1.6145,1.6684,1.6103,1.6355,756346.0,1243776.1267
2023-10-17 12:00:00,1.6355,1.6518,1.5902,1.639,737327.0,1199216.2704
2023-10-17 16:00:00,1.639,1.6564,1.6119,1.6349,325791.0,533931.3612
2023-10-17 20:00:00,1.6349,1.6468,1.6208,1.6241,186114.0,304543.2348
2023-10-18 00:00:00,1.6241,1.6392,1.577,1.5927,606331.0,974874.0009
2023-10-18 04:00:00,1.5927,1.6155,1.5557,1.5915,1043560.0,1658439.1369
2023-10-18 08:00:00,1.5915,1.6049,1.578,1.5919,198996.0,317489.9968
2023-10-18 12:00:00,1.5919,1.6,1.5661,1.576,219965.0,347194.5902
2023-10-18 16:00:00,1.576,1.5844,1.4803,1.4946,815305.0,1247935.8395
2023-10-18 20:00:00,1.4946,1.5085,1.4513,1.4531,435465.0,645123.1883
2023-10-19 00:00:00,1.4531,1.4654,1.4007,1.4386,697839.0,1003775.2634
2023-10-19 04:00:00,1.4386,1.4648,1.43,1.4647,259413.0,375051.378
2023-10-19 08:00:00,1.4647,1.495,1.4474,1.474,1308156.0,1929053.8557
2023-10-19 12:00:00,1.474,1.5,1.4612,1.4748,625842.0,924921.777
2023-10-19 16:00:00,1.4748,1.4813,1.442,1.4578,436566.0,637611.2588
2023-10-19 20:00:00,1.4578,1.4731,1.4386,1.4505,138598.0,201713.8262
2023-10-20 00:00:00,1.4505,1.4814,1.4332,1.4673,257838.0,376921.3781
2023-10-20 04:00:00,1.4673,1.537,1.4608,1.5169,574806.0,866829.3461
2023-10-20 08:00:00,1.5169,1.5693,1.5148,1.5316,925964.0,1422795.1147
2023-10-20 12:00:00,1.5316,1.5549,1.5188,1.5298,169223.0,259874.7181
2023-10-20 16:00:00,1.5298,1.5314,1.5099,1.5206,233997.0,355767.1437
2023-10-20 20:00:00,1.5206,1.5366,1.5077,1.5163,120258.0,183359.8638
2023-10-21 00:00:00,1.5163,1.5327,1.4936,1.5157,134497.0,203279.2637
2023-10-21 04:00:00,1.5157,1.53,1.5,1.5292,168131.0,255135.3233
2023-10-21 08:00:00,1.5292,1.5571,1.5239,1.5544,183267.0,281781.8465
2023-10-21 12:00:00,1.5544,1.5558,1.5113,1.5394,306062.0,468043.1308
2023-10-21 16:00:00,1.5394,1.61,1.5343,1.5937,1043313.0,1648411.5531
2023-10-21 20:00:00,1.5937,1.6591,1.5796,1.6068,1175344.0,1896935.8325
2023-10-22 00:00:00,1.6068,1.6625,1.6027,1.6525,1957456.0,3179717.1701
2023-10-22 04:00:00,1.6525,1.7236,1.6207,1.6515,943556.0,1577503.8857
2023-10-22 08:00:00,1.6515,1.6549,1.5814,1.5833,1534494.0,2478100.8053
2023-10-22 12:00:00,1.5833,1.6098,1.566,1.5848,979894.0,1554385.8123
2023-10-22 16:00:00,1.5848,1.6257,1.58,1.6026,307739.0,492179.9853
2023-10-22 20:00:00,1.6026,1.6423,1.5977,1.6317,301197.0,488550.3955
2023-10-23 00:00:00,1.6317,1.6717,1.6068,1.641,751252.0,1233235.1544
2023-10-23 04:00:00,1.641,1.6547,1.5428,1.5564,519968.0,832943.5201
2023-10-23 08:00:00,1.5564,1.5645,1.4812,1.5231,2012044.0,3053935.2757
2023-10-23 12:00:00,1.5231,1.53,1.4907,1.5075,467086.0,706881.2496
2023-10-23 16:00:00,1.5075,1.5544,1.5041,1.5442,733049.0,1122799.275
2023-10-23 20:00:00,1.5442,1.6621,1.5381,1.6566,788420.0,1263865.2355
2023-10-24 00:00:00,1.6566,1.7265,1.6364,1.6478,666974.0,1120602.7656
2023-10-24 04:00:00,1.6478,1.6751,1.5887,1.6591,840116.0,1364876.5756
2023-10-24 08:00:00,1.6591,1.7177,1.6511,1.717,513558.0,864491.9812
2023-10-24 12:00:00,1.717,1.8042,1.6036,1.649,1573297.0,2668750.6823
2023-10-24 16:00:00,1.649,1.7072,1.6248,1.6843,390303.0,654311.6153
2023-10-24 20:00:00,1.6843,1.6955,1.638,1.6774,322428.0,539051.5772
2023-10-25 00:00:00,1.6774,1.7343,1.6563,1.7152,262636.0,447059.1039
2023-10-25 04:00:00,1.7152,1.7658,1.6873,1.708,805501.0,1390996.242
2023-10-25 08:00:00,1.708,1.7801,1.6897,1.7624,355600.0,623061.1021
2023-10-25 12:00:00,1.7624,1.7874,1.732,1.7454,267522.0,469568.0145
2023-10-25 16:00:00,1.7454,1.7542,1.68,1.7242,554809.0,945246.0427
2023-10-25 20:00:00,1.7242,1.836,1.7185,1.8016,1253103.0,2207005.7147
2023-10-26 00:00:00,1.8016,1.84,1.7522,1.7898,468993.0,840104.0996
2023-10-26 04:00:00,1.7898,1.8013,1.7447,1.796,412845.0,730887.1709
2023-10-26 08:00:00,1.796,1.8017,1.7205,1.7395,824684.0,1453162.7773
2023-10-26 12:00:00,1.7395,1.7803,1.6822,1.733,522858.0,904080.2042
2023-10-26 16:00:00,1.733,1.8238,1.6989,1.8218,323556.0,573520.2229
2023-10-26 20:00:00,1.8218,1.9243,1.8154,1.8528,2568951.0,4794996.0103
2023-10-27 00:00:00,1.8528,1.8528,1.7541,1.7893,714353.0,1268095.0235
2023-10-27 04:00:00,1.7893,1.7895,1.7533,1.7565,547849.0,972191.3639
2023-10-27 08:00:00,1.7565,1.8173,1.7512,1.799,446049.0,802080.1243
2023-10-27 12:00:00,1.799,1.8841,1.7853,1.8762,1844812.0,3385063.7977
2023-10-27 16:00:00,1.8762,1.9134,1.8242,1.9087,603171.0,1129654.8988
2023-10-27 20:00:00,1.9087,1.948,1.8612,1.8728,3359249.0,6385969.9771
2023-10-28 00:00:00,1.8728,1.894,1.85,1.8902,470181.0,880652.9306
2023-10-28 04:00:00,1.8902,1.9314,1.8588,1.9277,834331.0,1584919.3668
2023-10-28 08:00:00,1.9277,1.9537,1.8935,1.9,1060800.0,2041795.4016
2023-10-28 12:00:00,1.9,1.9113,1.8307,1.8688,787722.0,1470302.0895
2023-10-28 16:00:00,1.8688,1.8694,1.8359,1.8392,256246.0,473487.3536
2023-10-28 20:00:00,1.8392,1.864,1.8219,1.8364,217907.0,400824.0856
2023-10-29 00:00:00,1.8364,1.8653,1.8101,1.8165,639831.0,1169366.982
2023-10-29 04:00:00,1.8165,1.8631,1.8079,1.8486,686341.0,1262065.4763
2023-10-29 08:00:00,1.8486,1.868,1.8322,1.8401,252714.0,466700.8172
2023-10-29 12:00:00,1.8401,1.8619,1.8322,1.8373,254083.0,468964.0547
2023-10-29 16:00:00,1.8373,1.8516,1.7843,1.8021,439329.0,794289.4441
2023-10-29 20:00:00,1.8021,1.8333,1.7929,1.7994,239466.0,433024.2813
2023-10-30 00:00:00,1.7994,1.8373,1.7994,1.8155,197457.0,359020.6613
2023-10-30 04:00:00,1.8155,1.865,1.8063,1.8428,257914.0,475250.4221
2023-10-30 08:00:00,1.8428,1.9028,1.8363,1.8894,437126.0,820841.5613
2023-10-30 12:00:00,1.8894,1.9136,1.841,1.8741,2558582.0,4797945.9293
2023-10-30 16:00:00,1.8741,1.9363,1.8592,1.9334,1179722.0,2234109.7438
2023-10-30 20:00:00,1.9334,1.9375,1.8776,1.8871,976973.0,1863806.0282
2023-10-31 00:00:00,1.8871,1.9283,1.8681,1.8892,410687.0,777835.1308
2023-10-31 04:00:00,1.8892,1.9681,1.8858,1.9254,827979.0,1599704.7249
2023-10-31 08:00:00,1.9254,2.0417,1.9034,2.0112,1071294.0,2122969.1021
2023-10-31 12:00:00,2.0112,2.0247,1.9268,1.9575,1188030.0,2349586.3688
2023-10-31 16:00:00,1.9575,2.0495,1.9444,2.0263,593143.0,1191229.922
2023-10-31 20:00:00,2.0263,2.047,2.0067,2.0319,369339.0,749848.5357
2023-11-01 00:00:00,2.0319,2.0428,1.9747,1.9915,356827.0,714687.963
2023-11-01 04:00:00,1.9915,2.0025,1.9179,1.9259,1152724.0,2252656.6882
2023-11-01 08:00:00,1.9259,1.9448,1.895,1.9194,851535.0,1640342.2546
2023-11-01 12:00:00,1.9194,1.9319,1.84,1.8653,929831.0,1752812.9865
2023-11-01 16:00:00,1.8653,1.932,1.8565,1.8903,510122.0,971853.3518
2023-11-01 20:00:00,1.8903,1.9309,1.8668,1.8875,398247.0,756153.7514
2023-11-02 00:00:00,1.8875,1.9258,1.883,1.9123,312515.0,597612.5847
2023-11-02 04:00:00,1.9123,1.9191,1.8647,1.873,330927.0,624968.818
2023-11-02 08:00:00,1.873,1.8789,1.8475,1.8716,273428.0,509763.2966
2023-11-02 12:00:00,1.8716,1.8873,1.7361,1.7459,1260714.0,2276712.094
2023-11-02 16:00:00,1.7459,1.7715,1.7053,1.7714,550731.0,957801.7791
2023-11-02 20:00:00,1.7714,1.774,1.7334,1.75,128987.0,226122.6078
2023-11-03 00:00:00,1.75,1.7772,1.7019,1.7725,698953.0,1225299.506
2023-11-03 04:00:00,1.7725,1.8055,1.7626,1.7922,182265.0,325343.8471
2023-11-03 08:00:00,1.7922,1.8184,1.7602,1.8017,159512.0,284680.323
2023-11-03 12:00:00,1.8017,1.8343,1.7938,1.8339,282312.0,512257.4356
2023-11-03 16:00:00,1.8339,1.8697,1.8073,1.8557,235410.0,432933.3137
2023-11-03 20:00:00,1.8557,1.8576,1.8401,1.8535,116690.0,215542.6733
2023-11-04 00:00:00,1.8535,1.8851,1.8443,1.8802,167946.0,313960.0606
2023-11-04 04:00:00,1.8802,1.9012,1.8626,1.8776,128581.0,241864.5279
2023-11-04 08:00:00,1.8776,1.8888,1.8584,1.8622,123155.0,230866.9407
2023-11-04 12:00:00,1.8622,1.8753,1.8506,1.8534,182677.0,340168.298
2023-11-04 16:00:00,1.8534,1.865,1.8392,1.8464,97498.0,180589.7113
2023-11-04 20:00:00,1.8464,1.895,1.8442,1.8676,280962.0,527619.1542
2023-11-05 00:00:00,1.8676,1.8912,1.8494,1.8886,225058.0,421157.1
2023-11-05 04:00:00,1.8886,1.8902,1.8676,1.8682,241308.0,452657.1794
2023-11-05 08:00:00,1.8682,1.8719,1.8213,1.8527,428512.0,791768.4892
2023-11-05 12:00:00,1.8527,1.8648,1.7972,1.8307,216170.0,395786.3714
2023-11-05 16:00:00,1.8307,1.8436,1.8153,1.8328,133789.0,244807.8414
2023-11-05 20:00:00,1.8328,1.839,1.7915,1.8212,277083.0,504162.4996
2023-11-06 00:00:00,1.8212,1.8687,1.8176,1.8206,315147.0,577700.4959
2023-11-06 04:00:00,1.8206,1.8214,1.7767,1.7924,264557.0,474721.7577
2023-11-06 08:00:00,1.7924,1.8239,1.7803,1.8023,241648.0,435019.6351
2023-11-06 12:00:00,1.8023,1.8208,1.7803,1.8059,142651.0,256545.8994
2023-11-06 16:00:00,1.8059,1.8315,1.7785,1.8202,534480.0,969107.0121
2023-11-06 20:00:00,1.8202,1.8248,1.787,1.8206,181070.0,327839.9683
2023-11-07 00:00:00,1.8206,1.8206,1.7811,1.8041,163492.0,294305.2713
2023-11-07 04:00:00,1.8041,1.8363,1.7852,1.8347,205066.0,370011.7163
2023-11-07 08:00:00,1.8347,1.8631,1.7992,1.8191,515021.0,943586.6577
2023-11-07 12:00:00,1.8191,1.8263,1.7376,1.746,546332.0,975041.097
2023-11-07 16:00:00,1.746,1.8088,1.7404,1.7958,245468.0,438531.0709
2023-11-07 20:00:00,1.7958,1.8478,1.7927,1.8405,140536.0,256093.446
2023-11-08 00:00:00,1.8405,1.8585,1.7769,1.8127,649874.0,1181382.7401
2023-11-08 04:00:00,1.8127,1.8258,1.8001,1.81,164555.0,298514.5766
2023-11-08 08:00:00,1.81,1.8136,1.7911,1.8022,59180.0,106606.8008
2023-11-08 12:00:00,1.8022,1.825,1.7969,1.8103,88278.0,159973.5778
2023-11-08 16:00:00,1.8103,1.8379,1.8035,1.8288,110291.0,201273.6571
2023-11-08 20:00:00,1.8288,1.8432,1.8189,1.8324,68941.0,126325.3965
2023-11-09 00:00:00,1.8324,1.869,1.812,1.8547,428931.0,792885.6353
2023-11-09 04:00:00,1.8547,1.8782,1.8459,1.8502,161759.0,301566.1578
2023-11-09 08:00:00,1.8502,1.8702,1.8417,1.86,139692.0,259469.4244
2023-11-09 12:00:00,1.86,1.9124,1.8504,1.8661,799774.0,1499384.6847
2023-11-09 16:00:00,1.8661,1.8796,1.5461,1.7134,1191670.0,2028329.8551
2023-11-09 20:00:00,1.7134,1.7618,1.6651,1.7587,268412.0,458040.8122
2023-11-10 00:00:00,1.7587,1.7753,1.7405,1.7488,114210.0,201041.8961
2023-11-10 04:00:00,1.7488,1.7697,1.7185,1.7341,151972.0,265035.7288
2023-11-10 08:00:00,1.7341,1.7564,1.6991,1.7537,174713.0,302109.5971
2023-11-10 12:00:00,1.7537,1.7547,1.67,1.7143,615269.0,1045574.0691
2023-11-10 16:00:00,1.7143,1.7567,1.7102,1.7527,154416.0,270013.2264
2023-11-10 20:00:00,1.7527,1.997,1.7495,1.9617,452324.0,859574.8354
2023-11-11 00:00:00,1.9617,1.9955,1.8927,1.9884,1016459.0,1970534.5427
2023-11-11 04:00:00,1.9884,2.0927,1.961,2.0432,1664726.0,3403474.6168
2023-11-11 08:00:00,2.0432,2.0884,2.0101,2.0349,477848.0,978540.9045
2023-11-11 12:00:00,2.0349,2.043,1.9308,1.9377,1187913.0,2343281.0451
2023-11-11 16:00:00,1.9377,1.9712,1.9227,1.9634,299212.0,583361.5266
2023-11-11 20:00:00,1.9634,1.9634,1.9103,1.9368,212336.0,411261.0188
2023-11-12 00:00:00,1.9368,1.9496,1.8447,1.9077,305163.0,578614.3866
2023-11-12 04:00:00,1.9077,1.9295,1.8937,1.9072,174453.0,333868.8782
2023-11-12 08:00:00,1.9072,1.9532,1.8935,1.94,297063.0,568948.8054
2023-11-12 12:00:00,1.94,1.9726,1.8981,1.956,168283.0,326366.5865
2023-11-12 16:00:00,1.956,1.9732,1.9314,1.9539,134350.0,262827.3549
2023-11-12 20:00:00,1.9539,1.9836,1.9226,1.9496,183355.0,359396.3036
2023-11-13 00:00:00,1.9496,1.993,1.8775,1.8898,161210.0,312590.4611
2023-11-13 04:00:00,1.8898,1.9495,1.889,1.9495,121428.0,233678.0781
2023-11-13 08:00:00,1.9495,2.1461,1.9225,2.1013,588132.0,1205441.8937
2023-11-13 12:00:00,2.1013,2.5949,2.075,2.4907,9252694.0,22193537.8606
2023-11-13 16:00:00,2.4907,2.6117,2.3693,2.4745,4239306.0,10466340.5774
2023-11-13 20:00:00,2.4745,2.5184,2.2521,2.3084,3615404.0,8560701.9887
2023-11-14 00:00:00,2.3084,2.3084,2.1289,2.188,3171054.0,6957064.8731
2023-11-14 04:00:00,2.188,2.2956,2.1795,2.2503,1119908.0,2494201.5599
2023-11-14 08:00:00,2.2503,2.2778,2.112,2.1495,1520320.0,3306612.2753
2023-11-14 12:00:00,2.1495,2.2289,2.1295,2.2013,782421.0,1706200.9353
2023-11-14 16:00:00,2.2013,2.3059,2.15,2.2257,927205.0,2053962.7715
2023-11-14 20:00:00,2.2257,2.3359,2.2204,2.3007,391576.0,894530.9501
2023-11-15 00:00:00,2.3007,2.4448,2.2744,2.3126,1483217.0,3496280.958
2023-11-15 04:00:00,2.3126,2.4516,2.3126,2.4286,985917.0,2365649.545
2023-11-15 08:00:00,2.4286,2.4414,2.3147,2.3505,284628.0,674979.163
2023-11-15 12:00:00,2.3505,2.4382,2.3158,2.371,433811.0,1026375.6709
2023-11-15 16:00:00,2.371,2.4284,2.2894,2.4102,934164.0,2184709.8943
2023-11-15 20:00:00,2.4102,2.4201,2.3284,2.359,719116.0,1695949.2881
2023-11-16 00:00:00,2.359,2.498,2.342,2.3771,698578.0,1696221.1284
2023-11-16 04:00:00,2.3771,2.4212,2.331,2.3992,680539.0,1623258.1431
2023-11-16 08:00:00,2.3992,2.5269,2.3813,2.4064,635790.0,1551650.9026
2023-11-16 12:00:00,2.4064,2.4222,2.1743,2.2008,1130130.0,2598661.9121
2023-11-16 16:00:00,2.2008,2.2461,2.1503,2.2299,506220.0,1114835.4628
2023-11-16 20:00:00,2.2299,2.2365,2.1454,2.1809,475731.0,1037487.4274
2023-11-17 00:00:00,2.1809,2.2549,2.1526,2.167,213172.0,472609.1099
2023-11-17 04:00:00,2.167,2.1739,2.0559,2.0657,830675.0,1742113.042
2023-11-17 08:00:00,2.0657,2.0745,1.9633,2.0023,774135.0,1555764.4899
2023-11-17 12:00:00,2.0023,2.0707,1.9591,2.0223,747290.0,1510382.1566
2023-11-17 16:00:00,2.0223,2.0763,2.0194,2.0255,290442.0,594700.766
2023-11-17 20:00:00,2.0255,2.0535,1.867,1.9928,6063424.0,11690245.6857
2023-11-18 00:00:00,1.9928,1.9932,1.887,1.8906,2594681.0,5058965.9188
2023-11-18 04:00:00,1.8906,1.9237,1.8181,1.873,1474479.0,2741929.7583
2023-11-18 08:00:00,1.873,1.978,1.8551,1.9668,818255.0,1580557.0963
2023-11-18 12:00:00,1.9668,2.04,1.9419,1.9858,857907.0,1706699.9296
2023-11-18 16:00:00,1.9858,2.0133,1.9548,2.0104,258250.0,511136.7857
2023-11-18 20:00:00,2.0104,2.1152,1.9937,2.0568,1843810.0,3820176.5593
2023-11-19 00:00:00,2.0568,2.1214,1.9984,2.1099,1761077.0,3619355.1178
2023-11-19 04:00:00,2.1099,2.4198,2.0883,2.3333,9195092.0,21353095.1863
2023-11-19 08:00:00,2.3333,2.4449,2.2706,2.4361,4693658.0,11132002.0603
2023-11-19 12:00:00,2.4361,2.4837,2.3705,2.4323,5337327.0,12903173.9502
2023-11-19 16:00:00,2.4323,2.5916,2.4143,2.5475,5399595.0,13495226.5147
2023-11-19 20:00:00,2.5475,2.57,2.3782,2.4178,3569936.0,8767723.5792
2023-11-20 00:00:00,2.4178,2.5264,2.3708,2.3928,2702764.0,6603750.8324
2023-11-20 04:00:00,2.3928,2.6059,2.2432,2.5575,6149347.0,14559257.9238
2023-11-20 08:00:00,2.5575,2.7213,2.246,2.3072,12009106.0,29985995.4537
2023-11-20 12:00:00,2.3072,2.333,2.2563,2.3227,3633266.0,8342097.1321
2023-11-20 16:00:00,2.3227,2.355,2.2312,2.2557,2043218.0,4666987.7041
2023-11-20 20:00:00,2.2557,2.2618,2.1693,2.2017,1390709.0,3073609.2183
2023-11-21 00:00:00,2.2017,2.3668,2.1848,2.3613,2491760.0,5673633.2662
2023-11-21 04:00:00,2.3613,2.4451,2.325,2.3937,2158222.0,5157243.1431
2023-11-21 08:00:00,2.3937,2.5,2.3451,2.4311,2102804.0,5098465.1703
2023-11-21 12:00:00,2.4311,2.4514,2.3019,2.3805,2758488.0,6546095.307
2023-11-21 16:00:00,2.3805,2.445,2.251,2.3221,2283260.0,5310694.5538
2023-11-21 20:00:00,2.3221,2.3484,2.1763,2.2342,1440480.0,3230480.9605
2023-11-22 00:00:00,2.2342,2.4356,2.231,2.4264,1472870.0,3453648.2358
2023-11-22 04:00:00,2.4264,2.5822,2.3731,2.4117,5079238.0,12582062.2284
2023-11-22 08:00:00,2.4117,2.4866,2.3742,2.4378,2689174.0,6522491.3956
2023-11-22 12:00:00,2.4378,2.6085,2.4378,2.4993,3097392.0,7826250.6942
2023-11-22 16:00:00,2.4993,2.5812,2.4804,2.5771,1790458.0,4551305.1734
2023-11-22 20:00:00,2.5771,2.5845,2.499,2.5091,525643.0,1334533.6016
2023-11-23 00:00:00,2.5091,2.5444,2.4437,2.4448,1606696.0,3985166.9769
2023-11-23 04:00:00,2.4448,2.4654,2.4062,2.4366,839699.0,2041323.5192
2023-11-23 08:00:00,2.4366,2.4656,2.3635,2.3734,1050268.0,2529007.5935
2023-11-23 12:00:00,2.3734,2.4196,2.3144,2.3177,2038776.0,4842804.3986
2023-11-23 16:00:00,2.3177,2.407,2.3159,2.382,816548.0,1934341.248
2023-11-23 20:00:00,2.382,2.3976,2.3692,2.3764,217150.0,517287.4946
2023-11-24 00:00:00,2.3764,2.433,2.3428,2.3835,525118.0,1252898.1162
2023-11-24 04:00:00,2.3835,2.5,2.3722,2.4794,1531815.0,3762223.9468
2023-11-24 08:00:00,2.4794,2.5439,2.4229,2.4862,3381573.0,8388248.3624
2023-11-24 12:00:00,2.4862,2.5409,2.4537,2.4682,2472817.0,6194930.3887
2023-11-24 16:00:00,2.4682,2.5678,2.4682,2.4912,1698668.0,4281161.4034
2023-11-24 20:00:00,2.4912,2.5462,2.4359,2.4758,678265.0,1685899.4021
2023-11-25 00:00:00,2.4758,2.6428,2.4414,2.5858,1595545.0,4092511.655
2023-11-25 04:00:00,2.5858,2.682,2.5577,2.6567,2311887.0,6097369.6219
2023-11-25 08:00:00,2.6567,2.6851,2.5837,2.6768,3025994.0,7993360.4865
2023-11-25 12:00:00,2.6768,2.7888,2.659,2.7222,2592187.0,7079394.946
2023-11-25 16:00:00,2.7222,2.8767,2.7062,2.8173,1777206.0,4956990.6627
2023-11-25 20:00:00,2.8173,2.8442,2.7232,2.7337,932229.0,2583525.8091
2023-11-26 00:00:00,2.7337,2.7583,2.6612,2.6682,1452933.0,3928322.6014
2023-11-26 04:00:00,2.6682,2.7136,2.6474,2.6545,896231.0,2395240.3386
2023-11-26 08:00:00,2.6545,2.6962,2.6365,2.6797,487055.0,1298510.4456
2023-11-26 12:00:00,2.6797,2.7362,2.6173,2.6746,2139440.0,5736287.9257
2023-11-26 16:00:00,2.6746,2.7223,2.5588,2.7172,1991332.0,5247259.2836
2023-11-26 20:00:00,2.7172,2.7225,2.6482,2.657,289876.0,778374.4922
2023-11-27 00:00:00,2.657,2.6902,2.5748,2.6145,1220668.0,3187932.8749
2023-11-27 04:00:00,2.6145,2.7071,2.6028,2.706,1159481.0,3067542.4184
2023-11-27 08:00:00,2.706,2.7819,2.5038,2.54,3526184.0,9334360.2751
2023-11-27 12:00:00,2.54,2.5613,2.4552,2.5038,2705188.0,6768526.3986
2023-11-27 16:00:00,2.5038,2.5199,2.4543,2.495,901772.0,2240487.8904
2023-11-27 20:00:00,2.495,2.518,2.457,2.5061,287935.0,716060.5692
2023-11-28 00:00:00,2.5061,2.5739,2.4545,2.4878,996824.0,2508873.5849
2023-11-28 04:00:00,2.4878,2.4914,2.4079,2.4444,1364677.0,3315758.375
2023-11-28 08:00:00,2.4444,2.4653,2.3985,2.463,423879.0,1029651.649
2023-11-28 12:00:00,2.463,2.4936,2.4273,2.4502,1111890.0,2736379.8614
2023-11-28 16:00:00,2.4502,2.5298,2.4379,2.4972,1036759.0,2574819.5338
2023-11-28 20:00:00,2.4972,2.5413,2.4787,2.5186,225766.0,568418.9532
2023-11-29 00:00:00,2.5186,2.63,2.5066,2.6284,1371156.0,3520107.7305
2023-11-29 04:00:00,2.6284,2.6368,2.5521,2.5576,697348.0,1812238.1355
2023-11-29 08:00:00,2.5576,2.5909,2.5343,2.568,579387.0,1483656.1757
2023-11-29 12:00:00,2.568,2.5865,2.4607,2.4682,1062081.0,2667454.7171
2023-11-29 16:00:00,2.4682,2.4722,2.3775,2.4252,710828.0,1715968.5829
2023-11-29 20:00:00,2.4252,2.4252,2.323,2.3406,818611.0,1935588.2824
2023-11-30 00:00:00,2.3406,2.3951,2.3144,2.395,718677.0,1692089.4589
2023-11-30 04:00:00,2.395,2.4132,2.3561,2.3925,585272.0,1394817.0779
2023-11-30 08:00:00,2.3925,2.415,2.3631,2.3962,310793.0,743874.7583
2023-11-30 12:00:00,2.3962,2.42,2.3631,2.41,278041.0,664437.631
2023-11-30 16:00:00,2.41,2.4467,2.3821,2.429,303068.0,731087.5061
2023-11-30 20:00:00,2.429,2.4355,2.4021,2.4311,92234.0,223325.9525
2023-12-01 00:00:00,2.4311,2.4938,2.4242,2.475,383417.0,944612.6586
2023-12-01 04:00:00,2.475,2.518,2.458,2.4633,504168.0,1257914.5393
2023-12-01 08:00:00,2.4633,2.474,2.4334,2.4411,373450.0,916827.8969
2023-12-01 12:00:00,2.4411,2.4468,2.3823,2.3972,293665.0,707740.3931
2023-12-01 16:00:00,2.3972,2.4282,2.3689,2.3956,411714.0,983779.7605
2023-12-01 20:00:00,2.3956,2.4116,2.384,2.3985,182051.0,436285.0949
2023-12-02 00:00:00,2.3985,2.4365,2.3951,2.4178,148663.0,359928.0939
2023-12-02 04:00:00,2.4178,2.4423,2.4019,2.4183,304755.0,737115.2342
2023-12-02 08:00:00,2.4183,2.4442,2.4183,2.4328,215798.0,524816.1291
2023-12-02 12:00:00,2.4328,2.498,2.4209,2.4429,750635.0,1844974.7404
2023-12-02 16:00:00,2.4429,2.5438,2.4356,2.5288,463105.0,1159009.1226
2023-12-02 20:00:00,2.5288,2.5965,2.5235,2.5527,620818.0,1590269.8466
2023-12-03 00:00:00,2.5527,2.6065,2.5266,2.5536,493679.0,1267301.0065
2023-12-03 04:00:00,2.5536,2.5759,2.4994,2.5077,332288.0,842549.5324
2023-12-03 08:00:00,2.5077,2.5392,2.4726,2.4797,546006.0,1366634.1864
2023-12-03 12:00:00,2.4797,2.4976,2.4356,2.4492,482057.0,1185308.1354
2023-12-03 16:00:00,2.4492,2.4834,2.4237,2.4287,414355.0,1011844.6572
2023-12-03 20:00:00,2.4287,2.4859,2.422,2.4634,368143.0,902218.727
2023-12-04 00:00:00,2.4634,2.5663,2.4531,2.5188,1002142.0,2525148.8471
2023-12-04 04:00:00,2.5188,2.5764,2.4923,2.5474,506906.0,1286726.8388
2023-12-04 08:00:00,2.5474,2.561,2.3015,2.4156,1078987.0,2602886.2368
2023-12-04 12:00:00,2.4156,2.4359,2.349,2.3666,562056.0,1339317.2564
2023-12-04 16:00:00,2.3666,2.4349,2.3616,2.4258,207453.0,500259.5085
2023-12-04 20:00:00,2.4258,2.464,2.4107,2.4616,181376.0,441400.9439
2023-12-05 00:00:00,2.4616,2.5346,2.4156,2.4449,585319.0,1445841.9646
2023-12-05 04:00:00,2.4449,2.469,2.3698,2.3958,389627.0,946431.4224
2023-12-05 08:00:00,2.3958,2.4159,2.37,2.3954,153683.0,368495.8565
2023-12-05 12:00:00,2.3954,2.464,2.3887,2.4543,452853.0,1099097.6224
2023-12-05 16:00:00,2.4543,2.4946,2.4148,2.4921,266186.0,653393.1082
2023-12-05 20:00:00,2.4921,2.5003,2.4257,2.4483,186879.0,459811.9044
2023-12-06 00:00:00,2.4483,2.4874,2.4285,2.4497,259115.0,638697.6125
2023-12-06 04:00:00,2.4497,2.5264,2.4009,2.4695,528922.0,1298117.1369
2023-12-06 08:00:00,2.4695,2.5429,2.396,2.4319,769666.0,1912753.7372
2023-12-06 12:00:00,2.4319,2.5121,2.4177,2.463,987014.0,2431768.7673
2023-12-06 16:00:00,2.463,2.5064,2.463,2.4953,234825.0,583424.0301
2023-12-06 20:00:00,2.4953,2.5033,2.4074,2.43,207342.0,507558.937
2023-12-07 00:00:00,2.43,2.4882,2.4193,2.4346,215301.0,527366.1592
2023-12-07 04:00:00,2.4346,2.4584,2.4315,2.439,210204.0,513693.788
2023-12-07 08:00:00,2.439,2.4488,2.3306,2.3711,388979.0,925754.6792
2023-12-07 12:00:00,2.3711,2.438,2.3563,2.43,257888.0,619822.4253
2023-12-07 16:00:00,2.43,2.518,2.4176,2.4537,567961.0,1409585.5874
2023-12-07 20:00:00,2.4537,2.5111,2.4485,2.5003,145958.0,362559.1876
2023-12-08 00:00:00,2.5003,2.5271,2.4728,2.5199,211724.0,529081.1375
2023-12-08 04:00:00,2.5199,2.5463,2.486,2.486,216618.0,545306.9289
2023-12-08 08:00:00,2.486,2.5171,2.4626,2.5092,208137.0,517133.7982
2023-12-08 12:00:00,2.5092,2.5264,2.4282,2.4428,778481.0,1925069.8753
2023-12-08 16:00:00,2.4428,2.4752,2.4377,2.4667,147023.0,361555.938
2023-12-08 20:00:00,2.4667,2.487,2.4649,2.4854,151563.0,375126.1838
2023-12-09 00:00:00,2.4854,2.5175,2.4752,2.4955,217015.0,542709.5527
2023-12-09 04:00:00,2.4955,2.5287,2.4911,2.515,158214.0,397376.9593
2023-12-09 08:00:00,2.515,2.5412,2.4413,2.4778,434668.0,1083137.2055
2023-12-09 12:00:00,2.4778,2.5487,2.47,2.5308,385633.0,968146.6444
2023-12-09 16:00:00,2.5308,2.5881,2.47,2.5101,315508.0,793907.5246
2023-12-09 20:00:00,2.5101,2.5166,2.4399,2.4864,144693.0,359090.7747
2023-12-10 00:00:00,2.4864,2.6192,2.4807,2.5744,732420.0,1882102.1035
2023-12-10 04:00:00,2.5744,2.6882,2.571,2.6302,464277.0,1224270.6081
2023-12-10 08:00:00,2.6302,2.6349,2.5413,2.6006,463320.0,1198223.4417
2023-12-10 12:00:00,2.6006,2.656,2.5834,2.6441,322528.0,846332.8326
2023-12-10 16:00:00,2.6441,2.6874,2.6144,2.6521,392496.0,1041042.7318
2023-12-10 20:00:00,2.6521,2.7483,2.6339,2.6907,504706.0,1358627.9886
2023-12-11 00:00:00,2.6907,2.7005,2.3428,2.5978,1807782.0,4597116.9272
2023-12-11 04:00:00,2.5978,2.6143,2.4182,2.4566,1082656.0,2733238.2097
2023-12-11 08:00:00,2.4566,2.5305,2.4461,2.5067,194875.0,487032.7216
2023-12-11 12:00:00,2.5067,2.5116,2.4301,2.4625,218908.0,538674.9343
2023-12-11 16:00:00,2.4625,2.4638,2.367,2.4062,350593.0,842912.9265
2023-12-11 20:00:00,2.4062,2.4523,2.3943,2.4475,124694.0,303070.2474
2023-12-12 00:00:00,2.4475,2.4959,2.439,2.4702,200835.0,497765.2371
2023-12-12 04:00:00,2.4702,2.486,2.4291,2.4801,151870.0,373769.033
2023-12-12 08:00:00,2.4801,2.4801,2.3909,2.3933,215208.0,524447.0744
2023-12-12 12:00:00,2.3933,2.4473,2.3854,2.4062,251176.0,606672.6319
2023-12-12 16:00:00,2.4062,2.439,2.3522,2.3969,413043.0,991641.0194
2023-12-12 20:00:00,2.3969,2.4279,2.3731,2.4142,182955.0,439750.0567
2023-12-13 00:00:00,2.4142,2.418,2.321,2.33,332783.0,784515.8655
2023-12-13 04:00:00,2.33,2.3535,2.3014,2.3373,169238.0,395345.3389
2023-12-13 08:00:00,2.3373,2.3604,2.3304,2.3354,177666.0,417338.2318
2023-12-13 12:00:00,2.3354,2.5816,2.332,2.5334,2277339.0,5663187.8428
2023-12-13 16:00:00,2.5334,2.5441,2.4511,2.524,416507.0,1038369.6129
2023-12-13 20:00:00,2.524,2.576,2.5093,2.517,215295.0,547644.1814
2023-12-14 00:00:00,2.517,2.5511,2.4988,2.5092,208773.0,526024.7387
2023-12-14 04:00:00,2.5092,2.5784,2.5064,2.5728,570784.0,1455026.304
2023-12-14 08:00:00,2.5728,2.6386,2.5617,2.6035,459032.0,1191093.6367
2023-12-14 12:00:00,2.6035,2.6158,2.4382,2.5693,827537.0,2099548.6967
2023-12-14 16:00:00,2.5693,2.6254,2.5572,2.5973,241239.0,626031.9603
2023-12-14 20:00:00,2.5973,2.6746,2.5812,2.6129,1355288.0,3573918.8417
2023-12-15 00:00:00,2.6129,2.6936,2.5684,2.6929,425673.0,1121120.7936
2023-12-15 04:00:00,2.6929,2.7201,2.5865,2.5961,460125.0,1225170.3373
2023-12-15 08:00:00,2.5961,2.6806,2.5905,2.6164,1068915.0,2836593.8246
2023-12-15 12:00:00,2.6164,2.6218,2.5133,2.537,345239.0,885824.1549
2023-12-15 16:00:00,2.537,2.5785,2.5172,2.553,159676.0,407374.6101
2023-12-15 20:00:00,2.553,2.5873,2.4597,2.4642,751700.0,1894489.3899
2023-12-16 00:00:00,2.4642,2.6024,2.4169,2.5356,864182.0,2211897.0141
2023-12-16 04:00:00,2.5356,2.5944,2.5068,2.5894,134077.0,342369.6544
2023-12-16 08:00:00,2.5894,3.2689,2.5859,2.9968,4217457.0,12787415.5247
2023-12-16 12:00:00,2.9968,3.2895,2.9941,3.2549,2977192.0,9452972.5345
2023-12-16 16:00:00,3.2549,4.5813,3.2176,3.9284,10399402.0,41060297.6022
2023-12-16 20:00:00,3.9284,4.0228,3.6276,3.8182,3612019.0,13808135.2947
2023-12-17 00:00:00,3.8182,3.985,3.7238,3.8502,2721134.0,10482278.3237
2023-12-17 04:00:00,3.8502,4.144,3.7826,3.9093,4096440.0,16284956.776
2023-12-17 08:00:00,3.9093,4.3751,3.8565,4.1626,4470568.0,18583071.0248
2023-12-17 12:00:00,4.1626,4.75,3.9984,4.6828,3725058.0,15996069.2223
2023-12-17 16:00:00,4.6828,4.7843,4.1985,4.4103,2772076.0,12382088.6835
2023-12-17 20:00:00,4.4103,4.6958,4.067,4.2029,2709981.0,12060307.74
2023-12-18 00:00:00,4.2029,4.3616,3.9708,4.216,2408518.0,9982369.9276
2023-12-18 04:00:00,4.216,4.2211,3.7478,3.8013,2370517.0,9523371.8514
2023-12-18 08:00:00,3.8013,3.9611,3.7497,3.9231,1354690.0,5210302.0164
2023-12-18 12:00:00,3.9231,4.1684,3.8513,3.8811,1513428.0,6056353.0581
2023-12-18 16:00:00,3.8811,3.9083,3.6527,3.8686,782390.0,2964072.0161
2023-12-18 20:00:00,3.8686,3.9658,3.8243,3.948,389724.0,1520027.9795
2023-12-19 00:00:00,3.948,4.3115,3.8771,4.1748,907005.0,3714916.4003
2023-12-19 04:00:00,4.1748,4.3256,4.0962,4.1218,680388.0,2844863.6742
2023-12-19 08:00:00,4.1218,4.1218,3.84,3.9809,746421.0,2959971.9941
2023-12-19 12:00:00,3.9809,4.1828,3.783,3.8149,1738945.0,6844969.9108
2023-12-19 16:00:00,3.8149,3.9159,3.7206,3.8454,630843.0,2406106.5735
2023-12-19 20:00:00,3.8454,3.8878,3.6816,3.7247,256108.0,965741.0305
2023-12-20 00:00:00,3.7247,3.8111,3.4327,3.516,1475640.0,5263065.4838
2023-12-20 04:00:00,3.516,3.6072,3.5045,3.5419,556714.0,1984005.9966
2023-12-20 08:00:00,3.5419,3.6441,3.5157,3.5571,548025.0,1954199.4952
2023-12-20 12:00:00,3.5571,3.7797,3.5202,3.6747,1280969.0,4707351.0539
2023-12-20 16:00:00,3.6747,3.7148,3.5197,3.5339,562057.0,2017512.7401
2023-12-20 20:00:00,3.5339,3.5427,3.41,3.4953,434589.0,1509311.6628
2023-12-21 00:00:00,3.4953,3.5762,3.4419,3.5722,319112.0,1113860.9807
2023-12-21 04:00:00,3.5722,3.7664,3.5089,3.6746,1491007.0,5462586.8925
2023-12-21 08:00:00,3.6746,3.8365,3.5873,3.7711,1210748.0,4470764.0771
2023-12-21 12:00:00,3.7711,3.8633,3.6144,3.6334,970305.0,3636544.3007
2023-12-21 16:00:00,3.6334,3.6666,3.5355,3.5625,385018.0,1385583.9638
2023-12-21 20:00:00,3.5625,3.5978,3.5158,3.5312,498921.0,1774289.5179
2023-12-22 00:00:00,3.5312,3.717,3.5307,3.6458,900799.0,3283060.9692
2023-12-22 04:00:00,3.6458,3.7664,3.5302,3.5795,931446.0,3399103.4071
2023-12-22 08:00:00,3.5795,3.6194,3.4813,3.5331,421989.0,1491314.7356
2023-12-22 12:00:00,3.5331,3.5721,3.46,3.5333,447527.0,1568457.5449
2023-12-22 16:00:00,3.5333,3.6666,3.5323,3.6471,441835.0,1596124.0884
2023-12-22 20:00:00,3.6471,3.7388,3.6471,3.6905,334813.0,1235403.5391
2023-12-23 00:00:00,3.6905,3.7348,3.326,3.3689,1462151.0,5061397.3319
2023-12-23 04:00:00,3.3689,3.4389,3.3394,3.3976,278227.0,942199.9016
2023-12-23 08:00:00,3.3976,3.4117,3.3572,3.3853,230477.0,779799.6205
2023-12-23 12:00:00,3.3853,3.413,3.3542,3.4014,213686.0,722010.6747
2023-12-23 16:00:00,3.4014,3.4643,3.4004,3.4477,333045.0,1144117.6687
2023-12-23 20:00:00,3.4477,3.4882,3.4332,3.4567,170405.0,589506.0952
2023-12-24 00:00:00,3.4567,3.4683,3.3823,3.4178,315473.0,1079315.104
2023-12-24 04:00:00,3.4178,3.5304,3.3339,3.4713,634282.0,2175553.6396
2023-12-24 08:00:00,3.4713,3.5834,3.4286,3.5812,540472.0,1896694.515
2023-12-24 12:00:00,3.5812,3.5917,3.3916,3.399,288837.0,1003382.9641
2023-12-24 16:00:00,3.399,3.4582,3.3933,3.4152,193575.0,663695.1414
2023-12-24 20:00:00,3.4152,3.4259,3.2625,3.3611,575355.0,1920787.536
2023-12-25 00:00:00,3.3611,3.4946,3.3611,3.4624,310231.0,1062378.3926
2023-12-25 04:00:00,3.4624,3.5131,3.4349,3.4787,262337.0,910378.2856
2023-12-25 08:00:00,3.4787,3.7054,3.4175,3.6378,1000357.0,3567353.5923
2023-12-25 12:00:00,3.6378,3.777,3.6106,3.6906,803879.0,2971987.5067
2023-12-25 16:00:00,3.6906,3.7164,3.5805,3.6884,453447.0,1655608.9813
2023-12-25 20:00:00,3.6884,3.7762,3.603,3.763,387538.0,1440639.1577
2023-12-26 00:00:00,3.763,4.0761,3.7488,3.9945,1138591.0,4454010.4759
2023-12-26 04:00:00,3.9945,4.0649,3.6685,3.73,1561613.0,5922754.8875
2023-12-26 08:00:00,3.73,3.8166,3.6778,3.812,636972.0,2392727.845
2023-12-26 12:00:00,3.812,3.8938,3.6901,3.7032,455974.0,1731609.3143
2023-12-26 16:00:00,3.7032,3.78,3.3351,3.5467,660572.0,2356430.7952
2023-12-26 20:00:00,3.5467,3.6964,3.5355,3.6837,242354.0,884339.8221
2023-12-27 00:00:00,3.6837,3.7053,3.51,3.5382,252803.0,912446.2201
2023-12-27 04:00:00,3.5382,3.5984,3.4222,3.4332,788936.0,2762209.638
2023-12-27 08:00:00,3.4332,3.6361,3.4285,3.607,425180.0,1507495.8833
2023-12-27 12:00:00,3.607,3.7479,3.5542,3.7232,403651.0,1456729.8867
2023-12-27 16:00:00,3.7232,3.7254,3.6133,3.6556,253876.0,932099.1384
2023-12-27 20:00:00,3.6556,3.7065,3.5713,3.6198,250876.0,909048.2442
2023-12-28 00:00:00,3.6198,3.7418,3.5328,3.5572,381265.0,1384888.0296
2023-12-28 04:00:00,3.5572,3.6487,3.4753,3.5397,346770.0,1233489.1809
2023-12-28 08:00:00,3.5397,3.5681,3.5148,3.5358,93811.0,332186.5877
2023-12-28 12:00:00,3.5358,3.5613,3.3533,3.4561,387289.0,1338863.0471
2023-12-28 16:00:00,3.4561,3.5,3.4157,3.4591,145452.0,502628.047
2023-12-28 20:00:00,3.4591,3.5438,3.4202,3.5144,131616.0,456380.0537
2023-12-29 00:00:00,3.5144,3.6108,3.4001,3.5752,377298.0,1323196.164
2023-12-29 04:00:00,3.5752,3.5918,3.4644,3.4752,149354.0,529806.188
2023-12-29 08:00:00,3.4752,3.6425,3.4752,3.5866,250542.0,898008.0259
2023-12-29 12:00:00,3.5866,3.6475,3.4856,3.5236,331591.0,1186700.2776
2023-12-29 16:00:00,3.5236,3.5368,3.4201,3.5132,211640.0,734879.6247
2023-12-29 20:00:00,3.5132,3.518,3.3785,3.5068,97603.0,335885.7142
2023-12-30 00:00:00,3.5068,3.6279,3.493,3.598,302008.0,1085543.4195
2023-12-30 04:00:00,3.598,3.6377,3.5573,3.572,120535.0,433513.6343
2023-12-30 08:00:00,3.572,3.604,3.4419,3.5111,335221.0,1171378.2962
2023-12-30 12:00:00,3.5111,3.9346,3.5093,3.9287,1671322.0,6227586.0351
2023-12-30 16:00:00,3.9287,3.9884,3.6639,3.6774,743741.0,2836019.0954
2023-12-30 20:00:00,3.6774,3.7393,3.6316,3.6649,459201.0,1692797.2942
2023-12-31 00:00:00,3.6649,3.7934,3.6649,3.741,453936.0,1692259.0432
2023-12-31 04:00:00,3.741,3.7794,3.6609,3.7419,278724.0,1037089.1596
2023-12-31 08:00:00,3.7419,3.8847,3.6964,3.7917,361567.0,1370765.9515
2023-12-31 12:00:00,3.7917,3.8228,3.6149,3.68,791198.0,2934714.1059
2023-12-31 16:00:00,3.68,3.7376,3.6613,3.7086,254972.0,945771.6821
2023-12-31 20:00:00,3.7086,3.7715,3.4802,3.6319,468980.0,1697542.6035
2024-01-01 00:00:00,3.6319,3.7759,3.5457,3.5709,506464.0,1847779.2978
2024-01-01 04:00:00,3.5709,3.6198,3.5253,3.5802,201416.0,720374.8411
2024-01-01 08:00:00,3.5802,3.5893,3.5306,3.5584,227670.0,809537.6716
2024-01-01 12:00:00,3.5584,3.5722,3.4851,3.5384,264012.0,931223.5417
2024-01-01 16:00:00,3.5384,3.5976,3.4948,3.5947,176478.0,625599.6997
2024-01-01 20:00:00,3.5947,3.6384,3.5586,3.6165,284912.0,1026724.4037
2024-01-02 00:00:00,3.6165,3.781,3.5856,3.7782,721355.0,2660894.8973
2024-01-02 04:00:00,3.7782,3.8295,3.7249,3.8044,363103.0,1369250.4857
2024-01-02 08:00:00,3.8044,3.9168,3.7067,3.7424,763092.0,2919856.6747
2024-01-02 12:00:00,3.7424,3.8569,3.5609,3.6011,602903.0,2221956.8225
2024-01-02 16:00:00,3.6011,3.6587,3.5536,3.5702,195377.0,702282.6057
2024-01-02 20:00:00,3.5702,3.591,3.5175,3.5781,189903.0,677060.4682
2024-01-03 00:00:00,3.5781,3.7766,3.5778,3.7196,227650.0,840454.7255
2024-01-03 04:00:00,3.7196,3.854,3.7088,3.7307,233301.0,885549.94
2024-01-03 08:00:00,3.7307,3.854,3.6015,3.628,774754.0,2887899.9205
2024-01-03 12:00:00,3.628,3.6292,2.3668,3.1475,2066555.0,6477144.2129
2024-01-03 16:00:00,3.1475,3.178,2.9943,3.0565,318762.0,987590.5907
2024-01-03 20:00:00,3.0565,3.1712,3.023,3.0797,417925.0,1297994.4104
2024-01-04 00:00:00,3.0797,3.1621,2.9852,3.1171,562257.0,1739778.2402
2024-01-04 04:00:00,3.1171,3.1622,3.0568,3.0714,331210.0,1023146.1057
2024-01-04 08:00:00,3.0714,3.1777,3.0428,3.111,597187.0,1862934.2488
2024-01-04 12:00:00,3.111,3.2349,3.0966,3.1943,391334.0,1234214.4652
2024-01-04 16:00:00,3.1943,3.2175,3.1476,3.1801,152123.0,483288.0734
2024-01-04 20:00:00,3.1801,3.2493,3.1747,3.2021,137846.0,440802.0381
2024-01-05 00:00:00,3.2021,3.2424,2.9903,3.0709,460240.0,1430932.0779
2024-01-05 04:00:00,3.0709,3.117,3.0308,3.0765,100939.0,311007.1609
2024-01-05 08:00:00,3.0765,3.1186,2.9795,3.0453,162734.0,494209.6966
2024-01-05 12:00:00,3.0453,3.0666,2.9245,2.9645,181139.0,542396.441
2024-01-05 16:00:00,2.9645,2.9961,2.8703,2.92,254669.0,740961.9831
2024-01-05 20:00:00,2.92,2.983,2.8559,2.983,126745.0,368834.6905
2024-01-06 00:00:00,2.983,2.983,2.8599,2.8738,169969.0,492793.0014
2024-01-06 04:00:00,2.8738,2.8828,2.6388,2.7706,1275067.0,3504981.0969
2024-01-06 08:00:00,2.7706,2.7999,2.7425,2.7809,198416.0,550593.9444
2024-01-06 12:00:00,2.7809,2.8341,2.7429,2.8066,315223.0,882278.4682
2024-01-06 16:00:00,2.8066,2.8522,2.7675,2.7938,320564.0,905503.926
2024-01-06 20:00:00,2.7938,2.812,2.723,2.7786,104109.0,287039.2526
2024-01-07 00:00:00,2.7786,2.8339,2.763,2.7998,165609.0,462751.1472
2024-01-07 04:00:00,2.7998,2.8506,2.7924,2.8076,189798.0,533258.3056
2024-01-07 08:00:00,2.8076,2.8323,2.7188,2.7392,211442.0,586893.2916
2024-01-07 12:00:00,2.7392,2.7971,2.7045,2.7276,213600.0,585025.1112
2024-01-07 16:00:00,2.7276,2.7569,2.6592,2.7534,188311.0,508551.9224
2024-01-07 20:00:00,2.7534,2.7667,2.591,2.6295,179572.0,477078.4693
2024-01-08 00:00:00,2.6295,2.6564,2.4029,2.4915,491815.0,1241994.8662
2024-01-08 04:00:00,2.4915,2.6191,2.4737,2.5787,205100.0,525136.6869
2024-01-08 08:00:00,2.5787,2.6317,2.5462,2.6238,133907.0,346455.9918
2024-01-08 12:00:00,2.6238,2.76,2.6238,2.752,473775.0,1275793.6636
2024-01-08 16:00:00,2.752,2.873,2.7064,2.8501,428534.0,1186812.745
2024-01-08 20:00:00,2.8501,2.8554,2.793,2.8166,310780.0,875135.8709
2024-01-09 00:00:00,2.8166,2.8345,2.7392,2.7487,116968.0,324208.4342
2024-01-09 04:00:00,2.7487,2.7915,2.7316,2.7645,169762.0,469775.4858
2024-01-09 08:00:00,2.7645,2.7685,2.6571,2.6943,170855.0,462911.0794
2024-01-09 12:00:00,2.6943,2.7049,2.52,2.6202,321889.0,841365.6631
2024-01-09 16:00:00,2.6202,2.6233,2.4862,2.5266,276578.0,705291.3422
2024-01-09 20:00:00,2.5266,2.5327,2.3706,2.5002,970649.0,2356107.512
2024-01-10 00:00:00,2.5002,2.5658,2.4786,2.5578,178137.0,448300.3392
2024-01-10 04:00:00,2.5578,2.6059,2.5142,2.52,107447.0,274106.8232
2024-01-10 08:00:00,2.52,2.5856,2.4812,2.5245,212644.0,537751.1483
2024-01-10 12:00:00,2.5245,2.5251,2.4013,2.4745,382494.0,937340.6192
2024-01-10 16:00:00,2.4745,2.5711,2.4551,2.5577,462903.0,1157040.796
2024-01-10 20:00:00,2.5577,2.8289,2.4757,2.7496,452199.0,1207047.5983
2024-01-11 00:00:00,2.7496,2.7921,2.7009,2.7635,148479.0,408105.9951
2024-01-11 04:00:00,2.7635,2.8193,2.7071,2.789,158680.0,437423.4098
2024-01-11 08:00:00,2.789,2.9026,2.7826,2.8794,253530.0,725509.4998
2024-01-11 12:00:00,2.8794,2.9393,2.69,2.7369,636389.0,1800605.655
2024-01-11 16:00:00,2.7369,2.7612,2.6431,2.7444,387973.0,1047969.4401
2024-01-11 20:00:00,2.7444,2.793,2.7065,2.7743,202540.0,559424.7559
2024-01-12 00:00:00,2.7743,2.811,2.6831,2.7757,168994.0,464013.8434
2024-01-12 04:00:00,2.7757,2.895,2.7691,2.8194,459923.0,1304332.178
2024-01-12 08:00:00,2.8194,2.897,2.7464,2.8652,331674.0,935183.5464
2024-01-12 12:00:00,2.8652,3.1827,2.8652,2.977,1672923.0,5108092.7144
2024-01-12 16:00:00,2.977,3.1066,2.841,2.9188,660002.0,1961050.565
2024-01-12 20:00:00,2.9188,2.976,2.7033,2.8479,457914.0,1307500.7407
2024-01-13 00:00:00,2.8479,2.8583,2.6991,2.8134,205230.0,571869.6532
2024-01-13 04:00:00,2.8134,2.9341,2.8006,2.8517,222967.0,637734.7767
2024-01-13 08:00:00,2.8517,2.9023,2.8185,2.8495,229560.0,655810.84
2024-01-13 12:00:00,2.8495,2.8669,2.7985,2.838,243403.0,689248.8293
2024-01-13 16:00:00,2.838,2.874,2.7887,2.8642,95895.0,270744.5526
2024-01-13 20:00:00,2.8642,2.9157,2.8232,2.8648,83231.0,238766.0714
2024-01-14 00:00:00,2.8648,2.8785,2.8002,2.8565,168116.0,476433.7846
2024-01-14 04:00:00,2.8565,2.9226,2.8097,2.8785,108314.0,311038.6025
2024-01-14 08:00:00,2.8785,2.8967,2.82,2.8315,61628.0,176163.0445
2024-01-14 12:00:00,2.8315,2.8441,2.8019,2.8191,99997.0,281803.3011
2024-01-14 16:00:00,2.8191,2.8386,2.7307,2.7357,128012.0,356298.3298
2024-01-14 20:00:00,2.7357,2.7711,2.6575,2.6618,203175.0,551254.8707
2024-01-15 00:00:00,2.6618,2.7407,2.6606,2.7192,129302.0,350022.876
2024-01-15 04:00:00,2.7192,2.778,2.7064,2.7382,123287.0,338627.521
2024-01-15 08:00:00,2.7382,2.7972,2.7333,2.7713,100122.0,277372.9843
2024-01-15 12:00:00,2.7713,2.7921,2.7185,2.7314,343026.0,947513.5672
2024-01-15 16:00:00,2.7314,2.8331,2.7309,2.7932,161382.0,451500.469
2024-01-15 20:00:00,2.7932,2.8138,2.7374,2.7658,102133.0,283354.2602
2024-01-16 00:00:00,2.7658,2.8558,2.7658,2.8428,166719.0,470447.3924
2024-01-16 04:00:00,2.8428,2.8459,2.7634,2.7741,185617.0,521266.585
2024-01-16 08:00:00,2.7741,2.8123,2.7349,2.7475,141965.0,394427.613
2024-01-16 12:00:00,2.7475,2.7871,2.6867,2.7749,292486.0,804179.5114
2024-01-16 16:00:00,2.7749,2.7867,2.7254,2.7447,114206.0,313609.3412
2024-01-16 20:00:00,2.7447,2.781,2.7386,2.7511,67497.0,186013.8329
2024-01-17 00:00:00,2.7511,2.7702,2.7326,2.7326,88375.0,243298.922
2024-01-17 04:00:00,2.7326,2.7529,2.686,2.6897,151166.0,410966.8064
2024-01-17 08:00:00,2.6897,2.75,2.6736,2.7484,153601.0,418630.4328
2024-01-17 12:00:00,2.7484,2.774,2.7124,2.7289,199642.0,547961.7802
2024-01-17 16:00:00,2.7289,2.7498,2.6852,2.7254,72771.0,198132.6019
2024-01-17 20:00:00,2.7254,2.7458,2.684,2.7183,56385.0,152886.9358
2024-01-18 00:00:00,2.7183,2.735,2.6709,2.6807,64735.0,174447.6592
2024-01-18 04:00:00,2.6807,2.7584,2.6781,2.7479,119245.0,325593.9268
2024-01-18 08:00:00,2.7479,2.7692,2.7031,2.7201,186981.0,511919.0529
2024-01-18 12:00:00,2.7201,2.7495,2.6398,2.7338,386167.0,1044093.0201
2024-01-18 16:00:00,2.7338,2.7343,2.5227,2.549,503574.0,1314048.7739
2024-01-18 20:00:00,2.549,2.5916,2.5375,2.5708,215229.0,552590.4188
2024-01-19 00:00:00,2.5708,2.5789,2.4545,2.5146,232767.0,583534.7117
2024-01-19 04:00:00,2.5146,2.5833,2.5083,2.5312,391840.0,998229.4368
2024-01-19 08:00:00,2.5312,2.5817,2.5228,2.5743,143096.0,365773.7448
2024-01-19 12:00:00,2.5743,2.5785,2.4976,2.5036,193732.0,492696.1964
2024-01-19 16:00:00,2.5036,2.5136,2.3407,2.5084,663796.0,1599578.7206
2024-01-19 20:00:00,2.5084,2.5373,2.4909,2.5126,148960.0,374279.4697
2024-01-20 00:00:00,2.5126,2.55,2.4851,2.5285,121460.0,306318.1983
2024-01-20 04:00:00,2.5285,2.5346,2.5031,2.5132,71086.0,179111.3668
2024-01-20 08:00:00,2.5132,2.5178,2.4447,2.4793,117561.0,291850.6012
2024-01-20 12:00:00,2.4793,2.4885,2.4381,2.4669,152838.0,377135.6591
2024-01-20 16:00:00,2.4669,2.4876,2.4464,2.4768,62291.0,153544.6369
2024-01-20 20:00:00,2.4768,2.5169,2.4707,2.4985,101128.0,252797.2093
2024-01-21 00:00:00,2.4985,2.5582,2.4724,2.5416,147243.0,371689.6876
2024-01-21 04:00:00,2.5416,2.5499,2.4968,2.5303,68929.0,173789.3715
2024-01-21 08:00:00,2.5303,2.571,2.5222,2.5542,135062.0,344156.3541
2024-01-21 12:00:00,2.5542,2.6689,2.5434,2.5623,519232.0,1354459.2861
2024-01-21 16:00:00,2.5623,2.5974,2.5356,2.5606,121759.0,312606.463
2024-01-21 20:00:00,2.5606,2.5607,2.4938,2.5006,133997.0,338356.6393
2024-01-22 00:00:00,2.5006,2.5196,2.4217,2.4349,125335.0,308361.0298
2024-01-22 04:00:00,2.4349,2.4665,2.4005,2.4413,72887.0,177893.7357
2024-01-22 08:00:00,2.4413,2.4413,2.3364,2.3838,372164.0,887579.9427
2024-01-22 12:00:00,2.3838,2.4178,2.3201,2.3623,188060.0,444945.6263
2024-01-22 16:00:00,2.3623,2.3811,2.2572,2.2931,246925.0,567466.1014
2024-01-22 20:00:00,2.2931,2.3521,2.2482,2.2622,116189.0,267961.5467
2024-01-23 00:00:00,2.2622,2.3271,2.2296,2.3135,111457.0,252992.9859
2024-01-23 04:00:00,2.3135,2.338,2.247,2.2613,121676.0,280594.0109
2024-01-23 08:00:00,2.2613,2.2743,2.0735,2.1694,425276.0,926093.2016
2024-01-23 12:00:00,2.1694,2.1946,2.1088,2.1755,147112.0,316082.6253
2024-01-23 16:00:00,2.1755,2.2031,2.1404,2.1568,112933.0,245300.8885
2024-01-23 20:00:00,2.1568,2.2468,2.1468,2.2449,122077.0,270859.334
2024-01-24 00:00:00,2.2449,2.2659,2.2086,2.2126,146104.0,327784.9134
2024-01-24 04:00:00,2.2126,2.2652,2.2096,2.2449,53239.0,118748.1633
2024-01-24 08:00:00,2.2449,2.2851,2.2342,2.2388,56457.0,127207.7374
2024-01-24 12:00:00,2.2388,2.2626,2.2032,2.2435,64514.0,143915.239
2024-01-24 16:00:00,2.2435,2.2614,2.206,2.2272,89409.0,199791.4366
2024-01-24 20:00:00,2.2272,2.2925,2.2095,2.2923,82976.0,188398.3253
2024-01-25 00:00:00,2.2923,2.3034,2.2537,2.2735,122173.0,278610.9938
2024-01-25 04:00:00,2.2735,2.3676,2.2268,2.3377,1088707.0,2516804.8048
2024-01-25 08:00:00,2.3377,2.3465,2.2595,2.2881,368777.0,848895.9033
2024-01-25 12:00:00,2.2881,2.2979,2.2215,2.2301,489641.0,1104407.0279
2024-01-25 16:00:00,2.2301,2.2885,2.21,2.2681,102400.0,230385.8373
2024-01-25 20:00:00,2.2681,2.2773,2.2336,2.2418,42846.0,96571.3508
2024-01-26 00:00:00,2.2418,2.2836,2.2142,2.2724,109291.0,245672.4702
2024-01-26 04:00:00,2.2724,2.2882,2.2374,2.2486,274136.0,619370.2603
2024-01-26 08:00:00,2.2486,2.3515,2.2486,2.3427,227758.0,523799.142
2024-01-26 12:00:00,2.3427,2.3745,2.3302,2.3551,221422.0,520692.475
2024-01-26 16:00:00,2.3551,2.3845,2.3518,2.3748,201761.0,476923.8238
2024-01-26 20:00:00,2.3748,2.3837,2.3374,2.3533,40501.0,95302.122
2024-01-27 00:00:00,2.3533,2.4428,2.3476,2.4358,158518.0,378407.4498
2024-01-27 04:00:00,2.4358,2.4358,2.354,2.3694,114577.0,272909.6926
2024-01-27 08:00:00,2.3694,2.4025,2.3517,2.3813,198091.0,472553.8199
2024-01-27 12:00:00,2.3813,2.4069,2.3739,2.4009,157407.0,375465.1375
2024-01-27 16:00:00,2.4009,2.4504,2.3679,2.4454,243572.0,588936.7896
2024-01-27 20:00:00,2.4454,2.4495,2.4049,2.416,98134.0,237741.3554
2024-01-28 00:00:00,2.416,2.4427,2.4002,2.4427,83726.0,202382.3153
2024-01-28 04:00:00,2.4427,2.4503,2.3878,2.3916,124878.0,302980.4339
2024-01-28 08:00:00,2.3916,2.4084,2.3564,2.3721,420651.0,1001005.8723
2024-01-28 12:00:00,2.3721,2.3762,2.3005,2.3167,301072.0,700678.4515
2024-01-28 16:00:00,2.3167,2.3332,2.2653,2.2781,246692.0,567522.7351
2024-01-28 20:00:00,2.2781,2.2996,2.2589,2.2762,85120.0,194044.1807
2024-01-29 00:00:00,2.2762,2.3415,2.2632,2.3186,172182.0,397831.7062
2024-01-29 04:00:00,2.3186,2.3304,2.2936,2.3023,115839.0,268051.5757
2024-01-29 08:00:00,2.3023,2.3445,2.2977,2.33,43711.0,101735.9597
2024-01-29 12:00:00,2.33,2.3461,2.2785,2.3423,181820.0,419009.7835
2024-01-29 16:00:00,2.3423,2.3956,2.3221,2.3712,182439.0,431881.5921
2024-01-29 20:00:00,2.3712,2.3967,2.3666,2.3767,34464.0,82016.1705
2024-01-30 00:00:00,2.3767,2.4184,2.3512,2.3741,210769.0,504611.2447
2024-01-30 04:00:00,2.3741,2.3843,2.3426,2.3523,216084.0,510182.4681
2024-01-30 08:00:00,2.3523,2.7551,2.3457,2.6635,2390511.0,6184079.2986
2024-01-30 12:00:00,2.6635,2.7234,2.5234,2.5332,2162551.0,5690370.2236
2024-01-30 16:00:00,2.5332,2.6038,2.5189,2.5525,392220.0,1006277.3282
2024-01-30 20:00:00,2.5525,2.5784,2.4488,2.47,466200.0,1173123.2972
2024-01-31 00:00:00,2.47,2.4806,2.3973,2.4344,531787.0,1293251.6062
2024-01-31 04:00:00,2.4344,2.5097,2.4104,2.5056,316972.0,777635.8731
2024-01-31 08:00:00,2.5056,2.5322,2.3132,2.339,1237445.0,2968349.0083
2024-01-31 12:00:00,2.339,2.3679,2.2758,2.338,847839.0,1974246.7748
2024-01-31 16:00:00,2.338,2.385,2.3258,2.3638,256174.0,603933.1818
2024-01-31 20:00:00,2.3638,2.3661,2.2586,2.2937,279090.0,642028.156
2024-02-01 00:00:00,2.2937,2.3074,2.2237,2.2558,363174.0,819803.8382
2024-02-01 04:00:00,2.2558,2.2735,2.2241,2.2598,225041.0,506251.5558
2024-02-01 08:00:00,2.2598,2.3017,2.2558,2.26,191666.0,436532.2678
2024-02-01 12:00:00,2.26,2.3043,2.2491,2.2743,184778.0,422163.8963
2024-02-01 16:00:00,2.2743,2.2957,2.2385,2.2745,107586.0,244465.2723
2024-02-01 20:00:00,2.2745,2.2956,2.2631,2.277,97724.0,222625.641
2024-02-02 00:00:00,2.277,2.3114,2.2731,2.3012,194034.0,446315.9324
2024-02-02 04:00:00,2.3012,2.3457,2.2849,2.3323,100486.0,232884.1585
2024-02-02 08:00:00,2.3323,2.3359,2.2964,2.3181,93114.0,215650.2236
2024-02-02 12:00:00,2.3181,2.3568,2.2746,2.3521,353761.0,817833.7415
2024-02-02 16:00:00,2.3521,2.3706,2.3263,2.3387,106353.0,249672.349
2024-02-02 20:00:00,2.3387,2.3752,2.3314,2.3557,57640.0,135595.5451
2024-02-03 00:00:00,2.3557,2.4053,2.3492,2.3902,221299.0,527097.8814
2024-02-03 04:00:00,2.3902,2.4045,2.3334,2.3466,253280.0,601112.8688
2024-02-03 08:00:00,2.3466,2.3591,2.2924,2.2982,213189.0,494290.9925
2024-02-03 12:00:00,2.2982,2.3186,2.2781,2.3099,136472.0,314117.6873
2024-02-03 16:00:00,2.3099,2.3412,2.3083,2.3304,84695.0,197243.3936
2024-02-03 20:00:00,2.3304,2.3367,2.3051,2.3088,78972.0,183059.5357
2024-02-04 00:00:00,2.3088,2.3107,2.262,2.2841,195242.0,445803.0354
2024-02-04 04:00:00,2.2841,2.2848,2.2253,2.2394,233197.0,524996.2284
2024-02-04 08:00:00,2.2394,2.2552,2.2067,2.248,127991.0,285561.0096
2024-02-04 12:00:00,2.248,2.2614,2.2255,2.2339,210457.0,473440.7304
2024-02-04 16:00:00,2.2339,2.2504,2.1953,2.2204,156862.0,348320.31
2024-02-04 20:00:00,2.2204,2.2421,2.1643,2.1805,331818.0,726152.4458
2024-02-05 00:00:00,2.1805,2.2089,2.1503,2.2078,257673.0,560731.3308
2024-02-05 04:00:00,2.2078,2.234,2.1965,2.2251,138917.0,307760.1911
2024-02-05 08:00:00,2.2251,2.2314,2.1986,2.2118,161452.0,357456.4413
2024-02-05 12:00:00,2.2118,2.2425,2.1802,2.1862,305690.0,679671.5816
2024-02-05 16:00:00,2.1862,2.2218,2.1633,2.2108,117862.0,258320.5978
2024-02-05 20:00:00,2.2108,2.2251,2.1824,2.2208,67722.0,149688.5951
2024-02-06 00:00:00,2.2208,2.2469,2.2084,2.2334,151410.0,337587.3538
2024-02-06 04:00:00,2.2334,2.2417,2.2136,2.2322,131043.0,291996.8031
2024-02-06 08:00:00,2.2322,2.2442,2.1956,2.2069,302679.0,670356.1569
2024-02-06 12:00:00,2.2069,2.2412,2.1751,2.2326,236654.0,523116.5027
2024-02-06 16:00:00,2.2326,2.2397,2.2159,2.238,71577.0,159444.4305
2024-02-06 20:00:00,2.238,2.2481,2.2126,2.2173,54620.0,121658.7837
2024-02-07 00:00:00,2.2173,2.249,2.2127,2.2279,78411.0,175018.0808
2024-02-07 04:00:00,2.2279,2.2474,2.2,2.2323,151202.0,336888.142
2024-02-07 08:00:00,2.2323,2.2939,2.2277,2.2685,513793.0,1163805.1209
2024-02-07 12:00:00,2.2685,2.3291,2.2655,2.3194,386947.0,885786.0403
2024-02-07 16:00:00,2.3194,2.3723,2.3124,2.3443,399837.0,939049.0343
2024-02-07 20:00:00,2.3443,2.3792,2.3411,2.3523,93001.0,219311.0977
2024-02-08 00:00:00,2.3523,2.39,2.3448,2.3511,271674.0,642841.8062
2024-02-08 04:00:00,2.3511,2.3695,2.3392,2.3464,142160.0,334946.2586
2024-02-08 08:00:00,2.3464,2.3726,2.3455,2.3643,186247.0,439249.2188
2024-02-08 12:00:00,2.3643,2.4172,2.3283,2.3946,361999.0,859815.3337
2024-02-08 16:00:00,2.3946,2.4267,2.3526,2.3997,365728.0,873678.0807
2024-02-08 20:00:00,2.3997,2.4153,2.3798,2.3817,280328.0,672089.9237
2024-02-09 00:00:00,2.3817,2.4324,2.3808,2.4174,514308.0,1241777.0365
2024-02-09 04:00:00,2.4174,2.4332,2.4026,2.4244,272965.0,660354.924
2024-02-09 08:00:00,2.4244,2.4492,2.4028,2.4304,319015.0,775330.8365
2024-02-09 12:00:00,2.4304,2.4812,2.4145,2.4644,578662.0,1418633.496
2024-02-09 16:00:00,2.4644,2.5079,2.4377,2.467,339338.0,840557.2509
2024-02-09 20:00:00,2.467,2.4962,2.4653,2.4869,141237.0,350397.4599
2024-02-10 00:00:00,2.4869,2.5462,2.4642,2.5446,287534.0,721585.0458
2024-02-10 04:00:00,2.5446,2.6031,2.5024,2.5035,900153.0,2302028.9546
2024-02-10 08:00:00,2.5035,2.525,2.42,2.4654,239513.0,593578.4259
2024-02-10 12:00:00,2.4654,2.5684,2.455,2.5162,362594.0,913633.9706
2024-02-10 16:00:00,2.5162,2.532,2.497,2.5249,162004.0,407214.8497
2024-02-10 20:00:00,2.5249,2.5364,2.4853,2.486,168719.0,422966.4461
2024-02-11 00:00:00,2.486,2.5234,2.4799,2.5229,202459.0,507473.6452
2024-02-11 04:00:00,2.5229,2.5495,2.5111,2.5369,217756.0,550325.9569
2024-02-11 08:00:00,2.5369,2.5941,2.5289,2.5483,318070.0,814106.8168
2024-02-11 12:00:00,2.5483,2.5568,2.4709,2.5074,321896.0,810631.0803
2024-02-11 16:00:00,2.5074,2.5185,2.489,2.493,137991.0,345364.4904
2024-02-11 20:00:00,2.493,2.5027,2.4418,2.4596,256300.0,630739.758
2024-02-12 00:00:00,2.4596,2.5581,2.4584,2.5456,384922.0,971437.159
2024-02-12 04:00:00,2.5456,2.6299,2.507,2.5759,490517.0,1258846.5212
2024-02-12 08:00:00,2.5759,2.6263,2.5006,2.5337,488249.0,1251957.2833
2024-02-12 12:00:00,2.5337,2.6328,2.4936,2.6144,500587.0,1279602.8434
2024-02-12 16:00:00,2.6144,2.6386,2.5794,2.5878,269874.0,703202.4504
2024-02-12 20:00:00,2.5878,2.6444,2.5878,2.6158,194234.0,507423.3419
2024-02-13 00:00:00,2.6158,2.7121,2.6158,2.6259,486007.0,1294393.5342
2024-02-13 04:00:00,2.6259,2.6964,2.6259,2.6846,208205.0,552726.6013
2024-02-13 08:00:00,2.6846,2.8104,2.6815,2.7957,693583.0,1916163.9616
2024-02-13 12:00:00,2.7957,2.8945,2.6943,2.7578,1513009.0,4252223.3236
2024-02-13 16:00:00,2.7578,2.773,2.6638,2.686,393376.0,1067981.9032
2024-02-13 20:00:00,2.686,2.783,2.6783,2.7743,213598.0,582812.5245
2024-02-14 00:00:00,2.7743,2.7965,2.6911,2.7705,375148.0,1029752.3084
2024-02-14 04:00:00,2.7705,2.8132,2.7543,2.7909,170890.0,476141.457
2024-02-14 08:00:00,2.7909,2.9786,2.7771,2.9696,763178.0,2188318.8466
2024-02-14 12:00:00,2.9696,3.1534,2.9211,3.0767,1208328.0,3699863.9927
2024-02-14 16:00:00,3.0767,3.0786,2.9517,3.044,308142.0,928485.8949
2024-02-14 20:00:00,3.044,3.2389,3.044,3.1361,438048.0,1384478.021
2024-02-15 00:00:00,3.1361,3.2257,3.08,3.1334,642747.0,2020728.9765
2024-02-15 04:00:00,3.1334,3.1431,3.0596,3.0873,247083.0,767453.6174
2024-02-15 08:00:00,3.0873,3.2886,3.0737,3.2772,973821.0,3111069.2009
2024-02-15 12:00:00,3.2772,3.2864,3.1078,3.1244,635435.0,2027662.5254
2024-02-15 16:00:00,3.1244,3.2838,3.084,3.2757,631742.0,1999348.1653
2024-02-15 20:00:00,3.2757,3.4981,3.1917,3.4649,952342.0,3147901.1698
2024-02-16 00:00:00,3.4649,3.7795,3.3587,3.7606,1991506.0,7098059.7601
2024-02-16 04:00:00,3.7606,3.9763,3.7011,3.7139,2467703.0,9490528.3969
2024-02-16 08:00:00,3.7139,4.3918,3.7139,4.2024,3053602.0,12440673.4354
2024-02-16 12:00:00,4.2024,4.4888,4.1005,4.3538,3760910.0,16196251.4523
2024-02-16 16:00:00,4.3538,4.6069,4.2183,4.2483,1616257.0,7137957.0898
2024-02-16 20:00:00,4.2483,4.4806,4.1552,4.4641,930247.0,3978787.7835
2024-02-17 00:00:00,4.4641,4.5678,4.2844,4.3836,1428895.0,6307983.5396
2024-02-17 04:00:00,4.3836,4.68,4.3789,4.4644,1673904.0,7538970.7633
2024-02-17 08:00:00,4.4644,4.7211,4.2972,4.6374,2267244.0,10125916.7109
2024-02-17 12:00:00,4.6374,4.9579,4.487,4.7276,4035194.0,19043347.8638
2024-02-17 16:00:00,4.7276,4.9313,4.5992,4.8266,1086106.0,5168677.8048
2024-02-17 20:00:00,4.8266,4.8266,4.6255,4.6805,614257.0,2887997.46
2024-02-18 00:00:00,4.6805,5.5422,4.6729,5.2682,3659683.0,19080352.9603
2024-02-18 04:00:00,5.2682,5.4757,5.0958,5.2227,1957234.0,10345104.5036
2024-02-18 08:00:00,5.2227,5.3421,5.1149,5.2888,1136767.0,5942390.8681
2024-02-18 12:00:00,5.2888,5.5775,5.2701,5.4954,2465885.0,13349905.9242
2024-02-18 16:00:00,5.4954,6.4153,5.4401,6.0011,5281849.0,31839112.8966
2024-02-18 20:00:00,6.0011,6.0168,5.6671,5.8878,1448573.0,8449923.2807
2024-02-19 00:00:00,5.8878,6.4409,5.8401,6.2986,2262831.0,13965394.9899
2024-02-19 04:00:00,6.2986,7.6252,6.2718,7.5515,4948457.0,34434931.6024
2024-02-19 08:00:00,7.5515,7.7887,7.1735,7.7076,5345508.0,39960068.4105
2024-02-19 12:00:00,7.7076,7.9774,6.9245,7.221,6365119.0,47649291.8236
2024-02-19 16:00:00,7.221,7.4652,6.9809,7.3724,2300038.0,16696889.5938
2024-02-19 20:00:00,7.3724,7.93,7.2804,7.6261,1967613.0,14993410.3308
2024-02-20 00:00:00,7.6261,7.7958,6.7345,6.8545,2729115.0,19876164.4085
2024-02-20 04:00:00,6.8545,7.1973,6.5541,7.0364,2314704.0,15892508.3824
2024-02-20 08:00:00,7.0364,7.2002,6.6813,6.8183,2001271.0,13930603.3807
2024-02-20 12:00:00,6.8183,6.95,6.1539,6.5192,2983512.0,19679186.4974
2024-02-20 16:00:00,6.5192,6.5385,6.21,6.4151,1082797.0,6900584.5571
2024-02-20 20:00:00,6.4151,6.9474,6.3671,6.6995,1565524.0,10416214.3451
2024-02-21 00:00:00,6.6995,7.156,6.6972,7.05,1546060.0,10720683.5076
2024-02-21 04:00:00,7.05,7.1063,6.57,6.721,1338341.0,9074237.6056
2024-02-21 08:00:00,6.721,7.0113,6.3727,6.4386,2028216.0,13584159.4357
2024-02-21 12:00:00,6.4386,6.6833,6.0367,6.2791,2198829.0,13830481.3368
2024-02-21 16:00:00,6.2791,6.4222,6.0788,6.3118,1144937.0,7155835.4705
2024-02-21 20:00:00,6.3118,7.1884,6.21,7.1253,2319194.0,15621867.5041
2024-02-22 00:00:00,7.1253,7.5918,7.0472,7.3802,2695468.0,19764951.5314
2024-02-22 04:00:00,7.3802,8.4693,7.2519,8.3458,2790089.0,22094828.5648
2024-02-22 08:00:00,8.3458,8.7954,8.1024,8.5644,2400537.0,20303890.6223
2024-02-22 12:00:00,8.5644,8.9842,8.2449,8.8331,2371733.0,20355300.2988
2024-02-22 16:00:00,8.8331,9.0472,8.3821,8.7677,1569289.0,13645874.5652
2024-02-22 20:00:00,8.7677,9.0176,8.1176,8.1599,1386816.0,11916789.0031
2024-02-23 00:00:00,8.1599,8.5339,8.155,8.1987,1174833.0,9780385.5044
2024-02-23 04:00:00,8.1987,8.2774,7.8365,8.04,1703120.0,13738987.7401
2024-02-23 08:00:00,8.04,8.5978,7.9,8.5781,1230537.0,10121371.8179
2024-02-23 12:00:00,8.5781,9.1643,8.25,8.3046,2852808.0,24632651.9789
2024-02-23 16:00:00,8.3046,8.4453,8.0436,8.304,889139.0,7339585.2926
2024-02-23 20:00:00,8.304,8.3821,8.0124,8.2217,438362.0,3581176.6899
2024-02-24 00:00:00,8.2217,8.2777,7.6174,7.794,1437231.0,11258630.8039
2024-02-24 04:00:00,7.794,8.1147,7.74,7.8264,703583.0,5576710.4491
2024-02-24 08:00:00,7.8264,7.9821,7.6604,7.9431,780281.0,6089238.77
2024-02-24 12:00:00,7.9431,8.4892,7.8825,8.2571,1513997.0,12452710.1449
2024-02-24 16:00:00,8.2571,8.4669,8.0786,8.3662,851080.0,7043548.3155
2024-02-24 20:00:00,8.3662,8.3725,8.0748,8.1525,319524.0,2621519.477
2024-02-25 00:00:00,8.1525,9.2882,8.1197,8.93,2150009.0,19001163.2845
2024-02-25 04:00:00,8.93,9.4809,8.8276,9.2366,1997647.0,18278165.4506
2024-02-25 08:00:00,9.2366,9.3419,8.921,9.1417,966740.0,8805520.3912
2024-02-25 12:00:00,9.1417,9.1502,8.7126,8.7993,1062984.0,9428042.377
2024-02-25 16:00:00,8.7993,9.0342,8.7,9.004,387054.0,3430367.4543
2024-02-25 20:00:00,9.004,9.029,8.4064,8.548,747113.0,6441212.545
2024-02-26 00:00:00,8.548,8.9706,8.538,8.9472,754023.0,6575546.6431
2024-02-26 04:00:00,8.9472,9.2495,8.9105,8.9948,1232619.0,11184691.3526
2024-02-26 08:00:00,8.9948,9.1592,7.9944,8.1319,2592162.0,22101595.4213
2024-02-26 12:00:00,8.1319,8.2668,7.7126,8.104,1994778.0,16012768.2636
2024-02-26 16:00:00,8.104,8.3969,7.8638,8.1461,987042.0,8000220.4605
2024-02-26 20:00:00,8.1461,8.1568,7.8458,8.004,536566.0,4299152.0921
2024-02-27 00:00:00,8.004,8.0365,7.5344,7.6551,1445896.0,11209315.2725
2024-02-27 04:00:00,7.6551,8.317,7.6043,7.9305,1183844.0,9444534.7487
2024-02-27 08:00:00,7.9305,8.0587,7.8059,7.8928,595512.0,4721403.2389
2024-02-27 12:00:00,7.8928,7.9156,7.0873,7.3636,1341306.0,10167136.5396
2024-02-27 16:00:00,7.3636,7.4866,7.015,7.1241,912517.0,6650973.367
2024-02-27 20:00:00,7.1241,7.3099,7.0509,7.1825,444164.0,3191210.9443
2024-02-28 00:00:00,7.1825,7.5759,7.1825,7.4179,862398.0,6377724.0153
2024-02-28 04:00:00,7.4179,7.5369,7.2087,7.2586,497615.0,3646767.8038
2024-02-28 08:00:00,7.2586,7.8473,7.0072,7.4378,1420791.0,10465604.0522
2024-02-28 12:00:00,7.4378,8.7807,7.2548,8.3572,2188166.0,17523608.8031
2024-02-28 16:00:00,8.3572,8.634,6.8808,7.7204,1682795.0,13151727.8326
2024-02-28 20:00:00,7.7204,7.9743,7.3327,7.95,770638.0,5889777.6521
2024-02-29 00:00:00,7.95,8.3546,7.813,7.8944,727960.0,5892925.3836
2024-02-29 04:00:00,7.8944,7.9493,7.65,7.85,503444.0,3924137.7925
2024-02-29 08:00:00,7.85,8.1069,7.7278,7.8243,565403.0,4479499.9892
2024-02-29 12:00:00,7.8243,7.8494,7.5345,7.7774,670107.0,5170870.7495
2024-02-29 16:00:00,7.7774,7.8093,7.4,7.6296,436305.0,3297835.5823
2024-02-29 20:00:00,7.6296,7.6712,7.1555,7.3376,339628.0,2499975.6581
2024-03-01 00:00:00,7.3376,8.2841,7.3359,7.9487,729571.0,5721352.3745
2024-03-01 04:00:00,7.9487,8.4552,7.6755,7.695,1069084.0,8630035.9689
2024-03-01 08:00:00,7.695,7.8695,7.5028,7.5368,560858.0,4304181.9518
2024-03-01 12:00:00,7.5368,8.1287,7.5215,7.8446,1063952.0,8346973.3912
2024-03-01 16:00:00,7.8446,8.1806,7.7623,7.8343,625482.0,4978095.5434
2024-03-01 20:00:00,7.8343,8.0789,7.8063,7.9348,352303.0,2793151.0607
2024-03-02 00:00:00,7.9348,8.1899,7.6444,7.7652,510933.0,4005894.6663
2024-03-02 04:00:00,7.7652,7.9475,7.6061,7.721,461539.0,3586518.7333
2024-03-02 08:00:00,7.721,7.8938,7.6,7.6895,380128.0,2945418.5694
2024-03-02 12:00:00,7.6895,7.7339,7.478,7.5801,389940.0,2975135.8683
2024-03-02 16:00:00,7.5801,7.9742,7.5794,7.7919,411518.0,3214317.5173
2024-03-02 20:00:00,7.7919,7.821,7.6029,7.6711,174827.0,1342084.589
2024-03-03 00:00:00,7.6711,7.7959,7.6003,7.6793,262654.0,2026597.2399
2024-03-03 04:00:00,7.6793,8.5424,7.0848,7.6316,2593369.0,20606800.1151
2024-03-03 08:00:00,7.6316,8.0801,7.5,7.8183,947190.0,7403049.5004
2024-03-03 12:00:00,7.8183,8.2143,7.7264,7.9241,1084611.0,8674137.111
2024-03-03 16:00:00,7.9241,7.9997,7.7576,7.7908,397584.0,3126051.2809
2024-03-03 20:00:00,7.7908,7.9238,7.72,7.9136,291253.0,2275873.4951
2024-03-04 00:00:00,7.9136,8.2435,7.7952,8.0777,608138.0,4885058.8461
2024-03-04 04:00:00,8.0777,8.4389,7.8781,8.0347,708627.0,5761488.0383
2024-03-04 08:00:00,8.0347,8.2273,7.85,7.964,559033.0,4498431.9142
2024-03-04 12:00:00,7.964,8.0289,7.7352,7.8229,414529.0,3267394.717
2024-03-04 16:00:00,7.8229,7.825,7.3569,7.5244,561425.0,4251862.7136
2024-03-04 20:00:00,7.5244,7.5417,7.32,7.3734,272149.0,2023195.0459
2024-03-05 00:00:00,7.3734,7.4855,7.1853,7.1872,587784.0,4312006.272
2024-03-05 04:00:00,7.1872,7.4797,7.1104,7.279,720673.0,5265436.5228
2024-03-05 08:00:00,7.279,7.5359,7.2117,7.334,462277.0,3414989.1475
2024-03-05 12:00:00,7.334,7.528,7.137,7.226,657223.0,4815546.5442
2024-03-05 16:00:00,7.226,7.268,5.297,6.184,2198153.0,14559687.567
2024-03-05 20:00:00,6.184,6.5075,6.0766,6.4277,851527.0,5406095.7985
2024-03-06 00:00:00,6.4277,6.6,6.0582,6.4185,501769.0,3163151.8073
2024-03-06 04:00:00,6.4185,7.1228,6.3906,6.9884,478258.0,3234464.545
2024-03-06 08:00:00,6.9884,7.0232,6.7003,6.7642,362527.0,2483247.0532
2024-03-06 12:00:00,6.7642,6.9743,6.3259,6.74,863046.0,5698787.7349
2024-03-06 16:00:00,6.74,7.3806,6.6829,7.1364,610888.0,4335453.6019
2024-03-06 20:00:00,7.1364,7.3561,6.9135,7.3089,426911.0,3067623.1427
2024-03-07 00:00:00,7.3089,8.0732,7.2128,7.4536,1112998.0,8581352.9292
2024-03-07 04:00:00,7.4536,7.7062,7.191,7.3556,580208.0,4304629.6125
2024-03-07 08:00:00,7.3556,7.5127,7.1056,7.2051,445397.0,3267457.7788
2024-03-07 12:00:00,7.2051,7.3188,7.015,7.183,406709.0,2914618.8865
2024-03-07 16:00:00,7.183,7.4457,7.05,7.143,435060.0,3131192.4534
2024-03-07 20:00:00,7.143,7.2551,7.0609,7.1776,172559.0,1235522.5648
2024-03-08 00:00:00,7.1776,7.3546,7.1172,7.2862,232951.0,1686465.2978
2024-03-08 04:00:00,7.2862,7.4351,7.2076,7.2469,318155.0,2327900.8563
2024-03-08 08:00:00,7.2469,7.4381,7.1805,7.2839,361981.0,2652371.6913
2024-03-08 12:00:00,7.2839,7.4044,6.7477,7.1844,791607.0,5642253.8433
2024-03-08 16:00:00,7.1844,7.7919,7.1589,7.5034,758010.0,5698475.4153
2024-03-08 20:00:00,7.5034,7.8291,7.427,7.5304,269949.0,2047864.4042
2024-03-09 00:00:00,7.5304,9.4197,7.4751,9.1413,2579930.0,22270656.665
2024-03-09 04:00:00,9.1413,10.746,9.0826,10.5964,2404362.0,24024893.4898
2024-03-09 08:00:00,10.5964,11.0603,10.2108,10.7955,1885050.0,20028028.3205
2024-03-09 12:00:00,10.7955,10.8371,10.0491,10.6238,1324286.0,13795606.6832
2024-03-09 16:00:00,10.6238,11.1053,10.3541,10.7742,1042527.0,11126099.0515
2024-03-09 20:00:00,10.7742,11.8676,10.4063,11.6808,921802.0,10309741.3413
2024-03-10 00:00:00,11.6808,11.97,10.4808,10.7075,1424887.0,15784694.0481
2024-03-10 04:00:00,10.7075,10.7075,10.2179,10.4148,644567.0,6744736.4418
2024-03-10 08:00:00,10.4148,10.4632,9.5847,9.822,1096896.0,10877544.9151
2024-03-10 12:00:00,9.822,9.8252,9.2418,9.3078,925742.0,8796375.2263
2024-03-10 16:00:00,9.3078,9.7627,9.3,9.5852,470301.0,4502814.974
2024-03-10 20:00:00,9.5852,9.6641,9.1034,9.5587,358243.0,3372139.6951
2024-03-11 00:00:00,9.5587,10.1579,8.7968,9.6474,1285025.0,12314011.1641
2024-03-11 04:00:00,9.6474,10.3221,9.6366,10.076,595825.0,5917496.2008
2024-03-11 08:00:00,10.076,10.2159,9.55,9.6101,559062.0,5554199.6665
2024-03-11 12:00:00,9.6101,10.0904,9.5641,9.778,377946.0,3688855.2076
2024-03-11 16:00:00,9.778,9.8594,9.5241,9.6044,255835.0,2475971.5274
2024-03-11 20:00:00,9.6044,9.9833,9.56,9.8345,173376.0,1687146.3672
2024-03-12 00:00:00,9.8345,10.5737,9.7519,10.049,1218311.0,12476097.4016
2024-03-12 04:00:00,10.049,10.4359,9.8133,9.9118,585163.0,5899206.9937
2024-03-12 08:00:00,9.9118,10.1667,9.6148,10.0152,440075.0,4332837.0631
2024-03-12 12:00:00,10.0152,10.2623,9.6897,9.942,750136.0,7448583.5462
2024-03-12 16:00:00,9.942,10.0347,8.9836,9.9397,801906.0,7676304.5486
2024-03-12 20:00:00,9.9397,10.3815,9.7413,10.1462,436444.0,4404876.4498
2024-03-13 00:00:00,10.1462,10.2527,9.9103,9.9552,338413.0,3412252.6641
2024-03-13 04:00:00,9.9552,10.1593,9.8343,9.9464,336745.0,3357607.3616
2024-03-13 08:00:00,9.9464,9.9794,9.7525,9.814,188275.0,1856852.4169
2024-03-13 12:00:00,9.814,9.9254,9.3593,9.4703,504137.0,4834258.6954
2024-03-13 16:00:00,9.4703,9.547,9.3647,9.4156,269526.0,2544568.4543
2024-03-13 20:00:00,9.4156,9.6202,9.2912,9.5439,177520.0,1681204.0389
2024-03-14 00:00:00,9.5439,9.7442,9.4523,9.5473,316918.0,3037755.3468
2024-03-14 04:00:00,9.5473,9.5481,9.31,9.458,233539.0,2201759.7702
2024-03-14 08:00:00,9.458,9.99,9.4411,9.68,433927.0,4244204.033
2024-03-14 12:00:00,9.68,9.7681,9.2115,9.5017,523947.0,4992019.2608
2024-03-14 16:00:00,9.5017,10.4233,9.412,9.9393,1150883.0,11578407.09
2024-03-14 20:00:00,9.9393,10.8825,9.9289,10.7755,686689.0,7192472.2054
2024-03-15 00:00:00,10.7755,10.8627,9.2668,9.7933,1078459.0,10728550.6433
2024-03-15 04:00:00,9.7933,9.8544,9.4496,9.7448,279522.0,2705655.8763
2024-03-15 08:00:00,9.7448,9.783,8.5067,9.1443,781831.0,7067512.7286
2024-03-15 12:00:00,9.1443,9.6008,9.0344,9.2853,253573.0,2355517.6375
2024-03-15 16:00:00,9.2853,9.7677,9.1498,9.4653,270392.0,2549721.1875
2024-03-15 20:00:00,9.4653,9.8507,9.1631,9.7412,303194.0,2900523.3146
2024-03-16 00:00:00,9.7412,9.8761,9.5109,9.561,262990.0,2554338.9904
2024-03-16 04:00:00,9.561,9.5744,9.17,9.5097,203548.0,1903087.3231
2024-03-16 08:00:00,9.5097,9.5097,9.0233,9.1423,262924.0,2433979.7858
2024-03-16 12:00:00,9.1423,9.1784,8.7234,8.9223,375359.0,3336022.8418
2024-03-16 16:00:00,8.9223,8.9258,8.2335,8.3962,363110.0,3103915.0803
2024-03-16 20:00:00,8.3962,8.5576,8.141,8.4368,198201.0,1657635.0438
2024-03-17 00:00:00,8.4368,9.2486,8.3159,9.176,500714.0,4430858.8591
2024-03-17 04:00:00,9.176,9.2,8.33,8.6304,506010.0,4406602.1851
2024-03-17 08:00:00,8.6304,9.3059,8.5823,9.0914,577742.0,5208096.9163
2024-03-17 12:00:00,9.0914,9.96,8.7668,9.8168,948516.0,8860653.9574
2024-03-17 16:00:00,9.8168,9.9123,9.4474,9.5382,261486.0,2527282.7577
2024-03-17 20:00:00,9.5382,9.8268,9.4088,9.5517,320924.0,3095028.5147
2024-03-18 00:00:00,9.5517,9.8417,9.2218,9.4527,439494.0,4194925.5097
2024-03-18 04:00:00,9.4527,9.6631,9.2625,9.3825,152586.0,1442353.9122
2024-03-18 08:00:00,9.3825,9.3946,8.9601,9.1484,293627.0,2682672.6193
2024-03-18 12:00:00,9.1484,9.1836,8.7192,8.871,294309.0,2629782.6413
2024-03-18 16:00:00,8.871,8.9983,8.5891,8.6882,147595.0,1289861.0486
2024-03-18 20:00:00,8.6882,8.8736,8.6762,8.7626,132156.0,1161209.7324
2024-03-19 00:00:00,8.7626,8.8797,7.95,8.1688,712482.0,5923781.5687
2024-03-19 04:00:00,8.1688,8.2201,7.4912,7.9901,531662.0,4185429.497
2024-03-19 08:00:00,7.9901,7.9901,7.4519,7.8569,405855.0,3116167.1266
2024-03-19 12:00:00,7.8569,8.14,7.726,8.1047,405581.0,3223956.1089
2024-03-19 16:00:00,8.1047,8.2744,7.9686,8.094,400690.0,3260219.1422
2024-03-19 20:00:00,8.094,8.1135,7.3342,7.5002,385884.0,2962520.6211
2024-03-20 00:00:00,7.5002,7.8541,7.4544,7.5917,259852.0,1984256.6002
2024-03-20 04:00:00,7.5917,7.9939,7.2,7.8938,594165.0,4510817.4117
2024-03-20 08:00:00,7.8938,7.9859,7.6604,7.9089,333825.0,2613121.5181
2024-03-20 12:00:00,7.9089,8.0769,7.6366,7.6745,227595.0,1786112.5813
2024-03-20 16:00:00,7.6745,8.2396,7.3941,8.1586,266980.0,2090513.8962
2024-03-20 20:00:00,8.1586,8.4529,8.1419,8.3538,231446.0,1931439.3535
2024-03-21 00:00:00,8.3538,8.44,8.1597,8.1924,300176.0,2491710.887
2024-03-21 04:00:00,8.1924,8.2852,7.8987,8.0908,296128.0,2401732.805
2024-03-21 08:00:00,8.0908,8.3408,8.0785,8.1851,257332.0,2112965.6305
2024-03-21 12:00:00,8.1851,8.3219,8.0105,8.1445,282410.0,2309098.3922
2024-03-21 16:00:00,8.1445,8.3344,7.8085,8.0162,185694.0,1497279.1583
2024-03-21 20:00:00,8.0162,8.2169,7.9168,8.052,74127.0,597472.2619
2024-03-22 00:00:00,8.052,8.1262,7.6897,7.8969,170151.0,1338093.6539
2024-03-22 04:00:00,7.8969,8.0887,7.8462,7.9978,153175.0,1226668.4386
2024-03-22 08:00:00,7.9978,8.0656,7.6471,7.6984,167916.0,1320529.9003
2024-03-22 12:00:00,7.6984,8.3277,7.6555,8.1378,555743.0,4423944.811
2024-03-22 16:00:00,8.1378,8.4077,8.0248,8.1697,348043.0,2853496.1963
2024-03-22 20:00:00,8.1697,8.1925,7.7,7.9882,247755.0,1958409.5475
2024-03-23 00:00:00,7.9882,8.4498,7.9333,8.0463,392232.0,3210938.3702
2024-03-23 04:00:00,8.0463,8.2826,8.0039,8.2261,154235.0,1260244.2137
2024-03-23 08:00:00,8.2261,9.0866,8.1612,8.9195,1410942.0,12318720.968
2024-03-23 12:00:00,8.9195,8.9195,8.6603,8.7634,504207.0,4422527.2981
2024-03-23 16:00:00,8.7634,8.8353,8.6398,8.713,333257.0,2907966.8102
2024-03-23 20:00:00,8.713,8.7155,8.4289,8.4511,177690.0,1527205.198
2024-03-24 00:00:00,8.4511,8.5825,8.199,8.2399,476309.0,3998925.3825
2024-03-24 04:00:00,8.2399,8.2593,8.1221,8.2154,162112.0,1328557.5504
2024-03-24 08:00:00,8.2154,8.3056,8.1834,8.2776,224623.0,1852662.0887
2024-03-24 12:00:00,8.2776,8.3747,8.2395,8.3169,210244.0,1747466.7098
2024-03-24 16:00:00,8.3169,8.3617,8.1225,8.2609,109473.0,901996.6314
2024-03-24 20:00:00,8.2609,8.5727,8.2183,8.4522,132493.0,1115418.8604
2024-03-25 00:00:00,8.4522,8.6265,8.3923,8.5899,170523.0,1453396.2475
2024-03-25 04:00:00,8.5899,8.6201,8.3953,8.4158,203979.0,1735353.3056
2024-03-25 08:00:00,8.4158,8.6002,8.374,8.375,254491.0,2157091.3851
2024-03-25 12:00:00,8.375,8.7418,8.3246,8.6612,543023.0,4661530.3
2024-03-25 16:00:00,8.6612,8.9499,8.6361,8.8214,262836.0,2311935.8369
2024-03-25 20:00:00,8.8214,8.8771,8.6045,8.6572,202862.0,1773500.8286
2024-03-26 00:00:00,8.6572,9.3092,8.6371,9.26,552877.0,4986073.6302
2024-03-26 04:00:00,9.26,9.4676,9.1237,9.24,417575.0,3884409.2758
2024-03-26 08:00:00,9.24,9.3355,9.1027,9.1346,255797.0,2357675.72
2024-03-26 12:00:00,9.1346,9.196,8.7227,8.8608,429827.0,3854506.5486
2024-03-26 16:00:00,8.8608,8.9399,8.5087,8.6147,413061.0,3579634.3006
2024-03-26 20:00:00,8.6147,8.7916,8.613,8.7442,94869.0,827156.3662
2024-03-27 00:00:00,8.7442,8.93,8.6673,8.707,171202.0,1507580.5355
2024-03-27 04:00:00,8.707,8.8417,8.6552,8.8122,161023.0,1409367.5184
2024-03-27 08:00:00,8.8122,9.2835,8.63,8.8913,821318.0,7403482.3547
2024-03-27 12:00:00,8.8913,9.0751,8.5569,8.5907,579352.0,5139073.4153
2024-03-27 16:00:00,8.5907,8.67,8.3838,8.4428,233466.0,1982712.2232
2024-03-27 20:00:00,8.4428,8.5452,8.35,8.425,95196.0,805375.4692
2024-03-28 00:00:00,8.425,8.5428,8.2,8.3015,257323.0,2142600.0776
2024-03-28 04:00:00,8.3015,8.5707,8.3014,8.5555,117901.0,995124.3908
2024-03-28 08:00:00,8.5555,8.6287,8.427,8.4913,190182.0,1622625.7259
2024-03-28 12:00:00,8.4913,8.5527,8.3604,8.5263,151704.0,1284157.0336
2024-03-28 16:00:00,8.5263,8.5547,8.4063,8.4278,50321.0,425835.9061
2024-03-28 20:00:00,8.4278,8.4958,8.353,8.4148,78557.0,662556.9221
2024-03-29 00:00:00,8.4148,8.7183,8.2551,8.4726,501578.0,4279369.8811
2024-03-29 04:00:00,8.4726,8.6199,8.2835,8.3278,226428.0,1922139.7627
2024-03-29 08:00:00,8.3278,8.4102,8.2655,8.3197,202945.0,1692167.7013
2024-03-29 12:00:00,8.3197,8.3595,8.019,8.0941,228495.0,1873935.9087
2024-03-29 16:00:00,8.0941,8.6662,8.0912,8.2985,1227203.0,10377652.8514
2024-03-29 20:00:00,8.2985,8.4156,8.2559,8.3689,95587.0,796932.5295
2024-03-30 00:00:00,8.3689,8.5236,8.2601,8.2754,148782.0,1247994.7141
2024-03-30 04:00:00,8.2754,8.4104,8.1962,8.2002,177931.0,1473759.513
2024-03-30 08:00:00,8.2002,8.2831,8.1469,8.2825,127743.0,1050342.8357
2024-03-30 12:00:00,8.2825,8.3238,8.1666,8.1796,115409.0,952235.7077
2024-03-30 16:00:00,8.1796,8.2271,8.1017,8.1775,58713.0,480021.5201
2024-03-30 20:00:00,8.1775,8.1908,8.0572,8.1126,44231.0,358626.0897
2024-03-31 00:00:00,8.1126,8.2235,8.0901,8.126,64457.0,526047.4181
2024-03-31 04:00:00,8.126,8.2513,8.1021,8.221,83501.0,685778.6983
2024-03-31 08:00:00,8.221,8.3103,8.2048,8.2478,94688.0,781079.6834
2024-03-31 12:00:00,8.2478,8.2898,8.2048,8.2098,130396.0,1075080.5056
2024-03-31 16:00:00,8.2098,8.2672,8.1657,8.2247,61147.0,501968.0466
2024-03-31 20:00:00,8.2247,8.2523,8.1514,8.2221,69874.0,573118.8236
2024-04-01 00:00:00,8.2221,8.3089,8.1684,8.1955,117706.0,968581.5961
2024-04-01 04:00:00,8.1955,8.214,7.3971,7.804,1162768.0,8977313.9874
2024-04-01 08:00:00,7.804,7.814,7.6909,7.7232,81375.0,631175.9358
2024-04-01 12:00:00,7.7232,7.8939,7.4619,7.522,219791.0,1684030.0784
2024-04-01 16:00:00,7.522,7.5872,7.3684,7.5532,141991.0,1061595.5826
2024-04-01 20:00:00,7.5532,7.7274,7.4872,7.663,94755.0,718595.2883
2024-04-02 00:00:00,7.663,7.663,6.8269,7.0779,753137.0,5346654.6684
2024-04-02 04:00:00,7.0779,7.1596,6.9793,7.0685,204320.0,1448797.2439
2024-04-02 08:00:00,7.0685,7.0982,6.7906,6.9589,276518.0,1913111.1454
2024-04-02 12:00:00,6.9589,7.0657,6.8202,6.8797,262069.0,1818011.0301
2024-04-02 16:00:00,6.8797,7.0,6.855,6.9229,98198.0,680322.2093
2024-04-02 20:00:00,6.9229,6.9543,6.7785,6.8352,112598.0,773069.5673
2024-04-03 00:00:00,6.8352,6.9758,6.4974,6.9434,276419.0,1856422.1443
2024-04-03 04:00:00,6.9434,7.0754,6.9153,7.0263,178025.0,1247302.7755
2024-04-03 08:00:00,7.0263,7.1903,6.946,6.9724,181349.0,1281847.1961
2024-04-03 12:00:00,6.9724,7.1828,6.8848,6.947,158217.0,1111888.6962
2024-04-03 16:00:00,6.947,7.0299,6.7349,6.7981,94742.0,649608.7984
2024-04-03 20:00:00,6.7981,6.8239,6.6218,6.7445,54978.0,369490.6553
2024-04-04 00:00:00,6.7445,6.8951,6.6367,6.6757,250223.0,1678006.9263
2024-04-04 04:00:00,6.6757,6.9121,6.6067,6.8669,118217.0,799577.0332
2024-04-04 08:00:00,6.8669,6.9881,6.8109,6.8624,188282.0,1301049.0075
2024-04-04 12:00:00,6.8624,7.0729,6.8515,6.9554,217646.0,1513268.2382
2024-04-04 16:00:00,6.9554,7.1686,6.9425,6.952,228272.0,1609173.842
2024-04-04 20:00:00,6.952,6.9671,6.786,6.8711,100425.0,688237.2599
2024-04-05 00:00:00,6.8711,6.9987,6.6488,6.7981,154966.0,1057857.3385
2024-04-05 04:00:00,6.7981,6.8,6.53,6.6799,188455.0,1247325.4615
2024-04-05 08:00:00,6.6799,6.7595,6.511,6.5356,135697.0,896609.036
2024-04-05 12:00:00,6.5356,6.8974,6.4631,6.867,330031.0,2228013.4776
2024-04-05 16:00:00,6.867,6.9811,6.8242,6.8752,104034.0,718697.1624
2024-04-05 20:00:00,6.8752,6.9665,6.8365,6.857,160344.0,1103653.7702
2024-04-06 00:00:00,6.857,7.2736,6.7742,7.0972,829008.0,5852230.823
2024-04-06 04:00:00,7.0972,7.1644,6.9896,7.0423,165152.0,1167837.6556
2024-04-06 08:00:00,7.0423,7.15,6.937,6.9689,150569.0,1057216.462
2024-04-06 12:00:00,6.9689,6.9972,6.88,6.935,98044.0,679821.7323
2024-04-06 16:00:00,6.935,6.9781,6.8955,6.9028,67194.0,465789.3765
2024-04-06 20:00:00,6.9028,7.0853,6.8949,6.9768,135079.0,946258.7148
2024-04-07 00:00:00,6.9768,7.2545,6.9481,7.1735,337672.0,2416896.5674
2024-04-07 04:00:00,7.1735,7.224,7.0766,7.1224,165650.0,1182277.4496
2024-04-07 08:00:00,7.1224,7.2895,7.0866,7.229,165550.0,1187380.1614
2024-04-07 12:00:00,7.229,7.3042,7.1063,7.1286,311880.0,2247815.8098
2024-04-07 16:00:00,7.1286,7.3833,7.0558,7.0729,195502.0,1409205.8514
2024-04-07 20:00:00,7.0729,7.2275,7.0653,7.2057,102378.0,733014.8447
2024-04-08 00:00:00,7.2057,7.2522,7.0346,7.0856,141514.0,1009455.8883
2024-04-08 04:00:00,7.0856,7.2604,7.047,7.2372,160361.0,1153008.128
2024-04-08 08:00:00,7.2372,7.4548,7.2319,7.44,295032.0,2174012.6438
2024-04-08 12:00:00,7.44,7.4769,7.2537,7.2977,258979.0,1907340.3626
2024-04-08 16:00:00,7.2977,7.3617,7.2687,7.294,194667.0,1423199.2662
2024-04-08 20:00:00,7.294,7.3669,7.2361,7.3078,143433.0,1045579.4832
2024-04-09 00:00:00,7.3078,7.3484,7.1745,7.2017,158554.0,1146412.4041
2024-04-09 04:00:00,7.2017,7.2354,6.9589,6.9999,250421.0,1785545.5912
2024-04-09 08:00:00,6.9999,7.071,6.8468,7.0231,117314.0,816572.1615
2024-04-09 12:00:00,7.0231,7.0393,6.675,6.8008,333563.0,2275955.6275
2024-04-09 16:00:00,6.8008,6.8081,6.6606,6.747,183451.0,1237323.1081
2024-04-09 20:00:00,6.747,6.7787,6.6139,6.6651,83624.0,558093.786
2024-04-10 00:00:00,6.6651,6.7503,6.41,6.593,242070.0,1587096.0727
2024-04-10 04:00:00,6.593,6.6659,6.5551,6.5957,60816.0,402008.985
2024-04-10 08:00:00,6.5957,6.6316,6.4859,6.5279,117073.0,768584.8818
2024-04-10 12:00:00,6.5279,6.5409,6.2,6.4708,269244.0,1708958.9262
2024-04-10 16:00:00,6.4708,6.6287,6.4454,6.5561,123809.0,810463.77
2024-04-10 20:00:00,6.5561,6.6551,6.502,6.5665,92390.0,608315.8772
2024-04-11 00:00:00,6.5665,6.5776,6.4764,6.5253,81963.0,534765.7092
2024-04-11 04:00:00,6.5253,6.8925,6.4747,6.7854,556489.0,3717448.9024
2024-04-11 08:00:00,6.7854,6.8753,6.388,6.4238,569716.0,3783964.0234
2024-04-11 12:00:00,6.4238,6.509,6.3252,6.4748,480070.0,3078342.6919
2024-04-11 16:00:00,6.4748,6.4991,6.2923,6.3816,366321.0,2339169.072
2024-04-11 20:00:00,6.3816,6.417,6.3224,6.3755,83409.0,531247.4082
2024-04-12 00:00:00,6.3755,6.507,6.3707,6.4769,113248.0,730440.9154
2024-04-12 04:00:00,6.4769,6.5283,6.4071,6.4357,152492.0,987670.7549
2024-04-12 08:00:00,6.4357,6.6462,6.415,6.558,541397.0,3522779.5006
2024-04-12 12:00:00,6.558,6.7271,6.2489,6.5517,1742094.0,11358814.5946
2024-04-12 16:00:00,6.5517,6.5906,4.535,5.1705,3286348.0,18394101.1649
2024-04-12 20:00:00,5.1705,5.5357,5.131,5.4698,471460.0,2522659.4532
2024-04-13 00:00:00,5.4698,5.4698,5.0246,5.3245,196262.0,1027301.2549
2024-04-13 04:00:00,5.3245,5.4906,5.3099,5.3893,416429.0,2262499.2073
2024-04-13 08:00:00,5.3893,5.4688,5.2844,5.3596,109573.0,589210.9812
2024-04-13 12:00:00,5.3596,5.4388,5.3051,5.3529,169570.0,908476.1574
2024-04-13 16:00:00,5.3529,5.3689,4.1916,4.4796,1087691.0,5184360.9917
2024-04-13 20:00:00,4.4796,4.526,3.66,4.4184,1338051.0,5460702.8411
2024-04-14 00:00:00,4.4184,4.4703,4.2262,4.465,411617.0,1802771.7077
2024-04-14 04:00:00,4.465,4.8866,4.435,4.8815,419262.0,1967050.1802
2024-04-14 08:00:00,4.8815,4.9567,4.6817,4.7147,150656.0,728645.5293
2024-04-14 12:00:00,4.7147,4.9149,4.6417,4.7489,175396.0,833243.2665
2024-04-14 16:00:00,4.7489,4.977,4.5625,4.8924,139334.0,670401.1846
2024-04-14 20:00:00,4.8924,5.2421,4.7386,5.1314,212458.0,1064620.866
2024-04-15 00:00:00,5.1314,5.1545,4.9549,4.9706,179574.0,906172.3571
2024-04-15 04:00:00,4.9706,5.2276,4.887,5.1359,170773.0,869346.2209
2024-04-15 08:00:00,5.1359,5.1882,5.007,5.027,105742.0,540127.491
2024-04-15 12:00:00,5.027,5.1092,4.6885,4.7804,222460.0,1092434.8023
2024-04-15 16:00:00,4.7804,4.823,4.4439,4.6589,184614.0,856050.5982
2024-04-15 20:00:00,4.6589,4.854,4.5374,4.7797,213357.0,1001854.7129
2024-04-16 00:00:00,4.7797,4.8257,4.6179,4.6502,194758.0,916510.7971
2024-04-16 04:00:00,4.6502,5.0049,4.5129,4.9742,232827.0,1103901.2548
2024-04-16 08:00:00,4.9742,5.0745,4.7596,5.056,621034.0,3065934.9498
2024-04-16 12:00:00,5.056,5.056,4.7176,4.7178,367557.0,1794081.0485
2024-04-16 16:00:00,4.7178,4.9201,4.6043,4.724,317401.0,1525200.2994
2024-04-16 20:00:00,4.724,5.2058,4.7193,5.0757,561783.0,2860716.4076
2024-04-17 00:00:00,5.0757,5.1447,4.8682,4.9314,690021.0,3443049.743
2024-04-17 04:00:00,4.9314,5.0529,4.8969,4.9741,214965.0,1069597.8309
2024-04-17 08:00:00,4.9741,5.0799,4.8869,4.8966,311754.0,1554530.3513
2024-04-17 12:00:00,4.8966,5.13,4.6402,4.8257,1390887.0,6827252.4573
2024-04-17 16:00:00,4.8257,5.027,4.7095,4.7787,531087.0,2571640.9659
2024-04-17 20:00:00,4.7787,4.8292,4.6714,4.7274,277810.0,1319917.0884
2024-04-18 00:00:00,4.7274,4.8684,4.572,4.8251,245750.0,1168051.8314
2024-04-18 04:00:00,4.8251,4.8748,4.6676,4.7028,157810.0,752706.1642
2024-04-18 08:00:00,4.7028,4.9165,4.6861,4.8371,294745.0,1425218.1112
2024-04-18 12:00:00,4.8371,4.9716,4.7029,4.9164,336685.0,1639924.3655
2024-04-18 16:00:00,4.9164,5.035,4.8149,5.0108,110084.0,542107.7388
2024-04-18 20:00:00,5.0108,5.1404,4.9666,4.9918,183590.0,925559.4529
2024-04-19 00:00:00,4.9918,4.9918,4.4688,4.6933,870727.0,4062297.1018
2024-04-19 04:00:00,4.6933,5.0094,4.6818,4.8557,351161.0,1695489.8859
2024-04-19 08:00:00,4.8557,5.031,4.8456,4.9345,457455.0,2265380.6251
2024-04-19 12:00:00,4.9345,5.0864,4.8775,4.9909,208075.0,1033846.1928
2024-04-19 16:00:00,4.9909,5.2709,4.881,5.0743,260799.0,1326283.0469
2024-04-19 20:00:00,5.0743,5.0773,4.8144,4.9192,149583.0,737678.0397
2024-04-20 00:00:00,4.9192,4.9653,4.8167,4.9212,496585.0,2427789.2076
2024-04-20 04:00:00,4.9212,5.066,4.906,5.019,127830.0,638882.757
2024-04-20 08:00:00,5.019,5.1177,4.976,5.0135,122224.0,614715.7984
2024-04-20 12:00:00,5.0135,5.3806,5.0037,5.3338,266105.0,1380878.4765
2024-04-20 16:00:00,5.3338,5.6571,5.279,5.48,409447.0,2255899.9311
2024-04-20 20:00:00,5.48,5.6316,5.4544,5.61,123411.0,683989.1756
2024-04-21 00:00:00,5.61,5.8898,5.5317,5.6201,705524.0,4014270.4561
2024-04-21 04:00:00,5.6201,5.6908,5.5307,5.6581,224419.0,1259800.6369
2024-04-21 08:00:00,5.6581,5.7159,5.5806,5.6282,161470.0,911693.5149
2024-04-21 12:00:00,5.6282,5.6582,5.4241,5.5291,357620.0,1973310.0263
2024-04-21 16:00:00,5.5291,5.5361,5.3559,5.4448,159990.0,869538.5449
2024-04-21 20:00:00,5.4448,5.5543,5.4211,5.531,125863.0,692022.3109
2024-04-22 00:00:00,5.531,5.6546,5.424,5.5936,265554.0,1474165.8872
2024-04-22 04:00:00,5.5936,5.6874,5.55,5.5588,174365.0,981263.284
2024-04-22 08:00:00,5.5588,5.6082,5.4737,5.499,123746.0,683641.9033
2024-04-22 12:00:00,5.499,5.6214,5.42,5.5587,169520.0,936119.7541
2024-04-22 16:00:00,5.5587,5.6411,5.4927,5.5889,94008.0,523693.4728
2024-04-22 20:00:00,5.5889,5.6586,5.5472,5.595,68384.0,383076.9809
2024-04-23 00:00:00,5.595,6.1725,5.5655,5.7745,1061989.0,6324665.3788
2024-04-23 04:00:00,5.7745,5.8703,5.5227,5.5534,882508.0,5039422.931
2024-04-23 08:00:00,5.5534,5.6572,5.4755,5.5369,327998.0,1824253.6615
2024-04-23 12:00:00,5.5369,5.6899,5.511,5.5458,357123.0,1994012.8954
2024-04-23 16:00:00,5.5458,5.5927,5.4319,5.5154,253135.0,1392798.4864
2024-04-23 20:00:00,5.5154,5.5154,5.3027,5.4008,707167.0,3808039.7156
2024-04-24 00:00:00,5.4008,5.5276,5.3717,5.4377,264070.0,1441081.1973
2024-04-24 04:00:00,5.4377,5.5812,5.4264,5.4702,331932.0,1823869.3777
2024-04-24 08:00:00,5.4702,5.509,5.3868,5.4873,310061.0,1688866.114
2024-04-24 12:00:00,5.4873,5.5007,5.0286,5.0473,722584.0,3785338.9933
2024-04-24 16:00:00,5.0473,5.1417,4.9465,5.0566,223229.0,1126672.0275
2024-04-24 20:00:00,5.0566,5.0812,4.8374,4.9179,403430.0,1995147.7412
2024-04-25 00:00:00,4.9179,4.946,4.7514,4.7916,423876.0,2055505.4936
2024-04-25 04:00:00,4.7916,4.8496,4.6911,4.7459,311605.0,1490463.7654
2024-04-25 08:00:00,4.7459,4.8299,4.6453,4.7905,264504.0,1256303.1005
2024-04-25 12:00:00,4.7905,5.1582,4.6911,5.0358,2289255.0,11261529.1803
2024-04-25 16:00:00,5.0358,5.0429,4.817,4.8354,594935.0,2915926.929
2024-04-25 20:00:00,4.8354,5.0111,4.814,4.8638,190152.0,933794.4584
2024-04-26 00:00:00,4.8638,4.8925,4.7085,4.7552,302064.0,1450402.0155
2024-04-26 04:00:00,4.7552,4.8715,4.7193,4.7852,456767.0,2197874.325
2024-04-26 08:00:00,4.7852,4.8328,4.6865,4.7299,515564.0,2453519.8115
2024-04-26 12:00:00,4.7299,4.8903,4.6183,4.698,1308391.0,6197301.1673
2024-04-26 16:00:00,4.698,4.8454,4.6612,4.7214,757232.0,3610961.5141
2024-04-26 20:00:00,4.7214,4.7589,4.5912,4.6996,143214.0,666074.7299
2024-04-27 00:00:00,4.6996,4.7632,4.3279,4.6075,859973.0,3879474.5739
2024-04-27 04:00:00,4.6075,4.7652,4.6055,4.7219,194015.0,910649.4052
2024-04-27 08:00:00,4.7219,4.8347,4.6179,4.7427,687064.0,3235581.8675
2024-04-27 12:00:00,4.7427,4.9354,4.7356,4.7657,960244.0,4633171.1375
2024-04-27 16:00:00,4.7657,4.8948,4.7165,4.8101,290230.0,1391321.8753
2024-04-27 20:00:00,4.8101,4.9238,4.7728,4.8712,185833.0,902631.8023
2024-04-28 00:00:00,4.8712,5.0249,4.8376,4.9421,208575.0,1027088.5492
2024-04-28 04:00:00,4.9421,4.9912,4.8922,4.9425,163185.0,805755.7104
2024-04-28 08:00:00,4.9425,4.961,4.7715,4.8002,373955.0,1820086.3736
2024-04-28 12:00:00,4.8002,4.8978,4.7814,4.8237,198173.0,955239.4951
2024-04-28 16:00:00,4.8237,4.9355,4.7893,4.8592,119640.0,580542.3995
2024-04-28 20:00:00,4.8592,4.8785,4.6674,4.7008,239055.0,1135029.749
2024-04-29 00:00:00,4.7008,4.7351,4.5782,4.585,345657.0,1612668.4199
2024-04-29 04:00:00,4.585,4.6411,4.5039,4.6077,447880.0,2050204.8758
2024-04-29 08:00:00,4.6077,4.6915,4.56,4.583,215910.0,997226.5436
2024-04-29 12:00:00,4.583,4.7347,4.525,4.6972,820467.0,3811229.6511
2024-04-29 16:00:00,4.6972,4.75,4.5726,4.6281,266372.0,1247855.4623
2024-04-29 20:00:00,4.6281,4.7886,4.5555,4.7238,116305.0,544474.0428
2024-04-30 00:00:00,4.7238,4.846,4.68,4.7824,613534.0,2929118.3679
2024-04-30 04:00:00,4.7824,4.8092,4.6915,4.7079,225493.0,1071304.0826
2024-04-30 08:00:00,4.7079,4.7304,4.3455,4.3843,662096.0,2989135.1687
2024-04-30 12:00:00,4.3843,4.4558,4.265,4.3878,311672.0,1356888.1074
2024-04-30 16:00:00,4.3878,4.4182,4.26,4.382,300986.0,1310255.7237
2024-04-30 20:00:00,4.382,4.5729,4.382,4.534,160693.0,726493.9922
2024-05-01 00:00:00,4.534,4.5587,4.4017,4.4668,130920.0,583753.5973
2024-05-01 04:00:00,4.4668,4.5288,4.167,4.2715,465358.0,1996823.5522
2024-05-01 08:00:00,4.2715,4.3992,4.19,4.3974,300279.0,1288463.1074
2024-05-01 12:00:00,4.3974,4.5336,4.3808,4.5071,356117.0,1596213.3881
2024-05-01 16:00:00,4.5071,4.6742,4.4522,4.5269,341139.0,1563056.3686
2024-05-01 20:00:00,4.5269,4.6825,4.4755,4.6461,137930.0,637331.4221
2024-05-02 00:00:00,4.6461,4.6766,4.4397,4.4896,203182.0,922276.8153
2024-05-02 04:00:00,4.4896,4.5449,4.4142,4.4584,231668.0,1034318.3612
2024-05-02 08:00:00,4.4584,4.696,4.45,4.6609,188964.0,860143.5399
2024-05-02 12:00:00,4.6609,4.7491,4.5356,4.6015,317552.0,1473591.4838
2024-05-02 16:00:00,4.6015,4.6117,4.5021,4.5877,146737.0,670720.9394
2024-05-02 20:00:00,4.5877,4.6595,4.52,4.6042,242347.0,1110909.0811
2024-05-03 00:00:00,4.6042,4.835,4.5571,4.8183,394809.0,1873618.1103
2024-05-03 04:00:00,4.8183,4.9931,4.71,4.7319,348117.0,1679803.6274
2024-05-03 08:00:00,4.7319,4.7643,4.6199,4.6707,181908.0,853160.4127
2024-05-03 12:00:00,4.6707,5.0526,4.6552,4.9805,627932.0,3055223.6089
2024-05-03 16:00:00,4.9805,5.2,4.9401,5.1184,528938.0,2704232.3041
2024-05-03 20:00:00,5.1184,5.2214,5.0972,5.1265,608610.0,3140673.507
2024-05-04 00:00:00,5.1265,5.179,5.055,5.1028,191764.0,979141.0682
2024-05-04 04:00:00,5.1028,5.1395,5.0632,5.0912,308840.0,1574239.9796
2024-05-04 08:00:00,5.0912,5.2725,5.0864,5.0938,368111.0,1902448.9505
2024-05-04 12:00:00,5.0938,5.1639,5.0266,5.1283,556147.0,2831340.5237
2024-05-04 16:00:00,5.1283,5.2203,5.0448,5.1143,111151.0,570304.5067
2024-05-04 20:00:00,5.1143,5.133,5.0434,5.0812,84974.0,432260.8787
2024-05-05 00:00:00,5.0812,5.1107,4.9226,5.0403,327207.0,1637543.4934
2024-05-05 04:00:00,5.0403,5.2819,4.9708,5.216,507820.0,2608611.2697
2024-05-05 08:00:00,5.216,5.4392,5.1728,5.3684,918911.0,4867809.3667
2024-05-05 12:00:00,5.3684,5.8287,5.3282,5.6784,1205441.0,6724548.6297
2024-05-05 16:00:00,5.6784,5.8461,5.6251,5.6872,579903.0,3319621.3083
2024-05-05 20:00:00,5.6872,5.7596,5.6041,5.7396,130445.0,740777.9151
2024-05-06 00:00:00,5.7396,5.9718,5.7124,5.8457,720094.0,4206265.0265
2024-05-06 04:00:00,5.8457,6.3532,5.799,6.3172,984147.0,5966066.6877
2024-05-06 08:00:00,6.3172,6.5286,6.1639,6.324,1906184.0,12100435.9631
2024-05-06 12:00:00,6.324,6.3814,5.9909,6.1041,1388135.0,8558059.8835
2024-05-06 16:00:00,6.1041,6.2304,5.9453,6.1149,529670.0,3211142.6905
2024-05-06 20:00:00,6.1149,6.2025,5.9869,5.9972,175296.0,1070033.2965
2024-05-07 00:00:00,5.9972,6.2996,5.9782,6.0526,646076.0,3959181.6492
2024-05-07 04:00:00,6.0526,6.1655,5.8918,6.0702,484631.0,2926323.5708
2024-05-07 08:00:00,6.0702,6.2923,6.023,6.1121,703347.0,4332085.8903
2024-05-07 12:00:00,6.1121,6.2411,6.0048,6.2079,388638.0,2382907.1736
2024-05-07 16:00:00,6.2079,6.3068,6.0193,6.0524,482849.0,2965481.4929
2024-05-07 20:00:00,6.0524,6.0865,5.8,5.895,370629.0,2196809.6626
2024-05-08 00:00:00,5.895,5.9544,5.7503,5.8308,792204.0,4632012.404
2024-05-08 04:00:00,5.8308,5.8888,5.744,5.7765,465713.0,2706247.4141
2024-05-08 08:00:00,5.7765,5.9536,5.7074,5.8352,880523.0,5136433.9828
2024-05-08 12:00:00,5.8352,5.9106,5.6406,5.6785,594548.0,3428238.8377
2024-05-08 16:00:00,5.6785,5.6982,5.3301,5.3555,579403.0,3192325.2908
2024-05-08 20:00:00,5.3555,5.3931,5.2023,5.365,451342.0,2392414.0701
2024-05-09 00:00:00,5.365,5.5184,5.3576,5.4964,292208.0,1593113.9322
2024-05-09 04:00:00,5.4964,5.5804,5.4449,5.4833,340940.0,1877618.7611
2024-05-09 08:00:00,5.4833,5.5383,5.3608,5.4445,537537.0,2931946.431
2024-05-09 12:00:00,5.4445,5.5978,5.3362,5.4447,752571.0,4093831.1409
2024-05-09 16:00:00,5.4447,5.659,5.392,5.491,373844.0,2063166.8222
2024-05-09 20:00:00,5.491,5.7675,5.4561,5.6181,546144.0,3081623.378
2024-05-10 00:00:00,5.6181,6.0849,5.5947,5.9934,671340.0,3964873.9687
2024-05-10 04:00:00,5.9934,6.019,5.8137,5.8618,301094.0,1775699.1701
2024-05-10 08:00:00,5.8618,5.8644,5.7308,5.8412,268258.0,1553730.6337
2024-05-10 12:00:00,5.8412,5.9316,5.4065,5.475,1419982.0,7937467.6548
2024-05-10 16:00:00,5.475,5.5565,5.3435,5.3849,526563.0,2866000.8063
2024-05-10 20:00:00,5.3849,5.4804,5.3439,5.4494,185815.0,1004321.618
2024-05-11 00:00:00,5.4494,5.8648,5.44,5.7221,725326.0,4141538.8128
2024-05-11 04:00:00,5.7221,5.8435,5.6761,5.818,409445.0,2361671.7873
2024-05-11 08:00:00,5.818,5.8348,5.5781,5.655,726749.0,4145100.1303
2024-05-11 12:00:00,5.655,5.9143,5.655,5.8756,748710.0,4331251.0521
2024-05-11 16:00:00,5.8756,6.0576,5.8074,5.8728,895266.0,5315679.6986
2024-05-11 20:00:00,5.8728,5.8932,5.75,5.7814,200314.0,1166364.7767
2024-05-12 00:00:00,5.7814,5.8467,5.728,5.7696,201688.0,1166352.8322
2024-05-12 04:00:00,5.7696,5.9285,5.7561,5.7794,451139.0,2637601.601
2024-05-12 08:00:00,5.7794,5.932,5.7475,5.905,535177.0,3127664.2022
2024-05-12 12:00:00,5.905,6.0538,5.8272,5.8763,606384.0,3608541.8918
2024-05-12 16:00:00,5.8763,6.013,5.8579,5.8794,463068.0,2749448.7924
2024-05-12 20:00:00,5.8794,5.9875,5.7871,5.9454,259699.0,1529983.3652
2024-05-13 00:00:00,5.9454,6.0246,5.4422,5.6163,1355410.0,7688880.8609
2024-05-13 04:00:00,5.6163,5.8915,5.5151,5.8671,1007499.0,5669612.1352
2024-05-13 08:00:00,5.8671,5.9626,5.6801,5.7756,1225320.0,7150904.6493
2024-05-13 12:00:00,5.7756,5.9219,5.71,5.8124,1240602.0,7197603.6751
2024-05-13 16:00:00,5.8124,6.3209,5.3728,5.5661,4138127.0,23993637.3585
2024-05-13 20:00:00,5.5661,5.7186,5.48,5.6298,1028806.0,5716553.3788
2024-05-14 00:00:00,5.6298,5.6701,5.25,5.3302,1339732.0,7299944.6959
2024-05-14 04:00:00,5.3302,5.386,5.1153,5.2789,1133501.0,5934274.8172
2024-05-14 08:00:00,5.2789,5.2804,5.03,5.0476,925266.0,4762646.5098
2024-05-14 12:00:00,5.0476,5.1454,4.8502,4.8721,1669695.0,8351222.0223
2024-05-14 16:00:00,4.8721,4.8721,4.6006,4.6612,1632630.0,7693712.4536
2024-05-14 20:00:00,4.6612,4.833,4.6421,4.7635,333193.0,1577914.6713
2024-05-15 00:00:00,4.7635,4.9684,4.7622,4.9144,573280.0,2790202.2052
2024-05-15 04:00:00,4.9144,4.9222,4.7619,4.7625,494888.0,2389790.555
2024-05-15 08:00:00,4.7625,4.8697,4.6615,4.7186,822605.0,3915821.7516
2024-05-15 12:00:00,4.7186,5.0295,4.7017,4.8957,1714014.0,8429772.1165
2024-05-15 16:00:00,4.8957,5.1081,4.8361,5.0848,895891.0,4424268.0878
2024-05-15 20:00:00,5.0848,5.1527,5.0274,5.0781,365973.0,1863617.5233
2024-05-16 00:00:00,5.0781,5.1133,4.9615,5.0365,574586.0,2882739.2088
2024-05-16 04:00:00,5.0365,5.0799,4.985,5.0369,261849.0,1316091.5862
2024-05-16 08:00:00,5.0369,5.0445,4.8901,4.9271,773044.0,3817946.7484
2024-05-16 12:00:00,4.9271,4.9353,4.637,4.7344,1445932.0,6905199.6842
2024-05-16 16:00:00,4.7344,4.8703,4.6987,4.8622,338203.0,1620771.2938
2024-05-16 20:00:00,4.8622,4.8846,4.8041,4.8353,117483.0,569328.8124
2024-05-17 00:00:00,4.8353,4.924,4.8047,4.8936,265345.0,1293577.5387
2024-05-17 04:00:00,4.8936,5.0035,4.8715,4.9605,339920.0,1681263.4336
2024-05-17 08:00:00,4.9605,4.9778,4.84,4.8479,410643.0,2007082.3758
2024-05-17 12:00:00,4.8479,4.9898,4.821,4.9572,311916.0,1532472.3626
2024-05-17 16:00:00,4.9572,5.0798,4.9051,4.9563,1332005.0,6649577.1971
2024-05-17 20:00:00,4.9563,4.9729,4.89,4.89,109643.0,540224.5395
2024-05-18 00:00:00,4.89,5.0758,4.8785,5.0591,433298.0,2152285.5738
2024-05-18 04:00:00,5.0591,5.0767,4.9609,4.9761,338088.0,1696522.2891
2024-05-18 08:00:00,4.9761,5.0138,4.96,4.9683,412449.0,2052561.1634
2024-05-18 12:00:00,4.9683,4.9731,4.8046,4.9048,598012.0,2924002.8644
2024-05-18 16:00:00,4.9048,5.0606,4.8949,4.978,345081.0,1725061.1433
2024-05-18 20:00:00,4.978,5.0045,4.9465,4.9696,79442.0,394383.1364
2024-05-19 00:00:00,4.9696,5.0117,4.9401,4.9845,244454.0,1216259.1588
2024-05-19 04:00:00,4.9845,4.9852,4.8722,4.9264,280188.0,1377810.1094
2024-05-19 08:00:00,4.9264,4.9388,4.8216,4.875,272940.0,1329525.8729
2024-05-19 12:00:00,4.875,4.8872,4.7205,4.7799,508680.0,2434272.1164
2024-05-19 16:00:00,4.7799,4.7937,4.7035,4.7102,273888.0,1297892.3865
2024-05-19 20:00:00,4.7102,4.7446,4.6503,4.694,364865.0,1712578.7731
2024-05-20 00:00:00,4.694,4.7831,4.6358,4.7549,484363.0,2281899.6518
2024-05-20 04:00:00,4.7549,4.8587,4.6965,4.8096,455600.0,2186833.4505
2024-05-20 08:00:00,4.8096,4.8489,4.7653,4.7935,365368.0,1755546.7567
2024-05-20 12:00:00,4.7935,4.8393,4.7128,4.7985,287717.0,1371226.7943
2024-05-20 16:00:00,4.7985,5.0093,4.778,4.9984,741991.0,3627564.6554
2024-05-20 20:00:00,4.9984,5.0919,4.9053,5.06,875930.0,4385836.4315
2024-05-21 00:00:00,5.06,5.1527,4.9508,5.0332,846542.0,4273436.3287
2024-05-21 04:00:00,5.0332,5.1817,5.0332,5.132,685528.0,3516982.8394
2024-05-21 08:00:00,5.132,5.2337,5.1109,5.146,662492.0,3419004.8464
2024-05-21 12:00:00,5.146,5.1829,5.0062,5.0251,1001027.0,5108173.8809
2024-05-21 16:00:00,5.0251,5.1158,4.925,4.9482,765460.0,3857831.5145
2024-05-21 20:00:00,4.9482,5.119,4.9482,5.09,534296.0,2701576.6501
2024-05-22 00:00:00,5.09,5.143,4.9904,5.07,284123.0,1436482.1817
2024-05-22 04:00:00,5.07,5.1185,4.9548,5.0724,507222.0,2557551.8532
2024-05-22 08:00:00,5.0724,5.149,5.0216,5.04,385688.0,1961621.1157
2024-05-22 12:00:00,5.04,5.1637,4.9011,5.143,1173169.0,5879412.9566
2024-05-22 16:00:00,5.143,5.1845,4.9423,5.057,891452.0,4517130.0991
2024-05-22 20:00:00,5.057,5.2619,4.9382,4.9684,1093412.0,5559416.7696
2024-05-23 00:00:00,4.9684,5.0109,4.8728,4.9693,773620.0,3820336.6763
2024-05-23 04:00:00,4.9693,4.9789,4.9025,4.9463,429048.0,2119205.6022
2024-05-23 08:00:00,4.9463,4.9514,4.817,4.8964,693191.0,3378411.7122
2024-05-23 12:00:00,4.8964,4.9051,4.3868,4.5896,3299286.0,15214232.8681
2024-05-23 16:00:00,4.5896,4.6934,4.5577,4.6346,817282.0,3772662.1327
2024-05-23 20:00:00,4.6346,4.8296,4.3728,4.6923,1763520.0,8084986.0854
2024-05-24 00:00:00,4.6923,4.763,4.6689,4.7241,144701.0,681202.7955
2024-05-24 04:00:00,4.7241,4.735,4.5026,4.6184,701999.0,3239498.6302
2024-05-24 08:00:00,4.6184,4.63,4.545,4.6047,437356.0,2013003.4997
2024-05-24 12:00:00,4.6047,4.6169,4.5014,4.5346,388179.0,1768288.2006
2024-05-24 16:00:00,4.5346,4.5996,4.4662,4.5777,359021.0,1624114.8223
2024-05-24 20:00:00,4.5777,4.6001,4.551,4.5866,104303.0,476878.9344
2024-05-25 00:00:00,4.5866,4.6227,4.5698,4.6094,165726.0,762133.1494
2024-05-25 04:00:00,4.6094,4.714,4.6025,4.7044,458810.0,2144443.4248
2024-05-25 08:00:00,4.7044,4.811,4.6932,4.7735,606102.0,2873681.0407
2024-05-25 12:00:00,4.7735,4.7962,4.703,4.7632,258153.0,1224860.3942
2024-05-25 16:00:00,4.7632,4.7672,4.7216,4.7239,127987.0,606370.6496
2024-05-25 20:00:00,4.7239,4.7284,4.6883,4.7072,73921.0,347827.7733
2024-05-26 00:00:00,4.7072,4.7408,4.6305,4.6775,270579.0,1263127.7391
2024-05-26 04:00:00,4.6775,4.72,4.6504,4.6902,231862.0,1086669.6217
2024-05-26 08:00:00,4.6902,4.7225,4.5888,4.6233,481738.0,2235918.756
2024-05-26 12:00:00,4.6233,4.6436,4.5467,4.5782,736639.0,3383058.5216
2024-05-26 16:00:00,4.5782,4.613,4.53,4.5582,308036.0,1404182.699
2024-05-26 20:00:00,4.5582,4.5879,4.485,4.5341,266485.0,1209788.6083
2024-05-27 00:00:00,4.5341,4.6085,4.5251,4.5875,448194.0,2050419.152
2024-05-27 04:00:00,4.5875,4.6049,4.5049,4.5657,363704.0,1654414.0015
2024-05-27 08:00:00,4.5657,4.635,4.5584,4.6118,429083.0,1973383.9008
2024-05-27 12:00:00,4.6118,4.733,4.5908,4.7069,534515.0,2494014.8297
2024-05-27 16:00:00,4.7069,4.871,4.7066,4.8381,1184112.0,5666921.4459
2024-05-27 20:00:00,4.8381,4.8678,4.7629,4.8056,407544.0,1962478.0715
2024-05-28 00:00:00,4.8056,4.8069,4.573,4.6176,892010.0,4145572.0362
2024-05-28 04:00:00,4.6176,4.6341,4.5444,4.5908,572641.0,2624554.7708
2024-05-28 08:00:00,4.5908,4.7029,4.5793,4.6609,436324.0,2034724.8201
2024-05-28 12:00:00,4.6609,4.6777,4.5601,4.6047,584252.0,2697714.8753
2024-05-28 16:00:00,4.6047,4.6611,4.5664,4.6469,492371.0,2276187.099
2024-05-28 20:00:00,4.6469,4.7121,4.595,4.6676,263069.0,1225668.9404
2024-05-29 00:00:00,4.6676,4.799,4.6524,4.7948,380601.0,1803666.4242
2024-05-29 04:00:00,4.7948,4.8668,4.7684,4.7777,800809.0,3850885.7424
2024-05-29 08:00:00,4.7777,4.983,4.7079,4.8704,2089755.0,10187594.2662
2024-05-29 12:00:00,4.8704,4.955,4.7762,4.7927,758524.0,3691630.5183
2024-05-29 16:00:00,4.7927,5.0251,4.7485,4.8201,2591588.0,12717362.8325
2024-05-29 20:00:00,4.8201,4.96,4.8,4.9318,997741.0,4861901.0465
2024-05-30 00:00:00,4.9318,5.0465,4.8554,5.0192,1074939.0,5336403.6554
2024-05-30 04:00:00,5.0192,5.0361,4.7182,4.756,1141906.0,5567771.7626
2024-05-30 08:00:00,4.756,4.9849,4.688,4.9261,856133.0,4166099.2941
2024-05-30 12:00:00,4.9261,5.184,4.9195,5.0842,1967726.0,10015575.8125
2024-05-30 16:00:00,5.0842,5.147,4.998,5.0078,430373.0,2180548.5925
2024-05-30 20:00:00,5.0078,5.0098,4.8817,4.932,312613.0,1541076.3616
2024-05-31 00:00:00,4.932,4.9375,4.8511,4.8886,379381.0,1855521.2657
2024-05-31 04:00:00,4.8886,4.9259,4.7846,4.8331,430435.0,2081916.033
2024-05-31 08:00:00,4.8331,4.9296,4.8071,4.8984,304456.0,1482477.7487
2024-05-31 12:00:00,4.8984,4.9689,4.7421,4.7487,897067.0,4362572.0736
2024-05-31 16:00:00,4.7487,4.8754,4.707,4.8478,350859.0,1678741.1977
2024-05-31 20:00:00,4.8478,4.8883,4.8217,4.8348,279681.0,1357817.4016
2024-06-01 00:00:00,4.8348,4.936,4.8075,4.866,461477.0,2252517.286
2024-06-01 04:00:00,4.866,4.903,4.8393,4.8662,205749.0,1004922.0645
2024-06-01 08:00:00,4.8662,4.8947,4.7721,4.7828,351358.0,1693028.2674
2024-06-01 12:00:00,4.7828,4.8367,4.7574,4.8038,205181.0,983301.3339
2024-06-01 16:00:00,4.8038,4.8308,4.7661,4.7761,92003.0,441154.2775
2024-06-01 20:00:00,4.7761,4.8353,4.7761,4.7906,157158.0,756127.9681
2024-06-02 00:00:00,4.7906,4.8388,4.7774,4.8178,200068.0,963716.637
2024-06-02 04:00:00,4.8178,4.8326,4.7447,4.7533,226763.0,1084324.2463
2024-06-02 08:00:00,4.7533,4.8029,4.726,4.7929,312772.0,1487352.402
2024-06-02 12:00:00,4.7929,4.8571,4.7554,4.8263,277711.0,1336372.6392
2024-06-02 16:00:00,4.8263,4.8355,4.59,4.716,832628.0,3886315.0416
2024-06-02 20:00:00,4.716,4.7289,4.66,4.6765,155275.0,726698.0628
2024-06-03 00:00:00,4.6765,4.7306,4.6213,4.6775,340127.0,1594039.2395
2024-06-03 04:00:00,4.6775,4.7745,4.6147,4.7709,264176.0,1242023.9263
2024-06-03 08:00:00,4.7709,4.8128,4.736,4.7938,268438.0,1282620.9071
2024-06-03 12:00:00,4.7938,4.8234,4.6657,4.7421,436301.0,2068713.9718
2024-06-03 16:00:00,4.7421,4.7928,4.6754,4.7928,129640.0,612390.8306
2024-06-03 20:00:00,4.7928,4.8747,4.7843,4.8072,715607.0,3456866.0409
2024-06-04 00:00:00,4.8072,4.8947,4.8012,4.8211,463124.0,2241426.9404
2024-06-04 04:00:00,4.8211,4.8315,4.7225,4.7372,256247.0,1221281.0089
2024-06-04 08:00:00,4.7372,4.7643,4.685,4.7188,332470.0,1568785.3895
2024-06-04 12:00:00,4.7188,4.773,4.6867,4.7618,235509.0,1113300.0276
2024-06-04 16:00:00,4.7618,4.8038,4.7403,4.7943,265825.0,1268078.2675
2024-06-04 20:00:00,4.7943,4.8366,4.7626,4.8214,172738.0,830960.1168
2024-06-05 00:00:00,4.8214,4.8627,4.7914,4.794,290548.0,1401344.704
2024-06-05 04:00:00,4.794,4.9393,4.7818,4.8819,293919.0,1430019.7738
2024-06-05 08:00:00,4.8819,4.945,4.8629,4.8889,475719.0,2331363.0318
2024-06-05 12:00:00,4.8889,5.125,4.851,4.9616,2280308.0,11411315.416
2024-06-05 16:00:00,4.9616,4.9956,4.8901,4.9359,658556.0,3262801.9363
2024-06-05 20:00:00,4.9359,4.9459,4.8825,4.93,108334.0,531986.0156
2024-06-06 00:00:00,4.93,4.9371,4.8751,4.8913,163872.0,803186.2163
2024-06-06 04:00:00,4.8913,5.0222,4.8789,5.0079,601878.0,2983698.9816
2024-06-06 08:00:00,5.0079,5.0645,4.9824,4.9908,522873.0,2627419.8418
2024-06-06 12:00:00,4.9908,5.08,4.8837,4.9247,1112709.0,5565477.9899
2024-06-06 16:00:00,4.9247,4.9352,4.7745,4.7949,831324.0,4023320.4322
2024-06-06 20:00:00,4.7949,4.8304,4.731,4.8079,282773.0,1352755.4085
2024-06-07 00:00:00,4.8079,4.8762,4.7932,4.8614,253364.0,1224571.7326
2024-06-07 04:00:00,4.8614,4.957,4.8578,4.9181,340053.0,1669612.8778
2024-06-07 08:00:00,4.9181,4.9568,4.8496,4.9047,386814.0,1897737.5387
2024-06-07 12:00:00,4.9047,4.9638,4.8,4.9464,1137356.0,5570209.472
2024-06-07 16:00:00,4.9464,4.9525,3.7943,4.2828,6698119.0,28859617.0796
2024-06-07 20:00:00,4.2828,4.4407,4.2243,4.4112,796416.0,3437557.4453
2024-06-08 00:00:00,4.4112,4.5037,4.3774,4.4598,307893.0,1368907.4016
2024-06-08 04:00:00,4.4598,4.4632,4.4129,4.4413,92513.0,410560.6009
2024-06-08 08:00:00,4.4413,4.446,4.2779,4.3078,388069.0,1692598.4499
2024-06-08 12:00:00,4.3078,4.3496,4.2427,4.2882,865797.0,3736635.2304
2024-06-08 16:00:00,4.2882,4.2955,4.1608,4.213,267730.0,1133155.4372
2024-06-08 20:00:00,4.213,4.2564,4.1579,4.2423,230134.0,967344.5866
2024-06-09 00:00:00,4.2423,4.2859,4.1841,4.2027,189843.0,801995.9639
2024-06-09 04:00:00,4.2027,4.2627,4.1804,4.2307,224348.0,948464.9917
2024-06-09 08:00:00,4.2307,4.2852,4.2177,4.2615,96442.0,410611.6356
2024-06-09 12:00:00,4.2615,4.3129,4.2415,4.2514,117341.0,500746.7865
2024-06-09 16:00:00,4.2514,4.2806,4.2349,4.2512,81364.0,346035.6667
2024-06-09 20:00:00,4.2512,4.2576,4.204,4.2374,78822.0,333257.7293
2024-06-10 00:00:00,4.2374,4.238,4.1121,4.163,879258.0,3663278.7142
2024-06-10 04:00:00,4.163,4.1711,3.9964,4.0072,919224.0,3745262.8524
2024-06-10 08:00:00,4.0072,4.2999,3.9801,4.2834,1404621.0,5828921.7335
2024-06-10 12:00:00,4.2834,4.4036,4.1898,4.3516,979655.0,4225186.9336
2024-06-10 16:00:00,4.3516,4.3591,4.1272,4.1427,3688711.0,15635583.7439
2024-06-10 20:00:00,4.1427,4.1427,4.0038,4.0605,289391.0,1172050.545
2024-06-11 00:00:00,4.0605,4.1053,3.8054,3.9928,1925225.0,7561996.0026
2024-06-11 04:00:00,3.9928,4.0055,3.8909,3.9466,378393.0,1499019.4555
2024-06-11 08:00:00,3.9466,4.0226,3.939,3.9421,556348.0,2209632.7648
2024-06-11 12:00:00,3.9421,3.9614,3.6957,3.774,1718816.0,6528887.1776
2024-06-11 16:00:00,3.774,3.843,3.705,3.7653,220448.0,832453.7668
2024-06-11 20:00:00,3.7653,3.8438,3.7508,3.7993,162189.0,616984.4878
2024-06-12 00:00:00,3.7993,3.8298,3.6257,3.8178,462606.0,1725636.0176
2024-06-12 04:00:00,3.8178,3.88,3.8139,3.852,1021391.0,3931757.1349
2024-06-12 08:00:00,3.852,3.9335,3.8302,3.845,687604.0,2673927.7746
2024-06-12 12:00:00,3.845,4.0993,3.8449,4.0049,1766039.0,7098320.7627
2024-06-12 16:00:00,4.0049,4.0308,3.778,3.8147,930983.0,3659829.4345
2024-06-12 20:00:00,3.8147,3.9118,3.7847,3.8644,169427.0,656139.2821
2024-06-13 00:00:00,3.8644,3.8943,3.6633,3.7449,379701.0,1435168.0899
2024-06-13 04:00:00,3.7449,3.8003,3.7236,3.7661,159214.0,599559.8135
2024-06-13 08:00:00,3.7661,3.7791,3.7077,3.7195,149300.0,559170.0022
2024-06-13 12:00:00,3.7195,3.7963,3.6151,3.6342,427552.0,1587940.1237
2024-06-13 16:00:00,3.6342,3.719,3.5975,3.6852,123605.0,452222.1598
2024-06-13 20:00:00,3.6852,3.7016,3.603,3.637,85575.0,311892.351
2024-06-14 00:00:00,3.637,3.6844,3.5703,3.64,237550.0,861825.0375
2024-06-14 04:00:00,3.64,3.7061,3.6399,3.6765,94549.0,347270.5689
2024-06-14 08:00:00,3.6765,3.7283,3.662,3.6881,94329.0,348172.2221
2024-06-14 12:00:00,3.6881,3.7053,3.5326,3.5659,549715.0,1972639.885
2024-06-14 16:00:00,3.5659,3.5669,3.2286,3.35,1593502.0,5369619.7218
2024-06-14 20:00:00,3.35,3.4728,3.3476,3.4263,138987.0,474887.1028
2024-06-15 00:00:00,3.4263,3.4911,3.4119,3.4908,255819.0,880841.2777
2024-06-15 04:00:00,3.4908,3.5038,3.4616,3.4649,78622.0,273661.9955
2024-06-15 08:00:00,3.4649,3.4876,3.4408,3.4565,64265.0,222377.4873
2024-06-15 12:00:00,3.4565,3.4953,3.4329,3.4643,91974.0,318217.5955
2024-06-15 16:00:00,3.4643,3.4781,3.3831,3.3961,95952.0,329298.7369
2024-06-15 20:00:00,3.3961,3.4024,3.3582,3.3842,110004.0,371656.0544
2024-06-16 00:00:00,3.3842,3.3847,3.2774,3.3124,319286.0,1060582.6236
2024-06-16 04:00:00,3.3124,3.3722,3.2793,3.367,300108.0,999427.6116
2024-06-16 08:00:00,3.367,3.4408,3.3453,3.4183,229490.0,780092.459
2024-06-16 12:00:00,3.4183,3.474,3.412,3.4609,179332.0,617514.7042
2024-06-16 16:00:00,3.4609,3.488,3.424,3.4403,53794.0,185509.2807
2024-06-16 20:00:00,3.4403,3.5,3.43,3.4506,75584.0,261275.67
2024-06-17 00:00:00,3.4506,3.4862,3.3311,3.3458,446964.0,1513156.827
2024-06-17 04:00:00,3.3458,3.387,3.253,3.2854,611027.0,2025774.9548
2024-06-17 08:00:00,3.2854,3.3168,3.1266,3.1839,973440.0,3127149.028
2024-06-17 12:00:00,3.1839,3.2095,3.1174,3.1235,396014.0,1250309.0839
2024-06-17 16:00:00,3.1235,3.2389,2.9631,3.1583,785331.0,2424276.695
2024-06-17 20:00:00,3.1583,3.1695,3.0156,3.0238,228935.0,708942.7349
2024-06-18 00:00:00,3.0238,3.0364,2.472,2.7888,4302298.0,11731644.5553
2024-06-18 04:00:00,2.7888,2.8216,2.7519,2.7551,722092.0,2003922.8509
2024-06-18 08:00:00,2.7551,2.7743,2.6334,2.7061,905283.0,2446846.0429
2024-06-18 12:00:00,2.7061,2.7538,2.5912,2.7486,1853257.0,4921362.6452
2024-06-18 16:00:00,2.7486,2.7496,2.6676,2.7427,160586.0,435058.4535
2024-06-18 20:00:00,2.7427,2.8309,2.7142,2.8211,303039.0,844047.123
2024-06-19 00:00:00,2.8211,2.9149,2.761,2.8232,559185.0,1592267.2124
2024-06-19 04:00:00,2.8232,2.8742,2.8094,2.8391,305471.0,868662.5427
2024-06-19 08:00:00,2.8391,2.8455,2.7414,2.763,632527.0,1763321.5862
2024-06-19 12:00:00,2.763,2.8781,2.7527,2.7757,573331.0,1608161.7305
2024-06-19 16:00:00,2.7757,2.8644,2.7512,2.7846,222578.0,621863.72
2024-06-19 20:00:00,2.7846,2.8332,2.7633,2.7911,121368.0,338673.2463
2024-06-20 00:00:00,2.7911,2.8978,2.7577,2.881,927981.0,2642280.0374
2024-06-20 04:00:00,2.881,3.1426,2.8494,3.1382,1968210.0,5924411.4576
2024-06-20 08:00:00,3.1382,3.192,3.0716,3.1309,3150888.0,9870102.8963
2024-06-20 12:00:00,3.1309,3.148,2.9208,2.9452,1405833.0,4214812.8469
2024-06-20 16:00:00,2.9452,3.125,2.8726,3.1044,1429174.0,4323705.9806
2024-06-20 20:00:00,3.1044,3.1241,3.0234,3.0299,704376.0,2173133.2971
2024-06-21 00:00:00,3.0299,3.1077,2.968,3.0045,552330.0,1670109.4475
2024-06-21 04:00:00,3.0045,3.0586,2.9539,2.9884,704298.0,2125380.3078
2024-06-21 08:00:00,2.9884,3.1292,2.9577,3.1107,1253923.0,3846865.2221
2024-06-21 12:00:00,3.1107,3.1332,3.0,3.0761,1400296.0,4258325.9813
2024-06-21 16:00:00,3.0761,3.102,2.965,3.0626,314930.0,953986.3387
2024-06-21 20:00:00,3.0626,3.0716,2.9579,2.9766,177081.0,531259.2734
2024-06-22 00:00:00,2.9766,2.9953,2.9044,2.975,203845.0,601219.6619
2024-06-22 04:00:00,2.975,3.0451,2.9646,3.02,597946.0,1804449.465
2024-06-22 08:00:00,3.02,3.0569,2.9826,3.0099,737291.0,2228253.7592
2024-06-22 12:00:00,3.0099,3.0656,2.9675,3.046,371519.0,1115903.5514
2024-06-22 16:00:00,3.046,3.0688,2.9584,2.9778,191132.0,573066.6353
2024-06-22 20:00:00,2.9778,2.9778,2.9034,2.9329,709708.0,2089474.6787
2024-06-23 00:00:00,2.9329,3.0196,2.922,3.0015,290045.0,865635.0567
2024-06-23 04:00:00,3.0015,3.0267,2.9839,3.0095,121207.0,364150.8374
2024-06-23 08:00:00,3.0095,3.0261,2.9492,2.9658,377014.0,1129700.5899
2024-06-23 12:00:00,2.9658,3.0024,2.8868,2.8996,436348.0,1277879.8776
2024-06-23 16:00:00,2.8996,2.9063,2.8237,2.8583,794930.0,2269152.6028
2024-06-23 20:00:00,2.8583,2.8696,2.7922,2.8157,293411.0,827880.9741
2024-06-24 00:00:00,2.8157,2.8509,2.7665,2.8089,738704.0,2073840.979
2024-06-24 04:00:00,2.8089,2.8123,2.6974,2.7226,567580.0,1559169.546
2024-06-24 08:00:00,2.7226,2.8363,2.6359,2.7948,759807.0,2084879.459
2024-06-24 12:00:00,2.7948,2.8528,2.7571,2.7855,259566.0,730331.0794
2024-06-24 16:00:00,2.7855,2.8438,2.762,2.7869,194510.0,546163.1073
2024-06-24 20:00:00,2.7869,2.9219,2.7412,2.8985,1305297.0,3766466.7921
2024-06-25 00:00:00,2.8985,2.9947,2.8774,2.9692,511827.0,1507763.0898
2024-06-25 04:00:00,2.9692,2.9915,2.9102,2.9156,457856.0,1357976.514
2024-06-25 08:00:00,2.9156,2.9313,2.8774,2.9217,344493.0,1000500.9264
2024-06-25 12:00:00,2.9217,2.9579,2.8929,2.9525,263636.0,772231.9158
2024-06-25 16:00:00,2.9525,2.9637,2.8566,2.9115,586284.0,1697531.3411
2024-06-25 20:00:00,2.9115,2.9134,2.8275,2.8488,270953.0,775943.7521
2024-06-26 00:00:00,2.8488,2.9139,2.8255,2.8659,429118.0,1230343.5839
2024-06-26 04:00:00,2.8659,2.9318,2.8286,2.8784,1351585.0,3873146.2048
2024-06-26 08:00:00,2.8784,2.8784,2.81,2.8311,298412.0,846912.8808
2024-06-26 12:00:00,2.8311,2.9032,2.7775,2.8007,1157763.0,3275680.1982
2024-06-26 16:00:00,2.8007,2.8164,2.7211,2.7826,459474.0,1263808.4585
2024-06-26 20:00:00,2.7826,2.8332,2.7524,2.7777,165889.0,463519.9614
2024-06-27 00:00:00,2.7777,2.7791,2.7261,2.7353,195085.0,535090.6741
2024-06-27 04:00:00,2.7353,2.7609,2.6918,2.7106,372107.0,1012990.0924
2024-06-27 08:00:00,2.7106,2.8189,2.6986,2.7802,805755.0,2236051.4622
2024-06-27 12:00:00,2.7802,2.8357,2.759,2.8014,2244233.0,6304327.7646
2024-06-27 16:00:00,2.8014,2.8253,2.7706,2.7862,451488.0,1263471.8415
2024-06-27 20:00:00,2.7862,2.8224,2.7741,2.7825,410374.0,1146526.889
2024-06-28 00:00:00,2.7825,2.8144,2.7315,2.7721,1318808.0,3665311.7348
2024-06-28 04:00:00,2.7721,2.8314,2.764,2.8122,1540767.0,4300910.9713
2024-06-28 08:00:00,2.8122,2.8394,2.7818,2.8136,844310.0,2374362.7099
2024-06-28 12:00:00,2.8136,2.8644,2.7928,2.8306,902359.0,2550291.7183
2024-06-28 16:00:00,2.8306,2.8379,2.7269,2.738,599369.0,1663176.1179
2024-06-28 20:00:00,2.738,2.7532,2.6483,2.6727,746913.0,2006751.3885
2024-06-29 00:00:00,2.6727,2.7278,2.6574,2.7116,534360.0,1434059.3559
2024-06-29 04:00:00,2.7116,2.7378,2.6726,2.719,165845.0,448547.0152
2024-06-29 08:00:00,2.719,2.7473,2.7039,2.7397,521836.0,1423333.6529
2024-06-29 12:00:00,2.7397,2.7691,2.7322,2.7428,378421.0,1038327.2275
2024-06-29 16:00:00,2.7428,2.7428,2.5719,2.6022,1532071.0,4091017.1943
2024-06-29 20:00:00,2.6022,2.6055,2.5506,2.557,644874.0,1653359.869
2024-06-30 00:00:00,2.557,2.5654,2.4929,2.5164,1356081.0,3417993.6793
2024-06-30 04:00:00,2.5164,2.577,2.4829,2.5575,2163194.0,5505470.0401
2024-06-30 08:00:00,2.5575,2.5803,2.5029,2.5112,941615.0,2391328.4569
2024-06-30 12:00:00,2.5112,2.5229,2.3999,2.416,3125936.0,7655243.246
2024-06-30 16:00:00,2.416,2.4685,2.3255,2.4412,3265575.0,7854872.0649
2024-06-30 20:00:00,2.4412,2.5033,2.3974,2.4659,1114227.0,2732666.656
2024-07-01 00:00:00,2.4659,2.505,2.4192,2.4295,1636463.0,4011179.2595
2024-07-01 04:00:00,2.4295,2.4374,2.3401,2.3546,2468137.0,5867874.0238
2024-07-01 08:00:00,2.3546,2.3571,2.2757,2.2923,3798777.0,8766684.6766
2024-07-01 12:00:00,2.2923,2.3353,2.2325,2.2548,3266904.0,7446248.2596
2024-07-01 16:00:00,2.2548,2.3696,2.2343,2.3521,2651369.0,6138430.7091
2024-07-01 20:00:00,2.3521,2.3622,2.2722,2.2774,716519.0,1651121.4388
2024-07-02 00:00:00,2.2774,2.3441,2.2351,2.312,2876381.0,6601627.1539
2024-07-02 04:00:00,2.312,2.3713,2.287,2.3454,2972049.0,6955827.2446
2024-07-02 08:00:00,2.3454,2.37,2.3126,2.3326,983828.0,2301446.6919
2024-07-02 12:00:00,2.3326,2.4233,2.2839,2.2957,3384136.0,7937762.9388
2024-07-02 16:00:00,2.2957,2.3149,2.253,2.3107,1483893.0,3386312.8921
2024-07-02 20:00:00,2.3107,2.3263,2.2718,2.2738,533863.0,1230476.9079
2024-07-03 00:00:00,2.2738,2.2829,2.1433,2.1971,3444438.0,7583429.7601
2024-07-03 04:00:00,2.1971,2.3199,2.1699,2.3182,2736321.0,6142239.0081
2024-07-03 08:00:00,2.3182,2.4093,2.2942,2.3832,2550701.0,6004515.1202
2024-07-03 12:00:00,2.3832,2.5559,2.3058,2.4797,6667845.0,16415387.6099
2024-07-03 16:00:00,2.4797,2.532,2.3508,2.3586,2198147.0,5370197.7161
2024-07-03 20:00:00,2.3586,2.3942,2.2785,2.2841,2591703.0,6045612.3122
2024-07-04 00:00:00,2.2841,2.296,2.1376,2.2552,5958423.0,13141160.6097
2024-07-04 04:00:00,2.2552,2.3926,2.25,2.3836,4640655.0,10842835.0764
2024-07-04 08:00:00,2.3836,2.3853,2.279,2.3017,3607153.0,8414091.8989
2024-07-04 12:00:00,2.3017,2.3142,2.1987,2.2815,3000599.0,6748818.1815
2024-07-04 16:00:00,2.2815,2.2826,2.1582,2.1657,1664867.0,3666607.5565
2024-07-04 20:00:00,2.1657,2.2077,2.0607,2.0854,2882461.0,6108511.7004
2024-07-05 00:00:00,2.0854,2.0894,1.7416,1.8072,14009061.0,26672391.3067
2024-07-05 04:00:00,1.8072,1.915,1.773,1.8313,2770151.0,5126535.0713
2024-07-05 08:00:00,1.8313,1.9159,1.771,1.8911,2709674.0,4968204.8404
2024-07-05 12:00:00,1.8911,1.8911,1.8137,1.851,2398129.0,4444074.3902
2024-07-05 16:00:00,1.851,1.9422,1.8396,1.8745,5143195.0,9728096.2294
2024-07-05 20:00:00,1.8745,1.8871,1.8101,1.8251,565868.0,1044377.2565
2024-07-06 00:00:00,1.8251,1.8878,1.7558,1.8172,3759861.0,6823969.8645
2024-07-06 04:00:00,1.8172,1.849,1.7985,1.8313,1675183.0,3046312.1596
2024-07-06 08:00:00,1.8313,1.9252,1.8106,1.911,2736937.0,5083782.6636
2024-07-06 12:00:00,1.911,1.9437,1.8765,1.9009,2847290.0,5431502.4368
2024-07-06 16:00:00,1.9009,1.9774,1.8841,1.9635,2755190.0,5364346.472
2024-07-06 20:00:00,1.9635,2.0374,1.9597,2.0023,589478.0,1179145.5965
2024-07-07 00:00:00,2.0023,2.0024,1.9167,1.9749,1357516.0,2668324.1731
2024-07-07 04:00:00,1.9749,1.9806,1.8799,1.9004,921467.0,1767466.884
2024-07-07 08:00:00,1.9004,1.9577,1.8855,1.9441,1014464.0,1949995.0423
2024-07-07 12:00:00,1.9441,1.9552,1.8367,1.943,1305204.0,2464255.3622
2024-07-07 16:00:00,1.943,1.9952,1.9346,1.9801,569960.0,1122064.5315
2024-07-07 20:00:00,1.9801,1.9913,1.863,1.8751,462929.0,884850.8538
2024-07-08 00:00:00,1.8751,1.8985,1.7791,1.8318,1774973.0,3237553.9543
2024-07-08 04:00:00,1.8318,1.8785,1.8158,1.8408,10377555.0,19378211.7827
2024-07-08 08:00:00,1.8408,1.9573,1.8352,1.9248,1750302.0,3357706.7983
2024-07-08 12:00:00,1.9248,1.9311,1.7964,1.8382,1173613.0,2188689.5576
2024-07-08 16:00:00,1.8382,1.85,1.8036,1.8346,551489.0,1005924.148
2024-07-08 20:00:00,1.8346,1.8587,1.7923,1.8182,710045.0,1302074.3874
2024-07-09 00:00:00,1.8182,1.8722,1.7946,1.8541,907368.0,1656136.2943
2024-07-09 04:00:00,1.8541,1.9272,1.8457,1.9024,2217556.0,4194542.8
2024-07-09 08:00:00,1.9024,1.9179,1.8291,1.8342,1347265.0,2527117.8815
2024-07-09 12:00:00,1.8342,1.8856,1.8155,1.8521,3353204.0,6187107.5684
2024-07-09 16:00:00,1.8521,1.8935,1.8384,1.879,866281.0,1621292.2043
2024-07-09 20:00:00,1.879,1.9243,1.8701,1.9206,1148954.0,2184561.3894
2024-07-10 00:00:00,1.9206,1.9267,1.8758,1.9086,1296940.0,2462323.2797
2024-07-10 04:00:00,1.9086,1.9466,1.9003,1.9193,2413489.0,4648734.074
2024-07-10 08:00:00,1.9193,1.9201,1.8617,1.8749,1950069.0,3676891.8743
2024-07-10 12:00:00,1.8749,2.0756,1.8408,2.0343,12926641.0,25395515.5772
2024-07-10 16:00:00,2.0343,2.0531,1.9395,1.9464,2709614.0,5384427.5394
2024-07-10 20:00:00,1.9464,1.9649,1.9075,1.9481,2091424.0,4033122.7987
2024-07-11 00:00:00,1.9481,2.0013,1.9222,1.9645,1914200.0,3739409.822
2024-07-11 04:00:00,1.9645,1.982,1.9395,1.9638,520383.0,1022047.0306
2024-07-11 08:00:00,1.9638,1.9658,1.9267,1.9395,2141148.0,4156274.4579
2024-07-11 12:00:00,1.9395,1.9707,1.8889,1.912,2944267.0,5663485.3592
2024-07-11 16:00:00,1.912,1.9138,1.84,1.8464,1410390.0,2634403.2122
2024-07-11 20:00:00,1.8464,1.8464,1.7601,1.7894,2319765.0,4145366.0411
2024-07-12 00:00:00,1.7894,1.8295,1.7674,1.8074,1119072.0,2012113.0456
2024-07-12 04:00:00,1.8074,1.8159,1.7767,1.7909,574828.0,1032963.1845
2024-07-12 08:00:00,1.7909,1.7961,1.7228,1.748,2071845.0,3631541.7525
2024-07-12 12:00:00,1.748,1.8214,1.7298,1.8084,1478884.0,2632364.6892
2024-07-12 16:00:00,1.8084,1.8135,1.7801,1.7826,540476.0,970457.7172
2024-07-12 20:00:00,1.7826,1.7864,1.7636,1.7792,482516.0,855843.0539
2024-07-13 00:00:00,1.7792,1.8165,1.7789,1.8013,910025.0,1637091.723
2024-07-13 04:00:00,1.8013,1.8254,1.7835,1.8075,515335.0,931002.6603
2024-07-13 08:00:00,1.8075,1.8339,1.7935,1.8142,563711.0,1021336.2944
2024-07-13 12:00:00,1.8142,1.8295,1.7845,1.8164,626237.0,1131575.4856
2024-07-13 16:00:00,1.8164,1.8243,1.7689,1.8044,523832.0,938793.696
2024-07-13 20:00:00,1.8044,1.8691,1.7768,1.8205,1026106.0,1878279.7961
2024-07-14 00:00:00,1.8205,1.8499,1.8045,1.8174,1298036.0,2373413.0986
2024-07-14 04:00:00,1.8174,1.8581,1.8111,1.8334,1265498.0,2321254.1111
2024-07-14 08:00:00,1.8334,1.8594,1.8253,1.8306,884834.0,1629220.0871
2024-07-14 12:00:00,1.8306,1.8466,1.7974,1.8401,1444093.0,2631020.408
2024-07-14 16:00:00,1.8401,1.8418,1.8042,1.8079,1015048.0,1849685.0587
2024-07-14 20:00:00,1.8079,1.8738,1.8047,1.8551,796775.0,1475475.8522
2024-07-15 00:00:00,1.8551,1.9056,1.8511,1.8889,856221.0,1612165.2171
2024-07-15 04:00:00,1.8889,1.9451,1.8703,1.9222,797536.0,1518875.4644
2024-07-15 08:00:00,1.9222,1.9354,1.8763,1.8926,1016599.0,1928357.5015
2024-07-15 12:00:00,1.8926,1.975,1.8902,1.9688,1410824.0,2742950.5908
2024-07-15 16:00:00,1.9688,2.305,1.96,2.2303,7092648.0,15328830.2151
2024-07-15 20:00:00,2.2303,2.372,2.2302,2.3336,2925069.0,6745465.4814
2024-07-16 00:00:00,2.3336,2.3825,2.2671,2.3014,1831167.0,4264342.3063
2024-07-16 04:00:00,2.3014,2.3064,2.1358,2.1432,2759960.0,6095933.3717
2024-07-16 08:00:00,2.1432,2.2369,2.1029,2.2215,1920193.0,4167876.3697
2024-07-16 12:00:00,2.2215,2.64,2.1442,2.6155,17179400.0,40659527.1298
2024-07-16 16:00:00,2.6155,2.869,2.5971,2.7919,9354038.0,25560213.8471
2024-07-16 20:00:00,2.7919,2.8662,2.6719,2.8146,3240477.0,8995633.0349
2024-07-17 00:00:00,2.8146,2.8786,2.7332,2.827,5401537.0,15147251.1091
2024-07-17 04:00:00,2.827,2.9378,2.7984,2.9187,4119265.0,11828385.6335
2024-07-17 08:00:00,2.9187,3.2435,2.8371,3.0362,12467823.0,38183791.0268
2024-07-17 12:00:00,3.0362,3.1179,2.8943,2.991,9567233.0,28725007.8169
2024-07-17 16:00:00,2.991,3.134,2.9293,3.0415,5326051.0,16172439.5363
2024-07-17 20:00:00,3.0415,3.0838,2.9254,2.9483,3452819.0,10327331.8557
2024-07-18 00:00:00,2.9483,2.9859,2.838,2.858,4273837.0,12399887.4244
2024-07-18 04:00:00,2.858,2.8705,2.7735,2.8167,2529021.0,7134624.1496
2024-07-18 08:00:00,2.8167,2.9272,2.7852,2.8863,3581334.0,10169878.286
2024-07-18 12:00:00,2.8863,2.9356,2.7818,2.8028,3434024.0,9844758.1584
2024-07-18 16:00:00,2.8028,2.8075,2.6122,2.6467,3869799.0,10381265.8272
2024-07-18 20:00:00,2.6467,2.6626,2.5654,2.6464,1712481.0,4472671.0747
2024-07-19 00:00:00,2.6464,2.6527,2.5197,2.637,3506177.0,9082167.8557
2024-07-19 04:00:00,2.637,2.6572,2.5619,2.5768,3027203.0,7898035.6767
2024-07-19 08:00:00,2.5768,2.6219,2.5427,2.6039,1897775.0,4905520.2892
2024-07-19 12:00:00,2.6039,2.8059,2.5576,2.7475,5958883.0,15916941.6319
2024-07-19 16:00:00,2.7475,2.9163,2.7267,2.7737,4688862.0,13247958.8559
2024-07-19 20:00:00,2.7737,2.856,2.7387,2.7654,2492736.0,6979254.0958
2024-07-20 00:00:00,2.7654,2.8026,2.7064,2.7744,2703735.0,7400624.3636
2024-07-20 04:00:00,2.7744,2.7889,2.7286,2.7326,1097820.0,3023283.915
2024-07-20 08:00:00,2.7326,2.7363,2.5864,2.5961,4091933.0,10895639.2219
2024-07-20 12:00:00,2.5961,2.658,2.54,2.6488,3838958.0,9973719.6602
2024-07-20 16:00:00,2.6488,2.6864,2.6218,2.6348,2712787.0,7202046.7724
2024-07-20 20:00:00,2.6348,2.6436,2.5764,2.6377,2136968.0,5563057.5442
2024-07-21 00:00:00,2.6377,2.6632,2.605,2.6353,1280309.0,3375769.9029
2024-07-21 04:00:00,2.6353,2.6459,2.4537,2.4995,3781610.0,9625501.2626
2024-07-21 08:00:00,2.4995,2.5617,2.494,2.5281,2118889.0,5349293.192
2024-07-21 12:00:00,2.5281,2.549,2.4924,2.5084,1772325.0,4468451.4127
2024-07-21 16:00:00,2.5084,2.527,2.3663,2.4696,4276930.0,10471788.3192
2024-07-21 20:00:00,2.4696,2.5741,2.4587,2.5658,1142329.0,2888822.8371
2024-07-22 00:00:00,2.5658,2.6282,2.4835,2.4889,2250970.0,5725385.5899
2024-07-22 04:00:00,2.4889,2.5231,2.4279,2.4414,1975024.0,4871546.1995
2024-07-22 08:00:00,2.4414,2.473,2.4111,2.4641,1457977.0,3548815.7156
2024-07-22 12:00:00,2.4641,2.474,2.3914,2.404,2342864.0,5706468.4761
2024-07-22 16:00:00,2.404,2.4141,2.3385,2.3839,2079836.0,4938759.9183
2024-07-22 20:00:00,2.3839,2.3853,2.2542,2.2657,2585559.0,5979286.3721
2024-07-23 00:00:00,2.2657,2.3639,2.2631,2.3553,1590743.0,3689369.2358
2024-07-23 04:00:00,2.3553,2.3561,2.2556,2.2819,1816136.0,4157650.37
2024-07-23 08:00:00,2.2819,2.3712,2.2814,2.3236,1562645.0,3645383.7403
2024-07-23 12:00:00,2.3236,2.3377,2.2186,2.2404,3296226.0,7479734.496
2024-07-23 16:00:00,2.2404,2.2559,2.1453,2.2024,2254678.0,4927925.8647
2024-07-23 20:00:00,2.2024,2.2152,2.1529,2.1748,794389.0,1735297.2387
2024-07-24 00:00:00,2.1748,2.2191,2.1565,2.2113,1237429.0,2710366.9601
2024-07-24 04:00:00,2.2113,2.2141,2.17,2.2021,1170398.0,2562954.9973
2024-07-24 08:00:00,2.2021,2.2323,2.1863,2.1929,1535390.0,3386778.8267
2024-07-24 12:00:00,2.1929,2.3466,2.1877,2.2447,4399294.0,9948488.7395
2024-07-24 16:00:00,2.2447,2.3049,2.2023,2.2123,2353491.0,5281354.7116
2024-07-24 20:00:00,2.2123,2.2304,2.1336,2.2044,2808996.0,6133083.5123
2024-07-25 00:00:00,2.2044,2.2153,2.0684,2.2055,5148706.0,11002193.5104
2024-07-25 04:00:00,2.2055,2.2387,2.1514,2.1613,2180629.0,4755229.8285
2024-07-25 08:00:00,2.1613,2.211,2.131,2.1389,1397667.0,3040039.1602
2024-07-25 12:00:00,2.1389,2.1781,2.0903,2.1474,1520188.0,3234666.7976
2024-07-25 16:00:00,2.1474,2.1667,2.0151,2.0446,3075735.0,6453839.9631
2024-07-25 20:00:00,2.0446,2.1252,2.0036,2.1121,1036446.0,2151726.5253
2024-07-26 00:00:00,2.1121,2.2014,2.1063,2.19,1797600.0,3904567.1567
2024-07-26 04:00:00,2.19,2.364,2.1822,2.3351,2540501.0,5799611.0362
2024-07-26 08:00:00,2.3351,2.4543,2.3331,2.3481,3134537.0,7503491.96
2024-07-26 12:00:00,2.3481,2.3697,2.253,2.3045,3122619.0,7251578.3117
2024-07-26 16:00:00,2.3045,2.365,2.294,2.307,960096.0,2231846.2825
2024-07-26 20:00:00,2.307,2.3598,2.2815,2.3576,808796.0,1883115.702
2024-07-27 00:00:00,2.3576,2.368,2.3154,2.3323,951861.0,2225646.7493
2024-07-27 04:00:00,2.3323,2.4041,2.3096,2.3981,953926.0,2241997.7082
2024-07-27 08:00:00,2.3981,2.4132,2.3527,2.385,1098293.0,2617741.3135
2024-07-27 12:00:00,2.385,2.472,2.3328,2.3617,2435765.0,5838679.1524
2024-07-27 16:00:00,2.3617,2.4544,2.3079,2.3535,2551251.0,6088943.0094
2024-07-27 20:00:00,2.3535,2.4158,2.2942,2.3267,1886546.0,4447364.6714
2024-07-28 00:00:00,2.3267,2.3466,2.2895,2.2949,740660.0,1713501.9002
2024-07-28 04:00:00,2.2949,2.3012,2.239,2.2857,1894311.0,4307290.242
2024-07-28 08:00:00,2.2857,2.3854,2.2698,2.3657,1489028.0,3484478.1343
2024-07-28 12:00:00,2.3657,2.3986,2.3206,2.3519,1163825.0,2742749.8228
2024-07-28 16:00:00,2.3519,2.3731,2.3255,2.3455,1804268.0,4234214.0156
2024-07-28 20:00:00,2.3455,2.3518,2.3052,2.3436,723901.0,1681912.3669
2024-07-29 00:00:00,2.3436,2.4152,2.3246,2.3879,759710.0,1801702.8573
2024-07-29 04:00:00,2.3879,2.4321,2.365,2.3698,1172028.0,2812016.4779
2024-07-29 08:00:00,2.3698,2.3846,2.3512,2.372,574242.0,1358288.9606
2024-07-29 12:00:00,2.372,2.3997,2.2744,2.2964,1865894.0,4348631.7965
2024-07-29 16:00:00,2.2964,2.3222,2.2557,2.3036,1137450.0,2594187.8775
2024-07-29 20:00:00,2.3036,2.3212,2.274,2.2787,283259.0,649895.1424
2024-07-30 00:00:00,2.2787,2.3129,2.2419,2.2876,898611.0,2045888.903
2024-07-30 04:00:00,2.2876,2.3074,2.28,2.2946,419658.0,962489.8688
2024-07-30 08:00:00,2.2946,2.298,2.2664,2.2854,522561.0,1189298.2517
2024-07-30 12:00:00,2.2854,2.2981,2.2276,2.2688,1598196.0,3606212.882
2024-07-30 16:00:00,2.2688,2.2751,2.1544,2.1703,1967989.0,4351273.9385
2024-07-30 20:00:00,2.1703,2.1977,2.131,2.1891,618588.0,1337796.0502
2024-07-31 00:00:00,2.1891,2.2012,2.1686,2.1826,765130.0,1676250.2825
2024-07-31 04:00:00,2.1826,2.2257,2.159,2.2097,655381.0,1440887.3768
2024-07-31 08:00:00,2.2097,2.2238,2.1842,2.1996,323470.0,712730.3324
2024-07-31 12:00:00,2.1996,2.2372,2.1926,2.1964,406769.0,900786.7397
2024-07-31 16:00:00,2.1964,2.2201,2.1449,2.16,1835325.0,4020128.9243
2024-07-31 20:00:00,2.16,2.16,2.09,2.1024,1308454.0,2763618.3689
2024-08-01 00:00:00,2.1024,2.1423,2.1001,2.116,779223.0,1647802.1631
2024-08-01 04:00:00,2.116,2.1362,2.0552,2.1096,1105507.0,2304274.0768
2024-08-01 08:00:00,2.1096,2.132,2.0901,2.1051,418590.0,883354.003
2024-08-01 12:00:00,2.1051,2.1325,1.9929,2.0199,1510584.0,3091855.5793
2024-08-01 16:00:00,2.0199,2.02,1.8976,1.9691,2285729.0,4483978.2806
2024-08-01 20:00:00,1.9691,2.0892,1.955,2.0764,1144591.0,2319306.7584
2024-08-02 00:00:00,2.0764,2.1029,2.0106,2.0458,595322.0,1222858.6597
2024-08-02 04:00:00,2.0458,2.0523,1.9596,1.9968,493515.0,984590.9799
2024-08-02 08:00:00,1.9968,2.065,1.9718,2.058,607809.0,1229819.5668
2024-08-02 12:00:00,2.058,2.0922,1.8926,1.9547,1194280.0,2402812.1903
2024-08-02 16:00:00,1.9547,1.9677,1.8696,1.9105,1127299.0,2149312.3011
2024-08-02 20:00:00,1.9105,1.9325,1.8806,1.8964,1139557.0,2167541.7152
2024-08-03 00:00:00,1.8964,1.9083,1.8025,1.8702,1513052.0,2798637.2638
2024-08-03 04:00:00,1.8702,1.8964,1.858,1.8762,630173.0,1184594.5025
2024-08-03 08:00:00,1.8762,1.9069,1.8644,1.898,854286.0,1613987.488
2024-08-03 12:00:00,1.898,1.9136,1.7854,1.7921,959240.0,1773694.0646
2024-08-03 16:00:00,1.7921,1.8063,1.7021,1.7063,1841889.0,3233572.6551
2024-08-03 20:00:00,1.7063,1.7522,1.6909,1.7405,712273.0,1226003.4294
2024-08-04 00:00:00,1.7405,1.7743,1.7298,1.7385,594998.0,1038694.7231
2024-08-04 04:00:00,1.7385,1.7512,1.7215,1.73,532375.0,923330.3633
2024-08-04 08:00:00,1.73,1.7537,1.7177,1.7502,388892.0,678091.2599
2024-08-04 12:00:00,1.7502,1.7752,1.6221,1.6266,1204787.0,2039456.6858
2024-08-04 16:00:00,1.6266,1.683,1.5512,1.6721,2319594.0,3733494.8464
2024-08-04 20:00:00,1.6721,1.6937,1.6308,1.6364,769367.0,1285673.335
2024-08-05 00:00:00,1.6364,1.6569,1.377,1.4681,5049946.0,7500606.2089
2024-08-05 04:00:00,1.4681,1.5264,1.3403,1.5075,2815550.0,4069162.0651
2024-08-05 08:00:00,1.5075,1.5144,1.3841,1.4429,1809194.0,2637229.9272
2024-08-05 12:00:00,1.4429,1.6759,1.4092,1.6478,3654112.0,5703826.1543
2024-08-05 16:00:00,1.6478,1.6751,1.5717,1.6008,1559454.0,2534749.3227
2024-08-05 20:00:00,1.6008,1.6271,1.574,1.5748,394283.0,631573.9574
2024-08-06 00:00:00,1.5748,1.7048,1.5675,1.6787,1296639.0,2151503.4293
2024-08-06 04:00:00,1.6787,1.7543,1.6636,1.7385,898362.0,1550864.3078
2024-08-06 08:00:00,1.7385,1.7385,1.663,1.6867,939306.0,1583600.1763
2024-08-06 12:00:00,1.6867,1.7393,1.6365,1.7254,1397811.0,2371035.4913
2024-08-06 16:00:00,1.7254,1.7351,1.6625,1.6639,496639.0,848272.5864
2024-08-06 20:00:00,1.6639,1.6927,1.6348,1.6456,536300.0,890130.4978
2024-08-07 00:00:00,1.6456,1.7117,1.6233,1.6945,333887.0,555902.5327
2024-08-07 04:00:00,1.6945,1.7137,1.6638,1.6791,322741.0,544774.1569
2024-08-07 08:00:00,1.6791,1.7101,1.65,1.6539,531987.0,895187.524
2024-08-07 12:00:00,1.6539,1.6749,1.5572,1.5813,1073175.0,1727228.9706
2024-08-07 16:00:00,1.5813,1.5846,1.5358,1.5506,618377.0,967991.1143
2024-08-07 20:00:00,1.5506,1.5761,1.5242,1.5467,641757.0,995809.3682
2024-08-08 00:00:00,1.5467,1.6505,1.5165,1.6171,787611.0,1260022.5609
2024-08-08 04:00:00,1.6171,1.6477,1.6088,1.6209,277211.0,453059.0018
2024-08-08 08:00:00,1.6209,1.6434,1.6182,1.6313,271061.0,442569.4094
2024-08-08 12:00:00,1.6313,1.6824,1.6059,1.6701,1046543.0,1727725.9653
2024-08-08 16:00:00,1.6701,1.7199,1.6676,1.6816,543777.0,921707.7025
2024-08-08 20:00:00,1.6816,1.864,1.6801,1.8546,1517852.0,2709868.5878
2024-08-09 00:00:00,1.8546,1.8872,1.7794,1.7837,2221700.0,4054899.3218
2024-08-09 04:00:00,1.7837,1.7894,1.7259,1.774,842618.0,1483823.8443
2024-08-09 08:00:00,1.774,1.7922,1.7457,1.7542,385712.0,682736.8422
2024-08-09 12:00:00,1.7542,1.7563,1.6894,1.6904,1078622.0,1854050.5468
2024-08-09 16:00:00,1.6904,1.7325,1.685,1.7269,256104.0,439536.0136
2024-08-09 20:00:00,1.7269,1.7495,1.7162,1.7428,369856.0,641506.6844
2024-08-10 00:00:00,1.7428,1.7713,1.7069,1.719,351578.0,610544.2984
2024-08-10 04:00:00,1.719,1.7407,1.7075,1.74,137014.0,236669.1553
2024-08-10 08:00:00,1.74,1.7915,1.72,1.7862,445158.0,781675.2973
2024-08-10 12:00:00,1.7862,1.7862,1.7229,1.7231,645104.0,1126927.8172
2024-08-10 16:00:00,1.7231,1.7553,1.7188,1.7433,384612.0,669955.2074
2024-08-10 20:00:00,1.7433,1.7722,1.7364,1.7529,577975.0,1015810.0866
2024-08-11 00:00:00,1.7529,1.8041,1.7426,1.7838,639734.0,1137546.9616
2024-08-11 04:00:00,1.7838,1.8346,1.7738,1.824,1298006.0,2351567.8106
2024-08-11 08:00:00,1.824,1.8267,1.7533,1.7606,802949.0,1433678.0388
2024-08-11 12:00:00,1.7606,1.7668,1.6633,1.6728,1573629.0,2701020.1271
2024-08-11 16:00:00,1.6728,1.692,1.6312,1.6334,635153.0,1052214.5136
2024-08-11 20:00:00,1.6334,1.6342,1.5868,1.5985,1053326.0,1692926.4349
2024-08-12 00:00:00,1.5985,1.6375,1.5939,1.6265,622016.0,1002406.8138
2024-08-12 04:00:00,1.6265,1.6619,1.5973,1.6466,570193.0,931030.3934
2024-08-12 08:00:00,1.6466,1.7434,1.6365,1.7277,815267.0,1371094.5847
2024-08-12 12:00:00,1.7277,1.7465,1.6405,1.7013,1082489.0,1838704.6858
2024-08-12 16:00:00,1.7013,1.7151,1.6352,1.6514,337273.0,563535.1208
2024-08-12 20:00:00,1.6514,1.7146,1.6337,1.6982,394593.0,656960.6407
2024-08-13 00:00:00,1.6982,1.7072,1.6386,1.6461,304024.0,508137.6844
2024-08-13 04:00:00,1.6461,1.6763,1.6319,1.6589,483245.0,800484.3458
2024-08-13 08:00:00,1.6589,1.6642,1.6344,1.648,187996.0,309507.288
2024-08-13 12:00:00,1.648,1.6696,1.6239,1.6355,569150.0,936354.9423
2024-08-13 16:00:00,1.6355,1.6985,1.6338,1.6787,632502.0,1060641.4918
2024-08-13 20:00:00,1.6787,1.6881,1.6618,1.6693,248241.0,415044.4643
2024-08-14 00:00:00,1.6693,1.6767,1.6451,1.6634,310907.0,516347.2733
2024-08-14 04:00:00,1.6634,1.6798,1.6535,1.657,148731.0,247518.9362
2024-08-14 08:00:00,1.657,1.693,1.6445,1.6756,375073.0,626580.906
2024-08-14 12:00:00,1.6756,1.6918,1.5848,1.6257,1432120.0,2339039.3525
2024-08-14 16:00:00,1.6257,1.637,1.5895,1.5963,303690.0,487599.1581
2024-08-14 20:00:00,1.5963,1.5996,1.5586,1.5885,322382.0,508811.2467
2024-08-15 00:00:00,1.5885,1.6058,1.5757,1.588,373176.0,593721.6645
2024-08-15 04:00:00,1.588,1.5924,1.5514,1.5687,575528.0,902075.002
2024-08-15 08:00:00,1.5687,1.5839,1.5582,1.5775,338847.0,533129.5589
2024-08-15 12:00:00,1.5775,1.6018,1.5629,1.5651,803665.0,1273533.9856
2024-08-15 16:00:00,1.5651,1.5738,1.4534,1.4801,1811450.0,2725801.8124
2024-08-15 20:00:00,1.4801,1.4992,1.4664,1.4919,511373.0,758420.0073
2024-08-16 00:00:00,1.4919,1.5274,1.4849,1.5026,371969.0,557177.3532
2024-08-16 04:00:00,1.5026,1.5245,1.4963,1.5065,830185.0,1256599.7425
2024-08-16 08:00:00,1.5065,1.5117,1.48,1.4887,413727.0,618244.8675
2024-08-16 12:00:00,1.4887,1.509,1.4282,1.4439,1247489.0,1819305.711
2024-08-16 16:00:00,1.4439,1.496,1.4313,1.4738,1152111.0,1677174.833
2024-08-16 20:00:00,1.4738,1.495,1.4619,1.47,242042.0,357746.3864
2024-08-17 00:00:00,1.47,1.4857,1.4551,1.4755,383629.0,565813.4166
2024-08-17 04:00:00,1.4755,1.483,1.4685,1.4789,189091.0,278909.0347
2024-08-17 08:00:00,1.4789,1.4899,1.4624,1.4751,220610.0,325555.1127
2024-08-17 12:00:00,1.4751,1.4996,1.4695,1.4863,528260.0,782422.3512
2024-08-17 16:00:00,1.4863,1.5115,1.478,1.4898,1307138.0,1945718.4055
2024-08-17 20:00:00,1.4898,1.5046,1.481,1.5032,324137.0,484236.4293
2024-08-18 00:00:00,1.5032,1.5145,1.4857,1.4858,458855.0,688064.6062
2024-08-18 04:00:00,1.4858,1.4994,1.4782,1.4849,317706.0,472812.4967
2024-08-18 08:00:00,1.4849,1.5395,1.4807,1.5342,1348896.0,2035568.252
2024-08-18 12:00:00,1.5342,1.5776,1.53,1.5467,1091403.0,1696167.4803
2024-08-18 16:00:00,1.5467,1.5614,1.5278,1.5434,673223.0,1041356.6399
2024-08-18 20:00:00,1.5434,1.5629,1.5101,1.5123,479347.0,737956.6948
2024-08-19 00:00:00,1.5123,1.545,1.4782,1.5442,886746.0,1330621.4322
2024-08-19 04:00:00,1.5442,1.547,1.5031,1.5126,364122.0,553671.0928
2024-08-19 08:00:00,1.5126,1.5356,1.4615,1.4929,1494432.0,2235625.7826
2024-08-19 12:00:00,1.4929,1.5132,1.4645,1.4681,576685.0,854482.5795
2024-08-19 16:00:00,1.4681,1.527,1.4148,1.5174,1475478.0,2160214.2479
2024-08-19 20:00:00,1.5174,1.5349,1.5015,1.5306,359720.0,545433.5469
2024-08-20 00:00:00,1.5306,1.5671,1.5151,1.5376,1130258.0,1750730.8208
2024-08-20 04:00:00,1.5376,1.5966,1.5323,1.5776,1464995.0,2302823.8907
2024-08-20 08:00:00,1.5776,1.5934,1.5569,1.5617,910461.0,1431986.8145
2024-08-20 12:00:00,1.5617,1.5789,1.5066,1.5262,1341873.0,2066320.5782
2024-08-20 16:00:00,1.5262,1.5372,1.5094,1.5288,1147167.0,1751749.2266
2024-08-20 20:00:00,1.5288,1.5439,1.5158,1.52,202490.0,309573.1214
2024-08-21 00:00:00,1.52,1.5327,1.4907,1.5187,1429545.0,2167453.0781
2024-08-21 04:00:00,1.5187,1.5379,1.5139,1.5379,598437.0,913771.8989
2024-08-21 08:00:00,1.5379,1.5428,1.5,1.511,602442.0,916428.6764
2024-08-21 12:00:00,1.511,1.538,1.4723,1.5015,2170724.0,3280808.6218
2024-08-21 16:00:00,1.5015,1.58,1.4908,1.5733,1318936.0,2030171.2581
2024-08-21 20:00:00,1.5733,1.5917,1.565,1.5678,406427.0,640998.5288
2024-08-22 00:00:00,1.5678,1.6055,1.5477,1.5924,599308.0,940738.6716
2024-08-22 04:00:00,1.5924,1.6056,1.5776,1.5962,693728.0,1104909.2857
2024-08-22 08:00:00,1.5962,1.6528,1.5832,1.6378,1470826.0,2386298.9649
2024-08-22 12:00:00,1.6378,1.6649,1.6178,1.6276,1357253.0,2223040.1638
2024-08-22 16:00:00,1.6276,1.6342,1.6009,1.6033,278186.0,449339.232
2024-08-22 20:00:00,1.6033,1.6369,1.6017,1.6294,222692.0,360215.362
2024-08-23 00:00:00,1.6294,1.6805,1.6286,1.6689,919076.0,1515336.9194
2024-08-23 04:00:00,1.6689,1.7365,1.659,1.7245,1670346.0,2844454.4618
2024-08-23 08:00:00,1.7245,1.7443,1.684,1.6857,1294084.0,2223296.9885
2024-08-23 12:00:00,1.6857,1.808,1.6856,1.7876,2048280.0,3590114.747
2024-08-23 16:00:00,1.7876,1.8352,1.7745,1.8187,1284064.0,2326499.8728
2024-08-23 20:00:00,1.8187,1.8766,1.8176,1.8424,895714.0,1656088.2782
2024-08-24 00:00:00,1.8424,1.8821,1.8237,1.8382,654256.0,1208957.8965
2024-08-24 04:00:00,1.8382,1.8801,1.8379,1.8765,378949.0,705486.8153
2024-08-24 08:00:00,1.8765,1.9579,1.8635,1.9302,1798402.0,3438543.6541
2024-08-24 12:00:00,1.9302,1.9474,1.8872,1.9025,1630971.0,3117190.5005
2024-08-24 16:00:00,1.9025,1.9737,1.9012,1.9394,1096773.0,2128740.4074
2024-08-24 20:00:00,1.9394,1.9624,1.8727,1.9116,1046915.0,1998369.4858
2024-08-25 00:00:00,1.9116,1.9131,1.8185,1.85,935963.0,1740043.3503
2024-08-25 04:00:00,1.85,1.8643,1.7797,1.7976,519022.0,946672.4482
2024-08-25 08:00:00,1.7976,1.8435,1.7782,1.8324,951535.0,1730801.9738
2024-08-25 12:00:00,1.8324,1.8859,1.8317,1.8537,807252.0,1496711.9307
2024-08-25 16:00:00,1.8537,1.868,1.8219,1.8365,1072061.0,1966077.8004
2024-08-25 20:00:00,1.8365,1.8941,1.831,1.8431,587321.0,1096331.4049
2024-08-26 00:00:00,1.8431,1.8778,1.7995,1.8295,961356.0,1760693.142
2024-08-26 04:00:00,1.8295,1.8601,1.8006,1.8138,542559.0,992208.2101
2024-08-26 08:00:00,1.8138,1.8351,1.7877,1.7924,542238.0,981205.8208
2024-08-26 12:00:00,1.7924,1.7987,1.72,1.7227,1982159.0,3474869.1742
2024-08-26 16:00:00,1.7227,1.7408,1.6595,1.6671,867526.0,1464803.501
2024-08-26 20:00:00,1.6671,1.6835,1.6444,1.6663,652507.0,1086105.0747
2024-08-27 00:00:00,1.6663,1.7113,1.6647,1.6968,419410.0,706849.0841
2024-08-27 04:00:00,1.6968,1.7305,1.681,1.6864,512947.0,874534.9907
2024-08-27 08:00:00,1.6864,1.6935,1.615,1.6293,1235292.0,2022237.9549
2024-08-27 12:00:00,1.6293,1.6493,1.6091,1.617,992979.0,1618027.0856
2024-08-27 16:00:00,1.617,1.6365,1.5891,1.6072,1319093.0,2122658.5264
2024-08-27 20:00:00,1.6072,1.609,1.471,1.502,3038705.0,4591231.4334
2024-08-28 00:00:00,1.502,1.523,1.478,1.5184,624349.0,934141.0385
2024-08-28 04:00:00,1.5184,1.5184,1.4772,1.4796,548973.0,824095.4728
2024-08-28 08:00:00,1.4796,1.57,1.4651,1.5515,1242050.0,1905551.9166
2024-08-28 12:00:00,1.5515,1.5618,1.4723,1.4948,1776139.0,2693636.6843
2024-08-28 16:00:00,1.4948,1.5831,1.438,1.5413,3135665.0,4790376.7966
2024-08-28 20:00:00,1.5413,1.5556,1.4788,1.5153,1686132.0,2555851.2363
2024-08-29 00:00:00,1.5153,1.5407,1.509,1.5231,384333.0,586617.7328
2024-08-29 04:00:00,1.5231,1.5468,1.5145,1.5323,333862.0,512630.8751
2024-08-29 08:00:00,1.5323,1.5559,1.5177,1.5347,435017.0,665856.9238
2024-08-29 12:00:00,1.5347,1.5684,1.5242,1.5595,633300.0,976051.19
2024-08-29 16:00:00,1.5595,1.571,1.4659,1.4807,2608034.0,3957025.4975
2024-08-29 20:00:00,1.4807,1.4999,1.4718,1.4924,273949.0,407683.5578
2024-08-30 00:00:00,1.4924,1.5106,1.4843,1.4949,214909.0,322088.0517
2024-08-30 04:00:00,1.4949,1.5159,1.4843,1.5027,295224.0,443150.8686
2024-08-30 08:00:00,1.5027,1.5205,1.4922,1.4988,284857.0,428883.8369
2024-08-30 12:00:00,1.4988,1.516,1.4202,1.4276,1021426.0,1495951.9621
2024-08-30 16:00:00,1.4276,1.5448,1.4227,1.5083,1911500.0,2867875.9522
2024-08-30 20:00:00,1.5083,1.5273,1.4934,1.5214,1657056.0,2502695.7539
2024-08-31 00:00:00,1.5214,1.5397,1.5137,1.5232,234327.0,357689.9399
2024-08-31 04:00:00,1.5232,1.5335,1.5073,1.5108,391231.0,593425.0075
2024-08-31 08:00:00,1.5108,1.52,1.486,1.518,541496.0,815531.7939
2024-08-31 12:00:00,1.518,1.5189,1.4871,1.4976,258377.0,387183.8145
2024-08-31 16:00:00,1.4976,1.4977,1.4635,1.4849,1071252.0,1586454.4958
2024-08-31 20:00:00,1.4849,1.498,1.4776,1.4877,504155.0,748392.824
2024-09-01 00:00:00,1.4877,1.4893,1.4536,1.4796,634581.0,933251.6742
2024-09-01 04:00:00,1.4796,1.5051,1.4685,1.5041,967193.0,1435517.3584
2024-09-01 08:00:00,1.5041,1.5109,1.4691,1.4821,1491737.0,2223747.3445
2024-09-01 12:00:00,1.4821,1.4889,1.433,1.4752,1419327.0,2069017.7567
2024-09-01 16:00:00,1.4752,1.4871,1.4205,1.4659,853402.0,1241426.9323
2024-09-01 20:00:00,1.4659,1.4797,1.3852,1.3995,1158098.0,1630186.28
2024-09-02 00:00:00,1.3995,1.4313,1.3944,1.4163,426019.0,602030.537
2024-09-02 04:00:00,1.4163,1.4277,1.3867,1.393,430612.0,604781.5767
2024-09-02 08:00:00,1.393,1.4725,1.3913,1.4448,582932.0,839420.4759
2024-09-02 12:00:00,1.4448,1.4699,1.4199,1.448,970358.0,1404065.8734
2024-09-02 16:00:00,1.448,1.4626,1.4241,1.4439,816338.0,1170915.5443
2024-09-02 20:00:00,1.4439,1.4919,1.4435,1.4742,277263.0,408780.4989
2024-09-03 00:00:00,1.4742,1.5082,1.4727,1.4946,425511.0,633473.3041
2024-09-03 04:00:00,1.4946,1.5129,1.4865,1.5077,393234.0,589347.8751
2024-09-03 08:00:00,1.5077,1.5088,1.4761,1.4814,461478.0,684966.4995
2024-09-03 12:00:00,1.4814,1.492,1.414,1.4205,881144.0,1273701.4781
2024-09-03 16:00:00,1.4205,1.4394,1.412,1.4232,307874.0,438489.9082
2024-09-03 20:00:00,1.4232,1.4345,1.4003,1.4044,707322.0,1007272.3667
2024-09-04 00:00:00,1.4044,1.4204,1.3127,1.3755,1332216.0,1815182.0301
2024-09-04 04:00:00,1.3755,1.3961,1.366,1.3875,372000.0,513262.4758
2024-09-04 08:00:00,1.3875,1.3917,1.3472,1.3609,539727.0,735830.5569
2024-09-04 12:00:00,1.3609,1.425,1.3536,1.4188,871259.0,1220681.2974
2024-09-04 16:00:00,1.4188,1.4702,1.3961,1.4151,1584290.0,2275969.3913
2024-09-04 20:00:00,1.4151,1.437,1.4091,1.423,532281.0,758581.5835
2024-09-05 00:00:00,1.423,1.438,1.3873,1.3905,468377.0,662094.7289
2024-09-05 04:00:00,1.3905,1.4301,1.3855,1.4253,442688.0,624420.6251
2024-09-05 08:00:00,1.4253,1.431,1.4038,1.4133,282005.0,399431.7005
2024-09-05 12:00:00,1.4133,1.4279,1.3722,1.3821,1746871.0,2442380.8127
2024-09-05 16:00:00,1.3821,1.4089,1.3628,1.3716,1060093.0,1472211.5525
2024-09-05 20:00:00,1.3716,1.3978,1.3691,1.387,163188.0,225744.0619
2024-09-06 00:00:00,1.387,1.4079,1.38,1.3985,260668.0,363597.3712
2024-09-06 04:00:00,1.3985,1.4055,1.3577,1.3715,628316.0,866964.9906
2024-09-06 08:00:00,1.3715,1.3971,1.3715,1.3947,274385.0,380510.7742
2024-09-06 12:00:00,1.3947,1.4335,1.3593,1.397,1613744.0,2246869.1644
2024-09-06 16:00:00,1.397,1.397,1.34,1.3522,721564.0,978371.9027
2024-09-06 20:00:00,1.3522,1.3545,1.2816,1.3349,1457213.0,1924436.3449
2024-09-07 00:00:00,1.3349,1.3438,1.3161,1.3245,199753.0,265184.1744
2024-09-07 04:00:00,1.3245,1.3635,1.3219,1.3541,360963.0,485542.9994
2024-09-07 08:00:00,1.3541,1.368,1.351,1.3534,288020.0,391259.9561
2024-09-07 12:00:00,1.3534,1.373,1.3488,1.358,247375.0,336129.1823
2024-09-07 16:00:00,1.358,1.3632,1.326,1.354,337976.0,453567.1919
2024-09-07 20:00:00,1.354,1.355,1.3248,1.3449,368334.0,493906.5024
2024-09-08 00:00:00,1.3449,1.3658,1.3394,1.365,196114.0,265789.8405
2024-09-08 04:00:00,1.365,1.3823,1.3606,1.3689,343754.0,470692.4789
2024-09-08 08:00:00,1.3689,1.3912,1.3629,1.3748,589214.0,811659.0257
2024-09-08 12:00:00,1.3748,1.3824,1.3466,1.3475,365731.0,496998.498
2024-09-08 16:00:00,1.3475,1.3708,1.339,1.3601,283004.0,384579.0632
2024-09-08 20:00:00,1.3601,1.4125,1.3576,1.3944,380311.0,526038.6424
2024-09-09 00:00:00,1.3944,1.4187,1.388,1.3984,264779.0,371944.7441
2024-09-09 04:00:00,1.3984,1.4059,1.3815,1.4049,266018.0,370259.4288
2024-09-09 08:00:00,1.4049,1.425,1.4049,1.4116,799963.0,1130603.8268
2024-09-09 12:00:00,1.4116,1.4278,1.3904,1.4072,615965.0,868136.747
2024-09-09 16:00:00,1.4072,1.4665,1.4072,1.4657,811011.0,1167589.7205
2024-09-09 20:00:00,1.4657,1.4889,1.45,1.4581,542112.0,794998.7758
2024-09-10 00:00:00,1.4581,1.46,1.4251,1.4252,351250.0,505432.3035
2024-09-10 04:00:00,1.4252,1.4626,1.4225,1.4561,274287.0,395609.5623
2024-09-10 08:00:00,1.4561,1.4748,1.4413,1.4705,324881.0,473309.6438
2024-09-10 12:00:00,1.4705,1.4737,1.4402,1.4431,466171.0,676317.5582
2024-09-10 16:00:00,1.4431,1.4828,1.4428,1.4739,414955.0,609841.0226
2024-09-10 20:00:00,1.4739,1.4787,1.4627,1.4671,92893.0,136611.3321
2024-09-11 00:00:00,1.4671,1.4717,1.436,1.4398,382446.0,555026.2703
2024-09-11 04:00:00,1.4398,1.4398,1.4177,1.4288,487322.0,695381.4798
2024-09-11 08:00:00,1.4288,1.4288,1.3966,1.408,316358.0,446232.31
2024-09-11 12:00:00,1.408,1.4266,1.3595,1.379,1292104.0,1793373.8348
2024-09-11 16:00:00,1.379,1.3974,1.3609,1.3698,624948.0,863241.9784
2024-09-11 20:00:00,1.3698,1.3894,1.3692,1.373,407304.0,561762.6227
2024-09-12 00:00:00,1.373,1.4276,1.3702,1.4007,542946.0,761235.9881
2024-09-12 04:00:00,1.4007,1.4167,1.3858,1.4085,421917.0,592032.1819
2024-09-12 08:00:00,1.4085,1.4326,1.401,1.4103,382826.0,542073.0927
2024-09-12 12:00:00,1.4103,1.425,1.3838,1.3957,980176.0,1377919.4867
2024-09-12 16:00:00,1.3957,1.6155,1.393,1.5937,7935378.0,12155243.0446
2024-09-12 20:00:00,1.5937,1.5957,1.5282,1.538,2060196.0,3197704.4479
2024-09-13 00:00:00,1.538,1.5421,1.4988,1.5212,1876040.0,2846650.2089
2024-09-13 04:00:00,1.5212,1.5278,1.4734,1.4881,1614650.0,2402758.8846
2024-09-13 08:00:00,1.4881,1.5089,1.4793,1.4828,982231.0,1469847.0355
2024-09-13 12:00:00,1.4828,1.5215,1.4583,1.5117,2075907.0,3069958.8966
2024-09-13 16:00:00,1.5117,1.5211,1.4948,1.5096,1307792.0,1975954.7927
2024-09-13 20:00:00,1.5096,1.5355,1.505,1.5193,701222.0,1064961.1573
2024-09-14 00:00:00,1.5193,1.5536,1.5146,1.5513,512934.0,784888.5257
2024-09-14 04:00:00,1.5513,1.5517,1.5121,1.5174,700221.0,1065927.4028
2024-09-14 08:00:00,1.5174,1.5291,1.4897,1.5046,645436.0,973076.0124
2024-09-14 12:00:00,1.5046,1.5432,1.4974,1.522,687934.0,1048141.7347
2024-09-14 16:00:00,1.522,1.5329,1.4864,1.4921,483246.0,726021.2184
2024-09-14 20:00:00,1.4921,1.5167,1.4921,1.5115,399697.0,603593.473
2024-09-15 00:00:00,1.5115,1.5483,1.5072,1.5371,713175.0,1091083.9272
2024-09-15 04:00:00,1.5371,1.58,1.5177,1.5572,791207.0,1224001.0225
2024-09-15 08:00:00,1.5572,1.5597,1.5129,1.5279,915961.0,1400659.1776
2024-09-15 12:00:00,1.5279,1.5535,1.5114,1.5379,693981.0,1062668.3078
2024-09-15 16:00:00,1.5379,1.5446,1.4905,1.4976,1409730.0,2121694.3115
2024-09-15 20:00:00,1.4976,1.5065,1.452,1.4711,1972662.0,2915867.9906
2024-09-16 00:00:00,1.4711,1.4753,1.4278,1.4481,1308824.0,1898130.9847
2024-09-16 04:00:00,1.4481,1.4619,1.4338,1.448,304134.0,439794.5673
2024-09-16 08:00:00,1.448,1.4611,1.408,1.4351,904376.0,1290830.0307
2024-09-16 12:00:00,1.4351,1.439,1.4062,1.4175,797047.0,1134491.4179
2024-09-16 16:00:00,1.4175,1.4255,1.3946,1.4022,1264714.0,1783996.31
2024-09-16 20:00:00,1.4022,1.4216,1.3841,1.4138,365713.0,512601.7988
2024-09-17 00:00:00,1.4138,1.4263,1.3966,1.4205,371858.0,524356.355
2024-09-17 04:00:00,1.4205,1.4379,1.4184,1.4251,262388.0,374361.0178
2024-09-17 08:00:00,1.4251,1.449,1.4222,1.4426,657851.0,945092.726
2024-09-17 12:00:00,1.4426,1.4928,1.4292,1.4871,1282578.0,1880065.1588
2024-09-17 16:00:00,1.4871,1.51,1.4586,1.473,764157.0,1133300.2885
2024-09-17 20:00:00,1.473,1.4919,1.4703,1.4768,418370.0,620339.0107
2024-09-18 00:00:00,1.4768,1.5163,1.4584,1.4999,591745.0,878789.1821
2024-09-18 04:00:00,1.4999,1.5046,1.4743,1.503,495822.0,738309.5713
2024-09-18 08:00:00,1.503,1.5039,1.4439,1.4585,748734.0,1099175.4768
2024-09-18 12:00:00,1.4585,1.4725,1.4306,1.4376,610963.0,883934.9491
2024-09-18 16:00:00,1.4376,1.5285,1.424,1.5065,1464775.0,2168538.4876
2024-09-18 20:00:00,1.5065,1.5591,1.4906,1.5573,1100285.0,1673523.6362
2024-09-19 00:00:00,1.5573,1.5961,1.5375,1.5852,1774485.0,2781655.5067
2024-09-19 04:00:00,1.5852,1.6176,1.5781,1.5979,716356.0,1143653.8658
2024-09-19 08:00:00,1.5979,1.6069,1.562,1.6004,850267.0,1347383.7512
2024-09-19 12:00:00,1.6004,1.643,1.5932,1.6059,1348243.0,2175809.1301
2024-09-19 16:00:00,1.6059,1.652,1.6041,1.6119,1039971.0,1689481.5784
2024-09-19 20:00:00,1.6119,1.6201,1.5834,1.5966,663265.0,1060525.1274
2024-09-20 00:00:00,1.5966,1.6407,1.5645,1.6406,909461.0,1443008.0771
2024-09-20 04:00:00,1.6406,1.689,1.6331,1.6609,1137021.0,1884983.3161
2024-09-20 08:00:00,1.6609,1.6729,1.6255,1.6335,732781.0,1209825.979
2024-09-20 12:00:00,1.6335,1.6492,1.6078,1.625,716474.0,1162816.4047
2024-09-20 16:00:00,1.625,1.635,1.5862,1.6088,851099.0,1368840.0487
2024-09-20 20:00:00,1.6088,1.6334,1.6011,1.6201,336801.0,543070.7839
2024-09-21 00:00:00,1.6201,1.6278,1.5816,1.5832,1137437.0,1818344.5746
2024-09-21 04:00:00,1.5832,1.607,1.5666,1.6014,2133923.0,3390806.8958
2024-09-21 08:00:00,1.6014,1.6064,1.5833,1.5911,1837208.0,2934450.824
2024-09-21 12:00:00,1.5911,1.6443,1.5882,1.6158,1633330.0,2641362.5469
2024-09-21 16:00:00,1.6158,1.6241,1.6034,1.6162,225749.0,364178.7261
2024-09-21 20:00:00,1.6162,1.6544,1.6041,1.6445,465473.0,757379.0723
2024-09-22 00:00:00,1.6445,1.6592,1.5959,1.6023,1283881.0,2079042.6163
2024-09-22 04:00:00,1.6023,1.6149,1.5883,1.5951,989547.0,1581776.3393
2024-09-22 08:00:00,1.5951,1.6031,1.5627,1.5799,1355445.0,2148600.836
2024-09-22 12:00:00,1.5799,1.5854,1.5332,1.5442,1366502.0,2122795.829
2024-09-22 16:00:00,1.5442,1.5685,1.5245,1.5562,1092276.0,1692338.3784
2024-09-22 20:00:00,1.5562,1.5772,1.5125,1.5624,709871.0,1097642.8451
2024-09-23 00:00:00,1.5624,1.656,1.5204,1.6483,1501992.0,2412174.1792
2024-09-23 04:00:00,1.6483,1.7659,1.6249,1.7129,2323555.0,3980982.2029
2024-09-23 08:00:00,1.7129,1.7305,1.6658,1.6716,1180024.0,2002234.9984
2024-09-23 12:00:00,1.6716,1.745,1.6668,1.7243,2388751.0,4065955.0074
2024-09-23 16:00:00,1.7243,1.7846,1.7138,1.7251,1572855.0,2746877.425
2024-09-23 20:00:00,1.7251,1.735,1.6939,1.7089,1098077.0,1878236.778
2024-09-24 00:00:00,1.7089,1.7193,1.6577,1.6972,1684732.0,2828036.3679
2024-09-24 04:00:00,1.6972,1.7512,1.6727,1.7418,733198.0,1258844.9591
2024-09-24 08:00:00,1.7418,1.8076,1.7281,1.7467,2055781.0,3611549.9093
2024-09-24 12:00:00,1.7467,1.7648,1.6828,1.7063,1988950.0,3417581.8272
2024-09-24 16:00:00,1.7063,1.7457,1.6975,1.7402,660993.0,1137025.5433
2024-09-24 20:00:00,1.7402,1.8441,1.7271,1.8107,2799591.0,5022695.2779
2024-09-25 00:00:00,1.8107,1.8878,1.792,1.873,2030625.0,3747558.2789
2024-09-25 04:00:00,1.873,1.8783,1.7967,1.8114,1285215.0,2347182.5644
2024-09-25 08:00:00,1.8114,1.8456,1.8041,1.8419,952781.0,1739304.6413
2024-09-25 12:00:00,1.8419,2.0505,1.8307,2.0037,4221708.0,8239690.3228
2024-09-25 16:00:00,2.0037,2.1463,1.996,2.1055,4029795.0,8394267.1811
2024-09-25 20:00:00,2.1055,2.145,2.078,2.1064,3169867.0,6695688.1863
2024-09-26 00:00:00,2.1064,2.1802,2.0415,2.0504,3725424.0,7792482.2505
2024-09-26 04:00:00,2.0504,2.1426,2.046,2.0932,2750986.0,5763195.0788
2024-09-26 08:00:00,2.0932,2.1764,2.0802,2.1525,3203731.0,6808108.7043
2024-09-26 12:00:00,2.1525,2.1793,2.0609,2.0936,4235204.0,9010010.0489
2024-09-26 16:00:00,2.0936,2.1645,2.0538,2.056,1705869.0,3593479.356
2024-09-26 20:00:00,2.056,2.0658,2.0106,2.0343,1591776.0,3235258.7627
2024-09-27 00:00:00,2.0343,2.0606,1.9973,2.0564,1618864.0,3288922.0036
2024-09-27 04:00:00,2.0564,2.1463,2.0564,2.0967,2977110.0,6254796.6017
2024-09-27 08:00:00,2.0967,2.1317,2.0449,2.0678,1999334.0,4164688.6009
2024-09-27 12:00:00,2.0678,2.1238,2.049,2.0871,2200348.0,4595677.1787
2024-09-27 16:00:00,2.0871,2.1739,2.0845,2.0866,3611888.0,7703120.7246
2024-09-27 20:00:00,2.0866,2.1294,2.062,2.115,1716795.0,3618077.4252
2024-09-28 00:00:00,2.115,2.1639,2.0987,2.1053,1116260.0,2374108.7227
2024-09-28 04:00:00,2.1053,2.1272,2.0587,2.0991,1571576.0,3296687.4553
2024-09-28 08:00:00,2.0991,2.1055,2.027,2.0928,2046159.0,4243817.4317
2024-09-28 12:00:00,2.0928,2.0931,2.0345,2.048,666014.0,1373157.1848
2024-09-28 16:00:00,2.048,2.0636,2.0126,2.026,643047.0,1306018.4802
2024-09-28 20:00:00,2.026,2.0313,1.9765,2.011,1435217.0,2866299.7658
2024-09-29 00:00:00,2.011,2.0624,2.0033,2.0541,1000476.0,2030702.0083
2024-09-29 04:00:00,2.0541,2.0581,1.9453,1.9528,1601150.0,3183675.7377
2024-09-29 08:00:00,1.9528,1.9929,1.9432,1.9827,1236510.0,2437591.8857
2024-09-29 12:00:00,1.9827,2.0382,1.929,2.0355,1859699.0,3679004.0921
2024-09-29 16:00:00,2.0355,2.096,2.0094,2.0858,1934049.0,3967003.3408
2024-09-29 20:00:00,2.0858,2.1115,2.0286,2.0453,1240977.0,2569624.8997
2024-09-30 00:00:00,2.0453,2.0712,1.9638,2.0222,3236128.0,6495636.1479
2024-09-30 04:00:00,2.0222,2.0435,1.9865,2.0145,1599348.0,3229049.572
2024-09-30 08:00:00,2.0145,2.0155,1.9175,1.9705,3506733.0,6879795.9685
2024-09-30 12:00:00,1.9705,2.0014,1.8834,1.8855,4358487.0,8481453.8709
2024-09-30 16:00:00,1.8855,1.9143,1.872,1.8957,1734694.0,3285727.2636
2024-09-30 20:00:00,1.8957,1.92,1.8281,1.8519,3063571.0,5729087.7873
2024-10-01 00:00:00,1.8519,1.9464,1.842,1.9418,1378562.0,2619447.9658
2024-10-01 04:00:00,1.9418,1.9642,1.9074,1.9231,1089875.0,2103691.4495
2024-10-01 08:00:00,1.9231,1.9441,1.8976,1.9025,987015.0,1896077.9686
2024-10-01 12:00:00,1.9025,1.9206,1.6828,1.7495,5347331.0,9534087.2947
2024-10-01 16:00:00,1.7495,1.7688,1.5718,1.6618,6067576.0,10117359.2692
2024-10-01 20:00:00,1.6618,1.6776,1.6296,1.6559,1597282.0,2637249.4967
2024-10-02 00:00:00,1.6559,1.7115,1.6438,1.7011,649373.0,1095712.9038
2024-10-02 04:00:00,1.7011,1.7435,1.6803,1.7241,615550.0,1053698.3593
2024-10-02 08:00:00,1.7241,1.7395,1.6586,1.6821,850085.0,1437923.2902
2024-10-02 12:00:00,1.6821,1.7087,1.6444,1.6661,1760669.0,2947726.7553
2024-10-02 16:00:00,1.6661,1.7057,1.5435,1.5812,2535015.0,4072698.0487
2024-10-02 20:00:00,1.5812,1.6182,1.5698,1.5995,449993.0,718408.4527
2024-10-03 00:00:00,1.5995,1.6513,1.5875,1.6432,1736978.0,2826196.7759
2024-10-03 04:00:00,1.6432,1.6432,1.5903,1.5906,740422.0,1198151.4339
2024-10-03 08:00:00,1.5906,1.614,1.5344,1.5913,1379949.0,2166193.6225
2024-10-03 12:00:00,1.5913,1.6225,1.5335,1.602,2362438.0,3745600.0615
2024-10-03 16:00:00,1.602,1.6103,1.5469,1.6096,1217656.0,1932010.6141
2024-10-03 20:00:00,1.6096,1.6182,1.5751,1.6038,472217.0,756050.9683
2024-10-04 00:00:00,1.6038,1.6378,1.5848,1.6189,946268.0,1528260.3894
2024-10-04 04:00:00,1.6189,1.6783,1.6172,1.6663,875807.0,1447677.8398
2024-10-04 08:00:00,1.6663,1.6987,1.636,1.6661,1084027.0,1807615.2598
2024-10-04 12:00:00,1.6661,1.6925,1.617,1.6744,2176563.0,3593935.4601
2024-10-04 16:00:00,1.6744,1.7245,1.6637,1.718,1554955.0,2644262.2655
2024-10-04 20:00:00,1.718,1.7227,1.682,1.6974,721920.0,1224898.5763
2024-10-05 00:00:00,1.6974,1.7275,1.6759,1.6815,1006078.0,1712364.7548
2024-10-05 04:00:00,1.6815,1.83,1.6809,1.8125,2065744.0,3646048.2289
2024-10-05 08:00:00,1.8125,1.9116,1.8114,1.8533,2489494.0,4640847.6808
2024-10-05 12:00:00,1.8533,1.879,1.8235,1.8551,1815314.0,3353359.6811
2024-10-05 16:00:00,1.8551,1.8632,1.7913,1.7936,1538871.0,2789210.8206
2024-10-05 20:00:00,1.7936,1.816,1.7617,1.8154,1020668.0,1824444.9732
2024-10-06 00:00:00,1.8154,1.8581,1.7996,1.8097,1347819.0,2467195.2468
2024-10-06 04:00:00,1.8097,1.8522,1.7973,1.8437,948157.0,1734854.7446
2024-10-06 08:00:00,1.8437,1.8741,1.8306,1.8682,937069.0,1737679.6061
2024-10-06 12:00:00,1.8682,1.9681,1.863,1.9621,4203740.0,8084981.8063
2024-10-06 16:00:00,1.9621,2.0514,1.9203,1.9285,3282508.0,6494243.8119
2024-10-06 20:00:00,1.9285,1.9606,1.9167,1.9361,1346453.0,2607379.1007
2024-10-07 00:00:00,1.9361,2.0313,1.9204,2.0111,3454649.0,6887677.2898
2024-10-07 04:00:00,2.0111,2.045,1.9873,1.9994,1092099.0,2201081.8889
2024-10-07 08:00:00,1.9994,2.0109,1.9028,1.9576,2400296.0,4675197.7425
2024-10-07 12:00:00,1.9576,2.0481,1.9238,1.9965,5519704.0,11017588.647
2024-10-07 16:00:00,1.9965,2.0706,1.9519,1.962,1966464.0,3932824.5449
2024-10-07 20:00:00,1.962,2.0138,1.9272,1.935,1670644.0,3272353.93
2024-10-08 00:00:00,1.935,2.0125,1.9341,1.9844,549045.0,1083697.922
2024-10-08 04:00:00,1.9844,2.006,1.9076,1.9349,977701.0,1910067.4392
2024-10-08 08:00:00,1.9349,1.9877,1.924,1.9788,787952.0,1550090.368
2024-10-08 12:00:00,1.9788,1.986,1.8464,1.8627,4155282.0,7882021.2656
2024-10-08 16:00:00,1.8627,1.8876,1.8453,1.8723,776722.0,1447743.7201
2024-10-08 20:00:00,1.8723,1.8877,1.8251,1.8511,500576.0,929108.191
2024-10-09 00:00:00,1.8511,1.8856,1.8281,1.8512,688927.0,1278070.9002
2024-10-09 04:00:00,1.8512,1.8823,1.8303,1.8529,1271765.0,2360769.0455
2024-10-09 08:00:00,1.8529,1.873,1.8327,1.8478,518240.0,960060.8158
2024-10-09 12:00:00,1.8478,1.8478,1.7724,1.8281,1462198.0,2645129.2457
2024-10-09 16:00:00,1.8281,1.8367,1.7479,1.7522,759922.0,1351024.3861
2024-10-09 20:00:00,1.7522,1.7593,1.7152,1.7356,1080052.0,1872510.9084
2024-10-10 00:00:00,1.7356,1.7517,1.7152,1.7387,600017.0,1044922.7176
2024-10-10 04:00:00,1.7387,1.7684,1.7251,1.743,518063.0,906571.0321
2024-10-10 08:00:00,1.743,1.7612,1.7006,1.7486,723351.0,1253511.005
2024-10-10 12:00:00,1.7486,1.7496,1.6626,1.6913,1412044.0,2395243.3197
2024-10-10 16:00:00,1.6913,1.7095,1.6382,1.6823,1517263.0,2525104.726
2024-10-10 20:00:00,1.6823,1.7037,1.6688,1.7,693411.0,1168917.7113
2024-10-11 00:00:00,1.7,1.7218,1.6865,1.7126,331491.0,565182.1075
2024-10-11 04:00:00,1.7126,1.7609,1.7061,1.7584,590566.0,1023168.2653
2024-10-11 08:00:00,1.7584,1.8288,1.745,1.8043,1310315.0,2354508.9328
2024-10-11 12:00:00,1.8043,1.9594,1.8043,1.927,2351603.0,4453872.8205
2024-10-11 16:00:00,1.927,1.9499,1.9074,1.9315,694989.0,1343406.0191
2024-10-11 20:00:00,1.9315,1.9528,1.9228,1.9301,758613.0,1467478.1893
2024-10-12 00:00:00,1.9301,1.9459,1.8814,1.892,1027449.0,1967755.3022
2024-10-12 04:00:00,1.892,2.0395,1.892,2.0288,2250245.0,4426829.6397
2024-10-12 08:00:00,2.0288,2.0336,1.978,2.0037,3364745.0,6763964.5467
2024-10-12 12:00:00,2.0037,2.087,1.9968,2.0221,2708819.0,5514832.2139
2024-10-12 16:00:00,2.0221,2.0388,2.0021,2.0186,1180944.0,2384159.8065
2024-10-12 20:00:00,2.0186,2.1239,2.0147,2.0828,1089584.0,2259459.8157
2024-10-13 00:00:00,2.0828,2.0929,1.9968,2.0124,1706205.0,3474981.5046
2024-10-13 04:00:00,2.0124,2.0761,2.0056,2.034,1049361.0,2143140.4074
2024-10-13 08:00:00,2.034,2.0418,1.9864,1.9921,1212910.0,2442199.0992
2024-10-13 12:00:00,1.9921,2.0246,1.9336,1.944,2876686.0,5680744.42
2024-10-13 16:00:00,1.944,1.9867,1.9383,1.9731,968316.0,1901296.5948
2024-10-13 20:00:00,1.9731,2.0907,1.966,2.0757,2360314.0,4831148.6939
2024-10-14 00:00:00,2.0757,2.3466,2.0706,2.33,7325190.0,16027866.8953
2024-10-14 04:00:00,2.33,2.3582,2.2758,2.3189,2980226.0,6915376.432
2024-10-14 08:00:00,2.3189,2.3373,2.269,2.3231,3017116.0,6950136.1223
2024-10-14 12:00:00,2.3231,2.4442,2.3105,2.3522,4117339.0,9741651.614
2024-10-14 16:00:00,2.3522,2.3591,2.2824,2.3184,2355731.0,5445663.9711
2024-10-14 20:00:00,2.3184,2.4225,2.3176,2.4177,2503452.0,5949731.9624
2024-10-15 00:00:00,2.4177,2.4306,2.3612,2.3781,1883341.0,4507430.0771
2024-10-15 04:00:00,2.3781,2.6494,2.3731,2.6329,6511768.0,16387375.9848
2024-10-15 08:00:00,2.6329,2.645,2.4093,2.4323,4762901.0,12000380.8716
2024-10-15 12:00:00,2.4323,2.5442,2.2754,2.3554,8814839.0,21529381.6256
2024-10-15 16:00:00,2.3554,2.4445,2.3554,2.3761,1149144.0,2754608.2187
2024-10-15 20:00:00,2.3761,2.3974,2.307,2.391,1698873.0,3983910.184
2024-10-16 00:00:00,2.391,2.4221,2.2997,2.3516,1919802.0,4536892.4369
2024-10-16 04:00:00,2.3516,2.3803,2.2501,2.2636,3784329.0,8674067.4729
2024-10-16 08:00:00,2.2636,2.4084,2.2628,2.3597,3826930.0,8945645.9505
2024-10-16 12:00:00,2.3597,2.3784,2.2371,2.2465,3716172.0,8556047.5149
2024-10-16 16:00:00,2.2465,2.2641,2.172,2.2226,2345817.0,5172789.5524
2024-10-16 20:00:00,2.2226,2.2795,2.2225,2.2376,678979.0,1531457.298
2024-10-17 00:00:00,2.2376,2.2779,2.2173,2.2617,1624399.0,3648530.1352
2024-10-17 04:00:00,2.2617,2.2667,2.1818,2.2159,1380529.0,3076931.13
2024-10-17 08:00:00,2.2159,2.2375,2.1565,2.1635,2504229.0,5495419.8498
2024-10-17 12:00:00,2.1635,2.3253,2.1515,2.3014,4224954.0,9551653.0276
2024-10-17 16:00:00,2.3014,2.3014,2.0816,2.1189,5899530.0,12707079.8572
2024-10-17 20:00:00,2.1189,2.167,2.1155,2.1282,1902235.0,4048468.3835
2024-10-18 00:00:00,2.1282,2.2144,2.1064,2.1923,1556951.0,3372581.4566
2024-10-18 04:00:00,2.1923,2.2191,2.1726,2.2008,1406426.0,3089505.4456
2024-10-18 08:00:00,2.2008,2.2063,2.1653,2.1771,1909202.0,4171103.4609
2024-10-18 12:00:00,2.1771,2.2906,2.1369,2.2794,3666153.0,8095910.7643
2024-10-18 16:00:00,2.2794,2.4645,2.2724,2.3726,6498343.0,15523119.7696
2024-10-18 20:00:00,2.3726,2.3942,2.3348,2.3687,2211774.0,5237794.5154
2024-10-19 00:00:00,2.3687,2.3893,2.3345,2.3797,1385747.0,3281438.9094
2024-10-19 04:00:00,2.3797,2.5318,2.3704,2.457,4176553.0,10262614.3085
2024-10-19 08:00:00,2.457,2.4977,2.3946,2.3977,2812468.0,6869456.5029
2024-10-19 12:00:00,2.3977,2.5063,2.3856,2.4895,4147991.0,10157404.0571
2024-10-19 16:00:00,2.4895,2.525,2.4341,2.4374,2124862.0,5251107.8117
2024-10-19 20:00:00,2.4374,2.4737,2.4255,2.4583,1529414.0,3744505.2204
2024-10-20 00:00:00,2.4583,2.4764,2.3613,2.3811,2214721.0,5322914.6737
2024-10-20 04:00:00,2.3811,2.4067,2.3448,2.3895,1587966.0,3773264.5051
2024-10-20 08:00:00,2.3895,2.4125,2.3661,2.3924,790488.0,1892234.082
2024-10-20 12:00:00,2.3924,2.4315,2.3358,2.4078,2132532.0,5085899.9212
2024-10-20 16:00:00,2.4078,2.417,2.3738,2.3807,622098.0,1490130.0584
2024-10-20 20:00:00,2.3807,2.4457,2.3709,2.4272,763770.0,1843558.7521
2024-10-21 00:00:00,2.4272,2.4882,2.363,2.3849,1815825.0,4404324.5196
2024-10-21 04:00:00,2.3849,2.4263,2.3672,2.3803,1229338.0,2954455.5332
2024-10-21 08:00:00,2.3803,2.4028,2.3095,2.329,2515456.0,5901174.7818
2024-10-21 12:00:00,2.329,2.3479,2.273,2.3185,2366210.0,5451044.521
2024-10-21 16:00:00,2.3185,2.3186,2.2754,2.2954,740427.0,1698917.7776
2024-10-21 20:00:00,2.2954,2.3026,2.2647,2.2717,1020780.0,2331672.1101
2024-10-22 00:00:00,2.2717,2.3093,2.2336,2.2848,2400162.0,5452342.2684
2024-10-22 04:00:00,2.2848,2.317,2.2744,2.2911,1537107.0,3523528.2266
2024-10-22 08:00:00,2.2911,2.3058,2.2124,2.2466,3057407.0,6905918.4632
2024-10-22 12:00:00,2.2466,2.2644,2.195,2.234,2606831.0,5820040.1225
2024-10-22 16:00:00,2.234,2.2581,2.1925,2.2486,833531.0,1856182.6238
2024-10-22 20:00:00,2.2486,2.3241,2.2435,2.3064,1093611.0,2504002.7586
2024-10-23 00:00:00,2.3064,2.3185,2.257,2.2955,1501941.0,3448804.3132
2024-10-23 04:00:00,2.2955,2.2988,2.2468,2.2564,731472.0,1661779.8858
2024-10-23 08:00:00,2.2564,2.2825,2.1949,2.2008,1787539.0,3992332.5049
2024-10-23 12:00:00,2.2008,2.2593,2.1615,2.19,2046867.0,4529791.0548
2024-10-23 16:00:00,2.19,2.2272,2.1518,2.2221,1700170.0,3721377.0741
2024-10-23 20:00:00,2.2221,2.253,2.1974,2.2464,1002908.0,2228561.6756
2024-10-24 00:00:00,2.2464,2.3163,2.2259,2.2711,2164976.0,4975490.788
2024-10-24 04:00:00,2.2711,2.2992,2.2655,2.2685,835778.0,1904893.7444
2024-10-24 08:00:00,2.2685,2.2788,2.1755,2.2247,1188642.0,2626905.5608
2024-10-24 12:00:00,2.2247,2.2573,2.1859,2.1999,1296912.0,2879594.2416
2024-10-24 16:00:00,2.1999,2.2244,2.172,2.2081,1090011.0,2393401.0393
2024-10-24 20:00:00,2.2081,2.245,2.179,2.2037,1840689.0,4057074.5948
2024-10-25 00:00:00,2.2037,2.219,2.1604,2.1749,593905.0,1296927.5518
2024-10-25 04:00:00,2.1749,2.1788,2.105,2.146,1453265.0,3102702.3762
2024-10-25 08:00:00,2.146,2.1651,2.1168,2.1546,1161668.0,2490063.1936
2024-10-25 12:00:00,2.1546,2.1976,2.1115,2.1241,2283010.0,4929498.1642
2024-10-25 16:00:00,2.1241,2.1312,2.029,2.067,3547248.0,7382927.1215
2024-10-25 20:00:00,2.067,2.079,1.789,1.916,14995283.0,28213976.3357
2024-10-26 00:00:00,1.916,1.9739,1.8916,1.9613,1240913.0,2388918.937
2024-10-26 04:00:00,1.9613,2.0122,1.9578,1.9823,869653.0,1724808.1473
2024-10-26 08:00:00,1.9823,2.0087,1.9788,2.0009,506480.0,1010756.4871
2024-10-26 12:00:00,2.0009,2.0056,1.9382,1.974,1412649.0,2791384.685
2024-10-26 16:00:00,1.974,2.0394,1.9731,2.0247,1012727.0,2046520.2771
2024-10-26 20:00:00,2.0247,2.0458,2.0012,2.0099,791912.0,1597844.8948
2024-10-27 00:00:00,2.0099,2.0274,1.9857,2.0242,470832.0,944007.6695
2024-10-27 04:00:00,2.0242,2.0292,1.9962,2.008,538501.0,1082291.7777
2024-10-27 08:00:00,2.008,2.0163,1.9667,1.9784,731288.0,1450870.0508
2024-10-27 12:00:00,1.9784,2.025,1.9776,2.0103,923665.0,1848143.4741
2024-10-27 16:00:00,2.0103,2.036,1.9841,2.0004,721140.0,1453281.4649
2024-10-27 20:00:00,2.0004,2.0761,1.9949,2.0417,1013004.0,2069433.0199
2024-10-28 00:00:00,2.0417,2.0448,1.9523,1.9554,1524429.0,3044263.2316
2024-10-28 04:00:00,1.9554,2.0105,1.9341,2.0028,1505948.0,2960367.2246
2024-10-28 08:00:00,2.0028,2.0341,1.9986,2.0037,1292935.0,2602080.7508
2024-10-28 12:00:00,2.0037,2.0137,1.9219,1.9284,3595748.0,7065490.0012
2024-10-28 16:00:00,1.9284,1.9925,1.8848,1.9901,1603977.0,3106368.9087
2024-10-28 20:00:00,1.9901,2.0958,1.9882,2.0516,3049639.0,6247256.0387
2024-10-29 00:00:00,2.0516,2.129,2.041,2.0901,3334963.0,6968566.6947
2024-10-29 04:00:00,2.0901,2.1058,2.0679,2.0763,905940.0,1886178.1673
2024-10-29 08:00:00,2.0763,2.1126,2.0763,2.0835,2886515.0,6060801.1998
2024-10-29 12:00:00,2.0835,2.1067,2.0655,2.1057,1434199.0,2988346.9466
2024-10-29 16:00:00,2.1057,2.1417,2.0677,2.0702,1703421.0,3604389.2155
2024-10-29 20:00:00,2.0702,2.1028,2.0336,2.1028,1210348.0,2501905.9414
2024-10-30 00:00:00,2.1028,2.104,2.0502,2.0848,2100717.0,4373180.9822
2024-10-30 04:00:00,2.0848,2.1005,2.0531,2.0621,695098.0,1443860.8005
2024-10-30 08:00:00,2.0621,2.0831,2.0069,2.0107,1172523.0,2387285.9744
2024-10-30 12:00:00,2.0107,2.0884,1.9905,2.0083,2785943.0,5678084.1474
2024-10-30 16:00:00,2.0083,2.0284,1.9932,1.9937,875452.0,1758442.5583
2024-10-30 20:00:00,1.9937,2.0247,1.9819,2.0045,777952.0,1557337.1711
2024-10-31 00:00:00,2.0045,2.0145,1.9672,1.9882,1171670.0,2331811.5132
2024-10-31 04:00:00,1.9882,2.0046,1.9665,1.9859,995119.0,1976496.9183
2024-10-31 08:00:00,1.9859,2.0038,1.9572,1.9743,1504830.0,2978073.5235
2024-10-31 12:00:00,1.9743,1.9816,1.92,1.9623,2029751.0,3954923.6256
2024-10-31 16:00:00,1.9623,1.9663,1.8825,1.8948,2618405.0,5012482.2717
2024-10-31 20:00:00,1.8948,1.9414,1.8938,1.9221,479961.0,919675.311
2024-11-01 00:00:00,1.9221,1.9423,1.8653,1.9108,1307810.0,2483659.8283
2024-11-01 04:00:00,1.9108,1.9214,1.8493,1.8735,1282472.0,2411811.4719
2024-11-01 08:00:00,1.8735,1.9333,1.8668,1.9262,869359.0,1658336.6207
2024-11-01 12:00:00,1.9262,1.9917,1.8708,1.8889,2181446.0,4222868.1463
2024-11-01 16:00:00,1.8889,1.9334,1.8712,1.8793,1593776.0,3035453.7319
2024-11-01 20:00:00,1.8793,1.8965,1.8251,1.8792,1450317.0,2687058.8288
2024-11-02 00:00:00,1.8792,1.8984,1.8701,1.874,344632.0,648875.2298
2024-11-02 04:00:00,1.874,1.8989,1.8565,1.8868,567288.0,1065850.2881
2024-11-02 08:00:00,1.8868,1.8948,1.8589,1.8624,720787.0,1350847.8012
2024-11-02 12:00:00,1.8624,1.8666,1.7803,1.8034,3900845.0,7048490.0957
2024-11-02 16:00:00,1.8034,1.8312,1.7782,1.8026,932772.0,1677634.2254
2024-11-02 20:00:00,1.8026,1.8185,1.7887,1.8086,697757.0,1257153.2734
2024-11-03 00:00:00,1.8086,1.8153,1.704,1.7422,2040979.0,3590416.6694
2024-11-03 04:00:00,1.7422,1.776,1.7416,1.762,315347.0,553712.8847
2024-11-03 08:00:00,1.762,1.77,1.7278,1.7313,531347.0,929046.6158
2024-11-03 12:00:00,1.7313,1.745,1.6271,1.6679,2774380.0,4669300.0554
2024-11-03 16:00:00,1.6679,1.7061,1.6571,1.7018,879085.0,1477084.9982
2024-11-03 20:00:00,1.7018,1.7437,1.6945,1.7285,449240.0,775219.6545
2024-11-04 00:00:00,1.7285,1.7613,1.7,1.729,717042.0,1243700.2656
2024-11-04 04:00:00,1.729,1.746,1.6908,1.6928,1213234.0,2085498.922
2024-11-04 08:00:00,1.6928,1.7218,1.6788,1.7048,667342.0,1133551.6132
2024-11-04 12:00:00,1.7048,1.7195,1.66,1.6682,1033689.0,1739991.0957
2024-11-04 16:00:00,1.6682,1.678,1.6435,1.6575,715559.0,1188007.1494
2024-11-04 20:00:00,1.6575,1.6701,1.5877,1.6558,1318260.0,2146531.3301
2024-11-05 00:00:00,1.6558,1.7136,1.6558,1.6971,933656.0,1577855.2738
2024-11-05 04:00:00,1.6971,1.7298,1.6949,1.7171,2019426.0,3467425.3843
2024-11-05 08:00:00,1.7171,1.7377,1.6936,1.7169,2504239.0,4309474.3893
2024-11-05 12:00:00,1.7169,1.8399,1.7077,1.7682,3006479.0,5344169.8437
2024-11-05 16:00:00,1.7682,1.8037,1.7203,1.7304,1582181.0,2805907.5243
2024-11-05 20:00:00,1.7304,1.7786,1.7197,1.7716,901128.0,1580009.5067
2024-11-06 00:00:00,1.7716,1.9965,1.7707,1.9497,4848446.0,9222578.7175
2024-11-06 04:00:00,1.9497,1.9763,1.8831,1.8923,5349380.0,10361590.9387
2024-11-06 08:00:00,1.8923,1.9183,1.8291,1.9094,2152777.0,4037197.4866
2024-11-06 12:00:00,1.9094,1.9213,1.8657,1.8859,2675507.0,5087352.0897
2024-11-06 16:00:00,1.8859,1.9214,1.8579,1.9085,2164885.0,4095980.658
2024-11-06 20:00:00,1.9085,2.018,1.8982,1.9855,1622192.0,3188120.1654
2024-11-07 00:00:00,1.9855,2.0617,1.9687,2.0175,2462814.0,4962686.9057
2024-11-07 04:00:00,2.0175,2.0213,1.9411,1.9647,3350064.0,6649243.8918
2024-11-07 08:00:00,1.9647,1.9992,1.9508,1.9537,858188.0,1700136.4783
2024-11-07 12:00:00,1.9537,1.9818,1.9192,1.9818,841785.0,1644677.0765
2024-11-07 16:00:00,1.9818,1.99,1.9437,1.988,1468151.0,2888436.9081
2024-11-07 20:00:00,1.988,2.0272,1.9609,1.9974,1746777.0,3491340.7424
2024-11-08 00:00:00,1.9974,2.0232,1.9309,1.9467,1454222.0,2873298.7215
2024-11-08 04:00:00,1.9467,1.9724,1.9413,1.9513,1434097.0,2811875.8649
2024-11-08 08:00:00,1.9513,2.01,1.9336,1.963,2014324.0,3945141.5862
2024-11-08 12:00:00,1.963,1.9886,1.8942,1.9177,2704142.0,5247375.9105
2024-11-08 16:00:00,1.9177,1.9226,1.8444,1.9083,3101411.0,5811110.5139
2024-11-08 20:00:00,1.9083,1.9397,1.8814,1.9159,1132038.0,2163549.5007
2024-11-09 00:00:00,1.9159,1.9364,1.8824,1.8961,1926802.0,3686471.1768
2024-11-09 04:00:00,1.8961,2.0598,1.8961,2.046,3746030.0,7476538.2303
2024-11-09 08:00:00,2.046,2.1279,2.0385,2.0944,2961833.0,6174937.6931
2024-11-09 12:00:00,2.0944,2.0993,2.017,2.0415,4311922.0,8818860.3215
2024-11-09 16:00:00,2.0415,2.057,1.989,2.0229,1387288.0,2799181.6
2024-11-09 20:00:00,2.0229,2.0866,2.0073,2.0783,2881924.0,5907252.8755
2024-11-10 00:00:00,2.0783,2.1469,2.0278,2.1067,5141976.0,10683746.3948
2024-11-10 04:00:00,2.1067,2.1812,2.0914,2.1271,7228445.0,15448345.5627
2024-11-10 08:00:00,2.1271,2.2032,2.1271,2.1923,3547761.0,7680052.1661
2024-11-10 12:00:00,2.1923,2.2588,2.1438,2.2011,7727977.0,16955967.4754
2024-11-10 16:00:00,2.2011,2.2682,2.112,2.1362,5114199.0,11230062.6594
2024-11-10 20:00:00,2.1362,2.1448,2.0,2.1172,4071683.0,8496512.5097
2024-11-11 00:00:00,2.1172,2.328,2.0976,2.2747,4844739.0,10741317.0489
2024-11-11 04:00:00,2.2747,2.2761,2.1138,2.1604,5956412.0,12914772.8768
2024-11-11 08:00:00,2.1604,2.2452,2.1508,2.2339,2577185.0,5628311.7869
2024-11-11 12:00:00,2.2339,2.2472,2.1253,2.1586,4828958.0,10477298.4516
2024-11-11 16:00:00,2.1586,2.3966,2.149,2.2958,8950147.0,20653979.4798
2024-11-11 20:00:00,2.2958,2.5065,2.2683,2.4957,6851386.0,16079025.4406
2024-11-12 00:00:00,2.4957,2.8569,2.4127,2.7344,13628118.0,36428755.251
2024-11-12 04:00:00,2.7344,2.8046,2.6466,2.7509,7890693.0,21428151.0219
2024-11-12 08:00:00,2.7509,2.7771,2.3,2.4505,10370173.0,25976817.7113
2024-11-12 12:00:00,2.4505,2.4783,2.3574,2.3744,3110023.0,7487732.5001
2024-11-12 16:00:00,2.3744,2.4642,2.3091,2.4463,2566314.0,6198527.6398
2024-11-12 20:00:00,2.4463,2.5438,2.3993,2.4557,2147854.0,5323825.333
2024-11-13 00:00:00,2.4557,2.4873,2.2411,2.2411,4346377.0,10227259.0459
2024-11-13 04:00:00,2.2411,2.2911,2.1275,2.2262,7178913.0,15702694.398
2024-11-13 08:00:00,2.2262,2.2512,2.1693,2.2114,2155245.0,4756543.4093
2024-11-13 12:00:00,2.2114,2.4199,2.1781,2.3973,4889825.0,11361494.9353
2024-11-13 16:00:00,2.3973,2.434,2.2561,2.2679,3874098.0,9181161.631
2024-11-13 20:00:00,2.2679,2.3141,2.18,2.3025,1798357.0,4053864.6314
2024-11-14 00:00:00,2.3025,2.3764,2.2466,2.3579,2253565.0,5240601.0505
2024-11-14 04:00:00,2.3579,2.4915,2.3418,2.4169,7273131.0,17548597.4351
2024-11-14 08:00:00,2.4169,2.4515,2.2877,2.3384,2783075.0,6602868.7433
2024-11-14 12:00:00,2.3384,2.374,2.1964,2.2264,3321517.0,7655872.9997
2024-11-14 16:00:00,2.2264,2.3473,2.2181,2.2946,1488181.0,3420803.5732
2024-11-14 20:00:00,2.2946,2.3115,2.141,2.1847,2076760.0,4617704.2081
2024-11-15 00:00:00,2.1847,2.243,2.1314,2.2045,2143335.0,4677687.1752
2024-11-15 04:00:00,2.2045,2.2205,2.1223,2.1954,3498410.0,7592459.1987
2024-11-15 08:00:00,2.1954,2.2892,2.1661,2.2851,1377512.0,3104059.7059
2024-11-15 12:00:00,2.2851,2.3116,2.1643,2.1798,1664228.0,3731009.3024
2024-11-15 16:00:00,2.1798,2.2305,2.1475,2.2103,1659402.0,3638423.6062
2024-11-15 20:00:00,2.2103,2.3376,2.2057,2.3034,1406945.0,3217785.3741
2024-11-16 00:00:00,2.3034,2.3769,2.2784,2.3741,1751536.0,4060648.1925
2024-11-16 04:00:00,2.3741,2.3809,2.3013,2.3102,4385086.0,10343743.4583
2024-11-16 08:00:00,2.3102,2.399,2.3014,2.3986,2146991.0,5011266.1479
2024-11-16 12:00:00,2.3986,2.4178,2.2454,2.2725,3059462.0,7088697.221
2024-11-16 16:00:00,2.2725,2.4168,2.2546,2.3812,1464926.0,3444655.3714
2024-11-16 20:00:00,2.3812,2.4204,2.3375,2.3737,896473.0,2133157.4219
2024-11-17 00:00:00,2.3737,2.4117,2.1913,2.2836,2280073.0,5170692.7342
2024-11-17 04:00:00,2.2836,2.3637,2.2776,2.3471,649514.0,1513195.357
2024-11-17 08:00:00,2.3471,2.4033,2.2976,2.2979,1291042.0,3036726.0943
2024-11-17 12:00:00,2.2979,2.3356,2.2767,2.3089,656675.0,1512889.2905
2024-11-17 16:00:00,2.3089,2.3275,2.2168,2.249,689438.0,1561216.4336
2024-11-17 20:00:00,2.249,2.2653,2.1824,2.2322,1249367.0,2769247.2522
2024-11-18 00:00:00,2.2322,2.3076,2.2154,2.3055,742051.0,1678763.4672
2024-11-18 04:00:00,2.3055,2.3684,2.2694,2.3435,833222.0,1934880.7335
2024-11-18 08:00:00,2.3435,2.3533,2.2409,2.2507,4244691.0,9812708.3085
2024-11-18 12:00:00,2.2507,2.36,2.2221,2.3431,1837060.0,4192271.0352
2024-11-18 16:00:00,2.3431,2.4286,2.2652,2.3168,2009974.0,4733131.296
2024-11-18 20:00:00,2.3168,2.4026,2.2907,2.3978,982819.0,2316921.9672
2024-11-19 00:00:00,2.3978,2.4038,2.3392,2.3631,529191.0,1254420.833
2024-11-19 04:00:00,2.3631,2.3913,2.3166,2.3217,3832493.0,8985284.4025
2024-11-19 08:00:00,2.3217,2.331,2.2795,2.307,1329590.0,3061446.7848
2024-11-19 12:00:00,2.307,2.3536,2.2477,2.287,1745802.0,4023936.2439
2024-11-19 16:00:00,2.287,2.3595,2.271,2.3262,878373.0,2029931.1008
2024-11-19 20:00:00,2.3262,2.3386,2.2258,2.2886,1125297.0,2552179.4725
2024-11-20 00:00:00,2.2886,2.2886,2.1855,2.2329,1452789.0,3238979.2309
2024-11-20 04:00:00,2.2329,2.2519,2.2075,2.2498,689586.0,1540961.9616
2024-11-20 08:00:00,2.2498,2.284,2.2239,2.2348,1523629.0,3429224.735
2024-11-20 12:00:00,2.2348,2.2706,2.1777,2.2325,2644130.0,5867039.4894
2024-11-20 16:00:00,2.2325,2.2491,2.0622,2.0855,2584467.0,5511324.0592
2024-11-20 20:00:00,2.0855,2.1592,2.0759,2.1138,590629.0,1257395.1653
2024-11-21 00:00:00,2.1138,2.1565,2.0232,2.0644,1882822.0,3905091.6877
2024-11-21 04:00:00,2.0644,2.1541,2.0558,2.12,1125715.0,2387094.2149
2024-11-21 08:00:00,2.12,2.1292,2.0626,2.104,3537739.0,7478856.4824
2024-11-21 12:00:00,2.104,2.3109,2.1015,2.2107,3212532.0,7126852.5999
2024-11-21 16:00:00,2.2107,2.3361,2.2107,2.2518,1755583.0,3996422.3089
2024-11-21 20:00:00,2.2518,2.3023,2.2388,2.2395,971508.0,2193508.0381
2024-11-22 00:00:00,2.2395,2.2623,2.1893,2.2523,1667658.0,3719546.0191
2024-11-22 04:00:00,2.2523,2.2994,2.23,2.2344,1102009.0,2493315.9031
2024-11-22 08:00:00,2.2344,2.2941,2.1983,2.255,1145470.0,2571467.6125
2024-11-22 12:00:00,2.255,2.2938,2.136,2.1882,3539989.0,7758038.6355
2024-11-22 16:00:00,2.1882,2.1945,2.1132,2.1379,2326228.0,4982821.7405
2024-11-22 20:00:00,2.1379,2.2572,2.1329,2.2563,890417.0,1958907.2409
2024-11-23 00:00:00,2.2563,2.3743,2.2326,2.319,2768742.0,6375171.064
2024-11-23 04:00:00,2.319,2.3769,2.2954,2.3679,6507437.0,15209704.7141
2024-11-23 08:00:00,2.3679,2.4461,2.3325,2.349,3339742.0,7957210.0162
2024-11-23 12:00:00,2.349,2.4575,2.3363,2.3951,3853625.0,9292898.8483
2024-11-23 16:00:00,2.3951,2.4224,2.2223,2.3553,3934076.0,9082740.5101
2024-11-23 20:00:00,2.3553,2.5106,2.2858,2.4515,2929856.0,7093145.9528
2024-11-24 00:00:00,2.4515,2.5959,2.449,2.5201,2328099.0,5914891.2903
2024-11-24 04:00:00,2.5201,2.6912,2.466,2.6209,2847996.0,7344716.6309
2024-11-24 08:00:00,2.6209,2.6321,2.4169,2.4221,4447901.0,11197207.0176
2024-11-24 12:00:00,2.4221,2.4647,2.3005,2.3331,5612523.0,13391619.6161
2024-11-24 16:00:00,2.3331,2.4393,2.3131,2.4148,2040469.0,4880389.4339
2024-11-24 20:00:00,2.4148,2.5821,2.4093,2.5503,1313546.0,3283375.3849
2024-11-25 00:00:00,2.5503,2.7962,2.5115,2.5525,3703012.0,9724042.4975
2024-11-25 04:00:00,2.5525,2.6266,2.5342,2.5599,2565259.0,6591481.8643
2024-11-25 08:00:00,2.5599,2.6482,2.5407,2.5757,2044102.0,5287135.5593
2024-11-25 12:00:00,2.5757,2.5881,2.3927,2.5124,5565128.0,13867364.0757
2024-11-25 16:00:00,2.5124,2.5895,2.4329,2.4681,1841444.0,4598733.8627
2024-11-25 20:00:00,2.4681,2.5221,2.368,2.4438,2912260.0,7113995.5918
2024-11-26 00:00:00,2.4438,2.5549,2.4136,2.5427,2713110.0,6783957.4789
2024-11-26 04:00:00,2.5427,2.5555,2.4258,2.4457,1560512.0,3900441.647
2024-11-26 08:00:00,2.4457,2.4458,2.2712,2.3298,3851560.0,9059530.6559
2024-11-26 12:00:00,2.3298,2.3604,2.2687,2.2968,2562711.0,5918978.6836
2024-11-26 16:00:00,2.2968,2.3543,2.2457,2.2865,1355025.0,3111398.8143
2024-11-26 20:00:00,2.2865,2.3678,2.2768,2.3502,789121.0,1839312.9886
2024-11-27 00:00:00,2.3502,2.3727,2.296,2.3465,1068529.0,2501000.8989
2024-11-27 04:00:00,2.3465,2.3918,2.3313,2.3807,1156241.0,2737456.1298
2024-11-27 08:00:00,2.3807,2.4169,2.3501,2.3844,1360109.0,3243668.4325
2024-11-27 12:00:00,2.3844,2.4745,2.3329,2.4339,2497035.0,6004978.7247
2024-11-27 16:00:00,2.4339,2.4744,2.4186,2.452,1250613.0,3068501.2696
2024-11-27 20:00:00,2.452,2.5866,2.452,2.5535,2156619.0,5429128.9403
2024-11-28 00:00:00,2.5535,2.6236,2.4684,2.5067,2327307.0,5925507.2875
2024-11-28 04:00:00,2.5067,2.5654,2.4774,2.5469,4208725.0,10615264.5627
2024-11-28 08:00:00,2.5469,2.6237,2.5139,2.6115,2074202.0,5335996.4598
2024-11-28 12:00:00,2.6115,2.7685,2.5362,2.7189,4472550.0,11954740.0219
2024-11-28 16:00:00,2.7189,3.0318,2.7149,2.9457,7665046.0,22198536.0298
2024-11-28 20:00:00,2.9457,3.0661,2.8826,2.9402,6977624.0,20874281.8306
2024-11-29 00:00:00,2.9402,2.9634,2.7922,2.833,3918853.0,11172216.3213
2024-11-29 04:00:00,2.833,2.9082,2.809,2.8198,2331456.0,6640927.2622
2024-11-29 08:00:00,2.8198,2.9355,2.8198,2.8759,3181877.0,9217804.3011
2024-11-29 12:00:00,2.8759,2.94,2.8342,2.8397,2746582.0,7930979.1449
2024-11-29 16:00:00,2.8397,2.9621,2.8397,2.888,1962997.0,5695686.6819
2024-11-29 20:00:00,2.888,2.9523,2.8577,2.9252,932732.0,2706945.8289
2024-11-30 00:00:00,2.9252,2.9767,2.8636,2.9511,2209698.0,6432965.9066
2024-11-30 04:00:00,2.9511,3.0122,2.8892,2.9118,2739119.0,8041497.3828
2024-11-30 08:00:00,2.9118,3.0962,2.9041,3.0273,5122948.0,15484796.0888
2024-11-30 12:00:00,3.0273,3.485,3.0273,3.4622,9709377.0,32031466.1105
2024-11-30 16:00:00,3.4622,3.738,3.4387,3.58,9588715.0,34491801.8488
2024-11-30 20:00:00,3.58,3.6954,3.5712,3.629,3437201.0,12535603.5242
2024-12-01 00:00:00,3.629,3.663,3.2578,3.315,7993056.0,27252789.3031
2024-12-01 04:00:00,3.315,3.4043,3.3105,3.3953,2577473.0,8657128.4538
2024-12-01 08:00:00,3.3953,3.4715,3.3395,3.3968,4109149.0,13975531.0501
2024-12-01 12:00:00,3.3968,3.5078,3.3928,3.4094,3543478.0,12208093.613
2024-12-01 16:00:00,3.4094,3.4168,3.3503,3.3835,1504241.0,5086408.6602
2024-12-01 20:00:00,3.3835,3.4413,3.3235,3.4065,2055283.0,6936890.2612
2024-12-02 00:00:00,3.4065,3.4066,3.2082,3.2376,3566078.0,11836309.9945
2024-12-02 04:00:00,3.2376,3.3406,3.1686,3.3179,3560440.0,11602743.6672
2024-12-02 08:00:00,3.3179,3.3189,3.0805,3.195,5349506.0,17030079.381
2024-12-02 12:00:00,3.195,3.296,3.1617,3.2257,2574666.0,8329261.2528
2024-12-02 16:00:00,3.2257,3.232,3.0833,3.1487,2483907.0,7817336.5255
2024-12-02 20:00:00,3.1487,3.2981,3.1358,3.2855,1659316.0,5341505.5677
2024-12-03 00:00:00,3.2855,3.4746,3.2554,3.4253,4398574.0,14802933.075
2024-12-03 04:00:00,3.4253,3.4813,3.2901,3.3645,4087453.0,13787856.0498
2024-12-03 08:00:00,3.3645,3.3888,3.2369,3.3248,2487344.0,8204385.2387
2024-12-03 12:00:00,3.3248,3.348,2.9627,3.1107,13622548.0,42632952.651
2024-12-03 16:00:00,3.1107,3.2439,3.0495,3.1721,2416905.0,7567110.3664
2024-12-03 20:00:00,3.1721,3.3758,3.1679,3.2984,2100519.0,6955030.0112
2024-12-04 00:00:00,3.2984,3.3957,3.2514,3.3278,1674388.0,5571999.1829
2024-12-04 04:00:00,3.3278,3.395,3.2751,3.3671,1776530.0,5930386.2229
2024-12-04 08:00:00,3.3671,3.4307,3.303,3.35,2497355.0,8383115.9746
2024-12-04 12:00:00,3.35,3.4974,3.243,3.4142,4927040.0,16495125.0571
2024-12-04 16:00:00,3.4142,3.4363,3.1903,3.3832,2344442.0,7766219.329
2024-12-04 20:00:00,3.3832,3.4166,3.2278,3.3017,1630948.0,5408350.01
2024-12-05 00:00:00,3.3017,3.3723,3.1261,3.2282,3408335.0,11117126.1698
2024-12-05 04:00:00,3.2282,3.4781,3.2086,3.4416,2983798.0,9973920.028
2024-12-05 08:00:00,3.4416,3.5404,3.3787,3.5082,3920841.0,13512434.4133
2024-12-05 12:00:00,3.5082,3.67,3.5008,3.6177,7769366.0,27729856.2484
2024-12-05 16:00:00,3.6177,4.0951,3.6156,3.7622,9358722.0,36458570.865
2024-12-05 20:00:00,3.7622,3.8874,3.5522,3.722,5227056.0,19461214.206
2024-12-06 00:00:00,3.722,4.1948,3.6281,4.0015,5557751.0,22150797.299
2024-12-06 04:00:00,4.0015,4.095,3.8997,3.9084,3236675.0,12971279.7266
2024-12-06 08:00:00,3.9084,3.9334,3.7557,3.8781,3471210.0,13333785.6557
2024-12-06 12:00:00,3.8781,3.966,3.8021,3.8451,4509070.0,17532572.29
2024-12-06 16:00:00,3.8451,3.9335,3.8269,3.8575,1571180.0,6086040.3707
2024-12-06 20:00:00,3.8575,3.9483,3.8455,3.9209,1434538.0,5602778.9049
2024-12-07 00:00:00,3.9209,3.9333,3.8171,3.8985,1740764.0,6752643.2545
2024-12-07 04:00:00,3.8985,3.9427,3.8314,3.8671,2694086.0,10461208.036
2024-12-07 08:00:00,3.8671,3.8735,3.7674,3.83,2022664.0,7718453.9013
2024-12-07 12:00:00,3.83,3.8875,3.8018,3.825,1575274.0,6048574.1392
2024-12-07 16:00:00,3.825,3.8333,3.7455,3.7674,1177534.0,4456070.0499
2024-12-07 20:00:00,3.7674,3.8338,3.7501,3.7708,462099.0,1750830.9104
2024-12-08 00:00:00,3.7708,3.8267,3.7611,3.7962,986185.0,3739410.3897
2024-12-08 04:00:00,3.7962,3.8236,3.707,3.7693,1539464.0,5774183.4646
2024-12-08 08:00:00,3.7693,3.7717,3.649,3.7153,1848137.0,6847922.4531
2024-12-08 12:00:00,3.7153,3.7736,3.6739,3.7325,1253548.0,4671037.142
2024-12-08 16:00:00,3.7325,3.7446,3.6595,3.7045,663518.0,2455221.953
2024-12-08 20:00:00,3.7045,3.8225,3.6835,3.8135,884829.0,3326746.982
2024-12-09 00:00:00,3.8135,3.8135,3.55,3.5965,3081715.0,11252421.6021
2024-12-09 04:00:00,3.5965,3.6516,3.5223,3.5827,2160755.0,7761085.7268
2024-12-09 08:00:00,3.5827,3.5837,3.35,3.3573,4358381.0,15076533.457
2024-12-09 12:00:00,3.3573,3.5273,3.308,3.3829,4011599.0,13720484.3684
2024-12-09 16:00:00,3.3829,3.4602,3.3612,3.3811,1038315.0,3529333.9346
2024-12-09 20:00:00,3.3811,3.3941,2.4727,2.925,22033635.0,63709364.3925
2024-12-10 00:00:00,2.925,3.025,2.7459,2.89,5262064.0,15272142.005
2024-12-10 04:00:00,2.89,3.0188,2.8151,2.949,2223616.0,6562476.409
2024-12-10 08:00:00,2.949,3.0391,2.9033,2.9724,1816121.0,5401206.595
2024-12-10 12:00:00,2.9724,2.9819,2.6782,2.6811,3727667.0,10571524.1742
2024-12-10 16:00:00,2.6811,2.7542,2.5731,2.7471,5880562.0,15693322.4025
2024-12-10 20:00:00,2.7471,2.8738,2.7283,2.8321,1256113.0,3535134.6765
2024-12-11 00:00:00,2.8321,2.852,2.7113,2.8482,2820913.0,7854925.3791
2024-12-11 04:00:00,2.8482,2.9087,2.8155,2.841,2113081.0,6051745.742
2024-12-11 08:00:00,2.841,2.973,2.841,2.9482,2865093.0,8382125.2443
2024-12-11 12:00:00,2.9482,3.1469,2.9474,3.0844,4485465.0,13790837.2784
2024-12-11 16:00:00,3.0844,3.1455,3.0414,3.1025,1550401.0,4795188.8546
2024-12-11 20:00:00,3.1025,3.1582,3.0632,3.1317,913340.0,2844876.2207
2024-12-12 00:00:00,3.1317,3.3596,3.0738,3.2853,2461975.0,7876670.5009
2024-12-12 04:00:00,3.2853,3.351,3.2375,3.2729,1251660.0,4115160.8061
2024-12-12 08:00:00,3.2729,3.3122,3.1312,3.1563,1978024.0,6320898.0912
2024-12-12 12:00:00,3.1563,3.2425,3.1203,3.1596,2538864.0,8062118.8193
2024-12-12 16:00:00,3.1596,3.2013,3.0198,3.0353,2161662.0,6709179.2794
2024-12-12 20:00:00,3.0353,3.0929,3.0095,3.0802,1323399.0,4044514.6023
2024-12-13 00:00:00,3.0802,3.1162,3.01,3.0796,1455991.0,4470671.5923
2024-12-13 04:00:00,3.0796,3.0962,2.9802,3.0469,1609013.0,4889948.4471
2024-12-13 08:00:00,3.0469,3.1128,3.0303,3.0501,1400860.0,4303988.1797
2024-12-13 12:00:00,3.0501,3.1334,2.995,2.9991,2328329.0,7141162.3019
2024-12-13 16:00:00,2.9991,3.0822,2.9855,3.062,1987601.0,6037707.0946
2024-12-13 20:00:00,3.062,3.1012,3.0136,3.0871,909777.0,2783991.4113
2024-12-14 00:00:00,3.0871,3.1148,3.0445,3.0604,836481.0,2576624.617
2024-12-14 04:00:00,3.0604,3.1028,3.0363,3.052,551830.0,1692658.5525
2024-12-14 08:00:00,3.052,3.0735,3.0165,3.0274,1066402.0,3240835.4062
2024-12-14 12:00:00,3.0274,3.0355,2.8822,2.9359,2507860.0,7375640.8391
2024-12-14 16:00:00,2.9359,2.9409,2.8407,2.8821,1483111.0,4276171.6157
2024-12-14 20:00:00,2.8821,2.9381,2.838,2.9224,800537.0,2317423.3613
2024-12-15 00:00:00,2.9224,2.9722,2.8849,2.9162,649954.0,1905739.9441
2024-12-15 04:00:00,2.9162,2.9699,2.8654,2.8902,1101381.0,3210379.9008
2024-12-15 08:00:00,2.8902,2.9574,2.8902,2.9413,634001.0,1859208.919
2024-12-15 12:00:00,2.9413,3.0987,2.9377,3.0379,1488321.0,4518763.0902
2024-12-15 16:00:00,3.0379,3.0521,3.0,3.0292,764852.0,2321143.7192
2024-12-15 20:00:00,3.0292,3.0738,2.91,3.047,1546376.0,4613880.7499
2024-12-16 00:00:00,3.047,3.1591,2.9973,3.0178,2034675.0,6255910.7585
2024-12-16 04:00:00,3.0178,3.0406,2.966,2.9956,816882.0,2455244.5886
2024-12-16 08:00:00,2.9956,3.0079,2.8474,2.8575,1909029.0,5558895.0558
2024-12-16 12:00:00,2.8575,2.9417,2.8534,2.939,2066874.0,5984695.9619
2024-12-16 16:00:00,2.939,2.9982,2.9088,2.936,1567859.0,4635702.3991
2024-12-16 20:00:00,2.936,2.9708,2.8465,2.8617,1656949.0,4827062.8916
2024-12-17 00:00:00,2.8617,2.8748,2.7786,2.8534,1327683.0,3751175.4615
2024-12-17 04:00:00,2.8534,2.854,2.8059,2.8228,999766.0,2826376.2403
2024-12-17 08:00:00,2.8228,2.8907,2.8021,2.8675,1702752.0,4854568.9131
2024-12-17 12:00:00,2.8675,2.9113,2.741,2.7643,3119201.0,8799549.6645
2024-12-17 16:00:00,2.7643,2.8246,2.73,2.781,1218175.0,3382480.2483
2024-12-17 20:00:00,2.781,2.8013,2.6841,2.7051,1861384.0,5083788.2223
2024-12-18 00:00:00,2.7051,2.7277,2.6664,2.6795,1234056.0,3322692.3549
2024-12-18 04:00:00,2.6795,2.6919,2.626,2.6533,1789906.0,4755710.6961
2024-12-18 08:00:00,2.6533,2.7054,2.6331,2.6959,879735.0,2360325.11
2024-12-18 12:00:00,2.6959,2.6975,2.6124,2.653,2026670.0,5354677.7981
2024-12-18 16:00:00,2.653,2.7311,2.5931,2.5961,1444356.0,3835233.5015
2024-12-18 20:00:00,2.5961,2.6193,2.3561,2.4089,7933720.0,19502640.6428
2024-12-19 00:00:00,2.4089,2.4473,2.2631,2.4307,4542206.0,10675658.1345
2024-12-19 04:00:00,2.4307,2.431,2.3863,2.4046,912002.0,2200104.5094
2024-12-19 08:00:00,2.4046,2.4655,2.3613,2.4467,1543867.0,3724056.721
2024-12-19 12:00:00,2.4467,2.4555,2.306,2.3666,3044296.0,7221021.2506
2024-12-19 16:00:00,2.3666,2.3723,2.1322,2.1793,7516698.0,16831748.6105
2024-12-19 20:00:00,2.1793,2.2581,2.1028,2.1865,2227001.0,4847031.0728
2024-12-20 00:00:00,2.1865,2.335,2.1426,2.2842,1518139.0,3392808.397
2024-12-20 04:00:00,2.2842,2.3096,2.1938,2.2505,1397884.0,3149364.5598
2024-12-20 08:00:00,2.2505,2.2552,1.9336,1.9589,10600756.0,21772128.3061
2024-12-20 12:00:00,1.9589,2.2477,1.9545,2.2161,5008464.0,10606408.0788
2024-12-20 16:00:00,2.2161,2.3543,2.2031,2.3252,1620880.0,3676810.4159
2024-12-20 20:00:00,2.3252,2.3964,2.2777,2.3608,1371896.0,3214544.9217
2024-12-21 00:00:00,2.3608,2.4145,2.3371,2.3531,1281417.0,3035661.3407
2024-12-21 04:00:00,2.3531,2.503,2.3504,2.4532,1322334.0,3225971.9552
2024-12-21 08:00:00,2.4532,2.4672,2.337,2.3586,1919620.0,4590386.9575
2024-12-21 12:00:00,2.3586,2.3635,2.1868,2.2454,3206642.0,7226972.1289
2024-12-21 16:00:00,2.2454,2.2681,2.1504,2.1813,1844862.0,4056134.844
2024-12-21 20:00:00,2.1813,2.217,2.1464,2.1793,763602.0,1663483.2393
2024-12-22 00:00:00,2.1793,2.2293,2.1599,2.2029,864681.0,1901418.0128
2024-12-22 04:00:00,2.2029,2.2227,2.1423,2.2086,845005.0,1850672.8902
2024-12-22 08:00:00,2.2086,2.3005,2.2036,2.2685,1841722.0,4153738.5477
2024-12-22 12:00:00,2.2685,2.3056,2.1752,2.2341,2483703.0,5531451.1066
2024-12-22 16:00:00,2.2341,2.2954,2.1682,2.1766,628108.0,1404728.0928
2024-12-22 20:00:00,2.1766,2.2421,2.1371,2.2149,1016869.0,2233777.8203
2024-12-23 00:00:00,2.2149,2.2739,2.15,2.2626,1660072.0,3668588.2223
2024-12-23 04:00:00,2.2626,2.274,2.1595,2.1921,1559769.0,3438176.5584
2024-12-23 08:00:00,2.1921,2.251,2.1765,2.1877,567541.0,1254339.3597
2024-12-23 12:00:00,2.1877,2.2144,2.1195,2.1237,1404473.0,3026674.5244
2024-12-23 16:00:00,2.1237,2.2322,2.1133,2.2088,1249984.0,2726284.6846
2024-12-23 20:00:00,2.2088,2.3615,2.208,2.3231,2208919.0,5130316.5418
2024-12-24 00:00:00,2.3231,2.3347,2.2497,2.299,1221080.0,2796909.9916
2024-12-24 04:00:00,2.299,2.3401,2.2777,2.2987,634737.0,1464963.0688
2024-12-24 08:00:00,2.2987,2.3182,2.2583,2.3011,731623.0,1675936.0289
2024-12-24 12:00:00,2.3011,2.4166,2.268,2.39,1529070.0,3614997.733
2024-12-24 16:00:00,2.39,2.4073,2.3143,2.3154,1522672.0,3598829.6968
2024-12-24 20:00:00,2.3154,2.3717,2.28,2.3573,1029630.0,2392403.7015
2024-12-25 00:00:00,2.3573,2.3757,2.3428,2.3513,579113.0,1364091.3216
2024-12-25 04:00:00,2.3513,2.378,2.312,2.3212,1028546.0,2419871.3518
2024-12-25 08:00:00,2.3212,2.3878,2.2967,2.3064,1046376.0,2438335.7331
2024-12-25 12:00:00,2.3064,2.3426,2.2848,2.3039,1024426.0,2366554.5212
2024-12-25 16:00:00,2.3039,2.3208,2.2676,2.315,759600.0,1740092.1254
2024-12-25 20:00:00,2.315,2.3303,2.2653,2.3019,372193.0,852587.4479
2024-12-26 00:00:00,2.3019,2.3248,2.2346,2.2408,1213957.0,2750689.8333
2024-12-26 04:00:00,2.2408,2.2408,2.2017,2.2097,661123.0,1469952.3649
2024-12-26 08:00:00,2.2097,2.2338,2.1469,2.1944,1774880.0,3878862.1205
2024-12-26 12:00:00,2.1944,2.2101,2.1668,2.1766,946667.0,2071934.7895
2024-12-26 16:00:00,2.1766,2.2102,2.1445,2.1855,960963.0,2098453.2671
2024-12-26 20:00:00,2.1855,2.2133,2.1491,2.1856,526136.0,1147694.7764
2024-12-27 00:00:00,2.1856,2.2333,2.1633,2.2108,710019.0,1563322.2563
2024-12-27 04:00:00,2.2108,2.2311,2.1567,2.178,1072399.0,2357314.5915
2024-12-27 08:00:00,2.178,2.3104,2.1774,2.2801,1566446.0,3539121.5769
2024-12-27 12:00:00,2.2801,2.289,2.181,2.1954,1296835.0,2888575.0509
2024-12-27 16:00:00,2.1954,2.2479,2.1705,2.224,517816.0,1139944.9587
2024-12-27 20:00:00,2.224,2.2283,2.1654,2.1853,575709.0,1263124.5402
2024-12-28 00:00:00,2.1853,2.1954,2.152,2.1734,460637.0,1000177.5847
2024-12-28 04:00:00,2.1734,2.1841,2.1315,2.1371,591707.0,1276310.0078
2024-12-28 08:00:00,2.1371,2.1709,2.1349,2.1679,448387.0,966379.2164
2024-12-28 12:00:00,2.1679,2.2228,2.1452,2.1899,976994.0,2138512.3443
2024-12-28 16:00:00,2.1899,2.2489,2.1828,2.2179,752609.0,1673711.4283
2024-12-28 20:00:00,2.2179,2.2508,2.2078,2.2317,451927.0,1008137.4627
2024-12-29 00:00:00,2.2317,2.2363,2.193,2.2261,616137.0,1359823.1192
2024-12-29 04:00:00,2.2261,2.2328,2.1971,2.232,376131.0,833240.2844
2024-12-29 08:00:00,2.232,2.2375,2.2005,2.2049,386330.0,855382.8026
2024-12-29 12:00:00,2.2049,2.2223,2.1667,2.1807,1085599.0,2372952.311
2024-12-29 16:00:00,2.1807,2.1815,2.1423,2.1551,706513.0,1526056.7467
2024-12-29 20:00:00,2.1551,2.1556,2.0859,2.106,1134560.0,2399960.8518
2024-12-30 00:00:00,2.106,2.1979,2.0936,2.156,1081207.0,2334287.496
2024-12-30 04:00:00,2.156,2.1844,2.1308,2.1572,718915.0,1547367.886
2024-12-30 08:00:00,2.1572,2.1799,2.1026,2.1292,1870171.0,3994878.579
2024-12-30 12:00:00,2.1292,2.1589,2.0342,2.051,4149010.0,8593267.0199
2024-12-30 16:00:00,2.051,2.1325,2.012,2.1325,1728408.0,3556096.4433
2024-12-30 20:00:00,2.1325,2.1516,2.0508,2.0765,721657.0,1504222.1768
2024-12-31 00:00:00,2.0765,2.0765,2.0245,2.0331,1733833.0,3538873.9561
2024-12-31 04:00:00,2.0331,2.0571,2.0188,2.0451,1269570.0,2586978.451
2024-12-31 08:00:00,2.0451,2.1095,2.0438,2.0993,1331205.0,2781522.4022
2024-12-31 12:00:00,2.0993,2.1823,2.0891,2.1502,1522296.0,3262414.4443
2024-12-31 16:00:00,2.1502,2.1689,2.0742,2.1003,1073909.0,2270985.6453
2024-12-31 20:00:00,2.1003,2.1166,2.0807,2.0894,468574.0,981316.6832
2025-01-01 00:00:00,2.0894,2.147,2.0846,2.1171,618695.0,1314268.1208
2025-01-01 04:00:00,2.1171,2.128,2.1002,2.1168,308878.0,652345.9398
2025-01-01 08:00:00,2.1168,2.1523,2.078,2.1323,2424061.0,5100350.3881
2025-01-01 12:00:00,2.1323,2.18,2.1237,2.1669,2121104.0,4561236.2598
2025-01-01 16:00:00,2.1669,2.1909,2.1222,2.1762,1072774.0,2308214.0287
2025-01-01 20:00:00,2.1762,2.2637,2.1713,2.2271,1473882.0,3267836.1046
2025-01-02 00:00:00,2.2271,2.2871,2.2105,2.269,1019294.0,2301080.1688
2025-01-02 04:00:00,2.269,2.307,2.2472,2.2921,1090938.0,2484632.2045
2025-01-02 08:00:00,2.2921,2.3571,2.2857,2.3461,1672924.0,3893924.1657
2025-01-02 12:00:00,2.3461,2.3477,2.266,2.2759,1346482.0,3101829.1292
2025-01-02 16:00:00,2.2759,2.3047,2.2621,2.2801,432675.0,988738.5185
2025-01-02 20:00:00,2.2801,2.3045,2.263,2.2942,316239.0,722345.5077
2025-01-03 00:00:00,2.2942,2.303,2.2592,2.2773,959269.0,2183324.3866
2025-01-03 04:00:00,2.2773,2.2796,2.2114,2.2169,1142648.0,2559234.8031
2025-01-03 08:00:00,2.2169,2.3241,2.2077,2.3212,1462860.0,3299445.5921
2025-01-03 12:00:00,2.3212,2.4151,2.2961,2.4004,2013995.0,4710531.0642
2025-01-03 16:00:00,2.4004,2.4307,2.3761,2.394,1237592.0,2967277.7254
2025-01-03 20:00:00,2.394,2.4173,2.3758,2.4126,747497.0,1794610.4167
2025-01-04 00:00:00,2.4126,2.4245,2.3645,2.4021,1276605.0,3046641.0817
2025-01-04 04:00:00,2.4021,2.4211,2.3729,2.4038,542375.0,1299772.1109
2025-01-04 08:00:00,2.4038,2.4066,2.3586,2.3835,1021623.0,2428711.3725
2025-01-04 12:00:00,2.3835,2.4464,2.3401,2.35,2682523.0,6439455.4444
2025-01-04 16:00:00,2.35,2.3916,2.3469,2.3716,1479862.0,3501425.9814
2025-01-04 20:00:00,2.3716,2.3939,2.3666,2.3794,415876.0,990309.4005
2025-01-05 00:00:00,2.3794,2.3934,2.3412,2.3596,1262053.0,2975814.7868
2025-01-05 04:00:00,2.3596,2.3881,2.3573,2.3752,669223.0,1587435.0585
2025-01-05 08:00:00,2.3752,2.3771,2.3242,2.3566,930821.0,2184564.5257
2025-01-05 12:00:00,2.3566,2.3764,2.3097,2.3503,980704.0,2295500.4169
2025-01-05 16:00:00,2.3503,2.382,2.3175,2.3809,623910.0,1466082.8105
2025-01-05 20:00:00,2.3809,2.4364,2.3625,2.4098,867056.0,2081671.1974
2025-01-06 00:00:00,2.4098,2.4578,2.344,2.4398,1613490.0,3873509.6272
2025-01-06 04:00:00,2.4398,2.4941,2.414,2.4542,1124753.0,2756915.7197
2025-01-06 08:00:00,2.4542,2.4842,2.4124,2.4755,1466730.0,3587963.6283
2025-01-06 12:00:00,2.4755,2.734,2.4188,2.7079,8953026.0,23245456.849
2025-01-06 16:00:00,2.7079,2.8032,2.6558,2.6653,4831664.0,13167145.0837
2025-01-06 20:00:00,2.6653,2.6892,2.5921,2.6185,1248194.0,3302028.8174
2025-01-07 00:00:00,2.6185,2.64,2.5557,2.5772,1637406.0,4234946.3373
2025-01-07 04:00:00,2.5772,2.5914,2.5395,2.5764,939914.0,2408434.8551
2025-01-07 08:00:00,2.5764,2.6355,2.5551,2.5789,2652545.0,6880726.238
2025-01-07 12:00:00,2.5789,2.6842,2.5035,2.5696,8087430.0,21017355.3018
2025-01-07 16:00:00,2.5696,2.5965,2.3824,2.3986,4045728.0,10035348.8357
2025-01-07 20:00:00,2.3986,2.4239,2.3046,2.3261,2466762.0,5828169.2351
2025-01-08 00:00:00,2.3261,2.3657,2.2738,2.3063,1503663.0,3485679.4837
2025-01-08 04:00:00,2.3063,2.309,2.2176,2.2651,1861180.0,4204555.7031
2025-01-08 08:00:00,2.2651,2.2977,2.2203,2.2407,1403432.0,3176622.4321
2025-01-08 12:00:00,2.2407,2.2624,2.1849,2.2138,1673137.0,3719193.1973
2025-01-08 16:00:00,2.2138,2.22,2.073,2.1351,4850227.0,10374231.4353
2025-01-08 20:00:00,2.1351,2.2095,2.1144,2.199,1640931.0,3548465.4851
2025-01-09 00:00:00,2.199,2.2379,2.174,2.1945,1062540.0,2342459.6161
2025-01-09 04:00:00,2.1945,2.2078,2.1244,2.1291,1421233.0,3089224.521
2025-01-09 08:00:00,2.1291,2.2039,2.1189,2.1752,1400371.0,3023946.9673
2025-01-09 12:00:00,2.1752,2.2083,2.0908,2.1906,2527648.0,5400659.8074
2025-01-09 16:00:00,2.1906,2.2145,2.0916,2.101,1374511.0,2953137.2995
2025-01-09 20:00:00,2.101,2.1496,2.0712,2.1185,913148.0,1924531.098
2025-01-10 00:00:00,2.1185,2.1575,2.1185,2.1417,510868.0,1090445.7189
2025-01-10 04:00:00,2.1417,2.2037,2.1267,2.182,883241.0,1903285.4726
2025-01-10 08:00:00,2.182,2.194,2.1576,2.1749,929027.0,2023676.904
2025-01-10 12:00:00,2.1749,2.1829,2.0483,2.1052,5626776.0,11896372.2028
2025-01-10 16:00:00,2.1052,2.1664,2.067,2.1571,1403763.0,2971913.9153
2025-01-10 20:00:00,2.1571,2.1799,2.1268,2.1615,439622.0,948684.2125
2025-01-11 00:00:00,2.1615,2.186,2.1497,2.1661,480706.0,1039504.1871
2025-01-11 04:00:00,2.1661,2.2132,2.1629,2.1768,1125864.0,2464190.4044
2025-01-11 08:00:00,2.1768,2.1898,2.1475,2.1726,827283.0,1793807.8966
2025-01-11 12:00:00,2.1726,2.1777,2.1351,2.1483,582596.0,1252679.583
2025-01-11 16:00:00,2.1483,2.1598,2.1214,2.1419,406975.0,869456.6911
2025-01-11 20:00:00,2.1419,2.2337,2.1376,2.1925,888514.0,1957654.0941
2025-01-12 00:00:00,2.1925,2.2045,2.1713,2.1877,364252.0,797087.2616
2025-01-12 04:00:00,2.1877,2.2,2.1556,2.1715,369921.0,805959.7452
2025-01-12 08:00:00,2.1715,2.1754,2.1301,2.1626,594242.0,1278324.9279
2025-01-12 12:00:00,2.1626,2.19,2.1421,2.183,525753.0,1138429.3996
2025-01-12 16:00:00,2.183,2.1936,2.1426,2.1437,450006.0,974500.1968
2025-01-12 20:00:00,2.1437,2.1555,2.0996,2.1452,617073.0,1311121.6593
2025-01-13 00:00:00,2.1452,2.2074,2.025,2.0536,1816669.0,3848537.905
2025-01-13 04:00:00,2.0536,2.0933,2.0001,2.0215,1536242.0,3128101.8444
2025-01-13 08:00:00,2.0215,2.0274,1.8746,1.8747,4806894.0,9304228.9811
2025-01-13 12:00:00,1.8747,1.9631,1.8371,1.9253,5044442.0,9546966.9432
2025-01-13 16:00:00,1.9253,1.9337,1.845,1.8867,1454988.0,2752626.5502
2025-01-13 20:00:00,1.8867,1.9845,1.8743,1.9603,1123081.0,2189361.9637
2025-01-14 00:00:00,1.9603,1.988,1.9428,1.9793,1405554.0,2760448.8381
2025-01-14 04:00:00,1.9793,2.0358,1.9775,1.9786,1334192.0,2666172.5658
2025-01-14 08:00:00,1.9786,2.0524,1.9786,2.009,1298337.0,2623541.966
2025-01-14 12:00:00,2.009,2.028,1.978,1.9994,1410328.0,2825082.7127
2025-01-14 16:00:00,1.9994,2.0281,1.98,2.0119,406513.0,814583.1933
2025-01-14 20:00:00,2.0119,2.0598,1.9989,2.0384,466114.0,947339.6704
2025-01-15 00:00:00,2.0384,2.0576,2.008,2.0375,703494.0,1429044.425
2025-01-15 04:00:00,2.0375,2.048,2.0121,2.0299,325638.0,660966.7201
2025-01-15 08:00:00,2.0299,2.044,1.9634,1.9819,1243997.0,2482923.3618
2025-01-15 12:00:00,1.9819,2.1602,1.9699,2.1348,3357261.0,6971582.1119
2025-01-15 16:00:00,2.1348,2.1871,2.1132,2.182,727608.0,1567002.8165
2025-01-15 20:00:00,2.182,2.2185,2.1703,2.2131,955801.0,2102753.5758
2025-01-16 00:00:00,2.2131,2.225,2.1526,2.1654,1702887.0,3708033.9197
2025-01-16 04:00:00,2.1654,2.2473,2.1614,2.2183,1735870.0,3820815.3305
2025-01-16 08:00:00,2.2183,2.2187,2.1455,2.1851,1376932.0,2987086.3444
2025-01-16 12:00:00,2.1851,2.2401,2.1144,2.177,1890458.0,4106177.4689
2025-01-16 16:00:00,2.177,2.2122,2.1689,2.1976,526704.0,1152864.611
2025-01-16 20:00:00,2.1976,2.2028,2.132,2.1492,409203.0,884646.701
2025-01-17 00:00:00,2.1492,2.227,2.1492,2.1868,563096.0,1238181.4339
2025-01-17 04:00:00,2.1868,2.2279,2.1796,2.2129,598106.0,1319221.97
2025-01-17 08:00:00,2.2129,2.268,2.2079,2.2438,1034809.0,2325414.1589
2025-01-17 12:00:00,2.2438,2.2722,2.2165,2.2492,1507334.0,3380289.4462
2025-01-17 16:00:00,2.2492,2.2955,2.2275,2.2366,918354.0,2077172.5379
2025-01-17 20:00:00,2.2366,2.3238,2.2337,2.2961,797138.0,1829393.7349
2025-01-18 00:00:00,2.2961,2.378,2.2348,2.2426,2543370.0,5845512.172
2025-01-18 04:00:00,2.2426,2.2585,2.1231,2.1312,4286757.0,9367219.5967
2025-01-18 08:00:00,2.1312,2.2099,2.0933,2.1951,1795519.0,3842559.6885
2025-01-18 12:00:00,2.1951,2.2039,2.1337,2.1395,956592.0,2071742.6999
2025-01-18 16:00:00,2.1395,2.1639,2.0943,2.135,1058468.0,2250536.7619
2025-01-18 20:00:00,2.135,2.1517,2.099,2.1456,760025.0,1609167.8274
2025-01-19 00:00:00,2.1456,2.2344,2.1348,2.1999,768373.0,1690047.6865
2025-01-19 04:00:00,2.1999,2.2141,2.1237,2.1466,1133526.0,2468962.4785
2025-01-19 08:00:00,2.1466,2.1474,1.9516,1.9724,2480572.0,5041315.6165
2025-01-19 12:00:00,1.9724,2.1587,1.9681,2.1205,1715351.0,3549342.0501
2025-01-19 16:00:00,2.1205,2.1689,2.0875,2.1562,572136.0,1214381.7883
2025-01-19 20:00:00,2.1562,2.1758,1.8598,1.9067,2459380.0,4841232.2511
2025-01-20 00:00:00,1.9067,1.9203,1.8252,1.9031,1672414.0,3134639.0305
2025-01-20 04:00:00,1.9031,2.1605,1.8804,2.0876,1717609.0,3491603.1333
2025-01-20 08:00:00,2.0876,2.1038,2.0074,2.0476,871923.0,1793640.5089
2025-01-20 12:00:00,2.0476,2.0508,1.9507,1.9767,1048523.0,2087488.4134
2025-01-20 16:00:00,1.9767,2.013,1.8461,1.924,3072693.0,5921612.4284
2025-01-20 20:00:00,1.924,1.9323,1.8631,1.8946,631651.0,1201227.6872
2025-01-21 00:00:00,1.8946,1.9021,1.828,1.8492,1515293.0,2811008.3289
2025-01-21 04:00:00,1.8492,1.8605,1.7954,1.847,1048070.0,1912431.7206
2025-01-21 08:00:00,1.847,1.9165,1.8293,1.9097,593349.0,1111032.5167
2025-01-21 12:00:00,1.9097,1.9351,1.8792,1.9024,938511.0,1791876.4055
2025-01-21 16:00:00,1.9024,2.3322,1.8967,2.0775,6011310.0,12869106.8233
2025-01-21 20:00:00,2.0775,2.2245,2.0375,2.1298,3747673.0,7978944.6732
2025-01-22 00:00:00,2.1298,2.1782,2.0528,2.1511,1857075.0,3932354.1359
2025-01-22 04:00:00,2.1511,2.2408,2.1321,2.187,2039896.0,4479070.5752
2025-01-22 08:00:00,2.187,2.2498,2.1244,2.2291,2298006.0,4997612.1534
2025-01-22 12:00:00,2.2291,2.4687,2.2043,2.4408,4822850.0,11028011.4042
2025-01-22 16:00:00,2.4408,2.4499,2.3504,2.3652,4232278.0,10144382.652
2025-01-22 20:00:00,2.3652,2.4,2.2819,2.3175,1608801.0,3764862.5671
2025-01-23 00:00:00,2.3175,2.318,2.2098,2.2201,2213808.0,5014276.8869
2025-01-23 04:00:00,2.2201,2.2349,2.1469,2.1761,2140570.0,4660736.0113
2025-01-23 08:00:00,2.1761,2.1934,2.1406,2.1683,1650538.0,3564568.5891
2025-01-23 12:00:00,2.1683,2.2237,2.1024,2.1726,4001153.0,8645740.6953
2025-01-23 16:00:00,2.1726,2.3471,2.1666,2.212,3466758.0,7761421.4072
2025-01-23 20:00:00,2.212,2.3183,2.159,2.2606,4366075.0,9816917.2395
2025-01-24 00:00:00,2.2606,2.2735,2.1245,2.2066,2242527.0,4902534.0666
2025-01-24 04:00:00,2.2066,2.2988,2.1949,2.2884,2080022.0,4715133.2243
2025-01-24 08:00:00,2.2884,2.327,2.2522,2.2727,1564752.0,3575727.444
2025-01-24 12:00:00,2.2727,2.2876,2.193,2.2115,1781822.0,3988933.3286
2025-01-24 16:00:00,2.2115,2.2235,2.1727,2.1816,1062718.0,2335272.4919
2025-01-24 20:00:00,2.1816,2.1935,2.1184,2.1311,1557065.0,3348711.417
2025-01-25 00:00:00,2.1311,2.143,2.0752,2.1374,2371671.0,5004214.3674
2025-01-25 04:00:00,2.1374,2.147,2.1002,2.1069,1085542.0,2301410.2074
2025-01-25 08:00:00,2.1069,2.1371,2.0838,2.1312,1258595.0,2648858.0031
2025-01-25 12:00:00,2.1312,2.1748,2.1077,2.1652,1152195.0,2465702.5681
2025-01-25 16:00:00,2.1652,2.179,2.123,2.1394,733919.0,1578591.9394
2025-01-25 20:00:00,2.1394,2.1541,2.095,2.0983,834077.0,1768372.4426
2025-01-26 00:00:00,2.0983,2.12,2.0753,2.0964,999474.0,2090459.1349
2025-01-26 04:00:00,2.0964,2.1151,2.0846,2.102,1491777.0,3126671.1866
2025-01-26 08:00:00,2.102,2.1147,2.0645,2.1001,905245.0,1887764.8863
2025-01-26 12:00:00,2.1001,2.105,2.0732,2.0897,658612.0,1376904.2702
2025-01-26 16:00:00,2.0897,2.1093,2.0688,2.109,977884.0,2047124.5281
2025-01-26 20:00:00,2.109,2.114,1.9832,1.9895,3341553.0,6773398.7315
2025-01-27 00:00:00,1.9895,1.9911,1.8966,1.9181,2688523.0,5207545.6237
2025-01-27 04:00:00,1.9181,1.9181,1.8084,1.8598,3653539.0,6823498.6632
2025-01-27 08:00:00,1.8598,1.8731,1.8133,1.8424,2351179.0,4334393.3219
2025-01-27 12:00:00,1.8424,1.9581,1.8268,1.9141,4591802.0,8697819.9648
2025-01-27 16:00:00,1.9141,1.9175,1.8313,1.8504,1632273.0,3054014.4252
2025-01-27 20:00:00,1.8504,1.9476,1.8503,1.9058,1077874.0,2052444.8142
2025-01-28 00:00:00,1.9058,1.9304,1.873,1.9025,996671.0,1894175.0277
2025-01-28 04:00:00,1.9025,1.9287,1.8597,1.8677,1295171.0,2454375.9451
2025-01-28 08:00:00,1.8677,1.8746,1.8403,1.8511,1288223.0,2395228.4238
2025-01-28 12:00:00,1.8511,1.8609,1.81,1.8259,2503731.0,4588025.0078
2025-01-28 16:00:00,1.8259,1.826,1.7354,1.7469,3386547.0,5991844.4496
2025-01-28 20:00:00,1.7469,1.7619,1.6196,1.6315,3249385.0,5458961.8937
2025-01-29 00:00:00,1.6315,1.7475,1.6092,1.7108,4047478.0,6830994.3413
2025-01-29 04:00:00,1.7108,1.762,1.6923,1.7554,1516009.0,2620605.1798
2025-01-29 08:00:00,1.7554,1.7728,1.7034,1.7334,1370081.0,2371282.9267
2025-01-29 12:00:00,1.7334,1.7356,1.6716,1.7043,1821381.0,3094943.5629
2025-01-29 16:00:00,1.7043,1.7988,1.6845,1.7781,1984676.0,3454712.5283
2025-01-29 20:00:00,1.7781,1.8281,1.7181,1.7237,1256467.0,2235181.8804
2025-01-30 00:00:00,1.7237,1.7823,1.7065,1.7799,758581.0,1325181.8504
2025-01-30 04:00:00,1.7799,1.7985,1.7592,1.7785,771353.0,1374047.626
2025-01-30 08:00:00,1.7785,1.8004,1.764,1.7865,546177.0,974521.4387
2025-01-30 12:00:00,1.7865,1.8291,1.757,1.7964,1697644.0,3055411.7271
2025-01-30 16:00:00,1.7964,1.8863,1.767,1.8503,1550922.0,2805944.5187
2025-01-30 20:00:00,1.8503,1.8529,1.7636,1.7656,1779639.0,3196015.6487
2025-01-31 00:00:00,1.7656,1.7911,1.7372,1.7543,1291586.0,2276950.4832
2025-01-31 04:00:00,1.7543,1.8137,1.7422,1.79,951025.0,1696888.744
2025-01-31 08:00:00,1.79,1.837,1.7693,1.8318,1247699.0,2246761.5166
2025-01-31 12:00:00,1.8318,1.8757,1.8065,1.8626,1870804.0,3447498.8144
2025-01-31 16:00:00,1.8626,1.8683,1.7508,1.7782,1472221.0,2648217.5374
2025-01-31 20:00:00,1.7782,1.7862,1.7528,1.7716,685635.0,1211507.3621
2025-02-01 00:00:00,1.7716,1.8092,1.7616,1.7726,630328.0,1128302.2234
2025-02-01 04:00:00,1.7726,1.7933,1.7537,1.762,1286222.0,2269801.7414
2025-02-01 08:00:00,1.762,1.7694,1.7013,1.7394,1684118.0,2921317.3549
2025-02-01 12:00:00,1.7394,1.7444,1.6797,1.7007,1386144.0,2368776.7903
2025-02-01 16:00:00,1.7007,1.7137,1.6345,1.6433,1262029.0,2114796.5023
2025-02-01 20:00:00,1.6433,1.6575,1.595,1.6129,1827334.0,2973852.7069
2025-02-02 00:00:00,1.6129,1.6404,1.5335,1.5491,2029724.0,3214927.2451
2025-02-02 04:00:00,1.5491,1.5976,1.5468,1.5837,861847.0,1355100.5654
2025-02-02 08:00:00,1.5837,1.6219,1.5537,1.5637,919725.0,1460252.7752
2025-02-02 12:00:00,1.5637,1.5994,1.5376,1.5653,1117444.0,1756064.5651
2025-02-02 16:00:00,1.5653,1.5663,1.3548,1.4208,4747984.0,6920061.6071
2025-02-02 20:00:00,1.4208,1.4484,1.2792,1.3914,3354312.0,4508371.6934
2025-02-03 00:00:00,1.3914,1.3914,0.9625,1.1355,9084808.0,10593757.9756
2025-02-03 04:00:00,1.1355,1.2465,1.0932,1.2406,2181135.0,2508255.666
2025-02-03 08:00:00,1.2406,1.261,1.1881,1.2236,1301261.0,1597274.1961
2025-02-03 12:00:00,1.2236,1.3429,1.1644,1.3285,3735123.0,4672428.1704
2025-02-03 16:00:00,1.3285,1.3995,1.3117,1.3901,1533969.0,2075634.0533
2025-02-03 20:00:00,1.3901,1.4495,1.3545,1.4202,2089593.0,2958502.2746
2025-02-04 00:00:00,1.4202,1.4307,1.3543,1.367,859028.0,1195184.0057
2025-02-04 04:00:00,1.367,1.383,1.2483,1.2534,2111295.0,2735677.007
2025-02-04 08:00:00,1.2534,1.3363,1.2475,1.3146,1115480.0,1450094.4822
2025-02-04 12:00:00,1.3146,1.3694,1.3072,1.3334,1119224.0,1497449.8649
2025-02-04 16:00:00,1.3334,1.3804,1.3167,1.3184,742572.0,997083.697
2025-02-04 20:00:00,1.3184,1.3325,1.2631,1.3139,1283644.0,1667790.4991
2025-02-05 00:00:00,1.3139,1.342,1.2988,1.3316,613550.0,808338.5655
2025-02-05 04:00:00,1.3316,1.3521,1.3138,1.3258,454201.0,603358.7417
2025-02-05 08:00:00,1.3258,1.355,1.3073,1.3492,623548.0,831163.1238
2025-02-05 12:00:00,1.3492,1.3675,1.316,1.3358,1218284.0,1638040.5338
2025-02-05 16:00:00,1.3358,1.3422,1.2686,1.3049,822509.0,1067611.0513
2025-02-05 20:00:00,1.3049,1.3108,1.26,1.2873,795178.0,1019245.3667
2025-02-06 00:00:00,1.2873,1.3065,1.268,1.2995,566354.0,730411.2101
2025-02-06 04:00:00,1.2995,1.3302,1.2956,1.3095,484600.0,636232.8595
2025-02-06 08:00:00,1.3095,1.3252,1.2824,1.2977,652442.0,851502.331
2025-02-06 12:00:00,1.2977,1.3012,1.2177,1.2264,2382075.0,3018718.6424
2025-02-06 16:00:00,1.2264,1.2353,1.1928,1.204,732878.0,889636.2813
2025-02-06 20:00:00,1.204,1.2318,1.1787,1.2007,481006.0,580208.8801
2025-02-07 00:00:00,1.2007,1.2509,1.1987,1.2361,772212.0,948346.9454
2025-02-07 04:00:00,1.2361,1.2454,1.1941,1.2217,2761676.0,3373063.947
2025-02-07 08:00:00,1.2217,1.2641,1.2146,1.2589,1028031.0,1275393.5397
2025-02-07 12:00:00,1.2589,1.3117,1.235,1.2681,3346524.0,4238357.7835
2025-02-07 16:00:00,1.2681,1.2716,1.2204,1.2227,2072087.0,2575079.9486
2025-02-07 20:00:00,1.2227,1.2233,1.1507,1.2049,1812806.0,2152005.6155
2025-02-08 00:00:00,1.2049,1.23,1.1973,1.2119,733088.0,890125.7229
2025-02-08 04:00:00,1.2119,1.2368,1.1984,1.2269,933336.0,1129504.6628
2025-02-08 08:00:00,1.2269,1.2297,1.2075,1.2205,512734.0,623034.9943
2025-02-08 12:00:00,1.2205,1.2536,1.21,1.237,804729.0,991879.9498
2025-02-08 16:00:00,1.237,1.2632,1.2251,1.256,793100.0,989701.8722
2025-02-08 20:00:00,1.256,1.2605,1.2322,1.2466,554647.0,691224.2454
2025-02-09 00:00:00,1.2466,1.286,1.2383,1.28,452179.0,569794.0772
2025-02-09 04:00:00,1.28,1.28,1.2537,1.2643,615512.0,777997.9259
2025-02-09 08:00:00,1.2643,1.287,1.2526,1.253,644163.0,815050.8276
2025-02-09 12:00:00,1.253,1.2597,1.2134,1.2351,502413.0,620758.7764
2025-02-09 16:00:00,1.2351,1.2403,1.2079,1.2116,187402.0,229096.9989
2025-02-09 20:00:00,1.2116,1.2249,1.1481,1.222,979600.0,1163164.7205
2025-02-10 00:00:00,1.222,1.2536,1.1703,1.217,1206132.0,1457684.9282
2025-02-10 04:00:00,1.217,1.2683,1.2116,1.247,622374.0,770642.0053
2025-02-10 08:00:00,1.247,1.3065,1.2422,1.2922,2540583.0,3224219.6437
2025-02-10 12:00:00,1.2922,1.3047,1.2633,1.2822,1601118.0,2050686.2075
2025-02-10 16:00:00,1.2822,1.3029,1.2613,1.2673,670008.0,860914.0046
2025-02-10 20:00:00,1.2673,1.3776,1.2412,1.2577,2968385.0,3890572.2149
2025-02-11 00:00:00,1.2577,1.2943,1.2533,1.2719,914892.0,1166649.1932
2025-02-11 04:00:00,1.2719,1.3456,1.2705,1.3279,1571513.0,2067555.662
2025-02-11 08:00:00,1.3279,1.3458,1.297,1.3113,1577663.0,2075362.483
2025-02-11 12:00:00,1.3113,1.3127,1.2488,1.2728,2703148.0,3433510.2
2025-02-11 16:00:00,1.2728,1.2821,1.2198,1.2291,1930011.0,2401748.147
2025-02-11 20:00:00,1.2291,1.2607,1.2261,1.2445,1279254.0,1590500.4572
2025-02-12 00:00:00,1.2445,1.2511,1.2142,1.2307,1916126.0,2355472.3135
2025-02-12 04:00:00,1.2307,1.239,1.2166,1.2288,2754907.0,3383332.2855
2025-02-12 08:00:00,1.2288,1.2408,1.2128,1.233,2034770.0,2489630.2521
2025-02-12 12:00:00,1.233,1.2514,1.1686,1.2118,5625483.0,6796178.5096
2025-02-12 16:00:00,1.2118,1.27,1.1908,1.2546,1491879.0,1832071.3373
2025-02-12 20:00:00,1.2546,1.3013,1.2473,1.2841,665445.0,848100.552
2025-02-13 00:00:00,1.2841,1.2928,1.2682,1.2912,479251.0,613906.304
2025-02-13 04:00:00,1.2912,1.292,1.2371,1.2392,893908.0,1123041.0588
2025-02-13 08:00:00,1.2392,1.2489,1.2214,1.2314,517255.0,639284.0398
2025-02-13 12:00:00,1.2314,1.2456,1.2115,1.2299,2708721.0,3323858.655
2025-02-13 16:00:00,1.2299,1.2416,1.207,1.2227,650171.0,792791.7011
2025-02-13 20:00:00,1.2227,1.2397,1.2156,1.2242,504711.0,618152.6282
2025-02-14 00:00:00,1.2242,1.2467,1.2137,1.2427,800643.0,983831.168
2025-02-14 04:00:00,1.2427,1.2444,1.2206,1.2309,571668.0,704364.5531
2025-02-14 08:00:00,1.2309,1.275,1.2288,1.2515,1689934.0,2116786.8781
2025-02-14 12:00:00,1.2515,1.288,1.2355,1.2747,1872683.0,2346323.812
2025-02-14 16:00:00,1.2747,1.34,1.2607,1.312,1925196.0,2509054.2097
2025-02-14 20:00:00,1.312,1.3147,1.263,1.2944,1076457.0,1390124.6983
2025-02-15 00:00:00,1.2944,1.3052,1.2772,1.2922,854888.0,1105001.2838
2025-02-15 04:00:00,1.2922,1.2937,1.2563,1.2694,1179043.0,1504874.0446
2025-02-15 08:00:00,1.2694,1.2777,1.2465,1.2572,575230.0,724487.5235
2025-02-15 12:00:00,1.2572,1.2662,1.2266,1.2358,1390044.0,1723353.1573
2025-02-15 16:00:00,1.2358,1.2448,1.2236,1.2305,695657.0,858393.6369
2025-02-15 20:00:00,1.2305,1.2384,1.2164,1.2333,473190.0,581156.9822
2025-02-16 00:00:00,1.2333,1.2436,1.2196,1.2364,1064337.0,1310049.8772
2025-02-16 04:00:00,1.2364,1.2469,1.2229,1.2272,463261.0,572934.546
2025-02-16 08:00:00,1.2272,1.2543,1.2229,1.2524,813868.0,1008994.8672
2025-02-16 12:00:00,1.2524,1.2548,1.2142,1.2305,1630769.0,2011969.5796
2025-02-16 16:00:00,1.2305,1.2405,1.2027,1.2174,938983.0,1146195.0864
2025-02-16 20:00:00,1.2174,1.2263,1.1951,1.219,942197.0,1141202.1136
2025-02-17 00:00:00,1.219,1.2442,1.2167,1.2329,684355.0,842875.2815
2025-02-17 04:00:00,1.2329,1.233,1.1958,1.205,1658915.0,2008877.9388
2025-02-17 08:00:00,1.205,1.2437,1.1972,1.2394,448775.0,550667.184
2025-02-17 12:00:00,1.2394,1.2768,1.2178,1.224,1072148.0,1338749.5488
2025-02-17 16:00:00,1.224,1.2328,1.1702,1.1919,2700077.0,3223504.6149
2025-02-17 20:00:00,1.1919,1.2266,1.1903,1.2036,427147.0,516611.7022
2025-02-18 00:00:00,1.2036,1.2129,1.1894,1.1957,604778.0,724263.6929
2025-02-18 04:00:00,1.1957,1.1966,1.1395,1.1604,2386263.0,2776638.1116
2025-02-18 08:00:00,1.1604,1.1671,1.135,1.1484,944648.0,1085020.6377
2025-02-18 12:00:00,1.1484,1.1713,1.0948,1.1056,2452122.0,2775252.5421
2025-02-18 16:00:00,1.1056,1.1211,1.0748,1.1034,1604558.0,1760272.5615
2025-02-18 20:00:00,1.1034,1.1377,1.0923,1.1376,608017.0,678040.3404
2025-02-19 00:00:00,1.1376,1.15,1.124,1.1414,539215.0,612312.9835
2025-02-19 04:00:00,1.1414,1.1549,1.1121,1.1514,914551.0,1032792.2568
2025-02-19 08:00:00,1.1514,1.1599,1.1394,1.1566,487222.0,560297.8967
2025-02-19 12:00:00,1.1566,1.1599,1.124,1.1313,693861.0,791749.0074
2025-02-19 16:00:00,1.1313,1.1512,1.1215,1.1315,485201.0,552190.87
2025-02-19 20:00:00,1.1315,1.1396,1.107,1.1307,952395.0,1066725.5489
2025-02-20 00:00:00,1.1307,1.1625,1.1254,1.1586,1405113.0,1614737.5745
2025-02-20 04:00:00,1.1586,1.1783,1.1429,1.1479,856510.0,991896.7897
2025-02-20 08:00:00,1.1479,1.1777,1.1419,1.172,525955.0,611024.9152
2025-02-20 12:00:00,1.172,1.1812,1.143,1.1459,1226027.0,1424247.781
2025-02-20 16:00:00,1.1459,1.1915,1.1437,1.1857,788809.0,920143.4086
2025-02-20 20:00:00,1.1857,1.213,1.1813,1.2014,730806.0,874982.5133
2025-02-21 00:00:00,1.2014,1.2103,1.1822,1.1885,445115.0,531885.9305
2025-02-21 04:00:00,1.1885,1.2525,1.1882,1.2507,1254999.0,1534726.3001
2025-02-21 08:00:00,1.2507,1.3151,1.2344,1.2805,2153398.0,2766556.0356
2025-02-21 12:00:00,1.2805,1.3227,1.2246,1.2478,2127865.0,2723495.5185
2025-02-21 16:00:00,1.2478,1.2698,1.1632,1.1728,1468303.0,1782912.5798
2025-02-21 20:00:00,1.1728,1.1996,1.166,1.181,4327936.0,5104910.0034
2025-02-22 00:00:00,1.181,1.2209,1.1718,1.208,813214.0,974181.5121
2025-02-22 04:00:00,1.208,1.2272,1.2002,1.2131,474240.0,577336.8065
2025-02-22 08:00:00,1.2131,1.2454,1.2128,1.2309,634613.0,781045.4941
2025-02-22 12:00:00,1.2309,1.2533,1.223,1.2491,1133295.0,1400581.1615
2025-02-22 16:00:00,1.2491,1.2896,1.2486,1.261,1102627.0,1396018.2268
2025-02-22 20:00:00,1.261,1.2699,1.2449,1.2564,555806.0,698358.9274
2025-02-23 00:00:00,1.2564,1.258,1.2301,1.2382,669673.0,832595.6572
2025-02-23 04:00:00,1.2382,1.2734,1.229,1.2673,850543.0,1064414.4901
2025-02-23 08:00:00,1.2673,1.2734,1.2397,1.2448,800361.0,1004618.0796
2025-02-23 12:00:00,1.2448,1.2514,1.2085,1.2116,776656.0,955803.842
2025-02-23 16:00:00,1.2116,1.2338,1.2089,1.2239,509784.0,622516.3669
2025-02-23 20:00:00,1.2239,1.2516,1.2129,1.2391,609649.0,746353.06
2025-02-24 00:00:00,1.2391,1.2603,1.1856,1.19,2378376.0,2857625.4033
2025-02-24 04:00:00,1.19,1.2043,1.174,1.1907,1068864.0,1267953.324
2025-02-24 08:00:00,1.1907,1.1955,1.1587,1.1789,680269.0,798467.2765
2025-02-24 12:00:00,1.1789,1.1872,1.1326,1.1493,1333731.0,1539529.5248
2025-02-24 16:00:00,1.1493,1.16,1.1081,1.1201,830762.0,940663.0473
2025-02-24 20:00:00,1.1201,1.1369,1.0186,1.0528,2392651.0,2558607.3614
2025-02-25 00:00:00,1.0528,1.0631,1.0169,1.0411,1164600.0,1212332.6422
2025-02-25 04:00:00,1.0411,1.054,0.97,1.0104,1963428.0,1974124.3092
2025-02-25 08:00:00,1.0104,1.0447,0.988,1.0397,1326337.0,1341308.2336
2025-02-25 12:00:00,1.0397,1.0765,1.0284,1.0692,1136232.0,1190871.6122
2025-02-25 16:00:00,1.0692,1.0945,1.0542,1.086,2970241.0,3167532.7443
2025-02-25 20:00:00,1.086,1.1121,1.0789,1.0903,506119.0,554583.0609
2025-02-26 00:00:00,1.0903,1.1124,1.0775,1.104,794434.0,873638.3227
2025-02-26 04:00:00,1.104,1.1127,1.08,1.088,418747.0,457837.8796
2025-02-26 08:00:00,1.088,1.1029,1.0723,1.0761,552661.0,601595.6554
2025-02-26 12:00:00,1.0761,1.1168,1.0533,1.1083,1037268.0,1124256.1005
2025-02-26 16:00:00,1.1083,1.1202,1.0456,1.0647,4413982.0,4809748.2644
2025-02-26 20:00:00,1.0647,1.1344,1.0565,1.1103,682424.0,753334.3678
2025-02-27 00:00:00,1.1103,1.1423,1.0991,1.1373,716749.0,806171.5905
2025-02-27 04:00:00,1.1373,1.1463,1.1161,1.1302,533314.0,602702.7628
2025-02-27 08:00:00,1.1302,1.152,1.1195,1.1373,5213089.0,5978418.9169
2025-02-27 12:00:00,1.1373,1.179,1.1289,1.1673,1206342.0,1391716.8565
2025-02-27 16:00:00,1.1673,1.1831,1.1415,1.1628,1137752.0,1321481.2117
2025-02-27 20:00:00,1.1628,1.1651,1.1317,1.1535,509181.0,583814.0075
2025-02-28 00:00:00,1.1535,1.1574,1.0609,1.0651,1615064.0,1786396.5895
2025-02-28 04:00:00,1.0651,1.0651,1.0214,1.0286,1446160.0,1501749.4978
2025-02-28 08:00:00,1.0286,1.0499,1.0078,1.0192,6925086.0,7066681.8035
2025-02-28 12:00:00,1.0192,1.1066,1.0138,1.0902,1348595.0,1436308.9623
2025-02-28 16:00:00,1.0902,1.1292,1.0785,1.1152,2292948.0,2537228.6583
2025-02-28 20:00:00,1.1152,1.1301,1.105,1.1106,2013280.0,2265887.4632
2025-03-01 00:00:00,1.1106,1.1204,1.0843,1.1092,646869.0,713259.1711
2025-03-01 04:00:00,1.1092,1.1241,1.0884,1.1127,6184915.0,6882407.8014
2025-03-01 08:00:00,1.1127,1.1219,1.077,1.0809,1190323.0,1302758.5412
2025-03-01 12:00:00,1.0809,1.1081,1.0674,1.0809,651840.0,704745.1011
2025-03-01 16:00:00,1.0809,1.0973,1.0706,1.0883,585799.0,633026.5271
2025-03-01 20:00:00,1.0883,1.1109,1.0818,1.1053,246440.0,270239.0476
2025-03-02 00:00:00,1.1053,1.1239,1.0952,1.0973,5168088.0,5683163.4341
2025-03-02 04:00:00,1.0973,1.108,1.0803,1.0889,770292.0,843484.5836
2025-03-02 08:00:00,1.0889,1.1103,1.0821,1.1037,576117.0,633062.7361
2025-03-02 12:00:00,1.1037,1.1343,1.0661,1.1142,1667526.0,1824280.4214
2025-03-02 16:00:00,1.1142,1.2158,1.1089,1.2089,1628445.0,1925132.7399
2025-03-02 20:00:00,1.2089,1.2229,1.1969,1.2118,486990.0,589087.1728
2025-03-03 00:00:00,1.2118,1.2289,1.1742,1.2276,5587645.0,6638438.0124
2025-03-03 04:00:00,1.2276,1.2566,1.1726,1.1905,1785083.0,2158550.2773
2025-03-03 08:00:00,1.1905,1.2112,1.1526,1.2001,921324.0,1087040.6523
2025-03-03 12:00:00,1.2001,1.2303,1.1552,1.1567,1305080.0,1555984.6812
2025-03-03 16:00:00,1.1567,1.1752,1.0525,1.0568,1903221.0,2112963.6778
2025-03-03 20:00:00,1.0568,1.0726,1.027,1.048,1217654.0,1280223.8775
2025-03-04 00:00:00,1.048,1.0569,0.9612,1.0033,2569691.0,2560930.8939
2025-03-04 04:00:00,1.0033,1.025,0.9897,0.9946,743967.0,744769.4613
2025-03-04 08:00:00,0.9946,0.9988,0.9622,0.9755,6200754.0,6072113.733
2025-03-04 12:00:00,0.9755,1.0083,0.9369,0.9591,2586869.0,2493083.6519
2025-03-04 16:00:00,0.9591,0.9689,0.8682,0.9627,3169672.0,2923744.837
2025-03-04 20:00:00,0.9627,0.9788,0.9345,0.9438,1159406.0,1104560.9332
2025-03-05 00:00:00,0.9438,0.9759,0.9324,0.9485,6136444.0,5929944.1763
2025-03-05 04:00:00,0.9485,0.9625,0.9286,0.9584,913556.0,864068.2412
2025-03-05 08:00:00,0.9584,1.0156,0.957,0.9819,1919358.0,1904332.4036
2025-03-05 12:00:00,0.9819,0.994,0.9547,0.9614,1607710.0,1565729.7571
2025-03-05 16:00:00,0.9614,0.9914,0.9408,0.9864,2081726.0,2020062.2631
2025-03-05 20:00:00,0.9864,0.9949,0.9693,0.9757,5926647.0,5777670.7277
2025-03-06 00:00:00,0.9757,0.995,0.9607,0.9925,1600067.0,1567554.9545
2025-03-06 04:00:00,0.9925,1.0045,0.981,0.9852,936510.0,929998.4301
2025-03-06 08:00:00,0.9852,1.0098,0.983,1.0055,894691.0,892395.8123
2025-03-06 12:00:00,1.0055,1.0102,0.9763,1.0019,1540867.0,1532114.925
2025-03-06 16:00:00,1.0019,1.0085,0.9546,0.9586,1315511.0,1281671.4824
2025-03-06 20:00:00,0.9586,0.9792,0.9483,0.9594,576338.0,554968.622
2025-03-07 00:00:00,0.9594,0.9755,0.902,0.9415,2598047.0,2431652.7029
2025-03-07 04:00:00,0.9415,0.9574,0.9377,0.9516,522816.0,494716.6444
2025-03-07 08:00:00,0.9516,0.9689,0.9399,0.9647,811253.0,775776.6686
2025-03-07 12:00:00,0.9647,0.9819,0.9483,0.9623,1248245.0,1202565.267
2025-03-07 16:00:00,0.9623,0.9897,0.9342,0.9707,915208.0,877950.6413
2025-03-07 20:00:00,0.9707,0.9772,0.922,0.9352,830085.0,784588.6119
2025-03-08 00:00:00,0.9352,0.9463,0.9137,0.9293,558760.0,518429.6182
2025-03-08 04:00:00,0.9293,0.9553,0.9124,0.9131,9377671.0,8805420.4316
2025-03-08 08:00:00,0.9131,0.9223,0.8863,0.8942,1680500.0,1517523.7051
2025-03-08 12:00:00,0.8942,0.906,0.8784,0.89,10152111.0,9012303.3473
2025-03-08 16:00:00,0.89,0.9022,0.874,0.9,852970.0,758187.8194
2025-03-08 20:00:00,0.9,0.9006,0.8756,0.8895,459676.0,408241.5318
2025-03-09 00:00:00,0.8895,0.8954,0.8752,0.8898,614071.0,543359.752
2025-03-09 04:00:00,0.8898,0.8953,0.8755,0.8867,472901.0,418626.8002
2025-03-09 08:00:00,0.8867,0.9055,0.851,0.8638,10225567.0,9088269.6531
2025-03-09 12:00:00,0.8638,0.8702,0.8158,0.8299,3654799.0,3050765.5781
2025-03-09 16:00:00,0.8299,0.8402,0.7762,0.8013,3482108.0,2808907.6358
2025-03-09 20:00:00,0.8013,0.8135,0.7819,0.7947,972449.0,775274.3522
2025-03-10 00:00:00,0.7947,0.8298,0.7867,0.8142,722499.0,588367.0985
2025-03-10 04:00:00,0.8142,0.8525,0.8136,0.8477,741571.0,618102.4271
2025-03-10 08:00:00,0.8477,0.8749,0.8278,0.8547,8698905.0,7314818.705
2025-03-10 12:00:00,0.8547,0.8593,0.7874,0.8036,2858881.0,2373195.1923
2025-03-10 16:00:00,0.8036,0.807,0.7213,0.7537,2086045.0,1579578.2407
2025-03-10 20:00:00,0.7537,0.7701,0.7497,0.7566,1494808.0,1137490.8294
2025-03-11 00:00:00,0.7566,0.7735,0.6991,0.7647,2276763.0,1668636.7949
2025-03-11 04:00:00,0.7647,0.8091,0.7639,0.7971,975567.0,773369.4972
2025-03-11 08:00:00,0.7971,0.806,0.788,0.7978,10102286.0,8057755.6415
2025-03-11 12:00:00,0.7978,0.8109,0.764,0.8059,2336022.0,1844193.3174
2025-03-11 16:00:00,0.8059,0.8282,0.7854,0.8203,1647464.0,1329730.9262
2025-03-11 20:00:00,0.8203,0.8235,0.7945,0.7996,10953961.0,8801574.9451
2025-03-12 00:00:00,0.7996,0.817,0.7799,0.7804,1268981.0,1013158.4416
2025-03-12 04:00:00,0.7804,0.81,0.7737,0.8031,1104224.0,875497.8784
2025-03-12 08:00:00,0.8031,0.8274,0.7995,0.8176,1119674.0,909208.6228
2025-03-12 12:00:00,0.8176,0.8448,0.7872,0.8069,2292162.0,1878137.1645
2025-03-12 16:00:00,0.8069,0.8307,0.8048,0.8259,449285.0,369340.8291
2025-03-12 20:00:00,0.8259,0.8449,0.8209,0.8423,416135.0,347670.4468
2025-03-13 00:00:00,0.8423,0.845,0.8229,0.8261,411633.0,342186.3209
2025-03-13 04:00:00,0.8261,0.8324,0.8123,0.8271,941121.0,775944.8386
2025-03-13 08:00:00,0.8271,0.8715,0.818,0.8415,11026528.0,9391659.1936
2025-03-13 12:00:00,0.8415,0.8549,0.8244,0.8317,1641800.0,1373496.1481
2025-03-13 16:00:00,0.8317,0.8342,0.8076,0.8132,589710.0,483334.9138
2025-03-13 20:00:00,0.8132,0.8407,0.803,0.8383,581751.0,478622.392
2025-03-14 00:00:00,0.8383,0.855,0.8355,0.8397,722362.0,609258.2566
2025-03-14 04:00:00,0.8397,0.8496,0.8324,0.8429,397231.0,333834.6862
2025-03-14 08:00:00,0.8429,0.8546,0.8398,0.8496,586922.0,498175.7049
2025-03-14 12:00:00,0.8496,0.8845,0.8436,0.8738,1111309.0,959172.0344
2025-03-14 16:00:00,0.8738,0.8925,0.8699,0.876,654784.0,576152.9587
2025-03-14 20:00:00,0.876,0.8845,0.8639,0.8687,613411.0,536511.6593
2025-03-15 00:00:00,0.8687,0.8773,0.8605,0.8769,321229.0,278868.0856
2025-03-15 04:00:00,0.8769,0.8789,0.8661,0.8668,474405.0,413616.6258
2025-03-15 08:00:00,0.8668,0.88,0.861,0.8794,422418.0,367855.5804
2025-03-15 12:00:00,0.8794,0.8824,0.8701,0.8783,466448.0,408275.8231
2025-03-15 16:00:00,0.8783,0.883,0.8651,0.8723,343312.0,300233.4693
2025-03-15 20:00:00,0.8723,0.8864,0.8723,0.8769,348147.0,306734.7071
2025-03-16 00:00:00,0.8769,0.8771,0.8558,0.8692,632727.0,547285.4637
2025-03-16 04:00:00,0.8692,0.8884,0.8643,0.8808,400671.0,350440.7356
2025-03-16 08:00:00,0.8808,0.9122,0.8452,0.8485,1735531.0,1524615.4961
2025-03-16 12:00:00,0.8485,0.8579,0.8313,0.8481,853572.0,720942.1989
2025-03-16 16:00:00,0.8481,0.8784,0.8335,0.8363,648103.0,554610.0748
2025-03-16 20:00:00,0.8363,0.8486,0.8171,0.832,793262.0,661211.948
2025-03-17 00:00:00,0.832,0.8586,0.8308,0.8567,570091.0,485060.6369
2025-03-17 04:00:00,0.8567,0.8637,0.8348,0.8525,974420.0,829458.9849
2025-03-17 08:00:00,0.8525,0.8619,0.8388,0.8565,5578469.0,4748826.9076
2025-03-17 12:00:00,0.8565,0.8762,0.8415,0.862,1593299.0,1364182.7311
2025-03-17 16:00:00,0.862,0.8961,0.8533,0.8886,1062519.0,932763.4608
2025-03-17 20:00:00,0.8886,0.8897,0.8677,0.8715,331470.0,291379.1388
2025-03-18 00:00:00,0.8715,0.873,0.8316,0.832,1701772.0,1454219.0857
2025-03-18 04:00:00,0.832,0.8443,0.8247,0.8367,463126.0,386773.925
2025-03-18 08:00:00,0.8367,0.8437,0.8215,0.8224,374775.0,311280.7811
2025-03-18 12:00:00,0.8224,0.8353,0.8165,0.818,909584.0,749733.9474
2025-03-18 16:00:00,0.818,0.8286,0.8103,0.8255,588349.0,482592.7621
2025-03-18 20:00:00,0.8255,0.8385,0.8221,0.837,375909.0,310850.1228
2025-03-19 00:00:00,0.837,0.8523,0.8344,0.8514,300957.0,253994.1892
2025-03-19 04:00:00,0.8514,0.8538,0.8416,0.8423,293253.0,248567.3718
2025-03-19 08:00:00,0.8423,0.8773,0.8423,0.8757,409469.0,351762.9579
2025-03-19 12:00:00,0.8757,0.8849,0.8618,0.8821,798288.0,699186.4815
2025-03-19 16:00:00,0.8821,0.8953,0.857,0.8834,840272.0,734386.3541
2025-03-19 20:00:00,0.8834,0.898,0.8815,0.896,348455.0,310019.474
2025-03-20 00:00:00,0.896,0.9025,0.8782,0.8809,247730.0,219764.719
2025-03-20 04:00:00,0.8809,0.908,0.8741,0.8991,634905.0,565783.2299
2025-03-20 08:00:00,0.8991,0.9189,0.8738,0.8846,980123.0,880532.1605
2025-03-20 12:00:00,0.8846,0.89,0.8624,0.8656,775674.0,681059.4137
2025-03-20 16:00:00,0.8656,0.8695,0.849,0.8574,758174.0,650270.0993
2025-03-20 20:00:00,0.8574,0.8633,0.8519,0.8566,633942.0,542519.2619
2025-03-21 00:00:00,0.8566,0.8721,0.855,0.8559,317267.0,273731.9888
2025-03-21 04:00:00,0.8559,0.8606,0.8349,0.8405,723768.0,614730.627
2025-03-21 08:00:00,0.8405,0.8445,0.8216,0.8273,722671.0,601347.4535
2025-03-21 12:00:00,0.8273,0.8376,0.8212,0.8267,715687.0,592417.6924
2025-03-21 16:00:00,0.8267,0.8328,0.821,0.8247,456744.0,377276.9676
2025-03-21 20:00:00,0.8247,0.8368,0.8058,0.8164,891866.0,729958.6552
2025-03-22 00:00:00,0.8164,0.8277,0.815,0.826,482293.0,397232.3836
2025-03-22 04:00:00,0.826,0.8397,0.8244,0.8358,395972.0,330388.5385
2025-03-22 08:00:00,0.8358,0.8461,0.831,0.8346,491121.0,411308.9791
2025-03-22 12:00:00,0.8346,0.8349,0.821,0.8314,498511.0,412297.1268
2025-03-22 16:00:00,0.8314,0.8389,0.8302,0.8383,254118.0,212131.6257
2025-03-22 20:00:00,0.8383,0.8417,0.8227,0.8258,317288.0,263853.3458
2025-03-23 00:00:00,0.8258,0.8412,0.8216,0.8406,290461.0,240867.4064
2025-03-23 04:00:00,0.8406,0.8433,0.825,0.8317,355378.0,296032.8505
2025-03-23 08:00:00,0.8317,0.8395,0.8249,0.8347,313754.0,261126.9044
2025-03-23 12:00:00,0.8347,0.8371,0.8155,0.8229,855556.0,702687.6835
2025-03-23 16:00:00,0.8229,0.8243,0.8088,0.82,392067.0,320003.0819
2025-03-23 20:00:00,0.82,0.8295,0.8155,0.8294,272012.0,223893.2477
2025-03-24 00:00:00,0.8294,0.8435,0.8153,0.8398,417045.0,345568.2225
2025-03-24 04:00:00,0.8398,0.8592,0.8398,0.8535,637437.0,543197.3689
2025-03-24 08:00:00,0.8535,0.8722,0.8535,0.8672,816886.0,706251.3839
2025-03-24 12:00:00,0.8672,0.9531,0.8639,0.9208,4355337.0,3961098.0311
2025-03-24 16:00:00,0.9208,0.9421,0.911,0.915,1261981.0,1168343.027
2025-03-24 20:00:00,0.915,0.9186,0.8937,0.9046,461519.0,417806.0683
2025-03-25 00:00:00,0.9046,0.929,0.8992,0.9194,1092902.0,1001832.2518
2025-03-25 04:00:00,0.9194,0.928,0.907,0.9142,1264812.0,1156329.6512
2025-03-25 08:00:00,0.9142,0.9428,0.9136,0.939,1813543.0,1685682.1165
2025-03-25 12:00:00,0.939,0.9485,0.9128,0.9193,3239312.0,2999525.4891
2025-03-25 16:00:00,0.9193,0.939,0.9133,0.9287,793063.0,734166.059
2025-03-25 20:00:00,0.9287,0.9385,0.9225,0.933,520920.0,484814.9923
2025-03-26 00:00:00,0.933,0.9491,0.9231,0.9238,1317074.0,1233600.1141
2025-03-26 04:00:00,0.9238,0.9742,0.9232,0.9692,2107328.0,2011682.9231
2025-03-26 08:00:00,0.9692,0.9776,0.9543,0.9692,1871223.0,1806429.5695
2025-03-26 12:00:00,0.9692,0.9707,0.9251,0.9433,2165938.0,2040954.5673
2025-03-26 16:00:00,0.9433,0.954,0.9236,0.9388,1208862.0,1129938.6111
2025-03-26 20:00:00,0.9388,0.9504,0.9241,0.9295,1010628.0,947180.9076
2025-03-27 00:00:00,0.9295,0.975,0.928,0.9685,815568.0,782119.6541
2025-03-27 04:00:00,0.9685,0.9864,0.9559,0.967,1351132.0,1310714.3108
2025-03-27 08:00:00,0.967,0.9715,0.9371,0.9397,868747.0,828789.3978
2025-03-27 12:00:00,0.9397,0.9704,0.9326,0.9447,1081659.0,1027085.2385
2025-03-27 16:00:00,0.9447,0.9512,0.926,0.9402,587632.0,551001.1504
2025-03-27 20:00:00,0.9402,0.9604,0.9375,0.9486,547765.0,520795.4003
2025-03-28 00:00:00,0.9486,0.9554,0.9257,0.9315,379694.0,355383.2261
2025-03-28 04:00:00,0.9315,0.9348,0.8756,0.8772,1912606.0,1712877.2961
2025-03-28 08:00:00,0.8772,0.886,0.862,0.8761,1270564.0,1108401.6565
2025-03-28 12:00:00,0.8761,0.8783,0.852,0.8532,1163659.0,1002115.3226
2025-03-28 16:00:00,0.8532,0.8555,0.8364,0.8404,674387.0,569811.8033
2025-03-28 20:00:00,0.8404,0.8451,0.8291,0.8405,627005.0,526421.739
2025-03-29 00:00:00,0.8405,0.8492,0.8223,0.8353,1181784.0,987809.4087
2025-03-29 04:00:00,0.8353,0.8377,0.8041,0.8092,2495828.0,2042598.6316
2025-03-29 08:00:00,0.8092,0.8183,0.7782,0.7842,2486549.0,1982268.1246
2025-03-29 12:00:00,0.7842,0.7971,0.781,0.7852,927656.0,731314.0287
2025-03-29 16:00:00,0.7852,0.7884,0.7643,0.779,1110926.0,861477.9095
2025-03-29 20:00:00,0.779,0.7802,0.7651,0.7787,408270.0,315228.8148
2025-03-30 00:00:00,0.7787,0.8,0.7628,0.7903,904460.0,710195.1128
2025-03-30 04:00:00,0.7903,0.7985,0.7825,0.7918,782648.0,618738.3002
2025-03-30 08:00:00,0.7918,0.8042,0.7864,0.7906,844556.0,669415.5312
2025-03-30 12:00:00,0.7906,0.7957,0.7753,0.7817,1493125.0,1170661.4164
2025-03-30 16:00:00,0.7817,0.7961,0.7665,0.7862,708853.0,552483.9653
2025-03-30 20:00:00,0.7862,0.789,0.7656,0.7794,1094482.0,853146.2917
2025-03-31 00:00:00,0.7794,0.7893,0.7641,0.771,710098.0,551751.2699
2025-03-31 04:00:00,0.771,0.7846,0.7556,0.7633,677855.0,521715.651
2025-03-31 08:00:00,0.7633,0.775,0.7433,0.7698,744007.0,564531.7238
2025-03-31 12:00:00,0.7698,0.7895,0.7581,0.7838,744099.0,577703.3808
2025-03-31 16:00:00,0.7838,0.7887,0.7678,0.7719,364178.0,283865.3427
2025-03-31 20:00:00,0.7719,0.7767,0.7628,0.769,338232.0,259962.3669
2025-04-01 00:00:00,0.769,0.7884,0.7663,0.7793,461601.0,359016.3014
2025-04-01 04:00:00,0.7793,0.7908,0.7758,0.7816,689881.0,540093.7666
2025-04-01 08:00:00,0.7816,0.8052,0.7816,0.7868,1588197.0,1260979.3678
2025-04-01 12:00:00,0.7868,0.8417,0.7796,0.8398,2363139.0,1911108.3341
2025-04-01 16:00:00,0.8398,0.8447,0.8114,0.8149,1273473.0,1054018.4904
2025-04-01 20:00:00,0.8149,0.819,0.7996,0.8025,1005998.0,814677.4088
2025-04-02 00:00:00,0.8025,0.8027,0.771,0.791,1298463.0,1021414.128
2025-04-02 04:00:00,0.791,0.794,0.7683,0.7774,1416877.0,1101281.5176
2025-04-02 08:00:00,0.7774,0.7898,0.7729,0.7804,992028.0,774508.2982
2025-04-02 12:00:00,0.7804,0.8041,0.7669,0.7932,2482189.0,1941941.1302
2025-04-02 16:00:00,0.7932,0.8,0.768,0.7856,1127389.0,881536.1685
2025-04-02 20:00:00,0.7856,0.8105,0.7107,0.7235,2793134.0,2102961.2647
2025-04-03 00:00:00,0.7235,0.7608,0.7221,0.7523,635943.0,474631.1002
2025-04-03 04:00:00,0.7523,0.7653,0.7387,0.7454,1002747.0,748526.2137
2025-04-03 08:00:00,0.7454,0.7506,0.7179,0.7266,1318244.0,964605.4977
2025-04-03 12:00:00,0.7266,0.7297,0.7037,0.7196,1854170.0,1324868.2717
2025-04-03 16:00:00,0.7196,0.7551,0.7179,0.7534,543145.0,399306.1442
2025-04-03 20:00:00,0.7534,0.7587,0.7435,0.751,706771.0,531790.3744
2025-04-04 00:00:00,0.751,0.761,0.7472,0.7547,685740.0,516674.3825
2025-04-04 04:00:00,0.7547,0.7664,0.7532,0.7625,701088.0,533090.9887
2025-04-04 08:00:00,0.7625,0.772,0.7257,0.7379,1272962.0,955097.4152
2025-04-04 12:00:00,0.7379,0.7715,0.7287,0.7529,1303356.0,973021.1925
2025-04-04 16:00:00,0.7529,0.7675,0.7462,0.7568,505177.0,381060.8675
2025-04-04 20:00:00,0.7568,0.7665,0.7545,0.7586,215387.0,163780.0388
2025-04-05 00:00:00,0.7586,0.7615,0.7508,0.7537,215970.0,163278.8744
2025-04-05 04:00:00,0.7537,0.7575,0.7493,0.7559,140903.0,106005.8335
2025-04-05 08:00:00,0.7559,0.759,0.7478,0.7492,241943.0,182203.5595
2025-04-05 12:00:00,0.7492,0.7505,0.7321,0.7341,690295.0,510982.4988
2025-04-05 16:00:00,0.7341,0.7382,0.7285,0.7311,468175.0,343679.2415
2025-04-05 20:00:00,0.7311,0.7455,0.7277,0.7438,539881.0,396573.0462
2025-04-06 00:00:00,0.7438,0.7446,0.7283,0.7311,538112.0,394951.3317
2025-04-06 04:00:00,0.7311,0.7379,0.7263,0.7328,314728.0,230121.2278
2025-04-06 08:00:00,0.7328,0.737,0.723,0.7284,387173.0,282020.6771
2025-04-06 12:00:00,0.7284,0.7295,0.6883,0.6988,1759949.0,1237881.8558
2025-04-06 16:00:00,0.6988,0.6999,0.6299,0.6387,3497875.0,2294104.3513
2025-04-06 20:00:00,0.6387,0.6423,0.6131,0.6312,1674959.0,1046746.4394
2025-04-07 00:00:00,0.6312,0.6522,0.6127,0.6209,1442139.0,913533.9306
2025-04-07 04:00:00,0.6209,0.6319,0.5716,0.5892,3243670.0,1933111.4048
2025-04-07 08:00:00,0.5892,0.6353,0.5849,0.621,1273510.0,785943.803
2025-04-07 12:00:00,0.621,0.6827,0.617,0.6575,2882462.0,1873368.1272
2025-04-07 16:00:00,0.6575,0.6629,0.6384,0.6502,685316.0,446355.4677
2025-04-07 20:00:00,0.6502,0.6644,0.6476,0.6493,463288.0,304674.6293
2025-04-08 00:00:00,0.6493,0.6684,0.642,0.6524,495286.0,324425.3948
2025-04-08 04:00:00,0.6524,0.6562,0.6393,0.6431,694676.0,447896.0641
2025-04-08 08:00:00,0.6431,0.6609,0.6377,0.6593,1241474.0,803272.9474
2025-04-08 12:00:00,0.6593,0.6616,0.6352,0.6419,1716375.0,1114406.9649
2025-04-08 16:00:00,0.6419,0.643,0.6117,0.6172,1886685.0,1179233.589
2025-04-08 20:00:00,0.6172,0.6257,0.6106,0.617,434630.0,267781.6705
2025-04-09 00:00:00,0.617,0.625,0.592,0.6127,1377089.0,839408.5252
2025-04-09 04:00:00,0.6127,0.6403,0.6105,0.6383,752282.0,471984.7864
2025-04-09 08:00:00,0.6383,0.6429,0.6204,0.6244,1107142.0,700164.9902
2025-04-09 12:00:00,0.6244,0.6425,0.6163,0.6381,1128651.0,712528.8228
2025-04-09 16:00:00,0.6381,0.7095,0.6369,0.702,2735207.0,1853667.6792
2025-04-09 20:00:00,0.702,0.7121,0.6986,0.7103,493755.0,348401.8871
2025-04-10 00:00:00,0.7103,0.7112,0.6868,0.6962,884243.0,617593.0061
2025-04-10 04:00:00,0.6962,0.723,0.6901,0.7073,1355110.0,960059.1814
2025-04-10 08:00:00,0.7073,0.716,0.6992,0.7066,1348841.0,953434.0736
2025-04-10 12:00:00,0.7066,0.7248,0.6787,0.6796,2720379.0,1920992.8844
2025-04-10 16:00:00,0.6796,0.6912,0.6753,0.686,612973.0,419024.9913
2025-04-10 20:00:00,0.686,0.6972,0.686,0.6941,405014.0,280731.2788
2025-04-11 00:00:00,0.6941,0.7102,0.6925,0.7036,368391.0,258615.6171
2025-04-11 04:00:00,0.7036,0.7222,0.7015,0.7214,556835.0,397516.9152
2025-04-11 08:00:00,0.7214,0.7257,0.7064,0.7124,992896.0,709324.3521
2025-04-11 12:00:00,0.7124,0.7261,0.7098,0.7237,1216858.0,873070.3537
2025-04-11 16:00:00,0.7237,0.7429,0.7169,0.7328,569615.0,416156.0183
2025-04-11 20:00:00,0.7328,0.7485,0.7301,0.739,705414.0,522496.4398
2025-04-12 00:00:00,0.739,0.7427,0.7288,0.7317,375797.0,276624.1809
2025-04-12 04:00:00,0.7317,0.756,0.7273,0.7517,737400.0,550882.3903
2025-04-12 08:00:00,0.7517,0.766,0.7458,0.7573,679748.0,514024.23
2025-04-12 12:00:00,0.7573,0.7875,0.7544,0.7836,680236.0,525006.3437
2025-04-12 16:00:00,0.7836,0.7875,0.7722,0.7756,509589.0,396314.4129
2025-04-12 20:00:00,0.7756,0.7876,0.7736,0.7801,280068.0,218397.6976
2025-04-13 00:00:00,0.7801,0.7863,0.7664,0.7725,768784.0,593589.0807
2025-04-13 04:00:00,0.7725,0.78,0.763,0.7713,666165.0,512232.4211
2025-04-13 08:00:00,0.7713,0.7906,0.7695,0.7806,879735.0,686070.4099
2025-04-13 12:00:00,0.7806,0.7844,0.7584,0.7635,1092362.0,836332.5932
2025-04-13 16:00:00,0.7635,0.7872,0.7413,0.7522,702473.0,538852.6618
2025-04-13 20:00:00,0.7522,0.7592,0.7278,0.7425,2356709.0,1740671.3817
2025-04-14 00:00:00,0.7425,0.7783,0.7391,0.7542,1258628.0,950629.399
2025-04-14 04:00:00,0.7542,0.7637,0.743,0.7504,936595.0,705767.9306
2025-04-14 08:00:00,0.7504,0.7719,0.7467,0.7652,638815.0,486370.6703
2025-04-14 12:00:00,0.7652,0.7738,0.7333,0.7372,2495507.0,1876343.0936
2025-04-14 16:00:00,0.7372,0.7559,0.7328,0.7512,648330.0,479981.44
2025-04-14 20:00:00,0.7512,0.7549,0.7377,0.7396,511917.0,380369.5578
2025-04-15 00:00:00,0.7396,0.7466,0.7255,0.7426,721668.0,530211.3817
2025-04-15 04:00:00,0.7426,0.7493,0.7351,0.747,619288.0,458972.2993
2025-04-15 08:00:00,0.747,0.7527,0.7327,0.7377,645633.0,479383.873
2025-04-15 12:00:00,0.7377,0.7492,0.7189,0.7308,1499914.0,1098474.3537
2025-04-15 16:00:00,0.7308,0.7364,0.714,0.7186,564597.0,409111.8454
2025-04-15 20:00:00,0.7186,0.7247,0.7054,0.7085,1025961.0,732050.5311
2025-04-16 00:00:00,0.7085,0.7201,0.7025,0.7127,594682.0,422724.4584
2025-04-16 04:00:00,0.7127,0.7158,0.7005,0.7046,758396.0,536069.3395
2025-04-16 08:00:00,0.7046,0.7137,0.6938,0.6992,1255191.0,880558.4146
2025-04-16 12:00:00,0.6992,0.7138,0.6902,0.7006,940098.0,658399.1855
2025-04-16 16:00:00,0.7006,0.7094,0.6767,0.6982,1466293.0,1015396.4631
2025-04-16 20:00:00,0.6982,0.7058,0.6868,0.6907,394206.0,273635.6515
2025-04-17 00:00:00,0.6907,0.6978,0.687,0.6905,227014.0,156990.074
2025-04-17 04:00:00,0.6905,0.7125,0.689,0.7073,363384.0,255803.9509
2025-04-17 08:00:00,0.7073,0.7089,0.6917,0.7005,711444.0,496455.787
2025-04-17 12:00:00,0.7005,0.7049,0.6813,0.6947,942164.0,653518.8513
2025-04-17 16:00:00,0.6947,0.7167,0.6917,0.7007,928130.0,655340.6702
2025-04-17 20:00:00,0.7007,0.7076,0.6942,0.7001,618784.0,434534.7428
2025-04-18 00:00:00,0.7001,0.7035,0.6916,0.7007,442648.0,308111.8211
2025-04-18 04:00:00,0.7007,0.7172,0.6997,0.7156,465273.0,329845.8533
2025-04-18 08:00:00,0.7156,0.7243,0.7127,0.7155,632515.0,454274.5703
2025-04-18 12:00:00,0.7155,0.7219,0.699,0.703,412773.0,293401.8592
2025-04-18 16:00:00,0.703,0.7104,0.701,0.7061,415990.0,293534.0997
2025-04-18 20:00:00,0.7061,0.7097,0.7018,0.7091,272538.0,192242.416
2025-04-19 00:00:00,0.7091,0.7216,0.7052,0.7168,348140.0,248146.2239
2025-04-19 04:00:00,0.7168,0.7206,0.7102,0.7168,450787.0,321919.7776
2025-04-19 08:00:00,0.7168,0.7291,0.7116,0.7203,1692181.0,1224376.4047
2025-04-19 12:00:00,0.7203,0.728,0.7152,0.7226,488144.0,351717.6422
2025-04-19 16:00:00,0.7226,0.7679,0.7216,0.7502,732613.0,546969.0076
2025-04-19 20:00:00,0.7502,0.7728,0.748,0.7678,359151.0,274431.3413
2025-04-20 00:00:00,0.7678,0.7695,0.7529,0.7579,547962.0,415523.9003
2025-04-20 04:00:00,0.7579,0.7661,0.7528,0.754,346498.0,263024.3721
2025-04-20 08:00:00,0.754,0.7559,0.7381,0.744,724163.0,540576.9217
2025-04-20 12:00:00,0.744,0.7723,0.744,0.7611,732659.0,558034.9558
2025-04-20 16:00:00,0.7611,0.7839,0.761,0.7811,421983.0,325916.3504
2025-04-20 20:00:00,0.7811,0.7886,0.7731,0.7761,590695.0,461054.5959
2025-04-21 00:00:00,0.7761,0.7935,0.7753,0.78,499378.0,393172.3868
2025-04-21 04:00:00,0.78,0.7986,0.7783,0.7897,336552.0,265540.2288
2025-04-21 08:00:00,0.7897,0.7953,0.7823,0.7878,628553.0,496113.9352
2025-04-21 12:00:00,0.7878,0.8013,0.7837,0.7907,747175.0,591871.6601
2025-04-21 16:00:00,0.7907,0.7962,0.7663,0.7754,1163076.0,902230.8119
2025-04-21 20:00:00,0.7754,0.7771,0.7607,0.7649,724588.0,555423.1136
2025-04-22 00:00:00,0.7649,0.7796,0.7483,0.7723,739392.0,563704.4257
2025-04-22 04:00:00,0.7723,0.785,0.7572,0.7842,620775.0,479175.7827
2025-04-22 08:00:00,0.7842,0.7932,0.7736,0.7921,882416.0,689310.4565
2025-04-22 12:00:00,0.7921,0.8133,0.7857,0.799,1281215.0,1021554.236
2025-04-22 16:00:00,0.799,0.8023,0.789,0.7988,482707.0,384588.5574
2025-04-22 20:00:00,0.7988,0.8399,0.7983,0.8382,1076868.0,888825.8655
2025-04-23 00:00:00,0.8382,0.8671,0.8353,0.8619,1137840.0,969331.649
2025-04-23 04:00:00,0.8619,0.8723,0.8562,0.8616,549372.0,475028.3852
2025-04-23 08:00:00,0.8616,0.8729,0.8537,0.865,657228.0,568538.9561
2025-04-23 12:00:00,0.865,0.8813,0.8363,0.8579,1390906.0,1197433.2704
2025-04-23 16:00:00,0.8579,0.8762,0.8458,0.8558,1419718.0,1225093.8709
2025-04-23 20:00:00,0.8558,0.8684,0.8537,0.8623,822158.0,709791.459
2025-04-24 00:00:00,0.8623,0.897,0.8485,0.8495,1938944.0,1685694.921
2025-04-24 04:00:00,0.8495,0.8716,0.8341,0.8364,981099.0,837246.1945
2025-04-24 08:00:00,0.8364,0.8631,0.8364,0.8579,3538604.0,2996979.6419
2025-04-24 12:00:00,0.8579,0.9274,0.853,0.9085,2052229.0,1835753.5816
2025-04-24 16:00:00,0.9085,0.9089,0.88,0.8884,1642812.0,1464217.1068
2025-04-24 20:00:00,0.8884,0.9217,0.8767,0.9203,1615468.0,1447565.5069
2025-04-25 00:00:00,0.9203,0.9242,0.8922,0.8969,3756712.0,3390065.579
2025-04-25 04:00:00,0.8969,0.9628,0.8952,0.9613,1718725.0,1591918.6104
2025-04-25 08:00:00,0.9613,0.9958,0.9508,0.9926,1932028.0,1878108.049
2025-04-25 12:00:00,0.9926,1.0023,0.963,0.9805,1135218.0,1113212.8614
2025-04-25 16:00:00,0.9805,0.9872,0.9608,0.9824,415261.0,404501.2834
2025-04-25 20:00:00,0.9824,1.0741,0.9808,1.0462,2557105.0,2670030.6732
2025-04-26 00:00:00,1.0462,1.1979,1.0462,1.1744,6096096.0,7017501.6226
2025-04-26 04:00:00,1.1744,1.2075,1.1225,1.1744,4108402.0,4764745.1984
2025-04-26 08:00:00,1.1744,1.178,1.0855,1.0932,3192013.0,3619568.5577
2025-04-26 12:00:00,1.0932,1.1153,1.0701,1.109,2903928.0,3167025.3696
2025-04-26 16:00:00,1.109,1.1854,1.1026,1.1828,1936672.0,2207519.6301
2025-04-26 20:00:00,1.1828,1.2587,1.1555,1.2157,3008372.0,3620967.2001
2025-04-27 00:00:00,1.2157,1.228,1.1519,1.2193,3096720.0,3685286.7432
2025-04-27 04:00:00,1.2193,1.2346,1.177,1.2059,2313919.0,2775425.7577
2025-04-27 08:00:00,1.2059,1.206,1.1574,1.1666,1953554.0,2305929.6986
2025-04-27 12:00:00,1.1666,1.1707,1.1216,1.1362,2489503.0,2854440.3658
2025-04-27 16:00:00,1.1362,1.1514,1.1063,1.1391,1528536.0,1721810.2744
2025-04-27 20:00:00,1.1391,1.1516,1.1226,1.1226,610023.0,693889.4945
2025-04-28 00:00:00,1.1226,1.137,1.0591,1.1144,2856878.0,3132019.8886
2025-04-28 04:00:00,1.1144,1.1883,1.1036,1.1612,2392726.0,2732093.0512
2025-04-28 08:00:00,1.1612,1.1832,1.1358,1.1378,2781030.0,3224310.6212
2025-04-28 12:00:00,1.1378,1.1777,1.0956,1.111,4450544.0,5018217.9753
2025-04-28 16:00:00,1.111,1.1466,1.0964,1.1444,1171945.0,1318186.3778
2025-04-28 20:00:00,1.1444,1.1479,1.1161,1.1294,851021.0,964646.8743
2025-04-29 00:00:00,1.1294,1.165,1.1083,1.1531,1564910.0,1774082.9443
2025-04-29 04:00:00,1.1531,1.1876,1.1344,1.1657,3035074.0,3510322.09
2025-04-29 08:00:00,1.1657,1.1705,1.119,1.1252,1499081.0,1706676.3564
2025-04-29 12:00:00,1.1252,1.1285,1.0752,1.1025,2739153.0,3004736.2501
2025-04-29 16:00:00,1.1025,1.1103,1.0773,1.0825,1087130.0,1187400.5976
2025-04-29 20:00:00,1.0825,1.1098,1.0682,1.0869,1727569.0,1875347.5529
2025-04-30 00:00:00,1.0869,1.1001,1.064,1.0816,1586201.0,1710432.5947
2025-04-30 04:00:00,1.0816,1.1012,1.0731,1.0773,1309686.0,1420486.7871
2025-04-30 08:00:00,1.0773,1.0894,1.0677,1.0765,1198096.0,1291043.8531
2025-04-30 12:00:00,1.0765,1.0766,1.0042,1.0642,3833811.0,3991013.1791
2025-04-30 16:00:00,1.0642,1.1601,1.0514,1.121,6978144.0,7788133.9341
2025-04-30 20:00:00,1.121,1.1708,1.1182,1.1282,3537958.0,4050777.3612
2025-05-01 00:00:00,1.1282,1.1658,1.0129,1.0341,7359582.0,7973594.8015
2025-05-01 04:00:00,1.0341,1.0595,1.0111,1.0533,4222651.0,4390276.3872
2025-05-01 08:00:00,1.0533,1.1049,1.0494,1.0928,4675944.0,5052786.9481
2025-05-01 12:00:00,1.0928,1.0955,1.0449,1.0764,4185247.0,4497155.7238
2025-05-01 16:00:00,1.0764,1.0888,1.056,1.0603,1921975.0,2058740.8976
2025-05-01 20:00:00,1.0603,1.0707,1.0371,1.0491,1290910.0,1356285.7521
2025-05-02 00:00:00,1.0491,1.0654,1.0389,1.0484,1124824.0,1184121.3479
2025-05-02 04:00:00,1.0484,1.0504,1.0297,1.0324,1428275.0,1482170.6619
2025-05-02 08:00:00,1.0324,1.0527,1.0195,1.0234,1725353.0,1779214.1173
2025-05-02 12:00:00,1.0234,1.0464,1.0156,1.0272,1982632.0,2041987.7994
2025-05-02 16:00:00,1.0272,1.0453,1.0116,1.0155,865041.0,890198.67
2025-05-02 20:00:00,1.0155,1.0332,1.0132,1.031,463727.0,474426.9525
2025-05-03 00:00:00,1.031,1.0315,1.0068,1.0221,1153326.0,1173242.9733
2025-05-03 04:00:00,1.0221,1.0234,1.0069,1.011,1014344.0,1028579.1589
2025-05-03 08:00:00,1.011,1.02,0.9823,0.9833,2076654.0,2066557.6831
2025-05-03 12:00:00,0.9833,0.9981,0.9756,0.9788,1547724.0,1526006.2727
2025-05-03 16:00:00,0.9788,0.9843,0.9515,0.9683,2744846.0,2647340.8676
2025-05-03 20:00:00,0.9683,0.9706,0.9524,0.9543,813116.0,780665.4836
2025-05-04 00:00:00,0.9543,0.9637,0.9369,0.955,1634482.0,1552735.3126
2025-05-04 04:00:00,0.955,0.9639,0.9468,0.951,634443.0,605863.5801
2025-05-04 08:00:00,0.951,0.9533,0.929,0.9417,1475917.0,1386999.4586
2025-05-04 12:00:00,0.9417,0.9513,0.9267,0.9428,1438740.0,1350430.8773
2025-05-04 16:00:00,0.9428,0.9476,0.9227,0.9291,1410487.0,1314751.0179
2025-05-04 20:00:00,0.9291,0.9391,0.9134,0.9229,1256475.0,1160912.5921
2025-05-05 00:00:00,0.9229,0.9443,0.9141,0.9395,1340742.0,1244986.9772
2025-05-05 04:00:00,0.9395,0.9586,0.9361,0.9553,1417653.0,1346827.5478
2025-05-05 08:00:00,0.9553,0.9627,0.9055,0.9175,3570725.0,3320609.1766
2025-05-05 12:00:00,0.9175,0.9246,0.8828,0.8892,2735544.0,2480431.7383
2025-05-05 16:00:00,0.8892,0.8948,0.866,0.8707,1982171.0,1739920.9565
2025-05-05 20:00:00,0.8707,0.8827,0.8513,0.8698,1533838.0,1327675.2172
2025-05-06 00:00:00,0.8698,0.8879,0.8594,0.8858,825428.0,718934.6486
2025-05-06 04:00:00,0.8858,0.8984,0.877,0.8843,808580.0,717819.958
2025-05-06 08:00:00,0.8843,0.8862,0.8607,0.8684,1271025.0,1112607.0488
2025-05-06 12:00:00,0.8684,0.8923,0.8638,0.8793,1196553.0,1052522.4588
2025-05-06 16:00:00,0.8793,0.9117,0.8736,0.8977,2262511.0,2031333.2075
2025-05-06 20:00:00,0.8977,0.9361,0.8743,0.9271,1895786.0,1714625.6999
2025-05-07 00:00:00,0.9271,0.9569,0.924,0.9533,2720878.0,2561908.3068
2025-05-07 04:00:00,0.9533,0.9719,0.9387,0.9658,2367662.0,2253904.8916
2025-05-07 08:00:00,0.9658,0.9663,0.9282,0.9355,2356279.0,2220987.3871
2025-05-07 12:00:00,0.9355,0.9371,0.9144,0.9154,2317328.0,2143723.3965
2025-05-07 16:00:00,0.9154,0.934,0.9055,0.9118,2573666.0,2356564.9187
2025-05-07 20:00:00,0.9118,0.9339,0.9027,0.928,724366.0,665213.7479
2025-05-08 00:00:00,0.928,0.9713,0.9226,0.9711,1613538.0,1533929.6956
2025-05-08 04:00:00,0.9711,0.9908,0.9625,0.9811,1941479.0,1895840.9688
2025-05-08 08:00:00,0.9811,1.0172,0.9809,0.9988,1757355.0,1752561.7496
2025-05-08 12:00:00,0.9988,1.0462,0.9879,1.0235,2707231.0,2731867.3401
2025-05-08 16:00:00,1.0235,1.0412,1.0152,1.0351,1215987.0,1249964.7187
2025-05-08 20:00:00,1.0351,1.08,1.0328,1.0633,1877134.0,1973111.5279
2025-05-09 00:00:00,1.0633,1.1075,1.0523,1.0746,1919417.0,2083937.3672
2025-05-09 04:00:00,1.0746,1.1515,1.0739,1.1268,1901038.0,2115578.3459
2025-05-09 08:00:00,1.1268,1.17,1.1029,1.1272,3464500.0,3928057.03
2025-05-09 12:00:00,1.1272,1.1581,1.1083,1.1409,2512584.0,2839251.2157
2025-05-09 16:00:00,1.1409,1.1788,1.1172,1.1318,1495976.0,1716858.4707
2025-05-09 20:00:00,1.1318,1.1713,1.1308,1.1401,2098639.0,2411929.6338
2025-05-10 00:00:00,1.1401,1.1883,1.1346,1.1775,1426499.0,1655232.3381
2025-05-10 04:00:00,1.1775,1.2193,1.1504,1.2062,5917698.0,7030825.9311
2025-05-10 08:00:00,1.2062,1.2158,1.1472,1.1529,5997847.0,7111288.1651
2025-05-10 12:00:00,1.1529,1.176,1.1361,1.1465,1620241.0,1871820.3221
2025-05-10 16:00:00,1.1465,1.1973,1.1414,1.1883,1084774.0,1273494.8182
2025-05-10 20:00:00,1.1883,1.2551,1.1751,1.2548,1198089.0,1462347.1482
2025-05-11 00:00:00,1.2548,1.3515,1.2107,1.3285,2831433.0,3652897.7169
2025-05-11 04:00:00,1.3285,1.3629,1.2459,1.2542,4886820.0,6399827.4249
2025-05-11 08:00:00,1.2542,1.2864,1.2486,1.282,984585.0,1246585.2429
2025-05-11 12:00:00,1.282,1.2886,1.2181,1.2335,2678754.0,3354019.8138
2025-05-11 16:00:00,1.2335,1.3199,1.2143,1.296,2987433.0,3793562.7659
2025-05-11 20:00:00,1.296,1.3063,1.2534,1.2634,1100127.0,1403064.8367
2025-05-12 00:00:00,1.2634,1.3208,1.2525,1.3154,1471407.0,1891609.7969
2025-05-12 04:00:00,1.3154,1.3518,1.2723,1.2966,1896506.0,2485167.7777
2025-05-12 08:00:00,1.2966,1.3353,1.276,1.2876,1723029.0,2255040.191
2025-05-12 12:00:00,1.2876,1.3262,1.2534,1.2875,3200283.0,4138398.6751
2025-05-12 16:00:00,1.2875,1.3111,1.2018,1.2489,1765483.0,2203148.7882
2025-05-12 20:00:00,1.2489,1.2905,1.2343,1.2846,1018288.0,1283810.2774
2025-05-13 00:00:00,1.2846,1.2909,1.1764,1.1796,1805112.0,2184821.5879
2025-05-13 04:00:00,1.1796,1.2499,1.1764,1.2449,1158653.0,1414614.5779
2025-05-13 08:00:00,1.2449,1.2834,1.2324,1.2628,1289775.0,1631908.5252
2025-05-13 12:00:00,1.2628,1.2875,1.2418,1.281,962514.0,1217554.5875
2025-05-13 16:00:00,1.281,1.3296,1.2761,1.3144,1312415.0,1718465.8922
2025-05-13 20:00:00,1.3144,1.3396,1.294,1.2991,1071612.0,1403333.7414
2025-05-14 00:00:00,1.2991,1.315,1.2733,1.3033,1353461.0,1750753.4392
2025-05-14 04:00:00,1.3033,1.3214,1.2839,1.2916,1062550.0,1385369.9364
2025-05-14 08:00:00,1.2916,1.2989,1.2487,1.2891,1427068.0,1820442.4336
2025-05-14 12:00:00,1.2891,1.3101,1.2289,1.2459,2152829.0,2711557.7995
2025-05-14 16:00:00,1.2459,1.2559,1.2186,1.2458,871156.0,1077971.7785
2025-05-14 20:00:00,1.2458,1.2584,1.2239,1.2399,460406.0,571716.2273
2025-05-15 00:00:00,1.2399,1.27,1.2213,1.2262,864895.0,1072418.7814
2025-05-15 04:00:00,1.2262,1.242,1.159,1.16,1512455.0,1802836.3559
2025-05-15 08:00:00,1.16,1.197,1.1555,1.1747,1017295.0,1195647.4752
2025-05-15 12:00:00,1.1747,1.1988,1.1355,1.1982,1536129.0,1785749.6849
2025-05-15 16:00:00,1.1982,1.2193,1.1589,1.1709,720347.0,856841.8676
2025-05-15 20:00:00,1.1709,1.1802,1.114,1.1454,879574.0,1005683.9285
2025-05-16 00:00:00,1.1454,1.177,1.1386,1.1738,499413.0,579881.6478
2025-05-16 04:00:00,1.1738,1.1887,1.1585,1.1733,441601.0,518466.831
2025-05-16 08:00:00,1.1733,1.1854,1.1477,1.1677,766184.0,897879.8182
2025-05-16 12:00:00,1.1677,1.1778,1.1446,1.1708,1147866.0,1337663.3374
2025-05-16 16:00:00,1.1708,1.1789,1.1407,1.1564,1136527.0,1312504.1462
2025-05-16 20:00:00,1.1564,1.1592,1.094,1.109,1505044.0,1683446.9085
2025-05-17 00:00:00,1.109,1.1125,1.0417,1.0896,1803710.0,1934235.1471
2025-05-17 04:00:00,1.0896,1.1013,1.0703,1.0794,848021.0,920060.7301
2025-05-17 08:00:00,1.0794,1.0831,1.0646,1.0773,618968.0,665349.1273
2025-05-17 12:00:00,1.0773,1.0878,1.0588,1.0755,532752.0,571343.4472
2025-05-17 16:00:00,1.0755,1.0819,1.0551,1.0689,565541.0,604299.4907
2025-05-17 20:00:00,1.0689,1.0902,1.0631,1.0736,620787.0,671564.3867
2025-05-18 00:00:00,1.0736,1.0828,1.0662,1.0714,416899.0,448704.227
2025-05-18 04:00:00,1.0714,1.1235,1.0711,1.1214,985823.0,1084952.5508
2025-05-18 08:00:00,1.1214,1.1448,1.1211,1.1294,1044093.0,1184183.3658
2025-05-18 12:00:00,1.1294,1.1902,1.1196,1.1852,1354916.0,1568717.0384
2025-05-18 16:00:00,1.1852,1.1885,1.0887,1.0892,1720589.0,1951942.12
2025-05-18 20:00:00,1.0892,1.1837,1.0631,1.1765,1687910.0,1876548.0517
2025-05-19 00:00:00,1.1765,1.19,1.111,1.1217,1154118.0,1322704.6955
2025-05-19 04:00:00,1.1217,1.1282,1.0841,1.1075,1509638.0,1661929.8565
2025-05-19 08:00:00,1.1075,1.1075,1.0767,1.0853,591377.0,644061.1971
2025-05-19 12:00:00,1.0853,1.1225,1.0679,1.1089,1544202.0,1694441.5977
2025-05-19 16:00:00,1.1089,1.1475,1.0948,1.1207,820764.0,919440.2621
2025-05-19 20:00:00,1.1207,1.1327,1.109,1.1262,363055.0,406662.9506
2025-05-20 00:00:00,1.1262,1.1608,1.1171,1.1297,842260.0,958891.4861
2025-05-20 04:00:00,1.1297,1.1502,1.1153,1.1167,818550.0,926133.8086
2025-05-20 08:00:00,1.1167,1.1194,1.0847,1.0973,897426.0,985288.8887
2025-05-20 12:00:00,1.0973,1.1007,1.0772,1.099,1023092.0,1112116.8597
2025-05-20 16:00:00,1.099,1.1089,1.0609,1.0983,761168.0,820968.9124
2025-05-20 20:00:00,1.0983,1.1277,1.09,1.1148,940201.0,1042456.3745
2025-05-21 00:00:00,1.1148,1.1237,1.0896,1.1155,941593.0,1042805.5241
2025-05-21 04:00:00,1.1155,1.145,1.1067,1.1119,1294860.0,1455734.1656
2025-05-21 08:00:00,1.1119,1.1333,1.0999,1.1219,1448131.0,1608941.1103
2025-05-21 12:00:00,1.1219,1.1613,1.1116,1.1572,2730173.0,3105612.9397
2025-05-21 16:00:00,1.1572,1.2888,1.1357,1.1706,4882172.0,5851556.7291
2025-05-21 20:00:00,1.1706,1.2185,1.1532,1.1925,1546654.0,1829126.8157
2025-05-22 00:00:00,1.1925,1.2483,1.1912,1.2386,3163929.0,3864684.2653
2025-05-22 04:00:00,1.2386,1.2706,1.234,1.2623,2334385.0,2929334.6018
2025-05-22 08:00:00,1.2623,1.2898,1.2513,1.2688,2460714.0,3127157.6337
2025-05-22 12:00:00,1.2688,1.4916,1.264,1.4488,11267440.0,15710995.1569
2025-05-22 16:00:00,1.4488,1.651,1.4417,1.5704,15438232.0,23933738.896
2025-05-22 20:00:00,1.5704,1.6097,1.4768,1.5149,8349865.0,12711192.0141
2025-05-23 00:00:00,1.5149,1.6013,1.4992,1.5781,6900860.0,10750561.8005
2025-05-23 04:00:00,1.5781,1.5871,1.517,1.545,6374131.0,9908802.0226
2025-05-23 08:00:00,1.545,1.5764,1.4413,1.4543,6708181.0,10211982.1539
2025-05-23 12:00:00,1.4543,1.5723,1.4081,1.515,11489102.0,17233737.4089
2025-05-23 16:00:00,1.515,1.5627,1.4746,1.4799,4859625.0,7382398.855
2025-05-23 20:00:00,1.4799,1.4836,1.3363,1.3539,6715620.0,9366822.5726
2025-05-24 00:00:00,1.3539,1.4316,1.3454,1.4266,4076768.0,5685572.1284
2025-05-24 04:00:00,1.4266,1.4359,1.4053,1.4127,2322114.0,3296289.9342
2025-05-24 08:00:00,1.4127,1.4962,1.3912,1.4673,5524587.0,8027266.9356
2025-05-24 12:00:00,1.4673,1.5228,1.4529,1.4632,9393608.0,13893466.557
2025-05-24 16:00:00,1.4632,1.477,1.3879,1.4149,6578652.0,9434358.9102
2025-05-24 20:00:00,1.4149,1.4279,1.3829,1.4071,2679015.0,3751569.5819
2025-05-25 00:00:00,1.4071,1.4195,1.361,1.4053,5092314.0,7063047.4302
2025-05-25 04:00:00,1.4053,1.4065,1.3602,1.3619,1491294.0,2059897.4904
2025-05-25 08:00:00,1.3619,1.3758,1.344,1.3647,3403312.0,4631605.8428
2025-05-25 12:00:00,1.3647,1.3868,1.3135,1.3434,4687940.0,6322956.9277
2025-05-25 16:00:00,1.3434,1.3677,1.315,1.3568,1419426.0,1893665.8559
2025-05-25 20:00:00,1.3568,1.4309,1.3298,1.4217,2808288.0,3888418.1077
2025-05-26 00:00:00,1.4217,1.4679,1.4125,1.4236,3427579.0,4919722.8954
2025-05-26 04:00:00,1.4236,1.472,1.4198,1.4482,3355142.0,4841866.2622
2025-05-26 08:00:00,1.4482,1.4519,1.3796,1.3842,4411141.0,6206114.957
2025-05-26 12:00:00,1.3842,1.3939,1.3471,1.3825,3804281.0,5205236.1115
2025-05-26 16:00:00,1.3825,1.3904,1.339,1.3456,1291062.0,1750486.18
2025-05-26 20:00:00,1.3456,1.3714,1.3416,1.3673,857539.0,1166112.4349
2025-05-27 00:00:00,1.3673,1.396,1.3285,1.3837,2550070.0,3463634.8478
2025-05-27 04:00:00,1.3837,1.4505,1.3692,1.4164,2932732.0,4140073.1017
2025-05-27 08:00:00,1.4164,1.4463,1.3872,1.4037,2991265.0,4231030.7662
2025-05-27 12:00:00,1.4037,1.4337,1.3706,1.3956,3506023.0,4907613.3306
2025-05-27 16:00:00,1.3956,1.4414,1.3818,1.412,2089821.0,2960755.9303
2025-05-27 20:00:00,1.412,1.4212,1.3888,1.4028,1653772.0,2327871.8515
2025-05-28 00:00:00,1.4028,1.4225,1.3822,1.4064,1529962.0,2141611.5715
2025-05-28 04:00:00,1.4064,1.4064,1.3607,1.3628,2154611.0,2978049.2856
2025-05-28 08:00:00,1.3628,1.3746,1.3418,1.3739,2249525.0,3055287.6023
2025-05-28 12:00:00,1.3739,1.3951,1.3074,1.3176,4503877.0,6058423.368
2025-05-28 16:00:00,1.3176,1.3448,1.3026,1.3082,1584247.0,2097881.2266
2025-05-28 20:00:00,1.3082,1.3815,1.3081,1.3593,1772522.0,2391524.6164
2025-05-29 00:00:00,1.3593,1.4004,1.3485,1.381,2240311.0,3086272.1341
2025-05-29 04:00:00,1.381,1.3835,1.3411,1.3559,1726935.0,2350098.5727
2025-05-29 08:00:00,1.3559,1.3696,1.3463,1.3564,1145623.0,1555406.0403
2025-05-29 12:00:00,1.3564,1.3564,1.309,1.3263,1916935.0,2550073.3846
2025-05-29 16:00:00,1.3263,1.3422,1.3137,1.3212,1190901.0,1582986.6997
2025-05-29 20:00:00,1.3212,1.3316,1.3055,1.3108,878595.0,1156502.9074
2025-05-30 00:00:00,1.3108,1.3249,1.2,1.2479,10834798.0,13496295.1574
2025-05-30 04:00:00,1.2479,1.2518,1.2165,1.2383,4230649.0,5216242.9166
2025-05-30 08:00:00,1.2383,1.2403,1.2075,1.2156,3837300.0,4690412.5859
2025-05-30 12:00:00,1.2156,1.2416,1.1926,1.2097,4757097.0,5772223.9271
2025-05-30 16:00:00,1.2097,1.2194,1.1666,1.2115,3010101.0,3585047.6945
2025-05-30 20:00:00,1.2115,1.2124,1.106,1.1249,4201187.0,4838266.4562
2025-05-31 00:00:00,1.1249,1.1294,1.0695,1.0984,4550586.0,4978294.748
2025-05-31 04:00:00,1.0984,1.1423,1.089,1.1411,2440124.0,2729816.622
2025-05-31 08:00:00,1.1411,1.1593,1.1191,1.127,3737390.0,4245972.0351
2025-05-31 12:00:00,1.127,1.1722,1.1228,1.1423,2275819.0,2622487.6231
2025-05-31 16:00:00,1.1423,1.1595,1.1339,1.1426,2590323.0,2961663.331
2025-05-31 20:00:00,1.1426,1.1547,1.1325,1.1356,575932.0,657604.027
2025-06-01 00:00:00,1.1356,1.1458,1.1137,1.1235,2601459.0,2925155.088
2025-06-01 04:00:00,1.1235,1.1395,1.1183,1.1249,692562.0,781658.8953
2025-06-01 08:00:00,1.1249,1.1262,1.0973,1.1142,2051232.0,2276732.4951
2025-06-01 12:00:00,1.1142,1.143,1.103,1.1373,1220639.0,1376686.1665
2025-06-01 16:00:00,1.1373,1.1573,1.1142,1.1411,1433296.0,1632933.0311
2025-06-01 20:00:00,1.1411,1.1742,1.1329,1.1651,1221458.0,1414624.7686
2025-06-02 00:00:00,1.1651,1.1681,1.128,1.1365,1300698.0,1490533.0448
2025-06-02 04:00:00,1.1365,1.1484,1.1232,1.1399,809624.0,917835.5696
2025-06-02 08:00:00,1.1399,1.15,1.1114,1.1174,1280492.0,1437614.5299
2025-06-02 12:00:00,1.1174,1.1481,1.1069,1.131,1502761.0,1695421.6627
2025-06-02 16:00:00,1.131,1.1436,1.1109,1.1207,494255.0,556596.1433
2025-06-02 20:00:00,1.1207,1.1924,1.1207,1.1877,1617863.0,1884511.6194
2025-06-03 00:00:00,1.1877,1.2459,1.1831,1.1937,2518018.0,3058996.8224
2025-06-03 04:00:00,1.1937,1.2069,1.1787,1.1953,1132632.0,1350062.4463
2025-06-03 08:00:00,1.1953,1.2191,1.1768,1.2146,1375236.0,1650893.8876
2025-06-03 12:00:00,1.2146,1.2362,1.2037,1.2301,4300928.0,5249592.3175
2025-06-03 16:00:00,1.2301,1.2505,1.205,1.2365,1503038.0,1837044.5476
2025-06-03 20:00:00,1.2365,1.239,1.1837,1.1881,2522287.0,3019763.7362
2025-06-04 00:00:00,1.1881,1.2135,1.1706,1.1969,2277492.0,2718064.7928
2025-06-04 04:00:00,1.1969,1.1989,1.1768,1.1816,1399196.0,1661081.6836
2025-06-04 08:00:00,1.1816,1.1921,1.1555,1.1572,3391211.0,3983186.2676
2025-06-04 12:00:00,1.1572,1.1776,1.1359,1.174,5447225.0,6283095.6196
2025-06-04 16:00:00,1.174,1.176,1.1516,1.1523,2012266.0,2340353.1574
2025-06-04 20:00:00,1.1523,1.1604,1.1287,1.1317,3267030.0,3734890.3945
2025-06-05 00:00:00,1.1317,1.1468,1.1243,1.1336,2611152.0,2962449.576
2025-06-05 04:00:00,1.1336,1.1406,1.1118,1.1286,2277080.0,2559534.0132
2025-06-05 08:00:00,1.1286,1.1325,1.1051,1.114,1486411.0,1662250.3408
2025-06-05 12:00:00,1.114,1.1427,1.0862,1.1076,4886696.0,5447763.1622
2025-06-05 16:00:00,1.1076,1.108,1.0406,1.0541,5592248.0,6011716.2143
2025-06-05 20:00:00,1.0541,1.0576,1.0128,1.0328,6814692.0,7027768.7518
2025-06-06 00:00:00,1.0328,1.0555,1.029,1.0514,2435211.0,2535273.2909
2025-06-06 04:00:00,1.0514,1.067,1.0475,1.0546,1399621.0,1478385.7821
2025-06-06 08:00:00,1.0546,1.0637,1.0458,1.0504,1250121.0,1318481.1324
2025-06-06 12:00:00,1.0504,1.0957,1.0504,1.0822,2875473.0,3085908.7568
2025-06-06 16:00:00,1.0822,1.0917,1.0567,1.0621,1375969.0,1479338.68
2025-06-06 20:00:00,1.0621,1.0739,1.0574,1.0624,754131.0,801807.7316
2025-06-07 00:00:00,1.0624,1.1079,1.0579,1.1056,737859.0,801076.2967
2025-06-07 04:00:00,1.1056,1.1317,1.0962,1.1301,934415.0,1041479.2029
2025-06-07 08:00:00,1.1301,1.1398,1.1142,1.1287,1201893.0,1355746.9895
2025-06-07 12:00:00,1.1287,1.1387,1.1119,1.1183,1199541.0,1349118.2318
2025-06-07 16:00:00,1.1183,1.1234,1.0994,1.1188,591154.0,656386.3221
2025-06-07 20:00:00,1.1188,1.1363,1.1145,1.1213,383226.0,430121.9362
2025-06-08 00:00:00,1.1213,1.1261,1.1103,1.1119,426030.0,475749.679
2025-06-08 04:00:00,1.1119,1.1171,1.0942,1.0972,639534.0,706218.5327
2025-06-08 08:00:00,1.0972,1.1123,1.0905,1.1086,1099750.0,1210013.5873
2025-06-08 12:00:00,1.1086,1.1146,1.0942,1.1024,889198.0,980643.2089
2025-06-08 16:00:00,1.1024,1.1237,1.1015,1.1181,906408.0,1010887.8515
2025-06-08 20:00:00,1.1181,1.145,1.101,1.1063,1036610.0,1162702.866
2025-06-09 00:00:00,1.1063,1.115,1.0871,1.0948,1254241.0,1379650.9134
2025-06-09 04:00:00,1.0948,1.1005,1.0682,1.0813,1647874.0,1777219.7459
2025-06-09 08:00:00,1.0813,1.1443,1.0746,1.1367,3620853.0,4043446.8515
2025-06-09 12:00:00,1.1367,1.1367,1.0882,1.1047,5171480.0,5751435.3927
2025-06-09 16:00:00,1.1047,1.129,1.1046,1.1132,2313336.0,2580931.3026
2025-06-09 20:00:00,1.1132,1.1704,1.1132,1.1641,4616451.0,5339593.4144
2025-06-10 00:00:00,1.1641,1.1768,1.1343,1.1403,2572749.0,2955293.1889
2025-06-10 04:00:00,1.1403,1.146,1.1162,1.1423,2515190.0,2848264.9537
2025-06-10 08:00:00,1.1423,1.1819,1.1261,1.1804,2724716.0,3138115.8711
2025-06-10 12:00:00,1.1804,1.1932,1.1251,1.145,6552681.0,7607374.3672
2025-06-10 16:00:00,1.145,1.1764,1.1274,1.157,2922286.0,3349750.2063
2025-06-10 20:00:00,1.157,1.1818,1.1405,1.1798,2419797.0,2815494.4374
2025-06-11 00:00:00,1.1798,1.1886,1.1503,1.1625,3272557.0,3821416.8279
2025-06-11 04:00:00,1.1625,1.178,1.1581,1.1682,1650903.0,1927272.1895
2025-06-11 08:00:00,1.1682,1.1727,1.1314,1.1481,2390460.0,2747960.4845
2025-06-11 12:00:00,1.1481,1.2194,1.136,1.1974,5186237.0,6129499.0891
2025-06-11 16:00:00,1.1974,1.2039,1.139,1.1405,2839093.0,3324123.4975
2025-06-11 20:00:00,1.1405,1.16,1.0965,1.1189,5207512.0,5816379.2626
2025-06-12 00:00:00,1.1189,1.1221,1.0943,1.1017,2048972.0,2268307.3727
2025-06-12 04:00:00,1.1017,1.1213,1.0964,1.099,1902201.0,2105791.2753
2025-06-12 08:00:00,1.099,1.0998,1.0754,1.0776,4702502.0,5109379.9806
2025-06-12 12:00:00,1.0776,1.1056,1.0581,1.0645,3445187.0,3734517.5619
2025-06-12 16:00:00,1.0645,1.0933,1.0411,1.0471,1712310.0,1828953.5496
2025-06-12 20:00:00,1.0471,1.0512,1.0153,1.0268,1801979.0,1852898.0114
2025-06-13 00:00:00,1.0268,1.0285,0.9348,0.9697,5418832.0,5256745.5835
2025-06-13 04:00:00,0.9697,0.9713,0.9514,0.968,1036246.0,997404.4635
2025-06-13 08:00:00,0.968,0.9891,0.9633,0.977,1592080.0,1552450.5877
2025-06-13 12:00:00,0.977,0.9902,0.9533,0.9818,2130811.0,2068624.2131
2025-06-13 16:00:00,0.9818,1.0021,0.9654,0.978,1277517.0,1253939.5191
2025-06-13 20:00:00,0.978,1.0034,0.976,1.0034,1072982.0,1063877.937
2025-06-14 00:00:00,1.0034,1.0068,0.9854,0.9898,872889.0,868421.2476
2025-06-14 04:00:00,0.9898,0.9977,0.9806,0.9902,647096.0,639858.8583
2025-06-14 08:00:00,0.9902,0.9917,0.9809,0.9867,617577.0,609003.612
2025-06-14 12:00:00,0.9867,0.9934,0.9659,0.9731,1032228.0,1013248.1027
2025-06-14 16:00:00,0.9731,0.9782,0.956,0.9617,785923.0,757087.0954
2025-06-14 20:00:00,0.9617,0.9822,0.9533,0.9753,423591.0,409619.4472
2025-06-15 00:00:00,0.9753,0.9873,0.9749,0.9775,517378.0,506995.952
2025-06-15 04:00:00,0.9775,0.9879,0.9688,0.9754,737206.0,721948.8112
2025-06-15 08:00:00,0.9754,0.9817,0.9657,0.976,666836.0,649338.939
2025-06-15 12:00:00,0.976,0.9953,0.9738,0.9812,1146923.0,1128549.6384
2025-06-15 16:00:00,0.9812,0.9849,0.9675,0.9716,491933.0,480176.1355
2025-06-15 20:00:00,0.9716,0.9822,0.954,0.9794,1036747.0,1003773.5097
2025-06-16 00:00:00,0.9794,0.9939,0.9622,0.9854,1274201.0,1250408.6403
2025-06-16 04:00:00,0.9854,1.0204,0.9849,1.018,1710744.0,1724232.717
2025-06-16 08:00:00,1.018,1.0228,0.9985,1.0067,1602030.0,1619362.2238
2025-06-16 12:00:00,1.0067,1.026,0.9992,1.0084,1769422.0,1793487.538
2025-06-16 16:00:00,1.0084,1.0242,1.0065,1.0135,923499.0,935954.6844
2025-06-16 20:00:00,1.0135,1.0228,0.9562,0.9582,2505673.0,2482128.8614
2025-06-17 00:00:00,0.9582,0.9671,0.9159,0.9603,3065116.0,2892169.809
2025-06-17 04:00:00,0.9603,0.9631,0.9386,0.9462,1199556.0,1136644.3646
2025-06-17 08:00:00,0.9462,0.9462,0.9261,0.9306,1797149.0,1677351.6275
2025-06-17 12:00:00,0.9306,0.9451,0.905,0.9157,3372131.0,3119173.4887
2025-06-17 16:00:00,0.9157,0.9338,0.8901,0.9258,2029954.0,1842823.7891
2025-06-17 20:00:00,0.9258,0.9295,0.9037,0.9101,1655117.0,1513757.2593
2025-06-18 00:00:00,0.9101,0.9241,0.9081,0.9204,858515.0,787866.3879
2025-06-18 04:00:00,0.9204,0.9324,0.9169,0.9188,576717.0,533127.4225
2025-06-18 08:00:00,0.9188,0.9226,0.8788,0.896,2816200.0,2521206.7079
2025-06-18 12:00:00,0.896,0.9135,0.867,0.9076,3143360.0,2796474.6675
2025-06-18 16:00:00,0.9076,0.9186,0.8907,0.9015,1346841.0,1219239.497
2025-06-18 20:00:00,0.9015,0.9698,0.8998,0.9549,2820472.0,2666306.2525
2025-06-19 00:00:00,0.9549,0.9684,0.9359,0.9426,1257335.0,1194743.7942
2025-06-19 04:00:00,0.9426,0.9551,0.932,0.9329,1043886.0,984058.0929
2025-06-19 08:00:00,0.9329,0.9429,0.9206,0.9225,1262031.0,1173810.4384
2025-06-19 12:00:00,0.9225,0.9351,0.9191,0.9307,1371336.0,1271750.6241
2025-06-19 16:00:00,0.9307,0.943,0.9194,0.9282,768309.0,714992.3608
2025-06-19 20:00:00,0.9282,0.938,0.923,0.9307,449895.0,417967.9125
2025-06-20 00:00:00,0.9307,0.9368,0.9235,0.9245,232090.0,215681.7555
2025-06-20 04:00:00,0.9245,0.9452,0.9093,0.9413,1122060.0,1038557.6737
2025-06-20 08:00:00,0.9413,0.9488,0.9314,0.9369,2142696.3977,2011042.23878551
2025-06-20 12:00:00,0.9369,0.9632,0.8986,0.9247,13175459.9593,12241835.11611879
2025-06-20 16:00:00,0.9247,0.9273,0.8691,0.8876,14762685.0789,13232291.84057257
2025-06-20 20:00:00,0.8876,0.9015,0.8703,0.8845,2834174.7187,2506206.64065007
2025-06-21 00:00:00,0.8845,0.8949,0.8821,0.8889,2014671.2081,1788961.00501128
2025-06-21 04:00:00,0.8889,0.8934,0.8821,0.8883,2587966.7969,2295938.23920553
2025-06-21 08:00:00,0.8883,0.8952,0.8775,0.8798,2354400.8304,2084180.44970986
2025-06-21 12:00:00,0.8798,0.8831,0.8444,0.8547,7177269.8963,6171332.46287301
2025-06-21 16:00:00,0.8547,0.8592,0.8282,0.8323,5016897.031,4217747.69757515
2025-06-21 20:00:00,0.8323,0.8661,0.7966,0.8651,6238593.7641,5171417.59163839
2025-06-22 00:00:00,0.8651,0.8809,0.8468,0.8508,6087795.985,5248345.89551345
2025-06-22 04:00:00,0.8508,0.8611,0.8443,0.8501,3494969.8685,2975679.61334962
2025-06-22 08:00:00,0.8501,0.8529,0.8304,0.837,4175533.4728,3516366.7475603
2025-06-22 12:00:00,0.837,0.8415,0.7864,0.795,8477712.0206,6869348.31974461
2025-06-22 16:00:00,0.795,0.8013,0.7786,0.7929,3381410.4752,2676216.39743835
2025-06-22 20:00:00,0.7929,0.8331,0.7707,0.8273,4065970.1072,3261288.39480236
2025-06-23 00:00:00,0.8273,0.8367,0.8188,0.8214,1520613.1559,1259065.53700184
2025-06-23 04:00:00,0.8214,0.8389,0.8199,0.8294,2187564.9273,1811949.40966571
2025-06-23 08:00:00,0.8294,0.8326,0.8153,0.8228,2553303.4646,2101543.45746269
2025-06-23 12:00:00,0.8228,0.8514,0.8161,0.8235,4739554.3237,3960068.64825521
2025-06-23 16:00:00,0.8235,0.8625,0.7987,0.8597,4595328.092,3829965.07159895
2025-06-23 20:00:00,0.8597,0.931,0.8597,0.9225,5892035.0257,5298648.70313247
2025-06-24 00:00:00,0.9225,0.9363,0.9103,0.9326,3653569.3676,3372879.35968156
2025-06-24 04:00:00,0.9326,0.9567,0.9276,0.9323,2852731.1908,2692148.25873823
2025-06-24 08:00:00,0.9323,0.9465,0.917,0.9246,3525021.0767,3279918.77277044
2025-06-24 12:00:00,0.9246,0.936,0.9153,0.9219,3252452.7887,3006780.6035863
2025-06-24 16:00:00,0.9219,0.9388,0.9047,0.9115,2036803.6137,1875167.72267216
2025-06-24 20:00:00,0.9115,0.9307,0.9073,0.9297,1703800.8337,1568164.03975784
2025-06-25 00:00:00,0.9297,0.9377,0.9247,0.9262,2704452.0226,2519668.20374383
2025-06-25 04:00:00,0.9262,0.9282,0.9133,0.9215,1423895.1147,1309446.28333613
2025-06-25 08:00:00,0.9215,0.9222,0.8995,0.9167,2638658.8986,2402703.57184384
2025-06-25 12:00:00,0.9167,0.9229,0.8912,0.895,5191105.8697,4714180.79328531
2025-06-25 16:00:00,0.895,0.9031,0.8849,0.8923,2496317.5551,2230190.31575496
2025-06-25 20:00:00,0.8923,0.9029,0.8745,0.884,2465974.1241,2183462.69897545
2025-06-26 00:00:00,0.884,0.9133,0.8801,0.8919,4229790.2731,3782008.92116562
2025-06-26 04:00:00,0.8919,0.9007,0.8805,0.8948,1954094.4961,1741297.96159329
2025-06-26 08:00:00,0.8948,0.8983,0.8742,0.876,2349704.274,2071553.96520895
2025-06-26 12:00:00,0.876,0.8774,0.8516,0.8678,4753937.4414,4101915.08772628
2025-06-26 16:00:00,0.8678,0.8774,0.8558,0.8738,1041524.751,902199.6961412
2025-06-26 20:00:00,0.8738,0.8926,0.8601,0.8629,2300670.3661,2012933.78266399
2025-06-27 00:00:00,0.8629,0.8729,0.8496,0.8681,3034260.9152,2616400.98689841
2025-06-27 04:00:00,0.8681,0.885,0.8565,0.86,1346910.9732,1170026.75778651
2025-06-27 08:00:00,0.86,0.8774,0.8591,0.8638,1268571.9984,1097738.58260996
2025-06-27 12:00:00,0.8638,0.8748,0.8547,0.8713,1497631.4956,1292613.19499605
2025-06-27 16:00:00,0.8713,0.888,0.8504,0.8567,2021909.4993,1753875.01663534
2025-06-27 20:00:00,0.8567,0.8743,0.8548,0.8731,630338.8161,546530.43730659
2025-06-28 00:00:00,0.8731,0.8837,0.8658,0.8744,5060205.2609,4429622.99262459
2025-06-28 04:00:00,0.8744,0.8806,0.8697,0.88,1873396.49,1638591.86168526
2025-06-28 08:00:00,0.88,0.8833,0.8668,0.8683,1999067.042,1746988.591876
2025-06-28 12:00:00,0.8683,0.8809,0.8667,0.8797,971662.3353,847460.81750116
2025-06-28 16:00:00,0.8797,0.893,0.8752,0.8855,1646129.08,1454929.67398246
2025-06-28 20:00:00,0.8855,0.9042,0.8834,0.8946,1870309.5551,1671151.94921108
2025-06-29 00:00:00,0.8946,0.9043,0.8848,0.8897,1667347.9955,1491856.13510043
2025-06-29 04:00:00,0.8897,0.8979,0.8868,0.8979,1145272.785,1022473.80768449
2025-06-29 08:00:00,0.8979,0.9069,0.8942,0.9009,1303048.2281,1174243.50497335
2025-06-29 12:00:00,0.9009,0.9086,0.8853,0.8875,1685272.1524,1509045.92040842
2025-06-29 16:00:00,0.8875,0.9032,0.886,0.9025,775515.3457,693287.4614972
2025-06-29 20:00:00,0.9025,0.9588,0.8959,0.9407,3039270.0166,2846570.47551843
2025-06-30 00:00:00,0.9407,0.9475,0.9142,0.92,2795643.6165,2596895.61212419
2025-06-30 04:00:00,0.92,0.9262,0.9038,0.9235,2503816.9859,2299949.17400919
2025-06-30 08:00:00,0.9235,0.9245,0.9008,0.9014,2193686.5736,1995753.92127585
2025-06-30 12:00:00,0.9014,0.9084,0.8808,0.8985,5874544.0056,5245289.7115168
2025-06-30 16:00:00,0.8985,0.9213,0.8943,0.9195,3371533.903,3049459.82474081
2025-06-30 20:00:00,0.9195,0.9237,0.8952,0.8987,2587229.2676,2348095.85889622
2025-07-01 00:00:00,0.8987,0.9027,0.8843,0.8892,1762038.7579,1572664.13523433
2025-07-01 04:00:00,0.8892,0.8892,0.8684,0.8801,9317628.8021,8160462.86888235
2025-07-01 08:00:00,0.8801,0.8802,0.8651,0.8669,2773838.8432,2422241.71012355
2025-07-01 12:00:00,0.8669,0.8746,0.8585,0.8619,4298331.5867,3722173.08501015
2025-07-01 16:00:00,0.8619,0.8648,0.8468,0.847,3088330.271,2639470.1931089
2025-07-01 20:00:00,0.847,0.8557,0.8435,0.8542,2139818.4215,1818341.23608914
2025-07-02 00:00:00,0.8542,0.8625,0.8441,0.8554,1904111.2164,1625127.05478796
2025-07-02 04:00:00,0.8554,0.8917,0.8532,0.8868,3671164.3573,3225312.10938371
2025-07-02 08:00:00,0.8868,0.8987,0.8775,0.8857,3213053.9304,2851315.74503745
2025-07-02 12:00:00,0.8857,0.9159,0.8835,0.914,4115573.744,3697828.31933031
2025-07-02 16:00:00,0.914,0.9614,0.9137,0.9598,10228636.0003,9669827.79180288
2025-07-02 20:00:00,0.9598,0.9655,0.9423,0.9435,7886529.3277,7543940.45983201
2025-07-03 00:00:00,0.9435,0.9685,0.9427,0.9515,6209765.5722,5945554.54849231
2025-07-03 04:00:00,0.9515,0.983,0.9513,0.968,5869986.1959,5707078.69639669
2025-07-03 08:00:00,0.968,0.9766,0.9495,0.9537,5721296.6246,5531423.24984598
2025-07-03 12:00:00,0.9537,0.9707,0.9218,0.9232,15561934.0867,14758675.04790781
2025-07-03 16:00:00,0.9232,0.944,0.9232,0.9438,10685139.7995,9990579.68222458
2025-07-03 20:00:00,0.9438,0.9503,0.9406,0.9432,1928550.1533,1824548.63021561
2025-07-04 00:00:00,0.9432,0.9516,0.9285,0.9343,4126845.6628,3877639.71659835
2025-07-04 04:00:00,0.9343,0.938,0.9027,0.9031,4516622.4013,4141843.90258982
2025-07-04 08:00:00,0.9031,0.909,0.8922,0.896,2329182.9564,2098034.16547773
2025-07-04 12:00:00,0.896,0.9001,0.8701,0.8706,4132177.2977,3648697.42248223
2025-07-04 16:00:00,0.8706,0.8737,0.8599,0.8666,4034405.8587,3500899.1755346
2025-07-04 20:00:00,0.8666,0.8778,0.8649,0.8723,1283198.6995,1119629.5257593
2025-07-05 00:00:00,0.8723,0.8829,0.8678,0.8766,2184547.6517,1914360.66785826
2025-07-05 04:00:00,0.8766,0.8863,0.8719,0.8792,2342429.5621,2062358.33120425
2025-07-05 08:00:00,0.8792,0.8845,0.8733,0.8752,983750.3604,863380.90624361
2025-07-05 12:00:00,0.8752,0.8755,0.8666,0.8694,1177032.1344,1024092.13007506
2025-07-05 16:00:00,0.8694,0.8749,0.8543,0.8639,1790384.9411,1544677.45390156
2025-07-05 20:00:00,0.8639,0.8692,0.8608,0.8684,974286.6564,844008.62068876
2025-07-06 00:00:00,0.8684,0.8696,0.8594,0.8613,1085231.1994,938751.30336849
2025-07-06 04:00:00,0.8613,0.8743,0.8592,0.8686,1741216.7331,1512321.18469679
2025-07-06 08:00:00,0.8686,0.8745,0.8621,0.8732,2251798.4847,1952586.4830801
2025-07-06 12:00:00,0.8732,0.8915,0.869,0.8824,5434535.343,4790770.26619516
2025-07-06 16:00:00,0.8824,0.8898,0.8757,0.8855,2455935.3162,2167329.6387148
2025-07-06 20:00:00,0.8855,0.9113,0.8854,0.8925,3753055.5223,3374568.77313209
2025-07-07 00:00:00,0.8925,0.9089,0.8876,0.8976,3763348.2859,3376755.66188657
2025-07-07 04:00:00,0.8976,0.9014,0.8848,0.8928,2868669.6562,2559876.30320278
2025-07-07 08:00:00,0.8928,0.8936,0.8763,0.8809,2629165.4144,2325764.26292728
2025-07-07 12:00:00,0.8809,0.8884,0.8676,0.8733,6257254.4034,5483014.06871296
2025-07-07 16:00:00,0.8733,0.8782,0.8617,0.8695,2223864.2718,1933328.45188172
2025-07-07 20:00:00,0.8695,0.8724,0.858,0.8715,1890629.4412,1632845.51253761
2025-07-08 00:00:00,0.8715,0.8757,0.8566,0.8618,2113174.0327,1825454.77570564
2025-07-08 04:00:00,0.8618,0.8699,0.8589,0.8631,1117681.4112,963411.89470937
2025-07-08 08:00:00,0.8631,0.8736,0.8552,0.8671,1743027.1884,1506242.35119603
2025-07-08 12:00:00,0.8671,0.8743,0.8533,0.8577,3481563.7939,3008315.35782295
2025-07-08 16:00:00,0.8577,0.8869,0.8538,0.8826,4070288.8589,3578115.37255617
2025-07-08 20:00:00,0.8826,0.884,0.8714,0.8737,1993239.3905,1746068.19813245
2025-07-09 00:00:00,0.8737,0.8759,0.8596,0.8617,2060600.8432,1781987.59777558
2025-07-09 04:00:00,0.8617,0.8763,0.8605,0.873,10129231.71,8791394.67419394
2025-07-09 08:00:00,0.873,0.8768,0.8663,0.8731,3372274.9512,2939554.46313326
2025-07-09 12:00:00,0.8731,0.885,0.8631,0.8715,5355889.2826,4689869.67728495
2025-07-09 16:00:00,0.8715,0.9115,0.8682,0.9066,5412772.8945,4799106.24268094
2025-07-09 20:00:00,0.9066,0.9181,0.8951,0.9128,6359430.4628,5778809.38561226
2025-07-10 00:00:00,0.9128,0.9214,0.8985,0.9178,3638177.5992,3311412.98253774
2025-07-10 04:00:00,0.9178,0.9305,0.9128,0.9234,2805512.6553,2584839.52230917
2025-07-10 08:00:00,0.9234,0.936,0.9201,0.9334,4210903.0902,3914176.75345781
2025-07-10 12:00:00,0.9334,0.949,0.9231,0.9296,6107336.9656,5719726.22803029
2025-07-10 16:00:00,0.9296,0.9962,0.928,0.9785,8610361.1807,8357009.6790652
2025-07-10 20:00:00,0.9785,1.0767,0.9779,1.0667,11815803.0699,12330104.93941986
2025-07-11 00:00:00,1.0667,1.0968,1.0509,1.094,10231574.8808,11010962.74109843
2025-07-11 04:00:00,1.094,1.1404,1.0758,1.0779,19853395.8685,22005215.44941367
2025-07-11 08:00:00,1.0779,1.1065,1.0769,1.0813,5167018.9185,5651224.68834379
2025-07-11 12:00:00,1.0813,1.1064,1.066,1.0702,7358917.0439,7989817.94939012
2025-07-11 16:00:00,1.0702,1.1011,1.0633,1.1007,4024475.664,4367729.37976718
2025-07-11 20:00:00,1.1007,1.101,1.0167,1.0414,8976455.6412,9379405.07421866
2025-07-12 00:00:00,1.0414,1.0565,1.0135,1.05,7838670.1731,8098696.89446522
2025-07-12 04:00:00,1.05,1.0524,1.0197,1.039,4042328.235,4181577.20464749
2025-07-12 08:00:00,1.039,1.0447,1.0291,1.0333,2864792.9175,2969735.67845113
2025-07-12 12:00:00,1.0333,1.0386,0.992,1.0043,7562760.9213,7654534.38945074
2025-07-12 16:00:00,1.0043,1.0303,0.9985,1.0286,4073941.7399,4142174.0431214
2025-07-12 20:00:00,1.0286,1.0291,1.0076,1.0288,2532667.8169,2585500.79222796
2025-07-13 00:00:00,1.0288,1.0359,1.0225,1.0312,2833012.8047,2918517.04986883
2025-07-13 04:00:00,1.0312,1.052,1.027,1.0432,3588333.3226,3729028.60185741
2025-07-13 08:00:00,1.0432,1.0494,1.0259,1.0493,5118161.6069,5301757.80307246
2025-07-13 12:00:00,1.0493,1.0708,1.0438,1.0554,5356114.0263,5657309.55512988
2025-07-13 16:00:00,1.0554,1.079,1.0513,1.0655,3801542.2058,4042808.85545894
2025-07-13 20:00:00,1.0655,1.0757,1.0337,1.0449,5744440.3613,6037710.61680322
2025-07-14 00:00:00,1.0449,1.0961,1.0396,1.0841,5785705.9584,6175922.27546338
2025-07-14 04:00:00,1.0841,1.1211,1.0774,1.0911,12486002.2118,13679767.92164672
2025-07-14 08:00:00,1.0911,1.0925,1.0661,1.0711,7182492.0261,7734431.34456072
2025-07-14 12:00:00,1.0711,1.0843,1.0365,1.0455,7724451.6534,8204853.94029787
2025-07-14 16:00:00,1.0455,1.0589,1.0277,1.0356,5323950.5935,5548338.51082158
2025-07-14 20:00:00,1.0356,1.0533,1.0183,1.0522,3601515.4522,3737727.2677703
2025-07-15 00:00:00,1.0522,1.0603,1.0012,1.0118,7641007.9358,7860201.38188809
2025-07-15 04:00:00,1.0118,1.0283,1.0012,1.0137,3489727.6928,3552782.49171025
2025-07-15 08:00:00,1.0137,1.0198,1.0025,1.0123,3625184.104,3670688.05150307
2025-07-15 12:00:00,1.0123,1.0389,0.99,1.0306,11390058.7579,11574397.75238504
2025-07-15 16:00:00,1.0306,1.0782,1.0281,1.0371,6930774.4358,7290145.37748421
2025-07-15 20:00:00,1.0371,1.0866,1.0335,1.0842,4286896.2797,4560884.11901893
2025-07-16 00:00:00,1.0842,1.0943,1.0483,1.0612,6840177.9839,7293972.44857763
2025-07-16 04:00:00,1.0612,1.0834,1.0512,1.078,2977998.0111,3176415.47256679
2025-07-16 08:00:00,1.078,1.0839,1.0659,1.0839,3453064.9973,3714263.97858112
2025-07-16 12:00:00,1.0839,1.1056,1.0711,1.0968,10961023.7931,11926584.21899184
2025-07-16 16:00:00,1.0968,1.1367,1.0956,1.1148,7024337.5044,7859038.51572431
2025-07-16 20:00:00,1.1148,1.1495,1.1025,1.1078,7974311.4107,9002801.02701053
2025-07-17 00:00:00,1.1078,1.1332,1.0822,1.0908,8308180.3919,9180637.64048589
2025-07-17 04:00:00,1.0908,1.1228,1.0852,1.117,5882809.2375,6506120.91753443
2025-07-17 08:00:00,1.117,1.1333,1.1104,1.1127,6265189.1861,7018929.21305728
2025-07-17 12:00:00,1.1127,1.1301,1.0932,1.1139,9486186.5852,10553795.94272804
2025-07-17 16:00:00,1.1139,1.1156,1.0676,1.0721,9199755.4425,9994478.2262901
2025-07-17 20:00:00,1.0721,1.1331,1.0547,1.108,10771083.275,11780068.78766914
2025-07-18 00:00:00,1.108,1.1624,1.1016,1.1496,8747834.7973,9968111.55756385
2025-07-18 04:00:00,1.1496,1.2129,1.1443,1.1714,14198784.7468,16851222.78236966
2025-07-18 08:00:00,1.1714,1.1899,1.1416,1.1579,8215877.9585,9550206.10970988
2025-07-18 12:00:00,1.1579,1.2024,1.1364,1.1436,14826983.4905,17393172.80480829
2025-07-18 16:00:00,1.1436,1.1606,1.1193,1.1336,6318463.5417,7211314.42727805
2025-07-18 20:00:00,1.1336,1.158,1.1001,1.1398,6852033.0468,7756216.03043822
2025-07-19 00:00:00,1.1398,1.1744,1.0952,1.17,6252865.2874,7087567.69551121
2025-07-19 04:00:00,1.17,1.184,1.1425,1.1457,4502961.3969,5234016.89868617
2025-07-19 08:00:00,1.1457,1.1532,1.126,1.13,3893307.0348,4434561.50685972
2025-07-19 12:00:00,1.13,1.1357,1.1092,1.1245,3186332.6447,3576741.8835049
2025-07-19 16:00:00,1.1245,1.1549,1.1134,1.1547,4228130.7889,4777405.59726699
2025-07-19 20:00:00,1.1547,1.1622,1.1369,1.1513,3691781.3159,4244258.2808039
2025-07-20 00:00:00,1.1513,1.1746,1.138,1.1628,5083502.6216,5857378.66334097
2025-07-20 04:00:00,1.1628,1.1974,1.1556,1.1832,5014012.4804,5909709.26671021
2025-07-20 08:00:00,1.1832,1.2423,1.1831,1.2296,7971070.6084,9643429.38666696
2025-07-20 12:00:00,1.2296,1.2862,1.2089,1.2803,9848415.4248,12140346.28076608
2025-07-20 16:00:00,1.2803,1.283,1.241,1.2616,9912903.5935,12493932.31228727
2025-07-20 20:00:00,1.2616,1.2624,1.2011,1.2236,6582451.7124,8101822.62991669
2025-07-21 00:00:00,1.2236,1.2397,1.1959,1.2366,6075635.1006,7396795.54331015
2025-07-21 04:00:00,1.2366,1.2535,1.2236,1.2457,3735719.9882,4626878.32816583
2025-07-21 08:00:00,1.2457,1.2617,1.231,1.2463,3309138.0024,4117996.16386647
2025-07-21 12:00:00,1.2463,1.2926,1.2311,1.251,10238430.0,12918315.9118
2025-07-21 16:00:00,1.251,1.2527,1.196,1.2004,13647764.0,16702683.947
2025-07-21 20:00:00,1.2004,1.2499,1.1948,1.2384,4216666.0,5125860.856
2025-07-22 00:00:00,1.2384,1.261,1.1873,1.2179,12444558.0,15280292.5306
2025-07-22 04:00:00,1.2179,1.2258,1.1771,1.1925,7080526.0,8480719.3974
2025-07-22 08:00:00,1.1925,1.217,1.1634,1.2122,8280720.0,9822204.7066
2025-07-22 12:00:00,1.2122,1.2619,1.2075,1.2221,17176608.0,21205191.4302
2025-07-22 16:00:00,1.2221,1.2547,1.1972,1.2493,10475824.0,12838262.223
2025-07-22 20:00:00,1.2493,1.4019,1.2374,1.3963,22973526.0,30739358.2936
2025-07-23 00:00:00,1.3963,1.3994,1.321,1.3357,14047218.0,18949896.2612
2025-07-23 04:00:00,1.3357,1.3514,1.2915,1.3036,8710086.0,11496443.959
2025-07-23 08:00:00,1.3036,1.3083,1.2624,1.2805,9109732.0,11666233.3826
2025-07-23 12:00:00,1.2805,1.2986,1.1975,1.2488,21290392.0,26486504.1544
2025-07-23 16:00:00,1.2488,1.2494,1.1739,1.1887,13290810.0,15977962.9942
2025-07-23 20:00:00,1.1887,1.1978,1.1267,1.1753,16185326.0,18815901.1374
2025-07-24 00:00:00,1.1753,1.1997,1.1654,1.1782,8313248.0,9856266.4236
2025-07-24 04:00:00,1.1782,1.1862,1.0711,1.1197,21657180.0,24215559.4144
2025-07-24 08:00:00,1.1197,1.1564,1.1084,1.149,12835294.0,14529486.756
2025-07-24 12:00:00,1.149,1.2009,1.1292,1.176,14728646.0,17157879.126
2025-07-24 16:00:00,1.176,1.2032,1.1488,1.1638,13496710.0,15860352.177
2025-07-24 20:00:00,1.1638,1.1729,1.1311,1.1386,6261880.0,7208060.222
2025-07-25 00:00:00,1.1386,1.1391,1.0926,1.1123,13219990.0,14807328.762
2025-07-25 04:00:00,1.1123,1.1346,1.0922,1.12,9539394.0,10641992.4604
2025-07-25 08:00:00,1.12,1.157,1.115,1.1436,9177402.0,10430908.8728
2025-07-25 12:00:00,1.1436,1.1543,1.09,1.1096,9254534.0,10392579.3084
2025-07-25 16:00:00,1.1096,1.1324,1.0973,1.1243,6332582.0,7078858.806
2025-07-25 20:00:00,1.1243,1.1688,1.1223,1.1652,6699632.0,7711073.3624
2025-07-26 00:00:00,1.1652,1.1714,1.153,1.1653,3341132.0,3882727.18
2025-07-26 04:00:00,1.1653,1.1671,1.1563,1.1597,3771834.0,4377539.863
2025-07-26 08:00:00,1.1597,1.1703,1.1557,1.1611,4222722.0,4910634.4214
2025-07-26 12:00:00,1.1611,1.1758,1.1531,1.1726,4601222.0,5366922.031
2025-07-26 16:00:00,1.1726,1.1828,1.1582,1.1775,3760936.0,4404249.9474
2025-07-26 20:00:00,1.1775,1.1818,1.1575,1.1608,3049900.0,3569079.8814
2025-07-27 00:00:00,1.1608,1.1744,1.1554,1.1674,3838656.0,4477341.599
2025-07-27 04:00:00,1.1674,1.186,1.166,1.1695,5320910.0,6249855.3258
2025-07-27 08:00:00,1.1695,1.182,1.1562,1.1718,5463506.0,6387000.27
2025-07-27 12:00:00,1.1718,1.1885,1.1643,1.1814,7491370.0,8833384.5092
2025-07-27 16:00:00,1.1814,1.2119,1.1814,1.199,6293340.0,7553302.5654
2025-07-27 20:00:00,1.199,1.2259,1.1969,1.2166,3800458.0,4603632.3886
2025-07-28 00:00:00,1.2166,1.2329,1.1945,1.2225,5794212.0,7042486.7796
2025-07-28 04:00:00,1.2225,1.237,1.2104,1.235,7588764.0,9317332.9046
2025-07-28 08:00:00,1.235,1.239,1.2137,1.2186,4527960.0,5550964.374
2025-07-28 12:00:00,1.2186,1.2251,1.1416,1.1534,20074986.0,23581312.4672
2025-07-28 16:00:00,1.1534,1.1606,1.1225,1.1334,11230338.0,12787109.5222
2025-07-28 20:00:00,1.1334,1.1353,1.1074,1.1173,9721918.0,10887266.174
2025-07-29 00:00:00,1.1173,1.1304,1.0898,1.1133,9871474.0,10952984.2918
2025-07-29 04:00:00,1.1133,1.1386,1.1048,1.1341,5732262.0,6415907.1544
2025-07-29 08:00:00,1.1341,1.1347,1.0968,1.1041,5617632.0,6262127.6488
2025-07-29 12:00:00,1.1041,1.1235,1.0676,1.0785,8012022.0,8736886.6072
2025-07-29 16:00:00,1.0785,1.0816,1.0542,1.0654,8179508.0,8756932.7202
2025-07-29 20:00:00,1.0654,1.0841,1.0506,1.0819,5562116.0,5926964.7472
2025-07-30 00:00:00,1.0819,1.085,1.0595,1.0784,5376828.0,5787758.5454
2025-07-30 04:00:00,1.0784,1.0834,1.0585,1.0622,3732302.0,3990550.7394
2025-07-30 08:00:00,1.0622,1.0714,1.023,1.0296,8097118.0,8455778.001
2025-07-30 12:00:00,1.0296,1.0649,1.0225,1.0637,6677374.0,6950854.7946
2025-07-30 16:00:00,1.0637,1.081,1.0054,1.0581,10861636.0,11329973.7624
2025-07-30 20:00:00,1.0581,1.0731,1.0432,1.0632,4845902.0,5133257.0022
2025-07-31 00:00:00,1.0632,1.0839,1.0572,1.0784,3670476.0,3940666.4152
2025-07-31 04:00:00,1.0784,1.0897,1.0747,1.0821,2656744.0,2874863.358
2025-07-31 08:00:00,1.0821,1.0933,1.0779,1.0826,2506336.0,2723632.3998
2025-07-31 12:00:00,1.0826,1.084,1.0372,1.0537,7898122.0,8349937.4118
2025-07-31 16:00:00,1.0537,1.0779,1.0362,1.0403,3755806.0,3957260.1234
2025-07-31 20:00:00,1.0403,1.0441,0.9981,1.0048,10588098.0,10788006.8314
2025-08-01 00:00:00,1.0048,1.0064,0.9676,0.9962,19057812.0,18909547.5978
2025-08-01 04:00:00,0.9962,0.9965,0.9695,0.9783,5803702.0,5701518.9734
2025-08-01 08:00:00,0.9783,0.9789,0.9513,0.9765,8553222.0,8266824.0574
2025-08-01 12:00:00,0.9765,0.9925,0.9523,0.9871,11093490.0,10860737.411
2025-08-01 16:00:00,0.9871,0.9978,0.9589,0.9847,8445320.0,8219670.1742
2025-08-01 20:00:00,0.9847,0.9893,0.9312,0.9638,14537566.0,13939065.691
2025-08-02 00:00:00,0.9638,0.9734,0.9612,0.9725,2946916.0,2852630.508
2025-08-02 04:00:00,0.9725,0.9772,0.9416,0.9678,5184514.0,4973026.5244
2025-08-02 08:00:00,0.9678,0.9707,0.9435,0.9541,5114954.0,4889704.1786
2025-08-02 12:00:00,0.9541,0.9603,0.9307,0.935,4565190.0,4315524.802
2025-08-02 16:00:00,0.935,0.946,0.9092,0.925,8888970.0,8237425.0888
2025-08-02 20:00:00,0.925,0.9413,0.9247,0.935,3765026.0,3512100.2304
2025-08-03 00:00:00,0.935,0.9623,0.9245,0.9584,5363096.0,5058785.4792
2025-08-03 04:00:00,0.9584,0.9654,0.9552,0.9642,2000164.0,1920871.9388
2025-08-03 08:00:00,0.9642,0.9727,0.9596,0.9638,1943164.0,1876557.8944
2025-08-03 12:00:00,0.9638,0.9718,0.9588,0.9688,3233980.0,3117478.7388
2025-08-03 16:00:00,0.9688,0.978,0.9654,0.9714,1919640.0,1865619.3772
2025-08-03 20:00:00,0.9714,0.9814,0.9684,0.9735,2450062.0,2387717.4374
2025-08-04 00:00:00,0.9735,0.9957,0.9726,0.9851,5251742.0,5193587.1832
2025-08-04 04:00:00,0.9851,0.9912,0.9773,0.9847,1745892.0,1718959.167
2025-08-04 08:00:00,0.9847,0.9886,0.9739,0.9771,2340754.0,2299889.2686
2025-08-04 12:00:00,0.9771,1.0058,0.9759,0.9935,7355100.0,7295244.1548
2025-08-04 16:00:00,0.9935,1.0148,0.9749,0.9791,7587516.0,7574254.5922
2025-08-04 20:00:00,0.9791,1.004,0.9788,0.9991,3296696.0,3287958.1922
2025-08-05 00:00:00,0.9991,1.0003,0.9685,0.9708,4085718.0,4018693.5112
2025-08-05 04:00:00,0.9708,0.9745,0.9419,0.9439,6066838.0,5810931.716
2025-08-05 08:00:00,0.9439,0.9767,0.9394,0.9738,6836782.0,6581599.8376
2025-08-05 12:00:00,0.9738,0.9744,0.9313,0.9369,11141636.0,10568603.517
2025-08-05 16:00:00,0.9369,0.9462,0.9304,0.9348,2844464.0,2670826.6718
2025-08-05 20:00:00,0.9348,0.9453,0.9232,0.945,3819816.0,3572047.401
2025-08-06 00:00:00,0.945,0.9482,0.9263,0.9299,1835300.0,1717945.7602
2025-08-06 04:00:00,0.9299,0.95,0.9191,0.9485,4981188.0,4655398.0442
2025-08-06 08:00:00,0.9485,0.9496,0.9341,0.9359,1863030.0,1753014.9718
2025-08-06 12:00:00,0.9359,0.9622,0.9265,0.9598,5496190.0,5172562.597
2025-08-06 16:00:00,0.9598,0.9718,0.9467,0.9616,3561104.0,3419217.2236
2025-08-06 20:00:00,0.9616,0.9708,0.9556,0.9662,3789944.0,3648021.3236
2025-08-07 00:00:00,0.9662,0.9744,0.9579,0.959,5509990.0,5311017.3816
2025-08-07 04:00:00,0.959,0.9758,0.9572,0.9725,2578496.0,2491446.6478
2025-08-07 08:00:00,0.9725,1.0088,0.9652,1.0075,4088492.0,4044443.446
2025-08-07 12:00:00,1.0075,1.0168,0.9935,1.0051,3953734.0,3972368.4636
2025-08-07 16:00:00,1.0051,1.009,0.9822,1.0081,4971024.0,4946566.481
2025-08-07 20:00:00,1.0081,1.0261,1.005,1.0247,5623390.0,5709232.2834
2025-08-08 00:00:00,1.0247,1.0333,1.0103,1.022,2969768.0,3031664.733
2025-08-08 04:00:00,1.022,1.0284,1.0073,1.0268,2705626.0,2753899.3314
2025-08-08 08:00:00,1.0268,1.0316,1.013,1.024,3930184.0,4008028.9914
2025-08-08 12:00:00,1.024,1.0422,0.9992,1.0084,6327948.0,6433089.7824
2025-08-08 16:00:00,1.0084,1.0449,1.0055,1.0409,4190556.0,4315644.2434
2025-08-08 20:00:00,1.0409,1.0433,1.0315,1.0347,2102428.0,2180197.1938
2025-08-09 00:00:00,1.0347,1.0432,1.0314,1.0325,3623620.0,3759161.3658
2025-08-09 04:00:00,1.0325,1.0876,1.0318,1.0714,13297068.0,14129997.753
2025-08-09 08:00:00,1.0714,1.0853,1.0656,1.0779,6176156.0,6649602.145
2025-08-09 12:00:00,1.0779,1.0981,1.0644,1.071,7875744.0,8493364.674
2025-08-09 16:00:00,1.071,1.0886,1.0668,1.0845,2934198.0,3160397.1552
2025-08-09 20:00:00,1.0845,1.1001,1.0758,1.0772,7665084.0,8333759.3148
2025-08-10 00:00:00,1.0772,1.099,1.0725,1.0964,5334372.0,5792159.5456
2025-08-10 04:00:00,1.0964,1.1065,1.0393,1.0433,12274792.0,13077019.5922
2025-08-10 08:00:00,1.0433,1.059,1.0282,1.0454,7466978.0,7815602.0574
2025-08-10 12:00:00,1.0454,1.0734,1.0366,1.0685,5524968.0,5855954.354
2025-08-10 16:00:00,1.0685,1.0889,1.0659,1.0861,2604372.0,2807647.7128
2025-08-10 20:00:00,1.0861,1.0883,1.0623,1.0813,6787332.0,7305022.5214
2025-08-11 00:00:00,1.0813,1.1102,1.0692,1.0969,5170536.0,5657952.0092
2025-08-11 04:00:00,1.0969,1.1082,1.066,1.0681,8469002.0,9237129.7406
2025-08-11 08:00:00,1.0681,1.0826,1.0249,1.0304,8311098.0,8781822.5172
2025-08-11 12:00:00,1.0304,1.0424,1.014,1.0373,9646710.0,9928977.1488
2025-08-11 16:00:00,1.0373,1.0543,1.0098,1.0179,5680686.0,5852910.3718
2025-08-11 20:00:00,1.0179,1.0179,0.9785,0.9894,6917796.0,6880954.6966
2025-08-12 00:00:00,0.9894,1.0077,0.9871,0.9931,3288546.0,3277053.6914
2025-08-12 04:00:00,0.9931,0.9971,0.9739,0.9951,6092882.0,6012176.6446
2025-08-12 08:00:00,0.9951,0.9954,0.9632,0.9788,6639838.0,6497157.0738
2025-08-12 12:00:00,0.9788,1.0396,0.9728,1.0381,14858912.0,14999247.6764
2025-08-12 16:00:00,1.0381,1.0663,1.0309,1.0635,11588466.0,12203357.9094
2025-08-12 20:00:00,1.0635,1.0784,1.0573,1.0596,7339290.0,7836147.2408
2025-08-13 00:00:00,1.0596,1.0744,1.0421,1.0697,7300868.0,7741296.6344
2025-08-13 04:00:00,1.0697,1.0792,1.0516,1.0787,8103300.0,8650140.9824
2025-08-13 08:00:00,1.0787,1.1003,1.0763,1.0918,9505644.0,10357983.7818
2025-08-13 12:00:00,1.0918,1.1042,1.0692,1.0837,22150810.0,24056925.2046
2025-08-13 16:00:00,1.0837,1.1241,1.0792,1.1051,19709974.0,21649926.7814
2025-08-13 20:00:00,1.1051,1.1417,1.0948,1.1201,14454966.0,16210225.088
2025-08-14 00:00:00,1.1201,1.1371,1.1064,1.1307,19039430.0,21424147.7186
2025-08-14 04:00:00,1.1307,1.1367,1.1036,1.1124,16080974.0,17990827.3204
2025-08-14 08:00:00,1.1124,1.1127,1.0754,1.0795,12404591.5,13582751.761
2025-08-14 12:00:00,1.0795,1.0883,0.9911,1.0207,27451687.5,28144701.99615
2025-08-14 16:00:00,1.0207,1.0207,0.9913,1.0051,6048009.0,6089068.40385
2025-08-14 20:00:00,1.0051,1.0086,0.9797,0.9983,6201214.5,6169384.0596
2025-08-15 00:00:00,0.9983,1.0191,0.9952,1.0111,2158825.8,2170868.42922
2025-08-15 04:00:00,1.0111,1.0222,1.0018,1.0154,2161460.4,2188636.4574
2025-08-15 08:00:00,1.0154,1.0212,0.9975,1.0026,3195745.2,3219178.15512
2025-08-15 12:00:00,1.0026,1.0164,0.9532,0.9618,11428140.0,11275076.52921
2025-08-15 16:00:00,0.9618,0.9775,0.9535,0.965,4807525.5,4647873.86415
2025-08-15 20:00:00,0.965,0.9992,0.9615,0.9879,2927767.5,2871126.62415
2025-08-16 00:00:00,0.9879,1.0,0.9856,0.9886,1974015.0,1960294.38825
2025-08-16 04:00:00,0.9886,0.9921,0.981,0.9883,2437570.0,2405593.06604
2025-08-16 08:00:00,0.9883,0.9917,0.9748,0.9755,3626411.1,3560163.94093
2025-08-16 12:00:00,0.9755,0.9956,0.9719,0.99,2977417.4,2924209.40787
2025-08-16 16:00:00,0.99,0.9991,0.9863,0.9941,1610229.8,1596685.81891
2025-08-16 20:00:00,0.9941,1.0084,0.9937,1.0037,1395808.8,1397606.10154
2025-08-17 00:00:00,1.0037,1.005,0.9922,1.0015,2043367.7,2041060.75478
2025-08-17 04:00:00,1.0015,1.0117,0.996,1.0059,2811174.4,2824613.73096
2025-08-17 08:00:00,1.0059,1.0173,1.0033,1.0148,3771752.6,3813290.7944
2025-08-17 12:00:00,1.0148,1.0309,1.0049,1.0304,3188438.4,3240280.76377
2025-08-17 16:00:00,1.0304,1.0366,0.9953,1.0025,5179587.2,5245704.01242
2025-08-17 20:00:00,1.0025,1.0168,0.9987,1.0002,2220767.8,2238827.73844
2025-08-18 00:00:00,1.0002,1.0016,0.9497,0.9631,10912564.4,10606564.97648
2025-08-18 04:00:00,0.9631,0.9715,0.9443,0.953,4718934.0,4517273.8886
2025-08-18 08:00:00,0.953,0.9651,0.9412,0.9558,4605222.0,4390726.6528
2025-08-18 12:00:00,0.9558,0.9691,0.9447,0.9581,5415348.0,5169421.9456
2025-08-18 16:00:00,0.9581,0.97,0.9479,0.9571,6745852.0,6478495.928
2025-08-18 20:00:00,0.9571,0.9709,0.9502,0.9527,3364814.0,3232367.9296
2025-08-19 00:00:00,0.9527,0.966,0.9229,0.9272,6659658.0,6276385.9814
2025-08-19 04:00:00,0.9272,0.9364,0.9182,0.9288,2304066.0,2135029.8212
2025-08-19 08:00:00,0.9288,0.952,0.9226,0.9494,5084098.0,4764167.6904
2025-08-19 12:00:00,0.9494,0.9525,0.9161,0.9187,9400668.0,8744761.9512
2025-08-19 16:00:00,0.9187,0.9208,0.8961,0.9046,9830096.0,8940815.4478
2025-08-19 20:00:00,0.9046,0.9133,0.8982,0.9003,3084598.0,2799857.5148
2025-08-20 00:00:00,0.9003,0.9165,0.8933,0.909,4939990.0,4469659.2872
2025-08-20 04:00:00,0.909,0.926,0.909,0.9243,1932238.0,1777603.5478
2025-08-20 08:00:00,0.9243,0.9416,0.9138,0.9266,12256844.0,11458528.1478
2025-08-20 12:00:00,0.9266,0.9469,0.9041,0.9376,6044104.0,5596775.0646
2025-08-20 16:00:00,0.9376,0.9565,0.937,0.9557,5048726.0,4784558.1754
2025-08-20 20:00:00,0.9557,0.9652,0.9525,0.9601,4027398.0,3860727.0486
2025-08-21 00:00:00,0.9601,0.967,0.9491,0.9543,1862352.0,1782702.14
2025-08-21 04:00:00,0.9543,0.9588,0.9449,0.9517,2218306.0,2113606.2814
2025-08-21 08:00:00,0.9517,0.9519,0.9331,0.9365,3287422.0,3095924.9466
2025-08-21 12:00:00,0.9365,0.9458,0.9211,0.9244,6056244.0,5641417.0176
2025-08-21 16:00:00,0.9244,0.9384,0.9215,0.9263,2194134.0,2033925.7984
2025-08-21 20:00:00,0.9263,0.9412,0.9222,0.9328,1942850.0,1811091.06
2025-08-22 00:00:00,0.9328,0.9448,0.9244,0.93,2084184.0,1953298.0106
2025-08-22 04:00:00,0.93,0.9378,0.9257,0.9327,2123066.0,1978701.3298
2025-08-22 08:00:00,0.9327,0.9402,0.914,0.9145,4488784.0,4164466.0354
2025-08-22 12:00:00,0.9145,0.9908,0.8947,0.9768,22209828.0,21014461.1576
2025-08-22 16:00:00,0.9768,1.0271,0.9768,1.0252,9193610.0,9252790.77
2025-08-22 20:00:00,1.0252,1.0316,1.0171,1.0264,3582974.0,3668479.0618
2025-08-23 00:00:00,1.0264,1.0291,0.9865,0.9956,6714192.0,6746813.8336
2025-08-23 04:00:00,0.9956,1.0277,0.9956,1.0127,5699952.0,5796114.55
2025-08-23 08:00:00,1.0127,1.0217,1.0077,1.016,2711938.0,2751297.4412
2025-08-23 12:00:00,1.016,1.0208,1.0077,1.0142,4585286.0,4649168.9316
2025-08-23 16:00:00,1.0142,1.0205,1.0073,1.02,3573726.0,3613860.3442
2025-08-23 20:00:00,1.02,1.0207,1.0058,1.0113,2442016.0,2471737.8462
2025-08-24 00:00:00,1.0113,1.0155,0.9921,0.9957,4240590.0,4246973.9222
2025-08-24 04:00:00,0.9957,0.9984,0.9664,0.9715,6232746.0,6105264.9138
2025-08-24 08:00:00,0.9715,0.977,0.9543,0.9583,4832878.0,4658312.6212
2025-08-24 12:00:00,0.9583,0.9805,0.9569,0.9683,5379438.0,5211126.6864
2025-08-24 16:00:00,0.9683,1.0291,0.964,0.9887,20614854.0,20351524.2822
2025-08-24 20:00:00,0.9887,0.992,0.9581,0.9715,12209582.0,11915451.869
2025-08-25 00:00:00,0.9715,0.9844,0.9455,0.9709,6247310.0,6044305.4848
2025-08-25 04:00:00,0.9709,0.9743,0.9198,0.9258,9696762.0,9206764.9876
2025-08-25 08:00:00,0.9258,0.9341,0.9082,0.9184,5972152.0,5495746.223
2025-08-25 12:00:00,0.9184,0.9593,0.908,0.9278,7295688.0,6809763.3626
2025-08-25 16:00:00,0.9278,0.9371,0.8967,0.8984,6181806.0,5660059.6268
2025-08-25 20:00:00,0.8984,0.9005,0.8631,0.8816,10567780.0,9295321.7798
2025-08-26 00:00:00,0.8816,0.9056,0.8799,0.8904,5139506.0,4595567.1658
2025-08-26 04:00:00,0.8904,0.9018,0.8851,0.8963,4448142.0,3968984.1734
2025-08-26 08:00:00,0.8963,0.9002,0.885,0.8902,4342770.0,3872307.5354
2025-08-26 12:00:00,0.8902,0.9189,0.8864,0.9094,8951908.0,8131953.3398
2025-08-26 16:00:00,0.9094,0.9446,0.9094,0.943,2032098.0,1882732.5982
2025-08-26 20:00:00,0.943,0.9555,0.9379,0.9522,4202704.0,3980649.5494
2025-08-27 00:00:00,0.9522,0.9617,0.9389,0.9581,2913186.0,2762928.4304
2025-08-27 04:00:00,0.9581,0.967,0.9419,0.9452,3044836.0,2910555.152
2025-08-27 08:00:00,0.9452,0.9469,0.9348,0.9411,1974104.0,1855416.8712
2025-08-27 12:00:00,0.9411,0.9556,0.9321,0.9496,3757554.0,3548497.5924
2025-08-27 16:00:00,0.9496,0.9529,0.9364,0.9454,2560142.0,2420043.184
2025-08-27 20:00:00,0.9454,0.9584,0.9292,0.932,10396472.0,9855068.7674
2025-08-28 00:00:00,0.932,0.9448,0.9235,0.9425,3128276.0,2930759.0718
2025-08-28 04:00:00,0.9425,0.9537,0.9402,0.952,2542222.0,2404496.657
2025-08-28 08:00:00,0.952,0.959,0.9394,0.9499,3488834.0,3309978.7778
2025-08-28 12:00:00,0.9499,0.9642,0.9456,0.9496,4099664.0,3905876.3482
2025-08-28 16:00:00,0.9496,0.9582,0.9327,0.9344,1924442.0,1815968.6608
2025-08-28 20:00:00,0.9344,0.9647,0.933,0.9609,1955744.0,1863642.4316
2025-08-29 00:00:00,0.9609,0.9652,0.9434,0.9579,3767080.0,3587609.2526
2025-08-29 04:00:00,0.9579,0.9618,0.9181,0.9218,7363750.0,6902583.2178
2025-08-29 08:00:00,0.9218,0.927,0.9058,0.9164,3404594.0,3124718.2954
2025-08-29 12:00:00,0.9164,0.9422,0.898,0.906,12110424.0,11105660.6682
2025-08-29 16:00:00,0.906,0.9104,0.8917,0.9041,2795836.0,2512458.5568
2025-08-29 20:00:00,0.9041,0.9107,0.892,0.9044,2042918.0,1843697.8982
2025-08-30 00:00:00,0.9044,0.9225,0.8871,0.9159,3063560.0,2766623.0966
2025-08-30 04:00:00,0.9159,0.9191,0.9095,0.9187,896260.0,819067.1478
2025-08-30 08:00:00,0.9187,0.9193,0.9064,0.9152,1231538.0,1122114.7816
2025-08-30 12:00:00,0.9152,0.9152,0.8957,0.912,2020760.0,1828707.2624
2025-08-30 16:00:00,0.912,0.9126,0.897,0.9027,1062354.0,958587.1234
2025-08-30 20:00:00,0.9027,0.9054,0.8955,0.9044,1377704.0,1239898.6076
2025-08-31 00:00:00,0.9044,0.9177,0.9044,0.9165,1718030.0,1568946.0012
2025-08-31 04:00:00,0.9165,0.9171,0.8998,0.9025,1270762.0,1151043.6748
2025-08-31 08:00:00,0.9025,0.9134,0.8952,0.9034,1997542.0,1803247.7744
2025-08-31 12:00:00,0.9034,0.9052,0.8944,0.9037,2464032.0,2218224.7446
2025-08-31 16:00:00,0.9037,0.9066,0.8961,0.8985,2624356.0,2363998.281
2025-08-31 20:00:00,0.8985,0.9034,0.8814,0.8825,3231162.0,2882011.6288
2025-09-01 00:00:00,0.8825,0.8849,0.8608,0.8665,5319226.0,4644105.2512
2025-09-01 04:00:00,0.8665,0.8936,0.858,0.8934,4164180.0,3633878.307
2025-09-01 08:00:00,0.8934,0.907,0.8745,0.8764,7388148.0,6612309.4814
2025-09-01 12:00:00,0.8764,0.885,0.8649,0.8667,4368730.0,3831913.6928
2025-09-01 16:00:00,0.8667,0.87,0.858,0.8687,4497014.0,3877714.4098
2025-09-01 20:00:00,0.8687,0.8695,0.8313,0.8551,10862244.0,9189198.5888
2025-09-02 00:00:00,0.8551,0.8779,0.851,0.874,3870586.0,3343761.1824
2025-09-02 04:00:00,0.874,0.8816,0.8706,0.8716,4340410.0,3801317.239
2025-09-02 08:00:00,0.8716,0.8777,0.8696,0.8718,2196972.0,1921030.5642
2025-09-02 12:00:00,0.8718,0.8893,0.8514,0.862,8102382.0,7057476.6216
2025-09-02 16:00:00,0.862,0.8819,0.862,0.874,2583032.0,2258276.6342
2025-09-02 20:00:00,0.874,0.8913,0.8722,0.888,2421566.0,2146255.9726
2025-09-03 00:00:00,0.888,0.8949,0.882,0.8904,3185528.0,2833313.4618
2025-09-03 04:00:00,0.8904,0.8911,0.8791,0.8834,2841572.0,2514785.3476
2025-09-03 08:00:00,0.8834,0.8889,0.8763,0.8883,1654110.0,1463340.391
2025-09-03 12:00:00,0.8883,0.9042,0.8852,0.9022,6538068.0,5857442.2576
2025-09-03 16:00:00,0.9022,0.907,0.8952,0.9066,2109450.0,1902546.8432
2025-09-03 20:00:00,0.9066,0.9091,0.8973,0.8984,2608718.0,2357072.752
2025-09-04 00:00:00,0.8984,0.9039,0.8904,0.8917,5846384.0,5255439.2624
2025-09-04 04:00:00,0.8917,0.8995,0.8791,0.8821,3725504.0,3308553.4366
2025-09-04 08:00:00,0.8821,0.8898,0.8742,0.8859,5013754.0,4425919.7936
2025-09-04 12:00:00,0.8859,0.8936,0.8614,0.8658,6166804.0,5404455.4576
2025-09-04 16:00:00,0.8658,0.8725,0.8613,0.8651,1570416.0,1361113.5088
2025-09-04 20:00:00,0.8651,0.8777,0.8636,0.866,2278194.0,1984973.1398
2025-09-05 00:00:00,0.866,0.8774,0.8655,0.875,1645122.0,1435561.1792
2025-09-05 04:00:00,0.875,0.9051,0.8719,0.9018,8033134.0,7163124.3266
2025-09-05 08:00:00,0.9018,0.9026,0.8854,0.8956,5522710.0,4928548.5896
2025-09-05 12:00:00,0.8956,0.9268,0.8746,0.8856,23181458.0,21010106.4114
2025-09-05 16:00:00,0.8856,0.903,0.8811,0.9029,2320092.0,2067338.6926
2025-09-05 20:00:00,0.9029,0.9175,0.8991,0.9157,4163364.0,3778523.4268
2025-09-06 00:00:00,0.9157,0.9194,0.908,0.9156,3683870.0,3362823.1456
2025-09-06 04:00:00,0.9156,0.9156,0.9067,0.9127,2349024.0,2137932.2554
2025-09-06 08:00:00,0.9127,0.9152,0.9,0.9091,4300520.0,3899087.1088
2025-09-06 12:00:00,0.9091,0.9156,0.9051,0.9107,3173252.0,2890540.842
2025-09-06 16:00:00,0.9107,0.9454,0.9076,0.917,8610580.0,7965042.2876
2025-09-06 20:00:00,0.917,0.9698,0.9167,0.9629,12310720.0,11741470.1556
2025-09-07 00:00:00,0.9629,0.9994,0.9535,0.9957,14458156.0,14209415.8202
2025-09-07 04:00:00,0.9957,1.0617,0.9943,1.0107,41230254.0,42381333.6056
2025-09-07 08:00:00,1.0107,1.0388,1.0067,1.0386,11828404.0,12102393.6402
2025-09-07 12:00:00,1.0386,1.0765,1.0357,1.0503,26874560.0,28259915.0724
2025-09-07 16:00:00,1.0503,1.0552,1.0312,1.0443,13914696.0,14499940.4294
2025-09-07 20:00:00,1.0443,1.0443,1.0256,1.0313,7371904.0,7627236.228
2025-09-08 00:00:00,1.0313,1.2264,1.0302,1.1978,64222134.0,73157179.494
2025-09-08 04:00:00,1.1978,1.3066,1.172,1.24,76071486.0,95690906.759
2025-09-08 08:00:00,1.24,1.3,1.1723,1.2239,90137193.4471,112541121.9199157
2025-09-08 12:00:00,1.2239,1.5892,1.1964,1.5104,166399911.8733,231334965.77040392
2025-09-08 16:00:00,1.5104,1.5678,1.4184,1.5016,70679246.5163,105655811.78294905
2025-09-08 20:00:00,1.5016,1.5817,1.4951,1.5689,38751259.8982,59317418.11546991
2025-09-09 00:00:00,1.5689,1.9404,1.5649,1.87,119846956.8638,210685052.67720905
2025-09-09 04:00:00,1.87,2.0511,1.7897,1.9043,77206660.8009,147048106.44404536
2025-09-09 08:00:00,1.9043,2.2159,1.8929,2.0433,98597466.7384,201307465.94974148
2025-09-09 12:00:00,2.0433,2.0938,1.7428,1.8187,140526091.2841,265753364.95654544
2025-09-09 16:00:00,1.8187,1.8691,1.7089,1.8033,66122106.6462,118284597.62135044
2025-09-09 20:00:00,1.8033,1.9494,1.7578,1.9272,41291317.5053,76721282.98429441
2025-09-10 00:00:00,1.9272,2.0799,1.8411,1.929,68207519.4501,133683644.58565076
2025-09-10 04:00:00,1.929,1.9639,1.8156,1.8347,49105058.3538,93642419.02091797
2025-09-10 08:00:00,1.8347,1.9193,1.8165,1.8863,34579136.1246,64987457.30337957
2025-09-10 12:00:00,1.8863,1.9263,1.8154,1.8566,35884435.8856,67082244.21109593
2025-09-10 16:00:00,1.8566,1.8618,1.7584,1.8328,30032980.0914,54137941.21732526
2025-09-10 20:00:00,1.8328,1.8975,1.8259,1.8667,19903794.7867,37071757.51821775
2025-09-11 00:00:00,1.8667,1.8824,1.7774,1.8005,28547226.6881,52039816.61318426
2025-09-11 04:00:00,1.8005,1.8011,1.7426,1.752,19833733.6915,35044563.74984188
2025-09-11 08:00:00,1.752,1.7727,1.7024,1.7072,21615906.6474,37525384.10767029
2025-09-11 12:00:00,1.7072,1.7271,1.6064,1.609,52096446.7609,86500593.96787529
2025-09-11 16:00:00,1.609,1.638,1.5867,1.6312,29363230.5686,47351859.62629371
2025-09-11 20:00:00,1.6312,1.6678,1.6271,1.6532,19053247.1824,31445874.35842457
2025-09-12 00:00:00,1.6532,1.6699,1.6067,1.6216,23625451.3175,38580692.5039461
2025-09-12 04:00:00,1.6216,1.7605,1.6216,1.6682,37223168.811,62944190.87341457
2025-09-12 08:00:00,1.6682,1.6799,1.6125,1.6174,22852354.3529,37584414.98549446
2025-09-12 12:00:00,1.6174,1.6424,1.5452,1.5678,40285855.8681,64154128.67353377
2025-09-12 16:00:00,1.5678,1.6539,1.5667,1.6517,25166348.443,40541379.97222409
2025-09-12 20:00:00,1.6517,1.6722,1.6296,1.6648,10507942.7727,17330952.3765204
2025-09-13 00:00:00,1.6648,1.7317,1.639,1.6569,27262629.063,45692100.23114114
2025-09-13 04:00:00,1.6569,1.6814,1.6252,1.6313,15285398.6171,25150694.65461218
2025-09-13 08:00:00,1.6313,1.6375,1.607,1.634,20393421.5365,33059854.96746034
2025-09-13 12:00:00,1.634,1.6458,1.5861,1.5997,20640113.2183,33348538.41930337
2025-09-13 16:00:00,1.5997,1.6214,1.5855,1.6211,11928412.0264,19130998.1484322
2025-09-13 20:00:00,1.6211,1.6693,1.6163,1.6577,8572897.2012,14052170.59002727
2025-09-14 00:00:00,1.6577,1.6662,1.6055,1.6198,15463297.5086,25227421.64810851
2025-09-14 04:00:00,1.6198,1.7446,1.6195,1.7199,37069647.0132,62775711.15348723
2025-09-14 08:00:00,1.7199,1.7229,1.6015,1.6197,39345834.8156,65321070.42618327
2025-09-14 12:00:00,1.6197,1.646,1.5816,1.6021,21659636.6605,34999031.33256564
2025-09-14 16:00:00,1.6021,1.623,1.5934,1.6011,8017306.7607,12881231.08512686
2025-09-14 20:00:00,1.6011,1.6251,1.5629,1.5761,12161905.5452,19417478.57977286
2025-09-15 00:00:00,1.5761,1.5999,1.555,1.591,11173199.9288,17705496.58057609
2025-09-15 04:00:00,1.591,1.6117,1.536,1.5526,15848255.5195,25004746.70272825
2025-09-15 08:00:00,1.5526,1.6158,1.5358,1.5724,20104364.5235,31582641.87149966
2025-09-15 12:00:00,1.5724,1.5877,1.4657,1.4738,26217589.0668,40165909.00544367
2025-09-15 16:00:00,1.4738,1.5097,1.4637,1.503,12052129.5778,17939245.56970497
2025-09-15 20:00:00,1.503,1.5211,1.5006,1.5132,3962615.4202,5985357.48108613
2025-09-16 00:00:00,1.5132,1.5133,1.4898,1.4965,5872356.4179,8806229.92267546
2025-09-16 04:00:00,1.4965,1.5177,1.4927,1.5015,7695143.6137,11589454.67818508
2025-09-16 08:00:00,1.5015,1.5115,1.4943,1.5036,10190238.1008,15283715.75192823
2025-09-16 12:00:00,1.5036,1.6098,1.4997,1.5319,33392813.0674,51722306.3997773
2025-09-16 16:00:00,1.5319,1.5389,1.4965,1.4996,17684193.2759,26735451.8961305
2025-09-16 20:00:00,1.4996,1.5309,1.4933,1.513,5143233.3992,7771798.57518096
2025-09-17 00:00:00,1.513,1.5311,1.4889,1.4931,8244071.3728,12428769.95290819
2025-09-17 04:00:00,1.4931,1.522,1.475,1.5082,11187735.0184,16727193.84631536
2025-09-17 08:00:00,1.5082,1.5083,1.4821,1.4943,6937114.9168,10346767.74801914
2025-09-17 12:00:00,1.4943,1.5248,1.4934,1.5165,15327415.5516,23131169.89140853
2025-09-17 16:00:00,1.5165,1.6072,1.5027,1.5793,34562950.3212,53802433.61176635
2025-09-17 20:00:00,1.5793,1.6129,1.5463,1.6013,13124551.3616,20810537.13299488
2025-09-18 00:00:00,1.6013,1.635,1.5712,1.6002,12533248.0423,20076112.61925876
2025-09-18 04:00:00,1.6002,1.6243,1.5618,1.5666,11531487.3931,18348152.82500846
2025-09-18 08:00:00,1.5666,1.582,1.5587,1.5696,7947557.8585,12481412.58409472
2025-09-18 12:00:00,1.5696,1.7,1.5614,1.5982,34579617.283,56261087.18517769
2025-09-18 16:00:00,1.5982,1.6117,1.5747,1.5954,19286130.2969,30742856.94807669
2025-09-18 20:00:00,1.5954,1.6128,1.5884,1.6053,6310543.4766,10097827.00657915
2025-09-19 00:00:00,1.6053,1.6194,1.5674,1.5718,13591944.3165,21657367.29009509
2025-09-19 04:00:00,1.5718,1.5725,1.5457,1.5522,11213567.8918,17441981.21644988
2025-09-19 08:00:00,1.5522,1.5631,1.5123,1.5219,19360068.855,29798628.7140979
2025-09-19 12:00:00,1.5219,1.5401,1.5057,1.5143,13324750.5851,20285203.72578195
2025-09-19 16:00:00,1.5143,1.5191,1.4937,1.5005,7449794.9634,11225941.71182209
2025-09-19 20:00:00,1.5005,1.5175,1.4942,1.5105,5091094.3794,7664744.48506078
2025-09-20 00:00:00,1.5105,1.5183,1.481,1.49,6902938.1774,10338840.29712011
2025-09-20 04:00:00,1.49,1.5084,1.486,1.5082,4863880.52,7268002.93974312
2025-09-20 08:00:00,1.5082,1.5286,1.4956,1.527,6100156.4315,9217621.10138997
2025-09-20 12:00:00,1.527,1.5369,1.5154,1.521,7641292.9403,11651132.34150824
2025-09-20 16:00:00,1.521,1.5278,1.5036,1.5123,4558170.4986,6904737.01364693
2025-09-20 20:00:00,1.5123,1.5262,1.5021,1.5045,4552374.8839,6897697.38007806
2025-09-21 00:00:00,1.5045,1.5098,1.4891,1.5069,7893834.1378,11834692.45387969
2025-09-21 04:00:00,1.5069,1.5282,1.4983,1.5089,4229426.483,6396567.55093449
2025-09-21 08:00:00,1.5089,1.5107,1.4172,1.4653,17716983.8064,25955629.94309746
2025-09-21 12:00:00,1.4653,1.496,1.4651,1.4814,7754927.3932,11495271.06702858
2025-09-21 16:00:00,1.4814,1.489,1.4616,1.4821,6499918.5538,9592106.79771917
2025-09-21 20:00:00,1.4821,1.4873,1.4656,1.4659,3327126.0156,4915728.9859067
2025-09-22 00:00:00,1.4659,1.476,1.4121,1.4212,19097635.8806,27407658.56353945
2025-09-22 04:00:00,1.4212,1.4263,1.2775,1.3215,36058822.0926,48832527.4761484
2025-09-22 08:00:00,1.3215,1.3419,1.3097,1.3181,11803536.3482,15609212.3528163
2025-09-22 12:00:00,1.3181,1.3417,1.2975,1.3086,15778150.5534,20742463.22675841
2025-09-22 16:00:00,1.3086,1.3849,1.3073,1.3796,35667922.5929,48261570.2465072
2025-09-22 20:00:00,1.3796,1.4056,1.3572,1.3924,9593877.0354,13182808.82107668
2025-09-23 00:00:00,1.3924,1.3977,1.3448,1.365,10114905.3059,13797302.83836218
2025-09-23 04:00:00,1.365,1.3673,1.3305,1.335,12620883.7666,16960931.84742527
2025-09-23 08:00:00,1.335,1.3401,1.3165,1.3257,8315378.3352,11031477.40530794
2025-09-23 12:00:00,1.3257,1.3867,1.3185,1.3489,19325106.6543,26016249.45115201
2025-09-23 16:00:00,1.3489,1.3727,1.2882,1.3015,17781266.8395,23760722.32498444
2025-09-23 20:00:00,1.3015,1.3294,1.2971,1.3058,4728543.9498,6194395.20549597
2025-09-24 00:00:00,1.3058,1.3221,1.2639,1.2699,12181373.3692,15749998.31208258
2025-09-24 04:00:00,1.2699,1.3228,1.2548,1.3161,16128055.9643,20951914.37768409
2025-09-24 08:00:00,1.3161,1.3495,1.3127,1.3494,10290772.7424,13666651.56638025
2025-09-24 12:00:00,1.3494,1.3598,1.3336,1.348,10463466.4866,14099209.1295819
2025-09-24 16:00:00,1.348,1.3626,1.332,1.3397,8689394.789,11726096.29016116
2025-09-24 20:00:00,1.3397,1.3587,1.3365,1.3536,3175590.4429,4287577.85952528
2025-09-25 00:00:00,1.3536,1.3555,1.3011,1.3136,8708195.1081,11525356.9654241
2025-09-25 04:00:00,1.3136,1.318,1.2644,1.2798,19557326.3204,25055116.71933206
2025-09-25 08:00:00,1.2798,1.3006,1.2583,1.2637,10876982.5749,13880865.89476466
2025-09-25 12:00:00,1.2637,1.2849,1.2218,1.2574,16846117.6894,21116640.29074343
2025-09-25 16:00:00,1.2574,1.3172,1.2267,1.2936,27935883.5972,35151364.52075775
2025-09-25 20:00:00,1.2936,1.2965,1.2477,1.2627,17479704.5249,22149621.00735265
2025-09-26 00:00:00,1.2627,1.2776,1.2526,1.2629,7340641.6661,9287826.9016144
2025-09-26 04:00:00,1.2629,1.2667,1.2364,1.2525,7557046.4917,9443042.96278045
2025-09-26 08:00:00,1.2525,1.2564,1.2175,1.2362,11242423.1004,13879339.49912769
2025-09-26 12:00:00,1.2362,1.2629,1.2202,1.252,12995598.7997,16169861.59973954
2025-09-26 16:00:00,1.252,1.2916,1.2509,1.2818,6645439.1458,8462533.6270846
2025-09-26 20:00:00,1.2818,1.2913,1.2769,1.2853,3105357.5223,3984261.14696983
2025-09-27 00:00:00,1.2853,1.3195,1.2741,1.3114,5451909.722,7057616.00453219
2025-09-27 04:00:00,1.3114,1.3853,1.3023,1.3131,22290677.789,29836621.84443929
2025-09-27 08:00:00,1.3131,1.3211,1.2821,1.3037,10971873.505,14232151.50808445
2025-09-27 12:00:00,1.3037,1.3135,1.269,1.2873,10442365.3447,13549578.81871391
2025-09-27 16:00:00,1.2873,1.2874,1.2645,1.2793,6885856.3258,8779883.63710554
2025-09-27 20:00:00,1.2793,1.2919,1.2713,1.2745,3472597.5636,4449175.72745282
2025-09-28 00:00:00,1.2745,1.2757,1.2552,1.2635,9765729.0741,12323197.65230721
2025-09-28 04:00:00,1.2635,1.2666,1.2381,1.2518,11925947.7851,14920909.80602962
2025-09-28 08:00:00,1.2518,1.2539,1.2391,1.2487,4423797.3498,5515267.20929207
2025-09-28 12:00:00,1.2487,1.2644,1.2373,1.2643,6699207.3754,8400673.59373064
2025-09-28 16:00:00,1.2643,1.2963,1.2608,1.2856,7056552.9852,9001026.16971792
2025-09-28 20:00:00,1.2856,1.3467,1.2845,1.3296,8647326.0976,11377827.45467239
2025-09-29 00:00:00,1.3296,1.3412,1.3195,1.3299,6677972.6016,8883667.4597626
2025-09-29 04:00:00,1.3299,1.3324,1.303,1.3126,6961609.0925,9162087.71387001
2025-09-29 08:00:00,1.3126,1.3131,1.2805,1.2871,8216393.6311,10648483.43917378
2025-09-29 12:00:00,1.2871,1.3153,1.2675,1.2833,12928247.6645,16683414.66075518
2025-09-29 16:00:00,1.2833,1.2987,1.2522,1.2941,15160077.7812,19282656.46511552
2025-09-29 20:00:00,1.2941,1.3178,1.2789,1.2791,5544005.6655,7218283.2465859
2025-09-30 00:00:00,1.2791,1.2881,1.2578,1.2613,8520492.5525,10801941.56497934
2025-09-30 04:00:00,1.2613,1.2722,1.2523,1.2559,4837504.7816,6104353.68442836
2025-09-30 08:00:00,1.2559,1.2588,1.2415,1.2448,5426137.6055,6773279.82339461
2025-09-30 12:00:00,1.2448,1.2454,1.1977,1.2156,12917661.2971,15798435.34068292
2025-09-30 16:00:00,1.2156,1.2411,1.2083,1.2363,9022958.6659,11027641.20580521
2025-09-30 20:00:00,1.2363,1.2608,1.2322,1.2446,6939236.7534,8660426.71186646
2025-10-01 00:00:00,1.2446,1.2598,1.2313,1.242,5676347.1791,7070216.63201276
2025-10-01 04:00:00,1.242,1.2583,1.2366,1.2483,7215104.4952,9003530.02521977
2025-10-01 08:00:00,1.2483,1.3341,1.2442,1.3057,26786779.1211,34762241.40290072
2025-10-01 12:00:00,1.3057,1.3177,1.2985,1.3131,9213479.8434,12039454.69781901
2025-10-01 16:00:00,1.3131,1.3259,1.3004,1.3161,7328767.2563,9628008.34242343
2025-10-01 20:00:00,1.3161,1.3189,1.2933,1.3171,4493008.8466,5879919.24126617
2025-10-02 00:00:00,1.3171,1.3548,1.3072,1.3348,11365732.2364,15151319.8921839
2025-10-02 04:00:00,1.3348,1.3427,1.3129,1.3245,10935214.6354,14547446.93308089
2025-10-02 08:00:00,1.3245,1.3526,1.3219,1.3377,9102832.5783,12139719.9576753
2025-10-02 12:00:00,1.3377,1.3423,1.2933,1.3196,15217327.5907,20062828.42204923
2025-10-02 16:00:00,1.3196,1.3655,1.3171,1.3575,11141281.6219,14905222.94105698
2025-10-02 20:00:00,1.3575,1.3684,1.3433,1.3545,6107582.6053,8269059.71308548
2025-10-03 00:00:00,1.3545,1.3585,1.3258,1.3363,10990707.4082,14745193.44480091
2025-10-03 04:00:00,1.3363,1.3576,1.3278,1.3441,6765880.333,9084114.78174223
2025-10-03 08:00:00,1.3441,1.3787,1.3218,1.327,11308103.2154,15206840.18086138
2025-10-03 12:00:00,1.327,1.3566,1.3128,1.3551,10231514.7419,13596097.81818245
2025-10-03 16:00:00,1.3551,1.403,1.3206,1.3488,22648508.6472,30734922.3859283
2025-10-03 20:00:00,1.3488,1.356,1.3383,1.3386,4878390.8252,6572161.0611524
2025-10-04 00:00:00,1.3386,1.3421,1.3048,1.313,8086375.9388,10674625.68438503
2025-10-04 04:00:00,1.313,1.3213,1.305,1.3092,4158392.0473,5455731.52723194
2025-10-04 08:00:00,1.3092,1.3097,1.2738,1.2825,7818547.5818,10080652.54080801
2025-10-04 12:00:00,1.2825,1.2952,1.2559,1.259,9491261.1359,12088549.01033839
2025-10-04 16:00:00,1.259,1.2751,1.2488,1.2728,3897849.0124,4919370.01725283
2025-10-04 20:00:00,1.2728,1.276,1.2678,1.27,1953706.19,2484639.72136063
2025-10-05 00:00:00,1.27,1.2907,1.2548,1.2774,6237151.9109,7943726.81119885
2025-10-05 04:00:00,1.2774,1.3242,1.2757,1.3199,9755559.4423,12689626.30075645
2025-10-05 08:00:00,1.3199,1.3248,1.2768,1.2854,7653713.7796,9907709.45714399
2025-10-05 12:00:00,1.2854,1.2961,1.2713,1.2932,6198992.9555,7945032.40602462
2025-10-05 16:00:00,1.2932,1.2942,1.2512,1.2524,5577947.6859,7074276.583679
2025-10-05 20:00:00,1.2524,1.2614,1.2503,1.2544,2583626.2171,3246179.74847606
2025-10-06 00:00:00,1.2544,1.2731,1.243,1.2605,8248060.779,10370892.24360328
2025-10-06 04:00:00,1.2605,1.2689,1.2501,1.2564,4890950.8685,6153657.07786403
2025-10-06 08:00:00,1.2564,1.2667,1.2534,1.2603,4881014.5367,6148432.84641985
2025-10-06 12:00:00,1.2603,1.3105,1.2598,1.2974,10328716.4668,13237951.20417995
2025-10-06 16:00:00,1.2974,1.3202,1.2855,1.3162,7052932.3236,9208317.20207288
2025-10-06 20:00:00,1.3162,1.3268,1.3031,1.3078,4102041.6823,5386991.1809865
2025-10-07 00:00:00,1.3078,1.3167,1.2958,1.3118,4768055.6335,6236085.53259004
2025-10-07 04:00:00,1.3118,1.3332,1.2833,1.2905,8689921.3992,11396400.46414516
2025-10-07 08:00:00,1.2905,1.2914,1.2584,1.2773,9170421.9507,11667446.60003055
2025-10-07 12:00:00,1.2773,1.2928,1.2066,1.2152,23124167.1996,28542257.14296601
2025-10-07 16:00:00,1.2152,1.2275,1.2007,1.2049,11684755.6976,14168889.16692315
2025-10-07 20:00:00,1.2049,1.2196,1.1841,1.1927,6585680.786,7919675.72197875
2025-10-08 00:00:00,1.1927,1.2063,1.1679,1.1809,5796791.9309,6901109.82891206
2025-10-08 04:00:00,1.1809,1.1873,1.1665,1.1872,4776906.8079,5635864.10895155
2025-10-08 08:00:00,1.1872,1.2004,1.1746,1.1757,6731802.3002,7976980.90059835
2025-10-08 12:00:00,1.1757,1.204,1.1723,1.1871,7552028.2896,8965314.91902249
2025-10-08 16:00:00,1.1871,1.2695,1.1857,1.262,10182541.2272,12620499.69204299
2025-10-08 20:00:00,1.262,1.2872,1.2552,1.2794,8050227.6105,10240364.15864701
2025-10-09 00:00:00,1.2794,1.2803,1.226,1.2406,7135084.2782,8906517.30840734
2025-10-09 04:00:00,1.2406,1.2544,1.2173,1.2213,9830541.052,12109303.35516409
2025-10-09 08:00:00,1.2213,1.2233,1.1934,1.2077,6533366.3825,7876256.17900023
2025-10-09 12:00:00,1.2077,1.2244,1.1765,1.1888,12267956.6189,14691652.988302
2025-10-09 16:00:00,1.1888,1.2063,1.1824,1.1959,5852568.3916,6993357.64082477
2025-10-09 20:00:00,1.1959,1.2067,1.1899,1.199,5319135.5457,6377385.19856391
2025-10-10 00:00:00,1.199,1.2754,1.1976,1.2514,10832502.6513,13416391.16003343
2025-10-10 04:00:00,1.2514,1.2638,1.2187,1.2231,10235598.8118,12739924.12811343
2025-10-10 08:00:00,1.2231,1.2737,1.2212,1.2697,5654592.8223,7030585.99451729
2025-10-10 12:00:00,1.2697,1.3087,1.1816,1.1925,25704109.2741,32191868.91621793
2025-10-10 16:00:00,1.1925,1.2057,1.12,1.1373,19554974.8668,22731974.1714613
2025-10-10 20:00:00,1.1373,1.1574,0.264,0.8696,153879866.521,115675604.56368116
2025-10-11 00:00:00,0.8696,0.9547,0.8558,0.9302,31234895.805,28410272.09939303
2025-10-11 04:00:00,0.9302,0.9619,0.9234,0.9409,19977455.55,18834746.46959733
2025-10-11 08:00:00,0.9409,0.9936,0.9354,0.9653,17180362.3071,16618898.53901595
2025-10-11 12:00:00,0.9653,0.9764,0.9271,0.9495,22887397.8918,21719269.73094192
2025-10-11 16:00:00,0.9495,0.9537,0.8881,0.8948,14024999.3515,12888774.947857
2025-10-11 20:00:00,0.8948,0.9317,0.8861,0.9156,14426697.2844,13030878.50913535
2025-10-12 00:00:00,0.9156,0.9224,0.8904,0.9025,8414032.5451,7625701.46505735
2025-10-12 04:00:00,0.9025,0.9271,0.9003,0.9121,6001393.6404,5490000.31398757
2025-10-12 08:00:00,0.9121,0.9187,0.8974,0.9078,6379245.3164,5795082.99862504
2025-10-12 12:00:00,0.9078,0.9977,0.905,0.9889,22450670.9722,21361932.9685193
2025-10-12 16:00:00,0.9889,1.0492,0.9889,1.0349,26004348.557,26644303.54827273
2025-10-12 20:00:00,1.0349,1.0436,0.9908,0.9997,19265483.8317,19489184.3243503
2025-10-13 00:00:00,0.9997,1.0045,0.9748,0.9907,13533926.3379,13373346.57047643
2025-10-13 04:00:00,0.9907,1.0135,0.9838,0.9945,14837473.6562,14785888.84394967
2025-10-13 08:00:00,0.9945,1.0099,0.961,0.9759,17215218.8166,16984260.61378675
2025-10-13 12:00:00,0.9759,1.0227,0.9681,1.0055,16486870.1327,16393967.16627829
2025-10-13 16:00:00,1.0055,1.0095,0.9815,0.9961,11071216.1753,11014704.268224
2025-10-13 20:00:00,0.9961,1.0183,0.9961,1.009,7181881.7588,7241935.27240026
2025-10-14 00:00:00,1.009,1.016,0.9705,0.9748,12854063.3755,12716449.94453522
2025-10-14 04:00:00,0.9748,0.9775,0.9004,0.9178,22024550.4477,20677552.254542
2025-10-14 08:00:00,0.9178,0.9353,0.9071,0.9313,13611184.5787,12573944.91580989
2025-10-14 12:00:00,0.9313,0.9612,0.912,0.9596,16609395.3632,15471791.85511181
2025-10-14 16:00:00,0.9596,0.9747,0.9405,0.9552,17830098.5733,17089978.43620088
2025-10-14 20:00:00,0.9552,0.968,0.9477,0.9579,5206110.8739,4975112.08197968
2025-10-15 00:00:00,0.9579,0.9719,0.9493,0.9575,6152159.6952,5901412.53456623
2025-10-15 04:00:00,0.9575,0.9715,0.954,0.9691,4945203.0531,4763720.87939962
2025-10-15 08:00:00,0.9691,0.9825,0.9465,0.96,7554776.7519,7270496.76589023
2025-10-15 12:00:00,0.96,0.9687,0.9264,0.9401,19162408.7264,18176758.16948991
2025-10-15 16:00:00,0.9401,0.9541,0.9312,0.9348,11304957.5318,10639439.49564068
2025-10-15 20:00:00,0.9348,0.9404,0.9129,0.9319,10265614.6376,9521285.73974642
2025-10-16 00:00:00,0.9319,0.9446,0.9241,0.9343,5805304.949,5434940.11300656
2025-10-16 04:00:00,0.9343,0.9411,0.9181,0.9362,5817109.6628,5409874.31546916
2025-10-16 08:00:00,0.9362,0.9555,0.9026,0.9526,10738129.5758,10010113.52497737
2025-10-16 12:00:00,0.9526,0.9591,0.905,0.9089,13791529.7818,12838269.49553242
2025-10-16 16:00:00,0.9089,0.9296,0.8914,0.9024,16056287.5652,14565169.87292968
2025-10-16 20:00:00,0.9024,0.9063,0.8841,0.8978,14101573.5179,12579676.53389218
2025-10-17 00:00:00,0.8978,0.9086,0.8877,0.9005,15084849.3495,13529489.78072524
2025-10-17 04:00:00,0.9005,0.9017,0.8336,0.8376,29226829.8937,25084884.51188515
2025-10-17 08:00:00,0.8376,0.8725,0.8205,0.8622,24043363.257,20333804.58508206
2025-10-17 12:00:00,0.8622,0.8705,0.8448,0.8694,6053163.0,5208696.70995
2025-10-17 16:00:00,0.8694,0.8862,0.8645,0.8712,5484301.5,4804082.3238
2025-10-17 20:00:00,0.8712,0.8859,0.8686,0.8707,1781952.0,1562034.5142
2025-10-18 00:00:00,0.8707,0.8851,0.8684,0.8805,2604964.5,2288109.97065
2025-10-18 04:00:00,0.8805,0.8935,0.8758,0.8858,3052594.5,2700492.79605
2025-10-18 08:00:00,0.8858,0.8993,0.884,0.891,2598079.0,2315790.60275
2025-10-18 12:00:00,0.891,0.8923,0.8734,0.8845,2456569.0,2164809.1872
2025-10-18 16:00:00,0.8845,0.8924,0.8739,0.8904,1656547.0,1462458.9248
2025-10-18 20:00:00,0.8904,0.8961,0.8831,0.8858,963104.0,855518.2145
2025-10-19 00:00:00,0.8858,0.8885,0.8761,0.8842,1811878.0,1598969.0369
2025-10-19 04:00:00,0.8842,0.8854,0.8724,0.8793,2659650.0,2332695.6458
2025-10-19 08:00:00,0.8793,0.9083,0.8693,0.8973,8054300.0,7152611.0539
2025-10-19 12:00:00,0.8973,0.9314,0.8933,0.9209,7836078.0,7187794.8344
2025-10-19 16:00:00,0.9209,0.9313,0.9147,0.9226,4805971.0,4434764.246
2025-10-19 20:00:00,0.9226,0.9268,0.9101,0.9117,2173340.0,1994217.3159
2025-10-20 00:00:00,0.9117,0.9326,0.8907,0.9279,6767566.0,6109223.4997
2025-10-20 04:00:00,0.9279,0.9385,0.9205,0.9265,3441762.0,3194788.4435
2025-10-20 08:00:00,0.9265,0.9365,0.9222,0.9282,3069386.0,2849053.5794
2025-10-20 12:00:00,0.9282,0.942,0.9222,0.9268,3502283.0,3264914.862
2025-10-20 16:00:00,0.9268,0.9271,0.9033,0.9236,9989370.0,9167740.7567
2025-10-20 20:00:00,0.9236,0.9291,0.9146,0.9172,2395250.0,2203959.5277
2025-10-21 00:00:00,0.9172,0.9173,0.8943,0.8965,6150847.0,5548529.2173
2025-10-21 04:00:00,0.8965,0.8976,0.8782,0.8892,9271194.0,8196884.6975
2025-10-21 08:00:00,0.8892,0.8957,0.878,0.8932,1741047.0,1544593.1961
2025-10-21 12:00:00,0.8932,0.9645,0.891,0.945,55227913.0,51798371.5433
2025-10-21 16:00:00,0.945,0.9697,0.9172,0.9281,126224781.0,118964100.0651
2025-10-21 20:00:00,0.9281,0.9303,0.8851,0.8857,4555830.0,4149806.9278
2025-10-22 00:00:00,0.8857,0.8928,0.8786,0.8874,3074956.0,2724732.0049
2025-10-22 04:00:00,0.8874,0.8955,0.8713,0.8819,5143600.0,4534948.1101
2025-10-22 08:00:00,0.8819,0.8824,0.8561,0.8706,8662470.0,7527099.7737
2025-10-22 12:00:00,0.8706,0.8866,0.8628,0.875,9242847.0,8070241.7483
2025-10-22 16:00:00,0.875,0.8789,0.841,0.8515,9451636.0,8118975.8397
2025-10-22 20:00:00,0.8515,0.8546,0.8097,0.8433,10241403.0,8484821.0175
2025-10-23 00:00:00,0.8433,0.8583,0.8391,0.8436,14983054.0,12718504.4869
2025-10-23 04:00:00,0.8436,0.8574,0.8407,0.8537,2015341.0,1713407.1307
2025-10-23 08:00:00,0.8537,0.8693,0.8509,0.8527,2685361.0,2309378.196
2025-10-23 12:00:00,0.8527,0.8641,0.8422,0.8545,9452824.0,8043328.1732
2025-10-23 16:00:00,0.8545,0.8651,0.8464,0.8569,4946041.0,4235597.5961
2025-10-23 20:00:00,0.8569,0.8635,0.8424,0.8631,2472560.0,2106997.4165
2025-10-24 00:00:00,0.8631,0.8652,0.8563,0.8604,1569572.0,1350175.3172
2025-10-24 04:00:00,0.8604,0.8864,0.8583,0.883,4379886.0,3844391.8049
2025-10-24 08:00:00,0.883,0.8877,0.8688,0.8784,12583005.0,11046115.785
2025-10-24 12:00:00,0.8784,0.8977,0.8633,0.8667,7042647.0,6193961.1813
2025-10-24 16:00:00,0.8667,0.8926,0.8496,0.8898,31929824.0,27863234.8149
2025-10-24 20:00:00,0.8898,1.0215,0.8175,0.8958,114182675.0,102301269.4149
2025-10-25 00:00:00,0.8958,0.896,0.8792,0.8803,4167958.0,3694664.5807
2025-10-25 04:00:00,0.8803,0.8846,0.8703,0.8727,3140697.0,2754062.445
2025-10-25 08:00:00,0.8727,0.8809,0.8709,0.8737,1563091.0,1368044.6316
2025-10-25 12:00:00,0.8737,0.8851,0.8718,0.8837,1759158.0,1544105.4662
2025-10-25 16:00:00,0.8837,0.8932,0.8802,0.891,2841278.0,2516055.0931
2025-10-25 20:00:00,0.891,0.9014,0.8895,0.894,7132650.0,6393407.245
2025-10-26 00:00:00,0.894,0.901,0.8785,0.8813,27547250.0,24604413.0983
2025-10-26 04:00:00,0.8813,0.8995,0.8806,0.8976,1548889.0,1382217.1915
2025-10-26 08:00:00,0.8976,0.9425,0.8965,0.937,46462728.0,42281368.3512
2025-10-26 12:00:00,0.937,0.9464,0.9265,0.9383,24777131.0,23169102.1242
2025-10-26 16:00:00,0.9383,0.9575,0.93,0.9435,48054044.0,45230896.4939
2025-10-26 20:00:00,0.9435,0.9644,0.9272,0.9476,30375017.0,28585162.2475
2025-10-27 00:00:00,0.9476,0.9547,0.9427,0.9485,1820413.0,1726785.8876
2025-10-27 04:00:00,0.9485,0.9585,0.9333,0.9413,3144784.0,2974781.1461
2025-10-27 08:00:00,0.9413,0.9424,0.9189,0.9286,3607342.0,3353086.0588
2025-10-27 12:00:00,0.9286,0.9299,0.9115,0.9184,3442094.0,3165748.8929
2025-10-27 16:00:00,0.9184,0.9339,0.9172,0.9185,2606663.0,2414184.0683
2025-10-27 20:00:00,0.9185,0.9189,0.8959,0.9036,2857339.0,2591377.4375
2025-10-28 00:00:00,0.9036,0.9057,0.8905,0.8955,1436218.0,1290014.8699
2025-10-28 04:00:00,0.8955,0.908,0.8882,0.8966,1545569.0,1386588.5833
2025-10-28 08:00:00,0.8966,0.9102,0.894,0.9022,2027130.0,1825796.3386
2025-10-28 12:00:00,0.9022,0.9237,0.8814,0.8991,7535155.0,6838546.865
2025-10-28 16:00:00,0.8991,0.909,0.8726,0.8776,2151378.0,1921535.1373
2025-10-28 20:00:00,0.8776,0.8777,0.851,0.8689,4877817.0,4216945.0472
2025-10-29 00:00:00,0.8689,0.8718,0.8622,0.8642,1010828.0,876009.8503
2025-10-29 04:00:00,0.8642,0.8778,0.8634,0.8772,1101358.0,956380.0791
2025-10-29 08:00:00,0.8772,0.8822,0.8646,0.8799,1452341.0,1265803.7906
2025-10-29 12:00:00,0.8799,0.8934,0.8591,0.8634,3978095.0,3473835.6603
2025-10-29 16:00:00,0.8634,0.8963,0.8371,0.8808,13940623.0,12039439.7843
2025-10-29 20:00:00,0.8808,0.894,0.8561,0.8601,2511877.0,2201948.0375
2025-10-30 00:00:00,0.8601,0.8709,0.8513,0.863,1450126.0,1250908.4226
2025-10-30 04:00:00,0.863,0.863,0.8245,0.8546,4244014.0,3565479.9878
2025-10-30 08:00:00,0.8546,0.8547,0.8289,0.8302,1604350.0,1346682.5704
2025-10-30 12:00:00,0.8302,0.8318,0.7867,0.79,5626751.0,4532598.3043
2025-10-30 16:00:00,0.79,0.7955,0.7651,0.769,5032157.0,3914174.0358
2025-10-30 20:00:00,0.769,0.7994,0.7659,0.7968,1753803.0,1372164.9695
2025-10-31 00:00:00,0.7968,0.8138,0.7947,0.8085,1572427.0,1267952.8619
2025-10-31 04:00:00,0.8085,0.8166,0.7955,0.7976,1559812.0,1258636.5448
2025-10-31 08:00:00,0.7976,0.81,0.7938,0.8086,1746242.0,1395882.5101
2025-10-31 12:00:00,0.8086,0.8143,0.7965,0.8048,3028140.0,2441950.5098
2025-10-31 16:00:00,0.8048,0.8096,0.7787,0.8062,5216382.0,4129357.9961
2025-10-31 20:00:00,0.8062,0.8079,0.7951,0.7983,844126.0,675024.8521
2025-11-01 00:00:00,0.7983,0.8135,0.7904,0.8115,1984334.0,1586435.4653
2025-11-01 04:00:00,0.8115,0.8684,0.8061,0.8684,3815247.0,3189033.5436
2025-11-01 08:00:00,0.8684,0.8963,0.8418,0.8654,17463308.0,15189575.3436
2025-11-01 12:00:00,0.8654,0.8872,0.8525,0.8765,7080112.0,6155691.4638
2025-11-01 16:00:00,0.8765,0.8845,0.8721,0.8802,2487025.0,2183639.7708
2025-11-01 20:00:00,0.8802,0.8833,0.8656,0.8719,2084300.0,1823149.4666
2025-11-02 00:00:00,0.8719,0.8731,0.846,0.8504,3643857.0,3119850.3063
2025-11-02 04:00:00,0.8504,0.8641,0.849,0.8596,2107254.0,1808840.2948
2025-11-02 08:00:00,0.8596,0.8608,0.8402,0.8556,2609953.0,2219236.6272
2025-11-02 12:00:00,0.8556,0.8558,0.8236,0.83,3120180.0,2615440.3519
2025-11-02 16:00:00,0.83,0.8357,0.8201,0.8275,3629338.0,3007213.849
2025-11-02 20:00:00,0.8275,0.8448,0.8257,0.8408,3102139.0,2592551.8403
2025-11-03 00:00:00,0.8408,0.8438,0.7861,0.7873,5587663.0,4542536.3122
2025-11-03 04:00:00,0.7873,0.8014,0.7774,0.7867,3758264.0,2960398.1089
2025-11-03 08:00:00,0.7867,0.7986,0.7749,0.7845,4127425.0,3241599.2238
2025-11-03 12:00:00,0.7845,0.7923,0.6991,0.731,27425400.0,20281854.5919
2025-11-03 16:00:00,0.731,0.7545,0.7196,0.7266,8213736.0,6035214.7706
2025-11-03 20:00:00,0.7266,0.7322,0.7118,0.7275,4733486.0,3426805.2969
2025-11-04 00:00:00,0.7275,0.7383,0.7198,0.7337,4245961.0,3105173.0012
2025-11-04 04:00:00,0.7337,0.738,0.6969,0.7028,8926717.0,6355548.3855
2025-11-04 08:00:00,0.7028,0.7265,0.699,0.7173,4310788.0,3081257.9831
2025-11-04 12:00:00,0.7173,0.7254,0.6972,0.7051,5939585.0,4228449.4901
2025-11-04 16:00:00,0.7051,0.7149,0.6745,0.6875,8482964.0,5886787.6789
2025-11-04 20:00:00,0.6875,0.7103,0.6514,0.7032,12048739.0,8100346.8566
2025-11-05 00:00:00,0.7032,0.7146,0.6679,0.7126,5536202.0,3841153.0493
2025-11-05 04:00:00,0.7126,0.7201,0.7077,0.7196,1851845.0,1324572.7054
2025-11-05 08:00:00,0.7196,0.72,0.7024,0.7173,2298102.0,1634040.0926
2025-11-05 12:00:00,0.7173,0.7331,0.7154,0.7284,3905014.0,2823379.0831
2025-11-05 16:00:00,0.7284,0.7411,0.7226,0.7354,4778992.0,3503526.6805
2025-11-05 20:00:00,0.7354,0.7443,0.7304,0.7382,4447323.0,3271539.6457
2025-11-06 00:00:00,0.7382,0.7382,0.7208,0.7294,3716457.0,2708264.7235
2025-11-06 04:00:00,0.7294,0.7314,0.7134,0.7176,2686640.0,1931923.3227
2025-11-06 08:00:00,0.7176,0.7191,0.7091,0.7163,4043948.0,2895836.42
2025-11-06 12:00:00,0.7163,0.7278,0.6975,0.7015,3797322.0,2709985.1409
2025-11-06 16:00:00,0.7015,0.7165,0.6875,0.7089,3026269.0,2124871.3851
2025-11-06 20:00:00,0.7089,0.7128,0.6975,0.7039,3046220.0,2146563.8333
2025-11-07 00:00:00,0.7039,0.7263,0.7032,0.7208,3124903.0,2226656.3107
2025-11-07 04:00:00,0.7208,0.766,0.7168,0.7651,2307464.0,1712017.8966
2025-11-07 08:00:00,0.7651,0.7659,0.7234,0.7312,3811951.0,2826367.4037
2025-11-07 12:00:00,0.7312,0.8017,0.7148,0.799,7069585.0,5368064.3371
2025-11-07 16:00:00,0.799,0.8648,0.7935,0.849,10329125.0,8611951.3443
2025-11-07 20:00:00,0.849,0.8722,0.822,0.8342,3373882.0,2857051.7147
2025-11-08 00:00:00,0.8342,0.8522,0.8204,0.8294,5698887.0,4780796.7614
2025-11-08 04:00:00,0.8294,0.848,0.8077,0.8236,3129545.0,2575891.1451
2025-11-08 08:00:00,0.8236,0.8478,0.8095,0.8326,3590489.0,2964110.9081
2025-11-08 12:00:00,0.8326,0.836,0.7953,0.8002,2643119.0,2149486.8853
2025-11-08 16:00:00,0.8002,0.8156,0.7932,0.809,1303137.0,1048506.6125
2025-11-08 20:00:00,0.809,0.817,0.8036,0.8161,666773.0,541436.9315
2025-11-09 00:00:00,0.8161,0.8189,0.7786,0.784,2251021.0,1797651.3113
2025-11-09 04:00:00,0.784,0.802,0.7834,0.8003,1449536.0,1150202.1092
2025-11-09 08:00:00,0.8003,0.8055,0.7815,0.8005,2968339.0,2360904.5894
2025-11-09 12:00:00,0.8005,0.8258,0.7981,0.8184,4185245.0,3400086.0432
2025-11-09 16:00:00,0.8184,0.8264,0.8061,0.8262,1221834.0,995256.8068
2025-11-09 20:00:00,0.8262,0.8263,0.8094,0.8167,2190693.0,1789962.2966
2025-11-10 00:00:00,0.8167,0.8339,0.81,0.8259,2585767.0,2132753.8078
2025-11-10 04:00:00,0.8259,0.8377,0.8228,0.8322,2210783.0,1836859.0174
2025-11-10 08:00:00,0.8322,0.8479,0.8226,0.8381,3629041.0,3033150.9831
2025-11-10 12:00:00,0.8381,0.8454,0.8145,0.8246,4537880.0,3760772.2828
2025-11-10 16:00:00,0.8246,0.8295,0.8081,0.8199,2714302.0,2221842.0809
2025-11-10 20:00:00,0.8199,0.8426,0.8095,0.8302,1579385.0,1307160.86
2025-11-11 00:00:00,0.8302,0.8464,0.8158,0.8378,3018482.0,2512056.4341
2025-11-11 04:00:00,0.8378,0.8398,0.7932,0.7936,2755931.0,2231833.087
2025-11-11 08:00:00,0.7936,0.8063,0.7909,0.8,2069388.0,1654836.8244
2025-11-11 12:00:00,0.8,0.8077,0.7872,0.797,2390263.0,1905045.6284
2025-11-11 16:00:00,0.797,0.8098,0.7809,0.7836,1597334.0,1270223.9555
2025-11-11 20:00:00,0.7836,0.7855,0.7665,0.7704,3091998.0,2393996.5009
2025-11-12 00:00:00,0.7704,0.7877,0.7641,0.785,2059072.0,1597759.1818
2025-11-12 04:00:00,0.785,0.7986,0.7797,0.7868,1111922.0,877296.6938
2025-11-12 08:00:00,0.7868,0.8152,0.7868,0.8058,1591562.0,1276593.3247
2025-11-12 12:00:00,0.8058,0.8134,0.7666,0.7709,3031988.0,2401410.7552
2025-11-12 16:00:00,0.7709,0.7725,0.7443,0.7528,4149597.0,3134401.1686
2025-11-12 20:00:00,0.7528,0.7702,0.7502,0.7612,1381452.0,1051383.4887
2025-11-13 00:00:00,0.7612,0.7942,0.7598,0.7842,3909432.0,3027068.8905
2025-11-13 04:00:00,0.7842,0.8092,0.7788,0.796,2565939.0,2039027.7547
2025-11-13 08:00:00,0.796,0.7984,0.782,0.784,2020385.0,1592488.0448
2025-11-13 12:00:00,0.784,0.8035,0.7757,0.7819,4478878.0,3531371.2154
2025-11-13 16:00:00,0.7819,0.7842,0.722,0.7269,4814303.0,3618834.1775
2025-11-13 20:00:00,0.7269,0.7536,0.7188,0.7438,2168950.0,1590260.883
2025-11-14 00:00:00,0.7438,0.7486,0.7302,0.7326,2006459.0,1483583.2092
2025-11-14 04:00:00,0.7326,0.7445,0.6988,0.7358,5569725.0,4008630.686
2025-11-14 08:00:00,0.7358,0.7369,0.7109,0.717,1764876.0,1277404.2193
2025-11-14 12:00:00,0.717,0.7401,0.7001,0.7318,6390579.0,4589023.5895
2025-11-14 16:00:00,0.7318,0.7368,0.7147,0.7294,2124609.0,1544476.5815
2025-11-14 20:00:00,0.7294,0.7298,0.6885,0.7046,7512734.0,5275270.0055
2025-11-15 00:00:00,0.7046,0.726,0.7035,0.7242,1560386.0,1115787.64
2025-11-15 04:00:00,0.7242,0.7269,0.712,0.7143,1533746.0,1103309.5261
2025-11-15 08:00:00,0.7143,0.7148,0.6992,0.7031,1995216.0,1406135.076
2025-11-15 12:00:00,0.7031,0.7146,0.6991,0.7011,1407873.0,994491.6992
2025-11-15 16:00:00,0.7011,0.7067,0.6923,0.7013,1815597.0,1271343.1754
2025-11-15 20:00:00,0.7013,0.7014,0.6893,0.699,1574798.0,1095627.0779
2025-11-16 00:00:00,0.699,0.7032,0.6838,0.7001,2335801.0,1619347.7254
2025-11-16 04:00:00,0.7001,0.7025,0.6943,0.7001,1576221.0,1100454.6131
2025-11-16 08:00:00,0.7001,0.7052,0.6792,0.6828,2957646.0,2047306.8556
2025-11-16 12:00:00,0.6828,0.6854,0.6672,0.6686,4069175.0,2760912.5182
2025-11-16 16:00:00,0.6686,0.6772,0.6523,0.6626,5429211.0,3605400.3271
2025-11-16 20:00:00,0.6626,0.6789,0.6577,0.6733,2813123.0,1878153.9106
2025-11-17 00:00:00,0.6733,0.6842,0.6643,0.6821,2121033.0,1433330.7203
2025-11-17 04:00:00,0.6821,0.6863,0.6769,0.6852,1012087.0,690521.1153
2025-11-17 08:00:00,0.6852,0.6875,0.6802,0.6836,859653.0,587588.5268
2025-11-17 12:00:00,0.6836,0.696,0.657,0.6703,5360680.0,3620285.0423
2025-11-17 16:00:00,0.6703,0.6779,0.6402,0.6434,4824798.0,3170703.0572
2025-11-17 20:00:00,0.6434,0.652,0.6363,0.6515,2564333.0,1651340.2189
2025-11-18 00:00:00,0.6515,0.6708,0.6407,0.6677,4024046.0,2643802.9009
2025-11-18 04:00:00,0.6677,0.6762,0.6589,0.6666,3514653.0,2341744.8986
2025-11-18 08:00:00,0.6666,0.6755,0.6655,0.6709,1934891.0,1297365.8405
2025-11-18 12:00:00,0.6709,0.6862,0.6642,0.6824,4314922.0,2910626.7517
2025-11-18 16:00:00,0.6824,0.6953,0.6808,0.69,2101494.0,1446854.911
2025-11-18 20:00:00,0.69,0.6924,0.6807,0.6866,2293120.0,1573746.8047
2025-11-19 00:00:00,0.6866,0.6896,0.6744,0.6751,1761985.0,1201327.2338
2025-11-19 04:00:00,0.6751,0.676,0.6558,0.6708,2238315.0,1492580.7225
2025-11-19 08:00:00,0.6708,0.671,0.6605,0.6653,1095537.0,729995.5639
2025-11-19 12:00:00,0.6653,0.6772,0.652,0.6538,2863035.0,1899475.9595
2025-11-19 16:00:00,0.6538,0.6596,0.6327,0.6372,2662487.0,1718845.1463
2025-11-19 20:00:00,0.6372,0.6712,0.6366,0.6667,2170383.0,1423613.5815
2025-11-20 00:00:00,0.6667,0.6758,0.664,0.6731,1134389.0,762084.1184
2025-11-20 04:00:00,0.6731,0.6872,0.6711,0.6866,1351137.0,917163.1757
2025-11-20 08:00:00,0.6866,0.7083,0.685,0.6988,3500716.0,2429146.9215
2025-11-20 12:00:00,0.6988,0.7135,0.6837,0.6847,5755190.0,4044692.1354
2025-11-20 16:00:00,0.6847,0.6865,0.6344,0.6507,7658702.0,5030080.8335
2025-11-20 20:00:00,0.6507,0.6789,0.6444,0.6539,2558369.0,1688020.6541
2025-11-21 00:00:00,0.6539,0.666,0.6402,0.6495,2889868.0,1888158.1366
2025-11-21 04:00:00,0.6495,0.6536,0.5629,0.6135,16537745.0,9909814.449
2025-11-21 08:00:00,0.6135,0.6192,0.5884,0.5906,6940123.0,4191586.3305
2025-11-21 12:00:00,0.5906,0.613,0.5761,0.5964,10781970.0,6399601.683
2025-11-21 16:00:00,0.5964,0.6215,0.5871,0.5997,4604197.0,2779219.7872
2025-11-21 20:00:00,0.5997,0.6012,0.5694,0.5932,6976847.0,4090174.7227
2025-11-22 00:00:00,0.5932,0.6114,0.5924,0.6003,2594765.0,1560163.6347
2025-11-22 04:00:00,0.6003,0.6015,0.5832,0.5999,2364654.0,1402160.8431
2025-11-22 08:00:00,0.5999,0.6004,0.5844,0.5958,2134751.0,1261940.6986
2025-11-22 12:00:00,0.5958,0.6033,0.587,0.5964,1512652.0,900296.356
2025-11-22 16:00:00,0.5964,0.606,0.5953,0.5997,2023413.0,1215661.0752
2025-11-22 20:00:00,0.5997,0.6106,0.5944,0.605,1831026.0,1102347.4428
2025-11-23 00:00:00,0.605,0.6138,0.6,0.6081,2070536.0,1259481.7212
2025-11-23 04:00:00,0.6081,0.6172,0.6024,0.6083,1784109.0,1089920.1201
2025-11-23 08:00:00,0.6083,0.6143,0.6024,0.6069,1731958.0,1055051.6395
2025-11-23 12:00:00,0.6069,0.6158,0.6037,0.6132,1843330.0,1124681.9815
2025-11-23 16:00:00,0.6132,0.6258,0.6073,0.6228,1633339.0,1005453.3209
2025-11-23 20:00:00,0.6228,0.6254,0.6068,0.6089,1842442.0,1135287.617
2025-11-24 00:00:00,0.6089,0.6265,0.6005,0.6188,3550103.0,2175799.4276
2025-11-24 04:00:00,0.6188,0.6246,0.6064,0.6126,2557387.0,1571084.3069
2025-11-24 08:00:00,0.6126,0.6149,0.5988,0.6048,2047185.0,1237358.5468
2025-11-24 12:00:00,0.6048,0.6174,0.5947,0.6128,4149167.0,2509108.7409
2025-11-24 16:00:00,0.6128,0.6428,0.6128,0.635,4422291.0,2782815.6875
2025-11-24 20:00:00,0.635,0.6451,0.6343,0.6365,1811453.0,1158727.2863
2025-11-25 00:00:00,0.6365,0.6387,0.6275,0.632,1859186.0,1177101.4716
2025-11-25 04:00:00,0.632,0.6358,0.6237,0.6248,2120675.0,1331973.3101
2025-11-25 08:00:00,0.6248,0.631,0.6199,0.6286,1322022.0,827588.1628
2025-11-25 12:00:00,0.6286,0.6361,0.6131,0.624,3859941.0,2410644.1127
2025-11-25 16:00:00,0.624,0.6339,0.6164,0.6281,4034386.0,2518474.28
2025-11-25 20:00:00,0.6281,0.6447,0.6261,0.6401,2003033.0,1274694.0177
2025-11-26 00:00:00,0.6401,0.6454,0.6325,0.6352,1368929.0,873477.2844
2025-11-26 04:00:00,0.6352,0.6407,0.6338,0.6406,1138168.0,724626.4234
2025-11-26 08:00:00,0.6406,0.6406,0.6244,0.6254,1814764.0,1144257.3985
2025-11-26 12:00:00,0.6254,0.63,0.6173,0.6206,2801630.0,1744273.7065
2025-11-26 16:00:00,0.6206,0.659,0.6206,0.6555,6132523.0,3947479.1044
2025-11-26 20:00:00,0.6555,0.6588,0.6495,0.656,3890337.0,2542868.7632
2025-11-27 00:00:00,0.656,0.6638,0.6525,0.6567,15833323.0,10434539.3141
2025-11-27 04:00:00,0.6567,0.66,0.6491,0.6507,4189018.0,2735558.8231
2025-11-27 08:00:00,0.6507,0.6549,0.6459,0.6472,10062726.0,6546711.0041
2025-11-27 12:00:00,0.6472,0.6591,0.6439,0.6584,10041315.0,6515125.1596
2025-11-27 16:00:00,0.6584,0.669,0.6563,0.6661,3671040.0,2432580.0334
2025-11-27 20:00:00,0.6661,0.6682,0.6508,0.6529,3925818.0,2578517.6711
2025-11-28 00:00:00,0.6529,0.6558,0.637,0.6441,3250274.0,2096297.6907
2025-11-28 04:00:00,0.6441,0.6456,0.6385,0.641,3599065.0,2310524.2785
2025-11-28 08:00:00,0.641,0.6661,0.6402,0.6469,29103608.0,18986424.5333
2025-11-28 12:00:00,0.6469,0.6634,0.6444,0.6573,35551933.0,23354143.3981
2025-11-28 16:00:00,0.6573,0.6574,0.6331,0.6476,19523833.0,12604309.5405
2025-11-28 20:00:00,0.6476,0.6524,0.6411,0.6478,10952644.0,7099986.4289
2025-11-29 00:00:00,0.6478,0.6577,0.6425,0.6449,25377481.0,16483264.9548
2025-11-29 04:00:00,0.6449,0.6476,0.6386,0.6409,5197639.0,3338719.1899
2025-11-29 08:00:00,0.6409,0.6443,0.6335,0.6435,6655622.0,4251617.7363
2025-11-29 12:00:00,0.6435,0.6447,0.6358,0.6403,3969961.0,2536000.4967
2025-11-29 16:00:00,0.6403,0.6403,0.6273,0.6321,3401163.0,2152172.3219
2025-11-29 20:00:00,0.6321,0.6351,0.6281,0.6303,2010502.0,1269235.401
2025-11-30 00:00:00,0.6303,0.6334,0.6219,0.6323,2787300.0,1751288.0893
2025-11-30 04:00:00,0.6323,0.6335,0.6239,0.6292,1277769.0,801536.6186
2025-11-30 08:00:00,0.6292,0.6336,0.6258,0.6271,1904289.0,1199697.0651
2025-11-30 12:00:00,0.6271,0.6404,0.6239,0.6272,2873156.0,1816601.7868
2025-11-30 16:00:00,0.6272,0.6396,0.6272,0.6375,1102011.0,699724.9351
2025-11-30 20:00:00,0.6375,0.6433,0.6166,0.6189,2445642.0,1546543.5563
2025-12-01 00:00:00,0.6189,0.6206,0.5721,0.5734,9841109.0,5787153.8784
2025-12-01 04:00:00,0.5734,0.5831,0.5706,0.5766,6427695.0,3702962.7289
2025-12-01 08:00:00,0.5766,0.582,0.5707,0.5722,7215159.0,4159116.7559
2025-12-01 12:00:00,0.5722,0.578,0.5564,0.5674,15710721.0,8926982.4893
2025-12-01 16:00:00,0.5674,0.5676,0.5562,0.5597,9050145.0,5076176.1475
2025-12-01 20:00:00,0.5597,0.5781,0.5594,0.5739,22664822.0,12924973.3782
2025-12-02 00:00:00,0.5739,0.5823,0.5683,0.5746,1556068.0,891948.5751
2025-12-02 04:00:00,0.5746,0.5774,0.5721,0.5733,4228573.0,2431405.7874
2025-12-02 08:00:00,0.5733,0.5798,0.5661,0.5779,6561856.0,3764906.7402
2025-12-02 12:00:00,0.5779,0.6594,0.5767,0.6587,89310028.0,55436597.3661
2025-12-02 16:00:00,0.6587,0.6651,0.6324,0.6357,55208278.0,35981035.956
2025-12-02 20:00:00,0.6357,0.6389,0.6257,0.6275,21058682.0,13298003.5323
2025-12-03 00:00:00,0.6275,0.6346,0.6166,0.6312,5074467.0,3188171.9791
2025-12-03 04:00:00,0.6312,0.6414,0.6279,0.6326,5730933.0,3643592.4719
2025-12-03 08:00:00,0.6326,0.6395,0.6265,0.6313,5812426.0,3676929.9533
2025-12-03 12:00:00,0.6313,0.6386,0.6169,0.6255,8052658.0,5052125.6915
2025-12-03 16:00:00,0.6255,0.6365,0.622,0.63,3647574.0,2293087.743
2025-12-03 20:00:00,0.63,0.642,0.6273,0.6344,6337731.0,4014145.2562
2025-12-04 00:00:00,0.6344,0.6434,0.6316,0.6379,2973430.0,1895610.7077
2025-12-04 04:00:00,0.6379,0.6427,0.6354,0.6387,2646558.0,1691831.0871
2025-12-04 08:00:00,0.6387,0.6437,0.6328,0.6361,2910598.0,1856989.4737
2025-12-04 12:00:00,0.6361,0.6405,0.6265,0.6379,4419165.0,2794659.7276
2025-12-04 16:00:00,0.6379,0.641,0.6153,0.627,4952388.0,3120219.3678
2025-12-04 20:00:00,0.627,0.6298,0.6186,0.6194,4565316.0,2842928.0425
2025-12-05 00:00:00,0.6194,0.624,0.6134,0.6149,2449303.0,1515360.0875
2025-12-05 04:00:00,0.6149,0.6195,0.6076,0.6183,2829238.0,1734652.8241
2025-12-05 08:00:00,0.6183,0.6185,0.5994,0.6024,4094563.0,2488268.4944
2025-12-05 12:00:00,0.6024,0.6048,0.5858,0.5889,7034274.0,4190813.8452
2025-12-05 16:00:00,0.5889,0.5889,0.5634,0.5686,8774569.0,5044873.8127
2025-12-05 20:00:00,0.5686,0.575,0.5634,0.5729,3724342.0,2119182.6189
2025-12-06 00:00:00,0.5729,0.5793,0.5713,0.5784,1951939.0,1123059.244
2025-12-06 04:00:00,0.5784,0.5799,0.5723,0.5786,1656551.0,954744.2659
2025-12-06 08:00:00,0.5786,0.5787,0.5699,0.575,2425317.0,1391774.8984
2025-12-06 12:00:00,0.575,0.5821,0.5733,0.5749,2964029.0,1708665.0193
2025-12-06 16:00:00,0.5749,0.5817,0.5736,0.5757,2688293.0,1551707.2368
2025-12-06 20:00:00,0.5757,0.5846,0.5719,0.5768,6079435.0,3518794.136
2025-12-07 00:00:00,0.5768,0.5824,0.5765,0.5797,1899265.0,1099937.3759
2025-12-07 04:00:00,0.5797,0.5836,0.5762,0.5791,1822497.0,1056567.243
2025-12-07 08:00:00,0.5791,0.584,0.5719,0.5772,4157413.0,2401843.0376
2025-12-07 12:00:00,0.5772,0.5791,0.5523,0.5722,9131134.0,5144164.1323
2025-12-07 16:00:00,0.5722,0.5942,0.5658,0.5908,8146219.0,4761899.535
2025-12-07 20:00:00,0.5908,0.5924,0.5566,0.5655,9878380.0,5629658.0761
2025-12-08 00:00:00,0.5655,0.5839,0.5624,0.5754,8426344.0,4837072.4354
2025-12-08 04:00:00,0.5754,0.5882,0.5751,0.5857,3359164.0,1953166.5708
2025-12-08 08:00:00,0.5857,0.5971,0.5837,0.5919,8746006.0,5165012.4114
2025-12-08 12:00:00,0.5919,0.6024,0.5862,0.5915,7188599.0,4262010.4748
2025-12-08 16:00:00,0.5915,0.6034,0.5811,0.585,8275730.0,4892661.4307
2025-12-08 20:00:00,0.585,0.6172,0.5845,0.6134,9247172.0,5560362.0128
2025-12-09 00:00:00,0.6134,0.6187,0.5984,0.6168,6658506.0,4040331.7308
2025-12-09 04:00:00,0.6168,0.6198,0.5927,0.6004,4847680.0,2925321.9122
2025-12-09 08:00:00,0.6004,0.6005,0.5865,0.5965,2995313.0,1776273.2376
2025-12-09 12:00:00,0.5965,0.6257,0.5947,0.623,7151321.0,4371976.8291
2025-12-09 16:00:00,0.623,0.647,0.623,0.6455,6520941.0,4145876.1595
2025-12-09 20:00:00,0.6455,0.646,0.6287,0.6431,3764318.0,2401879.9248
2025-12-10 00:00:00,0.6431,0.6437,0.631,0.6311,3176131.0,2018264.3736
2025-12-10 04:00:00,0.6311,0.639,0.6277,0.63,2252919.0,1425620.5129
2025-12-10 08:00:00,0.63,0.63,0.6182,0.6236,4811658.0,2998183.0313
2025-12-10 12:00:00,0.6236,0.6337,0.623,0.6245,1976671.0,1241176.8078
2025-12-10 16:00:00,0.6245,0.6419,0.6218,0.6387,4092053.0,2585774.7739
2025-12-10 20:00:00,0.6387,0.6523,0.6136,0.6159,7056253.0,4449353.3024
2025-12-11 00:00:00,0.6159,0.6171,0.5812,0.5813,10789445.0,6433121.0139
2025-12-11 04:00:00,0.5813,0.597,0.5785,0.589,2044496.0,1200590.4891
2025-12-11 08:00:00,0.589,0.594,0.5844,0.5902,4364185.0,2568962.1764
2025-12-11 12:00:00,0.5902,0.5915,0.5784,0.5848,8850945.0,5177358.036
2025-12-11 16:00:00,0.5848,0.6082,0.5796,0.5953,18328898.0,10958135.3164
2025-12-11 20:00:00,0.5953,0.6052,0.5898,0.5961,12417686.0,7419852.0485
2025-12-12 00:00:00,0.5961,0.602,0.5878,0.5973,6771620.0,4032647.7216
2025-12-12 04:00:00,0.5973,0.6073,0.5944,0.5995,2157297.0,1293538.4085
2025-12-12 08:00:00,0.5995,0.6074,0.5951,0.6033,5785594.0,3485740.573
2025-12-12 12:00:00,0.6033,0.6096,0.5709,0.5759,19168963.0,11466928.1146
2025-12-12 16:00:00,0.5759,0.5807,0.563,0.572,10346917.0,5918916.3503
2025-12-12 20:00:00,0.572,0.5819,0.5694,0.5807,3858233.0,2229127.5808
2025-12-13 00:00:00,0.5807,0.5911,0.5777,0.5887,18973393.0,11088800.8014
2025-12-13 04:00:00,0.5887,0.5911,0.5801,0.5844,6828427.0,4008836.2805
2025-12-13 08:00:00,0.5844,0.5905,0.5844,0.5881,2021612.0,1187614.9179
2025-12-13 12:00:00,0.5881,0.5958,0.5862,0.5929,14266974.0,8432958.8342
2025-12-13 16:00:00,0.5929,0.6006,0.5917,0.5959,12523620.0,7465474.1174
2025-12-13 20:00:00,0.5959,0.598,0.5888,0.5943,2170006.0,1289101.3367
2025-12-14 00:00:00,0.5943,0.5946,0.5873,0.5881,2247388.0,1327174.1352
2025-12-14 04:00:00,0.5881,0.5889,0.5807,0.5843,2965200.0,1731819.6897
2025-12-14 08:00:00,0.5843,0.586,0.5713,0.5776,5415075.0,3134476.8738
2025-12-14 12:00:00,0.5776,0.5817,0.568,0.5709,9223282.0,5288028.9148
2025-12-14 16:00:00,0.5709,0.5767,0.5616,0.5636,6444211.0,3655220.4248
2025-12-14 20:00:00,0.5636,0.5669,0.5544,0.562,8337686.0,4677258.9962
2025-12-15 00:00:00,0.562,0.5844,0.5618,0.5744,6611747.0,3792940.4004
2025-12-15 04:00:00,0.5744,0.5821,0.5737,0.5776,2175188.0,1257371.8907
2025-12-15 08:00:00,0.5776,0.5825,0.5768,0.5796,1694625.0,982143.7121
2025-12-15 12:00:00,0.5796,0.5807,0.5365,0.5418,9895414.0,5544584.826
2025-12-15 16:00:00,0.5418,0.5431,0.5223,0.5302,7806800.0,4153209.5388
2025-12-15 20:00:00,0.5302,0.5402,0.5243,0.5389,8328068.0,4448231.7593
2025-12-16 00:00:00,0.5389,0.5402,0.5299,0.5351,5794259.0,3096110.1238
2025-12-16 04:00:00,0.5351,0.5355,0.5184,0.5187,5298898.0,2795808.8393
2025-12-16 08:00:00,0.5187,0.5423,0.5177,0.538,10712037.0,5696073.2215
2025-12-16 12:00:00,0.538,0.5408,0.5225,0.5353,16612867.0,8841377.3797
2025-12-16 16:00:00,0.5353,0.5373,0.5229,0.5293,9454458.0,5005463.3074
2025-12-16 20:00:00,0.5293,0.5333,0.525,0.5275,3929196.0,2076543.302
2025-12-17 00:00:00,0.5275,0.5315,0.5212,0.5233,2208433.0,1159176.8482
2025-12-17 04:00:00,0.5233,0.5248,0.511,0.5142,4338940.0,2239569.1785
2025-12-17 08:00:00,0.5142,0.5183,0.5091,0.5171,2210206.0,1133066.435
2025-12-17 12:00:00,0.5171,0.5449,0.5138,0.5168,9892119.0,5224596.3388
2025-12-17 16:00:00,0.5168,0.5222,0.4925,0.5003,7028303.0,3540653.2965
2025-12-17 20:00:00,0.5003,0.5055,0.4929,0.4966,3295355.0,1640013.3714
2025-12-18 00:00:00,0.4966,0.5006,0.4917,0.4957,1636382.0,811124.4299
2025-12-18 04:00:00,0.4957,0.4979,0.4882,0.4951,3694045.0,1818033.5501
2025-12-18 08:00:00,0.4951,0.5019,0.4946,0.5019,2506499.0,1248176.2078
2025-12-18 12:00:00,0.5019,0.5253,0.4999,0.5163,5671283.0,2909188.1881
2025-12-18 16:00:00,0.5163,0.5168,0.4723,0.4737,12238375.0,6012585.9625
2025-12-18 20:00:00,0.4737,0.487,0.4732,0.4788,3887054.0,1866906.8983
2025-12-19 00:00:00,0.4788,0.5016,0.4748,0.4956,3657502.0,1777172.4561
2025-12-19 04:00:00,0.4956,0.5118,0.4944,0.5042,3529301.0,1771400.398
2025-12-19 08:00:00,0.5042,0.5066,0.5006,0.5055,1618491.0,816031.3234
2025-12-19 12:00:00,0.5055,0.5224,0.5031,0.5121,3756341.0,1919399.3677
2025-12-19 16:00:00,0.5121,0.5272,0.5069,0.5237,3557332.0,1834591.6988
2025-12-19 20:00:00,0.5237,0.5293,0.5207,0.5221,2992367.0,1568624.8588
2025-12-20 00:00:00,0.5221,0.5226,0.5161,0.5174,854811.0,443690.2475
2025-12-20 04:00:00,0.5174,0.5223,0.5137,0.5219,1936275.0,999518.6003
2025-12-20 08:00:00,0.5219,0.5243,0.5174,0.5226,1046133.0,545320.9743
2025-12-20 12:00:00,0.5226,0.5226,0.5162,0.5199,986460.0,512189.9722
2025-12-20 16:00:00,0.5199,0.5234,0.5189,0.5211,893677.0,465722.8486
2025-12-20 20:00:00,0.5211,0.5247,0.5207,0.5229,628630.0,328518.7528
2025-12-21 00:00:00,0.5229,0.5235,0.51,0.5142,2048287.0,1055818.9903
2025-12-21 04:00:00,0.5142,0.5175,0.5126,0.5165,594651.0,306509.6162
2025-12-21 08:00:00,0.5165,0.5229,0.5143,0.5145,2405375.0,1247191.2901
2025-12-21 12:00:00,0.5145,0.5151,0.4956,0.5012,6274337.0,3169790.4673
2025-12-21 16:00:00,0.5012,0.508,0.4993,0.5056,2541702.0,1278386.926
2025-12-21 20:00:00,0.5056,0.5139,0.5014,0.5108,1486204.0,755070.1715
2025-12-22 00:00:00,0.5108,0.5237,0.5043,0.5128,5208508.0,2671434.2569
2025-12-22 04:00:00,0.5128,0.5174,0.5124,0.5165,1086271.0,559631.4183
2025-12-22 08:00:00,0.5165,0.522,0.5123,0.5152,5173160.0,2669773.4862
2025-12-22 12:00:00,0.5152,0.5201,0.5094,0.5158,4732545.0,2439887.8885
2025-12-22 16:00:00,0.5158,0.5171,0.498,0.4996,4331333.0,2200012.2766
2025-12-22 20:00:00,0.4996,0.5059,0.4961,0.5039,2046282.0,1025180.2805
2025-12-23 00:00:00,0.5039,0.5103,0.4958,0.498,2899022.0,1459243.7616
2025-12-23 04:00:00,0.498,0.5006,0.4931,0.4965,4470798.0,2222183.0301
2025-12-23 08:00:00,0.4965,0.5003,0.4936,0.4968,1436064.0,713864.2421
2025-12-23 12:00:00,0.4968,0.497,0.4836,0.4888,5056400.0,2480592.0806
2025-12-23 16:00:00,0.4888,0.4966,0.4847,0.4945,2982554.0,1464602.691
2025-12-23 20:00:00,0.4945,0.5013,0.4907,0.4924,2156459.0,1067728.6289
2025-12-24 00:00:00,0.4924,0.4953,0.481,0.486,2197002.0,1070283.4117
2025-12-24 04:00:00,0.486,0.4873,0.4801,0.4819,1527544.0,737603.2725
2025-12-24 08:00:00,0.4819,0.4834,0.4805,0.4817,1371060.0,660645.8516
2025-12-24 12:00:00,0.4817,0.4867,0.477,0.4851,3615700.0,1741683.6375
2025-12-24 16:00:00,0.4851,0.4874,0.4799,0.4851,1911487.0,924391.1394
2025-12-24 20:00:00,0.4851,0.4925,0.485,0.4884,1036607.0,506255.5885
2025-12-25 00:00:00,0.4884,0.4993,0.4874,0.4966,1740276.0,859347.4184
2025-12-25 04:00:00,0.4966,0.4988,0.4927,0.4987,1399698.0,693353.2077
2025-12-25 08:00:00,0.4987,0.504,0.4894,0.4933,2581093.0,1282027.4279
2025-12-25 12:00:00,0.4933,0.5017,0.4901,0.4988,3035209.0,1505115.497
2025-12-25 16:00:00,0.4988,0.5019,0.4948,0.5017,1733124.0,864387.8624
2025-12-25 20:00:00,0.5017,0.502,0.477,0.4794,5176732.0,2518756.676
2025-12-26 00:00:00,0.4794,0.5021,0.4775,0.4958,4202755.0,2065079.1647
2025-12-26 04:00:00,0.4958,0.5035,0.4927,0.4946,2539769.0,1266234.8449
2025-12-26 08:00:00,0.4946,0.4977,0.4943,0.4951,1308465.0,649231.5448
2025-12-26 12:00:00,0.4951,0.4976,0.4829,0.4879,4125508.0,2017803.4934
2025-12-26 16:00:00,0.4879,0.4955,0.4828,0.4951,2049202.0,999917.771
2025-12-26 20:00:00,0.4951,0.4953,0.4891,0.4923,1305914.0,643104.1866
2025-12-27 00:00:00,0.4923,0.4974,0.4895,0.4961,1522857.0,751048.0448
2025-12-27 04:00:00,0.4961,0.4965,0.4911,0.4923,1301908.0,642396.2822
2025-12-27 08:00:00,0.4923,0.4965,0.4882,0.4956,3763984.0,1847844.1331
2025-12-27 12:00:00,0.4956,0.4995,0.4935,0.499,1644392.0,815182.3945
2025-12-27 16:00:00,0.499,0.5033,0.4977,0.5004,1488183.0,744564.8546
2025-12-27 20:00:00,0.5004,0.5147,0.4985,0.5139,2818085.0,1426867.3091
2025-12-28 00:00:00,0.5139,0.5155,0.5071,0.5092,2222895.0,1133184.5152
2025-12-28 04:00:00,0.5092,0.5116,0.5067,0.5098,1724070.0,878167.6419
2025-12-28 08:00:00,0.5098,0.5127,0.5065,0.5087,2172540.0,1107596.6823
2025-12-28 12:00:00,0.5087,0.5124,0.5037,0.507,2267101.0,1150973.3307
2025-12-28 16:00:00,0.507,0.5113,0.4991,0.5008,3626737.0,1832331.2274
2025-12-28 20:00:00,0.5008,0.5061,0.4983,0.5045,2463768.0,1235471.746
2025-12-29 00:00:00,0.5045,0.5206,0.503,0.5197,4999200.0,2563800.6989
2025-12-29 04:00:00,0.5197,0.5203,0.5102,0.5142,4587679.0,2366890.7052
2025-12-29 08:00:00,0.5142,0.5164,0.5023,0.5043,3113402.0,1583609.9276
2025-12-29 12:00:00,0.5043,0.5073,0.4933,0.4996,6748103.0,3365211.1859
2025-12-29 16:00:00,0.4996,0.5011,0.491,0.4934,2251156.0,1114932.1075
2025-12-29 20:00:00,0.4934,0.4952,0.49,0.4934,1574180.0,776296.2637
2025-12-30 00:00:00,0.4934,0.4952,0.4876,0.4937,1837325.0,904035.0612
2025-12-30 04:00:00,0.4937,0.4955,0.4888,0.4932,2766007.0,1362374.5307
2025-12-30 08:00:00,0.4932,0.5009,0.4931,0.4986,1456319.0,724858.84
2025-12-30 12:00:00,0.4986,0.4999,0.491,0.4957,3116917.0,1542964.3942
2025-12-30 16:00:00,0.4957,0.4986,0.4865,0.4921,1946320.0,955874.331
2025-12-30 20:00:00,0.4921,0.4921,0.4886,0.4909,856889.0,419909.687
2025-12-31 00:00:00,0.4909,0.4946,0.4886,0.4909,1368021.0,672117.0604
2025-12-31 04:00:00,0.4909,0.4924,0.4878,0.4894,1037986.0,508702.3931
2025-12-31 08:00:00,0.4894,0.4914,0.4852,0.4908,1991873.0,972245.9451
2025-12-31 12:00:00,0.4908,0.4957,0.4857,0.4868,2615859.0,1281876.3358
2025-12-31 16:00:00,0.4868,0.4873,0.4689,0.4748,5557143.0,2637889.0934
2025-12-31 20:00:00,0.4748,0.4835,0.4722,0.4801,1885413.0,904863.8468
2026-01-01 00:00:00,0.4801,0.4855,0.4786,0.479,1165954.0,561567.6387
2026-01-01 04:00:00,0.479,0.4843,0.4771,0.483,1079434.0,518608.9389
2026-01-01 08:00:00,0.483,0.49,0.4818,0.4894,1235819.0,601024.3984
2026-01-01 12:00:00,0.4894,0.5074,0.4868,0.5046,3504757.0,1740365.5311
2026-01-01 16:00:00,0.5046,0.5163,0.5023,0.5161,3170753.0,1618073.9794
2026-01-01 20:00:00,0.5161,0.5243,0.5126,0.5202,4337638.0,2245439.8518
2026-01-02 00:00:00,0.5202,0.5267,0.5154,0.5259,5240167.0,2724855.5518
2026-01-02 04:00:00,0.5259,0.5296,0.5197,0.5206,2946171.0,1545021.6353
2026-01-02 08:00:00,0.5206,0.5329,0.5204,0.5247,4230735.0,2228675.4636
2026-01-02 12:00:00,0.5247,0.5427,0.5238,0.5362,10248646.0,5474364.0323
2026-01-02 16:00:00,0.5362,0.5529,0.535,0.5483,8513295.0,4648665.7879
2026-01-02 20:00:00,0.5483,0.5575,0.5429,0.5557,3323352.0,1832805.0981
2026-01-03 00:00:00,0.5557,0.5672,0.5535,0.5656,2100315.0,1173096.6834
2026-01-03 04:00:00,0.5656,0.5998,0.5609,0.5622,11248517.0,6473979.5449
2026-01-03 08:00:00,0.5622,0.5702,0.5564,0.5676,4625204.0,2605778.3684
2026-01-03 12:00:00,0.5676,0.5796,0.5657,0.5704,3535196.0,2025088.2745
2026-01-03 16:00:00,0.5704,0.5968,0.5702,0.577,5741769.0,3348113.7796
2026-01-03 20:00:00,0.577,0.5888,0.5707,0.5847,3139390.0,1823370.8647
2026-01-04 00:00:00,0.5847,0.5933,0.5783,0.59,5624547.0,3293653.3895
2026-01-04 04:00:00,0.59,0.6066,0.5824,0.5968,8292190.0,4904457.4451
2026-01-04 08:00:00,0.5968,0.597,0.5812,0.5896,5074816.0,2984395.401
2026-01-04 12:00:00,0.5896,0.6034,0.5864,0.6012,4784570.0,2849688.0932
2026-01-04 16:00:00,0.6012,0.6094,0.5893,0.595,3963568.0,2378889.6898
2026-01-04 20:00:00,0.595,0.6084,0.5924,0.6009,3151622.0,1889497.7102
2026-01-05 00:00:00,0.6009,0.6127,0.5947,0.6006,7603569.0,4589794.4386
2026-01-05 04:00:00,0.6006,0.6046,0.5865,0.5999,5216268.0,3098594.3798
2026-01-05 08:00:00,0.5999,0.6026,0.5877,0.5917,2342008.0,1390564.6569
2026-01-05 12:00:00,0.5917,0.6062,0.5876,0.6042,4284273.0,2558622.1139
2026-01-05 16:00:00,0.6042,0.6619,0.6007,0.6342,11444686.0,7269867.4394
2026-01-05 20:00:00,0.6342,0.6407,0.6256,0.6364,3426918.0,2175523.1824
2026-01-06 00:00:00,0.6364,0.6409,0.6268,0.6353,6489745.0,4102560.683
2026-01-06 04:00:00,0.6353,0.6455,0.618,0.6211,6319796.0,3981446.3197
2026-01-06 08:00:00,0.6211,0.6385,0.6197,0.6335,2605391.0,1631749.2225
2026-01-06 12:00:00,0.6335,0.6504,0.6287,0.6339,6208373.0,3971423.6049
2026-01-06 16:00:00,0.6339,0.6365,0.607,0.6144,8759056.0,5420427.7989
2026-01-06 20:00:00,0.6144,0.6402,0.6144,0.6356,2493697.0,1574263.9695
2026-01-07 00:00:00,0.6356,0.6367,0.6128,0.6205,3172287.0,1969211.8251
2026-01-07 04:00:00,0.6205,0.6329,0.615,0.6328,3217352.0,1997744.3004
2026-01-07 08:00:00,0.6328,0.6347,0.6145,0.6208,8228221.0,5127071.6487
2026-01-07 12:00:00,0.6208,0.6208,0.5919,0.5951,8265076.0,5014666.7668
2026-01-07 16:00:00,0.5951,0.6024,0.5913,0.5978,1938994.0,1157582.8147
2026-01-07 20:00:00,0.5978,0.5993,0.5879,0.594,1905864.0,1132427.4541
2026-01-08 00:00:00,0.594,0.5999,0.5873,0.5886,2736762.0,1620705.8611
2026-01-08 04:00:00,0.5886,0.596,0.5759,0.5877,2731418.0,1599801.9385
2026-01-08 08:00:00,0.5877,0.5925,0.5727,0.5776,2947702.0,1709895.4795
2026-01-08 12:00:00,0.5776,0.5906,0.5654,0.5905,3349000.0,1925504.35
2026-01-08 16:00:00,0.5905,0.5911,0.58,0.5813,1495565.0,876106.9994
2026-01-08 20:00:00,0.5813,0.589,0.5745,0.5829,1381241.0,803796.7483
2026-01-09 00:00:00,0.5829,0.5877,0.5755,0.5842,1211907.0,704012.7888
2026-01-09 04:00:00,0.5842,0.5893,0.5796,0.5868,682668.0,399600.7677
2026-01-09 08:00:00,0.5868,0.5902,0.5758,0.5783,2940713.0,1716130.2153
2026-01-09 12:00:00,0.5783,0.598,0.5723,0.5885,3452834.0,2014627.0312
2026-01-09 16:00:00,0.5885,0.5997,0.5736,0.5761,2234178.0,1311211.8792
2026-01-09 20:00:00,0.5761,0.5829,0.5751,0.5787,880498.0,509796.7002
2026-01-10 00:00:00,0.5787,0.5799,0.5708,0.5744,927452.0,533894.9298
2026-01-10 04:00:00,0.5744,0.5774,0.5678,0.5762,1016334.0,581971.7022
2026-01-10 08:00:00,0.5762,0.5852,0.5749,0.5851,461652.0,267530.7894
2026-01-10 12:00:00,0.5851,0.5884,0.5794,0.5799,704170.0,411079.7498
2026-01-10 16:00:00,0.5799,0.5811,0.5713,0.5811,2409571.0,1391738.6557
2026-01-10 20:00:00,0.5811,0.5817,0.5689,0.5718,1391656.0,799883.7238
2026-01-11 00:00:00,0.5718,0.5758,0.57,0.5733,548420.0,314221.8084
2026-01-11 04:00:00,0.5733,0.5754,0.5692,0.5752,666531.0,381753.7106
2026-01-11 08:00:00,0.5752,0.5824,0.5738,0.5813,1579618.0,915273.8102
2026-01-11 12:00:00,0.5813,0.5852,0.5682,0.5724,2802714.0,1622581.3726
2026-01-11 16:00:00,0.5724,0.5812,0.5704,0.5757,4897658.0,2823984.4307
2026-01-11 20:00:00,0.5757,0.5757,0.5567,0.5679,9524668.0,5383311.1646
2026-01-12 00:00:00,0.5679,0.59,0.5598,0.5811,6616849.0,3812293.6534
2026-01-12 04:00:00,0.5811,0.5888,0.566,0.5703,2936830.0,1693690.6944
2026-01-12 08:00:00,0.5703,0.5742,0.5608,0.5667,2424058.0,1370791.2792
2026-01-12 12:00:00,0.5667,0.5727,0.5523,0.5702,2458420.0,1380199.7377
2026-01-12 16:00:00,0.5702,0.5776,0.5592,0.564,1908343.0,1082521.4535
2026-01-12 20:00:00,0.564,0.5678,0.5529,0.5557,1516125.0,844542.4984
2026-01-13 00:00:00,0.5557,0.5623,0.5551,0.5595,1002951.0,560165.9603
2026-01-13 04:00:00,0.5595,0.5686,0.557,0.5655,1855373.0,1047711.9627
2026-01-13 08:00:00,0.5655,0.5752,0.5626,0.5719,1133650.0,645673.6457
2026-01-13 12:00:00,0.5719,0.6075,0.5704,0.6075,7329586.0,4306238.9435
2026-01-13 16:00:00,0.6075,0.6138,0.5972,0.6051,4130797.0,2501280.2105
2026-01-13 20:00:00,0.6051,0.6281,0.5963,0.6172,4544381.0,2798341.2933
2026-01-14 00:00:00,0.6172,0.622,0.6127,0.6196,1570419.0,969525.528
2026-01-14 04:00:00,0.6196,0.6208,0.607,0.6091,2266449.0,1387742.5454
2026-01-14 08:00:00,0.6091,0.6151,0.6027,0.605,1823215.0,1110093.8668
2026-01-14 12:00:00,0.605,0.615,0.5986,0.6126,3982880.0,2417525.809
2026-01-14 16:00:00,0.6126,0.6215,0.5925,0.6048,4496784.0,2730700.0447
2026-01-14 20:00:00,0.6048,0.6103,0.5939,0.5992,2318595.0,1390826.8411
2026-01-15 00:00:00,0.5992,0.6024,0.5761,0.5776,5065464.0,2979328.707
2026-01-15 04:00:00,0.5776,0.5941,0.5765,0.592,3350337.0,1965657.4772
2026-01-15 08:00:00,0.592,0.5954,0.5869,0.5883,4916565.0,2909738.4863
2026-01-15 12:00:00,0.5883,0.5972,0.5655,0.575,11119114.0,6513810.4738
2026-01-15 16:00:00,0.575,0.5787,0.5549,0.5599,11670749.0,6602848.3716
2026-01-15 20:00:00,0.5599,0.5655,0.5535,0.5631,3010488.0,1681813.9229
2026-01-16 00:00:00,0.5631,0.5654,0.5564,0.5594,1386555.0,777571.2973
2026-01-16 04:00:00,0.5594,0.5652,0.555,0.5641,1907544.0,1068761.6563
2026-01-16 08:00:00,0.5641,0.5701,0.5604,0.5638,3798342.0,2149179.3837
2026-01-16 12:00:00,0.5638,0.565,0.5381,0.5434,6228896.0,3440539.9435
2026-01-16 16:00:00,0.5434,0.5527,0.542,0.5491,2037288.0,1116498.3189
2026-01-16 20:00:00,0.5491,0.5596,0.5463,0.5543,3502532.0,1943515.6523
2026-01-17 00:00:00,0.5543,0.5575,0.5506,0.5524,1723865.0,955344.4681
2026-01-17 04:00:00,0.5524,0.5585,0.5507,0.557,1575964.0,874823.4363
2026-01-17 08:00:00,0.557,0.5594,0.5522,0.5523,1614839.0,899402.3027
2026-01-17 12:00:00,0.5523,0.5656,0.5517,0.5628,4294841.0,2407030.613
2026-01-17 16:00:00,0.5628,0.5637,0.5538,0.5561,914249.0,509257.3669
2026-01-17 20:00:00,0.5561,0.5576,0.546,0.5498,2454231.0,1348888.7995
2026-01-18 00:00:00,0.5498,0.5529,0.5424,0.5454,2010534.0,1096941.6916
2026-01-18 04:00:00,0.5454,0.547,0.5412,0.5433,994978.0,541475.4531
2026-01-18 08:00:00,0.5433,0.5443,0.5362,0.5421,3184794.0,1721200.5143
2026-01-18 12:00:00,0.5421,0.5454,0.5367,0.5417,1942636.0,1050264.408
2026-01-18 16:00:00,0.5417,0.5467,0.5375,0.5387,1624808.0,880392.9444
2026-01-18 20:00:00,0.5387,0.5447,0.5122,0.5141,5756025.0,3052011.4866
2026-01-19 00:00:00,0.5141,0.5141,0.449,0.4906,34410160.0,16449648.8111
2026-01-19 04:00:00,0.4906,0.4952,0.4859,0.4917,5536084.0,2709502.1873
2026-01-19 08:00:00,0.4917,0.4959,0.4903,0.4949,2462036.0,1213619.5644
2026-01-19 12:00:00,0.4949,0.5006,0.4921,0.4956,2320965.0,1150992.2746
2026-01-19 16:00:00,0.4956,0.5095,0.4944,0.5073,2512864.0,1268086.6564
2026-01-19 20:00:00,0.5073,0.5081,0.4992,0.5054,1691232.0,851204.6811
2026-01-20 00:00:00,0.5054,0.5054,0.4978,0.5007,1419286.0,710881.5541
2026-01-20 04:00:00,0.5007,0.5024,0.4909,0.4917,3937735.0,1952117.5701
2026-01-20 08:00:00,0.4917,0.4919,0.4838,0.4866,4035687.0,1968479.9298
2026-01-20 12:00:00,0.4866,0.4896,0.4734,0.4791,7858668.0,3782259.0681
2026-01-20 16:00:00,0.4791,0.4833,0.4678,0.4707,3099764.0,1465773.4655
2026-01-20 20:00:00,0.4707,0.4755,0.4606,0.4664,4105478.0,1922167.1051
2026-01-21 00:00:00,0.4664,0.4852,0.4662,0.4827,2280755.0,1089921.0555
2026-01-21 04:00:00,0.4827,0.4875,0.482,0.483,1280779.0,620936.629
2026-01-21 08:00:00,0.483,0.4853,0.4741,0.4753,1962598.0,942870.7274
2026-01-21 12:00:00,0.4753,0.4896,0.469,0.4854,6911114.0,3315521.9919
2026-01-21 16:00:00,0.4854,0.4879,0.4614,0.4876,7678502.0,3616175.2882
2026-01-21 20:00:00,0.4876,0.4884,0.474,0.4755,1867982.0,902985.9107
2026-01-22 00:00:00,0.4755,0.4866,0.4754,0.4804,1128613.0,543640.6086
2026-01-22 04:00:00,0.4804,0.4832,0.4783,0.4792,618547.0,297384.4598
2026-01-22 08:00:00,0.4792,0.4843,0.4764,0.479,1048960.0,503588.8458
2026-01-22 12:00:00,0.479,0.482,0.4653,0.4717,3638422.0,1720302.4365
2026-01-22 16:00:00,0.4717,0.4763,0.4699,0.473,1299497.0,615515.0889
2026-01-22 20:00:00,0.473,0.4739,0.4681,0.4719,1604036.0,755486.0732
2026-01-23 00:00:00,0.4719,0.4807,0.4715,0.4791,1174828.0,559123.4289
2026-01-23 04:00:00,0.4791,0.4831,0.4759,0.4763,1078004.0,516858.586
2026-01-23 08:00:00,0.4763,0.4767,0.4705,0.4735,1379415.0,652123.2538
2026-01-23 12:00:00,0.4735,0.474,0.4561,0.4728,6321798.0,2935118.1548
2026-01-23 16:00:00,0.4728,0.4866,0.4681,0.4706,4846545.0,2310553.7176
2026-01-23 20:00:00,0.4706,0.4718,0.4639,0.4677,1163086.0,544105.7973
2026-01-24 00:00:00,0.4677,0.4757,0.4654,0.4735,1035453.0,485766.1648
2026-01-24 04:00:00,0.4735,0.4742,0.4692,0.4705,1334565.0,629361.5419
2026-01-24 08:00:00,0.4705,0.4758,0.4702,0.4752,1802055.0,852379.5258
2026-01-24 12:00:00,0.4752,0.4775,0.4699,0.4702,2612960.0,1239984.8408
2026-01-24 16:00:00,0.4702,0.4727,0.4673,0.4705,2649850.0,1245620.0909
2026-01-24 20:00:00,0.4705,0.4725,0.4684,0.4712,587499.0,276043.7226
2026-01-25 00:00:00,0.4712,0.4725,0.4628,0.4657,1723255.0,806320.0129
2026-01-25 04:00:00,0.4657,0.4702,0.4647,0.4674,928542.0,434111.7078
2026-01-25 08:00:00,0.4674,0.4733,0.4633,0.4701,1381053.0,647888.5792
2026-01-25 12:00:00,0.4701,0.4701,0.4616,0.4641,1786311.0,831483.2883
2026-01-25 16:00:00,0.4641,0.4641,0.4322,0.4355,10287630.0,4597413.4485
2026-01-25 20:00:00,0.4355,0.4435,0.4326,0.4421,2809506.0,1231112.2475
2026-01-26 00:00:00,0.4421,0.456,0.4416,0.4506,2519610.0,1132403.1202
2026-01-26 04:00:00,0.4506,0.4578,0.4505,0.4563,1680595.0,763691.7223
2026-01-26 08:00:00,0.4563,0.4613,0.4517,0.4548,2828532.0,1290207.7652
2026-01-26 12:00:00,0.4548,0.4701,0.4548,0.461,3003432.0,1387686.9183
2026-01-26 16:00:00,0.461,0.4656,0.4571,0.4597,2651397.0,1223963.7213
2026-01-26 20:00:00,0.4597,0.4631,0.4554,0.4589,1676744.0,770811.1249
2026-01-27 00:00:00,0.4589,0.4613,0.4553,0.4561,1004926.0,460157.2494
2026-01-27 04:00:00,0.4561,0.4588,0.4534,0.4545,1921431.0,875075.3502
2026-01-27 08:00:00,0.4545,0.4574,0.4525,0.4556,2391699.0,1089109.8652
2026-01-27 12:00:00,0.4556,0.4594,0.453,0.459,2207742.0,1006618.254
2026-01-27 16:00:00,0.459,0.4675,0.4483,0.46,5073161.0,2314992.8653
2026-01-27 20:00:00,0.46,0.4689,0.4599,0.4647,2202958.0,1023999.6161
2026-01-28 00:00:00,0.4647,0.4654,0.461,0.4618,860471.0,398340.2159
2026-01-28 04:00:00,0.4618,0.4641,0.4581,0.461,1141424.0,526186.3929
2026-01-28 08:00:00,0.461,0.4676,0.4595,0.4675,3766764.0,1747397.488
2026-01-28 12:00:00,0.4675,0.4687,0.4541,0.458,3773793.0,1736561.7746
2026-01-28 16:00:00,0.458,0.4628,0.4537,0.4576,2617611.0,1197142.0969
2026-01-28 20:00:00,0.4576,0.6533,0.4546,0.5835,67992394.0,38456102.7062
2026-01-29 00:00:00,0.5835,0.5944,0.5231,0.5296,39689446.0,21928444.5845
2026-01-29 04:00:00,0.5296,0.5327,0.5051,0.5072,17295361.0,8926499.7466
2026-01-29 08:00:00,0.5072,0.5155,0.4687,0.486,17810593.0,8832667.2119
2026-01-29 12:00:00,0.486,0.4901,0.4714,0.4885,13151732.0,6313965.1488
2026-01-29 16:00:00,0.4885,0.496,0.473,0.4747,15225183.0,7332715.1009
2026-01-29 20:00:00,0.4747,0.4885,0.4653,0.4771,13453156.0,6420755.9708
2026-01-30 00:00:00,0.4771,0.4801,0.4422,0.4528,22361083.0,10254753.1906
2026-01-30 04:00:00,0.4528,0.4737,0.4523,0.4608,10064446.0,4676150.9425
2026-01-30 08:00:00,0.4608,0.4695,0.4531,0.4662,7490715.0,3443586.7862
2026-01-30 12:00:00,0.4662,0.4691,0.4576,0.4654,7598265.0,3531354.6105
2026-01-30 16:00:00,0.4654,0.4817,0.4559,0.4779,5452837.0,2558629.6967
2026-01-30 20:00:00,0.4779,0.4808,0.4661,0.4694,3821402.0,1811253.8423
2026-01-31 00:00:00,0.4694,0.4702,0.4557,0.4561,3181917.0,1471981.5112
2026-01-31 04:00:00,0.4561,0.4579,0.4463,0.4489,4073828.0,1846900.7738
2026-01-31 08:00:00,0.4489,0.451,0.4381,0.4406,7025382.0,3115227.8437
2026-01-31 12:00:00,0.4406,0.4429,0.4095,0.4165,17500908.0,7370677.1951
2026-01-31 16:00:00,0.4165,0.4202,0.3635,0.3923,23869724.0,9301550.4879
2026-01-31 20:00:00,0.3923,0.4183,0.3907,0.4131,4648540.0,1887715.7231
2026-02-01 00:00:00,0.4131,0.4174,0.4071,0.4114,2361846.0,973655.2148
2026-02-01 04:00:00,0.4114,0.4145,0.4083,0.4113,1621309.0,666998.7791
2026-02-01 08:00:00,0.4113,0.4133,0.4028,0.4071,4952240.0,2015471.8527
2026-02-01 12:00:00,0.4071,0.4078,0.3889,0.3948,7927892.0,3171865.052
2026-02-01 16:00:00,0.3948,0.4026,0.3899,0.3931,3918304.0,1550086.728
2026-02-01 20:00:00,0.3931,0.3986,0.3823,0.3916,5346633.0,2091964.9857
2026-02-02 00:00:00,0.3916,0.4051,0.385,0.3997,6756215.0,2675106.9446
2026-02-02 04:00:00,0.3997,0.403,0.3846,0.3952,6559146.0,2582407.742
2026-02-02 08:00:00,0.3952,0.4025,0.3937,0.3975,3488647.0,1390109.6257
2026-02-02 12:00:00,0.3975,0.41,0.3975,0.4086,3524109.0,1420578.1401
2026-02-02 16:00:00,0.4086,0.4096,0.3988,0.399,2247312.0,905669.4134
2026-02-02 20:00:00,0.399,0.4129,0.3971,0.4104,2482674.0,1002383.8441
2026-02-03 00:00:00,0.4104,0.4122,0.3983,0.407,2986247.0,1208826.5126
2026-02-03 04:00:00,0.407,0.4115,0.4042,0.4076,1951634.0,794425.776
2026-02-03 08:00:00,0.4076,0.4101,0.3993,0.4055,1816174.0,732971.5328
2026-02-03 12:00:00,0.4055,0.4198,0.4032,0.4166,5230594.0,2155689.7861
2026-02-03 16:00:00,0.4166,0.4259,0.3949,0.4164,14689495.0,5970455.7548
2026-02-03 20:00:00,0.4164,0.4281,0.406,0.4091,7227866.0,3007969.3708
2026-02-04 00:00:00,0.4091,0.4174,0.4046,0.4163,1922341.0,792390.9052
2026-02-04 04:00:00,0.4163,0.4186,0.4098,0.4132,2500509.0,1035305.9975
2026-02-04 08:00:00,0.4132,0.4155,0.4058,0.4106,2347187.0,963936.4893
2026-02-04 12:00:00,0.4106,0.4121,0.3962,0.4018,5063623.0,2040050.7929
2026-02-04 16:00:00,0.4018,0.4136,0.3952,0.4122,6265625.0,2523086.1256
2026-02-04 20:00:00,0.4122,0.4131,0.3996,0.4075,5648758.0,2299830.8154
2026-02-05 00:00:00,0.4075,0.4134,0.4012,0.4019,3604876.0,1467314.5665
2026-02-05 04:00:00,0.4019,0.4056,0.3968,0.3986,3592428.0,1436949.4411
2026-02-05 08:00:00,0.3986,0.4064,0.3829,0.3899,5107009.0,2018217.1591
2026-02-05 12:00:00,0.3899,0.397,0.3585,0.3698,10299635.0,3894833.6537
2026-02-05 16:00:00,0.3698,0.3788,0.3576,0.3595,12835348.0,4718630.5478
2026-02-05 20:00:00,0.3595,0.3625,0.341,0.3454,9330242.0,3265959.5588
2026-02-06 00:00:00,0.3454,0.3536,0.3073,0.3422,27879936.0,9117883.4312
2026-02-06 04:00:00,0.3422,0.3565,0.3403,0.348,2489693.0,869041.2135
2026-02-06 08:00:00,0.348,0.3743,0.3468,0.374,4512533.0,1631580.7887
2026-02-06 12:00:00,0.374,0.4052,0.3678,0.3999,27481387.0,10760359.64
2026-02-06 16:00:00,0.3999,0.4139,0.3962,0.4058,5041603.0,2043836.0942
2026-02-06 20:00:00,0.4058,0.4098,0.4012,0.4048,2729420.0,1105148.7315
2026-02-07 00:00:00,0.4048,0.4163,0.3954,0.4116,5668854.0,2295055.4069
2026-02-07 04:00:00,0.4116,0.4227,0.3919,0.3974,8106202.0,3280935.8322
2026-02-07 08:00:00,0.3974,0.4012,0.3881,0.3914,3099020.0,1223153.313
2026-02-07 12:00:00,0.3914,0.4045,0.3909,0.3954,3782825.0,1503937.5661
2026-02-07 16:00:00,0.3954,0.4038,0.3937,0.398,12234960.0,4889330.6897
2026-02-07 20:00:00,0.398,0.4012,0.3937,0.3966,1110172.0,440818.1044
2026-02-08 00:00:00,0.3966,0.3969,0.3938,0.3945,478543.0,189184.146
2026-02-08 04:00:00,0.3945,0.3973,0.3928,0.3973,1453214.0,574024.1188
2026-02-08 08:00:00,0.3973,0.4049,0.394,0.401,3102988.0,1241703.8036
2026-02-08 12:00:00,0.401,0.4035,0.3931,0.395,2842926.0,1131204.72
2026-02-08 16:00:00,0.395,0.3959,0.3858,0.395,3028039.0,1186870.2852
2026-02-08 20:00:00,0.395,0.3976,0.3848,0.3884,3373103.0,1318584.0296
2026-02-09 00:00:00,0.3884,0.3942,0.3841,0.3941,1518805.0,590645.0264
2026-02-09 04:00:00,0.3941,0.3941,0.3872,0.388,1324839.0,516826.0365
2026-02-09 08:00:00,0.388,0.3891,0.3734,0.3793,2981179.0,1132892.6916
2026-02-09 12:00:00,0.3793,0.3853,0.3756,0.3847,2572119.0,978451.761
2026-02-09 16:00:00,0.3847,0.3923,0.3814,0.3906,3991980.0,1552629.706
2026-02-09 20:00:00,0.3906,0.3931,0.3854,0.3878,1823658.0,710942.0604
2026-02-10 00:00:00,0.3878,0.3937,0.3811,0.385,1485871.0,574681.1269
2026-02-10 04:00:00,0.385,0.3884,0.3769,0.3813,2216230.0,847832.3609
2026-02-10 08:00:00,0.3813,0.3944,0.3803,0.3852,11704406.0,4535531.8683
2026-02-10 12:00:00,0.3852,0.388,0.3754,0.3806,4513186.0,1722046.0563
2026-02-10 16:00:00,0.3806,0.3828,0.3738,0.3795,3083215.0,1161373.5508
2026-02-10 20:00:00,0.3795,0.3798,0.376,0.3787,893740.0,337813.3079
2026-02-11 00:00:00,0.3787,0.3825,0.3747,0.3769,1114314.0,422383.1225
2026-02-11 04:00:00,0.3769,0.3771,0.3667,0.3676,4150219.0,1536063.103
2026-02-11 08:00:00,0.3676,0.3685,0.3622,0.3657,1787596.0,652129.0852
2026-02-11 12:00:00,0.3657,0.3796,0.3598,0.3668,8484404.0,3126716.1924
2026-02-11 16:00:00,0.3668,0.3723,0.3633,0.3671,4555380.0,1673107.0086
2026-02-11 20:00:00,0.3671,0.3746,0.3646,0.3676,1892244.0,696520.0517
2026-02-12 00:00:00,0.3676,0.377,0.3676,0.3765,1851014.0,688957.41
2026-02-12 04:00:00,0.3765,0.3847,0.3737,0.3833,1854864.0,706418.9263
2026-02-12 08:00:00,0.3833,0.3953,0.3811,0.3918,3325678.0,1293824.153
2026-02-12 12:00:00,0.3918,0.3923,0.3805,0.3814,3578225.0,1382551.2546
2026-02-12 16:00:00,0.3814,0.3845,0.3731,0.3782,4902319.0,1846716.1951
2026-02-12 20:00:00,0.3782,0.3832,0.3721,0.3815,2633188.0,992781.2763
2026-02-13 00:00:00,0.3815,0.383,0.376,0.3783,2281041.0,865218.8533
2026-02-13 04:00:00,0.3783,0.3829,0.3764,0.3814,1056186.0,399835.0074
2026-02-13 08:00:00,0.3814,0.3888,0.3814,0.385,1473015.0,567038.8743
2026-02-13 12:00:00,0.385,0.3986,0.3828,0.3923,2101956.0,816161.8113
2026-02-13 16:00:00,0.3923,0.398,0.3923,0.3957,1277776.0,504275.4731
2026-02-13 20:00:00,0.3957,0.3982,0.3943,0.3952,801665.0,317548.8601
2026-02-14 00:00:00,0.3952,0.4043,0.3952,0.4029,1480198.0,593326.5457
2026-02-14 04:00:00,0.4029,0.4033,0.3963,0.4013,973639.0,388890.5918
2026-02-14 08:00:00,0.4013,0.4128,0.4012,0.41,1628132.0,663249.4476
2026-02-14 12:00:00,0.41,0.4239,0.4064,0.4233,3237850.0,1334336.6987
2026-02-14 16:00:00,0.4233,0.4373,0.4195,0.4343,3754082.0,1608128.5594
2026-02-14 20:00:00,0.4343,0.4369,0.4259,0.427,3161895.0,1362022.8209
2026-02-15 00:00:00,0.427,0.4295,0.4171,0.4261,2933372.0,1241248.9489
2026-02-15 04:00:00,0.4261,0.4318,0.423,0.428,2204214.0,941037.9222
2026-02-15 08:00:00,0.428,0.4297,0.4189,0.4208,1914995.0,810849.6845
2026-02-15 12:00:00,0.4208,0.4214,0.4032,0.4105,3543998.0,1452117.9416
2026-02-15 16:00:00,0.4105,0.4122,0.3977,0.4017,4772334.0,1923323.9911
2026-02-15 20:00:00,0.4017,0.4048,0.3992,0.4038,1977496.0,796187.5994
2026-02-16 00:00:00,0.4038,0.4077,0.401,0.4032,1435381.0,580144.8542
2026-02-16 04:00:00,0.4032,0.407,0.4001,0.4024,1416040.0,571710.6471
2026-02-16 08:00:00,0.4024,0.4064,0.3937,0.3991,7954163.0,3190666.595
2026-02-16 12:00:00,0.3991,0.4093,0.3947,0.3978,4229191.0,1696501.2773
2026-02-16 16:00:00,0.3978,0.4035,0.3969,0.4007,1541831.0,617714.4318
2026-02-16 20:00:00,0.4007,0.408,0.3999,0.4037,832427.0,336368.3637
2026-02-17 00:00:00,0.4037,0.4043,0.3978,0.3998,1111549.0,446342.9045
2026-02-17 04:00:00,0.3998,0.4014,0.3962,0.3981,1707740.0,681009.2901
2026-02-17 08:00:00,0.3981,0.3987,0.3927,0.3956,1537038.0,607562.7938
2026-02-17 12:00:00,0.3956,0.3984,0.3851,0.391,3231904.0,1263418.4386
2026-02-17 16:00:00,0.391,0.4066,0.3886,0.397,3997207.0,1586909.7334
2026-02-17 20:00:00,0.397,0.4005,0.3956,0.3968,841740.0,335021.0334
2026-02-18 00:00:00,0.3968,0.3987,0.3914,0.3939,749814.0,295950.1092
2026-02-18 04:00:00,0.3939,0.3939,0.3894,0.3922,861125.0,336986.8973
2026-02-18 08:00:00,0.3922,0.3954,0.3855,0.3875,2041957.0,794674.696
2026-02-18 12:00:00,0.3875,0.3925,0.3823,0.3883,2257424.0,872158.9529
2026-02-18 16:00:00,0.3883,0.3891,0.3769,0.38,2173268.0,829206.9386
2026-02-18 20:00:00,0.38,0.3813,0.3726,0.3788,1356351.0,511330.6035
2026-02-19 00:00:00,0.3788,0.383,0.3761,0.3821,1240666.0,472090.9639
2026-02-19 04:00:00,0.3821,0.3832,0.3786,0.3806,612091.0,233237.2731
2026-02-19 08:00:00,0.3806,0.3809,0.3723,0.3745,1299502.0,487636.8528
2026-02-19 12:00:00,0.3745,0.3765,0.3668,0.371,4752387.0,1769329.0795
2026-02-19 16:00:00,0.371,0.3744,0.367,0.3717,816576.0,302931.7784
2026-02-19 20:00:00,0.3717,0.3744,0.3689,0.3744,887625.0,329321.6678
2026-02-20 00:00:00,0.3744,0.3804,0.3735,0.3782,1426385.0,537987.0296
2026-02-20 04:00:00,0.3782,0.3816,0.3729,0.3786,1172442.0,442603.5898
2026-02-20 08:00:00,0.3786,0.3884,0.3786,0.3821,1456816.0,559318.8526
2026-02-20 12:00:00,0.3821,0.3902,0.3712,0.39,2787029.0,1061078.0532
2026-02-20 16:00:00,0.39,0.3959,0.3834,0.388,2155525.0,843847.1712
2026-02-20 20:00:00,0.388,0.3915,0.3852,0.3905,714150.0,277303.924
2026-02-21 00:00:00,0.3905,0.3939,0.388,0.3902,1101310.0,430483.2437
2026-02-21 04:00:00,0.3902,0.3968,0.3901,0.3921,1156697.0,454358.3989
2026-02-21 08:00:00,0.3921,0.3984,0.3921,0.3952,724484.0,286643.9386
2026-02-21 12:00:00,0.3952,0.3962,0.3902,0.3912,1445984.0,569637.042
2026-02-21 16:00:00,0.3912,0.3915,0.3874,0.3889,671756.0,261482.0796
2026-02-21 20:00:00,0.3889,0.3899,0.3864,0.3871,639447.0,248214.782
2026-02-22 00:00:00,0.3871,0.3871,0.3795,0.382,1301737.0,498836.7473
2026-02-22 04:00:00,0.382,0.3842,0.3811,0.383,516105.0,197329.0049
2026-02-22 08:00:00,0.383,0.383,0.3798,0.3807,647004.0,246555.055
2026-02-22 12:00:00,0.3807,0.3807,0.3747,0.3801,1449753.0,546714.2307
2026-02-22 16:00:00,0.3801,0.3831,0.3776,0.3825,793318.0,301670.9993
2026-02-22 20:00:00,0.3825,0.3851,0.3803,0.3837,451019.0,172403.1847
2026-02-23 00:00:00,0.3837,0.3863,0.3615,0.3686,4810725.0,1777110.2668
2026-02-23 04:00:00,0.3686,0.3763,0.3632,0.3747,840907.0,311992.6115
2026-02-23 08:00:00,0.3747,0.3943,0.3732,0.3879,2528242.0,974965.8497
2026-02-23 12:00:00,0.3879,0.3938,0.3761,0.3767,4085106.0,1580323.0687
2026-02-23 16:00:00,0.3767,0.3783,0.3666,0.3696,5658932.0,2108779.8352
2026-02-23 20:00:00,0.3696,0.3751,0.3675,0.3726,881947.0,327511.9912
2026-02-24 00:00:00,0.3726,0.3757,0.3656,0.3692,2330159.0,863899.7524
2026-02-24 04:00:00,0.3692,0.3699,0.3636,0.3658,1593719.0,583474.4699
2026-02-24 08:00:00,0.3658,0.3707,0.3637,0.3694,1237119.0,454306.6521
2026-02-24 12:00:00,0.3694,0.3869,0.3662,0.3812,4365091.0,1633615.8928
2026-02-24 16:00:00,0.3812,0.3859,0.3754,0.378,3214370.0,1219688.8533
2026-02-24 20:00:00,0.378,0.3789,0.3726,0.3754,1366314.0,512949.6592
2026-02-25 00:00:00,0.3754,0.3928,0.3744,0.389,3452679.0,1336108.3007
2026-02-25 04:00:00,0.389,0.3927,0.3823,0.3924,2067238.0,801636.7377
2026-02-25 08:00:00,0.3924,0.4087,0.3903,0.401,3734732.0,1495424.9557
2026-02-25 12:00:00,0.401,0.4106,0.3978,0.4092,3123796.0,1260298.4892
2026-02-25 16:00:00,0.4092,0.4345,0.4092,0.4309,6041115.0,2543898.0127
2026-02-25 20:00:00,0.4309,0.4313,0.4077,0.4129,4214673.0,1770014.1603
2026-02-26 00:00:00,0.4129,0.4151,0.4032,0.4113,1530506.0,627216.3063
2026-02-26 04:00:00,0.4113,0.4139,0.4034,0.4069,922780.0,377475.6549
2026-02-26 08:00:00,0.4069,0.4138,0.4023,0.403,1312648.0,535279.5213
2026-02-26 12:00:00,0.403,0.407,0.3958,0.4004,3172868.0,1273770.4623
2026-02-26 16:00:00,0.4004,0.4011,0.3891,0.3995,4844507.0,1912892.9305
2026-02-26 20:00:00,0.3995,0.4016,0.3959,0.3987,1490170.0,592606.6592
2026-02-27 00:00:00,0.3987,0.4039,0.3969,0.4029,1383519.0,554146.0125
2026-02-27 04:00:00,0.4029,0.4098,0.4028,0.4074,849773.0,345234.2988
2026-02-27 08:00:00,0.4074,0.4088,0.3933,0.3966,2404178.0,965305.5407
2026-02-27 12:00:00,0.3966,0.3987,0.3912,0.3929,2360228.0,932992.1227
2026-02-27 16:00:00,0.3929,0.3945,0.3855,0.3876,1855754.0,723816.4706
2026-02-27 20:00:00,0.3876,0.39,0.3802,0.3891,1124961.0,433815.7091
2026-02-28 00:00:00,0.3891,0.3906,0.3862,0.3868,907932.0,352733.9709
2026-02-28 04:00:00,0.3868,0.3885,0.3627,0.3695,5205093.0,1951994.4436
2026-02-28 08:00:00,0.3695,0.3735,0.3621,0.3688,2190778.0,804196.9459
2026-02-28 12:00:00,0.3688,0.3832,0.3681,0.3794,4369171.0,1651215.2222
2026-02-28 16:00:00,0.3794,0.3907,0.3758,0.3887,1942362.0,741583.5055
2026-02-28 20:00:00,0.3887,0.4025,0.3879,0.3986,2707291.0,1072790.7528
2026-03-01 00:00:00,0.3986,0.4089,0.3889,0.4005,4382126.0,1744405.5866
2026-03-01 04:00:00,0.4005,0.4025,0.3918,0.3955,2257027.0,896141.762
2026-03-01 08:00:00,0.3955,0.396,0.3866,0.3891,2146164.0,837134.2269
2026-03-01 12:00:00,0.3891,0.3945,0.3845,0.3894,2056254.0,801152.6895
2026-03-01 16:00:00,0.3894,0.3924,0.3814,0.3833,2953364.0,1140982.0934
2026-03-01 20:00:00,0.3833,0.3885,0.376,0.3835,3355075.0,1280448.2514
2026-03-02 00:00:00,0.3835,0.3916,0.3835,0.3902,1313167.0,509365.6035
2026-03-02 04:00:00,0.3902,0.3906,0.3785,0.3822,1668437.0,641128.4321
2026-03-02 08:00:00,0.3822,0.3873,0.3787,0.3852,2080441.0,798295.4911
2026-03-02 12:00:00,0.3852,0.4045,0.3815,0.4021,2952108.0,1159487.5569
2026-03-02 16:00:00,0.4021,0.418,0.4018,0.4134,5562343.0,2280985.1444
2026-03-02 20:00:00,0.4134,0.4156,0.4032,0.4045,1774758.0,722941.1286
2026-03-03 00:00:00,0.4045,0.4071,0.3965,0.4023,2900355.0,1164086.6351
2026-03-03 04:00:00,0.4023,0.4033,0.3944,0.3991,2434519.0,971123.9284
2026-03-03 08:00:00,0.3991,0.401,0.3896,0.3921,2562319.0,1008556.6615
2026-03-03 12:00:00,0.3921,0.3976,0.3838,0.392,3408695.0,1326727.983
2026-03-03 16:00:00,0.392,0.3994,0.3883,0.3932,2195444.0,863894.1607
2026-03-03 20:00:00,0.3932,0.3962,0.3872,0.3925,1247881.0,488668.0739
2026-03-04 00:00:00,0.3925,0.3942,0.3858,0.3888,1881625.0,732502.6937
2026-03-04 04:00:00,0.3888,0.3948,0.3864,0.3936,1286695.0,501193.2342
2026-03-04 08:00:00,0.3936,0.4125,0.3927,0.4043,4800159.0,1939207.4612
2026-03-04 12:00:00,0.4043,0.4419,0.4004,0.4397,7210772.0,3020014.3934
2026-03-04 16:00:00,0.4397,0.4433,0.4189,0.4269,6262632.0,2688795.2554
2026-03-04 20:00:00,0.4269,0.4312,0.4164,0.42,2450844.0,1039319.2461
2026-03-05 00:00:00,0.42,0.421,0.4134,0.415,1498670.0,624233.9351
2026-03-05 04:00:00,0.415,0.4181,0.4105,0.4121,1913735.0,793929.8783
2026-03-05 08:00:00,0.4121,0.4216,0.4107,0.4162,1731728.0,720608.158
2026-03-05 12:00:00,0.4162,0.4185,0.4081,0.4112,2651459.0,1094760.498
2026-03-05 16:00:00,0.4112,0.4116,0.4017,0.4088,2183489.0,887377.7973
2026-03-05 20:00:00,0.4088,0.4144,0.4072,0.4078,716466.0,294546.1326
2026-03-06 00:00:00,0.4078,0.41,0.4046,0.4091,839953.0,342400.1325
2026-03-06 04:00:00,0.4091,0.41,0.4038,0.4082,1537847.0,625054.9982
2026-03-06 08:00:00,0.4082,0.4082,0.3991,0.3993,2823300.0,1139803.1007
2026-03-06 12:00:00,0.3993,0.4027,0.3821,0.3837,4500095.0,1773244.3224
2026-03-06 16:00:00,0.3837,0.389,0.3812,0.3876,1082740.0,416902.4087
2026-03-06 20:00:00,0.3876,0.3895,0.3858,0.3884,618311.0,239758.5321
2026-03-07 00:00:00,0.3884,0.39,0.3868,0.3884,575960.0,223650.2378
2026-03-07 04:00:00,0.3884,0.3895,0.3846,0.3869,955150.0,369490.0455
2026-03-07 08:00:00,0.3869,0.3885,0.3853,0.3861,402303.0,155705.6104
2026-03-07 12:00:00,0.3861,0.3867,0.3803,0.382,901999.0,345962.1129
2026-03-07 16:00:00,0.382,0.3841,0.3765,0.378,1023470.0,388676.1139
2026-03-07 20:00:00,0.378,0.3795,0.3735,0.3771,929059.0,349827.3451
2026-03-08 00:00:00,0.3771,0.3786,0.3714,0.3727,1336152.0,501189.302
2026-03-08 04:00:00,0.3727,0.3744,0.3688,0.3736,1515598.0,564523.0544
2026-03-08 08:00:00,0.3736,0.3791,0.3713,0.3749,1131003.0,424253.7305
2026-03-08 12:00:00,0.3749,0.3761,0.3656,0.3668,2136175.0,791323.8051
2026-03-08 16:00:00,0.3668,0.3684,0.3604,0.366,4286155.0,1558464.3038
2026-03-08 20:00:00,0.366,0.368,0.3565,0.3601,2991097.0,1082450.585
2026-03-09 00:00:00,0.3601,0.3701,0.3583,0.364,4163157.0,1520932.7498
2026-03-09 04:00:00,0.364,0.3717,0.3601,0.3654,3374678.0,1235023.6906
2026-03-09 08:00:00,0.3654,0.3686,0.3616,0.3633,1671579.0,608820.8635
2026-03-09 12:00:00,0.3633,0.3721,0.3623,0.3637,6302985.0,2309969.3542
2026-03-09 16:00:00,0.3637,0.3708,0.3589,0.3658,3988520.0,1453701.1448
2026-03-09 20:00:00,0.3658,0.3675,0.3614,0.3634,919600.0,335204.1269
2026-03-10 00:00:00,0.3634,0.3708,0.3611,0.3649,1167210.0,427550.7787
2026-03-10 04:00:00,0.3649,0.3714,0.3648,0.3701,1216636.0,447974.2476
2026-03-10 08:00:00,0.3701,0.3808,0.3695,0.3756,3308945.0,1243746.6143
2026-03-10 12:00:00,0.3756,0.3777,0.3627,0.3675,5919406.0,2184697.4544
2026-03-10 16:00:00,0.3675,0.3719,0.3544,0.3565,4049224.0,1469433.8333
2026-03-10 20:00:00,0.3565,0.3601,0.3503,0.3562,2339015.0,830202.4358
2026-03-11 00:00:00,0.3562,0.359,0.354,0.3559,2165785.0,772133.8043
2026-03-11 04:00:00,0.3559,0.3583,0.3512,0.3521,3463421.0,1227887.744
2026-03-11 08:00:00,0.3521,0.3574,0.3509,0.3554,2177006.0,769695.8785
2026-03-11 12:00:00,0.3554,0.366,0.3532,0.3564,4102365.0,1476092.7769
2026-03-11 16:00:00,0.3564,0.3606,0.3548,0.3587,1335400.0,478004.1658
2026-03-11 20:00:00,0.3587,0.3589,0.3544,0.3553,1324656.0,472567.37
2026-03-12 00:00:00,0.3553,0.3562,0.3473,0.3486,3097179.0,1086939.425
2026-03-12 04:00:00,0.3486,0.3533,0.348,0.3525,1412457.0,495010.6011
2026-03-12 08:00:00,0.3525,0.3565,0.3504,0.354,1779747.0,629452.9939
2026-03-12 12:00:00,0.354,0.3738,0.3453,0.3511,15584509.0,5578465.3134
2026-03-12 16:00:00,0.3511,0.3624,0.3472,0.36,3909459.0,1385439.8161
2026-03-12 20:00:00,0.36,0.3625,0.3558,0.3588,3024776.0,1085725.2457
2026-03-13 00:00:00,0.3588,0.37,0.358,0.3698,3279724.0,1197207.0338
2026-03-13 04:00:00,0.3698,0.3702,0.365,0.3677,1933986.0,710930.098
2026-03-13 08:00:00,0.3677,0.3713,0.3626,0.3684,2466494.0,906073.9631
2026-03-13 12:00:00,0.3684,0.3779,0.3654,0.3666,6680744.0,2486396.0417
2026-03-13 16:00:00,0.3666,0.3697,0.3577,0.3605,2867568.0,1040485.4054
2026-03-13 20:00:00,0.3605,0.3636,0.3539,0.357,1681678.0,601664.6316
2026-03-14 00:00:00,0.357,0.3605,0.3538,0.3592,1581021.0,565073.9696
2026-03-14 04:00:00,0.3592,0.3626,0.3515,0.3526,1826681.0,649060.9379
2026-03-14 08:00:00,0.3526,0.3538,0.3497,0.3527,2343136.0,824642.1496
2026-03-14 12:00:00,0.3527,0.3539,0.3485,0.3527,1361322.0,477296.3378
2026-03-14 16:00:00,0.3527,0.356,0.3515,0.3518,594558.0,210396.6572
2026-03-14 20:00:00,0.3518,0.3565,0.3508,0.3558,729387.0,257614.6014
2026-03-15 00:00:00,0.3558,0.3637,0.3534,0.3595,1987758.0,714114.3936
2026-03-15 04:00:00,0.3595,0.3612,0.3567,0.3593,1777061.0,637354.7595
2026-03-15 08:00:00,0.3593,0.3619,0.3579,0.3586,931883.0,334943.0768
2026-03-15 12:00:00,0.3586,0.3614,0.3553,0.3581,1501587.0,537144.2345
2026-03-15 16:00:00,0.3581,0.363,0.3572,0.361,2499129.0,902058.3212
2026-03-15 20:00:00,0.361,0.3665,0.3598,0.3651,2294713.0,833801.0813
2026-03-16 00:00:00,0.3651,0.3749,0.3631,0.3719,3331832.0,1227549.6441
2026-03-16 04:00:00,0.3719,0.3871,0.3719,0.3835,3884296.0,1476149.1458
2026-03-16 08:00:00,0.3835,0.3898,0.3776,0.3803,3164494.0,1211505.1907
2026-03-16 12:00:00,0.3803,0.3862,0.3781,0.3838,3039209.0,1162684.848
2026-03-16 16:00:00,0.3838,0.4021,0.3831,0.3954,5134101.0,2018941.6604
2026-03-16 20:00:00,0.3954,0.4049,0.3937,0.3992,2830168.0,1132372.8591
2026-03-17 00:00:00,0.3992,0.4012,0.3887,0.3913,2858111.0,1129728.5209
2026-03-17 04:00:00,0.3913,0.3951,0.3849,0.3922,2855162.0,1109914.9826
2026-03-17 08:00:00,0.3922,0.3937,0.3889,0.3892,1447058.0,565932.8277
2026-03-17 12:00:00,0.3892,0.398,0.3833,0.3919,3195055.0,1242301.3304
2026-03-17 16:00:00,0.3919,0.3985,0.3911,0.3954,1631119.0,643388.3192
2026-03-17 20:00:00,0.3954,0.4008,0.3931,0.3938,1015531.0,402794.9891
2026-03-18 00:00:00,0.3938,0.3995,0.3887,0.3971,1324167.0,521721.8736
2026-03-18 04:00:00,0.3971,0.4017,0.3917,0.394,2061699.0,818073.3259
2026-03-18 08:00:00,0.394,0.3955,0.3763,0.3787,3552128.0,1369113.3
2026-03-18 12:00:00,0.3787,0.3793,0.3614,0.3616,6222091.0,2298061.3909
2026-03-18 16:00:00,0.3616,0.3662,0.3572,0.3637,3065442.0,1108250.9252
2026-03-18 20:00:00,0.3637,0.3705,0.3607,0.3686,1274751.0,466508.3618
2026-03-19 00:00:00,0.3686,0.369,0.3597,0.3614,2024565.0,734975.4152
2026-03-19 04:00:00,0.3614,0.3621,0.3416,0.3439,7152301.0,2499218.0524
2026-03-19 08:00:00,0.3439,0.3464,0.3369,0.3394,5556669.0,1896504.7153
2026-03-19 12:00:00,0.3394,0.3394,0.3273,0.3315,12814749.0,4262867.7425
2026-03-19 16:00:00,0.3315,0.3322,0.3263,0.328,2989234.0,983061.1092
2026-03-19 20:00:00,0.328,0.336,0.328,0.3303,2893609.0,960160.2917
2026-03-20 00:00:00,0.3303,0.334,0.3264,0.3309,4330214.0,1429180.682
2026-03-20 04:00:00,0.3309,0.3348,0.3277,0.3297,3867287.0,1278362.7028
2026-03-20 08:00:00,0.3297,0.3332,0.3206,0.3217,6699573.0,2180420.2011
2026-03-20 12:00:00,0.3217,0.3232,0.3164,0.3222,6270925.0,2007366.928
2026-03-20 16:00:00,0.3222,0.3446,0.3222,0.3283,15454975.0,5182888.413
2026-03-20 20:00:00,0.3283,0.3306,0.3195,0.3212,3971905.0,1289515.0646
2026-03-21 00:00:00,0.3212,0.3234,0.3175,0.3216,3932411.0,1259543.8626
2026-03-21 04:00:00,0.3216,0.3233,0.3184,0.3198,2131394.0,683034.4053
2026-03-21 08:00:00,0.3198,0.3204,0.3118,0.3142,4576208.0,1442597.4642
2026-03-21 12:00:00,0.3142,0.3176,0.3121,0.3175,2647074.0,832075.4995
2026-03-21 16:00:00,0.3175,0.3222,0.3139,0.3218,2972397.0,945182.2426
2026-03-21 20:00:00,0.3218,0.3289,0.3123,0.3159,7502003.0,2397004.9865
2026-03-22 00:00:00,0.3159,0.322,0.3085,0.3198,5956998.0,1875192.2567
2026-03-22 04:00:00,0.3198,0.3213,0.3147,0.3153,2204510.0,699331.1472
2026-03-22 08:00:00,0.3153,0.3177,0.3107,0.3133,3282855.0,1031135.245
2026-03-22 12:00:00,0.3133,0.3161,0.3112,0.3125,1913335.0,599445.5037
2026-03-22 16:00:00,0.3125,0.3142,0.3053,0.3062,2952223.0,913234.254
2026-03-22 20:00:00,0.3062,0.31,0.3013,0.3075,3177921.0,968988.0657
2026-03-23 00:00:00,0.3075,0.315,0.3061,0.3118,2193748.0,681090.8377
2026-03-23 04:00:00,0.3118,0.3134,0.3054,0.3081,2967647.0,917519.6314
2026-03-23 08:00:00,0.3081,0.3222,0.3035,0.3124,10550278.0,3318427.3291
2026-03-23 12:00:00,0.3124,0.3204,0.3092,0.3163,3732038.0,1173899.9418
2026-03-23 16:00:00,0.3163,0.3292,0.3159,0.3252,2476216.0,800237.1378
2026-03-23 20:00:00,0.3252,0.3287,0.3212,0.3253,2277691.0,739829.2539
2026-03-24 00:00:00,0.3253,0.3257,0.3185,0.3231,2193694.0,705341.4679
2026-03-24 04:00:00,0.3231,0.3261,0.3199,0.3239,1965510.0,634294.2239
2026-03-24 08:00:00,0.3239,0.3243,0.3173,0.3179,2269121.0,725493.1101
2026-03-24 12:00:00,0.3179,0.3217,0.3133,0.3166,4799717.0,1524199.2523
2026-03-24 16:00:00,0.3166,0.3178,0.3126,0.3151,2055607.0,647794.7521
2026-03-24 20:00:00,0.3151,0.3227,0.315,0.3209,2395617.0,765646.8068
2026-03-25 00:00:00,0.3209,0.3233,0.3187,0.3212,2730895.0,878412.6189
2026-03-25 04:00:00,0.3212,0.3217,0.3175,0.3196,3198647.0,1022145.6855
2026-03-25 08:00:00,0.3196,0.3253,0.3188,0.3251,4599221.0,1478748.5379
2026-03-25 12:00:00,0.3251,0.3273,0.3157,0.3165,7298058.0,2345679.525
2026-03-25 16:00:00,0.3165,0.3225,0.3161,0.3206,2375179.0,758094.5338
2026-03-25 20:00:00,0.3206,0.3251,0.3173,0.3245,2669533.0,856716.0791
2026-03-26 00:00:00,0.3245,0.3249,0.3143,0.3152,2302648.0,732983.8952
2026-03-26 04:00:00,0.3152,0.3157,0.3045,0.3066,5394197.0,1669147.2691
2026-03-26 08:00:00,0.3066,0.3081,0.3014,0.304,3943628.0,1201451.3206
2026-03-26 12:00:00,0.304,0.307,0.2903,0.2922,8667166.0,2590737.6265
2026-03-26 16:00:00,0.2922,0.2948,0.2885,0.2902,3921341.0,1147418.1069
2026-03-26 20:00:00,0.2902,0.2965,0.288,0.292,5440938.0,1587216.2352
2026-03-27 00:00:00,0.292,0.2937,0.2897,0.29,3569847.0,1041039.5321
2026-03-27 04:00:00,0.29,0.29,0.2795,0.2853,7495430.0,2133171.4387
2026-03-27 08:00:00,0.2853,0.2857,0.2727,0.2748,12782730.0,3550702.3548
2026-03-27 12:00:00,0.2748,0.2766,0.2674,0.2682,9652212.0,2623663.3797
2026-03-27 16:00:00,0.2682,0.2686,0.2598,0.2613,8920872.0,2357200.7984
2026-03-27 20:00:00,0.2613,0.2635,0.2477,0.249,8521618.0,2170102.0866
2026-03-28 00:00:00,0.249,0.2527,0.2431,0.2487,13716654.0,3393578.5827
2026-03-28 04:00:00,0.2487,0.2679,0.2472,0.2677,14916913.0,3810233.3728
2026-03-28 08:00:00,0.2677,0.2761,0.2647,0.269,12617876.0,3402065.9735
2026-03-28 12:00:00,0.269,0.2753,0.2664,0.2718,7376854.0,2004313.6472
2026-03-28 16:00:00,0.2718,0.2749,0.2676,0.2744,4920349.0,1339181.1644
2026-03-28 20:00:00,0.2744,0.2762,0.2671,0.2686,4672299.0,1269898.169
2026-03-29 00:00:00,0.2686,0.2746,0.2664,0.2723,4890154.0,1326744.8374
2026-03-29 04:00:00,0.2723,0.2783,0.2707,0.2744,8697995.0,2386217.0612
2026-03-29 08:00:00,0.2744,0.2769,0.2707,0.275,6136310.0,1683017.8811
2026-03-29 12:00:00,0.275,0.275,0.2702,0.2736,5318632.0,1448122.1944
2026-03-29 16:00:00,0.2736,0.2757,0.2694,0.2732,3653930.0,994950.7921
2026-03-29 20:00:00,0.2732,0.2763,0.2622,0.2719,5192596.0,1405846.1193
2026-03-30 00:00:00,0.2719,0.2871,0.2706,0.2823,7025865.0,1966407.7478
2026-03-30 04:00:00,0.2823,0.2852,0.2794,0.2828,6554261.0,1852338.0157
2026-03-30 08:00:00,0.2828,0.2869,0.281,0.2833,5884764.0,1671423.5628
2026-03-30 12:00:00,0.2833,0.2836,0.2761,0.2785,3410848.0,955304.1084
2026-03-30 16:00:00,0.2785,0.2804,0.2702,0.2732,3121776.0,857414.3336
2026-03-30 20:00:00,0.2732,0.2766,0.2705,0.2718,1536375.0,419449.4257
2026-03-31 00:00:00,0.2718,0.279,0.2716,0.2746,3873404.0,1066877.8841
2026-03-31 04:00:00,0.2746,0.2781,0.2743,0.2768,1213998.0,335142.8844
2026-03-31 08:00:00,0.2768,0.2791,0.2706,0.2733,3682491.0,1007944.7427
2026-03-31 12:00:00,0.2733,0.2787,0.2694,0.2718,3453528.0,945108.5215
2026-03-31 16:00:00,0.2718,0.28,0.2718,0.2746,4047691.0,1117319.3175
2026-03-31 20:00:00,0.2746,0.2773,0.2732,0.2762,2352004.0,647625.273
2026-04-01 00:00:00,0.2762,0.2806,0.2737,0.2787,4115607.0,1142730.9565
2026-04-01 04:00:00,0.2787,0.2828,0.2768,0.2797,4899608.0,1375040.4355
2026-04-01 08:00:00,0.2797,0.2831,0.2775,0.2821,4414651.0,1240237.3848
2026-04-01 12:00:00,0.2821,0.2849,0.2774,0.2838,3496891.0,983615.7475
2026-04-01 16:00:00,0.2838,0.2839,0.2765,0.278,2139052.0,598732.2135
2026-04-01 20:00:00,0.278,0.2807,0.2755,0.2779,1294291.0,359551.7229
2026-04-02 00:00:00,0.2779,0.2802,0.266,0.2672,5683134.0,1545151.4347
2026-04-02 04:00:00,0.2672,0.2728,0.2668,0.2698,1724769.0,465294.7254
2026-04-02 08:00:00,0.2698,0.2711,0.2657,0.2672,2219293.0,594308.4353
2026-04-02 12:00:00,0.2672,0.2702,0.2608,0.2663,5285321.0,1397765.0028
2026-04-02 16:00:00,0.2663,0.2698,0.2643,0.2665,985469.0,262919.494
2026-04-02 20:00:00,0.2665,0.2698,0.2648,0.2676,1289495.0,344435.6856
2026-04-03 00:00:00,0.2676,0.2685,0.2633,0.2664,1966267.0,522740.6144
2026-04-03 04:00:00,0.2664,0.2718,0.2659,0.27,1599246.0,431169.9118
2026-04-03 08:00:00,0.27,0.273,0.27,0.2725,1309280.0,355619.7649
2026-04-03 12:00:00,0.2725,0.2754,0.2688,0.2694,1901876.0,516144.8933
2026-04-03 16:00:00,0.2694,0.2718,0.2664,0.268,1156344.0,311776.9959
2026-04-03 20:00:00,0.268,0.2688,0.2642,0.2663,1179926.0,314113.4305
2026-04-04 00:00:00,0.2663,0.2663,0.2631,0.2648,1798467.0,476544.8502
2026-04-04 04:00:00,0.2648,0.2659,0.2636,0.264,1562376.0,413814.2274
2026-04-04 08:00:00,0.264,0.2643,0.2591,0.2612,4001665.0,1044390.8451
2026-04-04 12:00:00,0.2612,0.2648,0.2598,0.2625,3042025.0,798431.7724
2026-04-04 16:00:00,0.2625,0.2653,0.2603,0.2631,1943972.0,511629.4367
2026-04-04 20:00:00,0.2631,0.2633,0.2558,0.2573,3031863.0,783260.068
2026-04-05 00:00:00,0.2573,0.2589,0.2552,0.2568,2969624.0,763046.1612
2026-04-05 04:00:00,0.2568,0.2568,0.2469,0.2488,10202300.0,2567453.2579
2026-04-05 08:00:00,0.2488,0.2511,0.246,0.2484,5065418.0,1257636.5411
2026-04-05 12:00:00,0.2484,0.2509,0.2444,0.2485,4937380.0,1218738.7429
2026-04-05 16:00:00,0.2485,0.2511,0.2412,0.2448,3821998.0,937074.5455
2026-04-05 20:00:00,0.2448,0.2493,0.2386,0.2487,7066705.0,1715625.9081
2026-04-06 00:00:00,0.2487,0.2529,0.2465,0.2528,4832614.0,1210687.736
2026-04-06 04:00:00,0.2528,0.2538,0.2454,0.2471,4512032.0,1121640.03
2026-04-06 08:00:00,0.2471,0.2555,0.247,0.2533,3235734.0,813132.6785
2026-04-06 12:00:00,0.2533,0.2564,0.2497,0.2538,3883670.0,983527.5644
2026-04-06 16:00:00,0.2538,0.2546,0.2485,0.2506,3050201.0,767197.8317
2026-04-06 20:00:00,0.2506,0.2519,0.2409,0.2428,5180647.0,1269252.2764
2026-04-07 00:00:00,0.2428,0.2452,0.2391,0.2425,3553524.0,859766.1389
2026-04-07 04:00:00,0.2425,0.2456,0.2412,0.2446,2763129.0,673193.9557
2026-04-07 08:00:00,0.2446,0.2497,0.2444,0.2452,3419761.0,845101.7456
2026-04-07 12:00:00,0.2452,0.2476,0.2422,0.2428,4979497.0,1216656.1399
2026-04-07 16:00:00,0.2428,0.2558,0.2415,0.2558,4691111.0,1177055.9519
2026-04-07 20:00:00,0.2558,0.2747,0.2544,0.27,9460692.0,2512905.4916
2026-04-08 00:00:00,0.27,0.2711,0.2606,0.2628,4727328.0,1251975.6906
2026-04-08 04:00:00,0.2628,0.2662,0.262,0.2628,3544552.0,935460.3513
2026-04-08 08:00:00,0.2628,0.2642,0.2595,0.2612,3436522.0,900672.6869
2026-04-08 12:00:00,0.2612,0.2658,0.2575,0.2633,5214607.0,1363874.5108
2026-04-08 16:00:00,0.2633,0.2686,0.2571,0.259,3624104.0,957438.404
2026-04-08 20:00:00,0.259,0.262,0.2555,0.2565,2469299.0,637350.7559
2026-04-09 00:00:00,0.2565,0.2573,0.2523,0.2539,2416323.0,615142.9124
2026-04-09 04:00:00,0.2539,0.2574,0.2532,0.2557,1142860.0,292155.058
2026-04-09 08:00:00,0.2557,0.264,0.2546,0.2596,4514074.0,1172745.4558
2026-04-09 12:00:00,0.2596,0.2702,0.2584,0.2677,5333258.0,1399366.0205
2026-04-09 16:00:00,0.2677,0.2705,0.2638,0.2697,2638984.0,704919.4678
2026-04-09 20:00:00,0.2697,0.2781,0.2666,0.2671,4026120.0,1092651.7012
2026-04-10 00:00:00,0.2671,0.2706,0.2644,0.2663,2654463.0,709722.1579
2026-04-10 04:00:00,0.2663,0.272,0.2663,0.269,2520491.0,679173.8895
2026-04-10 08:00:00,0.269,0.2698,0.2663,0.2678,3070191.0,823269.7793
2026-04-10 12:00:00,0.2678,0.2827,0.2665,0.2772,13635959.0,3765384.0571
2026-04-10 16:00:00,0.2772,0.2809,0.2723,0.2803,3099866.0,856425.1188
2026-04-10 20:00:00,0.2803,0.2848,0.2779,0.2785,2481550.0,697069.2302
2026-04-11 00:00:00,0.2785,0.2861,0.2766,0.281,3169530.0,892318.4967
2026-04-11 04:00:00,0.281,0.284,0.2795,0.2825,4055929.0,1143183.8198
2026-04-11 08:00:00,0.2825,0.2872,0.2801,0.281,5533679.0,1566655.1549
2026-04-11 12:00:00,0.281,0.294,0.2739,0.2928,10683376.0,3013042.6747
2026-04-11 16:00:00,0.2928,0.3021,0.2863,0.2981,7750666.0,2273997.3448
2026-04-11 20:00:00,0.2981,0.3027,0.2957,0.2979,5373511.0,1606434.3014
2026-04-12 00:00:00,0.2979,0.3003,0.2814,0.288,11687637.0,3387526.6283
2026-04-12 04:00:00,0.288,0.2904,0.2821,0.2875,8370429.0,2402403.0082
2026-04-12 08:00:00,0.2875,0.296,0.287,0.2917,6215314.0,1816944.5446
2026-04-12 12:00:00,0.2917,0.2922,0.2829,0.2853,9034480.0,2595458.698
2026-04-12 16:00:00,0.2853,0.2958,0.2851,0.2909,3979249.0,1156193.5142
2026-04-12 20:00:00,0.2909,0.2947,0.2851,0.2885,3865652.0,1118654.0884
2026-04-13 00:00:00,0.2885,0.3026,0.288,0.2931,6787232.0,2013439.7672
2026-04-13 04:00:00,0.2931,0.2964,0.289,0.2908,5528465.0,1622440.6961
2026-04-13 08:00:00,0.2908,0.2992,0.2882,0.2984,3662679.0,1073387.9525
2026-04-13 12:00:00,0.2984,0.3138,0.2922,0.2949,17044097.0,5185276.6275
2026-04-13 16:00:00,0.2949,0.3009,0.2936,0.2996,4332761.0,1288257.795
2026-04-13 20:00:00,0.2996,0.3124,0.2972,0.3111,7675883.0,2356076.4985
2026-04-14 00:00:00,0.3111,0.3194,0.3071,0.3167,5794024.0,1812961.6291
2026-04-14 04:00:00,0.3167,0.3278,0.3115,0.3245,11938794.0,3813804.4295
