
🎯 Setting active strategies from command line: ['double_top_long_4H', 'revers_long_4H', 'parity_long_4H', 'revers_short_4H', 'parity_short_4H', 'revers_long_1H', 'revers_short_1H', 'revers_long_6Hutc', 'revers_short_6Hutc', 'parity_long_1H', 'parity_short_1H', 'parity_long_6Hutc', 'orderblocks_short_4H', 'orderblocks_long_4H']
[1;94m============================================[0m
[1;94m🤖 STARTING BOT IN ACCOUNT: 00 🤖[0m
[1;94m============================================[0m
[1;94m🗃️  Loading BOT state...[0m
🔄 Total positions recovered: 71
[1;94m--------------------[0m
   ➡️  double_top_long_4H   :  2 positions | Candles:  1
   ➡️  revers_long_4H       : 11 positions | Candles:  1
   ➡️  revers_short_4H      :  7 positions | Candles:  1
   ➡️  parity_short_4H      : 18 positions | Candles:  1
   ➡️  orderblocks_short_4H :  6 positions | Candles:  1
   ➡️  orderblocks_long_4H  :  1 positions | Candles:  1
   ➡️  revers_long_6Hutc    :  1 positions | Candles:  1
   ➡️  revers_short_6Hutc   : 11 positions | Candles:  1
   ➡️  parity_long_6Hutc    :  4 positions | Candles:  1
   ➡️  revers_long_1H       :  1 positions | Candles:  5
   ➡️  parity_long_1H       :  4 positions | Candles:  5
   ➡️  parity_short_1H      :  4 positions | Candles:  5
   ➡️  revers_short_1H      :  1 positions | Candles:  3
✅ State loaded successfully

[1;94m🪪 Validating strategy configuration...[0m
[1;94m--------------------------------------------[0m
   🆗 Validation 1: All strategy names implemented
   🆗 Validation 2: All directions coherent with names
   🆗 Validation 3: All timeframes coherent with names
   🆗 Validation 4: All order amounts within valid range (40-100)
   🆗 Validation 5: All strategies have required parameters
   🆗 Validation 6: All TP/SL percentages within valid ranges (1.5 - 10)
   🆗 Validation 7: All strategy IDs are unique
   🆗 Validation 8: All sell_after_ncandles checked (45-55)
   🆗 Validation 9: All strategies names + Timeframe are unique.
   🆗 Validation 10: All strategy names are unique
   🆗 Validation 12: All timeframes are valid
✅ All strategies validated successfully


[1;94m🔢 Operative Strategies: 14 [0m
[1;94m--------------------------------------------[0m
🔹 Strategy double_top_long_4H (4H): 32 symbols
🔹 Strategy revers_long_4H     (4H): 32 symbols
🔹 Strategy parity_long_4H     (4H):  5 symbols
🔹 Strategy revers_short_4H    (4H): 32 symbols
🔹 Strategy parity_short_4H    (4H): 32 symbols
🔹 Strategy revers_long_1H     (1H):  6 symbols
🔹 Strategy revers_short_1H    (1H):  6 symbols
🔹 Strategy revers_long_6Hutc  (6Hutc): 15 symbols
🔹 Strategy revers_short_6Hutc (6Hutc): 15 symbols
🔹 Strategy parity_long_1H     (1H):  6 symbols
🔹 Strategy parity_short_1H    (1H):  6 symbols
🔹 Strategy parity_long_6Hutc  (6Hutc): 15 symbols
🔹 Strategy orderblocks_short_4H (4H): 32 symbols
🔹 Strategy orderblocks_long_4H (4H): 32 symbols

➡️  Detected timeframes: 1H, 6Hutc, 4H
   🔹 1H: revers_long_1H, revers_short_1H, parity_long_1H, parity_short_1H
   🔹 6Hutc: revers_long_6Hutc, revers_short_6Hutc, parity_long_6Hutc
   🔹 4H: double_top_long_4H, revers_long_4H, parity_long_4H, revers_short_4H, parity_short_4H, orderblocks_short_4H, orderblocks_long_4H

✅ BOT Initialization completed


[1;94m🌐 Starting Web...[0m
[1;94m--------------------------------------------[0m

[1;94m🌐 Dashboard Web Started[0m
─────────────────────────────────────────────
📊 Local:   http://localhost:5000
🔗 Network: http://127.0.0.1:5000
🌍 LAN:     http://<your-ip>:5000
─────────────────────────────────────────────

✅ Bot monitoring active - Check dashboard at http://localhost:5000

[1;94m📱 Init  WebSocket...[0m
[1;94m--------------------------------------------[0m
⏳ Waiting for equity data from WebSocket...
⚠️  Cannot subscribe to HYPEUSDT - Public WebSocket not connected
[0;92m🔌 PUBLIC  WebSocket connected [2025-12-27 18:44:38 UTC][0m
[0;92m🔌 PRIVATE WebSocket connected [2025-12-27 18:44:38 UTC][0m
➡️  WebSocket status:
  - Public WS    : ✅ Connected
  - Private WS   : ✅ Connected
  - Authenticated: ⚠️  No
⚠️No PnL - HYPEUSDT: No price - HYPEUSDT
🛜 Subscribing to 5 private channels...
🆗 orders
🆗 fill
🆗 positions
🆗 account
🆗 equity
✅ WebSocket authentication successful
📦 Pre-loading contract for 33 symbols
[0;36m✅ Pre-loaded 33/33 contracts[0m


[1;94m🔜 Candles incoming:  [0m
[1;94m--------------------------------------------[0m
Next for 1H    : 2025-12-27 19:00:45 UTC
Next for 6Hutc : 2025-12-28 00:00:45 UTC
Next for 4H    : 2025-12-27 20:00:45 UTC

🎯 Setting active strategies from command line: ['double_top_long_4H']
[1;94m============================================[0m
[1;94m🤖 STARTING BOT IN ACCOUNT: 00 🤖[0m
[1;94m============================================[0m
[1;94m🗃️  Loading BOT state...[0m
🔄 Total positions recovered: 71
[1;94m--------------------[0m
   ➡️  double_top_long_4H   :  2 positions | Candles:  1
   ➡️  revers_long_4H       : 11 positions | Candles:  1
   ➡️  revers_short_4H      :  7 positions | Candles:  1
   ➡️  parity_short_4H      : 18 positions | Candles:  1
   ➡️  orderblocks_short_4H :  6 positions | Candles:  1
   ➡️  orderblocks_long_4H  :  1 positions | Candles:  1
   ➡️  revers_long_6Hutc    :  1 positions | Candles:  1
   ➡️  revers_short_6Hutc   : 11 positions | Candles:  1
   ➡️  parity_long_6Hutc    :  4 positions | Candles:  1
   ➡️  revers_long_1H       :  1 positions | Candles:  5
   ➡️  parity_long_1H       :  4 positions | Candles:  5
   ➡️  parity_short_1H      :  4 positions | Candles:  5
   ➡️  revers_short_1H      :  1 positions | Candles:  3
✅ State loaded successfully

[1;94m🪪 Validating strategy configuration...[0m
[1;94m--------------------------------------------[0m
   🆗 Validation 1: All strategy names implemented
   🆗 Validation 2: All directions coherent with names
   🆗 Validation 3: All timeframes coherent with names
   🆗 Validation 4: All order amounts within valid range (40-100)
   🆗 Validation 5: All strategies have required parameters
   🆗 Validation 6: All TP/SL percentages within valid ranges (1.5 - 10)
   🆗 Validation 7: All strategy IDs are unique
   🆗 Validation 8: All sell_after_ncandles checked (45-55)
   🆗 Validation 9: All strategies names + Timeframe are unique.
   🆗 Validation 10: All strategy names are unique
   🆗 Validation 12: All timeframes are valid
✅ All strategies validated successfully


[1;94m🔢 Operative Strategies: 14 [0m
[1;94m--------------------------------------------[0m
🔹 Strategy double_top_long_4H (4H): 32 symbols
⏸️  Strategy revers_long_4H     (4H): DEPRECATING (monitoring only)
⏸️  Strategy parity_long_4H     (4H): DEPRECATING (monitoring only)
⏸️  Strategy revers_short_4H    (4H): DEPRECATING (monitoring only)
⏸️  Strategy parity_short_4H    (4H): DEPRECATING (monitoring only)
⏸️  Strategy revers_long_1H     (1H): DEPRECATING (monitoring only)
⏸️  Strategy revers_short_1H    (1H): DEPRECATING (monitoring only)
⏸️  Strategy revers_long_6Hutc  (6Hutc): DEPRECATING (monitoring only)
⏸️  Strategy revers_short_6Hutc (6Hutc): DEPRECATING (monitoring only)
⏸️  Strategy parity_long_1H     (1H): DEPRECATING (monitoring only)
⏸️  Strategy parity_short_1H    (1H): DEPRECATING (monitoring only)
⏸️  Strategy parity_long_6Hutc  (6Hutc): DEPRECATING (monitoring only)
⏸️  Strategy orderblocks_short_4H (4H): DEPRECATING (monitoring only)
⏸️  Strategy orderblocks_long_4H (4H): DEPRECATING (monitoring only)

➡️  Detected timeframes: 4H, 6Hutc, 1H
   🔹 4H: double_top_long_4H, revers_long_4H, parity_long_4H, revers_short_4H, parity_short_4H, orderblocks_short_4H, orderblocks_long_4H
   🔹 6Hutc: revers_long_6Hutc, revers_short_6Hutc, parity_long_6Hutc
   🔹 1H: revers_long_1H, revers_short_1H, parity_long_1H, parity_short_1H

✅ BOT Initialization completed


[1;94m🌐 Starting Web...[0m
[1;94m--------------------------------------------[0m

[1;94m🌐 Dashboard Web Started[0m
─────────────────────────────────────────────
📊 Local:   http://localhost:5000
🔗 Network: http://127.0.0.1:5000
🌍 LAN:     http://<your-ip>:5000
─────────────────────────────────────────────

✅ Bot monitoring active - Check dashboard at http://localhost:5000

[1;94m📱 Init  WebSocket...[0m
[1;94m--------------------------------------------[0m
⏳ Waiting for equity data from WebSocket...
⚠️  Cannot subscribe to HYPEUSDT - Public WebSocket not connected
[0;92m🔌 PUBLIC  WebSocket connected [2025-12-27 18:52:58 UTC][0m
➡️  WebSocket status:
  - Public WS    : ✅ Connected
  - Private WS   : ⚠️  Not connected
  - Authenticated: ⚠️  No
[0;92m🔌 PRIVATE WebSocket connected [2025-12-27 18:52:58 UTC][0m
⚠️No PnL - HYPEUSDT: No price - HYPEUSDT
🛜 Subscribing to 5 private channels...
🆗 orders
🆗 fill
🆗 positions
🆗 account
🆗 equity
✅ WebSocket authentication successful
📦 Pre-loading contract for 32 symbols
[0;36m✅ Pre-loaded 32/32 contracts[0m


[1;94m🔜 Candles incoming:  [0m
[1;94m--------------------------------------------[0m
Next for 4H    : 2025-12-27 20:00:45 UTC
Next for 6Hutc : 2025-12-28 00:00:45 UTC
Next for 1H    : 2025-12-27 19:00:45 UTC

🎯 Setting active strategies from command line: ['double_top_long_4H', 'revers_long_4H', 'parity_long_4H', 'revers_short_4H', 'parity_short_4H', 'revers_long_1H', 'revers_short_1H', 'revers_long_6Hutc', 'revers_short_6Hutc', 'parity_long_1H', 'parity_short_1H', 'parity_long_6Hutc', 'orderblocks_short_4H', 'orderblocks_long_4H']
[1;94m============================================[0m
[1;94m🤖 STARTING BOT IN ACCOUNT: 00 🤖[0m
[1;94m============================================[0m
[1;94m🗃️  Loading BOT state...[0m
🔄 Total positions recovered: 71
[1;94m--------------------[0m
   ➡️  double_top_long_4H   :  2 positions | Candles:  1
   ➡️  revers_long_4H       : 11 positions | Candles:  1
   ➡️  revers_short_4H      :  7 positions | Candles:  1
   ➡️  parity_short_4H      : 18 positions | Candles:  1
   ➡️  orderblocks_short_4H :  6 positions | Candles:  1
   ➡️  orderblocks_long_4H  :  1 positions | Candles:  1
   ➡️  revers_long_6Hutc    :  1 positions | Candles:  1
   ➡️  revers_short_6Hutc   : 11 positions | Candles:  1
   ➡️  parity_long_6Hutc    :  4 positions | Candles:  1
   ➡️  revers_long_1H       :  1 positions | Candles:  5
   ➡️  parity_long_1H       :  4 positions | Candles:  5
   ➡️  parity_short_1H      :  4 positions | Candles:  5
   ➡️  revers_short_1H      :  1 positions | Candles:  3
✅ State loaded successfully

[1;94m🪪 Validating strategy configuration...[0m
[1;94m--------------------------------------------[0m
   🆗 Validation 1: All strategy names implemented
   🆗 Validation 2: All directions coherent with names
   🆗 Validation 3: All timeframes coherent with names
   🆗 Validation 4: All order amounts within valid range (40-100)
   🆗 Validation 5: All strategies have required parameters
   🆗 Validation 6: All TP/SL percentages within valid ranges (1.5 - 10)
   🆗 Validation 7: All strategy IDs are unique
   🆗 Validation 8: All sell_after_ncandles checked (45-55)
   🆗 Validation 9: All strategies names + Timeframe are unique.
   🆗 Validation 10: All strategy names are unique
   🆗 Validation 12: All timeframes are valid
✅ All strategies validated successfully


[1;94m🔢 Operative Strategies: 14 [0m
[1;94m--------------------------------------------[0m
🔹 Strategy double_top_long_4H (4H): 32 symbols
🔹 Strategy revers_long_4H     (4H): 32 symbols
🔹 Strategy parity_long_4H     (4H):  5 symbols
🔹 Strategy revers_short_4H    (4H): 32 symbols
🔹 Strategy parity_short_4H    (4H): 32 symbols
🔹 Strategy revers_long_1H     (1H):  6 symbols
🔹 Strategy revers_short_1H    (1H):  6 symbols
🔹 Strategy revers_long_6Hutc  (6Hutc): 15 symbols
🔹 Strategy revers_short_6Hutc (6Hutc): 15 symbols
🔹 Strategy parity_long_1H     (1H):  6 symbols
🔹 Strategy parity_short_1H    (1H):  6 symbols
🔹 Strategy parity_long_6Hutc  (6Hutc): 15 symbols
🔹 Strategy orderblocks_short_4H (4H): 32 symbols
🔹 Strategy orderblocks_long_4H (4H): 32 symbols

➡️  Detected timeframes: 4H, 6Hutc, 1H
   🔹 4H: double_top_long_4H, revers_long_4H, parity_long_4H, revers_short_4H, parity_short_4H, orderblocks_short_4H, orderblocks_long_4H
   🔹 6Hutc: revers_long_6Hutc, revers_short_6Hutc, parity_long_6Hutc
   🔹 1H: revers_long_1H, revers_short_1H, parity_long_1H, parity_short_1H

✅ BOT Initialization completed


[1;94m🌐 Starting Web...[0m
[1;94m--------------------------------------------[0m
❌ WebSocket manager not initialized for balance check
⚠️No PnL - HYPEUSDT: WebSocket manager not initialized
⚠️No PnL - ZENUSDT: WebSocket manager not initialized
⚠️No PnL - APTUSDT: WebSocket manager not initialized
⚠️No PnL - ARBUSDT: WebSocket manager not initialized
⚠️No PnL - AVAXUSDT: WebSocket manager not initialized
⚠️No PnL - ENAUSDT: WebSocket manager not initialized
⚠️No PnL - FETUSDT: WebSocket manager not initialized
⚠️No PnL - FORMUSDT: WebSocket manager not initialized
⚠️No PnL - HBARUSDT: WebSocket manager not initialized
⚠️No PnL - HYPEUSDT: WebSocket manager not initialized
⚠️No PnL - LTCUSDT: WebSocket manager not initialized
⚠️No PnL - NEARUSDT: WebSocket manager not initialized
⚠️No PnL - SNXUSDT: WebSocket manager not initialized
⚠️No PnL - BGBUSDT: WebSocket manager not initialized
⚠️No PnL - BTCUSDT: WebSocket manager not initialized
⚠️No PnL - LINKUSDT: WebSocket manager not initialized
⚠️No PnL - ONDOUSDT: WebSocket manager not initialized
⚠️No PnL - PENGUUSDT: WebSocket manager not initialized
⚠️No PnL - TAOUSDT: WebSocket manager not initialized
⚠️No PnL - XRPUSDT: WebSocket manager not initialized
⚠️No PnL - 1000BONKUSDT: WebSocket manager not initialized
⚠️No PnL - AAVEUSDT: WebSocket manager not initialized
⚠️No PnL - ADAUSDT: WebSocket manager not initialized
⚠️No PnL - BGBUSDT: WebSocket manager not initialized
⚠️No PnL - BNBUSDT: WebSocket manager not initialized
⚠️No PnL - BTCUSDT: WebSocket manager not initialized
⚠️No PnL - DOGEUSDT: WebSocket manager not initialized
⚠️No PnL - DOTUSDT: WebSocket manager not initialized
⚠️No PnL - ETHUSDT: WebSocket manager not initialized
⚠️No PnL - LINKUSDT: WebSocket manager not initialized
⚠️No PnL - ONDOUSDT: WebSocket manager not initialized
⚠️No PnL - PENGUUSDT: WebSocket manager not initialized
⚠️No PnL - SOLUSDT: WebSocket manager not initialized
⚠️No PnL - SUIUSDT: WebSocket manager not initialized
⚠️No PnL - TAOUSDT: WebSocket manager not initialized
⚠️No PnL - WIFUSDT: WebSocket manager not initialized
⚠️No PnL - WLDUSDT: WebSocket manager not initialized
⚠️No PnL - XRPUSDT: WebSocket manager not initialized
⚠️No PnL - DOGEUSDT: WebSocket manager not initialized
⚠️No PnL - LINKUSDT: WebSocket manager not initialized
⚠️No PnL - ONDOUSDT: WebSocket manager not initialized
⚠️No PnL - SUIUSDT: WebSocket manager not initialized
⚠️No PnL - WIFUSDT: WebSocket manager not initialized
⚠️No PnL - XRPUSDT: WebSocket manager not initialized
⚠️No PnL - APTUSDT: WebSocket manager not initialized
⚠️No PnL - HYPEUSDT: WebSocket manager not initialized
⚠️No PnL - ADAUSDT: WebSocket manager not initialized
⚠️No PnL - BNBUSDT: WebSocket manager not initialized
⚠️No PnL - BTCUSDT: WebSocket manager not initialized
⚠️No PnL - DOGEUSDT: WebSocket manager not initialized
⚠️No PnL - ETHUSDT: WebSocket manager not initialized
⚠️No PnL - LINKUSDT: WebSocket manager not initialized
⚠️No PnL - SOLUSDT: WebSocket manager not initialized
⚠️No PnL - SUIUSDT: WebSocket manager not initialized
⚠️No PnL - TAOUSDT: WebSocket manager not initialized
⚠️No PnL - WLDUSDT: WebSocket manager not initialized
⚠️No PnL - XRPUSDT: WebSocket manager not initialized
⚠️No PnL - ENAUSDT: WebSocket manager not initialized
⚠️No PnL - HBARUSDT: WebSocket manager not initialized
⚠️No PnL - HYPEUSDT: WebSocket manager not initialized
⚠️No PnL - MLNUSDT: WebSocket manager not initialized
⚠️No PnL - XRPUSDT: WebSocket manager not initialized
⚠️No PnL - BNBUSDT: WebSocket manager not initialized
⚠️No PnL - DOGEUSDT: WebSocket manager not initialized
⚠️No PnL - SOLUSDT: WebSocket manager not initialized
⚠️No PnL - XRPUSDT: WebSocket manager not initialized
⚠️No PnL - BTCUSDT: WebSocket manager not initialized
⚠️No PnL - DOGEUSDT: WebSocket manager not initialized
⚠️No PnL - ETHUSDT: WebSocket manager not initialized
⚠️No PnL - XRPUSDT: WebSocket manager not initialized
⚠️No PnL - XRPUSDT: WebSocket manager not initialized

[1;94m🌐 Dashboard Web Started[0m
─────────────────────────────────────────────
📊 Local:   http://localhost:5000
🔗 Network: http://127.0.0.1:5000
🌍 LAN:     http://<your-ip>:5000
─────────────────────────────────────────────

✅ Bot monitoring active - Check dashboard at http://localhost:5000

[1;94m📱 Init  WebSocket...[0m
[1;94m--------------------------------------------[0m
[0;92m🔌 PRIVATE WebSocket connected [2025-12-27 18:55:19 UTC][0m
⏳ Waiting for equity data from WebSocket...
⚠️  Cannot subscribe to HYPEUSDT - Public WebSocket not connected
[0;92m🔌 PUBLIC  WebSocket connected [2025-12-27 18:55:19 UTC][0m
➡️  WebSocket status:
  - Public WS    : ✅ Connected
  - Private WS   : ✅ Connected
  - Authenticated: ⚠️  No
🛜 Subscribing to 5 private channels...
🆗 orders
🆗 fill
🆗 positions
🆗 account
🆗 equity
✅ WebSocket authentication successful
📦 Pre-loading contract for 33 symbols
[0;36m✅ Pre-loaded 33/33 contracts[0m


[1;94m🔜 Candles incoming:  [0m
[1;94m--------------------------------------------[0m
Next for 4H    : 2025-12-27 20:00:45 UTC
Next for 6Hutc : 2025-12-28 00:00:45 UTC
Next for 1H    : 2025-12-27 19:00:45 UTC

🎯 Setting active strategies from command line: ['revers_short_4H', 'parity_short_4H', 'revers_long_1H', 'revers_short_1H', 'revers_long_6Hutc', 'revers_short_6Hutc', 'parity_long_1H', 'parity_short_1H', 'parity_long_6Hutc', 'orderblocks_short_4H', 'orderblocks_long_4H']
[1;94m============================================[0m
[1;94m🤖 STARTING BOT IN ACCOUNT: 00 🤖[0m
[1;94m============================================[0m
[1;94m🗃️  Loading BOT state...[0m
🔄 Total positions recovered: 71
[1;94m--------------------[0m
   ➡️  double_top_long_4H   :  2 positions | Candles:  1
   ➡️  revers_long_4H       : 11 positions | Candles:  1
   ➡️  revers_short_4H      :  7 positions | Candles:  1
   ➡️  parity_short_4H      : 18 positions | Candles:  1
   ➡️  orderblocks_short_4H :  6 positions | Candles:  1
   ➡️  orderblocks_long_4H  :  1 positions | Candles:  1
   ➡️  revers_long_6Hutc    :  1 positions | Candles:  1
   ➡️  revers_short_6Hutc   : 11 positions | Candles:  1
   ➡️  parity_long_6Hutc    :  4 positions | Candles:  1
   ➡️  revers_long_1H       :  1 positions | Candles:  5
   ➡️  parity_long_1H       :  4 positions | Candles:  5
   ➡️  parity_short_1H      :  4 positions | Candles:  5
   ➡️  revers_short_1H      :  1 positions | Candles:  3
✅ State loaded successfully

[1;94m🪪 Validating strategy configuration...[0m
[1;94m--------------------------------------------[0m
   🆗 Validation 1: All strategy names implemented
   🆗 Validation 2: All directions coherent with names
   🆗 Validation 3: All timeframes coherent with names
   🆗 Validation 4: All order amounts within valid range (40-100)
   🆗 Validation 5: All strategies have required parameters
   🆗 Validation 6: All TP/SL percentages within valid ranges (1.5 - 10)
   🆗 Validation 7: All strategy IDs are unique
   🆗 Validation 8: All sell_after_ncandles checked (45-55)
   🆗 Validation 9: All strategies names + Timeframe are unique.
   🆗 Validation 10: All strategy names are unique
   🆗 Validation 12: All timeframes are valid
✅ All strategies validated successfully


[1;94m🔢 Operative Strategies: 14 [0m
[1;94m--------------------------------------------[0m
⏸️  Strategy double_top_long_4H (4H): DEPRECATING (monitoring only)
⏸️  Strategy revers_long_4H     (4H): DEPRECATING (monitoring only)
⏸️  Strategy parity_long_4H     (4H): DEPRECATING (monitoring only)
🔹 Strategy revers_short_4H    (4H): 32 symbols
🔹 Strategy parity_short_4H    (4H): 32 symbols
🔹 Strategy revers_long_1H     (1H):  6 symbols
🔹 Strategy revers_short_1H    (1H):  6 symbols
🔹 Strategy revers_long_6Hutc  (6Hutc): 15 symbols
🔹 Strategy revers_short_6Hutc (6Hutc): 15 symbols
🔹 Strategy parity_long_1H     (1H):  6 symbols
🔹 Strategy parity_short_1H    (1H):  6 symbols
🔹 Strategy parity_long_6Hutc  (6Hutc): 15 symbols
🔹 Strategy orderblocks_short_4H (4H): 32 symbols
🔹 Strategy orderblocks_long_4H (4H): 32 symbols

➡️  Detected timeframes: 1H, 4H, 6Hutc
   🔹 1H: revers_long_1H, revers_short_1H, parity_long_1H, parity_short_1H
   🔹 4H: double_top_long_4H, revers_long_4H, parity_long_4H, revers_short_4H, parity_short_4H, orderblocks_short_4H, orderblocks_long_4H
   🔹 6Hutc: revers_long_6Hutc, revers_short_6Hutc, parity_long_6Hutc

✅ BOT Initialization completed


[1;94m🌐 Starting Web...[0m
[1;94m--------------------------------------------[0m
❌ WebSocket manager not initialized for balance check

[1;94m🌐 Dashboard Web Started[0m
─────────────────────────────────────────────
📊 Local:   http://localhost:5000
🔗 Network: http://127.0.0.1:5000
🌍 LAN:     http://<your-ip>:5000
─────────────────────────────────────────────

✅ Bot monitoring active - Check dashboard at http://localhost:5000

[1;94m📱 Init  WebSocket...[0m
[1;94m--------------------------------------------[0m
⚠️  Cannot subscribe to HYPEUSDT - Public WebSocket not connected
[0;92m🔌 PRIVATE WebSocket connected [2025-12-27 18:56:25 UTC][0m
[0;92m🔌 PUBLIC  WebSocket connected [2025-12-27 18:56:25 UTC][0m
➡️  WebSocket status:
  - Public WS    : ✅ Connected
  - Private WS   : ✅ Connected
  - Authenticated: ⚠️  No
⚠️No PnL - HYPEUSDT: No price - HYPEUSDT
🛜 Subscribing to 5 private channels...
🆗 orders
🆗 fill
🆗 positions
🆗 account
🆗 equity
✅ WebSocket authentication successful
📦 Pre-loading contract for 33 symbols
[0;36m✅ Pre-loaded 33/33 contracts[0m


[1;94m🔜 Candles incoming:  [0m
[1;94m--------------------------------------------[0m
Next for 1H    : 2025-12-27 19:00:45 UTC
Next for 4H    : 2025-12-27 20:00:45 UTC
Next for 6Hutc : 2025-12-28 00:00:45 UTC

🎯 Setting active strategies from command line: ['double_top_long_4H', 'revers_long_4H', 'parity_long_4H', 'revers_short_4H', 'parity_short_4H', 'revers_long_1H', 'revers_short_1H', 'revers_long_6Hutc', 'revers_short_6Hutc', 'parity_long_1H', 'parity_short_1H', 'parity_long_6Hutc', 'orderblocks_short_4H', 'orderblocks_long_4H']
[1;94m============================================[0m
[1;94m🤖 STARTING BOT IN ACCOUNT: 00 🤖[0m
[1;94m============================================[0m
[1;94m🗃️  Loading BOT state...[0m
🔄 Total positions recovered: 71
[1;94m--------------------[0m
   ➡️  double_top_long_4H   :  2 positions | Candles:  1
   ➡️  revers_long_4H       : 11 positions | Candles:  1
   ➡️  revers_short_4H      :  7 positions | Candles:  1
   ➡️  parity_short_4H      : 18 positions | Candles:  1
   ➡️  orderblocks_short_4H :  6 positions | Candles:  1
   ➡️  orderblocks_long_4H  :  1 positions | Candles:  1
   ➡️  revers_long_6Hutc    :  1 positions | Candles:  1
   ➡️  revers_short_6Hutc   : 11 positions | Candles:  1
   ➡️  parity_long_6Hutc    :  4 positions | Candles:  1
   ➡️  revers_long_1H       :  1 positions | Candles:  5
   ➡️  parity_long_1H       :  4 positions | Candles:  5
   ➡️  parity_short_1H      :  4 positions | Candles:  5
   ➡️  revers_short_1H      :  1 positions | Candles:  3
✅ State loaded successfully

[1;94m🪪 Validating strategy configuration...[0m
[1;94m--------------------------------------------[0m
   🆗 Validation 1: All strategy names implemented
   🆗 Validation 2: All directions coherent with names
   🆗 Validation 3: All timeframes coherent with names
   🆗 Validation 4: All order amounts within valid range (40-100)
   🆗 Validation 5: All strategies have required parameters
   🆗 Validation 6: All TP/SL percentages within valid ranges (1.5 - 10)
   🆗 Validation 7: All strategy IDs are unique
   🆗 Validation 8: All sell_after_ncandles checked (45-55)
   🆗 Validation 9: All strategies names + Timeframe are unique.
   🆗 Validation 10: All strategy names are unique
   🆗 Validation 12: All timeframes are valid
✅ All strategies validated successfully


[1;94m🔢 Operative Strategies: 14 [0m
[1;94m--------------------------------------------[0m
🔹 Strategy double_top_long_4H (4H): 32 symbols
🔹 Strategy revers_long_4H     (4H): 32 symbols
🔹 Strategy parity_long_4H     (4H):  5 symbols
🔹 Strategy revers_short_4H    (4H): 32 symbols
🔹 Strategy parity_short_4H    (4H): 32 symbols
🔹 Strategy revers_long_1H     (1H):  6 symbols
🔹 Strategy revers_short_1H    (1H):  6 symbols
🔹 Strategy revers_long_6Hutc  (6Hutc): 15 symbols
🔹 Strategy revers_short_6Hutc (6Hutc): 15 symbols
🔹 Strategy parity_long_1H     (1H):  6 symbols
🔹 Strategy parity_short_1H    (1H):  6 symbols
🔹 Strategy parity_long_6Hutc  (6Hutc): 15 symbols
🔹 Strategy orderblocks_short_4H (4H): 32 symbols
🔹 Strategy orderblocks_long_4H (4H): 32 symbols

➡️  Detected timeframes: 6Hutc, 1H, 4H
   🔹 6Hutc: revers_long_6Hutc, revers_short_6Hutc, parity_long_6Hutc
   🔹 1H: revers_long_1H, revers_short_1H, parity_long_1H, parity_short_1H
   🔹 4H: double_top_long_4H, revers_long_4H, parity_long_4H, revers_short_4H, parity_short_4H, orderblocks_short_4H, orderblocks_long_4H

✅ BOT Initialization completed


[1;94m🌐 Starting Web...[0m
[1;94m--------------------------------------------[0m
❌ WebSocket manager not initialized for balance check

[1;94m🌐 Dashboard Web Started[0m
─────────────────────────────────────────────
📊 Local:   http://localhost:5000
🔗 Network: http://127.0.0.1:5000
🌍 LAN:     http://<your-ip>:5000
─────────────────────────────────────────────

✅ Bot monitoring active - Check dashboard at http://localhost:5000

[1;94m📱 Init  WebSocket...[0m
[1;94m--------------------------------------------[0m
⚠️  Cannot subscribe to HYPEUSDT - Public WebSocket not connected
[0;92m🔌 PRIVATE WebSocket connected [2025-12-27 18:57:26 UTC][0m
[0;92m🔌 PUBLIC  WebSocket connected [2025-12-27 18:57:27 UTC][0m
➡️  WebSocket status:
  - Public WS    : ✅ Connected
  - Private WS   : ✅ Connected
  - Authenticated: ⚠️  No
⚠️No PnL - HYPEUSDT: No price - HYPEUSDT
🛜 Subscribing to 5 private channels...
🆗 orders
🆗 fill
🆗 positions
🆗 account
🆗 equity
✅ WebSocket authentication successful
📦 Pre-loading contract for 33 symbols
[0;36m✅ Pre-loaded 33/33 contracts[0m


[1;94m🔜 Candles incoming:  [0m
[1;94m--------------------------------------------[0m
Next for 6Hutc : 2025-12-28 00:00:45 UTC
Next for 1H    : 2025-12-27 19:00:45 UTC
Next for 4H    : 2025-12-27 20:00:45 UTC

============================================
🔀 New candle(s) 2025-12-27 19:00:45 UTC
🔹 Timeframes: 1H
🌐 Syncronizing broker...
✅ Sync completed.
📡 Searching Signals... - 2025-12-27 19:00:45
--------------------------------------------
🚫 Skip revers_long_1H       (1H) ➡️  6/50 | 1 pos.
🚫 Skip revers_short_1H      (1H) ➡️  4/50 | 1 pos.
🚫 Skip parity_long_1H       (1H) ➡️  6/50 | 4 pos.
🚫 Skip parity_short_1H      (1H) ➡️  6/50 | 4 pos.
🔂 Signal cycle completed
============================================

Next for 1H: 2025-12-27 20:00:45 UTC

🎯 Setting active strategies from command line: ['double_top_long_4H', 'revers_long_4H', 'parity_long_4H', 'revers_short_4H', 'parity_short_4H', 'revers_long_1H', 'revers_short_1H', 'revers_long_6Hutc', 'revers_short_6Hutc', 'parity_long_1H', 'parity_short_1H', 'parity_long_6Hutc', 'orderblocks_short_4H', 'orderblocks_long_4H']
[1;94m============================================[0m
[1;94m🤖 STARTING BOT IN ACCOUNT: 00 🤖[0m
[1;94m============================================[0m
[1;94m🗃️  Loading BOT state...[0m
🔄 Total positions recovered: 71
[1;94m--------------------[0m
   ➡️  double_top_long_4H   :  2 positions | Candles:  1
   ➡️  revers_long_4H       : 11 positions | Candles:  1
   ➡️  revers_short_4H      :  7 positions | Candles:  1
   ➡️  parity_short_4H      : 18 positions | Candles:  1
   ➡️  orderblocks_short_4H :  6 positions | Candles:  1
   ➡️  orderblocks_long_4H  :  1 positions | Candles:  1
   ➡️  revers_long_6Hutc    :  1 positions | Candles:  1
   ➡️  revers_short_6Hutc   : 11 positions | Candles:  1
   ➡️  parity_long_6Hutc    :  4 positions | Candles:  1
   ➡️  revers_long_1H       :  1 positions | Candles:  6
   ➡️  parity_long_1H       :  4 positions | Candles:  6
   ➡️  parity_short_1H      :  4 positions | Candles:  6
   ➡️  revers_short_1H      :  1 positions | Candles:  4
✅ State loaded successfully

[1;94m🪪 Validating strategy configuration...[0m
[1;94m--------------------------------------------[0m
   🆗 Val 1: All strategy names implemented
   🆗 Val 2: All directions coherent with names
   🆗 Val 3: All timeframes coherent with names
   🆗 Val 4: All order amounts in range (40-100)
   🆗 Val 5: All strategies required parameters
   🆗 Val 6: All TP/SL % within valid ranges (1.5 - 10)
   🆗 Val 7: All strategy IDs unique
   🆗 Val 8: All sell_after_ncandles ok (45-55)
   🆗 Val 9: All strategies names + TF are unique.
   🆗 Val 10: All strategy names unique
   🆗 Val 12: All TF are valid
✅ All strategies validated successfully


[1;94m🔢 Operative Strategies: 14 [0m
[1;94m--------------------------------------------[0m
🔹 Strategy double_top_long_4H (4H): 32 symbols
🔹 Strategy revers_long_4H     (4H): 32 symbols
🔹 Strategy parity_long_4H     (4H):  5 symbols
🔹 Strategy revers_short_4H    (4H): 32 symbols
🔹 Strategy parity_short_4H    (4H): 32 symbols
🔹 Strategy revers_long_1H     (1H):  6 symbols
🔹 Strategy revers_short_1H    (1H):  6 symbols
🔹 Strategy revers_long_6Hutc  (6Hutc): 15 symbols
🔹 Strategy revers_short_6Hutc (6Hutc): 15 symbols
🔹 Strategy parity_long_1H     (1H):  6 symbols
🔹 Strategy parity_short_1H    (1H):  6 symbols
🔹 Strategy parity_long_6Hutc  (6Hutc): 15 symbols
🔹 Strategy orderblocks_short_4H (4H): 32 symbols
🔹 Strategy orderblocks_long_4H (4H): 32 symbols

➡️  Detected timeframes: 1H, 4H, 6Hutc
   🔹 1H: revers_long_1H, revers_short_1H, parity_long_1H, parity_short_1H
   🔹 4H: double_top_long_4H, revers_long_4H, parity_long_4H, revers_short_4H, parity_short_4H, orderblocks_short_4H, orderblocks_long_4H
   🔹 6Hutc: revers_long_6Hutc, revers_short_6Hutc, parity_long_6Hutc

✅ BOT Initialization completed


[1;94m🌐 Starting Web...[0m
[1;94m--------------------------------------------[0m

[1;94m🌐 Dashboard Web Started[0m
─────────────────────────────────────────────
📊 Local:   http://localhost:5000
🔗 Network: http://127.0.0.1:5000
🌍 LAN:     http://<your-ip>:5000
─────────────────────────────────────────────

✅ Bot monitoring active - Check dashboard at http://localhost:5000

[1;94m📱 Init  WebSocket...[0m
[1;94m--------------------------------------------[0m
⏳ Waiting for equity data from WebSocket...
⚠️  Cannot subscribe to HYPEUSDT - Public WebSocket not connected
[0;92m🔌 PUBLIC  WebSocket connected [2025-12-27 19:02:18 UTC][0m
[0;92m🔌 PRIVATE WebSocket connected [2025-12-27 19:02:18 UTC][0m
➡️  WebSocket status:
  - Public WS    : ✅ Connected
  - Private WS   : ✅ Connected
  - Authenticated: ⚠️  No
⚠️No PnL - HYPEUSDT: No price - HYPEUSDT
🛜 Subscribing to 5 private channels...
🆗 orders
🆗 fill
🆗 positions
🆗 account
🆗 equity
✅ WebSocket authentication successful
📦 Pre-loading contract for 33 symbols
[0;36m✅ Pre-loaded 33/33 contracts[0m


[1;94m🔜 Candles incoming:  [0m
[1;94m--------------------------------------------[0m
Next for 1H    : 2025-12-27 20:00:45 UTC
Next for 4H    : 2025-12-27 20:00:45 UTC
Next for 6Hutc : 2025-12-28 00:00:45 UTC

🎯 Setting active strategies from command line: ['double_top_long_4H', 'revers_long_4H', 'parity_long_4H', 'revers_short_4H', 'parity_short_4H', 'revers_long_1H', 'revers_short_1H', 'revers_long_6Hutc', 'revers_short_6Hutc', 'parity_long_1H', 'parity_short_1H', 'parity_long_6Hutc', 'orderblocks_short_4H', 'orderblocks_long_4H']
[1;94m============================================[0m
[1;94m🤖 STARTING BOT IN ACCOUNT: 00 🤖[0m
[1;94m============================================[0m
[1;94m🗃️  Loading BOT state...[0m
🔄 Total positions recovered: 71
[1;94m--------------------[0m
   ➡️  double_top_long_4H   :  2 positions | Candles:  1
   ➡️  revers_long_4H       : 11 positions | Candles:  1
   ➡️  revers_short_4H      :  7 positions | Candles:  1
   ➡️  parity_short_4H      : 18 positions | Candles:  1
   ➡️  orderblocks_short_4H :  6 positions | Candles:  1
   ➡️  orderblocks_long_4H  :  1 positions | Candles:  1
   ➡️  revers_long_6Hutc    :  1 positions | Candles:  1
   ➡️  revers_short_6Hutc   : 11 positions | Candles:  1
   ➡️  parity_long_6Hutc    :  4 positions | Candles:  1
   ➡️  revers_long_1H       :  1 positions | Candles:  6
   ➡️  parity_long_1H       :  4 positions | Candles:  6
   ➡️  parity_short_1H      :  4 positions | Candles:  6
   ➡️  revers_short_1H      :  1 positions | Candles:  4
✅ State loaded successfully

[1;94m🪪 Validating strategy configuration...[0m
[1;94m--------------------------------------------[0m
   🆗 Val 1: All strategy names implemented
   🆗 Val 2: All directions coherent with names
   🆗 Val 3: All timeframes coherent with names
   🆗 Val 4: All order amounts in range (40-100)
   🆗 Val 5: All strategies required parameters
   🆗 Val 6: All TP/SL % within valid ranges (1.5 - 10)
   🆗 Val 7: All strategy IDs unique
   🆗 Val 8: All sell_after_ncandles ok (45-55)
   🆗 Val 9: All strategies names + TF are unique.
   🆗 Val 10: All strategy names unique
   🆗 Val 12: All TF are valid
✅ All strategies validated successfully


[1;94m🔢 Operative Strategies: 14 [0m
[1;94m--------------------------------------------[0m
🔹 Strategy double_top_long_4H (4H): 32 symbols
🔹 Strategy revers_long_4H     (4H): 32 symbols
🔹 Strategy parity_long_4H     (4H):  5 symbols
🔹 Strategy revers_short_4H    (4H): 32 symbols
🔹 Strategy parity_short_4H    (4H): 32 symbols
🔹 Strategy revers_long_1H     (1H):  6 symbols
🔹 Strategy revers_short_1H    (1H):  6 symbols
🔹 Strategy revers_long_6Hutc  (6Hutc): 15 symbols
🔹 Strategy revers_short_6Hutc (6Hutc): 15 symbols
🔹 Strategy parity_long_1H     (1H):  6 symbols
🔹 Strategy parity_short_1H    (1H):  6 symbols
🔹 Strategy parity_long_6Hutc  (6Hutc): 15 symbols
🔹 Strategy orderblocks_short_4H (4H): 32 symbols
🔹 Strategy orderblocks_long_4H (4H): 32 symbols

➡️  Detected timeframes: 1H, 4H, 6Hutc
   🔹 1H: revers_long_1H, revers_short_1H, parity_long_1H, parity_short_1H
   🔹 4H: double_top_long_4H, revers_long_4H, parity_long_4H, revers_short_4H, parity_short_4H, orderblocks_short_4H, orderblocks_long_4H
   🔹 6Hutc: revers_long_6Hutc, revers_short_6Hutc, parity_long_6Hutc

✅ BOT Initialization completed


[1;94m🌐 Starting Web...[0m
[1;94m--------------------------------------------[0m
❌ WebSocket manager not initialized for balance check
⚠️No PnL - HYPEUSDT: WebSocket manager not initialized
⚠️No PnL - ZENUSDT: WebSocket manager not initialized
⚠️No PnL - APTUSDT: WebSocket manager not initialized
⚠️No PnL - ARBUSDT: WebSocket manager not initialized
⚠️No PnL - AVAXUSDT: WebSocket manager not initialized
⚠️No PnL - ENAUSDT: WebSocket manager not initialized
⚠️No PnL - FETUSDT: WebSocket manager not initialized
⚠️No PnL - FORMUSDT: WebSocket manager not initialized
⚠️No PnL - HBARUSDT: WebSocket manager not initialized
⚠️No PnL - HYPEUSDT: WebSocket manager not initialized
⚠️No PnL - LTCUSDT: WebSocket manager not initialized
⚠️No PnL - NEARUSDT: WebSocket manager not initialized
⚠️No PnL - SNXUSDT: WebSocket manager not initialized
⚠️No PnL - BGBUSDT: WebSocket manager not initialized
⚠️No PnL - BTCUSDT: WebSocket manager not initialized
⚠️No PnL - LINKUSDT: WebSocket manager not initialized
⚠️No PnL - ONDOUSDT: WebSocket manager not initialized
⚠️No PnL - PENGUUSDT: WebSocket manager not initialized
⚠️No PnL - TAOUSDT: WebSocket manager not initialized
⚠️No PnL - XRPUSDT: WebSocket manager not initialized
⚠️No PnL - 1000BONKUSDT: WebSocket manager not initialized
⚠️No PnL - AAVEUSDT: WebSocket manager not initialized
⚠️No PnL - ADAUSDT: WebSocket manager not initialized
⚠️No PnL - BGBUSDT: WebSocket manager not initialized
⚠️No PnL - BNBUSDT: WebSocket manager not initialized
⚠️No PnL - BTCUSDT: WebSocket manager not initialized
⚠️No PnL - DOGEUSDT: WebSocket manager not initialized
⚠️No PnL - DOTUSDT: WebSocket manager not initialized
⚠️No PnL - ETHUSDT: WebSocket manager not initialized
⚠️No PnL - LINKUSDT: WebSocket manager not initialized
⚠️No PnL - ONDOUSDT: WebSocket manager not initialized
⚠️No PnL - PENGUUSDT: WebSocket manager not initialized
⚠️No PnL - SOLUSDT: WebSocket manager not initialized
⚠️No PnL - SUIUSDT: WebSocket manager not initialized
⚠️No PnL - TAOUSDT: WebSocket manager not initialized
⚠️No PnL - WIFUSDT: WebSocket manager not initialized
⚠️No PnL - WLDUSDT: WebSocket manager not initialized
⚠️No PnL - XRPUSDT: WebSocket manager not initialized
⚠️No PnL - DOGEUSDT: WebSocket manager not initialized
⚠️No PnL - LINKUSDT: WebSocket manager not initialized
⚠️No PnL - ONDOUSDT: WebSocket manager not initialized
⚠️No PnL - SUIUSDT: WebSocket manager not initialized
⚠️No PnL - WIFUSDT: WebSocket manager not initialized
⚠️No PnL - XRPUSDT: WebSocket manager not initialized
⚠️No PnL - APTUSDT: WebSocket manager not initialized
⚠️No PnL - HYPEUSDT: WebSocket manager not initialized
⚠️No PnL - ADAUSDT: WebSocket manager not initialized
⚠️No PnL - BNBUSDT: WebSocket manager not initialized
⚠️No PnL - BTCUSDT: WebSocket manager not initialized
⚠️No PnL - DOGEUSDT: WebSocket manager not initialized
⚠️No PnL - ETHUSDT: WebSocket manager not initialized
⚠️No PnL - LINKUSDT: WebSocket manager not initialized
⚠️No PnL - SOLUSDT: WebSocket manager not initialized
⚠️No PnL - SUIUSDT: WebSocket manager not initialized
⚠️No PnL - TAOUSDT: WebSocket manager not initialized
⚠️No PnL - WLDUSDT: WebSocket manager not initialized
⚠️No PnL - XRPUSDT: WebSocket manager not initialized
⚠️No PnL - ENAUSDT: WebSocket manager not initialized
⚠️No PnL - HBARUSDT: WebSocket manager not initialized
⚠️No PnL - HYPEUSDT: WebSocket manager not initialized
⚠️No PnL - MLNUSDT: WebSocket manager not initialized
⚠️No PnL - XRPUSDT: WebSocket manager not initialized
⚠️No PnL - BNBUSDT: WebSocket manager not initialized
⚠️No PnL - DOGEUSDT: WebSocket manager not initialized
⚠️No PnL - SOLUSDT: WebSocket manager not initialized
⚠️No PnL - XRPUSDT: WebSocket manager not initialized
⚠️No PnL - BTCUSDT: WebSocket manager not initialized
⚠️No PnL - DOGEUSDT: WebSocket manager not initialized
⚠️No PnL - ETHUSDT: WebSocket manager not initialized
⚠️No PnL - XRPUSDT: WebSocket manager not initialized
⚠️No PnL - XRPUSDT: WebSocket manager not initialized

[1;94m🌐 Dashboard Web Started[0m
─────────────────────────────────────────────
📊 Local:   http://localhost:5000
🔗 Network: http://127.0.0.1:5000
🌍 LAN:     http://<your-ip>:5000
─────────────────────────────────────────────

✅ Bot monitoring active - Check dashboard at http://localhost:5000

[1;94m📱 Init  WebSocket...[0m
[1;94m--------------------------------------------[0m
⏳ Waiting for equity data from WebSocket...
⚠️  Cannot subscribe to HYPEUSDT - Public WebSocket not connected
[0;92m🔌 PUBLIC  WebSocket connected [2025-12-27 19:27:01 UTC][0m
[0;92m🔌 PRIVATE WebSocket connected [2025-12-27 19:27:01 UTC][0m
➡️  WebSocket status:
  - Public WS    : ✅ Connected
  - Private WS   : ✅ Connected
  - Authenticated: ⚠️  No
🛜 Subscribing to 5 private channels...
🆗 orders
🆗 fill
🆗 positions
🆗 account
🆗 equity
✅ WebSocket authentication successful
📦 Pre-loading contract for 33 symbols
[0;36m✅ Pre-loaded 33/33 contracts[0m


[1;94m🔜 Candles incoming:  [0m
[1;94m--------------------------------------------[0m
Next for 1H    : 2025-12-27 20:00:45 UTC
Next for 4H    : 2025-12-27 20:00:45 UTC
Next for 6Hutc : 2025-12-28 00:00:45 UTC

🎯 Setting active strategies from command line: ['double_top_long_4H', 'revers_long_4H', 'parity_long_4H', 'revers_short_4H', 'parity_short_4H', 'revers_long_1H', 'revers_short_1H', 'revers_long_6Hutc', 'revers_short_6Hutc', 'parity_long_1H', 'parity_short_1H', 'parity_long_6Hutc', 'orderblocks_short_4H', 'orderblocks_long_4H']
[1;94m============================================[0m
[1;94m🤖 STARTING BOT IN ACCOUNT: 00 🤖[0m
[1;94m============================================[0m
[1;94m🗃️  Loading BOT state...[0m
🔄 Total positions recovered: 71
[1;94m--------------------[0m
   ➡️  double_top_long_4H   :  2 positions | Candles:  1
   ➡️  revers_long_4H       : 11 positions | Candles:  1
   ➡️  revers_short_4H      :  7 positions | Candles:  1
   ➡️  parity_short_4H      : 18 positions | Candles:  1
   ➡️  orderblocks_short_4H :  6 positions | Candles:  1
   ➡️  orderblocks_long_4H  :  1 positions | Candles:  1
   ➡️  revers_long_6Hutc    :  1 positions | Candles:  1
   ➡️  revers_short_6Hutc   : 11 positions | Candles:  1
   ➡️  parity_long_6Hutc    :  4 positions | Candles:  1
   ➡️  revers_long_1H       :  1 positions | Candles:  6
   ➡️  parity_long_1H       :  4 positions | Candles:  6
   ➡️  parity_short_1H      :  4 positions | Candles:  6
   ➡️  revers_short_1H      :  1 positions | Candles:  4
✅ State loaded successfully

[1;94m🪪 Validating strategy configuration...[0m
[1;94m--------------------------------------------[0m
   🆗 Val 1: All strategy names implemented
   🆗 Val 2: All directions coherent with names
   🆗 Val 3: All timeframes coherent with names
   🆗 Val 4: All order amounts in range (40-100)
   🆗 Val 5: All strategies required parameters
   🆗 Val 6: All TP/SL % within valid ranges (1.5 - 10)
   🆗 Val 7: All strategy IDs unique
   🆗 Val 8: All sell_after_ncandles ok (45-55)
   🆗 Val 9: All strategies names + TF are unique.
   🆗 Val 10: All strategy names unique
   🆗 Val 12: All TF are valid
✅ All strategies validated successfully


[1;94m🔢 Operative Strategies: 14 [0m
[1;94m--------------------------------------------[0m
🔹 Strategy double_top_long_4H (4H): 32 symbols
🔹 Strategy revers_long_4H     (4H): 32 symbols
🔹 Strategy parity_long_4H     (4H):  5 symbols
🔹 Strategy revers_short_4H    (4H): 32 symbols
🔹 Strategy parity_short_4H    (4H): 32 symbols
🔹 Strategy revers_long_1H     (1H):  6 symbols
🔹 Strategy revers_short_1H    (1H):  6 symbols
🔹 Strategy revers_long_6Hutc  (6Hutc): 15 symbols
🔹 Strategy revers_short_6Hutc (6Hutc): 15 symbols
🔹 Strategy parity_long_1H     (1H):  6 symbols
🔹 Strategy parity_short_1H    (1H):  6 symbols
🔹 Strategy parity_long_6Hutc  (6Hutc): 15 symbols
🔹 Strategy orderblocks_short_4H (4H): 32 symbols
🔹 Strategy orderblocks_long_4H (4H): 32 symbols

➡️  Detected timeframes: 1H, 6Hutc, 4H
   🔹 1H: revers_long_1H, revers_short_1H, parity_long_1H, parity_short_1H
   🔹 6Hutc: revers_long_6Hutc, revers_short_6Hutc, parity_long_6Hutc
   🔹 4H: double_top_long_4H, revers_long_4H, parity_long_4H, revers_short_4H, parity_short_4H, orderblocks_short_4H, orderblocks_long_4H

✅ BOT Initialization completed


[1;94m🌐 Starting Web...[0m
[1;94m--------------------------------------------[0m
❌ WebSocket manager not initialized for balance check
⚠️No PnL - HYPEUSDT: WebSocket manager not initialized
⚠️No PnL - ZENUSDT: WebSocket manager not initialized
⚠️No PnL - APTUSDT: WebSocket manager not initialized
⚠️No PnL - ARBUSDT: WebSocket manager not initialized
⚠️No PnL - AVAXUSDT: WebSocket manager not initialized
⚠️No PnL - ENAUSDT: WebSocket manager not initialized
⚠️No PnL - FETUSDT: WebSocket manager not initialized
⚠️No PnL - FORMUSDT: WebSocket manager not initialized
⚠️No PnL - HBARUSDT: WebSocket manager not initialized
⚠️No PnL - HYPEUSDT: WebSocket manager not initialized
⚠️No PnL - LTCUSDT: WebSocket manager not initialized
⚠️No PnL - NEARUSDT: WebSocket manager not initialized
⚠️No PnL - SNXUSDT: WebSocket manager not initialized
⚠️No PnL - BGBUSDT: WebSocket manager not initialized
⚠️No PnL - BTCUSDT: WebSocket manager not initialized
⚠️No PnL - LINKUSDT: WebSocket manager not initialized
⚠️No PnL - ONDOUSDT: WebSocket manager not initialized
⚠️No PnL - PENGUUSDT: WebSocket manager not initialized
⚠️No PnL - TAOUSDT: WebSocket manager not initialized
⚠️No PnL - XRPUSDT: WebSocket manager not initialized
⚠️No PnL - 1000BONKUSDT: WebSocket manager not initialized
⚠️No PnL - AAVEUSDT: WebSocket manager not initialized
⚠️No PnL - ADAUSDT: WebSocket manager not initialized
⚠️No PnL - BGBUSDT: WebSocket manager not initialized
⚠️No PnL - BNBUSDT: WebSocket manager not initialized
⚠️No PnL - BTCUSDT: WebSocket manager not initialized
⚠️No PnL - DOGEUSDT: WebSocket manager not initialized
⚠️No PnL - DOTUSDT: WebSocket manager not initialized
⚠️No PnL - ETHUSDT: WebSocket manager not initialized
⚠️No PnL - LINKUSDT: WebSocket manager not initialized
⚠️No PnL - ONDOUSDT: WebSocket manager not initialized
⚠️No PnL - PENGUUSDT: WebSocket manager not initialized
⚠️No PnL - SOLUSDT: WebSocket manager not initialized
⚠️No PnL - SUIUSDT: WebSocket manager not initialized
⚠️No PnL - TAOUSDT: WebSocket manager not initialized
⚠️No PnL - WIFUSDT: WebSocket manager not initialized
⚠️No PnL - WLDUSDT: WebSocket manager not initialized
⚠️No PnL - XRPUSDT: WebSocket manager not initialized
⚠️No PnL - DOGEUSDT: WebSocket manager not initialized
⚠️No PnL - LINKUSDT: WebSocket manager not initialized
⚠️No PnL - ONDOUSDT: WebSocket manager not initialized
⚠️No PnL - SUIUSDT: WebSocket manager not initialized
⚠️No PnL - WIFUSDT: WebSocket manager not initialized
⚠️No PnL - XRPUSDT: WebSocket manager not initialized
⚠️No PnL - APTUSDT: WebSocket manager not initialized
⚠️No PnL - HYPEUSDT: WebSocket manager not initialized
⚠️No PnL - ADAUSDT: WebSocket manager not initialized
⚠️No PnL - BNBUSDT: WebSocket manager not initialized
⚠️No PnL - BTCUSDT: WebSocket manager not initialized
⚠️No PnL - DOGEUSDT: WebSocket manager not initialized
⚠️No PnL - ETHUSDT: WebSocket manager not initialized
⚠️No PnL - LINKUSDT: WebSocket manager not initialized
⚠️No PnL - SOLUSDT: WebSocket manager not initialized
⚠️No PnL - SUIUSDT: WebSocket manager not initialized
⚠️No PnL - TAOUSDT: WebSocket manager not initialized
⚠️No PnL - WLDUSDT: WebSocket manager not initialized
⚠️No PnL - XRPUSDT: WebSocket manager not initialized
⚠️No PnL - ENAUSDT: WebSocket manager not initialized
⚠️No PnL - HBARUSDT: WebSocket manager not initialized
⚠️No PnL - HYPEUSDT: WebSocket manager not initialized
⚠️No PnL - MLNUSDT: WebSocket manager not initialized
⚠️No PnL - XRPUSDT: WebSocket manager not initialized
⚠️No PnL - BNBUSDT: WebSocket manager not initialized
⚠️No PnL - DOGEUSDT: WebSocket manager not initialized
⚠️No PnL - SOLUSDT: WebSocket manager not initialized
⚠️No PnL - XRPUSDT: WebSocket manager not initialized
⚠️No PnL - BTCUSDT: WebSocket manager not initialized
⚠️No PnL - DOGEUSDT: WebSocket manager not initialized
⚠️No PnL - ETHUSDT: WebSocket manager not initialized
⚠️No PnL - XRPUSDT: WebSocket manager not initialized
⚠️No PnL - XRPUSDT: WebSocket manager not initialized

[1;94m🌐 Dashboard Web Started[0m
─────────────────────────────────────────────
📊 Local:   http://localhost:5000
🔗 Network: http://127.0.0.1:5000
🌍 LAN:     http://<your-ip>:5000
─────────────────────────────────────────────

✅ Bot monitoring active - Check dashboard at http://localhost:5000

[1;94m📱 Init  WebSocket...[0m
[1;94m--------------------------------------------[0m
⏳ Waiting for equity data from WebSocket...
⚠️  Cannot subscribe to HYPEUSDT - Public WS not connected
[0;92m🔌 PUBLIC  WS connected [2025-12-27 19:42:09 UTC][0m
[0;92m🔌 PRIVATE WS connected [2025-12-27 19:42:09 UTC][0m
➡️  WebSocket status:
  - Public WS    : ✅ Connected
  - Private WS   : ✅ Connected
  - Authenticated: ⚠️  No
🛜 Subscribing to 5 private channels...
🆗 orders
🆗 fill
🆗 positions
🆗 account
🆗 equity
✅ WS authentication successful
📦 Pre-loading contract for 33 symbols
[0;36m✅ Pre-loaded 33/33 contracts[0m


[1;94m🔜 Candles incoming:  [0m
[1;94m--------------------------------------------[0m
Next for 1H    : 2025-12-27 20:00:45 UTC
Next for 6Hutc : 2025-12-28 00:00:45 UTC
Next for 4H    : 2025-12-27 20:00:45 UTC

============================================
🔀 New candle(s) 2025-12-27 20:00:45 UTC
🔹 Timeframes: 1H, 4H
🌐 Syncronizing broker...
✅ Sync completed.
📡 Searching Signals... - 2025-12-27 20:00:45
--------------------------------------------
🚫 Skip revers_long_1H       (1H) ➡️  7/50 | 1 pos.
🚫 Skip revers_short_1H      (1H) ➡️  5/50 | 1 pos.
🚫 Skip parity_long_1H       (1H) ➡️  7/50 | 4 pos.
🚫 Skip parity_short_1H      (1H) ➡️  7/50 | 4 pos.
🚫 Skip double_top_long_4H   (4H) ➡️  2/50 | 2 pos.
🚫 Skip revers_long_4H       (4H) ➡️  2/50 | 11 pos.
🚫 Skip revers_short_4H      (4H) ➡️  2/50 | 7 pos.
🚫 Skip parity_short_4H      (4H) ➡️  2/50 | 18 pos.
🚫 Skip orderblocks_short_4H (4H) ➡️  2/50 | 6 pos.
🚫 Skip orderblocks_long_4H  (4H) ➡️  2/50 | 1 pos.

⚙️  Processing strategy  : parity_long_4H
💫 Signals detected for parity_long_4H: 0
🔂 Signal cycle completed
============================================

Next for 1H: 2025-12-27 21:00:45 UTC
Next for 4H: 2025-12-28 00:00:45 UTC

🎯 Setting active strategies from command line: ['double_top_long_4H', 'revers_long_4H', 'parity_long_4H', 'revers_short_4H', 'parity_short_4H', 'revers_long_1H', 'revers_short_1H', 'revers_long_6Hutc', 'revers_short_6Hutc', 'parity_long_1H', 'parity_short_1H', 'parity_long_6Hutc', 'orderblocks_short_4H', 'orderblocks_long_4H']
[1;94m============================================[0m
[1;94m🤖 STARTING BOT IN ACCOUNT: 00 🤖[0m
[1;94m============================================[0m
[1;94m🗃️  Loading BOT state...[0m
🔄 Total positions recovered: 71
[1;94m--------------------[0m
   ➡️  double_top_long_4H   :  2 positions | Candles:  2
   ➡️  revers_long_4H       : 11 positions | Candles:  2
   ➡️  revers_short_4H      :  7 positions | Candles:  2
   ➡️  parity_short_4H      : 18 positions | Candles:  2
   ➡️  orderblocks_short_4H :  6 positions | Candles:  2
   ➡️  orderblocks_long_4H  :  1 positions | Candles:  2
   ➡️  revers_long_6Hutc    :  1 positions | Candles:  1
   ➡️  revers_short_6Hutc   : 11 positions | Candles:  1
   ➡️  parity_long_6Hutc    :  4 positions | Candles:  1
   ➡️  revers_long_1H       :  1 positions | Candles:  7
   ➡️  parity_long_1H       :  4 positions | Candles:  7
   ➡️  parity_short_1H      :  4 positions | Candles:  7
   ➡️  revers_short_1H      :  1 positions | Candles:  5
✅ State loaded successfully

[1;94m🪪 Validating strategy configuration...[0m
[1;94m--------------------------------------------[0m
   🆗 Val 1: All strategy names implemented
   🆗 Val 2: All directions coherent with names
   🆗 Val 3: All timeframes coherent with names
   🆗 Val 4: All order amounts in range (40-100)
   🆗 Val 5: All strategies required parameters
   🆗 Val 6: All TP/SL % within valid ranges (1.5 - 10)
   🆗 Val 7: All strategy IDs unique
   🆗 Val 8: All sell_after_ncandles ok (45-55)
   🆗 Val 9: All strategies names + TF are unique.
   🆗 Val 10: All strategy names unique
   🆗 Val 12: All TF are valid
✅ All strategies validated successfully


[1;94m🔢 Operative Strategies: 14 [0m
[1;94m--------------------------------------------[0m
🔹 Strategy double_top_long_4H (4H): 32 symbols
🔹 Strategy revers_long_4H     (4H): 32 symbols
🔹 Strategy parity_long_4H     (4H):  5 symbols
🔹 Strategy revers_short_4H    (4H): 32 symbols
🔹 Strategy parity_short_4H    (4H): 32 symbols
🔹 Strategy revers_long_1H     (1H):  6 symbols
🔹 Strategy revers_short_1H    (1H):  6 symbols
🔹 Strategy revers_long_6Hutc  (6Hutc): 15 symbols
🔹 Strategy revers_short_6Hutc (6Hutc): 15 symbols
🔹 Strategy parity_long_1H     (1H):  6 symbols
🔹 Strategy parity_short_1H    (1H):  6 symbols
🔹 Strategy parity_long_6Hutc  (6Hutc): 15 symbols
🔹 Strategy orderblocks_short_4H (4H): 32 symbols
🔹 Strategy orderblocks_long_4H (4H): 32 symbols

➡️  Detected timeframes: 6Hutc, 4H, 1H
   🔹 6Hutc: revers_long_6Hutc, revers_short_6Hutc, parity_long_6Hutc
   🔹 4H: double_top_long_4H, revers_long_4H, parity_long_4H, revers_short_4H, parity_short_4H, orderblocks_short_4H, orderblocks_long_4H
   🔹 1H: revers_long_1H, revers_short_1H, parity_long_1H, parity_short_1H

✅ BOT Initialization completed


[1;94m🌐 Starting Web...[0m
[1;94m--------------------------------------------[0m

[1;94m🌐 Dashboard Web Started[0m
─────────────────────────────────────────────
📊 Local:   http://localhost:5000
🔗 Network: http://127.0.0.1:5000
🌍 LAN:     http://<your-ip>:5000
─────────────────────────────────────────────

✅ Bot monitoring active - Check dashboard at http://localhost:5000

[1;94m📱 Init  WebSocket...[0m
[1;94m--------------------------------------------[0m
⏳ Waiting for equity data from WebSocket...
⚠️  Cannot subscribe to HYPEUSDT - Public WS not connected
[0;92m🔌 PUBLIC  WS connected [2025-12-27 20:02:34 UTC][0m
[0;92m🔌 PRIVATE WS connected [2025-12-27 20:02:34 UTC][0m
➡️  WebSocket status:
  - Public WS    : ✅ Connected
  - Private WS   : ✅ Connected
  - Authenticated: ⚠️  No
⚠️No PnL - HYPEUSDT: No price - HYPEUSDT
🛜 Subscribing to 5 private channels...
🆗 orders
🆗 fill
🆗 positions
🆗 account
🆗 equity
✅ WS authentication successful
📦 Pre-loading contract for 33 symbols
[0;36m✅ Pre-loaded 33/33 contracts[0m


[1;94m🔜 Candles incoming:  [0m
[1;94m--------------------------------------------[0m
Next for 6Hutc : 2025-12-28 00:00:45 UTC
Next for 4H    : 2025-12-28 00:00:45 UTC
Next for 1H    : 2025-12-27 21:00:45 UTC

🎯 Setting active strategies from command line: ['double_top_long_4H', 'revers_long_4H', 'parity_long_4H', 'revers_short_4H', 'parity_short_4H', 'revers_long_1H', 'revers_short_1H', 'revers_long_6Hutc', 'revers_short_6Hutc', 'parity_long_1H', 'parity_short_1H', 'parity_long_6Hutc', 'orderblocks_short_4H', 'orderblocks_long_4H']
[1;94m============================================[0m
[1;94m🤖 STARTING BOT IN ACCOUNT: 00 🤖[0m
[1;94m============================================[0m
[1;94m🗃️  Loading BOT state...[0m
🔄 Total positions recovered: 71
[1;94m--------------------[0m
   ➡️  double_top_long_4H   :  2 positions | Candles:  2
   ➡️  revers_long_4H       : 11 positions | Candles:  2
   ➡️  revers_short_4H      :  7 positions | Candles:  2
   ➡️  parity_short_4H      : 18 positions | Candles:  2
   ➡️  orderblocks_short_4H :  6 positions | Candles:  2
   ➡️  orderblocks_long_4H  :  1 positions | Candles:  2
   ➡️  revers_long_6Hutc    :  1 positions | Candles:  1
   ➡️  revers_short_6Hutc   : 11 positions | Candles:  1
   ➡️  parity_long_6Hutc    :  4 positions | Candles:  1
   ➡️  revers_long_1H       :  1 positions | Candles:  7
   ➡️  parity_long_1H       :  4 positions | Candles:  7
   ➡️  parity_short_1H      :  4 positions | Candles:  7
   ➡️  revers_short_1H      :  1 positions | Candles:  5
✅ State loaded successfully

[1;94m🪪 Validating strategy configuration...[0m
[1;94m--------------------------------------------[0m
   🆗 Val 1: All strategy names implemented
   🆗 Val 2: All directions coherent with names
   🆗 Val 3: All timeframes coherent with names
   🆗 Val 4: All order amounts in range (40-100)
   🆗 Val 5: All strategies required parameters
   🆗 Val 6: All TP/SL % within valid ranges (1.5 - 10)
   🆗 Val 7: All strategy IDs unique
   🆗 Val 8: All sell_after_ncandles ok (45-55)
   🆗 Val 9: All strategies names + TF are unique.
   🆗 Val 10: All strategy names unique
   🆗 Val 12: All TF are valid
✅ All strategies validated successfully


[1;94m🔢 Operative Strategies: 14 [0m
[1;94m--------------------------------------------[0m
🔹 Strategy double_top_long_4H (4H): 32 symbols
🔹 Strategy revers_long_4H     (4H): 32 symbols
🔹 Strategy parity_long_4H     (4H):  5 symbols
🔹 Strategy revers_short_4H    (4H): 32 symbols
🔹 Strategy parity_short_4H    (4H): 32 symbols
🔹 Strategy revers_long_1H     (1H):  6 symbols
🔹 Strategy revers_short_1H    (1H):  6 symbols
🔹 Strategy revers_long_6Hutc  (6Hutc): 15 symbols
🔹 Strategy revers_short_6Hutc (6Hutc): 15 symbols
🔹 Strategy parity_long_1H     (1H):  6 symbols
🔹 Strategy parity_short_1H    (1H):  6 symbols
🔹 Strategy parity_long_6Hutc  (6Hutc): 15 symbols
🔹 Strategy orderblocks_short_4H (4H): 32 symbols
🔹 Strategy orderblocks_long_4H (4H): 32 symbols

➡️  Detected timeframes: 1H, 4H, 6Hutc
   🔹 1H: revers_long_1H, revers_short_1H, parity_long_1H, parity_short_1H
   🔹 4H: double_top_long_4H, revers_long_4H, parity_long_4H, revers_short_4H, parity_short_4H, orderblocks_short_4H, orderblocks_long_4H
   🔹 6Hutc: revers_long_6Hutc, revers_short_6Hutc, parity_long_6Hutc

✅ BOT Initialization completed


[1;94m🌐 Starting Web...[0m
[1;94m--------------------------------------------[0m

[1;94m🌐 Dashboard Web Started[0m
─────────────────────────────────────────────
📊 Local:   http://localhost:5000
🔗 Network: http://127.0.0.1:5000
🌍 LAN:     http://<your-ip>:5000
─────────────────────────────────────────────

✅ Bot monitoring active - Check dashboard at http://localhost:5000

[1;94m📱 Init  WebSocket...[0m
[1;94m--------------------------------------------[0m
⏳ Waiting for equity data from WebSocket...
⚠️  Cannot subscribe to HYPEUSDT - Public WS not connected
[0;92m🔌 PUBLIC  WS connected [2025-12-27 20:10:18 UTC][0m
[0;92m🔌 PRIVATE WS connected [2025-12-27 20:10:19 UTC][0m
➡️  WebSocket status:
  - Public WS    : ✅ Connected
  - Private WS   : ✅ Connected
  - Authenticated: ⚠️  No
🛜 Subscribing to 5 private channels...
🆗 orders
🆗 fill
🆗 positions
🆗 account
🆗 equity
✅ WS authentication successful
📦 Pre-loading contract for 33 symbols
[0;36m✅ Pre-loaded 33/33 contracts[0m


[1;94m🔜 Candles incoming:  [0m
[1;94m--------------------------------------------[0m
Next for 1H    : 2025-12-27 21:00:45 UTC
Next for 4H    : 2025-12-28 00:00:45 UTC
Next for 6Hutc : 2025-12-28 00:00:45 UTC

🎯 Setting active strategies from command line: ['double_top_long_4H', 'revers_long_4H', 'parity_long_4H', 'revers_short_4H', 'parity_short_4H', 'revers_long_1H', 'revers_short_1H', 'revers_long_6Hutc', 'revers_short_6Hutc', 'parity_long_1H', 'parity_short_1H', 'parity_long_6Hutc', 'orderblocks_short_4H', 'orderblocks_long_4H']
[1;94m============================================[0m
[1;94m🤖 STARTING BOT IN ACCOUNT: 00 🤖[0m
[1;94m============================================[0m
[1;94m🗃️  Loading BOT state...[0m
🔄 Total positions recovered: 71
[1;94m--------------------[0m
   ➡️  double_top_long_4H   :  2 positions | Candles:  2
   ➡️  revers_long_4H       : 11 positions | Candles:  2
   ➡️  revers_short_4H      :  7 positions | Candles:  2
   ➡️  parity_short_4H      : 18 positions | Candles:  2
   ➡️  orderblocks_short_4H :  6 positions | Candles:  2
   ➡️  orderblocks_long_4H  :  1 positions | Candles:  2
   ➡️  revers_long_6Hutc    :  1 positions | Candles:  1
   ➡️  revers_short_6Hutc   : 11 positions | Candles:  1
   ➡️  parity_long_6Hutc    :  4 positions | Candles:  1
   ➡️  revers_long_1H       :  1 positions | Candles:  7
   ➡️  parity_long_1H       :  4 positions | Candles:  7
   ➡️  parity_short_1H      :  4 positions | Candles:  7
   ➡️  revers_short_1H      :  1 positions | Candles:  5
✅ State loaded successfully

[1;94m🪪 Validating strategy configuration...[0m
[1;94m--------------------------------------------[0m
   🆗 Val 1: All strategy names implemented
   🆗 Val 2: All directions coherent with names
   🆗 Val 3: All timeframes coherent with names
   🆗 Val 4: All order amounts in range (40-100)
   🆗 Val 5: All strategies required parameters
   🆗 Val 6: All TP/SL % within valid ranges (1.5 - 10)
   🆗 Val 7: All strategy IDs unique
   🆗 Val 8: All sell_after_ncandles ok (45-55)
   🆗 Val 9: All strategies names + TF are unique.
   🆗 Val 10: All strategy names unique
   🆗 Val 12: All TF are valid
✅ All strategies validated successfully


[1;94m🔢 Operative Strategies: 14 [0m
[1;94m--------------------------------------------[0m
🔹 Strategy double_top_long_4H (4H): 32 symbols
🔹 Strategy revers_long_4H     (4H): 32 symbols
🔹 Strategy parity_long_4H     (4H):  5 symbols
🔹 Strategy revers_short_4H    (4H): 32 symbols
🔹 Strategy parity_short_4H    (4H): 32 symbols
🔹 Strategy revers_long_1H     (1H):  6 symbols
🔹 Strategy revers_short_1H    (1H):  6 symbols
🔹 Strategy revers_long_6Hutc  (6Hutc): 15 symbols
🔹 Strategy revers_short_6Hutc (6Hutc): 15 symbols
🔹 Strategy parity_long_1H     (1H):  6 symbols
🔹 Strategy parity_short_1H    (1H):  6 symbols
🔹 Strategy parity_long_6Hutc  (6Hutc): 15 symbols
🔹 Strategy orderblocks_short_4H (4H): 32 symbols
🔹 Strategy orderblocks_long_4H (4H): 32 symbols

➡️  Detected timeframes: 6Hutc, 4H, 1H
   🔹 6Hutc: revers_long_6Hutc, revers_short_6Hutc, parity_long_6Hutc
   🔹 4H: double_top_long_4H, revers_long_4H, parity_long_4H, revers_short_4H, parity_short_4H, orderblocks_short_4H, orderblocks_long_4H
   🔹 1H: revers_long_1H, revers_short_1H, parity_long_1H, parity_short_1H

✅ BOT Initialization completed


[1;94m🌐 Starting Web...[0m
[1;94m--------------------------------------------[0m
❌ WebSocket manager not initialized for balance check
⚠️No PnL - HYPEUSDT: WebSocket manager not initialized
⚠️No PnL - ZENUSDT: WebSocket manager not initialized
⚠️No PnL - APTUSDT: WebSocket manager not initialized
⚠️No PnL - ARBUSDT: WebSocket manager not initialized
⚠️No PnL - AVAXUSDT: WebSocket manager not initialized
⚠️No PnL - ENAUSDT: WebSocket manager not initialized
⚠️No PnL - FETUSDT: WebSocket manager not initialized
⚠️No PnL - FORMUSDT: WebSocket manager not initialized
⚠️No PnL - HBARUSDT: WebSocket manager not initialized
⚠️No PnL - HYPEUSDT: WebSocket manager not initialized
⚠️No PnL - LTCUSDT: WebSocket manager not initialized
⚠️No PnL - NEARUSDT: WebSocket manager not initialized
⚠️No PnL - SNXUSDT: WebSocket manager not initialized
⚠️No PnL - BGBUSDT: WebSocket manager not initialized
⚠️No PnL - BTCUSDT: WebSocket manager not initialized
⚠️No PnL - LINKUSDT: WebSocket manager not initialized
⚠️No PnL - ONDOUSDT: WebSocket manager not initialized
⚠️No PnL - PENGUUSDT: WebSocket manager not initialized
⚠️No PnL - TAOUSDT: WebSocket manager not initialized
⚠️No PnL - XRPUSDT: WebSocket manager not initialized
⚠️No PnL - 1000BONKUSDT: WebSocket manager not initialized
⚠️No PnL - AAVEUSDT: WebSocket manager not initialized
⚠️No PnL - ADAUSDT: WebSocket manager not initialized
⚠️No PnL - BGBUSDT: WebSocket manager not initialized
⚠️No PnL - BNBUSDT: WebSocket manager not initialized
⚠️No PnL - BTCUSDT: WebSocket manager not initialized
⚠️No PnL - DOGEUSDT: WebSocket manager not initialized
⚠️No PnL - DOTUSDT: WebSocket manager not initialized
⚠️No PnL - ETHUSDT: WebSocket manager not initialized
⚠️No PnL - LINKUSDT: WebSocket manager not initialized
⚠️No PnL - ONDOUSDT: WebSocket manager not initialized
⚠️No PnL - PENGUUSDT: WebSocket manager not initialized
⚠️No PnL - SOLUSDT: WebSocket manager not initialized
⚠️No PnL - SUIUSDT: WebSocket manager not initialized
⚠️No PnL - TAOUSDT: WebSocket manager not initialized
⚠️No PnL - WIFUSDT: WebSocket manager not initialized
⚠️No PnL - WLDUSDT: WebSocket manager not initialized
⚠️No PnL - XRPUSDT: WebSocket manager not initialized
⚠️No PnL - DOGEUSDT: WebSocket manager not initialized
⚠️No PnL - LINKUSDT: WebSocket manager not initialized
⚠️No PnL - ONDOUSDT: WebSocket manager not initialized
⚠️No PnL - SUIUSDT: WebSocket manager not initialized
⚠️No PnL - WIFUSDT: WebSocket manager not initialized
⚠️No PnL - XRPUSDT: WebSocket manager not initialized
⚠️No PnL - APTUSDT: WebSocket manager not initialized
⚠️No PnL - HYPEUSDT: WebSocket manager not initialized
⚠️No PnL - ADAUSDT: WebSocket manager not initialized
⚠️No PnL - BNBUSDT: WebSocket manager not initialized
⚠️No PnL - BTCUSDT: WebSocket manager not initialized
⚠️No PnL - DOGEUSDT: WebSocket manager not initialized
⚠️No PnL - ETHUSDT: WebSocket manager not initialized
⚠️No PnL - LINKUSDT: WebSocket manager not initialized
⚠️No PnL - SOLUSDT: WebSocket manager not initialized
⚠️No PnL - SUIUSDT: WebSocket manager not initialized
⚠️No PnL - TAOUSDT: WebSocket manager not initialized
⚠️No PnL - WLDUSDT: WebSocket manager not initialized
⚠️No PnL - XRPUSDT: WebSocket manager not initialized
⚠️No PnL - ENAUSDT: WebSocket manager not initialized
⚠️No PnL - HBARUSDT: WebSocket manager not initialized
⚠️No PnL - HYPEUSDT: WebSocket manager not initialized
⚠️No PnL - MLNUSDT: WebSocket manager not initialized
⚠️No PnL - XRPUSDT: WebSocket manager not initialized
⚠️No PnL - BNBUSDT: WebSocket manager not initialized
⚠️No PnL - DOGEUSDT: WebSocket manager not initialized
⚠️No PnL - SOLUSDT: WebSocket manager not initialized
⚠️No PnL - XRPUSDT: WebSocket manager not initialized
⚠️No PnL - BTCUSDT: WebSocket manager not initialized
⚠️No PnL - DOGEUSDT: WebSocket manager not initialized
⚠️No PnL - ETHUSDT: WebSocket manager not initialized
⚠️No PnL - XRPUSDT: WebSocket manager not initialized
⚠️No PnL - XRPUSDT: WebSocket manager not initialized

[1;94m🌐 Dashboard Web Started[0m
─────────────────────────────────────────────
📊 Local:   http://localhost:5000
🔗 Network: http://127.0.0.1:5000
🌍 LAN:     http://<your-ip>:5000
─────────────────────────────────────────────

✅ Bot monitoring active - Check dashboard at http://localhost:5000

[1;94m📱 Init  WebSocket...[0m
[1;94m--------------------------------------------[0m
[0;92m🔌 PUBLIC  WS connected [2025-12-27 20:13:45 UTC][0m
⏳ Waiting for equity data from WebSocket...
[0;92m🔌 PRIVATE WS connected [2025-12-27 20:13:45 UTC][0m
➡️  WebSocket status:
  - Public WS    : ✅ Connected
  - Private WS   : ✅ Connected
  - Authenticated: ⚠️  No
🛜 Subscribing to 5 private channels...
🆗 orders
🆗 fill
🆗 positions
🆗 account
🆗 equity
✅ WS authentication successful
📦 Pre-loading contract for 33 symbols
[0;36m✅ Pre-loaded 33/33 contracts[0m


[1;94m🔜 Candles incoming:  [0m
[1;94m--------------------------------------------[0m
Next for 6Hutc : 2025-12-28 00:00:45 UTC
Next for 4H    : 2025-12-28 00:00:45 UTC
Next for 1H    : 2025-12-27 21:00:45 UTC

🎯 Setting active strategies from command line: ['double_top_long_4H', 'revers_long_4H', 'parity_long_4H', 'revers_short_4H', 'parity_short_4H', 'revers_long_1H', 'revers_short_1H', 'revers_long_6Hutc', 'revers_short_6Hutc', 'parity_long_1H', 'parity_short_1H', 'parity_long_6Hutc', 'orderblocks_short_4H', 'orderblocks_long_4H']
[1;94m============================================[0m
[1;94m🤖 STARTING BOT IN ACCOUNT: 00 🤖[0m
[1;94m============================================[0m
[1;94m🗃️  Loading BOT state...[0m
🔄 Total positions recovered: 71
[1;94m--------------------[0m
   ➡️  double_top_long_4H   :  2 positions | Candles:  2
   ➡️  revers_long_4H       : 11 positions | Candles:  2
   ➡️  revers_short_4H      :  7 positions | Candles:  2
   ➡️  parity_short_4H      : 18 positions | Candles:  2
   ➡️  orderblocks_short_4H :  6 positions | Candles:  2
   ➡️  orderblocks_long_4H  :  1 positions | Candles:  2
   ➡️  revers_long_6Hutc    :  1 positions | Candles:  1
   ➡️  revers_short_6Hutc   : 11 positions | Candles:  1
   ➡️  parity_long_6Hutc    :  4 positions | Candles:  1
   ➡️  revers_long_1H       :  1 positions | Candles:  7
   ➡️  parity_long_1H       :  4 positions | Candles:  7
   ➡️  parity_short_1H      :  4 positions | Candles:  7
   ➡️  revers_short_1H      :  1 positions | Candles:  5
✅ State loaded successfully

[1;94m🪪 Validating strategy configuration...[0m
[1;94m--------------------------------------------[0m
   🆗 Val 1: All strategy names implemented
   🆗 Val 2: All directions coherent with names
   🆗 Val 3: All timeframes coherent with names
   🆗 Val 4: All order amounts in range (40-100)
   🆗 Val 5: All strategies required parameters
   🆗 Val 6: All TP/SL % within valid ranges (1.5 - 10)
   🆗 Val 7: All strategy IDs unique
   🆗 Val 8: All sell_after_ncandles ok (45-55)
   🆗 Val 9: All strategies names + TF are unique.
   🆗 Val 10: All strategy names unique
   🆗 Val 12: All TF are valid
✅ All strategies validated successfully


[1;94m🔢 Operative Strategies: 14 [0m
[1;94m--------------------------------------------[0m
🔹 Strategy double_top_long_4H (4H): 32 symbols
🔹 Strategy revers_long_4H     (4H): 32 symbols
🔹 Strategy parity_long_4H     (4H):  5 symbols
🔹 Strategy revers_short_4H    (4H): 32 symbols
🔹 Strategy parity_short_4H    (4H): 32 symbols
🔹 Strategy revers_long_1H     (1H):  6 symbols
🔹 Strategy revers_short_1H    (1H):  6 symbols
🔹 Strategy revers_long_6Hutc  (6Hutc): 15 symbols
🔹 Strategy revers_short_6Hutc (6Hutc): 15 symbols
🔹 Strategy parity_long_1H     (1H):  6 symbols
🔹 Strategy parity_short_1H    (1H):  6 symbols
🔹 Strategy parity_long_6Hutc  (6Hutc): 15 symbols
🔹 Strategy orderblocks_short_4H (4H): 32 symbols
🔹 Strategy orderblocks_long_4H (4H): 32 symbols

➡️  Detected timeframes: 6Hutc, 1H, 4H
   🔹 6Hutc: revers_long_6Hutc, revers_short_6Hutc, parity_long_6Hutc
   🔹 1H: revers_long_1H, revers_short_1H, parity_long_1H, parity_short_1H
   🔹 4H: double_top_long_4H, revers_long_4H, parity_long_4H, revers_short_4H, parity_short_4H, orderblocks_short_4H, orderblocks_long_4H

✅ BOT Initialization completed


[1;94m🌐 Starting Web...[0m
[1;94m--------------------------------------------[0m
❌ WebSocket manager not initialized for balance check
⚠️No PnL - HYPEUSDT: WebSocket manager not initialized
⚠️No PnL - ZENUSDT: WebSocket manager not initialized
⚠️No PnL - APTUSDT: WebSocket manager not initialized
⚠️No PnL - ARBUSDT: WebSocket manager not initialized
⚠️No PnL - AVAXUSDT: WebSocket manager not initialized
⚠️No PnL - ENAUSDT: WebSocket manager not initialized
⚠️No PnL - FETUSDT: WebSocket manager not initialized
⚠️No PnL - FORMUSDT: WebSocket manager not initialized
⚠️No PnL - HBARUSDT: WebSocket manager not initialized
⚠️No PnL - HYPEUSDT: WebSocket manager not initialized
⚠️No PnL - LTCUSDT: WebSocket manager not initialized
⚠️No PnL - NEARUSDT: WebSocket manager not initialized
⚠️No PnL - SNXUSDT: WebSocket manager not initialized
⚠️No PnL - BGBUSDT: WebSocket manager not initialized
⚠️No PnL - BTCUSDT: WebSocket manager not initialized
⚠️No PnL - LINKUSDT: WebSocket manager not initialized
⚠️No PnL - ONDOUSDT: WebSocket manager not initialized
⚠️No PnL - PENGUUSDT: WebSocket manager not initialized
⚠️No PnL - TAOUSDT: WebSocket manager not initialized
⚠️No PnL - XRPUSDT: WebSocket manager not initialized
⚠️No PnL - 1000BONKUSDT: WebSocket manager not initialized
⚠️No PnL - AAVEUSDT: WebSocket manager not initialized
⚠️No PnL - ADAUSDT: WebSocket manager not initialized
⚠️No PnL - BGBUSDT: WebSocket manager not initialized
⚠️No PnL - BNBUSDT: WebSocket manager not initialized
⚠️No PnL - BTCUSDT: WebSocket manager not initialized
⚠️No PnL - DOGEUSDT: WebSocket manager not initialized
⚠️No PnL - DOTUSDT: WebSocket manager not initialized
⚠️No PnL - ETHUSDT: WebSocket manager not initialized
⚠️No PnL - LINKUSDT: WebSocket manager not initialized
⚠️No PnL - ONDOUSDT: WebSocket manager not initialized
⚠️No PnL - PENGUUSDT: WebSocket manager not initialized
⚠️No PnL - SOLUSDT: WebSocket manager not initialized
⚠️No PnL - SUIUSDT: WebSocket manager not initialized
⚠️No PnL - TAOUSDT: WebSocket manager not initialized
⚠️No PnL - WIFUSDT: WebSocket manager not initialized
⚠️No PnL - WLDUSDT: WebSocket manager not initialized
⚠️No PnL - XRPUSDT: WebSocket manager not initialized
⚠️No PnL - DOGEUSDT: WebSocket manager not initialized
⚠️No PnL - LINKUSDT: WebSocket manager not initialized
⚠️No PnL - ONDOUSDT: WebSocket manager not initialized
⚠️No PnL - SUIUSDT: WebSocket manager not initialized
⚠️No PnL - WIFUSDT: WebSocket manager not initialized
⚠️No PnL - XRPUSDT: WebSocket manager not initialized
⚠️No PnL - APTUSDT: WebSocket manager not initialized
⚠️No PnL - HYPEUSDT: WebSocket manager not initialized
⚠️No PnL - ADAUSDT: WebSocket manager not initialized
⚠️No PnL - BNBUSDT: WebSocket manager not initialized
⚠️No PnL - BTCUSDT: WebSocket manager not initialized
⚠️No PnL - DOGEUSDT: WebSocket manager not initialized
⚠️No PnL - ETHUSDT: WebSocket manager not initialized
⚠️No PnL - LINKUSDT: WebSocket manager not initialized
⚠️No PnL - SOLUSDT: WebSocket manager not initialized
⚠️No PnL - SUIUSDT: WebSocket manager not initialized
⚠️No PnL - TAOUSDT: WebSocket manager not initialized
⚠️No PnL - WLDUSDT: WebSocket manager not initialized
⚠️No PnL - XRPUSDT: WebSocket manager not initialized
⚠️No PnL - ENAUSDT: WebSocket manager not initialized
⚠️No PnL - HBARUSDT: WebSocket manager not initialized
⚠️No PnL - HYPEUSDT: WebSocket manager not initialized
⚠️No PnL - MLNUSDT: WebSocket manager not initialized
⚠️No PnL - XRPUSDT: WebSocket manager not initialized
⚠️No PnL - BNBUSDT: WebSocket manager not initialized
⚠️No PnL - DOGEUSDT: WebSocket manager not initialized
⚠️No PnL - SOLUSDT: WebSocket manager not initialized
⚠️No PnL - XRPUSDT: WebSocket manager not initialized
⚠️No PnL - BTCUSDT: WebSocket manager not initialized
⚠️No PnL - DOGEUSDT: WebSocket manager not initialized
⚠️No PnL - ETHUSDT: WebSocket manager not initialized
⚠️No PnL - XRPUSDT: WebSocket manager not initialized
⚠️No PnL - XRPUSDT: WebSocket manager not initialized

[1;94m🌐 Dashboard Web Started[0m
─────────────────────────────────────────────
📊 Local:   http://localhost:5000
🔗 Network: http://127.0.0.1:5000
🌍 LAN:     http://<your-ip>:5000
─────────────────────────────────────────────

✅ Bot monitoring active - Check dashboard at http://localhost:5000

[1;94m📱 Init  WebSocket...[0m
[1;94m--------------------------------------------[0m
⏳ Waiting for equity data from WebSocket...
[0;92m🔌 PRIVATE WS connected [2025-12-27 20:18:49 UTC][0m
⚠️ Cant subs to HYPEUSDT - Public WS not conne.
[0;92m🔌 PUBLIC  WS connected [2025-12-27 20:18:49 UTC][0m
➡️  WebSocket status:
  - Public WS    : ✅ Connected
  - Private WS   : ✅ Connected
  - Authenticated: ⚠️  No
🛜 Subscribing to 5 private channels...
🆗 orders
🆗 fill
🆗 positions
🆗 account
🆗 equity
✅ WS authentication successful
📦 Pre-loading contract for 33 symbols
⚠️No PnL - ONDOUSDT: No price - ONDOUSDT
[0;36m✅ Pre-loaded 33/33 contracts[0m


[1;94m🔜 Candles incoming:  [0m
[1;94m--------------------------------------------[0m
Next for 6Hutc : 2025-12-28 00:00:45 UTC
Next for 1H    : 2025-12-27 21:00:45 UTC
Next for 4H    : 2025-12-28 00:00:45 UTC

🎯 Setting active strategies from command line: ['double_top_long_4H', 'revers_long_4H', 'parity_long_4H', 'revers_short_4H', 'parity_short_4H', 'revers_long_1H', 'revers_short_1H', 'revers_long_6Hutc', 'revers_short_6Hutc', 'parity_long_1H', 'parity_short_1H', 'parity_long_6Hutc', 'orderblocks_short_4H', 'orderblocks_long_4H']
[1;94m============================================[0m
[1;94m🤖 STARTING BOT IN ACCOUNT: 00 🤖[0m
[1;94m============================================[0m
[1;94m🗃️  Loading BOT state...[0m
🔄 Total positions recovered: 71
[1;94m--------------------[0m
   ➡️  double_top_long_4H   :  2 positions | Candles:  2
   ➡️  revers_long_4H       : 11 positions | Candles:  2
   ➡️  revers_short_4H      :  7 positions | Candles:  2
   ➡️  parity_short_4H      : 18 positions | Candles:  2
   ➡️  orderblocks_short_4H :  6 positions | Candles:  2
   ➡️  orderblocks_long_4H  :  1 positions | Candles:  2
   ➡️  revers_long_6Hutc    :  1 positions | Candles:  1
   ➡️  revers_short_6Hutc   : 11 positions | Candles:  1
   ➡️  parity_long_6Hutc    :  4 positions | Candles:  1
   ➡️  revers_long_1H       :  1 positions | Candles:  7
   ➡️  parity_long_1H       :  4 positions | Candles:  7
   ➡️  parity_short_1H      :  4 positions | Candles:  7
   ➡️  revers_short_1H      :  1 positions | Candles:  5
✅ State loaded successfully

[1;94m🪪 Validating strategy configuration...[0m
[1;94m--------------------------------------------[0m
   🆗 Val 1: All strategy names implemented
   🆗 Val 2: All directions coherent with names
   🆗 Val 3: All timeframes coherent with names
   🆗 Val 4: All order amounts in range (40-100)
   🆗 Val 5: All strategies required parameters
   🆗 Val 6: All TP/SL % within valid ranges (1.5 - 10)
   🆗 Val 7: All strategy IDs unique
   🆗 Val 8: All sell_after_ncandles ok (45-55)
   🆗 Val 9: All strategies names + TF are unique.
   🆗 Val 10: All strategy names unique
   🆗 Val 12: All TF are valid
✅ All strategies validated successfully


[1;94m🔢 Operative Strategies: 14 [0m
[1;94m--------------------------------------------[0m
🔹 Strategy double_top_long_4H (4H): 32 symbols
🔹 Strategy revers_long_4H     (4H): 32 symbols
🔹 Strategy parity_long_4H     (4H):  5 symbols
🔹 Strategy revers_short_4H    (4H): 32 symbols
🔹 Strategy parity_short_4H    (4H): 32 symbols
🔹 Strategy revers_long_1H     (1H):  6 symbols
🔹 Strategy revers_short_1H    (1H):  6 symbols
🔹 Strategy revers_long_6Hutc  (6Hutc): 15 symbols
🔹 Strategy revers_short_6Hutc (6Hutc): 15 symbols
🔹 Strategy parity_long_1H     (1H):  6 symbols
🔹 Strategy parity_short_1H    (1H):  6 symbols
🔹 Strategy parity_long_6Hutc  (6Hutc): 15 symbols
🔹 Strategy orderblocks_short_4H (4H): 32 symbols
🔹 Strategy orderblocks_long_4H (4H): 32 symbols

➡️  Detected timeframes: 1H, 6Hutc, 4H
   🔹 1H: revers_long_1H, revers_short_1H, parity_long_1H, parity_short_1H
   🔹 6Hutc: revers_long_6Hutc, revers_short_6Hutc, parity_long_6Hutc
   🔹 4H: double_top_long_4H, revers_long_4H, parity_long_4H, revers_short_4H, parity_short_4H, orderblocks_short_4H, orderblocks_long_4H

✅ BOT Initialization completed


[1;94m🌐 Starting Web...[0m
[1;94m--------------------------------------------[0m
❌ WebSocket manager not initialized for balance check
⚠️No PnL - HYPEUSDT: WebSocket manager not initialized
⚠️No PnL - ZENUSDT: WebSocket manager not initialized
⚠️No PnL - APTUSDT: WebSocket manager not initialized
⚠️No PnL - ARBUSDT: WebSocket manager not initialized
⚠️No PnL - AVAXUSDT: WebSocket manager not initialized
⚠️No PnL - ENAUSDT: WebSocket manager not initialized
⚠️No PnL - FETUSDT: WebSocket manager not initialized
⚠️No PnL - FORMUSDT: WebSocket manager not initialized
⚠️No PnL - HBARUSDT: WebSocket manager not initialized
⚠️No PnL - HYPEUSDT: WebSocket manager not initialized
⚠️No PnL - LTCUSDT: WebSocket manager not initialized
⚠️No PnL - NEARUSDT: WebSocket manager not initialized
⚠️No PnL - SNXUSDT: WebSocket manager not initialized
⚠️No PnL - BGBUSDT: WebSocket manager not initialized
⚠️No PnL - BTCUSDT: WebSocket manager not initialized
⚠️No PnL - LINKUSDT: WebSocket manager not initialized
⚠️No PnL - ONDOUSDT: WebSocket manager not initialized
⚠️No PnL - PENGUUSDT: WebSocket manager not initialized
⚠️No PnL - TAOUSDT: WebSocket manager not initialized
⚠️No PnL - XRPUSDT: WebSocket manager not initialized
⚠️No PnL - 1000BONKUSDT: WebSocket manager not initialized
⚠️No PnL - AAVEUSDT: WebSocket manager not initialized
⚠️No PnL - ADAUSDT: WebSocket manager not initialized
⚠️No PnL - BGBUSDT: WebSocket manager not initialized
⚠️No PnL - BNBUSDT: WebSocket manager not initialized
⚠️No PnL - BTCUSDT: WebSocket manager not initialized
⚠️No PnL - DOGEUSDT: WebSocket manager not initialized
⚠️No PnL - DOTUSDT: WebSocket manager not initialized
⚠️No PnL - ETHUSDT: WebSocket manager not initialized
⚠️No PnL - LINKUSDT: WebSocket manager not initialized
⚠️No PnL - ONDOUSDT: WebSocket manager not initialized
⚠️No PnL - PENGUUSDT: WebSocket manager not initialized
⚠️No PnL - SOLUSDT: WebSocket manager not initialized
⚠️No PnL - SUIUSDT: WebSocket manager not initialized
⚠️No PnL - TAOUSDT: WebSocket manager not initialized
⚠️No PnL - WIFUSDT: WebSocket manager not initialized
⚠️No PnL - WLDUSDT: WebSocket manager not initialized
⚠️No PnL - XRPUSDT: WebSocket manager not initialized
⚠️No PnL - DOGEUSDT: WebSocket manager not initialized
⚠️No PnL - LINKUSDT: WebSocket manager not initialized
⚠️No PnL - ONDOUSDT: WebSocket manager not initialized
⚠️No PnL - SUIUSDT: WebSocket manager not initialized
⚠️No PnL - WIFUSDT: WebSocket manager not initialized
⚠️No PnL - XRPUSDT: WebSocket manager not initialized
⚠️No PnL - APTUSDT: WebSocket manager not initialized
⚠️No PnL - HYPEUSDT: WebSocket manager not initialized
⚠️No PnL - ADAUSDT: WebSocket manager not initialized
⚠️No PnL - BNBUSDT: WebSocket manager not initialized
⚠️No PnL - BTCUSDT: WebSocket manager not initialized
⚠️No PnL - DOGEUSDT: WebSocket manager not initialized
⚠️No PnL - ETHUSDT: WebSocket manager not initialized
⚠️No PnL - LINKUSDT: WebSocket manager not initialized
⚠️No PnL - SOLUSDT: WebSocket manager not initialized
⚠️No PnL - SUIUSDT: WebSocket manager not initialized
⚠️No PnL - TAOUSDT: WebSocket manager not initialized
⚠️No PnL - WLDUSDT: WebSocket manager not initialized
⚠️No PnL - XRPUSDT: WebSocket manager not initialized
⚠️No PnL - ENAUSDT: WebSocket manager not initialized
⚠️No PnL - HBARUSDT: WebSocket manager not initialized
⚠️No PnL - HYPEUSDT: WebSocket manager not initialized
⚠️No PnL - MLNUSDT: WebSocket manager not initialized
⚠️No PnL - XRPUSDT: WebSocket manager not initialized
⚠️No PnL - BNBUSDT: WebSocket manager not initialized
⚠️No PnL - DOGEUSDT: WebSocket manager not initialized
⚠️No PnL - SOLUSDT: WebSocket manager not initialized
⚠️No PnL - XRPUSDT: WebSocket manager not initialized
⚠️No PnL - BTCUSDT: WebSocket manager not initialized
⚠️No PnL - DOGEUSDT: WebSocket manager not initialized
⚠️No PnL - ETHUSDT: WebSocket manager not initialized
⚠️No PnL - XRPUSDT: WebSocket manager not initialized
⚠️No PnL - XRPUSDT: WebSocket manager not initialized

[1;94m🌐 Dashboard Web Started[0m
─────────────────────────────────────────────
📊 Local:   http://localhost:5000
🔗 Network: http://127.0.0.1:5000
🌍 LAN:     http://<your-ip>:5000
─────────────────────────────────────────────

✅ Bot monitoring active - Check dashboard at http://localhost:5000

[1;94m📱 Init  WebSocket...[0m
[1;94m--------------------------------------------[0m
[0;92m🔌 PUBLIC  WS connected [2025-12-27 20:24:14 UTC][0m
⏳ Waiting for equity data from WebSocket...
[0;92m🔌 PRIVATE WS connected [2025-12-27 20:24:15 UTC][0m
➡️  WebSocket status:
  - Public WS    : ✅ Connected
  - Private WS   : ✅ Connected
  - Authenticated: ⚠️  No
🛜 Subscribing to 5 private channels...
🆗 orders
🆗 fill
🆗 positions
🆗 account
🆗 equity
✅ WS authentication successful
📦 Pre-loading contract for 33 symbols
[0;36m✅ Pre-loaded 33/33 contracts[0m


[1;94m🔜 Candles incoming:  [0m
[1;94m--------------------------------------------[0m
Next for 1H    : 2025-12-27 21:00:45 UTC
Next for 6Hutc : 2025-12-28 00:00:45 UTC
Next for 4H    : 2025-12-28 00:00:45 UTC

🎯 Setting active strategies from command line: ['double_top_long_4H', 'revers_long_4H', 'parity_long_4H', 'revers_short_4H', 'parity_short_4H', 'revers_long_1H', 'revers_short_1H', 'revers_long_6Hutc', 'revers_short_6Hutc', 'parity_long_1H', 'parity_short_1H', 'parity_long_6Hutc', 'orderblocks_short_4H', 'orderblocks_long_4H']
[1;94m============================================[0m
[1;94m🤖 STARTING BOT IN ACCOUNT: 00 🤖[0m
[1;94m============================================[0m
[1;94m🗃️  Loading BOT state...[0m
🔄 Total positions recovered: 71
[1;94m--------------------[0m
   ➡️  double_top_long_4H   :  2 positions | Candles:  2
   ➡️  revers_long_4H       : 11 positions | Candles:  2
   ➡️  revers_short_4H      :  7 positions | Candles:  2
   ➡️  parity_short_4H      : 18 positions | Candles:  2
   ➡️  orderblocks_short_4H :  6 positions | Candles:  2
   ➡️  orderblocks_long_4H  :  1 positions | Candles:  2
   ➡️  revers_long_6Hutc    :  1 positions | Candles:  1
   ➡️  revers_short_6Hutc   : 11 positions | Candles:  1
   ➡️  parity_long_6Hutc    :  4 positions | Candles:  1
   ➡️  revers_long_1H       :  1 positions | Candles:  7
   ➡️  parity_long_1H       :  4 positions | Candles:  7
   ➡️  parity_short_1H      :  4 positions | Candles:  7
   ➡️  revers_short_1H      :  1 positions | Candles:  5
✅ State loaded successfully

[1;94m🪪 Validating strategy configuration...[0m
[1;94m--------------------------------------------[0m
   🆗 Val 1: All strategy names implemented
   🆗 Val 2: All directions coherent with names
   🆗 Val 3: All timeframes coherent with names
   🆗 Val 4: All order amounts in range (40-100)
   🆗 Val 5: All strategies required parameters
   🆗 Val 6: All TP/SL % within valid ranges (1.5 - 10)
   🆗 Val 7: All strategy IDs unique
   🆗 Val 8: All sell_after_ncandles ok (45-55)
   🆗 Val 9: All strategies names + TF are unique.
   🆗 Val 10: All strategy names unique
   🆗 Val 12: All TF are valid
✅ All strategies validated successfully


[1;94m🔢 Operative Strategies: 14 [0m
[1;94m--------------------------------------------[0m
🔹 Strategy double_top_long_4H (4H): 32 symbols
🔹 Strategy revers_long_4H     (4H): 32 symbols
🔹 Strategy parity_long_4H     (4H):  5 symbols
🔹 Strategy revers_short_4H    (4H): 32 symbols
🔹 Strategy parity_short_4H    (4H): 32 symbols
🔹 Strategy revers_long_1H     (1H):  6 symbols
🔹 Strategy revers_short_1H    (1H):  6 symbols
🔹 Strategy revers_long_6Hutc  (6Hutc): 15 symbols
🔹 Strategy revers_short_6Hutc (6Hutc): 15 symbols
🔹 Strategy parity_long_1H     (1H):  6 symbols
🔹 Strategy parity_short_1H    (1H):  6 symbols
🔹 Strategy parity_long_6Hutc  (6Hutc): 15 symbols
🔹 Strategy orderblocks_short_4H (4H): 32 symbols
🔹 Strategy orderblocks_long_4H (4H): 32 symbols

➡️  Detected timeframes: 6Hutc, 4H, 1H
   🔹 6Hutc: revers_long_6Hutc, revers_short_6Hutc, parity_long_6Hutc
   🔹 4H: double_top_long_4H, revers_long_4H, parity_long_4H, revers_short_4H, parity_short_4H, orderblocks_short_4H, orderblocks_long_4H
   🔹 1H: revers_long_1H, revers_short_1H, parity_long_1H, parity_short_1H

✅ BOT Initialization completed


[1;94m🌐 Starting Web...[0m
[1;94m--------------------------------------------[0m
❌ WebSocket manager not initialized for balance check
⚠️No PnL - HYPEUSDT: WebSocket manager not initialized
⚠️No PnL - ZENUSDT: WebSocket manager not initialized
⚠️No PnL - APTUSDT: WebSocket manager not initialized
⚠️No PnL - ARBUSDT: WebSocket manager not initialized
⚠️No PnL - AVAXUSDT: WebSocket manager not initialized
⚠️No PnL - ENAUSDT: WebSocket manager not initialized
⚠️No PnL - FETUSDT: WebSocket manager not initialized
⚠️No PnL - FORMUSDT: WebSocket manager not initialized
⚠️No PnL - HBARUSDT: WebSocket manager not initialized
⚠️No PnL - HYPEUSDT: WebSocket manager not initialized
⚠️No PnL - LTCUSDT: WebSocket manager not initialized
⚠️No PnL - NEARUSDT: WebSocket manager not initialized
⚠️No PnL - SNXUSDT: WebSocket manager not initialized
⚠️No PnL - BGBUSDT: WebSocket manager not initialized
⚠️No PnL - BTCUSDT: WebSocket manager not initialized
⚠️No PnL - LINKUSDT: WebSocket manager not initialized
⚠️No PnL - ONDOUSDT: WebSocket manager not initialized
⚠️No PnL - PENGUUSDT: WebSocket manager not initialized
⚠️No PnL - TAOUSDT: WebSocket manager not initialized
⚠️No PnL - XRPUSDT: WebSocket manager not initialized
⚠️No PnL - 1000BONKUSDT: WebSocket manager not initialized
⚠️No PnL - AAVEUSDT: WebSocket manager not initialized
⚠️No PnL - ADAUSDT: WebSocket manager not initialized
⚠️No PnL - BGBUSDT: WebSocket manager not initialized
⚠️No PnL - BNBUSDT: WebSocket manager not initialized
⚠️No PnL - BTCUSDT: WebSocket manager not initialized
⚠️No PnL - DOGEUSDT: WebSocket manager not initialized
⚠️No PnL - DOTUSDT: WebSocket manager not initialized
⚠️No PnL - ETHUSDT: WebSocket manager not initialized
⚠️No PnL - LINKUSDT: WebSocket manager not initialized
⚠️No PnL - ONDOUSDT: WebSocket manager not initialized
⚠️No PnL - PENGUUSDT: WebSocket manager not initialized
⚠️No PnL - SOLUSDT: WebSocket manager not initialized
⚠️No PnL - SUIUSDT: WebSocket manager not initialized
⚠️No PnL - TAOUSDT: WebSocket manager not initialized
⚠️No PnL - WIFUSDT: WebSocket manager not initialized
⚠️No PnL - WLDUSDT: WebSocket manager not initialized
⚠️No PnL - XRPUSDT: WebSocket manager not initialized
⚠️No PnL - DOGEUSDT: WebSocket manager not initialized
⚠️No PnL - LINKUSDT: WebSocket manager not initialized
⚠️No PnL - ONDOUSDT: WebSocket manager not initialized
⚠️No PnL - SUIUSDT: WebSocket manager not initialized
⚠️No PnL - WIFUSDT: WebSocket manager not initialized
⚠️No PnL - XRPUSDT: WebSocket manager not initialized
⚠️No PnL - APTUSDT: WebSocket manager not initialized
⚠️No PnL - HYPEUSDT: WebSocket manager not initialized
⚠️No PnL - ADAUSDT: WebSocket manager not initialized
⚠️No PnL - BNBUSDT: WebSocket manager not initialized
⚠️No PnL - BTCUSDT: WebSocket manager not initialized
⚠️No PnL - DOGEUSDT: WebSocket manager not initialized
⚠️No PnL - ETHUSDT: WebSocket manager not initialized
⚠️No PnL - LINKUSDT: WebSocket manager not initialized
⚠️No PnL - SOLUSDT: WebSocket manager not initialized
⚠️No PnL - SUIUSDT: WebSocket manager not initialized
⚠️No PnL - TAOUSDT: WebSocket manager not initialized
⚠️No PnL - WLDUSDT: WebSocket manager not initialized
⚠️No PnL - XRPUSDT: WebSocket manager not initialized
⚠️No PnL - ENAUSDT: WebSocket manager not initialized
⚠️No PnL - HBARUSDT: WebSocket manager not initialized
⚠️No PnL - HYPEUSDT: WebSocket manager not initialized
⚠️No PnL - MLNUSDT: WebSocket manager not initialized
⚠️No PnL - XRPUSDT: WebSocket manager not initialized
⚠️No PnL - BNBUSDT: WebSocket manager not initialized
⚠️No PnL - DOGEUSDT: WebSocket manager not initialized
⚠️No PnL - SOLUSDT: WebSocket manager not initialized
⚠️No PnL - XRPUSDT: WebSocket manager not initialized
⚠️No PnL - BTCUSDT: WebSocket manager not initialized
⚠️No PnL - DOGEUSDT: WebSocket manager not initialized
⚠️No PnL - ETHUSDT: WebSocket manager not initialized
⚠️No PnL - XRPUSDT: WebSocket manager not initialized
⚠️No PnL - XRPUSDT: WebSocket manager not initialized

[1;94m🌐 Dashboard Web Started[0m
─────────────────────────────────────────────
📊 Local:   http://localhost:5000
🔗 Network: http://127.0.0.1:5000
🌍 LAN:     http://<your-ip>:5000
─────────────────────────────────────────────

✅ Bot monitoring active - Check dashboard at http://localhost:5000

[1;94m📱 Init  WebSocket...[0m
[1;94m--------------------------------------------[0m
⏳ Waiting for equity data from WebSocket...
⚠️ Cant subs to HYPEUSDT - Public WS not conne.
[0;92m🔌 PRIVATE WS connected [2025-12-27 20:31:41 UTC][0m
[0;92m🔌 PUBLIC  WS connected [2025-12-27 20:31:41 UTC][0m
➡️  WebSocket status:
  - Public WS    : ✅ Connected
  - Private WS   : ✅ Connected
  - Authenticated: ⚠️  No
🛜 Subscribing to 5 private channels...
🆗 orders
🆗 fill
🆗 positions
🆗 account
🆗 equity
✅ WS authentication successful
📦 Pre-loading contract for 33 symbols
[0;36m✅ Pre-loaded 33/33 contracts[0m


[1;94m🔜 Candles incoming:  [0m
[1;94m--------------------------------------------[0m
Next for 6Hutc : 2025-12-28 00:00:45 UTC
Next for 4H    : 2025-12-28 00:00:45 UTC
Next for 1H    : 2025-12-27 21:00:45 UTC

🎯 Setting active strategies from command line: ['double_top_long_4H', 'revers_long_4H', 'parity_long_4H', 'revers_short_4H', 'parity_short_4H', 'revers_long_1H', 'revers_short_1H', 'revers_long_6Hutc', 'revers_short_6Hutc', 'parity_long_1H', 'parity_short_1H', 'parity_long_6Hutc', 'orderblocks_short_4H', 'orderblocks_long_4H']
[1;94m============================================[0m
[1;94m🤖 STARTING BOT IN ACCOUNT: 00 🤖[0m
[1;94m============================================[0m
[1;94m🗃️  Loading BOT state...[0m
🔄 Total positions recovered: 71
[1;94m--------------------[0m
   ➡️  double_top_long_4H   :  2 positions | Candles:  2
   ➡️  revers_long_4H       : 11 positions | Candles:  2
   ➡️  revers_short_4H      :  7 positions | Candles:  2
   ➡️  parity_short_4H      : 18 positions | Candles:  2
   ➡️  orderblocks_short_4H :  6 positions | Candles:  2
   ➡️  orderblocks_long_4H  :  1 positions | Candles:  2
   ➡️  revers_long_6Hutc    :  1 positions | Candles:  1
   ➡️  revers_short_6Hutc   : 11 positions | Candles:  1
   ➡️  parity_long_6Hutc    :  4 positions | Candles:  1
   ➡️  revers_long_1H       :  1 positions | Candles:  7
   ➡️  parity_long_1H       :  4 positions | Candles:  7
   ➡️  parity_short_1H      :  4 positions | Candles:  7
   ➡️  revers_short_1H      :  1 positions | Candles:  5
✅ State loaded successfully

[1;94m🪪 Validating strategy configuration...[0m
[1;94m--------------------------------------------[0m
   🆗 Val 1: All strategy names implemented
   🆗 Val 2: All directions coherent with names
   🆗 Val 3: All timeframes coherent with names
   🆗 Val 4: All order amounts in range (40-100)
   🆗 Val 5: All strategies required parameters
   🆗 Val 6: All TP/SL % within valid ranges (1.5 - 10)
   🆗 Val 7: All strategy IDs unique
   🆗 Val 8: All sell_after_ncandles ok (45-55)
   🆗 Val 9: All strategies names + TF are unique.
   🆗 Val 10: All strategy names unique
   🆗 Val 12: All TF are valid
✅ All strategies validated successfully


[1;94m🔢 Operative Strategies: 14 [0m
[1;94m--------------------------------------------[0m
🔹 Strategy double_top_long_4H (4H): 32 symbols
🔹 Strategy revers_long_4H     (4H): 32 symbols
🔹 Strategy parity_long_4H     (4H):  5 symbols
🔹 Strategy revers_short_4H    (4H): 32 symbols
🔹 Strategy parity_short_4H    (4H): 32 symbols
🔹 Strategy revers_long_1H     (1H):  6 symbols
🔹 Strategy revers_short_1H    (1H):  6 symbols
🔹 Strategy revers_long_6Hutc  (6Hutc): 15 symbols
🔹 Strategy revers_short_6Hutc (6Hutc): 15 symbols
🔹 Strategy parity_long_1H     (1H):  6 symbols
🔹 Strategy parity_short_1H    (1H):  6 symbols
🔹 Strategy parity_long_6Hutc  (6Hutc): 15 symbols
🔹 Strategy orderblocks_short_4H (4H): 32 symbols
🔹 Strategy orderblocks_long_4H (4H): 32 symbols

➡️  Detected timeframes: 1H, 4H, 6Hutc
   🔹 1H: revers_long_1H, revers_short_1H, parity_long_1H, parity_short_1H
   🔹 4H: double_top_long_4H, revers_long_4H, parity_long_4H, revers_short_4H, parity_short_4H, orderblocks_short_4H, orderblocks_long_4H
   🔹 6Hutc: revers_long_6Hutc, revers_short_6Hutc, parity_long_6Hutc

✅ BOT Initialization completed


[1;94m🌐 Starting Web...[0m
[1;94m--------------------------------------------[0m

[1;94m🌐 Dashboard Web Started[0m
─────────────────────────────────────────────
📊 Local:   http://localhost:5000
🔗 Network: http://127.0.0.1:5000
🌍 LAN:     http://<your-ip>:5000
─────────────────────────────────────────────

✅ Bot monitoring active - Check dashboard at http://localhost:5000

[1;94m📱 Init  WebSocket...[0m
[1;94m--------------------------------------------[0m
⏳ Waiting for equity data from WebSocket...
⚠️ Cant subs to HYPEUSDT - Public WS not conne.
[0;92m🔌 PRIVATE WS connected [2025-12-27 20:34:09 UTC][0m
[0;92m🔌 PUBLIC  WS connected [2025-12-27 20:34:09 UTC][0m
➡️  WebSocket status:
  - Public WS    : ✅ Connected
  - Private WS   : ✅ Connected
  - Authenticated: ⚠️  No
⚠️No PnL - HYPEUSDT: No price - HYPEUSDT
🛜 Subscribing to 5 private channels...
🆗 orders
🆗 fill
🆗 positions
🆗 account
🆗 equity
✅ WS authentication successful
📦 Pre-loading contract for 33 symbols
[0;36m✅ Pre-loaded 33/33 contracts[0m


[1;94m🔜 Candles incoming:  [0m
[1;94m--------------------------------------------[0m
Next for 1H    : 2025-12-27 21:00:45 UTC
Next for 4H    : 2025-12-28 00:00:45 UTC
Next for 6Hutc : 2025-12-28 00:00:45 UTC

🎯 Setting active strategies from command line: ['double_top_long_4H', 'revers_long_4H', 'parity_long_4H', 'revers_short_4H', 'parity_short_4H', 'revers_long_1H', 'revers_short_1H', 'revers_long_6Hutc', 'revers_short_6Hutc', 'parity_long_1H', 'parity_short_1H', 'parity_long_6Hutc', 'orderblocks_short_4H', 'orderblocks_long_4H']
[1;94m============================================[0m
[1;94m🤖 STARTING BOT IN ACCOUNT: 00 🤖[0m
[1;94m============================================[0m
[1;94m🗃️  Loading BOT state...[0m
🔄 Total positions recovered: 71
[1;94m--------------------[0m
   ➡️  double_top_long_4H   :  2 positions | Candles:  2
   ➡️  revers_long_4H       : 11 positions | Candles:  2
   ➡️  revers_short_4H      :  7 positions | Candles:  2
   ➡️  parity_short_4H      : 18 positions | Candles:  2
   ➡️  orderblocks_short_4H :  6 positions | Candles:  2
   ➡️  orderblocks_long_4H  :  1 positions | Candles:  2
   ➡️  revers_long_6Hutc    :  1 positions | Candles:  1
   ➡️  revers_short_6Hutc   : 11 positions | Candles:  1
   ➡️  parity_long_6Hutc    :  4 positions | Candles:  1
   ➡️  revers_long_1H       :  1 positions | Candles:  7
   ➡️  parity_long_1H       :  4 positions | Candles:  7
   ➡️  parity_short_1H      :  4 positions | Candles:  7
   ➡️  revers_short_1H      :  1 positions | Candles:  5
✅ State loaded successfully

[1;94m🪪 Validating strategy configuration...[0m
[1;94m--------------------------------------------[0m
   🆗 Val 1: All strategy names implemented
   🆗 Val 2: All directions coherent with names
   🆗 Val 3: All timeframes coherent with names
   🆗 Val 4: All order amounts in range (40-100)
   🆗 Val 5: All strategies required parameters
   🆗 Val 6: All TP/SL % within valid ranges (1.5 - 10)
   🆗 Val 7: All strategy IDs unique
   🆗 Val 8: All sell_after_ncandles ok (45-55)
   🆗 Val 9: All strategies names + TF are unique.
   🆗 Val 10: All strategy names unique
   🆗 Val 12: All TF are valid
✅ All strategies validated successfully


[1;94m🔢 Operative Strategies: 14 [0m
[1;94m--------------------------------------------[0m
🔹 Strategy double_top_long_4H (4H): 32 symbols
🔹 Strategy revers_long_4H     (4H): 32 symbols
🔹 Strategy parity_long_4H     (4H):  5 symbols
🔹 Strategy revers_short_4H    (4H): 32 symbols
🔹 Strategy parity_short_4H    (4H): 32 symbols
🔹 Strategy revers_long_1H     (1H):  6 symbols
🔹 Strategy revers_short_1H    (1H):  6 symbols
🔹 Strategy revers_long_6Hutc  (6Hutc): 15 symbols
🔹 Strategy revers_short_6Hutc (6Hutc): 15 symbols
🔹 Strategy parity_long_1H     (1H):  6 symbols
🔹 Strategy parity_short_1H    (1H):  6 symbols
🔹 Strategy parity_long_6Hutc  (6Hutc): 15 symbols
🔹 Strategy orderblocks_short_4H (4H): 32 symbols
🔹 Strategy orderblocks_long_4H (4H): 32 symbols

➡️  Detected timeframes: 1H, 6Hutc, 4H
   🔹 1H: revers_long_1H, revers_short_1H, parity_long_1H, parity_short_1H
   🔹 6Hutc: revers_long_6Hutc, revers_short_6Hutc, parity_long_6Hutc
   🔹 4H: double_top_long_4H, revers_long_4H, parity_long_4H, revers_short_4H, parity_short_4H, orderblocks_short_4H, orderblocks_long_4H

✅ BOT Initialization completed


[1;94m🌐 Starting Web...[0m
[1;94m--------------------------------------------[0m
❌ WebSocket manager not initialized for balance check
⚠️No PnL - HYPEUSDT: WebSocket manager not initialized
⚠️No PnL - ZENUSDT: WebSocket manager not initialized
⚠️No PnL - APTUSDT: WebSocket manager not initialized
⚠️No PnL - ARBUSDT: WebSocket manager not initialized
⚠️No PnL - AVAXUSDT: WebSocket manager not initialized
⚠️No PnL - ENAUSDT: WebSocket manager not initialized
⚠️No PnL - FETUSDT: WebSocket manager not initialized
⚠️No PnL - FORMUSDT: WebSocket manager not initialized
⚠️No PnL - HBARUSDT: WebSocket manager not initialized
⚠️No PnL - HYPEUSDT: WebSocket manager not initialized
⚠️No PnL - LTCUSDT: WebSocket manager not initialized
⚠️No PnL - NEARUSDT: WebSocket manager not initialized
⚠️No PnL - SNXUSDT: WebSocket manager not initialized
⚠️No PnL - BGBUSDT: WebSocket manager not initialized
⚠️No PnL - BTCUSDT: WebSocket manager not initialized
⚠️No PnL - LINKUSDT: WebSocket manager not initialized
⚠️No PnL - ONDOUSDT: WebSocket manager not initialized
⚠️No PnL - PENGUUSDT: WebSocket manager not initialized
⚠️No PnL - TAOUSDT: WebSocket manager not initialized
⚠️No PnL - XRPUSDT: WebSocket manager not initialized
⚠️No PnL - 1000BONKUSDT: WebSocket manager not initialized
⚠️No PnL - AAVEUSDT: WebSocket manager not initialized
⚠️No PnL - ADAUSDT: WebSocket manager not initialized
⚠️No PnL - BGBUSDT: WebSocket manager not initialized
⚠️No PnL - BNBUSDT: WebSocket manager not initialized
⚠️No PnL - BTCUSDT: WebSocket manager not initialized
⚠️No PnL - DOGEUSDT: WebSocket manager not initialized
⚠️No PnL - DOTUSDT: WebSocket manager not initialized
⚠️No PnL - ETHUSDT: WebSocket manager not initialized
⚠️No PnL - LINKUSDT: WebSocket manager not initialized
⚠️No PnL - ONDOUSDT: WebSocket manager not initialized
⚠️No PnL - PENGUUSDT: WebSocket manager not initialized
⚠️No PnL - SOLUSDT: WebSocket manager not initialized
⚠️No PnL - SUIUSDT: WebSocket manager not initialized
⚠️No PnL - TAOUSDT: WebSocket manager not initialized
⚠️No PnL - WIFUSDT: WebSocket manager not initialized
⚠️No PnL - WLDUSDT: WebSocket manager not initialized
⚠️No PnL - XRPUSDT: WebSocket manager not initialized
⚠️No PnL - DOGEUSDT: WebSocket manager not initialized
⚠️No PnL - LINKUSDT: WebSocket manager not initialized
⚠️No PnL - ONDOUSDT: WebSocket manager not initialized
⚠️No PnL - SUIUSDT: WebSocket manager not initialized
⚠️No PnL - WIFUSDT: WebSocket manager not initialized
⚠️No PnL - XRPUSDT: WebSocket manager not initialized
⚠️No PnL - APTUSDT: WebSocket manager not initialized
⚠️No PnL - HYPEUSDT: WebSocket manager not initialized
⚠️No PnL - ADAUSDT: WebSocket manager not initialized
⚠️No PnL - BNBUSDT: WebSocket manager not initialized
⚠️No PnL - BTCUSDT: WebSocket manager not initialized
⚠️No PnL - DOGEUSDT: WebSocket manager not initialized
⚠️No PnL - ETHUSDT: WebSocket manager not initialized
⚠️No PnL - LINKUSDT: WebSocket manager not initialized
⚠️No PnL - SOLUSDT: WebSocket manager not initialized
⚠️No PnL - SUIUSDT: WebSocket manager not initialized
⚠️No PnL - TAOUSDT: WebSocket manager not initialized
⚠️No PnL - WLDUSDT: WebSocket manager not initialized
⚠️No PnL - XRPUSDT: WebSocket manager not initialized
⚠️No PnL - ENAUSDT: WebSocket manager not initialized
⚠️No PnL - HBARUSDT: WebSocket manager not initialized
⚠️No PnL - HYPEUSDT: WebSocket manager not initialized
⚠️No PnL - MLNUSDT: WebSocket manager not initialized
⚠️No PnL - XRPUSDT: WebSocket manager not initialized
⚠️No PnL - BNBUSDT: WebSocket manager not initialized
⚠️No PnL - DOGEUSDT: WebSocket manager not initialized
⚠️No PnL - SOLUSDT: WebSocket manager not initialized
⚠️No PnL - XRPUSDT: WebSocket manager not initialized
⚠️No PnL - BTCUSDT: WebSocket manager not initialized
⚠️No PnL - DOGEUSDT: WebSocket manager not initialized
⚠️No PnL - ETHUSDT: WebSocket manager not initialized
⚠️No PnL - XRPUSDT: WebSocket manager not initialized
⚠️No PnL - XRPUSDT: WebSocket manager not initialized

[1;94m🌐 Dashboard Web Started[0m
─────────────────────────────────────────────
📊 Local:   http://localhost:5000
🔗 Network: http://127.0.0.1:5000
🌍 LAN:     http://<your-ip>:5000
─────────────────────────────────────────────

✅ Bot monitoring active - Check dashboard at http://localhost:5000

[1;94m📱 Init  WebSocket...[0m
[1;94m--------------------------------------------[0m
⏳ Waiting for equity data from WebSocket...
⚠️ Cant subs to HYPEUSDT - Public WS not conne.
[0;92m🔌 PRIVATE WS connected [2025-12-27 20:37:17 UTC][0m
[0;92m🔌 PUBLIC  WS connected [2025-12-27 20:37:17 UTC][0m
➡️  WebSocket status:
  - Public WS    : ✅ Connected
  - Private WS   : ✅ Connected
  - Authenticated: ⚠️  No
🛜 Subscribing to 5 private channels...
🆗 orders
🆗 fill
🆗 positions
🆗 account
🆗 equity
✅ WS authentication successful
📦 Pre-loading contract for 33 symbols
[0;36m✅ Pre-loaded 33/33 contracts[0m


[1;94m🔜 Candles incoming:  [0m
[1;94m--------------------------------------------[0m
Next for 1H    : 2025-12-27 21:00:45 UTC
Next for 6Hutc : 2025-12-28 00:00:45 UTC
Next for 4H    : 2025-12-28 00:00:45 UTC

🎯 Setting active strategies from command line: ['double_top_long_4H', 'revers_long_4H', 'parity_long_4H', 'revers_short_4H', 'parity_short_4H', 'revers_long_1H', 'revers_short_1H', 'revers_long_6Hutc', 'revers_short_6Hutc', 'parity_long_1H', 'parity_short_1H', 'parity_long_6Hutc', 'orderblocks_short_4H', 'orderblocks_long_4H']
[1;94m============================================[0m
[1;94m🤖 STARTING BOT IN ACCOUNT: 00 🤖[0m
[1;94m============================================[0m
[1;94m🗃️  Loading BOT state...[0m
🔄 Total positions recovered: 71
[1;94m--------------------[0m
   ➡️  double_top_long_4H   :  2 positions | Candles:  2
   ➡️  revers_long_4H       : 11 positions | Candles:  2
   ➡️  revers_short_4H      :  7 positions | Candles:  2
   ➡️  parity_short_4H      : 18 positions | Candles:  2
   ➡️  orderblocks_short_4H :  6 positions | Candles:  2
   ➡️  orderblocks_long_4H  :  1 positions | Candles:  2
   ➡️  revers_long_6Hutc    :  1 positions | Candles:  1
   ➡️  revers_short_6Hutc   : 11 positions | Candles:  1
   ➡️  parity_long_6Hutc    :  4 positions | Candles:  1
   ➡️  revers_long_1H       :  1 positions | Candles:  7
   ➡️  parity_long_1H       :  4 positions | Candles:  7
   ➡️  parity_short_1H      :  4 positions | Candles:  7
   ➡️  revers_short_1H      :  1 positions | Candles:  5
✅ State loaded successfully

[1;94m🪪 Validating strategy configuration...[0m
[1;94m--------------------------------------------[0m
   🆗 Val 1: All strategy names implemented
   🆗 Val 2: All directions coherent with names
   🆗 Val 3: All timeframes coherent with names
   🆗 Val 4: All order amounts in range (40-100)
   🆗 Val 5: All strategies required parameters
   🆗 Val 6: All TP/SL % within valid ranges (1.5 - 10)
   🆗 Val 7: All strategy IDs unique
   🆗 Val 8: All sell_after_ncandles ok (45-55)
   🆗 Val 9: All strategies names + TF are unique.
   🆗 Val 10: All strategy names unique
   🆗 Val 12: All TF are valid
✅ All strategies validated successfully


[1;94m🔢 Operative Strategies: 14 [0m
[1;94m--------------------------------------------[0m
🔹 Strategy double_top_long_4H (4H): 32 symbols
🔹 Strategy revers_long_4H     (4H): 32 symbols
🔹 Strategy parity_long_4H     (4H):  5 symbols
🔹 Strategy revers_short_4H    (4H): 32 symbols
🔹 Strategy parity_short_4H    (4H): 32 symbols
🔹 Strategy revers_long_1H     (1H):  6 symbols
🔹 Strategy revers_short_1H    (1H):  6 symbols
🔹 Strategy revers_long_6Hutc  (6Hutc): 15 symbols
🔹 Strategy revers_short_6Hutc (6Hutc): 15 symbols
🔹 Strategy parity_long_1H     (1H):  6 symbols
🔹 Strategy parity_short_1H    (1H):  6 symbols
🔹 Strategy parity_long_6Hutc  (6Hutc): 15 symbols
🔹 Strategy orderblocks_short_4H (4H): 32 symbols
🔹 Strategy orderblocks_long_4H (4H): 32 symbols

➡️  Detected timeframes: 4H, 1H, 6Hutc
   🔹 4H: double_top_long_4H, revers_long_4H, parity_long_4H, revers_short_4H, parity_short_4H, orderblocks_short_4H, orderblocks_long_4H
   🔹 1H: revers_long_1H, revers_short_1H, parity_long_1H, parity_short_1H
   🔹 6Hutc: revers_long_6Hutc, revers_short_6Hutc, parity_long_6Hutc

✅ BOT Initialization completed


[1;94m🌐 Starting Web...[0m
[1;94m--------------------------------------------[0m

[1;94m🌐 Dashboard Web Started[0m
─────────────────────────────────────────────
📊 Local:   http://localhost:5000
🔗 Network: http://127.0.0.1:5000
🌍 LAN:     http://<your-ip>:5000
─────────────────────────────────────────────

✅ Bot monitoring active - Check dashboard at http://localhost:5000

[1;94m📱 Init  WebSocket...[0m
[1;94m--------------------------------------------[0m
⏳ Waiting for equity data from WebSocket...
⚠️ Cant subs to HYPEUSDT - Public WS not conne.
[0;92m🔌 PRIVATE WS connected [2025-12-27 20:41:20 UTC][0m
[0;92m🔌 PUBLIC  WS connected [2025-12-27 20:41:20 UTC][0m
➡️  WebSocket status:
  - Public WS    : ✅ Connected
  - Private WS   : ✅ Connected
  - Authenticated: ⚠️  No
⚠️No PnL - HYPEUSDT: No price - HYPEUSDT
🛜 Subscribing to 5 private channels...
🆗 orders
🆗 fill
🆗 positions
🆗 account
🆗 equity
✅ WS authentication successful
📦 Pre-loading contract for 33 symbols
[0;36m✅ Pre-loaded 33/33 contracts[0m


[1;94m🔜 Candles incoming:  [0m
[1;94m--------------------------------------------[0m
Next for 4H    : 2025-12-28 00:00:45 UTC
Next for 1H    : 2025-12-27 21:00:45 UTC
Next for 6Hutc : 2025-12-28 00:00:45 UTC

🎯 Setting active strategies from command line: ['double_top_long_4H', 'revers_long_4H', 'parity_long_4H', 'revers_short_4H', 'parity_short_4H', 'revers_long_1H', 'revers_short_1H', 'revers_long_6Hutc', 'revers_short_6Hutc', 'parity_long_1H', 'parity_short_1H', 'parity_long_6Hutc', 'orderblocks_short_4H', 'orderblocks_long_4H']
[1;94m============================================[0m
[1;94m🤖 STARTING BOT IN ACCOUNT: 00 🤖[0m
[1;94m============================================[0m
[1;94m🗃️  Loading BOT state...[0m
🔄 Total positions recovered: 71
[1;94m--------------------[0m
   ➡️  double_top_long_4H   :  2 positions | Candles:  2
   ➡️  revers_long_4H       : 11 positions | Candles:  2
   ➡️  revers_short_4H      :  7 positions | Candles:  2
   ➡️  parity_short_4H      : 18 positions | Candles:  2
   ➡️  orderblocks_short_4H :  6 positions | Candles:  2
   ➡️  orderblocks_long_4H  :  1 positions | Candles:  2
   ➡️  revers_long_6Hutc    :  1 positions | Candles:  1
   ➡️  revers_short_6Hutc   : 11 positions | Candles:  1
   ➡️  parity_long_6Hutc    :  4 positions | Candles:  1
   ➡️  revers_long_1H       :  1 positions | Candles:  7
   ➡️  parity_long_1H       :  4 positions | Candles:  7
   ➡️  parity_short_1H      :  4 positions | Candles:  7
   ➡️  revers_short_1H      :  1 positions | Candles:  5
✅ State loaded successfully

[1;94m🪪 Validating strategy configuration...[0m
[1;94m--------------------------------------------[0m
   🆗 Val 1: All strategy names implemented
   🆗 Val 2: All directions coherent with names
   🆗 Val 3: All timeframes coherent with names
   🆗 Val 4: All order amounts in range (40-100)
   🆗 Val 5: All strategies required parameters
   🆗 Val 6: All TP/SL % within valid ranges (1.5 - 10)
   🆗 Val 7: All strategy IDs unique
   🆗 Val 8: All sell_after_ncandles ok (45-55)
   🆗 Val 9: All strategies names + TF are unique.
   🆗 Val 10: All strategy names unique
   🆗 Val 12: All TF are valid
✅ All strategies validated successfully


[1;94m🔢 Operative Strategies: 14 [0m
[1;94m--------------------------------------------[0m
🔹 Strategy double_top_long_4H (4H): 32 symbols
🔹 Strategy revers_long_4H     (4H): 32 symbols
🔹 Strategy parity_long_4H     (4H):  5 symbols
🔹 Strategy revers_short_4H    (4H): 32 symbols
🔹 Strategy parity_short_4H    (4H): 32 symbols
🔹 Strategy revers_long_1H     (1H):  6 symbols
🔹 Strategy revers_short_1H    (1H):  6 symbols
🔹 Strategy revers_long_6Hutc  (6Hutc): 15 symbols
🔹 Strategy revers_short_6Hutc (6Hutc): 15 symbols
🔹 Strategy parity_long_1H     (1H):  6 symbols
🔹 Strategy parity_short_1H    (1H):  6 symbols
🔹 Strategy parity_long_6Hutc  (6Hutc): 15 symbols
🔹 Strategy orderblocks_short_4H (4H): 32 symbols
🔹 Strategy orderblocks_long_4H (4H): 32 symbols

➡️  Detected timeframes: 4H, 6Hutc, 1H
   🔹 4H: double_top_long_4H, revers_long_4H, parity_long_4H, revers_short_4H, parity_short_4H, orderblocks_short_4H, orderblocks_long_4H
   🔹 6Hutc: revers_long_6Hutc, revers_short_6Hutc, parity_long_6Hutc
   🔹 1H: revers_long_1H, revers_short_1H, parity_long_1H, parity_short_1H

✅ BOT Initialization completed


[1;94m🌐 Starting Web...[0m
[1;94m--------------------------------------------[0m

[1;94m🌐 Dashboard Web Started[0m
─────────────────────────────────────────────
📊 Local:   http://localhost:5000
🔗 Network: http://127.0.0.1:5000
🌍 LAN:     http://<your-ip>:5000
─────────────────────────────────────────────

✅ Bot monitoring active - Check dashboard at http://localhost:5000

[1;94m📱 Init  WebSocket...[0m
[1;94m--------------------------------------------[0m
⏳ Waiting for equity data from WebSocket...
⚠️ Cant subs to HYPEUSDT - Public WS not conne.
[0;92m🔌 PUBLIC  WS connected [2025-12-27 20:42:40 UTC][0m
[0;92m🔌 PRIVATE WS connected [2025-12-27 20:42:40 UTC][0m
➡️  WebSocket status:
  - Public WS    : ✅ Connected
  - Private WS   : ✅ Connected
  - Authenticated: ⚠️  No
⚠️No PnL - HYPEUSDT: No price - HYPEUSDT
🛜 Subscribing to 5 private channels...
🆗 orders
🆗 fill
🆗 positions
🆗 account
🆗 equity
✅ WS authentication successful
📦 Pre-loading contract for 33 symbols
[0;36m✅ Pre-loaded 33/33 contracts[0m


[1;94m🔜 Candles incoming:  [0m
[1;94m--------------------------------------------[0m
Next for 4H    : 2025-12-28 00:00:45 UTC
Next for 6Hutc : 2025-12-28 00:00:45 UTC
Next for 1H    : 2025-12-27 21:00:45 UTC
⚠️No PnL - HYPEUSDT: No price - HYPEUSDT

============================================
🔀 New candle(s) 2025-12-27 21:00:45 UTC
🔹 Timeframes: 1H
🌐 Syncronizing broker...
✅ Sync completed.
📡 Searching Signals... - 2025-12-27 21:00:45
--------------------------------------------
🚫 Skip revers_long_1H       (1H) ➡️  8/50 | 1 pos.
🚫 Skip revers_short_1H      (1H) ➡️  6/50 | 1 pos.
🚫 Skip parity_long_1H       (1H) ➡️  8/50 | 4 pos.
🚫 Skip parity_short_1H      (1H) ➡️  8/50 | 4 pos.
🔂 Signal cycle completed
============================================

Next for 1H: 2025-12-27 22:00:45 UTC

Setting active strategies from command line: ['double_top_long_4H', 'revers_long_4H', 'parity_long_4H', 'revers_short_4H', 'parity_short_4H', 'revers_long_1H', 'revers_short_1H', 'revers_long_6Hutc', 'revers_short_6Hutc', 'parity_long_1H', 'parity_short_1H', 'parity_long_6Hutc', 'orderblocks_short_4H', 'orderblocks_long_4H']
[1;94m============================================[0m
[1;94mSTARTING BOT IN ACCOUNT: 00[0m
[1;94m============================================[0m
[1;94m🗃️  Loading BOT state...[0m
🔄 Total positions recovered: 71
[1;94m--------------------[0m
   ➡️  double_top_long_4H   :  2 positions | Candles:  2
   ➡️  revers_long_4H       : 11 positions | Candles:  2
   ➡️  revers_short_4H      :  7 positions | Candles:  2
   ➡️  parity_short_4H      : 18 positions | Candles:  2
   ➡️  orderblocks_short_4H :  6 positions | Candles:  2
   ➡️  orderblocks_long_4H  :  1 positions | Candles:  2
   ➡️  revers_long_6Hutc    :  1 positions | Candles:  1
   ➡️  revers_short_6Hutc   : 11 positions | Candles:  1
   ➡️  parity_long_6Hutc    :  4 positions | Candles:  1
   ➡️  revers_long_1H       :  1 positions | Candles:  8
   ➡️  parity_long_1H       :  4 positions | Candles:  8
   ➡️  parity_short_1H      :  4 positions | Candles:  8
   ➡️  revers_short_1H      :  1 positions | Candles:  6
✅ State loaded successfully

[1;94m🪪 Validating strategy configuration...[0m
[1;94m--------------------------------------------[0m
   🆗 Val 1: All strategy names implemented
   🆗 Val 2: All directions coherent with names
   🆗 Val 3: All timeframes coherent with names
   🆗 Val 4: All order amounts in range (40-100)
   🆗 Val 5: All strategies required parameters
   🆗 Val 6: All TP/SL % within valid ranges (1.5 - 10)
   🆗 Val 7: All strategy IDs unique
   🆗 Val 8: All sell_after_ncandles ok (45-55)
   🆗 Val 9: All strategies names + TF are unique.
   🆗 Val 10: All strategy names unique
   🆗 Val 12: All TF are valid
✅ All strategies validated successfully


[1;94m🔢 Operative Strategies: 14 [0m
[1;94m--------------------------------------------[0m
🔹 Strategy double_top_long_4H (4H): 32 symbols
🔹 Strategy revers_long_4H     (4H): 32 symbols
🔹 Strategy parity_long_4H     (4H):  5 symbols
🔹 Strategy revers_short_4H    (4H): 32 symbols
🔹 Strategy parity_short_4H    (4H): 32 symbols
🔹 Strategy revers_long_1H     (1H):  6 symbols
🔹 Strategy revers_short_1H    (1H):  6 symbols
🔹 Strategy revers_long_6Hutc  (6Hutc): 15 symbols
🔹 Strategy revers_short_6Hutc (6Hutc): 15 symbols
🔹 Strategy parity_long_1H     (1H):  6 symbols
🔹 Strategy parity_short_1H    (1H):  6 symbols
🔹 Strategy parity_long_6Hutc  (6Hutc): 15 symbols
🔹 Strategy orderblocks_short_4H (4H): 32 symbols
🔹 Strategy orderblocks_long_4H (4H): 32 symbols

➡️  Detected timeframes: 4H, 1H, 6Hutc

✅ BOT Initialization completed


[1;94m🌐 Starting Web...[0m
[1;94m--------------------------------------------[0m
❌ Error WS manager not init for balance check
⚠️No PnL - HYPEUSDT: WS manager not init.
⚠️No PnL - ZENUSDT: WS manager not init.
⚠️No PnL - APTUSDT: WS manager not init.
⚠️No PnL - ARBUSDT: WS manager not init.
⚠️No PnL - AVAXUSDT: WS manager not init.
⚠️No PnL - ENAUSDT: WS manager not init.
⚠️No PnL - FETUSDT: WS manager not init.
⚠️No PnL - FORMUSDT: WS manager not init.
⚠️No PnL - HBARUSDT: WS manager not init.
⚠️No PnL - HYPEUSDT: WS manager not init.
⚠️No PnL - LTCUSDT: WS manager not init.
⚠️No PnL - NEARUSDT: WS manager not init.
⚠️No PnL - SNXUSDT: WS manager not init.
⚠️No PnL - BGBUSDT: WS manager not init.
⚠️No PnL - BTCUSDT: WS manager not init.
⚠️No PnL - LINKUSDT: WS manager not init.
⚠️No PnL - ONDOUSDT: WS manager not init.
⚠️No PnL - PENGUUSDT: WS manager not init.
⚠️No PnL - TAOUSDT: WS manager not init.
⚠️No PnL - XRPUSDT: WS manager not init.
⚠️No PnL - 1000BONKUSDT: WS manager not init.
⚠️No PnL - AAVEUSDT: WS manager not init.
⚠️No PnL - ADAUSDT: WS manager not init.
⚠️No PnL - BGBUSDT: WS manager not init.
⚠️No PnL - BNBUSDT: WS manager not init.
⚠️No PnL - BTCUSDT: WS manager not init.
⚠️No PnL - DOGEUSDT: WS manager not init.
⚠️No PnL - DOTUSDT: WS manager not init.
⚠️No PnL - ETHUSDT: WS manager not init.
⚠️No PnL - LINKUSDT: WS manager not init.
⚠️No PnL - ONDOUSDT: WS manager not init.
⚠️No PnL - PENGUUSDT: WS manager not init.
⚠️No PnL - SOLUSDT: WS manager not init.
⚠️No PnL - SUIUSDT: WS manager not init.
⚠️No PnL - TAOUSDT: WS manager not init.
⚠️No PnL - WIFUSDT: WS manager not init.
⚠️No PnL - WLDUSDT: WS manager not init.
⚠️No PnL - XRPUSDT: WS manager not init.
⚠️No PnL - DOGEUSDT: WS manager not init.
⚠️No PnL - LINKUSDT: WS manager not init.
⚠️No PnL - ONDOUSDT: WS manager not init.
⚠️No PnL - SUIUSDT: WS manager not init.
⚠️No PnL - WIFUSDT: WS manager not init.
⚠️No PnL - XRPUSDT: WS manager not init.
⚠️No PnL - APTUSDT: WS manager not init.
⚠️No PnL - HYPEUSDT: WS manager not init.
⚠️No PnL - ADAUSDT: WS manager not init.
⚠️No PnL - BNBUSDT: WS manager not init.
⚠️No PnL - BTCUSDT: WS manager not init.
⚠️No PnL - DOGEUSDT: WS manager not init.
⚠️No PnL - ETHUSDT: WS manager not init.
⚠️No PnL - LINKUSDT: WS manager not init.
⚠️No PnL - SOLUSDT: WS manager not init.
⚠️No PnL - SUIUSDT: WS manager not init.
⚠️No PnL - TAOUSDT: WS manager not init.
⚠️No PnL - WLDUSDT: WS manager not init.
⚠️No PnL - XRPUSDT: WS manager not init.
⚠️No PnL - ENAUSDT: WS manager not init.
⚠️No PnL - HBARUSDT: WS manager not init.
⚠️No PnL - HYPEUSDT: WS manager not init.
⚠️No PnL - MLNUSDT: WS manager not init.
⚠️No PnL - XRPUSDT: WS manager not init.
⚠️No PnL - BNBUSDT: WS manager not init.
⚠️No PnL - DOGEUSDT: WS manager not init.
⚠️No PnL - SOLUSDT: WS manager not init.
⚠️No PnL - XRPUSDT: WS manager not init.
⚠️No PnL - BTCUSDT: WS manager not init.
⚠️No PnL - DOGEUSDT: WS manager not init.
⚠️No PnL - ETHUSDT: WS manager not init.
⚠️No PnL - XRPUSDT: WS manager not init.
⚠️No PnL - XRPUSDT: WS manager not init.

[1;94m🌐 Dashboard Web Started[0m
─────────────────────────────────────────────
📊 Local:   http://localhost:5000
🔗 Network: http://127.0.0.1:5000
🌍 LAN:     http://<your-ip>:5000
─────────────────────────────────────────────

✅ Bot monitoring active - Check dashboard at http://localhost:5000

[1;94m📱 Init  WebSocket...[0m
[1;94m--------------------------------------------[0m
⏳ Waiting for equity data from WebSocket...
[0;92m🔌 PUBLIC  WS connected [2025-12-27 21:14:48 UTC][0m
[0;92m🔌 PRIVATE WS connected [2025-12-27 21:14:48 UTC][0m
➡️  WebSocket status:
  - Public WS    : ✅ Connected
  - Private WS   : ✅ Connected
  - Authenticated: ⚠️  No
🛜 Subscribing to 5 private channels...
🆗 orders
🆗 fill
🆗 positions
🆗 account
🆗 equity
✅ WS authentication successful
📦 Pre-loading contract for 33 symbols
[0;36m✅ Pre-loaded 33/33 contracts[0m


[1;94m🔜 Candles incoming:  [0m
[1;94m--------------------------------------------[0m
Next for 4H    : 2025-12-28 00:00:45 UTC
Next for 1H    : 2025-12-27 22:00:45 UTC
Next for 6Hutc : 2025-12-28 00:00:45 UTC

Setting active strategies from command line: ['double_top_long_4H', 'revers_long_4H', 'parity_long_4H', 'revers_short_4H', 'parity_short_4H', 'revers_long_1H', 'revers_short_1H', 'revers_long_6Hutc', 'revers_short_6Hutc', 'parity_long_1H', 'parity_short_1H', 'parity_long_6Hutc', 'orderblocks_short_4H', 'orderblocks_long_4H']
[1;94m============================================[0m
[1;94mSTARTING BOT IN ACCOUNT: 00[0m
[1;94m============================================[0m
[1;94m🗃️  Loading BOT state...[0m
🔄 Total positions recovered: 71
[1;94m--------------------[0m
   ➡️  double_top_long_4H   :  2 positions | Candles:  2
   ➡️  revers_long_4H       : 11 positions | Candles:  2
   ➡️  revers_short_4H      :  7 positions | Candles:  2
   ➡️  parity_short_4H      : 18 positions | Candles:  2
   ➡️  orderblocks_short_4H :  6 positions | Candles:  2
   ➡️  orderblocks_long_4H  :  1 positions | Candles:  2
   ➡️  revers_long_6Hutc    :  1 positions | Candles:  1
   ➡️  revers_short_6Hutc   : 11 positions | Candles:  1
   ➡️  parity_long_6Hutc    :  4 positions | Candles:  1
   ➡️  revers_long_1H       :  1 positions | Candles:  8
   ➡️  parity_long_1H       :  4 positions | Candles:  8
   ➡️  parity_short_1H      :  4 positions | Candles:  8
   ➡️  revers_short_1H      :  1 positions | Candles:  6
✅ State loaded successfully

[1;94m🪪 Validating strategy configuration...[0m
[1;94m--------------------------------------------[0m
   🆗 Val 1: All strategy names implemented
   🆗 Val 2: All directions coherent with names
   🆗 Val 3: All timeframes coherent with names
   🆗 Val 4: All order amounts in range (40-100)
   🆗 Val 5: All strategies required parameters
   🆗 Val 6: All TP/SL % within valid ranges (1.5 - 10)
   🆗 Val 7: All strategy IDs unique
   🆗 Val 8: All sell_after_ncandles ok (45-55)
   🆗 Val 9: All strategies names + TF are unique.
   🆗 Val 10: All strategy names unique
   🆗 Val 12: All TF are valid
✅ All strategies validated successfully


[1;94m🔢 Operative Strategies: 14 [0m
[1;94m--------------------------------------------[0m
🔹 Strategy double_top_long_4H (4H): 32 symbols
🔹 Strategy revers_long_4H     (4H): 32 symbols
🔹 Strategy parity_long_4H     (4H):  5 symbols
🔹 Strategy revers_short_4H    (4H): 32 symbols
🔹 Strategy parity_short_4H    (4H): 32 symbols
🔹 Strategy revers_long_1H     (1H):  6 symbols
🔹 Strategy revers_short_1H    (1H):  6 symbols
🔹 Strategy revers_long_6Hutc  (6Hutc): 15 symbols
🔹 Strategy revers_short_6Hutc (6Hutc): 15 symbols
🔹 Strategy parity_long_1H     (1H):  6 symbols
🔹 Strategy parity_short_1H    (1H):  6 symbols
🔹 Strategy parity_long_6Hutc  (6Hutc): 15 symbols
🔹 Strategy orderblocks_short_4H (4H): 32 symbols
🔹 Strategy orderblocks_long_4H (4H): 32 symbols

➡️  Detected timeframes: 1H, 6Hutc, 4H

✅ BOT Initialization completed


[1;94m🌐 Starting Web...[0m
[1;94m--------------------------------------------[0m
❌ Error WS manager not init for balance check

[1;94m🌐 Dashboard Web Started[0m
─────────────────────────────────────────────
📊 Local:   http://localhost:5000
🔗 Network: http://127.0.0.1:5000
🌍 LAN:     http://<your-ip>:5000
─────────────────────────────────────────────

✅ Bot monitoring active - Check dashboard at http://localhost:5000

[1;94m📱 Init  WebSocket...[0m
[1;94m--------------------------------------------[0m
⚠️ Cant subs to HYPEUSDT - Public WS not conne.
[0;92m🔌 PRIVATE WS connected [2025-12-27 21:23:48 UTC][0m
➡️  WebSocket status:
  - Public WS    : ⚠️  Not connected
  - Private WS   : ✅ Connected
  - Authenticated: ⚠️  No
⚠️No PnL - HYPEUSDT: No price - HYPEUSDT
⚠️ Cant subs to ZENUSDT - Public WS not conne.
[0;92m🔌 PUBLIC  WS connected [2025-12-27 21:23:49 UTC][0m
🛜 Subscribing to 5 private channels...
🆗 orders
🆗 fill
🆗 positions
🆗 account
🆗 equity
✅ WS authentication successful
📦 Pre-loading contract for 33 symbols
[0;36m✅ Pre-loaded 33/33 contracts[0m


[1;94m🔜 Candles incoming:  [0m
[1;94m--------------------------------------------[0m
Next for 1H    : 2025-12-27 22:00:45 UTC
Next for 6Hutc : 2025-12-28 00:00:45 UTC
Next for 4H    : 2025-12-28 00:00:45 UTC

Setting active strategies from command line: ['double_top_long_4H', 'revers_long_4H', 'parity_long_4H', 'revers_short_4H', 'parity_short_4H', 'revers_long_1H', 'revers_short_1H', 'revers_long_6Hutc', 'revers_short_6Hutc', 'parity_long_1H', 'parity_short_1H', 'parity_long_6Hutc', 'orderblocks_short_4H', 'orderblocks_long_4H']
[1;94m============================================[0m
[1;94mSTARTING BOT IN ACCOUNT: 00[0m
[1;94m============================================[0m
[1;94m🗃️  Loading BOT state...[0m
🔄 Total positions recovered: 71
[1;94m--------------------[0m
   ➡️  double_top_long_4H   :  2 positions | Candles:  2
   ➡️  revers_long_4H       : 11 positions | Candles:  2
   ➡️  revers_short_4H      :  7 positions | Candles:  2
   ➡️  parity_short_4H      : 18 positions | Candles:  2
   ➡️  orderblocks_short_4H :  6 positions | Candles:  2
   ➡️  orderblocks_long_4H  :  1 positions | Candles:  2
   ➡️  revers_long_6Hutc    :  1 positions | Candles:  1
   ➡️  revers_short_6Hutc   : 11 positions | Candles:  1
   ➡️  parity_long_6Hutc    :  4 positions | Candles:  1
   ➡️  revers_long_1H       :  1 positions | Candles:  8
   ➡️  parity_long_1H       :  4 positions | Candles:  8
   ➡️  parity_short_1H      :  4 positions | Candles:  8
   ➡️  revers_short_1H      :  1 positions | Candles:  6
✅ State loaded successfully

[1;94m🪪 Validating strategy configuration...[0m
[1;94m--------------------------------------------[0m
   🆗 Val 1: All strategy names implemented
   🆗 Val 2: All directions coherent with names
   🆗 Val 3: All timeframes coherent with names
   🆗 Val 4: All order amounts in range (40-100)
   🆗 Val 5: All strategies required parameters
   🆗 Val 6: All TP/SL % within valid ranges (1.5 - 10)
   🆗 Val 7: All strategy IDs unique
   🆗 Val 8: All sell_after_ncandles ok (45-55)
   🆗 Val 9: All strategies names + TF are unique.
   🆗 Val 10: All strategy names unique
   🆗 Val 12: All TF are valid
✅ All strategies validated successfully


[1;94m🔢 Operative Strategies: 14 [0m
[1;94m--------------------------------------------[0m
🔹 Strategy double_top_long_4H (4H): 32 symbols
🔹 Strategy revers_long_4H     (4H): 32 symbols
🔹 Strategy parity_long_4H     (4H):  5 symbols
🔹 Strategy revers_short_4H    (4H): 32 symbols
🔹 Strategy parity_short_4H    (4H): 32 symbols
🔹 Strategy revers_long_1H     (1H):  6 symbols
🔹 Strategy revers_short_1H    (1H):  6 symbols
🔹 Strategy revers_long_6Hutc  (6Hutc): 15 symbols
🔹 Strategy revers_short_6Hutc (6Hutc): 15 symbols
🔹 Strategy parity_long_1H     (1H):  6 symbols
🔹 Strategy parity_short_1H    (1H):  6 symbols
🔹 Strategy parity_long_6Hutc  (6Hutc): 15 symbols
🔹 Strategy orderblocks_short_4H (4H): 32 symbols
🔹 Strategy orderblocks_long_4H (4H): 32 symbols

➡️  Detected timeframes: 4H, 6Hutc, 1H

✅ BOT Initialization completed


[1;94m🌐 Starting Web...[0m
[1;94m--------------------------------------------[0m

[1;94m🌐 Dashboard Web Started[0m
─────────────────────────────────────────────
📊 Local:   http://localhost:5000
🔗 Network: http://127.0.0.1:5000
🌍 LAN:     http://<your-ip>:5000
─────────────────────────────────────────────

✅ Bot monitoring active - Check dashboard at http://localhost:5000

[1;94m📱 Init  WebSocket...[0m
[1;94m--------------------------------------------[0m
Waiting for equity data from WebSocket...
⚠️ Cant subs to HYPEUSDT - Public WS not conne.
[0;92m🔌 PUBLIC   WS connected [2025-12-27 21:31:54 UTC][0m
[0;92m🔌 PRIVATE WS connected [2025-12-27 21:31:54 UTC][0m
➡️  WebSocket status:
  - Public WS    : ✅ Connected
  - Private WS   : ✅ Connected
  - Authenticated: ⚠️  No
⚠️No PnL - HYPEUSDT: No price - HYPEUSDT
🛜 Subscribing to 5 private channels...
🆗 orders
🆗 fill
🆗 positions
🆗 account
🆗 equity
✅ WS authentication successful
📦 Pre-loading contract for 33 symbols
[0;36m✅ Pre-loaded 33/33 contracts[0m


[1;94m🔜 Candles incoming:  [0m
[1;94m--------------------------------------------[0m
Next for 4H    : 2025-12-28 00:00:45 UTC
Next for 6Hutc : 2025-12-28 00:00:45 UTC
Next for 1H    : 2025-12-27 22:00:45 UTC
