timestamp,open,high,low,close,volume_base,volume_quote
2022-01-01 00:00:00,93.094,94.812,93.094,93.631,19952.2,1876423.49975
2022-01-01 04:00:00,93.631,95.126,93.195,93.881,17758.1,1668061.06909
2022-01-01 08:00:00,93.881,94.226,91.209,91.703,15234.1,1417620.7808
2022-01-01 12:00:00,91.703,93.167,91.703,92.664,9817.3,907365.3421
2022-01-01 16:00:00,92.664,93.962,92.47,93.601,12084.6,1127774.67588
2022-01-01 20:00:00,93.601,94.153,93.336,93.991,11966.6,1121267.16568
2022-01-02 00:00:00,93.991,94.243,93.509,93.836,11361.6,1066083.7348
2022-01-02 04:00:00,93.836,94.104,92.921,93.758,11202.1,1049820.45328
2022-01-02 08:00:00,93.758,94.686,93.389,93.972,21924.5,2065136.3674
2022-01-02 12:00:00,93.972,95.742,93.53,95.216,20275.6,1919176.55439
2022-01-02 16:00:00,95.216,96.516,94.253,94.999,18945.9,1809818.81228
2022-01-02 20:00:00,94.999,96.511,94.838,96.191,13248.4,1265437.48429
2022-01-03 00:00:00,96.191,96.191,94.799,94.949,15964.5,1523181.0444
2022-01-03 04:00:00,94.949,96.514,94.826,96.058,26990.9,2587005.00682
2022-01-03 08:00:00,96.058,97.789,95.421,97.398,17330.0,1670371.23567
2022-01-03 12:00:00,97.398,97.792,95.435,95.723,13383.2,1296882.47959
2022-01-03 16:00:00,95.723,95.888,93.628,93.66,14446.1,1363538.79264
2022-01-03 20:00:00,93.66,94.459,92.074,94.225,16368.9,1524014.9254
2022-01-04 00:00:00,94.225,94.317,92.5,94.037,10110.7,945179.6108
2022-01-04 04:00:00,94.037,95.805,93.622,95.107,16633.8,1570238.2017
2022-01-04 08:00:00,95.107,96.314,94.278,96.085,13500.8,1282260.83697
2022-01-04 12:00:00,96.085,96.632,95.211,95.489,13476.9,1291668.4987
2022-01-04 16:00:00,95.489,96.156,92.916,94.059,18623.9,1767170.3233
2022-01-04 20:00:00,94.059,94.765,92.544,92.747,12874.1,1209343.4199
2022-01-05 00:00:00,92.747,94.496,92.343,94.358,12487.1,1169790.77925
2022-01-05 04:00:00,94.358,94.725,93.875,94.309,11013.1,1037918.5038
2022-01-05 08:00:00,94.309,94.722,92.961,93.3,21866.7,2059977.25077
2022-01-05 12:00:00,93.3,93.847,92.766,93.641,19244.2,1795806.83605
2022-01-05 16:00:00,93.641,93.651,81.156,82.548,62280.0,5430847.48934
2022-01-05 20:00:00,82.548,83.557,74.004,79.988,72582.6,5888062.50258
2022-01-06 00:00:00,79.988,81.031,76.761,76.761,31594.8,2496842.7242
2022-01-06 04:00:00,76.761,78.968,76.339,78.736,31210.5,2427599.9481
2022-01-06 08:00:00,78.736,78.787,75.258,76.743,36836.8,2822745.84462
2022-01-06 12:00:00,76.743,79.837,75.923,78.282,30175.5,2354254.5312
2022-01-06 16:00:00,78.282,80.202,77.597,79.461,12776.1,1007988.04787
2022-01-06 20:00:00,79.461,79.896,78.264,78.725,14291.4,1129485.8682
2022-01-07 00:00:00,78.725,78.856,72.135,72.554,24867.8,1889318.0462
2022-01-07 04:00:00,72.554,73.234,70.12,72.913,41395.6,2973515.81888
2022-01-07 08:00:00,72.913,75.574,72.703,73.759,24697.0,1835441.44735
2022-01-07 12:00:00,73.759,74.739,70.442,71.881,29976.4,2189266.5824
2022-01-07 16:00:00,71.881,74.613,71.009,73.803,20417.5,1495070.253
2022-01-07 20:00:00,73.803,74.433,72.742,73.471,21116.1,1554322.9148
2022-01-08 00:00:00,73.471,75.406,73.069,74.862,19681.9,1466859.2131
2022-01-08 04:00:00,74.862,75.677,74.079,74.699,19154.6,1432732.0406
2022-01-08 08:00:00,74.699,75.564,74.251,74.561,10803.3,807916.96868
2022-01-08 12:00:00,74.561,74.8,72.022,72.471,11738.4,864673.03439
2022-01-08 16:00:00,72.471,72.895,67.645,68.413,32110.6,2234675.97807
2022-01-08 20:00:00,68.413,71.555,67.805,70.245,17276.7,1207456.60884
2022-01-09 00:00:00,70.245,72.566,69.498,71.712,13969.8,994587.6841
2022-01-09 04:00:00,71.712,72.31,71.115,71.254,10075.7,722248.3258
2022-01-09 08:00:00,71.254,71.41,69.626,71.227,17663.8,1246368.7659
2022-01-09 12:00:00,71.227,71.426,68.867,70.033,17999.5,1261468.65624
2022-01-09 16:00:00,70.033,74.067,70.011,73.811,17030.1,1230464.4
2022-01-09 20:00:00,73.811,73.977,71.782,71.85,18017.4,1313313.819
2022-01-10 00:00:00,71.85,72.688,71.205,71.985,22056.0,1586060.8728
2022-01-10 04:00:00,71.985,73.088,71.8358,72.418,22229.9,1606851.52314
2022-01-10 08:00:00,72.418,72.565,69.995,70.203,18523.9,1321613.38854
2022-01-10 12:00:00,70.203,70.382,65.143,67.421,28459.6,1913360.90566
2022-01-10 16:00:00,67.421,69.72,66.703,67.687,24803.8,1691486.63227
2022-01-10 20:00:00,67.687,69.02,67.452,68.269,11719.5,800429.4718
2022-01-11 00:00:00,68.269,70.324,67.459,70.293,20439.9,1416928.7588
2022-01-11 04:00:00,70.293,70.604,69.415,70.071,32417.3,2270097.32749
2022-01-11 08:00:00,70.071,70.609,68.947,69.428,20263.2,1412820.0593
2022-01-11 12:00:00,69.428,70.0889,68.019,70.036,20189.1,1399992.19322
2022-01-11 16:00:00,70.036,73.263,69.887,72.508,19838.0,1430723.39116
2022-01-11 20:00:00,72.508,72.797,71.85,72.647,13833.8,999780.8906
2022-01-12 00:00:00,72.647,73.197,72.044,72.852,24995.8,1818250.5667
2022-01-12 04:00:00,72.852,73.754,72.241,72.908,14264.4,1041267.28448
2022-01-12 08:00:00,72.908,75.357,72.88,74.944,25989.0,1930097.62755
2022-01-12 12:00:00,74.944,78.17,74.812,77.438,29127.1,2238170.94879
2022-01-12 16:00:00,77.438,78.701,76.98,78.447,22566.3,1757171.50175
2022-01-12 20:00:00,78.447,79.437,77.269,78.065,19589.2,1533905.1974
2022-01-13 00:00:00,78.065,78.617,76.106,76.613,29664.6,2292848.0288
2022-01-13 04:00:00,76.613,77.607,76.495,77.44,16371.3,1261586.8895
2022-01-13 08:00:00,77.44,77.709,75.94,76.012,23242.5,1791479.0571
2022-01-13 12:00:00,76.012,78.524,74.74,75.49,22795.0,1742023.4709
2022-01-13 16:00:00,75.49,75.829,73.218,73.628,19312.6,1437755.9349
2022-01-13 20:00:00,73.628,74.039,72.757,72.991,19106.7,1405039.4029
2022-01-14 00:00:00,72.991,74.406,72.289,74.295,17377.2,1279525.7435
2022-01-14 04:00:00,74.295,75.646,74.104,74.266,17802.7,1333164.9877
2022-01-14 08:00:00,74.266,74.364,71.003,71.612,24529.1,1783953.5672
2022-01-14 12:00:00,71.612,73.746,70.888,73.121,20854.3,1509852.1962
2022-01-14 16:00:00,73.121,74.332,72.507,73.838,16017.6,1172896.3603
2022-01-14 20:00:00,73.838,74.442,73.377,73.575,16845.4,1245801.7626
2022-01-15 00:00:00,73.575,74.608,73.157,74.307,15512.3,1148516.739
2022-01-15 04:00:00,74.307,74.666,73.794,74.576,18473.4,1371662.338
2022-01-15 08:00:00,74.576,74.621,73.702,73.978,21337.8,1582363.9681
2022-01-15 12:00:00,73.978,75.795,72.911,75.34,19628.8,1452498.15498
2022-01-15 16:00:00,75.34,75.802,75.089,75.69,13990.2,1055343.4108
2022-01-15 20:00:00,75.69,76.027,75.227,75.281,16735.6,1268504.123
2022-01-16 00:00:00,75.281,76.15,74.388,75.567,24408.6,1843212.87676
2022-01-16 04:00:00,75.567,77.491,75.371,77.19,32835.9,2497657.97425
2022-01-16 08:00:00,77.19,79.972,76.608,79.97,49728.9,3882313.50576
2022-01-16 12:00:00,79.97,82.353,78.914,80.876,148108.3,11974329.69135
2022-01-16 16:00:00,80.876,80.985,79.346,79.535,37319.4,2991214.65493
2022-01-16 20:00:00,79.535,80.927,79.368,80.185,17092.8,1371254.53692
2022-01-17 00:00:00,80.185,81.001,78.806,80.266,58341.6,4660223.76764
2022-01-17 04:00:00,80.266,83.444,78.755,81.411,106558.5,8633108.08368
2022-01-17 08:00:00,81.411,82.114,79.7459,79.934,66031.1,5344227.14681
2022-01-17 12:00:00,79.934,81.231,78.642,79.019,44059.6,3527001.02429
2022-01-17 16:00:00,79.019,79.349,77.085,78.178,25739.5,2004212.60486
2022-01-17 20:00:00,78.178,78.369,75.01,76.344,33337.0,2551565.7415
2022-01-18 00:00:00,76.344,77.098,75.364,75.715,27081.9,2071855.4967
2022-01-18 04:00:00,75.715,76.546,73.795,73.867,29785.5,2247191.96989
2022-01-18 08:00:00,73.867,74.229,72.634,73.221,41479.1,3042456.1929
2022-01-18 12:00:00,73.221,73.647,72.439,72.68,30519.8,2222071.53879
2022-01-18 16:00:00,72.68,73.262,72.0,72.961,15667.5,1138265.6013
2022-01-18 20:00:00,72.961,74.646,72.445,73.726,14666.6,1080809.0094
2022-01-19 00:00:00,73.726,74.058,71.513,72.079,17733.3,1297928.54858
2022-01-19 04:00:00,72.079,72.87,70.613,70.906,18858.5,1355236.61233
2022-01-19 08:00:00,70.906,72.117,70.452,71.61,19515.6,1389686.0879
2022-01-19 12:00:00,71.61,73.294,71.505,72.661,12621.7,912406.02378
2022-01-19 16:00:00,72.661,73.212,71.775,72.723,12589.7,913041.6826
2022-01-19 20:00:00,72.723,72.747,71.584,71.652,11359.1,821615.0298
2022-01-20 00:00:00,71.652,73.092,71.108,71.902,18766.0,1351069.76255
2022-01-20 04:00:00,71.902,72.32,71.455,72.253,10360.3,744962.69355
2022-01-20 08:00:00,72.253,72.447,71.642,72.323,16480.5,1188923.2175
2022-01-20 12:00:00,72.323,75.453,72.068,75.241,22726.7,1679505.48174
2022-01-20 16:00:00,75.241,75.816,74.197,74.748,23078.5,1732807.7958
2022-01-20 20:00:00,74.748,74.878,68.625,68.939,46405.1,3313412.1372
2022-01-21 00:00:00,68.939,69.187,63.531,64.974,60967.7,4042995.3
2022-01-21 04:00:00,64.974,65.881,64.602,65.771,25292.4,1650755.76462
2022-01-21 08:00:00,65.771,66.497,65.24,65.55,22084.2,1453156.10024
2022-01-21 12:00:00,65.55,65.782,62.884,65.11,52651.4,3383262.63826
2022-01-21 16:00:00,65.11,65.553,63.706,63.776,26930.6,1737745.2137
2022-01-21 20:00:00,63.776,64.331,56.779,58.239,44367.0,2681936.6805
2022-01-22 00:00:00,58.239,59.305,56.757,57.439,31475.9,1839096.3587
2022-01-22 04:00:00,57.439,57.608,51.607,52.409,42160.4,2296800.47152
2022-01-22 08:00:00,52.409,53.849,47.515,51.276,55835.4,2864560.6336
2022-01-22 12:00:00,51.276,53.47,49.469,49.538,45927.4,2363797.28252
2022-01-22 16:00:00,49.538,51.198,47.503,48.096,44068.3,2175830.1412
2022-01-22 20:00:00,48.096,51.154,47.75,50.069,29822.7,1488363.57
2022-01-23 00:00:00,50.069,52.317,49.586,50.627,27353.1,1390129.9533
2022-01-23 04:00:00,50.627,52.94,50.402,52.56,19265.4,992821.3752
2022-01-23 08:00:00,52.56,54.109,52.231,52.537,20303.8,1075475.8086
2022-01-23 12:00:00,52.537,53.766,50.304,51.451,23314.5,1213339.4044
2022-01-23 16:00:00,51.451,52.139,49.914,50.146,27323.2,1398437.1477
2022-01-23 20:00:00,50.146,54.76,49.816,54.76,23993.6,1239564.41468
2022-01-24 00:00:00,54.76,54.76,51.807,52.22,34978.4,1860970.59677
2022-01-24 04:00:00,52.22,52.522,49.991,50.121,30540.4,1570854.9706
2022-01-24 08:00:00,50.121,51.031,45.118,45.672,44601.3,2124077.3602
2022-01-24 12:00:00,45.672,47.228,44.351,47.114,58254.4,2659235.3169
2022-01-24 16:00:00,47.114,50.173,45.546,49.563,37536.6,1814844.3696
2022-01-24 20:00:00,49.563,52.039,49.395,51.102,31182.5,1580383.3507
2022-01-25 00:00:00,51.102,51.102,49.701,50.616,23685.9,1191653.08248
2022-01-25 04:00:00,50.616,50.89,49.351,50.268,17706.7,885754.1278
2022-01-25 08:00:00,50.268,51.86,50.008,50.49,22827.9,1156660.5907
2022-01-25 12:00:00,50.49,51.784,49.221,49.892,60386.2,3044431.55909
2022-01-25 16:00:00,49.892,51.84,49.703,51.202,28446.2,1449310.82772
2022-01-25 20:00:00,51.202,51.402,49.929,50.671,22024.6,1116195.6602
2022-01-26 00:00:00,50.671,52.976,50.127,51.685,36389.5,1863099.29565
2022-01-26 04:00:00,51.685,52.527,50.938,51.355,23585.2,1222943.71748
2022-01-26 08:00:00,51.355,52.876,51.313,52.847,20947.7,1091364.3669
2022-01-26 12:00:00,52.847,54.847,52.32,53.528,32471.8,1744358.473
2022-01-26 16:00:00,53.528,55.497,51.762,52.358,47885.6,2558293.606
2022-01-26 20:00:00,52.358,52.358,48.287,49.462,30409.6,1526180.2534
2022-01-27 00:00:00,49.462,50.466,46.712,47.168,31680.6,1541815.56208
2022-01-27 04:00:00,47.168,48.135,46.858,47.757,28523.1,1353156.00108
2022-01-27 08:00:00,47.757,49.76,47.299,49.76,30067.2,1457771.60758
2022-01-27 12:00:00,49.76,50.289,48.348,48.739,40925.8,2029765.38993
2022-01-27 16:00:00,48.739,48.786,46.241,46.624,32731.6,1552858.3057
2022-01-27 20:00:00,46.624,47.277,44.778,47.238,29590.6,1361443.0869
2022-01-28 00:00:00,47.238,47.864,45.842,47.757,32839.2,1539366.163
2022-01-28 04:00:00,47.757,48.253,46.559,46.581,35005.6,1668328.0818
2022-01-28 08:00:00,46.581,46.928,45.489,45.821,30926.5,1432011.9295
2022-01-28 12:00:00,45.821,46.386,45.201,45.884,22443.6,1026702.4093
2022-01-28 16:00:00,45.884,46.677,44.6,45.327,27045.6,1229158.75288
2022-01-28 20:00:00,45.327,47.169,45.064,46.798,19711.6,912362.7369
2022-01-29 00:00:00,46.798,47.326,46.21,46.844,17799.9,831234.2378
2022-01-29 04:00:00,46.844,48.779,46.559,48.679,24959.7,1188245.4561
2022-01-29 08:00:00,48.679,49.354,47.563,49.295,28647.3,1387258.2756
2022-01-29 12:00:00,49.295,49.926,47.59,48.08,41984.8,2059223.75954
2022-01-29 16:00:00,48.08,48.869,47.552,48.338,30185.5,1455311.52297
2022-01-29 20:00:00,48.338,49.694,48.299,49.5,26084.3,1274865.9834
2022-01-30 00:00:00,49.5,52.022,48.99,51.266,91314.9,4643613.49945
2022-01-30 04:00:00,51.266,52.845,51.083,52.662,57236.1,2984066.20544
2022-01-30 08:00:00,52.662,54.957,52.138,54.872,95248.3,5108071.82676
2022-01-30 12:00:00,54.872,55.934,53.623,54.195,199426.1,10924011.02545
2022-01-30 16:00:00,54.195,54.278,52.334,52.826,95476.1,5106946.0407
2022-01-30 20:00:00,52.826,53.687,52.215,53.181,52972.3,2805588.37211
2022-01-31 00:00:00,53.181,54.369,50.081,50.681,140189.5,7271526.12694
2022-01-31 04:00:00,50.681,51.14,49.66,50.817,52026.3,2626272.29061
2022-01-31 08:00:00,50.817,51.225,50.141,50.757,40348.0,2051154.8552
2022-01-31 12:00:00,50.757,52.284,50.027,51.675,92147.5,4694652.18859
2022-01-31 16:00:00,51.675,52.699,51.267,51.525,33560.8,1748501.90059
2022-01-31 20:00:00,51.525,52.697,51.344,52.31,15256.8,796414.54924
2022-02-01 00:00:00,52.31,53.312,51.798,53.236,31189.2,1641815.68147
2022-02-01 04:00:00,53.236,53.596,52.171,52.725,38434.3,2024991.83005
2022-02-01 08:00:00,52.725,53.8,52.139,52.877,46926.1,2479529.43528
2022-02-01 12:00:00,52.877,54.802,52.531,53.304,99300.2,5357591.50048
2022-02-01 16:00:00,53.304,54.302,52.531,52.708,14351.0,767796.19248
2022-02-01 20:00:00,52.708,53.798,52.703,53.378,13265.9,707790.8305
2022-02-02 00:00:00,53.378,53.73,52.155,53.083,32455.8,1714426.88426
2022-02-02 04:00:00,53.083,53.306,51.725,52.064,16875.3,888984.67128
2022-02-02 08:00:00,52.064,54.014,51.925,53.288,41180.0,2189027.21163
2022-02-02 12:00:00,53.288,53.708,49.926,50.229,44376.2,2307729.52755
2022-02-02 16:00:00,50.229,50.705,49.193,50.695,31584.5,1578268.67339
2022-02-02 20:00:00,50.695,50.732,48.171,48.989,28812.5,1421364.37365
2022-02-03 00:00:00,48.989,49.171,47.676,48.025,24045.0,1163051.88
2022-02-03 04:00:00,48.025,48.878,47.848,48.801,16087.8,776793.07196
2022-02-03 08:00:00,48.801,49.075,46.603,47.204,48572.6,2312990.4963
2022-02-03 12:00:00,47.204,47.678,45.953,47.588,44029.8,2056670.40706
2022-02-03 16:00:00,47.588,47.763,46.499,46.711,17922.2,842773.9765
2022-02-03 20:00:00,46.711,48.407,46.325,48.407,21637.6,1025422.42828
2022-02-04 00:00:00,48.407,48.659,47.545,48.328,29348.5,1413882.4924
2022-02-04 04:00:00,48.328,49.413,47.937,48.795,25347.5,1235871.77796
2022-02-04 08:00:00,48.795,49.382,48.292,48.417,33027.8,1611400.60751
2022-02-04 12:00:00,48.417,50.083,47.511,49.44,66244.2,3230191.54294
2022-02-04 16:00:00,49.44,50.761,49.375,50.574,51804.1,2590315.28149
2022-02-04 20:00:00,50.574,51.63,49.881,51.311,27366.6,1383109.33651
2022-02-05 00:00:00,51.311,53.562,50.77,52.793,94111.2,4924139.16108
2022-02-05 04:00:00,52.793,54.961,52.697,53.377,154490.8,8328064.56073
2022-02-05 08:00:00,53.377,59.231,53.253,59.046,187874.4,10540754.49918
2022-02-05 12:00:00,59.046,59.091,56.116,57.04,188561.1,10827208.43117
2022-02-05 16:00:00,57.04,57.163,54.604,55.118,122494.9,6811535.01828
2022-02-05 20:00:00,55.118,57.942,54.688,56.674,103794.1,5792617.14019
2022-02-06 00:00:00,56.674,64.289,56.674,61.121,396433.7,24301433.40275
2022-02-06 04:00:00,61.121,62.826,59.427,62.418,220777.7,13577172.37838
2022-02-06 08:00:00,62.418,64.565,61.732,63.431,273174.9,17221494.94915
2022-02-06 12:00:00,63.431,66.491,62.9,64.594,545124.4,35233198.07465
2022-02-06 16:00:00,64.572,67.295,63.638,66.324,182877.2,11887431.90165
2022-02-06 20:00:00,66.324,68.675,64.143,68.151,170584.2,11317400.38689
2022-02-07 00:00:00,68.151,71.798,66.656,70.296,338091.8,23565857.90915
2022-02-07 04:00:00,70.296,70.571,68.977,69.759,141384.2,9867094.06021
2022-02-07 08:00:00,69.759,70.02,66.644,68.356,214424.1,14617539.32361
2022-02-07 12:00:00,68.356,69.683,67.324,68.557,183441.3,12567591.11512
2022-02-07 16:00:00,68.557,70.667,67.871,68.62,143008.1,9883015.91578
2022-02-07 20:00:00,68.62,69.607,67.974,68.267,67513.7,4635955.72796
2022-02-08 00:00:00,68.267,68.809,66.2,67.321,104716.1,7046268.21916
2022-02-08 04:00:00,67.321,69.173,65.522,65.743,161825.2,10827531.85124
2022-02-08 08:00:00,65.743,65.932,62.625,64.71,184072.1,11819726.04611
2022-02-08 12:00:00,64.71,64.71,62.139,63.521,115779.2,7345459.43459
2022-02-08 16:00:00,63.521,64.401,62.498,64.2,78687.6,5001508.48792
2022-02-08 20:00:00,64.2,67.646,64.031,66.618,123800.8,8155872.7089
2022-02-09 00:00:00,66.618,66.989,63.6,63.96,140922.9,9131258.6496
2022-02-09 04:00:00,63.96,64.473,63.0,64.271,100837.6,6445246.25146
2022-02-09 08:00:00,64.271,67.275,63.37,66.666,121107.3,7908219.59254
2022-02-09 12:00:00,66.666,67.856,65.835,66.188,139188.3,9285726.02079
2022-02-09 16:00:00,66.188,67.102,65.563,66.186,70375.1,4668047.8455
2022-02-09 20:00:00,66.186,67.993,66.019,67.499,79805.7,5345387.17733
2022-02-10 00:00:00,67.499,67.507,64.157,64.771,113259.7,7476702.01823
2022-02-10 04:00:00,64.771,66.097,64.475,65.844,75287.8,4902934.43965
2022-02-10 08:00:00,65.844,68.194,65.497,67.047,126171.5,8439922.87984
2022-02-10 12:00:00,67.047,67.489,62.365,66.49,142027.5,9262842.90713
2022-02-10 16:00:00,66.49,67.857,63.73,64.039,60961.8,4030705.05738
2022-02-10 20:00:00,64.039,65.041,62.797,63.199,61685.8,3959154.86346
2022-02-11 00:00:00,63.199,64.701,61.716,64.289,92025.9,5838567.80695
2022-02-11 04:00:00,64.289,64.442,63.093,64.025,75529.9,4817364.80169
2022-02-11 08:00:00,64.025,64.27,62.818,63.41,87688.2,5576719.8837
2022-02-11 12:00:00,63.41,64.899,63.036,63.835,83014.2,5307209.17985
2022-02-11 16:00:00,63.835,64.004,59.608,60.061,111068.7,6861761.56952
2022-02-11 20:00:00,60.061,60.228,56.635,59.056,122606.4,7109284.13653
2022-02-12 00:00:00,59.056,60.279,57.826,59.058,82851.1,4901996.98094
2022-02-12 04:00:00,59.058,59.857,56.618,58.441,103803.0,6047947.7683
2022-02-12 08:00:00,58.441,60.027,57.963,59.915,127130.4,7516149.06067
2022-02-12 12:00:00,59.915,60.008,58.108,58.926,95144.5,5621255.79232
2022-02-12 16:00:00,58.926,61.453,58.708,60.879,117800.1,7140972.11334
2022-02-12 20:00:00,60.879,61.249,58.506,59.087,99825.1,5978444.8155
2022-02-13 00:00:00,59.087,60.503,58.697,59.247,123298.2,7340158.14189
2022-02-13 04:00:00,59.247,59.794,58.711,59.511,86646.2,5146006.33524
2022-02-13 08:00:00,59.511,59.784,58.699,59.172,79864.0,4734376.1097
2022-02-13 12:00:00,59.172,59.892,58.904,58.991,48125.4,2855259.152
2022-02-13 16:00:00,58.991,59.148,56.787,57.152,136746.4,7887889.36458
2022-02-13 20:00:00,57.152,58.811,56.954,58.019,85380.1,4959645.21578
2022-02-14 00:00:00,58.019,58.214,55.734,56.95,107342.7,6086663.25776
2022-02-14 04:00:00,56.95,57.211,55.92,56.944,96280.9,5452181.45044
2022-02-14 08:00:00,56.944,57.106,56.014,56.288,68370.0,3862049.5635
2022-02-14 12:00:00,56.288,57.929,55.875,57.128,72158.0,4122527.5007
2022-02-14 16:00:00,57.128,57.674,55.19,55.3,70422.6,3986582.21038
2022-02-14 20:00:00,55.3,56.998,55.019,56.788,89593.0,5034794.93012
2022-02-15 00:00:00,56.788,59.871,56.715,58.936,113001.1,6657020.56635
2022-02-15 04:00:00,58.936,59.136,57.575,58.769,78581.1,4588287.06913
2022-02-15 08:00:00,58.769,61.378,58.51,60.372,94915.3,5683457.39786
2022-02-15 12:00:00,60.372,60.837,59.588,60.138,46196.7,2784356.71095
2022-02-15 16:00:00,60.138,61.905,59.728,61.463,84421.1,5141619.18707
2022-02-15 20:00:00,61.463,63.731,61.298,63.214,67811.6,4265847.65291
2022-02-16 00:00:00,63.214,66.147,62.83,64.647,194134.4,12620692.11536
2022-02-16 04:00:00,64.647,65.65,63.794,64.984,93486.1,6068766.46727
2022-02-16 08:00:00,64.984,65.134,63.469,64.135,79861.7,5135557.89566
2022-02-16 12:00:00,64.135,64.192,61.707,63.047,79829.0,5016050.29792
2022-02-16 16:00:00,63.047,64.428,62.139,64.167,58328.1,3686759.73768
2022-02-16 20:00:00,64.167,64.376,63.163,63.304,52788.7,3368237.86244
2022-02-17 00:00:00,63.304,64.489,61.835,61.885,89906.9,5692653.12196
2022-02-17 04:00:00,61.885,62.333,60.659,62.291,114464.7,7048499.61731
2022-02-17 08:00:00,62.291,62.399,59.84,60.793,102157.8,6224182.49414
2022-02-17 12:00:00,60.793,61.081,58.7,59.215,105696.4,6322632.38819
2022-02-17 16:00:00,59.215,59.691,55.725,57.232,85228.0,4940088.63342
2022-02-17 20:00:00,57.232,57.235,55.678,56.228,62434.4,3529945.8504
2022-02-18 00:00:00,56.228,57.942,55.724,56.961,100011.2,5715761.31465
2022-02-18 04:00:00,56.961,57.699,56.355,57.353,80773.0,4606064.5459
2022-02-18 08:00:00,57.353,57.89,56.017,56.145,54378.9,3103311.3462
2022-02-18 12:00:00,56.145,56.837,54.552,54.897,84973.1,4747310.38303
2022-02-18 16:00:00,54.897,55.465,53.7,55.384,73200.2,4010056.8848
2022-02-18 20:00:00,55.384,56.952,54.735,55.445,49078.5,2723933.8883
2022-02-19 00:00:00,55.445,56.825,55.184,55.784,62249.4,3489467.40896
2022-02-19 04:00:00,55.784,56.641,55.62,56.241,52954.9,2973071.69236
2022-02-19 08:00:00,56.241,56.575,53.839,54.194,83479.7,4612727.39691
2022-02-19 12:00:00,54.194,54.815,53.424,54.714,66912.3,3624149.30352
2022-02-19 16:00:00,54.714,55.691,53.791,53.932,70619.3,3867557.84372
2022-02-19 20:00:00,53.932,54.821,53.815,54.719,23065.4,1250909.18776
2022-02-20 00:00:00,54.719,54.814,52.57,52.695,59928.7,3215259.3983
2022-02-20 04:00:00,52.695,52.855,50.101,50.773,118846.4,6091216.52649
2022-02-20 08:00:00,50.773,51.932,49.558,51.877,90704.1,4616835.01625
2022-02-20 12:00:00,51.877,53.512,50.485,51.802,89734.9,4632799.79805
2022-02-20 16:00:00,51.802,52.593,51.658,52.1,57046.2,2972579.48355
2022-02-20 20:00:00,52.1,53.394,51.777,52.077,62086.4,3253925.6656
2022-02-21 00:00:00,52.077,55.988,51.513,54.498,113491.0,6192497.28806
2022-02-21 04:00:00,54.498,55.57,54.466,55.212,68401.5,3766245.66078
2022-02-21 08:00:00,55.212,55.895,52.341,52.774,163012.9,8883228.49268
2022-02-21 12:00:00,52.774,54.49,51.081,53.346,126890.6,6715466.93888
2022-02-21 16:00:00,53.346,54.059,50.442,51.08,92090.5,4835211.49355
2022-02-21 20:00:00,51.08,51.496,47.117,47.316,73035.8,3612866.73911
2022-02-22 00:00:00,47.316,48.629,45.937,46.573,115365.0,5469154.63676
2022-02-22 04:00:00,46.573,48.439,46.402,47.452,109917.7,5202706.57027
2022-02-22 08:00:00,47.452,50.795,47.446,49.563,92976.3,4569770.58165
2022-02-22 12:00:00,49.563,50.837,48.981,49.648,55370.7,2758816.8553
2022-02-22 16:00:00,49.648,49.949,48.236,49.712,28016.6,1376433.38374
2022-02-22 20:00:00,49.712,51.17,49.291,51.026,39684.5,1997169.8924
2022-02-23 00:00:00,51.026,51.419,49.795,50.009,36714.4,1851369.0763
2022-02-23 04:00:00,50.009,51.538,49.876,51.393,50060.3,2546121.3589
2022-02-23 08:00:00,51.393,53.158,51.139,52.607,46526.9,2426949.0579
2022-02-23 12:00:00,52.607,53.397,50.92,51.391,39705.3,2077097.28106
2022-02-23 16:00:00,51.391,52.781,49.589,49.788,49330.5,2527318.37404
2022-02-23 20:00:00,49.788,50.203,48.508,48.685,25369.7,1249371.84931
2022-02-24 00:00:00,48.685,49.305,44.276,44.379,47958.8,2270630.92765
2022-02-24 04:00:00,44.379,45.025,41.88,43.293,58277.9,2529945.41667
2022-02-24 08:00:00,43.293,44.528,42.017,43.019,64422.2,2784712.40149
2022-02-24 12:00:00,43.019,45.1,42.223,44.708,80245.0,3462478.7041
2022-02-24 16:00:00,44.708,47.391,44.407,47.324,65261.5,2960434.1078
2022-02-24 20:00:00,47.324,49.932,47.318,48.742,64500.1,3153013.6316
2022-02-25 00:00:00,48.742,49.549,48.18,49.177,44587.7,2186234.61498
2022-02-25 04:00:00,49.177,49.182,47.711,48.228,37170.7,1793594.45438
2022-02-25 08:00:00,48.228,49.078,46.173,48.739,57040.9,2706147.04295
2022-02-25 12:00:00,48.739,51.379,48.504,49.917,71774.3,3565547.6903
2022-02-25 16:00:00,49.917,50.693,49.056,49.171,36483.7,1815853.12858
2022-02-25 20:00:00,49.171,51.988,48.965,51.164,30116.6,1523495.42325
2022-02-26 00:00:00,51.164,52.871,50.87,51.256,40905.6,2119274.4071
2022-02-26 04:00:00,51.256,51.646,50.049,50.96,44599.8,2263799.8931
2022-02-26 08:00:00,50.96,51.64,49.929,50.198,51693.9,2612376.92652
2022-02-26 12:00:00,50.198,50.755,49.919,50.375,46083.5,2323297.18412
2022-02-26 16:00:00,50.375,50.788,49.842,50.37,31147.1,1571119.85578
2022-02-26 20:00:00,50.37,51.223,49.872,50.338,54121.7,2733613.27788
2022-02-27 00:00:00,50.338,50.693,47.529,48.474,46198.2,2251953.15302
2022-02-27 04:00:00,48.474,49.556,48.216,49.419,38257.5,1874555.17924
2022-02-27 08:00:00,49.419,50.495,48.764,50.495,51625.6,2571023.2301
2022-02-27 12:00:00,50.495,51.94,48.947,50.192,147077.8,7417368.57607
2022-02-27 16:00:00,50.192,50.282,47.0,47.253,40178.1,1968843.23434
2022-02-27 20:00:00,47.253,48.562,46.652,47.935,38725.2,1841903.09408
2022-02-28 00:00:00,47.935,48.886,47.022,47.842,29840.7,1427154.0502
2022-02-28 04:00:00,47.842,48.883,47.064,48.615,33999.7,1633801.2167
2022-02-28 08:00:00,48.615,49.005,48.045,48.612,58222.5,2818154.2287
2022-02-28 12:00:00,48.612,50.934,47.823,50.728,84902.5,4188307.6214
2022-02-28 16:00:00,50.728,51.446,49.777,50.317,63066.5,3179183.38282
2022-02-28 20:00:00,50.317,56.98,50.173,54.356,93158.5,5038646.58719
2022-03-01 00:00:00,54.356,55.393,53.528,53.951,77133.9,4196066.78332
2022-03-01 04:00:00,53.951,54.9,53.589,54.635,67461.3,3665243.56605
2022-03-01 08:00:00,54.635,55.295,53.348,54.58,92472.2,5026565.28144
2022-03-01 12:00:00,54.58,61.228,54.101,56.953,289123.6,16688938.77051
2022-03-01 16:00:00,56.953,58.045,55.785,57.81,85118.7,4824954.01391
2022-03-01 20:00:00,57.81,57.925,56.202,57.092,44934.0,2562534.1324
2022-03-02 00:00:00,57.092,57.451,55.074,57.026,99233.7,5561183.93601
2022-03-02 04:00:00,57.026,57.156,54.793,55.483,67628.6,3786228.3903
2022-03-02 08:00:00,55.483,56.567,54.721,56.282,63936.3,3564824.20987
2022-03-02 12:00:00,56.282,58.926,55.078,56.061,146327.2,8307143.9328
2022-03-02 16:00:00,56.061,56.637,55.208,55.285,38366.8,2151478.0083
2022-03-02 20:00:00,55.285,55.958,54.283,55.435,35152.2,1940478.45793
2022-03-03 00:00:00,55.435,55.749,53.669,54.107,45164.4,2474762.03017
2022-03-03 04:00:00,54.107,55.195,54.027,54.732,40284.4,2198541.93396
2022-03-03 08:00:00,54.732,55.059,53.668,54.347,48322.1,2626739.27992
2022-03-03 12:00:00,54.347,55.592,52.378,52.758,70542.3,3820402.05385
2022-03-03 16:00:00,52.758,53.108,51.7,52.805,36537.8,1918977.33567
2022-03-03 20:00:00,52.805,53.752,52.14,53.225,32459.6,1722709.42615
2022-03-04 00:00:00,53.225,53.333,50.508,51.172,44803.5,2302954.2366
2022-03-04 04:00:00,51.172,51.745,50.659,51.726,31581.5,1620055.96813
2022-03-04 08:00:00,51.726,53.18,50.999,52.609,66994.4,3499729.27971
2022-03-04 12:00:00,52.609,52.869,50.917,50.977,41924.4,2173496.55623
2022-03-04 16:00:00,50.977,51.603,49.468,49.586,27660.8,1401925.39679
2022-03-04 20:00:00,49.586,50.204,48.906,49.705,30699.7,1521241.6343
2022-03-05 00:00:00,49.705,50.036,48.627,49.771,32314.3,1592119.92582
2022-03-05 04:00:00,49.771,50.538,49.175,50.335,22207.9,1109820.93056
2022-03-05 08:00:00,50.335,51.01,50.11,50.526,33574.5,1698667.8385
2022-03-05 12:00:00,50.526,51.994,50.516,51.104,70109.7,3594768.49697
2022-03-05 16:00:00,51.104,52.423,50.999,51.78,59403.4,3075992.634
2022-03-05 20:00:00,51.78,52.984,51.516,51.79,30781.7,1601285.25147
2022-03-06 00:00:00,51.79,52.245,50.187,50.245,50527.5,2587655.74367
2022-03-06 04:00:00,50.245,51.068,49.48,50.376,45026.4,2266009.5723
2022-03-06 08:00:00,50.376,50.38,49.118,49.612,42342.4,2102500.61718
2022-03-06 12:00:00,49.612,50.341,49.204,49.819,32636.0,1623676.0209
2022-03-06 16:00:00,49.819,50.238,49.055,49.256,24806.4,1235219.95222
2022-03-06 20:00:00,49.256,50.012,48.416,48.803,21833.5,1077538.8178
2022-03-07 00:00:00,48.803,48.831,46.307,46.955,48381.9,2298567.606
2022-03-07 04:00:00,46.955,47.675,46.615,46.839,30419.3,1438166.16864
2022-03-07 08:00:00,46.839,47.937,46.564,47.823,48501.0,2295113.3301
2022-03-07 12:00:00,47.823,50.117,47.82,49.447,60402.2,2971249.272
2022-03-07 16:00:00,49.447,49.92,45.91,46.146,31704.1,1524408.17314
2022-03-07 20:00:00,46.146,46.701,45.581,46.04,31233.9,1440037.3793
2022-03-08 00:00:00,46.04,47.197,45.601,46.829,52067.8,2424013.74677
2022-03-08 04:00:00,46.829,47.02,46.01,46.56,56523.6,2626346.6107
2022-03-08 08:00:00,46.56,47.5,46.451,47.137,48261.4,2271890.79342
2022-03-08 12:00:00,47.137,47.342,45.986,46.396,47737.2,2227948.12054
2022-03-08 16:00:00,46.396,47.549,45.867,46.727,42801.5,1996838.92304
2022-03-08 20:00:00,46.727,46.906,46.031,46.275,33603.9,1560769.09487
2022-03-09 00:00:00,46.275,48.878,46.131,48.354,82016.2,3876327.7738
2022-03-09 04:00:00,48.354,49.376,48.047,49.276,94824.5,4606859.7595
2022-03-09 08:00:00,49.276,49.389,48.225,48.765,58030.4,2824898.42765
2022-03-09 12:00:00,48.765,49.204,48.061,48.987,39617.2,1926764.689
2022-03-09 16:00:00,48.987,49.023,47.411,48.033,34361.7,1657655.32915
2022-03-09 20:00:00,48.033,48.842,47.496,48.523,35399.2,1703999.1617
2022-03-10 00:00:00,48.523,48.875,46.751,47.072,81396.0,3880858.56292
2022-03-10 04:00:00,47.072,47.09,45.2,45.893,90184.2,4144849.4639
2022-03-10 08:00:00,45.893,45.985,45.294,45.771,33457.3,1526371.2407
2022-03-10 12:00:00,45.771,46.644,44.848,46.024,59724.5,2736407.54762
2022-03-10 16:00:00,46.024,47.915,45.662,46.939,30705.3,1429922.14966
2022-03-10 20:00:00,46.939,47.454,46.53,46.733,31276.8,1468245.2045
2022-03-11 00:00:00,46.733,46.733,45.099,45.974,49374.7,2267430.9931
2022-03-11 04:00:00,45.974,47.057,45.49,46.791,25105.6,1163810.98583
2022-03-11 08:00:00,46.791,48.173,46.438,47.582,61452.5,2900610.7271
2022-03-11 12:00:00,47.582,48.176,45.918,46.298,51165.6,2415655.26869
2022-03-11 16:00:00,46.298,46.518,45.549,46.129,34165.1,1574884.68116
2022-03-11 20:00:00,46.129,46.381,45.459,45.824,31599.0,1452683.0026
2022-03-12 00:00:00,45.824,48.56,45.73,46.967,114899.4,5453986.166
2022-03-12 04:00:00,46.967,47.318,46.628,46.957,74799.9,3513754.89896
2022-03-12 08:00:00,46.957,47.131,46.307,46.686,44587.4,2083783.8129
2022-03-12 12:00:00,46.686,47.088,46.227,46.607,28087.5,1310490.4331
2022-03-12 16:00:00,46.607,47.178,46.485,46.538,19120.3,894754.05756
2022-03-12 20:00:00,46.538,47.069,46.465,46.541,10927.5,511744.4981
2022-03-13 00:00:00,46.541,48.038,46.296,47.33,49940.6,2367268.76346
2022-03-13 04:00:00,47.33,47.584,46.93,46.999,32222.8,1517910.462
2022-03-13 08:00:00,46.999,47.13,46.46,46.609,33951.5,1588623.1531
2022-03-13 12:00:00,46.609,46.788,45.936,46.639,69208.0,3207667.18358
2022-03-13 16:00:00,46.639,46.659,46.07,46.108,23503.6,1090982.7297
2022-03-13 20:00:00,46.108,46.175,44.88,45.154,35127.3,1598149.35044
2022-03-14 00:00:00,45.154,45.485,44.515,45.12,25823.0,1162344.4341
2022-03-14 04:00:00,45.12,46.417,45.088,46.287,36396.1,1671193.69856
2022-03-14 08:00:00,46.287,46.95,46.222,46.65,33844.4,1577908.66902
2022-03-14 12:00:00,46.65,47.618,46.331,47.058,57510.6,2693792.7259
2022-03-14 16:00:00,47.058,47.73,46.521,47.412,31738.8,1498692.91639
2022-03-14 20:00:00,47.412,47.995,46.865,47.829,37292.5,1774430.03525
2022-03-15 00:00:00,47.829,48.861,46.78,46.968,40601.6,1937362.8327
2022-03-15 04:00:00,46.968,47.336,45.96,46.176,15777.1,738174.6105
2022-03-15 08:00:00,46.176,46.565,45.794,46.343,14749.5,681112.4974
2022-03-15 12:00:00,46.343,47.058,45.933,46.74,20442.9,950453.14084
2022-03-15 16:00:00,46.74,47.937,46.462,47.551,14022.4,661562.02589
2022-03-15 20:00:00,47.551,47.716,46.373,46.851,13464.2,632366.49928
2022-03-16 00:00:00,46.851,48.439,46.434,46.798,40697.9,1935477.73625
2022-03-16 04:00:00,46.798,47.547,46.271,47.547,24693.6,1155103.09347
2022-03-16 08:00:00,47.547,49.047,47.301,48.521,61688.5,2988839.62978
2022-03-16 12:00:00,48.521,49.14,48.084,48.691,36585.6,1775679.82743
2022-03-16 16:00:00,48.691,50.785,47.334,50.198,38388.4,1885999.21604
2022-03-16 20:00:00,50.198,50.604,49.64,50.416,46276.2,2321593.94555
2022-03-17 00:00:00,50.416,50.497,49.567,50.184,25344.3,1268501.61187
2022-03-17 04:00:00,50.184,50.45,49.343,49.62,28644.8,1429018.5
2022-03-17 08:00:00,49.62,51.045,49.604,50.339,75311.8,3790175.03988
2022-03-17 12:00:00,50.339,51.237,50.199,50.294,47322.3,2397532.30128
2022-03-17 16:00:00,50.294,50.816,50.169,50.706,14695.9,742555.88009
2022-03-17 20:00:00,50.706,50.794,50.161,50.208,18070.0,911555.85503
2022-03-18 00:00:00,50.208,50.225,48.924,49.108,42681.8,2112344.11434
2022-03-18 04:00:00,49.108,50.042,49.009,49.651,36807.5,1826717.82335
2022-03-18 08:00:00,49.651,50.031,48.449,48.649,32230.7,1589097.10244
2022-03-18 12:00:00,48.649,49.597,48.502,49.539,36774.7,1803572.75784
2022-03-18 16:00:00,49.539,51.12,49.509,51.047,70967.4,3566471.25988
2022-03-18 20:00:00,51.047,51.366,50.05,50.425,28492.8,1435577.44287
2022-03-19 00:00:00,50.425,51.17,50.09,50.516,27759.5,1401365.48475
2022-03-19 04:00:00,50.516,50.886,50.315,50.477,17475.7,883903.25258
2022-03-19 08:00:00,50.477,51.977,50.325,51.968,59467.6,3058547.59645
2022-03-19 12:00:00,51.968,52.823,51.651,52.202,62887.5,3278699.97437
2022-03-19 16:00:00,52.202,54.277,51.71,53.07,92222.2,4902096.49498
2022-03-19 20:00:00,53.07,53.153,51.503,51.989,26684.1,1394310.89937
2022-03-20 00:00:00,51.989,52.053,50.734,51.867,66519.5,3419237.24532
2022-03-20 04:00:00,51.867,52.473,51.682,51.967,35342.6,1837171.19914
2022-03-20 08:00:00,51.967,52.006,50.558,50.86,41665.7,2137295.42272
2022-03-20 12:00:00,50.86,51.277,50.25,50.679,74997.4,3809860.28687
2022-03-20 16:00:00,50.679,50.981,48.997,50.008,30979.2,1543919.43681
2022-03-20 20:00:00,50.008,50.376,49.564,49.801,10520.1,524801.41162
2022-03-21 00:00:00,49.801,50.35,49.069,49.665,31951.6,1588849.68727
2022-03-21 04:00:00,49.665,50.82,49.534,50.805,17775.7,893354.66761
2022-03-21 08:00:00,50.805,51.863,50.588,51.091,41730.7,2137336.60233
2022-03-21 12:00:00,51.091,51.471,50.005,50.428,40313.3,2043426.39611
2022-03-21 16:00:00,50.428,50.551,49.562,50.359,24928.4,1244500.32284
2022-03-21 20:00:00,50.359,50.742,50.092,50.119,14117.1,710937.87974
2022-03-22 00:00:00,50.119,51.967,49.714,51.853,37842.5,1928437.4664
2022-03-22 04:00:00,51.853,52.397,50.885,51.395,44476.1,2296196.69197
2022-03-22 08:00:00,51.395,51.946,51.16,51.815,43991.5,2268504.25871
2022-03-22 12:00:00,51.815,52.14,51.307,51.666,43275.0,2238220.60189
2022-03-22 16:00:00,51.666,53.452,51.559,52.472,30613.0,1607494.23457
2022-03-22 20:00:00,52.472,53.137,51.835,52.334,48787.1,2564873.48698
2022-03-23 00:00:00,52.334,52.5,51.063,51.108,56251.2,2920916.43015
2022-03-23 04:00:00,51.108,51.957,50.706,51.882,36907.9,1894321.98053
2022-03-23 08:00:00,51.882,52.059,51.395,51.781,38335.0,1982111.42133
2022-03-23 12:00:00,51.781,54.165,51.527,53.878,77875.1,4112185.52455
2022-03-23 16:00:00,53.878,57.635,53.543,57.144,148964.3,8364358.4103
2022-03-23 20:00:00,57.144,58.548,57.126,58.272,93614.4,5413462.79255
2022-03-24 00:00:00,58.272,62.615,58.272,59.217,293333.6,17829193.83972
2022-03-24 04:00:00,59.217,59.587,58.435,59.308,100777.8,5951666.09918
2022-03-24 08:00:00,59.308,64.77,59.195,63.833,447612.1,28009341.02223
2022-03-24 12:00:00,63.833,67.92,62.458,67.228,544841.4,35576746.46034
2022-03-24 16:00:00,67.228,69.836,66.256,68.034,217904.2,14759227.27602
2022-03-24 20:00:00,68.034,71.732,67.612,70.25,181635.5,12723613.53163
2022-03-25 00:00:00,70.25,74.358,69.474,71.215,362967.9,26097994.46653
2022-03-25 04:00:00,71.215,72.37,70.631,70.958,215900.2,15415815.70566
2022-03-25 08:00:00,70.958,74.41,70.462,72.896,330694.4,24111347.4434
2022-03-25 12:00:00,72.896,73.626,70.01,70.394,171738.4,12273883.39063
2022-03-25 16:00:00,70.394,71.594,69.491,70.786,116545.7,8216061.23762
2022-03-25 20:00:00,70.786,71.836,70.146,71.495,56120.9,3988019.34738
2022-03-26 00:00:00,71.495,72.904,67.667,69.141,230139.2,16075748.08302
2022-03-26 04:00:00,69.141,69.685,68.782,69.205,64732.1,4477542.20164
2022-03-26 08:00:00,69.205,69.549,68.347,68.481,67254.1,4639859.32673
2022-03-26 12:00:00,68.481,68.576,66.742,67.441,203096.9,13703543.08895
2022-03-26 16:00:00,67.441,68.27,67.06,67.688,102650.7,6941110.15407
2022-03-26 20:00:00,67.688,67.787,66.425,66.852,68787.2,4599694.48061
2022-03-27 00:00:00,66.852,67.019,65.32,65.548,140913.4,9273427.68814
2022-03-27 04:00:00,65.548,67.9,64.768,67.791,262694.4,17428189.8012
2022-03-27 08:00:00,67.791,67.935,66.153,66.43,162306.7,10892705.99533
2022-03-27 12:00:00,66.43,66.562,64.969,65.324,180035.3,11835215.84884
2022-03-27 16:00:00,65.324,66.247,64.214,66.126,72460.4,4730658.41371
2022-03-27 20:00:00,66.126,68.464,65.535,68.214,140161.8,9438478.87813
2022-03-28 00:00:00,68.214,68.4,66.278,67.92,122832.4,8263914.90567
2022-03-28 04:00:00,67.92,67.988,66.407,67.157,90939.0,6113942.80645
2022-03-28 08:00:00,67.157,70.358,66.528,68.833,206988.6,14256434.5953
2022-03-28 12:00:00,68.833,69.922,67.588,68.758,181383.2,12486810.63617
2022-03-28 16:00:00,68.758,72.2,67.962,71.119,96344.1,6745343.56302
2022-03-28 20:00:00,71.119,71.258,65.243,66.313,131545.4,8976565.07869
2022-03-29 00:00:00,66.313,67.925,66.039,67.309,74600.7,5020675.55616
2022-03-29 04:00:00,67.309,70.663,66.965,69.308,134542.9,9265364.44756
2022-03-29 08:00:00,69.308,70.418,68.555,69.438,99222.5,6890428.19102
2022-03-29 12:00:00,69.438,70.361,62.584,64.078,331282.9,22290155.88197
2022-03-29 16:00:00,64.078,66.164,62.5,65.047,152814.6,9846678.54018
2022-03-29 20:00:00,65.047,65.228,63.0,63.89,78823.3,5045209.51925
2022-03-30 00:00:00,63.89,63.983,61.534,63.272,121466.5,7644540.50352
2022-03-30 04:00:00,63.272,65.781,63.255,65.221,113704.3,7333094.62337
2022-03-30 08:00:00,65.221,66.572,64.447,65.392,122658.1,8024537.04097
2022-03-30 12:00:00,65.392,65.657,63.362,64.68,114154.1,7360640.90269
2022-03-30 16:00:00,64.68,65.734,63.484,64.136,59810.7,3882474.06717
2022-03-30 20:00:00,64.136,64.603,63.568,64.156,38092.9,2440149.25105
2022-03-31 00:00:00,64.156,68.511,63.866,66.249,209066.4,13841895.54564
2022-03-31 04:00:00,66.249,67.243,64.964,65.782,83554.5,5511278.05388
2022-03-31 08:00:00,65.782,66.085,65.156,65.65,79153.1,5196110.96567
2022-03-31 12:00:00,65.65,66.5,61.693,63.345,164154.1,10529470.11195
2022-03-31 16:00:00,63.345,63.604,61.827,62.66,52221.9,3267401.79584
2022-03-31 20:00:00,62.66,64.148,62.44,63.339,39860.0,2524513.01625
2022-04-01 00:00:00,63.339,63.861,59.956,61.267,103941.9,6423541.94644
2022-04-01 04:00:00,61.267,62.726,61.065,62.682,38205.7,2364690.37966
2022-04-01 08:00:00,62.682,63.231,62.02,62.099,43200.6,2704738.74738
2022-04-01 12:00:00,62.099,64.607,61.394,64.073,88007.6,5572908.23043
2022-04-01 16:00:00,64.073,66.743,63.506,66.186,96486.0,6302066.78172
2022-04-01 20:00:00,66.186,67.228,65.1004,66.066,82291.0,5438655.07774
2022-04-02 00:00:00,66.066,75.401,65.331,72.424,556643.5,40059341.74145
2022-04-02 04:00:00,72.424,73.246,70.498,70.817,229305.1,16421899.94691
2022-04-02 08:00:00,70.817,71.286,69.452,70.434,128987.0,9095699.26723
2022-04-02 12:00:00,70.434,71.075,66.047,67.474,219995.8,15153305.33178
2022-04-02 16:00:00,67.474,68.151,63.827,65.727,100003.0,6646482.47865
2022-04-02 20:00:00,65.727,66.904,64.453,65.186,50096.5,3308303.72505
2022-04-03 00:00:00,65.186,67.107,63.907,65.986,132124.1,8685277.71102
2022-04-03 04:00:00,65.986,67.308,65.913,66.526,69756.6,4641194.45103
2022-04-03 08:00:00,66.526,66.837,65.229,66.042,52854.0,3487640.51203
2022-04-03 12:00:00,66.042,68.4199,65.389,67.419,95970.1,6423051.94486
2022-04-03 16:00:00,67.419,67.549,65.439,65.906,30523.8,2021330.9048
2022-04-03 20:00:00,65.906,67.72,65.753,66.529,33353.6,2221192.42395
2022-04-04 00:00:00,66.529,66.542,64.534,65.38,60478.5,3955135.33728
2022-04-04 04:00:00,65.38,66.095,65.155,66.017,31639.7,2078582.9315
2022-04-04 08:00:00,66.017,67.006,63.784,64.788,104761.4,6828326.78401
2022-04-04 12:00:00,64.788,65.05,61.961,62.473,126531.7,8017225.15084
2022-04-04 16:00:00,62.473,63.196,61.312,63.104,52054.9,3245368.73362
2022-04-04 20:00:00,63.104,64.294,62.555,63.73,45119.6,2873789.79019
2022-04-05 00:00:00,63.73,64.35,63.15,63.692,46218.8,2946360.73231
2022-04-05 04:00:00,63.692,64.49,63.204,63.846,59322.1,3783341.06075
2022-04-05 08:00:00,63.846,65.24,63.706,64.341,75487.7,4852050.01694
2022-04-05 12:00:00,64.341,64.906,61.784,62.329,92578.4,5856328.84303
2022-04-05 16:00:00,62.329,63.421,61.467,62.321,34026.0,2122936.62208
2022-04-05 20:00:00,62.321,62.595,61.216,61.617,22111.6,1365751.12657
2022-04-06 00:00:00,61.617,61.655,55.29,57.773,154605.6,8949677.37428
2022-04-06 04:00:00,57.773,59.111,57.261,58.428,45517.5,2656449.32495
2022-04-06 08:00:00,58.428,62.704,57.569,58.65,130293.6,7835816.08856
2022-04-06 12:00:00,58.65,59.05,55.925,56.538,104211.1,6009023.3791
2022-04-06 16:00:00,56.538,56.826,54.815,56.012,40646.0,2269313.80665
2022-04-06 20:00:00,56.012,56.377,52.984,53.323,45188.9,2459326.65716
2022-04-07 00:00:00,53.323,54.242,52.041,53.707,38828.0,2062935.49207
2022-04-07 04:00:00,53.707,55.788,53.654,54.973,51273.5,2803884.90964
2022-04-07 08:00:00,54.973,55.68,53.753,55.455,57732.2,3150470.87064
2022-04-07 12:00:00,55.455,55.703,52.626,53.119,65201.3,3541783.87544
2022-04-07 16:00:00,53.119,54.501,52.827,53.873,31567.9,1693879.21152
2022-04-07 20:00:00,53.873,55.263,53.794,54.768,27673.2,1508498.36024
2022-04-08 00:00:00,54.768,55.218,54.203,54.991,32678.1,1789699.35148
2022-04-08 04:00:00,54.991,55.174,53.872,54.597,56151.6,3071032.18249
2022-04-08 08:00:00,54.597,55.004,52.829,52.94,46681.5,2525994.27792
2022-04-08 12:00:00,52.94,54.191,52.324,53.566,53944.5,2872953.50413
2022-04-08 16:00:00,53.566,53.712,51.33,51.875,35949.1,1877246.00426
2022-04-08 20:00:00,51.875,52.096,50.063,50.682,28872.2,1467029.8107
2022-04-09 00:00:00,50.682,51.793,50.576,51.047,38477.4,1967592.42042
2022-04-09 04:00:00,51.047,52.357,50.953,52.107,31210.0,1619097.11305
2022-04-09 08:00:00,52.107,52.63,51.688,52.282,35191.3,1832961.32438
2022-04-09 12:00:00,52.282,52.336,50.531,50.682,29550.3,1518372.36213
2022-04-09 16:00:00,50.682,51.364,50.668,50.778,17995.1,918348.84586
2022-04-09 20:00:00,50.778,51.786,50.595,51.71,17547.5,898153.50598
2022-04-10 00:00:00,51.71,52.103,51.063,51.813,33411.8,1725009.87747
2022-04-10 04:00:00,51.813,51.854,50.901,51.078,35818.1,1837839.19752
2022-04-10 08:00:00,51.078,51.248,50.092,50.448,39750.5,2009895.90433
2022-04-10 12:00:00,50.448,50.712,50.051,50.4,32898.6,1654649.43203
2022-04-10 16:00:00,50.4,51.06,50.154,50.873,16584.6,840924.28307
2022-04-10 20:00:00,50.873,51.485,48.756,48.929,73661.3,3687767.56361
2022-04-11 00:00:00,48.929,49.044,46.703,47.289,69385.4,3311889.87676
2022-04-11 04:00:00,47.289,47.796,47.062,47.654,43672.0,2070806.15567
2022-04-11 08:00:00,47.654,47.76,45.222,45.556,66599.0,3080899.24838
2022-04-11 12:00:00,45.556,46.126,45.033,45.162,54425.0,2481146.45846
2022-04-11 16:00:00,45.162,46.281,44.729,45.258,22173.1,1009410.37021
2022-04-11 20:00:00,45.258,45.817,44.046,45.135,32162.5,1448824.3786
2022-04-12 00:00:00,45.135,47.156,44.782,46.471,48463.6,2213427.75306
2022-04-12 04:00:00,46.471,48.627,46.459,47.558,165016.7,7875500.91798
2022-04-12 08:00:00,47.558,47.977,47.057,47.62,58166.0,2764568.30161
2022-04-12 12:00:00,47.62,48.825,46.4701,46.795,63323.5,3014638.33107
2022-04-12 16:00:00,46.795,47.516,45.376,45.546,31694.7,1478045.29806
2022-04-12 20:00:00,45.546,47.441,45.498,47.218,20051.1,931639.05353
2022-04-13 00:00:00,47.218,48.574,46.717,47.489,43049.2,2042964.60883
2022-04-13 04:00:00,47.489,48.286,47.358,47.806,42364.1,2023694.21713
2022-04-13 08:00:00,47.806,48.424,47.054,47.176,60975.7,2913264.85039
2022-04-13 12:00:00,47.176,48.913,46.555,48.245,69035.5,3296770.29662
2022-04-13 16:00:00,48.245,48.598,47.829,48.062,16019.0,773476.41923
2022-04-13 20:00:00,48.062,48.625,47.925,48.446,19737.2,952066.72242
2022-04-14 00:00:00,48.446,49.533,48.107,48.706,44557.2,2179628.076
2022-04-14 04:00:00,48.706,49.263,48.315,48.614,30531.5,1491860.75258
2022-04-14 08:00:00,48.614,48.713,47.249,47.413,37686.2,1809417.0812
2022-04-14 12:00:00,47.413,48.287,46.041,46.164,59846.5,2820135.5814
2022-04-14 16:00:00,46.164,46.519,45.68,46.099,21747.4,1002657.55673
2022-04-14 20:00:00,46.099,47.165,45.89,46.766,17996.4,839939.02914
2022-04-15 00:00:00,46.766,47.931,46.694,47.854,38343.6,1818100.25375
2022-04-15 04:00:00,47.854,50.153,47.698,48.435,97173.9,4733915.54971
2022-04-15 08:00:00,48.435,48.462,47.469,48.035,47343.2,2269303.13547
2022-04-15 12:00:00,48.035,48.364,46.945,47.652,45763.9,2184140.08609
2022-04-15 16:00:00,47.652,47.856,47.275,47.374,19256.1,916054.78491
2022-04-15 20:00:00,47.374,48.013,47.232,47.885,22979.4,1096410.80015
2022-04-16 00:00:00,47.885,48.5,47.662,47.745,31444.2,1510397.07645
2022-04-16 04:00:00,47.745,48.167,47.636,47.795,18466.2,884400.03891
2022-04-16 08:00:00,47.795,47.875,47.291,47.596,18832.5,896396.39403
2022-04-16 12:00:00,47.596,48.037,46.669,46.857,27077.0,1285379.26186
2022-04-16 16:00:00,46.857,47.082,46.704,46.879,19624.4,920379.65399
2022-04-16 20:00:00,46.879,47.801,46.808,47.394,17533.7,829054.202
2022-04-17 00:00:00,47.394,47.856,46.923,47.113,21217.1,1006535.84075
2022-04-17 04:00:00,47.113,47.789,47.104,47.454,12956.4,614891.44905
2022-04-17 08:00:00,47.454,47.549,47.203,47.505,10676.2,506473.76773
2022-04-17 12:00:00,47.505,47.819,47.3,47.655,17808.1,846622.93659
2022-04-17 16:00:00,47.655,47.742,46.394,46.782,22785.1,1071749.64062
2022-04-17 20:00:00,46.782,46.869,45.093,45.39,30147.2,1387619.17802
2022-04-18 00:00:00,45.39,46.059,45.301,45.732,24004.3,1097716.98168
2022-04-18 04:00:00,45.732,45.76,42.721,43.408,72167.2,3166263.41592
2022-04-18 08:00:00,43.408,43.813,43.032,43.666,36185.0,1571290.40991
2022-04-18 12:00:00,43.666,44.795,43.666,44.318,36118.1,1599650.01355
2022-04-18 16:00:00,44.318,46.373,43.679,45.786,22591.9,1025372.37909
2022-04-18 20:00:00,45.786,46.286,45.693,46.201,15618.6,719402.14322
2022-04-19 00:00:00,46.201,46.778,45.379,45.629,33430.8,1537538.97161
2022-04-19 04:00:00,45.629,46.267,45.598,45.688,23268.4,1068327.57247
2022-04-19 08:00:00,45.688,47.64,45.596,46.724,48871.9,2289786.61371
2022-04-19 12:00:00,46.724,47.913,46.651,47.245,37670.1,1780163.3073
2022-04-19 16:00:00,47.245,47.933,46.883,46.936,22739.2,1077897.77611
2022-04-19 20:00:00,46.936,47.463,46.556,47.341,16642.6,781868.54758
2022-04-20 00:00:00,47.341,48.404,46.319,47.5,48533.8,2298523.40202
2022-04-20 04:00:00,47.5,47.776,47.081,47.251,24917.3,1181335.38408
2022-04-20 08:00:00,47.251,48.219,47.101,48.125,32911.0,1567757.98434
2022-04-20 12:00:00,48.125,48.395,45.925,46.188,51550.6,2434980.1483
2022-04-20 16:00:00,46.188,46.425,45.23,45.664,23192.5,1065270.22374
2022-04-20 20:00:00,45.664,46.445,45.484,46.144,11073.7,510573.91648
2022-04-21 00:00:00,46.144,47.018,46.079,46.851,19948.1,930513.66934
2022-04-21 04:00:00,46.851,46.89,45.652,46.463,32518.9,1503942.24367
2022-04-21 08:00:00,46.463,47.563,46.237,47.171,32289.6,1511130.81245
2022-04-21 12:00:00,47.171,48.058,46.939,47.091,45987.8,2176361.81369
2022-04-21 16:00:00,47.091,47.408,45.935,46.16,23753.5,1107781.71264
2022-04-21 20:00:00,46.16,46.16,44.263,44.862,48479.5,2191600.87657
2022-04-22 00:00:00,44.862,46.385,44.719,45.508,27505.6,1255295.71904
2022-04-22 04:00:00,45.508,46.652,45.493,46.193,28228.4,1299444.8962
2022-04-22 08:00:00,46.193,46.692,45.806,46.405,17626.7,815048.77979
2022-04-22 12:00:00,46.405,46.569,44.795,45.049,25788.4,1180492.0101
2022-04-22 16:00:00,45.049,46.26,44.791,45.848,14348.7,657339.2643
2022-04-22 20:00:00,45.848,46.14,45.451,45.939,16417.7,752498.50328
2022-04-23 00:00:00,45.939,46.1,45.279,45.459,12922.4,589897.38785
2022-04-23 04:00:00,45.459,45.778,44.869,45.38,16216.3,736046.52866
2022-04-23 08:00:00,45.38,45.885,45.12,45.601,24542.9,1118437.74068
2022-04-23 12:00:00,45.601,45.928,45.244,45.79,12142.9,554400.21946
2022-04-23 16:00:00,45.79,46.071,45.413,45.648,9549.4,436897.56602
2022-04-23 20:00:00,45.648,45.955,44.985,45.094,6075.0,276474.25683
2022-04-24 00:00:00,45.094,45.5,44.749,45.401,32851.1,1486726.40278
2022-04-24 04:00:00,45.401,45.479,45.05,45.4,14918.5,675335.47389
2022-04-24 08:00:00,45.4,45.523,44.946,45.081,19181.8,867111.7389
2022-04-24 12:00:00,45.081,45.194,44.622,44.975,38400.6,1724526.64264
2022-04-24 16:00:00,44.975,45.128,44.122,45.03,33307.5,1483405.59743
2022-04-24 20:00:00,45.03,45.058,44.222,44.321,12525.9,557921.6188
2022-04-25 00:00:00,44.321,44.415,42.601,43.269,43875.5,1897009.51426
2022-04-25 04:00:00,43.269,43.311,39.477,40.537,66994.9,2775506.07118
2022-04-25 08:00:00,40.537,41.317,40.132,41.31,61901.2,2515646.01614
2022-04-25 12:00:00,41.31,41.777,40.933,41.393,27533.3,1139195.73417
2022-04-25 16:00:00,41.393,42.746,41.302,42.661,19402.5,818830.58566
2022-04-25 20:00:00,42.661,43.007,42.318,42.879,21855.8,933372.54199
2022-04-26 00:00:00,42.879,43.301,42.342,42.415,23566.8,1005829.35649
2022-04-26 04:00:00,42.415,43.407,42.343,42.816,21460.1,921160.63947
2022-04-26 08:00:00,42.816,43.053,42.152,42.731,27211.8,1160449.34241
2022-04-26 12:00:00,42.731,42.914,39.633,39.77,58273.2,2392887.92526
2022-04-26 16:00:00,39.77,40.31,37.93,38.638,48152.3,1887274.87015
2022-04-26 20:00:00,38.638,39.57,37.854,38.687,19987.7,775724.67889
2022-04-27 00:00:00,38.687,39.33,38.275,39.041,19373.6,754709.8025
2022-04-27 04:00:00,39.041,39.857,38.961,39.812,15447.8,608925.57376
2022-04-27 08:00:00,39.812,40.076,38.573,39.086,26244.3,1030637.5982
2022-04-27 12:00:00,39.086,39.893,38.853,38.98,35490.7,1391046.77359
2022-04-27 16:00:00,38.98,39.11,37.102,37.549,28830.1,1103640.92328
2022-04-27 20:00:00,37.549,38.833,37.509,38.744,18731.4,719167.97706
2022-04-28 00:00:00,38.744,38.841,38.041,38.144,26423.5,1013821.03479
2022-04-28 04:00:00,38.144,39.551,38.052,39.144,39731.8,1546083.97785
2022-04-28 08:00:00,39.144,40.057,38.933,39.475,31383.2,1238357.85704
2022-04-28 12:00:00,39.475,39.801,37.595,37.855,105699.2,4056941.41432
2022-04-28 16:00:00,37.855,38.681,37.333,38.038,29294.1,1115734.90134
2022-04-28 20:00:00,38.038,38.194,37.682,38.025,12371.4,468928.69876
2022-04-29 00:00:00,38.025,38.651,36.801,37.172,26779.6,1007614.04695
2022-04-29 04:00:00,37.172,37.235,36.67,37.122,29622.3,1094251.05658
2022-04-29 08:00:00,37.122,37.201,35.179,35.388,51690.1,1860568.81739
2022-04-29 12:00:00,35.388,35.75,34.697,35.051,60616.1,2130769.31583
2022-04-29 16:00:00,35.051,35.238,33.35,33.663,69127.1,2365800.56477
2022-04-29 20:00:00,33.663,34.58,33.628,34.308,26332.8,897439.51169
2022-04-30 00:00:00,34.308,34.527,33.425,33.791,25262.2,859155.77677
2022-04-30 04:00:00,33.791,34.825,33.647,34.229,37553.3,1285179.99921
2022-04-30 08:00:00,34.229,34.374,33.487,34.209,29639.8,1005287.22039
2022-04-30 12:00:00,34.209,34.45,32.3,32.539,56577.8,1873630.68591
2022-04-30 16:00:00,32.539,32.833,31.011,31.541,50441.4,1597865.64779
2022-04-30 20:00:00,31.541,31.541,26.286,28.985,125734.0,3695748.97899
2022-05-01 00:00:00,28.985,30.323,27.79,30.068,169830.3,4965693.28542
2022-05-01 04:00:00,30.068,32.325,29.868,30.988,141219.5,4400667.75998
2022-05-01 08:00:00,30.988,31.719,30.509,30.581,79072.7,2465445.42517
2022-05-01 12:00:00,30.581,32.236,30.263,31.901,64896.9,2002883.94559
2022-05-01 16:00:00,31.901,32.525,30.308,30.697,56607.9,1791683.70634
2022-05-01 20:00:00,30.697,32.261,30.469,31.797,61231.1,1918912.6341
2022-05-02 00:00:00,31.797,32.279,31.039,31.189,78322.9,2468500.78612
2022-05-02 04:00:00,31.189,31.68,30.949,31.049,26141.3,818376.94331
2022-05-02 08:00:00,31.049,31.164,29.871,29.991,52928.9,1610733.83712
2022-05-02 12:00:00,29.991,30.993,29.936,30.249,85776.5,2618791.51627
2022-05-02 16:00:00,30.249,30.308,29.758,30.014,41137.7,1231815.80624
2022-05-02 20:00:00,30.014,30.54,29.8451,30.178,15458.9,467295.00805
2022-05-03 00:00:00,30.178,30.343,29.857,30.198,31579.0,949388.19487
2022-05-03 04:00:00,30.198,30.738,29.823,30.09,43831.1,1326820.67218
2022-05-03 08:00:00,30.09,30.5,29.396,30.47,41841.1,1253547.79409
2022-05-03 12:00:00,30.47,30.845,29.962,30.13,58033.1,1756385.48441
2022-05-03 16:00:00,30.13,30.209,28.572,29.18,49478.4,1448510.74845
2022-05-03 20:00:00,29.18,29.4,28.757,29.082,24047.7,697981.94171
2022-05-04 00:00:00,29.082,29.46,28.937,29.273,45012.8,1315200.00823
2022-05-04 04:00:00,29.273,29.432,28.063,29.312,91727.3,2631788.2422
2022-05-04 08:00:00,29.312,30.47,29.301,30.29,87443.3,2622949.45953
2022-05-04 12:00:00,30.29,30.426,29.086,29.314,76008.2,2246402.54001
2022-05-04 16:00:00,29.314,33.006,29.17,32.798,95799.4,3003518.45014
2022-05-04 20:00:00,32.798,33.7978,32.637,33.327,66929.3,2220815.93353
2022-05-05 00:00:00,33.327,34.467,33.297,33.803,64938.9,2189965.59769
2022-05-05 04:00:00,33.803,35.207,33.266,34.611,60241.5,2042313.18996
2022-05-05 08:00:00,34.611,34.752,33.392,33.834,98092.8,3328171.85899
2022-05-05 12:00:00,33.834,34.2,28.767,29.125,180351.0,5742576.33443
2022-05-05 16:00:00,29.125,29.716,27.9342,29.12,64697.4,1864182.7103
2022-05-05 20:00:00,29.12,29.211,28.567,28.933,26560.4,767507.25492
2022-05-06 00:00:00,28.933,29.076,28.226,29.03,42963.9,1234607.37646
2022-05-06 04:00:00,29.03,29.046,27.775,28.386,44509.0,1271084.24943
2022-05-06 08:00:00,28.386,28.779,27.599,27.916,47555.5,1344836.56159
2022-05-06 12:00:00,27.916,28.527,27.125,27.95,75073.5,2092425.27782
2022-05-06 16:00:00,27.95,28.473,27.848,28.254,20165.4,568452.1466
2022-05-06 20:00:00,28.254,28.52,28.009,28.399,12206.4,344884.49025
2022-05-07 00:00:00,28.399,28.489,27.619,27.657,66234.1,1851210.0095
2022-05-07 04:00:00,27.657,28.217,27.35,28.141,59145.4,1643818.00034
2022-05-07 08:00:00,28.141,29.208,28.14,28.987,94975.7,2726488.95823
2022-05-07 12:00:00,28.987,29.486,28.038,28.72,99153.9,2840617.70149
2022-05-07 16:00:00,28.72,29.324,28.623,29.178,53196.3,1539716.77261
2022-05-07 20:00:00,29.178,29.4,27.825,28.59,81527.6,2341903.9309
2022-05-08 00:00:00,28.59,29.038,27.674,28.42,159475.5,4514928.39636
2022-05-08 04:00:00,28.42,29.969,28.417,29.345,248251.3,7272982.12951
2022-05-08 08:00:00,29.345,31.472,29.288,30.709,305546.3,9283197.79406
2022-05-08 12:00:00,30.709,30.709,28.786,29.938,239406.8,7103484.85226
2022-05-08 16:00:00,29.938,31.105,29.075,30.619,152671.2,4576561.85303
2022-05-08 20:00:00,30.619,31.081,29.94,30.483,62779.9,1905423.68839
2022-05-09 00:00:00,30.483,31.541,30.151,30.289,147443.1,4543180.90532
2022-05-09 04:00:00,30.289,30.949,28.832,29.22,174547.7,5180826.26143
2022-05-09 08:00:00,29.22,29.57,27.698,29.082,136948.2,3940036.53072
2022-05-09 12:00:00,29.082,31.014,28.6,29.109,216670.7,6457379.18824
2022-05-09 16:00:00,29.109,29.721,25.61,26.334,177466.9,4892135.67527
2022-05-09 20:00:00,26.334,27.731,24.442,24.806,107579.8,2830266.68854
2022-05-10 00:00:00,24.806,26.228,23.653,25.118,150493.1,3804179.77486
2022-05-10 04:00:00,25.118,28.379,25.012,26.82,179146.9,4836541.21248
2022-05-10 08:00:00,26.82,27.634,26.241,27.267,115236.7,3113804.11655
2022-05-10 12:00:00,27.267,28.306,25.7,26.41,186032.7,5054342.90268
2022-05-10 16:00:00,26.41,26.842,25.365,25.52,57575.1,1505244.42858
2022-05-10 20:00:00,25.52,25.589,23.421,24.23,74720.3,1814938.20586
2022-05-11 00:00:00,24.23,25.179,23.563,24.245,95708.1,2346392.43225
2022-05-11 04:00:00,24.245,24.46,19.902,21.234,348451.9,7607487.94448
2022-05-11 08:00:00,21.234,23.22,20.558,20.742,256927.4,5630455.67998
2022-05-11 12:00:00,20.742,24.277,16.264,21.473,598281.7,12617149.12774
2022-05-11 16:00:00,21.473,21.9,19.457,20.137,185915.2,3813632.6581
2022-05-11 20:00:00,20.137,20.683,18.018,19.091,152554.8,2896087.09225
2022-05-12 00:00:00,19.091,21.302,18.18,18.234,118378.6,2303049.21316
2022-05-12 04:00:00,18.234,22.804,17.217,22.4,435599.0,8809873.5872
2022-05-12 08:00:00,22.387,24.77,21.992,22.614,439685.1,10179172.14582
2022-05-12 12:00:00,22.614,23.231,20.734,20.793,408918.4,8923454.63226
2022-05-12 16:00:00,20.793,21.671,20.121,20.683,94749.5,1982710.74947
2022-05-12 20:00:00,20.683,20.921,18.262,19.14,108477.5,2065286.55938
2022-05-13 00:00:00,19.14,22.328,18.941,21.74,313911.0,6384544.01628
2022-05-13 04:00:00,21.74,23.237,21.44,21.529,200235.0,4406066.73553
2022-05-13 08:00:00,21.529,23.329,21.521,23.323,159268.9,3553162.69207
2022-05-13 12:00:00,23.323,24.6,21.987,22.229,198795.7,4673651.72357
2022-05-13 16:00:00,22.229,22.611,20.683,20.762,68923.0,1484376.66411
2022-05-13 20:00:00,20.762,21.258,20.01,20.287,91055.7,1857983.5142
2022-05-14 00:00:00,20.287,21.539,20.084,20.651,116677.9,2435983.87387
2022-05-14 04:00:00,20.651,20.821,19.7511,20.226,73451.6,1488612.63865
2022-05-14 08:00:00,20.226,20.766,19.521,20.163,83452.6,1672074.21847
2022-05-14 12:00:00,20.163,20.285,19.3,19.829,71662.8,1420158.41313
2022-05-14 16:00:00,19.829,20.92,19.571,20.152,41121.3,840496.65502
2022-05-14 20:00:00,20.152,21.866,20.144,21.34,57896.7,1219639.5814
2022-05-15 00:00:00,21.34,21.797,20.821,20.873,72904.1,1552864.41508
2022-05-15 04:00:00,20.873,22.59,20.634,21.904,69333.9,1512500.0083
2022-05-15 08:00:00,21.904,22.16,21.477,21.805,59153.0,1286003.70778
2022-05-15 12:00:00,21.805,21.963,20.7,20.862,66284.3,1404999.52997
2022-05-15 16:00:00,20.862,23.159,20.849,23.048,65087.6,1425042.80484
2022-05-15 20:00:00,23.048,23.823,22.893,23.807,59824.6,1390709.36855
2022-05-16 00:00:00,23.807,23.941,21.924,22.008,139492.3,3167878.85207
2022-05-16 04:00:00,22.008,22.572,21.207,21.505,118828.1,2597457.62661
2022-05-16 08:00:00,21.505,21.77,20.649,21.133,81635.1,1729493.59975
2022-05-16 12:00:00,21.133,21.73,20.506,20.972,176268.9,3736493.5282
2022-05-16 16:00:00,20.972,21.064,20.296,20.386,93223.5,1937099.11618
2022-05-16 20:00:00,20.386,20.775,19.993,20.342,53757.6,1094593.90722
2022-05-17 00:00:00,20.342,20.805,20.138,20.7,119456.2,2448721.02354
2022-05-17 04:00:00,20.7,21.172,20.488,21.1,106343.1,2218407.89562
2022-05-17 08:00:00,21.1,22.0,20.889,21.752,113502.6,2436478.55623
2022-05-17 12:00:00,21.752,22.424,21.437,21.861,109286.3,2396067.39663
2022-05-17 16:00:00,21.861,21.865,20.706,21.08,54577.6,1155864.25275
2022-05-17 20:00:00,21.08,22.23,21.01,21.812,50151.0,1088136.86876
2022-05-18 00:00:00,21.812,22.129,20.703,20.82,96624.4,2069392.64113
2022-05-18 04:00:00,20.82,21.254,20.71,21.048,76058.9,1593885.71884
2022-05-18 08:00:00,21.048,21.781,20.856,21.617,164346.5,3501051.21497
2022-05-18 12:00:00,21.617,22.487,20.733,21.539,254776.0,5458732.06671
2022-05-18 16:00:00,21.539,22.319,21.214,22.239,111614.1,2438613.9535
2022-05-18 20:00:00,22.239,22.328,21.043,21.559,78508.5,1705299.10782
2022-05-19 00:00:00,21.559,22.074,20.614,21.558,70491.5,1509189.57548
2022-05-19 04:00:00,21.558,21.842,20.129,20.205,120271.5,2495774.66525
2022-05-19 08:00:00,20.205,20.457,19.709,20.373,150872.2,3027589.01153
2022-05-19 12:00:00,20.373,21.771,20.005,21.42,338731.8,7076077.12386
2022-05-19 16:00:00,21.42,21.492,20.884,20.908,79501.4,1686920.38485
2022-05-19 20:00:00,20.908,21.895,20.888,21.801,60826.1,1302900.45656
2022-05-20 00:00:00,21.801,22.088,21.271,21.448,97060.8,2100575.01001
2022-05-20 04:00:00,21.448,21.638,20.838,21.177,84073.4,1781148.74009
2022-05-20 08:00:00,21.177,21.783,21.044,21.586,68172.1,1462657.87582
2022-05-20 12:00:00,21.586,21.745,20.45,20.54,127294.0,2685595.88321
2022-05-20 16:00:00,20.54,20.855,20.106,20.785,85386.5,1741398.5006
2022-05-20 20:00:00,20.785,20.957,20.532,20.664,53631.8,1112976.49397
2022-05-21 00:00:00,20.664,20.82,20.137,20.638,41594.7,852451.28087
2022-05-21 04:00:00,20.638,20.772,20.411,20.725,77994.4,1603022.0655
2022-05-21 08:00:00,20.725,20.986,20.488,20.633,102234.3,2122772.29344
2022-05-21 12:00:00,20.633,20.913,20.301,20.837,73286.4,1506398.95863
2022-05-21 16:00:00,20.837,21.275,20.605,20.823,45493.2,950028.78371
2022-05-21 20:00:00,20.823,21.094,20.643,21.012,34001.6,708795.746
2022-05-22 00:00:00,21.012,21.285,20.738,20.863,68339.2,1432240.02339
2022-05-22 04:00:00,20.863,20.99,20.62,20.981,24711.1,513426.91918
2022-05-22 08:00:00,20.981,21.667,20.879,21.217,137993.1,2947313.96958
2022-05-22 12:00:00,21.217,21.736,20.977,21.258,126006.9,2694734.66634
2022-05-22 16:00:00,21.258,21.491,20.9,21.274,96647.1,2054824.36052
2022-05-22 20:00:00,21.274,21.823,21.202,21.621,83115.3,1793764.04079
2022-05-23 00:00:00,21.621,23.5,21.493,22.653,625036.6,14193002.19256
2022-05-23 04:00:00,22.653,23.179,22.371,22.832,235416.0,5352809.88427
2022-05-23 08:00:00,22.832,23.479,22.678,22.807,203183.3,4664948.59541
2022-05-23 12:00:00,22.807,23.09,21.874,22.543,235577.5,5288382.43774
2022-05-23 16:00:00,22.543,22.843,21.545,21.566,127086.9,2838443.16927
2022-05-23 20:00:00,21.566,21.908,20.618,20.963,148012.9,3138263.79811
2022-05-24 00:00:00,20.963,21.401,20.743,21.251,108620.4,2291635.82127
2022-05-24 04:00:00,21.251,21.3,20.95,21.087,75915.8,1605982.6997
2022-05-24 08:00:00,21.087,21.088,20.536,20.812,72355.8,1511107.81946
2022-05-24 12:00:00,20.812,20.984,20.05,20.77,119742.7,2454254.96094
2022-05-24 16:00:00,20.77,20.88,20.278,20.733,43556.0,898509.45243
2022-05-24 20:00:00,20.733,21.315,20.601,21.221,58822.7,1238822.50384
2022-05-25 00:00:00,21.221,21.451,20.909,21.342,75729.0,1604305.81313
2022-05-25 04:00:00,21.342,21.364,20.555,20.756,68849.7,1437417.16343
2022-05-25 08:00:00,20.756,20.85,20.278,20.323,58896.9,1211730.06941
2022-05-25 12:00:00,20.323,20.849,20.253,20.646,49049.2,1010761.61186
2022-05-25 16:00:00,20.646,20.879,20.351,20.641,28613.6,591181.43668
2022-05-25 20:00:00,20.641,21.138,20.62,20.863,44529.7,933387.71398
2022-05-26 00:00:00,20.863,21.775,20.862,21.34,236551.3,5048832.91958
2022-05-26 04:00:00,21.34,21.492,20.318,20.525,181328.0,3759619.27158
2022-05-26 08:00:00,20.525,20.802,19.176,19.509,228484.0,4520143.68799
2022-05-26 12:00:00,19.509,20.146,18.523,20.105,151257.4,2945848.22653
2022-05-26 16:00:00,20.105,20.556,19.484,19.515,75698.2,1516331.81928
2022-05-26 20:00:00,19.515,20.036,19.36,19.446,42555.1,841533.91964
2022-05-27 00:00:00,19.446,19.761,18.321,18.842,73214.1,1383224.54714
2022-05-27 04:00:00,18.842,18.88,17.846,18.416,132173.8,2418515.19365
2022-05-27 08:00:00,18.416,18.66,18.15,18.479,69705.3,1282140.23171
2022-05-27 12:00:00,18.479,19.038,18.227,18.384,70160.0,1310593.48378
2022-05-27 16:00:00,18.384,18.683,17.77,18.476,35475.6,642780.18821
2022-05-27 20:00:00,18.476,18.69,18.06,18.208,31940.2,588291.21894
2022-05-28 00:00:00,18.208,18.629,17.79,18.221,47846.5,872099.58311
2022-05-28 04:00:00,18.221,18.564,18.059,18.303,38197.6,701443.0876
2022-05-28 08:00:00,18.303,18.447,18.073,18.294,41910.1,763959.62591
2022-05-28 12:00:00,18.294,18.6,18.232,18.434,51274.6,944351.95184
2022-05-28 16:00:00,18.434,18.569,18.209,18.398,20819.7,383100.58298
2022-05-28 20:00:00,18.398,18.613,18.261,18.495,12040.2,221854.43957
2022-05-29 00:00:00,18.495,18.546,17.647,17.842,60905.5,1094694.14677
2022-05-29 04:00:00,17.842,17.877,17.622,17.794,39606.2,703794.53504
2022-05-29 08:00:00,17.794,18.24,17.655,18.212,131949.6,2379487.68182
2022-05-29 12:00:00,18.212,18.547,18.057,18.1,129339.1,2360627.96004
2022-05-29 16:00:00,18.1,18.288,17.9,17.973,126894.4,2299722.58736
2022-05-29 20:00:00,17.973,18.447,17.948,18.447,65979.3,1204172.1326
2022-05-30 00:00:00,18.447,19.21,18.136,18.951,126487.8,2364973.35823
2022-05-30 04:00:00,18.951,20.44,18.777,20.199,134812.8,2650811.81296
2022-05-30 08:00:00,20.199,20.269,19.647,19.931,99759.8,1990285.66268
2022-05-30 12:00:00,19.931,20.202,19.583,20.017,87594.2,1743312.61519
2022-05-30 16:00:00,20.017,20.977,19.936,20.697,58408.6,1190969.0095
2022-05-30 20:00:00,20.697,24.5,20.489,24.008,289549.6,6797751.67348
2022-05-31 00:00:00,24.008,27.783,23.999,26.999,818523.6,21770088.29213
2022-05-31 04:00:00,26.999,28.179,24.455,25.036,462652.0,11936071.10346
2022-05-31 08:00:00,25.036,25.47,24.559,25.074,323701.2,8130412.95334
2022-05-31 12:00:00,25.074,25.18,23.367,24.576,418084.3,10125323.39991
2022-05-31 16:00:00,24.576,24.764,22.513,22.713,247165.1,5863523.33975
2022-05-31 20:00:00,22.713,23.848,22.605,23.789,230269.2,5315665.89298
2022-06-01 00:00:00,23.789,23.841,22.244,22.551,334241.6,7615617.20137
2022-06-01 04:00:00,22.551,22.904,22.014,22.403,257253.3,5766260.22402
2022-06-01 08:00:00,22.403,22.955,22.288,22.511,141154.3,3189836.17205
2022-06-01 12:00:00,22.511,23.54,21.64,21.682,362387.2,8212826.96746
2022-06-01 16:00:00,21.682,21.9,21.084,21.225,113179.9,2436973.44915
2022-06-01 20:00:00,21.225,21.261,20.12,20.829,123188.0,2554590.93411
2022-06-02 00:00:00,20.829,20.829,19.69,19.749,217151.8,4368550.2277
2022-06-02 04:00:00,19.749,20.449,19.693,20.337,154538.4,3106708.75417
2022-06-02 08:00:00,20.337,20.485,19.881,20.446,138604.3,2803553.37041
2022-06-02 12:00:00,20.446,20.67,19.702,20.434,239387.4,4828896.36811
2022-06-02 16:00:00,20.434,21.185,20.237,20.589,93096.0,1913008.53563
2022-06-02 20:00:00,20.589,21.446,20.467,21.048,113497.8,2379153.85864
2022-06-03 00:00:00,21.048,21.498,20.704,21.231,182174.6,3834319.90881
2022-06-03 04:00:00,21.231,21.255,20.515,20.717,177063.3,3696950.99843
2022-06-03 08:00:00,20.717,20.812,19.662,19.84,213702.7,4304056.93099
2022-06-03 12:00:00,19.84,20.031,19.367,19.55,163823.1,3228972.491
2022-06-03 16:00:00,19.55,20.056,19.521,19.92,58051.3,1149760.57219
2022-06-03 20:00:00,19.92,20.412,19.819,19.922,68528.7,1380701.8892
2022-06-04 00:00:00,19.922,21.05,19.922,20.213,372455.9,7591991.55323
2022-06-04 04:00:00,20.213,21.05,20.174,20.72,213342.8,4414327.44973
2022-06-04 08:00:00,20.72,20.877,20.264,20.437,247751.4,5093607.93397
2022-06-04 12:00:00,20.437,20.526,19.969,20.224,291486.1,5896072.24095
2022-06-04 16:00:00,20.224,20.444,20.047,20.214,59225.6,1198117.65477
2022-06-04 20:00:00,20.214,20.551,20.162,20.549,46659.9,953266.66779
2022-06-05 00:00:00,20.549,20.555,19.754,19.989,136842.7,2747490.07546
2022-06-05 04:00:00,19.989,20.147,19.794,20.015,77211.0,1543174.11749
2022-06-05 08:00:00,20.015,20.111,19.704,19.934,109175.1,2172911.48004
2022-06-05 12:00:00,19.934,20.13,19.783,20.115,91442.1,1825268.31114
2022-06-05 16:00:00,20.115,20.291,19.923,20.096,103475.2,2080260.76329
2022-06-05 20:00:00,20.096,20.235,19.902,20.04,53582.4,1073955.79931
2022-06-06 00:00:00,20.04,20.888,19.944,20.827,133377.4,2729068.98061
2022-06-06 04:00:00,20.827,21.459,20.769,21.266,153168.9,3225160.30543
2022-06-06 08:00:00,21.266,22.749,21.249,21.583,228822.7,5045296.43746
2022-06-06 12:00:00,21.583,21.722,20.428,20.692,203698.2,4294906.87297
2022-06-06 16:00:00,20.692,20.699,20.071,20.378,67003.5,1365183.31274
2022-06-06 20:00:00,20.378,20.811,20.114,20.664,109609.5,2244355.1561
2022-06-07 00:00:00,20.664,20.671,19.031,19.521,232780.9,4567406.90167
2022-06-07 04:00:00,19.521,19.6,19.33,19.539,55800.5,1085559.07534
2022-06-07 08:00:00,19.539,19.946,19.075,19.284,138099.3,2702018.46201
2022-06-07 12:00:00,19.284,19.831,19.087,19.458,127496.8,2481162.72729
2022-06-07 16:00:00,19.458,20.286,19.313,19.941,70465.2,1386037.83175
2022-06-07 20:00:00,19.941,20.234,19.189,19.667,117983.6,2351022.59849
2022-06-08 00:00:00,19.667,19.981,19.069,19.212,57683.4,1128617.79916
2022-06-08 04:00:00,19.212,19.71,19.146,19.503,49633.1,966278.843
2022-06-08 08:00:00,19.503,19.693,19.403,19.595,51255.1,1002080.43245
2022-06-08 12:00:00,19.595,19.788,19.209,19.586,59080.8,1154707.8447
2022-06-08 16:00:00,19.586,19.958,19.289,19.39,49793.4,981877.96458
2022-06-08 20:00:00,19.39,19.753,19.348,19.447,36642.7,719866.56637
2022-06-09 00:00:00,19.447,19.54,19.207,19.522,71036.7,1377597.68723
2022-06-09 04:00:00,19.522,19.741,19.407,19.735,75769.3,1480587.57054
2022-06-09 08:00:00,19.735,19.956,19.563,19.674,76491.6,1514283.00612
2022-06-09 12:00:00,19.674,19.726,19.33,19.545,75592.9,1474453.22939
2022-06-09 16:00:00,19.545,19.778,19.245,19.257,32940.7,641371.90738
2022-06-09 20:00:00,19.257,19.437,19.2,19.375,35203.8,679793.77799
2022-06-10 00:00:00,19.375,19.545,18.778,19.377,104988.2,2010008.13492
2022-06-10 04:00:00,19.377,19.545,19.202,19.238,44617.4,864237.93722
2022-06-10 08:00:00,19.238,19.279,18.846,19.07,80150.6,1530315.82108
2022-06-10 12:00:00,19.07,19.171,17.937,18.391,170801.5,3153108.80455
2022-06-10 16:00:00,18.391,18.434,17.685,17.98,67441.6,1214428.61848
2022-06-10 20:00:00,17.98,18.372,17.759,17.997,56792.4,1027794.73046
2022-06-11 00:00:00,17.997,18.685,17.936,18.41,71935.3,1321295.08794
2022-06-11 04:00:00,18.41,18.46,18.227,18.4,35223.4,646682.62294
2022-06-11 08:00:00,18.4,18.415,17.074,17.341,186191.7,3305192.21043
2022-06-11 12:00:00,17.341,17.507,15.863,16.237,282279.5,4706614.85813
2022-06-11 16:00:00,16.237,16.491,15.937,16.189,88090.1,1427122.43236
2022-06-11 20:00:00,16.189,16.477,15.95,16.285,40327.7,653259.03487
2022-06-12 00:00:00,16.285,16.426,14.833,15.319,161058.2,2505086.89284
2022-06-12 04:00:00,15.319,15.498,14.691,15.444,89793.6,1349184.39684
2022-06-12 08:00:00,15.444,15.643,15.042,15.315,89615.5,1371081.18228
2022-06-12 12:00:00,15.315,16.147,14.581,15.889,133340.4,2048171.91502
2022-06-12 16:00:00,15.889,15.988,15.233,15.494,51692.0,807400.57806
2022-06-12 20:00:00,15.494,15.576,14.332,14.4,106565.2,1596120.1431
2022-06-13 00:00:00,14.4,14.653,12.779,13.501,241631.0,3271963.67156
2022-06-13 04:00:00,13.501,13.9,12.504,12.701,128545.0,1690000.17605
2022-06-13 08:00:00,12.701,13.051,12.18,12.676,219798.3,2776308.6405
2022-06-13 12:00:00,12.676,13.381,12.278,13.175,194503.4,2501400.08563
2022-06-13 16:00:00,13.175,14.211,13.039,13.488,97820.8,1322125.31785
2022-06-13 20:00:00,13.488,14.183,12.827,13.492,68127.5,903073.03759
2022-06-14 00:00:00,13.492,14.634,12.329,14.129,265329.4,3619685.4166
2022-06-14 04:00:00,14.129,15.289,13.844,14.921,386696.1,5668801.98216
2022-06-14 08:00:00,14.921,14.989,13.89,14.206,236391.2,3384624.08017
2022-06-14 12:00:00,14.206,14.697,13.87,14.614,186246.8,2660278.78086
2022-06-14 16:00:00,14.614,14.752,13.835,13.935,53776.8,765036.76831
2022-06-14 20:00:00,13.935,14.188,13.427,14.068,64982.5,897859.90611
2022-06-15 00:00:00,14.068,14.282,13.3658,13.397,127293.2,1757577.48261
2022-06-15 04:00:00,13.397,13.398,12.765,12.936,271586.3,3553078.80797
2022-06-15 08:00:00,12.936,13.706,12.531,13.586,158345.9,2051497.29836
2022-06-15 12:00:00,13.586,14.284,13.488,13.83,110092.0,1518155.46288
2022-06-15 16:00:00,13.83,15.505,12.874,14.363,159329.5,2210453.52295
2022-06-15 20:00:00,14.363,15.861,14.17,15.789,110474.7,1679573.60393
2022-06-16 00:00:00,15.789,16.3363,15.254,15.254,212964.6,3354323.52562
2022-06-16 04:00:00,15.254,15.58,14.49,14.564,143754.5,2161949.65055
2022-06-16 08:00:00,14.564,14.76,13.634,13.899,107808.9,1519188.06232
2022-06-16 12:00:00,13.899,14.428,13.389,13.993,93710.5,1304309.34999
2022-06-16 16:00:00,13.993,14.473,13.709,13.844,39663.9,558576.74389
2022-06-16 20:00:00,13.844,14.139,13.2,13.58,95903.6,1300996.10927
2022-06-17 00:00:00,13.58,14.119,13.367,13.659,92854.4,1280289.54576
2022-06-17 04:00:00,13.659,14.201,13.637,14.032,72042.2,1004684.32357
2022-06-17 08:00:00,14.032,14.193,13.804,13.949,68173.3,954465.06455
2022-06-17 12:00:00,13.949,14.021,13.532,13.829,55738.5,767051.51425
2022-06-17 16:00:00,13.829,13.934,13.61,13.759,22802.4,313502.30488
2022-06-17 20:00:00,13.759,14.049,13.677,13.881,17477.1,242340.33477
2022-06-18 00:00:00,13.881,14.083,13.368,13.552,83844.3,1155774.67629
2022-06-18 04:00:00,13.552,13.628,12.589,12.71,87070.6,1133495.12588
2022-06-18 08:00:00,12.71,13.081,12.399,12.851,54184.8,692300.63716
2022-06-18 12:00:00,12.851,12.894,12.626,12.682,61368.3,783483.8443
2022-06-18 16:00:00,12.682,12.936,12.144,12.167,76331.9,956188.90468
2022-06-18 20:00:00,12.167,13.234,11.833,12.91,85525.4,1076049.44986
2022-06-19 00:00:00,12.91,13.075,12.516,12.569,70573.6,900862.95429
2022-06-19 04:00:00,12.569,12.863,12.412,12.563,36252.6,456826.41461
2022-06-19 08:00:00,12.563,13.551,12.408,13.27,64393.1,836496.25061
2022-06-19 12:00:00,13.27,13.424,12.937,13.373,70731.4,931786.88809
2022-06-19 16:00:00,13.373,14.127,13.019,13.713,45514.4,614953.25516
2022-06-19 20:00:00,13.713,14.258,13.586,13.756,45415.6,628504.02418
2022-06-20 00:00:00,13.756,13.846,13.009,13.277,49699.6,660702.45352
2022-06-20 04:00:00,13.277,13.472,13.043,13.285,48282.0,637237.68083
2022-06-20 08:00:00,13.285,15.152,13.246,14.982,110385.1,1574898.41363
2022-06-20 12:00:00,14.982,14.997,14.147,14.358,131006.9,1896362.72188
2022-06-20 16:00:00,14.358,14.482,13.801,14.119,47348.3,671174.25986
2022-06-20 20:00:00,14.119,14.697,13.949,14.5,50031.9,717282.43893
2022-06-21 00:00:00,14.5,14.686,14.086,14.675,77143.3,1113885.78014
2022-06-21 04:00:00,14.675,15.175,14.434,14.699,61500.3,914914.987
2022-06-21 08:00:00,14.699,15.654,14.65,14.831,68811.3,1038353.76124
2022-06-21 12:00:00,14.831,15.507,14.819,15.201,72238.1,1100521.73031
2022-06-21 16:00:00,15.201,16.03,14.797,14.855,83052.1,1293708.26201
2022-06-21 20:00:00,14.855,15.134,14.605,14.8944,23646.6,351094.32847
2022-06-22 00:00:00,14.8944,14.977,14.138,14.243,65770.1,956265.72864
2022-06-22 04:00:00,14.243,14.53,13.871,13.892,49002.4,695154.20173
2022-06-22 08:00:00,13.892,14.493,13.83,14.32,31850.4,452285.86649
2022-06-22 12:00:00,14.32,15.027,14.075,14.403,62110.4,905557.93343
2022-06-22 16:00:00,14.403,14.508,13.88,14.0,37286.3,527041.95163
2022-06-22 20:00:00,14.0,14.242,13.701,13.959,26129.0,364863.55306
2022-06-23 00:00:00,13.959,14.764,13.931,14.307,156971.9,2272965.31939
2022-06-23 04:00:00,14.307,14.782,14.213,14.445,112491.2,1629726.10734
2022-06-23 08:00:00,14.445,14.863,14.3,14.584,174008.8,2532231.91912
2022-06-23 12:00:00,14.584,14.8,14.064,14.232,126813.7,1833142.36112
2022-06-23 16:00:00,14.232,14.52,13.965,14.453,53381.1,759360.38656
2022-06-23 20:00:00,14.453,14.809,14.35,14.698,47464.2,692490.61951
2022-06-24 00:00:00,14.698,15.512,14.652,15.023,118794.2,1786680.75437
2022-06-24 04:00:00,15.023,16.265,14.721,16.233,237426.7,3643667.16206
2022-06-24 08:00:00,16.233,17.4849,16.17,16.518,554973.3,9368729.32854
2022-06-24 12:00:00,16.518,17.441,16.218,17.174,391641.0,6551909.89256
2022-06-24 16:00:00,17.174,17.343,16.749,17.078,124559.8,2125249.24733
2022-06-24 20:00:00,17.078,17.786,16.7464,17.105,124190.6,2139930.14443
2022-06-25 00:00:00,17.105,18.422,16.817,17.976,469621.7,8391833.8677
2022-06-25 04:00:00,17.976,18.464,17.879,18.185,231139.6,4204255.1296
2022-06-25 08:00:00,18.185,18.3,17.641,17.673,162339.7,2908115.91947
2022-06-25 12:00:00,17.673,17.747,16.939,17.072,434926.4,7544240.97002
2022-06-25 16:00:00,17.072,17.906,16.893,17.846,179273.1,3125761.14335
2022-06-25 20:00:00,17.846,18.059,17.486,17.806,206347.8,3672808.51615
2022-06-26 00:00:00,17.806,17.968,16.986,17.262,341239.4,5922527.79137
2022-06-26 04:00:00,17.262,17.571,17.081,17.33,217406.0,3772993.13289
2022-06-26 08:00:00,17.33,17.792,17.291,17.729,250974.1,4414993.85829
2022-06-26 12:00:00,17.729,17.812,16.7964,16.944,252166.1,4341468.47584
2022-06-26 16:00:00,16.944,17.133,16.412,16.791,101272.3,1698786.57499
2022-06-26 20:00:00,16.791,17.112,16.047,16.152,115074.5,1895324.62359
2022-06-27 00:00:00,16.152,16.501,15.966,16.409,121435.0,1976561.74135
2022-06-27 04:00:00,16.409,16.75,16.277,16.726,74687.4,1230107.83912
2022-06-27 08:00:00,16.726,16.912,16.375,16.419,73884.2,1231143.06189
2022-06-27 12:00:00,16.419,16.477,15.564,15.788,233559.3,3725861.39476
2022-06-27 16:00:00,15.788,16.113,15.432,15.9829,89090.4,1407351.03054
2022-06-27 20:00:00,15.9829,16.218,15.7513,15.877,43213.5,691476.27889
2022-06-28 00:00:00,15.877,16.364,15.206,15.522,160321.9,2521418.27234
2022-06-28 04:00:00,15.522,16.307,15.483,16.024,173201.0,2750384.81289
2022-06-28 08:00:00,16.024,16.407,15.795,16.007,120435.8,1939055.79658
2022-06-28 12:00:00,16.007,16.8,15.369,15.385,465933.0,7436497.82737
2022-06-28 16:00:00,15.385,15.592,15.119,15.278,73066.1,1123301.48062
2022-06-28 20:00:00,15.278,15.497,15.068,15.273,44549.2,682780.45378
2022-06-29 00:00:00,15.273,15.721,15.185,15.317,150941.0,2327883.1195
2022-06-29 04:00:00,15.317,15.378,14.745,15.0329,89068.4,1339874.52843
2022-06-29 08:00:00,15.0329,15.142,14.619,14.848,79612.1,1186930.77892
2022-06-29 12:00:00,14.848,14.918,14.428,14.607,120892.9,1773973.39342
2022-06-29 16:00:00,14.607,14.612,14.09,14.593,104232.8,1488866.30632
2022-06-29 20:00:00,14.593,14.779,14.225,14.373,33314.6,485532.50675
2022-06-30 00:00:00,14.373,14.427,13.808,14.018,97901.2,1372484.3434
2022-06-30 04:00:00,14.018,14.082,13.388,13.564,195411.3,2674150.76565
2022-06-30 08:00:00,13.564,13.565,13.074,13.34,124074.3,1646819.44703
2022-06-30 12:00:00,13.34,13.961,13.248,13.781,101931.0,1380617.49373
2022-06-30 16:00:00,13.781,14.089,13.66,14.063,67594.2,940451.509
2022-06-30 20:00:00,14.063,14.645,13.762,14.566,80659.1,1137298.98363
2022-07-01 00:00:00,14.566,14.945,14.143,14.145,105910.4,1552861.59556
2022-07-01 04:00:00,14.145,14.294,13.808,14.203,66712.3,937940.28464
2022-07-01 08:00:00,14.203,14.42,13.674,13.832,71450.3,1000361.13
2022-07-01 12:00:00,13.832,14.1,13.713,13.804,68373.9,948853.77451
2022-07-01 16:00:00,13.804,14.155,13.76,14.125,26856.8,376382.49047
2022-07-01 20:00:00,14.125,14.35,13.878,14.036,22747.9,320711.40286
2022-07-02 00:00:00,14.036,14.185,13.532,13.575,44082.6,606821.30371
2022-07-02 04:00:00,13.575,13.815,13.558,13.659,33231.0,455724.51083
2022-07-02 08:00:00,13.659,13.7669,13.434,13.679,43905.5,597416.12012
2022-07-02 12:00:00,13.679,13.918,13.643,13.755,43465.8,599384.89734
2022-07-02 16:00:00,13.755,13.972,13.68,13.825,22365.9,309238.9939
2022-07-02 20:00:00,13.825,14.013,13.785,13.914,16581.5,230569.14189
2022-07-03 00:00:00,13.914,13.99,13.62,13.811,64318.0,886091.09088
2022-07-03 04:00:00,13.811,13.939,13.48,13.78,51983.8,712849.17467
2022-07-03 08:00:00,13.78,13.891,13.62,13.797,38862.2,535467.75032
2022-07-03 12:00:00,13.797,13.834,13.579,13.673,55460.8,758564.37278
2022-07-03 16:00:00,13.673,14.445,13.651,14.316,68557.4,961795.36554
2022-07-03 20:00:00,14.316,14.539,14.04,14.153,53846.8,769105.79331
2022-07-04 00:00:00,14.153,14.434,13.725,13.762,114083.0,1610990.48033
2022-07-04 04:00:00,13.762,13.985,13.6971,13.817,46239.2,638474.22832
2022-07-04 08:00:00,13.817,14.4749,13.796,14.372,116475.6,1643565.84094
2022-07-04 12:00:00,14.372,14.625,14.17,14.347,136871.3,1967481.58205
2022-07-04 16:00:00,14.347,14.689,14.236,14.457,84313.4,1222594.68421
2022-07-04 20:00:00,14.457,14.988,14.403,14.859,145439.0,2127292.23119
2022-07-05 00:00:00,14.859,15.46,14.809,15.027,238186.0,3586097.64221
2022-07-05 04:00:00,15.027,15.229,14.901,15.007,258701.7,3899767.9208
2022-07-05 08:00:00,15.007,15.01,14.178,14.219,124197.8,1804331.44155
2022-07-05 12:00:00,14.219,14.224,13.883,14.101,85010.2,1194970.23423
2022-07-05 16:00:00,14.101,14.666,14.063,14.56,46050.0,658584.43654
2022-07-05 20:00:00,14.56,14.844,14.383,14.452,82630.3,1205664.46716
2022-07-06 00:00:00,14.452,14.619,14.032,14.272,84270.6,1206985.94199
2022-07-06 04:00:00,14.272,14.532,14.186,14.416,84281.8,1212309.06165
2022-07-06 08:00:00,14.416,14.611,14.3051,14.401,65999.2,955466.86756
2022-07-06 12:00:00,14.401,14.656,14.257,14.503,69404.2,1003302.37952
2022-07-06 16:00:00,14.503,14.809,14.463,14.732,60954.6,892984.0736
2022-07-06 20:00:00,14.732,15.008,14.616,14.805,51671.6,764395.92324
2022-07-07 00:00:00,14.805,15.055,14.628,14.73,116011.3,1717005.07256
2022-07-07 04:00:00,14.73,14.821,14.536,14.81,59338.6,871045.19048
2022-07-07 08:00:00,14.81,15.052,14.764,15.031,75292.6,1123684.13813
2022-07-07 12:00:00,15.031,15.239,14.849,15.143,70512.4,1062772.54995
2022-07-07 16:00:00,15.143,15.487,15.11,15.41,143896.7,2207492.82518
2022-07-07 20:00:00,15.41,15.46,15.166,15.304,85159.0,1306823.394
2022-07-08 00:00:00,15.304,15.767,15.237,15.525,201107.6,3111083.45646
2022-07-08 04:00:00,15.525,15.557,14.993,15.112,97509.5,1484890.30029
2022-07-08 08:00:00,15.112,15.135,14.614,14.802,156132.4,2308634.97655
2022-07-08 12:00:00,14.802,15.04,14.517,14.963,89740.9,1328111.55691
2022-07-08 16:00:00,14.963,15.103,14.746,14.975,39662.9,592613.18208
2022-07-08 20:00:00,14.975,15.173,14.774,14.828,69353.9,1038795.85617
2022-07-09 00:00:00,14.828,15.474,14.823,15.287,238017.1,3641823.03369
2022-07-09 04:00:00,15.287,15.536,15.215,15.414,107513.8,1653721.89151
2022-07-09 08:00:00,15.414,15.5,15.1,15.151,118835.7,1828008.71553
2022-07-09 12:00:00,15.151,15.305,15.027,15.238,76286.6,1155671.19935
2022-07-09 16:00:00,15.238,15.437,15.202,15.256,29275.2,448130.81707
2022-07-09 20:00:00,15.256,15.293,15.116,15.124,36270.8,550792.8468
2022-07-10 00:00:00,15.124,15.159,14.617,14.72,75214.8,1116440.44228
2022-07-10 04:00:00,14.72,14.814,14.631,14.707,47338.4,696818.86006
2022-07-10 08:00:00,14.707,14.821,14.514,14.645,72084.5,1056097.64136
2022-07-10 12:00:00,14.645,14.714,14.243,14.38,113436.6,1635327.89325
2022-07-10 16:00:00,14.38,14.563,14.237,14.45,18559.4,267854.21194
2022-07-10 20:00:00,14.45,14.551,14.322,14.391,27297.5,393625.90351
2022-07-11 00:00:00,14.391,14.432,14.038,14.21,50624.8,718751.09915
2022-07-11 04:00:00,14.21,14.237,13.834,13.986,39539.3,554202.23212
2022-07-11 08:00:00,13.986,14.138,13.84,13.994,33359.4,468923.00501
2022-07-11 12:00:00,13.994,14.264,13.845,14.0,60584.1,850391.82036
2022-07-11 16:00:00,14.0,14.1078,13.91,14.064,32567.4,456338.71426
2022-07-11 20:00:00,14.064,14.086,13.194,13.423,103660.9,1403569.42977
2022-07-12 00:00:00,13.423,13.514,13.208,13.283,98384.5,1315209.88066
2022-07-12 04:00:00,13.283,13.435,13.076,13.229,65330.2,866608.29242
2022-07-12 08:00:00,13.229,13.307,13.01,13.238,55202.5,726389.91729
2022-07-12 12:00:00,13.238,13.461,13.236,13.356,41566.0,554386.19226
2022-07-12 16:00:00,13.356,13.4443,12.855,12.975,35188.1,465002.7231
2022-07-12 20:00:00,12.975,13.135,12.772,12.821,34292.4,445355.54196
2022-07-13 00:00:00,12.821,13.178,12.7,13.023,55713.3,724606.08987
2022-07-13 04:00:00,13.023,13.274,13.011,13.261,80366.3,1057271.98964
2022-07-13 08:00:00,13.261,13.306,13.121,13.194,22650.4,299921.45636
2022-07-13 12:00:00,13.194,13.367,12.284,12.774,132393.5,1675962.46737
2022-07-13 16:00:00,12.774,13.1589,12.68,12.958,17232.6,222997.37872
2022-07-13 20:00:00,12.958,13.424,12.91,13.392,28594.8,378066.47418
2022-07-14 00:00:00,13.392,13.871,13.252,13.536,80857.3,1098620.3754
2022-07-14 04:00:00,13.536,13.613,13.332,13.405,54150.7,729007.67763
2022-07-14 08:00:00,13.405,13.43,12.974,13.078,40975.2,539469.04761
2022-07-14 12:00:00,13.078,13.5,12.988,13.465,42288.1,558515.52389
2022-07-14 16:00:00,13.465,13.953,13.369,13.846,56921.5,780765.81151
2022-07-14 20:00:00,13.846,13.9399,13.742,13.939,26304.9,364015.1309
2022-07-15 00:00:00,13.939,14.154,13.82,13.973,323521.8,4521297.49993
2022-07-15 04:00:00,13.973,14.128,13.804,14.045,80766.7,1125615.31227
2022-07-15 08:00:00,14.045,14.175,13.858,13.872,79962.2,1118408.1862
2022-07-15 12:00:00,13.872,14.118,13.816,13.889,122047.1,1706757.63265
2022-07-15 16:00:00,13.889,14.107,13.742,14.093,64950.6,903295.62241
2022-07-15 20:00:00,14.093,14.279,13.88,13.942,28175.1,395106.04613
2022-07-16 00:00:00,13.942,13.963,13.763,13.843,58521.8,808700.99066
2022-07-16 04:00:00,13.843,13.861,13.549,13.567,55747.9,764210.86824
2022-07-16 08:00:00,13.567,13.729,13.5541,13.665,19417.4,265044.20132
2022-07-16 12:00:00,13.665,14.023,13.651,14.014,78136.2,1081964.39053
2022-07-16 16:00:00,14.014,14.457,13.999,14.16,61857.3,880580.71643
2022-07-16 20:00:00,14.16,14.371,14.026,14.341,55907.9,796819.02182
2022-07-17 00:00:00,14.341,14.483,14.077,14.285,126617.4,1803879.6314
2022-07-17 04:00:00,14.285,14.784,14.233,14.511,92258.3,1337041.34836
2022-07-17 08:00:00,14.511,14.581,14.196,14.43,78539.4,1132032.62366
2022-07-17 12:00:00,14.43,14.518,14.191,14.302,59867.3,858180.43804
2022-07-17 16:00:00,14.302,15.038,14.142,14.7,126462.5,1851302.40234
2022-07-17 20:00:00,14.7,14.865,14.467,14.511,69924.2,1022732.95248
2022-07-18 00:00:00,14.511,14.986,14.36,14.862,85295.1,1256085.97123
2022-07-18 04:00:00,14.862,16.093,14.752,15.763,180406.0,2766945.68991
2022-07-18 08:00:00,15.763,16.142,15.522,15.736,152196.0,2403309.63875
2022-07-18 12:00:00,15.736,16.198,15.537,16.101,110598.3,1752702.50637
2022-07-18 16:00:00,16.101,16.109,15.34,15.485,55778.1,880447.01648
2022-07-18 20:00:00,15.485,16.505,15.459,16.344,58715.5,935988.66681
2022-07-19 00:00:00,16.344,17.084,15.777,16.189,320838.7,5215842.63779
2022-07-19 04:00:00,16.189,16.549,15.869,16.473,128976.0,2092753.1844
2022-07-19 08:00:00,16.473,17.337,16.404,16.931,190524.1,3196950.38732
2022-07-19 12:00:00,16.931,17.222,16.342,16.703,184993.2,3119041.79674
2022-07-19 16:00:00,16.703,17.57,16.66,16.927,143773.7,2474389.07237
2022-07-19 20:00:00,16.927,17.255,16.709,16.809,88039.6,1495129.38034
2022-07-20 00:00:00,16.809,17.256,16.6,17.069,227917.6,3850184.85864
2022-07-20 04:00:00,17.069,17.539,16.961,17.041,160692.6,2769777.36313
2022-07-20 08:00:00,17.041,17.119,16.312,16.681,156664.5,2615799.38427
2022-07-20 12:00:00,16.681,16.938,16.501,16.744,104197.8,1741299.04456
2022-07-20 16:00:00,16.744,16.761,15.959,16.151,100558.1,1638816.7052
2022-07-20 20:00:00,16.151,16.281,15.327,15.536,83932.1,1319888.42836
2022-07-21 00:00:00,15.536,15.879,14.894,14.99,150615.4,2317883.1585
2022-07-21 04:00:00,14.99,15.489,14.805,15.276,71176.3,1082224.45673
2022-07-21 08:00:00,15.276,15.419,15.039,15.125,34195.0,520880.69391
2022-07-21 12:00:00,15.125,15.452,15.081,15.344,55867.4,853376.91741
2022-07-21 16:00:00,15.344,15.924,15.327,15.835,87649.1,1380021.39927
2022-07-21 20:00:00,15.835,15.92,15.547,15.754,24752.3,389396.79118
2022-07-22 00:00:00,15.754,16.222,15.623,15.914,87344.8,1396230.09365
2022-07-22 04:00:00,15.914,16.026,15.649,15.903,68943.8,1094756.35645
2022-07-22 08:00:00,15.903,16.457,15.851,16.28,120659.1,1955438.07491
2022-07-22 12:00:00,16.28,16.29,15.433,15.5,71163.5,1135957.06766
2022-07-22 16:00:00,15.5,15.634,15.088,15.131,48278.5,747471.49309
2022-07-22 20:00:00,15.131,15.469,15.033,15.35,50293.4,763176.6653
2022-07-23 00:00:00,15.35,16.026,15.164,15.701,131059.0,2063493.77963
2022-07-23 04:00:00,15.701,16.7267,15.649,16.587,187936.2,3021473.915
2022-07-23 08:00:00,16.587,17.7279,16.515,16.831,679252.2,11695801.59955
2022-07-23 12:00:00,16.831,17.37,16.783,17.287,243710.6,4163395.97003
2022-07-23 16:00:00,17.287,17.346,16.465,16.87,165381.3,2785793.1146
2022-07-23 20:00:00,16.87,18.368,16.731,18.1979,282504.2,5020823.50178
2022-07-24 00:00:00,18.1979,18.849,17.62,17.67,458971.2,8390419.44672
2022-07-24 04:00:00,17.67,18.101,17.66,17.806,204136.0,3655477.36803
2022-07-24 08:00:00,17.806,17.835,17.42,17.6,150833.4,2658185.38834
2022-07-24 12:00:00,17.6,17.72,17.217,17.51,146513.1,2558699.80376
2022-07-24 16:00:00,17.51,17.521,17.005,17.2299,46278.4,799657.79783
2022-07-24 20:00:00,17.2299,17.5219,16.975,17.195,94592.1,1640116.76582
2022-07-25 00:00:00,17.195,17.895,16.198,16.341,328543.7,5589001.99864
2022-07-25 04:00:00,16.341,16.454,16.1791,16.356,57858.1,945403.64487
2022-07-25 08:00:00,16.356,16.481,15.582,15.851,91392.2,1482307.39648
2022-07-25 12:00:00,15.851,16.039,15.705,15.859,109075.3,1730503.51319
2022-07-25 16:00:00,15.859,15.933,15.42,15.64,52357.9,819438.07389
2022-07-25 20:00:00,15.64,15.827,15.177,15.261,56553.9,882336.0445
2022-07-26 00:00:00,15.261,15.413,14.792,15.099,142949.0,2148314.06616
2022-07-26 04:00:00,15.099,15.212,14.904,14.932,78066.8,1177704.88914
2022-07-26 08:00:00,14.932,15.055,14.722,14.901,34450.3,514579.71574
2022-07-26 12:00:00,14.901,15.05,14.536,14.573,66566.8,977611.62971
2022-07-26 16:00:00,14.573,14.9279,14.44,14.522,27841.1,408172.69644
2022-07-26 20:00:00,14.522,15.153,14.436,15.112,30963.7,461747.38823
2022-07-27 00:00:00,15.112,15.301,14.676,14.715,92715.0,1388538.4323
2022-07-27 04:00:00,14.715,15.223,14.7081,15.129,81674.3,1233245.40532
2022-07-27 08:00:00,15.129,15.362,14.903,14.947,79898.3,1207799.59397
2022-07-27 12:00:00,14.947,15.28,14.853,15.214,39694.0,599586.23503
2022-07-27 16:00:00,15.214,16.165,14.9675,15.883,132318.0,2068011.70891
2022-07-27 20:00:00,15.883,16.93,15.87,16.752,83644.6,1383483.3361
2022-07-28 00:00:00,16.752,16.787,16.23,16.434,119645.7,1971000.67175
2022-07-28 04:00:00,16.434,16.652,16.285,16.317,64951.3,1070606.26277
2022-07-28 08:00:00,16.317,16.667,16.27,16.633,59552.3,977790.20014
2022-07-28 12:00:00,16.633,17.008,16.024,16.859,122725.1,2026541.66402
2022-07-28 16:00:00,16.859,17.456,16.76,16.955,61147.0,1049041.81861
2022-07-28 20:00:00,16.955,17.462,16.95,17.11,77883.8,1341537.73335
2022-07-29 00:00:00,17.11,19.464,17.098,19.293,425004.5,7854575.59821
2022-07-29 04:00:00,19.293,19.349,18.434,18.61,227558.2,4307363.58827
2022-07-29 08:00:00,18.61,18.735,17.666,17.841,244780.6,4469521.42981
2022-07-29 12:00:00,17.841,18.492,17.51,18.155,180567.2,3245767.74563
2022-07-29 16:00:00,18.155,18.414,17.616,18.311,53788.3,968656.83347
2022-07-29 20:00:00,18.311,18.75,18.124,18.204,54161.8,998008.40858
2022-07-30 00:00:00,18.204,20.394,18.203,19.441,602414.6,11771230.72408
2022-07-30 04:00:00,19.441,19.674,18.943,19.379,141586.1,2735560.24124
2022-07-30 08:00:00,19.379,19.731,18.953,19.51,133829.3,2589800.06429
2022-07-30 12:00:00,19.51,19.762,19.162,19.619,146689.0,2858774.56848
2022-07-30 16:00:00,19.619,19.815,19.013,19.075,52673.4,1029088.51448
2022-07-30 20:00:00,19.075,19.386,18.488,19.0783,54197.1,1026236.61564
2022-07-31 00:00:00,19.0783,19.102,18.521,18.595,73028.1,1368196.30524
2022-07-31 04:00:00,18.595,18.978,18.595,18.685,61815.5,1161405.76888
2022-07-31 08:00:00,18.685,18.735,18.2456,18.63,91693.4,1699418.85584
2022-07-31 12:00:00,18.63,18.683,18.334,18.568,78545.8,1453332.89354
2022-07-31 16:00:00,18.568,19.163,18.45,18.734,206543.8,3907970.7548
2022-07-31 20:00:00,18.734,18.853,17.945,18.013,87385.0,1592696.04652
2022-08-01 00:00:00,18.013,18.278,17.663,18.079,83369.0,1499666.97374
2022-08-01 04:00:00,18.079,18.132,17.671,17.969,55925.6,999141.85918
2022-08-01 08:00:00,17.969,18.067,17.2481,17.631,110439.7,1950620.51923
2022-08-01 12:00:00,17.631,18.392,17.29,18.002,101948.6,1810640.76618
2022-08-01 16:00:00,18.002,18.007,17.259,17.45,50847.5,892326.10848
2022-08-01 20:00:00,17.45,17.854,17.326,17.772,40836.1,720012.83966
2022-08-02 00:00:00,17.772,17.905,16.583,16.687,105552.3,1814121.90494
2022-08-02 04:00:00,16.687,17.016,16.546,16.908,32092.4,539672.16367
2022-08-02 08:00:00,16.908,17.233,16.6,17.145,49701.7,838929.4533
2022-08-02 12:00:00,17.145,17.4229,16.785,17.277,58298.3,996012.0236
2022-08-02 16:00:00,17.277,17.664,17.116,17.218,49659.8,864407.74066
2022-08-02 20:00:00,17.218,17.418,17.117,17.167,28608.7,493976.62596
2022-08-03 00:00:00,17.167,17.253,16.556,17.009,69221.2,1172371.55525
2022-08-03 04:00:00,17.009,17.41,16.956,17.241,59890.3,1032045.43192
2022-08-03 08:00:00,17.241,17.956,17.238,17.873,85461.9,1509969.10402
2022-08-03 12:00:00,17.873,17.965,17.46,17.696,57753.5,1022798.38143
2022-08-03 16:00:00,17.696,17.895,17.664,17.791,17918.4,318778.51335
2022-08-03 20:00:00,17.791,17.818,17.006,17.137,32531.5,565388.0908
2022-08-04 00:00:00,17.137,17.72,17.119,17.516,76164.2,1333052.82848
2022-08-04 04:00:00,17.516,17.792,17.222,17.286,97015.4,1700386.41031
2022-08-04 08:00:00,17.286,17.405,17.068,17.236,39610.7,683518.42243
2022-08-04 12:00:00,17.236,17.959,17.035,17.835,69182.7,1201616.57759
2022-08-04 16:00:00,17.835,18.251,17.171,17.439,77301.3,1359200.27852
2022-08-04 20:00:00,17.439,17.755,17.294,17.695,35449.4,620187.28816
2022-08-05 00:00:00,17.691,18.176,17.59,18.112,79831.7,1426075.73926
2022-08-05 04:00:00,18.112,18.369,18.029,18.283,43641.8,793764.60161
2022-08-05 08:00:00,18.283,18.5,18.09,18.453,47352.3,866675.85774
2022-08-05 12:00:00,18.453,18.549,17.816,17.875,90507.2,1636914.72152
2022-08-05 16:00:00,17.875,17.954,17.721,17.942,27293.3,487304.55427
2022-08-05 20:00:00,17.942,18.454,17.809,18.421,39178.6,713495.53384
2022-08-06 00:00:00,18.421,18.436,18.117,18.192,46872.5,854816.557
2022-08-06 04:00:00,18.192,18.305,18.126,18.294,44448.9,809495.86784
2022-08-06 08:00:00,18.294,18.38,18.13,18.151,29747.4,542431.99607
2022-08-06 12:00:00,18.151,18.349,18.058,18.154,19667.9,357610.47134
2022-08-06 16:00:00,18.154,18.248,17.841,18.104,13307.9,240040.51049
2022-08-06 20:00:00,18.104,18.128,17.825,17.918,27504.2,492684.1002
2022-08-07 00:00:00,17.918,18.607,17.716,18.357,164868.2,3007272.73283
2022-08-07 04:00:00,18.357,18.427,18.079,18.212,47148.2,863551.91459
2022-08-07 08:00:00,18.212,18.366,18.089,18.306,61778.5,1127608.41978
2022-08-07 12:00:00,18.306,18.962,18.275,18.772,146315.1,2725562.87021
2022-08-07 16:00:00,18.772,18.9,18.629,18.714,42950.9,804511.21244
2022-08-07 20:00:00,18.714,18.889,18.388,18.46,53309.8,997550.85516
2022-08-08 00:00:00,18.458,18.765,18.405,18.656,50784.1,942962.70333
2022-08-08 04:00:00,18.656,18.844,18.522,18.706,85208.9,1594236.28468
2022-08-08 08:00:00,18.706,19.165,18.699,19.125,113149.7,2144156.84453
2022-08-08 12:00:00,19.125,19.268,18.62,18.712,108862.9,2064959.02948
2022-08-08 16:00:00,18.712,18.73,18.444,18.659,36922.3,685924.67131
2022-08-08 20:00:00,18.659,18.84,18.4157,18.61,28867.3,538520.21785
2022-08-09 00:00:00,18.61,18.702,18.234,18.549,43339.2,799825.67456
2022-08-09 04:00:00,18.549,18.669,18.4123,18.456,47819.3,887154.57402
2022-08-09 08:00:00,18.456,18.473,17.614,17.729,72087.0,1296725.13081
2022-08-09 12:00:00,17.729,17.954,17.172,17.476,64352.3,1128488.9708
2022-08-09 16:00:00,17.476,17.568,17.391,17.449,16518.2,288501.51531
2022-08-09 20:00:00,17.449,17.733,17.443,17.563,33475.6,588056.64598
2022-08-10 00:00:00,17.563,17.563,17.078,17.158,40849.9,704194.7319
2022-08-10 04:00:00,17.158,17.538,17.154,17.514,38084.5,662164.50834
2022-08-10 08:00:00,17.514,17.775,17.514,17.68,43661.4,768086.76823
2022-08-10 12:00:00,17.68,18.536,17.585,18.4,136587.9,2493072.10289
2022-08-10 16:00:00,18.4,18.523,18.124,18.227,19826.2,363278.2069
2022-08-10 20:00:00,18.227,18.511,18.218,18.4981,22742.3,418518.09339
2022-08-11 00:00:00,18.4981,18.735,18.36,18.584,41733.7,774107.58938
2022-08-11 04:00:00,18.584,18.974,18.584,18.668,51835.5,972113.58984
2022-08-11 08:00:00,18.668,18.785,18.538,18.784,27826.9,519169.92499
2022-08-11 12:00:00,18.784,19.086,18.461,18.534,50337.2,945387.42739
2022-08-11 16:00:00,18.534,18.742,18.383,18.573,40222.3,746402.39875
2022-08-11 20:00:00,18.573,18.742,18.23,18.402,21149.6,390623.14271
2022-08-12 00:00:00,18.402,18.741,17.986,18.646,53030.2,979034.96291
2022-08-12 04:00:00,18.646,18.686,18.3,18.528,30721.8,567642.99866
2022-08-12 08:00:00,18.528,18.608,17.882,17.936,103976.3,1897996.11907
2022-08-12 12:00:00,17.936,18.297,17.909,18.25,33627.4,608696.46562
2022-08-12 16:00:00,18.25,18.537,18.157,18.449,15289.1,280311.16874
2022-08-12 20:00:00,18.449,18.65,18.373,18.634,22018.5,407232.58365
2022-08-13 00:00:00,18.634,19.876,18.501,19.651,233270.3,4510050.49986
2022-08-13 04:00:00,19.651,19.657,19.251,19.264,88155.7,1710765.12367
2022-08-13 08:00:00,19.264,19.43,19.094,19.375,52023.8,1003016.78681
2022-08-13 12:00:00,19.375,19.648,19.167,19.29,65945.4,1279334.45546
2022-08-13 16:00:00,19.29,19.518,19.17,19.29,43202.2,834056.9411
2022-08-13 20:00:00,19.29,19.498,19.162,19.224,47873.4,924523.48821
2022-08-14 00:00:00,19.224,19.65,19.0,19.354,106950.9,2067301.9231
2022-08-14 04:00:00,19.354,19.633,19.229,19.523,64772.2,1261795.58536
2022-08-14 08:00:00,19.523,19.775,19.374,19.451,61551.8,1201207.14994
2022-08-14 12:00:00,19.451,19.612,18.787,19.043,91382.4,1741251.02108
2022-08-14 16:00:00,19.043,19.062,18.239,18.56,52983.3,983381.4913
2022-08-14 20:00:00,18.56,18.679,18.412,18.537,18013.6,334422.62269
2022-08-15 00:00:00,18.537,19.116,18.298,18.869,94372.1,1773113.09129
2022-08-15 04:00:00,18.869,18.91,18.079,18.147,98111.7,1802431.30386
2022-08-15 08:00:00,18.147,18.2798,17.904,18.069,65535.4,1185983.948
2022-08-15 12:00:00,18.069,18.431,17.846,18.326,52581.6,952771.89625
2022-08-15 16:00:00,18.326,18.468,18.164,18.201,15545.5,284632.23805
2022-08-15 20:00:00,18.201,18.351,17.886,18.142,65637.7,1184760.98576
2022-08-16 00:00:00,18.142,18.547,17.91,18.277,98779.2,1798174.27839
2022-08-16 04:00:00,18.277,18.347,17.933,18.2541,56425.5,1022650.2616
2022-08-16 08:00:00,18.2541,18.383,18.131,18.255,80233.6,1466620.6187
2022-08-16 12:00:00,18.255,18.311,17.789,17.974,67470.8,1218272.27212
2022-08-16 16:00:00,17.974,18.097,17.674,17.893,43702.7,783092.39876
2022-08-16 20:00:00,17.893,18.049,17.8,17.919,21130.0,379024.45478
2022-08-17 00:00:00,17.919,18.125,17.883,18.108,36422.7,656275.75044
2022-08-17 04:00:00,18.108,18.357,17.675,17.779,84848.9,1541641.33691
2022-08-17 08:00:00,17.779,17.883,17.577,17.651,27984.3,496418.86537
2022-08-17 12:00:00,17.651,17.661,16.8201,16.962,111570.2,1914785.49878
2022-08-17 16:00:00,16.962,17.334,16.94,17.006,40763.8,697203.04196
2022-08-17 20:00:00,17.006,17.2669,16.627,16.946,36611.2,617773.16761
2022-08-18 00:00:00,16.946,17.082,16.6691,16.986,30764.0,521432.05766
2022-08-18 04:00:00,16.986,17.15,16.88,17.061,36087.1,613113.91048
2022-08-18 08:00:00,17.061,17.1377,16.91,17.117,34727.5,591953.72435
2022-08-18 12:00:00,17.117,17.229,16.905,17.025,54621.0,931024.58721
2022-08-18 16:00:00,17.025,17.042,16.75,16.82,39897.8,673904.62428
2022-08-18 20:00:00,16.82,16.914,15.776,16.069,64503.1,1052732.79135
2022-08-19 00:00:00,16.069,16.074,15.25,15.396,80441.5,1252412.59954
2022-08-19 04:00:00,15.396,15.64,14.315,14.81,158689.2,2372297.506
2022-08-19 08:00:00,14.81,14.83,14.336,14.656,51379.0,750905.36753
2022-08-19 12:00:00,14.656,14.791,14.409,14.669,32438.6,474744.01758
2022-08-19 16:00:00,14.669,14.888,14.469,14.721,16020.0,235061.34949
2022-08-19 20:00:00,14.721,14.759,13.984,14.198,55328.0,793239.7085
2022-08-20 00:00:00,14.198,14.5959,14.188,14.505,34383.8,495417.3699
2022-08-20 04:00:00,14.505,14.719,14.444,14.658,34229.4,498508.37885
2022-08-20 08:00:00,14.658,14.6729,14.485,14.534,23649.9,344669.3877
2022-08-20 12:00:00,14.534,14.5609,14.242,14.365,61564.6,888769.4803
2022-08-20 16:00:00,14.365,14.4098,13.74,13.825,43467.0,609200.05374
2022-08-20 20:00:00,13.825,14.1461,13.6,14.094,29865.5,413426.20609
2022-08-21 00:00:00,14.094,14.257,14.004,14.037,22842.2,322920.48306
2022-08-21 04:00:00,14.037,14.295,13.927,14.278,50079.2,703144.49545
2022-08-21 08:00:00,14.278,14.558,14.236,14.4371,108715.6,1561233.03964
2022-08-21 12:00:00,14.4371,14.484,14.153,14.29,50035.2,716804.71669
2022-08-21 16:00:00,14.29,14.498,14.215,14.403,26554.9,381824.45649
2022-08-21 20:00:00,14.403,14.632,14.202,14.437,19160.7,276014.62148
2022-08-22 00:00:00,14.437,14.4549,14.226,14.238,21124.2,302843.61371
2022-08-22 04:00:00,14.238,14.312,13.734,13.759,31286.8,440204.27456
2022-08-22 08:00:00,13.759,13.82,13.462,13.686,66926.7,914677.26232
2022-08-22 12:00:00,13.686,13.916,13.508,13.888,200015.6,2741321.94376
2022-08-22 16:00:00,13.888,13.978,13.681,13.836,31863.8,442956.60721
2022-08-22 20:00:00,13.836,14.262,13.833,14.217,22964.5,322636.46315
2022-08-23 00:00:00,14.217,14.459,14.159,14.166,40730.7,583201.61161
2022-08-23 04:00:00,14.166,14.216,13.671,14.061,76194.9,1066216.81524
2022-08-23 08:00:00,14.061,14.667,14.06,14.556,110921.6,1581233.22399
2022-08-23 12:00:00,14.556,14.608,14.301,14.418,31740.6,457626.80878
2022-08-23 16:00:00,14.418,14.846,14.311,14.701,21503.8,312591.50793
2022-08-23 20:00:00,14.701,14.799,14.5301,14.656,28718.1,420561.69195
2022-08-24 00:00:00,14.656,14.86,14.166,14.278,45879.4,665484.28204
2022-08-24 04:00:00,14.278,14.577,14.251,14.399,12066.4,173789.59324
2022-08-24 08:00:00,14.399,14.699,14.397,14.636,34042.0,497110.07505
2022-08-24 12:00:00,14.636,14.958,14.519,14.887,35780.1,525392.24854
2022-08-24 16:00:00,14.887,15.008,14.757,14.823,29076.3,432628.81718
2022-08-24 20:00:00,14.823,14.868,14.479,14.521,23770.9,348888.41327
2022-08-25 00:00:00,14.521,14.699,14.481,14.57,18368.6,268457.79946
2022-08-25 04:00:00,14.57,14.958,14.55,14.85,22735.5,335971.99047
2022-08-25 08:00:00,14.85,14.87,14.658,14.784,34499.0,509124.12541
2022-08-25 12:00:00,14.784,14.819,14.416,14.532,38731.9,565822.65173
2022-08-25 16:00:00,14.532,14.695,14.418,14.682,18871.6,273987.4393
2022-08-25 20:00:00,14.682,14.761,14.556,14.7081,9664.5,141944.19005
2022-08-26 00:00:00,14.7081,14.846,14.523,14.707,37675.7,554790.86139
2022-08-26 04:00:00,14.707,14.742,14.214,14.378,77261.3,1108162.47447
2022-08-26 08:00:00,14.378,14.455,13.993,14.134,32996.0,469026.42124
2022-08-26 12:00:00,14.134,14.783,13.681,13.844,76794.9,1093250.09894
2022-08-26 16:00:00,13.844,13.864,13.477,13.624,24825.0,339741.84543
2022-08-26 20:00:00,13.624,13.721,13.058,13.302,47392.8,635190.59735
2022-08-27 00:00:00,13.302,13.389,13.139,13.269,61132.3,812834.74813
2022-08-27 04:00:00,13.269,13.506,12.987,13.475,65499.9,865215.48353
2022-08-27 08:00:00,13.475,13.578,13.357,13.536,39391.2,530831.0323
2022-08-27 12:00:00,13.536,13.6899,13.347,13.541,64441.2,871890.71631
2022-08-27 16:00:00,13.541,13.892,13.407,13.831,61700.4,841186.7049
2022-08-27 20:00:00,13.831,13.987,13.667,13.784,34654.7,478625.0863
2022-08-28 00:00:00,13.784,13.91,13.644,13.748,16733.3,230761.73608
2022-08-28 04:00:00,13.748,13.872,13.597,13.827,30284.5,415993.72645
2022-08-28 08:00:00,13.827,13.903,13.622,13.703,24650.7,339112.73026
2022-08-28 12:00:00,13.703,13.891,13.522,13.856,27066.2,370794.71644
2022-08-28 16:00:00,13.856,13.975,13.723,13.764,18882.5,261326.78795
2022-08-28 20:00:00,13.764,13.9019,13.116,13.189,42334.7,571876.62602
2022-08-29 00:00:00,13.189,13.384,13.01,13.32,34328.2,453032.74111
2022-08-29 04:00:00,13.32,13.398,13.14,13.345,41223.1,548014.78643
2022-08-29 08:00:00,13.345,13.36,13.184,13.228,18585.7,246296.12457
2022-08-29 12:00:00,13.228,13.729,13.209,13.6271,59221.4,802562.05468
2022-08-29 16:00:00,13.6271,13.764,13.501,13.549,30486.6,415581.35207
2022-08-29 20:00:00,13.549,13.896,13.518,13.834,24956.3,340940.82133
2022-08-30 00:00:00,13.834,13.844,13.592,13.741,31188.7,426578.38812
2022-08-30 04:00:00,13.741,14.052,13.7351,13.871,38827.7,540079.89528
2022-08-30 08:00:00,13.871,13.989,13.815,13.874,31469.5,436799.4727
2022-08-30 12:00:00,13.874,13.911,13.218,13.3716,32194.9,437467.60847
2022-08-30 16:00:00,13.3716,13.535,13.021,13.374,29412.7,387930.5168
2022-08-30 20:00:00,13.374,14.044,13.307,13.856,33683.0,462532.74054
2022-08-31 00:00:00,13.856,14.517,13.842,14.251,74224.0,1059490.29925
2022-08-31 04:00:00,14.251,14.299,14.068,14.108,34995.4,495423.66804
2022-08-31 08:00:00,14.108,14.379,13.957,14.296,49250.7,698531.47661
2022-08-31 12:00:00,14.296,14.439,13.989,14.218,44316.9,632417.72031
2022-08-31 16:00:00,14.218,14.627,13.995,14.482,41602.1,595414.9197
2022-08-31 20:00:00,14.482,14.609,14.055,14.113,57194.3,815994.69447
2022-09-01 00:00:00,14.113,14.2189,13.78,13.877,24878.0,347336.74962
2022-09-01 04:00:00,13.877,14.048,13.642,13.687,21086.4,292348.31809
2022-09-01 08:00:00,13.687,14.023,13.576,13.946,25325.4,350146.65274
2022-09-01 12:00:00,13.946,13.984,13.498,13.67,76418.7,1042317.94912
2022-09-01 16:00:00,13.67,13.862,13.63,13.844,26540.9,364727.61435
2022-09-01 20:00:00,13.844,14.025,13.83,14.014,14324.1,199886.55016
2022-09-02 00:00:00,14.014,14.081,13.75,13.976,29950.7,416878.73353
2022-09-02 04:00:00,13.976,14.184,13.975,14.022,49678.6,697824.69077
2022-09-02 08:00:00,14.022,14.053,13.774,13.856,40031.7,556823.54717
2022-09-02 12:00:00,13.856,14.453,13.752,14.267,47482.0,670555.27285
2022-09-02 16:00:00,14.267,14.289,13.835,13.953,40449.6,565512.94566
2022-09-02 20:00:00,13.953,14.05,13.894,14.023,13627.5,190306.28415
2022-09-03 00:00:00,14.023,14.276,13.962,14.06,28601.4,403795.4067
2022-09-03 04:00:00,14.06,14.428,14.017,14.259,33957.8,482284.87022
2022-09-03 08:00:00,14.259,15.207,14.237,15.005,595586.0,8862790.61469
2022-09-03 12:00:00,15.005,15.31,14.94,15.141,499562.7,7548056.97567
2022-09-03 16:00:00,15.141,15.2949,14.983,15.172,249842.3,3781471.21519
2022-09-03 20:00:00,15.172,15.413,15.08,15.175,122979.5,1875095.66143
2022-09-04 00:00:00,15.175,15.374,14.576,14.663,405474.0,6052410.95954
2022-09-04 04:00:00,14.663,14.695,14.377,14.383,194339.8,2824924.03688
2022-09-04 08:00:00,14.383,14.579,14.346,14.565,185587.2,2684668.39664
2022-09-04 12:00:00,14.565,14.66,14.414,14.4691,133820.9,1942919.65579
2022-09-04 16:00:00,14.4691,14.545,14.421,14.522,30277.8,439086.65379
2022-09-04 20:00:00,14.522,14.578,14.424,14.549,72902.4,1057009.24602
2022-09-05 00:00:00,14.549,14.748,14.44,14.554,70466.2,1025268.94884
2022-09-05 04:00:00,14.554,14.587,14.007,14.098,201751.5,2866607.18581
2022-09-05 08:00:00,14.098,14.173,13.812,14.02,99345.0,1391296.65013
2022-09-05 12:00:00,14.02,14.183,13.953,14.126,70266.1,990195.46884
2022-09-05 16:00:00,14.126,14.171,14.002,14.011,23246.1,327233.11502
2022-09-05 20:00:00,14.011,14.3799,14.005,14.28,23290.5,331243.9957
2022-09-06 00:00:00,14.28,14.584,14.039,14.17,81124.1,1160113.93871
2022-09-06 04:00:00,14.17,14.386,14.158,14.291,51757.7,739248.45643
2022-09-06 08:00:00,14.291,14.483,14.178,14.373,57032.5,816952.84969
2022-09-06 12:00:00,14.373,14.476,14.05,14.248,68573.6,974369.39397
2022-09-06 16:00:00,14.248,14.274,13.163,13.245,124931.7,1697010.80028
2022-09-06 20:00:00,13.245,13.297,12.959,13.124,59303.9,779256.15777
2022-09-07 00:00:00,13.124,13.189,12.803,13.016,62464.0,812230.54575
2022-09-07 04:00:00,13.016,13.159,12.951,13.13,33678.0,439367.52681
2022-09-07 08:00:00,13.13,13.196,13.047,13.131,17702.3,232481.55315
2022-09-07 12:00:00,13.131,13.38,13.029,13.307,57778.6,767443.43133
2022-09-07 16:00:00,13.307,13.499,13.23,13.421,37563.4,502154.52228
2022-09-07 20:00:00,13.421,13.709,13.421,13.499,52510.1,713551.10288
2022-09-08 00:00:00,13.499,13.582,13.393,13.519,29926.2,403959.93398
2022-09-08 04:00:00,13.519,13.662,13.342,13.526,31775.9,430162.2562
2022-09-08 08:00:00,13.526,13.827,13.485,13.706,57719.1,788430.64926
2022-09-08 12:00:00,13.706,14.067,13.317,13.854,95959.4,1314971.49547
2022-09-08 16:00:00,13.854,13.874,13.614,13.811,28902.7,397630.56519
2022-09-08 20:00:00,13.811,13.877,13.716,13.832,21683.1,298790.43299
2022-09-09 00:00:00,13.832,14.07,13.791,14.0042,26447.3,368614.93688
2022-09-09 04:00:00,14.0042,14.316,13.983,14.189,75794.2,1073658.70998
2022-09-09 08:00:00,14.189,15.1,14.182,14.894,202095.7,2980381.56371
2022-09-09 12:00:00,14.894,15.2,14.679,14.813,98541.7,1472472.81371
2022-09-09 16:00:00,14.813,14.896,14.615,14.641,34304.4,505394.17459
2022-09-09 20:00:00,14.641,14.847,14.525,14.703,41975.1,615276.84986
2022-09-10 00:00:00,14.703,14.799,14.472,14.655,37520.1,549843.28918
2022-09-10 04:00:00,14.655,14.9461,14.413,14.469,57181.8,839761.76445
2022-09-10 08:00:00,14.469,14.822,14.469,14.62,54089.5,793216.25334
2022-09-10 12:00:00,14.62,14.649,14.307,14.406,45510.3,656594.08365
2022-09-10 16:00:00,14.406,14.63,14.3912,14.627,20630.2,300123.46966
2022-09-10 20:00:00,14.627,14.794,14.496,14.678,22351.0,327799.22232
2022-09-11 00:00:00,14.678,14.787,14.499,14.6539,22543.9,329643.48295
2022-09-11 04:00:00,14.6539,14.703,14.184,14.44,40602.3,585476.27823
2022-09-11 08:00:00,14.44,14.536,14.416,14.482,29273.7,423767.86194
2022-09-11 12:00:00,14.482,14.634,14.376,14.509,51540.5,748334.19308
2022-09-11 16:00:00,14.509,14.79,14.504,14.5551,47496.2,696458.52913
2022-09-11 20:00:00,14.5551,14.61,14.077,14.536,29464.7,423329.29934
2022-09-12 00:00:00,14.536,14.771,14.179,14.283,51325.2,742279.11514
2022-09-12 04:00:00,14.283,14.56,14.262,14.547,34993.2,504580.20149
2022-09-12 08:00:00,14.547,15.047,14.519,14.803,86811.5,1280886.22224
2022-09-12 12:00:00,14.803,14.877,14.32,14.392,56147.9,822766.10688
2022-09-12 16:00:00,14.392,14.413,14.065,14.233,39266.8,559104.60042
2022-09-12 20:00:00,14.233,14.292,14.122,14.223,36559.6,519283.51382
2022-09-13 00:00:00,14.223,14.234,13.787,14.161,83209.4,1160466.23753
2022-09-13 04:00:00,14.161,14.4419,14.123,14.37,22706.7,324022.70319
2022-09-13 08:00:00,14.37,14.447,14.224,14.357,37491.2,537764.02261
2022-09-13 12:00:00,14.357,14.48,13.224,13.4,151557.0,2060407.29616
2022-09-13 16:00:00,13.4,13.5189,13.052,13.306,57340.3,759926.90271
2022-09-13 20:00:00,13.306,13.408,13.0021,13.1469,45927.4,605366.82176
2022-09-14 00:00:00,13.1469,13.378,13.021,13.29,32746.4,434517.2387
2022-09-14 04:00:00,13.29,13.362,12.971,13.148,73499.5,970089.01133
2022-09-14 08:00:00,13.148,13.32,13.078,13.209,23855.6,315374.36472
2022-09-14 12:00:00,13.209,13.433,13.057,13.163,73374.3,968471.81543
2022-09-14 16:00:00,13.163,13.226,12.805,13.196,58125.2,755179.03654
2022-09-14 20:00:00,13.196,13.38,13.081,13.297,20957.1,277102.2368
2022-09-15 00:00:00,13.297,13.305,12.745,12.904,44634.3,577902.4003
2022-09-15 04:00:00,12.904,13.36,12.762,13.236,117184.0,1535009.7492
2022-09-15 08:00:00,13.236,13.236,13.018,13.099,20603.7,270054.17933
2022-09-15 12:00:00,13.099,13.184,12.532,12.808,83797.7,1075352.43568
2022-09-15 16:00:00,12.808,13.0,12.744,12.911,17728.5,228493.18757
2022-09-15 20:00:00,12.911,12.972,12.585,12.677,19519.8,248586.02136
2022-09-16 00:00:00,12.677,12.705,12.42,12.703,40806.9,511721.77735
2022-09-16 04:00:00,12.703,12.803,12.6491,12.78,17867.0,227626.15899
2022-09-16 08:00:00,12.78,12.901,12.579,12.875,39850.0,509021.40909
2022-09-16 12:00:00,12.875,12.888,12.581,12.751,26533.9,338747.59421
2022-09-16 16:00:00,12.751,12.765,12.48,12.691,51486.2,649311.0496
2022-09-16 20:00:00,12.691,12.817,12.679,12.805,11441.8,146161.575
2022-09-17 00:00:00,12.805,12.967,12.794,12.9149,40575.4,522784.15514
2022-09-17 04:00:00,12.9149,12.976,12.766,12.892,23356.3,300035.32263
2022-09-17 08:00:00,12.892,12.9759,12.8491,12.905,19706.1,254374.6102
2022-09-17 12:00:00,12.905,13.062,12.8441,13.007,64454.8,831815.92721
2022-09-17 16:00:00,13.007,13.168,12.935,13.025,23978.2,312416.62498
2022-09-17 20:00:00,13.025,13.197,13.008,13.146,31613.8,413158.27663
2022-09-18 00:00:00,13.146,13.183,13.026,13.077,77280.0,1014096.99855
2022-09-18 04:00:00,13.077,13.232,13.061,13.224,36052.9,474241.7026
2022-09-18 08:00:00,13.224,13.247,12.843,12.974,57456.8,747856.13224
2022-09-18 12:00:00,12.974,12.989,12.76,12.829,27095.3,349247.87928
2022-09-18 16:00:00,12.829,12.861,12.574,12.686,52068.2,661252.65427
2022-09-18 20:00:00,12.686,12.686,11.873,12.026,65707.2,797439.87799
2022-09-19 00:00:00,12.026,12.305,11.672,11.804,38659.3,461563.50489
2022-09-19 04:00:00,11.804,11.966,11.63,11.848,43695.3,514365.60816
2022-09-19 08:00:00,11.848,11.982,11.636,11.925,48496.6,574471.65068
2022-09-19 12:00:00,11.925,12.226,11.889,12.055,55869.9,673205.18247
2022-09-19 16:00:00,12.055,12.247,11.947,12.224,14939.9,181009.21263
2022-09-19 20:00:00,12.224,12.35,12.167,12.259,19961.6,244530.23887
2022-09-20 00:00:00,12.259,12.8,12.257,12.529,190505.1,2402096.29326
2022-09-20 04:00:00,12.529,12.599,12.393,12.476,50808.0,634425.51646
2022-09-20 08:00:00,12.476,12.5,12.205,12.284,63630.2,783404.41469
2022-09-20 12:00:00,12.284,12.555,12.017,12.552,73338.6,902810.20773
2022-09-20 16:00:00,12.552,12.601,12.235,12.342,29643.0,368664.78108
2022-09-20 20:00:00,12.342,12.439,12.149,12.399,35596.9,436948.96603
2022-09-21 00:00:00,12.399,12.441,12.237,12.39,26253.9,323768.53609
2022-09-21 04:00:00,12.39,12.478,11.949,12.091,45798.4,557511.80655
2022-09-21 08:00:00,12.091,12.292,12.0341,12.2741,29557.2,361022.80703
2022-09-21 12:00:00,12.2741,12.38,12.125,12.196,36189.8,444356.40265
2022-09-21 16:00:00,12.196,12.974,12.109,12.375,99158.7,1239827.39766
2022-09-21 20:00:00,12.375,12.414,11.635,11.744,54527.6,648682.76563
2022-09-22 00:00:00,11.744,11.892,11.673,11.816,17886.5,210546.30984
2022-09-22 04:00:00,11.816,12.132,11.815,12.106,36524.7,437098.35785
2022-09-22 08:00:00,12.106,12.248,12.062,12.212,66010.3,801927.04192
2022-09-22 12:00:00,12.212,12.2929,11.978,12.121,61473.3,747771.38623
2022-09-22 16:00:00,12.121,12.478,11.992,12.371,33775.9,414591.7786
2022-09-22 20:00:00,12.371,12.447,12.21,12.337,16407.5,202386.53753
2022-09-23 00:00:00,12.337,13.018,12.266,12.881,89015.7,1135138.45245
2022-09-23 04:00:00,12.881,13.1,12.779,12.798,90036.1,1163687.29502
2022-09-23 08:00:00,12.798,13.083,12.505,12.55,118566.4,1515562.90281
2022-09-23 12:00:00,12.55,12.852,12.303,12.652,114875.9,1448485.09672
2022-09-23 16:00:00,12.652,13.225,12.481,13.154,164908.8,2114840.60129
2022-09-23 20:00:00,13.154,13.447,13.082,13.149,94258.4,1251389.45887
2022-09-24 00:00:00,13.149,13.656,13.149,13.316,209106.3,2813717.53628
2022-09-24 04:00:00,13.316,13.518,13.168,13.205,61434.7,819823.12404
2022-09-24 08:00:00,13.205,13.383,13.136,13.187,60200.1,799138.79104
2022-09-24 12:00:00,13.187,13.292,12.954,13.07,82897.3,1085613.14199
2022-09-24 16:00:00,13.07,13.237,13.0491,13.114,33137.6,434887.95089
2022-09-24 20:00:00,13.114,13.141,12.617,12.685,43660.1,561766.91339
2022-09-25 00:00:00,12.685,12.882,12.663,12.878,53253.4,680242.95013
2022-09-25 04:00:00,12.878,12.89,12.72,12.827,72960.2,934618.61945
2022-09-25 08:00:00,12.827,12.8509,12.692,12.834,53880.5,689607.09967
2022-09-25 12:00:00,12.834,12.8609,12.49,12.576,53449.7,674289.98274
2022-09-25 16:00:00,12.576,12.653,12.4,12.547,54798.9,688311.80473
2022-09-25 20:00:00,12.547,12.553,12.222,12.3671,37123.7,459277.98493
2022-09-26 00:00:00,12.3671,12.477,12.213,12.28,34865.9,430585.16418
2022-09-26 04:00:00,12.28,12.383,12.076,12.24,37480.9,457642.1026
2022-09-26 08:00:00,12.24,12.483,12.138,12.22,45157.7,556456.46157
2022-09-26 12:00:00,12.22,12.47,12.182,12.3839,37227.4,460731.38141
2022-09-26 16:00:00,12.3839,12.42,12.202,12.365,36524.1,449809.48564
2022-09-26 20:00:00,12.365,12.483,12.288,12.479,14066.7,174212.93301
2022-09-27 00:00:00,12.479,12.796,12.416,12.7,119174.9,1510821.8013
2022-09-27 04:00:00,12.7,12.868,12.633,12.731,46544.8,593943.1155
2022-09-27 08:00:00,12.731,12.796,12.631,12.718,17536.0,222924.15992
2022-09-27 12:00:00,12.718,12.903,12.641,12.687,59415.3,759675.57342
2022-09-27 16:00:00,12.687,12.727,12.108,12.349,65300.2,808594.91041
2022-09-27 20:00:00,12.349,12.419,12.256,12.322,13959.0,172458.31812
2022-09-28 00:00:00,12.322,12.439,11.84,12.084,67124.6,809580.26361
2022-09-28 04:00:00,12.084,12.147,11.991,12.098,37514.0,453051.47342
2022-09-28 08:00:00,12.098,12.213,11.952,12.157,17274.9,208283.62694
2022-09-28 12:00:00,12.157,12.408,12.143,12.359,54856.2,673894.74171
2022-09-28 16:00:00,12.359,12.551,12.251,12.48,19914.7,246732.82615
2022-09-28 20:00:00,12.48,12.63,12.473,12.485,16068.7,201570.56022
2022-09-29 00:00:00,12.485,12.582,12.334,12.41,16742.4,208277.27334
2022-09-29 04:00:00,12.41,12.567,12.324,12.4299,24620.0,305796.63906
2022-09-29 08:00:00,12.4299,12.583,12.376,12.425,21994.8,273872.35898
2022-09-29 12:00:00,12.425,12.507,12.17,12.364,37088.6,457499.0924
2022-09-29 16:00:00,12.364,12.522,12.285,12.482,32497.3,403548.46439
2022-09-29 20:00:00,12.482,12.734,12.482,12.705,47969.9,604452.50988
2022-09-30 00:00:00,12.705,12.777,12.552,12.662,39742.1,503675.91716
2022-09-30 04:00:00,12.662,12.8809,12.6321,12.832,50226.9,642117.57507
2022-09-30 08:00:00,12.832,12.8716,12.534,12.563,40847.8,519833.69923
2022-09-30 12:00:00,12.563,12.85,12.533,12.73,56623.2,719384.08929
2022-09-30 16:00:00,12.73,12.793,12.469,12.498,31399.6,396844.73698
2022-09-30 20:00:00,12.498,12.5789,12.423,12.5531,14832.3,185159.09041
2022-10-01 00:00:00,12.5531,12.67,12.544,12.648,22806.1,287678.562
2022-10-01 04:00:00,12.648,12.7649,12.58,12.607,57139.1,723438.82346
2022-10-01 08:00:00,12.607,12.726,12.562,12.632,31734.7,401241.67681
2022-10-01 12:00:00,12.632,12.71,12.583,12.66,27665.5,350171.57847
2022-10-01 16:00:00,12.66,12.664,12.45,12.556,23668.6,296788.33919
2022-10-01 20:00:00,12.556,12.606,12.469,12.544,12630.1,158632.367
2022-10-02 00:00:00,12.544,12.557,12.476,12.498,16273.9,203647.10271
2022-10-02 04:00:00,12.498,12.599,12.4972,12.553,28442.0,357280.14589
2022-10-02 08:00:00,12.553,12.562,12.18,12.3071,24427.2,302253.01585
2022-10-02 12:00:00,12.3071,12.366,12.227,12.288,19870.0,244357.80953
2022-10-02 16:00:00,12.288,12.479,12.2721,12.456,23521.3,290689.21307
2022-10-02 20:00:00,12.456,12.4829,12.071,12.139,32288.4,395525.40279
2022-10-03 00:00:00,12.139,12.324,12.0,12.253,15731.2,191746.29109
2022-10-03 04:00:00,12.253,12.356,12.142,12.266,15281.6,187098.43259
2022-10-03 08:00:00,12.266,12.308,12.214,12.27,24403.4,298952.77319
2022-10-03 12:00:00,12.27,12.553,12.2521,12.424,45603.1,566046.10044
2022-10-03 16:00:00,12.424,12.583,12.413,12.524,18618.1,233242.03635
2022-10-03 20:00:00,12.516,12.749,12.4751,12.672,23852.1,301274.33914
2022-10-04 00:00:00,12.672,12.771,12.625,12.706,37404.0,474325.31549
2022-10-04 04:00:00,12.706,12.801,12.563,12.767,76215.6,967313.12037
2022-10-04 08:00:00,12.767,12.846,12.6831,12.695,39192.5,499068.07446
2022-10-04 12:00:00,12.695,12.8888,12.687,12.792,61176.9,783068.49958
2022-10-04 16:00:00,12.792,12.961,12.73,12.934,21819.0,279835.90533
2022-10-04 20:00:00,12.934,13.035,12.8687,12.973,52000.5,673699.22719
2022-10-05 00:00:00,12.973,13.079,12.832,12.844,25257.6,326615.43843
2022-10-05 04:00:00,12.844,12.8789,12.7761,12.807,34152.5,438213.26835
2022-10-05 08:00:00,12.807,12.83,12.6416,12.694,31256.9,396982.09965
2022-10-05 12:00:00,12.694,12.712,12.491,12.61,49159.5,619057.66954
2022-10-05 16:00:00,12.61,12.828,12.602,12.755,24797.8,315185.20517
2022-10-05 20:00:00,12.755,12.788,12.692,12.7449,16025.9,204249.72171
2022-10-06 00:00:00,12.7449,13.02,12.738,12.955,49942.9,645474.77834
2022-10-06 04:00:00,12.955,13.026,12.87,12.882,30468.0,393790.40562
2022-10-06 08:00:00,12.882,12.9689,12.811,12.9631,28870.6,371653.75115
2022-10-06 12:00:00,12.9631,13.013,12.783,12.872,55222.9,712690.06408
2022-10-06 16:00:00,12.872,12.872,12.633,12.745,23552.3,300092.36161
2022-10-06 20:00:00,12.745,12.775,12.611,12.669,9599.7,121899.12668
2022-10-07 00:00:00,12.669,12.724,12.618,12.69,11853.1,150362.70116
2022-10-07 04:00:00,12.69,12.715,12.5581,12.645,12369.0,156286.53084
2022-10-07 08:00:00,12.645,12.71,12.594,12.624,17141.1,216845.52443
2022-10-07 12:00:00,12.624,12.636,12.353,12.444,37440.7,465839.10362
2022-10-07 16:00:00,12.444,12.446,12.335,12.422,11913.0,147577.63578
2022-10-07 20:00:00,12.422,12.4669,12.387,12.445,14412.6,179318.64165
2022-10-08 00:00:00,12.445,12.545,12.422,12.482,21839.6,272766.93111
2022-10-08 04:00:00,12.482,12.539,12.4721,12.503,12578.1,157210.46919
2022-10-08 08:00:00,12.503,12.519,12.472,12.509,9131.7,114020.93997
2022-10-08 12:00:00,12.509,12.5149,12.394,12.459,16564.5,206225.06222
2022-10-08 16:00:00,12.459,12.487,12.402,12.414,7521.7,93644.29592
2022-10-08 20:00:00,12.414,12.4169,12.238,12.334,18033.3,222428.46611
2022-10-09 00:00:00,12.334,12.358,12.272,12.318,21980.0,270852.69966
2022-10-09 04:00:00,12.318,12.514,12.286,12.419,242298.3,3015937.23759
2022-10-09 08:00:00,12.419,12.488,12.381,12.441,12063.9,149907.981
2022-10-09 12:00:00,12.441,12.4948,12.427,12.488,9083.2,113233.89228
2022-10-09 16:00:00,12.488,12.538,12.427,12.529,7352.7,91753.50441
2022-10-09 20:00:00,12.529,12.534,12.348,12.398,12057.8,149993.83477
2022-10-10 00:00:00,12.398,12.555,12.358,12.46,21531.3,269034.90953
2022-10-10 04:00:00,12.46,12.583,12.335,12.362,306553.3,3837766.79608
2022-10-10 08:00:00,12.362,12.376,12.133,12.283,34160.9,418117.2512
2022-10-10 12:00:00,12.283,12.37,12.238,12.275,32901.7,404387.72163
2022-10-10 16:00:00,12.275,12.28,12.154,12.194,14805.8,180671.91602
2022-10-10 20:00:00,12.194,12.208,11.899,11.914,35243.6,423108.4943
2022-10-11 00:00:00,11.914,11.9149,11.483,11.6561,48287.3,564060.05407
2022-10-11 04:00:00,11.6561,11.72,11.566,11.636,363202.1,4235473.98345
2022-10-11 08:00:00,11.636,11.668,11.561,11.647,17064.3,198316.12665
2022-10-11 12:00:00,11.647,11.763,11.466,11.686,29070.0,338519.52161
2022-10-11 16:00:00,11.686,11.76,11.52,11.543,18545.4,216320.32529
2022-10-11 20:00:00,11.543,11.586,11.395,11.507,33447.9,384233.1064
2022-10-12 00:00:00,11.507,11.622,11.45,11.536,433991.1,4990737.66349
2022-10-12 04:00:00,11.536,11.677,11.461,11.652,261717.8,3016182.47973
2022-10-12 08:00:00,11.652,11.721,11.56,11.572,32193.8,374505.87501
2022-10-12 12:00:00,11.572,11.614,11.456,11.563,43569.2,502432.39616
2022-10-12 16:00:00,11.563,11.582,11.42,11.562,21370.7,245786.20488
2022-10-12 20:00:00,11.562,11.604,11.516,11.53,16564.7,191617.50916
2022-10-13 00:00:00,11.53,11.5349,11.023,11.15,61969.1,697394.07979
2022-10-13 04:00:00,11.15,11.175,10.522,10.665,141835.1,1533062.11975
2022-10-13 08:00:00,10.665,10.698,10.02,10.408,123910.3,1289207.71337
2022-10-13 12:00:00,10.408,10.968,10.094,10.928,97331.7,1016550.08087
2022-10-13 16:00:00,10.928,11.191,10.851,11.099,27885.3,307583.32316
2022-10-13 20:00:00,11.099,11.229,11.0723,11.078,31081.6,347085.56124
2022-10-14 00:00:00,11.078,11.5,10.9949,11.448,31839.4,361252.08653
2022-10-14 04:00:00,11.448,11.46,11.261,11.286,20024.3,227729.32063
2022-10-14 08:00:00,11.286,11.353,11.223,11.227,24959.4,282054.79896
2022-10-14 12:00:00,11.227,11.417,10.967,10.975,64603.5,719809.15541
2022-10-14 16:00:00,10.975,11.037,10.816,10.846,30071.7,328933.39319
2022-10-14 20:00:00,10.846,10.871,10.602,10.802,12847.3,137687.61673
2022-10-15 00:00:00,10.802,10.9239,10.763,10.918,43269.8,468050.91258
2022-10-15 04:00:00,10.918,10.968,10.876,10.921,40957.7,447018.11117
2022-10-15 08:00:00,10.921,10.923,10.733,10.916,40361.8,436820.88443
2022-10-15 12:00:00,10.916,10.959,10.837,10.946,23331.1,254823.4763
2022-10-15 16:00:00,10.946,11.041,10.933,11.001,15159.8,166530.6447
2022-10-15 20:00:00,11.001,11.007,10.71,10.804,18859.5,204894.14736
2022-10-16 00:00:00,10.804,10.986,10.781,10.906,25919.5,283222.80029
2022-10-16 04:00:00,10.906,11.0,10.905,10.985,17794.0,195139.86122
2022-10-16 08:00:00,10.985,11.094,10.964,11.02,30451.8,335540.2415
2022-10-16 12:00:00,11.02,11.0781,10.9281,10.983,31913.5,351104.73185
2022-10-16 16:00:00,10.983,11.125,10.919,11.125,5651.9,62026.57049
2022-10-16 20:00:00,11.125,11.18,10.884,11.029,31294.3,345859.48886
2022-10-17 00:00:00,11.029,11.082,10.857,10.913,41803.4,457974.51437
2022-10-17 04:00:00,10.913,11.038,10.902,11.019,30845.7,338785.76936
2022-10-17 08:00:00,11.019,11.147,10.958,11.075,34049.6,376514.75492
2022-10-17 12:00:00,11.075,11.228,11.027,11.119,56288.3,625980.53368
2022-10-17 16:00:00,11.119,11.174,11.0386,11.116,20570.3,228281.76912
2022-10-17 20:00:00,11.116,11.233,11.105,11.193,17021.3,189890.7556
2022-10-18 00:00:00,11.193,11.28,11.049,11.152,91990.0,1024027.0821
2022-10-18 04:00:00,11.152,11.249,11.099,11.233,86774.2,968306.54283
2022-10-18 08:00:00,11.233,11.2399,10.989,11.056,33937.6,375623.2312
2022-10-18 12:00:00,11.056,11.1062,10.812,10.891,46928.0,514406.69493
2022-10-18 16:00:00,10.891,10.939,10.724,10.845,38371.1,416412.41979
2022-10-18 20:00:00,10.845,10.974,10.829,10.923,16849.1,183923.72643
2022-10-19 00:00:00,10.923,10.9599,10.727,10.793,27206.1,294118.54881
2022-10-19 04:00:00,10.793,10.8059,10.558,10.572,32141.9,342463.76476
2022-10-19 08:00:00,10.572,10.582,10.406,10.458,97387.1,1022649.13409
2022-10-19 12:00:00,10.458,10.522,10.404,10.498,44416.0,463834.01263
2022-10-19 16:00:00,10.498,10.5029,10.415,10.46,14227.3,148754.94727
2022-10-19 20:00:00,10.46,10.477,9.992,10.12,141470.4,1446648.95987
2022-10-20 00:00:00,10.12,10.154,9.777,9.863,111544.5,1105783.70494
2022-10-20 04:00:00,9.863,10.0449,9.8575,10.024,53568.1,534809.01492
2022-10-20 08:00:00,10.024,10.12,9.915,10.0579,85798.7,858450.86507
2022-10-20 12:00:00,10.0579,10.086,9.94,9.95,74547.6,746334.2397
2022-10-20 16:00:00,9.95,9.976,9.537,9.63,185973.6,1810307.00882
2022-10-20 20:00:00,9.63,9.6579,9.4366,9.548,160883.6,1533792.06572
2022-10-21 00:00:00,9.548,9.551,9.153,9.216,369263.2,3428674.29768
2022-10-21 04:00:00,9.216,9.247,8.909,8.965,813501.8,7375521.06655
2022-10-21 08:00:00,8.965,8.977,8.623,8.735,1477868.4,12953603.3295
2022-10-21 12:00:00,8.735,9.205,8.6861,9.112,1111236.0,9981057.07767
2022-10-21 16:00:00,9.112,9.25,9.034,9.053,261882.1,2392400.22547
2022-10-21 20:00:00,9.053,9.111,8.966,9.03,203529.1,1837695.80318
2022-10-22 00:00:00,9.03,9.272,8.837,8.879,570589.3,5148542.40401
2022-10-22 04:00:00,8.879,9.02,8.862,8.942,318277.2,2839989.94611
2022-10-22 08:00:00,8.942,9.028,8.893,9.013,211979.6,1899580.35761
2022-10-22 12:00:00,9.013,9.118,8.948,8.998,230480.3,2082637.2515
2022-10-22 16:00:00,8.998,9.012,8.795,8.929,185631.0,1649377.65526
2022-10-22 20:00:00,8.929,8.988,8.8851,8.961,56144.5,502039.20297
2022-10-23 00:00:00,8.961,8.974,8.731,8.903,258092.3,2281873.72819
2022-10-23 04:00:00,8.903,8.919,8.776,8.837,181990.8,1607982.46267
2022-10-23 08:00:00,8.837,8.865,8.641,8.715,235409.8,2059340.25387
2022-10-23 12:00:00,8.715,8.791,8.65,8.756,200651.0,1752779.16399
2022-10-23 16:00:00,8.756,9.0408,8.6992,8.941,280750.7,2485327.36216
2022-10-23 20:00:00,8.941,9.073,8.885,9.0,203545.9,1829487.57433
2022-10-24 00:00:00,9.0,9.003,8.554,8.5971,386098.0,3381360.67722
2022-10-24 04:00:00,8.5971,8.703,8.518,8.607,405590.6,3490144.7263
2022-10-24 08:00:00,8.607,8.6788,8.533,8.669,341066.5,2935113.34914
2022-10-24 12:00:00,8.669,8.686,8.332,8.3931,621656.8,5300835.02554
2022-10-24 16:00:00,8.3931,8.467,8.3646,8.414,208909.1,1758042.17298
2022-10-24 20:00:00,8.414,8.4381,8.158,8.371,720487.4,5978990.22939
2022-10-25 00:00:00,8.371,9.25,8.322,9.2019,3765977.3,33543709.14619
2022-10-25 04:00:00,9.2019,9.3825,9.022,9.072,2659301.1,24440437.18199
2022-10-25 08:00:00,9.072,9.0881,8.8013,8.9707,2160183.0,19320334.29401
2022-10-25 12:00:00,8.9707,9.075,8.914,9.021,1611646.3,14500340.03872
2022-10-25 16:00:00,9.021,9.25,8.931,9.089,767624.9,6950947.72698
2022-10-25 20:00:00,9.089,9.11,8.9206,9.012,255105.9,2293667.36237
2022-10-26 00:00:00,9.012,9.1449,8.9638,9.102,312213.3,2823854.18691
2022-10-26 04:00:00,9.102,9.475,9.083,9.269,499222.4,4639029.85388
2022-10-26 08:00:00,9.269,9.358,9.157,9.1601,317467.6,2940114.42207
2022-10-26 12:00:00,9.1601,9.237,9.02,9.158,316600.7,2892191.4864
2022-10-26 16:00:00,9.158,9.205,9.013,9.136,84265.2,766498.64691
2022-10-26 20:00:00,9.136,9.1959,9.0781,9.123,53723.3,490917.81474
2022-10-27 00:00:00,9.123,9.39,9.0873,9.358,198097.8,1828419.56916
2022-10-27 04:00:00,9.358,9.643,9.274,9.359,364587.1,3447222.42183
2022-10-27 08:00:00,9.359,9.398,9.154,9.248,191535.9,1775172.7937
2022-10-27 12:00:00,9.248,9.326,9.114,9.1911,124001.4,1145297.87614
2022-10-27 16:00:00,9.1911,9.311,9.135,9.284,65841.0,606709.87539
2022-10-27 20:00:00,9.284,9.311,8.964,9.009,232701.8,2113342.63049
2022-10-28 00:00:00,9.009,9.1504,8.862,8.979,203234.0,1831367.31726
2022-10-28 04:00:00,8.979,9.041,8.699,8.781,322271.4,2851087.00297
2022-10-28 08:00:00,8.781,8.8982,8.746,8.822,187827.0,1662307.94896
2022-10-28 12:00:00,8.822,9.018,8.737,8.957,288500.0,2567523.87663
2022-10-28 16:00:00,8.956,9.13,8.934,9.125,116511.1,1052947.72021
2022-10-28 20:00:00,9.125,9.229,9.073,9.112,75533.0,690114.44068
2022-10-29 00:00:00,9.112,9.328,9.105,9.287,121330.6,1119121.06737
2022-10-29 04:00:00,9.287,9.324,9.207,9.322,122124.7,1131442.77372
2022-10-29 08:00:00,9.322,9.473,9.1461,9.211,186701.1,1742919.23627
2022-10-29 12:00:00,9.211,9.287,9.126,9.26,114802.8,1057932.44095
2022-10-29 16:00:00,9.26,9.54,9.208,9.2909,151418.6,1416570.47167
2022-10-29 20:00:00,9.2909,9.376,9.175,9.317,78831.5,733105.95709
2022-10-30 00:00:00,9.317,9.4,9.213,9.396,56094.7,523099.73064
2022-10-30 04:00:00,9.396,10.065,9.333,9.986,469183.6,4582865.12873
2022-10-30 08:00:00,9.986,10.325,9.664,9.815,337393.8,3343641.51927
2022-10-30 12:00:00,9.815,9.815,9.369,9.388,105722.9,1015901.07734
2022-10-30 16:00:00,9.388,9.4329,9.236,9.297,95304.8,890602.36221
2022-10-30 20:00:00,9.297,9.398,9.04,9.239,90244.1,829679.80596
2022-10-31 00:00:00,9.239,9.292,9.028,9.227,125958.6,1151131.0311
2022-10-31 04:00:00,9.227,9.256,9.0089,9.173,80986.2,739240.9827
2022-10-31 08:00:00,9.173,9.314,9.028,9.241,109614.5,1007432.68849
2022-10-31 12:00:00,9.241,9.311,8.925,9.078,135419.0,1235675.75721
2022-10-31 16:00:00,9.078,9.164,9.013,9.09,38756.1,352616.99268
2022-10-31 20:00:00,9.09,9.228,9.0721,9.206,38887.2,355093.70163
2022-11-01 00:00:00,9.206,9.25,9.113,9.186,94502.3,869617.61157
2022-11-01 04:00:00,9.186,9.23,9.111,9.183,60085.4,551184.16429
2022-11-01 08:00:00,9.183,9.283,9.102,9.153,124916.8,1150188.41068
2022-11-01 12:00:00,9.153,9.188,8.998,9.104,96563.4,879367.61357
2022-11-01 16:00:00,9.104,9.129,9.008,9.04,43737.8,395974.16396
2022-11-01 20:00:00,9.04,9.164,9.0113,9.11,22394.9,203306.24276
2022-11-02 00:00:00,9.11,9.145,8.963,9.115,42202.6,382318.265
2022-11-02 04:00:00,9.115,9.158,8.788,8.886,102393.0,915022.67189
2022-11-02 08:00:00,8.886,8.999,8.641,8.792,124170.1,1088004.75311
2022-11-02 12:00:00,8.792,8.807,8.668,8.724,86067.4,751600.65543
2022-11-02 16:00:00,8.724,8.979,8.587,8.636,208871.6,1841058.06849
2022-11-02 20:00:00,8.636,8.677,8.424,8.649,80650.6,689039.57691
2022-11-03 00:00:00,8.649,8.89,8.571,8.86,86438.6,753316.23183
2022-11-03 04:00:00,8.86,9.048,8.842,8.848,157170.3,1401550.78231
2022-11-03 08:00:00,8.848,8.948,8.678,8.76,82750.6,730202.7789
2022-11-03 12:00:00,8.76,8.912,8.674,8.842,98029.3,861047.16482
2022-11-03 16:00:00,8.842,8.952,8.829,8.902,15577.1,138660.12652
2022-11-03 20:00:00,8.902,8.925,8.693,8.7609,28490.3,250608.70419
2022-11-04 00:00:00,8.7609,9.127,8.676,9.076,67486.6,600151.87956
2022-11-04 04:00:00,9.076,9.195,8.997,9.192,100483.8,914979.27631
2022-11-04 08:00:00,9.192,9.227,9.02,9.039,77041.0,703438.8775
2022-11-04 12:00:00,9.039,9.413,8.961,9.138,206519.1,1910078.43947
2022-11-04 16:00:00,9.138,9.369,9.104,9.367,50479.1,465446.25452
2022-11-04 20:00:00,9.367,10.043,9.331,9.685,185241.5,1806306.14515
2022-11-05 00:00:00,9.685,11.762,9.685,11.374,2607662.6,29186726.39905
2022-11-05 04:00:00,11.374,11.823,11.0726,11.178,1667748.8,18913654.25794
2022-11-05 08:00:00,11.178,11.2671,10.71,10.795,825104.6,8988052.04145
2022-11-05 12:00:00,10.795,11.082,10.4932,10.644,942193.0,10141076.8388
2022-11-05 16:00:00,10.644,10.7299,10.405,10.513,337133.6,3564261.41721
2022-11-05 20:00:00,10.513,10.665,10.21,10.5984,304744.8,3190944.50163
2022-11-06 00:00:00,10.5984,10.8592,10.3545,10.594,851966.5,9013236.60105
2022-11-06 04:00:00,10.594,10.618,10.4258,10.437,142479.4,1497395.76351
2022-11-06 08:00:00,10.437,10.585,10.3851,10.424,174684.6,1832070.06408
2022-11-06 12:00:00,10.424,10.498,10.277,10.443,168349.5,1750424.99937
2022-11-06 16:00:00,10.443,10.449,10.1101,10.19,179190.6,1844288.80544
2022-11-06 20:00:00,10.19,10.2531,9.719,9.82,225739.4,2247756.4785
2022-11-07 00:00:00,9.82,10.348,9.806,10.059,560130.5,5661017.59233
2022-11-07 04:00:00,10.059,10.059,9.5256,9.552,245572.9,2409275.1105
2022-11-07 08:00:00,9.552,9.884,9.519,9.781,107484.9,1049008.1066
2022-11-07 12:00:00,9.781,9.884,9.644,9.877,161723.8,1582958.22049
2022-11-07 16:00:00,9.877,10.022,9.772,9.9737,61251.4,606494.16744
2022-11-07 20:00:00,9.9737,10.014,9.4699,9.776,102141.1,991777.14908
2022-11-08 00:00:00,9.776,10.2858,9.25,9.296,913335.7,9021810.4059
2022-11-08 04:00:00,9.296,9.416,8.776,9.2699,343444.5,3126483.22664
2022-11-08 08:00:00,9.2699,9.274,8.9887,9.092,134632.6,1230934.27019
2022-11-08 12:00:00,9.092,9.1863,8.954,9.182,87624.7,797208.52841
2022-11-08 16:00:00,9.182,9.7278,6.17,7.495,531457.7,4518509.93194
2022-11-08 20:00:00,7.495,8.071,7.3116,7.964,184126.0,1419532.14123
2022-11-09 00:00:00,7.964,8.026,7.471,7.693,159531.2,1234165.00859
2022-11-09 04:00:00,7.693,7.842,7.487,7.657,66539.0,511312.76918
2022-11-09 08:00:00,7.657,7.677,6.869,7.337,111765.3,806912.59472
2022-11-09 12:00:00,7.337,7.473,6.936,7.008,94434.0,685715.57113
2022-11-09 16:00:00,7.008,7.12,6.497,6.811,99947.5,684334.87414
2022-11-09 20:00:00,6.811,6.931,5.757,6.024,124261.4,758736.67315
2022-11-10 00:00:00,6.024,7.046,5.916,6.844,174784.6,1134821.58935
2022-11-10 04:00:00,6.844,7.253,6.736,7.026,264020.5,1847842.20345
2022-11-10 08:00:00,7.026,7.076,6.6,6.7439,168082.1,1142818.89088
2022-11-10 12:00:00,6.7439,7.551,6.7312,7.393,242140.0,1740047.57524
2022-11-10 16:00:00,7.393,7.499,7.01,7.277,110217.3,795850.31585
2022-11-10 20:00:00,7.277,7.627,7.192,7.345,52678.9,389130.92475
2022-11-11 00:00:00,7.345,7.425,6.888,6.964,95606.2,681785.84072
2022-11-11 04:00:00,6.964,7.218,6.925,7.176,14205.5,100530.48954
2022-11-11 08:00:00,7.176,7.241,7.112,7.158,34986.3,251342.42078
2022-11-11 12:00:00,7.158,7.271,6.539,6.826,61822.2,422965.46775
2022-11-11 16:00:00,6.826,6.945,6.648,6.856,36845.5,251585.32014
2022-11-11 20:00:00,6.856,7.007,6.7,6.982,15673.4,107852.82147
2022-11-12 00:00:00,6.982,7.018,6.783,6.836,23226.2,159654.49549
2022-11-12 04:00:00,6.836,6.861,6.465,6.695,35755.8,236555.13669
2022-11-12 08:00:00,6.695,6.726,6.588,6.638,19067.9,126769.74811
2022-11-12 12:00:00,6.638,6.67,6.453,6.6,60063.0,392831.3404
2022-11-12 16:00:00,6.6,6.615,6.51,6.542,38864.5,254612.35806
2022-11-12 20:00:00,6.542,6.565,6.421,6.507,31054.2,201456.93437
2022-11-13 00:00:00,6.507,6.796,6.454,6.729,82207.4,549444.79587
2022-11-13 04:00:00,6.729,6.752,6.323,6.437,103706.4,671544.89012
2022-11-13 08:00:00,6.437,6.438,6.202,6.401,57450.4,362083.26725
2022-11-13 12:00:00,6.401,12.833,6.327,7.727,4375982.0,35584832.65958
2022-11-13 16:00:00,7.7358,7.8005,6.877,7.2007,2234050.8,16462139.21857
2022-11-13 20:00:00,7.2007,7.291,6.9215,7.019,520953.1,3680039.36693
2022-11-14 00:00:00,7.019,7.5672,6.8135,7.326,1726521.6,12503763.65066
2022-11-14 04:00:00,7.326,7.4733,7.0865,7.337,584550.5,4242875.46399
2022-11-14 08:00:00,7.337,7.3884,7.168,7.319,193059.5,1405810.99675
2022-11-14 12:00:00,7.319,7.4501,6.9934,7.08,492815.3,3555748.30727
2022-11-14 16:00:00,7.08,7.0991,6.88,6.955,162825.0,1141646.59508
2022-11-14 20:00:00,6.955,7.307,6.942,7.2683,201090.6,1440546.42201
2022-11-15 00:00:00,7.2683,7.362,7.1375,7.255,174306.8,1261666.01613
2022-11-15 04:00:00,7.255,7.324,7.191,7.316,166758.8,1209237.97279
2022-11-15 08:00:00,7.316,7.379,7.2318,7.282,142642.3,1041556.59816
2022-11-15 12:00:00,7.282,7.434,7.254,7.336,202619.1,1484744.78591
2022-11-15 16:00:00,7.336,7.373,7.0641,7.122,131422.3,944576.99707
2022-11-15 20:00:00,7.122,7.2649,7.118,7.212,93864.9,674704.7155
2022-11-16 00:00:00,7.212,7.268,7.0372,7.24,148648.0,1063322.81542
2022-11-16 04:00:00,7.24,7.3469,7.174,7.221,117103.2,848901.45271
2022-11-16 08:00:00,7.221,7.244,7.0781,7.111,73329.5,525151.44803
2022-11-16 12:00:00,7.111,7.133,6.8922,6.941,200236.9,1405047.95168
2022-11-16 16:00:00,6.941,7.092,6.8448,7.051,35187.6,245765.50832
2022-11-16 20:00:00,7.051,7.129,6.991,7.061,21907.4,154798.09256
2022-11-17 00:00:00,7.061,7.274,7.0266,7.0581,410776.5,2943119.20404
2022-11-17 04:00:00,7.0581,7.13,6.9187,7.086,227689.7,1601386.87348
2022-11-17 08:00:00,7.086,7.128,6.9841,7.107,73971.8,522466.13283
2022-11-17 12:00:00,7.107,7.147,6.9271,7.024,128804.0,906831.75111
2022-11-17 16:00:00,7.024,7.259,7.011,7.2171,101444.6,726530.21025
2022-11-17 20:00:00,7.2171,7.256,7.0999,7.1805,100390.5,720988.10998
2022-11-18 00:00:00,7.1805,7.2947,7.158,7.222,131558.6,953619.07036
2022-11-18 04:00:00,7.222,7.2418,7.156,7.201,178534.3,1286313.86074
2022-11-18 08:00:00,7.201,7.254,7.1431,7.23,43790.1,315364.72949
2022-11-18 12:00:00,7.23,7.2519,7.1171,7.154,79356.2,569821.17562
2022-11-18 16:00:00,7.154,7.172,6.9954,7.05,47079.3,332509.16689
2022-11-18 20:00:00,7.05,7.214,7.0381,7.186,61573.8,439459.59347
2022-11-19 00:00:00,7.186,7.192,7.011,7.0731,60119.1,427480.5234
2022-11-19 04:00:00,7.0731,7.089,6.92,7.003,66070.6,461863.85608
2022-11-19 08:00:00,7.003,7.042,6.983,7.0284,52559.5,368904.97824
2022-11-19 12:00:00,7.0284,7.172,7.001,7.1228,78015.2,551079.43536
2022-11-19 16:00:00,7.1228,7.146,7.0771,7.08,34958.8,248821.54601
2022-11-19 20:00:00,7.08,7.1789,7.077,7.136,10322.6,73610.82455
2022-11-20 00:00:00,7.136,7.1744,7.0367,7.109,65864.0,467762.17524
2022-11-20 04:00:00,7.109,7.1739,7.1031,7.124,37302.9,266141.10176
2022-11-20 08:00:00,7.124,7.1337,6.827,6.8669,188419.6,1310791.57204
2022-11-20 12:00:00,6.8669,6.914,6.7868,6.869,161766.9,1110315.4819
2022-11-20 16:00:00,6.869,6.871,6.7621,6.835,43725.3,298224.11805
2022-11-20 20:00:00,6.835,6.845,6.52,6.559,113176.5,749808.78488
2022-11-21 00:00:00,6.559,6.567,6.228,6.305,166357.5,1062905.15856
2022-11-21 04:00:00,6.305,6.412,6.286,6.315,77083.3,488649.37986
2022-11-21 08:00:00,6.315,6.379,6.258,6.331,41943.5,265374.86789
2022-11-21 12:00:00,6.331,6.452,6.3001,6.361,56898.3,363848.75201
2022-11-21 16:00:00,6.361,6.3729,6.07,6.163,88521.9,550404.92843
2022-11-21 20:00:00,6.163,6.331,6.161,6.275,58593.9,366858.08981
2022-11-22 00:00:00,6.275,6.5717,6.251,6.347,376948.8,2421106.44408
2022-11-22 04:00:00,6.347,6.361,6.135,6.205,120122.0,751325.2127
2022-11-22 08:00:00,6.205,6.227,6.101,6.186,90369.1,557181.18885
2022-11-22 12:00:00,6.186,6.537,6.15,6.508,148955.5,951983.91828
2022-11-22 16:00:00,6.508,7.0461,6.4827,6.9454,268226.3,1827138.29371
2022-11-22 20:00:00,6.9454,7.015,6.79,6.8501,286249.7,1974317.58722
2022-11-23 00:00:00,6.8501,6.9168,6.711,6.898,155715.4,1065586.83503
2022-11-23 04:00:00,6.898,6.966,6.85,6.924,82438.0,568415.02675
2022-11-23 08:00:00,6.924,6.961,6.837,6.908,80539.4,555195.7656
2022-11-23 12:00:00,6.908,6.91,6.703,6.7631,160193.3,1084937.98131
2022-11-23 16:00:00,6.7631,6.9283,6.711,6.863,47779.7,325758.11569
2022-11-23 20:00:00,6.863,6.979,6.82,6.9511,91000.4,629080.39405
2022-11-24 00:00:00,6.9511,6.963,6.788,6.9117,84329.6,580031.74664
2022-11-24 04:00:00,6.9117,6.933,6.82,6.8347,35277.9,242072.55517
2022-11-24 08:00:00,6.8347,6.849,6.601,6.69,178275.1,1201952.01679
2022-11-24 12:00:00,6.69,6.7339,6.642,6.7196,48828.1,326887.798
2022-11-24 16:00:00,6.7196,6.771,6.688,6.7261,36989.8,249102.33666
2022-11-24 20:00:00,6.7261,6.8177,6.6751,6.772,35799.0,242134.09391
2022-11-25 00:00:00,6.772,6.7819,6.5384,6.588,93227.0,616540.56067
2022-11-25 04:00:00,6.588,6.636,6.531,6.629,64215.5,422870.86192
2022-11-25 08:00:00,6.629,6.715,6.5741,6.652,50527.8,334651.41474
2022-11-25 12:00:00,6.652,6.726,6.583,6.626,46351.3,307543.82091
2022-11-25 16:00:00,6.626,6.692,6.5873,6.664,14511.1,96482.8459
2022-11-25 20:00:00,6.664,6.7125,6.628,6.651,13550.3,90281.50011
2022-11-26 00:00:00,6.651,6.775,6.639,6.71,101306.3,681727.09427
2022-11-26 04:00:00,6.71,6.731,6.631,6.672,40251.3,268460.49565
2022-11-26 08:00:00,6.672,6.737,6.6455,6.726,27477.2,184187.61642
2022-11-26 12:00:00,6.726,6.764,6.54,6.655,91041.3,607580.49129
2022-11-26 16:00:00,6.655,6.687,6.5828,6.639,39534.9,262322.63528
2022-11-26 20:00:00,6.639,6.6523,6.568,6.645,19795.7,131295.34901
2022-11-27 00:00:00,6.645,6.679,6.576,6.665,32375.0,214602.73171
2022-11-27 04:00:00,6.665,6.6959,6.643,6.661,30891.2,205923.10784
2022-11-27 08:00:00,6.661,6.94,6.661,6.771,273528.0,1867399.40081
2022-11-27 12:00:00,6.771,6.897,6.7691,6.87,156611.5,1069389.35825
2022-11-27 16:00:00,6.87,6.919,6.788,6.835,70026.4,481495.64233
2022-11-27 20:00:00,6.835,6.875,6.599,6.6639,96221.8,646286.52058
2022-11-28 00:00:00,6.6639,6.854,6.356,6.4869,343951.7,2244657.73318
2022-11-28 04:00:00,6.4869,6.549,6.435,6.5091,75420.4,489368.67983
2022-11-28 08:00:00,6.5091,6.548,6.454,6.499,49490.0,321617.48221
2022-11-28 12:00:00,6.499,6.5563,6.419,6.4402,79384.0,514554.40189
2022-11-28 16:00:00,6.4402,6.595,6.377,6.534,98057.2,635850.08786
2022-11-28 20:00:00,6.534,6.584,6.533,6.558,26129.1,171333.45024
2022-11-29 00:00:00,6.558,6.63,6.4631,6.592,46235.7,302955.65342
2022-11-29 04:00:00,6.592,6.761,6.5911,6.732,71866.6,483067.8846
2022-11-29 08:00:00,6.732,6.896,6.714,6.865,90798.4,618736.38558
2022-11-29 12:00:00,6.865,6.885,6.6755,6.703,99834.4,675107.00329
2022-11-29 16:00:00,6.703,6.725,6.61,6.706,39222.1,261739.61208
2022-11-29 20:00:00,6.706,6.8,6.703,6.7639,9068.3,61263.59969
2022-11-30 00:00:00,6.7639,7.0461,6.7584,6.813,173593.9,1199433.9154
2022-11-30 04:00:00,6.813,6.8762,6.805,6.85,57990.8,396713.04539
2022-11-30 08:00:00,6.85,6.972,6.778,6.958,73391.0,505655.56841
2022-11-30 12:00:00,6.958,6.9666,6.802,6.889,41126.9,282696.5166
2022-11-30 16:00:00,6.889,7.001,6.679,6.913,225517.4,1546788.11357
2022-11-30 20:00:00,6.913,7.048,6.9,7.008,68069.7,476114.55132
2022-12-01 00:00:00,7.008,7.038,6.86,6.925,53979.9,373794.78346
2022-12-01 04:00:00,6.925,6.9609,6.831,6.876,39353.1,271087.79214
2022-12-01 08:00:00,6.876,6.9106,6.831,6.875,23257.8,159828.74016
2022-12-01 12:00:00,6.875,6.989,6.782,6.869,126387.7,875106.51927
2022-12-01 16:00:00,6.869,6.895,6.803,6.806,21279.7,145756.90187
2022-12-01 20:00:00,6.806,6.849,6.762,6.8321,13987.1,95202.64281
2022-12-02 00:00:00,6.8321,6.965,6.748,6.794,175004.9,1206495.03859
2022-12-02 04:00:00,6.794,6.862,6.728,6.848,23455.0,159280.773
2022-12-02 08:00:00,6.848,6.912,6.835,6.892,16265.5,111870.43832
2022-12-02 12:00:00,6.892,6.973,6.797,6.953,56415.1,388864.27538
2022-12-02 16:00:00,6.953,7.073,6.888,6.957,67907.9,472206.87492
2022-12-02 20:00:00,6.957,7.039,6.95,7.028,22544.0,157844.68782
2022-12-03 00:00:00,7.028,7.051,6.876,6.899,116644.3,810928.85159
2022-12-03 04:00:00,6.899,6.924,6.837,6.891,64564.2,443738.3104
2022-12-03 08:00:00,6.891,6.9374,6.858,6.9345,65804.2,453906.18029
2022-12-03 12:00:00,6.9345,6.955,6.883,6.927,34065.5,235818.59952
2022-12-03 16:00:00,6.927,6.9349,6.783,6.822,44666.8,306221.60285
2022-12-03 20:00:00,6.822,6.827,6.656,6.716,49774.7,334695.30677
2022-12-04 00:00:00,6.716,6.825,6.71,6.801,20849.6,141286.93074
2022-12-04 04:00:00,6.801,6.868,6.743,6.745,84952.3,578167.14489
2022-12-04 08:00:00,6.745,6.7958,6.706,6.742,31566.8,212760.53441
2022-12-04 12:00:00,6.742,6.825,6.726,6.815,78158.3,529744.34376
2022-12-04 16:00:00,6.815,6.854,6.7781,6.837,28516.0,194172.92923
2022-12-04 20:00:00,6.837,6.9,6.82,6.866,20477.7,140353.49169
2022-12-05 00:00:00,6.866,7.134,6.864,7.056,242452.2,1700036.1563
2022-12-05 04:00:00,7.056,7.773,7.0491,7.692,1264124.3,9472391.15914
2022-12-05 08:00:00,7.692,8.482,7.6739,8.1251,5698376.4,46669775.73697
2022-12-05 12:00:00,8.1251,8.64,8.0451,8.271,3530483.3,29265341.63367
2022-12-05 16:00:00,8.271,10.268,8.225,8.644,4993071.9,44545967.09876
2022-12-05 20:00:00,8.644,8.916,8.5595,8.781,1728364.6,15069867.9433
2022-12-06 00:00:00,8.781,8.89,8.245,8.429,2643904.2,22570138.51706
2022-12-06 04:00:00,8.429,8.9364,8.362,8.688,3109743.7,26907598.48464
2022-12-06 08:00:00,8.688,8.8409,8.5647,8.767,1114280.8,9691244.27122
2022-12-06 12:00:00,8.767,9.644,8.7602,9.03,5125035.4,46915249.51521
2022-12-06 16:00:00,9.03,9.226,8.8794,9.003,923260.9,8345534.81997
2022-12-06 20:00:00,9.003,9.281,8.7065,8.758,1400379.5,12537182.54341
2022-12-07 00:00:00,8.758,9.1805,8.7003,8.912,2256827.5,20190403.75592
2022-12-07 04:00:00,8.912,9.0817,8.1479,8.356,3375181.6,29053268.33826
2022-12-07 08:00:00,8.356,8.827,8.2647,8.608,2129116.5,18247439.55449
2022-12-07 12:00:00,8.608,8.7534,8.5245,8.616,1498435.2,12937725.96229
2022-12-07 16:00:00,8.616,8.7646,8.5268,8.5532,581480.8,5018868.62535
2022-12-07 20:00:00,8.5532,8.58,8.3794,8.432,473818.1,4017969.25386
2022-12-08 00:00:00,8.432,8.4711,8.0487,8.159,1781084.6,14641803.12226
2022-12-08 04:00:00,8.159,8.4421,8.09,8.3761,1147766.4,9445462.04636
2022-12-08 08:00:00,8.3761,8.3895,7.9169,8.0508,1441126.9,11730912.82407
2022-12-08 12:00:00,8.0508,8.1654,7.9345,7.962,1070073.0,8609318.76776
2022-12-08 16:00:00,7.962,8.188,7.944,8.18,503690.5,4047893.5259
2022-12-08 20:00:00,8.18,8.28,8.11,8.248,416773.7,3423648.57575
2022-12-09 00:00:00,8.248,8.296,8.0575,8.148,742216.5,6051609.53881
2022-12-09 04:00:00,8.148,8.1625,8.0405,8.105,485319.9,3932325.40111
2022-12-09 08:00:00,8.105,8.1061,8.003,8.071,418861.1,3373878.90322
2022-12-09 12:00:00,8.071,8.142,7.861,8.01,865913.6,6906777.34041
2022-12-09 16:00:00,8.01,8.032,7.9144,8.0161,236493.2,1886143.21195
2022-12-09 20:00:00,8.0161,8.059,7.953,8.007,167951.5,1346177.3004
2022-12-10 00:00:00,8.007,8.0088,7.855,7.9121,613680.4,4847066.66203
2022-12-10 04:00:00,7.9121,8.48,7.8901,8.317,2522094.3,20785468.02933
2022-12-10 08:00:00,8.317,8.621,8.3,8.409,3096688.5,26203300.19075
2022-12-10 12:00:00,8.409,8.5145,8.3591,8.45,1255843.3,10591135.74986
2022-12-10 16:00:00,8.45,8.505,8.3734,8.435,577046.8,4866823.3237
2022-12-10 20:00:00,8.435,8.4649,8.2523,8.3031,565556.5,4722863.24856
2022-12-11 00:00:00,8.3031,8.349,8.1864,8.282,985783.7,8167298.45602
2022-12-11 04:00:00,8.282,8.284,8.1843,8.218,928243.2,7634823.06087
2022-12-11 08:00:00,8.218,8.243,8.186,8.19,415237.0,3409446.52511
2022-12-11 12:00:00,8.19,8.191,8.079,8.121,705240.0,5731928.36909
2022-12-11 16:00:00,8.121,8.2018,8.0223,8.099,418755.6,3398383.42404
2022-12-11 20:00:00,8.099,8.099,7.9033,8.037,671660.4,5373187.61596
2022-12-12 00:00:00,8.037,8.0483,7.505,7.644,1720844.4,13311034.74112
2022-12-12 04:00:00,7.644,7.687,7.6,7.675,549591.1,4202398.99422
2022-12-12 08:00:00,7.675,7.724,7.637,7.669,492756.1,3784852.11945
2022-12-12 12:00:00,7.669,7.6697,7.5371,7.585,732918.1,5563966.94156
2022-12-12 16:00:00,7.585,7.675,7.576,7.667,168239.7,1284066.88473
2022-12-12 20:00:00,7.667,7.742,7.641,7.71,249874.9,1923321.48035
2022-12-13 00:00:00,7.71,7.732,7.4182,7.4793,637560.7,4813441.61516
2022-12-13 04:00:00,7.4793,7.509,7.2318,7.3581,542568.9,4009055.40342
2022-12-13 08:00:00,7.3581,7.6234,7.336,7.611,565948.0,4221560.28327
2022-12-13 12:00:00,7.611,7.8148,7.535,7.6111,983711.5,7523910.8107
2022-12-13 16:00:00,7.6111,7.651,7.48,7.583,218543.0,1652735.07117
2022-12-13 20:00:00,7.583,7.71,7.5616,7.6898,234516.1,1789137.18176
2022-12-14 00:00:00,7.6898,7.7138,7.578,7.631,412074.8,3148439.16662
2022-12-14 04:00:00,7.631,8.1366,7.612,8.022,1719308.6,13630240.83618
2022-12-14 08:00:00,8.022,8.0221,7.843,7.9028,1017341.3,8053164.03496
2022-12-14 12:00:00,7.9028,7.961,7.762,7.883,751663.4,5907090.70657
2022-12-14 16:00:00,7.883,7.98,7.425,7.627,793913.8,6135873.60283
2022-12-14 20:00:00,7.627,7.725,7.578,7.724,249763.4,1910260.14771
2022-12-15 00:00:00,7.724,7.7768,7.512,7.61,503034.7,3843608.99385
2022-12-15 04:00:00,7.61,7.6541,7.573,7.607,200634.5,1529418.55849
2022-12-15 08:00:00,7.607,7.65,7.561,7.6229,160221.2,1219533.86581
2022-12-15 12:00:00,7.6229,7.623,7.5222,7.557,389807.6,2952334.30052
2022-12-15 16:00:00,7.557,7.5888,7.446,7.539,166383.0,1254333.30983
2022-12-15 20:00:00,7.539,7.552,7.442,7.478,82346.8,615489.96723
2022-12-16 00:00:00,7.478,7.616,7.46,7.611,289054.3,2190277.9841
2022-12-16 04:00:00,7.611,7.636,7.532,7.615,207059.0,1569586.47938
2022-12-16 08:00:00,7.615,7.616,7.126,7.221,563476.3,4121131.90428
2022-12-16 12:00:00,7.221,7.232,7.091,7.1971,173414.0,1244300.64398
2022-12-16 16:00:00,7.1971,7.277,7.05,7.261,217411.9,1559970.22098
2022-12-16 20:00:00,7.261,7.317,6.503,6.652,702987.6,4875664.85235
2022-12-17 00:00:00,6.652,6.756,6.5309,6.664,553069.7,3695573.08233
2022-12-17 04:00:00,6.664,6.8699,6.66,6.833,676799.3,4592780.6384
2022-12-17 08:00:00,6.833,6.865,6.764,6.793,263228.6,1791559.37558
2022-12-17 12:00:00,6.793,6.824,6.7415,6.7962,106742.5,724555.36435
2022-12-17 16:00:00,6.7962,6.936,6.768,6.8215,149321.5,1023608.67835
2022-12-17 20:00:00,6.8215,6.9997,6.808,6.9376,191898.2,1322479.52598
2022-12-18 00:00:00,6.9376,6.944,6.7881,6.8525,195397.6,1338553.15088
2022-12-18 04:00:00,6.8525,6.91,6.832,6.8449,164218.8,1129411.64703
2022-12-18 08:00:00,6.8449,6.847,6.751,6.804,176247.4,1198325.09937
2022-12-18 12:00:00,6.804,6.849,6.766,6.766,95457.9,649068.90994
2022-12-18 16:00:00,6.766,6.872,6.761,6.841,115211.8,785795.7339
2022-12-18 20:00:00,6.841,6.8957,6.81,6.834,68113.4,466865.78309
2022-12-19 00:00:00,6.834,6.917,6.6789,6.741,232492.5,1579403.43628
2022-12-19 04:00:00,6.741,6.824,6.738,6.816,145787.0,988752.72799
2022-12-19 08:00:00,6.816,7.132,6.811,6.9429,721184.7,5056146.94355
2022-12-19 12:00:00,6.9429,7.0225,6.9,6.997,367401.7,2557062.63401
2022-12-19 16:00:00,6.997,6.997,6.8038,6.928,440469.8,3037237.13508
2022-12-19 20:00:00,6.928,6.94,6.3148,6.531,574775.2,3813514.12621
2022-12-20 00:00:00,6.531,6.8231,6.5232,6.7383,708089.5,4733687.67573
2022-12-20 04:00:00,6.7383,6.8915,6.737,6.8701,301220.3,2054852.11247
2022-12-20 08:00:00,6.8701,6.9203,6.829,6.8631,250320.5,1721771.3283
2022-12-20 12:00:00,6.8631,7.0,6.8101,6.9141,364715.6,2516632.69318
2022-12-20 16:00:00,6.9141,6.9884,6.858,6.962,213968.8,1477332.7906
2022-12-20 20:00:00,6.962,7.004,6.935,6.9451,100165.7,697200.07506
2022-12-21 00:00:00,6.9451,6.98,6.775,6.817,251262.6,1723561.37208
2022-12-21 04:00:00,6.817,6.849,6.752,6.834,186189.5,1269238.18748
2022-12-21 08:00:00,6.834,6.9284,6.7849,6.874,176673.3,1213014.03549
2022-12-21 12:00:00,6.874,6.885,6.7612,6.8333,165729.1,1130809.01194
2022-12-21 16:00:00,6.8333,6.8399,6.7057,6.7431,122423.2,828017.69975
2022-12-21 20:00:00,6.7431,6.842,6.7211,6.834,89814.1,609190.3335
2022-12-22 00:00:00,6.834,6.876,6.785,6.8451,317544.7,2171947.07726
2022-12-22 04:00:00,6.8451,6.854,6.668,6.715,155655.4,1051310.46754
2022-12-22 08:00:00,6.715,7.197,6.712,6.998,1937153.3,13649553.40277
2022-12-22 12:00:00,6.998,7.077,6.8409,6.899,1120965.3,7805401.81532
2022-12-22 16:00:00,6.899,6.9748,6.865,6.9693,288252.7,1999599.66968
2022-12-22 20:00:00,6.9693,7.1,6.966,7.047,251532.8,1771452.5726
2022-12-23 00:00:00,7.047,7.176,6.948,7.044,680728.7,4796164.60055
2022-12-23 04:00:00,7.044,7.0572,6.9611,6.9923,255327.0,1788088.69397
2022-12-23 08:00:00,6.9923,7.055,6.93,7.048,254369.3,1778791.02951
2022-12-23 12:00:00,7.048,7.0987,6.9612,7.0205,398758.5,2800971.29896
2022-12-23 16:00:00,7.0205,7.115,7.0119,7.062,73889.2,521575.5127
2022-12-23 20:00:00,7.062,7.0888,7.031,7.0693,89894.3,634772.92735
2022-12-24 00:00:00,7.0693,7.1367,7.006,7.087,281490.4,1988679.19504
2022-12-24 04:00:00,7.087,7.102,7.011,7.0454,171805.1,1209986.33349
2022-12-24 08:00:00,7.0454,7.057,6.927,6.975,251525.7,1755342.61942
2022-12-24 12:00:00,6.975,7.0037,6.961,6.974,67232.4,469224.43926
2022-12-24 16:00:00,6.974,7.01,6.963,6.989,38764.4,270925.76092
2022-12-24 20:00:00,6.989,6.9966,6.94,6.971,57956.6,403216.80735
2022-12-25 00:00:00,6.971,7.04,6.941,6.997,246734.2,1724265.77717
2022-12-25 04:00:00,6.997,7.018,6.9437,6.955,229273.1,1599682.11303
2022-12-25 08:00:00,6.955,6.962,6.8584,6.885,241053.7,1664776.04411
2022-12-25 12:00:00,6.885,6.8989,6.737,6.826,449040.1,3065293.48137
2022-12-25 16:00:00,6.826,6.853,6.779,6.851,155027.8,1056840.17585
2022-12-25 20:00:00,6.851,6.895,6.8192,6.882,69547.2,477250.23628
2022-12-26 00:00:00,6.882,6.9578,6.8527,6.936,635074.3,4386055.58996
2022-12-26 04:00:00,6.936,6.9485,6.8038,6.805,223697.9,1537905.1162
2022-12-26 08:00:00,6.805,6.868,6.742,6.8509,389233.5,2652650.07547
2022-12-26 12:00:00,6.8509,6.8569,6.75,6.764,260894.1,1774685.71183
2022-12-26 16:00:00,6.764,6.815,6.7523,6.79,138284.5,939048.31555
2022-12-26 20:00:00,6.79,6.907,6.7749,6.885,231735.2,1584863.728
2022-12-27 00:00:00,6.885,6.916,6.7985,6.8359,187811.2,1285411.02164
2022-12-27 04:00:00,6.8359,6.837,6.778,6.7842,194871.7,1325071.66299
2022-12-27 08:00:00,6.7842,6.8109,6.711,6.7409,204503.8,1382503.3893
2022-12-27 12:00:00,6.7409,6.757,6.5955,6.679,453184.7,3028269.67434
2022-12-27 16:00:00,6.679,6.688,6.5517,6.6425,139737.7,925346.02405
2022-12-27 20:00:00,6.6425,6.718,6.618,6.6997,121376.8,808702.94195
2022-12-28 00:00:00,6.6997,6.728,6.3561,6.46,858595.0,5618048.07707
2022-12-28 04:00:00,6.46,6.4778,6.159,6.309,605198.6,3832705.56137
2022-12-28 08:00:00,6.309,6.3311,6.2641,6.286,187806.3,1181612.16095
2022-12-28 12:00:00,6.286,6.4272,6.2812,6.309,483603.3,3073311.95757
2022-12-28 16:00:00,6.309,6.396,6.285,6.2911,238451.6,1511901.93388
2022-12-28 20:00:00,6.2911,6.336,6.2044,6.277,226745.5,1418248.28511
2022-12-29 00:00:00,6.277,6.329,6.097,6.226,922702.5,5722403.65803
2022-12-29 04:00:00,6.226,6.2651,6.185,6.254,183956.4,1145316.59318
2022-12-29 08:00:00,6.254,6.29,6.196,6.2363,165407.7,1033329.3824
2022-12-29 12:00:00,6.2363,6.277,6.2138,6.234,218583.0,1365000.99602
2022-12-29 16:00:00,6.234,6.237,5.9621,6.008,390068.6,2381847.7871
2022-12-29 20:00:00,6.008,6.207,5.841,6.162,619335.2,3711388.64918
2022-12-30 00:00:00,6.162,6.181,5.9813,5.986,495533.4,3001722.05956
2022-12-30 04:00:00,5.986,6.0199,5.8745,5.9351,383395.7,2283209.29906
2022-12-30 08:00:00,5.9351,5.9501,5.843,5.866,273450.6,1612402.51786
2022-12-30 12:00:00,5.866,5.9353,5.827,5.905,446180.5,2624726.32372
2022-12-30 16:00:00,5.905,5.9622,5.867,5.94,195368.5,1154120.25377
2022-12-30 20:00:00,5.94,5.991,5.895,5.97,144963.3,861444.18606
2022-12-31 00:00:00,5.97,6.0728,5.926,5.991,295086.2,1767195.49689
2022-12-31 04:00:00,5.991,6.03,5.949,6.016,293721.2,1762822.7339
2022-12-31 08:00:00,6.016,6.055,5.995,6.032,124290.7,749100.86047
2022-12-31 12:00:00,6.032,6.0927,6.0311,6.055,147355.3,892661.62961
2022-12-31 16:00:00,6.055,6.079,6.0,6.052,148136.5,893744.45761
2022-12-31 20:00:00,6.052,6.0791,5.996,6.038,178288.3,1076924.8601
2023-01-01 00:00:00,6.038,6.0444,5.963,6.0114,228436.7,1369084.26617
2023-01-01 04:00:00,6.0114,6.0307,5.9239,5.956,168399.1,1005379.7137
2023-01-01 08:00:00,5.956,6.0067,5.9425,6.0062,73993.3,442489.73868
2023-01-01 12:00:00,6.0062,6.1807,5.9969,6.126,472594.4,2888660.14035
2023-01-01 16:00:00,6.126,6.2061,6.0899,6.185,193307.4,1185628.8911
2023-01-01 20:00:00,6.185,6.49,6.177,6.3198,661828.2,4198068.0491
2023-01-02 00:00:00,6.3198,6.3369,6.0719,6.2378,579087.3,3589707.7464
2023-01-02 04:00:00,6.2378,6.443,6.2266,6.361,329690.8,2084240.54405
2023-01-02 08:00:00,6.361,6.462,6.3427,6.3715,402432.2,2574741.54302
2023-01-02 12:00:00,6.3715,6.404,6.313,6.3783,191308.9,1214789.98759
2023-01-02 16:00:00,6.3783,6.4211,6.3545,6.4093,148861.7,951267.60089
2023-01-02 20:00:00,6.4093,6.454,6.367,6.388,139966.2,897217.14084
2023-01-03 00:00:00,6.388,6.552,6.3386,6.37,668257.9,4294457.11637
2023-01-03 04:00:00,6.37,6.452,6.347,6.425,387936.1,2485311.64434
2023-01-03 08:00:00,6.425,6.5158,6.3961,6.414,306102.0,1974167.56251
2023-01-03 12:00:00,6.414,6.466,6.3095,6.376,303535.1,1938888.30938
2023-01-03 16:00:00,6.376,6.472,6.3646,6.444,211379.6,1356967.24199
2023-01-03 20:00:00,6.444,6.564,6.433,6.5101,124039.9,805779.9711
2023-01-04 00:00:00,6.5101,6.769,6.477,6.717,533363.9,3537244.22249
2023-01-04 04:00:00,6.717,6.742,6.67,6.7285,96736.8,649020.39898
2023-01-04 08:00:00,6.7285,6.763,6.6424,6.6521,142126.7,949056.56497
2023-01-04 12:00:00,6.6521,6.7079,6.5672,6.681,203524.0,1352540.41269
2023-01-04 16:00:00,6.681,6.707,6.523,6.559,211955.9,1404460.24276
2023-01-04 20:00:00,6.559,6.6524,6.471,6.6436,136653.0,896813.39569
2023-01-05 00:00:00,6.6436,7.118,6.6383,6.895,1506046.1,10483475.40499
2023-01-05 04:00:00,6.895,6.952,6.705,6.775,843662.7,5759927.12255
2023-01-05 08:00:00,6.775,6.78,6.622,6.7584,424882.2,2851775.74854
2023-01-05 12:00:00,6.7584,6.7599,6.588,6.6889,447378.6,2984710.41118
2023-01-05 16:00:00,6.6889,6.863,6.6739,6.817,318587.9,2154018.85232
2023-01-05 20:00:00,6.817,6.8326,6.6979,6.765,253842.2,1719642.11518
2023-01-06 00:00:00,6.765,6.8079,6.673,6.686,440244.7,2969151.86227
2023-01-06 04:00:00,6.686,6.7017,6.565,6.627,286268.1,1896943.64647
2023-01-06 08:00:00,6.627,6.6623,6.4541,6.5179,268051.3,1762627.99314
2023-01-06 12:00:00,6.5179,6.6084,6.4414,6.5833,346814.9,2267833.0278
2023-01-06 16:00:00,6.5833,6.8,6.562,6.7933,293636.1,1951909.55162
2023-01-06 20:00:00,6.7933,6.8584,6.704,6.8099,213417.6,1447345.99383
2023-01-07 00:00:00,6.8099,7.1336,6.768,6.9641,668188.2,4646067.50376
2023-01-07 04:00:00,6.9641,7.0511,6.9187,6.9696,286203.5,1997885.4987
2023-01-07 08:00:00,6.9696,7.0002,6.9221,6.974,179985.3,1252952.67198
2023-01-07 12:00:00,6.974,7.0561,6.9267,6.954,314952.9,2199044.27805
2023-01-07 16:00:00,6.954,6.9801,6.8834,6.9341,124286.7,860208.60385
2023-01-07 20:00:00,6.9341,6.9425,6.807,6.884,126279.7,866487.24627
2023-01-08 00:00:00,6.884,6.894,6.728,6.816,323082.1,2197093.01547
2023-01-08 04:00:00,6.816,6.8981,6.8137,6.872,185013.9,1268811.62942
2023-01-08 08:00:00,6.872,6.91,6.829,6.8472,146016.7,1002654.93169
2023-01-08 12:00:00,6.8472,6.9624,6.831,6.9423,202947.1,1398943.79346
2023-01-08 16:00:00,6.9423,6.9514,6.834,6.923,155791.1,1071423.96383
2023-01-08 20:00:00,6.923,7.266,6.9138,7.209,684394.4,4884511.9212
2023-01-09 00:00:00,7.209,7.4158,7.176,7.342,599303.8,4372768.26263
2023-01-09 04:00:00,7.342,7.439,7.306,7.3411,259031.4,1908786.5899
2023-01-09 08:00:00,7.3411,7.62,7.262,7.407,510620.0,3804025.38198
2023-01-09 12:00:00,7.407,7.537,7.277,7.483,397523.3,2954757.37096
2023-01-09 16:00:00,7.483,7.8688,7.35,7.3789,582644.0,4431849.5665
2023-01-09 20:00:00,7.3789,7.4108,7.2198,7.3234,159496.2,1168099.61537
2023-01-10 00:00:00,7.3234,7.524,7.1157,7.3101,387321.5,2846780.30441
2023-01-10 04:00:00,7.3101,7.491,7.2812,7.418,155826.5,1151358.43729
2023-01-10 08:00:00,7.418,7.452,7.281,7.3137,200720.1,1477888.26133
2023-01-10 12:00:00,7.3137,7.4436,7.256,7.4311,226314.8,1660110.50391
2023-01-10 16:00:00,7.4311,7.56,7.342,7.554,155031.2,1151993.92674
2023-01-10 20:00:00,7.554,7.574,7.4408,7.496,169147.8,1272615.64338
2023-01-11 00:00:00,7.496,7.5262,7.262,7.307,245978.1,1823324.62697
2023-01-11 04:00:00,7.307,7.3875,7.227,7.3771,122930.9,899906.13173
2023-01-11 08:00:00,7.3771,7.3795,7.259,7.308,69041.9,505598.88187
2023-01-11 12:00:00,7.308,7.308,7.107,7.1408,375338.3,2700097.35663
2023-01-11 16:00:00,7.1408,7.3405,7.118,7.324,82098.2,594143.95699
2023-01-11 20:00:00,7.324,7.539,7.2502,7.509,143367.7,1060161.22616
2023-01-12 00:00:00,7.509,8.138,7.4463,7.9059,1011382.2,8007840.55811
2023-01-12 04:00:00,7.9059,8.0136,7.77,7.8319,560473.0,4415431.12907
2023-01-12 08:00:00,7.8319,7.8747,7.655,7.722,538757.0,4179186.6134
2023-01-12 12:00:00,7.722,7.8895,7.46,7.766,706186.2,5450488.31643
2023-01-12 16:00:00,7.766,7.9972,7.7542,7.9295,193397.8,1524936.10167
2023-01-12 20:00:00,7.9295,7.9953,7.8732,7.9458,156992.4,1247835.30822
2023-01-13 00:00:00,7.9458,8.1713,7.8117,8.1382,208199.7,1657804.10052
2023-01-13 04:00:00,8.1382,8.14,7.9139,7.9697,180723.7,1447281.94713
2023-01-13 08:00:00,7.9697,8.036,7.887,7.9163,131040.2,1042585.95298
2023-01-13 12:00:00,7.9163,8.0119,7.776,7.9996,168835.7,1334847.47868
2023-01-13 16:00:00,7.9996,8.3814,7.895,8.2626,290507.7,2369755.23159
2023-01-13 20:00:00,8.2626,9.335,8.2092,9.074,814008.4,7224638.90322
2023-01-14 00:00:00,9.074,9.507,9.0609,9.3213,812173.5,7540827.00119
2023-01-14 04:00:00,9.3213,9.763,9.169,9.504,371527.2,3507689.1097
2023-01-14 08:00:00,9.504,10.25,8.6001,9.36,1069876.5,10099026.52399
2023-01-14 12:00:00,9.36,9.4454,8.907,9.337,398267.2,3687781.91751
2023-01-14 16:00:00,9.337,9.5742,9.2248,9.331,132122.6,1238134.70114
2023-01-14 20:00:00,9.331,9.4678,9.2614,9.3799,71620.6,671408.71012
2023-01-15 00:00:00,9.3799,9.488,8.85,9.0862,203147.3,1850178.04826
2023-01-15 04:00:00,9.0862,9.176,8.717,8.927,169393.6,1518350.62069
2023-01-15 08:00:00,8.927,8.9995,8.7048,8.986,127164.9,1127299.60783
2023-01-15 12:00:00,8.986,9.151,8.8894,9.1109,143835.4,1298274.11971
2023-01-15 16:00:00,9.1109,9.413,8.9599,9.188,261201.1,2401880.91696
2023-01-15 20:00:00,9.188,9.3969,9.0714,9.308,131843.3,1223027.96627
2023-01-16 00:00:00,9.308,9.537,9.0587,9.334,363695.9,3383065.92335
2023-01-16 04:00:00,9.334,9.544,9.29,9.314,111964.2,1053476.6808
2023-01-16 08:00:00,9.314,9.3156,8.7291,8.907,439999.3,3940959.96802
2023-01-16 12:00:00,8.907,8.9979,8.51,8.83,423162.3,3718993.95106
2023-01-16 16:00:00,8.83,9.031,8.728,9.0047,104555.3,928638.04264
2023-01-16 20:00:00,9.0047,9.067,8.872,8.9588,81833.4,731931.80071
2023-01-17 00:00:00,8.9588,9.048,8.603,8.872,177206.5,1560520.78958
2023-01-17 04:00:00,8.872,9.114,8.868,8.9783,111838.6,1005175.49923
2023-01-17 08:00:00,8.9783,9.205,8.946,9.084,106703.5,968507.39501
2023-01-17 12:00:00,9.084,9.147,8.776,8.907,124745.8,1118766.44736
2023-01-17 16:00:00,8.907,8.991,8.8437,8.973,47321.8,422350.04297
2023-01-17 20:00:00,8.973,9.013,8.752,8.8,75895.1,673797.08039
2023-01-18 00:00:00,8.8,8.9626,8.789,8.87,77008.2,682947.18378
2023-01-18 04:00:00,8.87,8.887,8.7,8.771,131477.8,1153682.58708
2023-01-18 08:00:00,8.771,8.777,8.555,8.688,182436.8,1577350.56178
2023-01-18 12:00:00,8.688,8.991,8.024,8.358,374360.6,3242836.60854
2023-01-18 16:00:00,8.358,8.37,7.641,8.1293,573578.1,4671158.7336
2023-01-18 20:00:00,8.1293,8.169,7.948,8.012,137924.0,1111944.60635
2023-01-19 00:00:00,8.012,8.192,8.0,8.114,194063.9,1575006.16413
2023-01-19 04:00:00,8.114,8.5109,8.112,8.3124,233075.1,1927026.83339
2023-01-19 08:00:00,8.3124,8.3237,8.121,8.188,174827.7,1438055.38385
2023-01-19 12:00:00,8.188,8.319,8.081,8.22,122843.2,1006984.4965
2023-01-19 16:00:00,8.22,8.3297,8.128,8.293,85889.5,706429.03778
2023-01-19 20:00:00,8.293,8.353,8.2465,8.304,51678.9,429703.20697
2023-01-20 00:00:00,8.304,8.404,8.21,8.376,126549.4,1052726.81126
2023-01-20 04:00:00,8.376,8.4008,8.1902,8.231,126365.8,1045718.28704
2023-01-20 08:00:00,8.231,8.266,8.167,8.2201,59599.9,489922.14731
2023-01-20 12:00:00,8.2201,8.3847,8.203,8.359,126421.8,1048124.96748
2023-01-20 16:00:00,8.359,8.7204,8.34,8.709,177193.9,1517122.9402
2023-01-20 20:00:00,8.709,9.137,8.709,9.0745,222998.1,1998457.01769
2023-01-21 00:00:00,9.0745,9.6736,9.001,9.25,500029.5,4693937.21706
2023-01-21 04:00:00,9.25,9.414,9.2366,9.3455,119295.9,1111619.58914
2023-01-21 08:00:00,9.3455,9.443,8.808,9.275,280791.9,2574398.9955
2023-01-21 12:00:00,9.275,9.341,9.0157,9.094,125112.1,1149220.8752
2023-01-21 16:00:00,9.094,9.2911,9.088,9.238,96830.7,892500.03694
2023-01-21 20:00:00,9.238,9.3039,8.892,8.942,201338.4,1839011.60423
2023-01-22 00:00:00,8.942,9.3781,8.941,9.271,383771.3,3550246.56391
2023-01-22 04:00:00,9.271,9.307,9.1066,9.1448,158138.0,1456270.52716
2023-01-22 08:00:00,9.1448,9.4423,9.063,9.386,209450.9,1932806.40905
2023-01-22 12:00:00,9.386,11.5967,9.3822,11.383,3967273.5,42691032.74745
2023-01-22 16:00:00,11.383,11.8732,11.1209,11.414,1781720.9,20415317.2398
2023-01-22 20:00:00,11.414,12.5818,10.77,12.482,1927677.4,22302790.61737
2023-01-23 00:00:00,12.482,13.9014,12.212,13.1338,3488811.9,45910328.35346
2023-01-23 04:00:00,13.1338,13.491,12.9,12.9951,1012503.9,13353158.70949
2023-01-23 08:00:00,12.9951,13.0732,12.6339,12.865,923442.6,11864310.70404
2023-01-23 12:00:00,12.865,12.9679,11.9843,12.422,2098887.9,26127334.46422
2023-01-23 16:00:00,12.422,12.797,12.1549,12.712,619277.3,7698101.17612
2023-01-23 20:00:00,12.712,12.875,12.1593,12.2424,583888.4,7300949.22888
2023-01-24 00:00:00,12.2424,12.3528,11.8,12.172,713285.7,8583930.1037
2023-01-24 04:00:00,12.172,12.33,12.024,12.058,348594.4,4229145.62029
2023-01-24 08:00:00,12.058,12.5017,11.8357,12.019,725831.3,8821040.31156
2023-01-24 12:00:00,12.019,12.0669,11.619,11.866,560516.6,6645580.48426
2023-01-24 16:00:00,11.866,12.164,11.6154,11.814,326251.8,3867805.39956
2023-01-24 20:00:00,11.814,11.8151,10.8223,11.096,870020.2,9725765.68695
2023-01-25 00:00:00,11.096,11.2737,10.7735,11.115,566653.5,6255458.03457
2023-01-25 04:00:00,11.115,11.3632,11.0097,11.2074,405181.8,4537640.06039
2023-01-25 08:00:00,11.2074,11.2836,10.975,11.238,315801.0,3515885.04975
2023-01-25 12:00:00,11.238,11.8638,11.1611,11.516,1073589.2,12373389.19287
2023-01-25 16:00:00,11.516,11.547,11.1547,11.4402,228754.4,2593582.30019
2023-01-25 20:00:00,11.4402,12.285,11.412,11.708,536458.5,6352049.8667
2023-01-26 00:00:00,11.708,12.4555,11.5508,11.841,543237.5,6537262.33744
2023-01-26 04:00:00,11.841,12.0686,11.656,11.785,371868.5,4414379.59671
2023-01-26 08:00:00,11.785,12.3584,11.7019,11.9346,623494.9,7477616.40772
2023-01-26 12:00:00,11.9346,12.3452,11.578,11.668,807558.8,9687285.68853
2023-01-26 16:00:00,11.668,11.8258,11.321,11.708,252648.4,2929366.98374
2023-01-26 20:00:00,11.708,11.953,11.6227,11.834,126200.6,1488954.00851
2023-01-27 00:00:00,11.834,11.99,11.2008,11.357,373167.8,4285016.74751
2023-01-27 04:00:00,11.357,11.5843,11.342,11.56,212860.8,2442745.89393
2023-01-27 08:00:00,11.56,11.6026,11.01,11.2411,314742.5,3549847.29975
2023-01-27 12:00:00,11.2411,11.4168,11.08,11.2501,320186.6,3602303.70223
2023-01-27 16:00:00,11.2501,11.577,11.2316,11.565,200663.8,2299440.22072
2023-01-27 20:00:00,11.565,11.6602,11.315,11.515,194719.0,2241055.23147
2023-01-28 00:00:00,11.515,12.0045,11.4209,11.7389,302962.4,3549171.24113
2023-01-28 04:00:00,11.7389,12.299,11.6903,11.8158,844889.1,10140022.08876
2023-01-28 08:00:00,11.8158,11.9229,11.6368,11.696,238764.6,2811378.75436
2023-01-28 12:00:00,11.696,11.708,11.25,11.4726,403167.9,4610114.56152
2023-01-28 16:00:00,11.4726,11.509,11.2634,11.391,191870.1,2184515.09194
2023-01-28 20:00:00,11.391,11.4192,11.188,11.402,113900.8,1287110.36418
2023-01-29 00:00:00,11.402,11.586,11.2266,11.495,209959.5,2402177.55414
2023-01-29 04:00:00,11.495,11.567,11.414,11.5,112083.0,1288187.64016
2023-01-29 08:00:00,11.5,11.75,11.427,11.666,230199.7,2668360.61419
2023-01-29 12:00:00,11.666,12.3547,11.6035,11.971,828910.5,9977990.53102
2023-01-29 16:00:00,11.971,12.124,11.7509,12.1077,286620.0,3413156.7252
2023-01-29 20:00:00,12.1077,12.2602,11.8991,12.22,264913.2,3206249.09018
2023-01-30 00:00:00,12.22,12.3653,11.7354,11.929,345336.8,4149165.34697
2023-01-30 04:00:00,11.929,11.965,11.664,11.775,158599.2,1873176.24061
2023-01-30 08:00:00,11.775,11.849,11.1152,11.195,522262.6,5948517.34512
2023-01-30 12:00:00,11.195,11.393,11.125,11.239,249067.9,2800295.20176
2023-01-30 16:00:00,11.239,11.3336,10.343,10.756,485110.1,5230249.15183
2023-01-30 20:00:00,10.756,10.873,10.524,10.8524,238659.6,2553842.29203
2023-01-31 00:00:00,10.8524,10.871,10.5929,10.6273,224202.6,2399992.98996
2023-01-31 04:00:00,10.6273,10.7279,10.4429,10.693,198860.9,2104822.31484
2023-01-31 08:00:00,10.693,10.7215,10.483,10.6267,170825.7,1809974.64706
2023-01-31 12:00:00,10.6267,10.8752,10.6015,10.822,290332.3,3116880.9367
2023-01-31 16:00:00,10.822,10.999,10.7915,10.971,103065.5,1122227.31362
2023-01-31 20:00:00,10.971,10.9818,10.62,10.879,217118.8,2341206.06064
2023-02-01 00:00:00,10.879,11.068,10.7795,10.903,196189.4,2139847.80715
2023-02-01 04:00:00,10.903,10.956,10.498,10.6129,223203.3,2397539.99309
2023-02-01 08:00:00,10.6129,10.6629,10.4021,10.603,167567.1,1762211.0635
2023-02-01 12:00:00,10.603,10.644,10.189,10.3048,192630.2,2013709.56186
2023-02-01 16:00:00,10.3048,10.9622,10.198,10.851,225443.5,2378024.37114
2023-02-01 20:00:00,10.851,11.4719,10.826,11.412,331433.0,3717963.85875
2023-02-02 00:00:00,11.412,11.6359,11.242,11.388,199831.9,2286364.15117
2023-02-02 04:00:00,11.388,11.6809,11.262,11.4436,193332.6,2213048.22553
2023-02-02 08:00:00,11.4436,11.6219,11.4194,11.5548,203669.4,2348024.53089
2023-02-02 12:00:00,11.5548,11.619,11.305,11.523,239904.1,2754668.38272
2023-02-02 16:00:00,11.523,11.9871,11.477,11.613,238309.4,2782139.91862
2023-02-02 20:00:00,11.613,11.6702,11.0014,11.186,251675.4,2839759.99898
2023-02-03 00:00:00,11.186,11.3,11.0262,11.177,333781.8,3719846.05334
2023-02-03 04:00:00,11.177,11.2846,11.098,11.1178,171050.0,1917554.41234
2023-02-03 08:00:00,11.1178,11.2991,11.04,11.287,114098.7,1273903.36998
2023-02-03 12:00:00,11.287,11.498,11.06,11.3956,294276.7,3309905.34291
2023-02-03 16:00:00,11.3956,11.6263,11.3051,11.324,120300.8,1375971.83936
2023-02-03 20:00:00,11.324,11.5173,11.253,11.453,48808.6,555959.59614
2023-02-04 00:00:00,11.453,11.5103,11.2969,11.324,74159.7,844944.38526
2023-02-04 04:00:00,11.324,11.3322,11.158,11.274,82498.5,928285.16622
2023-02-04 08:00:00,11.274,11.2992,11.179,11.2757,50981.8,573159.37861
2023-02-04 12:00:00,11.2757,11.623,11.264,11.5962,239598.4,2743060.40531
2023-02-04 16:00:00,11.5962,11.7527,11.3828,11.502,205165.2,2367681.72891
2023-02-04 20:00:00,11.502,11.6195,11.2864,11.402,91574.8,1052963.78589
2023-02-05 00:00:00,11.402,11.4444,11.2222,11.319,140936.5,1591084.22973
2023-02-05 04:00:00,11.319,11.8414,11.29,11.53,285121.6,3312040.73579
2023-02-05 08:00:00,11.53,11.6378,11.3828,11.422,214350.2,2473957.00628
2023-02-05 12:00:00,11.422,11.4611,10.612,10.921,452310.3,4978236.33198
2023-02-05 16:00:00,10.921,10.9699,10.6827,10.7813,134856.7,1460075.55515
2023-02-05 20:00:00,10.7813,10.9426,10.6205,10.9,83407.0,900968.15485
2023-02-06 00:00:00,10.9,11.154,10.8814,10.9319,201205.8,2219526.1695
2023-02-06 04:00:00,10.9319,11.015,10.7,11.0023,163999.5,1782244.93559
2023-02-06 08:00:00,11.0023,11.0467,10.743,10.862,112986.0,1232089.75462
2023-02-06 12:00:00,10.862,11.0151,10.7176,11.0151,250698.4,2723749.31309
2023-02-06 16:00:00,11.0151,11.035,10.8922,10.984,104938.1,1150829.20821
2023-02-06 20:00:00,10.984,10.985,10.552,10.666,123324.5,1324922.92441
2023-02-07 00:00:00,10.666,10.8337,10.633,10.801,60087.3,645456.74695
2023-02-07 04:00:00,10.801,10.8916,10.791,10.8363,72451.5,785488.63778
2023-02-07 08:00:00,10.8363,11.186,10.76,11.09,222362.2,2447611.87459
2023-02-07 12:00:00,11.09,11.15,10.93,10.9693,174821.2,1932152.07132
2023-02-07 16:00:00,10.9693,11.1711,10.6411,10.996,216090.2,2356284.5
2023-02-07 20:00:00,10.996,11.7356,10.98,11.677,218711.7,2508757.15549
2023-02-08 00:00:00,11.677,11.9019,11.4573,11.643,442626.9,5165270.79461
2023-02-08 04:00:00,11.643,11.7472,11.5,11.713,164928.8,1917310.73559
2023-02-08 08:00:00,11.713,12.3,11.6,12.036,519149.1,6188494.87758
2023-02-08 12:00:00,12.036,12.175,11.5912,11.775,641521.8,7624953.6257
2023-02-08 16:00:00,11.775,12.3358,11.3093,11.931,511439.6,6078203.9886
2023-02-08 20:00:00,11.931,12.1608,11.5,11.943,328092.7,3901200.13359
2023-02-09 00:00:00,11.943,12.447,11.175,11.302,645376.8,7579040.3522
2023-02-09 04:00:00,11.302,11.6434,11.183,11.511,297167.0,3412276.01123
2023-02-09 08:00:00,11.511,11.7252,11.3901,11.527,193554.0,2237187.01154
2023-02-09 12:00:00,11.527,11.6109,11.2653,11.308,176206.7,2016205.31294
2023-02-09 16:00:00,11.308,11.4611,10.451,10.6587,349009.5,3836113.22559
2023-02-09 20:00:00,10.6587,10.671,9.957,10.235,402169.7,4153372.1504
2023-02-10 00:00:00,10.235,10.342,9.9611,10.137,218463.7,2212705.34928
2023-02-10 04:00:00,10.137,10.247,9.908,10.243,211491.6,2137988.98012
2023-02-10 08:00:00,10.243,10.2616,10.0035,10.029,151787.5,1542893.78227
2023-02-10 12:00:00,10.029,10.2999,9.9773,10.123,161787.5,1642277.7116
2023-02-10 16:00:00,10.123,10.277,10.027,10.2168,47116.0,477856.46738
2023-02-10 20:00:00,10.2168,10.2418,9.889,10.104,96708.0,969133.65849
2023-02-11 00:00:00,10.104,10.205,10.047,10.156,66120.8,669939.41074
2023-02-11 04:00:00,10.156,10.1736,10.0666,10.122,42167.8,426497.79433
2023-02-11 08:00:00,10.122,10.148,10.045,10.088,43129.6,435464.82039
2023-02-11 12:00:00,10.088,10.4657,10.0857,10.356,214567.7,2210733.0118
2023-02-11 16:00:00,10.356,10.4362,10.17,10.22,149733.9,1540351.40311
2023-02-11 20:00:00,10.22,10.385,10.19,10.337,82663.7,853752.95274
2023-02-12 00:00:00,10.337,10.3422,10.1952,10.1952,59293.7,607108.4423
2023-02-12 04:00:00,10.1952,10.2214,10.134,10.189,56325.6,574013.1825
2023-02-12 08:00:00,10.189,10.3155,10.175,10.2915,117040.8,1199301.93059
2023-02-12 12:00:00,10.2915,10.313,10.1041,10.26,189017.9,1929461.96772
2023-02-12 16:00:00,10.26,10.372,10.2401,10.286,119062.3,1228262.50205
2023-02-12 20:00:00,10.286,10.3156,9.6672,9.8957,295873.9,2948114.60527
2023-02-13 00:00:00,9.8957,9.941,9.4613,9.6698,322210.0,3119838.36933
2023-02-13 04:00:00,9.6698,9.7718,9.6217,9.723,90604.8,878203.81104
2023-02-13 08:00:00,9.723,9.727,9.1505,9.391,453302.4,4253254.76157
2023-02-13 12:00:00,9.391,9.5333,9.376,9.417,117760.0,1114550.2768
2023-02-13 16:00:00,9.417,9.5,9.1528,9.401,112125.5,1044622.36776
2023-02-13 20:00:00,9.401,9.6115,9.3216,9.572,119001.8,1123924.57017
2023-02-14 00:00:00,9.572,9.6618,9.4451,9.461,84259.1,803495.93933
2023-02-14 04:00:00,9.461,9.5143,9.42,9.507,47032.0,445277.23124
2023-02-14 08:00:00,9.507,9.561,9.368,9.4799,125145.3,1187273.18294
2023-02-14 12:00:00,9.4799,9.962,9.298,9.793,331078.7,3183277.14128
2023-02-14 16:00:00,9.793,9.9175,9.6766,9.88,144358.6,1416257.17668
2023-02-14 20:00:00,9.88,9.9747,9.81,9.96,67827.2,672017.14732
2023-02-15 00:00:00,9.96,9.971,9.7703,9.872,126595.6,1244262.99317
2023-02-15 04:00:00,9.872,9.9034,9.8028,9.82,81305.6,801677.65306
2023-02-15 08:00:00,9.82,10.0282,9.7851,10.005,121264.8,1201805.13616
2023-02-15 12:00:00,10.005,10.152,9.976,10.077,215966.3,2173052.89481
2023-02-15 16:00:00,10.077,10.436,10.066,10.3946,238823.3,2442352.73475
2023-02-15 20:00:00,10.3946,10.8296,10.339,10.779,222748.9,2369009.13474
2023-02-16 00:00:00,10.779,11.171,10.645,11.0568,242881.7,2645753.48597
2023-02-16 04:00:00,11.0568,11.091,10.7986,10.8965,261851.4,2868944.42808
2023-02-16 08:00:00,10.8965,11.123,10.8396,10.905,216458.6,2370932.52001
2023-02-16 12:00:00,10.905,11.061,10.6616,11.014,400714.5,4348168.14996
2023-02-16 16:00:00,11.014,11.0851,10.7219,10.844,252737.3,2759438.75927
2023-02-16 20:00:00,10.844,10.8501,10.08,10.116,341952.5,3556345.9502
2023-02-17 00:00:00,10.116,10.5119,10.043,10.483,126524.4,1304008.8486
2023-02-17 04:00:00,10.483,10.557,10.3204,10.3749,73042.3,760195.84244
2023-02-17 08:00:00,10.3749,10.475,10.283,10.365,163133.8,1692012.59269
2023-02-17 12:00:00,10.365,10.508,10.263,10.47,154736.7,1609427.7044
2023-02-17 16:00:00,10.47,10.697,10.321,10.6942,143581.7,1516427.16863
2023-02-17 20:00:00,10.6942,10.8,10.4,10.649,245161.1,2602531.56385
2023-02-18 00:00:00,10.649,11.3233,10.6333,11.017,547854.8,6052973.03234
2023-02-18 04:00:00,11.017,11.066,10.8329,10.89,146146.2,1602570.57476
2023-02-18 08:00:00,10.89,10.935,10.7539,10.8131,151030.2,1639314.47282
2023-02-18 12:00:00,10.8131,10.9348,10.8,10.9021,108824.3,1184350.32339
2023-02-18 16:00:00,10.9021,10.9264,10.691,10.773,147634.7,1600293.16035
2023-02-18 20:00:00,10.773,10.9336,10.689,10.886,68035.6,733372.73033
2023-02-19 00:00:00,10.886,11.0127,10.7601,10.793,188961.0,2055396.8727
2023-02-19 04:00:00,10.793,10.9294,10.7768,10.812,132915.6,1444177.82024
2023-02-19 08:00:00,10.812,10.9212,10.7542,10.896,97782.4,1059605.34431
2023-02-19 12:00:00,10.896,11.177,10.879,11.028,208448.9,2294548.79371
2023-02-19 16:00:00,11.028,11.1091,10.6594,10.7644,172417.8,1877036.36625
2023-02-19 20:00:00,10.7644,11.0131,10.6067,10.902,89362.9,969879.09093
2023-02-20 00:00:00,10.902,11.103,10.438,10.9566,180771.1,1944960.76643
2023-02-20 04:00:00,10.9566,11.0468,10.922,11.017,107467.8,1182011.2537
2023-02-20 08:00:00,11.017,11.38,10.8864,11.2486,275644.8,3082187.19033
2023-02-20 12:00:00,11.2486,11.327,11.05,11.259,218627.0,2449870.12698
2023-02-20 16:00:00,11.259,11.3298,11.0312,11.284,170139.8,1902173.996
2023-02-20 20:00:00,11.284,11.308,11.151,11.204,80127.0,898833.77117
2023-02-21 00:00:00,11.204,11.583,11.1291,11.332,267434.2,3036031.21984
2023-02-21 04:00:00,11.332,11.3798,11.2,11.316,79287.3,895911.43516
2023-02-21 08:00:00,11.316,11.3742,10.762,10.842,392576.5,4303238.14503
2023-02-21 12:00:00,10.842,10.909,10.627,10.756,269605.8,2900846.81535
2023-02-21 16:00:00,10.756,10.9747,10.647,10.79,88894.4,960490.90051
2023-02-21 20:00:00,10.79,10.8173,10.4966,10.808,113421.5,1210368.92455
2023-02-22 00:00:00,10.808,10.832,10.3568,10.603,143165.1,1511469.56468
2023-02-22 04:00:00,10.603,10.614,10.286,10.42,106622.1,1112044.95094
2023-02-22 08:00:00,10.42,10.4568,10.173,10.431,192726.5,1988542.68433
2023-02-22 12:00:00,10.431,10.4903,10.08,10.168,245534.5,2536300.32796
2023-02-22 16:00:00,10.168,10.359,10.134,10.279,54610.4,558701.08683
2023-02-22 20:00:00,10.279,10.57,10.24,10.548,38675.2,404201.52197
2023-02-23 00:00:00,10.548,10.7321,10.4903,10.649,161133.7,1713541.70528
2023-02-23 04:00:00,10.649,10.693,10.5761,10.6322,29606.5,315120.91477
2023-02-23 08:00:00,10.6322,10.7594,10.2939,10.385,165526.3,1741049.43721
2023-02-23 12:00:00,10.385,10.651,10.31,10.4902,183528.4,1927640.89161
2023-02-23 16:00:00,10.4902,10.5048,10.274,10.444,55908.9,582449.31605
2023-02-23 20:00:00,10.444,10.528,10.341,10.507,23083.6,241227.47401
2023-02-24 00:00:00,10.507,10.6296,10.456,10.5378,59364.0,625736.38839
2023-02-24 04:00:00,10.5378,10.6263,10.476,10.599,111453.9,1176020.01179
2023-02-24 08:00:00,10.599,10.601,10.354,10.533,96991.8,1018312.05774
2023-02-24 12:00:00,10.533,10.5804,10.065,10.102,194240.4,1995947.88727
2023-02-24 16:00:00,10.102,10.102,9.75,9.9519,291903.7,2886760.07074
2023-02-24 20:00:00,9.9519,10.042,9.718,10.009,166303.6,1649887.37961
2023-02-25 00:00:00,10.009,10.1824,9.925,9.949,72958.0,731956.86045
2023-02-25 04:00:00,9.949,9.984,9.768,9.98,57214.2,565585.90858
2023-02-25 08:00:00,9.98,9.9945,9.814,9.859,46057.3,455583.73934
2023-02-25 12:00:00,9.859,9.9105,9.6907,9.864,101978.3,999887.64165
2023-02-25 16:00:00,9.864,9.9747,9.587,9.662,120037.6,1169672.25491
2023-02-25 20:00:00,9.662,9.855,9.4276,9.796,104759.0,1006988.42315
2023-02-26 00:00:00,9.796,9.898,9.7007,9.872,54664.4,533989.19088
2023-02-26 04:00:00,9.872,9.882,9.783,9.821,23276.4,228691.04756
2023-02-26 08:00:00,9.821,9.8757,9.751,9.854,58150.6,571928.74831
2023-02-26 12:00:00,9.854,9.865,9.745,9.8333,82812.1,812438.43393
2023-02-26 16:00:00,9.8333,9.9781,9.728,9.9622,83176.7,818152.39401
2023-02-26 20:00:00,9.9622,10.0326,9.874,9.997,46690.3,465597.55737
2023-02-27 00:00:00,9.997,10.0297,9.8895,9.943,40491.3,402915.71028
2023-02-27 04:00:00,9.943,9.9434,9.812,9.845,77488.3,764960.27762
2023-02-27 08:00:00,9.845,10.145,9.78,10.059,249933.2,2480771.31074
2023-02-27 12:00:00,10.059,10.1884,9.943,10.1,566327.8,5710913.25868
2023-02-27 16:00:00,10.1,10.1178,9.728,9.873,199083.5,1980918.2095
2023-02-27 20:00:00,9.873,9.9838,9.773,9.957,64238.4,636480.90744
2023-02-28 00:00:00,9.957,9.987,9.8438,9.92,79555.8,787652.84643
2023-02-28 04:00:00,9.92,9.929,9.752,9.752,62736.3,616819.78062
2023-02-28 08:00:00,9.752,9.8264,9.7078,9.813,100547.8,982135.92804
2023-02-28 12:00:00,9.813,9.947,9.795,9.914,58436.3,576445.53344
2023-02-28 16:00:00,9.914,9.9922,9.777,9.79,22093.7,218868.76046
2023-02-28 20:00:00,9.79,9.807,9.5308,9.59,74060.9,712656.12104
2023-03-01 00:00:00,9.59,9.7936,9.491,9.7914,112225.3,1084222.49472
2023-03-01 04:00:00,9.7914,9.9688,9.7848,9.924,156573.6,1549377.53454
2023-03-01 08:00:00,9.924,10.0359,9.9011,9.995,109934.8,1097296.18842
2023-03-01 12:00:00,9.995,10.049,9.909,9.985,102248.4,1019195.73356
2023-03-01 16:00:00,9.985,9.99,9.8002,9.8291,65216.2,647502.19158
2023-03-01 20:00:00,9.8291,9.9886,9.808,9.975,66554.2,659931.56973
2023-03-02 00:00:00,9.975,10.0333,9.7531,9.809,85996.3,849151.87012
2023-03-02 04:00:00,9.809,9.8594,9.667,9.715,52490.7,512926.03012
2023-03-02 08:00:00,9.715,9.7477,9.6262,9.669,70407.6,683215.75608
2023-03-02 12:00:00,9.669,9.685,9.54,9.6164,58166.5,558303.2355
2023-03-02 16:00:00,9.6164,9.696,9.5258,9.692,31917.1,307054.46553
2023-03-02 20:00:00,9.692,9.756,9.66,9.733,50296.5,488516.52017
2023-03-03 00:00:00,9.733,9.7375,8.72,8.925,351410.5,3180482.55038
2023-03-03 04:00:00,8.925,9.0688,8.904,8.9475,61458.5,551735.84761
2023-03-03 08:00:00,8.9475,9.061,8.9391,9.002,108775.1,980766.87249
2023-03-03 12:00:00,9.002,9.0898,8.9392,8.985,62522.2,563160.20447
2023-03-03 16:00:00,8.985,9.0394,8.947,9.031,71913.1,646923.10671
2023-03-03 20:00:00,9.031,9.1149,8.96,9.098,29926.1,270682.37172
2023-03-04 00:00:00,9.098,9.2578,9.0862,9.117,95556.4,875562.86757
2023-03-04 04:00:00,9.117,9.1414,9.016,9.08,61059.1,555622.35978
2023-03-04 08:00:00,9.08,9.091,8.9537,9.008,69660.6,629235.7784
2023-03-04 12:00:00,9.008,9.0622,8.8824,8.886,54621.6,490191.07654
2023-03-04 16:00:00,8.886,8.929,8.7594,8.804,69879.3,617190.70386
2023-03-04 20:00:00,8.804,8.809,8.5127,8.795,152625.1,1321838.92379
2023-03-05 00:00:00,8.795,8.9684,8.7211,8.8909,102309.6,905521.20127
2023-03-05 04:00:00,8.8909,8.9417,8.8174,8.8237,24814.6,220273.34137
2023-03-05 08:00:00,8.8237,8.864,8.7236,8.828,31004.8,273192.12571
2023-03-05 12:00:00,8.828,8.92,8.817,8.8862,27219.7,241323.96086
2023-03-05 16:00:00,8.8862,8.929,8.8398,8.898,19263.1,171197.07251
2023-03-05 20:00:00,8.898,8.942,8.7035,8.758,35889.0,317297.55017
2023-03-06 00:00:00,8.758,8.8178,8.483,8.589,78048.8,671782.19371
2023-03-06 04:00:00,8.589,8.654,8.477,8.62,44041.0,378364.42586
2023-03-06 08:00:00,8.62,8.797,8.555,8.678,82614.5,717472.36287
2023-03-06 12:00:00,8.678,8.8238,8.623,8.803,57021.7,498034.22394
2023-03-06 16:00:00,8.803,8.96,8.768,8.9099,57801.0,513232.2932
2023-03-06 20:00:00,8.9099,8.9195,8.82,8.875,29779.9,264556.90859
2023-03-07 00:00:00,8.875,8.997,8.805,8.905,102210.4,912071.73393
2023-03-07 04:00:00,8.905,8.9367,8.8266,8.828,59646.6,529251.6643
2023-03-07 08:00:00,8.828,8.848,8.5908,8.595,117672.0,1029425.28576
2023-03-07 12:00:00,8.595,8.6988,8.413,8.603,197858.2,1698165.666
2023-03-07 16:00:00,8.603,8.676,8.4523,8.471,91761.4,786166.33263
2023-03-07 20:00:00,8.471,8.6273,8.4139,8.613,65211.8,554824.20991
2023-03-08 00:00:00,8.613,8.6625,8.453,8.5,38641.4,330530.11226
2023-03-08 04:00:00,8.5,8.52,8.2552,8.2919,116106.6,967500.81451
2023-03-08 08:00:00,8.2919,8.3522,8.2231,8.288,54743.6,453423.65237
2023-03-08 12:00:00,8.288,8.317,7.996,8.176,299729.9,2437689.11696
2023-03-08 16:00:00,8.176,8.212,7.9355,8.006,123494.2,995090.64278
2023-03-08 20:00:00,8.006,8.088,7.733,7.894,203190.7,1606381.79298
2023-03-09 00:00:00,7.894,7.9831,7.827,7.956,112519.6,891125.83887
2023-03-09 04:00:00,7.956,8.0202,7.8997,7.916,85099.4,677807.57672
2023-03-09 08:00:00,7.916,8.0049,7.864,8.0,81279.8,645923.81193
2023-03-09 12:00:00,8.0,8.2082,7.9531,8.082,204561.6,1658941.16716
2023-03-09 16:00:00,8.082,8.11,7.6743,7.746,185013.6,1461065.21656
2023-03-09 20:00:00,7.746,7.7506,7.204,7.351,202153.3,1499354.3057
2023-03-10 00:00:00,7.351,7.3883,7.1825,7.336,90993.6,663737.77656
2023-03-10 04:00:00,7.336,7.3563,7.1421,7.258,67622.4,491358.56239
2023-03-10 08:00:00,7.258,7.28,6.8622,7.055,170211.4,1195952.29705
2023-03-10 12:00:00,7.055,7.328,7.033,7.313,91788.6,659939.28648
2023-03-10 16:00:00,7.313,7.419,7.268,7.371,75624.8,555549.84664
2023-03-10 20:00:00,7.371,7.439,7.2315,7.38,87903.8,646493.64959
2023-03-11 00:00:00,7.38,7.63,7.373,7.453,104624.0,784712.74638
2023-03-11 04:00:00,7.453,7.455,6.9602,7.064,160941.6,1169439.34249
2023-03-11 08:00:00,7.064,7.2352,7.022,7.12,65850.9,470306.79059
2023-03-11 12:00:00,7.12,7.1603,6.971,6.999,59861.5,422455.91271
2023-03-11 16:00:00,6.999,7.1856,6.9549,7.134,71370.2,504087.27337
2023-03-11 20:00:00,7.134,7.295,7.1198,7.28,72169.0,518638.84965
2023-03-12 00:00:00,7.28,7.3,7.1847,7.244,41708.1,301630.53053
2023-03-12 04:00:00,7.244,7.2859,7.2143,7.244,33309.6,241513.72865
2023-03-12 08:00:00,7.244,7.286,7.2105,7.238,31457.1,227866.47871
2023-03-12 12:00:00,7.238,7.2416,7.058,7.1001,75701.4,541802.22498
2023-03-12 16:00:00,7.1001,7.506,7.071,7.366,117573.0,859971.87449
2023-03-12 20:00:00,7.366,7.913,7.364,7.888,76568.4,587540.41203
2023-03-13 00:00:00,7.888,8.417,7.8836,8.005,267720.0,2177685.792
2023-03-13 04:00:00,8.005,8.0888,7.985,8.057,63133.6,506979.02687
2023-03-13 08:00:00,8.057,8.088,7.6923,7.82,120420.4,946890.71756
2023-03-13 12:00:00,7.82,8.3778,7.6941,8.205,235208.2,1897052.05732
2023-03-13 16:00:00,8.205,8.3195,8.134,8.266,79280.2,652934.54028
2023-03-13 20:00:00,8.266,8.391,8.1971,8.308,56300.2,467302.28976
2023-03-14 00:00:00,8.308,8.376,8.2272,8.311,66967.9,556081.77139
2023-03-14 04:00:00,8.311,8.3438,8.113,8.151,90727.6,746290.05634
2023-03-14 08:00:00,8.151,8.2117,8.016,8.142,95415.4,776706.75804
2023-03-14 12:00:00,8.142,9.015,8.111,8.939,417723.6,3585204.94315
2023-03-14 16:00:00,8.939,8.984,8.43,8.6823,177647.0,1557757.78451
2023-03-14 20:00:00,8.6823,8.711,8.2763,8.599,70093.0,594455.21129
2023-03-15 00:00:00,8.599,8.742,8.451,8.673,93282.4,803439.16875
2023-03-15 04:00:00,8.673,8.776,8.575,8.672,42122.2,365655.49204
2023-03-15 08:00:00,8.672,8.6935,8.21,8.369,155170.3,1307808.38367
2023-03-15 12:00:00,8.369,8.5059,7.7078,7.833,255498.6,2076975.39886
2023-03-15 16:00:00,7.833,7.9054,7.583,7.788,187343.7,1446151.93225
2023-03-15 20:00:00,7.788,7.9291,7.7245,7.806,77829.6,609418.54535
2023-03-16 00:00:00,7.806,7.932,7.6891,7.844,75260.7,587612.23359
2023-03-16 04:00:00,7.844,7.9654,7.7313,7.907,93301.8,733362.15812
2023-03-16 08:00:00,7.907,8.0448,7.8076,7.9799,96352.9,761069.56088
2023-03-16 12:00:00,7.9799,7.981,7.7247,7.948,137913.4,1083343.42926
2023-03-16 16:00:00,7.948,8.086,7.8822,8.06,55711.5,444897.66544
2023-03-16 20:00:00,8.06,8.062,7.8581,7.9861,51577.7,410955.08277
2023-03-17 00:00:00,7.9861,8.209,7.865,8.14,96832.8,781101.89577
2023-03-17 04:00:00,8.14,8.2599,8.071,8.191,44367.4,362370.03443
2023-03-17 08:00:00,8.191,8.6086,8.1539,8.592,110012.7,929546.96508
2023-03-17 12:00:00,8.592,8.596,8.235,8.332,119671.6,1005666.78433
2023-03-17 16:00:00,8.332,8.449,8.256,8.449,35513.0,296669.21361
2023-03-17 20:00:00,8.449,8.9558,8.4,8.898,164752.0,1426687.07449
2023-03-18 00:00:00,8.898,9.4415,8.706,9.4415,446849.6,4069565.82235
2023-03-18 04:00:00,9.4415,9.4415,9.1431,9.221,106529.7,982604.98892
2023-03-18 08:00:00,9.221,9.23,8.9873,9.181,69197.8,629588.93056
2023-03-18 12:00:00,9.181,9.438,8.826,8.954,238678.9,2184178.11415
2023-03-18 16:00:00,8.954,9.092,8.695,8.967,131842.4,1178478.13345
2023-03-18 20:00:00,8.967,9.087,8.653,8.72,108478.3,960618.97555
2023-03-19 00:00:00,8.72,9.7956,8.716,9.641,633206.4,6053123.15627
2023-03-19 04:00:00,9.641,9.66,9.2024,9.319,489702.5,4608658.63564
2023-03-19 08:00:00,9.319,9.3298,8.9594,9.116,246873.3,2260101.57251
2023-03-19 12:00:00,9.116,9.2434,9.0355,9.141,168951.1,1541829.35855
2023-03-19 16:00:00,9.141,9.3064,9.114,9.2036,103396.1,952589.81918
2023-03-19 20:00:00,9.2036,9.2333,8.9898,9.0977,84838.7,773341.85557
2023-03-20 00:00:00,9.0977,9.279,8.805,8.8391,236897.6,2141802.61037
2023-03-20 04:00:00,8.8391,9.1595,8.7235,9.124,114407.8,1022557.63276
2023-03-20 08:00:00,9.124,9.1715,9.009,9.105,99787.4,906964.55207
2023-03-20 12:00:00,9.105,9.131,8.884,8.947,101722.6,914004.1078
2023-03-20 16:00:00,8.947,9.011,8.4707,8.547,195771.7,1702254.37659
2023-03-20 20:00:00,8.547,8.77,8.5332,8.611,44693.3,387757.7061
2023-03-21 00:00:00,8.611,8.872,8.5713,8.656,70944.2,617083.81396
2023-03-21 04:00:00,8.656,8.7147,8.32,8.332,151035.8,1280188.33586
2023-03-21 08:00:00,8.332,8.6733,8.199,8.6266,260226.4,2208288.39473
2023-03-21 12:00:00,8.6266,8.888,8.596,8.773,217450.4,1906253.08535
2023-03-21 16:00:00,8.773,8.8887,8.565,8.711,104831.8,913544.4871
2023-03-21 20:00:00,8.711,8.8596,8.711,8.827,76029.9,669674.67526
2023-03-22 00:00:00,8.827,8.855,8.616,8.707,51303.6,446610.81067
2023-03-22 04:00:00,8.707,8.76,8.589,8.645,34323.0,298463.07276
2023-03-22 08:00:00,8.645,8.6667,8.509,8.539,90414.7,776463.47272
2023-03-22 12:00:00,8.539,8.7842,8.4683,8.639,98349.3,847701.40385
2023-03-22 16:00:00,8.639,8.7724,8.053,8.118,234167.2,1989303.19276
2023-03-22 20:00:00,8.118,8.352,8.0773,8.338,63405.2,524626.78122
2023-03-23 00:00:00,8.338,8.4248,8.2058,8.254,70237.1,585353.37422
2023-03-23 04:00:00,8.254,8.4808,8.253,8.454,42221.6,354527.84376
2023-03-23 08:00:00,8.454,8.561,8.434,8.514,81108.8,688253.9336
2023-03-23 12:00:00,8.514,8.8182,8.377,8.711,124166.0,1065742.60279
2023-03-23 16:00:00,8.711,8.766,8.496,8.629,59358.4,512493.93217
2023-03-23 20:00:00,8.629,8.7045,8.569,8.69,33889.5,292783.84758
2023-03-24 00:00:00,8.69,8.71,8.5571,8.568,69962.6,603717.40544
2023-03-24 04:00:00,8.568,8.613,8.518,8.587,80221.6,687577.67164
2023-03-24 08:00:00,8.587,8.596,8.234,8.301,138802.0,1166886.09169
2023-03-24 12:00:00,8.301,8.424,8.2722,8.366,55240.9,461462.8934
2023-03-24 16:00:00,8.366,8.4062,8.1067,8.254,102413.4,843919.32513
2023-03-24 20:00:00,8.254,8.352,8.0803,8.311,129309.1,1062239.30272
2023-03-25 00:00:00,8.311,8.631,8.257,8.519,246124.5,2093631.64714
2023-03-25 04:00:00,8.519,8.5216,8.363,8.365,114002.6,961099.06196
2023-03-25 08:00:00,8.365,8.3856,8.2415,8.355,85176.4,707935.63604
2023-03-25 12:00:00,8.355,8.426,8.2948,8.398,73159.4,611223.49692
2023-03-25 16:00:00,8.398,8.4058,8.11,8.132,125452.7,1036372.56538
2023-03-25 20:00:00,8.132,8.264,8.121,8.258,30701.6,251674.04211
2023-03-26 00:00:00,8.258,8.3078,8.186,8.263,51218.4,423156.702
2023-03-26 04:00:00,8.263,8.3538,8.2525,8.343,29475.8,244725.31252
2023-03-26 08:00:00,8.343,8.4379,8.329,8.431,51771.7,434266.68013
2023-03-26 12:00:00,8.431,8.488,8.3355,8.372,104913.2,882250.31808
2023-03-26 16:00:00,8.372,8.423,8.3034,8.404,40647.7,340689.90214
2023-03-26 20:00:00,8.404,8.447,8.3373,8.406,25133.5,211238.60186
2023-03-27 00:00:00,8.406,8.424,8.231,8.273,75766.5,628540.16125
2023-03-27 04:00:00,8.273,8.299,8.147,8.205,96453.5,792522.48793
2023-03-27 08:00:00,8.205,8.2479,8.164,8.2382,61216.1,503210.14766
2023-03-27 12:00:00,8.2382,8.2588,7.7761,7.916,232715.0,1867188.17437
2023-03-27 16:00:00,7.916,7.987,7.877,7.894,58460.1,463943.19073
2023-03-27 20:00:00,7.894,8.0396,7.8501,8.022,26915.3,214195.71459
2023-03-28 00:00:00,8.022,8.033,7.8817,7.949,40381.1,321328.94956
2023-03-28 04:00:00,7.949,8.0865,7.9462,7.99,54980.6,441525.96375
2023-03-28 08:00:00,7.99,8.1255,7.9336,8.091,47103.4,377575.39107
2023-03-28 12:00:00,8.091,8.174,8.046,8.127,52885.7,429014.16955
2023-03-28 16:00:00,8.127,8.342,8.012,8.289,55643.5,456023.97042
2023-03-28 20:00:00,8.289,8.3116,8.1784,8.235,38662.1,317950.78523
2023-03-29 00:00:00,8.235,8.2869,8.197,8.214,52451.4,432131.34197
2023-03-29 04:00:00,8.214,8.4189,8.2047,8.38,98301.4,819008.34639
2023-03-29 08:00:00,8.38,8.5925,8.375,8.53,101551.5,864806.86342
2023-03-29 12:00:00,8.53,8.5599,8.34,8.454,94255.1,795980.9043
2023-03-29 16:00:00,8.454,8.536,8.3661,8.524,14254.4,120203.79142
2023-03-29 20:00:00,8.524,8.54,8.426,8.495,26177.3,222200.38982
2023-03-30 00:00:00,8.495,8.621,8.251,8.404,101613.0,855987.41209
2023-03-30 04:00:00,8.404,8.442,8.3322,8.367,30865.8,258958.36154
2023-03-30 08:00:00,8.367,8.396,8.251,8.298,46067.5,383174.76974
2023-03-30 12:00:00,8.298,8.327,8.194,8.214,45901.0,379229.57951
2023-03-30 16:00:00,8.214,8.24,8.0932,8.222,99118.9,808991.08887
2023-03-30 20:00:00,8.222,8.2778,8.1848,8.246,27202.6,223959.71143
2023-03-31 00:00:00,8.246,8.286,8.17,8.2163,54522.4,448876.1316
2023-03-31 04:00:00,8.2163,8.2439,8.039,8.125,119155.9,967536.29982
2023-03-31 08:00:00,8.125,8.186,8.091,8.16,51060.7,415610.16303
2023-03-31 12:00:00,8.16,8.3616,8.141,8.313,110314.3,912500.54151
2023-03-31 16:00:00,8.313,8.3799,8.286,8.379,27709.8,230891.68778
2023-03-31 20:00:00,8.379,8.4186,8.316,8.382,35224.9,295486.74828
2023-04-01 00:00:00,8.382,8.4434,8.3447,8.408,36818.9,309248.19363
2023-04-01 04:00:00,8.408,8.4483,8.2944,8.315,50672.0,423645.91863
2023-04-01 08:00:00,8.315,8.37,8.277,8.351,47587.8,395923.02391
2023-04-01 12:00:00,8.351,8.3689,8.294,8.335,25691.1,214052.04922
2023-04-01 16:00:00,8.335,8.466,8.2942,8.428,28309.9,237566.14373
2023-04-01 20:00:00,8.428,8.5074,8.428,8.495,71039.5,602518.90118
2023-04-02 00:00:00,8.495,8.5052,8.3656,8.417,64570.8,544257.0773
2023-04-02 04:00:00,8.417,8.5495,8.4047,8.5364,35726.6,302478.66961
2023-04-02 08:00:00,8.5364,8.5902,8.449,8.486,79880.6,679895.90971
2023-04-02 12:00:00,8.486,8.504,8.1996,8.257,109949.6,917319.78148
2023-04-02 16:00:00,8.257,8.3478,8.1753,8.219,65065.5,536618.24422
2023-04-02 20:00:00,8.219,8.3097,8.1551,8.3097,51333.3,421683.24569
2023-04-03 00:00:00,8.3097,8.3507,8.058,8.216,109421.1,897439.64771
2023-04-03 04:00:00,8.216,8.232,8.154,8.228,53627.8,438508.53755
2023-04-03 08:00:00,8.228,8.363,8.228,8.298,81492.0,676295.79829
2023-04-03 12:00:00,8.298,8.3276,8.161,8.262,52193.1,430724.20101
2023-04-03 16:00:00,8.262,8.4339,8.197,8.366,49932.6,414610.14142
2023-04-03 20:00:00,8.366,8.386,8.015,8.253,83219.9,678877.80247
2023-04-04 00:00:00,8.253,8.272,8.156,8.1941,35380.2,290074.17038
2023-04-04 04:00:00,8.1941,8.346,8.1875,8.314,50242.9,415832.545
2023-04-04 08:00:00,8.314,8.4768,8.279,8.4242,55574.6,463855.42641
2023-04-04 12:00:00,8.4242,8.456,8.3264,8.3447,79714.8,668044.8615
2023-04-04 16:00:00,8.3447,8.4596,8.3436,8.454,26314.4,221190.60989
2023-04-04 20:00:00,8.454,8.4961,8.384,8.403,17153.7,144771.93154
2023-04-05 00:00:00,8.403,8.5609,8.3566,8.551,35923.9,305399.34328
2023-04-05 04:00:00,8.551,8.655,8.528,8.633,62105.3,532255.82512
2023-04-05 08:00:00,8.633,8.7155,8.6034,8.6349,49218.0,425240.34961
2023-04-05 12:00:00,8.6349,8.643,8.336,8.398,108483.9,918554.92262
2023-04-05 16:00:00,8.398,8.487,8.341,8.471,28415.9,238660.84749
2023-04-05 20:00:00,8.471,8.773,8.446,8.728,114217.6,985409.14863
2023-04-06 00:00:00,8.728,8.785,8.4893,8.635,108237.4,936663.90312
2023-04-06 04:00:00,8.635,8.641,8.464,8.481,54144.8,461637.10114
2023-04-06 08:00:00,8.481,8.5395,8.366,8.464,83200.1,702181.84536
2023-04-06 12:00:00,8.464,8.5537,8.3737,8.537,48850.2,413670.84155
2023-04-06 16:00:00,8.537,8.576,8.4735,8.503,28951.8,247190.40208
2023-04-06 20:00:00,8.503,8.566,8.4419,8.538,27330.0,232053.17522
2023-04-07 00:00:00,8.538,8.772,8.475,8.529,96295.7,829095.51126
2023-04-07 04:00:00,8.529,8.903,8.4664,8.474,238376.9,2074136.28199
2023-04-07 08:00:00,8.474,8.614,8.4325,8.536,137591.2,1176388.63392
2023-04-07 12:00:00,8.536,8.9021,8.495,8.861,341793.2,3004146.11539
2023-04-07 16:00:00,8.861,8.895,8.7009,8.7071,105283.4,925069.54666
2023-04-07 20:00:00,8.7071,8.8278,8.604,8.788,116346.2,1012931.94566
2023-04-08 00:00:00,8.788,8.8032,8.5857,8.665,87103.3,755351.76657
2023-04-08 04:00:00,8.665,8.701,8.604,8.665,49702.2,430072.68251
2023-04-08 08:00:00,8.665,8.696,8.6077,8.633,32417.7,280207.3253
2023-04-08 12:00:00,8.633,8.647,8.5918,8.608,43728.8,376813.53536
2023-04-08 16:00:00,8.608,8.625,8.471,8.4956,97780.1,834882.07794
2023-04-08 20:00:00,8.4956,8.524,8.411,8.502,65371.7,553782.62965
2023-04-09 00:00:00,8.502,8.5702,8.467,8.468,62627.8,534561.84349
2023-04-09 04:00:00,8.468,8.496,8.314,8.358,142900.1,1199534.62094
2023-04-09 08:00:00,8.358,8.4255,8.3332,8.402,68138.0,571447.37615
2023-04-09 12:00:00,8.402,8.4351,8.327,8.389,109703.9,920257.99787
2023-04-09 16:00:00,8.389,8.495,8.3559,8.4664,36131.0,303811.88211
2023-04-09 20:00:00,8.4664,8.5155,8.4285,8.462,29606.5,251068.36051
2023-04-10 00:00:00,8.462,8.5058,8.3512,8.436,24998.0,210599.10181
2023-04-10 04:00:00,8.436,8.446,8.352,8.39,83926.0,703395.07419
2023-04-10 08:00:00,8.39,8.4594,8.369,8.4158,38468.8,323500.70812
2023-04-10 12:00:00,8.4158,8.451,8.355,8.418,48601.0,408688.25876
2023-04-10 16:00:00,8.418,8.561,8.3857,8.54,84661.3,718707.17999
2023-04-10 20:00:00,8.54,8.6775,8.502,8.6532,85504.8,735617.12619
2023-04-11 00:00:00,8.6532,8.677,8.5745,8.588,70872.2,611229.08857
2023-04-11 04:00:00,8.588,8.6938,8.579,8.685,71649.2,619970.19949
2023-04-11 08:00:00,8.685,8.6972,8.6101,8.6346,40538.5,350634.69623
2023-04-11 12:00:00,8.6346,8.7952,8.586,8.748,113409.1,982581.0051
2023-04-11 16:00:00,8.748,8.817,8.665,8.689,59560.5,521052.97694
2023-04-11 20:00:00,8.689,8.708,8.6335,8.676,37171.1,322590.32457
2023-04-12 00:00:00,8.676,8.725,8.24,8.316,213191.8,1795829.70116
2023-04-12 04:00:00,8.316,8.45,8.303,8.411,39535.2,331339.44149
2023-04-12 08:00:00,8.411,8.424,8.3474,8.3972,32142.8,269811.84292
2023-04-12 12:00:00,8.3972,8.5987,8.365,8.513,124570.1,1056462.71947
2023-04-12 16:00:00,8.513,8.6154,8.4436,8.5247,82645.5,704427.69485
2023-04-12 20:00:00,8.5247,8.6377,8.516,8.601,32613.2,279497.35901
2023-04-13 00:00:00,8.601,8.626,8.5003,8.5692,26461.2,226279.21431
2023-04-13 04:00:00,8.5692,8.5692,8.479,8.546,23309.1,198608.58299
2023-04-13 08:00:00,8.546,8.7372,8.532,8.669,76493.2,662854.42287
2023-04-13 12:00:00,8.669,8.7634,8.662,8.71,69725.5,607030.7046
2023-04-13 16:00:00,8.71,8.8177,8.6974,8.78,43507.6,381610.83793
2023-04-13 20:00:00,8.78,8.8052,8.7245,8.788,40386.3,354106.01258
2023-04-14 00:00:00,8.788,9.235,8.786,9.045,367425.0,3328271.57026
2023-04-14 04:00:00,9.045,9.1074,8.953,8.99,101210.9,915402.82773
2023-04-14 08:00:00,8.99,9.0789,8.956,9.068,104626.4,946225.50298
2023-04-14 12:00:00,9.068,9.092,8.7882,8.817,184318.3,1648090.07134
2023-04-14 16:00:00,8.817,9.057,8.759,9.057,57809.8,513262.80072
2023-04-14 20:00:00,9.057,9.0875,9.004,9.028,47961.1,433477.84069
2023-04-15 00:00:00,9.028,9.1619,8.956,9.002,314348.4,2846894.24785
2023-04-15 04:00:00,9.002,9.0672,8.96,9.0322,40850.2,368535.51036
2023-04-15 08:00:00,9.0322,9.1023,8.9862,9.083,84557.2,765467.1905
2023-04-15 12:00:00,9.083,9.093,8.979,9.0677,72266.4,653091.35314
2023-04-15 16:00:00,9.0677,9.11,8.99,9.046,144374.5,1308100.55491
2023-04-15 20:00:00,9.046,9.064,8.96,9.015,54476.9,490735.78064
2023-04-16 00:00:00,9.015,9.0292,8.8275,8.927,93203.8,832802.33385
2023-04-16 04:00:00,8.927,9.187,8.9147,9.153,126841.3,1150262.57237
2023-04-16 08:00:00,9.153,9.2723,9.1208,9.18,218557.4,2007070.35309
2023-04-16 12:00:00,9.18,9.273,9.0893,9.232,173118.0,1592576.57476
2023-04-16 16:00:00,9.232,9.3431,9.165,9.18,144114.1,1336727.87455
2023-04-16 20:00:00,9.18,9.309,9.12,9.251,66158.0,610795.67783
2023-04-17 00:00:00,9.251,9.2848,8.9742,9.147,145187.5,1318871.81071
2023-04-17 04:00:00,9.147,9.252,9.052,9.149,112673.9,1028844.09369
2023-04-17 08:00:00,9.149,9.3061,9.077,9.191,199408.0,1829356.79622
2023-04-17 12:00:00,9.191,9.2432,9.01,9.055,143871.8,1314891.93615
2023-04-17 16:00:00,9.055,9.1964,9.03,9.151,54149.9,493164.63129
2023-04-17 20:00:00,9.151,9.389,9.0761,9.356,106820.2,989274.37773
2023-04-18 00:00:00,9.356,9.5857,9.1874,9.277,334120.8,3142097.87129
2023-04-18 04:00:00,9.277,9.396,9.225,9.3482,138707.4,1295305.86316
2023-04-18 08:00:00,9.3482,9.555,9.339,9.534,151056.0,1429714.23245
2023-04-18 12:00:00,9.534,9.588,9.3401,9.382,181446.5,1716157.63058
2023-04-18 16:00:00,9.382,9.42,9.2536,9.305,69306.0,647723.14278
2023-04-18 20:00:00,9.305,9.399,9.2702,9.389,104036.2,971665.04411
2023-04-19 00:00:00,9.389,9.404,9.27,9.311,58678.8,546350.03792
2023-04-19 04:00:00,9.311,9.3459,9.21,9.243,215197.9,1991215.07357
2023-04-19 08:00:00,9.243,9.243,8.25,8.669,553470.4,4837159.79203
2023-04-19 12:00:00,8.669,8.729,8.5773,8.614,243456.7,2103077.7885
2023-04-19 16:00:00,8.614,8.6381,8.503,8.56,68549.0,588191.29589
2023-04-19 20:00:00,8.56,8.612,8.223,8.429,179769.8,1512145.96943
2023-04-20 00:00:00,8.429,8.509,8.2655,8.416,48474.7,406275.07774
2023-04-20 04:00:00,8.416,8.4873,8.389,8.398,62298.9,525465.78052
2023-04-20 08:00:00,8.398,8.5012,8.3273,8.358,76123.4,641796.4861
2023-04-20 12:00:00,8.358,8.5127,8.251,8.2628,90309.1,759813.52542
2023-04-20 16:00:00,8.2628,8.309,8.074,8.143,128366.9,1047500.41112
2023-04-20 20:00:00,8.143,8.222,8.121,8.197,31922.0,260762.9479
2023-04-21 00:00:00,8.197,8.298,8.134,8.2305,41249.0,338884.38052
2023-04-21 04:00:00,8.2305,8.261,8.077,8.2114,68428.1,558593.09855
2023-04-21 08:00:00,8.2114,8.255,8.13,8.167,46570.7,381022.23716
2023-04-21 12:00:00,8.167,8.281,8.094,8.161,107198.1,881338.76901
2023-04-21 16:00:00,8.161,8.1827,7.8455,7.873,186246.2,1491543.4373
2023-04-21 20:00:00,7.873,7.929,7.7666,7.907,62830.2,492600.3992
2023-04-22 00:00:00,7.907,7.938,7.804,7.89,29447.0,231418.93628
2023-04-22 04:00:00,7.89,7.9557,7.87,7.877,19788.1,156599.15919
2023-04-22 08:00:00,7.877,7.958,7.8623,7.933,109271.7,864019.45462
2023-04-22 12:00:00,7.933,8.041,7.911,8.018,46048.7,366357.16354
2023-04-22 16:00:00,8.018,8.069,7.9613,8.001,27151.1,217525.62545
2023-04-22 20:00:00,8.001,8.073,7.982,8.073,28271.6,227218.75261
2023-04-23 00:00:00,8.073,8.073,7.8888,7.978,69480.5,553022.19295
2023-04-23 04:00:00,7.978,8.048,7.968,8.035,30585.7,244948.69407
2023-04-23 08:00:00,8.035,8.046,7.955,7.993,49320.9,394302.38507
2023-04-23 12:00:00,7.993,8.028,7.836,7.883,72777.7,576151.23169
2023-04-23 16:00:00,7.883,7.943,7.652,7.7639,87487.3,681584.30483
2023-04-23 20:00:00,7.7639,7.9373,7.7312,7.913,88075.7,693531.41126
2023-04-24 00:00:00,7.913,8.035,7.812,7.901,61443.0,487680.1679
2023-04-24 04:00:00,7.901,7.913,7.724,7.783,41124.7,322156.37782
2023-04-24 08:00:00,7.783,7.887,7.7047,7.885,118459.1,921135.12417
2023-04-24 12:00:00,7.885,7.97,7.772,7.784,48078.9,378557.59327
2023-04-24 16:00:00,7.784,7.925,7.653,7.842,199462.0,1561718.00161
2023-04-24 20:00:00,7.842,7.942,7.819,7.856,35562.1,280572.42472
2023-04-25 00:00:00,7.856,7.87,7.7001,7.721,32763.1,254990.69139
2023-04-25 04:00:00,7.721,7.772,7.6861,7.708,35076.3,271244.05636
2023-04-25 08:00:00,7.708,7.741,7.647,7.7329,83638.7,643408.5765
2023-04-25 12:00:00,7.7329,7.778,7.602,7.65,67325.9,517396.56055
2023-04-25 16:00:00,7.65,7.7991,7.629,7.781,48042.9,372340.80723
2023-04-25 20:00:00,7.781,8.0386,7.7702,8.004,68990.5,548187.38563
2023-04-26 00:00:00,8.004,8.055,7.946,7.9861,36594.1,292670.63209
2023-04-26 04:00:00,7.9861,8.052,7.947,7.972,42085.4,337130.73541
2023-04-26 08:00:00,7.972,8.162,7.9551,8.12,69478.1,560219.33882
2023-04-26 12:00:00,8.12,8.295,8.12,8.2218,90841.1,747684.2334
2023-04-26 16:00:00,8.2218,8.229,7.511,7.6302,138103.9,1081322.79892
2023-04-26 20:00:00,7.6302,7.809,7.417,7.798,99894.9,760842.1157
2023-04-27 00:00:00,7.798,8.028,7.76,7.833,73300.0,577987.7372
2023-04-27 04:00:00,7.833,7.9605,7.7791,7.857,80648.0,634338.35946
2023-04-27 08:00:00,7.857,7.879,7.7834,7.809,22368.2,175024.72257
2023-04-27 12:00:00,7.809,7.9401,7.753,7.894,31012.8,243023.34305
2023-04-27 16:00:00,7.894,8.0414,7.8631,7.9938,31317.8,248658.24571
2023-04-27 20:00:00,7.9938,8.025,7.8342,7.939,38230.5,302869.08934
2023-04-28 00:00:00,7.939,8.026,7.9024,7.951,75731.5,603944.70545
2023-04-28 04:00:00,7.951,7.976,7.887,7.959,52415.9,415307.63844
2023-04-28 08:00:00,7.959,7.961,7.8506,7.882,45557.6,360052.79045
2023-04-28 12:00:00,7.882,7.946,7.746,7.874,62814.3,492661.77305
2023-04-28 16:00:00,7.874,7.992,7.8611,7.954,49650.4,393648.69675
2023-04-28 20:00:00,7.954,7.9837,7.9275,7.968,18953.1,150923.64312
2023-04-29 00:00:00,7.968,8.0126,7.921,7.986,33053.2,263870.91671
2023-04-29 04:00:00,7.986,8.03,7.9473,7.962,26995.0,215641.68331
2023-04-29 08:00:00,7.962,8.0221,7.946,8.017,22413.9,178897.47165
2023-04-29 12:00:00,8.017,8.0648,7.984,8.0,43741.3,351094.04018
2023-04-29 16:00:00,8.0,8.03,7.8663,8.0273,47251.2,376033.37203
2023-04-29 20:00:00,8.0273,8.0338,7.961,7.994,12419.8,99254.68169
2023-04-30 00:00:00,7.994,8.0091,7.8783,7.894,40260.0,319248.76693
2023-04-30 04:00:00,7.894,7.9649,7.889,7.919,13068.7,103627.45349
2023-04-30 08:00:00,7.919,7.954,7.8705,7.885,33689.6,266420.92534
2023-04-30 12:00:00,7.885,8.0508,7.8507,7.98,40543.9,321844.7185
2023-04-30 16:00:00,7.98,8.107,7.93,7.986,78237.3,627835.82658
2023-04-30 20:00:00,7.986,7.986,7.857,7.885,38336.8,303793.40551
2023-05-01 00:00:00,7.885,7.9306,7.6095,7.721,87035.1,675909.86338
2023-05-01 04:00:00,7.721,7.7561,7.6467,7.73,51753.1,399010.20848
2023-05-01 08:00:00,7.73,7.7579,7.6732,7.683,27808.4,214797.50046
2023-05-01 12:00:00,7.683,7.72,7.578,7.618,47964.5,366835.10535
2023-05-01 16:00:00,7.618,7.6368,7.464,7.515,67330.8,509419.34817
2023-05-01 20:00:00,7.515,7.608,7.476,7.591,35407.9,267924.73797
2023-05-02 00:00:00,7.591,7.591,7.526,7.582,34823.5,263079.10271
2023-05-02 04:00:00,7.582,7.626,7.537,7.594,45589.9,345923.95362
2023-05-02 08:00:00,7.594,7.6159,7.549,7.597,35094.4,265799.55321
2023-05-02 12:00:00,7.597,7.653,7.5061,7.611,44937.1,340510.95292
2023-05-02 16:00:00,7.611,7.6579,7.5761,7.608,21482.0,163660.5798
2023-05-02 20:00:00,7.608,7.6337,7.5951,7.604,14261.4,108531.24393
2023-05-03 00:00:00,7.604,7.6099,7.481,7.5172,36863.0,277674.62758
2023-05-03 04:00:00,7.5172,7.532,7.478,7.492,39731.4,297887.1235
2023-05-03 08:00:00,7.492,7.5289,7.456,7.466,37322.5,279575.25107
2023-05-03 12:00:00,7.466,7.471,7.369,7.43,67693.0,502301.66236
2023-05-03 16:00:00,7.43,7.5831,7.377,7.493,41840.1,312627.274
2023-05-03 20:00:00,7.493,7.766,7.484,7.71,44202.6,338609.24426
2023-05-04 00:00:00,7.71,7.727,7.599,7.638,21547.2,165016.02866
2023-05-04 04:00:00,7.638,7.666,7.617,7.619,19343.8,147910.4404
2023-05-04 08:00:00,7.619,7.6649,7.5949,7.624,19313.7,147176.99506
2023-05-04 12:00:00,7.624,7.643,7.521,7.556,35820.8,270988.98704
2023-05-04 16:00:00,7.556,7.587,7.489,7.5353,14359.6,108346.62868
2023-05-04 20:00:00,7.5353,7.5671,7.52,7.56,9295.6,70100.80628
2023-05-05 00:00:00,7.56,7.674,7.536,7.6161,26452.8,201529.81392
2023-05-05 04:00:00,7.6161,7.6409,7.5855,7.5951,14467.0,110177.65381
2023-05-05 08:00:00,7.5951,7.6308,7.577,7.611,9436.6,71692.80181
2023-05-05 12:00:00,7.611,7.724,7.467,7.711,110682.9,843649.85953
2023-05-05 16:00:00,7.711,7.801,7.666,7.726,80326.1,621956.52653
2023-05-05 20:00:00,7.726,7.7439,7.693,7.7065,19187.1,148117.06942
2023-05-06 00:00:00,7.7065,7.752,7.604,7.612,32580.3,249528.77919
2023-05-06 04:00:00,7.612,7.634,7.558,7.575,19282.7,146556.90842
2023-05-06 08:00:00,7.575,7.575,7.492,7.52,22097.4,166326.50945
2023-05-06 12:00:00,7.52,7.5249,7.2378,7.312,101690.5,751025.41534
2023-05-06 16:00:00,7.312,7.3989,7.297,7.388,25976.2,190573.12331
2023-05-06 20:00:00,7.388,7.4,7.311,7.378,19332.4,142201.75362
2023-05-07 00:00:00,7.378,7.4117,7.303,7.32,24284.7,178678.69375
2023-05-07 04:00:00,7.32,7.4218,7.319,7.399,9940.1,73439.51571
2023-05-07 08:00:00,7.399,7.4229,7.334,7.354,29935.9,220313.55034
2023-05-07 12:00:00,7.354,7.4379,7.35,7.38,44382.2,328505.20481
2023-05-07 16:00:00,7.38,7.3893,7.28,7.304,22562.2,165641.2319
2023-05-07 20:00:00,7.304,7.3637,7.218,7.256,30497.3,222154.52096
2023-05-08 00:00:00,7.256,7.302,6.851,6.9748,187246.4,1314321.53769
2023-05-08 04:00:00,6.9748,6.987,6.774,6.8613,66668.0,460099.26358
2023-05-08 08:00:00,6.8613,6.9758,6.81,6.96,37534.8,258826.26663
2023-05-08 12:00:00,6.96,6.975,6.8858,6.924,17617.2,122226.8586
2023-05-08 16:00:00,6.924,6.935,6.479,6.705,107928.4,718786.38081
2023-05-08 20:00:00,6.705,6.822,6.697,6.8044,18189.0,123280.09389
2023-05-09 00:00:00,6.8044,6.8151,6.734,6.786,7366.9,49930.34075
2023-05-09 04:00:00,6.786,6.86,6.741,6.852,24738.4,168306.39796
2023-05-09 08:00:00,6.852,7.011,6.805,6.9381,44530.9,307862.4614
2023-05-09 12:00:00,6.9381,6.946,6.815,6.847,41185.2,282728.0271
2023-05-09 16:00:00,6.847,6.959,6.824,6.917,38751.6,268115.07842
2023-05-09 20:00:00,6.917,6.943,6.872,6.914,14814.0,102271.29149
2023-05-10 00:00:00,6.914,6.942,6.849,6.8701,20767.8,143081.15086
2023-05-10 04:00:00,6.8701,6.926,6.8452,6.866,24301.8,167204.24362
2023-05-10 08:00:00,6.866,6.876,6.798,6.838,37055.9,253212.4298
2023-05-10 12:00:00,6.838,7.0457,6.796,7.009,75106.5,521649.13912
2023-05-10 16:00:00,7.009,7.036,6.576,6.979,267824.1,1838122.16538
2023-05-10 20:00:00,6.979,7.067,6.919,6.955,63553.5,444096.19649
2023-05-11 00:00:00,6.955,6.9569,6.801,6.82,72292.5,497594.50961
2023-05-11 04:00:00,6.82,6.8589,6.772,6.813,68265.3,464992.18599
2023-05-11 08:00:00,6.813,6.8586,6.7345,6.806,35324.1,240576.33244
2023-05-11 12:00:00,6.806,6.874,6.6608,6.723,174480.5,1176839.56723
2023-05-11 16:00:00,6.723,6.7519,6.569,6.682,95745.3,638062.03239
2023-05-11 20:00:00,6.682,6.764,6.676,6.7129,31956.2,214686.81165
2023-05-12 00:00:00,6.7129,6.7839,6.593,6.6101,52909.0,354222.43
2023-05-12 04:00:00,6.6101,6.6889,6.553,6.6427,71992.2,475723.12757
2023-05-12 08:00:00,6.6427,6.705,6.6247,6.655,39433.7,262946.7656
2023-05-12 12:00:00,6.655,6.704,6.579,6.585,28974.8,192554.06766
2023-05-12 16:00:00,6.585,6.67,6.47,6.662,47248.9,310086.50422
2023-05-12 20:00:00,6.662,6.8006,6.634,6.77,28540.5,192089.1648
2023-05-13 00:00:00,6.77,6.794,6.7,6.74,25470.7,171508.50658
2023-05-13 04:00:00,6.74,6.798,6.7201,6.788,15158.0,102225.12754
2023-05-13 08:00:00,6.788,6.797,6.723,6.74,15191.4,102592.07944
2023-05-13 12:00:00,6.74,6.76,6.65,6.7128,18912.9,126874.31329
2023-05-13 16:00:00,6.7128,6.827,6.692,6.755,17099.8,115709.82483
2023-05-13 20:00:00,6.755,6.7948,6.7424,6.771,8944.3,60533.6929
2023-05-14 00:00:00,6.771,6.7729,6.674,6.728,18684.0,125364.41143
2023-05-14 04:00:00,6.728,6.7739,6.712,6.747,12229.5,82514.60514
2023-05-14 08:00:00,6.747,6.757,6.718,6.726,10665.8,71900.40259
2023-05-14 12:00:00,6.726,6.817,6.71,6.7928,31836.3,215363.04026
2023-05-14 16:00:00,6.7928,6.809,6.716,6.738,9052.6,61145.25753
2023-05-14 20:00:00,6.738,6.823,6.7174,6.805,19091.5,129241.81201
2023-05-15 00:00:00,6.805,6.859,6.69,6.818,56409.6,382714.66648
2023-05-15 04:00:00,6.818,6.883,6.7915,6.8829,49583.1,339694.11798
2023-05-15 08:00:00,6.8829,6.896,6.8211,6.8211,19428.0,133311.53526
2023-05-15 12:00:00,6.8211,6.854,6.772,6.84,21291.1,145318.36575
2023-05-15 16:00:00,6.84,6.862,6.791,6.82,15646.6,106855.93295
2023-05-15 20:00:00,6.82,6.8463,6.782,6.795,45965.1,313075.99303
2023-05-16 00:00:00,6.795,6.816,6.701,6.762,27982.2,189166.12952
2023-05-16 04:00:00,6.762,6.8202,6.728,6.8202,33598.9,227603.4946
2023-05-16 08:00:00,6.8202,6.845,6.7421,6.776,69029.8,469773.78709
2023-05-16 12:00:00,6.776,6.796,6.728,6.774,39016.8,264024.67312
2023-05-16 16:00:00,6.774,6.822,6.7351,6.7488,16421.7,111353.17999
2023-05-16 20:00:00,6.7488,6.826,6.732,6.82,18481.3,125248.17412
2023-05-17 00:00:00,6.82,7.0531,6.777,6.994,187387.3,1302611.66516
2023-05-17 04:00:00,6.994,7.036,6.907,6.926,147509.5,1027436.75335
2023-05-17 08:00:00,6.926,7.9855,6.8621,7.419,2736469.6,20739382.73567
2023-05-17 12:00:00,7.419,7.4615,7.1175,7.205,953015.8,6931772.24249
2023-05-17 16:00:00,7.205,7.38,7.1721,7.33,357006.0,2593432.06308
2023-05-17 20:00:00,7.33,7.38,7.2536,7.3198,114530.2,836841.77947
2023-05-18 00:00:00,7.3198,7.548,7.265,7.4226,358823.9,2657981.17876
2023-05-18 04:00:00,7.4226,7.447,7.2511,7.286,290575.3,2130000.9826
2023-05-18 08:00:00,7.286,7.295,7.1425,7.179,253033.9,1823674.25741
2023-05-18 12:00:00,7.179,7.2147,7.0707,7.113,200254.5,1429942.98277
2023-05-18 16:00:00,7.113,7.1665,6.888,6.9457,259258.1,1817300.61082
2023-05-18 20:00:00,6.9457,7.0625,6.935,7.018,87851.7,615966.30952
2023-05-19 00:00:00,7.018,7.108,6.9391,6.984,139723.9,980760.31619
2023-05-19 04:00:00,6.984,7.014,6.951,6.958,62550.6,436308.66844
2023-05-19 08:00:00,6.958,7.01,6.9551,6.983,65677.2,458522.8909
2023-05-19 12:00:00,6.983,7.026,6.89,6.9679,168103.0,1167762.36972
2023-05-19 16:00:00,6.9679,7.039,6.929,6.976,35364.8,247232.2462
2023-05-19 20:00:00,6.976,7.0209,6.9595,7.0021,25187.8,176065.10647
2023-05-20 00:00:00,7.0021,7.011,6.921,6.9963,65565.0,456654.44172
2023-05-20 04:00:00,6.9963,7.0039,6.951,6.9697,57382.1,400240.81077
2023-05-20 08:00:00,6.9697,7.0106,6.9593,6.9874,80089.8,560005.41147
2023-05-20 12:00:00,6.9874,7.008,6.979,6.992,23426.4,163768.27745
2023-05-20 16:00:00,6.992,7.0269,6.9554,7.003,41163.2,287880.85266
2023-05-20 20:00:00,7.003,7.0513,7.0,7.045,61652.2,434095.77931
2023-05-21 00:00:00,7.045,7.0513,6.961,6.997,81222.7,568889.15625
2023-05-21 04:00:00,6.997,7.0279,6.977,6.9909,38718.8,271110.86092
2023-05-21 08:00:00,6.9909,7.021,6.889,6.9037,95849.4,665745.82535
2023-05-21 12:00:00,6.9037,6.9522,6.741,6.824,105128.7,720863.77095
2023-05-21 16:00:00,6.824,6.8373,6.753,6.832,79565.9,541259.73775
2023-05-21 20:00:00,6.832,6.852,6.7658,6.809,34274.3,233745.74566
2023-05-22 00:00:00,6.809,6.925,6.659,6.829,161455.4,1096047.11412
2023-05-22 04:00:00,6.829,6.8638,6.761,6.805,47261.7,321432.04516
2023-05-22 08:00:00,6.805,6.9107,6.803,6.905,84995.2,584442.35488
2023-05-22 12:00:00,6.905,6.943,6.843,6.8898,92830.1,638149.9288
2023-05-22 16:00:00,6.8898,6.9201,6.84,6.888,22305.5,153502.12742
2023-05-22 20:00:00,6.888,6.925,6.864,6.884,23935.3,165273.18859
2023-05-23 00:00:00,6.884,7.034,6.812,7.021,86670.9,600024.53937
2023-05-23 04:00:00,7.021,7.0388,6.9125,6.93,68963.1,481121.49212
2023-05-23 08:00:00,6.93,6.941,6.8661,6.883,55615.6,383471.57084
2023-05-23 12:00:00,6.883,6.937,6.8646,6.929,39654.2,273536.72612
2023-05-23 16:00:00,6.929,6.9356,6.882,6.899,15919.7,109991.65649
2023-05-23 20:00:00,6.899,6.9381,6.8901,6.9128,34560.8,238737.92598
2023-05-24 00:00:00,6.9128,6.923,6.6881,6.7718,90736.9,616781.91695
2023-05-24 04:00:00,6.7718,6.7718,6.688,6.695,41855.5,281497.98391
2023-05-24 08:00:00,6.695,6.737,6.6711,6.698,36622.9,245542.44788
2023-05-24 12:00:00,6.698,6.7197,6.502,6.582,127799.1,841432.48156
2023-05-24 16:00:00,6.582,6.657,6.5612,6.623,29851.2,197387.74525
2023-05-24 20:00:00,6.623,6.697,6.619,6.642,24615.3,164042.13314
2023-05-25 00:00:00,6.642,7.15,6.4809,6.9802,424449.6,2951988.58038
2023-05-25 04:00:00,6.9802,7.052,6.797,6.921,653687.1,4530891.39349
2023-05-25 08:00:00,6.921,6.9508,6.836,6.931,203005.0,1396766.7035
2023-05-25 12:00:00,6.931,6.971,6.745,6.766,335286.2,2287741.31778
2023-05-25 16:00:00,6.766,6.922,6.766,6.89,74690.4,511951.79018
2023-05-25 20:00:00,6.89,6.948,6.88,6.8911,99569.2,688141.54856
2023-05-26 00:00:00,6.8911,6.915,6.7601,6.803,84183.2,573601.38054
2023-05-26 04:00:00,6.803,6.828,6.7165,6.8188,72864.9,492996.52183
2023-05-26 08:00:00,6.8188,6.849,6.787,6.794,30219.6,206047.24203
2023-05-26 12:00:00,6.794,6.901,6.7821,6.879,56736.3,388510.22875
2023-05-26 16:00:00,6.879,6.9123,6.816,6.866,35075.8,240749.69493
2023-05-26 20:00:00,6.866,6.9153,6.8491,6.852,26874.6,184897.59613
2023-05-27 00:00:00,6.852,6.9118,6.803,6.9031,52040.1,356416.04612
2023-05-27 04:00:00,6.9031,6.9138,6.844,6.8639,43556.8,299388.01689
2023-05-27 08:00:00,6.8639,6.907,6.838,6.84,31251.6,214784.17853
2023-05-27 12:00:00,6.84,6.884,6.7764,6.834,72557.3,496323.84515
2023-05-27 16:00:00,6.834,6.8758,6.792,6.874,33139.3,226216.94032
2023-05-27 20:00:00,6.874,7.022,6.8701,7.0,105391.1,732557.41313
2023-05-28 00:00:00,7.0,7.0645,6.9433,7.0432,65195.6,457148.47753
2023-05-28 04:00:00,7.0432,7.076,7.0111,7.043,45571.5,321201.05231
2023-05-28 08:00:00,7.043,7.183,6.982,7.073,163201.4,1155407.73551
2023-05-28 12:00:00,7.073,7.083,7.0059,7.051,117707.9,828918.12223
2023-05-28 16:00:00,7.051,7.136,7.028,7.082,60088.3,425786.8628
2023-05-28 20:00:00,7.082,7.235,7.0742,7.151,82516.7,591536.30211
2023-05-29 00:00:00,7.151,7.203,7.078,7.091,61211.6,436874.25792
2023-05-29 04:00:00,7.091,7.22,7.052,7.21,62918.1,448341.65078
2023-05-29 08:00:00,7.21,7.24,7.121,7.1631,170739.9,1225184.59206
2023-05-29 12:00:00,7.1631,7.19,7.072,7.09,223259.1,1594793.46313
2023-05-29 16:00:00,7.09,7.25,7.031,7.2006,87592.9,627148.55891
2023-05-29 20:00:00,7.2006,7.2478,7.159,7.165,43561.0,313733.97111
2023-05-30 00:00:00,7.165,7.189,7.0804,7.1368,70944.4,506063.59287
2023-05-30 04:00:00,7.1368,7.1507,7.026,7.029,73867.0,522643.98473
2023-05-30 08:00:00,7.029,7.1298,7.021,7.118,41541.2,294156.66035
2023-05-30 12:00:00,7.118,7.1389,7.004,7.031,88398.8,624507.59745
2023-05-30 16:00:00,7.031,7.087,6.996,7.071,35016.0,246459.63995
2023-05-30 20:00:00,7.071,7.0887,7.041,7.059,16261.2,114860.54933
2023-05-31 00:00:00,7.059,7.096,6.979,7.093,61450.1,432773.63172
2023-05-31 04:00:00,7.093,7.0957,6.8533,6.925,90551.5,628445.19826
2023-05-31 08:00:00,6.925,6.9309,6.8515,6.866,61621.9,424290.39829
2023-05-31 12:00:00,6.866,6.9159,6.812,6.8218,110952.3,759873.00183
2023-05-31 16:00:00,6.8218,6.895,6.804,6.869,32884.9,225041.09353
2023-05-31 20:00:00,6.869,6.889,6.8411,6.8519,12226.8,83865.48008
2023-06-01 00:00:00,6.8519,6.905,6.7413,6.842,67277.1,457001.01211
2023-06-01 04:00:00,6.842,6.8762,6.811,6.8199,34225.0,234126.88736
2023-06-01 08:00:00,6.8199,6.9528,6.796,6.9118,71837.1,494552.45381
2023-06-01 12:00:00,6.9118,7.0147,6.8894,6.9972,41690.3,290650.25909
2023-06-01 16:00:00,6.9972,7.033,6.935,6.988,44673.4,311867.50145
2023-06-01 20:00:00,6.988,7.0075,6.93,6.955,23936.0,166808.73711
2023-06-02 00:00:00,6.955,7.059,6.9119,6.992,51378.1,358802.32936
2023-06-02 04:00:00,6.992,7.0739,6.992,7.05,50014.4,352185.31028
2023-06-02 08:00:00,7.05,7.0896,7.043,7.083,25399.4,179534.27873
2023-06-02 12:00:00,7.083,7.093,6.977,7.048,74535.1,523950.80177
2023-06-02 16:00:00,7.048,7.1169,7.0121,7.097,29754.7,210092.58612
2023-06-02 20:00:00,7.097,7.1449,7.072,7.128,39453.4,280594.96737
2023-06-03 00:00:00,7.128,7.14,7.0735,7.1,31333.7,222540.59115
2023-06-03 04:00:00,7.1,7.2319,7.097,7.215,42541.4,305087.53273
2023-06-03 08:00:00,7.215,7.2298,7.144,7.149,39337.3,282913.183
2023-06-03 12:00:00,7.149,7.211,7.1286,7.206,20920.7,149819.8825
2023-06-03 16:00:00,7.206,7.221,7.108,7.123,35145.7,251444.96117
2023-06-03 20:00:00,7.123,7.1708,7.116,7.1497,12892.9,92170.72138
2023-06-04 00:00:00,7.1497,7.2823,7.133,7.1548,95765.2,689155.43459
2023-06-04 04:00:00,7.1548,7.1929,7.141,7.184,33247.3,238159.90092
2023-06-04 08:00:00,7.184,7.2387,7.1772,7.195,41370.5,298188.13273
2023-06-04 12:00:00,7.195,7.2158,7.1451,7.169,68976.7,495224.24684
2023-06-04 16:00:00,7.169,7.238,7.133,7.23,60196.1,433314.76124
2023-06-04 20:00:00,7.23,7.315,7.203,7.221,110730.0,803646.39391
2023-06-05 00:00:00,7.221,7.308,7.052,7.065,158456.3,1138501.15923
2023-06-05 04:00:00,7.065,7.395,7.028,7.334,316468.2,2282648.57429
2023-06-05 08:00:00,7.334,7.447,7.251,7.374,122971.6,904731.12975
2023-06-05 12:00:00,7.374,7.48,6.811,6.815,480485.2,3493557.32594
2023-06-05 16:00:00,6.815,6.8624,6.477,6.658,216554.5,1445961.05644
2023-06-05 20:00:00,6.658,6.668,6.528,6.567,31953.9,210677.77336
2023-06-06 00:00:00,6.567,6.696,6.494,6.63,40755.7,267944.70412
2023-06-06 04:00:00,6.63,6.6748,6.559,6.568,32833.1,217215.7673
2023-06-06 08:00:00,6.568,6.6625,6.559,6.592,14540.8,96144.6402
2023-06-06 12:00:00,6.592,6.684,6.401,6.615,115713.6,755932.3899
2023-06-06 16:00:00,6.615,6.79,6.5881,6.776,45108.0,302081.2559
2023-06-06 20:00:00,6.776,6.7988,6.6975,6.761,56691.7,382689.16917
2023-06-07 00:00:00,6.761,6.763,6.6051,6.6424,48693.2,325190.995
2023-06-07 04:00:00,6.6424,6.694,6.584,6.609,79424.9,527994.64935
2023-06-07 08:00:00,6.609,6.637,6.425,6.562,219960.0,1433506.02991
2023-06-07 12:00:00,6.562,6.565,6.317,6.343,161442.1,1038910.45827
2023-06-07 16:00:00,6.343,6.359,6.241,6.265,66745.9,419931.1831
2023-06-07 20:00:00,6.265,6.291,6.1369,6.267,71636.3,444709.37902
2023-06-08 00:00:00,6.267,6.295,6.126,6.158,92543.4,575637.6025
2023-06-08 04:00:00,6.158,6.223,6.111,6.167,113988.7,702901.00817
2023-06-08 08:00:00,6.167,6.2459,6.156,6.2268,58308.8,361304.83246
2023-06-08 12:00:00,6.2268,6.284,6.1962,6.253,78269.6,487700.84617
2023-06-08 16:00:00,6.253,6.266,6.153,6.23,35057.2,217451.02376
2023-06-08 20:00:00,6.23,6.267,6.2221,6.241,19860.8,124060.00794
2023-06-09 00:00:00,6.241,6.273,6.125,6.173,81928.5,505788.80309
2023-06-09 04:00:00,6.173,6.1945,6.1039,6.117,36610.9,225388.54028
2023-06-09 08:00:00,6.117,6.2301,6.067,6.2058,58028.5,357263.81872
2023-06-09 12:00:00,6.2058,6.303,6.182,6.194,79228.9,495011.94163
2023-06-09 16:00:00,6.194,6.2124,5.958,5.976,92686.2,561077.10147
2023-06-09 20:00:00,5.976,6.058,5.968,6.02,39861.8,240071.09914
2023-06-10 00:00:00,6.02,6.021,5.6645,5.705,199521.1,1156527.55576
2023-06-10 04:00:00,5.705,5.72,4.711,4.894,437996.5,2197847.60929
2023-06-10 08:00:00,4.894,4.976,4.8563,4.969,140016.9,687626.49811
2023-06-10 12:00:00,4.969,4.978,4.7846,4.8077,194835.4,944973.0981
2023-06-10 16:00:00,4.8077,5.021,4.7121,4.895,167568.3,810685.51964
2023-06-10 20:00:00,4.895,5.0082,4.865,4.974,34352.5,170399.97409
2023-06-11 00:00:00,4.974,5.028,4.937,4.988,58949.9,293118.06074
2023-06-11 04:00:00,4.988,5.0104,4.91,4.914,50340.1,250057.36849
2023-06-11 08:00:00,4.914,4.996,4.901,4.9678,121072.8,598895.87557
2023-06-11 12:00:00,4.9678,4.9783,4.8501,4.8533,82715.9,406872.90626
2023-06-11 16:00:00,4.8533,4.9997,4.838,4.9842,81407.8,402472.35367
2023-06-11 20:00:00,4.9842,5.042,4.91,4.949,98836.3,490488.27391
2023-06-12 00:00:00,4.949,4.9569,4.729,4.787,164632.2,793296.80251
2023-06-12 04:00:00,4.787,4.866,4.777,4.805,72767.8,351063.76487
2023-06-12 08:00:00,4.805,4.988,4.793,4.91,113115.7,555991.65876
2023-06-12 12:00:00,4.91,4.929,4.868,4.882,105982.3,518578.64281
2023-06-12 16:00:00,4.882,4.911,4.8121,4.867,68771.6,334007.02409
2023-06-12 20:00:00,4.867,4.964,4.856,4.91,47748.3,235223.58915
2023-06-13 00:00:00,4.91,5.018,4.871,4.996,140738.1,696342.65995
2023-06-13 04:00:00,4.996,5.1811,4.949,5.118,108568.4,550847.93239
2023-06-13 08:00:00,5.118,5.134,5.009,5.055,170191.3,863035.31136
2023-06-13 12:00:00,5.055,5.109,4.7975,4.8279,227367.6,1116980.55259
2023-06-13 16:00:00,4.8279,4.9069,4.819,4.859,69743.4,339035.50169
2023-06-13 20:00:00,4.859,4.9074,4.841,4.907,35053.0,170973.57509
2023-06-14 00:00:00,4.907,5.102,4.873,5.016,215059.8,1079194.40005
2023-06-14 04:00:00,5.016,5.0449,4.9261,4.9453,122838.3,611615.27585
2023-06-14 08:00:00,4.9453,5.014,4.933,4.9937,62272.4,310247.27864
2023-06-14 12:00:00,4.9937,5.0221,4.953,4.965,85717.9,427758.81477
2023-06-14 16:00:00,4.965,5.029,4.913,4.9511,84262.2,419276.20748
2023-06-14 20:00:00,4.9511,4.9619,4.596,4.702,241906.0,1142239.76102
2023-06-15 00:00:00,4.702,4.756,4.6732,4.732,105948.7,499439.82127
2023-06-15 04:00:00,4.732,4.735,4.651,4.707,142577.1,669587.62092
2023-06-15 08:00:00,4.707,4.725,4.651,4.716,143663.0,675970.21988
2023-06-15 12:00:00,4.716,4.7248,4.642,4.6541,105483.5,493632.3623
2023-06-15 16:00:00,4.6541,4.7899,4.595,4.7759,76990.2,359495.22169
2023-06-15 20:00:00,4.7759,4.8463,4.7251,4.7701,48817.7,233374.65059
2023-06-16 00:00:00,4.7701,4.78,4.7249,4.774,36755.2,174587.47165
2023-06-16 04:00:00,4.774,4.794,4.7502,4.768,76376.0,364452.19457
2023-06-16 08:00:00,4.768,4.8037,4.665,4.6854,94038.0,446822.3562
2023-06-16 12:00:00,4.6854,4.764,4.6289,4.7639,142817.4,671731.11952
2023-06-16 16:00:00,4.7639,4.873,4.733,4.8426,76699.9,368815.10981
2023-06-16 20:00:00,4.8426,4.8769,4.822,4.824,28399.2,137834.02149
2023-06-17 00:00:00,4.824,4.874,4.803,4.862,52339.3,253155.8702
2023-06-17 04:00:00,4.862,5.038,4.849,4.95,145623.7,720121.07648
2023-06-17 08:00:00,4.95,4.9818,4.923,4.937,115047.9,570434.65032
2023-06-17 12:00:00,4.937,4.9749,4.892,4.915,67453.9,332577.93535
2023-06-17 16:00:00,4.915,4.9497,4.888,4.9117,58013.0,285355.88479
2023-06-17 20:00:00,4.9117,4.948,4.8967,4.908,34917.0,171742.70694
2023-06-18 00:00:00,4.908,4.9148,4.854,4.9082,63644.1,310598.48652
2023-06-18 04:00:00,4.9082,4.9423,4.887,4.911,46332.6,228057.10011
2023-06-18 08:00:00,4.911,4.965,4.901,4.9601,67752.7,334159.43265
2023-06-18 12:00:00,4.9601,4.976,4.91,4.963,83508.3,412827.59185
2023-06-18 16:00:00,4.963,5.007,4.959,4.984,77203.5,384751.69659
2023-06-18 20:00:00,4.984,4.986,4.8285,4.844,129587.7,632852.24285
2023-06-19 00:00:00,4.844,4.876,4.8076,4.843,52714.2,255528.34456
2023-06-19 04:00:00,4.843,4.88,4.832,4.8639,46494.9,225733.75815
2023-06-19 08:00:00,4.8639,4.876,4.82,4.8558,96102.5,466364.85708
2023-06-19 12:00:00,4.8558,4.885,4.819,4.845,47067.2,228571.33844
2023-06-19 16:00:00,4.845,4.967,4.7784,4.943,71047.7,347126.33292
2023-06-19 20:00:00,4.943,4.996,4.934,4.9749,41305.7,205045.25622
2023-06-20 00:00:00,4.9749,5.0259,4.953,4.971,71010.4,354603.45487
2023-06-20 04:00:00,4.971,4.99,4.914,4.947,45831.6,226729.14665
2023-06-20 08:00:00,4.947,4.9949,4.925,4.98,61113.4,303084.03892
2023-06-20 12:00:00,4.98,4.993,4.8689,4.953,218687.1,1079397.29884
2023-06-20 16:00:00,4.953,5.189,4.937,5.182,213329.1,1087305.01543
2023-06-20 20:00:00,5.182,5.231,5.154,5.221,76358.6,396744.46962
2023-06-21 00:00:00,5.221,5.4489,5.1921,5.399,99746.8,533921.50288
2023-06-21 04:00:00,5.399,5.416,5.3431,5.38,76154.3,409730.80067
2023-06-21 08:00:00,5.38,5.405,5.3336,5.379,157335.3,845939.70198
2023-06-21 12:00:00,5.379,5.447,5.312,5.402,86018.7,463101.93365
2023-06-21 16:00:00,5.402,5.543,5.396,5.498,68945.2,377291.35011
2023-06-21 20:00:00,5.498,5.541,5.4418,5.487,44691.6,246131.45512
2023-06-22 00:00:00,5.487,5.6932,5.463,5.612,91073.2,508877.74304
2023-06-22 04:00:00,5.612,5.625,5.4836,5.5755,145528.6,808743.40976
2023-06-22 08:00:00,5.5755,5.617,5.321,5.426,134427.5,738694.15836
2023-06-22 12:00:00,5.426,5.5182,5.344,5.434,59940.1,325971.63058
2023-06-22 16:00:00,5.434,5.4776,5.385,5.439,30006.7,163109.52412
2023-06-22 20:00:00,5.439,5.445,5.3345,5.346,29176.2,156729.87599
2023-06-23 00:00:00,5.346,5.7929,5.3431,5.624,463959.8,2616640.07592
2023-06-23 04:00:00,5.624,5.671,5.515,5.541,304009.0,1699664.85689
2023-06-23 08:00:00,5.541,5.565,5.49,5.532,200284.7,1107038.31422
2023-06-23 12:00:00,5.532,5.6289,5.4077,5.615,170239.4,940321.86199
2023-06-23 16:00:00,5.615,5.7449,5.575,5.687,154490.5,875508.93634
2023-06-23 20:00:00,5.687,5.7363,5.5841,5.661,86197.0,486861.95937
2023-06-24 00:00:00,5.661,6.3043,5.615,6.136,1499910.4,9152784.08122
2023-06-24 04:00:00,6.136,6.174,6.0083,6.02,248226.6,1511861.76242
2023-06-24 08:00:00,6.02,6.0928,5.9689,5.997,242686.8,1460561.6629
2023-06-24 12:00:00,5.997,6.0475,5.715,5.764,431386.3,2545688.15719
2023-06-24 16:00:00,5.764,5.8819,5.7139,5.862,203159.2,1181126.43794
2023-06-24 20:00:00,5.862,5.903,5.773,5.892,108803.3,638007.36598
2023-06-25 00:00:00,5.892,6.249,5.888,5.9846,371187.0,2250064.70496
2023-06-25 04:00:00,5.9846,6.038,5.941,5.988,186531.6,1118564.94323
2023-06-25 08:00:00,5.988,6.047,5.9621,5.995,62532.4,374619.52843
2023-06-25 12:00:00,5.995,6.0169,5.8007,5.873,81299.1,480753.72622
2023-06-25 16:00:00,5.873,5.915,5.827,5.863,22705.3,133372.60722
2023-06-25 20:00:00,5.863,5.889,5.8242,5.861,24879.0,145856.90075
2023-06-26 00:00:00,5.861,5.8657,5.666,5.73,199427.4,1146642.4406
2023-06-26 04:00:00,5.73,5.811,5.686,5.719,71542.7,410049.29695
2023-06-26 08:00:00,5.719,5.747,5.664,5.7224,58824.5,335734.00455
2023-06-26 12:00:00,5.7224,5.828,5.705,5.772,87931.4,506942.69264
2023-06-26 16:00:00,5.772,5.777,5.5598,5.7092,85176.7,482669.16628
2023-06-26 20:00:00,5.7092,5.8057,5.6,5.7856,341890.8,1964010.98967
2023-06-27 00:00:00,5.7856,5.97,5.783,5.862,263862.6,1556752.17612
2023-06-27 04:00:00,5.862,5.8859,5.779,5.832,70076.8,408887.49305
2023-06-27 08:00:00,5.832,5.9631,5.788,5.903,231991.5,1360194.18919
2023-06-27 12:00:00,5.903,5.9249,5.806,5.819,78816.5,462363.5829
2023-06-27 16:00:00,5.819,5.907,5.806,5.885,52736.5,309973.19796
2023-06-27 20:00:00,5.885,5.939,5.869,5.897,41405.1,244042.3507
2023-06-28 00:00:00,5.897,5.909,5.734,5.789,136460.8,792760.94857
2023-06-28 04:00:00,5.789,5.79,5.6273,5.669,96304.4,549418.42548
2023-06-28 08:00:00,5.669,5.7356,5.65,5.709,37075.1,210985.91246
2023-06-28 12:00:00,5.709,5.7449,5.644,5.723,52058.1,296231.24794
2023-06-28 16:00:00,5.723,5.734,5.415,5.523,111539.2,618672.15003
2023-06-28 20:00:00,5.523,5.58,5.487,5.527,48180.5,266556.77703
2023-06-29 00:00:00,5.527,5.56,5.477,5.516,47765.6,263420.619
2023-06-29 04:00:00,5.516,5.569,5.5061,5.558,51332.6,284595.9519
2023-06-29 08:00:00,5.558,5.731,5.5452,5.731,56805.8,320049.09473
2023-06-29 12:00:00,5.731,5.753,5.608,5.638,91312.6,519417.28984
2023-06-29 16:00:00,5.638,5.6887,5.597,5.677,44093.0,249574.47272
2023-06-29 20:00:00,5.677,5.686,5.591,5.643,36395.9,205150.4015
2023-06-30 00:00:00,5.643,5.806,5.573,5.7899,106970.8,606975.42046
2023-06-30 04:00:00,5.7899,5.8767,5.714,5.7678,109908.2,636910.21276
2023-06-30 08:00:00,5.7678,5.94,5.757,5.929,182790.7,1069615.69462
2023-06-30 12:00:00,5.929,5.999,5.442,5.724,338144.0,1950093.66533
2023-06-30 16:00:00,5.724,5.963,5.694,5.91,83094.9,486122.72801
2023-06-30 20:00:00,5.91,5.963,5.859,5.951,72546.0,429993.7626
2023-07-01 00:00:00,5.951,6.291,5.951,6.0581,520165.5,3206942.1062
2023-07-01 04:00:00,6.0581,6.244,5.959,6.194,238850.2,1453821.16226
2023-07-01 08:00:00,6.194,6.4903,6.114,6.159,610595.6,3803676.30069
2023-07-01 12:00:00,6.159,6.489,6.148,6.4435,400017.0,2511630.6449
2023-07-01 16:00:00,6.4435,6.7147,6.31,6.37,633968.0,4118132.06717
2023-07-01 20:00:00,6.37,6.5499,6.345,6.494,269065.2,1739759.68822
2023-07-02 00:00:00,6.494,6.4959,6.2061,6.2404,320058.3,2025999.57931
2023-07-02 04:00:00,6.2404,6.32,6.213,6.292,213556.7,1338724.76274
2023-07-02 08:00:00,6.292,6.297,6.1824,6.274,135317.8,843300.3232
2023-07-02 12:00:00,6.274,6.31,6.104,6.223,173260.8,1074463.21289
2023-07-02 16:00:00,6.223,6.2778,6.1773,6.233,78358.8,488369.89159
2023-07-02 20:00:00,6.233,6.288,6.1764,6.279,101386.6,632228.58498
2023-07-03 00:00:00,6.279,6.317,6.1772,6.29,130979.2,820265.37208
2023-07-03 04:00:00,6.29,6.2993,6.183,6.237,60505.6,377393.63618
2023-07-03 08:00:00,6.237,6.4069,6.214,6.3178,162330.9,1026927.75276
2023-07-03 12:00:00,6.3178,6.327,6.221,6.287,138738.3,869080.77443
2023-07-03 16:00:00,6.287,6.4215,6.2123,6.356,84688.8,535623.80029
2023-07-03 20:00:00,6.356,6.367,6.2631,6.319,74002.2,466658.52549
2023-07-04 00:00:00,6.319,6.45,6.2731,6.414,204227.5,1304179.25221
2023-07-04 04:00:00,6.414,6.4209,6.248,6.2589,154724.2,978049.90399
2023-07-04 08:00:00,6.2589,6.279,6.2024,6.2689,79428.9,496050.31963
2023-07-04 12:00:00,6.2689,6.285,6.1536,6.209,116103.3,721568.17312
2023-07-04 16:00:00,6.209,6.251,6.081,6.1519,109032.9,672394.36596
2023-07-04 20:00:00,6.1519,6.206,6.135,6.15,42060.1,259594.10925
2023-07-05 00:00:00,6.15,6.21,6.121,6.2029,213932.3,1322113.06925
2023-07-05 04:00:00,6.2029,6.244,6.188,6.2369,34145.6,212218.1186
2023-07-05 08:00:00,6.2369,6.237,5.8998,5.993,219070.4,1329360.29144
2023-07-05 12:00:00,5.993,6.0234,5.856,5.925,241792.4,1441442.68715
2023-07-05 16:00:00,5.925,5.981,5.902,5.909,17534.1,104161.54288
2023-07-05 20:00:00,5.909,5.963,5.883,5.954,22777.8,135321.72628
2023-07-06 00:00:00,5.954,6.007,5.913,6.002,40588.6,241249.33194
2023-07-06 04:00:00,6.002,6.0919,5.956,6.065,56360.8,339426.13399
2023-07-06 08:00:00,6.065,6.178,5.9752,6.0219,155610.0,946336.84293
2023-07-06 12:00:00,6.0219,6.0716,5.7513,5.9545,453050.7,2683552.97493
2023-07-06 16:00:00,5.9545,5.958,5.806,5.851,155119.8,914244.90259
2023-07-06 20:00:00,5.851,5.8947,5.779,5.78,95932.6,560349.92889
2023-07-07 00:00:00,5.78,5.894,5.7178,5.8831,82639.8,479749.00404
2023-07-07 04:00:00,5.8831,5.9209,5.8339,5.877,43396.9,255067.34587
2023-07-07 08:00:00,5.877,5.958,5.852,5.913,29436.3,174243.98879
2023-07-07 12:00:00,5.913,6.013,5.88,5.9589,51517.2,306408.29588
2023-07-07 16:00:00,5.9589,5.9679,5.875,5.927,45348.8,268438.76215
2023-07-07 20:00:00,5.927,5.957,5.9101,5.952,38953.5,231234.35185
2023-07-08 00:00:00,5.952,5.97,5.9174,5.926,20491.9,121807.77117
2023-07-08 04:00:00,5.926,5.938,5.8382,5.883,82717.4,486478.72789
2023-07-08 08:00:00,5.883,5.921,5.861,5.892,30903.4,181873.2445
2023-07-08 12:00:00,5.892,5.892,5.8135,5.8242,104017.6,608699.3082
2023-07-08 16:00:00,5.8242,5.851,5.7674,5.783,49155.9,286147.94509
2023-07-08 20:00:00,5.783,5.857,5.6838,5.8559,222231.1,1277877.62982
2023-07-09 00:00:00,5.8559,5.927,5.8332,5.897,64653.6,380710.23075
2023-07-09 04:00:00,5.897,5.897,5.807,5.835,36085.2,211421.46493
2023-07-09 08:00:00,5.835,5.8729,5.8111,5.823,28899.8,168758.54598
2023-07-09 12:00:00,5.823,5.867,5.786,5.819,51171.2,298841.82774
2023-07-09 16:00:00,5.819,5.8309,5.786,5.788,17532.5,101886.76058
2023-07-09 20:00:00,5.788,5.825,5.764,5.7859,23953.2,138920.8817
2023-07-10 00:00:00,5.7859,5.8,5.619,5.7679,116906.7,668139.27621
2023-07-10 04:00:00,5.7679,5.7778,5.704,5.721,71102.2,407914.62801
2023-07-10 08:00:00,5.721,5.7576,5.6674,5.749,51449.1,294202.23059
2023-07-10 12:00:00,5.749,5.814,5.739,5.7982,136308.9,787946.97115
2023-07-10 16:00:00,5.7982,5.87,5.693,5.86,88093.2,507786.24819
2023-07-10 20:00:00,5.86,5.91,5.7371,5.7819,69989.7,406928.55815
2023-07-11 00:00:00,5.7819,5.833,5.743,5.82,68228.6,394904.71939
2023-07-11 04:00:00,5.82,5.9152,5.7974,5.866,95457.6,557852.39465
2023-07-11 08:00:00,5.866,5.8699,5.812,5.841,90450.3,528451.13618
2023-07-11 12:00:00,5.841,5.8519,5.7704,5.801,47145.9,274024.95738
2023-07-11 16:00:00,5.801,5.8271,5.7851,5.8235,24517.4,142446.78665
2023-07-11 20:00:00,5.8235,5.9356,5.815,5.917,92394.1,545181.22607
2023-07-12 00:00:00,5.917,5.9849,5.9014,5.946,52847.7,314474.70521
2023-07-12 04:00:00,5.946,5.996,5.934,5.979,59755.2,356669.80279
2023-07-12 08:00:00,5.979,5.984,5.946,5.959,83192.3,496022.2358
2023-07-12 12:00:00,5.959,6.041,5.926,5.976,168136.3,1007828.55217
2023-07-12 16:00:00,5.976,6.0323,5.866,5.888,600526.9,3584824.4045
2023-07-12 20:00:00,5.888,5.995,5.8716,5.989,62302.7,370126.96335
2023-07-13 00:00:00,5.989,6.0024,5.907,5.924,51153.3,304989.62946
2023-07-13 04:00:00,5.924,5.9965,5.897,5.97,30440.3,180977.27884
2023-07-13 08:00:00,5.97,6.17,5.961,6.164,89320.1,541505.94802
2023-07-13 12:00:00,6.164,6.3898,6.0814,6.322,181565.1,1122906.15199
2023-07-13 16:00:00,6.322,6.8169,6.322,6.652,395386.8,2601151.69928
2023-07-13 20:00:00,6.652,6.717,6.556,6.696,61072.2,405642.06421
2023-07-14 00:00:00,6.696,6.8843,6.591,6.618,245206.2,1647383.4301
2023-07-14 04:00:00,6.618,6.6539,6.538,6.563,110324.4,727415.2104
2023-07-14 08:00:00,6.563,6.634,6.509,6.602,89310.1,587763.81115
2023-07-14 12:00:00,6.602,6.7634,6.542,6.702,218419.1,1452085.30892
2023-07-14 16:00:00,6.702,6.758,6.1723,6.215,269290.8,1743256.20461
2023-07-14 20:00:00,6.215,6.3929,6.2042,6.383,508626.7,3176672.44955
2023-07-15 00:00:00,6.383,6.3864,6.234,6.268,47489.7,299280.55832
2023-07-15 04:00:00,6.268,6.443,6.257,6.428,37079.3,235184.36684
2023-07-15 08:00:00,6.428,6.4589,6.381,6.3979,35034.0,224455.09707
2023-07-15 12:00:00,6.3979,6.4228,6.332,6.354,59365.8,378095.3764
2023-07-15 16:00:00,6.354,6.3849,6.2802,6.356,26764.8,168984.6976
2023-07-15 20:00:00,6.356,6.358,6.281,6.325,14135.5,89191.68347
2023-07-16 00:00:00,6.325,6.35,6.143,6.217,48707.5,303854.29714
2023-07-16 04:00:00,6.217,6.2975,6.201,6.279,16853.8,105460.20132
2023-07-16 08:00:00,6.279,6.3243,6.253,6.282,20005.6,125816.4656
2023-07-16 12:00:00,6.282,6.3243,6.254,6.285,14195.9,89290.46468
2023-07-16 16:00:00,6.285,6.332,6.2221,6.229,48499.5,305083.08141
2023-07-16 20:00:00,6.229,6.2581,6.131,6.181,40340.4,249978.24668
2023-07-17 00:00:00,6.181,6.529,6.153,6.327,351210.7,2234451.59705
2023-07-17 04:00:00,6.327,6.447,6.3,6.3768,180996.8,1151238.55162
2023-07-17 08:00:00,6.3768,6.3789,6.15,6.2444,109535.8,687808.6063
2023-07-17 12:00:00,6.2444,6.391,6.208,6.2775,141131.2,888555.57302
2023-07-17 16:00:00,6.2775,6.303,6.147,6.254,85956.2,534456.45904
2023-07-17 20:00:00,6.254,6.353,6.222,6.333,52553.7,331560.72334
2023-07-18 00:00:00,6.333,6.49,6.33,6.373,186635.6,1194038.24705
2023-07-18 04:00:00,6.373,6.403,6.2391,6.3071,84234.8,533333.53792
2023-07-18 08:00:00,6.3071,6.35,6.1968,6.208,48913.7,306228.87894
2023-07-18 12:00:00,6.208,6.288,6.16,6.263,62490.1,388455.19245
2023-07-18 16:00:00,6.263,6.283,6.154,6.2192,57468.3,357548.22338
2023-07-18 20:00:00,6.2192,6.291,6.215,6.2854,36129.3,226336.98498
2023-07-19 00:00:00,6.2854,6.4228,6.257,6.377,110275.0,700494.6126
2023-07-19 04:00:00,6.377,6.4358,6.353,6.3979,60794.5,388522.92677
2023-07-19 08:00:00,6.3979,6.441,6.345,6.381,155615.3,993564.04405
2023-07-19 12:00:00,6.381,6.439,6.2939,6.36,159522.3,1014723.17182
2023-07-19 16:00:00,6.36,6.443,6.328,6.4091,21630.1,138543.21085
2023-07-19 20:00:00,6.4091,6.415,6.33,6.3789,26506.5,168976.57834
2023-07-20 00:00:00,6.3789,6.4329,6.345,6.368,57554.0,368242.59187
2023-07-20 04:00:00,6.368,6.4511,6.353,6.444,41374.1,265014.81206
2023-07-20 08:00:00,6.444,6.551,6.4341,6.5441,158563.3,1030570.96127
2023-07-20 12:00:00,6.5441,6.556,6.33,6.405,117530.3,758522.87717
2023-07-20 16:00:00,6.405,6.43,6.3301,6.4161,74169.6,472562.95028
2023-07-20 20:00:00,6.4161,6.473,6.3521,6.471,38163.4,245814.07396
2023-07-21 00:00:00,6.471,6.546,6.3896,6.5302,65542.6,425473.81465
2023-07-21 04:00:00,6.5302,6.5389,6.4261,6.428,54016.8,350357.44913
2023-07-21 08:00:00,6.428,6.495,6.3991,6.441,135720.2,875539.29843
2023-07-21 12:00:00,6.441,6.484,6.4171,6.43,20661.6,133330.4956
2023-07-21 16:00:00,6.43,6.4749,6.3619,6.3879,44612.0,286612.79233
2023-07-21 20:00:00,6.3879,6.4819,6.3641,6.478,25904.5,166434.9866
2023-07-22 00:00:00,6.478,6.518,6.458,6.498,55137.1,358080.6501
2023-07-22 04:00:00,6.498,6.534,6.4711,6.5038,41500.7,269636.9493
2023-07-22 08:00:00,6.5038,6.535,6.43,6.443,46287.4,300052.91261
2023-07-22 12:00:00,6.443,6.477,6.413,6.4501,36181.2,233087.872
2023-07-22 16:00:00,6.4501,6.499,6.402,6.44,26759.1,172560.68526
2023-07-22 20:00:00,6.44,6.4979,6.3034,6.369,65951.7,423161.21357
2023-07-23 00:00:00,6.369,6.3928,6.285,6.386,34282.6,217457.66337
2023-07-23 04:00:00,6.386,6.433,6.335,6.362,158816.3,1011223.74735
2023-07-23 08:00:00,6.362,6.4,6.3378,6.375,47216.0,300979.17417
2023-07-23 12:00:00,6.375,6.393,6.353,6.392,28605.6,182335.82638
2023-07-23 16:00:00,6.392,6.5209,6.388,6.4629,48052.3,310332.87102
2023-07-23 20:00:00,6.4629,6.522,6.412,6.477,56411.8,364579.78193
2023-07-24 00:00:00,6.477,6.571,6.4,6.4179,97230.6,628934.90881
2023-07-24 04:00:00,6.4179,6.4179,6.349,6.3858,84010.2,536145.8217
2023-07-24 08:00:00,6.3858,6.3868,6.0494,6.156,103869.9,643027.15731
2023-07-24 12:00:00,6.156,6.184,6.061,6.107,40623.0,249039.37763
2023-07-24 16:00:00,6.107,6.133,6.0723,6.113,22531.3,137536.55834
2023-07-24 20:00:00,6.113,6.1619,6.079,6.138,38730.0,237350.8459
2023-07-25 00:00:00,6.138,6.14,6.031,6.059,58678.3,355958.14412
2023-07-25 04:00:00,6.059,6.067,5.9772,5.998,71014.7,427996.27568
2023-07-25 08:00:00,5.998,6.0737,5.984,6.027,33176.8,199980.40042
2023-07-25 12:00:00,6.027,6.051,5.93,5.96,154688.0,924501.81166
2023-07-25 16:00:00,5.96,6.027,5.9463,5.9621,35651.1,213462.56583
2023-07-25 20:00:00,5.9621,6.026,5.9341,6.0222,29285.4,175510.64688
2023-07-26 00:00:00,6.0222,6.038,5.894,5.986,98133.6,584470.40359
2023-07-26 04:00:00,5.986,6.0129,5.94,5.953,33338.3,199277.80497
2023-07-26 08:00:00,5.953,5.9959,5.9133,5.935,109896.5,653608.89429
2023-07-26 12:00:00,5.935,6.034,5.931,6.027,55602.9,333644.66782
2023-07-26 16:00:00,6.027,6.082,5.936,6.066,55590.5,333950.12356
2023-07-26 20:00:00,6.066,6.131,6.0361,6.0668,55774.7,339235.34521
2023-07-27 00:00:00,6.0668,6.11,6.017,6.079,36156.5,218975.71803
2023-07-27 04:00:00,6.079,6.113,6.0482,6.077,11952.0,72616.31342
2023-07-27 08:00:00,6.077,6.1373,6.055,6.076,75394.9,458731.61197
2023-07-27 12:00:00,6.076,6.0883,5.989,6.035,116749.9,704449.74694
2023-07-27 16:00:00,6.035,6.07,5.96,6.0169,57567.4,346381.02689
2023-07-27 20:00:00,6.0169,6.0606,5.976,6.035,48775.1,294365.02221
2023-07-28 00:00:00,6.035,6.1059,6.0299,6.067,130811.8,794799.03977
2023-07-28 04:00:00,6.067,6.0728,5.9928,6.009,42412.4,255441.40749
2023-07-28 08:00:00,6.009,6.06,5.984,6.025,43479.7,261162.61617
2023-07-28 12:00:00,6.025,6.112,6.0217,6.082,40391.9,244982.68674
2023-07-28 16:00:00,6.082,6.094,6.031,6.09,21825.8,132272.94617
2023-07-28 20:00:00,6.09,6.121,6.0826,6.1048,28169.4,171860.53447
2023-07-29 00:00:00,6.1048,6.1149,6.0754,6.096,17654.3,107674.06107
2023-07-29 04:00:00,6.096,6.121,6.0802,6.0961,18740.3,114331.40347
2023-07-29 08:00:00,6.0961,6.14,6.073,6.081,29482.3,179873.43862
2023-07-29 12:00:00,6.081,6.13,6.077,6.1269,22994.3,140422.01131
2023-07-29 16:00:00,6.1269,6.3099,6.105,6.208,71350.1,444335.22117
2023-07-29 20:00:00,6.208,6.222,6.1666,6.2079,24661.3,152683.09808
2023-07-30 00:00:00,6.2079,6.392,6.206,6.296,190238.5,1200133.14802
2023-07-30 04:00:00,6.296,6.321,6.24,6.246,44512.6,279502.84272
2023-07-30 08:00:00,6.246,6.248,6.163,6.173,75320.0,467852.57435
2023-07-30 12:00:00,6.173,6.184,6.11,6.144,82197.3,505335.51442
2023-07-30 16:00:00,6.144,6.19,5.965,5.996,90630.1,553759.52006
2023-07-30 20:00:00,5.996,6.1024,5.845,6.0882,79254.2,473392.49548
2023-07-31 00:00:00,6.0882,6.163,6.0641,6.119,81674.5,499530.85006
2023-07-31 04:00:00,6.119,6.1261,6.0783,6.086,27740.1,169201.4494
2023-07-31 08:00:00,6.086,6.131,6.071,6.09,28780.3,175487.00961
2023-07-31 12:00:00,6.09,6.1071,6.0014,6.006,31529.2,191082.74047
2023-07-31 16:00:00,6.006,6.0347,5.926,5.955,22789.1,136483.48158
2023-07-31 20:00:00,5.955,6.018,5.914,5.996,23870.8,142717.46131
2023-08-01 00:00:00,5.996,6.2591,5.906,6.039,539288.1,3303088.08594
2023-08-01 04:00:00,6.039,6.052,5.837,5.866,276633.0,1636963.39338
2023-08-01 08:00:00,5.866,5.9859,5.851,5.9654,465196.5,2748801.84967
2023-08-01 12:00:00,5.9654,5.9869,5.8547,5.9481,439942.8,2607167.29448
2023-08-01 16:00:00,5.9481,6.0309,5.9071,6.0222,125507.4,748341.33258
2023-08-01 20:00:00,6.0222,6.083,5.9961,6.0784,77177.1,466530.51623
2023-08-02 00:00:00,6.0784,6.1248,6.025,6.0262,159715.6,968784.35769
2023-08-02 04:00:00,6.0262,6.0361,5.971,5.977,51298.4,308334.46899
2023-08-02 08:00:00,5.977,6.047,5.962,6.043,95643.5,575057.87285
2023-08-02 12:00:00,6.043,6.0462,5.9104,5.945,61322.7,365798.15414
2023-08-02 16:00:00,5.945,5.9681,5.8562,5.953,61548.7,363542.868
2023-08-02 20:00:00,5.953,5.956,5.902,5.912,21611.5,128042.26732
2023-08-03 00:00:00,5.912,5.95,5.884,5.9048,33583.0,198333.98296
2023-08-03 04:00:00,5.9048,5.9328,5.8277,5.842,40290.0,237085.78866
2023-08-03 08:00:00,5.842,5.8952,5.811,5.891,97404.1,571278.77475
2023-08-03 12:00:00,5.891,5.8988,5.847,5.851,67414.1,395571.02754
2023-08-03 16:00:00,5.851,5.885,5.805,5.82,36854.6,215073.67552
2023-08-03 20:00:00,5.82,5.8428,5.7431,5.781,64859.9,375373.83563
2023-08-04 00:00:00,5.781,5.81,5.7574,5.78,37120.6,214939.92746
2023-08-04 04:00:00,5.78,5.7919,5.72,5.75,161331.4,927759.03057
2023-08-04 08:00:00,5.75,5.77,5.734,5.746,58498.4,336298.87326
2023-08-04 12:00:00,5.746,5.794,5.709,5.785,74157.8,426501.41248
2023-08-04 16:00:00,5.785,5.8129,5.669,5.7155,54482.7,312944.94247
2023-08-04 20:00:00,5.7155,5.744,5.63,5.728,34228.6,194826.77242
2023-08-05 00:00:00,5.728,5.745,5.654,5.718,63826.2,363238.69745
2023-08-05 04:00:00,5.718,5.725,5.665,5.685,34479.6,196182.23805
2023-08-05 08:00:00,5.685,5.7419,5.6773,5.7169,80735.7,461342.21336
2023-08-05 12:00:00,5.7169,5.845,5.702,5.822,102055.5,588157.33552
2023-08-05 16:00:00,5.822,5.84,5.788,5.801,28174.0,163760.17701
2023-08-05 20:00:00,5.801,5.853,5.7796,5.843,31515.6,183205.30151
2023-08-06 00:00:00,5.843,5.964,5.815,5.862,96732.3,569046.5467
2023-08-06 04:00:00,5.862,5.939,5.8292,5.834,175844.2,1033106.2734
2023-08-06 08:00:00,5.834,5.896,5.8251,5.8648,306342.7,1795239.10049
2023-08-06 12:00:00,5.8648,5.876,5.7651,5.789,92543.3,537118.95292
2023-08-06 16:00:00,5.789,5.833,5.7702,5.792,25404.0,147594.20015
2023-08-06 20:00:00,5.792,5.857,5.7884,5.8,26400.6,153689.36319
2023-08-07 00:00:00,5.8,5.903,5.7761,5.886,44575.8,260799.45206
2023-08-07 04:00:00,5.886,5.9058,5.8081,5.839,48098.0,281775.53965
2023-08-07 08:00:00,5.839,5.874,5.8211,5.8539,29380.2,171760.20944
2023-08-07 12:00:00,5.8539,5.8539,5.688,5.697,93705.1,540029.78177
2023-08-07 16:00:00,5.697,5.7819,5.5651,5.758,100711.5,570031.57785
2023-08-07 20:00:00,5.758,5.795,5.7413,5.7878,19137.1,110522.69706
2023-08-08 00:00:00,5.7878,5.8193,5.7647,5.796,21901.0,126811.33285
2023-08-08 04:00:00,5.796,5.859,5.7824,5.856,60968.2,355267.24125
2023-08-08 08:00:00,5.856,5.904,5.827,5.878,49508.1,290255.42068
2023-08-08 12:00:00,5.878,5.927,5.844,5.89,55407.8,326494.42195
2023-08-08 16:00:00,5.89,6.0306,5.879,5.981,134370.8,801602.31199
2023-08-08 20:00:00,5.981,6.021,5.936,5.9432,42922.1,256179.35549
2023-08-09 00:00:00,5.9432,5.968,5.883,5.893,43453.2,257566.10321
2023-08-09 04:00:00,5.893,5.9292,5.89,5.926,20849.8,123288.92607
2023-08-09 08:00:00,5.926,5.928,5.888,5.9041,21158.7,125017.19066
2023-08-09 12:00:00,5.9041,5.951,5.875,5.916,39306.8,232566.91239
2023-08-09 16:00:00,5.916,5.944,5.896,5.915,19676.0,116493.26994
2023-08-09 20:00:00,5.915,5.9499,5.869,5.938,34400.7,203287.44405
2023-08-10 00:00:00,5.938,5.974,5.922,5.9254,75114.7,445903.07167
2023-08-10 04:00:00,5.9254,5.9309,5.879,5.889,50321.8,297254.71464
2023-08-10 08:00:00,5.889,5.945,5.8861,5.921,62049.1,366820.55728
2023-08-10 12:00:00,5.921,5.991,5.91,5.922,51501.1,306258.71025
2023-08-10 16:00:00,5.922,5.9344,5.8875,5.923,14558.6,86065.79028
2023-08-10 20:00:00,5.923,5.9349,5.898,5.9269,16261.4,96219.61012
2023-08-11 00:00:00,5.9269,5.959,5.898,5.9253,27801.5,164962.00484
2023-08-11 04:00:00,5.9253,5.978,5.9253,5.958,53375.9,318091.77111
2023-08-11 08:00:00,5.958,6.015,5.9459,6.014,139649.1,833762.96408
2023-08-11 12:00:00,6.014,6.062,5.9395,5.9521,90346.8,542992.27135
2023-08-11 16:00:00,5.9521,5.967,5.92,5.942,62323.8,370110.23903
2023-08-11 20:00:00,5.942,5.983,5.9331,5.9819,26758.7,159553.42847
2023-08-12 00:00:00,5.9819,5.9846,5.9501,5.971,32300.7,192805.07235
2023-08-12 04:00:00,5.971,6.006,5.9642,5.999,32641.2,195191.94086
2023-08-12 08:00:00,5.999,6.078,5.989,6.059,65325.2,394402.27329
2023-08-12 12:00:00,6.059,6.137,6.056,6.124,62061.3,378818.27765
2023-08-12 16:00:00,6.124,6.126,6.0429,6.045,55660.0,338271.99423
2023-08-12 20:00:00,6.045,6.071,6.027,6.049,27194.2,164440.50424
2023-08-13 00:00:00,6.049,6.0537,5.96,5.966,126214.5,756214.78967
2023-08-13 04:00:00,5.966,5.973,5.9386,5.955,32059.7,191003.86778
2023-08-13 08:00:00,5.955,5.9669,5.925,5.941,49570.5,294648.99882
2023-08-13 12:00:00,5.941,5.9649,5.8991,5.9008,36055.4,214004.60753
2023-08-13 16:00:00,5.9008,5.9403,5.885,5.9329,55682.9,328594.18802
2023-08-13 20:00:00,5.9329,5.936,5.827,5.862,44647.9,262430.20726
2023-08-14 00:00:00,5.862,5.9239,5.8357,5.904,53875.6,316576.72406
2023-08-14 04:00:00,5.904,5.924,5.892,5.895,29726.1,175643.28974
2023-08-14 08:00:00,5.895,5.908,5.869,5.8829,24259.1,142923.89654
2023-08-14 12:00:00,5.8829,5.9119,5.8483,5.8861,25124.9,147909.47105
2023-08-14 16:00:00,5.8861,5.897,5.8108,5.832,48775.1,285366.88333
2023-08-14 20:00:00,5.832,5.8516,5.82,5.84,33829.8,197493.20945
2023-08-15 00:00:00,5.84,5.8403,5.7781,5.788,42670.8,247754.55779
2023-08-15 04:00:00,5.788,5.794,5.7577,5.774,36813.5,212523.29324
2023-08-15 08:00:00,5.774,5.79,5.7501,5.751,71525.2,413252.41438
2023-08-15 12:00:00,5.751,5.827,5.737,5.758,46709.2,270096.79551
2023-08-15 16:00:00,5.758,5.812,5.35,5.517,244798.4,1382698.54148
2023-08-15 20:00:00,5.517,5.5859,5.492,5.568,40043.2,221952.54009
2023-08-16 00:00:00,5.568,5.582,5.512,5.52,148568.7,824472.47367
2023-08-16 04:00:00,5.52,5.5346,5.3961,5.404,51199.6,279374.89979
2023-08-16 08:00:00,5.404,5.427,5.345,5.406,109133.4,588876.3639
2023-08-16 12:00:00,5.406,5.412,5.3141,5.358,76014.8,407577.30256
2023-08-16 16:00:00,5.358,5.441,5.3322,5.379,32187.2,174257.39374
2023-08-16 20:00:00,5.379,5.3889,5.132,5.261,103817.0,542489.82122
2023-08-17 00:00:00,5.261,5.3533,5.1441,5.33,67787.8,360007.13611
2023-08-17 04:00:00,5.33,5.3792,5.3243,5.355,40831.8,218338.90864
2023-08-17 08:00:00,5.355,5.376,5.318,5.329,23842.0,127348.39252
2023-08-17 12:00:00,5.329,5.362,5.165,5.183,45331.2,237804.96155
2023-08-17 16:00:00,5.183,5.321,5.133,5.282,81798.4,429642.02949
2023-08-17 20:00:00,5.282,5.2908,4.378,4.828,281416.7,1343695.45852
2023-08-18 00:00:00,4.828,4.947,4.769,4.8116,63908.4,311116.14111
2023-08-18 04:00:00,4.8116,4.884,4.7727,4.865,51997.3,251837.88693
2023-08-18 08:00:00,4.865,4.918,4.8313,4.912,25694.4,125119.13652
2023-08-18 12:00:00,4.912,4.912,4.824,4.8319,43123.0,209669.83878
2023-08-18 16:00:00,4.8319,4.91,4.7668,4.849,26557.3,128564.18639
2023-08-18 20:00:00,4.849,4.882,4.8362,4.87,13422.3,65231.08349
2023-08-19 00:00:00,4.87,4.9139,4.8446,4.869,30408.0,148276.41413
2023-08-19 04:00:00,4.869,4.896,4.8502,4.8811,36274.9,176676.50145
2023-08-19 08:00:00,4.8811,4.918,4.87,4.8817,20172.0,98752.08714
2023-08-19 12:00:00,4.8817,4.946,4.881,4.946,29685.7,145822.37084
2023-08-19 16:00:00,4.946,4.975,4.927,4.942,31750.1,157103.54894
2023-08-19 20:00:00,4.942,4.9517,4.9001,4.948,16701.2,82201.04337
2023-08-20 00:00:00,4.948,4.9675,4.914,4.9391,30609.4,151339.69295
2023-08-20 04:00:00,4.9391,4.947,4.8971,4.9121,25485.1,125451.60247
2023-08-20 08:00:00,4.9121,4.9851,4.9001,4.97,21071.2,104300.70389
2023-08-20 12:00:00,4.97,4.974,4.88,4.8989,37850.7,186650.85542
2023-08-20 16:00:00,4.8989,4.945,4.8901,4.935,37212.7,182978.69158
2023-08-20 20:00:00,4.935,4.9719,4.9203,4.9389,24245.8,119785.34092
2023-08-21 00:00:00,4.9389,4.954,4.907,4.92,24911.9,122642.07893
2023-08-21 04:00:00,4.92,4.984,4.8952,4.9,45110.4,222087.95788
2023-08-21 08:00:00,4.9,4.9314,4.8296,4.906,95385.7,465233.37839
2023-08-21 12:00:00,4.906,4.9364,4.75,4.8051,55497.3,269274.66343
2023-08-21 16:00:00,4.8051,4.918,4.7961,4.902,17918.0,86856.65404
2023-08-21 20:00:00,4.902,4.93,4.888,4.896,18270.0,89722.71194
2023-08-22 00:00:00,4.896,4.9139,4.8673,4.8812,28598.3,139855.592
2023-08-22 04:00:00,4.8812,4.9267,4.859,4.924,27695.4,135214.37276
2023-08-22 08:00:00,4.924,4.9359,4.893,4.899,21517.2,105676.07522
2023-08-22 12:00:00,4.899,4.927,4.8261,4.845,42086.2,205276.14751
2023-08-22 16:00:00,4.845,4.8599,4.705,4.7831,56580.0,270070.31669
2023-08-22 20:00:00,4.7831,4.9019,4.696,4.9019,53896.9,258668.08781
2023-08-23 00:00:00,4.9019,4.93,4.87,4.8741,30020.1,146768.08892
2023-08-23 04:00:00,4.8741,4.945,4.8619,4.9092,71294.7,349519.49541
2023-08-23 08:00:00,4.9092,4.9178,4.868,4.88,13357.9,65329.46173
2023-08-23 12:00:00,4.88,4.934,4.8501,4.929,29199.3,142940.54083
2023-08-23 16:00:00,4.929,5.038,4.927,5.023,36678.2,182878.20578
2023-08-23 20:00:00,5.023,5.044,4.936,4.9765,61928.1,309148.5448
2023-08-24 00:00:00,4.9765,4.9969,4.9531,4.983,20797.0,103492.75054
2023-08-24 04:00:00,4.983,5.0004,4.9504,4.9591,19903.3,98879.48424
2023-08-24 08:00:00,4.9591,4.983,4.9314,4.939,69738.0,344916.99705
2023-08-24 12:00:00,4.939,4.947,4.8479,4.854,50771.2,248720.96349
2023-08-24 16:00:00,4.854,4.892,4.838,4.862,25118.2,122273.51281
2023-08-24 20:00:00,4.862,4.885,4.8031,4.875,29399.5,142376.85835
2023-08-25 00:00:00,4.875,4.8789,4.7534,4.801,14990.0,72351.53414
2023-08-25 04:00:00,4.801,4.815,4.7531,4.779,31947.2,152929.95313
2023-08-25 08:00:00,4.779,4.812,4.7763,4.804,32017.6,153450.00656
2023-08-25 12:00:00,4.804,4.874,4.768,4.806,188148.2,906794.13486
2023-08-25 16:00:00,4.806,4.86,4.774,4.835,56530.6,272702.52769
2023-08-25 20:00:00,4.835,4.859,4.8081,4.855,24093.5,116447.72125
2023-08-26 00:00:00,4.855,4.865,4.8211,4.859,11719.7,56794.24854
2023-08-26 04:00:00,4.859,4.861,4.823,4.843,23916.6,115790.40304
2023-08-26 08:00:00,4.843,4.8457,4.8157,4.825,18429.4,88947.08406
2023-08-26 12:00:00,4.825,4.8485,4.808,4.835,17086.1,82446.54077
2023-08-26 16:00:00,4.835,4.8432,4.8171,4.825,20418.0,98690.85593
2023-08-26 20:00:00,4.825,4.8498,4.8192,4.824,23124.6,111698.57664
2023-08-27 00:00:00,4.824,4.845,4.806,4.83,22033.3,106352.27542
2023-08-27 04:00:00,4.83,4.8569,4.83,4.844,24182.7,117230.33953
2023-08-27 08:00:00,4.844,4.881,4.836,4.87,40733.0,197920.13612
2023-08-27 12:00:00,4.87,4.9002,4.8526,4.874,70772.1,345664.17252
2023-08-27 16:00:00,4.874,4.8869,4.842,4.876,34391.9,167299.19057
2023-08-27 20:00:00,4.876,4.8869,4.8511,4.874,16758.0,81627.54723
2023-08-28 00:00:00,4.874,4.8839,4.777,4.793,38836.2,186922.63017
2023-08-28 04:00:00,4.793,4.7969,4.704,4.726,53206.0,252557.91599
2023-08-28 08:00:00,4.726,4.7648,4.676,4.761,32668.3,154526.0397
2023-08-28 12:00:00,4.761,4.8734,4.759,4.8408,76392.9,368861.42389
2023-08-28 16:00:00,4.8408,4.8588,4.796,4.8241,19605.8,94844.77231
2023-08-28 20:00:00,4.8241,4.856,4.8011,4.8431,27568.8,133125.45039
2023-08-29 00:00:00,4.8431,4.863,4.7743,4.786,28633.9,137785.82423
2023-08-29 04:00:00,4.786,4.798,4.7413,4.7414,24868.9,118683.22374
2023-08-29 08:00:00,4.7414,4.752,4.692,4.712,42779.2,201748.51837
2023-08-29 12:00:00,4.712,5.008,4.698,4.9333,163271.6,799829.68745
2023-08-29 16:00:00,4.9333,5.026,4.926,4.956,65317.4,326153.72878
2023-08-29 20:00:00,4.956,5.023,4.9376,4.9977,19987.9,99552.39762
2023-08-30 00:00:00,4.9977,5.0119,4.913,4.95,33828.4,167755.70295
2023-08-30 04:00:00,4.95,4.974,4.9355,4.964,15625.1,77386.50047
2023-08-30 08:00:00,4.964,4.9869,4.9261,4.9271,22964.5,113857.43882
2023-08-30 12:00:00,4.9271,4.949,4.8395,4.856,35905.9,175932.32965
2023-08-30 16:00:00,4.856,4.88,4.84,4.855,20777.6,101088.35207
2023-08-30 20:00:00,4.855,4.8754,4.8427,4.874,13264.1,64490.15566
2023-08-31 00:00:00,4.874,4.8839,4.826,4.835,10364.5,50151.87501
2023-08-31 04:00:00,4.835,4.8699,4.8348,4.866,11315.4,54980.40278
2023-08-31 08:00:00,4.866,4.901,4.8421,4.8735,58693.5,285341.60048
2023-08-31 12:00:00,4.8735,4.8738,4.737,4.766,42334.0,203852.10621
2023-08-31 16:00:00,4.766,4.778,4.567,4.6702,114001.2,530532.96889
2023-08-31 20:00:00,4.6702,4.6799,4.622,4.655,19336.3,90066.95711
2023-09-01 00:00:00,4.655,4.688,4.6372,4.6628,31637.9,147417.38068
2023-09-01 04:00:00,4.6628,4.6689,4.624,4.631,34635.5,161086.02037
2023-09-01 08:00:00,4.631,4.671,4.6252,4.668,23911.1,111226.45124
2023-09-01 12:00:00,4.668,4.6764,4.581,4.604,103930.2,480713.88794
2023-09-01 16:00:00,4.604,4.614,4.4791,4.516,299658.4,1349545.72233
2023-09-01 20:00:00,4.516,4.5693,4.452,4.4961,141647.3,639757.44714
2023-09-02 00:00:00,4.4961,4.5192,4.4821,4.515,23883.9,107454.42889
2023-09-02 04:00:00,4.515,4.53,4.473,4.503,18324.9,82587.80528
2023-09-02 08:00:00,4.503,4.5102,4.4701,4.493,58798.9,263796.39079
2023-09-02 12:00:00,4.493,4.54,4.439,4.4843,295846.0,1329969.97391
2023-09-02 16:00:00,4.4843,4.4939,4.405,4.4811,69458.6,309873.80067
2023-09-02 20:00:00,4.4811,4.5017,4.4791,4.501,20800.8,93399.25848
2023-09-03 00:00:00,4.501,4.5098,4.4741,4.507,13635.7,61248.73952
2023-09-03 04:00:00,4.507,4.51,4.467,4.4788,34014.5,152601.15377
2023-09-03 08:00:00,4.4788,4.4897,4.4534,4.487,22166.2,99121.25259
2023-09-03 12:00:00,4.487,4.5139,4.4531,4.4598,43450.3,194706.04031
2023-09-03 16:00:00,4.4598,4.4746,4.404,4.467,80764.1,359112.17992
2023-09-03 20:00:00,4.467,4.482,4.441,4.472,28572.5,127456.11684
2023-09-04 00:00:00,4.472,4.5631,4.4641,4.522,390278.8,1772256.56123
2023-09-04 04:00:00,4.522,4.543,4.483,4.518,54611.8,247173.18719
2023-09-04 08:00:00,4.518,4.526,4.48,4.481,19755.2,89029.83611
2023-09-04 12:00:00,4.481,4.5056,4.433,4.473,39838.2,178108.55337
2023-09-04 16:00:00,4.473,4.5172,4.46,4.509,95311.5,427877.04832
2023-09-04 20:00:00,4.509,4.5182,4.437,4.511,41507.5,185924.04403
2023-09-05 00:00:00,4.511,4.519,4.442,4.468,27038.0,121070.31017
2023-09-05 04:00:00,4.468,4.532,4.468,4.522,73220.7,329520.31897
2023-09-05 08:00:00,4.522,4.553,4.5,4.542,60692.2,274545.01979
2023-09-05 12:00:00,4.542,4.5675,4.502,4.557,131206.0,595043.75395
2023-09-05 16:00:00,4.557,4.5879,4.53,4.532,39897.0,181811.95702
2023-09-05 20:00:00,4.532,4.557,4.489,4.548,132326.1,596848.97647
2023-09-06 00:00:00,4.548,4.6344,4.5312,4.5692,46619.3,213391.95536
2023-09-06 04:00:00,4.5692,4.571,4.5002,4.511,40311.2,182069.228
2023-09-06 08:00:00,4.511,4.554,4.483,4.5271,83704.3,378808.91949
2023-09-06 12:00:00,4.5271,4.5438,4.457,4.484,123782.4,555996.84806
2023-09-06 16:00:00,4.484,4.576,4.413,4.504,117655.1,524827.76647
2023-09-06 20:00:00,4.504,4.5276,4.496,4.5259,26646.3,120311.87187
2023-09-07 00:00:00,4.5259,4.6031,4.5108,4.5597,37593.2,171105.90166
2023-09-07 04:00:00,4.5597,4.588,4.5111,4.52,55564.1,252515.95656
2023-09-07 08:00:00,4.52,4.5239,4.4802,4.484,41244.9,185840.36987
2023-09-07 12:00:00,4.484,4.5309,4.475,4.53,47254.4,212758.50792
2023-09-07 16:00:00,4.53,4.577,4.528,4.5593,46061.0,209895.92302
2023-09-07 20:00:00,4.5593,4.62,4.555,4.575,21683.5,99307.72527
2023-09-08 00:00:00,4.575,4.664,4.5681,4.624,74591.3,345370.69868
2023-09-08 04:00:00,4.624,4.6581,4.577,4.577,43057.3,198489.27283
2023-09-08 08:00:00,4.577,4.58,4.452,4.5,94849.9,428262.87274
2023-09-08 12:00:00,4.5,4.535,4.494,4.51,41860.3,188879.8465
2023-09-08 16:00:00,4.51,4.515,4.4839,4.5129,77541.2,348764.59955
2023-09-08 20:00:00,4.5129,4.536,4.496,4.536,17246.1,77874.99079
2023-09-09 00:00:00,4.536,4.5458,4.5142,4.539,28645.2,129898.57015
2023-09-09 04:00:00,4.539,4.571,4.526,4.5509,93875.7,426958.59111
2023-09-09 08:00:00,4.5509,4.5612,4.543,4.552,34376.7,156450.18512
2023-09-09 12:00:00,4.552,4.559,4.5275,4.552,25211.2,114614.53111
2023-09-09 16:00:00,4.552,4.576,4.524,4.5425,145122.7,660322.70013
2023-09-09 20:00:00,4.5425,4.557,4.5181,4.542,27425.0,124578.04875
2023-09-10 00:00:00,4.542,4.542,4.463,4.49,69876.5,313864.15096
2023-09-10 04:00:00,4.49,4.4901,4.31,4.474,129318.0,571965.55157
2023-09-10 08:00:00,4.474,4.4919,4.441,4.4481,33099.5,147887.61857
2023-09-10 12:00:00,4.4481,4.465,4.3572,4.412,127847.1,565960.76515
2023-09-10 16:00:00,4.412,4.4135,4.336,4.384,19940.9,87238.23198
2023-09-10 20:00:00,4.384,4.431,4.3702,4.3862,17213.5,75920.39074
2023-09-11 00:00:00,4.3862,4.4019,4.311,4.369,72523.1,315298.24874
2023-09-11 04:00:00,4.369,4.377,4.282,4.303,131077.1,567794.84016
2023-09-11 08:00:00,4.303,4.304,4.092,4.1721,172434.5,726963.84941
2023-09-11 12:00:00,4.1721,4.2207,4.1374,4.189,143508.9,600395.19238
2023-09-11 16:00:00,4.189,4.2071,4.0546,4.0918,114474.1,472545.52163
2023-09-11 20:00:00,4.0918,4.1599,4.0753,4.1461,21592.9,88999.31555
2023-09-12 00:00:00,4.1461,4.2535,4.135,4.229,26620.3,111107.93622
2023-09-12 04:00:00,4.229,4.246,4.166,4.1802,27053.0,113685.06574
2023-09-12 08:00:00,4.1802,4.3022,4.158,4.257,51688.7,219324.75675
2023-09-12 12:00:00,4.257,4.271,4.193,4.209,38028.0,160654.94355
2023-09-12 16:00:00,4.209,4.28,4.158,4.18,26228.3,110326.89998
2023-09-12 20:00:00,4.18,4.2198,4.175,4.181,15679.9,65722.04687
2023-09-13 00:00:00,4.181,4.21,4.129,4.1433,32669.3,135949.5909
2023-09-13 04:00:00,4.1433,4.241,4.092,4.1534,84217.4,349278.3578
2023-09-13 08:00:00,4.1534,4.2219,4.144,4.211,25155.7,105556.52302
2023-09-13 12:00:00,4.211,4.2746,4.181,4.273,35936.2,151603.51107
2023-09-13 16:00:00,4.273,4.273,4.219,4.246,84273.4,358031.99364
2023-09-13 20:00:00,4.246,4.28,4.2391,4.241,13581.5,57852.78908
2023-09-14 00:00:00,4.241,4.3198,4.233,4.259,30986.6,132320.70902
2023-09-14 04:00:00,4.259,4.265,4.2191,4.252,27673.6,117343.32035
2023-09-14 08:00:00,4.252,4.3191,4.2351,4.319,20830.0,89171.37605
2023-09-14 12:00:00,4.319,4.925,4.318,4.6009,2830492.1,13347105.60855
2023-09-14 16:00:00,4.6009,4.7693,4.591,4.673,1088117.3,5076471.63639
2023-09-14 20:00:00,4.673,4.7806,4.664,4.768,626492.6,2964072.66339
2023-09-15 00:00:00,4.768,4.9835,4.651,4.742,2550753.9,12308993.51921
2023-09-15 04:00:00,4.742,4.777,4.6041,4.67,1067094.1,4998799.04163
2023-09-15 08:00:00,4.67,4.819,4.656,4.7369,900057.5,4268553.40727
2023-09-15 12:00:00,4.7369,4.7966,4.6807,4.7258,465948.3,2204473.16958
2023-09-15 16:00:00,4.7258,4.7585,4.6456,4.719,245787.3,1157058.56827
2023-09-15 20:00:00,4.719,4.7964,4.719,4.7915,237106.5,1128319.88068
2023-09-16 00:00:00,4.7915,4.851,4.689,4.7561,759817.0,3624408.13102
2023-09-16 04:00:00,4.7561,4.9676,4.714,4.9259,629670.5,3055988.91543
2023-09-16 08:00:00,4.9259,4.968,4.6961,4.745,593284.3,2849508.38725
2023-09-16 12:00:00,4.745,4.777,4.67,4.709,334247.2,1580204.2553
2023-09-16 16:00:00,4.709,4.725,4.64,4.688,197847.1,928670.4229
2023-09-16 20:00:00,4.688,4.757,4.679,4.737,104265.9,492859.04577
2023-09-17 00:00:00,4.737,4.741,4.557,4.6487,252335.9,1167583.84102
2023-09-17 04:00:00,4.6487,4.6519,4.5439,4.545,175367.0,804704.90865
2023-09-17 08:00:00,4.545,4.617,4.5162,4.594,183567.7,839338.71096
2023-09-17 12:00:00,4.594,4.6372,4.553,4.578,126382.0,579452.01845
2023-09-17 16:00:00,4.578,4.583,4.4684,4.534,194765.2,879920.11117
2023-09-17 20:00:00,4.534,4.538,4.4101,4.4701,80414.9,358657.16065
2023-09-18 00:00:00,4.4701,4.5439,4.4196,4.533,145361.0,652547.38341
2023-09-18 04:00:00,4.533,4.5457,4.496,4.502,117159.8,530128.17984
2023-09-18 08:00:00,4.502,4.5859,4.4862,4.577,162278.7,738383.2589
2023-09-18 12:00:00,4.577,4.593,4.5377,4.5641,217811.2,992579.21476
2023-09-18 16:00:00,4.5641,4.5893,4.485,4.536,86971.8,394569.42171
2023-09-18 20:00:00,4.536,4.5615,4.512,4.523,35913.2,162911.09494
2023-09-19 00:00:00,4.523,4.566,4.4766,4.538,70817.6,319702.04555
2023-09-19 04:00:00,4.538,4.5917,4.5362,4.557,105609.3,481572.64057
2023-09-19 08:00:00,4.557,4.632,4.5421,4.5932,211513.4,968926.19548
2023-09-19 12:00:00,4.5932,4.6179,4.5432,4.604,126955.7,582118.08667
2023-09-19 16:00:00,4.604,4.617,4.5133,4.531,51189.5,233221.90249
2023-09-19 20:00:00,4.531,4.572,4.505,4.557,33761.0,153430.7548
2023-09-20 00:00:00,4.557,4.597,4.4778,4.497,241154.9,1091833.26535
2023-09-20 04:00:00,4.497,4.528,4.483,4.502,129028.7,581971.72896
2023-09-20 08:00:00,4.502,4.561,4.458,4.51,218554.2,985761.26363
2023-09-20 12:00:00,4.51,4.5238,4.449,4.5115,253244.9,1136448.92319
2023-09-20 16:00:00,4.5115,4.551,4.442,4.4859,40904.7,184166.99684
2023-09-20 20:00:00,4.4859,4.562,4.4821,4.541,48557.3,220300.94882
2023-09-21 00:00:00,4.541,4.6066,4.498,4.5396,94413.9,428148.8797
2023-09-21 04:00:00,4.5396,4.544,4.485,4.4967,51940.0,234185.24743
2023-09-21 08:00:00,4.4967,4.5013,4.3751,4.4177,79011.4,350269.49129
2023-09-21 12:00:00,4.4177,4.437,4.3647,4.4232,59979.7,264286.06571
2023-09-21 16:00:00,4.4232,4.424,4.394,4.4018,16732.3,73741.59585
2023-09-21 20:00:00,4.4018,4.424,4.368,4.3908,13755.6,60502.02197
2023-09-22 00:00:00,4.3908,4.4328,4.333,4.4328,55867.2,245503.63061
2023-09-22 04:00:00,4.4328,4.447,4.418,4.4283,39553.5,175492.74046
2023-09-22 08:00:00,4.4283,4.441,4.4104,4.4334,34101.3,150928.59617
2023-09-22 12:00:00,4.4334,4.4356,4.391,4.408,39344.7,173571.03491
2023-09-22 16:00:00,4.408,4.4151,4.369,4.392,25731.5,113093.83538
2023-09-22 20:00:00,4.392,4.4343,4.383,4.427,20980.1,92621.00806
2023-09-23 00:00:00,4.427,4.46,4.4112,4.4476,41616.7,184847.1148
2023-09-23 04:00:00,4.4476,4.4638,4.432,4.4439,65245.6,290134.86144
2023-09-23 08:00:00,4.4439,4.4518,4.4252,4.4286,33868.0,150366.07399
2023-09-23 12:00:00,4.4286,4.4412,4.401,4.4098,22984.8,101486.46032
2023-09-23 16:00:00,4.4098,4.4368,4.4007,4.4333,10212.9,45119.85429
2023-09-23 20:00:00,4.4333,4.4387,4.4024,4.4379,10985.9,48618.48024
2023-09-24 00:00:00,4.4379,4.4449,4.397,4.4295,35641.3,157664.54051
2023-09-24 04:00:00,4.4295,4.434,4.3962,4.4191,18993.2,83796.47346
2023-09-24 08:00:00,4.4191,4.57,4.4165,4.5565,69624.0,312275.67822
2023-09-24 12:00:00,4.5565,4.672,4.509,4.5221,799136.9,3667370.80453
2023-09-24 16:00:00,4.5221,4.5661,4.451,4.481,267733.6,1207943.77647
2023-09-24 20:00:00,4.481,4.5235,4.453,4.497,70159.3,314878.06458
2023-09-25 00:00:00,4.497,4.626,4.4815,4.5544,297466.5,1360500.4763
2023-09-25 04:00:00,4.5544,4.623,4.5517,4.611,444882.4,2038705.72066
2023-09-25 08:00:00,4.611,4.6189,4.555,4.596,174805.1,802018.61753
2023-09-25 12:00:00,4.596,4.679,4.5536,4.5717,444678.7,2051896.34464
2023-09-25 16:00:00,4.5717,4.603,4.5639,4.577,46758.0,214105.54739
2023-09-25 20:00:00,4.577,4.593,4.549,4.5875,74712.5,341579.16638
2023-09-26 00:00:00,4.5875,4.6745,4.586,4.6454,193781.1,899828.53935
2023-09-26 04:00:00,4.6454,4.655,4.567,4.5772,86112.0,396205.18608
2023-09-26 08:00:00,4.5772,4.585,4.534,4.5481,61736.4,281288.6272
2023-09-26 12:00:00,4.5481,4.5558,4.485,4.5027,74913.9,338370.39729
2023-09-26 16:00:00,4.5027,4.5288,4.4862,4.504,32046.8,144392.28005
2023-09-26 20:00:00,4.504,4.513,4.417,4.5058,103260.8,459630.95932
2023-09-27 00:00:00,4.5058,4.5428,4.4874,4.5164,100521.3,453064.6511
2023-09-27 04:00:00,4.5164,4.519,4.433,4.4419,75764.6,337949.65814
2023-09-27 08:00:00,4.4419,4.527,4.425,4.512,154834.9,690627.96955
2023-09-27 12:00:00,4.512,4.545,4.394,4.4499,136585.9,611696.24018
2023-09-27 16:00:00,4.4499,4.4612,4.3875,4.4313,38267.0,169435.76062
2023-09-27 20:00:00,4.4313,4.4489,4.4026,4.436,33679.4,149197.03923
2023-09-28 00:00:00,4.436,4.4716,4.4212,4.4458,68054.7,302385.89217
2023-09-28 04:00:00,4.4458,4.4536,4.424,4.4437,45254.0,201006.75442
2023-09-28 08:00:00,4.4437,4.4746,4.4165,4.4503,52820.7,234350.63488
2023-09-28 12:00:00,4.4503,4.504,4.438,4.5005,42517.9,190144.51227
2023-09-28 16:00:00,4.5005,4.531,4.4762,4.5222,99005.3,446226.36314
2023-09-28 20:00:00,4.5222,4.5244,4.4786,4.5115,24276.3,109357.49027
2023-09-29 00:00:00,4.5115,4.537,4.4948,4.5317,81835.3,369315.27014
2023-09-29 04:00:00,4.5317,4.5695,4.5141,4.5636,49906.0,226357.65253
2023-09-29 08:00:00,4.5636,4.567,4.508,4.548,57488.6,260569.41219
2023-09-29 12:00:00,4.548,4.5572,4.464,4.5424,106758.4,482033.85252
2023-09-29 16:00:00,4.5424,4.5653,4.5224,4.5537,31412.3,142767.20648
2023-09-29 20:00:00,4.5537,4.5996,4.5483,4.5906,66612.5,305358.29743
2023-09-30 00:00:00,4.5906,4.639,4.5361,4.5412,123779.9,566988.24347
2023-09-30 04:00:00,4.5412,4.562,4.5332,4.5353,23704.2,107819.17464
2023-09-30 08:00:00,4.5353,4.5517,4.522,4.5302,119534.5,541746.0924
2023-09-30 12:00:00,4.5302,4.5893,4.53,4.5689,120022.2,547587.54045
2023-09-30 16:00:00,4.5689,4.599,4.5623,4.5818,123252.8,564852.2196
2023-09-30 20:00:00,4.5818,4.612,4.5711,4.5805,19987.9,91735.76743
2023-10-01 00:00:00,4.5805,4.606,4.5635,4.5856,66061.8,302547.79171
2023-10-01 04:00:00,4.5856,4.638,4.5799,4.6029,133821.2,617724.16381
2023-10-01 08:00:00,4.6029,4.7339,4.581,4.7084,305514.2,1421410.19603
2023-10-01 12:00:00,4.7084,4.7413,4.671,4.687,164478.3,773662.28418
2023-10-01 16:00:00,4.687,4.7133,4.659,4.6831,203337.5,953726.15396
2023-10-01 20:00:00,4.6831,4.804,4.6652,4.779,72613.2,344607.54988
2023-10-02 00:00:00,4.779,4.7874,4.711,4.7529,135916.2,646000.8265
2023-10-02 04:00:00,4.7529,4.7531,4.672,4.722,96024.4,452297.51684
2023-10-02 08:00:00,4.722,4.746,4.693,4.699,68495.4,323031.66588
2023-10-02 12:00:00,4.699,4.7155,4.5419,4.5917,272573.1,1252791.63433
2023-10-02 16:00:00,4.5917,4.6531,4.446,4.5726,204313.5,937896.03259
2023-10-02 20:00:00,4.5726,4.5823,4.509,4.5708,23726.0,108151.18616
2023-10-03 00:00:00,4.5708,4.6243,4.559,4.5981,100466.8,461547.55317
2023-10-03 04:00:00,4.5981,4.6048,4.561,4.5705,30013.0,137403.6086
2023-10-03 08:00:00,4.5705,4.601,4.545,4.5601,43503.1,198752.04076
2023-10-03 12:00:00,4.5601,4.5647,4.4834,4.5,129085.9,583934.74347
2023-10-03 16:00:00,4.5,4.535,4.479,4.527,39641.0,178300.64595
2023-10-03 20:00:00,4.527,4.558,4.495,4.5028,51272.3,232365.86312
2023-10-04 00:00:00,4.5028,4.5137,4.337,4.4275,170601.4,756691.88302
2023-10-04 04:00:00,4.4275,4.448,4.395,4.44,56546.2,249950.67648
2023-10-04 08:00:00,4.44,4.469,4.4347,4.4395,103249.4,459536.6067
2023-10-04 12:00:00,4.4395,4.451,4.39,4.4091,73307.1,323746.4939
2023-10-04 16:00:00,4.4091,4.4753,4.4,4.451,63038.5,280348.21752
2023-10-04 20:00:00,4.451,4.5004,4.4406,4.4788,34986.4,156657.22452
2023-10-05 00:00:00,4.4788,4.507,4.444,4.4621,31100.0,138881.20648
2023-10-05 04:00:00,4.4621,4.494,4.445,4.4604,21270.0,95092.05972
2023-10-05 08:00:00,4.4604,4.492,4.4524,4.4684,23471.3,105069.90882
2023-10-05 12:00:00,4.4684,4.487,4.372,4.4011,93959.2,417503.09356
2023-10-05 16:00:00,4.4011,4.4344,4.383,4.407,28057.5,123699.7702
2023-10-05 20:00:00,4.407,4.4308,4.3967,4.401,29420.2,129968.25687
2023-10-06 00:00:00,4.401,4.4545,4.3988,4.4399,53593.7,237485.53716
2023-10-06 04:00:00,4.4399,4.4844,4.4234,4.478,39106.4,173995.64133
2023-10-06 08:00:00,4.478,4.4885,4.4531,4.4723,34153.3,152683.21227
2023-10-06 12:00:00,4.4723,4.5159,4.429,4.5046,95956.8,429661.08971
2023-10-06 16:00:00,4.5046,4.5297,4.4889,4.5059,27944.4,125909.96202
2023-10-06 20:00:00,4.5059,4.538,4.4982,4.4984,24390.1,110112.91611
2023-10-07 00:00:00,4.4984,4.5108,4.469,4.4706,16255.8,72914.12992
2023-10-07 04:00:00,4.4706,4.5002,4.468,4.48,23391.6,104948.53839
2023-10-07 08:00:00,4.48,4.4887,4.463,4.4684,27525.2,123178.09224
2023-10-07 12:00:00,4.4684,4.492,4.4644,4.467,24757.3,110850.48484
2023-10-07 16:00:00,4.467,4.4885,4.4599,4.4686,15576.4,69651.92146
2023-10-07 20:00:00,4.4686,4.5099,4.4645,4.4982,21224.0,95347.19708
2023-10-08 00:00:00,4.4982,4.5169,4.464,4.4884,39504.7,177676.53677
2023-10-08 04:00:00,4.4884,4.4908,4.427,4.4638,43231.9,192326.48469
2023-10-08 08:00:00,4.4638,4.4797,4.433,4.4442,28184.0,125636.7719
2023-10-08 12:00:00,4.4442,4.477,4.4392,4.4722,26801.8,119625.91956
2023-10-08 16:00:00,4.4722,4.48,4.442,4.4583,15385.0,68600.08902
2023-10-08 20:00:00,4.4583,4.4584,4.432,4.445,20375.5,90571.858
2023-10-09 00:00:00,4.445,4.4933,4.435,4.4648,20984.1,93639.41515
2023-10-09 04:00:00,4.4648,4.473,4.405,4.4154,27599.1,122505.60465
2023-10-09 08:00:00,4.4154,4.4172,4.214,4.2748,267885.5,1153244.65731
2023-10-09 12:00:00,4.2748,4.3052,4.2453,4.2474,35098.2,149962.13497
2023-10-09 16:00:00,4.2474,4.2729,4.14,4.2706,71723.2,302410.80777
2023-10-09 20:00:00,4.2706,4.2843,4.2454,4.2824,31962.9,136367.4069
2023-10-10 00:00:00,4.2824,4.301,4.254,4.2796,30264.8,129442.51026
2023-10-10 04:00:00,4.2796,4.304,4.2703,4.2887,13525.1,57971.34808
2023-10-10 08:00:00,4.2887,4.3088,4.254,4.258,36528.6,156373.01946
2023-10-10 12:00:00,4.258,4.276,4.22,4.2394,49768.8,211688.87079
2023-10-10 16:00:00,4.2394,4.2594,4.219,4.2462,13869.8,58764.61426
2023-10-10 20:00:00,4.2462,4.2671,4.1792,4.2573,19747.6,83344.38525
2023-10-11 00:00:00,4.2573,4.2736,4.1501,4.1724,52094.7,217907.27156
2023-10-11 04:00:00,4.1724,4.1987,4.163,4.1787,41366.6,173092.88107
2023-10-11 08:00:00,4.1787,4.2218,4.1678,4.2098,51115.8,214970.95852
2023-10-11 12:00:00,4.2098,4.2218,4.1186,4.1519,137813.0,575347.29063
2023-10-11 16:00:00,4.1519,4.189,4.132,4.1798,21453.3,89152.45167
2023-10-11 20:00:00,4.1798,4.2123,4.1592,4.2117,45225.3,189283.72797
2023-10-12 00:00:00,4.2117,4.2118,4.1516,4.1802,23384.1,97521.74735
2023-10-12 04:00:00,4.1802,4.2346,4.1745,4.2246,55270.1,232767.48758
2023-10-12 08:00:00,4.2246,4.247,4.1472,4.211,71061.4,299453.56781
2023-10-12 12:00:00,4.211,4.2409,4.1929,4.2325,81412.2,343809.42287
2023-10-12 16:00:00,4.2325,4.237,4.175,4.2094,33176.6,139578.18837
2023-10-12 20:00:00,4.2094,4.2294,4.2055,4.2185,17901.6,75463.74409
2023-10-13 00:00:00,4.2185,4.2294,4.1792,4.1811,35008.3,147283.91018
2023-10-13 04:00:00,4.1811,4.2323,4.1802,4.2216,103141.0,433507.76024
2023-10-13 08:00:00,4.2216,4.232,4.1889,4.2145,111749.9,469849.44047
2023-10-13 12:00:00,4.2145,4.2315,4.1736,4.1906,86025.3,361004.31711
2023-10-13 16:00:00,4.1906,4.213,4.1826,4.1892,61222.1,257195.59004
2023-10-13 20:00:00,4.1892,4.269,4.1852,4.2143,134062.2,566452.49441
2023-10-14 00:00:00,4.2143,4.379,4.2091,4.2673,411469.6,1770265.42747
2023-10-14 04:00:00,4.2673,4.2809,4.236,4.2673,217880.4,929147.158
2023-10-14 08:00:00,4.2673,4.29,4.2399,4.2552,105912.1,450937.84154
2023-10-14 12:00:00,4.2552,4.2881,4.2499,4.2858,81923.2,350065.84623
2023-10-14 16:00:00,4.2858,4.289,4.2675,4.289,22822.7,97660.77581
2023-10-14 20:00:00,4.289,4.2943,4.271,4.2898,28134.3,120443.19475
2023-10-15 00:00:00,4.2898,4.3179,4.244,4.2847,112636.4,482217.07852
2023-10-15 04:00:00,4.2847,4.308,4.2728,4.3074,96076.1,411882.74893
2023-10-15 08:00:00,4.3074,4.3209,4.2773,4.2824,86220.5,370574.10298
2023-10-15 12:00:00,4.2824,4.2824,4.2417,4.2739,74646.7,318292.08902
2023-10-15 16:00:00,4.2739,4.2999,4.256,4.2792,25882.9,110942.88885
2023-10-15 20:00:00,4.2792,4.3104,4.2612,4.2719,40455.8,173150.93607
2023-10-16 00:00:00,4.2719,4.2958,4.263,4.281,73760.3,315511.47622
2023-10-16 04:00:00,4.281,4.3551,4.267,4.3185,138221.5,598318.92042
2023-10-16 08:00:00,4.3185,4.3248,4.295,4.3165,71738.3,309593.92521
2023-10-16 12:00:00,4.3165,4.446,4.259,4.2805,185077.5,804638.23758
2023-10-16 16:00:00,4.2805,4.3282,4.277,4.3024,38084.0,163527.66241
2023-10-16 20:00:00,4.3024,4.329,4.2862,4.3095,41136.7,177448.78909
2023-10-17 00:00:00,4.3095,4.3115,4.275,4.2886,30004.1,128804.20705
2023-10-17 04:00:00,4.2886,4.3464,4.2669,4.2743,87821.3,377694.46357
2023-10-17 08:00:00,4.2743,4.2923,4.2666,4.2693,71555.2,306083.96192
2023-10-17 12:00:00,4.2693,4.3009,4.148,4.2468,318453.2,1353680.99992
2023-10-17 16:00:00,4.2468,4.2542,4.1659,4.1944,79996.4,337204.05992
2023-10-17 20:00:00,4.1944,4.2208,4.1802,4.2195,23625.9,99177.52003
2023-10-18 00:00:00,4.2195,4.236,4.16,4.1962,55887.1,234065.47163
2023-10-18 04:00:00,4.1962,4.2525,4.1912,4.2109,50696.4,214001.69211
2023-10-18 08:00:00,4.2109,4.23,4.187,4.199,65344.6,274934.4296
2023-10-18 12:00:00,4.199,4.2013,4.1446,4.1611,60165.9,250640.65829
2023-10-18 16:00:00,4.1611,4.173,4.103,4.1208,152689.7,629855.40356
2023-10-18 20:00:00,4.1208,4.152,4.112,4.1304,48790.6,201702.6401
2023-10-19 00:00:00,4.1304,4.1526,4.04,4.0968,47884.4,195272.26101
2023-10-19 04:00:00,4.0968,4.1052,4.0858,4.1002,43898.9,179783.52192
2023-10-19 08:00:00,4.1002,4.109,4.076,4.1077,78516.6,321376.41391
2023-10-19 12:00:00,4.1077,4.1458,4.0983,4.1314,62587.5,257662.1502
2023-10-19 16:00:00,4.1314,4.168,4.1079,4.1377,65281.9,270006.96131
2023-10-19 20:00:00,4.1377,4.148,4.1111,4.1261,34982.6,144331.36488
2023-10-20 00:00:00,4.1261,4.1892,4.089,4.1733,73976.7,306345.30873
2023-10-20 04:00:00,4.1733,4.203,4.1702,4.1824,72111.7,301936.49757
2023-10-20 08:00:00,4.1824,4.28,4.1805,4.2462,391752.0,1662321.56645
2023-10-20 12:00:00,4.2462,4.2726,4.2162,4.2183,106477.0,451137.394
2023-10-20 16:00:00,4.2183,4.2354,4.195,4.2207,24061.3,101534.49346
2023-10-20 20:00:00,4.2207,4.2437,4.2095,4.2415,38143.0,161351.67652
2023-10-21 00:00:00,4.2415,4.289,4.2222,4.2423,40022.7,170239.27705
2023-10-21 04:00:00,4.2423,4.297,4.2394,4.2964,42452.7,181061.17167
2023-10-21 08:00:00,4.2964,4.327,4.2731,4.3137,87096.7,375351.87378
2023-10-21 12:00:00,4.3137,4.4057,4.307,4.4057,58002.1,252814.39183
2023-10-21 16:00:00,4.4057,4.475,4.3959,4.45,60314.3,267875.62797
2023-10-21 20:00:00,4.45,4.4837,4.399,4.4045,92527.8,410089.92018
2023-10-22 00:00:00,4.4045,4.4628,4.393,4.422,83342.7,368700.63839
2023-10-22 04:00:00,4.422,4.496,4.333,4.4135,150664.2,666691.00037
2023-10-22 08:00:00,4.4135,4.4284,4.359,4.3818,96614.7,424403.88884
2023-10-22 12:00:00,4.3818,4.401,4.344,4.3668,36277.1,158963.55338
2023-10-22 16:00:00,4.3668,4.403,4.3668,4.3763,48757.1,213866.97206
2023-10-22 20:00:00,4.3763,4.4599,4.3616,4.449,66161.2,292289.25702
2023-10-23 00:00:00,4.449,4.575,4.4466,4.5474,225502.0,1019053.26558
2023-10-23 04:00:00,4.5474,4.561,4.426,4.4532,199997.1,899803.47906
2023-10-23 08:00:00,4.4532,4.4943,4.4112,4.4548,115902.5,517713.93065
2023-10-23 12:00:00,4.4548,4.4689,4.4127,4.4591,144583.9,642841.70024
2023-10-23 16:00:00,4.4591,4.5409,4.446,4.533,83405.0,373700.88191
2023-10-23 20:00:00,4.533,4.723,4.517,4.6799,204772.6,945303.20766
2023-10-24 00:00:00,4.6799,4.8249,4.6501,4.6887,228502.1,1082254.24812
2023-10-24 04:00:00,4.6887,4.7578,4.586,4.6242,108989.8,507330.15841
2023-10-24 08:00:00,4.6242,4.7108,4.6207,4.7107,100065.4,467332.88816
2023-10-24 12:00:00,4.7107,4.782,4.477,4.5663,205731.1,959731.80868
2023-10-24 16:00:00,4.5663,4.655,4.5156,4.6308,84050.5,386478.85295
2023-10-24 20:00:00,4.6308,4.705,4.573,4.6881,59806.8,277803.29806
2023-10-25 00:00:00,4.6881,4.748,4.633,4.651,103146.7,484868.16543
2023-10-25 04:00:00,4.651,4.685,4.539,4.58,106720.1,491319.04525
2023-10-25 08:00:00,4.58,4.6537,4.55,4.632,67676.8,311593.31594
2023-10-25 12:00:00,4.632,4.7707,4.6276,4.7487,131549.1,615759.5607
2023-10-25 16:00:00,4.7487,4.771,4.625,4.6759,129138.7,604013.16994
2023-10-25 20:00:00,4.6759,4.715,4.636,4.715,56391.7,263619.20379
2023-10-26 00:00:00,4.715,4.8,4.6937,4.7885,67778.0,321944.53132
2023-10-26 04:00:00,4.7885,4.9463,4.6988,4.935,246459.1,1188002.76387
2023-10-26 08:00:00,4.935,4.971,4.8229,4.8649,489411.8,2396525.01182
2023-10-26 12:00:00,4.8649,4.9614,4.617,4.735,433345.2,2067958.85939
2023-10-26 16:00:00,4.735,4.852,4.71,4.8372,151918.2,727024.50685
2023-10-26 20:00:00,4.8372,4.879,4.8081,4.8743,43628.8,211496.05409
2023-10-27 00:00:00,4.8743,4.882,4.722,4.7916,85464.3,409631.83835
2023-10-27 04:00:00,4.7916,4.8277,4.7352,4.7352,133153.1,638131.83492
2023-10-27 08:00:00,4.7352,4.8199,4.716,4.8042,92286.7,439957.68623
2023-10-27 12:00:00,4.8042,4.8634,4.784,4.8444,166154.4,801450.2306
2023-10-27 16:00:00,4.8444,4.861,4.65,4.7335,174195.1,827331.39498
2023-10-27 20:00:00,4.7335,4.75,4.691,4.7034,72354.3,341386.25363
2023-10-28 00:00:00,4.7034,4.7858,4.6982,4.7809,24195.6,114718.04796
2023-10-28 04:00:00,4.7809,4.867,4.7654,4.8445,67379.4,325767.28991
2023-10-28 08:00:00,4.8445,4.9172,4.828,4.8507,108369.0,527305.63286
2023-10-28 12:00:00,4.8507,4.863,4.783,4.8368,67029.1,323482.64933
2023-10-28 16:00:00,4.8368,5.112,4.8226,4.922,298833.7,1487829.06945
2023-10-28 20:00:00,4.922,5.115,4.902,5.103,119121.8,599796.80721
2023-10-29 00:00:00,5.103,5.138,4.95,4.9682,315264.0,1580018.49663
2023-10-29 04:00:00,4.9682,5.009,4.9547,4.9922,116407.5,581159.93305
2023-10-29 08:00:00,4.9922,5.033,4.975,5.0043,74548.3,373476.2542
2023-10-29 12:00:00,5.0043,5.79,4.985,5.6154,1944483.8,10850406.27526
2023-10-29 16:00:00,5.6154,5.7222,5.5809,5.7175,446938.4,2523733.8343
2023-10-29 20:00:00,5.7175,5.746,5.593,5.6379,269146.2,1530941.68896
2023-10-30 00:00:00,5.6379,5.9666,5.58,5.81,999731.6,5815435.40875
2023-10-30 04:00:00,5.81,5.9648,5.7116,5.8058,621719.9,3621024.94209
2023-10-30 08:00:00,5.8058,5.857,5.7383,5.7751,443287.6,2568357.89519
2023-10-30 12:00:00,5.7751,5.8751,5.714,5.7588,395485.4,2285416.44508
2023-10-30 16:00:00,5.7588,5.8054,5.6258,5.7475,234393.0,1336434.07612
2023-10-30 20:00:00,5.7475,5.775,5.7123,5.7469,97403.0,559444.07575
2023-10-31 00:00:00,5.7469,5.7625,5.58,5.589,289118.4,1638629.27319
2023-10-31 04:00:00,5.589,5.749,5.552,5.5747,384171.0,2160932.07627
2023-10-31 08:00:00,5.5747,5.631,5.474,5.5584,218412.2,1214885.85263
2023-10-31 12:00:00,5.5584,5.5707,5.2501,5.3439,597541.4,3234111.47119
2023-10-31 16:00:00,5.3439,5.4236,5.306,5.3312,169845.8,909857.39789
2023-10-31 20:00:00,5.3312,5.466,5.324,5.4533,151076.6,815881.79832
2023-11-01 00:00:00,5.4533,5.468,5.3381,5.3557,151514.2,816182.37803
2023-11-01 04:00:00,5.3557,5.3605,5.209,5.2759,157877.7,832632.31672
2023-11-01 08:00:00,5.2759,5.303,5.166,5.25,257185.9,1346407.08729
2023-11-01 12:00:00,5.25,5.3518,5.1592,5.2183,194507.6,1019881.78766
2023-11-01 16:00:00,5.2183,5.4883,5.2025,5.4317,163863.4,880385.39291
2023-11-01 20:00:00,5.4317,5.5909,5.4317,5.5228,148535.8,819317.42795
2023-11-02 00:00:00,5.5228,5.7256,5.4854,5.6251,211603.2,1188305.34698
2023-11-02 04:00:00,5.6251,5.634,5.5176,5.5611,132631.5,738045.22091
2023-11-02 08:00:00,5.5611,5.5994,5.5034,5.5743,73974.7,411000.27868
2023-11-02 12:00:00,5.5743,5.6043,5.3359,5.3455,143267.7,780596.05064
2023-11-02 16:00:00,5.3455,5.468,5.28,5.4638,117774.9,631117.75081
2023-11-02 20:00:00,5.4638,5.4782,5.4,5.4369,32688.7,177648.01536
2023-11-03 00:00:00,5.4369,5.4401,5.228,5.3412,75945.1,402582.9236
2023-11-03 04:00:00,5.3412,5.362,5.2642,5.3386,87485.7,464846.93346
2023-11-03 08:00:00,5.3386,5.366,5.2502,5.3297,121693.7,647238.91344
2023-11-03 12:00:00,5.3297,5.4015,5.3044,5.3887,35606.6,190807.81816
2023-11-03 16:00:00,5.3887,5.4538,5.3291,5.4169,80374.8,433619.71424
2023-11-03 20:00:00,5.4169,5.4577,5.4041,5.4288,23623.0,128474.74322
2023-11-04 00:00:00,5.4288,5.5248,5.4147,5.48,116970.4,640741.63486
2023-11-04 04:00:00,5.48,5.573,5.444,5.5298,63626.7,351645.2523
2023-11-04 08:00:00,5.5298,5.58,5.5006,5.5133,547128.4,3032318.82934
2023-11-04 12:00:00,5.5133,5.5823,5.453,5.508,249618.7,1373885.6232
2023-11-04 16:00:00,5.508,5.5566,5.4943,5.546,38469.0,212478.67312
2023-11-04 20:00:00,5.546,5.627,5.5447,5.583,41846.3,233609.96262
2023-11-05 00:00:00,5.583,5.726,5.581,5.682,192954.9,1091253.10292
2023-11-05 04:00:00,5.682,5.7226,5.64,5.692,77021.1,436672.04647
2023-11-05 08:00:00,5.692,5.8597,5.6287,5.7471,174743.8,999605.08436
2023-11-05 12:00:00,5.7471,5.8653,5.611,5.676,159448.1,911958.6707
2023-11-05 16:00:00,5.676,5.763,5.661,5.7432,38150.4,218371.48662
2023-11-05 20:00:00,5.7432,5.7674,5.612,5.716,119576.6,680674.77595
2023-11-06 00:00:00,5.716,5.925,5.697,5.86,255596.3,1492446.66158
2023-11-06 04:00:00,5.86,5.9011,5.713,5.9,147820.8,858518.38203
2023-11-06 08:00:00,5.9,6.1665,5.8434,6.0912,372730.2,2258966.29439
2023-11-06 12:00:00,6.0912,6.169,5.9657,5.9767,219154.1,1326547.92113
2023-11-06 16:00:00,5.9767,5.9983,5.916,5.995,41615.0,248180.64298
2023-11-06 20:00:00,5.995,6.0227,5.9334,6.0056,62733.9,375927.91201
2023-11-07 00:00:00,6.0056,6.065,5.819,5.9089,253381.5,1501583.87905
2023-11-07 04:00:00,5.9089,6.049,5.861,5.992,125532.1,748061.87011
2023-11-07 08:00:00,5.992,6.0023,5.77,5.8254,242374.6,1417869.85099
2023-11-07 12:00:00,5.8254,5.851,5.6603,5.7046,125088.7,721209.98175
2023-11-07 16:00:00,5.7046,5.8832,5.6303,5.8623,154268.7,883941.24194
2023-11-07 20:00:00,5.8623,5.943,5.79,5.8583,108092.5,632643.21621
2023-11-08 00:00:00,5.8583,5.9266,5.836,5.8807,76143.6,447820.35709
2023-11-08 04:00:00,5.8807,5.9434,5.8301,5.918,99775.7,585687.80307
2023-11-08 08:00:00,5.918,5.9662,5.9091,5.954,100711.7,599054.1595
2023-11-08 12:00:00,5.954,5.994,5.8975,5.9547,70894.8,422737.11978
2023-11-08 16:00:00,5.9547,6.1237,5.9475,6.0632,88305.1,535213.76351
2023-11-08 20:00:00,6.0632,6.0798,6.004,6.02,42334.8,255632.52884
2023-11-09 00:00:00,6.02,6.112,5.988,6.0731,131398.8,796664.6831
2023-11-09 04:00:00,6.0731,6.177,6.059,6.0907,100633.0,615441.19804
2023-11-09 08:00:00,6.0907,6.1415,6.0448,6.0918,88103.1,537626.77215
2023-11-09 12:00:00,6.0918,6.26,6.0122,6.088,384874.5,2367913.98704
2023-11-09 16:00:00,6.088,6.134,5.271,5.748,399213.1,2280153.3484
2023-11-09 20:00:00,5.748,5.9582,5.636,5.948,97159.3,561084.89143
2023-11-10 00:00:00,5.948,6.396,5.9353,6.1382,330050.5,2050440.59541
2023-11-10 04:00:00,6.1382,6.229,6.1127,6.132,72629.2,448420.35034
2023-11-10 08:00:00,6.132,6.2163,6.0198,6.197,130407.2,799089.40678
2023-11-10 12:00:00,6.197,6.202,5.8632,5.9897,195136.6,1174645.49943
2023-11-10 16:00:00,5.9897,6.1444,5.9847,6.1277,45641.9,276623.97671
2023-11-10 20:00:00,6.1277,6.232,6.0971,6.2,59390.7,367254.26895
2023-11-11 00:00:00,6.2,6.3111,6.063,6.0712,184875.0,1151720.32166
2023-11-11 04:00:00,6.0712,6.0943,5.92,6.01,74995.1,451829.63868
2023-11-11 08:00:00,6.01,6.1214,5.9682,6.081,75586.8,458600.86797
2023-11-11 12:00:00,6.081,6.3354,6.0511,6.242,169812.9,1058664.79768
2023-11-11 16:00:00,6.242,6.5991,6.242,6.56,203932.8,1310917.45404
2023-11-11 20:00:00,6.56,6.6,6.27,6.382,137816.5,885425.31895
2023-11-12 00:00:00,6.382,6.526,6.104,6.2759,234650.6,1480365.58789
2023-11-12 04:00:00,6.2759,6.4452,6.2018,6.4117,68935.4,436688.93864
2023-11-12 08:00:00,6.4117,6.4294,6.2878,6.3555,75562.0,480400.57948
2023-11-12 12:00:00,6.3555,6.378,6.2161,6.2824,101837.2,640790.72545
2023-11-12 16:00:00,6.2824,6.2986,6.1832,6.249,47589.6,297161.7477
2023-11-12 20:00:00,6.249,6.3959,6.238,6.3535,42135.8,266772.15718
2023-11-13 00:00:00,6.3535,6.5051,6.235,6.251,171001.3,1096173.6893
2023-11-13 04:00:00,6.251,6.3703,6.16,6.3083,112484.6,704073.83621
2023-11-13 08:00:00,6.3083,6.506,6.25,6.2971,164031.8,1044120.36866
2023-11-13 12:00:00,6.2971,6.4606,6.187,6.438,142828.6,905665.2816
2023-11-13 16:00:00,6.438,6.485,6.266,6.4661,76552.3,488751.57713
2023-11-13 20:00:00,6.4661,6.468,6.0711,6.133,113738.0,707078.03444
2023-11-14 00:00:00,6.133,6.196,5.9874,6.181,42152.9,256546.46708
2023-11-14 04:00:00,6.181,6.309,6.1469,6.2882,29860.8,186620.66341
2023-11-14 08:00:00,6.2882,6.345,5.992,6.0404,49754.8,308069.60539
2023-11-14 12:00:00,6.0404,6.311,6.0113,6.175,82884.0,513585.25516
2023-11-14 16:00:00,6.175,6.259,5.756,5.906,77857.5,468568.68525
2023-11-14 20:00:00,5.906,6.1081,5.895,6.0836,47324.5,285257.83827
2023-11-15 00:00:00,6.0836,6.16,6.0102,6.013,59917.3,364893.38469
2023-11-15 04:00:00,6.013,6.176,6.012,6.157,39095.2,239162.75841
2023-11-15 08:00:00,6.157,6.345,6.1535,6.3399,235381.8,1462747.66827
2023-11-15 12:00:00,6.3399,6.3649,6.2526,6.3416,93587.4,591750.168
2023-11-15 16:00:00,6.3416,6.4234,6.264,6.4216,352576.1,2227028.70448
2023-11-15 20:00:00,6.4216,6.444,6.3235,6.4342,36395.5,232693.22522
2023-11-16 00:00:00,6.4342,6.4889,6.381,6.4415,52634.7,338644.88249
2023-11-16 04:00:00,6.4415,6.5644,6.401,6.5166,52009.8,336558.63757
2023-11-16 08:00:00,6.5166,6.595,6.4169,6.495,69721.9,454722.62638
2023-11-16 12:00:00,6.495,6.5199,6.238,6.3347,193019.5,1231341.39366
2023-11-16 16:00:00,6.3347,6.496,6.113,6.322,75839.0,480584.6056
2023-11-16 20:00:00,6.322,6.361,6.1629,6.2686,65485.7,408440.22824
2023-11-17 00:00:00,6.2686,6.624,6.233,6.5757,111280.2,718383.62335
2023-11-17 04:00:00,6.5757,6.74,6.4571,6.4824,205441.1,1350270.88749
2023-11-17 08:00:00,6.4824,6.544,6.252,6.3489,85586.6,547331.12933
2023-11-17 12:00:00,6.3489,6.4744,6.023,6.057,165962.6,1041414.95739
2023-11-17 16:00:00,6.057,6.309,6.023,6.2376,106145.1,656015.42531
2023-11-17 20:00:00,6.2376,6.343,6.183,6.3148,188883.8,1183131.56902
2023-11-18 00:00:00,6.3148,6.317,6.0236,6.0239,107265.8,659696.63102
2023-11-18 04:00:00,6.0239,6.088,5.7577,5.9123,112947.0,669049.62567
2023-11-18 08:00:00,5.9123,5.9933,5.8516,5.9311,58068.8,344207.8225
2023-11-18 12:00:00,5.9311,6.0454,5.825,6.044,62516.9,370517.24728
2023-11-18 16:00:00,6.044,6.103,5.991,6.0508,74747.4,452985.76265
2023-11-18 20:00:00,6.0508,6.0708,5.964,6.0387,50263.0,302426.21324
2023-11-19 00:00:00,6.0387,6.09,5.87,6.012,333919.3,1994801.15741
2023-11-19 04:00:00,6.012,6.116,5.9741,6.0965,36773.0,222468.41118
2023-11-19 08:00:00,6.0965,6.1355,5.9573,5.9934,47927.3,290809.93778
2023-11-19 12:00:00,5.9934,6.0329,5.946,6.0269,44488.9,266725.9989
2023-11-19 16:00:00,6.0269,6.2475,6.0069,6.2431,41281.3,251974.96213
2023-11-19 20:00:00,6.2431,6.2869,6.1533,6.2554,70515.9,438361.50078
2023-11-20 00:00:00,6.2554,6.274,6.185,6.2013,303381.8,1890764.13895
2023-11-20 04:00:00,6.2013,6.2452,6.1616,6.243,39001.0,241731.47958
2023-11-20 08:00:00,6.243,6.316,6.2042,6.237,107173.5,670101.34307
2023-11-20 12:00:00,6.237,6.2798,6.096,6.2401,135882.1,841034.38446
2023-11-20 16:00:00,6.2401,6.287,6.1078,6.178,103009.9,638457.25653
2023-11-20 20:00:00,6.178,6.2043,6.004,6.1135,78000.8,476486.24327
2023-11-21 00:00:00,6.1135,6.2951,6.082,6.145,123109.7,761307.01031
2023-11-21 04:00:00,6.145,6.2378,6.1128,6.1179,58621.4,361165.86851
2023-11-21 08:00:00,6.1179,6.225,6.1112,6.1429,74043.0,456791.50328
2023-11-21 12:00:00,6.1429,6.177,5.776,5.93,264632.9,1590777.96322
2023-11-21 16:00:00,5.93,5.989,5.585,5.7357,121904.6,698701.22669
2023-11-21 20:00:00,5.7357,5.834,5.4306,5.481,120431.2,674400.02002
2023-11-22 00:00:00,5.481,5.6987,5.466,5.6967,65064.7,361205.28192
2023-11-22 04:00:00,5.6967,5.7452,5.6743,5.6953,42012.9,239810.70043
2023-11-22 08:00:00,5.6953,5.7481,5.6674,5.671,175284.8,1000980.2818
2023-11-22 12:00:00,5.671,5.7646,5.6575,5.7277,95520.7,545735.19437
2023-11-22 16:00:00,5.7277,5.98,5.7033,5.92,70369.0,411160.47071
2023-11-22 20:00:00,5.92,5.967,5.8612,5.891,69045.8,408570.09411
2023-11-23 00:00:00,5.891,5.9425,5.8442,5.888,56772.4,334606.36413
2023-11-23 04:00:00,5.888,5.913,5.8471,5.8947,53668.6,315436.58804
2023-11-23 08:00:00,5.8947,5.9369,5.794,5.837,66049.5,388075.19057
2023-11-23 12:00:00,5.837,5.8582,5.748,5.771,43649.5,253182.94991
2023-11-23 16:00:00,5.771,5.833,5.7587,5.7828,27736.8,160932.86055
2023-11-23 20:00:00,5.7828,5.8553,5.779,5.8362,21195.3,123491.63957
2023-11-24 00:00:00,5.8362,5.8939,5.8087,5.8585,42158.7,246889.52205
2023-11-24 04:00:00,5.8585,5.923,5.8383,5.9119,30548.6,179450.83468
2023-11-24 08:00:00,5.9119,6.051,5.897,5.9839,88047.8,524634.27161
2023-11-24 12:00:00,5.9839,6.015,5.901,5.986,45421.5,270370.31344
2023-11-24 16:00:00,5.986,6.0148,5.896,5.9104,43952.7,261600.10113
2023-11-24 20:00:00,5.9104,5.9632,5.887,5.9454,33168.2,196652.77246
2023-11-25 00:00:00,5.9454,6.182,5.904,6.1266,50254.7,303047.56267
2023-11-25 04:00:00,6.1266,6.3543,6.1046,6.2754,171113.5,1061010.94626
2023-11-25 08:00:00,6.2754,6.294,6.133,6.2347,90002.3,559024.66437
2023-11-25 12:00:00,6.2347,6.441,6.2061,6.3967,289709.3,1840991.70616
2023-11-25 16:00:00,6.3967,6.4088,6.291,6.318,107227.4,680400.50815
2023-11-25 20:00:00,6.318,6.3287,6.2805,6.3256,34842.8,219432.22205
2023-11-26 00:00:00,6.3256,6.3324,6.187,6.2176,84212.5,524857.50697
2023-11-26 04:00:00,6.2176,6.318,6.208,6.2277,89338.9,558715.97034
2023-11-26 08:00:00,6.2277,6.2453,6.178,6.205,61741.1,383644.78037
2023-11-26 12:00:00,6.205,6.93,6.1583,6.578,1732302.6,11584582.08941
2023-11-26 16:00:00,6.578,6.5831,6.3432,6.4612,356540.8,2300057.06343
2023-11-26 20:00:00,6.4612,6.727,6.4568,6.6928,282566.7,1871727.11872
2023-11-27 00:00:00,6.6928,7.4678,6.688,7.177,2690392.8,19469761.09331
2023-11-27 04:00:00,7.177,7.207,6.9055,7.0001,1430750.6,10085869.59985
2023-11-27 08:00:00,7.0001,7.1987,6.7017,6.8589,1249049.3,8696014.55083
2023-11-27 12:00:00,6.8589,6.9015,6.6011,6.6715,697125.2,4706945.1267
2023-11-27 16:00:00,6.6715,6.7761,6.561,6.6233,404565.3,2707847.18455
2023-11-27 20:00:00,6.6233,6.88,6.569,6.8496,470785.7,3166195.02704
2023-11-28 00:00:00,6.8496,6.969,6.64,6.6735,517035.1,3506172.10962
2023-11-28 04:00:00,6.6735,7.0298,6.4018,6.6727,2000190.1,13355407.18985
2023-11-28 08:00:00,6.6727,6.8514,6.5952,6.706,720565.1,4850059.45935
2023-11-28 12:00:00,6.706,6.7678,6.6045,6.7092,354596.6,2370527.2571
2023-11-28 16:00:00,6.7092,6.8649,6.683,6.7961,260343.4,1763008.41604
2023-11-28 20:00:00,6.7961,6.832,6.7248,6.7805,97127.9,659227.54691
2023-11-29 00:00:00,6.7805,6.827,6.634,6.6672,263534.5,1775446.48048
2023-11-29 04:00:00,6.6672,6.677,6.6178,6.6433,132273.8,879253.99878
2023-11-29 08:00:00,6.6433,6.748,6.5112,6.5452,263960.0,1746117.50846
2023-11-29 12:00:00,6.5452,6.616,6.433,6.4773,279799.9,1819309.08825
2023-11-29 16:00:00,6.4773,6.504,6.408,6.4497,89916.4,579918.06308
2023-11-29 20:00:00,6.4497,6.503,6.4215,6.4808,46182.1,298538.56617
2023-11-30 00:00:00,6.4808,6.483,6.3086,6.4043,144431.0,921737.1022
2023-11-30 04:00:00,6.4043,6.426,6.291,6.3081,297318.3,1895260.87747
2023-11-30 08:00:00,6.3081,6.371,6.2557,6.3651,109849.7,693121.91996
2023-11-30 12:00:00,6.3651,6.481,6.2902,6.3335,134759.1,857695.49209
2023-11-30 16:00:00,6.3335,6.402,6.3211,6.354,28177.5,179539.39551
2023-11-30 20:00:00,6.354,6.3799,6.3283,6.3615,36800.0,233966.18349
2023-12-01 00:00:00,6.3615,6.447,6.272,6.4273,122717.2,781355.79798
2023-12-01 04:00:00,6.4273,6.593,6.4181,6.46,158217.9,1027104.284
2023-12-01 08:00:00,6.46,6.572,6.4033,6.4502,132262.1,855511.05511
2023-12-01 12:00:00,6.4502,6.478,6.401,6.4303,94931.2,611315.43137
2023-12-01 16:00:00,6.4303,6.491,6.4254,6.4851,44508.7,287613.16507
2023-12-01 20:00:00,6.4851,6.4943,6.4501,6.4879,29405.7,190405.51592
2023-12-02 00:00:00,6.4879,6.5785,6.4673,6.5205,114474.6,747120.88439
2023-12-02 04:00:00,6.5205,6.5859,6.4879,6.5116,73525.4,479508.04507
2023-12-02 08:00:00,6.5116,6.5983,6.5092,6.5841,71941.6,470664.12208
2023-12-02 12:00:00,6.5841,6.6077,6.4939,6.5441,57788.1,379198.78523
2023-12-02 16:00:00,6.5441,6.7,6.5278,6.6735,63312.2,418639.11362
2023-12-02 20:00:00,6.6735,6.6936,6.6403,6.659,46778.9,311972.78589
2023-12-03 00:00:00,6.659,6.7199,6.575,6.6126,102423.7,680015.00977
2023-12-03 04:00:00,6.6126,6.6198,6.5565,6.599,64118.9,421961.64599
2023-12-03 08:00:00,6.599,6.615,6.5227,6.5708,85256.2,560371.06602
2023-12-03 12:00:00,6.5708,6.7299,6.469,6.6821,153741.7,1013770.11653
2023-12-03 16:00:00,6.6821,6.892,6.6543,6.809,149259.4,1009442.45799
2023-12-03 20:00:00,6.809,6.838,6.6825,6.739,101693.5,688501.7622
2023-12-04 00:00:00,6.739,6.8465,6.6807,6.8285,122128.2,827684.84808
2023-12-04 04:00:00,6.8285,6.9204,6.801,6.8241,127275.1,871939.55195
2023-12-04 08:00:00,6.8241,6.876,6.362,6.6047,315983.4,2097083.93181
2023-12-04 12:00:00,6.6047,6.682,6.523,6.6009,137884.1,911629.77555
2023-12-04 16:00:00,6.6009,6.8075,6.592,6.6484,136437.3,914124.74418
2023-12-04 20:00:00,6.6484,6.753,6.6348,6.7462,53283.7,357057.42412
2023-12-05 00:00:00,6.7462,7.0948,6.693,6.8816,319478.8,2211422.60074
2023-12-05 04:00:00,6.8816,7.1861,6.8777,6.9894,214689.0,1506342.9108
2023-12-05 08:00:00,6.9894,7.0614,6.8818,6.95,115692.8,805789.26763
2023-12-05 12:00:00,6.95,6.9596,6.793,6.881,180449.8,1238308.80676
2023-12-05 16:00:00,6.881,7.1049,6.829,6.9892,186044.8,1296397.50657
2023-12-05 20:00:00,6.9892,7.1,6.9161,7.0152,177239.0,1243758.31476
2023-12-06 00:00:00,7.0152,7.457,7.004,7.1561,459739.0,3345256.55213
2023-12-06 04:00:00,7.1561,7.2315,7.0157,7.1641,130938.9,935194.54869
2023-12-06 08:00:00,7.1641,7.322,6.904,7.0584,212689.4,1511351.89963
2023-12-06 12:00:00,7.0584,7.1189,6.974,7.0748,162816.2,1145163.42141
2023-12-06 16:00:00,7.0748,7.121,7.0288,7.0913,48743.3,345053.23589
2023-12-06 20:00:00,7.0913,7.1029,6.846,6.931,155685.2,1082042.19558
2023-12-07 00:00:00,6.931,7.0897,6.9271,7.0452,95266.9,670854.23124
2023-12-07 04:00:00,7.0452,7.4127,7.0413,7.2809,383957.8,2785872.66335
2023-12-07 08:00:00,7.2809,7.2885,6.95,7.1774,186471.9,1331573.32053
2023-12-07 12:00:00,7.1774,7.321,7.1531,7.242,105393.2,764202.9106
2023-12-07 16:00:00,7.242,7.3509,7.204,7.234,77515.0,563739.62137
2023-12-07 20:00:00,7.234,7.3563,7.2037,7.3169,68809.5,501415.09658
2023-12-08 00:00:00,7.3169,7.3685,7.2131,7.3075,88180.7,642483.45532
2023-12-08 04:00:00,7.3075,7.34,7.1605,7.1852,86539.1,628294.82126
2023-12-08 08:00:00,7.1852,7.3312,7.15,7.3071,84704.9,612495.16731
2023-12-08 12:00:00,7.3071,7.4557,7.28,7.4292,232667.8,1714432.5464
2023-12-08 16:00:00,7.4292,7.629,7.4292,7.6076,131985.5,994577.39618
2023-12-08 20:00:00,7.6076,7.72,7.5657,7.6607,106716.2,815319.77316
2023-12-09 00:00:00,7.6607,7.8814,7.635,7.6977,477739.2,3687760.12166
2023-12-09 04:00:00,7.6977,7.8011,7.6689,7.796,168036.6,1299020.61076
2023-12-09 08:00:00,7.796,7.8785,7.519,7.7283,199533.0,1535946.75553
2023-12-09 12:00:00,7.7283,7.839,7.5769,7.709,240367.6,1862494.71594
2023-12-09 16:00:00,7.709,7.7673,7.6072,7.7124,67304.6,518464.77267
2023-12-09 20:00:00,7.7124,7.7749,7.5441,7.6322,69324.0,532922.12036
2023-12-10 00:00:00,7.6322,7.8487,7.6322,7.7198,88573.5,687009.10166
2023-12-10 04:00:00,7.7198,7.983,7.7051,7.9177,141014.8,1107842.25263
2023-12-10 08:00:00,7.9177,8.0479,7.5795,7.8179,240104.0,1881833.07978
2023-12-10 12:00:00,7.8179,7.9129,7.753,7.8047,139900.0,1094295.00367
2023-12-10 16:00:00,7.8047,7.8769,7.6523,7.8057,70248.7,544991.16511
2023-12-10 20:00:00,7.8057,7.9098,7.757,7.8296,60175.0,472095.98429
2023-12-11 00:00:00,7.8296,7.832,6.883,7.3119,367698.8,2688138.34551
2023-12-11 04:00:00,7.3119,7.3407,7.109,7.178,106654.7,771840.13265
2023-12-11 08:00:00,7.178,7.2844,7.1181,7.2785,49063.0,354020.61526
2023-12-11 12:00:00,7.2785,7.33,7.0771,7.1531,124473.6,894369.14228
2023-12-11 16:00:00,7.1531,7.1977,6.8373,7.0132,161139.8,1128403.8203
2023-12-11 20:00:00,7.0132,7.106,6.9731,7.091,68548.9,484401.28359
2023-12-12 00:00:00,7.091,7.2876,7.091,7.2472,95394.3,688202.91388
2023-12-12 04:00:00,7.2472,7.2911,7.11,7.2883,99583.0,715321.5962
2023-12-12 08:00:00,7.2883,7.312,7.1418,7.1513,168357.4,1215104.35556
2023-12-12 12:00:00,7.1513,7.2949,7.04,7.1592,190774.8,1371186.70572
2023-12-12 16:00:00,7.1592,7.1898,6.9985,7.1291,72954.8,518035.35566
2023-12-12 20:00:00,7.1291,7.2579,7.0671,7.2108,40495.3,289717.97873
2023-12-13 00:00:00,7.2108,7.227,6.832,6.871,181949.0,1267306.22519
2023-12-13 04:00:00,6.871,6.9566,6.725,6.862,151984.7,1042135.58218
2023-12-13 08:00:00,6.862,6.9405,6.8188,6.8306,48552.0,334939.38331
2023-12-13 12:00:00,6.8306,7.041,6.8271,7.0194,75300.5,522797.59679
2023-12-13 16:00:00,7.0194,7.1928,6.9624,7.1909,66880.7,474105.55732
2023-12-13 20:00:00,7.1909,7.301,7.1585,7.2674,76210.7,550456.82272
2023-12-14 00:00:00,7.2674,7.2879,7.1574,7.1845,64421.7,464913.71524
2023-12-14 04:00:00,7.1845,7.279,7.1574,7.263,68812.9,497071.48973
2023-12-14 08:00:00,7.263,7.476,7.2496,7.4542,233792.0,1719044.22603
2023-12-14 12:00:00,7.4542,7.4848,7.057,7.3102,152932.4,1119534.90557
2023-12-14 16:00:00,7.3102,7.4307,7.3065,7.3741,58476.2,432195.84828
2023-12-14 20:00:00,7.3741,7.452,7.324,7.4151,43620.5,323148.59119
2023-12-15 00:00:00,7.4151,7.4263,7.268,7.2759,295651.1,2172644.81761
2023-12-15 04:00:00,7.2759,7.2922,7.188,7.1897,90315.4,654498.67899
2023-12-15 08:00:00,7.1897,7.279,7.171,7.2533,40325.5,291824.8219
2023-12-15 12:00:00,7.2533,7.277,7.104,7.1584,79074.5,568891.36366
2023-12-15 16:00:00,7.1584,7.23,7.1164,7.1859,21796.7,156385.90784
2023-12-15 20:00:00,7.1859,7.1983,6.993,7.0044,39829.6,282325.03015
2023-12-16 00:00:00,7.0044,7.1404,6.9127,7.1314,61710.6,435558.1923
2023-12-16 04:00:00,7.1314,7.194,7.105,7.137,87544.4,624856.58203
2023-12-16 08:00:00,7.137,7.179,7.121,7.1783,34500.7,246815.53727
2023-12-16 12:00:00,7.1783,7.2366,7.1546,7.2316,32765.5,235463.33874
2023-12-16 16:00:00,7.2316,7.348,7.159,7.2,76077.3,550802.8942
2023-12-16 20:00:00,7.2,7.284,7.164,7.2316,36830.5,266338.55937
2023-12-17 00:00:00,7.2316,7.2776,7.129,7.1768,69533.8,500300.97882
2023-12-17 04:00:00,7.1768,7.3164,7.085,7.099,88672.1,636941.28159
2023-12-17 08:00:00,7.099,7.202,7.0847,7.1859,50307.8,360270.72904
2023-12-17 12:00:00,7.1859,7.1999,7.0043,7.1183,48807.2,345737.39081
2023-12-17 16:00:00,7.1183,7.2322,7.0913,7.1574,16157.8,115813.75177
2023-12-17 20:00:00,7.1574,7.1985,6.927,6.9517,27155.4,190775.09572
2023-12-18 00:00:00,6.9517,7.025,6.789,6.8636,89600.8,615702.44412
2023-12-18 04:00:00,6.8636,6.8973,6.772,6.7869,52118.8,356638.94251
2023-12-18 08:00:00,6.7869,6.8389,6.433,6.6218,252663.5,1672405.79107
2023-12-18 12:00:00,6.6218,6.7443,6.5536,6.643,42814.3,284967.68704
2023-12-18 16:00:00,6.643,6.7124,6.604,6.697,62730.7,417956.07773
2023-12-18 20:00:00,6.697,6.9289,6.6506,6.9289,54430.2,371364.51033
2023-12-19 00:00:00,6.9289,7.0352,6.869,6.9847,50705.7,353200.44756
2023-12-19 04:00:00,6.9847,7.0713,6.9415,7.0538,62055.2,435413.08971
2023-12-19 08:00:00,7.0538,7.106,6.986,7.0614,43773.5,308575.3883
2023-12-19 12:00:00,7.0614,7.103,6.8673,6.9602,106656.4,747224.08453
2023-12-19 16:00:00,6.9602,6.9922,6.791,6.9473,85135.4,585799.83214
2023-12-19 20:00:00,6.9473,6.9741,6.849,6.8918,41640.5,287111.87905
2023-12-20 00:00:00,6.8918,6.9633,6.824,6.9318,38075.0,262878.4849
2023-12-20 04:00:00,6.9318,7.162,6.9212,7.1564,68818.0,484464.15717
2023-12-20 08:00:00,7.1564,7.4239,7.1217,7.4016,134168.9,979571.40692
2023-12-20 12:00:00,7.4016,7.506,7.3444,7.4559,132345.1,985802.61212
2023-12-20 16:00:00,7.4559,7.4868,7.33,7.3344,81346.0,602372.29408
2023-12-20 20:00:00,7.3344,7.352,7.209,7.2898,53732.9,390991.20449
2023-12-21 00:00:00,7.2898,7.3671,7.2246,7.29,60800.8,442754.64952
2023-12-21 04:00:00,7.29,7.3582,7.2635,7.3579,34287.9,250857.78163
2023-12-21 08:00:00,7.3579,7.495,7.34,7.495,72141.6,536463.00554
2023-12-21 12:00:00,7.495,7.538,7.324,7.4266,112943.6,837914.38198
2023-12-21 16:00:00,7.4266,7.5229,7.402,7.5051,53216.6,397314.99012
2023-12-21 20:00:00,7.5051,7.6,7.4832,7.5793,90828.8,685134.16784
2023-12-22 00:00:00,7.5793,7.6604,7.4771,7.5556,91205.6,690676.01305
2023-12-22 04:00:00,7.5556,7.5859,7.3517,7.4171,86698.4,649116.71769
2023-12-22 08:00:00,7.4171,7.5544,7.31,7.5448,41649.2,309867.49769
2023-12-22 12:00:00,7.5448,7.576,7.4013,7.5592,30214.4,226693.92961
2023-12-22 16:00:00,7.5592,7.605,7.4707,7.4784,45500.7,343138.39769
2023-12-22 20:00:00,7.4784,7.6393,7.4784,7.6301,25675.9,194531.39001
2023-12-23 00:00:00,7.6301,7.6356,7.3453,7.365,57950.4,434511.19913
2023-12-23 04:00:00,7.365,7.4622,7.3051,7.381,77531.8,572325.7996
2023-12-23 08:00:00,7.381,7.5836,7.3739,7.465,80083.1,602346.88392
2023-12-23 12:00:00,7.465,7.524,7.434,7.4843,67492.7,504811.51919
2023-12-23 16:00:00,7.4843,7.5498,7.4677,7.541,38686.5,290480.38479
2023-12-23 20:00:00,7.541,7.7187,7.5215,7.679,48560.1,370217.37921
2023-12-24 00:00:00,7.679,7.96,7.602,7.9403,167707.5,1311527.26859
2023-12-24 04:00:00,7.9403,8.232,7.825,8.157,303696.3,2436413.78106
2023-12-24 08:00:00,8.157,8.1794,7.914,7.9567,191319.0,1537334.58142
2023-12-24 12:00:00,7.9567,8.4639,7.907,8.384,304809.9,2482594.41305
2023-12-24 16:00:00,8.384,9.4808,8.16,9.1834,830593.7,7309493.57287
2023-12-24 20:00:00,9.1834,9.329,8.516,9.1299,677514.6,6038165.37214
2023-12-25 00:00:00,9.1299,9.2769,8.7641,9.0829,642065.9,5803165.92039
2023-12-25 04:00:00,9.0829,10.999,9.035,10.503,2307729.1,23621712.95162
2023-12-25 08:00:00,10.503,11.07,10.3548,11.0283,2944333.2,31628633.75431
2023-12-25 12:00:00,11.0283,11.123,10.0661,10.2057,2325665.8,24476354.40337
2023-12-25 16:00:00,10.2057,10.3542,9.85,10.1223,796056.2,8078701.21819
2023-12-25 20:00:00,10.1223,10.3174,10.0255,10.2359,342720.7,3492082.27773
2023-12-26 00:00:00,10.2359,10.6893,10.1675,10.4067,724344.7,7544068.54145
2023-12-26 04:00:00,10.4067,10.459,9.715,9.8915,889423.1,8906480.82388
2023-12-26 08:00:00,9.8915,10.3,9.5523,10.0804,774347.0,7627779.99382
2023-12-26 12:00:00,10.0804,10.1886,9.623,9.6381,583100.0,5796744.49546
2023-12-26 16:00:00,9.6381,9.8054,9.076,9.4725,441255.1,4177773.84701
2023-12-26 20:00:00,9.4725,9.93,9.4645,9.8524,195558.0,1903041.78821
2023-12-27 00:00:00,9.8524,9.9067,9.285,9.3397,262649.1,2493317.17838
2023-12-27 04:00:00,9.3397,9.551,9.3327,9.447,154499.2,1458016.08692
2023-12-27 08:00:00,9.447,9.7405,9.4083,9.5493,201069.8,1926569.53294
2023-12-27 12:00:00,9.5493,9.7554,9.5094,9.5872,221290.0,2127557.96659
2023-12-27 16:00:00,9.5872,9.9041,9.4146,9.752,288017.8,2790275.81044
2023-12-27 20:00:00,9.752,9.8578,9.548,9.7496,120376.8,1168428.29684
2023-12-28 00:00:00,9.7496,9.8585,9.3523,9.426,262998.4,2521791.85729
2023-12-28 04:00:00,9.426,9.4779,9.159,9.3198,304473.2,2830156.6043
2023-12-28 08:00:00,9.3198,9.36,9.237,9.3457,111459.1,1036453.38094
2023-12-28 12:00:00,9.3457,9.352,8.836,8.9853,456235.0,4126607.00204
2023-12-28 16:00:00,8.9853,9.1259,8.9017,9.069,119316.0,1078845.87817
2023-12-28 20:00:00,9.069,9.1886,8.958,9.1007,82352.2,746624.77299
2023-12-29 00:00:00,9.1007,9.4839,9.0981,9.3766,438244.4,4085582.16996
2023-12-29 04:00:00,9.3766,9.677,9.323,9.4233,258584.8,2458609.7528
2023-12-29 08:00:00,9.4233,9.6528,9.3997,9.4196,232827.9,2212546.26266
2023-12-29 12:00:00,9.4196,9.4458,9.054,9.18,267499.2,2486900.39297
2023-12-29 16:00:00,9.18,9.232,8.925,9.1338,155705.2,1410868.13971
2023-12-29 20:00:00,9.1338,9.1428,8.8498,9.0896,60052.0,541695.82321
2023-12-30 00:00:00,9.0896,9.185,8.915,8.9709,97986.6,885714.13003
2023-12-30 04:00:00,8.9709,9.0728,8.9709,8.991,63469.5,572579.84761
2023-12-30 08:00:00,8.991,9.0087,8.813,8.9481,149247.6,1330567.77928
2023-12-30 12:00:00,8.9481,9.0885,8.933,9.0762,111564.8,1005004.5264
2023-12-30 16:00:00,9.0762,9.188,9.0533,9.1792,67272.6,613219.92869
2023-12-30 20:00:00,9.1792,9.297,9.057,9.0711,66055.5,606233.40937
2023-12-31 00:00:00,9.0711,9.2755,8.9585,9.1141,181778.6,1654172.05768
2023-12-31 04:00:00,9.1141,9.206,9.0794,9.1448,47145.7,430731.24041
2023-12-31 08:00:00,9.1448,9.241,9.0874,9.1962,53712.2,492598.5306
2023-12-31 12:00:00,9.1962,9.244,9.086,9.2014,91604.8,841687.83499
2023-12-31 16:00:00,9.2014,9.25,9.1553,9.1691,41907.4,385393.62108
2023-12-31 20:00:00,9.1691,9.1819,8.518,8.856,152003.1,1348251.71439
2024-01-01 00:00:00,8.856,8.9023,8.7219,8.7369,75989.9,670501.58605
2024-01-01 04:00:00,8.7369,8.784,8.6111,8.7261,97816.1,852129.7704
2024-01-01 08:00:00,8.7261,8.8181,8.689,8.8181,59121.8,518382.23215
2024-01-01 12:00:00,8.8181,8.939,8.8011,8.9386,68443.6,607135.09126
2024-01-01 16:00:00,8.9386,9.104,8.9199,9.0827,93555.8,842540.11788
2024-01-01 20:00:00,9.0827,9.3063,9.052,9.251,94408.0,869514.8004
2024-01-02 00:00:00,9.251,9.5872,9.184,9.3677,113138.1,1059673.37715
2024-01-02 04:00:00,9.3677,9.454,9.336,9.427,96951.1,909275.96137
2024-01-02 08:00:00,9.427,9.563,9.378,9.4273,111070.2,1054050.99606
2024-01-02 12:00:00,9.4273,9.461,9.0499,9.067,130118.7,1200839.17813
2024-01-02 16:00:00,9.067,9.0831,8.8039,8.8927,103292.7,920406.92072
2024-01-02 20:00:00,8.8927,9.006,8.814,8.9476,58716.9,522766.01955
2024-01-03 00:00:00,8.9476,9.041,8.8982,8.9709,78035.6,698559.61572
2024-01-03 04:00:00,8.9709,9.085,8.9504,8.999,98476.3,887670.35543
2024-01-03 08:00:00,8.999,9.123,8.545,8.6467,215045.3,1899642.29091
2024-01-03 12:00:00,8.6467,8.6589,6.648,8.0105,596724.9,4648605.06803
2024-01-03 16:00:00,8.0105,8.1102,7.7621,7.8889,84515.8,670938.39586
2024-01-03 20:00:00,7.8889,8.0577,7.8766,7.9256,46926.5,374192.43812
2024-01-04 00:00:00,7.9256,8.4135,7.732,8.3208,118873.7,950360.95432
2024-01-04 04:00:00,8.3208,8.4882,8.0961,8.1056,131051.2,1084223.85326
2024-01-04 08:00:00,8.1056,8.2943,8.0374,8.2196,100125.9,815794.73154
2024-01-04 12:00:00,8.2196,8.5,8.1783,8.3997,311334.6,2600676.58246
2024-01-04 16:00:00,8.3997,8.4717,8.3083,8.4034,72637.9,609000.80872
2024-01-04 20:00:00,8.4034,8.4943,8.3505,8.382,66488.0,558649.91701
2024-01-05 00:00:00,8.382,8.4662,7.975,8.1066,147370.2,1210542.74288
2024-01-05 04:00:00,8.1066,8.1765,8.035,8.0705,167586.6,1357348.57321
2024-01-05 08:00:00,8.0705,8.1724,7.9099,7.9372,113214.1,909821.15001
2024-01-05 12:00:00,7.9372,8.0318,7.7104,7.82,172893.6,1354407.15853
2024-01-05 16:00:00,7.82,7.8823,7.635,7.7938,111755.2,867122.92472
2024-01-05 20:00:00,7.7938,7.9641,7.7851,7.959,30201.2,237646.40372
2024-01-06 00:00:00,7.959,8.116,7.9146,7.9777,85842.3,687013.41291
2024-01-06 04:00:00,7.9777,8.0117,7.443,7.631,134683.9,1029491.38585
2024-01-06 08:00:00,7.631,7.7822,7.559,7.7785,50485.9,389261.99936
2024-01-06 12:00:00,7.7785,8.0689,7.68,7.9569,151369.5,1188126.78042
2024-01-06 16:00:00,7.9569,8.0984,7.9347,7.9993,63547.3,510015.96048
2024-01-06 20:00:00,7.9993,8.23,7.957,8.1179,295957.1,2407163.13848
2024-01-07 00:00:00,8.1179,8.2243,8.0033,8.1355,192757.4,1562123.17234
2024-01-07 04:00:00,8.1355,8.1718,8.072,8.1138,62850.8,510453.08521
2024-01-07 08:00:00,8.1138,8.1306,7.86,7.9294,209411.8,1664874.03781
2024-01-07 12:00:00,7.9294,7.9807,7.7656,7.8028,100041.3,787290.9724
2024-01-07 16:00:00,7.8028,7.8564,7.685,7.7941,77661.5,603314.56019
2024-01-07 20:00:00,7.7941,7.8068,7.3651,7.4726,203797.3,1534268.6264
2024-01-08 00:00:00,7.4726,7.5043,6.8347,6.9654,302338.3,2176410.10718
2024-01-08 04:00:00,6.9654,7.2938,6.9233,7.1996,87777.8,627954.99153
2024-01-08 08:00:00,7.1996,7.4352,7.0564,7.425,85569.5,616268.31232
2024-01-08 12:00:00,7.425,7.5692,7.375,7.4971,156705.6,1170184.53941
2024-01-08 16:00:00,7.4971,7.8999,7.4317,7.8691,97784.7,751592.19544
2024-01-08 20:00:00,7.8691,7.9483,7.7871,7.9137,128891.3,1013623.99681
2024-01-09 00:00:00,7.9137,7.9294,7.677,7.8016,101038.6,788283.38369
2024-01-09 04:00:00,7.8016,7.9554,7.7811,7.8125,63329.1,497351.55877
2024-01-09 08:00:00,7.8125,7.8921,7.566,7.6681,70298.1,541362.78416
2024-01-09 12:00:00,7.6681,7.6968,7.228,7.4159,140259.1,1044066.66363
2024-01-09 16:00:00,7.4159,7.4376,7.2223,7.3079,86760.3,639047.58644
2024-01-09 20:00:00,7.3079,7.5269,7.18,7.4824,142961.4,1049622.23728
2024-01-10 00:00:00,7.4824,7.561,7.416,7.4907,61543.1,460750.05344
2024-01-10 04:00:00,7.4907,7.528,7.3571,7.3806,46143.9,343797.1588
2024-01-10 08:00:00,7.3806,7.6423,7.297,7.5408,78872.7,588190.12479
2024-01-10 12:00:00,7.5408,7.5739,7.2108,7.5432,125482.5,926769.05544
2024-01-10 16:00:00,7.5432,7.7256,7.4801,7.713,67516.4,513488.82462
2024-01-10 20:00:00,7.713,8.3259,7.502,8.1674,176819.4,1404752.70818
2024-01-11 00:00:00,8.1674,8.7239,8.079,8.5587,198325.6,1683231.20107
2024-01-11 04:00:00,8.5587,8.6249,8.217,8.3836,121480.2,1017866.61691
2024-01-11 08:00:00,8.3836,8.7239,8.3581,8.6812,90306.6,769644.29999
2024-01-11 12:00:00,8.6812,8.7043,8.3662,8.4682,187736.3,1611045.83262
2024-01-11 16:00:00,8.4682,8.5184,8.237,8.5134,111926.3,937404.56662
2024-01-11 20:00:00,8.5134,8.5473,8.3324,8.4975,61962.0,522987.11496
2024-01-12 00:00:00,8.4975,8.939,8.4619,8.6905,307466.7,2702270.2811
2024-01-12 04:00:00,8.6905,8.729,8.5069,8.5571,72732.3,626812.02412
2024-01-12 08:00:00,8.5571,8.5605,8.2877,8.502,123389.2,1040952.73682
2024-01-12 12:00:00,8.502,8.5927,8.2441,8.2968,185195.0,1560314.91343
2024-01-12 16:00:00,8.2968,8.3996,7.88,8.1604,190958.3,1555839.49204
2024-01-12 20:00:00,8.1604,8.22,7.62,7.9311,149027.7,1178251.34901
2024-01-13 00:00:00,7.9311,8.06,7.649,7.8706,108150.2,847512.59889
2024-01-13 04:00:00,7.8706,8.0483,7.851,7.999,89857.9,718127.26648
2024-01-13 08:00:00,7.999,8.0629,7.9111,8.0177,64662.2,517169.20874
2024-01-13 12:00:00,8.0177,8.2568,8.0115,8.1783,103946.8,845120.8274
2024-01-13 16:00:00,8.1783,8.1783,8.063,8.1435,55521.2,451039.40537
2024-01-13 20:00:00,8.1435,8.1983,8.1129,8.1707,78572.1,640682.07276
2024-01-14 00:00:00,8.1707,8.184,8.0023,8.0155,68695.3,554911.3816
2024-01-14 04:00:00,8.0155,8.1253,7.897,8.0882,92828.7,745292.61168
2024-01-14 08:00:00,8.0882,8.1312,8.0363,8.0722,53469.7,431946.09813
2024-01-14 12:00:00,8.0722,8.1048,7.9743,8.062,46917.8,377551.83428
2024-01-14 16:00:00,8.062,8.067,7.83,7.8412,65515.8,521230.99595
2024-01-14 20:00:00,7.8412,7.96,7.74,7.782,87165.9,684286.15568
2024-01-15 00:00:00,7.782,7.9935,7.768,7.9486,79250.5,626525.07264
2024-01-15 04:00:00,7.9486,7.9943,7.8445,7.8915,34564.8,274082.33131
2024-01-15 08:00:00,7.8915,7.9621,7.847,7.9261,53314.1,421319.31191
2024-01-15 12:00:00,7.9261,8.0006,7.7439,7.7713,72860.9,573495.9034
2024-01-15 16:00:00,7.7713,8.0284,7.7424,7.913,60556.9,476973.71521
2024-01-15 20:00:00,7.913,7.9744,7.7324,7.8511,39396.2,309191.90079
2024-01-16 00:00:00,7.8511,7.999,7.846,7.9692,39890.6,316389.61466
2024-01-16 04:00:00,7.9692,7.9804,7.861,7.9346,79457.9,628121.1868
2024-01-16 08:00:00,7.9346,8.0134,7.8968,7.954,48023.8,382162.45446
2024-01-16 12:00:00,7.954,8.1616,7.7981,8.0896,183347.4,1467934.71902
2024-01-16 16:00:00,8.0896,8.4,8.083,8.2286,160325.8,1324303.81093
2024-01-16 20:00:00,8.2286,8.434,8.2286,8.3114,76606.4,639585.32439
2024-01-17 00:00:00,8.3114,8.4599,8.151,8.1538,149554.6,1234870.46665
2024-01-17 04:00:00,8.1538,8.165,7.974,8.0115,142070.0,1147442.57791
2024-01-17 08:00:00,8.0115,8.2111,7.9444,8.1417,216920.8,1753277.80485
2024-01-17 12:00:00,8.1417,8.1726,7.9789,7.996,171617.1,1389513.45701
2024-01-17 16:00:00,7.996,8.0859,7.914,8.043,47610.7,381552.50939
2024-01-17 20:00:00,8.043,8.079,7.944,8.0765,40411.8,324418.00947
2024-01-18 00:00:00,8.0765,8.0818,7.833,7.9171,109012.2,867030.4674
2024-01-18 04:00:00,7.9171,8.0088,7.8941,7.9849,60435.1,480503.36737
2024-01-18 08:00:00,7.9849,8.001,7.768,7.8346,78580.3,619171.2646
2024-01-18 12:00:00,7.8346,7.9089,7.7325,7.8652,81515.4,637402.94548
2024-01-18 16:00:00,7.8652,7.8689,7.426,7.4875,184106.1,1402135.28891
2024-01-18 20:00:00,7.4875,7.6201,7.481,7.5763,50065.7,378324.99591
2024-01-19 00:00:00,7.5763,7.775,7.4879,7.752,242512.4,1852694.19162
2024-01-19 04:00:00,7.752,7.8157,7.6545,7.7077,92186.4,711163.22199
2024-01-19 08:00:00,7.7077,7.7077,7.5905,7.6654,66376.4,507146.46608
2024-01-19 12:00:00,7.6654,7.697,7.3354,7.3496,221304.6,1663837.95859
2024-01-19 16:00:00,7.3496,7.5357,7.1,7.5254,199711.9,1455673.51109
2024-01-19 20:00:00,7.5254,7.5965,7.4796,7.5754,45347.9,341924.41451
2024-01-20 00:00:00,7.5754,7.7766,7.5108,7.6413,135072.8,1033656.76688
2024-01-20 04:00:00,7.6413,7.7105,7.6253,7.6346,34588.3,265297.85024
2024-01-20 08:00:00,7.6346,7.7713,7.6103,7.707,68083.3,522822.84266
2024-01-20 12:00:00,7.707,7.9257,7.6924,7.7658,115497.2,902136.20939
2024-01-20 16:00:00,7.7658,7.8267,7.723,7.7778,44116.6,343388.67899
2024-01-20 20:00:00,7.7778,7.8852,7.7597,7.7905,63838.8,499592.81694
2024-01-21 00:00:00,7.7905,7.824,7.6949,7.7734,45673.0,353948.19955
2024-01-21 04:00:00,7.7734,7.8438,7.7178,7.8369,55117.2,430014.0585
2024-01-21 08:00:00,7.8369,8.0029,7.7773,7.8894,136197.0,1074466.78124
2024-01-21 12:00:00,7.8894,7.9285,7.812,7.8457,73178.5,576979.29406
2024-01-21 16:00:00,7.8457,7.9725,7.765,7.9149,26955.1,212174.72164
2024-01-21 20:00:00,7.9149,7.9309,7.7525,7.7846,30179.6,236762.75377
2024-01-22 00:00:00,7.7846,7.912,7.581,7.6618,125516.2,968088.06205
2024-01-22 04:00:00,7.6618,7.748,7.5542,7.6303,119071.7,910963.08605
2024-01-22 08:00:00,7.6303,7.6444,7.42,7.5472,220319.1,1663593.19189
2024-01-22 12:00:00,7.5472,7.629,7.3,7.441,166884.9,1247339.36024
2024-01-22 16:00:00,7.441,7.488,7.2,7.2999,85345.5,628246.4762
2024-01-22 20:00:00,7.2999,7.4169,7.233,7.2585,85458.3,623830.8435
2024-01-23 00:00:00,7.2585,7.416,7.192,7.3688,36981.5,270191.92645
2024-01-23 04:00:00,7.3688,7.4088,7.13,7.1705,105875.2,770037.78305
2024-01-23 08:00:00,7.1705,7.2362,6.71,6.9026,182334.5,1268174.09028
2024-01-23 12:00:00,6.9026,6.972,6.7358,6.9137,205625.1,1413850.66603
2024-01-23 16:00:00,6.9137,6.9456,6.766,6.7672,66423.2,455331.70005
2024-01-23 20:00:00,6.7672,7.0584,6.74,7.0559,51471.3,354644.59485
2024-01-24 00:00:00,7.0559,7.264,7.001,7.0679,84304.0,600401.20352
2024-01-24 04:00:00,7.0679,7.2424,7.0408,7.1845,67548.2,483449.52597
2024-01-24 08:00:00,7.1845,7.3327,7.11,7.2369,113341.6,819228.53623
2024-01-24 12:00:00,7.2369,7.2664,7.133,7.215,63300.7,455477.53186
2024-01-24 16:00:00,7.215,7.258,7.0631,7.1081,19705.3,140978.61794
2024-01-24 20:00:00,7.1081,7.2116,7.0595,7.1881,27332.1,194823.8667
2024-01-25 00:00:00,7.1881,7.1909,7.024,7.0545,33734.3,238639.00072
2024-01-25 04:00:00,7.0545,7.0887,6.9628,7.0602,47224.3,332419.89552
2024-01-25 08:00:00,7.0602,7.1189,6.991,7.0827,38287.0,269567.98537
2024-01-25 12:00:00,7.0827,7.117,6.935,6.9698,45994.6,322377.12781
2024-01-25 16:00:00,6.9698,7.1339,6.938,7.1058,19844.0,139645.54149
2024-01-25 20:00:00,7.1058,7.1595,7.067,7.1026,26110.1,185352.28794
2024-01-26 00:00:00,7.1026,7.183,7.0241,7.1198,41720.2,297910.61982
2024-01-26 04:00:00,7.1198,7.1591,7.062,7.0722,22299.4,158871.61944
2024-01-26 08:00:00,7.0722,7.305,7.067,7.2827,47467.9,342164.84033
2024-01-26 12:00:00,7.2827,7.309,7.2054,7.299,71901.5,521815.58872
2024-01-26 16:00:00,7.299,7.3922,7.299,7.3518,89637.4,659967.05863
2024-01-26 20:00:00,7.3518,7.3796,7.2541,7.326,18066.0,132095.39377
2024-01-27 00:00:00,7.326,7.3585,7.2803,7.3142,16033.4,117384.42118
2024-01-27 04:00:00,7.3142,7.341,7.2054,7.2348,63729.9,463080.2192
2024-01-27 08:00:00,7.2348,7.2861,7.1824,7.2702,72060.9,520147.19223
2024-01-27 12:00:00,7.2702,7.375,7.26,7.3674,36006.8,263761.18873
2024-01-27 16:00:00,7.3674,7.424,7.3188,7.3997,39106.2,287840.77246
2024-01-27 20:00:00,7.3997,7.408,7.331,7.361,91972.2,677319.91155
2024-01-28 00:00:00,7.361,7.4674,7.324,7.4448,103183.4,764099.80918
2024-01-28 04:00:00,7.4448,7.506,7.3544,7.3636,85430.9,636173.33491
2024-01-28 08:00:00,7.3636,7.4578,7.325,7.3651,128011.8,944436.81825
2024-01-28 12:00:00,7.3651,7.3687,7.269,7.3338,60769.0,444716.23712
2024-01-28 16:00:00,7.3338,7.3941,7.192,7.2329,42517.2,310681.03871
2024-01-28 20:00:00,7.2329,7.3191,7.1843,7.2819,148446.0,1077220.18161
2024-01-29 00:00:00,7.2819,7.359,7.2281,7.3269,35224.9,257423.95364
2024-01-29 04:00:00,7.3269,7.352,7.248,7.2571,54649.9,399573.48287
2024-01-29 08:00:00,7.2571,7.363,7.2302,7.303,43109.2,315168.46209
2024-01-29 12:00:00,7.303,7.3198,7.153,7.2972,43298.4,312844.67079
2024-01-29 16:00:00,7.2972,7.482,7.2715,7.449,55945.2,414618.91467
2024-01-29 20:00:00,7.449,7.494,7.438,7.4845,38819.6,289975.76219
2024-01-30 00:00:00,7.4845,7.5747,7.4351,7.4577,69863.7,524386.63938
2024-01-30 04:00:00,7.4577,7.485,7.4198,7.4568,52960.2,394675.73922
2024-01-30 08:00:00,7.4568,7.53,7.428,7.5261,35840.8,268116.74003
2024-01-30 12:00:00,7.5261,7.6553,7.352,7.555,227793.4,1705847.53268
2024-01-30 16:00:00,7.555,7.619,7.486,7.5298,54968.7,414663.96875
2024-01-30 20:00:00,7.5298,7.5486,7.306,7.3448,106732.7,790903.13671
2024-01-31 00:00:00,7.3448,7.4281,7.211,7.2839,347794.8,2528503.93449
2024-01-31 04:00:00,7.2839,7.295,7.22,7.234,36966.6,268233.51687
2024-01-31 08:00:00,7.234,7.241,6.9797,7.0507,136082.8,966003.34153
2024-01-31 12:00:00,7.0507,7.099,6.9151,7.0699,66020.2,462932.40254
2024-01-31 16:00:00,7.0699,7.118,7.0001,7.052,42597.6,301569.69365
2024-01-31 20:00:00,7.052,7.0675,6.8631,6.9488,59775.7,415134.75799
2024-02-01 00:00:00,6.9488,7.0057,6.782,6.8539,84695.0,581253.50454
2024-02-01 04:00:00,6.8539,6.9625,6.8235,6.9016,53591.7,370013.80795
2024-02-01 08:00:00,6.9016,6.966,6.8826,6.8909,19230.8,133163.38396
2024-02-01 12:00:00,6.8909,6.9862,6.8753,6.9308,57502.3,398383.93062
2024-02-01 16:00:00,6.9308,7.0245,6.8652,6.989,104846.2,730268.16464
2024-02-01 20:00:00,6.989,7.027,6.9701,7.0262,29667.8,207494.32905
2024-02-02 00:00:00,7.0262,7.0754,7.0047,7.0407,46469.0,327484.63815
2024-02-02 04:00:00,7.0407,7.1141,7.007,7.1,43378.0,306814.08904
2024-02-02 08:00:00,7.1,7.1122,7.0498,7.0814,67219.8,476017.60675
2024-02-02 12:00:00,7.0814,7.1484,6.9747,7.145,124593.9,875491.12489
2024-02-02 16:00:00,7.145,7.1614,7.0321,7.0724,56878.8,405007.25589
2024-02-02 20:00:00,7.0724,7.145,7.042,7.1095,27272.8,193411.15259
2024-02-03 00:00:00,7.1095,7.2816,7.1003,7.1852,89995.0,649116.68375
2024-02-03 04:00:00,7.1852,7.242,7.166,7.179,89570.2,644264.05156
2024-02-03 08:00:00,7.179,7.29,7.1771,7.2044,68536.8,494385.36636
2024-02-03 12:00:00,7.2044,7.244,7.1001,7.1504,116991.2,838613.50547
2024-02-03 16:00:00,7.1504,7.1947,7.1444,7.1847,34619.3,248278.15567
2024-02-03 20:00:00,7.1847,7.1882,7.112,7.1352,40637.4,290048.01404
2024-02-04 00:00:00,7.1352,7.1352,7.026,7.0551,85096.7,601123.4615
2024-02-04 04:00:00,7.0551,7.057,6.946,6.9896,66527.6,466044.36403
2024-02-04 08:00:00,6.9896,7.0749,6.9546,7.0536,34220.2,240114.55658
2024-02-04 12:00:00,7.0536,7.113,7.0361,7.0566,15550.4,109865.42699
2024-02-04 16:00:00,7.0566,7.0817,6.972,7.0084,25050.9,175929.81196
2024-02-04 20:00:00,7.0084,7.0787,6.9049,6.9538,32964.9,229826.60346
2024-02-05 00:00:00,6.9538,7.0017,6.849,6.9963,43784.0,303530.33147
2024-02-05 04:00:00,6.9963,7.0634,6.9841,7.0437,21537.1,151354.40078
2024-02-05 08:00:00,7.0437,7.27,6.919,7.014,145088.5,1022530.51838
2024-02-05 12:00:00,7.014,7.072,6.9378,6.9515,127745.7,896586.77222
2024-02-05 16:00:00,6.9515,6.9817,6.9011,6.9136,43248.1,300195.85088
2024-02-05 20:00:00,6.9136,6.9159,6.7769,6.861,71350.4,488327.03875
2024-02-06 00:00:00,6.861,6.8704,6.793,6.845,53251.8,363734.90529
2024-02-06 04:00:00,6.845,6.8728,6.7972,6.8447,43516.9,297023.8756
2024-02-06 08:00:00,6.8447,6.9152,6.8101,6.8507,92064.4,632810.28536
2024-02-06 12:00:00,6.8507,6.8943,6.8203,6.8879,87970.8,603270.93565
2024-02-06 16:00:00,6.8879,6.9648,6.8641,6.9569,39257.1,271367.69237
2024-02-06 20:00:00,6.9569,6.9879,6.94,6.9446,30980.1,215716.66215
2024-02-07 00:00:00,6.9446,7.0631,6.9446,6.9856,157652.0,1105333.62889
2024-02-07 04:00:00,6.9856,7.015,6.8421,6.8817,44213.9,305286.98285
2024-02-07 08:00:00,6.8817,6.931,6.868,6.8914,26314.1,181369.06965
2024-02-07 12:00:00,6.8914,7.025,6.884,7.0061,58813.9,409344.08978
2024-02-07 16:00:00,7.0061,7.115,6.996,7.0732,87316.1,616329.34901
2024-02-07 20:00:00,7.0732,7.1517,7.0732,7.13,41411.0,295120.52669
2024-02-08 00:00:00,7.13,7.1825,7.112,7.1519,32373.9,231386.99292
2024-02-08 04:00:00,7.1519,7.1683,7.121,7.1581,32664.7,233336.68953
2024-02-08 08:00:00,7.1581,7.185,7.1335,7.148,21085.6,150890.90732
2024-02-08 12:00:00,7.148,7.252,7.101,7.2216,52106.0,374177.15157
2024-02-08 16:00:00,7.2216,7.2548,7.094,7.2224,65686.0,471329.11102
2024-02-08 20:00:00,7.2224,7.2862,7.222,7.2321,25481.2,184777.53143
2024-02-09 00:00:00,7.2321,7.3459,7.196,7.2832,57278.7,416571.12526
2024-02-09 04:00:00,7.2832,7.363,7.25,7.3607,53250.8,388240.68162
2024-02-09 08:00:00,7.3607,7.4,7.3294,7.3908,79101.5,583236.80727
2024-02-09 12:00:00,7.3908,7.417,7.274,7.3512,54662.8,401687.37226
2024-02-09 16:00:00,7.3512,7.457,7.323,7.3898,48384.3,357725.16314
2024-02-09 20:00:00,7.3898,7.4736,7.3891,7.456,15922.7,118423.10742
2024-02-10 00:00:00,7.456,7.543,7.416,7.4985,30308.2,226629.39436
2024-02-10 04:00:00,7.4985,7.5142,7.415,7.422,33748.6,251347.51034
2024-02-10 08:00:00,7.422,7.431,7.2874,7.3487,77856.6,572272.24921
2024-02-10 12:00:00,7.3487,7.467,7.342,7.434,38525.3,284956.89019
2024-02-10 16:00:00,7.434,7.515,7.418,7.4897,25767.2,192171.11679
2024-02-10 20:00:00,7.4897,7.542,7.4307,7.4385,37364.4,280227.7367
2024-02-11 00:00:00,7.4385,7.6329,7.3947,7.541,124441.3,933334.55108
2024-02-11 04:00:00,7.541,7.617,7.523,7.5857,36363.5,275148.32849
2024-02-11 08:00:00,7.5857,7.7132,7.5659,7.5896,88237.8,671707.74712
2024-02-11 12:00:00,7.5896,7.5959,7.4497,7.475,60271.9,452694.88487
2024-02-11 16:00:00,7.475,7.5348,7.4608,7.5159,37649.4,282512.4441
2024-02-11 20:00:00,7.5159,7.5266,7.412,7.4755,37802.8,282338.81787
2024-02-12 00:00:00,7.4755,7.835,7.4636,7.6697,183022.4,1404992.19043
2024-02-12 04:00:00,7.6697,7.7039,7.564,7.6424,97538.3,745988.01729
2024-02-12 08:00:00,7.6424,7.698,7.467,7.5352,116494.6,879823.32829
2024-02-12 12:00:00,7.5352,7.8294,7.494,7.7631,108114.5,828008.40151
2024-02-12 16:00:00,7.7631,7.926,7.71,7.7959,130065.3,1021246.55312
2024-02-12 20:00:00,7.7959,7.8387,7.7763,7.8219,25794.1,201453.22231
2024-02-13 00:00:00,7.8219,7.9,7.638,7.6536,67621.3,524574.56224
2024-02-13 04:00:00,7.6536,7.7385,7.6531,7.71,31544.2,243173.1994
2024-02-13 08:00:00,7.71,7.7573,7.6474,7.6976,98648.4,759694.2776
2024-02-13 12:00:00,7.6976,7.7009,7.367,7.4678,337381.7,2533950.15616
2024-02-13 16:00:00,7.4678,7.593,7.43,7.5427,42481.2,319403.86705
2024-02-13 20:00:00,7.5427,7.6105,7.5427,7.5869,31453.6,238516.62346
2024-02-14 00:00:00,7.5869,7.595,7.512,7.5905,43042.2,325025.81301
2024-02-14 04:00:00,7.5905,7.6671,7.561,7.6611,38252.2,291284.64685
2024-02-14 08:00:00,7.6611,7.8998,7.6451,7.8807,102717.6,800712.94891
2024-02-14 12:00:00,7.8807,7.9243,7.76,7.844,70113.1,550823.01648
2024-02-14 16:00:00,7.844,7.848,7.7475,7.8245,55063.3,429067.49479
2024-02-14 20:00:00,7.8245,7.879,7.8038,7.8729,38549.6,302675.36511
2024-02-15 00:00:00,7.8729,8.0187,7.7818,7.9877,94867.4,749545.90309
2024-02-15 04:00:00,7.9877,8.0246,7.815,7.9772,101868.7,808469.42037
2024-02-15 08:00:00,7.9772,8.065,7.934,8.035,76353.1,609874.5469
2024-02-15 12:00:00,8.035,8.188,7.984,8.0455,124086.0,1003781.65686
2024-02-15 16:00:00,8.0455,8.1504,7.9491,8.122,43825.4,353407.33015
2024-02-15 20:00:00,8.122,8.146,7.939,8.0499,46588.7,374106.0122
2024-02-16 00:00:00,8.0499,8.34,8.0422,8.1877,118332.8,968497.49349
2024-02-16 04:00:00,8.1877,8.208,8.0317,8.0345,114971.1,935901.35251
2024-02-16 08:00:00,8.0345,8.118,7.904,8.0867,121063.2,971495.24764
2024-02-16 12:00:00,8.0867,8.2266,7.851,8.016,220366.1,1766254.027
2024-02-16 16:00:00,8.016,8.1,7.928,7.9565,36703.1,293773.64707
2024-02-16 20:00:00,7.9565,8.1122,7.9442,8.0966,41859.0,337506.20453
2024-02-17 00:00:00,8.0966,8.261,8.023,8.1421,191990.9,1560456.47147
2024-02-17 04:00:00,8.1421,8.1826,8.1066,8.1555,58155.5,473638.00383
2024-02-17 08:00:00,8.1555,8.1678,7.933,7.989,93049.5,746352.25022
2024-02-17 12:00:00,7.989,7.997,7.629,7.7847,199348.7,1558888.27763
2024-02-17 16:00:00,7.7847,7.9265,7.7722,7.9146,50568.2,397400.46854
2024-02-17 20:00:00,7.9146,8.0046,7.898,7.9434,44662.0,354765.4616
2024-02-18 00:00:00,7.9434,7.9925,7.844,7.9361,43721.4,346247.55005
2024-02-18 04:00:00,7.9361,8.0961,7.9361,8.053,75584.0,604235.04508
2024-02-18 08:00:00,8.053,8.2906,8.0403,8.2768,50963.3,416392.71694
2024-02-18 12:00:00,8.2768,8.296,8.1479,8.2695,106103.6,871946.03466
2024-02-18 16:00:00,8.2695,8.2695,8.1771,8.1857,29836.5,245012.52809
2024-02-18 20:00:00,8.1857,8.2585,8.1025,8.2001,85795.5,702108.17933
2024-02-19 00:00:00,8.2001,8.2694,8.1505,8.2464,66382.4,544361.9578
2024-02-19 04:00:00,8.2464,8.3658,8.2145,8.3433,63203.6,523755.24249
2024-02-19 08:00:00,8.3433,8.3462,8.154,8.198,128171.7,1053577.07687
2024-02-19 12:00:00,8.198,8.238,8.0905,8.207,137732.7,1122818.63102
2024-02-19 16:00:00,8.207,8.322,8.1312,8.2775,40612.8,334065.95615
2024-02-19 20:00:00,8.2775,8.543,8.2361,8.405,118963.3,1002828.26506
2024-02-20 00:00:00,8.405,8.538,8.1417,8.1423,185116.8,1544599.0182
2024-02-20 04:00:00,8.1423,8.3698,8.1229,8.3009,112193.7,929710.17051
2024-02-20 08:00:00,8.3009,8.4017,8.0849,8.3404,145231.4,1197365.37192
2024-02-20 12:00:00,8.3404,8.4353,7.75,7.9659,233283.8,1903368.87024
2024-02-20 16:00:00,7.9659,8.1391,7.854,8.1359,76708.2,612027.7064
2024-02-20 20:00:00,8.1359,8.2807,8.094,8.176,130315.7,1064131.76787
2024-02-21 00:00:00,8.176,8.177,7.9828,8.008,97238.9,782400.66312
2024-02-21 04:00:00,8.008,8.026,7.762,7.8213,104550.8,826021.21372
2024-02-21 08:00:00,7.8213,7.877,7.5811,7.616,217675.7,1671532.51858
2024-02-21 12:00:00,7.616,7.7433,7.516,7.6352,101432.7,773469.42025
2024-02-21 16:00:00,7.6352,7.683,7.4531,7.5831,48621.5,367825.77881
2024-02-21 20:00:00,7.5831,7.784,7.5461,7.7629,39267.7,301284.21802
2024-02-22 00:00:00,7.7629,7.7656,7.559,7.655,36117.1,276186.10382
2024-02-22 04:00:00,7.655,7.8334,7.6207,7.8184,51903.4,401625.55152
2024-02-22 08:00:00,7.8184,7.877,7.761,7.7865,53095.7,415509.70605
2024-02-22 12:00:00,7.7865,7.822,7.621,7.8009,49830.1,383540.12725
2024-02-22 16:00:00,7.8009,7.9028,7.7501,7.8453,37790.2,296123.74786
2024-02-22 20:00:00,7.8453,7.945,7.7292,7.7755,115544.1,902152.57644
2024-02-23 00:00:00,7.7755,7.8804,7.675,7.7386,84042.9,653761.07446
2024-02-23 04:00:00,7.7386,7.9496,7.659,7.7616,93148.8,731631.74004
2024-02-23 08:00:00,7.7616,7.8177,7.651,7.7951,118888.3,920252.94864
2024-02-23 12:00:00,7.7951,7.8499,7.669,7.711,80010.6,620388.62206
2024-02-23 16:00:00,7.711,7.8693,7.554,7.8619,72008.6,555651.19417
2024-02-23 20:00:00,7.8619,7.909,7.686,7.7836,54945.6,430450.11288
2024-02-24 00:00:00,7.7836,7.921,7.6579,7.8621,225617.3,1752360.39258
2024-02-24 04:00:00,7.8621,7.9857,7.819,7.9748,87356.5,690873.58091
2024-02-24 08:00:00,7.9748,8.1148,7.8993,8.0916,65629.3,526076.61462
2024-02-24 12:00:00,8.0916,8.1024,7.98,8.0555,46982.1,377462.59654
2024-02-24 16:00:00,8.0555,8.1207,8.0293,8.1061,39553.6,319772.84975
2024-02-24 20:00:00,8.1061,8.1085,8.054,8.0869,63857.4,516103.23326
2024-02-25 00:00:00,8.0869,8.122,7.9697,8.0541,152245.2,1228962.46588
2024-02-25 04:00:00,8.0541,8.074,7.9818,8.0341,35721.9,286595.65715
2024-02-25 08:00:00,8.0341,8.049,7.935,8.0373,157729.6,1263019.05765
2024-02-25 12:00:00,8.0373,8.1498,7.9954,8.0662,81340.5,655496.83909
2024-02-25 16:00:00,8.0662,8.116,8.026,8.089,46465.4,374967.29188
2024-02-25 20:00:00,8.089,8.1609,8.072,8.1357,48998.9,398123.30753
2024-02-26 00:00:00,8.1357,8.159,8.0384,8.1477,51498.8,417000.91708
2024-02-26 04:00:00,8.1477,8.5591,8.1273,8.3395,206492.0,1722575.78787
2024-02-26 08:00:00,8.3395,8.4602,8.14,8.271,189186.7,1563129.99767
2024-02-26 12:00:00,8.271,8.493,8.216,8.4697,202920.3,1695871.20815
2024-02-26 16:00:00,8.4697,8.7013,8.444,8.6599,131676.0,1130610.85479
2024-02-26 20:00:00,8.6599,8.704,8.6117,8.6511,60957.5,527482.58635
2024-02-27 00:00:00,8.6511,8.7903,8.522,8.553,126840.4,1096854.69996
2024-02-27 04:00:00,8.553,8.6705,8.542,8.645,76084.7,654487.24372
2024-02-27 08:00:00,8.645,8.7727,8.59,8.7282,58610.2,507532.37479
2024-02-27 12:00:00,8.7282,8.7689,8.508,8.561,84560.2,730513.0737
2024-02-27 16:00:00,8.561,8.938,8.524,8.777,156931.7,1375955.16365
2024-02-27 20:00:00,8.777,8.9815,8.75,8.9409,85703.2,761718.31343
2024-02-28 00:00:00,8.9409,8.9926,8.7274,8.7388,83330.2,736034.25664
2024-02-28 04:00:00,8.7388,8.8836,8.738,8.868,33133.6,292187.54267
2024-02-28 08:00:00,8.868,9.166,8.808,8.9198,155350.9,1391935.26535
2024-02-28 12:00:00,8.9198,9.1271,8.9079,9.0253,110394.3,995537.36264
2024-02-28 16:00:00,9.0253,9.4609,8.078,8.8359,396667.9,3549473.66629
2024-02-28 20:00:00,8.8359,9.222,8.776,9.0436,54899.4,494951.84884
2024-02-29 00:00:00,9.0436,9.177,8.913,9.121,50790.3,460410.57973
2024-02-29 04:00:00,9.121,9.3791,9.0763,9.3789,74988.8,691586.05858
2024-02-29 08:00:00,9.3789,9.652,9.29,9.3731,139527.3,1315044.98601
2024-02-29 12:00:00,9.3731,9.5897,9.259,9.4969,117656.1,1112380.96191
2024-02-29 16:00:00,9.4969,9.5173,9.212,9.374,119892.4,1124464.47577
2024-02-29 20:00:00,9.374,9.643,8.873,9.5639,145913.0,1347327.7393
2024-03-01 00:00:00,9.5639,9.6019,9.3847,9.4175,94225.2,894938.71447
2024-03-01 04:00:00,9.4175,9.636,9.264,9.291,202465.8,1916559.86125
2024-03-01 08:00:00,9.291,9.564,9.2391,9.455,78329.9,737582.85492
2024-03-01 12:00:00,9.455,9.814,9.425,9.6038,133659.9,1289282.2492
2024-03-01 16:00:00,9.6038,9.7105,9.4951,9.6694,44105.0,423418.47308
2024-03-01 20:00:00,9.6694,9.9954,9.6694,9.9114,53501.8,527351.21805
2024-03-02 00:00:00,9.9114,10.3219,9.841,10.2228,202816.4,2034332.43234
2024-03-02 04:00:00,10.2228,10.313,9.8901,10.0721,112433.2,1127014.92727
2024-03-02 08:00:00,10.0721,10.1801,9.887,10.1425,97338.5,978440.06577
2024-03-02 12:00:00,10.1425,10.5409,10.085,10.23,207228.4,2129584.06048
2024-03-02 16:00:00,10.23,10.3765,10.1724,10.3179,65860.0,676763.0543
2024-03-02 20:00:00,10.3179,10.8541,10.2688,10.71,168378.7,1782301.02416
2024-03-03 00:00:00,10.71,11.584,10.4228,11.371,441622.6,4904482.88774
2024-03-03 04:00:00,11.371,11.432,9.714,10.318,399649.1,4198851.8945
2024-03-03 08:00:00,10.318,10.452,10.0025,10.3184,186855.9,1909373.05333
2024-03-03 12:00:00,10.3184,10.443,10.222,10.432,175594.5,1812945.59529
2024-03-03 16:00:00,10.432,10.533,10.239,10.3122,72191.9,749029.96368
2024-03-03 20:00:00,10.3122,10.4103,10.2433,10.3043,74346.8,767513.32558
2024-03-04 00:00:00,10.3043,10.4888,10.033,10.3041,228102.2,2346231.37936
2024-03-04 04:00:00,10.3041,10.7,10.21,10.5914,98540.2,1030478.16264
2024-03-04 08:00:00,10.5914,10.9917,10.4641,10.7746,179365.4,1922625.29668
2024-03-04 12:00:00,10.7746,10.9263,10.4446,10.6954,185302.5,1979053.34898
2024-03-04 16:00:00,10.6954,10.7939,10.3236,10.6408,112170.9,1186009.02291
2024-03-04 20:00:00,10.6408,10.7332,10.4426,10.6807,45425.1,482366.67967
2024-03-05 00:00:00,10.6807,10.694,10.324,10.4357,107276.8,1125751.20497
2024-03-05 04:00:00,10.4357,10.7573,10.068,10.481,225672.5,2360995.19546
2024-03-05 08:00:00,10.481,11.1017,10.406,10.8521,128078.3,1385637.93837
2024-03-05 12:00:00,10.8521,10.992,10.4904,10.6995,173666.1,1864351.14836
2024-03-05 16:00:00,10.6995,10.7789,8.313,9.2654,441136.3,4311578.18694
2024-03-05 20:00:00,9.2654,9.794,9.092,9.7352,185977.3,1762463.1073
2024-03-06 00:00:00,9.7352,9.7897,9.256,9.381,129991.2,1238045.9659
2024-03-06 04:00:00,9.381,10.169,9.3799,10.1583,92252.1,902601.89098
2024-03-06 08:00:00,10.1583,10.3147,9.8818,10.0708,85644.9,862813.90522
2024-03-06 12:00:00,10.0708,10.126,9.6399,9.8672,140472.1,1382415.77816
2024-03-06 16:00:00,9.8672,10.1753,9.8437,10.0725,46580.5,467135.97901
2024-03-06 20:00:00,10.0725,10.5025,10.034,10.4006,111144.0,1142063.51442
2024-03-07 00:00:00,10.4006,10.8842,10.302,10.656,138211.1,1470237.22169
2024-03-07 04:00:00,10.656,10.8474,10.4942,10.698,91150.8,969557.04472
2024-03-07 08:00:00,10.698,10.777,10.5447,10.6523,58365.7,622980.06526
2024-03-07 12:00:00,10.6523,10.811,10.498,10.7105,102114.1,1085049.9496
2024-03-07 16:00:00,10.7105,10.888,10.5581,10.7929,30123.2,324203.92706
2024-03-07 20:00:00,10.7929,10.8478,10.6603,10.714,30558.6,328576.91624
2024-03-08 00:00:00,10.714,10.899,10.5266,10.6147,86368.1,926037.77823
2024-03-08 04:00:00,10.6147,10.679,10.4793,10.6482,47746.7,505302.09397
2024-03-08 08:00:00,10.6482,10.794,10.551,10.6442,64304.2,685014.2155
2024-03-08 12:00:00,10.6442,10.6678,10.0718,10.281,171994.6,1798302.96861
2024-03-08 16:00:00,10.281,10.6301,10.0535,10.5927,74564.2,769857.23673
2024-03-08 20:00:00,10.5927,10.7876,10.5668,10.721,40963.8,436672.92178
2024-03-09 00:00:00,10.721,10.984,10.5607,10.855,78304.8,842129.00689
2024-03-09 04:00:00,10.855,11.119,10.7271,10.9531,81536.5,888110.67048
2024-03-09 08:00:00,10.9531,12.3306,10.8437,12.2869,332177.3,3852661.3492
2024-03-09 12:00:00,12.2869,12.8406,12.0456,12.4417,449480.4,5583878.58748
2024-03-09 16:00:00,12.4417,12.5038,12.039,12.301,113867.3,1395456.14054
2024-03-09 20:00:00,12.301,12.48,12.203,12.425,90638.3,1120235.6393
2024-03-10 00:00:00,12.425,13.5018,12.315,13.1044,571910.3,7443753.23989
2024-03-10 04:00:00,13.1044,13.2727,12.775,12.9109,275970.5,3586716.30179
2024-03-10 08:00:00,12.9109,13.4242,12.655,12.8531,329924.8,4287766.46242
2024-03-10 12:00:00,12.8531,13.0019,12.419,12.8927,288386.0,3666639.23268
2024-03-10 16:00:00,12.8927,13.3162,12.7897,12.8202,140570.2,1832213.22447
2024-03-10 20:00:00,12.8202,12.8262,12.419,12.5795,93916.5,1182991.34837
2024-03-11 00:00:00,12.5795,12.5795,11.663,12.239,277440.0,3356431.84124
2024-03-11 04:00:00,12.239,12.4438,12.0181,12.36,116677.6,1429457.45661
2024-03-11 08:00:00,12.36,12.555,12.2227,12.4046,155951.1,1933153.15147
2024-03-11 12:00:00,12.4046,12.6749,12.2712,12.3374,91701.3,1141818.0218
2024-03-11 16:00:00,12.3374,12.532,12.13,12.3912,53468.4,660041.94121
2024-03-11 20:00:00,12.3912,12.626,12.372,12.551,39696.7,497220.66258
2024-03-12 00:00:00,12.551,13.3,12.551,12.7245,219005.6,2836670.14036
2024-03-12 04:00:00,12.7245,12.8776,12.468,12.5829,79429.3,1002697.67157
2024-03-12 08:00:00,12.5829,12.8711,12.1382,12.425,199977.9,2502337.39178
2024-03-12 12:00:00,12.425,12.6529,12.189,12.508,148432.0,1841562.05596
2024-03-12 16:00:00,12.508,12.5455,11.602,12.3939,142930.0,1721168.75481
2024-03-12 20:00:00,12.3939,12.7314,12.1763,12.6804,62238.7,776936.68108
2024-03-13 00:00:00,12.6804,12.7773,12.446,12.7502,58646.8,738782.92077
2024-03-13 04:00:00,12.7502,12.9331,12.6445,12.789,67583.7,866578.61416
2024-03-13 08:00:00,12.789,13.055,12.652,12.6815,113112.0,1447977.10709
2024-03-13 12:00:00,12.6815,12.774,12.235,12.3523,135954.9,1696283.26433
2024-03-13 16:00:00,12.3523,12.5947,12.315,12.536,57310.2,716826.40518
2024-03-13 20:00:00,12.536,12.716,12.4081,12.6776,52691.6,662114.07744
2024-03-14 00:00:00,12.6776,12.6847,12.3951,12.5054,65934.6,824875.56198
2024-03-14 04:00:00,12.5054,12.6526,12.33,12.5133,63870.2,798371.30643
2024-03-14 08:00:00,12.5133,12.9096,12.3004,12.4531,124973.7,1571572.81624
2024-03-14 12:00:00,12.4531,12.5423,11.7558,11.8837,191201.2,2303215.99704
2024-03-14 16:00:00,11.8837,12.1,11.369,11.617,109007.8,1276371.75846
2024-03-14 20:00:00,11.617,12.2467,11.617,12.225,73566.4,880683.92356
2024-03-15 00:00:00,12.225,12.3068,10.82,11.3229,189575.3,2188835.69602
2024-03-15 04:00:00,11.3229,11.4289,11.0402,11.3693,90258.8,1013212.08458
2024-03-15 08:00:00,11.3693,11.391,10.322,10.959,168065.3,1817867.6672
2024-03-15 12:00:00,10.959,11.1839,10.8944,11.0162,46313.4,511971.10444
2024-03-15 16:00:00,11.0162,11.4952,10.896,11.137,26824.0,300176.60121
2024-03-15 20:00:00,11.137,11.367,10.85,11.3492,51936.6,577722.01131
2024-03-16 00:00:00,11.3492,11.458,11.237,11.438,41807.4,474754.44235
2024-03-16 04:00:00,11.438,11.914,11.198,11.8868,104742.1,1215517.89233
2024-03-16 08:00:00,11.8868,11.8868,11.2693,11.371,93645.9,1077958.43405
2024-03-16 12:00:00,11.371,11.3943,10.861,11.141,82326.1,910122.28966
2024-03-16 16:00:00,11.141,11.1457,10.2503,10.451,202623.4,2149129.76662
2024-03-16 20:00:00,10.451,10.6377,10.1,10.3732,121301.9,1247031.91685
2024-03-17 00:00:00,10.3732,10.7155,10.2465,10.6509,69559.8,729469.22089
2024-03-17 04:00:00,10.6509,10.651,9.8322,10.27,93775.3,962156.34301
2024-03-17 08:00:00,10.27,10.727,10.1895,10.5886,80270.5,844398.43409
2024-03-17 12:00:00,10.5886,10.857,10.3705,10.8018,39418.3,420316.18122
2024-03-17 16:00:00,10.8018,10.8495,10.6751,10.8491,21278.6,228797.56004
2024-03-17 20:00:00,10.8491,10.986,10.75,10.843,35254.4,382527.32502
2024-03-18 00:00:00,10.843,10.864,10.4582,10.7232,54349.7,580675.95042
2024-03-18 04:00:00,10.7232,10.9664,10.6358,10.7564,33175.0,358289.72003
2024-03-18 08:00:00,10.7564,10.7585,10.475,10.6107,32738.9,346690.55343
2024-03-18 12:00:00,10.6107,10.6679,10.127,10.32,70462.9,728284.08178
2024-03-18 16:00:00,10.32,10.408,9.9601,10.0341,41595.3,421398.73842
2024-03-18 20:00:00,10.0341,10.3364,10.032,10.222,40067.9,409267.89623
2024-03-19 00:00:00,10.222,10.35,9.383,9.685,155689.2,1523899.89384
2024-03-19 04:00:00,9.685,9.7419,9.0563,9.4925,76959.8,721600.20019
2024-03-19 08:00:00,9.4925,9.4975,8.9588,9.359,70406.2,646603.76878
2024-03-19 12:00:00,9.359,9.685,9.256,9.6647,32765.9,309414.55714
2024-03-19 16:00:00,9.6647,9.821,9.603,9.7426,21437.4,208132.63439
2024-03-19 20:00:00,9.7426,9.752,9.083,9.305,57220.3,533757.42994
2024-03-20 00:00:00,9.305,9.5484,9.201,9.237,53798.4,504280.2974
2024-03-20 04:00:00,9.237,9.611,8.8661,9.5323,68762.2,633235.71678
2024-03-20 08:00:00,9.5323,9.626,9.3731,9.5995,80129.9,760763.2629
2024-03-20 12:00:00,9.5995,9.7228,9.4425,9.544,45238.0,435349.37961
2024-03-20 16:00:00,9.544,10.0539,9.1271,9.9953,39808.7,384704.58942
2024-03-20 20:00:00,9.9953,10.24,9.976,10.169,43019.4,436270.50822
2024-03-21 00:00:00,10.169,10.3351,10.09,10.1638,56430.2,576845.58121
2024-03-21 04:00:00,10.1638,10.2149,9.8881,10.0434,119188.2,1200765.41381
2024-03-21 08:00:00,10.0434,10.1659,9.993,10.109,28284.9,285756.43073
2024-03-21 12:00:00,10.109,10.2124,9.9513,10.0182,25670.0,258794.66389
2024-03-21 16:00:00,10.0182,10.224,9.7869,10.0312,59520.9,594412.06072
2024-03-21 20:00:00,10.0312,10.187,9.8982,10.1017,22252.9,224172.24935
2024-03-22 00:00:00,10.1017,10.2374,9.933,10.2345,58562.2,588964.3774
2024-03-22 04:00:00,10.2345,10.586,10.1411,10.3722,102942.6,1067434.32118
2024-03-22 08:00:00,10.3722,10.499,9.958,10.007,80971.2,824603.99946
2024-03-22 12:00:00,10.007,10.125,9.6062,9.9349,98182.5,973970.50236
2024-03-22 16:00:00,9.9349,10.0022,9.79,9.9421,19979.9,197691.31313
2024-03-22 20:00:00,9.9421,9.973,9.695,9.9658,21872.2,214757.60156
2024-03-23 00:00:00,9.9658,10.107,9.793,9.9195,65885.7,654051.39759
2024-03-23 04:00:00,9.9195,10.2629,9.9021,10.2331,32534.9,329625.17687
2024-03-23 08:00:00,10.2331,10.3223,10.164,10.257,23430.5,240283.28563
2024-03-23 12:00:00,10.257,10.5283,10.2292,10.509,34112.1,353164.54366
2024-03-23 16:00:00,10.509,10.631,10.4316,10.5429,30023.0,316166.80224
2024-03-23 20:00:00,10.5429,10.662,10.322,10.3355,44145.3,463462.59409
2024-03-24 00:00:00,10.3355,10.5024,10.2032,10.2035,95894.5,990582.75041
2024-03-24 04:00:00,10.2035,10.3299,10.159,10.282,32679.4,334173.02695
2024-03-24 08:00:00,10.282,10.402,10.257,10.3132,23323.3,240823.32375
2024-03-24 12:00:00,10.3132,10.4326,10.2817,10.3328,26332.1,272724.79652
2024-03-24 16:00:00,10.3328,10.4094,10.1471,10.3726,43508.9,446877.05511
2024-03-24 20:00:00,10.3726,10.6156,10.352,10.5437,75166.4,790966.35664
2024-03-25 00:00:00,10.5437,10.757,10.4853,10.6557,63742.4,676293.22057
2024-03-25 04:00:00,10.6557,10.6938,10.4706,10.4842,46911.2,496623.67031
2024-03-25 08:00:00,10.4842,10.68,10.482,10.528,23622.2,250303.38921
2024-03-25 12:00:00,10.528,10.889,10.449,10.8507,112648.1,1213739.99756
2024-03-25 16:00:00,10.8507,11.0004,10.799,10.995,49196.2,537005.69398
2024-03-25 20:00:00,10.995,11.008,10.7702,10.844,38775.5,422094.73237
2024-03-26 00:00:00,10.844,11.193,10.8122,11.1495,40264.7,445458.91428
2024-03-26 04:00:00,11.1495,11.328,11.098,11.1851,40912.4,459058.96956
2024-03-26 08:00:00,11.1851,11.439,11.1326,11.2825,53997.2,608886.19799
2024-03-26 12:00:00,11.2825,11.3483,10.962,11.1745,117858.8,1312006.85648
2024-03-26 16:00:00,11.1745,11.469,11.1198,11.2474,71493.0,806553.25101
2024-03-26 20:00:00,11.2474,11.466,11.227,11.4095,49805.6,564138.91818
2024-03-27 00:00:00,11.4095,11.929,11.3313,11.5905,111209.4,1293524.65379
2024-03-27 04:00:00,11.5905,11.712,10.955,11.0456,265327.6,2990942.92306
2024-03-27 08:00:00,11.0456,11.1777,10.8306,11.1673,130241.0,1436850.32199
2024-03-27 12:00:00,11.1673,11.4247,10.777,10.8589,85019.5,939553.11643
2024-03-27 16:00:00,10.8589,11.0847,10.77,10.9558,36182.0,394491.46083
2024-03-27 20:00:00,10.9558,11.064,10.858,10.921,18118.2,198815.35362
2024-03-28 00:00:00,10.921,11.198,10.706,10.8818,81016.8,886999.94419
2024-03-28 04:00:00,10.8818,11.277,10.8745,11.2583,28844.9,319690.39608
2024-03-28 08:00:00,11.2583,11.4072,11.1684,11.288,52582.9,593833.29653
2024-03-28 12:00:00,11.288,11.31,11.094,11.225,44001.4,492089.89893
2024-03-28 16:00:00,11.225,11.2481,11.138,11.1652,6779.1,75824.96558
2024-03-28 20:00:00,11.1652,11.2913,11.114,11.2044,21973.1,246511.27488
2024-03-29 00:00:00,11.2044,11.205,10.901,10.9765,43403.9,479410.89397
2024-03-29 04:00:00,10.9765,11.077,10.763,10.8107,33018.9,361111.51395
2024-03-29 08:00:00,10.8107,11.187,10.792,11.1695,94815.4,1039509.49193
2024-03-29 12:00:00,11.1695,11.4381,11.0279,11.105,57737.4,649389.12919
2024-03-29 16:00:00,11.105,11.3035,10.9924,11.082,17115.4,189948.34909
2024-03-29 20:00:00,11.082,11.2067,10.9144,11.1639,17219.1,191672.9984
2024-03-30 00:00:00,11.1639,11.372,11.0423,11.1148,36442.0,407703.50612
2024-03-30 04:00:00,11.1148,11.2961,11.057,11.067,10141.7,113517.59891
2024-03-30 08:00:00,11.067,11.1366,10.996,11.1153,18980.5,210148.45411
2024-03-30 12:00:00,11.1153,11.131,10.9641,10.9995,28188.8,310810.90826
2024-03-30 16:00:00,10.9995,11.057,10.895,10.9964,23994.9,263832.74565
2024-03-30 20:00:00,10.9964,11.0079,10.733,10.8178,44284.5,478486.75637
2024-03-31 00:00:00,10.8178,10.925,10.771,10.8135,15273.2,165605.3123
2024-03-31 04:00:00,10.8135,11.012,10.777,10.9612,34132.9,373848.28444
2024-03-31 08:00:00,10.9612,10.9734,10.874,10.9455,29397.0,320545.78608
2024-03-31 12:00:00,10.9455,10.976,10.8458,10.8856,15902.0,173305.5902
2024-03-31 16:00:00,10.8856,10.9947,10.87,10.9769,9970.1,109002.65095
2024-03-31 20:00:00,10.9769,11.041,10.85,11.0356,13925.3,152510.9526
2024-04-01 00:00:00,11.0356,11.1053,10.899,10.9232,25482.5,279867.04158
2024-04-01 04:00:00,10.9232,10.9496,10.127,10.4857,161532.9,1705843.89709
2024-04-01 08:00:00,10.4857,10.488,10.287,10.327,32022.7,331758.43411
2024-04-01 12:00:00,10.327,10.4796,10.032,10.0805,55792.8,569789.07278
2024-04-01 16:00:00,10.0805,10.2306,9.967,10.2269,36692.8,369959.72969
2024-04-01 20:00:00,10.2269,10.304,10.1989,10.2549,23751.0,243472.13952
2024-04-02 00:00:00,10.2549,10.257,9.52,9.732,91245.6,900707.36036
2024-04-02 04:00:00,9.732,9.835,9.593,9.7312,14433.6,140314.55638
2024-04-02 08:00:00,9.7312,9.7616,9.448,9.635,52956.0,506171.75522
2024-04-02 12:00:00,9.635,9.7526,9.456,9.5231,45322.6,435696.58978
2024-04-02 16:00:00,9.5231,9.638,9.487,9.585,21438.2,205211.8885
2024-04-02 20:00:00,9.585,9.6669,9.466,9.501,44485.2,425379.73952
2024-04-03 00:00:00,9.501,9.6672,9.1684,9.65,56672.9,537091.76004
2024-04-03 04:00:00,9.65,9.785,9.6048,9.7254,49089.6,477514.33705
2024-04-03 08:00:00,9.7254,9.854,9.6261,9.6844,22364.9,218168.67145
2024-04-03 12:00:00,9.6844,9.76,9.53,9.6134,36594.5,352451.9923
2024-04-03 16:00:00,9.6134,9.702,9.427,9.4933,27011.9,258665.18379
2024-04-03 20:00:00,9.4933,9.5723,9.3,9.5207,58814.4,553402.85991
2024-04-04 00:00:00,9.5207,9.6394,9.346,9.3665,23340.2,222223.0045
2024-04-04 04:00:00,9.3665,9.632,9.2611,9.597,47739.2,453605.53237
2024-04-04 08:00:00,9.597,9.688,9.5651,9.6582,37486.7,361993.50352
2024-04-04 12:00:00,9.6582,9.8478,9.6497,9.7959,53382.9,522460.64099
2024-04-04 16:00:00,9.7959,9.9617,9.756,9.763,37536.0,369630.95121
2024-04-04 20:00:00,9.763,9.78,9.5615,9.7585,84163.3,813923.73525
2024-04-05 00:00:00,9.7585,9.778,9.496,9.6894,98002.9,945909.2933
2024-04-05 04:00:00,9.6894,9.6899,9.338,9.495,58140.0,551804.04387
2024-04-05 08:00:00,9.495,9.5825,9.2526,9.2683,71288.9,668943.6975
2024-04-05 12:00:00,9.2683,9.669,9.186,9.668,82348.8,775789.7171
2024-04-05 16:00:00,9.668,9.6893,9.55,9.618,34438.6,331272.92559
2024-04-05 20:00:00,9.618,9.6816,9.5711,9.58,32139.8,309099.74514
2024-04-06 00:00:00,9.58,9.704,9.5256,9.689,60835.8,587546.16807
2024-04-06 04:00:00,9.689,9.7333,9.645,9.6881,28618.7,277609.47108
2024-04-06 08:00:00,9.6881,9.7552,9.6512,9.668,25092.1,243070.0844
2024-04-06 12:00:00,9.668,9.7062,9.5951,9.6758,18350.0,177099.98763
2024-04-06 16:00:00,9.6758,9.7467,9.658,9.674,14793.9,143386.08601
2024-04-06 20:00:00,9.674,9.7928,9.653,9.7144,33890.4,330414.64599
2024-04-07 00:00:00,9.7144,9.848,9.6665,9.79,12867.9,126007.15831
2024-04-07 04:00:00,9.79,9.8127,9.73,9.747,17940.8,175216.47453
2024-04-07 08:00:00,9.747,9.813,9.7177,9.813,19376.4,189187.68186
2024-04-07 12:00:00,9.813,9.884,9.7567,9.7746,21851.8,214404.00128
2024-04-07 16:00:00,9.7746,9.8594,9.6909,9.713,15760.2,154112.86317
2024-04-07 20:00:00,9.713,9.8303,9.6844,9.8111,18376.8,179403.26051
2024-04-08 00:00:00,9.8111,9.8992,9.579,9.6218,110864.5,1077663.07578
2024-04-08 04:00:00,9.6218,10.002,9.58,9.966,73107.5,710280.94543
2024-04-08 08:00:00,9.966,10.3611,9.953,10.3594,112616.6,1149609.81659
2024-04-08 12:00:00,10.3594,10.656,10.329,10.473,81986.8,853812.49378
2024-04-08 16:00:00,10.473,10.5383,10.3824,10.4782,23130.4,241887.62117
2024-04-08 20:00:00,10.4782,10.4991,10.4371,10.4467,11215.6,117320.8284
2024-04-09 00:00:00,10.4467,10.4859,10.2407,10.2651,32391.7,335139.22868
2024-04-09 04:00:00,10.2651,10.3813,10.091,10.1407,34989.2,357842.15825
2024-04-09 08:00:00,10.1407,10.3287,9.9617,10.3283,46393.0,471379.57449
2024-04-09 12:00:00,10.3283,10.3584,9.875,10.0708,52992.8,535113.56268
2024-04-09 16:00:00,10.0708,10.1158,9.9105,10.0599,24913.9,249633.40881
2024-04-09 20:00:00,10.0599,10.099,9.8586,9.9035,16321.4,163099.72507
2024-04-10 00:00:00,9.9035,9.9662,9.5985,9.7891,90798.1,886426.84379
2024-04-10 04:00:00,9.7891,9.8692,9.7436,9.7869,17320.5,169753.76652
2024-04-10 08:00:00,9.7869,9.808,9.515,9.612,54555.8,525627.61573
2024-04-10 12:00:00,9.612,9.6235,9.181,9.4818,112323.1,1056008.31312
2024-04-10 16:00:00,9.4818,9.6887,9.439,9.5948,24427.9,233289.28178
2024-04-10 20:00:00,9.5948,9.709,9.512,9.6726,43762.0,420660.29359
2024-04-11 00:00:00,9.6726,9.6951,9.5779,9.6089,44623.7,430210.66527
2024-04-11 04:00:00,9.6089,9.7329,9.54,9.7052,32037.3,307756.91565
2024-04-11 08:00:00,9.7052,9.7781,9.4653,9.4921,56779.4,546496.85501
2024-04-11 12:00:00,9.4921,9.6843,9.443,9.5651,45777.7,436827.49395
2024-04-11 16:00:00,9.5651,9.5878,9.4139,9.5211,19501.4,185307.61645
2024-04-11 20:00:00,9.5211,9.5821,9.485,9.5428,17834.5,170133.31437
2024-04-12 00:00:00,9.5428,9.6527,9.5152,9.6461,16777.6,161118.65373
2024-04-12 04:00:00,9.6461,9.6692,9.489,9.516,27906.3,267302.22466
2024-04-12 08:00:00,9.516,9.5581,9.4505,9.524,25402.6,241396.5188
2024-04-12 12:00:00,9.524,9.524,9.082,9.1052,82731.9,761364.82938
2024-04-12 16:00:00,9.1052,9.111,7.104,7.834,466406.6,3749556.05526
2024-04-12 20:00:00,7.834,8.0401,7.796,7.9965,48199.1,383283.40384
2024-04-13 00:00:00,7.9965,7.9965,7.5912,7.8211,69394.2,542189.32183
2024-04-13 04:00:00,7.8211,7.9463,7.7845,7.8526,41089.1,323570.10047
2024-04-13 08:00:00,7.8526,7.9725,7.795,7.8742,30099.9,237400.17532
2024-04-13 12:00:00,7.8742,7.9579,7.793,7.8246,33175.3,261424.64393
2024-04-13 16:00:00,7.8246,7.8541,6.564,6.805,222117.8,1607401.77745
2024-04-13 20:00:00,6.805,7.127,5.82,7.021,460348.5,3009164.4111
2024-04-14 00:00:00,7.021,7.025,6.5261,6.7273,159791.0,1085691.01597
2024-04-14 04:00:00,6.7273,7.2474,6.69,7.2155,47216.7,334251.28701
2024-04-14 08:00:00,7.2155,7.2892,6.9541,7.0108,79140.4,569090.52378
2024-04-14 12:00:00,7.0108,7.1936,6.8822,7.0196,53735.2,379948.43191
2024-04-14 16:00:00,7.0196,7.2176,6.7876,7.0346,39191.9,276238.81312
2024-04-14 20:00:00,7.0346,7.4144,6.9103,7.3113,37043.7,265905.59635
2024-04-15 00:00:00,7.3113,7.3113,7.0607,7.1231,49399.9,353153.85173
2024-04-15 04:00:00,7.1231,7.5434,6.9981,7.4279,40103.3,292494.78987
2024-04-15 08:00:00,7.4279,7.54,7.2951,7.3444,47222.1,350582.80662
2024-04-15 12:00:00,7.3444,7.4364,6.9709,7.1398,64696.1,468018.61788
2024-04-15 16:00:00,7.1398,7.192,6.6432,6.8987,64591.2,445985.88439
2024-04-15 20:00:00,6.8987,6.9665,6.7377,6.9021,45142.3,308700.83677
2024-04-16 00:00:00,6.9021,7.025,6.7723,6.8343,78711.6,540559.02104
2024-04-16 04:00:00,6.8343,7.0868,6.612,7.0568,69365.0,471245.67419
2024-04-16 08:00:00,7.0568,7.0893,6.733,7.0023,92973.7,644691.94162
2024-04-16 12:00:00,7.0023,7.051,6.654,6.6868,240099.1,1655039.92364
2024-04-16 16:00:00,6.6868,6.9828,6.6376,6.8948,79978.0,546315.79946
2024-04-16 20:00:00,6.8948,7.0815,6.891,7.0196,30691.6,215235.74101
2024-04-17 00:00:00,7.0196,7.0426,6.8852,6.9465,37660.1,261855.8326
2024-04-17 04:00:00,6.9465,7.059,6.896,6.9813,39355.4,274540.66735
2024-04-17 08:00:00,6.9813,7.0054,6.814,6.817,44647.2,309628.2099
2024-04-17 12:00:00,6.817,6.9293,6.644,6.6738,126649.0,856088.03135
2024-04-17 16:00:00,6.6738,7.1287,6.601,6.9809,87271.8,595169.51793
2024-04-17 20:00:00,6.9809,7.0671,6.8796,6.9072,38096.3,265787.09618
2024-04-18 00:00:00,6.9072,7.0598,6.732,7.0076,64579.3,445115.13649
2024-04-18 04:00:00,7.0076,7.0511,6.791,6.8296,44523.8,306242.3082
2024-04-18 08:00:00,6.8296,7.0469,6.754,6.9758,55177.3,380286.20619
2024-04-18 12:00:00,6.9758,7.127,6.8139,7.0784,54298.8,379159.93245
2024-04-18 16:00:00,7.0784,7.108,6.8727,7.0375,39763.0,278834.946
2024-04-18 20:00:00,7.0375,7.109,6.999,7.0665,29548.9,208438.1912
2024-04-19 00:00:00,7.0665,7.0697,6.462,6.7657,112641.1,753713.09377
2024-04-19 04:00:00,6.7657,7.214,6.7586,7.0713,116390.9,811408.45842
2024-04-19 08:00:00,7.0713,7.161,6.957,6.9576,43534.1,307543.62741
2024-04-19 12:00:00,6.9576,7.046,6.855,7.0093,38666.0,268531.83783
2024-04-19 16:00:00,7.0093,7.0578,6.89,7.038,23662.6,165317.78766
2024-04-19 20:00:00,7.038,7.0478,6.824,6.9405,67908.0,469683.36579
2024-04-20 00:00:00,6.9405,7.0054,6.8267,6.9501,26967.3,186911.95886
2024-04-20 04:00:00,6.9501,7.1373,6.9368,7.1161,61570.8,434875.40339
2024-04-20 08:00:00,7.1161,7.1379,7.014,7.1124,39631.3,280610.71855
2024-04-20 12:00:00,7.1124,7.351,7.085,7.3505,42567.7,307177.68353
2024-04-20 16:00:00,7.3505,7.6586,7.2916,7.6524,76915.1,577354.26477
2024-04-20 20:00:00,7.6524,7.6695,7.5708,7.6333,27363.2,208605.04068
2024-04-21 00:00:00,7.6333,7.7456,7.504,7.6564,46825.7,356385.8226
2024-04-21 04:00:00,7.6564,7.756,7.619,7.7504,16186.3,124315.21605
2024-04-21 08:00:00,7.7504,7.804,7.6431,7.7058,59732.8,459843.4956
2024-04-21 12:00:00,7.7058,7.716,7.548,7.6112,33853.1,258351.9162
2024-04-21 16:00:00,7.6112,7.625,7.433,7.5273,19859.4,149423.54197
2024-04-21 20:00:00,7.5273,7.637,7.5013,7.554,11965.2,90680.91411
2024-04-22 00:00:00,7.554,7.824,7.5445,7.7646,44538.8,338810.21013
2024-04-22 04:00:00,7.7646,7.8475,7.704,7.709,54127.5,421695.74475
2024-04-22 08:00:00,7.709,7.7679,7.6495,7.6844,27482.9,211783.3859
2024-04-22 12:00:00,7.6844,7.7517,7.6104,7.7172,24268.6,186540.30842
2024-04-22 16:00:00,7.7172,7.7779,7.6348,7.72,13803.1,106510.20015
2024-04-22 20:00:00,7.72,7.825,7.7003,7.7497,17852.4,138419.66623
2024-04-23 00:00:00,7.7497,7.819,7.625,7.6413,25925.1,200311.17838
2024-04-23 04:00:00,7.6413,7.714,7.5631,7.5973,50930.8,389098.04938
2024-04-23 08:00:00,7.5973,7.6788,7.545,7.582,21014.9,159763.28076
2024-04-23 12:00:00,7.582,7.7435,7.557,7.669,25140.1,192422.79424
2024-04-23 16:00:00,7.669,7.7361,7.6351,7.7343,14144.6,108909.05867
2024-04-23 20:00:00,7.7343,7.7738,7.621,7.7011,17697.4,136445.00237
2024-04-24 00:00:00,7.7011,7.8385,7.651,7.754,32922.5,255220.12209
2024-04-24 04:00:00,7.754,8.13,7.7403,8.0165,111509.7,882408.2765
2024-04-24 08:00:00,8.0165,8.3879,7.9202,8.3042,150555.0,1219692.32512
2024-04-24 12:00:00,8.3042,8.343,7.682,7.7208,175632.5,1414057.5214
2024-04-24 16:00:00,7.7208,7.7817,7.5572,7.6779,47112.1,361645.48065
2024-04-24 20:00:00,7.6779,7.6914,7.399,7.4975,40839.6,307780.92041
2024-04-25 00:00:00,7.4975,7.593,7.355,7.397,40466.1,302010.72374
2024-04-25 04:00:00,7.397,7.425,7.253,7.3077,48696.3,357060.02244
2024-04-25 08:00:00,7.3077,7.357,7.141,7.2472,129707.9,939687.71721
2024-04-25 12:00:00,7.2472,7.422,7.139,7.4189,65913.8,480565.85828
2024-04-25 16:00:00,7.4189,7.465,7.356,7.4073,40237.9,298850.85366
2024-04-25 20:00:00,7.4073,7.4996,7.352,7.3666,19730.1,146377.90328
2024-04-26 00:00:00,7.3666,7.377,7.138,7.289,83340.6,603003.84606
2024-04-26 04:00:00,7.289,7.3665,7.246,7.2769,9890.6,72341.39896
2024-04-26 08:00:00,7.2769,7.331,7.1758,7.2432,77106.7,558329.93661
2024-04-26 12:00:00,7.2432,7.3899,7.123,7.2496,45115.2,326049.02615
2024-04-26 16:00:00,7.2496,7.3425,7.2267,7.315,10966.3,80117.47492
2024-04-26 20:00:00,7.315,7.3877,7.2372,7.2889,12973.4,94876.53292
2024-04-27 00:00:00,7.2889,7.3132,6.959,7.223,48909.0,349194.77695
2024-04-27 04:00:00,7.223,7.259,7.1802,7.2003,23271.1,168008.07893
2024-04-27 08:00:00,7.2003,7.2877,7.1426,7.1964,36450.9,263170.7787
2024-04-27 12:00:00,7.1964,7.378,7.1719,7.2739,29252.7,213194.43799
2024-04-27 16:00:00,7.2739,7.5189,7.228,7.4468,43464.3,320160.08887
2024-04-27 20:00:00,7.4468,7.4697,7.392,7.4248,17955.2,133566.89394
2024-04-28 00:00:00,7.4248,7.6089,7.415,7.54,31258.7,235371.40882
2024-04-28 04:00:00,7.54,7.5697,7.4805,7.5177,26106.5,196594.60391
2024-04-28 08:00:00,7.5177,7.5319,7.362,7.3792,32878.0,244857.37319
2024-04-28 12:00:00,7.3792,7.4771,7.351,7.4267,34216.2,254043.94647
2024-04-28 16:00:00,7.4267,7.5126,7.412,7.4443,13297.2,99209.51661
2024-04-28 20:00:00,7.4443,7.461,7.2444,7.2746,41476.3,305963.89335
2024-04-29 00:00:00,7.2746,7.366,7.0861,7.1006,101668.8,735410.91457
2024-04-29 04:00:00,7.1006,7.194,6.959,7.0428,76525.1,542943.45127
2024-04-29 08:00:00,7.0428,7.079,6.9581,7.0172,44163.6,309930.45361
2024-04-29 12:00:00,7.0172,7.127,6.966,7.1221,55963.0,394494.96318
2024-04-29 16:00:00,7.1221,7.1283,6.9842,7.0344,22487.9,158540.03427
2024-04-29 20:00:00,7.0344,7.2086,6.952,7.139,58533.5,416318.91316
2024-04-30 00:00:00,7.139,7.251,7.02,7.1959,53550.5,383923.13596
2024-04-30 04:00:00,7.1959,7.2244,7.069,7.084,43958.0,313979.36802
2024-04-30 08:00:00,7.084,7.106,6.7474,6.7656,109587.1,755569.85575
2024-04-30 12:00:00,6.7656,6.7986,6.5939,6.6375,109528.6,732900.87947
2024-04-30 16:00:00,6.6375,6.6375,6.4692,6.504,65081.1,427016.9199
2024-04-30 20:00:00,6.504,6.7971,6.504,6.7329,49454.3,331919.87517
2024-05-01 00:00:00,6.7329,6.766,6.609,6.7361,40373.5,270703.37814
2024-05-01 04:00:00,6.7361,6.79,6.5009,6.5627,51398.7,341053.12464
2024-05-01 08:00:00,6.5627,6.6685,6.38,6.6685,97071.2,631828.3777
2024-05-01 12:00:00,6.6685,6.7717,6.5361,6.6779,112358.7,748651.84141
2024-05-01 16:00:00,6.6779,7.07,6.6332,6.8523,62900.6,432346.0961
2024-05-01 20:00:00,6.8523,7.034,6.7941,6.9835,81654.7,565605.13076
2024-05-02 00:00:00,6.9835,7.004,6.77,6.9097,63830.6,439315.49371
2024-05-02 04:00:00,6.9097,6.9445,6.842,6.8891,61597.5,424569.24198
2024-05-02 08:00:00,6.8891,7.151,6.871,7.1117,49344.8,345108.35633
2024-05-02 12:00:00,7.1117,7.2372,7.043,7.1945,64223.7,457489.69577
2024-05-02 16:00:00,7.1945,7.296,7.1735,7.2622,26942.5,194961.44265
2024-05-02 20:00:00,7.2622,7.3647,7.1961,7.2756,27416.9,199886.88683
2024-05-03 00:00:00,7.2756,7.3778,7.2269,7.3154,37243.4,272074.5638
2024-05-03 04:00:00,7.3154,7.3686,7.2576,7.2874,52139.7,380166.57648
2024-05-03 08:00:00,7.2874,7.3355,7.1593,7.2361,34999.0,253476.74707
2024-05-03 12:00:00,7.2361,7.5708,7.2233,7.536,27364.4,204322.26885
2024-05-03 16:00:00,7.536,7.5597,7.4801,7.5126,17742.8,133380.02106
2024-05-03 20:00:00,7.5126,7.577,7.49,7.4988,96512.3,728431.95545
2024-05-04 00:00:00,7.4988,7.548,7.4141,7.4661,19453.2,145299.37436
2024-05-04 04:00:00,7.4661,7.4982,7.381,7.397,12304.8,91265.01362
2024-05-04 08:00:00,7.397,7.5756,7.3914,7.4464,28870.4,216500.56988
2024-05-04 12:00:00,7.4464,7.5165,7.4039,7.4857,17992.3,134183.85447
2024-05-04 16:00:00,7.4857,7.5026,7.408,7.4945,11133.0,83156.96931
2024-05-04 20:00:00,7.4945,7.5147,7.4,7.4273,15001.3,111842.05744
2024-05-05 00:00:00,7.4273,7.4499,7.309,7.3592,38036.8,280301.61909
2024-05-05 04:00:00,7.3592,7.4172,7.291,7.389,27605.1,203168.07179
2024-05-05 08:00:00,7.389,7.4524,7.3752,7.411,14835.5,110008.65314
2024-05-05 12:00:00,7.411,7.595,7.351,7.5694,28090.1,209620.25537
2024-05-05 16:00:00,7.5694,7.577,7.4283,7.458,51100.9,383540.5168
2024-05-05 20:00:00,7.458,7.506,7.4312,7.487,13920.1,103995.09372
2024-05-06 00:00:00,7.487,7.537,7.3817,7.4174,25421.1,189657.72095
2024-05-06 04:00:00,7.4174,7.5999,7.3924,7.5969,41889.8,314834.63014
2024-05-06 08:00:00,7.5969,7.737,7.48,7.584,79173.4,604981.03061
2024-05-06 12:00:00,7.584,7.601,7.3096,7.4307,95806.9,710773.70057
2024-05-06 16:00:00,7.4307,7.4496,7.311,7.385,15230.8,112556.65697
2024-05-06 20:00:00,7.385,7.4399,7.3174,7.3222,30195.7,222994.98095
2024-05-07 00:00:00,7.3222,7.3989,7.197,7.2729,61350.6,449414.45565
2024-05-07 04:00:00,7.2729,7.304,7.214,7.273,52210.5,379501.41328
2024-05-07 08:00:00,7.273,7.436,7.252,7.2712,92265.1,676168.2771
2024-05-07 12:00:00,7.2712,7.468,7.271,7.384,74735.0,548668.41249
2024-05-07 16:00:00,7.384,7.404,7.2546,7.3221,43902.1,322014.92044
2024-05-07 20:00:00,7.3221,7.377,7.1669,7.1912,59220.0,429946.0209
2024-05-08 00:00:00,7.1912,7.2699,7.09,7.2466,76316.6,549400.69459
2024-05-08 04:00:00,7.2466,7.2584,7.101,7.128,59957.6,430415.0035
2024-05-08 08:00:00,7.128,7.231,7.107,7.1358,27361.8,195884.5068
2024-05-08 12:00:00,7.1358,7.3312,7.073,7.2891,45729.6,328885.78115
2024-05-08 16:00:00,7.2891,7.342,7.2002,7.285,32428.5,236243.03737
2024-05-08 20:00:00,7.285,7.327,7.128,7.212,30347.9,218791.84413
2024-05-09 00:00:00,7.212,7.2999,7.1767,7.259,13750.2,99485.46365
2024-05-09 04:00:00,7.259,7.308,7.164,7.1902,23384.3,169557.21775
2024-05-09 08:00:00,7.1902,7.2133,7.027,7.1577,116729.7,828052.88257
2024-05-09 12:00:00,7.1577,7.3149,7.1239,7.2968,43208.0,310972.20932
2024-05-09 16:00:00,7.2968,7.35,7.2447,7.3487,25325.7,185203.77783
2024-05-09 20:00:00,7.3487,7.479,7.3324,7.456,41033.9,303704.37418
2024-05-10 00:00:00,7.456,7.4942,7.414,7.4497,30558.6,227684.03952
2024-05-10 04:00:00,7.4497,7.733,7.4469,7.699,56179.2,425460.63856
2024-05-10 08:00:00,7.699,7.727,7.598,7.6321,47887.9,365982.82072
2024-05-10 12:00:00,7.6321,7.647,7.2378,7.295,59949.0,448490.0016
2024-05-10 16:00:00,7.295,7.3181,7.16,7.1891,32562.6,235089.35188
2024-05-10 20:00:00,7.1891,7.2098,7.0353,7.086,47721.3,338311.26677
2024-05-11 00:00:00,7.086,7.181,7.061,7.103,101489.9,721671.08614
2024-05-11 04:00:00,7.103,7.1432,7.067,7.1337,41863.2,297174.19282
2024-05-11 08:00:00,7.1337,7.1412,7.017,7.0808,102362.1,724065.50002
2024-05-11 12:00:00,7.0808,7.164,7.037,7.118,44781.0,316622.7427
2024-05-11 16:00:00,7.118,7.143,7.0731,7.0896,14190.6,100814.59289
2024-05-11 20:00:00,7.0896,7.0896,6.99,7.005,33380.1,234307.95823
2024-05-12 00:00:00,7.005,7.046,6.989,6.9944,48654.4,341409.39727
2024-05-12 04:00:00,6.9944,7.0458,6.9285,6.9498,74498.0,519586.84739
2024-05-12 08:00:00,6.9498,7.0723,6.933,7.0224,79617.9,556355.51138
2024-05-12 12:00:00,7.0224,7.0451,6.998,7.0359,23581.2,165526.85453
2024-05-12 16:00:00,7.0359,7.0644,6.9238,6.9591,27891.3,194579.3704
2024-05-12 20:00:00,6.9591,6.967,6.865,6.934,36271.2,250803.90838
2024-05-13 00:00:00,6.934,6.9748,6.6301,6.6963,95994.6,650937.70058
2024-05-13 04:00:00,6.6963,6.8661,6.6521,6.861,38652.1,260087.1817
2024-05-13 08:00:00,6.861,7.0738,6.861,6.9269,54174.5,377845.35413
2024-05-13 12:00:00,6.9269,6.965,6.869,6.9316,51615.2,357009.57422
2024-05-13 16:00:00,6.9316,7.004,6.7827,6.8533,33326.8,229232.70089
2024-05-13 20:00:00,6.8533,6.859,6.7897,6.8133,24616.8,167806.35169
2024-05-14 00:00:00,6.8133,6.841,6.706,6.7659,47250.5,320175.41023
2024-05-14 04:00:00,6.7659,6.8549,6.645,6.8083,28821.3,194668.55173
2024-05-14 08:00:00,6.8083,6.8161,6.762,6.787,32987.1,224129.11558
2024-05-14 12:00:00,6.787,6.8137,6.615,6.7576,44178.4,297621.44434
2024-05-14 16:00:00,6.7576,6.7603,6.62,6.724,11389.4,76451.3245
2024-05-14 20:00:00,6.724,6.73,6.636,6.659,17956.0,119906.86921
2024-05-15 00:00:00,6.659,6.734,6.621,6.7211,21576.1,144492.48017
2024-05-15 04:00:00,6.7211,6.7364,6.6724,6.72,23885.9,159992.92697
2024-05-15 08:00:00,6.72,6.785,6.6665,6.704,27742.1,186916.53454
2024-05-15 12:00:00,6.704,7.059,6.665,7.02,54872.2,380824.13076
2024-05-15 16:00:00,7.02,7.234,6.983,7.2305,25125.8,177808.29792
2024-05-15 20:00:00,7.2305,7.294,7.165,7.188,29329.8,212065.48531
2024-05-16 00:00:00,7.188,7.2835,7.154,7.2681,17488.3,126199.97244
2024-05-16 04:00:00,7.2681,7.3229,7.2404,7.2924,18641.5,135770.33145
2024-05-16 08:00:00,7.2924,7.3052,7.183,7.2096,16285.7,117853.9192
2024-05-16 12:00:00,7.2096,7.2136,7.056,7.185,39929.0,285271.65647
2024-05-16 16:00:00,7.185,7.246,7.141,7.162,41277.2,297597.60378
2024-05-16 20:00:00,7.162,7.207,7.134,7.1967,12349.4,88595.08743
2024-05-17 00:00:00,7.1967,7.2182,7.121,7.1839,9248.1,66405.04678
2024-05-17 04:00:00,7.1839,7.3669,7.1605,7.348,28102.2,204663.07173
2024-05-17 08:00:00,7.348,7.3647,7.267,7.2774,19894.0,145573.69196
2024-05-17 12:00:00,7.2774,7.412,7.2396,7.407,20029.7,146396.18503
2024-05-17 16:00:00,7.407,7.439,7.2971,7.3684,17966.4,132443.59863
2024-05-17 20:00:00,7.3684,7.511,7.3457,7.4363,29434.3,219029.63134
2024-05-18 00:00:00,7.4363,7.5354,7.4222,7.4994,13854.4,103655.59942
2024-05-18 04:00:00,7.4994,7.515,7.476,7.4844,9258.2,69384.84197
2024-05-18 08:00:00,7.4844,7.537,7.4527,7.454,31693.1,237408.86226
2024-05-18 12:00:00,7.454,7.466,7.382,7.4162,33586.9,249371.01864
2024-05-18 16:00:00,7.4162,7.4461,7.3971,7.4153,18243.4,135455.23735
2024-05-18 20:00:00,7.4153,7.435,7.382,7.4287,12381.8,91753.26404
2024-05-19 00:00:00,7.4287,7.4817,7.385,7.4439,19236.8,142900.98423
2024-05-19 04:00:00,7.4439,7.4448,7.355,7.4168,29944.0,221884.35417
2024-05-19 08:00:00,7.4168,7.4205,7.292,7.3436,33930.2,249694.28483
2024-05-19 12:00:00,7.3436,7.3489,7.1254,7.1791,56240.1,406123.1366
2024-05-19 16:00:00,7.1791,7.1797,7.085,7.1199,31902.9,227372.79691
2024-05-19 20:00:00,7.1199,7.139,7.0348,7.0677,33227.7,235105.44475
2024-05-20 00:00:00,7.0677,7.1251,6.951,7.0906,150247.3,1053594.90548
2024-05-20 04:00:00,7.0906,7.364,7.0826,7.221,43852.1,316446.06663
2024-05-20 08:00:00,7.221,7.2374,7.157,7.1811,22483.1,161996.34009
2024-05-20 12:00:00,7.1811,7.225,7.1225,7.2074,27458.8,197103.9106
2024-05-20 16:00:00,7.2074,7.731,7.186,7.688,48987.3,361673.06948
2024-05-20 20:00:00,7.688,7.887,7.688,7.845,70118.4,545743.58133
2024-05-21 00:00:00,7.845,7.9699,7.765,7.8144,102907.0,811053.73363
2024-05-21 04:00:00,7.8144,7.888,7.7555,7.8769,47723.6,374523.86851
2024-05-21 08:00:00,7.8769,7.9263,7.8251,7.8742,30787.6,242704.0064
2024-05-21 12:00:00,7.8742,7.984,7.788,7.8167,33257.8,262466.31123
2024-05-21 16:00:00,7.8167,7.9918,7.787,7.8597,24198.6,191317.21717
2024-05-21 20:00:00,7.8597,7.938,7.831,7.8908,17245.9,136057.94639
2024-05-22 00:00:00,7.8908,7.925,7.81,7.8245,25623.5,201865.32365
2024-05-22 04:00:00,7.8245,7.911,7.669,7.852,41063.3,319890.88731
2024-05-22 08:00:00,7.852,7.9079,7.765,7.7707,29400.1,230909.0268
2024-05-22 12:00:00,7.7707,7.8181,7.578,7.748,103717.4,796622.90946
2024-05-22 16:00:00,7.748,7.8515,7.664,7.753,54221.6,419720.78325
2024-05-22 20:00:00,7.753,7.8142,7.673,7.774,28224.7,218730.47953
2024-05-23 00:00:00,7.774,7.881,7.7205,7.8609,29691.0,231915.85345
2024-05-23 04:00:00,7.8609,7.909,7.8114,7.8734,21211.5,166431.95693
2024-05-23 08:00:00,7.8734,7.9097,7.7001,7.825,53593.4,417671.15525
2024-05-23 12:00:00,7.825,7.8693,7.4796,7.558,86250.4,658499.37902
2024-05-23 16:00:00,7.558,7.5657,7.365,7.4435,52286.5,390562.27165
2024-05-23 20:00:00,7.4435,7.6619,7.2129,7.646,62965.1,470320.10721
2024-05-24 00:00:00,7.646,7.834,7.631,7.8139,43947.9,341160.25855
2024-05-24 04:00:00,7.8139,7.9573,7.5941,7.641,68777.9,530751.88978
2024-05-24 08:00:00,7.641,7.75,7.524,7.7291,140462.7,1071533.80626
2024-05-24 12:00:00,7.7291,7.91,7.72,7.8184,33059.5,259227.79205
2024-05-24 16:00:00,7.8184,7.9799,7.756,7.9504,27174.1,213457.32147
2024-05-24 20:00:00,7.9504,8.1954,7.939,8.1718,80769.8,652404.45083
2024-05-25 00:00:00,8.1718,8.229,8.0158,8.0825,62589.6,508134.88606
2024-05-25 04:00:00,8.0825,8.1189,7.987,8.0223,29415.1,236780.90116
2024-05-25 08:00:00,8.0223,8.0911,8.003,8.0348,22152.4,178236.88326
2024-05-25 12:00:00,8.0348,8.0583,7.9489,8.0355,21623.4,173055.80773
2024-05-25 16:00:00,8.0355,8.049,7.9858,8.0251,13919.1,111624.87411
2024-05-25 20:00:00,8.0251,8.0376,7.9306,7.981,26412.5,210715.25852
2024-05-26 00:00:00,7.981,7.983,7.838,7.9234,72221.5,571274.72866
2024-05-26 04:00:00,7.9234,7.9474,7.8565,7.8939,28321.3,223459.29546
2024-05-26 08:00:00,7.8939,7.906,7.778,7.8424,158102.9,1236994.15191
2024-05-26 12:00:00,7.8424,7.863,7.745,7.7875,77093.1,601473.72211
2024-05-26 16:00:00,7.7875,7.838,7.7554,7.8034,21684.0,168970.03047
2024-05-26 20:00:00,7.8034,7.8058,7.686,7.7356,51873.3,401152.16403
2024-05-27 00:00:00,7.7356,7.818,7.7104,7.7834,41996.7,326554.95818
2024-05-27 04:00:00,7.7834,7.819,7.654,7.701,73279.4,565782.3742
2024-05-27 08:00:00,7.701,8.004,7.6897,7.927,57734.2,453940.81071
2024-05-27 12:00:00,7.927,7.9856,7.804,7.9685,24875.8,196048.65163
2024-05-27 16:00:00,7.9685,8.0874,7.811,7.8598,72187.3,574004.07877
2024-05-27 20:00:00,7.8598,7.9554,7.855,7.9066,19044.5,150883.02522
2024-05-28 00:00:00,7.9066,7.931,7.672,7.715,82549.0,643243.6224
2024-05-28 04:00:00,7.715,7.715,7.542,7.622,93671.6,711887.68109
2024-05-28 08:00:00,7.622,7.78,7.6071,7.7164,17173.5,132341.75666
2024-05-28 12:00:00,7.7164,7.748,7.6206,7.704,22014.3,168985.45792
2024-05-28 16:00:00,7.704,7.7711,7.6007,7.7654,29673.6,228510.43471
2024-05-28 20:00:00,7.7654,7.8099,7.712,7.735,16571.9,128751.99286
2024-05-29 00:00:00,7.735,7.7766,7.643,7.774,22577.0,173781.10712
2024-05-29 04:00:00,7.774,8.0047,7.7645,7.8893,54776.2,433416.67772
2024-05-29 08:00:00,7.8893,8.047,7.791,7.9165,89897.5,714718.05646
2024-05-29 12:00:00,7.9165,8.003,7.8382,7.8486,51515.8,407389.34026
2024-05-29 16:00:00,7.8486,7.98,7.786,7.8372,68585.3,540920.28238
2024-05-29 20:00:00,7.8372,7.895,7.7825,7.824,86025.0,674184.98817
2024-05-30 00:00:00,7.824,7.9533,7.7796,7.905,71330.3,559442.23074
2024-05-30 04:00:00,7.905,7.9262,7.425,7.4576,114307.4,872915.81767
2024-05-30 08:00:00,7.4576,7.558,7.4,7.4623,74178.8,554576.02414
2024-05-30 12:00:00,7.4623,7.603,7.453,7.5705,68340.1,515760.98372
2024-05-30 16:00:00,7.5705,7.6248,7.51,7.5346,70509.6,534060.37491
2024-05-30 20:00:00,7.5346,7.5346,7.4119,7.412,82623.6,616724.20693
2024-05-31 00:00:00,7.412,7.433,7.3401,7.4217,40165.2,296540.11326
2024-05-31 04:00:00,7.4217,7.45,7.3041,7.3977,122275.6,901536.19936
2024-05-31 08:00:00,7.3977,7.4144,7.342,7.3973,23822.0,176067.94206
2024-05-31 12:00:00,7.3973,7.4995,7.285,7.3,66570.9,493549.76604
2024-05-31 16:00:00,7.3,7.414,7.228,7.3877,39843.5,291103.06139
2024-05-31 20:00:00,7.3877,7.452,7.377,7.411,19605.6,145302.40866
2024-06-01 00:00:00,7.411,7.466,7.388,7.4467,41878.0,310764.0046
2024-06-01 04:00:00,7.4467,7.4961,7.432,7.4796,44303.7,330608.63713
2024-06-01 08:00:00,7.4796,7.6061,7.474,7.5877,55435.8,417720.47292
2024-06-01 12:00:00,7.5877,7.768,7.524,7.7227,113206.9,863818.72263
2024-06-01 16:00:00,7.7227,7.858,7.682,7.8362,83780.2,648850.87972
2024-06-01 20:00:00,7.8362,8.269,7.826,7.9079,181926.6,1461020.4546
2024-06-02 00:00:00,7.9079,8.33,7.822,8.2609,419176.1,3412519.24695
2024-06-02 04:00:00,8.2609,8.3529,8.137,8.16,165364.1,1362530.56476
2024-06-02 08:00:00,8.16,8.2152,8.034,8.0601,112370.2,910898.06441
2024-06-02 12:00:00,8.0601,8.0779,7.9369,7.9513,85460.3,682465.27722
2024-06-02 16:00:00,7.9513,7.9951,7.794,7.838,90554.6,713492.76589
2024-06-02 20:00:00,7.838,7.838,7.7394,7.757,39262.3,305284.97971
2024-06-03 00:00:00,7.757,7.931,7.5814,7.911,135431.4,1046604.54359
2024-06-03 04:00:00,7.911,8.569,7.8702,8.3763,324486.6,2707839.17282
2024-06-03 08:00:00,8.3763,8.4356,8.2075,8.2957,121299.1,1007791.61229
2024-06-03 12:00:00,8.2957,8.3582,8.087,8.2044,83576.7,685738.32532
2024-06-03 16:00:00,8.2044,8.284,8.1316,8.2523,91770.5,754491.56454
2024-06-03 20:00:00,8.2523,8.2813,8.16,8.2672,67404.6,553709.8598
2024-06-04 00:00:00,8.2672,8.3823,8.0511,8.1447,119387.4,979193.60792
2024-06-04 04:00:00,8.1447,8.1742,7.9695,8.0226,172410.1,1387007.92696
2024-06-04 08:00:00,8.0226,8.0792,7.937,8.0549,122110.6,976756.12477
2024-06-04 12:00:00,8.0549,8.1355,7.985,8.1021,58473.8,471055.31642
2024-06-04 16:00:00,8.1021,8.1389,8.031,8.0917,41178.5,333182.19858
2024-06-04 20:00:00,8.0917,8.1681,8.0761,8.1522,29315.0,238134.51888
2024-06-05 00:00:00,8.1522,8.292,8.1351,8.2142,68018.3,558898.50454
2024-06-05 04:00:00,8.2142,8.4662,8.175,8.3344,150338.5,1247495.47962
2024-06-05 08:00:00,8.3344,8.424,8.2261,8.417,70915.7,590014.0873
2024-06-05 12:00:00,8.417,8.6697,8.3611,8.628,179476.3,1526794.59895
2024-06-05 16:00:00,8.628,8.696,8.551,8.6356,51903.4,447626.61067
2024-06-05 20:00:00,8.6356,8.6789,8.5494,8.622,46255.7,397939.94025
2024-06-06 00:00:00,8.622,8.7049,8.5244,8.5361,45720.0,393671.6147
2024-06-06 04:00:00,8.5361,8.542,8.4253,8.4705,127679.3,1084085.7431
2024-06-06 08:00:00,8.4705,8.531,8.418,8.529,71217.8,602445.56894
2024-06-06 12:00:00,8.529,8.5868,8.4052,8.5338,42175.2,357705.17155
2024-06-06 16:00:00,8.5338,8.5825,8.399,8.45,34821.0,295817.24556
2024-06-06 20:00:00,8.45,8.5502,8.3666,8.4344,150347.4,1278866.75265
2024-06-07 00:00:00,8.4344,8.468,8.373,8.4183,26207.7,220807.56472
2024-06-07 04:00:00,8.4183,8.521,8.374,8.3891,56633.9,478780.44603
2024-06-07 08:00:00,8.3891,8.402,8.2918,8.3404,60490.6,504502.75403
2024-06-07 12:00:00,8.3404,8.474,8.192,8.4269,78737.1,657125.53819
2024-06-07 16:00:00,8.4269,8.4349,7.1928,7.848,339487.5,2612860.18889
2024-06-07 20:00:00,7.848,7.9839,7.8231,7.8608,90421.8,713792.48291
2024-06-08 00:00:00,7.8608,7.893,7.804,7.851,40824.0,320539.74821
2024-06-08 04:00:00,7.851,7.881,7.7977,7.8215,42600.7,333543.84561
2024-06-08 08:00:00,7.8215,7.8215,7.583,7.613,85162.7,657459.82929
2024-06-08 12:00:00,7.613,7.6334,7.503,7.5185,73999.2,559599.28579
2024-06-08 16:00:00,7.5185,7.5457,7.4077,7.4092,54641.6,408732.33396
2024-06-08 20:00:00,7.4092,7.4246,7.3152,7.3903,36675.1,270680.78717
2024-06-09 00:00:00,7.3903,7.518,7.3405,7.42,72792.1,540213.63834
2024-06-09 04:00:00,7.42,7.4589,7.3651,7.4419,41251.2,306316.80152
2024-06-09 08:00:00,7.4419,7.4888,7.415,7.4486,26762.1,199500.42546
2024-06-09 12:00:00,7.4486,7.5074,7.4106,7.4265,55368.9,412496.27571
2024-06-09 16:00:00,7.4265,7.4873,7.391,7.4726,32691.9,243182.59162
2024-06-09 20:00:00,7.4726,7.498,7.4235,7.4741,37767.8,281980.60808
2024-06-10 00:00:00,7.4741,7.4766,7.374,7.3958,55734.5,414106.24748
2024-06-10 04:00:00,7.3958,7.451,7.3225,7.3272,99249.9,731232.13122
2024-06-10 08:00:00,7.3272,7.6343,7.3272,7.6031,58842.1,440985.34107
2024-06-10 12:00:00,7.6031,7.6031,7.4526,7.5046,89023.8,668601.37912
2024-06-10 16:00:00,7.5046,7.514,7.1348,7.183,157341.3,1142672.40311
2024-06-10 20:00:00,7.183,7.2319,7.11,7.1746,83207.1,597784.66289
2024-06-11 00:00:00,7.1746,7.211,6.836,7.0953,207346.5,1461544.64462
2024-06-11 04:00:00,7.0953,7.132,6.993,7.0437,98330.3,695233.0983
2024-06-11 08:00:00,7.0437,7.106,6.998,7.0185,57072.8,402925.69489
2024-06-11 12:00:00,7.0185,7.0467,6.76,6.835,138592.5,957153.30343
2024-06-11 16:00:00,6.835,6.9542,6.767,6.921,41157.5,283174.10008
2024-06-11 20:00:00,6.921,6.921,6.8238,6.8558,30237.7,207549.84091
2024-06-12 00:00:00,6.8558,7.004,6.7229,6.9611,81885.6,561224.53139
2024-06-12 04:00:00,6.9611,6.992,6.923,6.9856,25233.8,175582.65004
2024-06-12 08:00:00,6.9856,7.072,6.9697,6.975,40271.6,282772.31445
2024-06-12 12:00:00,6.975,7.2942,6.9645,7.2436,69993.6,503978.77507
2024-06-12 16:00:00,7.2436,7.276,6.998,7.0675,73671.8,528324.44262
2024-06-12 20:00:00,7.0675,7.2104,7.0358,7.1731,24374.9,174521.39319
2024-06-13 00:00:00,7.1731,7.1764,6.893,7.0072,58163.3,410039.54827
2024-06-13 04:00:00,7.0072,7.0412,6.901,6.9975,50324.0,350632.80293
2024-06-13 08:00:00,6.9975,7.147,6.9863,7.007,67831.3,478409.9205
2024-06-13 12:00:00,7.007,7.1051,6.8937,6.8997,67418.2,473164.92083
2024-06-13 16:00:00,6.8997,7.0514,6.8557,7.007,36864.2,257046.19863
2024-06-13 20:00:00,7.007,7.022,6.912,6.9586,35861.0,249789.45238
2024-06-14 00:00:00,6.9586,7.0234,6.883,6.9313,57768.2,401555.60774
2024-06-14 04:00:00,6.9313,7.0245,6.928,6.9999,40022.6,279055.71058
2024-06-14 08:00:00,6.9999,7.092,6.976,7.0618,39413.4,276966.18387
2024-06-14 12:00:00,7.0618,7.088,6.812,6.858,81635.1,568374.41689
2024-06-14 16:00:00,6.858,6.8608,6.5,6.5352,84400.6,558293.43077
2024-06-14 20:00:00,6.5352,6.7249,6.5318,6.6583,45721.4,302278.84546
2024-06-15 00:00:00,6.6583,6.714,6.631,6.684,31433.9,209472.02564
2024-06-15 04:00:00,6.684,6.787,6.6684,6.7408,19074.0,128291.47206
2024-06-15 08:00:00,6.7408,6.8005,6.7165,6.795,15243.7,103235.82758
2024-06-15 12:00:00,6.795,6.8749,6.7654,6.8288,21958.9,149760.16319
2024-06-15 16:00:00,6.8288,6.8538,6.7651,6.7861,20010.5,136193.64845
2024-06-15 20:00:00,6.7861,6.7956,6.7369,6.7758,21401.7,145016.62813
2024-06-16 00:00:00,6.7758,6.7775,6.6669,6.6902,41871.1,281640.7475
2024-06-16 04:00:00,6.6902,6.7549,6.654,6.7308,23193.7,155699.69295
2024-06-16 08:00:00,6.7308,6.7536,6.677,6.714,29834.5,200425.84613
2024-06-16 12:00:00,6.714,6.7814,6.7049,6.7635,35768.2,241008.01362
2024-06-16 16:00:00,6.7635,6.7671,6.6905,6.6999,25615.6,172413.50622
2024-06-16 20:00:00,6.6999,6.7698,6.6878,6.709,23522.8,158028.71773
2024-06-17 00:00:00,6.709,6.7555,6.499,6.5225,97476.8,644902.93807
2024-06-17 04:00:00,6.5225,6.5675,6.413,6.496,80307.1,521026.15437
2024-06-17 08:00:00,6.496,6.555,6.2725,6.3566,119978.3,770159.53857
2024-06-17 12:00:00,6.3566,6.382,6.205,6.2298,123313.4,773173.35745
2024-06-17 16:00:00,6.2298,6.4371,6.0174,6.367,101726.2,634355.89268
2024-06-17 20:00:00,6.367,6.368,6.2103,6.2265,37224.3,233648.59746
2024-06-18 00:00:00,6.2265,6.245,5.434,5.8014,134063.1,778166.04485
2024-06-18 04:00:00,5.8014,5.8795,5.7814,5.8491,44583.8,260172.8457
2024-06-18 08:00:00,5.8491,5.939,5.8052,5.8412,102637.6,603333.30774
2024-06-18 12:00:00,5.8412,5.8514,5.5155,5.704,102471.6,578436.46925
2024-06-18 16:00:00,5.704,5.7247,5.5571,5.6702,23706.9,133651.43146
2024-06-18 20:00:00,5.6702,5.7849,5.63,5.7726,40656.6,232600.2969
2024-06-19 00:00:00,5.7726,5.969,5.7206,5.9229,54292.2,318881.5031
2024-06-19 04:00:00,5.9229,5.975,5.8942,5.9278,29846.1,177142.20095
2024-06-19 08:00:00,5.9278,5.9899,5.874,5.9257,29617.4,175601.03564
2024-06-19 12:00:00,5.9257,5.9973,5.8931,5.9722,50792.4,301633.95667
2024-06-19 16:00:00,5.9722,6.1103,5.9387,6.0252,26099.0,157794.09301
2024-06-19 20:00:00,6.0252,6.0738,5.9562,5.9976,57945.2,348230.07405
2024-06-20 00:00:00,5.9976,6.135,5.9728,6.0182,42294.2,255518.03507
2024-06-20 04:00:00,6.0182,6.2205,5.9904,6.2205,45202.9,276024.7346
2024-06-20 08:00:00,6.2205,6.2487,6.1117,6.172,43698.9,269979.40486
2024-06-20 12:00:00,6.172,6.189,5.963,5.976,40553.2,245939.04439
2024-06-20 16:00:00,5.976,6.052,5.9066,6.052,20064.9,120467.53167
2024-06-20 20:00:00,6.052,6.061,5.9523,5.9642,17148.7,103023.41434
2024-06-21 00:00:00,5.9642,6.0549,5.898,6.03,38403.3,229685.64038
2024-06-21 04:00:00,6.03,6.093,5.9772,5.9901,32375.3,195404.04254
2024-06-21 08:00:00,5.9901,6.106,5.906,6.0262,90347.1,546215.19369
2024-06-21 12:00:00,6.0262,6.1283,5.944,6.037,413541.6,2514213.20512
2024-06-21 16:00:00,6.037,6.07,5.936,6.009,26813.1,161017.48048
2024-06-21 20:00:00,6.009,6.049,5.9714,5.999,11804.9,70991.87025
2024-06-22 00:00:00,5.999,6.0013,5.9101,5.978,29574.3,175928.6263
2024-06-22 04:00:00,5.978,6.0264,5.9584,5.9633,7647.1,45813.91778
2024-06-22 08:00:00,5.9633,5.9889,5.917,5.9645,11899.4,70751.91816
2024-06-22 12:00:00,5.9645,6.0469,5.9534,6.014,17909.3,107311.972
2024-06-22 16:00:00,6.014,6.073,6.011,6.0665,22844.7,138180.43202
2024-06-22 20:00:00,6.0665,6.0817,6.031,6.0421,22384.3,135801.4847
2024-06-23 00:00:00,6.0421,6.1365,6.0333,6.0962,40373.8,246114.85989
2024-06-23 04:00:00,6.0962,6.109,6.0631,6.0766,12950.5,78723.38111
2024-06-23 08:00:00,6.0766,6.0865,6.003,6.022,21459.7,129726.28822
2024-06-23 12:00:00,6.022,6.0413,5.929,5.9361,34442.5,206019.27698
2024-06-23 16:00:00,5.9361,5.9549,5.851,5.9418,37166.9,219057.27246
2024-06-23 20:00:00,5.9418,5.9599,5.834,5.8782,23225.4,137348.65795
2024-06-24 00:00:00,5.8782,5.9046,5.7221,5.8197,63030.8,365906.63332
2024-06-24 04:00:00,5.8197,5.8323,5.629,5.7073,51849.3,296621.03982
2024-06-24 08:00:00,5.7073,5.8563,5.602,5.7764,69948.8,402267.72398
2024-06-24 12:00:00,5.7764,5.9135,5.768,5.8014,41942.9,245751.09013
2024-06-24 16:00:00,5.8014,5.8997,5.7806,5.8219,38242.9,223150.97507
2024-06-24 20:00:00,5.8219,5.9871,5.771,5.9702,33064.0,195209.13077
2024-06-25 00:00:00,5.9702,6.126,5.938,6.0866,52284.1,314852.72655
2024-06-25 04:00:00,6.0866,6.1998,6.0866,6.1516,61755.7,379755.884
2024-06-25 08:00:00,6.1516,6.2328,6.1201,6.2211,42329.3,260964.98219
2024-06-25 12:00:00,6.2211,6.3055,6.1944,6.284,41220.9,257330.35543
2024-06-25 16:00:00,6.284,6.285,6.2068,6.2577,24522.1,153051.23719
2024-06-25 20:00:00,6.2577,6.262,6.1754,6.1813,34727.2,216440.37672
2024-06-26 00:00:00,6.1813,6.278,6.15,6.1781,40313.7,249571.90877
2024-06-26 04:00:00,6.1781,6.2041,6.141,6.1976,33574.7,207228.97842
2024-06-26 08:00:00,6.1976,6.208,6.15,6.162,12568.3,77631.18924
2024-06-26 12:00:00,6.162,6.1998,6.091,6.1297,17259.5,105914.71169
2024-06-26 16:00:00,6.1297,6.1486,6.0355,6.1486,21170.3,128867.00226
2024-06-26 20:00:00,6.1486,6.1973,6.0653,6.076,19518.0,119658.50793
2024-06-27 00:00:00,6.076,6.08,5.9701,6.0423,33113.3,199697.66382
2024-06-27 04:00:00,6.0423,6.0917,6.0374,6.0607,56061.4,339505.81046
2024-06-27 08:00:00,6.0607,6.1874,6.06,6.1673,40433.1,247978.00849
2024-06-27 12:00:00,6.1673,6.3471,6.1638,6.2405,76484.1,476619.34574
2024-06-27 16:00:00,6.2405,6.2667,6.2175,6.241,21967.5,137048.25537
2024-06-27 20:00:00,6.241,6.287,6.2114,6.2595,17590.0,110005.93338
2024-06-28 00:00:00,6.2595,6.3132,6.2114,6.2677,19681.4,123261.30562
2024-06-28 04:00:00,6.2677,6.2686,6.2002,6.243,18006.7,112242.85808
2024-06-28 08:00:00,6.243,6.3324,6.2281,6.3016,31776.8,199238.97931
2024-06-28 12:00:00,6.3016,6.371,6.2538,6.3234,31216.4,196625.01777
2024-06-28 16:00:00,6.3234,6.3283,6.133,6.17,27460.2,170541.47817
2024-06-28 20:00:00,6.17,6.1999,6.021,6.0609,30602.4,186077.72796
2024-06-29 00:00:00,6.0609,6.1936,6.047,6.1337,25420.0,154800.32863
2024-06-29 04:00:00,6.1337,6.1594,6.085,6.133,44779.8,274021.2939
2024-06-29 08:00:00,6.133,6.143,6.0575,6.0932,26334.9,160451.12653
2024-06-29 12:00:00,6.0932,6.097,5.983,6.0101,40192.9,242126.25001
2024-06-29 16:00:00,6.0101,6.012,5.8604,5.9285,72758.3,430194.21698
2024-06-29 20:00:00,5.9285,5.971,5.8955,5.9361,43384.9,257670.78787
2024-06-30 00:00:00,5.9361,5.9911,5.89,5.911,50718.0,300686.94423
2024-06-30 04:00:00,5.911,6.0528,5.869,6.0181,132463.4,784267.68703
2024-06-30 08:00:00,6.0181,6.0279,5.947,5.9566,39319.0,235518.3246
2024-06-30 12:00:00,5.9566,5.974,5.9138,5.9512,42344.8,251589.46928
2024-06-30 16:00:00,5.9512,5.983,5.902,5.9416,85221.1,506245.31183
2024-06-30 20:00:00,5.9416,6.074,5.9081,6.0471,30093.1,180210.6665
2024-07-01 00:00:00,6.0471,6.245,6.01,6.1221,66687.9,406315.75457
2024-07-01 04:00:00,6.1221,6.146,6.0444,6.0732,65679.5,400109.2626
2024-07-01 08:00:00,6.0732,6.0912,5.9921,6.0107,42039.7,253818.32496
2024-07-01 12:00:00,6.0107,6.016,5.9124,5.9548,126941.3,757533.06689
2024-07-01 16:00:00,5.9548,6.0542,5.9297,5.984,48398.1,289935.18367
2024-07-01 20:00:00,5.984,5.9892,5.87,5.89,27604.0,163371.38588
2024-07-02 00:00:00,5.89,5.9429,5.8535,5.9181,21302.0,125449.56421
2024-07-02 04:00:00,5.9181,5.9606,5.876,5.8946,35361.8,209439.76445
2024-07-02 08:00:00,5.8946,5.93,5.863,5.9169,39175.0,231104.59137
2024-07-02 12:00:00,5.9169,6.035,5.889,5.9407,73638.3,438448.52889
2024-07-02 16:00:00,5.9407,5.9752,5.8129,5.9618,56139.7,330219.42655
2024-07-02 20:00:00,5.9618,5.9983,5.942,5.9761,23760.6,141842.10343
2024-07-03 00:00:00,5.9761,6.0,5.766,5.8533,155133.2,908987.80103
2024-07-03 04:00:00,5.8533,5.9277,5.816,5.9174,33279.0,195775.57231
2024-07-03 08:00:00,5.9174,5.955,5.8,5.8528,132599.6,777859.75295
2024-07-03 12:00:00,5.8528,5.903,5.763,5.85,81793.7,478255.68282
2024-07-03 16:00:00,5.85,5.8675,5.671,5.7244,60660.1,351277.45055
2024-07-03 20:00:00,5.7244,5.783,5.689,5.717,26134.8,149761.83
2024-07-04 00:00:00,5.717,5.739,5.334,5.4932,180065.2,992221.4628
2024-07-04 04:00:00,5.4932,5.5249,5.3766,5.399,34300.5,186736.43904
2024-07-04 08:00:00,5.399,5.419,5.3109,5.341,53272.4,285773.67512
2024-07-04 12:00:00,5.341,5.3525,5.139,5.2748,77018.5,403465.47117
2024-07-04 16:00:00,5.2748,5.2748,5.1952,5.2036,12192.9,63862.65313
2024-07-04 20:00:00,5.2036,5.296,5.015,5.0628,62416.6,322640.80403
2024-07-05 00:00:00,5.0628,5.0687,4.4007,4.5199,220390.2,1041132.00552
2024-07-05 04:00:00,4.5199,4.6384,4.4,4.5588,108346.2,490151.94769
2024-07-05 08:00:00,4.5588,4.7216,4.4338,4.7092,45602.2,206903.05725
2024-07-05 12:00:00,4.7092,4.8999,4.6305,4.8925,50727.0,241359.71715
2024-07-05 16:00:00,4.8925,4.997,4.859,4.9697,37758.0,186972.60958
2024-07-05 20:00:00,4.9697,5.0089,4.9046,4.9439,17641.5,87603.38915
2024-07-06 00:00:00,4.9439,5.1006,4.8951,4.9389,31469.9,157307.44327
2024-07-06 04:00:00,4.9389,5.099,4.9152,5.0836,46371.2,232697.23415
2024-07-06 08:00:00,5.0836,5.1647,5.0511,5.1552,52422.0,268226.79277
2024-07-06 12:00:00,5.1552,5.2094,5.079,5.1928,76624.7,393562.44295
2024-07-06 16:00:00,5.1928,5.3699,5.171,5.3308,63346.9,334901.9303
2024-07-06 20:00:00,5.3308,5.42,5.3251,5.3311,41839.5,225189.33118
2024-07-07 00:00:00,5.3311,5.359,5.2598,5.304,54682.6,290314.70165
2024-07-07 04:00:00,5.304,5.3284,5.219,5.2607,28480.0,150237.57894
2024-07-07 08:00:00,5.2607,5.2904,5.217,5.2668,16603.0,87183.79328
2024-07-07 12:00:00,5.2668,5.295,5.073,5.138,30788.6,159468.74548
2024-07-07 16:00:00,5.138,5.229,5.1228,5.1513,31704.1,164086.18161
2024-07-07 20:00:00,5.1513,5.1583,4.9633,4.9907,33043.8,167301.19479
2024-07-08 00:00:00,4.9907,5.021,4.7747,4.9467,82996.9,407968.18164
2024-07-08 04:00:00,4.9467,5.055,4.9349,4.9889,30351.1,151494.65237
2024-07-08 08:00:00,4.9889,5.3386,4.985,5.311,61281.4,321355.23717
2024-07-08 12:00:00,5.311,5.3181,4.99,5.106,36137.6,187138.5496
2024-07-08 16:00:00,5.106,5.185,5.051,5.1787,20506.4,105269.83473
2024-07-08 20:00:00,5.1787,5.2299,5.1309,5.2085,24180.3,125601.07824
2024-07-09 00:00:00,5.2085,5.3,5.165,5.249,50547.9,263924.40275
2024-07-09 04:00:00,5.249,5.2915,5.227,5.2577,20791.3,109376.19447
2024-07-09 08:00:00,5.2577,5.326,5.217,5.2616,49028.5,258135.93245
2024-07-09 12:00:00,5.2616,5.33,5.224,5.3026,46363.6,243950.00982
2024-07-09 16:00:00,5.3026,5.3299,5.2443,5.3275,27138.3,143544.83202
2024-07-09 20:00:00,5.3275,5.343,5.2592,5.2804,33644.6,177978.10623
2024-07-10 00:00:00,5.2804,5.3207,5.229,5.3133,25713.8,135506.48647
2024-07-10 04:00:00,5.3133,5.4327,5.311,5.3717,42711.7,230272.40177
2024-07-10 08:00:00,5.3717,5.372,5.3,5.3141,16582.2,88456.83008
2024-07-10 12:00:00,5.3141,5.391,5.2525,5.3691,20727.7,110130.88343
2024-07-10 16:00:00,5.3691,5.417,5.3144,5.337,12175.1,65152.52814
2024-07-10 20:00:00,5.337,5.353,5.3005,5.3427,13396.5,71381.98861
2024-07-11 00:00:00,5.3427,5.409,5.287,5.3352,24408.2,130392.81394
2024-07-11 04:00:00,5.3352,5.4164,5.326,5.4086,20327.3,109088.90094
2024-07-11 08:00:00,5.4086,5.427,5.3738,5.4012,35092.8,189458.66316
2024-07-11 12:00:00,5.4012,5.512,5.325,5.346,47807.7,259427.95376
2024-07-11 16:00:00,5.346,5.4497,5.2994,5.386,24497.1,132269.34821
2024-07-11 20:00:00,5.386,5.3941,5.269,5.2921,33057.6,175813.43142
2024-07-12 00:00:00,5.2921,5.355,5.224,5.3114,20806.3,110195.51633
2024-07-12 04:00:00,5.3114,5.357,5.273,5.3131,26229.4,139446.89141
2024-07-12 08:00:00,5.3131,5.3253,5.203,5.211,56469.1,296788.14776
2024-07-12 12:00:00,5.211,5.3849,5.208,5.357,44161.8,233937.37906
2024-07-12 16:00:00,5.357,5.47,5.3366,5.3883,94919.9,509088.85381
2024-07-12 20:00:00,5.3883,5.487,5.3506,5.4534,16208.8,88036.05195
2024-07-13 00:00:00,5.4534,5.5277,5.43,5.5109,25903.1,142194.14259
2024-07-13 04:00:00,5.5109,5.547,5.4825,5.5364,25257.1,139459.52245
2024-07-13 08:00:00,5.5364,5.574,5.5142,5.5432,36510.9,202655.88847
2024-07-13 12:00:00,5.5432,5.5618,5.518,5.5548,26145.3,144698.07176
2024-07-13 16:00:00,5.5548,5.5996,5.5367,5.5777,29592.9,164696.6859
2024-07-13 20:00:00,5.5777,5.603,5.514,5.5523,70064.2,390072.68736
2024-07-14 00:00:00,5.5523,5.6196,5.515,5.584,25268.5,140748.19666
2024-07-14 04:00:00,5.584,5.646,5.576,5.5808,25862.3,144940.91412
2024-07-14 08:00:00,5.5808,5.586,5.5186,5.5271,43526.9,241654.46257
2024-07-14 12:00:00,5.5271,5.554,5.4861,5.5435,47711.8,263197.09635
2024-07-14 16:00:00,5.5435,5.5523,5.5024,5.5365,27428.0,151668.14919
2024-07-14 20:00:00,5.5365,5.703,5.5292,5.6728,40278.3,227187.83233
2024-07-15 00:00:00,5.6728,5.8078,5.6582,5.798,47340.0,271827.96233
2024-07-15 04:00:00,5.798,5.808,5.7196,5.7713,39246.3,226151.67532
2024-07-15 08:00:00,5.7713,5.8068,5.685,5.7193,68304.5,391740.19651
2024-07-15 12:00:00,5.7193,5.782,5.71,5.7486,26068.2,149705.93852
2024-07-15 16:00:00,5.7486,5.8543,5.723,5.843,46553.3,269786.56387
2024-07-15 20:00:00,5.843,5.9763,5.835,5.95,24178.1,142863.00328
2024-07-16 00:00:00,5.95,6.06,5.894,5.981,239142.7,1431204.31113
2024-07-16 04:00:00,5.981,6.0088,5.7478,5.778,44903.3,264847.93209
2024-07-16 08:00:00,5.778,5.884,5.7109,5.8439,33747.1,195771.70078
2024-07-16 12:00:00,5.8439,5.994,5.786,5.9829,55448.1,326804.52241
2024-07-16 16:00:00,5.9829,6.054,5.9401,6.0252,43061.4,258772.46742
2024-07-16 20:00:00,6.0252,6.053,5.951,6.0162,25055.5,150424.52824
2024-07-17 00:00:00,6.0162,6.1786,6.0092,6.0874,32009.0,195169.48273
2024-07-17 04:00:00,6.0874,6.2046,6.079,6.1877,44996.3,277328.02755
2024-07-17 08:00:00,6.1877,6.207,6.094,6.129,37865.7,233132.22069
2024-07-17 12:00:00,6.129,6.1931,6.0602,6.1241,105893.2,651644.87361
2024-07-17 16:00:00,6.1241,6.158,5.9937,6.116,33580.3,204032.40986
2024-07-17 20:00:00,6.116,6.1358,5.9893,5.9956,25353.1,153940.36891
2024-07-18 00:00:00,5.9956,6.342,5.992,6.3195,76018.3,473760.9753
2024-07-18 04:00:00,6.3195,6.352,6.22,6.2518,76023.6,477101.73422
2024-07-18 08:00:00,6.2518,6.3731,6.192,6.261,72547.8,454542.54504
2024-07-18 12:00:00,6.261,6.3719,6.051,6.065,143368.1,894253.26536
2024-07-18 16:00:00,6.065,6.104,5.958,5.9913,78506.9,474506.1648
2024-07-18 20:00:00,5.9913,6.121,5.9568,6.053,62023.2,375791.61009
2024-07-19 00:00:00,6.053,6.244,5.984,6.2087,139950.1,857630.33111
2024-07-19 04:00:00,6.2087,6.226,6.0701,6.079,124781.3,765174.81767
2024-07-19 08:00:00,6.079,6.1,6.016,6.0913,22999.5,139409.33998
2024-07-19 12:00:00,6.0913,6.25,6.0725,6.242,52043.3,321367.3085
2024-07-19 16:00:00,6.242,6.2968,6.2367,6.287,53891.9,338016.59328
2024-07-19 20:00:00,6.287,6.345,6.268,6.292,32859.2,206880.55462
2024-07-20 00:00:00,6.292,6.3332,6.2539,6.297,27407.9,172604.57304
2024-07-20 04:00:00,6.297,6.3329,6.2802,6.3082,26257.4,165693.72526
2024-07-20 08:00:00,6.3082,6.354,6.2555,6.3165,32101.2,202634.46686
2024-07-20 12:00:00,6.3165,6.376,6.246,6.3722,75788.2,478237.88782
2024-07-20 16:00:00,6.3722,6.4103,6.321,6.3971,38203.2,243657.32977
2024-07-20 20:00:00,6.3971,6.424,6.3353,6.3906,49640.4,316393.75144
2024-07-21 00:00:00,6.3906,6.4893,6.3752,6.3816,40947.4,262921.80342
2024-07-21 04:00:00,6.3816,6.394,6.256,6.2908,33580.0,211818.7081
2024-07-21 08:00:00,6.2908,6.325,6.2703,6.3009,36992.0,232963.29327
2024-07-21 12:00:00,6.3009,6.371,6.212,6.293,126713.8,796168.13681
2024-07-21 16:00:00,6.293,6.336,6.0505,6.2623,117813.2,731510.40691
2024-07-21 20:00:00,6.2623,6.4493,6.253,6.3932,76331.2,486769.62904
2024-07-22 00:00:00,6.3932,6.4648,6.31,6.3142,42364.0,270274.03373
2024-07-22 04:00:00,6.3142,6.329,6.142,6.1858,107476.1,670093.88184
2024-07-22 08:00:00,6.1858,6.251,6.1585,6.248,64495.3,399983.59335
2024-07-22 12:00:00,6.248,6.298,6.114,6.182,135248.3,836146.38718
2024-07-22 16:00:00,6.182,6.23,6.151,6.23,25273.5,156217.52503
2024-07-22 20:00:00,6.23,6.233,6.052,6.112,75795.9,463676.19395
2024-07-23 00:00:00,6.112,6.266,6.098,6.154,46305.6,285944.59816
2024-07-23 04:00:00,6.154,6.175,5.984,6.028,39712.7,239922.27524
2024-07-23 08:00:00,6.028,6.196,6.023,6.117,58942.3,361500.75475
2024-07-23 12:00:00,6.117,6.156,6.0204,6.0562,103454.5,631062.74746
2024-07-23 16:00:00,6.0562,6.0562,5.858,5.969,55874.1,333100.10289
2024-07-23 20:00:00,5.969,5.998,5.907,5.957,32788.8,195525.03027
2024-07-24 00:00:00,5.957,6.02,5.92,5.996,38462.8,229592.9202
2024-07-24 04:00:00,5.996,6.09,5.961,6.09,19710.6,118543.57733
2024-07-24 08:00:00,6.09,6.1799,6.071,6.126,39659.8,243786.63827
2024-07-24 12:00:00,6.126,6.187,6.092,6.0943,49813.0,305393.87282
2024-07-24 16:00:00,6.0943,6.136,5.99,6.002,22334.6,135757.54064
2024-07-24 20:00:00,6.002,6.034,5.843,5.885,33930.6,201059.32851
2024-07-25 00:00:00,5.885,5.94,5.6004,5.624,50113.4,286257.07056
2024-07-25 04:00:00,5.624,5.695,5.589,5.632,45270.3,255177.02384
2024-07-25 08:00:00,5.632,5.652,5.5645,5.623,36872.2,207085.55399
2024-07-25 12:00:00,5.623,5.688,5.515,5.643,68273.5,381320.35269
2024-07-25 16:00:00,5.643,5.704,5.492,5.555,24464.2,136908.47484
2024-07-25 20:00:00,5.555,5.725,5.478,5.679,14778.7,82986.39226
2024-07-26 00:00:00,5.679,5.824,5.669,5.787,29231.7,168066.6355
2024-07-26 04:00:00,5.787,5.924,5.78,5.878,27162.1,159039.45039
2024-07-26 08:00:00,5.878,5.907,5.855,5.9027,52210.5,306638.87912
2024-07-26 12:00:00,5.9027,6.004,5.8752,5.948,82812.2,492357.43797
2024-07-26 16:00:00,5.948,6.077,5.948,6.051,41517.3,249348.64311
2024-07-26 20:00:00,6.051,6.087,6.015,6.081,27020.9,163513.02171
2024-07-27 00:00:00,6.081,6.0887,6.019,6.053,29868.7,180841.95873
2024-07-27 04:00:00,6.053,6.114,6.045,6.068,23504.3,143031.66921
2024-07-27 08:00:00,6.068,6.096,6.047,6.085,24837.0,150766.30702
2024-07-27 12:00:00,6.085,6.206,6.0667,6.108,32817.6,201259.45019
2024-07-27 16:00:00,6.108,6.152,6.044,6.136,56690.4,346776.00036
2024-07-27 20:00:00,6.136,6.206,6.014,6.093,36820.5,224995.34312
2024-07-28 00:00:00,6.093,6.116,6.028,6.032,23061.0,139913.7187
2024-07-28 04:00:00,6.032,6.041,5.922,6.007,46722.0,279598.65939
2024-07-28 08:00:00,6.007,6.03,5.978,5.982,29686.9,178352.26508
2024-07-28 12:00:00,5.982,5.986,5.893,5.924,37798.8,224630.42813
2024-07-28 16:00:00,5.924,5.964,5.897,5.922,41000.5,243029.42883
2024-07-28 20:00:00,5.922,5.934,5.8767,5.919,25860.9,152833.38625
2024-07-29 00:00:00,5.919,6.135,5.919,6.074,34459.4,208228.14788
2024-07-29 04:00:00,6.074,6.0939,6.021,6.041,28375.4,171961.42605
2024-07-29 08:00:00,6.041,6.06,6.004,6.031,31836.2,192007.1802
2024-07-29 12:00:00,6.031,6.044,5.816,5.864,43624.2,258650.54691
2024-07-29 16:00:00,5.864,5.873,5.737,5.826,69188.6,399894.24573
2024-07-29 20:00:00,5.826,5.848,5.773,5.789,25387.9,147354.05769
2024-07-30 00:00:00,5.789,5.886,5.738,5.869,56891.0,331378.66333
2024-07-30 04:00:00,5.869,5.965,5.847,5.958,46653.5,275401.95776
2024-07-30 08:00:00,5.958,6.062,5.952,6.014,64492.1,386317.60119
2024-07-30 12:00:00,6.014,6.03,5.9329,5.989,50554.3,302480.92942
2024-07-30 16:00:00,5.989,6.004,5.826,5.866,87234.6,516964.30906
2024-07-30 20:00:00,5.866,5.869,5.744,5.812,67550.0,391670.81103
2024-07-31 00:00:00,5.812,5.86,5.732,5.817,47640.9,276465.73402
2024-07-31 04:00:00,5.817,5.932,5.736,5.838,45312.1,263179.72743
2024-07-31 08:00:00,5.838,5.844,5.739,5.786,43293.4,250393.66144
2024-07-31 12:00:00,5.786,5.876,5.7756,5.815,53838.2,312550.65502
2024-07-31 16:00:00,5.815,5.86,5.692,5.713,49158.9,283896.5988
2024-07-31 20:00:00,5.713,5.713,5.609,5.634,32413.6,183169.60274
2024-08-01 00:00:00,5.634,5.6875,5.596,5.647,42083.4,237416.40351
2024-08-01 04:00:00,5.647,5.67,5.502,5.6142,40390.6,225987.05879
2024-08-01 08:00:00,5.6142,5.6659,5.604,5.6566,26177.1,147604.53422
2024-08-01 12:00:00,5.6566,5.725,5.46,5.47,60861.6,338485.46312
2024-08-01 16:00:00,5.47,5.479,5.248,5.37,86046.3,461465.91069
2024-08-01 20:00:00,5.37,5.685,5.339,5.656,61446.1,343479.93575
2024-08-02 00:00:00,5.656,5.706,5.489,5.583,72396.5,403788.98399
2024-08-02 04:00:00,5.583,5.591,5.42,5.503,91239.2,502306.13863
2024-08-02 08:00:00,5.503,5.558,5.447,5.501,62832.1,346204.23351
2024-08-02 12:00:00,5.501,5.614,5.185,5.328,87600.0,474450.07602
2024-08-02 16:00:00,5.328,5.339,5.201,5.2469,30195.1,159183.08372
2024-08-02 20:00:00,5.2469,5.29,5.157,5.227,33444.2,174569.65993
2024-08-03 00:00:00,5.227,5.2814,5.0671,5.263,39165.5,202750.63232
2024-08-03 04:00:00,5.263,5.3188,5.243,5.294,52962.6,279356.77022
2024-08-03 08:00:00,5.294,5.321,5.269,5.315,28882.6,153066.36866
2024-08-03 12:00:00,5.315,5.36,5.121,5.129,41816.6,219611.67619
2024-08-03 16:00:00,5.129,5.173,4.907,4.911,48937.2,245605.57811
2024-08-03 20:00:00,4.911,5.062,4.888,5.004,20349.3,101474.43151
2024-08-04 00:00:00,5.004,5.077,4.971,5.04,54301.9,272794.16514
2024-08-04 04:00:00,5.04,5.079,4.986,4.989,38767.8,195283.27731
2024-08-04 08:00:00,4.989,5.036,4.959,5.004,17996.7,89964.73123
2024-08-04 12:00:00,5.004,5.035,4.8,4.804,32049.4,157515.105
2024-08-04 16:00:00,4.804,4.829,4.542,4.79,57640.2,271367.17903
2024-08-04 20:00:00,4.79,4.85,4.686,4.699,14718.6,70035.09619
2024-08-05 00:00:00,4.699,4.744,4.064,4.1693,156091.1,661836.0554
2024-08-05 04:00:00,4.1693,4.29,3.803,4.246,241298.6,977867.64607
2024-08-05 08:00:00,4.246,4.259,3.868,4.029,134912.6,542438.05627
2024-08-05 12:00:00,4.029,4.437,3.858,4.3906,102204.6,420619.54557
2024-08-05 16:00:00,4.3906,4.4534,4.204,4.276,38788.4,167069.80153
2024-08-05 20:00:00,4.276,4.408,4.276,4.3143,29503.6,127416.94586
2024-08-06 00:00:00,4.3143,4.573,4.303,4.507,34111.4,153241.17405
2024-08-06 04:00:00,4.507,4.64,4.4699,4.6187,44963.7,205166.79579
2024-08-06 08:00:00,4.6187,4.619,4.3751,4.4165,111443.0,496736.7606
2024-08-06 12:00:00,4.4165,4.584,4.319,4.535,98954.7,439281.01184
2024-08-06 16:00:00,4.535,4.5728,4.492,4.5086,67284.4,304788.39131
2024-08-06 20:00:00,4.5086,4.566,4.4562,4.4852,36850.5,165483.63416
2024-08-07 00:00:00,4.4852,4.63,4.443,4.5897,107580.6,487702.9338
2024-08-07 04:00:00,4.5897,4.637,4.516,4.5521,85049.1,388670.28475
2024-08-07 08:00:00,4.5521,4.611,4.524,4.5326,74379.7,339642.34684
2024-08-07 12:00:00,4.5326,4.583,4.3289,4.3828,146450.9,654117.16989
2024-08-07 16:00:00,4.3828,4.394,4.2471,4.3022,46022.2,198560.38108
2024-08-07 20:00:00,4.3022,4.3685,4.252,4.335,43411.3,186922.89046
2024-08-08 00:00:00,4.335,4.5668,4.2561,4.5018,60624.6,266402.89449
2024-08-08 04:00:00,4.5018,4.5509,4.4891,4.501,19930.5,90160.91291
2024-08-08 08:00:00,4.501,4.527,4.474,4.5164,18669.3,84004.42544
2024-08-08 12:00:00,4.5164,4.702,4.5059,4.6726,726273.0,3366795.9015
2024-08-08 16:00:00,4.6726,4.7401,4.67,4.6974,39453.8,185620.69138
2024-08-08 20:00:00,4.6974,4.8832,4.691,4.8501,34302.0,164499.8953
2024-08-09 00:00:00,4.8501,4.8577,4.7909,4.8026,30033.9,144683.88836
2024-08-09 04:00:00,4.8026,4.814,4.713,4.786,23046.7,109923.86999
2024-08-09 08:00:00,4.786,4.887,4.7665,4.86,69199.3,335016.22693
2024-08-09 12:00:00,4.86,4.874,4.693,4.7282,46649.0,223303.6673
2024-08-09 16:00:00,4.7282,4.785,4.7078,4.752,26458.5,125632.70045
2024-08-09 20:00:00,4.752,4.806,4.702,4.8024,36355.1,172986.25608
2024-08-10 00:00:00,4.8024,4.856,4.739,4.762,64093.5,306594.79313
2024-08-10 04:00:00,4.762,4.803,4.735,4.7997,41073.6,195721.86399
2024-08-10 08:00:00,4.7997,4.846,4.767,4.8423,120072.2,578700.71827
2024-08-10 12:00:00,4.8423,4.852,4.7902,4.822,45501.8,219439.37489
2024-08-10 16:00:00,4.822,4.903,4.813,4.877,49249.6,239147.78834
2024-08-10 20:00:00,4.877,4.934,4.87,4.891,36680.1,179658.00929
2024-08-11 00:00:00,4.891,4.895,4.835,4.842,37083.0,180285.48317
2024-08-11 04:00:00,4.842,4.852,4.806,4.844,22364.4,108048.02433
2024-08-11 08:00:00,4.844,4.907,4.774,4.793,68213.4,329555.95641
2024-08-11 12:00:00,4.793,4.805,4.664,4.685,67624.4,319553.93572
2024-08-11 16:00:00,4.685,4.708,4.595,4.606,55326.8,257294.74832
2024-08-11 20:00:00,4.606,4.606,4.486,4.526,117771.7,534008.81895
2024-08-12 00:00:00,4.526,4.59,4.512,4.554,52277.9,237829.57197
2024-08-12 04:00:00,4.554,4.621,4.476,4.603,77987.2,354495.17986
2024-08-12 08:00:00,4.603,4.771,4.556,4.76,71077.4,330702.11196
2024-08-12 12:00:00,4.76,4.826,4.555,4.815,100195.1,474339.63855
2024-08-12 16:00:00,4.815,4.847,4.708,4.742,21275.1,101844.4291
2024-08-12 20:00:00,4.742,4.813,4.678,4.767,27148.1,128247.9554
2024-08-13 00:00:00,4.767,4.793,4.659,4.675,35814.9,170013.8115
2024-08-13 04:00:00,4.675,4.731,4.648,4.693,23966.7,112646.3369
2024-08-13 08:00:00,4.693,4.699,4.608,4.655,41007.0,190558.2435
2024-08-13 12:00:00,4.655,4.763,4.65,4.76,26393.4,124382.7359
2024-08-13 16:00:00,4.76,4.981,4.75,4.916,45012.0,221363.92374
2024-08-13 20:00:00,4.916,4.957,4.879,4.895,26164.0,128733.2312
2024-08-14 00:00:00,4.895,4.904,4.822,4.866,38632.9,187969.9396
2024-08-14 04:00:00,4.866,4.891,4.808,4.819,14698.0,71318.2485
2024-08-14 08:00:00,4.819,4.876,4.79,4.828,49988.1,241497.6409
2024-08-14 12:00:00,4.828,4.904,4.662,4.744,67960.4,324929.5781
2024-08-14 16:00:00,4.744,4.752,4.687,4.703,17722.1,83609.5229
2024-08-14 20:00:00,4.703,4.734,4.666,4.712,49453.7,233069.206
2024-08-15 00:00:00,4.712,4.765,4.689,4.753,48477.7,229357.0205
2024-08-15 04:00:00,4.753,4.769,4.686,4.736,20046.1,94945.8999
2024-08-15 08:00:00,4.736,4.831,4.711,4.758,39662.2,189095.5287
2024-08-15 12:00:00,4.758,4.831,4.747,4.765,51864.9,248481.707
2024-08-15 16:00:00,4.765,4.801,4.497,4.541,33724.7,155618.3193
2024-08-15 20:00:00,4.541,4.59,4.485,4.566,74936.1,340132.9196
2024-08-16 00:00:00,4.566,4.626,4.515,4.553,99442.2,453684.3971
2024-08-16 04:00:00,4.553,4.67,4.539,4.651,108883.3,503551.9686
2024-08-16 08:00:00,4.651,4.674,4.612,4.63,31172.6,144606.9595
2024-08-16 12:00:00,4.63,4.668,4.511,4.548,77391.8,354626.1458
2024-08-16 16:00:00,4.548,4.682,4.539,4.665,19534.8,90556.474
2024-08-16 20:00:00,4.665,4.702,4.625,4.634,17597.8,82048.8916
2024-08-17 00:00:00,4.634,4.641,4.573,4.582,33730.3,155015.9796
2024-08-17 04:00:00,4.582,4.617,4.574,4.608,40023.2,183867.5897
2024-08-17 08:00:00,4.608,4.626,4.554,4.563,19813.1,90908.7281
2024-08-17 12:00:00,4.563,4.633,4.556,4.613,39800.5,183300.6769
2024-08-17 16:00:00,4.613,4.669,4.606,4.63,21569.3,99851.6756
2024-08-17 20:00:00,4.63,4.668,4.621,4.657,30642.2,142264.9806
2024-08-18 00:00:00,4.657,4.669,4.588,4.597,53668.7,248151.4293
2024-08-18 04:00:00,4.597,4.614,4.567,4.584,27867.4,127918.2962
2024-08-18 08:00:00,4.584,4.77,4.573,4.763,106277.9,496701.9234
2024-08-18 12:00:00,4.763,4.9,4.761,4.788,139098.6,670674.3221
2024-08-18 16:00:00,4.788,4.819,4.704,4.767,44919.8,213387.1036
2024-08-18 20:00:00,4.767,4.768,4.639,4.648,34358.5,161423.0896
2024-08-19 00:00:00,4.648,4.649,4.565,4.618,76800.3,354454.1783
2024-08-19 04:00:00,4.618,4.632,4.552,4.592,62568.2,287800.723
2024-08-19 08:00:00,4.592,4.624,4.523,4.586,43189.1,197607.0206
2024-08-19 12:00:00,4.586,4.613,4.511,4.571,40835.8,186335.8877
2024-08-19 16:00:00,4.571,4.64,4.527,4.631,41837.6,191746.5738
2024-08-19 20:00:00,4.631,4.657,4.607,4.641,33117.5,153258.7544
2024-08-20 00:00:00,4.641,4.729,4.63,4.713,40427.3,189928.2539
2024-08-20 04:00:00,4.713,4.787,4.71,4.767,36587.5,173712.0467
2024-08-20 08:00:00,4.767,4.789,4.732,4.747,26611.4,126631.84
2024-08-20 12:00:00,4.747,4.805,4.626,4.683,54971.0,259147.3274
2024-08-20 16:00:00,4.683,4.799,4.665,4.787,23142.4,109588.7978
2024-08-20 20:00:00,4.787,4.836,4.751,4.775,31934.9,153122.6026
2024-08-21 00:00:00,4.775,4.812,4.724,4.776,25412.1,121264.3917
2024-08-21 04:00:00,4.776,4.833,4.776,4.827,32445.8,155923.2415
2024-08-21 08:00:00,4.827,4.845,4.752,4.774,47098.0,225407.9526
2024-08-21 12:00:00,4.774,4.834,4.711,4.794,53516.1,255639.7515
2024-08-21 16:00:00,4.794,4.938,4.769,4.935,39847.2,193489.13
2024-08-21 20:00:00,4.935,4.963,4.888,4.925,27901.8,137289.5068
2024-08-22 00:00:00,4.925,4.927,4.832,4.897,28895.0,141243.9538
2024-08-22 04:00:00,4.897,4.937,4.885,4.927,31822.8,156255.9954
2024-08-22 08:00:00,4.927,4.986,4.913,4.972,37264.4,184816.0588
2024-08-22 12:00:00,4.972,4.978,4.908,4.943,38098.1,188182.6403
2024-08-22 16:00:00,4.943,4.978,4.923,4.941,15126.9,74871.9847
2024-08-22 20:00:00,4.941,4.98,4.939,4.964,18493.5,91781.3771
2024-08-23 00:00:00,4.964,5.064,4.954,5.06,62818.7,315063.66831
2024-08-23 04:00:00,5.06,5.122,5.038,5.121,44762.0,227608.55372
2024-08-23 08:00:00,5.121,5.165,5.103,5.111,64194.7,329724.87146
2024-08-23 12:00:00,5.111,5.251,5.089,5.22,78055.2,403223.85812
2024-08-23 16:00:00,5.22,5.357,5.202,5.338,46119.7,244498.2089
2024-08-23 20:00:00,5.338,5.375,5.307,5.321,33783.4,180221.8861
2024-08-24 00:00:00,5.321,5.341,5.263,5.274,37056.8,196211.5127
2024-08-24 04:00:00,5.274,5.29,5.237,5.27,45668.1,240182.3422
2024-08-24 08:00:00,5.27,5.401,5.241,5.317,64004.2,341246.46355
2024-08-24 12:00:00,5.317,5.371,5.297,5.343,24535.9,130803.287
2024-08-24 16:00:00,5.343,5.448,5.33,5.435,28783.0,155185.336
2024-08-24 20:00:00,5.435,5.435,5.265,5.353,28794.3,153428.7118
2024-08-25 00:00:00,5.353,5.355,5.179,5.262,64370.8,337349.5842
2024-08-25 04:00:00,5.262,5.309,5.146,5.175,34751.4,182174.6102
2024-08-25 08:00:00,5.175,5.27,5.149,5.241,47780.0,250288.1534
2024-08-25 12:00:00,5.241,5.329,5.24,5.286,22080.2,116628.3766
2024-08-25 16:00:00,5.286,5.322,5.224,5.266,29167.2,153371.8169
2024-08-25 20:00:00,5.266,5.338,5.239,5.259,54243.9,287486.9533
2024-08-26 00:00:00,5.259,5.367,5.174,5.224,85690.6,448969.8449
2024-08-26 04:00:00,5.224,5.248,5.117,5.148,36000.0,186748.3733
2024-08-26 08:00:00,5.148,5.212,5.101,5.146,74432.6,384942.8547
2024-08-26 12:00:00,5.146,5.156,5.034,5.055,68698.2,350214.9505
2024-08-26 16:00:00,5.055,5.095,4.919,4.975,44984.5,224682.6359
2024-08-26 20:00:00,4.975,5.027,4.956,4.981,29365.4,146515.4168
2024-08-27 00:00:00,4.981,5.032,4.976,5.01,44540.8,222687.9137
2024-08-27 04:00:00,5.01,5.065,4.989,5.011,32502.3,163199.8022
2024-08-27 08:00:00,5.011,5.029,4.893,4.935,58269.7,288325.6109
2024-08-27 12:00:00,4.935,4.985,4.872,4.941,55272.1,272824.5242
2024-08-27 16:00:00,4.941,4.994,4.916,4.955,19262.8,95498.8669
2024-08-27 20:00:00,4.955,4.961,4.585,4.683,192169.3,913762.2901
2024-08-28 00:00:00,4.683,4.693,4.602,4.679,47052.7,218590.8294
2024-08-28 04:00:00,4.679,4.701,4.611,4.615,26536.9,123980.0942
2024-08-28 08:00:00,4.615,4.804,4.561,4.743,36475.1,170287.7323
2024-08-28 12:00:00,4.743,4.789,4.627,4.671,32369.8,152120.4592
2024-08-28 16:00:00,4.671,4.713,4.495,4.626,36988.8,169444.5015
2024-08-28 20:00:00,4.626,4.709,4.579,4.635,30526.0,140670.458
2024-08-29 00:00:00,4.635,4.686,4.629,4.666,25915.5,120626.2564
2024-08-29 04:00:00,4.666,4.739,4.643,4.701,32052.7,150361.1946
2024-08-29 08:00:00,4.701,4.786,4.671,4.735,60009.6,283473.2422
2024-08-29 12:00:00,4.735,4.857,4.733,4.833,28365.9,136128.3116
2024-08-29 16:00:00,4.833,4.858,4.627,4.686,47800.3,226306.4816
2024-08-29 20:00:00,4.686,4.707,4.628,4.704,31715.0,148408.0875
2024-08-30 00:00:00,4.704,4.76,4.672,4.695,31952.6,150227.4527
2024-08-30 04:00:00,4.695,4.84,4.673,4.804,34905.3,166514.8752
2024-08-30 08:00:00,4.804,4.839,4.776,4.796,40111.0,193118.9122
2024-08-30 12:00:00,4.796,4.836,4.564,4.586,101508.0,480823.8252
2024-08-30 16:00:00,4.586,4.812,4.542,4.759,33835.2,159006.3989
2024-08-30 20:00:00,4.759,4.807,4.745,4.786,24683.8,117987.3765
2024-08-31 00:00:00,4.786,4.837,4.771,4.793,50968.1,244780.5454
2024-08-31 04:00:00,4.793,4.824,4.792,4.792,27295.3,131255.0263
2024-08-31 08:00:00,4.792,4.801,4.75,4.776,35774.0,170798.1982
2024-08-31 12:00:00,4.776,4.788,4.728,4.741,25682.1,122141.8805
2024-08-31 16:00:00,4.741,4.748,4.675,4.709,23797.7,112124.3727
2024-08-31 20:00:00,4.709,4.748,4.695,4.698,18231.5,85880.061
2024-09-01 00:00:00,4.698,4.717,4.609,4.67,28093.5,130726.0555
2024-09-01 04:00:00,4.67,4.686,4.603,4.675,21212.8,98495.9934
2024-09-01 08:00:00,4.675,4.676,4.582,4.62,24055.5,111044.8246
2024-09-01 12:00:00,4.62,4.631,4.519,4.586,32393.3,147806.8321
2024-09-01 16:00:00,4.586,4.606,4.494,4.572,15127.2,68736.8514
2024-09-01 20:00:00,4.572,4.599,4.383,4.439,94283.1,420253.26312
2024-09-02 00:00:00,4.439,4.516,4.432,4.486,32819.9,146967.5514
2024-09-02 04:00:00,4.486,4.516,4.437,4.45,12267.0,54876.3453
2024-09-02 08:00:00,4.45,4.628,4.445,4.596,26828.8,121952.7461
2024-09-02 12:00:00,4.596,4.646,4.541,4.614,29150.0,134055.5174
2024-09-02 16:00:00,4.614,4.656,4.584,4.643,49102.1,227497.4908
2024-09-02 20:00:00,4.643,4.718,4.639,4.673,19927.2,93208.4695
2024-09-03 00:00:00,4.673,4.714,4.644,4.65,47932.0,223536.3113
2024-09-03 04:00:00,4.65,4.702,4.627,4.695,41841.5,194688.5158
2024-09-03 08:00:00,4.695,4.696,4.634,4.655,115374.5,537348.2132
2024-09-03 12:00:00,4.655,4.681,4.497,4.501,80564.0,368195.476
2024-09-03 16:00:00,4.501,4.55,4.493,4.526,29039.4,131270.871
2024-09-03 20:00:00,4.526,4.538,4.433,4.452,116600.0,520404.6813
2024-09-04 00:00:00,4.452,4.502,4.257,4.428,62864.5,275610.66578
2024-09-04 04:00:00,4.428,4.485,4.405,4.463,12613.5,55903.3583
2024-09-04 08:00:00,4.463,4.484,4.402,4.413,14450.9,64221.5071
2024-09-04 12:00:00,4.413,4.551,4.382,4.544,31086.6,138233.5203
2024-09-04 16:00:00,4.544,4.626,4.525,4.551,32518.2,148331.4911
2024-09-04 20:00:00,4.551,4.577,4.532,4.54,24444.8,111280.2375
2024-09-05 00:00:00,4.54,4.559,4.464,4.481,45383.8,205117.0779
2024-09-05 04:00:00,4.481,4.522,4.444,4.505,36481.2,163841.2909
2024-09-05 08:00:00,4.505,4.515,4.447,4.453,35301.7,157891.1877
2024-09-05 12:00:00,4.453,4.532,4.395,4.426,31223.4,138900.247
2024-09-05 16:00:00,4.426,4.461,4.383,4.403,14254.7,63046.8161
2024-09-05 20:00:00,4.403,4.444,4.385,4.44,18569.2,81964.9588
2024-09-06 00:00:00,4.44,4.494,4.406,4.461,17513.0,77927.4288
2024-09-06 04:00:00,4.461,4.473,4.352,4.397,18686.8,82597.3406
2024-09-06 08:00:00,4.397,4.443,4.369,4.413,11638.0,51277.384
2024-09-06 12:00:00,4.413,4.519,4.316,4.381,72349.2,318596.5366
2024-09-06 16:00:00,4.381,4.382,4.202,4.229,76184.4,327280.721
2024-09-06 20:00:00,4.229,4.252,4.082,4.202,107365.7,446608.2232
2024-09-07 00:00:00,4.202,4.208,4.153,4.197,29458.6,123409.3145
2024-09-07 04:00:00,4.197,4.295,4.194,4.277,36608.0,155725.5575
2024-09-07 08:00:00,4.277,4.286,4.253,4.27,23777.2,101487.9579
2024-09-07 12:00:00,4.27,4.333,4.269,4.312,28486.9,122285.5857
2024-09-07 16:00:00,4.312,4.327,4.237,4.294,38877.3,166090.4784
2024-09-07 20:00:00,4.294,4.294,4.217,4.252,36954.6,157063.0242
2024-09-08 00:00:00,4.252,4.289,4.235,4.288,25291.4,107863.8228
2024-09-08 04:00:00,4.288,4.344,4.285,4.342,25463.4,109864.5783
2024-09-08 08:00:00,4.342,4.367,4.318,4.325,28519.7,123795.6502
2024-09-08 12:00:00,4.325,4.338,4.232,4.234,30453.5,130498.346
2024-09-08 16:00:00,4.234,4.284,4.203,4.263,24657.5,104651.0642
2024-09-08 20:00:00,4.263,4.385,4.261,4.337,15542.8,67205.4712
2024-09-09 00:00:00,4.337,4.372,4.311,4.336,22806.3,98996.7148
2024-09-09 04:00:00,4.336,4.406,4.304,4.402,42652.7,185586.7832
2024-09-09 08:00:00,4.402,4.445,4.395,4.412,148094.9,654142.2498
2024-09-09 12:00:00,4.412,4.43,4.365,4.418,44949.7,197592.0058
2024-09-09 16:00:00,4.418,4.515,4.415,4.513,28646.0,128275.5664
2024-09-09 20:00:00,4.513,4.572,4.488,4.522,25034.4,113321.3405
2024-09-10 00:00:00,4.522,4.53,4.462,4.462,27246.7,122274.0274
2024-09-10 04:00:00,4.462,4.525,4.451,4.51,19285.8,86408.6219
2024-09-10 08:00:00,4.51,4.533,4.473,4.518,18622.4,83871.815
2024-09-10 12:00:00,4.518,4.533,4.473,4.482,47734.2,214760.6334
2024-09-10 16:00:00,4.482,4.588,4.482,4.571,25268.7,114777.3688
2024-09-10 20:00:00,4.571,4.576,4.525,4.549,20517.6,93276.0059
2024-09-11 00:00:00,4.549,4.558,4.462,4.481,29846.7,134442.5574
2024-09-11 04:00:00,4.481,4.5,4.414,4.493,70039.1,311229.845
2024-09-11 08:00:00,4.493,4.51,4.443,4.498,35371.2,158432.3364
2024-09-11 12:00:00,4.498,4.541,4.384,4.468,61028.7,272546.9038
2024-09-11 16:00:00,4.468,4.566,4.46,4.54,29253.3,132617.2491
2024-09-11 20:00:00,4.54,4.554,4.52,4.54,23689.7,107554.6934
2024-09-12 00:00:00,4.54,4.626,4.537,4.589,39036.0,178905.6869
2024-09-12 04:00:00,4.589,4.611,4.572,4.585,23241.5,106635.6219
2024-09-12 08:00:00,4.585,4.612,4.578,4.603,20369.8,93667.2918
2024-09-12 12:00:00,4.603,4.664,4.563,4.574,48066.1,221451.8058
2024-09-12 16:00:00,4.574,4.661,4.571,4.658,20091.7,92957.8881
2024-09-12 20:00:00,4.658,4.735,4.651,4.715,25854.5,121415.7264
2024-09-13 00:00:00,4.715,4.725,4.647,4.656,36660.1,171398.2064
2024-09-13 04:00:00,4.656,4.682,4.64,4.677,39388.3,183419.6327
2024-09-13 08:00:00,4.677,4.726,4.67,4.681,22324.3,104739.8162
2024-09-13 12:00:00,4.681,4.787,4.641,4.787,158124.2,739789.3335
2024-09-13 16:00:00,4.787,4.824,4.776,4.783,106651.9,513230.54
2024-09-13 20:00:00,4.783,4.849,4.778,4.814,31339.9,151142.8088
2024-09-14 00:00:00,4.814,4.844,4.812,4.83,66161.9,319220.1005
2024-09-14 04:00:00,4.83,4.83,4.759,4.776,49808.9,238273.2112
2024-09-14 08:00:00,4.776,4.783,4.708,4.727,68778.2,326162.9583
2024-09-14 12:00:00,4.727,4.773,4.714,4.756,107737.1,511489.2311
2024-09-14 16:00:00,4.756,4.765,4.684,4.721,148882.3,705436.0052
2024-09-14 20:00:00,4.721,4.763,4.72,4.752,19473.9,92429.0159
2024-09-15 00:00:00,4.752,4.765,4.744,4.747,26116.9,124144.8843
2024-09-15 04:00:00,4.747,4.756,4.714,4.744,96025.3,454696.159
2024-09-15 08:00:00,4.744,4.745,4.681,4.696,18009.9,84814.07
2024-09-15 12:00:00,4.696,4.737,4.686,4.723,16340.8,77028.0225
2024-09-15 16:00:00,4.723,4.723,4.653,4.668,26296.5,123213.2147
2024-09-15 20:00:00,4.668,4.677,4.541,4.58,37041.3,170569.8002
2024-09-16 00:00:00,4.58,4.586,4.439,4.499,52262.7,236846.883
2024-09-16 04:00:00,4.499,4.536,4.482,4.532,22153.6,99883.0113
2024-09-16 08:00:00,4.532,4.557,4.479,4.498,16351.0,73760.1469
2024-09-16 12:00:00,4.498,4.51,4.435,4.469,46250.9,206898.3343
2024-09-16 16:00:00,4.469,4.512,4.452,4.486,28072.6,125602.5017
2024-09-16 20:00:00,4.486,4.51,4.452,4.487,29149.8,130463.2536
2024-09-17 00:00:00,4.487,4.514,4.457,4.505,19528.2,87524.8734
2024-09-17 04:00:00,4.505,4.572,4.494,4.542,25000.8,113422.3066
2024-09-17 08:00:00,4.542,4.692,4.539,4.607,130971.1,606961.5348
2024-09-17 12:00:00,4.607,4.726,4.582,4.701,31768.9,147742.4717
2024-09-17 16:00:00,4.701,4.722,4.587,4.63,111196.3,513892.1787
2024-09-17 20:00:00,4.63,4.673,4.623,4.649,33742.6,156883.2449
2024-09-18 00:00:00,4.649,4.705,4.608,4.68,32902.4,153083.1689
2024-09-18 04:00:00,4.68,4.687,4.616,4.623,24352.1,113124.3806
2024-09-18 08:00:00,4.623,4.629,4.51,4.568,43054.0,196574.4035
2024-09-18 12:00:00,4.568,4.579,4.467,4.474,56515.8,255949.1339
2024-09-18 16:00:00,4.474,4.663,4.451,4.581,68393.8,312260.5547
2024-09-18 20:00:00,4.581,4.748,4.539,4.748,37782.4,175663.8073
2024-09-19 00:00:00,4.748,4.855,4.746,4.819,125461.8,603781.2174
2024-09-19 04:00:00,4.819,4.887,4.791,4.881,82018.8,395877.5697
2024-09-19 08:00:00,4.881,4.893,4.822,4.874,57366.2,278707.4791
2024-09-19 12:00:00,4.874,4.943,4.848,4.92,54084.5,265283.3901
2024-09-19 16:00:00,4.92,4.979,4.896,4.912,29698.9,146826.4097
2024-09-19 20:00:00,4.912,4.941,4.876,4.903,11461.2,56200.1821
2024-09-20 00:00:00,4.903,5.017,4.843,5.002,74042.1,364067.6641
2024-09-20 04:00:00,5.002,5.055,4.986,5.029,106319.6,534463.9177
2024-09-20 08:00:00,5.029,5.044,4.94,4.958,33794.8,168416.891
2024-09-20 12:00:00,4.958,4.981,4.877,4.926,87979.9,433440.1845
2024-09-20 16:00:00,4.926,4.937,4.851,4.888,16409.4,80083.3742
2024-09-20 20:00:00,4.888,4.96,4.887,4.957,15011.2,73935.3119
2024-09-21 00:00:00,4.957,4.992,4.925,4.973,86984.5,431101.3367
2024-09-21 04:00:00,4.973,4.991,4.921,4.978,27431.1,136104.866
2024-09-21 08:00:00,4.978,5.024,4.972,5.013,42856.3,214120.433
2024-09-21 12:00:00,5.013,5.095,5.013,5.084,31468.8,159345.1241
2024-09-21 16:00:00,5.084,5.114,5.064,5.075,31885.1,162196.4482
2024-09-21 20:00:00,5.075,5.124,5.045,5.116,31998.1,162543.7248
2024-09-22 00:00:00,5.116,5.129,5.003,5.039,38907.6,196354.4386
2024-09-22 04:00:00,5.039,5.056,4.971,5.008,30494.6,152749.2469
2024-09-22 08:00:00,5.008,5.034,4.925,4.958,35016.0,174384.2146
2024-09-22 12:00:00,4.958,4.972,4.809,4.856,71585.5,348822.8349
2024-09-22 16:00:00,4.856,4.911,4.838,4.894,23352.5,114043.8215
2024-09-22 20:00:00,4.894,4.936,4.777,4.89,51061.0,247545.1912
2024-09-23 00:00:00,4.89,5.013,4.783,4.976,63955.8,313975.8954
2024-09-23 04:00:00,4.976,5.018,4.926,4.946,49763.3,247720.9312
2024-09-23 08:00:00,4.946,4.972,4.892,4.952,34140.5,168658.033
2024-09-23 12:00:00,4.952,5.018,4.928,4.992,54731.8,272667.6536
2024-09-23 16:00:00,4.992,5.054,4.965,5.027,29803.9,149361.2099
2024-09-23 20:00:00,5.027,5.058,5.007,5.045,27475.2,138443.5461
2024-09-24 00:00:00,5.045,5.078,4.978,5.011,24469.4,122536.3985
2024-09-24 04:00:00,5.011,5.185,4.988,5.129,69873.1,357009.1848
2024-09-24 08:00:00,5.129,5.164,5.06,5.137,117824.2,601432.9672
2024-09-24 12:00:00,5.137,5.157,5.018,5.042,110234.0,560313.9384
2024-09-24 16:00:00,5.042,5.146,5.033,5.142,43819.6,222872.2531
2024-09-24 20:00:00,5.142,5.183,5.101,5.16,43375.3,223000.7526
2024-09-25 00:00:00,5.16,5.216,5.123,5.185,33134.4,171407.0664
2024-09-25 04:00:00,5.185,5.193,5.065,5.119,92801.6,473339.5434
2024-09-25 08:00:00,5.119,5.171,5.115,5.169,35455.0,182393.3032
2024-09-25 12:00:00,5.169,5.263,5.141,5.186,44649.9,232400.5632
2024-09-25 16:00:00,5.186,5.212,5.127,5.163,22831.6,118124.8299
2024-09-25 20:00:00,5.163,5.235,5.127,5.158,43509.0,225126.8626
2024-09-26 00:00:00,5.158,5.214,5.068,5.21,42647.9,219231.8347
2024-09-26 04:00:00,5.21,5.307,5.183,5.299,31084.4,163360.1827
2024-09-26 08:00:00,5.299,5.334,5.251,5.291,74881.1,396344.8529
2024-09-26 12:00:00,5.291,5.388,5.261,5.36,32699.3,174096.1989
2024-09-26 16:00:00,5.36,5.389,5.296,5.306,27548.7,147038.1795
2024-09-26 20:00:00,5.306,5.342,5.258,5.318,22564.6,119746.4646
2024-09-27 00:00:00,5.318,5.358,5.274,5.356,29064.4,154366.993
2024-09-27 04:00:00,5.356,5.463,5.35,5.396,37669.7,203514.14059
2024-09-27 08:00:00,5.396,5.448,5.324,5.35,37596.9,202373.3019
2024-09-27 12:00:00,5.35,5.463,5.333,5.402,32506.3,175511.0158
2024-09-27 16:00:00,5.402,5.45,5.356,5.4,33986.8,184033.2233
2024-09-27 20:00:00,5.4,5.441,5.381,5.415,78472.8,425285.674
2024-09-28 00:00:00,5.415,5.524,5.41,5.458,49169.8,268844.84186
2024-09-28 04:00:00,5.458,5.476,5.34,5.34,54818.8,295767.7074
2024-09-28 08:00:00,5.34,5.367,5.245,5.359,72784.9,386600.0479
2024-09-28 12:00:00,5.359,5.385,5.3,5.351,56211.9,299609.6163
2024-09-28 16:00:00,5.351,5.392,5.317,5.384,23329.8,125198.2479
2024-09-28 20:00:00,5.384,5.413,5.302,5.392,89115.6,476844.0528
2024-09-29 00:00:00,5.392,5.409,5.33,5.384,38818.9,208620.8028
2024-09-29 04:00:00,5.384,5.389,5.261,5.275,32813.9,174267.2946
2024-09-29 08:00:00,5.275,5.357,5.262,5.342,36864.2,195848.6005
2024-09-29 12:00:00,5.342,5.411,5.263,5.399,33423.5,178877.9592
2024-09-29 16:00:00,5.399,5.473,5.394,5.472,34373.5,186998.6305
2024-09-29 20:00:00,5.472,5.5,5.391,5.499,32345.4,176279.7516
2024-09-30 00:00:00,5.499,5.528,5.261,5.313,192635.2,1035287.6082
2024-09-30 04:00:00,5.313,5.325,5.19,5.319,111727.1,589665.7058
2024-09-30 08:00:00,5.319,5.32,5.13,5.174,86227.9,449434.3032
2024-09-30 12:00:00,5.174,5.267,5.086,5.091,113579.8,588586.0728
2024-09-30 16:00:00,5.091,5.135,5.071,5.095,29839.0,152363.7578
2024-09-30 20:00:00,5.095,5.136,4.979,5.036,60034.0,305036.9392
2024-10-01 00:00:00,5.036,5.15,4.981,5.136,63258.4,320833.6321
2024-10-01 04:00:00,5.136,5.187,5.104,5.164,40700.2,209425.4175
2024-10-01 08:00:00,5.164,5.188,5.147,5.154,30253.6,156357.7182
2024-10-01 12:00:00,5.154,5.163,4.774,4.918,157829.1,786805.3999
2024-10-01 16:00:00,4.918,4.946,4.596,4.717,133071.4,628704.0274
2024-10-01 20:00:00,4.717,4.727,4.628,4.69,28512.0,133827.8784
2024-10-02 00:00:00,4.69,4.787,4.654,4.781,29342.5,138747.2742
2024-10-02 04:00:00,4.781,4.836,4.74,4.811,36366.8,173963.4293
2024-10-02 08:00:00,4.811,4.814,4.621,4.664,38538.2,181242.6768
2024-10-02 12:00:00,4.664,4.702,4.583,4.688,54529.7,254130.1465
2024-10-02 16:00:00,4.688,4.736,4.483,4.533,104762.0,481931.9137
2024-10-02 20:00:00,4.533,4.605,4.513,4.565,24218.8,110661.4849
2024-10-03 00:00:00,4.565,4.649,4.522,4.645,23738.0,109038.9855
2024-10-03 04:00:00,4.645,4.662,4.541,4.549,24663.2,113757.8074
2024-10-03 08:00:00,4.549,4.559,4.425,4.481,43615.5,196158.8663
2024-10-03 12:00:00,4.481,4.507,4.365,4.466,51557.5,228319.4363
2024-10-03 16:00:00,4.466,4.519,4.379,4.519,66149.8,295562.6948
2024-10-03 20:00:00,4.519,4.525,4.455,4.498,25640.0,115136.9462
2024-10-04 00:00:00,4.498,4.608,4.471,4.552,91789.4,417932.8684
2024-10-04 04:00:00,4.552,4.626,4.547,4.612,45785.9,210597.124
2024-10-04 08:00:00,4.612,4.665,4.571,4.602,21197.6,97716.5729
2024-10-04 12:00:00,4.602,4.638,4.517,4.634,31176.5,142443.4545
2024-10-04 16:00:00,4.634,4.687,4.626,4.68,17089.8,79612.5876
2024-10-04 20:00:00,4.68,4.687,4.643,4.659,14445.3,67342.9685
2024-10-05 00:00:00,4.659,4.695,4.614,4.628,45997.0,214335.1924
2024-10-05 04:00:00,4.628,4.663,4.614,4.632,47804.4,222010.4619
2024-10-05 08:00:00,4.632,4.716,4.58,4.599,134687.1,623621.4506
2024-10-05 12:00:00,4.599,4.653,4.595,4.634,78256.2,361327.6877
2024-10-05 16:00:00,4.634,4.634,4.551,4.565,45126.1,207616.5738
2024-10-05 20:00:00,4.565,4.602,4.525,4.601,16088.5,73418.3663
2024-10-06 00:00:00,4.601,4.651,4.582,4.59,65923.1,305669.593
2024-10-06 04:00:00,4.59,4.61,4.574,4.604,29200.0,133987.9115
2024-10-06 08:00:00,4.604,4.643,4.589,4.633,32783.0,151481.5411
2024-10-06 12:00:00,4.633,4.695,4.627,4.693,52133.2,243043.3235
2024-10-06 16:00:00,4.693,4.709,4.645,4.65,61430.7,286664.0235
2024-10-06 20:00:00,4.65,4.691,4.63,4.683,59480.9,277907.3013
2024-10-07 00:00:00,4.683,4.793,4.672,4.761,37068.8,176195.127
2024-10-07 04:00:00,4.761,4.78,4.744,4.757,54223.4,258235.9784
2024-10-07 08:00:00,4.757,4.767,4.617,4.678,108394.2,507478.4659
2024-10-07 12:00:00,4.678,4.812,4.648,4.757,88515.3,416804.0126
2024-10-07 16:00:00,4.757,4.797,4.668,4.726,31744.7,150488.3751
2024-10-07 20:00:00,4.726,4.736,4.623,4.631,51442.4,240939.641
2024-10-08 00:00:00,4.631,4.687,4.626,4.662,46129.9,214475.0064
2024-10-08 04:00:00,4.662,4.687,4.561,4.602,59712.9,274923.5066
2024-10-08 08:00:00,4.602,4.674,4.582,4.668,85249.9,392782.3889
2024-10-08 12:00:00,4.668,4.673,4.553,4.593,82715.3,380872.77
2024-10-08 16:00:00,4.593,4.625,4.531,4.579,37432.7,171610.1929
2024-10-08 20:00:00,4.579,4.614,4.546,4.59,79299.5,362147.5163
2024-10-09 00:00:00,4.59,4.628,4.566,4.594,20703.8,95190.1265
2024-10-09 04:00:00,4.594,4.625,4.578,4.591,27626.7,127115.885
2024-10-09 08:00:00,4.591,4.597,4.559,4.581,34459.8,157672.6763
2024-10-09 12:00:00,4.581,4.584,4.492,4.548,96295.1,435463.9351
2024-10-09 16:00:00,4.548,4.553,4.441,4.452,37619.9,169000.0567
2024-10-09 20:00:00,4.452,4.46,4.389,4.448,36898.8,163281.1665
2024-10-10 00:00:00,4.448,4.485,4.417,4.473,21832.8,97205.3276
2024-10-10 04:00:00,4.473,4.506,4.459,4.463,31210.9,139779.6305
2024-10-10 08:00:00,4.463,4.479,4.398,4.474,27366.8,121600.1187
2024-10-10 12:00:00,4.474,4.477,4.387,4.435,72993.4,322901.762
2024-10-10 16:00:00,4.435,4.453,4.321,4.403,51872.3,226807.6824
2024-10-10 20:00:00,4.403,4.455,4.395,4.45,24994.0,110803.4702
2024-10-11 00:00:00,4.45,4.504,4.428,4.494,37982.7,169783.9475
2024-10-11 04:00:00,4.494,4.508,4.468,4.494,29622.8,133012.4564
2024-10-11 08:00:00,4.494,4.532,4.488,4.521,30847.2,139359.5146
2024-10-11 12:00:00,4.521,4.625,4.505,4.597,36348.0,165381.5879
2024-10-11 16:00:00,4.597,4.686,4.582,4.659,67712.4,313054.8987
2024-10-11 20:00:00,4.659,4.692,4.642,4.662,34301.2,160043.8863
2024-10-12 00:00:00,4.662,4.685,4.631,4.648,35564.4,165849.5974
2024-10-12 04:00:00,4.648,4.73,4.648,4.727,22966.0,107860.1063
2024-10-12 08:00:00,4.727,4.78,4.72,4.746,37644.3,178871.8188
2024-10-12 12:00:00,4.746,4.784,4.725,4.752,23742.5,112992.4033
2024-10-12 16:00:00,4.752,4.776,4.723,4.738,13247.2,62843.6969
2024-10-12 20:00:00,4.738,4.78,4.733,4.759,15008.9,71489.051
2024-10-13 00:00:00,4.759,4.761,4.691,4.724,24343.0,114919.2365
2024-10-13 04:00:00,4.724,4.775,4.718,4.741,72261.1,342739.3071
2024-10-13 08:00:00,4.741,4.771,4.672,4.675,106699.3,504839.1541
2024-10-13 12:00:00,4.675,4.702,4.568,4.586,94141.9,437172.1043
2024-10-13 16:00:00,4.586,4.634,4.545,4.588,94888.4,434204.3864
2024-10-13 20:00:00,4.588,4.678,4.575,4.669,23642.7,109419.8937
2024-10-14 00:00:00,4.669,4.759,4.602,4.751,59347.3,278280.8972
2024-10-14 04:00:00,4.751,4.764,4.684,4.748,49226.5,232854.2656
2024-10-14 08:00:00,4.748,4.798,4.708,4.791,38170.5,181652.2798
2024-10-14 12:00:00,4.791,4.876,4.759,4.863,115503.0,555412.1393
2024-10-14 16:00:00,4.863,4.896,4.845,4.862,37940.7,184716.9969
2024-10-14 20:00:00,4.862,4.925,4.853,4.895,31792.2,155158.6346
2024-10-15 00:00:00,4.895,4.919,4.838,4.852,24886.5,121449.5714
2024-10-15 04:00:00,4.852,4.899,4.813,4.864,49559.7,240269.6828
2024-10-15 08:00:00,4.864,4.911,4.75,4.775,63854.0,308991.7352
2024-10-15 12:00:00,4.775,4.949,4.633,4.738,123071.7,590084.9754
2024-10-15 16:00:00,4.738,4.872,4.734,4.812,49988.7,241022.0195
2024-10-15 20:00:00,4.812,4.84,4.739,4.84,30412.3,145516.2557
2024-10-16 00:00:00,4.84,4.872,4.762,4.828,18514.9,89267.5747
2024-10-16 04:00:00,4.828,4.844,4.728,4.751,28664.0,137002.2329
2024-10-16 08:00:00,4.751,4.837,4.742,4.814,25837.8,123639.0577
2024-10-16 12:00:00,4.814,4.828,4.728,4.75,57750.3,275238.0988
2024-10-16 16:00:00,4.75,4.764,4.71,4.726,40044.9,189588.3576
2024-10-16 20:00:00,4.726,4.781,4.724,4.736,40094.7,190385.7854
2024-10-17 00:00:00,4.736,4.792,4.727,4.771,55553.4,264042.9922
2024-10-17 04:00:00,4.771,4.774,4.641,4.66,71017.4,334506.723
2024-10-17 08:00:00,4.66,4.696,4.569,4.57,71567.4,330913.5609
2024-10-17 12:00:00,4.57,4.637,4.555,4.621,43170.5,197678.6377
2024-10-17 16:00:00,4.621,4.625,4.523,4.592,42311.7,192836.2342
2024-10-17 20:00:00,4.592,4.618,4.586,4.6,13067.1,60154.3102
2024-10-18 00:00:00,4.6,4.678,4.576,4.638,40675.0,188265.1759
2024-10-18 04:00:00,4.638,4.683,4.619,4.644,32920.0,152987.2288
2024-10-18 08:00:00,4.644,4.651,4.619,4.626,14250.6,66094.8327
2024-10-18 12:00:00,4.626,4.667,4.601,4.655,162156.8,750827.08
2024-10-18 16:00:00,4.655,4.725,4.636,4.693,77102.1,361378.7631
2024-10-18 20:00:00,4.693,4.857,4.681,4.854,110004.4,521748.7714
2024-10-19 00:00:00,4.854,5.292,4.854,5.23,579689.0,2995307.179
2024-10-19 04:00:00,5.23,5.44,5.191,5.213,360870.9,1909638.4211
2024-10-19 08:00:00,5.213,5.251,5.045,5.068,262999.6,1356329.9193
2024-10-19 12:00:00,5.068,5.166,5.05,5.122,187115.4,956545.3369
2024-10-19 16:00:00,5.122,5.138,5.074,5.11,113276.6,578718.9293
2024-10-19 20:00:00,5.11,5.142,5.084,5.1,45656.8,233700.6221
2024-10-20 00:00:00,5.1,5.253,5.098,5.159,333375.2,1730203.3392
2024-10-20 04:00:00,5.159,5.276,5.121,5.225,202577.8,1053895.7478
2024-10-20 08:00:00,5.225,5.328,5.208,5.252,217601.2,1143808.348
2024-10-20 12:00:00,5.252,5.287,5.145,5.19,194959.2,1014282.0863
2024-10-20 16:00:00,5.19,5.218,5.147,5.169,80193.6,415356.1924
2024-10-20 20:00:00,5.169,5.201,5.146,5.189,94188.1,487490.1205
2024-10-21 00:00:00,5.189,5.259,5.163,5.241,140226.9,730114.8173
2024-10-21 04:00:00,5.241,5.358,5.217,5.316,159869.1,844890.3501
2024-10-21 08:00:00,5.316,5.473,5.272,5.347,346237.0,1857582.1297
2024-10-21 12:00:00,5.347,5.5,5.215,5.326,509157.5,2744089.1159
2024-10-21 16:00:00,5.326,5.36,5.243,5.338,79714.3,423162.7537
2024-10-21 20:00:00,5.338,5.348,5.282,5.282,56132.4,298317.4855
2024-10-22 00:00:00,5.282,5.323,5.14,5.216,106912.6,558692.0815
2024-10-22 04:00:00,5.216,5.287,5.188,5.192,60506.4,316064.8094
2024-10-22 08:00:00,5.192,5.205,5.073,5.099,227794.0,1165204.917
2024-10-22 12:00:00,5.099,5.164,5.055,5.138,201359.2,1029805.7387
2024-10-22 16:00:00,5.138,5.22,5.065,5.191,119751.0,613512.8336
2024-10-22 20:00:00,5.191,5.438,5.19,5.381,129605.4,693328.7747
2024-10-23 00:00:00,5.381,5.407,5.217,5.247,135647.5,716308.9107
2024-10-23 04:00:00,5.247,5.307,5.115,5.137,274641.3,1436965.722
2024-10-23 08:00:00,5.137,5.194,5.076,5.098,144506.3,740310.167
2024-10-23 12:00:00,5.098,5.165,4.974,4.981,279486.9,1420971.4111
2024-10-23 16:00:00,4.981,5.0,4.871,4.995,91928.9,454254.553
2024-10-23 20:00:00,4.995,5.029,4.971,5.001,56285.8,281723.6008
2024-10-24 00:00:00,5.001,5.082,4.967,5.05,55025.3,276957.2946
2024-10-24 04:00:00,5.05,5.065,4.972,4.976,70394.7,353249.902
2024-10-24 08:00:00,4.976,4.992,4.866,4.934,90317.0,444297.2857
2024-10-24 12:00:00,4.934,4.984,4.884,4.957,55167.5,271390.0272
2024-10-24 16:00:00,4.957,5.002,4.942,5.0,27811.4,138307.4309
2024-10-24 20:00:00,5.0,5.048,4.964,4.974,48903.6,244902.1762
2024-10-25 00:00:00,4.974,4.989,4.885,4.891,58540.7,288852.0484
2024-10-25 04:00:00,4.891,4.892,4.786,4.823,168391.9,816535.5455
2024-10-25 08:00:00,4.823,4.903,4.792,4.891,71357.5,348337.337
2024-10-25 12:00:00,4.891,4.97,4.843,4.901,110360.1,539785.1586
2024-10-25 16:00:00,4.901,4.937,4.754,4.87,66061.1,320840.4824
2024-10-25 20:00:00,4.87,4.938,4.448,4.631,210986.1,973158.695
2024-10-26 00:00:00,4.631,4.696,4.532,4.669,73245.5,337453.5095
2024-10-26 04:00:00,4.669,4.688,4.644,4.659,26206.3,122270.1564
2024-10-26 08:00:00,4.659,4.693,4.64,4.683,26979.5,125920.9816
2024-10-26 12:00:00,4.683,4.696,4.564,4.604,42040.0,194249.5951
2024-10-26 16:00:00,4.604,4.657,4.58,4.647,25736.7,118693.7248
2024-10-26 20:00:00,4.647,4.69,4.639,4.649,23259.5,108358.9314
2024-10-27 00:00:00,4.649,4.802,4.643,4.799,72039.2,339503.568
2024-10-27 04:00:00,4.799,4.865,4.754,4.804,182265.7,876474.3664
2024-10-27 08:00:00,4.804,4.82,4.714,4.716,54258.7,257686.0145
2024-10-27 12:00:00,4.716,4.825,4.715,4.813,60107.7,287124.2076
2024-10-27 16:00:00,4.813,4.864,4.796,4.811,40892.3,197743.8867
2024-10-27 20:00:00,4.811,4.89,4.797,4.827,40642.2,196878.6267
2024-10-28 00:00:00,4.827,4.857,4.733,4.739,133082.1,639292.3456
2024-10-28 04:00:00,4.739,4.838,4.693,4.8,100261.3,477629.8685
2024-10-28 08:00:00,4.8,4.828,4.759,4.767,57248.6,274123.1265
2024-10-28 12:00:00,4.767,4.788,4.681,4.694,64277.6,304933.7846
2024-10-28 16:00:00,4.694,4.773,4.636,4.745,102975.7,482190.8709
2024-10-28 20:00:00,4.745,4.886,4.741,4.867,62858.4,302590.2011
2024-10-29 00:00:00,4.867,4.955,4.83,4.926,97766.7,479317.9815
2024-10-29 04:00:00,4.926,4.945,4.874,4.887,33174.1,162818.9417
2024-10-29 08:00:00,4.887,4.916,4.881,4.896,61847.5,303019.1562
2024-10-29 12:00:00,4.896,4.956,4.879,4.955,48347.9,237201.3373
2024-10-29 16:00:00,4.955,5.083,4.947,4.982,50455.0,253696.448
2024-10-29 20:00:00,4.982,5.047,4.918,5.047,35318.8,176355.9294
2024-10-30 00:00:00,5.047,5.065,4.989,5.041,33388.3,168039.2623
2024-10-30 04:00:00,5.041,5.074,5.015,5.015,33231.4,167599.0402
2024-10-30 08:00:00,5.015,5.054,4.953,4.961,31671.2,158062.9787
2024-10-30 12:00:00,4.961,5.026,4.924,4.954,63501.2,315486.0426
2024-10-30 16:00:00,4.954,4.982,4.888,4.964,67626.5,333870.278
2024-10-30 20:00:00,4.964,5.091,4.948,5.073,60007.2,302323.9838
2024-10-31 00:00:00,5.073,5.102,4.924,4.963,184105.9,925190.1795
2024-10-31 04:00:00,4.963,4.969,4.907,4.93,84383.0,416619.7274
2024-10-31 08:00:00,4.93,4.945,4.884,4.932,43670.5,214781.2457
2024-10-31 12:00:00,4.932,4.94,4.788,4.813,197592.0,956682.2197
2024-10-31 16:00:00,4.813,4.823,4.703,4.718,86200.3,409260.9089
2024-10-31 20:00:00,4.718,4.77,4.684,4.759,72792.8,344268.8899
2024-11-01 00:00:00,4.759,4.773,4.657,4.719,32140.1,151599.0205
2024-11-01 04:00:00,4.719,4.75,4.643,4.694,71119.2,333529.1227
2024-11-01 08:00:00,4.694,4.773,4.689,4.773,75142.4,356483.5483
2024-11-01 12:00:00,4.773,4.796,4.595,4.636,342368.6,1626320.7073
2024-11-01 16:00:00,4.636,4.722,4.624,4.672,34932.4,163387.4441
2024-11-01 20:00:00,4.672,4.69,4.611,4.675,26421.6,123047.7773
2024-11-02 00:00:00,4.675,4.713,4.654,4.657,65913.1,308855.202
2024-11-02 04:00:00,4.657,4.671,4.631,4.652,18500.3,86036.1314
2024-11-02 08:00:00,4.652,4.658,4.617,4.627,36743.4,170224.9751
2024-11-02 12:00:00,4.627,4.635,4.543,4.582,80198.5,367329.7629
2024-11-02 16:00:00,4.582,4.623,4.558,4.593,37040.4,170280.0501
2024-11-02 20:00:00,4.593,4.623,4.569,4.592,45488.1,209026.032
2024-11-03 00:00:00,4.592,4.615,4.423,4.498,129599.6,586267.6678
2024-11-03 04:00:00,4.498,4.593,4.481,4.498,63533.1,287821.7749
2024-11-03 08:00:00,4.498,4.519,4.428,4.432,26703.8,119249.197
2024-11-03 12:00:00,4.432,4.455,4.312,4.387,106808.3,468352.23
2024-11-03 16:00:00,4.387,4.43,4.333,4.421,95741.8,417231.7702
2024-11-03 20:00:00,4.421,4.492,4.41,4.468,49972.4,223385.8703
2024-11-04 00:00:00,4.468,4.543,4.419,4.503,27010.5,121315.9511
2024-11-04 04:00:00,4.503,4.528,4.441,4.451,44291.0,197770.2454
2024-11-04 08:00:00,4.451,4.503,4.415,4.485,32099.0,142970.1239
2024-11-04 12:00:00,4.485,4.527,4.445,4.457,28735.4,129048.6172
2024-11-04 16:00:00,4.457,4.574,4.362,4.486,164644.9,733678.1519
2024-11-04 20:00:00,4.486,4.492,4.272,4.329,339879.4,1481922.4613
2024-11-05 00:00:00,4.329,4.361,4.299,4.33,53044.4,229722.3009
2024-11-05 04:00:00,4.33,4.387,4.329,4.377,38826.9,169357.8773
2024-11-05 08:00:00,4.377,4.397,4.347,4.373,51452.8,225056.5323
2024-11-05 12:00:00,4.373,4.517,4.35,4.471,60545.5,268963.1917
2024-11-05 16:00:00,4.471,4.561,4.411,4.435,66759.1,300826.4473
2024-11-05 20:00:00,4.435,4.487,4.411,4.456,34194.5,152647.522
2024-11-06 00:00:00,4.456,4.775,4.455,4.766,206646.1,964468.9238
2024-11-06 04:00:00,4.766,4.844,4.706,4.774,123983.9,589858.6126
2024-11-06 08:00:00,4.774,4.818,4.685,4.809,30831.8,146731.002
2024-11-06 12:00:00,4.809,4.821,4.719,4.774,27044.8,129176.4121
2024-11-06 16:00:00,4.774,4.795,4.744,4.795,13064.3,62405.1986
2024-11-06 20:00:00,4.795,4.895,4.783,4.869,39283.7,189977.3511
2024-11-07 00:00:00,4.869,5.017,4.864,4.953,78752.5,390955.43
2024-11-07 04:00:00,4.953,5.0,4.845,4.898,44860.7,220816.7836
2024-11-07 08:00:00,4.898,4.961,4.883,4.902,94949.8,467534.5653
2024-11-07 12:00:00,4.902,4.974,4.839,4.974,91872.1,450426.7445
2024-11-07 16:00:00,4.974,4.997,4.937,4.977,89808.7,445994.3372
2024-11-07 20:00:00,4.977,5.008,4.934,4.976,37038.8,184391.0686
2024-11-08 00:00:00,4.976,5.037,4.903,4.95,37146.4,185019.608
2024-11-08 04:00:00,4.95,5.029,4.94,4.999,35971.0,178958.9678
2024-11-08 08:00:00,4.999,5.144,4.936,5.134,108513.9,546144.7744
2024-11-08 12:00:00,5.134,5.188,5.069,5.163,71128.5,364528.5434
2024-11-08 16:00:00,5.163,5.221,5.048,5.182,56171.3,287626.1574
2024-11-08 20:00:00,5.182,5.185,5.091,5.174,19496.2,100313.9554
2024-11-09 00:00:00,5.174,5.179,5.033,5.041,38550.1,196241.7696
2024-11-09 04:00:00,5.041,5.146,5.041,5.124,51239.5,261441.5661
2024-11-09 08:00:00,5.124,5.166,5.088,5.133,59601.3,306079.4803
2024-11-09 12:00:00,5.133,5.153,5.039,5.09,116025.0,590011.1379
2024-11-09 16:00:00,5.09,5.112,5.001,5.088,67125.2,339472.7313
2024-11-09 20:00:00,5.088,5.309,5.084,5.3,64823.8,337507.1887
2024-11-10 00:00:00,5.3,5.313,5.201,5.307,45484.1,239533.5377
2024-11-10 04:00:00,5.307,5.477,5.281,5.392,155488.3,834828.0737
2024-11-10 08:00:00,5.392,5.718,5.387,5.684,333431.9,1833990.088
2024-11-10 12:00:00,5.684,5.729,5.513,5.653,281180.5,1582971.9065
2024-11-10 16:00:00,5.653,5.763,5.488,5.547,124764.0,703864.7628
2024-11-10 20:00:00,5.547,5.572,5.225,5.517,161477.9,871767.9896
2024-11-11 00:00:00,5.517,5.699,5.477,5.639,140098.4,787219.636
2024-11-11 04:00:00,5.639,5.645,5.337,5.417,79590.6,434256.9583
2024-11-11 08:00:00,5.417,5.536,5.398,5.524,87905.4,481666.4687
2024-11-11 12:00:00,5.524,5.569,5.372,5.514,89245.7,488265.191
2024-11-11 16:00:00,5.514,5.696,5.505,5.63,48845.3,274092.3434
2024-11-11 20:00:00,5.63,5.862,5.587,5.831,129177.5,740284.6746
2024-11-12 00:00:00,5.831,5.889,5.617,5.889,91984.2,527976.7882
2024-11-12 04:00:00,5.889,5.889,5.64,5.805,78195.0,449727.0691
2024-11-12 08:00:00,5.805,5.987,5.302,5.492,266672.7,1505794.2849
2024-11-12 12:00:00,5.492,5.583,5.303,5.349,125603.5,680393.6357
2024-11-12 16:00:00,5.349,5.48,5.252,5.445,115341.6,618908.9948
2024-11-12 20:00:00,5.445,5.558,5.355,5.48,80734.1,441584.7293
2024-11-13 00:00:00,5.48,5.558,5.191,5.205,91106.0,487853.073
2024-11-13 04:00:00,5.205,5.284,5.004,5.127,374768.2,1914601.6497
2024-11-13 08:00:00,5.127,5.16,5.02,5.124,80237.4,407896.7946
2024-11-13 12:00:00,5.124,5.458,5.07,5.411,91298.3,485452.5627
2024-11-13 16:00:00,5.411,5.449,5.235,5.258,67788.4,363183.3611
2024-11-13 20:00:00,5.258,5.412,5.179,5.409,163510.2,870722.5773
2024-11-14 00:00:00,5.409,5.652,5.226,5.323,99131.5,534568.8681
2024-11-14 04:00:00,5.323,5.516,5.295,5.443,74262.8,399987.48
2024-11-14 08:00:00,5.443,5.486,5.203,5.282,106179.4,569638.8235
2024-11-14 12:00:00,5.282,5.308,5.036,5.063,82521.2,427154.0025
2024-11-14 16:00:00,5.063,5.196,5.02,5.15,59497.6,303821.5453
2024-11-14 20:00:00,5.15,5.159,4.918,4.993,176199.7,885396.6616
2024-11-15 00:00:00,4.993,5.022,4.876,4.967,59034.8,292690.4965
2024-11-15 04:00:00,4.967,4.973,4.808,4.917,74657.2,364807.4796
2024-11-15 08:00:00,4.917,5.059,4.882,5.033,76156.4,380945.0521
2024-11-15 12:00:00,5.033,5.16,4.954,5.005,140515.6,708826.586
2024-11-15 16:00:00,5.005,5.175,4.966,5.152,37477.4,190049.8384
2024-11-15 20:00:00,5.152,5.289,5.149,5.267,55858.7,293136.4767
2024-11-16 00:00:00,5.267,5.361,5.225,5.358,51436.6,272284.7947
2024-11-16 04:00:00,5.358,5.387,5.292,5.357,46895.0,250615.9005
2024-11-16 08:00:00,5.357,5.807,5.338,5.771,188793.0,1055564.9556
2024-11-16 12:00:00,5.771,5.867,5.601,5.657,181229.4,1034048.6019
2024-11-16 16:00:00,5.657,5.834,5.614,5.799,90116.0,518353.7468
2024-11-16 20:00:00,5.799,6.233,5.741,6.105,283475.1,1678087.092
2024-11-17 00:00:00,6.105,6.115,5.627,5.737,191568.7,1120379.6304
2024-11-17 04:00:00,5.737,5.798,5.661,5.726,50398.0,288608.3624
2024-11-17 08:00:00,5.726,5.799,5.604,5.607,106948.4,612837.2773
2024-11-17 12:00:00,5.607,5.714,5.586,5.617,55498.2,313569.7248
2024-11-17 16:00:00,5.617,5.653,5.457,5.493,74051.5,410396.8211
2024-11-17 20:00:00,5.493,5.534,5.391,5.487,44007.2,239853.3988
2024-11-18 00:00:00,5.487,5.697,5.461,5.696,123163.0,686395.1832
2024-11-18 04:00:00,5.696,5.73,5.655,5.728,70708.5,402798.1381
2024-11-18 08:00:00,5.728,5.768,5.6,5.639,63750.4,362517.0724
2024-11-18 12:00:00,5.639,5.81,5.539,5.781,84438.8,479251.9212
2024-11-18 16:00:00,5.781,6.219,5.752,5.868,135965.5,805352.7248
2024-11-18 20:00:00,5.868,6.0,5.828,5.954,38737.9,229728.1593
2024-11-19 00:00:00,5.954,5.993,5.847,5.897,30691.7,181168.4888
2024-11-19 04:00:00,5.897,5.938,5.775,5.867,30530.8,178849.7107
2024-11-19 08:00:00,5.867,5.879,5.728,5.83,79693.4,463340.1669
2024-11-19 12:00:00,5.83,5.888,5.697,5.773,107918.7,624290.1637
2024-11-19 16:00:00,5.773,5.845,5.756,5.789,46596.8,270177.3965
2024-11-19 20:00:00,5.789,5.812,5.585,5.763,64068.6,363274.9166
2024-11-20 00:00:00,5.763,5.763,5.477,5.561,67742.8,377476.5274
2024-11-20 04:00:00,5.561,5.647,5.509,5.597,28179.0,157805.886
2024-11-20 08:00:00,5.597,5.711,5.585,5.642,57898.7,327397.6124
2024-11-20 12:00:00,5.642,5.786,5.563,5.699,44124.2,249945.4058
2024-11-20 16:00:00,5.699,5.705,5.366,5.421,79891.7,437524.7426
2024-11-20 20:00:00,5.421,5.585,5.384,5.516,25014.1,137787.2893
2024-11-21 00:00:00,5.516,5.594,5.339,5.458,52872.1,288088.9339
2024-11-21 04:00:00,5.458,5.753,5.458,5.645,52982.6,298271.2245
2024-11-21 08:00:00,5.645,5.677,5.521,5.675,46887.1,262362.7173
2024-11-21 12:00:00,5.675,5.863,5.62,5.722,106481.3,616010.6438
2024-11-21 16:00:00,5.722,5.809,5.722,5.788,29055.9,167755.138
2024-11-21 20:00:00,5.788,5.819,5.741,5.784,36850.5,213034.5238
2024-11-22 00:00:00,5.784,5.9,5.704,5.842,50732.2,294655.543
2024-11-22 04:00:00,5.842,5.915,5.812,5.82,38106.1,223166.888
2024-11-22 08:00:00,5.82,5.899,5.77,5.891,62007.5,361941.6837
2024-11-22 12:00:00,5.891,5.956,5.657,5.905,150716.2,870879.6704
2024-11-22 16:00:00,5.905,6.048,5.844,5.938,62937.2,374793.5368
2024-11-22 20:00:00,5.938,6.352,5.928,6.343,133250.3,822436.2384
2024-11-23 00:00:00,6.343,6.625,6.212,6.438,188011.0,1212484.17304
2024-11-23 04:00:00,6.438,6.653,6.323,6.643,82513.7,535429.3622
2024-11-23 08:00:00,6.643,6.695,6.498,6.583,69148.7,455358.86526
2024-11-23 12:00:00,6.583,6.9247,6.564,6.903,120791.8,816705.19394
2024-11-23 16:00:00,6.903,7.057,6.503,6.898,212115.6,1438203.171
2024-11-23 20:00:00,6.898,6.955,6.645,6.891,68508.0,467277.3508
2024-11-24 00:00:00,6.891,8.317,6.807,8.098,269701.6,2018976.32892
2024-11-24 04:00:00,8.098,8.927,7.891,8.245,683989.8,5727043.11464
2024-11-24 08:00:00,8.245,8.533,7.552,7.558,670190.7,5389837.0114
2024-11-24 12:00:00,7.558,7.827,7.178,7.195,488506.1,3653907.9169
2024-11-24 16:00:00,7.195,7.433,7.154,7.33,204945.6,1503022.116
2024-11-24 20:00:00,7.33,8.436,7.304,8.329,442774.5,3525388.955
2024-11-25 00:00:00,8.329,8.725,7.622,8.218,825691.5,6735641.6291
2024-11-25 04:00:00,8.218,8.272,7.935,8.077,251011.2,2030080.9423
2024-11-25 08:00:00,8.077,8.299,7.965,8.012,216103.1,1760652.9425
2024-11-25 12:00:00,8.012,8.129,7.527,7.779,223939.8,1753604.6959
2024-11-25 16:00:00,7.779,7.833,7.517,7.68,90020.0,692046.3811
2024-11-25 20:00:00,7.68,7.784,7.355,7.533,90913.0,686724.2049
2024-11-26 00:00:00,7.533,7.634,7.441,7.518,83678.7,631068.9919
2024-11-26 04:00:00,7.518,7.653,7.366,7.426,79291.4,595976.303
2024-11-26 08:00:00,7.426,7.434,6.875,7.06,278869.9,1979054.52
2024-11-26 12:00:00,7.06,7.265,6.966,7.082,78473.2,557105.381
2024-11-26 16:00:00,7.082,7.296,6.947,7.136,108318.0,776220.6736
2024-11-26 20:00:00,7.136,7.268,7.102,7.262,32603.2,234561.8925
2024-11-27 00:00:00,7.262,7.291,7.066,7.2,35914.2,258157.808
2024-11-27 04:00:00,7.2,7.509,7.186,7.491,111350.9,817363.1296
2024-11-27 08:00:00,7.491,7.524,7.273,7.462,139591.8,1033704.528
2024-11-27 12:00:00,7.462,7.677,7.297,7.656,102374.8,767844.6918
2024-11-27 16:00:00,7.656,7.761,7.574,7.719,31002.3,237714.0041
2024-11-27 20:00:00,7.719,7.789,7.642,7.7,54371.7,419255.7943
2024-11-28 00:00:00,7.7,7.71,7.438,7.517,100288.6,757399.9321
2024-11-28 04:00:00,7.517,7.645,7.494,7.559,35435.4,268422.5986
2024-11-28 08:00:00,7.559,7.613,7.414,7.528,99542.9,749636.9878
2024-11-28 12:00:00,7.528,7.55,7.334,7.355,28142.4,210014.0525
2024-11-28 16:00:00,7.355,7.74,7.349,7.74,65397.5,497166.2163
2024-11-28 20:00:00,7.74,7.847,7.631,7.838,63104.7,488923.6001
2024-11-29 00:00:00,7.838,8.123,7.728,7.814,154073.5,1220879.3382
2024-11-29 04:00:00,7.814,7.84,7.613,7.62,61234.9,471191.7891
2024-11-29 08:00:00,7.62,7.949,7.612,7.926,33657.4,262794.7038
2024-11-29 12:00:00,7.926,8.068,7.86,7.981,83446.0,665426.7101
2024-11-29 16:00:00,7.981,8.039,7.906,7.973,36509.9,290877.2295
2024-11-29 20:00:00,7.973,8.182,7.973,8.134,85608.6,691709.5332
2024-11-30 00:00:00,8.134,8.149,7.911,7.997,105784.0,848641.0047
2024-11-30 04:00:00,7.997,8.171,7.973,8.134,54073.9,437643.3071
2024-11-30 08:00:00,8.134,8.245,7.95,8.038,103886.3,843963.6827
2024-11-30 12:00:00,8.038,8.318,8.012,8.216,120900.9,989091.2743
2024-11-30 16:00:00,8.216,8.355,8.112,8.343,58444.2,482850.4206
2024-11-30 20:00:00,8.343,8.4,8.157,8.182,54651.0,451405.0108
2024-12-01 00:00:00,8.182,8.254,7.868,8.001,119782.8,961153.7952
2024-12-01 04:00:00,8.001,8.053,7.95,8.021,60606.8,484351.8992
2024-12-01 08:00:00,8.021,8.195,7.947,8.139,129553.9,1043548.2896
2024-12-01 12:00:00,8.139,8.458,8.123,8.31,123242.3,1019897.3838
2024-12-01 16:00:00,8.31,8.362,8.141,8.195,139249.5,1151343.5813
2024-12-01 20:00:00,8.195,8.337,8.071,8.267,64137.0,525622.8747
2024-12-02 00:00:00,8.267,8.495,8.109,8.166,115558.8,965971.6511
2024-12-02 04:00:00,8.166,8.326,8.016,8.176,204173.1,1670794.335
2024-12-02 08:00:00,8.176,8.207,7.623,7.704,230557.4,1820479.6519
2024-12-02 12:00:00,7.704,8.2,7.667,8.199,289072.1,2308752.9181
2024-12-02 16:00:00,8.199,8.903,8.036,8.889,345893.3,2921500.2772
2024-12-02 20:00:00,8.889,9.397,8.817,9.257,212182.5,1928617.31216
2024-12-03 00:00:00,9.257,9.879,9.207,9.391,243475.9,2305205.85436
2024-12-03 04:00:00,9.391,9.778,9.244,9.322,122760.5,1163712.3327
2024-12-03 08:00:00,9.322,9.474,9.162,9.343,118740.3,1109726.4934
2024-12-03 12:00:00,9.343,9.422,8.307,8.713,457572.1,4036196.1112
2024-12-03 16:00:00,8.713,8.947,8.547,8.876,130873.2,1145406.4392
2024-12-03 20:00:00,8.876,9.555,8.847,9.453,143372.8,1317627.7272
2024-12-04 00:00:00,9.453,9.472,9.105,9.357,180631.4,1675444.5312
2024-12-04 04:00:00,9.357,9.583,9.298,9.581,136151.0,1286202.9351
2024-12-04 08:00:00,9.581,10.14,9.459,9.979,249254.2,2427403.84088
2024-12-04 12:00:00,9.979,10.374,9.772,9.977,373347.4,3751160.5555
2024-12-04 16:00:00,9.977,10.051,9.32,9.937,181549.9,1761304.5238
2024-12-04 20:00:00,9.937,9.971,9.416,9.574,128804.7,1243424.6445
2024-12-05 00:00:00,9.574,9.609,8.982,9.118,215224.3,1982464.8488
2024-12-05 04:00:00,9.118,9.515,9.075,9.424,85199.4,797678.3626
2024-12-05 08:00:00,9.424,9.557,9.227,9.532,97406.9,911608.9712
2024-12-05 12:00:00,9.532,9.539,9.237,9.405,151712.5,1427792.6425
2024-12-05 16:00:00,9.405,9.55,9.248,9.284,258354.0,2440897.6809
2024-12-05 20:00:00,9.284,9.552,8.796,9.107,266686.2,2441911.0388
2024-12-06 00:00:00,9.107,9.472,9.08,9.342,131198.8,1221785.2059
2024-12-06 04:00:00,9.342,9.545,9.318,9.338,145097.5,1371424.8223
2024-12-06 08:00:00,9.338,9.446,8.985,9.073,147024.6,1350122.4466
2024-12-06 12:00:00,9.073,9.356,8.816,9.277,189829.8,1715574.2972
2024-12-06 16:00:00,9.277,9.574,9.251,9.556,91201.8,857940.5841
2024-12-06 20:00:00,9.556,9.679,9.439,9.535,138182.3,1320911.6809
2024-12-07 00:00:00,9.535,9.62,9.365,9.455,85914.1,816115.1482
2024-12-07 04:00:00,9.455,9.575,9.263,9.321,115734.5,1091669.3168
2024-12-07 08:00:00,9.321,9.471,9.217,9.4,88191.9,822544.8406
2024-12-07 12:00:00,9.4,9.484,9.343,9.425,43149.3,406580.7977
2024-12-07 16:00:00,9.425,9.463,9.202,9.304,46888.2,436919.675
2024-12-07 20:00:00,9.304,9.404,9.29,9.333,39813.6,372164.6612
2024-12-08 00:00:00,9.333,9.501,9.26,9.301,37292.8,348647.0739
2024-12-08 04:00:00,9.301,9.323,9.02,9.234,144908.4,1330989.2527
2024-12-08 08:00:00,9.234,9.24,8.948,9.202,230424.3,2088112.112
2024-12-08 12:00:00,9.202,9.402,9.104,9.336,94472.8,877038.022
2024-12-08 16:00:00,9.336,9.368,9.211,9.359,25863.9,240448.0219
2024-12-08 20:00:00,9.359,9.5,9.26,9.465,40414.5,379271.2679
2024-12-09 00:00:00,9.465,9.465,8.893,9.002,83183.8,761700.4055
2024-12-09 04:00:00,9.002,9.086,8.713,8.855,90534.0,806194.7562
2024-12-09 08:00:00,8.855,8.855,8.435,8.462,203226.7,1746936.7994
2024-12-09 12:00:00,8.462,8.836,8.344,8.548,161127.7,1380202.6521
2024-12-09 16:00:00,8.548,8.641,8.417,8.425,41875.6,357252.277
2024-12-09 20:00:00,8.425,8.447,6.724,7.635,783295.2,5876900.7423
2024-12-10 00:00:00,7.635,7.74,6.97,7.264,287664.7,2104765.4744
2024-12-10 04:00:00,7.264,7.532,7.087,7.462,85501.8,630526.9551
2024-12-10 08:00:00,7.462,7.73,7.362,7.588,70209.0,529762.5825
2024-12-10 12:00:00,7.588,7.608,6.902,6.907,198485.6,1444745.3878
2024-12-10 16:00:00,6.907,7.1,6.572,7.1,461794.9,3131079.545
2024-12-10 20:00:00,7.1,7.431,7.027,7.357,90853.6,663824.9166
2024-12-11 00:00:00,7.357,7.42,7.035,7.355,280128.5,2017671.0781
2024-12-11 04:00:00,7.355,7.417,7.254,7.257,87942.6,644839.1376
2024-12-11 08:00:00,7.257,7.605,7.257,7.524,157379.2,1177222.47
2024-12-11 12:00:00,7.524,7.987,7.524,7.912,192530.9,1498484.013
2024-12-11 16:00:00,7.912,7.993,7.785,7.904,140706.1,1108315.7241
2024-12-11 20:00:00,7.904,8.04,7.875,7.98,33349.7,265989.6555
2024-12-12 00:00:00,7.98,8.26,7.881,8.127,128875.8,1041808.2508
2024-12-12 04:00:00,8.127,8.324,8.105,8.132,139227.8,1144644.3428
2024-12-12 08:00:00,8.132,8.269,7.878,7.954,195905.2,1582065.584
2024-12-12 12:00:00,7.954,8.178,7.954,8.085,85288.4,686059.7229
2024-12-12 16:00:00,8.085,8.199,7.829,7.846,125124.3,996949.1479
2024-12-12 20:00:00,7.846,8.011,7.792,7.941,103586.6,818261.6812
2024-12-13 00:00:00,7.941,8.01,7.696,7.923,113892.6,897975.5779
2024-12-13 04:00:00,7.923,7.957,7.672,7.784,72428.2,566102.4043
2024-12-13 08:00:00,7.784,7.97,7.692,7.85,93863.5,733343.477
2024-12-13 12:00:00,7.85,7.946,7.689,7.693,69415.2,542943.1565
2024-12-13 16:00:00,7.693,7.896,7.662,7.835,96396.7,746628.8886
2024-12-13 20:00:00,7.835,7.962,7.764,7.931,26674.8,209759.7783
2024-12-14 00:00:00,7.931,8.057,7.835,7.872,56790.7,452246.4542
2024-12-14 04:00:00,7.872,7.934,7.815,7.85,27439.3,215944.3224
2024-12-14 08:00:00,7.85,7.94,7.735,7.78,31231.2,244547.3837
2024-12-14 12:00:00,7.78,7.792,7.48,7.607,113734.6,866004.8848
2024-12-14 16:00:00,7.607,7.631,7.41,7.503,66786.4,500831.0023
2024-12-14 20:00:00,7.503,7.637,7.396,7.525,28085.4,211158.4035
2024-12-15 00:00:00,7.525,7.595,7.404,7.445,31776.2,238576.2803
2024-12-15 04:00:00,7.445,7.58,7.306,7.365,101858.8,756234.4548
2024-12-15 08:00:00,7.365,7.595,7.356,7.548,80670.9,605018.223
2024-12-15 12:00:00,7.548,7.897,7.535,7.752,144121.9,1112978.8064
2024-12-15 16:00:00,7.752,7.798,7.65,7.662,56892.7,438351.9164
2024-12-15 20:00:00,7.662,7.811,7.423,7.785,75785.1,576704.2059
2024-12-16 00:00:00,7.785,7.957,7.581,7.624,99252.1,775643.0455
2024-12-16 04:00:00,7.624,7.702,7.523,7.586,36044.4,274709.348
2024-12-16 08:00:00,7.586,7.595,7.286,7.305,212690.5,1581970.0589
2024-12-16 12:00:00,7.305,7.532,7.274,7.497,114953.1,848821.0246
2024-12-16 16:00:00,7.497,7.765,7.446,7.657,90759.6,687961.2962
2024-12-16 20:00:00,7.657,7.742,7.53,7.566,67072.3,512772.6548
2024-12-17 00:00:00,7.566,7.589,7.384,7.538,51924.5,387823.4077
2024-12-17 04:00:00,7.538,7.544,7.381,7.44,41522.5,310208.1487
2024-12-17 08:00:00,7.44,7.673,7.413,7.635,64933.5,491671.0169
2024-12-17 12:00:00,7.635,7.704,7.314,7.358,93839.5,703996.9607
2024-12-17 16:00:00,7.358,7.581,7.281,7.429,45994.0,341458.9764
2024-12-17 20:00:00,7.429,7.485,7.152,7.254,117712.9,858075.8837
2024-12-18 00:00:00,7.254,7.313,7.093,7.095,67261.2,484832.2208
2024-12-18 04:00:00,7.095,7.099,6.94,7.02,119249.4,835490.6226
2024-12-18 08:00:00,7.02,7.196,6.963,7.174,56063.4,399974.4014
2024-12-18 12:00:00,7.174,7.182,6.97,7.012,66736.8,470900.3897
2024-12-18 16:00:00,7.012,7.219,6.907,6.907,41830.7,294902.352
2024-12-18 20:00:00,6.907,6.953,6.462,6.583,230119.3,1540646.1885
2024-12-19 00:00:00,6.583,6.654,6.165,6.595,269779.7,1734254.161
2024-12-19 04:00:00,6.595,6.662,6.518,6.641,53101.5,349626.1879
2024-12-19 08:00:00,6.641,6.77,6.526,6.679,56351.1,372776.9745
2024-12-19 12:00:00,6.679,6.699,6.385,6.506,64325.5,419515.5726
2024-12-19 16:00:00,6.506,6.548,5.898,6.007,187088.5,1156287.0013
2024-12-19 20:00:00,6.007,6.227,5.83,6.028,50013.8,302668.8864
2024-12-20 00:00:00,6.028,6.306,5.948,6.16,48538.0,300043.2938
2024-12-20 04:00:00,6.16,6.216,5.922,6.061,27781.8,169376.6917
2024-12-20 08:00:00,6.061,6.068,5.272,5.299,212570.7,1180125.2643
2024-12-20 12:00:00,5.299,5.984,5.287,5.95,206305.5,1166814.7295
2024-12-20 16:00:00,5.95,6.253,5.909,6.192,54379.5,329062.2966
2024-12-20 20:00:00,6.192,6.436,6.089,6.399,162585.5,1029046.9877
2024-12-21 00:00:00,6.399,6.525,6.378,6.435,70874.8,455220.4138
2024-12-21 04:00:00,6.435,6.758,6.435,6.707,52557.8,348717.8566
2024-12-21 08:00:00,6.707,6.722,6.515,6.589,43191.1,285228.589
2024-12-21 12:00:00,6.589,6.597,6.155,6.321,84211.8,532991.5224
2024-12-21 16:00:00,6.321,6.321,6.06,6.149,58353.7,361343.0811
2024-12-21 20:00:00,6.149,6.242,6.058,6.152,47088.7,288476.2184
2024-12-22 00:00:00,6.152,6.225,6.014,6.143,43473.5,265644.35
2024-12-22 04:00:00,6.143,6.196,5.961,6.102,35745.9,217166.0286
2024-12-22 08:00:00,6.102,6.25,6.102,6.159,75294.2,465270.2845
2024-12-22 12:00:00,6.159,6.222,5.952,6.019,156127.8,949190.6087
2024-12-22 16:00:00,6.019,6.123,5.874,5.884,41611.3,250742.4288
2024-12-22 20:00:00,5.884,6.098,5.83,6.007,44975.7,269372.2179
2024-12-23 00:00:00,6.007,6.223,5.854,6.205,50846.3,305375.1596
2024-12-23 04:00:00,6.205,6.254,5.978,6.07,42989.4,264562.3445
2024-12-23 08:00:00,6.07,6.219,6.051,6.117,27974.6,171875.5696
2024-12-23 12:00:00,6.117,6.205,6.013,6.028,58311.5,355125.6366
2024-12-23 16:00:00,6.028,6.342,6.012,6.327,82065.5,507704.3831
2024-12-23 20:00:00,6.327,6.896,6.321,6.714,156046.2,1048533.5848
2024-12-24 00:00:00,6.714,6.717,6.486,6.611,76040.4,500033.7395
2024-12-24 04:00:00,6.611,6.671,6.557,6.646,29639.3,196413.6397
2024-12-24 08:00:00,6.646,6.764,6.59,6.706,127302.9,848351.7794
2024-12-24 12:00:00,6.706,7.006,6.633,6.949,113851.7,775476.3981
2024-12-24 16:00:00,6.949,6.999,6.835,6.844,52054.4,360034.3737
2024-12-24 20:00:00,6.844,6.903,6.766,6.879,43603.0,299019.8665
2024-12-25 00:00:00,6.879,6.901,6.765,6.799,44489.4,304405.6397
2024-12-25 04:00:00,6.799,6.875,6.771,6.817,52914.7,361484.6813
2024-12-25 08:00:00,6.817,6.94,6.733,6.757,58871.7,402124.2314
2024-12-25 12:00:00,6.757,6.878,6.704,6.751,50492.0,343216.8371
2024-12-25 16:00:00,6.751,6.802,6.663,6.754,34552.8,232575.137
2024-12-25 20:00:00,6.754,6.796,6.625,6.73,48069.3,321738.0534
2024-12-26 00:00:00,6.73,6.793,6.564,6.579,66550.4,441028.6999
2024-12-26 04:00:00,6.579,6.579,6.451,6.463,41769.4,271733.8057
2024-12-26 08:00:00,6.463,6.473,6.278,6.361,81419.1,516739.0594
2024-12-26 12:00:00,6.361,6.381,6.268,6.33,104360.0,659651.7621
2024-12-26 16:00:00,6.33,6.36,6.213,6.299,23421.1,147373.9714
2024-12-26 20:00:00,6.299,6.336,6.186,6.298,24108.4,151006.2682
2024-12-27 00:00:00,6.298,6.362,6.251,6.329,41711.9,262789.5344
2024-12-27 04:00:00,6.329,6.451,6.234,6.317,34420.9,218002.6805
2024-12-27 08:00:00,6.317,6.696,6.307,6.644,112962.1,738736.0163
2024-12-27 12:00:00,6.644,6.673,6.341,6.365,53085.0,344356.9661
2024-12-27 16:00:00,6.365,6.522,6.316,6.459,44314.8,284881.2295
2024-12-27 20:00:00,6.459,6.468,6.307,6.37,21816.1,139114.3234
2024-12-28 00:00:00,6.37,6.463,6.334,6.407,45270.0,289425.4819
2024-12-28 04:00:00,6.407,6.423,6.326,6.342,63866.8,407376.1306
2024-12-28 08:00:00,6.342,6.416,6.326,6.386,55856.5,355465.8293
2024-12-28 12:00:00,6.386,6.55,6.301,6.482,95597.6,616951.2716
2024-12-28 16:00:00,6.482,6.631,6.45,6.516,45788.4,299269.6115
2024-12-28 20:00:00,6.516,6.7,6.506,6.61,27796.2,182551.4138
2024-12-29 00:00:00,6.61,6.64,6.511,6.628,20791.8,136557.4843
2024-12-29 04:00:00,6.628,6.657,6.546,6.628,21629.6,142830.104
2024-12-29 08:00:00,6.628,6.648,6.521,6.522,14681.7,96470.9723
2024-12-29 12:00:00,6.522,6.592,6.442,6.471,36995.0,239994.0869
2024-12-29 16:00:00,6.471,6.477,6.358,6.392,20489.9,131279.6097
2024-12-29 20:00:00,6.392,6.392,6.227,6.29,48523.9,306166.261
2024-12-30 00:00:00,6.29,6.506,6.243,6.396,16227.6,103723.0364
2024-12-30 04:00:00,6.396,6.496,6.325,6.391,13264.9,84817.064
2024-12-30 08:00:00,6.391,6.446,6.235,6.302,76563.0,482422.0431
2024-12-30 12:00:00,6.302,6.378,6.026,6.063,121693.4,750479.4792
2024-12-30 16:00:00,6.063,6.364,6.017,6.356,47040.6,289316.3821
2024-12-30 20:00:00,6.356,6.449,6.149,6.242,34486.6,216208.9212
2024-12-31 00:00:00,6.242,6.242,6.089,6.124,15801.0,96852.7547
2024-12-31 04:00:00,6.124,6.159,6.071,6.102,22120.0,135217.2571
2024-12-31 08:00:00,6.102,6.315,6.102,6.193,28320.7,175774.3963
2024-12-31 12:00:00,6.193,6.412,6.178,6.368,49074.6,309750.4352
2024-12-31 16:00:00,6.368,6.41,6.204,6.266,30176.5,189977.9013
2024-12-31 20:00:00,6.266,6.298,6.171,6.216,18293.4,114010.6328
2025-01-01 00:00:00,6.216,6.329,6.205,6.227,20485.4,128516.8106
2025-01-01 04:00:00,6.227,6.231,6.177,6.211,29489.4,183012.4459
2025-01-01 08:00:00,6.211,6.22,6.042,6.154,41516.1,253325.6661
2025-01-01 12:00:00,6.154,6.345,6.132,6.336,122613.1,765438.8986
2025-01-01 16:00:00,6.336,6.48,6.247,6.46,105962.8,673533.2512
2025-01-01 20:00:00,6.46,6.51,6.396,6.418,29439.4,189649.8423
2025-01-02 00:00:00,6.418,6.576,6.411,6.468,92759.7,601520.265
2025-01-02 04:00:00,6.468,6.581,6.466,6.562,30374.1,198314.846
2025-01-02 08:00:00,6.562,6.702,6.535,6.688,63719.1,423070.6138
2025-01-02 12:00:00,6.688,6.774,6.611,6.68,58202.4,388979.5663
2025-01-02 16:00:00,6.68,6.753,6.619,6.679,46877.1,314114.7663
2025-01-02 20:00:00,6.679,6.748,6.612,6.733,17279.9,115589.8057
2025-01-03 00:00:00,6.733,6.806,6.642,6.77,125147.6,841916.0141
2025-01-03 04:00:00,6.77,6.77,6.624,6.643,66188.8,442784.8421
2025-01-03 08:00:00,6.643,6.959,6.641,6.922,215967.5,1477198.7749
2025-01-03 12:00:00,6.922,7.063,6.843,7.06,104201.1,721675.1416
2025-01-03 16:00:00,7.06,7.133,7.031,7.097,56429.6,399939.3675
2025-01-03 20:00:00,7.097,7.11,7.036,7.068,23900.0,168762.3039
2025-01-04 00:00:00,7.068,7.153,6.954,7.13,59807.4,421626.7304
2025-01-04 04:00:00,7.13,7.152,7.03,7.102,40027.6,283964.1124
2025-01-04 08:00:00,7.102,7.106,6.946,6.989,38754.6,271212.6865
2025-01-04 12:00:00,6.989,7.164,6.924,6.956,89985.3,635464.0879
2025-01-04 16:00:00,6.956,7.023,6.921,6.997,25645.7,178816.866
2025-01-04 20:00:00,6.997,7.059,6.982,7.007,12221.4,85778.4207
2025-01-05 00:00:00,7.007,7.038,6.907,6.96,16861.1,117330.8909
2025-01-05 04:00:00,6.96,7.026,6.945,7.01,16394.3,114473.4948
2025-01-05 08:00:00,7.01,7.019,6.878,6.901,43617.4,301911.2837
2025-01-05 12:00:00,6.901,6.98,6.825,6.955,79300.0,544754.097
2025-01-05 16:00:00,6.955,6.98,6.868,6.971,67688.0,468636.4404
2025-01-05 20:00:00,6.971,7.058,6.947,7.029,52979.6,372279.2909
2025-01-06 00:00:00,7.029,7.279,6.916,7.178,166881.4,1203086.2453
2025-01-06 04:00:00,7.178,7.22,7.053,7.092,78080.0,557237.8417
2025-01-06 08:00:00,7.092,7.139,6.966,7.094,105293.0,741338.6391
2025-01-06 12:00:00,7.094,7.322,7.056,7.305,76431.8,547295.5182
2025-01-06 16:00:00,7.305,7.454,7.257,7.388,86603.4,637310.5254
2025-01-06 20:00:00,7.388,7.397,7.242,7.286,40452.4,295556.7692
2025-01-07 00:00:00,7.286,7.313,7.145,7.194,54998.2,398111.7633
2025-01-07 04:00:00,7.194,7.213,7.111,7.138,43162.7,308717.7927
2025-01-07 08:00:00,7.138,7.199,6.95,7.006,59445.8,420018.1249
2025-01-07 12:00:00,7.006,7.084,6.598,6.685,105856.4,724434.4582
2025-01-07 16:00:00,6.685,6.735,6.503,6.535,134981.8,893467.1502
2025-01-07 20:00:00,6.535,6.585,6.44,6.453,71546.2,464523.758
2025-01-08 00:00:00,6.453,6.527,6.356,6.413,111697.8,718498.9674
2025-01-08 04:00:00,6.413,6.429,6.123,6.17,145085.9,904336.0429
2025-01-08 08:00:00,6.17,6.258,6.114,6.154,127507.7,790534.3121
2025-01-08 12:00:00,6.154,6.279,6.088,6.173,78599.4,486413.7882
2025-01-08 16:00:00,6.173,6.216,5.859,6.029,342223.0,2062382.6505
2025-01-08 20:00:00,6.029,6.217,5.996,6.187,37835.2,232233.927
2025-01-09 00:00:00,6.187,6.313,6.141,6.275,44454.2,276325.4618
2025-01-09 04:00:00,6.275,6.338,6.105,6.126,68162.0,423923.0015
2025-01-09 08:00:00,6.126,6.3,6.095,6.283,67598.2,419139.7682
2025-01-09 12:00:00,6.283,6.325,6.022,6.258,125321.1,775430.645
2025-01-09 16:00:00,6.258,6.298,6.055,6.072,66429.2,410866.4091
2025-01-09 20:00:00,6.072,6.206,5.98,6.186,51010.4,312228.9982
2025-01-10 00:00:00,6.186,6.211,6.07,6.164,57916.7,356310.1206
2025-01-10 04:00:00,6.164,6.311,6.12,6.269,74607.4,462911.8714
2025-01-10 08:00:00,6.269,6.316,6.225,6.286,33201.9,208018.8073
2025-01-10 12:00:00,6.286,6.348,6.096,6.242,108684.0,676819.6688
2025-01-10 16:00:00,6.242,6.4,6.14,6.376,36808.2,231508.6874
2025-01-10 20:00:00,6.376,6.392,6.277,6.334,19731.1,125053.2664
2025-01-11 00:00:00,6.334,6.372,6.241,6.251,62937.5,397382.4269
2025-01-11 04:00:00,6.251,6.286,6.212,6.231,27929.6,174167.3809
2025-01-11 08:00:00,6.231,6.299,6.181,6.271,35975.3,224663.1954
2025-01-11 12:00:00,6.271,6.278,6.195,6.198,33154.7,207084.2254
2025-01-11 16:00:00,6.198,6.229,6.162,6.211,46232.6,286676.225
2025-01-11 20:00:00,6.211,6.404,6.2,6.28,26160.0,165640.4019
2025-01-12 00:00:00,6.28,6.348,6.205,6.228,251976.8,1585195.5719
2025-01-12 04:00:00,6.228,6.295,6.13,6.189,115181.6,719523.5306
2025-01-12 08:00:00,6.189,6.206,6.096,6.156,39782.5,244613.1529
2025-01-12 12:00:00,6.156,6.233,6.122,6.217,24110.6,149001.8088
2025-01-12 16:00:00,6.217,6.253,6.139,6.187,180444.7,1120493.1557
2025-01-12 20:00:00,6.187,6.201,6.056,6.148,32999.2,202095.5348
2025-01-13 00:00:00,6.148,6.319,5.975,6.015,48015.0,295333.9963
2025-01-13 04:00:00,6.015,6.119,5.913,5.963,47662.9,285670.6379
2025-01-13 08:00:00,5.963,5.966,5.683,5.683,127849.0,744674.3204
2025-01-13 12:00:00,5.683,5.932,5.578,5.875,112783.2,643907.0969
2025-01-13 16:00:00,5.875,5.898,5.722,5.816,32795.9,190580.9901
2025-01-13 20:00:00,5.816,6.099,5.777,6.039,70507.6,424997.913
2025-01-14 00:00:00,6.039,6.085,5.998,6.022,39578.9,238750.8362
2025-01-14 04:00:00,6.022,6.105,6.018,6.028,26335.2,159492.5272
2025-01-14 08:00:00,6.028,6.204,6.028,6.161,61386.1,376856.5167
2025-01-14 12:00:00,6.161,6.208,6.081,6.155,68070.1,418394.7047
2025-01-14 16:00:00,6.155,6.245,6.099,6.2,76424.0,474021.623
2025-01-14 20:00:00,6.2,6.3,6.169,6.241,97619.1,612608.7948
2025-01-15 00:00:00,6.241,6.277,6.165,6.224,37521.8,233376.8514
2025-01-15 04:00:00,6.224,6.296,6.164,6.265,49504.4,308267.0087
2025-01-15 08:00:00,6.265,6.316,6.111,6.154,41609.6,258042.9141
2025-01-15 12:00:00,6.154,6.524,6.116,6.484,130602.5,825537.0478
2025-01-15 16:00:00,6.484,6.527,6.401,6.513,32646.2,211625.6043
2025-01-15 20:00:00,6.513,6.57,6.471,6.562,34237.5,223337.798
2025-01-16 00:00:00,6.562,6.579,6.409,6.461,34805.1,225698.8409
2025-01-16 04:00:00,6.461,6.512,6.44,6.451,21723.2,140553.4319
2025-01-16 08:00:00,6.451,6.47,6.318,6.449,41013.7,261858.1194
2025-01-16 12:00:00,6.449,6.609,6.279,6.457,88651.0,572589.4488
2025-01-16 16:00:00,6.457,6.557,6.445,6.53,69747.7,452481.9517
2025-01-16 20:00:00,6.53,6.542,6.356,6.404,27215.5,175373.3014
2025-01-17 00:00:00,6.404,6.601,6.404,6.562,69127.5,451287.1053
2025-01-17 04:00:00,6.562,6.745,6.533,6.622,91959.6,613055.9569
2025-01-17 08:00:00,6.622,6.743,6.59,6.679,78732.0,526292.919
2025-01-17 12:00:00,6.679,6.722,6.595,6.66,31964.4,212865.3814
2025-01-17 16:00:00,6.66,6.712,6.612,6.658,15391.9,102460.6317
2025-01-17 20:00:00,6.658,6.788,6.651,6.73,80890.5,546572.3942
2025-01-18 00:00:00,6.73,6.806,6.489,6.533,51393.1,343489.1169
2025-01-18 04:00:00,6.533,6.549,6.256,6.286,84794.6,541014.1078
2025-01-18 08:00:00,6.286,6.326,6.195,6.311,39847.5,249073.0969
2025-01-18 12:00:00,6.311,6.375,6.234,6.281,72186.4,453773.2716
2025-01-18 16:00:00,6.281,6.3,6.159,6.241,49197.2,305554.8854
2025-01-18 20:00:00,6.241,6.298,6.167,6.281,51160.7,317697.0158
2025-01-19 00:00:00,6.281,6.492,6.26,6.33,118491.0,757763.7665
2025-01-19 04:00:00,6.33,6.332,6.093,6.133,54940.2,340449.3736
2025-01-19 08:00:00,6.133,6.133,5.802,5.839,261830.2,1552441.891
2025-01-19 12:00:00,5.839,6.372,5.834,6.3,130996.7,801349.9778
2025-01-19 16:00:00,6.3,6.389,6.246,6.376,17131.9,108397.7211
2025-01-19 20:00:00,6.376,6.413,5.684,5.803,156717.8,924765.7889
2025-01-20 00:00:00,5.803,5.867,5.596,5.8,57567.7,328737.2609
2025-01-20 04:00:00,5.8,6.347,5.742,6.178,108665.7,663763.2043
2025-01-20 08:00:00,6.178,6.261,6.075,6.163,70846.9,438095.2992
2025-01-20 12:00:00,6.163,6.171,5.922,6.031,50884.4,306892.9545
2025-01-20 16:00:00,6.031,6.137,5.726,6.001,164851.5,976818.8231
2025-01-20 20:00:00,6.001,6.019,5.843,5.944,23920.6,142295.6811
2025-01-21 00:00:00,5.944,5.96,5.764,5.822,67253.2,393244.1518
2025-01-21 04:00:00,5.822,5.831,5.676,5.797,43737.5,251370.6498
2025-01-21 08:00:00,5.797,5.99,5.735,5.981,79021.5,464746.385
2025-01-21 12:00:00,5.981,6.071,5.933,6.011,125834.7,754818.2573
2025-01-21 16:00:00,6.011,6.239,5.997,6.171,65677.2,402601.8969
2025-01-21 20:00:00,6.171,6.179,6.049,6.108,21194.5,129743.272
2025-01-22 00:00:00,6.108,6.145,6.028,6.106,26052.6,158439.391
2025-01-22 04:00:00,6.106,6.153,6.051,6.053,34126.2,208317.9773
2025-01-22 08:00:00,6.053,6.1,5.981,6.086,36212.3,218846.986
2025-01-22 12:00:00,6.086,6.109,5.962,5.998,34459.5,207084.0466
2025-01-22 16:00:00,5.998,6.074,5.947,5.987,34894.3,209735.0792
2025-01-22 20:00:00,5.987,6.036,5.901,5.92,32920.4,196227.5395
2025-01-23 00:00:00,5.92,5.938,5.8,5.84,51876.4,303787.7624
2025-01-23 04:00:00,5.84,5.864,5.781,5.863,31590.3,183739.2838
2025-01-23 08:00:00,5.863,5.892,5.768,5.819,46108.8,268506.3045
2025-01-23 12:00:00,5.819,5.926,5.717,5.9,257406.6,1487838.8604
2025-01-23 16:00:00,5.9,5.995,5.752,5.766,133304.6,787601.9994
2025-01-23 20:00:00,5.766,5.947,5.729,5.89,59856.5,350127.9496
2025-01-24 00:00:00,5.89,5.914,5.688,5.766,41077.9,237492.3882
2025-01-24 04:00:00,5.766,6.003,5.744,5.94,158974.0,944583.629
2025-01-24 08:00:00,5.94,6.048,5.914,5.998,439255.7,2623032.1655
2025-01-24 12:00:00,5.998,6.048,5.879,5.912,63417.4,377598.1891
2025-01-24 16:00:00,5.912,5.938,5.832,5.853,178981.6,1053949.0057
2025-01-24 20:00:00,5.853,5.872,5.7,5.724,40432.3,232506.8455
2025-01-25 00:00:00,5.724,5.799,5.633,5.794,97424.2,553801.6313
2025-01-25 04:00:00,5.794,5.797,5.662,5.668,18358.4,104855.1156
2025-01-25 08:00:00,5.668,5.732,5.643,5.724,31394.4,178083.146
2025-01-25 12:00:00,5.724,5.772,5.682,5.751,22589.1,129219.9886
2025-01-25 16:00:00,5.751,5.765,5.694,5.745,46998.1,269226.5379
2025-01-25 20:00:00,5.745,5.779,5.703,5.711,22928.5,131475.9516
2025-01-26 00:00:00,5.711,5.779,5.693,5.755,37284.9,213997.1992
2025-01-26 04:00:00,5.755,5.811,5.745,5.792,17995.6,104055.2394
2025-01-26 08:00:00,5.792,5.815,5.714,5.785,21348.3,122893.6418
2025-01-26 12:00:00,5.785,5.804,5.752,5.764,21347.9,123232.9809
2025-01-26 16:00:00,5.764,5.831,5.735,5.811,25027.1,144617.7218
2025-01-26 20:00:00,5.811,5.826,5.534,5.542,105688.1,595506.661
2025-01-27 00:00:00,5.542,5.552,5.321,5.38,64827.8,351787.416
2025-01-27 04:00:00,5.38,5.38,5.041,5.176,97392.5,507681.613
2025-01-27 08:00:00,5.176,5.216,5.079,5.172,30500.4,156891.4384
2025-01-27 12:00:00,5.172,5.434,5.147,5.387,33891.3,180419.3687
2025-01-27 16:00:00,5.387,5.394,5.215,5.272,19158.8,101393.3157
2025-01-27 20:00:00,5.272,5.518,5.271,5.458,25647.4,139807.4915
2025-01-28 00:00:00,5.458,5.507,5.363,5.459,17163.2,93145.9655
2025-01-28 04:00:00,5.459,5.502,5.433,5.458,17650.6,96515.788
2025-01-28 08:00:00,5.458,5.462,5.363,5.383,12612.9,68214.7394
2025-01-28 12:00:00,5.383,5.461,5.319,5.41,33889.1,182326.4545
2025-01-28 16:00:00,5.41,5.413,5.275,5.309,36222.7,193418.7493
2025-01-28 20:00:00,5.309,5.332,4.984,5.03,153667.6,787872.8937
2025-01-29 00:00:00,5.03,5.156,5.011,5.154,36744.4,186450.9031
2025-01-29 04:00:00,5.154,5.231,5.129,5.231,38993.9,201772.7679
2025-01-29 08:00:00,5.231,5.252,5.101,5.158,87008.5,451233.5573
2025-01-29 12:00:00,5.158,5.18,5.018,5.085,59855.3,304135.6843
2025-01-29 16:00:00,5.085,5.223,4.978,5.172,60007.9,304486.3685
2025-01-29 20:00:00,5.172,5.309,5.121,5.15,45960.5,240365.5351
2025-01-30 00:00:00,5.15,5.235,5.092,5.234,266411.2,1368658.6354
2025-01-30 04:00:00,5.234,5.348,5.207,5.279,32957.0,173369.4817
2025-01-30 08:00:00,5.279,5.448,5.25,5.392,60705.9,324724.3907
2025-01-30 12:00:00,5.392,5.53,5.336,5.494,32479.2,176806.1296
2025-01-30 16:00:00,5.494,5.55,5.447,5.501,92886.3,510420.4341
2025-01-30 20:00:00,5.501,5.519,5.44,5.448,22330.7,122227.7868
2025-01-31 00:00:00,5.448,5.473,5.352,5.382,26445.0,143101.979
2025-01-31 04:00:00,5.382,5.516,5.354,5.464,41278.2,223681.4703
2025-01-31 08:00:00,5.464,5.558,5.396,5.549,24194.8,132176.2065
2025-01-31 12:00:00,5.549,5.67,5.524,5.658,71142.2,396680.8414
2025-01-31 16:00:00,5.658,5.675,5.426,5.449,32209.2,177513.921
2025-01-31 20:00:00,5.449,5.453,5.359,5.417,28780.4,155348.1099
2025-02-01 00:00:00,5.417,5.483,5.373,5.427,35908.7,195147.4558
2025-02-01 04:00:00,5.427,5.474,5.385,5.396,24505.9,132830.2644
2025-02-01 08:00:00,5.396,5.405,5.256,5.332,45943.4,244404.8325
2025-02-01 12:00:00,5.332,5.346,5.222,5.263,59756.5,315419.7816
2025-02-01 16:00:00,5.263,5.281,5.112,5.126,48161.1,248955.489
2025-02-01 20:00:00,5.126,5.126,4.957,4.995,86402.3,437137.4491
2025-02-02 00:00:00,4.995,5.106,4.819,4.829,71439.3,353646.9146
2025-02-02 04:00:00,4.829,4.96,4.815,4.905,348020.1,1699585.9811
2025-02-02 08:00:00,4.905,4.986,4.78,4.802,207831.1,1015763.7036
2025-02-02 12:00:00,4.802,4.873,4.721,4.783,199815.7,957988.675
2025-02-02 16:00:00,4.783,4.786,4.321,4.483,144974.4,657022.3746
2025-02-02 20:00:00,4.483,4.531,4.078,4.33,167347.5,712332.3801
2025-02-03 00:00:00,4.33,4.33,3.247,3.742,626294.7,2273045.2749
2025-02-03 04:00:00,3.742,4.028,3.579,4.018,180356.9,667947.8326
2025-02-03 08:00:00,4.018,4.094,3.876,4.034,61497.0,244184.0867
2025-02-03 12:00:00,4.034,4.237,3.842,4.183,82583.8,332873.1807
2025-02-03 16:00:00,4.183,4.379,4.159,4.368,48110.8,203339.7891
2025-02-03 20:00:00,4.368,4.473,4.256,4.431,23951.4,104898.2976
2025-02-04 00:00:00,4.431,4.503,4.26,4.289,23418.4,101811.6686
2025-02-04 04:00:00,4.289,4.331,3.977,3.996,60148.7,249272.9555
2025-02-04 08:00:00,3.996,4.148,3.969,4.087,33597.0,135744.1057
2025-02-04 12:00:00,4.087,4.241,4.087,4.159,107424.9,447609.7007
2025-02-04 16:00:00,4.159,4.3,4.138,4.146,133387.4,557836.5597
2025-02-04 20:00:00,4.146,4.185,3.961,4.104,106867.1,432971.8947
2025-02-05 00:00:00,4.104,4.146,4.042,4.108,35662.8,146058.685
2025-02-05 04:00:00,4.108,4.188,4.091,4.15,18817.4,77541.8906
2025-02-05 08:00:00,4.15,4.275,4.11,4.263,26222.7,109311.298
2025-02-05 12:00:00,4.263,4.288,4.156,4.207,39722.1,167536.2896
2025-02-05 16:00:00,4.207,4.224,4.056,4.175,27924.5,115407.3178
2025-02-05 20:00:00,4.175,4.192,4.037,4.103,25574.3,105051.9544
2025-02-06 00:00:00,4.103,4.164,4.058,4.144,18745.0,77201.1449
2025-02-06 04:00:00,4.144,4.203,4.123,4.147,20946.7,86997.4726
2025-02-06 08:00:00,4.147,4.173,4.08,4.116,34762.5,143478.0411
2025-02-06 12:00:00,4.116,4.124,3.892,3.92,63617.6,255475.4402
2025-02-06 16:00:00,3.92,3.978,3.874,3.892,50347.6,197612.4651
2025-02-06 20:00:00,3.892,3.971,3.877,3.914,29852.5,117063.9278
2025-02-07 00:00:00,3.914,4.014,3.896,3.994,27922.1,110703.0876
2025-02-07 04:00:00,3.994,4.028,3.901,3.971,38231.3,151766.7729
2025-02-07 08:00:00,3.971,4.095,3.951,4.092,33069.9,133602.3934
2025-02-07 12:00:00,4.092,4.242,4.048,4.148,57398.3,239106.3725
2025-02-07 16:00:00,4.148,4.158,4.059,4.083,31930.6,131011.8515
2025-02-07 20:00:00,4.083,4.083,3.876,4.0,50807.8,201695.2554
2025-02-08 00:00:00,4.0,4.047,3.97,3.997,29526.1,118245.3214
2025-02-08 04:00:00,3.997,4.049,3.966,4.027,29599.7,118540.5645
2025-02-08 08:00:00,4.027,4.037,3.964,3.991,12155.4,48535.539
2025-02-08 12:00:00,3.991,4.084,3.984,4.037,22510.1,90696.6669
2025-02-08 16:00:00,4.037,4.192,4.013,4.166,61304.8,253348.9878
2025-02-08 20:00:00,4.166,4.198,4.132,4.176,11029.7,45997.0244
2025-02-09 00:00:00,4.176,4.265,4.149,4.253,159950.0,670231.9026
2025-02-09 04:00:00,4.253,4.271,4.191,4.263,25147.0,106565.3084
2025-02-09 08:00:00,4.263,4.305,4.25,4.266,76006.1,325183.7684
2025-02-09 12:00:00,4.266,4.279,4.152,4.242,49697.0,209933.9206
2025-02-09 16:00:00,4.242,4.263,4.135,4.15,43631.6,182790.2836
2025-02-09 20:00:00,4.15,4.194,3.987,4.181,62501.0,257741.2301
2025-02-10 00:00:00,4.181,4.251,4.05,4.192,25931.1,107699.8919
2025-02-10 04:00:00,4.192,4.297,4.173,4.25,26668.8,113036.3529
2025-02-10 08:00:00,4.25,4.316,4.249,4.267,51937.3,222573.21
2025-02-10 12:00:00,4.267,4.363,4.217,4.248,54623.4,234223.6972
2025-02-10 16:00:00,4.248,4.34,4.241,4.313,28843.4,124161.4055
2025-02-10 20:00:00,4.313,4.346,4.288,4.322,25347.2,109381.3875
2025-02-11 00:00:00,4.322,4.42,4.31,4.385,34519.7,151000.7619
2025-02-11 04:00:00,4.385,4.537,4.376,4.496,33990.9,152030.5281
2025-02-11 08:00:00,4.496,4.534,4.381,4.406,87142.5,390091.4887
2025-02-11 12:00:00,4.406,4.413,4.25,4.323,54297.3,234942.5195
2025-02-11 16:00:00,4.323,4.343,4.174,4.189,51192.8,217040.1003
2025-02-11 20:00:00,4.189,4.306,4.187,4.253,44144.0,187242.8495
2025-02-12 00:00:00,4.253,4.352,4.238,4.281,40739.4,175027.0103
2025-02-12 04:00:00,4.281,4.328,4.247,4.287,25050.8,107397.561
2025-02-12 08:00:00,4.287,4.372,4.28,4.343,50608.7,219463.3739
2025-02-12 12:00:00,4.343,4.395,4.188,4.379,376859.4,1614463.8355
2025-02-12 16:00:00,4.379,4.455,4.359,4.436,57160.7,252307.4975
2025-02-12 20:00:00,4.436,4.493,4.409,4.448,33007.3,146662.7771
2025-02-13 00:00:00,4.448,4.488,4.419,4.451,18873.5,83861.7416
2025-02-13 04:00:00,4.451,4.458,4.346,4.37,56826.9,249498.9678
2025-02-13 08:00:00,4.37,4.411,4.325,4.347,64279.2,280496.9015
2025-02-13 12:00:00,4.347,4.384,4.286,4.336,93107.5,402762.8197
2025-02-13 16:00:00,4.336,4.395,4.272,4.348,35727.0,153964.5255
2025-02-13 20:00:00,4.348,4.415,4.343,4.373,15647.0,68556.3772
2025-02-14 00:00:00,4.373,4.439,4.355,4.431,22353.1,97949.7647
2025-02-14 04:00:00,4.431,4.434,4.349,4.394,23543.4,103466.2815
2025-02-14 08:00:00,4.394,4.486,4.383,4.453,64847.3,288324.0616
2025-02-14 12:00:00,4.453,4.538,4.429,4.526,74012.9,331180.6837
2025-02-14 16:00:00,4.526,4.64,4.469,4.599,99518.3,453274.2585
2025-02-14 20:00:00,4.599,4.614,4.474,4.542,71658.6,326704.6092
2025-02-15 00:00:00,4.542,4.569,4.501,4.539,19522.0,88615.7297
2025-02-15 04:00:00,4.539,4.55,4.469,4.483,19530.1,88018.296
2025-02-15 08:00:00,4.483,4.516,4.431,4.455,59899.5,267576.8084
2025-02-15 12:00:00,4.455,4.481,4.396,4.408,18326.9,81384.0817
2025-02-15 16:00:00,4.408,4.432,4.381,4.39,18366.7,80916.6555
2025-02-15 20:00:00,4.39,4.402,4.355,4.387,17839.7,78155.009
2025-02-16 00:00:00,4.387,4.422,4.31,4.343,130776.6,568148.9929
2025-02-16 04:00:00,4.343,4.377,4.331,4.341,48021.5,209186.5018
2025-02-16 08:00:00,4.341,4.492,4.331,4.489,76592.9,338450.6612
2025-02-16 12:00:00,4.489,4.497,4.365,4.427,63957.7,282326.3272
2025-02-16 16:00:00,4.427,4.452,4.343,4.376,28912.8,127023.0723
2025-02-16 20:00:00,4.376,4.385,4.323,4.363,37768.4,164336.5027
2025-02-17 00:00:00,4.363,4.442,4.353,4.377,47841.8,209955.6565
2025-02-17 04:00:00,4.377,4.391,4.284,4.341,65373.2,282967.3377
2025-02-17 08:00:00,4.341,4.478,4.317,4.436,29251.4,129035.4179
2025-02-17 12:00:00,4.436,4.574,4.436,4.47,239030.7,1083811.59
2025-02-17 16:00:00,4.47,4.503,4.358,4.415,99114.9,439766.1053
2025-02-17 20:00:00,4.415,4.53,4.409,4.457,25490.4,114231.879
2025-02-18 00:00:00,4.457,4.479,4.375,4.392,236346.2,1047246.4195
2025-02-18 04:00:00,4.392,4.408,4.158,4.205,202251.2,857635.7187
2025-02-18 08:00:00,4.205,4.265,4.142,4.198,53026.6,221969.0527
2025-02-18 12:00:00,4.198,4.28,4.086,4.106,79027.5,330169.4842
2025-02-18 16:00:00,4.106,4.147,4.031,4.098,55438.6,226786.1013
2025-02-18 20:00:00,4.098,4.192,4.07,4.184,19666.2,81277.6515
2025-02-19 00:00:00,4.184,4.2,4.12,4.16,24384.4,101377.5646
2025-02-19 04:00:00,4.16,4.234,4.098,4.213,26674.9,110645.4547
2025-02-19 08:00:00,4.213,4.295,4.197,4.289,26327.3,112139.5783
2025-02-19 12:00:00,4.289,4.309,4.222,4.239,30778.7,131342.836
2025-02-19 16:00:00,4.239,4.304,4.227,4.277,22485.8,95953.0715
2025-02-19 20:00:00,4.277,4.291,4.221,4.278,22585.5,96166.0666
2025-02-20 00:00:00,4.278,4.348,4.261,4.334,27769.7,119503.3943
2025-02-20 04:00:00,4.334,4.377,4.281,4.281,18050.1,77987.1932
2025-02-20 08:00:00,4.281,4.335,4.266,4.316,26541.6,114102.2325
2025-02-20 12:00:00,4.316,4.356,4.23,4.236,100847.8,434758.9534
2025-02-20 16:00:00,4.236,4.393,4.236,4.376,22749.4,98233.0212
2025-02-20 20:00:00,4.376,4.421,4.358,4.405,24926.0,109470.8726
2025-02-21 00:00:00,4.405,4.421,4.351,4.39,16156.5,70810.5648
2025-02-21 04:00:00,4.39,4.45,4.39,4.429,23960.9,105766.7702
2025-02-21 08:00:00,4.429,4.56,4.416,4.53,34322.8,154722.1701
2025-02-21 12:00:00,4.53,4.612,4.367,4.42,61459.4,277759.545
2025-02-21 16:00:00,4.42,4.485,4.146,4.161,86594.0,371534.7617
2025-02-21 20:00:00,4.161,4.221,4.141,4.192,34365.1,143757.5567
2025-02-22 00:00:00,4.192,4.246,4.165,4.216,88063.6,368231.565
2025-02-22 04:00:00,4.216,4.24,4.205,4.205,21669.7,91478.3318
2025-02-22 08:00:00,4.205,4.255,4.201,4.232,30794.8,130194.2087
2025-02-22 12:00:00,4.232,4.258,4.207,4.235,50172.7,212236.2894
2025-02-22 16:00:00,4.235,4.304,4.235,4.261,28037.5,120039.5414
2025-02-22 20:00:00,4.261,4.276,4.234,4.258,32341.1,137673.2616
2025-02-23 00:00:00,4.258,4.269,4.202,4.229,14714.3,62333.9076
2025-02-23 04:00:00,4.229,4.302,4.204,4.281,85961.6,366985.3863
2025-02-23 08:00:00,4.281,4.283,4.202,4.207,36875.6,156283.1848
2025-02-23 12:00:00,4.207,4.218,4.074,4.08,97046.6,403075.6877
2025-02-23 16:00:00,4.08,4.123,4.075,4.084,23924.3,98023.4205
2025-02-23 20:00:00,4.084,4.132,4.053,4.12,56520.6,230610.5108
2025-02-24 00:00:00,4.12,4.137,3.905,3.92,60948.9,244394.9617
2025-02-24 04:00:00,3.92,3.97,3.875,3.947,59250.8,232825.1046
2025-02-24 08:00:00,3.947,3.957,3.873,3.942,38606.8,150859.3083
2025-02-24 12:00:00,3.942,3.962,3.825,3.884,62277.1,241880.163
2025-02-24 16:00:00,3.884,3.922,3.774,3.82,41913.6,161717.7963
2025-02-24 20:00:00,3.82,3.889,3.593,3.677,92210.8,342685.5357
2025-02-25 00:00:00,3.677,3.706,3.573,3.625,326817.3,1192439.1048
2025-02-25 04:00:00,3.625,3.649,3.382,3.486,81944.0,287384.1636
2025-02-25 08:00:00,3.486,3.614,3.428,3.603,111603.8,393709.6538
2025-02-25 12:00:00,3.603,3.673,3.555,3.643,54237.5,195508.9085
2025-02-25 16:00:00,3.643,3.69,3.594,3.689,33752.9,122848.6531
2025-02-25 20:00:00,3.689,3.738,3.669,3.67,29709.6,109807.6659
2025-02-26 00:00:00,3.67,3.716,3.625,3.688,31710.3,116050.7802
2025-02-26 04:00:00,3.688,3.714,3.653,3.683,28779.2,105849.4703
2025-02-26 08:00:00,3.683,3.77,3.65,3.706,32440.4,120540.2007
2025-02-26 12:00:00,3.706,3.755,3.601,3.727,64086.3,234759.3207
2025-02-26 16:00:00,3.727,3.739,3.514,3.556,140283.1,507007.8912
2025-02-26 20:00:00,3.556,3.707,3.504,3.637,66813.7,243195.3923
2025-02-27 00:00:00,3.637,3.692,3.591,3.68,26316.1,95961.9687
2025-02-27 04:00:00,3.68,3.76,3.66,3.743,25379.9,94169.3191
2025-02-27 08:00:00,3.743,3.799,3.738,3.765,20608.5,77565.4328
2025-02-27 12:00:00,3.765,3.783,3.678,3.717,24410.5,90957.1283
2025-02-27 16:00:00,3.717,3.741,3.643,3.652,58085.7,214364.3597
2025-02-27 20:00:00,3.652,3.667,3.565,3.658,27050.8,97783.1088
2025-02-28 00:00:00,3.658,3.67,3.367,3.37,121940.9,426726.7355
2025-02-28 04:00:00,3.37,3.405,3.317,3.365,76801.4,257501.5275
2025-02-28 08:00:00,3.365,3.498,3.322,3.468,67573.6,232486.5774
2025-02-28 12:00:00,3.468,3.706,3.452,3.689,83033.8,299966.7605
2025-02-28 16:00:00,3.689,3.776,3.673,3.761,15491.1,57752.7312
2025-02-28 20:00:00,3.761,3.779,3.719,3.753,20553.1,77286.963
2025-03-01 00:00:00,3.753,3.772,3.702,3.743,106805.9,400214.5654
2025-03-01 04:00:00,3.743,3.782,3.687,3.702,59886.9,224385.2413
2025-03-01 08:00:00,3.702,3.727,3.625,3.634,69857.6,255926.4704
2025-03-01 12:00:00,3.634,3.66,3.601,3.647,42816.1,155656.2246
2025-03-01 16:00:00,3.647,3.688,3.633,3.674,19475.4,71227.3003
2025-03-01 20:00:00,3.674,3.746,3.659,3.719,38820.8,143541.9839
2025-03-02 00:00:00,3.719,3.736,3.681,3.716,24110.3,89470.3848
2025-03-02 04:00:00,3.716,3.74,3.687,3.694,563337.6,2083441.4359
2025-03-02 08:00:00,3.694,3.742,3.676,3.715,32896.3,121970.3647
2025-03-02 12:00:00,3.715,3.851,3.626,3.766,43295.8,160497.8584
2025-03-02 16:00:00,3.766,4.025,3.766,3.992,96133.4,378072.4549
2025-03-02 20:00:00,3.992,4.002,3.951,3.972,28588.3,113669.402
2025-03-03 00:00:00,3.972,3.996,3.806,3.838,65687.7,255026.8206
2025-03-03 04:00:00,3.838,3.872,3.677,3.758,57028.0,215725.7034
2025-03-03 08:00:00,3.758,3.759,3.651,3.736,86439.1,322094.8891
2025-03-03 12:00:00,3.736,3.788,3.635,3.707,203387.8,757507.2227
2025-03-03 16:00:00,3.707,3.738,3.445,3.465,186346.2,673440.0518
2025-03-03 20:00:00,3.465,3.496,3.389,3.445,73354.9,253243.6944
2025-03-04 00:00:00,3.445,3.483,3.203,3.314,120240.8,399604.2026
2025-03-04 04:00:00,3.314,3.392,3.292,3.313,51589.3,171858.4481
2025-03-04 08:00:00,3.313,3.354,3.283,3.331,37438.0,124295.852
2025-03-04 12:00:00,3.331,3.433,3.236,3.337,85791.4,284470.0739
2025-03-04 16:00:00,3.337,3.439,3.179,3.423,103776.5,345034.4268
2025-03-04 20:00:00,3.423,3.494,3.379,3.437,94751.1,326834.3059
2025-03-05 00:00:00,3.437,3.45,3.36,3.36,48791.1,166231.1565
2025-03-05 04:00:00,3.36,3.425,3.351,3.42,72412.7,245351.8936
2025-03-05 08:00:00,3.42,3.538,3.412,3.488,56256.4,195980.951
2025-03-05 12:00:00,3.488,3.522,3.409,3.434,28837.3,100340.8662
2025-03-05 16:00:00,3.434,3.553,3.41,3.547,21469.7,74399.5043
2025-03-05 20:00:00,3.547,3.615,3.546,3.585,49609.9,178163.3766
2025-03-06 00:00:00,3.585,3.64,3.557,3.632,67772.0,244343.1018
2025-03-06 04:00:00,3.632,3.699,3.594,3.608,26484.2,96617.9237
2025-03-06 08:00:00,3.608,3.661,3.593,3.645,24799.3,90065.9932
2025-03-06 12:00:00,3.645,3.645,3.52,3.586,62075.2,221978.838
2025-03-06 16:00:00,3.586,3.601,3.461,3.484,39543.7,138697.8112
2025-03-06 20:00:00,3.484,3.562,3.479,3.517,32339.6,113699.9907
2025-03-07 00:00:00,3.517,3.567,3.33,3.489,59973.3,206422.8819
2025-03-07 04:00:00,3.489,3.583,3.475,3.583,39017.3,137981.2081
2025-03-07 08:00:00,3.583,3.645,3.548,3.597,25148.9,90625.7274
2025-03-07 12:00:00,3.597,3.643,3.532,3.573,71813.2,257237.1852
2025-03-07 16:00:00,3.573,3.633,3.485,3.598,63943.3,226837.0669
2025-03-07 20:00:00,3.598,3.614,3.483,3.519,18606.2,65876.5134
2025-03-08 00:00:00,3.519,3.548,3.468,3.525,15492.9,54412.8987
2025-03-08 04:00:00,3.525,3.555,3.471,3.477,30446.4,106890.5118
2025-03-08 08:00:00,3.477,3.496,3.407,3.424,19682.4,67888.8083
2025-03-08 12:00:00,3.424,3.474,3.41,3.445,32472.2,112284.1204
2025-03-08 16:00:00,3.445,3.477,3.392,3.459,39574.5,135805.2786
2025-03-08 20:00:00,3.459,3.466,3.383,3.41,19076.1,65394.6373
2025-03-09 00:00:00,3.41,3.438,3.351,3.362,17148.0,58089.5565
2025-03-09 04:00:00,3.362,3.384,3.335,3.362,26871.7,90311.493
2025-03-09 08:00:00,3.362,3.365,3.268,3.301,40909.4,135671.506
2025-03-09 12:00:00,3.301,3.313,3.206,3.215,60531.5,197957.885
2025-03-09 16:00:00,3.215,3.244,3.058,3.115,104752.2,326919.6656
2025-03-09 20:00:00,3.115,3.148,3.033,3.072,75413.3,230926.9401
2025-03-10 00:00:00,3.072,3.14,3.027,3.092,46419.8,143353.9496
2025-03-10 04:00:00,3.092,3.154,3.088,3.145,45179.8,141136.0163
2025-03-10 08:00:00,3.145,3.248,3.091,3.222,139986.4,443778.5214
2025-03-10 12:00:00,3.222,3.259,3.077,3.132,80095.3,253006.4215
2025-03-10 16:00:00,3.132,3.147,2.853,2.937,102607.6,304645.1727
2025-03-10 20:00:00,2.937,2.94,2.846,2.859,81305.1,234221.0267
2025-03-11 00:00:00,2.859,2.912,2.693,2.873,118705.5,332828.51
2025-03-11 04:00:00,2.873,2.965,2.861,2.942,32455.9,95035.1772
2025-03-11 08:00:00,2.942,2.994,2.928,2.977,42331.2,125066.0677
2025-03-11 12:00:00,2.977,3.043,2.874,2.995,93291.4,276234.0874
2025-03-11 16:00:00,2.995,3.138,2.98,3.128,37674.6,115102.8033
2025-03-11 20:00:00,3.128,3.139,3.081,3.092,49732.2,154533.3471
2025-03-12 00:00:00,3.092,3.137,3.037,3.042,78137.7,241329.0733
2025-03-12 04:00:00,3.042,3.129,3.02,3.115,25705.4,78672.8519
2025-03-12 08:00:00,3.115,3.222,3.106,3.217,60736.8,192645.5999
2025-03-12 12:00:00,3.217,3.292,3.059,3.112,95220.6,302449.4072
2025-03-12 16:00:00,3.112,3.204,3.101,3.179,38800.2,122584.8123
2025-03-12 20:00:00,3.179,3.203,3.156,3.184,20349.5,64677.8818
2025-03-13 00:00:00,3.184,3.201,3.142,3.146,14669.8,46448.2936
2025-03-13 04:00:00,3.146,3.154,3.097,3.108,26052.7,81199.5121
2025-03-13 08:00:00,3.108,3.182,3.086,3.165,45847.4,144175.3463
2025-03-13 12:00:00,3.165,3.222,3.11,3.117,41986.4,132352.4271
2025-03-13 16:00:00,3.117,3.124,3.029,3.075,44984.4,138038.7513
2025-03-13 20:00:00,3.075,3.2,3.056,3.167,39918.8,124937.1487
2025-03-14 00:00:00,3.167,3.211,3.153,3.187,20150.5,64099.7306
2025-03-14 04:00:00,3.187,3.204,3.167,3.184,29384.7,93699.8953
2025-03-14 08:00:00,3.184,3.227,3.184,3.222,41836.9,134374.8358
2025-03-14 12:00:00,3.222,3.287,3.193,3.242,57538.7,185441.2023
2025-03-14 16:00:00,3.242,3.26,3.219,3.23,41924.5,135651.1946
2025-03-14 20:00:00,3.23,3.241,3.2,3.204,10656.0,34320.7372
2025-03-15 00:00:00,3.204,3.233,3.184,3.228,27119.1,86968.0588
2025-03-15 04:00:00,3.228,3.25,3.219,3.236,14806.3,47912.6281
2025-03-15 08:00:00,3.236,3.254,3.221,3.233,25050.4,81149.8118
2025-03-15 12:00:00,3.233,3.269,3.216,3.243,26566.5,86185.3662
2025-03-15 16:00:00,3.243,3.273,3.235,3.267,19483.2,63470.9316
2025-03-15 20:00:00,3.267,3.312,3.267,3.296,22279.2,73470.601
2025-03-16 00:00:00,3.296,3.314,3.241,3.288,23757.2,77808.4283
2025-03-16 04:00:00,3.288,3.312,3.282,3.307,24417.3,80525.1535
2025-03-16 08:00:00,3.307,3.312,3.183,3.191,25801.0,84041.1865
2025-03-16 12:00:00,3.191,3.224,3.161,3.194,37797.3,120784.6042
2025-03-16 16:00:00,3.194,3.259,3.159,3.173,31952.4,102522.7421
2025-03-16 20:00:00,3.173,3.202,3.154,3.169,22378.9,71122.3982
2025-03-17 00:00:00,3.169,3.295,3.164,3.267,36045.8,116765.911
2025-03-17 04:00:00,3.267,3.41,3.267,3.381,44206.6,147281.1285
2025-03-17 08:00:00,3.381,3.453,3.372,3.405,149057.7,512261.9935
2025-03-17 12:00:00,3.405,3.481,3.339,3.389,112181.7,380162.3001
2025-03-17 16:00:00,3.389,3.445,3.377,3.425,135198.5,462271.6133
2025-03-17 20:00:00,3.425,3.478,3.417,3.426,26202.2,90246.1145
2025-03-18 00:00:00,3.426,3.428,3.335,3.34,34810.2,117769.3587
2025-03-18 04:00:00,3.34,3.377,3.287,3.331,58521.2,195409.3483
2025-03-18 08:00:00,3.331,3.373,3.321,3.336,52994.8,177532.5609
2025-03-18 12:00:00,3.336,3.348,3.266,3.273,78297.7,259114.8954
2025-03-18 16:00:00,3.273,3.302,3.234,3.298,23676.6,77277.4256
2025-03-18 20:00:00,3.298,3.377,3.28,3.369,19550.5,65055.2402
2025-03-19 00:00:00,3.369,3.437,3.367,3.435,53377.1,180798.841
2025-03-19 04:00:00,3.435,3.448,3.367,3.369,29202.9,99634.6945
2025-03-19 08:00:00,3.369,3.496,3.369,3.482,56876.6,194793.0653
2025-03-19 12:00:00,3.482,3.505,3.443,3.483,52488.7,182358.0972
2025-03-19 16:00:00,3.483,3.496,3.4,3.471,108500.0,373431.8696
2025-03-19 20:00:00,3.471,3.492,3.455,3.472,23925.2,82966.3161
2025-03-20 00:00:00,3.472,3.483,3.416,3.423,47307.2,162111.6462
2025-03-20 04:00:00,3.423,3.45,3.404,3.447,30281.3,103444.2601
2025-03-20 08:00:00,3.447,3.476,3.377,3.391,65124.6,221862.9101
2025-03-20 12:00:00,3.391,3.462,3.387,3.42,30593.7,104796.3907
2025-03-20 16:00:00,3.42,3.448,3.375,3.436,45043.8,153840.269
2025-03-20 20:00:00,3.436,3.449,3.392,3.405,13759.3,46946.5946
2025-03-21 00:00:00,3.405,3.44,3.396,3.418,49588.6,169423.7388
2025-03-21 04:00:00,3.418,3.471,3.399,3.402,63694.0,218270.4003
2025-03-21 08:00:00,3.402,3.418,3.282,3.327,72820.1,244033.931
2025-03-21 12:00:00,3.327,3.355,3.287,3.32,42001.0,139193.6282
2025-03-21 16:00:00,3.32,3.367,3.302,3.343,23139.2,77301.0468
2025-03-21 20:00:00,3.343,3.357,3.307,3.31,13642.2,45451.1649
2025-03-22 00:00:00,3.31,3.353,3.299,3.35,22090.9,73367.7254
2025-03-22 04:00:00,3.35,3.422,3.344,3.421,21085.2,71284.6493
2025-03-22 08:00:00,3.421,3.445,3.404,3.406,34107.1,116894.191
2025-03-22 12:00:00,3.406,3.419,3.357,3.388,37104.5,126141.5576
2025-03-22 16:00:00,3.388,3.435,3.383,3.415,63196.2,214950.4319
2025-03-22 20:00:00,3.415,3.421,3.396,3.406,20010.0,68183.9379
2025-03-23 00:00:00,3.406,3.445,3.381,3.435,19593.4,67068.9456
2025-03-23 04:00:00,3.435,3.44,3.393,3.408,16543.4,56445.2604
2025-03-23 08:00:00,3.408,3.426,3.39,3.399,20453.1,69605.1077
2025-03-23 12:00:00,3.399,3.402,3.35,3.362,11059.2,37415.2039
2025-03-23 16:00:00,3.362,3.362,3.303,3.339,26219.0,87274.6067
2025-03-23 20:00:00,3.339,3.355,3.323,3.352,18598.4,62183.3849
2025-03-24 00:00:00,3.352,3.391,3.306,3.381,169373.1,567834.7129
2025-03-24 04:00:00,3.381,3.574,3.381,3.513,117015.6,408639.2682
2025-03-24 08:00:00,3.513,3.535,3.475,3.483,58786.9,206719.3341
2025-03-24 12:00:00,3.483,3.536,3.461,3.511,44960.4,156760.851
2025-03-24 16:00:00,3.511,3.525,3.473,3.51,17149.5,59995.6312
2025-03-24 20:00:00,3.51,3.536,3.477,3.51,35713.1,125210.9661
2025-03-25 00:00:00,3.51,3.556,3.462,3.473,108014.1,378600.1439
2025-03-25 04:00:00,3.473,3.497,3.465,3.479,29622.2,103161.9064
2025-03-25 08:00:00,3.479,3.536,3.479,3.506,19908.5,69963.8948
2025-03-25 12:00:00,3.506,3.517,3.479,3.487,25477.0,89117.645
2025-03-25 16:00:00,3.487,3.568,3.473,3.564,39422.0,139630.5093
2025-03-25 20:00:00,3.564,3.609,3.555,3.584,59426.0,212932.3141
2025-03-26 00:00:00,3.584,3.59,3.519,3.522,38765.5,138013.843
2025-03-26 04:00:00,3.522,3.636,3.51,3.63,50249.6,178828.065
2025-03-26 08:00:00,3.63,3.646,3.601,3.618,28411.9,102904.9771
2025-03-26 12:00:00,3.618,3.619,3.451,3.492,70177.0,247394.5083
2025-03-26 16:00:00,3.492,3.519,3.42,3.45,31627.4,109656.4354
2025-03-26 20:00:00,3.45,3.483,3.433,3.448,20010.5,69193.0406
2025-03-27 00:00:00,3.448,3.507,3.443,3.481,25786.1,89527.0116
2025-03-27 04:00:00,3.481,3.486,3.417,3.428,55965.9,193037.504
2025-03-27 08:00:00,3.428,3.439,3.359,3.373,54619.5,185654.7711
2025-03-27 12:00:00,3.373,3.422,3.325,3.395,56708.6,191126.391
2025-03-27 16:00:00,3.395,3.41,3.355,3.38,17496.5,59274.1316
2025-03-27 20:00:00,3.38,3.408,3.369,3.386,22974.0,77958.8056
2025-03-28 00:00:00,3.386,3.398,3.305,3.322,102500.0,344560.0904
2025-03-28 04:00:00,3.322,3.325,3.175,3.178,101725.5,329787.0597
2025-03-28 08:00:00,3.178,3.199,3.134,3.172,40944.6,129460.87
2025-03-28 12:00:00,3.172,3.185,3.105,3.109,39542.3,124430.0073
2025-03-28 16:00:00,3.109,3.124,3.083,3.088,29250.9,90888.7941
2025-03-28 20:00:00,3.088,3.137,3.067,3.125,33486.6,103909.4643
2025-03-29 00:00:00,3.125,3.138,3.046,3.091,30504.6,94533.8193
2025-03-29 04:00:00,3.091,3.099,2.972,2.984,80289.5,241381.2963
2025-03-29 08:00:00,2.984,3.009,2.924,2.944,57000.1,168908.1476
2025-03-29 12:00:00,2.944,2.993,2.935,2.943,18988.8,56172.3109
2025-03-29 16:00:00,2.943,2.951,2.883,2.924,37111.7,107949.5201
2025-03-29 20:00:00,2.924,2.924,2.885,2.911,29066.1,84375.8095
2025-03-30 00:00:00,2.911,2.959,2.872,2.93,21200.5,61628.1497
2025-03-30 04:00:00,2.93,2.971,2.93,2.948,24551.5,72522.0604
2025-03-30 08:00:00,2.948,2.975,2.934,2.963,40529.1,119589.4828
2025-03-30 12:00:00,2.963,2.974,2.909,2.94,37465.4,110198.0485
2025-03-30 16:00:00,2.94,2.959,2.894,2.933,34824.3,102022.1585
2025-03-30 20:00:00,2.933,2.936,2.836,2.913,66066.1,190290.7026
2025-03-31 00:00:00,2.913,2.931,2.86,2.87,21865.1,63405.6635
2025-03-31 04:00:00,2.87,2.918,2.831,2.853,52472.1,150730.827
2025-03-31 08:00:00,2.853,2.902,2.813,2.892,42562.2,121094.8016
2025-03-31 12:00:00,2.892,2.962,2.866,2.933,48845.3,142345.7215
2025-03-31 16:00:00,2.933,2.956,2.895,2.925,26416.2,77404.425
2025-03-31 20:00:00,2.925,2.943,2.892,2.923,16835.5,49158.4845
2025-04-01 00:00:00,2.923,2.958,2.902,2.944,38984.8,114250.5685
2025-04-01 04:00:00,2.944,2.988,2.938,2.979,54250.6,160733.511
2025-04-01 08:00:00,2.979,3.044,2.953,2.96,37338.2,112126.4985
2025-04-01 12:00:00,2.96,3.05,2.93,3.041,126512.5,379193.3347
2025-04-01 16:00:00,3.041,3.048,2.968,2.974,30444.1,91374.6773
2025-04-01 20:00:00,2.974,2.997,2.948,2.973,21958.3,65352.5272
2025-04-02 00:00:00,2.973,2.973,2.823,2.887,51017.9,147488.5656
2025-04-02 04:00:00,2.887,2.893,2.821,2.826,78914.7,224294.8404
2025-04-02 08:00:00,2.826,2.877,2.806,2.836,78066.3,221830.3999
2025-04-02 12:00:00,2.836,2.948,2.82,2.924,85570.6,246665.3818
2025-04-02 16:00:00,2.924,2.94,2.853,2.895,69781.6,202589.8785
2025-04-02 20:00:00,2.895,2.963,2.663,2.694,164144.8,458250.7253
2025-04-03 00:00:00,2.694,2.828,2.68,2.803,122103.9,340437.2467
2025-04-03 04:00:00,2.803,2.823,2.755,2.788,70959.5,198324.9705
2025-04-03 08:00:00,2.788,2.808,2.628,2.647,62969.1,170354.8478
2025-04-03 12:00:00,2.647,2.648,2.571,2.632,208555.7,546244.7525
2025-04-03 16:00:00,2.632,2.703,2.619,2.684,23427.4,62067.3503
2025-04-03 20:00:00,2.684,2.752,2.68,2.717,38356.5,104317.2104
2025-04-04 00:00:00,2.717,2.736,2.684,2.709,46409.8,126068.2453
2025-04-04 04:00:00,2.709,2.739,2.686,2.735,23615.6,64245.3634
2025-04-04 08:00:00,2.735,2.76,2.632,2.67,127929.8,342773.9248
2025-04-04 12:00:00,2.67,2.737,2.647,2.69,122743.6,328417.0663
2025-04-04 16:00:00,2.69,2.742,2.675,2.732,27037.3,73475.0896
2025-04-04 20:00:00,2.732,2.774,2.727,2.754,38521.0,106181.2711
2025-04-05 00:00:00,2.754,2.788,2.751,2.761,51435.2,142183.2015
2025-04-05 04:00:00,2.761,2.777,2.742,2.772,49844.7,137559.7146
2025-04-05 08:00:00,2.772,2.78,2.75,2.754,33673.1,93192.1989
2025-04-05 12:00:00,2.754,2.759,2.706,2.714,38349.2,104621.8817
2025-04-05 16:00:00,2.714,2.724,2.694,2.705,39318.9,106607.543
2025-04-05 20:00:00,2.705,2.738,2.696,2.725,150365.1,408784.0809
2025-04-06 00:00:00,2.725,2.728,2.702,2.708,19621.6,53322.7009
2025-04-06 04:00:00,2.708,2.718,2.681,2.694,33498.6,90286.7267
2025-04-06 08:00:00,2.694,2.731,2.682,2.71,14837.0,40139.2189
2025-04-06 12:00:00,2.71,2.71,2.599,2.632,83492.1,221326.6134
2025-04-06 16:00:00,2.632,2.632,2.424,2.463,121586.8,306809.3317
2025-04-06 20:00:00,2.463,2.475,2.388,2.459,103916.7,252219.3885
2025-04-07 00:00:00,2.459,2.528,2.376,2.403,76142.5,186243.581
2025-04-07 04:00:00,2.403,2.432,2.221,2.258,160562.5,373188.9898
2025-04-07 08:00:00,2.258,2.378,2.241,2.32,71699.9,166558.116
2025-04-07 12:00:00,2.32,2.574,2.319,2.422,76798.5,187757.8947
2025-04-07 16:00:00,2.422,2.455,2.379,2.392,30099.8,72789.4175
2025-04-07 20:00:00,2.392,2.433,2.388,2.397,15797.0,38001.9183
2025-04-08 00:00:00,2.397,2.476,2.373,2.419,118002.8,285192.184
2025-04-08 04:00:00,2.419,2.43,2.327,2.339,223673.1,534925.9473
2025-04-08 08:00:00,2.339,2.384,2.312,2.381,40932.3,95557.8283
2025-04-08 12:00:00,2.381,2.388,2.304,2.319,74084.5,173523.6933
2025-04-08 16:00:00,2.319,2.319,2.174,2.185,126502.0,280140.9443
2025-04-08 20:00:00,2.185,2.23,2.171,2.201,66025.7,144776.6499
2025-04-09 00:00:00,2.201,2.263,2.123,2.251,103838.0,226705.1578
2025-04-09 04:00:00,2.251,2.318,2.236,2.292,28315.9,64383.901
2025-04-09 08:00:00,2.292,2.298,2.233,2.246,52735.9,119638.2204
2025-04-09 12:00:00,2.246,2.303,2.225,2.265,36076.5,82002.4316
2025-04-09 16:00:00,2.265,2.44,2.265,2.411,88630.9,210847.5243
2025-04-09 20:00:00,2.411,2.439,2.404,2.411,53110.5,128398.9083
2025-04-10 00:00:00,2.411,2.415,2.358,2.378,30022.6,71571.8274
2025-04-10 04:00:00,2.378,2.42,2.352,2.383,22364.9,53429.2315
2025-04-10 08:00:00,2.383,2.402,2.356,2.369,99088.7,235501.9621
2025-04-10 12:00:00,2.369,2.415,2.265,2.272,408800.4,967275.7709
2025-04-10 16:00:00,2.272,2.323,2.26,2.314,74052.9,169850.7661
2025-04-10 20:00:00,2.314,2.365,2.314,2.342,27684.8,65038.3224
2025-04-11 00:00:00,2.342,2.386,2.32,2.37,69928.2,164776.6214
2025-04-11 04:00:00,2.37,2.411,2.369,2.396,53352.8,127702.2505
2025-04-11 08:00:00,2.396,2.449,2.375,2.392,104633.9,252113.45
2025-04-11 12:00:00,2.392,2.415,2.366,2.398,104788.4,250874.4643
2025-04-11 16:00:00,2.398,2.429,2.38,2.404,54817.4,132255.914
2025-04-11 20:00:00,2.404,2.415,2.39,2.4,66759.0,160402.6338
2025-04-12 00:00:00,2.4,2.419,2.367,2.397,75413.6,180949.2208
2025-04-12 04:00:00,2.397,2.496,2.24,2.244,247685.1,592866.2717
2025-04-12 08:00:00,2.244,2.323,2.242,2.315,100079.7,228555.6883
2025-04-12 12:00:00,2.315,2.419,2.31,2.406,92186.6,217237.8956
2025-04-12 16:00:00,2.406,2.424,2.383,2.4,108691.1,261342.4711
2025-04-12 20:00:00,2.4,2.44,2.398,2.436,33184.1,80388.4087
2025-04-13 00:00:00,2.436,2.437,2.367,2.389,179319.2,428513.1812
2025-04-13 04:00:00,2.389,2.389,2.34,2.367,104227.7,245725.4615
2025-04-13 08:00:00,2.367,2.412,2.36,2.368,114669.2,273606.7675
2025-04-13 12:00:00,2.368,2.372,2.296,2.306,76096.8,176613.5549
2025-04-13 16:00:00,2.306,2.385,2.221,2.259,58060.1,133711.2575
2025-04-13 20:00:00,2.259,2.282,2.222,2.259,50907.0,114498.2726
2025-04-14 00:00:00,2.259,2.329,2.242,2.289,39846.9,91226.6634
2025-04-14 04:00:00,2.289,2.337,2.268,2.278,323081.7,741819.2875
2025-04-14 08:00:00,2.278,2.294,2.177,2.288,326959.9,733390.5806
2025-04-14 12:00:00,2.288,2.306,2.214,2.233,204220.2,462183.8435
2025-04-14 16:00:00,2.233,2.251,2.215,2.228,39943.0,89152.1593
2025-04-14 20:00:00,2.228,2.239,2.203,2.229,35260.5,78197.0777
2025-04-15 00:00:00,2.229,2.234,2.184,2.224,41668.7,92073.8536
2025-04-15 04:00:00,2.224,2.246,2.21,2.241,21755.3,48608.0679
2025-04-15 08:00:00,2.241,2.252,2.215,2.235,77490.8,173374.6267
2025-04-15 12:00:00,2.235,2.259,2.19,2.212,79746.4,177598.0491
2025-04-15 16:00:00,2.212,2.218,2.167,2.178,59932.5,130940.0994
2025-04-15 20:00:00,2.178,2.187,2.153,2.168,45993.6,99656.8589
2025-04-16 00:00:00,2.168,2.205,2.145,2.188,67248.2,146853.89
2025-04-16 04:00:00,2.188,2.221,2.168,2.179,81950.7,179344.0208
2025-04-16 08:00:00,2.179,2.199,2.144,2.16,80200.0,173564.2952
2025-04-16 12:00:00,2.16,2.186,2.109,2.145,151748.6,324334.849
2025-04-16 16:00:00,2.145,2.195,2.097,2.18,214123.1,457502.5952
2025-04-16 20:00:00,2.18,2.202,2.138,2.149,50421.9,109687.2967
2025-04-17 00:00:00,2.149,2.175,2.142,2.154,20797.5,44779.8813
2025-04-17 04:00:00,2.154,2.224,2.151,2.206,52381.7,114532.2988
2025-04-17 08:00:00,2.206,2.211,2.181,2.185,40700.8,89258.2743
2025-04-17 12:00:00,2.185,2.205,2.151,2.198,57145.8,124413.8109
2025-04-17 16:00:00,2.198,2.248,2.189,2.209,69485.8,154306.6497
2025-04-17 20:00:00,2.209,2.234,2.206,2.214,26821.8,59600.3526
2025-04-18 00:00:00,2.214,2.239,2.201,2.235,24295.8,53827.1212
2025-04-18 04:00:00,2.235,2.283,2.234,2.276,49805.3,112866.6895
2025-04-18 08:00:00,2.276,2.295,2.257,2.274,45662.8,103891.4487
2025-04-18 12:00:00,2.274,2.302,2.257,2.27,56649.1,128977.1543
2025-04-18 16:00:00,2.27,2.281,2.26,2.265,17253.0,39196.6568
2025-04-18 20:00:00,2.265,2.275,2.239,2.247,146993.1,331521.8965
2025-04-19 00:00:00,2.247,2.32,2.246,2.303,66910.4,153023.7872
2025-04-19 04:00:00,2.303,2.311,2.291,2.303,15832.5,36413.768
2025-04-19 08:00:00,2.303,2.309,2.272,2.287,34541.3,78792.0969
2025-04-19 12:00:00,2.287,2.319,2.275,2.293,32047.7,73414.041
2025-04-19 16:00:00,2.293,2.32,2.275,2.305,34027.4,78195.1292
2025-04-19 20:00:00,2.305,2.329,2.298,2.313,40541.7,93884.0047
2025-04-20 00:00:00,2.313,2.344,2.296,2.34,29544.5,68491.6425
2025-04-20 04:00:00,2.34,2.383,2.313,2.322,71325.2,167085.4104
2025-04-20 08:00:00,2.322,2.327,2.233,2.253,102475.7,233635.4966
2025-04-20 12:00:00,2.253,2.29,2.237,2.29,42738.1,96831.768
2025-04-20 16:00:00,2.29,2.327,2.289,2.307,38944.9,89861.3042
2025-04-20 20:00:00,2.307,2.325,2.29,2.308,33180.5,76599.0548
2025-04-21 00:00:00,2.308,2.355,2.301,2.319,63026.9,146324.5538
2025-04-21 04:00:00,2.319,2.409,2.318,2.362,152178.7,360693.5135
2025-04-21 08:00:00,2.362,2.39,2.333,2.342,201059.2,475743.2024
2025-04-21 12:00:00,2.342,2.393,2.337,2.373,94918.1,224603.9867
2025-04-21 16:00:00,2.373,2.388,2.295,2.309,83700.1,193981.9363
2025-04-21 20:00:00,2.309,2.309,2.266,2.278,55021.2,126091.1789
2025-04-22 00:00:00,2.278,2.29,2.217,2.269,107695.8,243441.6211
2025-04-22 04:00:00,2.269,2.279,2.192,2.27,193199.4,433476.7551
2025-04-22 08:00:00,2.27,2.31,2.254,2.307,149410.3,341920.2397
2025-04-22 12:00:00,2.307,2.392,2.304,2.369,204591.1,478638.6282
2025-04-22 16:00:00,2.369,2.429,2.363,2.408,124107.4,298275.5291
2025-04-22 20:00:00,2.408,2.475,2.4,2.462,109203.9,267218.0434
2025-04-23 00:00:00,2.462,2.525,2.451,2.522,116225.2,289586.3574
2025-04-23 04:00:00,2.522,2.538,2.497,2.525,74789.0,188308.9977
2025-04-23 08:00:00,2.525,2.552,2.497,2.542,93065.4,235303.6268
2025-04-23 12:00:00,2.542,2.569,2.459,2.514,167829.2,423327.6166
2025-04-23 16:00:00,2.514,2.533,2.483,2.496,41043.3,102914.1015
2025-04-23 20:00:00,2.496,2.521,2.484,2.512,135749.3,339652.606
2025-04-24 00:00:00,2.512,2.527,2.446,2.452,89442.8,222114.1076
2025-04-24 04:00:00,2.452,2.484,2.425,2.445,57177.9,140346.1622
2025-04-24 08:00:00,2.445,2.468,2.411,2.467,170574.3,417417.3154
2025-04-24 12:00:00,2.467,2.584,2.457,2.564,108687.7,272830.5451
2025-04-24 16:00:00,2.564,2.592,2.534,2.571,75676.1,194048.6132
2025-04-24 20:00:00,2.571,2.592,2.555,2.589,55738.0,143673.5002
2025-04-25 00:00:00,2.589,2.648,2.543,2.561,104725.4,271608.0884
2025-04-25 04:00:00,2.561,2.653,2.553,2.637,308029.4,802963.9656
2025-04-25 08:00:00,2.637,2.648,2.581,2.603,81953.1,214032.7713
2025-04-25 12:00:00,2.603,2.634,2.569,2.61,78042.8,203200.5714
2025-04-25 16:00:00,2.61,2.631,2.582,2.603,25084.7,65366.1804
2025-04-25 20:00:00,2.603,2.634,2.594,2.618,52103.0,136345.9714
2025-04-26 00:00:00,2.618,2.697,2.618,2.664,119908.8,318938.139
2025-04-26 04:00:00,2.664,2.682,2.628,2.659,73374.7,195364.3944
2025-04-26 08:00:00,2.659,2.696,2.615,2.625,79640.6,210628.6269
2025-04-26 12:00:00,2.625,2.642,2.555,2.599,156531.5,407134.9608
2025-04-26 16:00:00,2.599,2.618,2.577,2.617,56906.1,148095.619
2025-04-26 20:00:00,2.617,2.649,2.598,2.645,38051.4,99970.0781
2025-04-27 00:00:00,2.645,2.669,2.559,2.583,144402.8,376371.0832
2025-04-27 04:00:00,2.583,2.593,2.513,2.557,87399.2,221330.9841
2025-04-27 08:00:00,2.557,2.564,2.534,2.544,63901.2,163136.7576
2025-04-27 12:00:00,2.544,2.549,2.493,2.51,176813.9,445006.0417
2025-04-27 16:00:00,2.51,2.53,2.484,2.524,62200.8,155384.0306
2025-04-27 20:00:00,2.524,2.527,2.48,2.485,53094.2,132907.1581
2025-04-28 00:00:00,2.485,2.498,2.421,2.487,107945.0,265485.4148
2025-04-28 04:00:00,2.487,2.549,2.486,2.541,105601.5,266783.3027
2025-04-28 08:00:00,2.541,2.604,2.54,2.586,116031.8,297520.6422
2025-04-28 12:00:00,2.586,2.59,2.499,2.515,103504.5,263922.4787
2025-04-28 16:00:00,2.515,2.601,2.502,2.586,57882.8,147459.3397
2025-04-28 20:00:00,2.586,2.61,2.575,2.584,31474.8,81483.7072
2025-04-29 00:00:00,2.584,2.638,2.582,2.633,116568.1,305259.5589
2025-04-29 04:00:00,2.633,2.657,2.6,2.644,294459.7,771909.9147
2025-04-29 08:00:00,2.644,2.661,2.549,2.553,89245.0,230674.322
2025-04-29 12:00:00,2.553,2.588,2.514,2.574,137909.5,351789.196
2025-04-29 16:00:00,2.574,2.581,2.543,2.561,37721.4,96779.2592
2025-04-29 20:00:00,2.561,2.564,2.457,2.484,71798.8,180017.0246
2025-04-30 00:00:00,2.484,2.506,2.466,2.501,68461.7,170027.9928
2025-04-30 04:00:00,2.501,2.513,2.457,2.464,31077.7,77435.4234
2025-04-30 08:00:00,2.464,2.544,2.459,2.544,50815.4,127681.6553
2025-04-30 12:00:00,2.544,2.552,2.396,2.431,106273.4,261274.7934
2025-04-30 16:00:00,2.431,2.493,2.419,2.474,42583.1,104835.0361
2025-04-30 20:00:00,2.474,2.508,2.474,2.49,15991.1,39793.2137
2025-05-01 00:00:00,2.49,2.516,2.477,2.478,25649.3,64057.203
2025-05-01 04:00:00,2.478,2.508,2.468,2.508,16129.7,40093.1035
2025-05-01 08:00:00,2.508,2.556,2.497,2.546,161690.7,410942.2808
2025-05-01 12:00:00,2.546,2.585,2.525,2.549,92740.0,236843.8361
2025-05-01 16:00:00,2.549,2.587,2.539,2.568,77748.7,199277.3235
2025-05-01 20:00:00,2.568,2.621,2.562,2.607,72764.8,188866.9806
2025-05-02 00:00:00,2.607,2.684,2.586,2.654,74043.5,195630.9079
2025-05-02 04:00:00,2.654,2.671,2.592,2.595,239110.0,627290.1656
2025-05-02 08:00:00,2.595,2.619,2.572,2.589,100183.2,260074.8115
2025-05-02 12:00:00,2.589,2.62,2.568,2.581,312843.5,808286.9542
2025-05-02 16:00:00,2.581,2.613,2.547,2.565,94628.2,243358.2589
2025-05-02 20:00:00,2.565,2.602,2.561,2.601,44182.4,113909.4631
2025-05-03 00:00:00,2.601,2.604,2.553,2.59,16518.5,42528.0697
2025-05-03 04:00:00,2.59,2.595,2.557,2.561,29458.1,75747.347
2025-05-03 08:00:00,2.561,2.566,2.503,2.506,129628.3,328083.8801
2025-05-03 12:00:00,2.506,2.529,2.505,2.517,39048.2,98309.9044
2025-05-03 16:00:00,2.517,2.519,2.412,2.472,129805.7,318830.339
2025-05-03 20:00:00,2.472,2.472,2.436,2.449,25939.7,63691.6508
2025-05-04 00:00:00,2.449,2.46,2.377,2.38,243702.5,590657.5474
2025-05-04 04:00:00,2.38,2.403,2.363,2.378,55122.8,131223.0295
2025-05-04 08:00:00,2.378,2.379,2.344,2.362,37850.5,89315.2522
2025-05-04 12:00:00,2.362,2.365,2.334,2.346,40174.4,94376.9457
2025-05-04 16:00:00,2.346,2.346,2.313,2.322,35102.9,81702.0958
2025-05-04 20:00:00,2.322,2.351,2.317,2.339,843340.0,1970606.7428
2025-05-05 00:00:00,2.339,2.36,2.301,2.342,251792.7,589520.495
2025-05-05 04:00:00,2.342,2.37,2.337,2.35,42824.6,100595.6115
2025-05-05 08:00:00,2.35,2.36,2.307,2.318,56539.6,132079.6397
2025-05-05 12:00:00,2.318,2.325,2.29,2.306,106694.6,245934.2586
2025-05-05 16:00:00,2.306,2.366,2.305,2.329,36088.1,84391.9618
2025-05-05 20:00:00,2.329,2.344,2.297,2.322,25895.5,60143.154
2025-05-06 00:00:00,2.322,2.34,2.301,2.338,165691.4,384140.6662
2025-05-06 04:00:00,2.338,2.345,2.308,2.309,45402.1,105384.1144
2025-05-06 08:00:00,2.309,2.309,2.23,2.249,267097.0,605489.6912
2025-05-06 12:00:00,2.249,2.29,2.235,2.253,64890.3,146134.4164
2025-05-06 16:00:00,2.253,2.299,2.241,2.277,53592.8,122286.7401
2025-05-06 20:00:00,2.277,2.303,2.208,2.296,54409.3,123235.6544
2025-05-07 00:00:00,2.296,2.33,2.285,2.303,84340.5,194457.9389
2025-05-07 04:00:00,2.303,2.331,2.303,2.33,9595.1,22223.922
2025-05-07 08:00:00,2.33,2.352,2.318,2.348,20718.1,48501.1467
2025-05-07 12:00:00,2.348,2.354,2.304,2.31,38509.0,89444.4302
2025-05-07 16:00:00,2.31,2.324,2.279,2.299,57996.5,133199.1182
2025-05-07 20:00:00,2.299,2.363,2.293,2.351,41956.0,98367.87
2025-05-08 00:00:00,2.351,2.485,2.351,2.483,127144.4,310101.7292
2025-05-08 04:00:00,2.483,2.515,2.478,2.496,280364.6,699201.3938
2025-05-08 08:00:00,2.496,2.515,2.487,2.513,158658.4,396497.6614
2025-05-08 12:00:00,2.513,2.598,2.493,2.578,72502.8,184696.8384
2025-05-08 16:00:00,2.578,2.619,2.57,2.616,55869.6,144967.7538
2025-05-08 20:00:00,2.616,2.779,2.613,2.741,136418.5,368145.3925
2025-05-09 00:00:00,2.741,2.782,2.715,2.725,99468.5,273887.4066
2025-05-09 04:00:00,2.725,2.823,2.707,2.8,106565.7,295619.2815
2025-05-09 08:00:00,2.8,2.885,2.759,2.849,125787.0,354478.7427
2025-05-09 12:00:00,2.849,2.876,2.783,2.839,95179.4,269785.1282
2025-05-09 16:00:00,2.839,2.88,2.816,2.827,22777.1,64750.1071
2025-05-09 20:00:00,2.827,2.877,2.824,2.873,47503.6,135955.6219
2025-05-10 00:00:00,2.873,2.939,2.84,2.898,89387.3,259097.3299
2025-05-10 04:00:00,2.898,2.967,2.861,2.955,95385.4,277578.5597
2025-05-10 08:00:00,2.955,2.975,2.869,2.889,90770.9,265749.3377
2025-05-10 12:00:00,2.889,2.961,2.877,2.932,155781.1,455521.9718
2025-05-10 16:00:00,2.932,3.042,2.921,3.022,195396.1,586592.9457
2025-05-10 20:00:00,3.022,3.191,3.01,3.175,129512.4,402652.521
2025-05-11 00:00:00,3.175,3.223,3.081,3.158,134377.0,423200.0539
2025-05-11 04:00:00,3.158,3.23,3.055,3.099,127603.3,404242.9597
2025-05-11 08:00:00,3.099,3.135,3.049,3.126,68467.2,212806.0997
2025-05-11 12:00:00,3.126,3.141,3.044,3.075,45680.4,141514.1467
2025-05-11 16:00:00,3.075,3.15,3.035,3.122,33833.3,105425.2847
2025-05-11 20:00:00,3.122,3.146,3.092,3.131,55635.8,173360.3406
2025-05-12 00:00:00,3.131,3.17,3.067,3.156,82652.2,259383.8913
2025-05-12 04:00:00,3.156,3.233,3.093,3.181,149687.9,475044.2069
2025-05-12 08:00:00,3.181,3.241,3.102,3.115,145472.7,460696.2857
2025-05-12 12:00:00,3.115,3.188,3.049,3.092,711089.3,2226666.3074
2025-05-12 16:00:00,3.092,3.164,2.966,3.078,162111.6,492687.8404
2025-05-12 20:00:00,3.078,3.155,3.072,3.138,48542.4,151559.9054
2025-05-13 00:00:00,3.138,3.187,2.979,2.992,199073.8,606138.0677
2025-05-13 04:00:00,2.992,3.405,2.978,3.147,611122.9,1950239.3947
2025-05-13 08:00:00,3.147,3.312,3.147,3.194,262407.7,847738.2065
2025-05-13 12:00:00,3.194,3.227,3.133,3.182,221414.4,702979.9691
2025-05-13 16:00:00,3.182,3.32,3.182,3.308,64519.4,208900.9338
2025-05-13 20:00:00,3.308,3.317,3.256,3.264,114060.6,375321.2076
2025-05-14 00:00:00,3.264,3.679,3.264,3.507,1047197.0,3697391.5424
2025-05-14 04:00:00,3.507,3.529,3.447,3.456,390211.9,1362051.2113
2025-05-14 08:00:00,3.456,3.511,3.393,3.487,363251.8,1250600.0113
2025-05-14 12:00:00,3.487,3.5,3.322,3.361,266048.0,901907.6838
2025-05-14 16:00:00,3.361,3.389,3.323,3.35,112635.2,378808.907
2025-05-14 20:00:00,3.35,3.447,3.35,3.422,181105.5,617535.1556
2025-05-15 00:00:00,3.422,3.502,3.281,3.29,328013.8,1110408.6232
2025-05-15 04:00:00,3.29,3.306,3.12,3.125,265537.6,851764.3417
2025-05-15 08:00:00,3.125,3.194,3.095,3.151,145590.7,457838.1578
2025-05-15 12:00:00,3.151,3.167,3.003,3.127,258253.8,793063.2945
2025-05-15 16:00:00,3.127,3.174,3.05,3.075,95142.2,296172.3081
2025-05-15 20:00:00,3.075,3.087,2.987,3.048,115203.1,349645.7834
2025-05-16 00:00:00,3.048,3.101,3.01,3.077,115373.7,353701.7956
2025-05-16 04:00:00,3.077,3.087,3.04,3.064,71124.1,218174.1236
2025-05-16 08:00:00,3.064,3.132,3.028,3.101,116725.5,361440.0716
2025-05-16 12:00:00,3.101,3.138,3.075,3.136,101291.3,314906.9826
2025-05-16 16:00:00,3.136,3.148,3.075,3.104,92955.1,288666.5795
2025-05-16 20:00:00,3.104,3.104,2.982,3.018,93198.0,282698.3551
2025-05-17 00:00:00,3.018,3.031,2.872,2.924,190787.4,559927.6403
2025-05-17 04:00:00,2.924,2.965,2.893,2.904,51458.4,150727.3719
2025-05-17 08:00:00,2.904,2.934,2.87,2.92,40755.7,118366.9878
2025-05-17 12:00:00,2.92,2.961,2.883,2.954,37199.7,108387.9626
2025-05-17 16:00:00,2.954,2.958,2.882,2.911,65168.7,190071.049
2025-05-17 20:00:00,2.911,2.951,2.879,2.911,30072.2,87653.7584
2025-05-18 00:00:00,2.911,2.928,2.886,2.9,30415.6,88249.8189
2025-05-18 04:00:00,2.9,2.993,2.89,2.992,31567.3,93269.3244
2025-05-18 08:00:00,2.992,3.038,2.972,2.974,38884.4,117063.3702
2025-05-18 12:00:00,2.974,3.1,2.96,3.089,126800.7,386186.4758
2025-05-18 16:00:00,3.089,3.105,2.877,2.882,154317.0,456232.2623
2025-05-18 20:00:00,2.882,3.061,2.81,3.05,165714.7,482197.0761
2025-05-19 00:00:00,3.05,3.057,2.876,2.889,187007.2,552554.4304
2025-05-19 04:00:00,2.889,2.905,2.819,2.876,166818.8,476237.2046
2025-05-19 08:00:00,2.876,2.876,2.823,2.859,62613.3,178196.3293
2025-05-19 12:00:00,2.859,2.934,2.796,2.922,199966.4,565956.6812
2025-05-19 16:00:00,2.922,3.008,2.902,2.982,88240.2,261768.3099
2025-05-19 20:00:00,2.982,3.005,2.957,2.995,27899.1,83062.2321
2025-05-20 00:00:00,2.995,3.059,2.971,3.032,88271.9,267397.7319
2025-05-20 04:00:00,3.032,3.049,2.981,2.985,65473.3,197612.2773
2025-05-20 08:00:00,2.985,2.995,2.905,2.938,177670.5,524949.6743
2025-05-20 12:00:00,2.938,2.961,2.896,2.944,54676.6,159732.6302
2025-05-20 16:00:00,2.944,2.99,2.897,2.978,79369.5,233161.8471
2025-05-20 20:00:00,2.978,3.014,2.96,2.998,61630.5,184449.1873
2025-05-21 00:00:00,2.998,3.009,2.927,2.991,58714.6,174876.9895
2025-05-21 04:00:00,2.991,3.033,2.957,2.976,216831.3,649758.2713
2025-05-21 08:00:00,2.976,2.999,2.914,2.941,583767.9,1721788.68
2025-05-21 12:00:00,2.941,3.01,2.933,2.998,211755.4,628445.8595
2025-05-21 16:00:00,2.998,3.094,2.886,2.978,159363.7,473615.2206
2025-05-21 20:00:00,2.978,3.028,2.941,2.993,51952.3,154831.0123
2025-05-22 00:00:00,2.993,3.074,2.991,3.067,129593.4,393304.3183
2025-05-22 04:00:00,3.067,3.067,3.018,3.055,131550.6,400638.1812
2025-05-22 08:00:00,3.055,3.15,3.055,3.103,280285.3,872929.0498
2025-05-22 12:00:00,3.103,3.156,3.056,3.127,220642.8,686597.4912
2025-05-22 16:00:00,3.127,3.159,3.107,3.116,47098.0,147451.5305
2025-05-22 20:00:00,3.116,3.169,3.097,3.162,53457.1,167572.6832
2025-05-23 00:00:00,3.162,3.22,3.126,3.212,111830.0,354896.4669
2025-05-23 04:00:00,3.212,3.214,3.064,3.073,325967.6,1013923.3324
2025-05-23 08:00:00,3.073,3.142,2.961,2.989,451357.3,1361793.0173
2025-05-23 12:00:00,2.989,3.02,2.871,2.966,244387.6,719256.2779
2025-05-23 16:00:00,2.966,3.0,2.931,2.948,175567.0,520535.4393
2025-05-23 20:00:00,2.948,2.951,2.825,2.845,286427.0,836095.7548
2025-05-24 00:00:00,2.845,2.893,2.815,2.878,78523.0,223920.5731
2025-05-24 04:00:00,2.878,2.889,2.849,2.866,49807.7,142844.3978
2025-05-24 08:00:00,2.866,2.899,2.844,2.875,69621.8,200407.7864
2025-05-24 12:00:00,2.875,2.89,2.854,2.88,45881.0,131776.1464
2025-05-24 16:00:00,2.88,2.893,2.839,2.85,23793.5,68280.8746
2025-05-24 20:00:00,2.85,2.86,2.817,2.84,21243.6,60144.7932
2025-05-25 00:00:00,2.84,2.857,2.761,2.805,80058.3,223616.7221
2025-05-25 04:00:00,2.805,2.823,2.764,2.774,22878.1,63957.2509
2025-05-25 08:00:00,2.774,2.776,2.727,2.747,82470.6,226482.3955
2025-05-25 12:00:00,2.747,2.773,2.696,2.74,56875.9,155205.8683
2025-05-25 16:00:00,2.74,2.757,2.711,2.746,53856.9,146864.8165
2025-05-25 20:00:00,2.746,2.848,2.722,2.842,71199.8,198000.2974
2025-05-26 00:00:00,2.842,2.883,2.823,2.855,64450.4,183503.513
2025-05-26 04:00:00,2.855,2.888,2.848,2.88,75376.2,216142.0253
2025-05-26 08:00:00,2.88,2.884,2.838,2.843,72872.1,208557.8797
2025-05-26 12:00:00,2.843,2.855,2.792,2.84,62493.6,176908.7887
2025-05-26 16:00:00,2.84,2.857,2.778,2.792,42610.0,119690.8337
2025-05-26 20:00:00,2.792,2.829,2.784,2.809,64436.3,180781.4512
2025-05-27 00:00:00,2.809,2.816,2.73,2.799,108533.2,300340.1775
2025-05-27 04:00:00,2.799,2.87,2.78,2.861,81631.8,231037.8067
2025-05-27 08:00:00,2.861,2.895,2.861,2.879,50083.7,144148.5413
2025-05-27 12:00:00,2.879,2.923,2.834,2.886,124025.1,357233.6475
2025-05-27 16:00:00,2.886,2.927,2.883,2.895,104555.2,304690.8258
2025-05-27 20:00:00,2.895,2.912,2.86,2.875,23908.0,69085.3187
2025-05-28 00:00:00,2.875,2.905,2.85,2.895,17580.7,50631.9795
2025-05-28 04:00:00,2.895,2.895,2.849,2.866,27820.4,79843.459
2025-05-28 08:00:00,2.866,2.888,2.827,2.887,43732.8,124898.5548
2025-05-28 12:00:00,2.887,2.937,2.798,2.807,283533.3,805776.8932
2025-05-28 16:00:00,2.807,2.849,2.767,2.769,70161.5,197596.2252
2025-05-28 20:00:00,2.769,2.882,2.766,2.867,86920.4,243946.0534
2025-05-29 00:00:00,2.867,2.962,2.851,2.928,207813.8,604187.6991
2025-05-29 04:00:00,2.928,2.942,2.864,2.881,47134.6,136729.0153
2025-05-29 08:00:00,2.881,2.919,2.861,2.898,47980.7,138415.9743
2025-05-29 12:00:00,2.898,2.9,2.809,2.835,30241.8,86180.5107
2025-05-29 16:00:00,2.835,2.853,2.805,2.826,47746.7,135344.6023
2025-05-29 20:00:00,2.826,2.866,2.79,2.81,20072.3,56776.3682
2025-05-30 00:00:00,2.81,2.822,2.608,2.705,353170.2,952889.8913
2025-05-30 04:00:00,2.705,2.719,2.639,2.661,48445.2,130061.6475
2025-05-30 08:00:00,2.661,2.685,2.624,2.673,44266.3,117539.0186
2025-05-30 12:00:00,2.673,2.679,2.626,2.635,32382.4,85668.2241
2025-05-30 16:00:00,2.635,2.644,2.53,2.6,126643.9,324804.829
2025-05-30 20:00:00,2.6,2.602,2.459,2.476,100515.5,252189.7604
2025-05-31 00:00:00,2.476,2.489,2.408,2.481,111088.5,271800.2332
2025-05-31 04:00:00,2.481,2.504,2.446,2.498,28877.4,71703.6703
2025-05-31 08:00:00,2.498,2.502,2.466,2.474,48813.4,120997.446
2025-05-31 12:00:00,2.474,2.553,2.47,2.526,46598.8,117575.8416
2025-05-31 16:00:00,2.526,2.547,2.51,2.534,23706.7,59941.9746
2025-05-31 20:00:00,2.534,2.577,2.523,2.53,30331.6,77037.9933
2025-06-01 00:00:00,2.53,2.533,2.486,2.506,13964.2,35084.9834
2025-06-01 04:00:00,2.506,2.531,2.502,2.519,6509.1,16377.0113
2025-06-01 08:00:00,2.519,2.52,2.46,2.495,26958.5,66921.1792
2025-06-01 12:00:00,2.495,2.548,2.473,2.546,23228.1,58872.3801
2025-06-01 16:00:00,2.546,2.569,2.503,2.543,30080.6,76560.312
2025-06-01 20:00:00,2.543,2.568,2.54,2.557,11787.4,30107.715
2025-06-02 00:00:00,2.557,2.566,2.503,2.508,19171.4,48525.7156
2025-06-02 04:00:00,2.508,2.537,2.491,2.524,39240.3,98804.4949
2025-06-02 08:00:00,2.524,2.538,2.482,2.505,75743.1,189601.9903
2025-06-02 12:00:00,2.505,2.541,2.498,2.533,29962.2,75557.6608
2025-06-02 16:00:00,2.533,2.548,2.501,2.507,24791.6,62725.4161
2025-06-02 20:00:00,2.507,2.607,2.507,2.598,53498.5,137946.7842
2025-06-03 00:00:00,2.598,2.659,2.592,2.611,49746.0,130774.209
2025-06-03 04:00:00,2.611,2.628,2.595,2.616,19208.8,50173.3403
2025-06-03 08:00:00,2.616,2.629,2.594,2.61,14334.0,37439.0947
2025-06-03 12:00:00,2.61,2.648,2.607,2.624,23149.1,60920.3523
2025-06-03 16:00:00,2.624,2.63,2.598,2.62,18070.1,47289.2258
2025-06-03 20:00:00,2.62,2.62,2.557,2.573,40712.2,105037.5181
2025-06-04 00:00:00,2.573,2.605,2.558,2.593,33018.3,85414.4606
2025-06-04 04:00:00,2.593,2.612,2.541,2.545,223255.3,577173.7235
2025-06-04 08:00:00,2.545,2.579,2.507,2.513,180177.1,459659.3781
2025-06-04 12:00:00,2.513,2.537,2.482,2.519,109056.1,274345.0197
2025-06-04 16:00:00,2.519,2.533,2.462,2.464,108330.5,271114.5479
2025-06-04 20:00:00,2.464,2.47,2.425,2.455,108985.2,266880.8728
2025-06-05 00:00:00,2.455,2.474,2.446,2.462,20857.1,51380.7977
2025-06-05 04:00:00,2.462,2.502,2.436,2.476,52733.1,129950.7712
2025-06-05 08:00:00,2.476,2.496,2.461,2.484,35964.6,89193.3695
2025-06-05 12:00:00,2.484,2.511,2.44,2.479,52584.8,130202.5546
2025-06-05 16:00:00,2.479,2.479,2.331,2.363,155950.5,369909.6996
2025-06-05 20:00:00,2.363,2.363,2.271,2.316,314929.1,725224.9168
2025-06-06 00:00:00,2.316,2.356,2.311,2.356,38137.1,88917.0991
2025-06-06 04:00:00,2.356,2.369,2.347,2.359,26896.9,63395.5194
2025-06-06 08:00:00,2.359,2.368,2.348,2.353,23326.1,55054.5468
2025-06-06 12:00:00,2.353,2.438,2.353,2.414,141959.3,341041.4735
2025-06-06 16:00:00,2.414,2.429,2.37,2.377,21179.4,50763.9235
2025-06-06 20:00:00,2.377,2.404,2.368,2.371,36582.0,87092.8309
2025-06-07 00:00:00,2.371,2.429,2.369,2.424,23641.0,56815.4028
2025-06-07 04:00:00,2.424,2.446,2.409,2.437,24749.2,60011.7601
2025-06-07 08:00:00,2.437,2.446,2.424,2.434,31822.1,77544.1675
2025-06-07 12:00:00,2.434,2.457,2.432,2.44,51383.2,125649.9593
2025-06-07 16:00:00,2.44,2.448,2.415,2.431,53755.9,130654.8783
2025-06-07 20:00:00,2.431,2.457,2.431,2.45,22826.2,55760.9451
2025-06-08 00:00:00,2.45,2.45,2.424,2.424,65676.3,160116.5269
2025-06-08 04:00:00,2.424,2.431,2.396,2.399,79583.4,192074.9134
2025-06-08 08:00:00,2.399,2.418,2.377,2.413,116088.0,278135.93
2025-06-08 12:00:00,2.413,2.427,2.381,2.39,108904.6,261177.1361
2025-06-08 16:00:00,2.39,2.428,2.387,2.427,43205.1,103838.6557
2025-06-08 20:00:00,2.427,2.448,2.397,2.4,85925.9,208789.2081
2025-06-09 00:00:00,2.4,2.403,2.374,2.382,49170.3,117334.7318
2025-06-09 04:00:00,2.382,2.403,2.361,2.4,135142.4,321973.5661
2025-06-09 08:00:00,2.4,2.435,2.379,2.43,223977.6,540219.1428
2025-06-09 12:00:00,2.43,2.434,2.394,2.423,137576.6,332671.8428
2025-06-09 16:00:00,2.423,2.48,2.423,2.474,55705.3,137026.2402
2025-06-09 20:00:00,2.474,2.558,2.474,2.551,125350.0,317193.6909
2025-06-10 00:00:00,2.551,2.606,2.544,2.559,77362.4,198966.0499
2025-06-10 04:00:00,2.559,2.57,2.523,2.539,56281.5,142841.0565
2025-06-10 08:00:00,2.539,2.623,2.528,2.622,79567.5,204553.6755
2025-06-10 12:00:00,2.622,2.641,2.552,2.583,94010.4,245149.213
2025-06-10 16:00:00,2.583,2.638,2.58,2.619,71842.2,188794.5561
2025-06-10 20:00:00,2.619,2.773,2.606,2.695,499780.4,1357678.7056
2025-06-11 00:00:00,2.695,2.744,2.657,2.715,356172.5,959434.1618
2025-06-11 04:00:00,2.715,2.855,2.695,2.783,476751.2,1326895.7701
2025-06-11 08:00:00,2.783,2.799,2.677,2.689,380384.9,1038400.8581
2025-06-11 12:00:00,2.689,2.773,2.673,2.763,255823.7,695876.4423
2025-06-11 16:00:00,2.763,2.785,2.641,2.658,254034.7,683903.5155
2025-06-11 20:00:00,2.658,2.672,2.552,2.581,224533.6,584726.4862
2025-06-12 00:00:00,2.581,2.585,2.513,2.53,221229.8,563823.1507
2025-06-12 04:00:00,2.53,2.532,2.494,2.499,207805.4,522802.8946
2025-06-12 08:00:00,2.499,2.514,2.438,2.457,111752.0,276683.7074
2025-06-12 12:00:00,2.457,2.518,2.451,2.463,94993.6,236198.8762
2025-06-12 16:00:00,2.463,2.519,2.419,2.431,73105.3,180161.9371
2025-06-12 20:00:00,2.431,2.444,2.4,2.424,67154.9,162730.6104
2025-06-13 00:00:00,2.424,2.424,2.228,2.32,327468.3,749388.7352
2025-06-13 04:00:00,2.32,2.321,2.268,2.297,39805.6,91550.4251
2025-06-13 08:00:00,2.297,2.316,2.28,2.304,51085.5,117154.4608
2025-06-13 12:00:00,2.304,2.334,2.276,2.325,42774.0,98601.8337
2025-06-13 16:00:00,2.325,2.346,2.286,2.302,33401.6,77162.1884
2025-06-13 20:00:00,2.302,2.348,2.298,2.337,22242.8,51819.1095
2025-06-14 00:00:00,2.337,2.343,2.319,2.335,43669.8,101833.7108
2025-06-14 04:00:00,2.335,2.348,2.321,2.332,32163.9,75145.8087
2025-06-14 08:00:00,2.332,2.346,2.32,2.345,10698.8,24886.6812
2025-06-14 12:00:00,2.345,2.352,2.31,2.32,38357.1,89511.2243
2025-06-14 16:00:00,2.32,2.327,2.27,2.297,36202.1,83370.6945
2025-06-14 20:00:00,2.297,2.333,2.278,2.322,81082.1,188336.7281
2025-06-15 00:00:00,2.322,2.338,2.32,2.33,9709.7,22644.3986
2025-06-15 04:00:00,2.33,2.348,2.308,2.313,24234.3,56490.9208
2025-06-15 08:00:00,2.313,2.318,2.297,2.306,12523.0,28870.6546
2025-06-15 12:00:00,2.306,2.335,2.302,2.314,16259.2,37727.8553
2025-06-15 16:00:00,2.314,2.32,2.284,2.291,26586.6,61277.1327
2025-06-15 20:00:00,2.291,2.317,2.264,2.314,45397.0,103492.4549
2025-06-16 00:00:00,2.314,2.339,2.286,2.326,43948.7,102270.5632
2025-06-16 04:00:00,2.326,2.389,2.323,2.386,31038.0,73296.8172
2025-06-16 08:00:00,2.386,2.407,2.369,2.386,26996.6,64334.081
2025-06-16 12:00:00,2.386,2.428,2.367,2.408,37506.1,90324.0786
2025-06-16 16:00:00,2.408,2.447,2.408,2.443,31335.2,76181.2033
2025-06-16 20:00:00,2.443,2.453,2.348,2.348,93839.9,225565.3543
2025-06-17 00:00:00,2.348,2.377,2.295,2.363,238920.5,563142.5587
2025-06-17 04:00:00,2.363,2.366,2.321,2.328,42857.9,100275.8699
2025-06-17 08:00:00,2.328,2.328,2.29,2.298,42704.86168,98512.17082805
2025-06-17 12:00:00,2.298,2.317,2.242,2.269,110965.80128,251784.0324866
2025-06-17 16:00:00,2.269,2.304,2.223,2.289,182322.9578,410976.04598094
2025-06-17 20:00:00,2.289,2.299,2.246,2.265,52317.18406,118498.23735238
2025-06-18 00:00:00,2.265,2.286,2.25,2.281,42324.73629,96131.70079076
2025-06-18 04:00:00,2.281,2.301,2.275,2.28,54999.43073,125787.21741275
2025-06-18 08:00:00,2.28,2.292,2.213,2.246,187897.79083,422395.49018048
2025-06-18 12:00:00,2.246,2.267,2.19,2.241,113396.58131,251827.57498052
2025-06-18 16:00:00,2.241,2.26,2.204,2.223,38935.42761,86773.21112224
2025-06-18 20:00:00,2.223,2.283,2.206,2.261,65195.22113,147356.78819182
2025-06-19 00:00:00,2.261,2.288,2.235,2.252,29121.68811,65670.25427331
2025-06-19 04:00:00,2.252,2.269,2.235,2.244,13040.74562,29334.85147966
2025-06-19 08:00:00,2.244,2.255,2.234,2.238,43191.84199,96796.96478861
2025-06-19 12:00:00,2.238,2.243,2.207,2.22,82301.09472,182905.47624825
2025-06-19 16:00:00,2.22,2.246,2.197,2.226,45486.53928,101083.3134875
2025-06-19 20:00:00,2.226,2.25,2.22,2.239,52412.46721,117162.63034385
2025-06-20 00:00:00,2.239,2.253,2.227,2.237,24208.52638,54176.44530066
2025-06-20 04:00:00,2.237,2.273,2.215,2.271,79778.17983,179037.79317813
2025-06-20 08:00:00,2.271,2.297,2.267,2.295,135572.33532,308883.73816037
2025-06-20 12:00:00,2.295,2.308,2.23,2.237,311459.93993,709978.25759291
2025-06-20 16:00:00,2.237,2.237,2.13,2.198,173592.83967,377310.89830688
2025-06-20 20:00:00,2.198,2.226,2.166,2.191,59364.31927,130835.98611862
2025-06-21 00:00:00,2.191,2.225,2.188,2.218,26026.21884,57568.60346341
2025-06-21 04:00:00,2.218,2.231,2.214,2.226,38679.42654,86067.94813483
2025-06-21 08:00:00,2.226,2.229,2.213,2.218,37072.71055,82280.27352033
2025-06-21 12:00:00,2.218,2.219,2.159,2.174,92563.46519,202047.03106673
2025-06-21 16:00:00,2.174,2.179,2.126,2.129,94575.78952,203558.98554876
2025-06-21 20:00:00,2.129,2.144,2.034,2.1,208581.65005,436095.62975708
2025-06-22 00:00:00,2.1,2.121,2.047,2.061,45338.14691,94528.70554942
2025-06-22 04:00:00,2.061,2.099,2.054,2.076,125535.74727,261277.24987159
2025-06-22 08:00:00,2.076,2.081,2.031,2.068,112514.33772,231775.37623482
2025-06-22 12:00:00,2.068,2.078,1.959,1.982,368354.84925,735090.87436166
2025-06-22 16:00:00,1.982,2.009,1.966,1.972,39824.89178,78930.64493908
2025-06-22 20:00:00,1.972,2.046,1.913,2.036,95759.81089,188846.01029111
2025-06-23 00:00:00,2.036,2.065,2.034,2.046,87276.44107,178761.15489682
2025-06-23 04:00:00,2.046,2.088,2.046,2.071,27101.07553,55885.92246073
2025-06-23 08:00:00,2.071,2.08,2.057,2.069,64297.34521,132697.02538246
2025-06-23 12:00:00,2.069,2.145,2.061,2.103,258912.51123,539085.37801534
2025-06-23 16:00:00,2.103,2.163,2.048,2.16,178944.1067,375898.25618247
2025-06-23 20:00:00,2.16,2.262,2.16,2.251,163839.88036,364946.72652083
2025-06-24 00:00:00,2.251,2.266,2.241,2.25,199085.13461,447637.41306773
2025-06-24 04:00:00,2.25,2.303,2.25,2.27,29830.82757,68004.28763996
2025-06-24 08:00:00,2.27,2.283,2.246,2.254,82850.59425,187371.88831742
2025-06-24 12:00:00,2.254,2.269,2.241,2.251,41521.40952,93618.71546026
2025-06-24 16:00:00,2.251,2.294,2.238,2.25,46490.4663,105091.12744802
2025-06-24 20:00:00,2.25,2.284,2.246,2.284,24818.65804,56237.40153936
2025-06-25 00:00:00,2.284,2.293,2.26,2.272,95138.51989,216463.97188804
2025-06-25 04:00:00,2.272,2.28,2.257,2.274,15198.0842,34477.6405696
2025-06-25 08:00:00,2.274,2.28,2.239,2.266,98959.88897,222891.61615977
2025-06-25 12:00:00,2.266,2.289,2.22,2.223,180362.3159,405673.66637465
2025-06-25 16:00:00,2.223,2.235,2.194,2.224,186345.85423,413203.27228866
2025-06-25 20:00:00,2.224,2.249,2.206,2.222,132798.26036,295416.13095244
2025-06-26 00:00:00,2.222,2.28,2.22,2.247,47620.29222,107268.79645657
2025-06-26 04:00:00,2.247,2.263,2.217,2.25,79266.52914,177720.25662996
2025-06-26 08:00:00,2.25,2.26,2.209,2.209,108227.37904,240177.64395034
2025-06-26 12:00:00,2.209,2.21,2.142,2.182,261502.25949,569746.19493848
2025-06-26 16:00:00,2.182,2.182,2.141,2.169,76522.41248,165034.57908929
2025-06-26 20:00:00,2.169,2.197,2.149,2.16,78109.76079,169644.26617561
2025-06-27 00:00:00,2.16,2.186,2.125,2.185,166409.76317,358386.21271747
2025-06-27 04:00:00,2.185,2.195,2.156,2.161,112244.81475,243990.02121244
2025-06-27 08:00:00,2.161,2.189,2.148,2.154,89655.587,194073.50192317
2025-06-27 12:00:00,2.154,2.168,2.123,2.166,239808.97865,514325.70782461
2025-06-27 16:00:00,2.166,2.193,2.12,2.14,66522.55667,142542.10719028
2025-06-27 20:00:00,2.14,2.178,2.137,2.174,59788.19966,129204.46952413
2025-06-28 00:00:00,2.174,2.175,2.16,2.16,13851.43555,30015.14852156
2025-06-28 04:00:00,2.16,2.167,2.151,2.167,32150.44867,69382.94658504
2025-06-28 08:00:00,2.167,2.172,2.152,2.162,18953.9927,40978.31094008
2025-06-28 12:00:00,2.162,2.178,2.149,2.178,73077.46158,157647.67127104
2025-06-28 16:00:00,2.178,2.199,2.173,2.189,74064.65662,162148.02516687
2025-06-28 20:00:00,2.189,2.216,2.181,2.206,73256.08959,161186.36226891
2025-06-29 00:00:00,2.206,2.223,2.192,2.198,61753.14805,136155.16351799
2025-06-29 04:00:00,2.198,2.236,2.196,2.235,49549.8297,109951.8931697
2025-06-29 08:00:00,2.235,2.264,2.233,2.259,48154.24389,108176.18826561
2025-06-29 12:00:00,2.259,2.264,2.23,2.239,68159.01688,153360.75790121
2025-06-29 16:00:00,2.239,2.259,2.236,2.255,39422.67543,88595.41736256
2025-06-29 20:00:00,2.255,2.358,2.238,2.335,204890.05465,471205.70675641
2025-06-30 00:00:00,2.335,2.351,2.294,2.298,230179.89465,535449.91146542
2025-06-30 04:00:00,2.298,2.299,2.253,2.288,174875.6046,398738.49960248
2025-06-30 08:00:00,2.288,2.288,2.239,2.241,54979.10398,124240.39679876
2025-06-30 12:00:00,2.241,2.248,2.205,2.231,167782.15655,373389.27245065
2025-06-30 16:00:00,2.231,2.266,2.219,2.266,107544.19256,240856.64230095
2025-06-30 20:00:00,2.266,2.273,2.244,2.253,42638.77067,96222.05289144
2025-07-01 00:00:00,2.253,2.256,2.229,2.231,99434.44485,223147.15869458
2025-07-01 04:00:00,2.231,2.233,2.172,2.198,215530.94211,473321.97206571
2025-07-01 08:00:00,2.198,2.198,2.156,2.164,182955.19867,397593.54090892
2025-07-01 12:00:00,2.164,2.17,2.139,2.149,171585.59102,369509.68120022
2025-07-01 16:00:00,2.149,2.161,2.124,2.127,235663.91162,503993.44937499
2025-07-01 20:00:00,2.127,2.144,2.113,2.125,124440.87914,264300.98096719
2025-07-02 00:00:00,2.125,2.15,2.107,2.143,245266.10708,523608.72895626
2025-07-02 04:00:00,2.143,2.183,2.138,2.167,343389.63381,743165.38102254
2025-07-02 08:00:00,2.167,2.188,2.154,2.17,165767.70981,358643.57016243
2025-07-02 12:00:00,2.17,2.227,2.16,2.227,165637.56542,362357.71268438
2025-07-02 16:00:00,2.227,2.367,2.227,2.361,569416.55868,1320906.6619492
2025-07-02 20:00:00,2.361,2.38,2.314,2.319,158419.16724,372848.09573368
2025-07-03 00:00:00,2.319,2.341,2.316,2.321,66557.78539,154740.24583025
2025-07-03 04:00:00,2.321,2.387,2.317,2.37,116399.30648,274592.32557497
2025-07-03 08:00:00,2.37,2.383,2.332,2.332,193979.52684,457735.92008196
2025-07-03 12:00:00,2.332,2.35,2.281,2.288,255158.22883,591565.1727972
2025-07-03 16:00:00,2.288,2.31,2.287,2.31,137363.38996,315643.44500848
2025-07-03 20:00:00,2.31,2.329,2.306,2.308,101798.19906,235936.61470222
2025-07-04 00:00:00,2.308,2.32,2.274,2.28,200223.74623,458125.98894389
2025-07-04 04:00:00,2.28,2.285,2.214,2.216,113331.09313,254445.87160617
2025-07-04 08:00:00,2.216,2.24,2.196,2.215,120138.39086,266234.34824243
2025-07-04 12:00:00,2.215,2.217,2.162,2.164,222602.82812,488755.41288816
2025-07-04 16:00:00,2.164,2.164,2.121,2.123,170257.7719,364660.25063624
2025-07-04 20:00:00,2.123,2.155,2.11,2.146,77009.98317,164310.16413927
2025-07-05 00:00:00,2.146,2.165,2.133,2.159,84252.16087,181243.20970768
2025-07-05 04:00:00,2.159,2.17,2.14,2.156,34608.2774,74575.07948806
2025-07-05 08:00:00,2.156,2.163,2.139,2.151,47332.35852,101858.27105394
2025-07-05 12:00:00,2.151,2.153,2.131,2.135,85169.69454,182073.13969018
2025-07-05 16:00:00,2.135,2.155,2.104,2.122,125501.19389,265965.50188552
2025-07-05 20:00:00,2.122,2.152,2.118,2.147,76083.36068,162450.71247878
2025-07-06 00:00:00,2.147,2.152,2.132,2.135,48130.3473,102996.9424438
2025-07-06 04:00:00,2.135,2.156,2.129,2.144,30815.09122,66018.88147369
2025-07-06 08:00:00,2.144,2.152,2.132,2.151,80837.1298,173293.48461263
2025-07-06 12:00:00,2.151,2.196,2.141,2.177,205399.65987,446811.88971485
2025-07-06 16:00:00,2.177,2.192,2.162,2.169,34215.7814,74558.09107149
2025-07-06 20:00:00,2.169,2.207,2.164,2.173,317847.10992,698187.93138345
2025-07-07 00:00:00,2.173,2.198,2.16,2.181,146300.2938,319021.84983581
2025-07-07 04:00:00,2.181,2.19,2.15,2.18,103290.2779,223684.47351617
2025-07-07 08:00:00,2.18,2.183,2.135,2.149,239303.52498,514655.75087585
2025-07-07 12:00:00,2.149,2.173,2.116,2.131,545512.632,1168726.00350298
2025-07-07 16:00:00,2.131,2.142,2.099,2.127,149436.68226,316738.57172266
2025-07-07 20:00:00,2.127,2.132,2.101,2.131,93019.52318,196459.90061679
2025-07-08 00:00:00,2.131,2.139,2.105,2.111,88125.64405,186297.15662202
2025-07-08 04:00:00,2.111,2.117,2.102,2.112,45712.16051,96495.14211437
2025-07-08 08:00:00,2.112,2.147,2.102,2.136,74288.59558,158017.61691396
2025-07-08 12:00:00,2.136,2.154,2.115,2.118,84904.76172,180717.69257595
2025-07-08 16:00:00,2.118,2.179,2.118,2.168,184833.9618,400825.12797964
2025-07-08 20:00:00,2.168,2.171,2.155,2.162,59820.89336,129496.27686161
2025-07-09 00:00:00,2.162,2.167,2.135,2.146,118988.23614,255439.04287798
2025-07-09 04:00:00,2.146,2.189,2.138,2.187,175444.95951,380767.37992263
2025-07-09 08:00:00,2.187,2.211,2.175,2.202,277332.47991,607780.81724693
2025-07-09 12:00:00,2.202,2.213,2.18,2.197,398967.83884,874574.47971737
2025-07-09 16:00:00,2.197,2.268,2.195,2.267,188612.72741,421190.3708003
2025-07-09 20:00:00,2.267,2.31,2.258,2.292,174422.50285,399075.18626191
2025-07-10 00:00:00,2.292,2.314,2.272,2.292,203604.82552,467923.89216436
2025-07-10 04:00:00,2.292,2.304,2.275,2.289,101227.37505,231821.54920489
2025-07-10 08:00:00,2.289,2.303,2.281,2.295,195186.81986,448013.54262722
2025-07-10 12:00:00,2.295,2.308,2.275,2.278,86612.11922,198291.60618025
2025-07-10 16:00:00,2.278,2.368,2.278,2.35,141162.09836,329742.66578489
2025-07-10 20:00:00,2.35,2.475,2.35,2.46,445694.19534,1089993.19880497
2025-07-11 00:00:00,2.46,2.511,2.416,2.506,258575.56627,636918.24219374
2025-07-11 04:00:00,2.506,2.567,2.49,2.493,313752.04446,789567.53723302
2025-07-11 08:00:00,2.493,2.6,2.493,2.517,792731.74586,2034058.91968207
2025-07-11 12:00:00,2.517,2.577,2.49,2.505,385271.67364,976030.92314855
2025-07-11 16:00:00,2.505,2.564,2.494,2.557,122531.876,309788.69540194
2025-07-11 20:00:00,2.557,2.558,2.418,2.458,297411.80343,734385.43045499
2025-07-12 00:00:00,2.458,2.501,2.416,2.483,234287.05018,578130.55388976
2025-07-12 04:00:00,2.483,2.514,2.422,2.513,285199.33033,703807.26013713
2025-07-12 08:00:00,2.513,2.52,2.479,2.508,292452.08407,732009.67514909
2025-07-12 12:00:00,2.508,2.519,2.381,2.402,303983.44106,738281.88660919
2025-07-12 16:00:00,2.402,2.461,2.396,2.451,353988.43771,865051.11989934
2025-07-12 20:00:00,2.451,2.465,2.414,2.461,115746.76212,281433.8980055
2025-07-13 00:00:00,2.461,2.485,2.442,2.468,74571.6861,183879.77064608
2025-07-13 04:00:00,2.468,2.516,2.452,2.505,165924.09287,413328.36480188
2025-07-13 08:00:00,2.505,2.511,2.474,2.505,211065.90775,526555.96482511
2025-07-13 12:00:00,2.505,2.598,2.494,2.547,479315.97123,1220188.58655082
2025-07-13 16:00:00,2.547,2.564,2.504,2.538,268484.13017,680633.44955172
2025-07-13 20:00:00,2.538,2.562,2.483,2.51,143849.77835,360516.53329143
2025-07-14 00:00:00,2.51,2.592,2.503,2.573,173764.59566,442602.44289437
2025-07-14 04:00:00,2.573,2.631,2.544,2.59,221857.0529,574407.62250757
2025-07-14 08:00:00,2.59,2.593,2.536,2.55,432453.71035,1106351.65528531
2025-07-14 12:00:00,2.55,2.57,2.454,2.478,941098.74047,2383783.53279914
2025-07-14 16:00:00,2.478,2.495,2.403,2.433,792360.65514,1930483.52596735
2025-07-14 20:00:00,2.433,2.459,2.363,2.452,1721243.5947,4144899.37286089
2025-07-15 00:00:00,2.452,2.473,2.366,2.386,383630.58611,925471.42858924
2025-07-15 04:00:00,2.386,2.441,2.362,2.409,321744.34926,770397.58868173
2025-07-15 08:00:00,2.409,2.421,2.382,2.413,172091.79508,411540.22425013
2025-07-15 12:00:00,2.413,2.48,2.39,2.457,342561.97997,833665.78542577
2025-07-15 16:00:00,2.457,2.55,2.457,2.475,246047.97588,616940.57107124
2025-07-15 20:00:00,2.475,2.567,2.469,2.56,328395.68036,830778.0842785
2025-07-16 00:00:00,2.56,2.59,2.526,2.531,295409.87892,758032.40273057
2025-07-16 04:00:00,2.531,2.603,2.517,2.601,121974.46248,312271.8641042
2025-07-16 08:00:00,2.601,2.614,2.557,2.567,714336.54076,1848375.68568145
2025-07-16 12:00:00,2.567,2.609,2.546,2.577,611738.96608,1574742.00998897
2025-07-16 16:00:00,2.577,2.671,2.574,2.64,573381.35505,1510681.70332667
2025-07-16 20:00:00,2.64,2.691,2.611,2.629,307970.32087,814087.28768394
2025-07-17 00:00:00,2.629,2.66,2.547,2.571,825494.50728,2130229.42311464
2025-07-17 04:00:00,2.571,2.635,2.557,2.62,686227.64662,1790950.41543512
2025-07-17 08:00:00,2.62,2.667,2.613,2.629,455173.57003,1200075.45274682
2025-07-17 12:00:00,2.629,2.666,2.582,2.623,1017997.5421,2663190.60475506
2025-07-17 16:00:00,2.623,2.633,2.55,2.578,471378.88245,1223361.48373632
2025-07-17 20:00:00,2.578,2.68,2.538,2.647,384561.86543,1004414.53821081
2025-07-18 00:00:00,2.647,2.726,2.629,2.725,430295.9472,1159633.34317179
2025-07-18 04:00:00,2.725,2.827,2.72,2.758,369187.58339,1026803.12683083
2025-07-18 08:00:00,2.758,2.805,2.725,2.765,502834.94661,1388826.96571527
2025-07-18 12:00:00,2.765,2.82,2.663,2.689,916369.45408,2523186.66020372
2025-07-18 16:00:00,2.689,2.738,2.654,2.672,310168.38357,835323.07234559
2025-07-18 20:00:00,2.672,2.674,2.583,2.643,319203.51297,839249.38387849
2025-07-19 00:00:00,2.643,2.705,2.573,2.694,377353.30354,990204.80202501
2025-07-19 04:00:00,2.694,2.729,2.658,2.663,367699.96754,990105.38600733
2025-07-19 08:00:00,2.663,2.67,2.613,2.617,188829.95713,497318.20227814
2025-07-19 12:00:00,2.617,2.626,2.557,2.592,314479.75926,817163.37325731
2025-07-19 16:00:00,2.592,2.69,2.582,2.679,314772.25824,828676.00837683
2025-07-19 20:00:00,2.679,2.713,2.652,2.708,403373.67694,1084858.34834065
2025-07-20 00:00:00,2.708,2.753,2.697,2.727,173842.51286,472563.14398721
2025-07-20 04:00:00,2.727,2.776,2.715,2.758,143890.9181,395812.56097331
2025-07-20 08:00:00,2.758,2.801,2.758,2.793,134363.03006,373192.88670177
2025-07-20 12:00:00,2.793,2.852,2.774,2.847,139814.42209,391488.65076634
2025-07-20 16:00:00,2.847,2.887,2.833,2.841,385410.60143,1100825.32727799
2025-07-20 20:00:00,2.841,2.856,2.755,2.821,347932.87874,981205.83744237
2025-07-21 00:00:00,2.821,2.892,2.763,2.885,179854.43705,505037.30754882
2025-07-21 04:00:00,2.885,2.89,2.835,2.873,124452.65971,356962.72317294
2025-07-21 08:00:00,2.873,2.906,2.835,2.87,493445.74725,1414736.63320284
2025-07-21 12:00:00,2.87,2.921,2.843,2.896,300078.8,870209.5166
2025-07-21 16:00:00,2.896,2.937,2.822,2.839,390168.8,1121414.873
2025-07-21 20:00:00,2.839,2.903,2.827,2.881,109536.8,314254.881
2025-07-22 00:00:00,2.881,2.901,2.772,2.808,294815.0,834713.0592
2025-07-22 04:00:00,2.808,2.814,2.741,2.768,310477.4,861759.4982
2025-07-22 08:00:00,2.768,2.795,2.691,2.778,657892.0,1791232.8112
2025-07-22 12:00:00,2.778,2.84,2.715,2.826,286166.0,795816.696
2025-07-22 16:00:00,2.826,2.864,2.785,2.796,386661.6,1096006.097
2025-07-22 20:00:00,2.796,2.9,2.79,2.898,208143.4,595303.974
2025-07-23 00:00:00,2.898,2.909,2.827,2.841,192073.6,549758.0722
2025-07-23 04:00:00,2.841,2.922,2.835,2.854,297627.8,853933.6334
2025-07-23 08:00:00,2.854,2.889,2.771,2.799,315233.0,882001.4104
2025-07-23 12:00:00,2.799,2.808,2.608,2.674,962938.6,2567344.2704
2025-07-23 16:00:00,2.674,2.676,2.56,2.6,368655.6,961002.107
2025-07-23 20:00:00,2.6,2.616,2.502,2.59,465219.8,1192315.3026
2025-07-24 00:00:00,2.59,2.624,2.577,2.588,117010.8,303714.994
2025-07-24 04:00:00,2.588,2.6,2.404,2.48,509472.6,1263135.52
2025-07-24 08:00:00,2.48,2.542,2.468,2.535,156491.8,390659.0638
2025-07-24 12:00:00,2.535,2.614,2.481,2.572,145555.2,370696.3406
2025-07-24 16:00:00,2.572,2.6,2.512,2.567,209370.2,535677.3974
2025-07-24 20:00:00,2.567,2.599,2.504,2.508,175985.4,447867.8578
2025-07-25 00:00:00,2.508,2.535,2.436,2.471,160189.4,398155.4092
2025-07-25 04:00:00,2.471,2.511,2.443,2.481,162514.8,403448.9024
2025-07-25 08:00:00,2.481,2.58,2.48,2.568,96180.6,244707.168
2025-07-25 12:00:00,2.568,2.583,2.46,2.491,199071.0,501082.9932
2025-07-25 16:00:00,2.491,2.535,2.481,2.517,116980.2,294148.7526
2025-07-25 20:00:00,2.517,2.607,2.516,2.601,143378.2,369162.5754
2025-07-26 00:00:00,2.601,2.615,2.578,2.605,69858.8,180949.4448
2025-07-26 04:00:00,2.605,2.607,2.587,2.597,40389.4,104883.644
2025-07-26 08:00:00,2.597,2.617,2.593,2.598,53984.4,140623.1426
2025-07-26 12:00:00,2.598,2.613,2.584,2.601,114302.6,296924.9364
2025-07-26 16:00:00,2.601,2.636,2.584,2.633,149407.4,390130.9474
2025-07-26 20:00:00,2.633,2.633,2.587,2.591,97638.8,254419.179
2025-07-27 00:00:00,2.591,2.636,2.585,2.606,89703.2,234551.3746
2025-07-27 04:00:00,2.606,2.639,2.604,2.62,86407.4,226141.8098
2025-07-27 08:00:00,2.62,2.631,2.58,2.605,191797.8,499294.589
2025-07-27 12:00:00,2.605,2.63,2.579,2.602,233932.2,608172.3264
2025-07-27 16:00:00,2.602,2.645,2.602,2.62,173006.2,454029.7736
2025-07-27 20:00:00,2.62,2.675,2.616,2.656,116032.4,307300.2268
2025-07-28 00:00:00,2.656,2.68,2.614,2.665,73803.0,195697.126
2025-07-28 04:00:00,2.665,2.708,2.65,2.665,489477.6,1310689.3612
2025-07-28 08:00:00,2.665,2.693,2.652,2.664,124815.6,333208.2384
2025-07-28 12:00:00,2.664,2.672,2.517,2.537,331773.8,856916.7856
2025-07-28 16:00:00,2.537,2.545,2.469,2.49,272576.0,681696.6842
2025-07-28 20:00:00,2.49,2.496,2.429,2.456,307548.4,755680.8896
2025-07-29 00:00:00,2.456,2.475,2.397,2.447,196365.6,478643.9626
2025-07-29 04:00:00,2.447,2.527,2.428,2.524,528845.4,1296060.846
2025-07-29 08:00:00,2.524,2.524,2.43,2.451,144071.6,358412.8826
2025-07-29 12:00:00,2.451,2.49,2.399,2.422,316138.6,770540.096
2025-07-29 16:00:00,2.422,2.43,2.375,2.393,226794.8,545427.947
2025-07-29 20:00:00,2.393,2.427,2.365,2.422,235862.4,562970.089
2025-07-30 00:00:00,2.422,2.43,2.377,2.407,66268.0,159384.2906
2025-07-30 04:00:00,2.407,2.417,2.378,2.386,86121.8,206409.7092
2025-07-30 08:00:00,2.386,2.409,2.321,2.339,176134.4,415971.5928
2025-07-30 12:00:00,2.339,2.401,2.317,2.387,480794.0,1141495.4262
2025-07-30 16:00:00,2.387,2.416,2.262,2.369,589984.4,1372705.54
2025-07-30 20:00:00,2.369,2.405,2.353,2.395,84202.2,200062.5292
2025-07-31 00:00:00,2.395,2.445,2.39,2.437,115607.0,279979.499
2025-07-31 04:00:00,2.437,2.457,2.434,2.449,79728.2,195056.7118
2025-07-31 08:00:00,2.449,2.466,2.416,2.426,88073.4,215271.128
2025-07-31 12:00:00,2.426,2.428,2.339,2.373,221949.6,528544.4024
2025-07-31 16:00:00,2.373,2.424,2.347,2.353,110004.0,262588.046
2025-07-31 20:00:00,2.353,2.356,2.258,2.27,364670.6,841643.6954
2025-08-01 00:00:00,2.27,2.288,2.215,2.286,310501.4,702155.8234
2025-08-01 04:00:00,2.286,2.286,2.221,2.234,130431.0,292847.4952
2025-08-01 08:00:00,2.234,2.236,2.181,2.226,182723.8,403653.229
2025-08-01 12:00:00,2.226,2.262,2.171,2.252,204566.6,455559.9272
2025-08-01 16:00:00,2.252,2.263,2.194,2.248,113997.4,254689.1134
2025-08-01 20:00:00,2.248,2.255,2.13,2.216,472991.4,1032956.9664
2025-08-02 00:00:00,2.216,2.242,2.209,2.238,118963.8,265540.0454
2025-08-02 04:00:00,2.238,2.245,2.171,2.228,280882.4,621294.9316
2025-08-02 08:00:00,2.228,2.23,2.182,2.207,99757.6,219794.0942
2025-08-02 12:00:00,2.207,2.21,2.163,2.167,162700.4,356110.8636
2025-08-02 16:00:00,2.167,2.198,2.117,2.142,218789.4,470587.98
2025-08-02 20:00:00,2.142,2.172,2.14,2.164,112286.4,241844.5628
2025-08-03 00:00:00,2.164,2.208,2.138,2.198,57386.6,125275.5684
2025-08-03 04:00:00,2.198,2.218,2.187,2.216,35961.0,79172.1456
2025-08-03 08:00:00,2.216,2.256,2.212,2.246,188655.4,421791.0734
2025-08-03 12:00:00,2.246,2.25,2.219,2.241,135310.8,302056.7878
2025-08-03 16:00:00,2.241,2.249,2.225,2.239,100855.2,225834.5246
2025-08-03 20:00:00,2.239,2.265,2.234,2.251,53131.2,119569.5466
2025-08-04 00:00:00,2.251,2.298,2.248,2.276,133976.6,305660.9168
2025-08-04 04:00:00,2.276,2.285,2.264,2.278,62068.8,141240.9124
2025-08-04 08:00:00,2.278,2.286,2.267,2.271,86205.8,196366.9988
2025-08-04 12:00:00,2.271,2.32,2.262,2.301,319194.4,735089.8818
2025-08-04 16:00:00,2.301,2.352,2.301,2.308,100715.2,234160.1004
2025-08-04 20:00:00,2.308,2.351,2.306,2.34,146576.8,342803.735
2025-08-05 00:00:00,2.34,2.347,2.302,2.302,79170.2,183770.5458
2025-08-05 04:00:00,2.302,2.312,2.253,2.256,223158.8,509109.6234
2025-08-05 08:00:00,2.256,2.338,2.255,2.333,278302.0,640610.5294
2025-08-05 12:00:00,2.333,2.336,2.233,2.239,569852.4,1299250.0558
2025-08-05 16:00:00,2.239,2.263,2.221,2.228,268547.2,603175.3196
2025-08-05 20:00:00,2.228,2.267,2.208,2.265,219176.0,488901.337
2025-08-06 00:00:00,2.265,2.265,2.206,2.214,141807.8,316468.4898
2025-08-06 04:00:00,2.214,2.271,2.2,2.269,200006.4,448524.2938
2025-08-06 08:00:00,2.269,2.274,2.244,2.247,49465.8,111692.8524
2025-08-06 12:00:00,2.247,2.298,2.223,2.296,179010.4,404169.6204
2025-08-06 16:00:00,2.296,2.303,2.268,2.286,164461.6,375858.5742
2025-08-06 20:00:00,2.286,2.293,2.279,2.282,66758.0,152554.2608
2025-08-07 00:00:00,2.282,2.303,2.263,2.264,95062.4,216496.3428
2025-08-07 04:00:00,2.264,2.296,2.262,2.287,107348.0,244844.781
2025-08-07 08:00:00,2.287,2.378,2.287,2.374,169642.2,395845.6352
2025-08-07 12:00:00,2.374,2.385,2.339,2.35,86411.8,204155.6022
2025-08-07 16:00:00,2.35,2.357,2.299,2.352,175029.4,407266.2844
2025-08-07 20:00:00,2.352,2.399,2.352,2.394,236355.8,562290.7556
2025-08-08 00:00:00,2.394,2.428,2.363,2.394,297474.0,713424.5838
2025-08-08 04:00:00,2.394,2.418,2.375,2.416,84439.2,202456.962
2025-08-08 08:00:00,2.416,2.433,2.395,2.418,102015.0,246336.6124
2025-08-08 12:00:00,2.418,2.457,2.374,2.392,163685.6,395100.649
2025-08-08 16:00:00,2.392,2.476,2.392,2.457,343695.2,838359.8254
2025-08-08 20:00:00,2.457,2.462,2.443,2.447,128596.4,315921.3164
2025-08-09 00:00:00,2.447,2.46,2.445,2.452,23115.0,56676.7012
2025-08-09 04:00:00,2.452,2.529,2.448,2.516,322021.8,804420.807
2025-08-09 08:00:00,2.516,2.544,2.512,2.528,317267.2,803068.4196
2025-08-09 12:00:00,2.528,2.556,2.504,2.524,141341.0,357964.2016
2025-08-09 16:00:00,2.524,2.554,2.522,2.546,212976.0,540295.858
2025-08-09 20:00:00,2.546,2.573,2.534,2.538,152242.0,388776.832
2025-08-10 00:00:00,2.538,2.587,2.535,2.573,186384.6,477088.8252
2025-08-10 04:00:00,2.573,2.598,2.485,2.485,700878.8,1764487.6716
2025-08-10 08:00:00,2.485,2.51,2.459,2.472,212478.2,527877.8996
2025-08-10 12:00:00,2.472,2.528,2.457,2.515,152474.4,381243.7552
2025-08-10 16:00:00,2.515,2.542,2.504,2.536,201164.8,509110.4228
2025-08-10 20:00:00,2.536,2.536,2.493,2.528,72493.0,182454.4046
2025-08-11 00:00:00,2.528,2.588,2.505,2.573,190172.0,487580.972
2025-08-11 04:00:00,2.573,2.591,2.495,2.497,144561.4,368493.0876
2025-08-11 08:00:00,2.497,2.513,2.411,2.423,310598.2,766852.7522
2025-08-11 12:00:00,2.423,2.457,2.396,2.45,210493.6,510579.7718
2025-08-11 16:00:00,2.45,2.492,2.409,2.426,193960.6,476256.8792
2025-08-11 20:00:00,2.426,2.426,2.349,2.376,199984.6,476343.0456
2025-08-12 00:00:00,2.376,2.415,2.369,2.382,72065.4,172032.3742
2025-08-12 04:00:00,2.382,2.404,2.347,2.404,77273.8,183477.5188
2025-08-12 08:00:00,2.404,2.404,2.333,2.366,123326.8,291155.2218
2025-08-12 12:00:00,2.366,2.486,2.355,2.484,292513.4,707323.0748
2025-08-12 16:00:00,2.484,2.545,2.477,2.53,141923.4,355911.2852
2025-08-12 20:00:00,2.53,2.558,2.528,2.532,67342.8,171109.3448
2025-08-13 00:00:00,2.532,2.564,2.509,2.553,407019.2,1037170.3498
2025-08-13 04:00:00,2.553,2.574,2.521,2.562,113977.2,290902.0376
2025-08-13 08:00:00,2.562,2.63,2.558,2.605,207099.4,537143.578
2025-08-13 12:00:00,2.605,2.644,2.572,2.597,402497.8,1047004.6728
2025-08-13 16:00:00,2.597,2.631,2.592,2.627,94055.0,245683.8764
2025-08-13 20:00:00,2.627,2.678,2.612,2.644,96366.6,255276.9826
2025-08-14 00:00:00,2.644,2.681,2.614,2.668,89806.2,237775.2494
2025-08-14 04:00:00,2.668,2.678,2.585,2.597,186048.0,485996.637
2025-08-14 08:00:00,2.597,2.598,2.543,2.558,179439.65,460422.23485
2025-08-14 12:00:00,2.558,2.571,2.398,2.43,836895.75,2058426.3279
2025-08-14 16:00:00,2.43,2.43,2.357,2.381,381855.75,914740.8399
2025-08-14 20:00:00,2.381,2.388,2.328,2.376,170314.95,402844.48815
2025-08-15 00:00:00,2.376,2.414,2.365,2.406,65457.24,156214.99764
2025-08-15 04:00:00,2.406,2.425,2.385,2.396,73579.32,176724.75876
2025-08-15 08:00:00,2.396,2.403,2.368,2.378,24723.96,59012.532
2025-08-15 12:00:00,2.378,2.402,2.27,2.285,259165.62,602359.83597
2025-08-15 16:00:00,2.285,2.316,2.259,2.288,136705.5,312887.6742
2025-08-15 20:00:00,2.288,2.361,2.282,2.342,43988.7,102307.8978
2025-08-16 00:00:00,2.342,2.374,2.34,2.367,96885.3,229021.79295
2025-08-16 04:00:00,2.367,2.394,2.363,2.388,45371.08,108013.08235
2025-08-16 08:00:00,2.388,2.403,2.366,2.374,74298.5,177095.13938
2025-08-16 12:00:00,2.374,2.464,2.371,2.447,168088.35,406404.33257
2025-08-16 16:00:00,2.447,2.45,2.402,2.409,487782.02,1177703.77403
2025-08-16 20:00:00,2.409,2.434,2.404,2.423,108838.25,262667.42874
2025-08-17 00:00:00,2.423,2.436,2.398,2.419,122327.92,295525.57172
2025-08-17 04:00:00,2.419,2.436,2.414,2.427,69640.84,168628.92739
2025-08-17 08:00:00,2.427,2.453,2.427,2.448,77256.33,188848.58136
2025-08-17 12:00:00,2.448,2.483,2.431,2.483,109290.11,267634.44284
2025-08-17 16:00:00,2.483,2.494,2.398,2.408,165882.26,403147.54499
2025-08-17 20:00:00,2.408,2.433,2.399,2.402,131580.85,317364.90987
2025-08-18 00:00:00,2.402,2.403,2.289,2.314,183620.62,431366.10477
2025-08-18 04:00:00,2.314,2.339,2.281,2.296,211650.8,489076.7846
2025-08-18 08:00:00,2.296,2.311,2.27,2.295,83863.2,192090.8374
2025-08-18 12:00:00,2.295,2.325,2.282,2.311,143921.4,331702.3776
2025-08-18 16:00:00,2.311,2.336,2.289,2.309,92003.8,212522.8826
2025-08-18 20:00:00,2.309,2.341,2.295,2.305,75455.4,175053.7942
2025-08-19 00:00:00,2.305,2.339,2.244,2.256,361398.2,822899.5442
2025-08-19 04:00:00,2.256,2.273,2.229,2.264,95761.2,215791.1372
2025-08-19 08:00:00,2.264,2.311,2.248,2.308,54285.8,124705.3688
2025-08-19 12:00:00,2.308,2.315,2.239,2.256,405274.0,918541.1848
2025-08-19 16:00:00,2.256,2.256,2.211,2.236,256144.8,572178.3122
2025-08-19 20:00:00,2.236,2.249,2.212,2.217,118820.2,265174.0892
2025-08-20 00:00:00,2.217,2.256,2.205,2.244,120302.4,268729.9196
2025-08-20 04:00:00,2.244,2.271,2.242,2.249,37089.2,83748.5406
2025-08-20 08:00:00,2.249,2.282,2.24,2.269,80698.0,183405.3124
2025-08-20 12:00:00,2.269,2.314,2.215,2.297,215506.8,486821.5314
2025-08-20 16:00:00,2.297,2.348,2.293,2.348,164996.4,382192.0204
2025-08-20 20:00:00,2.348,2.354,2.329,2.329,56784.2,133256.6326
2025-08-21 00:00:00,2.329,2.349,2.312,2.326,49266.8,114973.9024
2025-08-21 04:00:00,2.326,2.339,2.305,2.323,34156.2,79176.057
2025-08-21 08:00:00,2.323,2.324,2.283,2.289,48781.0,112007.502
2025-08-21 12:00:00,2.289,2.314,2.262,2.268,121703.2,277834.8716
2025-08-21 16:00:00,2.268,2.296,2.259,2.268,61598.8,140136.405
2025-08-21 20:00:00,2.268,2.3,2.259,2.275,65390.2,149038.9098
2025-08-22 00:00:00,2.275,2.299,2.254,2.266,98871.4,225244.924
2025-08-22 04:00:00,2.266,2.289,2.261,2.285,205131.6,468367.406
2025-08-22 08:00:00,2.285,2.297,2.224,2.229,94582.2,213995.9122
2025-08-22 12:00:00,2.229,2.402,2.173,2.379,976399.2,2226034.402
2025-08-22 16:00:00,2.379,2.514,2.379,2.489,522600.8,1290404.019
2025-08-22 20:00:00,2.489,2.521,2.483,2.501,132001.6,330168.9518
2025-08-23 00:00:00,2.501,2.513,2.424,2.45,158647.8,391126.339
2025-08-23 04:00:00,2.45,2.512,2.45,2.471,54543.0,136060.4854
2025-08-23 08:00:00,2.471,2.488,2.458,2.468,87833.8,217547.6224
2025-08-23 12:00:00,2.468,2.485,2.448,2.464,149986.0,369673.9218
2025-08-23 16:00:00,2.464,2.497,2.459,2.497,36269.0,89752.0578
2025-08-23 20:00:00,2.497,2.499,2.47,2.478,38282.0,94922.5702
2025-08-24 00:00:00,2.478,2.488,2.443,2.455,153307.0,378134.7834
2025-08-24 04:00:00,2.455,2.464,2.404,2.405,80886.0,195984.1664
2025-08-24 08:00:00,2.405,2.414,2.365,2.379,100538.2,240125.3574
2025-08-24 12:00:00,2.379,2.415,2.373,2.393,109149.0,261058.3934
2025-08-24 16:00:00,2.393,2.543,2.381,2.454,721249.6,1769779.0026
2025-08-24 20:00:00,2.454,2.478,2.403,2.422,289074.4,703936.094
2025-08-25 00:00:00,2.422,2.465,2.367,2.439,226883.6,549667.6556
2025-08-25 04:00:00,2.439,2.45,2.309,2.317,203234.8,478061.5222
2025-08-25 08:00:00,2.317,2.325,2.276,2.306,160571.2,369831.98
2025-08-25 12:00:00,2.306,2.339,2.286,2.312,141261.4,326585.5788
2025-08-25 16:00:00,2.312,2.327,2.244,2.248,192415.0,437549.2454
2025-08-25 20:00:00,2.248,2.253,2.156,2.206,537390.8,1182957.4914
2025-08-26 00:00:00,2.206,2.247,2.179,2.221,319658.0,709515.1054
2025-08-26 04:00:00,2.221,2.263,2.221,2.251,127617.0,285477.743
2025-08-26 08:00:00,2.251,2.255,2.224,2.234,110125.6,246889.9528
2025-08-26 12:00:00,2.234,2.297,2.221,2.276,154132.8,349338.1194
2025-08-26 16:00:00,2.276,2.335,2.274,2.332,139471.6,319792.4546
2025-08-26 20:00:00,2.332,2.342,2.313,2.32,40297.4,93781.328
2025-08-27 00:00:00,2.32,2.347,2.299,2.336,48808.6,113097.0966
2025-08-27 04:00:00,2.336,2.356,2.297,2.305,99072.4,230413.8446
2025-08-27 08:00:00,2.305,2.32,2.292,2.318,79806.2,184062.9346
2025-08-27 12:00:00,2.318,2.346,2.296,2.334,64444.0,149626.5092
2025-08-27 16:00:00,2.334,2.361,2.314,2.334,86672.2,202792.5882
2025-08-27 20:00:00,2.334,2.351,2.289,2.299,185450.6,429960.1336
2025-08-28 00:00:00,2.299,2.347,2.285,2.345,96774.0,224050.1204
2025-08-28 04:00:00,2.345,2.361,2.338,2.349,52081.4,122284.2786
2025-08-28 08:00:00,2.349,2.373,2.331,2.343,37673.0,88517.3056
2025-08-28 12:00:00,2.343,2.4,2.341,2.36,56823.4,134352.3122
2025-08-28 16:00:00,2.36,2.377,2.323,2.323,29263.6,68677.54
2025-08-28 20:00:00,2.323,2.402,2.315,2.398,77000.4,182344.4744
2025-08-29 00:00:00,2.398,2.41,2.359,2.379,87606.2,209058.04
2025-08-29 04:00:00,2.379,2.38,2.287,2.287,136228.4,318651.2038
2025-08-29 08:00:00,2.287,2.302,2.24,2.287,259562.0,591092.5886
2025-08-29 12:00:00,2.287,2.341,2.245,2.263,218869.0,500505.0468
2025-08-29 16:00:00,2.263,2.268,2.213,2.239,145122.6,325626.206
2025-08-29 20:00:00,2.239,2.256,2.215,2.251,52249.4,117242.0294
2025-08-30 00:00:00,2.251,2.282,2.215,2.282,81574.0,184058.759
2025-08-30 04:00:00,2.282,2.303,2.277,2.299,14464.2,33098.8334
2025-08-30 08:00:00,2.299,2.3,2.278,2.292,31105.4,71084.8938
2025-08-30 12:00:00,2.292,2.292,2.212,2.286,738912.8,1659057.6528
2025-08-30 16:00:00,2.286,2.286,2.269,2.284,61490.2,140210.568
2025-08-30 20:00:00,2.284,2.291,2.271,2.287,13971.0,31844.1518
2025-08-31 00:00:00,2.287,2.79,2.287,2.685,9174344.4,24160795.5946
2025-08-31 04:00:00,2.685,2.734,2.591,2.639,4559181.6,12075303.0502
2025-08-31 08:00:00,2.639,2.705,2.527,2.563,4700010.8,12341418.4502
2025-08-31 12:00:00,2.563,2.592,2.485,2.508,2218134.4,5612121.4004
2025-08-31 16:00:00,2.508,2.547,2.492,2.519,896473.4,2259702.2542
2025-08-31 20:00:00,2.519,2.553,2.484,2.517,1356836.6,3419528.2394
2025-09-01 00:00:00,2.517,2.538,2.426,2.447,1589739.0,3911389.0606
2025-09-01 04:00:00,2.447,2.471,2.4,2.471,807139.0,1957494.3764
2025-09-01 08:00:00,2.471,2.477,2.394,2.396,844939.0,2058750.906
2025-09-01 12:00:00,2.396,2.415,2.365,2.374,586994.0,1400626.8592
2025-09-01 16:00:00,2.374,2.374,2.343,2.361,929686.4,2191124.3722
2025-09-01 20:00:00,2.361,2.364,2.291,2.327,989507.2,2293571.9024
2025-09-02 00:00:00,2.327,2.378,2.298,2.364,602656.4,1411698.4414
2025-09-02 04:00:00,2.364,2.385,2.346,2.352,279752.8,662024.6306
2025-09-02 08:00:00,2.352,2.374,2.348,2.353,483272.4,1140503.5218
2025-09-02 12:00:00,2.353,2.379,2.299,2.318,994142.0,2330592.9894
2025-09-02 16:00:00,2.318,2.341,2.298,2.312,225748.8,522701.9504
2025-09-02 20:00:00,2.312,2.362,2.303,2.359,173137.4,405858.664
2025-09-03 00:00:00,2.359,2.374,2.336,2.362,214236.0,505319.8486
2025-09-03 04:00:00,2.362,2.366,2.327,2.343,174905.6,409629.1954
2025-09-03 08:00:00,2.343,2.376,2.337,2.366,114676.4,270232.6618
2025-09-03 12:00:00,2.366,2.428,2.359,2.413,499914.2,1197630.2878
2025-09-03 16:00:00,2.413,2.424,2.399,2.414,210239.4,507346.4382
2025-09-03 20:00:00,2.414,2.419,2.396,2.399,227915.0,548419.218
2025-09-04 00:00:00,2.399,2.413,2.361,2.363,242542.2,580002.3966
2025-09-04 04:00:00,2.363,2.372,2.329,2.346,200157.4,469631.7802
2025-09-04 08:00:00,2.346,2.366,2.335,2.351,62634.6,147161.5778
2025-09-04 12:00:00,2.351,2.359,2.302,2.309,164372.2,383200.6086
2025-09-04 16:00:00,2.309,2.322,2.275,2.282,130020.6,298070.7306
2025-09-04 20:00:00,2.282,2.331,2.277,2.301,62113.6,142948.4366
2025-09-05 00:00:00,2.301,2.332,2.299,2.329,39746.0,92144.6286
2025-09-05 04:00:00,2.329,2.389,2.327,2.384,192910.2,452815.095
2025-09-05 08:00:00,2.384,2.394,2.362,2.385,163454.4,388609.3124
2025-09-05 12:00:00,2.385,2.416,2.341,2.36,302432.0,721943.0232
2025-09-05 16:00:00,2.36,2.381,2.344,2.375,50514.4,119353.6602
2025-09-05 20:00:00,2.375,2.399,2.371,2.392,53966.6,128788.3684
2025-09-06 00:00:00,2.392,2.401,2.376,2.394,28889.4,69079.1182
2025-09-06 04:00:00,2.394,2.397,2.372,2.376,111160.2,264639.4028
2025-09-06 08:00:00,2.376,2.386,2.358,2.375,145792.6,345161.155
2025-09-06 12:00:00,2.375,2.388,2.362,2.366,27121.4,64387.2336
2025-09-06 16:00:00,2.366,2.379,2.343,2.347,48102.2,113579.395
2025-09-06 20:00:00,2.347,2.382,2.343,2.365,132942.4,314788.0304
2025-09-07 00:00:00,2.365,2.399,2.358,2.398,205988.6,490999.8718
2025-09-07 04:00:00,2.398,2.432,2.396,2.422,344095.2,831084.4824
2025-09-07 08:00:00,2.422,2.483,2.422,2.453,367767.6,901116.4886
2025-09-07 12:00:00,2.453,2.459,2.434,2.454,56868.6,139049.3394
2025-09-07 16:00:00,2.454,2.461,2.434,2.453,92969.6,227597.2916
2025-09-07 20:00:00,2.453,2.476,2.446,2.459,194246.8,478680.0508
2025-09-08 00:00:00,2.459,2.482,2.437,2.469,181123.4,445921.0874
2025-09-08 04:00:00,2.469,2.469,2.44,2.453,158024.8,388024.9258
2025-09-08 08:00:00,2.453,2.495,2.451,2.474,139828.99395,346617.1976505
2025-09-08 12:00:00,2.474,2.508,2.465,2.499,78567.11306,195258.1423552
2025-09-08 16:00:00,2.499,2.516,2.474,2.484,162552.01763,404952.91850637
2025-09-08 20:00:00,2.484,2.561,2.468,2.502,398392.25541,1005601.46873671
2025-09-09 00:00:00,2.502,2.55,2.478,2.505,318461.23045,800170.42477655
2025-09-09 04:00:00,2.505,2.568,2.502,2.556,160185.44532,405684.31677439
2025-09-09 08:00:00,2.556,2.574,2.532,2.539,110194.91933,281326.77556706
2025-09-09 12:00:00,2.539,2.561,2.46,2.471,242378.24393,607082.78500367
2025-09-09 16:00:00,2.471,2.499,2.457,2.494,124089.83092,307314.20396777
2025-09-09 20:00:00,2.494,2.51,2.477,2.486,44103.99602,109997.833489
2025-09-10 00:00:00,2.486,2.519,2.452,2.517,110962.1408,276388.34320477
2025-09-10 04:00:00,2.517,2.531,2.495,2.51,98023.02751,246213.85824217
2025-09-10 08:00:00,2.51,2.526,2.498,2.508,106142.63136,266774.84412811
2025-09-10 12:00:00,2.508,2.574,2.507,2.558,312059.92053,795386.52040348
2025-09-10 16:00:00,2.558,2.567,2.506,2.52,119971.07581,303515.82653178
2025-09-10 20:00:00,2.52,2.548,2.516,2.548,63403.79514,160655.5947084
2025-09-11 00:00:00,2.548,2.561,2.539,2.554,106011.50497,270332.50692252
2025-09-11 04:00:00,2.554,2.59,2.528,2.562,129950.39245,333086.88333891
2025-09-11 08:00:00,2.562,2.569,2.52,2.523,130238.36736,330936.94111946
2025-09-11 12:00:00,2.523,2.549,2.487,2.496,611293.12749,1529495.78220351
2025-09-11 16:00:00,2.496,2.539,2.493,2.537,178273.35641,447312.96200578
2025-09-11 20:00:00,2.537,2.575,2.528,2.559,107184.51694,272926.17806614
2025-09-12 00:00:00,2.559,2.599,2.559,2.571,107557.88865,277472.2329395
2025-09-12 04:00:00,2.571,2.628,2.564,2.599,192889.93393,502312.42857262
2025-09-12 08:00:00,2.599,2.6,2.556,2.562,178197.76528,459907.43286182
2025-09-12 12:00:00,2.562,2.596,2.548,2.575,68344.41144,175666.47481647
2025-09-12 16:00:00,2.575,2.635,2.573,2.633,172756.54989,450620.87730747
2025-09-12 20:00:00,2.633,2.655,2.617,2.641,109752.42928,289498.94536463
2025-09-13 00:00:00,2.641,2.65,2.624,2.639,103028.94331,271514.86530204
2025-09-13 04:00:00,2.639,2.641,2.621,2.63,19988.34587,52576.79084785
2025-09-13 08:00:00,2.63,2.679,2.63,2.678,121951.61545,324955.91279259
2025-09-13 12:00:00,2.678,2.692,2.623,2.653,344627.85272,914431.34119589
2025-09-13 16:00:00,2.653,2.673,2.605,2.66,364890.87515,959978.01839346
2025-09-13 20:00:00,2.66,2.703,2.659,2.685,169915.54423,454761.42823061
2025-09-14 00:00:00,2.685,2.685,2.613,2.613,361190.23976,954839.71685723
2025-09-14 04:00:00,2.613,2.646,2.581,2.623,277347.72336,723750.68964831
2025-09-14 08:00:00,2.623,2.629,2.556,2.559,170894.58366,443842.15107601
2025-09-14 12:00:00,2.559,2.577,2.507,2.524,199260.28665,504999.90467486
2025-09-14 16:00:00,2.524,2.561,2.52,2.541,114283.56749,290987.21623188
2025-09-14 20:00:00,2.541,2.571,2.532,2.541,60566.84187,154584.70342887
2025-09-15 00:00:00,2.541,2.569,2.511,2.567,65590.722,166899.87481981
2025-09-15 04:00:00,2.567,2.578,2.495,2.504,95275.30322,240411.69587032
2025-09-15 08:00:00,2.504,2.504,2.437,2.452,761749.15655,1875119.46971616
2025-09-15 12:00:00,2.452,2.453,2.392,2.414,250864.95123,609452.3989755
2025-09-15 16:00:00,2.414,2.422,2.383,2.412,197258.36274,473392.40276044
2025-09-15 20:00:00,2.412,2.427,2.412,2.424,56613.48694,137023.54149243
2025-09-16 00:00:00,2.424,2.425,2.39,2.394,103668.19503,249655.96966433
2025-09-16 04:00:00,2.394,2.438,2.374,2.431,221595.92797,534626.6642938
2025-09-16 08:00:00,2.431,2.453,2.426,2.437,230834.31836,563087.7485117
2025-09-16 12:00:00,2.437,2.46,2.407,2.46,185140.28005,452179.75091884
2025-09-16 16:00:00,2.46,2.478,2.447,2.476,69735.50174,171877.97876848
2025-09-16 20:00:00,2.476,2.489,2.47,2.475,50741.53796,125754.7307699
2025-09-17 00:00:00,2.475,2.491,2.462,2.462,37886.28377,93801.24188448
2025-09-17 04:00:00,2.462,2.475,2.44,2.465,122620.29173,301462.56578467
2025-09-17 08:00:00,2.465,2.465,2.405,2.423,497857.13259,1210745.05611392
2025-09-17 12:00:00,2.423,2.435,2.391,2.401,356190.25453,858409.14392179
2025-09-17 16:00:00,2.401,2.473,2.386,2.471,575844.47472,1390781.71110822
2025-09-17 20:00:00,2.471,2.538,2.442,2.522,261894.0273,652675.05949604
2025-09-18 00:00:00,2.522,2.546,2.512,2.543,94083.58484,237894.49486612
2025-09-18 04:00:00,2.543,2.548,2.506,2.53,108573.80012,274493.91012877
2025-09-18 08:00:00,2.53,2.548,2.525,2.528,99627.55219,253110.56205951
2025-09-18 12:00:00,2.528,2.567,2.521,2.562,227219.26098,579001.17594854
2025-09-18 16:00:00,2.562,2.599,2.562,2.588,95861.7814,247673.26972664
2025-09-18 20:00:00,2.588,2.605,2.572,2.586,82512.96926,213721.30046917
2025-09-19 00:00:00,2.586,2.629,2.554,2.558,182600.77698,472443.51962856
2025-09-19 04:00:00,2.558,2.574,2.521,2.542,266652.07108,679040.05714125
2025-09-19 08:00:00,2.542,2.556,2.482,2.491,153277.59189,385805.60498117
2025-09-19 12:00:00,2.491,2.516,2.455,2.476,163567.12584,406345.23078992
2025-09-19 16:00:00,2.476,2.486,2.441,2.456,109747.34251,270524.14557373
2025-09-19 20:00:00,2.456,2.471,2.422,2.439,74831.94152,183029.92087031
2025-09-20 00:00:00,2.439,2.447,2.41,2.426,90555.69739,219951.27510732
2025-09-20 04:00:00,2.426,2.459,2.419,2.459,39645.84582,96858.46522921
2025-09-20 08:00:00,2.459,2.462,2.419,2.431,44912.64643,109529.42917972
2025-09-20 12:00:00,2.431,2.48,2.423,2.466,82135.97814,202039.51625529
2025-09-20 16:00:00,2.466,2.472,2.435,2.44,52235.65075,127992.89896751
2025-09-20 20:00:00,2.44,2.455,2.426,2.431,60258.79639,146811.2048494
2025-09-21 00:00:00,2.431,2.445,2.413,2.439,81015.33713,196961.64325552
2025-09-21 04:00:00,2.439,2.469,2.429,2.455,52355.20198,128512.64923063
2025-09-21 08:00:00,2.455,2.46,2.397,2.415,163117.85006,392916.21378172
2025-09-21 12:00:00,2.415,2.434,2.408,2.409,49407.56011,119576.72346676
2025-09-21 16:00:00,2.409,2.417,2.375,2.404,151717.05757,363450.59728564
2025-09-21 20:00:00,2.404,2.408,2.375,2.379,61508.32577,147098.18652188
2025-09-22 00:00:00,2.379,2.388,2.267,2.301,657036.66098,1525298.62530464
2025-09-22 04:00:00,2.301,2.306,2.104,2.195,2363324.78847,5242615.17494714
2025-09-22 08:00:00,2.195,2.213,2.176,2.194,242742.77445,531323.19919723
2025-09-22 12:00:00,2.194,2.222,2.186,2.199,131302.97272,289784.79591752
2025-09-22 16:00:00,2.199,2.205,2.16,2.162,222224.47083,483269.71852414
2025-09-22 20:00:00,2.162,2.21,2.162,2.206,51144.49083,112040.20245468
2025-09-23 00:00:00,2.206,2.212,2.141,2.185,282752.67191,612749.83147529
2025-09-23 04:00:00,2.185,2.225,2.165,2.218,73763.76218,161799.77044021
2025-09-23 08:00:00,2.218,2.24,2.216,2.231,152823.9499,340481.67571007
2025-09-23 12:00:00,2.231,2.237,2.198,2.227,99204.65926,220187.50981498
2025-09-23 16:00:00,2.227,2.251,2.191,2.194,117685.55236,261952.79614941
2025-09-23 20:00:00,2.194,2.226,2.189,2.202,89660.46253,198094.12818622
2025-09-24 00:00:00,2.202,2.236,2.186,2.195,46131.62043,102310.26287733
2025-09-24 04:00:00,2.195,2.231,2.162,2.228,232731.91073,513352.41214143
2025-09-24 08:00:00,2.228,2.246,2.223,2.236,133663.97368,298518.63502716
2025-09-24 12:00:00,2.236,2.255,2.22,2.231,44610.69856,99796.06243536
2025-09-24 16:00:00,2.231,2.243,2.224,2.229,41757.49453,93279.54149714
2025-09-24 20:00:00,2.229,2.23,2.198,2.21,77611.2716,172233.54700433
2025-09-25 00:00:00,2.21,2.211,2.157,2.175,152022.30673,331451.21614911
2025-09-25 04:00:00,2.175,2.181,2.117,2.124,270907.16433,579184.22558514
2025-09-25 08:00:00,2.124,2.149,2.105,2.115,199326.93868,423405.47609268
2025-09-25 12:00:00,2.115,2.168,2.08,2.128,284107.64146,602239.82292628
2025-09-25 16:00:00,2.128,2.135,2.024,2.087,1127734.6838,2354502.39824127
2025-09-25 20:00:00,2.087,2.092,2.044,2.053,82713.14431,171133.13440608
2025-09-26 00:00:00,2.053,2.094,2.053,2.083,134838.4598,280215.14651445
2025-09-26 04:00:00,2.083,2.089,2.055,2.074,184912.02649,383328.24002982
2025-09-26 08:00:00,2.074,2.087,2.047,2.071,135706.7519,280389.79548028
2025-09-26 12:00:00,2.071,2.107,2.051,2.097,260535.84991,543246.99883752
2025-09-26 16:00:00,2.097,2.159,2.095,2.141,488433.61837,1046945.11109674
2025-09-26 20:00:00,2.141,2.156,2.131,2.156,37884.70756,81149.29123198
2025-09-27 00:00:00,2.156,2.175,2.153,2.17,36198.65402,78371.71731389
2025-09-27 04:00:00,2.17,2.18,2.155,2.164,56823.83216,123161.49766429
2025-09-27 08:00:00,2.164,2.164,2.135,2.156,98885.88353,212336.9513711
2025-09-27 12:00:00,2.156,2.168,2.138,2.168,52007.31522,111974.66896943
2025-09-27 16:00:00,2.168,2.17,2.127,2.134,52448.88805,112855.76260033
2025-09-27 20:00:00,2.134,2.152,2.128,2.132,52695.0468,112659.62532383
2025-09-28 00:00:00,2.132,2.137,2.108,2.122,171640.41248,363295.98583153
2025-09-28 04:00:00,2.122,2.128,2.096,2.103,196647.15582,417415.97185826
2025-09-28 08:00:00,2.103,2.108,2.085,2.094,80543.67518,168728.05374317
2025-09-28 12:00:00,2.094,2.12,2.077,2.111,99075.07294,207398.97741438
2025-09-28 16:00:00,2.111,2.137,2.109,2.136,117257.61039,248573.95245508
2025-09-28 20:00:00,2.136,2.193,2.136,2.172,110665.55081,238478.48284977
2025-09-29 00:00:00,2.172,2.172,2.15,2.158,27144.44266,58594.02543053
2025-09-29 04:00:00,2.158,2.16,2.115,2.133,252282.04916,537805.68761077
2025-09-29 08:00:00,2.133,2.147,2.1,2.115,95257.71285,202133.88151116
2025-09-29 12:00:00,2.115,2.155,2.071,2.124,303065.61464,643803.28855549
2025-09-29 16:00:00,2.124,2.136,2.097,2.131,95266.87921,201074.35230033
2025-09-29 20:00:00,2.131,2.161,2.127,2.128,55849.12991,120012.21345426
2025-09-30 00:00:00,2.128,2.129,2.078,2.086,163144.84457,341961.40728378
2025-09-30 04:00:00,2.086,2.099,2.074,2.082,177090.1306,369753.04704004
2025-09-30 08:00:00,2.082,2.084,2.058,2.078,144402.00879,299405.55629207
2025-09-30 12:00:00,2.078,2.087,2.026,2.041,384038.9523,789072.50721638
2025-09-30 16:00:00,2.041,2.112,2.03,2.102,131627.92863,271207.0392448
2025-09-30 20:00:00,2.102,2.113,2.083,2.101,317678.46647,666699.61038385
2025-10-01 00:00:00,2.101,2.104,2.076,2.078,109914.6894,230005.66662886
2025-10-01 04:00:00,2.078,2.117,2.077,2.101,260551.45595,545841.43592003
2025-10-01 08:00:00,2.101,2.212,2.101,2.185,359835.51083,785156.73701805
2025-10-01 12:00:00,2.185,2.205,2.169,2.197,92235.15432,201512.71649957
2025-10-01 16:00:00,2.197,2.241,2.183,2.225,217064.99517,482351.17051071
2025-10-01 20:00:00,2.225,2.231,2.207,2.227,107650.31575,238451.86391805
2025-10-02 00:00:00,2.227,2.261,2.218,2.25,105960.9858,237829.85908133
2025-10-02 04:00:00,2.25,2.274,2.245,2.251,161633.08034,365444.99895078
2025-10-02 08:00:00,2.251,2.267,2.241,2.256,75846.24136,170777.01870816
2025-10-02 12:00:00,2.256,2.265,2.206,2.252,366901.31778,819770.1978792
2025-10-02 16:00:00,2.252,2.302,2.25,2.294,235532.21454,537496.23069954
2025-10-02 20:00:00,2.294,2.298,2.27,2.283,153522.19158,350834.7144081
2025-10-03 00:00:00,2.283,2.286,2.244,2.255,145868.25516,329367.23625587
2025-10-03 04:00:00,2.255,2.28,2.244,2.258,133946.66685,304259.46655719
2025-10-03 08:00:00,2.258,2.27,2.243,2.254,38386.71335,86668.28578762
2025-10-03 12:00:00,2.254,2.306,2.236,2.303,113531.59973,256946.85850588
2025-10-03 16:00:00,2.303,2.336,2.257,2.295,290511.82953,665695.5513788
2025-10-03 20:00:00,2.295,2.305,2.283,2.284,40568.64299,93131.63025606
2025-10-04 00:00:00,2.284,2.291,2.245,2.255,74986.90457,169962.12284093
2025-10-04 04:00:00,2.255,2.27,2.245,2.254,70864.55545,159921.73438005
2025-10-04 08:00:00,2.254,2.258,2.203,2.214,133999.78831,298782.41248714
2025-10-04 12:00:00,2.214,2.239,2.182,2.186,284707.18821,627345.24427472
2025-10-04 16:00:00,2.186,2.206,2.183,2.199,44644.48001,97920.9889694
2025-10-04 20:00:00,2.199,2.211,2.198,2.202,38446.29028,84731.83031622
2025-10-05 00:00:00,2.202,2.25,2.188,2.237,85129.91974,188720.68881466
2025-10-05 04:00:00,2.237,2.29,2.234,2.29,111099.77461,251119.4276188
2025-10-05 08:00:00,2.29,2.301,2.227,2.247,176929.90217,400266.45640851
2025-10-05 12:00:00,2.247,2.255,2.228,2.249,344474.20757,771548.27536798
2025-10-05 16:00:00,2.249,2.251,2.176,2.179,119407.80372,262861.1591009
2025-10-05 20:00:00,2.179,2.198,2.168,2.182,92557.90142,201977.7056266
2025-10-06 00:00:00,2.182,2.206,2.164,2.194,100840.63379,220194.07777576
2025-10-06 04:00:00,2.194,2.219,2.178,2.198,37987.57647,83493.43734311
2025-10-06 08:00:00,2.198,2.22,2.196,2.208,24478.76296,54042.69841202
2025-10-06 12:00:00,2.208,2.269,2.208,2.262,106504.31268,238918.10414219
2025-10-06 16:00:00,2.262,2.333,2.259,2.329,496194.05523,1142132.66361367
2025-10-06 20:00:00,2.329,2.361,2.301,2.309,215557.2815,501148.73581987
2025-10-07 00:00:00,2.309,2.324,2.295,2.304,96326.73564,222259.39580183
2025-10-07 04:00:00,2.304,2.323,2.266,2.273,114247.83353,262607.72155695
2025-10-07 08:00:00,2.273,2.28,2.24,2.28,150645.56739,339206.51102507
2025-10-07 12:00:00,2.28,2.298,2.15,2.159,525632.32236,1162604.23135867
2025-10-07 16:00:00,2.159,2.184,2.138,2.156,131499.00203,283892.99783646
2025-10-07 20:00:00,2.156,2.179,2.132,2.137,146764.67904,315399.17604338
2025-10-08 00:00:00,2.137,2.167,2.101,2.126,310477.02342,657014.93003531
2025-10-08 04:00:00,2.126,2.141,2.114,2.141,87140.99751,185440.0681283
2025-10-08 08:00:00,2.141,2.153,2.13,2.136,97893.73721,209590.15078967
2025-10-08 12:00:00,2.136,2.174,2.127,2.149,182670.28431,393693.20262831
2025-10-08 16:00:00,2.149,2.217,2.145,2.21,158658.92446,348406.79232502
2025-10-08 20:00:00,2.21,2.218,2.175,2.19,56828.78444,124780.14545653
2025-10-09 00:00:00,2.19,2.193,2.126,2.155,96416.7127,208564.79838111
2025-10-09 04:00:00,2.155,2.175,2.138,2.143,125637.07077,270486.38856599
2025-10-09 08:00:00,2.143,2.145,2.095,2.105,561048.66525,1184054.32067001
2025-10-09 12:00:00,2.105,2.118,2.07,2.096,681476.99336,1430446.59335061
2025-10-09 16:00:00,2.096,2.252,2.092,2.188,1073516.14552,2336161.94278151
2025-10-09 20:00:00,2.188,2.221,2.173,2.209,272669.13692,598504.38501878
2025-10-10 00:00:00,2.209,2.253,2.19,2.227,192930.87003,428242.13732251
2025-10-10 04:00:00,2.227,2.245,2.196,2.197,115641.06333,256526.50482036
2025-10-10 08:00:00,2.197,2.217,2.182,2.214,120477.96764,264882.37306166
2025-10-10 12:00:00,2.214,2.224,2.071,2.096,525804.29808,1127679.94194232
2025-10-10 16:00:00,2.096,2.113,1.999,2.029,658315.88873,1348810.59626794
2025-10-10 20:00:00,2.029,2.038,0.809,1.518,8521697.78531,12952846.96886174
2025-10-11 00:00:00,1.518,1.643,1.471,1.572,868096.92241,1351350.51258744
2025-10-11 04:00:00,1.572,1.622,1.57,1.588,388756.78266,619107.78316682
2025-10-11 08:00:00,1.588,1.698,1.583,1.634,286638.52653,474166.43149332
2025-10-11 12:00:00,1.634,1.642,1.571,1.606,624367.76788,995350.56231523
2025-10-11 16:00:00,1.606,1.622,1.51,1.528,244865.98177,384591.49047861
2025-10-11 20:00:00,1.528,1.53,1.467,1.519,235204.67765,353311.17078666
2025-10-12 00:00:00,1.519,1.55,1.493,1.532,146949.09927,222721.9935846
2025-10-12 04:00:00,1.532,1.573,1.531,1.57,171064.51336,265459.37975973
2025-10-12 08:00:00,1.57,1.581,1.544,1.576,76328.52646,119376.48916889
2025-10-12 12:00:00,1.576,1.665,1.548,1.658,441505.56025,710174.65571945
2025-10-12 16:00:00,1.658,1.719,1.658,1.719,244795.27009,413482.08792741
2025-10-12 20:00:00,1.719,1.731,1.678,1.699,163235.18581,278153.36895156
2025-10-13 00:00:00,1.699,1.725,1.669,1.705,122454.11937,207056.76341716
2025-10-13 04:00:00,1.705,1.748,1.692,1.725,158375.95083,272010.60417482
2025-10-13 08:00:00,1.725,1.761,1.69,1.725,391784.33207,680467.10230772
2025-10-13 12:00:00,1.725,1.779,1.71,1.759,360835.74378,629039.46734024
2025-10-13 16:00:00,1.759,1.819,1.749,1.814,160227.61308,286875.69013884
2025-10-13 20:00:00,1.814,1.827,1.805,1.81,80934.8676,147002.93515995
2025-10-14 00:00:00,1.81,1.817,1.749,1.754,208116.75098,368654.4251454
2025-10-14 04:00:00,1.754,1.761,1.632,1.659,500677.05765,838839.20518432
2025-10-14 08:00:00,1.659,1.687,1.624,1.674,210014.19831,348223.70788601
2025-10-14 12:00:00,1.674,1.733,1.64,1.727,99577.31945,167698.38778399
2025-10-14 16:00:00,1.727,1.759,1.704,1.734,292057.55567,505419.51591378
2025-10-14 20:00:00,1.734,1.756,1.722,1.742,19155.48836,33361.39084918
2025-10-15 00:00:00,1.742,1.762,1.722,1.736,36041.94719,62566.09180841
2025-10-15 04:00:00,1.736,1.766,1.728,1.764,48297.80084,84291.36230798
2025-10-15 08:00:00,1.764,1.791,1.718,1.729,52284.14739,92394.78735582
2025-10-15 12:00:00,1.729,1.73,1.662,1.67,197164.57973,336923.0738917
2025-10-15 16:00:00,1.67,1.677,1.65,1.654,107267.88091,178663.4979187
2025-10-15 20:00:00,1.654,1.67,1.63,1.652,217798.607,358745.80110821
2025-10-16 00:00:00,1.652,1.676,1.644,1.663,77055.71526,128360.75573666
2025-10-16 04:00:00,1.663,1.695,1.655,1.672,161966.99388,271843.72306665
2025-10-16 08:00:00,1.672,1.703,1.617,1.682,399308.3544,660280.23618209
2025-10-16 12:00:00,1.682,1.695,1.59,1.596,230309.17347,379032.38098262
2025-10-16 16:00:00,1.596,1.63,1.565,1.58,226165.61511,360731.1527677
2025-10-16 20:00:00,1.58,1.587,1.552,1.581,81452.35906,128113.11135496
2025-10-17 00:00:00,1.581,1.607,1.575,1.598,81710.48516,130137.7484687
2025-10-17 04:00:00,1.598,1.599,1.479,1.482,410372.4962,625380.96163322
2025-10-17 08:00:00,1.482,1.552,1.462,1.542,229137.25377,343485.35013707
2025-10-17 12:00:00,1.542,1.549,1.506,1.549,93416.85,142995.2361
2025-10-17 16:00:00,1.549,1.567,1.526,1.538,60284.1,93488.38065
2025-10-17 20:00:00,1.538,1.563,1.535,1.543,39097.35,60640.2564
2025-10-18 00:00:00,1.543,1.573,1.542,1.562,13075.35,20396.5311
2025-10-18 04:00:00,1.562,1.585,1.545,1.559,92901.15,145612.113
2025-10-18 08:00:00,1.559,1.57,1.552,1.566,21698.35,33904.18535
2025-10-18 12:00:00,1.566,1.57,1.533,1.551,70598.0,109212.9317
2025-10-18 16:00:00,1.551,1.564,1.538,1.563,20089.0,31195.879
2025-10-18 20:00:00,1.563,1.572,1.555,1.566,19832.6,31040.3842
2025-10-19 00:00:00,1.566,1.573,1.551,1.572,35471.5,55306.2167
2025-10-19 04:00:00,1.572,1.572,1.544,1.551,11936.2,18561.968
2025-10-19 08:00:00,1.551,1.606,1.535,1.591,254434.1,399321.9625
2025-10-19 12:00:00,1.591,1.612,1.578,1.596,66649.4,106526.7266
2025-10-19 16:00:00,1.596,1.614,1.589,1.6,32932.7,52724.2309
2025-10-19 20:00:00,1.6,1.604,1.582,1.583,30026.8,47847.0517
2025-10-20 00:00:00,1.583,1.621,1.558,1.619,46363.8,72886.6324
2025-10-20 04:00:00,1.619,1.634,1.609,1.628,60413.4,97853.7334
2025-10-20 08:00:00,1.628,1.635,1.616,1.625,40129.5,65128.7776
2025-10-20 12:00:00,1.625,1.633,1.612,1.612,66577.1,108024.8205
2025-10-20 16:00:00,1.612,1.612,1.58,1.597,142759.9,227479.9422
2025-10-20 20:00:00,1.597,1.607,1.587,1.588,48026.3,76661.2406
2025-10-21 00:00:00,1.588,1.593,1.558,1.562,77272.5,121372.6409
2025-10-21 04:00:00,1.562,1.562,1.523,1.553,128681.5,197887.7034
2025-10-21 08:00:00,1.553,1.566,1.538,1.566,43027.3,66629.9852
2025-10-21 12:00:00,1.566,1.662,1.56,1.655,152659.6,247929.2372
2025-10-21 16:00:00,1.655,1.675,1.631,1.645,52781.9,87113.6759
2025-10-21 20:00:00,1.645,1.647,1.564,1.567,100473.9,160107.8664
2025-10-22 00:00:00,1.567,1.578,1.548,1.57,75611.2,118087.8179
2025-10-22 04:00:00,1.57,1.582,1.539,1.557,108686.9,169207.5257
2025-10-22 08:00:00,1.557,1.559,1.516,1.541,118625.4,181498.9934
2025-10-22 12:00:00,1.541,1.566,1.528,1.549,74289.3,114644.7155
2025-10-22 16:00:00,1.549,1.554,1.505,1.52,77826.2,118671.0562
2025-10-22 20:00:00,1.52,1.523,1.459,1.513,208830.8,310939.2086
2025-10-23 00:00:00,1.513,1.516,1.506,1.513,11576.0,17486.7562
2025-10-23 04:00:00,1.513,1.541,1.51,1.538,30949.3,47503.6722
2025-10-23 08:00:00,1.538,1.549,1.527,1.527,23179.8,35702.462
2025-10-23 12:00:00,1.527,1.556,1.516,1.543,130129.2,200602.5281
2025-10-23 16:00:00,1.543,1.574,1.543,1.554,41383.3,64532.6785
2025-10-23 20:00:00,1.554,1.564,1.534,1.563,33157.1,51320.1348
2025-10-24 00:00:00,1.563,1.576,1.556,1.556,43771.8,68644.7158
2025-10-24 04:00:00,1.556,1.6,1.556,1.584,46455.2,73634.3813
2025-10-24 08:00:00,1.584,1.606,1.576,1.588,110452.9,175221.2845
2025-10-24 12:00:00,1.588,1.628,1.568,1.569,134417.6,214567.9886
2025-10-24 16:00:00,1.569,1.597,1.563,1.595,22200.5,34992.7295
2025-10-24 20:00:00,1.595,1.609,1.593,1.603,28233.7,45300.9467
2025-10-25 00:00:00,1.603,1.605,1.59,1.59,21886.8,35046.3233
2025-10-25 04:00:00,1.59,1.6,1.588,1.59,12940.3,20624.5304
2025-10-25 08:00:00,1.59,1.597,1.581,1.586,7811.0,12401.2416
2025-10-25 12:00:00,1.586,1.6,1.586,1.592,11190.5,17850.035
2025-10-25 16:00:00,1.592,1.604,1.592,1.603,4510.3,7198.9192
2025-10-25 20:00:00,1.603,1.609,1.595,1.595,3647.5,5834.0559
2025-10-26 00:00:00,1.595,1.601,1.578,1.579,50274.5,79916.174
2025-10-26 04:00:00,1.579,1.606,1.579,1.606,14120.4,22563.1025
2025-10-26 08:00:00,1.606,1.629,1.604,1.627,32216.5,52031.9478
2025-10-26 12:00:00,1.627,1.633,1.621,1.63,41469.6,67504.0395
2025-10-26 16:00:00,1.63,1.631,1.617,1.62,41657.3,67555.4948
2025-10-26 20:00:00,1.62,1.653,1.608,1.636,47275.2,77348.7355
2025-10-27 00:00:00,1.636,1.648,1.632,1.635,28831.1,47278.1223
2025-10-27 04:00:00,1.635,1.654,1.625,1.641,11527.2,18875.8502
2025-10-27 08:00:00,1.641,1.641,1.586,1.595,51759.2,83004.6059
2025-10-27 12:00:00,1.595,1.599,1.571,1.592,30642.4,48523.9238
2025-10-27 16:00:00,1.592,1.628,1.592,1.599,72472.2,116786.5492
2025-10-27 20:00:00,1.599,1.601,1.57,1.577,79554.5,125906.5722
2025-10-28 00:00:00,1.577,1.584,1.566,1.574,17129.9,26996.9451
2025-10-28 04:00:00,1.574,1.621,1.564,1.583,100440.2,160432.1046
2025-10-28 08:00:00,1.583,1.598,1.576,1.584,69648.7,110472.8997
2025-10-28 12:00:00,1.584,1.607,1.556,1.581,106968.5,168262.7418
2025-10-28 16:00:00,1.581,1.596,1.545,1.55,43429.0,67925.6052
2025-10-28 20:00:00,1.55,1.551,1.503,1.528,111526.9,169795.5706
2025-10-29 00:00:00,1.528,1.546,1.524,1.54,15799.3,24254.2461
2025-10-29 04:00:00,1.54,1.553,1.536,1.545,12456.5,19235.9887
2025-10-29 08:00:00,1.545,1.569,1.538,1.569,33411.9,51815.6451
2025-10-29 12:00:00,1.569,1.582,1.535,1.545,80260.3,125740.854
2025-10-29 16:00:00,1.545,1.578,1.502,1.565,272283.6,420503.2183
2025-10-29 20:00:00,1.565,1.584,1.518,1.521,152453.5,236091.9638
2025-10-30 00:00:00,1.521,1.535,1.508,1.517,93761.9,142602.3739
2025-10-30 04:00:00,1.517,1.517,1.457,1.499,257664.5,382108.9977
2025-10-30 08:00:00,1.499,1.499,1.457,1.458,64675.6,95153.731
2025-10-30 12:00:00,1.458,1.462,1.382,1.393,261366.3,369542.5703
2025-10-30 16:00:00,1.393,1.4,1.348,1.357,311009.3,425571.1631
2025-10-30 20:00:00,1.357,1.403,1.347,1.403,115344.9,157748.7685
2025-10-31 00:00:00,1.403,1.433,1.397,1.427,90677.0,128248.3337
2025-10-31 04:00:00,1.427,1.457,1.427,1.435,74225.4,107163.2266
2025-10-31 08:00:00,1.435,1.451,1.427,1.451,49850.7,71667.145
2025-10-31 12:00:00,1.451,1.461,1.439,1.445,110531.6,160344.1381
2025-10-31 16:00:00,1.445,1.445,1.406,1.437,96655.9,137424.9784
2025-10-31 20:00:00,1.437,1.437,1.412,1.414,29344.9,41591.5057
2025-11-01 00:00:00,1.414,1.425,1.405,1.418,63254.3,89463.7603
2025-11-01 04:00:00,1.418,1.419,1.397,1.419,61082.5,85812.66
2025-11-01 08:00:00,1.419,1.448,1.415,1.43,70465.1,100962.7054
2025-11-01 12:00:00,1.43,1.439,1.408,1.423,66980.1,95307.5477
2025-11-01 16:00:00,1.423,1.445,1.422,1.445,88383.7,126732.5848
2025-11-01 20:00:00,1.445,1.457,1.439,1.451,31841.8,46141.6653
2025-11-02 00:00:00,1.451,1.451,1.435,1.438,14976.0,21581.7055
2025-11-02 04:00:00,1.438,1.481,1.438,1.478,73247.9,107320.602
2025-11-02 08:00:00,1.478,1.486,1.444,1.486,157876.0,230701.2684
2025-11-02 12:00:00,1.486,1.486,1.416,1.427,167562.3,241117.9227
2025-11-02 16:00:00,1.427,1.439,1.412,1.421,114323.6,162837.7117
2025-11-02 20:00:00,1.421,1.472,1.42,1.468,69572.9,101149.0883
2025-11-03 00:00:00,1.468,1.468,1.355,1.359,437250.6,610208.6551
2025-11-03 04:00:00,1.359,1.362,1.317,1.348,293180.5,393111.7393
2025-11-03 08:00:00,1.348,1.361,1.31,1.328,238892.5,318345.5196
2025-11-03 12:00:00,1.328,1.351,1.211,1.236,1404121.8,1784940.4712
2025-11-03 16:00:00,1.236,1.296,1.227,1.249,140301.2,178449.468
2025-11-03 20:00:00,1.249,1.253,1.224,1.252,179296.5,222874.465
2025-11-04 00:00:00,1.252,1.279,1.244,1.278,116151.2,147408.5364
2025-11-04 04:00:00,1.278,1.282,1.206,1.211,364243.9,449929.3252
2025-11-04 08:00:00,1.211,1.241,1.206,1.228,117010.5,143240.7608
2025-11-04 12:00:00,1.228,1.256,1.202,1.232,210083.1,258178.0653
2025-11-04 16:00:00,1.232,1.24,1.15,1.168,577552.0,680124.4168
2025-11-04 20:00:00,1.168,1.203,1.107,1.184,1309381.9,1503596.0621
2025-11-05 00:00:00,1.184,1.216,1.121,1.207,388830.9,455254.4548
2025-11-05 04:00:00,1.207,1.221,1.198,1.217,145239.4,175716.9542
2025-11-05 08:00:00,1.217,1.223,1.193,1.223,88678.4,107143.7467
2025-11-05 12:00:00,1.223,1.239,1.218,1.234,106892.2,131408.9727
2025-11-05 16:00:00,1.234,1.239,1.221,1.226,46141.6,56751.8391
2025-11-05 20:00:00,1.226,1.229,1.207,1.218,50573.0,61540.3185
2025-11-06 00:00:00,1.218,1.219,1.189,1.199,92287.0,110963.3742
2025-11-06 04:00:00,1.199,1.204,1.166,1.173,163789.0,193638.5282
2025-11-06 08:00:00,1.173,1.18,1.162,1.177,68664.0,80587.5678
2025-11-06 12:00:00,1.177,1.196,1.145,1.154,248337.2,290241.735
2025-11-06 16:00:00,1.154,1.226,1.134,1.224,183306.5,217821.5944
2025-11-06 20:00:00,1.224,1.239,1.21,1.232,149717.4,183562.1366
2025-11-07 00:00:00,1.232,1.293,1.231,1.289,240801.3,302981.1879
2025-11-07 04:00:00,1.289,1.343,1.272,1.343,207579.3,270628.7245
2025-11-07 08:00:00,1.343,1.349,1.281,1.3,448926.5,591549.8226
2025-11-07 12:00:00,1.3,1.344,1.256,1.339,637418.3,822951.4933
2025-11-07 16:00:00,1.339,1.512,1.335,1.491,893910.2,1286917.2785
2025-11-07 20:00:00,1.491,1.526,1.473,1.503,257691.7,388039.6718
2025-11-08 00:00:00,1.503,1.557,1.473,1.473,309298.8,470921.5182
2025-11-08 04:00:00,1.473,1.502,1.418,1.435,254495.6,370329.1247
2025-11-08 08:00:00,1.435,1.458,1.413,1.441,103919.3,149036.9586
2025-11-08 12:00:00,1.441,1.456,1.366,1.448,1098518.1,1559163.6812
2025-11-08 16:00:00,1.448,1.451,1.404,1.434,1130674.0,1613886.4423
2025-11-08 20:00:00,1.434,1.516,1.429,1.479,612913.6,907314.1259
2025-11-09 00:00:00,1.479,1.48,1.362,1.37,255474.0,359775.8868
2025-11-09 04:00:00,1.37,1.402,1.369,1.399,175383.7,243467.1847
2025-11-09 08:00:00,1.399,1.405,1.358,1.398,159231.5,220216.5101
2025-11-09 12:00:00,1.398,1.445,1.397,1.438,178676.5,254469.225
2025-11-09 16:00:00,1.438,1.463,1.429,1.463,54915.4,79200.4053
2025-11-09 20:00:00,1.463,1.467,1.428,1.439,68007.3,98376.0395
2025-11-10 00:00:00,1.439,1.464,1.427,1.456,64863.4,94049.3445
2025-11-10 04:00:00,1.456,1.47,1.437,1.449,109957.1,159843.4876
2025-11-10 08:00:00,1.449,1.467,1.427,1.455,120235.4,173746.9847
2025-11-10 12:00:00,1.455,1.46,1.411,1.43,156029.3,223418.7128
2025-11-10 16:00:00,1.43,1.462,1.405,1.45,127080.8,181939.6302
2025-11-10 20:00:00,1.45,1.489,1.439,1.468,123370.5,180264.2823
2025-11-11 00:00:00,1.468,1.492,1.44,1.47,76628.0,111891.6184
2025-11-11 04:00:00,1.47,1.472,1.394,1.395,197239.6,280020.0367
2025-11-11 08:00:00,1.395,1.424,1.391,1.416,71056.3,99836.4615
2025-11-11 12:00:00,1.416,1.426,1.397,1.409,84177.9,118917.2463
2025-11-11 16:00:00,1.409,1.43,1.365,1.367,121969.6,170785.8257
2025-11-11 20:00:00,1.367,1.378,1.346,1.353,104790.8,142257.8435
2025-11-12 00:00:00,1.353,1.386,1.343,1.377,158282.0,216129.1013
2025-11-12 04:00:00,1.377,1.4,1.371,1.372,58564.0,80832.0551
2025-11-12 08:00:00,1.372,1.42,1.372,1.409,122836.6,173148.6741
2025-11-12 12:00:00,1.409,1.426,1.358,1.363,290880.4,404306.9621
2025-11-12 16:00:00,1.363,1.366,1.288,1.313,463562.1,614146.3138
2025-11-12 20:00:00,1.313,1.334,1.303,1.316,31304.3,41298.1658
2025-11-13 00:00:00,1.316,1.348,1.306,1.336,172541.9,229533.5662
2025-11-13 04:00:00,1.336,1.351,1.326,1.334,85696.6,114603.7506
2025-11-13 08:00:00,1.334,1.362,1.332,1.352,99926.9,134669.7414
2025-11-13 12:00:00,1.352,1.389,1.334,1.342,416161.3,566442.1698
2025-11-13 16:00:00,1.342,1.344,1.235,1.241,424684.6,538625.547
2025-11-13 20:00:00,1.241,1.288,1.226,1.277,119085.0,148822.0359
2025-11-14 00:00:00,1.277,1.291,1.255,1.261,122234.5,155760.2226
2025-11-14 04:00:00,1.261,1.282,1.208,1.271,405639.2,505833.8979
2025-11-14 08:00:00,1.271,1.275,1.245,1.254,70755.0,88901.7151
2025-11-14 12:00:00,1.254,1.289,1.228,1.275,342955.6,430891.913
2025-11-14 16:00:00,1.275,1.291,1.265,1.283,159265.8,203948.0347
2025-11-14 20:00:00,1.283,1.286,1.219,1.249,314033.4,391377.7753
2025-11-15 00:00:00,1.249,1.289,1.247,1.285,83654.3,106080.7184
2025-11-15 04:00:00,1.285,1.302,1.279,1.279,36012.3,46307.6846
2025-11-15 08:00:00,1.279,1.281,1.241,1.26,92485.1,116161.837
2025-11-15 12:00:00,1.26,1.284,1.257,1.279,53636.7,68428.6135
2025-11-15 16:00:00,1.279,1.294,1.267,1.287,96140.6,123555.6147
2025-11-15 20:00:00,1.287,1.292,1.271,1.279,22418.7,28690.7138
2025-11-16 00:00:00,1.279,1.305,1.257,1.292,56385.7,71953.2273
2025-11-16 04:00:00,1.292,1.294,1.278,1.294,37029.9,47695.2435
2025-11-16 08:00:00,1.294,1.304,1.265,1.266,93320.2,120213.3932
2025-11-16 12:00:00,1.266,1.276,1.226,1.226,148952.5,186054.5409
2025-11-16 16:00:00,1.226,1.24,1.193,1.214,256733.2,311957.6253
2025-11-16 20:00:00,1.214,1.244,1.2,1.235,142312.6,173598.0802
2025-11-17 00:00:00,1.235,1.261,1.219,1.261,118222.5,146816.2405
2025-11-17 04:00:00,1.261,1.265,1.248,1.259,22907.6,28821.169
2025-11-17 08:00:00,1.259,1.29,1.259,1.283,69440.4,88551.9762
2025-11-17 12:00:00,1.283,1.291,1.232,1.237,221409.9,278359.4633
2025-11-17 16:00:00,1.237,1.257,1.182,1.189,347005.2,419800.596
2025-11-17 20:00:00,1.189,1.215,1.175,1.213,257143.0,307119.1002
2025-11-18 00:00:00,1.213,1.236,1.189,1.231,193173.1,234374.5131
2025-11-18 04:00:00,1.231,1.253,1.213,1.239,153374.0,189342.0446
2025-11-18 08:00:00,1.239,1.287,1.239,1.253,574597.6,730217.9252
2025-11-18 12:00:00,1.253,1.273,1.233,1.264,134634.3,168584.0011
2025-11-18 16:00:00,1.264,1.295,1.262,1.283,61915.6,79470.8517
2025-11-18 20:00:00,1.283,1.332,1.283,1.305,311302.7,408707.1496
2025-11-19 00:00:00,1.305,1.35,1.289,1.308,532198.3,704230.005
2025-11-19 04:00:00,1.308,1.32,1.263,1.287,367111.5,472182.2917
2025-11-19 08:00:00,1.287,1.288,1.255,1.255,180330.1,229260.4881
2025-11-19 12:00:00,1.255,1.272,1.223,1.225,168274.9,210316.8511
2025-11-19 16:00:00,1.225,1.232,1.173,1.183,332953.5,398427.7366
2025-11-19 20:00:00,1.183,1.233,1.182,1.228,241291.8,293676.8215
2025-11-20 00:00:00,1.228,1.239,1.219,1.232,81378.3,99992.0053
2025-11-20 04:00:00,1.232,1.266,1.231,1.265,81711.0,102003.2917
2025-11-20 08:00:00,1.265,1.332,1.262,1.324,381430.9,497685.0449
2025-11-20 12:00:00,1.324,1.38,1.305,1.305,1664244.6,2235793.3827
2025-11-20 16:00:00,1.305,1.308,1.179,1.2,771723.3,956449.0108
2025-11-20 20:00:00,1.2,1.226,1.182,1.201,216519.8,259955.2065
2025-11-21 00:00:00,1.201,1.237,1.182,1.228,1338367.2,1626464.7384
2025-11-21 04:00:00,1.228,1.229,1.061,1.128,1646473.3,1890505.5615
2025-11-21 08:00:00,1.128,1.141,1.102,1.104,224188.4,251448.5435
2025-11-21 12:00:00,1.104,1.14,1.083,1.113,299644.8,332878.3768
2025-11-21 16:00:00,1.113,1.154,1.099,1.128,150568.0,170268.1901
2025-11-21 20:00:00,1.128,1.132,1.073,1.116,188306.0,207489.3144
2025-11-22 00:00:00,1.116,1.116,1.091,1.097,42147.4,46407.5789
2025-11-22 04:00:00,1.097,1.104,1.071,1.099,133427.2,144734.9394
2025-11-22 08:00:00,1.099,1.099,1.065,1.086,110073.1,118255.938
2025-11-22 12:00:00,1.086,1.096,1.066,1.083,148134.1,161244.301
2025-11-22 16:00:00,1.083,1.1,1.083,1.089,11861.9,12987.2343
2025-11-22 20:00:00,1.089,1.113,1.081,1.098,51493.2,56314.3419
2025-11-23 00:00:00,1.098,1.114,1.091,1.109,106811.7,118135.5467
2025-11-23 04:00:00,1.109,1.118,1.096,1.111,92409.1,102606.1118
2025-11-23 08:00:00,1.111,1.117,1.1,1.112,36434.8,40442.6428
2025-11-23 12:00:00,1.112,1.124,1.101,1.114,271583.0,302257.6621
2025-11-23 16:00:00,1.114,1.114,1.096,1.102,92297.2,101818.4844
2025-11-23 20:00:00,1.102,1.109,1.093,1.097,104920.7,115524.2095
2025-11-24 00:00:00,1.097,1.118,1.086,1.108,180647.0,198916.4883
2025-11-24 04:00:00,1.108,1.118,1.093,1.098,123362.7,136236.9463
2025-11-24 08:00:00,1.098,1.1,1.076,1.092,72953.1,79318.3012
2025-11-24 12:00:00,1.092,1.108,1.079,1.106,236554.0,258705.7805
2025-11-24 16:00:00,1.106,1.165,1.106,1.153,272616.8,311975.446
2025-11-24 20:00:00,1.153,1.165,1.141,1.146,92245.2,106469.7932
2025-11-25 00:00:00,1.146,1.149,1.128,1.135,91793.0,104631.4596
2025-11-25 04:00:00,1.135,1.141,1.125,1.125,133652.7,151264.8267
2025-11-25 08:00:00,1.125,1.131,1.111,1.111,200305.0,224610.9858
2025-11-25 12:00:00,1.111,1.126,1.088,1.11,330212.0,365971.0394
2025-11-25 16:00:00,1.11,1.134,1.109,1.129,169730.4,190472.3842
2025-11-25 20:00:00,1.129,1.16,1.121,1.151,184002.4,209991.8346
2025-11-26 00:00:00,1.151,1.154,1.134,1.135,95104.5,108951.4942
2025-11-26 04:00:00,1.135,1.136,1.127,1.132,77152.2,87291.1391
2025-11-26 08:00:00,1.132,1.134,1.109,1.11,95615.7,106849.2553
2025-11-26 12:00:00,1.11,1.117,1.097,1.106,323436.3,357691.5609
2025-11-26 16:00:00,1.106,1.17,1.106,1.161,249332.2,286083.2421
2025-11-26 20:00:00,1.161,1.165,1.153,1.156,81258.4,94087.9371
2025-11-27 00:00:00,1.156,1.162,1.148,1.148,118130.0,136397.1552
2025-11-27 04:00:00,1.148,1.159,1.145,1.157,27477.9,31632.8752
2025-11-27 08:00:00,1.157,1.17,1.149,1.166,189425.0,219589.6124
2025-11-27 12:00:00,1.166,1.168,1.154,1.161,89824.2,104142.5848
2025-11-27 16:00:00,1.161,1.182,1.161,1.177,70648.2,82929.7306
2025-11-27 20:00:00,1.177,1.178,1.151,1.16,67770.0,78793.6987
2025-11-28 00:00:00,1.16,1.16,1.134,1.143,168748.5,193283.9049
2025-11-28 04:00:00,1.143,1.147,1.134,1.139,436673.2,498339.0718
2025-11-28 08:00:00,1.139,1.169,1.139,1.155,232375.7,268995.5768
2025-11-28 12:00:00,1.155,1.169,1.146,1.161,128987.6,149867.7182
2025-11-28 16:00:00,1.161,1.163,1.121,1.138,324549.8,368133.8522
2025-11-28 20:00:00,1.138,1.139,1.127,1.134,132854.0,150612.9885
2025-11-29 00:00:00,1.134,1.145,1.129,1.137,99233.6,112825.4649
2025-11-29 04:00:00,1.137,1.143,1.128,1.135,119202.5,135250.2556
2025-11-29 08:00:00,1.135,1.135,1.117,1.129,84039.8,94555.0238
2025-11-29 12:00:00,1.129,1.13,1.118,1.123,60986.2,68510.0857
2025-11-29 16:00:00,1.123,1.124,1.102,1.109,166826.6,185088.5849
2025-11-29 20:00:00,1.109,1.11,1.103,1.107,54841.3,60683.8642
2025-11-30 00:00:00,1.107,1.112,1.094,1.109,46637.6,51518.5213
2025-11-30 04:00:00,1.109,1.111,1.098,1.106,24296.9,26831.6328
2025-11-30 08:00:00,1.106,1.113,1.093,1.095,48447.3,53393.8911
2025-11-30 12:00:00,1.095,1.118,1.088,1.103,93224.6,103096.6172
2025-11-30 16:00:00,1.103,1.113,1.103,1.108,12494.6,13843.1457
2025-11-30 20:00:00,1.108,1.11,1.083,1.083,43033.7,47274.4563
2025-12-01 00:00:00,1.083,1.086,0.987,0.989,1257099.7,1304088.5987
2025-12-01 04:00:00,0.989,1.005,0.984,0.997,167999.9,166831.0393
2025-12-01 08:00:00,0.997,1.006,0.995,1.001,42053.6,42109.5273
2025-12-01 12:00:00,1.001,1.017,0.982,0.998,438520.8,436687.596
2025-12-01 16:00:00,0.998,1.0,0.983,0.994,110050.8,109579.1517
2025-12-01 20:00:00,0.994,1.019,0.994,1.014,69414.9,70167.2427
2025-12-02 00:00:00,1.014,1.022,0.998,1.006,190057.7,192614.8464
2025-12-02 04:00:00,1.006,1.01,1.004,1.007,11782.5,11861.8039
2025-12-02 08:00:00,1.007,1.017,0.997,1.014,58273.7,58687.801
2025-12-02 12:00:00,1.014,1.107,1.014,1.104,394481.2,414573.0406
2025-12-02 16:00:00,1.104,1.117,1.097,1.097,106224.1,117407.6613
2025-12-02 20:00:00,1.097,1.104,1.082,1.092,117112.6,127858.2046
2025-12-03 00:00:00,1.092,1.107,1.087,1.106,33888.2,37197.9212
2025-12-03 04:00:00,1.106,1.122,1.102,1.12,143549.7,160196.7237
2025-12-03 08:00:00,1.12,1.123,1.106,1.113,114969.5,128113.3814
2025-12-03 12:00:00,1.113,1.121,1.09,1.111,498714.1,551271.0809
2025-12-03 16:00:00,1.111,1.145,1.107,1.138,215534.1,242287.6664
2025-12-03 20:00:00,1.138,1.155,1.136,1.143,162530.0,186234.5729
2025-12-04 00:00:00,1.143,1.154,1.131,1.133,82668.9,94235.2096
2025-12-04 04:00:00,1.133,1.133,1.113,1.118,163976.8,183934.2705
2025-12-04 08:00:00,1.118,1.13,1.11,1.115,147396.1,164767.0394
2025-12-04 12:00:00,1.115,1.123,1.099,1.118,176673.5,195814.6346
2025-12-04 16:00:00,1.118,1.118,1.065,1.087,212409.4,229317.3635
2025-12-04 20:00:00,1.087,1.093,1.076,1.079,21645.0,23499.3336
2025-12-05 00:00:00,1.079,1.092,1.079,1.079,95566.0,103702.7121
2025-12-05 04:00:00,1.079,1.091,1.073,1.087,49602.8,53559.5376
2025-12-05 08:00:00,1.087,1.087,1.054,1.059,71029.2,75767.1342
2025-12-05 12:00:00,1.059,1.069,1.042,1.048,184094.3,194257.5918
2025-12-05 16:00:00,1.048,1.051,1.004,1.022,298557.1,306290.1814
2025-12-05 20:00:00,1.022,1.033,1.017,1.029,56826.1,58223.1962
2025-12-06 00:00:00,1.029,1.034,1.02,1.032,25730.2,26378.9131
2025-12-06 04:00:00,1.032,1.034,1.022,1.029,14473.6,14909.3105
2025-12-06 08:00:00,1.029,1.046,1.025,1.045,50897.4,52540.6028
2025-12-06 12:00:00,1.045,1.079,1.044,1.076,238844.0,254812.4942
2025-12-06 16:00:00,1.076,1.089,1.06,1.06,283890.5,304634.7208
2025-12-06 20:00:00,1.06,1.076,1.06,1.067,120636.0,128985.8297
2025-12-07 00:00:00,1.067,1.081,1.065,1.071,19964.7,21407.6053
2025-12-07 04:00:00,1.071,1.077,1.061,1.063,21924.0,23470.6087
2025-12-07 08:00:00,1.063,1.063,1.039,1.045,77379.1,81046.331
2025-12-07 12:00:00,1.045,1.049,1.006,1.042,347237.4,355392.9536
2025-12-07 16:00:00,1.042,1.055,1.021,1.051,76161.4,79555.2489
2025-12-07 20:00:00,1.051,1.052,1.002,1.018,123625.6,125754.1847
2025-12-08 00:00:00,1.018,1.042,1.013,1.038,44172.9,45401.6746
2025-12-08 04:00:00,1.038,1.054,1.038,1.054,51254.0,53674.8908
2025-12-08 08:00:00,1.054,1.067,1.051,1.059,66759.2,70718.4831
2025-12-08 12:00:00,1.059,1.065,1.038,1.046,165789.8,174277.9843
2025-12-08 16:00:00,1.046,1.062,1.029,1.036,136022.5,142054.4818
2025-12-08 20:00:00,1.036,1.047,1.031,1.042,27975.1,29014.8774
2025-12-09 00:00:00,1.042,1.043,1.022,1.033,64959.2,66878.4121
2025-12-09 04:00:00,1.033,1.033,1.017,1.032,58280.1,59724.1734
2025-12-09 08:00:00,1.032,1.035,1.022,1.032,27866.8,28686.4427
2025-12-09 12:00:00,1.032,1.079,1.031,1.079,458531.2,477923.9581
2025-12-09 16:00:00,1.079,1.134,1.079,1.12,176631.7,197235.2594
2025-12-09 20:00:00,1.12,1.128,1.1,1.119,35028.1,38889.0259
2025-12-10 00:00:00,1.119,1.125,1.096,1.104,71841.3,79357.8127
2025-12-10 04:00:00,1.104,1.105,1.088,1.096,37971.5,41530.2263
2025-12-10 08:00:00,1.096,1.099,1.071,1.077,160995.8,174950.8601
2025-12-10 12:00:00,1.077,1.083,1.068,1.08,52468.5,56499.0703
2025-12-10 16:00:00,1.08,1.118,1.079,1.113,485443.1,534154.9281
2025-12-10 20:00:00,1.113,1.135,1.075,1.089,452636.7,498306.7509
2025-12-11 00:00:00,1.089,1.089,1.015,1.019,383540.0,402458.8586
2025-12-11 04:00:00,1.019,1.035,1.011,1.023,103475.2,106055.644
2025-12-11 08:00:00,1.023,1.028,1.016,1.025,55452.7,56810.392
2025-12-11 12:00:00,1.025,1.035,1.014,1.022,97262.8,99453.1675
2025-12-11 16:00:00,1.022,1.042,1.015,1.032,79145.0,81642.2323
2025-12-11 20:00:00,1.032,1.063,1.032,1.049,98725.1,103956.8383
2025-12-12 00:00:00,1.049,1.055,1.032,1.044,55541.8,57739.352
2025-12-12 04:00:00,1.044,1.051,1.036,1.044,46408.1,48471.5917
2025-12-12 08:00:00,1.044,1.05,1.032,1.044,49694.5,51698.3475
2025-12-12 12:00:00,1.044,1.05,0.987,0.995,139647.5,143217.2445
2025-12-12 16:00:00,0.995,1.004,0.976,0.994,266670.6,263682.1419
2025-12-12 20:00:00,0.994,1.013,0.993,1.008,158790.1,159499.234
2025-12-13 00:00:00,1.008,1.015,1.002,1.01,85521.8,86214.9926
2025-12-13 04:00:00,1.01,1.017,1.005,1.015,65173.1,65876.9641
2025-12-13 08:00:00,1.015,1.02,1.012,1.013,97516.2,99053.2497
2025-12-13 12:00:00,1.013,1.018,1.004,1.011,67697.2,68332.6895
2025-12-13 16:00:00,1.011,1.015,1.006,1.011,26906.1,27214.0654
2025-12-13 20:00:00,1.011,1.013,0.994,1.007,59442.1,59520.9951
2025-12-14 00:00:00,1.007,1.013,1.005,1.008,17663.2,17832.2617
2025-12-14 04:00:00,1.008,1.009,0.991,0.995,75544.0,75277.54
2025-12-14 08:00:00,0.995,0.999,0.973,0.985,224679.0,221105.7861
2025-12-14 12:00:00,0.985,0.988,0.969,0.973,131619.1,128774.2169
2025-12-14 16:00:00,0.973,0.983,0.961,0.964,195499.6,189585.1999
2025-12-14 20:00:00,0.964,0.97,0.947,0.963,246792.1,236555.5919
2025-12-15 00:00:00,0.963,0.992,0.958,0.978,136852.7,133081.8467
2025-12-15 04:00:00,0.978,0.993,0.977,0.98,57795.2,56909.4744
2025-12-15 08:00:00,0.98,0.988,0.979,0.981,29477.9,28950.1218
2025-12-15 12:00:00,0.981,0.986,0.926,0.933,413131.1,392555.6712
2025-12-15 16:00:00,0.933,0.937,0.896,0.91,176955.8,163128.9223
2025-12-15 20:00:00,0.91,0.927,0.903,0.925,40475.9,37013.3433
2025-12-16 00:00:00,0.925,0.925,0.904,0.908,87583.7,79604.2866
2025-12-16 04:00:00,0.908,0.909,0.888,0.901,58600.8,52629.9433
2025-12-16 08:00:00,0.901,0.932,0.901,0.931,85522.1,78964.5298
2025-12-16 12:00:00,0.931,0.933,0.908,0.926,203277.6,187182.1587
2025-12-16 16:00:00,0.926,0.932,0.916,0.923,68893.4,63432.4273
2025-12-16 20:00:00,0.923,0.928,0.918,0.921,22251.2,20485.1372
2025-12-17 00:00:00,0.921,0.921,0.903,0.904,118527.2,108174.0212
2025-12-17 04:00:00,0.904,0.906,0.892,0.898,80416.1,72289.5485
2025-12-17 08:00:00,0.898,0.899,0.878,0.892,105971.1,94119.9469
2025-12-17 12:00:00,0.892,0.941,0.891,0.902,320509.0,293638.1777
2025-12-17 16:00:00,0.902,0.91,0.856,0.873,473698.7,416087.2787
2025-12-17 20:00:00,0.873,0.876,0.858,0.868,129284.6,112180.8393
2025-12-18 00:00:00,0.868,0.869,0.834,0.84,436003.0,370918.702
2025-12-18 04:00:00,0.84,0.845,0.823,0.833,127664.2,106405.6819
2025-12-18 08:00:00,0.833,0.845,0.833,0.84,106793.6,89609.5135
2025-12-18 12:00:00,0.84,0.878,0.84,0.863,183021.0,157347.3891
2025-12-18 16:00:00,0.863,0.872,0.79,0.792,583061.2,481275.0093
2025-12-18 20:00:00,0.792,0.82,0.791,0.809,134653.4,108561.6647
2025-12-19 00:00:00,0.809,0.826,0.789,0.815,210435.0,169422.8742
2025-12-19 04:00:00,0.815,0.839,0.815,0.828,48735.0,40171.0509
2025-12-19 08:00:00,0.828,0.837,0.828,0.835,20970.0,17452.7333
2025-12-19 12:00:00,0.835,0.873,0.833,0.856,68610.4,58558.0524
2025-12-19 16:00:00,0.856,0.885,0.85,0.883,30825.9,26709.1322
2025-12-19 20:00:00,0.883,0.885,0.869,0.876,81849.0,71729.6347
2025-12-20 00:00:00,0.876,0.877,0.868,0.876,20039.6,17469.1769
2025-12-20 04:00:00,0.876,0.879,0.868,0.879,58512.0,50970.6835
2025-12-20 08:00:00,0.879,0.883,0.871,0.878,24941.6,21881.5556
2025-12-20 12:00:00,0.878,0.879,0.869,0.875,56984.0,49899.356
2025-12-20 16:00:00,0.875,0.877,0.868,0.871,24957.1,21727.1306
2025-12-20 20:00:00,0.871,0.883,0.87,0.877,18658.3,16380.6879
2025-12-21 00:00:00,0.877,0.878,0.849,0.86,238032.9,204841.9288
2025-12-21 04:00:00,0.86,0.865,0.859,0.863,30159.7,25960.6986
2025-12-21 08:00:00,0.863,0.869,0.857,0.857,13240.0,11407.2399
2025-12-21 12:00:00,0.857,0.864,0.826,0.839,124115.4,104216.4525
2025-12-21 16:00:00,0.839,0.848,0.837,0.844,35399.3,29819.0613
2025-12-21 20:00:00,0.844,0.858,0.835,0.851,36817.8,31088.4494
2025-12-22 00:00:00,0.851,0.874,0.836,0.849,69934.1,59546.8387
2025-12-22 04:00:00,0.849,0.857,0.848,0.856,1600.5,1363.1128
2025-12-22 08:00:00,0.856,0.865,0.853,0.856,7432.5,6373.7221
2025-12-22 12:00:00,0.856,0.865,0.85,0.859,22763.3,19493.8945
2025-12-22 16:00:00,0.859,0.866,0.842,0.842,56867.7,48557.5115
2025-12-22 20:00:00,0.842,0.849,0.834,0.844,103427.3,86889.2556
2025-12-23 00:00:00,0.844,0.855,0.837,0.838,11748.9,9955.865
2025-12-23 04:00:00,0.838,0.838,0.822,0.828,79332.2,65413.896
2025-12-23 08:00:00,0.828,0.833,0.823,0.828,20762.2,17181.6315
2025-12-23 12:00:00,0.828,0.828,0.811,0.82,242848.8,199406.3438
2025-12-23 16:00:00,0.82,0.853,0.82,0.851,103834.1,86982.9508
2025-12-23 20:00:00,0.851,0.875,0.851,0.856,53168.7,45795.9558
2025-12-24 00:00:00,0.856,0.857,0.833,0.838,208539.8,175973.588
2025-12-24 04:00:00,0.838,0.84,0.825,0.831,8707.6,7255.9128
2025-12-24 08:00:00,0.831,0.834,0.822,0.832,83223.9,69140.7995
2025-12-24 12:00:00,0.832,0.837,0.822,0.832,62335.7,51609.1275
2025-12-24 16:00:00,0.832,0.835,0.824,0.83,29073.9,24062.4032
2025-12-24 20:00:00,0.83,0.844,0.829,0.841,40510.3,33832.144
2025-12-25 00:00:00,0.841,0.848,0.834,0.845,110089.6,92251.5378
2025-12-25 04:00:00,0.845,0.852,0.841,0.852,56000.9,47363.0629
2025-12-25 08:00:00,0.852,0.856,0.838,0.839,189606.8,160293.0415
2025-12-25 12:00:00,0.839,0.855,0.834,0.854,110534.4,92994.5381
2025-12-25 16:00:00,0.854,0.86,0.85,0.859,18937.3,16195.3997
2025-12-25 20:00:00,0.859,0.862,0.82,0.825,256036.5,213209.0483
2025-12-26 00:00:00,0.825,0.861,0.818,0.853,240481.0,199616.7585
2025-12-26 04:00:00,0.853,0.857,0.846,0.846,47867.9,40752.1714
2025-12-26 08:00:00,0.846,0.851,0.843,0.843,108994.3,92157.8237
2025-12-26 12:00:00,0.843,0.845,0.82,0.829,233539.8,194318.91
2025-12-26 16:00:00,0.829,0.835,0.818,0.834,111662.5,92073.5045
2025-12-26 20:00:00,0.834,0.836,0.828,0.829,10231.1,8503.6144
2025-12-27 00:00:00,0.829,0.848,0.828,0.846,24413.5,20395.8001
2025-12-27 04:00:00,0.846,0.847,0.837,0.842,70425.7,59263.9932
2025-12-27 08:00:00,0.842,0.855,0.828,0.854,111912.7,93891.5511
2025-12-27 12:00:00,0.854,0.857,0.84,0.853,20090.6,17013.5905
2025-12-27 16:00:00,0.853,0.855,0.849,0.852,7409.5,6314.2798
2025-12-27 20:00:00,0.852,0.872,0.848,0.871,52477.1,45252.7945
2025-12-28 00:00:00,0.871,0.883,0.867,0.877,27635.1,24155.2342
2025-12-28 04:00:00,0.877,0.899,0.877,0.89,94769.5,84205.6328
2025-12-28 08:00:00,0.89,0.913,0.881,0.888,83033.7,74515.7804
2025-12-28 12:00:00,0.888,0.888,0.87,0.875,31142.3,27279.0979
2025-12-28 16:00:00,0.875,0.876,0.85,0.852,56642.4,48732.9405
2025-12-28 20:00:00,0.852,0.857,0.843,0.856,224351.8,190725.5063
2025-12-29 00:00:00,0.856,0.877,0.854,0.877,33709.7,29236.7276
2025-12-29 04:00:00,0.877,0.878,0.863,0.871,14820.2,12886.9342
2025-12-29 08:00:00,0.871,0.873,0.85,0.856,42969.1,36842.2453
2025-12-29 12:00:00,0.856,0.856,0.833,0.849,351122.7,295773.4655
2025-12-29 16:00:00,0.849,0.849,0.83,0.833,21596.2,18072.3633
2025-12-29 20:00:00,0.833,0.834,0.819,0.828,73408.5,60743.9827
2025-12-30 00:00:00,0.828,0.832,0.818,0.828,27008.8,22269.9075
2025-12-30 04:00:00,0.828,0.843,0.824,0.839,23221.9,19476.6524
2025-12-30 08:00:00,0.839,0.846,0.83,0.835,35163.8,29437.672
2025-12-30 12:00:00,0.835,0.839,0.822,0.838,67798.6,56453.13
2025-12-30 16:00:00,0.838,0.84,0.821,0.829,87589.1,72656.5818
2025-12-30 20:00:00,0.829,0.83,0.821,0.83,19522.8,16114.597
2025-12-31 00:00:00,0.83,0.832,0.822,0.826,63199.2,52254.4251
2025-12-31 04:00:00,0.826,0.826,0.814,0.819,92447.8,75887.4304
2025-12-31 08:00:00,0.819,0.828,0.813,0.828,47014.5,38594.671
2025-12-31 12:00:00,0.828,0.83,0.815,0.815,70263.1,57745.3481
2025-12-31 16:00:00,0.815,0.816,0.786,0.803,153228.0,123004.7417
2025-12-31 20:00:00,0.803,0.809,0.796,0.804,20385.6,16400.9034
2026-01-01 00:00:00,0.804,0.81,0.795,0.796,33763.8,27075.2382
2026-01-01 04:00:00,0.796,0.808,0.792,0.804,16524.6,13199.7708
2026-01-01 08:00:00,0.804,0.815,0.801,0.812,20085.1,16216.6236
2026-01-01 12:00:00,0.812,0.838,0.808,0.834,90562.9,74729.5738
2026-01-01 16:00:00,0.834,0.859,0.831,0.859,51205.1,42953.8245
2026-01-01 20:00:00,0.859,0.875,0.855,0.869,60738.9,52445.2668
2026-01-02 00:00:00,0.869,0.895,0.865,0.895,95747.6,84160.709
2026-01-02 04:00:00,0.895,0.902,0.88,0.883,52526.0,46808.2386
2026-01-02 08:00:00,0.883,0.903,0.881,0.89,59994.6,53741.7634
2026-01-02 12:00:00,0.89,0.925,0.885,0.898,140886.2,127985.6165
2026-01-02 16:00:00,0.898,0.923,0.895,0.908,39681.1,36020.4824
2026-01-02 20:00:00,0.908,0.919,0.906,0.915,43465.2,39750.1804
2026-01-03 00:00:00,0.915,0.929,0.909,0.928,13052.8,11942.7293
2026-01-03 04:00:00,0.928,0.931,0.889,0.896,43040.5,39120.7263
2026-01-03 08:00:00,0.896,0.903,0.89,0.893,32688.3,29282.7278
2026-01-03 12:00:00,0.893,0.904,0.892,0.897,16386.7,14739.7178
2026-01-03 16:00:00,0.897,0.914,0.895,0.909,14803.6,13442.4156
2026-01-03 20:00:00,0.909,0.917,0.903,0.914,44017.3,40086.2365
2026-01-04 00:00:00,0.914,0.932,0.914,0.929,45588.3,41963.3441
2026-01-04 04:00:00,0.929,0.942,0.921,0.926,38502.5,35751.6332
2026-01-04 08:00:00,0.926,0.941,0.92,0.941,53723.6,49951.2281
2026-01-04 12:00:00,0.941,0.962,0.939,0.96,45859.3,43544.4221
2026-01-04 16:00:00,0.96,0.982,0.948,0.96,169814.3,164279.7413
2026-01-04 20:00:00,0.96,0.973,0.958,0.961,208927.4,202254.8903
2026-01-05 00:00:00,0.961,0.988,0.958,0.971,110276.1,107160.5818
2026-01-05 04:00:00,0.971,0.971,0.943,0.958,57989.3,55406.7099
2026-01-05 08:00:00,0.958,0.958,0.935,0.945,60737.1,57134.0437
2026-01-05 12:00:00,0.945,0.973,0.939,0.967,27935.3,26683.7221
2026-01-05 16:00:00,0.967,0.993,0.956,0.982,158789.1,156303.9458
2026-01-05 20:00:00,0.982,0.994,0.976,0.985,101930.3,100224.5667
2026-01-06 00:00:00,0.985,0.995,0.968,0.989,95774.6,94138.7671
2026-01-06 04:00:00,0.989,0.998,0.973,0.978,140409.9,138760.8356
2026-01-06 08:00:00,0.978,0.99,0.972,0.989,39194.1,38389.2506
2026-01-06 12:00:00,0.989,1.017,0.987,0.993,215320.4,215834.1043
2026-01-06 16:00:00,0.993,0.993,0.944,0.961,188056.4,181695.4444
2026-01-06 20:00:00,0.961,1.003,0.961,1.0,98248.5,97388.9862
2026-01-07 00:00:00,1.0,1.0,0.963,0.971,40745.5,40078.6727
2026-01-07 04:00:00,0.971,0.985,0.963,0.983,15962.8,15501.6455
2026-01-07 08:00:00,0.983,0.994,0.968,0.976,18311.5,18011.8865
2026-01-07 12:00:00,0.976,0.976,0.937,0.944,251644.9,243202.3075
2026-01-07 16:00:00,0.944,0.953,0.937,0.949,57632.3,54440.9761
2026-01-07 20:00:00,0.949,0.955,0.938,0.952,43943.0,41729.1506
2026-01-08 00:00:00,0.952,0.96,0.94,0.943,127350.3,121499.7013
2026-01-08 04:00:00,0.943,0.964,0.921,0.942,132491.5,124192.8765
2026-01-08 08:00:00,0.942,0.946,0.917,0.93,69647.8,64803.7036
2026-01-08 12:00:00,0.93,0.943,0.91,0.943,71741.2,66178.3629
2026-01-08 16:00:00,0.943,0.954,0.935,0.941,22542.8,21284.4566
2026-01-08 20:00:00,0.941,0.962,0.934,0.951,86876.2,82693.8207
2026-01-09 00:00:00,0.951,0.96,0.939,0.959,54790.6,52095.3474
2026-01-09 04:00:00,0.959,0.964,0.953,0.957,24078.1,23098.9903
2026-01-09 08:00:00,0.957,0.957,0.937,0.947,26141.7,24836.7418
2026-01-09 12:00:00,0.947,0.972,0.937,0.956,31364.7,30002.0442
2026-01-09 16:00:00,0.956,0.978,0.938,0.943,12110.6,11612.7082
2026-01-09 20:00:00,0.943,0.953,0.941,0.948,3512.8,3321.4625
2026-01-10 00:00:00,0.948,0.951,0.94,0.948,6643.8,6287.2878
2026-01-10 04:00:00,0.948,0.958,0.933,0.952,16196.8,15293.689
2026-01-10 08:00:00,0.952,0.967,0.952,0.966,27102.1,25966.1402
2026-01-10 12:00:00,0.966,0.977,0.963,0.967,38595.7,37477.8577
2026-01-10 16:00:00,0.967,0.976,0.956,0.974,21553.9,20776.7396
2026-01-10 20:00:00,0.974,0.979,0.948,0.956,12706.3,12179.2725
2026-01-11 00:00:00,0.956,0.96,0.953,0.955,12148.3,11613.9175
2026-01-11 04:00:00,0.955,0.959,0.95,0.958,3170.1,3026.671
2026-01-11 08:00:00,0.958,0.964,0.956,0.959,3422.5,3285.5642
2026-01-11 12:00:00,0.959,0.97,0.956,0.956,24063.5,23190.1533
2026-01-11 16:00:00,0.956,0.974,0.956,0.963,32966.8,31923.8885
2026-01-11 20:00:00,0.963,0.966,0.945,0.956,11967.5,11419.9338
2026-01-12 00:00:00,0.956,0.987,0.942,0.971,43050.6,41339.2872
2026-01-12 04:00:00,0.971,0.983,0.953,0.953,18394.1,17870.6196
2026-01-12 08:00:00,0.953,0.956,0.922,0.929,32836.5,30749.9567
2026-01-12 12:00:00,0.929,0.931,0.904,0.93,56247.4,51512.6148
2026-01-12 16:00:00,0.93,0.943,0.914,0.923,29366.9,27289.1571
2026-01-12 20:00:00,0.923,0.927,0.899,0.905,43413.5,39476.7691
2026-01-13 00:00:00,0.905,0.917,0.904,0.916,23118.2,21127.5272
2026-01-13 04:00:00,0.916,0.943,0.916,0.938,29247.7,27147.0693
2026-01-13 08:00:00,0.938,0.971,0.937,0.97,86492.2,82809.7773
2026-01-13 12:00:00,0.97,1.112,0.965,1.04,2494779.9,2629697.8688
2026-01-13 16:00:00,1.04,1.053,1.027,1.034,529221.0,550411.4575
2026-01-13 20:00:00,1.034,1.059,1.02,1.056,165052.9,170892.6461
2026-01-14 00:00:00,1.056,1.225,1.05,1.164,2737619.3,3182896.9678
2026-01-14 04:00:00,1.164,1.315,1.154,1.262,4573112.2,5772823.8067
2026-01-14 08:00:00,1.262,1.34,1.231,1.313,3658404.6,4679301.3825
2026-01-14 12:00:00,1.313,1.32,1.233,1.303,2110573.4,2696313.6091
2026-01-14 16:00:00,1.303,1.308,1.195,1.21,888403.8,1109530.4056
2026-01-14 20:00:00,1.21,1.233,1.2,1.218,625943.6,762673.2661
2026-01-15 00:00:00,1.218,1.226,1.099,1.102,924847.7,1064038.2986
2026-01-15 04:00:00,1.102,1.138,1.1,1.126,453066.3,505863.5652
2026-01-15 08:00:00,1.126,1.13,1.106,1.112,449165.2,501546.6103
2026-01-15 12:00:00,1.112,1.116,1.075,1.093,503679.1,552541.558
2026-01-15 16:00:00,1.093,1.097,1.062,1.074,220493.3,237897.0013
2026-01-15 20:00:00,1.074,1.086,1.053,1.085,143193.7,152708.8317
2026-01-16 00:00:00,1.085,1.151,1.066,1.119,800078.0,894887.007
2026-01-16 04:00:00,1.119,1.253,1.11,1.206,1870792.4,2221101.5854
2026-01-16 08:00:00,1.206,1.278,1.173,1.243,2446547.8,3003710.4609
2026-01-16 12:00:00,1.243,1.268,1.217,1.231,2079037.5,2580759.7624
2026-01-16 16:00:00,1.231,1.273,1.208,1.268,1100095.4,1364619.3364
2026-01-16 20:00:00,1.268,1.327,1.246,1.319,1922231.7,2491085.1339
2026-01-17 00:00:00,1.319,1.408,1.287,1.374,5165556.2,7024927.2095
2026-01-17 04:00:00,1.374,1.554,1.358,1.542,9094825.1,13475300.6842
2026-01-17 08:00:00,1.542,1.675,1.491,1.616,13139936.1,21058189.7882
2026-01-17 12:00:00,1.616,2.223,1.611,2.103,39403396.8,75793093.8257
2026-01-17 16:00:00,2.103,2.14,1.858,1.875,14800475.7,29812318.0151
2026-01-17 20:00:00,1.875,1.95,1.775,1.925,10526971.6,19517885.9275
2026-01-18 00:00:00,1.925,2.136,1.839,2.037,16835767.2,33854778.0088
2026-01-18 04:00:00,2.037,2.122,1.944,2.041,10408360.8,21081603.7312
2026-01-18 08:00:00,2.041,2.067,1.816,1.906,12916120.2,25004928.6243
2026-01-18 12:00:00,1.906,1.922,1.799,1.842,9615688.3,17877794.7425
2026-01-18 16:00:00,1.842,1.852,1.774,1.813,4604194.6,8341008.1222
2026-01-18 20:00:00,1.813,2.0,1.791,1.854,8538550.4,16253662.7536
2026-01-19 00:00:00,1.854,1.945,1.678,1.9,11811995.7,21671143.8965
2026-01-19 04:00:00,1.9,1.915,1.733,1.75,4540663.8,8194948.1394
2026-01-19 08:00:00,1.75,1.834,1.706,1.716,4615357.8,8156171.9615
2026-01-19 12:00:00,1.716,1.748,1.661,1.67,4049123.6,6896272.8863
2026-01-19 16:00:00,1.67,1.691,1.647,1.675,1889507.0,3161512.151
2026-01-19 20:00:00,1.675,1.722,1.629,1.644,2433207.7,4065032.2231
2026-01-20 00:00:00,1.644,1.982,1.641,1.95,11340908.2,20430670.9556
2026-01-20 04:00:00,1.95,2.114,1.892,1.918,11064608.9,22190096.9305
2026-01-20 08:00:00,1.918,2.054,1.916,1.968,7669383.7,15293390.3008
2026-01-20 12:00:00,1.968,2.274,1.966,1.989,16220492.3,34760630.9275
2026-01-20 16:00:00,1.989,2.099,1.885,2.006,9609797.5,18983349.3925
2026-01-20 20:00:00,2.006,2.092,1.968,2.067,5262182.9,10689253.0839
2026-01-21 00:00:00,2.067,2.464,2.007,2.373,14470096.0,32173086.3191
2026-01-21 04:00:00,2.373,2.423,2.228,2.312,7570569.7,17578290.8488
2026-01-21 08:00:00,2.312,2.531,2.284,2.347,10226090.0,24423751.6388
2026-01-21 12:00:00,2.347,2.405,2.243,2.255,7174000.3,16662721.5718
2026-01-21 16:00:00,2.255,2.362,2.13,2.33,5697510.8,12703928.7453
2026-01-21 20:00:00,2.33,2.364,2.237,2.342,3186170.4,7382690.1597
2026-01-22 00:00:00,2.342,2.654,2.325,2.55,10011488.2,25092097.8422
2026-01-22 04:00:00,2.55,2.721,2.47,2.493,5407145.5,13926120.6055
2026-01-22 08:00:00,2.493,2.553,2.376,2.518,6639170.0,16363492.8529
2026-01-22 12:00:00,2.518,2.518,2.373,2.399,4593683.5,11245122.5192
2026-01-22 16:00:00,2.399,2.508,2.397,2.48,2809000.6,6904913.4086
2026-01-22 20:00:00,2.48,2.677,2.439,2.659,4851636.2,12507343.4947
2026-01-23 00:00:00,2.659,2.919,2.61,2.807,8539291.2,23879483.8547
2026-01-23 04:00:00,2.807,2.863,2.481,2.653,8971631.2,23903763.8354
2026-01-23 08:00:00,2.653,2.742,2.571,2.728,4860062.2,12909603.812
2026-01-23 12:00:00,2.728,2.967,2.679,2.847,9307893.6,26302588.8607
2026-01-23 16:00:00,2.847,2.926,2.777,2.83,4222129.5,12037669.0548
2026-01-23 20:00:00,2.83,2.993,2.823,2.921,3787596.9,10974807.2213
2026-01-24 00:00:00,2.921,2.989,2.685,2.711,5149148.9,14682412.9884
2026-01-24 04:00:00,2.711,2.932,2.685,2.785,5550033.3,15574941.3805
2026-01-24 08:00:00,2.785,2.822,2.708,2.717,2787986.9,7706396.8006
2026-01-24 12:00:00,2.717,2.766,2.634,2.657,3541276.4,9536748.0968
2026-01-24 16:00:00,2.657,2.669,2.518,2.528,2049373.2,5314022.3262
2026-01-24 20:00:00,2.528,2.773,2.516,2.618,3859114.4,10210794.7662
2026-01-25 00:00:00,2.618,2.624,2.35,2.381,5310509.9,12992051.1035
2026-01-25 04:00:00,2.381,2.395,2.285,2.325,2858729.2,6671624.8951
2026-01-25 08:00:00,2.325,2.345,2.218,2.225,3343793.7,7606323.1263
2026-01-25 12:00:00,2.225,2.299,2.041,2.116,5113855.1,11118451.0742
2026-01-25 16:00:00,2.116,2.137,2.043,2.05,3683680.3,7695459.9784
2026-01-25 20:00:00,2.05,2.106,1.984,2.036,3396158.5,6904303.9044
2026-01-26 00:00:00,2.036,2.036,1.885,1.897,4590692.8,8919994.6729
2026-01-26 04:00:00,1.897,2.39,1.881,2.228,8772062.9,18966296.4315
2026-01-26 08:00:00,2.228,2.552,2.194,2.467,11330700.2,26812820.9655
2026-01-26 12:00:00,2.467,2.489,2.285,2.383,9375481.6,22339479.1191
2026-01-26 16:00:00,2.383,2.383,2.231,2.34,4088306.1,9431971.3831
2026-01-26 20:00:00,2.34,2.459,2.299,2.451,3324157.9,7899228.2088
2026-01-27 00:00:00,2.451,2.698,2.4,2.59,10620219.3,27407434.9562
2026-01-27 04:00:00,2.59,2.664,2.519,2.587,5209089.4,13500482.0439
2026-01-27 08:00:00,2.587,2.639,2.46,2.574,5635350.4,14346776.4546
2026-01-27 12:00:00,2.574,2.574,2.376,2.465,5237781.8,12869062.3401
2026-01-27 16:00:00,2.465,2.498,2.322,2.477,3918765.4,9428645.252
2026-01-27 20:00:00,2.477,2.626,2.437,2.605,3197979.3,8136955.2948
2026-01-28 00:00:00,2.605,2.646,2.406,2.447,4204810.6,10484907.8032
2026-01-28 04:00:00,2.447,2.448,2.371,2.408,2397503.2,5796718.925
2026-01-28 08:00:00,2.408,2.444,2.336,2.373,2691362.9,6418263.8499
2026-01-28 12:00:00,2.373,2.373,2.244,2.284,2979551.0,6853498.5351
2026-01-28 16:00:00,2.284,2.36,2.247,2.358,1634985.3,3762202.1363
2026-01-28 20:00:00,2.358,2.384,2.257,2.268,2686417.8,6245785.9581
2026-01-29 00:00:00,2.268,2.271,2.091,2.13,3019637.7,6517152.7136
2026-01-29 04:00:00,2.13,2.341,2.096,2.281,4471302.4,10005048.2942
2026-01-29 08:00:00,2.281,2.281,2.122,2.156,2916879.3,6343992.5311
2026-01-29 12:00:00,2.156,2.162,2.064,2.146,2839685.6,6007318.471
2026-01-29 16:00:00,2.146,2.204,2.114,2.149,1868773.0,4044038.1951
2026-01-29 20:00:00,2.149,2.32,2.139,2.264,2111004.6,4714610.9099
2026-01-30 00:00:00,2.264,2.282,2.093,2.151,2880489.7,6207881.6129
2026-01-30 04:00:00,2.151,2.154,2.09,2.114,827191.2,1755127.1899
2026-01-30 08:00:00,2.114,2.221,2.08,2.178,1796016.0,3847123.5053
2026-01-30 12:00:00,2.178,2.182,2.099,2.136,1388532.5,2961671.9152
2026-01-30 16:00:00,2.136,2.152,2.038,2.114,1291428.0,2713795.7179
2026-01-30 20:00:00,2.114,2.116,2.047,2.062,1027949.6,2127067.5537
2026-01-31 00:00:00,2.062,2.062,1.912,1.943,2130462.4,4174218.4771
2026-01-31 04:00:00,1.943,1.953,1.905,1.918,873163.0,1681400.3396
2026-01-31 08:00:00,1.918,1.937,1.883,1.906,1481056.5,2819626.3361
2026-01-31 12:00:00,1.906,1.961,1.804,1.894,3532060.0,6638904.988
2026-01-31 16:00:00,1.894,1.925,1.74,1.795,3604743.3,6626566.4372
2026-01-31 20:00:00,1.795,1.846,1.762,1.814,974483.6,1751964.0303
2026-02-01 00:00:00,1.814,1.907,1.706,1.721,2477381.1,4476662.2554
2026-02-01 04:00:00,1.721,1.749,1.642,1.702,1602095.8,2700706.8414
2026-02-01 08:00:00,1.702,1.762,1.682,1.738,1587862.5,2740630.0571
2026-02-01 12:00:00,1.738,1.86,1.72,1.765,2125754.7,3796755.1869
2026-02-01 16:00:00,1.765,1.809,1.728,1.748,933958.7,1646628.0742
2026-02-01 20:00:00,1.748,1.776,1.699,1.728,1173577.6,2040627.2155
2026-02-02 00:00:00,1.728,1.76,1.643,1.728,1727241.1,2934665.3523
2026-02-02 04:00:00,1.728,1.796,1.655,1.68,2170709.1,3705718.5052
2026-02-02 08:00:00,1.68,1.699,1.644,1.679,1600461.9,2668880.0157
2026-02-02 12:00:00,1.679,1.703,1.62,1.693,1615850.8,2674648.6032
2026-02-02 16:00:00,1.693,1.766,1.681,1.721,950831.6,1650103.1696
2026-02-02 20:00:00,1.721,1.749,1.685,1.687,607263.5,1043782.262
2026-02-03 00:00:00,1.687,1.689,1.516,1.538,2630955.7,4134081.7256
2026-02-03 04:00:00,1.538,1.602,1.533,1.576,1258565.9,1977250.3592
2026-02-03 08:00:00,1.576,1.592,1.521,1.541,1498298.2,2321599.2395
2026-02-03 12:00:00,1.541,1.578,1.51,1.573,1500863.4,2308452.2552
2026-02-03 16:00:00,1.573,1.686,1.497,1.616,2223623.7,3474862.9108
2026-02-03 20:00:00,1.616,1.707,1.596,1.612,1214772.3,2011242.6329
2026-02-04 00:00:00,1.612,1.632,1.534,1.573,1406396.9,2217904.7992
2026-02-04 04:00:00,1.573,1.599,1.551,1.578,688114.4,1082614.5858
2026-02-04 08:00:00,1.578,1.598,1.554,1.571,960063.4,1509989.9036
2026-02-04 12:00:00,1.571,1.573,1.519,1.535,1343373.3,2082138.6299
2026-02-04 16:00:00,1.535,1.591,1.519,1.572,969845.2,1499441.0187
2026-02-04 20:00:00,1.572,1.575,1.495,1.524,703896.4,1082893.5589
2026-02-05 00:00:00,1.524,1.524,1.471,1.496,802023.5,1202653.782
2026-02-05 04:00:00,1.496,1.665,1.492,1.532,2762403.0,4340401.8601
2026-02-05 08:00:00,1.532,1.604,1.497,1.509,1938912.5,3007077.9454
2026-02-05 12:00:00,1.509,1.518,1.392,1.405,2435741.9,3535768.0105
2026-02-05 16:00:00,1.405,1.426,1.333,1.341,1485553.4,2043196.047
2026-02-05 20:00:00,1.341,1.351,1.283,1.298,1919686.0,2521998.0131
2026-02-06 00:00:00,1.298,1.343,1.162,1.3,3675367.0,4534633.4257
2026-02-06 04:00:00,1.3,1.36,1.286,1.307,1118180.2,1475818.0459
2026-02-06 08:00:00,1.307,1.346,1.281,1.333,1078941.0,1418110.8537
2026-02-06 12:00:00,1.333,1.404,1.32,1.371,1092946.3,1487865.3177
2026-02-06 16:00:00,1.371,1.463,1.359,1.406,958875.1,1354641.3021
2026-02-06 20:00:00,1.406,1.429,1.369,1.373,537142.5,749635.7136
2026-02-07 00:00:00,1.373,1.374,1.324,1.34,961345.7,1297045.9661
2026-02-07 04:00:00,1.34,1.354,1.276,1.288,941435.6,1234316.733
2026-02-07 08:00:00,1.288,1.314,1.275,1.302,477441.2,618405.6812
2026-02-07 12:00:00,1.302,1.412,1.298,1.378,1069139.8,1444704.2551
2026-02-07 16:00:00,1.378,1.406,1.33,1.331,2782728.2,3845854.6671
2026-02-07 20:00:00,1.331,1.339,1.308,1.326,278023.6,368557.3144
2026-02-08 00:00:00,1.326,1.326,1.29,1.296,358184.5,467307.7341
2026-02-08 04:00:00,1.296,1.309,1.285,1.292,309775.0,401597.3009
2026-02-08 08:00:00,1.292,1.307,1.264,1.302,514022.6,662104.2463
2026-02-08 12:00:00,1.302,1.302,1.268,1.271,490382.5,630791.4967
2026-02-08 16:00:00,1.271,1.295,1.246,1.282,746773.9,948767.3534
2026-02-08 20:00:00,1.282,1.297,1.253,1.26,353598.8,448825.2261
2026-02-09 00:00:00,1.26,1.549,1.251,1.488,5003871.5,7158335.28
2026-02-09 04:00:00,1.488,1.584,1.454,1.548,5897830.2,8973897.281
2026-02-09 08:00:00,1.548,1.575,1.437,1.457,7200319.1,10753211.1335
2026-02-09 12:00:00,1.457,1.477,1.354,1.394,4974849.2,7009062.8549
2026-02-09 16:00:00,1.394,1.424,1.375,1.401,1801375.9,2531357.6319
2026-02-09 20:00:00,1.401,1.467,1.38,1.458,1869889.1,2677382.6
2026-02-10 00:00:00,1.458,1.586,1.441,1.519,7453622.0,11382222.256
2026-02-10 04:00:00,1.519,1.529,1.428,1.448,3677153.0,5438322.4606
2026-02-10 08:00:00,1.448,1.526,1.429,1.489,3095148.0,4600975.7229
2026-02-10 12:00:00,1.489,1.515,1.442,1.504,2052506.4,3032939.0928
2026-02-10 16:00:00,1.504,1.553,1.472,1.547,1385202.2,2085294.987
2026-02-10 20:00:00,1.547,1.553,1.496,1.537,1337227.1,2040495.0132
2026-02-11 00:00:00,1.537,1.586,1.49,1.508,2840559.3,4353382.7952
2026-02-11 04:00:00,1.508,1.511,1.439,1.474,1674686.6,2464665.6341
2026-02-11 08:00:00,1.474,1.486,1.445,1.479,1138058.7,1671760.3272
2026-02-11 12:00:00,1.479,1.498,1.431,1.471,1760558.3,2577578.4058
2026-02-11 16:00:00,1.471,1.488,1.454,1.483,612587.2,900746.3729
2026-02-11 20:00:00,1.483,1.559,1.468,1.521,1269030.8,1912304.5411
2026-02-12 00:00:00,1.521,1.521,1.452,1.484,1171060.9,1725682.887
2026-02-12 04:00:00,1.484,1.484,1.429,1.463,892093.5,1297629.4764
2026-02-12 08:00:00,1.463,1.466,1.418,1.445,689681.5,992492.7926
2026-02-12 12:00:00,1.445,1.445,1.392,1.397,1008755.6,1424038.8522
2026-02-12 16:00:00,1.397,1.4,1.343,1.392,1098483.5,1507043.1319
2026-02-12 20:00:00,1.392,1.414,1.38,1.405,350674.5,490461.7356
2026-02-13 00:00:00,1.405,1.405,1.343,1.351,765612.1,1043766.4082
2026-02-13 04:00:00,1.351,1.351,1.317,1.328,415417.9,552962.6127
2026-02-13 08:00:00,1.328,1.355,1.322,1.344,491147.1,659408.2218
2026-02-13 12:00:00,1.344,1.394,1.335,1.379,669875.8,912187.7143
2026-02-13 16:00:00,1.379,1.398,1.366,1.373,373192.3,515692.5598
2026-02-13 20:00:00,1.373,1.398,1.37,1.395,239732.0,331781.9623
2026-02-14 00:00:00,1.395,1.523,1.386,1.491,3436864.0,5070963.1708
2026-02-14 04:00:00,1.491,1.495,1.444,1.466,1295368.4,1897384.157
2026-02-14 08:00:00,1.466,1.474,1.443,1.467,864961.3,1263425.5319
2026-02-14 12:00:00,1.467,1.504,1.444,1.481,773698.6,1140377.1626
2026-02-14 16:00:00,1.481,1.497,1.46,1.492,486499.8,719049.9554
2026-02-14 20:00:00,1.492,1.523,1.477,1.495,534755.7,799966.9941
2026-02-15 00:00:00,1.495,1.501,1.424,1.449,840647.2,1221003.9658
2026-02-15 04:00:00,1.449,1.46,1.441,1.454,517592.0,750757.3176
2026-02-15 08:00:00,1.454,1.454,1.412,1.42,712943.9,1016042.5555
2026-02-15 12:00:00,1.42,1.425,1.376,1.395,642685.1,896931.8039
2026-02-15 16:00:00,1.395,1.395,1.362,1.376,425156.1,585458.4648
2026-02-15 20:00:00,1.376,1.392,1.366,1.387,364678.2,503487.6112
2026-02-16 00:00:00,1.387,1.388,1.356,1.359,625492.0,856906.2385
2026-02-16 04:00:00,1.359,1.363,1.333,1.347,557938.9,754412.6121
2026-02-16 08:00:00,1.347,1.36,1.336,1.347,326772.4,441067.9788
2026-02-16 12:00:00,1.347,1.378,1.335,1.349,573483.5,776324.6452
2026-02-16 16:00:00,1.349,1.358,1.34,1.355,266111.6,359051.7625
2026-02-16 20:00:00,1.355,1.368,1.35,1.36,142938.9,194294.5562
2026-02-17 00:00:00,1.36,1.384,1.352,1.383,1123274.6,1539459.7558
2026-02-17 04:00:00,1.383,1.383,1.348,1.374,394798.0,540048.344
2026-02-17 08:00:00,1.374,1.386,1.356,1.367,362848.6,496198.6802
2026-02-17 12:00:00,1.367,1.367,1.313,1.33,621724.7,829598.8313
2026-02-17 16:00:00,1.33,1.348,1.318,1.339,294339.6,393344.2526
2026-02-17 20:00:00,1.339,1.347,1.327,1.347,289994.8,388005.2803
2026-02-18 00:00:00,1.347,1.349,1.32,1.346,320804.4,427454.5524
2026-02-18 04:00:00,1.346,1.348,1.331,1.346,248078.0,332450.6832
2026-02-18 08:00:00,1.346,1.347,1.313,1.321,303510.0,404756.0927
2026-02-18 12:00:00,1.321,1.34,1.308,1.33,269451.1,356118.6804
2026-02-18 16:00:00,1.33,1.332,1.285,1.297,398863.7,524010.1788
2026-02-18 20:00:00,1.297,1.299,1.262,1.28,436751.1,559878.1011
2026-02-19 00:00:00,1.28,1.28,1.241,1.247,641478.5,805338.4789
2026-02-19 04:00:00,1.247,1.247,1.229,1.242,231375.2,286214.5331
2026-02-19 08:00:00,1.242,1.242,1.194,1.204,1087260.7,1313890.757
2026-02-19 12:00:00,1.204,1.225,1.198,1.211,654625.7,795227.058
2026-02-19 16:00:00,1.211,1.239,1.197,1.237,482705.4,586712.3885
2026-02-19 20:00:00,1.237,1.255,1.225,1.255,421978.1,521799.3219
2026-02-20 00:00:00,1.255,1.338,1.234,1.33,2549235.4,3298435.1388
2026-02-20 04:00:00,1.33,1.331,1.288,1.308,1190912.3,1561418.1099
2026-02-20 08:00:00,1.308,1.308,1.278,1.282,508485.2,657675.7129
2026-02-20 12:00:00,1.282,1.288,1.248,1.282,814445.6,1031850.9834
2026-02-20 16:00:00,1.282,1.299,1.271,1.286,467417.7,600754.6658
2026-02-20 20:00:00,1.286,1.332,1.275,1.325,416201.1,545866.8561
2026-02-21 00:00:00,1.325,1.346,1.291,1.312,1389430.1,1823637.7233
2026-02-21 04:00:00,1.312,1.329,1.289,1.323,493830.9,646562.1959
2026-02-21 08:00:00,1.323,1.353,1.308,1.326,553689.1,737685.7334
2026-02-21 12:00:00,1.326,1.348,1.313,1.34,520263.4,692722.87
2026-02-21 16:00:00,1.34,1.367,1.32,1.35,378679.6,509076.288
2026-02-21 20:00:00,1.35,1.397,1.327,1.331,1120641.9,1527999.1296
2026-02-22 00:00:00,1.331,1.349,1.312,1.326,860162.4,1143169.4281
2026-02-22 04:00:00,1.326,1.328,1.304,1.306,205628.1,270246.4391
2026-02-22 08:00:00,1.306,1.313,1.289,1.3,318392.8,413942.3771
2026-02-22 12:00:00,1.3,1.301,1.27,1.283,365398.1,469356.4521
2026-02-22 16:00:00,1.283,1.289,1.276,1.284,186347.6,238909.3757
2026-02-22 20:00:00,1.284,1.304,1.275,1.302,159141.8,204923.0466
2026-02-23 00:00:00,1.302,1.302,1.201,1.217,956491.8,1179095.9982
2026-02-23 04:00:00,1.217,1.247,1.21,1.244,271032.7,334131.6599
2026-02-23 08:00:00,1.244,1.257,1.229,1.243,214369.0,266812.195
2026-02-23 12:00:00,1.243,1.255,1.23,1.232,269773.7,335009.403
2026-02-23 16:00:00,1.232,1.24,1.206,1.208,359838.4,439437.181
2026-02-23 20:00:00,1.208,1.247,1.205,1.226,240228.5,296123.0441
2026-02-24 00:00:00,1.226,1.246,1.201,1.226,283002.7,346275.7236
2026-02-24 04:00:00,1.226,1.247,1.2,1.202,368056.6,448913.0278
2026-02-24 08:00:00,1.202,1.208,1.184,1.2,291050.7,348457.4971
2026-02-24 12:00:00,1.2,1.245,1.195,1.23,393792.7,477985.3635
2026-02-24 16:00:00,1.23,1.245,1.227,1.238,172075.9,212525.4954
2026-02-24 20:00:00,1.238,1.257,1.227,1.252,205096.5,255642.7485
2026-02-25 00:00:00,1.252,1.294,1.239,1.275,373932.8,474836.7762
2026-02-25 04:00:00,1.275,1.293,1.261,1.279,454711.8,581164.0353
2026-02-25 08:00:00,1.279,1.312,1.274,1.31,298885.5,386991.8716
2026-02-25 12:00:00,1.31,1.365,1.303,1.36,1084254.6,1450179.5132
2026-02-25 16:00:00,1.36,1.392,1.351,1.389,476392.6,652095.656
2026-02-25 20:00:00,1.389,1.447,1.349,1.381,1231726.9,1722210.2274
2026-02-26 00:00:00,1.381,1.381,1.344,1.353,387799.1,527738.2751
2026-02-26 04:00:00,1.353,1.365,1.322,1.335,350024.1,468676.3731
2026-02-26 08:00:00,1.335,1.365,1.335,1.359,257392.9,347259.8608
2026-02-26 12:00:00,1.359,1.367,1.335,1.349,230609.8,311095.759
2026-02-26 16:00:00,1.349,1.361,1.312,1.351,475074.6,634573.2601
2026-02-26 20:00:00,1.351,1.36,1.335,1.356,147737.7,199180.305
2026-02-27 00:00:00,1.356,1.396,1.34,1.391,774246.7,1066611.487
2026-02-27 04:00:00,1.391,1.417,1.37,1.382,382251.2,531023.3233
2026-02-27 08:00:00,1.382,1.391,1.34,1.343,439186.5,599770.746
2026-02-27 12:00:00,1.343,1.351,1.324,1.342,411411.3,549715.7643
2026-02-27 16:00:00,1.342,1.344,1.302,1.307,237535.7,314258.2293
2026-02-27 20:00:00,1.307,1.312,1.271,1.297,279057.1,360805.4122
2026-02-28 00:00:00,1.297,1.299,1.281,1.285,105152.7,135545.1595
2026-02-28 04:00:00,1.285,1.298,1.212,1.248,1045288.2,1311899.1913
2026-02-28 08:00:00,1.248,1.248,1.216,1.228,311346.3,383569.4991
2026-02-28 12:00:00,1.228,1.268,1.223,1.264,535368.2,669237.6323
2026-02-28 16:00:00,1.264,1.306,1.247,1.297,262992.4,333874.1256
2026-02-28 20:00:00,1.297,1.328,1.293,1.315,218528.4,286630.6862
2026-03-01 00:00:00,1.315,1.352,1.299,1.33,527843.8,700334.3224
2026-03-01 04:00:00,1.33,1.345,1.316,1.339,149747.2,198703.3453
2026-03-01 08:00:00,1.339,1.345,1.295,1.302,174011.0,228970.3163
2026-03-01 12:00:00,1.302,1.319,1.275,1.295,204223.8,265354.5227
2026-03-01 16:00:00,1.295,1.306,1.257,1.259,291217.5,371985.3614
2026-03-01 20:00:00,1.259,1.273,1.229,1.262,358543.9,448897.0911
2026-03-02 00:00:00,1.262,1.286,1.254,1.271,190093.1,241138.7461
2026-03-02 04:00:00,1.271,1.273,1.242,1.253,143954.6,180631.0622
2026-03-02 08:00:00,1.253,1.269,1.239,1.255,261348.4,327794.9856
2026-03-02 12:00:00,1.255,1.313,1.243,1.298,405626.6,514795.7762
2026-03-02 16:00:00,1.298,1.315,1.265,1.275,487726.5,627040.6598
2026-03-02 20:00:00,1.275,1.281,1.247,1.25,192463.6,243533.8861
2026-03-03 00:00:00,1.25,1.256,1.227,1.243,250568.8,311663.4853
2026-03-03 04:00:00,1.243,1.247,1.231,1.234,161729.8,200242.3916
2026-03-03 08:00:00,1.234,1.235,1.199,1.211,349336.2,424343.4981
2026-03-03 12:00:00,1.211,1.228,1.192,1.222,272439.1,328658.095
2026-03-03 16:00:00,1.222,1.254,1.219,1.226,194613.9,240003.9229
2026-03-03 20:00:00,1.226,1.226,1.203,1.213,80861.4,98243.556
2026-03-04 00:00:00,1.213,1.219,1.171,1.177,434773.2,518327.6458
2026-03-04 04:00:00,1.177,1.192,1.166,1.188,258977.0,304507.2122
2026-03-04 08:00:00,1.188,1.235,1.181,1.201,500361.7,606834.8852
2026-03-04 12:00:00,1.201,1.252,1.193,1.251,678123.3,826191.6479
2026-03-04 16:00:00,1.251,1.262,1.223,1.243,226314.5,281537.6621
2026-03-04 20:00:00,1.243,1.244,1.205,1.221,253555.2,309750.037
2026-03-05 00:00:00,1.221,1.224,1.192,1.207,269003.0,324761.8687
2026-03-05 04:00:00,1.207,1.208,1.187,1.189,197335.3,236285.3348
2026-03-05 08:00:00,1.189,1.218,1.189,1.201,97303.4,117096.3275
2026-03-05 12:00:00,1.201,1.209,1.183,1.188,298977.5,357438.0973
2026-03-05 16:00:00,1.188,1.207,1.163,1.197,320413.7,378783.0693
2026-03-05 20:00:00,1.197,1.222,1.192,1.213,80686.1,97616.2742
2026-03-06 00:00:00,1.213,1.225,1.2,1.224,96133.9,116830.4779
2026-03-06 04:00:00,1.224,1.224,1.202,1.216,95973.5,116306.8819
2026-03-06 08:00:00,1.216,1.216,1.194,1.194,149263.6,179512.7157
2026-03-06 12:00:00,1.194,1.214,1.161,1.166,371365.8,441861.8278
2026-03-06 16:00:00,1.166,1.174,1.143,1.151,210708.6,243935.6276
2026-03-06 20:00:00,1.151,1.161,1.148,1.153,200326.1,230860.6741
2026-03-07 00:00:00,1.153,1.158,1.139,1.139,121597.8,139302.4869
2026-03-07 04:00:00,1.139,1.147,1.125,1.144,145006.4,164791.865
2026-03-07 08:00:00,1.144,1.157,1.14,1.147,56322.9,64551.4633
2026-03-07 12:00:00,1.147,1.149,1.119,1.126,124362.3,140510.455
2026-03-07 16:00:00,1.126,1.128,1.102,1.106,124215.1,138613.3173
2026-03-07 20:00:00,1.106,1.111,1.093,1.11,176271.6,194102.5016
2026-03-08 00:00:00,1.11,1.113,1.085,1.095,120771.4,132542.327
2026-03-08 04:00:00,1.095,1.122,1.088,1.114,93681.9,104259.7809
2026-03-08 08:00:00,1.114,1.145,1.114,1.14,131541.8,148494.5447
2026-03-08 12:00:00,1.14,1.143,1.112,1.114,151788.0,171076.316
2026-03-08 16:00:00,1.114,1.139,1.108,1.129,60397.4,67553.2572
2026-03-08 20:00:00,1.129,1.135,1.105,1.11,183255.2,205071.5751
2026-03-09 00:00:00,1.11,1.132,1.107,1.118,185684.5,208121.2242
2026-03-09 04:00:00,1.118,1.141,1.104,1.117,171688.5,192454.793
2026-03-09 08:00:00,1.117,1.125,1.103,1.114,134680.6,149896.6055
2026-03-09 12:00:00,1.114,1.136,1.114,1.126,236348.9,266033.6406
2026-03-09 16:00:00,1.126,1.135,1.112,1.12,53113.6,59506.7888
2026-03-09 20:00:00,1.12,1.123,1.102,1.107,97972.2,108977.5754
2026-03-10 00:00:00,1.107,1.135,1.094,1.118,192433.5,214980.8154
2026-03-10 04:00:00,1.118,1.133,1.112,1.128,82735.2,92934.116
2026-03-10 08:00:00,1.128,1.137,1.122,1.13,123804.0,139891.7323
2026-03-10 12:00:00,1.13,1.155,1.11,1.145,201822.4,228018.6509
2026-03-10 16:00:00,1.145,1.146,1.12,1.12,285461.2,324228.7659
2026-03-10 20:00:00,1.12,1.125,1.109,1.121,95504.3,106751.4165
2026-03-11 00:00:00,1.121,1.123,1.108,1.11,109549.2,122080.6715
2026-03-11 04:00:00,1.11,1.124,1.1,1.117,87025.8,96799.9434
2026-03-11 08:00:00,1.117,1.145,1.117,1.137,217226.2,246594.3053
2026-03-11 12:00:00,1.137,1.184,1.137,1.151,666750.3,774808.0059
2026-03-11 16:00:00,1.151,1.157,1.137,1.141,133056.5,152595.3176
2026-03-11 20:00:00,1.141,1.142,1.123,1.123,274503.3,310077.6166
2026-03-12 00:00:00,1.123,1.125,1.106,1.107,165995.9,184760.7721
2026-03-12 04:00:00,1.107,1.12,1.093,1.116,152032.9,168036.1378
2026-03-12 08:00:00,1.116,1.135,1.111,1.132,94601.3,106718.7347
2026-03-12 12:00:00,1.132,1.133,1.108,1.119,315513.7,353186.7766
2026-03-12 16:00:00,1.119,1.134,1.118,1.133,115090.1,129805.6701
2026-03-12 20:00:00,1.133,1.142,1.121,1.133,82985.1,93831.4525
2026-03-13 00:00:00,1.133,1.168,1.13,1.16,133656.4,153671.75
2026-03-13 04:00:00,1.16,1.167,1.149,1.156,89954.7,104036.6521
2026-03-13 08:00:00,1.156,1.163,1.15,1.153,105967.2,122490.7068
2026-03-13 12:00:00,1.153,1.176,1.143,1.15,264274.7,306693.9425
2026-03-13 16:00:00,1.15,1.157,1.139,1.144,128779.1,147507.9463
2026-03-13 20:00:00,1.144,1.161,1.137,1.155,139325.5,160403.8114
2026-03-14 00:00:00,1.155,1.244,1.146,1.207,603890.7,725092.1246
2026-03-14 04:00:00,1.207,1.231,1.182,1.19,499116.5,600592.8725
2026-03-14 08:00:00,1.19,1.274,1.189,1.252,2768251.7,3448914.9299
2026-03-14 12:00:00,1.252,1.267,1.203,1.213,1024313.5,1266654.666
2026-03-14 16:00:00,1.213,1.246,1.209,1.238,304247.9,372959.4566
2026-03-14 20:00:00,1.238,1.239,1.21,1.234,265173.1,324757.8206
2026-03-15 00:00:00,1.234,1.274,1.213,1.215,1301846.7,1624839.6993
2026-03-15 04:00:00,1.215,1.231,1.206,1.228,131222.2,159733.5932
2026-03-15 08:00:00,1.228,1.252,1.227,1.231,193585.0,239415.9971
2026-03-15 12:00:00,1.231,1.238,1.203,1.205,236195.1,286985.338
2026-03-15 16:00:00,1.205,1.235,1.205,1.231,96835.4,118599.4261
2026-03-15 20:00:00,1.231,1.252,1.227,1.24,191275.2,237659.2952
2026-03-16 00:00:00,1.24,1.246,1.205,1.237,303902.6,372472.2018
2026-03-16 04:00:00,1.237,1.248,1.225,1.243,251747.5,311471.6686
2026-03-16 08:00:00,1.243,1.25,1.229,1.229,245392.7,303787.657
2026-03-16 12:00:00,1.229,1.233,1.213,1.218,340826.4,417328.5085
2026-03-16 16:00:00,1.218,1.244,1.216,1.237,135850.5,167652.2418
2026-03-16 20:00:00,1.237,1.287,1.234,1.277,503258.2,634072.107
2026-03-17 00:00:00,1.277,1.285,1.232,1.235,582422.4,731965.7029
2026-03-17 04:00:00,1.235,1.237,1.216,1.229,185462.3,227523.3773
2026-03-17 08:00:00,1.229,1.247,1.227,1.235,120045.8,148640.934
2026-03-17 12:00:00,1.235,1.259,1.219,1.24,705777.3,872945.4888
2026-03-17 16:00:00,1.24,1.247,1.235,1.236,142334.3,176579.9747
2026-03-17 20:00:00,1.236,1.242,1.226,1.23,133145.3,164176.7638
2026-03-18 00:00:00,1.23,1.26,1.219,1.253,235552.7,292862.8427
2026-03-18 04:00:00,1.253,1.277,1.242,1.255,249921.8,314808.0497
2026-03-18 08:00:00,1.255,1.324,1.243,1.248,1686974.1,2156966.833
2026-03-18 12:00:00,1.248,1.252,1.187,1.196,1176958.6,1432302.9511
2026-03-18 16:00:00,1.196,1.214,1.182,1.194,407396.3,488145.639
2026-03-18 20:00:00,1.194,1.213,1.181,1.195,277537.5,332288.7566
2026-03-19 00:00:00,1.195,1.221,1.184,1.206,607380.2,730732.8215
2026-03-19 04:00:00,1.206,1.221,1.186,1.19,280547.9,338344.1076
2026-03-19 08:00:00,1.19,1.204,1.186,1.188,108874.6,130056.9657
2026-03-19 12:00:00,1.188,1.188,1.158,1.17,443559.6,518152.2704
2026-03-19 16:00:00,1.17,1.193,1.16,1.189,307533.3,361863.2467
2026-03-19 20:00:00,1.189,1.205,1.186,1.198,247006.5,295224.3365
2026-03-20 00:00:00,1.198,1.274,1.193,1.255,679515.5,847561.2127
2026-03-20 04:00:00,1.255,1.266,1.228,1.238,359990.7,446948.1376
2026-03-20 08:00:00,1.238,1.245,1.212,1.219,310263.9,380216.0214
2026-03-20 12:00:00,1.219,1.228,1.21,1.222,313054.7,381362.2539
2026-03-20 16:00:00,1.222,1.233,1.205,1.214,189733.2,231369.293
2026-03-20 20:00:00,1.214,1.224,1.195,1.21,207993.8,250810.7361
2026-03-21 00:00:00,1.21,1.215,1.192,1.199,136699.1,164299.2437
2026-03-21 04:00:00,1.199,1.207,1.192,1.194,62962.0,75469.4731
2026-03-21 08:00:00,1.194,1.197,1.175,1.183,300031.8,355141.6902
2026-03-21 12:00:00,1.183,1.19,1.18,1.189,100364.9,118844.7886
2026-03-21 16:00:00,1.189,1.197,1.186,1.193,40147.8,47832.9389
2026-03-21 20:00:00,1.193,1.196,1.14,1.15,276857.8,320783.0546
2026-03-22 00:00:00,1.15,1.154,1.126,1.134,515235.9,586705.7695
2026-03-22 04:00:00,1.134,1.144,1.119,1.119,73376.3,83183.7893
2026-03-22 08:00:00,1.119,1.126,1.106,1.108,100340.2,111810.403
2026-03-22 12:00:00,1.108,1.119,1.105,1.115,104120.0,115647.703
2026-03-22 16:00:00,1.115,1.119,1.095,1.098,102934.3,113566.7434
2026-03-22 20:00:00,1.098,1.1,1.076,1.083,191263.9,207979.6269
2026-03-23 00:00:00,1.083,1.091,1.072,1.079,54960.2,59460.1578
2026-03-23 04:00:00,1.079,1.094,1.066,1.07,115005.8,123920.3907
2026-03-23 08:00:00,1.07,1.097,1.034,1.082,852008.5,909320.2156
2026-03-23 12:00:00,1.082,1.137,1.077,1.1,309147.7,344513.8066
2026-03-23 16:00:00,1.1,1.107,1.087,1.101,117465.8,128830.7618
2026-03-23 20:00:00,1.101,1.122,1.098,1.111,75196.6,83558.2187
2026-03-24 00:00:00,1.111,1.116,1.091,1.107,140108.4,154678.0542
2026-03-24 04:00:00,1.107,1.124,1.097,1.122,133779.4,148340.0159
2026-03-24 08:00:00,1.122,1.146,1.12,1.13,355437.2,402844.794
2026-03-24 12:00:00,1.13,1.132,1.105,1.112,130570.3,145690.9122
2026-03-24 16:00:00,1.112,1.123,1.094,1.109,332692.6,369101.9056
2026-03-24 20:00:00,1.109,1.13,1.108,1.118,121772.8,136224.4358
2026-03-25 00:00:00,1.118,1.126,1.108,1.115,146957.1,164017.3125
2026-03-25 04:00:00,1.115,1.121,1.104,1.117,157659.1,175260.8983
2026-03-25 08:00:00,1.117,1.129,1.114,1.124,193692.7,216921.1995
2026-03-25 12:00:00,1.124,1.129,1.112,1.127,88690.3,99214.1733
2026-03-25 16:00:00,1.127,1.135,1.113,1.118,64660.3,72721.3826
2026-03-25 20:00:00,1.118,1.13,1.107,1.125,85008.5,95109.0918
2026-03-26 00:00:00,1.125,1.128,1.092,1.093,156620.3,172719.9558
2026-03-26 04:00:00,1.093,1.1,1.084,1.088,175666.5,191605.6886
2026-03-26 08:00:00,1.088,1.088,1.062,1.07,238076.7,255857.2958
2026-03-26 12:00:00,1.07,1.084,1.063,1.065,188992.0,202726.1503
2026-03-26 16:00:00,1.065,1.067,1.048,1.05,129094.9,136516.344
2026-03-26 20:00:00,1.05,1.13,1.048,1.106,1623362.7,1781456.9731
2026-03-27 00:00:00,1.106,1.148,1.093,1.129,536476.9,597831.5913
2026-03-27 04:00:00,1.129,1.16,1.112,1.134,578179.1,658017.1486
2026-03-27 08:00:00,1.134,1.139,1.086,1.093,331899.1,368220.8388
2026-03-27 12:00:00,1.093,1.107,1.082,1.1,303693.6,331676.9102
2026-03-27 16:00:00,1.1,1.12,1.092,1.104,151218.3,167093.7032
2026-03-27 20:00:00,1.104,1.112,1.096,1.11,87294.4,96331.7514
2026-03-28 00:00:00,1.11,1.131,1.085,1.124,417344.5,461494.4494
2026-03-28 04:00:00,1.124,1.173,1.12,1.155,568744.2,653092.3619
2026-03-28 08:00:00,1.155,1.184,1.154,1.158,516491.3,603866.6012
2026-03-28 12:00:00,1.158,1.17,1.152,1.153,348300.0,403766.1711
2026-03-28 16:00:00,1.153,1.175,1.152,1.171,209758.2,243165.9369
2026-03-28 20:00:00,1.171,1.176,1.143,1.146,117471.4,135698.9191
2026-03-29 00:00:00,1.146,1.147,1.119,1.13,192904.2,217693.8079
2026-03-29 04:00:00,1.13,1.152,1.128,1.137,260923.4,297058.0494
2026-03-29 08:00:00,1.137,1.143,1.121,1.136,166072.8,188356.9559
2026-03-29 12:00:00,1.136,1.136,1.116,1.126,118475.9,133268.7157
2026-03-29 16:00:00,1.126,1.126,1.113,1.117,375337.8,420869.8822
2026-03-29 20:00:00,1.117,1.133,1.09,1.117,192253.1,213922.0367
2026-03-30 00:00:00,1.117,1.158,1.113,1.14,181675.4,206959.3958
2026-03-30 04:00:00,1.14,1.153,1.135,1.146,114927.1,131371.7248
2026-03-30 08:00:00,1.146,1.161,1.138,1.155,151274.4,174301.8929
2026-03-30 12:00:00,1.155,1.156,1.125,1.128,95620.5,108911.4783
2026-03-30 16:00:00,1.128,1.133,1.108,1.116,82734.7,92519.0866
2026-03-30 20:00:00,1.116,1.133,1.115,1.118,75956.2,85212.9775
2026-03-31 00:00:00,1.118,1.133,1.116,1.12,77432.2,87017.1165
2026-03-31 04:00:00,1.12,1.121,1.106,1.114,83465.2,92877.685
2026-03-31 08:00:00,1.114,1.119,1.09,1.094,168372.0,185857.5386
2026-03-31 12:00:00,1.094,1.112,1.092,1.094,108663.5,119759.6652
2026-03-31 16:00:00,1.094,1.117,1.094,1.115,147586.4,163217.5615
2026-03-31 20:00:00,1.115,1.128,1.113,1.126,89500.8,100464.8321
2026-04-01 00:00:00,1.126,1.161,1.124,1.155,371614.9,423481.4966
2026-04-01 04:00:00,1.155,1.167,1.138,1.155,241229.3,279032.1581
2026-04-01 08:00:00,1.155,1.165,1.146,1.154,184521.9,213090.1776
2026-04-01 12:00:00,1.154,1.163,1.137,1.154,208903.7,240643.6618
2026-04-01 16:00:00,1.154,1.154,1.133,1.134,105937.7,121040.629
2026-04-01 20:00:00,1.134,1.144,1.125,1.13,70701.1,80176.1541
2026-04-02 00:00:00,1.13,1.137,1.081,1.09,250769.2,277389.6554
2026-04-02 04:00:00,1.09,1.106,1.087,1.097,78266.3,85832.7363
2026-04-02 08:00:00,1.097,1.097,1.063,1.068,115381.1,124370.3959
2026-04-02 12:00:00,1.068,1.084,1.056,1.078,237255.1,253520.8471
2026-04-02 16:00:00,1.078,1.103,1.075,1.084,246405.0,269070.0821
2026-04-02 20:00:00,1.084,1.112,1.079,1.104,103132.1,113277.9008
2026-04-03 00:00:00,1.104,1.131,1.103,1.113,410264.9,458204.8797
2026-04-03 04:00:00,1.113,1.129,1.105,1.118,115394.9,129004.8581
2026-04-03 08:00:00,1.118,1.146,1.118,1.139,89107.4,101049.4478
2026-04-03 12:00:00,1.139,1.148,1.123,1.126,117346.2,133227.6778
2026-04-03 16:00:00,1.126,1.131,1.114,1.118,75490.3,84503.1874
2026-04-03 20:00:00,1.118,1.121,1.108,1.113,35439.0,39495.1616
2026-04-04 00:00:00,1.113,1.117,1.103,1.109,63842.2,70827.4126
2026-04-04 04:00:00,1.109,1.112,1.102,1.104,22081.4,24444.1615
2026-04-04 08:00:00,1.104,1.117,1.103,1.114,102659.2,114025.6378
2026-04-04 12:00:00,1.114,1.114,1.093,1.101,101667.6,111788.249
2026-04-04 16:00:00,1.101,1.117,1.1,1.113,62498.8,69435.7203
2026-04-04 20:00:00,1.113,1.127,1.11,1.12,80569.7,90328.0905
2026-04-05 00:00:00,1.12,1.124,1.11,1.11,48499.9,54122.654
2026-04-05 04:00:00,1.11,1.113,1.093,1.093,56764.1,62631.0283
2026-04-05 08:00:00,1.093,1.097,1.087,1.093,20472.1,22374.4738
2026-04-05 12:00:00,1.093,1.096,1.079,1.093,176255.3,191709.8506
2026-04-05 16:00:00,1.093,1.094,1.081,1.082,97418.1,105739.6179
2026-04-05 20:00:00,1.082,1.103,1.075,1.101,97843.6,106384.1558
2026-04-06 00:00:00,1.101,1.112,1.097,1.097,94462.0,104333.1375
2026-04-06 04:00:00,1.097,1.109,1.093,1.106,48020.9,52788.8725
2026-04-06 08:00:00,1.106,1.137,1.106,1.137,209023.7,233737.472
2026-04-06 12:00:00,1.137,1.141,1.114,1.129,78982.6,89057.4526
2026-04-06 16:00:00,1.129,1.133,1.116,1.123,69214.4,77983.3059
2026-04-06 20:00:00,1.123,1.125,1.095,1.099,57461.8,63486.7821
2026-04-07 00:00:00,1.099,1.113,1.094,1.11,51142.8,56389.8571
2026-04-07 04:00:00,1.11,1.11,1.1,1.107,67002.5,73931.2956
2026-04-07 08:00:00,1.107,1.118,1.094,1.094,135600.8,149990.0964
2026-04-07 12:00:00,1.094,1.101,1.081,1.088,114178.4,124642.0234
2026-04-07 16:00:00,1.088,1.1,1.072,1.075,124758.8,134911.7922
2026-04-07 20:00:00,1.075,1.156,1.073,1.147,282675.8,318188.9803
2026-04-08 00:00:00,1.147,1.159,1.132,1.148,170540.2,195858.2598
2026-04-08 04:00:00,1.148,1.159,1.146,1.151,174286.6,200745.608
2026-04-08 08:00:00,1.151,1.151,1.127,1.132,93965.0,107102.0196
2026-04-08 12:00:00,1.132,1.141,1.11,1.125,212072.1,238787.757
2026-04-08 16:00:00,1.125,1.127,1.104,1.116,233395.0,260333.7067
2026-04-08 20:00:00,1.116,1.122,1.091,1.092,56388.0,62184.0644
2026-04-09 00:00:00,1.092,1.109,1.086,1.108,101338.0,111095.1419
2026-04-09 04:00:00,1.108,1.116,1.102,1.105,48438.8,53783.375
2026-04-09 08:00:00,1.105,1.12,1.103,1.111,95803.2,106463.924
2026-04-09 12:00:00,1.111,1.123,1.1,1.116,61946.9,68626.8995
2026-04-09 16:00:00,1.116,1.124,1.111,1.119,47642.5,53295.201
2026-04-09 20:00:00,1.119,1.155,1.119,1.129,141427.6,161075.3152
2026-04-10 00:00:00,1.129,1.135,1.118,1.118,51287.0,57807.5843
2026-04-10 04:00:00,1.118,1.129,1.109,1.11,64905.2,72561.3508
2026-04-10 08:00:00,1.11,1.123,1.106,1.116,120072.7,134128.8735
2026-04-10 12:00:00,1.116,1.145,1.116,1.13,162640.4,184123.0838
2026-04-10 16:00:00,1.13,1.136,1.118,1.132,52592.4,59285.214
2026-04-10 20:00:00,1.132,1.134,1.126,1.13,78876.7,89217.8164
2026-04-11 00:00:00,1.13,1.132,1.117,1.117,46639.5,52384.9351
2026-04-11 04:00:00,1.117,1.128,1.115,1.12,33688.0,37792.7692
2026-04-11 08:00:00,1.12,1.124,1.111,1.112,36624.8,40890.3607
2026-04-11 12:00:00,1.112,1.115,1.102,1.114,81124.3,90044.6362
2026-04-11 16:00:00,1.114,1.138,1.114,1.137,58632.3,66205.0575
2026-04-11 20:00:00,1.137,1.137,1.114,1.12,50810.5,57194.6448
2026-04-12 00:00:00,1.12,1.127,1.088,1.089,83672.1,92194.2317
2026-04-12 04:00:00,1.089,1.101,1.088,1.093,54016.4,59171.8598
2026-04-12 08:00:00,1.093,1.098,1.086,1.091,28462.2,31084.83
2026-04-12 12:00:00,1.091,1.105,1.085,1.087,43132.2,47115.3394
2026-04-12 16:00:00,1.087,1.096,1.081,1.083,121451.4,131846.9542
2026-04-12 20:00:00,1.083,1.088,1.064,1.074,63411.2,68087.9461
2026-04-13 00:00:00,1.074,1.083,1.07,1.074,45903.7,49429.6356
2026-04-13 04:00:00,1.074,1.076,1.056,1.063,87663.3,93365.4153
2026-04-13 08:00:00,1.063,1.077,1.06,1.072,84969.4,90760.8175
2026-04-13 12:00:00,1.072,1.08,1.063,1.069,118271.6,126931.5326
2026-04-13 16:00:00,1.069,1.083,1.06,1.082,64789.7,69253.9456
2026-04-13 20:00:00,1.082,1.129,1.072,1.123,117035.4,129347.0427
2026-04-14 00:00:00,1.123,1.136,1.115,1.126,131373.0,147891.7235
2026-04-14 04:00:00,1.126,1.135,1.112,1.116,118562.2,133568.2575
