timestamp,open,high,low,close,volume_base,volume_quote
2025-11-04 10:00:00,145.01,146.84,138.66,140.09,725.95,103247.2188
2025-11-04 11:00:00,140.09,146.14,122.25,130.78,20275.83,2671363.7082
2025-11-04 12:00:00,130.78,136.35,124.63,128.97,11882.42,1550119.0574
2025-11-04 13:00:00,128.97,129.26,119.17,127.82,14805.51,1846943.6433
2025-11-04 14:00:00,127.82,145.15,125.58,137.3,16874.18,2307606.6843
2025-11-04 15:00:00,137.3,137.89,121.74,122.96,26183.37,3378945.6354
2025-11-04 16:00:00,122.96,127.88,121.0,126.41,15557.09,1946443.6893
2025-11-04 17:00:00,126.41,126.41,115.53,120.58,15437.93,1858828.9926
2025-11-04 18:00:00,120.58,124.16,115.18,123.27,11834.01,1411989.0539
2025-11-04 19:00:00,123.27,123.78,117.31,117.94,5381.62,647228.3115
2025-11-04 20:00:00,117.94,120.84,110.13,120.51,12329.97,1415016.7121
2025-11-04 21:00:00,120.51,122.33,111.31,116.74,6622.91,767731.5113
2025-11-04 22:00:00,116.74,129.51,115.39,123.82,10098.66,1248560.8113
2025-11-04 23:00:00,123.82,126.27,118.8,120.62,5828.93,712213.4318
2025-11-05 00:00:00,120.62,122.05,109.11,113.6,7746.56,891644.8752
2025-11-05 01:00:00,113.6,114.4,108.5,113.43,9828.9,1093889.1071
2025-11-05 02:00:00,113.43,115.81,109.05,114.19,4817.49,543788.2688
2025-11-05 03:00:00,114.19,117.16,112.04,115.38,1553.65,177661.0936
2025-11-05 04:00:00,115.38,115.7,111.44,112.79,1167.6,131948.141
2025-11-05 05:00:00,112.79,119.19,112.79,117.32,3012.48,351784.3208
2025-11-05 06:00:00,117.32,118.51,113.64,116.51,2155.37,248319.3434
2025-11-05 07:00:00,116.51,122.58,116.26,119.17,3279.49,389849.2459
2025-11-05 08:00:00,119.17,119.75,109.9,110.72,8262.07,931682.3175
2025-11-05 09:00:00,110.72,113.48,106.81,108.95,11312.42,1245198.1884
2025-11-05 10:00:00,108.95,111.99,100.26,101.0,19740.93,2083478.6372
2025-11-05 11:00:00,101.0,109.91,101.0,109.8,11670.52,1231697.0748
2025-11-05 12:00:00,109.8,113.66,107.04,108.25,8314.07,913945.6199
2025-11-05 13:00:00,108.25,109.49,104.87,107.15,9335.23,1000868.6241
2025-11-05 14:00:00,107.15,109.08,102.22,103.13,8728.19,922068.8587
2025-11-05 15:00:00,103.13,117.91,100.85,114.01,12897.22,1439683.601
2025-11-05 16:00:00,114.01,114.11,101.86,108.42,34215.52,3690382.5966
2025-11-05 17:00:00,108.42,109.04,104.83,107.04,7665.14,820451.6605
2025-11-05 18:00:00,107.04,113.87,106.88,113.09,5021.17,553182.8975
2025-11-05 19:00:00,113.09,114.96,107.79,108.59,3517.99,389823.4048
2025-11-05 20:00:00,108.59,111.27,104.68,106.58,7428.47,802005.6916
2025-11-05 21:00:00,106.58,108.46,105.62,106.16,3134.0,336413.2787
2025-11-05 22:00:00,106.16,111.07,106.16,106.95,2494.98,272039.4326
2025-11-05 23:00:00,106.95,108.17,104.12,104.14,1612.64,172190.5183
2025-11-06 00:00:00,104.14,107.63,101.9,103.13,3760.71,392304.6214
2025-11-06 01:00:00,103.13,103.88,97.13,100.05,6575.32,658076.5171
2025-11-06 02:00:00,100.05,100.83,97.13,98.33,3639.15,358237.507
2025-11-06 03:00:00,98.33,101.98,97.17,99.29,4145.24,411746.5515
2025-11-06 04:00:00,99.29,100.94,98.61,100.31,2575.87,257636.8138
2025-11-06 05:00:00,100.31,107.09,99.55,100.49,6840.02,708731.0301
2025-11-06 06:00:00,100.49,103.3,99.59,101.0,2791.67,285112.8738
2025-11-06 07:00:00,101.0,105.83,99.52,105.44,5221.35,539041.2413
2025-11-06 08:00:00,105.44,105.44,101.62,105.23,2481.28,257601.1495
2025-11-06 09:00:00,105.23,117.15,103.64,116.15,12678.45,1414812.8144
2025-11-06 10:00:00,116.15,129.22,111.58,125.37,25404.06,3123116.4436
2025-11-06 11:00:00,125.37,129.17,117.08,126.66,48360.96,5959602.6922
2025-11-06 12:00:00,126.66,126.76,119.86,123.57,13562.07,1676381.5257
2025-11-06 13:00:00,123.57,127.21,120.5,124.79,9638.8,1197714.6873
2025-11-06 14:00:00,124.79,127.84,114.2,115.21,16883.8,2033895.9963
2025-11-06 15:00:00,115.21,118.02,112.61,114.45,9102.39,1047367.7748
2025-11-06 16:00:00,114.45,115.0,105.2,109.4,42261.22,4640417.9188
2025-11-06 17:00:00,109.4,115.03,108.13,112.24,11336.62,1268371.4621
2025-11-06 18:00:00,112.24,114.13,111.3,112.95,4052.04,456377.8523
2025-11-06 19:00:00,112.95,115.81,110.0,111.22,5039.59,568746.926
2025-11-06 20:00:00,111.22,112.54,108.91,110.37,4997.45,551620.4154
2025-11-06 21:00:00,110.37,113.57,109.94,112.13,3632.6,406642.5286
2025-11-06 22:00:00,112.13,114.34,106.41,107.9,6342.63,692834.4511
2025-11-06 23:00:00,107.9,113.06,105.65,113.06,5084.56,552510.8334
2025-11-07 00:00:00,113.06,113.11,106.74,110.17,7440.96,814431.5915
2025-11-07 01:00:00,110.17,115.76,110.14,112.74,14463.16,1641692.933
2025-11-07 02:00:00,112.74,117.42,111.3,117.33,7378.22,845585.5903
2025-11-07 03:00:00,117.33,121.63,115.26,116.63,15133.44,1786827.0444
2025-11-07 04:00:00,116.63,121.6,114.21,120.51,7699.79,906457.6832
2025-11-07 05:00:00,120.51,122.76,116.72,118.86,7836.5,932538.0477
2025-11-07 06:00:00,118.86,120.31,112.37,115.34,10217.3,1177876.0357
2025-11-07 07:00:00,115.34,121.57,114.92,117.1,7481.46,885072.3981
2025-11-07 08:00:00,117.1,117.32,113.9,116.04,7780.33,898371.2582
2025-11-07 09:00:00,116.04,118.66,109.86,111.58,13893.09,1593101.5523
2025-11-07 10:00:00,111.58,112.97,107.84,109.58,6717.18,738149.7619
2025-11-07 11:00:00,109.58,109.99,103.78,107.13,11719.66,1257805.5011
2025-11-07 12:00:00,107.13,109.09,105.08,106.24,5552.9,592662.8611
2025-11-07 13:00:00,106.24,108.16,105.01,105.62,3901.71,415835.0924
2025-11-07 14:00:00,105.62,112.73,102.6,110.01,15245.03,1637029.4927
2025-11-07 15:00:00,110.01,113.0,108.28,108.61,8783.66,969696.2121
2025-11-07 16:00:00,108.61,111.39,104.15,104.89,9916.65,1067742.2927
2025-11-07 17:00:00,104.89,110.6,104.51,109.21,12513.22,1343108.5148
2025-11-07 18:00:00,109.21,111.22,105.34,106.51,4864.98,526020.7172
2025-11-07 19:00:00,106.51,107.13,105.11,105.5,2238.53,237572.3096
2025-11-07 20:00:00,105.5,106.18,103.04,105.18,3606.44,376286.501
2025-11-07 21:00:00,105.18,105.7,104.06,104.5,2549.44,267336.6409
2025-11-07 22:00:00,104.5,105.81,103.57,105.2,3536.2,371354.2513
2025-11-07 23:00:00,105.2,105.2,100.22,101.31,4102.71,418551.5416
2025-11-08 00:00:00,101.31,103.17,94.12,94.68,10227.25,1001994.0008
2025-11-08 01:00:00,94.68,99.02,94.68,95.95,7456.45,725084.6002
2025-11-08 02:00:00,95.95,96.53,93.0,93.11,7437.46,706195.5779
2025-11-08 03:00:00,93.11,93.7,90.4,90.67,9483.12,871625.8939
2025-11-08 04:00:00,90.67,91.7,83.04,83.85,19176.04,1685749.187
2025-11-08 05:00:00,83.85,87.65,81.0,87.17,21056.14,1783609.9794
2025-11-08 06:00:00,87.17,87.17,83.19,85.01,8479.66,719155.489
2025-11-08 07:00:00,85.01,86.02,82.25,85.61,6619.08,559311.4943
2025-11-08 08:00:00,85.61,85.61,80.19,80.39,4833.94,398703.048
2025-11-08 09:00:00,80.39,82.51,77.71,79.94,18516.15,1471782.8712
2025-11-08 10:00:00,79.94,80.04,75.0,76.8,12440.36,962386.6111
2025-11-08 11:00:00,76.8,78.88,75.74,78.01,6716.19,521653.9884
2025-11-08 12:00:00,78.01,79.8,77.08,77.59,8364.89,656020.2217
2025-11-08 13:00:00,77.59,80.05,76.37,79.34,6087.66,476829.0501
2025-11-08 14:00:00,79.34,83.69,78.48,81.54,10179.55,824406.3648
2025-11-08 15:00:00,81.54,81.54,77.16,77.43,9193.16,727238.9588
2025-11-08 16:00:00,77.43,79.08,75.3,78.46,9890.89,761539.205
2025-11-08 17:00:00,78.46,83.36,77.13,81.89,10580.2,845215.7542
2025-11-08 18:00:00,81.89,85.89,80.59,82.17,13912.32,1153320.4792
2025-11-08 19:00:00,82.17,82.69,80.18,81.55,4958.98,403090.1258
2025-11-08 20:00:00,81.55,81.55,77.2,78.64,5549.97,436009.0881
2025-11-08 21:00:00,78.64,79.84,77.89,78.88,3645.99,287277.9457
2025-11-08 22:00:00,78.88,82.63,78.88,81.85,3528.6,284463.0498
2025-11-08 23:00:00,81.85,83.3,80.94,81.62,4823.59,397114.1264
2025-11-09 00:00:00,81.62,83.4,79.08,79.77,4214.75,341520.0098
2025-11-09 01:00:00,79.77,80.67,78.38,80.07,1449.3,114755.5683
2025-11-09 02:00:00,80.07,80.07,76.44,76.64,3588.9,277966.5855
2025-11-09 03:00:00,76.64,77.32,72.91,74.4,11984.21,892263.8436
2025-11-09 04:00:00,74.4,76.64,74.4,76.52,5825.52,440948.7123
2025-11-09 05:00:00,76.52,77.31,75.39,76.1,2334.42,177590.2207
2025-11-09 06:00:00,76.1,79.13,75.65,79.13,4655.15,359303.8099
2025-11-09 07:00:00,79.13,82.8,78.16,79.18,8252.44,666382.8097
2025-11-09 08:00:00,79.18,79.38,77.35,78.73,4229.12,330981.5964
2025-11-09 09:00:00,78.73,83.06,78.73,82.9,5723.5,465897.7218
2025-11-09 10:00:00,82.9,92.24,81.56,90.63,21574.85,1884298.3799
2025-11-09 11:00:00,90.63,95.51,87.83,92.17,22947.13,2111815.2269
2025-11-09 12:00:00,92.17,92.84,88.52,88.73,20573.12,1869695.3209
2025-11-09 13:00:00,88.73,90.68,86.48,87.8,13198.75,1167209.1221
2025-11-09 14:00:00,87.8,90.21,84.4,84.92,13634.53,1193072.9559
2025-11-09 15:00:00,84.92,89.3,84.61,86.34,10609.66,925972.8903
2025-11-09 16:00:00,86.34,88.29,84.84,85.43,8876.85,764336.1053
2025-11-09 17:00:00,85.43,86.95,84.4,86.49,5230.82,447621.6205
2025-11-09 18:00:00,86.49,88.2,85.76,87.12,2536.6,221386.5624
2025-11-09 19:00:00,87.12,88.11,85.61,87.12,2913.9,253774.6906
2025-11-09 20:00:00,87.12,88.73,86.45,88.08,3588.18,314462.4221
2025-11-09 21:00:00,88.08,88.71,85.96,86.33,2075.44,180558.1875
2025-11-09 22:00:00,86.33,86.6,82.06,82.57,9400.46,782727.822
2025-11-09 23:00:00,82.57,83.74,80.55,81.76,5736.85,470968.5324
2025-11-10 00:00:00,81.76,84.54,81.03,83.99,4013.72,332263.7835
2025-11-10 01:00:00,83.99,85.51,81.87,83.5,4170.48,347224.9837
2025-11-10 02:00:00,83.5,84.11,82.22,83.28,2442.72,203164.9367
2025-11-10 03:00:00,83.28,85.5,83.01,84.09,3329.16,279392.565
2025-11-10 04:00:00,84.09,84.36,81.77,82.44,2734.15,227408.7796
2025-11-10 05:00:00,82.44,82.44,78.98,81.1,8691.14,697192.8682
2025-11-10 06:00:00,81.1,83.67,80.87,82.94,2048.76,168290.4712
2025-11-10 07:00:00,82.94,84.38,81.58,82.54,2690.98,222337.3557
2025-11-10 08:00:00,82.54,82.9,77.51,80.06,6651.77,529378.7974
2025-11-10 09:00:00,80.06,81.43,79.51,81.07,2436.84,196107.3675
2025-11-10 10:00:00,81.07,81.3,78.14,78.38,3855.13,306381.2475
2025-11-10 11:00:00,78.38,79.65,78.32,79.25,906.5,71832.437
2025-11-10 12:00:00,79.25,81.0,78.56,79.84,2828.49,225444.2352
2025-11-10 13:00:00,79.84,81.0,78.58,79.19,1534.21,122341.6669
2025-11-10 14:00:00,79.19,79.19,77.55,78.88,3893.64,305038.1007
2025-11-10 15:00:00,78.88,80.89,78.81,79.68,1469.69,117510.074
2025-11-10 16:00:00,79.68,81.72,76.68,77.16,5892.4,462254.8995
2025-11-10 17:00:00,77.16,77.93,76.14,77.36,3389.4,260889.1413
2025-11-10 18:00:00,77.36,79.09,77.36,78.02,953.47,74724.0508
2025-11-10 19:00:00,78.02,78.63,77.26,77.68,887.42,69128.2143
2025-11-10 20:00:00,77.68,78.92,77.4,77.52,722.96,56548.9523
2025-11-10 21:00:00,77.52,77.52,71.3,72.8,14746.09,1081892.9254
2025-11-10 22:00:00,72.8,74.63,71.9,73.42,4787.23,349802.4021
2025-11-10 23:00:00,73.42,73.91,72.2,72.72,1861.33,135686.1945
2025-11-11 00:00:00,72.72,74.32,72.01,73.24,2488.61,181905.2088
2025-11-11 01:00:00,73.24,75.15,72.77,73.86,2064.34,152573.7675
2025-11-11 02:00:00,73.86,75.6,72.44,74.92,4671.42,347517.086
2025-11-11 03:00:00,74.92,75.5,73.82,73.9,898.63,66949.2812
2025-11-11 04:00:00,73.9,75.28,73.37,74.02,1973.32,146243.6891
2025-11-11 05:00:00,74.02,75.33,72.76,74.65,1367.3,100767.0263
2025-11-11 06:00:00,74.65,77.41,74.15,74.61,5520.44,418680.1943
2025-11-11 07:00:00,74.61,75.16,70.23,71.36,8197.66,592435.6808
2025-11-11 08:00:00,71.36,72.12,70.43,71.47,3902.25,278524.2246
2025-11-11 09:00:00,71.47,71.82,65.59,67.07,15259.03,1033194.6506
2025-11-11 10:00:00,67.07,68.0,66.47,67.0,5388.02,362622.296
2025-11-11 11:00:00,67.0,68.17,66.36,66.87,6912.37,464658.5371
2025-11-11 12:00:00,66.87,68.45,65.85,67.99,4463.05,299165.2962
2025-11-11 13:00:00,67.99,69.69,67.74,68.56,3709.49,255915.4091
2025-11-11 14:00:00,68.56,69.39,67.67,68.83,2008.33,137370.7451
2025-11-11 15:00:00,68.83,69.55,68.18,69.36,1070.88,73737.5751
2025-11-11 16:00:00,69.36,70.16,68.06,68.91,1429.85,98922.0238
2025-11-11 17:00:00,68.91,69.3,67.91,68.61,1934.19,132959.8936
2025-11-11 18:00:00,68.61,69.11,67.64,67.89,613.59,41840.3286
2025-11-11 19:00:00,67.89,68.54,67.27,68.13,1262.08,86086.1675
2025-11-11 20:00:00,68.13,68.85,66.76,67.33,861.64,58035.7561
2025-11-11 21:00:00,67.33,69.1,67.33,68.16,863.3,58983.7003
2025-11-11 22:00:00,68.16,68.34,67.16,68.27,459.0,31126.4976
2025-11-11 23:00:00,68.27,68.6,66.19,67.02,759.48,50811.0649
2025-11-12 00:00:00,67.02,68.48,66.0,66.02,2865.95,191654.2686
2025-11-12 01:00:00,66.02,70.35,66.02,69.58,3675.27,253666.2274
2025-11-12 02:00:00,69.58,72.14,68.88,71.96,4767.2,336652.7346
2025-11-12 03:00:00,71.96,72.41,69.75,70.38,3264.89,231551.4389
2025-11-12 04:00:00,70.38,71.25,70.09,70.84,367.42,25963.9772
2025-11-12 05:00:00,70.84,71.19,69.87,70.13,3473.41,245505.0146
2025-11-12 06:00:00,70.13,70.88,69.41,70.54,1185.03,83279.4114
2025-11-12 07:00:00,70.54,70.54,67.81,68.4,5491.96,377426.4051
2025-11-12 08:00:00,68.4,70.15,68.4,69.34,5493.34,380264.2792
2025-11-12 09:00:00,69.34,71.34,69.23,70.5,2122.36,149329.2856
2025-11-12 10:00:00,70.5,72.3,70.42,70.9,2178.67,155629.7644
2025-11-12 11:00:00,70.9,71.3,70.04,70.65,891.89,62989.2972
2025-11-12 12:00:00,70.65,70.65,69.04,69.32,1419.56,98880.7295
2025-11-12 13:00:00,69.32,69.55,68.27,68.47,2334.77,160799.3682
2025-11-12 14:00:00,68.47,68.47,66.62,67.03,5237.44,354397.318
2025-11-12 15:00:00,67.03,67.56,64.49,64.9,4303.36,282277.0664
2025-11-12 16:00:00,64.9,65.46,63.73,64.16,2393.09,154444.7765
2025-11-12 17:00:00,64.16,64.76,63.52,64.73,1678.17,107350.2208
2025-11-12 18:00:00,64.73,66.09,64.65,64.75,1346.74,87969.8829
2025-11-12 19:00:00,64.75,65.0,63.6,64.45,1418.27,90976.7626
2025-11-12 20:00:00,64.45,71.06,64.45,69.42,7801.46,530142.1107
2025-11-12 21:00:00,69.42,70.58,67.48,67.59,5430.52,373183.3227
2025-11-12 22:00:00,67.59,68.07,66.69,67.97,2394.29,161546.0074
2025-11-12 23:00:00,67.97,68.39,66.78,67.13,1305.5,88168.7382
2025-11-13 00:00:00,67.13,68.02,67.07,67.85,1011.17,68277.1285
2025-11-13 01:00:00,67.85,68.48,66.18,66.63,3708.7,248954.8958
2025-11-13 02:00:00,66.63,67.7,65.87,66.71,1398.77,93038.6697
2025-11-13 03:00:00,66.71,67.66,65.8,67.16,2247.58,150792.4572
2025-11-13 04:00:00,67.16,67.52,66.5,67.47,1370.95,91947.763
2025-11-13 05:00:00,67.47,68.83,66.91,68.34,2451.7,166915.331
2025-11-13 06:00:00,68.34,69.68,68.29,68.29,1799.49,124125.8928
2025-11-13 07:00:00,68.29,68.88,67.39,67.67,2180.36,148116.6154
2025-11-13 08:00:00,67.67,70.08,67.41,68.76,3759.8,259846.1913
2025-11-13 09:00:00,68.76,68.83,66.85,67.04,4643.88,314231.1555
2025-11-13 10:00:00,67.04,69.81,67.04,68.51,10510.93,719647.8614
2025-11-13 11:00:00,68.51,71.62,67.8,71.26,6670.34,465689.732
2025-11-13 12:00:00,71.26,71.26,69.09,69.98,6112.53,427635.5717
2025-11-13 13:00:00,69.98,70.03,67.91,68.24,6716.1,462081.1366
2025-11-13 14:00:00,68.24,68.27,66.05,68.05,7238.77,486817.5999
2025-11-13 15:00:00,68.05,68.59,66.12,67.14,1912.98,128088.7614
2025-11-13 16:00:00,67.14,67.77,64.06,64.35,4831.9,315741.5269
2025-11-13 17:00:00,64.35,64.73,63.07,63.28,4073.43,260852.0789
2025-11-13 18:00:00,63.28,63.66,62.08,63.15,3135.59,196673.8572
2025-11-13 19:00:00,63.15,64.73,62.27,62.88,2804.89,177726.0602
2025-11-13 20:00:00,62.88,63.32,62.23,62.65,1546.76,97093.7253
2025-11-13 21:00:00,62.65,62.94,61.57,62.0,1456.9,90447.0415
2025-11-13 22:00:00,62.0,64.3,62.0,63.83,1090.33,69172.3748
2025-11-13 23:00:00,63.83,64.44,63.65,63.7,719.22,46105.2899
2025-11-14 00:00:00,63.7,64.52,63.51,64.16,441.79,28302.8922
2025-11-14 01:00:00,64.16,64.63,63.92,64.1,912.35,58744.0414
2025-11-14 02:00:00,64.1,64.41,63.86,64.15,408.32,26153.8122
2025-11-14 03:00:00,64.15,65.01,63.84,64.24,2197.52,141688.3811
2025-11-14 04:00:00,64.24,64.24,61.43,62.3,5572.43,348028.8306
2025-11-14 05:00:00,62.3,64.11,62.3,63.61,906.06,57506.5222
2025-11-14 06:00:00,63.61,64.9,62.87,64.89,1337.59,85615.0506
2025-11-14 07:00:00,64.89,65.79,64.44,65.42,889.47,57943.933
2025-11-14 08:00:00,65.42,67.34,65.23,66.92,990.06,65613.212
2025-11-14 09:00:00,66.92,67.04,66.0,66.34,1083.64,72089.9307
2025-11-14 10:00:00,66.34,67.97,66.34,67.72,1147.79,77080.8583
2025-11-14 11:00:00,67.72,68.2,66.62,67.35,952.35,63941.8296
2025-11-14 12:00:00,67.35,68.34,65.42,68.08,4172.3,277122.3621
2025-11-14 13:00:00,68.08,73.76,67.9,68.04,16688.87,1187785.1053
2025-11-14 14:00:00,68.04,71.6,66.44,71.42,7809.99,541990.5615
2025-11-14 15:00:00,71.42,77.97,70.77,73.82,10868.25,810292.3547
2025-11-14 16:00:00,73.82,74.01,71.46,72.32,4909.22,356566.5552
2025-11-14 17:00:00,72.32,73.16,71.04,71.97,2419.59,174001.0471
2025-11-14 18:00:00,71.97,74.89,71.86,73.46,8053.22,593110.4432
2025-11-14 19:00:00,73.46,75.88,73.46,75.44,4005.58,299350.7206
2025-11-14 20:00:00,75.44,75.52,72.36,72.93,4383.29,321927.5129
2025-11-14 21:00:00,72.93,75.22,72.93,73.43,5008.83,369646.0894
2025-11-14 22:00:00,73.43,75.64,72.58,74.7,5380.89,399707.371
2025-11-14 23:00:00,74.7,75.69,73.42,74.34,5721.2,425498.3605
2025-11-15 00:00:00,74.34,75.8,70.13,75.78,11886.12,865310.4946
2025-11-15 01:00:00,75.78,84.52,75.46,84.16,23802.61,1909991.0002
2025-11-15 02:00:00,84.16,85.48,80.43,84.47,24433.05,2028488.2107
2025-11-15 03:00:00,84.47,94.44,83.28,88.3,52191.72,4640555.5739
2025-11-15 04:00:00,88.3,90.88,84.58,85.83,21434.6,1895610.3869
2025-11-15 05:00:00,85.83,88.45,84.04,87.16,16749.31,1446254.1475
2025-11-15 06:00:00,87.16,89.08,84.66,84.92,18651.31,1622066.4916
2025-11-15 07:00:00,84.92,85.29,81.67,82.92,22753.04,1901879.8513
2025-11-15 08:00:00,82.92,83.7,80.2,81.71,10391.43,852591.2261
2025-11-15 09:00:00,81.71,83.46,79.76,80.09,9143.11,745424.0794
2025-11-15 10:00:00,80.09,80.42,77.79,78.91,11384.11,899047.6975
2025-11-15 11:00:00,78.91,81.07,78.35,80.05,15029.35,1199849.0709
2025-11-15 12:00:00,80.05,80.55,78.28,78.43,9719.9,767938.3325
2025-11-15 13:00:00,78.43,79.77,76.07,79.56,13947.92,1087187.005
2025-11-15 14:00:00,79.56,83.0,76.93,78.65,25358.12,2022774.9575
2025-11-15 15:00:00,78.65,81.0,77.38,79.01,7598.13,605197.9635
2025-11-15 16:00:00,79.01,80.36,77.3,79.08,8957.69,706767.9562
2025-11-15 17:00:00,79.08,80.75,78.92,80.41,9088.49,725078.3827
2025-11-15 18:00:00,80.41,81.97,80.11,81.58,6740.53,545924.7241
2025-11-15 19:00:00,81.58,82.4,80.38,81.16,6011.67,488956.1567
2025-11-15 20:00:00,81.16,81.25,78.48,79.7,10969.04,872656.8247
2025-11-15 21:00:00,79.7,82.74,79.7,80.69,5114.39,416190.5958
2025-11-15 22:00:00,80.69,84.13,79.98,84.0,7033.89,579367.1227
2025-11-15 23:00:00,84.0,93.68,83.73,92.7,61503.05,5497873.3756
2025-11-16 00:00:00,92.7,92.7,86.6,89.3,44939.07,3987642.1873
2025-11-16 01:00:00,89.3,97.55,88.82,89.7,37747.94,3482971.4194
2025-11-16 02:00:00,89.7,94.0,89.2,90.96,17182.91,1573318.3181
2025-11-16 03:00:00,90.96,90.96,88.66,90.0,14570.77,1309427.4563
2025-11-16 04:00:00,90.0,91.46,87.05,87.64,12003.04,1072778.9873
2025-11-16 05:00:00,87.64,89.21,86.9,88.12,7064.28,622428.2481
2025-11-16 06:00:00,88.12,88.85,87.5,87.9,4509.12,397819.0466
2025-11-16 07:00:00,87.9,91.4,87.8,88.87,15549.23,1398329.4441
2025-11-16 08:00:00,88.87,90.56,85.82,89.7,19179.76,1696072.5749
2025-11-16 09:00:00,89.7,91.44,88.24,88.79,12246.24,1102644.5151
2025-11-16 10:00:00,88.79,90.72,88.56,89.76,8121.13,726509.7162
2025-11-16 11:00:00,89.76,91.33,88.09,88.45,12504.9,1120554.9655
2025-11-16 12:00:00,88.45,94.06,87.35,93.46,20317.8,1847954.6584
2025-11-16 13:00:00,93.46,95.98,92.23,95.04,28719.72,2708805.6823
2025-11-16 14:00:00,95.04,95.19,91.73,93.28,18957.86,1771819.7422
2025-11-16 15:00:00,93.28,97.32,92.43,94.1,24168.94,2298811.475
2025-11-16 16:00:00,94.1,112.95,90.19,98.91,61248.4,5978543.624
2025-11-16 17:00:00,98.91,100.8,91.43,92.5,24303.53,2330524.9326
2025-11-16 18:00:00,92.5,92.5,87.74,89.12,16261.16,1459902.2004
2025-11-16 19:00:00,89.12,92.79,87.86,87.86,18277.84,1654690.5701
2025-11-16 20:00:00,87.86,88.41,83.52,85.68,27847.76,2395320.5748
2025-11-16 21:00:00,85.68,86.32,83.0,85.25,17553.01,1484605.3984
2025-11-16 22:00:00,85.25,87.06,83.65,86.14,9865.88,838984.7828
2025-11-16 23:00:00,86.14,88.26,84.4,85.63,8753.13,757561.7992
2025-11-17 00:00:00,85.63,89.47,83.98,88.74,17198.52,1486604.6418
2025-11-17 01:00:00,88.74,88.74,84.39,85.19,9705.51,833970.1378
2025-11-17 02:00:00,85.19,88.04,84.79,86.25,4653.32,403570.552
2025-11-17 03:00:00,86.25,87.52,84.52,85.26,5204.64,446286.3482
2025-11-17 04:00:00,85.26,85.64,82.45,83.3,10698.78,898401.6485
2025-11-17 05:00:00,83.3,84.03,81.73,82.65,6758.22,558920.081
2025-11-17 06:00:00,82.65,83.81,80.63,82.12,8535.54,698224.3458
2025-11-17 07:00:00,82.12,83.87,81.18,83.46,5765.71,476857.3661
2025-11-17 08:00:00,83.46,85.14,81.83,82.96,14978.9,1249697.8812
2025-11-17 09:00:00,82.96,84.97,82.57,83.18,4037.0,339445.8516
2025-11-17 10:00:00,83.18,83.86,82.05,82.88,4146.64,343820.9474
2025-11-17 11:00:00,82.88,84.11,82.46,83.56,3962.32,329903.4568
2025-11-17 12:00:00,83.56,85.84,83.19,84.25,8906.3,752565.8149
2025-11-17 13:00:00,84.25,84.57,79.12,79.28,13456.61,1093262.6907
2025-11-17 14:00:00,79.28,84.06,78.94,83.05,12078.17,982371.0932
2025-11-17 15:00:00,83.05,85.42,82.36,83.87,7095.77,595327.6052
2025-11-17 16:00:00,83.87,83.87,81.67,82.43,10632.74,879748.1304
2025-11-17 17:00:00,82.43,82.57,80.37,80.7,2996.69,243244.4503
2025-11-17 18:00:00,80.7,81.26,79.63,79.81,3982.14,319749.989
2025-11-17 19:00:00,79.81,80.64,78.47,78.75,7747.61,614750.0618
2025-11-17 20:00:00,78.75,83.46,78.5,82.8,6482.11,523650.4108
2025-11-17 21:00:00,82.8,83.54,81.08,82.1,9323.74,765664.1476
2025-11-17 22:00:00,82.1,83.13,81.55,81.97,1468.41,120912.0965
2025-11-17 23:00:00,81.97,82.86,80.41,82.21,2329.5,189682.6533
2025-11-18 00:00:00,82.21,82.21,78.78,79.41,2953.65,236598.5249
2025-11-18 01:00:00,79.41,80.52,76.65,77.34,5410.34,423579.9043
2025-11-18 02:00:00,77.34,79.32,75.45,75.73,4240.62,327532.0337
2025-11-18 03:00:00,75.73,78.08,74.04,77.12,6646.63,504009.2061
2025-11-18 04:00:00,77.12,77.4,75.25,76.18,2298.9,175028.771
2025-11-18 05:00:00,76.18,77.18,75.18,75.87,1640.8,124655.3271
2025-11-18 06:00:00,75.87,75.91,73.18,73.48,2925.09,217380.2005
2025-11-18 07:00:00,73.48,75.76,73.41,74.99,2630.62,196466.5491
2025-11-18 08:00:00,74.99,76.4,74.87,75.85,2482.22,187723.9732
2025-11-18 09:00:00,75.85,77.8,75.38,77.34,1938.68,149364.2332
2025-11-18 10:00:00,77.34,77.81,76.04,76.64,2028.75,156119.102
2025-11-18 11:00:00,76.64,76.64,74.98,75.63,4251.49,322038.2326
2025-11-18 12:00:00,75.63,76.43,75.25,75.52,2661.99,201992.0501
2025-11-18 13:00:00,75.52,75.59,74.37,75.18,2356.02,176520.0591
2025-11-18 14:00:00,75.18,76.28,73.82,73.86,3147.58,236357.4942
2025-11-18 15:00:00,73.86,77.13,73.5,76.03,4909.39,370283.0276
2025-11-18 16:00:00,76.03,79.72,75.75,77.89,10305.09,803869.4917
2025-11-18 17:00:00,77.89,78.79,76.23,77.17,4459.24,344213.9284
2025-11-18 18:00:00,77.17,79.64,77.17,79.04,2599.67,203480.6526
2025-11-18 19:00:00,79.04,79.35,77.36,77.72,2565.49,201648.6039
2025-11-18 20:00:00,77.72,78.54,77.11,77.11,1128.15,87771.1617
2025-11-18 21:00:00,77.11,77.58,75.88,76.02,2021.58,155192.9747
2025-11-18 22:00:00,76.02,77.99,75.72,76.43,2445.61,188310.4249
2025-11-18 23:00:00,76.43,77.62,76.04,77.59,1103.44,84577.7576
2025-11-19 00:00:00,77.59,77.85,75.27,77.74,2270.61,173242.5069
2025-11-19 01:00:00,77.74,78.28,75.98,76.69,1043.25,80496.3097
2025-11-19 02:00:00,76.69,77.82,75.99,76.63,875.03,67191.5299
2025-11-19 03:00:00,76.63,76.77,74.39,74.48,2700.96,203678.2241
2025-11-19 04:00:00,74.48,75.75,74.2,75.1,1999.21,149960.5991
2025-11-19 05:00:00,75.1,75.43,73.33,73.56,1906.59,141398.9681
2025-11-19 06:00:00,73.56,75.33,73.54,74.78,1463.11,108761.1273
2025-11-19 07:00:00,74.78,77.81,74.31,76.48,2839.28,217119.4612
2025-11-19 08:00:00,76.48,76.77,75.69,76.16,2063.09,156873.8727
2025-11-19 09:00:00,76.16,77.01,75.35,76.59,1679.7,127810.0019
2025-11-19 10:00:00,76.59,76.72,75.5,76.31,672.42,51252.6507
2025-11-19 11:00:00,76.31,76.82,75.65,75.89,1779.07,135285.2225
2025-11-19 12:00:00,75.89,77.74,75.83,76.86,1537.87,118358.3948
2025-11-19 13:00:00,76.86,77.83,76.38,76.55,3090.57,238105.7401
2025-11-19 14:00:00,76.55,79.42,75.63,79.32,3817.55,293574.2936
2025-11-19 15:00:00,79.32,82.37,76.87,77.18,17445.98,1382780.4198
2025-11-19 16:00:00,77.18,77.75,74.36,75.88,6167.22,466240.4127
2025-11-19 17:00:00,75.88,76.46,74.61,76.09,3762.82,284074.9857
2025-11-19 18:00:00,76.09,76.13,73.78,74.41,2658.75,198069.5587
2025-11-19 19:00:00,74.41,74.44,73.56,73.91,1959.92,145130.7012
2025-11-19 20:00:00,73.91,76.04,72.45,75.57,2621.27,192266.2898
2025-11-19 21:00:00,75.57,78.0,75.07,77.4,2485.5,190203.707
2025-11-19 22:00:00,77.4,77.93,76.2,77.5,2601.03,200233.1003
2025-11-19 23:00:00,77.5,79.56,77.31,79.56,3573.83,280246.6527
2025-11-20 00:00:00,79.56,82.62,77.89,82.6,3759.25,302497.2149
2025-11-20 01:00:00,82.6,83.65,80.91,81.52,3183.68,261250.0244
2025-11-20 02:00:00,81.52,81.85,79.01,79.4,2648.42,211622.5354
2025-11-20 03:00:00,79.4,83.63,79.32,82.99,4172.29,338635.5072
2025-11-20 04:00:00,82.99,85.58,82.04,82.61,3019.39,252992.0634
2025-11-20 05:00:00,82.61,84.0,80.54,80.67,3774.26,310510.8244
2025-11-20 06:00:00,80.67,82.51,80.38,81.09,1814.83,147864.4407
2025-11-20 07:00:00,81.09,81.09,79.78,80.12,2983.68,239237.2029
2025-11-20 08:00:00,80.12,80.47,79.2,79.58,2411.35,191869.008
2025-11-20 09:00:00,79.58,80.0,77.81,77.98,4187.46,330576.4384
2025-11-20 10:00:00,77.98,78.33,77.42,78.13,1644.88,128014.8177
2025-11-20 11:00:00,78.13,79.16,77.5,78.06,1825.86,142806.116
2025-11-20 12:00:00,78.06,78.23,76.89,77.69,3092.3,239959.9368
2025-11-20 13:00:00,77.69,80.28,77.51,78.83,3169.88,250373.6893
2025-11-20 14:00:00,78.83,79.6,77.7,78.26,3696.36,290237.6902
2025-11-20 15:00:00,78.26,79.46,77.07,77.49,3267.98,256644.5186
2025-11-20 16:00:00,77.49,77.67,75.07,76.41,8099.46,619117.3421
2025-11-20 17:00:00,76.41,78.86,76.29,77.43,4970.25,384663.6552
2025-11-20 18:00:00,77.43,77.43,75.68,76.0,3624.86,276607.3032
2025-11-20 19:00:00,76.0,76.0,74.18,75.06,2757.45,206916.4012
2025-11-20 20:00:00,75.06,75.06,73.32,73.82,3656.44,271352.5999
2025-11-20 21:00:00,73.82,75.15,73.82,74.87,1404.01,104744.8498
2025-11-20 22:00:00,74.87,76.72,74.68,76.56,2213.1,168244.093
2025-11-20 23:00:00,76.56,76.85,72.64,72.71,3989.96,297068.5942
2025-11-21 00:00:00,72.71,74.12,70.77,72.59,5659.87,408826.056
2025-11-21 01:00:00,72.59,73.46,72.19,72.53,1288.06,93937.2166
2025-11-21 02:00:00,72.53,72.53,69.95,70.49,4179.57,295358.7805
2025-11-21 03:00:00,70.49,71.05,69.07,69.09,2521.43,176509.6721
2025-11-21 04:00:00,69.09,69.26,67.78,68.86,4568.52,313067.1313
2025-11-21 05:00:00,68.86,68.98,67.93,68.34,873.88,59883.9998
2025-11-21 06:00:00,68.34,69.58,68.0,68.43,2795.6,191317.4192
2025-11-21 07:00:00,68.43,68.64,61.6,66.95,18420.85,1200607.6973
2025-11-21 08:00:00,66.95,68.32,66.5,66.7,4860.94,328322.8713
2025-11-21 09:00:00,66.7,67.21,65.19,65.29,2171.33,143985.0595
2025-11-21 10:00:00,65.29,65.48,64.31,64.57,1449.47,94126.0685
2025-11-21 11:00:00,64.57,67.07,64.39,65.26,2341.1,154405.7854
2025-11-21 12:00:00,65.26,66.97,63.96,65.59,3933.62,257406.858
2025-11-21 13:00:00,65.59,66.64,65.03,65.14,2250.5,147654.0307
2025-11-21 14:00:00,65.14,66.83,64.79,66.31,5158.16,340825.2834
2025-11-21 15:00:00,66.31,66.53,64.48,64.82,3244.09,212923.5587
2025-11-21 16:00:00,64.82,65.94,62.97,65.47,8725.55,560793.8478
2025-11-21 17:00:00,65.47,66.33,64.33,64.34,1464.88,96180.3288
2025-11-21 18:00:00,64.34,64.51,62.59,64.31,6145.29,390799.4198
2025-11-21 19:00:00,64.31,64.31,62.93,62.99,4704.99,299664.3992
2025-11-21 20:00:00,62.99,63.04,60.2,61.44,4996.35,307165.5858
2025-11-21 21:00:00,61.44,62.73,60.93,62.14,2127.6,131551.4736
2025-11-21 22:00:00,62.14,62.34,58.54,58.58,2574.09,154613.3176
2025-11-21 23:00:00,58.58,60.64,58.58,60.48,4831.95,287237.6249
2025-11-22 00:00:00,60.48,61.51,59.67,59.99,2430.82,147351.3103
2025-11-22 01:00:00,59.99,60.52,59.72,60.44,715.72,43149.8436
2025-11-22 02:00:00,60.44,60.94,58.43,59.04,3926.29,231096.8426
2025-11-22 03:00:00,59.04,59.88,57.71,57.75,1570.49,91774.5377
2025-11-22 04:00:00,57.75,57.98,53.95,55.66,12135.75,671569.3384
2025-11-22 05:00:00,55.66,56.25,52.89,53.17,2963.74,159119.3551
2025-11-22 06:00:00,53.17,54.87,52.7,54.6,1976.06,106272.2244
2025-11-22 07:00:00,54.6,55.67,54.14,55.28,1492.2,82023.521
2025-11-22 08:00:00,55.28,55.65,53.27,53.34,7005.57,376706.5443
2025-11-22 09:00:00,53.34,55.65,53.34,55.2,2846.15,156087.777
2025-11-22 10:00:00,55.2,56.34,54.76,55.25,1605.58,89082.8203
2025-11-22 11:00:00,55.25,56.4,55.11,55.58,993.55,55500.4499
2025-11-22 12:00:00,55.58,55.69,54.86,55.14,891.1,49366.997
2025-11-22 13:00:00,55.14,55.61,54.43,54.88,963.75,52813.2488
2025-11-22 14:00:00,54.88,57.59,54.88,56.74,2282.22,128753.9873
2025-11-22 15:00:00,56.74,57.5,56.05,57.5,2381.38,135062.7728
2025-11-22 16:00:00,57.5,58.66,56.87,57.82,5211.21,299829.2903
2025-11-22 17:00:00,57.82,58.5,57.6,58.2,2896.27,168083.8843
2025-11-22 18:00:00,58.2,58.2,56.99,57.65,1246.19,71584.0005
2025-11-22 19:00:00,57.65,57.65,56.68,57.19,1073.35,61242.277
2025-11-22 20:00:00,57.19,57.45,56.03,56.46,667.99,37772.9001
2025-11-22 21:00:00,56.46,57.74,56.17,57.74,287.08,16343.4994
2025-11-22 22:00:00,57.74,57.78,57.02,57.4,691.05,39715.3461
2025-11-22 23:00:00,57.4,57.71,56.75,57.07,155.67,8910.4073
2025-11-23 00:00:00,57.07,57.58,56.67,57.04,384.76,21966.7256
2025-11-23 01:00:00,57.04,60.0,57.0,58.79,1876.64,110682.8516
2025-11-23 02:00:00,58.79,60.42,58.21,59.98,2754.76,163800.3892
2025-11-23 03:00:00,59.98,60.56,58.7,60.03,2041.97,121755.2576
2025-11-23 04:00:00,60.03,60.98,59.45,60.57,982.35,59159.5028
2025-11-23 05:00:00,60.57,61.78,59.18,60.89,4826.87,289994.8394
2025-11-23 06:00:00,60.89,61.4,59.63,59.71,2827.91,170425.9758
2025-11-23 07:00:00,59.71,60.27,58.74,59.81,4884.97,289750.5513
2025-11-23 08:00:00,59.81,59.91,58.87,59.29,681.83,40525.217
2025-11-23 09:00:00,59.29,61.98,59.0,61.9,2327.28,140544.7793
2025-11-23 10:00:00,61.9,62.11,59.54,59.69,4035.43,245515.0551
2025-11-23 11:00:00,59.69,62.13,59.06,61.06,2762.59,166314.3959
2025-11-23 12:00:00,61.06,61.18,59.99,60.23,1363.86,82453.1667
2025-11-23 13:00:00,60.23,60.66,59.76,60.48,1280.56,77175.932
2025-11-23 14:00:00,60.48,60.48,59.16,59.29,2645.45,158071.3011
2025-11-23 15:00:00,59.29,60.99,59.1,60.95,1359.31,81480.2172
2025-11-23 16:00:00,60.95,60.95,59.16,59.16,1353.3,81148.2206
2025-11-23 17:00:00,59.16,59.41,58.32,58.49,2539.55,148929.2431
2025-11-23 18:00:00,58.49,59.43,58.44,58.83,859.17,50531.0269
2025-11-23 19:00:00,58.83,60.42,58.6,59.09,693.46,41358.5681
2025-11-23 20:00:00,59.09,59.31,58.79,59.11,619.99,36626.3201
2025-11-23 21:00:00,59.11,59.11,58.61,58.86,635.82,37481.4745
2025-11-23 22:00:00,58.86,58.86,57.94,58.3,723.48,42089.0853
2025-11-23 23:00:00,58.3,58.48,56.35,56.45,6308.66,361631.9347
2025-11-24 00:00:00,56.45,56.45,55.4,55.43,1938.23,108489.4017
2025-11-24 01:00:00,55.43,56.64,54.86,56.55,730.24,40379.3817
2025-11-24 02:00:00,56.55,57.82,56.4,57.5,2887.98,165344.8368
2025-11-24 03:00:00,57.5,57.93,56.81,57.34,842.37,48417.2621
2025-11-24 04:00:00,57.34,57.49,56.05,56.15,2589.96,145915.2991
2025-11-24 05:00:00,56.15,57.45,56.08,56.55,6641.12,378439.859
2025-11-24 06:00:00,56.55,56.68,55.42,56.01,4010.97,224045.7248
2025-11-24 07:00:00,56.01,56.3,55.53,55.71,674.03,37690.8468
2025-11-24 08:00:00,55.71,56.69,55.65,56.44,2165.94,122004.2953
2025-11-24 09:00:00,56.44,56.52,55.44,55.45,1399.73,78120.0583
2025-11-24 10:00:00,55.45,56.3,55.45,56.01,794.46,44544.3287
2025-11-24 11:00:00,56.01,56.95,55.89,56.59,1996.51,112518.0793
2025-11-24 12:00:00,56.59,56.7,55.67,55.87,1718.85,96417.0771
2025-11-24 13:00:00,55.87,56.56,55.86,56.06,2139.67,120212.759
2025-11-24 14:00:00,56.06,57.88,55.57,57.83,3127.52,177565.8753
2025-11-24 15:00:00,57.83,59.15,57.65,58.82,1631.65,95437.4443
2025-11-24 16:00:00,58.82,60.0,58.47,59.37,2611.71,154974.126
2025-11-24 17:00:00,59.37,60.84,58.84,60.24,2268.65,135663.6893
2025-11-24 18:00:00,60.24,60.47,58.55,59.16,1159.97,69174.7963
2025-11-24 19:00:00,59.16,59.23,58.39,58.57,1176.95,69202.1857
2025-11-24 20:00:00,58.57,59.11,57.93,58.28,902.87,52829.0271
2025-11-24 21:00:00,58.28,58.52,57.73,57.99,539.2,31366.0609
2025-11-24 22:00:00,57.99,58.12,57.07,57.4,1148.77,66189.3153
2025-11-24 23:00:00,57.4,57.7,56.52,56.69,423.27,24141.1461
2025-11-25 00:00:00,56.69,57.08,56.48,56.56,610.95,34696.7807
2025-11-25 01:00:00,56.56,57.26,56.46,56.55,593.65,33765.8752
2025-11-25 02:00:00,56.55,56.7,55.57,56.3,1668.62,93531.7725
2025-11-25 03:00:00,56.3,56.59,55.95,56.57,922.63,52008.1052
2025-11-25 04:00:00,56.57,56.62,55.9,56.62,737.69,41532.7115
2025-11-25 05:00:00,56.62,57.06,56.32,56.79,865.36,49115.0968
2025-11-25 06:00:00,56.79,56.79,56.14,56.5,897.96,50588.4968
2025-11-25 07:00:00,56.5,56.63,55.53,55.75,711.9,39878.8947
2025-11-25 08:00:00,55.75,56.34,55.41,55.49,1024.24,57165.7223
2025-11-25 09:00:00,55.49,56.24,55.13,55.82,1602.44,89261.0979
2025-11-25 10:00:00,55.82,55.82,55.4,55.6,372.64,20724.2009
2025-11-25 11:00:00,55.6,55.78,55.24,55.44,732.19,40696.601
2025-11-25 12:00:00,55.44,56.23,55.4,55.93,826.55,46087.2638
2025-11-25 13:00:00,55.93,56.0,54.65,54.87,839.1,46308.9136
2025-11-25 14:00:00,54.87,55.38,54.38,54.97,1428.57,78382.2959
2025-11-25 15:00:00,54.97,55.79,54.26,55.62,1801.48,98793.5388
2025-11-25 16:00:00,55.62,56.07,55.24,55.75,994.33,55294.8499
2025-11-25 17:00:00,55.75,56.53,55.17,56.25,942.7,52789.4452
2025-11-25 18:00:00,56.25,57.27,55.93,56.61,2054.94,116500.5477
2025-11-25 19:00:00,56.61,56.61,55.48,56.4,639.0,35765.2811
2025-11-25 20:00:00,56.4,56.99,56.0,56.67,564.79,31949.0612
2025-11-25 21:00:00,56.67,57.11,56.11,56.11,627.82,35485.4139
2025-11-25 22:00:00,56.11,56.97,55.68,56.85,988.91,55769.4886
2025-11-25 23:00:00,56.85,57.66,56.42,57.36,909.93,52066.7252
2025-11-26 00:00:00,57.36,60.06,57.36,58.37,5774.64,339984.8949
2025-11-26 01:00:00,58.37,58.57,57.79,58.0,992.71,57704.9487
2025-11-26 02:00:00,58.0,59.19,57.67,58.79,897.72,52473.9947
2025-11-26 03:00:00,58.79,59.69,57.82,58.16,705.88,41395.2662
2025-11-26 04:00:00,58.16,59.51,58.16,58.88,506.76,29858.4229
2025-11-26 05:00:00,58.88,63.23,58.72,60.08,14697.32,905463.961
2025-11-26 06:00:00,60.08,61.06,59.16,59.77,2568.59,153569.5858
2025-11-26 07:00:00,59.77,60.41,59.6,59.86,2398.91,144079.7512
2025-11-26 08:00:00,59.86,60.3,58.63,58.77,3924.12,232718.3848
2025-11-26 09:00:00,58.77,58.77,57.88,58.19,2593.79,151256.3445
2025-11-26 10:00:00,58.19,58.99,58.0,58.07,1601.19,93493.2034
2025-11-26 11:00:00,58.07,58.6,57.58,57.95,1725.63,99863.3713
2025-11-26 12:00:00,57.95,59.29,57.76,58.72,2657.08,155476.1617
2025-11-26 13:00:00,58.72,61.19,58.16,60.26,3950.03,237412.8563
2025-11-26 14:00:00,60.26,65.24,59.83,64.45,15091.73,958424.1393
2025-11-26 15:00:00,64.45,66.0,62.4,62.93,14674.12,941059.0758
2025-11-26 16:00:00,62.93,64.55,62.0,63.53,13533.19,855065.2372
2025-11-26 17:00:00,63.53,66.16,62.98,66.06,4767.84,309954.4002
2025-11-26 18:00:00,66.06,66.54,64.67,65.14,4696.82,308194.4896
2025-11-26 19:00:00,65.14,66.65,65.14,65.66,2501.43,165130.0589
2025-11-26 20:00:00,65.66,67.02,64.66,66.82,3400.49,224696.581
2025-11-26 21:00:00,66.82,68.21,65.94,66.15,7015.03,471826.3732
2025-11-26 22:00:00,66.15,67.82,65.52,67.08,4177.17,278501.9763
2025-11-26 23:00:00,67.08,69.5,66.93,69.38,6879.78,470626.5671
2025-11-27 00:00:00,69.38,70.85,67.78,69.89,11288.05,777469.414
2025-11-27 01:00:00,69.89,70.19,67.23,67.72,8567.24,584526.7926
2025-11-27 02:00:00,67.72,68.27,66.11,66.16,5517.54,370707.4879
2025-11-27 03:00:00,66.16,66.28,64.46,65.7,4486.93,292997.448
2025-11-27 04:00:00,65.7,66.44,65.49,65.84,1535.13,101373.1541
2025-11-27 05:00:00,65.84,65.95,64.51,64.79,1910.18,124291.8536
2025-11-27 06:00:00,64.79,64.82,64.09,64.31,983.83,63362.2697
2025-11-27 07:00:00,64.31,64.74,63.44,63.82,2047.57,131308.7123
2025-11-27 08:00:00,63.82,64.2,63.3,64.02,1744.57,111159.6349
2025-11-27 09:00:00,64.02,64.02,63.07,63.12,1804.04,114693.8078
2025-11-27 10:00:00,63.12,63.78,62.8,63.17,1636.62,103411.2316
2025-11-27 11:00:00,63.17,63.17,62.23,62.8,2214.88,138740.1013
2025-11-27 12:00:00,62.8,63.32,62.66,63.16,2935.2,185044.8707
2025-11-27 13:00:00,63.16,63.94,62.61,62.68,4422.05,280262.6614
2025-11-27 14:00:00,62.68,63.76,62.68,63.54,1066.66,67575.7237
2025-11-27 15:00:00,63.54,64.68,63.18,64.44,3005.74,192356.5331
2025-11-27 16:00:00,64.44,64.5,63.46,64.16,2515.58,161267.6969
2025-11-27 17:00:00,64.16,64.99,63.7,64.11,1592.78,102393.0928
2025-11-27 18:00:00,64.11,64.3,63.65,63.76,1232.04,78765.2758
2025-11-27 19:00:00,63.76,63.91,61.65,63.08,3771.61,236506.9623
2025-11-27 20:00:00,63.08,63.11,62.54,62.97,1449.62,91223.8872
2025-11-27 21:00:00,62.97,63.0,62.38,62.54,772.65,48431.4527
2025-11-27 22:00:00,62.54,62.88,62.16,62.16,1095.25,68473.8177
2025-11-27 23:00:00,62.16,62.17,61.3,61.63,1827.31,112632.3427
2025-11-28 00:00:00,61.63,61.66,60.19,60.27,5142.46,313441.729
2025-11-28 01:00:00,60.27,60.51,59.11,59.11,2735.25,163833.1095
2025-11-28 02:00:00,59.11,59.26,57.09,58.15,8424.61,488001.8586
2025-11-28 03:00:00,58.15,58.52,57.76,58.01,3378.64,196539.6316
2025-11-28 04:00:00,58.01,58.7,57.64,58.38,1462.17,84994.5783
2025-11-28 05:00:00,58.38,59.03,58.16,58.79,1783.52,104787.701
2025-11-28 06:00:00,58.79,58.88,58.21,58.77,6862.06,401802.8275
2025-11-28 07:00:00,58.77,58.91,58.41,58.69,939.22,55108.2332
2025-11-28 08:00:00,58.69,59.62,58.54,59.08,2177.42,128546.6186
2025-11-28 09:00:00,59.08,60.05,58.96,59.31,2330.25,138552.441
2025-11-28 10:00:00,59.31,59.45,58.86,59.17,870.43,51534.4106
2025-11-28 11:00:00,59.17,59.21,58.45,58.63,2202.0,129334.1194
2025-11-28 12:00:00,58.63,58.88,58.03,58.12,1449.33,84692.9487
2025-11-28 13:00:00,58.12,59.23,57.81,58.94,3355.15,196400.3191
2025-11-28 14:00:00,58.94,59.33,58.75,59.07,1580.49,93329.0706
2025-11-28 15:00:00,59.07,59.76,58.64,59.11,4503.68,267448.592
2025-11-28 16:00:00,59.11,59.11,57.8,58.26,2603.54,151987.6638
2025-11-28 17:00:00,58.26,58.95,57.88,57.99,1518.22,88567.6104
2025-11-28 18:00:00,57.99,58.14,57.27,57.99,3143.43,181207.5816
2025-11-28 19:00:00,57.99,58.24,57.81,58.06,315.42,18291.4489
2025-11-28 20:00:00,58.06,58.75,57.81,58.51,774.73,45093.798
2025-11-28 21:00:00,58.51,58.59,57.66,57.94,911.12,52816.7223
2025-11-28 22:00:00,57.94,58.12,57.6,58.02,611.14,35377.3408
2025-11-28 23:00:00,58.02,58.41,58.01,58.18,353.16,20565.7925
2025-11-29 00:00:00,58.18,58.55,57.52,58.31,941.32,54644.168
2025-11-29 01:00:00,58.31,58.64,57.7,57.79,990.35,57553.2037
2025-11-29 02:00:00,57.79,57.86,56.87,57.38,930.2,53264.3616
2025-11-29 03:00:00,57.38,57.72,57.24,57.61,738.35,42365.324
2025-11-29 04:00:00,57.61,58.07,57.58,57.94,930.29,53828.9532
2025-11-29 05:00:00,57.94,57.94,56.45,57.06,1794.77,102080.9999
2025-11-29 06:00:00,57.06,57.37,56.77,57.22,1844.06,105212.8532
2025-11-29 07:00:00,57.22,57.38,56.94,57.15,376.58,21538.2328
2025-11-29 08:00:00,57.15,57.15,56.59,56.82,611.56,34741.8003
2025-11-29 09:00:00,56.82,56.95,56.64,56.9,571.74,32483.6061
2025-11-29 10:00:00,56.9,57.47,56.79,57.46,427.63,24406.2436
2025-11-29 11:00:00,57.46,57.51,56.99,57.1,460.39,26348.1899
2025-11-29 12:00:00,57.1,57.12,56.68,56.8,611.68,34772.0231
2025-11-29 13:00:00,56.8,57.13,56.55,57.12,394.81,22461.452
2025-11-29 14:00:00,57.12,57.12,56.71,57.02,322.8,18367.7077
2025-11-29 15:00:00,57.02,57.15,56.18,57.11,924.26,52351.075
2025-11-29 16:00:00,57.11,57.39,56.89,56.95,1011.23,57782.5714
2025-11-29 17:00:00,56.95,57.16,56.34,56.6,701.66,39792.7255
2025-11-29 18:00:00,56.6,57.05,56.34,56.99,901.58,51103.3783
2025-11-29 19:00:00,56.99,57.12,56.56,56.59,501.87,28547.9188
2025-11-29 20:00:00,56.59,56.79,56.31,56.72,470.18,26597.4662
2025-11-29 21:00:00,56.72,56.92,56.5,56.79,169.58,9619.605
2025-11-29 22:00:00,56.79,56.79,56.43,56.43,360.42,20366.837
2025-11-29 23:00:00,56.43,56.96,55.75,56.6,810.02,45478.1772
2025-11-30 00:00:00,56.6,56.87,56.51,56.73,396.29,22477.4292
2025-11-30 01:00:00,56.73,57.34,56.71,57.1,516.5,29508.945
2025-11-30 02:00:00,57.1,57.21,56.37,56.37,314.9,17878.5006
2025-11-30 03:00:00,56.37,56.59,56.07,56.41,516.35,29068.5033
2025-11-30 04:00:00,56.41,56.61,56.13,56.17,323.68,18252.6858
2025-11-30 05:00:00,56.17,56.17,55.36,55.94,1062.74,59121.0477
2025-11-30 06:00:00,55.94,56.29,55.9,55.93,542.52,30424.5961
2025-11-30 07:00:00,55.93,56.2,55.77,56.0,704.34,39405.942
2025-11-30 08:00:00,56.0,56.21,55.55,55.74,892.84,49875.9313
2025-11-30 09:00:00,55.74,55.94,55.58,55.83,467.47,26078.4991
2025-11-30 10:00:00,55.83,55.83,55.4,55.49,468.46,26083.3795
2025-11-30 11:00:00,55.49,55.77,55.33,55.44,273.06,15170.3899
2025-11-30 12:00:00,55.44,55.94,55.08,55.88,2165.87,120349.2709
2025-11-30 13:00:00,55.88,56.37,55.76,55.96,1190.95,66745.4679
2025-11-30 14:00:00,55.96,55.99,55.3,55.42,348.13,19350.0911
2025-11-30 15:00:00,55.42,55.42,54.75,55.14,659.53,36323.6907
2025-11-30 16:00:00,55.14,55.48,55.0,55.27,736.68,40699.1624
2025-11-30 17:00:00,55.27,55.27,54.86,55.07,422.62,23273.1095
2025-11-30 18:00:00,55.07,55.07,54.5,54.8,758.54,41536.0817
2025-11-30 19:00:00,54.8,54.96,54.44,54.62,637.01,34854.8772
2025-11-30 20:00:00,54.62,54.99,54.54,54.62,599.82,32823.3462
2025-11-30 21:00:00,54.62,54.72,53.79,54.35,2918.62,157871.4758
2025-11-30 22:00:00,54.35,54.74,54.11,54.33,381.65,20791.9421
2025-11-30 23:00:00,54.33,54.35,53.18,53.34,1358.36,72699.1671
2025-12-01 00:00:00,53.34,53.4,49.29,49.33,16753.56,861076.3059
2025-12-01 01:00:00,49.33,50.41,49.04,49.08,3390.89,168336.3652
2025-12-01 02:00:00,49.08,49.93,49.08,49.2,2238.48,110724.1186
2025-12-01 03:00:00,49.2,49.35,48.04,48.15,2716.3,131819.7508
2025-12-01 04:00:00,48.15,48.38,47.04,47.29,1604.43,76779.2569
2025-12-01 05:00:00,47.29,47.46,46.57,47.3,2102.39,98774.3679
2025-12-01 06:00:00,47.3,48.63,47.22,47.99,1450.29,69319.3712
2025-12-01 07:00:00,47.99,48.49,47.57,47.91,1108.07,53140.6819
2025-12-01 08:00:00,47.91,48.8,47.78,48.67,1312.82,63377.9222
2025-12-01 09:00:00,48.67,49.51,48.67,49.51,1100.96,54018.7996
2025-12-01 10:00:00,49.51,50.26,49.26,49.36,2874.95,142931.3846
2025-12-01 11:00:00,49.36,49.5,48.66,48.76,1097.69,53804.0426
2025-12-01 12:00:00,48.76,48.76,47.59,48.15,4571.5,220651.6111
2025-12-01 13:00:00,48.15,48.26,47.03,47.6,1995.53,94986.5102
2025-12-01 14:00:00,47.6,49.07,47.43,48.74,7335.68,353008.2771
2025-12-01 15:00:00,48.74,49.54,47.67,49.06,3581.92,173694.2954
2025-12-01 16:00:00,49.06,49.27,48.06,48.6,2825.42,137226.0484
2025-12-01 17:00:00,48.6,48.73,47.51,47.61,1364.13,65650.2486
2025-12-01 18:00:00,47.61,48.06,47.45,47.9,1094.51,52270.9687
2025-12-01 19:00:00,47.9,48.11,47.09,47.88,3910.89,185047.3827
2025-12-01 20:00:00,47.88,48.52,47.81,47.89,1306.47,62902.1912
2025-12-01 21:00:00,47.89,48.48,47.89,48.23,1367.86,65969.8377
2025-12-01 22:00:00,48.23,48.47,48.08,48.32,1006.85,48680.9266
2025-12-01 23:00:00,48.32,48.79,48.25,48.3,486.36,23586.0555
2025-12-02 00:00:00,48.3,48.77,48.15,48.41,503.07,24350.3382
2025-12-02 01:00:00,48.41,49.11,48.19,48.5,1094.13,53112.5751
2025-12-02 02:00:00,48.5,48.76,48.16,48.26,338.19,16386.8906
2025-12-02 03:00:00,48.26,48.3,47.63,48.09,1244.63,59643.3285
2025-12-02 04:00:00,48.09,48.09,47.3,47.47,555.09,26355.0617
2025-12-02 05:00:00,47.47,47.81,47.25,47.34,1115.2,53045.6084
2025-12-02 06:00:00,47.34,47.91,47.3,47.88,429.12,20475.7909
2025-12-02 07:00:00,47.88,47.88,46.53,46.86,1108.26,52138.8361
2025-12-02 08:00:00,46.86,47.01,46.05,46.3,2222.77,103225.171
2025-12-02 09:00:00,46.3,47.05,46.3,46.8,942.81,44198.5325
2025-12-02 10:00:00,46.8,47.23,46.71,46.99,1355.65,63654.6692
2025-12-02 11:00:00,46.99,46.99,46.54,46.68,993.12,46407.2598
2025-12-02 12:00:00,46.68,46.79,46.1,46.56,891.28,41401.3824
2025-12-02 13:00:00,46.56,46.78,46.44,46.47,1461.7,68113.7669
2025-12-02 14:00:00,46.47,47.83,46.3,47.82,4456.51,209296.7589
2025-12-02 15:00:00,47.82,51.05,47.82,50.3,7353.07,363550.8221
2025-12-02 16:00:00,50.3,50.39,48.48,48.76,3830.65,188164.7134
2025-12-02 17:00:00,48.76,49.92,48.76,49.02,2801.41,138493.6093
2025-12-02 18:00:00,49.02,49.02,48.03,48.59,3623.06,175922.5652
2025-12-02 19:00:00,48.59,48.75,46.99,47.08,1890.2,90232.909
2025-12-02 20:00:00,47.08,47.29,46.35,46.87,3684.28,172614.6173
2025-12-02 21:00:00,46.87,47.26,46.57,46.63,1173.24,54938.0723
2025-12-02 22:00:00,46.63,47.7,46.19,47.44,2703.15,126755.7403
2025-12-02 23:00:00,47.44,47.94,47.24,47.4,1675.72,79674.9142
2025-12-03 00:00:00,47.4,47.47,46.56,46.91,628.59,29511.072
2025-12-03 01:00:00,46.91,47.17,46.5,46.79,711.13,33346.2004
2025-12-03 02:00:00,46.79,47.6,46.61,47.13,1082.42,51110.5748
2025-12-03 03:00:00,47.13,47.38,46.45,46.45,1107.55,51851.0354
2025-12-03 04:00:00,46.45,47.9,46.2,47.4,1447.73,68299.1869
2025-12-03 05:00:00,47.4,48.76,47.27,48.08,2629.49,126641.9013
2025-12-03 06:00:00,48.08,49.08,47.37,47.81,2481.1,120262.0295
2025-12-03 07:00:00,47.81,47.88,47.06,47.15,958.92,45356.1204
2025-12-03 08:00:00,47.15,48.1,47.15,47.79,2551.42,121680.4784
2025-12-03 09:00:00,47.79,48.17,47.56,47.69,808.41,38621.2525
2025-12-03 10:00:00,47.69,48.88,47.44,47.44,1582.41,76034.7334
2025-12-03 11:00:00,47.44,47.97,46.98,47.84,1969.66,93321.7732
2025-12-03 12:00:00,47.84,48.46,47.58,48.43,1153.61,55438.5194
2025-12-03 13:00:00,48.43,50.33,48.29,49.52,4501.77,222014.1968
2025-12-03 14:00:00,49.52,51.54,48.29,51.37,11100.37,554521.1328
2025-12-03 15:00:00,51.37,51.43,49.3,50.33,5431.87,273719.8516
2025-12-03 16:00:00,50.33,51.48,49.69,49.99,4206.37,213809.9959
2025-12-03 17:00:00,49.99,50.7,49.75,50.53,1366.75,68591.3589
2025-12-03 18:00:00,50.53,52.67,50.33,51.36,7160.02,369162.2972
2025-12-03 19:00:00,51.36,51.95,50.9,51.71,1419.3,73030.4723
2025-12-03 20:00:00,51.71,51.71,50.07,50.1,2214.21,112132.0288
2025-12-03 21:00:00,50.1,51.11,50.02,50.57,3602.35,182308.7905
2025-12-03 22:00:00,50.57,50.57,49.1,49.68,3462.69,171465.2265
2025-12-03 23:00:00,49.68,49.86,48.59,48.78,2628.86,128855.4415
2025-12-04 00:00:00,48.78,49.06,48.27,48.74,1128.02,54853.653
2025-12-04 01:00:00,48.74,49.73,48.74,49.11,2551.98,125919.5168
2025-12-04 02:00:00,49.11,50.1,49.04,49.82,1312.6,65289.4913
2025-12-04 03:00:00,49.82,50.2,49.63,49.99,876.5,43727.4536
2025-12-04 04:00:00,49.99,50.47,49.81,50.36,1808.24,90757.7877
2025-12-04 05:00:00,50.36,50.87,49.56,49.56,2237.05,112024.1332
2025-12-04 06:00:00,49.56,50.19,49.5,50.03,1413.95,70479.45
2025-12-04 07:00:00,50.03,50.21,49.34,49.69,1228.09,60907.7847
2025-12-04 08:00:00,49.69,49.89,49.23,49.6,1257.78,62250.7791
2025-12-04 09:00:00,49.6,49.9,49.14,49.15,513.28,25439.9714
2025-12-04 10:00:00,49.15,49.63,48.87,49.46,696.89,34283.0484
2025-12-04 11:00:00,49.46,50.69,49.41,50.69,2128.73,106879.8403
2025-12-04 12:00:00,50.69,51.05,49.73,50.06,2390.27,120370.5354
2025-12-04 13:00:00,50.06,50.06,49.17,49.33,3125.3,155300.2172
2025-12-04 14:00:00,49.33,49.72,48.64,48.83,1392.57,68561.013
2025-12-04 15:00:00,48.83,49.64,48.77,49.51,1288.47,63387.1093
2025-12-04 16:00:00,49.51,49.57,48.83,48.99,1475.4,72523.8899
2025-12-04 17:00:00,48.99,49.54,48.75,49.22,1308.34,64090.248
2025-12-04 18:00:00,49.22,49.51,48.67,48.71,2560.81,125150.501
2025-12-04 19:00:00,48.71,48.71,47.02,47.94,7632.6,365065.4457
2025-12-04 20:00:00,47.94,48.87,47.75,48.47,2166.97,104286.2235
2025-12-04 21:00:00,48.47,48.79,47.95,47.98,351.5,17019.262
2025-12-04 22:00:00,47.98,49.11,47.95,48.95,1273.62,62057.7408
2025-12-04 23:00:00,48.95,49.44,48.92,49.42,1039.26,51115.0158
2025-12-05 00:00:00,49.42,52.4,49.42,51.45,5376.0,275136.3469
2025-12-05 01:00:00,51.45,51.95,50.58,50.74,2209.35,113237.7054
2025-12-05 02:00:00,50.74,52.21,50.52,51.69,1215.39,62105.0014
2025-12-05 03:00:00,51.69,52.0,50.32,50.59,1211.54,61877.863
2025-12-05 04:00:00,50.59,51.3,49.79,49.95,3669.14,184840.2283
2025-12-05 05:00:00,49.95,50.25,49.13,49.49,1664.51,82733.782
2025-12-05 06:00:00,49.49,51.98,49.49,50.9,3542.79,180293.0068
2025-12-05 07:00:00,50.9,52.33,50.9,51.13,3839.35,198817.8186
2025-12-05 08:00:00,51.13,51.24,49.54,49.99,3200.92,160674.6504
2025-12-05 09:00:00,49.99,50.01,48.91,49.12,2059.88,101543.8283
2025-12-05 10:00:00,49.12,49.89,48.64,49.03,6593.46,325806.3352
2025-12-05 11:00:00,49.03,49.16,48.37,49.12,2098.8,102488.3871
2025-12-05 12:00:00,49.12,49.64,48.75,49.4,5345.44,263786.9646
2025-12-05 13:00:00,49.4,49.76,48.35,48.63,1777.11,86901.0972
2025-12-05 14:00:00,48.63,48.8,48.03,48.04,2116.84,102292.2179
2025-12-05 15:00:00,48.04,49.12,48.04,48.22,2164.29,105116.5479
2025-12-05 16:00:00,48.22,48.22,46.37,46.92,8701.14,408453.3388
2025-12-05 17:00:00,46.92,47.51,46.78,47.32,1689.55,79656.1601
2025-12-05 18:00:00,47.32,47.9,46.56,46.71,1316.25,62224.2442
2025-12-05 19:00:00,46.71,47.5,46.5,47.28,1814.14,85194.0588
2025-12-05 20:00:00,47.28,47.28,46.37,46.37,657.95,30730.2579
2025-12-05 21:00:00,46.37,46.83,46.37,46.79,981.45,45773.6642
2025-12-05 22:00:00,46.79,47.26,46.46,47.09,925.7,43273.9957
2025-12-05 23:00:00,47.09,47.09,46.74,46.96,324.44,15220.31
2025-12-06 00:00:00,46.96,46.96,46.44,46.9,390.19,18242.0059
2025-12-06 01:00:00,46.9,46.9,46.46,46.64,387.04,18038.6563
2025-12-06 02:00:00,46.64,46.64,46.06,46.37,1066.9,49376.0304
2025-12-06 03:00:00,46.37,47.04,46.28,46.73,591.37,27633.057
2025-12-06 04:00:00,46.73,47.16,46.73,46.99,1244.84,58438.9002
2025-12-06 05:00:00,46.99,47.56,46.82,47.07,2218.23,104612.6858
2025-12-06 06:00:00,47.07,47.58,46.95,47.48,916.05,43280.9095
2025-12-06 07:00:00,47.48,48.84,47.36,48.66,2198.77,106052.5275
2025-12-06 08:00:00,48.66,48.66,47.13,47.2,2839.27,135761.1553
2025-12-06 09:00:00,47.2,47.74,47.07,47.15,1496.58,70849.0003
2025-12-06 10:00:00,47.15,47.22,46.9,46.91,643.97,30276.1827
2025-12-06 11:00:00,46.91,47.23,46.83,47.03,1128.19,53000.1582
2025-12-06 12:00:00,47.03,47.12,46.84,47.0,447.37,21012.8403
2025-12-06 13:00:00,47.0,47.26,46.88,46.97,325.54,15314.5621
2025-12-06 14:00:00,46.97,47.79,46.94,47.42,1975.92,93984.7989
2025-12-06 15:00:00,47.42,47.56,46.57,46.81,3022.05,141939.4831
2025-12-06 16:00:00,46.81,47.39,46.81,47.0,951.3,44839.369
2025-12-06 17:00:00,47.0,47.53,46.91,47.38,737.42,34900.3511
2025-12-06 18:00:00,47.38,48.25,47.06,47.44,3537.09,168721.5069
2025-12-06 19:00:00,47.44,47.56,47.04,47.09,1152.81,54528.69
2025-12-06 20:00:00,47.09,47.28,46.85,46.89,772.81,36355.2786
2025-12-06 21:00:00,46.89,47.09,46.61,46.69,728.9,34091.256
2025-12-06 22:00:00,46.69,47.15,46.64,47.0,638.6,29918.141
2025-12-06 23:00:00,47.0,47.55,46.67,47.33,445.71,20976.4005
2025-12-07 00:00:00,47.33,47.53,47.1,47.1,480.96,22735.2866
2025-12-07 01:00:00,47.1,47.22,46.83,46.83,395.1,18581.4899
2025-12-07 02:00:00,46.83,47.46,46.78,47.33,205.37,9684.5945
2025-12-07 03:00:00,47.33,47.33,47.04,47.05,353.34,16666.5859
2025-12-07 04:00:00,47.05,47.12,46.76,47.03,505.38,23721.2682
2025-12-07 05:00:00,47.03,47.26,46.95,47.03,178.48,8412.3165
2025-12-07 06:00:00,47.03,47.33,46.82,47.18,2193.36,103356.6514
2025-12-07 07:00:00,47.18,47.21,46.44,46.67,1134.76,53060.0752
2025-12-07 08:00:00,46.67,46.67,45.5,45.54,4165.76,190964.6596
2025-12-07 09:00:00,45.54,45.58,44.07,44.52,5371.83,239941.264
2025-12-07 10:00:00,44.52,45.3,44.46,45.13,1470.96,65889.1672
2025-12-07 11:00:00,45.13,45.46,44.86,44.88,725.03,32794.431
2025-12-07 12:00:00,44.88,45.37,44.72,45.13,1389.98,62677.4831
2025-12-07 13:00:00,45.13,45.34,44.84,44.94,1742.93,78650.8614
2025-12-07 14:00:00,44.94,45.12,43.94,44.3,4060.53,179750.2116
2025-12-07 15:00:00,44.3,45.13,43.74,44.98,3477.31,155059.7357
2025-12-07 16:00:00,44.98,45.35,44.51,44.97,1029.68,46165.6269
2025-12-07 17:00:00,44.97,45.95,44.7,45.89,2550.32,115916.6623
2025-12-07 18:00:00,45.89,46.18,45.78,45.86,957.75,44072.0321
2025-12-07 19:00:00,45.86,46.06,45.64,46.05,632.0,28999.7747
2025-12-07 20:00:00,46.05,46.11,45.78,45.89,1011.3,46447.7035
2025-12-07 21:00:00,45.89,45.89,44.61,44.73,2721.41,122847.9928
2025-12-07 22:00:00,44.73,44.73,43.36,44.18,7578.03,330742.581
2025-12-07 23:00:00,44.18,44.72,43.86,44.46,672.32,29771.0196
2025-12-08 00:00:00,44.46,45.5,44.3,45.13,914.0,41106.6492
2025-12-08 01:00:00,45.13,45.94,45.08,45.52,1240.12,56513.0723
2025-12-08 02:00:00,45.52,45.92,45.35,45.71,897.31,41024.5041
2025-12-08 03:00:00,45.71,46.16,45.71,45.96,857.07,39376.4034
2025-12-08 04:00:00,45.96,46.53,45.96,46.35,1232.7,57069.3086
2025-12-08 05:00:00,46.35,46.5,46.31,46.5,612.15,28405.648
2025-12-08 06:00:00,46.5,46.96,46.14,46.88,1436.54,66889.3668
2025-12-08 07:00:00,46.88,47.76,46.85,47.27,4277.68,202471.6412
2025-12-08 08:00:00,47.27,47.55,47.07,47.31,1225.01,57891.2022
2025-12-08 09:00:00,47.31,48.85,47.31,48.02,8343.56,403138.5707
2025-12-08 10:00:00,48.02,48.45,47.8,48.25,1535.63,73947.4688
2025-12-08 11:00:00,48.25,48.27,47.71,47.82,1467.81,70455.0825
2025-12-08 12:00:00,47.82,47.82,47.08,47.14,1223.61,57985.6438
2025-12-08 13:00:00,47.14,47.51,46.84,46.93,1464.52,69034.403
2025-12-08 14:00:00,46.93,48.53,46.73,47.99,4680.61,223067.1934
2025-12-08 15:00:00,47.99,47.99,46.98,47.45,2094.02,99003.8749
2025-12-08 16:00:00,47.45,49.43,47.11,48.81,3804.53,184832.9691
2025-12-08 17:00:00,48.81,49.7,48.31,49.66,4711.26,230803.7264
2025-12-08 18:00:00,49.66,52.22,49.6,51.5,21299.73,1095833.7216
2025-12-08 19:00:00,51.5,52.56,51.18,51.91,4958.91,256300.6195
2025-12-08 20:00:00,51.91,52.21,50.76,50.97,7308.46,376132.9904
2025-12-08 21:00:00,50.97,51.46,50.1,50.18,4536.79,230944.9067
2025-12-08 22:00:00,50.18,50.22,49.05,49.23,3262.17,161840.0428
2025-12-08 23:00:00,49.23,49.73,49.06,49.58,2342.47,115572.6705
2025-12-09 00:00:00,49.58,50.16,49.21,49.38,4152.95,206576.9224
2025-12-09 01:00:00,49.38,49.54,47.67,47.99,2795.33,135273.8518
2025-12-09 02:00:00,47.99,48.52,47.81,48.01,2407.23,115849.2846
2025-12-09 03:00:00,48.01,48.2,47.4,48.12,3240.96,154822.2271
2025-12-09 04:00:00,48.12,48.12,47.22,47.47,5001.12,238405.0335
2025-12-09 05:00:00,47.47,48.2,47.2,47.93,3293.98,157263.8376
2025-12-09 06:00:00,47.93,48.98,47.89,48.64,4264.5,206355.5861
2025-12-09 07:00:00,48.64,49.26,48.22,48.77,2319.75,112958.9727
2025-12-09 08:00:00,48.77,49.28,48.38,48.38,2546.32,124449.4257
2025-12-09 09:00:00,48.38,48.4,47.79,48.08,2111.0,101564.8805
2025-12-09 10:00:00,48.08,48.39,47.91,48.06,2540.79,122416.5907
2025-12-09 11:00:00,48.06,48.24,47.46,48.0,2153.15,102866.7039
2025-12-09 12:00:00,48.0,49.77,47.9,49.29,5040.18,247178.2134
2025-12-09 13:00:00,49.29,50.2,49.0,49.79,4658.18,230768.0775
2025-12-09 14:00:00,49.79,50.1,49.17,49.58,2525.63,125245.4428
2025-12-09 15:00:00,49.58,50.83,49.58,50.6,11932.55,600966.5854
2025-12-09 16:00:00,50.6,51.3,49.43,49.68,12508.64,627186.9939
2025-12-09 17:00:00,49.68,50.25,48.68,49.69,12500.74,619045.7559
2025-12-09 18:00:00,49.69,50.34,49.69,50.26,2363.61,118478.1158
2025-12-09 19:00:00,50.26,50.33,49.91,50.19,650.36,32592.4377
2025-12-09 20:00:00,50.19,50.19,49.42,49.69,2329.45,115834.5429
2025-12-09 21:00:00,49.69,49.88,49.11,49.39,1756.57,86762.8642
2025-12-09 22:00:00,49.39,50.27,49.39,49.94,1102.64,55102.872
2025-12-09 23:00:00,49.94,50.51,49.77,50.38,1918.14,96277.7912
2025-12-10 00:00:00,50.38,50.82,49.79,50.07,6995.86,352018.8639
2025-12-10 01:00:00,50.07,52.3,49.78,52.02,3549.91,181378.4286
2025-12-10 02:00:00,52.02,52.96,51.27,51.65,6762.51,353268.5887
2025-12-10 03:00:00,51.65,53.1,51.16,51.32,3777.9,197164.5515
2025-12-10 04:00:00,51.32,51.94,50.94,51.11,2741.27,140863.2143
2025-12-10 05:00:00,51.11,51.4,50.82,51.21,1768.1,90273.9919
2025-12-10 06:00:00,51.21,51.21,50.57,50.82,1615.19,82152.2638
2025-12-10 07:00:00,50.82,50.82,50.06,50.14,4698.28,236673.6685
2025-12-10 08:00:00,50.14,50.15,49.23,49.4,3810.5,189488.4029
2025-12-10 09:00:00,49.4,49.71,49.16,49.48,3155.68,155968.0032
2025-12-10 10:00:00,49.48,49.73,48.29,48.57,5597.76,273279.9134
2025-12-10 11:00:00,48.57,48.85,48.16,48.35,1585.77,76936.8854
2025-12-10 12:00:00,48.35,48.65,48.24,48.52,1432.43,69391.648
2025-12-10 13:00:00,48.52,48.76,48.17,48.54,2232.8,108371.4884
2025-12-10 14:00:00,48.54,48.54,48.06,48.4,854.48,41309.5191
2025-12-10 15:00:00,48.4,48.81,48.12,48.3,1077.37,52176.7745
2025-12-10 16:00:00,48.3,48.74,48.12,48.63,1277.98,61996.0449
2025-12-10 17:00:00,48.63,48.66,48.23,48.62,655.98,31754.8907
2025-12-10 18:00:00,48.62,49.0,48.16,48.42,1613.12,78371.8183
2025-12-10 19:00:00,48.42,49.05,47.89,48.66,5803.76,280557.2268
2025-12-10 20:00:00,48.66,49.5,47.77,47.95,4762.25,231437.2112
2025-12-10 21:00:00,47.95,48.05,46.8,46.87,2577.52,121919.7644
2025-12-10 22:00:00,46.87,47.28,46.42,47.11,1890.18,88481.1857
2025-12-10 23:00:00,47.11,47.32,46.76,46.81,865.43,40711.2897
2025-12-11 00:00:00,46.81,46.89,46.08,46.29,1651.3,76532.9008
2025-12-11 01:00:00,46.29,46.29,45.59,45.84,1837.31,84300.4082
2025-12-11 02:00:00,45.84,46.26,45.7,46.02,1392.59,63979.8716
2025-12-11 03:00:00,46.02,46.13,45.46,45.53,2627.89,120022.8114
2025-12-11 04:00:00,45.53,46.09,45.48,45.87,1027.04,47038.0548
2025-12-11 05:00:00,45.87,46.27,45.83,46.18,600.82,27661.9632
2025-12-11 06:00:00,46.18,47.48,46.16,47.3,2961.98,139104.2538
2025-12-11 07:00:00,47.3,47.45,46.78,47.0,816.87,38408.3404
2025-12-11 08:00:00,47.0,47.14,46.24,46.25,2318.47,108048.5495
2025-12-11 09:00:00,46.25,46.78,46.22,46.5,1509.21,70255.2421
2025-12-11 10:00:00,46.5,46.75,46.01,46.33,835.79,38759.3181
2025-12-11 11:00:00,46.33,47.4,46.22,47.2,2299.74,108132.0303
2025-12-11 12:00:00,47.2,49.06,46.93,48.84,4099.32,196917.8472
2025-12-11 13:00:00,48.84,49.31,47.88,48.4,2941.09,142726.4348
2025-12-11 14:00:00,48.4,48.89,47.95,48.71,2146.93,104210.7967
2025-12-11 15:00:00,48.71,48.96,48.31,48.68,2213.2,107565.7337
2025-12-11 16:00:00,48.68,48.98,47.23,47.59,4659.9,223599.6943
2025-12-11 17:00:00,47.59,48.15,47.39,47.65,673.15,32100.0483
2025-12-11 18:00:00,47.65,49.01,47.39,48.88,2399.61,116444.1101
2025-12-11 19:00:00,48.88,49.07,48.13,48.15,3589.24,174676.8209
2025-12-11 20:00:00,48.15,48.94,48.15,48.77,2111.26,102753.598
2025-12-11 21:00:00,48.77,49.54,48.66,48.69,2947.0,144455.8383
2025-12-11 22:00:00,48.69,48.79,47.77,47.96,2094.64,100787.0491
2025-12-11 23:00:00,47.96,48.24,47.66,48.01,1300.83,62343.9862
2025-12-12 00:00:00,48.01,48.06,47.5,47.5,1082.23,51643.5393
2025-12-12 01:00:00,47.5,48.43,47.5,47.97,1670.56,80153.5368
2025-12-12 02:00:00,47.97,47.97,47.52,47.65,1356.24,64582.3604
2025-12-12 03:00:00,47.65,47.65,47.13,47.44,827.28,39204.814
2025-12-12 04:00:00,47.44,47.69,47.43,47.59,519.91,24732.088
2025-12-12 05:00:00,47.59,47.7,47.32,47.53,720.74,34259.3399
2025-12-12 06:00:00,47.53,48.0,47.46,47.52,1124.5,53669.9482
2025-12-12 07:00:00,47.52,47.77,47.28,47.53,944.67,44864.4794
2025-12-12 08:00:00,47.53,47.61,47.25,47.32,527.37,25020.7053
2025-12-12 09:00:00,47.32,47.64,47.17,47.61,776.23,36826.415
2025-12-12 10:00:00,47.61,48.59,47.6,48.55,1602.73,77138.697
2025-12-12 11:00:00,48.55,48.55,47.7,47.93,995.38,47761.2203
2025-12-12 12:00:00,47.93,48.18,47.82,48.04,548.14,26299.4426
2025-12-12 13:00:00,48.04,48.28,47.6,47.71,343.81,16462.5878
2025-12-12 14:00:00,47.71,48.15,47.4,47.74,1684.56,80446.5936
2025-12-12 15:00:00,47.74,47.79,46.03,46.19,7165.73,336538.2196
2025-12-12 16:00:00,46.19,46.48,45.69,46.03,3237.05,149170.2288
2025-12-12 17:00:00,46.03,46.5,45.9,45.94,777.27,35855.4999
2025-12-12 18:00:00,45.94,46.51,45.94,46.14,1022.06,47317.3685
2025-12-12 19:00:00,46.14,46.14,45.41,45.67,1560.49,71325.324
2025-12-12 20:00:00,45.67,46.08,45.67,46.03,498.46,22863.26
2025-12-12 21:00:00,46.03,46.32,46.03,46.26,330.2,15263.7288
2025-12-12 22:00:00,46.26,46.45,46.15,46.3,195.84,9068.9446
2025-12-12 23:00:00,46.3,46.63,46.25,46.46,342.51,15899.1754
2025-12-13 00:00:00,46.46,46.54,46.18,46.2,1332.55,61862.4887
2025-12-13 01:00:00,46.2,46.2,45.64,45.76,1464.22,67120.7664
2025-12-13 02:00:00,45.76,46.21,45.76,46.18,422.25,19409.6135
2025-12-13 03:00:00,46.18,46.44,46.09,46.34,677.42,31331.5462
2025-12-13 04:00:00,46.34,47.07,46.16,46.77,1124.64,52530.2543
2025-12-13 05:00:00,46.77,47.0,46.48,46.71,1383.97,64731.3383
2025-12-13 06:00:00,46.71,47.03,45.59,45.97,3030.26,139806.6059
2025-12-13 07:00:00,45.97,46.29,45.82,46.17,2696.75,124029.411
2025-12-13 08:00:00,46.17,46.37,45.96,46.06,1053.71,48598.9291
2025-12-13 09:00:00,46.06,46.16,45.85,45.88,1204.56,55371.2361
2025-12-13 10:00:00,45.88,46.13,45.8,45.94,298.5,13711.1142
2025-12-13 11:00:00,45.94,46.06,45.8,45.96,277.78,12754.0912
2025-12-13 12:00:00,45.96,46.05,44.55,44.88,4230.83,190852.1515
2025-12-13 13:00:00,44.88,45.17,44.79,44.87,705.93,31737.4189
2025-12-13 14:00:00,44.87,44.87,44.42,44.75,845.2,37710.1575
2025-12-13 15:00:00,44.75,45.16,44.75,44.9,763.52,34343.308
2025-12-13 16:00:00,44.9,45.06,44.6,44.75,1086.91,48638.3533
2025-12-13 17:00:00,44.75,44.79,44.59,44.59,412.76,18445.3758
2025-12-13 18:00:00,44.59,44.89,44.59,44.69,774.81,34640.5331
2025-12-13 19:00:00,44.69,45.02,44.65,44.91,738.89,33103.3473
2025-12-13 20:00:00,44.91,45.0,44.62,44.64,1065.65,47764.0118
2025-12-13 21:00:00,44.64,44.68,44.12,44.62,3740.38,166014.0155
2025-12-13 22:00:00,44.62,44.82,44.53,44.65,1101.5,49175.113
2025-12-13 23:00:00,44.65,44.99,44.54,44.85,1354.47,60541.6685
2025-12-14 00:00:00,44.85,45.12,44.72,45.06,808.77,36295.0526
2025-12-14 01:00:00,45.06,45.24,44.98,44.98,442.4,19942.8951
2025-12-14 02:00:00,44.98,45.31,44.95,45.28,517.26,23365.7006
2025-12-14 03:00:00,45.28,45.35,45.15,45.28,302.47,13687.7632
2025-12-14 04:00:00,45.28,45.4,44.88,44.94,1307.03,58905.5639
2025-12-14 05:00:00,44.94,45.05,44.51,44.55,859.76,38518.3885
2025-12-14 06:00:00,44.55,44.63,44.18,44.44,1806.77,80176.6106
2025-12-14 07:00:00,44.44,44.47,43.82,43.99,2962.98,130758.984
2025-12-14 08:00:00,43.99,44.18,43.76,43.85,621.77,27317.8654
2025-12-14 09:00:00,43.85,44.18,43.79,43.99,695.6,30629.5112
2025-12-14 10:00:00,43.99,44.31,43.64,44.18,1310.04,57567.6681
2025-12-14 11:00:00,44.18,44.29,43.54,44.08,5063.35,221704.7413
2025-12-14 12:00:00,44.08,44.26,43.88,44.07,735.7,32429.5342
2025-12-14 13:00:00,44.07,44.07,43.6,43.69,328.89,14401.8002
2025-12-14 14:00:00,43.69,43.73,42.39,42.56,4721.95,202964.8613
2025-12-14 15:00:00,42.56,42.75,41.84,42.03,3483.86,146892.0201
2025-12-14 16:00:00,42.03,42.7,41.92,42.5,1675.74,71109.0506
2025-12-14 17:00:00,42.5,42.52,42.06,42.11,418.12,17663.8799
2025-12-14 18:00:00,42.11,42.25,41.62,42.19,900.77,37808.747
2025-12-14 19:00:00,42.19,42.19,41.83,41.89,492.57,20643.4837
2025-12-14 20:00:00,41.89,41.9,41.43,41.55,863.3,35923.5529
2025-12-14 21:00:00,41.55,41.7,40.97,41.05,1953.88,80604.1797
2025-12-14 22:00:00,41.05,41.3,40.88,41.04,735.12,30163.3958
2025-12-14 23:00:00,41.04,41.29,40.61,40.94,1205.26,49357.5838
2025-12-15 00:00:00,40.94,41.48,40.83,41.46,1009.67,41543.0681
2025-12-15 01:00:00,41.46,42.21,41.46,41.97,566.13,23706.5389
2025-12-15 02:00:00,41.97,42.15,41.5,41.5,1267.5,53078.5967
2025-12-15 03:00:00,41.5,41.9,41.31,41.81,2333.33,96777.3719
2025-12-15 04:00:00,41.81,42.36,41.81,42.27,697.21,29363.4617
2025-12-15 05:00:00,42.27,42.63,42.22,42.56,469.02,19926.0679
2025-12-15 06:00:00,42.56,42.86,42.23,42.58,1655.83,70395.937
2025-12-15 07:00:00,42.58,42.65,42.1,42.12,867.22,36664.8555
2025-12-15 08:00:00,42.12,42.4,42.06,42.34,356.44,15051.039
2025-12-15 09:00:00,42.34,42.72,42.19,42.71,655.96,27864.3839
2025-12-15 10:00:00,42.71,42.73,42.35,42.35,702.19,29886.2122
2025-12-15 11:00:00,42.35,42.63,42.21,42.49,473.0,20090.6314
2025-12-15 12:00:00,42.49,43.12,42.35,42.9,998.15,42744.8554
2025-12-15 13:00:00,42.9,43.07,42.7,42.92,1201.58,51556.4335
2025-12-15 14:00:00,42.92,43.62,42.65,43.11,4073.94,175359.2989
2025-12-15 15:00:00,43.11,43.12,41.88,42.27,10229.33,432919.5557
2025-12-15 16:00:00,42.27,42.33,40.96,40.96,8052.7,336673.1889
2025-12-15 17:00:00,40.96,41.03,39.6,39.62,6754.51,273423.3806
2025-12-15 18:00:00,39.62,40.56,39.09,40.44,10926.94,432332.6314
2025-12-15 19:00:00,40.44,41.05,40.28,40.32,788.57,32060.5726
2025-12-15 20:00:00,40.32,40.36,40.04,40.09,1501.68,60343.0873
2025-12-15 21:00:00,40.09,40.53,39.97,40.53,1297.87,52180.9301
2025-12-15 22:00:00,40.53,40.74,40.3,40.72,724.39,29360.458
2025-12-15 23:00:00,40.72,40.86,40.5,40.85,710.84,28946.6564
2025-12-16 00:00:00,40.85,40.85,39.85,39.86,3277.22,131709.184
2025-12-16 01:00:00,39.86,40.17,39.44,39.55,2068.29,82235.729
2025-12-16 02:00:00,39.55,40.25,39.55,40.11,970.3,38891.07
2025-12-16 03:00:00,40.11,40.13,39.7,40.13,1204.82,48136.4286
2025-12-16 04:00:00,40.13,40.2,39.44,39.85,1158.4,46010.7625
2025-12-16 05:00:00,39.85,40.12,39.79,39.89,821.4,32803.0054
2025-12-16 06:00:00,39.89,40.0,39.76,39.97,433.53,17319.2864
2025-12-16 07:00:00,39.97,39.97,39.18,39.81,1045.82,41270.5917
2025-12-16 08:00:00,39.81,40.48,39.56,40.04,6061.62,241525.3843
2025-12-16 09:00:00,40.04,40.45,39.95,40.4,1239.99,49873.8661
2025-12-16 10:00:00,40.4,41.31,40.2,40.95,1359.59,55381.3368
2025-12-16 11:00:00,40.95,42.45,40.9,41.98,3083.78,129431.501
2025-12-16 12:00:00,41.98,42.54,41.93,42.25,2525.66,106581.4558
2025-12-16 13:00:00,42.25,42.35,41.56,41.63,3137.61,131741.6685
2025-12-16 14:00:00,41.63,42.11,41.23,41.91,3290.85,137040.717
2025-12-16 15:00:00,41.91,42.32,41.08,42.23,6264.93,260914.5833
2025-12-16 16:00:00,42.23,42.51,41.66,41.72,1652.85,69775.3463
2025-12-16 17:00:00,41.72,41.78,41.37,41.41,643.63,26758.1735
2025-12-16 18:00:00,41.41,41.74,41.26,41.49,1767.08,73285.3229
2025-12-16 19:00:00,41.49,41.51,40.65,41.29,3108.25,127476.0256
2025-12-16 20:00:00,41.29,41.48,41.16,41.29,832.77,34427.6725
2025-12-16 21:00:00,41.29,41.36,41.08,41.32,308.61,12717.8362
2025-12-16 22:00:00,41.32,41.32,40.97,41.06,1710.73,70420.4111
2025-12-16 23:00:00,41.06,41.11,40.78,41.04,745.71,30514.7512
2025-12-17 00:00:00,41.04,41.11,40.48,40.54,538.46,21922.103
2025-12-17 01:00:00,40.54,40.83,40.25,40.33,1269.74,51297.4736
2025-12-17 02:00:00,40.33,40.46,40.14,40.33,2948.71,118974.3796
2025-12-17 03:00:00,40.33,40.74,39.98,40.1,1164.64,47055.1915
2025-12-17 04:00:00,40.1,40.29,40.04,40.24,346.44,13933.5979
2025-12-17 05:00:00,40.24,40.27,39.85,40.21,856.71,34303.4285
2025-12-17 06:00:00,40.21,40.27,39.88,39.88,523.53,20982.3192
2025-12-17 07:00:00,39.88,40.14,39.81,40.07,479.72,19188.5555
2025-12-17 08:00:00,40.07,40.07,39.61,39.78,435.84,17368.607
2025-12-17 09:00:00,39.78,39.93,39.63,39.9,494.84,19658.3431
2025-12-17 10:00:00,39.9,40.19,39.7,40.02,1215.03,48548.7861
2025-12-17 11:00:00,40.02,40.35,40.0,40.3,436.28,17541.0332
2025-12-17 12:00:00,40.3,40.45,40.1,40.19,1353.61,54549.145
2025-12-17 13:00:00,40.19,40.45,39.95,40.3,1449.98,58328.5421
2025-12-17 14:00:00,40.3,40.93,39.47,40.91,3371.21,135335.8907
2025-12-17 15:00:00,40.91,41.43,39.86,40.04,4058.3,165819.3673
2025-12-17 16:00:00,40.04,40.36,39.17,39.92,2353.79,93276.6777
2025-12-17 17:00:00,39.92,39.96,39.01,39.08,928.09,36544.6076
2025-12-17 18:00:00,39.08,39.32,38.21,38.23,2409.4,93059.0922
2025-12-17 19:00:00,38.23,38.51,37.92,38.43,1824.39,69602.7946
2025-12-17 20:00:00,38.43,39.12,38.43,38.89,1621.35,62922.4131
2025-12-17 21:00:00,38.89,38.89,38.13,38.23,1052.55,40533.7125
2025-12-17 22:00:00,38.23,38.47,37.92,38.14,1032.58,39424.9433
2025-12-17 23:00:00,38.14,38.24,37.93,38.05,1316.76,50101.4067
2025-12-18 00:00:00,38.05,38.1,37.54,37.92,1282.86,48477.8391
2025-12-18 01:00:00,37.92,37.98,37.62,37.8,911.14,34439.4988
2025-12-18 02:00:00,37.8,38.41,37.79,38.14,844.01,32194.8893
2025-12-18 03:00:00,38.14,38.16,37.34,37.41,1941.96,73199.2322
2025-12-18 04:00:00,37.41,38.0,37.37,37.95,1148.18,43388.4139
2025-12-18 05:00:00,37.95,37.95,37.42,37.61,501.13,18850.5083
2025-12-18 06:00:00,37.61,37.7,37.38,37.59,381.85,14344.0442
2025-12-18 07:00:00,37.59,37.89,37.59,37.84,1027.64,38795.0253
2025-12-18 08:00:00,37.84,38.13,37.76,37.98,1197.98,45495.2467
2025-12-18 09:00:00,37.98,38.32,37.88,38.13,876.36,33352.6483
2025-12-18 10:00:00,38.13,38.14,37.82,37.95,562.34,21348.0482
2025-12-18 11:00:00,37.95,37.95,37.57,37.72,1077.26,40585.6998
2025-12-18 12:00:00,37.72,38.41,37.72,38.07,704.38,26784.4238
2025-12-18 13:00:00,38.07,39.02,38.07,38.95,3961.33,153204.1162
2025-12-18 14:00:00,38.95,39.19,38.18,38.56,1769.2,68573.7403
2025-12-18 15:00:00,38.56,38.87,38.14,38.55,689.21,26535.9829
2025-12-18 16:00:00,38.55,38.57,38.1,38.43,809.05,31019.272
2025-12-18 17:00:00,38.43,38.43,36.05,36.85,12364.09,456702.9786
2025-12-18 18:00:00,36.85,37.0,36.24,36.26,1165.06,42671.1053
2025-12-18 19:00:00,36.26,36.37,35.09,35.18,2157.0,77010.7791
2025-12-18 20:00:00,35.18,35.79,35.17,35.32,2080.09,73780.1376
2025-12-18 21:00:00,35.32,36.27,35.32,36.27,1506.25,54099.8852
2025-12-18 22:00:00,36.27,36.63,36.27,36.31,319.67,11658.5754
2025-12-18 23:00:00,36.31,36.31,35.7,35.72,345.8,12405.1185
2025-12-19 00:00:00,35.72,35.83,35.36,35.63,630.7,22448.3831
2025-12-19 01:00:00,35.63,35.63,35.17,35.23,361.56,12765.5234
2025-12-19 02:00:00,35.23,35.61,35.07,35.6,1767.89,62600.9427
2025-12-19 03:00:00,35.6,36.71,35.59,36.19,3750.92,135734.1241
2025-12-19 04:00:00,36.19,36.71,36.04,36.66,12943.38,471970.7777
2025-12-19 05:00:00,36.66,36.95,36.43,36.7,3362.06,123176.3636
2025-12-19 06:00:00,36.7,37.14,36.6,37.12,550.75,20263.9746
2025-12-19 07:00:00,37.12,37.57,37.04,37.27,1404.94,52377.3138
2025-12-19 08:00:00,37.27,37.46,37.05,37.25,478.78,17831.1119
2025-12-19 09:00:00,37.25,37.33,36.92,36.93,694.06,25729.9688
2025-12-19 10:00:00,36.93,37.03,36.79,37.03,339.74,12541.83
2025-12-19 11:00:00,37.03,37.65,36.87,37.55,1543.08,57727.2345
2025-12-19 12:00:00,37.55,37.88,37.49,37.55,2512.65,94620.765
2025-12-19 13:00:00,37.55,37.63,36.95,37.43,1895.37,70826.2373
2025-12-19 14:00:00,37.43,37.97,37.19,37.79,2775.38,104453.3806
2025-12-19 15:00:00,37.79,38.3,37.5,37.73,1959.34,74114.5229
2025-12-19 16:00:00,37.73,39.15,37.73,38.59,7925.49,304185.4165
2025-12-19 17:00:00,38.59,39.7,38.03,38.03,7587.69,295635.6867
2025-12-19 18:00:00,38.03,38.73,38.01,38.64,1326.65,50895.8098
2025-12-19 19:00:00,38.64,39.43,38.64,39.3,1743.38,68350.7623
2025-12-19 20:00:00,39.3,39.68,39.13,39.28,1003.38,39558.5355
2025-12-19 21:00:00,39.28,39.4,38.8,38.8,776.96,30395.0099
2025-12-19 22:00:00,38.8,39.07,38.71,38.8,1278.75,49661.5031
2025-12-19 23:00:00,38.8,38.83,38.52,38.57,1153.26,44604.4197
2025-12-20 00:00:00,38.57,38.84,38.57,38.61,556.94,21581.6946
2025-12-20 01:00:00,38.61,38.88,38.58,38.88,253.77,9815.4824
2025-12-20 02:00:00,38.88,39.07,38.66,38.7,1012.65,39429.0294
2025-12-20 03:00:00,38.7,38.8,38.37,38.66,609.67,23578.5106
2025-12-20 04:00:00,38.66,38.81,38.54,38.67,501.13,19375.983
2025-12-20 05:00:00,38.67,39.19,38.62,39.02,6480.14,252493.6032
2025-12-20 06:00:00,39.02,39.5,38.98,39.45,2382.12,93738.433
2025-12-20 07:00:00,39.45,40.45,39.33,40.29,3144.98,125388.5418
2025-12-20 08:00:00,40.29,41.24,40.03,40.36,8778.17,357451.8948
2025-12-20 09:00:00,40.36,40.36,39.82,39.91,1477.63,59205.4177
2025-12-20 10:00:00,39.91,39.91,38.88,38.95,4447.46,174399.994
2025-12-20 11:00:00,38.95,39.4,38.95,39.26,1825.42,71591.0525
2025-12-20 12:00:00,39.26,39.28,38.88,39.21,912.38,35718.0795
2025-12-20 13:00:00,39.21,39.54,39.01,39.48,1402.73,55140.9403
2025-12-20 14:00:00,39.48,40.3,39.23,40.05,10420.04,413991.4438
2025-12-20 15:00:00,40.05,40.05,39.58,39.85,1229.56,48932.3107
2025-12-20 16:00:00,39.85,39.85,39.31,39.37,542.97,21492.2195
2025-12-20 17:00:00,39.37,39.87,39.37,39.78,697.84,27678.5921
2025-12-20 18:00:00,39.78,40.16,39.68,40.05,366.53,14644.0576
2025-12-20 19:00:00,40.05,40.27,39.93,40.08,705.31,28284.1495
2025-12-20 20:00:00,40.08,40.09,39.8,39.89,712.63,28439.6027
2025-12-20 21:00:00,39.89,40.29,39.89,40.03,1085.61,43585.6082
2025-12-20 22:00:00,40.03,40.27,39.92,40.12,801.74,32108.955
2025-12-20 23:00:00,40.12,40.12,39.71,40.05,2312.95,92286.5811
2025-12-21 00:00:00,40.05,40.05,39.74,39.84,895.13,35711.6069
2025-12-21 01:00:00,39.84,39.84,39.33,39.49,1031.06,40860.7486
2025-12-21 02:00:00,39.49,39.66,38.86,39.2,9396.5,367338.2093
2025-12-21 03:00:00,39.2,39.51,39.14,39.34,458.17,18009.5697
2025-12-21 04:00:00,39.34,39.46,39.17,39.19,98.17,3861.2004
2025-12-21 05:00:00,39.19,39.45,39.1,39.31,312.67,12290.3813
2025-12-21 06:00:00,39.31,39.67,39.26,39.67,1408.59,55609.5654
2025-12-21 07:00:00,39.67,39.8,39.53,39.62,385.2,15274.0817
2025-12-21 08:00:00,39.62,39.94,39.45,39.79,709.34,28094.1877
2025-12-21 09:00:00,39.79,39.95,39.63,39.71,1984.32,78942.1706
2025-12-21 10:00:00,39.71,39.77,39.12,39.14,2158.55,85092.886
2025-12-21 11:00:00,39.14,39.28,38.68,38.79,1153.11,44891.4593
2025-12-21 12:00:00,38.79,39.08,38.62,38.74,1230.06,47745.9987
2025-12-21 13:00:00,38.74,38.74,37.76,37.83,4324.86,165429.4811
2025-12-21 14:00:00,37.83,38.26,37.81,38.16,1552.87,59066.5716
2025-12-21 15:00:00,38.16,38.21,37.55,37.96,3564.69,134773.3403
2025-12-21 16:00:00,37.96,38.3,37.79,38.19,1003.91,38329.3804
2025-12-21 17:00:00,38.19,38.54,38.16,38.18,951.19,36452.6565
2025-12-21 18:00:00,38.18,38.2,37.92,38.08,139.71,5310.7468
2025-12-21 19:00:00,38.08,38.3,37.91,38.27,382.98,14609.2353
2025-12-21 20:00:00,38.27,38.32,38.07,38.08,269.43,10275.5958
2025-12-21 21:00:00,38.08,38.19,37.76,37.82,583.33,22166.8203
2025-12-21 22:00:00,37.82,38.38,37.77,38.3,375.96,14317.2827
2025-12-21 23:00:00,38.3,38.55,38.21,38.32,451.06,17313.5279
2025-12-22 00:00:00,38.32,39.14,38.32,38.96,1759.77,68176.7673
2025-12-22 01:00:00,38.96,39.34,38.73,38.75,2547.57,99410.1416
2025-12-22 02:00:00,38.75,38.75,38.08,38.25,2182.48,83768.2044
2025-12-22 03:00:00,38.25,38.73,38.21,38.45,943.16,36350.2025
2025-12-22 04:00:00,38.45,38.52,37.83,37.9,2349.9,89640.8183
2025-12-22 05:00:00,37.9,38.33,37.9,38.19,352.65,13444.0411
2025-12-22 06:00:00,38.19,38.34,37.99,38.21,607.71,23202.239
2025-12-22 07:00:00,38.21,38.69,38.21,38.69,536.21,20642.0035
2025-12-22 08:00:00,38.69,39.07,38.48,38.48,1456.91,56406.0042
2025-12-22 09:00:00,38.48,38.6,38.35,38.41,963.23,37044.9852
2025-12-22 10:00:00,38.41,38.41,38.14,38.35,848.16,32424.2034
2025-12-22 11:00:00,38.35,38.67,38.21,38.51,874.67,33644.6807
2025-12-22 12:00:00,38.51,38.93,38.47,38.69,871.32,33664.4097
2025-12-22 13:00:00,38.69,38.83,38.2,38.47,1832.73,70541.571
2025-12-22 14:00:00,38.47,38.93,38.41,38.75,1979.09,76579.3411
2025-12-22 15:00:00,38.75,38.94,38.46,38.82,1225.21,47438.5714
2025-12-22 16:00:00,38.82,39.05,38.74,38.9,607.26,23608.9071
2025-12-22 17:00:00,38.9,38.93,38.65,38.75,720.08,27928.6186
2025-12-22 18:00:00,38.75,38.75,38.51,38.59,699.55,27010.3071
2025-12-22 19:00:00,38.59,38.59,37.21,37.6,15895.8,597491.098
2025-12-22 20:00:00,37.6,37.91,37.2,37.58,8948.18,335089.6899
2025-12-22 21:00:00,37.58,38.07,37.52,37.84,5948.73,225754.8929
2025-12-22 22:00:00,37.84,38.35,37.67,38.35,1195.49,45477.3043
2025-12-22 23:00:00,38.35,38.5,38.21,38.37,767.07,29445.0783
2025-12-23 00:00:00,38.37,38.92,38.32,38.87,668.11,25838.5957
2025-12-23 01:00:00,38.87,38.96,38.2,38.23,780.86,30147.6299
2025-12-23 02:00:00,38.23,38.65,37.68,37.69,954.04,36331.1898
2025-12-23 03:00:00,37.69,38.05,37.46,37.92,427.91,16158.3625
2025-12-23 04:00:00,37.92,37.97,37.68,37.71,836.7,31639.8698
2025-12-23 05:00:00,37.71,37.76,37.27,37.61,5880.22,220011.0783
2025-12-23 06:00:00,37.61,37.65,37.25,37.33,2736.18,102336.6058
2025-12-23 07:00:00,37.33,37.5,37.24,37.41,714.81,26693.8513
2025-12-23 08:00:00,37.41,37.43,37.16,37.31,458.31,17090.4675
2025-12-23 09:00:00,37.31,37.48,37.17,37.45,558.6,20852.3945
2025-12-23 10:00:00,37.45,37.74,37.45,37.71,922.16,34693.371
2025-12-23 11:00:00,37.71,37.81,37.42,37.47,1166.6,43902.3416
2025-12-23 12:00:00,37.47,37.47,37.25,37.47,968.89,36222.8525
2025-12-23 13:00:00,37.47,37.73,37.26,37.4,1613.93,60450.0989
2025-12-23 14:00:00,37.4,37.54,36.66,36.86,7201.92,266827.1657
2025-12-23 15:00:00,36.86,37.5,36.84,37.36,2114.41,78542.0214
2025-12-23 16:00:00,37.36,37.84,37.3,37.75,2665.31,100244.4611
2025-12-23 17:00:00,37.75,37.95,37.33,37.33,2357.17,88717.4147
2025-12-23 18:00:00,37.33,38.08,37.27,38.04,1681.64,63495.9874
2025-12-23 19:00:00,38.04,38.1,37.7,37.85,1583.36,60003.9703
2025-12-23 20:00:00,37.85,38.36,37.74,37.94,624.17,23799.3847
2025-12-23 21:00:00,37.94,38.05,37.84,37.87,748.01,28354.1325
2025-12-23 22:00:00,37.87,37.87,37.39,37.51,953.32,35834.6832
2025-12-23 23:00:00,37.51,37.74,37.5,37.74,94.64,3565.9036
2025-12-24 00:00:00,37.74,37.98,37.68,37.91,438.6,16598.9555
2025-12-24 01:00:00,37.91,38.05,37.72,37.8,233.1,8841.576
2025-12-24 02:00:00,37.8,37.8,37.03,37.03,1783.62,66687.8476
2025-12-24 03:00:00,37.03,37.27,36.8,37.27,901.08,33441.262
2025-12-24 04:00:00,37.27,37.41,36.95,36.95,346.47,12874.7963
2025-12-24 05:00:00,36.95,37.0,36.49,36.54,1793.78,65666.8436
2025-12-24 06:00:00,36.54,36.92,36.54,36.84,130.82,4817.9791
2025-12-24 07:00:00,36.84,36.85,36.48,36.48,828.64,30465.6454
2025-12-24 08:00:00,36.48,36.61,36.18,36.27,512.03,18594.9198
2025-12-24 09:00:00,36.27,36.7,36.27,36.56,388.74,14212.7641
2025-12-24 10:00:00,36.56,36.71,36.38,36.38,829.01,30316.6187
2025-12-24 11:00:00,36.38,36.74,36.38,36.57,471.14,17254.3346
2025-12-24 12:00:00,36.57,37.19,36.43,37.06,1119.24,41154.4382
2025-12-24 13:00:00,37.06,37.08,36.66,36.88,1648.67,60720.2699
2025-12-24 14:00:00,36.88,37.16,36.37,37.12,1226.95,45280.3697
2025-12-24 15:00:00,37.12,37.55,36.95,37.34,2543.75,94937.9274
2025-12-24 16:00:00,37.34,37.65,37.21,37.46,2761.5,103402.1892
2025-12-24 17:00:00,37.46,37.67,37.3,37.35,607.05,22751.0061
2025-12-24 18:00:00,37.35,37.97,37.23,37.65,1128.59,42384.5647
2025-12-24 19:00:00,37.65,37.84,37.43,37.73,368.15,13867.4035
2025-12-24 20:00:00,37.73,38.33,37.73,38.2,5649.2,215203.1844
2025-12-24 21:00:00,38.2,38.33,37.96,38.02,1386.75,52852.2165
2025-12-24 22:00:00,38.02,38.51,38.02,38.4,496.88,19025.1351
2025-12-24 23:00:00,38.4,38.4,37.88,38.29,7837.75,298502.0421
2025-12-25 00:00:00,38.29,38.51,38.14,38.14,566.6,21698.3298
2025-12-25 01:00:00,38.14,38.15,37.92,38.12,5224.12,198582.651
2025-12-25 02:00:00,38.12,39.04,37.99,38.94,3369.31,130188.9445
2025-12-25 03:00:00,38.94,39.7,38.93,39.47,4282.48,169101.5949
2025-12-25 04:00:00,39.47,40.31,39.26,39.83,4110.01,164150.3631
2025-12-25 05:00:00,39.83,39.99,39.4,39.59,4413.5,175358.1581
2025-12-25 06:00:00,39.59,39.66,39.18,39.57,5141.29,202130.8222
2025-12-25 07:00:00,39.57,39.75,39.34,39.49,1479.07,58419.5438
2025-12-25 08:00:00,39.49,39.91,39.35,39.64,2708.73,107100.6045
2025-12-25 09:00:00,39.64,39.99,39.42,39.71,3214.18,127707.3347
2025-12-25 10:00:00,39.71,39.71,38.93,39.29,3307.91,129921.3143
2025-12-25 11:00:00,39.29,39.51,38.94,39.34,2453.35,95993.767
2025-12-25 12:00:00,39.34,39.47,39.19,39.34,1304.97,51353.3737
2025-12-25 13:00:00,39.34,39.47,38.97,39.18,2343.9,92060.4345
2025-12-25 14:00:00,39.18,39.18,38.78,38.94,375.11,14609.1128
2025-12-25 15:00:00,38.94,39.46,38.86,39.31,766.66,30044.7913
2025-12-25 16:00:00,39.31,39.82,39.3,39.33,472.71,18686.7246
2025-12-25 17:00:00,39.33,40.31,39.25,40.11,3943.87,156134.0113
2025-12-25 18:00:00,40.11,40.3,39.09,39.13,2109.11,83447.4633
2025-12-25 19:00:00,39.13,39.42,39.13,39.37,465.14,18297.0379
2025-12-25 20:00:00,39.37,39.56,39.22,39.38,1079.33,42492.3079
2025-12-25 21:00:00,39.38,39.46,38.93,39.23,841.59,32942.0001
2025-12-25 22:00:00,39.23,39.23,38.35,38.45,648.83,25229.9895
2025-12-25 23:00:00,38.45,38.71,37.79,37.91,4753.33,181943.2241
2025-12-26 00:00:00,37.91,38.23,37.77,37.99,1417.44,53844.7061
2025-12-26 01:00:00,37.99,38.38,37.99,38.13,1202.54,45932.1456
2025-12-26 02:00:00,38.13,39.33,38.12,39.16,1774.99,69303.7453
2025-12-26 03:00:00,39.16,39.32,38.83,38.9,326.49,12735.777
2025-12-26 04:00:00,38.9,38.9,38.42,38.85,621.97,24001.5697
2025-12-26 05:00:00,38.85,38.99,38.77,38.99,419.55,16300.8323
2025-12-26 06:00:00,38.99,39.05,38.77,38.82,254.62,9900.4992
2025-12-26 07:00:00,38.82,39.13,38.63,38.72,667.11,25937.6955
2025-12-26 08:00:00,38.72,38.94,38.71,38.8,258.0,10007.915
2025-12-26 09:00:00,38.8,39.21,38.69,39.15,1278.88,49865.2452
2025-12-26 10:00:00,39.15,39.59,39.14,39.32,615.28,24208.919
2025-12-26 11:00:00,39.32,39.49,39.15,39.46,771.94,30389.1984
2025-12-26 12:00:00,39.46,39.53,39.16,39.53,400.86,15733.1016
2025-12-26 13:00:00,39.53,39.79,39.39,39.4,874.87,34662.5079
2025-12-26 14:00:00,39.4,39.59,38.89,39.02,3266.45,128030.4839
2025-12-26 15:00:00,39.02,39.26,38.56,38.88,5610.13,217701.613
2025-12-26 16:00:00,38.88,38.99,38.66,38.66,479.52,18648.4005
2025-12-26 17:00:00,38.66,39.28,38.63,39.16,182.69,7107.8448
2025-12-26 18:00:00,39.16,39.37,39.07,39.27,98.07,3850.6589
2025-12-26 19:00:00,39.27,39.53,39.22,39.36,171.42,6752.0838
2025-12-26 20:00:00,39.36,39.4,39.13,39.39,124.28,4878.2546
2025-12-26 21:00:00,39.39,39.39,38.99,38.99,493.46,19287.2045
2025-12-26 22:00:00,38.99,39.23,38.92,39.09,449.64,17556.1181
2025-12-26 23:00:00,39.09,39.42,39.09,39.21,77.81,3057.573
2025-12-27 00:00:00,39.21,39.5,39.03,39.31,360.01,14122.6977
2025-12-27 01:00:00,39.31,40.03,39.22,39.99,1246.5,49507.0792
2025-12-27 02:00:00,39.99,40.5,39.69,39.76,4839.93,193954.7596
2025-12-27 03:00:00,39.76,40.8,39.75,40.77,2004.3,80911.1979
2025-12-27 04:00:00,40.77,40.84,40.17,40.17,1425.23,57860.8445
2025-12-27 05:00:00,40.17,40.39,39.98,40.26,675.2,27120.6073
2025-12-27 06:00:00,40.26,40.26,40.0,40.0,178.66,7162.0393
2025-12-27 07:00:00,40.0,40.22,39.84,39.85,1207.48,48401.9244
2025-12-27 08:00:00,39.85,39.99,39.63,39.67,383.08,15238.2889
2025-12-27 09:00:00,39.67,41.08,39.56,40.96,8541.55,346230.1297
2025-12-27 10:00:00,40.96,42.13,40.74,42.13,17009.84,702967.6357
2025-12-27 11:00:00,42.13,44.09,41.82,43.69,21128.01,906435.9455
2025-12-27 12:00:00,43.69,44.63,42.75,43.88,21716.22,947407.4299
2025-12-27 13:00:00,43.88,44.35,43.34,43.8,11579.87,508101.752
2025-12-27 14:00:00,43.8,45.66,43.7,45.21,15490.6,689263.1759
2025-12-27 15:00:00,45.21,47.09,44.83,46.3,35444.43,1625441.1614
2025-12-27 16:00:00,46.3,46.32,44.51,44.8,36894.18,1666471.7183
2025-12-27 17:00:00,44.8,45.49,44.55,45.47,8993.16,403864.2888
2025-12-27 18:00:00,45.47,45.51,44.34,44.75,5319.93,238210.4769
2025-12-27 19:00:00,44.75,45.26,44.51,44.73,1734.65,77940.2964
2025-12-27 20:00:00,44.73,44.79,44.13,44.39,10989.75,487505.2126
2025-12-27 21:00:00,44.39,44.7,44.19,44.57,3168.82,140961.1901
2025-12-27 22:00:00,44.57,44.62,43.77,44.02,5486.29,242646.5367
2025-12-27 23:00:00,44.02,44.67,44.02,44.56,4015.1,178283.1655
2025-12-28 00:00:00,44.56,45.05,44.1,44.2,1886.08,83978.0925
2025-12-28 01:00:00,44.2,44.47,43.63,43.75,3898.99,171485.0909
2025-12-28 02:00:00,43.75,44.27,43.58,44.22,2282.54,100283.0499
2025-12-28 03:00:00,44.22,44.5,43.98,44.35,1082.1,47922.6744
2025-12-28 04:00:00,44.35,44.56,44.22,44.28,1030.51,45784.0054
2025-12-28 05:00:00,44.28,45.09,44.17,44.69,3920.74,175428.1611
2025-12-28 06:00:00,44.69,44.73,44.31,44.31,1608.81,71571.9364
2025-12-28 07:00:00,44.31,44.91,44.08,44.86,2914.85,130024.1213
2025-12-28 08:00:00,44.86,44.89,44.37,44.37,3136.12,140179.0088
2025-12-28 09:00:00,44.37,44.48,44.04,44.48,2814.32,124608.6718
2025-12-28 10:00:00,44.48,44.8,44.11,44.23,2105.27,93734.6077
2025-12-28 11:00:00,44.23,44.62,43.92,44.18,1341.38,59252.1392
2025-12-28 12:00:00,44.18,44.29,43.42,43.74,7003.54,306604.3203
2025-12-28 13:00:00,43.74,44.33,43.74,44.07,2493.69,109822.1629
2025-12-28 14:00:00,44.07,45.74,44.04,45.42,5794.3,261182.0187
2025-12-28 15:00:00,45.42,45.82,44.58,44.88,4834.47,218314.7437
2025-12-28 16:00:00,44.88,44.98,44.16,44.2,3928.09,175202.5204
2025-12-28 17:00:00,44.2,44.68,44.12,44.31,1511.22,67072.2667
2025-12-28 18:00:00,44.31,44.31,43.51,43.96,6897.96,302806.1834
2025-12-28 19:00:00,43.96,43.99,43.55,43.57,2125.66,92916.7527
2025-12-28 20:00:00,43.57,43.85,43.54,43.59,2009.91,87819.1055
2025-12-28 21:00:00,43.59,43.85,43.57,43.84,270.28,11801.5661
2025-12-28 22:00:00,43.84,43.98,43.72,43.82,866.87,38024.3027
2025-12-28 23:00:00,43.82,44.04,43.66,43.96,996.81,43752.8267
2025-12-29 00:00:00,43.96,44.98,43.96,44.63,1947.93,86587.4784
2025-12-29 01:00:00,44.63,44.95,44.09,44.79,3251.43,144464.7556
2025-12-29 02:00:00,44.79,45.13,43.92,43.96,10198.6,455549.6299
2025-12-29 03:00:00,43.96,44.9,43.59,44.77,4576.72,202194.0867
2025-12-29 04:00:00,44.77,44.85,44.38,44.58,1409.42,62898.412
2025-12-29 05:00:00,44.58,44.94,44.34,44.47,7279.22,326012.8519
2025-12-29 06:00:00,44.47,44.87,44.45,44.7,1216.06,54357.4621
2025-12-29 07:00:00,44.7,44.7,44.15,44.25,5820.85,258030.9906
2025-12-29 08:00:00,44.25,44.42,43.76,43.97,14251.16,626979.7674
2025-12-29 09:00:00,43.97,43.98,42.5,43.39,14996.72,648597.5111
2025-12-29 10:00:00,43.39,43.39,42.99,43.16,2458.34,106056.2311
2025-12-29 11:00:00,43.16,43.25,42.76,42.77,3691.66,158832.3777
2025-12-29 12:00:00,42.77,43.16,42.36,43.02,3366.0,143612.9439
2025-12-29 13:00:00,43.02,43.25,42.47,42.6,2166.55,92575.9486
2025-12-29 14:00:00,42.6,42.9,41.81,42.26,11912.24,503579.7184
2025-12-29 15:00:00,42.26,42.63,42.19,42.39,984.05,41726.1746
2025-12-29 16:00:00,42.39,42.42,41.9,41.91,1605.35,67701.3555
2025-12-29 17:00:00,41.91,42.97,41.91,42.72,6204.15,263410.8499
2025-12-29 18:00:00,42.72,43.11,42.6,42.72,1831.55,78336.6627
2025-12-29 19:00:00,42.72,43.14,42.72,42.92,1501.18,64419.6646
2025-12-29 20:00:00,42.92,43.13,42.59,42.76,766.83,32858.9053
2025-12-29 21:00:00,42.76,43.0,42.43,42.55,1423.48,60601.2288
2025-12-29 22:00:00,42.55,42.67,42.44,42.58,827.8,35195.966
2025-12-29 23:00:00,42.58,42.61,42.27,42.37,2168.19,91984.1383
2025-12-30 00:00:00,42.37,42.57,42.23,42.54,659.15,27949.9064
2025-12-30 01:00:00,42.54,42.61,42.32,42.41,568.4,24152.5466
2025-12-30 02:00:00,42.41,42.55,42.32,42.44,1317.16,55859.8652
2025-12-30 03:00:00,42.44,42.86,42.11,42.8,935.31,39694.0424
2025-12-30 04:00:00,42.8,43.26,42.68,42.68,2386.8,102590.0189
2025-12-30 05:00:00,42.68,42.68,42.3,42.33,1473.04,62557.6467
2025-12-30 06:00:00,42.33,42.67,42.33,42.55,967.15,41141.3264
2025-12-30 07:00:00,42.55,42.55,42.36,42.36,586.4,24894.4519
2025-12-30 08:00:00,42.36,42.68,42.36,42.45,1035.57,44102.5167
2025-12-30 09:00:00,42.45,42.74,42.42,42.64,636.88,27130.324
2025-12-30 10:00:00,42.64,42.67,42.41,42.55,610.09,25904.6659
2025-12-30 11:00:00,42.55,43.0,42.55,42.95,816.56,34898.6852
2025-12-30 12:00:00,42.95,43.07,42.61,42.68,679.4,29070.6458
2025-12-30 13:00:00,42.68,43.39,42.63,43.19,1077.42,46449.7452
2025-12-30 14:00:00,43.19,43.54,42.7,43.28,1022.05,44142.5554
2025-12-30 15:00:00,43.28,43.66,43.0,43.49,911.07,39463.2905
2025-12-30 16:00:00,43.49,43.56,42.65,42.79,2007.59,86512.5837
2025-12-30 17:00:00,42.79,42.88,42.61,42.82,814.84,34799.1614
2025-12-30 18:00:00,42.82,42.99,42.73,42.99,277.93,11915.1168
2025-12-30 19:00:00,42.99,43.1,42.73,43.1,403.82,17322.3274
2025-12-30 20:00:00,43.1,43.19,42.76,42.79,942.16,40502.3348
2025-12-30 21:00:00,42.79,42.84,42.58,42.63,163.09,6954.9996
2025-12-30 22:00:00,42.63,42.84,42.58,42.62,499.19,21289.0284
2025-12-30 23:00:00,42.62,42.75,42.55,42.6,268.92,11462.0965
2025-12-31 00:00:00,42.6,42.85,42.46,42.7,349.31,14869.8013
2025-12-31 01:00:00,42.7,43.26,42.7,43.1,1528.12,66046.6629
2025-12-31 02:00:00,43.1,43.42,43.03,43.18,1840.99,79680.7065
2025-12-31 03:00:00,43.18,43.21,42.83,42.99,1224.14,52748.368
2025-12-31 04:00:00,42.99,43.26,42.88,42.9,4138.52,178178.9102
2025-12-31 05:00:00,42.9,43.15,42.72,42.72,2485.02,106748.0736
2025-12-31 06:00:00,42.72,42.79,42.57,42.7,3337.78,142512.287
2025-12-31 07:00:00,42.7,42.88,42.27,42.48,2776.42,118133.618
2025-12-31 08:00:00,42.48,42.52,41.96,41.96,1268.75,53565.9458
2025-12-31 09:00:00,41.96,42.22,41.96,42.18,825.48,34761.9279
2025-12-31 10:00:00,42.18,42.55,41.89,41.97,1210.08,51044.8209
2025-12-31 11:00:00,41.97,42.45,41.97,42.35,1913.07,80859.0471
2025-12-31 12:00:00,42.35,42.41,41.64,41.65,2843.07,119179.9118
2025-12-31 13:00:00,41.65,41.94,41.3,41.93,4667.63,193869.9684
2025-12-31 14:00:00,41.93,42.11,41.58,41.75,1766.47,73901.866
2025-12-31 15:00:00,41.75,41.76,41.41,41.56,1040.76,43224.8769
2025-12-31 16:00:00,41.56,41.58,40.62,41.05,5003.6,204761.5483
2025-12-31 17:00:00,41.05,41.19,40.72,41.06,1955.22,80000.2012
2025-12-31 18:00:00,41.06,41.38,40.95,41.12,755.3,31151.6021
2025-12-31 19:00:00,41.12,41.53,41.12,41.25,1205.91,49772.4472
2025-12-31 20:00:00,41.25,41.55,41.07,41.52,993.98,41025.3249
2025-12-31 21:00:00,41.52,41.6,41.42,41.54,231.55,9615.9438
2025-12-31 22:00:00,41.54,41.69,41.42,41.48,721.44,30005.3127
2025-12-31 23:00:00,41.48,41.66,41.48,41.59,177.87,7399.8819
2026-01-01 00:00:00,41.59,41.75,41.52,41.63,323.75,13474.7789
2026-01-01 01:00:00,41.63,41.73,41.12,41.4,4674.91,193562.0246
2026-01-01 02:00:00,41.4,41.49,41.33,41.43,363.82,15068.9393
2026-01-01 03:00:00,41.43,41.43,41.15,41.16,1799.41,74195.4706
2026-01-01 04:00:00,41.16,41.18,40.95,41.18,217.59,8941.5399
2026-01-01 05:00:00,41.18,41.38,41.18,41.27,204.75,8446.011
2026-01-01 06:00:00,41.27,41.32,41.18,41.29,350.24,14448.7847
2026-01-01 07:00:00,41.29,41.69,41.29,41.55,1091.27,45303.5977
2026-01-01 08:00:00,41.55,42.09,41.48,42.06,2667.91,111413.0006
2026-01-01 09:00:00,42.06,42.53,42.0,42.39,3910.27,165089.006
2026-01-01 10:00:00,42.39,42.95,42.16,42.67,1705.09,72792.1151
2026-01-01 11:00:00,42.67,43.73,42.28,43.47,5582.54,241773.8738
2026-01-01 12:00:00,43.47,44.4,43.47,44.31,12483.22,548376.3592
2026-01-01 13:00:00,44.31,44.4,43.53,43.74,4220.34,185457.3609
2026-01-01 14:00:00,43.74,43.95,43.16,43.21,6115.9,265861.4028
2026-01-01 15:00:00,43.21,43.41,42.77,43.05,1781.72,76688.2864
2026-01-01 16:00:00,43.05,43.05,41.98,42.33,11068.02,468824.2155
2026-01-01 17:00:00,42.33,42.82,42.25,42.36,3641.65,155108.3823
2026-01-01 18:00:00,42.36,42.57,42.35,42.49,809.97,34344.716
2026-01-01 19:00:00,42.49,43.06,42.45,42.98,2820.34,120823.4535
2026-01-01 20:00:00,42.98,43.14,42.78,42.78,1091.86,46887.3973
2026-01-01 21:00:00,42.78,42.85,42.6,42.84,414.84,17724.8762
2026-01-01 22:00:00,42.84,43.47,42.84,43.38,996.95,43055.6406
2026-01-01 23:00:00,43.38,43.38,43.16,43.33,929.39,40176.788
2026-01-02 00:00:00,43.33,43.46,43.09,43.09,780.77,33755.1607
2026-01-02 01:00:00,43.09,43.13,42.56,42.68,514.79,22027.0745
2026-01-02 02:00:00,42.68,42.68,42.02,42.42,3469.48,146534.5284
2026-01-02 03:00:00,42.42,42.87,42.42,42.81,896.2,38262.7236
2026-01-02 04:00:00,42.81,42.81,42.35,42.44,838.78,35611.0135
2026-01-02 05:00:00,42.44,42.48,42.24,42.31,519.1,21975.7912
2026-01-02 06:00:00,42.31,42.63,42.31,42.34,1092.74,46438.2778
2026-01-02 07:00:00,42.34,42.4,41.91,42.12,1044.8,44020.3909
2026-01-02 08:00:00,42.12,42.21,41.81,42.1,1679.29,70656.6329
2026-01-02 09:00:00,42.1,42.55,42.01,42.38,815.46,34491.6776
2026-01-02 10:00:00,42.38,42.52,42.17,42.32,1860.93,78780.5262
2026-01-02 11:00:00,42.32,42.34,41.49,41.75,4216.28,176455.0651
2026-01-02 12:00:00,41.75,41.96,41.67,41.77,2245.36,93865.1537
2026-01-02 13:00:00,41.77,41.94,41.32,41.35,1614.67,67372.9436
2026-01-02 14:00:00,41.35,42.01,41.06,41.76,4176.34,173558.0361
2026-01-02 15:00:00,41.76,41.81,41.2,41.53,2389.52,99151.4436
2026-01-02 16:00:00,41.53,42.25,41.38,42.15,7374.73,308273.2365
2026-01-02 17:00:00,42.15,42.34,41.88,42.07,3410.75,143585.7441
2026-01-02 18:00:00,42.07,42.47,41.92,42.05,1761.18,74398.1296
2026-01-02 19:00:00,42.05,42.38,42.05,42.25,488.57,20632.1314
2026-01-02 20:00:00,42.25,42.36,42.13,42.22,713.09,30144.6618
2026-01-02 21:00:00,42.22,42.58,42.12,42.5,646.85,27359.062
2026-01-02 22:00:00,42.5,42.79,42.43,42.61,1183.59,50468.7972
2026-01-02 23:00:00,42.61,42.9,42.6,42.72,2439.95,104314.8714
2026-01-03 00:00:00,42.72,42.94,42.54,42.94,832.8,35683.4769
2026-01-03 01:00:00,42.94,43.19,42.83,43.19,943.63,40593.851
2026-01-03 02:00:00,43.19,43.49,43.04,43.14,844.55,36535.7245
2026-01-03 03:00:00,43.14,43.89,43.07,43.79,2952.49,128757.726
2026-01-03 04:00:00,43.79,45.11,43.71,44.27,7526.1,333589.9042
2026-01-03 05:00:00,44.27,44.33,43.45,43.51,3831.56,167834.2575
2026-01-03 06:00:00,43.51,43.51,42.55,42.6,1940.71,83343.4628
2026-01-03 07:00:00,42.6,42.9,42.16,42.7,3861.03,164016.4905
2026-01-03 08:00:00,42.7,43.06,42.49,42.74,1885.33,80504.1191
2026-01-03 09:00:00,42.74,43.27,42.48,43.13,1274.23,54429.9289
2026-01-03 10:00:00,43.13,43.13,42.55,42.62,1272.76,54424.4435
2026-01-03 11:00:00,42.62,42.89,42.31,42.89,1528.26,65014.586
2026-01-03 12:00:00,42.89,43.23,42.72,43.11,1503.7,64520.3725
2026-01-03 13:00:00,43.11,43.37,42.82,42.82,882.3,38061.3436
2026-01-03 14:00:00,42.82,43.05,42.64,42.67,1611.39,69067.606
2026-01-03 15:00:00,42.67,42.83,42.57,42.79,333.6,14235.9151
2026-01-03 16:00:00,42.79,42.93,42.71,42.93,759.92,32524.677
2026-01-03 17:00:00,42.93,43.08,42.83,42.85,1069.38,45952.7751
2026-01-03 18:00:00,42.85,43.17,42.64,42.95,3275.61,140334.0768
2026-01-03 19:00:00,42.95,42.99,42.82,42.83,249.17,10682.8537
2026-01-03 20:00:00,42.83,42.97,42.57,42.87,1920.32,82058.4118
2026-01-03 21:00:00,42.87,43.04,42.62,42.94,2044.4,87602.5407
2026-01-03 22:00:00,42.94,42.94,42.75,42.84,224.51,9613.5384
2026-01-03 23:00:00,42.84,43.28,42.84,43.21,1878.92,80887.2887
2026-01-04 00:00:00,43.21,43.51,43.04,43.09,3251.12,140414.996
2026-01-04 01:00:00,43.09,43.2,42.8,42.89,1141.59,49028.529
2026-01-04 02:00:00,42.89,43.25,42.89,43.08,688.32,29615.567
2026-01-04 03:00:00,43.08,43.41,43.0,43.27,1610.77,69646.1019
2026-01-04 04:00:00,43.27,43.4,43.0,43.01,937.52,40530.4848
2026-01-04 05:00:00,43.01,43.15,42.95,43.02,451.08,19434.3109
2026-01-04 06:00:00,43.02,43.17,42.36,42.48,1737.9,74253.0583
2026-01-04 07:00:00,42.48,42.77,42.31,42.76,4611.86,196635.0987
2026-01-04 08:00:00,42.76,42.76,42.34,42.55,7777.26,330332.6268
2026-01-04 09:00:00,42.55,42.95,42.47,42.8,2948.95,125641.7713
2026-01-04 10:00:00,42.8,43.19,42.79,43.16,3593.92,154708.6673
2026-01-04 11:00:00,43.16,43.18,42.71,42.88,3713.05,159620.306
2026-01-04 12:00:00,42.88,43.1,42.56,42.6,1979.2,84534.7407
2026-01-04 13:00:00,42.6,43.08,42.49,43.07,2026.23,86610.4698
2026-01-04 14:00:00,43.07,43.45,42.88,43.43,3941.45,170238.5042
2026-01-04 15:00:00,43.43,43.8,43.38,43.57,1220.34,53149.7038
2026-01-04 16:00:00,43.57,44.11,43.52,43.89,1531.85,67242.3372
2026-01-04 17:00:00,43.89,43.89,43.69,43.73,1045.91,45793.8161
2026-01-04 18:00:00,43.73,43.73,42.9,43.2,1779.21,76871.6969
2026-01-04 19:00:00,43.2,43.31,42.5,43.27,9179.34,392779.3529
2026-01-04 20:00:00,43.27,43.48,43.07,43.31,672.79,29111.2254
2026-01-04 21:00:00,43.31,43.62,43.14,43.22,6266.64,272423.7221
2026-01-04 22:00:00,43.22,43.36,43.02,43.05,598.03,25787.1697
2026-01-04 23:00:00,43.05,43.36,43.05,43.35,621.96,26859.3019
2026-01-05 00:00:00,43.35,44.01,43.35,43.95,10275.39,449534.9718
2026-01-05 01:00:00,43.95,44.31,43.83,44.13,2296.96,101449.951
2026-01-05 02:00:00,44.13,44.28,43.66,43.89,1071.82,47062.0611
2026-01-05 03:00:00,43.89,44.06,43.8,44.06,545.07,23916.684
2026-01-05 04:00:00,44.06,44.16,42.74,43.02,7449.51,321596.8973
2026-01-05 05:00:00,43.02,43.32,42.76,43.08,7108.33,305244.0381
2026-01-05 06:00:00,43.08,43.4,42.5,42.69,15684.97,673639.4413
2026-01-05 07:00:00,42.69,42.97,42.65,42.97,1573.52,67498.0665
2026-01-05 08:00:00,42.97,43.15,42.67,42.67,637.55,27357.8663
2026-01-05 09:00:00,42.67,42.93,42.4,42.75,4023.39,171531.162
2026-01-05 10:00:00,42.75,42.98,42.55,42.82,1674.52,71743.6754
2026-01-05 11:00:00,42.82,42.96,42.62,42.92,1298.34,55501.6566
2026-01-05 12:00:00,42.92,42.97,42.35,42.75,1365.69,58117.5
2026-01-05 13:00:00,42.75,42.79,42.37,42.56,548.58,23341.7042
2026-01-05 14:00:00,42.56,43.15,42.53,43.01,1624.99,69640.2404
2026-01-05 15:00:00,43.01,43.28,42.63,43.06,1853.94,79646.8819
2026-01-05 16:00:00,43.06,43.13,42.76,42.98,2112.36,90648.0422
2026-01-05 17:00:00,42.98,43.27,42.42,43.22,1732.43,74347.7855
2026-01-05 18:00:00,43.22,43.6,43.03,43.6,1994.03,86177.9169
2026-01-05 19:00:00,43.6,43.73,43.31,43.73,1003.35,43693.4347
2026-01-05 20:00:00,43.73,44.47,43.67,43.77,4308.51,189472.2917
2026-01-05 21:00:00,43.77,44.06,43.51,43.52,1011.81,44281.1381
2026-01-05 22:00:00,43.52,44.17,43.51,44.05,795.15,34967.2851
2026-01-05 23:00:00,44.05,44.45,43.92,44.06,1939.4,85469.6302
2026-01-06 00:00:00,44.06,44.06,43.61,43.89,1277.77,56094.8934
2026-01-06 01:00:00,43.89,44.39,43.89,44.04,1362.83,60273.7899
2026-01-06 02:00:00,44.04,44.09,43.69,43.84,294.67,12926.2264
2026-01-06 03:00:00,43.84,44.78,43.84,44.69,2781.63,123780.0255
2026-01-06 04:00:00,44.69,45.12,44.69,45.0,2646.53,118813.7526
2026-01-06 05:00:00,45.0,45.0,44.17,44.25,2077.39,92419.6673
2026-01-06 06:00:00,44.25,44.74,44.21,44.57,2079.42,92565.0636
2026-01-06 07:00:00,44.57,44.65,43.75,43.99,1827.64,80711.9797
2026-01-06 08:00:00,43.99,44.91,43.99,44.54,977.51,43593.6586
2026-01-06 09:00:00,44.54,45.15,44.32,44.58,2388.45,106946.4402
2026-01-06 10:00:00,44.58,45.02,44.5,44.98,2871.84,128108.1969
2026-01-06 11:00:00,44.98,46.17,44.67,45.73,4520.22,205441.0004
2026-01-06 12:00:00,45.73,46.69,45.39,46.3,5996.53,276471.2925
2026-01-06 13:00:00,46.3,46.62,45.65,45.89,6485.27,300094.8233
2026-01-06 14:00:00,45.89,46.09,44.87,45.24,7736.25,352155.2244
2026-01-06 15:00:00,45.24,45.84,44.78,45.31,4799.37,217056.2336
2026-01-06 16:00:00,45.31,45.41,43.69,44.08,7076.59,313838.6307
2026-01-06 17:00:00,44.08,44.39,42.84,42.94,7180.42,313453.2214
2026-01-06 18:00:00,42.94,43.71,42.84,43.58,3791.84,164654.0399
2026-01-06 19:00:00,43.58,43.81,43.38,43.42,1053.33,45893.7601
2026-01-06 20:00:00,43.42,43.89,43.42,43.7,753.07,32888.5063
2026-01-06 21:00:00,43.7,44.53,43.58,44.35,2051.31,90599.5928
2026-01-06 22:00:00,44.35,44.54,44.03,44.1,1518.9,67025.9002
2026-01-06 23:00:00,44.1,44.78,44.09,44.58,1071.8,47748.8541
2026-01-07 00:00:00,44.58,44.66,43.7,43.7,1880.95,82952.2009
2026-01-07 01:00:00,43.7,43.91,43.2,43.28,1858.87,80789.1915
2026-01-07 02:00:00,43.28,43.45,43.11,43.41,512.31,22175.559
2026-01-07 03:00:00,43.41,43.77,43.31,43.31,1222.17,53313.2391
2026-01-07 04:00:00,43.31,43.49,43.1,43.38,1857.29,80420.3947
2026-01-07 05:00:00,43.38,43.79,43.33,43.34,926.6,40350.8575
2026-01-07 06:00:00,43.34,43.36,42.81,42.92,6550.04,281573.144
2026-01-07 07:00:00,42.92,43.23,42.67,43.23,2629.78,113233.1452
2026-01-07 08:00:00,43.23,43.45,43.08,43.28,2747.71,119053.5482
2026-01-07 09:00:00,43.28,43.28,42.03,42.32,3824.18,162449.7076
2026-01-07 10:00:00,42.32,42.54,42.28,42.38,1162.94,49328.2094
2026-01-07 11:00:00,42.38,42.59,42.34,42.51,2144.42,91137.3993
2026-01-07 12:00:00,42.51,42.53,41.83,41.95,6192.79,260425.9508
2026-01-07 13:00:00,41.95,42.02,41.5,41.66,6036.5,252134.4902
2026-01-07 14:00:00,41.66,41.67,41.06,41.56,6307.1,260647.0328
2026-01-07 15:00:00,41.56,41.6,40.78,41.12,4526.39,185710.8546
2026-01-07 16:00:00,41.12,41.45,41.08,41.42,1456.05,60069.6458
2026-01-07 17:00:00,41.42,41.55,41.18,41.18,589.49,24378.0973
2026-01-07 18:00:00,41.18,41.5,41.1,41.22,1175.41,48497.1806
2026-01-07 19:00:00,41.22,41.26,40.76,41.09,1212.74,49730.1435
2026-01-07 20:00:00,41.09,41.16,40.76,40.92,995.17,40799.3942
2026-01-07 21:00:00,40.92,41.09,40.88,40.96,387.13,15870.6408
2026-01-07 22:00:00,40.96,41.09,40.63,40.77,926.08,37817.3268
2026-01-07 23:00:00,40.77,41.08,40.37,40.9,2777.83,112995.0266
2026-01-08 00:00:00,40.9,41.2,40.7,41.11,674.99,27650.1184
2026-01-08 01:00:00,41.11,41.42,41.09,41.33,3553.07,146565.6509
2026-01-08 02:00:00,41.33,41.38,40.81,40.9,1601.62,65793.4104
2026-01-08 03:00:00,40.9,41.24,40.55,40.56,1755.09,71754.9244
2026-01-08 04:00:00,40.56,40.62,40.12,40.54,3666.38,148149.5355
2026-01-08 05:00:00,40.54,40.93,40.52,40.57,1171.69,47687.4037
2026-01-08 06:00:00,40.57,40.57,39.66,39.72,4004.3,160442.841
2026-01-08 07:00:00,39.72,40.25,39.53,40.06,3306.46,132079.7927
2026-01-08 08:00:00,40.06,40.18,38.94,39.03,3701.14,146327.9314
2026-01-08 09:00:00,39.03,39.08,37.75,37.92,8459.81,323235.7727
2026-01-08 10:00:00,37.92,38.65,37.62,38.06,4028.78,153617.9395
2026-01-08 11:00:00,38.06,38.14,37.54,38.07,2894.16,109591.9689
2026-01-08 12:00:00,38.07,38.19,37.79,37.98,1349.84,51291.5759
2026-01-08 13:00:00,37.98,38.33,37.86,37.99,1923.9,73260.3104
2026-01-08 14:00:00,37.99,38.44,37.75,38.31,3340.77,127063.7165
2026-01-08 15:00:00,38.31,39.07,38.24,39.03,5344.25,207463.7889
2026-01-08 16:00:00,39.03,39.05,38.5,38.77,1953.38,75671.3955
2026-01-08 17:00:00,38.77,38.93,38.49,38.73,871.42,33758.3947
2026-01-08 18:00:00,38.73,38.9,38.66,38.72,705.22,27342.9878
2026-01-08 19:00:00,38.72,38.9,38.67,38.68,289.4,11218.0445
2026-01-08 20:00:00,38.68,38.71,38.29,38.71,2517.45,96806.7747
2026-01-08 21:00:00,38.71,38.74,38.52,38.68,328.95,12715.1644
2026-01-08 22:00:00,38.68,38.89,38.49,38.61,409.32,15834.1157
2026-01-08 23:00:00,38.61,38.73,38.61,38.66,84.25,3258.9311
2026-01-09 00:00:00,38.66,39.2,38.66,39.04,969.62,37813.5494
2026-01-09 01:00:00,39.04,39.57,38.91,39.09,5487.59,214992.9952
2026-01-09 02:00:00,39.09,39.28,38.75,38.81,4517.69,175741.3139
2026-01-09 03:00:00,38.81,39.23,38.81,39.2,910.84,35574.6371
2026-01-09 04:00:00,39.2,39.28,38.94,38.94,800.72,31293.4938
2026-01-09 05:00:00,38.94,39.11,38.85,39.11,762.08,29722.005
2026-01-09 06:00:00,39.11,39.52,38.91,39.37,1810.83,70986.7861
2026-01-09 07:00:00,39.37,39.56,39.14,39.21,1144.3,45039.3371
2026-01-09 08:00:00,39.21,39.28,38.17,38.42,4467.31,172217.2031
2026-01-09 09:00:00,38.42,38.68,38.42,38.53,429.64,16541.355
2026-01-09 10:00:00,38.53,38.67,38.37,38.53,544.93,20974.6014
2026-01-09 11:00:00,38.53,38.9,38.53,38.77,850.62,32967.4443
2026-01-09 12:00:00,38.77,38.78,38.44,38.6,345.73,13339.3696
2026-01-09 13:00:00,38.6,38.98,38.51,38.74,3394.11,131431.0092
2026-01-09 14:00:00,38.74,38.74,37.9,38.17,1732.06,66240.5481
2026-01-09 15:00:00,38.17,39.1,38.04,38.49,3651.87,141158.8339
2026-01-09 16:00:00,38.49,38.83,38.36,38.57,1325.47,51150.2211
2026-01-09 17:00:00,38.57,38.68,38.08,38.48,1122.09,43149.6135
2026-01-09 18:00:00,38.48,38.52,37.82,38.21,899.54,34291.8744
2026-01-09 19:00:00,38.21,38.21,37.56,37.94,7093.78,267162.1739
2026-01-09 20:00:00,37.94,38.02,37.78,37.91,299.51,11353.4149
2026-01-09 21:00:00,37.91,38.08,37.69,37.9,493.1,18680.925
2026-01-09 22:00:00,37.9,38.15,37.71,38.14,3118.97,118697.0571
2026-01-09 23:00:00,38.14,38.25,37.84,37.84,728.85,27764.4488
2026-01-10 00:00:00,37.84,37.84,37.42,37.54,4079.75,153272.2924
2026-01-10 01:00:00,37.54,37.91,37.52,37.68,1032.81,39023.6961
2026-01-10 02:00:00,37.68,37.68,37.13,37.29,654.35,24431.3684
2026-01-10 03:00:00,37.29,37.41,36.87,37.16,2832.45,104775.4946
2026-01-10 04:00:00,37.16,37.17,36.63,37.02,5039.66,186024.849
2026-01-10 05:00:00,37.02,37.11,36.88,36.98,463.65,17162.4416
2026-01-10 06:00:00,36.98,37.16,36.76,37.16,559.06,20719.7417
2026-01-10 07:00:00,37.16,37.23,37.06,37.12,1374.96,51105.3078
2026-01-10 08:00:00,37.12,37.15,36.93,36.99,953.94,35338.6123
2026-01-10 09:00:00,36.99,37.03,36.83,36.93,1324.05,48894.9699
2026-01-10 10:00:00,36.93,37.18,36.87,37.07,1270.38,47106.411
2026-01-10 11:00:00,37.07,37.34,37.0,37.29,1615.11,60103.7102
2026-01-10 12:00:00,37.29,37.88,37.29,37.78,2849.11,107350.9753
2026-01-10 13:00:00,37.78,37.8,37.61,37.66,1205.24,45460.5614
2026-01-10 14:00:00,37.66,37.66,37.16,37.16,1379.95,51591.4976
2026-01-10 15:00:00,37.16,37.41,37.13,37.2,1952.98,72619.0568
2026-01-10 16:00:00,37.2,37.32,37.12,37.16,464.58,17300.1852
2026-01-10 17:00:00,37.16,37.5,36.64,36.85,4344.27,160998.1817
2026-01-10 18:00:00,36.85,37.26,36.74,37.19,1396.3,51582.9719
2026-01-10 19:00:00,37.19,37.63,37.17,37.6,397.14,14852.4596
2026-01-10 20:00:00,37.6,37.66,37.33,37.4,538.54,20154.9253
2026-01-10 21:00:00,37.4,37.4,37.16,37.21,2274.55,84823.8876
2026-01-10 22:00:00,37.21,37.27,36.81,36.81,231.25,8575.392
2026-01-10 23:00:00,36.81,37.32,36.81,37.29,35.34,1309.2465
2026-01-11 00:00:00,37.29,37.35,37.15,37.35,286.94,10697.947
2026-01-11 01:00:00,37.35,37.43,37.26,37.41,243.46,9083.0642
2026-01-11 02:00:00,37.41,37.44,37.31,37.37,225.81,8431.081
2026-01-11 03:00:00,37.37,37.54,37.36,37.36,196.28,7342.9003
2026-01-11 04:00:00,37.36,37.38,37.1,37.18,472.61,17600.7255
2026-01-11 05:00:00,37.18,37.3,37.12,37.25,279.67,10414.4749
2026-01-11 06:00:00,37.25,37.28,37.0,37.28,269.49,10014.2095
2026-01-11 07:00:00,37.28,37.39,37.24,37.33,960.75,35798.1907
2026-01-11 08:00:00,37.33,37.33,37.15,37.32,429.74,16004.1433
2026-01-11 09:00:00,37.32,37.68,37.27,37.62,831.22,31173.4718
2026-01-11 10:00:00,37.62,37.78,37.47,37.63,268.76,10104.5156
2026-01-11 11:00:00,37.63,37.8,37.55,37.55,523.35,19731.8236
2026-01-11 12:00:00,37.55,38.17,37.55,37.93,4371.63,165941.807
2026-01-11 13:00:00,37.93,37.94,37.61,37.71,818.34,30926.4392
2026-01-11 14:00:00,37.71,38.1,37.67,38.0,1094.19,41488.5162
2026-01-11 15:00:00,38.0,38.0,37.49,37.68,1516.9,57180.66
2026-01-11 16:00:00,37.68,38.15,37.57,37.86,2249.78,85166.8063
2026-01-11 17:00:00,37.86,38.06,37.53,37.76,1201.91,45390.9432
2026-01-11 18:00:00,37.76,37.78,37.58,37.62,109.67,4131.2113
2026-01-11 19:00:00,37.62,37.86,37.55,37.63,380.68,14355.7871
2026-01-11 20:00:00,37.63,37.63,37.03,37.24,920.16,34224.2962
2026-01-11 21:00:00,37.24,37.25,36.93,37.24,417.28,15475.87
2026-01-11 22:00:00,37.24,37.24,36.66,36.98,1567.39,57706.2081
2026-01-11 23:00:00,36.98,37.29,36.57,37.24,1848.73,68370.1821
2026-01-12 00:00:00,37.24,37.4,36.78,37.38,1557.26,57765.908
2026-01-12 01:00:00,37.38,38.64,37.31,38.21,7497.81,286171.0924
2026-01-12 02:00:00,38.21,38.79,38.21,38.62,5577.54,215073.7094
2026-01-12 03:00:00,38.62,38.62,37.86,37.89,3344.92,127650.0241
2026-01-12 04:00:00,37.89,38.36,37.57,38.36,8771.86,331027.9008
2026-01-12 05:00:00,38.36,38.88,38.17,38.45,2921.76,112796.2768
2026-01-12 06:00:00,38.45,38.54,37.87,38.0,745.42,28481.9684
2026-01-12 07:00:00,38.0,38.26,37.62,37.75,987.7,37450.0266
2026-01-12 08:00:00,37.75,37.86,36.96,37.34,5781.09,215959.6072
2026-01-12 09:00:00,37.34,37.48,37.2,37.33,1596.25,59656.4284
2026-01-12 10:00:00,37.33,37.57,37.17,37.21,1125.98,42032.2004
2026-01-12 11:00:00,37.21,38.21,37.21,38.04,6481.25,245220.8225
2026-01-12 12:00:00,38.04,38.04,37.36,37.36,858.56,32205.1599
2026-01-12 13:00:00,37.36,37.66,37.17,37.42,1862.73,69807.2522
2026-01-12 14:00:00,37.42,38.04,37.34,37.74,2274.32,85768.6326
2026-01-12 15:00:00,37.74,38.68,37.74,38.23,2882.38,110240.3964
2026-01-12 16:00:00,38.23,38.6,38.04,38.33,4078.59,156608.9613
2026-01-12 17:00:00,38.33,38.46,37.51,37.74,4302.89,164042.7801
2026-01-12 18:00:00,37.74,38.29,37.74,37.96,2645.16,100958.6301
2026-01-12 19:00:00,37.96,38.9,37.82,38.71,11488.0,441569.5865
2026-01-12 20:00:00,38.71,38.99,38.47,38.97,5210.41,201927.2664
2026-01-12 21:00:00,38.97,39.05,38.12,38.47,7538.73,289296.5203
2026-01-12 22:00:00,38.47,38.85,38.47,38.63,4429.25,171220.72
2026-01-12 23:00:00,38.63,39.46,38.39,39.41,5496.3,214226.3688
2026-01-13 00:00:00,39.41,40.16,39.17,40.14,9840.94,390629.4719
2026-01-13 01:00:00,40.14,40.88,40.04,40.7,9645.35,390194.4747
2026-01-13 02:00:00,40.7,41.26,40.51,40.61,10669.46,436718.0846
2026-01-13 03:00:00,40.61,44.5,40.45,44.43,43328.65,1839811.2554
2026-01-13 04:00:00,44.43,46.16,44.17,45.46,62358.21,2822674.4598
2026-01-13 05:00:00,45.46,45.73,44.32,44.68,15351.35,690103.0379
2026-01-13 06:00:00,44.68,47.49,44.65,46.55,32429.39,1504442.4065
2026-01-13 07:00:00,46.55,46.84,45.38,46.01,24958.69,1149502.2817
2026-01-13 08:00:00,46.01,48.34,45.64,48.03,40083.4,1889570.231
2026-01-13 09:00:00,48.03,52.05,47.98,50.28,121579.09,6127717.43
2026-01-13 10:00:00,50.28,57.75,50.05,57.0,202864.85,11051506.0008
2026-01-13 11:00:00,57.0,67.7,56.38,63.72,337815.56,21155377.7947
2026-01-13 12:00:00,63.72,66.19,60.01,62.38,269365.92,16938411.3564
2026-01-13 13:00:00,62.38,62.91,57.14,59.3,222799.65,13235107.5021
2026-01-13 14:00:00,59.3,61.18,58.05,58.68,94024.88,5595266.213
2026-01-13 15:00:00,58.68,62.72,56.3,57.42,210612.7,12559372.4649
2026-01-13 16:00:00,57.42,58.05,54.66,56.01,146137.34,8176631.4351
2026-01-13 17:00:00,56.01,56.68,55.32,55.4,58568.04,3282125.0388
2026-01-13 18:00:00,55.4,56.14,53.56,54.53,73467.78,4035092.124
2026-01-13 19:00:00,54.53,55.91,53.94,55.69,39950.64,2197915.4198
2026-01-13 20:00:00,55.69,56.25,54.4,55.22,38688.1,2136583.3488
2026-01-13 21:00:00,55.22,58.18,55.09,57.19,62113.84,3543701.115
2026-01-13 22:00:00,57.19,60.52,56.73,59.32,87163.86,5154657.5675
2026-01-13 23:00:00,59.32,61.61,58.08,58.69,60645.02,3613183.2539
2026-01-14 00:00:00,58.69,58.73,56.09,57.74,81854.76,4679439.6211
2026-01-14 01:00:00,57.74,59.53,55.58,56.37,46965.81,2709642.2781
2026-01-14 02:00:00,56.37,58.15,56.08,57.8,41642.15,2373701.2345
2026-01-14 03:00:00,57.8,58.58,56.74,58.18,28541.47,1644159.335
2026-01-14 04:00:00,58.18,59.8,57.21,57.94,41377.26,2420929.7938
2026-01-14 05:00:00,57.94,58.82,57.34,57.87,29691.08,1722996.6665
2026-01-14 06:00:00,57.87,64.51,57.19,64.07,114762.57,7045652.0921
2026-01-14 07:00:00,64.07,64.73,59.12,64.69,141569.54,8687347.7302
2026-01-14 08:00:00,64.69,65.1,61.42,62.91,126828.4,8051415.9578
2026-01-14 09:00:00,62.91,72.76,61.85,72.49,171871.97,11614381.1153
2026-01-14 10:00:00,72.49,79.0,71.47,75.3,228894.41,17289445.5662
2026-01-14 11:00:00,75.3,77.79,70.6,72.01,159075.57,11760054.5902
2026-01-14 12:00:00,72.01,75.61,71.81,74.49,59529.98,4414215.102
2026-01-14 13:00:00,74.49,78.31,73.52,77.15,94629.61,7224682.0674
2026-01-14 14:00:00,77.15,87.23,75.03,84.48,222306.86,18229221.212
2026-01-14 15:00:00,84.48,87.78,83.27,84.68,119633.45,10173359.0581
2026-01-14 16:00:00,84.68,87.5,80.81,82.26,123784.44,10426559.67
2026-01-14 17:00:00,82.26,87.18,82.26,86.03,80376.89,6803454.5074
2026-01-14 18:00:00,86.03,88.86,83.82,84.23,88561.96,7605196.1068
2026-01-14 19:00:00,84.23,84.99,82.01,83.5,54876.97,4571296.6001
2026-01-14 20:00:00,83.5,85.66,81.89,82.53,34901.82,2927250.0372
2026-01-14 21:00:00,82.53,85.11,81.7,82.2,41819.61,3499808.9039
2026-01-14 22:00:00,82.2,82.79,76.33,78.53,106679.66,8392201.0448
2026-01-14 23:00:00,78.53,80.91,78.17,79.67,38451.61,3050173.6285
2026-01-15 00:00:00,79.67,81.53,77.93,80.9,44438.44,3556854.2656
2026-01-15 01:00:00,80.9,83.76,78.51,79.8,88499.68,7179036.4971
2026-01-15 02:00:00,79.8,83.28,78.94,80.95,65651.6,5331671.2516
2026-01-15 03:00:00,80.95,81.58,75.55,76.46,98031.92,7596450.6675
2026-01-15 04:00:00,76.46,80.72,75.39,79.3,64455.6,5051738.8777
2026-01-15 05:00:00,79.3,83.57,79.21,81.69,95830.88,7841005.5713
2026-01-15 06:00:00,81.69,83.61,79.66,83.06,58423.55,4751790.711
2026-01-15 07:00:00,83.06,86.5,81.17,85.75,92403.99,7741324.1829
2026-01-15 08:00:00,85.75,86.91,77.01,80.75,189504.01,15383941.1633
2026-01-15 09:00:00,80.75,80.75,77.27,79.44,69703.46,5500479.5527
2026-01-15 10:00:00,79.44,82.16,77.65,80.95,54688.37,4369975.0267
2026-01-15 11:00:00,80.95,82.73,80.11,80.91,40264.16,3276028.7562
2026-01-15 12:00:00,80.91,85.0,80.58,83.78,51835.0,4302530.0039
2026-01-15 13:00:00,83.78,85.91,80.48,81.88,69589.48,5810381.9862
2026-01-15 14:00:00,81.88,83.64,79.25,80.11,51806.11,4228164.7208
2026-01-15 15:00:00,80.11,81.31,77.04,79.41,73974.56,5873611.7362
2026-01-15 16:00:00,79.41,80.53,76.61,77.8,48468.07,3799562.9319
2026-01-15 17:00:00,77.8,80.43,77.5,79.27,36478.43,2884453.1619
2026-01-15 18:00:00,79.27,80.33,77.96,78.35,27661.56,2195496.0384
2026-01-15 19:00:00,78.35,84.19,77.73,83.29,56517.15,4606442.4264
2026-01-15 20:00:00,83.29,84.8,81.48,82.04,54498.17,4525798.2556
2026-01-15 21:00:00,82.04,82.94,81.01,81.35,27548.09,2257744.2153
2026-01-15 22:00:00,81.35,82.34,79.9,81.22,24489.32,1987892.134
2026-01-15 23:00:00,81.22,83.39,80.3,80.62,25828.4,2120205.46
2026-01-16 00:00:00,80.62,86.44,79.33,79.87,79246.82,6554104.0063
2026-01-16 01:00:00,79.87,84.15,79.48,83.87,43441.48,3581212.3259
2026-01-16 02:00:00,83.87,91.31,81.66,86.14,153948.69,13210495.8442
2026-01-16 03:00:00,86.14,89.59,86.0,87.36,68802.63,6053171.4266
2026-01-16 04:00:00,87.36,89.34,84.68,88.33,56333.98,4901474.8073
2026-01-16 05:00:00,88.33,96.32,88.12,92.11,143963.72,13344536.6264
2026-01-16 06:00:00,92.11,93.68,89.04,91.64,76281.85,6972750.2531
2026-01-16 07:00:00,91.64,94.56,90.3,93.82,70155.9,6499103.9772
2026-01-16 08:00:00,93.82,96.66,91.55,91.95,86816.5,8155993.644
2026-01-16 09:00:00,91.95,93.47,90.28,90.95,60006.81,5532146.6834
2026-01-16 10:00:00,90.95,94.05,90.12,91.51,66011.79,6085649.6224
2026-01-16 11:00:00,91.51,91.97,84.97,88.04,119537.57,10473121.8258
2026-01-16 12:00:00,88.04,89.05,86.79,88.26,36716.58,3227516.5941
2026-01-16 13:00:00,88.26,89.42,86.59,87.64,35990.73,3172928.3295
2026-01-16 14:00:00,87.64,88.74,86.16,88.47,33287.52,2917584.4808
2026-01-16 15:00:00,88.47,92.66,88.26,91.09,75838.04,6875963.9189
2026-01-16 16:00:00,91.09,92.59,88.36,91.03,48094.08,4353738.182
2026-01-16 17:00:00,91.03,91.57,87.93,88.97,29702.54,2653585.018
2026-01-16 18:00:00,88.97,90.02,87.27,88.65,26220.65,2323221.1533
2026-01-16 19:00:00,88.65,88.75,84.5,86.89,34978.34,3028394.1758
2026-01-16 20:00:00,86.89,88.97,85.87,88.46,19735.86,1727869.0697
2026-01-16 21:00:00,88.46,89.87,88.07,88.42,14544.9,1293070.0237
2026-01-16 22:00:00,88.42,88.97,85.96,86.95,30025.11,2614842.0444
2026-01-16 23:00:00,86.95,87.38,83.37,85.4,56076.59,4778711.3569
2026-01-17 00:00:00,85.4,85.5,82.28,83.78,39670.15,3325550.3446
2026-01-17 01:00:00,83.78,84.92,83.36,84.49,15477.39,1301913.5528
2026-01-17 02:00:00,84.49,85.38,82.46,83.26,27954.44,2340456.219
2026-01-17 03:00:00,83.26,84.65,81.94,82.75,29926.34,2491479.6569
2026-01-17 04:00:00,82.75,82.88,80.96,82.75,36499.96,2983895.0571
2026-01-17 05:00:00,82.75,83.07,81.04,81.39,18915.33,1555773.6481
2026-01-17 06:00:00,81.39,81.47,79.27,79.57,25480.1,2044327.5713
2026-01-17 07:00:00,79.57,79.7,77.25,77.69,44159.53,3469126.9443
2026-01-17 08:00:00,77.69,77.83,73.11,73.8,98406.87,7420103.3646
2026-01-17 09:00:00,73.8,77.43,73.68,76.24,76757.8,5829186.7621
2026-01-17 10:00:00,76.24,78.06,76.2,76.95,29398.54,2269482.7462
2026-01-17 11:00:00,76.95,79.11,76.42,78.05,44644.79,3501639.9305
2026-01-17 12:00:00,78.05,79.41,74.4,75.37,81307.8,6211786.2073
2026-01-17 13:00:00,75.37,76.98,74.84,75.33,41554.66,3154645.6099
2026-01-17 14:00:00,75.33,76.48,74.67,75.59,31857.15,2415526.3989
2026-01-17 15:00:00,75.59,76.36,75.11,75.46,47047.67,3563157.7891
2026-01-17 16:00:00,75.46,76.11,73.74,74.11,54688.28,4075724.5781
2026-01-17 17:00:00,74.11,75.18,73.62,74.33,29302.55,2182408.4061
2026-01-17 18:00:00,74.33,74.91,73.97,74.72,11846.36,881960.204
2026-01-17 19:00:00,74.72,76.73,74.61,76.05,24240.43,1841348.4081
2026-01-17 20:00:00,76.05,76.61,75.69,76.01,13903.0,1057134.0614
2026-01-17 21:00:00,76.01,77.2,75.73,75.81,17871.08,1367846.024
2026-01-17 22:00:00,75.81,76.03,74.16,74.73,15605.75,1172322.5437
2026-01-17 23:00:00,74.73,75.18,73.86,74.48,10955.27,815574.6053
2026-01-18 00:00:00,74.48,76.33,73.75,74.35,24256.1,1821043.746
2026-01-18 01:00:00,74.35,74.44,71.25,72.85,37512.2,2717951.2056
2026-01-18 02:00:00,72.85,73.67,72.17,72.58,15054.84,1092600.2348
2026-01-18 03:00:00,72.58,74.67,72.05,74.34,35938.9,2631145.5868
2026-01-18 04:00:00,74.34,74.6,72.13,73.75,17817.38,1305077.2602
2026-01-18 05:00:00,73.75,76.12,73.36,75.06,25148.67,1886944.9576
2026-01-18 06:00:00,75.06,76.73,74.86,76.44,13690.65,1039748.1413
2026-01-18 07:00:00,76.44,76.44,74.72,75.21,15484.47,1168608.4868
2026-01-18 08:00:00,75.21,79.0,75.02,77.8,51568.53,3987366.1985
2026-01-18 09:00:00,77.8,83.5,77.34,79.89,80878.9,6507474.1483
2026-01-18 10:00:00,79.89,80.25,78.2,78.48,45322.66,3582597.6198
2026-01-18 11:00:00,78.48,80.51,77.71,79.29,46704.37,3688604.8832
2026-01-18 12:00:00,79.29,80.1,78.28,78.7,32364.72,2563359.1992
2026-01-18 13:00:00,78.7,84.0,78.63,83.75,61943.1,5056328.7522
2026-01-18 14:00:00,83.75,85.34,82.44,83.18,57831.06,4845059.6479
2026-01-18 15:00:00,83.18,90.64,83.15,90.55,96661.64,8468138.7711
2026-01-18 16:00:00,90.55,90.73,83.87,86.26,98124.32,8519092.6983
2026-01-18 17:00:00,86.26,87.35,84.79,85.84,25343.56,2182597.8355
2026-01-18 18:00:00,85.84,87.28,82.67,83.83,37973.89,3230925.5877
2026-01-18 19:00:00,83.83,84.65,83.0,83.71,26526.88,2221640.0711
2026-01-18 20:00:00,83.71,84.22,82.33,83.58,14619.99,1219398.8602
2026-01-18 21:00:00,83.58,84.02,81.45,82.32,19164.89,1581865.1769
2026-01-18 22:00:00,82.32,83.44,82.2,82.45,10691.36,886501.9867
2026-01-18 23:00:00,82.45,82.45,78.17,79.05,73474.06,5870992.3342
2026-01-19 00:00:00,79.05,80.39,72.66,78.82,116033.63,8901986.6258
2026-01-19 01:00:00,78.82,80.06,78.01,79.44,26598.75,2101665.1932
2026-01-19 02:00:00,79.44,81.94,78.57,80.25,29525.08,2374789.2046
2026-01-19 03:00:00,80.25,82.58,79.38,81.21,37447.26,3037611.0549
2026-01-19 04:00:00,81.21,81.58,79.84,81.04,20519.09,1658397.4644
2026-01-19 05:00:00,81.04,84.7,80.18,84.57,48135.51,3977017.4178
2026-01-19 06:00:00,84.57,85.21,82.13,83.01,27906.59,2329704.8783
2026-01-19 07:00:00,83.01,87.94,83.01,85.63,63595.32,5488748.32
2026-01-19 08:00:00,85.63,86.65,83.95,84.69,27365.18,2324748.2871
2026-01-19 09:00:00,84.69,85.17,80.42,81.54,52126.57,4295000.253
2026-01-19 10:00:00,81.54,81.64,78.38,78.69,48031.22,3859616.4942
2026-01-19 11:00:00,78.69,81.29,78.49,80.34,30611.39,2448260.1901
2026-01-19 12:00:00,80.34,80.34,78.69,79.35,22768.34,1807551.659
2026-01-19 13:00:00,79.35,80.55,77.24,77.79,33669.39,2640323.0954
2026-01-19 14:00:00,77.79,79.35,77.73,78.37,31016.11,2436049.8225
2026-01-19 15:00:00,78.37,79.16,78.06,78.42,22175.43,1743810.8483
2026-01-19 16:00:00,78.42,79.65,77.63,78.53,27338.53,2148766.3729
2026-01-19 17:00:00,78.53,78.9,77.02,77.98,14016.33,1093621.7223
2026-01-19 18:00:00,77.98,78.76,77.54,78.51,6902.76,540039.9306
2026-01-19 19:00:00,78.51,79.01,77.82,78.16,6486.86,509496.9942
2026-01-19 20:00:00,78.16,78.38,76.54,77.47,12186.32,941583.9309
2026-01-19 21:00:00,77.47,77.79,75.7,76.02,30040.49,2301941.0589
2026-01-19 22:00:00,76.02,76.55,75.05,75.32,18014.51,1366022.3271
2026-01-19 23:00:00,75.32,76.19,75.08,75.38,12418.67,940270.8999
2026-01-20 00:00:00,75.38,75.94,74.45,75.48,16799.85,1262297.4207
2026-01-20 01:00:00,75.48,75.61,73.64,74.31,18770.51,1396159.3173
2026-01-20 02:00:00,74.31,75.26,73.69,74.95,11319.29,844092.2813
2026-01-20 03:00:00,74.95,75.78,73.91,74.31,14180.25,1058953.3364
2026-01-20 04:00:00,74.31,74.99,73.28,74.22,27363.57,2027101.8676
2026-01-20 05:00:00,74.22,75.38,73.0,73.53,27700.55,2049430.1605
2026-01-20 06:00:00,73.53,73.74,72.04,72.4,27211.34,1979896.5639
2026-01-20 07:00:00,72.4,72.58,70.14,70.73,57282.23,4081430.6792
2026-01-20 08:00:00,70.73,71.17,67.66,70.47,108513.42,7506037.8061
2026-01-20 09:00:00,70.47,76.72,70.08,72.63,136764.48,10013220.7056
2026-01-20 10:00:00,72.63,73.09,71.24,72.5,41494.2,2995341.5617
2026-01-20 11:00:00,72.5,73.28,71.68,72.13,21525.09,1560565.0636
2026-01-20 12:00:00,72.13,72.59,71.22,71.85,21280.54,1529708.1952
2026-01-20 13:00:00,71.85,72.04,69.27,69.68,47307.28,3319655.232
2026-01-20 14:00:00,69.68,73.3,69.66,71.92,59560.17,4271642.2307
2026-01-20 15:00:00,71.92,75.09,70.47,73.34,56294.09,4082331.1757
2026-01-20 16:00:00,73.34,74.18,71.22,72.05,38462.45,2794777.8387
2026-01-20 17:00:00,72.05,73.08,70.51,70.92,33129.91,2374690.537
2026-01-20 18:00:00,70.92,71.41,69.5,69.97,15829.6,1112029.2512
2026-01-20 19:00:00,69.97,70.66,69.25,69.83,15426.85,1079800.398
2026-01-20 20:00:00,69.83,70.87,68.8,70.42,14537.49,1017405.0728
2026-01-20 21:00:00,70.42,70.84,69.57,69.81,14129.3,990840.468
2026-01-20 22:00:00,69.81,70.51,68.07,69.92,29361.83,2038806.7853
2026-01-20 23:00:00,69.92,71.08,69.38,69.84,19986.3,1402631.9782
2026-01-21 00:00:00,69.84,70.06,68.5,69.15,11409.0,790244.3597
2026-01-21 01:00:00,69.15,69.81,68.56,68.78,9078.8,627866.7612
2026-01-21 02:00:00,68.78,69.66,68.27,68.83,11903.05,820934.5636
2026-01-21 03:00:00,68.83,68.86,67.15,68.53,13894.84,943520.0176
2026-01-21 04:00:00,68.53,70.71,68.28,70.37,12408.97,864654.0285
2026-01-21 05:00:00,70.37,72.35,69.55,71.42,18413.1,1308028.015
2026-01-21 06:00:00,71.42,72.14,70.9,71.16,9348.49,669117.6008
2026-01-21 07:00:00,71.16,71.33,69.34,70.45,11208.65,788468.1546
2026-01-21 08:00:00,70.45,70.46,68.46,68.78,11109.88,767670.97
2026-01-21 09:00:00,68.78,70.79,68.36,70.55,14229.75,994577.211
2026-01-21 10:00:00,70.55,71.28,69.12,69.3,9653.04,677521.462
2026-01-21 11:00:00,69.3,70.3,68.88,69.01,10028.04,697307.392
2026-01-21 12:00:00,69.01,69.35,68.31,69.1,13003.25,895069.2839
2026-01-21 13:00:00,69.1,69.61,67.76,68.18,23296.89,1595758.0433
2026-01-21 14:00:00,68.18,71.0,68.06,70.05,29464.35,2062482.247
2026-01-21 15:00:00,70.05,70.57,68.65,69.58,19179.05,1332030.966
2026-01-21 16:00:00,69.58,70.33,66.58,67.13,35758.4,2435426.6767
2026-01-21 17:00:00,67.13,68.48,66.12,68.43,32123.95,2152598.5593
2026-01-21 18:00:00,68.43,68.43,67.13,67.83,13567.44,920278.7472
2026-01-21 19:00:00,67.83,70.14,67.47,70.0,18105.41,1246049.7775
2026-01-21 20:00:00,70.0,70.07,67.92,69.08,11447.98,787427.4688
2026-01-21 21:00:00,69.08,69.68,68.57,69.33,11768.81,815111.9698
2026-01-21 22:00:00,69.33,69.98,68.65,68.87,8063.46,560103.5387
2026-01-21 23:00:00,68.87,69.08,67.09,67.26,11469.6,779539.8742
2026-01-22 00:00:00,67.26,67.77,65.59,67.73,20505.15,1364285.9687
2026-01-22 01:00:00,67.73,68.28,66.73,67.65,9791.03,661529.1122
2026-01-22 02:00:00,67.65,68.24,66.99,67.05,4031.24,272788.0369
2026-01-22 03:00:00,67.05,67.71,65.83,66.29,7223.44,481132.2652
2026-01-22 04:00:00,66.29,66.65,65.38,65.89,8971.81,592378.4537
2026-01-22 05:00:00,65.89,65.93,64.71,65.57,23454.57,1532993.8595
2026-01-22 06:00:00,65.57,68.35,65.56,68.01,15436.31,1033002.2882
2026-01-22 07:00:00,68.01,68.21,66.46,66.77,7393.25,495736.1067
2026-01-22 08:00:00,66.77,67.2,66.31,66.65,10511.57,701471.5378
2026-01-22 09:00:00,66.65,67.52,66.41,67.0,9197.97,616827.329
2026-01-22 10:00:00,67.0,67.72,66.36,67.67,17759.6,1186624.6788
2026-01-22 11:00:00,67.67,67.72,65.27,65.63,38527.38,2543752.4727
2026-01-22 12:00:00,65.63,66.71,65.54,66.21,11757.45,778838.8478
2026-01-22 13:00:00,66.21,66.53,64.98,65.23,10702.97,701000.5834
2026-01-22 14:00:00,65.23,66.33,64.64,65.07,31091.04,2031667.3346
2026-01-22 15:00:00,65.07,65.47,63.83,64.58,41270.54,2663918.556
2026-01-22 16:00:00,64.58,65.43,64.02,64.64,22251.13,1438399.8736
2026-01-22 17:00:00,64.64,65.0,63.89,64.82,8901.68,572803.7053
2026-01-22 18:00:00,64.82,64.92,63.38,63.45,15338.22,983097.0736
2026-01-22 19:00:00,63.45,64.0,62.63,63.93,13544.49,858881.5755
2026-01-22 20:00:00,63.93,64.87,63.59,64.05,8514.92,546235.131
2026-01-22 21:00:00,64.05,64.77,64.05,64.24,6796.93,438095.7336
2026-01-22 22:00:00,64.24,64.3,63.09,63.53,7399.61,470243.7149
2026-01-22 23:00:00,63.53,63.53,62.26,62.74,8848.0,555261.036
2026-01-23 00:00:00,62.74,63.95,62.57,63.73,8987.64,568040.8342
2026-01-23 01:00:00,63.73,64.96,63.3,64.58,19051.79,1221109.4287
2026-01-23 02:00:00,64.58,65.63,64.44,64.65,7695.02,500116.8046
2026-01-23 03:00:00,64.65,65.32,64.11,64.51,7785.55,503417.784
2026-01-23 04:00:00,64.51,65.57,63.64,65.5,7572.7,489800.2058
2026-01-23 05:00:00,65.5,66.91,65.49,66.84,17567.29,1164301.5278
2026-01-23 06:00:00,66.84,69.7,66.05,67.43,30702.61,2084507.7179
2026-01-23 07:00:00,67.43,68.05,66.47,66.78,13431.23,901785.9364
2026-01-23 08:00:00,66.78,67.9,66.47,67.42,18077.88,1214106.0134
2026-01-23 09:00:00,67.42,71.95,67.27,71.12,46652.55,3265360.8454
2026-01-23 10:00:00,71.12,71.37,68.54,70.14,21573.75,1497948.3479
2026-01-23 11:00:00,70.14,72.77,69.26,70.85,30625.38,2182819.2605
2026-01-23 12:00:00,70.85,71.22,69.06,69.2,21888.38,1535085.8818
2026-01-23 13:00:00,69.2,70.77,68.98,70.19,18645.72,1305337.5885
2026-01-23 14:00:00,70.19,71.05,68.66,69.79,58496.91,4095392.1941
2026-01-23 15:00:00,69.79,70.81,69.1,70.66,17309.69,1210519.5267
2026-01-23 16:00:00,70.66,70.7,68.77,69.56,15591.75,1084036.7255
2026-01-23 17:00:00,69.56,70.64,69.0,69.63,16322.51,1141310.7075
2026-01-23 18:00:00,69.63,72.2,69.23,70.52,23970.61,1702691.2525
2026-01-23 19:00:00,70.52,70.57,69.1,69.88,18778.33,1309273.7346
2026-01-23 20:00:00,69.88,70.12,68.11,68.39,13468.04,929490.8843
2026-01-23 21:00:00,68.39,69.04,66.47,66.79,32440.66,2187937.8883
2026-01-23 22:00:00,66.79,67.33,66.15,67.21,18601.0,1242160.6626
2026-01-23 23:00:00,67.21,67.52,66.7,67.48,5939.76,397988.219
2026-01-24 00:00:00,67.48,67.48,65.21,65.7,13839.95,914532.9817
2026-01-24 01:00:00,65.7,66.01,64.66,64.82,16812.17,1097494.3814
2026-01-24 02:00:00,64.82,65.94,64.7,65.75,13291.59,868585.7783
2026-01-24 03:00:00,65.75,66.32,65.05,65.84,11729.87,769925.6096
2026-01-24 04:00:00,65.84,66.08,65.41,65.97,3780.37,248556.3616
2026-01-24 05:00:00,65.97,66.15,65.3,65.76,4237.88,278219.6747
2026-01-24 06:00:00,65.76,65.83,65.1,65.39,3653.25,238913.8336
2026-01-24 07:00:00,65.39,65.67,64.88,65.45,2530.94,165231.0419
2026-01-24 08:00:00,65.45,66.09,64.9,65.98,4077.83,267071.3455
2026-01-24 09:00:00,65.98,66.4,65.37,65.46,5150.45,338704.9948
2026-01-24 10:00:00,65.46,66.18,64.95,65.44,5252.05,343994.4643
2026-01-24 11:00:00,65.44,65.85,65.04,65.15,6557.42,429841.1349
2026-01-24 12:00:00,65.15,65.77,65.0,65.51,3845.94,251290.7598
2026-01-24 13:00:00,65.51,65.6,65.1,65.12,3039.17,198533.6556
2026-01-24 14:00:00,65.12,65.39,64.42,64.89,8301.79,539397.7589
2026-01-24 15:00:00,64.89,65.43,64.57,64.73,4093.37,265718.0947
2026-01-24 16:00:00,64.73,65.09,64.08,64.57,9694.86,626268.3603
2026-01-24 17:00:00,64.57,65.96,64.52,65.77,7672.18,502166.3345
2026-01-24 18:00:00,65.77,66.24,65.37,65.4,10626.45,699590.728
2026-01-24 19:00:00,65.4,65.6,64.88,64.98,4315.89,281748.2433
2026-01-24 20:00:00,64.98,65.21,64.73,65.07,2333.87,151820.2783
2026-01-24 21:00:00,65.07,65.12,64.46,64.94,2561.91,165632.2009
2026-01-24 22:00:00,64.94,65.02,63.71,63.87,14501.22,928554.6531
2026-01-24 23:00:00,63.87,64.06,62.81,63.29,15612.59,989840.6524
2026-01-25 00:00:00,63.29,63.9,63.28,63.87,4064.83,258654.3
2026-01-25 01:00:00,63.87,65.18,63.85,64.91,13945.53,901596.1973
2026-01-25 02:00:00,64.91,65.96,64.85,65.39,5281.66,345613.0326
2026-01-25 03:00:00,65.39,65.77,64.78,65.2,9551.2,622733.6613
2026-01-25 04:00:00,65.2,65.57,64.9,64.9,2526.91,164859.9726
2026-01-25 05:00:00,64.9,64.94,64.28,64.77,4280.65,276319.9826
2026-01-25 06:00:00,64.77,64.84,64.11,64.14,2926.26,188293.3034
2026-01-25 07:00:00,64.14,64.16,63.24,63.75,17518.41,1116450.7983
2026-01-25 08:00:00,63.75,63.78,61.96,62.04,14877.68,933927.8972
2026-01-25 09:00:00,62.04,62.89,61.64,61.92,21494.11,1337602.4694
2026-01-25 10:00:00,61.92,62.66,61.89,62.41,6518.26,406449.9444
2026-01-25 11:00:00,62.41,62.68,61.76,62.04,3581.77,222975.8992
2026-01-25 12:00:00,62.04,62.48,61.42,62.3,6135.22,380064.8375
2026-01-25 13:00:00,62.3,62.62,61.95,62.43,2903.67,181118.6967
2026-01-25 14:00:00,62.43,62.66,61.41,62.07,7699.18,476667.5343
2026-01-25 15:00:00,62.07,62.38,61.7,62.02,6184.17,383736.9784
2026-01-25 16:00:00,62.02,63.57,61.1,63.14,29584.27,1842529.4014
2026-01-25 17:00:00,63.14,63.17,61.73,61.87,11237.78,697461.3417
2026-01-25 18:00:00,61.87,62.6,61.23,61.84,8837.54,547769.316
2026-01-25 19:00:00,61.84,61.98,60.25,60.56,15531.18,944283.4414
2026-01-25 20:00:00,60.56,61.13,58.89,59.44,36816.78,2193528.2431
2026-01-25 21:00:00,59.44,59.91,59.29,59.89,11008.69,656402.0183
2026-01-25 22:00:00,59.89,60.07,58.58,59.09,13576.79,803099.6009
2026-01-25 23:00:00,59.09,59.63,58.62,58.75,16176.59,955643.2813
2026-01-26 00:00:00,58.75,59.06,58.16,59.01,7351.56,431491.6563
2026-01-26 01:00:00,59.01,59.52,58.7,59.34,8288.11,489779.9617
2026-01-26 02:00:00,59.34,59.38,58.38,59.05,4700.97,276572.7967
2026-01-26 03:00:00,59.05,59.36,57.98,58.18,3870.67,226536.7321
2026-01-26 04:00:00,58.18,60.59,57.79,59.84,17106.36,1019059.5134
2026-01-26 05:00:00,59.84,59.97,59.28,59.75,5150.33,307224.2085
2026-01-26 06:00:00,59.75,60.14,59.19,59.74,4948.11,295251.0364
2026-01-26 07:00:00,59.74,60.14,59.27,59.79,3591.04,214447.1057
2026-01-26 08:00:00,59.79,60.24,58.8,59.08,5476.23,326219.8623
2026-01-26 09:00:00,59.08,59.22,57.8,58.13,8467.07,493784.4929
2026-01-26 10:00:00,58.13,58.78,58.09,58.52,3760.5,219920.4035
2026-01-26 11:00:00,58.52,59.35,58.34,59.19,2943.66,173205.0719
2026-01-26 12:00:00,59.19,59.67,58.9,58.96,2090.55,123769.4942
2026-01-26 13:00:00,58.96,59.67,58.71,59.14,4649.36,275896.8724
2026-01-26 14:00:00,59.14,61.27,58.8,61.04,16923.07,1017286.2532
2026-01-26 15:00:00,61.04,61.7,60.14,60.59,11465.2,698435.4873
2026-01-26 16:00:00,60.59,61.27,60.08,60.58,6220.69,378038.9451
2026-01-26 17:00:00,60.58,60.96,59.63,60.67,5655.74,340966.4856
2026-01-26 18:00:00,60.67,61.03,60.05,60.64,5390.72,325821.4411
2026-01-26 19:00:00,60.64,60.71,59.96,60.07,2145.65,129467.7362
2026-01-26 20:00:00,60.07,60.16,59.37,59.52,7031.5,420051.0377
2026-01-26 21:00:00,59.52,60.47,59.28,60.24,5969.71,357652.3345
2026-01-26 22:00:00,60.24,60.62,60.12,60.2,2471.66,149270.0967
2026-01-26 23:00:00,60.2,60.54,59.82,59.91,3795.38,228111.2731
2026-01-27 00:00:00,59.91,60.68,59.64,60.65,2465.06,148140.5515
2026-01-27 01:00:00,60.65,61.55,60.23,61.43,4052.21,247700.3712
2026-01-27 02:00:00,61.43,64.72,61.42,64.16,21540.79,1356903.3158
2026-01-27 03:00:00,64.16,64.16,61.61,61.8,12959.69,810654.5829
2026-01-27 04:00:00,61.8,62.81,61.34,61.68,10261.95,635419.0572
2026-01-27 05:00:00,61.68,62.08,61.06,62.02,7686.4,471938.3648
2026-01-27 06:00:00,62.02,62.17,60.83,61.14,6161.53,377353.9475
2026-01-27 07:00:00,61.14,64.5,61.08,63.12,17607.45,1109734.1547
2026-01-27 08:00:00,63.12,65.6,63.1,63.17,27918.05,1797000.1698
2026-01-27 09:00:00,63.17,63.54,62.27,62.43,25307.77,1593436.7715
2026-01-27 10:00:00,62.43,62.62,61.23,61.96,15212.45,939971.3985
2026-01-27 11:00:00,61.96,62.34,61.15,61.4,7674.49,473334.2129
2026-01-27 12:00:00,61.4,61.79,60.73,61.37,7596.77,465199.6242
2026-01-27 13:00:00,61.37,61.98,59.7,60.07,24765.13,1503609.7789
2026-01-27 14:00:00,60.07,60.86,59.72,60.17,13157.43,795310.9412
2026-01-27 15:00:00,60.17,61.04,59.66,61.01,9134.39,551041.6031
2026-01-27 16:00:00,61.01,62.96,61.01,62.42,20903.85,1304298.4394
2026-01-27 17:00:00,62.42,62.49,60.29,60.77,14144.04,864016.0353
2026-01-27 18:00:00,60.77,62.15,60.47,61.41,7017.74,430879.9381
2026-01-27 19:00:00,61.41,63.15,60.92,62.85,8225.37,509517.3798
2026-01-27 20:00:00,62.85,64.59,62.58,63.74,18664.8,1195158.8009
2026-01-27 21:00:00,63.74,64.07,62.08,62.63,8521.45,536695.8354
2026-01-27 22:00:00,62.63,64.16,62.42,63.17,12396.43,783452.7222
2026-01-27 23:00:00,63.17,63.24,62.25,62.39,5440.22,340580.3111
2026-01-28 00:00:00,62.39,63.65,61.85,63.14,7058.94,441714.8847
2026-01-28 01:00:00,63.14,63.64,60.96,61.35,13227.95,821895.9672
2026-01-28 02:00:00,61.35,61.74,60.83,61.21,2597.57,158975.9874
2026-01-28 03:00:00,61.21,61.49,60.74,60.89,3373.78,206033.251
2026-01-28 04:00:00,60.89,61.7,60.66,61.22,8453.94,516573.7691
2026-01-28 05:00:00,61.22,61.98,61.05,61.41,8694.06,534693.968
2026-01-28 06:00:00,61.41,62.57,61.41,62.16,6925.8,429999.1085
2026-01-28 07:00:00,62.16,62.71,61.76,61.96,2403.75,149432.2336
2026-01-28 08:00:00,61.96,62.64,61.23,61.46,13265.39,822025.6929
2026-01-28 09:00:00,61.46,62.29,61.36,62.27,4616.98,285044.7451
2026-01-28 10:00:00,62.27,62.49,61.54,61.61,12240.53,760129.9046
2026-01-28 11:00:00,61.61,61.75,60.12,60.89,14272.66,869520.428
2026-01-28 12:00:00,60.89,60.98,59.51,59.74,9909.65,597414.2017
2026-01-28 13:00:00,59.74,60.19,58.61,58.9,14917.7,884700.8343
2026-01-28 14:00:00,58.9,59.64,58.45,58.98,5588.65,329541.9754
2026-01-28 15:00:00,58.98,59.43,58.61,58.72,6592.1,389761.3015
2026-01-28 16:00:00,58.72,59.32,58.22,59.09,5847.91,343405.9006
2026-01-28 17:00:00,59.09,59.55,58.78,59.29,7518.84,445099.725
2026-01-28 18:00:00,59.29,59.3,58.71,59.22,1701.91,100415.7307
2026-01-28 19:00:00,59.22,59.55,58.77,59.24,2347.24,138798.1933
2026-01-28 20:00:00,59.24,59.9,59.03,59.37,3503.97,208210.6877
2026-01-28 21:00:00,59.37,59.59,58.89,59.4,2854.13,168998.94
2026-01-28 22:00:00,59.4,59.48,58.9,59.02,1025.58,60641.0855
2026-01-28 23:00:00,59.02,59.06,57.46,58.29,15462.69,899426.6816
2026-01-29 00:00:00,58.29,58.75,58.25,58.52,3056.45,178852.1881
2026-01-29 01:00:00,58.52,59.05,58.05,58.78,2180.77,127651.8116
2026-01-29 02:00:00,58.78,58.78,55.76,56.6,17876.46,1024610.1385
2026-01-29 03:00:00,56.6,57.19,55.2,55.44,14438.44,810306.5048
2026-01-29 04:00:00,55.44,56.25,55.4,55.53,9031.83,504029.1848
2026-01-29 05:00:00,55.53,55.79,55.33,55.59,2501.01,139061.821
2026-01-29 06:00:00,55.59,56.09,55.59,55.94,2317.56,129472.2299
2026-01-29 07:00:00,55.94,56.84,55.93,56.66,2568.35,144778.2678
2026-01-29 08:00:00,56.66,57.14,56.44,57.07,3391.44,192438.9315
2026-01-29 09:00:00,57.07,58.21,56.65,57.52,214784.2,12333214.5572
2026-01-29 10:00:00,57.52,58.17,57.49,57.88,3597.09,207932.1847
2026-01-29 11:00:00,57.88,57.88,56.91,57.16,4503.8,257835.1198
2026-01-29 12:00:00,57.16,58.03,57.04,57.15,3960.85,227923.0774
2026-01-29 13:00:00,57.15,57.75,57.15,57.75,1821.96,104726.9508
2026-01-29 14:00:00,57.75,57.88,56.26,56.39,5882.38,334413.4573
2026-01-29 15:00:00,56.39,56.43,53.51,55.15,39340.49,2154535.004
2026-01-29 16:00:00,55.15,55.62,54.44,55.6,7741.2,425280.162
2026-01-29 17:00:00,55.6,56.21,54.71,55.03,5259.78,292354.4154
2026-01-29 18:00:00,55.03,55.44,53.78,53.99,6879.44,374598.8983
2026-01-29 19:00:00,53.99,54.32,53.45,53.6,5998.13,323108.6188
2026-01-29 20:00:00,53.6,54.07,53.55,53.88,3229.46,173662.7693
2026-01-29 21:00:00,53.88,54.29,53.76,54.22,2640.69,142651.5118
2026-01-29 22:00:00,54.22,54.84,54.22,54.84,2510.03,136795.0402
2026-01-29 23:00:00,54.84,54.88,54.26,54.61,8163.44,445788.8792
2026-01-30 00:00:00,54.61,55.34,54.61,54.88,2163.54,118873.3948
2026-01-30 01:00:00,54.88,55.26,51.06,54.23,33817.02,1788354.7423
2026-01-30 02:00:00,54.23,54.23,52.45,52.86,11931.22,633860.3192
2026-01-30 03:00:00,52.86,53.28,52.48,52.62,4660.78,245974.7952
2026-01-30 04:00:00,52.62,53.32,52.62,52.8,4380.98,232253.0419
2026-01-30 05:00:00,52.8,53.13,52.58,52.77,1884.84,99732.7595
2026-01-30 06:00:00,52.77,52.8,51.25,51.52,6495.35,336614.0438
2026-01-30 07:00:00,51.52,52.39,51.36,51.89,3685.09,191056.2466
2026-01-30 08:00:00,51.89,52.14,51.2,51.77,3429.64,177432.8231
2026-01-30 09:00:00,51.77,52.06,51.38,51.76,2005.42,103707.1793
2026-01-30 10:00:00,51.76,51.97,51.48,51.9,1069.19,55294.5611
2026-01-30 11:00:00,51.9,52.58,51.47,52.36,5245.67,273697.9024
2026-01-30 12:00:00,52.36,52.49,50.88,51.05,5308.53,272324.894
2026-01-30 13:00:00,51.05,51.31,50.2,50.86,14594.43,739060.1292
2026-01-30 14:00:00,50.86,52.23,50.86,51.51,11019.22,570224.8497
2026-01-30 15:00:00,51.51,51.67,49.79,49.81,9287.95,468555.9487
2026-01-30 16:00:00,49.81,50.97,49.49,50.35,6100.13,305514.0786
2026-01-30 17:00:00,50.35,50.96,49.96,50.69,3466.01,174637.653
2026-01-30 18:00:00,50.69,51.87,49.76,51.64,13857.32,699134.1735
2026-01-30 19:00:00,51.64,52.35,51.42,51.44,6549.48,339482.8966
2026-01-30 20:00:00,51.44,51.44,50.47,50.94,6166.63,314558.9177
2026-01-30 21:00:00,50.94,51.63,50.85,51.24,1733.02,88775.358
2026-01-30 22:00:00,51.24,51.62,50.9,51.44,875.06,44897.7853
2026-01-30 23:00:00,51.44,51.51,51.0,51.31,1030.9,52811.3459
2026-01-31 00:00:00,51.31,51.35,50.13,50.13,3358.42,170335.0758
2026-01-31 01:00:00,50.13,50.88,50.07,50.18,1211.34,61089.4232
2026-01-31 02:00:00,50.18,50.5,49.72,50.2,4366.44,218441.7256
2026-01-31 03:00:00,50.2,50.26,48.84,49.2,12851.86,635185.9436
2026-01-31 04:00:00,49.2,49.58,48.94,49.05,4520.38,222030.6471
2026-01-31 05:00:00,49.05,49.56,49.05,49.49,2452.47,121001.4983
2026-01-31 06:00:00,49.49,49.57,48.19,48.39,8817.77,428972.7872
2026-01-31 07:00:00,48.39,48.45,47.7,48.06,9874.16,473367.9969
2026-01-31 08:00:00,48.06,48.3,47.38,47.49,9962.08,476024.8092
2026-01-31 09:00:00,47.49,47.76,46.85,47.06,6745.86,319176.8289
2026-01-31 10:00:00,47.06,47.34,46.71,46.99,4081.33,191959.9746
2026-01-31 11:00:00,46.99,47.44,46.68,46.79,1872.47,88096.2978
2026-01-31 12:00:00,46.79,47.07,46.41,46.69,3401.22,158982.0086
2026-01-31 13:00:00,46.69,46.7,46.23,46.31,3777.94,175295.144
2026-01-31 14:00:00,46.31,46.41,44.35,45.06,34632.22,1566407.1651
2026-01-31 15:00:00,45.06,45.93,44.81,44.94,7496.48,338790.2185
2026-01-31 16:00:00,44.94,45.75,44.55,45.02,13653.66,617834.5232
2026-01-31 17:00:00,45.02,45.1,43.38,44.0,24685.39,1089148.9348
2026-01-31 18:00:00,44.0,44.27,41.15,43.31,45208.65,1934199.6523
2026-01-31 19:00:00,43.31,44.03,42.92,43.17,10332.51,449331.5466
2026-01-31 20:00:00,43.17,43.39,42.51,42.89,10230.68,439852.0983
2026-01-31 21:00:00,42.89,43.65,42.65,43.4,4508.24,194806.2244
2026-01-31 22:00:00,43.4,43.42,43.03,43.28,2459.82,106270.5052
2026-01-31 23:00:00,43.28,44.53,43.09,44.29,10991.07,483393.239
2026-02-01 00:00:00,44.29,45.32,44.18,45.09,8294.34,372980.1051
2026-02-01 01:00:00,45.09,45.72,44.54,45.52,4142.52,187403.086
2026-02-01 02:00:00,45.52,46.68,44.85,46.21,11941.52,549709.4018
2026-02-01 03:00:00,46.21,46.75,45.67,46.11,5269.35,243331.3777
2026-02-01 04:00:00,46.11,46.29,45.54,45.77,7986.38,365654.4349
2026-02-01 05:00:00,45.77,46.11,44.48,44.7,18469.88,833939.3553
2026-02-01 06:00:00,44.7,44.91,44.39,44.58,4785.4,214245.9474
2026-02-01 07:00:00,44.58,45.45,44.42,44.95,6961.46,312465.0984
2026-02-01 08:00:00,44.95,45.22,44.64,44.78,7458.36,334989.9284
2026-02-01 09:00:00,44.78,44.78,44.02,44.63,10834.29,480165.5199
2026-02-01 10:00:00,44.63,44.86,43.92,44.29,6814.58,302029.7187
2026-02-01 11:00:00,44.29,45.19,44.27,44.94,3284.74,146397.1264
2026-02-01 12:00:00,44.94,45.34,44.59,44.86,2817.82,126616.421
2026-02-01 13:00:00,44.86,45.33,44.12,44.25,3396.2,151459.4915
2026-02-01 14:00:00,44.25,44.79,43.37,44.22,15153.74,665917.8537
2026-02-01 15:00:00,44.22,44.24,42.78,43.53,13999.1,607932.0514
2026-02-01 16:00:00,43.53,44.09,42.91,43.5,7005.74,305181.1337
2026-02-01 17:00:00,43.5,43.86,43.12,43.4,2896.63,125968.9063
2026-02-01 18:00:00,43.4,44.37,43.3,43.55,4799.82,210714.0588
2026-02-01 19:00:00,43.55,43.73,42.68,42.9,2963.07,127535.2651
2026-02-01 20:00:00,42.9,43.76,42.64,43.29,6818.76,294584.5637
2026-02-01 21:00:00,43.29,43.41,42.77,43.06,3159.88,135932.0523
2026-02-01 22:00:00,43.06,43.73,42.91,43.45,2657.67,115273.8464
2026-02-01 23:00:00,43.45,44.57,42.07,43.84,23529.14,1013163.6435
2026-02-02 00:00:00,43.84,45.37,43.72,44.68,13399.27,600090.9381
2026-02-02 01:00:00,44.68,45.22,44.01,44.5,4346.77,193996.8742
2026-02-02 02:00:00,44.5,44.65,43.6,43.67,2479.05,109155.1232
2026-02-02 03:00:00,43.67,43.8,42.11,43.79,13925.08,595318.7718
2026-02-02 04:00:00,43.79,44.79,43.0,43.78,4347.18,191431.404
2026-02-02 05:00:00,43.78,43.8,42.59,43.34,3655.5,157671.2656
2026-02-02 06:00:00,43.34,45.06,43.06,44.3,13887.32,615078.1938
2026-02-02 07:00:00,44.3,44.42,43.71,43.81,3293.71,145009.6195
2026-02-02 08:00:00,43.81,44.0,43.52,43.77,1222.58,53497.5088
2026-02-02 09:00:00,43.77,44.0,43.38,43.58,4339.86,189539.4842
2026-02-02 10:00:00,43.58,43.8,43.41,43.53,2039.3,88830.5783
2026-02-02 11:00:00,43.53,43.84,43.45,43.49,1979.81,86320.9948
2026-02-02 12:00:00,43.49,44.12,43.41,44.09,3900.61,170835.4756
2026-02-02 13:00:00,44.09,44.09,43.54,43.95,1773.86,77756.0611
2026-02-02 14:00:00,43.95,45.33,43.62,44.68,8861.57,395318.4128
2026-02-02 15:00:00,44.68,45.63,44.55,44.83,6341.24,285328.7942
2026-02-02 16:00:00,44.83,45.44,44.76,44.85,3223.83,145570.0342
2026-02-02 17:00:00,44.85,45.51,44.75,44.94,1799.52,81195.9539
2026-02-02 18:00:00,44.94,45.16,44.45,44.98,1986.91,89056.0813
2026-02-02 19:00:00,44.98,45.0,44.37,44.43,2089.15,93041.1124
2026-02-02 20:00:00,44.43,44.5,43.9,43.93,3219.9,142152.7235
2026-02-02 21:00:00,43.93,44.24,43.86,44.0,1064.84,46874.1397
2026-02-02 22:00:00,44.0,44.49,43.98,44.43,619.4,27368.9069
2026-02-02 23:00:00,44.43,44.43,43.99,43.99,454.52,20109.3867
2026-02-03 00:00:00,43.99,44.18,43.52,43.77,1847.03,80816.0844
2026-02-03 01:00:00,43.77,43.91,43.3,43.54,2737.91,118988.7994
2026-02-03 02:00:00,43.54,43.59,42.49,42.53,3251.25,139501.7063
2026-02-03 03:00:00,42.53,43.91,42.27,43.83,4677.68,200172.186
2026-02-03 04:00:00,43.83,44.83,43.55,44.52,3431.11,151814.2823
2026-02-03 05:00:00,44.52,44.52,43.64,43.71,2053.34,90313.7368
2026-02-03 06:00:00,43.71,44.31,43.28,44.18,3406.21,148713.5187
2026-02-03 07:00:00,44.18,44.39,43.92,44.2,3103.04,137017.3608
2026-02-03 08:00:00,44.2,44.67,44.03,44.11,1307.47,57995.673
2026-02-03 09:00:00,44.11,44.19,43.26,43.78,3695.06,161565.4946
2026-02-03 10:00:00,43.78,44.08,43.27,43.42,2435.38,106479.9034
2026-02-03 11:00:00,43.42,43.91,43.4,43.68,1547.43,67565.2022
2026-02-03 12:00:00,43.68,44.03,43.49,43.86,2311.75,101131.5399
2026-02-03 13:00:00,43.86,43.98,43.59,43.82,1370.89,60044.2229
2026-02-03 14:00:00,43.82,44.03,42.48,42.5,12492.99,538305.1808
2026-02-03 15:00:00,42.5,43.88,41.89,43.86,14963.3,637381.8638
2026-02-03 16:00:00,43.86,43.87,42.65,42.7,3679.4,158641.3678
2026-02-03 17:00:00,42.7,42.82,41.66,41.66,3584.73,150899.3823
2026-02-03 18:00:00,41.66,41.91,40.18,40.42,17403.18,711514.3936
2026-02-03 19:00:00,40.42,42.5,40.23,42.18,15981.23,664474.956
2026-02-03 20:00:00,42.18,44.56,41.58,44.16,17721.87,771752.4828
2026-02-03 21:00:00,44.16,44.49,43.02,43.11,4618.04,202201.9195
2026-02-03 22:00:00,43.11,43.24,42.05,42.22,7921.39,336172.5115
2026-02-03 23:00:00,42.22,42.22,41.25,41.37,4573.22,190689.4373
2026-02-04 00:00:00,41.37,41.75,41.11,41.53,2009.66,83223.7174
2026-02-04 01:00:00,41.53,42.55,41.53,41.96,3093.75,130338.094
2026-02-04 02:00:00,41.96,41.96,40.8,41.05,3067.88,126619.244
2026-02-04 03:00:00,41.05,42.06,40.65,41.97,4943.39,203779.9311
2026-02-04 04:00:00,41.97,42.19,41.68,41.82,3861.27,161558.4411
2026-02-04 05:00:00,41.82,42.22,41.33,41.53,3675.23,153444.8363
2026-02-04 06:00:00,41.53,42.19,41.5,42.14,1722.68,72170.2846
2026-02-04 07:00:00,42.14,42.51,41.78,42.16,2779.64,117279.6105
2026-02-04 08:00:00,42.16,42.53,41.85,42.44,4822.65,203079.875
2026-02-04 09:00:00,42.44,42.48,42.03,42.4,2254.32,95374.269
2026-02-04 10:00:00,42.4,42.6,42.24,42.43,843.22,35760.0194
2026-02-04 11:00:00,42.43,42.5,41.59,42.15,2573.09,108121.2879
2026-02-04 12:00:00,42.15,42.19,41.79,42.06,1536.24,64513.1937
2026-02-04 13:00:00,42.06,42.15,41.22,41.27,2862.47,119512.5231
2026-02-04 14:00:00,41.27,42.04,40.7,41.3,5236.81,216647.4018
2026-02-04 15:00:00,41.3,42.05,40.5,40.84,7767.88,319842.1641
2026-02-04 16:00:00,40.84,41.45,40.55,41.37,5513.69,225974.8819
2026-02-04 17:00:00,41.37,41.47,40.21,40.58,6232.21,253270.9324
2026-02-04 18:00:00,40.58,41.56,39.82,40.8,9126.13,368781.8224
2026-02-04 19:00:00,40.8,41.79,40.52,41.68,4075.78,167868.6231
2026-02-04 20:00:00,41.68,41.7,40.67,40.78,3177.21,130690.4223
2026-02-04 21:00:00,40.78,41.02,39.85,40.27,2241.04,90137.1685
2026-02-04 22:00:00,40.27,40.91,39.37,39.63,6624.63,264243.8064
2026-02-04 23:00:00,39.63,40.38,39.42,39.51,6693.21,267454.0781
2026-02-05 00:00:00,39.51,39.78,39.1,39.29,2751.8,108286.2408
2026-02-05 01:00:00,39.29,40.2,38.93,40.08,5310.4,210707.1428
2026-02-05 02:00:00,40.08,40.75,39.97,40.06,4229.26,170747.5479
2026-02-05 03:00:00,40.06,40.36,39.56,39.64,5278.27,210659.6339
2026-02-05 04:00:00,39.64,40.38,39.53,39.72,10744.21,428209.5011
2026-02-05 05:00:00,39.72,40.29,39.33,39.87,3836.46,152839.9032
2026-02-05 06:00:00,39.87,39.98,39.32,39.38,2246.31,88931.3595
2026-02-05 07:00:00,39.38,39.95,39.07,39.18,3138.34,123784.2672
2026-02-05 08:00:00,39.18,39.82,39.12,39.68,1131.21,44576.9464
2026-02-05 09:00:00,39.68,40.2,39.4,39.47,1923.27,76756.5359
2026-02-05 10:00:00,39.47,39.65,38.71,38.84,2876.23,112482.4143
2026-02-05 11:00:00,38.84,39.06,37.45,38.12,17097.87,652106.8903
2026-02-05 12:00:00,38.12,38.42,37.7,37.92,4332.48,164809.2199
2026-02-05 13:00:00,37.92,38.22,37.25,37.46,6997.49,263706.1893
2026-02-05 14:00:00,37.46,38.71,37.46,37.99,6376.66,243598.0344
2026-02-05 15:00:00,37.99,38.35,36.18,37.18,27362.52,1016411.795
2026-02-05 16:00:00,37.18,37.92,36.58,36.92,12000.07,447514.6217
2026-02-05 17:00:00,36.92,37.08,35.57,35.83,15371.06,554800.9225
2026-02-05 18:00:00,35.83,36.04,34.97,35.78,7536.95,266792.4473
2026-02-05 19:00:00,35.78,35.82,34.8,34.88,3630.55,127523.5578
2026-02-05 20:00:00,34.88,35.32,33.61,34.13,19999.68,684540.7811
2026-02-05 21:00:00,34.13,35.07,33.64,34.08,11734.59,401993.8173
2026-02-05 22:00:00,34.08,35.39,33.73,35.04,6560.31,226021.5507
2026-02-05 23:00:00,35.04,35.75,33.93,34.03,6690.5,232703.5986
2026-02-06 00:00:00,34.03,34.36,30.82,33.59,102463.78,3297583.4399
2026-02-06 01:00:00,33.59,34.86,33.55,34.85,16743.06,573542.3166
2026-02-06 02:00:00,34.85,35.45,33.99,34.43,20624.33,719639.1913
2026-02-06 03:00:00,34.43,34.65,33.56,34.3,14192.31,483269.6918
2026-02-06 04:00:00,34.3,34.74,33.99,34.48,5159.8,177329.8055
2026-02-06 05:00:00,34.48,35.52,34.46,35.41,6793.87,238506.5545
2026-02-06 06:00:00,35.41,35.85,35.02,35.02,6380.4,226577.8126
2026-02-06 07:00:00,35.02,35.68,34.64,35.18,4791.99,168244.344
2026-02-06 08:00:00,35.18,35.47,34.87,35.04,5205.79,182735.7478
2026-02-06 09:00:00,35.04,36.24,34.68,35.9,14405.6,514499.0819
2026-02-06 10:00:00,35.9,36.48,35.51,36.25,5699.41,205786.4324
2026-02-06 11:00:00,36.25,36.81,36.19,36.65,4093.5,149344.5472
2026-02-06 12:00:00,36.65,36.84,36.13,36.82,6821.32,248216.7665
2026-02-06 13:00:00,36.82,36.88,36.44,36.82,4516.31,165693.3589
2026-02-06 14:00:00,36.82,37.94,36.54,37.65,13386.32,498414.9453
2026-02-06 15:00:00,37.65,38.22,37.29,37.52,8768.51,331118.1049
2026-02-06 16:00:00,37.52,39.71,37.36,38.71,14876.3,577040.3137
2026-02-06 17:00:00,38.71,39.71,38.43,38.71,6820.44,265916.229
2026-02-06 18:00:00,38.71,38.83,37.7,38.09,6704.4,256187.6186
2026-02-06 19:00:00,38.09,38.38,37.84,38.3,2363.58,90116.5402
2026-02-06 20:00:00,38.3,38.63,37.92,37.94,3512.7,134423.436
2026-02-06 21:00:00,37.94,38.19,37.64,38.05,5761.78,218769.4165
2026-02-06 22:00:00,38.05,38.76,38.03,38.61,3519.64,135075.2963
2026-02-06 23:00:00,38.61,38.97,37.63,37.73,1811.06,69422.988
2026-02-07 00:00:00,37.73,38.02,36.85,37.22,8122.39,303159.4386
2026-02-07 01:00:00,37.22,37.47,36.68,37.32,3285.83,121513.5395
2026-02-07 02:00:00,37.32,37.55,37.03,37.38,2635.04,98306.5836
2026-02-07 03:00:00,37.38,37.57,37.11,37.27,3772.16,140733.0877
2026-02-07 04:00:00,37.27,37.6,36.82,36.94,2137.82,79705.3107
2026-02-07 05:00:00,36.94,37.4,36.79,36.9,1276.1,47407.2301
2026-02-07 06:00:00,36.9,37.04,36.03,36.05,5068.26,185722.2248
2026-02-07 07:00:00,36.05,36.26,35.17,35.17,7517.53,268146.2783
2026-02-07 08:00:00,35.17,36.06,35.01,35.94,3813.66,135526.794
2026-02-07 09:00:00,35.94,36.08,35.33,35.42,6007.61,214449.0858
2026-02-07 10:00:00,35.42,35.63,35.19,35.35,2677.87,94903.977
2026-02-07 11:00:00,35.35,35.46,35.17,35.41,2077.97,73339.4642
2026-02-07 12:00:00,35.41,36.4,35.32,36.1,10050.49,361499.3363
2026-02-07 13:00:00,36.1,36.28,35.84,36.13,1410.7,50790.2511
2026-02-07 14:00:00,36.13,36.21,35.71,35.86,1910.97,68687.3035
2026-02-07 15:00:00,35.86,37.05,35.77,36.59,6097.46,221803.2244
2026-02-07 16:00:00,36.59,37.78,36.59,36.78,57018.54,2127133.0959
2026-02-07 17:00:00,36.78,37.09,36.53,36.83,1872.62,69018.1584
2026-02-07 18:00:00,36.83,37.44,36.77,36.96,2060.81,76493.6803
2026-02-07 19:00:00,36.96,37.0,36.61,36.64,1031.75,37996.9145
2026-02-07 20:00:00,36.64,37.18,36.64,37.05,849.08,31366.3723
2026-02-07 21:00:00,37.05,37.23,36.89,36.94,1213.95,44977.0318
2026-02-07 22:00:00,36.94,37.04,36.66,36.75,599.55,22108.6791
2026-02-07 23:00:00,36.75,36.93,36.55,36.81,1809.14,66419.1586
2026-02-08 00:00:00,36.81,36.85,36.41,36.5,2798.78,102315.424
2026-02-08 01:00:00,36.5,36.64,36.41,36.56,573.49,20947.3603
2026-02-08 02:00:00,36.56,36.81,36.24,36.36,1366.51,49946.7566
2026-02-08 03:00:00,36.36,36.53,36.34,36.45,2279.1,83095.5918
2026-02-08 04:00:00,36.45,36.48,36.16,36.37,468.12,17002.9311
2026-02-08 05:00:00,36.37,36.39,36.13,36.19,663.92,24066.5216
2026-02-08 06:00:00,36.19,36.27,35.89,35.96,861.25,31039.0106
2026-02-08 07:00:00,35.96,36.11,35.7,36.03,1423.16,51136.1939
2026-02-08 08:00:00,36.03,36.41,35.75,36.39,3538.04,127278.1617
2026-02-08 09:00:00,36.39,36.5,35.97,36.11,2057.81,74561.7622
2026-02-08 10:00:00,36.11,36.27,35.53,35.77,3378.34,120869.5851
2026-02-08 11:00:00,35.77,36.69,35.76,36.65,2983.93,108690.2299
2026-02-08 12:00:00,36.65,37.05,36.43,36.85,2631.88,96882.1452
2026-02-08 13:00:00,36.85,36.95,36.41,36.71,1620.41,59428.0586
2026-02-08 14:00:00,36.71,37.44,36.71,37.2,4926.79,182603.0434
2026-02-08 15:00:00,37.2,37.2,36.24,36.55,3775.69,138269.1162
2026-02-08 16:00:00,36.55,36.65,35.45,35.66,3824.41,137639.8216
2026-02-08 17:00:00,35.66,36.41,35.66,36.41,933.56,33668.3418
2026-02-08 18:00:00,36.41,37.05,36.29,36.61,3613.45,132712.5185
2026-02-08 19:00:00,36.61,38.19,36.61,37.7,4343.78,163292.2722
2026-02-08 20:00:00,37.7,38.49,37.56,38.03,2482.58,94346.4615
2026-02-08 21:00:00,38.03,38.11,37.18,37.46,2767.07,103967.0853
2026-02-08 22:00:00,37.46,37.65,37.16,37.2,767.12,28722.2345
2026-02-08 23:00:00,37.2,38.2,36.81,37.11,2949.04,109860.9954
2026-02-09 00:00:00,37.11,37.3,36.82,37.14,1112.94,41271.4859
2026-02-09 01:00:00,37.14,37.3,36.54,36.98,3286.26,121372.8821
2026-02-09 02:00:00,36.98,37.47,36.68,37.11,1120.41,41584.1674
2026-02-09 03:00:00,37.11,37.45,36.93,37.3,667.88,24885.5441
2026-02-09 04:00:00,37.3,37.32,36.75,36.82,599.73,22210.6163
2026-02-09 05:00:00,36.82,36.98,36.54,36.86,862.98,31761.6457
2026-02-09 06:00:00,36.86,36.86,36.06,36.38,1454.07,52920.0366
2026-02-09 07:00:00,36.38,36.46,35.95,36.11,963.6,34831.365
2026-02-09 08:00:00,36.11,36.13,35.64,35.92,2201.98,79087.6105
2026-02-09 09:00:00,35.92,36.27,35.58,35.77,2885.57,103798.2754
2026-02-09 10:00:00,35.77,35.77,34.61,34.94,6572.41,230753.0124
2026-02-09 11:00:00,34.94,35.29,34.92,35.0,889.48,31242.2584
2026-02-09 12:00:00,35.0,35.53,35.0,35.51,1390.93,49077.8557
2026-02-09 13:00:00,35.51,35.78,35.07,35.11,1745.49,61847.8551
2026-02-09 14:00:00,35.11,35.89,35.04,35.68,5343.93,188793.3979
2026-02-09 15:00:00,35.68,36.36,35.53,36.07,4006.48,143650.7112
2026-02-09 16:00:00,36.07,36.64,35.9,36.38,2502.22,90899.3414
2026-02-09 17:00:00,36.38,37.01,36.15,36.65,4642.16,170569.0368
2026-02-09 18:00:00,36.65,36.74,36.03,36.34,1399.64,50797.7549
2026-02-09 19:00:00,36.34,36.77,36.31,36.63,1276.68,46676.5455
2026-02-09 20:00:00,36.63,36.67,36.14,36.38,1123.38,40829.3247
2026-02-09 21:00:00,36.38,36.46,35.73,36.36,8529.87,306327.5087
2026-02-09 22:00:00,36.36,36.62,36.25,36.54,1418.92,51787.1679
2026-02-09 23:00:00,36.54,36.69,36.39,36.51,603.38,22042.601
2026-02-10 00:00:00,36.51,36.8,36.48,36.8,1237.57,45307.9076
2026-02-10 01:00:00,36.8,37.21,36.75,37.03,1165.51,43074.9918
2026-02-10 02:00:00,37.03,37.12,36.71,36.81,627.47,23146.4952
2026-02-10 03:00:00,36.81,36.85,35.83,36.15,2321.85,83842.0678
2026-02-10 04:00:00,36.15,36.34,35.92,36.13,346.58,12532.004
2026-02-10 05:00:00,36.13,36.13,35.61,35.78,999.21,35793.9005
2026-02-10 06:00:00,35.78,35.78,35.01,35.11,1686.73,59700.2466
2026-02-10 07:00:00,35.11,35.41,35.09,35.28,1301.19,45897.2317
2026-02-10 08:00:00,35.28,35.69,35.16,35.63,676.72,23991.9301
2026-02-10 09:00:00,35.63,35.81,35.3,35.43,876.01,31134.0956
2026-02-10 10:00:00,35.43,35.54,35.14,35.23,1432.59,50725.6551
2026-02-10 11:00:00,35.23,35.56,35.03,35.12,5899.5,208744.5925
2026-02-10 12:00:00,35.12,35.23,34.79,34.92,3028.03,106037.5183
2026-02-10 13:00:00,34.92,35.08,34.71,34.98,2046.29,71343.7402
2026-02-10 14:00:00,34.98,35.28,34.66,34.96,3366.73,117616.6065
2026-02-10 15:00:00,34.96,35.41,34.75,35.12,1323.86,46481.8075
2026-02-10 16:00:00,35.12,35.35,34.85,35.12,1083.08,38036.1742
2026-02-10 17:00:00,35.12,35.23,34.8,34.96,1068.23,37452.3746
2026-02-10 18:00:00,34.96,35.03,34.25,34.4,8756.07,301898.1775
2026-02-10 19:00:00,34.4,34.71,34.27,34.63,3212.57,110654.3328
2026-02-10 20:00:00,34.63,34.92,34.58,34.84,1484.05,51593.5074
2026-02-10 21:00:00,34.84,34.99,34.61,34.79,1041.97,36259.9451
2026-02-10 22:00:00,34.79,35.22,34.73,34.99,2598.87,90917.0488
2026-02-10 23:00:00,34.99,35.41,34.89,35.2,4166.46,146587.8323
2026-02-11 00:00:00,35.2,35.67,35.15,35.43,3755.57,133385.6212
2026-02-11 01:00:00,35.43,35.92,35.38,35.59,1510.44,53751.4409
2026-02-11 02:00:00,35.59,35.76,35.23,35.26,944.38,33465.5563
2026-02-11 03:00:00,35.26,35.37,34.87,35.02,971.67,34181.3482
2026-02-11 04:00:00,35.02,35.1,34.41,34.58,2379.27,82539.3864
2026-02-11 05:00:00,34.58,34.8,34.15,34.23,2284.03,78904.5855
2026-02-11 06:00:00,34.23,34.45,33.73,33.95,2915.22,99274.3385
2026-02-11 07:00:00,33.95,33.95,33.45,33.47,3250.0,109157.3998
2026-02-11 08:00:00,33.47,33.8,33.38,33.62,1291.55,43367.9297
2026-02-11 09:00:00,33.62,33.79,33.26,33.42,1204.03,40374.0953
2026-02-11 10:00:00,33.42,33.48,32.73,32.91,1940.64,63953.5844
2026-02-11 11:00:00,32.91,33.13,32.83,32.95,1306.04,43044.9041
2026-02-11 12:00:00,32.95,33.06,32.75,33.06,2069.51,68114.6226
2026-02-11 13:00:00,33.06,33.69,32.98,33.41,4397.07,146234.6356
2026-02-11 14:00:00,33.41,34.09,32.71,32.88,6291.94,211106.7966
2026-02-11 15:00:00,32.88,33.2,32.24,32.97,5082.11,166396.9944
2026-02-11 16:00:00,32.97,33.56,32.97,33.28,4766.71,159067.4382
2026-02-11 17:00:00,33.28,34.51,33.18,33.91,5710.26,194718.3164
2026-02-11 18:00:00,33.91,34.75,33.66,34.72,3478.65,119432.1792
2026-02-11 19:00:00,34.72,35.15,34.25,34.52,6943.27,240460.7495
2026-02-11 20:00:00,34.52,34.85,34.16,34.61,4337.23,149518.025
2026-02-11 21:00:00,34.61,34.76,34.26,34.49,1556.53,53761.9499
2026-02-11 22:00:00,34.49,34.57,33.87,34.01,1090.23,37388.896
2026-02-11 23:00:00,34.01,34.02,33.51,33.89,2786.22,93996.6583
2026-02-12 00:00:00,33.89,34.34,33.87,34.15,661.16,22584.3145
2026-02-12 01:00:00,34.15,34.6,34.11,34.3,891.25,30579.6825
2026-02-12 02:00:00,34.3,34.66,34.21,34.52,678.41,23351.5136
2026-02-12 03:00:00,34.52,34.66,34.4,34.44,849.13,29342.0403
2026-02-12 04:00:00,34.44,34.46,34.23,34.3,972.66,33449.5206
2026-02-12 05:00:00,34.3,34.31,33.96,34.28,917.35,31295.9117
2026-02-12 06:00:00,34.28,34.34,34.06,34.07,298.81,10211.644
2026-02-12 07:00:00,34.07,34.33,33.89,34.33,498.21,17020.1548
2026-02-12 08:00:00,34.33,34.46,33.79,33.99,967.11,32960.0271
2026-02-12 09:00:00,33.99,34.37,33.9,34.31,1249.55,42759.6411
2026-02-12 10:00:00,34.31,34.61,34.15,34.59,5042.32,173777.2547
2026-02-12 11:00:00,34.59,35.14,34.44,34.72,3089.73,107483.4579
2026-02-12 12:00:00,34.72,34.81,34.14,34.31,2249.49,77639.3103
2026-02-12 13:00:00,34.31,34.79,34.03,34.79,2574.47,88233.3919
2026-02-12 14:00:00,34.79,34.79,33.99,34.23,2798.16,95779.4903
2026-02-12 15:00:00,34.23,34.88,34.06,34.11,1920.51,66051.7485
2026-02-12 16:00:00,34.11,34.25,33.32,33.61,2344.08,79039.7381
2026-02-12 17:00:00,33.61,33.96,33.28,33.41,955.26,32074.066
2026-02-12 18:00:00,33.41,33.67,33.09,33.52,3064.2,102077.845
2026-02-12 19:00:00,33.52,34.23,33.27,33.82,1971.18,66737.1753
2026-02-12 20:00:00,33.82,33.9,33.16,33.34,855.51,28549.8313
2026-02-12 21:00:00,33.34,33.7,33.34,33.65,1211.75,40669.158
2026-02-12 22:00:00,33.65,34.36,33.57,34.35,809.09,27353.5258
2026-02-12 23:00:00,34.35,34.47,34.05,34.35,1129.18,38639.5203
2026-02-13 00:00:00,34.35,34.48,34.07,34.27,1077.44,36939.2819
2026-02-13 01:00:00,34.27,34.61,34.14,34.37,455.07,15652.9857
2026-02-13 02:00:00,34.37,34.53,34.24,34.43,340.64,11715.719
2026-02-13 03:00:00,34.43,34.51,34.21,34.37,987.16,33972.0758
2026-02-13 04:00:00,34.37,34.41,34.07,34.13,1010.52,34558.3479
2026-02-13 05:00:00,34.13,34.19,33.92,34.07,387.25,13183.9341
2026-02-13 06:00:00,34.07,34.17,33.83,34.13,921.35,31364.7781
2026-02-13 07:00:00,34.13,34.33,34.02,34.18,1251.36,42782.1193
2026-02-13 08:00:00,34.18,34.82,34.09,34.82,1527.88,52841.1838
2026-02-13 09:00:00,34.82,35.02,34.46,34.81,5501.35,191613.1804
2026-02-13 10:00:00,34.81,34.87,34.65,34.76,588.06,20440.0742
2026-02-13 11:00:00,34.76,34.76,34.44,34.68,528.64,18276.0077
2026-02-13 12:00:00,34.68,34.68,34.38,34.5,2261.86,78182.1107
2026-02-13 13:00:00,34.5,34.93,34.42,34.72,2305.6,79959.7546
2026-02-13 14:00:00,34.72,35.27,34.61,35.01,2140.99,74875.1807
2026-02-13 15:00:00,35.01,35.78,34.86,35.5,3302.02,117024.9691
2026-02-13 16:00:00,35.5,37.02,35.5,36.66,7833.68,285196.1875
2026-02-13 17:00:00,36.66,38.51,36.44,37.32,14929.03,561856.8721
2026-02-13 18:00:00,37.32,39.11,37.14,38.89,10070.94,383788.7455
2026-02-13 19:00:00,38.89,38.99,37.8,38.2,5719.91,218208.4417
2026-02-13 20:00:00,38.2,38.27,37.21,37.86,7715.49,290274.8539
2026-02-13 21:00:00,37.86,38.3,37.64,37.99,10136.03,385683.3551
2026-02-13 22:00:00,37.99,38.39,37.42,37.51,6800.25,258144.9492
2026-02-13 23:00:00,37.51,37.68,36.96,37.01,3820.93,142428.9595
2026-02-14 00:00:00,37.01,37.96,36.94,37.58,3586.05,134483.75
2026-02-14 01:00:00,37.58,38.1,37.45,38.08,2444.44,92097.2041
2026-02-14 02:00:00,38.08,38.3,37.45,37.47,3117.47,118422.7878
2026-02-14 03:00:00,37.47,38.24,37.35,38.13,2990.31,113300.2982
2026-02-14 04:00:00,38.13,38.17,37.71,37.72,1174.84,44510.843
2026-02-14 05:00:00,37.72,39.05,37.72,38.51,5519.07,212690.1203
2026-02-14 06:00:00,38.51,39.25,37.87,38.77,7487.63,288513.5633
2026-02-14 07:00:00,38.77,40.51,38.72,39.78,16103.8,641819.7964
2026-02-14 08:00:00,39.78,40.34,39.2,40.17,11163.44,443169.9901
2026-02-14 09:00:00,40.17,40.44,38.76,38.78,11983.2,471509.4062
2026-02-14 10:00:00,38.78,39.03,38.55,38.78,3033.52,117504.7932
2026-02-14 11:00:00,38.78,39.24,38.59,38.64,5747.81,223805.2847
2026-02-14 12:00:00,38.64,39.32,38.29,38.5,10819.86,419938.524
2026-02-14 13:00:00,38.5,38.69,38.08,38.41,4391.4,168493.436
2026-02-14 14:00:00,38.41,38.79,38.34,38.71,2646.32,101960.4445
2026-02-14 15:00:00,38.71,38.96,38.41,38.5,4148.32,160803.4895
2026-02-14 16:00:00,38.5,38.74,38.24,38.72,2280.6,87772.6421
2026-02-14 17:00:00,38.72,38.76,38.39,38.47,1399.73,53991.0956
2026-02-14 18:00:00,38.47,39.49,38.42,39.09,4753.17,185833.4491
2026-02-14 19:00:00,39.09,40.49,39.09,40.13,4939.69,196666.1009
2026-02-14 20:00:00,40.13,40.44,39.62,40.19,5305.0,212329.8461
2026-02-14 21:00:00,40.19,41.52,40.19,40.82,14655.73,601195.016
2026-02-14 22:00:00,40.82,41.48,40.61,40.74,4937.33,202702.6239
2026-02-14 23:00:00,40.74,41.33,40.0,40.09,7483.59,304181.334
2026-02-15 00:00:00,40.09,40.12,39.43,39.95,6420.71,255356.3386
2026-02-15 01:00:00,39.95,40.29,39.33,40.18,4457.26,177539.4632
2026-02-15 02:00:00,40.18,40.52,39.67,40.22,3719.93,148980.1412
2026-02-15 03:00:00,40.22,40.31,39.19,40.07,6966.33,275824.9279
2026-02-15 04:00:00,40.07,40.61,39.77,39.91,4116.46,165443.5342
2026-02-15 05:00:00,39.91,40.8,39.91,40.26,2724.48,109876.8275
2026-02-15 06:00:00,40.26,41.38,40.23,40.93,10192.67,415076.4682
2026-02-15 07:00:00,40.93,41.03,40.46,40.72,3640.19,148158.5454
2026-02-15 08:00:00,40.72,40.93,39.61,39.77,4817.17,193338.6898
2026-02-15 09:00:00,39.77,40.32,39.65,40.14,3420.28,136712.2718
2026-02-15 10:00:00,40.14,40.14,39.37,39.66,4089.72,162057.3735
2026-02-15 11:00:00,39.66,39.92,39.38,39.55,7947.99,314051.9302
2026-02-15 12:00:00,39.55,39.67,38.31,38.33,8237.75,320832.578
2026-02-15 13:00:00,38.33,38.85,37.65,37.89,19231.29,736681.859
2026-02-15 14:00:00,37.89,38.46,37.76,38.27,8343.72,319675.9943
2026-02-15 15:00:00,38.27,38.27,37.74,37.82,1861.04,70706.4706
2026-02-15 16:00:00,37.82,37.82,37.4,37.54,1911.46,71812.1965
2026-02-15 17:00:00,37.54,37.67,36.73,37.03,4498.5,167058.5483
2026-02-15 18:00:00,37.03,37.24,36.7,36.96,2405.39,88990.7743
2026-02-15 19:00:00,36.96,37.2,36.73,36.95,1022.29,37751.0963
2026-02-15 20:00:00,36.95,37.36,36.77,37.17,1578.54,58622.3396
2026-02-15 21:00:00,37.17,37.45,37.16,37.35,857.01,32020.8486
2026-02-15 22:00:00,37.35,37.48,37.17,37.45,1698.51,63355.023
2026-02-15 23:00:00,37.45,37.52,37.13,37.52,2061.94,76966.2267
2026-02-16 00:00:00,37.52,37.92,37.36,37.64,4120.01,155162.6553
2026-02-16 01:00:00,37.64,37.78,37.33,37.38,2552.84,95725.6041
2026-02-16 02:00:00,37.38,37.55,37.07,37.13,2111.32,78787.425
2026-02-16 03:00:00,37.13,37.56,37.13,37.44,272.7,10178.8826
2026-02-16 04:00:00,37.44,37.82,37.44,37.78,748.76,28211.4857
2026-02-16 05:00:00,37.78,37.93,37.18,37.25,1980.78,74360.9905
2026-02-16 06:00:00,37.25,37.43,36.83,37.14,4307.5,159797.8598
2026-02-16 07:00:00,37.14,37.21,36.74,36.89,1471.8,54350.1278
2026-02-16 08:00:00,36.89,37.03,36.74,36.91,694.49,25667.9177
2026-02-16 09:00:00,36.91,37.47,36.91,37.38,1618.16,60321.9296
2026-02-16 10:00:00,37.38,37.57,37.15,37.37,602.9,22534.5241
2026-02-16 11:00:00,37.37,37.46,36.84,37.34,1283.48,47650.7806
2026-02-16 12:00:00,37.34,38.89,37.29,38.63,6433.69,244045.9344
2026-02-16 13:00:00,38.63,39.2,37.63,37.82,8451.75,324748.9776
2026-02-16 14:00:00,37.82,38.14,37.57,37.85,2985.38,112914.2449
2026-02-16 15:00:00,37.85,38.04,36.71,37.11,6867.93,254308.5037
2026-02-16 16:00:00,37.11,37.9,37.08,37.54,2836.44,106559.113
2026-02-16 17:00:00,37.54,38.24,37.54,37.86,6094.28,230787.2492
2026-02-16 18:00:00,37.86,38.23,37.46,37.5,5573.31,210049.0063
2026-02-16 19:00:00,37.5,37.81,37.35,37.61,1723.35,64732.8453
2026-02-16 20:00:00,37.61,37.99,37.47,37.99,735.52,27744.4823
2026-02-16 21:00:00,37.99,38.4,37.93,38.36,7400.74,283019.9101
2026-02-16 22:00:00,38.36,38.39,38.06,38.16,1310.7,50172.1966
2026-02-16 23:00:00,38.16,38.24,37.87,38.09,737.06,28046.3971
2026-02-17 00:00:00,38.09,38.31,37.83,38.07,2698.49,102732.3922
2026-02-17 01:00:00,38.07,38.32,37.95,38.18,749.06,28583.773
2026-02-17 02:00:00,38.18,38.71,38.05,38.53,2118.01,81542.9307
2026-02-17 03:00:00,38.53,38.69,38.21,38.21,935.13,35933.3246
2026-02-17 04:00:00,38.21,38.39,37.79,37.93,1335.19,50746.8837
2026-02-17 05:00:00,37.93,37.93,37.37,37.66,3285.2,123637.3415
2026-02-17 06:00:00,37.66,38.07,37.66,37.86,1016.43,38509.0761
2026-02-17 07:00:00,37.86,38.09,37.77,37.88,487.25,18482.0009
2026-02-17 08:00:00,37.88,38.02,37.52,37.63,717.4,27031.3357
2026-02-17 09:00:00,37.63,37.74,37.37,37.53,1288.92,48423.6656
2026-02-17 10:00:00,37.53,37.58,37.23,37.33,878.87,32861.1164
2026-02-17 11:00:00,37.33,37.94,37.25,37.71,3535.61,133252.6991
2026-02-17 12:00:00,37.71,37.92,37.41,37.42,1721.21,64842.968
2026-02-17 13:00:00,37.42,38.0,37.34,37.83,1278.77,48387.3698
2026-02-17 14:00:00,37.83,37.92,36.53,36.7,3952.1,145954.0823
2026-02-17 15:00:00,36.7,37.26,36.7,37.25,1100.13,40640.2719
2026-02-17 16:00:00,37.25,37.93,37.17,37.42,1548.4,58195.7409
2026-02-17 17:00:00,37.42,37.55,36.85,37.1,735.88,27318.7025
2026-02-17 18:00:00,37.1,37.88,36.99,37.77,499.84,18724.133
2026-02-17 19:00:00,37.77,37.86,37.41,37.43,362.1,13662.4912
2026-02-17 20:00:00,37.43,37.43,36.93,37.17,382.17,14209.8005
2026-02-17 21:00:00,37.17,37.34,36.95,37.18,208.01,7719.7901
2026-02-17 22:00:00,37.18,37.24,36.95,36.95,462.77,17165.7503
2026-02-17 23:00:00,36.95,37.27,36.8,37.26,848.87,31376.8428
2026-02-18 00:00:00,37.26,37.87,37.18,37.39,1026.25,38491.2445
2026-02-18 01:00:00,37.39,37.66,36.97,37.47,2341.39,87454.9576
2026-02-18 02:00:00,37.47,37.96,37.45,37.66,939.53,35475.5803
2026-02-18 03:00:00,37.66,37.89,37.61,37.88,812.14,30663.3832
2026-02-18 04:00:00,37.88,37.94,37.66,37.69,401.46,15153.4729
2026-02-18 05:00:00,37.69,37.85,37.51,37.58,775.72,29238.3538
2026-02-18 06:00:00,37.58,37.71,37.49,37.58,299.05,11240.8848
2026-02-18 07:00:00,37.58,38.28,37.48,38.02,5991.77,228012.3931
2026-02-18 08:00:00,38.02,38.14,37.6,37.75,1514.58,57272.0047
2026-02-18 09:00:00,37.75,37.8,37.55,37.63,4101.7,154291.3849
2026-02-18 10:00:00,37.63,37.76,37.3,37.38,2369.66,89045.9101
2026-02-18 11:00:00,37.38,37.43,37.04,37.2,2315.45,86182.7679
2026-02-18 12:00:00,37.2,37.49,37.18,37.3,652.94,24376.7532
2026-02-18 13:00:00,37.3,37.33,36.8,36.91,777.14,28757.7696
2026-02-18 14:00:00,36.91,37.2,36.73,37.1,1722.96,63687.3447
2026-02-18 15:00:00,37.1,37.66,37.07,37.29,1755.13,65669.2534
2026-02-18 16:00:00,37.29,37.38,36.73,36.81,1026.95,37946.8434
2026-02-18 17:00:00,36.81,37.14,36.61,36.65,992.08,36562.4283
2026-02-18 18:00:00,36.65,36.75,35.88,36.07,8971.16,324011.8699
2026-02-18 19:00:00,36.07,36.27,35.64,35.77,1763.31,63275.9266
2026-02-18 20:00:00,35.77,35.92,35.68,35.7,949.47,33998.7948
2026-02-18 21:00:00,35.7,35.74,35.42,35.51,802.14,28525.1908
2026-02-18 22:00:00,35.51,35.77,35.18,35.52,1408.06,49811.9877
2026-02-18 23:00:00,35.52,35.59,35.35,35.49,632.12,22388.1413
2026-02-19 00:00:00,35.49,35.61,35.3,35.34,753.8,26742.8597
2026-02-19 01:00:00,35.34,35.8,35.34,35.66,857.05,30497.6824
2026-02-19 02:00:00,35.66,35.83,35.61,35.74,151.01,5396.6078
2026-02-19 03:00:00,35.74,35.74,35.48,35.56,405.83,14444.1113
2026-02-19 04:00:00,35.56,35.82,35.56,35.74,272.03,9720.6348
2026-02-19 05:00:00,35.74,35.88,35.48,35.74,816.88,29120.1213
2026-02-19 06:00:00,35.74,36.31,35.74,36.3,1277.55,46055.0446
2026-02-19 07:00:00,36.3,36.3,35.99,36.12,637.63,23003.6454
2026-02-19 08:00:00,36.12,36.22,35.46,35.64,1233.38,44068.1124
2026-02-19 09:00:00,35.64,35.8,35.23,35.3,1592.08,56601.6481
2026-02-19 10:00:00,35.3,35.33,34.86,35.0,1968.21,69064.85
2026-02-19 11:00:00,35.0,35.13,34.92,35.0,357.62,12522.4228
2026-02-19 12:00:00,35.0,35.02,34.43,34.59,1858.92,64464.0988
2026-02-19 13:00:00,34.59,34.59,34.05,34.31,1806.56,61954.3535
2026-02-19 14:00:00,34.31,34.73,34.1,34.47,1209.24,41647.9635
2026-02-19 15:00:00,34.47,34.69,34.23,34.32,1227.93,42298.7706
2026-02-19 16:00:00,34.32,34.53,34.08,34.45,620.01,21289.9629
2026-02-19 17:00:00,34.45,34.86,34.19,34.33,881.91,30584.7419
2026-02-19 18:00:00,34.33,34.76,34.3,34.72,2059.99,71077.8839
2026-02-19 19:00:00,34.72,34.78,34.51,34.73,837.6,29029.4864
2026-02-19 20:00:00,34.73,34.83,34.6,34.79,871.88,30269.4022
2026-02-19 21:00:00,34.79,34.89,34.57,34.58,443.23,15368.5471
2026-02-19 22:00:00,34.58,34.64,34.28,34.45,908.96,31322.4797
2026-02-19 23:00:00,34.45,34.62,34.42,34.5,193.76,6694.7409
2026-02-20 00:00:00,34.5,34.92,34.5,34.78,340.93,11865.9798
2026-02-20 01:00:00,34.78,34.87,34.58,34.72,454.55,15773.7449
2026-02-20 02:00:00,34.72,34.82,34.17,34.22,1227.43,42434.9702
2026-02-20 03:00:00,34.22,34.27,33.75,34.2,2654.24,90327.9484
2026-02-20 04:00:00,34.2,34.28,33.98,34.08,890.51,30414.9535
2026-02-20 05:00:00,34.08,34.43,33.87,34.3,833.21,28496.6213
2026-02-20 06:00:00,34.3,34.31,34.03,34.23,767.65,26209.7663
2026-02-20 07:00:00,34.23,34.24,33.73,33.79,899.19,30598.5238
2026-02-20 08:00:00,33.79,34.17,33.79,34.03,623.83,21187.5882
2026-02-20 09:00:00,34.03,34.26,33.95,33.98,580.77,19792.8364
2026-02-20 10:00:00,33.98,34.14,33.62,33.67,725.85,24576.0523
2026-02-20 11:00:00,33.67,33.75,33.4,33.48,1618.59,54402.8939
2026-02-20 12:00:00,33.48,33.66,33.32,33.49,1737.78,58293.4385
2026-02-20 13:00:00,33.49,33.49,32.88,33.19,3218.34,106480.834
2026-02-20 14:00:00,33.19,33.69,33.16,33.34,1252.83,41843.156
2026-02-20 15:00:00,33.34,33.95,32.74,33.64,4862.61,162426.9056
2026-02-20 16:00:00,33.64,33.86,33.36,33.72,3047.03,102564.6076
2026-02-20 17:00:00,33.72,33.72,32.91,33.58,2435.37,81088.0873
2026-02-20 18:00:00,33.58,33.86,33.51,33.78,2367.06,79680.4065
2026-02-20 19:00:00,33.78,33.85,33.58,33.67,1404.46,47482.1711
2026-02-20 20:00:00,33.67,33.8,33.57,33.75,758.27,25557.0422
2026-02-20 21:00:00,33.75,34.74,33.75,34.47,4032.92,137528.0199
2026-02-20 22:00:00,34.47,35.14,34.47,34.79,1122.28,39089.8482
2026-02-20 23:00:00,34.79,35.38,34.79,35.13,2763.75,97215.9826
2026-02-21 00:00:00,35.13,35.97,34.78,34.84,4954.92,175645.238
2026-02-21 01:00:00,34.84,35.07,34.45,34.81,2839.54,98607.0274
2026-02-21 02:00:00,34.81,35.1,34.77,34.92,1141.33,39893.9853
2026-02-21 03:00:00,34.92,34.92,34.5,34.51,327.41,11351.5112
2026-02-21 04:00:00,34.51,34.65,34.4,34.64,1183.35,40877.317
2026-02-21 05:00:00,34.64,34.82,34.64,34.75,159.59,5541.7238
2026-02-21 06:00:00,34.75,34.78,34.28,34.4,3063.2,105256.3341
2026-02-21 07:00:00,34.4,34.56,34.24,34.29,894.59,30718.554
2026-02-21 08:00:00,34.29,34.74,34.22,34.67,696.93,24005.9715
2026-02-21 09:00:00,34.67,34.99,34.64,34.65,1610.5,56111.8275
2026-02-21 10:00:00,34.65,34.91,34.65,34.82,1146.74,39889.1308
2026-02-21 11:00:00,34.82,34.87,34.54,34.61,1049.33,36396.3905
2026-02-21 12:00:00,34.61,34.77,34.25,34.37,6618.24,227980.5948
2026-02-21 13:00:00,34.37,34.51,34.26,34.5,467.31,16057.774
2026-02-21 14:00:00,34.5,34.91,34.5,34.55,1964.54,68248.3678
2026-02-21 15:00:00,34.55,34.62,34.29,34.45,526.49,18136.1613
2026-02-21 16:00:00,34.45,34.58,34.28,34.51,911.6,31378.9164
2026-02-21 17:00:00,34.51,34.73,34.34,34.34,641.3,22146.2938
2026-02-21 18:00:00,34.34,34.55,34.34,34.52,487.45,16797.146
2026-02-21 19:00:00,34.52,34.54,34.15,34.28,307.55,10575.5116
2026-02-21 20:00:00,34.28,34.4,33.87,33.93,4739.65,161203.765
2026-02-21 21:00:00,33.93,34.28,33.88,34.12,492.43,16805.1867
2026-02-21 22:00:00,34.12,34.15,33.93,33.94,240.43,8183.3543
2026-02-21 23:00:00,33.94,34.03,33.83,33.97,2427.71,82306.6062
2026-02-22 00:00:00,33.97,33.97,33.5,33.76,2481.42,83525.6996
2026-02-22 01:00:00,33.76,33.94,33.68,33.86,1958.15,66377.3814
2026-02-22 02:00:00,33.86,34.02,33.65,33.66,1124.17,37975.1874
2026-02-22 03:00:00,33.66,33.86,33.48,33.84,1001.28,33746.1934
2026-02-22 04:00:00,33.84,34.03,33.81,34.03,619.04,20971.1392
2026-02-22 05:00:00,34.03,34.22,33.71,33.78,1267.64,43059.2708
2026-02-22 06:00:00,33.78,34.0,33.75,33.87,287.59,9750.7343
2026-02-22 07:00:00,33.87,34.45,33.85,34.34,4146.98,142097.842
2026-02-22 08:00:00,34.34,34.51,33.9,34.11,2582.87,88285.8639
2026-02-22 09:00:00,34.11,34.21,33.86,33.94,1182.64,40296.3014
2026-02-22 10:00:00,33.94,34.15,33.9,33.95,695.24,23652.6523
2026-02-22 11:00:00,33.95,34.11,33.74,33.86,1529.84,51836.632
2026-02-22 12:00:00,33.86,33.92,33.4,33.43,3854.09,129505.0852
2026-02-22 13:00:00,33.43,33.51,33.2,33.31,1031.32,34370.8528
2026-02-22 14:00:00,33.31,33.37,33.07,33.14,1540.44,51132.4329
2026-02-22 15:00:00,33.14,33.42,32.93,33.36,1207.37,40108.9684
2026-02-22 16:00:00,33.36,33.36,33.09,33.22,1014.09,33696.9312
2026-02-22 17:00:00,33.22,33.27,32.98,33.13,709.11,23506.3392
2026-02-22 18:00:00,33.13,33.13,32.8,32.93,1337.22,44076.4002
2026-02-22 19:00:00,32.93,33.02,32.79,33.0,922.48,30360.0681
2026-02-22 20:00:00,33.0,33.02,32.6,32.76,1015.09,33237.2173
2026-02-22 21:00:00,32.76,33.0,32.73,32.98,409.87,13471.4099
2026-02-22 22:00:00,32.98,33.2,32.97,33.18,546.94,18107.5525
2026-02-22 23:00:00,33.18,33.26,32.85,33.09,852.76,28222.9114
2026-02-23 00:00:00,33.09,33.16,32.62,32.62,805.65,26458.8902
2026-02-23 01:00:00,32.62,32.64,31.04,31.49,30576.29,973452.7713
2026-02-23 02:00:00,31.49,31.95,31.38,31.76,4153.43,131524.5676
2026-02-23 03:00:00,31.76,32.0,31.69,31.77,1335.1,42500.7854
2026-02-23 04:00:00,31.77,31.8,31.45,31.52,1457.72,46091.0412
2026-02-23 05:00:00,31.52,31.88,31.51,31.81,845.39,26838.9498
2026-02-23 06:00:00,31.81,32.54,31.81,32.51,2129.26,68728.3118
2026-02-23 07:00:00,32.51,32.77,32.4,32.65,1195.13,38921.7508
2026-02-23 08:00:00,32.65,32.68,32.39,32.5,722.48,23495.3962
2026-02-23 09:00:00,32.5,33.39,32.5,33.25,3251.05,107274.3028
2026-02-23 10:00:00,33.25,33.42,32.93,32.96,1435.06,47567.4073
2026-02-23 11:00:00,32.96,33.17,32.96,33.06,849.03,28074.365
2026-02-23 12:00:00,33.06,33.73,32.99,33.29,7786.25,261061.4117
2026-02-23 13:00:00,33.29,33.72,33.25,33.33,1987.46,66544.1578
2026-02-23 14:00:00,33.33,33.54,33.01,33.49,2719.57,90465.3941
2026-02-23 15:00:00,33.49,33.49,32.8,32.91,2251.54,74379.0264
2026-02-23 16:00:00,32.91,32.91,32.36,32.46,925.03,30180.5242
2026-02-23 17:00:00,32.46,32.51,31.94,32.21,7996.13,256603.0626
2026-02-23 18:00:00,32.21,32.51,31.92,31.92,1539.21,49715.2878
2026-02-23 19:00:00,31.92,32.06,31.81,31.85,206.28,6581.3733
2026-02-23 20:00:00,31.85,32.1,31.78,32.1,433.55,13848.9381
2026-02-23 21:00:00,32.1,32.34,32.07,32.3,370.08,11915.2594
2026-02-23 22:00:00,32.3,32.5,32.17,32.22,937.17,30355.7911
2026-02-23 23:00:00,32.22,32.22,31.79,31.89,1290.53,41219.0761
2026-02-24 00:00:00,31.89,32.27,31.89,32.21,492.51,15794.9984
2026-02-24 01:00:00,32.21,32.31,31.49,32.05,1592.58,50787.6968
2026-02-24 02:00:00,32.05,32.17,31.73,31.73,1432.82,45771.4358
2026-02-24 03:00:00,31.73,31.83,31.48,31.71,681.58,21604.6083
2026-02-24 04:00:00,31.71,31.78,31.35,31.57,654.09,20601.8223
2026-02-24 05:00:00,31.57,31.7,31.21,31.47,2654.71,83412.8664
2026-02-24 06:00:00,31.47,31.74,31.39,31.44,378.34,11951.7907
2026-02-24 07:00:00,31.44,31.58,31.37,31.47,921.25,28997.3522
2026-02-24 08:00:00,31.47,31.74,31.27,31.6,672.97,21175.109
2026-02-24 09:00:00,31.6,31.6,31.25,31.47,1584.6,49815.5387
2026-02-24 10:00:00,31.47,31.71,31.38,31.71,5513.6,174423.1262
2026-02-24 11:00:00,31.71,31.8,31.54,31.69,5569.98,176152.4556
2026-02-24 12:00:00,31.69,32.02,31.64,31.84,635.34,20266.7144
2026-02-24 13:00:00,31.84,32.02,31.51,31.92,1377.18,43831.8535
2026-02-24 14:00:00,31.92,32.42,31.6,32.32,1932.63,62060.9942
2026-02-24 15:00:00,32.32,32.73,32.23,32.44,7206.09,234121.9998
2026-02-24 16:00:00,32.44,33.03,32.44,32.95,3862.88,126667.6149
2026-02-24 17:00:00,32.95,33.28,32.81,32.99,1050.34,34688.707
2026-02-24 18:00:00,32.99,33.32,32.86,32.9,1238.09,40897.8666
2026-02-24 19:00:00,32.9,33.17,32.78,32.97,639.13,21119.0133
2026-02-24 20:00:00,32.97,33.02,32.71,32.77,590.85,19423.8955
2026-02-24 21:00:00,32.77,32.77,32.41,32.62,527.75,17182.4838
2026-02-24 22:00:00,32.62,32.75,32.39,32.46,460.05,14950.0562
2026-02-24 23:00:00,32.46,32.49,32.27,32.32,1477.62,47818.115
2026-02-25 00:00:00,32.32,32.56,32.11,32.42,799.8,25844.8844
2026-02-25 01:00:00,32.42,33.92,32.38,33.5,3846.68,128678.8577
2026-02-25 02:00:00,33.5,33.86,33.27,33.33,2135.68,71761.9136
2026-02-25 03:00:00,33.33,33.35,32.85,32.93,1698.16,56162.5709
2026-02-25 04:00:00,32.93,33.24,32.72,33.12,701.31,23090.9811
2026-02-25 05:00:00,33.12,33.2,32.64,32.79,1005.13,33023.546
2026-02-25 06:00:00,32.79,33.13,32.79,32.83,364.42,12017.1444
2026-02-25 07:00:00,32.83,33.15,32.81,33.12,470.82,15517.1749
2026-02-25 08:00:00,33.12,33.45,33.09,33.38,425.46,14163.5202
2026-02-25 09:00:00,33.38,34.0,33.33,33.85,2726.99,92004.0733
2026-02-25 10:00:00,33.85,33.85,33.42,33.51,1172.22,39366.8166
2026-02-25 11:00:00,33.51,33.83,33.4,33.82,976.9,32902.2084
2026-02-25 12:00:00,33.82,34.56,33.8,34.27,1858.44,63681.6164
2026-02-25 13:00:00,34.27,34.29,33.95,34.0,2298.19,78332.543
2026-02-25 14:00:00,34.0,34.54,33.92,34.53,1533.24,52535.6514
2026-02-25 15:00:00,34.53,35.01,34.08,34.73,5168.02,178579.4675
2026-02-25 16:00:00,34.73,35.45,34.73,35.33,3622.2,127253.0817
2026-02-25 17:00:00,35.33,35.44,35.1,35.3,5323.68,187759.425
2026-02-25 18:00:00,35.3,35.86,35.1,35.76,3490.45,123827.4085
2026-02-25 19:00:00,35.76,35.77,35.35,35.59,1411.29,50159.8151
2026-02-25 20:00:00,35.59,35.9,35.45,35.73,1825.62,65173.8941
2026-02-25 21:00:00,35.73,36.09,35.27,35.73,1456.88,52009.9077
2026-02-25 22:00:00,35.73,35.88,35.06,35.39,1075.41,37908.4788
2026-02-25 23:00:00,35.39,35.48,34.37,34.76,4812.12,167157.8688
2026-02-26 00:00:00,34.76,35.1,34.66,34.95,862.88,30083.9392
2026-02-26 01:00:00,34.95,35.44,34.95,35.06,760.69,26781.9992
2026-02-26 02:00:00,35.06,35.71,34.78,35.55,3584.9,125884.5309
2026-02-26 03:00:00,35.55,36.2,35.42,36.05,3177.59,113473.9671
2026-02-26 04:00:00,36.05,36.05,35.42,35.77,1292.54,46097.8362
2026-02-26 05:00:00,35.77,35.86,35.16,35.26,1119.01,39722.7956
2026-02-26 06:00:00,35.26,35.46,35.04,35.25,669.26,23588.965
2026-02-26 07:00:00,35.25,35.26,34.93,35.13,1071.08,37513.5235
2026-02-26 08:00:00,35.13,35.33,35.04,35.1,746.63,26261.999
2026-02-26 09:00:00,35.1,35.66,35.0,35.61,1693.33,59861.9491
2026-02-26 10:00:00,35.61,35.69,35.1,35.15,2055.09,72570.7628
2026-02-26 11:00:00,35.15,35.23,34.87,34.89,679.9,23821.3727
2026-02-26 12:00:00,34.89,35.28,34.84,35.03,529.39,18523.6311
2026-02-26 13:00:00,35.03,35.1,34.85,34.89,245.87,8597.21
2026-02-26 14:00:00,34.89,35.03,34.47,34.76,5415.43,188272.1861
2026-02-26 15:00:00,34.76,34.81,34.28,34.58,2436.93,84086.6749
2026-02-26 16:00:00,34.58,34.64,33.75,33.83,1975.88,67277.4516
2026-02-26 17:00:00,33.83,34.17,33.71,33.8,4334.63,146702.1776
2026-02-26 18:00:00,33.8,34.15,33.65,34.12,1517.65,51671.8589
2026-02-26 19:00:00,34.12,34.51,34.12,34.44,1684.11,58010.7736
2026-02-26 20:00:00,34.44,34.51,34.03,34.11,772.01,26357.0843
2026-02-26 21:00:00,34.11,34.25,34.11,34.13,209.74,7177.117
2026-02-26 22:00:00,34.13,34.24,34.09,34.17,202.58,6926.2074
2026-02-26 23:00:00,34.17,34.33,34.11,34.13,265.99,9114.8615
2026-02-27 00:00:00,34.13,34.18,33.89,33.99,1005.81,34212.225
2026-02-27 01:00:00,33.99,34.22,33.85,34.17,198.6,6749.1284
2026-02-27 02:00:00,34.17,34.34,34.12,34.31,245.28,8404.0137
2026-02-27 03:00:00,34.31,34.78,34.17,34.73,454.22,15697.898
2026-02-27 04:00:00,34.73,35.52,34.69,35.34,2206.01,77788.0872
2026-02-27 05:00:00,35.34,35.7,35.33,35.36,918.49,32626.3229
2026-02-27 06:00:00,35.36,35.42,34.82,34.91,2261.01,79174.1358
2026-02-27 07:00:00,34.91,35.0,34.58,34.99,1607.56,55924.9158
2026-02-27 08:00:00,34.99,35.23,34.93,35.14,880.08,30886.9765
2026-02-27 09:00:00,35.14,35.25,34.79,34.85,466.18,16330.6014
2026-02-27 10:00:00,34.85,34.91,34.27,34.35,2154.26,74520.7203
2026-02-27 11:00:00,34.35,34.67,34.06,34.18,2072.87,71221.9622
2026-02-27 12:00:00,34.18,34.35,33.9,34.04,2561.02,87402.4055
2026-02-27 13:00:00,34.04,34.21,33.69,34.13,1891.14,64157.0181
2026-02-27 14:00:00,34.13,34.15,33.61,33.69,2219.85,74903.5991
2026-02-27 15:00:00,33.69,33.95,33.56,33.73,894.81,30173.4418
2026-02-27 16:00:00,33.73,33.78,33.33,33.38,1861.66,62319.9051
2026-02-27 17:00:00,33.38,33.75,33.09,33.75,2377.32,79499.9261
2026-02-27 18:00:00,33.75,33.8,33.41,33.43,566.81,19015.1096
2026-02-27 19:00:00,33.43,33.45,33.06,33.22,475.36,15788.0402
2026-02-27 20:00:00,33.22,33.44,33.2,33.33,1034.07,34474.0253
2026-02-27 21:00:00,33.33,33.44,32.95,33.02,625.51,20752.0607
2026-02-27 22:00:00,33.02,33.06,32.49,33.02,7050.55,230492.3359
2026-02-27 23:00:00,33.02,33.22,33.02,33.21,688.0,22804.1546
2026-02-28 00:00:00,33.21,33.43,33.2,33.42,416.36,13869.8443
2026-02-28 01:00:00,33.42,33.42,33.04,33.04,316.13,10479.868
2026-02-28 02:00:00,33.04,33.31,32.96,33.28,527.18,17511.1585
2026-02-28 03:00:00,33.28,33.28,32.95,33.07,438.83,14503.1048
2026-02-28 04:00:00,33.07,33.07,32.8,32.94,164.23,5415.6182
2026-02-28 05:00:00,32.94,32.97,32.66,32.75,266.63,8749.3968
2026-02-28 06:00:00,32.75,32.76,30.64,30.79,7124.86,224652.5625
2026-02-28 07:00:00,30.79,31.63,30.58,31.12,3817.94,118779.7525
2026-02-28 08:00:00,31.12,31.14,30.8,30.83,1153.66,35733.1022
2026-02-28 09:00:00,30.83,31.15,30.69,30.94,1194.57,36887.5315
2026-02-28 10:00:00,30.94,31.28,30.75,31.08,3938.38,122472.534
2026-02-28 11:00:00,31.08,31.21,30.85,30.87,1345.99,41839.4639
2026-02-28 12:00:00,30.87,31.11,30.82,30.86,1822.56,56425.0284
2026-02-28 13:00:00,30.86,31.65,30.64,31.63,1937.28,60348.1113
2026-02-28 14:00:00,31.63,32.11,31.49,31.55,15425.31,490557.3765
2026-02-28 15:00:00,31.55,31.86,31.29,31.71,7170.23,227331.7872
2026-02-28 16:00:00,31.71,31.93,31.53,31.93,9332.08,295865.6473
2026-02-28 17:00:00,31.93,31.93,30.84,31.28,34534.26,1078961.3675
2026-02-28 18:00:00,31.28,32.07,31.16,31.79,5429.54,170483.2147
2026-02-28 19:00:00,31.79,32.41,31.63,32.1,1285.44,41187.1067
2026-02-28 20:00:00,32.1,32.9,32.02,32.87,1822.65,59372.7268
2026-02-28 21:00:00,32.87,32.91,32.38,32.53,699.96,22806.2578
2026-02-28 22:00:00,32.53,33.26,32.52,33.01,1741.78,57632.3729
2026-02-28 23:00:00,33.01,33.19,32.78,32.83,941.13,31008.1807
2026-03-01 00:00:00,32.83,33.15,32.68,32.86,697.81,22953.8376
2026-03-01 01:00:00,32.86,34.08,32.5,33.75,3561.45,118898.6318
2026-03-01 02:00:00,33.75,34.49,33.75,34.04,2903.45,99102.5665
2026-03-01 03:00:00,34.04,34.15,33.78,33.88,1039.7,35285.0702
2026-03-01 04:00:00,33.88,33.95,33.42,33.9,5371.35,180723.7312
2026-03-01 05:00:00,33.9,34.16,33.82,33.86,717.35,24340.5502
2026-03-01 06:00:00,33.86,33.86,33.37,33.53,2917.44,97908.5374
2026-03-01 07:00:00,33.53,33.92,33.48,33.8,388.49,13091.3674
2026-03-01 08:00:00,33.8,33.88,32.88,33.03,2284.58,75925.7252
2026-03-01 09:00:00,33.03,33.26,32.81,32.88,923.91,30544.0816
2026-03-01 10:00:00,32.88,33.1,32.74,33.06,652.47,21437.635
2026-03-01 11:00:00,33.06,33.19,32.88,32.89,869.2,28702.9181
2026-03-01 12:00:00,32.89,32.92,32.58,32.62,1243.85,40716.8499
2026-03-01 13:00:00,32.62,33.35,32.37,33.21,4299.84,140380.1018
2026-03-01 14:00:00,33.21,33.41,32.13,32.37,5574.16,182694.9107
2026-03-01 15:00:00,32.37,32.8,32.35,32.54,634.6,20700.9091
2026-03-01 16:00:00,32.54,32.92,32.2,32.36,1111.46,36288.4523
2026-03-01 17:00:00,32.36,32.39,31.83,31.98,1630.25,52342.0165
2026-03-01 18:00:00,31.98,32.46,31.98,32.11,709.8,22839.7362
2026-03-01 19:00:00,32.11,32.11,31.59,31.67,774.58,24605.1088
2026-03-01 20:00:00,31.67,31.67,31.02,31.27,2291.24,71556.2347
2026-03-01 21:00:00,31.27,31.69,31.24,31.65,3389.84,106912.7985
2026-03-01 22:00:00,31.65,32.26,31.57,31.57,2892.22,92267.4823
2026-03-01 23:00:00,31.57,32.04,31.57,31.84,464.98,14802.9627
2026-03-02 00:00:00,31.84,32.63,31.82,32.49,940.57,30444.1861
2026-03-02 01:00:00,32.49,32.72,32.32,32.44,3225.15,104782.7261
2026-03-02 02:00:00,32.44,32.5,32.04,32.13,882.06,28393.2835
2026-03-02 03:00:00,32.13,32.6,31.95,32.46,917.81,29533.4326
2026-03-02 04:00:00,32.46,32.48,32.18,32.26,337.86,10918.3755
2026-03-02 05:00:00,32.26,32.32,32.06,32.07,485.53,15610.341
2026-03-02 06:00:00,32.07,32.07,31.61,31.77,1445.15,45935.6592
2026-03-02 07:00:00,31.77,31.77,31.4,31.65,797.05,25152.7728
2026-03-02 08:00:00,31.65,31.94,31.38,31.93,1749.73,55185.7135
2026-03-02 09:00:00,31.93,32.21,31.92,31.98,1350.78,43312.7549
2026-03-02 10:00:00,31.98,32.07,31.9,31.96,640.02,20450.7423
2026-03-02 11:00:00,31.96,32.01,31.81,31.92,526.91,16800.2392
2026-03-02 12:00:00,31.92,32.06,31.81,31.9,658.62,20989.0322
2026-03-02 13:00:00,31.9,32.04,31.73,31.84,1046.06,33310.8945
2026-03-02 14:00:00,31.84,33.05,31.82,32.9,6761.19,219081.42
2026-03-02 15:00:00,32.9,34.27,32.8,33.88,6693.12,226391.5956
2026-03-02 16:00:00,33.88,35.13,33.88,34.56,7799.87,269132.2525
2026-03-02 17:00:00,34.56,34.96,34.21,34.82,2258.39,78112.9398
2026-03-02 18:00:00,34.82,34.85,34.32,34.68,757.7,26257.3921
2026-03-02 19:00:00,34.68,35.05,34.47,34.85,870.44,30234.212
2026-03-02 20:00:00,34.85,35.1,34.27,34.51,1621.32,55976.1561
2026-03-02 21:00:00,34.51,34.79,34.31,34.69,499.72,17268.9415
2026-03-02 22:00:00,34.69,35.19,34.69,34.85,2793.22,97773.9366
2026-03-02 23:00:00,34.85,34.85,34.42,34.69,2191.4,75697.8576
2026-03-03 00:00:00,34.69,34.91,34.23,34.59,2977.54,102535.1503
2026-03-03 01:00:00,34.59,34.9,34.35,34.39,1022.98,35518.4935
2026-03-03 02:00:00,34.39,34.39,33.91,34.25,2452.12,83621.3087
2026-03-03 03:00:00,34.25,34.29,33.81,33.92,1723.14,58601.4203
2026-03-03 04:00:00,33.92,34.23,33.78,33.87,3001.48,101876.304
2026-03-03 05:00:00,33.87,34.47,33.8,34.02,3202.19,109397.1889
2026-03-03 06:00:00,34.02,34.24,33.83,33.98,1996.16,68055.3789
2026-03-03 07:00:00,33.98,34.2,33.88,33.99,1211.54,41211.0649
2026-03-03 08:00:00,33.99,34.09,33.3,33.34,3081.08,103576.9854
2026-03-03 09:00:00,33.34,33.7,33.06,33.14,4220.34,140476.705
2026-03-03 10:00:00,33.14,33.18,32.94,33.18,1345.66,44477.5303
2026-03-03 11:00:00,33.18,33.31,32.88,33.19,1166.23,38597.9106
2026-03-03 12:00:00,33.19,33.76,33.17,33.43,2979.44,99619.8014
2026-03-03 13:00:00,33.43,33.46,32.86,32.93,1939.47,64089.1586
2026-03-03 14:00:00,32.93,33.27,32.44,32.72,4589.61,149991.4189
2026-03-03 15:00:00,32.72,33.25,32.37,33.02,3142.73,102775.3701
2026-03-03 16:00:00,33.02,33.8,32.79,33.34,2182.46,72766.5869
2026-03-03 17:00:00,33.34,33.72,32.98,33.63,1529.07,50965.0969
2026-03-03 18:00:00,33.63,34.16,33.43,33.9,2463.3,83449.6965
2026-03-03 19:00:00,33.9,34.11,33.73,33.78,1105.62,37485.9276
2026-03-03 20:00:00,33.78,33.79,33.47,33.51,786.77,26414.555
2026-03-03 21:00:00,33.51,33.59,33.15,33.32,1318.04,43987.6777
2026-03-03 22:00:00,33.32,33.89,33.32,33.79,243.57,8183.9462
2026-03-03 23:00:00,33.79,34.33,33.79,34.11,2528.72,86482.9478
2026-03-04 00:00:00,34.11,34.74,34.11,34.51,3316.83,114615.6968
2026-03-04 01:00:00,34.51,34.69,34.23,34.44,3781.63,129980.4496
2026-03-04 02:00:00,34.44,34.46,34.02,34.35,1244.81,42572.6179
2026-03-04 03:00:00,34.35,34.56,33.6,33.82,3312.03,112431.6101
2026-03-04 04:00:00,33.82,34.02,33.69,34.02,970.29,32864.4882
2026-03-04 05:00:00,34.02,34.02,33.57,33.96,2324.99,78741.5437
2026-03-04 06:00:00,33.96,34.22,33.76,34.07,965.85,32779.7611
2026-03-04 07:00:00,34.07,34.89,34.0,34.58,1091.95,37682.2642
2026-03-04 08:00:00,34.58,35.41,34.22,35.27,6757.21,236573.8854
2026-03-04 09:00:00,35.27,35.8,35.13,35.37,3840.64,136381.0614
2026-03-04 10:00:00,35.37,35.42,34.68,34.75,3539.24,124367.5382
2026-03-04 11:00:00,34.75,35.01,34.46,34.75,2082.09,72352.8246
2026-03-04 12:00:00,34.75,34.88,34.45,34.86,2278.74,78990.7833
2026-03-04 13:00:00,34.86,35.5,34.86,35.41,3563.06,125460.2274
2026-03-04 14:00:00,35.41,35.71,34.56,34.85,4236.98,148708.3162
2026-03-04 15:00:00,34.85,36.0,34.85,35.95,3787.69,134132.6682
2026-03-04 16:00:00,35.95,36.23,35.19,35.42,5540.42,198450.1426
2026-03-04 17:00:00,35.42,35.59,35.09,35.29,1644.8,58044.3114
2026-03-04 18:00:00,35.29,35.71,35.08,35.66,2474.12,87422.3173
2026-03-04 19:00:00,35.66,36.07,35.46,35.99,2736.83,97939.0277
2026-03-04 20:00:00,35.99,36.25,35.69,35.69,1139.74,41090.3305
2026-03-04 21:00:00,35.69,35.69,35.36,35.46,2244.75,79701.5447
2026-03-04 22:00:00,35.46,35.61,35.08,35.11,1710.99,60369.7981
2026-03-04 23:00:00,35.11,35.24,34.72,35.05,3221.44,112781.3515
2026-03-05 00:00:00,35.05,35.29,34.78,35.14,740.46,25954.6643
2026-03-05 01:00:00,35.14,35.37,34.61,34.7,2515.03,87486.1509
2026-03-05 02:00:00,34.7,35.1,34.7,34.96,1339.51,46794.1525
2026-03-05 03:00:00,34.96,34.97,34.68,34.8,328.99,11441.7559
2026-03-05 04:00:00,34.8,34.9,34.57,34.79,1062.08,36936.0611
2026-03-05 05:00:00,34.79,34.87,34.43,34.55,499.62,17262.3063
2026-03-05 06:00:00,34.55,34.67,34.22,34.55,891.48,30717.7473
2026-03-05 07:00:00,34.55,34.78,34.4,34.47,743.83,25741.4323
2026-03-05 08:00:00,34.47,34.74,34.32,34.74,1273.63,43971.6107
2026-03-05 09:00:00,34.74,35.01,34.73,34.9,1437.83,50160.4506
2026-03-05 10:00:00,34.9,35.34,34.74,35.21,2237.46,78544.2464
2026-03-05 11:00:00,35.21,35.23,34.54,34.73,5824.41,203341.1567
2026-03-05 12:00:00,34.73,35.08,34.59,35.0,854.23,29694.9825
2026-03-05 13:00:00,35.0,35.01,34.4,34.64,3105.67,107653.5831
2026-03-05 14:00:00,34.64,35.24,34.62,35.24,2030.94,70889.3648
2026-03-05 15:00:00,35.24,35.24,34.27,34.39,3597.14,124602.3731
2026-03-05 16:00:00,34.39,34.39,33.68,34.15,3757.44,127694.1719
2026-03-05 17:00:00,34.15,34.37,33.76,33.77,1201.56,40876.8538
2026-03-05 18:00:00,33.77,34.25,33.71,34.21,737.55,25036.4803
2026-03-05 19:00:00,34.21,34.66,34.18,34.34,701.35,24184.7891
2026-03-05 20:00:00,34.34,34.83,34.34,34.6,986.29,34187.2787
2026-03-05 21:00:00,34.6,34.83,34.36,34.45,1601.49,55362.104
2026-03-05 22:00:00,34.45,34.51,34.32,34.5,338.85,11642.7801
2026-03-05 23:00:00,34.5,34.56,34.24,34.28,151.34,5201.9396
2026-03-06 00:00:00,34.28,34.47,34.22,34.3,621.89,21353.2946
2026-03-06 01:00:00,34.3,34.74,34.07,34.67,658.7,22672.7307
2026-03-06 02:00:00,34.67,34.74,34.5,34.6,693.11,24003.6067
2026-03-06 03:00:00,34.6,34.71,34.39,34.58,187.82,6490.3222
2026-03-06 04:00:00,34.58,34.58,34.14,34.31,365.83,12560.9735
2026-03-06 05:00:00,34.31,34.38,33.98,34.23,1916.75,65405.0611
2026-03-06 06:00:00,34.23,34.36,34.13,34.25,154.11,5273.751
2026-03-06 07:00:00,34.25,34.41,34.17,34.36,1700.92,58309.0233
2026-03-06 08:00:00,34.36,34.36,34.16,34.16,298.98,10233.5871
2026-03-06 09:00:00,34.16,34.18,33.76,34.0,834.47,28282.2327
2026-03-06 10:00:00,34.0,34.21,33.98,34.07,388.0,13236.0798
2026-03-06 11:00:00,34.07,34.07,33.66,33.71,1320.07,44560.4118
2026-03-06 12:00:00,33.71,33.74,33.42,33.6,480.8,16160.9505
2026-03-06 13:00:00,33.6,33.87,32.99,33.03,6047.02,202647.1036
2026-03-06 14:00:00,33.03,33.17,32.3,32.47,4918.19,160607.8551
2026-03-06 15:00:00,32.47,32.8,32.32,32.48,1678.64,54742.9354
2026-03-06 16:00:00,32.48,32.74,32.41,32.41,657.19,21403.3461
2026-03-06 17:00:00,32.41,32.5,32.1,32.34,474.58,15295.2406
2026-03-06 18:00:00,32.34,32.56,32.32,32.52,650.51,21117.2154
2026-03-06 19:00:00,32.52,32.73,32.4,32.4,535.48,17449.6367
2026-03-06 20:00:00,32.4,32.57,32.31,32.53,513.85,16682.7881
2026-03-06 21:00:00,32.53,32.6,32.45,32.6,132.16,4298.2058
2026-03-06 22:00:00,32.6,32.66,32.52,32.66,625.82,20422.8885
2026-03-06 23:00:00,32.66,32.67,32.43,32.45,222.06,7229.7242
2026-03-07 00:00:00,32.45,32.45,32.25,32.25,107.41,3477.6128
2026-03-07 01:00:00,32.25,32.33,32.2,32.25,53.8,1735.1859
2026-03-07 02:00:00,32.25,32.25,32.07,32.2,51.11,1641.6778
2026-03-07 03:00:00,32.2,32.44,32.2,32.2,240.38,7783.2788
2026-03-07 04:00:00,32.2,32.32,31.98,32.15,367.35,11794.5683
2026-03-07 05:00:00,32.15,32.39,32.15,32.39,251.93,8154.1037
2026-03-07 06:00:00,32.39,32.39,32.11,32.16,748.84,24130.9326
2026-03-07 07:00:00,32.16,32.39,32.09,32.39,194.63,6279.3438
2026-03-07 08:00:00,32.39,32.59,32.36,32.36,556.6,18096.7339
2026-03-07 09:00:00,32.36,32.81,32.36,32.68,639.8,20883.6255
2026-03-07 10:00:00,32.68,32.83,32.67,32.74,454.69,14906.1433
2026-03-07 11:00:00,32.74,32.77,32.52,32.62,198.33,6474.0409
2026-03-07 12:00:00,32.62,32.71,32.54,32.54,187.06,6105.4779
2026-03-07 13:00:00,32.54,32.8,32.54,32.69,613.48,20029.7105
2026-03-07 14:00:00,32.69,32.69,32.29,32.5,1196.81,38796.032
2026-03-07 15:00:00,32.5,32.52,32.26,32.45,2076.51,67322.3111
2026-03-07 16:00:00,32.45,32.53,32.41,32.48,99.13,3215.5567
2026-03-07 17:00:00,32.48,32.64,32.48,32.51,461.3,15022.4894
2026-03-07 18:00:00,32.51,32.51,32.14,32.23,1879.91,60728.3973
2026-03-07 19:00:00,32.23,32.25,31.66,31.8,3158.32,101144.5147
2026-03-07 20:00:00,31.8,32.12,31.8,32.07,334.48,10694.4877
2026-03-07 21:00:00,32.07,32.09,31.82,31.93,189.61,6053.0277
2026-03-07 22:00:00,31.93,32.01,31.56,31.7,291.46,9252.1327
2026-03-07 23:00:00,31.7,31.83,31.7,31.78,164.54,5227.0179
2026-03-08 00:00:00,31.78,31.83,31.5,31.62,1069.42,33732.7012
2026-03-08 01:00:00,31.62,31.67,31.47,31.59,533.33,16849.3308
2026-03-08 02:00:00,31.59,31.64,31.17,31.2,959.58,30164.2628
2026-03-08 03:00:00,31.2,31.31,31.08,31.23,825.51,25741.3322
2026-03-08 04:00:00,31.23,31.36,31.02,31.18,466.73,14553.0795
2026-03-08 05:00:00,31.18,31.43,31.17,31.31,289.08,9031.2206
2026-03-08 06:00:00,31.31,31.31,31.09,31.27,462.23,14441.4634
2026-03-08 07:00:00,31.27,31.48,31.24,31.27,127.85,4010.2438
2026-03-08 08:00:00,31.27,31.27,30.99,31.21,162.88,5060.2666
2026-03-08 09:00:00,31.21,31.37,31.13,31.32,319.31,10004.9235
2026-03-08 10:00:00,31.32,31.76,31.3,31.59,987.11,31166.7877
2026-03-08 11:00:00,31.59,31.59,31.23,31.36,510.62,16011.2312
2026-03-08 12:00:00,31.36,31.41,30.92,31.21,1560.66,48719.2616
2026-03-08 13:00:00,31.21,31.24,30.81,31.03,854.46,26492.5802
2026-03-08 14:00:00,31.03,31.16,30.89,30.94,279.63,8694.6752
2026-03-08 15:00:00,30.94,30.98,30.67,30.8,253.33,7792.731
2026-03-08 16:00:00,30.8,30.87,30.45,30.54,985.64,30170.6124
2026-03-08 17:00:00,30.54,30.9,30.54,30.78,241.15,7420.3605
2026-03-08 18:00:00,30.78,30.78,30.59,30.66,119.48,3665.8171
2026-03-08 19:00:00,30.66,31.21,30.62,31.06,864.65,26857.8265
2026-03-08 20:00:00,31.06,31.21,30.89,30.99,449.29,13903.8545
2026-03-08 21:00:00,30.99,31.05,30.67,31.03,2472.21,76229.9095
2026-03-08 22:00:00,31.03,31.03,30.06,30.62,5796.64,176207.0769
2026-03-08 23:00:00,30.62,30.75,30.32,30.36,2402.89,73553.6999
2026-03-09 00:00:00,30.36,30.93,30.33,30.58,580.17,17776.024
2026-03-09 01:00:00,30.58,30.66,30.37,30.39,1334.37,40764.8577
2026-03-09 02:00:00,30.39,30.73,30.13,30.6,3694.97,112984.0466
2026-03-09 03:00:00,30.6,31.2,30.58,30.84,5413.54,167275.0721
2026-03-09 04:00:00,30.84,31.33,30.77,31.11,4059.35,126258.9739
2026-03-09 05:00:00,31.11,32.03,31.11,31.82,4791.07,151964.9122
2026-03-09 06:00:00,31.82,32.0,31.53,31.58,1298.8,41223.7968
2026-03-09 07:00:00,31.58,31.77,31.1,31.67,1515.52,47685.3071
2026-03-09 08:00:00,31.67,32.02,31.53,31.87,801.51,25533.8775
2026-03-09 09:00:00,31.87,32.3,31.8,31.98,1870.29,59805.1487
2026-03-09 10:00:00,31.98,32.04,31.6,31.64,450.31,14318.7005
2026-03-09 11:00:00,31.64,31.7,31.36,31.64,1003.9,31702.9818
2026-03-09 12:00:00,31.64,32.15,31.64,31.99,1280.83,40985.3845
2026-03-09 13:00:00,31.99,32.57,31.97,32.56,1369.66,44335.9793
2026-03-09 14:00:00,32.56,32.66,32.18,32.34,3432.65,111282.8326
2026-03-09 15:00:00,32.34,32.49,32.03,32.19,1012.02,32599.627
2026-03-09 16:00:00,32.19,32.37,32.06,32.09,2329.42,74985.1315
2026-03-09 17:00:00,32.09,32.26,31.98,32.12,2586.38,83182.3693
2026-03-09 18:00:00,32.12,32.31,31.92,32.15,1574.95,50692.0262
2026-03-09 19:00:00,32.15,32.9,32.15,32.43,1804.27,58854.7088
2026-03-09 20:00:00,32.43,32.51,32.27,32.43,565.42,18298.2453
2026-03-09 21:00:00,32.43,32.59,32.33,32.43,460.18,14922.9091
2026-03-09 22:00:00,32.43,32.47,32.06,32.06,103.84,3354.4934
2026-03-09 23:00:00,32.06,32.15,31.93,32.08,729.01,23346.9207
2026-03-10 00:00:00,32.08,32.61,32.02,32.43,984.3,31954.1516
2026-03-10 01:00:00,32.43,32.59,32.26,32.48,488.2,15869.5259
2026-03-10 02:00:00,32.48,33.33,32.4,33.13,2039.74,67240.6606
2026-03-10 03:00:00,33.13,33.46,32.67,32.75,1442.99,47767.556
2026-03-10 04:00:00,32.75,33.17,32.75,33.09,711.61,23443.048
2026-03-10 05:00:00,33.09,33.15,32.7,32.76,1520.85,49956.1611
2026-03-10 06:00:00,32.76,32.79,32.5,32.69,1598.63,52209.8461
2026-03-10 07:00:00,32.69,32.88,32.59,32.85,830.41,27182.602
2026-03-10 08:00:00,32.85,33.13,32.74,32.79,2038.92,67109.964
2026-03-10 09:00:00,32.79,33.27,32.79,33.12,664.35,21971.7709
2026-03-10 10:00:00,33.12,33.37,32.86,33.17,1752.19,57929.2577
2026-03-10 11:00:00,33.17,33.21,33.02,33.12,1035.52,34295.9041
2026-03-10 12:00:00,33.12,33.18,32.84,32.99,1995.92,65887.6083
2026-03-10 13:00:00,32.99,33.2,32.31,32.55,2918.69,95615.0939
2026-03-10 14:00:00,32.55,33.37,32.36,33.36,1950.75,64304.189
2026-03-10 15:00:00,33.36,33.43,32.93,33.17,1723.24,57060.8421
2026-03-10 16:00:00,33.17,33.38,32.95,32.95,1232.73,40998.4792
2026-03-10 17:00:00,32.95,33.0,32.59,32.67,2494.47,81813.7564
2026-03-10 18:00:00,32.67,32.7,32.32,32.42,1105.26,35987.7272
2026-03-10 19:00:00,32.42,32.5,32.12,32.28,428.99,13885.6931
2026-03-10 20:00:00,32.28,32.62,32.28,32.56,555.59,18017.845
2026-03-10 21:00:00,32.56,32.67,32.12,32.16,112.52,3637.417
2026-03-10 22:00:00,32.16,32.27,32.03,32.22,1044.54,33535.4769
2026-03-10 23:00:00,32.22,32.34,32.22,32.31,188.5,6087.6364
2026-03-11 00:00:00,32.31,32.33,32.07,32.3,118.46,3814.103
2026-03-11 01:00:00,32.3,32.31,32.15,32.2,142.63,4597.2341
2026-03-11 02:00:00,32.2,32.21,31.82,31.99,651.46,20833.5913
2026-03-11 03:00:00,31.99,32.12,31.86,31.94,240.96,7704.532
2026-03-11 04:00:00,31.94,32.18,31.85,32.16,241.43,7743.2183
2026-03-11 05:00:00,32.16,32.17,31.63,31.76,725.33,23042.133
2026-03-11 06:00:00,31.76,32.12,31.75,32.06,3281.07,104765.8652
2026-03-11 07:00:00,32.06,32.06,31.83,31.93,420.7,13433.0893
2026-03-11 08:00:00,31.93,32.11,31.87,31.97,351.55,11242.447
2026-03-11 09:00:00,31.97,32.08,31.9,31.91,1472.64,47097.6858
2026-03-11 10:00:00,31.91,32.05,31.89,31.94,1297.89,41496.0398
2026-03-11 11:00:00,31.94,31.96,31.68,31.69,1815.16,57710.4941
2026-03-11 12:00:00,31.69,32.13,31.63,31.95,2523.33,80603.2659
2026-03-11 13:00:00,31.95,32.67,31.95,32.3,2376.46,76645.1993
2026-03-11 14:00:00,32.3,32.58,32.19,32.3,1019.84,33019.5987
2026-03-11 15:00:00,32.3,32.37,31.95,32.22,1317.73,42291.5668
2026-03-11 16:00:00,32.22,32.23,31.99,32.2,944.41,30308.2136
2026-03-11 17:00:00,32.2,32.53,32.2,32.49,833.54,27002.4933
2026-03-11 18:00:00,32.49,32.61,32.43,32.59,673.58,21886.9349
2026-03-11 19:00:00,32.59,32.59,32.46,32.5,798.41,25986.8762
2026-03-11 20:00:00,32.5,32.52,32.29,32.35,107.04,3467.6972
2026-03-11 21:00:00,32.35,32.54,32.3,32.54,127.65,4137.7659
2026-03-11 22:00:00,32.54,32.75,32.54,32.57,316.05,10320.1075
2026-03-11 23:00:00,32.57,32.63,32.38,32.39,1577.3,51260.635
2026-03-12 00:00:00,32.39,32.75,32.39,32.61,347.41,11325.8243
2026-03-12 01:00:00,32.61,32.63,32.23,32.31,1003.17,32435.429
2026-03-12 02:00:00,32.31,32.44,32.04,32.1,1350.82,43554.43
2026-03-12 03:00:00,32.1,32.31,32.0,32.07,172.85,5556.8788
2026-03-12 04:00:00,32.07,32.21,31.96,32.03,333.88,10703.8436
2026-03-12 05:00:00,32.03,32.11,31.87,32.03,1127.87,36079.9105
2026-03-12 06:00:00,32.03,32.07,31.91,32.03,775.6,24788.8755
2026-03-12 07:00:00,32.03,32.33,32.02,32.31,299.25,9641.2642
2026-03-12 08:00:00,32.31,32.45,32.21,32.42,611.51,19778.9475
2026-03-12 09:00:00,32.42,32.66,32.21,32.62,699.64,22723.4525
2026-03-12 10:00:00,32.62,32.95,32.54,32.84,882.84,28913.6548
2026-03-12 11:00:00,32.84,32.84,32.46,32.58,778.58,25390.0076
2026-03-12 12:00:00,32.58,32.76,32.42,32.71,595.38,19419.324
2026-03-12 13:00:00,32.71,32.93,32.43,32.57,1248.99,40947.3591
2026-03-12 14:00:00,32.57,32.76,31.99,32.2,1807.13,58313.7842
2026-03-12 15:00:00,32.2,32.67,32.2,32.65,1324.96,43056.9267
2026-03-12 16:00:00,32.65,32.88,32.45,32.7,1314.92,42819.1507
2026-03-12 17:00:00,32.7,32.81,32.55,32.67,200.67,6562.6785
2026-03-12 18:00:00,32.67,32.73,32.43,32.56,232.52,7567.7458
2026-03-12 19:00:00,32.56,32.74,32.51,32.71,227.65,7440.3513
2026-03-12 20:00:00,32.71,32.71,32.4,32.42,106.0,3447.7567
2026-03-12 21:00:00,32.42,32.64,32.42,32.64,296.63,9658.3605
2026-03-12 22:00:00,32.64,32.8,32.48,32.58,730.43,23782.6222
2026-03-12 23:00:00,32.58,32.9,32.58,32.82,309.33,10119.4983
2026-03-13 00:00:00,32.82,33.54,32.75,33.17,1267.45,42029.3568
2026-03-13 01:00:00,33.17,33.37,33.08,33.37,566.75,18860.4068
2026-03-13 02:00:00,33.37,33.44,33.12,33.25,1255.61,41787.6517
2026-03-13 03:00:00,33.25,33.73,33.2,33.67,1741.4,58226.214
2026-03-13 04:00:00,33.67,33.78,33.44,33.53,854.8,28731.3306
2026-03-13 05:00:00,33.53,33.7,33.43,33.63,920.81,30890.5116
2026-03-13 06:00:00,33.63,33.65,33.29,33.43,1049.28,35068.9363
2026-03-13 07:00:00,33.43,33.48,33.15,33.25,617.17,20558.6678
2026-03-13 08:00:00,33.25,33.45,33.02,33.21,762.0,25374.5614
2026-03-13 09:00:00,33.21,33.5,33.13,33.47,504.7,16824.7512
2026-03-13 10:00:00,33.47,33.61,33.37,33.44,534.78,17920.7151
2026-03-13 11:00:00,33.44,33.48,33.23,33.34,764.03,25440.2125
2026-03-13 12:00:00,33.34,33.93,33.33,33.8,2152.08,72451.4577
2026-03-13 13:00:00,33.8,34.16,33.69,33.95,2243.27,76136.3671
2026-03-13 14:00:00,33.95,34.1,32.92,32.96,3710.63,124455.97
2026-03-13 15:00:00,32.96,33.27,32.88,32.99,2885.15,95415.456
2026-03-13 16:00:00,32.99,33.22,32.75,33.01,2010.97,66249.278
2026-03-13 17:00:00,33.01,33.18,32.62,32.72,894.93,29369.8159
2026-03-13 18:00:00,32.72,32.81,32.46,32.67,464.26,15132.4127
2026-03-13 19:00:00,32.67,32.67,32.47,32.5,132.75,4320.6573
2026-03-13 20:00:00,32.5,32.65,32.39,32.61,528.64,17194.4361
2026-03-13 21:00:00,32.61,32.73,32.25,32.39,349.49,11311.4337
2026-03-13 22:00:00,32.39,32.39,32.07,32.21,237.12,7634.0863
2026-03-13 23:00:00,32.21,32.38,32.17,32.31,160.9,5190.4781
2026-03-14 00:00:00,32.31,32.45,32.2,32.2,755.51,24433.4729
2026-03-14 01:00:00,32.2,32.56,32.2,32.54,308.39,9992.7973
2026-03-14 02:00:00,32.54,32.61,32.46,32.52,413.68,13476.4437
2026-03-14 03:00:00,32.52,32.87,32.51,32.82,156.21,5113.5839
2026-03-14 04:00:00,32.82,33.3,32.74,33.06,4418.02,145813.031
2026-03-14 05:00:00,33.06,33.1,32.75,32.79,516.85,16962.6493
2026-03-14 06:00:00,32.79,32.79,32.24,32.47,2996.85,97210.1342
2026-03-14 07:00:00,32.47,32.6,32.36,32.45,279.73,9080.5828
2026-03-14 08:00:00,32.45,32.53,32.25,32.3,1273.62,41166.4544
2026-03-14 09:00:00,32.3,32.4,32.2,32.32,288.24,9317.7743
2026-03-14 10:00:00,32.32,32.32,32.17,32.3,84.82,2735.2486
2026-03-14 11:00:00,32.3,32.62,32.25,32.58,265.4,8624.3076
2026-03-14 12:00:00,32.58,32.63,32.42,32.5,443.82,14449.3485
2026-03-14 13:00:00,32.5,32.72,32.49,32.54,155.92,5085.7176
2026-03-14 14:00:00,32.54,32.59,32.25,32.31,981.18,31797.6042
2026-03-14 15:00:00,32.31,32.4,32.25,32.39,272.48,8811.0177
2026-03-14 16:00:00,32.39,32.61,32.35,32.53,83.54,2718.3249
2026-03-14 17:00:00,32.53,32.56,32.41,32.43,83.54,2716.2542
2026-03-14 18:00:00,32.43,32.52,32.38,32.46,35.42,1149.1073
2026-03-14 19:00:00,32.46,32.46,32.26,32.34,159.29,5149.6639
2026-03-14 20:00:00,32.34,32.41,32.26,32.31,84.93,2743.6786
2026-03-14 21:00:00,32.31,32.42,32.22,32.39,66.4,2141.961
2026-03-14 22:00:00,32.39,32.49,32.33,32.35,50.32,1631.6274
2026-03-14 23:00:00,32.35,32.63,32.34,32.63,377.12,12231.9476
2026-03-15 00:00:00,32.63,32.66,32.32,32.41,253.34,8231.1123
2026-03-15 01:00:00,32.41,32.54,32.4,32.54,69.82,2266.186
2026-03-15 02:00:00,32.54,33.0,32.54,32.91,330.15,10827.258
2026-03-15 03:00:00,32.91,32.98,32.7,32.8,691.5,22718.5137
2026-03-15 04:00:00,32.8,33.15,32.67,33.12,1087.47,35853.7534
2026-03-15 05:00:00,33.12,33.96,33.12,33.58,5130.91,171787.0736
2026-03-15 06:00:00,33.58,34.03,33.47,33.5,970.56,32791.9834
2026-03-15 07:00:00,33.5,33.64,33.34,33.63,844.32,28254.1681
2026-03-15 08:00:00,33.63,33.86,33.57,33.65,696.12,23500.9611
2026-03-15 09:00:00,33.65,33.81,33.33,33.37,979.55,32839.5881
2026-03-15 10:00:00,33.37,33.38,33.24,33.29,1198.79,39908.6909
2026-03-15 11:00:00,33.29,33.57,33.26,33.53,247.72,8277.2033
2026-03-15 12:00:00,33.53,33.8,33.37,33.43,851.11,28558.9057
2026-03-15 13:00:00,33.43,33.53,32.96,33.29,1101.39,36570.892
2026-03-15 14:00:00,33.29,33.48,33.15,33.37,1223.14,40758.8813
2026-03-15 15:00:00,33.37,33.63,33.33,33.36,452.83,15130.2944
2026-03-15 16:00:00,33.36,33.49,33.24,33.34,812.06,27102.8948
2026-03-15 17:00:00,33.34,33.73,33.25,33.61,763.07,25571.6657
2026-03-15 18:00:00,33.61,33.7,33.24,33.27,345.88,11593.9247
2026-03-15 19:00:00,33.27,33.39,33.22,33.31,499.97,16648.5668
2026-03-15 20:00:00,33.31,33.46,33.13,33.32,388.21,12927.3542
2026-03-15 21:00:00,33.32,34.11,33.25,33.98,2393.53,80988.443
2026-03-15 22:00:00,33.98,34.09,33.55,33.94,1587.73,53716.316
2026-03-15 23:00:00,33.94,34.1,33.56,33.79,614.47,20780.6227
2026-03-16 00:00:00,33.79,33.98,33.62,33.82,590.7,19995.0522
2026-03-16 01:00:00,33.82,33.88,33.61,33.74,646.63,21765.5299
2026-03-16 02:00:00,33.74,33.91,33.61,33.88,103.74,3501.0217
2026-03-16 03:00:00,33.88,34.46,33.74,34.2,3789.36,129120.3819
2026-03-16 04:00:00,34.2,35.21,34.2,34.88,6037.63,210400.9679
2026-03-16 05:00:00,34.88,35.11,34.64,34.87,1666.57,58107.4207
2026-03-16 06:00:00,34.87,34.88,34.42,34.45,1153.49,39996.7645
2026-03-16 07:00:00,34.45,34.82,34.45,34.71,1067.89,36937.3545
2026-03-16 08:00:00,34.71,34.82,34.03,34.18,3492.85,119517.2242
2026-03-16 09:00:00,34.18,34.6,34.18,34.54,342.17,11811.778
2026-03-16 10:00:00,34.54,34.61,34.47,34.53,404.62,13981.585
2026-03-16 11:00:00,34.53,34.64,34.24,34.36,381.13,13092.8107
2026-03-16 12:00:00,34.36,34.51,34.23,34.4,1236.18,42510.3195
2026-03-16 13:00:00,34.4,34.82,34.37,34.46,782.36,27100.4847
2026-03-16 14:00:00,34.46,34.75,34.04,34.39,791.51,27130.7808
2026-03-16 15:00:00,34.39,34.63,34.1,34.13,702.81,24072.0458
2026-03-16 16:00:00,34.13,34.61,34.13,34.5,1267.16,43679.6732
2026-03-16 17:00:00,34.5,35.16,34.5,35.04,2535.62,88517.2463
2026-03-16 18:00:00,35.04,36.14,34.96,35.49,5931.45,211490.7411
2026-03-16 19:00:00,35.49,36.16,35.22,35.31,6106.23,216746.1478
2026-03-16 20:00:00,35.31,36.07,35.31,35.76,4154.96,148034.0769
2026-03-16 21:00:00,35.76,36.99,35.63,36.51,5780.57,209169.564
2026-03-16 22:00:00,36.51,36.95,36.18,36.3,4082.23,149314.3175
2026-03-16 23:00:00,36.3,36.34,35.78,35.91,3641.69,131426.8446
2026-03-17 00:00:00,35.91,36.3,35.68,35.88,1737.04,62389.2107
2026-03-17 01:00:00,35.88,36.0,35.54,35.79,918.57,32866.4722
2026-03-17 02:00:00,35.79,36.23,35.6,35.93,1151.25,41414.4152
2026-03-17 03:00:00,35.93,35.95,35.09,35.24,1765.49,62746.8641
2026-03-17 04:00:00,35.24,35.44,34.33,34.76,4502.06,156364.6203
2026-03-17 05:00:00,34.76,34.94,34.56,34.81,713.3,24777.2784
2026-03-17 06:00:00,34.81,35.01,34.75,34.81,2122.36,74189.4384
2026-03-17 07:00:00,34.81,35.56,34.81,35.15,2677.2,94517.943
2026-03-17 08:00:00,35.15,35.46,35.1,35.15,3401.27,119875.2583
2026-03-17 09:00:00,35.15,35.58,35.1,35.37,3628.63,128327.0194
2026-03-17 10:00:00,35.37,35.4,35.06,35.17,1019.88,35907.2668
2026-03-17 11:00:00,35.17,35.38,35.06,35.09,358.49,12629.5882
2026-03-17 12:00:00,35.09,35.17,34.59,34.82,1609.65,56084.5735
2026-03-17 13:00:00,34.82,35.11,34.49,34.73,1409.95,48960.168
2026-03-17 14:00:00,34.73,35.06,34.61,35.04,536.86,18719.9828
2026-03-17 15:00:00,35.04,35.31,34.84,35.19,1159.05,40727.4584
2026-03-17 16:00:00,35.19,35.56,34.92,34.99,1573.86,55463.2538
2026-03-17 17:00:00,34.99,35.3,34.75,35.28,1380.16,48231.1734
2026-03-17 18:00:00,35.28,35.66,35.15,35.2,1056.14,37395.1
2026-03-17 19:00:00,35.2,35.33,34.92,34.99,411.76,14450.9628
2026-03-17 20:00:00,34.99,35.53,34.94,35.48,890.29,31347.7159
2026-03-17 21:00:00,35.48,35.71,35.45,35.65,304.66,10827.4193
2026-03-17 22:00:00,35.65,35.8,35.41,35.51,418.25,14903.8417
2026-03-17 23:00:00,35.51,35.52,35.15,35.22,303.0,10712.5087
2026-03-18 00:00:00,35.22,35.4,34.84,35.14,1714.4,60090.0058
2026-03-18 01:00:00,35.14,35.37,35.14,35.19,185.9,6550.1711
2026-03-18 02:00:00,35.19,35.68,35.18,35.59,1833.32,65029.02
2026-03-18 03:00:00,35.59,35.76,35.48,35.61,741.51,26426.8182
2026-03-18 04:00:00,35.61,35.75,35.34,35.57,1351.01,47989.6778
2026-03-18 05:00:00,35.57,35.77,35.3,35.37,390.32,13877.9742
2026-03-18 06:00:00,35.37,35.63,35.37,35.42,475.75,16893.625
2026-03-18 07:00:00,35.42,35.49,35.12,35.3,522.41,18433.3131
2026-03-18 08:00:00,35.3,35.4,35.14,35.27,1267.44,44727.4931
2026-03-18 09:00:00,35.27,35.61,35.18,35.54,201.99,7147.7605
2026-03-18 10:00:00,35.54,35.64,34.91,35.21,2093.21,73685.9217
2026-03-18 11:00:00,35.21,35.29,33.68,34.03,6693.66,228846.8548
2026-03-18 12:00:00,34.03,34.03,33.21,33.44,1723.0,57965.2664
2026-03-18 13:00:00,33.44,33.57,33.05,33.46,2906.56,97052.6032
2026-03-18 14:00:00,33.46,33.48,32.81,32.84,3520.56,116733.41
2026-03-18 15:00:00,32.84,32.97,32.35,32.74,4304.96,140365.3136
2026-03-18 16:00:00,32.74,32.83,32.31,32.31,1298.84,42248.9841
2026-03-18 17:00:00,32.31,32.65,31.96,32.57,2098.04,67571.101
2026-03-18 18:00:00,32.57,32.92,32.37,32.44,1554.34,50796.8221
2026-03-18 19:00:00,32.44,32.63,32.3,32.4,678.82,22056.9418
2026-03-18 20:00:00,32.4,32.6,32.09,32.5,1124.67,36373.8711
2026-03-18 21:00:00,32.5,32.83,32.5,32.83,307.61,10033.3227
2026-03-18 22:00:00,32.83,32.83,32.46,32.52,235.5,7667.4866
2026-03-18 23:00:00,32.52,32.62,32.46,32.56,190.18,6187.5583
2026-03-19 00:00:00,32.56,32.7,32.49,32.49,677.22,22059.6587
2026-03-19 01:00:00,32.49,32.56,32.29,32.48,388.43,12609.5254
2026-03-19 02:00:00,32.48,32.56,32.32,32.45,265.24,8618.5982
2026-03-19 03:00:00,32.45,32.84,32.42,32.5,441.15,14399.1747
2026-03-19 04:00:00,32.5,32.54,32.23,32.25,1068.56,34570.6992
2026-03-19 05:00:00,32.25,32.31,32.07,32.09,284.84,9163.5455
2026-03-19 06:00:00,32.09,32.18,31.88,31.96,762.04,24390.7774
2026-03-19 07:00:00,31.96,31.97,31.52,31.78,2204.54,69930.5034
2026-03-19 08:00:00,31.78,31.88,31.68,31.79,548.78,17433.1003
2026-03-19 09:00:00,31.79,32.1,31.78,31.92,632.22,20205.1304
2026-03-19 10:00:00,31.92,31.99,31.68,31.68,336.69,10714.4959
2026-03-19 11:00:00,31.68,31.84,31.67,31.76,105.85,3361.5787
2026-03-19 12:00:00,31.76,31.76,31.32,31.42,1445.26,45472.2636
2026-03-19 13:00:00,31.42,31.64,31.18,31.53,1457.43,45593.9799
2026-03-19 14:00:00,31.53,31.64,31.22,31.44,259.24,8164.415
2026-03-19 15:00:00,31.44,31.56,31.13,31.38,1891.46,59195.2589
2026-03-19 16:00:00,31.38,31.38,31.09,31.18,974.86,30477.8065
2026-03-19 17:00:00,31.18,31.5,31.09,31.45,225.38,7042.8079
2026-03-19 18:00:00,31.45,31.47,31.21,31.31,167.55,5250.2591
2026-03-19 19:00:00,31.31,31.66,31.31,31.39,693.25,21803.2681
2026-03-19 20:00:00,31.39,31.66,31.38,31.54,174.55,5503.8157
2026-03-19 21:00:00,31.54,31.76,31.54,31.71,314.07,9952.9895
2026-03-19 22:00:00,31.71,31.71,31.35,31.5,636.11,20067.1098
2026-03-19 23:00:00,31.5,31.6,31.23,31.32,1995.88,62533.3778
2026-03-20 00:00:00,31.32,31.78,31.29,31.67,4508.02,142388.8171
2026-03-20 01:00:00,31.67,31.91,31.65,31.74,3752.86,119366.1127
2026-03-20 02:00:00,31.74,31.74,31.45,31.67,241.4,7620.4557
2026-03-20 03:00:00,31.67,31.83,31.6,31.73,1147.67,36397.0022
2026-03-20 04:00:00,31.73,31.83,31.56,31.75,566.37,17937.3088
2026-03-20 05:00:00,31.75,31.95,31.71,31.8,199.74,6366.2054
2026-03-20 06:00:00,31.8,31.83,31.66,31.66,207.29,6583.1077
2026-03-20 07:00:00,31.66,31.8,31.43,31.79,427.04,13521.5303
2026-03-20 08:00:00,31.79,32.05,31.76,31.95,1062.34,33948.8777
2026-03-20 09:00:00,31.95,31.95,31.64,31.78,307.99,9797.7859
2026-03-20 10:00:00,31.78,31.86,31.65,31.86,155.74,4941.4559
2026-03-20 11:00:00,31.86,32.02,31.71,31.74,478.68,15279.6823
2026-03-20 12:00:00,31.74,31.82,31.58,31.62,156.22,4958.0261
2026-03-20 13:00:00,31.62,31.83,31.49,31.56,1104.02,34971.7668
2026-03-20 14:00:00,31.56,31.82,31.42,31.56,718.43,22712.4719
2026-03-20 15:00:00,31.56,31.65,31.33,31.58,857.85,27051.2018
2026-03-20 16:00:00,31.58,31.87,31.58,31.83,132.49,4209.8319
2026-03-20 17:00:00,31.83,31.85,31.62,31.83,350.1,11115.7666
2026-03-20 18:00:00,31.83,31.94,31.48,31.55,613.69,19465.83
2026-03-20 19:00:00,31.55,31.72,31.34,31.7,522.39,16444.7313
2026-03-20 20:00:00,31.7,31.7,31.41,31.58,85.74,2704.3776
2026-03-20 21:00:00,31.58,31.96,31.54,31.87,1543.73,49064.9222
2026-03-20 22:00:00,31.87,32.18,31.78,32.12,1807.39,57871.693
2026-03-20 23:00:00,32.12,32.12,31.97,31.99,187.39,6001.4566
2026-03-21 00:00:00,31.99,32.21,31.98,32.19,210.85,6768.5785
2026-03-21 01:00:00,32.19,32.33,32.05,32.05,635.41,20454.2633
2026-03-21 02:00:00,32.05,32.23,31.97,32.23,534.5,17159.0298
2026-03-21 03:00:00,32.23,32.28,32.08,32.16,233.95,7536.0392
2026-03-21 04:00:00,32.16,32.2,32.01,32.05,307.65,9877.6725
2026-03-21 05:00:00,32.05,32.27,31.96,32.16,667.59,21428.8503
2026-03-21 06:00:00,32.16,32.24,32.13,32.13,257.37,8273.1594
2026-03-21 07:00:00,32.13,32.19,32.02,32.04,43.18,1386.3505
2026-03-21 08:00:00,32.04,32.3,32.01,32.25,542.6,17424.5242
2026-03-21 09:00:00,32.25,32.39,32.2,32.22,129.19,4167.1857
2026-03-21 10:00:00,32.22,32.31,32.12,32.28,352.87,11381.5051
2026-03-21 11:00:00,32.28,32.89,32.28,32.68,1788.94,58253.9447
2026-03-21 12:00:00,32.68,32.73,32.42,32.55,1138.78,37115.2737
2026-03-21 13:00:00,32.55,32.96,32.55,32.88,545.54,17893.4177
2026-03-21 14:00:00,32.88,33.36,32.73,32.85,1469.09,48563.6774
2026-03-21 15:00:00,32.85,33.22,32.8,33.16,1051.06,34761.1757
2026-03-21 16:00:00,33.16,33.29,32.55,32.68,1069.22,34967.985
2026-03-21 17:00:00,32.68,32.87,32.64,32.83,168.81,5532.5242
2026-03-21 18:00:00,32.83,33.05,32.83,32.97,63.73,2100.5297
2026-03-21 19:00:00,32.97,33.04,32.7,32.75,226.09,7449.3826
2026-03-21 20:00:00,32.75,32.8,32.72,32.72,53.36,1748.5835
2026-03-21 21:00:00,32.72,32.77,32.52,32.52,104.25,3394.58
2026-03-21 22:00:00,32.52,32.52,32.38,32.42,1027.88,33322.8079
2026-03-21 23:00:00,32.42,32.42,31.04,31.36,6161.79,195716.5143
2026-03-22 00:00:00,31.36,31.61,30.78,31.42,1058.59,32961.8909
2026-03-22 01:00:00,31.42,31.55,31.18,31.34,837.75,26224.9008
2026-03-22 02:00:00,31.34,31.58,31.31,31.44,190.27,5972.0977
2026-03-22 03:00:00,31.44,31.75,31.34,31.42,423.12,13368.5307
2026-03-22 04:00:00,31.42,31.57,31.38,31.52,527.27,16607.9947
2026-03-22 05:00:00,31.52,31.52,31.35,31.38,1233.24,38767.4447
2026-03-22 06:00:00,31.38,31.38,31.23,31.26,214.36,6702.5201
2026-03-22 07:00:00,31.26,31.29,31.1,31.15,394.12,12293.2924
2026-03-22 08:00:00,31.15,31.31,30.98,31.29,1059.96,32980.5542
2026-03-22 09:00:00,31.29,31.44,31.26,31.41,356.09,11161.6375
2026-03-22 10:00:00,31.41,31.41,31.14,31.16,261.09,8158.6848
2026-03-22 11:00:00,31.16,31.26,31.05,31.25,326.94,10189.0133
2026-03-22 12:00:00,31.25,32.14,31.22,32.04,2320.42,73834.5523
2026-03-22 13:00:00,32.04,32.61,32.04,32.34,985.76,31855.7248
2026-03-22 14:00:00,32.34,32.65,32.23,32.25,1069.13,34684.7465
2026-03-22 15:00:00,32.25,32.41,32.05,32.16,1135.65,36592.7703
2026-03-22 16:00:00,32.16,32.18,31.93,32.04,230.44,7389.0081
2026-03-22 17:00:00,32.04,32.09,31.88,31.95,919.67,29382.3588
2026-03-22 18:00:00,31.95,32.1,31.66,31.7,543.22,17329.3967
2026-03-22 19:00:00,31.7,31.82,31.59,31.73,142.39,4521.1192
2026-03-22 20:00:00,31.73,31.78,31.44,31.53,463.45,14652.553
2026-03-22 21:00:00,31.53,32.24,31.08,31.87,2550.53,80778.7316
2026-03-22 22:00:00,31.87,32.51,31.76,32.33,1117.25,36033.5352
2026-03-22 23:00:00,32.33,32.47,32.09,32.13,123.17,3978.0548
2026-03-23 00:00:00,32.13,32.68,32.11,32.53,1088.59,35199.0301
2026-03-23 01:00:00,32.53,32.97,32.35,32.36,1504.01,49208.4132
2026-03-23 02:00:00,32.36,32.8,32.31,32.74,488.96,15911.4184
2026-03-23 03:00:00,32.74,32.96,32.72,32.78,546.67,17936.8405
2026-03-23 04:00:00,32.78,33.8,32.78,33.62,1459.45,48591.3407
2026-03-23 05:00:00,33.62,34.32,33.62,33.97,2988.32,101535.1396
2026-03-23 06:00:00,33.97,33.97,33.24,33.33,2060.11,69204.2375
2026-03-23 07:00:00,33.33,33.6,32.78,32.98,2940.31,97405.5047
2026-03-23 08:00:00,32.98,33.25,32.89,32.93,731.54,24235.8162
2026-03-23 09:00:00,32.93,33.2,32.66,33.2,615.26,20192.761
2026-03-23 10:00:00,33.2,33.49,32.81,33.07,947.3,31360.73
2026-03-23 11:00:00,33.07,34.55,33.01,33.84,8715.22,295855.9977
2026-03-23 12:00:00,33.84,34.46,33.75,34.45,3036.91,104066.3042
2026-03-23 13:00:00,34.45,34.86,34.13,34.39,2611.1,90227.7635
2026-03-23 14:00:00,34.39,34.51,34.04,34.26,640.11,21905.7571
2026-03-23 15:00:00,34.26,34.42,33.73,33.9,3240.33,110009.7706
2026-03-23 16:00:00,33.9,34.11,33.64,33.92,5690.74,192922.227
2026-03-23 17:00:00,33.92,34.39,33.8,34.35,428.42,14582.489
2026-03-23 18:00:00,34.35,34.68,34.29,34.41,2232.26,77028.1006
2026-03-23 19:00:00,34.41,34.45,34.02,34.04,439.55,15020.6251
2026-03-23 20:00:00,34.04,34.33,33.98,34.11,170.65,5838.9188
2026-03-23 21:00:00,34.11,34.13,33.91,34.09,252.01,8578.4405
2026-03-23 22:00:00,34.09,34.41,34.06,34.38,758.57,25993.874
2026-03-23 23:00:00,34.38,34.49,34.11,34.46,755.2,25928.4452
2026-03-24 00:00:00,34.46,34.57,34.12,34.51,1101.69,37784.9263
2026-03-24 01:00:00,34.51,34.61,34.15,34.43,345.58,11899.5997
2026-03-24 02:00:00,34.43,34.76,34.28,34.28,380.76,13170.2918
2026-03-24 03:00:00,34.28,34.8,34.28,34.79,359.1,12377.2155
2026-03-24 04:00:00,34.79,35.06,34.42,34.42,1895.61,65994.1981
2026-03-24 05:00:00,34.42,34.46,34.2,34.35,399.33,13704.8059
2026-03-24 06:00:00,34.35,34.4,33.97,33.97,914.35,31259.4786
2026-03-24 07:00:00,33.97,34.19,33.76,34.06,929.65,31622.7213
2026-03-24 08:00:00,34.06,34.5,34.02,34.32,349.26,11980.0704
2026-03-24 09:00:00,34.32,34.5,34.26,34.43,361.8,12436.9145
2026-03-24 10:00:00,34.43,34.43,34.18,34.31,70.29,2411.6812
2026-03-24 11:00:00,34.31,34.37,34.02,34.24,1361.08,46542.8036
2026-03-24 12:00:00,34.24,34.26,34.02,34.12,369.21,12595.744
2026-03-24 13:00:00,34.12,34.23,33.65,33.69,1939.66,65668.916
2026-03-24 14:00:00,33.69,34.12,33.41,33.63,1704.9,57466.9415
2026-03-24 15:00:00,33.63,34.16,33.63,33.96,509.88,17307.0992
2026-03-24 16:00:00,33.96,34.22,33.86,34.22,295.26,10038.487
2026-03-24 17:00:00,34.22,34.27,33.84,34.02,325.28,11077.2714
2026-03-24 18:00:00,34.02,34.11,33.92,33.96,194.4,6603.5455
2026-03-24 19:00:00,33.96,34.01,33.82,33.87,403.78,13678.7276
2026-03-24 20:00:00,33.87,34.42,33.87,34.36,306.48,10487.144
2026-03-24 21:00:00,34.36,34.45,34.11,34.24,567.1,19415.4033
2026-03-24 22:00:00,34.24,34.43,34.16,34.32,83.39,2856.9158
2026-03-24 23:00:00,34.32,34.66,34.23,34.3,864.91,29731.879
2026-03-25 00:00:00,34.3,34.84,34.29,34.69,328.46,11388.0187
2026-03-25 01:00:00,34.69,34.98,34.48,34.49,428.51,14945.6124
2026-03-25 02:00:00,34.49,34.78,34.49,34.73,424.4,14700.4574
2026-03-25 03:00:00,34.73,34.76,34.49,34.66,505.96,17496.9543
2026-03-25 04:00:00,34.66,34.7,34.6,34.66,64.12,2219.7384
2026-03-25 05:00:00,34.66,34.76,34.28,34.3,194.46,6687.4675
2026-03-25 06:00:00,34.3,34.38,34.05,34.06,324.71,11129.6345
2026-03-25 07:00:00,34.06,34.33,34.03,34.11,378.04,12899.2555
2026-03-25 08:00:00,34.11,34.25,34.1,34.21,330.88,11302.5314
2026-03-25 09:00:00,34.21,34.36,34.12,34.35,590.4,20249.2016
2026-03-25 10:00:00,34.35,34.35,34.23,34.25,191.88,6576.0039
2026-03-25 11:00:00,34.25,34.43,34.09,34.19,124.62,4267.9627
2026-03-25 12:00:00,34.19,34.32,33.82,34.24,1502.65,51155.1779
2026-03-25 13:00:00,34.24,34.29,33.99,33.99,156.56,5352.2128
2026-03-25 14:00:00,33.99,34.17,33.93,34.06,251.76,8575.2994
2026-03-25 15:00:00,34.06,34.13,33.79,33.94,287.19,9729.9667
2026-03-25 16:00:00,33.94,34.23,33.82,34.0,1213.54,41298.0856
2026-03-25 17:00:00,34.0,34.06,33.94,34.05,170.77,5807.9493
2026-03-25 18:00:00,34.05,34.15,33.94,34.02,154.34,5258.776
2026-03-25 19:00:00,34.02,34.03,33.71,33.83,142.03,4811.2739
2026-03-25 20:00:00,33.83,33.93,33.6,33.81,1533.91,51728.8039
2026-03-25 21:00:00,33.81,33.89,33.7,33.75,256.16,8654.4802
2026-03-25 22:00:00,33.75,34.1,33.75,34.04,375.77,12758.4624
2026-03-25 23:00:00,34.04,34.08,33.91,34.08,1469.56,49929.8985
2026-03-26 00:00:00,34.08,34.23,34.02,34.22,498.01,16999.4957
2026-03-26 01:00:00,34.22,34.39,34.22,34.36,316.88,10868.1301
2026-03-26 02:00:00,34.36,34.4,34.04,34.17,204.59,7010.0294
2026-03-26 03:00:00,34.17,34.17,33.9,33.98,191.28,6502.5853
2026-03-26 04:00:00,33.98,34.01,33.9,33.95,257.4,8733.6359
2026-03-26 05:00:00,33.95,33.95,33.41,33.41,647.68,21830.6646
2026-03-26 06:00:00,33.41,33.57,33.23,33.3,741.72,24750.7287
2026-03-26 07:00:00,33.3,33.38,33.07,33.27,1238.48,41087.7925
2026-03-26 08:00:00,33.27,33.29,32.92,33.0,620.42,20520.0357
2026-03-26 09:00:00,33.0,33.22,32.61,32.68,1308.93,43046.1008
2026-03-26 10:00:00,32.68,32.81,32.68,32.77,331.32,10848.1358
2026-03-26 11:00:00,32.77,32.84,32.65,32.66,651.19,21337.2176
2026-03-26 12:00:00,32.66,32.82,32.47,32.79,581.88,18996.6365
2026-03-26 13:00:00,32.79,33.16,32.7,33.06,317.29,10425.7167
2026-03-26 14:00:00,33.06,33.15,32.87,32.97,186.6,6164.2481
2026-03-26 15:00:00,32.97,32.97,32.56,32.57,679.68,22264.4564
2026-03-26 16:00:00,32.57,32.7,32.48,32.58,284.27,9265.5342
2026-03-26 17:00:00,32.58,32.74,32.32,32.37,325.01,10527.0646
2026-03-26 18:00:00,32.37,32.38,32.14,32.29,611.71,19728.3297
2026-03-26 19:00:00,32.29,32.33,31.95,32.07,411.67,13196.6129
2026-03-26 20:00:00,32.07,32.62,31.98,32.42,2771.3,89645.9014
2026-03-26 21:00:00,32.42,32.69,32.4,32.61,746.62,24264.3076
2026-03-26 22:00:00,32.61,32.61,32.35,32.39,44.22,1436.7444
2026-03-26 23:00:00,32.39,32.47,32.25,32.3,199.1,6427.8846
2026-03-27 00:00:00,32.3,32.48,32.27,32.37,224.38,7255.0176
2026-03-27 01:00:00,32.37,32.73,32.37,32.73,127.36,4148.8817
2026-03-27 02:00:00,32.73,32.73,32.58,32.58,779.68,25448.1974
2026-03-27 03:00:00,32.58,32.64,32.49,32.5,57.19,1860.9412
2026-03-27 04:00:00,32.5,32.5,32.16,32.44,1164.22,37498.3625
2026-03-27 05:00:00,32.44,32.57,32.41,32.48,45.62,1481.5044
2026-03-27 06:00:00,32.48,32.75,32.48,32.72,327.25,10710.2635
2026-03-27 07:00:00,32.72,32.84,32.66,32.78,89.6,2934.2661
2026-03-27 08:00:00,32.78,32.86,32.25,32.55,259.65,8433.2553
2026-03-27 09:00:00,32.55,32.55,32.21,32.39,81.02,2621.3902
2026-03-27 10:00:00,32.39,32.49,31.59,31.64,3741.7,119983.3421
2026-03-27 11:00:00,31.64,31.98,31.46,31.95,995.29,31609.1953
2026-03-27 12:00:00,31.95,31.95,31.65,31.88,665.47,21148.7491
2026-03-27 13:00:00,31.88,32.04,31.66,31.83,716.04,22785.6757
2026-03-27 14:00:00,31.83,31.97,31.6,31.77,694.79,22048.3771
2026-03-27 15:00:00,31.77,32.24,31.73,31.83,437.76,13978.8233
2026-03-27 16:00:00,31.83,31.88,31.65,31.65,170.05,5400.4391
2026-03-27 17:00:00,31.65,31.84,31.61,31.65,776.95,24695.3808
2026-03-27 18:00:00,31.65,31.65,31.54,31.61,188.34,5948.7647
2026-03-27 19:00:00,31.61,31.93,31.53,31.93,228.99,7286.0391
2026-03-27 20:00:00,31.93,31.93,31.66,31.77,790.37,25068.1457
2026-03-27 21:00:00,31.77,31.87,31.74,31.77,388.02,12332.3511
2026-03-27 22:00:00,31.77,31.77,31.48,31.48,113.21,3575.4483
2026-03-27 23:00:00,31.48,31.67,31.36,31.64,194.67,6148.1178
2026-03-28 00:00:00,31.64,31.68,31.47,31.54,466.96,14746.996
2026-03-28 01:00:00,31.54,31.54,31.12,31.23,468.61,14632.1566
2026-03-28 02:00:00,31.23,31.31,31.13,31.16,157.34,4916.0802
2026-03-28 03:00:00,31.16,31.35,31.16,31.3,161.09,5043.4183
2026-03-28 04:00:00,31.3,31.3,31.15,31.25,777.9,24283.5456
2026-03-28 05:00:00,31.25,31.35,31.2,31.34,670.31,20932.8087
2026-03-28 06:00:00,31.34,31.57,31.3,31.56,313.3,9865.6251
2026-03-28 07:00:00,31.56,31.88,31.56,31.88,643.29,20419.8296
2026-03-28 08:00:00,31.88,31.92,31.69,31.73,747.51,23799.0496
2026-03-28 09:00:00,31.73,31.75,31.59,31.75,251.71,7965.6216
2026-03-28 10:00:00,31.75,31.82,31.61,31.63,677.33,21492.0653
2026-03-28 11:00:00,31.63,31.88,31.6,31.88,277.65,8807.9879
2026-03-28 12:00:00,31.88,31.9,31.72,31.79,373.38,11883.4923
2026-03-28 13:00:00,31.79,32.33,31.79,32.07,1793.41,57504.6459
2026-03-28 14:00:00,32.07,32.27,31.98,32.09,462.85,14875.2592
2026-03-28 15:00:00,32.09,32.55,32.09,32.26,1179.33,38201.1843
2026-03-28 16:00:00,32.26,32.49,32.16,32.48,925.92,29919.8232
2026-03-28 17:00:00,32.48,32.67,32.27,32.34,699.26,22717.915
2026-03-28 18:00:00,32.34,32.45,32.33,32.36,46.16,1494.2552
2026-03-28 19:00:00,32.36,32.37,32.17,32.22,286.87,9246.8618
2026-03-28 20:00:00,32.22,32.31,32.19,32.2,120.06,3870.0694
2026-03-28 21:00:00,32.2,32.22,31.93,31.93,381.89,12258.0571
2026-03-28 22:00:00,31.93,32.02,31.93,31.97,24.81,792.7084
2026-03-28 23:00:00,31.97,31.97,31.62,31.71,624.32,19827.0416
2026-03-29 00:00:00,31.71,31.71,31.55,31.66,318.0,10051.6697
2026-03-29 01:00:00,31.66,31.9,31.66,31.9,570.69,18157.4168
2026-03-29 02:00:00,31.9,32.07,31.85,32.02,244.99,7821.6832
2026-03-29 03:00:00,32.02,32.35,31.96,32.2,1223.04,39446.4028
2026-03-29 04:00:00,32.2,32.21,32.04,32.11,99.45,3197.1313
2026-03-29 05:00:00,32.11,32.24,32.1,32.22,857.6,27629.1793
2026-03-29 06:00:00,32.22,32.3,32.11,32.15,197.05,6338.1838
2026-03-29 07:00:00,32.15,32.15,31.82,31.87,339.2,10828.5921
2026-03-29 08:00:00,31.87,31.92,31.81,31.91,142.14,4523.3016
2026-03-29 09:00:00,31.91,31.94,31.78,31.81,317.2,10105.3929
2026-03-29 10:00:00,31.81,31.81,31.6,31.7,356.47,11307.1909
2026-03-29 11:00:00,31.7,31.94,31.7,31.87,1098.02,35027.5293
2026-03-29 12:00:00,31.87,31.9,31.75,31.83,286.42,9115.5377
2026-03-29 13:00:00,31.83,31.83,31.52,31.61,1163.94,36751.8028
2026-03-29 14:00:00,31.61,31.83,31.52,31.64,772.3,24448.9948
2026-03-29 15:00:00,31.64,31.74,31.53,31.58,307.54,9705.1592
2026-03-29 16:00:00,31.58,31.82,31.58,31.68,1219.72,38610.4893
2026-03-29 17:00:00,31.68,31.78,31.58,31.72,432.83,13746.5745
2026-03-29 18:00:00,31.72,31.75,31.62,31.74,28.26,895.6597
2026-03-29 19:00:00,31.74,31.74,31.56,31.56,30.84,976.0734
2026-03-29 20:00:00,31.56,31.94,31.56,31.85,120.23,3824.318
2026-03-29 21:00:00,31.85,32.17,31.85,32.17,123.07,3940.4784
2026-03-29 22:00:00,32.17,32.17,30.86,31.52,1992.06,62363.5922
2026-03-29 23:00:00,31.52,31.83,31.5,31.8,1324.57,41969.7932
2026-03-30 00:00:00,31.8,32.36,31.79,32.03,843.77,27179.8928
2026-03-30 01:00:00,32.03,32.41,32.03,32.34,1514.96,48934.4946
2026-03-30 02:00:00,32.34,32.63,32.17,32.42,2789.14,90046.5288
2026-03-30 03:00:00,32.42,32.47,32.39,32.41,96.36,3125.6708
2026-03-30 04:00:00,32.41,32.54,32.31,32.5,1369.54,44404.725
2026-03-30 05:00:00,32.5,32.73,32.35,32.35,2488.11,81120.2113
2026-03-30 06:00:00,32.35,32.4,32.24,32.4,159.62,5157.3101
2026-03-30 07:00:00,32.4,32.79,32.39,32.67,543.1,17726.8936
2026-03-30 08:00:00,32.67,32.89,32.67,32.89,998.62,32700.5461
2026-03-30 09:00:00,32.89,32.93,32.56,32.56,322.15,10562.3664
2026-03-30 10:00:00,32.56,32.77,32.55,32.66,819.31,26776.5012
2026-03-30 11:00:00,32.66,33.0,32.61,32.71,1187.54,38960.2489
2026-03-30 12:00:00,32.71,32.82,32.64,32.67,172.33,5640.2474
2026-03-30 13:00:00,32.67,32.78,32.36,32.39,885.12,28825.6312
2026-03-30 14:00:00,32.39,32.61,32.3,32.61,438.79,14237.4363
2026-03-30 15:00:00,32.61,32.61,32.31,32.51,109.42,3538.9884
2026-03-30 16:00:00,32.51,32.51,32.26,32.26,1095.8,35478.0135
2026-03-30 17:00:00,32.26,32.29,32.03,32.05,477.24,15338.2579
2026-03-30 18:00:00,32.05,32.06,31.79,31.84,211.7,6757.4321
2026-03-30 19:00:00,31.84,31.85,31.61,31.85,363.8,11542.9996
2026-03-30 20:00:00,31.85,31.88,31.7,31.7,233.17,7397.4713
2026-03-30 21:00:00,31.7,32.51,31.7,32.45,4516.28,145999.513
2026-03-30 22:00:00,32.45,32.45,32.09,32.13,94.54,3057.3693
2026-03-30 23:00:00,32.13,32.13,31.87,31.98,964.15,30817.3733
2026-03-31 00:00:00,31.98,32.22,31.96,32.14,151.83,4868.4119
2026-03-31 01:00:00,32.14,32.87,32.14,32.75,336.74,10996.0165
2026-03-31 02:00:00,32.75,33.31,32.75,33.16,1855.5,61110.6622
2026-03-31 03:00:00,33.16,33.16,32.56,32.71,1942.1,63896.7646
2026-03-31 04:00:00,32.71,32.85,32.48,32.48,135.99,4444.8171
2026-03-31 05:00:00,32.48,32.48,32.36,32.44,225.87,7325.7231
2026-03-31 06:00:00,32.44,32.52,32.11,32.35,3395.73,109314.4008
2026-03-31 07:00:00,32.35,32.35,32.08,32.24,90.37,2911.6056
2026-03-31 08:00:00,32.24,32.32,32.04,32.09,1446.59,46542.4511
2026-03-31 09:00:00,32.09,32.09,31.68,31.8,2230.36,71082.6731
2026-03-31 10:00:00,31.8,32.05,31.8,32.0,537.39,17147.8186
2026-03-31 11:00:00,32.0,32.72,31.92,32.62,841.51,27193.1795
2026-03-31 12:00:00,32.62,33.14,32.62,32.69,3422.52,112446.6666
2026-03-31 13:00:00,32.69,33.2,32.5,32.55,2749.91,90486.8842
2026-03-31 14:00:00,32.55,32.85,32.14,32.31,1178.53,38335.4115
2026-03-31 15:00:00,32.31,32.56,32.31,32.34,313.25,10167.4706
2026-03-31 16:00:00,32.34,32.91,32.34,32.84,398.64,13039.5112
2026-03-31 17:00:00,32.84,33.04,32.48,32.48,921.7,30194.4479
2026-03-31 18:00:00,32.48,32.71,32.48,32.67,292.04,9532.2364
2026-03-31 19:00:00,32.67,32.85,32.58,32.74,752.32,24636.513
2026-03-31 20:00:00,32.74,32.74,32.53,32.6,283.47,9246.8096
2026-03-31 21:00:00,32.6,32.6,32.33,32.33,411.57,13343.6687
2026-03-31 22:00:00,32.33,32.38,32.15,32.38,258.5,8341.3213
2026-03-31 23:00:00,32.38,32.65,32.36,32.6,462.57,15051.7453
2026-04-01 00:00:00,32.6,32.8,32.5,32.8,1722.04,56148.6783
2026-04-01 01:00:00,32.8,32.89,32.55,32.83,1504.18,49356.5036
2026-04-01 02:00:00,32.83,32.88,32.58,32.71,3112.09,101817.9562
2026-04-01 03:00:00,32.71,32.88,32.67,32.8,1145.38,37540.3454
2026-04-01 04:00:00,32.8,32.8,32.57,32.68,1398.41,45694.5535
2026-04-01 05:00:00,32.68,32.84,32.59,32.77,1180.92,38649.7153
2026-04-01 06:00:00,32.77,33.14,32.77,33.05,1263.86,41726.529
2026-04-01 07:00:00,33.05,33.12,32.71,32.74,1616.36,53071.0529
2026-04-01 08:00:00,32.74,32.74,32.36,32.44,1561.4,50854.2211
2026-04-01 09:00:00,32.44,32.54,32.36,32.41,1055.56,34230.7852
2026-04-01 10:00:00,32.41,32.52,32.27,32.34,650.93,21070.7535
2026-04-01 11:00:00,32.34,32.49,32.34,32.44,437.89,14197.9993
2026-04-01 12:00:00,32.44,32.66,32.29,32.29,1890.46,61390.7541
2026-04-01 13:00:00,32.29,32.32,31.81,32.02,1035.15,33210.7857
2026-04-01 14:00:00,32.02,32.27,31.97,32.14,1197.96,38444.8204
2026-04-01 15:00:00,32.14,32.29,32.1,32.24,315.74,10159.3
2026-04-01 16:00:00,32.24,32.43,32.11,32.4,306.13,9871.8288
2026-04-01 17:00:00,32.4,32.62,32.1,32.1,565.14,18297.5835
2026-04-01 18:00:00,32.1,32.2,32.02,32.16,253.64,8149.7274
2026-04-01 19:00:00,32.16,32.32,32.11,32.19,391.98,12643.4936
2026-04-01 20:00:00,32.19,32.19,32.0,32.08,840.16,26974.3478
2026-04-01 21:00:00,32.08,32.13,31.95,31.95,22.2,710.2087
2026-04-01 22:00:00,31.95,31.95,31.76,31.82,193.55,6157.345
2026-04-01 23:00:00,31.82,31.82,31.5,31.65,1678.66,52968.1229
2026-04-02 00:00:00,31.65,31.94,31.56,31.77,690.85,21979.5999
2026-04-02 01:00:00,31.77,31.77,31.0,31.04,1684.99,52629.2161
2026-04-02 02:00:00,31.04,31.04,30.43,30.57,1688.97,51900.6188
2026-04-02 03:00:00,30.57,30.57,29.87,30.15,3629.87,109226.5902
2026-04-02 04:00:00,30.15,30.15,29.27,29.72,4916.12,145417.9505
2026-04-02 05:00:00,29.72,29.98,29.57,29.93,1264.42,37674.0258
2026-04-02 06:00:00,29.93,30.25,29.93,30.13,2670.05,80376.79
2026-04-02 07:00:00,30.13,30.36,30.02,30.36,1321.7,39968.7516
2026-04-02 08:00:00,30.36,30.4,29.88,29.94,1742.78,52555.5644
2026-04-02 09:00:00,29.94,30.07,29.81,29.99,2950.71,88305.0598
2026-04-02 10:00:00,29.99,29.99,29.58,29.66,960.79,28520.1093
2026-04-02 11:00:00,29.66,29.81,29.57,29.71,573.48,17055.679
2026-04-02 12:00:00,29.71,29.95,29.54,29.8,5301.41,157469.8488
2026-04-02 13:00:00,29.8,29.8,29.45,29.72,1444.3,42784.401
2026-04-02 14:00:00,29.72,30.29,29.63,30.06,3282.73,98423.7271
2026-04-02 15:00:00,30.06,30.27,29.98,30.06,1839.71,55388.4293
2026-04-02 16:00:00,30.06,30.36,30.02,30.21,1395.34,42263.1776
2026-04-02 17:00:00,30.21,30.4,29.96,30.11,2999.6,90401.1233
2026-04-02 18:00:00,30.11,30.18,29.95,30.12,1540.92,46372.1665
2026-04-02 19:00:00,30.12,30.25,30.07,30.17,1970.53,59458.8064
2026-04-02 20:00:00,30.17,30.45,30.09,30.25,1208.03,36634.1995
2026-04-02 21:00:00,30.25,30.25,30.08,30.14,374.14,11274.6196
2026-04-02 22:00:00,30.14,30.14,30.06,30.14,767.9,23101.4395
2026-04-02 23:00:00,30.14,30.14,30.01,30.09,104.75,3148.2867
2026-04-03 00:00:00,30.09,30.15,29.87,29.95,1411.55,42434.0363
2026-04-03 01:00:00,29.95,29.95,29.75,29.89,202.86,6048.3717
2026-04-03 02:00:00,29.89,30.1,29.8,30.09,470.24,14087.5494
2026-04-03 03:00:00,30.09,30.27,30.05,30.27,337.4,10183.7842
2026-04-03 04:00:00,30.27,30.4,30.25,30.4,658.6,19948.1672
2026-04-03 05:00:00,30.4,30.51,30.28,30.38,542.6,16499.6093
2026-04-03 06:00:00,30.38,30.52,30.27,30.47,130.47,3967.1012
2026-04-03 07:00:00,30.47,30.57,30.3,30.33,520.34,15816.4703
2026-04-03 08:00:00,30.33,30.48,30.33,30.43,200.49,6101.8531
2026-04-03 09:00:00,30.43,30.44,30.3,30.39,1366.44,41510.5144
2026-04-03 10:00:00,30.39,30.41,30.32,30.4,402.31,12219.8298
2026-04-03 11:00:00,30.4,30.42,30.35,30.4,78.73,2392.0581
2026-04-03 12:00:00,30.4,30.56,30.12,30.17,937.82,28417.1576
2026-04-03 13:00:00,30.17,30.24,30.04,30.17,388.23,11701.1057
2026-04-03 14:00:00,30.17,30.33,30.17,30.33,152.34,4613.6669
2026-04-03 15:00:00,30.33,30.33,29.99,30.05,554.55,16677.7549
2026-04-03 16:00:00,30.05,30.15,30.01,30.11,225.75,6798.3267
2026-04-03 17:00:00,30.11,30.11,29.86,29.93,421.73,12629.5313
2026-04-03 18:00:00,29.93,29.96,29.78,29.81,517.0,15420.7586
2026-04-03 19:00:00,29.81,29.88,29.68,29.76,391.3,11651.2073
2026-04-03 20:00:00,29.76,29.93,29.69,29.85,917.94,27408.9194
2026-04-03 21:00:00,29.85,29.89,29.72,29.87,149.05,4449.1229
2026-04-03 22:00:00,29.87,29.93,29.78,29.79,570.26,17034.2174
2026-04-03 23:00:00,29.79,29.87,29.7,29.82,941.59,28029.8319
2026-04-04 00:00:00,29.82,29.88,29.7,29.81,374.67,11162.3871
2026-04-04 01:00:00,29.81,29.81,29.57,29.74,2091.66,61960.9159
2026-04-04 02:00:00,29.74,29.75,29.58,29.61,482.31,14303.557
2026-04-04 03:00:00,29.61,29.69,29.56,29.67,182.08,5391.5624
2026-04-04 04:00:00,29.67,29.72,29.58,29.58,619.79,18382.4273
2026-04-04 05:00:00,29.58,29.68,29.55,29.66,358.11,10604.0376
2026-04-04 06:00:00,29.66,29.78,29.54,29.78,293.7,8687.8788
2026-04-04 07:00:00,29.78,29.79,29.63,29.79,94.08,2798.3025
2026-04-04 08:00:00,29.79,29.79,29.54,29.55,388.02,11487.7799
2026-04-04 09:00:00,29.55,29.62,29.55,29.59,167.87,4968.9236
2026-04-04 10:00:00,29.59,29.79,29.59,29.79,429.94,12775.5905
2026-04-04 11:00:00,29.79,29.87,29.63,29.85,651.28,19367.5026
2026-04-04 12:00:00,29.85,30.16,29.82,30.05,4494.92,135007.9826
2026-04-04 13:00:00,30.05,30.26,29.95,30.13,950.17,28629.1585
2026-04-04 14:00:00,30.13,30.13,29.78,29.99,370.34,11084.4817
2026-04-04 15:00:00,29.99,30.16,29.93,30.02,1402.4,42155.8912
2026-04-04 16:00:00,30.02,30.21,29.97,29.97,1099.86,33116.3732
2026-04-04 17:00:00,29.97,30.3,29.93,30.3,1567.36,47359.2879
2026-04-04 18:00:00,30.3,30.38,30.17,30.35,661.86,20046.4853
2026-04-04 19:00:00,30.35,30.41,30.19,30.31,1099.83,33315.9302
2026-04-04 20:00:00,30.31,30.47,30.24,30.37,863.02,26209.994
2026-04-04 21:00:00,30.37,30.42,30.26,30.26,834.3,25290.1013
2026-04-04 22:00:00,30.26,30.76,30.25,30.47,1103.91,33709.2815
2026-04-04 23:00:00,30.47,30.8,30.47,30.74,1030.97,31665.5866
2026-04-05 00:00:00,30.74,30.83,30.51,30.82,1566.29,47969.6314
2026-04-05 01:00:00,30.82,30.94,30.42,30.63,1847.56,57010.4808
2026-04-05 02:00:00,30.63,30.63,30.36,30.37,1505.42,45924.0585
2026-04-05 03:00:00,30.37,30.47,30.28,30.37,519.89,15750.2458
2026-04-05 04:00:00,30.37,30.5,30.25,30.3,81.52,2476.947
2026-04-05 05:00:00,30.3,30.36,30.06,30.06,350.35,10583.0513
2026-04-05 06:00:00,30.06,30.14,29.93,30.08,463.19,13923.9603
2026-04-05 07:00:00,30.08,30.18,29.98,29.98,89.92,2704.968
2026-04-05 08:00:00,29.98,30.06,29.93,30.06,1272.81,38134.0143
2026-04-05 09:00:00,30.06,30.17,30.03,30.17,413.13,12455.349
2026-04-05 10:00:00,30.17,30.22,29.96,29.98,55.01,1654.9827
2026-04-05 11:00:00,29.98,30.02,29.83,30.01,793.44,23750.5134
2026-04-05 12:00:00,30.01,30.05,29.69,29.84,4365.04,130117.8436
2026-04-05 13:00:00,29.84,30.06,29.74,30.06,1203.63,36029.5253
2026-04-05 14:00:00,30.06,30.12,29.99,30.03,428.43,12889.8179
2026-04-05 15:00:00,30.03,30.44,29.97,30.09,549.71,16609.6501
2026-04-05 16:00:00,30.09,30.17,29.93,29.97,319.7,9624.8462
2026-04-05 17:00:00,29.97,30.04,29.87,30.02,134.42,4026.5878
2026-04-05 18:00:00,30.02,30.11,29.96,30.0,166.09,4984.8721
2026-04-05 19:00:00,30.0,30.0,29.81,29.9,92.01,2750.0763
2026-04-05 20:00:00,29.9,29.96,29.84,29.96,520.98,15575.7087
2026-04-05 21:00:00,29.96,29.96,29.76,29.92,296.79,8845.5329
2026-04-05 22:00:00,29.92,30.23,29.82,30.23,660.49,19806.3289
2026-04-05 23:00:00,30.23,30.44,30.23,30.4,1991.72,60442.5436
2026-04-06 00:00:00,30.4,30.89,30.4,30.7,1284.39,39410.7095
2026-04-06 01:00:00,30.7,30.71,30.5,30.55,343.95,10521.1711
2026-04-06 02:00:00,30.55,30.87,30.53,30.71,1454.73,44625.3647
2026-04-06 03:00:00,30.71,30.86,30.66,30.7,559.64,17235.2334
2026-04-06 04:00:00,30.7,30.83,30.61,30.66,457.2,14020.6833
2026-04-06 05:00:00,30.66,30.8,30.66,30.77,95.52,2937.0908
2026-04-06 06:00:00,30.77,30.77,30.4,30.57,1126.73,34496.7897
2026-04-06 07:00:00,30.57,30.72,30.5,30.62,240.24,7353.2963
2026-04-06 08:00:00,30.62,30.8,30.62,30.7,99.23,3045.3418
2026-04-06 09:00:00,30.7,31.07,30.66,30.95,397.61,12283.2494
2026-04-06 10:00:00,30.95,31.22,30.95,31.07,1145.53,35640.7084
2026-04-06 11:00:00,31.07,31.17,30.91,30.93,530.36,16499.1761
2026-04-06 12:00:00,30.93,31.23,30.93,31.0,792.48,24605.674
2026-04-06 13:00:00,31.0,31.0,30.77,30.91,783.69,24210.586
2026-04-06 14:00:00,30.91,31.01,30.65,30.84,565.36,17424.729
2026-04-06 15:00:00,30.84,30.9,30.77,30.82,864.42,26645.0946
2026-04-06 16:00:00,30.82,31.02,30.72,30.84,158.51,4896.4956
2026-04-06 17:00:00,30.84,30.99,30.8,30.81,179.77,5558.5659
2026-04-06 18:00:00,30.81,30.94,30.76,30.9,96.95,2988.4995
2026-04-06 19:00:00,30.9,30.9,30.61,30.66,167.17,5132.34
2026-04-06 20:00:00,30.66,30.68,30.6,30.62,94.14,2884.4036
2026-04-06 21:00:00,30.62,30.62,30.3,30.39,256.26,7812.4068
2026-04-06 22:00:00,30.39,30.44,29.91,29.91,973.93,29462.6672
2026-04-06 23:00:00,29.91,30.17,29.8,30.01,3003.69,90412.9838
2026-04-07 00:00:00,30.01,30.18,29.95,30.01,491.3,14785.6951
2026-04-07 01:00:00,30.01,30.21,29.94,29.96,151.6,4564.8728
2026-04-07 02:00:00,29.96,30.18,29.84,30.11,227.91,6847.5081
2026-04-07 03:00:00,30.11,30.19,30.08,30.09,176.07,5304.4424
2026-04-07 04:00:00,30.09,30.4,30.05,30.31,1037.95,31395.5661
2026-04-07 05:00:00,30.31,30.4,30.18,30.39,665.98,20179.7745
2026-04-07 06:00:00,30.39,30.48,30.26,30.39,779.64,23681.3133
2026-04-07 07:00:00,30.39,30.66,30.35,30.42,2783.56,84843.663
2026-04-07 08:00:00,30.42,30.61,30.42,30.57,676.61,20679.049
2026-04-07 09:00:00,30.57,31.13,30.56,30.84,2108.77,65151.9516
2026-04-07 10:00:00,30.84,30.92,30.4,30.46,1779.95,54642.8781
2026-04-07 11:00:00,30.46,30.6,30.37,30.51,554.04,16876.056
2026-04-07 12:00:00,30.51,30.55,30.17,30.45,1290.59,39161.6456
2026-04-07 13:00:00,30.45,30.57,30.25,30.27,1110.84,33836.4158
2026-04-07 14:00:00,30.27,30.41,30.06,30.17,906.19,27375.7054
2026-04-07 15:00:00,30.17,30.44,30.16,30.27,524.99,15937.6183
2026-04-07 16:00:00,30.27,30.4,30.27,30.29,915.07,27799.8313
2026-04-07 17:00:00,30.29,30.68,30.27,30.41,788.28,24106.2689
2026-04-07 18:00:00,30.41,30.64,30.39,30.4,170.65,5204.4147
2026-04-07 19:00:00,30.4,30.93,30.4,30.93,377.49,11571.7748
2026-04-07 20:00:00,30.93,31.22,30.9,31.13,3295.7,102295.1415
2026-04-07 21:00:00,31.13,32.77,31.13,32.6,4580.17,146437.5289
2026-04-07 22:00:00,32.6,33.87,32.6,33.65,8793.92,293129.2396
2026-04-07 23:00:00,33.65,34.0,33.3,33.54,6309.34,212495.5827
2026-04-08 00:00:00,33.54,33.87,32.59,32.81,7600.23,250745.5804
2026-04-08 01:00:00,32.81,32.94,32.6,32.71,1599.94,52425.0272
2026-04-08 02:00:00,32.71,33.02,32.56,33.01,5803.63,190113.1962
2026-04-08 03:00:00,33.01,33.23,32.82,32.87,1268.95,41983.3924
2026-04-08 04:00:00,32.87,33.25,32.83,33.07,788.42,26055.615
2026-04-08 05:00:00,33.07,33.37,33.03,33.09,1654.89,54956.3303
2026-04-08 06:00:00,33.09,33.34,33.03,33.31,305.45,10138.7689
2026-04-08 07:00:00,33.31,33.48,33.11,33.18,1528.87,50981.2546
2026-04-08 08:00:00,33.18,33.28,32.71,32.9,5677.01,187511.6719
2026-04-08 09:00:00,32.9,33.21,32.86,33.05,1826.21,60238.1984
2026-04-08 10:00:00,33.05,33.15,32.88,32.96,4647.2,153309.9577
2026-04-08 11:00:00,32.96,33.27,32.73,33.1,3180.96,104999.6007
2026-04-08 12:00:00,33.1,33.49,33.08,33.08,5154.53,171903.0852
2026-04-08 13:00:00,33.08,33.46,32.93,33.21,4148.2,137568.9191
2026-04-08 14:00:00,33.21,33.87,32.41,32.59,10259.17,340956.1849
2026-04-08 15:00:00,32.59,32.9,32.55,32.83,2893.29,94768.8937
2026-04-08 16:00:00,32.83,33.07,32.82,32.95,862.87,28423.4078
2026-04-08 17:00:00,32.95,33.17,32.85,33.1,342.13,11313.8393
2026-04-08 18:00:00,33.1,33.12,32.57,32.6,1066.3,34902.448
2026-04-08 19:00:00,32.6,32.66,32.32,32.35,1673.71,54182.2601
2026-04-08 20:00:00,32.35,32.41,32.05,32.1,5606.55,180398.4157
2026-04-08 21:00:00,32.1,32.6,32.1,32.44,499.02,16112.3939
2026-04-08 22:00:00,32.44,32.44,32.18,32.22,471.51,15272.4693
2026-04-08 23:00:00,32.22,32.24,31.84,32.13,3562.69,114352.0179
2026-04-09 00:00:00,32.13,32.13,31.5,31.74,3808.35,120721.143
2026-04-09 01:00:00,31.74,31.76,31.5,31.71,1777.29,56171.5882
2026-04-09 02:00:00,31.71,31.89,31.71,31.84,316.13,10056.4131
2026-04-09 03:00:00,31.84,31.92,31.78,31.92,281.81,8982.2533
2026-04-09 04:00:00,31.92,32.16,31.86,32.01,370.78,11872.9221
2026-04-09 05:00:00,32.01,32.4,32.0,32.26,241.13,7770.341
2026-04-09 06:00:00,32.26,32.41,32.15,32.38,1437.87,46505.0071
2026-04-09 07:00:00,32.38,32.47,32.27,32.27,672.73,21750.7424
2026-04-09 08:00:00,32.27,32.38,32.15,32.2,1094.19,35326.7486
2026-04-09 09:00:00,32.2,32.34,32.0,32.18,1400.77,45046.1813
2026-04-09 10:00:00,32.18,32.18,31.97,32.01,1064.4,34132.7218
2026-04-09 11:00:00,32.01,32.02,31.81,31.84,773.93,24691.6565
2026-04-09 12:00:00,31.84,32.17,31.84,32.17,535.38,17122.7315
2026-04-09 13:00:00,32.17,32.17,31.91,31.98,499.95,16034.9849
2026-04-09 14:00:00,31.98,32.14,31.76,32.04,500.04,15998.3767
2026-04-09 15:00:00,32.04,32.79,32.01,32.56,637.33,20678.5002
2026-04-09 16:00:00,32.56,33.07,32.56,32.79,1293.47,42508.5618
2026-04-09 17:00:00,32.79,32.96,32.61,32.76,753.04,24717.7764
2026-04-09 18:00:00,32.76,33.9,32.54,33.69,4590.51,152699.2879
2026-04-09 19:00:00,33.69,35.68,33.69,35.39,11346.77,396768.5415
2026-04-09 20:00:00,35.39,37.68,35.36,37.34,9302.92,339533.9608
2026-04-09 21:00:00,37.34,37.71,36.53,36.89,5776.12,214190.8477
2026-04-09 22:00:00,36.89,37.5,36.69,36.94,7131.55,264302.4921
2026-04-09 23:00:00,36.94,37.04,35.84,35.87,5604.33,205193.9608
2026-04-10 00:00:00,35.87,36.5,35.56,36.35,5464.26,196421.9416
2026-04-10 01:00:00,36.35,37.65,36.06,37.4,6671.31,245202.2261
2026-04-10 02:00:00,37.4,39.27,37.33,39.2,14841.0,571211.9092
2026-04-10 03:00:00,39.2,39.54,37.63,37.91,16551.19,634108.1725
2026-04-10 04:00:00,37.91,38.26,37.53,38.13,8507.32,322172.9485
2026-04-10 05:00:00,38.13,38.53,37.17,38.44,8232.51,312146.3994
2026-04-10 06:00:00,38.44,38.63,37.74,38.13,7474.88,284905.2253
2026-04-10 07:00:00,38.13,39.9,38.06,39.28,12439.95,488721.4184
2026-04-10 08:00:00,39.28,40.74,38.87,40.43,17153.36,683317.8255
2026-04-10 09:00:00,40.43,43.4,40.24,43.12,44260.06,1868124.2378
2026-04-10 10:00:00,43.12,43.26,40.56,41.17,37363.77,1567702.2798
2026-04-10 11:00:00,41.17,42.93,40.97,41.98,19435.71,817921.4685
2026-04-10 12:00:00,41.98,44.06,41.75,43.25,32250.38,1388246.0659
2026-04-10 13:00:00,43.25,43.51,41.39,41.98,33421.74,1424903.8751
2026-04-10 14:00:00,41.98,42.97,40.52,42.73,21928.49,914672.5425
2026-04-10 15:00:00,42.73,44.85,42.38,44.7,31139.25,1362291.676
2026-04-10 16:00:00,44.7,45.78,43.66,44.01,57235.83,2555442.1826
2026-04-10 17:00:00,44.01,44.45,43.06,44.17,15127.9,662251.5527
2026-04-10 18:00:00,44.17,44.27,42.83,43.18,15875.64,689520.1464
2026-04-10 19:00:00,43.18,44.41,43.15,44.03,12901.59,566017.3605
2026-04-10 20:00:00,44.03,45.36,43.9,45.26,19861.18,885815.5295
2026-04-10 21:00:00,45.26,46.05,44.32,45.9,11794.3,532286.995
2026-04-10 22:00:00,45.9,46.26,44.89,45.79,14155.64,645685.0296
2026-04-10 23:00:00,45.79,46.26,45.09,45.68,12831.13,585676.3575
2026-04-11 00:00:00,45.68,47.78,45.4,46.0,36185.35,1679073.133
2026-04-11 01:00:00,46.0,46.76,44.34,45.12,25532.46,1156405.9223
2026-04-11 02:00:00,45.12,45.47,44.11,44.54,15013.2,670694.3461
2026-04-11 03:00:00,44.54,44.91,43.5,43.91,14828.23,652768.674
2026-04-11 04:00:00,43.91,44.22,43.12,43.64,12315.96,536733.0739
2026-04-11 05:00:00,43.64,43.96,43.36,43.81,4987.09,217577.3293
2026-04-11 06:00:00,43.81,44.07,43.18,43.59,6153.83,268423.6746
2026-04-11 07:00:00,43.59,44.75,43.3,43.6,9035.47,397684.6813
2026-04-11 08:00:00,43.6,46.35,43.43,45.95,18970.12,859028.4811
2026-04-11 09:00:00,45.95,47.73,45.07,46.74,17196.42,799957.4064
2026-04-11 10:00:00,46.74,47.51,46.08,47.51,15061.13,703598.3899
2026-04-11 11:00:00,47.51,47.61,45.35,46.09,15535.41,723455.0139
2026-04-11 12:00:00,46.09,46.61,45.54,45.76,7312.06,336562.1162
2026-04-11 13:00:00,45.76,46.42,44.72,45.83,13803.43,628177.3644
2026-04-11 14:00:00,45.83,46.25,45.3,45.85,7450.05,340756.3455
2026-04-11 15:00:00,45.85,46.27,45.45,45.61,6996.39,320773.9402
2026-04-11 16:00:00,45.61,46.28,45.31,45.82,4659.29,213948.0711
2026-04-11 17:00:00,45.82,46.1,45.67,46.0,3657.8,167808.2138
2026-04-11 18:00:00,46.0,47.31,45.98,46.22,8325.47,388921.6305
2026-04-11 19:00:00,46.22,46.49,45.52,46.07,5015.01,230492.6306
2026-04-11 20:00:00,46.07,46.6,45.72,46.51,2532.43,116822.8556
2026-04-11 21:00:00,46.51,47.08,45.82,45.87,2202.21,102343.4584
2026-04-11 22:00:00,45.87,47.06,45.82,46.7,6294.28,292963.928
2026-04-11 23:00:00,46.7,46.85,45.81,46.17,3835.8,177919.5298
2026-04-12 00:00:00,46.17,47.48,45.89,47.26,7290.17,342344.8965
2026-04-12 01:00:00,47.26,47.75,44.82,45.18,15726.77,724677.3686
2026-04-12 02:00:00,45.18,45.21,43.38,43.98,15020.09,664636.6918
2026-04-12 03:00:00,43.98,44.37,43.22,43.45,6990.02,304670.3182
2026-04-12 04:00:00,43.45,43.71,42.36,42.53,14050.62,603472.1371
2026-04-12 05:00:00,42.53,42.54,41.36,41.79,21055.57,881091.2104
2026-04-12 06:00:00,41.79,42.27,41.45,41.87,5244.39,219551.4918
2026-04-12 07:00:00,41.87,42.37,41.26,42.17,4573.82,190985.2606
2026-04-12 08:00:00,42.17,43.54,42.12,43.5,8321.41,357591.0009
2026-04-12 09:00:00,43.5,44.31,43.13,43.37,9937.24,435758.7428
2026-04-12 10:00:00,43.37,43.99,42.9,43.14,3487.14,151714.8958
2026-04-12 11:00:00,43.14,43.85,43.04,43.39,5236.72,227596.0996
2026-04-12 12:00:00,43.39,43.79,42.84,43.48,19515.4,846098.2817
2026-04-12 13:00:00,43.48,43.85,42.94,42.96,3217.96,139624.9096
2026-04-12 14:00:00,42.96,43.13,42.11,42.45,8673.91,369002.3422
2026-04-12 15:00:00,42.45,42.68,42.17,42.26,2328.63,98655.4308
2026-04-12 16:00:00,42.26,42.52,41.35,41.43,4170.77,174718.221
2026-04-12 17:00:00,41.43,42.73,41.42,41.98,7191.22,303599.6989
2026-04-12 18:00:00,41.98,42.15,41.65,41.93,2606.36,109317.6434
2026-04-12 19:00:00,41.93,42.02,41.51,41.7,2454.59,102392.2972
2026-04-12 20:00:00,41.7,42.16,41.51,41.99,3134.66,131014.6583
2026-04-12 21:00:00,41.99,41.99,41.47,41.53,3376.43,140778.2693
2026-04-12 22:00:00,41.53,41.57,40.74,41.1,7222.13,296547.9472
2026-04-12 23:00:00,41.1,41.1,40.67,40.88,1549.7,63358.7385
2026-04-13 00:00:00,40.88,41.83,40.75,41.67,3515.61,145294.257
2026-04-13 01:00:00,41.67,41.9,41.31,41.67,2036.54,84574.7716
2026-04-13 02:00:00,41.67,42.02,41.37,41.47,1983.85,82729.4353
2026-04-13 03:00:00,41.47,41.5,41.0,41.27,2514.84,103731.5878
2026-04-13 04:00:00,41.27,41.99,41.19,41.64,2248.34,93615.1265
2026-04-13 05:00:00,41.64,41.93,41.27,41.76,2092.11,86870.3747
2026-04-13 06:00:00,41.76,43.54,41.76,42.46,9979.34,427346.819
2026-04-13 07:00:00,42.46,42.47,41.15,41.29,4248.17,177211.3821
2026-04-13 08:00:00,41.29,41.42,40.7,41.19,4413.99,180906.3042
2026-04-13 09:00:00,41.19,41.4,40.86,40.91,2852.86,117265.5162
2026-04-13 10:00:00,40.91,41.23,40.8,40.98,1186.49,48612.4606
2026-04-13 11:00:00,40.98,41.39,40.98,41.3,1674.37,68927.8468
2026-04-13 12:00:00,41.3,41.76,40.86,41.56,3659.4,151329.2932
2026-04-13 13:00:00,41.56,42.38,41.22,41.51,5159.86,216402.4564
2026-04-13 14:00:00,41.51,41.76,41.14,41.75,5535.83,229731.6111
2026-04-13 15:00:00,41.75,41.88,40.39,40.94,11210.5,458984.1097
2026-04-13 16:00:00,40.94,41.23,40.59,41.02,2129.44,87171.8017
2026-04-13 17:00:00,41.02,41.2,40.5,40.56,1482.1,60462.3825
2026-04-13 18:00:00,40.56,40.56,39.47,40.03,6541.69,261785.6147
2026-04-13 19:00:00,40.03,40.54,39.94,40.46,2283.16,91786.3067
2026-04-13 20:00:00,40.46,40.55,40.01,40.01,944.54,38146.0243
2026-04-13 21:00:00,40.01,40.89,39.76,40.84,4134.85,165923.6096
2026-04-13 22:00:00,40.84,41.98,40.72,41.13,3973.03,164524.9412
2026-04-13 23:00:00,41.13,41.53,40.92,41.31,3172.82,130948.0824
2026-04-14 00:00:00,41.31,41.38,40.59,40.81,2077.63,85166.6383
2026-04-14 01:00:00,40.81,41.11,40.77,40.84,705.29,28836.6365
2026-04-14 02:00:00,40.84,40.94,40.62,40.72,1376.32,56113.8291
2026-04-14 03:00:00,40.72,40.76,40.39,40.46,2787.35,112945.0119
2026-04-14 04:00:00,40.46,40.46,39.93,40.3,1620.78,65144.9366
2026-04-14 05:00:00,40.3,40.61,40.07,40.07,1309.18,52822.3016
2026-04-14 06:00:00,40.07,40.4,40.03,40.19,487.95,19614.4394
2026-04-14 07:00:00,40.19,40.24,39.86,40.04,1795.36,71964.6848
2026-04-14 08:00:00,40.04,40.81,39.96,40.69,2942.83,119020.5965
2026-04-14 09:00:00,40.69,41.64,40.63,41.21,6984.26,287609.6279
2026-04-14 10:00:00,41.21,41.49,40.78,40.86,3761.99,154372.623
