timestamp,open,high,low,close,volume_base,volume_quote
2025-10-14 09:00:00,2.418,2.4914,2.0713,2.2501,5104582.0,11774113.5078
2025-10-14 10:00:00,2.2501,2.4246,2.103,2.1853,3921506.0,8740267.7762
2025-10-14 11:00:00,2.1853,2.7027,2.1812,2.518,3988580.0,9874989.8744
2025-10-14 12:00:00,2.518,2.5199,2.216,2.382,2214876.0,5257828.3986
2025-10-14 13:00:00,2.382,2.631,2.2503,2.5183,2362154.0,5865071.4634
2025-10-14 14:00:00,2.5183,2.7651,2.46,2.5797,2973646.0,7852393.3544
2025-10-14 15:00:00,2.5797,2.8638,2.56,2.7434,1490566.0,4052300.9174
2025-10-14 16:00:00,2.7434,3.5764,2.7089,3.1361,4129112.0,12841618.2212
2025-10-14 17:00:00,3.1361,3.4459,2.8121,2.9737,2843294.0,8740395.8036
2025-10-14 18:00:00,2.9737,3.15,2.9092,3.0929,848082.0,2578587.54
2025-10-14 19:00:00,3.0929,3.1305,2.9423,3.0101,1057720.0,3195852.429
2025-10-14 20:00:00,3.0101,3.0608,2.861,2.9604,960620.0,2864644.5094
2025-10-14 21:00:00,2.9604,3.1274,2.9485,3.0016,690312.0,2095538.4324
2025-10-14 22:00:00,3.0016,3.1168,2.9105,3.0351,894450.0,2695650.203
2025-10-14 23:00:00,3.0351,3.2601,2.9875,3.1226,700962.0,2195188.3342
2025-10-15 00:00:00,3.1226,3.4245,2.988,3.1577,1109068.0,3579053.4528
2025-10-15 01:00:00,3.1577,3.2107,2.5244,2.7192,823010.0,2334072.2982
2025-10-15 02:00:00,2.7192,2.7541,2.609,2.6575,358002.0,958722.648
2025-10-15 03:00:00,2.6575,2.7866,2.5395,2.644,405532.0,1077148.6236
2025-10-15 04:00:00,2.644,2.698,2.4898,2.6731,563252.0,1462384.2436
2025-10-15 05:00:00,2.6731,2.7409,2.6032,2.6974,275832.0,736845.9638
2025-10-15 06:00:00,2.6974,2.7541,2.2285,2.3886,1656692.0,3970120.35
2025-10-15 07:00:00,2.3886,2.5329,2.3484,2.4271,729640.0,1771946.1242
2025-10-15 08:00:00,2.4271,2.5692,2.3864,2.465,597334.0,1481812.1696
2025-10-15 09:00:00,2.465,2.5244,2.405,2.4409,289742.0,714468.4196
2025-10-15 10:00:00,2.4409,2.441,2.3357,2.388,369712.0,881150.2058
2025-10-15 11:00:00,2.388,2.6,2.3,2.5547,719988.0,1745681.9644
2025-10-15 12:00:00,2.5547,2.6645,2.4571,2.5043,554462.0,1421728.7984
2025-10-15 13:00:00,2.5043,2.5052,2.3515,2.3967,350048.0,837130.677
2025-10-15 14:00:00,2.3967,2.4792,2.37,2.4292,232950.0,564673.7394
2025-10-15 15:00:00,2.4292,2.4486,2.2605,2.3166,555894.0,1300944.9356
2025-10-15 16:00:00,2.3166,2.4414,2.2632,2.4064,365008.0,862256.1674
2025-10-15 17:00:00,2.4064,2.4434,2.3241,2.4312,275480.0,654548.8706
2025-10-15 18:00:00,2.4312,2.53,2.402,2.4793,442690.0,1097601.3946
2025-10-15 19:00:00,2.4793,2.5462,2.4042,2.4271,395500.0,982877.7376
2025-10-15 20:00:00,2.4271,2.5885,2.3959,2.4485,265084.0,653932.5626
2025-10-15 21:00:00,2.4485,2.5913,2.4459,2.569,276502.0,702724.4842
2025-10-15 22:00:00,2.569,2.645,2.4249,2.4559,178616.0,453690.5668
2025-10-15 23:00:00,2.4559,2.5073,2.3093,2.3263,171746.0,413653.2296
2025-10-16 00:00:00,2.3263,2.3443,2.1595,2.2445,590652.0,1317482.4084
2025-10-16 01:00:00,2.2445,2.37,2.2251,2.3623,310972.0,711022.9698
2025-10-16 02:00:00,2.3623,2.4361,2.3349,2.4213,207110.0,494946.557
2025-10-16 03:00:00,2.4213,2.4914,2.4022,2.4672,276180.0,675621.3034
2025-10-16 04:00:00,2.4672,2.4784,2.3466,2.3712,580622.0,1396787.7856
2025-10-16 05:00:00,2.3712,2.3885,2.3392,2.366,149758.0,353654.8204
2025-10-16 06:00:00,2.366,2.4509,2.326,2.4241,204558.0,486390.9254
2025-10-16 07:00:00,2.4241,2.4445,2.3062,2.343,106656.0,252192.191
2025-10-16 08:00:00,2.343,2.3506,2.2451,2.2965,238164.0,543372.1848
2025-10-16 09:00:00,2.2965,2.3519,2.2058,2.3441,544124.0,1243004.483
2025-10-16 10:00:00,2.3441,2.444,2.3429,2.3943,484056.0,1167111.9226
2025-10-16 11:00:00,2.3943,2.4379,2.3749,2.4031,191220.0,460192.9466
2025-10-16 12:00:00,2.4031,2.4283,2.3899,2.4084,97960.0,235641.2446
2025-10-16 13:00:00,2.4084,2.5393,2.3254,2.3474,457302.0,1103391.6192
2025-10-16 14:00:00,2.3474,2.3508,2.2383,2.2694,247728.0,567034.7708
2025-10-16 15:00:00,2.2694,2.2982,2.2486,2.2817,106728.0,242346.668
2025-10-16 16:00:00,2.2817,2.2817,2.17,2.247,159842.0,356080.5594
2025-10-16 17:00:00,2.247,2.2659,2.1386,2.2122,144366.0,315879.6954
2025-10-16 18:00:00,2.2122,2.2528,2.1648,2.1975,44482.0,97914.2174
2025-10-16 19:00:00,2.1975,2.1996,2.1213,2.1629,66110.0,142298.927
2025-10-16 20:00:00,2.1629,2.2159,2.1488,2.1958,73452.0,160363.48
2025-10-16 21:00:00,2.1958,2.2485,2.1692,2.2074,45836.0,101082.8356
2025-10-16 22:00:00,2.2074,2.2343,2.1763,2.1935,33198.0,73028.592
2025-10-16 23:00:00,2.1935,2.328,2.1922,2.3146,415260.0,944540.6342
2025-10-17 00:00:00,2.3146,2.3321,2.2408,2.2849,87404.0,199945.4714
2025-10-17 01:00:00,2.2849,2.3678,2.2813,2.2946,75146.0,174215.5196
2025-10-17 02:00:00,2.2946,2.2969,2.2173,2.2488,244170.0,549939.6642
2025-10-17 03:00:00,2.2488,2.3385,2.2322,2.3385,66090.0,151113.7004
2025-10-17 04:00:00,2.3385,2.38,2.3044,2.3148,116834.0,272518.954
2025-10-17 05:00:00,2.3148,2.367,2.2536,2.2657,106876.0,246216.1676
2025-10-17 06:00:00,2.2657,2.2747,2.1547,2.1584,173090.0,382632.3124
2025-10-17 07:00:00,2.1584,2.2034,2.0333,2.0606,385688.0,821744.0812
2025-10-17 08:00:00,2.0606,2.0727,1.9388,1.9648,216266.0,430622.2704
2025-10-17 09:00:00,1.9648,1.9919,1.9498,1.9566,86924.0,171129.343
2025-10-17 10:00:00,1.9566,1.97,1.899,1.9197,166373.0,321302.98605
2025-10-17 11:00:00,1.9197,2.0212,1.9167,1.9854,132642.0,262929.67995
2025-10-17 12:00:00,1.9854,1.9989,1.92,1.9264,114786.0,225063.34245
2025-10-17 13:00:00,1.9264,1.9517,1.8357,1.8658,211675.5,399639.89865
2025-10-17 14:00:00,1.8658,1.8741,1.7597,1.7746,359961.0,647996.64225
2025-10-17 15:00:00,1.7746,1.8808,1.768,1.8808,258696.0,473729.9214
2025-10-17 16:00:00,1.8808,1.9457,1.8596,1.8686,110155.5,210289.4427
2025-10-17 17:00:00,1.8686,1.8874,1.835,1.8463,40659.0,75510.46545
2025-10-17 18:00:00,1.8463,1.8805,1.8118,1.8135,92154.0,170207.07045
2025-10-17 19:00:00,1.8135,1.8379,1.7904,1.8262,54367.5,98516.41455
2025-10-17 20:00:00,1.8262,1.8757,1.8056,1.8629,64927.5,119786.26305
2025-10-17 21:00:00,1.8629,1.9041,1.8583,1.8808,37029.0,69571.10715
2025-10-17 22:00:00,1.8808,1.9092,1.8716,1.9016,32605.5,61664.08695
2025-10-17 23:00:00,1.9016,1.9362,1.8773,1.9137,36843.0,70055.11545
2025-10-18 00:00:00,1.9137,1.9253,1.8651,1.8676,47017.5,89078.07945
2025-10-18 01:00:00,1.8676,1.9061,1.8572,1.8863,39961.5,74881.1055
2025-10-18 02:00:00,1.8863,1.9134,1.8381,1.8664,81850.5,152850.882
2025-10-18 03:00:00,1.8664,1.9023,1.851,1.8569,298774.5,562372.4493
2025-10-18 04:00:00,1.8569,1.8744,1.8228,1.8689,314268.0,581904.65325
2025-10-18 05:00:00,1.8689,1.8749,1.8091,1.8718,78663.0,145124.7999
2025-10-18 06:00:00,1.8718,1.9342,1.8541,1.9169,97953.0,185766.9084
2025-10-18 07:00:00,1.9169,1.9579,1.8773,1.8788,118207.5,226164.2202
2025-10-18 08:00:00,1.8788,1.904,1.8646,1.8898,106140.0,199888.5369
2025-10-18 09:00:00,1.8898,1.919,1.8707,1.9013,131356.0,249303.7096
2025-10-18 10:00:00,1.9013,1.902,1.8426,1.875,64967.0,121270.7205
2025-10-18 11:00:00,1.875,1.9063,1.8663,1.9014,74344.0,140382.9283
2025-10-18 12:00:00,1.9014,1.9068,1.852,1.8745,106245.0,199263.722
2025-10-18 13:00:00,1.8745,1.8784,1.7738,1.8082,137033.0,247626.8104
2025-10-18 14:00:00,1.8082,1.9482,1.7765,1.9385,148171.0,278073.5151
2025-10-18 15:00:00,1.9385,1.9572,1.8426,1.8478,100029.0,190656.6438
2025-10-18 16:00:00,1.8478,1.8497,1.7858,1.8188,102274.0,184616.6532
2025-10-18 17:00:00,1.8188,1.8813,1.8028,1.8781,43312.0,79703.5501
2025-10-18 18:00:00,1.8781,1.8858,1.8344,1.8492,56240.0,104435.7854
2025-10-18 19:00:00,1.8492,1.8553,1.8256,1.8257,54421.0,99997.0849
2025-10-18 20:00:00,1.8257,1.8593,1.8168,1.8247,38087.0,70088.4917
2025-10-18 21:00:00,1.8247,1.8393,1.7981,1.8313,45991.0,83656.2325
2025-10-18 22:00:00,1.8313,1.8454,1.812,1.8311,31493.0,57424.1922
2025-10-18 23:00:00,1.8311,1.865,1.8228,1.8461,21370.0,39402.3954
2025-10-19 00:00:00,1.8461,1.8461,1.7914,1.8299,70951.0,128420.718
2025-10-19 01:00:00,1.8299,1.8715,1.8218,1.8501,34469.0,63581.4508
2025-10-19 02:00:00,1.8501,1.8614,1.807,1.8082,26537.0,48777.1092
2025-10-19 03:00:00,1.8082,1.8687,1.7985,1.8452,58912.0,108319.2109
2025-10-19 04:00:00,1.8452,1.8479,1.8025,1.8097,34768.0,63297.9567
2025-10-19 05:00:00,1.8097,1.8333,1.7845,1.8251,73864.0,133713.6304
2025-10-19 06:00:00,1.8251,1.8355,1.7996,1.8157,34526.0,62707.2331
2025-10-19 07:00:00,1.8157,1.8278,1.7907,1.8231,41573.0,75203.1245
2025-10-19 08:00:00,1.8231,1.835,1.7698,1.8144,44058.0,79235.0943
2025-10-19 09:00:00,1.8144,1.8374,1.743,1.8148,189944.0,339883.0027
2025-10-19 10:00:00,1.8148,1.8463,1.7936,1.8389,34247.0,62525.8475
2025-10-19 11:00:00,1.8389,1.864,1.7986,1.8141,29646.0,54249.4913
2025-10-19 12:00:00,1.8141,1.8229,1.7892,1.8229,22482.0,40568.1461
2025-10-19 13:00:00,1.8229,1.8562,1.8065,1.8513,39099.0,71583.5669
2025-10-19 14:00:00,1.8513,1.8815,1.8315,1.8604,54705.0,101678.965
2025-10-19 15:00:00,1.8604,1.8705,1.8341,1.8376,25293.0,46838.2889
2025-10-19 16:00:00,1.8376,1.8462,1.8059,1.8305,54806.0,100236.4046
2025-10-19 17:00:00,1.8305,1.85,1.8242,1.832,32162.0,59030.8681
2025-10-19 18:00:00,1.832,1.8522,1.8307,1.8487,16358.0,30147.8458
2025-10-19 19:00:00,1.8487,1.9348,1.8476,1.9109,91583.0,172507.7372
2025-10-19 20:00:00,1.9109,1.9189,1.8905,1.9066,29381.0,55946.9651
2025-10-19 21:00:00,1.9066,1.9101,1.8556,1.8644,44955.0,84304.3984
2025-10-19 22:00:00,1.8644,1.9078,1.8489,1.8846,60812.0,113839.6143
2025-10-19 23:00:00,1.8846,1.9144,1.8749,1.9093,36823.0,69809.5684
2025-10-20 00:00:00,1.9093,1.94,1.8482,1.8583,51353.0,97029.6722
2025-10-20 01:00:00,1.8583,1.8974,1.8396,1.8458,27655.0,51586.6831
2025-10-20 02:00:00,1.8458,1.8476,1.8112,1.8359,43041.0,78800.4371
2025-10-20 03:00:00,1.8359,1.9764,1.8179,1.9668,84440.0,161919.5989
2025-10-20 04:00:00,1.9668,1.9903,1.9407,1.946,64609.0,126686.41
2025-10-20 05:00:00,1.946,1.946,1.9158,1.9214,81665.0,157274.6942
2025-10-20 06:00:00,1.9214,1.97,1.9214,1.9589,49371.0,96210.3353
2025-10-20 07:00:00,1.9589,1.9706,1.9223,1.9232,24709.0,47931.2258
2025-10-20 08:00:00,1.9232,1.9459,1.9092,1.9326,19997.0,38428.8202
2025-10-20 09:00:00,1.9326,1.9536,1.9211,1.944,49210.0,95367.3952
2025-10-20 10:00:00,1.944,1.9479,1.9225,1.9248,46044.0,88885.3201
2025-10-20 11:00:00,1.9248,1.9376,1.8613,1.9192,288619.0,550534.0688
2025-10-20 12:00:00,1.9192,2.0833,1.906,1.978,179273.0,358218.6598
2025-10-20 13:00:00,1.978,2.013,1.9434,1.9966,47765.0,94289.4153
2025-10-20 14:00:00,1.9966,2.1143,1.9945,2.0419,132567.0,273009.2304
2025-10-20 15:00:00,2.0419,2.0832,1.983,1.9841,74382.0,151367.2364
2025-10-20 16:00:00,1.9841,1.9841,1.886,1.8882,90075.0,175072.641
2025-10-20 17:00:00,1.8882,1.9074,1.8454,1.8873,84751.0,159418.4823
2025-10-20 18:00:00,1.8873,1.902,1.8676,1.8892,48577.0,91501.1387
2025-10-20 19:00:00,1.8892,1.8945,1.8437,1.8541,43187.0,80732.6831
2025-10-20 20:00:00,1.8541,1.8624,1.8383,1.846,30667.0,56643.081
2025-10-20 21:00:00,1.846,1.8656,1.8428,1.8626,27219.0,50442.6672
2025-10-20 22:00:00,1.8626,1.865,1.8141,1.8224,76571.0,139997.4875
2025-10-20 23:00:00,1.8224,1.8322,1.8067,1.831,49807.0,90654.7203
2025-10-21 00:00:00,1.831,1.831,1.8083,1.8118,32238.0,58571.59
2025-10-21 01:00:00,1.8118,1.8118,1.7945,1.8023,35360.0,63707.5147
2025-10-21 02:00:00,1.8023,1.8093,1.7766,1.7794,46352.0,83174.7865
2025-10-21 03:00:00,1.7794,1.7839,1.6952,1.7017,192523.0,333540.7913
2025-10-21 04:00:00,1.7017,1.7574,1.685,1.7075,114874.0,196872.9796
2025-10-21 05:00:00,1.7075,1.7295,1.7004,1.7237,59293.0,101721.3544
2025-10-21 06:00:00,1.7237,1.7251,1.6911,1.6955,55210.0,94260.7583
2025-10-21 07:00:00,1.6955,1.7038,1.6704,1.6828,58325.0,98171.4043
2025-10-21 08:00:00,1.6828,1.697,1.6708,1.6875,55506.0,93438.1967
2025-10-21 09:00:00,1.6875,1.6968,1.6764,1.6874,25676.0,43306.1125
2025-10-21 10:00:00,1.6874,1.7314,1.6867,1.7169,37428.0,63997.7898
2025-10-21 11:00:00,1.7169,1.727,1.7012,1.7031,36656.0,62642.8773
2025-10-21 12:00:00,1.7031,1.71,1.6818,1.6967,78560.0,133144.5055
2025-10-21 13:00:00,1.6967,1.7278,1.6889,1.7018,40439.0,69089.7856
2025-10-21 14:00:00,1.7018,1.7806,1.7009,1.7776,79118.0,138462.5251
2025-10-21 15:00:00,1.7776,1.8146,1.77,1.7945,57861.0,103848.4167
2025-10-21 16:00:00,1.7945,1.8032,1.7571,1.7606,44196.0,78922.4777
2025-10-21 17:00:00,1.7606,1.7728,1.7311,1.7505,29656.0,51971.4078
2025-10-21 18:00:00,1.7505,1.7588,1.7329,1.7353,30100.0,52510.4036
2025-10-21 19:00:00,1.7353,1.744,1.725,1.7301,15443.0,26774.0568
2025-10-21 20:00:00,1.7301,1.7376,1.6926,1.6988,38224.0,65434.5587
2025-10-21 21:00:00,1.6988,1.7018,1.6551,1.6702,58324.0,97768.4648
2025-10-21 22:00:00,1.6702,1.677,1.6148,1.6327,62692.0,103289.5749
2025-10-21 23:00:00,1.6327,1.6346,1.5736,1.5871,51588.0,82756.2872
2025-10-22 00:00:00,1.5871,1.5931,1.5008,1.505,58929.0,91221.7579
2025-10-22 01:00:00,1.505,1.5172,1.4867,1.5055,68845.0,103278.5324
2025-10-22 02:00:00,1.5055,1.5511,1.4979,1.5389,77527.0,118886.7788
2025-10-22 03:00:00,1.5389,1.555,1.5344,1.5376,37173.0,57531.4683
2025-10-22 04:00:00,1.5376,1.5592,1.5306,1.5515,32421.0,50047.5641
2025-10-22 05:00:00,1.5515,1.5696,1.5356,1.5696,28264.0,43814.0625
2025-10-22 06:00:00,1.5696,1.6153,1.5696,1.6019,30036.0,47821.1439
2025-10-22 07:00:00,1.6019,1.6079,1.567,1.5694,25105.0,39787.0526
2025-10-22 08:00:00,1.5694,1.5737,1.5495,1.5562,20807.0,32439.5273
2025-10-22 09:00:00,1.5562,1.5652,1.5279,1.5294,56361.0,86799.7542
2025-10-22 10:00:00,1.5294,1.5468,1.5147,1.5232,26484.0,40587.6237
2025-10-22 11:00:00,1.5232,1.5529,1.5216,1.5372,31553.0,48563.8322
2025-10-22 12:00:00,1.5372,1.5559,1.5357,1.5516,29463.0,45533.7397
2025-10-22 13:00:00,1.5516,1.5587,1.5158,1.5453,43525.0,66731.5724
2025-10-22 14:00:00,1.5453,1.5526,1.5176,1.5525,28738.0,44021.9303
2025-10-22 15:00:00,1.5525,1.5703,1.5034,1.5131,26404.0,40293.1957
2025-10-22 16:00:00,1.5131,1.5356,1.4936,1.5108,29741.0,45060.226
2025-10-22 17:00:00,1.5108,1.513,1.4847,1.4893,26224.0,39207.5886
2025-10-22 18:00:00,1.4893,1.5027,1.4572,1.4709,64500.0,94765.7504
2025-10-22 19:00:00,1.4709,1.5035,1.4701,1.4834,21557.0,32046.9876
2025-10-22 20:00:00,1.4834,1.4894,1.4695,1.4728,15844.0,23434.4463
2025-10-22 21:00:00,1.4728,1.4837,1.4526,1.4712,30782.0,45177.0553
2025-10-22 22:00:00,1.4712,1.4766,1.4618,1.4677,18492.0,27166.72
2025-10-22 23:00:00,1.4677,1.4923,1.4663,1.4876,23671.0,35040.502
2025-10-23 00:00:00,1.4876,1.508,1.4741,1.5038,42954.0,64392.4933
2025-10-23 01:00:00,1.5038,1.5343,1.5,1.5164,36822.0,55770.4897
2025-10-23 02:00:00,1.5164,1.5344,1.5142,1.5229,31394.0,47875.4974
2025-10-23 03:00:00,1.5229,1.5476,1.5176,1.5377,54963.0,84127.2574
2025-10-23 04:00:00,1.5377,1.5413,1.5153,1.5191,14837.0,22604.5098
2025-10-23 05:00:00,1.5191,1.54,1.5187,1.5318,21839.0,33382.213
2025-10-23 06:00:00,1.5318,1.5455,1.5209,1.5246,15584.0,23791.3596
2025-10-23 07:00:00,1.5246,1.5334,1.5125,1.5166,9489.0,14436.7261
2025-10-23 08:00:00,1.5166,1.5192,1.4985,1.5018,7494.0,11285.42
2025-10-23 09:00:00,1.5018,1.5248,1.494,1.5147,8882.0,13375.5833
2025-10-23 10:00:00,1.5147,1.564,1.5147,1.5476,12213.0,18752.8139
2025-10-23 11:00:00,1.5476,1.5666,1.5386,1.5511,9396.0,14624.327
2025-10-23 12:00:00,1.5511,1.556,1.5369,1.5511,8758.0,13532.8584
2025-10-23 13:00:00,1.5511,1.5586,1.5283,1.5543,19242.0,29716.3556
2025-10-23 14:00:00,1.5543,1.5681,1.5356,1.546,20181.0,31191.1952
2025-10-23 15:00:00,1.546,1.564,1.5301,1.5445,29739.0,46128.2195
2025-10-23 16:00:00,1.5445,1.5611,1.525,1.5578,9369.0,14381.1285
2025-10-23 17:00:00,1.5578,1.5982,1.5425,1.5833,17172.0,27090.3087
2025-10-23 18:00:00,1.5833,1.5978,1.5605,1.5616,8102.0,12803.01
2025-10-23 19:00:00,1.5616,1.5747,1.5586,1.5711,3707.0,5807.7978
2025-10-23 20:00:00,1.5711,1.5781,1.5511,1.5524,10835.0,16929.2157
2025-10-23 21:00:00,1.5524,1.564,1.5489,1.5506,10973.0,17048.5738
2025-10-23 22:00:00,1.5506,1.5877,1.5467,1.5745,20033.0,31289.7921
2025-10-23 23:00:00,1.5745,1.592,1.5672,1.5915,11156.0,17668.8826
2025-10-24 00:00:00,1.5915,1.6015,1.5677,1.5954,23144.0,36693.7491
2025-10-24 01:00:00,1.5954,1.6125,1.5864,1.5981,33603.0,53688.768
2025-10-24 02:00:00,1.5981,1.5981,1.5779,1.5873,51443.0,81630.5059
2025-10-24 03:00:00,1.5873,1.5993,1.5739,1.5968,24836.0,39348.7393
2025-10-24 04:00:00,1.5968,1.6347,1.596,1.629,21455.0,34807.1606
2025-10-24 05:00:00,1.629,1.629,1.6029,1.6029,21045.0,34036.1743
2025-10-24 06:00:00,1.6029,1.6223,1.5986,1.6066,8538.0,13711.3685
2025-10-24 07:00:00,1.6066,1.6091,1.5862,1.5914,13016.0,20757.2661
2025-10-24 08:00:00,1.5914,1.6094,1.5782,1.6003,19448.0,30986.8284
2025-10-24 09:00:00,1.6003,1.6003,1.5762,1.5953,27070.0,43013.5722
2025-10-24 10:00:00,1.5953,1.6169,1.5582,1.5594,77886.0,123048.157
2025-10-24 11:00:00,1.5594,1.5792,1.5564,1.5792,24703.0,38711.4768
2025-10-24 12:00:00,1.5792,1.6197,1.5713,1.6126,24898.0,39962.0332
2025-10-24 13:00:00,1.6126,1.6307,1.5841,1.6027,36707.0,59326.4064
2025-10-24 14:00:00,1.6027,1.6029,1.573,1.5817,28985.0,45885.9285
2025-10-24 15:00:00,1.5817,1.5917,1.5593,1.5677,24418.0,38437.7665
2025-10-24 16:00:00,1.5677,1.5898,1.5605,1.5872,19589.0,30847.9282
2025-10-24 17:00:00,1.5872,1.6091,1.5872,1.5962,17894.0,28649.2904
2025-10-24 18:00:00,1.5962,1.604,1.5829,1.5955,8689.0,13836.7684
2025-10-24 19:00:00,1.5955,1.625,1.5955,1.6174,11972.0,19343.5778
2025-10-24 20:00:00,1.6174,1.6288,1.6048,1.6238,11810.0,19112.6383
2025-10-24 21:00:00,1.6238,1.6276,1.6131,1.6204,6594.0,10684.1957
2025-10-24 22:00:00,1.6204,1.6213,1.6056,1.6056,3193.0,5156.4749
2025-10-24 23:00:00,1.6056,1.617,1.5993,1.6069,6113.0,9812.9895
2025-10-25 00:00:00,1.6069,1.6069,1.5895,1.6027,15992.0,25538.0029
2025-10-25 01:00:00,1.6027,1.6533,1.6027,1.6521,14582.0,23670.0744
2025-10-25 02:00:00,1.6521,1.6603,1.6348,1.6591,11683.0,19216.2805
2025-10-25 03:00:00,1.6591,1.6896,1.642,1.6826,20575.0,34213.4469
2025-10-25 04:00:00,1.6826,1.7313,1.6799,1.7207,28200.0,48045.6
2025-10-25 05:00:00,1.7207,1.777,1.6961,1.7755,46761.0,80579.5059
2025-10-25 06:00:00,1.7755,1.7923,1.6923,1.7303,67464.0,117140.8228
2025-10-25 07:00:00,1.7303,1.87,1.7303,1.8606,106300.0,190719.7079
2025-10-25 08:00:00,1.8606,1.9514,1.8252,1.8392,600561.0,1138433.9729
2025-10-25 09:00:00,1.8392,1.88,1.805,1.8487,558671.0,1029989.5783
2025-10-25 10:00:00,1.8487,1.8542,1.81,1.82,46006.0,84375.5255
2025-10-25 11:00:00,1.82,1.8397,1.7832,1.791,67961.0,122775.323
2025-10-25 12:00:00,1.791,1.8334,1.7894,1.8067,36930.0,67021.8845
2025-10-25 13:00:00,1.8067,1.8529,1.7739,1.8479,28353.0,51128.6057
2025-10-25 14:00:00,1.8479,1.9359,1.84,1.9163,113578.0,216512.1399
2025-10-25 15:00:00,1.9163,2.054,1.878,1.8815,401229.0,796821.5811
2025-10-25 16:00:00,1.8815,1.8817,1.8122,1.8491,104310.0,192012.1577
2025-10-25 17:00:00,1.8491,1.9119,1.795,1.8024,538380.0,1001150.2182
2025-10-25 18:00:00,1.8024,1.8024,1.7472,1.7882,292297.0,519835.2137
2025-10-25 19:00:00,1.7882,1.81,1.7787,1.8047,21400.0,38388.3997
2025-10-25 20:00:00,1.8047,1.8145,1.7893,1.805,12980.0,23382.425
2025-10-25 21:00:00,1.805,1.826,1.805,1.8216,3806.0,6923.4853
2025-10-25 22:00:00,1.8216,1.8753,1.8196,1.8322,27859.0,51517.8532
2025-10-25 23:00:00,1.8322,1.8612,1.8322,1.8451,11872.0,21984.9854
2025-10-26 00:00:00,1.8451,1.8451,1.8128,1.8319,11872.0,21662.0457
2025-10-26 01:00:00,1.8319,1.9439,1.8319,1.9368,45948.0,87652.3022
2025-10-26 02:00:00,1.9368,1.9476,1.8341,1.842,41444.0,78561.6013
2025-10-26 03:00:00,1.842,1.8617,1.8078,1.8276,24556.0,44943.4769
2025-10-26 04:00:00,1.8276,1.8366,1.7913,1.8189,14225.0,25829.9047
2025-10-26 05:00:00,1.8189,1.85,1.7767,1.7839,19990.0,35909.2947
2025-10-26 06:00:00,1.7839,1.7965,1.7651,1.7813,12281.0,21908.3475
2025-10-26 07:00:00,1.7813,1.7894,1.7696,1.7741,22902.0,40764.236
2025-10-26 08:00:00,1.7741,1.8162,1.7722,1.8026,9394.0,16933.5561
2025-10-26 09:00:00,1.8026,1.823,1.7894,1.8178,6369.0,11545.914
2025-10-26 10:00:00,1.8178,1.8216,1.7955,1.7968,17707.0,32080.1289
2025-10-26 11:00:00,1.7968,1.843,1.7907,1.8339,5393.0,9763.0516
2025-10-26 12:00:00,1.8339,1.9,1.8206,1.8925,39501.0,73150.5334
2025-10-26 13:00:00,1.8925,1.9586,1.8824,1.9263,33400.0,64066.7688
2025-10-26 14:00:00,1.9263,1.9439,1.9181,1.9243,15501.0,29891.1344
2025-10-26 15:00:00,1.9243,1.9439,1.8993,1.9217,11398.0,21986.4203
2025-10-26 16:00:00,1.9217,1.9217,1.8494,1.8497,14401.0,26974.7881
2025-10-26 17:00:00,1.8497,1.9091,1.8497,1.9,6310.0,11799.5076
2025-10-26 18:00:00,1.9,1.9311,1.8989,1.9182,11265.0,21531.5546
2025-10-26 19:00:00,1.9182,1.9634,1.9124,1.9557,24226.0,46907.676
2025-10-26 20:00:00,1.9557,2.0887,1.9523,2.0299,172191.0,349133.9322
2025-10-26 21:00:00,2.0299,2.0614,2.0042,2.0527,42073.0,85384.5933
2025-10-26 22:00:00,2.0527,2.0953,1.9952,2.0153,43552.0,88971.8986
2025-10-26 23:00:00,2.0153,2.0447,1.9871,1.9919,19125.0,38360.5376
2025-10-27 00:00:00,1.9919,2.0277,1.9762,2.0138,25941.0,51945.3331
2025-10-27 01:00:00,2.0138,2.0796,2.0138,2.0245,20402.0,41513.1777
2025-10-27 02:00:00,2.0245,2.0666,2.018,2.0341,22534.0,45613.1754
2025-10-27 03:00:00,2.0341,2.2507,2.0212,2.2478,134388.0,289006.1652
2025-10-27 04:00:00,2.2478,2.298,2.0663,2.1329,109678.0,238484.1875
2025-10-27 05:00:00,2.1329,2.3347,2.11,2.3153,192849.0,428529.1674
2025-10-27 06:00:00,2.3153,2.3316,2.1861,2.2162,206027.0,464680.969
2025-10-27 07:00:00,2.2162,2.2308,2.1431,2.1921,92347.0,201714.7719
2025-10-27 08:00:00,2.1921,2.2724,2.1239,2.137,131896.0,291494.224
2025-10-27 09:00:00,2.137,2.1962,2.0718,2.1546,92017.0,196186.3478
2025-10-27 10:00:00,2.1546,2.2479,2.092,2.2102,134800.0,292826.9289
2025-10-27 11:00:00,2.2102,2.2538,2.1526,2.1704,87466.0,193076.5549
2025-10-27 12:00:00,2.1704,2.2182,2.1147,2.1975,169956.0,369050.0025
2025-10-27 13:00:00,2.1975,2.2528,2.16,2.1779,80212.0,177110.8738
2025-10-27 14:00:00,2.1779,2.1866,1.876,1.9761,225513.0,455723.0128
2025-10-27 15:00:00,1.9761,2.0148,1.9246,1.926,64227.0,126697.9511
2025-10-27 16:00:00,1.926,2.1513,1.8777,2.0288,80889.0,160985.468
2025-10-27 17:00:00,2.0288,2.1326,1.954,1.989,167875.0,342220.1647
2025-10-27 18:00:00,1.989,1.9923,1.9073,1.9096,62314.0,120555.4211
2025-10-27 19:00:00,1.9096,1.9488,1.8847,1.8928,52775.0,100960.2551
2025-10-27 20:00:00,1.8928,1.8928,1.83,1.8602,40318.0,75026.0451
2025-10-27 21:00:00,1.8602,1.893,1.86,1.86,15567.0,29192.0041
2025-10-27 22:00:00,1.86,1.915,1.86,1.8889,21923.0,41376.2527
2025-10-27 23:00:00,1.8889,1.9199,1.8659,1.8857,19903.0,37658.009
2025-10-28 00:00:00,1.8857,1.8857,1.8128,1.8174,36180.0,67018.5464
2025-10-28 01:00:00,1.8174,1.828,1.7786,1.8004,49876.0,89525.5621
2025-10-28 02:00:00,1.8004,1.8087,1.757,1.7955,21498.0,38264.1143
2025-10-28 03:00:00,1.7955,1.8345,1.7515,1.7765,21886.0,39166.4733
2025-10-28 04:00:00,1.7765,1.8265,1.7688,1.8211,39268.0,70758.6313
2025-10-28 05:00:00,1.8211,1.8216,1.7928,1.8024,37970.0,68551.7083
2025-10-28 06:00:00,1.8024,1.8823,1.7999,1.87,28596.0,53213.6803
2025-10-28 07:00:00,1.87,1.9006,1.8409,1.9,54375.0,101993.51
2025-10-28 08:00:00,1.9,2.0062,1.8955,1.9053,107439.0,209982.5873
2025-10-28 09:00:00,1.9053,1.9109,1.8207,1.8345,117261.0,218352.1665
2025-10-28 10:00:00,1.8345,1.8851,1.7591,1.761,61824.0,112100.101
2025-10-28 11:00:00,1.761,1.7626,1.582,1.699,268572.0,445340.5596
2025-10-28 12:00:00,1.699,1.7225,1.6699,1.6755,47377.0,80478.1222
2025-10-28 13:00:00,1.6755,1.707,1.66,1.6921,58657.0,99139.867
2025-10-28 14:00:00,1.6921,1.6966,1.651,1.6731,40873.0,68705.0755
2025-10-28 15:00:00,1.6731,1.687,1.6453,1.6865,18970.0,31572.6692
2025-10-28 16:00:00,1.6865,1.695,1.6473,1.6624,44120.0,73240.5667
2025-10-28 17:00:00,1.6624,1.667,1.6213,1.6253,31759.0,52155.4147
2025-10-28 18:00:00,1.6253,1.6559,1.6053,1.6514,22746.0,36843.7615
2025-10-28 19:00:00,1.6514,1.6521,1.6155,1.65,16971.0,27760.4742
2025-10-28 20:00:00,1.65,1.66,1.6206,1.635,17794.0,29077.9695
2025-10-28 21:00:00,1.635,1.6606,1.6234,1.6388,22077.0,36326.2567
2025-10-28 22:00:00,1.6388,1.67,1.6284,1.6633,4003.0,6614.9465
2025-10-28 23:00:00,1.6633,1.6704,1.6505,1.6704,9495.0,15729.4776
2025-10-29 00:00:00,1.6704,1.7011,1.6589,1.6899,6953.0,11712.3458
2025-10-29 01:00:00,1.6899,1.7124,1.6872,1.7075,4530.0,7690.5237
2025-10-29 02:00:00,1.7075,1.7125,1.6735,1.6766,2728.0,4598.8434
2025-10-29 03:00:00,1.6766,1.7159,1.6766,1.6978,4483.0,7619.1494
2025-10-29 04:00:00,1.6978,1.7062,1.6797,1.6935,5763.0,9754.8646
2025-10-29 05:00:00,1.6935,1.7121,1.69,1.7121,10628.0,18051.3107
2025-10-29 06:00:00,1.7121,2.6655,1.7121,2.1717,11101964.0,23887631.9167
2025-10-29 07:00:00,2.1717,2.2419,2.0707,2.2338,2256907.0,4871916.9338
2025-10-29 08:00:00,2.2338,2.5555,2.1276,2.4005,6460864.0,15083082.368
2025-10-29 09:00:00,2.4005,2.43,1.8947,1.9154,3857777.0,8198573.8459
2025-10-29 10:00:00,1.9154,2.006,1.8414,1.9295,3303642.0,6374690.3243
2025-10-29 11:00:00,1.9295,2.0199,1.8638,1.9765,2488436.0,4858445.345
2025-10-29 12:00:00,1.9765,1.9765,1.8672,1.8855,1809483.0,3483170.0432
2025-10-29 13:00:00,1.8855,1.9296,1.861,1.8933,554524.0,1049321.2987
2025-10-29 14:00:00,1.8933,1.915,1.8258,1.89,736643.0,1378763.5891
2025-10-29 15:00:00,1.89,1.8911,1.7798,1.8048,791201.0,1444720.7691
2025-10-29 16:00:00,1.8048,1.8513,1.7708,1.8159,561221.0,1015792.577
2025-10-29 17:00:00,1.8159,1.8186,1.7658,1.8126,357567.0,642883.4933
2025-10-29 18:00:00,1.8126,1.8331,1.7101,1.768,428007.0,761188.6315
2025-10-29 19:00:00,1.768,1.7776,1.7116,1.744,182281.0,318304.0482
2025-10-29 20:00:00,1.744,1.7967,1.7231,1.7935,233496.0,413445.0043
2025-10-29 21:00:00,1.7935,1.8206,1.7793,1.7812,182959.0,328600.196
2025-10-29 22:00:00,1.7812,1.7976,1.765,1.7817,161381.0,287378.5872
2025-10-29 23:00:00,1.7817,1.7822,1.7234,1.728,192219.0,336324.7767
2025-10-30 00:00:00,1.728,1.7387,1.5717,1.5925,785569.0,1295472.2607
2025-10-30 01:00:00,1.5925,1.6226,1.5798,1.5833,374255.0,597232.0151
2025-10-30 02:00:00,1.5833,1.6302,1.5584,1.622,334014.0,535658.8419
2025-10-30 03:00:00,1.622,1.622,1.5916,1.5946,171891.0,275183.7728
2025-10-30 04:00:00,1.5946,1.607,1.5045,1.5453,794741.0,1223628.8485
2025-10-30 05:00:00,1.5453,1.5622,1.5174,1.5476,367341.0,565397.0683
2025-10-30 06:00:00,1.5476,1.575,1.5402,1.5591,249591.0,388367.7613
2025-10-30 07:00:00,1.5591,1.6179,1.5588,1.5862,468886.0,746055.8719
2025-10-30 08:00:00,1.5862,1.629,1.5509,1.6239,452378.0,716615.5151
2025-10-30 09:00:00,1.6239,1.65,1.586,1.6174,624682.0,1011269.7565
2025-10-30 10:00:00,1.6174,1.6174,1.5729,1.5895,226245.0,360770.1496
2025-10-30 11:00:00,1.5895,1.6423,1.5887,1.6145,428236.0,693133.0514
2025-10-30 12:00:00,1.6145,1.6203,1.5726,1.5878,430708.0,685847.6012
2025-10-30 13:00:00,1.5878,1.6031,1.5501,1.5763,347494.0,546699.2097
2025-10-30 14:00:00,1.5763,1.5888,1.5103,1.5143,375217.0,576702.5833
2025-10-30 15:00:00,1.5143,1.5191,1.4161,1.444,716614.0,1047006.401
2025-10-30 16:00:00,1.444,1.4876,1.4278,1.4514,285361.0,418208.5985
2025-10-30 17:00:00,1.4514,1.452,1.4023,1.4508,312645.0,446622.3075
2025-10-30 18:00:00,1.4508,1.4583,1.407,1.4375,337204.0,482524.5943
2025-10-30 19:00:00,1.4375,1.4454,1.4073,1.4112,150242.0,213363.5477
2025-10-30 20:00:00,1.4112,1.4519,1.4031,1.4478,100608.0,143907.7775
2025-10-30 21:00:00,1.4478,1.4827,1.4417,1.4645,134086.0,196036.5785
2025-10-30 22:00:00,1.4645,1.4906,1.4638,1.486,341287.0,505138.1627
2025-10-30 23:00:00,1.486,1.4875,1.4613,1.4813,80934.0,119183.967
2025-10-31 00:00:00,1.4813,1.541,1.4425,1.4925,428578.0,636813.8622
2025-10-31 01:00:00,1.4925,1.534,1.4865,1.5179,222576.0,336915.6409
2025-10-31 02:00:00,1.5179,1.563,1.4983,1.5152,207556.0,316977.1828
2025-10-31 03:00:00,1.5152,1.5152,1.4859,1.4986,134901.0,202549.7917
2025-10-31 04:00:00,1.4986,1.5224,1.4962,1.513,119282.0,180124.389
2025-10-31 05:00:00,1.513,1.513,1.455,1.4765,253709.0,374524.4269
2025-10-31 06:00:00,1.4765,1.4805,1.4571,1.4668,108483.0,159645.6503
2025-10-31 07:00:00,1.4668,1.4733,1.4235,1.4364,165784.0,239255.6134
2025-10-31 08:00:00,1.4364,1.4529,1.4297,1.4486,97669.0,140872.2652
2025-10-31 09:00:00,1.4486,1.4669,1.444,1.444,131228.0,191046.1294
2025-10-31 10:00:00,1.444,1.4477,1.4155,1.4223,185827.0,265808.2139
2025-10-31 11:00:00,1.4223,1.4489,1.4138,1.4483,195838.0,279653.2973
2025-10-31 12:00:00,1.4483,1.4674,1.4253,1.4271,217020.0,314405.3493
2025-10-31 13:00:00,1.4271,1.4496,1.4044,1.4244,124978.0,178338.695
2025-10-31 14:00:00,1.4244,1.431,1.358,1.3854,451567.0,627090.5796
2025-10-31 15:00:00,1.3854,1.3874,1.3261,1.3406,393299.0,533909.0859
2025-10-31 16:00:00,1.3406,1.357,1.3289,1.3328,200888.0,269415.6886
2025-10-31 17:00:00,1.3328,1.3579,1.314,1.3508,207664.0,276729.5961
2025-10-31 18:00:00,1.3508,1.3615,1.3351,1.3465,80054.0,107823.3666
2025-10-31 19:00:00,1.3465,1.3872,1.34,1.3791,115537.0,158636.9631
2025-10-31 20:00:00,1.3791,1.3844,1.3563,1.3577,30386.0,41618.0021
2025-10-31 21:00:00,1.3577,1.3705,1.3521,1.3705,27936.0,38005.8796
2025-10-31 22:00:00,1.3705,1.395,1.3694,1.3893,47651.0,66082.0186
2025-10-31 23:00:00,1.3893,1.4241,1.3744,1.4072,127063.0,178323.8408
2025-11-01 00:00:00,1.4072,1.4367,1.3602,1.3714,310100.0,430768.6506
2025-11-01 01:00:00,1.3714,1.3757,1.3486,1.3547,221275.0,300724.4906
2025-11-01 02:00:00,1.3547,1.3628,1.3381,1.3552,142543.0,192358.2445
2025-11-01 03:00:00,1.3552,1.3865,1.352,1.3785,407834.0,559983.022
2025-11-01 04:00:00,1.3785,1.3826,1.3558,1.368,147559.0,202540.6991
2025-11-01 05:00:00,1.368,1.368,1.3528,1.3541,20201.0,27423.9061
2025-11-01 06:00:00,1.3541,1.3787,1.3491,1.3773,112708.0,153759.5079
2025-11-01 07:00:00,1.3773,1.3789,1.3601,1.368,77340.0,105808.0869
2025-11-01 08:00:00,1.368,1.3722,1.3475,1.3506,86680.0,118241.8406
2025-11-01 09:00:00,1.3506,1.3609,1.3443,1.3552,69286.0,93880.2797
2025-11-01 10:00:00,1.3552,1.3825,1.3552,1.3688,83089.0,114148.7027
2025-11-01 11:00:00,1.3688,1.3779,1.3619,1.3656,56927.0,77945.3103
2025-11-01 12:00:00,1.3656,1.3744,1.3352,1.3479,217002.0,293054.6125
2025-11-01 13:00:00,1.3479,1.3734,1.347,1.3701,137405.0,186929.3554
2025-11-01 14:00:00,1.3701,1.3701,1.3117,1.3284,142023.0,188065.8586
2025-11-01 15:00:00,1.3284,1.365,1.3253,1.3624,121973.0,164909.8764
2025-11-01 16:00:00,1.3624,1.3941,1.3539,1.3829,56242.0,77637.1164
2025-11-01 17:00:00,1.3829,1.3987,1.3781,1.3961,40385.0,55956.1388
2025-11-01 18:00:00,1.3961,1.4204,1.3865,1.3869,21295.0,29759.1979
2025-11-01 19:00:00,1.3869,1.39,1.3682,1.3793,33230.0,45869.4779
2025-11-01 20:00:00,1.3793,1.39,1.3765,1.3765,14454.0,20013.1042
2025-11-01 21:00:00,1.3765,1.3851,1.3679,1.368,34224.0,47221.7579
2025-11-01 22:00:00,1.368,1.3735,1.3498,1.3654,14508.0,19713.9451
2025-11-01 23:00:00,1.3654,1.3831,1.3604,1.3758,15218.0,20868.1593
2025-11-02 00:00:00,1.3758,1.4308,1.358,1.398,124674.0,175622.6999
2025-11-02 01:00:00,1.398,1.478,1.3973,1.465,526335.0,759777.1023
2025-11-02 02:00:00,1.465,1.4965,1.43,1.4596,265616.0,387285.0093
2025-11-02 03:00:00,1.4596,1.4967,1.4356,1.4506,233166.0,341898.9934
2025-11-02 04:00:00,1.4506,1.472,1.436,1.4439,84694.0,122762.8751
2025-11-02 05:00:00,1.4439,1.4444,1.338,1.341,512073.0,714576.0978
2025-11-02 06:00:00,1.341,1.3724,1.3378,1.3627,198380.0,269537.8629
2025-11-02 07:00:00,1.3627,1.3657,1.3352,1.3587,174410.0,235268.7281
2025-11-02 08:00:00,1.3587,1.3633,1.3264,1.3292,80659.0,108114.4526
2025-11-02 09:00:00,1.3292,1.3401,1.3174,1.3236,103359.0,137402.3507
2025-11-02 10:00:00,1.3236,1.3269,1.3013,1.3118,203519.0,267104.8017
2025-11-02 11:00:00,1.3118,1.323,1.3103,1.322,44572.0,58745.4945
2025-11-02 12:00:00,1.322,1.3358,1.32,1.3205,34713.0,46121.8224
2025-11-02 13:00:00,1.3205,1.3271,1.3028,1.3087,118842.0,156123.804
2025-11-02 14:00:00,1.3087,1.3087,1.244,1.2659,307539.0,391167.9905
2025-11-02 15:00:00,1.2659,1.2754,1.2557,1.2725,179670.0,228216.5174
2025-11-02 16:00:00,1.2725,1.2725,1.2539,1.2574,50185.0,63309.6949
2025-11-02 17:00:00,1.2574,1.271,1.2547,1.2686,38602.0,48716.8978
2025-11-02 18:00:00,1.2686,1.274,1.2622,1.2634,18164.0,23031.022
2025-11-02 19:00:00,1.2634,1.2634,1.2516,1.2586,47754.0,60031.2826
2025-11-02 20:00:00,1.2586,1.2586,1.2489,1.2556,52033.0,65250.171
2025-11-02 21:00:00,1.2556,1.2927,1.2501,1.272,325804.0,413279.0253
2025-11-02 22:00:00,1.272,1.2885,1.2718,1.2782,42090.0,53888.2333
2025-11-02 23:00:00,1.2782,1.2892,1.2782,1.2867,163195.0,209580.6792
2025-11-03 00:00:00,1.2867,1.3051,1.2071,1.208,253614.0,314747.4755
2025-11-03 01:00:00,1.208,1.2145,1.1792,1.1964,248450.0,297176.0707
2025-11-03 02:00:00,1.1964,1.2037,1.1815,1.1933,65684.0,78478.8508
2025-11-03 03:00:00,1.1933,1.2028,1.1624,1.1746,276597.0,328110.6294
2025-11-03 04:00:00,1.1746,1.1846,1.1638,1.1827,81118.0,95018.8877
2025-11-03 05:00:00,1.1827,1.1887,1.1731,1.1763,36197.0,42827.3329
2025-11-03 06:00:00,1.1763,1.1763,1.1417,1.166,176066.0,203944.8305
2025-11-03 07:00:00,1.166,1.2012,1.1633,1.2012,41118.0,48749.912
2025-11-03 08:00:00,1.2012,1.2012,1.169,1.1805,22448.0,26550.974
2025-11-03 09:00:00,1.1805,1.2009,1.1668,1.1679,89874.0,106494.4482
2025-11-03 10:00:00,1.1679,1.1722,1.1508,1.1604,51323.0,59532.1435
2025-11-03 11:00:00,1.1604,1.1755,1.1604,1.1623,35458.0,41337.8476
2025-11-03 12:00:00,1.1623,1.1782,1.152,1.1546,34851.0,40683.36
2025-11-03 13:00:00,1.1546,1.1557,1.1205,1.1325,176846.0,200609.5668
2025-11-03 14:00:00,1.1325,1.1657,1.1325,1.1657,73888.0,84455.856
2025-11-03 15:00:00,1.1657,1.1657,0.9999,1.0833,1307080.0,1413323.2122
2025-11-03 16:00:00,1.0833,1.1017,1.0738,1.0791,234701.0,254701.3846
2025-11-03 17:00:00,1.0791,1.0966,1.0703,1.0925,97596.0,105790.1284
2025-11-03 18:00:00,1.0925,1.0925,1.0577,1.0578,48613.0,51886.2481
2025-11-03 19:00:00,1.0578,1.061,1.0373,1.0394,79888.0,83682.7806
2025-11-03 20:00:00,1.0394,1.0535,1.0306,1.0381,93507.0,97176.5395
2025-11-03 21:00:00,1.0381,1.0587,1.026,1.0555,79498.0,82953.0258
2025-11-03 22:00:00,1.0555,1.0599,1.0378,1.0521,48780.0,50999.8135
2025-11-03 23:00:00,1.0521,1.084,1.0456,1.0743,74846.0,80116.1324
2025-11-04 00:00:00,1.0743,1.0796,1.0548,1.0571,103367.0,110056.6169
2025-11-04 01:00:00,1.0571,1.1092,1.0571,1.0987,178098.0,194108.874
2025-11-04 02:00:00,1.0987,1.101,1.0725,1.0734,73192.0,79377.2843
2025-11-04 03:00:00,1.0734,1.0836,1.0635,1.0792,38106.0,40988.3272
2025-11-04 04:00:00,1.0792,1.0807,1.0553,1.0584,18417.0,19711.4536
2025-11-04 05:00:00,1.0584,1.0625,1.0221,1.0235,98487.0,102340.0746
2025-11-04 06:00:00,1.0235,1.0717,1.0235,1.0496,48085.0,50752.4896
2025-11-04 07:00:00,1.0496,1.0611,1.0391,1.0439,106019.0,111528.0712
2025-11-04 08:00:00,1.0439,1.0799,1.0428,1.0665,108745.0,115823.4191
2025-11-04 09:00:00,1.0665,1.0696,1.0564,1.0611,56179.0,59669.1872
2025-11-04 10:00:00,1.0611,1.0882,1.0552,1.0864,53391.0,57134.3555
2025-11-04 11:00:00,1.0864,1.1318,1.0835,1.0978,183628.0,203440.5869
2025-11-04 12:00:00,1.0978,1.0981,1.0721,1.0765,94304.0,102318.953
2025-11-04 13:00:00,1.0765,1.0812,1.0617,1.0754,45803.0,49025.1244
2025-11-04 14:00:00,1.0754,1.0888,1.0588,1.0823,95440.0,102712.6303
2025-11-04 15:00:00,1.0823,1.0888,1.0458,1.0555,35753.0,38129.5461
2025-11-04 16:00:00,1.0555,1.0665,1.0456,1.0561,30305.0,32037.4575
2025-11-04 17:00:00,1.0561,1.0615,1.0356,1.0601,42297.0,44246.7617
2025-11-04 18:00:00,1.0601,1.0618,1.0261,1.0543,91407.0,95196.8132
2025-11-04 19:00:00,1.0543,1.0968,1.0523,1.0783,86495.0,93159.2357
2025-11-04 20:00:00,1.0783,1.1096,1.0519,1.0923,164543.0,177477.9284
2025-11-04 21:00:00,1.0923,1.1083,1.0434,1.1025,138209.0,148126.0285
2025-11-04 22:00:00,1.1025,1.1152,1.0784,1.0831,51878.0,56863.5203
2025-11-04 23:00:00,1.0831,1.0951,1.0616,1.0729,40632.0,43881.4955
2025-11-05 00:00:00,1.0729,1.0888,1.03,1.0419,118133.0,124966.1202
2025-11-05 01:00:00,1.0419,1.0468,1.0025,1.0437,124224.0,126396.4211
2025-11-05 02:00:00,1.0437,1.0628,1.0388,1.0623,60395.0,63419.4805
2025-11-05 03:00:00,1.0623,1.2426,1.0591,1.1412,1128306.0,1313299.7176
2025-11-05 04:00:00,1.1412,1.2,1.1362,1.172,385756.0,451165.6129
2025-11-05 05:00:00,1.172,1.2351,1.1623,1.1644,513744.0,614540.644
2025-11-05 06:00:00,1.1644,1.1811,1.1318,1.1482,224809.0,260644.0467
2025-11-05 07:00:00,1.1482,1.2322,1.1396,1.2067,396947.0,474909.7171
2025-11-05 08:00:00,1.2067,1.2067,1.1411,1.1568,301340.0,350044.3727
2025-11-05 09:00:00,1.1568,1.1623,1.1348,1.1525,115042.0,132277.8184
2025-11-05 10:00:00,1.1525,1.1528,1.1169,1.1332,91815.0,104188.7785
2025-11-05 11:00:00,1.1332,1.1332,1.1066,1.1072,108185.0,120952.3168
2025-11-05 12:00:00,1.1072,1.1101,1.0776,1.09,126134.0,138007.1537
2025-11-05 13:00:00,1.09,1.0975,1.0749,1.0852,137933.0,149857.7142
2025-11-05 14:00:00,1.0852,1.0852,1.0606,1.0659,72484.0,77679.2443
2025-11-05 15:00:00,1.0659,1.0888,1.0551,1.0868,111905.0,119553.2317
2025-11-05 16:00:00,1.0868,1.1113,1.0756,1.1098,66282.0,72064.9199
2025-11-05 17:00:00,1.1098,1.1245,1.0978,1.1032,82924.0,92355.2679
2025-11-05 18:00:00,1.1032,1.1083,1.0899,1.0899,57791.0,63441.7873
2025-11-05 19:00:00,1.0899,1.0946,1.0809,1.0868,15786.0,17170.4417
2025-11-05 20:00:00,1.0868,1.0892,1.0749,1.0843,29033.0,31449.954
2025-11-05 21:00:00,1.0843,1.0992,1.079,1.0992,34862.0,38012.0222
2025-11-05 22:00:00,1.0992,1.1168,1.0941,1.1118,33351.0,36891.2277
2025-11-05 23:00:00,1.1118,1.12,1.1043,1.1079,42152.0,46814.1972
2025-11-06 00:00:00,1.1079,1.1693,1.0764,1.0801,764730.0,865687.6283
2025-11-06 01:00:00,1.0801,1.0836,1.0553,1.0757,140747.0,150536.9269
2025-11-06 02:00:00,1.0757,1.0757,1.0506,1.0553,119622.0,126829.4584
2025-11-06 03:00:00,1.0553,1.0839,1.053,1.0719,102273.0,109890.9437
2025-11-06 04:00:00,1.0719,1.0802,1.06,1.0747,68961.0,73730.4616
2025-11-06 05:00:00,1.0747,1.0836,1.0546,1.0572,120802.0,129222.1198
2025-11-06 06:00:00,1.0572,1.0675,1.0542,1.0581,18634.0,19762.4347
2025-11-06 07:00:00,1.0581,1.0585,1.0335,1.0578,89400.0,93379.5061
2025-11-06 08:00:00,1.0578,1.0628,1.0386,1.0457,51643.0,54358.5189
2025-11-06 09:00:00,1.0457,1.0623,1.0379,1.0602,25971.0,27249.3346
2025-11-06 10:00:00,1.0602,1.0759,1.0492,1.0687,29472.0,31246.2519
2025-11-06 11:00:00,1.0687,1.0687,1.0506,1.0506,28987.0,30671.2587
2025-11-06 12:00:00,1.0506,1.0566,1.0325,1.0396,29357.0,30520.678
2025-11-06 13:00:00,1.0396,1.0509,1.0361,1.0421,28263.0,29503.589
2025-11-06 14:00:00,1.0421,1.0542,1.0243,1.0292,63169.0,65427.1942
2025-11-06 15:00:00,1.0292,1.041,1.0069,1.0157,119247.0,121370.0821
2025-11-06 16:00:00,1.0157,1.042,1.0024,1.042,89694.0,90978.5255
2025-11-06 17:00:00,1.042,1.0836,1.0352,1.076,115844.0,123707.4355
2025-11-06 18:00:00,1.076,1.0994,1.076,1.0922,55041.0,59832.3487
2025-11-06 19:00:00,1.0922,1.0948,1.0628,1.0723,56534.0,60785.9997
2025-11-06 20:00:00,1.0723,1.0793,1.0653,1.0751,10578.0,11354.3846
2025-11-06 21:00:00,1.0751,1.0825,1.0748,1.0763,27989.0,30151.1742
2025-11-06 22:00:00,1.0763,1.0763,1.0516,1.0637,73066.0,77730.6307
2025-11-06 23:00:00,1.0637,1.0647,1.041,1.0498,23701.0,24915.8576
2025-11-07 00:00:00,1.0498,1.0746,1.0405,1.056,117403.0,123501.6122
2025-11-07 01:00:00,1.056,1.058,1.0315,1.0524,66850.0,69990.17
2025-11-07 02:00:00,1.0524,1.0661,1.0507,1.0661,12313.0,13024.7694
2025-11-07 03:00:00,1.0661,1.0734,1.0597,1.0597,28755.0,30672.6878
2025-11-07 04:00:00,1.0597,1.0695,1.0481,1.0692,10277.0,10848.2161
2025-11-07 05:00:00,1.0692,1.0875,1.0692,1.0755,11881.0,12824.6654
2025-11-07 06:00:00,1.0755,1.0755,1.059,1.0613,32437.0,34466.8948
2025-11-07 07:00:00,1.0613,1.0824,1.0608,1.0797,19618.0,21080.4988
2025-11-07 08:00:00,1.0797,1.1063,1.0781,1.0938,49800.0,54493.4945
2025-11-07 09:00:00,1.0938,1.0957,1.0524,1.0637,49944.0,53399.6421
2025-11-07 10:00:00,1.0637,1.0661,1.0451,1.0526,24914.0,26254.6588
2025-11-07 11:00:00,1.0526,1.0526,1.0341,1.0402,17715.0,18420.6347
2025-11-07 12:00:00,1.0402,1.0428,1.0206,1.0332,34035.0,35018.0814
2025-11-07 13:00:00,1.0332,1.0658,1.0258,1.057,13555.0,14316.5247
2025-11-07 14:00:00,1.057,1.097,1.0552,1.0908,107986.0,116977.8912
2025-11-07 15:00:00,1.0908,1.1008,1.0779,1.1003,93637.0,101831.494
2025-11-07 16:00:00,1.1003,1.1252,1.0928,1.12,21129.0,23474.9294
2025-11-07 17:00:00,1.12,1.1523,1.1197,1.1452,23303.0,26646.2723
2025-11-07 18:00:00,1.1452,1.1595,1.1452,1.1594,14356.0,16550.7378
2025-11-07 19:00:00,1.1594,1.1669,1.1466,1.1555,42281.0,48914.5185
2025-11-07 20:00:00,1.1555,1.1626,1.1465,1.1527,21077.0,24279.4659
2025-11-07 21:00:00,1.1527,1.1646,1.1527,1.1561,8130.0,9415.575
2025-11-07 22:00:00,1.1561,1.1597,1.1501,1.1558,11195.0,12937.4007
2025-11-07 23:00:00,1.1558,1.1558,1.1328,1.1374,19376.0,22098.4174
2025-11-08 00:00:00,1.1374,1.1564,1.1223,1.1223,37292.0,42644.4321
2025-11-08 01:00:00,1.1223,1.1564,1.1203,1.1417,15508.0,17695.004
2025-11-08 02:00:00,1.1417,1.1463,1.1371,1.1402,6787.0,7752.5222
2025-11-08 03:00:00,1.1402,1.1457,1.113,1.1163,47040.0,52839.5167
2025-11-08 04:00:00,1.1163,1.1305,1.1148,1.1148,16648.0,18703.5494
2025-11-08 05:00:00,1.1148,1.1205,1.0916,1.1039,27706.0,30558.4711
2025-11-08 06:00:00,1.1039,1.1184,1.0931,1.1184,14035.0,15525.9393
2025-11-08 07:00:00,1.1184,1.1184,1.102,1.1131,8495.0,9442.4195
2025-11-08 08:00:00,1.1131,1.1145,1.098,1.1124,5867.0,6503.0232
2025-11-08 09:00:00,1.1124,1.1241,1.1035,1.1092,16103.0,17936.5871
2025-11-08 10:00:00,1.1092,1.1252,1.1044,1.1242,5690.0,6337.6758
2025-11-08 11:00:00,1.1242,1.1441,1.1181,1.1245,23304.0,26344.9231
2025-11-08 12:00:00,1.1245,1.128,1.1136,1.1232,21188.0,23750.7025
2025-11-08 13:00:00,1.1232,1.1233,1.0992,1.1,28597.0,31727.6355
2025-11-08 14:00:00,1.1,1.1014,1.0809,1.0959,70602.0,76625.581
2025-11-08 15:00:00,1.0959,1.0992,1.0732,1.078,22089.0,23918.7178
2025-11-08 16:00:00,1.078,1.0917,1.068,1.0819,22296.0,24139.5039
2025-11-08 17:00:00,1.0819,1.0895,1.0818,1.088,8977.0,9749.3625
2025-11-08 18:00:00,1.088,1.0899,1.0807,1.085,7752.0,8419.2882
2025-11-08 19:00:00,1.085,1.0903,1.0732,1.0836,6801.0,7356.1445
2025-11-08 20:00:00,1.0836,1.0851,1.0746,1.0836,3560.0,3843.3073
2025-11-08 21:00:00,1.0836,1.0888,1.0784,1.087,5024.0,5434.2431
2025-11-08 22:00:00,1.087,1.096,1.087,1.0888,5125.0,5596.8528
2025-11-08 23:00:00,1.0888,1.0958,1.0862,1.0929,5528.0,6040.3128
2025-11-09 00:00:00,1.0929,1.1135,1.0765,1.0782,66363.0,72537.49
2025-11-09 01:00:00,1.0782,1.0869,1.0674,1.0702,17935.0,19296.0016
2025-11-09 02:00:00,1.0702,1.0741,1.0414,1.044,25505.0,26800.3817
2025-11-09 03:00:00,1.044,1.0541,1.0375,1.0496,16175.0,16940.119
2025-11-09 04:00:00,1.0496,1.0668,1.0496,1.0668,9918.0,10515.2333
2025-11-09 05:00:00,1.0668,1.075,1.062,1.0666,10793.0,11529.8088
2025-11-09 06:00:00,1.0666,1.0833,1.0649,1.0787,43956.0,47304.6916
2025-11-09 07:00:00,1.0787,1.09,1.0747,1.0834,23398.0,25382.7096
2025-11-09 08:00:00,1.0834,1.0861,1.0649,1.0708,37267.0,40125.9248
2025-11-09 09:00:00,1.0708,1.0808,1.0702,1.0717,8942.0,9624.9874
2025-11-09 10:00:00,1.0717,1.0717,1.0524,1.0705,111934.0,118486.3666
2025-11-09 11:00:00,1.0705,1.081,1.0705,1.0754,29827.0,32113.2652
2025-11-09 12:00:00,1.0754,1.0784,1.0728,1.077,13620.0,14641.5145
2025-11-09 13:00:00,1.077,1.0816,1.0716,1.0812,62028.0,66637.2327
2025-11-09 14:00:00,1.0812,1.123,1.0673,1.1044,141001.0,153191.8633
2025-11-09 15:00:00,1.1044,1.1122,1.1001,1.1067,31156.0,34474.9913
2025-11-09 16:00:00,1.1067,1.107,1.0811,1.1002,40527.0,44185.1941
2025-11-09 17:00:00,1.1002,1.1065,1.0931,1.0996,7358.0,8103.0119
2025-11-09 18:00:00,1.0996,1.1105,1.0915,1.1105,3188.0,3498.9725
2025-11-09 19:00:00,1.1105,1.1216,1.1105,1.1183,20207.0,22590.3375
2025-11-09 20:00:00,1.1183,1.1236,1.1115,1.1167,8467.0,9482.0229
2025-11-09 21:00:00,1.1167,1.1167,1.102,1.102,7604.0,8424.3105
2025-11-09 22:00:00,1.102,1.1044,1.0937,1.1021,6244.0,6862.5513
2025-11-09 23:00:00,1.1021,1.106,1.0885,1.0948,25625.0,27984.0299
2025-11-10 00:00:00,1.0948,1.1182,1.0855,1.1173,47689.0,52497.9073
2025-11-10 01:00:00,1.1173,1.1227,1.0916,1.093,41518.0,45681.1766
2025-11-10 02:00:00,1.093,1.0968,1.0831,1.085,43663.0,47632.3375
2025-11-10 03:00:00,1.085,1.094,1.0833,1.0863,9881.0,10751.0048
2025-11-10 04:00:00,1.0863,1.09,1.0734,1.0885,17032.0,18436.0838
2025-11-10 05:00:00,1.0885,1.0951,1.0806,1.0922,31022.0,33819.9591
2025-11-10 06:00:00,1.0922,1.0953,1.0814,1.0896,8195.0,8918.5462
2025-11-10 07:00:00,1.0896,1.0985,1.0834,1.0875,22511.0,24585.0243
2025-11-10 08:00:00,1.0875,1.091,1.0805,1.0843,12932.0,14043.2894
2025-11-10 09:00:00,1.0843,1.1265,1.0843,1.1265,37764.0,42059.8919
2025-11-10 10:00:00,1.1265,1.136,1.0918,1.0995,54765.0,61056.1043
2025-11-10 11:00:00,1.0995,1.1252,1.0989,1.1215,15687.0,17449.4219
2025-11-10 12:00:00,1.1215,1.136,1.102,1.1033,39104.0,43706.7271
2025-11-10 13:00:00,1.1033,1.1167,1.0947,1.1022,43099.0,47670.4886
2025-11-10 14:00:00,1.1022,1.1165,1.0812,1.089,64002.0,70432.1951
2025-11-10 15:00:00,1.089,1.1213,1.0847,1.1139,82313.0,90822.0306
2025-11-10 16:00:00,1.1139,1.1411,1.1033,1.1234,65804.0,73778.3705
2025-11-10 17:00:00,1.1234,1.1732,1.12,1.1344,84153.0,96902.6727
2025-11-10 18:00:00,1.1344,1.1432,1.1213,1.1314,62138.0,70444.1149
2025-11-10 19:00:00,1.1314,1.1398,1.1205,1.1335,13553.0,15317.7978
2025-11-10 20:00:00,1.1335,1.1556,1.1228,1.1401,44845.0,51164.2644
2025-11-10 21:00:00,1.1401,1.1402,1.1122,1.1211,29482.0,33296.7744
2025-11-10 22:00:00,1.1211,1.1591,1.1211,1.1566,13585.0,15610.5449
2025-11-10 23:00:00,1.1566,1.1649,1.1408,1.1432,50985.0,58777.5751
2025-11-11 00:00:00,1.1432,1.1484,1.1234,1.1329,41023.0,46716.4276
2025-11-11 01:00:00,1.1329,1.146,1.1064,1.1088,36888.0,41540.7149
2025-11-11 02:00:00,1.1088,1.1564,1.1049,1.1423,34673.0,39530.2206
2025-11-11 03:00:00,1.1423,1.1512,1.1321,1.1355,21903.0,25053.6962
2025-11-11 04:00:00,1.1355,1.1355,1.1083,1.1127,23386.0,26095.305
2025-11-11 05:00:00,1.1127,1.1171,1.0836,1.0836,26840.0,29437.5471
2025-11-11 06:00:00,1.0836,1.0959,1.0739,1.0847,37006.0,40068.7003
2025-11-11 07:00:00,1.0847,1.0847,1.0493,1.0539,69751.0,74240.2913
2025-11-11 08:00:00,1.0539,1.0641,1.0434,1.0472,69713.0,73173.3814
2025-11-11 09:00:00,1.0472,1.0649,1.0408,1.0516,107631.0,113192.2809
2025-11-11 10:00:00,1.0516,1.074,1.0516,1.0676,62976.0,67236.6791
2025-11-11 11:00:00,1.0676,1.0708,1.0468,1.0535,29104.0,30711.4987
2025-11-11 12:00:00,1.0535,1.0577,1.034,1.0468,106060.0,110818.414
2025-11-11 13:00:00,1.0468,1.0527,1.0354,1.0393,23458.0,24466.5846
2025-11-11 14:00:00,1.0393,1.042,1.02,1.042,73407.0,75583.4398
2025-11-11 15:00:00,1.042,1.0422,1.0242,1.0347,53630.0,55418.3901
2025-11-11 16:00:00,1.0347,1.0421,1.0264,1.0382,37480.0,38906.599
2025-11-11 17:00:00,1.0382,1.0421,1.0289,1.0398,18141.0,18786.0531
2025-11-11 18:00:00,1.0398,1.0399,1.0238,1.0273,5505.0,5671.8644
2025-11-11 19:00:00,1.0273,1.0335,1.0183,1.0192,60467.0,62110.6435
2025-11-11 20:00:00,1.0192,1.025,1.0023,1.0065,25341.0,25610.3394
2025-11-11 21:00:00,1.0065,1.015,1.0035,1.0064,24913.0,25097.8317
2025-11-11 22:00:00,1.0064,1.0213,0.9935,1.0207,18169.0,18223.9698
2025-11-11 23:00:00,1.0207,1.0229,1.0056,1.0079,12970.0,13171.2618
2025-11-12 00:00:00,1.0079,1.0197,0.9997,1.0088,32755.0,33130.1633
2025-11-12 01:00:00,1.0088,1.0303,1.0088,1.0184,73055.0,74621.5244
2025-11-12 02:00:00,1.0184,1.0266,1.0157,1.021,11354.0,11605.6145
2025-11-12 03:00:00,1.021,1.031,1.021,1.0266,71021.0,73034.8746
2025-11-12 04:00:00,1.0266,1.034,1.0228,1.0262,24866.0,25590.3879
2025-11-12 05:00:00,1.0262,1.0368,1.0237,1.0243,73196.0,75291.9229
2025-11-12 06:00:00,1.0243,1.0377,1.0239,1.0271,48310.0,49837.4525
2025-11-12 07:00:00,1.0271,1.0274,1.016,1.0197,20290.0,20742.2512
2025-11-12 08:00:00,1.0197,1.042,1.0197,1.0336,10662.0,11038.7155
2025-11-12 09:00:00,1.0336,1.0388,1.0329,1.0378,14716.0,15253.4223
2025-11-12 10:00:00,1.0378,1.0493,1.0378,1.0443,15921.0,16623.4563
2025-11-12 11:00:00,1.0443,1.0476,1.0323,1.0339,16723.0,17382.7364
2025-11-12 12:00:00,1.0339,1.0385,1.0298,1.0346,11540.0,11944.4239
2025-11-12 13:00:00,1.0346,1.0455,1.0303,1.0448,6365.0,6607.9272
2025-11-12 14:00:00,1.0448,1.0448,1.0181,1.0241,23803.0,24496.3401
2025-11-12 15:00:00,1.0241,1.0316,0.9991,1.0048,53943.0,54526.2525
2025-11-12 16:00:00,1.0048,1.023,0.9757,1.0072,103923.0,103941.8306
2025-11-12 17:00:00,1.0072,1.0261,0.9979,1.011,35468.0,35907.4784
2025-11-12 18:00:00,1.011,1.062,1.0069,1.0444,127086.0,132199.3945
2025-11-12 19:00:00,1.0444,1.0596,1.0297,1.0342,69537.0,72412.2087
2025-11-12 20:00:00,1.0342,1.0399,1.0275,1.0304,26098.0,27000.4841
2025-11-12 21:00:00,1.0304,1.0456,1.0218,1.0376,28938.0,29984.1787
2025-11-12 22:00:00,1.0376,1.054,1.0368,1.0462,27397.0,28659.4948
2025-11-12 23:00:00,1.0462,1.0544,1.0347,1.0421,34727.0,36132.9421
2025-11-13 00:00:00,1.0421,1.0843,1.0216,1.0435,106507.0,111587.5556
2025-11-13 01:00:00,1.0435,1.0553,1.0418,1.0499,33657.0,35300.0815
2025-11-13 02:00:00,1.0499,1.0806,1.0487,1.0737,71904.0,76678.2229
2025-11-13 03:00:00,1.0737,1.0805,1.0555,1.0604,50184.0,53586.8322
2025-11-13 04:00:00,1.0604,1.0604,1.0375,1.0453,66837.0,69891.2302
2025-11-13 05:00:00,1.0453,1.0453,1.0264,1.0334,30020.0,31019.0579
2025-11-13 06:00:00,1.0334,1.0383,1.0293,1.0322,16810.0,17384.203
2025-11-13 07:00:00,1.0322,1.0401,1.0189,1.0217,50919.0,52406.2711
2025-11-13 08:00:00,1.0217,1.0234,1.0107,1.0197,35141.0,35775.5314
2025-11-13 09:00:00,1.0197,1.0212,1.0029,1.016,39023.0,39363.7164
2025-11-13 10:00:00,1.016,1.0243,1.0098,1.0098,35831.0,36485.0808
2025-11-13 11:00:00,1.0098,1.0134,1.0091,1.0117,12609.0,12757.7432
2025-11-13 12:00:00,1.0117,1.0167,1.0102,1.0155,8503.0,8620.0318
2025-11-13 13:00:00,1.0155,1.016,0.9897,0.9971,109815.0,109359.047
2025-11-13 14:00:00,0.9971,1.0084,0.9837,1.0015,78071.0,77538.3694
2025-11-13 15:00:00,1.0015,1.0066,0.9842,0.9879,70510.0,70126.8821
2025-11-13 16:00:00,0.9879,0.9879,0.9641,0.9665,51689.0,50320.7933
2025-11-13 17:00:00,0.9665,0.969,0.9362,0.9405,89700.0,85388.1954
2025-11-13 18:00:00,0.9405,0.9421,0.922,0.9369,34481.0,32123.2978
2025-11-13 19:00:00,0.9369,0.9388,0.915,0.9157,25513.0,23539.4063
2025-11-13 20:00:00,0.9157,0.9199,0.9091,0.9132,31725.0,28987.2994
2025-11-13 21:00:00,0.9132,0.9259,0.9132,0.925,7498.0,6912.7637
2025-11-13 22:00:00,0.925,0.9456,0.925,0.9456,17021.0,15994.2918
2025-11-13 23:00:00,0.9456,0.9528,0.942,0.9518,21851.0,20723.3593
2025-11-14 00:00:00,0.9518,0.9518,0.9265,0.9274,15531.0,14563.7662
2025-11-14 01:00:00,0.9274,0.9274,0.9145,0.9152,26075.0,23955.0277
2025-11-14 02:00:00,0.9152,0.9214,0.9117,0.9149,13000.0,11908.7776
2025-11-14 03:00:00,0.9149,0.9157,0.904,0.9144,38274.0,34808.3409
2025-11-14 04:00:00,0.9144,0.9222,0.8637,0.8905,109564.0,96977.4606
2025-11-14 05:00:00,0.8905,0.9001,0.8901,0.8975,29486.0,26375.3436
2025-11-14 06:00:00,0.8975,0.9029,0.8798,0.9029,21284.0,18957.7494
2025-11-14 07:00:00,0.9029,0.9071,0.8961,0.8961,16575.0,14924.4933
2025-11-14 08:00:00,0.8961,0.897,0.8838,0.8876,46677.0,41545.9855
2025-11-14 09:00:00,0.8876,0.8897,0.874,0.8757,26660.0,23396.5885
2025-11-14 10:00:00,0.8757,0.9045,0.8749,0.8987,12903.0,11490.539
2025-11-14 11:00:00,0.8987,0.8987,0.8819,0.8827,26429.0,23473.1132
2025-11-14 12:00:00,0.8827,0.8918,0.8634,0.8887,35646.0,31262.1099
2025-11-14 13:00:00,0.8887,0.8894,0.872,0.8828,43947.0,38802.3971
2025-11-14 14:00:00,0.8828,0.8976,0.8745,0.8897,91893.0,81477.8151
2025-11-14 15:00:00,0.8897,0.8965,0.8771,0.8898,17835.0,15849.087
2025-11-14 16:00:00,0.8898,0.8941,0.8811,0.8898,7429.0,6596.5811
2025-11-14 17:00:00,0.8898,0.9,0.8833,0.8839,23059.0,20492.2558
2025-11-14 18:00:00,0.8839,0.9037,0.8829,0.8955,11618.0,10405.552
2025-11-14 19:00:00,0.8955,0.9129,0.8935,0.9115,14961.0,13557.6545
2025-11-14 20:00:00,0.9115,0.9141,0.8778,0.884,31969.0,28709.3965
2025-11-14 21:00:00,0.884,0.8988,0.8817,0.8936,14672.0,13084.2406
2025-11-14 22:00:00,0.8936,0.8987,0.8836,0.8845,20183.0,17981.6379
2025-11-14 23:00:00,0.8845,0.8867,0.8619,0.8836,35691.0,31152.2658
2025-11-15 00:00:00,0.8836,0.8904,0.8807,0.8904,26037.0,23007.7735
2025-11-15 01:00:00,0.8904,0.9005,0.8878,0.8947,36365.0,32530.1031
2025-11-15 02:00:00,0.8947,0.906,0.8947,0.9056,13415.0,12068.2208
2025-11-15 03:00:00,0.9056,0.9128,0.9036,0.9087,11334.0,10298.7925
2025-11-15 04:00:00,0.9087,0.9087,0.8973,0.8975,11631.0,10504.147
2025-11-15 05:00:00,0.8975,0.9011,0.8951,0.9004,8837.0,7937.7779
2025-11-15 06:00:00,0.9004,0.904,0.8985,0.9036,10822.0,9753.192
2025-11-15 07:00:00,0.9036,0.9197,0.9018,0.9075,11593.0,10554.8403
2025-11-15 08:00:00,0.9075,0.9103,0.8861,0.8869,25797.0,23068.2632
2025-11-15 09:00:00,0.8869,0.8952,0.8838,0.8858,23985.0,21347.8026
2025-11-15 10:00:00,0.8858,0.8872,0.8794,0.8866,16227.0,14335.3181
2025-11-15 11:00:00,0.8866,0.8897,0.8723,0.8789,13564.0,11978.6946
2025-11-15 12:00:00,0.8789,0.895,0.8757,0.8925,13730.0,12176.727
2025-11-15 13:00:00,0.8925,0.8945,0.8865,0.8916,24345.0,21686.6749
2025-11-15 14:00:00,0.8916,0.893,0.887,0.8918,9857.0,8770.3468
2025-11-15 15:00:00,0.8918,0.8971,0.8897,0.8939,36551.0,32642.1391
2025-11-15 16:00:00,0.8939,0.8953,0.8824,0.8943,67489.0,59814.3373
2025-11-15 17:00:00,0.8943,0.9088,0.8943,0.9022,17214.0,15512.4242
2025-11-15 18:00:00,0.9022,0.9038,0.8988,0.8993,16685.0,15032.3067
2025-11-15 19:00:00,0.8993,0.9016,0.8921,0.8953,34097.0,30523.2679
2025-11-15 20:00:00,0.8953,0.8955,0.8841,0.886,33752.0,30041.4328
2025-11-15 21:00:00,0.886,0.8905,0.8794,0.8807,12221.0,10841.7107
2025-11-15 22:00:00,0.8807,0.89,0.8786,0.8856,11121.0,9815.6228
2025-11-15 23:00:00,0.8856,0.8904,0.8843,0.8898,38426.0,34069.7115
2025-11-16 00:00:00,0.8898,0.9192,0.8758,0.8873,106383.0,95885.6078
2025-11-16 01:00:00,0.8873,0.8917,0.8619,0.8762,36798.0,32351.7774
2025-11-16 02:00:00,0.8762,0.8877,0.8733,0.8868,22631.0,19956.5552
2025-11-16 03:00:00,0.8868,0.889,0.8846,0.8864,13214.0,11717.8963
2025-11-16 04:00:00,0.8864,0.8864,0.8741,0.8816,34875.0,30725.5169
2025-11-16 05:00:00,0.8816,0.8904,0.8816,0.8832,15164.0,13438.4024
2025-11-16 06:00:00,0.8832,0.8867,0.8796,0.88,13701.0,12111.6919
2025-11-16 07:00:00,0.88,0.8838,0.8773,0.8838,16828.0,14817.0122
2025-11-16 08:00:00,0.8838,0.8848,0.8749,0.8841,13278.0,11687.6197
2025-11-16 09:00:00,0.8841,0.9014,0.8822,0.8998,25113.0,22468.6396
2025-11-16 10:00:00,0.8998,0.9059,0.8907,0.8918,24858.0,22331.6179
2025-11-16 11:00:00,0.8918,0.8938,0.8693,0.8727,48795.0,42833.7438
2025-11-16 12:00:00,0.8727,0.878,0.8655,0.8749,28675.0,24956.5083
2025-11-16 13:00:00,0.8749,0.8788,0.8647,0.866,18773.0,16356.7851
2025-11-16 14:00:00,0.866,0.8751,0.8619,0.874,34011.0,29543.8259
2025-11-16 15:00:00,0.874,0.874,0.842,0.8457,102260.0,87132.4373
2025-11-16 16:00:00,0.8457,0.8532,0.8343,0.8362,39452.0,33207.2564
2025-11-16 17:00:00,0.8362,0.8471,0.8252,0.8397,54857.0,45863.2544
2025-11-16 18:00:00,0.8397,0.8551,0.8356,0.8406,22374.0,18944.3437
2025-11-16 19:00:00,0.8406,0.8591,0.8406,0.8544,13531.0,11550.1295
2025-11-16 20:00:00,0.8544,0.8995,0.8542,0.8984,104523.0,91154.4645
2025-11-16 21:00:00,0.8984,0.9233,0.8628,0.8727,228841.0,202263.6857
2025-11-16 22:00:00,0.8727,0.8779,0.8434,0.8743,107136.0,92110.2123
2025-11-16 23:00:00,0.8743,0.9101,0.8645,0.9001,32902.0,29324.2327
2025-11-17 00:00:00,0.9001,0.9356,0.8837,0.9097,98710.0,90070.1229
2025-11-17 01:00:00,0.9097,0.9569,0.9088,0.94,118418.0,111028.9308
2025-11-17 02:00:00,0.94,0.9752,0.94,0.9448,110479.0,105865.8799
2025-11-17 03:00:00,0.9448,0.9574,0.9291,0.9384,46374.0,43712.6429
2025-11-17 04:00:00,0.9384,0.9415,0.9168,0.9196,21482.0,19968.2886
2025-11-17 05:00:00,0.9196,0.9325,0.9081,0.9227,65339.0,60015.1841
2025-11-17 06:00:00,0.9227,0.9235,0.9037,0.9117,9469.0,8633.432
2025-11-17 07:00:00,0.9117,0.9225,0.9092,0.9174,12924.0,11841.5335
2025-11-17 08:00:00,0.9174,0.9344,0.9158,0.9326,24653.0,22840.354
2025-11-17 09:00:00,0.9326,0.9326,0.9155,0.9174,19361.0,17811.5203
2025-11-17 10:00:00,0.9174,0.9214,0.9104,0.9125,12634.0,11568.4677
2025-11-17 11:00:00,0.9125,0.9322,0.9117,0.9268,24215.0,22317.4162
2025-11-17 12:00:00,0.9268,0.9421,0.9209,0.9393,20875.0,19357.6221
2025-11-17 13:00:00,0.9393,0.9589,0.8979,0.9039,70576.0,65541.7676
2025-11-17 14:00:00,0.9039,0.933,0.8887,0.9091,57260.0,51928.6024
2025-11-17 15:00:00,0.9091,0.9093,0.8879,0.8901,26228.0,23566.4661
2025-11-17 16:00:00,0.8901,0.911,0.8799,0.911,23376.0,20949.1718
2025-11-17 17:00:00,0.911,0.911,0.8857,0.8871,26206.0,23531.2973
2025-11-17 18:00:00,0.8871,0.8926,0.8725,0.8764,20128.0,17735.5309
2025-11-17 19:00:00,0.8764,0.886,0.8644,0.8703,17143.0,14973.4706
2025-11-17 20:00:00,0.8703,0.8789,0.8648,0.8718,18161.0,15848.8964
2025-11-17 21:00:00,0.8718,0.877,0.8664,0.8723,11764.0,10261.6408
2025-11-17 22:00:00,0.8723,0.8864,0.8696,0.8844,13991.0,12278.7073
2025-11-17 23:00:00,0.8844,0.8987,0.8782,0.8987,5548.0,4902.9714
2025-11-18 00:00:00,0.8987,0.8987,0.8583,0.8778,30444.0,26600.7974
2025-11-18 01:00:00,0.8778,0.8837,0.8702,0.8768,23379.0,20505.3657
2025-11-18 02:00:00,0.8768,0.8966,0.8683,0.8838,13036.0,11508.5772
2025-11-18 03:00:00,0.8838,0.9012,0.8769,0.8946,21292.0,18906.5825
2025-11-18 04:00:00,0.8946,0.896,0.8775,0.895,34533.0,30622.4093
2025-11-18 05:00:00,0.895,0.9006,0.888,0.8887,10070.0,8992.1016
2025-11-18 06:00:00,0.8887,0.8898,0.8679,0.8684,21155.0,18574.2057
2025-11-18 07:00:00,0.8684,0.8817,0.8652,0.8758,25677.0,22488.348
2025-11-18 08:00:00,0.8758,0.8763,0.8676,0.8706,59983.0,52303.3457
2025-11-18 09:00:00,0.8706,0.8765,0.8627,0.8747,47785.0,41541.6592
2025-11-18 10:00:00,0.8747,0.8747,0.8632,0.8693,9775.0,8490.9364
2025-11-18 11:00:00,0.8693,0.8693,0.8528,0.8585,34305.0,29389.6878
2025-11-18 12:00:00,0.8585,0.863,0.8481,0.8615,11540.0,9899.2046
2025-11-18 13:00:00,0.8615,0.8667,0.8532,0.8651,18609.0,16002.7868
2025-11-18 14:00:00,0.8651,0.8784,0.8609,0.8631,20508.0,17809.0323
2025-11-18 15:00:00,0.8631,0.8837,0.8617,0.883,35368.0,31031.573
2025-11-18 16:00:00,0.883,0.8893,0.8792,0.8861,19617.0,17352.6414
2025-11-18 17:00:00,0.8861,0.8866,0.878,0.8819,8226.0,7258.8029
2025-11-18 18:00:00,0.8819,0.8878,0.8819,0.8847,13630.0,12072.3834
2025-11-18 19:00:00,0.8847,0.8865,0.8789,0.8803,3861.0,3406.1941
2025-11-18 20:00:00,0.8803,0.8831,0.8758,0.8773,24925.0,21944.7043
2025-11-18 21:00:00,0.8773,0.8809,0.8705,0.871,11234.0,9829.1257
2025-11-18 22:00:00,0.871,0.8819,0.8677,0.8815,8461.0,7411.968
2025-11-18 23:00:00,0.8815,0.8842,0.8785,0.8841,10513.0,9266.965
2025-11-19 00:00:00,0.8841,0.8852,0.8662,0.8771,21693.0,18987.0787
2025-11-19 01:00:00,0.8771,0.8823,0.8735,0.8753,13886.0,12175.3024
2025-11-19 02:00:00,0.8753,0.8815,0.8738,0.8808,6538.0,5739.4495
2025-11-19 03:00:00,0.8808,0.8808,0.8593,0.8593,10230.0,8847.8757
2025-11-19 04:00:00,0.8593,0.8611,0.8561,0.8574,6276.0,5387.3687
2025-11-19 05:00:00,0.8574,0.8581,0.835,0.8362,10649.0,8988.6985
2025-11-19 06:00:00,0.8362,0.8615,0.8335,0.8595,23548.0,20032.8916
2025-11-19 07:00:00,0.8595,0.8643,0.8579,0.8579,7619.0,6551.1979
2025-11-19 08:00:00,0.8579,0.8594,0.8503,0.8513,3351.0,2860.6386
2025-11-19 09:00:00,0.8513,0.8535,0.8459,0.8524,2711.0,2307.8502
2025-11-19 10:00:00,0.8524,0.8587,0.8499,0.8505,3894.0,3322.9523
2025-11-19 11:00:00,0.8505,0.8668,0.8502,0.859,53981.0,46421.4049
2025-11-19 12:00:00,0.859,0.8721,0.8565,0.8717,27040.0,23415.2127
2025-11-19 13:00:00,0.8717,0.8718,0.8584,0.8615,19508.0,16829.2042
2025-11-19 14:00:00,0.8615,0.8638,0.8511,0.8586,328947.0,282243.2171
2025-11-19 15:00:00,0.8586,0.874,0.831,0.8343,375357.0,320551.5459
2025-11-19 16:00:00,0.8343,0.8381,0.8158,0.8211,157402.0,130734.3058
2025-11-19 17:00:00,0.8211,0.8238,0.8053,0.8179,15358.0,12461.4671
2025-11-19 18:00:00,0.8179,0.824,0.8054,0.81,4813.0,3922.7374
2025-11-19 19:00:00,0.81,0.8102,0.7974,0.8042,19575.0,15696.2492
2025-11-19 20:00:00,0.8042,0.8223,0.8042,0.821,33617.0,27289.374
2025-11-19 21:00:00,0.821,0.846,0.8183,0.846,51534.0,42924.2434
2025-11-19 22:00:00,0.846,0.846,0.8377,0.8406,6212.0,5222.4775
2025-11-19 23:00:00,0.8406,0.8489,0.8397,0.8463,18648.0,15774.1746
2025-11-20 00:00:00,0.8463,0.8464,0.8373,0.844,13783.0,11619.6708
2025-11-20 01:00:00,0.844,0.8559,0.844,0.8556,6239.0,5294.4192
2025-11-20 02:00:00,0.8556,0.8561,0.8475,0.8476,19183.0,16321.9216
2025-11-20 03:00:00,0.8476,0.8604,0.8476,0.8547,32834.0,28009.204
2025-11-20 04:00:00,0.8547,0.8583,0.8518,0.8572,7885.0,6746.9859
2025-11-20 05:00:00,0.8572,0.861,0.8542,0.8592,4364.0,3744.0474
2025-11-20 06:00:00,0.8592,0.8614,0.8517,0.8526,3730.0,3199.7789
2025-11-20 07:00:00,0.8526,0.8593,0.8495,0.8574,19542.0,16710.2958
2025-11-20 08:00:00,0.8574,0.8627,0.8552,0.8588,8878.0,7620.6582
2025-11-20 09:00:00,0.8588,0.8614,0.854,0.8558,7305.0,6259.9362
2025-11-20 10:00:00,0.8558,0.8697,0.8528,0.8642,30882.0,26568.3495
2025-11-20 11:00:00,0.8642,0.8663,0.861,0.864,7771.0,6710.7931
2025-11-20 12:00:00,0.864,0.8667,0.8567,0.8666,55552.0,47833.1672
2025-11-20 13:00:00,0.8666,0.8756,0.8615,0.8619,38897.0,33807.6282
2025-11-20 14:00:00,0.8619,0.8701,0.8528,0.8682,16087.0,13893.1079
2025-11-20 15:00:00,0.8682,0.8682,0.8461,0.8474,24800.0,21180.0511
2025-11-20 16:00:00,0.8474,0.8478,0.8099,0.8124,57927.0,47806.9959
2025-11-20 17:00:00,0.8124,0.8183,0.8017,0.8079,28751.0,23183.1599
2025-11-20 18:00:00,0.8079,0.8114,0.798,0.799,23477.0,18917.218
2025-11-20 19:00:00,0.799,0.7997,0.7829,0.7973,58791.0,46431.1041
2025-11-20 20:00:00,0.7973,0.8052,0.7921,0.8051,22254.0,17763.8414
2025-11-20 21:00:00,0.8051,0.8264,0.8051,0.8218,22087.0,18025.8733
2025-11-20 22:00:00,0.8218,0.8297,0.8206,0.8259,20964.0,17330.1704
2025-11-20 23:00:00,0.8259,0.8276,0.8096,0.8115,29065.0,23806.2147
2025-11-21 00:00:00,0.8115,0.8356,0.8115,0.8181,49115.0,40528.9113
2025-11-21 01:00:00,0.8181,0.8206,0.8098,0.8118,7496.0,6116.9475
2025-11-21 02:00:00,0.8118,0.8126,0.7879,0.7879,57509.0,46086.0202
2025-11-21 03:00:00,0.7879,0.8071,0.7879,0.8055,7804.0,6233.8941
2025-11-21 04:00:00,0.8055,0.8055,0.7849,0.796,15317.0,12159.2251
2025-11-21 05:00:00,0.796,0.7986,0.7805,0.7805,12995.0,10250.6809
2025-11-21 06:00:00,0.7805,0.787,0.7764,0.7843,40151.0,31280.1997
2025-11-21 07:00:00,0.7843,0.7859,0.6947,0.7508,657550.0,477122.2773
2025-11-21 08:00:00,0.7508,0.7555,0.7376,0.7432,31638.0,23595.9288
2025-11-21 09:00:00,0.7432,0.7586,0.7381,0.7384,65064.0,48520.9549
2025-11-21 10:00:00,0.7384,0.7436,0.7316,0.733,42619.0,31349.1931
2025-11-21 11:00:00,0.733,0.7379,0.7263,0.7321,19841.0,14547.1419
2025-11-21 12:00:00,0.7321,0.7492,0.7136,0.7443,41528.0,30188.2123
2025-11-21 13:00:00,0.7443,0.7773,0.7421,0.7757,29662.0,22599.7096
2025-11-21 14:00:00,0.7757,0.817,0.7599,0.817,163506.0,129878.0314
2025-11-21 15:00:00,0.817,0.8794,0.809,0.8638,384384.0,328090.1348
2025-11-21 16:00:00,0.8638,0.9113,0.8165,0.8679,402663.0,348636.4078
2025-11-21 17:00:00,0.8679,0.9821,0.8574,0.9726,297130.0,275092.1417
2025-11-21 18:00:00,0.9726,1.0142,0.8897,0.909,1286941.0,1222551.4449
2025-11-21 19:00:00,0.909,0.9309,0.8562,0.9024,319502.0,285244.2587
2025-11-21 20:00:00,0.9024,0.9115,0.8782,0.8796,116250.0,104503.6243
2025-11-21 21:00:00,0.8796,0.9088,0.8673,0.8967,83390.0,74004.4583
2025-11-21 22:00:00,0.8967,0.9056,0.8707,0.8707,25874.0,23073.2049
2025-11-21 23:00:00,0.8707,0.9494,0.8707,0.9388,157645.0,145441.9442
2025-11-22 00:00:00,0.9388,0.9727,0.8864,0.9095,589906.0,542065.9662
2025-11-22 01:00:00,0.9095,0.9735,0.8922,0.9703,302539.0,284169.4842
2025-11-22 02:00:00,0.9703,1.1168,0.9681,1.0,2225215.0,2299064.2917
2025-11-22 03:00:00,1.0,1.0,0.9336,0.9831,787105.0,757899.2267
2025-11-22 04:00:00,0.9831,0.9877,0.8889,0.9051,431092.0,403836.413
2025-11-22 05:00:00,0.9051,0.9064,0.8636,0.873,271103.0,239685.5762
2025-11-22 06:00:00,0.873,0.8854,0.8568,0.8702,124376.0,108326.0629
2025-11-22 07:00:00,0.8702,0.8909,0.8576,0.8692,61326.0,53547.616
2025-11-22 08:00:00,0.8692,0.8775,0.8418,0.8489,140765.0,120056.0113
2025-11-22 09:00:00,0.8489,0.8674,0.8483,0.8514,66253.0,56765.382
2025-11-22 10:00:00,0.8514,0.8562,0.8214,0.8237,90637.0,76476.9411
2025-11-22 11:00:00,0.8237,0.8468,0.8232,0.8356,32149.0,26868.2283
2025-11-22 12:00:00,0.8356,0.8367,0.8211,0.829,54266.0,44900.0116
2025-11-22 13:00:00,0.829,0.8357,0.8126,0.8131,42166.0,34706.6309
2025-11-22 14:00:00,0.8131,0.8289,0.8024,0.8201,39563.0,32346.0096
2025-11-22 15:00:00,0.8201,0.8276,0.795,0.7972,102697.0,82843.509
2025-11-22 16:00:00,0.7972,0.8179,0.7972,0.8147,36279.0,29293.9668
2025-11-22 17:00:00,0.8147,0.8164,0.8071,0.8081,12736.0,10312.6548
2025-11-22 18:00:00,0.8081,0.8088,0.799,0.8075,24366.0,19575.3862
2025-11-22 19:00:00,0.8075,0.8167,0.8073,0.8143,10935.0,8896.7144
2025-11-22 20:00:00,0.8143,0.8221,0.8105,0.8106,12107.0,9875.836
2025-11-22 21:00:00,0.8106,0.8177,0.8069,0.811,22111.0,17917.6263
2025-11-22 22:00:00,0.811,0.8357,0.811,0.8346,22038.0,18122.2444
2025-11-22 23:00:00,0.8346,0.8347,0.8235,0.8266,44481.0,36840.8367
2025-11-23 00:00:00,0.8266,0.8266,0.7998,0.8032,68985.0,55818.0694
2025-11-23 01:00:00,0.8032,0.8201,0.8032,0.8187,8100.0,6583.569
2025-11-23 02:00:00,0.8187,0.819,0.8058,0.8081,10085.0,8184.1905
2025-11-23 03:00:00,0.8081,0.8081,0.7894,0.7952,35246.0,27961.0521
2025-11-23 04:00:00,0.7952,0.805,0.7908,0.7951,20565.0,16410.5845
2025-11-23 05:00:00,0.7951,0.7951,0.7694,0.7694,46458.0,36188.9293
2025-11-23 06:00:00,0.7694,0.7752,0.7652,0.7701,45805.0,35136.43
2025-11-23 07:00:00,0.7701,0.7808,0.7701,0.7783,10127.0,7842.0476
2025-11-23 08:00:00,0.7783,0.7842,0.7783,0.7803,7566.0,5912.2406
2025-11-23 09:00:00,0.7803,0.7872,0.7791,0.7823,21402.0,16760.9601
2025-11-23 10:00:00,0.7823,0.7837,0.7741,0.7772,25950.0,20190.3741
2025-11-23 11:00:00,0.7772,0.7805,0.7722,0.7777,14146.0,10990.5054
2025-11-23 12:00:00,0.7777,0.7968,0.7775,0.7908,140146.0,110572.9447
2025-11-23 13:00:00,0.7908,0.7941,0.7814,0.7888,26667.0,21001.5045
2025-11-23 14:00:00,0.7888,0.7891,0.7739,0.7786,13412.0,10438.8263
2025-11-23 15:00:00,0.7786,0.7854,0.7756,0.7818,11786.0,9187.4664
2025-11-23 16:00:00,0.7818,0.787,0.7741,0.7754,20728.0,16185.3314
2025-11-23 17:00:00,0.7754,0.7759,0.767,0.7699,19179.0,14769.332
2025-11-23 18:00:00,0.7699,0.774,0.7698,0.7719,5741.0,4432.5797
2025-11-23 19:00:00,0.7719,0.7798,0.7719,0.7753,5244.0,4072.8704
2025-11-23 20:00:00,0.7753,0.7756,0.7711,0.775,15468.0,11958.6153
2025-11-23 21:00:00,0.775,0.7865,0.772,0.7844,4618.0,3598.3378
2025-11-23 22:00:00,0.7844,0.7868,0.7794,0.7798,3665.0,2861.4123
2025-11-23 23:00:00,0.7798,0.7882,0.7759,0.7879,19568.0,15316.3892
2025-11-24 00:00:00,0.7879,0.7879,0.7612,0.7677,43114.0,33128.8198
2025-11-24 01:00:00,0.7677,0.7705,0.7646,0.7688,8216.0,6322.2999
2025-11-24 02:00:00,0.7688,0.7823,0.7688,0.7729,9045.0,7003.7414
2025-11-24 03:00:00,0.7729,0.7732,0.7689,0.7726,4906.0,3780.6959
2025-11-24 04:00:00,0.7726,0.7737,0.7614,0.7669,10822.0,8318.8597
2025-11-24 05:00:00,0.7669,0.7931,0.7668,0.7832,28195.0,22054.8803
2025-11-24 06:00:00,0.7832,0.7832,0.7712,0.7775,24431.0,18977.0793
2025-11-24 07:00:00,0.7775,0.7881,0.7749,0.7854,11074.0,8642.6479
2025-11-24 08:00:00,0.7854,0.7963,0.7802,0.7955,33133.0,26214.6805
2025-11-24 09:00:00,0.7955,0.7994,0.7675,0.7737,18117.0,14136.7342
2025-11-24 10:00:00,0.7737,0.7764,0.7701,0.772,13696.0,10598.1863
2025-11-24 11:00:00,0.772,0.7762,0.7699,0.7737,11399.0,8813.1379
2025-11-24 12:00:00,0.7737,0.7781,0.7713,0.7728,17300.0,13394.7277
2025-11-24 13:00:00,0.7728,0.783,0.7728,0.7764,3138.0,2436.0064
2025-11-24 14:00:00,0.7764,0.7832,0.7642,0.7756,20663.0,15919.5185
2025-11-24 15:00:00,0.7756,0.7861,0.7727,0.7765,24736.0,19212.4784
2025-11-24 16:00:00,0.7765,0.7851,0.7765,0.7821,5872.0,4590.1436
2025-11-24 17:00:00,0.7821,0.7949,0.782,0.7949,25404.0,20085.688
2025-11-24 18:00:00,0.7949,0.8002,0.7923,0.7932,13852.0,11063.6787
2025-11-24 19:00:00,0.7932,0.7997,0.7899,0.7899,18544.0,14743.5129
2025-11-24 20:00:00,0.7899,0.7999,0.7899,0.7986,7347.0,5861.0441
2025-11-24 21:00:00,0.7986,0.8034,0.7953,0.8022,13434.0,10752.2476
2025-11-24 22:00:00,0.8022,0.8084,0.8005,0.8066,23231.0,18683.6764
2025-11-24 23:00:00,0.8066,0.8218,0.8031,0.8132,44778.0,36470.363
2025-11-25 00:00:00,0.8132,0.8288,0.8061,0.8075,69493.0,56649.8182
2025-11-25 01:00:00,0.8075,0.8179,0.8062,0.8099,23938.0,19451.9764
2025-11-25 02:00:00,0.8099,0.8154,0.7896,0.8024,73101.0,58561.892
2025-11-25 03:00:00,0.8024,0.8043,0.7899,0.7899,35746.0,28473.6949
2025-11-25 04:00:00,0.7899,0.7945,0.7859,0.7925,22623.0,17908.8258
2025-11-25 05:00:00,0.7925,0.7944,0.791,0.7926,7004.0,5551.7041
2025-11-25 06:00:00,0.7926,0.7926,0.7851,0.7884,5126.0,4043.9832
2025-11-25 07:00:00,0.7884,0.7985,0.7857,0.7962,8074.0,6395.6553
2025-11-25 08:00:00,0.7962,0.8066,0.7884,0.7976,22487.0,18010.1897
2025-11-25 09:00:00,0.7976,0.801,0.7924,0.8,11331.0,9033.6491
2025-11-25 10:00:00,0.8,0.8131,0.7952,0.8047,18615.0,14936.2602
2025-11-25 11:00:00,0.8047,0.8076,0.8004,0.8012,3561.0,2866.228
2025-11-25 12:00:00,0.8012,0.8092,0.7991,0.8031,5697.0,4572.9123
2025-11-25 13:00:00,0.8031,0.8031,0.7928,0.793,15301.0,12179.8652
2025-11-25 14:00:00,0.793,0.8021,0.785,0.7905,25563.0,20324.317
2025-11-25 15:00:00,0.7905,0.8134,0.7866,0.8025,59542.0,47811.8581
2025-11-25 16:00:00,0.8025,0.8066,0.7953,0.7981,38038.0,30476.8958
2025-11-25 17:00:00,0.7981,0.8072,0.797,0.8052,5598.0,4492.0759
2025-11-25 18:00:00,0.8052,0.8061,0.798,0.798,2823.0,2266.7596
2025-11-25 19:00:00,0.798,0.798,0.7841,0.7954,10988.0,8693.3953
2025-11-25 20:00:00,0.7954,0.8086,0.7953,0.807,16299.0,13104.0038
2025-11-25 21:00:00,0.807,0.8075,0.8012,0.8012,8210.0,6599.0846
2025-11-25 22:00:00,0.8012,0.8151,0.7936,0.8151,2532.0,2033.543
2025-11-25 23:00:00,0.8151,0.8342,0.8078,0.8294,104834.0,86565.8706
2025-11-26 00:00:00,0.8294,0.8506,0.8197,0.8498,115291.0,96759.8615
2025-11-26 01:00:00,0.8498,0.8564,0.8414,0.8438,33477.0,28465.744
2025-11-26 02:00:00,0.8438,0.8455,0.8283,0.8283,29942.0,25138.3623
2025-11-26 03:00:00,0.8283,0.8421,0.8268,0.8347,92203.0,77122.9177
2025-11-26 04:00:00,0.8347,0.8381,0.829,0.8322,57301.0,47817.8259
2025-11-26 05:00:00,0.8322,0.8361,0.821,0.822,23740.0,19657.5066
2025-11-26 06:00:00,0.822,0.8282,0.8142,0.8272,21621.0,17722.8517
2025-11-26 07:00:00,0.8272,0.8272,0.8185,0.824,8755.0,7205.546
2025-11-26 08:00:00,0.824,0.8253,0.8129,0.8132,16124.0,13202.6707
2025-11-26 09:00:00,0.8132,0.8166,0.8049,0.8084,69406.0,56240.8741
2025-11-26 10:00:00,0.8084,0.8135,0.8045,0.8086,9270.0,7502.4244
2025-11-26 11:00:00,0.8086,0.8128,0.8039,0.8065,6318.0,5112.4809
2025-11-26 12:00:00,0.8065,0.8077,0.8,0.8051,10355.0,8322.4211
2025-11-26 13:00:00,0.8051,0.8149,0.8035,0.813,8011.0,6498.3692
2025-11-26 14:00:00,0.813,0.8181,0.8043,0.8043,16692.0,13572.7413
2025-11-26 15:00:00,0.8043,0.811,0.7946,0.7952,11291.0,9063.483
2025-11-26 16:00:00,0.7952,0.804,0.7929,0.799,23162.0,18454.7844
2025-11-26 17:00:00,0.799,0.8177,0.7961,0.8157,40886.0,33332.007
2025-11-26 18:00:00,0.8157,0.8231,0.8123,0.8231,27155.0,22175.9007
2025-11-26 19:00:00,0.8231,0.8231,0.8154,0.8181,2998.0,2450.0898
2025-11-26 20:00:00,0.8181,0.8341,0.8124,0.8294,117430.0,96969.0522
2025-11-26 21:00:00,0.8294,0.8362,0.8276,0.8308,25032.0,20829.0347
2025-11-26 22:00:00,0.8308,0.8334,0.8275,0.8302,48348.0,40096.8371
2025-11-26 23:00:00,0.8302,0.8588,0.8301,0.8539,50901.0,42941.3199
2025-11-27 00:00:00,0.8539,0.8841,0.8308,0.8308,310976.0,263607.7498
2025-11-27 01:00:00,0.8308,0.8399,0.827,0.8331,59014.0,49144.4591
2025-11-27 02:00:00,0.8331,0.8382,0.8313,0.8317,18723.0,15630.0055
2025-11-27 03:00:00,0.8317,0.8427,0.8242,0.8265,57862.0,48181.4915
2025-11-27 04:00:00,0.8265,0.8731,0.8265,0.8536,136699.0,117568.599
2025-11-27 05:00:00,0.8536,0.873,0.8462,0.8608,43674.0,37683.7612
2025-11-27 06:00:00,0.8608,0.8787,0.86,0.8712,38323.0,33311.6648
2025-11-27 07:00:00,0.8712,0.91,0.8659,0.8809,189145.0,167765.994
2025-11-27 08:00:00,0.8809,0.8883,0.8498,0.8592,62853.0,54533.4974
2025-11-27 09:00:00,0.8592,0.8665,0.8445,0.8445,80611.0,69095.9617
2025-11-27 10:00:00,0.8445,0.8511,0.835,0.8452,64116.0,54191.9374
2025-11-27 11:00:00,0.8452,0.8553,0.839,0.8478,34382.0,29145.2983
2025-11-27 12:00:00,0.8478,0.8545,0.8461,0.8479,35449.0,30150.9884
2025-11-27 13:00:00,0.8479,0.852,0.8435,0.8435,52385.0,44330.8668
2025-11-27 14:00:00,0.8435,0.8461,0.8352,0.8434,46059.0,38746.6047
2025-11-27 15:00:00,0.8434,0.8436,0.8389,0.8389,5944.0,5010.3743
2025-11-27 16:00:00,0.8389,0.8502,0.8389,0.8458,23218.0,19649.5024
2025-11-27 17:00:00,0.8458,0.8487,0.8446,0.8446,5525.0,4682.2256
2025-11-27 18:00:00,0.8446,0.846,0.8392,0.8436,1195.0,1007.8997
2025-11-27 19:00:00,0.8436,0.8437,0.8382,0.8432,24642.0,20725.3535
2025-11-27 20:00:00,0.8432,0.8476,0.8416,0.8422,12460.0,10523.5878
2025-11-27 21:00:00,0.8422,0.8422,0.8322,0.8326,5464.0,4566.3829
2025-11-27 22:00:00,0.8326,0.8362,0.8289,0.8299,6113.0,5080.9483
2025-11-27 23:00:00,0.8299,0.837,0.8276,0.8327,45954.0,38269.0697
2025-11-28 00:00:00,0.8327,0.88,0.8262,0.8794,145526.0,123680.8312
2025-11-28 01:00:00,0.8794,0.8872,0.8071,0.8119,501550.0,430578.0254
2025-11-28 02:00:00,0.8119,0.8163,0.7981,0.8065,34160.0,27546.0784
2025-11-28 03:00:00,0.8065,0.8159,0.8056,0.8145,21347.0,17323.187
2025-11-28 04:00:00,0.8145,0.8246,0.8105,0.8105,38550.0,31559.2072
2025-11-28 05:00:00,0.8105,0.8105,0.7975,0.7985,47709.0,38368.1222
2025-11-28 06:00:00,0.7985,0.7985,0.7932,0.7954,7974.0,6340.4383
2025-11-28 07:00:00,0.7954,0.8085,0.7954,0.8079,19849.0,15889.6006
2025-11-28 08:00:00,0.8079,0.8203,0.7997,0.8146,36858.0,30010.0542
2025-11-28 09:00:00,0.8146,0.8231,0.8112,0.8112,14945.0,12208.4497
2025-11-28 10:00:00,0.8112,0.8227,0.8111,0.8151,144710.0,118228.5924
2025-11-28 11:00:00,0.8151,0.816,0.8038,0.807,29348.0,23872.2751
2025-11-28 12:00:00,0.807,0.8076,0.7953,0.7977,9452.0,7557.6223
2025-11-28 13:00:00,0.7977,0.8068,0.7905,0.8043,38396.0,30667.5243
2025-11-28 14:00:00,0.8043,0.8082,0.7982,0.8006,7612.0,6111.0702
2025-11-28 15:00:00,0.8006,0.8052,0.797,0.797,2605.0,2090.171
2025-11-28 16:00:00,0.797,0.797,0.7769,0.7783,36303.0,28513.0562
2025-11-28 17:00:00,0.7783,0.7804,0.7678,0.7697,17395.0,13432.6478
2025-11-28 18:00:00,0.7697,0.7738,0.7673,0.7708,18392.0,14140.623
2025-11-28 19:00:00,0.7708,0.7776,0.7688,0.7762,10529.0,8163.6894
2025-11-28 20:00:00,0.7762,0.7762,0.7657,0.7713,14373.0,11082.6034
2025-11-28 21:00:00,0.7713,0.7761,0.7693,0.7728,12529.0,9701.2832
2025-11-28 22:00:00,0.7728,0.7803,0.7686,0.7793,25079.0,19416.2531
2025-11-28 23:00:00,0.7793,0.7867,0.7769,0.7769,9942.0,7755.419
2025-11-29 00:00:00,0.7769,0.7769,0.7681,0.7763,12855.0,9935.3761
2025-11-29 01:00:00,0.7763,0.7821,0.7763,0.7803,31175.0,24321.3347
2025-11-29 02:00:00,0.7803,0.7813,0.776,0.7802,8556.0,6647.8382
2025-11-29 03:00:00,0.7802,0.7818,0.7762,0.7763,5113.0,3984.8198
2025-11-29 04:00:00,0.7763,0.7812,0.7744,0.7812,3394.0,2639.9854
2025-11-29 05:00:00,0.7812,0.7816,0.775,0.7751,9868.0,7676.8418
2025-11-29 06:00:00,0.7751,0.7778,0.769,0.7759,39643.0,30646.8316
2025-11-29 07:00:00,0.7759,0.776,0.7697,0.7712,4237.0,3272.1875
2025-11-29 08:00:00,0.7712,0.774,0.7687,0.7693,4897.0,3775.7338
2025-11-29 09:00:00,0.7693,0.7709,0.7669,0.7702,1121.0,862.6138
2025-11-29 10:00:00,0.7702,0.7793,0.7665,0.7735,13957.0,10812.744
2025-11-29 11:00:00,0.7735,0.7764,0.771,0.7754,5966.0,4620.556
2025-11-29 12:00:00,0.7754,0.7754,0.7643,0.7643,13777.0,10610.8112
2025-11-29 13:00:00,0.7643,0.7673,0.7626,0.7665,7858.0,5996.995
2025-11-29 14:00:00,0.7665,0.7723,0.7624,0.7675,7322.0,5599.7945
2025-11-29 15:00:00,0.7675,0.7742,0.764,0.7673,9789.0,7522.4622
2025-11-29 16:00:00,0.7673,0.7754,0.7654,0.7699,10752.0,8271.6254
2025-11-29 17:00:00,0.7699,0.7699,0.7589,0.7611,35444.0,26978.6182
2025-11-29 18:00:00,0.7611,0.7652,0.7554,0.7652,18695.0,14199.657
2025-11-29 19:00:00,0.7652,0.7672,0.7629,0.7635,3224.0,2464.5702
2025-11-29 20:00:00,0.7635,0.7644,0.7592,0.7644,12799.0,9737.9734
2025-11-29 21:00:00,0.7644,0.767,0.7622,0.7657,9659.0,7401.7861
2025-11-29 22:00:00,0.7657,0.7679,0.7654,0.7663,4604.0,3529.763
2025-11-29 23:00:00,0.7663,0.77,0.7651,0.7672,4234.0,3253.0799
2025-11-30 00:00:00,0.7672,0.7674,0.76,0.7628,9155.0,6993.8261
2025-11-30 01:00:00,0.7628,0.7672,0.7617,0.7633,63970.0,49007.2728
2025-11-30 02:00:00,0.7633,0.7673,0.7605,0.7624,7356.0,5621.2591
2025-11-30 03:00:00,0.7624,0.7649,0.752,0.7576,7217.0,5463.0586
2025-11-30 04:00:00,0.7576,0.7604,0.7541,0.7545,786.0,595.5724
2025-11-30 05:00:00,0.7545,0.7545,0.7469,0.7471,8841.0,6618.765
2025-11-30 06:00:00,0.7471,0.7542,0.7461,0.7542,5588.0,4190.5833
2025-11-30 07:00:00,0.7542,0.7571,0.7542,0.7566,13506.0,10213.5748
2025-11-30 08:00:00,0.7566,0.7597,0.7536,0.7558,8536.0,6467.238
2025-11-30 09:00:00,0.7558,0.7558,0.7513,0.7513,21366.0,16089.9282
2025-11-30 10:00:00,0.7513,0.7513,0.7473,0.7497,13504.0,10102.174
2025-11-30 11:00:00,0.7497,0.7536,0.7484,0.7501,12174.0,9132.5761
2025-11-30 12:00:00,0.7501,0.755,0.7501,0.755,2945.0,2220.9767
2025-11-30 13:00:00,0.755,0.7638,0.755,0.7622,2181.0,1662.9404
2025-11-30 14:00:00,0.7622,0.7684,0.7588,0.7605,12651.0,9669.338
2025-11-30 15:00:00,0.7605,0.7605,0.755,0.7605,3207.0,2428.1402
2025-11-30 16:00:00,0.7605,0.7671,0.758,0.7656,3340.0,2540.2822
2025-11-30 17:00:00,0.7656,0.7656,0.7635,0.7652,2209.0,1690.0194
2025-11-30 18:00:00,0.7652,0.7686,0.7623,0.7673,5790.0,4440.609
2025-11-30 19:00:00,0.7673,0.7745,0.7641,0.7708,31998.0,24669.1316
2025-11-30 20:00:00,0.7708,0.7716,0.7639,0.7639,25441.0,19555.4096
2025-11-30 21:00:00,0.7639,0.7655,0.7603,0.7619,8312.0,6339.0439
2025-11-30 22:00:00,0.7619,0.767,0.761,0.7633,3888.0,2969.1632
2025-11-30 23:00:00,0.7633,0.7633,0.7492,0.7493,9486.0,7141.6269
2025-12-01 00:00:00,0.7493,0.752,0.7052,0.7066,312803.0,226916.5578
2025-12-01 01:00:00,0.7066,0.7232,0.7057,0.7162,32630.0,23277.9376
2025-12-01 02:00:00,0.7162,0.7169,0.7092,0.7116,32632.0,23242.4972
2025-12-01 03:00:00,0.7116,0.7116,0.7028,0.7055,27856.0,19671.0479
2025-12-01 04:00:00,0.7055,0.7055,0.6941,0.6972,36931.0,25722.9157
2025-12-01 05:00:00,0.6972,0.7075,0.6972,0.7001,23572.0,16544.9511
2025-12-01 06:00:00,0.7001,0.7118,0.7001,0.7037,13010.0,9224.2803
2025-12-01 07:00:00,0.7037,0.7047,0.701,0.7047,791.0,555.928
2025-12-01 08:00:00,0.7047,0.7079,0.7039,0.7075,11722.0,8281.7847
2025-12-01 09:00:00,0.7075,0.7089,0.7071,0.7071,1054.0,746.6205
2025-12-01 10:00:00,0.7071,0.7147,0.7071,0.7118,21033.0,15011.5372
2025-12-01 11:00:00,0.7118,0.7118,0.7009,0.7024,43209.0,30457.7158
2025-12-01 12:00:00,0.7024,0.7072,0.6928,0.7066,46947.0,32820.4881
2025-12-01 13:00:00,0.7066,0.7084,0.6944,0.6996,13396.0,9380.6917
2025-12-01 14:00:00,0.6996,0.706,0.6957,0.7003,17990.0,12610.3134
2025-12-01 15:00:00,0.7003,0.7029,0.6857,0.7029,56284.0,39033.3745
2025-12-01 16:00:00,0.7029,0.7029,0.691,0.697,7874.0,5501.5088
2025-12-01 17:00:00,0.697,0.697,0.6929,0.6959,1882.0,1305.9735
2025-12-01 18:00:00,0.6959,0.6993,0.6956,0.6993,782.0,545.2159
2025-12-01 19:00:00,0.6993,0.7009,0.6959,0.6959,694.0,484.5548
2025-12-01 20:00:00,0.6959,0.6984,0.6948,0.6964,3924.0,2735.5924
2025-12-01 21:00:00,0.6964,0.7026,0.6964,0.7007,3759.0,2630.3098
2025-12-01 22:00:00,0.7007,0.7034,0.7004,0.7025,4903.0,3445.5903
2025-12-01 23:00:00,0.7025,0.7032,0.6998,0.7032,1020.0,715.6629
2025-12-02 00:00:00,0.7032,0.7032,0.6989,0.6989,114.0,79.6918
2025-12-02 01:00:00,0.6989,0.703,0.6989,0.7009,933.0,654.8831
2025-12-02 02:00:00,0.7009,0.7103,0.6999,0.7054,13034.0,9147.149
2025-12-02 03:00:00,0.7054,0.7084,0.7028,0.7067,7036.0,4966.2347
2025-12-02 04:00:00,0.7067,0.7074,0.7066,0.7066,633.0,447.6604
2025-12-02 05:00:00,0.7066,0.7067,0.7066,0.7067,8.0,5.6536
2025-12-02 06:00:00,0.7067,0.7067,0.7045,0.7045,86.0,60.587
2025-12-02 07:00:00,0.7045,0.7045,0.7045,0.7045,706.0,497.377
2025-12-02 08:00:00,0.7045,0.7045,0.7022,0.7023,3215.0,2258.183
2025-12-02 09:00:00,0.7023,0.7043,0.7019,0.7029,1040.0,730.8075
2025-12-02 10:00:00,0.7029,0.7145,0.7029,0.7128,24842.0,17691.6733
2025-12-02 11:00:00,0.7128,0.7128,0.7067,0.7106,23100.0,16375.8967
2025-12-02 12:00:00,0.7106,0.7113,0.7101,0.7101,800.0,568.8816
2025-12-02 13:00:00,0.7101,0.7139,0.707,0.7122,928.0,657.2631
2025-12-02 14:00:00,0.7122,0.725,0.7111,0.725,14264.0,10243.4525
2025-12-02 15:00:00,0.725,0.7465,0.725,0.7465,7692.0,5676.6013
2025-12-02 16:00:00,0.7465,0.7508,0.7428,0.7436,7951.0,5929.9781
2025-12-02 17:00:00,0.7436,0.7495,0.743,0.7438,1962.0,1462.292
2025-12-02 18:00:00,0.7438,0.7438,0.7437,0.7437,202.0,150.2362
2025-12-02 19:00:00,0.7437,0.7488,0.7437,0.7488,507.0,378.3075
2025-12-02 20:00:00,0.7488,0.7488,0.737,0.737,4278.0,3157.7239
2025-12-02 21:00:00,0.737,0.7428,0.737,0.7428,2498.0,1848.0469
2025-12-02 22:00:00,0.7428,0.7428,0.7428,0.7428,0.0,0.0
2025-12-02 23:00:00,0.7428,0.7428,0.7417,0.7417,138.0,102.3722
2025-12-03 00:00:00,0.7417,0.7417,0.7414,0.7414,74.0,54.8636
2025-12-03 01:00:00,0.7414,0.7429,0.7411,0.7415,571.0,423.8469
2025-12-03 02:00:00,0.7415,0.7507,0.7414,0.7464,8638.0,6450.6326
2025-12-03 03:00:00,0.7464,0.7489,0.7464,0.7471,283.0,211.8069
2025-12-03 04:00:00,0.7471,0.7496,0.7471,0.7484,8258.0,6183.8246
2025-12-03 05:00:00,0.7484,0.7498,0.7484,0.7498,3085.0,2311.5559
2025-12-03 06:00:00,0.7498,0.755,0.7498,0.7522,11623.0,8761.9385
2025-12-03 07:00:00,0.7522,0.7536,0.7514,0.7524,466.0,350.5652
2025-12-03 08:00:00,0.7524,0.7539,0.7507,0.7523,7068.0,5308.1741
2025-12-03 09:00:00,0.7523,0.7631,0.7502,0.7622,15593.0,11864.9269
2025-12-03 10:00:00,0.7622,0.7622,0.7551,0.7551,2325.0,1761.9343
2025-12-03 11:00:00,0.7551,0.7572,0.7538,0.7572,6124.0,4622.8761
2025-12-03 12:00:00,0.7572,0.7684,0.755,0.7677,17034.0,12978.249
2025-12-03 13:00:00,0.7677,0.7695,0.7645,0.7695,7610.0,5824.6008
2025-12-03 14:00:00,0.7695,0.7773,0.752,0.7758,21611.0,16447.6143
2025-12-03 15:00:00,0.7758,0.7854,0.7696,0.7811,49688.0,38780.276
2025-12-03 16:00:00,0.7811,0.7822,0.7704,0.7734,60976.0,47389.5008
2025-12-03 17:00:00,0.7734,0.8038,0.7732,0.7965,102290.0,81308.7038
2025-12-03 18:00:00,0.7965,0.8026,0.792,0.7977,32535.0,25984.1787
2025-12-03 19:00:00,0.7977,0.8059,0.7974,0.7978,17157.0,13742.2851
2025-12-03 20:00:00,0.7978,0.7978,0.7883,0.7915,8154.0,6471.2522
2025-12-03 21:00:00,0.7915,0.798,0.7879,0.798,4704.0,3735.6828
2025-12-03 22:00:00,0.798,0.798,0.7933,0.797,1505.0,1197.1514
2025-12-03 23:00:00,0.797,0.797,0.7921,0.7935,1996.0,1586.9638
2025-12-04 00:00:00,0.7935,0.7935,0.7869,0.79,2634.0,2078.1031
2025-12-04 01:00:00,0.79,0.7955,0.7818,0.7823,30614.0,24060.442
2025-12-04 02:00:00,0.7823,0.788,0.7809,0.788,854.0,670.8459
2025-12-04 03:00:00,0.788,0.7902,0.7872,0.7902,2688.0,2118.4108
2025-12-04 04:00:00,0.7902,0.7945,0.7902,0.7907,11329.0,8975.8074
2025-12-04 05:00:00,0.7907,0.7918,0.7854,0.7881,1592.0,1255.596
2025-12-04 06:00:00,0.7881,0.7994,0.7836,0.7932,36812.0,29148.1256
2025-12-04 07:00:00,0.7932,0.7944,0.7907,0.7934,16153.0,12815.95
2025-12-04 08:00:00,0.7934,0.7953,0.7861,0.7866,6040.0,4772.3231
2025-12-04 09:00:00,0.7866,0.7918,0.7861,0.79,5525.0,4366.4816
2025-12-04 10:00:00,0.79,0.79,0.7844,0.7855,1223.0,961.3573
2025-12-04 11:00:00,0.7855,0.7855,0.769,0.7756,21900.0,16978.965
2025-12-04 12:00:00,0.7756,0.7811,0.7729,0.7756,41375.0,32231.3591
2025-12-04 13:00:00,0.7756,0.7756,0.765,0.765,13474.0,10381.2893
2025-12-04 14:00:00,0.765,0.77,0.7592,0.7593,59319.0,45292.6332
2025-12-04 15:00:00,0.7593,0.7774,0.7593,0.7774,16417.0,12677.4097
2025-12-04 16:00:00,0.7774,0.7774,0.7696,0.7696,6895.0,5307.1446
2025-12-04 17:00:00,0.7696,0.7696,0.7627,0.7652,1585.0,1210.4965
2025-12-04 18:00:00,0.7652,0.7652,0.7629,0.7629,235.0,179.3434
2025-12-04 19:00:00,0.7629,0.7629,0.7377,0.7513,79733.0,59137.2797
2025-12-04 20:00:00,0.7513,0.7549,0.7513,0.7543,5812.0,4383.4074
2025-12-04 21:00:00,0.7543,0.7595,0.7517,0.7521,5412.0,4080.8218
2025-12-04 22:00:00,0.7521,0.7552,0.749,0.7551,8280.0,6243.6035
2025-12-04 23:00:00,0.7551,0.7551,0.7503,0.7503,523.0,392.4149
2025-12-05 00:00:00,0.7503,0.7553,0.7503,0.7509,21381.0,16085.5288
2025-12-05 01:00:00,0.7509,0.7509,0.7481,0.7496,160.0,119.876
2025-12-05 02:00:00,0.7496,0.7496,0.7496,0.7496,0.0,0.0
2025-12-05 03:00:00,0.7496,0.7496,0.7426,0.7443,13283.0,9897.2998
2025-12-05 04:00:00,0.7443,0.7443,0.737,0.7379,5074.0,3742.9024
2025-12-05 05:00:00,0.7379,0.7403,0.7379,0.7403,7.0,5.1821
2025-12-05 06:00:00,0.7403,0.7458,0.7403,0.7452,13914.0,10368.0976
2025-12-05 07:00:00,0.7452,0.7506,0.7452,0.7464,2074.0,1549.5973
2025-12-05 08:00:00,0.7464,0.7464,0.7386,0.7386,6938.0,5145.7099
2025-12-05 09:00:00,0.7386,0.7386,0.7283,0.7293,982.0,720.2269
2025-12-05 10:00:00,0.7293,0.7342,0.7293,0.7341,86.0,63.0627
2025-12-05 11:00:00,0.7341,0.7341,0.7293,0.7302,8914.0,6519.0669
2025-12-05 12:00:00,0.7302,0.7312,0.7278,0.7307,2824.0,2062.3951
2025-12-05 13:00:00,0.7307,0.731,0.7225,0.7225,2490.0,1816.5805
2025-12-05 14:00:00,0.7225,0.7288,0.72,0.7209,3160.0,2286.9257
2025-12-05 15:00:00,0.7209,0.738,0.7209,0.7277,10215.0,7510.725
2025-12-05 16:00:00,0.7277,0.7277,0.7046,0.7046,14703.0,10468.2152
2025-12-05 17:00:00,0.7046,0.7135,0.7044,0.7101,1602.0,1133.5042
2025-12-05 18:00:00,0.7101,0.7145,0.7036,0.7036,5455.0,3878.0887
2025-12-05 19:00:00,0.7036,0.7075,0.698,0.7075,8728.0,6103.2499
2025-12-05 20:00:00,0.7075,0.7101,0.707,0.7096,1215.0,861.8531
2025-12-05 21:00:00,0.7096,0.7108,0.7067,0.7089,10101.0,7165.6596
2025-12-05 22:00:00,0.7089,0.7144,0.7063,0.7129,827.0,586.0167
2025-12-05 23:00:00,0.7129,0.7137,0.7081,0.7132,2664.0,1897.1752
2025-12-06 00:00:00,0.7132,0.739,0.7059,0.7059,285936.0,206398.9561
2025-12-06 01:00:00,0.7059,0.7109,0.7043,0.7059,17919.0,12657.6834
2025-12-06 02:00:00,0.7059,0.7072,0.7059,0.7072,27.0,19.0944
2025-12-06 03:00:00,0.7072,0.7126,0.7072,0.7126,6339.0,4512.3645
2025-12-06 04:00:00,0.7126,0.7258,0.7122,0.7254,3391.0,2428.9732
2025-12-06 05:00:00,0.7254,0.7334,0.7228,0.729,4753.0,3453.9387
2025-12-06 06:00:00,0.729,0.7351,0.7276,0.7351,9772.0,7164.4649
2025-12-06 07:00:00,0.7351,0.7429,0.7307,0.7307,19907.0,14679.8026
2025-12-06 08:00:00,0.7307,0.7331,0.7154,0.7169,33698.0,24233.4338
2025-12-06 09:00:00,0.7169,0.7226,0.7169,0.7226,3256.0,2346.6386
2025-12-06 10:00:00,0.7226,0.7226,0.7183,0.7183,2430.0,1746.1809
2025-12-06 11:00:00,0.7183,0.7262,0.7183,0.7262,3811.0,2766.4433
2025-12-06 12:00:00,0.7262,0.7395,0.726,0.7353,21801.0,15995.8772
2025-12-06 13:00:00,0.7353,0.7481,0.7288,0.7359,43438.0,32055.713
2025-12-06 14:00:00,0.7359,0.7532,0.7359,0.7463,26114.0,19516.5223
2025-12-06 15:00:00,0.7463,0.7467,0.7381,0.7381,9581.0,7113.9019
2025-12-06 16:00:00,0.7381,0.7572,0.7381,0.7499,65769.0,49355.4345
2025-12-06 17:00:00,0.7499,0.7499,0.7401,0.7426,17658.0,13104.6955
2025-12-06 18:00:00,0.7426,0.7426,0.7348,0.7352,5304.0,3901.4791
2025-12-06 19:00:00,0.7352,0.7362,0.7317,0.7345,6375.0,4686.0703
2025-12-06 20:00:00,0.7345,0.7376,0.7345,0.7375,5788.0,4265.0601
2025-12-06 21:00:00,0.7375,0.7435,0.7353,0.7365,10238.0,7553.3159
2025-12-06 22:00:00,0.7365,0.7374,0.7304,0.7304,6868.0,5038.9146
2025-12-06 23:00:00,0.7304,0.7304,0.7251,0.7296,6087.0,4437.4105
2025-12-07 00:00:00,0.7296,0.7358,0.7267,0.7323,20277.0,14833.2264
2025-12-07 01:00:00,0.7323,0.7323,0.7177,0.7194,10522.0,7591.364
2025-12-07 02:00:00,0.7194,0.7233,0.7177,0.7233,5661.0,4082.7592
2025-12-07 03:00:00,0.7233,0.7241,0.7233,0.7236,324.0,234.5143
2025-12-07 04:00:00,0.7236,0.7256,0.7222,0.7222,5491.0,3970.841
2025-12-07 05:00:00,0.7222,0.7243,0.7212,0.7231,1903.0,1373.4859
2025-12-07 06:00:00,0.7231,0.7269,0.7226,0.7269,3477.0,2519.6834
2025-12-07 07:00:00,0.7269,0.7269,0.717,0.7179,7423.0,5341.0584
2025-12-07 08:00:00,0.7179,0.7179,0.7117,0.7132,2727.0,1948.0282
2025-12-07 09:00:00,0.7132,0.7133,0.7067,0.7077,789.0,560.523
2025-12-07 10:00:00,0.7077,0.7101,0.7077,0.7086,367.0,260.222
2025-12-07 11:00:00,0.7086,0.7165,0.7086,0.711,8443.0,6036.328
2025-12-07 12:00:00,0.711,0.7151,0.7105,0.7131,1034.0,737.3203
2025-12-07 13:00:00,0.7131,0.7131,0.7033,0.7074,1779.0,1257.7633
2025-12-07 14:00:00,0.7074,0.7074,0.6835,0.6924,75877.0,52394.9067
2025-12-07 15:00:00,0.6924,0.7171,0.6924,0.7144,78177.0,55336.5594
2025-12-07 16:00:00,0.7144,0.7144,0.7053,0.7081,2163.0,1533.9122
2025-12-07 17:00:00,0.7081,0.7198,0.7043,0.7184,22318.0,15947.8717
2025-12-07 18:00:00,0.7184,0.7227,0.7184,0.7197,3805.0,2740.463
2025-12-07 19:00:00,0.7197,0.7221,0.7156,0.7205,18834.0,13525.055
2025-12-07 20:00:00,0.7205,0.7223,0.7187,0.7199,2631.0,1896.5756
2025-12-07 21:00:00,0.7199,0.7199,0.7027,0.707,5443.0,3868.9697
2025-12-07 22:00:00,0.707,0.707,0.6917,0.7009,60095.0,41826.5054
2025-12-07 23:00:00,0.7009,0.7044,0.6998,0.7041,4847.0,3399.5201
2025-12-08 00:00:00,0.7041,0.7041,0.6975,0.7024,14478.0,10123.813
2025-12-08 01:00:00,0.7024,0.7137,0.7009,0.7085,1474.0,1043.6376
2025-12-08 02:00:00,0.7085,0.7094,0.7033,0.7094,2648.0,1866.7229
2025-12-08 03:00:00,0.7094,0.7265,0.7094,0.72,31572.0,22774.4705
2025-12-08 04:00:00,0.72,0.7252,0.7159,0.7201,28105.0,20260.739
2025-12-08 05:00:00,0.7201,0.7218,0.7167,0.7199,8318.0,5973.0199
2025-12-08 06:00:00,0.7199,0.7244,0.7199,0.7229,5372.0,3883.6647
2025-12-08 07:00:00,0.7229,0.7237,0.7204,0.7227,3885.0,2803.5596
2025-12-08 08:00:00,0.7227,0.7244,0.722,0.7237,8821.0,6382.6595
2025-12-08 09:00:00,0.7237,0.7319,0.7237,0.7261,25394.0,18496.433
2025-12-08 10:00:00,0.7261,0.7275,0.7257,0.7274,756.0,549.2832
2025-12-08 11:00:00,0.7274,0.7293,0.7221,0.7241,5748.0,4167.2437
2025-12-08 12:00:00,0.7241,0.7248,0.7225,0.7226,1898.0,1372.8829
2025-12-08 13:00:00,0.7226,0.7256,0.719,0.7225,10971.0,7917.9519
2025-12-08 14:00:00,0.7225,0.7251,0.716,0.7168,10504.0,7554.5776
2025-12-08 15:00:00,0.7168,0.7174,0.7092,0.7145,17302.0,12325.354
2025-12-08 16:00:00,0.7145,0.723,0.7105,0.7182,2195.0,1573.6537
2025-12-08 17:00:00,0.7182,0.7187,0.7127,0.7157,1751.0,1252.2294
2025-12-08 18:00:00,0.7157,0.7185,0.709,0.709,3910.0,2798.9438
2025-12-08 19:00:00,0.709,0.7152,0.709,0.7152,1376.0,980.5179
2025-12-08 20:00:00,0.7152,0.7176,0.7117,0.7152,3625.0,2590.3106
2025-12-08 21:00:00,0.7152,0.72,0.7138,0.7193,10478.0,7527.5682
2025-12-08 22:00:00,0.7193,0.7193,0.7159,0.716,1293.0,926.6625
2025-12-08 23:00:00,0.716,0.7206,0.7145,0.7194,1784.0,1281.619
2025-12-09 00:00:00,0.7194,0.7194,0.7113,0.7116,677.0,484.2184
2025-12-09 01:00:00,0.7116,0.715,0.7073,0.7076,6888.0,4885.0293
2025-12-09 02:00:00,0.7076,0.7125,0.7076,0.7099,2327.0,1653.5893
2025-12-09 03:00:00,0.7099,0.7103,0.7057,0.7102,13340.0,9429.3389
2025-12-09 04:00:00,0.7102,0.7102,0.701,0.7032,5006.0,3534.0648
2025-12-09 05:00:00,0.7032,0.7125,0.7032,0.7124,22457.0,15936.0416
2025-12-09 06:00:00,0.7124,0.7137,0.7029,0.706,13388.0,9448.7364
2025-12-09 07:00:00,0.706,0.7128,0.7048,0.7101,9270.0,6590.8864
2025-12-09 08:00:00,0.7101,0.7101,0.7055,0.7067,601.0,424.8821
2025-12-09 09:00:00,0.7067,0.7083,0.7015,0.7018,632.0,444.2384
2025-12-09 10:00:00,0.7018,0.7042,0.7012,0.7036,6943.0,4875.8194
2025-12-09 11:00:00,0.7036,0.7075,0.7036,0.7071,406.0,286.9852
2025-12-09 12:00:00,0.7071,0.7131,0.7071,0.7123,698.0,495.6977
2025-12-09 13:00:00,0.7123,0.7342,0.7123,0.7192,44060.0,32036.768
2025-12-09 14:00:00,0.7192,0.721,0.7114,0.7142,17110.0,12218.7263
2025-12-09 15:00:00,0.7142,0.7363,0.7142,0.7345,29280.0,21222.6912
2025-12-09 16:00:00,0.7345,0.7467,0.7345,0.7444,39722.0,29467.4806
2025-12-09 17:00:00,0.7444,0.7477,0.7408,0.7453,4327.0,3215.2873
2025-12-09 18:00:00,0.7453,0.7453,0.7412,0.7424,1932.0,1434.9682
2025-12-09 19:00:00,0.7424,0.7437,0.7407,0.7407,2717.0,2015.2003
2025-12-09 20:00:00,0.7407,0.7434,0.7302,0.7327,3463.0,2545.9542
2025-12-09 21:00:00,0.7327,0.7348,0.7222,0.723,2816.0,2060.1524
2025-12-09 22:00:00,0.723,0.7336,0.723,0.7324,2137.0,1565.6552
2025-12-09 23:00:00,0.7324,0.7337,0.7324,0.7329,409.0,299.8308
2025-12-10 00:00:00,0.7329,0.7329,0.724,0.7241,4285.0,3110.9596
2025-12-10 01:00:00,0.7241,0.7255,0.7214,0.7241,2438.0,1763.0765
2025-12-10 02:00:00,0.7241,0.7255,0.7231,0.7237,875.0,633.8726
2025-12-10 03:00:00,0.7237,0.7239,0.7215,0.7226,1823.0,1317.9639
2025-12-10 04:00:00,0.7226,0.7285,0.7226,0.7284,3396.0,2465.3469
2025-12-10 05:00:00,0.7284,0.7338,0.7281,0.729,5159.0,3768.9903
2025-12-10 06:00:00,0.729,0.7296,0.7278,0.7294,4243.0,3095.0278
2025-12-10 07:00:00,0.7294,0.7294,0.7233,0.7277,18987.0,13807.6288
2025-12-10 08:00:00,0.7277,0.7306,0.7213,0.7213,10155.0,7386.0146
2025-12-10 09:00:00,0.7213,0.7268,0.7176,0.7268,2276.0,1636.5675
2025-12-10 10:00:00,0.7268,0.7282,0.7194,0.7224,19940.0,14451.7237
2025-12-10 11:00:00,0.7224,0.7226,0.7194,0.7199,1078.0,777.6313
2025-12-10 12:00:00,0.7199,0.7215,0.7179,0.7214,8604.0,6180.3899
2025-12-10 13:00:00,0.7214,0.7259,0.7207,0.7227,6055.0,4378.1476
2025-12-10 14:00:00,0.7227,0.7247,0.7218,0.7228,1212.0,876.3881
2025-12-10 15:00:00,0.7228,0.7269,0.7182,0.7183,5834.0,4205.8122
2025-12-10 16:00:00,0.7183,0.7226,0.7183,0.7222,509.0,366.959
2025-12-10 17:00:00,0.7222,0.7263,0.7198,0.7237,1046.0,756.7584
2025-12-10 18:00:00,0.7237,0.7317,0.7211,0.7229,10124.0,7331.7239
2025-12-10 19:00:00,0.7229,0.7325,0.7149,0.7254,118183.0,85831.6275
2025-12-10 20:00:00,0.7254,0.742,0.7215,0.7232,72643.0,53316.8944
2025-12-10 21:00:00,0.7232,0.7241,0.717,0.717,17715.0,12786.4121
2025-12-10 22:00:00,0.717,0.7189,0.7072,0.7189,34270.0,24457.4834
2025-12-10 23:00:00,0.7189,0.7193,0.713,0.7135,3128.0,2235.962
2025-12-11 00:00:00,0.7135,0.7325,0.6975,0.703,177400.0,127675.6862
2025-12-11 01:00:00,0.703,0.7054,0.6915,0.6926,25065.0,17450.4165
2025-12-11 02:00:00,0.6926,0.6938,0.686,0.6884,9927.0,6856.8196
2025-12-11 03:00:00,0.6884,0.6893,0.6815,0.6839,17709.0,12168.2342
2025-12-11 04:00:00,0.6839,0.6953,0.6827,0.6953,11616.0,8065.8839
2025-12-11 05:00:00,0.6953,0.6953,0.6925,0.6928,655.0,454.437
2025-12-11 06:00:00,0.6928,0.6928,0.6898,0.6898,5776.0,3994.7509
2025-12-11 07:00:00,0.6898,0.6926,0.688,0.6883,1716.0,1186.2091
2025-12-11 08:00:00,0.6883,0.6887,0.6858,0.6877,3057.0,2101.1752
2025-12-11 09:00:00,0.6877,0.6888,0.6858,0.6883,3983.0,2740.1088
2025-12-11 10:00:00,0.6883,0.6883,0.6866,0.6868,60.0,41.202
2025-12-11 11:00:00,0.6868,0.6924,0.6868,0.6884,8021.0,5545.8565
2025-12-11 12:00:00,0.6884,0.6909,0.6872,0.6909,3945.0,2720.8435
2025-12-11 13:00:00,0.6909,0.6909,0.6876,0.688,1911.0,1315.1277
2025-12-11 14:00:00,0.688,0.6929,0.6808,0.6869,50272.0,34511.0098
2025-12-11 15:00:00,0.6869,0.6907,0.6819,0.6849,7222.0,4942.8942
2025-12-11 16:00:00,0.6849,0.687,0.6773,0.6841,42783.0,29129.4935
2025-12-11 17:00:00,0.6841,0.6902,0.6831,0.6874,1308.0,897.5566
2025-12-11 18:00:00,0.6874,0.696,0.687,0.6882,6864.0,4748.9174
2025-12-11 19:00:00,0.6882,0.6961,0.6869,0.6869,30824.0,21264.1344
2025-12-11 20:00:00,0.6869,0.6945,0.6869,0.6945,2716.0,1877.3482
2025-12-11 21:00:00,0.6945,0.706,0.6935,0.702,17093.0,12007.5235
2025-12-11 22:00:00,0.702,0.702,0.6961,0.6989,5579.0,3892.5945
2025-12-11 23:00:00,0.6989,0.7015,0.6959,0.7015,9322.0,6508.1931
2025-12-12 00:00:00,0.7015,0.7023,0.6938,0.6938,7657.0,5361.3098
2025-12-12 01:00:00,0.6938,0.7029,0.6938,0.701,2164.0,1509.0176
2025-12-12 02:00:00,0.701,0.7077,0.6997,0.7068,29905.0,21130.4123
2025-12-12 03:00:00,0.7068,0.7125,0.702,0.7048,23390.0,16547.2886
2025-12-12 04:00:00,0.7048,0.7181,0.7048,0.7123,9550.0,6773.1141
2025-12-12 05:00:00,0.7123,0.7297,0.7074,0.7244,31433.0,22702.9564
2025-12-12 06:00:00,0.7244,0.7367,0.7204,0.7251,30226.0,21993.712
2025-12-12 07:00:00,0.7251,0.7405,0.7251,0.7325,85756.0,62746.358
2025-12-12 08:00:00,0.7325,0.7535,0.7325,0.7393,223037.0,165479.0419
2025-12-12 09:00:00,0.7393,0.7499,0.7349,0.7456,57818.0,43003.3946
2025-12-12 10:00:00,0.7456,0.7747,0.7443,0.7547,515724.0,391971.8763
2025-12-12 11:00:00,0.7547,0.7773,0.7412,0.7429,587678.0,448776.6661
2025-12-12 12:00:00,0.7429,0.7429,0.7066,0.7143,306014.0,221910.3745
2025-12-12 13:00:00,0.7143,0.7222,0.7104,0.7211,25438.0,18211.0353
2025-12-12 14:00:00,0.7211,0.7271,0.7145,0.7209,10414.0,7519.8161
2025-12-12 15:00:00,0.7209,0.7244,0.6941,0.6988,30047.0,21280.9821
2025-12-12 16:00:00,0.6988,0.7074,0.6928,0.7043,40754.0,28576.1321
2025-12-12 17:00:00,0.7043,0.7105,0.7019,0.7027,25785.0,18179.1526
2025-12-12 18:00:00,0.7027,0.7081,0.6998,0.7057,13428.0,9445.1694
2025-12-12 19:00:00,0.7057,0.7066,0.6987,0.6996,7376.0,5176.5511
2025-12-12 20:00:00,0.6996,0.7032,0.6979,0.7016,14010.0,9825.0933
2025-12-12 21:00:00,0.7016,0.7024,0.7007,0.7012,2326.0,1631.9668
2025-12-12 22:00:00,0.7012,0.7032,0.6946,0.7032,5479.0,3826.2657
2025-12-12 23:00:00,0.7032,0.7049,0.6967,0.7049,6007.0,4228.4516
2025-12-13 00:00:00,0.7049,0.7162,0.6935,0.6939,114844.0,81285.0936
2025-12-13 01:00:00,0.6939,0.6939,0.6801,0.6839,36905.0,25307.7765
2025-12-13 02:00:00,0.6839,0.6907,0.6836,0.6871,38768.0,26671.3786
2025-12-13 03:00:00,0.6871,0.6892,0.6855,0.6857,12475.0,8582.4496
2025-12-13 04:00:00,0.6857,0.6857,0.6801,0.684,11148.0,7609.122
2025-12-13 05:00:00,0.684,0.6852,0.6791,0.6827,27958.0,19051.4796
2025-12-13 06:00:00,0.6827,0.6833,0.6769,0.6829,9901.0,6726.8074
2025-12-13 07:00:00,0.6829,0.6877,0.6799,0.6799,37432.0,25663.2787
2025-12-13 08:00:00,0.6799,0.6825,0.6774,0.6791,13330.0,9056.911
2025-12-13 09:00:00,0.6791,0.6838,0.6788,0.679,30733.0,20926.0125
2025-12-13 10:00:00,0.679,0.6841,0.6788,0.6826,27525.0,18767.2233
2025-12-13 11:00:00,0.6826,0.6889,0.681,0.681,133884.0,91656.2514
2025-12-13 12:00:00,0.681,0.6827,0.6777,0.6794,77973.0,53006.3989
2025-12-13 13:00:00,0.6794,0.6822,0.6786,0.6806,4902.0,3327.5659
2025-12-13 14:00:00,0.6806,0.6827,0.6784,0.6816,13554.0,9229.0029
2025-12-13 15:00:00,0.6816,0.6844,0.6787,0.6795,20316.0,13829.0465
2025-12-13 16:00:00,0.6795,0.6852,0.6794,0.6852,19002.0,12954.2824
2025-12-13 17:00:00,0.6852,0.6852,0.6824,0.6825,3722.0,2544.4833
2025-12-13 18:00:00,0.6825,0.6838,0.6809,0.6822,1471.0,1003.3388
2025-12-13 19:00:00,0.6822,0.6822,0.6802,0.6809,550.0,374.2947
2025-12-13 20:00:00,0.6809,0.6809,0.6771,0.6781,172.0,116.66
2025-12-13 21:00:00,0.6781,0.6793,0.6769,0.6793,7317.0,4962.022
2025-12-13 22:00:00,0.6793,0.6806,0.6751,0.6806,8032.0,5444.4575
2025-12-13 23:00:00,0.6806,0.6852,0.6769,0.6829,28258.0,19218.0441
2025-12-14 00:00:00,0.6829,0.6829,0.6767,0.6791,33785.0,22972.806
2025-12-14 01:00:00,0.6791,0.6803,0.6774,0.6777,7353.0,4989.5788
2025-12-14 02:00:00,0.6777,0.6778,0.6671,0.6718,82142.0,55228.8739
2025-12-14 03:00:00,0.6718,0.6718,0.6605,0.6648,43193.0,28641.4586
2025-12-14 04:00:00,0.6648,0.6648,0.658,0.6606,21414.0,14135.1891
2025-12-14 05:00:00,0.6606,0.6619,0.6559,0.6599,18369.0,12104.9368
2025-12-14 06:00:00,0.6599,0.6616,0.6575,0.6616,1315.0,868.3277
2025-12-14 07:00:00,0.6616,0.6647,0.6593,0.6593,38679.0,25579.3493
2025-12-14 08:00:00,0.6593,0.6625,0.6569,0.6571,23146.0,15241.2286
2025-12-14 09:00:00,0.6571,0.6571,0.6512,0.6541,37631.0,24634.1776
2025-12-14 10:00:00,0.6541,0.6557,0.6503,0.6546,24959.0,16304.0964
2025-12-14 11:00:00,0.6546,0.6547,0.6434,0.6496,45279.0,29319.448
2025-12-14 12:00:00,0.6496,0.6542,0.647,0.6536,6918.0,4491.81
2025-12-14 13:00:00,0.6536,0.6536,0.649,0.6517,3551.0,2312.6225
2025-12-14 14:00:00,0.6517,0.6542,0.6442,0.6459,3015.0,1957.0759
2025-12-14 15:00:00,0.6459,0.6486,0.644,0.6486,2613.0,1688.8325
2025-12-14 16:00:00,0.6486,0.654,0.6475,0.653,34036.0,22097.4239
2025-12-14 17:00:00,0.653,0.6548,0.6449,0.6495,60538.0,39336.799
2025-12-14 18:00:00,0.6495,0.6575,0.6487,0.6563,3496.0,2283.2462
2025-12-14 19:00:00,0.6563,0.6642,0.6554,0.6642,25402.0,16805.3861
2025-12-14 20:00:00,0.6642,0.6703,0.6594,0.6694,41075.0,27289.8372
2025-12-14 21:00:00,0.6694,0.6719,0.6527,0.653,90073.0,59555.6683
2025-12-14 22:00:00,0.653,0.6584,0.6478,0.6514,13843.0,9007.1092
2025-12-14 23:00:00,0.6514,0.6532,0.6432,0.6501,73352.0,47490.8578
2025-12-15 00:00:00,0.6501,0.6526,0.6411,0.6483,60538.0,39326.2158
2025-12-15 01:00:00,0.6483,0.6636,0.6483,0.6633,19240.0,12690.6765
2025-12-15 02:00:00,0.6633,0.6688,0.6571,0.6577,43870.0,29019.741
2025-12-15 03:00:00,0.6577,0.6577,0.6552,0.6565,1283.0,841.337
2025-12-15 04:00:00,0.6565,0.6596,0.6563,0.6583,5647.0,3717.9674
2025-12-15 05:00:00,0.6583,0.6723,0.6583,0.6721,11465.0,7682.478
2025-12-15 06:00:00,0.6721,0.6733,0.663,0.6703,33429.0,22392.574
2025-12-15 07:00:00,0.6703,0.6709,0.6644,0.6709,24819.0,16554.0656
2025-12-15 08:00:00,0.6709,0.6712,0.6646,0.671,7796.0,5208.5769
2025-12-15 09:00:00,0.671,0.677,0.6692,0.6713,31915.0,21536.9442
2025-12-15 10:00:00,0.6713,0.6811,0.6677,0.6697,33852.0,22840.8558
2025-12-15 11:00:00,0.6697,0.6836,0.6697,0.6795,11802.0,8008.7806
2025-12-15 12:00:00,0.6795,0.6795,0.6711,0.6768,2083.0,1407.2387
2025-12-15 13:00:00,0.6768,0.6785,0.671,0.6714,7522.0,5077.0942
2025-12-15 14:00:00,0.6714,0.6768,0.6535,0.6548,35347.0,23459.9288
2025-12-15 15:00:00,0.6548,0.6598,0.642,0.6475,63747.0,41508.987
2025-12-15 16:00:00,0.6475,0.6574,0.6437,0.6486,18767.0,12182.2922
2025-12-15 17:00:00,0.6486,0.6644,0.6446,0.6596,18889.0,12428.2997
2025-12-15 18:00:00,0.6596,0.6802,0.6573,0.6779,79857.0,53260.1567
2025-12-15 19:00:00,0.6779,0.689,0.6704,0.6801,38883.0,26472.2958
2025-12-15 20:00:00,0.6801,0.6863,0.6759,0.6792,35162.0,23943.2258
2025-12-15 21:00:00,0.6792,0.6792,0.6736,0.6782,14659.0,9903.1987
2025-12-15 22:00:00,0.6782,0.6859,0.677,0.6814,15064.0,10266.8253
2025-12-15 23:00:00,0.6814,0.6849,0.6672,0.6687,18638.0,12619.1335
2025-12-16 00:00:00,0.6687,0.6871,0.6642,0.6684,122922.0,83463.5063
2025-12-16 01:00:00,0.6684,0.6791,0.6592,0.6783,67987.0,45462.1713
2025-12-16 02:00:00,0.6783,0.7074,0.6783,0.6952,103258.0,71815.1738
2025-12-16 03:00:00,0.6952,0.7169,0.6952,0.7076,95552.0,67383.4905
2025-12-16 04:00:00,0.7076,0.7402,0.6951,0.7187,305125.0,219865.1558
2025-12-16 05:00:00,0.7187,0.7281,0.7091,0.7119,85165.0,61184.4771
2025-12-16 06:00:00,0.7119,0.7314,0.7115,0.7308,64521.0,46687.9348
2025-12-16 07:00:00,0.7308,0.7499,0.7174,0.7249,494517.0,363817.455
2025-12-16 08:00:00,0.7249,0.7249,0.692,0.6973,142280.0,100900.6349
2025-12-16 09:00:00,0.6973,0.7014,0.6879,0.6914,43775.0,30327.0014
2025-12-16 10:00:00,0.6914,0.7051,0.6904,0.7019,42149.0,29468.0997
2025-12-16 11:00:00,0.7019,0.7228,0.7005,0.7191,190026.0,135770.3921
2025-12-16 12:00:00,0.7191,0.75,0.7035,0.7065,388291.0,282256.7413
2025-12-16 13:00:00,0.7065,0.7149,0.7007,0.7035,158794.0,112341.6115
2025-12-16 14:00:00,0.7035,0.726,0.6995,0.7181,38941.0,27848.6559
2025-12-16 15:00:00,0.7181,0.7428,0.7093,0.7294,125602.0,91619.4962
2025-12-16 16:00:00,0.7294,0.7322,0.7218,0.7218,123296.0,89647.4361
2025-12-16 17:00:00,0.7218,0.724,0.709,0.709,67428.0,48192.5605
2025-12-16 18:00:00,0.709,0.7118,0.7037,0.7037,32728.0,23216.5694
2025-12-16 19:00:00,0.7037,0.7037,0.6966,0.6997,5146.0,3598.1812
2025-12-16 20:00:00,0.6997,0.7189,0.6997,0.7091,81586.0,57904.6017
2025-12-16 21:00:00,0.7091,0.7145,0.7081,0.7128,24001.0,17095.704
2025-12-16 22:00:00,0.7128,0.7137,0.7043,0.7099,11080.0,7852.0076
2025-12-16 23:00:00,0.7099,0.723,0.7099,0.7172,19041.0,13695.4405
2025-12-17 00:00:00,0.7172,0.7281,0.6976,0.7002,40885.0,29232.1072
2025-12-17 01:00:00,0.7002,0.7039,0.6938,0.6941,22956.0,16012.2186
2025-12-17 02:00:00,0.6941,0.7125,0.6941,0.7071,111363.0,77928.9202
2025-12-17 03:00:00,0.7071,0.7071,0.6832,0.6859,88744.0,61362.0151
2025-12-17 04:00:00,0.6859,0.6913,0.6831,0.689,44282.0,30445.9534
2025-12-17 05:00:00,0.689,0.689,0.6792,0.6832,39621.0,27079.2942
2025-12-17 06:00:00,0.6832,0.6891,0.6829,0.6891,9035.0,6194.5348
2025-12-17 07:00:00,0.6891,0.6902,0.6833,0.687,17803.0,12214.5565
2025-12-17 08:00:00,0.687,0.6873,0.6776,0.6801,57075.0,38874.8726
2025-12-17 09:00:00,0.6801,0.6835,0.6771,0.6789,14276.0,9728.52
2025-12-17 10:00:00,0.6789,0.6813,0.6757,0.6773,17324.0,11743.4711
2025-12-17 11:00:00,0.6773,0.682,0.6752,0.6772,12645.0,8593.4711
2025-12-17 12:00:00,0.6772,0.6817,0.6751,0.6768,16322.0,11079.7412
2025-12-17 13:00:00,0.6768,0.6863,0.6768,0.6845,21763.0,14830.7385
2025-12-17 14:00:00,0.6845,0.6854,0.669,0.6838,39111.0,26547.3613
2025-12-17 15:00:00,0.6838,0.6924,0.6685,0.6707,51881.0,35397.5956
2025-12-17 16:00:00,0.6707,0.6728,0.6574,0.6684,39257.0,26109.5374
2025-12-17 17:00:00,0.6684,0.6734,0.66,0.6606,45182.0,30227.1825
2025-12-17 18:00:00,0.6606,0.6632,0.6507,0.6507,15331.0,10032.7559
2025-12-17 19:00:00,0.6507,0.6557,0.6459,0.6548,16500.0,10738.7048
2025-12-17 20:00:00,0.6548,0.6586,0.6521,0.6535,13278.0,8719.0459
2025-12-17 21:00:00,0.6535,0.6573,0.6533,0.6563,12654.0,8298.8901
2025-12-17 22:00:00,0.6563,0.6595,0.6522,0.6572,4670.0,3062.2457
2025-12-17 23:00:00,0.6572,0.6598,0.6556,0.6561,803.0,527.773
2025-12-18 00:00:00,0.6561,0.678,0.6492,0.6558,124369.0,82566.2875
2025-12-18 01:00:00,0.6558,0.6558,0.6429,0.6445,34290.0,22191.6973
2025-12-18 02:00:00,0.6445,0.6487,0.6412,0.6453,33883.0,21849.0066
2025-12-18 03:00:00,0.6453,0.6453,0.6259,0.6295,30141.0,19186.1127
2025-12-18 04:00:00,0.6295,0.637,0.6295,0.637,17551.0,11110.8661
2025-12-18 05:00:00,0.637,0.637,0.6243,0.6243,3880.0,2431.7589
2025-12-18 06:00:00,0.6243,0.6262,0.6195,0.6259,19523.0,12159.4391
2025-12-18 07:00:00,0.6259,0.6283,0.6249,0.6267,5485.0,3432.4375
2025-12-18 08:00:00,0.6267,0.629,0.6255,0.6271,6399.0,4012.1795
2025-12-18 09:00:00,0.6271,0.6284,0.6237,0.6248,6863.0,4293.8708
2025-12-18 10:00:00,0.6248,0.6273,0.6232,0.6254,44739.0,27967.3753
2025-12-18 11:00:00,0.6254,0.626,0.6181,0.6226,13967.0,8685.416
2025-12-18 12:00:00,0.6226,0.6227,0.6182,0.6203,5948.0,3684.7019
2025-12-18 13:00:00,0.6203,0.6334,0.6203,0.6309,45880.0,28684.1586
2025-12-18 14:00:00,0.6309,0.6372,0.6251,0.6282,16468.0,10380.7292
2025-12-18 15:00:00,0.6282,0.6387,0.6258,0.6348,28025.0,17752.2832
2025-12-18 16:00:00,0.6348,0.6368,0.6308,0.6333,23894.0,15178.1962
2025-12-18 17:00:00,0.6333,0.6333,0.6026,0.6169,68093.0,41850.4803
2025-12-18 18:00:00,0.6169,0.6216,0.6116,0.6127,13464.0,8305.9409
2025-12-18 19:00:00,0.6127,0.6133,0.5949,0.5984,29875.0,18030.5435
2025-12-18 20:00:00,0.5984,0.6071,0.5979,0.6028,27268.0,16436.5498
2025-12-18 21:00:00,0.6028,0.6124,0.6028,0.6124,7182.0,4359.9236
2025-12-18 22:00:00,0.6124,0.6181,0.6124,0.6151,7305.0,4500.0153
2025-12-18 23:00:00,0.6151,0.6181,0.6135,0.6157,2316.0,1426.3658
2025-12-19 00:00:00,0.6157,0.6157,0.6091,0.6097,25252.0,15427.3332
2025-12-19 01:00:00,0.6097,0.6194,0.6082,0.6194,46187.0,28257.9738
2025-12-19 02:00:00,0.6194,0.6323,0.6194,0.6281,40726.0,25544.0987
2025-12-19 03:00:00,0.6281,0.6415,0.6267,0.6296,15520.0,9812.5575
2025-12-19 04:00:00,0.6296,0.6327,0.6292,0.6306,6171.0,3896.5901
2025-12-19 05:00:00,0.6306,0.6315,0.626,0.6306,5145.0,3234.634
2025-12-19 06:00:00,0.6306,0.6348,0.6292,0.6346,3315.0,2094.2106
2025-12-19 07:00:00,0.6346,0.6396,0.6332,0.6354,6213.0,3950.185
2025-12-19 08:00:00,0.6354,0.6406,0.6349,0.6404,7365.0,4705.311
2025-12-19 09:00:00,0.6404,0.6404,0.6233,0.6254,9088.0,5706.6672
2025-12-19 10:00:00,0.6254,0.6275,0.6237,0.6263,3028.0,1894.8502
2025-12-19 11:00:00,0.6263,0.6345,0.6256,0.6323,3345.0,2112.2949
2025-12-19 12:00:00,0.6323,0.6329,0.6271,0.6294,11008.0,6944.1295
2025-12-19 13:00:00,0.6294,0.6329,0.6293,0.6323,1504.0,949.6544
2025-12-19 14:00:00,0.6323,0.6384,0.6313,0.6357,5630.0,3573.9115
2025-12-19 15:00:00,0.6357,0.6437,0.632,0.6324,29953.0,19094.4178
2025-12-19 16:00:00,0.6324,0.64,0.6324,0.6346,6036.0,3840.5982
2025-12-19 17:00:00,0.6346,0.6369,0.6255,0.6288,13523.0,8494.1775
2025-12-19 18:00:00,0.6288,0.6304,0.6255,0.6292,2907.0,1825.2836
2025-12-19 19:00:00,0.6292,0.6525,0.6289,0.6525,8877.0,5689.3644
2025-12-19 20:00:00,0.6525,0.6537,0.6484,0.6528,23828.0,15501.4365
2025-12-19 21:00:00,0.6528,0.6528,0.6432,0.6436,8069.0,5218.7065
2025-12-19 22:00:00,0.6436,0.6487,0.6436,0.6482,1040.0,672.6061
2025-12-19 23:00:00,0.6482,0.6566,0.6482,0.6528,29574.0,19331.6957
2025-12-20 00:00:00,0.6528,0.6538,0.6469,0.6514,19795.0,12851.4867
2025-12-20 01:00:00,0.6514,0.6719,0.6514,0.6634,31426.0,20936.0379
2025-12-20 02:00:00,0.6634,0.7007,0.6562,0.6648,53492.0,36136.7561
2025-12-20 03:00:00,0.6648,0.6648,0.657,0.6612,26758.0,17675.5121
2025-12-20 04:00:00,0.6612,0.6701,0.6583,0.6636,14465.0,9589.8535
2025-12-20 05:00:00,0.6636,0.666,0.6592,0.6614,6495.0,4305.2284
2025-12-20 06:00:00,0.6614,0.6686,0.6597,0.6686,5580.0,3701.7015
2025-12-20 07:00:00,0.6686,0.6738,0.6669,0.6706,4048.0,2716.4808
2025-12-20 08:00:00,0.6706,0.6733,0.6677,0.6708,14623.0,9809.3295
2025-12-20 09:00:00,0.6708,0.6817,0.6705,0.6816,25223.0,17079.928
2025-12-20 10:00:00,0.6816,0.6831,0.6674,0.6703,17306.0,11668.458
2025-12-20 11:00:00,0.6703,0.6814,0.6673,0.6807,15168.0,10272.0817
2025-12-20 12:00:00,0.6807,0.6936,0.6759,0.6905,4090.0,2797.0833
2025-12-20 13:00:00,0.6905,0.7166,0.6755,0.7017,141049.0,98511.5377
2025-12-20 14:00:00,0.7017,0.7097,0.6833,0.7097,108316.0,75693.9972
2025-12-20 15:00:00,0.7097,0.7097,0.6789,0.6819,15940.0,11054.33
2025-12-20 16:00:00,0.6819,0.6892,0.6796,0.6892,22028.0,15067.981
2025-12-20 17:00:00,0.6892,0.6927,0.6813,0.6827,24555.0,16893.8826
2025-12-20 18:00:00,0.6827,0.6895,0.6827,0.6882,5300.0,3644.4313
2025-12-20 19:00:00,0.6882,0.6893,0.6867,0.6873,2205.0,1517.4722
2025-12-20 20:00:00,0.6873,0.6906,0.6853,0.6856,8250.0,5684.6545
2025-12-20 21:00:00,0.6856,0.6865,0.6819,0.6819,6643.0,4553.8505
2025-12-20 22:00:00,0.6819,0.685,0.6806,0.6806,25260.0,17253.4423
2025-12-20 23:00:00,0.6806,0.6895,0.6806,0.6895,2139.0,1473.2749
2025-12-21 00:00:00,0.6895,0.6895,0.6716,0.6733,9146.0,6178.2974
2025-12-21 01:00:00,0.6733,0.6749,0.6683,0.6693,3262.0,2189.6427
2025-12-21 02:00:00,0.6693,0.6693,0.662,0.662,22326.0,14850.0407
2025-12-21 03:00:00,0.662,0.6652,0.6601,0.6641,3744.0,2481.7119
2025-12-21 04:00:00,0.6641,0.6661,0.6623,0.6634,2362.0,1568.2502
2025-12-21 05:00:00,0.6634,0.6699,0.6634,0.6678,4156.0,2771.5956
2025-12-21 06:00:00,0.6678,0.6678,0.664,0.6651,3063.0,2038.843
2025-12-21 07:00:00,0.6651,0.6656,0.6624,0.6644,1613.0,1071.6657
2025-12-21 08:00:00,0.6644,0.6736,0.6629,0.6725,6576.0,4411.2837
2025-12-21 09:00:00,0.6725,0.6725,0.6653,0.6676,3888.0,2601.4153
2025-12-21 10:00:00,0.6676,0.6681,0.6608,0.6608,1855.0,1233.461
2025-12-21 11:00:00,0.6608,0.6623,0.6563,0.6563,1441.0,950.2705
2025-12-21 12:00:00,0.6563,0.6652,0.6563,0.6589,3345.0,2211.2167
2025-12-21 13:00:00,0.6589,0.6589,0.6422,0.643,43202.0,28121.3658
2025-12-21 14:00:00,0.643,0.6475,0.643,0.6457,8104.0,5233.1859
2025-12-21 15:00:00,0.6457,0.6489,0.645,0.6483,6321.0,4090.2778
2025-12-21 16:00:00,0.6483,0.651,0.6469,0.651,22996.0,14955.1892
2025-12-21 17:00:00,0.651,0.6543,0.6493,0.6493,2993.0,1950.612
2025-12-21 18:00:00,0.6493,0.6511,0.6472,0.6498,1554.0,1008.3926
2025-12-21 19:00:00,0.6498,0.6567,0.6498,0.6566,6192.0,4044.5423
2025-12-21 20:00:00,0.6566,0.657,0.6517,0.6524,1439.0,942.5921
2025-12-21 21:00:00,0.6524,0.6524,0.6461,0.6471,2065.0,1342.8199
2025-12-21 22:00:00,0.6471,0.6512,0.6471,0.6512,478.0,309.8295
2025-12-21 23:00:00,0.6512,0.6571,0.6512,0.6571,230.0,151.0071
2025-12-22 00:00:00,0.6571,0.6666,0.6554,0.6554,12934.0,8556.6275
2025-12-22 01:00:00,0.6554,0.6614,0.6554,0.6577,4141.0,2723.4636
2025-12-22 02:00:00,0.6577,0.6577,0.649,0.6539,11363.0,7414.8097
2025-12-22 03:00:00,0.6539,0.6578,0.6515,0.6554,733.0,479.9735
2025-12-22 04:00:00,0.6554,0.656,0.6519,0.6519,1707.0,1116.2713
2025-12-22 05:00:00,0.6519,0.6543,0.6517,0.6517,5011.0,3270.2535
2025-12-22 06:00:00,0.6517,0.6523,0.6472,0.6523,39508.0,25700.0826
2025-12-22 07:00:00,0.6523,0.6589,0.6522,0.657,3697.0,2427.6361
2025-12-22 08:00:00,0.657,0.6662,0.6558,0.6586,30246.0,20014.389
2025-12-22 09:00:00,0.6586,0.663,0.6554,0.659,27014.0,17823.5454
2025-12-22 10:00:00,0.659,0.6593,0.6539,0.6574,10153.0,6683.5641
2025-12-22 11:00:00,0.6574,0.6611,0.6557,0.6591,4919.0,3236.2315
2025-12-22 12:00:00,0.6591,0.6631,0.6591,0.6601,3631.0,2401.1519
2025-12-22 13:00:00,0.6601,0.6661,0.6594,0.6661,9309.0,6161.8613
2025-12-22 14:00:00,0.6661,0.6679,0.6592,0.6648,8261.0,5484.1838
2025-12-22 15:00:00,0.6648,0.6682,0.6599,0.6682,8613.0,5703.2082
2025-12-22 16:00:00,0.6682,0.6717,0.6678,0.668,6729.0,4502.0885
2025-12-22 17:00:00,0.668,0.6687,0.6654,0.6669,1365.0,910.2729
2025-12-22 18:00:00,0.6669,0.6715,0.6651,0.6661,4289.0,2861.4295
2025-12-22 19:00:00,0.6661,0.6661,0.6533,0.6537,1680.0,1105.7477
2025-12-22 20:00:00,0.6537,0.6546,0.6507,0.653,5062.0,3302.4795
2025-12-22 21:00:00,0.653,0.6606,0.6529,0.6585,2212.0,1451.9676
2025-12-22 22:00:00,0.6585,0.6599,0.6582,0.6598,1442.0,951.2908
2025-12-22 23:00:00,0.6598,0.6599,0.6575,0.6599,508.0,334.7055
2025-12-23 00:00:00,0.6599,0.6668,0.6576,0.6668,3077.0,2040.2134
2025-12-23 01:00:00,0.6668,0.6668,0.6554,0.6554,6145.0,4072.2835
2025-12-23 02:00:00,0.6554,0.6597,0.6512,0.6519,8711.0,5720.3517
2025-12-23 03:00:00,0.6519,0.6536,0.6471,0.6518,3996.0,2600.7567
2025-12-23 04:00:00,0.6518,0.6518,0.6446,0.6446,2574.0,1668.0855
2025-12-23 05:00:00,0.6446,0.6446,0.6384,0.6403,30178.0,19385.958
2025-12-23 06:00:00,0.6403,0.6441,0.6399,0.6436,24456.0,15718.2601
2025-12-23 07:00:00,0.6436,0.647,0.6436,0.645,16018.0,10344.6253
2025-12-23 08:00:00,0.645,0.6648,0.6437,0.6586,27726.0,18257.6612
2025-12-23 09:00:00,0.6586,0.6593,0.6495,0.6566,37433.0,24437.4392
2025-12-23 10:00:00,0.6566,0.6614,0.6566,0.6577,2404.0,1580.8632
2025-12-23 11:00:00,0.6577,0.6787,0.6577,0.6697,44901.0,30063.7372
2025-12-23 12:00:00,0.6697,0.6827,0.6657,0.6789,35368.0,23763.4753
2025-12-23 13:00:00,0.6789,0.6789,0.6694,0.6722,9639.0,6511.2849
2025-12-23 14:00:00,0.6722,0.6791,0.6713,0.6713,12538.0,8450.2424
2025-12-23 15:00:00,0.6713,0.6958,0.6611,0.6677,519968.0,356778.8237
2025-12-23 16:00:00,0.6677,0.6722,0.6591,0.6619,23116.0,15371.0292
2025-12-23 17:00:00,0.6619,0.6634,0.6487,0.6487,17669.0,11609.0346
2025-12-23 18:00:00,0.6487,0.6576,0.6487,0.6576,11769.0,7709.4437
2025-12-23 19:00:00,0.6576,0.6576,0.6531,0.6531,735.0,480.8899
2025-12-23 20:00:00,0.6531,0.6627,0.6515,0.6579,8003.0,5265.8776
2025-12-23 21:00:00,0.6579,0.6581,0.6554,0.6575,1963.0,1289.4416
2025-12-23 22:00:00,0.6575,0.6592,0.6545,0.6572,3481.0,2283.4528
2025-12-23 23:00:00,0.6572,0.6633,0.6562,0.6615,7175.0,4742.3633
2025-12-24 00:00:00,0.6615,0.6616,0.6531,0.6569,6869.0,4514.2693
2025-12-24 01:00:00,0.6569,0.6599,0.6538,0.6554,4027.0,2642.9644
2025-12-24 02:00:00,0.6554,0.6554,0.6426,0.6444,6808.0,4406.0986
2025-12-24 03:00:00,0.6444,0.6538,0.6409,0.6538,7852.0,5101.5104
2025-12-24 04:00:00,0.6538,0.6752,0.6538,0.6611,27617.0,18418.747
2025-12-24 05:00:00,0.6611,0.6621,0.6548,0.6575,4724.0,3117.9006
2025-12-24 06:00:00,0.6575,0.6871,0.6572,0.6794,49576.0,33278.7033
2025-12-24 07:00:00,0.6794,0.6845,0.6748,0.6748,19944.0,13531.9649
2025-12-24 08:00:00,0.6748,0.7113,0.6717,0.7067,81420.0,56545.4546
2025-12-24 09:00:00,0.7067,0.707,0.6791,0.6806,117870.0,81708.5255
2025-12-24 10:00:00,0.6806,0.6917,0.6745,0.6895,71284.0,48603.1042
2025-12-24 11:00:00,0.6895,0.7057,0.6895,0.702,35102.0,24614.5417
2025-12-24 12:00:00,0.702,0.7069,0.6904,0.6942,29221.0,20442.0929
2025-12-24 13:00:00,0.6942,0.7066,0.6887,0.7018,29570.0,20634.3169
2025-12-24 14:00:00,0.7018,0.7142,0.6965,0.6987,30274.0,21378.0633
2025-12-24 15:00:00,0.6987,0.7001,0.6901,0.6928,20534.0,14256.5672
2025-12-24 16:00:00,0.6928,0.7013,0.6881,0.6918,27942.0,19427.8435
2025-12-24 17:00:00,0.6918,0.6941,0.6906,0.6918,15314.0,10600.2267
2025-12-24 18:00:00,0.6918,0.6985,0.6856,0.6942,4687.0,3229.7499
2025-12-24 19:00:00,0.6942,0.6978,0.6909,0.6929,8130.0,5639.6896
2025-12-24 20:00:00,0.6929,0.6942,0.6863,0.6918,79680.0,54999.1536
2025-12-24 21:00:00,0.6918,0.6918,0.685,0.6871,9709.0,6672.2984
2025-12-24 22:00:00,0.6871,0.696,0.6863,0.6945,7344.0,5096.7986
2025-12-24 23:00:00,0.6945,0.6978,0.6942,0.6978,3717.0,2585.334
2025-12-25 00:00:00,0.6978,0.7369,0.6923,0.7362,613028.0,443662.0275
2025-12-25 01:00:00,0.7362,0.7745,0.7228,0.7501,427691.0,324421.9094
2025-12-25 02:00:00,0.7501,0.7531,0.7261,0.7371,327202.0,242498.5998
2025-12-25 03:00:00,0.7371,0.7391,0.7305,0.7372,136797.0,100533.2144
2025-12-25 04:00:00,0.7372,0.7517,0.716,0.7214,134213.0,98270.4629
2025-12-25 05:00:00,0.7214,0.7344,0.7189,0.7344,49011.0,35586.369
2025-12-25 06:00:00,0.7344,0.7463,0.7302,0.739,123360.0,91213.9917
2025-12-25 07:00:00,0.739,0.7531,0.7376,0.7409,128160.0,95222.8803
2025-12-25 08:00:00,0.7409,0.7537,0.7382,0.7529,105031.0,78286.3338
2025-12-25 09:00:00,0.7529,0.7597,0.7411,0.7467,47210.0,35571.6555
2025-12-25 10:00:00,0.7467,0.7541,0.7323,0.7541,54459.0,40321.2688
2025-12-25 11:00:00,0.7541,0.7933,0.751,0.771,166550.0,128928.4251
2025-12-25 12:00:00,0.771,0.8385,0.7682,0.8104,625002.0,504502.4081
2025-12-25 13:00:00,0.8104,0.8271,0.7487,0.7558,760558.0,602434.04
2025-12-25 14:00:00,0.7558,0.7622,0.737,0.7437,126060.0,94103.3085
2025-12-25 15:00:00,0.7437,0.7531,0.7437,0.7525,83020.0,62324.2445
2025-12-25 16:00:00,0.7525,0.7611,0.7504,0.7516,52663.0,39830.4135
2025-12-25 17:00:00,0.7516,0.7753,0.7516,0.7714,41596.0,31898.1101
2025-12-25 18:00:00,0.7714,0.7848,0.7699,0.7833,30953.0,24084.184
2025-12-25 19:00:00,0.7833,0.7861,0.7773,0.7774,15461.0,12108.058
2025-12-25 20:00:00,0.7774,0.7854,0.7687,0.7839,36959.0,28741.0529
2025-12-25 21:00:00,0.7839,0.8028,0.7814,0.7953,132725.0,105793.6204
2025-12-25 22:00:00,0.7953,0.7958,0.7672,0.7715,164866.0,129022.0852
2025-12-25 23:00:00,0.7715,0.7848,0.764,0.7708,128851.0,99276.5096
2025-12-26 00:00:00,0.7708,0.7773,0.7271,0.7285,961119.0,717107.0003
2025-12-26 01:00:00,0.7285,0.7472,0.7271,0.7376,59367.0,43684.5426
2025-12-26 02:00:00,0.7376,0.7548,0.7376,0.7429,41184.0,30835.945
2025-12-26 03:00:00,0.7429,0.7492,0.7329,0.7444,169907.0,126019.0548
2025-12-26 04:00:00,0.7444,0.7605,0.7303,0.7365,133872.0,99700.0048
2025-12-26 05:00:00,0.7365,0.7407,0.726,0.7282,143741.0,105470.5157
2025-12-26 06:00:00,0.7282,0.7303,0.7115,0.7151,106056.0,75928.3249
2025-12-26 07:00:00,0.7151,0.7214,0.7132,0.7148,38686.0,27735.3989
2025-12-26 08:00:00,0.7148,0.7217,0.706,0.7076,57011.0,40710.8419
2025-12-26 09:00:00,0.7076,0.7132,0.7074,0.7125,11726.0,8340.2368
2025-12-26 10:00:00,0.7125,0.7208,0.7117,0.7193,42530.0,30419.0193
2025-12-26 11:00:00,0.7193,0.7219,0.716,0.7172,38091.0,27387.2684
2025-12-26 12:00:00,0.7172,0.7172,0.7113,0.7143,22493.0,16043.6193
2025-12-26 13:00:00,0.7143,0.7177,0.7116,0.7141,13751.0,9826.0617
2025-12-26 14:00:00,0.7141,0.7186,0.7119,0.7139,27925.0,19952.34
2025-12-26 15:00:00,0.7139,0.7139,0.703,0.7064,46619.0,32956.2015
2025-12-26 16:00:00,0.7064,0.719,0.7064,0.7153,16094.0,11513.0239
2025-12-26 17:00:00,0.7153,0.7206,0.7132,0.7157,12979.0,9283.4873
2025-12-26 18:00:00,0.7157,0.7236,0.7157,0.7192,23710.0,17102.6866
2025-12-26 19:00:00,0.7192,0.7257,0.7189,0.7219,8902.0,6431.886
2025-12-26 20:00:00,0.7219,0.7274,0.7199,0.722,3917.0,2832.1287
2025-12-26 21:00:00,0.722,0.7228,0.7154,0.7158,10522.0,7551.9335
2025-12-26 22:00:00,0.7158,0.7182,0.7128,0.7182,13442.0,9612.0202
2025-12-26 23:00:00,0.7182,0.7255,0.7173,0.7222,20786.0,14998.1743
2025-12-27 00:00:00,0.7222,0.7222,0.7024,0.7077,25859.0,18321.94
2025-12-27 01:00:00,0.7077,0.7091,0.696,0.6968,32939.0,23048.6835
2025-12-27 02:00:00,0.6968,0.6968,0.6905,0.6945,34071.0,23647.9825
2025-12-27 03:00:00,0.6945,0.6979,0.6938,0.6958,4547.0,3161.5428
2025-12-27 04:00:00,0.6958,0.7073,0.6871,0.703,52011.0,36096.7759
2025-12-27 05:00:00,0.703,0.7033,0.6928,0.6952,10245.0,7135.1725
2025-12-27 06:00:00,0.6952,0.7014,0.6949,0.7007,6452.0,4507.4027
2025-12-27 07:00:00,0.7007,0.7039,0.6982,0.7017,26566.0,18615.3844
2025-12-27 08:00:00,0.7017,0.7038,0.7011,0.7026,5862.0,4119.3005
2025-12-27 09:00:00,0.7026,0.7073,0.6984,0.7071,20421.0,14370.7896
2025-12-27 10:00:00,0.7071,0.7071,0.6905,0.6938,23025.0,16046.9973
2025-12-27 11:00:00,0.6938,0.6943,0.684,0.6849,29314.0,20124.6297
2025-12-27 12:00:00,0.6849,0.6891,0.6845,0.6889,19821.0,13609.0962
2025-12-27 13:00:00,0.6889,0.6893,0.686,0.6881,1184.0,813.7805
2025-12-27 14:00:00,0.6881,0.692,0.687,0.6894,3130.0,2157.7195
2025-12-27 15:00:00,0.6894,0.6923,0.6885,0.6913,3444.0,2376.4572
2025-12-27 16:00:00,0.6913,0.6942,0.6889,0.6913,2158.0,1491.6458
2025-12-27 17:00:00,0.6913,0.7003,0.6913,0.6965,3859.0,2686.7345
2025-12-27 18:00:00,0.6965,0.6965,0.6929,0.6932,1751.0,1214.3206
2025-12-27 19:00:00,0.6932,0.6932,0.6925,0.6932,190.0,131.6121
2025-12-27 20:00:00,0.6932,0.6951,0.6932,0.6951,3823.0,2653.8197
2025-12-27 21:00:00,0.6951,0.6964,0.6946,0.6946,1344.0,935.091
2025-12-27 22:00:00,0.6946,0.6955,0.6885,0.69,18001.0,12442.6973
2025-12-27 23:00:00,0.69,0.6958,0.69,0.6951,11757.0,8163.5067
2025-12-28 00:00:00,0.6951,0.6965,0.6916,0.6938,5462.0,3792.1356
2025-12-28 01:00:00,0.6938,0.6952,0.6911,0.6921,1823.0,1262.8498
2025-12-28 02:00:00,0.6921,0.694,0.6898,0.6907,11153.0,7711.8152
2025-12-28 03:00:00,0.6907,0.6907,0.6855,0.689,3619.0,2486.2418
2025-12-28 04:00:00,0.689,0.689,0.6858,0.6864,2341.0,1608.1372
2025-12-28 05:00:00,0.6864,0.6864,0.6784,0.6834,23964.0,16323.7501
2025-12-28 06:00:00,0.6834,0.6843,0.6818,0.6835,5086.0,3474.685
2025-12-28 07:00:00,0.6835,0.6884,0.6835,0.6862,12403.0,8509.2249
2025-12-28 08:00:00,0.6862,0.6928,0.6838,0.6925,12477.0,8583.6241
2025-12-28 09:00:00,0.6925,0.7099,0.6919,0.6979,38695.0,27101.7162
2025-12-28 10:00:00,0.6979,0.7021,0.6979,0.6987,8331.0,5827.5393
2025-12-28 11:00:00,0.6987,0.6998,0.6975,0.6998,249.0,173.8608
2025-12-28 12:00:00,0.6998,0.7252,0.6976,0.7168,53510.0,38401.0516
2025-12-28 13:00:00,0.7168,0.7321,0.7147,0.716,51845.0,37465.7024
2025-12-28 14:00:00,0.716,0.7181,0.7073,0.7156,28851.0,20513.0803
2025-12-28 15:00:00,0.7156,0.7297,0.7156,0.7223,15646.0,11313.9098
2025-12-28 16:00:00,0.7223,0.7459,0.719,0.7412,41375.0,30267.1808
2025-12-28 17:00:00,0.7412,0.7481,0.7353,0.7457,10927.0,8105.2126
2025-12-28 18:00:00,0.7457,0.7457,0.7263,0.7282,21942.0,16024.4047
2025-12-28 19:00:00,0.7282,0.7361,0.7266,0.7266,20551.0,15027.6441
2025-12-28 20:00:00,0.7266,0.7424,0.7254,0.7284,19327.0,14149.8002
2025-12-28 21:00:00,0.7284,0.7284,0.7109,0.7147,15923.0,11473.6093
2025-12-28 22:00:00,0.7147,0.7189,0.7127,0.7158,17668.0,12619.961
2025-12-28 23:00:00,0.7158,0.7248,0.7148,0.718,2498.0,1794.8592
2025-12-29 00:00:00,0.718,0.7403,0.7121,0.7222,24470.0,17864.887
2025-12-29 01:00:00,0.7222,0.7416,0.7186,0.7408,21016.0,15391.3849
2025-12-29 02:00:00,0.7408,0.7496,0.7377,0.7496,24616.0,18326.0569
2025-12-29 03:00:00,0.7496,0.7758,0.7492,0.7712,57754.0,43917.5825
2025-12-29 04:00:00,0.7712,0.7803,0.7643,0.7723,54806.0,42509.5686
2025-12-29 05:00:00,0.7723,0.7872,0.7657,0.7864,83459.0,65399.9961
2025-12-29 06:00:00,0.7864,0.8343,0.7772,0.7849,464182.0,374229.3213
2025-12-29 07:00:00,0.7849,0.7863,0.745,0.7584,80106.0,60757.6492
2025-12-29 08:00:00,0.7584,0.7709,0.7559,0.7588,22976.0,17463.2409
2025-12-29 09:00:00,0.7588,0.7682,0.7477,0.7535,40871.0,30843.2206
2025-12-29 10:00:00,0.7535,0.7601,0.7437,0.7489,131970.0,99421.6305
2025-12-29 11:00:00,0.7489,0.7523,0.742,0.7476,15305.0,11416.4969
2025-12-29 12:00:00,0.7476,0.7611,0.7424,0.7564,31594.0,23716.2193
2025-12-29 13:00:00,0.7564,0.7897,0.7523,0.7775,83025.0,64273.6969
2025-12-29 14:00:00,0.7775,0.7818,0.745,0.759,39109.0,29533.1772
2025-12-29 15:00:00,0.759,0.7736,0.759,0.763,45325.0,34718.3798
2025-12-29 16:00:00,0.763,0.7724,0.7562,0.7614,26953.0,20551.9821
2025-12-29 17:00:00,0.7614,0.7641,0.7468,0.7504,18661.0,14127.4275
2025-12-29 18:00:00,0.7504,0.7549,0.7499,0.7523,5104.0,3842.2594
2025-12-29 19:00:00,0.7523,0.7623,0.7482,0.7537,13177.0,9938.7499
2025-12-29 20:00:00,0.7537,0.7546,0.7506,0.7537,2921.0,2199.4234
2025-12-29 21:00:00,0.7537,0.7604,0.7526,0.7526,2780.0,2102.9429
2025-12-29 22:00:00,0.7526,0.7636,0.7521,0.7635,5051.0,3825.5422
2025-12-29 23:00:00,0.7635,0.7663,0.7581,0.7597,57634.0,43793.0737
2025-12-30 00:00:00,0.7597,0.7597,0.7334,0.7347,42556.0,31573.7664
2025-12-30 01:00:00,0.7347,0.7509,0.7343,0.7384,16728.0,12418.8261
2025-12-30 02:00:00,0.7384,0.7384,0.7307,0.7364,3691.0,2705.0666
2025-12-30 03:00:00,0.7364,0.7451,0.7332,0.744,8526.0,6317.6744
2025-12-30 04:00:00,0.744,0.7686,0.7433,0.7642,16002.0,12071.6588
2025-12-30 05:00:00,0.7642,0.7916,0.7603,0.7702,56793.0,43889.4409
2025-12-30 06:00:00,0.7702,0.7702,0.752,0.7539,15251.0,11565.2739
2025-12-30 07:00:00,0.7539,0.7898,0.7533,0.7667,47196.0,36707.0157
2025-12-30 08:00:00,0.7667,0.7707,0.747,0.7511,49186.0,37320.4612
2025-12-30 09:00:00,0.7511,0.7511,0.7409,0.7411,79924.0,59453.3803
2025-12-30 10:00:00,0.7411,0.7411,0.7252,0.7253,35420.0,25871.1988
2025-12-30 11:00:00,0.7253,0.7326,0.7218,0.7263,10558.0,7673.3857
2025-12-30 12:00:00,0.7263,0.7279,0.7119,0.7185,73600.0,52956.1205
2025-12-30 13:00:00,0.7185,0.7205,0.7148,0.7176,4632.0,3323.6082
2025-12-30 14:00:00,0.7176,0.7229,0.7126,0.7205,25553.0,18376.7403
2025-12-30 15:00:00,0.7205,0.7261,0.7162,0.7163,21178.0,15267.1289
2025-12-30 16:00:00,0.7163,0.7244,0.7148,0.7169,7589.0,5457.3736
2025-12-30 17:00:00,0.7169,0.7193,0.7076,0.712,27780.0,19794.4945
2025-12-30 18:00:00,0.712,0.7187,0.7094,0.7105,17858.0,12759.9697
2025-12-30 19:00:00,0.7105,0.7105,0.7047,0.7054,47590.0,33647.8223
2025-12-30 20:00:00,0.7054,0.7054,0.6993,0.7006,17240.0,12125.1644
2025-12-30 21:00:00,0.7006,0.708,0.7005,0.703,26877.0,18903.8539
2025-12-30 22:00:00,0.703,0.7062,0.7012,0.7022,9836.0,6917.6354
2025-12-30 23:00:00,0.7022,0.7037,0.6927,0.693,28397.0,19802.9884
2025-12-31 00:00:00,0.693,0.6972,0.6791,0.6837,98280.0,67217.2925
2025-12-31 01:00:00,0.6837,0.6852,0.6706,0.6744,52209.0,35305.5125
2025-12-31 02:00:00,0.6744,0.6782,0.6719,0.674,25483.0,17192.1162
2025-12-31 03:00:00,0.674,0.6761,0.6625,0.669,30101.0,20157.1857
2025-12-31 04:00:00,0.669,0.6762,0.6627,0.6642,61439.0,41017.1818
2025-12-31 05:00:00,0.6642,0.6708,0.664,0.6673,92780.0,61818.7577
2025-12-31 06:00:00,0.6673,0.6766,0.6604,0.6663,101192.0,67425.8231
2025-12-31 07:00:00,0.6663,0.676,0.6608,0.6735,96859.0,64729.7226
2025-12-31 08:00:00,0.6735,0.6735,0.6639,0.6654,94261.0,62916.0219
2025-12-31 09:00:00,0.6654,0.6658,0.6579,0.6653,96839.0,63952.4753
2025-12-31 10:00:00,0.6653,0.6681,0.6636,0.6673,21666.0,14422.9904
2025-12-31 11:00:00,0.6673,0.6724,0.6673,0.6694,12424.0,8323.8744
2025-12-31 12:00:00,0.6694,0.6694,0.6546,0.658,96181.0,63742.3511
2025-12-31 13:00:00,0.658,0.6609,0.655,0.6552,22711.0,14931.9866
2025-12-31 14:00:00,0.6552,0.6588,0.6524,0.6543,41978.0,27509.418
2025-12-31 15:00:00,0.6543,0.6562,0.6476,0.6527,44149.0,28786.6144
2025-12-31 16:00:00,0.6527,0.655,0.645,0.6499,105269.0,68606.049
2025-12-31 17:00:00,0.6499,0.6499,0.6396,0.6419,63662.0,40925.4992
2025-12-31 18:00:00,0.6419,0.6493,0.6413,0.6467,28790.0,18655.096
2025-12-31 19:00:00,0.6467,0.6541,0.6455,0.6526,2336.0,1522.0386
2025-12-31 20:00:00,0.6526,0.6568,0.6469,0.6526,9539.0,6205.4094
2025-12-31 21:00:00,0.6526,0.6526,0.6487,0.6503,2585.0,1681.0733
2025-12-31 22:00:00,0.6503,0.653,0.6484,0.653,1994.0,1296.8335
2025-12-31 23:00:00,0.653,0.6573,0.653,0.6553,2084.0,1367.104
2026-01-01 00:00:00,0.6553,0.6553,0.6495,0.6501,5474.0,3570.2184
2026-01-01 01:00:00,0.6501,0.6539,0.6481,0.6498,22455.0,14627.8567
2026-01-01 02:00:00,0.6498,0.6728,0.6487,0.6625,27327.0,18202.0324
2026-01-01 03:00:00,0.6625,0.6663,0.6566,0.6618,3862.0,2553.8306
2026-01-01 04:00:00,0.6618,0.6618,0.6486,0.6496,7813.0,5107.027
2026-01-01 05:00:00,0.6496,0.6541,0.648,0.6495,5085.0,3305.6085
2026-01-01 06:00:00,0.6495,0.6519,0.6486,0.6501,8137.0,5289.4967
2026-01-01 07:00:00,0.6501,0.6526,0.6497,0.6505,8199.0,5337.5669
2026-01-01 08:00:00,0.6505,0.6528,0.6501,0.6525,10573.0,6891.82
2026-01-01 09:00:00,0.6525,0.6548,0.6481,0.6481,5685.0,3701.9836
2026-01-01 10:00:00,0.6481,0.6533,0.6481,0.6533,1509.0,982.1106
2026-01-01 11:00:00,0.6533,0.6543,0.6526,0.6541,1903.0,1243.5188
2026-01-01 12:00:00,0.6541,0.6557,0.6512,0.6557,7194.0,4707.8814
2026-01-01 13:00:00,0.6557,0.6615,0.6535,0.6569,13646.0,8976.2471
2026-01-01 14:00:00,0.6569,0.6573,0.6555,0.656,7759.0,5095.0036
2026-01-01 15:00:00,0.656,0.6634,0.656,0.6632,3491.0,2302.3776
2026-01-01 16:00:00,0.6632,0.6632,0.6606,0.6608,1538.0,1017.4804
2026-01-01 17:00:00,0.6608,0.6633,0.6608,0.6614,3289.0,2179.0284
2026-01-01 18:00:00,0.6614,0.6618,0.6608,0.6609,2406.0,1590.8619
2026-01-01 19:00:00,0.6609,0.6665,0.6609,0.6664,5271.0,3495.9933
2026-01-01 20:00:00,0.6664,0.6664,0.6626,0.6626,1169.0,775.6486
2026-01-01 21:00:00,0.6626,0.6662,0.6626,0.6633,6245.0,4151.1045
2026-01-01 22:00:00,0.6633,0.6636,0.6584,0.6602,15936.0,10541.4483
2026-01-01 23:00:00,0.6602,0.6635,0.6602,0.663,15122.0,10024.2406
2026-01-02 00:00:00,0.663,0.6704,0.6622,0.6642,11754.0,7849.3463
2026-01-02 01:00:00,0.6642,0.6657,0.6602,0.6602,7813.0,5173.7051
2026-01-02 02:00:00,0.6602,0.6626,0.657,0.6589,4911.0,3236.5272
2026-01-02 03:00:00,0.6589,0.6625,0.6548,0.6617,6934.0,4556.4903
2026-01-02 04:00:00,0.6617,0.6631,0.658,0.6614,21505.0,14218.8901
2026-01-02 05:00:00,0.6614,0.6674,0.6605,0.6662,11317.0,7500.7845
2026-01-02 06:00:00,0.6662,0.6723,0.6633,0.6666,26520.0,17765.0813
2026-01-02 07:00:00,0.6666,0.6692,0.6629,0.6692,20000.0,13305.3691
2026-01-02 08:00:00,0.6692,0.6698,0.666,0.6674,25561.0,17068.0024
2026-01-02 09:00:00,0.6674,0.6769,0.6657,0.6749,56950.0,38291.106
2026-01-02 10:00:00,0.6749,0.6767,0.6729,0.6733,57718.0,38960.231
2026-01-02 11:00:00,0.6733,0.6739,0.6645,0.6705,26849.0,17978.8623
2026-01-02 12:00:00,0.6705,0.6769,0.6694,0.6749,35822.0,24139.1348
2026-01-02 13:00:00,0.6749,0.6781,0.6699,0.672,25561.0,17206.4801
2026-01-02 14:00:00,0.672,0.6785,0.6689,0.6764,12592.0,8475.4123
2026-01-02 15:00:00,0.6764,0.6764,0.6703,0.6748,4657.0,3134.2517
2026-01-02 16:00:00,0.6748,0.682,0.6718,0.6805,13086.0,8869.4263
2026-01-02 17:00:00,0.6805,0.6883,0.6805,0.6874,32010.0,21929.3292
2026-01-02 18:00:00,0.6874,0.6949,0.6826,0.6842,47839.0,32964.2266
2026-01-02 19:00:00,0.6842,0.6906,0.6842,0.6899,5974.0,4106.8708
2026-01-02 20:00:00,0.6899,0.6914,0.6856,0.6874,44291.0,30452.9828
2026-01-02 21:00:00,0.6874,0.6881,0.6851,0.6867,5111.0,3508.8506
2026-01-02 22:00:00,0.6867,0.6901,0.686,0.6895,3158.0,2173.3068
2026-01-02 23:00:00,0.6895,0.6966,0.6886,0.6907,23345.0,16157.6156
2026-01-03 00:00:00,0.6907,0.7063,0.6907,0.6954,36634.0,25458.2137
2026-01-03 01:00:00,0.6954,0.6954,0.6879,0.6933,30452.0,21050.2457
2026-01-03 02:00:00,0.6933,0.6937,0.6916,0.6916,8899.0,6163.8678
2026-01-03 03:00:00,0.6916,0.6994,0.6895,0.6976,11975.0,8301.3673
2026-01-03 04:00:00,0.6976,0.6988,0.6935,0.694,3481.0,2422.365
2026-01-03 05:00:00,0.694,0.694,0.686,0.6877,10450.0,7201.884
2026-01-03 06:00:00,0.6877,0.6906,0.6792,0.6803,79992.0,54750.15
2026-01-03 07:00:00,0.6803,0.6828,0.6675,0.6791,279852.0,189253.2455
2026-01-03 08:00:00,0.6791,0.6897,0.6756,0.6861,67997.0,46656.2122
2026-01-03 09:00:00,0.6861,0.7016,0.683,0.696,197473.0,136573.5907
2026-01-03 10:00:00,0.696,0.704,0.6945,0.6959,47068.0,32936.3957
2026-01-03 11:00:00,0.6959,0.6973,0.6888,0.696,33106.0,22934.6928
2026-01-03 12:00:00,0.696,0.7007,0.696,0.7007,5458.0,3810.6396
2026-01-03 13:00:00,0.7007,0.7024,0.6948,0.6948,8705.0,6075.6025
2026-01-03 14:00:00,0.6948,0.6948,0.6911,0.6912,3318.0,2299.0584
2026-01-03 15:00:00,0.6912,0.6933,0.6891,0.6925,23004.0,15908.3581
2026-01-03 16:00:00,0.6925,0.6973,0.6906,0.6946,6569.0,4564.5572
2026-01-03 17:00:00,0.6946,0.695,0.6932,0.6946,1363.0,945.2715
2026-01-03 18:00:00,0.6946,0.696,0.6931,0.6952,4303.0,2988.9608
2026-01-03 19:00:00,0.6952,0.6953,0.693,0.693,1353.0,939.6483
2026-01-03 20:00:00,0.693,0.7,0.693,0.7,6411.0,4471.78
2026-01-03 21:00:00,0.7,0.7,0.696,0.6963,5943.0,4146.6849
2026-01-03 22:00:00,0.6963,0.6964,0.6946,0.6962,4243.0,2951.6072
2026-01-03 23:00:00,0.6962,0.7023,0.6962,0.7023,4942.0,3453.991
2026-01-04 00:00:00,0.7023,0.7038,0.696,0.698,9725.0,6803.3281
2026-01-04 01:00:00,0.698,0.7,0.6971,0.6979,3056.0,2134.162
2026-01-04 02:00:00,0.6979,0.6991,0.6944,0.6986,15331.0,10666.2564
2026-01-04 03:00:00,0.6986,0.7045,0.6986,0.7005,22686.0,15912.7983
2026-01-04 04:00:00,0.7005,0.7033,0.7005,0.7027,8003.0,5619.0784
2026-01-04 05:00:00,0.7027,0.7041,0.7027,0.704,622.0,437.4911
2026-01-04 06:00:00,0.704,0.7108,0.6989,0.6998,27915.0,19722.4492
2026-01-04 07:00:00,0.6998,0.7025,0.697,0.7025,5694.0,3981.7451
2026-01-04 08:00:00,0.7025,0.7025,0.698,0.6986,15649.0,10944.6852
2026-01-04 09:00:00,0.6986,0.7022,0.6972,0.7013,13005.0,9091.1026
2026-01-04 10:00:00,0.7013,0.7036,0.6997,0.6998,3668.0,2573.231
2026-01-04 11:00:00,0.6998,0.6998,0.6972,0.6972,12085.0,8431.2739
2026-01-04 12:00:00,0.6972,0.7056,0.6972,0.6986,20975.0,14731.9474
2026-01-04 13:00:00,0.6986,0.7017,0.6972,0.6996,6114.0,4275.29
2026-01-04 14:00:00,0.6996,0.7012,0.6987,0.701,6154.0,4306.0641
2026-01-04 15:00:00,0.701,0.7038,0.6998,0.7022,5577.0,3911.8568
2026-01-04 16:00:00,0.7022,0.7064,0.7022,0.7039,45932.0,32383.1503
2026-01-04 17:00:00,0.7039,0.7102,0.7035,0.7047,5059.0,3571.404
2026-01-04 18:00:00,0.7047,0.7053,0.6988,0.7013,2296.0,1610.5135
2026-01-04 19:00:00,0.7013,0.7104,0.6975,0.7093,20817.0,14680.6773
2026-01-04 20:00:00,0.7093,0.7112,0.7061,0.7098,3856.0,2731.5438
2026-01-04 21:00:00,0.7098,0.7098,0.7086,0.7086,147.0,104.1642
2026-01-04 22:00:00,0.7086,0.7086,0.7031,0.7051,1472.0,1037.7181
2026-01-04 23:00:00,0.7051,0.7097,0.705,0.7059,5560.0,3926.7393
2026-01-05 00:00:00,0.7059,0.7094,0.7025,0.7057,16612.0,11724.9891
2026-01-05 01:00:00,0.7057,0.7129,0.7037,0.7129,16152.0,11427.2337
2026-01-05 02:00:00,0.7129,0.7131,0.7068,0.7076,4229.0,2994.5642
2026-01-05 03:00:00,0.7076,0.7081,0.7005,0.7012,7686.0,5396.3942
2026-01-05 04:00:00,0.7012,0.7036,0.696,0.6961,12226.0,8547.3654
2026-01-05 05:00:00,0.6961,0.7024,0.6931,0.699,9345.0,6528.5959
2026-01-05 06:00:00,0.699,0.6995,0.6874,0.6914,17525.0,12184.5515
2026-01-05 07:00:00,0.6914,0.6968,0.6914,0.6956,5500.0,3817.3011
2026-01-05 08:00:00,0.6956,0.697,0.6909,0.6909,777.0,540.4322
2026-01-05 09:00:00,0.6909,0.6909,0.6854,0.689,10045.0,6913.5286
2026-01-05 10:00:00,0.689,0.6937,0.6863,0.6879,10535.0,7270.8057
2026-01-05 11:00:00,0.6879,0.6915,0.6879,0.6915,4166.0,2877.2548
2026-01-05 12:00:00,0.6915,0.6957,0.6915,0.6957,808.0,561.1955
2026-01-05 13:00:00,0.6957,0.6957,0.6933,0.6939,1821.0,1262.9946
2026-01-05 14:00:00,0.6939,0.6994,0.6934,0.6994,1133.0,786.7332
2026-01-05 15:00:00,0.6994,0.7025,0.6947,0.7017,10806.0,7568.9958
2026-01-05 16:00:00,0.7017,0.7024,0.694,0.6952,5583.0,3887.6358
2026-01-05 17:00:00,0.6952,0.7011,0.6911,0.7007,12719.0,8850.8505
2026-01-05 18:00:00,0.7007,0.7043,0.6981,0.7043,9788.0,6863.2981
2026-01-05 19:00:00,0.7043,0.7058,0.7027,0.7053,6681.0,4699.532
2026-01-05 20:00:00,0.7053,0.7077,0.7016,0.7028,2713.0,1913.6356
2026-01-05 21:00:00,0.7028,0.7048,0.702,0.7027,6102.0,4293.397
2026-01-05 22:00:00,0.7027,0.7114,0.7027,0.7097,5514.0,3909.6945
2026-01-05 23:00:00,0.7097,0.7097,0.7064,0.7064,135.0,95.3792
2026-01-06 00:00:00,0.7064,0.7067,0.6948,0.6995,49095.0,34361.6491
2026-01-06 01:00:00,0.6995,0.7178,0.6994,0.706,41682.0,29513.3269
2026-01-06 02:00:00,0.706,0.7072,0.6996,0.7008,53931.0,38008.7557
2026-01-06 03:00:00,0.7008,0.7038,0.7008,0.7022,3874.0,2722.2297
2026-01-06 04:00:00,0.7022,0.7088,0.7021,0.7064,15415.0,10879.7386
2026-01-06 05:00:00,0.7064,0.7125,0.7042,0.7052,7175.0,5066.1331
2026-01-06 06:00:00,0.7052,0.713,0.7023,0.7109,14936.0,10609.4677
2026-01-06 07:00:00,0.7109,0.7109,0.7021,0.7021,26228.0,18501.2402
2026-01-06 08:00:00,0.7021,0.7055,0.6997,0.703,6280.0,4411.6997
2026-01-06 09:00:00,0.703,0.7079,0.703,0.7076,2773.0,1959.8031
2026-01-06 10:00:00,0.7076,0.708,0.7045,0.708,4090.0,2884.802
2026-01-06 11:00:00,0.708,0.7102,0.7071,0.7086,3650.0,2587.6846
2026-01-06 12:00:00,0.7086,0.7137,0.7086,0.7137,1207.0,859.1051
2026-01-06 13:00:00,0.7137,0.7241,0.7128,0.7192,38178.0,27524.6773
2026-01-06 14:00:00,0.7192,0.7229,0.7066,0.7088,39602.0,28371.0985
2026-01-06 15:00:00,0.7088,0.7122,0.7019,0.7054,21799.0,15413.4601
2026-01-06 16:00:00,0.7054,0.7078,0.6763,0.6924,212500.0,147201.111
2026-01-06 17:00:00,0.6924,0.6986,0.6846,0.6866,27380.0,18943.4433
2026-01-06 18:00:00,0.6866,0.7004,0.6839,0.6994,13862.0,9659.4521
2026-01-06 19:00:00,0.6994,0.7031,0.6994,0.7017,4286.0,3010.8301
2026-01-06 20:00:00,0.7017,0.7076,0.7017,0.7065,13402.0,9430.7311
2026-01-06 21:00:00,0.7065,0.7127,0.7065,0.7112,9286.0,6603.0341
2026-01-06 22:00:00,0.7112,0.7122,0.7059,0.7061,14156.0,10011.3641
2026-01-06 23:00:00,0.7061,0.7125,0.7061,0.7125,3760.0,2671.343
2026-01-07 00:00:00,0.7125,0.7125,0.6986,0.6986,5181.0,3648.2266
2026-01-07 01:00:00,0.6986,0.7018,0.6952,0.6996,3279.0,2293.6036
2026-01-07 02:00:00,0.6996,0.7018,0.698,0.7017,6689.0,4682.1614
2026-01-07 03:00:00,0.7017,0.7028,0.7007,0.7011,1631.0,1145.195
2026-01-07 04:00:00,0.7011,0.7252,0.7011,0.7199,154820.0,111221.4326
2026-01-07 05:00:00,0.7199,0.7221,0.7144,0.716,8021.0,5755.3476
2026-01-07 06:00:00,0.716,0.7298,0.7144,0.7285,19921.0,14372.5377
2026-01-07 07:00:00,0.7285,0.7367,0.7285,0.7341,30613.0,22448.5447
2026-01-07 08:00:00,0.7341,0.7341,0.7211,0.7263,76969.0,55808.4707
2026-01-07 09:00:00,0.7263,0.7275,0.7127,0.7197,20613.0,14851.1714
2026-01-07 10:00:00,0.7197,0.7429,0.7177,0.7414,52821.0,38913.6902
2026-01-07 11:00:00,0.7414,0.7573,0.7268,0.7343,101555.0,75509.3455
2026-01-07 12:00:00,0.7343,0.7349,0.7221,0.7267,18549.0,13458.9122
2026-01-07 13:00:00,0.7267,0.7348,0.7249,0.7321,20830.0,15212.6648
2026-01-07 14:00:00,0.7321,0.7444,0.7092,0.7162,42849.0,30948.6229
2026-01-07 15:00:00,0.7162,0.7162,0.7058,0.7105,34023.0,24153.2964
2026-01-07 16:00:00,0.7105,0.7211,0.7105,0.7159,7606.0,5438.816
2026-01-07 17:00:00,0.7159,0.7223,0.7153,0.7194,64607.0,46480.1291
2026-01-07 18:00:00,0.7194,0.7262,0.7186,0.726,35792.0,25866.4402
2026-01-07 19:00:00,0.726,0.728,0.7185,0.7246,8339.0,6031.0335
2026-01-07 20:00:00,0.7246,0.7258,0.7193,0.7214,52004.0,37500.0702
2026-01-07 21:00:00,0.7214,0.732,0.7214,0.7275,13799.0,10075.8393
2026-01-07 22:00:00,0.7275,0.7305,0.7239,0.7275,42845.0,31237.558
2026-01-07 23:00:00,0.7275,0.7451,0.7259,0.7362,85252.0,62714.3864
2026-01-08 00:00:00,0.7362,0.7941,0.7128,0.7262,818710.0,620365.9945
2026-01-08 01:00:00,0.7262,0.7305,0.7171,0.7186,58202.0,42126.3411
2026-01-08 02:00:00,0.7186,0.7236,0.7168,0.72,18149.0,13061.8969
2026-01-08 03:00:00,0.72,0.7264,0.7158,0.7189,25411.0,18312.2172
2026-01-08 04:00:00,0.7189,0.7283,0.7189,0.7283,4723.0,3425.1519
2026-01-08 05:00:00,0.7283,0.7318,0.7278,0.7299,7468.0,5454.4874
2026-01-08 06:00:00,0.7299,0.7299,0.7147,0.7147,15543.0,11181.6713
2026-01-08 07:00:00,0.7147,0.7254,0.7147,0.7227,18079.0,13053.3975
2026-01-08 08:00:00,0.7227,0.7238,0.7193,0.7193,15024.0,10854.5974
2026-01-08 09:00:00,0.7193,0.7241,0.715,0.7185,4845.0,3475.7191
2026-01-08 10:00:00,0.7185,0.7221,0.7181,0.7205,16169.0,11641.807
2026-01-08 11:00:00,0.7205,0.7205,0.7099,0.71,27092.0,19297.266
2026-01-08 12:00:00,0.71,0.7146,0.7075,0.709,8886.0,6318.9281
2026-01-08 13:00:00,0.709,0.7113,0.7015,0.7017,18014.0,12665.5736
2026-01-08 14:00:00,0.7017,0.7038,0.6981,0.703,26555.0,18602.2521
2026-01-08 15:00:00,0.703,0.7123,0.7016,0.7092,8754.0,6195.3239
2026-01-08 16:00:00,0.7092,0.7092,0.7019,0.7071,1727.0,1217.9205
2026-01-08 17:00:00,0.7071,0.7083,0.7039,0.7039,2784.0,1968.1694
2026-01-08 18:00:00,0.7039,0.7057,0.7026,0.7042,7750.0,5457.9021
2026-01-08 19:00:00,0.7042,0.7044,0.7012,0.7013,1141.0,801.1049
2026-01-08 20:00:00,0.7013,0.7022,0.6996,0.701,1135.0,795.6053
2026-01-08 21:00:00,0.701,0.7073,0.701,0.7073,1367.0,964.6333
2026-01-08 22:00:00,0.7073,0.708,0.7031,0.7031,958.0,675.532
2026-01-08 23:00:00,0.7031,0.7088,0.7031,0.7056,31514.0,22243.7037
2026-01-09 00:00:00,0.7056,0.7056,0.6997,0.7024,11189.0,7848.8967
2026-01-09 01:00:00,0.7024,0.7119,0.7018,0.7101,16992.0,12020.4371
2026-01-09 02:00:00,0.7101,0.7123,0.7101,0.7109,1933.0,1375.0049
2026-01-09 03:00:00,0.7109,0.724,0.7109,0.7161,7005.0,5036.5516
2026-01-09 04:00:00,0.7161,0.7161,0.7116,0.7116,7178.0,5121.6369
2026-01-09 05:00:00,0.7116,0.7116,0.7087,0.7089,998.0,708.6826
2026-01-09 06:00:00,0.7089,0.7105,0.7089,0.71,2352.0,1668.5607
2026-01-09 07:00:00,0.71,0.716,0.71,0.7107,14689.0,10501.0987
2026-01-09 08:00:00,0.7107,0.7107,0.6987,0.7,10746.0,7571.4093
2026-01-09 09:00:00,0.7,0.7043,0.7,0.7027,5583.0,3918.9092
2026-01-09 10:00:00,0.7027,0.7044,0.702,0.7044,1009.0,709.6667
2026-01-09 11:00:00,0.7044,0.7073,0.7018,0.702,2712.0,1911.7647
2026-01-09 12:00:00,0.702,0.7021,0.6983,0.6995,4368.0,3055.725
2026-01-09 13:00:00,0.6995,0.7052,0.6995,0.7008,9932.0,6997.1481
2026-01-09 14:00:00,0.7008,0.7008,0.6912,0.6947,51996.0,36159.9176
2026-01-09 15:00:00,0.6947,0.7065,0.694,0.697,80696.0,56444.9232
2026-01-09 16:00:00,0.697,0.7019,0.697,0.7017,3175.0,2222.1482
2026-01-09 17:00:00,0.7017,0.7021,0.6901,0.6917,23885.0,16568.755
2026-01-09 18:00:00,0.6917,0.6924,0.6832,0.6865,10874.0,7466.4401
2026-01-09 19:00:00,0.6865,0.6865,0.6774,0.6818,20820.0,14151.3407
2026-01-09 20:00:00,0.6818,0.686,0.6804,0.6805,830.0,567.4449
2026-01-09 21:00:00,0.6805,0.6845,0.6805,0.6845,2138.0,1460.8068
2026-01-09 22:00:00,0.6845,0.6864,0.6839,0.686,833.0,570.7149
2026-01-09 23:00:00,0.686,0.6884,0.6854,0.6863,1290.0,885.6859
2026-01-10 00:00:00,0.6863,0.6863,0.6747,0.6754,3325.0,2253.3415
2026-01-10 01:00:00,0.6754,0.6799,0.6754,0.6799,21392.0,14512.9614
2026-01-10 02:00:00,0.6799,0.6799,0.6733,0.6738,5499.0,3710.0956
2026-01-10 03:00:00,0.6738,0.6766,0.6715,0.6763,11176.0,7529.8713
2026-01-10 04:00:00,0.6763,0.6765,0.6729,0.6741,2116.0,1427.1289
2026-01-10 05:00:00,0.6741,0.6779,0.6741,0.6776,10663.0,7206.2904
2026-01-10 06:00:00,0.6776,0.6776,0.6759,0.6759,501.0,338.7703
2026-01-10 07:00:00,0.6759,0.679,0.6759,0.678,3560.0,2413.7598
2026-01-10 08:00:00,0.678,0.6799,0.6779,0.6784,2569.0,1744.3992
2026-01-10 09:00:00,0.6784,0.6881,0.6784,0.68,24446.0,16679.343
2026-01-10 10:00:00,0.68,0.6808,0.6775,0.6807,4791.0,3258.9151
2026-01-10 11:00:00,0.6807,0.6819,0.6792,0.6819,2009.0,1365.9735
2026-01-10 12:00:00,0.6819,0.6837,0.6817,0.6837,6741.0,4604.8575
2026-01-10 13:00:00,0.6837,0.6869,0.6836,0.6869,5096.0,3490.3303
2026-01-10 14:00:00,0.6869,0.6869,0.681,0.6816,4294.0,2931.7109
2026-01-10 15:00:00,0.6816,0.6816,0.6796,0.6796,399.0,271.351
2026-01-10 16:00:00,0.6796,0.6796,0.6756,0.6758,15790.0,10687.006
2026-01-10 17:00:00,0.6758,0.6784,0.6742,0.6742,8293.0,5609.2978
2026-01-10 18:00:00,0.6742,0.675,0.6718,0.675,1440.0,968.5456
2026-01-10 19:00:00,0.675,0.6758,0.6743,0.6747,3664.0,2472.6185
2026-01-10 20:00:00,0.6747,0.675,0.6739,0.6749,526.0,354.6959
2026-01-10 21:00:00,0.6749,0.6749,0.6721,0.6723,931.0,626.347
2026-01-10 22:00:00,0.6723,0.6723,0.6635,0.6638,33308.0,22234.985
2026-01-10 23:00:00,0.6638,0.6712,0.6638,0.6712,5343.0,3562.6138
2026-01-11 00:00:00,0.6712,0.687,0.6621,0.6672,61872.0,41519.0054
2026-01-11 01:00:00,0.6672,0.6758,0.6669,0.6758,8104.0,5425.9494
2026-01-11 02:00:00,0.6758,0.6758,0.6726,0.6726,711.0,478.9714
2026-01-11 03:00:00,0.6726,0.6742,0.6718,0.6722,2040.0,1372.7544
2026-01-11 04:00:00,0.6722,0.6735,0.6705,0.6734,7787.0,5231.8849
2026-01-11 05:00:00,0.6734,0.6749,0.673,0.6749,522.0,352.1583
2026-01-11 06:00:00,0.6749,0.6749,0.6688,0.6716,7239.0,4856.247
2026-01-11 07:00:00,0.6716,0.6718,0.6708,0.6718,819.0,549.9253
2026-01-11 08:00:00,0.6718,0.6753,0.6708,0.6746,11713.0,7894.7832
2026-01-11 09:00:00,0.6746,0.6822,0.6746,0.6785,8186.0,5562.1557
2026-01-11 10:00:00,0.6785,0.6791,0.6764,0.6776,1549.0,1049.2938
2026-01-11 11:00:00,0.6776,0.6787,0.6764,0.6787,7371.0,4998.3346
2026-01-11 12:00:00,0.6787,0.6837,0.6787,0.6827,5631.0,3839.8225
2026-01-11 13:00:00,0.6827,0.6827,0.6789,0.6806,17112.0,11634.2989
2026-01-11 14:00:00,0.6806,0.6816,0.6791,0.6816,2798.0,1904.5412
2026-01-11 15:00:00,0.6816,0.6824,0.6767,0.6767,5663.0,3859.2089
2026-01-11 16:00:00,0.6767,0.6803,0.6749,0.6785,18160.0,12307.1874
2026-01-11 17:00:00,0.6785,0.6785,0.675,0.6768,1017.0,687.6414
2026-01-11 18:00:00,0.6768,0.6781,0.6749,0.6781,593.0,400.6359
2026-01-11 19:00:00,0.6781,0.6781,0.6773,0.6773,124.0,84.0255
2026-01-11 20:00:00,0.6773,0.6773,0.6722,0.674,1472.0,992.654
2026-01-11 21:00:00,0.674,0.674,0.6696,0.6706,1979.0,1327.8516
2026-01-11 22:00:00,0.6706,0.6706,0.6659,0.6659,799.0,533.1253
2026-01-11 23:00:00,0.6659,0.6705,0.6609,0.67,4226.0,2810.0288
2026-01-12 00:00:00,0.67,0.6715,0.6562,0.6626,37316.0,24719.2947
2026-01-12 01:00:00,0.6626,0.6691,0.6609,0.6609,9582.0,6387.8892
2026-01-12 02:00:00,0.6609,0.6627,0.6609,0.6627,13.0,8.6151
2026-01-12 03:00:00,0.6627,0.6667,0.6627,0.6646,1987.0,1322.4731
2026-01-12 04:00:00,0.6646,0.6688,0.6624,0.6675,1893.0,1264.0946
2026-01-12 05:00:00,0.6675,0.6697,0.6657,0.6689,2384.0,1593.1915
2026-01-12 06:00:00,0.6689,0.67,0.6596,0.6596,19224.0,12736.6542
2026-01-12 07:00:00,0.6596,0.6637,0.6571,0.6578,8778.0,5792.9922
2026-01-12 08:00:00,0.6578,0.6585,0.6433,0.6485,97036.0,62987.8481
2026-01-12 09:00:00,0.6485,0.6496,0.6459,0.646,36020.0,23342.898
2026-01-12 10:00:00,0.646,0.6541,0.6453,0.6496,11746.0,7672.3576
2026-01-12 11:00:00,0.6496,0.6565,0.6496,0.6543,24976.0,16277.2499
2026-01-12 12:00:00,0.6543,0.6596,0.6498,0.6498,51301.0,33629.7639
2026-01-12 13:00:00,0.6498,0.651,0.6463,0.6475,4770.0,3090.8199
2026-01-12 14:00:00,0.6475,0.6562,0.6475,0.6549,5740.0,3744.6651
2026-01-12 15:00:00,0.6549,0.659,0.654,0.6584,2590.0,1702.2815
2026-01-12 16:00:00,0.6584,0.6604,0.6572,0.6604,2098.0,1382.5415
2026-01-12 17:00:00,0.6604,0.661,0.6524,0.6592,2729.0,1793.4223
2026-01-12 18:00:00,0.6592,0.6601,0.6592,0.6601,1450.0,957.145
2026-01-12 19:00:00,0.6601,0.6601,0.6561,0.6561,118.0,77.4974
2026-01-12 20:00:00,0.6561,0.6563,0.6561,0.6563,23.0,15.0949
2026-01-12 21:00:00,0.6563,0.6563,0.6519,0.6519,1227.0,802.3214
2026-01-12 22:00:00,0.6519,0.6532,0.6519,0.6532,8.0,5.2256
2026-01-12 23:00:00,0.6532,0.6538,0.653,0.6538,190.0,124.1468
2026-01-13 00:00:00,0.6538,0.6561,0.6526,0.6561,2565.0,1676.0265
2026-01-13 01:00:00,0.6561,0.6561,0.6525,0.6525,613.0,401.0035
2026-01-13 02:00:00,0.6525,0.6692,0.6525,0.6611,12100.0,8052.0791
2026-01-13 03:00:00,0.6611,0.6676,0.6611,0.6676,3929.0,2616.0233
2026-01-13 04:00:00,0.6676,0.6676,0.6634,0.6648,3673.0,2442.0732
2026-01-13 05:00:00,0.6648,0.668,0.6648,0.6665,299.0,199.534
2026-01-13 06:00:00,0.6665,0.6706,0.6665,0.6699,2551.0,1708.2049
2026-01-13 07:00:00,0.6699,0.674,0.668,0.6728,2196.0,1474.6318
2026-01-13 08:00:00,0.6728,0.6759,0.6692,0.6753,7610.0,5117.9835
2026-01-13 09:00:00,0.6753,0.6772,0.6686,0.6707,32840.0,22134.8367
2026-01-13 10:00:00,0.6707,0.6737,0.6707,0.6711,2249.0,1512.1442
2026-01-13 11:00:00,0.6711,0.6748,0.6711,0.6735,2521.0,1697.2904
2026-01-13 12:00:00,0.6735,0.6735,0.6657,0.6665,17554.0,11709.4702
2026-01-13 13:00:00,0.6665,0.6719,0.6656,0.6693,36272.0,24277.8546
2026-01-13 14:00:00,0.6693,0.6726,0.6672,0.6692,8512.0,5697.7337
2026-01-13 15:00:00,0.6692,0.6741,0.6671,0.6741,732.0,489.2765
2026-01-13 16:00:00,0.6741,0.6781,0.6736,0.6781,2126.0,1435.1917
2026-01-13 17:00:00,0.6781,0.6781,0.6738,0.6742,1364.0,920.8267
2026-01-13 18:00:00,0.6742,0.6785,0.6742,0.6774,809.0,548.1641
2026-01-13 19:00:00,0.6774,0.6793,0.6765,0.6793,535.0,362.8379
2026-01-13 20:00:00,0.6793,0.6802,0.6726,0.674,6099.0,4125.7885
2026-01-13 21:00:00,0.674,0.6778,0.674,0.6778,1097.0,742.2737
2026-01-13 22:00:00,0.6778,0.6901,0.6778,0.6895,6986.0,4788.6636
2026-01-13 23:00:00,0.6895,0.6905,0.6854,0.6867,10701.0,7356.8276
2026-01-14 00:00:00,0.6867,0.6901,0.6838,0.6901,5703.0,3912.769
2026-01-14 01:00:00,0.6901,0.6972,0.6899,0.6906,2142.0,1487.0225
2026-01-14 02:00:00,0.6906,0.6958,0.6887,0.693,8646.0,5993.6006
2026-01-14 03:00:00,0.693,0.6934,0.693,0.6934,52.0,36.0568
2026-01-14 04:00:00,0.6934,0.6941,0.6909,0.6916,8991.0,6229.1374
2026-01-14 05:00:00,0.6916,0.6916,0.6846,0.6904,17966.0,12333.2528
2026-01-14 06:00:00,0.6904,0.6904,0.6867,0.6904,4048.0,2791.5248
2026-01-14 07:00:00,0.6904,0.6904,0.6848,0.6873,2673.0,1838.3428
2026-01-14 08:00:00,0.6873,0.6895,0.6858,0.6895,2781.0,1913.256
2026-01-14 09:00:00,0.6895,0.6922,0.6885,0.6916,728.0,502.893
2026-01-14 10:00:00,0.6916,0.6933,0.6869,0.6875,2798.0,1926.2702
2026-01-14 11:00:00,0.6875,0.6876,0.6803,0.6876,2247.0,1536.7171
2026-01-14 12:00:00,0.6876,0.6938,0.6876,0.6878,24725.0,17083.1394
2026-01-14 13:00:00,0.6878,0.6895,0.6849,0.6873,14385.0,9884.5201
2026-01-14 14:00:00,0.6873,0.6938,0.6859,0.6934,13216.0,9134.6105
2026-01-14 15:00:00,0.6934,0.6953,0.6908,0.6931,3433.0,2377.0413
2026-01-14 16:00:00,0.6931,0.7114,0.6927,0.7051,8455.0,5974.4303
2026-01-14 17:00:00,0.7051,0.71,0.7009,0.7022,17111.0,12046.88
2026-01-14 18:00:00,0.7022,0.7022,0.6868,0.6892,6476.0,4484.6067
2026-01-14 19:00:00,0.6892,0.6988,0.6892,0.6944,9268.0,6422.2717
2026-01-14 20:00:00,0.6944,0.698,0.6944,0.6947,1825.0,1269.7182
2026-01-14 21:00:00,0.6947,0.6981,0.6883,0.6919,37501.0,25939.5166
2026-01-14 22:00:00,0.6919,0.6926,0.6833,0.686,5895.0,4052.7675
2026-01-14 23:00:00,0.686,0.6911,0.685,0.6905,3910.0,2693.6513
2026-01-15 00:00:00,0.6905,0.6921,0.6882,0.6882,1312.0,905.327
2026-01-15 01:00:00,0.6882,0.6909,0.6826,0.6829,16640.0,11431.3008
2026-01-15 02:00:00,0.6829,0.6852,0.6781,0.6832,5991.0,4090.7738
2026-01-15 03:00:00,0.6832,0.6832,0.6718,0.6724,17784.0,11987.6192
2026-01-15 04:00:00,0.6724,0.6752,0.6708,0.6752,959.0,646.0551
2026-01-15 05:00:00,0.6752,0.6775,0.6752,0.6768,879.0,594.5224
2026-01-15 06:00:00,0.6768,0.6777,0.6748,0.6756,7589.0,5123.6452
2026-01-15 07:00:00,0.6756,0.6835,0.6754,0.6808,5661.0,3833.9541
2026-01-15 08:00:00,0.6808,0.6821,0.6787,0.6787,5487.0,3728.1578
2026-01-15 09:00:00,0.6787,0.6831,0.6784,0.6812,1083.0,738.1647
2026-01-15 10:00:00,0.6812,0.6848,0.6809,0.6835,4350.0,2970.8458
2026-01-15 11:00:00,0.6835,0.6835,0.68,0.6803,1955.0,1332.5268
2026-01-15 12:00:00,0.6803,0.6813,0.6791,0.6806,815.0,554.3981
2026-01-15 13:00:00,0.6806,0.6806,0.6785,0.6785,584.0,396.548
2026-01-15 14:00:00,0.6785,0.6785,0.6718,0.6767,6471.0,4366.5366
2026-01-15 15:00:00,0.6767,0.6767,0.6605,0.6648,41600.0,27645.6636
2026-01-15 16:00:00,0.6648,0.6678,0.6648,0.6675,3090.0,2060.3456
2026-01-15 17:00:00,0.6675,0.6703,0.6642,0.666,24475.0,16337.1106
2026-01-15 18:00:00,0.666,0.666,0.6514,0.6532,10246.0,6747.6759
2026-01-15 19:00:00,0.6532,0.6538,0.648,0.6538,2610.0,1700.8066
2026-01-15 20:00:00,0.6538,0.6538,0.6479,0.6479,450.0,292.7632
2026-01-15 21:00:00,0.6479,0.6538,0.6479,0.6532,8979.0,5862.216
2026-01-15 22:00:00,0.6532,0.6686,0.6532,0.6686,45962.0,30295.9743
2026-01-15 23:00:00,0.6686,0.6686,0.661,0.6632,1803.0,1194.7711
2026-01-16 00:00:00,0.6632,0.6643,0.6602,0.6629,3132.0,2075.2115
2026-01-16 01:00:00,0.6629,0.6636,0.6612,0.6614,1943.0,1287.9865
2026-01-16 02:00:00,0.6614,0.6616,0.6572,0.6606,1885.0,1241.8991
2026-01-16 03:00:00,0.6606,0.662,0.6606,0.661,194.0,128.4111
2026-01-16 04:00:00,0.661,0.661,0.6557,0.6557,3300.0,2172.4165
2026-01-16 05:00:00,0.6557,0.6626,0.654,0.6626,3352.0,2196.1856
2026-01-16 06:00:00,0.6626,0.6647,0.6617,0.6647,1019.0,675.1406
2026-01-16 07:00:00,0.6647,0.6647,0.6603,0.6633,509.0,337.4783
2026-01-16 08:00:00,0.6633,0.6735,0.6633,0.6667,23727.0,15889.8306
2026-01-16 09:00:00,0.6667,0.6683,0.6646,0.6677,2036.0,1356.9593
2026-01-16 10:00:00,0.6677,0.6677,0.6647,0.6647,879.0,585.2714
2026-01-16 11:00:00,0.6647,0.6686,0.6634,0.6682,2367.0,1579.9097
2026-01-16 12:00:00,0.6682,0.672,0.6652,0.6661,14367.0,9610.9607
2026-01-16 13:00:00,0.6661,0.6667,0.6628,0.6634,3886.0,2582.1968
2026-01-16 14:00:00,0.6634,0.6684,0.6634,0.6659,13760.0,9177.3633
2026-01-16 15:00:00,0.6659,0.6659,0.6496,0.6524,30828.0,20167.5152
2026-01-16 16:00:00,0.6524,0.6615,0.6524,0.6598,4319.0,2846.8299
2026-01-16 17:00:00,0.6598,0.6614,0.656,0.6614,3378.0,2229.9307
2026-01-16 18:00:00,0.6614,0.6625,0.6587,0.6592,590.0,390.1268
2026-01-16 19:00:00,0.6592,0.6598,0.6566,0.6598,3609.0,2374.8772
2026-01-16 20:00:00,0.6598,0.6722,0.6598,0.6722,1037.0,692.2813
2026-01-16 21:00:00,0.6722,0.6753,0.6707,0.6742,3228.0,2166.7129
2026-01-16 22:00:00,0.6742,0.6754,0.6731,0.6731,1561.0,1051.4917
2026-01-16 23:00:00,0.6731,0.6757,0.6731,0.6738,344.0,232.1103
2026-01-17 00:00:00,0.6738,0.6738,0.669,0.6695,5145.0,3445.1146
2026-01-17 01:00:00,0.6695,0.6717,0.6688,0.6698,1197.0,802.0387
2026-01-17 02:00:00,0.6698,0.6698,0.6661,0.6675,372.0,247.9564
2026-01-17 03:00:00,0.6675,0.668,0.6663,0.668,5907.0,3941.1592
2026-01-17 04:00:00,0.668,0.668,0.6659,0.6664,982.0,654.2164
2026-01-17 05:00:00,0.6664,0.6689,0.6664,0.667,558.0,372.8801
2026-01-17 06:00:00,0.667,0.6684,0.6663,0.6663,425.0,283.6619
2026-01-17 07:00:00,0.6663,0.6701,0.665,0.6701,9315.0,6232.2294
2026-01-17 08:00:00,0.6701,0.6701,0.6684,0.6693,549.0,367.3846
2026-01-17 09:00:00,0.6693,0.6693,0.6672,0.6676,1845.0,1231.7661
2026-01-17 10:00:00,0.6676,0.6694,0.6664,0.6667,8088.0,5394.9367
2026-01-17 11:00:00,0.6667,0.667,0.6614,0.6614,8450.0,5611.1097
2026-01-17 12:00:00,0.6614,0.6653,0.6613,0.6647,830.0,551.2094
2026-01-17 13:00:00,0.6647,0.669,0.6647,0.6669,7322.0,4887.3086
2026-01-17 14:00:00,0.6669,0.6709,0.6669,0.6709,1881.0,1256.2484
2026-01-17 15:00:00,0.6709,0.676,0.6701,0.6717,27214.0,18298.3711
2026-01-17 16:00:00,0.6717,0.6727,0.664,0.664,13448.0,8959.6944
2026-01-17 17:00:00,0.664,0.6673,0.6639,0.6639,2107.0,1403.6233
2026-01-17 18:00:00,0.6639,0.6659,0.6639,0.6659,57.0,37.9079
2026-01-17 19:00:00,0.6659,0.6661,0.6657,0.6657,759.0,505.5327
2026-01-17 20:00:00,0.6657,0.6667,0.6656,0.6656,199.0,132.5256
2026-01-17 21:00:00,0.6656,0.6674,0.6656,0.6674,200.0,133.278
2026-01-17 22:00:00,0.6674,0.6674,0.6615,0.6623,5295.0,3517.6765
2026-01-17 23:00:00,0.6623,0.6647,0.6618,0.6618,813.0,539.3679
2026-01-18 00:00:00,0.6618,0.664,0.6609,0.662,4481.0,2969.5334
2026-01-18 01:00:00,0.662,0.662,0.6555,0.6577,21737.0,14288.6172
2026-01-18 02:00:00,0.6577,0.6607,0.6555,0.657,22065.0,14510.8662
2026-01-18 03:00:00,0.657,0.6582,0.6556,0.6556,6920.0,4544.5439
2026-01-18 04:00:00,0.6556,0.6574,0.6535,0.6574,3919.0,2562.4502
2026-01-18 05:00:00,0.6574,0.6577,0.656,0.6577,716.0,470.4801
2026-01-18 06:00:00,0.6577,0.6579,0.6566,0.657,265.0,174.2244
2026-01-18 07:00:00,0.657,0.657,0.6541,0.6568,1321.0,866.9863
2026-01-18 08:00:00,0.6568,0.6575,0.655,0.6571,4853.0,3186.5061
2026-01-18 09:00:00,0.6571,0.659,0.656,0.658,1783.0,1172.0537
2026-01-18 10:00:00,0.658,0.6602,0.6565,0.6591,12450.0,8191.977
2026-01-18 11:00:00,0.6591,0.6688,0.6591,0.6652,29263.0,19465.758
2026-01-18 12:00:00,0.6652,0.6674,0.6632,0.6638,5999.0,3994.037
2026-01-18 13:00:00,0.6638,0.666,0.6626,0.6642,20464.0,13589.6492
2026-01-18 14:00:00,0.6642,0.6677,0.6606,0.6606,14258.0,9474.7932
2026-01-18 15:00:00,0.6606,0.6608,0.6579,0.6596,4976.0,3275.8765
2026-01-18 16:00:00,0.6596,0.6621,0.6595,0.6595,839.0,554.3923
2026-01-18 17:00:00,0.6595,0.6628,0.6595,0.6628,17237.0,11411.6482
2026-01-18 18:00:00,0.6628,0.6658,0.6628,0.6654,338.0,224.9124
2026-01-18 19:00:00,0.6654,0.6654,0.6599,0.6601,636.0,420.9142
2026-01-18 20:00:00,0.6601,0.6639,0.6596,0.6617,960.0,635.3274
2026-01-18 21:00:00,0.6617,0.6638,0.6617,0.6617,1824.0,1209.1243
2026-01-18 22:00:00,0.6617,0.6639,0.6617,0.6639,7447.0,4933.4442
2026-01-18 23:00:00,0.6639,0.6639,0.6338,0.6338,57285.0,36992.7002
2026-01-19 00:00:00,0.6338,0.6338,0.537,0.5968,840133.0,494282.0368
2026-01-19 01:00:00,0.5968,0.6023,0.5922,0.5922,12529.0,7463.3796
2026-01-19 02:00:00,0.5922,0.599,0.5907,0.5967,2793.0,1659.9001
2026-01-19 03:00:00,0.5967,0.5967,0.5937,0.5956,7377.0,4393.6493
2026-01-19 04:00:00,0.5956,0.598,0.5815,0.5831,26733.0,15656.8634
2026-01-19 05:00:00,0.5831,0.5865,0.5765,0.58,33847.0,19686.6486
2026-01-19 06:00:00,0.58,0.5873,0.58,0.5827,13370.0,7823.4201
2026-01-19 07:00:00,0.5827,0.5917,0.5827,0.5896,14391.0,8453.9208
2026-01-19 08:00:00,0.5896,0.5927,0.5878,0.5923,5746.0,3388.7548
2026-01-19 09:00:00,0.5923,0.5923,0.585,0.585,896.0,526.7842
2026-01-19 10:00:00,0.585,0.5854,0.5791,0.5823,12252.0,7121.8263
2026-01-19 11:00:00,0.5823,0.5884,0.5823,0.5884,3427.0,2006.124
2026-01-19 12:00:00,0.5884,0.5884,0.58,0.581,19423.0,11308.2719
2026-01-19 13:00:00,0.581,0.5864,0.581,0.5863,2230.0,1305.8281
2026-01-19 14:00:00,0.5863,0.5922,0.5863,0.5902,6937.0,4102.9263
2026-01-19 15:00:00,0.5902,0.5902,0.5867,0.587,2670.0,1569.9864
2026-01-19 16:00:00,0.587,0.5975,0.587,0.595,63089.0,37508.9099
2026-01-19 17:00:00,0.595,0.5964,0.5946,0.5946,10625.0,6324.2255
2026-01-19 18:00:00,0.5946,0.5952,0.5946,0.5952,4.0,2.3808
2026-01-19 19:00:00,0.5952,0.5994,0.5952,0.5983,884.0,528.7871
2026-01-19 20:00:00,0.5983,0.5983,0.5942,0.5943,1464.0,872.3031
2026-01-19 21:00:00,0.5943,0.5943,0.5901,0.5915,1475.0,873.3419
2026-01-19 22:00:00,0.5915,0.5915,0.5885,0.5889,1580.0,932.3682
2026-01-19 23:00:00,0.5889,0.594,0.5889,0.594,214.0,126.6196
2026-01-20 00:00:00,0.594,0.5943,0.5881,0.5881,1548.0,912.2852
2026-01-20 01:00:00,0.5881,0.5881,0.5836,0.5878,7046.0,4116.7762
2026-01-20 02:00:00,0.5878,0.5928,0.5878,0.592,1970.0,1166.1241
2026-01-20 03:00:00,0.592,0.5933,0.5893,0.5915,1722.0,1020.2588
2026-01-20 04:00:00,0.5915,0.5922,0.5886,0.5916,3305.0,1955.7961
2026-01-20 05:00:00,0.5916,0.5949,0.5888,0.5949,14872.0,8792.3482
2026-01-20 06:00:00,0.5949,0.5954,0.5857,0.5863,30340.0,17881.9297
2026-01-20 07:00:00,0.5863,0.5874,0.5822,0.584,1318.0,770.8594
2026-01-20 08:00:00,0.584,0.584,0.5745,0.5793,16147.0,9329.6785
2026-01-20 09:00:00,0.5793,0.5796,0.5737,0.5744,19782.0,11415.2979
2026-01-20 10:00:00,0.5744,0.5757,0.5737,0.5752,2548.0,1464.4319
2026-01-20 11:00:00,0.5752,0.5766,0.5739,0.576,3969.0,2283.9659
2026-01-20 12:00:00,0.576,0.5808,0.576,0.5771,7230.0,4180.8372
2026-01-20 13:00:00,0.5771,0.5771,0.5691,0.5691,2448.0,1399.0297
2026-01-20 14:00:00,0.5691,0.5789,0.5691,0.5771,664.0,383.9263
2026-01-20 15:00:00,0.5771,0.5771,0.5677,0.5697,1163.0,664.7566
2026-01-20 16:00:00,0.5697,0.5704,0.5584,0.5584,746.0,424.1595
2026-01-20 17:00:00,0.5584,0.5631,0.5562,0.5562,851.0,476.4729
2026-01-20 18:00:00,0.5562,0.5615,0.554,0.554,2107.0,1181.9582
2026-01-20 19:00:00,0.554,0.5589,0.5412,0.5502,400280.0,220606.5889
2026-01-20 20:00:00,0.5502,0.5539,0.548,0.5507,17179.0,9453.1685
2026-01-20 21:00:00,0.5507,0.5507,0.5439,0.5442,216.0,117.7231
2026-01-20 22:00:00,0.5442,0.5456,0.5357,0.5456,32546.0,17602.637
2026-01-20 23:00:00,0.5456,0.5456,0.5399,0.5415,7574.0,4107.6432
2026-01-21 00:00:00,0.5415,0.5715,0.5415,0.5681,165693.0,93482.9641
2026-01-21 01:00:00,0.5681,0.5681,0.5532,0.5533,22053.0,12387.6214
2026-01-21 02:00:00,0.5533,0.5584,0.5533,0.5558,5111.0,2847.0876
2026-01-21 03:00:00,0.5558,0.5567,0.5539,0.5561,10787.0,5987.5125
2026-01-21 04:00:00,0.5561,0.5602,0.5549,0.5593,8235.0,4596.1682
2026-01-21 05:00:00,0.5593,0.5622,0.559,0.5618,2172.0,1217.1998
2026-01-21 06:00:00,0.5618,0.5629,0.5585,0.5585,7752.0,4350.2183
2026-01-21 07:00:00,0.5585,0.5641,0.5585,0.5605,360.0,202.7629
2026-01-21 08:00:00,0.5605,0.5633,0.5594,0.5603,9645.0,5420.1072
2026-01-21 09:00:00,0.5603,0.5615,0.5592,0.5603,4467.0,2502.0535
2026-01-21 10:00:00,0.5603,0.5648,0.5584,0.5646,35035.0,19629.9044
2026-01-21 11:00:00,0.5646,0.5646,0.5611,0.5622,10909.0,6134.0475
2026-01-21 12:00:00,0.5622,0.5622,0.5485,0.5554,21429.0,11896.9947
2026-01-21 13:00:00,0.5554,0.5554,0.5459,0.5487,29755.0,16451.3667
2026-01-21 14:00:00,0.5487,0.5595,0.548,0.5595,49487.0,27333.1602
2026-01-21 15:00:00,0.5595,0.5598,0.5572,0.5577,4437.0,2482.5161
2026-01-21 16:00:00,0.5577,0.5659,0.5457,0.5457,30421.0,16943.8527
2026-01-21 17:00:00,0.5457,0.549,0.543,0.546,21270.0,11594.3013
2026-01-21 18:00:00,0.546,0.557,0.546,0.5552,6291.0,3473.4402
2026-01-21 19:00:00,0.5552,0.568,0.5531,0.5676,52309.0,29147.3431
2026-01-21 20:00:00,0.5676,0.5676,0.5633,0.5644,5583.0,3145.4556
2026-01-21 21:00:00,0.5644,0.5742,0.5644,0.5727,3002.0,1715.5313
2026-01-21 22:00:00,0.5727,0.577,0.5722,0.5726,3177.0,1822.6817
2026-01-21 23:00:00,0.5726,0.5726,0.5648,0.566,17328.0,9884.813
2026-01-22 00:00:00,0.566,0.5673,0.5644,0.5673,529.0,298.9341
2026-01-22 01:00:00,0.5673,0.5703,0.5663,0.5686,3383.0,1924.7983
2026-01-22 02:00:00,0.5686,0.5705,0.5658,0.5658,4065.0,2312.7698
2026-01-22 03:00:00,0.5658,0.578,0.5658,0.5733,33124.0,18909.1117
2026-01-22 04:00:00,0.5733,0.5736,0.5705,0.5705,19688.0,11259.6985
2026-01-22 05:00:00,0.5705,0.5705,0.5641,0.5653,38003.0,21531.163
2026-01-22 06:00:00,0.5653,0.5695,0.5632,0.5646,9390.0,5303.991
2026-01-22 07:00:00,0.5646,0.5658,0.5629,0.5641,7748.0,4369.1865
2026-01-22 08:00:00,0.5641,0.5669,0.5603,0.5669,8093.0,4567.1558
2026-01-22 09:00:00,0.5669,0.6027,0.5668,0.5925,299316.0,176448.5597
2026-01-22 10:00:00,0.5925,0.6282,0.5856,0.5927,646009.0,389082.9773
2026-01-22 11:00:00,0.5927,0.6001,0.5902,0.594,50376.0,29906.8055
2026-01-22 12:00:00,0.594,0.6201,0.591,0.611,106738.0,64578.2118
2026-01-22 13:00:00,0.611,0.6242,0.6044,0.6157,239917.0,147471.8075
2026-01-22 14:00:00,0.6157,0.6267,0.6068,0.6152,162395.0,99859.0592
2026-01-22 15:00:00,0.6152,0.6373,0.604,0.6296,178778.0,110867.75
2026-01-22 16:00:00,0.6296,0.6648,0.6296,0.6444,487104.0,314643.9732
2026-01-22 17:00:00,0.6444,0.6782,0.6393,0.6649,458595.0,305080.2785
2026-01-22 18:00:00,0.6649,0.6685,0.6445,0.6445,296217.0,194263.8394
2026-01-22 19:00:00,0.6445,0.6519,0.6236,0.6301,166334.0,106576.5082
2026-01-22 20:00:00,0.6301,0.6334,0.6204,0.625,77205.0,48396.7038
2026-01-22 21:00:00,0.625,0.6293,0.6206,0.6216,44260.0,27677.2209
2026-01-22 22:00:00,0.6216,0.6216,0.6145,0.6189,42926.0,26488.8075
2026-01-22 23:00:00,0.6189,0.6324,0.6142,0.6253,83483.0,52165.0185
2026-01-23 00:00:00,0.6253,0.682,0.6192,0.6643,473902.0,313803.6401
2026-01-23 01:00:00,0.6643,0.6643,0.636,0.6412,162063.0,104851.7636
2026-01-23 02:00:00,0.6412,0.6453,0.6302,0.6453,47424.0,30261.0897
2026-01-23 03:00:00,0.6453,0.6535,0.6428,0.6477,29309.0,19000.1419
2026-01-23 04:00:00,0.6477,0.6752,0.647,0.6692,101827.0,67463.0256
2026-01-23 05:00:00,0.6692,0.7703,0.6671,0.7642,1557768.0,1119801.7184
2026-01-23 06:00:00,0.7642,0.881,0.7642,0.8644,4874653.0,4002886.8239
2026-01-23 07:00:00,0.8644,0.8793,0.8186,0.8325,2595686.0,2197870.228
2026-01-23 08:00:00,0.8325,0.8368,0.7818,0.7957,2309612.0,1871833.2956
2026-01-23 09:00:00,0.7957,0.8633,0.79,0.8227,2600810.0,2167547.8575
2026-01-23 10:00:00,0.8227,0.8466,0.795,0.8415,3189066.0,2621766.8678
2026-01-23 11:00:00,0.8415,0.8485,0.7788,0.7905,2032372.0,1653004.4906
2026-01-23 12:00:00,0.7905,0.7933,0.7371,0.7421,2246719.0,1728780.4254
2026-01-23 13:00:00,0.7421,0.7517,0.7255,0.7348,889059.0,656270.1259
2026-01-23 14:00:00,0.7348,0.768,0.7257,0.7564,781252.0,581569.9106
2026-01-23 15:00:00,0.7564,0.7589,0.7313,0.7396,407091.0,302343.3796
2026-01-23 16:00:00,0.7396,0.744,0.714,0.7401,315399.0,230406.6576
2026-01-23 17:00:00,0.7401,0.7499,0.7305,0.7407,243178.0,180644.5438
2026-01-23 18:00:00,0.7407,0.7548,0.7336,0.7364,175660.0,130756.0395
2026-01-23 19:00:00,0.7364,0.765,0.7288,0.743,313532.0,235642.2835
2026-01-23 20:00:00,0.743,0.7595,0.7309,0.7443,337639.0,251139.1482
2026-01-23 21:00:00,0.7443,0.7639,0.7443,0.7603,273507.0,206817.1752
2026-01-23 22:00:00,0.7603,0.7787,0.742,0.7753,516735.0,392931.5324
2026-01-23 23:00:00,0.7753,0.7862,0.7564,0.7614,1805846.0,1396154.4377
2026-01-24 00:00:00,0.7614,0.8678,0.7474,0.8624,3299026.0,2705154.8457
2026-01-24 01:00:00,0.8624,0.9999,0.8424,0.984,4134409.0,3831709.2128
2026-01-24 02:00:00,0.984,1.0264,0.9543,1.0216,3497107.0,3456358.7966
2026-01-24 03:00:00,1.0216,1.2533,1.0174,1.2227,7209947.0,8298896.2731
2026-01-24 04:00:00,1.2227,1.2277,1.1064,1.1305,5426475.0,6356713.5237
2026-01-24 05:00:00,1.1305,1.1976,1.1174,1.1554,3785920.0,4379694.0208
2026-01-24 06:00:00,1.1554,1.1733,1.1177,1.1528,2391028.0,2733524.1222
2026-01-24 07:00:00,1.1528,1.1643,1.0612,1.0887,2609669.0,2878229.826
2026-01-24 08:00:00,1.0887,1.18,1.0836,1.1432,2732720.0,3119876.1844
2026-01-24 09:00:00,1.1432,1.2278,1.1401,1.1957,2723044.0,3224342.4364
2026-01-24 10:00:00,1.1957,1.2117,1.1444,1.1596,3164722.0,3708733.7075
2026-01-24 11:00:00,1.1596,1.4172,1.1516,1.3602,7507156.0,9750153.0223
2026-01-24 12:00:00,1.3602,1.3856,1.3015,1.3468,4551680.0,6102228.9699
2026-01-24 13:00:00,1.3468,1.4449,1.3327,1.3961,5705575.0,7945124.1667
2026-01-24 14:00:00,1.3961,1.4088,1.323,1.3558,4498876.0,6112265.2958
2026-01-24 15:00:00,1.3558,1.4238,1.33,1.3489,4517245.0,6236816.911
2026-01-24 16:00:00,1.3489,1.3743,1.2878,1.3202,3603012.0,4766383.0539
2026-01-24 17:00:00,1.3202,1.42,1.3111,1.375,3490828.0,4818052.3398
2026-01-24 18:00:00,1.375,1.4298,1.331,1.3808,2794260.0,3852900.8325
2026-01-24 19:00:00,1.3808,1.447,1.3536,1.3834,3935730.0,5470067.2138
2026-01-24 20:00:00,1.3834,1.43,1.3569,1.3686,2675492.0,3712120.0917
2026-01-24 21:00:00,1.3686,1.4019,1.34,1.3715,2261979.0,3109142.6845
2026-01-24 22:00:00,1.3715,1.4333,1.3481,1.417,2793059.0,3852662.6608
2026-01-24 23:00:00,1.417,1.8172,1.417,1.7631,13036169.0,21652719.1022
2026-01-25 00:00:00,1.7631,2.2363,1.711,1.8954,19197990.0,37993265.2379
2026-01-25 01:00:00,1.8954,2.0582,1.8654,2.0298,5733635.0,11268709.7204
2026-01-25 02:00:00,2.0298,2.1243,1.9341,2.0048,3678848.0,7499203.0281
2026-01-25 03:00:00,2.0048,2.2046,1.9761,2.0924,3990944.0,8364116.1287
2026-01-25 04:00:00,2.0924,2.1046,1.9543,2.0823,3429180.0,6973066.3781
2026-01-25 05:00:00,2.0823,2.1445,2.0415,2.0618,2251394.0,4696217.8353
2026-01-25 06:00:00,2.0618,2.1168,2.0113,2.0761,2312279.0,4775478.6709
2026-01-25 07:00:00,2.0761,2.0776,1.6915,1.729,6564819.0,12177812.4672
2026-01-25 08:00:00,1.729,1.8499,1.5895,1.8109,6380145.0,10973244.626
2026-01-25 09:00:00,1.8109,1.9134,1.742,1.8269,9119018.0,16792777.2593
2026-01-25 10:00:00,1.8269,1.8983,1.7785,1.8255,2082958.0,3831831.415
2026-01-25 11:00:00,1.8255,1.9354,1.7852,1.8689,2562889.0,4754541.6557
2026-01-25 12:00:00,1.8689,1.8706,1.6658,1.6956,4001043.0,7040740.0695
2026-01-25 13:00:00,1.6956,1.8242,1.6825,1.7713,2471561.0,4367333.0978
2026-01-25 14:00:00,1.7713,1.7843,1.5065,1.5203,3731879.0,6117064.2775
2026-01-25 15:00:00,1.5203,1.5825,1.45,1.5616,4127072.0,6251583.5143
2026-01-25 16:00:00,1.5616,1.6262,1.4099,1.459,3188899.0,4787498.8983
2026-01-25 17:00:00,1.459,1.5017,1.4071,1.4298,1400937.0,2030178.7336
2026-01-25 18:00:00,1.4298,1.4732,1.3815,1.4355,1426708.0,2036292.2354
2026-01-25 19:00:00,1.4355,1.4807,1.388,1.4142,961796.0,1382722.9308
2026-01-25 20:00:00,1.4142,1.5122,1.4,1.4361,1336299.0,1950757.3211
2026-01-25 21:00:00,1.4361,1.44,1.2613,1.2876,2191206.0,2908991.9606
2026-01-25 22:00:00,1.2876,1.5918,1.2772,1.5107,3084870.0,4520698.3405
2026-01-25 23:00:00,1.5107,1.5268,1.3336,1.352,3527065.0,5145375.7972
2026-01-26 00:00:00,1.352,1.6391,1.3453,1.5379,5668700.0,8653949.9354
2026-01-26 01:00:00,1.5379,1.5395,1.2767,1.3215,3184483.0,4453775.2485
2026-01-26 02:00:00,1.3215,1.454,1.3081,1.3918,2183864.0,3049039.1424
2026-01-26 03:00:00,1.3918,1.4836,1.3733,1.4436,1899154.0,2716047.1695
2026-01-26 04:00:00,1.4436,1.4443,1.3553,1.3646,1757415.0,2453481.2645
2026-01-26 05:00:00,1.3646,1.4239,1.3219,1.3802,1531292.0,2108265.0655
2026-01-26 06:00:00,1.3802,1.4256,1.3091,1.3266,1787874.0,2460699.9949
2026-01-26 07:00:00,1.3266,1.3855,1.266,1.3317,2537767.0,3385780.7521
2026-01-26 08:00:00,1.3317,1.3898,1.3065,1.3896,2025365.0,2707029.9118
2026-01-26 09:00:00,1.3896,1.3896,1.3294,1.3533,1225653.0,1656751.8317
2026-01-26 10:00:00,1.3533,1.3982,1.341,1.3966,1436573.0,1973207.2607
2026-01-26 11:00:00,1.3966,1.4731,1.3843,1.405,1947201.0,2786409.0709
2026-01-26 12:00:00,1.405,1.4053,1.3255,1.337,1277228.0,1736482.4544
2026-01-26 13:00:00,1.337,1.3462,1.3008,1.3365,1061434.0,1405836.5285
2026-01-26 14:00:00,1.3365,1.3468,1.3068,1.3224,987581.0,1309587.578
2026-01-26 15:00:00,1.3224,1.3474,1.3104,1.321,873078.0,1160445.9855
2026-01-26 16:00:00,1.321,1.321,1.2328,1.2524,1580977.0,2011659.1908
2026-01-26 17:00:00,1.2524,1.3021,1.2492,1.2803,1040507.0,1320182.9504
2026-01-26 18:00:00,1.2803,1.3242,1.2769,1.3168,422421.0,550028.7535
2026-01-26 19:00:00,1.3168,1.3366,1.3103,1.3202,494393.0,653707.5337
2026-01-26 20:00:00,1.3202,1.4143,1.3108,1.3926,1146583.0,1564145.5357
2026-01-26 21:00:00,1.3926,1.4443,1.3652,1.3879,985871.0,1385863.8646
2026-01-26 22:00:00,1.3879,1.4571,1.3796,1.4521,566168.0,798792.898
2026-01-26 23:00:00,1.4521,1.5232,1.4286,1.4828,2175580.0,3203020.3607
2026-01-27 00:00:00,1.4828,1.5147,1.3592,1.3809,2050573.0,2897338.2197
2026-01-27 01:00:00,1.3809,1.4033,1.3336,1.3616,847354.0,1155010.6814
2026-01-27 02:00:00,1.3616,1.5667,1.361,1.4901,1614311.0,2409755.3378
2026-01-27 03:00:00,1.4901,1.5137,1.4377,1.4427,931515.0,1373802.1842
2026-01-27 04:00:00,1.4427,1.4469,1.4082,1.4339,671772.0,961024.5159
2026-01-27 05:00:00,1.4339,1.4531,1.4015,1.4286,482980.0,686398.6977
2026-01-27 06:00:00,1.4286,1.4432,1.4087,1.4346,377766.0,538981.956
2026-01-27 07:00:00,1.4346,1.4415,1.3819,1.3921,572409.0,804462.276
2026-01-27 08:00:00,1.3921,1.4119,1.3719,1.3934,707862.0,984741.5303
2026-01-27 09:00:00,1.3934,1.3957,1.3463,1.3643,508533.0,691479.2742
2026-01-27 10:00:00,1.3643,1.3735,1.3512,1.3686,509348.0,694029.666
2026-01-27 11:00:00,1.3686,1.3765,1.3477,1.3532,378610.0,514182.5257
2026-01-27 12:00:00,1.3532,1.3532,1.3172,1.3254,630901.0,842051.0824
2026-01-27 13:00:00,1.3254,1.3359,1.2994,1.3148,500164.0,658831.0652
2026-01-27 14:00:00,1.3148,1.3372,1.3082,1.3197,268880.0,355650.883
2026-01-27 15:00:00,1.3197,1.3271,1.2867,1.3201,539811.0,705111.1493
2026-01-27 16:00:00,1.3201,1.3281,1.3005,1.306,393996.0,517917.085
2026-01-27 17:00:00,1.306,1.3098,1.2818,1.2886,304986.0,394843.8229
2026-01-27 18:00:00,1.2886,1.314,1.2734,1.3108,285711.0,369719.8402
2026-01-27 19:00:00,1.3108,1.3391,1.3058,1.3276,294301.0,389758.6182
2026-01-27 20:00:00,1.3276,1.339,1.3139,1.3291,266501.0,353040.4988
2026-01-27 21:00:00,1.3291,1.3605,1.3287,1.3458,229912.0,308503.0417
2026-01-27 22:00:00,1.3458,1.4064,1.3416,1.3684,507440.0,698778.3251
2026-01-27 23:00:00,1.3684,1.3947,1.3471,1.3556,445922.0,609138.39
2026-01-28 00:00:00,1.3556,1.4201,1.3042,1.332,2486312.0,3360829.3851
2026-01-28 01:00:00,1.332,1.3696,1.3073,1.354,991110.0,1327623.7631
2026-01-28 02:00:00,1.354,1.3556,1.3262,1.3275,368447.0,495151.9933
2026-01-28 03:00:00,1.3275,1.3678,1.3268,1.3336,503196.0,677652.8304
2026-01-28 04:00:00,1.3336,1.34,1.2871,1.2982,644166.0,846834.8961
2026-01-28 05:00:00,1.2982,1.3161,1.2776,1.3033,466107.0,604972.3375
2026-01-28 06:00:00,1.3033,1.3218,1.2921,1.3209,448283.0,585089.7828
2026-01-28 07:00:00,1.3209,1.3829,1.2882,1.3375,989048.0,1327422.5089
2026-01-28 08:00:00,1.3375,1.3412,1.2869,1.297,656623.0,858765.4889
2026-01-28 09:00:00,1.297,1.3419,1.2902,1.3332,269203.0,354441.31
2026-01-28 10:00:00,1.3332,1.3892,1.3283,1.3556,685470.0,932153.7588
2026-01-28 11:00:00,1.3556,1.375,1.3166,1.3294,637333.0,854042.2567
2026-01-28 12:00:00,1.3294,1.332,1.2916,1.3116,482385.0,633080.2723
2026-01-28 13:00:00,1.3116,1.3402,1.293,1.3037,452870.0,594736.6145
2026-01-28 14:00:00,1.3037,1.3039,1.2592,1.2771,774693.0,994433.1282
2026-01-28 15:00:00,1.2771,1.325,1.2771,1.3124,528864.0,690106.2739
2026-01-28 16:00:00,1.3124,1.3961,1.307,1.3393,781443.0,1061220.8064
2026-01-28 17:00:00,1.3393,1.3812,1.3242,1.3779,182012.0,245941.9416
2026-01-28 18:00:00,1.3779,1.4224,1.3652,1.3691,440749.0,613709.2216
2026-01-28 19:00:00,1.3691,1.4769,1.3672,1.4298,678865.0,971770.0559
2026-01-28 20:00:00,1.4298,1.4298,1.3945,1.4191,262745.0,370871.4819
2026-01-28 21:00:00,1.4191,1.4253,1.3824,1.4005,280578.0,393083.2477
2026-01-28 22:00:00,1.4005,1.4006,1.3302,1.3383,326771.0,446619.49
2026-01-28 23:00:00,1.3383,1.3422,1.3143,1.34,197677.0,262968.4389
2026-01-29 00:00:00,1.34,1.3894,1.29,1.3077,773951.0,1023203.0635
2026-01-29 01:00:00,1.3077,1.3116,1.281,1.2904,271409.0,351620.0782
2026-01-29 02:00:00,1.2904,1.3197,1.2863,1.2966,204908.0,266243.1919
2026-01-29 03:00:00,1.2966,1.3187,1.2843,1.2906,299264.0,388858.507
2026-01-29 04:00:00,1.2906,1.2968,1.2709,1.2747,209896.0,269068.7955
2026-01-29 05:00:00,1.2747,1.2861,1.2303,1.2522,448757.0,567010.9607
2026-01-29 06:00:00,1.2522,1.2962,1.2451,1.2884,416356.0,525297.3969
2026-01-29 07:00:00,1.2884,1.2917,1.2482,1.2509,322985.0,410716.6146
2026-01-29 08:00:00,1.2509,1.2615,1.2107,1.2262,454086.0,561686.2955
2026-01-29 09:00:00,1.2262,1.2309,1.2152,1.2193,221592.0,270892.7146
2026-01-29 10:00:00,1.2193,1.2338,1.2046,1.2069,242072.0,294677.7838
2026-01-29 11:00:00,1.2069,1.2226,1.1888,1.222,367197.0,443414.6702
2026-01-29 12:00:00,1.222,1.23,1.21,1.2171,130393.0,159110.5624
2026-01-29 13:00:00,1.2171,1.2434,1.217,1.2235,204054.0,251064.3926
2026-01-29 14:00:00,1.2235,1.2506,1.2235,1.2269,254676.0,314521.6178
2026-01-29 15:00:00,1.2269,1.2282,1.1784,1.1925,531966.0,638163.2737
2026-01-29 16:00:00,1.1925,1.2034,1.1676,1.1913,286830.0,340316.5339
2026-01-29 17:00:00,1.1913,1.2043,1.1799,1.188,117615.0,140164.113
2026-01-29 18:00:00,1.188,1.2,1.1803,1.1939,82390.0,98005.8238
2026-01-29 19:00:00,1.1939,1.208,1.1849,1.2002,68566.0,81961.9427
2026-01-29 20:00:00,1.2002,1.2002,1.158,1.1746,195022.0,228793.891
2026-01-29 21:00:00,1.1746,1.1811,1.1617,1.1799,67542.0,79071.0443
2026-01-29 22:00:00,1.1799,1.1806,1.1691,1.1709,29364.0,34502.5241
2026-01-29 23:00:00,1.1709,1.1709,1.155,1.1564,79092.0,91917.8478
2026-01-30 00:00:00,1.1564,1.2552,1.1445,1.2312,1680453.0,2033952.2291
2026-01-30 01:00:00,1.2312,1.2317,1.1218,1.1741,1217856.0,1424042.0864
2026-01-30 02:00:00,1.1741,1.1895,1.14,1.1656,424307.0,492023.9209
2026-01-30 03:00:00,1.1656,1.2178,1.1541,1.1919,458811.0,544917.039
2026-01-30 04:00:00,1.1919,1.2132,1.1738,1.2115,328309.0,391388.5692
2026-01-30 05:00:00,1.2115,1.2413,1.2077,1.2229,361355.0,443613.4643
2026-01-30 06:00:00,1.2229,1.2419,1.1979,1.2343,475719.0,582816.1051
2026-01-30 07:00:00,1.2343,1.2804,1.2247,1.2467,486873.0,609066.575
2026-01-30 08:00:00,1.2467,1.2521,1.2008,1.2117,319983.0,391867.0747
2026-01-30 09:00:00,1.2117,1.2168,1.1832,1.1914,373777.0,448114.0973
2026-01-30 10:00:00,1.1914,1.2323,1.1723,1.2288,331685.0,395917.192
2026-01-30 11:00:00,1.2288,1.427,1.2212,1.3829,2452132.0,3322060.2163
2026-01-30 12:00:00,1.3829,1.6226,1.3692,1.5191,5588301.0,8603510.3077
2026-01-30 13:00:00,1.5191,1.6111,1.514,1.5808,3117445.0,4888188.518
2026-01-30 14:00:00,1.5808,1.6434,1.5055,1.6029,2919890.0,4610910.1859
2026-01-30 15:00:00,1.6029,1.65,1.5375,1.5782,2383067.0,3787684.6463
2026-01-30 16:00:00,1.5782,1.6149,1.456,1.5151,3076349.0,4660968.7997
2026-01-30 17:00:00,1.5151,1.5563,1.508,1.5175,855759.0,1306412.2063
2026-01-30 18:00:00,1.5175,1.5545,1.48,1.5332,942959.0,1433401.7734
2026-01-30 19:00:00,1.5332,1.6017,1.5305,1.5952,879402.0,1382665.4141
2026-01-30 20:00:00,1.5952,1.6418,1.5457,1.5803,1844613.0,2949499.3697
2026-01-30 21:00:00,1.5803,1.6112,1.5555,1.5677,589990.0,932767.1724
2026-01-30 22:00:00,1.5677,1.6715,1.5431,1.6336,1066683.0,1722593.6776
2026-01-30 23:00:00,1.6336,1.7379,1.6278,1.724,2015026.0,3407471.4582
2026-01-31 00:00:00,1.724,1.8323,1.6268,1.7804,5030614.0,8656182.8683
2026-01-31 01:00:00,1.7804,1.8404,1.6814,1.6993,2311401.0,4087303.0497
2026-01-31 02:00:00,1.6993,1.7299,1.632,1.669,2204026.0,3708480.393
2026-01-31 03:00:00,1.669,1.7824,1.6506,1.7379,2553409.0,4400607.4778
2026-01-31 04:00:00,1.7379,1.7407,1.6642,1.682,1522608.0,2600259.0347
2026-01-31 05:00:00,1.682,1.6917,1.5675,1.5937,2283471.0,3704633.1936
2026-01-31 06:00:00,1.5937,1.6168,1.5521,1.606,1458990.0,2297443.1087
2026-01-31 07:00:00,1.606,1.636,1.5751,1.6008,1371816.0,2203074.2413
2026-01-31 08:00:00,1.6008,1.6014,1.5068,1.529,2024791.0,3120853.9987
2026-01-31 09:00:00,1.529,1.5557,1.5072,1.5332,828907.0,1274226.9526
2026-01-31 10:00:00,1.5332,1.5394,1.4839,1.5012,1334332.0,2012210.1382
2026-01-31 11:00:00,1.5012,1.5095,1.4674,1.4891,1120872.0,1671880.408
2026-01-31 12:00:00,1.4891,1.4891,1.423,1.4436,1415524.0,2055078.22
2026-01-31 13:00:00,1.4436,1.4572,1.4182,1.445,866508.0,1244202.1234
2026-01-31 14:00:00,1.445,1.4912,1.3972,1.4768,3561085.0,5170184.2662
2026-01-31 15:00:00,1.4768,1.4866,1.4394,1.4516,1133093.0,1657798.7715
2026-01-31 16:00:00,1.4516,1.4673,1.4172,1.4245,1150602.0,1652366.9042
2026-01-31 17:00:00,1.4245,1.4451,1.3282,1.3773,2155737.0,3000187.5913
2026-01-31 18:00:00,1.3773,1.4226,1.3456,1.4104,1502646.0,2097406.7427
2026-01-31 19:00:00,1.4104,1.425,1.3885,1.3911,395247.0,556410.8393
2026-01-31 20:00:00,1.3911,1.3968,1.3482,1.3968,535789.0,734396.1137
2026-01-31 21:00:00,1.3968,1.4107,1.372,1.4001,273466.0,380786.4684
2026-01-31 22:00:00,1.4001,1.4187,1.3833,1.4181,182882.0,255861.668
2026-01-31 23:00:00,1.4181,1.4576,1.3981,1.4203,472871.0,672539.4392
2026-02-01 00:00:00,1.4203,1.5944,1.2662,1.2888,3974002.0,5749237.8008
2026-02-01 01:00:00,1.2888,1.3126,1.1927,1.2185,1599871.0,1978144.7257
2026-02-01 02:00:00,1.2185,1.2455,1.1809,1.2079,951256.0,1148314.9694
2026-02-01 03:00:00,1.2079,1.2166,1.1599,1.1699,791913.0,936291.2471
2026-02-01 04:00:00,1.1699,1.1699,1.107,1.1142,670736.0,763425.6023
2026-02-01 05:00:00,1.1142,1.1177,1.0798,1.1148,735492.0,809354.8381
2026-02-01 06:00:00,1.1148,1.1609,1.0913,1.1327,791050.0,885949.3931
2026-02-01 07:00:00,1.1327,1.233,1.1163,1.1716,2857148.0,3360429.0495
2026-02-01 08:00:00,1.1716,1.2023,1.1372,1.1665,1143122.0,1334780.1577
2026-02-01 09:00:00,1.1665,1.214,1.1603,1.2003,687759.0,810938.6848
2026-02-01 10:00:00,1.2003,1.246,1.163,1.2406,1458007.0,1762691.9645
2026-02-01 11:00:00,1.2406,1.2414,1.165,1.1746,1154734.0,1377486.3198
2026-02-01 12:00:00,1.1746,1.1938,1.1594,1.1634,953096.0,1118689.3888
2026-02-01 13:00:00,1.1634,1.184,1.1396,1.1419,824594.0,957325.1538
2026-02-01 14:00:00,1.1419,1.1705,1.132,1.1651,429381.0,493168.139
2026-02-01 15:00:00,1.1651,1.1689,1.1261,1.1653,538866.0,618089.1814
2026-02-01 16:00:00,1.1653,1.1653,1.1401,1.1439,307286.0,354011.8065
2026-02-01 17:00:00,1.1439,1.1647,1.1422,1.1518,234003.0,269608.8104
2026-02-01 18:00:00,1.1518,1.2083,1.1516,1.2078,566005.0,669411.0073
2026-02-01 19:00:00,1.2078,1.2135,1.1765,1.1815,340875.0,406129.8043
2026-02-01 20:00:00,1.1815,1.2033,1.1645,1.1682,316560.0,373957.7445
2026-02-01 21:00:00,1.1682,1.1996,1.1551,1.1811,354620.0,417237.3336
2026-02-01 22:00:00,1.1811,1.2153,1.176,1.2051,193769.0,232244.6928
2026-02-01 23:00:00,1.2051,1.2109,1.1566,1.1926,417463.0,495335.1866
2026-02-02 00:00:00,1.1926,1.2312,1.1323,1.1503,1197980.0,1400654.0644
2026-02-02 01:00:00,1.1503,1.1583,1.128,1.1398,399649.0,456027.7395
2026-02-02 02:00:00,1.1398,1.146,1.1261,1.135,176540.0,200307.4359
2026-02-02 03:00:00,1.135,1.1621,1.1061,1.152,607410.0,684964.6798
2026-02-02 04:00:00,1.152,1.1845,1.1331,1.1628,503361.0,585765.8025
2026-02-02 05:00:00,1.1628,1.1634,1.1378,1.145,269849.0,309819.5046
2026-02-02 06:00:00,1.145,1.1642,1.1357,1.1589,299355.0,344891.733
2026-02-02 07:00:00,1.1589,1.1695,1.1415,1.1483,236422.0,272854.1798
2026-02-02 08:00:00,1.1483,1.1494,1.1194,1.1194,269741.0,305601.6531
2026-02-02 09:00:00,1.1194,1.1219,1.1009,1.1119,279971.0,311240.1965
2026-02-02 10:00:00,1.1119,1.1192,1.1048,1.1069,145852.0,162223.1509
2026-02-02 11:00:00,1.1069,1.1178,1.0983,1.1078,250391.0,277109.0621
2026-02-02 12:00:00,1.1078,1.1134,1.0957,1.1007,166198.0,183138.905
2026-02-02 13:00:00,1.1007,1.1053,1.0852,1.0944,229790.0,251231.1388
2026-02-02 14:00:00,1.0944,1.1108,1.0814,1.1004,281745.0,309019.955
2026-02-02 15:00:00,1.1004,1.1363,1.0891,1.1212,582548.0,644915.447
2026-02-02 16:00:00,1.1212,1.1305,1.1121,1.121,153379.0,171663.0894
2026-02-02 17:00:00,1.121,1.1497,1.1189,1.1395,170326.0,193809.6131
2026-02-02 18:00:00,1.1395,1.1626,1.1335,1.1554,123506.0,141253.5438
2026-02-02 19:00:00,1.1554,1.202,1.1518,1.1956,318529.0,374202.8617
2026-02-02 20:00:00,1.1956,1.2094,1.1599,1.1782,318239.0,376665.4719
2026-02-02 21:00:00,1.1782,1.2001,1.172,1.1749,236597.0,279909.2294
2026-02-02 22:00:00,1.1749,1.1987,1.1704,1.1943,111974.0,132375.376
2026-02-02 23:00:00,1.1943,1.2022,1.1858,1.1959,233304.0,278604.8993
2026-02-03 00:00:00,1.1959,1.1961,1.1118,1.1373,604909.0,690586.6613
2026-02-03 01:00:00,1.1373,1.159,1.1348,1.1405,214908.0,246280.5443
2026-02-03 02:00:00,1.1405,1.167,1.128,1.1332,156466.0,178710.2131
2026-02-03 03:00:00,1.1332,1.1501,1.124,1.1498,127633.0,145072.3328
2026-02-03 04:00:00,1.1498,1.1522,1.132,1.143,77861.0,88927.5986
2026-02-03 05:00:00,1.143,1.143,1.1253,1.1253,67129.0,75956.3576
2026-02-03 06:00:00,1.1253,1.1304,1.1164,1.1243,132312.0,148499.1247
2026-02-03 07:00:00,1.1243,1.1285,1.118,1.121,62437.0,70169.1707
2026-02-03 08:00:00,1.121,1.1383,1.1063,1.1093,184709.0,207318.1233
2026-02-03 09:00:00,1.1093,1.115,1.094,1.0964,254461.0,280693.3721
2026-02-03 10:00:00,1.0964,1.1051,1.0964,1.1026,59623.0,65670.5012
2026-02-03 11:00:00,1.1026,1.1116,1.0971,1.1052,53496.0,59109.2265
2026-02-03 12:00:00,1.1052,1.1468,1.1052,1.1454,154680.0,173959.773
2026-02-03 13:00:00,1.1454,1.2069,1.1429,1.1734,532457.0,628182.6154
2026-02-03 14:00:00,1.1734,1.2002,1.1548,1.1573,399689.0,471035.8717
2026-02-03 15:00:00,1.1573,1.2287,1.1499,1.1908,419211.0,501427.0871
2026-02-03 16:00:00,1.1908,1.2948,1.1821,1.2775,602353.0,743658.7906
2026-02-03 17:00:00,1.2775,1.307,1.192,1.2222,1072413.0,1341481.5563
2026-02-03 18:00:00,1.2222,1.2355,1.1757,1.1801,429018.0,516132.6248
2026-02-03 19:00:00,1.1801,1.2165,1.1709,1.1996,395246.0,471451.4147
2026-02-03 20:00:00,1.1996,1.2324,1.182,1.2301,424917.0,512120.5218
2026-02-03 21:00:00,1.2301,1.2493,1.2146,1.226,124788.0,153639.4888
2026-02-03 22:00:00,1.226,1.2476,1.2075,1.2361,207081.0,254481.3283
2026-02-03 23:00:00,1.2361,1.2732,1.222,1.2439,355147.0,444407.9049
2026-02-04 00:00:00,1.2439,1.2897,1.1755,1.1863,787871.0,953506.0647
2026-02-04 01:00:00,1.1863,1.2966,1.1863,1.2556,511011.0,638553.6686
2026-02-04 02:00:00,1.2556,1.2831,1.2214,1.276,226879.0,283239.8704
2026-02-04 03:00:00,1.276,1.3905,1.2737,1.3738,1525242.0,2062033.9372
2026-02-04 04:00:00,1.3738,1.4304,1.3621,1.3825,1211561.0,1693788.8408
2026-02-04 05:00:00,1.3825,1.3861,1.3376,1.3532,709062.0,959247.4313
2026-02-04 06:00:00,1.3532,1.3672,1.3162,1.3219,587851.0,785879.0425
2026-02-04 07:00:00,1.3219,1.3282,1.3038,1.3105,301402.0,396316.9626
2026-02-04 08:00:00,1.3105,1.3114,1.2626,1.2667,827009.0,1059795.4321
2026-02-04 09:00:00,1.2667,1.272,1.2321,1.2572,459802.0,574365.6215
2026-02-04 10:00:00,1.2572,1.2671,1.23,1.2494,303275.0,377940.5679
2026-02-04 11:00:00,1.2494,1.2531,1.2336,1.2387,237304.0,294832.3185
2026-02-04 12:00:00,1.2387,1.256,1.2321,1.2553,186611.0,231798.939
2026-02-04 13:00:00,1.2553,1.293,1.2238,1.239,842828.0,1067015.9533
2026-02-04 14:00:00,1.239,1.2614,1.235,1.2523,415254.0,517739.6194
2026-02-04 15:00:00,1.2523,1.29,1.2403,1.2564,579080.0,731744.8773
2026-02-04 16:00:00,1.2564,1.2628,1.2327,1.2554,604455.0,752991.8499
2026-02-04 17:00:00,1.2554,1.2695,1.2388,1.268,376831.0,471690.9888
2026-02-04 18:00:00,1.268,1.2811,1.2434,1.2752,317499.0,399868.6804
2026-02-04 19:00:00,1.2752,1.2923,1.2586,1.2862,205284.0,262212.0045
2026-02-04 20:00:00,1.2862,1.2872,1.2649,1.2709,85686.0,109310.256
2026-02-04 21:00:00,1.2709,1.2762,1.2427,1.253,126743.0,159259.9349
2026-02-04 22:00:00,1.253,1.2765,1.2337,1.2439,163195.0,204541.34
2026-02-04 23:00:00,1.2439,1.2712,1.2422,1.2574,143259.0,180392.2555
2026-02-05 00:00:00,1.2574,1.3293,1.2055,1.3183,2908976.0,3752182.4401
2026-02-05 01:00:00,1.3183,1.3236,1.2629,1.2835,432157.0,556963.4112
2026-02-05 02:00:00,1.2835,1.333,1.283,1.306,461192.0,605027.6402
2026-02-05 03:00:00,1.306,1.3212,1.2475,1.2775,538450.0,690392.7754
2026-02-05 04:00:00,1.2775,1.2913,1.2561,1.2883,354944.0,451821.1973
2026-02-05 05:00:00,1.2883,1.3183,1.2746,1.3077,271453.0,351448.5121
2026-02-05 06:00:00,1.3077,1.3991,1.3053,1.376,806230.0,1099616.5553
2026-02-05 07:00:00,1.376,1.4006,1.3228,1.3579,813244.0,1102215.4768
2026-02-05 08:00:00,1.3579,1.4046,1.3323,1.3929,698801.0,955317.9977
2026-02-05 09:00:00,1.3929,1.4421,1.3713,1.4097,1196047.0,1687241.7987
2026-02-05 10:00:00,1.4097,1.4368,1.3542,1.3718,1205021.0,1678107.6167
2026-02-05 11:00:00,1.3718,1.4402,1.365,1.3939,1524683.0,2129857.5092
2026-02-05 12:00:00,1.3939,1.4232,1.3661,1.3991,1235068.0,1723291.6832
2026-02-05 13:00:00,1.3991,1.4038,1.3675,1.3758,694645.0,963105.6293
2026-02-05 14:00:00,1.3758,1.3968,1.3357,1.3748,1396332.0,1912397.9926
2026-02-05 15:00:00,1.3748,1.3969,1.3139,1.3426,1180226.0,1597275.3855
2026-02-05 16:00:00,1.3426,1.3583,1.315,1.339,500626.0,669849.6734
2026-02-05 17:00:00,1.339,1.3447,1.2929,1.3057,558967.0,734215.4698
2026-02-05 18:00:00,1.3057,1.3369,1.3014,1.308,382649.0,504311.6034
2026-02-05 19:00:00,1.308,1.3326,1.2993,1.3134,225228.0,295988.31
2026-02-05 20:00:00,1.3134,1.3228,1.2377,1.2806,1010722.0,1287171.6503
2026-02-05 21:00:00,1.2806,1.301,1.2557,1.2744,559045.0,715989.1254
2026-02-05 22:00:00,1.2744,1.319,1.2534,1.3038,390086.0,503355.3722
2026-02-05 23:00:00,1.3038,1.3736,1.3036,1.3514,866818.0,1165033.2852
2026-02-06 00:00:00,1.3514,1.379,1.2448,1.3244,2565485.0,3354533.9939
2026-02-06 01:00:00,1.3244,1.3937,1.3087,1.3556,778179.0,1053297.8047
2026-02-06 02:00:00,1.3556,1.3736,1.3333,1.352,380681.0,516169.8814
2026-02-06 03:00:00,1.352,1.3581,1.31,1.3132,320283.0,426373.3826
2026-02-06 04:00:00,1.3132,1.3495,1.295,1.3351,348147.0,459791.2497
2026-02-06 05:00:00,1.3351,1.349,1.3093,1.3291,387992.0,516124.4919
2026-02-06 06:00:00,1.3291,1.386,1.327,1.3568,686205.0,935783.8832
2026-02-06 07:00:00,1.3568,1.3724,1.3243,1.357,462522.0,625500.1087
2026-02-06 08:00:00,1.357,1.4177,1.352,1.3729,1032656.0,1436132.8235
2026-02-06 09:00:00,1.3729,1.411,1.3613,1.3904,382862.0,530533.0346
2026-02-06 10:00:00,1.3904,1.4399,1.3841,1.4171,670874.0,949097.0111
2026-02-06 11:00:00,1.4171,1.4195,1.3968,1.4126,222299.0,312671.4696
2026-02-06 12:00:00,1.4126,1.4126,1.3269,1.3406,608044.0,836863.4618
2026-02-06 13:00:00,1.3406,1.3728,1.3313,1.3711,445282.0,599467.2061
2026-02-06 14:00:00,1.3711,1.4497,1.3693,1.4214,833980.0,1176294.0233
2026-02-06 15:00:00,1.4214,1.4347,1.3812,1.3844,698707.0,987260.7557
2026-02-06 16:00:00,1.3844,1.4956,1.3786,1.4468,990686.0,1424469.3189
2026-02-06 17:00:00,1.4468,1.4554,1.4027,1.4073,491950.0,702026.6474
2026-02-06 18:00:00,1.4073,1.413,1.3611,1.3716,276561.0,381817.8139
2026-02-06 19:00:00,1.3716,1.3758,1.3475,1.3606,166732.0,226705.6612
2026-02-06 20:00:00,1.3606,1.3618,1.343,1.3517,88218.0,119387.184
2026-02-06 21:00:00,1.3517,1.3849,1.3502,1.3652,154474.0,211592.8708
2026-02-06 22:00:00,1.3652,1.3922,1.3604,1.3899,132081.0,182383.9395
2026-02-06 23:00:00,1.3899,1.4335,1.3751,1.4163,313192.0,438636.9392
2026-02-07 00:00:00,1.4163,1.6657,1.3945,1.4869,2893727.0,4488446.3705
2026-02-07 01:00:00,1.4869,1.5228,1.4618,1.4722,399081.0,597657.5853
2026-02-07 02:00:00,1.4722,1.4778,1.3819,1.3889,555796.0,800350.1087
2026-02-07 03:00:00,1.3889,1.4057,1.3665,1.394,419087.0,582986.5931
2026-02-07 04:00:00,1.394,1.3946,1.3182,1.328,400156.0,539350.1538
2026-02-07 05:00:00,1.328,1.3479,1.3183,1.3439,194253.0,259446.2486
2026-02-07 06:00:00,1.3439,1.3647,1.3311,1.3517,243929.0,327884.2697
2026-02-07 07:00:00,1.3517,1.3677,1.2895,1.3157,478955.0,632759.7223
2026-02-07 08:00:00,1.3157,1.3453,1.3101,1.34,231117.0,305912.6933
2026-02-07 09:00:00,1.34,1.3469,1.3285,1.3409,170994.0,228603.7454
2026-02-07 10:00:00,1.3409,1.354,1.3202,1.3438,200193.0,268064.9458
2026-02-07 11:00:00,1.3438,1.3613,1.3412,1.3488,125787.0,169861.3294
2026-02-07 12:00:00,1.3488,1.3787,1.3331,1.3522,289730.0,393779.416
2026-02-07 13:00:00,1.3522,1.3627,1.3437,1.3559,96116.0,129957.5479
2026-02-07 14:00:00,1.3559,1.3697,1.3364,1.3678,247965.0,336211.0262
2026-02-07 15:00:00,1.3678,1.3944,1.3664,1.3925,215131.0,297256.7035
2026-02-07 16:00:00,1.3925,1.3958,1.3443,1.3459,449372.0,617527.5352
2026-02-07 17:00:00,1.3459,1.3704,1.3382,1.3526,163839.0,221612.8568
2026-02-07 18:00:00,1.3526,1.382,1.3511,1.3745,84069.0,115105.8614
2026-02-07 19:00:00,1.3745,1.4057,1.3674,1.4021,132279.0,183670.9923
2026-02-07 20:00:00,1.4021,1.4021,1.378,1.3946,69688.0,96694.9342
2026-02-07 21:00:00,1.3946,1.403,1.3894,1.3925,127165.0,177535.8426
2026-02-07 22:00:00,1.3925,1.3947,1.3796,1.3842,40818.0,56549.1349
2026-02-07 23:00:00,1.3842,1.4041,1.3685,1.3946,173073.0,240567.2772
2026-02-08 00:00:00,1.3946,1.3985,1.3071,1.3292,691806.0,934762.2846
2026-02-08 01:00:00,1.3292,1.3573,1.3237,1.357,206166.0,276501.7212
2026-02-08 02:00:00,1.357,1.3798,1.3518,1.3697,174387.0,238513.2778
2026-02-08 03:00:00,1.3697,1.404,1.3481,1.3565,137702.0,189602.9534
2026-02-08 04:00:00,1.3565,1.3691,1.3445,1.3547,108127.0,146530.854
2026-02-08 05:00:00,1.3547,1.3595,1.341,1.3444,104944.0,141661.2241
2026-02-08 06:00:00,1.3444,1.3557,1.3383,1.3445,86686.0,116748.4974
2026-02-08 07:00:00,1.3445,1.3545,1.3366,1.3517,36735.0,49427.2518
2026-02-08 08:00:00,1.3517,1.3569,1.3385,1.342,99542.0,134146.3949
2026-02-08 09:00:00,1.342,1.3429,1.329,1.3351,75109.0,100389.6272
2026-02-08 10:00:00,1.3351,1.3405,1.3296,1.3342,137368.0,183343.3493
2026-02-08 11:00:00,1.3342,1.3554,1.3334,1.3547,115696.0,155783.2002
2026-02-08 12:00:00,1.3547,1.3631,1.3317,1.3376,104626.0,141019.7804
2026-02-08 13:00:00,1.3376,1.3423,1.33,1.3341,93952.0,125378.5545
2026-02-08 14:00:00,1.3341,1.3491,1.3237,1.3439,263537.0,352448.4199
2026-02-08 15:00:00,1.3439,1.3497,1.31,1.3469,308342.0,410331.5023
2026-02-08 16:00:00,1.3469,1.3469,1.3273,1.3351,147810.0,197250.1882
2026-02-08 17:00:00,1.3351,1.3461,1.3327,1.3392,69371.0,92962.7739
2026-02-08 18:00:00,1.3392,1.3509,1.3336,1.3491,59658.0,80022.9159
2026-02-08 19:00:00,1.3491,1.3508,1.3336,1.3375,117588.0,157940.603
2026-02-08 20:00:00,1.3375,1.3414,1.3312,1.3348,86934.0,116085.288
2026-02-08 21:00:00,1.3348,1.3429,1.3318,1.3419,39827.0,53265.0933
2026-02-08 22:00:00,1.3419,1.3473,1.332,1.3434,58678.0,78525.834
2026-02-08 23:00:00,1.3434,1.3593,1.3327,1.3394,198525.0,267708.7459
2026-02-09 00:00:00,1.3394,1.3642,1.3112,1.3377,441465.0,589883.1704
2026-02-09 01:00:00,1.3377,1.3424,1.2832,1.2938,247917.0,325921.7701
2026-02-09 02:00:00,1.2938,1.3103,1.2786,1.3003,291826.0,377090.7813
2026-02-09 03:00:00,1.3003,1.3464,1.2998,1.3436,378480.0,501155.0608
2026-02-09 04:00:00,1.3436,1.3486,1.3163,1.3216,123919.0,165120.4553
2026-02-09 05:00:00,1.3216,1.3275,1.3174,1.3198,47017.0,62177.4576
2026-02-09 06:00:00,1.3198,1.3198,1.3006,1.3125,93159.0,121863.8743
2026-02-09 07:00:00,1.3125,1.3155,1.2854,1.2985,160713.0,208411.7544
2026-02-09 08:00:00,1.2985,1.3038,1.2803,1.2871,159440.0,205967.3107
2026-02-09 09:00:00,1.2871,1.3083,1.2722,1.2787,223774.0,288696.3425
2026-02-09 10:00:00,1.2787,1.2878,1.2616,1.2796,172207.0,219605.4682
2026-02-09 11:00:00,1.2796,1.2947,1.2729,1.2859,75180.0,96509.8291
2026-02-09 12:00:00,1.2859,1.2905,1.2736,1.2809,57357.0,73480.1147
2026-02-09 13:00:00,1.2809,1.2881,1.2572,1.2613,157579.0,200452.3631
2026-02-09 14:00:00,1.2613,1.2783,1.2574,1.2659,175634.0,222309.1388
2026-02-09 15:00:00,1.2659,1.297,1.2642,1.2879,583269.0,747481.31
2026-02-09 16:00:00,1.2879,1.301,1.2746,1.2792,147057.0,189066.7112
2026-02-09 17:00:00,1.2792,1.3036,1.2779,1.2974,128567.0,166191.2266
2026-02-09 18:00:00,1.2974,1.3056,1.29,1.3047,82648.0,107388.7481
2026-02-09 19:00:00,1.3047,1.3148,1.2944,1.314,87571.0,114441.8422
2026-02-09 20:00:00,1.314,1.314,1.2911,1.2987,89621.0,116568.0647
2026-02-09 21:00:00,1.2987,1.3006,1.2792,1.2945,28712.0,37019.8282
2026-02-09 22:00:00,1.2945,1.309,1.2902,1.302,64910.0,84463.1991
2026-02-09 23:00:00,1.302,1.3158,1.2949,1.3045,132403.0,173186.7207
2026-02-10 00:00:00,1.3045,1.3461,1.2744,1.3167,494361.0,648332.6883
2026-02-10 01:00:00,1.3167,1.3493,1.2941,1.3021,218909.0,288543.864
2026-02-10 02:00:00,1.3021,1.3164,1.2976,1.3164,61078.0,79639.5014
2026-02-10 03:00:00,1.3164,1.3227,1.2848,1.2971,165209.0,214454.3753
2026-02-10 04:00:00,1.2971,1.3003,1.2831,1.2917,71123.0,91875.0631
2026-02-10 05:00:00,1.2917,1.295,1.2825,1.2937,38551.0,49716.6789
2026-02-10 06:00:00,1.2937,1.2949,1.2674,1.2805,81913.0,104697.9691
2026-02-10 07:00:00,1.2805,1.2899,1.2715,1.2725,46039.0,58983.6216
2026-02-10 08:00:00,1.2725,1.2796,1.2655,1.2704,68235.0,86806.9407
2026-02-10 09:00:00,1.2704,1.2773,1.264,1.2695,47530.0,60323.5898
2026-02-10 10:00:00,1.2695,1.2781,1.2548,1.2563,41884.0,53171.3759
2026-02-10 11:00:00,1.2563,1.2707,1.2541,1.2572,56861.0,71771.9742
2026-02-10 12:00:00,1.2572,1.2629,1.2415,1.2531,128859.0,161254.5204
2026-02-10 13:00:00,1.2531,1.2701,1.2496,1.2683,142052.0,179099.7594
2026-02-10 14:00:00,1.2683,1.2847,1.2587,1.2687,132370.0,168032.6299
2026-02-10 15:00:00,1.2687,1.2836,1.2614,1.2686,98117.0,125060.9937
2026-02-10 16:00:00,1.2686,1.278,1.2568,1.2631,70409.0,89175.9847
2026-02-10 17:00:00,1.2631,1.273,1.2574,1.2626,55996.0,70941.5638
2026-02-10 18:00:00,1.2626,1.2678,1.2505,1.2559,40967.0,51579.6809
2026-02-10 19:00:00,1.2559,1.2566,1.245,1.2507,93647.0,117178.9116
2026-02-10 20:00:00,1.2507,1.2544,1.2448,1.2508,18472.0,23082.4666
2026-02-10 21:00:00,1.2508,1.2585,1.2499,1.2552,19441.0,24387.7884
2026-02-10 22:00:00,1.2552,1.2624,1.2531,1.2606,18873.0,23755.3986
2026-02-10 23:00:00,1.2606,1.2657,1.2489,1.2614,32042.0,40266.1778
2026-02-11 00:00:00,1.2614,1.2625,1.2262,1.2389,228723.0,284151.78
2026-02-11 01:00:00,1.2389,1.2461,1.2161,1.2259,163780.0,200749.6584
2026-02-11 02:00:00,1.2259,1.226,1.2102,1.2224,120323.0,146727.1714
2026-02-11 03:00:00,1.2224,1.2234,1.2026,1.2077,132149.0,159883.7332
2026-02-11 04:00:00,1.2077,1.2184,1.1779,1.1969,236685.0,282202.9318
2026-02-11 05:00:00,1.1969,1.2458,1.1969,1.2369,280074.0,340513.3058
2026-02-11 06:00:00,1.2369,1.2501,1.2139,1.2169,244791.0,301730.1679
2026-02-11 07:00:00,1.2169,1.306,1.2139,1.2952,683537.0,859848.9246
2026-02-11 08:00:00,1.2952,1.332,1.266,1.2853,552451.0,716001.7342
2026-02-11 09:00:00,1.2853,1.2968,1.2291,1.2414,162025.0,204320.7231
2026-02-11 10:00:00,1.2414,1.2792,1.2372,1.2715,157128.0,198206.4827
2026-02-11 11:00:00,1.2715,1.2929,1.2685,1.2783,62457.0,80026.7194
2026-02-11 12:00:00,1.2783,1.2849,1.2617,1.2715,57222.0,72821.4279
2026-02-11 13:00:00,1.2715,1.2715,1.237,1.2609,177267.0,221870.8011
2026-02-11 14:00:00,1.2609,1.2724,1.2434,1.2545,102760.0,129315.9987
2026-02-11 15:00:00,1.2545,1.2583,1.2287,1.24,56162.0,69619.854
2026-02-11 16:00:00,1.24,1.255,1.224,1.2321,44728.0,55479.9664
2026-02-11 17:00:00,1.2321,1.2531,1.223,1.2482,32657.0,40402.9042
2026-02-11 18:00:00,1.2482,1.2647,1.2465,1.2532,35607.0,44757.1797
2026-02-11 19:00:00,1.2532,1.2627,1.2514,1.2583,23062.0,29025.6035
2026-02-11 20:00:00,1.2583,1.2684,1.2549,1.2601,33855.0,42627.1358
2026-02-11 21:00:00,1.2601,1.2754,1.2473,1.2577,172501.0,217489.3299
2026-02-11 22:00:00,1.2577,1.288,1.2536,1.2574,77867.0,98955.686
2026-02-11 23:00:00,1.2574,1.2693,1.2485,1.2615,77208.0,97069.2349
2026-02-12 00:00:00,1.2615,1.3185,1.2213,1.233,482779.0,614294.1286
2026-02-12 01:00:00,1.233,1.2426,1.2249,1.2255,77131.0,95240.4222
2026-02-12 02:00:00,1.2255,1.23,1.2146,1.2224,59513.0,72688.4886
2026-02-12 03:00:00,1.2224,1.2256,1.2181,1.2245,20513.0,25063.9056
2026-02-12 04:00:00,1.2245,1.2537,1.2062,1.2293,154467.0,190323.5648
2026-02-12 05:00:00,1.2293,1.238,1.222,1.2282,50864.0,62496.2935
2026-02-12 06:00:00,1.2282,1.243,1.2271,1.2382,51468.0,63657.8523
2026-02-12 07:00:00,1.2382,1.2417,1.2214,1.2232,42696.0,52434.6489
2026-02-12 08:00:00,1.2232,1.2265,1.2008,1.2056,44918.0,54527.2208
2026-02-12 09:00:00,1.2056,1.2071,1.1914,1.2003,86459.0,103595.6358
2026-02-12 10:00:00,1.2003,1.2056,1.1933,1.2013,31113.0,37299.0359
2026-02-12 11:00:00,1.2013,1.2084,1.196,1.2004,57903.0,69672.1019
2026-02-12 12:00:00,1.2004,1.2004,1.1655,1.168,226261.0,266908.303
2026-02-12 13:00:00,1.168,1.1726,1.1322,1.1672,265354.0,306329.3624
2026-02-12 14:00:00,1.1672,1.1756,1.1613,1.167,136932.0,160172.8512
2026-02-12 15:00:00,1.167,1.1716,1.1528,1.1631,71602.0,83275.518
2026-02-12 16:00:00,1.1631,1.164,1.1427,1.1489,75852.0,87333.6524
2026-02-12 17:00:00,1.1489,1.1584,1.1441,1.1501,25098.0,28912.6582
2026-02-12 18:00:00,1.1501,1.1643,1.1501,1.163,25914.0,29987.6668
2026-02-12 19:00:00,1.163,1.1689,1.1533,1.1633,26357.0,30690.411
2026-02-12 20:00:00,1.1633,1.1643,1.1506,1.1558,57166.0,66115.4433
2026-02-12 21:00:00,1.1558,1.165,1.1543,1.1612,26555.0,30810.7932
2026-02-12 22:00:00,1.1612,1.1753,1.1569,1.1691,50331.0,58666.8537
2026-02-12 23:00:00,1.1691,1.1868,1.1691,1.1765,40901.0,48256.7952
2026-02-13 00:00:00,1.1765,1.1765,1.1139,1.1234,214032.0,245277.1179
2026-02-13 01:00:00,1.1234,1.1452,1.1234,1.1347,40121.0,45674.5671
2026-02-13 02:00:00,1.1347,1.1433,1.1325,1.1388,22075.0,25132.3847
2026-02-13 03:00:00,1.1388,1.147,1.1359,1.1379,51087.0,58244.114
2026-02-13 04:00:00,1.1379,1.1435,1.124,1.1297,69046.0,78261.7885
2026-02-13 05:00:00,1.1297,1.132,1.1141,1.1298,44814.0,50376.3134
2026-02-13 06:00:00,1.1298,1.1804,1.1147,1.1415,292848.0,335383.6843
2026-02-13 07:00:00,1.1415,1.1768,1.1415,1.1488,46769.0,54059.2127
2026-02-13 08:00:00,1.1488,1.1749,1.1452,1.1709,25942.0,30174.8457
2026-02-13 09:00:00,1.1709,1.1974,1.1656,1.1919,109339.0,129682.4115
2026-02-13 10:00:00,1.1919,1.1981,1.1735,1.1857,95189.0,112718.8899
2026-02-13 11:00:00,1.1857,1.1984,1.1823,1.1845,81813.0,97201.3487
2026-02-13 12:00:00,1.1845,1.1966,1.1726,1.1776,117481.0,138904.5597
2026-02-13 13:00:00,1.1776,1.1837,1.1741,1.1758,34713.0,40920.8345
2026-02-13 14:00:00,1.1758,1.1863,1.1713,1.175,74920.0,88456.0912
2026-02-13 15:00:00,1.175,1.196,1.175,1.187,58462.0,69423.375
2026-02-13 16:00:00,1.187,1.2226,1.187,1.2093,149759.0,181030.7139
2026-02-13 17:00:00,1.2093,1.2115,1.1993,1.2019,33153.0,39987.0996
2026-02-13 18:00:00,1.2019,1.2124,1.2019,1.2096,26254.0,31699.3481
2026-02-13 19:00:00,1.2096,1.2208,1.2078,1.2206,13002.0,15805.2443
2026-02-13 20:00:00,1.2206,1.2268,1.2139,1.2155,59585.0,72796.6674
2026-02-13 21:00:00,1.2155,1.2155,1.2055,1.2124,54131.0,65484.4042
2026-02-13 22:00:00,1.2124,1.2124,1.2037,1.2043,11776.0,14215.3365
2026-02-13 23:00:00,1.2043,1.2074,1.188,1.1937,51928.0,62147.2
2026-02-14 00:00:00,1.1937,1.28,1.1747,1.2201,305104.0,374032.8576
2026-02-14 01:00:00,1.2201,1.221,1.1837,1.2012,58247.0,69794.578
2026-02-14 02:00:00,1.2012,1.2027,1.1818,1.1886,56088.0,66663.1789
2026-02-14 03:00:00,1.1886,1.1908,1.1659,1.1703,70878.0,83243.2915
2026-02-14 04:00:00,1.1703,1.1706,1.1546,1.1561,47913.0,55643.2846
2026-02-14 05:00:00,1.1561,1.1681,1.1484,1.1529,85750.0,99341.8487
2026-02-14 06:00:00,1.1529,1.1547,1.1426,1.1491,81457.0,93677.7372
2026-02-14 07:00:00,1.1491,1.1657,1.1491,1.1617,64983.0,75388.5344
2026-02-14 08:00:00,1.1617,1.1659,1.1578,1.1629,14112.0,16388.2503
2026-02-14 09:00:00,1.1629,1.1636,1.1519,1.1556,24053.0,27800.0913
2026-02-14 10:00:00,1.1556,1.1581,1.1508,1.155,33733.0,38930.3548
2026-02-14 11:00:00,1.155,1.1616,1.1516,1.1585,51197.0,59301.6584
2026-02-14 12:00:00,1.1585,1.1585,1.1464,1.1477,39600.0,45556.0691
2026-02-14 13:00:00,1.1477,1.1562,1.1459,1.1541,28799.0,33155.9386
2026-02-14 14:00:00,1.1541,1.161,1.1491,1.16,17914.0,20672.8057
2026-02-14 15:00:00,1.16,1.1619,1.1507,1.1544,12973.0,15000.8105
2026-02-14 16:00:00,1.1544,1.167,1.1531,1.1593,57465.0,66589.8267
2026-02-14 17:00:00,1.1593,1.1622,1.156,1.1585,7966.0,9230.6045
2026-02-14 18:00:00,1.1585,1.1585,1.1552,1.1561,8055.0,9317.7032
2026-02-14 19:00:00,1.1561,1.1638,1.1536,1.161,10500.0,12163.0955
2026-02-14 20:00:00,1.161,1.1624,1.1527,1.1547,17653.0,20426.8722
2026-02-14 21:00:00,1.1547,1.1614,1.1541,1.16,33458.0,38734.4547
2026-02-14 22:00:00,1.16,1.1787,1.1599,1.1722,125341.0,146596.8008
2026-02-14 23:00:00,1.1722,1.1797,1.1714,1.1714,21202.0,24930.4068
2026-02-15 00:00:00,1.1714,1.1885,1.1367,1.1456,210250.0,243465.1315
2026-02-15 01:00:00,1.1456,1.15,1.1393,1.1418,63782.0,72945.8809
2026-02-15 02:00:00,1.1418,1.1475,1.1397,1.1449,33285.0,38061.8309
2026-02-15 03:00:00,1.1449,1.1461,1.1267,1.1438,69592.0,79018.2911
2026-02-15 04:00:00,1.1438,1.1448,1.1333,1.1378,76854.0,87509.1672
2026-02-15 05:00:00,1.1378,1.1445,1.1367,1.1382,30065.0,34293.0946
2026-02-15 06:00:00,1.1382,1.1386,1.1314,1.1354,21180.0,24043.1954
2026-02-15 07:00:00,1.1354,1.1475,1.1348,1.14,31485.0,35996.3078
2026-02-15 08:00:00,1.14,1.14,1.121,1.1284,80042.0,90330.6605
2026-02-15 09:00:00,1.1284,1.1367,1.1272,1.1288,35307.0,39995.5423
2026-02-15 10:00:00,1.1288,1.1308,1.1166,1.1232,97321.0,109359.896
2026-02-15 11:00:00,1.1232,1.1256,1.1062,1.1084,115677.0,128842.4745
2026-02-15 12:00:00,1.1084,1.1084,1.0875,1.0881,117567.0,129364.8513
2026-02-15 13:00:00,1.0881,1.1274,1.0881,1.0925,227080.0,251720.3254
2026-02-15 14:00:00,1.0925,1.1015,1.0921,1.1,81440.0,89283.0604
2026-02-15 15:00:00,1.1,1.1035,1.0841,1.0992,138477.0,151391.5143
2026-02-15 16:00:00,1.0992,1.0992,1.0828,1.0879,62795.0,68359.0892
2026-02-15 17:00:00,1.0879,1.0906,1.0674,1.0814,217260.0,233980.3496
2026-02-15 18:00:00,1.0814,1.0814,1.0697,1.071,36388.0,39131.9234
2026-02-15 19:00:00,1.071,1.0726,1.0607,1.0654,50457.0,53764.7207
2026-02-15 20:00:00,1.0654,1.0662,1.0513,1.0555,36213.0,38292.4895
2026-02-15 21:00:00,1.0555,1.0666,1.0551,1.0652,30350.0,32177.298
2026-02-15 22:00:00,1.0652,1.0817,1.0604,1.0767,64124.0,68599.5139
2026-02-15 23:00:00,1.0767,1.0805,1.0665,1.0725,36070.0,38745.3902
2026-02-16 00:00:00,1.0725,1.0725,1.0326,1.0427,227310.0,238911.339
2026-02-16 01:00:00,1.0427,1.0634,1.0335,1.0346,160920.0,168923.9987
2026-02-16 02:00:00,1.0346,1.0456,1.0346,1.0419,53503.0,55685.2231
2026-02-16 03:00:00,1.0419,1.06,1.0397,1.0549,94798.0,99425.4137
2026-02-16 04:00:00,1.0549,1.1387,1.0549,1.1315,326720.0,362255.4211
2026-02-16 05:00:00,1.1315,1.1575,1.1093,1.1371,504721.0,572201.9951
2026-02-16 06:00:00,1.1371,1.1384,1.0781,1.0785,340639.0,375832.5613
2026-02-16 07:00:00,1.0785,1.0863,1.0652,1.0734,181714.0,195009.6582
2026-02-16 08:00:00,1.0734,1.0786,1.0533,1.0721,87312.0,92704.8209
2026-02-16 09:00:00,1.0721,1.0773,1.0672,1.0758,59515.0,63792.9121
2026-02-16 10:00:00,1.0758,1.0818,1.0695,1.0757,251192.0,270298.1179
2026-02-16 11:00:00,1.0757,1.0906,1.0708,1.086,122974.0,133023.3548
2026-02-16 12:00:00,1.086,1.0951,1.0809,1.0923,42681.0,46454.0596
2026-02-16 13:00:00,1.0923,1.0985,1.0768,1.0825,94630.0,103165.899
2026-02-16 14:00:00,1.0825,1.0924,1.0755,1.087,65280.0,70792.746
2026-02-16 15:00:00,1.087,1.0927,1.0676,1.077,37723.0,40642.795
2026-02-16 16:00:00,1.077,1.0926,1.077,1.0798,66431.0,71889.4036
2026-02-16 17:00:00,1.0798,1.0842,1.0711,1.0793,30313.0,32644.9459
2026-02-16 18:00:00,1.0793,1.0929,1.0738,1.0855,91165.0,99034.6266
2026-02-16 19:00:00,1.0855,1.0963,1.0796,1.0845,31811.0,34496.4577
2026-02-16 20:00:00,1.0845,1.093,1.0805,1.0911,29124.0,31628.0719
2026-02-16 21:00:00,1.0911,1.0965,1.0849,1.0959,16080.0,17519.9305
2026-02-16 22:00:00,1.0959,1.1166,1.0935,1.0951,60351.0,66531.5718
2026-02-16 23:00:00,1.0951,1.1009,1.0916,1.0917,64256.0,70409.6786
2026-02-17 00:00:00,1.0917,1.1311,1.0866,1.1219,689835.0,764220.4977
2026-02-17 01:00:00,1.1219,1.1297,1.1094,1.1178,160031.0,179378.2053
2026-02-17 02:00:00,1.1178,1.15,1.1178,1.1374,232005.0,264311.6965
2026-02-17 03:00:00,1.1374,1.1488,1.1317,1.1339,197606.0,225181.895
2026-02-17 04:00:00,1.1339,1.15,1.1266,1.1422,133285.0,152071.6894
2026-02-17 05:00:00,1.1422,1.1457,1.1159,1.1235,161382.0,182695.4592
2026-02-17 06:00:00,1.1235,1.1431,1.1219,1.1408,93397.0,105968.0961
2026-02-17 07:00:00,1.1408,1.1543,1.1342,1.1497,111954.0,128240.2617
2026-02-17 08:00:00,1.1497,1.1681,1.1398,1.152,182864.0,211178.6296
2026-02-17 09:00:00,1.152,1.1711,1.1475,1.1643,143841.0,166744.012
2026-02-17 10:00:00,1.1643,1.1724,1.1538,1.1619,124897.0,145353.7958
2026-02-17 11:00:00,1.1619,1.1632,1.1039,1.1261,179920.0,203549.1463
2026-02-17 12:00:00,1.1261,1.1304,1.1065,1.112,103867.0,116252.6395
2026-02-17 13:00:00,1.112,1.1205,1.1044,1.1146,51209.0,56846.2429
2026-02-17 14:00:00,1.1146,1.1547,1.109,1.132,221049.0,251261.9934
2026-02-17 15:00:00,1.132,1.1385,1.1146,1.1317,76292.0,85905.7103
2026-02-17 16:00:00,1.1317,1.1471,1.1273,1.1444,97171.0,110473.609
2026-02-17 17:00:00,1.1444,1.1637,1.1259,1.1605,115987.0,132973.5047
2026-02-17 18:00:00,1.1605,1.1611,1.1498,1.1574,89088.0,102769.0031
2026-02-17 19:00:00,1.1574,1.1787,1.1568,1.1643,84179.0,98371.9796
2026-02-17 20:00:00,1.1643,1.1649,1.1429,1.1462,87527.0,101051.5502
2026-02-17 21:00:00,1.1462,1.1694,1.1439,1.1672,30671.0,35502.5047
2026-02-17 22:00:00,1.1672,1.1743,1.1604,1.1693,41623.0,48650.9947
2026-02-17 23:00:00,1.1693,1.1782,1.146,1.1505,159766.0,185119.4275
2026-02-18 00:00:00,1.1505,1.1847,1.1236,1.138,356511.0,412235.9208
2026-02-18 01:00:00,1.138,1.1676,1.1348,1.1456,121844.0,140171.4153
2026-02-18 02:00:00,1.1456,1.1561,1.136,1.1394,57875.0,66313.3647
2026-02-18 03:00:00,1.1394,1.1643,1.1394,1.1623,44963.0,52066.7487
2026-02-18 04:00:00,1.1623,1.2931,1.1623,1.2874,876443.0,1073390.4467
2026-02-18 05:00:00,1.2874,1.3077,1.2166,1.2319,754949.0,952290.5365
2026-02-18 06:00:00,1.2319,1.2779,1.2254,1.2585,228030.0,284346.1536
2026-02-18 07:00:00,1.2585,1.3042,1.2583,1.2707,225212.0,287812.6029
2026-02-18 08:00:00,1.2707,1.277,1.247,1.2584,145131.0,182853.5072
2026-02-18 09:00:00,1.2584,1.2659,1.2375,1.2452,151285.0,188956.9737
2026-02-18 10:00:00,1.2452,1.2512,1.2269,1.2435,112364.0,139168.9328
2026-02-18 11:00:00,1.2435,1.2793,1.2269,1.2376,220476.0,277771.0789
2026-02-18 12:00:00,1.2376,1.2428,1.2249,1.2354,160665.0,198458.0792
2026-02-18 13:00:00,1.2354,1.2377,1.2023,1.2295,207426.0,252932.1433
2026-02-18 14:00:00,1.2295,1.2344,1.2056,1.2178,140146.0,171117.5824
2026-02-18 15:00:00,1.2178,1.2268,1.2111,1.2209,85288.0,104038.0483
2026-02-18 16:00:00,1.2209,1.2244,1.1943,1.2085,93753.0,113077.3063
2026-02-18 17:00:00,1.2085,1.2115,1.1838,1.1887,59472.0,71138.3833
2026-02-18 18:00:00,1.1887,1.1941,1.1767,1.1925,72884.0,86366.4138
2026-02-18 19:00:00,1.1925,1.1925,1.1805,1.1836,27820.0,32963.2898
2026-02-18 20:00:00,1.1836,1.189,1.1784,1.1789,36074.0,42695.9258
2026-02-18 21:00:00,1.1789,1.2066,1.1775,1.2039,143376.0,171264.0192
2026-02-18 22:00:00,1.2039,1.217,1.19,1.2144,117241.0,141074.1006
2026-02-18 23:00:00,1.2144,1.2185,1.1998,1.2106,79556.0,96134.2946
2026-02-19 00:00:00,1.2106,1.2204,1.1522,1.1811,439567.0,521714.7323
2026-02-19 01:00:00,1.1811,1.1825,1.1552,1.1595,67367.0,78660.0833
2026-02-19 02:00:00,1.1595,1.1642,1.1511,1.1595,78372.0,90609.332
2026-02-19 03:00:00,1.1595,1.1751,1.1594,1.1745,52302.0,61150.6609
2026-02-19 04:00:00,1.1745,1.1745,1.1527,1.1553,48836.0,56681.8184
2026-02-19 05:00:00,1.1553,1.177,1.1533,1.1757,49876.0,58130.7727
2026-02-19 06:00:00,1.1757,1.2027,1.1754,1.1967,107857.0,128344.9309
2026-02-19 07:00:00,1.1967,1.2533,1.1942,1.2519,147130.0,179905.3232
2026-02-19 08:00:00,1.2519,1.2614,1.2257,1.2525,198415.0,246983.4882
2026-02-19 09:00:00,1.2525,1.2837,1.2467,1.2697,299803.0,380618.0713
2026-02-19 10:00:00,1.2697,1.2993,1.2626,1.2898,237933.0,305329.0048
2026-02-19 11:00:00,1.2898,1.3778,1.2898,1.3606,801757.0,1071765.1067
2026-02-19 12:00:00,1.3606,1.3753,1.3118,1.3209,914042.0,1226537.4997
2026-02-19 13:00:00,1.3209,1.3523,1.3065,1.3253,449293.0,595962.3565
2026-02-19 14:00:00,1.3253,1.4357,1.3253,1.4206,889518.0,1232933.3793
2026-02-19 15:00:00,1.4206,1.5244,1.416,1.4979,1994871.0,2934737.4316
2026-02-19 16:00:00,1.4979,1.5742,1.4576,1.5438,1867502.0,2860024.2948
2026-02-19 17:00:00,1.5438,1.68,1.5285,1.6594,2183261.0,3522429.453
2026-02-19 18:00:00,1.6594,1.7161,1.595,1.6569,2185354.0,3608536.9647
2026-02-19 19:00:00,1.6569,1.6619,1.5714,1.6178,1325821.0,2133649.0343
2026-02-19 20:00:00,1.6178,1.6489,1.5815,1.6303,1017428.0,1644974.3183
2026-02-19 21:00:00,1.6303,1.664,1.6017,1.609,853390.0,1387968.335
2026-02-19 22:00:00,1.609,1.685,1.6,1.6328,861627.0,1415031.8813
2026-02-19 23:00:00,1.6328,1.668,1.6091,1.6633,917142.0,1503685.4284
2026-02-20 00:00:00,1.6633,1.7154,1.6118,1.6257,2429501.0,4018283.1341
2026-02-20 01:00:00,1.6257,1.7531,1.6239,1.6668,2397674.0,4037611.1585
2026-02-20 02:00:00,1.6668,1.723,1.6602,1.706,1316154.0,2226149.6991
2026-02-20 03:00:00,1.706,1.9998,1.698,1.9704,5021860.0,9376160.5787
2026-02-20 04:00:00,1.9704,2.0383,1.8921,1.9598,3537990.0,6910368.4866
2026-02-20 05:00:00,1.9598,1.9988,1.9016,1.9329,2082726.0,4061983.4598
2026-02-20 06:00:00,1.9329,1.9837,1.9232,1.9768,1353993.0,2655004.9178
2026-02-20 07:00:00,1.9768,2.0184,1.8415,1.9145,2476399.0,4781058.4742
2026-02-20 08:00:00,1.9145,1.9154,1.7614,1.7711,3001807.0,5564120.9307
2026-02-20 09:00:00,1.7711,1.8182,1.7349,1.7551,1733371.0,3071760.7318
2026-02-20 10:00:00,1.7551,1.8625,1.716,1.7759,2261732.0,4040508.0936
2026-02-20 11:00:00,1.7759,1.85,1.7164,1.7761,1858740.0,3281659.4104
2026-02-20 12:00:00,1.7761,1.847,1.7326,1.8369,1368575.0,2449982.8318
2026-02-20 13:00:00,1.8369,1.9159,1.7909,1.8248,2345563.0,4348371.8385
2026-02-20 14:00:00,1.8248,1.8968,1.804,1.8653,1252841.0,2328688.2535
2026-02-20 15:00:00,1.8653,1.9457,1.845,1.8995,1211879.0,2297804.9882
2026-02-20 16:00:00,1.8995,1.9578,1.8574,1.9198,1181767.0,2250059.3923
2026-02-20 17:00:00,1.9198,1.9279,1.8627,1.8987,555496.0,1054549.5572
2026-02-20 18:00:00,1.8987,1.9177,1.8509,1.8655,453890.0,854805.3462
2026-02-20 19:00:00,1.8655,1.9375,1.8611,1.8973,384263.0,732085.1056
2026-02-20 20:00:00,1.8973,1.9002,1.8623,1.8709,326352.0,613195.5182
2026-02-20 21:00:00,1.8709,1.876,1.8003,1.8438,616167.0,1129552.8906
2026-02-20 22:00:00,1.8438,1.918,1.809,1.9015,407471.0,756045.2633
2026-02-20 23:00:00,1.9015,1.9968,1.8884,1.9132,1007610.0,1953081.2553
2026-02-21 00:00:00,1.9132,1.9629,1.8132,1.8953,1680842.0,3165757.8171
2026-02-21 01:00:00,1.8953,1.9429,1.8748,1.924,738907.0,1409933.7561
2026-02-21 02:00:00,1.924,1.9469,1.9048,1.9203,487236.0,937281.4286
2026-02-21 03:00:00,1.9203,1.921,1.8195,1.857,650128.0,1213756.4804
2026-02-21 04:00:00,1.857,1.8571,1.7563,1.7704,859997.0,1545364.6216
2026-02-21 05:00:00,1.7704,1.8899,1.7704,1.8653,786478.0,1442803.1122
2026-02-21 06:00:00,1.8653,1.8672,1.8191,1.8623,489925.0,903916.4741
2026-02-21 07:00:00,1.8623,1.8623,1.8271,1.8335,225604.0,416237.7672
2026-02-21 08:00:00,1.8335,1.8659,1.8139,1.8449,285810.0,524986.8072
2026-02-21 09:00:00,1.8449,2.135,1.8425,2.0423,3052564.0,6173195.1579
2026-02-21 10:00:00,2.0423,2.0515,1.9209,1.9856,1284896.0,2540586.9478
2026-02-21 11:00:00,1.9856,2.0274,1.9451,2.0046,806868.0,1602883.6674
2026-02-21 12:00:00,2.0046,2.026,1.9331,1.9443,748043.0,1484049.9685
2026-02-21 13:00:00,1.9443,1.9618,1.8618,1.8783,730386.0,1400404.0028
2026-02-21 14:00:00,1.8783,1.9225,1.8733,1.9217,586285.0,1112741.8759
2026-02-21 15:00:00,1.9217,1.9647,1.8833,1.8973,761295.0,1468882.8499
2026-02-21 16:00:00,1.8973,1.8984,1.8444,1.8695,471123.0,882166.1716
2026-02-21 17:00:00,1.8695,1.919,1.8548,1.8954,657922.0,1245947.3587
2026-02-21 18:00:00,1.8954,1.9376,1.875,1.926,357807.0,681667.1955
2026-02-21 19:00:00,1.926,1.9472,1.9134,1.9197,251595.0,484631.5524
2026-02-21 20:00:00,1.9197,1.9316,1.8952,1.9223,249564.0,477165.0141
2026-02-21 21:00:00,1.9223,1.9616,1.9125,1.9156,191408.0,370180.8474
2026-02-21 22:00:00,1.9156,1.9871,1.9067,1.9218,368264.0,714224.7509
2026-02-21 23:00:00,1.9218,1.9354,1.9039,1.9163,202048.0,388369.3494
2026-02-22 00:00:00,1.9163,1.9457,1.8623,1.9285,772217.0,1466400.4294
2026-02-22 01:00:00,1.9285,1.9627,1.8805,1.8885,378092.0,722329.4083
2026-02-22 02:00:00,1.8885,1.9475,1.8763,1.9141,445778.0,856022.5429
2026-02-22 03:00:00,1.9141,1.9232,1.8806,1.8932,307590.0,584206.4372
2026-02-22 04:00:00,1.8932,1.9332,1.8576,1.925,537721.0,1020506.9387
2026-02-22 05:00:00,1.925,2.0912,1.9217,2.0368,1544098.0,3098287.7165
2026-02-22 06:00:00,2.0368,2.1786,1.9827,2.1429,2056587.0,4282433.3593
2026-02-22 07:00:00,2.1429,2.263,2.1044,2.2204,2960438.0,6450878.1529
2026-02-22 08:00:00,2.2204,2.2349,2.0848,2.1154,2225853.0,4771089.5348
2026-02-22 09:00:00,2.1154,2.1366,1.9921,2.0077,1373977.0,2826734.8045
2026-02-22 10:00:00,2.0077,2.0094,1.905,1.9583,1410925.0,2762324.025
2026-02-22 11:00:00,1.9583,1.9962,1.9458,1.965,562666.0,1108375.6178
2026-02-22 12:00:00,1.965,1.9925,1.9233,1.936,663974.0,1299406.2803
2026-02-22 13:00:00,1.936,1.9682,1.9225,1.944,494847.0,961822.0405
2026-02-22 14:00:00,1.944,1.9739,1.9128,1.9363,853508.0,1663143.5638
2026-02-22 15:00:00,1.9363,1.947,1.8717,1.9161,906493.0,1731100.4016
2026-02-22 16:00:00,1.9161,1.9654,1.9024,1.9238,603958.0,1169353.6664
2026-02-22 17:00:00,1.9238,1.9345,1.9027,1.9272,303613.0,583410.4126
2026-02-22 18:00:00,1.9272,1.9598,1.9197,1.9367,176554.0,343257.045
2026-02-22 19:00:00,1.9367,1.9661,1.9137,1.9172,229051.0,444041.2691
2026-02-22 20:00:00,1.9172,1.9512,1.9116,1.9358,200687.0,387917.6692
2026-02-22 21:00:00,1.9358,1.9466,1.9185,1.9303,100158.0,193463.3408
2026-02-22 22:00:00,1.9303,1.9633,1.9193,1.952,185161.0,359925.9758
2026-02-22 23:00:00,1.952,1.952,1.926,1.935,178282.0,345208.0081
2026-02-23 00:00:00,1.935,1.9915,1.9211,1.9544,905034.0,1771603.0101
2026-02-23 01:00:00,1.9544,2.0302,1.7887,1.9694,2363909.0,4527030.6726
2026-02-23 02:00:00,1.9694,2.0153,1.9313,2.007,639834.0,1260124.6781
2026-02-23 03:00:00,2.007,2.0868,1.994,2.0298,972075.0,1984675.5245
2026-02-23 04:00:00,2.0298,2.0949,2.0131,2.0312,876807.0,1798543.6973
2026-02-23 05:00:00,2.0312,2.065,1.9805,2.0175,778610.0,1569720.3354
2026-02-23 06:00:00,2.0175,2.045,1.9936,2.03,334697.0,674941.3885
2026-02-23 07:00:00,2.03,2.0371,1.9871,2.0026,277323.0,557044.2301
2026-02-23 08:00:00,2.0026,2.0137,1.9664,1.991,402923.0,800522.4347
2026-02-23 09:00:00,1.991,1.991,1.9091,1.9489,571763.0,1114253.2306
2026-02-23 10:00:00,1.9489,2.0224,1.9312,1.9985,424587.0,835742.2539
2026-02-23 11:00:00,1.9985,2.0185,1.9728,1.9945,389477.0,777500.1178
2026-02-23 12:00:00,1.9945,1.9965,1.9546,1.9752,315268.0,624059.3889
2026-02-23 13:00:00,1.9752,1.9772,1.9413,1.9611,248384.0,486315.1484
2026-02-23 14:00:00,1.9611,1.9713,1.92,1.9486,293378.0,569909.6827
2026-02-23 15:00:00,1.9486,1.9954,1.9455,1.9548,288999.0,567863.7156
2026-02-23 16:00:00,1.9548,1.972,1.9192,1.9632,215396.0,418605.5686
2026-02-23 17:00:00,1.9632,1.9784,1.9161,1.9503,255993.0,498460.6689
2026-02-23 18:00:00,1.9503,1.9709,1.9338,1.9674,99776.0,194753.7002
2026-02-23 19:00:00,1.9674,1.9829,1.9477,1.9489,165779.0,326109.0613
2026-02-23 20:00:00,1.9489,1.9845,1.9336,1.9768,168149.0,328156.6055
2026-02-23 21:00:00,1.9768,1.9935,1.941,1.9523,187785.0,369063.5307
2026-02-23 22:00:00,1.9523,1.9737,1.937,1.9619,122198.0,238518.1036
2026-02-23 23:00:00,1.9619,1.9866,1.9474,1.9788,236266.0,465108.2949
2026-02-24 00:00:00,1.9788,2.0051,1.9474,1.9715,631337.0,1243853.9014
2026-02-24 01:00:00,1.9715,2.001,1.913,1.9785,518276.0,1015074.3848
2026-02-24 02:00:00,1.9785,2.0477,1.9764,2.0235,579212.0,1169704.651
2026-02-24 03:00:00,2.0235,2.0368,1.9381,1.9754,503133.0,1000530.7485
2026-02-24 04:00:00,1.9754,2.0305,1.963,2.0147,397511.0,793178.2199
2026-02-24 05:00:00,2.0147,2.0809,1.9862,2.0734,762036.0,1548922.5032
2026-02-24 06:00:00,2.0734,2.0839,1.9843,2.0119,517548.0,1053023.5305
2026-02-24 07:00:00,2.0119,2.0464,2.0023,2.043,272413.0,550722.0283
2026-02-24 08:00:00,2.043,2.1445,2.0111,2.0229,945572.0,1947607.5811
2026-02-24 09:00:00,2.0229,2.15,2.0219,2.1137,751148.0,1578482.0068
2026-02-24 10:00:00,2.1137,2.1831,2.0537,2.152,723620.0,1542190.1707
2026-02-24 11:00:00,2.152,2.1712,2.103,2.1461,545879.0,1170996.8505
2026-02-24 12:00:00,2.1461,2.235,2.1049,2.2141,818414.0,1776844.4534
2026-02-24 13:00:00,2.2141,2.3622,2.2138,2.2711,1968428.0,4504262.8082
2026-02-24 14:00:00,2.2711,2.6474,2.2271,2.625,2750086.0,6708186.8397
2026-02-24 15:00:00,2.625,2.7455,2.5285,2.6391,2572297.0,6775649.1632
2026-02-24 16:00:00,2.6391,2.7902,2.6013,2.671,1605087.0,4309218.4386
2026-02-24 17:00:00,2.671,2.8612,2.663,2.7831,1684382.0,4667514.7056
2026-02-24 18:00:00,2.7831,2.8134,2.7,2.7341,1082288.0,2981199.6867
2026-02-24 19:00:00,2.7341,2.8838,2.7313,2.7796,1198850.0,3356138.3759
2026-02-24 20:00:00,2.7796,2.7988,2.7173,2.7338,747875.0,2063684.0334
2026-02-24 21:00:00,2.7338,2.7658,2.6326,2.6879,818868.0,2212631.787
2026-02-24 22:00:00,2.6879,2.7249,2.6497,2.6799,541536.0,1456324.7712
2026-02-24 23:00:00,2.6799,2.7073,2.6302,2.6643,557519.0,1486874.7897
2026-02-25 00:00:00,2.6643,2.78,2.611,2.7484,1539102.0,4170597.4768
2026-02-25 01:00:00,2.7484,2.8631,2.6794,2.6944,1251076.0,3479657.8798
2026-02-25 02:00:00,2.6944,2.79,2.6471,2.7491,630573.0,1709256.7264
2026-02-25 03:00:00,2.7491,2.864,2.7465,2.7866,1062007.0,2974861.163
2026-02-25 04:00:00,2.7866,2.9616,2.7688,2.943,1447243.0,4164519.5995
2026-02-25 05:00:00,2.943,3.125,2.8361,2.8784,2154802.0,6416370.0358
2026-02-25 06:00:00,2.8784,3.0655,2.8682,3.0136,1234055.0,3667826.2828
2026-02-25 07:00:00,3.0136,3.018,2.9077,2.9228,995787.0,2949303.4593
2026-02-25 08:00:00,2.9228,2.9509,2.6852,2.6971,1440662.0,4083874.6538
2026-02-25 09:00:00,2.6971,2.7822,2.6443,2.7187,1162541.0,3167094.148
2026-02-25 10:00:00,2.7187,2.757,2.6757,2.6909,695168.0,1884735.5456
2026-02-25 11:00:00,2.6909,2.7531,2.6468,2.7041,828880.0,2234309.5258
2026-02-25 12:00:00,2.7041,2.7041,1.8746,1.9777,8693230.0,18614679.3654
2026-02-25 13:00:00,1.9777,2.0182,1.7743,1.892,3924749.0,7395104.6022
2026-02-25 14:00:00,1.892,1.9259,1.8216,1.857,2173725.0,4058382.127
2026-02-25 15:00:00,1.857,2.025,1.844,1.9936,2339755.0,4544843.2166
2026-02-25 16:00:00,1.9936,1.9941,1.8601,1.8932,2207169.0,4257921.6631
2026-02-25 17:00:00,1.8932,1.9295,1.872,1.9082,1037031.0,1974861.5121
2026-02-25 18:00:00,1.9082,1.9559,1.8807,1.9049,692624.0,1333599.4866
2026-02-25 19:00:00,1.9049,1.9548,1.8968,1.9262,607324.0,1167346.1694
2026-02-25 20:00:00,1.9262,1.9262,1.8333,1.8607,1532611.0,2893378.2271
2026-02-25 21:00:00,1.8607,1.8883,1.8456,1.8705,650641.0,1213142.087
2026-02-25 22:00:00,1.8705,1.8786,1.8097,1.8771,1021649.0,1889587.463
2026-02-25 23:00:00,1.8771,1.8903,1.8383,1.8727,941290.0,1750676.9662
2026-02-26 00:00:00,1.8727,1.882,1.5496,1.6297,4962096.0,8496495.3725
2026-02-26 01:00:00,1.6297,1.7394,1.6147,1.7003,1392802.0,2343452.3446
2026-02-26 02:00:00,1.7003,1.8183,1.689,1.7292,1787413.0,3157062.5168
2026-02-26 03:00:00,1.7292,1.7686,1.7035,1.741,1089466.0,1894537.5255
2026-02-26 04:00:00,1.741,1.7449,1.658,1.6719,1841607.0,3125362.1989
2026-02-26 05:00:00,1.6719,1.672,1.5252,1.5413,3127960.0,4965247.3322
2026-02-26 06:00:00,1.5413,1.6055,1.5144,1.5704,1532043.0,2384620.9852
2026-02-26 07:00:00,1.5704,1.604,1.5234,1.5376,928848.0,1448314.4196
2026-02-26 08:00:00,1.5376,1.5894,1.5322,1.5825,822590.0,1285580.2698
2026-02-26 09:00:00,1.5825,1.5857,1.5437,1.5624,531114.0,829992.892
2026-02-26 10:00:00,1.5624,1.5972,1.5425,1.5861,464347.0,730852.5794
2026-02-26 11:00:00,1.5861,1.6235,1.5334,1.6143,724246.0,1141303.9121
2026-02-26 12:00:00,1.6143,1.6415,1.5757,1.6139,1307146.0,2099158.082
2026-02-26 13:00:00,1.6139,1.6139,1.5636,1.5845,746977.0,1184056.6562
2026-02-26 14:00:00,1.5845,1.5899,1.5463,1.5768,632045.0,992737.7981
2026-02-26 15:00:00,1.5768,1.5768,1.5014,1.5348,989953.0,1526513.3028
2026-02-26 16:00:00,1.5348,1.5558,1.513,1.535,706528.0,1082633.8708
2026-02-26 17:00:00,1.535,1.5806,1.5257,1.5538,479262.0,745475.6699
2026-02-26 18:00:00,1.5538,1.5606,1.5238,1.5454,399433.0,615511.9757
2026-02-26 19:00:00,1.5454,1.5635,1.5417,1.556,215287.0,334450.9899
2026-02-26 20:00:00,1.556,1.57,1.5333,1.565,230215.0,358111.8611
2026-02-26 21:00:00,1.565,1.5757,1.5515,1.5679,205944.0,321816.6447
2026-02-26 22:00:00,1.5679,1.5925,1.5533,1.5829,305514.0,480683.2085
2026-02-26 23:00:00,1.5829,1.5866,1.5481,1.5545,401956.0,629094.4382
2026-02-27 00:00:00,1.5545,1.6338,1.4678,1.6034,1804426.0,2792846.8454
2026-02-27 01:00:00,1.6034,1.6034,1.5617,1.5963,834973.0,1318896.2907
2026-02-27 02:00:00,1.5963,1.5963,1.4974,1.5244,806186.0,1239441.9784
2026-02-27 03:00:00,1.5244,1.5627,1.5116,1.5461,451196.0,694219.936
2026-02-27 04:00:00,1.5461,1.5758,1.5331,1.5615,349679.0,542286.853
2026-02-27 05:00:00,1.5615,1.5615,1.5399,1.5552,276683.0,429418.5152
2026-02-27 06:00:00,1.5552,1.5552,1.5209,1.5378,230859.0,354201.8781
2026-02-27 07:00:00,1.5378,1.5378,1.51,1.5193,361637.0,550751.3815
2026-02-27 08:00:00,1.5193,1.5215,1.4764,1.502,684665.0,1027655.7663
2026-02-27 09:00:00,1.502,1.5081,1.4845,1.5047,193764.0,290049.1606
2026-02-27 10:00:00,1.5047,1.5099,1.4618,1.4725,814584.0,1212978.309
2026-02-27 11:00:00,1.4725,1.4728,1.4287,1.4475,566361.0,821256.0384
2026-02-27 12:00:00,1.4475,1.4551,1.4175,1.4452,318357.0,459350.3839
2026-02-27 13:00:00,1.4452,1.461,1.4335,1.4498,449671.0,651706.2187
2026-02-27 14:00:00,1.4498,1.45,1.4122,1.424,331813.0,474281.9625
2026-02-27 15:00:00,1.424,1.4382,1.4142,1.4247,295745.0,422127.3111
2026-02-27 16:00:00,1.4247,1.4453,1.4025,1.4282,702134.0,1002303.9656
2026-02-27 17:00:00,1.4282,1.4671,1.4078,1.4194,387486.0,555056.7732
2026-02-27 18:00:00,1.4194,1.4612,1.4108,1.4459,200186.0,288403.4214
2026-02-27 19:00:00,1.4459,1.4463,1.4226,1.4332,373320.0,534981.6136
2026-02-27 20:00:00,1.4332,1.438,1.4147,1.4275,121824.0,173931.6104
2026-02-27 21:00:00,1.4275,1.4275,1.4114,1.4142,106834.0,151469.3397
2026-02-27 22:00:00,1.4142,1.425,1.377,1.4194,334262.0,469955.6374
2026-02-27 23:00:00,1.4194,1.4788,1.4179,1.4466,612372.0,891100.8474
2026-02-28 00:00:00,1.4466,1.4808,1.4051,1.4595,782640.0,1123485.8788
2026-02-28 01:00:00,1.4595,1.4749,1.4267,1.4455,386145.0,561068.9519
2026-02-28 02:00:00,1.4455,1.4467,1.4239,1.435,196182.0,281674.5725
2026-02-28 03:00:00,1.435,1.435,1.419,1.4259,142635.0,203459.1354
2026-02-28 04:00:00,1.4259,1.4338,1.412,1.4179,111439.0,158607.8052
2026-02-28 05:00:00,1.4179,1.4228,1.3894,1.3994,265228.0,372629.0925
2026-02-28 06:00:00,1.3994,1.4045,1.3459,1.3575,728419.0,996231.5529
2026-02-28 07:00:00,1.3575,1.3696,1.3498,1.3609,389422.0,529411.3415
2026-02-28 08:00:00,1.3609,1.3676,1.3385,1.3484,249012.0,336527.7597
2026-02-28 09:00:00,1.3484,1.3605,1.3204,1.3299,374028.0,500805.0409
2026-02-28 10:00:00,1.3299,1.3395,1.3133,1.3294,235827.0,312888.5742
2026-02-28 11:00:00,1.3294,1.3414,1.3202,1.3245,201331.0,267572.9283
2026-02-28 12:00:00,1.3245,1.3312,1.307,1.3145,197361.0,260200.9284
2026-02-28 13:00:00,1.3145,1.3267,1.2936,1.3218,529996.0,695675.5515
2026-02-28 14:00:00,1.3218,1.3469,1.3182,1.3305,387421.0,516527.3604
2026-02-28 15:00:00,1.3305,1.3436,1.3227,1.3314,287246.0,382593.842
2026-02-28 16:00:00,1.3314,1.3947,1.3225,1.3918,322498.0,437724.0771
2026-02-28 17:00:00,1.3918,1.3918,1.3503,1.3715,277123.0,378022.6353
2026-02-28 18:00:00,1.3715,1.3811,1.3585,1.3749,150049.0,205385.6411
2026-02-28 19:00:00,1.3749,1.385,1.3644,1.3729,136167.0,187115.9189
2026-02-28 20:00:00,1.3729,1.3972,1.3656,1.3946,142042.0,196857.6825
2026-02-28 21:00:00,1.3946,1.4122,1.3828,1.4088,132785.0,185760.6474
2026-02-28 22:00:00,1.4088,1.4323,1.4004,1.424,235961.0,333930.0874
2026-02-28 23:00:00,1.424,1.4284,1.3982,1.41,166198.0,234303.3885
2026-03-01 00:00:00,1.41,1.4148,1.3553,1.3639,305198.0,418990.5888
2026-03-01 01:00:00,1.3639,1.4055,1.3635,1.3929,216555.0,298908.4289
2026-03-01 02:00:00,1.3929,1.4099,1.3786,1.3815,204459.0,284812.1087
2026-03-01 03:00:00,1.3815,1.383,1.3636,1.3666,77351.0,106038.9962
2026-03-01 04:00:00,1.3666,1.3724,1.355,1.3703,131267.0,178991.3625
2026-03-01 05:00:00,1.3703,1.3713,1.3597,1.3673,58186.0,79372.7248
2026-03-01 06:00:00,1.3673,1.3673,1.3465,1.3489,124355.0,168509.5932
2026-03-01 07:00:00,1.3489,1.3545,1.3422,1.3515,128907.0,173831.004
2026-03-01 08:00:00,1.3515,1.3849,1.346,1.3542,347868.0,475183.8304
2026-03-01 09:00:00,1.3542,1.3571,1.3352,1.3383,154281.0,207423.6492
2026-03-01 10:00:00,1.3383,1.3413,1.3231,1.3337,220768.0,293676.9866
2026-03-01 11:00:00,1.3337,1.3392,1.3257,1.3373,74610.0,99416.394
2026-03-01 12:00:00,1.3373,1.3427,1.3193,1.3221,95706.0,127506.685
2026-03-01 13:00:00,1.3221,1.3502,1.3154,1.341,203448.0,270637.5115
2026-03-01 14:00:00,1.341,1.3489,1.3257,1.3283,125056.0,167063.2918
2026-03-01 15:00:00,1.3283,1.3383,1.3231,1.3293,106480.0,141631.9959
2026-03-01 16:00:00,1.3293,1.3446,1.3154,1.3249,112762.0,150245.6042
2026-03-01 17:00:00,1.3249,1.3265,1.2736,1.3074,402945.0,522855.733
2026-03-01 18:00:00,1.3074,1.3279,1.3066,1.3229,125387.0,165281.6798
2026-03-01 19:00:00,1.3229,1.3279,1.308,1.3094,117015.0,154252.7053
2026-03-01 20:00:00,1.3094,1.3114,1.2955,1.3047,184286.0,240305.0416
2026-03-01 21:00:00,1.3047,1.3145,1.2997,1.3111,76572.0,100186.1485
2026-03-01 22:00:00,1.3111,1.3281,1.2954,1.3116,183652.0,241205.7024
2026-03-01 23:00:00,1.3116,1.3254,1.3085,1.3236,127909.0,168750.2078
2026-03-02 00:00:00,1.3236,1.3347,1.3132,1.3328,229423.0,303598.7248
2026-03-02 01:00:00,1.3328,1.3362,1.3193,1.3203,116427.0,154619.183
2026-03-02 02:00:00,1.3203,1.3229,1.3029,1.3078,129067.0,169016.8864
2026-03-02 03:00:00,1.3078,1.3091,1.2921,1.3055,135295.0,176283.6343
2026-03-02 04:00:00,1.3055,1.3057,1.2962,1.3018,151966.0,197623.0291
2026-03-02 05:00:00,1.3018,1.3085,1.2943,1.3012,120976.0,157451.6668
2026-03-02 06:00:00,1.3012,1.3033,1.2889,1.3008,112446.0,145677.1241
2026-03-02 07:00:00,1.3008,1.3015,1.2521,1.2666,347625.0,441994.2198
2026-03-02 08:00:00,1.2666,1.2722,1.2548,1.271,212267.0,268033.2614
2026-03-02 09:00:00,1.271,1.2882,1.2695,1.2828,186464.0,238666.7178
2026-03-02 10:00:00,1.2828,1.2903,1.2686,1.2737,128836.0,164792.7605
2026-03-02 11:00:00,1.2737,1.2819,1.2699,1.2819,121191.0,154493.2896
2026-03-02 12:00:00,1.2819,1.4515,1.2794,1.3973,1931669.0,2705365.9169
2026-03-02 13:00:00,1.3973,1.4503,1.3774,1.409,1122244.0,1585703.7147
2026-03-02 14:00:00,1.409,1.4686,1.356,1.3711,1322388.0,1870749.9765
2026-03-02 15:00:00,1.3711,1.4196,1.3609,1.4006,847018.0,1179350.0964
2026-03-02 16:00:00,1.4006,1.4476,1.3919,1.4035,774967.0,1096501.7641
2026-03-02 17:00:00,1.4035,1.4087,1.3771,1.3981,311875.0,434726.3933
2026-03-02 18:00:00,1.3981,1.4102,1.3918,1.4061,219402.0,307492.1478
2026-03-02 19:00:00,1.4061,1.4199,1.3915,1.3984,145336.0,204536.096
2026-03-02 20:00:00,1.3984,1.4027,1.3746,1.3863,272799.0,378611.5253
2026-03-02 21:00:00,1.3863,1.4039,1.3801,1.4002,118263.0,164463.2402
2026-03-02 22:00:00,1.4002,1.4328,1.3986,1.4162,185402.0,262596.3711
2026-03-02 23:00:00,1.4162,1.432,1.4,1.4094,220693.0,311951.7313
2026-03-03 00:00:00,1.4094,1.4359,1.3629,1.3969,684270.0,956683.7061
2026-03-03 01:00:00,1.3969,1.4241,1.3929,1.4009,223543.0,315005.2412
2026-03-03 02:00:00,1.4009,1.4009,1.3822,1.3849,163485.0,227380.3649
2026-03-03 03:00:00,1.3849,1.391,1.3693,1.3778,195122.0,269107.8049
2026-03-03 04:00:00,1.3778,1.3778,1.3383,1.3425,369849.0,500210.8321
2026-03-03 05:00:00,1.3425,1.3478,1.3283,1.3377,213989.0,286290.0392
2026-03-03 06:00:00,1.3377,1.3532,1.3293,1.3403,158144.0,211816.0452
2026-03-03 07:00:00,1.3403,1.3546,1.3392,1.3464,162882.0,219607.9964
2026-03-03 08:00:00,1.3464,1.3595,1.3351,1.3393,232724.0,313235.506
2026-03-03 09:00:00,1.3393,1.3513,1.3263,1.3283,159075.0,212738.6107
2026-03-03 10:00:00,1.3283,1.3546,1.3233,1.3441,186716.0,250160.0506
2026-03-03 11:00:00,1.3441,1.3718,1.3378,1.3643,113572.0,153731.4595
2026-03-03 12:00:00,1.3643,1.3805,1.3503,1.3545,196552.0,268258.7089
2026-03-03 13:00:00,1.3545,1.3557,1.3326,1.3408,161864.0,216950.6903
2026-03-03 14:00:00,1.3408,1.344,1.3112,1.3225,289476.0,384557.8513
2026-03-03 15:00:00,1.3225,1.348,1.3131,1.3353,403944.0,539689.294
2026-03-03 16:00:00,1.3353,1.3565,1.3331,1.3496,216698.0,291888.2209
2026-03-03 17:00:00,1.3496,1.3499,1.3049,1.3333,394847.0,524175.861
2026-03-03 18:00:00,1.3333,1.3422,1.3241,1.3353,109656.0,146372.2422
2026-03-03 19:00:00,1.3353,1.3457,1.3341,1.342,62643.0,84002.5995
2026-03-03 20:00:00,1.342,1.344,1.3331,1.3392,106304.0,142321.1311
2026-03-03 21:00:00,1.3392,1.3447,1.3325,1.3447,69580.0,92990.2455
2026-03-03 22:00:00,1.3447,1.3505,1.3347,1.3363,75749.0,101792.2876
2026-03-03 23:00:00,1.3363,1.3409,1.3301,1.3362,116956.0,156162.6779
2026-03-04 00:00:00,1.3362,1.3362,1.2906,1.2984,295184.0,384560.5276
2026-03-04 01:00:00,1.2984,1.3083,1.2966,1.3033,88418.0,115282.9372
2026-03-04 02:00:00,1.3033,1.309,1.298,1.3054,152217.0,198502.3131
2026-03-04 03:00:00,1.3054,1.3054,1.2744,1.2839,250608.0,322215.516
2026-03-04 04:00:00,1.2839,1.2886,1.2772,1.2879,100994.0,129672.925
2026-03-04 05:00:00,1.2879,1.2959,1.2744,1.2927,135419.0,173877.1931
2026-03-04 06:00:00,1.2927,1.2935,1.2777,1.2792,138793.0,178398.2677
2026-03-04 07:00:00,1.2792,1.2888,1.2762,1.2855,97288.0,124836.5109
2026-03-04 08:00:00,1.2855,1.3025,1.2794,1.2999,219338.0,283032.9571
2026-03-04 09:00:00,1.2999,1.3186,1.294,1.3103,317453.0,416280.1631
2026-03-04 10:00:00,1.3103,1.3103,1.292,1.2963,121007.0,157459.4774
2026-03-04 11:00:00,1.2963,1.3445,1.287,1.3215,640495.0,844120.3344
2026-03-04 12:00:00,1.3215,1.3416,1.3046,1.3157,289643.0,382481.2963
2026-03-04 13:00:00,1.3157,1.3194,1.301,1.3106,124990.0,163743.7306
2026-03-04 14:00:00,1.3106,1.3222,1.307,1.314,132635.0,174166.9006
2026-03-04 15:00:00,1.314,1.3236,1.3077,1.3197,202173.0,266392.5112
2026-03-04 16:00:00,1.3197,1.3243,1.3097,1.3185,152109.0,200191.0201
2026-03-04 17:00:00,1.3185,1.3199,1.3022,1.3085,125056.0,164119.3326
2026-03-04 18:00:00,1.3085,1.3303,1.3056,1.3272,34538.0,45559.8971
2026-03-04 19:00:00,1.3272,1.3307,1.3211,1.3298,64220.0,85152.3907
2026-03-04 20:00:00,1.3298,1.3299,1.3178,1.3232,52992.0,70147.6016
2026-03-04 21:00:00,1.3232,1.3246,1.2983,1.3149,237441.0,311204.3181
2026-03-04 22:00:00,1.3149,1.3149,1.3003,1.3019,55103.0,72044.4052
2026-03-04 23:00:00,1.3019,1.313,1.2953,1.3055,100822.0,131493.5693
2026-03-05 00:00:00,1.3055,1.3057,1.2759,1.2808,139516.0,179519.2831
2026-03-05 01:00:00,1.2808,1.2837,1.2548,1.2598,227402.0,287915.7671
2026-03-05 02:00:00,1.2598,1.2734,1.2584,1.2734,86323.0,109378.255
2026-03-05 03:00:00,1.2734,1.2802,1.2651,1.2677,52951.0,67305.8888
2026-03-05 04:00:00,1.2677,1.2808,1.2612,1.2754,121318.0,154119.3948
2026-03-05 05:00:00,1.2754,1.3321,1.275,1.3271,604076.0,788795.3259
2026-03-05 06:00:00,1.3271,1.3428,1.3149,1.326,241791.0,321300.0905
2026-03-05 07:00:00,1.326,1.34,1.3086,1.3186,120350.0,159419.7929
2026-03-05 08:00:00,1.3186,1.365,1.309,1.3609,256651.0,342363.3324
2026-03-05 09:00:00,1.3609,1.4148,1.3604,1.4074,557292.0,775055.1353
2026-03-05 10:00:00,1.4074,1.4086,1.3311,1.3439,400897.0,549571.1239
2026-03-05 11:00:00,1.3439,1.3691,1.3349,1.354,194085.0,262192.343
2026-03-05 12:00:00,1.354,1.3759,1.3433,1.3568,139487.0,189708.0959
2026-03-05 13:00:00,1.3568,1.3788,1.3477,1.3697,119175.0,162634.3209
2026-03-05 14:00:00,1.3697,1.3727,1.34,1.3541,149251.0,201856.4953
2026-03-05 15:00:00,1.3541,1.3565,1.333,1.3484,123064.0,165397.1821
2026-03-05 16:00:00,1.3484,1.3518,1.3253,1.3316,94524.0,126379.3032
2026-03-05 17:00:00,1.3316,1.3413,1.3235,1.3413,58265.0,77541.2364
2026-03-05 18:00:00,1.3413,1.3657,1.3403,1.3631,80255.0,108843.2027
2026-03-05 19:00:00,1.3631,1.3736,1.3564,1.364,63646.0,87054.6395
2026-03-05 20:00:00,1.364,1.3717,1.3588,1.3714,37631.0,51386.511
2026-03-05 21:00:00,1.3714,1.3753,1.3606,1.3635,55618.0,76144.7227
2026-03-05 22:00:00,1.3635,1.3672,1.3517,1.3598,79437.0,108008.0511
2026-03-05 23:00:00,1.3598,1.3609,1.3411,1.3565,88103.0,118917.082
2026-03-06 00:00:00,1.3565,1.36,1.3268,1.335,152027.0,203950.6374
2026-03-06 01:00:00,1.335,1.335,1.3154,1.3206,114448.0,151337.3096
2026-03-06 02:00:00,1.3206,1.3312,1.3161,1.3226,50141.0,66443.6325
2026-03-06 03:00:00,1.3226,1.3305,1.3121,1.3158,27925.0,36852.707
2026-03-06 04:00:00,1.3158,1.3355,1.3117,1.3237,69419.0,91682.805
2026-03-06 05:00:00,1.3237,1.3259,1.3038,1.3076,193728.0,254319.8748
2026-03-06 06:00:00,1.3076,1.314,1.3051,1.3107,70475.0,92293.8821
2026-03-06 07:00:00,1.3107,1.3192,1.3075,1.315,26576.0,34904.9228
2026-03-06 08:00:00,1.315,1.3211,1.3087,1.3124,49102.0,64512.0286
2026-03-06 09:00:00,1.3124,1.3124,1.2828,1.3009,162005.0,209854.2557
2026-03-06 10:00:00,1.3009,1.3103,1.2866,1.2867,47408.0,61661.4304
2026-03-06 11:00:00,1.2867,1.2889,1.2808,1.2871,50076.0,64391.1007
2026-03-06 12:00:00,1.2871,1.2977,1.2772,1.2969,239890.0,309021.7
2026-03-06 13:00:00,1.2969,1.3026,1.2821,1.2823,175374.0,226534.665
2026-03-06 14:00:00,1.2823,1.3099,1.2813,1.2894,269311.0,349341.5126
2026-03-06 15:00:00,1.2894,1.2975,1.2802,1.2857,93355.0,120434.6981
2026-03-06 16:00:00,1.2857,1.3065,1.2851,1.2945,178523.0,231402.5229
2026-03-06 17:00:00,1.2945,1.3032,1.2853,1.2877,75585.0,97791.2355
2026-03-06 18:00:00,1.2877,1.3033,1.2871,1.2992,25556.0,33167.3966
2026-03-06 19:00:00,1.2992,1.3058,1.2948,1.2955,57249.0,74475.3176
2026-03-06 20:00:00,1.2955,1.298,1.2892,1.2939,22284.0,28796.8084
2026-03-06 21:00:00,1.2939,1.296,1.2911,1.2957,16094.0,20811.7209
2026-03-06 22:00:00,1.2957,1.2973,1.2858,1.2898,32814.0,42392.1904
2026-03-06 23:00:00,1.2898,1.2921,1.2838,1.2843,22713.0,29262.1784
2026-03-07 00:00:00,1.2843,1.2877,1.2641,1.2764,192885.0,245602.8234
2026-03-07 01:00:00,1.2764,1.2852,1.267,1.2687,33588.0,42840.7432
2026-03-07 02:00:00,1.2687,1.2728,1.2525,1.2658,81590.0,102924.0185
2026-03-07 03:00:00,1.2658,1.2695,1.2585,1.2641,66937.0,84659.5441
2026-03-07 04:00:00,1.2641,1.2748,1.2574,1.2695,56803.0,72025.6589
2026-03-07 05:00:00,1.2695,1.2733,1.2648,1.2675,19126.0,24283.6343
2026-03-07 06:00:00,1.2675,1.2705,1.2589,1.2645,64011.0,80960.3181
2026-03-07 07:00:00,1.2645,1.2653,1.2563,1.2634,60964.0,76854.507
2026-03-07 08:00:00,1.2634,1.2634,1.2407,1.2452,120479.0,150842.6798
2026-03-07 09:00:00,1.2452,1.2559,1.2424,1.2458,49618.0,61844.1028
2026-03-07 10:00:00,1.2458,1.2503,1.2337,1.237,102204.0,126805.251
2026-03-07 11:00:00,1.237,1.2451,1.2314,1.2359,77107.0,95441.4889
2026-03-07 12:00:00,1.2359,1.2361,1.2132,1.2164,188119.0,230092.201
2026-03-07 13:00:00,1.2164,1.2224,1.2067,1.2201,118012.0,143456.7061
2026-03-07 14:00:00,1.2201,1.2255,1.211,1.2238,92844.0,113184.4352
2026-03-07 15:00:00,1.2238,1.2302,1.2177,1.2262,36159.0,44260.3715
2026-03-07 16:00:00,1.2262,1.2278,1.2163,1.2199,46141.0,56366.7634
2026-03-07 17:00:00,1.2199,1.2301,1.2191,1.2291,42373.0,51956.5263
2026-03-07 18:00:00,1.2291,1.236,1.2247,1.2341,42113.0,51824.6791
2026-03-07 19:00:00,1.2341,1.2427,1.2298,1.2325,29709.0,36733.2791
2026-03-07 20:00:00,1.2325,1.2377,1.2273,1.2292,37702.0,46516.9943
2026-03-07 21:00:00,1.2292,1.2344,1.227,1.2343,18538.0,22793.2034
2026-03-07 22:00:00,1.2343,1.2378,1.2181,1.219,23806.0,29195.4568
2026-03-07 23:00:00,1.219,1.2317,1.219,1.226,48608.0,59593.2747
2026-03-08 00:00:00,1.226,1.226,1.2037,1.2048,51358.0,62227.1052
2026-03-08 01:00:00,1.2048,1.2055,1.1739,1.1857,235512.0,280379.1396
2026-03-08 02:00:00,1.1857,1.1917,1.1705,1.1774,310610.0,365989.6079
2026-03-08 03:00:00,1.1774,1.184,1.1744,1.1838,59468.0,70116.9983
2026-03-08 04:00:00,1.1838,1.1911,1.176,1.1769,73790.0,87256.4893
2026-03-08 05:00:00,1.1769,1.2016,1.1764,1.199,200907.0,238844.6822
2026-03-08 06:00:00,1.199,1.208,1.1955,1.208,88857.0,106701.0272
2026-03-08 07:00:00,1.208,1.2209,1.1949,1.206,274837.0,331396.5767
2026-03-08 08:00:00,1.206,1.2202,1.2042,1.2111,72910.0,88472.723
2026-03-08 09:00:00,1.2111,1.2228,1.2103,1.2164,48175.0,58657.4539
2026-03-08 10:00:00,1.2164,1.2175,1.2096,1.2108,36278.0,44044.2225
2026-03-08 11:00:00,1.2108,1.2108,1.2017,1.2097,31149.0,37571.4327
2026-03-08 12:00:00,1.2097,1.2104,1.1956,1.1994,58599.0,70387.9326
2026-03-08 13:00:00,1.1994,1.2002,1.185,1.193,137249.0,163172.5239
2026-03-08 14:00:00,1.193,1.1947,1.181,1.1873,44560.0,52845.2011
2026-03-08 15:00:00,1.1873,1.193,1.1767,1.1808,149420.0,176979.1535
2026-03-08 16:00:00,1.1808,1.186,1.1765,1.1795,53885.0,63638.0668
2026-03-08 17:00:00,1.1795,1.1873,1.1787,1.1824,54412.0,64413.2754
2026-03-08 18:00:00,1.1824,1.1841,1.1744,1.1814,40419.0,47632.0265
2026-03-08 19:00:00,1.1814,1.1963,1.1814,1.1905,18719.0,22297.0049
2026-03-08 20:00:00,1.1905,1.1908,1.1828,1.1828,43649.0,51809.4766
2026-03-08 21:00:00,1.1828,1.1926,1.1776,1.1909,47791.0,56640.9817
2026-03-08 22:00:00,1.1909,1.1909,1.1659,1.173,141310.0,165993.9651
2026-03-08 23:00:00,1.173,1.175,1.1538,1.1558,187671.0,218478.4152
2026-03-09 00:00:00,1.1558,1.1787,1.1386,1.1546,255614.0,295505.9797
2026-03-09 01:00:00,1.1546,1.1663,1.1445,1.1539,68186.0,78846.4159
2026-03-09 02:00:00,1.1539,1.1658,1.1489,1.1616,45726.0,52961.4608
2026-03-09 03:00:00,1.1616,1.1742,1.1616,1.171,75825.0,88568.4595
2026-03-09 04:00:00,1.171,1.1844,1.1679,1.1717,72068.0,84853.4621
2026-03-09 05:00:00,1.1717,1.1865,1.1681,1.1791,73147.0,86199.878
2026-03-09 06:00:00,1.1791,1.1809,1.1715,1.1715,9133.0,10754.8854
2026-03-09 07:00:00,1.1715,1.1778,1.1649,1.1774,23442.0,27456.3978
2026-03-09 08:00:00,1.1774,1.1865,1.1753,1.1764,31497.0,37129.3611
2026-03-09 09:00:00,1.1764,1.1821,1.1722,1.1798,24380.0,28713.0466
2026-03-09 10:00:00,1.1798,1.1801,1.1721,1.1756,27261.0,32029.029
2026-03-09 11:00:00,1.1756,1.1768,1.1654,1.171,27308.0,31942.2292
2026-03-09 12:00:00,1.171,1.1787,1.171,1.1726,33138.0,38983.1902
2026-03-09 13:00:00,1.1726,1.1773,1.1697,1.172,45486.0,53354.1827
2026-03-09 14:00:00,1.172,1.1791,1.1711,1.1784,38475.0,45236.9153
2026-03-09 15:00:00,1.1784,1.1792,1.1683,1.1738,15921.0,18712.3763
2026-03-09 16:00:00,1.1738,1.1861,1.1719,1.1766,91701.0,108040.885
2026-03-09 17:00:00,1.1766,1.1806,1.1732,1.1761,9662.0,11359.3698
2026-03-09 18:00:00,1.1761,1.1801,1.1715,1.1776,29339.0,34583.1409
2026-03-09 19:00:00,1.1776,1.1862,1.1698,1.1724,33550.0,39412.9163
2026-03-09 20:00:00,1.1724,1.1743,1.1628,1.1656,16555.0,19337.4462
2026-03-09 21:00:00,1.1656,1.1725,1.1656,1.1725,24153.0,28228.7094
2026-03-09 22:00:00,1.1725,1.1762,1.1658,1.1707,46562.0,54471.2821
2026-03-09 23:00:00,1.1707,1.181,1.1701,1.1754,46679.0,54913.8758
2026-03-10 00:00:00,1.1754,1.1969,1.1546,1.1844,141383.0,166333.2935
2026-03-10 01:00:00,1.1844,1.1844,1.1733,1.177,68360.0,80554.3391
2026-03-10 02:00:00,1.177,1.1911,1.1731,1.1847,123364.0,145963.1803
2026-03-10 03:00:00,1.1847,1.1891,1.1803,1.1836,58333.0,69055.2585
2026-03-10 04:00:00,1.1836,1.1842,1.1757,1.1766,26160.0,30831.6468
2026-03-10 05:00:00,1.1766,1.1832,1.1762,1.1806,15792.0,18631.2653
2026-03-10 06:00:00,1.1806,1.1868,1.1774,1.1812,25325.0,29909.9227
2026-03-10 07:00:00,1.1812,1.1917,1.1778,1.1877,63565.0,75322.3461
2026-03-10 08:00:00,1.1877,1.1979,1.1877,1.1979,30815.0,36746.4723
2026-03-10 09:00:00,1.1979,1.2128,1.1947,1.1969,86324.0,103784.8725
2026-03-10 10:00:00,1.1969,1.1999,1.1918,1.197,74994.0,89607.1111
2026-03-10 11:00:00,1.197,1.2017,1.1906,1.1982,35861.0,42906.803
2026-03-10 12:00:00,1.1982,1.2118,1.1978,1.2017,170367.0,205342.3324
2026-03-10 13:00:00,1.2017,1.2129,1.1883,1.1995,176625.0,211825.2564
2026-03-10 14:00:00,1.1995,1.2073,1.194,1.205,38688.0,46474.7232
2026-03-10 15:00:00,1.205,1.2475,1.1935,1.2184,613694.0,748774.1595
2026-03-10 16:00:00,1.2184,1.2267,1.2088,1.2178,166999.0,203544.9718
2026-03-10 17:00:00,1.2178,1.2183,1.2054,1.2101,52416.0,63455.5027
2026-03-10 18:00:00,1.2101,1.2104,1.1968,1.1999,30157.0,36273.0695
2026-03-10 19:00:00,1.1999,1.204,1.1886,1.1968,63295.0,75648.0109
2026-03-10 20:00:00,1.1968,1.1968,1.1904,1.1904,20960.0,24987.2078
2026-03-10 21:00:00,1.1904,1.1937,1.1788,1.1878,39204.0,46469.619
2026-03-10 22:00:00,1.1878,1.1936,1.1806,1.1811,34508.0,40935.278
2026-03-10 23:00:00,1.1811,1.1849,1.1804,1.1823,60628.0,71729.7239
2026-03-11 00:00:00,1.1823,1.1866,1.169,1.175,83687.0,98713.0655
2026-03-11 01:00:00,1.175,1.1761,1.1651,1.1724,34386.0,40250.3125
2026-03-11 02:00:00,1.1724,1.1776,1.1623,1.164,17777.0,20807.9289
2026-03-11 03:00:00,1.164,1.171,1.1291,1.134,357980.0,411056.7054
2026-03-11 04:00:00,1.134,1.1467,1.1247,1.1457,140134.0,158982.0419
2026-03-11 05:00:00,1.1457,1.1464,1.1259,1.1356,63423.0,71953.7367
2026-03-11 06:00:00,1.1356,1.1356,1.1258,1.1262,38271.0,43273.4992
2026-03-11 07:00:00,1.1262,1.1285,1.1153,1.1159,31763.0,35664.2025
2026-03-11 08:00:00,1.1159,1.117,1.0959,1.1059,71443.0,78926.583
2026-03-11 09:00:00,1.1059,1.1111,1.0985,1.1107,69674.0,77186.385
2026-03-11 10:00:00,1.1107,1.1113,1.1,1.1052,59159.0,65389.3978
2026-03-11 11:00:00,1.1052,1.1052,1.0964,1.0965,40174.0,44213.2763
2026-03-11 12:00:00,1.0965,1.1065,1.0937,1.105,65332.0,72031.3176
2026-03-11 13:00:00,1.105,1.124,1.1048,1.1098,81408.0,90845.5377
2026-03-11 14:00:00,1.1098,1.1175,1.1064,1.1091,66924.0,74313.3681
2026-03-11 15:00:00,1.1091,1.1092,1.1006,1.1026,44508.0,49164.9082
2026-03-11 16:00:00,1.1026,1.1149,1.0989,1.1136,102483.0,113325.7444
2026-03-11 17:00:00,1.1136,1.1282,1.1132,1.1276,113945.0,128060.8389
2026-03-11 18:00:00,1.1276,1.1306,1.1196,1.1233,35776.0,40191.8579
2026-03-11 19:00:00,1.1233,1.1233,1.1077,1.1086,108894.0,121277.34
2026-03-11 20:00:00,1.1086,1.1106,1.1056,1.1105,60718.0,67307.8872
2026-03-11 21:00:00,1.1105,1.1187,1.1089,1.1187,32014.0,35630.7224
2026-03-11 22:00:00,1.1187,1.1261,1.1109,1.1117,29432.0,32878.8789
2026-03-11 23:00:00,1.1117,1.1169,1.1104,1.1146,9847.0,10969.0235
2026-03-12 00:00:00,1.1146,1.1151,1.1,1.1057,37647.0,41619.1738
2026-03-12 01:00:00,1.1057,1.1057,1.0905,1.0962,81872.0,89917.5664
2026-03-12 02:00:00,1.0962,1.1217,1.0962,1.1148,127278.0,141163.1254
2026-03-12 03:00:00,1.1148,1.1213,1.1103,1.1167,38891.0,43380.0608
2026-03-12 04:00:00,1.1167,1.1479,1.1163,1.1447,123529.0,140479.4784
2026-03-12 05:00:00,1.1447,1.1644,1.1396,1.1553,434268.0,500794.5638
2026-03-12 06:00:00,1.1553,1.1653,1.1431,1.1493,124245.0,143223.811
2026-03-12 07:00:00,1.1493,1.19,1.1491,1.1708,277051.0,325636.8208
2026-03-12 08:00:00,1.1708,1.2606,1.1676,1.2525,1508820.0,1858287.3188
2026-03-12 09:00:00,1.2525,1.2697,1.2284,1.2447,485431.0,605625.7781
2026-03-12 10:00:00,1.2447,1.2569,1.2021,1.2169,472116.0,582371.1264
2026-03-12 11:00:00,1.2169,1.2482,1.2116,1.2245,405980.0,500259.2043
2026-03-12 12:00:00,1.2245,1.2372,1.2158,1.2298,260015.0,318901.0158
2026-03-12 13:00:00,1.2298,1.2363,1.2104,1.2162,133499.0,163328.8903
2026-03-12 14:00:00,1.2162,1.2383,1.1993,1.2235,295362.0,360490.9972
2026-03-12 15:00:00,1.2235,1.2426,1.2235,1.2408,245202.0,302220.4167
2026-03-12 16:00:00,1.2408,1.2784,1.2322,1.2713,635691.0,800144.421
2026-03-12 17:00:00,1.2713,1.3063,1.2659,1.2962,689545.0,888255.3218
2026-03-12 18:00:00,1.2962,1.3038,1.28,1.2928,309316.0,399920.2948
2026-03-12 19:00:00,1.2928,1.3299,1.2872,1.3076,331423.0,435481.8093
2026-03-12 20:00:00,1.3076,1.3131,1.2797,1.2871,283429.0,366377.0097
2026-03-12 21:00:00,1.2871,1.3152,1.2868,1.3081,234580.0,305408.8959
2026-03-12 22:00:00,1.3081,1.3288,1.3035,1.311,343500.0,451599.7645
2026-03-12 23:00:00,1.311,1.3126,1.2894,1.3116,276385.0,359683.3085
2026-03-13 00:00:00,1.3116,1.3252,1.259,1.2666,786145.0,1017118.2634
2026-03-13 01:00:00,1.2666,1.2843,1.262,1.2744,237487.0,302372.9597
2026-03-13 02:00:00,1.2744,1.3394,1.2728,1.33,558418.0,735305.8245
2026-03-13 03:00:00,1.33,1.4403,1.3277,1.4139,1221997.0,1705524.9224
2026-03-13 04:00:00,1.4139,1.4698,1.3999,1.4152,1195782.0,1712915.3914
2026-03-13 05:00:00,1.4152,1.4648,1.4022,1.4577,507164.0,726045.6387
2026-03-13 06:00:00,1.4577,1.4921,1.4238,1.4349,867229.0,1271180.6115
2026-03-13 07:00:00,1.4349,1.4429,1.3808,1.3828,671214.0,946705.3474
2026-03-13 08:00:00,1.3828,1.3964,1.3431,1.3622,671023.0,919878.7632
2026-03-13 09:00:00,1.3622,1.3775,1.3488,1.3552,305666.0,416826.3968
2026-03-13 10:00:00,1.3552,1.3745,1.3501,1.3703,162690.0,222239.9091
2026-03-13 11:00:00,1.3703,1.3717,1.3446,1.3601,156011.0,211411.9451
2026-03-13 12:00:00,1.3601,1.3619,1.3294,1.3555,219764.0,296236.4168
2026-03-13 13:00:00,1.3555,1.3699,1.3528,1.3696,169927.0,231489.0349
2026-03-13 14:00:00,1.3696,1.3866,1.3583,1.3863,206156.0,282809.0227
2026-03-13 15:00:00,1.3863,1.4386,1.3799,1.4193,764287.0,1080359.8068
2026-03-13 16:00:00,1.4193,1.4651,1.4064,1.4482,447648.0,645081.2001
2026-03-13 17:00:00,1.4482,1.4586,1.4274,1.4455,347341.0,501665.0105
2026-03-13 18:00:00,1.4455,1.4464,1.391,1.3955,318452.0,450668.558
2026-03-13 19:00:00,1.3955,1.3961,1.3688,1.383,174691.0,241158.7391
2026-03-13 20:00:00,1.383,1.4035,1.3657,1.4016,135001.0,186534.6017
2026-03-13 21:00:00,1.4016,1.4149,1.3876,1.3972,155922.0,218550.223
2026-03-13 22:00:00,1.3972,1.3973,1.3712,1.376,150380.0,207840.9575
2026-03-13 23:00:00,1.376,1.376,1.3515,1.3668,232740.0,316866.0072
2026-03-14 00:00:00,1.3668,1.4277,1.3423,1.3813,1122090.0,1570677.3905
2026-03-14 01:00:00,1.3813,1.3941,1.3551,1.3697,286375.0,393562.3431
2026-03-14 02:00:00,1.3697,1.3798,1.3491,1.3554,167050.0,227966.8262
2026-03-14 03:00:00,1.3554,1.3618,1.3432,1.3472,228727.0,309045.1003
2026-03-14 04:00:00,1.3472,1.352,1.3048,1.3233,340896.0,451924.277
2026-03-14 05:00:00,1.3233,1.3454,1.3217,1.3423,149443.0,199560.6647
2026-03-14 06:00:00,1.3423,1.3423,1.3204,1.3304,270895.0,360782.2462
2026-03-14 07:00:00,1.3304,1.3306,1.3094,1.3118,131523.0,173375.604
2026-03-14 08:00:00,1.3118,1.3166,1.2925,1.2959,280309.0,365285.5439
2026-03-14 09:00:00,1.2959,1.3025,1.2628,1.2711,502287.0,642696.5565
2026-03-14 10:00:00,1.2711,1.2884,1.2694,1.2757,192479.0,246466.265
2026-03-14 11:00:00,1.2757,1.2958,1.2757,1.295,129399.0,166199.8353
2026-03-14 12:00:00,1.295,1.3035,1.279,1.2799,147112.0,189979.5383
2026-03-14 13:00:00,1.2799,1.2937,1.2799,1.291,62170.0,80036.4893
2026-03-14 14:00:00,1.291,1.2945,1.2796,1.2836,115286.0,148500.7108
2026-03-14 15:00:00,1.2836,1.2879,1.2733,1.2792,71548.0,91684.2399
2026-03-14 16:00:00,1.2792,1.2844,1.2749,1.2797,66287.0,84766.5541
2026-03-14 17:00:00,1.2797,1.2952,1.2797,1.2886,67781.0,87262.1499
2026-03-14 18:00:00,1.2886,1.3133,1.2875,1.3104,196379.0,256057.4206
2026-03-14 19:00:00,1.3104,1.3104,1.2964,1.2986,219571.0,286340.3355
2026-03-14 20:00:00,1.2986,1.299,1.2879,1.2888,50912.0,65854.8039
2026-03-14 21:00:00,1.2888,1.2932,1.2852,1.2916,52385.0,67531.2695
2026-03-14 22:00:00,1.2916,1.302,1.2916,1.2991,74656.0,96765.7144
2026-03-14 23:00:00,1.2991,1.3033,1.2891,1.2952,69307.0,89744.6768
2026-03-15 00:00:00,1.2952,1.3145,1.2737,1.2871,475003.0,613935.3593
2026-03-15 01:00:00,1.2871,1.2941,1.2791,1.292,116315.0,149726.6564
2026-03-15 02:00:00,1.292,1.3024,1.285,1.2852,132154.0,170843.1301
2026-03-15 03:00:00,1.2852,1.2886,1.2633,1.2672,104020.0,132632.5481
2026-03-15 04:00:00,1.2672,1.2717,1.2472,1.2585,212246.0,266773.895
2026-03-15 05:00:00,1.2585,1.2605,1.2489,1.252,59980.0,75279.9065
2026-03-15 06:00:00,1.252,1.2583,1.2427,1.2568,88433.0,110479.9899
2026-03-15 07:00:00,1.2568,1.2629,1.2536,1.2583,45575.0,57390.0553
2026-03-15 08:00:00,1.2583,1.2584,1.2474,1.252,65968.0,82635.4875
2026-03-15 09:00:00,1.252,1.2629,1.2515,1.2595,156567.0,196785.3596
2026-03-15 10:00:00,1.2595,1.2658,1.2519,1.2542,127632.0,160970.2845
2026-03-15 11:00:00,1.2542,1.2548,1.235,1.2397,198565.0,247075.5911
2026-03-15 12:00:00,1.2397,1.2433,1.2337,1.239,80054.0,99185.5823
2026-03-15 13:00:00,1.239,1.239,1.2227,1.2255,129835.0,159380.1896
2026-03-15 14:00:00,1.2255,1.2263,1.2177,1.2213,74297.0,90814.405
2026-03-15 15:00:00,1.2213,1.2216,1.2154,1.2206,42009.0,51211.5499
2026-03-15 16:00:00,1.2206,1.225,1.2186,1.2242,50493.0,61705.1197
2026-03-15 17:00:00,1.2242,1.2296,1.2226,1.2254,43281.0,53096.2309
2026-03-15 18:00:00,1.2254,1.2288,1.2228,1.2242,28757.0,35243.2077
2026-03-15 19:00:00,1.2242,1.2299,1.2241,1.2273,32271.0,39585.0894
2026-03-15 20:00:00,1.2273,1.2284,1.2205,1.2245,18535.0,22706.5903
2026-03-15 21:00:00,1.2245,1.2326,1.2222,1.2326,23667.0,29032.2206
2026-03-15 22:00:00,1.2326,1.2389,1.2258,1.2369,65255.0,80482.0492
2026-03-15 23:00:00,1.2369,1.238,1.2248,1.2333,74986.0,92349.6983
2026-03-16 00:00:00,1.2333,1.2335,1.1958,1.2129,232833.0,281650.7523
2026-03-16 01:00:00,1.2129,1.214,1.1985,1.2102,89338.0,107885.4814
2026-03-16 02:00:00,1.2102,1.2106,1.2013,1.2054,48668.0,58725.7432
2026-03-16 03:00:00,1.2054,1.2099,1.1914,1.2002,186671.0,224006.926
2026-03-16 04:00:00,1.2002,1.2204,1.1967,1.2138,189346.0,228785.7157
2026-03-16 05:00:00,1.2138,1.2245,1.2073,1.2165,301180.0,365626.1345
2026-03-16 06:00:00,1.2165,1.2199,1.2064,1.2068,131507.0,159703.6012
2026-03-16 07:00:00,1.2068,1.211,1.2042,1.211,66642.0,80498.0405
2026-03-16 08:00:00,1.211,1.2146,1.2018,1.2062,97088.0,117425.5826
2026-03-16 09:00:00,1.2062,1.2076,1.193,1.1982,96960.0,116359.1085
2026-03-16 10:00:00,1.1982,1.199,1.1879,1.1986,129804.0,155005.1504
2026-03-16 11:00:00,1.1986,1.2009,1.1866,1.1903,43654.0,52065.8767
2026-03-16 12:00:00,1.1903,1.1987,1.1889,1.1955,106166.0,126870.3182
2026-03-16 13:00:00,1.1955,1.1966,1.1856,1.1874,69036.0,82216.5341
2026-03-16 14:00:00,1.1874,1.1924,1.1808,1.1874,76685.0,90846.7078
2026-03-16 15:00:00,1.1874,1.188,1.1688,1.1749,135071.0,159190.286
2026-03-16 16:00:00,1.1749,1.1924,1.1736,1.1875,54407.0,64352.1194
2026-03-16 17:00:00,1.1875,1.196,1.1867,1.1917,73721.0,87939.3988
2026-03-16 18:00:00,1.1917,1.1965,1.19,1.1913,43097.0,51448.2166
2026-03-16 19:00:00,1.1913,1.2104,1.1905,1.2009,60041.0,72094.3972
2026-03-16 20:00:00,1.2009,1.2034,1.1961,1.2034,37112.0,44507.4157
2026-03-16 21:00:00,1.2034,1.2167,1.2026,1.2068,63245.0,76437.8719
2026-03-16 22:00:00,1.2068,1.2156,1.1981,1.2078,52657.0,63529.6806
2026-03-16 23:00:00,1.2078,1.2184,1.206,1.2149,50212.0,60794.3492
2026-03-17 00:00:00,1.2149,1.2149,1.1932,1.1969,95424.0,114467.3503
2026-03-17 01:00:00,1.1969,1.1974,1.1777,1.185,109103.0,129315.8137
2026-03-17 02:00:00,1.185,1.185,1.1774,1.1814,46368.0,54711.6933
2026-03-17 03:00:00,1.1814,1.19,1.1786,1.1857,49490.0,58560.063
2026-03-17 04:00:00,1.1857,1.2036,1.1826,1.1995,98956.0,118014.9207
2026-03-17 05:00:00,1.1995,1.2057,1.1949,1.1995,67349.0,80907.0233
2026-03-17 06:00:00,1.1995,1.2052,1.1937,1.197,50156.0,60130.1081
2026-03-17 07:00:00,1.197,1.1988,1.1904,1.1956,44097.0,52723.1509
2026-03-17 08:00:00,1.1956,1.2023,1.1853,1.1868,72743.0,86671.2985
2026-03-17 09:00:00,1.1868,1.1877,1.1783,1.1805,91828.0,108684.8123
2026-03-17 10:00:00,1.1805,1.1913,1.1792,1.182,66396.0,78756.5841
2026-03-17 11:00:00,1.182,1.1935,1.1817,1.1932,49115.0,58381.6181
2026-03-17 12:00:00,1.1932,1.1946,1.1788,1.1797,78611.0,93150.4956
2026-03-17 13:00:00,1.1797,1.1899,1.1742,1.1742,152126.0,180108.071
2026-03-17 14:00:00,1.1742,1.1897,1.1715,1.1794,74410.0,87761.9807
2026-03-17 15:00:00,1.1794,1.1837,1.174,1.1747,86757.0,102232.3577
2026-03-17 16:00:00,1.1747,1.179,1.1424,1.158,188071.0,217766.6433
2026-03-17 17:00:00,1.158,1.1705,1.143,1.1531,70937.0,81926.7138
2026-03-17 18:00:00,1.1531,1.1672,1.1338,1.1604,142677.0,163610.4701
2026-03-17 19:00:00,1.1604,1.1606,1.1348,1.1408,93571.0,107059.0019
2026-03-17 20:00:00,1.1408,1.1544,1.1301,1.1475,196110.0,224008.874
2026-03-17 21:00:00,1.1475,1.151,1.1423,1.147,86274.0,98928.7918
2026-03-17 22:00:00,1.147,1.1622,1.1458,1.1558,47341.0,54623.1703
2026-03-17 23:00:00,1.1558,1.1626,1.1457,1.1523,117641.0,135932.5397
2026-03-18 00:00:00,1.1523,1.2143,1.1406,1.1984,1065708.0,1261932.4093
2026-03-18 01:00:00,1.1984,1.2325,1.198,1.2246,568177.0,690207.8762
2026-03-18 02:00:00,1.2246,1.2501,1.2006,1.2501,383965.0,467070.3647
2026-03-18 03:00:00,1.2501,1.2807,1.2258,1.24,992704.0,1242236.1171
2026-03-18 04:00:00,1.24,1.2532,1.2244,1.2287,496928.0,614286.9811
2026-03-18 05:00:00,1.2287,1.2442,1.218,1.2317,213370.0,262694.5773
2026-03-18 06:00:00,1.2317,1.2395,1.21,1.2208,240453.0,294049.258
2026-03-18 07:00:00,1.2208,1.2334,1.2171,1.2197,151382.0,185339.8064
2026-03-18 08:00:00,1.2197,1.2543,1.2184,1.2323,325828.0,402835.0544
2026-03-18 09:00:00,1.2323,1.2457,1.2314,1.2326,106629.0,132106.5358
2026-03-18 10:00:00,1.2326,1.245,1.2234,1.2401,147783.0,182198.0895
2026-03-18 11:00:00,1.2401,1.2431,1.2051,1.2175,285936.0,348557.5002
2026-03-18 12:00:00,1.2175,1.2208,1.1851,1.1935,272491.0,326822.8261
2026-03-18 13:00:00,1.1935,1.2,1.1828,1.1936,181091.0,215704.0829
2026-03-18 14:00:00,1.1936,1.2161,1.1716,1.1786,422745.0,503215.588
2026-03-18 15:00:00,1.1786,1.1997,1.169,1.192,287068.0,340976.9855
2026-03-18 16:00:00,1.192,1.1921,1.1738,1.1787,216012.0,255355.1884
2026-03-18 17:00:00,1.1787,1.1855,1.1718,1.1847,135084.0,159389.6989
2026-03-18 18:00:00,1.1847,1.1928,1.1717,1.1754,103414.0,122252.9955
2026-03-18 19:00:00,1.1754,1.1913,1.1753,1.1791,57490.0,68042.2524
2026-03-18 20:00:00,1.1791,1.1862,1.1665,1.1858,135486.0,159066.6806
2026-03-18 21:00:00,1.1858,1.1953,1.1845,1.1894,54982.0,65491.5732
2026-03-18 22:00:00,1.1894,1.1976,1.184,1.1904,124498.0,148347.8568
2026-03-18 23:00:00,1.1904,1.1904,1.1756,1.1799,110176.0,130212.2072
2026-03-19 00:00:00,1.1799,1.19,1.1406,1.1435,582887.0,679462.3151
2026-03-19 01:00:00,1.1435,1.1544,1.1328,1.1495,155811.0,178515.774
2026-03-19 02:00:00,1.1495,1.1689,1.1495,1.1643,121048.0,140536.473
2026-03-19 03:00:00,1.1643,1.1643,1.1451,1.1537,173975.0,200973.4003
2026-03-19 04:00:00,1.1537,1.156,1.1448,1.1522,89863.0,103372.5107
2026-03-19 05:00:00,1.1522,1.1603,1.1467,1.1477,113465.0,130737.9304
2026-03-19 06:00:00,1.1477,1.1516,1.1431,1.1504,68461.0,78585.8475
2026-03-19 07:00:00,1.1504,1.1566,1.1409,1.1536,104661.0,120293.1382
2026-03-19 08:00:00,1.1536,1.1572,1.1448,1.1533,57026.0,65634.6635
2026-03-19 09:00:00,1.1533,1.1667,1.1533,1.1652,82632.0,95760.1395
2026-03-19 10:00:00,1.1652,1.1725,1.1513,1.1566,126289.0,146758.9773
2026-03-19 11:00:00,1.1566,1.1605,1.1483,1.1528,77561.0,89469.1742
2026-03-19 12:00:00,1.1528,1.1528,1.1386,1.1427,89901.0,102905.2653
2026-03-19 13:00:00,1.1427,1.151,1.1311,1.1467,159335.0,181655.0626
2026-03-19 14:00:00,1.1467,1.1503,1.1396,1.1451,60609.0,69345.2679
2026-03-19 15:00:00,1.1451,1.1481,1.135,1.14,64136.0,73172.9515
2026-03-19 16:00:00,1.14,1.1537,1.14,1.1536,76269.0,87524.0378
2026-03-19 17:00:00,1.1536,1.164,1.149,1.1624,65333.0,75639.7918
2026-03-19 18:00:00,1.1624,1.1644,1.1558,1.1636,51209.0,59398.6336
2026-03-19 19:00:00,1.1636,1.1679,1.1624,1.1676,21892.0,25509.8684
2026-03-19 20:00:00,1.1676,1.1693,1.1568,1.1573,62407.0,72450.684
2026-03-19 21:00:00,1.1573,1.163,1.1553,1.1599,40382.0,46787.5369
2026-03-19 22:00:00,1.1599,1.1614,1.1483,1.1523,83807.0,96644.0239
2026-03-19 23:00:00,1.1523,1.1583,1.1506,1.1524,47901.0,55308.4705
2026-03-20 00:00:00,1.1524,1.1837,1.1487,1.1837,143145.0,166637.4481
2026-03-20 01:00:00,1.1837,1.1902,1.1719,1.1838,146307.0,172560.4999
2026-03-20 02:00:00,1.1838,1.1923,1.1768,1.1895,178267.0,211061.3086
2026-03-20 03:00:00,1.1895,1.1964,1.1813,1.1837,140398.0,166960.0737
2026-03-20 04:00:00,1.1837,1.1893,1.1674,1.1682,133515.0,156975.7244
2026-03-20 05:00:00,1.1682,1.1682,1.1542,1.1636,146314.0,170006.4345
2026-03-20 06:00:00,1.1636,1.1648,1.1555,1.1576,64259.0,74487.8107
2026-03-20 07:00:00,1.1576,1.1585,1.1494,1.1494,83682.0,96588.2044
2026-03-20 08:00:00,1.1494,1.1708,1.1485,1.1667,103103.0,119870.3394
2026-03-20 09:00:00,1.1667,1.1667,1.156,1.1578,39858.0,46216.4862
2026-03-20 10:00:00,1.1578,1.1578,1.1474,1.1532,63298.0,72832.0335
2026-03-20 11:00:00,1.1532,1.1573,1.1493,1.1552,33191.0,38289.6635
2026-03-20 12:00:00,1.1552,1.1609,1.1485,1.1491,59375.0,68540.0301
2026-03-20 13:00:00,1.1491,1.1523,1.1442,1.1456,55456.0,63663.6739
2026-03-20 14:00:00,1.1456,1.157,1.1437,1.1475,52657.0,60618.7809
2026-03-20 15:00:00,1.1475,1.1545,1.1435,1.1499,46070.0,52977.9816
2026-03-20 16:00:00,1.1499,1.1541,1.1473,1.1529,26672.0,30681.2317
2026-03-20 17:00:00,1.1529,1.1529,1.1427,1.1496,44360.0,50932.2031
2026-03-20 18:00:00,1.1496,1.1507,1.1404,1.1483,15601.0,17865.2585
2026-03-20 19:00:00,1.1483,1.1491,1.1413,1.1477,19457.0,22287.8642
2026-03-20 20:00:00,1.1477,1.1482,1.1392,1.1436,22502.0,25687.2837
2026-03-20 21:00:00,1.1436,1.1498,1.1397,1.1496,37235.0,42581.1494
2026-03-20 22:00:00,1.1496,1.1566,1.1483,1.1554,64852.0,74761.3593
2026-03-20 23:00:00,1.1554,1.1554,1.1481,1.1535,19733.0,22745.4489
2026-03-21 00:00:00,1.1535,1.1535,1.1435,1.1451,59824.0,68704.6905
2026-03-21 01:00:00,1.1451,1.1511,1.144,1.1471,21425.0,24573.8594
2026-03-21 02:00:00,1.1471,1.1502,1.1428,1.1444,21933.0,25148.5956
2026-03-21 03:00:00,1.1444,1.1487,1.1426,1.1472,21138.0,24211.8889
2026-03-21 04:00:00,1.1472,1.1485,1.1418,1.1421,16035.0,18355.8759
2026-03-21 05:00:00,1.1421,1.1441,1.1389,1.1426,26459.0,30192.7489
2026-03-21 06:00:00,1.1426,1.1438,1.1373,1.14,13294.0,15155.2481
2026-03-21 07:00:00,1.14,1.145,1.1388,1.1427,28594.0,32658.9271
2026-03-21 08:00:00,1.1427,1.1449,1.1398,1.1406,14690.0,16777.391
2026-03-21 09:00:00,1.1406,1.1448,1.1395,1.1417,16118.0,18408.2812
2026-03-21 10:00:00,1.1417,1.1474,1.1407,1.1446,16893.0,19320.3322
2026-03-21 11:00:00,1.1446,1.1508,1.1445,1.1467,30287.0,34752.762
2026-03-21 12:00:00,1.1467,1.156,1.1467,1.155,11703.0,13475.8489
2026-03-21 13:00:00,1.155,1.1701,1.1536,1.1643,160945.0,186816.9467
2026-03-21 14:00:00,1.1643,1.1678,1.157,1.165,77246.0,89753.2818
2026-03-21 15:00:00,1.165,1.1729,1.1603,1.1615,139485.0,162855.9244
2026-03-21 16:00:00,1.1615,1.1717,1.1586,1.1647,65343.0,76080.4475
2026-03-21 17:00:00,1.1647,1.1667,1.1539,1.1548,86191.0,99900.3406
2026-03-21 18:00:00,1.1548,1.1713,1.1544,1.1683,94241.0,109538.0871
2026-03-21 19:00:00,1.1683,1.1772,1.1672,1.1749,38408.0,45034.0157
2026-03-21 20:00:00,1.1749,1.1837,1.1725,1.178,91777.0,108020.7434
2026-03-21 21:00:00,1.178,1.1829,1.165,1.1676,58807.0,69075.6389
2026-03-21 22:00:00,1.1676,1.168,1.1602,1.168,77147.0,89765.344
2026-03-21 23:00:00,1.168,1.1742,1.1518,1.1574,149092.0,172906.969
2026-03-22 00:00:00,1.1574,1.1574,1.1358,1.1376,243117.0,278623.0878
2026-03-22 01:00:00,1.1376,1.1432,1.132,1.1391,118871.0,135141.7721
2026-03-22 02:00:00,1.1391,1.1484,1.1386,1.1479,88931.0,101598.4507
2026-03-22 03:00:00,1.1479,1.1506,1.1407,1.1425,92621.0,105990.6973
2026-03-22 04:00:00,1.1425,1.1511,1.1413,1.1466,38500.0,44166.3564
2026-03-22 05:00:00,1.1466,1.1488,1.1406,1.1425,46587.0,53330.114
2026-03-22 06:00:00,1.1425,1.1529,1.1413,1.1458,40842.0,46779.0117
2026-03-22 07:00:00,1.1458,1.1464,1.1351,1.1351,93088.0,106252.7429
2026-03-22 08:00:00,1.1351,1.1357,1.1171,1.1221,159976.0,179617.8817
2026-03-22 09:00:00,1.1221,1.1254,1.12,1.121,41704.0,46817.3367
2026-03-22 10:00:00,1.121,1.1306,1.1191,1.1259,87881.0,98816.943
2026-03-22 11:00:00,1.1259,1.1284,1.107,1.1227,226725.0,253259.8965
2026-03-22 12:00:00,1.1227,1.1401,1.1216,1.131,109324.0,123859.9433
2026-03-22 13:00:00,1.131,1.1313,1.1248,1.1306,49008.0,55298.3052
2026-03-22 14:00:00,1.1306,1.1355,1.1301,1.1345,42830.0,48521.6455
2026-03-22 15:00:00,1.1345,1.1439,1.1329,1.1346,91904.0,104575.0307
2026-03-22 16:00:00,1.1346,1.1432,1.1346,1.1412,50625.0,57693.5784
2026-03-22 17:00:00,1.1412,1.159,1.1372,1.1533,80451.0,92327.0076
2026-03-22 18:00:00,1.1533,1.16,1.1418,1.1512,141453.0,163230.887
2026-03-22 19:00:00,1.1512,1.1531,1.1389,1.1505,61858.0,70893.9705
2026-03-22 20:00:00,1.1505,1.1595,1.1447,1.1464,87734.0,100939.4778
2026-03-22 21:00:00,1.1464,1.1501,1.13,1.1422,166533.0,189695.807
2026-03-22 22:00:00,1.1422,1.153,1.1363,1.1472,67327.0,77269.3329
2026-03-22 23:00:00,1.1472,1.1523,1.1336,1.1356,57998.0,66166.6719
2026-03-23 00:00:00,1.1356,1.1422,1.1265,1.1302,104043.0,117868.7078
2026-03-23 01:00:00,1.1302,1.1367,1.127,1.1366,99747.0,112728.885
2026-03-23 02:00:00,1.1366,1.1387,1.1324,1.1343,28094.0,31869.1669
2026-03-23 03:00:00,1.1343,1.1416,1.1343,1.1375,36413.0,41493.2708
2026-03-23 04:00:00,1.1375,1.1403,1.1356,1.1384,17986.0,20481.731
2026-03-23 05:00:00,1.1384,1.1423,1.1316,1.1367,20051.0,22760.739
2026-03-23 06:00:00,1.1367,1.1367,1.1135,1.1143,41293.0,46244.4491
2026-03-23 07:00:00,1.1143,1.1201,1.1042,1.1178,109433.0,121399.8003
2026-03-23 08:00:00,1.1178,1.1246,1.1083,1.1105,32398.0,36153.1413
2026-03-23 09:00:00,1.1105,1.1105,1.0975,1.1011,162672.0,179375.1954
2026-03-23 10:00:00,1.1011,1.1123,1.098,1.1063,80936.0,89429.6107
2026-03-23 11:00:00,1.1063,1.1459,1.1052,1.1304,493381.0,557355.3811
2026-03-23 12:00:00,1.1304,1.1345,1.1246,1.133,77019.0,86985.8554
2026-03-23 13:00:00,1.133,1.1431,1.1292,1.1391,25189.0,28606.8448
2026-03-23 14:00:00,1.1391,1.1464,1.1354,1.1413,62912.0,71814.0146
2026-03-23 15:00:00,1.1413,1.1419,1.1224,1.1248,49536.0,56029.7024
2026-03-23 16:00:00,1.1248,1.1279,1.1171,1.1214,47550.0,53404.6617
2026-03-23 17:00:00,1.1214,1.131,1.1182,1.1303,60522.0,67959.9791
2026-03-23 18:00:00,1.1303,1.138,1.1303,1.1354,45757.0,51873.1374
2026-03-23 19:00:00,1.1354,1.1366,1.1251,1.1259,20487.0,23140.4873
2026-03-23 20:00:00,1.1259,1.129,1.1216,1.1284,16168.0,18202.8533
2026-03-23 21:00:00,1.1284,1.1356,1.1266,1.1334,25078.0,28359.0131
2026-03-23 22:00:00,1.1334,1.1348,1.1284,1.1322,35938.0,40661.3869
2026-03-23 23:00:00,1.1322,1.142,1.1286,1.142,46973.0,53290.6395
2026-03-24 00:00:00,1.142,1.1428,1.1243,1.1317,78196.0,88457.6175
2026-03-24 01:00:00,1.1317,1.1347,1.1251,1.1268,83254.0,93998.3487
2026-03-24 02:00:00,1.1268,1.1398,1.1268,1.1349,78150.0,88623.4701
2026-03-24 03:00:00,1.1349,1.1551,1.1305,1.1489,109925.0,126044.138
2026-03-24 04:00:00,1.1489,1.1729,1.1473,1.1678,205585.0,239207.5324
2026-03-24 05:00:00,1.1678,1.1963,1.1654,1.1911,242886.0,286625.6758
2026-03-24 06:00:00,1.1911,1.1974,1.1769,1.1801,225561.0,267397.3815
2026-03-24 07:00:00,1.1801,1.1954,1.1692,1.1791,113717.0,134456.5188
2026-03-24 08:00:00,1.1791,1.1865,1.1775,1.1847,58892.0,69585.9052
2026-03-24 09:00:00,1.1847,1.1949,1.1697,1.1709,103844.0,122649.7266
2026-03-24 10:00:00,1.1709,1.1801,1.1602,1.1655,94377.0,110742.3971
2026-03-24 11:00:00,1.1655,1.1655,1.1493,1.1623,100653.0,116558.8334
2026-03-24 12:00:00,1.1623,1.1694,1.1537,1.1573,85592.0,99215.2635
2026-03-24 13:00:00,1.1573,1.1636,1.1454,1.1506,91380.0,105586.3813
2026-03-24 14:00:00,1.1506,1.1637,1.1505,1.1611,101891.0,117992.3582
2026-03-24 15:00:00,1.1611,1.1708,1.1606,1.1606,33116.0,38579.3556
2026-03-24 16:00:00,1.1606,1.1677,1.1534,1.1565,58194.0,67459.7681
2026-03-24 17:00:00,1.1565,1.1565,1.1455,1.1481,42612.0,48971.461
2026-03-24 18:00:00,1.1481,1.1505,1.1419,1.1446,36498.0,41872.8859
2026-03-24 19:00:00,1.1446,1.1494,1.1397,1.1419,47598.0,54475.2286
2026-03-24 20:00:00,1.1419,1.1498,1.1358,1.1468,93207.0,106422.6654
2026-03-24 21:00:00,1.1468,1.151,1.1395,1.1443,37914.0,43384.2243
2026-03-24 22:00:00,1.1443,1.1458,1.1335,1.1389,102032.0,116263.7929
2026-03-24 23:00:00,1.1389,1.1481,1.1364,1.1457,52180.0,59659.9985
2026-03-25 00:00:00,1.1457,1.1464,1.1364,1.1379,58275.0,66493.9086
2026-03-25 01:00:00,1.1379,1.1444,1.1329,1.1329,15947.0,18168.2686
2026-03-25 02:00:00,1.1329,1.1363,1.1269,1.1282,61083.0,69116.8724
2026-03-25 03:00:00,1.1282,1.1327,1.1247,1.1313,25496.0,28780.1188
2026-03-25 04:00:00,1.1313,1.1377,1.1291,1.1362,48289.0,54706.0487
2026-03-25 05:00:00,1.1362,1.1383,1.1287,1.1308,43902.0,49736.0166
2026-03-25 06:00:00,1.1308,1.1315,1.1177,1.1183,36598.0,41221.1674
2026-03-25 07:00:00,1.1183,1.1273,1.1174,1.1192,33876.0,38013.7389
2026-03-25 08:00:00,1.1192,1.1271,1.1189,1.1211,33958.0,38190.0371
2026-03-25 09:00:00,1.1211,1.126,1.1203,1.1253,18040.0,20263.4868
2026-03-25 10:00:00,1.1253,1.1325,1.1228,1.1267,56051.0,63260.3229
2026-03-25 11:00:00,1.1267,1.1283,1.1225,1.1271,33117.0,37255.079
2026-03-25 12:00:00,1.1271,1.1307,1.1223,1.1289,27612.0,31104.4416
2026-03-25 13:00:00,1.1289,1.1347,1.1288,1.132,25640.0,29014.3982
2026-03-25 14:00:00,1.132,1.1342,1.1265,1.129,49445.0,55846.444
2026-03-25 15:00:00,1.129,1.1312,1.1178,1.1204,48291.0,54225.4378
2026-03-25 16:00:00,1.1204,1.1269,1.1157,1.1215,50983.0,57212.732
2026-03-25 17:00:00,1.1215,1.1262,1.1194,1.1201,15926.0,17891.464
2026-03-25 18:00:00,1.1201,1.1221,1.1158,1.1183,21711.0,24289.4693
2026-03-25 19:00:00,1.1183,1.122,1.1129,1.1147,31714.0,35416.3442
2026-03-25 20:00:00,1.1147,1.1211,1.1122,1.12,24064.0,26893.5409
2026-03-25 21:00:00,1.12,1.1277,1.12,1.1265,21763.0,24485.6868
2026-03-25 22:00:00,1.1265,1.1353,1.1239,1.1333,63570.0,71775.7247
2026-03-25 23:00:00,1.1333,1.1393,1.1314,1.1353,26943.0,30580.7716
2026-03-26 00:00:00,1.1353,1.1386,1.1241,1.1278,63464.0,71681.482
2026-03-26 01:00:00,1.1278,1.1279,1.1188,1.1243,82292.0,92420.3632
2026-03-26 02:00:00,1.1243,1.1292,1.1217,1.1266,81220.0,91347.9654
2026-03-26 03:00:00,1.1266,1.1287,1.1201,1.1214,58516.0,65771.9261
2026-03-26 04:00:00,1.1214,1.1235,1.1149,1.1191,61019.0,68225.0515
2026-03-26 05:00:00,1.1191,1.1191,1.1078,1.1093,58607.0,65146.8049
2026-03-26 06:00:00,1.1093,1.112,1.1058,1.1115,36053.0,39981.7237
2026-03-26 07:00:00,1.1115,1.1145,1.1038,1.109,72952.0,80920.5741
2026-03-26 08:00:00,1.109,1.1104,1.0971,1.1009,68293.0,75256.1625
2026-03-26 09:00:00,1.1009,1.1009,1.0782,1.0799,195913.0,213632.6902
2026-03-26 10:00:00,1.0799,1.0809,1.0638,1.0774,99510.0,106983.3353
2026-03-26 11:00:00,1.0774,1.0861,1.0767,1.0855,95169.0,103013.6717
2026-03-26 12:00:00,1.0855,1.0958,1.0841,1.0917,93759.0,102151.6085
2026-03-26 13:00:00,1.0917,1.1012,1.0917,1.0971,82045.0,90029.8905
2026-03-26 14:00:00,1.0971,1.1009,1.081,1.0845,117200.0,127891.8897
2026-03-26 15:00:00,1.0845,1.0845,1.0726,1.0752,45335.0,48794.2465
2026-03-26 16:00:00,1.0752,1.0765,1.0647,1.0689,46533.0,49776.0752
2026-03-26 17:00:00,1.0689,1.0689,1.052,1.0529,94425.0,100081.4763
2026-03-26 18:00:00,1.0529,1.0556,1.047,1.053,87009.0,91452.649
2026-03-26 19:00:00,1.053,1.0562,1.0357,1.0367,54568.0,56922.0963
2026-03-26 20:00:00,1.0367,1.0522,1.035,1.0448,207895.0,217370.2076
2026-03-26 21:00:00,1.0448,1.0545,1.0404,1.0545,95272.0,99905.6073
2026-03-26 22:00:00,1.0545,1.06,1.0487,1.0535,36711.0,38720.9843
2026-03-26 23:00:00,1.0535,1.0569,1.0384,1.0407,80414.0,84065.3926
2026-03-27 00:00:00,1.0407,1.06,1.0205,1.038,755150.0,788748.341
2026-03-27 01:00:00,1.038,1.05,1.0363,1.0375,92502.0,96581.9804
2026-03-27 02:00:00,1.0375,1.0438,1.036,1.036,99548.0,103505.2985
2026-03-27 03:00:00,1.036,1.0391,1.0241,1.0244,112584.0,115864.0272
2026-03-27 04:00:00,1.0244,1.0321,1.0137,1.0276,164483.0,168116.4145
2026-03-27 05:00:00,1.0276,1.0329,1.0234,1.0237,83169.0,85471.3938
2026-03-27 06:00:00,1.0237,1.0243,1.0182,1.0196,44357.0,45309.5635
2026-03-27 07:00:00,1.0196,1.0225,1.0139,1.0175,95607.0,97294.28
2026-03-27 08:00:00,1.0175,1.0217,0.9998,1.0083,186249.0,188283.7146
2026-03-27 09:00:00,1.0083,1.0136,0.9972,1.0078,116821.0,117426.0722
2026-03-27 10:00:00,1.0078,1.0151,0.9887,0.9928,310809.0,311498.0284
2026-03-27 11:00:00,0.9928,1.0035,0.9897,1.0024,75128.0,74809.23
2026-03-27 12:00:00,1.0024,1.0093,0.9912,0.9993,74277.0,74381.4529
2026-03-27 13:00:00,0.9993,1.0029,0.9884,0.9919,90170.0,89830.1455
2026-03-27 14:00:00,0.9919,1.0105,0.9919,1.0027,85344.0,85446.1533
2026-03-27 15:00:00,1.0027,1.018,1.0026,1.0086,94308.0,95225.5283
2026-03-27 16:00:00,1.0086,1.0152,1.0038,1.0058,67037.0,67644.5203
2026-03-27 17:00:00,1.0058,1.0155,1.0058,1.0125,59102.0,59794.5553
2026-03-27 18:00:00,1.0125,1.02,1.0092,1.0191,23313.0,23673.742
2026-03-27 19:00:00,1.0191,1.0249,1.0162,1.0224,52129.0,53216.387
2026-03-27 20:00:00,1.0224,1.0311,1.0224,1.0301,30983.0,31777.7943
2026-03-27 21:00:00,1.0301,1.0395,1.029,1.0358,29483.0,30519.9858
2026-03-27 22:00:00,1.0358,1.0433,1.0212,1.0228,63049.0,65048.8123
2026-03-27 23:00:00,1.0228,1.0294,1.0197,1.027,65902.0,67550.3828
2026-03-28 00:00:00,1.027,1.0299,1.0127,1.0242,75594.0,77238.9086
2026-03-28 01:00:00,1.0242,1.042,1.0039,1.0188,519920.0,531970.8848
2026-03-28 02:00:00,1.0188,1.0546,1.0183,1.0337,308212.0,321052.1142
2026-03-28 03:00:00,1.0337,1.0689,1.0325,1.0494,209418.0,220098.551
2026-03-28 04:00:00,1.0494,1.0663,1.0418,1.055,147776.0,156263.7783
2026-03-28 05:00:00,1.055,1.0604,1.0413,1.0449,148913.0,156636.512
2026-03-28 06:00:00,1.0449,1.0542,1.0397,1.0441,102980.0,107644.2352
2026-03-28 07:00:00,1.0441,1.0509,1.039,1.0477,74042.0,77340.6206
2026-03-28 08:00:00,1.0477,1.0609,1.0438,1.057,74638.0,78640.1878
2026-03-28 09:00:00,1.057,1.066,1.0479,1.0614,113062.0,119392.1065
2026-03-28 10:00:00,1.0614,1.0735,1.0537,1.0735,68958.0,73364.7796
2026-03-28 11:00:00,1.0735,1.087,1.0656,1.0803,120375.0,129541.5422
2026-03-28 12:00:00,1.0803,1.0957,1.0698,1.085,331194.0,359364.0629
2026-03-28 13:00:00,1.085,1.096,1.0767,1.0837,221427.0,240332.4444
2026-03-28 14:00:00,1.0837,1.0871,1.0744,1.0812,84706.0,91697.5599
2026-03-28 15:00:00,1.0812,1.0943,1.0726,1.0751,194071.0,210719.8076
2026-03-28 16:00:00,1.0751,1.0836,1.0687,1.0821,38431.0,41290.91
2026-03-28 17:00:00,1.0821,1.0952,1.0795,1.085,202597.0,220361.1921
2026-03-28 18:00:00,1.085,1.0877,1.0744,1.0753,41862.0,45300.4279
2026-03-28 19:00:00,1.0753,1.0775,1.0627,1.0702,49075.0,52522.7912
2026-03-28 20:00:00,1.0702,1.0702,1.0632,1.0654,20611.0,21970.3721
2026-03-28 21:00:00,1.0654,1.0712,1.0609,1.0697,27726.0,29547.4394
2026-03-28 22:00:00,1.0697,1.0729,1.053,1.0674,56256.0,59766.1993
2026-03-28 23:00:00,1.0674,1.0696,1.0516,1.0575,90514.0,95836.6253
2026-03-29 00:00:00,1.0575,1.0661,1.0418,1.0517,250205.0,263740.1747
2026-03-29 01:00:00,1.0517,1.0557,1.047,1.0497,42764.0,44919.5816
2026-03-29 02:00:00,1.0497,1.0501,1.0405,1.0424,32151.0,33562.4075
2026-03-29 03:00:00,1.0424,1.0468,1.0319,1.04,87804.0,91222.1306
2026-03-29 04:00:00,1.04,1.0413,1.0367,1.039,19941.0,20716.3962
2026-03-29 05:00:00,1.039,1.0452,1.0373,1.0435,30125.0,31347.2411
2026-03-29 06:00:00,1.0435,1.0435,1.0344,1.0399,44999.0,46695.9487
2026-03-29 07:00:00,1.0399,1.043,1.0378,1.0389,24435.0,25427.9545
2026-03-29 08:00:00,1.0389,1.0454,1.036,1.0427,25603.0,26628.9815
2026-03-29 09:00:00,1.0427,1.0455,1.0366,1.043,34987.0,36433.6223
2026-03-29 10:00:00,1.043,1.043,1.0353,1.0407,24448.0,25443.8893
2026-03-29 11:00:00,1.0407,1.0447,1.0382,1.0412,22422.0,23369.9279
2026-03-29 12:00:00,1.0412,1.0423,1.0345,1.0377,28991.0,30100.619
2026-03-29 13:00:00,1.0377,1.0383,1.0228,1.023,83425.0,85828.2713
2026-03-29 14:00:00,1.023,1.0333,1.023,1.0327,85837.0,88254.839
2026-03-29 15:00:00,1.0327,1.0345,1.0291,1.0325,17103.0,17659.8066
2026-03-29 16:00:00,1.0325,1.0406,1.0313,1.0316,18195.0,18836.382
2026-03-29 17:00:00,1.0316,1.0347,1.0286,1.0343,25632.0,26468.9387
2026-03-29 18:00:00,1.0343,1.0348,1.0303,1.0309,27122.0,27982.6528
2026-03-29 19:00:00,1.0309,1.0309,1.026,1.029,16674.0,17143.4841
2026-03-29 20:00:00,1.029,1.0331,1.0256,1.0331,20178.0,20787.9815
2026-03-29 21:00:00,1.0331,1.0365,1.0314,1.0335,8212.0,8487.5902
2026-03-29 22:00:00,1.0335,1.0487,1.0164,1.0254,163037.0,167682.8151
2026-03-29 23:00:00,1.0254,1.0335,1.0173,1.0234,90850.0,93057.9989
2026-03-30 00:00:00,1.0234,1.038,1.0192,1.0241,86462.0,88944.8289
2026-03-30 01:00:00,1.0241,1.0487,1.0239,1.0416,103244.0,107368.5922
2026-03-30 02:00:00,1.0416,1.0433,1.036,1.0399,42928.0,44629.6149
2026-03-30 03:00:00,1.0399,1.044,1.0332,1.0332,58834.0,61262.5741
2026-03-30 04:00:00,1.0332,1.0438,1.0332,1.0419,18535.0,19291.7748
2026-03-30 05:00:00,1.0419,1.0446,1.037,1.0405,43125.0,44918.6308
2026-03-30 06:00:00,1.0405,1.0418,1.0323,1.0337,19946.0,20695.4884
2026-03-30 07:00:00,1.0337,1.0351,1.028,1.0338,26613.0,27464.8626
2026-03-30 08:00:00,1.0338,1.0419,1.0338,1.0355,24834.0,25779.371
2026-03-30 09:00:00,1.0355,1.042,1.0355,1.0365,10389.0,10791.2111
2026-03-30 10:00:00,1.0365,1.0394,1.0343,1.0366,19445.0,20177.4508
2026-03-30 11:00:00,1.0366,1.0438,1.0332,1.0342,71326.0,74132.4279
2026-03-30 12:00:00,1.0342,1.0368,1.0318,1.0357,16252.0,16810.7236
2026-03-30 13:00:00,1.0357,1.0389,1.0267,1.0293,80262.0,82915.6792
2026-03-30 14:00:00,1.0293,1.0362,1.0248,1.0348,28664.0,29530.1958
2026-03-30 15:00:00,1.0348,1.0356,1.0285,1.0291,29119.0,30012.2954
2026-03-30 16:00:00,1.0291,1.0291,1.0223,1.0255,18903.0,19389.6001
2026-03-30 17:00:00,1.0255,1.0278,1.0238,1.0243,21338.0,21904.4054
2026-03-30 18:00:00,1.0243,1.0299,1.0232,1.0263,13333.0,13693.9655
2026-03-30 19:00:00,1.0263,1.0291,1.0228,1.0261,10919.0,11197.9245
2026-03-30 20:00:00,1.0261,1.0359,1.026,1.0359,26248.0,27070.6793
2026-03-30 21:00:00,1.0359,1.0432,1.0352,1.0373,21259.0,22095.2448
2026-03-30 22:00:00,1.0373,1.0373,1.0278,1.0282,18905.0,19498.8009
2026-03-30 23:00:00,1.0282,1.0284,1.0229,1.027,29216.0,29961.8929
2026-03-31 00:00:00,1.027,1.0317,1.0187,1.0251,84435.0,86650.7433
2026-03-31 01:00:00,1.0251,1.0366,1.0244,1.0297,39027.0,40281.5905
2026-03-31 02:00:00,1.0297,1.0345,1.0268,1.0294,37207.0,38331.7513
2026-03-31 03:00:00,1.0294,1.0294,1.0196,1.0203,27177.0,27815.4245
2026-03-31 04:00:00,1.0203,1.0226,1.0176,1.0179,18628.0,19009.9378
2026-03-31 05:00:00,1.0179,1.0179,1.0073,1.009,65744.0,66379.1813
2026-03-31 06:00:00,1.009,1.0178,1.009,1.0171,39376.0,39863.6798
2026-03-31 07:00:00,1.0171,1.019,1.0118,1.012,26096.0,26467.4537
2026-03-31 08:00:00,1.012,1.0124,0.9958,0.9978,55909.0,56037.5591
2026-03-31 09:00:00,0.9978,1.0052,0.9944,1.0034,77405.0,77439.7347
2026-03-31 10:00:00,1.0034,1.0058,0.9989,1.0022,30312.0,30387.5917
2026-03-31 11:00:00,1.0022,1.0066,1.0003,1.0016,80977.0,81237.4527
2026-03-31 12:00:00,1.0016,1.0053,0.9997,1.0002,30100.0,30181.5656
2026-03-31 13:00:00,1.0002,1.0162,0.9997,1.0121,108407.0,109387.0525
2026-03-31 14:00:00,1.0121,1.0248,1.0093,1.0109,162499.0,164968.0572
2026-03-31 15:00:00,1.0109,1.0205,1.0088,1.0101,22399.0,22725.4645
2026-03-31 16:00:00,1.0101,1.019,1.0094,1.0184,32335.0,32795.9112
2026-03-31 17:00:00,1.0184,1.0259,1.0131,1.0148,38696.0,39507.3337
2026-03-31 18:00:00,1.0148,1.0252,1.0148,1.0252,11639.0,11885.1136
2026-03-31 19:00:00,1.0252,1.0378,1.0252,1.0347,87580.0,90550.128
2026-03-31 20:00:00,1.0347,1.0367,1.0258,1.0267,24880.0,25623.6553
2026-03-31 21:00:00,1.0267,1.0267,1.0179,1.0179,23183.0,23674.5786
2026-03-31 22:00:00,1.0179,1.0203,1.0138,1.0195,13145.0,13382.3104
2026-03-31 23:00:00,1.0195,1.0249,1.0176,1.0199,14376.0,14689.4722
2026-04-01 00:00:00,1.0199,1.0199,1.003,1.0067,38055.0,38435.1808
2026-04-01 01:00:00,1.0067,1.0175,1.0009,1.0089,126274.0,127494.2053
2026-04-01 02:00:00,1.0089,1.0125,1.0046,1.0088,44020.0,44437.4618
2026-04-01 03:00:00,1.0088,1.0108,1.0062,1.0084,46679.0,47077.8519
2026-04-01 04:00:00,1.0084,1.0178,1.0066,1.011,34553.0,34954.8022
2026-04-01 05:00:00,1.011,1.0198,1.0091,1.0154,41577.0,42242.3898
2026-04-01 06:00:00,1.0154,1.0222,1.0134,1.0164,37487.0,38192.4828
2026-04-01 07:00:00,1.0164,1.0178,1.0119,1.012,24239.0,24599.121
2026-04-01 08:00:00,1.012,1.0144,1.0081,1.0081,84843.0,85745.5237
2026-04-01 09:00:00,1.0081,1.0107,1.006,1.0085,28407.0,28632.6429
2026-04-01 10:00:00,1.0085,1.0144,1.0071,1.0142,36071.0,36471.6436
2026-04-01 11:00:00,1.0142,1.018,1.0102,1.0137,11409.0,11578.7527
2026-04-01 12:00:00,1.0137,1.0239,1.0134,1.0162,140859.0,143536.641
2026-04-01 13:00:00,1.0162,1.0342,1.0126,1.0219,41022.0,42018.4477
2026-04-01 14:00:00,1.0219,1.0271,1.0176,1.0232,23199.0,23718.5947
2026-04-01 15:00:00,1.0232,1.0239,1.0159,1.0204,25514.0,25998.7397
2026-04-01 16:00:00,1.0204,1.0245,1.0135,1.0241,31626.0,32191.8561
2026-04-01 17:00:00,1.0241,1.0267,1.0156,1.0183,18835.0,19208.0528
2026-04-01 18:00:00,1.0183,1.02,1.0073,1.0082,14138.0,14356.0459
2026-04-01 19:00:00,1.0082,1.0132,1.0065,1.0109,15248.0,15401.8395
2026-04-01 20:00:00,1.0109,1.0121,1.0086,1.0111,16430.0,16591.8202
2026-04-01 21:00:00,1.0111,1.0146,1.0056,1.01,28151.0,28434.8046
2026-04-01 22:00:00,1.01,1.0104,1.0019,1.0026,15857.0,15946.3682
2026-04-01 23:00:00,1.0026,1.0053,1.0007,1.0007,21994.0,22068.7997
2026-04-02 00:00:00,1.0007,1.0039,0.9966,1.003,27665.0,27666.1846
2026-04-02 01:00:00,1.003,1.0051,0.9737,0.9811,107683.0,106076.3161
2026-04-02 02:00:00,0.9811,0.9811,0.964,0.9673,74078.0,71864.8685
2026-04-02 03:00:00,0.9673,0.9673,0.9568,0.958,37631.0,36201.305
2026-04-02 04:00:00,0.958,0.9699,0.9573,0.9609,38045.0,36675.545
2026-04-02 05:00:00,0.9609,0.9694,0.9474,0.9631,65585.0,62795.8723
2026-04-02 06:00:00,0.9631,0.97,0.9622,0.9659,42925.0,41499.1624
2026-04-02 07:00:00,0.9659,0.9693,0.9625,0.9625,57429.0,55386.8434
2026-04-02 08:00:00,0.9625,0.9765,0.9625,0.9689,51961.0,50398.3336
2026-04-02 09:00:00,0.9689,0.9697,0.96,0.9646,84545.0,81574.7218
2026-04-02 10:00:00,0.9646,0.9649,0.9543,0.9546,10864.0,10446.4909
2026-04-02 11:00:00,0.9546,0.9555,0.9362,0.9399,134797.0,127499.693
2026-04-02 12:00:00,0.9399,0.9451,0.9334,0.935,49465.0,46400.5417
2026-04-02 13:00:00,0.935,0.9365,0.9265,0.9276,23731.0,22082.7143
2026-04-02 14:00:00,0.9276,0.9296,0.92,0.9233,73108.0,67662.6833
2026-04-02 15:00:00,0.9233,0.925,0.9017,0.9052,59168.0,53936.3566
2026-04-02 16:00:00,0.9052,0.9168,0.8944,0.9101,74777.0,67765.5891
2026-04-02 17:00:00,0.9101,0.9117,0.9025,0.9117,24352.0,22070.2927
2026-04-02 18:00:00,0.9117,0.9233,0.911,0.9225,76461.0,70087.1766
2026-04-02 19:00:00,0.9225,0.9352,0.921,0.9212,41387.0,38352.6746
2026-04-02 20:00:00,0.9212,0.9334,0.9158,0.9325,47276.0,43691.814
2026-04-02 21:00:00,0.9325,0.9354,0.9236,0.9344,28885.0,26846.2691
2026-04-02 22:00:00,0.9344,0.9386,0.9312,0.9386,29839.0,27908.6618
2026-04-02 23:00:00,0.9386,0.947,0.9378,0.9411,41886.0,39504.8379
2026-04-03 00:00:00,0.9411,0.9414,0.9282,0.9367,39145.0,36583.1225
2026-04-03 01:00:00,0.9367,0.94,0.9282,0.9304,13312.0,12414.1587
2026-04-03 02:00:00,0.9304,0.9395,0.9276,0.9384,32101.0,29952.1845
2026-04-03 03:00:00,0.9384,0.9414,0.9358,0.9368,14735.0,13831.0645
2026-04-03 04:00:00,0.9368,0.9388,0.9293,0.9303,29084.0,27111.6113
2026-04-03 05:00:00,0.9303,0.9305,0.923,0.929,28224.0,26148.2856
2026-04-03 06:00:00,0.929,0.9291,0.9213,0.9233,15153.0,14014.6345
2026-04-03 07:00:00,0.9233,0.9254,0.918,0.9242,17653.0,16283.8831
2026-04-03 08:00:00,0.9242,0.9272,0.9223,0.9234,5814.0,5376.3629
2026-04-03 09:00:00,0.9234,0.9235,0.9183,0.9224,16949.0,15601.7991
2026-04-03 10:00:00,0.9224,0.9333,0.9224,0.9313,68788.0,63869.5354
2026-04-03 11:00:00,0.9313,0.9313,0.9246,0.9264,47223.0,43731.6885
2026-04-03 12:00:00,0.9264,0.9297,0.9177,0.9191,67028.0,61910.4406
2026-04-03 13:00:00,0.9191,0.9219,0.916,0.92,7257.0,6662.209
2026-04-03 14:00:00,0.92,0.9264,0.9166,0.9166,3684.0,3401.1088
2026-04-03 15:00:00,0.9166,0.9172,0.9106,0.9115,23874.0,21777.0113
2026-04-03 16:00:00,0.9115,0.9139,0.9083,0.9139,6478.0,5898.3969
2026-04-03 17:00:00,0.9139,0.9196,0.9062,0.9071,14480.0,13211.517
2026-04-03 18:00:00,0.9071,0.9099,0.9047,0.9064,3062.0,2775.3693
2026-04-03 19:00:00,0.9064,0.9082,0.9046,0.9082,9765.0,8851.0424
2026-04-03 20:00:00,0.9082,0.9147,0.9082,0.9123,11842.0,10793.5194
2026-04-03 21:00:00,0.9123,0.9138,0.9072,0.9103,3533.0,3216.3458
2026-04-03 22:00:00,0.9103,0.9216,0.9057,0.9175,124365.0,113891.5192
2026-04-03 23:00:00,0.9175,0.9327,0.9161,0.9299,51315.0,47417.6691
2026-04-04 00:00:00,0.9299,0.9299,0.9129,0.9257,59158.0,54327.5334
2026-04-04 01:00:00,0.9257,0.9311,0.9168,0.9173,78015.0,72192.8493
2026-04-04 02:00:00,0.9173,0.9274,0.917,0.9258,38606.0,35649.073
2026-04-04 03:00:00,0.9258,0.9368,0.9257,0.9314,22726.0,21120.965
2026-04-04 04:00:00,0.9314,0.9342,0.9253,0.9317,17468.0,16241.7074
2026-04-04 05:00:00,0.9317,0.9511,0.931,0.9449,73591.0,69424.3319
2026-04-04 06:00:00,0.9449,0.9498,0.9289,0.9321,78440.0,73881.0538
2026-04-04 07:00:00,0.9321,0.9502,0.9314,0.9422,57783.0,54349.6786
2026-04-04 08:00:00,0.9422,0.9449,0.9368,0.9443,89725.0,84471.4431
2026-04-04 09:00:00,0.9443,0.9507,0.9407,0.9436,109258.0,103281.8715
2026-04-04 10:00:00,0.9436,0.9497,0.9409,0.9478,20798.0,19681.9442
2026-04-04 11:00:00,0.9478,0.953,0.9438,0.953,43138.0,40962.0576
2026-04-04 12:00:00,0.953,0.9623,0.9391,0.943,191295.0,181469.9476
2026-04-04 13:00:00,0.943,0.949,0.9346,0.9374,37721.0,35457.1748
2026-04-04 14:00:00,0.9374,0.9472,0.9349,0.9444,63389.0,59625.3159
2026-04-04 15:00:00,0.9444,0.9452,0.9317,0.9385,72394.0,67937.4533
2026-04-04 16:00:00,0.9385,0.9385,0.9311,0.936,45709.0,42745.9284
2026-04-04 17:00:00,0.936,0.9375,0.9266,0.9294,17397.0,16197.5269
2026-04-04 18:00:00,0.9294,0.9388,0.9266,0.932,53783.0,50090.2712
2026-04-04 19:00:00,0.932,0.9323,0.9285,0.9295,25551.0,23765.485
2026-04-04 20:00:00,0.9295,0.9295,0.9253,0.9268,11687.0,10836.3785
2026-04-04 21:00:00,0.9268,0.9282,0.9204,0.9282,30197.0,27896.7956
2026-04-04 22:00:00,0.9282,0.9338,0.9282,0.9338,6032.0,5608.1592
2026-04-04 23:00:00,0.9338,0.9349,0.9291,0.9313,11492.0,10707.064
2026-04-05 00:00:00,0.9313,0.9313,0.926,0.9305,9399.0,8728.2609
2026-04-05 01:00:00,0.9305,0.9343,0.9245,0.9247,13834.0,12868.7435
2026-04-05 02:00:00,0.9247,0.9247,0.9106,0.9166,49542.0,45316.5772
2026-04-05 03:00:00,0.9166,0.9166,0.9088,0.9112,13463.0,12288.9942
2026-04-05 04:00:00,0.9112,0.916,0.909,0.9127,8915.0,8149.6462
2026-04-05 05:00:00,0.9127,0.915,0.9054,0.9065,23371.0,21224.9539
2026-04-05 06:00:00,0.9065,0.9065,0.9013,0.9017,44991.0,40680.837
2026-04-05 07:00:00,0.9017,0.9028,0.8955,0.8978,29168.0,26200.822
2026-04-05 08:00:00,0.8978,0.8978,0.8922,0.8948,22714.0,20311.0189
2026-04-05 09:00:00,0.8948,0.8988,0.8935,0.8968,3240.0,2905.2761
2026-04-05 10:00:00,0.8968,0.897,0.8882,0.8895,14846.0,13256.6345
2026-04-05 11:00:00,0.8895,0.8936,0.8868,0.8936,11618.0,10326.477
2026-04-05 12:00:00,0.8936,0.904,0.8908,0.8948,34871.0,31220.8649
2026-04-05 13:00:00,0.8948,0.9124,0.8918,0.9083,166777.0,150251.7704
2026-04-05 14:00:00,0.9083,0.9173,0.9065,0.9065,58097.0,53023.2171
2026-04-05 15:00:00,0.9065,0.9065,0.8952,0.901,55330.0,49869.307
2026-04-05 16:00:00,0.901,0.904,0.8951,0.8985,25112.0,22560.5956
2026-04-05 17:00:00,0.8985,0.9105,0.8961,0.9088,28058.0,25338.1384
2026-04-05 18:00:00,0.9088,0.914,0.9088,0.9113,23242.0,21218.6371
2026-04-05 19:00:00,0.9113,0.9152,0.9061,0.9086,14545.0,13213.1576
2026-04-05 20:00:00,0.9086,0.9104,0.9075,0.9103,37421.0,34026.3063
2026-04-05 21:00:00,0.9103,0.9192,0.9095,0.9095,18445.0,16892.8666
2026-04-05 22:00:00,0.9095,0.9145,0.9067,0.9122,27570.0,25091.4058
2026-04-05 23:00:00,0.9122,0.9175,0.9095,0.9103,39612.0,36225.4197
2026-04-06 00:00:00,0.9103,0.9135,0.9055,0.9113,44781.0,40723.5151
2026-04-06 01:00:00,0.9113,0.9122,0.9056,0.908,43403.0,39433.7284
2026-04-06 02:00:00,0.908,0.9083,0.9015,0.9024,27507.0,24873.6144
2026-04-06 03:00:00,0.9024,0.9039,0.9,0.9017,20156.0,18168.6424
2026-04-06 04:00:00,0.9017,0.9017,0.8959,0.8966,20077.0,18030.7176
2026-04-06 05:00:00,0.8966,0.8976,0.8915,0.8938,20227.0,18086.7239
2026-04-06 06:00:00,0.8938,0.8977,0.8891,0.8895,32925.0,29369.5489
2026-04-06 07:00:00,0.8895,0.8963,0.8887,0.891,31269.0,27920.5891
2026-04-06 08:00:00,0.891,0.8922,0.887,0.8917,73652.0,65523.4488
2026-04-06 09:00:00,0.8917,0.895,0.8893,0.893,19480.0,17372.349
2026-04-06 10:00:00,0.893,0.8984,0.8922,0.8951,32320.0,28962.9494
2026-04-06 11:00:00,0.8951,0.8951,0.891,0.8913,21737.0,19410.7217
2026-04-06 12:00:00,0.8913,0.9016,0.8885,0.9003,95786.0,86015.4366
2026-04-06 13:00:00,0.9003,0.9007,0.8886,0.8907,27010.0,24158.5083
2026-04-06 14:00:00,0.8907,0.8957,0.888,0.8936,35643.0,31781.0855
2026-04-06 15:00:00,0.8936,0.906,0.891,0.9036,70584.0,63582.5324
2026-04-06 16:00:00,0.9036,0.9081,0.9008,0.9037,60654.0,54862.7644
2026-04-06 17:00:00,0.9037,0.9053,0.8987,0.9005,42369.0,38218.5845
2026-04-06 18:00:00,0.9005,0.9005,0.8928,0.8928,9316.0,8349.567
2026-04-06 19:00:00,0.8928,0.8928,0.888,0.8922,38499.0,34273.6719
2026-04-06 20:00:00,0.8922,0.906,0.892,0.901,132670.0,119266.9187
2026-04-06 21:00:00,0.901,0.9058,0.9003,0.9005,27035.0,24398.4043
2026-04-06 22:00:00,0.9005,0.9005,0.8878,0.8878,45694.0,40843.5084
2026-04-06 23:00:00,0.8878,0.8878,0.8799,0.8863,84070.0,74362.9369
2026-04-07 00:00:00,0.8863,0.8881,0.8723,0.8848,61929.0,54318.5013
2026-04-07 01:00:00,0.8848,0.897,0.879,0.8892,19204.0,17146.7891
2026-04-07 02:00:00,0.8892,0.9,0.8865,0.8961,70706.0,63193.6033
2026-04-07 03:00:00,0.8961,0.9079,0.8956,0.8992,66512.0,60095.5012
2026-04-07 04:00:00,0.8992,0.9067,0.8976,0.8977,34029.0,30717.3863
2026-04-07 05:00:00,0.8977,0.9057,0.8973,0.9033,29660.0,26702.4032
2026-04-07 06:00:00,0.9033,0.9165,0.9033,0.9092,67730.0,61753.2103
2026-04-07 07:00:00,0.9092,0.9138,0.9016,0.912,31379.0,28499.9264
2026-04-07 08:00:00,0.912,0.9206,0.9042,0.9132,88681.0,80890.6858
2026-04-07 09:00:00,0.9132,0.9211,0.912,0.9169,56414.0,51719.4899
2026-04-07 10:00:00,0.9169,1.0,0.9169,0.9598,1110739.0,1067137.5558
2026-04-07 11:00:00,0.9598,0.9871,0.9413,0.9577,613348.0,588533.8485
2026-04-07 12:00:00,0.9577,0.9609,0.9122,0.9193,462783.0,432100.2322
2026-04-07 13:00:00,0.9193,0.9315,0.9175,0.925,145364.0,134222.862
2026-04-07 14:00:00,0.925,0.9386,0.9204,0.9204,32978.0,30747.5068
2026-04-07 15:00:00,0.9204,0.9204,0.8969,0.9196,150396.0,136642.7442
2026-04-07 16:00:00,0.9196,0.9242,0.9109,0.9173,31879.0,29270.4442
2026-04-07 17:00:00,0.9173,0.9262,0.9161,0.9211,38602.0,35564.776
2026-04-07 18:00:00,0.9211,0.9215,0.9126,0.9126,23034.0,21164.9533
2026-04-07 19:00:00,0.9126,0.9142,0.9072,0.9142,14452.0,13161.8971
2026-04-07 20:00:00,0.9142,0.9163,0.9084,0.909,15804.0,14419.0777
2026-04-07 21:00:00,0.909,0.9231,0.909,0.9197,19208.0,17621.9017
2026-04-07 22:00:00,0.9197,0.9329,0.9197,0.9324,67509.0,62527.7743
2026-04-07 23:00:00,0.9324,0.9533,0.9282,0.9526,113958.0,107342.7526
2026-04-08 00:00:00,0.9526,0.9695,0.9315,0.9332,247253.0,235530.0964
2026-04-08 01:00:00,0.9332,0.9606,0.931,0.9595,36933.0,34916.3985
2026-04-08 02:00:00,0.9595,0.9667,0.9559,0.9646,50162.0,48154.0562
2026-04-08 03:00:00,0.9646,0.9722,0.9539,0.9566,58206.0,55894.7209
2026-04-08 04:00:00,0.9566,0.9598,0.9504,0.9534,27683.0,26473.8477
2026-04-08 05:00:00,0.9534,0.9639,0.9524,0.9604,26428.0,25354.2219
2026-04-08 06:00:00,0.9604,0.9831,0.959,0.9808,58532.0,56956.5413
2026-04-08 07:00:00,0.9808,0.9835,0.9695,0.9822,56311.0,54947.6236
2026-04-08 08:00:00,0.9822,0.9911,0.952,0.9543,120163.0,116719.7241
2026-04-08 09:00:00,0.9543,0.9556,0.9408,0.95,70730.0,67097.8447
2026-04-08 10:00:00,0.95,0.9547,0.9483,0.9496,37770.0,35949.2459
2026-04-08 11:00:00,0.9496,0.9544,0.9472,0.9482,45779.0,43481.5283
2026-04-08 12:00:00,0.9482,0.9485,0.9358,0.9401,73574.0,69163.7616
2026-04-08 13:00:00,0.9401,0.9482,0.9364,0.9404,33442.0,31493.85
2026-04-08 14:00:00,0.9404,0.9434,0.9268,0.9271,84694.0,78943.5723
2026-04-08 15:00:00,0.9271,0.9337,0.9245,0.9312,71449.0,66470.5642
2026-04-08 16:00:00,0.9312,0.9372,0.9311,0.9354,15158.0,14150.1438
2026-04-08 17:00:00,0.9354,0.9372,0.9326,0.936,13754.0,12859.4488
2026-04-08 18:00:00,0.936,0.9385,0.9303,0.9303,33740.0,31586.022
2026-04-08 19:00:00,0.9303,0.9315,0.9262,0.9263,23030.0,21412.125
2026-04-08 20:00:00,0.9263,0.9326,0.9263,0.9324,6649.0,6182.2548
2026-04-08 21:00:00,0.9324,0.9389,0.9324,0.9362,45006.0,42103.1034
2026-04-08 22:00:00,0.9362,0.9374,0.9223,0.9257,71333.0,66269.6928
2026-04-08 23:00:00,0.9257,0.9274,0.918,0.9191,51229.0,47243.9135
2026-04-09 00:00:00,0.9191,0.9334,0.9153,0.929,50462.0,46560.6814
2026-04-09 01:00:00,0.929,0.9512,0.9277,0.9441,266994.0,250643.579
2026-04-09 02:00:00,0.9441,0.9532,0.9408,0.9408,112492.0,106519.1193
2026-04-09 03:00:00,0.9408,0.9554,0.9366,0.9542,79212.0,74953.4093
2026-04-09 04:00:00,0.9542,0.958,0.9465,0.948,85549.0,81487.8649
2026-04-09 05:00:00,0.948,0.9544,0.9438,0.9501,49056.0,46621.9659
2026-04-09 06:00:00,0.9501,0.9518,0.9386,0.9409,98982.0,93646.2932
2026-04-09 07:00:00,0.9409,0.9478,0.9409,0.941,42283.0,39952.9843
2026-04-09 08:00:00,0.941,0.9411,0.9327,0.9353,12241.0,11485.9709
2026-04-09 09:00:00,0.9353,0.941,0.9316,0.941,19827.0,18574.9732
2026-04-09 10:00:00,0.941,0.9462,0.9384,0.9389,76731.0,72389.9543
2026-04-09 11:00:00,0.9389,0.9424,0.9329,0.938,69763.0,65426.1048
2026-04-09 12:00:00,0.938,0.938,0.9279,0.9298,18755.0,17460.8614
2026-04-09 13:00:00,0.9298,0.9337,0.9263,0.9303,88029.0,81908.689
2026-04-09 14:00:00,0.9303,0.9318,0.9293,0.9316,8818.0,8204.8485
2026-04-09 15:00:00,0.9316,0.941,0.9288,0.9407,71730.0,66859.167
2026-04-09 16:00:00,0.9407,0.9437,0.9356,0.9409,44193.0,41498.399
2026-04-09 17:00:00,0.9409,0.9471,0.9387,0.9457,6552.0,6179.5606
2026-04-09 18:00:00,0.9457,0.9457,0.9408,0.9424,5469.0,5153.2584
2026-04-09 19:00:00,0.9424,0.9444,0.9415,0.9436,7347.0,6928.5639
2026-04-09 20:00:00,0.9436,0.9453,0.9416,0.9416,6768.0,6390.7499
2026-04-09 21:00:00,0.9416,0.9441,0.9384,0.9438,4041.0,3808.3178
2026-04-09 22:00:00,0.9438,0.9492,0.9407,0.941,12519.0,11829.6731
2026-04-09 23:00:00,0.941,0.941,0.934,0.9374,40879.0,38263.3968
2026-04-10 00:00:00,0.9374,0.9376,0.9237,0.925,38802.0,35988.9838
2026-04-10 01:00:00,0.925,0.926,0.9194,0.9234,13929.0,12837.5639
2026-04-10 02:00:00,0.9234,0.9281,0.9224,0.9254,9624.0,8912.3507
2026-04-10 03:00:00,0.9254,0.9268,0.9206,0.9215,21852.0,20165.1062
2026-04-10 04:00:00,0.9215,0.9263,0.9214,0.9236,16869.0,15567.9318
2026-04-10 05:00:00,0.9236,0.924,0.9179,0.9228,11547.0,10643.9164
2026-04-10 06:00:00,0.9228,0.9276,0.9134,0.9155,19967.0,18339.8474
2026-04-10 07:00:00,0.9155,0.9155,0.9088,0.9091,35271.0,32166.5677
2026-04-10 08:00:00,0.9091,0.9161,0.9091,0.9128,34720.0,31720.7476
2026-04-10 09:00:00,0.9128,0.9183,0.9109,0.9149,38306.0,34975.259
2026-04-10 10:00:00,0.9149,0.9169,0.9067,0.9117,73379.0,66842.4458
2026-04-10 11:00:00,0.9117,0.9149,0.9083,0.9093,42109.0,38378.0984
2026-04-10 12:00:00,0.9093,0.9106,0.9034,0.9045,48752.0,44192.2934
2026-04-10 13:00:00,0.9045,0.9067,0.9019,0.9019,12152.0,10980.7677
2026-04-10 14:00:00,0.9019,0.9102,0.8969,0.9083,53643.0,48532.3706
2026-04-10 15:00:00,0.9083,0.9131,0.9042,0.9068,23724.0,21582.0945
2026-04-10 16:00:00,0.9068,0.9222,0.9068,0.9159,80681.0,73971.779
2026-04-10 17:00:00,0.9159,0.9216,0.9123,0.921,12868.0,11803.9158
2026-04-10 18:00:00,0.921,0.9273,0.9205,0.9267,27283.0,25229.1803
2026-04-10 19:00:00,0.9267,0.9334,0.9263,0.928,25604.0,23797.8868
2026-04-10 20:00:00,0.928,0.9329,0.9246,0.9326,32018.0,29786.832
2026-04-10 21:00:00,0.9326,0.936,0.9241,0.925,39401.0,36697.6493
2026-04-10 22:00:00,0.925,0.9277,0.9241,0.9247,12243.0,11337.4929
2026-04-10 23:00:00,0.9247,0.9285,0.9209,0.9264,18214.0,16870.5636
2026-04-11 00:00:00,0.9264,0.9266,0.9182,0.919,97897.0,90302.0142
2026-04-11 01:00:00,0.919,0.9202,0.9111,0.9171,48696.0,44528.1466
2026-04-11 02:00:00,0.9171,0.9184,0.912,0.9138,26943.0,24677.9164
2026-04-11 03:00:00,0.9138,0.9177,0.9098,0.9098,15127.0,13850.0834
2026-04-11 04:00:00,0.9098,0.9153,0.9097,0.9122,10826.0,9887.9193
2026-04-11 05:00:00,0.9122,0.9191,0.9107,0.9189,8283.0,7585.1915
2026-04-11 06:00:00,0.9189,0.9189,0.9106,0.9163,12066.0,11019.2286
2026-04-11 07:00:00,0.9163,0.9185,0.9149,0.9184,4804.0,4405.5399
2026-04-11 08:00:00,0.9184,0.9271,0.9179,0.9214,52497.0,48467.0607
2026-04-11 09:00:00,0.9214,0.9247,0.9167,0.918,17528.0,16129.8942
2026-04-11 10:00:00,0.918,0.9181,0.9143,0.9148,13811.0,12653.3537
2026-04-11 11:00:00,0.9148,0.9172,0.9134,0.9138,6502.0,5948.7051
2026-04-11 12:00:00,0.9138,0.9138,0.9086,0.9116,6917.0,6296.2533
2026-04-11 13:00:00,0.9116,0.9144,0.9077,0.9144,14046.0,12793.5554
2026-04-11 14:00:00,0.9144,0.9151,0.9103,0.9114,3821.0,3490.7052
2026-04-11 15:00:00,0.9114,0.9146,0.9114,0.9134,2608.0,2380.3168
2026-04-11 16:00:00,0.9134,0.9196,0.9133,0.917,40966.0,37552.3025
2026-04-11 17:00:00,0.917,0.9191,0.9159,0.9159,4348.0,3989.0493
2026-04-11 18:00:00,0.9159,0.9234,0.9158,0.9229,11631.0,10700.1947
2026-04-11 19:00:00,0.9229,0.9303,0.9229,0.9278,11448.0,10618.9276
2026-04-11 20:00:00,0.9278,0.9293,0.9222,0.9233,18066.0,16731.8252
2026-04-11 21:00:00,0.9233,0.9233,0.9195,0.923,4264.0,3926.8157
2026-04-11 22:00:00,0.923,0.923,0.9176,0.9182,3410.0,3137.3354
2026-04-11 23:00:00,0.9182,0.9203,0.9141,0.9184,6572.0,6033.0889
2026-04-12 00:00:00,0.9184,0.9207,0.9177,0.9181,3192.0,2932.2702
2026-04-12 01:00:00,0.9181,0.9181,0.8887,0.8914,31687.0,28440.0485
2026-04-12 02:00:00,0.8914,0.8933,0.8836,0.8915,13803.0,12284.4
2026-04-12 03:00:00,0.8915,0.8947,0.8914,0.8934,3365.0,3006.25
2026-04-12 04:00:00,0.8934,0.895,0.8911,0.8937,2447.0,2185.5745
2026-04-12 05:00:00,0.8937,0.8951,0.8918,0.8929,7401.0,6609.8047
2026-04-12 06:00:00,0.8929,0.8954,0.8891,0.8892,6090.0,5431.4408
2026-04-12 07:00:00,0.8892,0.8892,0.8823,0.8844,7501.0,6638.9663
2026-04-12 08:00:00,0.8844,0.8933,0.8837,0.8907,4315.0,3839.3094
2026-04-12 09:00:00,0.8907,0.8907,0.8869,0.8884,4282.0,3806.2355
2026-04-12 10:00:00,0.8884,0.889,0.8835,0.8843,40272.0,35725.2773
2026-04-12 11:00:00,0.8843,0.8888,0.8831,0.8867,2197.0,1950.5746
2026-04-12 12:00:00,0.8867,0.887,0.8802,0.8808,7597.0,6710.4681
2026-04-12 13:00:00,0.8808,0.8812,0.8722,0.8728,19130.0,16770.4375
2026-04-12 14:00:00,0.8728,0.8757,0.867,0.867,28945.0,25271.4624
2026-04-12 15:00:00,0.867,0.8715,0.867,0.8702,10607.0,9214.3231
2026-04-12 16:00:00,0.8702,0.873,0.8652,0.8693,5819.0,5054.691
2026-04-12 17:00:00,0.8693,0.8698,0.8621,0.8679,22248.0,19222.0908
2026-04-12 18:00:00,0.8679,0.8694,0.8589,0.8589,5910.0,5092.7278
2026-04-12 19:00:00,0.8589,0.859,0.8537,0.8575,2406.0,2061.8722
2026-04-12 20:00:00,0.8575,0.8609,0.8558,0.8569,7540.0,6472.4218
2026-04-12 21:00:00,0.8569,0.8578,0.8482,0.8496,13119.0,11148.205
2026-04-12 22:00:00,0.8496,0.8587,0.8409,0.8587,52310.0,44373.9819
2026-04-12 23:00:00,0.8587,0.8678,0.857,0.8655,22877.0,19740.413
2026-04-13 00:00:00,0.8655,0.8742,0.8645,0.868,24271.0,21107.5227
2026-04-13 01:00:00,0.868,0.8689,0.8621,0.8671,17033.0,14724.9446
2026-04-13 02:00:00,0.8671,0.8695,0.8643,0.8678,7502.0,6496.5929
2026-04-13 03:00:00,0.8678,0.8687,0.8639,0.8686,3090.0,2673.087
2026-04-13 04:00:00,0.8686,0.8688,0.8624,0.8638,9098.0,7878.0571
2026-04-13 05:00:00,0.8638,0.8638,0.8587,0.8626,7248.0,6230.9943
2026-04-13 06:00:00,0.8626,0.8669,0.8625,0.8664,7284.0,6300.6592
2026-04-13 07:00:00,0.8664,0.8665,0.8595,0.8615,15478.0,13374.6959
2026-04-13 08:00:00,0.8615,0.8615,0.8558,0.856,22371.0,19195.4633
2026-04-13 09:00:00,0.856,0.8646,0.8547,0.864,16352.0,14039.2851
2026-04-13 10:00:00,0.864,0.8745,0.8633,0.865,68036.0,58990.3594
2026-04-13 11:00:00,0.865,0.8748,0.8616,0.8739,28252.0,24572.1171
2026-04-13 12:00:00,0.8739,0.876,0.8668,0.8671,10582.0,9209.8646
2026-04-13 13:00:00,0.8671,0.8726,0.8615,0.872,11336.0,9836.6584
2026-04-13 14:00:00,0.872,0.872,0.866,0.8698,16132.0,14021.1657
2026-04-13 15:00:00,0.8698,0.8756,0.8682,0.8756,8543.0,7442.6923
2026-04-13 16:00:00,0.8756,0.88,0.87,0.8777,16190.0,14184.9305
2026-04-13 17:00:00,0.8777,0.8826,0.875,0.8755,20391.0,17892.0403
2026-04-13 18:00:00,0.8755,0.8764,0.871,0.871,3500.0,3059.8998
2026-04-13 19:00:00,0.871,0.878,0.869,0.878,7977.0,6983.256
2026-04-13 20:00:00,0.878,0.878,0.8753,0.8758,4494.0,3937.0972
2026-04-13 21:00:00,0.8758,0.8862,0.8758,0.8855,6092.0,5373.3161
2026-04-13 22:00:00,0.8855,0.8922,0.8849,0.891,11137.0,9911.2139
2026-04-13 23:00:00,0.891,0.8992,0.8886,0.8937,37241.0,33312.5891
2026-04-14 00:00:00,0.8937,0.8941,0.8793,0.8802,52994.0,46894.9406
2026-04-14 01:00:00,0.8802,0.8879,0.8801,0.8853,8014.0,7087.7107
2026-04-14 02:00:00,0.8853,0.886,0.8813,0.8824,5323.0,4703.6454
2026-04-14 03:00:00,0.8824,0.8842,0.8797,0.8797,2602.0,2295.464
2026-04-14 04:00:00,0.8797,0.8809,0.8779,0.8784,1756.0,1545.5656
2026-04-14 05:00:00,0.8784,0.8791,0.8717,0.872,7605.0,6651.1214
2026-04-14 06:00:00,0.872,0.8786,0.872,0.8749,6622.0,5802.8951
2026-04-14 07:00:00,0.8749,0.8782,0.8746,0.8753,4867.0,4265.845
2026-04-14 08:00:00,0.8753,0.8755,0.8714,0.8737,2148.0,1875.3509
2026-04-14 09:00:00,0.8737,0.8742,0.8709,0.8737,3630.0,3166.8443
2026-04-14 10:00:00,0.8737,0.8737,0.8662,0.8676,10649.0,9244.4769
