timestamp,open,high,low,close,volume_base,volume_quote
2025-04-03 12:00:00,3102.0,3146.4,3056.1,3129.8,538.08,1670032.581
2025-04-03 16:00:00,3129.8,3135.0,3101.5,3117.4,186.22,580962.844
2025-04-03 20:00:00,3117.4,3133.0,3116.1,3121.4,110.83,346103.223
2025-04-04 00:00:00,3121.4,3127.4,3098.9,3101.1,126.14,393137.013
2025-04-04 04:00:00,3101.1,3118.4,3095.6,3097.0,89.36,277615.375
2025-04-04 08:00:00,3097.0,3141.7,3088.1,3124.7,184.26,573915.447
2025-04-04 12:00:00,3124.7,3124.7,3047.0,3050.0,183.44,565762.823
2025-04-04 16:00:00,3050.0,3063.0,3041.5,3056.2,126.09,384876.63
2025-04-04 20:00:00,3056.2,3063.7,3048.7,3051.4,55.89,170779.123
2025-04-05 00:00:00,3051.4,3052.4,3040.0,3044.5,85.09,259127.683
2025-04-05 04:00:00,3044.5,3048.6,3025.0,3037.8,95.45,290238.386
2025-04-05 08:00:00,3037.8,3053.3,3032.5,3051.2,91.79,279255.973
2025-04-05 12:00:00,3051.2,3056.5,3041.4,3045.6,69.97,213463.531
2025-04-05 16:00:00,3045.6,3054.6,3040.0,3049.4,69.98,213342.995
2025-04-05 20:00:00,3049.4,3058.0,3045.8,3054.8,47.03,143558.007
2025-04-06 00:00:00,3054.8,3058.6,3049.2,3050.1,43.96,134214.88
2025-04-06 04:00:00,3050.1,3056.8,3049.7,3050.4,58.89,179791.554
2025-04-06 08:00:00,3050.4,3054.6,3050.1,3052.7,36.73,112106.22
2025-04-06 12:00:00,3052.7,3066.5,3052.7,3058.4,73.97,226273.294
2025-04-06 16:00:00,3058.4,3062.3,3031.9,3048.5,192.72,587096.164
2025-04-06 20:00:00,3048.5,3051.2,2993.1,3008.1,82.13,248286.709
2025-04-07 00:00:00,3008.1,3055.4,2983.2,3029.7,101.59,307461.657
2025-04-07 04:00:00,3029.7,3051.6,3022.0,3024.8,119.73,363604.329
2025-04-07 08:00:00,3024.8,3049.9,3021.1,3035.8,91.93,279119.658
2025-04-07 12:00:00,3035.8,3048.3,2996.0,2999.7,176.95,534388.155
2025-04-07 16:00:00,2999.7,3004.5,2980.7,2990.5,98.25,293943.975
2025-04-07 20:00:00,2990.5,3021.2,2976.6,2996.7,218.56,655773.693
2025-04-08 00:00:00,2996.7,3025.5,2996.6,3007.5,103.63,312222.591
2025-04-08 04:00:00,3007.5,3029.1,2982.4,3012.2,397.69,1196595.979
2025-04-08 08:00:00,3012.2,3021.7,3005.3,3021.3,72.73,219238.736
2025-04-08 12:00:00,3021.3,3025.0,3007.6,3012.3,92.48,278834.351
2025-04-08 16:00:00,3012.3,3012.8,2986.1,2998.4,88.87,266491.79
2025-04-08 20:00:00,2998.4,3003.2,2986.3,2993.8,71.48,214375.626
2025-04-09 00:00:00,2993.8,3019.8,2987.0,3014.4,64.39,193743.007
2025-04-09 04:00:00,3014.4,3054.4,3012.0,3038.5,213.45,648520.507
2025-04-09 08:00:00,3038.5,3079.5,3032.9,3078.4,314.1,959142.684
2025-04-09 12:00:00,3078.4,3095.6,3053.2,3089.5,211.59,650880.111
2025-04-09 16:00:00,3089.5,3117.5,3062.1,3107.4,360.67,1113751.15
2025-04-09 20:00:00,3107.4,3107.4,3075.2,3091.6,61.17,189041.917
2025-04-10 00:00:00,3091.6,3135.3,3089.2,3128.2,310.17,966558.781
2025-04-10 04:00:00,3128.2,3132.7,3112.6,3117.3,153.17,478215.865
2025-04-10 08:00:00,3117.3,3132.6,3113.2,3128.7,137.62,429550.424
2025-04-10 12:00:00,3128.7,3179.1,3123.3,3154.8,362.56,1142978.943
2025-04-10 16:00:00,3154.8,3182.0,3154.6,3179.3,93.94,297530.078
2025-04-10 20:00:00,3179.3,3209.2,3176.3,3205.9,151.79,483900.176
2025-04-11 00:00:00,3205.9,3249.0,3197.6,3236.0,262.29,847260.288
2025-04-11 04:00:00,3236.0,3236.0,3199.6,3222.9,112.93,363377.368
2025-04-11 08:00:00,3222.9,3248.0,3221.1,3239.6,140.98,456073.001
2025-04-11 12:00:00,3239.6,3281.0,3236.0,3261.0,449.42,1463385.021
2025-04-11 16:00:00,3261.0,3284.4,3250.0,3252.3,113.2,369379.453
2025-04-11 20:00:00,3252.3,3258.4,3241.4,3257.9,98.14,319099.411
2025-04-12 00:00:00,3257.9,3281.0,3257.9,3272.3,138.97,454809.604
2025-04-12 04:00:00,3272.3,3282.6,3265.0,3269.4,86.48,283222.214
2025-04-12 08:00:00,3269.4,3272.1,3250.2,3252.7,126.37,412092.639
2025-04-12 12:00:00,3252.7,3255.2,3230.0,3244.6,180.75,585931.208
2025-04-12 16:00:00,3244.6,3246.1,3234.8,3237.6,38.15,123562.054
2025-04-12 20:00:00,3237.6,3239.9,3234.2,3236.3,40.7,131717.581
2025-04-13 00:00:00,3236.3,3243.1,3236.3,3241.2,30.23,97972.233
2025-04-13 04:00:00,3241.2,3244.2,3239.1,3240.3,42.32,137177.783
2025-04-13 08:00:00,3240.3,3243.1,3237.2,3238.8,37.31,120877.702
2025-04-13 12:00:00,3238.8,3248.9,3237.4,3247.8,57.18,185344.903
2025-04-13 16:00:00,3247.8,3251.5,3241.9,3250.9,63.18,205092.648
2025-04-13 20:00:00,3250.9,3251.6,3231.6,3236.7,46.86,151926.273
2025-04-14 00:00:00,3236.7,3269.4,3233.7,3252.9,116.56,378822.636
2025-04-14 04:00:00,3252.9,3257.2,3239.5,3246.3,51.51,167313.66
2025-04-14 08:00:00,3246.3,3248.5,3222.0,3241.3,140.96,456241.346
2025-04-14 12:00:00,3241.3,3241.4,3210.6,3216.1,163.96,528291.034
2025-04-14 16:00:00,3216.1,3225.0,3215.1,3223.1,72.4,233213.846
2025-04-14 20:00:00,3223.1,3227.2,3218.7,3227.2,26.88,86617.227
2025-04-15 00:00:00,3227.2,3236.0,3220.6,3236.0,43.46,140405.285
2025-04-15 04:00:00,3236.0,3240.6,3226.5,3229.3,60.51,195734.018
2025-04-15 08:00:00,3229.3,3238.5,3226.9,3227.2,37.87,122406.454
2025-04-15 12:00:00,3227.2,3238.8,3223.7,3236.5,110.98,358740.809
2025-04-15 16:00:00,3236.5,3246.3,3233.8,3244.1,46.54,150809.79
2025-04-15 20:00:00,3244.1,3260.7,3241.9,3260.7,44.94,146027.091
2025-04-16 00:00:00,3260.7,3294.5,3260.7,3293.0,131.25,430468.436
2025-04-16 04:00:00,3293.0,3310.0,3275.0,3302.5,514.08,1694009.695
2025-04-16 08:00:00,3302.5,3331.7,3302.5,3328.3,623.34,2070160.198
2025-04-16 12:00:00,3328.3,3340.4,3316.1,3340.4,667.67,2222602.501
2025-04-16 16:00:00,3340.4,3359.2,3335.0,3351.5,564.52,1889784.909
2025-04-16 20:00:00,3351.5,3367.6,3343.9,3365.1,697.84,2341890.158
2025-04-17 00:00:00,3365.1,3373.7,3338.5,3353.7,402.52,1351126.484
2025-04-17 04:00:00,3353.7,3356.0,3330.6,3336.6,312.65,1045368.806
2025-04-17 08:00:00,3336.6,3363.4,3328.2,3350.7,679.69,2278099.354
2025-04-17 12:00:00,3350.7,3362.2,3305.8,3323.0,378.91,1261614.99
2025-04-17 16:00:00,3323.0,3340.6,3321.4,3335.6,226.83,755775.709
2025-04-17 20:00:00,3335.6,3342.4,3334.0,3341.9,56.77,189503.148
2025-04-18 00:00:00,3341.9,3344.0,3333.4,3333.4,77.22,257846.6
2025-04-18 04:00:00,3333.4,3354.3,3333.3,3344.5,62.36,208559.144
2025-04-18 08:00:00,3344.5,3354.6,3344.2,3352.4,115.07,385521.112
2025-04-18 12:00:00,3352.4,3360.0,3347.8,3352.7,75.42,252881.149
2025-04-18 16:00:00,3352.7,3353.0,3342.8,3346.3,106.88,357922.847
2025-04-18 20:00:00,3346.3,3351.8,3345.2,3347.8,45.97,153909.099
2025-04-19 00:00:00,3347.8,3349.5,3342.1,3348.5,65.67,219706.041
2025-04-19 04:00:00,3348.5,3352.5,3345.8,3350.3,34.71,116209.391
2025-04-19 08:00:00,3350.3,3351.6,3341.0,3342.1,66.6,222762.235
2025-04-19 12:00:00,3342.1,3347.9,3340.8,3344.7,45.2,151199.652
2025-04-19 16:00:00,3344.7,3348.9,3342.5,3348.5,36.98,123715.991
2025-04-19 20:00:00,3348.5,3348.8,3340.9,3343.0,29.87,99856.084
2025-04-20 00:00:00,3343.0,3350.0,3342.3,3345.8,41.51,138890.3
2025-04-20 04:00:00,3345.8,3351.5,3345.8,3349.9,40.75,136492.06
2025-04-20 08:00:00,3349.9,3359.2,3349.7,3359.2,151.98,509974.566
2025-04-20 12:00:00,3359.2,3360.1,3350.2,3352.6,41.01,137627.762
2025-04-20 16:00:00,3352.6,3353.6,3345.0,3353.3,52.15,174630.477
2025-04-20 20:00:00,3353.3,3365.6,3349.7,3363.5,104.01,349406.375
2025-04-21 00:00:00,3363.5,3421.8,3361.7,3406.2,1003.59,3402425.426
2025-04-21 04:00:00,3406.2,3431.4,3392.1,3415.3,637.79,2178808.991
2025-04-21 08:00:00,3415.3,3429.3,3412.5,3428.4,276.55,945149.74
2025-04-21 12:00:00,3428.4,3452.9,3420.1,3448.5,820.77,2820880.739
2025-04-21 16:00:00,3448.5,3449.4,3429.6,3437.2,266.77,916884.483
2025-04-21 20:00:00,3437.2,3467.5,3436.0,3458.5,263.6,909825.229
2025-04-22 00:00:00,3458.5,3514.0,3441.0,3505.4,1447.73,5048254.836
2025-04-22 04:00:00,3505.4,3530.4,3475.6,3500.0,678.94,2384230.863
2025-04-22 08:00:00,3500.0,3501.2,3463.5,3481.4,267.75,931910.253
2025-04-22 12:00:00,3481.4,3485.4,3432.6,3437.6,600.65,2072489.327
2025-04-22 16:00:00,3437.6,3439.6,3376.0,3399.1,429.75,1463390.993
2025-04-22 20:00:00,3399.1,3407.0,3334.3,3347.6,419.79,1408737.25
2025-04-23 00:00:00,3347.6,3411.5,3347.6,3364.4,470.1,1589372.56
2025-04-23 04:00:00,3364.4,3377.9,3301.0,3336.9,330.65,1102821.679
2025-04-23 08:00:00,3336.9,3355.0,3321.1,3338.4,172.4,576143.481
2025-04-23 12:00:00,3338.4,3346.2,3282.6,3304.9,400.43,1323972.016
2025-04-23 16:00:00,3304.9,3320.8,3298.1,3313.1,123.73,409380.986
2025-04-23 20:00:00,3313.1,3336.4,3302.1,3333.0,126.29,419536.49
2025-04-24 00:00:00,3333.0,3385.2,3331.0,3342.1,450.98,1515006.47
2025-04-24 04:00:00,3342.1,3355.6,3329.5,3351.6,149.99,501846.81
2025-04-24 08:00:00,3351.6,3361.5,3340.5,3354.1,174.89,586259.948
2025-04-24 12:00:00,3354.1,3361.0,3317.9,3341.3,300.96,1004089.622
2025-04-24 16:00:00,3341.3,3356.9,3335.9,3354.8,190.66,638098.482
2025-04-24 20:00:00,3354.8,3393.5,3352.5,3364.1,312.13,1051362.383
2025-04-25 00:00:00,3364.1,3374.4,3336.4,3336.8,252.48,848626.761
2025-04-25 04:00:00,3336.8,3339.8,3300.7,3320.5,432.04,1432490.254
2025-04-25 08:00:00,3320.5,3324.8,3301.2,3305.5,282.28,935059.579
2025-04-25 12:00:00,3305.5,3315.8,3266.3,3291.5,391.95,1290092.086
2025-04-25 16:00:00,3291.5,3315.5,3287.8,3309.8,144.56,476627.9
2025-04-25 20:00:00,3309.8,3322.8,3305.2,3316.2,211.81,702365.644
2025-04-26 00:00:00,3316.2,3319.6,3310.0,3316.7,66.4,220159.352
2025-04-26 04:00:00,3316.7,3320.4,3315.8,3317.1,44.45,147498.651
2025-04-26 08:00:00,3317.1,3317.3,3308.2,3313.9,50.89,168624.757
2025-04-26 12:00:00,3313.9,3317.9,3311.9,3316.0,30.33,100552.04
2025-04-26 16:00:00,3316.0,3319.4,3314.2,3317.8,34.5,114426.617
2025-04-26 20:00:00,3317.8,3319.5,3314.8,3315.1,45.01,149289.87
2025-04-27 00:00:00,3315.1,3319.1,3312.1,3316.1,50.66,167913.356
2025-04-27 04:00:00,3316.1,3323.1,3315.2,3318.2,47.45,157489.217
2025-04-27 08:00:00,3318.2,3320.4,3315.6,3316.7,33.38,110753.03
2025-04-27 12:00:00,3316.7,3323.7,3315.3,3321.1,53.86,178731.761
2025-04-27 16:00:00,3321.1,3328.5,3321.1,3325.1,46.52,154758.819
2025-04-27 20:00:00,3325.1,3330.0,3304.2,3307.5,60.78,201719.872
2025-04-28 00:00:00,3307.5,3318.8,3278.2,3297.4,223.53,737055.954
2025-04-28 04:00:00,3297.4,3304.4,3286.2,3293.6,105.9,349095.751
2025-04-28 08:00:00,3293.6,3299.7,3280.4,3295.7,123.09,404970.808
2025-04-28 12:00:00,3295.7,3334.5,3292.6,3329.8,252.22,836384.636
2025-04-28 16:00:00,3329.8,3354.9,3329.5,3352.4,107.34,358761.048
2025-04-28 20:00:00,3352.4,3352.7,3335.9,3338.7,154.67,516827.31
2025-04-29 00:00:00,3338.7,3339.3,3313.3,3317.0,80.53,267869.96
2025-04-29 04:00:00,3317.0,3326.2,3308.5,3324.2,98.49,326909.803
2025-04-29 08:00:00,3324.2,3327.8,3311.0,3313.8,93.51,310257.097
2025-04-29 12:00:00,3313.8,3324.8,3306.2,3316.5,80.09,265591.371
2025-04-29 16:00:00,3316.5,3332.4,3316.5,3321.8,62.84,208943.69
2025-04-29 20:00:00,3321.8,3324.3,3313.9,3317.9,64.25,213244.824
2025-04-30 00:00:00,3317.9,3326.9,3310.0,3310.1,52.07,172637.526
2025-04-30 04:00:00,3310.1,3316.8,3307.3,3312.7,63.7,210918.15
2025-04-30 08:00:00,3312.7,3312.7,3277.7,3280.7,322.4,1061124.906
2025-04-30 12:00:00,3280.7,3326.6,3279.0,3315.5,426.12,1409918.77
2025-04-30 16:00:00,3315.5,3318.6,3298.5,3300.8,96.85,320458.162
2025-04-30 20:00:00,3300.8,3302.9,3280.3,3283.1,97.87,321767.336
2025-05-01 00:00:00,3283.1,3287.0,3240.1,3247.7,245.93,801218.476
2025-05-01 04:00:00,3247.7,3259.7,3236.7,3248.1,107.61,349648.084
2025-05-01 08:00:00,3248.1,3254.3,3222.0,3222.0,205.01,663284.913
2025-05-01 12:00:00,3222.0,3248.4,3217.1,3233.2,188.89,611077.893
2025-05-01 16:00:00,3233.2,3243.0,3226.3,3242.9,108.29,350322.903
2025-05-01 20:00:00,3242.9,3260.1,3241.5,3250.0,108.85,353909.235
2025-05-02 00:00:00,3250.0,3271.8,3245.9,3267.2,74.65,243246.83
2025-05-02 04:00:00,3267.2,3278.5,3258.8,3278.4,110.04,359438.425
2025-05-02 08:00:00,3278.4,3281.9,3267.6,3279.3,82.55,270294.723
2025-05-02 12:00:00,3279.3,3280.8,3249.5,3251.3,239.61,782159.789
2025-05-02 16:00:00,3251.3,3256.3,3241.9,3247.3,134.31,436247.39
2025-05-02 20:00:00,3247.3,3261.4,3246.9,3255.1,54.13,176213.473
2025-05-03 00:00:00,3255.1,3259.2,3249.6,3258.7,47.15,153489.204
2025-05-03 04:00:00,3258.7,3259.3,3253.2,3254.8,32.63,106220.498
2025-05-03 08:00:00,3254.8,3259.3,3254.5,3258.6,24.06,78363.525
2025-05-03 12:00:00,3258.6,3262.3,3250.9,3256.4,65.68,213889.026
2025-05-03 16:00:00,3256.4,3260.1,3253.2,3259.0,23.43,76317.208
2025-05-03 20:00:00,3259.0,3259.4,3254.1,3254.4,25.58,83300.866
2025-05-04 00:00:00,3254.4,3255.4,3252.4,3253.5,25.53,83062.74
2025-05-04 04:00:00,3253.5,3256.0,3250.4,3254.2,32.98,107263.053
2025-05-04 08:00:00,3254.2,3256.9,3250.9,3255.7,22.47,73126.788
2025-05-04 12:00:00,3255.7,3260.3,3253.0,3253.1,20.81,67778.553
2025-05-04 16:00:00,3253.1,3253.1,3251.2,3252.3,21.36,69462.661
2025-05-04 20:00:00,3252.3,3269.1,3251.2,3264.0,91.21,297053.506
2025-05-05 00:00:00,3264.0,3283.8,3258.6,3271.0,137.69,450846.088
2025-05-05 04:00:00,3271.0,3289.0,3267.7,3276.3,143.42,469675.992
2025-05-05 08:00:00,3276.3,3325.6,3275.8,3321.8,214.13,707928.722
2025-05-05 12:00:00,3321.8,3339.8,3320.3,3320.3,241.77,804620.613
2025-05-05 16:00:00,3320.3,3344.9,3317.0,3341.5,172.7,575018.112
2025-05-05 20:00:00,3341.5,3349.1,3333.8,3341.0,99.09,331024.023
2025-05-06 00:00:00,3341.0,3393.4,3334.3,3370.3,425.07,1431543.258
2025-05-06 04:00:00,3370.3,3385.9,3346.6,3379.1,221.72,747236.563
2025-05-06 08:00:00,3379.1,3390.0,3375.0,3389.5,161.73,547245.827
2025-05-06 12:00:00,3389.5,3409.1,3381.5,3401.2,372.84,1267104.09
2025-05-06 16:00:00,3401.2,3430.5,3399.4,3429.7,220.41,753518.949
2025-05-06 20:00:00,3429.7,3446.8,3380.6,3406.5,315.21,1076038.859
2025-05-07 00:00:00,3406.5,3406.8,3363.1,3377.3,253.24,856300.023
2025-05-07 04:00:00,3377.3,3398.0,3377.0,3388.1,155.25,526178.163
2025-05-07 08:00:00,3388.1,3393.0,3366.6,3388.8,93.31,315823.508
2025-05-07 12:00:00,3388.8,3397.9,3380.0,3390.3,204.01,691328.317
2025-05-07 16:00:00,3390.3,3405.1,3370.0,3376.9,133.16,451452.691
2025-05-07 20:00:00,3376.9,3383.8,3365.6,3382.4,59.83,201925.559
2025-05-08 00:00:00,3382.4,3416.3,3379.3,3395.0,185.06,628655.765
2025-05-08 04:00:00,3395.0,3397.9,3326.2,3346.3,293.39,984705.043
2025-05-08 08:00:00,3346.3,3348.9,3335.0,3345.2,130.26,435444.037
2025-05-08 12:00:00,3345.2,3367.9,3328.1,3333.0,425.34,1425282.425
2025-05-08 16:00:00,3333.0,3336.0,3296.0,3314.4,267.01,884747.201
2025-05-08 20:00:00,3314.4,3339.1,3311.8,3320.7,242.34,805080.827
2025-05-09 00:00:00,3320.7,3327.8,3286.7,3311.6,160.71,531667.767
2025-05-09 04:00:00,3311.6,3334.7,3311.6,3331.5,128.4,427082.934
2025-05-09 08:00:00,3331.5,3354.5,3324.8,3336.5,175.15,584260.183
2025-05-09 12:00:00,3336.5,3349.6,3325.2,3348.6,137.38,458563.889
2025-05-09 16:00:00,3348.6,3350.2,3333.3,3334.3,73.58,245979.02
2025-05-09 20:00:00,3334.3,3335.3,3329.6,3332.6,41.07,136825.548
2025-05-10 00:00:00,3332.6,3337.9,3332.0,3334.2,134.93,449989.795
2025-05-10 04:00:00,3334.2,3334.2,3327.7,3331.2,36.73,122321.386
2025-05-10 08:00:00,3331.2,3332.8,3326.4,3330.2,45.96,153043.026
2025-05-10 12:00:00,3330.2,3331.0,3319.8,3322.8,50.87,169120.092
2025-05-10 16:00:00,3322.8,3323.7,3320.7,3322.0,24.86,82585.098
2025-05-10 20:00:00,3322.0,3328.6,3320.5,3323.0,60.3,200503.994
2025-05-11 00:00:00,3323.0,3325.6,3319.0,3322.3,41.21,136889.708
2025-05-11 04:00:00,3322.3,3323.8,3316.7,3317.5,27.09,89985.571
2025-05-11 08:00:00,3317.5,3327.2,3317.4,3320.1,26.64,88525.182
2025-05-11 12:00:00,3320.1,3321.0,3316.9,3317.4,33.73,111963.556
2025-05-11 16:00:00,3317.4,3318.3,3307.0,3307.8,80.88,268010.697
2025-05-11 20:00:00,3307.8,3312.4,3275.0,3291.8,259.23,853488.531
2025-05-12 00:00:00,3291.8,3293.9,3262.5,3287.0,109.52,359188.794
2025-05-12 04:00:00,3287.0,3287.8,3223.4,3229.8,257.33,838076.326
2025-05-12 08:00:00,3229.8,3244.0,3216.3,3233.3,353.52,1141209.676
2025-05-12 12:00:00,3233.3,3256.9,3233.3,3248.2,223.24,724629.119
2025-05-12 16:00:00,3248.2,3248.2,3225.1,3242.9,213.86,692076.424
2025-05-12 20:00:00,3242.9,3244.6,3232.5,3239.0,97.51,315802.363
2025-05-13 00:00:00,3239.0,3246.3,3220.2,3240.2,106.24,343496.901
2025-05-13 04:00:00,3240.2,3265.9,3237.6,3260.5,99.65,324560.528
2025-05-13 08:00:00,3260.5,3262.2,3251.1,3253.6,130.26,424158.834
2025-05-13 12:00:00,3253.6,3256.2,3232.4,3256.2,120.77,391849.396
2025-05-13 16:00:00,3256.2,3257.9,3244.9,3250.6,76.84,249807.982
2025-05-13 20:00:00,3250.6,3257.8,3243.7,3254.4,148.53,482764.019
2025-05-14 00:00:00,3254.4,3254.4,3229.5,3229.9,63.36,205182.017
2025-05-14 04:00:00,3229.9,3241.5,3225.7,3241.5,112.25,362880.511
2025-05-14 08:00:00,3241.5,3246.2,3229.0,3229.1,104.12,337148.193
2025-05-14 12:00:00,3229.1,3229.7,3174.7,3187.6,594.96,1901676.712
2025-05-14 16:00:00,3187.6,3196.4,3174.1,3187.3,131.31,418395.227
2025-05-14 20:00:00,3187.3,3192.7,3178.1,3191.2,65.35,208280.276
2025-05-15 00:00:00,3191.2,3197.8,3153.9,3156.6,187.49,594418.159
2025-05-15 04:00:00,3156.6,3164.7,3133.0,3155.7,263.18,828870.315
2025-05-15 08:00:00,3155.7,3190.2,3150.7,3187.0,194.68,618729.527
2025-05-15 12:00:00,3187.0,3226.0,3186.7,3226.0,239.28,767308.103
2025-05-15 16:00:00,3226.0,3238.0,3220.4,3237.6,150.73,486419.935
2025-05-15 20:00:00,3237.6,3256.7,3236.5,3239.9,136.07,441736.983
2025-05-16 00:00:00,3239.9,3246.3,3210.7,3215.0,208.36,672256.304
2025-05-16 04:00:00,3215.0,3234.8,3205.6,3210.5,129.0,415727.696
2025-05-16 08:00:00,3210.5,3219.3,3161.7,3174.2,198.57,634129.124
2025-05-16 12:00:00,3174.2,3198.3,3166.5,3196.0,254.94,812640.95
2025-05-16 16:00:00,3196.0,3207.3,3191.0,3203.5,98.78,315884.369
2025-05-16 20:00:00,3203.5,3212.2,3203.4,3205.7,41.94,134562.87
2025-05-17 00:00:00,3205.7,3211.8,3194.3,3209.1,67.78,217098.435
2025-05-17 04:00:00,3209.1,3211.5,3201.7,3203.6,41.97,134649.831
2025-05-17 08:00:00,3203.6,3210.5,3201.5,3208.2,34.95,112074.321
2025-05-17 12:00:00,3208.2,3212.3,3205.6,3212.3,36.15,116030.167
2025-05-17 16:00:00,3212.3,3215.7,3207.4,3207.4,29.21,93787.988
2025-05-17 20:00:00,3207.4,3213.6,3205.4,3212.4,18.91,60701.793
2025-05-18 00:00:00,3212.4,3214.9,3210.6,3214.4,35.48,113982.077
2025-05-18 04:00:00,3214.4,3222.0,3207.2,3213.1,65.86,211802.625
2025-05-18 08:00:00,3213.1,3213.1,3204.0,3208.9,35.87,115095.899
2025-05-18 12:00:00,3208.9,3214.4,3206.7,3211.4,40.51,130084.492
2025-05-18 16:00:00,3211.4,3213.8,3203.7,3204.9,35.96,115374.992
2025-05-18 20:00:00,3204.9,3253.8,3201.1,3239.5,273.52,883788.114
2025-05-19 00:00:00,3239.5,3254.0,3214.0,3216.2,195.69,633324.182
2025-05-19 04:00:00,3216.2,3238.8,3212.1,3238.1,151.95,490286.866
2025-05-19 08:00:00,3238.1,3253.7,3235.0,3250.7,82.01,266157.582
2025-05-19 12:00:00,3250.7,3250.7,3223.4,3236.4,229.76,743905.607
2025-05-19 16:00:00,3236.4,3240.0,3230.1,3236.1,63.15,204237.304
2025-05-19 20:00:00,3236.1,3236.2,3221.3,3225.0,66.45,214554.327
2025-05-20 00:00:00,3225.0,3233.1,3208.1,3216.3,217.98,701612.433
2025-05-20 04:00:00,3216.3,3230.7,3213.0,3228.9,117.65,378882.216
2025-05-20 08:00:00,3228.9,3246.0,3221.7,3245.2,123.35,399257.335
2025-05-20 12:00:00,3245.2,3285.8,3236.8,3277.0,313.96,1025905.784
2025-05-20 16:00:00,3277.0,3292.6,3275.3,3292.6,138.61,455085.4
2025-05-20 20:00:00,3292.6,3299.8,3283.0,3288.3,164.56,541603.466
2025-05-21 00:00:00,3288.3,3313.1,3284.8,3307.0,241.88,797372.007
2025-05-21 04:00:00,3307.0,3314.4,3294.7,3303.6,241.22,797471.667
2025-05-21 08:00:00,3303.6,3314.6,3301.1,3304.9,140.94,466203.287
2025-05-21 12:00:00,3304.9,3311.5,3287.1,3308.3,208.89,689038.279
2025-05-21 16:00:00,3308.3,3321.9,3298.0,3316.9,172.22,570263.98
2025-05-21 20:00:00,3316.9,3323.0,3311.0,3319.3,50.98,169085.504
2025-05-22 00:00:00,3319.3,3344.4,3317.6,3336.0,126.56,422078.71
2025-05-22 04:00:00,3336.0,3338.8,3324.5,3329.9,101.02,336636.748
2025-05-22 08:00:00,3329.9,3332.5,3285.8,3317.0,285.2,942902.272
2025-05-22 12:00:00,3317.0,3317.4,3284.1,3298.4,384.29,1268729.544
2025-05-22 16:00:00,3298.4,3307.5,3294.2,3296.0,99.75,329108.993
2025-05-22 20:00:00,3296.0,3309.4,3295.3,3302.9,194.28,641355.88
2025-05-23 00:00:00,3302.9,3314.1,3294.1,3307.1,154.43,510100.492
2025-05-23 04:00:00,3307.1,3335.6,3307.1,3330.8,162.42,539864.418
2025-05-23 08:00:00,3330.8,3351.2,3321.4,3344.6,199.33,664942.466
2025-05-23 12:00:00,3344.6,3362.7,3333.3,3356.0,516.21,1728591.134
2025-05-23 16:00:00,3356.0,3363.7,3352.2,3357.9,132.2,443932.537
2025-05-23 20:00:00,3357.9,3358.4,3345.3,3350.1,131.04,439224.73
2025-05-24 00:00:00,3350.1,3358.5,3348.0,3354.0,45.28,151852.787
2025-05-24 04:00:00,3354.0,3358.5,3353.4,3357.7,109.82,368543.41
2025-05-24 08:00:00,3357.7,3358.8,3349.4,3349.6,103.1,345666.95
2025-05-24 12:00:00,3349.6,3357.7,3349.4,3355.8,54.04,181322.742
2025-05-24 16:00:00,3355.8,3355.8,3350.4,3353.6,27.01,90559.984
2025-05-24 20:00:00,3353.6,3355.9,3350.0,3353.9,21.74,72906.212
2025-05-25 00:00:00,3353.9,3357.3,3351.8,3356.1,16.14,54139.129
2025-05-25 04:00:00,3356.1,3357.3,3353.6,3354.8,13.41,45001.822
2025-05-25 08:00:00,3354.8,3359.7,3354.3,3358.4,19.12,64190.727
2025-05-25 12:00:00,3358.4,3366.5,3358.3,3365.0,49.85,167572.864
2025-05-25 16:00:00,3365.0,3367.2,3363.4,3365.9,33.0,111070.505
2025-05-25 20:00:00,3365.9,3365.9,3335.3,3335.3,79.87,267425.844
2025-05-26 00:00:00,3335.3,3351.7,3326.1,3343.0,101.35,338214.081
2025-05-26 04:00:00,3343.0,3349.0,3331.1,3334.7,64.27,214570.826
2025-05-26 08:00:00,3334.7,3337.4,3324.0,3335.0,179.27,597490.585
2025-05-26 12:00:00,3335.0,3342.5,3329.3,3337.4,169.97,567207.35
2025-05-26 16:00:00,3337.4,3346.5,3336.9,3346.1,68.94,230500.053
2025-05-26 20:00:00,3346.1,3349.9,3341.7,3347.3,67.72,226609.429
2025-05-27 00:00:00,3347.3,3350.3,3332.8,3343.3,112.94,377353.966
2025-05-27 04:00:00,3343.3,3343.4,3298.3,3302.5,297.05,984678.539
2025-05-27 08:00:00,3302.5,3313.5,3294.5,3294.5,203.94,673747.776
2025-05-27 12:00:00,3294.5,3308.3,3293.1,3298.5,246.95,815295.346
2025-05-27 16:00:00,3298.5,3311.9,3297.7,3307.6,112.59,372133.401
2025-05-27 20:00:00,3307.6,3311.9,3301.6,3311.5,96.49,319008.081
2025-05-28 00:00:00,3311.5,3316.4,3295.0,3299.4,82.81,273762.922
2025-05-28 04:00:00,3299.4,3322.8,3292.0,3319.4,182.75,604238.756
2025-05-28 08:00:00,3319.4,3327.3,3302.4,3312.2,233.27,773894.66
2025-05-28 12:00:00,3312.2,3315.4,3297.1,3300.8,208.55,689524.136
2025-05-28 16:00:00,3300.8,3306.7,3294.7,3299.7,89.12,294058.58
2025-05-28 20:00:00,3299.7,3300.8,3255.1,3262.7,283.61,929901.622
2025-05-29 00:00:00,3262.7,3281.0,3251.4,3278.8,160.9,525550.954
2025-05-29 04:00:00,3278.8,3290.0,3271.1,3289.9,162.87,533945.481
2025-05-29 08:00:00,3289.9,3305.5,3280.6,3302.4,143.04,471627.667
2025-05-29 12:00:00,3302.4,3321.6,3300.7,3319.5,275.79,913765.58
2025-05-29 16:00:00,3319.5,3328.6,3301.4,3312.2,297.09,986311.948
2025-05-29 20:00:00,3312.2,3320.5,3311.4,3313.3,70.01,232133.1
2025-05-30 00:00:00,3313.3,3321.8,3291.7,3294.5,147.89,489176.915
2025-05-30 04:00:00,3294.5,3307.4,3290.4,3295.2,120.64,397843.9
2025-05-30 08:00:00,3295.2,3302.9,3292.6,3296.3,105.58,348171.391
2025-05-30 12:00:00,3296.3,3312.7,3278.0,3291.3,340.85,1122945.902
2025-05-30 16:00:00,3291.3,3297.9,3287.7,3297.1,81.3,267830.903
2025-05-30 20:00:00,3297.1,3297.8,3288.3,3292.2,37.81,124483.851
2025-05-31 00:00:00,3292.2,3295.5,3288.1,3293.8,40.87,134563.093
2025-05-31 04:00:00,3293.8,3295.3,3291.2,3291.6,15.43,50810.595
2025-05-31 08:00:00,3291.6,3294.7,3289.3,3289.5,16.96,55830.234
2025-05-31 12:00:00,3289.5,3292.4,3288.8,3289.3,33.09,108863.184
2025-05-31 16:00:00,3289.3,3291.4,3285.7,3288.2,24.77,81440.284
2025-05-31 20:00:00,3288.2,3291.3,3284.3,3284.7,21.96,72183.806
2025-06-01 00:00:00,3284.7,3290.0,3284.1,3289.9,29.39,96587.686
2025-06-01 04:00:00,3289.9,3291.5,3289.8,3290.7,13.37,43997.236
2025-06-01 08:00:00,3290.7,3294.1,3289.2,3293.3,19.88,65450.998
2025-06-01 12:00:00,3293.3,3295.6,3292.1,3294.9,13.47,44367.342
2025-06-01 16:00:00,3294.9,3298.4,3290.9,3295.4,29.97,98716.093
2025-06-01 20:00:00,3295.4,3315.7,3293.6,3309.1,173.87,574678.807
2025-06-02 00:00:00,3309.1,3313.9,3302.0,3308.2,63.65,210542.77
2025-06-02 04:00:00,3308.2,3357.4,3308.2,3349.9,347.34,1159200.436
2025-06-02 08:00:00,3349.9,3359.4,3341.8,3353.9,230.85,773226.205
2025-06-02 12:00:00,3353.9,3380.4,3350.5,3371.3,280.22,943322.892
2025-06-02 16:00:00,3371.3,3378.1,3366.2,3377.9,93.51,315329.539
2025-06-02 20:00:00,3377.9,3387.1,3374.5,3381.4,142.37,481502.1
2025-06-03 00:00:00,3381.4,3382.6,3360.0,3360.9,157.28,529853.558
2025-06-03 04:00:00,3360.9,3368.0,3350.1,3357.6,178.45,599607.427
2025-06-03 08:00:00,3357.6,3363.6,3355.1,3361.2,74.77,251153.224
2025-06-03 12:00:00,3361.2,3363.7,3337.3,3352.9,217.99,730533.561
2025-06-03 16:00:00,3352.9,3356.9,3347.2,3353.4,72.18,242042.124
2025-06-03 20:00:00,3353.4,3361.5,3353.4,3360.6,85.71,287868.435
2025-06-04 00:00:00,3360.6,3373.3,3348.7,3360.9,97.16,326956.307
2025-06-04 04:00:00,3360.9,3364.8,3351.5,3356.5,129.74,435587.243
2025-06-04 08:00:00,3356.5,3366.3,3347.4,3350.1,114.59,384513.278
2025-06-04 12:00:00,3350.1,3383.3,3347.4,3371.4,311.12,1047094.598
2025-06-04 16:00:00,3371.4,3382.3,3371.2,3373.1,103.31,348700.635
2025-06-04 20:00:00,3373.1,3381.1,3371.4,3380.4,127.42,430268.708
2025-06-05 00:00:00,3380.4,3385.8,3370.5,3371.8,57.41,193968.229
2025-06-05 04:00:00,3371.8,3377.0,3364.1,3372.2,105.22,354595.899
2025-06-05 08:00:00,3372.2,3405.8,3372.2,3392.3,321.09,1089102.971
2025-06-05 12:00:00,3392.3,3400.0,3345.7,3349.7,453.37,1529037.74
2025-06-05 16:00:00,3349.7,3364.5,3344.9,3361.5,155.44,521634.246
2025-06-05 20:00:00,3361.5,3365.8,3352.3,3365.6,89.99,302347.369
2025-06-06 00:00:00,3365.6,3373.5,3362.9,3373.5,80.26,270341.599
2025-06-06 04:00:00,3373.5,3378.2,3350.9,3360.2,143.81,484029.869
2025-06-06 08:00:00,3360.2,3367.0,3355.0,3358.7,68.58,230498.579
2025-06-06 12:00:00,3358.7,3364.3,3320.3,3337.0,362.26,1210783.038
2025-06-06 16:00:00,3337.0,3337.0,3316.7,3318.8,188.08,625297.761
2025-06-06 20:00:00,3318.8,3320.8,3315.0,3318.5,178.5,592228.81
2025-06-07 00:00:00,3318.5,3320.0,3317.3,3317.6,47.4,157307.942
2025-06-07 04:00:00,3317.6,3319.4,3316.7,3319.3,43.95,145801.665
2025-06-07 08:00:00,3319.3,3323.0,3318.1,3318.1,98.43,326934.355
2025-06-07 12:00:00,3318.1,3318.2,3314.4,3317.4,42.86,142112.757
2025-06-07 16:00:00,3317.4,3317.4,3314.6,3315.7,23.95,79423.736
2025-06-07 20:00:00,3315.7,3318.4,3315.2,3317.1,15.43,51172.726
2025-06-08 00:00:00,3317.1,3317.5,3314.9,3317.2,30.13,99921.224
2025-06-08 04:00:00,3317.2,3320.6,3316.2,3320.5,22.74,75452.787
2025-06-08 08:00:00,3320.5,3326.1,3312.6,3314.6,49.11,162923.547
2025-06-08 12:00:00,3314.6,3319.1,3314.6,3316.7,41.92,139049.217
2025-06-08 16:00:00,3316.7,3321.7,3314.5,3316.7,14.36,47636.277
2025-06-08 20:00:00,3316.7,3327.8,3316.4,3323.1,98.4,326821.215
2025-06-09 00:00:00,3323.1,3323.1,3298.9,3316.0,138.52,458297.676
2025-06-09 04:00:00,3316.0,3333.3,3312.9,3331.6,106.39,353844.173
2025-06-09 08:00:00,3331.6,3333.3,3315.6,3320.1,185.42,616531.837
2025-06-09 12:00:00,3320.1,3335.5,3316.2,3331.9,120.41,400253.099
2025-06-09 16:00:00,3331.9,3340.0,3328.1,3329.8,121.59,405584.705
2025-06-09 20:00:00,3329.8,3331.1,3278.0,3330.0,208.25,689905.825
2025-06-10 00:00:00,3330.0,3330.0,3305.5,3310.9,121.05,401063.627
2025-06-10 04:00:00,3310.9,3331.9,3306.5,3330.1,190.02,631332.827
2025-06-10 08:00:00,3330.1,3341.7,3327.8,3332.3,183.18,610791.38
2025-06-10 12:00:00,3332.3,3346.9,3323.9,3328.0,259.26,864887.095
2025-06-10 16:00:00,3328.0,3332.5,3320.0,3327.7,117.43,390421.355
2025-06-10 20:00:00,3327.7,3328.0,3318.5,3326.6,157.1,522193.691
2025-06-11 00:00:00,3326.6,3340.0,3325.6,3337.2,142.4,474319.227
2025-06-11 04:00:00,3337.2,3344.8,3331.0,3342.6,68.84,229792.922
2025-06-11 08:00:00,3342.6,3343.8,3327.6,3332.2,110.96,370117.177
2025-06-11 12:00:00,3332.2,3356.0,3326.3,3331.2,294.58,983750.777
2025-06-11 16:00:00,3331.2,3345.6,3320.0,3344.1,159.04,530034.982
2025-06-11 20:00:00,3344.1,3369.0,3343.7,3361.5,147.51,495137.908
2025-06-12 00:00:00,3361.5,3373.3,3360.5,3368.8,74.67,251485.554
2025-06-12 04:00:00,3368.8,3373.0,3338.5,3345.5,174.6,586035.557
2025-06-12 08:00:00,3345.5,3386.5,3345.5,3379.0,233.97,787846.412
2025-06-12 12:00:00,3379.0,3395.4,3374.5,3383.8,173.91,588825.79
2025-06-12 16:00:00,3383.8,3389.3,3375.2,3386.2,117.14,396232.729
2025-06-12 20:00:00,3386.2,3394.6,3379.5,3394.6,80.46,272296.576
2025-06-13 00:00:00,3394.6,3451.9,3391.6,3427.3,627.93,2150247.439
2025-06-13 04:00:00,3427.3,3436.7,3390.3,3417.2,527.54,1806368.848
2025-06-13 08:00:00,3417.2,3430.7,3414.9,3426.8,210.9,722056.685
2025-06-13 12:00:00,3426.8,3449.4,3420.0,3426.5,324.2,1113751.137
2025-06-13 16:00:00,3426.5,3440.2,3420.2,3434.5,153.61,527185.865
2025-06-13 20:00:00,3434.5,3439.0,3430.8,3436.6,56.39,193720.326
2025-06-14 00:00:00,3436.6,3437.6,3432.0,3432.0,27.34,93885.471
2025-06-14 04:00:00,3432.0,3434.5,3426.6,3429.9,37.49,128655.097
2025-06-14 08:00:00,3429.9,3436.9,3429.9,3434.9,30.04,103150.973
2025-06-14 12:00:00,3434.9,3439.3,3430.5,3438.0,64.92,223092.172
2025-06-14 16:00:00,3438.0,3465.2,3438.0,3460.0,194.14,670079.737
2025-06-14 20:00:00,3460.0,3477.5,3457.0,3467.7,113.16,392352.802
2025-06-15 00:00:00,3467.7,3476.6,3457.2,3464.5,60.62,210176.216
2025-06-15 04:00:00,3464.5,3464.5,3452.0,3458.3,91.83,317554.672
2025-06-15 08:00:00,3458.3,3466.5,3455.3,3466.5,65.92,228292.889
2025-06-15 12:00:00,3466.5,3469.0,3452.0,3455.6,63.04,218158.183
2025-06-15 16:00:00,3455.6,3460.6,3443.1,3459.2,71.03,245156.766
2025-06-15 20:00:00,3459.2,3464.4,3439.1,3448.2,187.36,646207.31
2025-06-16 00:00:00,3448.2,3455.8,3432.3,3433.0,218.59,752280.494
2025-06-16 04:00:00,3433.0,3434.9,3406.4,3417.7,359.57,1229904.381
2025-06-16 08:00:00,3417.7,3425.3,3413.4,3420.1,730.3,2498054.626
2025-06-16 12:00:00,3420.1,3423.8,3391.0,3408.5,673.56,2294267.807
2025-06-16 16:00:00,3408.5,3409.8,3386.6,3389.6,336.23,1142009.108
2025-06-16 20:00:00,3389.6,3410.0,3386.5,3409.8,230.66,784417.714
2025-06-17 00:00:00,3409.8,3410.7,3382.0,3391.7,243.54,828372.281
2025-06-17 04:00:00,3391.7,3401.3,3385.5,3395.9,105.72,358768.731
2025-06-17 08:00:00,3395.9,3407.4,3384.2,3395.4,349.4659,1187457.383437
2025-06-17 12:00:00,3395.4,3401.5,3370.9,3386.4,543.267884,1839508.1911987
2025-06-17 16:00:00,3386.4,3398.1,3382.0,3389.8,247.706925,840004.8485892
2025-06-17 20:00:00,3389.8,3403.0,3386.9,3392.2,210.602385,715435.7008597
2025-06-18 00:00:00,3392.2,3394.2,3376.5,3394.2,172.914725,585329.7926463
2025-06-18 04:00:00,3394.2,3402.6,3385.0,3391.3,336.319184,1140637.6872389
2025-06-18 08:00:00,3391.3,3394.4,3381.0,3387.5,358.847647,1215644.5128778
2025-06-18 12:00:00,3387.5,3401.2,3380.0,3394.9,291.717537,989803.097058
2025-06-18 16:00:00,3394.9,3400.2,3370.0,3372.4,337.604017,1141979.2240203
2025-06-18 20:00:00,3372.4,3382.6,3370.0,3380.0,182.666079,616558.5809395
2025-06-19 00:00:00,3380.0,3391.4,3375.4,3379.0,123.742775,418642.7414616
2025-06-19 04:00:00,3379.0,3380.6,3356.0,3372.5,619.993379,2085709.3881672
2025-06-19 08:00:00,3372.5,3383.3,3369.1,3376.9,469.813582,1586370.9583861
2025-06-19 12:00:00,3376.9,3379.5,3368.5,3378.1,308.589466,1041019.0196138
2025-06-19 16:00:00,3378.1,3385.2,3373.5,3382.5,147.51925,498503.9394611
2025-06-19 20:00:00,3382.5,3384.2,3370.7,3375.8,109.298249,369102.6126294
2025-06-20 00:00:00,3375.8,3377.8,3353.8,3363.3,247.483815,832199.2330141
2025-06-20 04:00:00,3363.3,3366.4,3348.0,3356.7,313.705261,1053107.520408
2025-06-20 08:00:00,3356.7,3365.1,3352.5,3357.0,235.043399,789534.0116212
2025-06-20 12:00:00,3357.0,3382.0,3352.4,3376.1,815.12841,2744924.352528
2025-06-20 16:00:00,3376.1,3381.1,3370.0,3371.5,168.412521,568348.9346735
2025-06-20 20:00:00,3371.5,3386.8,3369.7,3380.1,124.914832,422009.1327041
2025-06-21 00:00:00,3380.1,3380.7,3372.5,3376.6,73.420046,247908.7766951
2025-06-21 04:00:00,3376.6,3383.0,3375.2,3379.7,75.060776,253687.081154
2025-06-21 08:00:00,3379.7,3381.9,3376.9,3378.9,91.317461,308566.6545753
2025-06-21 12:00:00,3378.9,3382.6,3378.0,3380.5,62.295777,210585.2334896
2025-06-21 16:00:00,3380.5,3388.7,3376.5,3388.6,94.705582,320385.0137679
2025-06-21 20:00:00,3388.6,3394.0,3367.3,3379.5,547.576375,1850201.213997
2025-06-22 00:00:00,3379.5,3406.2,3378.8,3401.7,228.707735,776596.2652996
2025-06-22 04:00:00,3401.7,3409.8,3390.0,3399.4,181.371517,616514.2201
2025-06-22 08:00:00,3399.4,3405.6,3396.2,3402.6,212.432726,722469.5416127
2025-06-22 12:00:00,3402.6,3431.7,3362.2,3428.0,1577.010221,5372448.9913348
2025-06-22 16:00:00,3428.0,3431.3,3407.5,3418.6,352.583978,1204693.5494834
2025-06-22 20:00:00,3418.6,3426.0,3375.9,3377.9,725.276649,2461089.4254935
2025-06-23 00:00:00,3377.9,3383.2,3326.0,3368.3,675.222551,2270870.9719205
2025-06-23 04:00:00,3368.3,3370.6,3350.0,3360.8,361.675704,1215361.1870345
2025-06-23 08:00:00,3360.8,3386.2,3360.8,3382.9,481.615168,1623177.6905836
2025-06-23 12:00:00,3382.9,3394.5,3360.2,3388.7,492.886548,1666865.6123579
2025-06-23 16:00:00,3388.7,3397.4,3377.0,3377.0,310.899642,1052444.6142614
2025-06-23 20:00:00,3377.0,3382.8,3345.4,3347.5,548.880103,1846124.9207567
2025-06-24 00:00:00,3347.5,3362.7,3334.6,3356.0,323.416871,1084240.1905809
2025-06-24 04:00:00,3356.0,3357.1,3320.1,3337.0,784.548046,2614226.8639435
2025-06-24 08:00:00,3337.0,3338.2,3322.1,3326.5,266.153967,886330.246776
2025-06-24 12:00:00,3326.5,3327.1,3302.1,3317.8,809.010794,2681502.7888821
2025-06-24 16:00:00,3317.8,3331.3,3314.2,3328.4,237.073487,787754.975339
2025-06-24 20:00:00,3328.4,3331.3,3323.1,3328.9,222.800021,741442.1339065
2025-06-25 00:00:00,3328.9,3340.1,3327.2,3330.8,241.801088,806179.6089491
2025-06-25 04:00:00,3330.8,3339.9,3328.8,3333.4,202.936355,676600.3578668
2025-06-25 08:00:00,3333.4,3335.3,3323.7,3323.7,166.940238,555696.9704003
2025-06-25 12:00:00,3323.7,3332.2,3311.9,3329.2,427.857703,1421800.871336
2025-06-25 16:00:00,3329.2,3337.6,3325.5,3333.2,212.686159,708621.2956864
2025-06-25 20:00:00,3333.2,3340.0,3328.4,3339.5,152.604686,508716.694864
2025-06-26 00:00:00,3339.5,3343.5,3331.6,3338.7,212.025345,707418.7073721
2025-06-26 04:00:00,3338.7,3348.1,3334.0,3344.7,218.372243,729458.7847552
2025-06-26 08:00:00,3344.7,3349.7,3334.0,3334.0,213.207919,712168.9604528
2025-06-26 12:00:00,3334.0,3343.9,3311.6,3327.6,662.812208,2203266.2906386
2025-06-26 16:00:00,3327.6,3340.1,3327.2,3333.8,152.623403,508931.627348
2025-06-26 20:00:00,3333.8,3334.4,3317.5,3319.9,189.243718,629661.7603173
2025-06-27 00:00:00,3319.9,3323.9,3298.0,3298.6,480.133374,1589037.061519
2025-06-27 04:00:00,3298.6,3306.3,3289.2,3291.3,356.536684,1175490.8937442
2025-06-27 08:00:00,3291.3,3296.4,3281.0,3286.4,611.14906,2010085.3785274
2025-06-27 12:00:00,3286.4,3287.7,3260.8,3278.4,925.001633,3028198.2746697
2025-06-27 16:00:00,3278.4,3288.7,3274.5,3275.9,172.566992,566153.5477669
2025-06-27 20:00:00,3275.9,3286.5,3275.8,3284.2,64.100603,210411.97359
2025-06-28 00:00:00,3284.2,3285.4,3280.0,3282.8,83.547037,274243.7616343
2025-06-28 04:00:00,3282.8,3284.4,3276.7,3278.1,44.485912,145920.031852
2025-06-28 08:00:00,3278.1,3281.2,3276.0,3278.1,58.452565,191659.5638988
2025-06-28 12:00:00,3278.1,3286.1,3276.3,3279.9,76.00016,249284.130686
2025-06-28 16:00:00,3279.9,3283.1,3277.3,3280.7,78.721726,258168.9525363
2025-06-28 20:00:00,3280.7,3284.0,3276.6,3278.8,41.796159,137120.5251937
2025-06-29 00:00:00,3278.8,3281.9,3278.0,3280.6,20.209256,66296.044083
2025-06-29 04:00:00,3280.6,3282.9,3280.6,3282.9,11.952326,39224.841556
2025-06-29 08:00:00,3282.9,3283.9,3276.4,3277.7,150.627516,494134.7878024
2025-06-29 12:00:00,3277.7,3278.0,3270.4,3270.6,82.420223,269817.8210124
2025-06-29 16:00:00,3270.6,3275.6,3270.5,3273.4,75.146961,245907.5221531
2025-06-29 20:00:00,3273.4,3281.7,3252.1,3265.1,515.655167,1684363.2336286
2025-06-30 00:00:00,3265.1,3286.8,3263.3,3280.5,427.134889,1399283.9117896
2025-06-30 04:00:00,3280.5,3299.7,3278.0,3293.9,438.381394,1443029.2805355
2025-06-30 08:00:00,3293.9,3299.1,3275.9,3281.3,434.107094,1427201.8530793
2025-06-30 12:00:00,3281.3,3293.1,3280.5,3291.2,292.919486,963076.6493746
2025-06-30 16:00:00,3291.2,3307.8,3290.5,3307.5,677.740347,2234056.7477605
2025-06-30 20:00:00,3307.5,3312.2,3299.0,3310.7,220.10358,727525.7963107
2025-07-01 00:00:00,3310.7,3320.4,3308.9,3319.0,221.797247,735408.5485242
2025-07-01 04:00:00,3319.0,3335.0,3318.9,3334.8,720.519106,2396580.0640247
2025-07-01 08:00:00,3334.8,3347.0,3332.0,3343.2,719.513576,2402448.5782524
2025-07-01 12:00:00,3343.2,3351.6,3330.5,3333.3,1044.974991,3491793.6377687
2025-07-01 16:00:00,3333.3,3340.2,3329.0,3334.8,487.027535,1624366.9263498
2025-07-01 20:00:00,3334.8,3340.4,3326.6,3336.0,148.313653,494565.0943337
2025-07-02 00:00:00,3336.0,3341.9,3325.1,3337.5,336.771458,1122109.9173865
2025-07-02 04:00:00,3337.5,3340.3,3324.7,3329.0,401.0788,1337023.3841997
2025-07-02 08:00:00,3329.0,3343.0,3326.3,3336.8,440.246227,1468913.7186088
2025-07-02 12:00:00,3336.8,3346.0,3328.3,3334.1,437.026554,1457916.6719463
2025-07-02 16:00:00,3334.1,3352.8,3334.1,3349.7,389.997604,1304026.8817184
2025-07-02 20:00:00,3349.7,3357.9,3342.5,3343.0,431.088305,1443856.8260817
2025-07-03 00:00:00,3343.0,3344.4,3334.5,3341.5,281.65973,940651.7932076
2025-07-03 04:00:00,3341.5,3354.8,3341.3,3346.1,375.377679,1256055.129869
2025-07-03 08:00:00,3346.1,3348.8,3336.3,3337.8,310.910332,1039270.5051395
2025-07-03 12:00:00,3337.8,3343.7,3306.7,3321.0,1596.752687,5307855.7915659
2025-07-03 16:00:00,3321.0,3329.7,3320.3,3323.0,279.635791,929721.182529
2025-07-03 20:00:00,3323.0,3326.1,3318.2,3325.0,290.061944,963737.2296108
2025-07-04 00:00:00,3325.0,3333.5,3321.5,3332.9,441.308257,1467731.4694681
2025-07-04 04:00:00,3332.9,3340.3,3325.4,3335.6,362.184973,1207899.6840952
2025-07-04 08:00:00,3335.6,3340.0,3325.9,3330.4,210.058299,699670.9552202
2025-07-04 12:00:00,3330.4,3333.0,3326.2,3328.1,234.868219,781810.2691111
2025-07-04 16:00:00,3328.1,3335.8,3327.4,3335.7,102.837327,342634.0907703
2025-07-04 20:00:00,3335.7,3337.0,3333.2,3334.3,111.650915,372430.6733679
2025-07-05 00:00:00,3334.3,3335.9,3332.1,3334.1,45.020769,150085.9866957
2025-07-05 04:00:00,3334.1,3334.1,3328.1,3329.4,66.981731,223045.1378559
2025-07-05 08:00:00,3329.4,3335.6,3329.4,3332.2,82.250139,274149.6297509
2025-07-05 12:00:00,3332.2,3334.8,3329.8,3334.0,67.905543,226379.4187565
2025-07-05 16:00:00,3334.0,3336.1,3331.5,3332.8,51.057483,170225.5242194
2025-07-05 20:00:00,3332.8,3336.0,3330.0,3331.6,38.38192,127914.9135715
2025-07-06 00:00:00,3331.6,3332.4,3331.3,3332.2,11.703043,38994.1544225
2025-07-06 04:00:00,3332.2,3334.3,3330.8,3333.7,27.626648,92069.9004607
2025-07-06 08:00:00,3333.7,3337.5,3333.6,3337.0,41.548606,138555.5387511
2025-07-06 12:00:00,3337.0,3337.8,3326.0,3328.3,79.901332,266168.3802744
2025-07-06 16:00:00,3328.3,3334.6,3327.5,3334.1,42.608061,141946.0284871
2025-07-06 20:00:00,3334.1,3336.3,3322.1,3323.2,157.15699,523320.7603258
2025-07-07 00:00:00,3323.2,3327.5,3275.4,3307.9,2741.350409,9084458.8735145
2025-07-07 04:00:00,3307.9,3313.0,3299.0,3300.2,569.28648,1882875.5937154
2025-07-07 08:00:00,3300.2,3309.1,3294.8,3300.5,414.273137,1367682.7153177
2025-07-07 12:00:00,3300.5,3319.8,3299.8,3318.6,704.783012,2335072.7071014
2025-07-07 16:00:00,3318.6,3335.2,3318.4,3331.6,1178.914194,3923855.0619149
2025-07-07 20:00:00,3331.6,3339.7,3327.7,3329.8,552.896429,1843799.1146021
2025-07-08 00:00:00,3329.8,3334.4,3326.5,3327.0,285.165073,949498.6927938
2025-07-08 04:00:00,3327.0,3333.1,3323.1,3329.0,227.284794,756533.9217179
2025-07-08 08:00:00,3329.0,3329.0,3316.5,3320.8,878.161043,2916229.914972
2025-07-08 12:00:00,3320.8,3325.1,3288.1,3299.5,1210.778167,3997775.4529474
2025-07-08 16:00:00,3299.5,3309.1,3297.2,3304.7,605.444809,1999822.3677831
2025-07-08 20:00:00,3304.7,3307.5,3296.2,3303.5,306.913647,1013005.7620608
2025-07-09 00:00:00,3303.5,3307.2,3285.4,3294.1,321.46829,1059201.3060503
2025-07-09 04:00:00,3294.1,3299.0,3286.6,3294.0,456.536635,1503691.9393698
2025-07-09 08:00:00,3294.0,3298.0,3286.3,3287.8,650.012367,2140517.7098867
2025-07-09 12:00:00,3287.8,3311.8,3287.8,3307.0,1305.855552,4315103.853583
2025-07-09 16:00:00,3307.0,3315.1,3305.2,3310.8,338.135678,1118894.4001889
2025-07-09 20:00:00,3310.8,3317.0,3305.2,3312.8,355.855698,1178402.702975
2025-07-10 00:00:00,3312.8,3321.0,3312.5,3312.7,167.125355,554180.1418484
2025-07-10 04:00:00,3312.7,3324.5,3312.3,3317.1,436.08516,1447863.1784433
2025-07-10 08:00:00,3317.1,3325.5,3315.0,3315.6,192.887092,640712.9148745
2025-07-10 12:00:00,3315.6,3323.6,3306.7,3316.8,662.986518,2198220.9468642
2025-07-10 16:00:00,3316.8,3323.9,3308.7,3319.6,459.293849,1523397.6767831
2025-07-10 20:00:00,3319.6,3322.9,3311.9,3319.9,369.811803,1227146.7235112
2025-07-11 00:00:00,3319.9,3332.0,3319.4,3330.2,687.647423,2287764.080184
2025-07-11 04:00:00,3330.2,3334.3,3323.3,3330.7,373.774287,1243904.4694822
2025-07-11 08:00:00,3330.7,3341.4,3324.3,3340.6,495.1085,1650959.6929834
2025-07-11 12:00:00,3340.6,3361.6,3337.6,3353.9,658.025822,2204714.8569549
2025-07-11 16:00:00,3353.9,3354.3,3344.6,3352.4,213.451875,715044.8631571
2025-07-11 20:00:00,3352.4,3352.4,3343.9,3349.9,128.079288,428717.2086115
2025-07-12 00:00:00,3349.9,3354.1,3342.5,3350.5,162.578159,544325.4997434
2025-07-12 04:00:00,3350.5,3352.4,3344.4,3346.4,94.193277,315477.7700019
2025-07-12 08:00:00,3346.4,3349.2,3343.7,3345.6,36.449953,121968.9204506
2025-07-12 12:00:00,3345.6,3352.1,3345.0,3346.8,88.027257,294754.9343103
2025-07-12 16:00:00,3346.8,3356.6,3346.8,3354.2,202.150148,677507.4553504
2025-07-12 20:00:00,3354.2,3355.6,3350.1,3355.4,37.34771,125244.1416315
2025-07-13 00:00:00,3355.4,3357.8,3350.0,3353.9,28.746012,96401.5788025
2025-07-13 04:00:00,3353.9,3353.9,3350.8,3353.4,26.597706,89155.5932742
2025-07-13 08:00:00,3353.4,3354.3,3350.4,3351.6,21.756063,72925.1802278
2025-07-13 12:00:00,3351.6,3354.0,3346.5,3349.9,135.343386,453422.6630205
2025-07-13 16:00:00,3349.9,3351.7,3345.6,3345.7,106.562493,356861.5066527
2025-07-13 20:00:00,3345.7,3364.8,3345.0,3361.5,424.81315,1425373.4518126
2025-07-14 00:00:00,3361.5,3363.9,3350.0,3352.1,400.103262,1342339.5979892
2025-07-14 04:00:00,3352.1,3371.4,3348.2,3366.9,403.894085,1357193.710988
2025-07-14 08:00:00,3366.9,3370.7,3360.3,3360.6,166.154675,559220.4839154
2025-07-14 12:00:00,3360.6,3366.3,3341.6,3344.0,1045.026232,3504395.7957627
2025-07-14 16:00:00,3344.0,3352.4,3343.4,3343.5,428.321515,1433991.3325048
2025-07-14 20:00:00,3343.5,3347.7,3340.7,3347.1,302.046686,1009936.5978808
2025-07-15 00:00:00,3347.1,3354.7,3343.7,3354.7,235.816704,789661.3707238
2025-07-15 04:00:00,3354.7,3360.2,3353.6,3359.7,202.382959,679399.917272
2025-07-15 08:00:00,3359.7,3359.7,3351.0,3351.8,251.462389,844022.7158452
2025-07-15 12:00:00,3351.8,3356.3,3327.5,3330.3,705.250106,2357107.4039831
2025-07-15 16:00:00,3330.3,3334.3,3322.3,3332.1,246.989438,822280.3176527
2025-07-15 20:00:00,3332.1,3334.1,3328.5,3334.1,168.85083,562231.3256588
2025-07-16 00:00:00,3334.1,3338.0,3329.9,3336.8,117.572914,392024.5549286
2025-07-16 04:00:00,3336.8,3343.0,3335.3,3338.3,91.499297,305590.9410797
2025-07-16 08:00:00,3338.3,3343.8,3333.3,3338.9,224.537372,749577.9821059
2025-07-16 12:00:00,3338.9,3368.4,3319.3,3337.8,1944.814856,6504952.4333846
2025-07-16 16:00:00,3337.8,3351.8,3334.0,3341.7,275.986003,923460.400914
2025-07-16 20:00:00,3341.7,3346.1,3328.8,3340.8,174.68546,583555.9957444
2025-07-17 00:00:00,3340.8,3341.7,3331.6,3337.1,134.606325,448998.0592618
2025-07-17 04:00:00,3337.1,3339.7,3324.5,3325.3,342.649747,1141645.2086796
2025-07-17 08:00:00,3325.3,3330.8,3323.4,3325.4,412.594877,1372747.5480576
2025-07-17 12:00:00,3325.4,3339.2,3313.0,3338.7,1111.027219,3694421.8825896
2025-07-17 16:00:00,3338.7,3341.6,3337.2,3339.9,266.422379,889788.7634087
2025-07-17 20:00:00,3339.9,3343.8,3337.0,3340.1,163.185962,545174.3167331
2025-07-18 00:00:00,3340.1,3343.6,3335.0,3336.1,85.267066,284706.2000447
2025-07-18 04:00:00,3336.1,3348.1,3332.5,3347.8,437.830767,1462062.5455957
2025-07-18 08:00:00,3347.8,3355.6,3345.0,3352.0,349.89202,1171682.8933788
2025-07-18 12:00:00,3352.0,3361.0,3347.7,3349.0,580.841547,1947632.3364913
2025-07-18 16:00:00,3349.0,3353.7,3346.3,3346.3,41.695021,139637.0886104
2025-07-18 20:00:00,3346.3,3353.0,3343.4,3346.0,175.521262,587789.3472841
2025-07-19 00:00:00,3346.0,3348.0,3344.3,3346.3,34.198805,114406.2273834
2025-07-19 04:00:00,3346.3,3350.0,3346.2,3349.6,29.698883,99444.9928682
2025-07-19 08:00:00,3349.6,3353.4,3348.7,3349.0,36.327889,121740.830461
2025-07-19 12:00:00,3349.0,3350.0,3347.4,3348.1,20.492666,68618.0854484
2025-07-19 16:00:00,3348.1,3351.0,3348.1,3351.0,19.940026,66797.1206489
2025-07-19 20:00:00,3351.0,3352.3,3351.0,3351.2,18.32274,61405.4946646
2025-07-20 00:00:00,3351.2,3354.8,3351.0,3352.1,38.024407,127463.583761
2025-07-20 04:00:00,3352.1,3352.5,3350.5,3350.6,23.475534,78673.1594116
2025-07-20 08:00:00,3350.6,3351.7,3348.5,3350.9,8.528168,28572.6782799
2025-07-20 12:00:00,3350.9,3352.3,3349.0,3349.5,33.773987,113154.2223295
2025-07-20 16:00:00,3349.5,3354.9,3349.5,3350.1,34.351066,115193.0998849
2025-07-20 20:00:00,3350.1,3350.5,3345.3,3348.4,54.135995,181248.4421674
2025-07-21 00:00:00,3348.4,3356.0,3347.7,3352.6,50.158424,168246.6811812
2025-07-21 04:00:00,3352.6,3366.0,3350.2,3362.0,252.306227,848252.1829764
2025-07-21 08:00:00,3362.0,3367.2,3358.7,3367.2,175.620197,590489.124117
2025-07-21 12:00:00,3367.2,3391.5,3367.2,3389.2,487.12,1647830.776
2025-07-21 16:00:00,3389.2,3390.6,3383.0,3390.0,327.72,1110136.054
2025-07-21 20:00:00,3390.0,3394.8,3383.2,3388.2,61.32,207812.034
2025-07-22 00:00:00,3388.2,3389.5,3380.6,3386.0,353.26,1195797.662
2025-07-22 04:00:00,3386.0,3386.1,3375.7,3382.5,210.94,713290.022
2025-07-22 08:00:00,3382.5,3385.9,3380.4,3385.9,134.02,453419.3
2025-07-22 12:00:00,3385.9,3424.0,3385.9,3418.4,547.46,1865346.552
2025-07-22 16:00:00,3418.4,3425.0,3418.4,3423.9,181.72,622047.43
2025-07-22 20:00:00,3423.9,3425.8,3418.6,3418.6,125.4,429120.476
2025-07-23 00:00:00,3418.6,3429.8,3413.1,3418.6,349.16,1193390.792
2025-07-23 04:00:00,3418.6,3423.7,3413.0,3416.3,149.98,512508.354
2025-07-23 08:00:00,3416.3,3426.2,3416.3,3422.2,240.06,821234.268
2025-07-23 12:00:00,3422.2,3422.3,3393.8,3395.5,372.24,1268530.67
2025-07-23 16:00:00,3395.5,3395.5,3380.0,3387.9,507.9,1720024.56
2025-07-23 20:00:00,3387.9,3389.5,3381.3,3388.5,135.08,457477.906
2025-07-24 00:00:00,3388.5,3390.6,3371.6,3377.8,268.04,905699.0
2025-07-24 04:00:00,3377.8,3379.4,3364.1,3366.1,267.58,902317.868
2025-07-24 08:00:00,3366.1,3372.7,3361.5,3363.4,302.04,1016227.102
2025-07-24 12:00:00,3363.4,3376.0,3351.7,3372.5,1033.38,3474298.324
2025-07-24 16:00:00,3372.5,3372.5,3364.1,3370.0,175.94,592584.55
2025-07-24 20:00:00,3370.0,3371.1,3363.4,3368.1,175.46,590797.324
2025-07-25 00:00:00,3368.1,3371.3,3358.5,3358.5,124.94,420329.082
2025-07-25 04:00:00,3358.5,3362.3,3353.7,3354.8,351.8,1181313.794
2025-07-25 08:00:00,3354.8,3355.9,3342.4,3343.4,606.94,2031123.97
2025-07-25 12:00:00,3343.4,3351.2,3328.0,3330.0,999.18,3336613.26
2025-07-25 16:00:00,3330.0,3342.9,3329.3,3342.0,152.86,510149.846
2025-07-25 20:00:00,3342.0,3350.9,3338.7,3345.4,337.94,1130387.816
2025-07-26 00:00:00,3345.4,3349.4,3343.7,3344.5,129.54,433614.948
2025-07-26 04:00:00,3344.5,3347.9,3343.7,3347.4,84.68,283381.066
2025-07-26 08:00:00,3347.4,3347.8,3343.6,3344.9,204.12,682968.782
2025-07-26 12:00:00,3344.9,3347.2,3339.0,3345.1,98.2,328238.822
2025-07-26 16:00:00,3345.1,3346.5,3341.9,3343.9,29.58,98911.246
2025-07-26 20:00:00,3343.9,3348.0,3343.6,3345.7,41.58,139159.894
2025-07-27 00:00:00,3345.7,3346.1,3340.7,3343.3,169.3,565885.44
2025-07-27 04:00:00,3343.3,3346.0,3340.0,3346.0,24.5,81914.548
2025-07-27 08:00:00,3346.0,3347.0,3342.4,3346.9,50.74,169706.09
2025-07-27 12:00:00,3346.9,3349.5,3341.3,3341.8,38.58,129065.494
2025-07-27 16:00:00,3341.8,3344.2,3337.6,3339.5,44.66,149190.248
2025-07-27 20:00:00,3339.5,3343.3,3326.6,3336.6,239.22,797752.87
2025-07-28 00:00:00,3336.6,3345.6,3333.9,3345.6,118.42,395279.048
2025-07-28 04:00:00,3345.6,3346.1,3336.0,3336.3,165.92,554309.468
2025-07-28 08:00:00,3336.3,3343.7,3336.0,3339.3,231.56,773381.228
2025-07-28 12:00:00,3339.3,3340.1,3304.8,3320.9,1109.58,3683336.036
2025-07-28 16:00:00,3320.9,3323.3,3313.2,3322.5,146.04,484534.274
2025-07-28 20:00:00,3322.5,3326.3,3317.9,3318.6,75.58,251154.856
2025-07-29 00:00:00,3318.6,3326.4,3313.3,3318.6,126.54,420067.222
2025-07-29 04:00:00,3318.6,3329.0,3316.4,3324.1,414.98,1379652.624
2025-07-29 08:00:00,3324.1,3337.7,3320.4,3320.4,518.66,1726928.57
2025-07-29 12:00:00,3320.4,3336.7,3316.6,3323.6,531.82,1769277.086
2025-07-29 16:00:00,3323.6,3332.0,3323.3,3326.9,296.14,985617.246
2025-07-29 20:00:00,3326.9,3333.0,3325.9,3328.5,507.22,1688430.344
2025-07-30 00:00:00,3328.5,3334.9,3323.9,3328.8,364.58,1214251.49
2025-07-30 04:00:00,3328.8,3332.9,3322.6,3331.2,125.0,415927.646
2025-07-30 08:00:00,3331.2,3334.5,3325.5,3329.5,127.36,424176.218
2025-07-30 12:00:00,3329.5,3332.0,3295.6,3297.3,995.82,3297362.888
2025-07-30 16:00:00,3297.3,3312.9,3275.0,3278.1,947.28,3120517.226
2025-07-30 20:00:00,3278.1,3294.6,3278.1,3294.4,143.0,470087.168
2025-07-31 00:00:00,3294.4,3307.2,3292.3,3302.3,231.24,763144.424
2025-07-31 04:00:00,3302.3,3314.9,3301.2,3308.0,278.64,921243.592
2025-07-31 08:00:00,3308.0,3317.5,3298.2,3309.6,364.96,1208106.486
2025-07-31 12:00:00,3309.6,3313.0,3294.5,3299.5,424.62,1402325.404
2025-07-31 16:00:00,3299.5,3301.6,3291.9,3293.8,283.48,934468.522
2025-07-31 20:00:00,3293.8,3327.0,3287.2,3293.9,444.58,1465998.344
2025-08-01 00:00:00,3293.9,3301.7,3287.3,3297.6,224.04,738498.582
2025-08-01 04:00:00,3297.6,3305.0,3290.3,3292.1,91.22,300816.548
2025-08-01 08:00:00,3292.1,3305.4,3289.4,3302.2,228.72,754548.352
2025-08-01 12:00:00,3302.2,3351.4,3302.1,3344.2,1340.16,4471194.494
2025-08-01 16:00:00,3344.2,3354.5,3334.5,3350.3,318.52,1065536.124
2025-08-01 20:00:00,3350.3,3365.8,3350.3,3358.5,355.54,1193386.94
2025-08-02 00:00:00,3358.5,3364.8,3357.3,3357.4,97.26,326817.652
2025-08-02 04:00:00,3357.4,3358.8,3347.2,3356.5,109.2,366159.366
2025-08-02 08:00:00,3356.5,3359.6,3355.0,3358.0,97.8,328408.576
2025-08-02 12:00:00,3358.0,3359.1,3351.5,3353.7,94.1,315675.782
2025-08-02 16:00:00,3353.7,3358.7,3351.8,3355.2,123.78,415288.308
2025-08-02 20:00:00,3355.2,3359.4,3353.2,3356.1,22.48,75429.866
2025-08-03 00:00:00,3356.1,3360.1,3354.1,3354.2,85.5,287114.07
2025-08-03 04:00:00,3354.2,3358.7,3352.6,3353.5,124.3,417168.292
2025-08-03 08:00:00,3353.5,3359.5,3352.9,3355.0,32.2,108087.844
2025-08-03 12:00:00,3355.0,3358.6,3353.8,3356.5,11.36,38127.974
2025-08-03 16:00:00,3356.5,3357.8,3353.1,3356.8,35.14,117920.05
2025-08-03 20:00:00,3356.8,3361.4,3347.7,3354.9,110.64,371007.58
2025-08-04 00:00:00,3354.9,3358.6,3339.8,3356.3,268.38,899528.176
2025-08-04 04:00:00,3356.3,3359.8,3348.5,3349.5,193.54,648960.316
2025-08-04 08:00:00,3349.5,3368.9,3349.5,3366.1,326.46,1096741.086
2025-08-04 12:00:00,3366.1,3381.0,3358.0,3369.4,436.16,1470603.762
2025-08-04 16:00:00,3369.4,3373.6,3364.5,3370.1,113.66,382795.992
2025-08-04 20:00:00,3370.1,3375.5,3364.6,3372.4,116.02,390891.06
2025-08-05 00:00:00,3372.4,3377.3,3368.9,3369.1,116.6,393342.564
2025-08-05 04:00:00,3369.1,3371.1,3362.3,3371.1,287.34,967371.668
2025-08-05 08:00:00,3371.1,3371.3,3348.0,3349.4,475.6,1596776.754
2025-08-05 12:00:00,3349.4,3385.7,3348.5,3384.3,596.24,2010272.552
2025-08-05 16:00:00,3384.3,3386.1,3372.1,3376.0,207.64,702027.474
2025-08-05 20:00:00,3376.0,3381.8,3372.8,3378.3,37.34,126090.09
2025-08-06 00:00:00,3378.3,3380.4,3369.6,3370.9,74.62,251893.964
2025-08-06 04:00:00,3370.9,3374.2,3362.6,3371.0,351.82,1185433.91
2025-08-06 08:00:00,3371.0,3371.1,3354.2,3361.2,369.54,1242049.942
2025-08-06 12:00:00,3361.2,3375.0,3355.0,3372.5,406.66,1368893.88
2025-08-06 16:00:00,3372.5,3373.0,3363.6,3365.5,126.32,425468.068
2025-08-06 20:00:00,3365.5,3371.0,3362.0,3365.1,34.44,115936.182
2025-08-07 00:00:00,3365.1,3377.9,3360.5,3373.9,183.18,617031.518
2025-08-07 04:00:00,3373.9,3389.6,3365.4,3387.2,233.28,788500.954
2025-08-07 08:00:00,3387.2,3388.1,3366.2,3372.8,352.68,1189701.444
2025-08-07 12:00:00,3372.8,3385.6,3368.3,3381.1,550.96,1861335.124
2025-08-07 16:00:00,3381.1,3393.8,3378.6,3390.7,168.2,569623.474
2025-08-07 20:00:00,3390.7,3392.9,3379.2,3391.2,342.4,1160017.304
2025-08-08 00:00:00,3391.2,3392.4,3376.1,3388.2,285.74,966231.894
2025-08-08 04:00:00,3388.2,3394.6,3383.7,3394.1,209.42,709924.508
2025-08-08 08:00:00,3394.1,3394.9,3376.5,3381.3,415.42,1406847.1
2025-08-08 12:00:00,3381.3,3393.6,3375.0,3385.0,484.8,1640595.208
2025-08-08 16:00:00,3385.0,3393.9,3373.2,3390.3,425.42,1439751.638
2025-08-08 20:00:00,3390.3,3390.3,3383.7,3385.2,71.38,241687.69
2025-08-09 00:00:00,3385.2,3387.4,3383.4,3384.6,135.08,457290.27
2025-08-09 04:00:00,3384.6,3388.5,3380.0,3382.0,94.98,321451.698
2025-08-09 08:00:00,3382.0,3386.0,3380.1,3384.6,33.2,112353.776
2025-08-09 12:00:00,3384.6,3388.8,3382.7,3387.1,56.72,192031.164
2025-08-09 16:00:00,3387.1,3388.9,3384.5,3386.5,9.6,32513.77
2025-08-09 20:00:00,3386.5,3388.3,3386.5,3386.9,8.38,28385.304
2025-08-10 00:00:00,3386.9,3389.0,3386.6,3388.2,9.76,33064.696
2025-08-10 04:00:00,3388.2,3388.2,3386.6,3387.2,9.7,32855.242
2025-08-10 08:00:00,3387.2,3388.8,3384.6,3388.2,18.64,63126.866
2025-08-10 12:00:00,3388.2,3390.7,3386.3,3389.8,27.34,92634.586
2025-08-10 16:00:00,3389.8,3390.2,3385.0,3388.1,18.9,64032.862
2025-08-10 20:00:00,3388.1,3390.2,3380.0,3385.2,99.18,335777.458
2025-08-11 00:00:00,3385.2,3385.2,3363.9,3374.2,361.6,1219602.038
2025-08-11 04:00:00,3374.2,3376.5,3352.1,3355.6,638.74,2147209.804
2025-08-11 08:00:00,3355.6,3369.2,3347.0,3352.4,609.08,2043063.54
2025-08-11 12:00:00,3352.4,3359.5,3342.0,3348.5,303.5,1016897.624
2025-08-11 16:00:00,3348.5,3359.4,3340.3,3351.2,244.98,820625.168
2025-08-11 20:00:00,3351.2,3351.2,3341.0,3347.8,123.14,412020.314
2025-08-12 00:00:00,3347.8,3355.6,3346.3,3349.0,90.88,304590.488
2025-08-12 04:00:00,3349.0,3355.7,3341.8,3352.5,102.68,343997.598
2025-08-12 08:00:00,3352.5,3355.0,3335.9,3347.3,213.14,713401.434
2025-08-12 12:00:00,3347.3,3358.1,3330.4,3349.2,487.92,1631895.33
2025-08-12 16:00:00,3349.2,3350.3,3344.2,3346.8,142.64,477416.604
2025-08-12 20:00:00,3346.8,3352.1,3343.8,3349.0,49.36,165249.11
2025-08-13 00:00:00,3349.0,3354.1,3343.1,3348.4,191.96,642623.822
2025-08-13 04:00:00,3348.4,3358.6,3345.0,3353.8,139.02,465884.082
2025-08-13 08:00:00,3353.8,3364.4,3349.7,3359.4,261.68,878591.126
2025-08-13 12:00:00,3359.4,3368.4,3350.8,3354.6,394.4,1324106.442
2025-08-13 16:00:00,3354.6,3358.8,3347.1,3355.4,205.9,690235.798
2025-08-13 20:00:00,3355.4,3359.3,3351.4,3358.4,109.18,366197.006
2025-08-14 00:00:00,3358.4,3369.5,3352.8,3354.7,160.48,539841.236
2025-08-14 04:00:00,3354.7,3362.3,3342.0,3342.9,268.3,899644.776
2025-08-14 08:00:00,3342.9,3357.3,3339.2,3354.5,250.605,839266.1565
2025-08-14 12:00:00,3354.5,3357.3,3333.5,3340.8,503.04,1682841.669
2025-08-14 16:00:00,3340.8,3341.5,3330.3,3337.9,257.985,860276.5635
2025-08-14 20:00:00,3337.9,3337.9,3332.0,3335.1,180.255,600996.069
2025-08-15 00:00:00,3335.1,3344.1,3333.8,3344.0,48.603,162282.7473
2025-08-15 04:00:00,3344.0,3346.5,3340.0,3345.3,62.652,209431.182
2025-08-15 08:00:00,3345.3,3346.4,3337.3,3343.0,49.584,165656.442
2025-08-15 12:00:00,3343.0,3345.1,3333.8,3340.8,133.902,447315.3411
2025-08-15 16:00:00,3340.8,3340.8,3331.0,3337.3,135.12,450462.462
2025-08-15 20:00:00,3337.3,3338.0,3335.0,3336.6,25.62,85479.5145
2025-08-16 00:00:00,3336.6,3338.6,3335.0,3335.5,15.99,53367.3615
2025-08-16 04:00:00,3335.5,3337.4,3335.2,3337.4,45.32,151198.3773
2025-08-16 08:00:00,3337.4,3338.4,3335.9,3337.5,33.439,111603.3833
2025-08-16 12:00:00,3337.5,3338.2,3337.0,3337.6,23.409,78134.5007
2025-08-16 16:00:00,3337.6,3338.0,3336.6,3337.2,15.589,52023.6805
2025-08-16 20:00:00,3337.2,3338.0,3336.3,3336.9,9.163,30576.1643
2025-08-17 00:00:00,3336.9,3338.0,3336.7,3337.0,2.125,7092.5462
2025-08-17 04:00:00,3337.0,3338.1,3336.7,3337.9,12.104,40398.8425
2025-08-17 08:00:00,3337.9,3338.2,3337.6,3337.9,16.252,54248.5368
2025-08-17 12:00:00,3337.9,3338.3,3335.7,3337.3,38.182,127424.6951
2025-08-17 16:00:00,3337.3,3337.8,3336.5,3336.9,8.024,26779.4676
2025-08-17 20:00:00,3336.9,3338.6,3324.8,3327.7,204.799,682027.5747
2025-08-18 00:00:00,3327.7,3349.6,3327.7,3347.2,286.919,958581.45
2025-08-18 04:00:00,3347.2,3356.0,3344.7,3347.7,349.92,1172386.57
2025-08-18 08:00:00,3347.7,3348.8,3343.3,3344.2,200.7,671562.066
2025-08-18 12:00:00,3344.2,3347.1,3332.0,3336.5,282.44,942328.766
2025-08-18 16:00:00,3336.5,3336.5,3330.4,3333.5,116.0,386697.592
2025-08-18 20:00:00,3333.5,3335.9,3331.3,3333.8,86.5,288420.848
2025-08-19 00:00:00,3333.8,3342.2,3328.3,3337.7,292.14,975069.974
2025-08-19 04:00:00,3337.7,3359.8,3334.0,3340.0,298.76,998230.366
2025-08-19 08:00:00,3340.0,3346.0,3338.0,3341.7,183.5,613243.976
2025-08-19 12:00:00,3341.7,3341.7,3322.0,3327.1,663.74,2210562.05
2025-08-19 16:00:00,3327.1,3328.3,3321.0,3322.1,313.76,1043048.398
2025-08-19 20:00:00,3322.1,3325.0,3319.7,3320.5,72.18,239797.096
2025-08-20 00:00:00,3320.5,3322.8,3316.9,3322.4,80.24,266362.314
2025-08-20 04:00:00,3322.4,3329.5,3321.9,3327.5,571.08,1899197.212
2025-08-20 08:00:00,3327.5,3334.4,3323.0,3332.0,239.6,797606.958
2025-08-20 12:00:00,3332.0,3346.0,3330.5,3338.2,1550.1,5174927.966
2025-08-20 16:00:00,3338.2,3346.0,3335.1,3345.9,285.56,954321.788
2025-08-20 20:00:00,3345.9,3351.1,3344.1,3345.0,192.76,645230.794
2025-08-21 00:00:00,3345.0,3345.1,3339.6,3340.5,243.24,813056.714
2025-08-21 04:00:00,3340.5,3340.5,3335.4,3340.5,112.92,376960.32
2025-08-21 08:00:00,3340.5,3343.1,3327.6,3334.6,329.78,1099211.906
2025-08-21 12:00:00,3334.6,3353.5,3334.6,3343.7,407.96,1363753.794
2025-08-21 16:00:00,3343.7,3344.2,3337.0,3340.1,48.8,163001.104
2025-08-21 20:00:00,3340.1,3344.4,3337.6,3338.8,25.68,85798.924
2025-08-22 00:00:00,3338.8,3339.0,3333.5,3333.8,34.86,116266.318
2025-08-22 04:00:00,3333.8,3336.0,3326.4,3328.2,142.22,473649.886
2025-08-22 08:00:00,3328.2,3332.8,3328.2,3330.0,84.62,281829.008
2025-08-22 12:00:00,3330.0,3375.0,3321.2,3362.3,873.18,2930094.988
2025-08-22 16:00:00,3362.3,3369.1,3361.6,3368.0,135.4,455781.454
2025-08-22 20:00:00,3368.0,3368.4,3365.0,3366.6,37.24,125373.18
2025-08-23 00:00:00,3366.6,3367.2,3364.0,3364.1,19.2,64602.804
2025-08-23 04:00:00,3364.1,3366.1,3363.0,3365.1,20.34,68429.638
2025-08-23 08:00:00,3365.1,3368.8,3364.1,3367.8,16.88,56836.014
2025-08-23 12:00:00,3367.8,3370.0,3366.7,3367.5,114.84,386804.126
2025-08-23 16:00:00,3367.5,3368.8,3367.1,3367.1,15.02,50586.574
2025-08-23 20:00:00,3367.1,3370.0,3367.1,3369.8,29.74,100195.874
2025-08-24 00:00:00,3369.8,3371.1,3368.8,3368.8,22.68,76433.678
2025-08-24 04:00:00,3368.8,3369.4,3366.2,3366.9,31.72,106845.27
2025-08-24 08:00:00,3366.9,3372.5,3365.3,3368.5,44.52,149984.982
2025-08-24 12:00:00,3368.5,3373.7,3367.8,3373.4,36.5,123097.184
2025-08-24 16:00:00,3373.4,3373.4,3367.5,3369.0,48.18,162386.89
2025-08-24 20:00:00,3369.0,3371.0,3361.8,3365.7,63.54,213895.724
2025-08-25 00:00:00,3365.7,3365.8,3357.2,3363.6,151.44,508883.742
2025-08-25 04:00:00,3363.6,3366.3,3360.3,3363.6,55.46,186564.026
2025-08-25 08:00:00,3363.6,3367.4,3358.4,3367.1,156.7,526870.72
2025-08-25 12:00:00,3367.1,3371.4,3359.8,3369.0,213.94,720010.872
2025-08-25 16:00:00,3369.0,3369.9,3360.9,3360.9,50.04,168474.936
2025-08-25 20:00:00,3360.9,3361.2,3345.6,3349.6,196.36,658510.618
2025-08-26 00:00:00,3349.6,3377.2,3346.0,3365.9,263.92,888718.092
2025-08-26 04:00:00,3365.9,3373.2,3362.2,3370.9,90.14,303706.902
2025-08-26 08:00:00,3370.9,3374.5,3363.0,3371.7,182.72,615418.674
2025-08-26 12:00:00,3371.7,3382.6,3363.7,3382.4,184.84,623221.95
2025-08-26 16:00:00,3382.4,3383.0,3372.6,3382.5,155.56,525470.412
2025-08-26 20:00:00,3382.5,3387.9,3378.4,3383.2,95.64,323526.428
2025-08-27 00:00:00,3383.2,3386.6,3376.7,3376.7,164.34,555474.75
2025-08-27 04:00:00,3376.7,3378.0,3369.8,3378.0,269.98,910798.318
2025-08-27 08:00:00,3378.0,3383.4,3371.1,3374.1,278.94,941744.012
2025-08-27 12:00:00,3374.1,3385.7,3369.7,3383.3,559.68,1890423.822
2025-08-27 16:00:00,3383.3,3394.1,3383.3,3393.5,382.46,1296767.854
2025-08-27 20:00:00,3393.5,3400.3,3393.0,3393.7,194.22,659544.084
2025-08-28 00:00:00,3393.7,3394.9,3384.2,3389.9,310.16,1051900.196
2025-08-28 04:00:00,3389.9,3396.7,3387.5,3393.6,113.4,384659.924
2025-08-28 08:00:00,3393.6,3404.0,3392.2,3401.2,232.66,790823.398
2025-08-28 12:00:00,3401.2,3415.6,3392.8,3412.1,943.5,3216096.852
2025-08-28 16:00:00,3412.1,3424.1,3410.9,3423.2,333.5,1140107.54
2025-08-28 20:00:00,3423.2,3423.2,3415.0,3415.5,151.36,517320.554
2025-08-29 00:00:00,3415.5,3418.7,3408.0,3411.9,214.92,733175.72
2025-08-29 04:00:00,3411.9,3413.6,3407.3,3409.0,203.5,694077.46
2025-08-29 08:00:00,3409.0,3414.7,3403.0,3407.7,327.0,1114738.328
2025-08-29 12:00:00,3407.7,3448.2,3406.6,3446.7,854.24,2929055.478
2025-08-29 16:00:00,3446.7,3457.3,3443.4,3455.6,440.22,1518406.904
2025-08-29 20:00:00,3455.6,3455.6,3447.3,3455.0,184.56,636893.458
2025-08-30 00:00:00,3455.0,3456.7,3449.7,3453.8,64.62,223094.934
2025-08-30 04:00:00,3453.8,3456.1,3451.8,3454.6,63.3,218641.786
2025-08-30 08:00:00,3454.6,3459.3,3451.5,3452.6,39.96,138099.874
2025-08-30 12:00:00,3452.6,3457.4,3452.0,3452.7,113.26,391345.436
2025-08-30 16:00:00,3452.7,3459.2,3452.7,3458.5,49.64,171582.304
2025-08-30 20:00:00,3458.5,3464.5,3457.8,3460.8,200.52,694071.63
2025-08-31 00:00:00,3460.8,3461.2,3454.6,3458.3,103.1,356570.712
2025-08-31 04:00:00,3458.3,3461.0,3455.9,3458.5,84.28,291524.18
2025-08-31 08:00:00,3458.5,3459.0,3456.7,3458.6,53.52,185072.496
2025-08-31 12:00:00,3458.6,3466.9,3458.2,3463.7,179.98,623038.572
2025-08-31 16:00:00,3463.7,3465.0,3461.5,3463.4,30.42,105356.25
2025-08-31 20:00:00,3463.4,3465.0,3447.8,3456.9,473.64,1636607.78
2025-09-01 00:00:00,3456.9,3494.9,3445.5,3485.0,758.64,2636924.21
2025-09-01 04:00:00,3485.0,3502.5,3482.9,3489.6,547.96,1914395.856
2025-09-01 08:00:00,3489.6,3493.9,3477.5,3479.5,517.16,1801634.022
2025-09-01 12:00:00,3479.5,3486.8,3474.5,3482.1,319.98,1113363.136
2025-09-01 16:00:00,3482.1,3486.9,3480.2,3481.6,83.5,290904.69
2025-09-01 20:00:00,3481.6,3490.3,3479.1,3488.7,192.72,671959.026
2025-09-02 00:00:00,3488.7,3527.7,3487.9,3509.9,954.36,3349331.474
2025-09-02 04:00:00,3509.9,3515.0,3483.5,3486.2,792.8,2773268.098
2025-09-02 08:00:00,3486.2,3499.1,3480.1,3498.9,667.88,2330744.552
2025-09-02 12:00:00,3498.9,3528.1,3485.1,3528.1,986.44,3460872.962
2025-09-02 16:00:00,3528.1,3546.9,3525.1,3543.2,1066.4,3769564.818
2025-09-02 20:00:00,3543.2,3543.4,3529.1,3535.3,380.0,1344044.872
2025-09-03 00:00:00,3535.3,3551.8,3532.8,3536.6,459.86,1629524.052
2025-09-03 04:00:00,3536.6,3544.5,3536.4,3540.7,249.4,883164.694
2025-09-03 08:00:00,3540.7,3554.7,3540.7,3553.3,431.66,1532025.218
2025-09-03 12:00:00,3553.3,3571.3,3549.0,3568.3,1156.68,4121118.514
2025-09-03 16:00:00,3568.3,3580.7,3555.2,3564.8,1182.58,4225417.056
2025-09-03 20:00:00,3564.8,3568.0,3556.6,3562.7,467.76,1666676.794
2025-09-04 00:00:00,3562.7,3564.3,3500.0,3535.9,1308.14,4629941.046
2025-09-04 04:00:00,3535.9,3549.2,3530.7,3547.2,835.72,2959656.774
2025-09-04 08:00:00,3547.2,3555.9,3542.3,3550.0,926.7,3288209.892
2025-09-04 12:00:00,3550.0,3562.8,3539.4,3557.3,846.66,3006916.532
2025-09-04 16:00:00,3557.3,3558.6,3544.5,3551.3,403.5,1433640.06
2025-09-04 20:00:00,3551.3,3554.9,3540.5,3554.2,344.18,1220237.306
2025-09-05 00:00:00,3554.2,3561.1,3549.1,3561.1,403.48,1434664.426
2025-09-05 04:00:00,3561.1,3561.8,3547.9,3547.9,765.92,2723365.442
2025-09-05 08:00:00,3547.9,3559.6,3546.7,3553.6,505.7,1796513.298
2025-09-05 12:00:00,3553.6,3597.0,3552.2,3590.6,2924.5,10467145.436
2025-09-05 16:00:00,3590.6,3598.0,3587.0,3593.8,485.52,1744433.454
2025-09-05 20:00:00,3593.8,3593.8,3584.8,3589.4,178.42,640199.872
2025-09-06 00:00:00,3589.4,3599.9,3586.5,3591.8,587.64,2111821.734
2025-09-06 04:00:00,3591.8,3595.8,3590.3,3595.1,86.32,310149.414
2025-09-06 08:00:00,3595.1,3597.0,3592.5,3596.0,286.84,1031146.59
2025-09-06 12:00:00,3596.0,3601.7,3593.0,3598.1,283.0,1018128.088
2025-09-06 16:00:00,3598.1,3605.3,3596.3,3602.2,261.82,942950.03
2025-09-06 20:00:00,3602.2,3603.6,3599.1,3603.4,57.86,208367.038
2025-09-07 00:00:00,3603.4,3607.4,3599.1,3600.8,158.0,569542.16
2025-09-07 04:00:00,3600.8,3609.1,3593.1,3604.3,252.72,910390.864
2025-09-07 08:00:00,3604.3,3606.5,3601.8,3606.1,100.14,360968.176
2025-09-07 12:00:00,3606.1,3606.3,3602.1,3604.7,146.88,529365.828
2025-09-07 16:00:00,3604.7,3609.0,3603.0,3605.6,157.02,566329.292
2025-09-07 20:00:00,3605.6,3608.1,3591.3,3598.1,769.66,2769916.87
2025-09-08 00:00:00,3598.1,3601.8,3586.1,3588.0,575.58,2068926.424
2025-09-08 04:00:00,3588.0,3619.0,3585.0,3613.9,890.22,3207037.954
2025-09-08 08:00:00,3613.9,3627.0,3612.9,3624.6,822.252308,2975840.9406871
2025-09-08 12:00:00,3624.6,3647.0,3618.5,3640.0,1240.617404,4507178.9520147
2025-09-08 16:00:00,3640.0,3641.6,3630.4,3634.7,644.314216,2342773.6855633
2025-09-08 20:00:00,3634.7,3637.8,3628.2,3637.3,412.343294,1498122.7172154
2025-09-09 00:00:00,3637.3,3658.1,3635.7,3648.0,873.69989,3187261.5991617
2025-09-09 04:00:00,3648.0,3664.0,3643.2,3651.9,1273.958859,4656454.9061604
2025-09-09 08:00:00,3651.9,3662.7,3650.1,3655.0,319.365565,1167957.197212
2025-09-09 12:00:00,3655.0,3679.8,3637.6,3654.2,1346.163206,4921660.5213889
2025-09-09 16:00:00,3654.2,3658.2,3633.4,3633.9,687.384204,2505406.3546803
2025-09-09 20:00:00,3633.9,3648.2,3627.4,3641.4,818.142951,2975028.7978917
2025-09-10 00:00:00,3641.4,3643.2,3627.3,3641.3,593.795787,2158893.5100627
2025-09-10 04:00:00,3641.3,3653.1,3640.9,3650.4,320.023492,1167547.5612657
2025-09-10 08:00:00,3650.4,3661.4,3648.8,3653.7,676.982429,2474799.5660069
2025-09-10 12:00:00,3653.7,3662.3,3616.4,3644.3,2083.286021,7595155.2509945
2025-09-10 16:00:00,3644.3,3648.7,3635.5,3641.1,408.743488,1488839.2421483
2025-09-10 20:00:00,3641.1,3643.7,3635.9,3643.3,396.242455,1442363.2472467
2025-09-11 00:00:00,3643.3,3649.2,3630.5,3633.7,992.958788,3614652.8805458
2025-09-11 04:00:00,3633.7,3639.5,3623.8,3631.4,723.297686,2627480.1804054
2025-09-11 08:00:00,3631.4,3632.6,3614.0,3618.7,730.284441,2644770.9461983
2025-09-11 12:00:00,3618.7,3644.6,3617.2,3634.4,1786.268406,6484984.231261
2025-09-11 16:00:00,3634.4,3641.9,3632.9,3636.7,349.482902,1270847.8822002
2025-09-11 20:00:00,3636.7,3642.0,3633.6,3634.3,131.51111,478374.8745343
2025-09-12 00:00:00,3634.3,3653.0,3633.0,3653.0,242.564166,884007.3055581
2025-09-12 04:00:00,3653.0,3656.8,3647.2,3647.8,740.093605,2703037.5230929
2025-09-12 08:00:00,3647.8,3652.3,3639.2,3648.8,437.038304,1593737.1050812
2025-09-12 12:00:00,3648.8,3653.9,3641.0,3644.0,312.841112,1141178.6889149
2025-09-12 16:00:00,3644.0,3651.7,3641.6,3643.1,622.303418,2269351.7820498
2025-09-12 20:00:00,3643.1,3647.5,3634.3,3645.4,262.148952,954343.5732549
2025-09-13 00:00:00,3645.4,3649.2,3640.5,3642.6,175.801331,640816.4925508
2025-09-13 04:00:00,3642.6,3643.8,3638.0,3642.0,197.006034,717186.4950255
2025-09-13 08:00:00,3642.0,3642.6,3638.0,3639.9,115.636058,420968.8074771
2025-09-13 12:00:00,3639.9,3643.0,3638.0,3640.5,193.891388,705809.3656753
2025-09-13 16:00:00,3640.5,3645.1,3639.9,3641.9,80.140609,291899.2226788
2025-09-13 20:00:00,3641.9,3644.8,3640.3,3644.6,50.985257,185633.410112
2025-09-14 00:00:00,3644.6,3646.9,3642.1,3645.9,105.627077,384929.7170222
2025-09-14 04:00:00,3645.9,3649.8,3645.0,3647.5,99.187902,361801.5082435
2025-09-14 08:00:00,3647.5,3648.0,3645.0,3646.9,61.762952,225164.0865028
2025-09-14 12:00:00,3646.9,3651.7,3646.0,3651.7,173.512762,633272.93144
2025-09-14 16:00:00,3651.7,3652.1,3647.6,3648.0,184.641779,673878.0656027
2025-09-14 20:00:00,3648.0,3652.5,3640.3,3641.3,203.886096,743561.5760048
2025-09-15 00:00:00,3641.3,3647.9,3630.0,3647.8,373.283727,1358227.8508289
2025-09-15 04:00:00,3647.8,3648.0,3637.9,3646.7,201.645816,734825.4330543
2025-09-15 08:00:00,3646.7,3648.6,3640.3,3645.1,208.824805,761210.8963699
2025-09-15 12:00:00,3645.1,3681.1,3640.3,3680.3,881.212893,3228265.8211971
2025-09-15 16:00:00,3680.3,3684.4,3668.9,3679.8,652.301431,2400030.9095363
2025-09-15 20:00:00,3679.8,3681.8,3672.2,3677.5,278.272821,1023544.7383549
2025-09-16 00:00:00,3677.5,3690.6,3677.4,3683.8,502.595465,1851350.5270714
2025-09-16 04:00:00,3683.8,3692.5,3682.8,3686.2,519.959552,1917792.1921518
2025-09-16 08:00:00,3686.2,3699.7,3686.2,3696.5,705.857817,2607911.1368794
2025-09-16 12:00:00,3696.5,3704.5,3681.8,3689.5,1204.623617,4448764.1076529
2025-09-16 16:00:00,3689.5,3691.5,3686.8,3691.2,218.628578,806690.0816975
2025-09-16 20:00:00,3691.2,3696.6,3690.4,3696.0,128.937143,476206.1805362
2025-09-17 00:00:00,3696.0,3697.2,3674.4,3680.8,939.082453,3457303.0364635
2025-09-17 04:00:00,3680.8,3686.2,3670.0,3671.0,852.276942,3135922.857533
2025-09-17 08:00:00,3671.0,3674.8,3663.5,3671.1,623.425531,2287936.110913
2025-09-17 12:00:00,3671.1,3691.1,3671.1,3686.1,602.171901,2219021.8519139
2025-09-17 16:00:00,3686.1,3706.2,3653.5,3664.3,2651.138478,9754011.5321457
2025-09-17 20:00:00,3664.3,3674.3,3657.1,3671.6,643.428273,2357097.2387847
2025-09-18 00:00:00,3671.6,3671.6,3655.2,3661.9,452.841783,1658478.5824705
2025-09-18 04:00:00,3661.9,3662.7,3636.3,3660.0,939.945312,3429927.9043177
2025-09-18 08:00:00,3660.0,3672.4,3654.9,3669.1,936.694929,3433306.3819393
2025-09-18 12:00:00,3669.1,3673.3,3632.1,3646.7,1258.445087,4595696.4383613
2025-09-18 16:00:00,3646.7,3653.2,3645.3,3648.7,372.259055,1358355.3915688
2025-09-18 20:00:00,3648.7,3649.7,3641.3,3643.0,128.289079,467797.7895067
2025-09-19 00:00:00,3643.0,3657.7,3636.2,3655.6,456.588012,1665778.1305107
2025-09-19 04:00:00,3655.6,3662.7,3644.5,3652.7,519.94186,1899965.1078274
2025-09-19 08:00:00,3652.7,3658.6,3645.4,3646.3,222.568489,812835.6440124
2025-09-19 12:00:00,3646.3,3672.7,3645.2,3668.5,982.531527,3598409.4852322
2025-09-19 16:00:00,3668.5,3681.7,3664.0,3681.0,520.898578,1914336.6091134
2025-09-19 20:00:00,3681.0,3684.2,3677.0,3681.2,375.218942,1380724.6663531
2025-09-20 00:00:00,3681.2,3683.8,3677.3,3683.8,277.79679,1022349.6772848
2025-09-20 04:00:00,3683.8,3684.5,3680.0,3681.3,128.333188,472526.1260004
2025-09-20 08:00:00,3681.3,3686.1,3680.0,3684.8,144.704225,532971.0442923
2025-09-20 12:00:00,3684.8,3686.0,3678.2,3679.1,149.238539,549506.0268431
2025-09-20 16:00:00,3679.1,3683.8,3679.1,3682.6,47.466514,174756.860228
2025-09-20 20:00:00,3682.6,3684.0,3680.9,3680.9,25.652647,94463.370893
2025-09-21 00:00:00,3680.9,3684.2,3680.7,3683.1,33.923426,124902.7236414
2025-09-21 04:00:00,3683.1,3683.1,3679.5,3682.5,70.289965,258735.0615263
2025-09-21 08:00:00,3682.5,3683.3,3679.4,3682.8,70.898391,260966.0867446
2025-09-21 12:00:00,3682.8,3685.2,3680.7,3684.3,49.591818,182698.5230513
2025-09-21 16:00:00,3684.3,3685.8,3684.2,3684.8,64.277118,236870.6613045
2025-09-21 20:00:00,3684.8,3691.3,3682.7,3684.8,318.167056,1172901.4755984
2025-09-22 00:00:00,3684.8,3694.0,3684.0,3693.0,194.984747,719272.9866975
2025-09-22 04:00:00,3693.0,3714.6,3689.9,3710.1,1287.456763,4767087.7195905
2025-09-22 08:00:00,3710.1,3729.6,3708.4,3723.9,896.829166,3337117.9516396
2025-09-22 12:00:00,3723.9,3737.3,3713.5,3737.3,1219.409092,4540416.4049896
2025-09-22 16:00:00,3737.3,3749.5,3733.7,3749.1,846.485242,3166915.7251903
2025-09-22 20:00:00,3749.1,3756.0,3738.9,3748.6,542.977035,2035352.0425814
2025-09-23 00:00:00,3748.6,3761.6,3740.0,3747.3,825.029427,3095410.7454484
2025-09-23 04:00:00,3747.3,3760.3,3744.2,3754.1,739.781322,2776964.8635072
2025-09-23 08:00:00,3754.1,3794.0,3754.0,3785.8,1581.275182,5978054.086967
2025-09-23 12:00:00,3785.8,3789.8,3767.9,3781.0,1020.943871,3859586.9368877
2025-09-23 16:00:00,3781.0,3789.8,3758.8,3770.7,962.505242,3633901.9759899
2025-09-23 20:00:00,3770.7,3774.2,3766.1,3767.3,342.356025,1290745.3014894
2025-09-24 00:00:00,3767.3,3776.8,3751.8,3767.9,1031.636561,3881025.0292808
2025-09-24 04:00:00,3767.9,3780.0,3764.8,3778.4,387.826771,1463364.0685182
2025-09-24 08:00:00,3778.4,3779.8,3762.6,3771.1,520.035878,1960083.0132984
2025-09-24 12:00:00,3771.1,3774.3,3742.4,3743.5,1193.448429,4482225.0727378
2025-09-24 16:00:00,3743.5,3746.8,3719.4,3733.7,1442.123226,5383655.4665771
2025-09-24 20:00:00,3733.7,3749.7,3733.1,3747.6,639.764726,2393052.698384
2025-09-25 00:00:00,3747.6,3754.8,3732.1,3738.1,664.491615,2486602.2735902
2025-09-25 04:00:00,3738.1,3755.6,3733.6,3753.4,589.597913,2209564.6966716
2025-09-25 08:00:00,3753.4,3761.5,3741.5,3754.6,785.138079,2947036.5009273
2025-09-25 12:00:00,3754.6,3755.8,3723.6,3735.8,1366.617231,5106748.911255
2025-09-25 16:00:00,3735.8,3759.2,3733.2,3746.9,587.769179,2202655.3291375
2025-09-25 20:00:00,3746.9,3753.0,3738.8,3743.8,292.473003,1095272.5493418
2025-09-26 00:00:00,3743.8,3751.4,3735.0,3746.2,468.48529,1752455.8269832
2025-09-26 04:00:00,3746.2,3753.2,3741.2,3749.1,270.552567,1013883.2657622
2025-09-26 08:00:00,3749.1,3755.0,3744.0,3750.1,270.427797,1014247.4621816
2025-09-26 12:00:00,3750.1,3781.9,3749.7,3778.4,1056.483065,3981229.1807996
2025-09-26 16:00:00,3778.4,3781.1,3763.2,3764.0,388.087664,1464997.4526482
2025-09-26 20:00:00,3764.0,3767.6,3753.1,3760.1,430.051826,1617121.0505762
2025-09-27 00:00:00,3760.1,3766.5,3756.4,3766.5,252.396608,949832.4705243
2025-09-27 04:00:00,3766.5,3766.9,3763.0,3766.3,96.492386,363295.9426462
2025-09-27 08:00:00,3766.3,3768.6,3764.5,3765.1,125.310205,471910.4297009
2025-09-27 12:00:00,3765.1,3777.6,3763.8,3774.8,269.256933,1016254.6268523
2025-09-27 16:00:00,3774.8,3777.6,3762.0,3765.0,829.539131,3126731.8022044
2025-09-27 20:00:00,3765.0,3767.4,3763.9,3764.8,105.26775,396367.3445035
2025-09-28 00:00:00,3764.8,3766.8,3763.0,3764.5,78.529381,295672.4647533
2025-09-28 04:00:00,3764.5,3766.9,3764.2,3766.6,64.926282,244490.3878003
2025-09-28 08:00:00,3766.6,3767.0,3764.0,3764.8,54.308517,204529.9887857
2025-09-28 12:00:00,3764.8,3768.0,3761.1,3762.3,128.336836,482993.2930801
2025-09-28 16:00:00,3762.3,3762.3,3759.0,3761.4,101.286387,380902.5968436
2025-09-28 20:00:00,3761.4,3770.7,3757.9,3766.8,273.064692,1028429.7752371
2025-09-29 00:00:00,3766.8,3796.6,3764.7,3793.7,572.355701,2167504.73839
2025-09-29 04:00:00,3793.7,3817.0,3792.9,3804.9,830.466945,3160639.0816371
2025-09-29 08:00:00,3804.9,3832.5,3804.9,3828.6,959.678398,3665017.8911238
2025-09-29 12:00:00,3828.6,3831.3,3809.8,3827.7,1506.638122,5756507.8837557
2025-09-29 16:00:00,3827.7,3829.5,3820.2,3824.3,529.162287,2024105.7937465
2025-09-29 20:00:00,3824.3,3840.1,3823.8,3830.6,446.104459,1709608.5832454
2025-09-30 00:00:00,3830.6,3865.9,3830.2,3864.6,775.127562,2983260.696201
2025-09-30 04:00:00,3864.6,3870.1,3840.6,3843.3,1093.457207,4219567.33557
2025-09-30 08:00:00,3843.3,3847.5,3796.0,3816.5,2091.660911,7986483.7811896
2025-09-30 12:00:00,3816.5,3855.0,3810.0,3839.5,2125.852673,8150946.776666
2025-09-30 16:00:00,3839.5,3860.6,3839.5,3859.6,906.639484,3489827.1109022
2025-09-30 20:00:00,3859.6,3865.3,3850.3,3864.7,505.001544,1948927.1036888
2025-10-01 00:00:00,3864.7,3876.3,3856.2,3861.4,759.499817,2935197.5082027
2025-10-01 04:00:00,3861.4,3878.7,3853.0,3878.4,770.699412,2980393.4019784
2025-10-01 08:00:00,3878.4,3895.6,3878.4,3885.0,1370.477741,5329944.7788312
2025-10-01 12:00:00,3885.0,3891.8,3857.4,3872.1,2323.991963,9002483.4520775
2025-10-01 16:00:00,3872.1,3874.2,3858.9,3869.8,615.723015,2381547.5328449
2025-10-01 20:00:00,3869.8,3872.5,3861.6,3865.6,452.34685,1749057.5908912
2025-10-02 00:00:00,3865.6,3872.2,3855.1,3868.3,728.237499,2814386.6078061
2025-10-02 04:00:00,3868.3,3877.0,3863.7,3870.5,727.3896,2815183.6972524
2025-10-02 08:00:00,3870.5,3886.8,3868.5,3886.8,507.58063,1969570.1576705
2025-10-02 12:00:00,3886.8,3896.0,3827.0,3835.3,3300.494127,12726272.7507503
2025-10-02 16:00:00,3835.3,3864.0,3833.7,3860.4,794.402291,3058473.6919766
2025-10-02 20:00:00,3860.4,3868.3,3848.9,3867.8,463.729338,1789896.5511982
2025-10-03 00:00:00,3867.8,3867.9,3842.4,3847.5,441.323353,1700713.9786886
2025-10-03 04:00:00,3847.5,3869.1,3847.1,3868.7,298.589476,1152917.3151123
2025-10-03 08:00:00,3868.7,3870.0,3857.4,3865.0,828.241404,3201725.0828206
2025-10-03 12:00:00,3865.0,3890.2,3863.1,3887.7,1501.233282,5823343.1612622
2025-10-03 16:00:00,3887.7,3887.7,3877.0,3882.4,491.648195,1908758.758927
2025-10-03 20:00:00,3882.4,3885.6,3876.5,3883.7,377.669773,1465855.6883487
2025-10-04 00:00:00,3883.7,3888.1,3881.2,3886.1,355.807848,1382567.0919221
2025-10-04 04:00:00,3886.1,3887.9,3880.1,3880.4,254.471553,988469.2403099
2025-10-04 08:00:00,3880.4,3886.4,3880.4,3885.7,125.367844,486875.3938674
2025-10-04 12:00:00,3885.7,3890.7,3882.4,3888.1,442.467034,1719591.5889344
2025-10-04 16:00:00,3888.1,3889.8,3887.6,3889.6,167.605097,651808.760483
2025-10-04 20:00:00,3889.6,3889.8,3885.1,3888.6,161.082355,626218.0922079
2025-10-05 00:00:00,3888.6,3890.2,3885.5,3887.4,315.85234,1227884.8663977
2025-10-05 04:00:00,3887.4,3891.0,3885.5,3889.0,219.658604,853979.3804934
2025-10-05 08:00:00,3889.0,3893.9,3886.1,3893.0,479.059916,1863299.4406928
2025-10-05 12:00:00,3893.0,3894.2,3886.9,3889.6,206.416434,803371.032458
2025-10-05 16:00:00,3889.6,3892.9,3888.3,3889.8,82.229408,319847.5724261
2025-10-05 20:00:00,3889.8,3919.0,3887.1,3911.1,890.784202,3474872.1150561
2025-10-06 00:00:00,3911.1,3933.1,3902.0,3931.3,676.384779,2651490.0632215
2025-10-06 04:00:00,3931.3,3945.6,3925.6,3942.9,855.235653,3366633.6776813
2025-10-06 08:00:00,3942.9,3950.6,3935.5,3941.5,715.502677,2821256.2640662
2025-10-06 12:00:00,3941.5,4114.4,3865.0,3980.0,3618.71241,14359923.8154402
2025-10-06 16:00:00,3980.0,3989.3,3958.5,3965.4,1640.754113,6508812.4365304
2025-10-06 20:00:00,3965.4,3982.7,3964.7,3977.3,1063.026988,4224686.5528884
2025-10-07 00:00:00,3977.3,3983.8,3963.0,3979.1,431.901704,1715062.8585856
2025-10-07 04:00:00,3979.1,3984.3,3952.2,3953.5,1191.831727,4731333.648044
2025-10-07 08:00:00,3953.5,3976.1,3948.4,3974.1,860.675657,3411300.0155131
2025-10-07 12:00:00,3974.1,3996.5,3970.0,3973.7,2236.867444,8909660.4415775
2025-10-07 16:00:00,3973.7,3992.4,3970.4,3984.9,758.464108,3021780.3289521
2025-10-07 20:00:00,3984.9,3999.0,3984.5,3997.5,474.509427,1894544.3926179
2025-10-08 00:00:00,3997.5,4022.8,3990.6,4020.1,1282.144604,5134180.6497223
2025-10-08 04:00:00,4020.1,4046.3,4019.9,4041.5,1697.240361,6849412.2150808
2025-10-08 08:00:00,4041.5,4058.0,4036.7,4044.7,1654.081921,6693482.8153928
2025-10-08 12:00:00,4044.7,4060.7,4033.9,4052.4,2109.720917,8543909.6461927
2025-10-08 16:00:00,4052.4,4067.7,4041.0,4050.9,1682.09361,6821685.8239062
2025-10-08 20:00:00,4050.9,4052.0,4010.4,4022.8,1692.712468,6822415.7638194
2025-10-09 00:00:00,4022.8,4048.4,4018.0,4039.0,1262.74441,5093465.8032586
2025-10-09 04:00:00,4039.0,4201.2,3977.5,4042.3,4505.124689,18309670.3999487
2025-10-09 08:00:00,4042.3,4053.4,4041.7,4050.5,841.67308,3405830.6385461
2025-10-09 12:00:00,4050.5,4063.2,4018.1,4030.2,2440.208724,9854989.829603
2025-10-09 16:00:00,4030.2,4034.3,3950.1,3980.9,2938.339991,11692689.8288255
2025-10-09 20:00:00,3980.9,3995.6,3966.7,3995.3,960.776024,3827385.0976157
2025-10-10 00:00:00,3995.3,4000.9,3965.4,3968.3,904.355675,3603341.6333571
2025-10-10 04:00:00,3968.3,3982.3,3949.4,3975.7,669.606619,2656393.8863583
2025-10-10 08:00:00,3975.7,4011.0,3974.0,3990.4,1445.519048,5778949.8851115
2025-10-10 12:00:00,3990.4,4027.3,3977.2,4003.4,2116.327282,8477041.9134071
2025-10-10 16:00:00,4003.4,4027.8,3981.9,4019.5,1323.410244,5298582.7318205
2025-10-10 20:00:00,4019.5,4024.7,3926.0,4005.4,3684.989114,14722875.4401953
2025-10-11 00:00:00,4005.4,4009.8,3989.5,4000.0,1193.495958,4773222.4070387
2025-10-11 04:00:00,4000.0,4006.2,3995.9,4004.9,576.297369,2305570.1284924
2025-10-11 08:00:00,4004.9,4015.3,4002.3,4015.1,408.528365,1638176.4942559
2025-10-11 12:00:00,4015.1,4018.1,4004.0,4006.3,585.815512,2350158.553455
2025-10-11 16:00:00,4006.3,4012.0,4001.3,4003.5,270.033344,1081907.7073398
2025-10-11 20:00:00,4003.5,4012.0,4000.7,4011.9,366.046086,1466803.352233
2025-10-12 00:00:00,4011.9,4020.9,4011.9,4019.5,279.641303,1123530.9993872
2025-10-12 04:00:00,4019.5,4021.7,4015.0,4020.2,261.238249,1049725.1514431
2025-10-12 08:00:00,4020.2,4023.4,4018.9,4020.9,217.316032,873853.4049318
2025-10-12 12:00:00,4020.9,4028.0,4012.6,4013.4,928.381221,3733213.587934
2025-10-12 16:00:00,4013.4,4020.3,4013.1,4019.9,319.435626,1283139.8029345
2025-10-12 20:00:00,4019.9,4067.4,4019.3,4044.8,2233.13474,9024754.3533466
2025-10-13 00:00:00,4044.8,4064.6,4035.7,4059.1,1655.141294,6708281.0778879
2025-10-13 04:00:00,4059.1,4087.0,4058.2,4080.1,1606.403892,6548593.1757778
2025-10-13 08:00:00,4080.1,4093.0,4075.6,4081.0,1879.269631,7674980.0240314
2025-10-13 12:00:00,4081.0,4112.0,4078.1,4111.2,2363.36427,9683199.2868964
2025-10-13 16:00:00,4111.2,4121.8,4097.2,4115.7,1279.847096,5263087.9910184
2025-10-13 20:00:00,4115.7,4137.9,4110.7,4134.1,977.64274,4031665.209447
2025-10-14 00:00:00,4134.1,4179.9,4127.3,4175.7,2456.027729,10203068.2866887
2025-10-14 04:00:00,4175.7,4196.2,4093.3,4138.2,7137.086684,29587102.3341031
2025-10-14 08:00:00,4138.2,4157.7,4128.6,4137.1,2595.3897,10755784.2943703
2025-10-14 12:00:00,4137.1,4148.5,4104.1,4143.2,2934.719256,12109169.8745828
2025-10-14 16:00:00,4143.2,4163.3,4133.3,4148.7,2354.943652,9776327.6508414
2025-10-14 20:00:00,4148.7,4176.6,4145.2,4170.0,1149.181338,4782390.8634512
2025-10-15 00:00:00,4170.0,4199.3,4162.0,4196.3,1756.227803,7348841.9449506
2025-10-15 04:00:00,4196.3,4224.9,4181.4,4224.0,3004.504965,12630207.2941368
2025-10-15 08:00:00,4224.0,4235.0,4177.5,4210.2,3993.433776,16819568.106131
2025-10-15 12:00:00,4210.2,4218.9,4188.3,4201.2,3717.049474,15630795.2400661
2025-10-15 16:00:00,4201.2,4221.1,4189.1,4218.7,1732.152402,7283985.3075332
2025-10-15 20:00:00,4218.7,4224.6,4206.7,4217.6,1140.019782,4807274.7561537
2025-10-16 00:00:00,4217.6,4257.0,4215.7,4251.7,2381.289404,10101739.5336348
2025-10-16 04:00:00,4251.7,4254.9,4221.0,4242.8,2411.543565,10216098.0644604
2025-10-16 08:00:00,4242.8,4254.9,4230.4,4250.5,1716.90656,7288804.3754789
2025-10-16 12:00:00,4250.5,4283.6,4237.9,4279.4,3515.389039,14984201.9065761
2025-10-16 16:00:00,4279.4,4320.8,4266.0,4314.3,4360.29628,18720425.7316428
2025-10-16 20:00:00,4314.3,4397.8,4313.9,4389.3,8149.108129,35547877.1662065
2025-10-17 00:00:00,4389.3,4395.4,4304.3,4384.9,7012.172573,30553975.1221696
2025-10-17 04:00:00,4384.9,4399.9,4344.0,4353.7,5528.114089,24182345.4532942
2025-10-17 08:00:00,4353.7,4366.5,4280.8,4281.6,7143.482312,30980216.5564191
2025-10-17 12:00:00,4281.6,4327.8,4212.5,4240.9,8015.775,34209763.251
2025-10-17 16:00:00,4240.9,4248.8,4173.4,4224.7,4114.155,17337776.1945
2025-10-17 20:00:00,4224.7,4263.2,4218.8,4237.7,1373.625,5837900.49
2025-10-18 00:00:00,4237.7,4255.7,4237.7,4249.1,639.27,2714686.2585
2025-10-18 04:00:00,4249.1,4254.8,4226.0,4236.3,814.185,3452421.2775
2025-10-18 08:00:00,4236.3,4245.2,4233.8,4236.5,263.01,1115042.775
2025-10-18 12:00:00,4236.5,4243.9,4234.6,4241.7,161.46,684344.085
2025-10-18 16:00:00,4241.7,4257.9,4236.0,4256.0,355.93,1512595.906
2025-10-18 20:00:00,4256.0,4257.3,4237.9,4239.2,402.9,1709444.543
2025-10-19 00:00:00,4239.2,4249.8,4236.8,4241.0,287.7,1220814.605
2025-10-19 04:00:00,4241.0,4246.5,4239.6,4241.2,125.05,530532.079
2025-10-19 08:00:00,4241.2,4248.8,4238.3,4241.1,165.71,703049.496
2025-10-19 12:00:00,4241.1,4247.7,4236.8,4241.2,300.35,1274336.926
2025-10-19 16:00:00,4241.2,4247.2,4233.8,4241.6,282.84,1199539.167
2025-10-19 20:00:00,4241.6,4257.5,4228.4,4234.4,583.6,2477292.305
2025-10-20 00:00:00,4234.4,4265.1,4209.1,4258.2,901.59,3824312.898
2025-10-20 04:00:00,4258.2,4262.1,4217.3,4248.8,805.33,3414542.078
2025-10-20 08:00:00,4248.8,4272.4,4238.0,4270.3,728.41,3098747.453
2025-10-20 12:00:00,4270.3,4352.0,4266.5,4344.5,2902.59,12523291.488
2025-10-20 16:00:00,4344.5,4380.9,4329.9,4378.7,1045.27,4547447.037
2025-10-20 20:00:00,4378.7,4379.3,4344.1,4357.3,905.33,3946050.931
2025-10-21 00:00:00,4357.3,4367.2,4331.2,4344.2,744.68,3235310.426
2025-10-21 04:00:00,4344.2,4344.5,4286.1,4291.7,1634.93,7049687.405
2025-10-21 08:00:00,4291.7,4293.2,4241.4,4252.9,1976.08,8421800.174
2025-10-21 12:00:00,4252.9,4257.1,4083.5,4138.0,5923.78,24661374.114
2025-10-21 16:00:00,4138.0,4142.9,4096.8,4114.7,1877.62,7731141.531
2025-10-21 20:00:00,4114.7,4137.0,4097.1,4099.8,1006.49,4151773.932
2025-10-22 00:00:00,4099.8,4150.7,4011.6,4135.7,4133.29,16875453.841
2025-10-22 04:00:00,4135.7,4165.7,4116.7,4136.0,1410.13,5841885.137
2025-10-22 08:00:00,4136.0,4138.8,4022.2,4035.3,4586.2,18681090.85
2025-10-22 12:00:00,4035.3,4091.8,4015.3,4041.4,2739.27,11099979.896
2025-10-22 16:00:00,4041.4,4113.7,4026.6,4104.2,1314.8,5355316.086
2025-10-22 20:00:00,4104.2,4107.6,4080.7,4086.1,718.23,2942479.353
2025-10-23 00:00:00,4086.1,4103.1,4063.9,4091.1,786.66,3210622.375
2025-10-23 04:00:00,4091.1,4133.4,4080.9,4090.2,1407.95,5782936.317
2025-10-23 08:00:00,4090.2,4124.3,4090.2,4109.8,699.27,2874920.041
2025-10-23 12:00:00,4109.8,4152.2,4100.6,4137.3,1175.07,4859212.993
2025-10-23 16:00:00,4137.3,4146.2,4111.9,4113.1,609.73,2517409.47
2025-10-23 20:00:00,4113.1,4125.2,4101.1,4117.4,433.87,1785099.691
2025-10-24 00:00:00,4117.4,4140.0,4107.1,4120.5,468.09,1928689.686
2025-10-24 04:00:00,4120.5,4121.0,4067.8,4074.8,1063.99,4356641.935
2025-10-24 08:00:00,4074.8,4077.2,4045.8,4064.0,1450.13,5891972.231
2025-10-24 12:00:00,4064.0,4131.4,4063.8,4125.8,2258.19,9265091.959
2025-10-24 16:00:00,4125.8,4135.5,4095.3,4100.0,650.82,2677014.913
2025-10-24 20:00:00,4100.0,4119.5,4093.1,4113.1,319.6,1313239.895
2025-10-25 00:00:00,4113.1,4120.8,4110.3,4112.5,444.21,1827788.493
2025-10-25 04:00:00,4112.5,4115.9,4111.4,4112.3,117.12,481876.633
2025-10-25 08:00:00,4112.3,4117.6,4110.8,4114.9,182.74,751931.514
2025-10-25 12:00:00,4114.9,4116.9,4111.7,4113.1,145.89,600294.727
2025-10-25 16:00:00,4113.1,4114.8,4111.3,4114.7,49.09,201914.03
2025-10-25 20:00:00,4114.7,4115.4,4111.2,4115.2,75.43,310285.797
2025-10-26 00:00:00,4115.2,4116.1,4112.4,4113.0,88.22,362960.277
2025-10-26 04:00:00,4113.0,4115.6,4111.0,4113.4,121.66,500365.766
2025-10-26 08:00:00,4113.4,4114.5,4109.3,4110.3,279.21,1147931.009
2025-10-26 12:00:00,4110.3,4114.0,4104.2,4104.2,381.83,1568550.853
2025-10-26 16:00:00,4104.2,4109.3,4097.2,4100.9,160.76,659669.338
2025-10-26 20:00:00,4100.9,4106.2,4060.0,4063.2,1019.19,4158884.838
2025-10-27 00:00:00,4063.2,4097.4,4057.5,4068.4,912.58,3723532.682
2025-10-27 04:00:00,4068.4,4082.3,4051.8,4063.1,783.48,3187549.375
2025-10-27 08:00:00,4063.1,4066.0,4018.1,4026.0,1327.98,5363976.478
2025-10-27 12:00:00,4026.0,4049.0,3970.1,3987.7,2469.5,9885271.249
2025-10-27 16:00:00,3987.7,4009.8,3984.4,3985.9,1248.14,4988424.617
2025-10-27 20:00:00,3985.9,4001.9,3977.1,3996.9,742.62,2962043.935
2025-10-28 00:00:00,3996.9,4017.6,3975.0,3992.2,801.57,3203308.905
2025-10-28 04:00:00,3992.2,3993.2,3922.0,3932.7,2134.93,8441236.214
2025-10-28 08:00:00,3932.7,3941.1,3893.6,3933.0,2485.24,9735732.187
2025-10-28 12:00:00,3933.0,3973.1,3914.3,3969.4,1521.04,5999693.169
2025-10-28 16:00:00,3969.4,3973.0,3948.0,3961.9,964.42,3821388.613
2025-10-28 20:00:00,3961.9,3968.7,3923.9,3962.9,1423.44,5618021.24
2025-10-29 00:00:00,3962.9,3983.4,3947.5,3962.2,930.42,3692306.434
2025-10-29 04:00:00,3962.2,3999.7,3952.1,3998.8,874.74,3480683.639
2025-10-29 08:00:00,3998.8,4026.4,3997.8,4011.8,1306.2,5242240.907
2025-10-29 12:00:00,4011.8,4024.7,3983.3,3988.3,1424.17,5705664.204
2025-10-29 16:00:00,3988.3,4004.4,3928.1,3945.1,2150.78,8531969.237
2025-10-29 20:00:00,3945.1,3956.4,3920.9,3956.0,1098.57,4329229.945
2025-10-30 00:00:00,3956.0,3968.5,3919.1,3937.4,1316.07,5194514.031
2025-10-30 04:00:00,3937.4,3981.9,3935.9,3960.5,1400.46,5551961.705
2025-10-30 08:00:00,3960.5,4007.6,3959.4,3973.7,1347.51,5372040.638
2025-10-30 12:00:00,3973.7,4005.7,3957.3,3993.2,1590.64,6334511.066
2025-10-30 16:00:00,3993.2,4019.3,3985.4,4016.3,873.34,3495722.316
2025-10-30 20:00:00,4016.3,4038.0,4008.8,4031.8,830.43,3340227.128
2025-10-31 00:00:00,4031.8,4033.7,3986.7,3992.8,918.8,3683633.043
2025-10-31 04:00:00,3992.8,4021.3,3985.2,4017.3,814.39,3261474.128
2025-10-31 08:00:00,4017.3,4022.4,3992.0,4004.0,843.95,3379499.773
2025-10-31 12:00:00,4004.0,4035.0,4004.0,4008.3,1009.87,4056037.179
2025-10-31 16:00:00,4008.3,4010.1,3962.5,3997.0,1160.07,4622662.099
2025-10-31 20:00:00,3997.0,4003.8,3992.9,3998.8,125.92,503665.814
2025-11-01 00:00:00,3998.8,4002.6,3995.0,4002.2,128.17,512675.454
2025-11-01 04:00:00,4002.2,4009.5,4000.8,4002.5,105.04,420515.17
2025-11-01 08:00:00,4002.5,4006.0,4001.9,4005.9,63.98,256184.729
2025-11-01 12:00:00,4005.9,4006.0,3998.8,4002.1,122.36,489734.407
2025-11-01 16:00:00,4002.1,4008.6,4000.5,4008.2,113.39,454061.794
2025-11-01 20:00:00,4008.2,4008.5,4001.9,4003.9,68.46,274191.8
2025-11-02 00:00:00,4003.9,4007.4,4002.6,4003.9,34.68,138882.496
2025-11-02 04:00:00,4003.9,4006.0,3995.1,4001.2,255.31,1021193.843
2025-11-02 08:00:00,4001.2,4003.7,3994.1,3995.9,156.96,627413.5
2025-11-02 12:00:00,3995.9,4004.1,3993.3,3996.1,247.45,989623.433
2025-11-02 16:00:00,3996.1,4000.0,3994.0,3997.5,101.72,406519.194
2025-11-02 20:00:00,3997.5,3999.1,3971.4,3974.8,423.8,1689168.334
2025-11-03 00:00:00,3974.8,4006.6,3955.2,4002.2,1009.17,4018445.028
2025-11-03 04:00:00,4002.2,4018.5,3990.8,4017.7,654.77,2622890.566
2025-11-03 08:00:00,4017.7,4021.2,3984.6,3998.7,653.16,2613090.91
2025-11-03 12:00:00,3998.7,4023.8,3983.9,3998.7,1246.28,4995236.282
2025-11-03 16:00:00,3998.7,4004.2,3970.0,3997.7,864.49,3452428.618
2025-11-03 20:00:00,3997.7,4006.3,3973.8,3992.5,691.04,2758249.471
2025-11-04 00:00:00,3992.5,3993.3,3967.2,3987.9,335.9,1336873.218
2025-11-04 04:00:00,3987.9,3989.8,3960.0,3987.3,771.54,3064949.21
2025-11-04 08:00:00,3987.3,3992.2,3976.0,3986.0,513.74,2047661.921
2025-11-04 12:00:00,3986.0,3987.2,3922.2,3951.6,1436.06,5681587.266
2025-11-04 16:00:00,3951.6,3967.5,3909.0,3925.3,900.97,3550035.815
2025-11-04 20:00:00,3925.3,3933.1,3918.4,3928.1,501.15,1967609.49
2025-11-05 00:00:00,3928.1,3959.1,3920.0,3955.9,368.87,1452124.883
2025-11-05 04:00:00,3955.9,3968.1,3951.0,3961.5,370.34,1466197.706
2025-11-05 08:00:00,3961.5,3975.9,3946.5,3957.0,643.21,2548338.879
2025-11-05 12:00:00,3957.0,3974.4,3951.4,3968.3,704.21,2791319.374
2025-11-05 16:00:00,3968.3,3980.7,3964.7,3979.4,283.89,1128107.298
2025-11-05 20:00:00,3979.4,3980.1,3956.3,3966.4,191.02,758469.206
2025-11-06 00:00:00,3966.4,3980.5,3955.1,3978.4,243.61,966906.061
2025-11-06 04:00:00,3978.4,3998.6,3969.4,3992.9,411.13,1638676.157
2025-11-06 08:00:00,3992.9,4009.7,3990.5,4008.1,627.36,2509335.638
2025-11-06 12:00:00,4008.1,4012.3,3963.0,3970.2,951.81,3794752.329
2025-11-06 16:00:00,3970.2,3984.1,3957.1,3973.8,299.19,1188087.674
2025-11-06 20:00:00,3973.8,3982.3,3964.4,3979.7,191.38,760198.18
2025-11-07 00:00:00,3979.7,3994.4,3972.2,3983.5,290.83,1159113.886
2025-11-07 04:00:00,3983.5,4000.8,3978.4,3997.5,290.3,1158691.585
2025-11-07 08:00:00,3997.5,4002.1,3981.3,3989.4,385.99,1541448.925
2025-11-07 12:00:00,3989.4,3994.8,3969.3,3977.0,561.95,2237479.21
2025-11-07 16:00:00,3977.0,4009.8,3976.6,3996.6,685.18,2737545.519
2025-11-07 20:00:00,3996.6,3996.6,3980.2,3983.8,139.29,555476.135
2025-11-08 00:00:00,3983.8,3992.7,3983.8,3989.2,118.4,472405.198
2025-11-08 04:00:00,3989.2,3991.6,3983.0,3984.0,94.24,375623.483
2025-11-08 08:00:00,3984.0,3990.2,3984.0,3988.2,95.93,382503.939
2025-11-08 12:00:00,3988.2,3988.2,3981.7,3983.4,202.12,805298.946
2025-11-08 16:00:00,3983.4,3986.6,3981.4,3985.0,91.29,363619.54
2025-11-08 20:00:00,3985.0,3987.4,3983.3,3985.9,26.83,106943.005
2025-11-09 00:00:00,3985.9,3989.7,3983.3,3984.3,132.66,528884.365
2025-11-09 04:00:00,3984.3,3990.7,3984.3,3990.6,145.33,579643.845
2025-11-09 08:00:00,3990.6,3990.6,3984.3,3987.4,146.85,585476.175
2025-11-09 12:00:00,3987.4,3992.6,3986.1,3987.9,232.58,927654.965
2025-11-09 16:00:00,3987.9,3989.7,3983.1,3986.1,61.96,247020.254
2025-11-09 20:00:00,3986.1,3998.8,3984.8,3996.1,186.54,744770.046
2025-11-10 00:00:00,3996.1,4038.4,3996.1,4037.5,829.43,3337916.313
2025-11-10 04:00:00,4037.5,4073.6,4035.9,4063.9,698.73,2832261.77
2025-11-10 08:00:00,4063.9,4075.0,4059.1,4075.0,424.89,1728427.968
2025-11-10 12:00:00,4075.0,4096.0,4066.2,4074.0,1127.23,4601588.708
2025-11-10 16:00:00,4074.0,4105.6,4072.5,4101.4,517.38,2117346.234
2025-11-10 20:00:00,4101.4,4111.4,4091.3,4108.0,420.18,1723335.897
2025-11-11 00:00:00,4108.0,4134.8,4105.7,4131.8,679.14,2800588.192
2025-11-11 04:00:00,4131.8,4134.4,4106.0,4113.4,900.81,3709154.077
2025-11-11 08:00:00,4113.4,4134.0,4111.5,4129.4,629.5,2597896.191
2025-11-11 12:00:00,4129.4,4131.8,4072.8,4087.6,1225.63,5030172.749
2025-11-11 16:00:00,4087.6,4105.0,4085.9,4102.5,514.09,2104827.384
2025-11-11 20:00:00,4102.5,4126.6,4094.0,4123.7,711.11,2922745.589
2025-11-12 00:00:00,4123.7,4126.8,4096.1,4096.1,368.43,1513820.655
2025-11-12 04:00:00,4096.1,4108.8,4081.7,4102.0,494.01,2023875.49
2025-11-12 08:00:00,4102.0,4117.3,4096.5,4110.0,524.52,2156414.217
2025-11-12 12:00:00,4110.0,4167.4,4106.2,4160.5,1188.68,4919263.938
2025-11-12 16:00:00,4160.5,4188.5,4155.8,4174.4,1168.56,4878521.66
2025-11-12 20:00:00,4174.4,4186.8,4157.7,4166.3,547.5,2283675.403
2025-11-13 00:00:00,4166.3,4186.9,4156.0,4186.9,694.11,2894483.893
2025-11-13 04:00:00,4186.9,4199.9,4182.1,4197.3,913.44,3827961.776
2025-11-13 08:00:00,4197.3,4221.4,4171.3,4210.3,1616.2,6801032.873
2025-11-13 12:00:00,4210.3,4235.7,4162.6,4180.9,1767.01,7407593.885
2025-11-13 16:00:00,4180.9,4192.4,4124.0,4143.1,1452.48,6040917.079
2025-11-13 20:00:00,4143.1,4169.9,4138.2,4169.1,463.04,1924494.748
2025-11-14 00:00:00,4169.1,4193.9,4153.4,4185.9,722.2,3016142.874
2025-11-14 04:00:00,4185.9,4187.0,4135.0,4157.2,949.86,3950996.488
2025-11-14 08:00:00,4157.2,4164.1,4107.2,4111.9,1085.54,4496065.826
2025-11-14 12:00:00,4111.9,4118.3,4013.0,4068.4,3651.19,14798791.788
2025-11-14 16:00:00,4068.4,4087.9,4051.7,4068.2,1204.93,4904954.368
2025-11-14 20:00:00,4068.2,4073.4,4054.6,4068.2,657.93,2673717.729
2025-11-15 00:00:00,4068.2,4076.0,4063.5,4066.9,457.82,1862985.853
2025-11-15 04:00:00,4066.9,4073.1,4062.9,4069.9,212.6,864955.57
2025-11-15 08:00:00,4069.9,4071.9,4063.5,4066.9,269.03,1094425.842
2025-11-15 12:00:00,4066.9,4081.4,4066.9,4079.6,289.09,1178374.24
2025-11-15 16:00:00,4079.6,4080.8,4070.8,4071.7,325.65,1327294.281
2025-11-15 20:00:00,4071.7,4080.4,4068.5,4074.3,206.37,840921.478
2025-11-16 00:00:00,4074.3,4084.0,4071.1,4081.1,247.11,1007919.398
2025-11-16 04:00:00,4081.1,4084.5,4075.7,4084.5,111.58,455483.531
2025-11-16 08:00:00,4084.5,4091.0,4071.9,4082.4,271.24,1107153.143
2025-11-16 12:00:00,4082.4,4087.2,4072.1,4076.0,390.09,1591469.972
2025-11-16 16:00:00,4076.0,4089.0,4073.0,4077.9,785.34,3204791.329
2025-11-16 20:00:00,4077.9,4090.4,4055.6,4077.8,572.98,2336917.864
2025-11-17 00:00:00,4077.8,4081.5,4052.9,4067.9,671.18,2730194.856
2025-11-17 04:00:00,4067.9,4068.9,4030.7,4066.7,749.59,3035260.201
2025-11-17 08:00:00,4066.7,4073.5,4042.9,4056.8,709.28,2879816.323
2025-11-17 12:00:00,4056.8,4069.1,4039.1,4044.3,1598.51,6480923.993
2025-11-17 16:00:00,4044.3,4058.7,3991.9,3993.1,1418.27,5714720.193
2025-11-17 20:00:00,3993.1,4038.4,3986.1,4016.8,1027.74,4127931.893
2025-11-18 00:00:00,4016.8,4024.7,3990.9,3995.7,1030.54,4129259.68
2025-11-18 04:00:00,3995.7,4008.6,3977.8,3990.9,1026.83,4100294.536
2025-11-18 08:00:00,3990.9,4030.6,3989.0,4020.5,863.86,3468641.387
2025-11-18 12:00:00,4020.5,4061.6,4010.2,4034.0,1888.75,7636073.297
2025-11-18 16:00:00,4034.0,4061.4,4022.6,4061.4,923.47,3730980.99
2025-11-18 20:00:00,4061.4,4068.9,4044.6,4055.4,387.46,1570574.262
2025-11-19 00:00:00,4055.4,4058.3,4038.1,4046.8,600.15,2430185.577
2025-11-19 04:00:00,4046.8,4076.9,4044.0,4066.7,1021.09,4152651.053
2025-11-19 08:00:00,4066.7,4097.7,4058.4,4095.0,889.09,3629334.45
2025-11-19 12:00:00,4095.0,4112.9,4067.8,4073.0,2378.43,9735462.254
2025-11-19 16:00:00,4073.0,4077.7,4035.1,4053.1,1570.41,6368974.393
2025-11-19 20:00:00,4053.1,4088.5,4046.6,4086.0,1071.73,4352737.311
2025-11-20 00:00:00,4086.0,4099.0,4026.5,4054.1,1406.02,5711324.533
2025-11-20 04:00:00,4054.1,4061.3,4037.6,4042.5,823.77,3336485.405
2025-11-20 08:00:00,4042.5,4052.3,4023.0,4043.4,1097.26,4434343.766
2025-11-20 12:00:00,4043.4,4085.2,4043.4,4051.2,1900.92,7725388.364
2025-11-20 16:00:00,4051.2,4069.1,4023.5,4069.1,2679.46,10841958.105
2025-11-20 20:00:00,4069.1,4070.6,4054.7,4061.5,724.43,2942909.573
2025-11-21 00:00:00,4061.5,4066.3,4034.7,4040.8,1010.83,4093082.095
2025-11-21 04:00:00,4040.8,4045.6,4009.2,4017.0,1191.75,4793424.009
2025-11-21 08:00:00,4017.0,4044.3,4005.1,4019.4,1566.94,6309565.421
2025-11-21 12:00:00,4019.4,4065.2,4017.4,4055.4,2749.47,11130136.224
2025-11-21 16:00:00,4055.4,4087.4,4046.5,4072.1,1515.5,6164277.066
2025-11-21 20:00:00,4072.1,4072.9,4040.6,4055.2,666.15,2698813.313
2025-11-22 00:00:00,4055.2,4055.2,4046.8,4051.3,188.63,764203.867
2025-11-22 04:00:00,4051.3,4055.0,4046.9,4053.5,293.7,1189805.544
2025-11-22 08:00:00,4053.5,4055.1,4045.1,4051.2,378.06,1531392.506
2025-11-22 12:00:00,4051.2,4053.5,4046.5,4050.8,282.19,1142939.627
2025-11-22 16:00:00,4050.8,4053.6,4048.5,4050.8,177.75,720097.769
2025-11-22 20:00:00,4050.8,4058.0,4047.0,4048.5,310.08,1256243.473
2025-11-23 00:00:00,4048.5,4055.8,4048.5,4053.2,190.15,770551.171
2025-11-23 04:00:00,4053.2,4056.7,4045.5,4047.0,494.52,2003236.639
2025-11-23 08:00:00,4047.0,4053.8,4045.6,4051.6,145.37,588762.029
2025-11-23 12:00:00,4051.6,4053.9,4040.1,4047.1,537.4,2175266.706
2025-11-23 16:00:00,4047.1,4049.6,4038.1,4042.0,232.05,938645.656
2025-11-23 20:00:00,4042.0,4060.3,4041.6,4056.3,433.7,1757135.895
2025-11-24 00:00:00,4056.3,4057.6,4023.9,4033.7,828.36,3343457.471
2025-11-24 04:00:00,4033.7,4052.7,4025.8,4045.4,690.38,2786975.261
2025-11-24 08:00:00,4045.4,4060.0,4045.3,4054.4,647.59,2624207.224
2025-11-24 12:00:00,4054.4,4077.7,4049.4,4077.7,1171.48,4762137.974
2025-11-24 16:00:00,4077.7,4109.5,4071.6,4100.6,1494.21,6103690.52
2025-11-24 20:00:00,4100.6,4123.7,4100.6,4123.4,858.19,3530573.32
2025-11-25 00:00:00,4123.4,4135.3,4106.3,4125.5,1057.97,4357501.219
2025-11-25 04:00:00,4125.5,4132.8,4111.9,4111.9,824.46,3398569.863
2025-11-25 08:00:00,4111.9,4122.9,4090.3,4117.5,1058.31,4350033.656
2025-11-25 12:00:00,4117.5,4134.2,4095.2,4111.1,2119.24,8721365.119
2025-11-25 16:00:00,4111.1,4143.5,4109.1,4116.4,1288.56,5317981.943
2025-11-25 20:00:00,4116.4,4125.3,4110.2,4115.5,741.81,3052458.76
2025-11-26 00:00:00,4115.5,4148.0,4111.9,4145.0,1201.62,4960995.354
2025-11-26 04:00:00,4145.0,4149.5,4128.5,4139.6,723.26,2993815.594
2025-11-26 08:00:00,4139.6,4156.1,4136.0,4155.3,740.15,3068122.667
2025-11-26 12:00:00,4155.3,4156.4,4122.4,4150.4,1916.95,7936268.346
2025-11-26 16:00:00,4150.4,4154.0,4140.0,4144.5,969.36,4022192.93
2025-11-26 20:00:00,4144.5,4152.0,4143.2,4149.0,300.73,1247459.418
2025-11-27 00:00:00,4149.0,4150.7,4125.5,4132.6,824.41,3411532.524
2025-11-27 04:00:00,4132.6,4143.7,4127.2,4142.3,497.6,2058017.806
2025-11-27 08:00:00,4142.3,4150.5,4133.6,4143.4,532.9,2207757.394
2025-11-27 12:00:00,4143.4,4146.0,4134.2,4143.5,501.58,2076981.297
2025-11-27 16:00:00,4143.5,4144.7,4137.1,4141.5,310.62,1286568.283
2025-11-27 20:00:00,4141.5,4147.2,4134.5,4147.2,225.88,935266.631
2025-11-28 00:00:00,4147.2,4178.0,4147.2,4170.9,1027.53,4282201.657
2025-11-28 04:00:00,4170.9,4178.6,4166.1,4167.1,580.68,2422978.486
2025-11-28 08:00:00,4167.1,4170.0,4146.6,4167.1,1364.7,5675846.698
2025-11-28 12:00:00,4167.1,4194.6,4160.4,4192.3,1825.3,7623716.106
2025-11-28 16:00:00,4192.3,4211.9,4186.8,4203.3,1454.55,6107491.905
2025-11-28 20:00:00,4203.3,4211.7,4196.0,4208.9,519.89,2185150.042
2025-11-29 00:00:00,4208.9,4215.8,4201.7,4206.6,622.36,2619696.325
2025-11-29 04:00:00,4206.6,4215.9,4204.7,4211.4,459.18,1933352.454
2025-11-29 08:00:00,4211.4,4219.4,4210.2,4219.0,452.31,1906590.173
2025-11-29 12:00:00,4219.0,4223.9,4213.0,4217.0,348.85,1471584.501
2025-11-29 16:00:00,4217.0,4221.1,4202.0,4215.0,448.72,1890594.052
2025-11-29 20:00:00,4215.0,4219.8,4211.2,4214.4,170.19,717472.062
2025-11-30 00:00:00,4214.4,4221.0,4208.7,4216.4,340.72,1436249.759
2025-11-30 04:00:00,4216.4,4220.9,4213.5,4218.5,141.78,598020.705
2025-11-30 08:00:00,4218.5,4220.7,4213.6,4215.4,245.27,1034215.104
2025-11-30 12:00:00,4215.4,4220.9,4213.3,4215.6,231.51,976077.605
2025-11-30 16:00:00,4215.6,4220.0,4215.6,4218.8,132.24,557808.604
2025-11-30 20:00:00,4218.8,4220.2,4204.8,4215.3,594.47,2506113.891
2025-12-01 00:00:00,4215.3,4253.9,4206.5,4234.8,1569.62,6641783.407
2025-12-01 04:00:00,4234.8,4243.8,4209.0,4240.5,1082.83,4576604.349
2025-12-01 08:00:00,4240.5,4261.5,4233.8,4255.4,1244.29,5286286.264
2025-12-01 12:00:00,4255.4,4263.8,4214.7,4226.7,2212.29,9373980.153
2025-12-01 16:00:00,4226.7,4238.8,4219.0,4231.6,886.43,3748676.717
2025-12-01 20:00:00,4231.6,4238.0,4219.0,4221.5,894.66,3784745.615
2025-12-02 00:00:00,4221.5,4223.3,4191.9,4208.6,997.75,4199217.313
2025-12-02 04:00:00,4208.6,4218.5,4196.6,4206.0,580.91,2443741.874
2025-12-02 08:00:00,4206.0,4210.6,4172.5,4197.2,1361.99,5703531.098
2025-12-02 12:00:00,4197.2,4222.5,4157.0,4161.4,3561.11,14946541.135
2025-12-02 16:00:00,4161.4,4188.5,4159.9,4185.5,1182.32,4941508.541
2025-12-02 20:00:00,4185.5,4204.6,4183.9,4201.5,696.07,2920511.853
2025-12-03 00:00:00,4201.5,4219.1,4193.6,4211.5,1002.78,4221395.678
2025-12-03 04:00:00,4211.5,4216.7,4192.6,4199.5,578.95,2434253.891
2025-12-03 08:00:00,4199.5,4202.4,4187.3,4202.2,494.09,2072519.455
2025-12-03 12:00:00,4202.2,4236.1,4199.2,4210.1,1858.64,7841806.307
2025-12-03 16:00:00,4210.1,4222.9,4189.2,4202.9,730.93,3072447.209
2025-12-03 20:00:00,4202.9,4206.0,4195.2,4202.5,196.7,826382.241
2025-12-04 00:00:00,4202.5,4212.0,4183.2,4194.4,527.77,2214737.54
2025-12-04 04:00:00,4194.4,4197.7,4174.0,4192.5,508.75,2129867.406
2025-12-04 08:00:00,4192.5,4207.1,4183.3,4196.9,488.83,2052061.356
2025-12-04 12:00:00,4196.9,4210.5,4185.6,4203.6,816.4,3426881.319
2025-12-04 16:00:00,4203.6,4215.4,4195.2,4204.5,516.98,2175214.219
2025-12-04 20:00:00,4204.5,4207.7,4199.6,4201.6,108.37,455582.275
2025-12-05 00:00:00,4201.6,4205.2,4191.4,4204.6,165.58,694913.755
2025-12-05 04:00:00,4204.6,4223.7,4203.9,4217.6,594.12,2505101.447
2025-12-05 08:00:00,4217.6,4220.7,4210.5,4217.8,478.17,2016067.597
2025-12-05 12:00:00,4217.8,4251.5,4217.7,4236.4,1150.01,4868851.129
2025-12-05 16:00:00,4236.4,4239.8,4195.9,4205.9,829.83,3493919.012
2025-12-05 20:00:00,4205.9,4206.5,4192.7,4205.3,399.6,1678744.205
2025-12-06 00:00:00,4205.3,4208.0,4199.9,4205.1,239.48,1006813.345
2025-12-06 04:00:00,4205.1,4206.7,4203.0,4205.4,127.62,536609.774
2025-12-06 08:00:00,4205.4,4207.6,4204.6,4207.1,98.49,414342.514
2025-12-06 12:00:00,4207.1,4207.1,4204.1,4206.7,107.38,451603.892
2025-12-06 16:00:00,4206.7,4207.0,4202.6,4202.6,34.44,144817.554
2025-12-06 20:00:00,4202.6,4205.0,4202.6,4204.2,13.96,58686.5
2025-12-07 00:00:00,4204.2,4205.2,4204.2,4205.2,17.56,73829.679
2025-12-07 04:00:00,4205.2,4207.3,4205.2,4205.7,81.0,340731.068
2025-12-07 08:00:00,4205.7,4206.8,4204.9,4206.4,59.95,252130.636
2025-12-07 12:00:00,4206.4,4206.4,4198.3,4202.9,240.96,1012298.91
2025-12-07 16:00:00,4202.9,4206.5,4201.3,4201.3,203.5,855620.143
2025-12-07 20:00:00,4201.3,4204.5,4199.0,4203.6,166.71,700583.014
2025-12-08 00:00:00,4203.6,4210.9,4198.6,4207.6,286.87,1206488.682
2025-12-08 04:00:00,4207.6,4215.1,4205.5,4206.0,310.89,1309538.287
2025-12-08 08:00:00,4206.0,4212.9,4200.0,4208.0,472.13,1986018.951
2025-12-08 12:00:00,4208.0,4217.4,4181.4,4186.8,1449.55,6088959.402
2025-12-08 16:00:00,4186.8,4199.9,4182.1,4190.6,401.03,1681388.439
2025-12-08 20:00:00,4190.6,4199.0,4189.7,4198.9,191.61,803932.857
2025-12-09 00:00:00,4198.9,4199.9,4189.4,4197.1,323.67,1357976.774
2025-12-09 04:00:00,4197.1,4197.2,4172.1,4184.3,595.07,2488826.062
2025-12-09 08:00:00,4184.3,4210.2,4184.3,4199.3,617.37,2593625.102
2025-12-09 12:00:00,4199.3,4211.4,4188.1,4208.7,818.54,3437329.47
2025-12-09 16:00:00,4208.7,4216.4,4197.3,4207.1,550.46,2316359.88
2025-12-09 20:00:00,4207.1,4209.8,4202.4,4205.5,148.99,626642.666
2025-12-10 00:00:00,4205.5,4212.5,4200.6,4204.4,316.6,1331759.57
2025-12-10 04:00:00,4204.4,4208.3,4198.0,4201.1,200.75,843640.265
2025-12-10 08:00:00,4201.1,4203.2,4186.0,4196.8,421.41,1767587.068
2025-12-10 12:00:00,4196.8,4205.4,4189.9,4192.7,485.28,2037148.283
2025-12-10 16:00:00,4192.7,4216.0,4180.7,4210.7,1281.49,5379156.53
2025-12-10 20:00:00,4210.7,4229.6,4205.9,4226.1,746.28,3149658.529
2025-12-11 00:00:00,4226.1,4236.7,4204.1,4213.3,494.48,2087031.925
2025-12-11 04:00:00,4213.3,4215.6,4204.4,4215.0,363.66,1531395.549
2025-12-11 08:00:00,4215.0,4223.8,4210.2,4211.7,400.58,1688974.032
2025-12-11 12:00:00,4211.7,4252.9,4206.2,4246.6,1094.23,4627007.415
2025-12-11 16:00:00,4246.6,4279.7,4243.4,4269.4,1116.56,4762995.959
2025-12-11 20:00:00,4269.4,4279.8,4262.5,4270.8,270.31,1154964.641
2025-12-12 00:00:00,4270.8,4276.4,4264.0,4269.1,262.05,1118836.629
2025-12-12 04:00:00,4269.1,4287.8,4265.2,4283.5,465.59,1992113.49
2025-12-12 08:00:00,4283.5,4339.9,4283.5,4338.4,1265.27,5459612.521
2025-12-12 12:00:00,4338.4,4351.6,4283.1,4291.4,1927.25,8335025.69
2025-12-12 16:00:00,4291.4,4307.1,4264.0,4300.8,1204.76,5164374.729
2025-12-12 20:00:00,4300.8,4305.7,4291.7,4298.4,299.52,1287943.027
2025-12-13 00:00:00,4298.4,4302.9,4297.5,4300.9,172.77,742887.667
2025-12-13 04:00:00,4300.9,4303.0,4298.5,4302.0,60.04,258202.294
2025-12-13 08:00:00,4302.0,4302.0,4297.6,4297.6,85.01,365517.001
2025-12-13 12:00:00,4297.6,4299.4,4297.3,4299.4,65.64,282137.691
2025-12-13 16:00:00,4299.4,4300.0,4298.6,4300.0,44.29,190438.167
2025-12-13 20:00:00,4300.0,4302.5,4298.5,4301.6,105.96,455720.265
2025-12-14 00:00:00,4301.6,4302.8,4301.1,4302.1,59.46,255770.899
2025-12-14 04:00:00,4302.1,4306.3,4302.1,4306.2,37.05,159470.151
2025-12-14 08:00:00,4306.2,4310.0,4304.1,4307.6,308.79,1329909.036
2025-12-14 12:00:00,4307.6,4307.6,4302.0,4304.7,212.72,915701.857
2025-12-14 16:00:00,4304.7,4309.1,4304.7,4307.9,86.97,374590.477
2025-12-14 20:00:00,4307.9,4314.2,4303.0,4310.1,210.73,907988.592
2025-12-15 00:00:00,4310.1,4335.0,4308.7,4331.1,486.99,2106599.688
2025-12-15 04:00:00,4331.1,4349.8,4330.0,4343.1,548.79,2382196.789
2025-12-15 08:00:00,4343.1,4354.3,4338.2,4345.0,493.3,2144322.248
2025-12-15 12:00:00,4345.0,4349.3,4313.6,4322.3,915.12,3962415.887
2025-12-15 16:00:00,4322.3,4323.0,4290.6,4320.6,940.92,4051787.733
2025-12-15 20:00:00,4320.6,4320.7,4305.9,4309.8,334.83,1443512.234
2025-12-16 00:00:00,4309.8,4323.7,4288.1,4296.6,600.67,2586288.279
2025-12-16 04:00:00,4296.6,4297.8,4280.5,4293.3,549.95,2359031.769
2025-12-16 08:00:00,4293.3,4295.2,4276.1,4281.3,459.05,1966013.676
2025-12-16 12:00:00,4281.3,4333.8,4280.8,4319.0,1305.11,5629568.771
2025-12-16 16:00:00,4319.0,4321.9,4291.8,4308.1,559.89,2409832.539
2025-12-16 20:00:00,4308.1,4312.2,4299.4,4308.5,225.02,968081.166
2025-12-17 00:00:00,4308.5,4326.7,4307.6,4322.1,572.41,2471810.25
2025-12-17 04:00:00,4322.1,4341.2,4317.6,4320.9,835.96,3620109.003
2025-12-17 08:00:00,4320.9,4326.2,4307.8,4317.5,682.7,2947885.743
2025-12-17 12:00:00,4317.5,4347.7,4316.6,4326.3,1250.18,5416371.768
2025-12-17 16:00:00,4326.3,4342.7,4320.0,4334.2,413.55,1791654.472
2025-12-17 20:00:00,4334.2,4342.5,4333.0,4339.7,310.89,1348965.016
2025-12-18 00:00:00,4339.7,4341.9,4324.2,4333.7,253.99,1100578.329
2025-12-18 04:00:00,4333.7,4339.7,4329.5,4334.3,219.56,951971.294
2025-12-18 08:00:00,4334.3,4334.3,4323.4,4329.1,197.52,854922.43
2025-12-18 12:00:00,4329.1,4344.5,4311.9,4339.8,1294.39,5607263.899
2025-12-18 16:00:00,4339.8,4376.0,4326.1,4332.8,1325.37,5766899.116
2025-12-18 20:00:00,4332.8,4345.3,4332.8,4340.7,176.87,767533.26
2025-12-19 00:00:00,4340.7,4340.7,4316.9,4324.0,471.79,2041050.441
2025-12-19 04:00:00,4324.0,4333.3,4321.6,4328.4,221.88,960273.646
2025-12-19 08:00:00,4328.4,4336.8,4325.5,4332.0,195.9,848629.473
2025-12-19 12:00:00,4332.0,4349.1,4326.3,4349.0,775.61,3366192.2
2025-12-19 16:00:00,4349.0,4360.0,4343.0,4345.2,513.75,2236213.724
2025-12-19 20:00:00,4345.2,4345.5,4338.6,4340.8,77.68,337263.567
2025-12-20 00:00:00,4340.8,4343.8,4338.7,4342.4,67.5,293037.693
2025-12-20 04:00:00,4342.4,4343.8,4341.9,4343.0,29.09,126341.379
2025-12-20 08:00:00,4343.0,4344.2,4342.5,4344.0,24.39,105940.03
2025-12-20 12:00:00,4344.0,4346.4,4343.9,4346.1,28.12,122188.123
2025-12-20 16:00:00,4346.1,4346.9,4342.2,4344.7,94.17,409160.987
2025-12-20 20:00:00,4344.7,4345.1,4344.3,4344.4,24.82,107837.709
2025-12-21 00:00:00,4344.4,4346.4,4344.3,4345.2,29.01,126074.22
2025-12-21 04:00:00,4345.2,4346.2,4342.9,4346.2,117.15,509026.549
2025-12-21 08:00:00,4346.2,4347.8,4340.5,4347.0,85.17,370030.931
2025-12-21 12:00:00,4347.0,4347.6,4346.1,4346.8,40.67,176783.045
2025-12-21 16:00:00,4346.8,4347.9,4346.1,4347.9,61.67,268076.994
2025-12-21 20:00:00,4347.9,4361.6,4344.8,4359.3,369.86,1610351.498
2025-12-22 00:00:00,4359.3,4398.0,4359.3,4397.8,886.73,3885599.895
2025-12-22 04:00:00,4397.8,4424.6,4396.8,4417.0,1196.4,5277357.85
2025-12-22 08:00:00,4417.0,4421.0,4408.3,4411.7,626.12,2763631.398
2025-12-22 12:00:00,4411.7,4442.9,4409.3,4440.0,854.61,3783023.36
2025-12-22 16:00:00,4440.0,4449.2,4435.8,4440.0,585.83,2603015.062
2025-12-22 20:00:00,4440.0,4472.3,4440.0,4470.3,933.65,4161482.928
2025-12-23 00:00:00,4470.3,4504.1,4468.8,4491.4,1018.87,4575411.016
2025-12-23 04:00:00,4491.4,4494.7,4475.8,4492.7,385.81,1730819.469
2025-12-23 08:00:00,4492.7,4501.7,4481.9,4496.2,693.77,3116084.039
2025-12-23 12:00:00,4496.2,4499.1,4440.3,4466.4,1813.97,8101912.07
2025-12-23 16:00:00,4466.4,4503.7,4464.8,4499.1,923.13,4141157.092
2025-12-23 20:00:00,4499.1,4523.5,4491.2,4517.3,757.31,3411975.875
2025-12-24 00:00:00,4517.3,4536.0,4485.0,4502.6,1405.49,6344838.269
2025-12-24 04:00:00,4502.6,4510.8,4493.6,4493.8,338.62,1525030.815
2025-12-24 08:00:00,4493.8,4509.0,4489.7,4501.4,538.04,2420378.767
2025-12-24 12:00:00,4501.4,4505.7,4459.5,4468.5,1361.26,6103679.942
2025-12-24 16:00:00,4468.5,4496.3,4466.9,4489.6,537.74,2411203.201
2025-12-24 20:00:00,4489.6,4490.4,4483.0,4487.9,98.0,439698.582
2025-12-25 00:00:00,4487.9,4491.0,4478.7,4482.3,371.59,1665669.004
2025-12-25 04:00:00,4482.3,4488.6,4480.3,4486.7,290.99,1304871.356
2025-12-25 08:00:00,4486.7,4488.1,4479.7,4485.4,246.45,1105350.028
2025-12-25 12:00:00,4485.4,4495.0,4483.4,4495.0,251.72,1130326.766
2025-12-25 16:00:00,4495.0,4495.9,4490.1,4495.1,160.45,721026.568
2025-12-25 20:00:00,4495.1,4504.4,4487.8,4499.1,603.51,2713723.823
2025-12-26 00:00:00,4499.1,4534.6,4495.0,4506.3,1407.34,6351770.642
2025-12-26 04:00:00,4506.3,4523.3,4505.3,4515.6,537.68,2428399.117
2025-12-26 08:00:00,4515.6,4529.7,4509.6,4513.9,496.81,2245370.122
2025-12-26 12:00:00,4513.9,4551.6,4511.6,4549.0,1044.78,4733765.217
2025-12-26 16:00:00,4549.0,4553.7,4519.6,4528.9,791.0,3588115.981
2025-12-26 20:00:00,4528.9,4542.4,4528.3,4536.3,224.85,1019866.692
2025-12-27 00:00:00,4536.3,4541.0,4527.0,4536.5,302.57,1372477.497
2025-12-27 04:00:00,4536.5,4542.1,4536.3,4541.6,107.96,490133.228
2025-12-27 08:00:00,4541.6,4545.0,4541.5,4542.7,146.86,667205.913
2025-12-27 12:00:00,4542.7,4545.9,4540.6,4544.5,133.24,605390.619
2025-12-27 16:00:00,4544.5,4547.4,4543.1,4546.2,104.7,475893.717
2025-12-27 20:00:00,4546.2,4546.7,4541.2,4542.7,119.18,541543.094
2025-12-28 00:00:00,4542.7,4545.0,4542.7,4543.8,64.67,293846.536
2025-12-28 04:00:00,4543.8,4547.0,4543.8,4546.1,154.46,702157.799
2025-12-28 08:00:00,4546.1,4549.9,4546.1,4549.8,209.03,950752.048
2025-12-28 12:00:00,4549.8,4551.1,4536.8,4540.6,675.0,3066012.248
2025-12-28 16:00:00,4540.6,4545.0,4540.6,4544.2,158.75,721370.561
2025-12-28 20:00:00,4544.2,4553.7,4534.4,4534.5,332.42,1510407.31
2025-12-29 00:00:00,4534.5,4534.8,4485.0,4520.5,1195.44,5390052.354
2025-12-29 04:00:00,4520.5,4522.3,4457.0,4479.4,1356.88,6083733.806
2025-12-29 08:00:00,4479.4,4492.0,4437.2,4448.6,1167.67,5210979.964
2025-12-29 12:00:00,4448.6,4471.1,4322.0,4338.0,4272.38,18745830.868
2025-12-29 16:00:00,4338.0,4360.2,4332.6,4350.6,1164.02,5060465.763
2025-12-29 20:00:00,4350.6,4359.3,4339.1,4356.9,697.95,3036259.46
2025-12-30 00:00:00,4356.9,4379.0,4337.8,4368.3,778.01,3392976.082
2025-12-30 04:00:00,4368.3,4391.2,4368.3,4382.1,505.98,2217132.852
2025-12-30 08:00:00,4382.1,4399.0,4361.7,4392.4,715.69,3137324.146
2025-12-30 12:00:00,4392.4,4413.1,4368.8,4374.7,1008.1,4427815.793
2025-12-30 16:00:00,4374.7,4391.0,4345.8,4355.6,591.89,2584463.224
2025-12-30 20:00:00,4355.6,4362.5,4338.5,4348.1,702.32,3056057.412
2025-12-31 00:00:00,4348.1,4380.0,4342.2,4359.1,664.86,2900987.664
2025-12-31 04:00:00,4359.1,4362.4,4288.2,4338.0,1776.39,7678428.105
2025-12-31 08:00:00,4338.0,4344.4,4312.7,4320.1,776.0,3356431.495
2025-12-31 12:00:00,4320.1,4359.2,4311.7,4344.8,784.44,3403641.428
2025-12-31 16:00:00,4344.8,4346.6,4316.1,4317.9,304.28,1317384.849
2025-12-31 20:00:00,4317.9,4330.6,4313.2,4327.7,131.27,567377.971
2026-01-01 00:00:00,4327.7,4333.0,4327.4,4333.0,131.36,568840.856
2026-01-01 04:00:00,4333.0,4346.6,4330.5,4333.5,387.13,1679178.04
2026-01-01 08:00:00,4333.5,4340.3,4333.4,4337.9,101.45,440074.351
2026-01-01 12:00:00,4337.9,4337.9,4332.9,4335.6,77.09,334183.855
2026-01-01 16:00:00,4335.6,4338.6,4333.7,4336.6,70.92,307510.645
2026-01-01 20:00:00,4336.6,4357.5,4333.3,4356.9,302.72,1315461.201
2026-01-02 00:00:00,4356.9,4380.2,4349.5,4379.3,435.47,1899245.957
2026-01-02 04:00:00,4379.3,4387.9,4375.8,4387.8,392.95,1721476.56
2026-01-02 08:00:00,4387.8,4408.3,4387.7,4400.3,696.62,3064738.3
2026-01-02 12:00:00,4400.3,4407.9,4340.1,4344.7,1201.86,5255415.811
2026-01-02 16:00:00,4344.7,4345.3,4320.2,4328.0,696.0,3015506.483
2026-01-02 20:00:00,4328.0,4342.9,4327.3,4341.0,222.82,966599.03
2026-01-03 00:00:00,4341.0,4345.3,4338.7,4345.2,127.65,554390.864
2026-01-03 04:00:00,4345.2,4350.0,4340.1,4349.9,238.71,1037211.803
2026-01-03 08:00:00,4349.9,4365.8,4349.1,4355.8,645.93,2814306.93
2026-01-03 12:00:00,4355.8,4362.0,4346.2,4348.7,332.09,1446019.803
2026-01-03 16:00:00,4348.7,4352.7,4348.7,4349.1,193.56,841954.516
2026-01-03 20:00:00,4349.1,4350.7,4344.1,4345.0,232.0,1008735.837
2026-01-04 00:00:00,4345.0,4349.1,4340.5,4343.0,204.84,889959.954
2026-01-04 04:00:00,4343.0,4345.9,4337.8,4345.8,180.1,781959.202
2026-01-04 08:00:00,4345.8,4348.8,4343.0,4343.4,142.2,618031.155
2026-01-04 12:00:00,4343.4,4348.4,4340.2,4344.9,314.67,1366896.827
2026-01-04 16:00:00,4344.9,4351.9,4344.7,4351.5,204.97,891214.025
2026-01-04 20:00:00,4351.5,4380.4,4346.7,4377.1,1032.8,4502578.839
2026-01-05 00:00:00,4377.1,4408.6,4373.8,4391.3,1184.38,5203993.85
2026-01-05 04:00:00,4391.3,4418.7,4387.0,4415.5,915.9,4034299.809
2026-01-05 08:00:00,4415.5,4435.2,4404.4,4412.9,984.93,4355414.049
2026-01-05 12:00:00,4412.9,4447.0,4390.0,4439.5,1616.46,7138939.961
2026-01-05 16:00:00,4439.5,4444.0,4424.1,4430.2,406.76,1803397.493
2026-01-05 20:00:00,4430.2,4448.0,4428.5,4431.4,308.65,1369131.031
2026-01-06 00:00:00,4431.4,4458.8,4417.6,4457.6,514.38,2284177.82
2026-01-06 04:00:00,4457.6,4464.3,4441.4,4448.4,455.97,2030561.642
2026-01-06 08:00:00,4448.4,4465.6,4433.9,4453.7,549.41,2443798.55
2026-01-06 12:00:00,4453.7,4480.6,4445.1,4468.2,1315.23,5871524.595
2026-01-06 16:00:00,4468.2,4484.9,4462.7,4475.0,386.78,1731332.301
2026-01-06 20:00:00,4475.0,4491.1,4474.4,4483.5,349.34,1567123.343
2026-01-07 00:00:00,4483.5,4484.7,4450.7,4467.0,748.74,3344886.566
2026-01-07 04:00:00,4467.0,4467.8,4437.0,4457.3,621.39,2764233.407
2026-01-07 08:00:00,4457.3,4467.7,4440.5,4441.5,533.29,2376716.362
2026-01-07 12:00:00,4441.5,4450.4,4422.4,4442.4,1445.64,6416897.542
2026-01-07 16:00:00,4442.4,4462.3,4439.9,4454.2,575.71,2562408.594
2026-01-07 20:00:00,4454.2,4461.9,4448.9,4461.3,261.14,1164009.533
2026-01-08 00:00:00,4461.3,4464.5,4431.8,4438.3,385.71,1715777.994
2026-01-08 04:00:00,4438.3,4438.3,4415.1,4430.1,751.25,3325527.689
2026-01-08 08:00:00,4430.1,4434.2,4418.4,4421.3,571.88,2531442.58
2026-01-08 12:00:00,4421.3,4449.5,4404.1,4448.1,1824.38,8067446.598
2026-01-08 16:00:00,4448.1,4458.3,4436.0,4442.9,441.95,1965389.79
2026-01-08 20:00:00,4442.9,4471.1,4442.9,4465.7,484.79,2164927.793
2026-01-09 00:00:00,4465.7,4468.2,4446.3,4458.8,394.81,1760021.045
2026-01-09 04:00:00,4458.8,4469.5,4453.4,4464.5,291.42,1300300.481
2026-01-09 08:00:00,4464.5,4469.0,4454.6,4468.4,392.33,1750961.581
2026-01-09 12:00:00,4468.4,4506.9,4454.4,4500.5,1786.37,8006782.164
2026-01-09 16:00:00,4500.5,4502.7,4471.7,4488.6,583.78,2620340.995
2026-01-09 20:00:00,4488.6,4498.0,4488.6,4492.0,215.04,966498.174
2026-01-10 00:00:00,4492.0,4497.3,4492.0,4495.4,157.2,706480.035
2026-01-10 04:00:00,4495.4,4499.4,4495.4,4499.3,67.61,304106.595
2026-01-10 08:00:00,4499.3,4502.9,4499.2,4502.9,93.48,420770.142
2026-01-10 12:00:00,4502.9,4506.0,4498.2,4504.0,762.94,3434521.754
2026-01-10 16:00:00,4504.0,4504.0,4496.2,4499.2,748.04,3367278.597
2026-01-10 20:00:00,4499.2,4504.7,4497.3,4504.6,95.06,428023.128
2026-01-11 00:00:00,4504.6,4508.4,4499.9,4508.0,122.56,552072.771
2026-01-11 04:00:00,4508.0,4512.4,4504.4,4510.9,215.42,971327.632
2026-01-11 08:00:00,4510.9,4512.1,4506.5,4511.5,166.85,752636.965
2026-01-11 12:00:00,4511.5,4511.5,4501.2,4510.0,235.86,1063166.049
2026-01-11 16:00:00,4510.0,4510.6,4506.5,4508.3,122.25,551128.488
2026-01-11 20:00:00,4508.3,4542.1,4506.6,4537.5,640.23,2897518.966
2026-01-12 00:00:00,4537.5,4593.6,4534.9,4565.8,1550.52,7089039.53
2026-01-12 04:00:00,4565.8,4582.0,4559.3,4582.0,464.25,2121849.992
2026-01-12 08:00:00,4582.0,4594.0,4574.6,4577.7,610.78,2800372.989
2026-01-12 12:00:00,4577.7,4618.7,4572.5,4614.7,1896.3,8721507.471
2026-01-12 16:00:00,4614.7,4623.0,4595.4,4606.0,596.33,2748366.347
2026-01-12 20:00:00,4606.0,4606.0,4578.1,4598.0,716.17,3288820.399
2026-01-13 00:00:00,4598.0,4598.0,4573.2,4592.3,560.74,2571110.366
2026-01-13 04:00:00,4592.3,4599.3,4573.0,4579.3,514.4,2358379.693
2026-01-13 08:00:00,4579.3,4595.5,4579.2,4588.2,556.84,2554791.458
2026-01-13 12:00:00,4588.2,4628.9,4576.0,4615.2,1459.57,6723298.495
2026-01-13 16:00:00,4615.2,4615.8,4583.6,4597.9,725.68,3335845.528
2026-01-13 20:00:00,4597.9,4599.9,4573.9,4599.3,686.54,3149959.122
2026-01-14 00:00:00,4599.3,4624.3,4599.0,4624.2,417.97,1928228.998
2026-01-14 04:00:00,4624.2,4633.6,4611.3,4625.7,717.65,3319426.457
2026-01-14 08:00:00,4625.7,4631.3,4615.6,4624.2,613.66,2837906.301
2026-01-14 12:00:00,4624.2,4636.0,4597.7,4614.1,1142.73,5277781.819
2026-01-14 16:00:00,4614.1,4632.0,4598.1,4630.4,466.2,2152717.498
2026-01-14 20:00:00,4630.4,4631.6,4602.5,4614.3,495.07,2286780.953
2026-01-15 00:00:00,4614.3,4615.7,4578.5,4588.0,840.54,3862862.941
2026-01-15 04:00:00,4588.0,4609.1,4578.0,4598.7,740.16,3400301.467
2026-01-15 08:00:00,4598.7,4618.2,4596.6,4615.1,419.62,1933603.515
2026-01-15 12:00:00,4615.1,4616.4,4579.2,4611.0,766.61,3525616.839
2026-01-15 16:00:00,4611.0,4617.2,4598.7,4608.4,321.79,1483554.546
2026-01-15 20:00:00,4608.4,4612.9,4596.4,4604.6,173.43,798725.164
2026-01-16 00:00:00,4604.6,4604.6,4589.8,4593.2,194.86,895566.878
2026-01-16 04:00:00,4593.2,4610.5,4593.2,4604.0,167.74,771685.307
2026-01-16 08:00:00,4604.0,4611.7,4597.0,4609.6,162.08,746274.839
2026-01-16 12:00:00,4609.6,4612.6,4542.0,4575.2,1590.84,7280054.399
2026-01-16 16:00:00,4575.2,4596.6,4573.5,4589.6,689.0,3159529.33
2026-01-16 20:00:00,4589.6,4595.0,4580.3,4592.1,133.73,613637.047
2026-01-17 00:00:00,4592.1,4595.5,4590.9,4595.4,85.91,394564.972
2026-01-17 04:00:00,4595.4,4595.6,4592.7,4592.9,39.62,181988.058
2026-01-17 08:00:00,4592.9,4595.6,4590.9,4595.2,64.07,294273.532
2026-01-17 12:00:00,4595.2,4596.8,4592.4,4593.6,126.95,583292.984
2026-01-17 16:00:00,4593.6,4598.8,4592.9,4597.9,70.65,324746.19
2026-01-17 20:00:00,4597.9,4601.8,4597.9,4601.8,35.97,165477.402
2026-01-18 00:00:00,4601.8,4603.7,4601.6,4602.6,68.66,316028.49
2026-01-18 04:00:00,4602.6,4602.6,4598.8,4601.3,121.89,560684.414
2026-01-18 08:00:00,4601.3,4605.4,4601.3,4605.3,76.75,353342.852
2026-01-18 12:00:00,4605.3,4609.1,4605.3,4608.6,120.66,555883.425
2026-01-18 16:00:00,4608.6,4614.0,4608.2,4612.1,149.51,689436.521
2026-01-18 20:00:00,4612.1,4690.7,4611.0,4673.4,1625.71,7557924.85
2026-01-19 00:00:00,4673.4,4676.3,4649.2,4654.3,824.88,3845737.449
2026-01-19 04:00:00,4654.3,4672.7,4654.2,4659.5,390.37,1820552.486
2026-01-19 08:00:00,4659.5,4667.9,4656.2,4658.2,231.11,1077321.662
2026-01-19 12:00:00,4658.2,4672.8,4657.5,4671.9,402.81,1879995.705
2026-01-19 16:00:00,4671.9,4677.5,4665.4,4668.8,287.4,1342725.023
2026-01-19 20:00:00,4668.8,4675.9,4665.9,4666.4,163.27,762537.358
2026-01-20 00:00:00,4666.4,4676.8,4661.0,4676.1,248.19,1158309.915
2026-01-20 04:00:00,4676.1,4719.5,4676.1,4713.4,1317.83,6195712.401
2026-01-20 08:00:00,4713.4,4734.6,4713.0,4729.4,955.28,4513357.019
2026-01-20 12:00:00,4729.4,4748.1,4712.8,4737.2,1197.15,5666006.342
2026-01-20 16:00:00,4737.2,4771.7,4729.8,4765.5,756.7,3601242.126
2026-01-20 20:00:00,4765.5,4794.4,4753.3,4787.2,1085.77,5185528.172
2026-01-21 00:00:00,4787.2,4856.9,4783.2,4851.8,2095.69,10115819.496
2026-01-21 04:00:00,4851.8,4894.0,4840.5,4863.7,1820.25,8856875.377
2026-01-21 08:00:00,4863.7,4882.7,4858.8,4871.5,851.33,4145353.514
2026-01-21 12:00:00,4871.5,4884.4,4814.1,4850.9,2601.48,12626900.162
2026-01-21 16:00:00,4850.9,4857.5,4761.1,4785.6,2234.52,10753613.933
2026-01-21 20:00:00,4785.6,4840.5,4779.0,4781.6,1237.1,5949391.198
2026-01-22 00:00:00,4781.6,4808.8,4774.1,4795.0,854.11,4091297.942
2026-01-22 04:00:00,4795.0,4839.7,4794.4,4837.0,837.4,4036938.646
2026-01-22 08:00:00,4837.0,4839.7,4818.3,4834.6,700.17,3381564.148
2026-01-22 12:00:00,4834.6,4872.9,4812.3,4870.4,1867.03,9043916.525
2026-01-22 16:00:00,4870.4,4924.5,4865.4,4909.9,1981.94,9700953.516
2026-01-22 20:00:00,4909.9,4959.9,4909.9,4958.5,1276.13,6303271.497
2026-01-23 00:00:00,4958.5,4966.6,4937.1,4951.6,1112.78,5510406.446
2026-01-23 04:00:00,4951.6,4964.8,4946.3,4946.6,485.82,2407432.379
2026-01-23 08:00:00,4946.6,4947.5,4902.0,4927.9,1474.06,7253586.55
2026-01-23 12:00:00,4927.9,5320.0,4768.8,4968.2,6881.04,34078499.568
2026-01-23 16:00:00,4968.2,4998.0,4958.1,4986.7,2292.87,11423346.179
2026-01-23 20:00:00,4986.7,4993.4,4970.2,4990.5,954.56,4756081.564
2026-01-24 00:00:00,4990.5,5011.1,4989.8,5006.2,1433.93,7168469.053
2026-01-24 04:00:00,5006.2,5006.2,4991.8,4997.2,656.56,3281629.873
2026-01-24 08:00:00,4997.2,5006.2,4994.3,5000.5,501.4,2508068.087
2026-01-24 12:00:00,5000.5,5031.3,5000.3,5027.2,1006.12,5048132.784
2026-01-24 16:00:00,5027.2,5066.5,5023.3,5053.2,2137.93,10793330.344
2026-01-24 20:00:00,5053.2,5076.3,5031.0,5032.2,2153.82,10893616.803
2026-01-25 00:00:00,5032.2,5053.8,5031.0,5044.9,1052.48,5309358.469
2026-01-25 04:00:00,5044.9,5053.0,5031.5,5049.7,1193.72,6024100.026
2026-01-25 08:00:00,5049.7,5053.9,5014.3,5034.1,1417.6,7131438.977
2026-01-25 12:00:00,5034.1,5045.3,5022.8,5032.4,1141.58,5748257.041
2026-01-25 16:00:00,5032.4,5095.1,5032.4,5061.1,2482.89,12581725.381
2026-01-25 20:00:00,5061.1,5071.6,5005.8,5042.2,2362.59,11909001.337
2026-01-26 00:00:00,5042.2,5093.1,5033.7,5072.4,1824.36,9245433.421
2026-01-26 04:00:00,5072.4,5109.8,5055.2,5091.1,1595.09,8101213.981
2026-01-26 08:00:00,5091.1,5102.1,5081.6,5094.5,1190.75,6065021.117
2026-01-26 12:00:00,5094.5,5101.4,5057.7,5094.9,2090.9,10630191.626
2026-01-26 16:00:00,5094.9,5110.0,5016.0,5036.7,3478.77,17649185.851
2026-01-26 20:00:00,5036.7,5070.2,4976.3,5046.0,3280.29,16480561.526
2026-01-27 00:00:00,5046.0,5078.0,5016.0,5075.7,1520.69,7683558.621
2026-01-27 04:00:00,5075.7,5094.5,5056.7,5081.7,930.59,4723651.318
2026-01-27 08:00:00,5081.7,5096.1,5068.6,5078.7,848.36,4311878.037
2026-01-27 12:00:00,5078.7,5089.7,5046.3,5085.0,1569.96,7958660.781
2026-01-27 16:00:00,5085.0,5099.1,5071.1,5094.9,1023.92,5206051.823
2026-01-27 20:00:00,5094.9,5196.7,5094.2,5174.3,3879.24,20004392.824
2026-01-28 00:00:00,5174.3,5256.4,5160.3,5240.9,2945.65,15375496.565
2026-01-28 04:00:00,5240.9,5300.0,5240.5,5297.6,2291.92,12083588.124
2026-01-28 08:00:00,5297.6,5322.1,5241.9,5268.4,3335.22,17631593.896
2026-01-28 12:00:00,5268.4,5304.4,5247.5,5285.7,3104.3,16378320.612
2026-01-28 16:00:00,5285.7,5339.8,5277.0,5330.0,3093.22,16398969.468
2026-01-28 20:00:00,5330.0,5610.7,5326.6,5528.2,8856.4,48450590.858
2026-01-29 00:00:00,5528.2,5563.2,5467.1,5558.0,4761.39,26305598.654
2026-01-29 04:00:00,5558.0,5616.3,5532.7,5572.7,4137.33,23081975.616
2026-01-29 08:00:00,5572.7,5578.2,5494.1,5543.6,3520.6,19480732.055
2026-01-29 12:00:00,5543.6,5572.3,5150.5,5225.5,19020.44,101061797.819
2026-01-29 16:00:00,5225.5,5389.9,5204.4,5319.5,12944.04,68843677.914
2026-01-29 20:00:00,5319.5,5459.4,5294.1,5448.2,3878.83,20938522.069
2026-01-30 00:00:00,5448.2,5460.3,5124.0,5203.7,11171.39,58768008.966
2026-01-30 04:00:00,5203.7,5249.7,5128.8,5185.6,4836.7,25091372.525
2026-01-30 08:00:00,5185.6,5185.6,4960.3,5144.7,11189.54,56761719.489
2026-01-30 12:00:00,5144.7,5153.2,4996.2,5050.5,8703.98,44091526.769
2026-01-30 16:00:00,5050.5,5052.1,4715.1,4931.1,15669.03,76425861.407
2026-01-30 20:00:00,4931.1,4935.5,4819.7,4892.9,2295.23,11193741.646
2026-01-31 00:00:00,4892.9,4915.4,4875.5,4905.9,991.19,4853176.866
2026-01-31 04:00:00,4905.9,4920.8,4895.1,4919.4,400.98,1968780.9
2026-01-31 08:00:00,4919.4,4928.3,4887.8,4894.1,766.17,3761083.386
2026-01-31 12:00:00,4894.1,4908.9,4883.0,4884.3,719.02,3519030.234
2026-01-31 16:00:00,4884.3,4889.7,4785.1,4831.2,1931.63,9347851.361
2026-01-31 20:00:00,4831.2,4833.4,4769.6,4807.5,782.59,3758940.633
2026-02-01 00:00:00,4807.5,4843.0,4803.1,4824.4,539.64,2605901.959
2026-02-01 04:00:00,4824.4,4856.9,4821.4,4840.9,507.69,2457785.097
2026-02-01 08:00:00,4840.9,4849.9,4828.5,4831.5,493.39,2387896.296
2026-02-01 12:00:00,4831.5,4835.3,4771.9,4791.0,1034.67,4965697.909
2026-02-01 16:00:00,4791.0,4829.0,4778.6,4795.5,718.4,3449545.093
2026-02-01 20:00:00,4795.5,4840.6,4673.2,4725.3,4790.91,22777296.317
2026-02-02 00:00:00,4725.3,4859.5,4596.8,4628.3,7417.57,35032165.096
2026-02-02 04:00:00,4628.3,4704.3,4419.0,4583.9,7036.43,32002427.147
2026-02-02 08:00:00,4583.9,4769.3,4565.8,4755.8,4082.85,19080457.005
2026-02-02 12:00:00,4755.8,4806.2,4610.7,4611.9,4501.65,21230837.671
2026-02-02 16:00:00,4611.9,4709.5,4592.7,4684.3,2824.29,13171216.294
2026-02-02 20:00:00,4684.3,4770.5,4647.4,4768.2,1323.16,6223987.211
2026-02-03 00:00:00,4768.2,4846.2,4742.0,4810.4,3037.13,14557000.883
2026-02-03 04:00:00,4810.4,4930.5,4801.5,4913.7,2701.33,13191940.874
2026-02-03 08:00:00,4913.7,4944.3,4874.0,4910.2,1790.55,8792793.37
2026-02-03 12:00:00,4910.2,4956.6,4890.5,4935.0,2143.09,10548895.487
2026-02-03 16:00:00,4935.0,4988.8,4873.8,4921.9,2544.31,12565246.011
2026-02-03 20:00:00,4921.9,4963.3,4897.1,4934.8,1306.15,6437783.516
2026-02-04 00:00:00,4934.8,5069.8,4934.1,5063.1,2605.42,13078085.037
2026-02-04 04:00:00,5063.1,5086.8,5046.0,5078.8,1427.86,7240836.302
2026-02-04 08:00:00,5078.8,5086.6,5004.0,5040.5,1011.99,5113919.347
2026-02-04 12:00:00,5040.5,5053.2,4876.8,4910.4,2320.34,11544022.345
2026-02-04 16:00:00,4910.4,4944.9,4841.3,4931.2,2727.76,13357965.504
2026-02-04 20:00:00,4931.2,5010.5,4902.6,4996.4,1067.68,5288361.675
2026-02-05 00:00:00,4996.4,5006.8,4774.6,4861.2,5229.77,25521305.072
2026-02-05 04:00:00,4861.2,4916.2,4807.6,4895.8,1722.58,8378763.17
2026-02-05 08:00:00,4895.8,4920.0,4825.2,4841.2,2091.17,10174206.962
2026-02-05 12:00:00,4841.2,4851.2,4774.6,4792.5,2959.11,14246971.454
2026-02-05 16:00:00,4792.5,4880.8,4787.5,4799.2,1337.06,6458151.505
2026-02-05 20:00:00,4799.2,4808.6,4660.0,4661.0,2724.2,12854749.734
2026-02-06 00:00:00,4661.0,4796.6,4596.0,4768.4,2779.42,13074839.4
2026-02-06 04:00:00,4768.4,4855.1,4752.0,4797.5,1387.29,6665750.582
2026-02-06 08:00:00,4797.5,4857.3,4779.4,4848.4,1307.79,6301642.896
2026-02-06 12:00:00,4848.4,4923.0,4835.4,4905.2,1891.39,9232623.808
2026-02-06 16:00:00,4905.2,4926.2,4887.0,4910.6,995.67,4886931.197
2026-02-06 20:00:00,4910.6,4927.4,4894.4,4904.4,463.23,2274698.472
2026-02-07 00:00:00,4904.4,4904.4,4878.1,4883.9,224.88,1099889.915
2026-02-07 04:00:00,4883.9,4911.5,4883.9,4898.0,195.46,956516.242
2026-02-07 08:00:00,4898.0,4916.9,4896.6,4902.3,240.13,1178378.04
2026-02-07 12:00:00,4902.3,4925.1,4902.2,4916.4,107.59,529034.84
2026-02-07 16:00:00,4916.4,4942.9,4910.0,4942.8,134.85,663996.181
2026-02-07 20:00:00,4942.8,4961.3,4937.3,4952.1,166.07,822072.306
2026-02-08 00:00:00,4952.1,4964.9,4942.2,4960.7,142.62,706927.428
2026-02-08 04:00:00,4960.7,4983.9,4960.3,4967.1,392.89,1954246.004
2026-02-08 08:00:00,4967.1,4979.6,4956.0,4965.9,183.94,913630.98
2026-02-08 12:00:00,4965.9,4979.1,4960.0,4961.4,143.22,711650.085
2026-02-08 16:00:00,4961.4,4974.9,4960.0,4972.5,98.26,487896.686
2026-02-08 20:00:00,4972.5,5019.0,4943.9,5009.9,1180.15,5882331.964
2026-02-09 00:00:00,5009.9,5020.7,4937.9,4987.5,1523.22,7589366.049
2026-02-09 04:00:00,4987.5,5013.0,4968.3,4974.0,497.02,2480814.757
2026-02-09 08:00:00,4974.0,5007.7,4954.4,4984.8,768.75,3826216.814
2026-02-09 12:00:00,4984.8,5037.9,4974.5,5033.4,871.04,4357465.8
2026-02-09 16:00:00,5033.4,5059.8,5027.7,5052.3,780.94,3940314.784
2026-02-09 20:00:00,5052.3,5068.0,4963.8,5011.0,1437.09,7201193.506
2026-02-10 00:00:00,5011.0,5032.4,4986.2,5007.3,1268.22,6352178.578
2026-02-10 04:00:00,5007.3,5025.0,4995.1,5008.2,325.49,1630302.827
2026-02-10 08:00:00,5008.2,5039.7,5007.2,5032.0,393.87,1979868.21
2026-02-10 12:00:00,5032.0,5052.4,4976.2,4997.3,1197.43,5999871.187
2026-02-10 16:00:00,4997.3,5016.0,4982.2,5004.3,384.13,1919576.173
2026-02-10 20:00:00,5004.3,5025.3,4994.0,5013.2,188.99,946602.271
2026-02-11 00:00:00,5013.2,5029.4,5001.6,5024.8,306.59,1537848.905
2026-02-11 04:00:00,5024.8,5033.6,5012.0,5025.1,506.3,2542648.572
2026-02-11 08:00:00,5025.1,5092.1,5018.0,5090.7,800.4,4048918.744
2026-02-11 12:00:00,5090.7,5096.7,4997.4,5033.2,1906.75,9611277.052
2026-02-11 16:00:00,5033.2,5071.4,5019.2,5055.3,344.45,1739629.527
2026-02-11 20:00:00,5055.3,5072.5,5032.2,5034.9,622.18,3142998.506
2026-02-12 00:00:00,5034.9,5044.5,5016.4,5027.6,371.9,1871670.332
2026-02-12 04:00:00,5027.6,5043.1,5010.6,5035.0,423.45,2128024.424
2026-02-12 08:00:00,5035.0,5051.8,5023.9,5035.9,1083.42,5454551.478
2026-02-12 12:00:00,5035.9,5055.8,5013.4,5033.5,488.05,2458257.333
2026-02-12 16:00:00,5033.5,5037.3,4867.3,4921.7,3014.64,14879331.048
2026-02-12 20:00:00,4921.7,4925.9,4865.1,4894.7,689.61,3373369.731
2026-02-13 00:00:00,4894.7,4964.7,4890.9,4956.9,498.18,2457938.729
2026-02-13 04:00:00,4956.9,4970.0,4921.4,4950.0,498.12,2462128.631
2026-02-13 08:00:00,4950.0,4962.8,4913.0,4932.6,847.96,4191528.651
2026-02-13 12:00:00,4932.6,4998.4,4931.4,4955.1,1589.3,7895278.304
2026-02-13 16:00:00,4955.1,5023.3,4955.1,5003.4,550.9,2752410.642
2026-02-13 20:00:00,5003.4,5019.6,5000.1,5014.4,138.93,696119.813
2026-02-14 00:00:00,5014.4,5016.3,5007.4,5009.3,84.79,424872.036
2026-02-14 04:00:00,5009.3,5009.7,4999.3,5001.8,147.7,738931.243
2026-02-14 08:00:00,5001.8,5004.4,4996.1,5001.0,143.97,719914.054
2026-02-14 12:00:00,5001.0,5005.3,4998.1,4999.8,151.52,757743.082
2026-02-14 16:00:00,4999.8,5000.8,4997.3,5000.8,52.78,263852.665
2026-02-14 20:00:00,5000.8,5000.8,4991.8,4993.3,52.12,260356.279
2026-02-15 00:00:00,4993.3,5000.8,4992.8,5000.8,59.27,296079.268
2026-02-15 04:00:00,5000.8,5002.0,4996.5,5000.7,81.94,409651.448
2026-02-15 08:00:00,5000.7,5011.4,5000.0,5006.6,72.18,361363.737
2026-02-15 12:00:00,5006.6,5006.7,4999.3,5002.1,68.08,340526.724
2026-02-15 16:00:00,5002.1,5005.0,4990.0,4993.0,64.56,322780.414
2026-02-15 20:00:00,4993.0,5014.3,4976.0,4990.8,569.84,2845830.691
2026-02-16 00:00:00,4990.8,4998.9,4943.1,4957.9,530.68,2638375.624
2026-02-16 04:00:00,4957.9,4982.6,4940.1,4982.0,300.4,1490525.133
2026-02-16 08:00:00,4982.0,4990.4,4973.2,4979.5,262.68,1308880.638
2026-02-16 12:00:00,4979.5,4981.8,4948.0,4956.6,237.02,1176733.861
2026-02-16 16:00:00,4956.6,4974.8,4950.6,4967.3,112.15,556976.356
2026-02-16 20:00:00,4967.3,4975.3,4962.9,4966.8,150.06,745653.744
2026-02-17 00:00:00,4966.8,4967.3,4901.3,4935.8,504.25,2487950.193
2026-02-17 04:00:00,4935.8,4938.2,4842.3,4895.8,1153.14,5624819.137
2026-02-17 08:00:00,4895.8,4918.3,4888.2,4908.8,332.34,1629326.712
2026-02-17 12:00:00,4908.8,4923.6,4820.1,4857.3,1625.1,7902469.756
2026-02-17 16:00:00,4857.3,4890.1,4829.5,4861.6,845.24,4106772.779
2026-02-17 20:00:00,4861.6,4868.4,4835.2,4837.9,376.07,1825057.845
2026-02-18 00:00:00,4837.9,4899.3,4837.8,4899.0,410.47,1998610.881
2026-02-18 04:00:00,4899.0,4919.5,4897.1,4909.7,173.21,850703.237
2026-02-18 08:00:00,4909.7,4911.4,4886.6,4892.8,208.9,1023498.82
2026-02-18 12:00:00,4892.8,4986.4,4892.8,4974.1,724.85,3586258.699
2026-02-18 16:00:00,4974.1,4988.8,4950.7,4956.5,386.53,1920841.448
2026-02-18 20:00:00,4956.5,4963.9,4939.8,4951.1,291.05,1441965.618
2026-02-19 00:00:00,4951.1,4961.6,4937.7,4961.6,219.28,1084772.353
2026-02-19 04:00:00,4961.6,4998.9,4956.5,4988.7,251.51,1252913.724
2026-02-19 08:00:00,4988.7,4998.6,4958.5,4966.3,415.73,2068972.778
2026-02-19 12:00:00,4966.3,5002.6,4945.4,4993.1,961.01,4780493.486
2026-02-19 16:00:00,4993.1,4993.7,4955.0,4966.9,434.76,2160796.298
2026-02-19 20:00:00,4966.9,4985.5,4966.0,4968.5,241.27,1200703.433
2026-02-20 00:00:00,4968.5,4994.9,4966.1,4971.8,384.32,1914020.282
2026-02-20 04:00:00,4971.8,5011.3,4971.8,4988.6,460.05,2299409.775
2026-02-20 08:00:00,4988.6,5022.9,4988.0,4999.3,456.9,2289227.478
2026-02-20 12:00:00,4999.3,5046.8,4973.8,5024.6,1600.17,8017366.182
2026-02-20 16:00:00,5024.6,5060.3,5022.5,5059.6,538.24,2715650.673
2026-02-20 20:00:00,5059.6,5089.5,5058.5,5080.0,282.86,1436503.368
2026-02-21 00:00:00,5080.0,5090.0,5076.6,5080.5,205.69,1045748.008
2026-02-21 04:00:00,5080.5,5089.3,5080.5,5088.6,97.48,495609.513
2026-02-21 08:00:00,5088.6,5095.7,5088.2,5094.5,188.49,960073.528
2026-02-21 12:00:00,5094.5,5109.8,5093.4,5100.8,253.33,1292728.135
2026-02-21 16:00:00,5100.8,5119.5,5100.5,5110.4,248.06,1268499.908
2026-02-21 20:00:00,5110.4,5113.9,5102.0,5104.7,119.83,612196.207
2026-02-22 00:00:00,5104.7,5105.7,5090.6,5090.6,82.94,422855.184
2026-02-22 04:00:00,5090.6,5098.4,5090.6,5095.3,74.42,379265.592
2026-02-22 08:00:00,5095.3,5100.3,5088.4,5099.7,175.01,891527.532
2026-02-22 12:00:00,5099.7,5126.2,5099.4,5116.5,601.47,3076634.152
2026-02-22 16:00:00,5116.5,5121.2,5112.4,5113.4,287.62,1471738.109
2026-02-22 20:00:00,5113.4,5157.7,5096.7,5151.5,1281.97,6571528.21
2026-02-23 00:00:00,5151.5,5159.0,5117.1,5148.2,1620.5,8324992.508
2026-02-23 04:00:00,5148.2,5149.3,5106.2,5117.4,483.08,2477369.267
2026-02-23 08:00:00,5117.4,5142.0,5102.7,5129.3,432.06,2213115.081
2026-02-23 12:00:00,5129.3,5182.9,5120.6,5175.6,1001.63,5162419.405
2026-02-23 16:00:00,5175.6,5197.7,5156.9,5190.0,581.37,3014106.658
2026-02-23 20:00:00,5190.0,5226.1,5190.0,5212.4,475.71,2479212.82
2026-02-24 00:00:00,5212.4,5212.5,5120.6,5151.4,1666.72,8608267.615
2026-02-24 04:00:00,5151.4,5163.1,5136.3,5159.1,537.09,2766841.401
2026-02-24 08:00:00,5159.1,5159.1,5141.6,5149.8,391.52,2016445.844
2026-02-24 12:00:00,5149.8,5149.8,5074.2,5130.7,2022.2,10329122.99
2026-02-24 16:00:00,5130.7,5152.0,5111.6,5137.6,535.13,2745965.93
2026-02-24 20:00:00,5137.6,5156.3,5106.9,5129.2,601.39,3084334.257
2026-02-25 00:00:00,5129.2,5175.0,5120.8,5162.7,824.11,4250990.418
2026-02-25 04:00:00,5162.7,5189.2,5152.5,5163.4,508.1,2627028.085
2026-02-25 08:00:00,5163.4,5176.6,5135.8,5160.6,501.26,2583872.005
2026-02-25 12:00:00,5160.6,5179.4,5138.5,5172.3,474.15,2447880.315
2026-02-25 16:00:00,5172.3,5192.4,5165.7,5177.9,398.69,2065460.765
2026-02-25 20:00:00,5177.9,5178.3,5120.5,5135.3,1588.32,8169108.094
2026-02-26 00:00:00,5135.3,5167.2,5128.0,5161.7,752.38,3876026.569
2026-02-26 04:00:00,5161.7,5173.0,5150.4,5158.3,256.51,1324054.115
2026-02-26 08:00:00,5158.3,5163.0,5140.1,5142.8,519.78,2677593.637
2026-02-26 12:00:00,5142.8,5169.2,5110.0,5161.4,1102.65,5668899.282
2026-02-26 16:00:00,5161.4,5169.4,5139.4,5164.1,283.58,1461862.734
2026-02-26 20:00:00,5164.1,5175.8,5155.0,5160.6,266.76,1378055.213
2026-02-27 00:00:00,5160.6,5175.1,5146.0,5163.9,330.23,1704384.482
2026-02-27 04:00:00,5163.9,5178.7,5158.5,5160.2,252.91,1307411.735
2026-02-27 08:00:00,5160.2,5170.4,5153.1,5170.4,303.81,1567808.412
2026-02-27 12:00:00,5170.4,5233.6,5168.3,5226.8,1778.79,9264720.351
2026-02-27 16:00:00,5226.8,5245.0,5208.1,5239.4,640.59,3346175.978
2026-02-27 20:00:00,5239.4,5275.3,5238.1,5259.1,591.37,3108714.649
2026-02-28 00:00:00,5259.1,5274.5,5256.3,5270.7,310.73,1636672.006
2026-02-28 04:00:00,5270.7,5323.1,5270.7,5317.8,1642.93,8710189.823
2026-02-28 08:00:00,5317.8,5469.5,5312.2,5376.2,6098.07,32952152.659
2026-02-28 12:00:00,5376.2,5417.1,5306.2,5330.7,3539.31,18951532.753
2026-02-28 16:00:00,5330.7,5356.5,5311.0,5313.5,1133.55,6048487.494
2026-02-28 20:00:00,5313.5,5330.8,5294.2,5304.5,620.95,3296227.797
2026-03-01 00:00:00,5304.5,5326.5,5238.8,5272.5,1231.16,6495054.852
2026-03-01 04:00:00,5272.5,5305.3,5263.3,5293.4,638.84,3376834.411
2026-03-01 08:00:00,5293.4,5343.0,5292.4,5323.5,872.99,4643184.155
2026-03-01 12:00:00,5323.5,5345.7,5320.0,5345.4,733.22,3911508.857
2026-03-01 16:00:00,5345.4,5359.6,5328.0,5349.1,795.22,4249319.947
2026-03-01 20:00:00,5349.1,5375.0,5286.0,5368.8,4438.91,23731013.344
2026-03-02 00:00:00,5368.8,5374.5,5279.6,5337.5,2223.35,11835899.987
2026-03-02 04:00:00,5337.5,5386.0,5310.9,5373.8,966.11,5169802.893
2026-03-02 08:00:00,5373.8,5383.3,5348.0,5357.0,1352.27,7252671.067
2026-03-02 12:00:00,5357.0,5387.2,5264.9,5272.5,3662.06,19482495.954
2026-03-02 16:00:00,5272.5,5299.0,5217.0,5294.1,1820.29,9566728.458
2026-03-02 20:00:00,5294.1,5311.6,5276.7,5310.1,819.13,4340181.759
2026-03-03 00:00:00,5310.1,5341.9,5298.1,5324.0,916.78,4879109.555
2026-03-03 04:00:00,5324.0,5329.8,5245.1,5295.4,1571.98,8308414.415
2026-03-03 08:00:00,5295.4,5302.3,5055.5,5124.5,6311.24,32527329.882
2026-03-03 12:00:00,5124.5,5190.9,4979.1,5071.2,6240.13,31728110.995
2026-03-03 16:00:00,5071.2,5116.8,5035.6,5084.0,2273.78,11541935.46
2026-03-03 20:00:00,5084.0,5108.1,5057.1,5100.5,1033.93,5254594.609
2026-03-04 00:00:00,5100.5,5156.8,5083.0,5141.3,1028.63,5268307.901
2026-03-04 04:00:00,5141.3,5145.4,5089.5,5131.2,931.79,4771372.937
2026-03-04 08:00:00,5131.2,5162.8,5113.3,5154.0,929.24,4777428.881
2026-03-04 12:00:00,5154.0,5166.7,5094.4,5116.8,1641.87,8418489.077
2026-03-04 16:00:00,5116.8,5125.0,5072.2,5099.8,1086.53,5541759.688
2026-03-04 20:00:00,5099.8,5130.0,5089.3,5129.9,312.24,1595282.798
2026-03-05 00:00:00,5129.9,5153.2,5122.5,5141.0,517.79,2660764.805
2026-03-05 04:00:00,5141.0,5144.5,5082.2,5124.3,767.56,3925154.35
2026-03-05 08:00:00,5124.3,5145.7,5102.1,5129.3,746.8,3828166.809
2026-03-05 12:00:00,5129.3,5137.8,5030.6,5074.9,2600.91,13202974.588
2026-03-05 16:00:00,5074.9,5076.4,5025.1,5042.0,1033.71,5214152.608
2026-03-05 20:00:00,5042.0,5074.7,5039.2,5059.8,496.95,2514050.896
2026-03-06 00:00:00,5059.8,5111.5,5043.2,5099.6,878.7,4463367.169
2026-03-06 04:00:00,5099.6,5103.9,5071.2,5088.2,390.08,1983999.724
2026-03-06 08:00:00,5088.2,5090.9,5036.1,5048.3,857.68,4339180.346
2026-03-06 12:00:00,5048.3,5136.6,5040.2,5110.4,2863.59,14550741.27
2026-03-06 16:00:00,5110.4,5141.3,5096.8,5128.3,767.77,3930042.729
2026-03-06 20:00:00,5128.3,5147.7,5118.1,5138.8,303.78,1559722.534
2026-03-07 00:00:00,5138.8,5145.1,5125.2,5133.7,4321.06,22176446.479
2026-03-07 04:00:00,5133.7,5145.8,5132.9,5143.4,117.46,603871.085
2026-03-07 08:00:00,5143.4,5144.6,5135.2,5143.5,4293.9,22077986.054
2026-03-07 12:00:00,5143.5,5147.4,5139.9,5144.3,1002.5,5157361.481
2026-03-07 16:00:00,5144.3,5154.0,5135.5,5135.6,206.15,1061021.952
2026-03-07 20:00:00,5135.6,5145.6,5135.6,5140.6,90.23,463821.105
2026-03-08 00:00:00,5140.6,5144.8,5136.8,5143.8,84.78,435843.139
2026-03-08 04:00:00,5143.8,5145.4,5140.3,5141.7,2919.7,15012044.083
2026-03-08 08:00:00,5141.7,5144.0,5135.6,5136.2,3293.53,16938277.365
2026-03-08 12:00:00,5136.2,5138.5,5131.2,5132.1,168.35,864604.744
2026-03-08 16:00:00,5132.1,5136.2,5118.4,5131.5,244.65,1254217.526
2026-03-08 20:00:00,5131.5,5150.5,5013.4,5043.4,2247.38,11429628.57
2026-03-09 00:00:00,5043.4,5064.1,4988.8,5056.1,2140.19,10768974.841
2026-03-09 04:00:00,5056.1,5104.2,5046.1,5066.0,828.13,4202553.159
2026-03-09 08:00:00,5066.0,5095.4,5049.0,5057.4,668.63,3388357.85
2026-03-09 12:00:00,5057.4,5080.7,5029.2,5066.7,1131.65,5720534.805
2026-03-09 16:00:00,5066.7,5110.5,5056.3,5106.3,448.55,2281168.428
2026-03-09 20:00:00,5106.3,5117.0,5083.4,5102.1,400.62,2044174.299
2026-03-10 00:00:00,5102.1,5145.0,5089.6,5119.8,654.98,3353004.065
2026-03-10 04:00:00,5119.8,5140.2,5117.7,5140.2,206.75,1060918.496
2026-03-10 08:00:00,5140.2,5153.0,5118.4,5137.5,548.44,2818925.439
2026-03-10 12:00:00,5137.5,5196.3,5127.2,5187.1,887.6,4589010.627
2026-03-10 16:00:00,5187.1,5193.6,5120.5,5155.0,1032.37,5321359.075
2026-03-10 20:00:00,5155.0,5159.1,5143.9,5156.5,393.15,2026188.383
2026-03-11 00:00:00,5156.5,5178.5,5147.0,5162.3,562.19,2904328.321
2026-03-11 04:00:00,5162.3,5166.9,5142.7,5151.4,398.21,2053916.382
2026-03-11 08:00:00,5151.4,5155.4,5132.2,5137.6,381.44,1962053.03
2026-03-11 12:00:00,5137.6,5153.8,5107.1,5124.8,863.55,4434230.785
2026-03-11 16:00:00,5124.8,5139.2,5113.2,5139.2,209.14,1072085.79
2026-03-11 20:00:00,5139.2,5140.2,5091.1,5095.0,490.85,2511266.563
2026-03-12 00:00:00,5095.0,5129.1,5086.9,5111.9,343.21,1753942.157
2026-03-12 04:00:00,5111.9,5143.5,5099.0,5140.2,250.55,1282793.371
2026-03-12 08:00:00,5140.2,5148.7,5130.8,5136.2,339.46,1744857.895
2026-03-12 12:00:00,5136.2,5142.4,5073.0,5095.5,1129.89,5768277.894
2026-03-12 16:00:00,5095.5,5102.0,5052.2,5058.8,813.74,4128149.419
2026-03-12 20:00:00,5058.8,5082.0,5033.2,5081.6,885.71,4478222.994
2026-03-13 00:00:00,5081.6,5101.6,5078.7,5087.0,722.26,3676307.958
2026-03-13 04:00:00,5087.0,5089.1,5043.6,5054.0,456.84,2313858.679
2026-03-13 08:00:00,5054.0,5072.2,5033.6,5072.2,815.7,4123138.329
2026-03-13 12:00:00,5072.2,5086.3,4998.2,5001.8,1577.75,7952072.401
2026-03-13 16:00:00,5001.8,5033.1,4982.5,4992.1,1131.99,5665408.521
2026-03-13 20:00:00,4992.1,5002.8,4986.0,5001.1,250.85,1252930.98
2026-03-14 00:00:00,5001.1,5009.9,4998.5,5004.4,149.09,746134.008
2026-03-14 04:00:00,5004.4,5012.1,4994.8,4998.3,225.28,1126713.11
2026-03-14 08:00:00,4998.3,5002.2,4995.3,4997.7,135.01,674806.16
2026-03-14 12:00:00,4997.7,4999.1,4993.2,4996.5,167.75,838003.828
2026-03-14 16:00:00,4996.5,4996.5,4993.5,4994.6,45.71,228297.77
2026-03-14 20:00:00,4994.6,4995.3,4991.4,4992.2,64.13,320239.888
2026-03-15 00:00:00,4992.2,4994.8,4989.9,4992.1,52.43,261713.781
2026-03-15 04:00:00,4992.1,4992.7,4984.1,4988.6,102.74,512445.623
2026-03-15 08:00:00,4988.6,4994.0,4977.5,4983.3,274.78,1370180.534
2026-03-15 12:00:00,4983.3,4984.6,4968.7,4971.7,235.28,1170592.842
2026-03-15 16:00:00,4971.7,4971.7,4958.2,4968.3,330.85,1642501.498
2026-03-15 20:00:00,4968.3,5001.0,4940.9,4970.2,1523.93,7578040.92
2026-03-16 00:00:00,4970.2,5002.2,4957.2,4989.4,1274.97,6352183.737
2026-03-16 04:00:00,4989.4,5002.8,4960.8,4963.2,662.22,3299166.494
2026-03-16 08:00:00,4963.2,4988.3,4934.5,4964.0,1230.97,6106624.107
2026-03-16 12:00:00,4964.0,5001.9,4950.4,4952.8,914.45,4551881.762
2026-03-16 16:00:00,4952.8,4983.7,4941.6,4976.8,473.09,2347019.297
2026-03-16 20:00:00,4976.8,4984.7,4958.8,4975.4,207.1,1029304.407
2026-03-17 00:00:00,4975.4,4992.3,4957.4,4985.4,323.12,1607928.966
2026-03-17 04:00:00,4985.4,5004.6,4967.5,4982.9,463.07,2308802.18
2026-03-17 08:00:00,4982.9,4988.8,4956.2,4967.4,451.5,2243602.593
2026-03-17 12:00:00,4967.4,4993.7,4942.1,4963.7,531.8,2643756.039
2026-03-17 16:00:00,4963.7,4974.4,4958.2,4966.7,170.94,849212.727
2026-03-17 20:00:00,4966.7,4973.5,4961.5,4969.3,146.1,726069.351
2026-03-18 00:00:00,4969.3,4983.0,4955.0,4959.9,299.5,1487779.288
2026-03-18 04:00:00,4959.9,4983.5,4951.3,4966.5,928.29,4616662.691
2026-03-18 08:00:00,4966.5,4967.9,4901.0,4906.0,2402.94,11880699.54
2026-03-18 12:00:00,4906.0,4908.0,4812.4,4844.8,3131.82,15205083.634
2026-03-18 16:00:00,4844.8,4881.0,4821.2,4825.7,1158.33,5621207.084
2026-03-18 20:00:00,4825.7,4829.9,4784.4,4818.0,1589.62,7639306.076
2026-03-19 00:00:00,4818.0,4845.5,4814.2,4830.4,1086.18,5245642.051
2026-03-19 04:00:00,4830.4,4832.8,4708.5,4708.5,2258.14,10739578.584
2026-03-19 08:00:00,4708.5,4721.6,4643.5,4646.8,4921.19,23041526.173
2026-03-19 12:00:00,4646.8,4651.1,4514.5,4602.1,12767.01,58615228.028
2026-03-19 16:00:00,4602.1,4668.1,4582.5,4648.9,3339.31,15444558.944
2026-03-19 20:00:00,4648.9,4678.8,4635.8,4643.6,914.67,4257983.102
2026-03-20 00:00:00,4643.6,4731.6,4641.4,4719.6,1859.53,8704210.253
2026-03-20 04:00:00,4719.6,4720.9,4652.8,4698.9,1159.69,5433656.765
2026-03-20 08:00:00,4698.9,4725.3,4632.5,4663.2,2263.68,10564585.653
2026-03-20 12:00:00,4663.2,4686.8,4544.5,4556.3,4233.16,19487783.929
2026-03-20 16:00:00,4556.3,4613.9,4481.3,4503.7,3121.25,14172339.873
2026-03-20 20:00:00,4503.7,4517.6,4490.9,4498.3,778.52,3505164.201
2026-03-21 00:00:00,4498.3,4516.2,4497.7,4503.5,377.63,1702257.808
2026-03-21 04:00:00,4503.5,4504.4,4492.1,4493.2,270.1,1215576.21
2026-03-21 08:00:00,4493.2,4497.2,4490.0,4495.4,135.24,607835.417
2026-03-21 12:00:00,4495.4,4498.3,4492.3,4492.4,146.42,658071.286
2026-03-21 16:00:00,4492.4,4498.1,4492.3,4497.0,59.16,265962.116
2026-03-21 20:00:00,4497.0,4497.4,4484.1,4488.1,79.59,357518.95
2026-03-22 00:00:00,4488.1,4492.8,4481.9,4491.4,329.59,1479184.703
2026-03-22 04:00:00,4491.4,4494.3,4485.3,4488.0,140.29,629876.486
2026-03-22 08:00:00,4488.0,4491.5,4463.5,4477.7,500.93,2244100.994
2026-03-22 12:00:00,4477.7,4480.0,4463.2,4475.4,357.92,1601007.646
2026-03-22 16:00:00,4475.4,4492.1,4474.0,4480.3,258.51,1159184.903
2026-03-22 20:00:00,4480.3,4532.7,4450.0,4466.1,2924.98,13122475.495
2026-03-23 00:00:00,4466.1,4474.6,4327.8,4360.2,8531.99,37455015.311
2026-03-23 04:00:00,4360.2,4388.0,4151.2,4239.3,10450.58,44365088.577
2026-03-23 08:00:00,4239.3,4456.5,4238.1,4370.4,11252.24,48686299.107
2026-03-23 12:00:00,4370.4,4498.5,4331.5,4356.7,6237.34,27585214.681
2026-03-23 16:00:00,4356.7,4459.7,4347.8,4394.3,2295.85,10078627.725
2026-03-23 20:00:00,4394.3,4440.4,4363.1,4432.0,1127.58,4966365.481
2026-03-24 00:00:00,4432.0,4438.9,4307.3,4347.4,3221.4,14031430.788
2026-03-24 04:00:00,4347.4,4429.2,4320.6,4414.3,1672.28,7319792.416
2026-03-24 08:00:00,4414.3,4437.5,4379.2,4410.4,2210.14,9738355.3
2026-03-24 12:00:00,4410.4,4431.4,4353.3,4413.9,3027.45,13305867.572
2026-03-24 16:00:00,4413.9,4425.7,4372.7,4401.0,1036.51,4560315.998
2026-03-24 20:00:00,4401.0,4547.3,4397.9,4540.1,2426.52,10879895.781
2026-03-25 00:00:00,4540.1,4587.4,4532.2,4551.5,1606.06,7323926.613
2026-03-25 04:00:00,4551.5,4558.0,4519.6,4532.7,1008.24,4578655.938
2026-03-25 08:00:00,4532.7,4576.5,4520.5,4567.2,1184.48,5392850.2
2026-03-25 12:00:00,4567.2,4572.0,4512.9,4553.0,2144.08,9746567.083
2026-03-25 16:00:00,4553.0,4561.6,4483.9,4524.8,1521.17,6890474.799
2026-03-25 20:00:00,4524.8,4535.6,4484.7,4493.3,1967.93,8866552.497
2026-03-26 00:00:00,4493.3,4534.9,4492.6,4508.1,2031.06,9169169.559
2026-03-26 04:00:00,4508.1,4515.6,4410.8,4450.4,4597.94,20452816.184
2026-03-26 08:00:00,4450.4,4455.5,4407.9,4420.0,5448.76,24137711.77
2026-03-26 12:00:00,4420.0,4476.9,4414.0,4435.6,6891.2,30634551.178
2026-03-26 16:00:00,4435.6,4439.6,4361.5,4366.2,4308.8,18916549.798
2026-03-26 20:00:00,4366.2,4419.2,4354.0,4404.1,4695.48,20625252.114
2026-03-27 00:00:00,4404.1,4442.3,4375.1,4434.7,4513.69,19908671.319
2026-03-27 04:00:00,4434.7,4470.5,4428.1,4441.8,3032.8,13494933.37
2026-03-27 08:00:00,4441.8,4446.4,4398.1,4413.1,3285.05,14518246.657
2026-03-27 12:00:00,4413.1,4543.8,4406.3,4511.4,8971.64,40090022.057
2026-03-27 16:00:00,4511.4,4521.7,4475.5,4511.3,5140.37,23149296.442
2026-03-27 20:00:00,4511.3,4517.1,4480.8,4492.3,875.54,3937434.899
2026-03-28 00:00:00,4492.3,4496.2,4481.3,4486.3,373.93,1678238.593
2026-03-28 04:00:00,4486.3,4496.8,4481.2,4494.6,336.17,1509886.767
2026-03-28 08:00:00,4494.6,4494.6,4488.6,4491.8,182.43,819375.851
2026-03-28 12:00:00,4491.8,4496.9,4480.0,4491.0,600.65,2696231.315
2026-03-28 16:00:00,4491.0,4493.0,4486.1,4493.0,372.68,1673283.945
2026-03-28 20:00:00,4493.0,4496.0,4484.0,4488.9,955.71,4290705.048
2026-03-29 00:00:00,4488.9,4494.0,4478.2,4487.1,1539.59,6906975.566
2026-03-29 04:00:00,4487.1,4487.4,4483.1,4485.3,123.14,552314.532
2026-03-29 08:00:00,4485.3,4491.0,4477.5,4488.5,2599.02,11655640.083
2026-03-29 12:00:00,4488.5,4502.8,4487.5,4496.7,479.21,2154274.618
2026-03-29 16:00:00,4496.7,4505.7,4495.7,4500.5,385.9,1736349.08
2026-03-29 20:00:00,4500.5,4509.9,4442.1,4447.4,5030.61,22527834.167
2026-03-30 00:00:00,4447.4,4514.7,4417.8,4493.6,9523.81,42482517.172
2026-03-30 04:00:00,4493.6,4547.0,4480.0,4522.5,4389.59,19811612.58
2026-03-30 08:00:00,4522.5,4572.6,4518.7,4550.7,1829.2,8292542.6105
2026-03-30 12:00:00,4550.7,4570.0,4505.7,4537.29,1624.46,7371107.9989
2026-03-30 16:00:00,4537.29,4538.2,4485.7,4506.49,942.92,4253796.4812
2026-03-30 20:00:00,4506.49,4514.83,4483.6,4505.28,2009.02,9040194.2566
2026-03-31 00:00:00,4505.28,4606.98,4473.56,4546.9,10299.77,46871169.4749
2026-03-31 04:00:00,4546.9,4569.59,4533.34,4555.2,2643.42,12032965.0584
2026-03-31 08:00:00,4555.2,4582.17,4520.87,4570.68,3649.6,16610913.8687
2026-03-31 12:00:00,4570.68,4615.99,4556.54,4593.36,4565.53,20935554.6084
2026-03-31 16:00:00,4593.36,4666.74,4591.23,4663.39,4730.67,21927788.0569
2026-03-31 20:00:00,4663.39,4677.09,4636.18,4672.8,3195.87,14876580.7467
2026-04-01 00:00:00,4672.8,4699.42,4654.3,4656.96,4308.59,20146848.4952
2026-04-01 04:00:00,4656.96,4717.7,4642.86,4685.09,3747.95,17540016.9546
2026-04-01 08:00:00,4685.09,4731.7,4683.1,4721.77,3259.91,15328836.0782
2026-04-01 12:00:00,4721.77,4756.39,4688.23,4755.5,6502.99,30667912.7132
2026-04-01 16:00:00,4755.5,4761.42,4708.43,4731.89,3808.6,18029461.9835
2026-04-01 20:00:00,4731.89,4761.24,4716.64,4745.69,2343.92,11107776.7878
2026-04-02 00:00:00,4745.69,4760.1,4621.03,4647.22,14021.22,65572385.876
2026-04-02 04:00:00,4647.22,4651.37,4531.25,4616.3,12321.72,56502123.4707
2026-04-02 08:00:00,4616.3,4621.74,4568.47,4574.87,9051.76,41611688.0241
2026-04-02 12:00:00,4574.87,4670.43,4556.2,4631.33,15314.71,70603350.5262
2026-04-02 16:00:00,4631.33,4653.91,4615.0,4643.72,4993.73,23131009.8369
2026-04-02 20:00:00,4643.72,4650.03,4636.53,4648.9,990.52,4601218.7605
2026-04-03 00:00:00,4648.9,4649.53,4637.76,4643.71,374.04,1736912.2096
2026-04-03 04:00:00,4643.71,4649.98,4639.4,4639.74,559.12,2597404.2867
2026-04-03 08:00:00,4639.74,4645.68,4638.81,4640.47,313.65,1456022.0152
2026-04-03 12:00:00,4640.47,4645.94,4627.02,4631.21,662.82,3072150.9694
2026-04-03 16:00:00,4631.21,4634.68,4625.0,4628.16,904.66,4187720.1305
2026-04-03 20:00:00,4628.16,4636.0,4625.0,4632.6,1502.59,6956488.7215
2026-04-04 00:00:00,4632.6,4640.69,4630.63,4640.09,199.58,925319.4392
2026-04-04 04:00:00,4640.09,4640.88,4634.81,4635.29,160.37,743762.5807
2026-04-04 08:00:00,4635.29,4646.64,4633.63,4639.96,405.6,1882150.4568
2026-04-04 12:00:00,4639.96,4645.84,4637.23,4641.37,6239.84,28961003.9246
2026-04-04 16:00:00,4641.37,4645.51,4632.0,4632.0,296.12,1373845.0476
2026-04-04 20:00:00,4632.0,4639.72,4630.02,4635.92,703.74,3262205.6846
2026-04-05 00:00:00,4635.92,4641.0,4631.14,4635.75,1140.97,5289966.4485
2026-04-05 04:00:00,4635.75,4636.84,4629.15,4631.75,204.08,945535.3997
2026-04-05 08:00:00,4631.75,4636.19,4621.15,4624.7,715.31,3309907.3126
2026-04-05 12:00:00,4624.7,4628.63,4609.01,4622.6,9406.19,43483469.0086
2026-04-05 16:00:00,4622.6,4626.06,4606.58,4612.63,1289.14,5948217.4896
2026-04-05 20:00:00,4612.63,4635.4,4577.34,4583.12,6384.96,29408463.7506
2026-04-06 00:00:00,4583.12,4640.93,4571.86,4611.51,6271.19,28864104.8599
2026-04-06 04:00:00,4611.51,4654.05,4611.4,4651.48,2813.81,13024727.4433
2026-04-06 08:00:00,4651.48,4672.27,4644.38,4645.56,4489.86,20920164.6089
2026-04-06 12:00:00,4645.56,4661.69,4618.93,4633.14,6586.07,30549727.4102
2026-04-06 16:00:00,4633.14,4636.49,4612.0,4621.94,2817.54,13029552.7487
2026-04-06 20:00:00,4621.94,4634.62,4616.68,4623.75,1203.82,5566754.5644
2026-04-07 00:00:00,4623.75,4631.17,4583.87,4617.48,5040.75,23238944.4017
2026-04-07 04:00:00,4617.48,4632.0,4594.0,4616.16,2915.64,13450048.1404
2026-04-07 08:00:00,4616.16,4660.72,4602.46,4628.75,8886.32,41190514.3962
2026-04-07 12:00:00,4628.75,4638.9,4580.83,4626.79,9251.47,42711257.3719
2026-04-07 16:00:00,4626.79,4687.22,4624.13,4670.06,5881.87,27354840.7418
2026-04-07 20:00:00,4670.06,4787.64,4667.31,4785.24,7322.07,34641944.6216
2026-04-08 00:00:00,4785.24,4809.9,4745.61,4754.85,7982.75,38132521.8239
2026-04-08 04:00:00,4754.85,4798.79,4748.71,4774.97,3847.22,18375817.0042
2026-04-08 08:00:00,4774.97,4780.64,4737.98,4763.29,4675.55,22241656.83
2026-04-08 12:00:00,4763.29,4772.03,4701.0,4724.8,9994.31,47354794.4978
2026-04-08 16:00:00,4724.8,4733.6,4666.35,4700.89,4976.68,23388117.6774
2026-04-08 20:00:00,4700.89,4704.44,4679.5,4690.66,2775.08,13018699.3401
2026-04-09 00:00:00,4690.66,4706.62,4671.33,4686.9,3520.15,16500316.5647
2026-04-09 04:00:00,4686.9,4705.36,4681.14,4699.69,1964.2,9218267.6202
2026-04-09 08:00:00,4699.69,4730.99,4695.48,4729.66,3277.49,15447633.7475
2026-04-09 12:00:00,4729.66,4770.72,4709.63,4764.94,9081.87,43082020.4438
2026-04-09 16:00:00,4764.94,4772.98,4739.4,4741.27,4362.58,20749313.6735
2026-04-09 20:00:00,4741.27,4750.0,4728.56,4734.55,1873.36,8874925.1055
2026-04-10 00:00:00,4734.55,4748.0,4711.57,4737.32,2397.07,11337114.2414
2026-04-10 04:00:00,4737.32,4741.31,4713.38,4721.78,1867.43,8834306.0692
2026-04-10 08:00:00,4721.78,4739.78,4704.19,4739.78,2597.13,12264314.3224
2026-04-10 12:00:00,4739.78,4765.05,4724.8,4730.14,7081.18,33591951.124
2026-04-10 16:00:00,4730.14,4742.3,4717.12,4729.37,3343.72,15817268.768
2026-04-10 20:00:00,4729.37,4729.37,4713.61,4719.74,909.72,4295198.1024
2026-04-11 00:00:00,4719.74,4720.15,4716.44,4717.78,364.47,1719602.9361
2026-04-11 04:00:00,4717.78,4720.57,4716.96,4719.56,259.23,1223293.7703
2026-04-11 08:00:00,4719.56,4725.25,4719.56,4720.81,448.71,2118866.9537
2026-04-11 12:00:00,4720.81,4727.3,4718.71,4722.31,273.62,1292002.7383
2026-04-11 16:00:00,4722.31,4728.07,4719.44,4726.48,541.18,2556642.0035
2026-04-11 20:00:00,4726.48,4727.74,4720.55,4722.16,302.74,1430136.4207
2026-04-12 00:00:00,4722.16,4724.15,4700.49,4709.99,764.17,3599249.3535
2026-04-12 04:00:00,4709.99,4710.73,4696.29,4701.3,967.28,4548792.0616
2026-04-12 08:00:00,4701.3,4706.1,4697.49,4699.91,710.43,3340194.9234
2026-04-12 12:00:00,4699.91,4699.91,4676.69,4682.59,1072.49,5024540.8023
2026-04-12 16:00:00,4682.59,4688.17,4675.43,4684.1,726.61,3402045.4414
2026-04-12 20:00:00,4684.1,4685.86,4616.49,4645.01,8017.37,37230781.3092
2026-04-13 00:00:00,4645.01,4696.59,4637.76,4688.09,3798.14,17757854.3169
2026-04-13 04:00:00,4688.09,4710.87,4677.89,4706.29,3151.82,14801665.0958
2026-04-13 08:00:00,4706.29,4710.68,4675.29,4677.65,3668.81,17214611.5799
2026-04-13 12:00:00,4677.65,4713.37,4669.07,4683.63,7761.76,36396436.3121
2026-04-13 16:00:00,4683.63,4717.99,4679.73,4711.96,5997.49,28204599.0751
2026-04-13 20:00:00,4711.96,4738.02,4707.72,4729.23,2916.45,13777020.7793
2026-04-14 00:00:00,4729.23,4749.04,4723.46,4739.07,3646.52,17279567.5496
2026-04-14 04:00:00,4739.07,4768.85,4730.05,4751.07,3429.73,16275594.6353
