timestamp,open,high,low,close,volume_base,volume_quote
2022-01-01 00:00:00,0.8285,0.852,0.8285,0.8405,4690854.0,3943437.9951
2022-01-01 04:00:00,0.8405,0.8461,0.834,0.8407,4704064.0,3951071.3102
2022-01-01 08:00:00,0.8407,0.8438,0.8345,0.8383,7036683.0,5909224.9057
2022-01-01 12:00:00,0.8383,0.845,0.838,0.842,6006584.0,5056173.2127
2022-01-01 16:00:00,0.842,0.855,0.842,0.8517,4589699.0,3896727.9677
2022-01-01 20:00:00,0.8517,0.8537,0.8441,0.8501,2436917.0,2066932.5798
2022-01-02 00:00:00,0.8501,0.8508,0.8402,0.8432,6215680.0,5239997.7208
2022-01-02 04:00:00,0.8432,0.8462,0.8367,0.842,3956703.0,3329608.3667
2022-01-02 08:00:00,0.842,0.8488,0.839,0.845,4729742.0,3994982.629
2022-01-02 12:00:00,0.845,0.8674,0.8415,0.8548,7710348.0,6537579.9207
2022-01-02 16:00:00,0.8548,0.8644,0.8454,0.851,7355160.0,6296568.2434
2022-01-02 20:00:00,0.851,0.8608,0.8493,0.8579,3694754.0,3159685.0588
2022-01-03 00:00:00,0.8579,0.8583,0.8435,0.8449,4960198.0,4216618.3003
2022-01-03 04:00:00,0.8449,0.8477,0.8407,0.8423,4493306.0,3794203.7749
2022-01-03 08:00:00,0.8423,0.8463,0.8332,0.8443,4863866.0,4086643.2224
2022-01-03 12:00:00,0.8443,0.8458,0.8364,0.838,3263848.0,2746712.3375
2022-01-03 16:00:00,0.838,0.8389,0.8246,0.8327,2046867.0,1703555.6317
2022-01-03 20:00:00,0.8327,0.8375,0.8209,0.8318,2012500.0,1667213.3852
2022-01-04 00:00:00,0.8318,0.8339,0.8227,0.8271,2155253.0,1783160.8693
2022-01-04 04:00:00,0.8271,0.8299,0.8213,0.8275,3473925.0,2871921.1328
2022-01-04 08:00:00,0.8275,0.837,0.8261,0.8356,3898083.0,3236434.588
2022-01-04 12:00:00,0.8356,0.8454,0.8301,0.8348,5169249.0,4317887.4365
2022-01-04 16:00:00,0.8348,0.8362,0.814,0.8246,3201996.0,2646376.239
2022-01-04 20:00:00,0.8246,0.8314,0.8223,0.8224,1607129.0,1329653.3505
2022-01-05 00:00:00,0.8224,0.8338,0.8205,0.8302,3232091.0,2676696.5048
2022-01-05 04:00:00,0.8302,0.8341,0.8278,0.8289,2791537.0,2318983.8958
2022-01-05 08:00:00,0.8289,0.8368,0.8236,0.8253,3858355.0,3202637.0179
2022-01-05 12:00:00,0.8253,0.8305,0.8204,0.8274,4334348.0,3578855.2704
2022-01-05 16:00:00,0.8274,0.8295,0.7907,0.7976,3922226.0,3206717.6657
2022-01-05 20:00:00,0.7976,0.8014,0.7068,0.7708,9856459.0,7588145.5553
2022-01-06 00:00:00,0.7708,0.778,0.7484,0.7487,5796737.0,4451186.3614
2022-01-06 04:00:00,0.7487,0.7654,0.7467,0.7612,4578177.0,3468269.9769
2022-01-06 08:00:00,0.7612,0.7619,0.7374,0.7482,5194282.0,3891544.2935
2022-01-06 12:00:00,0.7482,0.765,0.7416,0.7615,5657270.0,4272475.0178
2022-01-06 16:00:00,0.7615,0.7814,0.7592,0.7801,3684526.0,2834410.6318
2022-01-06 20:00:00,0.7801,0.79,0.7761,0.7785,4421681.0,3456915.0756
2022-01-07 00:00:00,0.7785,0.7802,0.7384,0.7442,3909466.0,2968291.5876
2022-01-07 04:00:00,0.7442,0.7539,0.7284,0.7518,6476100.0,4820483.4982
2022-01-07 08:00:00,0.7518,0.7765,0.7495,0.7572,5844434.0,4477361.7355
2022-01-07 12:00:00,0.7572,0.7674,0.734,0.7484,10370376.0,7802811.5767
2022-01-07 16:00:00,0.7484,0.7703,0.7428,0.7647,4461913.0,3387150.967
2022-01-07 20:00:00,0.7647,0.7778,0.7571,0.763,3333542.0,2549024.179
2022-01-08 00:00:00,0.763,0.7745,0.7606,0.7679,4118500.0,3162066.8961
2022-01-08 04:00:00,0.7679,0.7753,0.7663,0.7713,6207713.0,4785101.9751
2022-01-08 08:00:00,0.7713,0.776,0.7622,0.7642,5447125.0,4186546.5873
2022-01-08 12:00:00,0.7642,0.7682,0.75,0.7569,6594462.0,5023329.39
2022-01-08 16:00:00,0.7569,0.7614,0.7219,0.73,7752665.0,5741874.4389
2022-01-08 20:00:00,0.73,0.7598,0.7255,0.7449,4727767.0,3517418.72
2022-01-09 00:00:00,0.7449,0.7564,0.7405,0.7504,3925703.0,2940893.914
2022-01-09 04:00:00,0.7504,0.7579,0.747,0.7487,4660051.0,3503726.012
2022-01-09 08:00:00,0.7487,0.7524,0.7398,0.7502,4185219.0,3121726.6704
2022-01-09 12:00:00,0.7502,0.7514,0.7376,0.7425,4874051.0,3630607.4452
2022-01-09 16:00:00,0.7425,0.7654,0.7413,0.764,3040641.0,2290822.8909
2022-01-09 20:00:00,0.764,0.7661,0.7503,0.7525,2374273.0,1806096.2499
2022-01-10 00:00:00,0.7525,0.7574,0.7467,0.7532,2115322.0,1588606.0437
2022-01-10 04:00:00,0.7532,0.7583,0.7501,0.7513,3349820.0,2525585.4419
2022-01-10 08:00:00,0.7513,0.7522,0.739,0.7413,7410682.0,5518712.3571
2022-01-10 12:00:00,0.7413,0.7427,0.6955,0.7235,12675996.0,9170777.5768
2022-01-10 16:00:00,0.7235,0.7441,0.7126,0.7217,6740042.0,4919654.992
2022-01-10 20:00:00,0.7217,0.7397,0.7186,0.7393,2605959.0,1909080.8252
2022-01-11 00:00:00,0.7393,0.747,0.732,0.7456,4195202.0,3106927.1017
2022-01-11 04:00:00,0.7456,0.7553,0.7431,0.7454,3988095.0,2977747.0883
2022-01-11 08:00:00,0.7454,0.75,0.7301,0.739,5575108.0,4118964.428
2022-01-11 12:00:00,0.739,0.7463,0.7302,0.7405,6554298.0,4843253.1095
2022-01-11 16:00:00,0.7405,0.7687,0.7401,0.7624,6202882.0,4690805.9289
2022-01-11 20:00:00,0.7624,0.7758,0.762,0.7696,4593801.0,3523469.0746
2022-01-12 00:00:00,0.7696,0.7792,0.767,0.7717,4334989.0,3344140.6078
2022-01-12 04:00:00,0.7717,0.7733,0.758,0.7598,5277579.0,4041066.7048
2022-01-12 08:00:00,0.7598,0.7773,0.7567,0.7705,4994175.0,3826150.5377
2022-01-12 12:00:00,0.7705,0.8002,0.7699,0.7909,7834499.0,6176477.1031
2022-01-12 16:00:00,0.7909,0.7981,0.7847,0.7965,3011138.0,2376018.2476
2022-01-12 20:00:00,0.7965,0.8066,0.7941,0.798,2115406.0,1689400.9811
2022-01-13 00:00:00,0.798,0.8018,0.7845,0.7872,4351950.0,3442959.0674
2022-01-13 04:00:00,0.7872,0.797,0.7865,0.7917,4571431.0,3620630.5856
2022-01-13 08:00:00,0.7917,0.7986,0.783,0.7833,4802105.0,3802000.9342
2022-01-13 12:00:00,0.7833,0.798,0.7686,0.7747,5503535.0,4328305.8712
2022-01-13 16:00:00,0.7747,0.7802,0.7618,0.7656,4438084.0,3416592.3349
2022-01-13 20:00:00,0.7656,0.7723,0.7602,0.7678,3850316.0,2954893.3982
2022-01-14 00:00:00,0.7678,0.7724,0.7634,0.77,3533581.0,2718973.1546
2022-01-14 04:00:00,0.77,0.7898,0.7698,0.7802,8245175.0,6452278.7696
2022-01-14 08:00:00,0.7802,0.7812,0.7531,0.7566,6565945.0,5049939.7928
2022-01-14 12:00:00,0.7566,0.7773,0.7512,0.7731,6967783.0,5337328.602
2022-01-14 16:00:00,0.7731,0.7756,0.7636,0.7713,4328262.0,3332816.0431
2022-01-14 20:00:00,0.7713,0.7804,0.7701,0.7726,3147800.0,2440747.7037
2022-01-15 00:00:00,0.7726,0.7769,0.7693,0.7723,4710843.0,3642900.7885
2022-01-15 04:00:00,0.7723,0.7803,0.7685,0.7796,4478213.0,3464900.3217
2022-01-15 08:00:00,0.7796,0.7803,0.7741,0.776,5418149.0,4213402.8771
2022-01-15 12:00:00,0.776,0.787,0.7671,0.7861,6217100.0,4836458.7426
2022-01-15 16:00:00,0.7861,0.7879,0.7812,0.7841,4261314.0,3340311.5155
2022-01-15 20:00:00,0.7841,0.7889,0.7782,0.7785,3344176.0,2621720.5836
2022-01-16 00:00:00,0.7785,0.7805,0.772,0.7766,3938577.0,3061007.331
2022-01-16 04:00:00,0.7766,0.7824,0.7751,0.7802,3429187.0,2673198.9699
2022-01-16 08:00:00,0.7802,0.7839,0.7745,0.776,4062400.0,3164187.3393
2022-01-16 12:00:00,0.776,0.78,0.767,0.7769,5802547.0,4501725.7388
2022-01-16 16:00:00,0.7769,0.7836,0.773,0.7747,2321034.0,1808806.6073
2022-01-16 20:00:00,0.7747,0.7804,0.772,0.7778,2724796.0,2116152.7665
2022-01-17 00:00:00,0.7778,0.7799,0.7661,0.7665,4133454.0,3201413.0777
2022-01-17 04:00:00,0.7665,0.7681,0.755,0.7649,4189723.0,3193944.0831
2022-01-17 08:00:00,0.7649,0.7697,0.7599,0.7651,4649164.0,3562797.8862
2022-01-17 12:00:00,0.7651,0.7656,0.7571,0.7584,5768712.0,4389566.9038
2022-01-17 16:00:00,0.7584,0.7642,0.7493,0.7629,3588858.0,2714101.1221
2022-01-17 20:00:00,0.7629,0.7645,0.75,0.7612,4212912.0,3196203.7432
2022-01-18 00:00:00,0.7612,0.7684,0.7546,0.7565,6331055.0,4830915.3086
2022-01-18 04:00:00,0.7565,0.7622,0.7498,0.7563,6109479.0,4615832.328
2022-01-18 08:00:00,0.7563,0.7566,0.7348,0.7468,8248027.0,6148217.1252
2022-01-18 12:00:00,0.7468,0.7487,0.737,0.7432,5727164.0,4254196.1105
2022-01-18 16:00:00,0.7432,0.7494,0.7399,0.7483,2790452.0,2076661.8853
2022-01-18 20:00:00,0.7483,0.7591,0.7425,0.7502,4251967.0,3199398.8763
2022-01-19 00:00:00,0.7502,0.7528,0.736,0.7409,5093928.0,3802428.328
2022-01-19 04:00:00,0.7409,0.7448,0.7251,0.7276,6400475.0,4718180.2777
2022-01-19 08:00:00,0.7276,0.739,0.7226,0.7375,6362338.0,4651532.8848
2022-01-19 12:00:00,0.7375,0.7458,0.7351,0.7379,5203630.0,3851007.0636
2022-01-19 16:00:00,0.7379,0.7437,0.7336,0.7402,3590912.0,2650761.483
2022-01-19 20:00:00,0.7402,0.7437,0.737,0.7374,2522973.0,1867786.3805
2022-01-20 00:00:00,0.7374,0.7482,0.7368,0.7427,4472810.0,3313950.1895
2022-01-20 04:00:00,0.7427,0.7478,0.7416,0.7453,3596121.0,2678434.8451
2022-01-20 08:00:00,0.7453,0.7458,0.7394,0.742,3377341.0,2506412.7204
2022-01-20 12:00:00,0.742,0.7614,0.7399,0.759,7445530.0,5610455.5453
2022-01-20 16:00:00,0.759,0.7621,0.751,0.7572,2843826.0,2153686.1801
2022-01-20 20:00:00,0.7572,0.7587,0.7155,0.7193,5559833.0,4088037.4893
2022-01-21 00:00:00,0.7193,0.7281,0.6867,0.6901,9984233.0,7062499.7703
2022-01-21 04:00:00,0.6901,0.6988,0.682,0.6943,9047211.0,6246744.9624
2022-01-21 08:00:00,0.6943,0.6968,0.6842,0.6871,3622321.0,2501328.629
2022-01-21 12:00:00,0.6871,0.6879,0.6594,0.6813,11692713.0,7893483.3488
2022-01-21 16:00:00,0.6813,0.6862,0.6652,0.6656,2611351.0,1767226.9501
2022-01-21 20:00:00,0.6656,0.6733,0.61,0.6361,5457345.0,3496511.0837
2022-01-22 00:00:00,0.6361,0.653,0.6291,0.6388,4536223.0,2911953.8423
2022-01-22 04:00:00,0.6388,0.6463,0.5948,0.5993,13114746.0,8132380.6582
2022-01-22 08:00:00,0.5993,0.6105,0.5478,0.5869,19935581.0,11640608.3411
2022-01-22 12:00:00,0.5869,0.613,0.5723,0.5736,11409676.0,6782268.8263
2022-01-22 16:00:00,0.5736,0.591,0.5624,0.5793,13551620.0,7810062.4932
2022-01-22 20:00:00,0.5793,0.6066,0.5756,0.596,6740919.0,3992358.268
2022-01-23 00:00:00,0.596,0.6096,0.5895,0.599,9414702.0,5632251.0304
2022-01-23 04:00:00,0.599,0.6181,0.5969,0.6149,9074112.0,5525933.4929
2022-01-23 08:00:00,0.6149,0.6263,0.6113,0.6155,7238126.0,4475824.1116
2022-01-23 12:00:00,0.6155,0.626,0.5986,0.6036,7361520.0,4509656.3812
2022-01-23 16:00:00,0.6036,0.6098,0.5897,0.5936,5492841.0,3308769.8959
2022-01-23 20:00:00,0.5936,0.6348,0.5917,0.6283,5372024.0,3315179.0373
2022-01-24 00:00:00,0.6283,0.6283,0.607,0.6125,5864628.0,3600528.2365
2022-01-24 04:00:00,0.6125,0.6152,0.5972,0.5986,6355055.0,3841240.1304
2022-01-24 08:00:00,0.5986,0.6064,0.5587,0.5675,13013957.0,7506881.8622
2022-01-24 12:00:00,0.5675,0.5845,0.5529,0.5815,14070420.0,7967558.8944
2022-01-24 16:00:00,0.5815,0.599,0.5683,0.5967,7450903.0,4364365.8433
2022-01-24 20:00:00,0.5967,0.6216,0.595,0.6114,6551456.0,3988637.0036
2022-01-25 00:00:00,0.6114,0.6115,0.5961,0.6005,5853006.0,3520286.3982
2022-01-25 04:00:00,0.6005,0.602,0.5869,0.5929,4922684.0,2921166.1358
2022-01-25 08:00:00,0.5929,0.6096,0.5914,0.5997,5344091.0,3204506.8623
2022-01-25 12:00:00,0.5997,0.6105,0.5913,0.601,6888352.0,4145833.7435
2022-01-25 16:00:00,0.601,0.617,0.6006,0.6114,4254873.0,2595961.6126
2022-01-25 20:00:00,0.6114,0.6239,0.602,0.6168,5112585.0,3127631.0659
2022-01-26 00:00:00,0.6168,0.622,0.608,0.6197,5789900.0,3561461.4234
2022-01-26 04:00:00,0.6197,0.632,0.6176,0.6204,8103078.0,5054803.5282
2022-01-26 08:00:00,0.6204,0.6373,0.62,0.633,4922228.0,3090462.4426
2022-01-26 12:00:00,0.633,0.6408,0.6194,0.6344,8684388.0,5474424.3642
2022-01-26 16:00:00,0.6344,0.658,0.6217,0.6379,7732234.0,4930181.7839
2022-01-26 20:00:00,0.6379,0.6384,0.6042,0.6184,5815564.0,3601023.7958
2022-01-27 00:00:00,0.6184,0.6243,0.5887,0.5936,10281992.0,6188658.7198
2022-01-27 04:00:00,0.5936,0.6086,0.5924,0.6038,5213449.0,3124905.5969
2022-01-27 08:00:00,0.6038,0.6105,0.5963,0.6089,5422915.0,3280496.4681
2022-01-27 12:00:00,0.6089,0.6198,0.6058,0.6104,6646023.0,4066352.9533
2022-01-27 16:00:00,0.6104,0.614,0.5987,0.6024,3876887.0,2349893.9728
2022-01-27 20:00:00,0.6024,0.6094,0.5891,0.6084,7300760.0,4380229.7074
2022-01-28 00:00:00,0.6084,0.6129,0.5979,0.6082,9375567.0,5682703.3917
2022-01-28 04:00:00,0.6082,0.6107,0.6001,0.6013,6165085.0,3733348.4889
2022-01-28 08:00:00,0.6013,0.6038,0.592,0.5947,6616877.0,3947202.8341
2022-01-28 12:00:00,0.5947,0.604,0.5911,0.6022,5859117.0,3493078.1716
2022-01-28 16:00:00,0.6022,0.6086,0.5974,0.6035,3059654.0,1844385.9038
2022-01-28 20:00:00,0.6035,0.6134,0.6003,0.6106,4957222.0,3016888.5402
2022-01-29 00:00:00,0.6106,0.6152,0.6084,0.6119,4665375.0,2852784.8897
2022-01-29 04:00:00,0.6119,0.6181,0.6093,0.6173,4740440.0,2908187.6543
2022-01-29 08:00:00,0.6173,0.6194,0.6127,0.6153,5794326.0,3566706.5748
2022-01-29 12:00:00,0.6153,0.6224,0.6072,0.6138,7707233.0,4746188.3546
2022-01-29 16:00:00,0.6138,0.6186,0.6094,0.6154,5703656.0,3506262.469
2022-01-29 20:00:00,0.6154,0.6247,0.6129,0.6172,5170587.0,3195097.94
2022-01-30 00:00:00,0.6172,0.6192,0.6104,0.6152,3340425.0,2053795.144
2022-01-30 04:00:00,0.6152,0.6229,0.6141,0.621,4636277.0,2871760.2394
2022-01-30 08:00:00,0.621,0.6224,0.6149,0.6192,7889876.0,4875432.3062
2022-01-30 12:00:00,0.6192,0.6203,0.6097,0.6146,6288078.0,3868991.5717
2022-01-30 16:00:00,0.6146,0.616,0.5984,0.6001,3004597.0,1828501.6234
2022-01-30 20:00:00,0.6001,0.608,0.5969,0.6009,4817989.0,2898991.2462
2022-01-31 00:00:00,0.6009,0.6016,0.5807,0.5855,9481977.0,5573984.465
2022-01-31 04:00:00,0.5855,0.59,0.5796,0.5889,4734007.0,2771212.9113
2022-01-31 08:00:00,0.5889,0.5929,0.5841,0.5898,4766252.0,2802238.8416
2022-01-31 12:00:00,0.5898,0.6004,0.583,0.5966,4783061.0,2821952.6034
2022-01-31 16:00:00,0.5966,0.6097,0.5952,0.6066,4464029.0,2693875.366
2022-01-31 20:00:00,0.6066,0.6248,0.6049,0.6171,3461693.0,2116505.2328
2022-02-01 00:00:00,0.6171,0.6273,0.6106,0.626,3682395.0,2274458.9765
2022-02-01 04:00:00,0.626,0.6262,0.6165,0.6177,4206857.0,2612994.9169
2022-02-01 08:00:00,0.6177,0.6296,0.6126,0.621,6715089.0,4163082.0852
2022-02-01 12:00:00,0.621,0.625,0.6153,0.623,6577027.0,4082738.1056
2022-02-01 16:00:00,0.623,0.6286,0.6196,0.6215,4153459.0,2589478.1334
2022-02-01 20:00:00,0.6215,0.6304,0.6215,0.628,4755105.0,2978099.6857
2022-02-02 00:00:00,0.628,0.631,0.6223,0.6251,6265815.0,3927416.152
2022-02-02 04:00:00,0.6251,0.6277,0.6212,0.6222,3605859.0,2252931.7428
2022-02-02 08:00:00,0.6222,0.6268,0.621,0.6257,4624690.0,2888723.7363
2022-02-02 12:00:00,0.6257,0.6306,0.609,0.6104,9976843.0,6175648.3773
2022-02-02 16:00:00,0.6104,0.6136,0.5995,0.6118,9152529.0,5559155.7985
2022-02-02 20:00:00,0.6118,0.6134,0.5951,0.6002,6211774.0,3746675.5006
2022-02-03 00:00:00,0.6002,0.6033,0.5961,0.6001,7295379.0,4379302.5777
2022-02-03 04:00:00,0.6001,0.6062,0.599,0.6039,6607851.0,3987025.6515
2022-02-03 08:00:00,0.6039,0.6052,0.5877,0.5975,6699943.0,3986782.8176
2022-02-03 12:00:00,0.5975,0.6044,0.5902,0.6037,7160276.0,4281778.9968
2022-02-03 16:00:00,0.6037,0.6065,0.5961,0.5983,5711462.0,3429453.8275
2022-02-03 20:00:00,0.5983,0.611,0.5964,0.6093,2995528.0,1808870.1465
2022-02-04 00:00:00,0.6093,0.6121,0.6037,0.6078,4761677.0,2892191.0756
2022-02-04 04:00:00,0.6078,0.6209,0.6077,0.6168,6084293.0,3740127.9687
2022-02-04 08:00:00,0.6168,0.6202,0.6134,0.6136,5781050.0,3571647.797
2022-02-04 12:00:00,0.6136,0.6302,0.6052,0.6242,8133115.0,5010886.767
2022-02-04 16:00:00,0.6242,0.6411,0.6238,0.6396,4889138.0,3110904.2013
2022-02-04 20:00:00,0.6396,0.6586,0.6357,0.6552,4370235.0,2805959.9728
2022-02-05 00:00:00,0.6552,0.6865,0.65,0.6688,11715388.0,7832290.7886
2022-02-05 04:00:00,0.6688,0.6785,0.666,0.6697,9727615.0,6531028.8191
2022-02-05 08:00:00,0.6697,0.677,0.668,0.6705,6713475.0,4512882.9789
2022-02-05 12:00:00,0.6705,0.6761,0.6637,0.6735,7841136.0,5261625.6657
2022-02-05 16:00:00,0.6735,0.6749,0.6504,0.6621,7778372.0,5142631.3957
2022-02-05 20:00:00,0.6621,0.6706,0.6579,0.6652,4093950.0,2728619.5955
2022-02-06 00:00:00,0.6652,0.6742,0.6648,0.6691,3861420.0,2587562.7072
2022-02-06 04:00:00,0.6691,0.6704,0.6625,0.6688,3636942.0,2423836.7993
2022-02-06 08:00:00,0.6688,0.6714,0.665,0.6671,3440052.0,2300078.0384
2022-02-06 12:00:00,0.6671,0.6796,0.6584,0.6665,4936608.0,3291195.4023
2022-02-06 16:00:00,0.6665,0.6717,0.6634,0.6715,3776949.0,2527005.1201
2022-02-06 20:00:00,0.6715,0.6872,0.6674,0.6824,3846935.0,2599954.5742
2022-02-07 00:00:00,0.6824,0.7285,0.6709,0.7229,13377867.0,9488806.1885
2022-02-07 04:00:00,0.7229,0.7594,0.7182,0.7546,16948450.0,12521037.0903
2022-02-07 08:00:00,0.7546,0.7825,0.7484,0.7733,34604413.0,26406268.2259
2022-02-07 12:00:00,0.7733,0.7765,0.7634,0.7727,24990990.0,19254507.2452
2022-02-07 16:00:00,0.7727,0.7999,0.7716,0.788,22166773.0,17394235.7927
2022-02-07 20:00:00,0.788,0.8385,0.7809,0.8306,28048835.0,22876145.08
2022-02-08 00:00:00,0.8306,0.8831,0.8128,0.8723,36338776.0,30917416.721
2022-02-08 04:00:00,0.8723,0.9133,0.8671,0.8944,47912300.0,42596372.989
2022-02-08 08:00:00,0.8949,0.8999,0.836,0.859,50752656.0,43638194.9281
2022-02-08 12:00:00,0.859,0.8593,0.819,0.8332,47595899.0,39927512.6159
2022-02-08 16:00:00,0.8332,0.8388,0.8029,0.8141,25012415.0,20400631.2007
2022-02-08 20:00:00,0.8141,0.8942,0.8107,0.875,20492563.0,17597490.3615
2022-02-09 00:00:00,0.875,0.9049,0.8431,0.8475,40049964.0,34772217.2954
2022-02-09 04:00:00,0.8475,0.8666,0.8436,0.8601,19048432.0,16289028.052
2022-02-09 08:00:00,0.8601,0.8628,0.8436,0.8561,18003954.0,15350672.5538
2022-02-09 12:00:00,0.8561,0.9074,0.8516,0.8841,25786622.0,22803834.5838
2022-02-09 16:00:00,0.8841,0.916,0.8749,0.891,14131669.0,12595511.5896
2022-02-09 20:00:00,0.891,0.9034,0.8601,0.8691,10675204.0,9471551.4584
2022-02-10 00:00:00,0.8691,0.8797,0.8527,0.8619,16483735.0,14297360.2436
2022-02-10 04:00:00,0.8619,0.876,0.8595,0.8716,15598854.0,13555721.8949
2022-02-10 08:00:00,0.8716,0.8972,0.8686,0.8858,19274063.0,16989178.0648
2022-02-10 12:00:00,0.8858,0.8899,0.8369,0.8641,38471662.0,33196507.8373
2022-02-10 16:00:00,0.8641,0.8757,0.8468,0.8486,11685780.0,10064550.103
2022-02-10 20:00:00,0.8486,0.8549,0.8195,0.8246,10798432.0,9077810.1306
2022-02-11 00:00:00,0.8246,0.8301,0.8069,0.8216,12635925.0,10353499.0562
2022-02-11 04:00:00,0.8216,0.8234,0.7902,0.8188,15579269.0,12684254.5067
2022-02-11 08:00:00,0.8188,0.8277,0.8023,0.8146,10460214.0,8528543.3354
2022-02-11 12:00:00,0.8146,0.8335,0.8118,0.8186,11086697.0,9100282.871
2022-02-11 16:00:00,0.8186,0.8212,0.7766,0.7891,8757909.0,7021173.4718
2022-02-11 20:00:00,0.7891,0.7923,0.7492,0.7585,11509407.0,8800874.1998
2022-02-12 00:00:00,0.7585,0.7784,0.7533,0.7706,10879774.0,8375177.5267
2022-02-12 04:00:00,0.7706,0.7768,0.7455,0.7632,13807008.0,10536744.2311
2022-02-12 08:00:00,0.7632,0.7772,0.758,0.773,8671638.0,6679549.546
2022-02-12 12:00:00,0.773,0.8079,0.7626,0.802,15327994.0,12014066.7671
2022-02-12 16:00:00,0.802,0.8522,0.8014,0.8307,38116256.0,31717397.2013
2022-02-12 20:00:00,0.8307,0.8432,0.8081,0.822,14406477.0,11847826.3192
2022-02-13 00:00:00,0.822,0.8365,0.8108,0.823,13664958.0,11246525.6662
2022-02-13 04:00:00,0.823,0.8344,0.8168,0.8279,11111046.0,9188684.1595
2022-02-13 08:00:00,0.8279,0.847,0.821,0.8361,13430193.0,11189421.8174
2022-02-13 12:00:00,0.8361,0.8435,0.8175,0.8221,19382484.0,16100775.0858
2022-02-13 16:00:00,0.8221,0.8229,0.7907,0.8002,16868431.0,13596071.153
2022-02-13 20:00:00,0.8002,0.8185,0.7951,0.805,8230127.0,6658235.8267
2022-02-14 00:00:00,0.805,0.8107,0.7814,0.7921,18057733.0,14309727.492
2022-02-14 04:00:00,0.7921,0.7994,0.784,0.7973,12657963.0,10018910.7305
2022-02-14 08:00:00,0.7973,0.8087,0.7782,0.7871,21792333.0,17199313.6692
2022-02-14 12:00:00,0.7871,0.8118,0.7809,0.8013,21424139.0,17109013.82
2022-02-14 16:00:00,0.8013,0.8077,0.7807,0.7874,11280496.0,8975412.7508
2022-02-14 20:00:00,0.7874,0.8062,0.7841,0.8004,6969681.0,5568283.3524
2022-02-15 00:00:00,0.8004,0.8397,0.7955,0.8231,15780453.0,12945809.7457
2022-02-15 04:00:00,0.8231,0.8279,0.8166,0.8252,7806056.0,6414833.2028
2022-02-15 08:00:00,0.8252,0.836,0.822,0.8307,16579014.0,13741374.1015
2022-02-15 12:00:00,0.8307,0.8339,0.8219,0.8246,9397175.0,7790028.284
2022-02-15 16:00:00,0.8246,0.8279,0.8159,0.8247,6871034.0,5653274.9383
2022-02-15 20:00:00,0.8247,0.8592,0.8233,0.8514,8962463.0,7520468.2444
2022-02-16 00:00:00,0.8514,0.8515,0.832,0.8352,8779182.0,7372208.4536
2022-02-16 04:00:00,0.8352,0.839,0.825,0.8376,10381318.0,8640249.3452
2022-02-16 08:00:00,0.8376,0.8387,0.8225,0.8281,9237266.0,7672852.4071
2022-02-16 12:00:00,0.8281,0.8308,0.807,0.8161,11211303.0,9168567.8291
2022-02-16 16:00:00,0.8161,0.8361,0.8102,0.8339,4719103.0,3884146.3083
2022-02-16 20:00:00,0.8339,0.8527,0.8334,0.8365,8014122.0,6752098.7697
2022-02-17 00:00:00,0.8365,0.8444,0.8217,0.8221,7668192.0,6413504.0695
2022-02-17 04:00:00,0.8221,0.8301,0.8086,0.8279,14627650.0,12002420.936
2022-02-17 08:00:00,0.8279,0.8288,0.8036,0.8149,12270173.0,9988442.2331
2022-02-17 12:00:00,0.8149,0.8196,0.7926,0.8006,13413861.0,10804423.7031
2022-02-17 16:00:00,0.8006,0.8068,0.7697,0.7819,10228697.0,8063475.0062
2022-02-17 20:00:00,0.7819,0.7821,0.7522,0.7671,9157909.0,7042768.7943
2022-02-18 00:00:00,0.7671,0.7896,0.7628,0.7857,13341373.0,10418105.767
2022-02-18 04:00:00,0.7857,0.8042,0.7811,0.7985,13975015.0,11091348.7744
2022-02-18 08:00:00,0.7985,0.8023,0.7722,0.7762,13810832.0,10891713.0092
2022-02-18 12:00:00,0.7762,0.7855,0.7567,0.7654,18670586.0,14472917.5911
2022-02-18 16:00:00,0.7654,0.774,0.7542,0.7733,8579336.0,6566360.2391
2022-02-18 20:00:00,0.7733,0.7942,0.7649,0.7837,11935798.0,9324142.3104
2022-02-19 00:00:00,0.7837,0.797,0.7831,0.7902,16007489.0,12656053.4809
2022-02-19 04:00:00,0.7902,0.8003,0.7877,0.794,11249395.0,8935978.9513
2022-02-19 08:00:00,0.794,0.7963,0.7697,0.7742,14603125.0,11441078.7732
2022-02-19 12:00:00,0.7742,0.8378,0.7699,0.8313,54225988.0,44322076.3522
2022-02-19 16:00:00,0.8313,0.8544,0.8132,0.8151,31751550.0,26549080.7888
2022-02-19 20:00:00,0.8151,0.8241,0.8061,0.8211,13449257.0,10966274.1095
2022-02-20 00:00:00,0.8211,0.8225,0.789,0.7982,20604169.0,16495608.2764
2022-02-20 04:00:00,0.7982,0.805,0.772,0.7891,26078717.0,20608081.8321
2022-02-20 08:00:00,0.7891,0.797,0.78,0.79,13182290.0,10399929.0531
2022-02-20 12:00:00,0.79,0.8001,0.7759,0.7847,10731593.0,8451192.8605
2022-02-20 16:00:00,0.7847,0.7905,0.7783,0.7831,7753843.0,6077395.0768
2022-02-20 20:00:00,0.7831,0.7936,0.7639,0.776,7070745.0,5502657.9658
2022-02-21 00:00:00,0.776,0.801,0.7684,0.7862,16902718.0,13345621.7325
2022-02-21 04:00:00,0.7862,0.7999,0.7862,0.7964,6000298.0,4768214.0232
2022-02-21 08:00:00,0.7964,0.7984,0.76,0.7692,20998099.0,16351931.6548
2022-02-21 12:00:00,0.7692,0.7895,0.7549,0.7815,17757798.0,13745326.2922
2022-02-21 16:00:00,0.7815,0.7877,0.7466,0.7558,10730632.0,8221309.7249
2022-02-21 20:00:00,0.7558,0.7628,0.6948,0.7014,16615925.0,12019683.9366
2022-02-22 00:00:00,0.7014,0.7135,0.666,0.6785,25290233.0,17513876.6719
2022-02-22 04:00:00,0.6785,0.6978,0.6751,0.6798,14422739.0,9861464.1985
2022-02-22 08:00:00,0.6798,0.7095,0.6781,0.7005,18838424.0,13099998.0631
2022-02-22 12:00:00,0.7005,0.7173,0.693,0.7044,14693034.0,10364231.2151
2022-02-22 16:00:00,0.7044,0.7077,0.6911,0.7057,8105334.0,5660282.3892
2022-02-22 20:00:00,0.7057,0.7262,0.7004,0.7204,8472559.0,6045395.6162
2022-02-23 00:00:00,0.7204,0.7268,0.7035,0.7099,9692277.0,6911590.8755
2022-02-23 04:00:00,0.7099,0.7246,0.708,0.7229,10565298.0,7576663.1676
2022-02-23 08:00:00,0.7229,0.74,0.7205,0.7318,21120267.0,15441890.1682
2022-02-23 12:00:00,0.7318,0.7431,0.7216,0.7228,11613410.0,8507541.7599
2022-02-23 16:00:00,0.7228,0.7341,0.702,0.7045,15242329.0,10937057.6737
2022-02-23 20:00:00,0.7045,0.7137,0.692,0.696,11029749.0,7729909.4196
2022-02-24 00:00:00,0.696,0.703,0.6252,0.6389,22726390.0,15155295.5459
2022-02-24 04:00:00,0.6389,0.6517,0.6205,0.6417,22759563.0,14460529.8573
2022-02-24 08:00:00,0.6417,0.6529,0.6271,0.6393,20352984.0,12987187.2877
2022-02-24 12:00:00,0.6393,0.6563,0.6308,0.6508,18972276.0,12153581.1579
2022-02-24 16:00:00,0.6508,0.6889,0.648,0.6875,25983427.0,17261762.0693
2022-02-24 20:00:00,0.6875,0.7219,0.6739,0.6957,15938545.0,11129942.5654
2022-02-25 00:00:00,0.6957,0.7046,0.6871,0.6987,11335042.0,7904887.546
2022-02-25 04:00:00,0.6987,0.7019,0.686,0.6985,9521163.0,6613214.3396
2022-02-25 08:00:00,0.6985,0.7004,0.682,0.6988,20171147.0,13978550.2143
2022-02-25 12:00:00,0.6988,0.7239,0.6988,0.7147,25848142.0,18326478.0238
2022-02-25 16:00:00,0.7147,0.7384,0.7015,0.7293,11170398.0,8029010.1084
2022-02-25 20:00:00,0.7293,0.78,0.7257,0.7694,13690349.0,10241503.333
2022-02-26 00:00:00,0.7694,0.7964,0.7648,0.775,18981288.0,14756115.3699
2022-02-26 04:00:00,0.775,0.7782,0.7504,0.7728,15011321.0,11481244.8486
2022-02-26 08:00:00,0.7728,0.7792,0.7556,0.7588,16063288.0,12304613.4587
2022-02-26 12:00:00,0.7588,0.7672,0.7515,0.756,8860476.0,6726147.8532
2022-02-26 16:00:00,0.756,0.7605,0.74,0.7516,11930155.0,8944055.6225
2022-02-26 20:00:00,0.7516,0.7637,0.7432,0.7503,6184000.0,4667895.2367
2022-02-27 00:00:00,0.7503,0.7531,0.7222,0.7329,13154793.0,9632244.519
2022-02-27 04:00:00,0.7329,0.7458,0.7283,0.7383,6381201.0,4713307.5752
2022-02-27 08:00:00,0.7383,0.7565,0.7359,0.7561,14782562.0,11047103.535
2022-02-27 12:00:00,0.7561,0.7669,0.733,0.7511,19168851.0,14372175.4068
2022-02-27 16:00:00,0.7511,0.7517,0.7102,0.7133,11121857.0,8173947.0918
2022-02-27 20:00:00,0.7133,0.7292,0.702,0.7208,13795823.0,9878599.4391
2022-02-28 00:00:00,0.7208,0.7319,0.7097,0.7195,12882076.0,9277316.5195
2022-02-28 04:00:00,0.7195,0.7267,0.7066,0.7219,8894728.0,6397615.8309
2022-02-28 08:00:00,0.7219,0.7296,0.718,0.7262,9075847.0,6574715.9557
2022-02-28 12:00:00,0.7262,0.7626,0.7164,0.7606,23180448.0,17140911.231
2022-02-28 16:00:00,0.7606,0.7676,0.7495,0.7621,16244334.0,12316211.6612
2022-02-28 20:00:00,0.7621,0.7935,0.7603,0.7806,11766852.0,9116326.9658
2022-03-01 00:00:00,0.7806,0.7896,0.7636,0.7743,11838889.0,9183825.7158
2022-03-01 04:00:00,0.7743,0.7772,0.7644,0.7714,8132533.0,6279176.1482
2022-03-01 08:00:00,0.7714,0.7737,0.7569,0.7673,8643876.0,6632250.9656
2022-03-01 12:00:00,0.7673,0.8033,0.7666,0.7791,27481588.0,21555787.2236
2022-03-01 16:00:00,0.7791,0.7875,0.7678,0.7804,10240433.0,7971120.7889
2022-03-01 20:00:00,0.7804,0.7886,0.7782,0.7835,7162057.0,5612587.1015
2022-03-02 00:00:00,0.7835,0.7841,0.7633,0.7771,10255305.0,7924555.1676
2022-03-02 04:00:00,0.7771,0.7802,0.7602,0.7676,7739791.0,5967737.1993
2022-03-02 08:00:00,0.7676,0.7784,0.763,0.776,4782678.0,3692328.7726
2022-03-02 12:00:00,0.776,0.7811,0.7557,0.7649,14214286.0,10915155.5936
2022-03-02 16:00:00,0.7649,0.7739,0.7593,0.7666,3645908.0,2795852.5167
2022-03-02 20:00:00,0.7666,0.7775,0.7644,0.7683,2860240.0,2201043.4266
2022-03-03 00:00:00,0.7683,0.7703,0.7596,0.7649,3907358.0,2984146.6198
2022-03-03 04:00:00,0.7649,0.7904,0.7582,0.7661,15289700.0,11808928.7186
2022-03-03 08:00:00,0.7661,0.7715,0.7594,0.7653,5882935.0,4502996.8411
2022-03-03 12:00:00,0.7653,0.774,0.7441,0.7484,12135384.0,9260738.9167
2022-03-03 16:00:00,0.7484,0.7506,0.7329,0.744,7876474.0,5855645.8519
2022-03-03 20:00:00,0.744,0.7585,0.7396,0.7509,4133950.0,3099977.9038
2022-03-04 00:00:00,0.7509,0.7533,0.723,0.7369,9316216.0,6838048.6424
2022-03-04 04:00:00,0.7369,0.7428,0.7328,0.737,6525945.0,4815366.3042
2022-03-04 08:00:00,0.737,0.7462,0.7246,0.741,8836735.0,6509087.3507
2022-03-04 12:00:00,0.741,0.7426,0.7275,0.7322,9810479.0,7209863.5099
2022-03-04 16:00:00,0.7322,0.7416,0.7116,0.7133,6259391.0,4572218.524
2022-03-04 20:00:00,0.7133,0.7195,0.6926,0.7119,6580000.0,4668668.1162
2022-03-05 00:00:00,0.7119,0.7218,0.7038,0.7195,5554899.0,3972388.9397
2022-03-05 04:00:00,0.7195,0.7249,0.7153,0.7233,4496578.0,3238855.9792
2022-03-05 08:00:00,0.7233,0.7379,0.723,0.7341,9667356.0,7071130.4148
2022-03-05 12:00:00,0.7341,0.7688,0.734,0.7582,45917256.0,34630132.5915
2022-03-05 16:00:00,0.7582,0.766,0.7466,0.752,14830283.0,11213607.2887
2022-03-05 20:00:00,0.752,0.759,0.7428,0.7533,8448449.0,6344832.1418
2022-03-06 00:00:00,0.7533,0.7586,0.7411,0.7425,10293132.0,7719023.1462
2022-03-06 04:00:00,0.7425,0.7489,0.731,0.7453,12330595.0,9141473.4343
2022-03-06 08:00:00,0.7453,0.7457,0.7268,0.7339,15209146.0,11168704.7419
2022-03-06 12:00:00,0.7339,0.7413,0.7289,0.7359,11781962.0,8659481.5269
2022-03-06 16:00:00,0.7359,0.7465,0.7304,0.7331,7406922.0,5474575.6249
2022-03-06 20:00:00,0.7331,0.7454,0.7198,0.7244,8254524.0,6052983.2
2022-03-07 00:00:00,0.7244,0.7256,0.7062,0.7183,13231346.0,9469784.0762
2022-03-07 04:00:00,0.7183,0.7536,0.717,0.7375,20748477.0,15349151.4743
2022-03-07 08:00:00,0.7375,0.7451,0.7305,0.7434,16146789.0,11958460.6903
2022-03-07 12:00:00,0.7434,0.7523,0.7366,0.7455,21207127.0,15815746.8898
2022-03-07 16:00:00,0.7455,0.7497,0.7104,0.7107,8302303.0,6074123.1597
2022-03-07 20:00:00,0.7107,0.7298,0.7021,0.7191,9296239.0,6683433.2985
2022-03-08 00:00:00,0.7191,0.7297,0.7153,0.7274,10390728.0,7514216.5314
2022-03-08 04:00:00,0.7274,0.729,0.7128,0.7226,10404910.0,7500369.9568
2022-03-08 08:00:00,0.7226,0.7308,0.7206,0.7264,10914833.0,7915314.8207
2022-03-08 12:00:00,0.7264,0.7289,0.7157,0.7221,8379392.0,6048694.0082
2022-03-08 16:00:00,0.7221,0.7278,0.7132,0.7232,7898075.0,5687387.7983
2022-03-08 20:00:00,0.7232,0.7247,0.715,0.72,3642169.0,2622000.1483
2022-03-09 00:00:00,0.72,0.7504,0.7192,0.743,10846699.0,7926801.6211
2022-03-09 04:00:00,0.743,0.7513,0.7413,0.7493,11607746.0,8655292.1436
2022-03-09 08:00:00,0.7493,0.7564,0.7488,0.7507,11112588.0,8360117.1978
2022-03-09 12:00:00,0.7507,0.7684,0.7434,0.7661,21624799.0,16332606.4303
2022-03-09 16:00:00,0.7661,0.7744,0.7562,0.7622,9388300.0,7179514.2154
2022-03-09 20:00:00,0.7622,0.7685,0.7566,0.7654,4507220.0,3436226.6726
2022-03-10 00:00:00,0.7654,0.7786,0.7514,0.7576,11678609.0,8914569.8874
2022-03-10 04:00:00,0.7576,0.7595,0.7286,0.7376,16990712.0,12545750.2052
2022-03-10 08:00:00,0.7376,0.7377,0.7279,0.7329,6591535.0,4828702.5543
2022-03-10 12:00:00,0.7329,0.7437,0.7211,0.7282,10966674.0,8020904.5284
2022-03-10 16:00:00,0.7282,0.7384,0.7259,0.7379,10882828.0,7936724.8193
2022-03-10 20:00:00,0.7379,0.744,0.7338,0.7356,5093915.0,3763791.2631
2022-03-11 00:00:00,0.7356,0.7407,0.7262,0.7381,8336229.0,6109131.1711
2022-03-11 04:00:00,0.7381,0.7508,0.734,0.7447,10818248.0,8051432.563
2022-03-11 08:00:00,0.7447,0.7475,0.7317,0.7444,12625172.0,9342864.0527
2022-03-11 12:00:00,0.7444,0.75,0.7272,0.7304,9015807.0,6661300.8218
2022-03-11 16:00:00,0.7304,0.7363,0.7245,0.7362,6668074.0,4855726.8046
2022-03-11 20:00:00,0.7362,0.8134,0.7361,0.8023,45547977.0,35940934.7509
2022-03-12 00:00:00,0.8023,0.8484,0.7947,0.8145,55046441.0,45433532.7866
2022-03-12 04:00:00,0.8145,0.8178,0.7902,0.7959,32510665.0,26168183.938
2022-03-12 08:00:00,0.7959,0.8006,0.7775,0.7849,44567522.0,35148247.9761
2022-03-12 12:00:00,0.7849,0.7968,0.7777,0.7899,37986772.0,29904905.41
2022-03-12 16:00:00,0.7899,0.7949,0.7843,0.7898,15089870.0,11922768.111
2022-03-12 20:00:00,0.7898,0.8084,0.7812,0.7849,14744180.0,11684806.8031
2022-03-13 00:00:00,0.7849,0.7985,0.7832,0.7969,18321756.0,14483473.307
2022-03-13 04:00:00,0.7969,0.804,0.7934,0.7972,27426873.0,21905868.945
2022-03-13 08:00:00,0.7972,0.8045,0.7852,0.7909,25154356.0,20042776.0478
2022-03-13 12:00:00,0.7909,0.7917,0.7777,0.7844,27822449.0,21820700.106
2022-03-13 16:00:00,0.7844,0.792,0.7811,0.7833,10792420.0,8478947.4902
2022-03-13 20:00:00,0.7833,0.7886,0.7484,0.7594,20506392.0,15778491.4306
2022-03-14 00:00:00,0.7594,0.7635,0.7436,0.7607,26476321.0,20035646.5862
2022-03-14 04:00:00,0.7607,0.7736,0.7601,0.7685,17095675.0,13113916.581
2022-03-14 08:00:00,0.7685,0.7758,0.7656,0.7661,18467687.0,14225472.8845
2022-03-14 12:00:00,0.7661,0.7679,0.7563,0.7604,28916778.0,22050808.3579
2022-03-14 16:00:00,0.7604,0.7626,0.7493,0.7609,13551881.0,10241350.7441
2022-03-14 20:00:00,0.7609,0.7774,0.7585,0.7738,14501477.0,11149634.4706
2022-03-15 00:00:00,0.7738,0.7758,0.758,0.7619,13777343.0,10576886.6957
2022-03-15 04:00:00,0.7619,0.7645,0.746,0.7519,13465044.0,10185431.9174
2022-03-15 08:00:00,0.7519,0.7551,0.7401,0.7534,10801678.0,8094117.2258
2022-03-15 12:00:00,0.7534,0.7675,0.7509,0.7628,19370071.0,14731929.7973
2022-03-15 16:00:00,0.7628,0.7713,0.7601,0.7705,12240040.0,9357876.016
2022-03-15 20:00:00,0.7705,0.7722,0.7624,0.7652,10444651.0,8005477.9402
2022-03-16 00:00:00,0.7652,0.7889,0.7571,0.7608,22205892.0,17130923.5647
2022-03-16 04:00:00,0.7608,0.7659,0.7573,0.7639,10001909.0,7611572.877
2022-03-16 08:00:00,0.7639,0.7732,0.7637,0.7694,15094727.0,11606674.2316
2022-03-16 12:00:00,0.7694,0.7811,0.7638,0.7768,12768233.0,9840534.8083
2022-03-16 16:00:00,0.7768,0.7858,0.7583,0.7856,14889761.0,11465478.8177
2022-03-16 20:00:00,0.7856,0.7941,0.7801,0.7913,9495491.0,7479100.3828
2022-03-17 00:00:00,0.7913,0.7981,0.7865,0.7926,8844900.0,7000801.9658
2022-03-17 04:00:00,0.7926,0.7955,0.7833,0.7894,11031321.0,8722477.5864
2022-03-17 08:00:00,0.7894,0.7922,0.7827,0.7875,8658260.0,6815665.8766
2022-03-17 12:00:00,0.7875,0.7977,0.7867,0.7935,13971555.0,11078744.1804
2022-03-17 16:00:00,0.7935,0.7964,0.788,0.7954,6681046.0,5294763.2012
2022-03-17 20:00:00,0.7952,0.8018,0.7905,0.7928,6209931.0,4931883.7512
2022-03-18 00:00:00,0.7928,0.8003,0.7824,0.787,14466224.0,11430575.2874
2022-03-18 04:00:00,0.787,0.7934,0.7853,0.7871,6054766.0,4780152.5596
2022-03-18 08:00:00,0.7871,0.7895,0.7757,0.7793,12193030.0,9545446.7539
2022-03-18 12:00:00,0.7793,0.7867,0.7757,0.7863,10236241.0,7997664.3679
2022-03-18 16:00:00,0.7863,0.7961,0.7858,0.7956,11457605.0,9056838.4444
2022-03-18 20:00:00,0.7956,0.7993,0.7916,0.7962,6959207.0,5537993.8119
2022-03-19 00:00:00,0.7962,0.7986,0.7907,0.7961,9929704.0,7895399.6463
2022-03-19 04:00:00,0.7961,0.8229,0.7947,0.808,28037583.0,22737371.9137
2022-03-19 08:00:00,0.808,0.8164,0.8071,0.813,10097684.0,8204548.3017
2022-03-19 12:00:00,0.813,0.8199,0.8104,0.8158,13351042.0,10891713.2934
2022-03-19 16:00:00,0.8158,0.8265,0.8137,0.824,9349843.0,7659256.7416
2022-03-19 20:00:00,0.824,0.8253,0.8067,0.8189,9523610.0,7770695.7675
2022-03-20 00:00:00,0.8189,0.8217,0.8083,0.8137,9401541.0,7641484.6534
2022-03-20 04:00:00,0.8137,0.8164,0.8105,0.8129,6463426.0,5258838.205
2022-03-20 08:00:00,0.8129,0.814,0.8023,0.8062,7041629.0,5700013.0451
2022-03-20 12:00:00,0.8062,0.8095,0.8004,0.8031,7780211.0,6256414.5545
2022-03-20 16:00:00,0.8031,0.8084,0.7939,0.808,6216293.0,4989122.0682
2022-03-20 20:00:00,0.808,0.8096,0.8004,0.8048,4540076.0,3655493.3139
2022-03-21 00:00:00,0.8048,0.8081,0.7866,0.7982,9612776.0,7671875.4375
2022-03-21 04:00:00,0.7982,0.8115,0.7967,0.8102,7000302.0,5637723.7048
2022-03-21 08:00:00,0.8102,0.819,0.8051,0.8135,10567833.0,8585507.1425
2022-03-21 12:00:00,0.8135,0.8181,0.8081,0.8154,11077391.0,9003340.6954
2022-03-21 16:00:00,0.8154,0.8475,0.8092,0.8462,22502267.0,18639614.5099
2022-03-21 20:00:00,0.8462,0.8542,0.8323,0.8369,11633240.0,9778630.0447
2022-03-22 00:00:00,0.8369,0.8607,0.8338,0.8516,15448012.0,13070144.5028
2022-03-22 04:00:00,0.8516,0.865,0.8393,0.8469,12809201.0,10891769.3974
2022-03-22 08:00:00,0.8469,0.8515,0.8425,0.8482,7726323.0,6547403.607
2022-03-22 12:00:00,0.8482,0.857,0.8358,0.8367,12884190.0,10881681.6892
2022-03-22 16:00:00,0.8367,0.8411,0.827,0.8287,6214953.0,5185182.138
2022-03-22 20:00:00,0.8287,0.8422,0.8277,0.8361,4358888.0,3650653.1089
2022-03-23 00:00:00,0.8361,0.8457,0.8254,0.8274,10538586.0,8795144.3522
2022-03-23 04:00:00,0.8274,0.8328,0.8199,0.822,7482799.0,6180059.5302
2022-03-23 08:00:00,0.822,0.8279,0.8165,0.8234,6992967.0,5749782.1159
2022-03-23 12:00:00,0.8234,0.84,0.8199,0.8385,10369942.0,8602247.2311
2022-03-23 16:00:00,0.8385,0.8422,0.8251,0.8268,6529102.0,5439403.8715
2022-03-23 20:00:00,0.8268,0.8385,0.8262,0.8374,2934725.0,2447051.0151
2022-03-24 00:00:00,0.8374,0.8456,0.827,0.8319,11814553.0,9871600.668
2022-03-24 04:00:00,0.8319,0.8393,0.8304,0.835,4866751.0,4060380.6015
2022-03-24 08:00:00,0.835,0.8406,0.8326,0.8342,8645334.0,7233637.0713
2022-03-24 12:00:00,0.8342,0.8476,0.8276,0.8435,13584400.0,11338551.5327
2022-03-24 16:00:00,0.8435,0.8496,0.8374,0.8453,8072125.0,6824147.6651
2022-03-24 20:00:00,0.8453,0.8487,0.8402,0.8426,4715234.0,3983741.3591
2022-03-25 00:00:00,0.8426,0.8457,0.8358,0.8396,13101198.0,11005373.2789
2022-03-25 04:00:00,0.8396,0.845,0.8375,0.8378,7429860.0,6244971.0885
2022-03-25 08:00:00,0.8378,0.8408,0.8283,0.8394,10078325.0,8420484.4114
2022-03-25 12:00:00,0.8394,0.8439,0.8291,0.8318,16321870.0,13684506.858
2022-03-25 16:00:00,0.8318,0.8347,0.8187,0.8259,8805344.0,7269888.4546
2022-03-25 20:00:00,0.8259,0.8284,0.8217,0.8237,3589931.0,2963402.7587
2022-03-26 00:00:00,0.8237,0.8274,0.82,0.826,4527958.0,3729822.4027
2022-03-26 04:00:00,0.826,0.8346,0.8242,0.8333,3977361.0,3296216.9087
2022-03-26 08:00:00,0.8333,0.8339,0.8278,0.8303,4720427.0,3921761.9745
2022-03-26 12:00:00,0.8303,0.8318,0.8243,0.8302,4032685.0,3339851.1586
2022-03-26 16:00:00,0.8302,0.833,0.827,0.8293,2948645.0,2448617.8471
2022-03-26 20:00:00,0.8293,0.8332,0.8287,0.8324,2699518.0,2243259.8439
2022-03-27 00:00:00,0.8324,0.8428,0.8308,0.8351,12081546.0,10111213.7722
2022-03-27 04:00:00,0.8351,0.8393,0.8322,0.8391,4558169.0,3809596.0656
2022-03-27 08:00:00,0.8391,0.8406,0.8346,0.8365,4886173.0,4089668.3476
2022-03-27 12:00:00,0.8365,0.8377,0.827,0.837,9008836.0,7507021.539
2022-03-27 16:00:00,0.837,0.8485,0.8348,0.8402,8855565.0,7446364.2535
2022-03-27 20:00:00,0.8402,0.8576,0.8384,0.8576,9984905.0,8493754.6249
2022-03-28 00:00:00,0.8576,0.8727,0.8532,0.8703,11904327.0,10292384.1152
2022-03-28 04:00:00,0.8703,0.8777,0.8631,0.867,14153834.0,12298821.1159
2022-03-28 08:00:00,0.867,0.8703,0.8614,0.8681,9508415.0,8235767.2193
2022-03-28 12:00:00,0.8681,0.904,0.8674,0.8783,29904050.0,26560272.456
2022-03-28 16:00:00,0.8783,0.9121,0.87,0.8977,14147422.0,12630246.2192
2022-03-28 20:00:00,0.8977,0.9012,0.8505,0.8637,13217920.0,11678690.0156
2022-03-29 00:00:00,0.8637,0.8782,0.8621,0.8707,6668658.0,5814452.8943
2022-03-29 04:00:00,0.8707,0.885,0.8682,0.8689,8294314.0,7272427.5845
2022-03-29 08:00:00,0.8689,0.8826,0.8674,0.8807,10111988.0,8856709.8356
2022-03-29 12:00:00,0.8807,0.8853,0.8565,0.8587,11322006.0,9896370.5405
2022-03-29 16:00:00,0.8587,0.867,0.8415,0.863,8751771.0,7486302.7657
2022-03-29 20:00:00,0.863,0.8654,0.8452,0.8572,5046000.0,4320259.3388
2022-03-30 00:00:00,0.8572,0.8637,0.845,0.8612,7616313.0,6507426.1426
2022-03-30 04:00:00,0.8612,0.867,0.8563,0.8607,5624549.0,4845699.6363
2022-03-30 08:00:00,0.8607,0.8692,0.8573,0.8667,7707558.0,6652060.2274
2022-03-30 12:00:00,0.8667,0.8702,0.8532,0.8619,8817297.0,7591231.0283
2022-03-30 16:00:00,0.8619,0.8716,0.8564,0.8608,4307047.0,3727069.9366
2022-03-30 20:00:00,0.8608,0.8648,0.8501,0.8612,5050496.0,4331784.4337
2022-03-31 00:00:00,0.8612,0.8708,0.8577,0.8618,6197241.0,5356878.0329
2022-03-31 04:00:00,0.8618,0.868,0.8598,0.8642,5122895.0,4423452.1792
2022-03-31 08:00:00,0.8642,0.8735,0.8634,0.8674,6528559.0,5664291.5005
2022-03-31 12:00:00,0.8674,0.8715,0.7751,0.8225,32433685.0,26862213.9477
2022-03-31 16:00:00,0.8225,0.8233,0.7998,0.8122,8479019.0,6879170.1456
2022-03-31 20:00:00,0.8122,0.8212,0.8054,0.8141,5004193.0,4079458.2417
2022-04-01 00:00:00,0.8141,0.8312,0.8068,0.8199,10013936.0,8201364.1219
2022-04-01 04:00:00,0.8199,0.8254,0.8179,0.8233,6666669.0,5479060.1318
2022-04-01 08:00:00,0.8233,0.8249,0.8124,0.8137,7705971.0,6294627.9224
2022-04-01 12:00:00,0.8137,0.8324,0.8064,0.8257,8270799.0,6789476.6869
2022-04-01 16:00:00,0.8257,0.831,0.8202,0.8287,5189488.0,4287790.5096
2022-04-01 20:00:00,0.8287,0.8336,0.8236,0.8271,2522781.0,2091140.2083
2022-04-02 00:00:00,0.8271,0.8404,0.8238,0.8369,6007672.0,5016038.7335
2022-04-02 04:00:00,0.8369,0.8425,0.8352,0.8411,4246782.0,3563091.2065
2022-04-02 08:00:00,0.8411,0.8497,0.8395,0.8406,7097890.0,5994082.4346
2022-04-02 12:00:00,0.8406,0.8474,0.8265,0.8327,9090544.0,7603958.9987
2022-04-02 16:00:00,0.8327,0.8373,0.8179,0.827,4320098.0,3585045.0895
2022-04-02 20:00:00,0.827,0.833,0.8218,0.8236,4072265.0,3372579.1521
2022-04-03 00:00:00,0.8236,0.8287,0.8133,0.8277,8049465.0,6624802.3258
2022-04-03 04:00:00,0.8277,0.8339,0.8268,0.8308,3602812.0,2992000.5506
2022-04-03 08:00:00,0.8308,0.8344,0.8264,0.8331,3520329.0,2922297.0597
2022-04-03 12:00:00,0.8331,0.8418,0.8315,0.8394,6670995.0,5585268.3257
2022-04-03 16:00:00,0.8394,0.8469,0.8339,0.8397,4323942.0,3629437.5123
2022-04-03 20:00:00,0.8397,0.8515,0.8394,0.8427,4017377.0,3392717.771
2022-04-04 00:00:00,0.8427,0.843,0.8288,0.8301,4806956.0,4005238.9643
2022-04-04 04:00:00,0.8301,0.8384,0.8271,0.8329,4084173.0,3406780.5651
2022-04-04 08:00:00,0.8329,0.8396,0.8226,0.8353,7063913.0,5861208.5316
2022-04-04 12:00:00,0.8353,0.838,0.8171,0.8197,8369149.0,6920683.1276
2022-04-04 16:00:00,0.8197,0.8231,0.8034,0.8214,3663936.0,2985707.6103
2022-04-04 20:00:00,0.8214,0.8298,0.8139,0.8259,3461458.0,2855257.0791
2022-04-05 00:00:00,0.8259,0.8307,0.823,0.8265,3465692.0,2867778.8762
2022-04-05 04:00:00,0.8265,0.8299,0.8217,0.8233,4306174.0,3555077.8676
2022-04-05 08:00:00,0.8233,0.8303,0.8223,0.8282,5309047.0,4389317.3099
2022-04-05 12:00:00,0.8282,0.8339,0.8173,0.8211,7345837.0,6053385.6312
2022-04-05 16:00:00,0.8211,0.8364,0.8177,0.8232,6169786.0,5108464.4526
2022-04-05 20:00:00,0.8232,0.8249,0.8142,0.8162,1734110.0,1420890.5817
2022-04-06 00:00:00,0.8162,0.8175,0.7777,0.8088,7901984.0,6327433.3179
2022-04-06 04:00:00,0.8088,0.8179,0.8062,0.8104,3771513.0,3068052.0336
2022-04-06 08:00:00,0.8104,0.8113,0.7863,0.7947,8609770.0,6900405.9287
2022-04-06 12:00:00,0.7947,0.799,0.7673,0.7793,13020826.0,10189191.1083
2022-04-06 16:00:00,0.7793,0.7808,0.757,0.7736,6580256.0,5060730.9255
2022-04-06 20:00:00,0.7736,0.7834,0.7556,0.759,3737660.0,2875749.9875
2022-04-07 00:00:00,0.759,0.7734,0.7514,0.7681,6882259.0,5259946.8828
2022-04-07 04:00:00,0.7681,0.7781,0.7681,0.7738,5089186.0,3939396.8098
2022-04-07 08:00:00,0.7738,0.7879,0.7717,0.7844,4710132.0,3668584.8716
2022-04-07 12:00:00,0.7844,0.7896,0.7672,0.7773,6624193.0,5169542.0245
2022-04-07 16:00:00,0.7773,0.7856,0.7738,0.7801,1339176.0,1043502.7737
2022-04-07 20:00:00,0.7801,0.7912,0.777,0.787,2390417.0,1878592.5568
2022-04-08 00:00:00,0.787,0.7928,0.7842,0.7924,3101806.0,2446770.8627
2022-04-08 04:00:00,0.7924,0.793,0.7776,0.7839,4380728.0,3442942.3929
2022-04-08 08:00:00,0.7839,0.7861,0.7675,0.7689,4446245.0,3457230.9878
2022-04-08 12:00:00,0.7689,0.7767,0.7596,0.7713,6070572.0,4665460.6945
2022-04-08 16:00:00,0.7713,0.7735,0.752,0.7588,3431615.0,2609435.7427
2022-04-08 20:00:00,0.7588,0.7633,0.7454,0.7545,2633433.0,1985758.6567
2022-04-09 00:00:00,0.7545,0.7626,0.7535,0.761,3393374.0,2572654.0881
2022-04-09 04:00:00,0.761,0.7659,0.7561,0.7605,1882140.0,1432996.4018
2022-04-09 08:00:00,0.7605,0.7631,0.7584,0.7616,1370240.0,1042549.7667
2022-04-09 12:00:00,0.7616,0.7638,0.7525,0.7538,2875037.0,2178820.5175
2022-04-09 16:00:00,0.7538,0.7632,0.7533,0.7606,1356857.0,1030632.0206
2022-04-09 20:00:00,0.7606,0.7632,0.7581,0.762,1514447.0,1152603.7161
2022-04-10 00:00:00,0.762,0.7679,0.7594,0.7655,2124631.0,1621935.0234
2022-04-10 04:00:00,0.7655,0.7665,0.7609,0.7611,2082426.0,1590915.0123
2022-04-10 08:00:00,0.7611,0.7614,0.7551,0.7573,2550382.0,1932844.6107
2022-04-10 12:00:00,0.7573,0.761,0.7562,0.7589,2622095.0,1988658.5923
2022-04-10 16:00:00,0.7589,0.7706,0.7584,0.7692,1622640.0,1242877.3578
2022-04-10 20:00:00,0.7692,0.7724,0.7515,0.7534,2610298.0,1982113.4132
2022-04-11 00:00:00,0.7534,0.7551,0.7312,0.7381,7184023.0,5341110.1159
2022-04-11 04:00:00,0.7381,0.7439,0.7352,0.743,2967522.0,2196776.2902
2022-04-11 08:00:00,0.743,0.7439,0.704,0.7074,11077343.0,7979471.0548
2022-04-11 12:00:00,0.7074,0.7141,0.702,0.7034,4070852.0,2885066.3018
2022-04-11 16:00:00,0.7034,0.7113,0.701,0.7042,3181791.0,2245088.7646
2022-04-11 20:00:00,0.7042,0.7059,0.6789,0.6942,8191971.0,5685306.6516
2022-04-12 00:00:00,0.6942,0.7043,0.6925,0.6997,4476311.0,3124547.9355
2022-04-12 04:00:00,0.6997,0.7107,0.6978,0.7041,6936654.0,4885425.9705
2022-04-12 08:00:00,0.7041,0.713,0.7022,0.7107,5137995.0,3628740.6879
2022-04-12 12:00:00,0.7107,0.72,0.7022,0.7072,6191175.0,4402422.8998
2022-04-12 16:00:00,0.7072,0.7101,0.692,0.6929,1663525.0,1166880.7528
2022-04-12 20:00:00,0.6929,0.7255,0.692,0.7143,3105811.0,2211289.2352
2022-04-13 00:00:00,0.7143,0.719,0.7085,0.7141,4165988.0,2977223.4881
2022-04-13 04:00:00,0.7141,0.7206,0.7095,0.7141,4720742.0,3374649.1526
2022-04-13 08:00:00,0.7141,0.7223,0.7037,0.7054,3796112.0,2701506.8264
2022-04-13 12:00:00,0.7054,0.723,0.701,0.7207,6428814.0,4589248.4658
2022-04-13 16:00:00,0.7207,0.7245,0.7157,0.7175,2277441.0,1639829.81
2022-04-13 20:00:00,0.7175,0.7246,0.7168,0.7225,2086742.0,1506944.5512
2022-04-14 00:00:00,0.7225,0.7405,0.7214,0.7358,4947971.0,3622123.7515
2022-04-14 04:00:00,0.7358,0.7404,0.729,0.7327,4834291.0,3549847.856
2022-04-14 08:00:00,0.7327,0.7355,0.7201,0.7226,4623879.0,3362329.7872
2022-04-14 12:00:00,0.7226,0.7298,0.7122,0.7128,5925153.0,4253338.3191
2022-04-14 16:00:00,0.7128,0.7299,0.7077,0.7137,6997095.0,5009845.6813
2022-04-14 20:00:00,0.7137,0.7293,0.7107,0.7256,2991098.0,2162426.6911
2022-04-15 00:00:00,0.7256,0.79,0.7254,0.786,32617320.0,24866405.5848
2022-04-15 04:00:00,0.786,0.7972,0.7629,0.7772,62514953.0,48717365.8999
2022-04-15 08:00:00,0.7772,0.7875,0.7702,0.7781,27786153.0,21596193.7023
2022-04-15 12:00:00,0.7781,0.7848,0.7627,0.774,26010136.0,20132725.6948
2022-04-15 16:00:00,0.774,0.78,0.7687,0.7712,6960236.0,5385012.9126
2022-04-15 20:00:00,0.7712,0.7928,0.7692,0.785,9647447.0,7533005.4255
2022-04-16 00:00:00,0.785,0.799,0.778,0.7838,23694832.0,18718639.5125
2022-04-16 04:00:00,0.7838,0.7879,0.7752,0.7769,14048215.0,10982394.0578
2022-04-16 08:00:00,0.7769,0.7784,0.7703,0.7745,14067516.0,10895915.6157
2022-04-16 12:00:00,0.7745,0.7818,0.765,0.7679,14852314.0,11499799.2477
2022-04-16 16:00:00,0.7679,0.7751,0.7665,0.7735,7315685.0,5639210.1248
2022-04-16 20:00:00,0.7735,0.7842,0.7707,0.7801,5816323.0,4531580.3012
2022-04-17 00:00:00,0.7801,0.784,0.7701,0.7739,5392053.0,4182549.362
2022-04-17 04:00:00,0.7739,0.7805,0.7737,0.778,6488529.0,5049352.9036
2022-04-17 08:00:00,0.778,0.7856,0.775,0.7767,8081134.0,6301783.3785
2022-04-17 12:00:00,0.7767,0.785,0.775,0.7791,6620078.0,5155542.8434
2022-04-17 16:00:00,0.7791,0.7801,0.7567,0.7673,11089197.0,8523570.1853
2022-04-17 20:00:00,0.7673,0.7728,0.7472,0.7511,9334436.0,7088184.389
2022-04-18 00:00:00,0.7511,0.7603,0.7415,0.7571,13270553.0,9982821.9212
2022-04-18 04:00:00,0.7571,0.7579,0.7254,0.7333,20559964.0,15115265.444
2022-04-18 08:00:00,0.7333,0.7431,0.7323,0.7389,6302592.0,4647743.2136
2022-04-18 12:00:00,0.7389,0.7494,0.7385,0.7426,7005475.0,5219871.7295
2022-04-18 16:00:00,0.7426,0.7635,0.7357,0.7574,6845563.0,5156475.9473
2022-04-18 20:00:00,0.7574,0.769,0.756,0.769,6714782.0,5121504.1694
2022-04-19 00:00:00,0.769,0.7762,0.7665,0.7686,8701367.0,6702351.1257
2022-04-19 04:00:00,0.7686,0.7739,0.763,0.7645,5892655.0,4530955.2415
2022-04-19 08:00:00,0.7645,0.7715,0.7583,0.7634,8794109.0,6731697.8387
2022-04-19 12:00:00,0.7634,0.7819,0.763,0.7727,13060773.0,10084759.8806
2022-04-19 16:00:00,0.7727,0.7775,0.7669,0.7734,1761367.0,1359160.6869
2022-04-19 20:00:00,0.7734,0.7757,0.7676,0.7741,2637317.0,2036454.8646
2022-04-20 00:00:00,0.7741,0.7746,0.7607,0.768,5154470.0,3956447.5532
2022-04-20 04:00:00,0.768,0.7693,0.7608,0.7614,4107829.0,3147138.6309
2022-04-20 08:00:00,0.7614,0.7719,0.7602,0.7706,6798198.0,5207831.8184
2022-04-20 12:00:00,0.7706,0.7723,0.75,0.7542,13829619.0,10512208.2404
2022-04-20 16:00:00,0.7542,0.7558,0.741,0.7472,4090169.0,3064163.2742
2022-04-20 20:00:00,0.7472,0.7566,0.7453,0.751,3200400.0,2406364.7094
2022-04-21 00:00:00,0.751,0.7567,0.7505,0.7539,3131272.0,2360763.0413
2022-04-21 04:00:00,0.7539,0.7547,0.7424,0.7482,6355122.0,4754915.7424
2022-04-21 08:00:00,0.7482,0.7587,0.745,0.7551,8472409.0,6371365.9155
2022-04-21 12:00:00,0.7551,0.7657,0.754,0.7578,9353503.0,7101314.6199
2022-04-21 16:00:00,0.7578,0.769,0.7431,0.7485,6646117.0,5015208.6972
2022-04-21 20:00:00,0.7485,0.7491,0.7171,0.7318,8193196.0,5995296.2624
2022-04-22 00:00:00,0.7318,0.7349,0.7274,0.7312,3942459.0,2883233.6735
2022-04-22 04:00:00,0.7312,0.738,0.7249,0.7296,4554384.0,3332906.5514
2022-04-22 08:00:00,0.7296,0.7314,0.719,0.7263,4484350.0,3247145.6047
2022-04-22 12:00:00,0.7263,0.7275,0.7136,0.7171,5690269.0,4100021.9657
2022-04-22 16:00:00,0.7171,0.7375,0.7147,0.7253,5536139.0,4021755.8898
2022-04-22 20:00:00,0.7253,0.7304,0.715,0.7172,6407630.0,4612818.231
2022-04-23 00:00:00,0.7172,0.7265,0.7079,0.7119,10909963.0,7841974.9262
2022-04-23 04:00:00,0.7119,0.7147,0.7052,0.711,4461559.0,3170998.6394
2022-04-23 08:00:00,0.711,0.7125,0.7071,0.711,3189167.0,2265198.0456
2022-04-23 12:00:00,0.711,0.7143,0.7083,0.7118,2519209.0,1794507.1103
2022-04-23 16:00:00,0.7118,0.7159,0.7096,0.7109,1921780.0,1368616.493
2022-04-23 20:00:00,0.7109,0.7145,0.7005,0.7048,3056886.0,2161746.5473
2022-04-24 00:00:00,0.7048,0.7099,0.7043,0.7088,4629390.0,3275350.7361
2022-04-24 04:00:00,0.7088,0.7112,0.7082,0.7103,2711435.0,1924165.6321
2022-04-24 08:00:00,0.7103,0.7113,0.7031,0.7042,4595918.0,3251057.2846
2022-04-24 12:00:00,0.7042,0.7072,0.6955,0.705,7228511.0,5075167.6123
2022-04-24 16:00:00,0.705,0.7062,0.6935,0.7011,4389895.0,3074600.486
2022-04-24 20:00:00,0.7011,0.7039,0.6965,0.6978,2907438.0,2033716.8712
2022-04-25 00:00:00,0.6978,0.6995,0.667,0.6789,13015293.0,8858240.9148
2022-04-25 04:00:00,0.6789,0.6794,0.6436,0.6515,13612769.0,8997074.7309
2022-04-25 08:00:00,0.6515,0.6654,0.6454,0.6648,8060016.0,5272938.673
2022-04-25 12:00:00,0.6648,0.6729,0.6599,0.6676,7685572.0,5123425.1419
2022-04-25 16:00:00,0.6676,0.6875,0.6662,0.6868,4299875.0,2906000.2491
2022-04-25 20:00:00,0.6868,0.697,0.683,0.6925,6651751.0,4596986.7147
2022-04-26 00:00:00,0.6925,0.7056,0.688,0.6962,7238083.0,5040439.1878
2022-04-26 04:00:00,0.6962,0.6999,0.6791,0.6857,9057878.0,6246009.5725
2022-04-26 08:00:00,0.6857,0.6903,0.6737,0.6784,9019640.0,6148468.9679
2022-04-26 12:00:00,0.6784,0.6807,0.6506,0.6529,12379061.0,8225676.3142
2022-04-26 16:00:00,0.6529,0.6589,0.636,0.6452,8454580.0,5505726.9107
2022-04-26 20:00:00,0.6452,0.6534,0.6266,0.6415,6453913.0,4135400.8652
2022-04-27 00:00:00,0.6415,0.6512,0.6356,0.6492,5443538.0,3522436.2714
2022-04-27 04:00:00,0.6492,0.6614,0.6473,0.6605,6820180.0,4475217.6248
2022-04-27 08:00:00,0.6605,0.6622,0.6398,0.6462,14964723.0,9705835.6792
2022-04-27 12:00:00,0.6462,0.6592,0.6411,0.6467,10816246.0,7034699.5306
2022-04-27 16:00:00,0.6467,0.6548,0.6416,0.6455,3598234.0,2331559.8745
2022-04-27 20:00:00,0.6455,0.6523,0.6445,0.6518,3364141.0,2180920.1468
2022-04-28 00:00:00,0.6518,0.6563,0.6467,0.6474,5775233.0,3756145.2613
2022-04-28 04:00:00,0.6474,0.6543,0.646,0.6492,5578327.0,3617597.9617
2022-04-28 08:00:00,0.6492,0.6569,0.6463,0.6481,6799195.0,4421536.7891
2022-04-28 12:00:00,0.6481,0.6497,0.6321,0.6385,16742558.0,10749261.7942
2022-04-28 16:00:00,0.6385,0.6511,0.6359,0.6439,5729290.0,3694302.5032
2022-04-28 20:00:00,0.6439,0.6486,0.6402,0.6422,3775023.0,2428684.4934
2022-04-29 00:00:00,0.6422,0.646,0.6324,0.6364,8404489.0,5373999.333
2022-04-29 04:00:00,0.6364,0.6427,0.6343,0.6399,9164696.0,5865948.0425
2022-04-29 08:00:00,0.6399,0.6418,0.6113,0.6186,14625124.0,9171617.2847
2022-04-29 12:00:00,0.6186,0.6252,0.6163,0.62,7333446.0,4551560.2135
2022-04-29 16:00:00,0.62,0.6205,0.5987,0.6054,9954246.0,6064165.4906
2022-04-29 20:00:00,0.6054,0.6146,0.6044,0.6109,4893631.0,2983230.323
2022-04-30 00:00:00,0.6109,0.6209,0.6098,0.6193,5805367.0,3581959.4222
2022-04-30 04:00:00,0.6193,0.6284,0.6167,0.6225,8242614.0,5138867.4339
2022-04-30 08:00:00,0.6225,0.6243,0.616,0.6194,5051027.0,3130837.5653
2022-04-30 12:00:00,0.6194,0.6262,0.6083,0.6157,9481143.0,5844978.241
2022-04-30 16:00:00,0.6157,0.6179,0.6021,0.6111,5714782.0,3480188.1072
2022-04-30 20:00:00,0.6111,0.6132,0.5633,0.5838,17825517.0,10547196.8667
2022-05-01 00:00:00,0.5838,0.5935,0.5747,0.5908,12727888.0,7453764.2925
2022-05-01 04:00:00,0.5908,0.596,0.5843,0.5866,6810379.0,4020796.364
2022-05-01 08:00:00,0.5866,0.5927,0.5864,0.5888,3757390.0,2216855.0017
2022-05-01 12:00:00,0.5888,0.6059,0.5879,0.6038,5962246.0,3545249.6474
2022-05-01 16:00:00,0.6038,0.612,0.5927,0.5972,5385190.0,3251949.8368
2022-05-01 20:00:00,0.5972,0.6094,0.5954,0.6065,4478139.0,2703056.2563
2022-05-02 00:00:00,0.6065,0.6233,0.6044,0.618,12273595.0,7557548.2308
2022-05-02 04:00:00,0.618,0.6309,0.6161,0.6232,21039418.0,13133990.0172
2022-05-02 08:00:00,0.6232,0.6273,0.6067,0.6091,20463245.0,12631207.8456
2022-05-02 12:00:00,0.6091,0.6166,0.6028,0.6081,17994268.0,10991931.9931
2022-05-02 16:00:00,0.6081,0.613,0.5978,0.6077,6018436.0,3637380.9686
2022-05-02 20:00:00,0.6077,0.6236,0.6054,0.614,6328985.0,3886804.3115
2022-05-03 00:00:00,0.614,0.6276,0.6136,0.6231,11735779.0,7280975.0363
2022-05-03 04:00:00,0.6231,0.6245,0.6127,0.6193,10135761.0,6268255.4409
2022-05-03 08:00:00,0.6193,0.6211,0.6132,0.6201,10737502.0,6628029.5077
2022-05-03 12:00:00,0.6201,0.6209,0.6131,0.6154,10441843.0,6441845.2432
2022-05-03 16:00:00,0.6154,0.6174,0.596,0.5979,7507490.0,4550043.1892
2022-05-03 20:00:00,0.5979,0.6059,0.5955,0.6042,4259417.0,2567184.4705
2022-05-04 00:00:00,0.6042,0.618,0.6033,0.6149,18672437.0,11446579.1162
2022-05-04 04:00:00,0.6149,0.6167,0.6052,0.614,14313790.0,8739707.2494
2022-05-04 08:00:00,0.614,0.6216,0.6127,0.6192,10615460.0,6548410.2042
2022-05-04 12:00:00,0.6192,0.621,0.6083,0.6127,12797845.0,7866626.6494
2022-05-04 16:00:00,0.6127,0.648,0.6114,0.6386,29845001.0,18636128.939
2022-05-04 20:00:00,0.6386,0.6499,0.6382,0.6455,6044258.0,3893217.0575
2022-05-05 00:00:00,0.6455,0.6568,0.645,0.6485,11907726.0,7744499.7694
2022-05-05 04:00:00,0.6485,0.6543,0.6409,0.6424,9583065.0,6177419.9776
2022-05-05 08:00:00,0.6424,0.643,0.6335,0.6355,11240280.0,7171387.5786
2022-05-05 12:00:00,0.6355,0.638,0.5902,0.6002,37853033.0,23186177.0202
2022-05-05 16:00:00,0.6002,0.6045,0.5784,0.5934,15859758.0,9408284.8233
2022-05-05 20:00:00,0.5934,0.6014,0.5886,0.5975,9455370.0,5622873.1022
2022-05-06 00:00:00,0.5975,0.616,0.5937,0.6091,33143055.0,20115082.7694
2022-05-06 04:00:00,0.6091,0.6107,0.5926,0.6008,22472399.0,13552876.9471
2022-05-06 08:00:00,0.6008,0.6091,0.5922,0.5966,21672133.0,13018746.721
2022-05-06 12:00:00,0.5966,0.6052,0.5869,0.5959,22860330.0,13646615.9951
2022-05-06 16:00:00,0.5959,0.6001,0.5899,0.596,6841606.0,4073275.9061
2022-05-06 20:00:00,0.596,0.605,0.5944,0.6017,8634659.0,5183080.483
2022-05-07 00:00:00,0.6017,0.604,0.5931,0.5945,8671483.0,5186746.1656
2022-05-07 04:00:00,0.5945,0.599,0.5916,0.5963,10275071.0,6118518.7129
2022-05-07 08:00:00,0.5963,0.6015,0.5955,0.5979,11074452.0,6630968.0015
2022-05-07 12:00:00,0.5979,0.5985,0.593,0.5943,7765493.0,4625266.1788
2022-05-07 16:00:00,0.5943,0.5974,0.5906,0.5922,4005670.0,2376542.5624
2022-05-07 20:00:00,0.5922,0.5931,0.5682,0.5803,19948019.0,11600201.6423
2022-05-08 00:00:00,0.5803,0.5827,0.5662,0.574,19203058.0,11040546.6674
2022-05-08 04:00:00,0.574,0.5769,0.563,0.5718,17555934.0,10035106.7004
2022-05-08 08:00:00,0.5716,0.5768,0.5689,0.5745,8700756.0,4983647.6951
2022-05-08 12:00:00,0.5745,0.5754,0.5664,0.5684,10443324.0,5955501.4855
2022-05-08 16:00:00,0.5684,0.5747,0.5546,0.5734,8220921.0,4653193.1171
2022-05-08 20:00:00,0.5734,0.5744,0.5633,0.5656,9688403.0,5512131.4665
2022-05-09 00:00:00,0.5656,0.5802,0.5573,0.5638,18958475.0,10763244.9803
2022-05-09 04:00:00,0.5638,0.5695,0.5506,0.5516,16199052.0,9083739.3472
2022-05-09 08:00:00,0.5516,0.5531,0.5252,0.536,24216252.0,13070917.6347
2022-05-09 12:00:00,0.536,0.5473,0.5191,0.5259,17216238.0,9157987.7017
2022-05-09 16:00:00,0.5259,0.5306,0.4691,0.4885,18748775.0,9465833.7232
2022-05-09 20:00:00,0.4885,0.5127,0.4846,0.487,10970809.0,5497039.9993
2022-05-10 00:00:00,0.487,0.5084,0.4722,0.4981,22038121.0,10908436.132
2022-05-10 04:00:00,0.4981,0.5341,0.4969,0.5164,21500402.0,11120581.2773
2022-05-10 08:00:00,0.5164,0.5283,0.514,0.5233,15050353.0,7823293.4707
2022-05-10 12:00:00,0.5233,0.5362,0.5055,0.5164,20420736.0,10702059.1803
2022-05-10 16:00:00,0.5164,0.5249,0.5086,0.5189,3808164.0,1970074.2377
2022-05-10 20:00:00,0.5189,0.5211,0.4917,0.5128,7508758.0,3799453.5927
2022-05-11 00:00:00,0.5128,0.5221,0.5062,0.514,5667959.0,2916406.4185
2022-05-11 04:00:00,0.514,0.5234,0.4886,0.4995,17627592.0,8947344.6232
2022-05-11 08:00:00,0.4995,0.5179,0.4897,0.4907,15828597.0,7990346.7215
2022-05-11 12:00:00,0.4907,0.5032,0.4003,0.4451,41673844.0,18926836.9573
2022-05-11 16:00:00,0.4451,0.447,0.4058,0.4118,10600793.0,4524108.2138
2022-05-11 20:00:00,0.4118,0.422,0.364,0.4157,21904065.0,8797110.8989
2022-05-12 00:00:00,0.4157,0.4288,0.3795,0.3801,22908652.0,9250411.0186
2022-05-12 04:00:00,0.3801,0.3884,0.3353,0.3774,29233985.0,10684749.5159
2022-05-12 08:00:00,0.3768,0.392,0.3645,0.3766,21090219.0,7969251.2383
2022-05-12 12:00:00,0.3766,0.3965,0.3653,0.3846,19040058.0,7182238.0812
2022-05-12 16:00:00,0.3846,0.4007,0.3762,0.3881,9862001.0,3827486.6296
2022-05-12 20:00:00,0.3881,0.3934,0.3692,0.3849,12427778.0,4707560.4651
2022-05-13 00:00:00,0.3849,0.4492,0.3806,0.4445,28262055.0,11742046.2062
2022-05-13 04:00:00,0.4445,0.4651,0.4315,0.4319,27083233.0,12111476.5894
2022-05-13 08:00:00,0.4319,0.4567,0.4319,0.4543,13657881.0,6073296.3094
2022-05-13 12:00:00,0.4543,0.4552,0.4321,0.4334,17065581.0,7618313.8881
2022-05-13 16:00:00,0.4334,0.4401,0.4179,0.426,13869329.0,5937685.5824
2022-05-13 20:00:00,0.426,0.4408,0.4201,0.4226,6671999.0,2861620.0333
2022-05-14 00:00:00,0.4226,0.4405,0.4197,0.4348,12419196.0,5389566.0273
2022-05-14 04:00:00,0.4348,0.4349,0.4224,0.4277,12096097.0,5192510.2144
2022-05-14 08:00:00,0.4277,0.4336,0.4028,0.4091,19812267.0,8262662.9885
2022-05-14 12:00:00,0.4091,0.412,0.3953,0.4016,16948080.0,6818642.3421
2022-05-14 16:00:00,0.4016,0.4223,0.3987,0.4121,11965457.0,4946263.6035
2022-05-14 20:00:00,0.4121,0.43,0.4109,0.4257,9250933.0,3881553.0319
2022-05-15 00:00:00,0.4257,0.4302,0.4144,0.4189,7702796.0,3245600.0473
2022-05-15 04:00:00,0.4189,0.4262,0.4142,0.42,8403971.0,3537758.0574
2022-05-15 08:00:00,0.42,0.4299,0.4166,0.4294,8658877.0,3657700.5036
2022-05-15 12:00:00,0.4294,0.4341,0.4201,0.4253,18537296.0,7932985.9121
2022-05-15 16:00:00,0.4253,0.4316,0.4224,0.4314,5230063.0,2230267.1106
2022-05-15 20:00:00,0.4314,0.4498,0.4306,0.4477,9240357.0,4095732.9576
2022-05-16 00:00:00,0.4477,0.4477,0.4301,0.4329,11032798.0,4844443.2505
2022-05-16 04:00:00,0.4329,0.4333,0.4081,0.4153,11573316.0,4865986.2002
2022-05-16 08:00:00,0.4153,0.4231,0.4114,0.4186,8616254.0,3601155.1168
2022-05-16 12:00:00,0.4186,0.4242,0.4113,0.4158,15893235.0,6627556.22
2022-05-16 16:00:00,0.4158,0.4423,0.4117,0.4225,10004752.0,4194499.0015
2022-05-16 20:00:00,0.4225,0.4307,0.4184,0.4224,7770158.0,3305498.211
2022-05-17 00:00:00,0.4224,0.4367,0.4217,0.4341,11493590.0,4940893.0958
2022-05-17 04:00:00,0.4341,0.4373,0.4272,0.4275,11025682.0,4785545.0437
2022-05-17 08:00:00,0.4275,0.433,0.427,0.4303,6681426.0,2875073.523
2022-05-17 12:00:00,0.4303,0.4386,0.4212,0.426,18315454.0,7906288.6583
2022-05-17 16:00:00,0.426,0.4328,0.4163,0.4297,7616224.0,3241957.5961
2022-05-17 20:00:00,0.4297,0.4398,0.4285,0.4372,9042118.0,3934590.1541
2022-05-18 00:00:00,0.4372,0.4423,0.4259,0.4277,12359381.0,5367250.7104
2022-05-18 04:00:00,0.4277,0.4304,0.4234,0.4266,10927159.0,4663120.3148
2022-05-18 08:00:00,0.4266,0.4294,0.424,0.4263,6434168.0,2746270.2569
2022-05-18 12:00:00,0.4263,0.427,0.4034,0.4074,18083684.0,7496000.0358
2022-05-18 16:00:00,0.4074,0.4168,0.4041,0.4153,5447634.0,2234487.8522
2022-05-18 20:00:00,0.4153,0.4168,0.4033,0.4048,5376964.0,2207942.2973
2022-05-19 00:00:00,0.4048,0.4129,0.3896,0.4089,16849015.0,6804118.3561
2022-05-19 04:00:00,0.4089,0.4118,0.3995,0.4045,13990918.0,5682027.8455
2022-05-19 08:00:00,0.4045,0.4102,0.3978,0.4097,15246532.0,6141378.0739
2022-05-19 12:00:00,0.4097,0.4236,0.406,0.4214,21560534.0,8907835.8514
2022-05-19 16:00:00,0.4214,0.4222,0.416,0.4163,10660362.0,4458431.4157
2022-05-19 20:00:00,0.4163,0.4213,0.4134,0.4201,5428134.0,2266971.8686
2022-05-20 00:00:00,0.4201,0.4341,0.4168,0.431,11313091.0,4821718.1928
2022-05-20 04:00:00,0.431,0.4408,0.427,0.4285,28514113.0,12323745.3596
2022-05-20 08:00:00,0.4285,0.4323,0.4244,0.4276,13147039.0,5634199.6853
2022-05-20 12:00:00,0.4276,0.4286,0.4082,0.4098,20903723.0,8740055.9211
2022-05-20 16:00:00,0.4098,0.4112,0.4012,0.4108,12742530.0,5173246.5377
2022-05-20 20:00:00,0.4108,0.4147,0.4086,0.4095,8138781.0,3349397.4999
2022-05-21 00:00:00,0.4095,0.4121,0.4022,0.4112,11831798.0,4828855.8421
2022-05-21 04:00:00,0.4112,0.4148,0.4078,0.4121,9859877.0,4053648.25
2022-05-21 08:00:00,0.4121,0.414,0.4087,0.4103,7296194.0,2997366.2141
2022-05-21 12:00:00,0.4103,0.4162,0.409,0.4153,9084168.0,3741783.1554
2022-05-21 16:00:00,0.4153,0.4181,0.4134,0.4151,3973749.0,1652861.0611
2022-05-21 20:00:00,0.4151,0.4163,0.4111,0.414,2921832.0,1209214.3079
2022-05-22 00:00:00,0.414,0.4155,0.4109,0.4124,4637497.0,1917312.8429
2022-05-22 04:00:00,0.4124,0.4141,0.4095,0.4134,5991368.0,2467084.6982
2022-05-22 08:00:00,0.4134,0.4223,0.4122,0.4177,14154817.0,5907724.1025
2022-05-22 12:00:00,0.4177,0.421,0.4138,0.4168,10309466.0,4308704.6856
2022-05-22 16:00:00,0.4168,0.4195,0.4146,0.417,3374545.0,1407473.592
2022-05-22 20:00:00,0.417,0.425,0.4166,0.4212,4348852.0,1833617.4975
2022-05-23 00:00:00,0.4212,0.4245,0.4171,0.4194,8227254.0,3462114.4285
2022-05-23 04:00:00,0.4194,0.427,0.4191,0.4242,7266581.0,3066873.5578
2022-05-23 08:00:00,0.4242,0.4267,0.4201,0.4247,9299469.0,3938359.1238
2022-05-23 12:00:00,0.4247,0.4281,0.4211,0.4257,14619570.0,6204290.201
2022-05-23 16:00:00,0.4257,0.4284,0.4064,0.4079,16828929.0,7003481.0383
2022-05-23 20:00:00,0.4079,0.4151,0.3993,0.4046,15160244.0,6174103.6742
2022-05-24 00:00:00,0.4046,0.4117,0.4024,0.411,9425356.0,3844885.2434
2022-05-24 04:00:00,0.411,0.4132,0.4051,0.4101,10537825.0,4315582.5008
2022-05-24 08:00:00,0.4101,0.4111,0.403,0.4054,12690970.0,5156624.916
2022-05-24 12:00:00,0.4054,0.4073,0.3895,0.404,24572853.0,9800011.0456
2022-05-24 16:00:00,0.404,0.4069,0.3983,0.4045,10949011.0,4411819.7225
2022-05-24 20:00:00,0.4045,0.4115,0.402,0.4081,7619102.0,3106223.2377
2022-05-25 00:00:00,0.4081,0.4129,0.4059,0.4103,12368447.0,5061409.8485
2022-05-25 04:00:00,0.4103,0.4112,0.4051,0.4057,8560809.0,3493708.3843
2022-05-25 08:00:00,0.4057,0.4068,0.3945,0.3965,14711595.0,5894292.6112
2022-05-25 12:00:00,0.3965,0.4137,0.3956,0.4015,11812887.0,4768364.737
2022-05-25 16:00:00,0.4015,0.4075,0.3994,0.4042,6522359.0,2633036.1763
2022-05-25 20:00:00,0.4042,0.4086,0.4035,0.4056,5292856.0,2151628.9664
2022-05-26 00:00:00,0.4056,0.4104,0.405,0.4077,9064409.0,3694957.7394
2022-05-26 04:00:00,0.4077,0.409,0.3961,0.3975,18074429.0,7242121.8026
2022-05-26 08:00:00,0.3975,0.3975,0.3823,0.3879,24988321.0,9705144.6434
2022-05-26 12:00:00,0.3879,0.3957,0.375,0.3939,22719843.0,8798663.2133
2022-05-26 16:00:00,0.3939,0.4014,0.3898,0.3911,12798193.0,5048420.4163
2022-05-26 20:00:00,0.3911,0.399,0.3902,0.3925,8201885.0,3243050.9287
2022-05-27 00:00:00,0.3925,0.401,0.3851,0.3983,19534142.0,7670701.7964
2022-05-27 04:00:00,0.3983,0.4027,0.3903,0.3957,28908554.0,11406566.3347
2022-05-27 08:00:00,0.3957,0.3971,0.387,0.3905,12486993.0,4901773.844
2022-05-27 12:00:00,0.3905,0.3969,0.3833,0.3879,8674275.0,3390277.6414
2022-05-27 16:00:00,0.3879,0.389,0.3757,0.3821,6647922.0,2539381.8391
2022-05-27 20:00:00,0.3821,0.3865,0.379,0.3815,3671020.0,1406916.531
2022-05-28 00:00:00,0.3815,0.3869,0.3801,0.3849,9780849.0,3753270.1637
2022-05-28 04:00:00,0.3849,0.3886,0.3837,0.3855,6934294.0,2674241.0512
2022-05-28 08:00:00,0.3855,0.3863,0.3818,0.383,8294315.0,3186265.6457
2022-05-28 12:00:00,0.383,0.3872,0.3823,0.3866,7151384.0,2754649.1337
2022-05-28 16:00:00,0.3866,0.3871,0.3826,0.3859,5515340.0,2122515.4261
2022-05-28 20:00:00,0.3859,0.3877,0.3802,0.386,6247831.0,2399138.8776
2022-05-29 00:00:00,0.386,0.3867,0.3785,0.3823,15331630.0,5847757.984
2022-05-29 04:00:00,0.3823,0.3838,0.3811,0.3833,5444001.0,2081988.023
2022-05-29 08:00:00,0.3833,0.3861,0.3819,0.3856,9806839.0,3766753.6883
2022-05-29 12:00:00,0.3856,0.3901,0.3854,0.3861,9330014.0,3619294.7366
2022-05-29 16:00:00,0.3861,0.3882,0.3843,0.3852,2599303.0,1002811.3303
2022-05-29 20:00:00,0.3852,0.3896,0.3849,0.3886,3489112.0,1353249.2735
2022-05-30 00:00:00,0.3886,0.4017,0.3861,0.3975,22054952.0,8733093.4984
2022-05-30 04:00:00,0.3975,0.4053,0.396,0.4002,13299745.0,5332557.1172
2022-05-30 08:00:00,0.4002,0.4004,0.3962,0.3995,9885169.0,3939252.9128
2022-05-30 12:00:00,0.3995,0.4021,0.3945,0.3993,10599747.0,4220699.915
2022-05-30 16:00:00,0.3993,0.4034,0.3978,0.4005,2747962.0,1100154.9921
2022-05-30 20:00:00,0.4005,0.4193,0.3996,0.4183,12086552.0,4986925.8497
2022-05-31 00:00:00,0.4183,0.4238,0.4147,0.4183,15182712.0,6349729.2215
2022-05-31 04:00:00,0.4183,0.4342,0.414,0.4177,19575399.0,8254051.4972
2022-05-31 08:00:00,0.4177,0.423,0.4142,0.4214,12451917.0,5211785.5825
2022-05-31 12:00:00,0.4214,0.423,0.406,0.4162,19229468.0,7965392.0794
2022-05-31 16:00:00,0.4162,0.4182,0.4112,0.414,8539391.0,3543012.15
2022-05-31 20:00:00,0.414,0.425,0.414,0.421,9585493.0,4038152.418
2022-06-01 00:00:00,0.421,0.4261,0.4162,0.4168,9369485.0,3941194.0286
2022-06-01 04:00:00,0.4168,0.4219,0.4131,0.4137,9338351.0,3903047.114
2022-06-01 08:00:00,0.4137,0.4186,0.4127,0.4156,12979454.0,5395461.1818
2022-06-01 12:00:00,0.4156,0.4217,0.4064,0.4073,13947906.0,5783321.3203
2022-06-01 16:00:00,0.4073,0.4075,0.3983,0.4021,4930113.0,1985793.7924
2022-06-01 20:00:00,0.4021,0.4021,0.388,0.3974,8943141.0,3526939.8259
2022-06-02 00:00:00,0.3974,0.3992,0.3926,0.3935,8962666.0,3546703.2089
2022-06-02 04:00:00,0.3935,0.4,0.3901,0.3936,13057144.0,5149102.0325
2022-06-02 08:00:00,0.3936,0.3995,0.3925,0.3992,6055741.0,2397659.4897
2022-06-02 12:00:00,0.3992,0.4009,0.3916,0.3993,11940091.0,4730442.7072
2022-06-02 16:00:00,0.3993,0.4005,0.3947,0.3976,6531532.0,2601223.163
2022-06-02 20:00:00,0.3976,0.407,0.3972,0.4048,8534737.0,3445595.1561
2022-06-03 00:00:00,0.4048,0.4099,0.4032,0.4083,8965610.0,3653622.0001
2022-06-03 04:00:00,0.4083,0.4093,0.4031,0.4034,7405427.0,3005823.1433
2022-06-03 08:00:00,0.4034,0.4041,0.3906,0.3928,14758586.0,5868364.5625
2022-06-03 12:00:00,0.3928,0.3949,0.385,0.3872,11381285.0,4433553.476
2022-06-03 16:00:00,0.3872,0.3878,0.3835,0.3859,5008727.0,1930863.7565
2022-06-03 20:00:00,0.3859,0.3932,0.3852,0.3898,5862602.0,2288210.2119
2022-06-04 00:00:00,0.3898,0.3909,0.3832,0.386,9190237.0,3551264.0458
2022-06-04 04:00:00,0.386,0.3915,0.3856,0.3909,8721311.0,3396459.3327
2022-06-04 08:00:00,0.3909,0.3924,0.3886,0.3892,4915637.0,1919598.8866
2022-06-04 12:00:00,0.3892,0.3928,0.3864,0.3909,8284699.0,3220426.7023
2022-06-04 16:00:00,0.3909,0.3913,0.388,0.3897,2272847.0,886227.2882
2022-06-04 20:00:00,0.3897,0.3937,0.389,0.3922,4277333.0,1675739.8941
2022-06-05 00:00:00,0.3922,0.3942,0.3889,0.3911,8650472.0,3383690.8069
2022-06-05 04:00:00,0.3911,0.392,0.3899,0.3907,2768225.0,1082141.0343
2022-06-05 08:00:00,0.3907,0.3968,0.3906,0.3936,9102159.0,3581557.3298
2022-06-05 12:00:00,0.3936,0.3955,0.3901,0.3948,4616308.0,1814709.193
2022-06-05 16:00:00,0.3948,0.399,0.3934,0.3988,4020865.0,1592520.2595
2022-06-05 20:00:00,0.3988,0.3992,0.3943,0.3951,3645758.0,1444185.9555
2022-06-06 00:00:00,0.3951,0.4042,0.3938,0.4029,9989990.0,4004661.8472
2022-06-06 04:00:00,0.4029,0.4047,0.3991,0.4027,13741280.0,5526487.9583
2022-06-06 08:00:00,0.4027,0.4088,0.4026,0.4039,13090634.0,5312617.4216
2022-06-06 12:00:00,0.4039,0.4059,0.3982,0.4014,14323934.0,5760861.4944
2022-06-06 16:00:00,0.4014,0.4014,0.395,0.3995,6651708.0,2640278.853
2022-06-06 20:00:00,0.3995,0.4038,0.3966,0.4023,5748712.0,2308690.094
2022-06-07 00:00:00,0.4023,0.4024,0.3838,0.3882,21873543.0,8524965.3475
2022-06-07 04:00:00,0.3882,0.3925,0.3877,0.3897,7556727.0,2947518.9703
2022-06-07 08:00:00,0.3897,0.3925,0.3872,0.389,6559068.0,2554444.921
2022-06-07 12:00:00,0.389,0.3952,0.3875,0.3943,6544851.0,2566306.0602
2022-06-07 16:00:00,0.3943,0.4154,0.3923,0.4137,13874153.0,5600573.1551
2022-06-07 20:00:00,0.4137,0.4168,0.401,0.407,20496595.0,8387317.463
2022-06-08 00:00:00,0.407,0.41,0.3956,0.3965,14143724.0,5691327.5198
2022-06-08 04:00:00,0.3965,0.4013,0.3943,0.3983,10776804.0,4293604.5516
2022-06-08 08:00:00,0.3983,0.4014,0.3974,0.3985,4199406.0,1675569.6307
2022-06-08 12:00:00,0.3985,0.404,0.3952,0.4021,7091433.0,2832139.2764
2022-06-08 16:00:00,0.4021,0.4033,0.3964,0.3998,2681794.0,1072235.7959
2022-06-08 20:00:00,0.3998,0.4033,0.399,0.4,4369447.0,1754631.7159
2022-06-09 00:00:00,0.4,0.4017,0.3967,0.4009,7752791.0,3095806.6444
2022-06-09 04:00:00,0.4009,0.4027,0.3998,0.4017,4197913.0,1685527.4918
2022-06-09 08:00:00,0.4017,0.4037,0.4,0.4007,2814067.0,1131922.5798
2022-06-09 12:00:00,0.4007,0.4014,0.3961,0.4003,7015499.0,2798030.5086
2022-06-09 16:00:00,0.4003,0.4023,0.3982,0.3989,3851481.0,1542996.9523
2022-06-09 20:00:00,0.3989,0.4012,0.3976,0.3997,3673340.0,1466108.3977
2022-06-10 00:00:00,0.3997,0.4029,0.3926,0.4027,9375704.0,3735949.951
2022-06-10 04:00:00,0.4027,0.4116,0.4019,0.4049,13980975.0,5686170.4124
2022-06-10 08:00:00,0.4049,0.4081,0.3987,0.4007,12152223.0,4891469.8104
2022-06-10 12:00:00,0.4007,0.4016,0.3864,0.387,23452125.0,9178078.234
2022-06-10 16:00:00,0.387,0.3874,0.3752,0.3811,11132670.0,4238664.5211
2022-06-10 20:00:00,0.3811,0.3856,0.3794,0.381,5609605.0,2148570.4767
2022-06-11 00:00:00,0.381,0.3848,0.3804,0.3844,4305607.0,1649919.7127
2022-06-11 04:00:00,0.3844,0.3883,0.3837,0.3876,7025564.0,2709592.7432
2022-06-11 08:00:00,0.3876,0.3878,0.3732,0.3757,13125684.0,4989386.7134
2022-06-11 12:00:00,0.3757,0.3774,0.3562,0.36,15917153.0,5848981.0497
2022-06-11 16:00:00,0.36,0.3688,0.3574,0.3659,9032756.0,3265289.1372
2022-06-11 20:00:00,0.3659,0.3667,0.3551,0.3589,5118557.0,1846426.9953
2022-06-12 00:00:00,0.3589,0.3617,0.3393,0.3444,17251385.0,6022589.8361
2022-06-12 04:00:00,0.3444,0.3489,0.3402,0.3481,12018567.0,4136596.6752
2022-06-12 08:00:00,0.3481,0.3536,0.3447,0.3492,9770441.0,3408575.027
2022-06-12 12:00:00,0.3492,0.3647,0.3395,0.36,12468536.0,4407021.6521
2022-06-12 16:00:00,0.36,0.3627,0.3521,0.3522,4709790.0,1691420.1958
2022-06-12 20:00:00,0.3522,0.3586,0.3424,0.3429,5064528.0,1776194.6368
2022-06-13 00:00:00,0.3429,0.3501,0.3241,0.3308,19292763.0,6465813.5629
2022-06-13 04:00:00,0.3308,0.3375,0.3123,0.3196,18790397.0,6095535.2724
2022-06-13 08:00:00,0.3196,0.3246,0.3029,0.3099,22458678.0,7011946.0767
2022-06-13 12:00:00,0.3099,0.3179,0.3008,0.3137,17906203.0,5550076.193
2022-06-13 16:00:00,0.3137,0.3228,0.3111,0.3188,6259841.0,1982798.2151
2022-06-13 20:00:00,0.3188,0.3287,0.3046,0.3115,8702850.0,2738085.2446
2022-06-14 00:00:00,0.3115,0.3158,0.293,0.3138,28334292.0,8621918.7199
2022-06-14 04:00:00,0.3138,0.3265,0.3087,0.3197,12972769.0,4116977.2362
2022-06-14 08:00:00,0.3197,0.3202,0.3081,0.3112,6535909.0,2049315.3581
2022-06-14 12:00:00,0.3112,0.3221,0.3084,0.3214,11558974.0,3640915.8741
2022-06-14 16:00:00,0.3214,0.3225,0.3141,0.3192,7156018.0,2273240.1464
2022-06-14 20:00:00,0.3192,0.3225,0.3096,0.3209,5598013.0,1767075.3263
2022-06-15 00:00:00,0.3209,0.3239,0.3125,0.313,13715584.0,4363042.1078
2022-06-15 04:00:00,0.313,0.3133,0.3002,0.3044,12557430.0,3839796.094
2022-06-15 08:00:00,0.3044,0.3118,0.2996,0.3093,15162414.0,4611188.9996
2022-06-15 12:00:00,0.3093,0.3161,0.3072,0.3117,8226764.0,2563139.2237
2022-06-15 16:00:00,0.3117,0.3312,0.2972,0.3229,12175072.0,3784588.5461
2022-06-15 20:00:00,0.3229,0.3466,0.3212,0.3433,9135667.0,3073458.0255
2022-06-16 00:00:00,0.3433,0.3471,0.3339,0.3346,9271065.0,3143630.7739
2022-06-16 04:00:00,0.3346,0.3381,0.323,0.3236,10395868.0,3440912.3414
2022-06-16 08:00:00,0.3236,0.3274,0.3124,0.3147,14705550.0,4688355.7312
2022-06-16 12:00:00,0.3147,0.3214,0.3096,0.3164,10788540.0,3401480.2418
2022-06-16 16:00:00,0.3164,0.3197,0.3125,0.3146,2442748.0,773128.7555
2022-06-16 20:00:00,0.3146,0.3223,0.3065,0.3127,5748684.0,1804950.1035
2022-06-17 00:00:00,0.3127,0.3303,0.3102,0.3235,13516707.0,4371808.0525
2022-06-17 04:00:00,0.3235,0.3384,0.3226,0.3357,13012200.0,4316907.2309
2022-06-17 08:00:00,0.3357,0.3397,0.3245,0.325,16401606.0,5418552.0177
2022-06-17 12:00:00,0.325,0.3278,0.319,0.3211,13045534.0,4212845.9903
2022-06-17 16:00:00,0.3211,0.3227,0.316,0.3174,3286531.0,1048517.5979
2022-06-17 20:00:00,0.3174,0.3234,0.317,0.321,2804416.0,898941.0464
2022-06-18 00:00:00,0.321,0.3264,0.3162,0.3195,10608735.0,3401837.2803
2022-06-18 04:00:00,0.3195,0.3213,0.3046,0.3086,9259412.0,2893596.9024
2022-06-18 08:00:00,0.3086,0.3099,0.3,0.3052,14376962.0,4392042.7401
2022-06-18 12:00:00,0.3052,0.3094,0.3037,0.3053,4865148.0,1488394.1653
2022-06-18 16:00:00,0.3053,0.3084,0.2939,0.2952,10751723.0,3236962.1109
2022-06-18 20:00:00,0.2952,0.3142,0.2864,0.307,9171310.0,2765099.9632
2022-06-19 00:00:00,0.307,0.3108,0.2998,0.3006,6146969.0,1868149.4962
2022-06-19 04:00:00,0.3006,0.3069,0.2978,0.3029,7285166.0,2202157.802
2022-06-19 08:00:00,0.3029,0.3178,0.3018,0.313,8202855.0,2550027.3031
2022-06-19 12:00:00,0.313,0.3184,0.3101,0.3176,5224808.0,1638472.773
2022-06-19 16:00:00,0.3176,0.3235,0.3138,0.3202,3949650.0,1254202.301
2022-06-19 20:00:00,0.3202,0.333,0.32,0.3258,7740689.0,2523938.8228
2022-06-20 00:00:00,0.3258,0.328,0.3156,0.3178,7041113.0,2255544.84
2022-06-20 04:00:00,0.3178,0.3191,0.3131,0.3175,5051948.0,1598354.5041
2022-06-20 08:00:00,0.3175,0.3285,0.3164,0.3264,6501501.0,2100421.4035
2022-06-20 12:00:00,0.3264,0.3279,0.3186,0.3252,5623851.0,1815520.9424
2022-06-20 16:00:00,0.3252,0.3258,0.3156,0.3185,2768493.0,882559.2568
2022-06-20 20:00:00,0.3185,0.325,0.3171,0.3224,2337643.0,750219.8965
2022-06-21 00:00:00,0.3224,0.3265,0.3184,0.3237,2897370.0,934354.2358
2022-06-21 04:00:00,0.3237,0.3296,0.3214,0.3259,6337837.0,2067947.616
2022-06-21 08:00:00,0.3259,0.3315,0.3251,0.326,5487998.0,1801972.2626
2022-06-21 12:00:00,0.326,0.3369,0.3256,0.3323,5535354.0,1832951.6768
2022-06-21 16:00:00,0.3323,0.3349,0.3268,0.3273,2394577.0,794612.555
2022-06-21 20:00:00,0.3273,0.3319,0.326,0.3289,2842759.0,932747.8489
2022-06-22 00:00:00,0.3289,0.3293,0.3211,0.3212,6396997.0,2067876.1327
2022-06-22 04:00:00,0.3212,0.3254,0.3185,0.3192,5246307.0,1686564.8966
2022-06-22 08:00:00,0.3192,0.3245,0.3188,0.3233,5308831.0,1704292.771
2022-06-22 12:00:00,0.3233,0.3276,0.3192,0.3218,6861040.0,2219483.3806
2022-06-22 16:00:00,0.3218,0.3243,0.3189,0.3233,1434124.0,461253.726
2022-06-22 20:00:00,0.3233,0.3259,0.3195,0.322,1470946.0,474836.4553
2022-06-23 00:00:00,0.322,0.3299,0.321,0.3236,4928720.0,1603162.7976
2022-06-23 04:00:00,0.3236,0.3295,0.3232,0.3259,2899818.0,946952.2022
2022-06-23 08:00:00,0.3259,0.3292,0.3257,0.3279,2561922.0,839351.3645
2022-06-23 12:00:00,0.3279,0.3304,0.3238,0.3248,4303147.0,1407097.6903
2022-06-23 16:00:00,0.3248,0.333,0.3237,0.3327,2331158.0,760908.8992
2022-06-23 20:00:00,0.3327,0.3365,0.3306,0.3354,2043663.0,682489.0938
2022-06-24 00:00:00,0.3354,0.377,0.3346,0.3674,40640155.0,14758438.406
2022-06-24 04:00:00,0.3674,0.376,0.3633,0.3713,20659352.0,7608147.9738
2022-06-24 08:00:00,0.3713,0.387,0.3684,0.3715,32777838.0,12352952.5599
2022-06-24 12:00:00,0.3715,0.3748,0.36,0.3609,15172714.0,5579956.388
2022-06-24 16:00:00,0.3609,0.363,0.3522,0.3626,7640147.0,2732613.7811
2022-06-24 20:00:00,0.3626,0.371,0.3612,0.3668,6346299.0,2328053.8122
2022-06-25 00:00:00,0.3668,0.3737,0.3622,0.3684,7946120.0,2923342.4252
2022-06-25 04:00:00,0.3684,0.3724,0.3661,0.3714,4797312.0,1771513.0897
2022-06-25 08:00:00,0.3714,0.3721,0.3667,0.3674,4747775.0,1753783.203
2022-06-25 12:00:00,0.3674,0.3686,0.3538,0.3541,12099754.0,4367354.0057
2022-06-25 16:00:00,0.3541,0.3616,0.354,0.3604,3898969.0,1395643.8495
2022-06-25 20:00:00,0.3604,0.3689,0.3595,0.3673,3339572.0,1218891.9377
2022-06-26 00:00:00,0.3673,0.3694,0.3625,0.3655,3462510.0,1265507.3692
2022-06-26 04:00:00,0.3655,0.3707,0.3637,0.3674,7378171.0,2713097.0151
2022-06-26 08:00:00,0.3674,0.3725,0.3633,0.3714,5997880.0,2202662.2906
2022-06-26 12:00:00,0.3714,0.3749,0.3589,0.3655,7604921.0,2790818.5639
2022-06-26 16:00:00,0.3655,0.3673,0.3596,0.3644,3319158.0,1206672.3691
2022-06-26 20:00:00,0.3644,0.3684,0.357,0.3587,3832907.0,1382822.0724
2022-06-27 00:00:00,0.3587,0.3667,0.3582,0.3642,5774087.0,2100288.4587
2022-06-27 04:00:00,0.3642,0.3654,0.3591,0.362,7324398.0,2649680.196
2022-06-27 08:00:00,0.362,0.3651,0.3616,0.3621,4939847.0,1795084.1257
2022-06-27 12:00:00,0.3621,0.3632,0.347,0.3527,11027049.0,3924984.2622
2022-06-27 16:00:00,0.3527,0.3568,0.3486,0.352,2029097.0,715668.7924
2022-06-27 20:00:00,0.352,0.3593,0.3505,0.3533,2239971.0,792671.434
2022-06-28 00:00:00,0.3533,0.3552,0.34,0.3439,6509178.0,2254029.0195
2022-06-28 04:00:00,0.3439,0.3504,0.3428,0.3494,3131068.0,1085948.1893
2022-06-28 08:00:00,0.3494,0.354,0.3458,0.348,5528092.0,1935463.2339
2022-06-28 12:00:00,0.348,0.3518,0.3405,0.3411,4567611.0,1584255.6333
2022-06-28 16:00:00,0.3411,0.3434,0.3375,0.3424,2564500.0,874278.6966
2022-06-28 20:00:00,0.3424,0.3436,0.3348,0.3371,4944903.0,1679397.283
2022-06-29 00:00:00,0.3371,0.3412,0.3334,0.3354,6427052.0,2165837.6778
2022-06-29 04:00:00,0.3354,0.3368,0.3264,0.3312,8714838.0,2889421.8355
2022-06-29 08:00:00,0.3312,0.3325,0.3245,0.327,7346942.0,2420724.7213
2022-06-29 12:00:00,0.327,0.3288,0.3203,0.326,5932533.0,1930694.81
2022-06-29 16:00:00,0.326,0.3325,0.3223,0.3325,1693190.0,553634.1974
2022-06-29 20:00:00,0.3325,0.334,0.3266,0.3292,4057776.0,1343344.6093
2022-06-30 00:00:00,0.3292,0.3302,0.3214,0.3256,6057284.0,1972962.4881
2022-06-30 04:00:00,0.3256,0.3269,0.3149,0.3177,9549369.0,3076763.3989
2022-06-30 08:00:00,0.3177,0.3178,0.3059,0.3098,12674024.0,3936835.3704
2022-06-30 12:00:00,0.3098,0.3147,0.3056,0.3122,9248492.0,2867563.4234
2022-06-30 16:00:00,0.3122,0.3324,0.3114,0.326,8365525.0,2685025.5146
2022-06-30 20:00:00,0.326,0.3329,0.3157,0.3319,11522393.0,3710257.8022
2022-07-01 00:00:00,0.3319,0.3362,0.3213,0.3215,9086679.0,2991925.3401
2022-07-01 04:00:00,0.3215,0.3219,0.3096,0.318,8975161.0,2836382.9168
2022-07-01 08:00:00,0.318,0.3212,0.3108,0.3133,6537493.0,2055557.4591
2022-07-01 12:00:00,0.3133,0.3166,0.3106,0.3113,4524710.0,1417439.071
2022-07-01 16:00:00,0.3113,0.3143,0.3105,0.3141,4035685.0,1259689.1377
2022-07-01 20:00:00,0.3141,0.3192,0.312,0.3133,7690171.0,2417688.6475
2022-07-02 00:00:00,0.3133,0.3154,0.3091,0.3106,2814947.0,879156.8515
2022-07-02 04:00:00,0.3106,0.3137,0.3104,0.3116,1789203.0,559101.8619
2022-07-02 08:00:00,0.3116,0.3127,0.3087,0.3113,2777762.0,863340.4208
2022-07-02 12:00:00,0.3113,0.3154,0.3106,0.3127,3131093.0,980353.4679
2022-07-02 16:00:00,0.3127,0.3172,0.3117,0.3154,4556565.0,1435490.6401
2022-07-02 20:00:00,0.3154,0.3178,0.3139,0.3154,1535750.0,484508.1263
2022-07-03 00:00:00,0.3154,0.3159,0.3123,0.3153,3031559.0,951768.4925
2022-07-03 04:00:00,0.3153,0.3162,0.3084,0.3122,4142437.0,1296757.6189
2022-07-03 08:00:00,0.3122,0.3128,0.3102,0.312,1408068.0,438948.0037
2022-07-03 12:00:00,0.312,0.3128,0.3092,0.3122,3197682.0,996121.2329
2022-07-03 16:00:00,0.3122,0.3244,0.3121,0.3232,5879147.0,1855858.8613
2022-07-03 20:00:00,0.3232,0.3254,0.3181,0.3213,4775608.0,1542540.32
2022-07-04 00:00:00,0.3213,0.3243,0.316,0.3172,5744639.0,1841806.5493
2022-07-04 04:00:00,0.3172,0.3204,0.3145,0.3167,5333564.0,1691287.4901
2022-07-04 08:00:00,0.3167,0.3236,0.3146,0.3227,6277406.0,1996218.8742
2022-07-04 12:00:00,0.3227,0.3277,0.3193,0.3232,5846895.0,1885255.8204
2022-07-04 16:00:00,0.3232,0.3258,0.3209,0.3239,2067478.0,668312.3663
2022-07-04 20:00:00,0.3239,0.3294,0.3219,0.3283,2357754.0,769584.6044
2022-07-05 00:00:00,0.3283,0.3307,0.3245,0.3261,4954530.0,1623007.5834
2022-07-05 04:00:00,0.3261,0.3289,0.3248,0.3259,3292544.0,1076018.0093
2022-07-05 08:00:00,0.3259,0.3261,0.3165,0.317,8022165.0,2574934.9321
2022-07-05 12:00:00,0.317,0.3176,0.3128,0.3159,5050145.0,1593812.9993
2022-07-05 16:00:00,0.3159,0.3266,0.3153,0.3245,3504383.0,1123540.4345
2022-07-05 20:00:00,0.3245,0.3273,0.3225,0.3246,5642926.0,1833567.346
2022-07-06 00:00:00,0.3246,0.3266,0.3196,0.3215,6224758.0,2010294.0665
2022-07-06 04:00:00,0.3215,0.3258,0.3209,0.3214,3981812.0,1283837.1661
2022-07-06 08:00:00,0.3214,0.3265,0.3207,0.3225,4672057.0,1511609.3149
2022-07-06 12:00:00,0.3225,0.3238,0.3204,0.3229,6689717.0,2155944.2651
2022-07-06 16:00:00,0.3229,0.328,0.322,0.327,3790538.0,1228615.647
2022-07-06 20:00:00,0.327,0.3335,0.3261,0.332,4248554.0,1404638.5735
2022-07-07 00:00:00,0.332,0.3346,0.3265,0.3291,4448959.0,1470048.5912
2022-07-07 04:00:00,0.3291,0.3317,0.3283,0.3317,3124521.0,1031934.3389
2022-07-07 08:00:00,0.3317,0.3323,0.3276,0.3289,4294849.0,1416746.6594
2022-07-07 12:00:00,0.3289,0.3356,0.3284,0.3337,4767910.0,1582567.3168
2022-07-07 16:00:00,0.3337,0.3421,0.3336,0.3413,6757201.0,2283966.3523
2022-07-07 20:00:00,0.3413,0.3448,0.3388,0.3416,10868183.0,3722636.0167
2022-07-08 00:00:00,0.3416,0.3588,0.3414,0.3545,12368598.0,4351025.2421
2022-07-08 04:00:00,0.3545,0.3557,0.3477,0.3541,12507318.0,4396444.2191
2022-07-08 08:00:00,0.3541,0.3563,0.3385,0.3405,16135656.0,5605262.9632
2022-07-08 12:00:00,0.3405,0.3456,0.3356,0.342,8971461.0,3052100.8865
2022-07-08 16:00:00,0.342,0.3448,0.3357,0.3442,3906061.0,1327198.5017
2022-07-08 20:00:00,0.3442,0.3471,0.3386,0.3399,3671107.0,1259450.3388
2022-07-09 00:00:00,0.3399,0.3441,0.3391,0.3425,3960305.0,1351221.4943
2022-07-09 04:00:00,0.3425,0.3447,0.3408,0.3442,2778878.0,953178.5994
2022-07-09 08:00:00,0.3442,0.3455,0.3388,0.3408,3289381.0,1129209.0808
2022-07-09 12:00:00,0.3408,0.3446,0.3401,0.3437,1991955.0,682773.7314
2022-07-09 16:00:00,0.3437,0.3474,0.3429,0.3462,1343404.0,463388.5024
2022-07-09 20:00:00,0.3462,0.3471,0.3435,0.3445,1755471.0,606468.372
2022-07-10 00:00:00,0.3445,0.3447,0.3355,0.3369,4697014.0,1597124.4626
2022-07-10 04:00:00,0.3369,0.3405,0.3356,0.3402,951677.0,322140.5578
2022-07-10 08:00:00,0.3402,0.3408,0.335,0.3374,2455562.0,830665.8048
2022-07-10 12:00:00,0.3374,0.3384,0.3194,0.3242,13312780.0,4341099.3531
2022-07-10 16:00:00,0.3242,0.3277,0.3201,0.3276,4966723.0,1611172.4352
2022-07-10 20:00:00,0.3276,0.3304,0.3218,0.3249,4242667.0,1377780.6533
2022-07-11 00:00:00,0.3249,0.3285,0.3226,0.3251,4828082.0,1570947.3482
2022-07-11 04:00:00,0.3251,0.3287,0.3168,0.3263,8957302.0,2885893.9072
2022-07-11 08:00:00,0.3263,0.328,0.3218,0.3251,5904237.0,1915529.132
2022-07-11 12:00:00,0.3251,0.3285,0.3209,0.3231,7622128.0,2469516.7331
2022-07-11 16:00:00,0.3231,0.3261,0.3218,0.3231,2445308.0,791871.8101
2022-07-11 20:00:00,0.3231,0.3244,0.3104,0.3146,8051558.0,2530175.539
2022-07-12 00:00:00,0.3146,0.3169,0.3123,0.3132,7249388.0,2281877.6049
2022-07-12 04:00:00,0.3132,0.3176,0.3078,0.3106,9424890.0,2954645.2674
2022-07-12 08:00:00,0.3106,0.3133,0.3083,0.3117,6101465.0,1895331.384
2022-07-12 12:00:00,0.3117,0.3141,0.3096,0.3133,6804515.0,2122860.4885
2022-07-12 16:00:00,0.3133,0.315,0.3073,0.3091,5268817.0,1637788.893
2022-07-12 20:00:00,0.3091,0.3126,0.3087,0.3114,9701761.0,3015451.2695
2022-07-13 00:00:00,0.3114,0.3138,0.3061,0.3114,10114856.0,3149058.6824
2022-07-13 04:00:00,0.3114,0.3208,0.3112,0.3206,10130636.0,3191668.1743
2022-07-13 08:00:00,0.3206,0.3212,0.3143,0.3169,9444722.0,2995147.022
2022-07-13 12:00:00,0.3169,0.3211,0.302,0.3111,19061144.0,5890996.465
2022-07-13 16:00:00,0.3111,0.3185,0.31,0.3173,7023041.0,2214628.269
2022-07-13 20:00:00,0.3173,0.3256,0.3154,0.3233,9495483.0,3053427.2597
2022-07-14 00:00:00,0.3233,0.3247,0.3182,0.3212,6622917.0,2130990.2143
2022-07-14 04:00:00,0.3212,0.323,0.318,0.3182,5285997.0,1691805.1453
2022-07-14 08:00:00,0.3182,0.3195,0.3125,0.3138,11049367.0,3486351.3649
2022-07-14 12:00:00,0.3138,0.321,0.3119,0.3207,18953359.0,5970879.6648
2022-07-14 16:00:00,0.3207,0.3298,0.3184,0.3269,9153227.0,2971574.2077
2022-07-14 20:00:00,0.3269,0.3338,0.3255,0.3335,6391757.0,2111255.9043
2022-07-15 00:00:00,0.3335,0.3486,0.3315,0.3442,21577338.0,7369058.9618
2022-07-15 04:00:00,0.3442,0.3461,0.3353,0.3386,8483379.0,2890278.4837
2022-07-15 08:00:00,0.3386,0.3435,0.334,0.3349,7856850.0,2671483.405
2022-07-15 12:00:00,0.3349,0.3376,0.329,0.3293,7394415.0,2470140.8824
2022-07-15 16:00:00,0.3293,0.3344,0.3272,0.3342,7903095.0,2604839.8889
2022-07-15 20:00:00,0.3342,0.3381,0.3309,0.3339,8011728.0,2685981.5262
2022-07-16 00:00:00,0.3339,0.3367,0.3309,0.3356,6183345.0,2065169.6769
2022-07-16 04:00:00,0.3356,0.3377,0.3317,0.333,6450896.0,2159260.5579
2022-07-16 08:00:00,0.333,0.3418,0.3326,0.3388,9188583.0,3109505.8147
2022-07-16 12:00:00,0.3388,0.3443,0.3388,0.3434,6508582.0,2224658.3751
2022-07-16 16:00:00,0.3434,0.356,0.3432,0.3508,11223744.0,3941815.3878
2022-07-16 20:00:00,0.3508,0.3539,0.3476,0.3501,4146353.0,1454703.7647
2022-07-17 00:00:00,0.3501,0.354,0.3472,0.3528,6935554.0,2432079.5982
2022-07-17 04:00:00,0.3528,0.3613,0.3522,0.355,12070784.0,4304780.2694
2022-07-17 08:00:00,0.355,0.3566,0.3479,0.3514,9040411.0,3182346.2748
2022-07-17 12:00:00,0.3514,0.3529,0.3453,0.3484,7428812.0,2587315.7221
2022-07-17 16:00:00,0.3484,0.3542,0.3404,0.3483,9773355.0,3407574.651
2022-07-17 20:00:00,0.3483,0.351,0.3418,0.343,4424514.0,1536415.9474
2022-07-18 00:00:00,0.343,0.3596,0.3426,0.3555,9566873.0,3386613.0813
2022-07-18 04:00:00,0.3555,0.3669,0.3531,0.3638,12916608.0,4677761.4562
2022-07-18 08:00:00,0.3638,0.3697,0.3608,0.3639,9886469.0,3610139.7977
2022-07-18 12:00:00,0.3639,0.3683,0.3589,0.3669,5419021.0,1965776.1808
2022-07-18 16:00:00,0.3669,0.3678,0.3521,0.3556,6245933.0,2238238.6935
2022-07-18 20:00:00,0.3556,0.3668,0.3542,0.3648,3112837.0,1119331.5118
2022-07-19 00:00:00,0.3648,0.3697,0.3545,0.3545,5391023.0,1947323.2203
2022-07-19 04:00:00,0.3545,0.3596,0.351,0.3531,7000487.0,2486967.646
2022-07-19 08:00:00,0.3531,0.3619,0.3525,0.3591,6594818.0,2360157.655
2022-07-19 12:00:00,0.3591,0.3658,0.3578,0.3635,8214051.0,2974305.6447
2022-07-19 16:00:00,0.3635,0.3731,0.3632,0.3693,7101132.0,2617359.5112
2022-07-19 20:00:00,0.3693,0.3762,0.3681,0.3723,6577572.0,2453150.8319
2022-07-20 00:00:00,0.3723,0.38,0.3674,0.3766,8439719.0,3150534.6166
2022-07-20 04:00:00,0.3766,0.3814,0.3727,0.373,11743273.0,4433353.9518
2022-07-20 08:00:00,0.373,0.3774,0.368,0.373,11772286.0,4392006.3148
2022-07-20 12:00:00,0.373,0.3772,0.3706,0.3765,6864774.0,2567171.2034
2022-07-20 16:00:00,0.3765,0.3778,0.3632,0.3688,5805152.0,2147661.74
2022-07-20 20:00:00,0.3688,0.3703,0.3569,0.363,6567115.0,2374353.7244
2022-07-21 00:00:00,0.363,0.3668,0.3516,0.3553,11462705.0,4104274.4015
2022-07-21 04:00:00,0.3553,0.3589,0.3519,0.3554,7095118.0,2523664.4133
2022-07-21 08:00:00,0.3554,0.359,0.3502,0.3525,4470088.0,1587640.1135
2022-07-21 12:00:00,0.3525,0.3561,0.3481,0.3525,5646117.0,1986495.0937
2022-07-21 16:00:00,0.3525,0.365,0.3522,0.3649,3719013.0,1335159.022
2022-07-21 20:00:00,0.3649,0.368,0.3622,0.3664,4206322.0,1535354.8768
2022-07-22 00:00:00,0.3664,0.3691,0.3611,0.363,6663886.0,2433471.4647
2022-07-22 04:00:00,0.363,0.367,0.3595,0.3624,6234476.0,2262847.9062
2022-07-22 08:00:00,0.3624,0.3695,0.3611,0.369,6073019.0,2228438.8361
2022-07-22 12:00:00,0.369,0.3712,0.3591,0.3602,4376003.0,1597278.8265
2022-07-22 16:00:00,0.3602,0.3625,0.3542,0.3552,6563472.0,2356882.8347
2022-07-22 20:00:00,0.3552,0.3605,0.3537,0.3575,4376956.0,1563522.213
2022-07-23 00:00:00,0.3575,0.3602,0.3552,0.3583,2216378.0,793076.4938
2022-07-23 04:00:00,0.3583,0.3625,0.3582,0.3593,2855710.0,1029585.2583
2022-07-23 08:00:00,0.3593,0.3619,0.3506,0.3512,4020599.0,1427767.8669
2022-07-23 12:00:00,0.3512,0.355,0.3496,0.3543,1876024.0,662412.7407
2022-07-23 16:00:00,0.3543,0.3557,0.3493,0.3535,1303429.0,458722.2421
2022-07-23 20:00:00,0.3535,0.3602,0.3531,0.3587,2173253.0,774921.4154
2022-07-24 00:00:00,0.3587,0.3634,0.3558,0.3565,5322811.0,1915687.8659
2022-07-24 04:00:00,0.3565,0.3633,0.3557,0.3609,4922873.0,1773984.5278
2022-07-24 08:00:00,0.3609,0.366,0.3591,0.363,4019870.0,1455760.4404
2022-07-24 12:00:00,0.363,0.3665,0.3585,0.3656,4650228.0,1690891.9133
2022-07-24 16:00:00,0.3656,0.3658,0.3602,0.361,2555725.0,925715.5669
2022-07-24 20:00:00,0.361,0.365,0.3572,0.3584,3367640.0,1215988.7638
2022-07-25 00:00:00,0.3584,0.3598,0.3446,0.3459,8385200.0,2933169.5734
2022-07-25 04:00:00,0.3459,0.3468,0.3418,0.3444,3123424.0,1075579.7992
2022-07-25 08:00:00,0.3444,0.3485,0.3435,0.3463,3019414.0,1046389.0841
2022-07-25 12:00:00,0.3463,0.3469,0.3411,0.345,6275884.0,2163396.0237
2022-07-25 16:00:00,0.345,0.3493,0.3382,0.3425,2819161.0,964602.125
2022-07-25 20:00:00,0.3425,0.3472,0.3345,0.3354,4018289.0,1371052.6407
2022-07-26 00:00:00,0.3354,0.337,0.3295,0.3338,8550195.0,2847692.6257
2022-07-26 04:00:00,0.3338,0.3361,0.3277,0.3287,7439993.0,2473885.9867
2022-07-26 08:00:00,0.3287,0.3332,0.3273,0.3309,6425621.0,2127683.7996
2022-07-26 12:00:00,0.3309,0.3329,0.3249,0.3259,6577818.0,2156644.6612
2022-07-26 16:00:00,0.3259,0.3304,0.3258,0.3295,1741740.0,571517.6498
2022-07-26 20:00:00,0.3295,0.338,0.3277,0.3368,2290558.0,763740.1752
2022-07-27 00:00:00,0.3368,0.339,0.3301,0.3305,4788630.0,1604410.7493
2022-07-27 04:00:00,0.3305,0.337,0.3305,0.3361,8862583.0,2968217.9276
2022-07-27 08:00:00,0.3361,0.3379,0.3334,0.334,3354841.0,1125352.3284
2022-07-27 12:00:00,0.334,0.3399,0.3335,0.3377,5186041.0,1752006.8967
2022-07-27 16:00:00,0.3377,0.3564,0.334,0.3531,13258293.0,4598510.8289
2022-07-27 20:00:00,0.3531,0.3594,0.3521,0.3592,5412531.0,1923603.7583
2022-07-28 00:00:00,0.3592,0.3619,0.3548,0.3586,5361741.0,1919811.3454
2022-07-28 04:00:00,0.3586,0.3596,0.3517,0.3524,3565539.0,1267520.7346
2022-07-28 08:00:00,0.3524,0.3572,0.3517,0.3568,2956611.0,1049021.6287
2022-07-28 12:00:00,0.3568,0.3678,0.3485,0.3642,12029697.0,4293686.8
2022-07-28 16:00:00,0.3642,0.3748,0.3637,0.3723,11289825.0,4174880.23
2022-07-28 20:00:00,0.3723,0.3792,0.3692,0.3732,7076747.0,2649374.9482
2022-07-29 00:00:00,0.3732,0.3763,0.3672,0.3753,6923156.0,2578122.9
2022-07-29 04:00:00,0.3753,0.3798,0.3688,0.3713,9151721.0,3433443.673
2022-07-29 08:00:00,0.3713,0.3765,0.3657,0.3674,7470632.0,2777867.8898
2022-07-29 12:00:00,0.3674,0.3727,0.3624,0.3683,7515640.0,2762599.6841
2022-07-29 16:00:00,0.3683,0.3685,0.3593,0.3667,5330535.0,1938827.3217
2022-07-29 20:00:00,0.3667,0.373,0.3651,0.3676,4101344.0,1517065.4161
2022-07-30 00:00:00,0.3676,0.3712,0.3643,0.3664,6756865.0,2482812.3179
2022-07-30 04:00:00,0.3664,0.3698,0.3627,0.3692,3340278.0,1225465.5947
2022-07-30 08:00:00,0.3692,0.3728,0.3662,0.3709,4564206.0,1688673.983
2022-07-30 12:00:00,0.3709,0.4056,0.3702,0.4013,67152266.0,26595423.3376
2022-07-30 16:00:00,0.4013,0.41,0.3915,0.3928,17057068.0,6864153.1153
2022-07-30 20:00:00,0.3928,0.3959,0.3845,0.3877,11517996.0,4482973.9175
2022-07-31 00:00:00,0.3877,0.3935,0.3861,0.3884,12138851.0,4732839.7408
2022-07-31 04:00:00,0.3884,0.3931,0.3861,0.3915,8702453.0,3383748.8335
2022-07-31 08:00:00,0.3915,0.3969,0.381,0.3905,8361692.0,3245003.1406
2022-07-31 12:00:00,0.3905,0.392,0.3862,0.3902,8953149.0,3485390.3661
2022-07-31 16:00:00,0.3902,0.3986,0.3844,0.3931,7570751.0,2956395.4723
2022-07-31 20:00:00,0.3931,0.3943,0.3779,0.3791,6782285.0,2609572.8774
2022-08-01 00:00:00,0.3791,0.3856,0.378,0.3813,7825877.0,2995173.2849
2022-08-01 04:00:00,0.3813,0.3837,0.3766,0.3805,5390392.0,2049148.924
2022-08-01 08:00:00,0.3805,0.3813,0.3727,0.3778,10158179.0,3836731.9676
2022-08-01 12:00:00,0.3778,0.3804,0.3703,0.379,11386808.0,4287605.2615
2022-08-01 16:00:00,0.379,0.3793,0.3707,0.375,6000708.0,2247259.7588
2022-08-01 20:00:00,0.375,0.3802,0.3739,0.3786,4744542.0,1792352.2241
2022-08-02 00:00:00,0.3786,0.394,0.3662,0.3706,23511295.0,8881093.6894
2022-08-02 04:00:00,0.3706,0.3729,0.3671,0.3703,7357202.0,2724263.4585
2022-08-02 08:00:00,0.3703,0.3724,0.3669,0.371,4985548.0,1840764.8384
2022-08-02 12:00:00,0.371,0.3733,0.3663,0.3727,13515214.0,4991924.5056
2022-08-02 16:00:00,0.3727,0.3786,0.3704,0.3721,8513008.0,3183797.748
2022-08-02 20:00:00,0.3721,0.3755,0.3698,0.3711,4120002.0,1536025.0883
2022-08-03 00:00:00,0.3711,0.3718,0.3628,0.3675,5836026.0,2136565.1594
2022-08-03 04:00:00,0.3675,0.3712,0.3651,0.369,3992892.0,1470449.1349
2022-08-03 08:00:00,0.369,0.3744,0.3689,0.3729,3999216.0,1487232.5371
2022-08-03 12:00:00,0.3729,0.3761,0.3703,0.3719,9313279.0,3470799.1796
2022-08-03 16:00:00,0.3719,0.3771,0.3712,0.3759,2973254.0,1112770.2811
2022-08-03 20:00:00,0.3759,0.3764,0.367,0.3692,4746739.0,1762531.3254
2022-08-04 00:00:00,0.3692,0.3741,0.3687,0.371,7600009.0,2826253.9684
2022-08-04 04:00:00,0.371,0.3745,0.3686,0.3711,6945342.0,2581493.8629
2022-08-04 08:00:00,0.3711,0.3715,0.3676,0.3691,4865839.0,1796430.053
2022-08-04 12:00:00,0.3691,0.3717,0.3642,0.3682,12605745.0,4633404.8345
2022-08-04 16:00:00,0.3682,0.3697,0.3637,0.3665,1766187.0,647757.1182
2022-08-04 20:00:00,0.3665,0.3712,0.3664,0.3706,4054742.0,1496386.5794
2022-08-05 00:00:00,0.3706,0.3755,0.3697,0.3754,3960280.0,1474129.5163
2022-08-05 04:00:00,0.3754,0.3782,0.3736,0.3739,9823588.0,3690067.0733
2022-08-05 08:00:00,0.3739,0.3774,0.3717,0.3772,8246789.0,3085667.8959
2022-08-05 12:00:00,0.3772,0.3781,0.3693,0.3699,13229118.0,4936575.959
2022-08-05 16:00:00,0.3699,0.3706,0.367,0.3695,5216248.0,1924013.1701
2022-08-05 20:00:00,0.3695,0.3767,0.3687,0.3761,5551029.0,2073889.2445
2022-08-06 00:00:00,0.3761,0.3775,0.3729,0.3738,2824530.0,1057496.8137
2022-08-06 04:00:00,0.3738,0.3749,0.3731,0.3746,2070932.0,774494.123
2022-08-06 08:00:00,0.3746,0.3756,0.3736,0.374,3439096.0,1287588.572
2022-08-06 12:00:00,0.374,0.3751,0.3732,0.3745,2454205.0,918288.2088
2022-08-06 16:00:00,0.3745,0.3754,0.3709,0.3735,2773943.0,1035825.161
2022-08-06 20:00:00,0.3735,0.3745,0.3698,0.371,5133629.0,1907290.8771
2022-08-07 00:00:00,0.371,0.3722,0.3677,0.3708,3882143.0,1434832.5914
2022-08-07 04:00:00,0.3708,0.3718,0.37,0.3715,1968683.0,730436.7508
2022-08-07 08:00:00,0.3715,0.3719,0.3703,0.3715,1313097.0,487364.2699
2022-08-07 12:00:00,0.3715,0.3751,0.3715,0.3724,3666200.0,1368582.8519
2022-08-07 16:00:00,0.3724,0.3753,0.3717,0.374,2163755.0,807794.1511
2022-08-07 20:00:00,0.374,0.3767,0.3704,0.3719,2607925.0,973215.6108
2022-08-08 00:00:00,0.3719,0.3741,0.3709,0.3731,2676633.0,997837.7004
2022-08-08 04:00:00,0.3731,0.3796,0.3727,0.3766,6552138.0,2466798.7465
2022-08-08 08:00:00,0.3766,0.3834,0.3765,0.382,9315612.0,3549882.3536
2022-08-08 12:00:00,0.382,0.3844,0.377,0.3791,12719964.0,4853156.5788
2022-08-08 16:00:00,0.3791,0.3811,0.3767,0.3802,5864522.0,2221811.7918
2022-08-08 20:00:00,0.3802,0.383,0.3713,0.3784,5326479.0,2011296.5687
2022-08-09 00:00:00,0.3784,0.3798,0.3742,0.3766,4200514.0,1579963.2728
2022-08-09 04:00:00,0.3766,0.3779,0.3746,0.3772,2123972.0,799536.588
2022-08-09 08:00:00,0.3772,0.3774,0.3674,0.3684,6830694.0,2539748.0852
2022-08-09 12:00:00,0.3684,0.3703,0.3598,0.3632,8824319.0,3215572.4078
2022-08-09 16:00:00,0.3632,0.3657,0.362,0.3654,2652026.0,964198.5721
2022-08-09 20:00:00,0.3654,0.3691,0.3652,0.3669,3556479.0,1307175.681
2022-08-10 00:00:00,0.3669,0.3672,0.3579,0.3606,7574376.0,2746269.819
2022-08-10 04:00:00,0.3606,0.3635,0.3584,0.3626,3359750.0,1210907.3218
2022-08-10 08:00:00,0.3626,0.3645,0.3617,0.3645,2850156.0,1034860.6062
2022-08-10 12:00:00,0.3645,0.3791,0.3636,0.3769,10103313.0,3787627.2582
2022-08-10 16:00:00,0.3769,0.3789,0.373,0.3754,3918124.0,1475435.8872
2022-08-10 20:00:00,0.3754,0.3812,0.3751,0.3811,6496280.0,2463800.584
2022-08-11 00:00:00,0.3811,0.3857,0.3788,0.381,7064778.0,2702594.1943
2022-08-11 04:00:00,0.381,0.3839,0.378,0.3797,7075322.0,2700680.4309
2022-08-11 08:00:00,0.3797,0.3812,0.3784,0.3803,4492948.0,1707117.9727
2022-08-11 12:00:00,0.3803,0.3851,0.3771,0.3781,12895374.0,4923854.741
2022-08-11 16:00:00,0.3781,0.3809,0.3765,0.3803,3758229.0,1424098.0749
2022-08-11 20:00:00,0.3803,0.3818,0.378,0.3798,2162172.0,820640.5995
2022-08-12 00:00:00,0.3798,0.3801,0.3743,0.3776,7063163.0,2659915.4802
2022-08-12 04:00:00,0.3776,0.3783,0.3747,0.3755,1940968.0,730573.6384
2022-08-12 08:00:00,0.3755,0.3787,0.3694,0.3709,5963502.0,2227262.6043
2022-08-12 12:00:00,0.3709,0.3735,0.3707,0.3732,3553285.0,1322553.5057
2022-08-12 16:00:00,0.3732,0.377,0.3716,0.3766,2614697.0,978086.4662
2022-08-12 20:00:00,0.3766,0.38,0.3749,0.3793,2335602.0,881761.5224
2022-08-13 00:00:00,0.3793,0.3824,0.3779,0.3816,6175927.0,2343763.9554
2022-08-13 04:00:00,0.3816,0.3873,0.3793,0.3805,12011461.0,4593178.4338
2022-08-13 08:00:00,0.3805,0.3818,0.3769,0.3793,5946921.0,2256753.3828
2022-08-13 12:00:00,0.3793,0.3815,0.3763,0.3804,4548727.0,1725481.7397
2022-08-13 16:00:00,0.3804,0.3812,0.377,0.3771,2318445.0,880117.2587
2022-08-13 20:00:00,0.3771,0.3792,0.376,0.3776,3329089.0,1258601.5112
2022-08-14 00:00:00,0.3776,0.3884,0.3763,0.3836,11330515.0,4333516.7807
2022-08-14 04:00:00,0.3836,0.388,0.3819,0.3861,7545671.0,2905900.3366
2022-08-14 08:00:00,0.3861,0.3919,0.3845,0.3849,15578449.0,6037660.9432
2022-08-14 12:00:00,0.3849,0.386,0.3789,0.3824,10011961.0,3821906.6799
2022-08-14 16:00:00,0.3824,0.3828,0.3735,0.3784,6349551.0,2400296.2571
2022-08-14 20:00:00,0.3784,0.3802,0.3735,0.3755,3298930.0,1243539.3146
2022-08-15 00:00:00,0.3755,0.3848,0.3736,0.3812,12112956.0,4609483.731
2022-08-15 04:00:00,0.3812,0.3828,0.3681,0.3695,10619676.0,3975455.4532
2022-08-15 08:00:00,0.3695,0.3714,0.365,0.3679,6064454.0,2232174.2226
2022-08-15 12:00:00,0.3679,0.3723,0.3657,0.3722,8189455.0,3028966.8603
2022-08-15 16:00:00,0.3722,0.3741,0.3698,0.3719,4454997.0,1657435.0155
2022-08-15 20:00:00,0.3719,0.3765,0.3702,0.3747,7146365.0,2671389.6156
2022-08-16 00:00:00,0.3747,0.3771,0.3652,0.3714,13671080.0,5084902.0714
2022-08-16 04:00:00,0.3714,0.3732,0.3685,0.3727,4094204.0,1517371.0106
2022-08-16 08:00:00,0.3727,0.3775,0.3717,0.3762,4770102.0,1790348.532
2022-08-16 12:00:00,0.3762,0.3773,0.3707,0.3728,5617538.0,2096836.0611
2022-08-16 16:00:00,0.3728,0.3762,0.3705,0.3744,8168027.0,3049801.2953
2022-08-16 20:00:00,0.3744,0.3779,0.3732,0.3764,4534559.0,1702890.669
2022-08-17 00:00:00,0.3764,0.392,0.3764,0.3866,33563715.0,12904849.0734
2022-08-17 04:00:00,0.3866,0.3913,0.3765,0.3768,22054404.0,8494583.6293
2022-08-17 08:00:00,0.3768,0.3788,0.3752,0.3769,7953476.0,3000027.8965
2022-08-17 12:00:00,0.3769,0.3774,0.3678,0.3725,16685441.0,6207377.8109
2022-08-17 16:00:00,0.3725,0.3776,0.3719,0.3772,3453510.0,1294634.2617
2022-08-17 20:00:00,0.3772,0.3826,0.374,0.3791,9752401.0,3698671.5199
2022-08-18 00:00:00,0.3791,0.3813,0.3722,0.3736,11393109.0,4301536.3342
2022-08-18 04:00:00,0.3736,0.3759,0.3716,0.3746,4707602.0,1758002.445
2022-08-18 08:00:00,0.3746,0.3786,0.3731,0.3784,6005634.0,2260101.2841
2022-08-18 12:00:00,0.3784,0.3796,0.3742,0.3762,4100108.0,1543601.1398
2022-08-18 16:00:00,0.3762,0.3788,0.3727,0.3774,4052334.0,1522451.491
2022-08-18 20:00:00,0.3774,0.3794,0.3687,0.37,7050426.0,2636808.1109
2022-08-19 00:00:00,0.37,0.3703,0.3591,0.3604,12048227.0,4371850.0818
2022-08-19 04:00:00,0.3604,0.3635,0.328,0.3446,17756499.0,6178265.8542
2022-08-19 08:00:00,0.3446,0.3447,0.3333,0.3381,15632237.0,5296367.4986
2022-08-19 12:00:00,0.3381,0.3391,0.3341,0.3355,5824926.0,1961070.7663
2022-08-19 16:00:00,0.3355,0.3414,0.3348,0.3406,4505616.0,1524888.7987
2022-08-19 20:00:00,0.3406,0.3419,0.3308,0.334,11390072.0,3831076.0713
2022-08-20 00:00:00,0.334,0.3405,0.334,0.3395,5341621.0,1805653.591
2022-08-20 04:00:00,0.3395,0.342,0.3382,0.3413,3821812.0,1300976.2637
2022-08-20 08:00:00,0.3413,0.3423,0.3386,0.3411,5597177.0,1904775.1708
2022-08-20 12:00:00,0.3411,0.3419,0.339,0.3408,4159863.0,1415607.8624
2022-08-20 16:00:00,0.3408,0.3419,0.3325,0.3354,7760135.0,2622603.5496
2022-08-20 20:00:00,0.3354,0.339,0.3317,0.3364,3016344.0,1013255.8306
2022-08-21 00:00:00,0.3364,0.3397,0.3351,0.3366,4277014.0,1441332.8571
2022-08-21 04:00:00,0.3366,0.3436,0.3359,0.3431,5145405.0,1747681.6815
2022-08-21 08:00:00,0.3431,0.3468,0.3407,0.3445,12193430.0,4191802.4009
2022-08-21 12:00:00,0.3445,0.3451,0.3416,0.3425,3095989.0,1062350.651
2022-08-21 16:00:00,0.3425,0.3458,0.3419,0.3436,1645030.0,564987.1476
2022-08-21 20:00:00,0.3436,0.348,0.3421,0.3445,4821512.0,1663110.4131
2022-08-22 00:00:00,0.3445,0.3447,0.3362,0.3368,6153682.0,2093696.1152
2022-08-22 04:00:00,0.3368,0.3413,0.3348,0.3351,4783057.0,1618535.4158
2022-08-22 08:00:00,0.3351,0.3362,0.331,0.3353,6368162.0,2124529.1249
2022-08-22 12:00:00,0.3353,0.338,0.3327,0.3372,4698137.0,1578031.7374
2022-08-22 16:00:00,0.3372,0.3383,0.3324,0.3347,2695522.0,903245.4966
2022-08-22 20:00:00,0.3347,0.3449,0.3346,0.3435,2784101.0,947776.0122
2022-08-23 00:00:00,0.3435,0.3444,0.3381,0.3384,3641528.0,1243221.2073
2022-08-23 04:00:00,0.3384,0.3397,0.3321,0.3371,6213181.0,2081946.7648
2022-08-23 08:00:00,0.3371,0.3409,0.3371,0.3406,3409797.0,1155800.5506
2022-08-23 12:00:00,0.3406,0.3445,0.3386,0.3423,5877436.0,2007527.999
2022-08-23 16:00:00,0.3423,0.3464,0.3398,0.3446,3582547.0,1229183.5519
2022-08-23 20:00:00,0.3446,0.3476,0.3436,0.3468,2738978.0,946465.5526
2022-08-24 00:00:00,0.3468,0.3473,0.3385,0.3393,5577763.0,1908855.2253
2022-08-24 04:00:00,0.3393,0.3442,0.3387,0.3404,2827762.0,964348.5183
2022-08-24 08:00:00,0.3404,0.3435,0.3402,0.3432,2994766.0,1024580.4221
2022-08-24 12:00:00,0.3432,0.3462,0.3418,0.3453,3540372.0,1216995.8018
2022-08-24 16:00:00,0.3453,0.3511,0.3442,0.3492,4244969.0,1473156.2351
2022-08-24 20:00:00,0.3492,0.3522,0.3448,0.3451,4119359.0,1434228.043
2022-08-25 00:00:00,0.3451,0.3498,0.3431,0.3449,8010915.0,2771014.9093
2022-08-25 04:00:00,0.3449,0.3506,0.3448,0.3468,9276720.0,3228443.384
2022-08-25 08:00:00,0.3468,0.3488,0.345,0.3481,3373925.0,1170867.6971
2022-08-25 12:00:00,0.3481,0.3494,0.3434,0.3449,5544845.0,1924492.8537
2022-08-25 16:00:00,0.3449,0.3488,0.3436,0.3486,3737596.0,1291397.0956
2022-08-25 20:00:00,0.3486,0.3518,0.3469,0.3485,3927720.0,1372555.1443
2022-08-26 00:00:00,0.3485,0.3487,0.3455,0.3471,3678184.0,1275024.614
2022-08-26 04:00:00,0.3471,0.3504,0.3455,0.3491,7921816.0,2755855.8282
2022-08-26 08:00:00,0.3491,0.3713,0.349,0.3533,57919477.0,20936703.9449
2022-08-26 12:00:00,0.3533,0.3599,0.339,0.34,27694297.0,9724047.2193
2022-08-26 16:00:00,0.34,0.3402,0.3322,0.3396,8970851.0,3011200.5773
2022-08-26 20:00:00,0.3396,0.3429,0.3329,0.339,10128007.0,3425748.1474
2022-08-27 00:00:00,0.339,0.3444,0.3314,0.3363,9786858.0,3284685.5452
2022-08-27 04:00:00,0.3363,0.3364,0.3278,0.3358,7329484.0,2438362.7379
2022-08-27 08:00:00,0.3358,0.3374,0.3333,0.3366,3505985.0,1174918.2108
2022-08-27 12:00:00,0.3366,0.3368,0.3302,0.3337,3593956.0,1201524.0309
2022-08-27 16:00:00,0.3337,0.3363,0.3317,0.3347,2936455.0,981023.7594
2022-08-27 20:00:00,0.3347,0.3365,0.3321,0.3344,2589097.0,865837.8792
2022-08-28 00:00:00,0.3344,0.3357,0.3322,0.3339,2795724.0,934336.5658
2022-08-28 04:00:00,0.3339,0.3345,0.3313,0.334,2858772.0,952579.9805
2022-08-28 08:00:00,0.334,0.3351,0.3326,0.335,2309692.0,771137.4672
2022-08-28 12:00:00,0.335,0.3357,0.3324,0.3337,3169428.0,1060233.4592
2022-08-28 16:00:00,0.3337,0.3368,0.3336,0.3341,1350408.0,452477.2223
2022-08-28 20:00:00,0.3341,0.3355,0.3208,0.3219,7933272.0,2604459.2058
2022-08-29 00:00:00,0.3219,0.3248,0.3181,0.3229,5362910.0,1722127.7173
2022-08-29 04:00:00,0.3229,0.3236,0.3192,0.3219,5544717.0,1782002.051
2022-08-29 08:00:00,0.3219,0.3238,0.3183,0.3226,11311516.0,3635071.3752
2022-08-29 12:00:00,0.3226,0.331,0.3223,0.3278,14123314.0,4612564.2966
2022-08-29 16:00:00,0.3278,0.3301,0.3264,0.329,2657682.0,872139.9952
2022-08-29 20:00:00,0.329,0.3338,0.3289,0.3335,5498603.0,1823971.8411
2022-08-30 00:00:00,0.3335,0.3337,0.328,0.3298,4350819.0,1438282.3779
2022-08-30 04:00:00,0.3298,0.3356,0.3292,0.332,12232488.0,4072963.1912
2022-08-30 08:00:00,0.332,0.333,0.3298,0.3305,3952427.0,1308647.5567
2022-08-30 12:00:00,0.3305,0.3312,0.3211,0.3235,5819514.0,1898994.0064
2022-08-30 16:00:00,0.3235,0.3279,0.3194,0.3257,3622652.0,1169491.9008
2022-08-30 20:00:00,0.3257,0.3301,0.3247,0.3264,1511155.0,494840.3548
2022-08-31 00:00:00,0.3264,0.3323,0.3263,0.3317,3699208.0,1222283.416
2022-08-31 04:00:00,0.3317,0.3333,0.3302,0.3303,4481064.0,1487388.8868
2022-08-31 08:00:00,0.3303,0.3336,0.3285,0.33,4232440.0,1400261.758
2022-08-31 12:00:00,0.33,0.3323,0.3228,0.3264,5282315.0,1734881.164
2022-08-31 16:00:00,0.3264,0.3302,0.3239,0.3293,3244330.0,1060708.7851
2022-08-31 20:00:00,0.3293,0.3309,0.3258,0.3273,1811028.0,594914.422
2022-09-01 00:00:00,0.3273,0.3288,0.322,0.3233,4339507.0,1410230.7588
2022-09-01 04:00:00,0.3233,0.3269,0.3233,0.3255,2860737.0,930683.04
2022-09-01 08:00:00,0.3255,0.3271,0.3235,0.3264,3767422.0,1225692.1741
2022-09-01 12:00:00,0.3264,0.3269,0.3212,0.3228,4676714.0,1514937.9044
2022-09-01 16:00:00,0.3228,0.3299,0.322,0.3296,4295967.0,1398723.9697
2022-09-01 20:00:00,0.3296,0.333,0.3292,0.3329,3472412.0,1152104.1184
2022-09-02 00:00:00,0.3329,0.3332,0.3279,0.3307,4117297.0,1359882.4434
2022-09-02 04:00:00,0.3307,0.3352,0.3305,0.3316,5549279.0,1848735.5646
2022-09-02 08:00:00,0.3316,0.3318,0.3274,0.3288,3068821.0,1012648.0102
2022-09-02 12:00:00,0.3288,0.3332,0.327,0.3304,10310158.0,3412505.2722
2022-09-02 16:00:00,0.3304,0.3313,0.325,0.3268,3867755.0,1266166.717
2022-09-02 20:00:00,0.3268,0.3315,0.3262,0.331,2248409.0,741605.2697
2022-09-03 00:00:00,0.331,0.334,0.3272,0.3281,3838302.0,1265576.6871
2022-09-03 04:00:00,0.3281,0.3311,0.3261,0.3279,3275229.0,1077217.8074
2022-09-03 08:00:00,0.3279,0.3287,0.327,0.3286,1408649.0,461775.0815
2022-09-03 12:00:00,0.3286,0.3302,0.3281,0.3292,1914232.0,629757.597
2022-09-03 16:00:00,0.3292,0.3311,0.3274,0.3283,2386125.0,787072.4235
2022-09-03 20:00:00,0.3283,0.3301,0.3279,0.3291,1026932.0,337739.4881
2022-09-04 00:00:00,0.3291,0.3309,0.3288,0.33,2513979.0,828962.0559
2022-09-04 04:00:00,0.33,0.3324,0.3282,0.3286,5226327.0,1725112.863
2022-09-04 08:00:00,0.3286,0.3309,0.3273,0.3309,3209150.0,1057495.5019
2022-09-04 12:00:00,0.3309,0.3323,0.3285,0.3295,3292199.0,1086779.4605
2022-09-04 16:00:00,0.3295,0.3317,0.3292,0.3304,1660254.0,548903.5055
2022-09-04 20:00:00,0.3304,0.332,0.3291,0.3313,2109834.0,698192.7106
2022-09-05 00:00:00,0.3313,0.333,0.3299,0.3302,3309461.0,1096345.7985
2022-09-05 04:00:00,0.3302,0.3309,0.3246,0.3253,8222457.0,2685881.7168
2022-09-05 08:00:00,0.3253,0.3264,0.3222,0.3241,7839494.0,2542574.1097
2022-09-05 12:00:00,0.3241,0.3287,0.3238,0.328,6294206.0,2050761.9691
2022-09-05 16:00:00,0.328,0.3303,0.327,0.3296,2848629.0,936199.0756
2022-09-05 20:00:00,0.3296,0.3336,0.3295,0.3326,4942727.0,1637809.3605
2022-09-06 00:00:00,0.3326,0.3427,0.3302,0.3339,20000511.0,6766025.3416
2022-09-06 04:00:00,0.3339,0.3371,0.332,0.3334,4168665.0,1394027.8922
2022-09-06 08:00:00,0.3334,0.3364,0.3317,0.3358,5868139.0,1960929.9232
2022-09-06 12:00:00,0.3358,0.3367,0.3304,0.3341,4702605.0,1569026.9549
2022-09-06 16:00:00,0.3341,0.3346,0.3215,0.3232,6537267.0,2128537.1966
2022-09-06 20:00:00,0.3232,0.3248,0.3168,0.3208,3910185.0,1255608.5058
2022-09-07 00:00:00,0.3208,0.3229,0.3114,0.318,7539427.0,2388286.1317
2022-09-07 04:00:00,0.318,0.3201,0.3152,0.32,3568263.0,1132329.6963
2022-09-07 08:00:00,0.32,0.3231,0.3191,0.3226,3245427.0,1042510.8849
2022-09-07 12:00:00,0.3226,0.3264,0.3213,0.3241,5999730.0,1941275.9408
2022-09-07 16:00:00,0.3241,0.3342,0.3239,0.3332,4569196.0,1503764.069
2022-09-07 20:00:00,0.3332,0.3384,0.3332,0.3366,8777332.0,2944570.3024
2022-09-08 00:00:00,0.3366,0.3373,0.3307,0.332,4951321.0,1648909.6518
2022-09-08 04:00:00,0.332,0.3358,0.3282,0.3308,4753445.0,1579939.4193
2022-09-08 08:00:00,0.3308,0.3336,0.3288,0.3323,3907987.0,1294507.4482
2022-09-08 12:00:00,0.3323,0.3352,0.3279,0.3329,10143302.0,3370709.4017
2022-09-08 16:00:00,0.3329,0.343,0.3298,0.3426,8005236.0,2696353.6931
2022-09-08 20:00:00,0.3426,0.343,0.338,0.3392,5559249.0,1892477.2654
2022-09-09 00:00:00,0.3392,0.346,0.339,0.3447,6839908.0,2338800.2303
2022-09-09 04:00:00,0.3447,0.3518,0.3437,0.3493,12080489.0,4216259.4513
2022-09-09 08:00:00,0.3493,0.3555,0.3489,0.3505,8912379.0,3135401.3079
2022-09-09 12:00:00,0.3505,0.3535,0.3466,0.3469,9791975.0,3420032.5576
2022-09-09 16:00:00,0.3469,0.3523,0.3444,0.3522,4291800.0,1488113.0793
2022-09-09 20:00:00,0.3522,0.3595,0.3481,0.3565,5820850.0,2056602.1116
2022-09-10 00:00:00,0.3565,0.3582,0.3518,0.3544,6047021.0,2151302.0181
2022-09-10 04:00:00,0.3544,0.3617,0.3513,0.3528,5065407.0,1802952.5928
2022-09-10 08:00:00,0.3528,0.3555,0.3521,0.3545,4173429.0,1478050.1925
2022-09-10 12:00:00,0.3545,0.3577,0.3529,0.3555,2824917.0,1003645.5876
2022-09-10 16:00:00,0.3555,0.3572,0.3522,0.3569,2583472.0,916554.1439
2022-09-10 20:00:00,0.3569,0.3598,0.3543,0.3571,2420693.0,866268.1252
2022-09-11 00:00:00,0.3571,0.3587,0.3546,0.3558,2855089.0,1018216.0203
2022-09-11 04:00:00,0.3558,0.3569,0.3511,0.356,8314829.0,2933987.6724
2022-09-11 08:00:00,0.356,0.3563,0.3543,0.3549,3349052.0,1189296.6382
2022-09-11 12:00:00,0.3549,0.3564,0.3537,0.3553,5067606.0,1798642.3459
2022-09-11 16:00:00,0.3553,0.3578,0.3544,0.3551,1989847.0,708037.2144
2022-09-11 20:00:00,0.3551,0.3605,0.3485,0.355,9798336.0,3474748.1124
2022-09-12 00:00:00,0.355,0.3579,0.3478,0.3496,5873910.0,2073885.7101
2022-09-12 04:00:00,0.3496,0.3533,0.3495,0.3527,2745128.0,965228.2539
2022-09-12 08:00:00,0.3527,0.3574,0.3521,0.3546,8210894.0,2917208.6255
2022-09-12 12:00:00,0.3546,0.3575,0.3512,0.3526,3167513.0,1123399.4046
2022-09-12 16:00:00,0.3526,0.357,0.3489,0.3566,2753759.0,971490.6446
2022-09-12 20:00:00,0.3566,0.3601,0.3555,0.3598,5071584.0,1815090.2373
2022-09-13 00:00:00,0.3598,0.3603,0.3511,0.3531,7545648.0,2686092.8064
2022-09-13 04:00:00,0.3531,0.3574,0.3524,0.3569,3871736.0,1374770.1385
2022-09-13 08:00:00,0.3569,0.3574,0.3532,0.3566,4462181.0,1583553.2633
2022-09-13 12:00:00,0.3566,0.3574,0.3376,0.339,18181032.0,6251093.2964
2022-09-13 16:00:00,0.339,0.3408,0.3333,0.3366,5052025.0,1701065.597
2022-09-13 20:00:00,0.3366,0.3389,0.3303,0.332,5614407.0,1876552.6067
2022-09-14 00:00:00,0.332,0.3352,0.3308,0.335,3869933.0,1290785.5198
2022-09-14 04:00:00,0.335,0.3374,0.333,0.3355,5161677.0,1735033.9694
2022-09-14 08:00:00,0.3355,0.3377,0.3335,0.3347,4752529.0,1596632.4333
2022-09-14 12:00:00,0.3347,0.338,0.3335,0.3362,4343569.0,1459888.5862
2022-09-14 16:00:00,0.3362,0.3422,0.3326,0.3401,4705119.0,1583434.555
2022-09-14 20:00:00,0.3401,0.3437,0.3389,0.341,4259863.0,1455782.1772
2022-09-15 00:00:00,0.341,0.3418,0.3317,0.3352,4075807.0,1372479.9646
2022-09-15 04:00:00,0.3352,0.3424,0.3335,0.3405,8692018.0,2936235.3618
2022-09-15 08:00:00,0.3405,0.3405,0.3342,0.335,6200323.0,2089263.9087
2022-09-15 12:00:00,0.335,0.3356,0.3244,0.3251,10302237.0,3400693.5877
2022-09-15 16:00:00,0.3251,0.3298,0.3249,0.3292,2100280.0,686127.1096
2022-09-15 20:00:00,0.3292,0.33,0.3237,0.3259,2648819.0,865864.2239
2022-09-16 00:00:00,0.3259,0.3275,0.3207,0.3265,4112684.0,1332538.8004
2022-09-16 04:00:00,0.3265,0.3287,0.3235,0.3257,5189333.0,1693220.5646
2022-09-16 08:00:00,0.3257,0.3306,0.3223,0.3297,7681385.0,2512555.2847
2022-09-16 12:00:00,0.3297,0.3343,0.3267,0.3342,6671023.0,2203015.6697
2022-09-16 16:00:00,0.3342,0.3417,0.3299,0.3407,9448653.0,3182644.6753
2022-09-16 20:00:00,0.3407,0.3579,0.3407,0.3549,18174879.0,6377665.4655
2022-09-17 00:00:00,0.3549,0.3552,0.3484,0.3499,15305446.0,5382192.4561
2022-09-17 04:00:00,0.3499,0.351,0.3461,0.3475,9210707.0,3212262.3392
2022-09-17 08:00:00,0.3475,0.3563,0.3472,0.3524,13964034.0,4920026.1544
2022-09-17 12:00:00,0.3524,0.3791,0.3513,0.3707,76820186.0,28406155.3771
2022-09-17 16:00:00,0.3707,0.381,0.3705,0.3726,30177767.0,11306674.907
2022-09-17 20:00:00,0.3726,0.3784,0.3704,0.376,15723249.0,5886315.8451
2022-09-18 00:00:00,0.376,0.3764,0.3652,0.3684,21704835.0,8025834.9821
2022-09-18 04:00:00,0.3684,0.3908,0.3664,0.3864,42456452.0,16141876.0668
2022-09-18 08:00:00,0.3864,0.394,0.3748,0.3774,67558023.0,25898744.998
2022-09-18 12:00:00,0.3774,0.3853,0.3739,0.381,41066124.0,15596832.3069
2022-09-18 16:00:00,0.381,0.3976,0.3751,0.3961,45031427.0,17496119.9767
2022-09-18 20:00:00,0.3961,0.3975,0.3556,0.3577,69838587.0,25890810.2169
2022-09-19 00:00:00,0.3577,0.3649,0.3397,0.3445,59802582.0,21086870.9226
2022-09-19 04:00:00,0.3445,0.358,0.3423,0.3494,37348664.0,13041399.0828
2022-09-19 08:00:00,0.3494,0.3536,0.3426,0.3504,25992678.0,9056356.6777
2022-09-19 12:00:00,0.3504,0.3596,0.3484,0.355,23757004.0,8422615.7742
2022-09-19 16:00:00,0.355,0.3914,0.3538,0.3897,35778621.0,13407143.8043
2022-09-19 20:00:00,0.3897,0.3935,0.3767,0.3844,31113989.0,11952086.6253
2022-09-20 00:00:00,0.3844,0.3899,0.3702,0.3727,32282537.0,12215588.1519
2022-09-20 04:00:00,0.3727,0.3819,0.3725,0.3776,28331929.0,10695551.1977
2022-09-20 08:00:00,0.3776,0.3828,0.3745,0.3816,23034730.0,8722687.6938
2022-09-20 12:00:00,0.3816,0.4224,0.3738,0.4197,118653059.0,47405366.4487
2022-09-20 16:00:00,0.4197,0.4249,0.4016,0.41,64043112.0,26352056.2439
2022-09-20 20:00:00,0.41,0.4202,0.4044,0.4136,48668214.0,20073077.4761
2022-09-21 00:00:00,0.4136,0.4154,0.4032,0.4042,39231746.0,16043095.8674
2022-09-21 04:00:00,0.4042,0.4129,0.3897,0.4019,55081924.0,22097305.8854
2022-09-21 08:00:00,0.4019,0.4078,0.3953,0.4051,38125960.0,15315674.1611
2022-09-21 12:00:00,0.4051,0.4069,0.3913,0.3939,37320987.0,14929600.9143
2022-09-21 16:00:00,0.3939,0.4338,0.3814,0.4071,84765159.0,34636286.8487
2022-09-21 20:00:00,0.4071,0.412,0.3847,0.3931,28633050.0,11339552.6159
2022-09-22 00:00:00,0.3931,0.4047,0.393,0.4017,27984537.0,11213695.0159
2022-09-22 04:00:00,0.4017,0.4257,0.4017,0.4231,62082264.0,25962226.1562
2022-09-22 08:00:00,0.4231,0.4361,0.4215,0.4322,75564056.0,32306251.223
2022-09-22 12:00:00,0.4322,0.45,0.4287,0.4339,160675056.0,70772190.2176
2022-09-22 16:00:00,0.4339,0.4999,0.4291,0.483,112180194.0,51642477.0178
2022-09-22 20:00:00,0.483,0.4947,0.4753,0.486,100544964.0,48714459.1754
2022-09-23 00:00:00,0.486,0.5471,0.4766,0.538,209987948.0,106884264.3703
2022-09-23 04:00:00,0.538,0.5589,0.516,0.5179,222980776.0,119737593.2561
2022-09-23 08:00:00,0.5179,0.522,0.4786,0.4877,236444687.0,118120322.6385
2022-09-23 12:00:00,0.4877,0.4988,0.473,0.4889,141110216.0,68674519.2826
2022-09-23 16:00:00,0.4889,0.4922,0.4562,0.4712,89034550.0,41842062.5432
2022-09-23 20:00:00,0.4712,0.5281,0.4693,0.5062,152226314.0,76824284.7339
2022-09-24 00:00:00,0.5062,0.5137,0.4956,0.501,108075637.0,54434279.4563
2022-09-24 04:00:00,0.501,0.5188,0.488,0.4921,107550486.0,54071409.6602
2022-09-24 08:00:00,0.4921,0.498,0.484,0.4936,66735306.0,32844944.3968
2022-09-24 12:00:00,0.4936,0.499,0.4711,0.478,105782175.0,51148797.5898
2022-09-24 16:00:00,0.478,0.5062,0.4761,0.4975,100942626.0,49551757.3676
2022-09-24 20:00:00,0.4975,0.5078,0.4816,0.4875,50845196.0,25049833.5202
2022-09-25 00:00:00,0.4875,0.4903,0.4753,0.4854,56419286.0,27224197.4273
2022-09-25 04:00:00,0.4854,0.4926,0.4813,0.4909,60718173.0,29554487.5162
2022-09-25 08:00:00,0.4909,0.5036,0.483,0.4997,80531903.0,39510539.857
2022-09-25 12:00:00,0.4997,0.5208,0.485,0.5035,223158196.0,112146504.214
2022-09-25 16:00:00,0.5035,0.5087,0.4898,0.5016,62611203.0,31365424.7775
2022-09-25 20:00:00,0.5016,0.5055,0.486,0.491,60598095.0,30041920.3056
2022-09-26 00:00:00,0.491,0.5013,0.4765,0.4816,75651460.0,36950452.2104
2022-09-26 04:00:00,0.4816,0.4859,0.4618,0.4728,102162493.0,48163475.9107
2022-09-26 08:00:00,0.4728,0.4807,0.4567,0.463,87877097.0,41305039.8689
2022-09-26 12:00:00,0.463,0.4773,0.4595,0.4731,71912316.0,33622754.6574
2022-09-26 16:00:00,0.4731,0.4788,0.4642,0.4726,41986113.0,19752301.0479
2022-09-26 20:00:00,0.4726,0.4729,0.4645,0.4676,23075368.0,10818159.649
2022-09-27 00:00:00,0.4676,0.4812,0.4642,0.4758,55483309.0,26288688.5225
2022-09-27 04:00:00,0.4758,0.4873,0.4726,0.4793,35240584.0,16892661.9895
2022-09-27 08:00:00,0.4793,0.4806,0.4655,0.4688,37442077.0,17720646.0207
2022-09-27 12:00:00,0.4688,0.4826,0.4666,0.4674,68761205.0,32642845.2694
2022-09-27 16:00:00,0.4674,0.4699,0.4345,0.4444,73580462.0,33033528.5601
2022-09-27 20:00:00,0.4444,0.4505,0.4419,0.4448,18501557.0,8264915.9081
2022-09-28 00:00:00,0.4448,0.4497,0.4175,0.4256,72162623.0,31054789.0562
2022-09-28 04:00:00,0.4256,0.4317,0.4164,0.4234,40903910.0,17383517.7758
2022-09-28 08:00:00,0.4234,0.4314,0.4175,0.4275,38421030.0,16312486.5938
2022-09-28 12:00:00,0.4275,0.4385,0.4264,0.436,43286765.0,18715653.7645
2022-09-28 16:00:00,0.436,0.4405,0.4271,0.4361,25527886.0,11077593.4138
2022-09-28 20:00:00,0.4361,0.455,0.4348,0.4486,30874826.0,13786776.0785
2022-09-29 00:00:00,0.4486,0.4511,0.4367,0.4414,31995907.0,14204440.3622
2022-09-29 04:00:00,0.4414,0.4441,0.4342,0.4387,25196396.0,11066534.4671
2022-09-29 08:00:00,0.4387,0.4425,0.4364,0.44,25008583.0,10994807.049
2022-09-29 12:00:00,0.44,0.4401,0.4263,0.4339,46418190.0,20081710.509
2022-09-29 16:00:00,0.4339,0.442,0.4305,0.4404,28613268.0,12456120.0662
2022-09-29 20:00:00,0.4404,0.5089,0.4402,0.4869,189910527.0,91802921.2482
2022-09-30 00:00:00,0.4869,0.4871,0.4719,0.4801,62250807.0,29789190.8976
2022-09-30 04:00:00,0.4801,0.4954,0.4785,0.4889,65406236.0,31879177.6898
2022-09-30 08:00:00,0.4889,0.4964,0.4769,0.4789,67048331.0,32617345.2155
2022-09-30 12:00:00,0.4789,0.4849,0.4679,0.4769,68136725.0,32468197.2609
2022-09-30 16:00:00,0.4769,0.4986,0.4712,0.4857,69451559.0,33796415.0636
2022-09-30 20:00:00,0.4857,0.4896,0.4738,0.4795,33364210.0,16053310.1132
2022-10-01 00:00:00,0.4795,0.4812,0.4666,0.4758,32783113.0,15523853.1606
2022-10-01 04:00:00,0.4758,0.4776,0.4712,0.4756,29611226.0,14048735.2363
2022-10-01 08:00:00,0.4756,0.4765,0.4683,0.4732,24944730.0,11801098.6257
2022-10-01 12:00:00,0.4732,0.4837,0.4712,0.4817,47620337.0,22758247.2404
2022-10-01 16:00:00,0.4817,0.4861,0.4703,0.4753,41922776.0,19986249.823
2022-10-01 20:00:00,0.4753,0.4771,0.4714,0.475,14477585.0,6861747.6185
2022-10-02 00:00:00,0.475,0.477,0.4729,0.4737,18440375.0,8750201.0502
2022-10-02 04:00:00,0.4737,0.478,0.4733,0.4754,28731386.0,13659510.8693
2022-10-02 08:00:00,0.4754,0.477,0.4487,0.4605,70859145.0,32687986.4625
2022-10-02 12:00:00,0.4605,0.4636,0.4524,0.4579,32468322.0,14869808.9372
2022-10-02 16:00:00,0.4579,0.4628,0.4575,0.4614,16959948.0,7798863.0269
2022-10-02 20:00:00,0.4614,0.462,0.4425,0.4481,35167022.0,15887539.8103
2022-10-03 00:00:00,0.4481,0.4542,0.445,0.447,24779882.0,11155051.6252
2022-10-03 04:00:00,0.447,0.4476,0.4371,0.4411,48055213.0,21200795.8353
2022-10-03 08:00:00,0.4411,0.4463,0.4385,0.4459,34555577.0,15319969.859
2022-10-03 12:00:00,0.4459,0.4558,0.4438,0.4527,50095349.0,22552248.9188
2022-10-03 16:00:00,0.4527,0.4585,0.4489,0.4549,32291503.0,14691258.4872
2022-10-03 20:00:00,0.4549,0.4687,0.4547,0.4618,34186343.0,15810554.2182
2022-10-04 00:00:00,0.4618,0.4623,0.451,0.4545,30533191.0,13910513.7524
2022-10-04 04:00:00,0.4545,0.4638,0.4534,0.4618,28733056.0,13153025.6887
2022-10-04 08:00:00,0.4618,0.4741,0.4585,0.4711,46978959.0,21912648.2895
2022-10-04 12:00:00,0.4711,0.4844,0.4672,0.476,46608657.0,22196637.1295
2022-10-04 16:00:00,0.476,0.4852,0.4716,0.4819,34489910.0,16518531.3654
2022-10-04 20:00:00,0.4819,0.4849,0.4765,0.4792,17628661.0,8461175.4038
2022-10-05 00:00:00,0.4792,0.4799,0.4716,0.4746,25047839.0,11897839.198
2022-10-05 04:00:00,0.4746,0.4954,0.4742,0.4825,67798449.0,32959080.8688
2022-10-05 08:00:00,0.4825,0.4845,0.4732,0.4778,49559226.0,23716096.5115
2022-10-05 12:00:00,0.4778,0.4922,0.4742,0.4874,63170835.0,30427311.435
2022-10-05 16:00:00,0.4874,0.5012,0.4859,0.4972,52346250.0,25867257.8452
2022-10-05 20:00:00,0.4972,0.4986,0.4875,0.4886,22839413.0,11250211.7921
2022-10-06 00:00:00,0.4886,0.4978,0.4879,0.497,23034378.0,11388751.4264
2022-10-06 04:00:00,0.497,0.5056,0.4926,0.4948,43484672.0,21713951.9767
2022-10-06 08:00:00,0.4948,0.4986,0.4905,0.4978,28835221.0,14257160.1819
2022-10-06 12:00:00,0.4978,0.5022,0.4895,0.4943,54964748.0,27223788.1224
2022-10-06 16:00:00,0.4943,0.5,0.491,0.4967,20176901.0,10004303.8701
2022-10-06 20:00:00,0.4967,0.5037,0.4888,0.493,34965786.0,17306409.3584
2022-10-07 00:00:00,0.493,0.4945,0.4814,0.4887,37074837.0,18063049.9032
2022-10-07 04:00:00,0.4887,0.491,0.4846,0.4892,20368253.0,9943004.728
2022-10-07 08:00:00,0.4892,0.4925,0.4876,0.4898,15606291.0,7646874.6748
2022-10-07 12:00:00,0.4898,0.498,0.4828,0.4929,57230696.0,28043557.7385
2022-10-07 16:00:00,0.4929,0.5328,0.4915,0.5181,98109749.0,50069125.4587
2022-10-07 20:00:00,0.5181,0.5214,0.5097,0.5173,48944852.0,25236103.0388
2022-10-08 00:00:00,0.5173,0.5272,0.515,0.5253,40179781.0,20896004.8988
2022-10-08 04:00:00,0.5253,0.5291,0.5173,0.5195,45275812.0,23677329.3123
2022-10-08 08:00:00,0.5195,0.5213,0.5131,0.5188,30662185.0,15853849.8704
2022-10-08 12:00:00,0.5188,0.5208,0.514,0.5193,23234222.0,12028433.7647
2022-10-08 16:00:00,0.5193,0.5259,0.5176,0.5185,35383517.0,18456806.1856
2022-10-08 20:00:00,0.5185,0.5199,0.5106,0.5165,24339840.0,12558234.0818
2022-10-09 00:00:00,0.5165,0.5167,0.5058,0.5097,35815771.0,18260382.8444
2022-10-09 04:00:00,0.5097,0.5175,0.5079,0.516,23669049.0,12145559.6439
2022-10-09 08:00:00,0.516,0.5195,0.5141,0.5186,27982162.0,14469469.7993
2022-10-09 12:00:00,0.5186,0.5344,0.515,0.5273,69009497.0,36221669.8305
2022-10-09 16:00:00,0.5273,0.5488,0.5263,0.5397,56740592.0,30361213.1089
2022-10-09 20:00:00,0.5397,0.54,0.5319,0.5329,28239647.0,15145614.9348
2022-10-10 00:00:00,0.5329,0.5376,0.5287,0.5307,42282386.0,22504125.3402
2022-10-10 04:00:00,0.5307,0.5346,0.5215,0.5221,47182867.0,24915255.5541
2022-10-10 08:00:00,0.5221,0.5231,0.5113,0.5178,64267073.0,33183884.7375
2022-10-10 12:00:00,0.5178,0.5235,0.514,0.5223,50095405.0,25983237.8329
2022-10-10 16:00:00,0.5223,0.5285,0.5161,0.5205,52136238.0,27222569.5581
2022-10-10 20:00:00,0.5205,0.5234,0.4925,0.4933,69814683.0,35165920.2931
2022-10-11 00:00:00,0.4933,0.4983,0.485,0.4927,64211776.0,31642048.5022
2022-10-11 04:00:00,0.4927,0.495,0.4817,0.4891,49441243.0,24190973.8619
2022-10-11 08:00:00,0.4891,0.4918,0.4773,0.4872,47930920.0,23178369.7965
2022-10-11 12:00:00,0.4872,0.4991,0.483,0.4969,68667680.0,33757604.4136
2022-10-11 16:00:00,0.4969,0.5019,0.4835,0.4867,40537228.0,19980469.9934
2022-10-11 20:00:00,0.4867,0.4988,0.4809,0.4858,39625660.0,19385423.8757
2022-10-12 00:00:00,0.4858,0.4902,0.4816,0.4857,24306834.0,11803809.1086
2022-10-12 04:00:00,0.4857,0.4923,0.4854,0.4894,28909881.0,14131371.8719
2022-10-12 08:00:00,0.4894,0.4916,0.4855,0.4902,22433523.0,10942160.9472
2022-10-12 12:00:00,0.4902,0.4956,0.4826,0.495,46207364.0,22626403.4541
2022-10-12 16:00:00,0.495,0.4955,0.4851,0.4882,29877136.0,14633446.6973
2022-10-12 20:00:00,0.4882,0.4905,0.4857,0.488,13090334.0,6388240.0424
2022-10-13 00:00:00,0.488,0.4891,0.4646,0.4725,66192867.0,31391206.8017
2022-10-13 04:00:00,0.4725,0.4742,0.4497,0.4549,100214607.0,46267937.6083
2022-10-13 08:00:00,0.4549,0.4579,0.4394,0.4564,88197710.0,39726018.8917
2022-10-13 12:00:00,0.4564,0.4768,0.4487,0.4755,131126264.0,60828475.112
2022-10-13 16:00:00,0.4755,0.4889,0.473,0.4868,43492672.0,20935784.9278
2022-10-13 20:00:00,0.4868,0.4888,0.4784,0.4788,22109539.0,10707184.8703
2022-10-14 00:00:00,0.4788,0.5065,0.4775,0.5014,60139726.0,29761088.2204
2022-10-14 04:00:00,0.5014,0.5037,0.4936,0.4987,41727725.0,20778114.4389
2022-10-14 08:00:00,0.4987,0.5044,0.497,0.4982,41721094.0,20878760.4165
2022-10-14 12:00:00,0.4982,0.512,0.49,0.4908,81740111.0,40839167.4788
2022-10-14 16:00:00,0.4908,0.4968,0.486,0.4871,30749054.0,15120243.5312
2022-10-14 20:00:00,0.4871,0.4895,0.4808,0.4881,18830132.0,9149844.0474
2022-10-15 00:00:00,0.4881,0.4897,0.4836,0.4878,17665803.0,8596997.2771
2022-10-15 04:00:00,0.4878,0.4886,0.4846,0.4858,16001856.0,7781000.2834
2022-10-15 08:00:00,0.4858,0.4862,0.4768,0.4853,34274027.0,16511805.6315
2022-10-15 12:00:00,0.4853,0.489,0.4818,0.4868,23730766.0,11511129.7214
2022-10-15 16:00:00,0.4868,0.4881,0.4819,0.4839,11229276.0,5440978.9679
2022-10-15 20:00:00,0.4839,0.484,0.4781,0.4817,19914897.0,9578896.1594
2022-10-16 00:00:00,0.4817,0.4869,0.4814,0.4836,14746229.0,7141512.6258
2022-10-16 04:00:00,0.4836,0.4858,0.4813,0.4835,15661508.0,7575151.3105
2022-10-16 08:00:00,0.4835,0.4858,0.4794,0.4826,23438305.0,11319851.4085
2022-10-16 12:00:00,0.4826,0.4839,0.4789,0.4809,15664870.0,7543450.8393
2022-10-16 16:00:00,0.4809,0.4816,0.4669,0.4816,45763550.0,21722456.7188
2022-10-16 20:00:00,0.4816,0.4824,0.4702,0.4762,31324272.0,14935627.8537
2022-10-17 00:00:00,0.4762,0.4764,0.4621,0.4682,43720399.0,20476665.4517
2022-10-17 04:00:00,0.4682,0.472,0.466,0.4693,30497143.0,14290844.3534
2022-10-17 08:00:00,0.4693,0.4757,0.4652,0.4753,35544716.0,16720979.6416
2022-10-17 12:00:00,0.4753,0.4821,0.4723,0.4774,56217028.0,26852539.7114
2022-10-17 16:00:00,0.4774,0.4783,0.471,0.4727,14465964.0,6861653.4776
2022-10-17 20:00:00,0.4727,0.4814,0.4726,0.4799,19983586.0,9537533.322
2022-10-18 00:00:00,0.4799,0.4837,0.471,0.4766,33732504.0,16072057.2863
2022-10-18 04:00:00,0.4766,0.4779,0.4727,0.4764,21498979.0,10219401.7072
2022-10-18 08:00:00,0.4764,0.4767,0.4658,0.4699,40725061.0,19183218.5017
2022-10-18 12:00:00,0.4699,0.4725,0.4623,0.4674,44595005.0,20844746.0258
2022-10-18 16:00:00,0.4674,0.4709,0.4566,0.4646,32785730.0,15239530.3822
2022-10-18 20:00:00,0.4646,0.4696,0.4633,0.4655,21141593.0,9853799.367
2022-10-19 00:00:00,0.4655,0.4661,0.4579,0.462,38977849.0,17990272.8549
2022-10-19 04:00:00,0.462,0.4626,0.4535,0.4574,36848909.0,16876741.3726
2022-10-19 08:00:00,0.4574,0.4586,0.452,0.4541,33773431.0,15391277.9401
2022-10-19 12:00:00,0.4541,0.458,0.4512,0.4576,31143416.0,14158990.8042
2022-10-19 16:00:00,0.4576,0.4615,0.4552,0.4609,20234602.0,9266977.8227
2022-10-19 20:00:00,0.4609,0.4637,0.4468,0.4501,34253057.0,15601146.1127
2022-10-20 00:00:00,0.4501,0.4628,0.4493,0.4558,44333602.0,20225896.6367
2022-10-20 04:00:00,0.4558,0.4624,0.4557,0.4617,26469118.0,12158990.8136
2022-10-20 08:00:00,0.4617,0.4633,0.4581,0.4627,24913067.0,11486779.7938
2022-10-20 12:00:00,0.4627,0.4644,0.459,0.4606,29140111.0,13457361.3628
2022-10-20 16:00:00,0.4606,0.4606,0.4214,0.4381,55514625.0,24498311.6574
2022-10-20 20:00:00,0.4381,0.4542,0.4311,0.446,41894296.0,18530492.6885
2022-10-21 00:00:00,0.446,0.4505,0.4403,0.4466,30141750.0,13447611.3184
2022-10-21 04:00:00,0.4466,0.4482,0.4425,0.4435,21510548.0,9575975.4897
2022-10-21 08:00:00,0.4435,0.4441,0.4372,0.4403,26963256.0,11877450.8056
2022-10-21 12:00:00,0.4403,0.4499,0.4339,0.4474,44441493.0,19702076.316
2022-10-21 16:00:00,0.4474,0.4538,0.4451,0.4525,18143056.0,8147265.091
2022-10-21 20:00:00,0.4525,0.4615,0.4504,0.4608,23734697.0,10822428.7085
2022-10-22 00:00:00,0.4608,0.4622,0.4559,0.4591,19463067.0,8934536.0951
2022-10-22 04:00:00,0.4591,0.4595,0.4557,0.4586,11618824.0,5316604.7591
2022-10-22 08:00:00,0.4586,0.4668,0.4575,0.4662,19327418.0,8920699.9443
2022-10-22 12:00:00,0.4662,0.4702,0.4629,0.4658,26862871.0,12526913.324
2022-10-22 16:00:00,0.4658,0.4665,0.4601,0.4632,13565739.0,6272173.1123
2022-10-22 20:00:00,0.4632,0.4659,0.4628,0.4649,5994661.0,2783763.3692
2022-10-23 00:00:00,0.4649,0.4655,0.4577,0.4603,20886866.0,9632731.844
2022-10-23 04:00:00,0.4603,0.4617,0.4578,0.4586,14111640.0,6484839.3025
2022-10-23 08:00:00,0.4586,0.4612,0.4515,0.4525,28391823.0,12949802.7657
2022-10-23 12:00:00,0.4525,0.4583,0.4524,0.4566,14266333.0,6497263.6734
2022-10-23 16:00:00,0.4566,0.4676,0.4533,0.4648,21519867.0,9926940.5614
2022-10-23 20:00:00,0.4648,0.4722,0.4592,0.4685,22027793.0,10267072.9371
2022-10-24 00:00:00,0.4685,0.4725,0.4552,0.4561,22535760.0,10436017.3359
2022-10-24 04:00:00,0.4561,0.4587,0.4529,0.4569,19446940.0,8866664.9094
2022-10-24 08:00:00,0.4569,0.4585,0.452,0.4576,16960642.0,7727444.1966
2022-10-24 12:00:00,0.4576,0.4588,0.4478,0.4553,31792811.0,14415930.2149
2022-10-24 16:00:00,0.4553,0.4575,0.4535,0.4561,9228847.0,4205409.643
2022-10-24 20:00:00,0.4561,0.4594,0.4519,0.4527,10826836.0,4936436.154
2022-10-25 00:00:00,0.4527,0.4564,0.4434,0.4476,30923530.0,13875290.7273
2022-10-25 04:00:00,0.4476,0.4511,0.4455,0.449,19326511.0,8658065.8891
2022-10-25 08:00:00,0.449,0.4491,0.4441,0.4473,17515253.0,7814975.9063
2022-10-25 12:00:00,0.4473,0.4581,0.4452,0.4561,28896619.0,13053599.1878
2022-10-25 16:00:00,0.4561,0.4725,0.4553,0.4655,36702539.0,17049877.6162
2022-10-25 20:00:00,0.4655,0.4656,0.4553,0.4602,24559690.0,11288135.9433
2022-10-26 00:00:00,0.4602,0.4622,0.4558,0.4611,19393117.0,8909610.5151
2022-10-26 04:00:00,0.4611,0.4654,0.4586,0.4621,17092513.0,7900138.3083
2022-10-26 08:00:00,0.4621,0.4681,0.4605,0.4644,25777579.0,11980090.6212
2022-10-26 12:00:00,0.4644,0.471,0.4609,0.4681,41077757.0,19123133.0888
2022-10-26 16:00:00,0.4681,0.4694,0.4615,0.4637,12828662.0,5961731.9692
2022-10-26 20:00:00,0.4637,0.4704,0.4625,0.4685,16207840.0,7583963.1811
2022-10-27 00:00:00,0.4685,0.482,0.4666,0.4731,30009674.0,14236187.0171
2022-10-27 04:00:00,0.4731,0.4779,0.4695,0.4724,21709032.0,10281722.9833
2022-10-27 08:00:00,0.4724,0.4759,0.4683,0.471,18508811.0,8728907.4546
2022-10-27 12:00:00,0.471,0.475,0.4638,0.4669,25393909.0,11921023.8864
2022-10-27 16:00:00,0.4669,0.4728,0.4641,0.4711,9597898.0,4494156.1089
2022-10-27 20:00:00,0.4711,0.4718,0.4581,0.461,17017978.0,7879133.9244
2022-10-28 00:00:00,0.461,0.4664,0.4591,0.4629,12664766.0,5865099.4813
2022-10-28 04:00:00,0.4629,0.4646,0.4561,0.4576,16513734.0,7605521.6933
2022-10-28 08:00:00,0.4576,0.4617,0.4565,0.4595,13331497.0,6124244.9466
2022-10-28 12:00:00,0.4595,0.4667,0.4571,0.4642,23180035.0,10741366.3893
2022-10-28 16:00:00,0.4642,0.4702,0.4636,0.47,11264699.0,5267824.8639
2022-10-28 20:00:00,0.47,0.4751,0.4687,0.4738,14411027.0,6801002.9408
2022-10-29 00:00:00,0.4738,0.4742,0.4694,0.4728,10282964.0,4849143.3424
2022-10-29 04:00:00,0.4728,0.4734,0.4695,0.4724,9489100.0,4466851.0063
2022-10-29 08:00:00,0.4724,0.4835,0.4698,0.4707,36541911.0,17413840.7565
2022-10-29 12:00:00,0.4707,0.4739,0.4675,0.4708,13087722.0,6159333.3391
2022-10-29 16:00:00,0.4708,0.4787,0.4652,0.4711,19506070.0,9226107.3741
2022-10-29 20:00:00,0.4711,0.4761,0.466,0.47,8801587.0,4140412.6121
2022-10-30 00:00:00,0.47,0.4729,0.4664,0.4678,8160301.0,3826759.5584
2022-10-30 04:00:00,0.4678,0.4706,0.4657,0.47,11782054.0,5512207.2103
2022-10-30 08:00:00,0.47,0.4711,0.4599,0.4645,22938995.0,10637130.3004
2022-10-30 12:00:00,0.4645,0.4647,0.4572,0.4598,23091618.0,10636063.9284
2022-10-30 16:00:00,0.4598,0.4634,0.4583,0.4616,9646751.0,4449023.1576
2022-10-30 20:00:00,0.4616,0.4639,0.4534,0.4578,15845182.0,7250165.0241
2022-10-31 00:00:00,0.4578,0.46,0.4474,0.4554,23271914.0,10547190.8556
2022-10-31 04:00:00,0.4554,0.4607,0.4541,0.46,12736432.0,5827599.2396
2022-10-31 08:00:00,0.46,0.4628,0.4542,0.4573,19955383.0,9159945.8891
2022-10-31 12:00:00,0.4573,0.4607,0.4467,0.4511,27181051.0,12362008.466
2022-10-31 16:00:00,0.4511,0.4545,0.45,0.4527,6815736.0,3081559.5327
2022-10-31 20:00:00,0.4527,0.467,0.4518,0.4639,18499449.0,8495556.4477
2022-11-01 00:00:00,0.4639,0.464,0.4568,0.4593,11349875.0,5220229.9671
2022-11-01 04:00:00,0.4593,0.4623,0.457,0.46,11904180.0,5474092.4611
2022-11-01 08:00:00,0.46,0.4645,0.458,0.4611,14772778.0,6820325.1711
2022-11-01 12:00:00,0.4611,0.462,0.454,0.4585,19923951.0,9119150.6607
2022-11-01 16:00:00,0.4585,0.4636,0.4562,0.4613,6999252.0,3224324.4366
2022-11-01 20:00:00,0.4613,0.4664,0.4604,0.4633,12076492.0,5609496.0997
2022-11-02 00:00:00,0.4633,0.4655,0.4576,0.4609,15716505.0,7256778.4607
2022-11-02 04:00:00,0.4609,0.4616,0.4555,0.4582,10425299.0,4784201.3837
2022-11-02 08:00:00,0.4582,0.4604,0.4509,0.4539,16977646.0,7717157.0298
2022-11-02 12:00:00,0.4539,0.4573,0.452,0.4566,8244753.0,3752407.6303
2022-11-02 16:00:00,0.4566,0.4658,0.4502,0.4514,26620113.0,12230568.8404
2022-11-02 20:00:00,0.4514,0.4536,0.4448,0.4496,14334101.0,6446363.0325
2022-11-03 00:00:00,0.4496,0.4585,0.4485,0.4556,12777292.0,5803596.8232
2022-11-03 04:00:00,0.4556,0.4588,0.4552,0.4571,10571471.0,4830679.7009
2022-11-03 08:00:00,0.4571,0.4593,0.4534,0.4548,13354571.0,6094456.4427
2022-11-03 12:00:00,0.4548,0.4573,0.4515,0.4555,13826117.0,6287402.2614
2022-11-03 16:00:00,0.4555,0.4575,0.4542,0.4564,5241771.0,2388293.6568
2022-11-03 20:00:00,0.4564,0.4589,0.4532,0.4546,8762795.0,3993456.7335
2022-11-04 00:00:00,0.4546,0.4576,0.4525,0.4569,12940486.0,5887993.1834
2022-11-04 04:00:00,0.4569,0.466,0.4562,0.4641,19242045.0,8869898.797
2022-11-04 08:00:00,0.4641,0.5071,0.4625,0.4885,119654238.0,58816955.9675
2022-11-04 12:00:00,0.4885,0.5028,0.4842,0.4889,51049365.0,25193510.8271
2022-11-04 16:00:00,0.4889,0.4946,0.4856,0.4937,18009431.0,8834708.6828
2022-11-04 20:00:00,0.4937,0.5063,0.4931,0.5061,22792985.0,11383610.813
2022-11-05 00:00:00,0.5061,0.5098,0.4943,0.4984,33096555.0,16547675.9707
2022-11-05 04:00:00,0.4984,0.5019,0.495,0.4981,14385962.0,7174980.071
2022-11-05 08:00:00,0.4981,0.4984,0.4911,0.4969,17413590.0,8616577.326
2022-11-05 12:00:00,0.4969,0.5028,0.4913,0.4984,18372119.0,9098896.6328
2022-11-05 16:00:00,0.4984,0.5089,0.4965,0.4978,19752609.0,9897686.7007
2022-11-05 20:00:00,0.4978,0.5018,0.4883,0.4928,14682161.0,7260775.5084
2022-11-06 00:00:00,0.4928,0.4944,0.4869,0.4902,24611093.0,12069755.1046
2022-11-06 04:00:00,0.4902,0.4918,0.487,0.4886,9957857.0,4866632.3515
2022-11-06 08:00:00,0.4886,0.4924,0.4879,0.4903,11964659.0,5866203.1379
2022-11-06 12:00:00,0.4903,0.4922,0.4857,0.4894,12443786.0,6086366.1328
2022-11-06 16:00:00,0.4894,0.4896,0.4807,0.4841,14981257.0,7279198.9533
2022-11-06 20:00:00,0.4841,0.4854,0.4669,0.4704,28336760.0,13473256.8773
2022-11-07 00:00:00,0.4704,0.4755,0.4682,0.4737,17767789.0,8398253.4533
2022-11-07 04:00:00,0.4737,0.474,0.4607,0.4626,27225768.0,12737517.0905
2022-11-07 08:00:00,0.4626,0.472,0.462,0.4699,13157745.0,6158629.3801
2022-11-07 12:00:00,0.4699,0.4771,0.4693,0.477,16482670.0,7797561.3579
2022-11-07 16:00:00,0.477,0.4796,0.4667,0.4738,20939935.0,9910388.4273
2022-11-07 20:00:00,0.4738,0.4759,0.458,0.4645,29448887.0,13714626.6489
2022-11-08 00:00:00,0.4645,0.4664,0.438,0.4398,50877387.0,23088238.7092
2022-11-08 04:00:00,0.4398,0.444,0.4225,0.4414,60344084.0,26081646.28
2022-11-08 08:00:00,0.4414,0.4414,0.435,0.4371,21215453.0,9300350.1274
2022-11-08 12:00:00,0.4371,0.4405,0.4299,0.4378,22748264.0,9923523.9635
2022-11-08 16:00:00,0.4378,0.4566,0.3316,0.3939,87711738.0,35609596.7824
2022-11-08 20:00:00,0.3939,0.4109,0.381,0.4053,29294537.0,11684617.9431
2022-11-09 00:00:00,0.4053,0.4102,0.379,0.3887,33010051.0,12962233.9117
2022-11-09 04:00:00,0.3887,0.3939,0.3791,0.3861,30428537.0,11785309.8141
2022-11-09 08:00:00,0.3861,0.3867,0.3546,0.3748,57130254.0,21132221.5799
2022-11-09 12:00:00,0.3748,0.3859,0.3592,0.3613,49497721.0,18585865.6751
2022-11-09 16:00:00,0.3613,0.3669,0.3404,0.3554,37543662.0,13315501.761
2022-11-09 20:00:00,0.3554,0.3619,0.3121,0.3318,63597690.0,21166698.7188
2022-11-10 00:00:00,0.3318,0.355,0.3284,0.3494,47522431.0,16338483.0834
2022-11-10 04:00:00,0.3494,0.377,0.3475,0.3695,40595597.0,14849907.0036
2022-11-10 08:00:00,0.3695,0.3696,0.3549,0.3598,31647855.0,11421885.0822
2022-11-10 12:00:00,0.3598,0.3963,0.3587,0.3883,38775900.0,14706547.8135
2022-11-10 16:00:00,0.3883,0.3952,0.3729,0.3861,11722438.0,4505849.0836
2022-11-10 20:00:00,0.3861,0.4025,0.3814,0.3939,14629182.0,5775576.237
2022-11-11 00:00:00,0.3939,0.3986,0.3748,0.3783,25010605.0,9663100.4269
2022-11-11 04:00:00,0.3783,0.3908,0.376,0.39,17348074.0,6687471.9564
2022-11-11 08:00:00,0.39,0.3957,0.3866,0.3886,14194202.0,5543810.6837
2022-11-11 12:00:00,0.3886,0.3963,0.3655,0.3749,28047654.0,10661340.4358
2022-11-11 16:00:00,0.3749,0.3793,0.3669,0.3744,12742075.0,4757437.3724
2022-11-11 20:00:00,0.3744,0.3864,0.367,0.3837,9477218.0,3579860.0024
2022-11-12 00:00:00,0.3837,0.3842,0.3724,0.3748,14996870.0,5649632.9007
2022-11-12 04:00:00,0.3748,0.3758,0.3619,0.3689,16174404.0,5952325.0588
2022-11-12 08:00:00,0.3689,0.3714,0.3644,0.3709,13095990.0,4830219.4055
2022-11-12 12:00:00,0.3709,0.3726,0.3655,0.3694,15248466.0,5631684.5198
2022-11-12 16:00:00,0.3694,0.3705,0.3592,0.3647,11443062.0,4159428.6306
2022-11-12 20:00:00,0.3647,0.3668,0.3598,0.3632,6675003.0,2426001.5923
2022-11-13 00:00:00,0.3632,0.3691,0.3612,0.3669,8419664.0,3079819.4817
2022-11-13 04:00:00,0.3669,0.3677,0.3545,0.3588,19022428.0,6853034.9642
2022-11-13 08:00:00,0.3588,0.3593,0.347,0.351,32987451.0,11607132.0083
2022-11-13 12:00:00,0.351,0.3565,0.3481,0.3486,18510738.0,6513699.858
2022-11-13 16:00:00,0.3486,0.3502,0.3407,0.3434,16176269.0,5586808.0347
2022-11-13 20:00:00,0.3434,0.3434,0.3325,0.3407,20273659.0,6840418.793
2022-11-14 00:00:00,0.3407,0.3482,0.3251,0.3305,43464858.0,14626250.1678
2022-11-14 04:00:00,0.3305,0.346,0.321,0.3454,36689504.0,12202870.9336
2022-11-14 08:00:00,0.3454,0.3526,0.3414,0.3494,17540946.0,6104975.1402
2022-11-14 12:00:00,0.3494,0.3582,0.34,0.3458,28431414.0,9940616.8258
2022-11-14 16:00:00,0.3458,0.3551,0.3382,0.3516,21646818.0,7476894.7409
2022-11-14 20:00:00,0.3516,0.3788,0.3509,0.3771,76733926.0,28440533.2796
2022-11-15 00:00:00,0.3771,0.3876,0.3675,0.3684,68692848.0,25796205.0958
2022-11-15 04:00:00,0.3684,0.3828,0.3665,0.3795,49289794.0,18540038.2535
2022-11-15 08:00:00,0.3795,0.3888,0.378,0.3793,31713362.0,12124429.8746
2022-11-15 12:00:00,0.3793,0.3942,0.3772,0.3905,40116762.0,15527181.1033
2022-11-15 16:00:00,0.3905,0.3973,0.3757,0.3842,31513021.0,12198297.5474
2022-11-15 20:00:00,0.3842,0.3904,0.38,0.3882,18225875.0,7044881.9685
2022-11-16 00:00:00,0.3882,0.3891,0.3786,0.3833,20487393.0,7840397.1269
2022-11-16 04:00:00,0.3833,0.3911,0.3813,0.38703,24310153.0,9397152.24742
2022-11-16 08:00:00,0.38703,0.38768,0.37473,0.37606,32119893.0,12258292.28086
2022-11-16 12:00:00,0.37606,0.37707,0.36384,0.3653,35436720.0,13157543.79029
2022-11-16 16:00:00,0.3653,0.37389,0.36148,0.373,15191874.0,5589318.71826
2022-11-16 20:00:00,0.373,0.37705,0.36883,0.37486,10604049.0,3960425.22164
2022-11-17 00:00:00,0.37486,0.37971,0.37247,0.37585,18027734.0,6788891.92805
2022-11-17 04:00:00,0.37585,0.38691,0.37015,0.37906,39446213.0,14964521.54409
2022-11-17 08:00:00,0.37906,0.3807,0.36895,0.37383,27814257.0,10406882.38959
2022-11-17 12:00:00,0.37383,0.3802,0.37112,0.37474,38344912.0,14400849.22039
2022-11-17 16:00:00,0.37474,0.38298,0.37226,0.38041,13903432.0,5234733.54502
2022-11-17 20:00:00,0.38041,0.38475,0.37996,0.38151,13343065.0,5104990.85737
2022-11-18 00:00:00,0.38151,0.38757,0.37867,0.37967,20763698.0,7969875.89979
2022-11-18 04:00:00,0.37967,0.38114,0.37727,0.38089,17046986.0,6470485.98684
2022-11-18 08:00:00,0.38089,0.3847,0.37892,0.38116,19563605.0,7477375.37503
2022-11-18 12:00:00,0.38116,0.38383,0.37611,0.37734,21283329.0,8095057.56589
2022-11-18 16:00:00,0.37734,0.38304,0.37417,0.38235,13618779.0,5157018.96529
2022-11-18 20:00:00,0.38235,0.38354,0.3808,0.38261,9165570.0,3504058.01207
2022-11-19 00:00:00,0.38261,0.3829,0.3776,0.37873,15209565.0,5768109.25208
2022-11-19 04:00:00,0.37873,0.3799,0.375,0.37779,14299825.0,5402533.24309
2022-11-19 08:00:00,0.37779,0.38076,0.37729,0.38016,8634805.0,3274135.25012
2022-11-19 12:00:00,0.38016,0.38265,0.37778,0.381,11430045.0,4342495.85592
2022-11-19 16:00:00,0.381,0.38307,0.38008,0.38133,8560090.0,3265498.77358
2022-11-19 20:00:00,0.38133,0.38818,0.3809,0.38386,13928739.0,5357887.15205
2022-11-20 00:00:00,0.38386,0.39658,0.38356,0.39072,40845317.0,15952431.06504
2022-11-20 04:00:00,0.39072,0.39402,0.38739,0.38838,18589908.0,7253344.32463
2022-11-20 08:00:00,0.38838,0.38851,0.373,0.37477,30060816.0,11462957.63839
2022-11-20 12:00:00,0.37477,0.37575,0.37053,0.37503,14772783.0,5522194.6907
2022-11-20 16:00:00,0.37503,0.37884,0.36938,0.3774,12084654.0,4508265.66972
2022-11-20 20:00:00,0.3774,0.37762,0.3583,0.36057,23388694.0,8514317.24791
2022-11-21 00:00:00,0.36057,0.36174,0.3455,0.35318,37109871.0,13116850.49553
2022-11-21 04:00:00,0.35318,0.35936,0.34786,0.35137,31818019.0,11283263.10019
2022-11-21 08:00:00,0.35137,0.35406,0.34837,0.3497,22590661.0,7929987.20157
2022-11-21 12:00:00,0.3497,0.35775,0.34712,0.35593,28750884.0,10162944.28476
2022-11-21 16:00:00,0.35593,0.35887,0.34907,0.35302,28211483.0,9998312.71566
2022-11-21 20:00:00,0.35302,0.3684,0.35241,0.36405,24285806.0,8735852.73605
2022-11-22 00:00:00,0.36405,0.36696,0.35513,0.35866,17743322.0,6373664.29858
2022-11-22 04:00:00,0.35866,0.36,0.35094,0.35647,18786699.0,6675773.15799
2022-11-22 08:00:00,0.35647,0.36272,0.35391,0.36021,19001575.0,6826971.30832
2022-11-22 12:00:00,0.36021,0.37436,0.35924,0.37216,28390099.0,10440248.97914
2022-11-22 16:00:00,0.37216,0.37456,0.36981,0.37271,8314507.0,3092801.6388
2022-11-22 20:00:00,0.37271,0.3781,0.37245,0.37541,9421479.0,3542716.83983
2022-11-23 00:00:00,0.37541,0.37774,0.36808,0.37748,18015057.0,6719916.69205
2022-11-23 04:00:00,0.37748,0.3805,0.37377,0.38025,13869831.0,5232434.4735
2022-11-23 08:00:00,0.38025,0.38184,0.37436,0.37641,14362034.0,5420203.27023
2022-11-23 12:00:00,0.37641,0.37684,0.37067,0.37549,16310749.0,6099606.57625
2022-11-23 16:00:00,0.37549,0.38184,0.37154,0.378,9793208.0,3686075.68094
2022-11-23 20:00:00,0.378,0.38204,0.37726,0.38109,5806447.0,2205763.00273
2022-11-24 00:00:00,0.38109,0.38383,0.3777,0.38209,14763884.0,5620188.12311
2022-11-24 04:00:00,0.38209,0.38413,0.3795,0.3802,13703964.0,5232857.24021
2022-11-24 08:00:00,0.3802,0.38116,0.37396,0.3783,17210097.0,6503021.8885
2022-11-24 12:00:00,0.3783,0.39356,0.37761,0.38895,25101922.0,9688787.90692
2022-11-24 16:00:00,0.38895,0.40397,0.38637,0.4029,37846924.0,15006540.30478
2022-11-24 20:00:00,0.4029,0.40463,0.39734,0.40159,25588521.0,10260149.23905
2022-11-25 00:00:00,0.40159,0.40163,0.38827,0.39308,30108671.0,11875114.3329
2022-11-25 04:00:00,0.39308,0.41788,0.39238,0.41519,67965920.0,27819699.78791
2022-11-25 08:00:00,0.41519,0.4187,0.40415,0.40547,37575502.0,15372189.91357
2022-11-25 12:00:00,0.40547,0.40944,0.40073,0.40314,19452390.0,7866358.27364
2022-11-25 16:00:00,0.40314,0.40649,0.39848,0.40447,11601729.0,4670422.68086
2022-11-25 20:00:00,0.40447,0.41036,0.40372,0.40742,9509275.0,3877302.78056
2022-11-26 00:00:00,0.40742,0.41441,0.40291,0.40837,18797276.0,7669043.03522
2022-11-26 04:00:00,0.40837,0.4089,0.40424,0.4069,10042521.0,4079798.33171
2022-11-26 08:00:00,0.4069,0.40869,0.40472,0.40633,8118709.0,3301005.91621
2022-11-26 12:00:00,0.40633,0.40889,0.39919,0.40177,16299591.0,6587891.79971
2022-11-26 16:00:00,0.40177,0.40321,0.3948,0.39751,9144699.0,3652434.21707
2022-11-26 20:00:00,0.39751,0.40012,0.39223,0.3956,16652803.0,6583879.55651
2022-11-27 00:00:00,0.3956,0.40043,0.39482,0.39962,20294447.0,8065137.04148
2022-11-27 04:00:00,0.39962,0.40272,0.39909,0.40027,10602563.0,4251228.97467
2022-11-27 08:00:00,0.40027,0.4085,0.39757,0.40638,37733997.0,15152411.48795
2022-11-27 12:00:00,0.40638,0.40937,0.4021,0.40345,27143667.0,10996741.39042
2022-11-27 16:00:00,0.40345,0.40447,0.39825,0.4022,14372253.0,5765484.75488
2022-11-27 20:00:00,0.4022,0.4041,0.39353,0.39581,13753338.0,5498968.89203
2022-11-28 00:00:00,0.39581,0.39862,0.37262,0.38032,38980228.0,14900791.65004
2022-11-28 04:00:00,0.38032,0.38394,0.37873,0.38243,13771014.0,5256098.02471
2022-11-28 08:00:00,0.38243,0.38435,0.37743,0.37757,20587062.0,7835030.55497
2022-11-28 12:00:00,0.37757,0.38233,0.37688,0.37911,16639231.0,6312295.51993
2022-11-28 16:00:00,0.37911,0.38768,0.37312,0.38415,24403917.0,9317232.22905
2022-11-28 20:00:00,0.38415,0.39053,0.38286,0.3885,11367607.0,4408643.40468
2022-11-29 00:00:00,0.3885,0.38935,0.38272,0.38413,20497916.0,7913141.48676
2022-11-29 04:00:00,0.38413,0.39449,0.38385,0.39234,23596064.0,9229088.06655
2022-11-29 08:00:00,0.39234,0.39344,0.38979,0.39228,14095286.0,5520003.4609
2022-11-29 12:00:00,0.39228,0.39404,0.38897,0.39101,23013815.0,9023552.24635
2022-11-29 16:00:00,0.39101,0.39739,0.38607,0.39538,20892243.0,8159636.27705
2022-11-29 20:00:00,0.39538,0.40354,0.3942,0.39765,23741219.0,9473458.7393
2022-11-30 00:00:00,0.39765,0.4083,0.39606,0.40032,32097642.0,12972590.2204
2022-11-30 04:00:00,0.40032,0.40378,0.40013,0.40327,11086224.0,4454347.25707
2022-11-30 08:00:00,0.40327,0.40392,0.39817,0.40012,16430479.0,6579245.42024
2022-11-30 12:00:00,0.40012,0.40251,0.39739,0.40141,14280832.0,5714469.76284
2022-11-30 16:00:00,0.40141,0.41124,0.39226,0.4069,24287351.0,9693179.14207
2022-11-30 20:00:00,0.4069,0.41122,0.40568,0.40748,19634978.0,8021074.73005
2022-12-01 00:00:00,0.40748,0.4087,0.39931,0.40226,19382427.0,7811576.72859
2022-12-01 04:00:00,0.40226,0.4025,0.39806,0.39892,15995172.0,6399073.17049
2022-12-01 08:00:00,0.39892,0.40099,0.3971,0.40023,21309699.0,8506419.23144
2022-12-01 12:00:00,0.40023,0.40238,0.39412,0.39725,25500701.0,10159670.92492
2022-12-01 16:00:00,0.39725,0.39732,0.3943,0.39689,10398070.0,4116496.5135
2022-12-01 20:00:00,0.39689,0.398,0.39432,0.39654,7053882.0,2794865.94009
2022-12-02 00:00:00,0.39654,0.3971,0.3841,0.38676,26950256.0,10513556.97113
2022-12-02 04:00:00,0.38676,0.39097,0.38347,0.39016,18373104.0,7126814.28574
2022-12-02 08:00:00,0.39016,0.39142,0.38835,0.39017,11343599.0,4426133.7693
2022-12-02 12:00:00,0.39017,0.39112,0.3852,0.38838,18701890.0,7250758.0652
2022-12-02 16:00:00,0.38838,0.39085,0.38694,0.3905,8159739.0,3177131.81017
2022-12-02 20:00:00,0.3905,0.39627,0.38976,0.3958,8749574.0,3440428.57406
2022-12-03 00:00:00,0.3958,0.3963,0.39082,0.39157,13495091.0,5302703.88872
2022-12-03 04:00:00,0.39157,0.39312,0.38773,0.38866,12660407.0,4947826.81896
2022-12-03 08:00:00,0.38866,0.39473,0.38717,0.39398,12182545.0,4755636.67419
2022-12-03 12:00:00,0.39398,0.39682,0.39223,0.39449,14280590.0,5627199.93331
2022-12-03 16:00:00,0.39449,0.39612,0.3915,0.3931,10013306.0,3945423.73044
2022-12-03 20:00:00,0.3931,0.39382,0.385,0.38691,14180624.0,5518607.42667
2022-12-04 00:00:00,0.38691,0.39177,0.3867,0.38979,7856832.0,3063388.70874
2022-12-04 04:00:00,0.38979,0.39129,0.38929,0.38992,4849367.0,1893070.5388
2022-12-04 08:00:00,0.38992,0.39052,0.3876,0.38908,7052703.0,2743044.02665
2022-12-04 12:00:00,0.38908,0.3896,0.3856,0.38866,13295745.0,5159637.14083
2022-12-04 16:00:00,0.38866,0.39218,0.38823,0.39078,8963105.0,3495429.19261
2022-12-04 20:00:00,0.39078,0.39264,0.38695,0.38921,14616350.0,5694929.0423
2022-12-05 00:00:00,0.38921,0.3937,0.38835,0.39215,12623082.0,4933205.62155
2022-12-05 04:00:00,0.39215,0.39512,0.39044,0.39289,12356071.0,4853754.38951
2022-12-05 08:00:00,0.39289,0.39367,0.38964,0.39248,12765861.0,5000835.25194
2022-12-05 12:00:00,0.39248,0.39366,0.38834,0.39089,17094217.0,6692015.11407
2022-12-05 16:00:00,0.39089,0.39283,0.37936,0.3842,14298993.0,5517967.73239
2022-12-05 20:00:00,0.3842,0.39014,0.38361,0.38887,9659256.0,3739820.47053
2022-12-06 00:00:00,0.38887,0.39044,0.38231,0.38251,17198726.0,6646730.08742
2022-12-06 04:00:00,0.38251,0.38474,0.38061,0.3819,16727647.0,6400510.08877
2022-12-06 08:00:00,0.3819,0.38475,0.38048,0.38438,15095477.0,5776389.58566
2022-12-06 12:00:00,0.38438,0.38982,0.38418,0.38789,14402405.0,5566184.891
2022-12-06 16:00:00,0.38789,0.38934,0.3856,0.38928,9151744.0,3544780.08512
2022-12-06 20:00:00,0.38928,0.39216,0.38808,0.391,8365051.0,3262456.47708
2022-12-07 00:00:00,0.391,0.39209,0.38448,0.38534,17663657.0,6850742.89631
2022-12-07 04:00:00,0.38534,0.38817,0.37315,0.37721,26433240.0,10061115.5215
2022-12-07 08:00:00,0.37721,0.38149,0.37612,0.37794,14819193.0,5614057.58862
2022-12-07 12:00:00,0.37794,0.38353,0.37788,0.3825,11720662.0,4469772.33296
2022-12-07 16:00:00,0.3825,0.38351,0.38112,0.38152,4021047.0,1536308.81478
2022-12-07 20:00:00,0.38152,0.38354,0.3787,0.38282,10504012.0,4010555.24857
2022-12-08 00:00:00,0.38282,0.39062,0.38265,0.38573,25906115.0,10025735.32255
2022-12-08 04:00:00,0.38573,0.38874,0.38396,0.38709,12331449.0,4767258.99089
2022-12-08 08:00:00,0.38709,0.38728,0.38177,0.3856,19166537.0,7380915.25361
2022-12-08 12:00:00,0.3856,0.38933,0.3841,0.38824,10860515.0,4200376.01845
2022-12-08 16:00:00,0.38824,0.39297,0.38725,0.39208,8465855.0,3303038.78103
2022-12-08 20:00:00,0.39208,0.3958,0.3899,0.39378,13558535.0,5331691.57248
2022-12-09 00:00:00,0.39378,0.39462,0.38927,0.39078,10272645.0,4030932.81926
2022-12-09 04:00:00,0.39078,0.39389,0.38989,0.39151,11940730.0,4676886.05029
2022-12-09 08:00:00,0.39151,0.39242,0.38929,0.38982,9656096.0,3772614.78514
2022-12-09 12:00:00,0.38982,0.39145,0.38383,0.38702,17266577.0,6695410.67551
2022-12-09 16:00:00,0.38702,0.38783,0.38544,0.38658,6163640.0,2382150.64497
2022-12-09 20:00:00,0.38658,0.38933,0.38572,0.3884,4804109.0,1863575.15357
2022-12-10 00:00:00,0.3884,0.38873,0.387,0.38762,6538043.0,2535014.1337
2022-12-10 04:00:00,0.38762,0.38823,0.38664,0.3875,5173645.0,2003598.62417
2022-12-10 08:00:00,0.3875,0.3878,0.38548,0.38757,7632801.0,2952712.28534
2022-12-10 12:00:00,0.38757,0.38887,0.38652,0.38887,7795239.0,3020960.67622
2022-12-10 16:00:00,0.38887,0.38888,0.38614,0.38693,4512582.0,1747786.40464
2022-12-10 20:00:00,0.38693,0.38737,0.38504,0.38623,4322102.0,1668537.49885
2022-12-11 00:00:00,0.38623,0.38799,0.38596,0.38702,5297090.0,2050887.47344
2022-12-11 04:00:00,0.38702,0.38742,0.38579,0.38657,4039936.0,1562010.57435
2022-12-11 08:00:00,0.38657,0.38672,0.3852,0.38583,4959878.0,1912730.10563
2022-12-11 12:00:00,0.38583,0.38676,0.3843,0.38578,7279518.0,2807636.8176
2022-12-11 16:00:00,0.38578,0.38731,0.3852,0.38608,4022292.0,1553451.87634
2022-12-11 20:00:00,0.38608,0.38612,0.37706,0.38057,14690669.0,5605673.51629
2022-12-12 00:00:00,0.38057,0.38253,0.36975,0.37363,21296320.0,8019009.16551
2022-12-12 04:00:00,0.37363,0.37765,0.37333,0.37521,12103119.0,4542276.60764
2022-12-12 08:00:00,0.37521,0.37733,0.372,0.37363,13710480.0,5136856.30162
2022-12-12 12:00:00,0.37363,0.3756,0.37248,0.37522,14883548.0,5572511.99974
2022-12-12 16:00:00,0.37522,0.38036,0.37501,0.37944,7254537.0,2735687.70149
2022-12-12 20:00:00,0.37944,0.38931,0.37918,0.38699,22741597.0,8741711.93861
2022-12-13 00:00:00,0.38699,0.3876,0.37926,0.37947,21200327.0,8116717.53799
2022-12-13 04:00:00,0.37947,0.38468,0.3783,0.38238,21636003.0,8256280.49478
2022-12-13 08:00:00,0.38238,0.38633,0.37992,0.38555,16501962.0,6322852.78173
2022-12-13 12:00:00,0.38555,0.39649,0.38512,0.38997,45076359.0,17671034.98199
2022-12-13 16:00:00,0.38997,0.3943,0.38818,0.39184,9509452.0,3718760.47621
2022-12-13 20:00:00,0.39184,0.39569,0.39077,0.39475,7421408.0,2921619.24553
2022-12-14 00:00:00,0.39475,0.39512,0.38967,0.3908,12492960.0,4897588.33636
2022-12-14 04:00:00,0.3908,0.39158,0.38882,0.3899,9200149.0,3588943.10108
2022-12-14 08:00:00,0.3899,0.39138,0.38802,0.38972,12774279.0,4981969.50067
2022-12-14 12:00:00,0.38972,0.39383,0.38931,0.39285,16309659.0,6386256.96553
2022-12-14 16:00:00,0.39285,0.39319,0.37679,0.38174,27273099.0,10501883.89037
2022-12-14 20:00:00,0.38174,0.3866,0.3799,0.38483,10494763.0,4021659.16263
2022-12-15 00:00:00,0.38483,0.38643,0.37666,0.38128,22580119.0,8604234.34316
2022-12-15 04:00:00,0.38128,0.38186,0.38,0.38049,8478678.0,3230573.64412
2022-12-15 08:00:00,0.38049,0.38131,0.3779,0.38027,11178572.0,4244622.79654
2022-12-15 12:00:00,0.38027,0.3831,0.37895,0.3814,10532456.0,4009367.93786
2022-12-15 16:00:00,0.3814,0.38232,0.37366,0.3777,12924530.0,4888183.59493
2022-12-15 20:00:00,0.3777,0.37902,0.37628,0.37765,8442153.0,3186969.1901
2022-12-16 00:00:00,0.37765,0.37873,0.37603,0.37733,11301412.0,4262754.70586
2022-12-16 04:00:00,0.37733,0.3795,0.37611,0.3794,13235559.0,5000013.27344
2022-12-16 08:00:00,0.3794,0.37942,0.35597,0.36481,36900690.0,13523030.50254
2022-12-16 12:00:00,0.36481,0.3651,0.36045,0.36204,16128839.0,5860317.57084
2022-12-16 16:00:00,0.36204,0.36285,0.3564,0.36268,13670349.0,4911058.05049
2022-12-16 20:00:00,0.36268,0.36536,0.34318,0.35061,22891227.0,8072982.38435
2022-12-17 00:00:00,0.35061,0.35614,0.34912,0.35282,13612871.0,4803395.81173
2022-12-17 04:00:00,0.35282,0.357,0.3512,0.35555,7706271.0,2728955.64099
2022-12-17 08:00:00,0.35555,0.35641,0.35142,0.35223,6635633.0,2347058.64243
2022-12-17 12:00:00,0.35223,0.3534,0.35083,0.35237,5551664.0,1955088.63698
2022-12-17 16:00:00,0.35237,0.35245,0.34659,0.34971,8043573.0,2811740.76264
2022-12-17 20:00:00,0.34971,0.35514,0.34829,0.35418,5965778.0,2097705.4067
2022-12-18 00:00:00,0.35418,0.35497,0.35112,0.35317,4832509.0,1703700.06229
2022-12-18 04:00:00,0.35317,0.35525,0.35218,0.35288,4989605.0,1763498.01348
2022-12-18 08:00:00,0.35288,0.3532,0.34963,0.35182,9135305.0,3208077.12106
2022-12-18 12:00:00,0.35182,0.35225,0.349,0.34924,7532920.0,2640192.28352
2022-12-18 16:00:00,0.34924,0.35098,0.3469,0.34988,8308227.0,2897089.38339
2022-12-18 20:00:00,0.34988,0.35215,0.3486,0.34933,6128142.0,2147302.02798
2022-12-19 00:00:00,0.34933,0.35243,0.33697,0.34108,27234387.0,9359793.91922
2022-12-19 04:00:00,0.34108,0.34375,0.33807,0.34341,22157493.0,7552575.67926
2022-12-19 08:00:00,0.34341,0.34549,0.34016,0.34219,18614523.0,6380185.45901
2022-12-19 12:00:00,0.34219,0.34334,0.33829,0.34101,16787619.0,5726154.13235
2022-12-19 16:00:00,0.34101,0.34169,0.33134,0.33703,19715766.0,6629216.10645
2022-12-19 20:00:00,0.33703,0.34095,0.33416,0.33836,17352024.0,5866399.41826
2022-12-20 00:00:00,0.33836,0.34289,0.33565,0.33894,19634726.0,6650619.99063
2022-12-20 04:00:00,0.33894,0.34525,0.33835,0.3419,22793729.0,7819375.53728
2022-12-20 08:00:00,0.3419,0.34658,0.3404,0.34351,15941839.0,5474845.7528
2022-12-20 12:00:00,0.34351,0.34927,0.34211,0.3463,14501647.0,5003342.10083
2022-12-20 16:00:00,0.3463,0.3491,0.34469,0.34877,3152089.0,1092485.71704
2022-12-20 20:00:00,0.34877,0.35265,0.34792,0.34813,13387525.0,4690368.62207
2022-12-21 00:00:00,0.34813,0.35014,0.33705,0.33873,26093638.0,8965055.82334
2022-12-21 04:00:00,0.33873,0.343,0.33833,0.34048,23597732.0,8038399.15322
2022-12-21 08:00:00,0.34048,0.3445,0.33886,0.34346,14197837.0,4863437.49627
2022-12-21 12:00:00,0.34346,0.3441,0.34086,0.34334,10332675.0,3540425.06567
2022-12-21 16:00:00,0.34334,0.34364,0.341,0.34283,4165920.0,1425111.18183
2022-12-21 20:00:00,0.34283,0.3468,0.34198,0.34453,7950692.0,2742083.76524
2022-12-22 00:00:00,0.34453,0.3467,0.3415,0.34298,15296741.0,5262088.23897
2022-12-22 04:00:00,0.34298,0.34525,0.3416,0.34438,10750951.0,3692126.06998
2022-12-22 08:00:00,0.34438,0.34772,0.34323,0.3461,14467171.0,5005966.58143
2022-12-22 12:00:00,0.3461,0.34667,0.34119,0.3425,16401335.0,5643369.36616
2022-12-22 16:00:00,0.3425,0.34416,0.34158,0.34415,4957840.0,1699344.37167
2022-12-22 20:00:00,0.34415,0.3498,0.34415,0.34881,13122373.0,4565903.09963
2022-12-23 00:00:00,0.34881,0.35,0.34685,0.3493,17129334.0,5959713.55691
2022-12-23 04:00:00,0.3493,0.35133,0.3481,0.3489,11780491.0,4118397.07187
2022-12-23 08:00:00,0.3489,0.35179,0.34727,0.35073,13061065.0,4565967.19148
2022-12-23 12:00:00,0.35073,0.35412,0.34864,0.34984,19050167.0,6687843.51781
2022-12-23 16:00:00,0.34984,0.35254,0.34962,0.35231,4400329.0,1545564.80779
2022-12-23 20:00:00,0.35231,0.35464,0.35033,0.35393,9860937.0,3482321.9553
2022-12-24 00:00:00,0.35393,0.35394,0.3517,0.35246,5166370.0,1821398.49033
2022-12-24 04:00:00,0.35246,0.35333,0.35079,0.35136,10746557.0,3779225.87846
2022-12-24 08:00:00,0.35136,0.35193,0.35079,0.35186,3504119.0,1230990.55961
2022-12-24 12:00:00,0.35186,0.35242,0.35112,0.35124,4498215.0,1581943.60545
2022-12-24 16:00:00,0.35124,0.3524,0.35122,0.352,3199244.0,1125309.42808
2022-12-24 20:00:00,0.352,0.35244,0.35101,0.35148,2929977.0,1030382.06509
2022-12-25 00:00:00,0.35148,0.35171,0.34751,0.34931,9246052.0,3231715.72167
2022-12-25 04:00:00,0.34931,0.34944,0.34809,0.3484,8001433.0,2789930.94914
2022-12-25 08:00:00,0.3484,0.34875,0.34661,0.3468,12387317.0,4306217.41097
2022-12-25 12:00:00,0.3468,0.34779,0.3434,0.34574,19633574.0,6794434.98806
2022-12-25 16:00:00,0.34574,0.34654,0.344,0.3452,5760954.0,1988832.22394
2022-12-25 20:00:00,0.3452,0.34674,0.34403,0.34562,6089579.0,2103677.65005
2022-12-26 00:00:00,0.34562,0.3495,0.34541,0.34919,23891453.0,8324768.96743
2022-12-26 04:00:00,0.34919,0.35105,0.34881,0.35061,19275952.0,6740529.99821
2022-12-26 08:00:00,0.35061,0.35144,0.34951,0.35046,11606033.0,4067272.07253
2022-12-26 12:00:00,0.35046,0.35617,0.35046,0.35596,27047924.0,9578165.27823
2022-12-26 16:00:00,0.35596,0.36931,0.3555,0.3658,48134063.0,17444426.3768
2022-12-26 20:00:00,0.3658,0.36913,0.36411,0.36539,26912809.0,9863964.40376
2022-12-27 00:00:00,0.36539,0.36722,0.35857,0.35905,25051293.0,9076676.6918
2022-12-27 04:00:00,0.35905,0.37026,0.35883,0.36769,42290948.0,15428987.94803
2022-12-27 08:00:00,0.36769,0.37267,0.36593,0.36847,66683411.0,24672607.49562
2022-12-27 12:00:00,0.36847,0.37097,0.36372,0.36886,46360433.0,17034862.17081
2022-12-27 16:00:00,0.36886,0.37016,0.36543,0.36917,22271001.0,8191061.64189
2022-12-27 20:00:00,0.36917,0.3718,0.36707,0.36745,29325578.0,10842457.40676
2022-12-28 00:00:00,0.36745,0.36855,0.3585,0.35959,39733554.0,14441818.44412
2022-12-28 04:00:00,0.35959,0.36351,0.3544,0.35865,40510545.0,14525588.70292
2022-12-28 08:00:00,0.35865,0.35927,0.35611,0.35829,19454970.0,6960013.62569
2022-12-28 12:00:00,0.35829,0.36174,0.35665,0.35689,23839271.0,8567938.56692
2022-12-28 16:00:00,0.35689,0.35975,0.35528,0.3581,14733073.0,5271360.58696
2022-12-28 20:00:00,0.3581,0.35947,0.35517,0.35555,21110943.0,7547626.48755
2022-12-29 00:00:00,0.35555,0.35748,0.3422,0.34579,67378834.0,23460716.83245
2022-12-29 04:00:00,0.34579,0.34822,0.34328,0.34654,30443233.0,10529227.72649
2022-12-29 08:00:00,0.34654,0.34737,0.3428,0.34339,23916987.0,8266553.61671
2022-12-29 12:00:00,0.34339,0.34686,0.34293,0.34541,22255955.0,7683935.45104
2022-12-29 16:00:00,0.34541,0.3466,0.3429,0.34387,10627802.0,3666122.55551
2022-12-29 20:00:00,0.34387,0.34435,0.33626,0.34187,32932117.0,11210612.43085
2022-12-30 00:00:00,0.34187,0.34463,0.33372,0.33805,41284187.0,13947437.18821
2022-12-30 04:00:00,0.33805,0.33975,0.3335,0.3365,26359789.0,8890160.24251
2022-12-30 08:00:00,0.3365,0.33883,0.33611,0.33779,16007004.0,5402376.15479
2022-12-30 12:00:00,0.33779,0.34014,0.3362,0.33928,26052229.0,8820699.74463
2022-12-30 16:00:00,0.33928,0.34383,0.33867,0.34372,10318093.0,3521421.11047
2022-12-30 20:00:00,0.34372,0.3457,0.342,0.3449,17772916.0,6112855.26793
2022-12-31 00:00:00,0.3449,0.3449,0.33969,0.34018,16882442.0,5768365.31571
2022-12-31 04:00:00,0.34018,0.34259,0.33981,0.34245,6565324.0,2240231.76953
2022-12-31 08:00:00,0.34245,0.34437,0.34155,0.34349,9673382.0,3317167.94785
2022-12-31 12:00:00,0.34349,0.34527,0.34254,0.3437,7921378.0,2722000.77483
2022-12-31 16:00:00,0.3437,0.34379,0.34045,0.34244,7628578.0,2608337.26781
2022-12-31 20:00:00,0.34244,0.34353,0.33849,0.33901,11678692.0,3976782.98563
2023-01-01 00:00:00,0.33901,0.33921,0.337,0.33814,14061678.0,4754506.64406
2023-01-01 04:00:00,0.33814,0.3384,0.33509,0.33654,15334041.0,5159316.31119
2023-01-01 08:00:00,0.33654,0.3384,0.33619,0.33827,12016295.0,4054545.15595
2023-01-01 12:00:00,0.33827,0.33872,0.3363,0.3368,8368708.0,2824548.20152
2023-01-01 16:00:00,0.3368,0.33972,0.33673,0.33883,9022804.0,3053625.43291
2023-01-01 20:00:00,0.33883,0.3393,0.33738,0.33863,9875654.0,3341771.21606
2023-01-02 00:00:00,0.33863,0.33923,0.2966,0.32781,90975158.0,29385860.49885
2023-01-02 04:00:00,0.32781,0.33932,0.326,0.33683,61954993.0,20598137.60419
2023-01-02 08:00:00,0.33683,0.34771,0.33675,0.34404,50982917.0,17503143.36536
2023-01-02 12:00:00,0.34404,0.35263,0.34167,0.35064,37836359.0,13109726.15556
2023-01-02 16:00:00,0.35064,0.35499,0.34873,0.35105,26004324.0,9138398.36827
2023-01-02 20:00:00,0.35105,0.3538,0.34664,0.34778,22851363.0,8004878.66131
2023-01-03 00:00:00,0.34778,0.34841,0.3416,0.3432,29609128.0,10209248.70545
2023-01-03 04:00:00,0.3432,0.3513,0.34267,0.34907,30584323.0,10611856.19985
2023-01-03 08:00:00,0.34907,0.34943,0.344,0.34418,21699740.0,7511559.81914
2023-01-03 12:00:00,0.34418,0.34694,0.33956,0.34353,32543277.0,11187867.90059
2023-01-03 16:00:00,0.34353,0.34546,0.34124,0.34511,10853941.0,3723513.21445
2023-01-03 20:00:00,0.34511,0.34682,0.34275,0.34331,9532995.0,3286823.3058
2023-01-04 00:00:00,0.34331,0.35247,0.34188,0.34859,27383957.0,9516596.23886
2023-01-04 04:00:00,0.34859,0.35012,0.34717,0.34939,14135883.0,4925974.384
2023-01-04 08:00:00,0.34939,0.35078,0.34741,0.34858,16297915.0,5689684.4715
2023-01-04 12:00:00,0.34858,0.34899,0.343,0.34716,17545262.0,6082718.69215
2023-01-04 16:00:00,0.34716,0.3515,0.3439,0.34638,15179090.0,5275759.69382
2023-01-04 20:00:00,0.34638,0.34785,0.34359,0.34672,6537365.0,2259761.52021
2023-01-05 00:00:00,0.34672,0.34836,0.3437,0.34543,12802400.0,4427391.81916
2023-01-05 04:00:00,0.34543,0.3477,0.3433,0.34471,11081640.0,3828730.40035
2023-01-05 08:00:00,0.34471,0.34524,0.33679,0.34163,24832406.0,8479496.64004
2023-01-05 12:00:00,0.34163,0.3421,0.33813,0.3396,17696198.0,6023147.56918
2023-01-05 16:00:00,0.3396,0.3414,0.33748,0.34096,8107376.0,2752126.13479
2023-01-05 20:00:00,0.34096,0.34188,0.33254,0.33767,11858696.0,4016561.29311
2023-01-06 00:00:00,0.33767,0.34068,0.33527,0.3389,15538422.0,5252546.34769
2023-01-06 04:00:00,0.3389,0.33895,0.33103,0.33469,28378509.0,9490019.9497
2023-01-06 08:00:00,0.33469,0.33663,0.33367,0.33434,12242700.0,4102980.62504
2023-01-06 12:00:00,0.33434,0.338,0.33306,0.33764,14780863.0,4962410.28159
2023-01-06 16:00:00,0.33764,0.3422,0.3359,0.34155,9441386.0,3198878.62444
2023-01-06 20:00:00,0.34155,0.3457,0.3401,0.34421,14629733.0,5018182.06308
2023-01-07 00:00:00,0.34421,0.34535,0.34229,0.34252,10817645.0,3717992.46888
2023-01-07 04:00:00,0.34252,0.3434,0.34111,0.34243,8209174.0,2808515.55451
2023-01-07 08:00:00,0.34243,0.34303,0.34165,0.34251,5245863.0,1796060.31461
2023-01-07 12:00:00,0.34251,0.34545,0.34171,0.34454,7814409.0,2684283.99375
2023-01-07 16:00:00,0.34454,0.34567,0.34231,0.3447,9095404.0,3131326.02399
2023-01-07 20:00:00,0.3447,0.34504,0.34279,0.34403,6394298.0,2197957.03801
2023-01-08 00:00:00,0.34403,0.3447,0.33529,0.34107,18068278.0,6148589.44446
2023-01-08 04:00:00,0.34107,0.34124,0.33933,0.33993,7745001.0,2634798.08185
2023-01-08 08:00:00,0.33993,0.3416,0.3382,0.33872,9168920.0,3115483.89283
2023-01-08 12:00:00,0.33872,0.34304,0.33853,0.34261,11417397.0,3885512.16685
2023-01-08 16:00:00,0.34261,0.34344,0.33843,0.34007,8706799.0,2960916.18273
2023-01-08 20:00:00,0.34007,0.34675,0.33975,0.34485,14904824.0,5110123.5915
2023-01-09 00:00:00,0.34485,0.35324,0.34351,0.35131,28833442.0,10052328.23094
2023-01-09 04:00:00,0.35131,0.3543,0.3471,0.3488,20833170.0,7297757.32679
2023-01-09 08:00:00,0.3488,0.35231,0.3478,0.3501,14477657.0,5071092.00261
2023-01-09 12:00:00,0.3501,0.35702,0.34412,0.35487,36366643.0,12782378.20196
2023-01-09 16:00:00,0.35487,0.35732,0.35041,0.35524,14010864.0,4967187.97525
2023-01-09 20:00:00,0.35524,0.35625,0.3465,0.34878,21015136.0,7343655.60517
2023-01-10 00:00:00,0.34878,0.352,0.34294,0.34847,18452192.0,6416648.0512
2023-01-10 04:00:00,0.34847,0.34937,0.3465,0.34752,11076701.0,3853874.76436
2023-01-10 08:00:00,0.34752,0.35039,0.34678,0.349,11918806.0,4158892.69974
2023-01-10 12:00:00,0.349,0.35062,0.34617,0.34973,18496912.0,6446977.03313
2023-01-10 16:00:00,0.34973,0.35349,0.34781,0.35326,10852468.0,3800969.80337
2023-01-10 20:00:00,0.35326,0.35389,0.3504,0.35079,9964902.0,3509699.99543
2023-01-11 00:00:00,0.35079,0.35165,0.34756,0.34908,15187059.0,5307352.27942
2023-01-11 04:00:00,0.34908,0.36788,0.34896,0.36174,66420997.0,23989919.64065
2023-01-11 08:00:00,0.36174,0.3659,0.35951,0.36176,28159570.0,10208784.46533
2023-01-11 12:00:00,0.36176,0.37499,0.361,0.369,97073969.0,35783451.47995
2023-01-11 16:00:00,0.369,0.37835,0.36693,0.37158,43185738.0,16045823.62831
2023-01-11 20:00:00,0.37158,0.37483,0.368,0.37278,26306788.0,9774629.40929
2023-01-12 00:00:00,0.37278,0.38134,0.37054,0.3764,34435929.0,12887821.07695
2023-01-12 04:00:00,0.3764,0.37842,0.3712,0.37325,16930039.0,6338086.80477
2023-01-12 08:00:00,0.37325,0.37439,0.3679,0.36888,19650926.0,7290287.23091
2023-01-12 12:00:00,0.36888,0.3742,0.35907,0.36705,46729398.0,17198087.5551
2023-01-12 16:00:00,0.36705,0.37825,0.36635,0.37491,16743874.0,6244518.38853
2023-01-12 20:00:00,0.37491,0.37713,0.37394,0.37464,10751824.0,4034260.6679
2023-01-13 00:00:00,0.37464,0.37864,0.37007,0.3784,23516080.0,8787715.18956
2023-01-13 04:00:00,0.3784,0.37974,0.37496,0.37627,15999342.0,6032142.01057
2023-01-13 08:00:00,0.37627,0.378,0.37312,0.37422,16633093.0,6248103.28277
2023-01-13 12:00:00,0.37422,0.37487,0.36831,0.37379,14114485.0,5245996.51174
2023-01-13 16:00:00,0.37379,0.37684,0.36988,0.37639,10212866.0,3811812.00445
2023-01-13 20:00:00,0.37639,0.3865,0.3752,0.38563,22163639.0,8480457.63345
2023-01-14 00:00:00,0.38563,0.40655,0.38463,0.40146,39971323.0,15902466.88873
2023-01-14 04:00:00,0.40146,0.40801,0.39813,0.40451,17966424.0,7243849.6932
2023-01-14 08:00:00,0.40451,0.40921,0.37513,0.39263,45228884.0,17740418.71778
2023-01-14 12:00:00,0.39263,0.39755,0.38612,0.39409,19028353.0,7471842.71564
2023-01-14 16:00:00,0.39409,0.39561,0.3899,0.3921,7618416.0,2994393.05985
2023-01-14 20:00:00,0.3921,0.39715,0.39098,0.39499,5811031.0,2288529.14829
2023-01-15 00:00:00,0.39499,0.3967,0.38482,0.3898,17004065.0,6608490.70553
2023-01-15 04:00:00,0.3898,0.39008,0.38488,0.38777,8475563.0,3284590.42592
2023-01-15 08:00:00,0.38777,0.38812,0.38,0.38382,14413598.0,5528567.57761
2023-01-15 12:00:00,0.38382,0.38921,0.37986,0.38873,21971016.0,8425329.43635
2023-01-15 16:00:00,0.38873,0.39046,0.38287,0.38573,14712744.0,5690221.70172
2023-01-15 20:00:00,0.38573,0.38722,0.38169,0.3845,8593020.0,3301488.74902
2023-01-16 00:00:00,0.3845,0.4054,0.384,0.40491,32137688.0,12622271.39251
2023-01-16 04:00:00,0.40491,0.40599,0.39245,0.39336,23439653.0,9353271.53806
2023-01-16 08:00:00,0.39336,0.39345,0.37706,0.38492,31819965.0,12243852.6532
2023-01-16 12:00:00,0.38492,0.387,0.37749,0.38548,21651795.0,8302359.05295
2023-01-16 16:00:00,0.38548,0.39259,0.38467,0.39194,10337799.0,4017140.42156
2023-01-16 20:00:00,0.39194,0.39391,0.38391,0.38542,11554086.0,4486953.90769
2023-01-17 00:00:00,0.38542,0.38878,0.3784,0.38328,20194849.0,7734995.20513
2023-01-17 04:00:00,0.38328,0.38993,0.3829,0.38954,13976229.0,5403846.47033
2023-01-17 08:00:00,0.38954,0.39117,0.3851,0.38787,12554362.0,4868130.56968
2023-01-17 12:00:00,0.38787,0.39182,0.38359,0.3868,15330956.0,5943393.44413
2023-01-17 16:00:00,0.3868,0.3953,0.38469,0.3924,10019885.0,3912821.34499
2023-01-17 20:00:00,0.3924,0.39826,0.38647,0.3869,13226189.0,5185463.6544
2023-01-18 00:00:00,0.3869,0.39239,0.38518,0.38735,13378331.0,5187165.96573
2023-01-18 04:00:00,0.38735,0.3891,0.38612,0.38867,8349660.0,3235814.01183
2023-01-18 08:00:00,0.38867,0.39157,0.38427,0.38886,16606962.0,6444136.55516
2023-01-18 12:00:00,0.38886,0.39601,0.3705,0.38135,38174497.0,14785335.10717
2023-01-18 16:00:00,0.38135,0.39121,0.3658,0.3893,33545052.0,12644873.05847
2023-01-18 20:00:00,0.3893,0.38994,0.37642,0.37801,16166345.0,6179585.02874
2023-01-19 00:00:00,0.37801,0.38129,0.37587,0.3786,11140360.0,4217735.21565
2023-01-19 04:00:00,0.3786,0.38433,0.37848,0.38383,10081055.0,3852201.11355
2023-01-19 08:00:00,0.38383,0.3893,0.38162,0.38434,17216359.0,6632722.98151
2023-01-19 12:00:00,0.38434,0.3935,0.38191,0.39021,39946695.0,15493670.13139
2023-01-19 16:00:00,0.39021,0.39664,0.38856,0.39304,21425977.0,8392907.481
2023-01-19 20:00:00,0.39304,0.39538,0.39091,0.39256,7033443.0,2766268.09428
2023-01-20 00:00:00,0.39256,0.39326,0.38915,0.39064,8286946.0,3239583.81074
2023-01-20 04:00:00,0.39064,0.39202,0.386,0.38811,13705076.0,5318005.4945
2023-01-20 08:00:00,0.38811,0.393,0.38792,0.39106,9385387.0,3667450.95148
2023-01-20 12:00:00,0.39106,0.39404,0.38917,0.3921,12171874.0,4775082.21489
2023-01-20 16:00:00,0.3921,0.40262,0.3921,0.40202,13872570.0,5512222.06639
2023-01-20 20:00:00,0.40202,0.41377,0.40156,0.41262,30030140.0,12262564.82501
2023-01-21 00:00:00,0.41262,0.41403,0.40564,0.41,16450709.0,6737481.28696
2023-01-21 04:00:00,0.41,0.41164,0.40775,0.41021,6899734.0,2829266.70276
2023-01-21 08:00:00,0.41021,0.41632,0.3963,0.4086,29094641.0,11845576.26993
2023-01-21 12:00:00,0.4086,0.4131,0.40539,0.40833,11910139.0,4880882.35238
2023-01-21 16:00:00,0.40833,0.41407,0.40798,0.41352,6121178.0,2515998.06338
2023-01-21 20:00:00,0.41352,0.41409,0.40124,0.40328,9899994.0,4024935.92206
2023-01-22 00:00:00,0.40328,0.40638,0.399,0.40416,10833192.0,4364864.53045
2023-01-22 04:00:00,0.40416,0.40806,0.4037,0.4046,4760608.0,1931614.95576
2023-01-22 08:00:00,0.4046,0.40618,0.40262,0.40414,8066876.0,3258607.38015
2023-01-22 12:00:00,0.40414,0.41,0.40071,0.40522,13078615.0,5310607.90229
2023-01-22 16:00:00,0.40522,0.41179,0.40306,0.40484,8705578.0,3551551.86185
2023-01-22 20:00:00,0.40484,0.4049,0.39549,0.40053,17137318.0,6841219.38041
2023-01-23 00:00:00,0.40053,0.41201,0.39946,0.40522,15820751.0,6440001.96987
2023-01-23 04:00:00,0.40522,0.414,0.40383,0.41366,11852394.0,4834710.2844
2023-01-23 08:00:00,0.41366,0.4324,0.413,0.42365,48620511.0,20616102.0353
2023-01-23 12:00:00,0.42365,0.42943,0.41219,0.42152,36210788.0,15283237.50469
2023-01-23 16:00:00,0.42152,0.43083,0.41853,0.42667,15270977.0,6479554.95547
2023-01-23 20:00:00,0.42667,0.4333,0.4224,0.42381,17304653.0,7409038.49887
2023-01-24 00:00:00,0.42381,0.42568,0.42,0.4248,16280896.0,6890235.08122
2023-01-24 04:00:00,0.4248,0.42494,0.41844,0.42339,11301732.0,4766814.10849
2023-01-24 08:00:00,0.42339,0.43047,0.42004,0.42189,19473583.0,8282883.26502
2023-01-24 12:00:00,0.42189,0.42467,0.41605,0.42133,12074828.0,5085779.90403
2023-01-24 16:00:00,0.42133,0.42357,0.415,0.42351,9367088.0,3933027.16858
2023-01-24 20:00:00,0.42351,0.42414,0.40217,0.40811,21551200.0,8843654.97593
2023-01-25 00:00:00,0.40811,0.40811,0.39639,0.40436,17249011.0,6942094.73411
2023-01-25 04:00:00,0.40436,0.40943,0.40403,0.40902,9667073.0,3932061.43501
2023-01-25 08:00:00,0.40902,0.41,0.40309,0.4054,9979470.0,4057499.2131
2023-01-25 12:00:00,0.4054,0.40924,0.40159,0.40544,16059062.0,6517998.79667
2023-01-25 16:00:00,0.40544,0.41143,0.4039,0.41108,6044687.0,2462672.73728
2023-01-25 20:00:00,0.41108,0.42375,0.41108,0.4166,17180910.0,7157996.76895
2023-01-26 00:00:00,0.4166,0.4177,0.41008,0.41165,9627819.0,3986406.29886
2023-01-26 04:00:00,0.41165,0.4155,0.40777,0.40923,8916047.0,3674006.10043
2023-01-26 08:00:00,0.40923,0.41236,0.40878,0.41084,8044592.0,3303256.2468
2023-01-26 12:00:00,0.41084,0.41496,0.40623,0.40921,13911159.0,5723979.80383
2023-01-26 16:00:00,0.40921,0.41228,0.40515,0.41225,6793963.0,2776574.60956
2023-01-26 20:00:00,0.41225,0.41345,0.40821,0.40927,6062056.0,2490363.31727
2023-01-27 00:00:00,0.40927,0.41047,0.39849,0.40524,18223111.0,7362190.12408
2023-01-27 04:00:00,0.40524,0.40758,0.40309,0.40755,8748681.0,3543032.0766
2023-01-27 08:00:00,0.40755,0.40893,0.4058,0.40669,4813086.0,1959316.94791
2023-01-27 12:00:00,0.40669,0.40904,0.40382,0.40659,8461462.0,3437362.25186
2023-01-27 16:00:00,0.40659,0.4125,0.40624,0.41194,4503892.0,1846283.94434
2023-01-27 20:00:00,0.41194,0.41307,0.4085,0.41238,5771062.0,2372213.6563
2023-01-28 00:00:00,0.41238,0.41656,0.40927,0.41044,7437301.0,3062589.88415
2023-01-28 04:00:00,0.41044,0.41424,0.40854,0.41085,10283619.0,4232496.44317
2023-01-28 08:00:00,0.41085,0.41162,0.4087,0.41079,7387159.0,3031042.67711
2023-01-28 12:00:00,0.41079,0.41092,0.40566,0.40905,10143825.0,4141643.92973
2023-01-28 16:00:00,0.40905,0.41012,0.40725,0.40944,5314854.0,2172097.03015
2023-01-28 20:00:00,0.40944,0.40962,0.405,0.4078,4564593.0,1857162.34854
2023-01-29 00:00:00,0.4078,0.41386,0.40657,0.40989,12499966.0,5131898.61776
2023-01-29 04:00:00,0.40989,0.41046,0.40881,0.40989,3607916.0,1478395.95587
2023-01-29 08:00:00,0.40989,0.41392,0.40963,0.41191,7535910.0,3102698.83628
2023-01-29 12:00:00,0.41191,0.41326,0.4105,0.41178,7902434.0,3253980.07048
2023-01-29 16:00:00,0.41178,0.41744,0.41035,0.41587,7565524.0,3133458.76516
2023-01-29 20:00:00,0.41587,0.416,0.41195,0.41313,7210438.0,2979854.72388
2023-01-30 00:00:00,0.41313,0.42187,0.40749,0.41348,17752031.0,7347187.27826
2023-01-30 04:00:00,0.41348,0.41494,0.409,0.41065,7986305.0,3289408.3355
2023-01-30 08:00:00,0.41065,0.41177,0.39516,0.39728,26167205.0,10526499.73446
2023-01-30 12:00:00,0.39728,0.40298,0.39623,0.40003,8659064.0,3461178.58455
2023-01-30 16:00:00,0.40003,0.4018,0.38453,0.39497,18742610.0,7361031.79103
2023-01-30 20:00:00,0.39497,0.396,0.38817,0.39347,10286242.0,4044939.3124
2023-01-31 00:00:00,0.39347,0.39417,0.38791,0.39133,12511066.0,4896494.92034
2023-01-31 04:00:00,0.39133,0.39543,0.38833,0.3953,10597896.0,4151764.92076
2023-01-31 08:00:00,0.3953,0.40233,0.3938,0.39936,15796950.0,6293234.80774
2023-01-31 12:00:00,0.39936,0.4029,0.3988,0.40189,11049869.0,4435058.9207
2023-01-31 16:00:00,0.40189,0.41146,0.40126,0.40929,11213802.0,4551521.44715
2023-01-31 20:00:00,0.40929,0.41064,0.40138,0.40534,11848756.0,4806487.74735
2023-02-01 00:00:00,0.40534,0.40611,0.40042,0.40275,9664576.0,3892368.56511
2023-02-01 04:00:00,0.40275,0.40635,0.39855,0.40003,9292420.0,3737634.88058
2023-02-01 08:00:00,0.40003,0.40516,0.39809,0.40268,11459255.0,4600393.00197
2023-02-01 12:00:00,0.40268,0.40489,0.39625,0.39762,10431973.0,4193299.55197
2023-02-01 16:00:00,0.39762,0.4095,0.39654,0.40744,11692448.0,4701549.92928
2023-02-01 20:00:00,0.40744,0.41569,0.40744,0.41305,9666478.0,3989314.38821
2023-02-02 00:00:00,0.41305,0.41751,0.41043,0.41257,16823031.0,6957041.07347
2023-02-02 04:00:00,0.41257,0.41554,0.41027,0.41281,9133656.0,3769996.06041
2023-02-02 08:00:00,0.41281,0.41535,0.41209,0.41439,4863921.0,2014646.63773
2023-02-02 12:00:00,0.41439,0.41578,0.41056,0.41443,10400710.0,4302792.54961
2023-02-02 16:00:00,0.41443,0.41952,0.41169,0.41337,11182500.0,4642660.33926
2023-02-02 20:00:00,0.41337,0.4148,0.40775,0.40999,11532616.0,4737635.41475
2023-02-03 00:00:00,0.40999,0.4113,0.40596,0.41093,6554537.0,2679990.10185
2023-02-03 04:00:00,0.41093,0.41263,0.40911,0.41026,6227539.0,2558462.49628
2023-02-03 08:00:00,0.41026,0.4138,0.40926,0.41107,5583645.0,2299288.17754
2023-02-03 12:00:00,0.41107,0.41211,0.4056,0.41037,13132817.0,5373612.87879
2023-02-03 16:00:00,0.41037,0.41119,0.40668,0.40885,6633688.0,2711511.14803
2023-02-03 20:00:00,0.40885,0.41256,0.40711,0.41125,3776011.0,1548688.14501
2023-02-04 00:00:00,0.41125,0.41208,0.40858,0.40875,4658676.0,1910597.21204
2023-02-04 04:00:00,0.40875,0.40965,0.40745,0.40961,3908740.0,1596667.87227
2023-02-04 08:00:00,0.40961,0.41096,0.40841,0.41077,2523870.0,1034054.57358
2023-02-04 12:00:00,0.41077,0.4132,0.41039,0.41281,9186958.0,3782672.08429
2023-02-04 16:00:00,0.41281,0.4205,0.41071,0.4163,11034763.0,4580051.06936
2023-02-04 20:00:00,0.4163,0.41669,0.40813,0.41054,7746486.0,3196720.88828
2023-02-05 00:00:00,0.41054,0.41189,0.40709,0.40866,7729306.0,3163158.02674
2023-02-05 04:00:00,0.40866,0.4105,0.40835,0.41002,3935628.0,1612159.62102
2023-02-05 08:00:00,0.41002,0.41155,0.40896,0.409,5371164.0,2204165.53672
2023-02-05 12:00:00,0.409,0.40992,0.3983,0.40027,20345597.0,8196687.9086
2023-02-05 16:00:00,0.40027,0.40101,0.39397,0.39774,11198915.0,4451793.10652
2023-02-05 20:00:00,0.39774,0.3998,0.39573,0.39841,4900708.0,1951637.17771
2023-02-06 00:00:00,0.39841,0.40291,0.39601,0.39805,7462277.0,2977803.2024
2023-02-06 04:00:00,0.39805,0.40077,0.39356,0.39796,8547340.0,3400685.51658
2023-02-06 08:00:00,0.39796,0.3999,0.39494,0.3975,5066273.0,2012373.66523
2023-02-06 12:00:00,0.3975,0.40019,0.39609,0.40015,5727049.0,2276215.57735
2023-02-06 16:00:00,0.40015,0.40329,0.39837,0.40263,9825909.0,3940384.15521
2023-02-06 20:00:00,0.40263,0.40298,0.39058,0.39183,9459853.0,3742168.88176
2023-02-07 00:00:00,0.39183,0.39487,0.39009,0.39294,7896976.0,3099072.92035
2023-02-07 04:00:00,0.39294,0.39667,0.39247,0.39524,5203052.0,2054771.30917
2023-02-07 08:00:00,0.39524,0.39793,0.39321,0.39617,6311973.0,2498537.18664
2023-02-07 12:00:00,0.39617,0.3974,0.39354,0.39421,5468458.0,2163158.13219
2023-02-07 16:00:00,0.39421,0.4012,0.39108,0.3997,8285886.0,3286500.86695
2023-02-07 20:00:00,0.3997,0.40455,0.3989,0.40346,6019880.0,2421988.54777
2023-02-08 00:00:00,0.40346,0.4059,0.40021,0.40121,8461284.0,3405831.81271
2023-02-08 04:00:00,0.40121,0.40246,0.40013,0.40203,6175186.0,2478182.34342
2023-02-08 08:00:00,0.40203,0.40206,0.39908,0.40182,6234019.0,2497261.15207
2023-02-08 12:00:00,0.40182,0.402,0.3965,0.3973,7719295.0,3085523.90558
2023-02-08 16:00:00,0.3973,0.39888,0.3936,0.39668,5152289.0,2042819.80104
2023-02-08 20:00:00,0.39668,0.39939,0.39455,0.39768,4423768.0,1759125.54558
2023-02-09 00:00:00,0.39768,0.39926,0.38521,0.39061,17407175.0,6831163.33478
2023-02-09 04:00:00,0.39061,0.39415,0.38924,0.39367,7585624.0,2973026.27464
2023-02-09 08:00:00,0.39367,0.39463,0.392,0.39352,5823704.0,2291209.88958
2023-02-09 12:00:00,0.39352,0.40895,0.39256,0.40155,26089633.0,10497392.94066
2023-02-09 16:00:00,0.40155,0.404,0.37921,0.38761,25063445.0,9892074.85529
2023-02-09 20:00:00,0.38761,0.38961,0.37168,0.38121,18234030.0,6950520.88803
2023-02-10 00:00:00,0.38121,0.38742,0.37985,0.387,11225179.0,4317288.41735
2023-02-10 04:00:00,0.387,0.38726,0.38009,0.38598,14204105.0,5456095.86004
2023-02-10 08:00:00,0.38598,0.3867,0.38238,0.38282,6417627.0,2470021.00718
2023-02-10 12:00:00,0.38282,0.38455,0.3767,0.37996,7616398.0,2906943.28381
2023-02-10 16:00:00,0.37996,0.38425,0.37754,0.38399,6542446.0,2486346.34279
2023-02-10 20:00:00,0.38399,0.3843,0.37951,0.38163,4791955.0,1829060.43546
2023-02-11 00:00:00,0.38163,0.3836,0.38009,0.38237,4997781.0,1907328.12056
2023-02-11 04:00:00,0.38237,0.38319,0.3806,0.38158,5232835.0,1997405.8107
2023-02-11 08:00:00,0.38158,0.3829,0.38112,0.38212,3478279.0,1328516.06191
2023-02-11 12:00:00,0.38212,0.38301,0.38168,0.38209,3240786.0,1238983.88647
2023-02-11 16:00:00,0.38209,0.38222,0.3791,0.38092,4755061.0,1811036.07459
2023-02-11 20:00:00,0.38092,0.38414,0.38084,0.38334,4056441.0,1552550.94341
2023-02-12 00:00:00,0.38334,0.38342,0.381,0.38107,2919389.0,1114780.04891
2023-02-12 04:00:00,0.38107,0.38165,0.37977,0.38086,4164345.0,1585370.7613
2023-02-12 08:00:00,0.38086,0.38312,0.38063,0.3821,5029622.0,1922428.48093
2023-02-12 12:00:00,0.3821,0.38297,0.38024,0.38217,7280347.0,2776235.12016
2023-02-12 16:00:00,0.38217,0.38478,0.38155,0.38329,4136737.0,1585044.42987
2023-02-12 20:00:00,0.38329,0.38367,0.37052,0.37451,14093422.0,5303898.83535
2023-02-13 00:00:00,0.37451,0.378,0.366,0.37172,17350414.0,6458766.94762
2023-02-13 04:00:00,0.37172,0.3765,0.3709,0.3755,10181849.0,3802353.77641
2023-02-13 08:00:00,0.3755,0.3755,0.3606,0.36519,17598591.0,6459658.10154
2023-02-13 12:00:00,0.36519,0.37035,0.36446,0.3666,10473888.0,3846974.58399
2023-02-13 16:00:00,0.3666,0.37091,0.3632,0.3709,9395095.0,3446359.52634
2023-02-13 20:00:00,0.3709,0.37294,0.36882,0.37042,5273184.0,1959023.02551
2023-02-14 00:00:00,0.37042,0.37078,0.36424,0.36749,11860661.0,4347283.34894
2023-02-14 04:00:00,0.36749,0.37047,0.36619,0.37002,8728910.0,3216765.48973
2023-02-14 08:00:00,0.37002,0.37059,0.36633,0.36924,14243951.0,5250572.82373
2023-02-14 12:00:00,0.36924,0.37755,0.36479,0.37532,24013645.0,8914100.69232
2023-02-14 16:00:00,0.37532,0.3801,0.37309,0.37917,7156038.0,2695144.73795
2023-02-14 20:00:00,0.37917,0.3842,0.37683,0.38169,10292473.0,3919791.13062
2023-02-15 00:00:00,0.38169,0.38169,0.3764,0.38006,8310142.0,3145128.55167
2023-02-15 04:00:00,0.38006,0.38273,0.37949,0.38205,8522922.0,3248078.57785
2023-02-15 08:00:00,0.38205,0.3862,0.38079,0.38571,7935917.0,3042123.24532
2023-02-15 12:00:00,0.38571,0.3889,0.3854,0.38664,11254215.0,4354750.77537
2023-02-15 16:00:00,0.38664,0.39436,0.3847,0.39378,5474950.0,2127970.03995
2023-02-15 20:00:00,0.39378,0.40249,0.39315,0.40094,17021835.0,6799220.46059
2023-02-16 00:00:00,0.40094,0.40481,0.39624,0.4009,14441199.0,5780864.42157
2023-02-16 04:00:00,0.4009,0.403,0.39814,0.3999,8941309.0,3579369.73839
2023-02-16 08:00:00,0.3999,0.4016,0.39642,0.39766,10664813.0,4254222.73625
2023-02-16 12:00:00,0.39766,0.40192,0.39385,0.40163,15276614.0,6066146.78868
2023-02-16 16:00:00,0.40163,0.40319,0.39544,0.39927,11804453.0,4709168.21928
2023-02-16 20:00:00,0.39927,0.39932,0.38371,0.38394,14937781.0,5834986.67088
2023-02-17 00:00:00,0.38394,0.3903,0.38058,0.38978,10265752.0,3963994.14568
2023-02-17 04:00:00,0.38978,0.3903,0.38666,0.38756,7161539.0,2781583.70284
2023-02-17 08:00:00,0.38756,0.38949,0.38639,0.38749,9033974.0,3506084.87254
2023-02-17 12:00:00,0.38749,0.39135,0.38537,0.38841,11760281.0,4568065.49751
2023-02-17 16:00:00,0.38841,0.3955,0.38568,0.39515,10613895.0,4144317.68459
2023-02-17 20:00:00,0.39515,0.4,0.38938,0.39503,9528177.0,3769263.68255
2023-02-18 00:00:00,0.39503,0.39591,0.3934,0.39479,5513776.0,2175476.7618
2023-02-18 04:00:00,0.39479,0.39666,0.39315,0.39436,7494264.0,2961746.22491
2023-02-18 08:00:00,0.39436,0.39469,0.39081,0.39253,9023406.0,3544650.93316
2023-02-18 12:00:00,0.39253,0.39552,0.39199,0.39499,5192408.0,2046681.04592
2023-02-18 16:00:00,0.39499,0.39745,0.39256,0.39361,6084784.0,2402992.16217
2023-02-18 20:00:00,0.39361,0.39466,0.39175,0.39418,2709322.0,1065658.90537
2023-02-19 00:00:00,0.39418,0.39539,0.38865,0.39069,8130054.0,3184912.65961
2023-02-19 04:00:00,0.39069,0.39386,0.39054,0.39117,5030410.0,1973317.80609
2023-02-19 08:00:00,0.39117,0.3932,0.39067,0.39295,4454222.0,1744086.11714
2023-02-19 12:00:00,0.39295,0.39698,0.39207,0.39587,9250850.0,3648299.63647
2023-02-19 16:00:00,0.39587,0.39773,0.38693,0.38785,15349135.0,6006822.27077
2023-02-19 20:00:00,0.38785,0.38888,0.3843,0.38592,14510682.0,5612103.94362
2023-02-20 00:00:00,0.38592,0.38934,0.37669,0.38759,16242528.0,6240425.18556
2023-02-20 04:00:00,0.38759,0.39249,0.38733,0.39073,7459211.0,2911966.29961
2023-02-20 08:00:00,0.39073,0.3947,0.38904,0.39303,8553238.0,3356371.91651
2023-02-20 12:00:00,0.39303,0.40908,0.39118,0.40261,22648863.0,9080365.03359
2023-02-20 16:00:00,0.40261,0.40799,0.39786,0.40305,16799977.0,6756185.06229
2023-02-20 20:00:00,0.40305,0.40387,0.39702,0.39866,6028779.0,2408194.31819
2023-02-21 00:00:00,0.39866,0.39923,0.3941,0.39459,13768304.0,5454146.27979
2023-02-21 04:00:00,0.39459,0.4003,0.39437,0.39938,8198635.0,3264546.85149
2023-02-21 08:00:00,0.39938,0.40196,0.38932,0.39019,20608198.0,8108997.24368
2023-02-21 12:00:00,0.39019,0.39274,0.38779,0.38899,9493612.0,3706036.79552
2023-02-21 16:00:00,0.38899,0.39389,0.38706,0.39368,5031426.0,1962692.80293
2023-02-21 20:00:00,0.39368,0.39451,0.3881,0.39159,4095960.0,1601653.91967
2023-02-22 00:00:00,0.39159,0.3923,0.38258,0.38985,13248971.0,5133008.12078
2023-02-22 04:00:00,0.38985,0.39199,0.38553,0.39035,13160933.0,5122301.12315
2023-02-22 08:00:00,0.39035,0.39074,0.38612,0.39045,7393414.0,2872851.33
2023-02-22 12:00:00,0.39045,0.39727,0.386,0.3881,17916544.0,7014499.13831
2023-02-22 16:00:00,0.3881,0.39408,0.38667,0.39256,6328109.0,2466200.58669
2023-02-22 20:00:00,0.39256,0.39617,0.39052,0.39503,5093797.0,2006999.43096
2023-02-23 00:00:00,0.39503,0.39688,0.39035,0.39502,9327046.0,3674120.50634
2023-02-23 04:00:00,0.39502,0.3976,0.39377,0.39618,8675701.0,3433120.16515
2023-02-23 08:00:00,0.39618,0.39711,0.388,0.38944,12742666.0,5005140.06576
2023-02-23 12:00:00,0.38944,0.393,0.38803,0.38937,10601850.0,4138798.15504
2023-02-23 16:00:00,0.38937,0.39075,0.38528,0.39067,8180205.0,3174222.62221
2023-02-23 20:00:00,0.39067,0.39114,0.3864,0.38814,5052428.0,1964076.15173
2023-02-24 00:00:00,0.38814,0.3902,0.38729,0.3891,5027437.0,1953961.2827
2023-02-24 04:00:00,0.3891,0.39043,0.38616,0.38837,7355063.0,2853858.85093
2023-02-24 08:00:00,0.38837,0.38974,0.38676,0.38899,4165485.0,1618295.93531
2023-02-24 12:00:00,0.38899,0.39016,0.37822,0.38138,13936981.0,5358650.59818
2023-02-24 16:00:00,0.38138,0.38138,0.37217,0.37749,14584579.0,5472783.17146
2023-02-24 20:00:00,0.37749,0.37899,0.37181,0.37792,7770096.0,2922086.77477
2023-02-25 00:00:00,0.37792,0.37874,0.37562,0.37757,6600954.0,2489605.90085
2023-02-25 04:00:00,0.37757,0.3782,0.3759,0.3778,6045655.0,2280233.37277
2023-02-25 08:00:00,0.3778,0.37916,0.376,0.37747,6099830.0,2302762.4558
2023-02-25 12:00:00,0.37747,0.37821,0.37497,0.3772,4980144.0,1878074.38399
2023-02-25 16:00:00,0.3772,0.3782,0.373,0.37552,6840407.0,2566960.85651
2023-02-25 20:00:00,0.37552,0.37768,0.3688,0.37733,13078551.0,4893414.40802
2023-02-26 00:00:00,0.37733,0.37833,0.37628,0.37792,4189977.0,1580513.42589
2023-02-26 04:00:00,0.37792,0.37801,0.37663,0.37732,2889119.0,1089964.21454
2023-02-26 08:00:00,0.37732,0.37819,0.37594,0.37666,5878432.0,2216477.78308
2023-02-26 12:00:00,0.37666,0.3776,0.37503,0.37574,6556972.0,2466191.71999
2023-02-26 16:00:00,0.37574,0.3799,0.37426,0.37882,5077122.0,1917253.15687
2023-02-26 20:00:00,0.37882,0.38039,0.37526,0.37776,5939548.0,2241462.76554
2023-02-27 00:00:00,0.37776,0.37801,0.37538,0.37617,8450480.0,3181943.92833
2023-02-27 04:00:00,0.37617,0.37718,0.37373,0.37417,7100384.0,2667290.3485
2023-02-27 08:00:00,0.37417,0.3749,0.37085,0.37348,10856372.0,4047141.31644
2023-02-27 12:00:00,0.37348,0.37894,0.37259,0.3769,13458372.0,5069149.96372
2023-02-27 16:00:00,0.3769,0.37785,0.37314,0.37694,9364484.0,3515263.74603
2023-02-27 20:00:00,0.37694,0.37995,0.37519,0.37835,6491694.0,2455823.76026
2023-02-28 00:00:00,0.37835,0.37902,0.37199,0.37549,14743158.0,5532042.5708
2023-02-28 04:00:00,0.37549,0.37839,0.37286,0.37405,12712857.0,4777973.062
2023-02-28 08:00:00,0.37405,0.37691,0.37224,0.37686,10396021.0,3891732.07852
2023-02-28 12:00:00,0.37686,0.37974,0.37669,0.37931,11481727.0,4341783.00087
2023-02-28 16:00:00,0.37931,0.38231,0.37734,0.37983,9887330.0,3756268.53447
2023-02-28 20:00:00,0.37983,0.38149,0.3737,0.37612,7742164.0,2920541.33148
2023-03-01 00:00:00,0.37612,0.37644,0.3727,0.37638,10063737.0,3768304.22101
2023-03-01 04:00:00,0.37638,0.38271,0.37562,0.38177,11593309.0,4408589.25369
2023-03-01 08:00:00,0.38177,0.38464,0.37931,0.38035,10898433.0,4158619.2089
2023-03-01 12:00:00,0.38035,0.38186,0.37866,0.38128,7030950.0,2673568.88507
2023-03-01 16:00:00,0.38128,0.38391,0.37808,0.38035,6978769.0,2660075.73922
2023-03-01 20:00:00,0.38035,0.38399,0.38021,0.38357,3892468.0,1489657.73274
2023-03-02 00:00:00,0.38357,0.3845,0.37724,0.37762,12285861.0,4669434.92253
2023-03-02 04:00:00,0.37762,0.37973,0.37757,0.37859,6550947.0,2480196.01094
2023-03-02 08:00:00,0.37859,0.37937,0.37659,0.37819,9219138.0,3484332.79396
2023-03-02 12:00:00,0.37819,0.3787,0.37429,0.37586,11447282.0,4310167.86224
2023-03-02 16:00:00,0.37586,0.38069,0.37348,0.38069,6146381.0,2319826.01261
2023-03-02 20:00:00,0.38069,0.38089,0.37658,0.37709,5071863.0,1919989.06256
2023-03-03 00:00:00,0.37709,0.37801,0.35102,0.36438,37469275.0,13612841.67809
2023-03-03 04:00:00,0.36438,0.36902,0.36338,0.36516,10147111.0,3720906.11614
2023-03-03 08:00:00,0.36516,0.3679,0.36409,0.36726,6744261.0,2468800.82311
2023-03-03 12:00:00,0.36726,0.36957,0.36539,0.36695,7678683.0,2821757.95087
2023-03-03 16:00:00,0.36695,0.371,0.36629,0.37022,4736690.0,1742962.96555
2023-03-03 20:00:00,0.37022,0.38026,0.36945,0.37719,13430574.0,5031637.31926
2023-03-04 00:00:00,0.37719,0.37984,0.37455,0.37546,11665455.0,4394742.05439
2023-03-04 04:00:00,0.37546,0.37635,0.37351,0.37566,5401828.0,2026966.40585
2023-03-04 08:00:00,0.37566,0.37623,0.3748,0.37529,3617692.0,1358572.47194
2023-03-04 12:00:00,0.37529,0.37599,0.37407,0.37492,2642259.0,991124.55838
2023-03-04 16:00:00,0.37492,0.3786,0.37141,0.3726,9539308.0,3578463.0345
2023-03-04 20:00:00,0.3726,0.37412,0.3676,0.37324,9656662.0,3587388.59127
2023-03-05 00:00:00,0.37324,0.37708,0.37078,0.37387,8563941.0,3203247.79788
2023-03-05 04:00:00,0.37387,0.37477,0.37211,0.37256,3548658.0,1324802.77126
2023-03-05 08:00:00,0.37256,0.3727,0.371,0.37125,5277364.0,1962305.28378
2023-03-05 12:00:00,0.37125,0.37213,0.37072,0.37081,5259893.0,1953435.81945
2023-03-05 16:00:00,0.37081,0.37098,0.36708,0.36792,7162662.0,2643841.79552
2023-03-05 20:00:00,0.36792,0.36991,0.36514,0.36657,6466481.0,2377282.23375
2023-03-06 00:00:00,0.36657,0.36919,0.36036,0.3655,20781761.0,7566657.92731
2023-03-06 04:00:00,0.3655,0.36777,0.36258,0.36264,12655184.0,4609788.3695
2023-03-06 08:00:00,0.36264,0.36525,0.359,0.36108,23141173.0,8386737.65727
2023-03-06 12:00:00,0.36108,0.3673,0.36025,0.36701,12279496.0,4470800.1925
2023-03-06 16:00:00,0.36701,0.37368,0.36628,0.37126,17394161.0,6434503.41695
2023-03-06 20:00:00,0.37126,0.373,0.36922,0.36928,8795170.0,3261313.07387
2023-03-07 00:00:00,0.36928,0.3708,0.36697,0.36801,11090169.0,4087577.45568
2023-03-07 04:00:00,0.36801,0.3724,0.368,0.36957,17217062.0,6369232.18695
2023-03-07 08:00:00,0.36957,0.37151,0.36767,0.37047,12999437.0,4804536.11466
2023-03-07 12:00:00,0.37047,0.3825,0.37032,0.37836,52778307.0,19829709.68486
2023-03-07 16:00:00,0.37836,0.38174,0.37554,0.38,15662979.0,5925356.06648
2023-03-07 20:00:00,0.38,0.38401,0.37802,0.37994,22801833.0,8679773.70123
2023-03-08 00:00:00,0.37994,0.38554,0.37657,0.37858,30369088.0,11525482.0004
2023-03-08 04:00:00,0.37858,0.38066,0.37236,0.37615,24668253.0,9276371.73001
2023-03-08 08:00:00,0.37615,0.38935,0.37581,0.3866,36730412.0,14098745.2426
2023-03-08 12:00:00,0.3866,0.4015,0.38595,0.39665,104289237.0,41128005.05305
2023-03-08 16:00:00,0.39665,0.39851,0.39045,0.39546,24380885.0,9622163.08632
2023-03-08 20:00:00,0.39546,0.39817,0.38368,0.38885,32194358.0,12558961.33621
2023-03-09 00:00:00,0.38885,0.39419,0.38556,0.38869,26816979.0,10452168.55162
2023-03-09 04:00:00,0.38869,0.39073,0.38557,0.39019,23551299.0,9143856.68505
2023-03-09 08:00:00,0.39019,0.39584,0.38894,0.39272,25159662.0,9882283.53072
2023-03-09 12:00:00,0.39272,0.39737,0.39098,0.39274,29863594.0,11768957.98876
2023-03-09 16:00:00,0.39274,0.39351,0.37592,0.37845,35055518.0,13499828.81969
2023-03-09 20:00:00,0.37845,0.37866,0.36359,0.37056,33710520.0,12494407.09623
2023-03-10 00:00:00,0.37056,0.37414,0.36475,0.37336,19558476.0,7219083.81407
2023-03-10 04:00:00,0.37336,0.3745,0.36715,0.36998,18305264.0,6785998.56999
2023-03-10 08:00:00,0.36998,0.37125,0.35652,0.36146,25958861.0,9441115.24394
2023-03-10 12:00:00,0.36146,0.37243,0.36045,0.3688,28555760.0,10479660.02367
2023-03-10 16:00:00,0.3688,0.37201,0.364,0.36785,9139586.0,3357619.94497
2023-03-10 20:00:00,0.36785,0.3718,0.36653,0.36997,6970462.0,2575033.28167
2023-03-11 00:00:00,0.36997,0.37365,0.36822,0.36883,11064047.0,4102331.39323
2023-03-11 04:00:00,0.36883,0.36938,0.36046,0.3625,11738404.0,4299362.43317
2023-03-11 08:00:00,0.3625,0.36548,0.35951,0.36156,9825125.0,3559632.70755
2023-03-11 12:00:00,0.36156,0.36249,0.3588,0.36121,9144209.0,3295032.34794
2023-03-11 16:00:00,0.36121,0.36304,0.35801,0.36183,7207435.0,2602125.23365
2023-03-11 20:00:00,0.36183,0.36435,0.36119,0.36337,5609411.0,2033738.28979
2023-03-12 00:00:00,0.36337,0.36519,0.36173,0.36276,5045206.0,1831580.18836
2023-03-12 04:00:00,0.36276,0.3633,0.35713,0.35934,8320798.0,3001073.56587
2023-03-12 08:00:00,0.35934,0.36097,0.3573,0.36009,12880420.0,4624118.07611
2023-03-12 12:00:00,0.36009,0.3603,0.34994,0.35206,32679040.0,11574762.06374
2023-03-12 16:00:00,0.35206,0.36184,0.34668,0.35604,30530739.0,10799429.32361
2023-03-12 20:00:00,0.35604,0.3711,0.35574,0.371,25254133.0,9209155.22087
2023-03-13 00:00:00,0.371,0.37594,0.3659,0.36639,17939303.0,6644814.2041
2023-03-13 04:00:00,0.36639,0.36933,0.3659,0.36768,10972602.0,4033514.27032
2023-03-13 08:00:00,0.36768,0.368,0.35531,0.35981,23692226.0,8547820.17168
2023-03-13 12:00:00,0.35981,0.37994,0.35624,0.37295,33343295.0,12237118.47553
2023-03-13 16:00:00,0.37295,0.37555,0.3683,0.3718,8759082.0,3255642.94332
2023-03-13 20:00:00,0.3718,0.37402,0.36909,0.37184,8404513.0,3122685.23741
2023-03-14 00:00:00,0.37184,0.37191,0.36861,0.3708,6604275.0,2444281.33365
2023-03-14 04:00:00,0.3708,0.3728,0.36691,0.3675,11654282.0,4302957.60371
2023-03-14 08:00:00,0.3675,0.36944,0.36451,0.36782,13126687.0,4820197.85551
2023-03-14 12:00:00,0.36782,0.38706,0.3655,0.3848,42007207.0,15903536.27362
2023-03-14 16:00:00,0.3848,0.38555,0.37,0.3773,17108723.0,6475255.64621
2023-03-14 20:00:00,0.3773,0.3784,0.36631,0.37239,12478692.0,4643124.26713
2023-03-15 00:00:00,0.37239,0.37469,0.36886,0.37398,6425051.0,2394044.47903
2023-03-15 04:00:00,0.37398,0.37573,0.3711,0.37385,7410765.0,2768453.38811
2023-03-15 08:00:00,0.37385,0.37385,0.36367,0.36833,13596501.0,5011337.3967
2023-03-15 12:00:00,0.36833,0.37066,0.35824,0.36031,21612860.0,7876055.86698
2023-03-15 16:00:00,0.36031,0.36294,0.35569,0.36076,11589439.0,4165548.14955
2023-03-15 20:00:00,0.36076,0.36258,0.35765,0.35876,4869804.0,1752561.99433
2023-03-16 00:00:00,0.35876,0.36289,0.35619,0.36178,7638179.0,2746312.2881
2023-03-16 04:00:00,0.36178,0.36542,0.36091,0.3633,7463026.0,2712361.81285
2023-03-16 08:00:00,0.3633,0.36489,0.36013,0.36247,9059385.0,3282908.11437
2023-03-16 12:00:00,0.36247,0.36404,0.35764,0.36289,17317783.0,6250722.88586
2023-03-16 16:00:00,0.36289,0.36663,0.36193,0.36567,3818397.0,1389092.49365
2023-03-16 20:00:00,0.36567,0.36577,0.36155,0.36453,3284908.0,1195136.32662
2023-03-17 00:00:00,0.36453,0.36882,0.3617,0.36855,7316708.0,2676790.47625
2023-03-17 04:00:00,0.36855,0.36982,0.3666,0.36853,7189458.0,2646883.63252
2023-03-17 08:00:00,0.36853,0.3773,0.36683,0.37688,15612059.0,5804220.24643
2023-03-17 12:00:00,0.37688,0.38233,0.36791,0.36992,22479116.0,8412002.43153
2023-03-17 16:00:00,0.36992,0.37493,0.36836,0.3746,5482056.0,2035735.78447
2023-03-17 20:00:00,0.3746,0.38048,0.37211,0.37956,9909184.0,3736990.60872
2023-03-18 00:00:00,0.37956,0.38955,0.37575,0.38363,18185068.0,6964007.70938
2023-03-18 04:00:00,0.38363,0.38525,0.3805,0.38147,6650759.0,2545002.88684
2023-03-18 08:00:00,0.38147,0.38377,0.37637,0.38274,8883679.0,3374035.99391
2023-03-18 12:00:00,0.38274,0.38333,0.37229,0.37663,11709809.0,4432634.70731
2023-03-18 16:00:00,0.37663,0.38059,0.36862,0.37892,12997864.0,4877209.02137
2023-03-18 20:00:00,0.37892,0.37999,0.37182,0.37379,6022793.0,2259759.50725
2023-03-19 00:00:00,0.37379,0.37743,0.37346,0.37686,4405113.0,1656835.61482
2023-03-19 04:00:00,0.37686,0.38798,0.3754,0.3795,20242188.0,7718970.85446
2023-03-19 08:00:00,0.3795,0.39651,0.37772,0.39337,35142776.0,13642468.40025
2023-03-19 12:00:00,0.39337,0.40005,0.38911,0.39203,37650709.0,14850107.46626
2023-03-19 16:00:00,0.39203,0.3963,0.38979,0.39415,12993338.0,5109688.59371
2023-03-19 20:00:00,0.39415,0.39669,0.38424,0.38586,17383276.0,6782479.16771
2023-03-20 00:00:00,0.38586,0.391,0.37992,0.38069,19065181.0,7341006.33202
2023-03-20 04:00:00,0.38069,0.3838,0.37597,0.38346,11398967.0,4342472.84246
2023-03-20 08:00:00,0.38346,0.38454,0.37874,0.38183,11400127.0,4352132.60155
2023-03-20 12:00:00,0.38183,0.3829,0.37771,0.37885,10148525.0,3855955.71732
2023-03-20 16:00:00,0.37885,0.37981,0.37057,0.3744,15287584.0,5734331.08938
2023-03-20 20:00:00,0.3744,0.3783,0.37211,0.37331,5797202.0,2179203.58568
2023-03-21 00:00:00,0.37331,0.38352,0.37287,0.38143,12089154.0,4592546.80861
2023-03-21 04:00:00,0.38143,0.38607,0.37763,0.38584,17039224.0,6518253.502
2023-03-21 08:00:00,0.38584,0.39315,0.38269,0.39089,23330817.0,9049683.92779
2023-03-21 12:00:00,0.39089,0.43088,0.38914,0.42839,130284362.0,54581992.98041
2023-03-21 16:00:00,0.42839,0.47854,0.42621,0.47364,170728495.0,77255349.4259
2023-03-21 20:00:00,0.47364,0.49227,0.45423,0.46939,146557895.0,69222770.15365
2023-03-22 00:00:00,0.46939,0.47502,0.45104,0.45877,77975664.0,35957803.45938
2023-03-22 04:00:00,0.45877,0.471,0.45336,0.45581,52255266.0,24221433.53006
2023-03-22 08:00:00,0.45581,0.45898,0.44129,0.44338,62404928.0,28051196.86919
2023-03-22 12:00:00,0.44338,0.45383,0.43326,0.43539,66408189.0,29432060.53326
2023-03-22 16:00:00,0.43539,0.44597,0.40763,0.41154,85439949.0,36721086.25888
2023-03-22 20:00:00,0.41154,0.42562,0.41135,0.42135,24844081.0,10440136.25761
2023-03-23 00:00:00,0.42135,0.42602,0.41164,0.41886,31819182.0,13327154.89807
2023-03-23 04:00:00,0.41886,0.45448,0.41756,0.44642,51823825.0,22651100.09698
2023-03-23 08:00:00,0.44642,0.45489,0.43783,0.44762,61530279.0,27356744.74712
2023-03-23 12:00:00,0.44762,0.45338,0.43315,0.4481,73206051.0,32537947.6879
2023-03-23 16:00:00,0.4481,0.4547,0.43439,0.44372,28738950.0,12766849.46637
2023-03-23 20:00:00,0.44372,0.44603,0.43743,0.44339,12849144.0,5687644.95398
2023-03-24 00:00:00,0.44339,0.44381,0.43107,0.43151,28506045.0,12432510.34221
2023-03-24 04:00:00,0.43151,0.4378,0.42716,0.43316,23876415.0,10362346.1367
2023-03-24 08:00:00,0.43316,0.43422,0.41524,0.42235,37357573.0,15938141.18131
2023-03-24 12:00:00,0.42235,0.42866,0.42082,0.4261,26641385.0,11314832.42277
2023-03-24 16:00:00,0.4261,0.42992,0.4131,0.42551,22320748.0,9402853.423
2023-03-24 20:00:00,0.42551,0.42688,0.41608,0.42561,15425687.0,6504330.02411
2023-03-25 00:00:00,0.42561,0.431,0.4217,0.42983,13620415.0,5807156.0372
2023-03-25 04:00:00,0.42983,0.45206,0.42848,0.44458,65573930.0,29141486.99266
2023-03-25 08:00:00,0.44458,0.44825,0.4382,0.44646,38805578.0,17220318.98329
2023-03-25 12:00:00,0.44646,0.4629,0.44043,0.45816,79796056.0,36220272.51132
2023-03-25 16:00:00,0.45816,0.46449,0.44772,0.44975,54422656.0,24898630.56032
2023-03-25 20:00:00,0.44975,0.45501,0.44002,0.44305,33046459.0,14793682.32364
2023-03-26 00:00:00,0.44305,0.4517,0.44,0.44851,31477617.0,14082026.76348
2023-03-26 04:00:00,0.44851,0.4589,0.44601,0.45607,28755859.0,13030600.06187
2023-03-26 08:00:00,0.45607,0.46282,0.45413,0.45771,41057407.0,18826701.41349
2023-03-26 12:00:00,0.45771,0.45923,0.44461,0.44688,41100861.0,18542057.48347
2023-03-26 16:00:00,0.44688,0.44951,0.44315,0.44734,11565593.0,5166507.61039
2023-03-26 20:00:00,0.44734,0.45116,0.4411,0.44772,15607670.0,6979871.72513
2023-03-27 00:00:00,0.44772,0.45682,0.442,0.4534,37213751.0,16740146.0432
2023-03-27 04:00:00,0.4534,0.4597,0.448,0.45952,42849098.0,19495130.41131
2023-03-27 08:00:00,0.45952,0.47937,0.45952,0.47659,85479600.0,40006576.94515
2023-03-27 12:00:00,0.47659,0.488,0.45341,0.4575,176890549.0,83840514.34702
2023-03-27 16:00:00,0.4575,0.47432,0.45492,0.46712,58975516.0,27415670.05227
2023-03-27 20:00:00,0.46712,0.48131,0.4649,0.47832,46310332.0,21982609.87215
2023-03-28 00:00:00,0.47832,0.48322,0.46614,0.47317,59306421.0,28238366.08545
2023-03-28 04:00:00,0.47317,0.4933,0.47148,0.48329,69962198.0,33926950.76483
2023-03-28 08:00:00,0.48329,0.50014,0.47777,0.49617,77595373.0,37878747.92488
2023-03-28 12:00:00,0.49617,0.50473,0.49172,0.4975,90033930.0,44887322.27249
2023-03-28 16:00:00,0.4975,0.53152,0.49362,0.51965,80192097.0,40958482.61187
2023-03-28 20:00:00,0.51965,0.53441,0.51146,0.51434,66147807.0,34521146.11735
2023-03-29 00:00:00,0.51434,0.53864,0.51423,0.53503,72281392.0,38005558.31948
2023-03-29 04:00:00,0.53503,0.56047,0.53185,0.55699,102567747.0,55729704.85625
2023-03-29 08:00:00,0.55699,0.58473,0.55335,0.57016,140776980.0,80316508.89428
2023-03-29 12:00:00,0.57016,0.57016,0.53523,0.54503,140845116.0,77469400.23935
2023-03-29 16:00:00,0.54503,0.55514,0.53617,0.55233,47957926.0,26218683.7538
2023-03-29 20:00:00,0.55233,0.55674,0.53112,0.54193,64434668.0,35110392.08516
2023-03-30 00:00:00,0.54193,0.55281,0.52,0.53415,111380919.0,59794836.74001
2023-03-30 04:00:00,0.53415,0.54265,0.526,0.53795,45335695.0,24214818.64807
2023-03-30 08:00:00,0.53795,0.55846,0.52824,0.54999,75374304.0,40884018.00023
2023-03-30 12:00:00,0.54999,0.55032,0.5293,0.53285,68444130.0,36943935.23916
2023-03-30 16:00:00,0.53285,0.54012,0.52564,0.53889,38560239.0,20580623.05365
2023-03-30 20:00:00,0.53889,0.54187,0.5297,0.53215,20262510.0,10872433.96256
2023-03-31 00:00:00,0.53215,0.53659,0.52728,0.53286,33874765.0,18020828.23371
2023-03-31 04:00:00,0.53286,0.5488,0.53183,0.534,59474315.0,32149192.18056
2023-03-31 08:00:00,0.534,0.53685,0.52629,0.5305,33071798.0,17601489.27858
2023-03-31 12:00:00,0.5305,0.53623,0.527,0.53023,37307892.0,19831962.16514
2023-03-31 16:00:00,0.53023,0.536,0.52898,0.53545,15869122.0,8452243.38775
2023-03-31 20:00:00,0.53545,0.54788,0.53292,0.53774,30873751.0,16696058.58853
2023-04-01 00:00:00,0.53774,0.53774,0.5312,0.53187,19888863.0,10615133.55142
2023-04-01 04:00:00,0.53187,0.53385,0.50364,0.50903,58989673.0,30487694.70953
2023-04-01 08:00:00,0.50903,0.52395,0.497,0.51505,71873520.0,36554330.79595
2023-04-01 12:00:00,0.51505,0.51819,0.5075,0.51169,28874751.0,14779749.21583
2023-04-01 16:00:00,0.51169,0.51309,0.50235,0.5082,20164376.0,10254272.23379
2023-04-01 20:00:00,0.5082,0.51185,0.50751,0.50935,10965893.0,5590051.52224
2023-04-02 00:00:00,0.50935,0.52013,0.50075,0.51232,45019816.0,22971097.25252
2023-04-02 04:00:00,0.51232,0.51988,0.5107,0.51383,24262361.0,12509115.35085
2023-04-02 08:00:00,0.51383,0.51745,0.5118,0.5142,17221165.0,8859119.11365
2023-04-02 12:00:00,0.5142,0.52693,0.50633,0.52107,69262033.0,35903555.69329
2023-04-02 16:00:00,0.52107,0.52905,0.51542,0.5189,28921385.0,15140539.05079
2023-04-02 20:00:00,0.5189,0.5216,0.515,0.518,12825422.0,6645298.40095
2023-04-03 00:00:00,0.518,0.52451,0.50277,0.51162,44475774.0,22783735.50934
2023-04-03 04:00:00,0.51162,0.51367,0.50567,0.51329,20653906.0,10534617.83075
2023-04-03 08:00:00,0.51329,0.51819,0.51191,0.51464,20738347.0,10677675.82424
2023-04-03 12:00:00,0.51464,0.5158,0.50526,0.50838,22836213.0,11657875.33065
2023-04-03 16:00:00,0.50838,0.51461,0.50356,0.50882,17348375.0,8824528.95414
2023-04-03 20:00:00,0.50882,0.50948,0.48068,0.49539,42642012.0,21026465.74885
2023-04-04 00:00:00,0.49539,0.49773,0.48662,0.49452,26754807.0,13171072.16646
2023-04-04 04:00:00,0.49452,0.50189,0.49315,0.49583,18913793.0,9414665.85944
2023-04-04 08:00:00,0.49583,0.50109,0.49344,0.49788,17206881.0,8542968.7204
2023-04-04 12:00:00,0.49788,0.5045,0.4959,0.49754,17465774.0,8725995.35878
2023-04-04 16:00:00,0.49754,0.50578,0.49534,0.50459,10490418.0,5258838.33504
2023-04-04 20:00:00,0.50459,0.50714,0.50002,0.50245,11789770.0,5944341.53246
2023-04-05 00:00:00,0.50245,0.50694,0.49772,0.50566,16202094.0,8154244.16236
2023-04-05 04:00:00,0.50566,0.52655,0.50372,0.52178,34746443.0,17970109.60739
2023-04-05 08:00:00,0.52178,0.52455,0.51315,0.51514,21042407.0,10878531.23598
2023-04-05 12:00:00,0.51514,0.51628,0.50045,0.503,30415849.0,15439825.96802
2023-04-05 16:00:00,0.503,0.50915,0.49822,0.50711,16433667.0,8270672.08448
2023-04-05 20:00:00,0.50711,0.50852,0.5032,0.50513,8129562.0,4115393.33255
2023-04-06 00:00:00,0.50513,0.50523,0.49405,0.50228,18367149.0,9176969.97282
2023-04-06 04:00:00,0.50228,0.50473,0.49647,0.49709,14630340.0,7328482.92013
2023-04-06 08:00:00,0.49709,0.50067,0.49088,0.49891,16030076.0,7959045.61309
2023-04-06 12:00:00,0.49891,0.5072,0.49536,0.50557,15285967.0,7653473.61846
2023-04-06 16:00:00,0.50557,0.5092,0.50332,0.50668,9697725.0,4912269.8106
2023-04-06 20:00:00,0.50668,0.50815,0.50037,0.50273,8947120.0,4502445.10408
2023-04-07 00:00:00,0.50273,0.50351,0.49702,0.50153,10646845.0,5329191.75472
2023-04-07 04:00:00,0.50153,0.51484,0.49997,0.50711,37176154.0,18843479.14775
2023-04-07 08:00:00,0.50711,0.51287,0.50234,0.50375,22454790.0,11418180.02796
2023-04-07 12:00:00,0.50375,0.50812,0.503,0.50735,9535280.0,4825715.23712
2023-04-07 16:00:00,0.50735,0.51329,0.50441,0.5116,12411117.0,6320829.31452
2023-04-07 20:00:00,0.5116,0.51387,0.50912,0.51241,7094518.0,3630213.10753
2023-04-08 00:00:00,0.51241,0.51253,0.50661,0.51141,10790834.0,5497441.3289
2023-04-08 04:00:00,0.51141,0.5125,0.5095,0.51027,4821589.0,2463965.99237
2023-04-08 08:00:00,0.51027,0.51124,0.50832,0.50988,5671101.0,2891933.6561
2023-04-08 12:00:00,0.50988,0.51015,0.5077,0.50863,5990027.0,3047892.40805
2023-04-08 16:00:00,0.50863,0.50963,0.50154,0.50533,9561859.0,4836305.77145
2023-04-08 20:00:00,0.50533,0.50639,0.50229,0.50446,4420960.0,2231637.50154
2023-04-09 00:00:00,0.50446,0.50883,0.50417,0.50587,6490515.0,3289645.64974
2023-04-09 04:00:00,0.50587,0.50754,0.501,0.50275,8990864.0,4527415.95192
2023-04-09 08:00:00,0.50275,0.50365,0.50164,0.50311,6039168.0,3034928.7182
2023-04-09 12:00:00,0.50311,0.505,0.49785,0.50138,10756343.0,5391267.83234
2023-04-09 16:00:00,0.50138,0.5065,0.49934,0.50506,7701907.0,3870337.14831
2023-04-09 20:00:00,0.50506,0.508,0.50332,0.50476,6660620.0,3369727.10963
2023-04-10 00:00:00,0.50476,0.5068,0.4994,0.50355,13953201.0,7008999.34192
2023-04-10 04:00:00,0.50355,0.50537,0.50199,0.50537,5276727.0,2657263.17434
2023-04-10 08:00:00,0.50537,0.50637,0.50267,0.50426,8337306.0,4206149.64741
2023-04-10 12:00:00,0.50426,0.50551,0.50126,0.50403,11017151.0,5543629.26618
2023-04-10 16:00:00,0.50403,0.51266,0.5029,0.51224,11400220.0,5803279.03462
2023-04-10 20:00:00,0.51224,0.5195,0.51,0.51721,13073248.0,6733077.64604
2023-04-11 00:00:00,0.51721,0.51748,0.51198,0.51545,15165113.0,7812279.33841
2023-04-11 04:00:00,0.51545,0.52838,0.51427,0.52273,25598247.0,13370286.04446
2023-04-11 08:00:00,0.52273,0.52348,0.51793,0.52017,12095800.0,6297551.99776
2023-04-11 12:00:00,0.52017,0.52378,0.51686,0.51875,12429038.0,6461142.5973
2023-04-11 16:00:00,0.51875,0.51903,0.51045,0.51586,13496126.0,6951808.78479
2023-04-11 20:00:00,0.51586,0.5178,0.51416,0.51629,6264374.0,3231293.33738
2023-04-12 00:00:00,0.51629,0.51751,0.50078,0.50772,20149186.0,10230978.62384
2023-04-12 04:00:00,0.50772,0.50967,0.50606,0.50636,6775010.0,3439382.75027
2023-04-12 08:00:00,0.50636,0.50636,0.5,0.50265,14995628.0,7540724.83542
2023-04-12 12:00:00,0.50265,0.50888,0.49781,0.50215,22715658.0,11447354.49664
2023-04-12 16:00:00,0.50215,0.50451,0.49939,0.50174,6832159.0,3429466.0962
2023-04-12 20:00:00,0.50174,0.5059,0.5014,0.50407,3997506.0,2015197.81308
2023-04-13 00:00:00,0.50407,0.50636,0.5011,0.50448,8039369.0,4050441.05228
2023-04-13 04:00:00,0.50448,0.5073,0.504,0.50694,4801722.0,2427575.4176
2023-04-13 08:00:00,0.50694,0.51335,0.5062,0.50817,13478225.0,6867879.89183
2023-04-13 12:00:00,0.50817,0.51142,0.50725,0.50963,10567835.0,5383249.21352
2023-04-13 16:00:00,0.50963,0.51295,0.50763,0.51166,4649029.0,2372152.34725
2023-04-13 20:00:00,0.51166,0.51534,0.51026,0.51205,4541263.0,2327955.09322
2023-04-14 00:00:00,0.51205,0.52365,0.51081,0.52084,19353294.0,10028471.68847
2023-04-14 04:00:00,0.52084,0.5472,0.52074,0.52816,41305811.0,22105887.73697
2023-04-14 08:00:00,0.52816,0.5351,0.525,0.5322,15134912.0,8028003.25412
2023-04-14 12:00:00,0.5322,0.53357,0.51347,0.51465,33907558.0,17754229.8349
2023-04-14 16:00:00,0.51465,0.52333,0.51172,0.52333,11178439.0,5780242.07027
2023-04-14 20:00:00,0.52333,0.52795,0.52098,0.52253,10340505.0,5421522.71821
2023-04-15 00:00:00,0.52253,0.52367,0.51642,0.51945,9757862.0,5068380.21322
2023-04-15 04:00:00,0.51945,0.52253,0.5175,0.52176,6603024.0,3432515.89975
2023-04-15 08:00:00,0.52176,0.52585,0.51996,0.5232,7453501.0,3896887.22042
2023-04-15 12:00:00,0.5232,0.52511,0.52002,0.52111,7190762.0,3758000.09429
2023-04-15 16:00:00,0.52111,0.52198,0.51676,0.51961,7844459.0,4074462.41979
2023-04-15 20:00:00,0.51961,0.52124,0.517,0.51955,3781243.0,1962811.70041
2023-04-16 00:00:00,0.51955,0.52388,0.51535,0.51639,9692998.0,5027397.58356
2023-04-16 04:00:00,0.51639,0.52,0.51562,0.5196,5517290.0,2862541.10299
2023-04-16 08:00:00,0.5196,0.52126,0.517,0.51713,5680242.0,2949442.48035
2023-04-16 12:00:00,0.51713,0.52075,0.5169,0.51973,6079847.0,3157007.77776
2023-04-16 16:00:00,0.51973,0.5243,0.5184,0.52086,5670597.0,2957831.39883
2023-04-16 20:00:00,0.52086,0.52321,0.51787,0.52071,4410534.0,2297120.26689
2023-04-17 00:00:00,0.52071,0.52071,0.50683,0.51299,22155889.0,11375965.71813
2023-04-17 04:00:00,0.51299,0.51581,0.51067,0.51252,6858199.0,3519700.67173
2023-04-17 08:00:00,0.51252,0.51479,0.51027,0.51257,5769071.0,2958462.45536
2023-04-17 12:00:00,0.51257,0.51395,0.50622,0.5078,13810627.0,7052487.70144
2023-04-17 16:00:00,0.5078,0.51179,0.50688,0.51004,4406812.0,2244467.68721
2023-04-17 20:00:00,0.51004,0.5124,0.50895,0.51059,5016893.0,2561944.82052
2023-04-18 00:00:00,0.51059,0.5128,0.50908,0.51233,6140690.0,3139329.66012
2023-04-18 04:00:00,0.51233,0.51824,0.51199,0.51556,10576460.0,5450654.73552
2023-04-18 08:00:00,0.51556,0.52077,0.51301,0.52003,10690978.0,5526229.55787
2023-04-18 12:00:00,0.52003,0.52619,0.51685,0.52005,22261024.0,11595728.6051
2023-04-18 16:00:00,0.52005,0.5218,0.51538,0.52101,10480601.0,5440771.71885
2023-04-18 20:00:00,0.52101,0.539,0.51967,0.53222,23055905.0,12228389.87198
2023-04-19 00:00:00,0.53222,0.5374,0.5239,0.52614,20743169.0,10968674.45066
2023-04-19 04:00:00,0.52614,0.53326,0.52032,0.52176,20640218.0,10868084.17101
2023-04-19 08:00:00,0.52176,0.52219,0.46567,0.49729,79209698.0,39073588.036
2023-04-19 12:00:00,0.49729,0.50167,0.494,0.49609,21940320.0,10916757.36225
2023-04-19 16:00:00,0.49609,0.49874,0.49064,0.49454,9491647.0,4699427.41078
2023-04-19 20:00:00,0.49454,0.49647,0.48435,0.49075,17608732.0,8640336.96325
2023-04-20 00:00:00,0.49075,0.49547,0.4855,0.49414,10945508.0,5383447.01906
2023-04-20 04:00:00,0.49414,0.49889,0.49172,0.49216,9317087.0,4617113.63089
2023-04-20 08:00:00,0.49216,0.4955,0.48687,0.48775,9592050.0,4705895.31401
2023-04-20 12:00:00,0.48775,0.4937,0.4797,0.48096,20113575.0,9806420.44159
2023-04-20 16:00:00,0.48096,0.48096,0.46446,0.47053,29330801.0,13819179.98744
2023-04-20 20:00:00,0.47053,0.47516,0.468,0.47484,7529944.0,3553821.48985
2023-04-21 00:00:00,0.47484,0.47695,0.46867,0.47582,10235231.0,4842540.66001
2023-04-21 04:00:00,0.47582,0.47876,0.46561,0.4713,19612434.0,9254424.31257
2023-04-21 08:00:00,0.4713,0.47325,0.46388,0.46665,11248326.0,5267426.1353
2023-04-21 12:00:00,0.46665,0.46978,0.4583,0.4605,16630485.0,7728269.11283
2023-04-21 16:00:00,0.4605,0.463,0.44004,0.44427,27341302.0,12355534.91504
2023-04-21 20:00:00,0.44427,0.44899,0.43982,0.44842,13878108.0,6167189.11414
2023-04-22 00:00:00,0.44842,0.4517,0.44511,0.451,10354387.0,4644564.60422
2023-04-22 04:00:00,0.451,0.45519,0.44916,0.45016,9376831.0,4235788.44095
2023-04-22 08:00:00,0.45016,0.45499,0.4497,0.45341,11467305.0,5187606.78827
2023-04-22 12:00:00,0.45341,0.47511,0.45293,0.46738,43281644.0,20161732.00263
2023-04-22 16:00:00,0.46738,0.4745,0.4668,0.46909,10705726.0,5040370.99937
2023-04-22 20:00:00,0.46909,0.47307,0.4677,0.4715,7780493.0,3661677.34393
2023-04-23 00:00:00,0.4715,0.47153,0.46065,0.46688,16718846.0,7782658.45077
2023-04-23 04:00:00,0.46688,0.47167,0.46612,0.47146,6610682.0,3100928.1903
2023-04-23 08:00:00,0.47146,0.47149,0.46428,0.46872,8683233.0,4060654.9479
2023-04-23 12:00:00,0.46872,0.46945,0.45673,0.46053,16003509.0,7421385.12525
2023-04-23 16:00:00,0.46053,0.46389,0.45104,0.45982,13428523.0,6150674.81725
2023-04-23 20:00:00,0.45982,0.46523,0.45806,0.46431,8599521.0,3968333.98932
2023-04-24 00:00:00,0.46431,0.48534,0.46212,0.47111,34266508.0,16204371.6726
2023-04-24 04:00:00,0.47111,0.47304,0.45952,0.46051,20987866.0,9803744.24086
2023-04-24 08:00:00,0.46051,0.46643,0.45559,0.46491,23501508.0,10844340.34249
2023-04-24 12:00:00,0.46491,0.46669,0.45648,0.45761,24438216.0,11293570.42541
2023-04-24 16:00:00,0.45761,0.46015,0.44576,0.45975,19434740.0,8822953.93232
2023-04-24 20:00:00,0.45975,0.463,0.45822,0.46043,8589652.0,3961302.20812
2023-04-25 00:00:00,0.46043,0.46245,0.45622,0.45881,12496246.0,5740163.16436
2023-04-25 04:00:00,0.45881,0.46161,0.45293,0.45454,13720655.0,6277916.28962
2023-04-25 08:00:00,0.45454,0.45709,0.45039,0.45624,13168941.0,5987736.66905
2023-04-25 12:00:00,0.45624,0.45835,0.45123,0.45379,13451799.0,6127948.50192
2023-04-25 16:00:00,0.45379,0.46362,0.45276,0.46304,10349442.0,4758911.36019
2023-04-25 20:00:00,0.46304,0.47154,0.46302,0.46909,14254960.0,6682849.18522
2023-04-26 00:00:00,0.46909,0.47093,0.46523,0.46642,11877548.0,5560141.8459
2023-04-26 04:00:00,0.46642,0.4714,0.46568,0.4673,14458929.0,6777839.6924
2023-04-26 08:00:00,0.4673,0.47446,0.46712,0.47268,14904952.0,7030010.76612
2023-04-26 12:00:00,0.47268,0.48279,0.47239,0.47758,24322697.0,11637835.84092
2023-04-26 16:00:00,0.47758,0.47822,0.44046,0.44792,27090792.0,12496068.6651
2023-04-26 20:00:00,0.44792,0.46173,0.43097,0.46114,26697873.0,11966301.75353
2023-04-27 00:00:00,0.46114,0.4698,0.45781,0.46199,17638041.0,8184307.06527
2023-04-27 04:00:00,0.46199,0.46564,0.45674,0.46032,11374611.0,5250217.40255
2023-04-27 08:00:00,0.46032,0.46125,0.4558,0.45919,7706287.0,3531476.69889
2023-04-27 12:00:00,0.45919,0.46367,0.45506,0.45977,10850505.0,4976468.02693
2023-04-27 16:00:00,0.45977,0.46883,0.45781,0.46634,12962494.0,6017177.09878
2023-04-27 20:00:00,0.46634,0.46761,0.46153,0.46604,6600106.0,3073069.25737
2023-04-28 00:00:00,0.46604,0.46767,0.46297,0.46728,8280626.0,3853306.96282
2023-04-28 04:00:00,0.46728,0.48259,0.46728,0.47577,33050243.0,15736253.10803
2023-04-28 08:00:00,0.47577,0.47585,0.468,0.47044,18410826.0,8675511.51473
2023-04-28 12:00:00,0.47044,0.47393,0.46372,0.4694,14776467.0,6926475.55659
2023-04-28 16:00:00,0.4694,0.47755,0.46781,0.47434,11149948.0,5274371.38835
2023-04-28 20:00:00,0.47434,0.48122,0.47434,0.47883,10615041.0,5070737.89087
2023-04-29 00:00:00,0.47883,0.48656,0.47699,0.48043,18257550.0,8780909.23619
2023-04-29 04:00:00,0.48043,0.48139,0.4772,0.47791,9049044.0,4335388.33478
2023-04-29 08:00:00,0.47791,0.48219,0.47541,0.48019,10520768.0,5028873.91512
2023-04-29 12:00:00,0.48019,0.48156,0.47682,0.47814,12113846.0,5813349.50041
2023-04-29 16:00:00,0.47814,0.47926,0.47036,0.47795,10705081.0,5090714.63809
2023-04-29 20:00:00,0.47795,0.47879,0.47571,0.47748,4144176.0,1977642.8088
2023-04-30 00:00:00,0.47748,0.47759,0.47315,0.47408,6750519.0,3204714.16096
2023-04-30 04:00:00,0.47408,0.47746,0.47385,0.4754,6948226.0,3305532.49951
2023-04-30 08:00:00,0.4754,0.47701,0.47369,0.47469,6250318.0,2971181.43055
2023-04-30 12:00:00,0.47469,0.48174,0.47405,0.47859,16146936.0,7726627.76157
2023-04-30 16:00:00,0.47859,0.48088,0.47277,0.47524,15456129.0,7394507.97875
2023-04-30 20:00:00,0.47524,0.47524,0.46814,0.47003,9092916.0,4293907.53316
2023-05-01 00:00:00,0.47003,0.47223,0.45856,0.46452,15916623.0,7390335.70968
2023-05-01 04:00:00,0.46452,0.46528,0.46168,0.4628,7053666.0,3273493.66148
2023-05-01 08:00:00,0.4628,0.46492,0.462,0.46456,3684331.0,1708809.57475
2023-05-01 12:00:00,0.46456,0.46678,0.4575,0.45988,10606699.0,4898077.26955
2023-05-01 16:00:00,0.45988,0.46136,0.45397,0.45942,8147352.0,3733002.38769
2023-05-01 20:00:00,0.45942,0.46466,0.45867,0.46441,5498165.0,2540829.61738
2023-05-02 00:00:00,0.46441,0.4647,0.45864,0.46341,5948134.0,2747866.13426
2023-05-02 04:00:00,0.46341,0.46523,0.46151,0.46324,6312506.0,2926730.29527
2023-05-02 08:00:00,0.46324,0.46458,0.45955,0.4604,6500309.0,3001503.29529
2023-05-02 12:00:00,0.4604,0.46423,0.4582,0.46201,10288774.0,4750885.90953
2023-05-02 16:00:00,0.46201,0.46451,0.45697,0.46274,8573273.0,3951149.84077
2023-05-02 20:00:00,0.46274,0.46579,0.46274,0.4639,3881002.0,1801519.16182
2023-05-03 00:00:00,0.4639,0.4645,0.45936,0.46168,7052810.0,3258603.65231
2023-05-03 04:00:00,0.46168,0.46179,0.45486,0.45798,11831008.0,5425688.3239
2023-05-03 08:00:00,0.45798,0.46013,0.4542,0.45471,11273173.0,5150815.16792
2023-05-03 12:00:00,0.45471,0.45498,0.44929,0.45262,19064615.0,8612405.27769
2023-05-03 16:00:00,0.45262,0.45734,0.4503,0.45441,11565182.0,5250796.35841
2023-05-03 20:00:00,0.45441,0.46486,0.45405,0.46269,12529966.0,5782494.82163
2023-05-04 00:00:00,0.46269,0.46382,0.4597,0.4637,6543126.0,3019892.96561
2023-05-04 04:00:00,0.4637,0.46439,0.46059,0.46113,7809432.0,3608838.0537
2023-05-04 08:00:00,0.46113,0.46186,0.45836,0.45982,7227629.0,3324265.69596
2023-05-04 12:00:00,0.45982,0.46066,0.45567,0.45583,11046808.0,5058029.5556
2023-05-04 16:00:00,0.45583,0.4589,0.4544,0.45875,4054636.0,1850683.13643
2023-05-04 20:00:00,0.45875,0.46099,0.45801,0.46028,4424409.0,2033032.75162
2023-05-05 00:00:00,0.46028,0.46448,0.45998,0.46314,8719039.0,4032383.83583
2023-05-05 04:00:00,0.46314,0.46424,0.45987,0.46041,8471711.0,3914719.04964
2023-05-05 08:00:00,0.46041,0.46164,0.45807,0.46069,7897377.0,3633275.64044
2023-05-05 12:00:00,0.46069,0.46313,0.45384,0.46239,18730018.0,8612716.65232
2023-05-05 16:00:00,0.46239,0.47034,0.46215,0.46671,16201552.0,7542006.49348
2023-05-05 20:00:00,0.46671,0.4677,0.46566,0.46645,3253446.0,1518343.31163
2023-05-06 00:00:00,0.46645,0.46877,0.46214,0.46292,6427952.0,2984877.08571
2023-05-06 04:00:00,0.46292,0.46428,0.46122,0.46183,7073302.0,3272652.25264
2023-05-06 08:00:00,0.46183,0.46183,0.45887,0.46129,11009996.0,5073260.18637
2023-05-06 12:00:00,0.46129,0.46142,0.45081,0.45393,19197621.0,8749564.26968
2023-05-06 16:00:00,0.45393,0.45903,0.45334,0.45702,7585885.0,3460180.68275
2023-05-06 20:00:00,0.45702,0.45836,0.4547,0.45765,3680259.0,1681008.37291
2023-05-07 00:00:00,0.45765,0.45957,0.45426,0.45523,8362348.0,3822677.41856
2023-05-07 04:00:00,0.45523,0.45786,0.45523,0.45747,3139973.0,1434478.49419
2023-05-07 08:00:00,0.45747,0.45797,0.45583,0.45686,5230427.0,2388679.46653
2023-05-07 12:00:00,0.45686,0.45947,0.45678,0.45767,9257268.0,4239786.06969
2023-05-07 16:00:00,0.45767,0.45868,0.45437,0.45525,6492416.0,2960929.09821
2023-05-07 20:00:00,0.45525,0.45686,0.44502,0.44838,11041931.0,4983645.30134
2023-05-08 00:00:00,0.44838,0.45074,0.42188,0.43778,29773815.0,12995346.37495
2023-05-08 04:00:00,0.43778,0.44036,0.4319,0.4352,9748134.0,4254697.476
2023-05-08 08:00:00,0.4352,0.43696,0.43081,0.43608,10981151.0,4764899.82198
2023-05-08 12:00:00,0.43608,0.43707,0.43221,0.43315,15465672.0,6719037.90494
2023-05-08 16:00:00,0.43315,0.43366,0.40806,0.41973,30915396.0,13042859.75362
2023-05-08 20:00:00,0.41973,0.429,0.41915,0.4278,9810789.0,4157121.64776
2023-05-09 00:00:00,0.4278,0.42828,0.42228,0.42345,5774973.0,2455098.52997
2023-05-09 04:00:00,0.42345,0.42689,0.42001,0.42563,7512741.0,3180055.85607
2023-05-09 08:00:00,0.42563,0.4257,0.42014,0.42398,7654615.0,3235631.11606
2023-05-09 12:00:00,0.42398,0.42653,0.42089,0.42142,10872407.0,4615222.82082
2023-05-09 16:00:00,0.42142,0.42539,0.42089,0.42463,4151037.0,1755366.88299
2023-05-09 20:00:00,0.42463,0.42997,0.42397,0.42815,5612777.0,2396951.3974
2023-05-10 00:00:00,0.42815,0.43326,0.42692,0.42821,8418155.0,3624662.82054
2023-05-10 04:00:00,0.42821,0.43113,0.42545,0.42551,8242826.0,3529442.01057
2023-05-10 08:00:00,0.42551,0.42652,0.42288,0.42552,6972216.0,2962286.41647
2023-05-10 12:00:00,0.42552,0.43289,0.42313,0.42937,17393551.0,7478002.47137
2023-05-10 16:00:00,0.42937,0.43053,0.41019,0.42944,16983185.0,7151477.64806
2023-05-10 20:00:00,0.42944,0.43348,0.42675,0.42972,6195924.0,2664460.72457
2023-05-11 00:00:00,0.42972,0.43,0.42534,0.4281,5896449.0,2519963.2342
2023-05-11 04:00:00,0.4281,0.42891,0.42333,0.42487,7564999.0,3225118.96997
2023-05-11 08:00:00,0.42487,0.42517,0.421,0.42467,8711353.0,3685644.22555
2023-05-11 12:00:00,0.42467,0.42731,0.41616,0.41921,15197867.0,6397845.68825
2023-05-11 16:00:00,0.41921,0.42019,0.41117,0.4157,8236956.0,3417243.00998
2023-05-11 20:00:00,0.4157,0.42179,0.41526,0.42021,6737274.0,2827254.6206
2023-05-12 00:00:00,0.42021,0.42213,0.41555,0.41687,7060011.0,2958810.04965
2023-05-12 04:00:00,0.41687,0.44375,0.41613,0.42374,52252457.0,22588828.92727
2023-05-12 08:00:00,0.42374,0.43229,0.4235,0.42758,14650574.0,6265726.71162
2023-05-12 12:00:00,0.42758,0.43,0.42362,0.4239,9422690.0,4022313.64265
2023-05-12 16:00:00,0.4239,0.425,0.4153,0.42429,12827575.0,5400088.76982
2023-05-12 20:00:00,0.42429,0.43131,0.42287,0.43001,8583853.0,3671871.45559
2023-05-13 00:00:00,0.43001,0.43016,0.42534,0.42594,5825221.0,2486613.46973
2023-05-13 04:00:00,0.42594,0.42703,0.42431,0.42641,3260108.0,1388025.10645
2023-05-13 08:00:00,0.42641,0.42749,0.42512,0.426,4276643.0,1823822.96352
2023-05-13 12:00:00,0.426,0.42658,0.42247,0.42499,7686478.0,3264372.44235
2023-05-13 16:00:00,0.42499,0.42733,0.4236,0.42519,4133599.0,1757113.21359
2023-05-13 20:00:00,0.42519,0.42521,0.42317,0.42372,3451554.0,1463926.30828
2023-05-14 00:00:00,0.42372,0.42721,0.42067,0.42586,9516039.0,4036628.6848
2023-05-14 04:00:00,0.42586,0.42689,0.42475,0.42519,2886873.0,1229183.36887
2023-05-14 08:00:00,0.42519,0.42609,0.42478,0.42576,2119557.0,901771.80534
2023-05-14 12:00:00,0.42576,0.4314,0.42503,0.42886,6211117.0,2656317.03852
2023-05-14 16:00:00,0.42886,0.42921,0.42277,0.42437,5596333.0,2381611.10136
2023-05-14 20:00:00,0.42437,0.4264,0.42348,0.42499,2142712.0,910642.49441
2023-05-15 00:00:00,0.42499,0.42864,0.42118,0.42742,7391342.0,3141743.82424
2023-05-15 04:00:00,0.42742,0.42969,0.42462,0.42516,5396986.0,2306087.64097
2023-05-15 08:00:00,0.42516,0.42863,0.42405,0.425,5802993.0,2474622.56464
2023-05-15 12:00:00,0.425,0.42695,0.423,0.42558,7272487.0,3093384.57392
2023-05-15 16:00:00,0.42558,0.42798,0.42381,0.42786,4843483.0,2063165.94192
2023-05-15 20:00:00,0.42786,0.4286,0.42512,0.42689,5798131.0,2478219.66621
2023-05-16 00:00:00,0.42689,0.42777,0.41967,0.42366,12183296.0,5152356.48994
2023-05-16 04:00:00,0.42366,0.42593,0.42189,0.4256,5640968.0,2393293.35638
2023-05-16 08:00:00,0.4256,0.42562,0.42019,0.42167,8548900.0,3606869.81846
2023-05-16 12:00:00,0.42167,0.4226,0.41815,0.42187,10645510.0,4476699.11132
2023-05-16 16:00:00,0.42187,0.42477,0.42067,0.42229,4938542.0,2085912.84913
2023-05-16 20:00:00,0.42229,0.44268,0.42181,0.4422,29176413.0,12668281.46072
2023-05-17 00:00:00,0.4422,0.46104,0.43948,0.45869,49745059.0,22494858.49731
2023-05-17 04:00:00,0.45869,0.45981,0.44488,0.44899,34088367.0,15385254.09184
2023-05-17 08:00:00,0.44899,0.44903,0.44117,0.44466,21588075.0,9602258.03869
2023-05-17 12:00:00,0.44466,0.44923,0.43694,0.44063,22522083.0,9984178.64007
2023-05-17 16:00:00,0.44063,0.44993,0.43807,0.44727,14502961.0,6437176.94957
2023-05-17 20:00:00,0.44727,0.44903,0.44412,0.44793,7251439.0,3239495.03614
2023-05-18 00:00:00,0.44793,0.4481,0.44272,0.44715,9587153.0,4267252.07503
2023-05-18 04:00:00,0.44715,0.45002,0.44377,0.4477,13122505.0,5866680.66056
2023-05-18 08:00:00,0.4477,0.47277,0.44437,0.46496,54999010.0,25434155.34646
2023-05-18 12:00:00,0.46496,0.46912,0.45847,0.46035,35204680.0,16343205.95452
2023-05-18 16:00:00,0.46035,0.46292,0.4483,0.45715,20685269.0,9405645.48441
2023-05-18 20:00:00,0.45715,0.46513,0.45558,0.45918,15381906.0,7092213.24894
2023-05-19 00:00:00,0.45918,0.46773,0.45698,0.46594,26527277.0,12275847.57059
2023-05-19 04:00:00,0.46594,0.46766,0.45911,0.4596,23517869.0,10901739.63253
2023-05-19 08:00:00,0.4596,0.4656,0.45876,0.46263,18984873.0,8783951.84309
2023-05-19 12:00:00,0.46263,0.4755,0.46056,0.46517,53661436.0,25105998.92877
2023-05-19 16:00:00,0.46517,0.46928,0.46283,0.46517,24435603.0,11409147.04522
2023-05-19 20:00:00,0.46517,0.46811,0.464,0.46677,8325497.0,3882629.02536
2023-05-20 00:00:00,0.46677,0.46803,0.46273,0.46387,14238318.0,6615257.38267
2023-05-20 04:00:00,0.46387,0.4649,0.46126,0.46405,11424493.0,5291081.3962
2023-05-20 08:00:00,0.46405,0.469,0.46322,0.46667,13685865.0,6376690.31436
2023-05-20 12:00:00,0.46667,0.46795,0.46504,0.46601,14384304.0,6711302.49194
2023-05-20 16:00:00,0.46601,0.46874,0.46479,0.46738,13894793.0,6484443.17967
2023-05-20 20:00:00,0.46738,0.47169,0.46622,0.46802,9654343.0,4524100.59024
2023-05-21 00:00:00,0.46802,0.47017,0.46709,0.46711,9499375.0,4450781.3031
2023-05-21 04:00:00,0.46711,0.46999,0.46711,0.46875,9823890.0,4606998.41123
2023-05-21 08:00:00,0.46875,0.46928,0.4638,0.46515,20540753.0,9583623.1019
2023-05-21 12:00:00,0.46515,0.46618,0.45493,0.4593,23351567.0,10772719.69782
2023-05-21 16:00:00,0.4593,0.4594,0.45474,0.45844,17569645.0,8037302.29434
2023-05-21 20:00:00,0.45844,0.4629,0.45582,0.45711,14155514.0,6494390.74644
2023-05-22 00:00:00,0.45711,0.45959,0.44893,0.45543,24191808.0,10995645.92598
2023-05-22 04:00:00,0.45543,0.46717,0.45533,0.46044,26611956.0,12304528.21335
2023-05-22 08:00:00,0.46044,0.46268,0.45757,0.46141,15659169.0,7209149.988
2023-05-22 12:00:00,0.46141,0.46349,0.456,0.45649,17191396.0,7908433.31461
2023-05-22 16:00:00,0.45649,0.46045,0.45222,0.46011,12152516.0,5539757.96073
2023-05-22 20:00:00,0.46011,0.4618,0.45907,0.46124,5228896.0,2407796.85946
2023-05-23 00:00:00,0.46124,0.46639,0.45988,0.46461,17273902.0,7994788.80549
2023-05-23 04:00:00,0.46461,0.46669,0.46098,0.46214,15427584.0,7156887.68768
2023-05-23 08:00:00,0.46214,0.46214,0.45908,0.46058,9597489.0,4419618.83009
2023-05-23 12:00:00,0.46058,0.46169,0.45804,0.46044,10295847.0,4738521.59812
2023-05-23 16:00:00,0.46044,0.46269,0.45863,0.46262,4982009.0,2293459.21869
2023-05-23 20:00:00,0.46262,0.46519,0.46189,0.46468,7901063.0,3664543.61061
2023-05-24 00:00:00,0.46468,0.46468,0.45434,0.45754,16521862.0,7589657.85634
2023-05-24 04:00:00,0.45754,0.46062,0.45634,0.45669,13188504.0,6046652.59427
2023-05-24 08:00:00,0.45669,0.4573,0.45316,0.4562,10899583.0,4956434.62169
2023-05-24 12:00:00,0.4562,0.45689,0.44464,0.45035,25872079.0,11650236.72173
2023-05-24 16:00:00,0.45035,0.45341,0.44531,0.45228,6769667.0,3041762.75809
2023-05-24 20:00:00,0.45228,0.45433,0.4516,0.45254,5685888.0,2575133.96594
2023-05-25 00:00:00,0.45254,0.45333,0.44256,0.45251,19377171.0,8689020.81649
2023-05-25 04:00:00,0.45251,0.45366,0.44871,0.44926,10274655.0,4635418.33234
2023-05-25 08:00:00,0.44926,0.45161,0.44696,0.45152,12947237.0,5810227.53284
2023-05-25 12:00:00,0.45152,0.45463,0.44722,0.4475,12770000.0,5755794.46689
2023-05-25 16:00:00,0.4475,0.4537,0.44598,0.4513,8225360.0,3699201.7584
2023-05-25 20:00:00,0.4513,0.4542,0.45107,0.45318,5511717.0,2494499.5408
2023-05-26 00:00:00,0.45318,0.46733,0.45183,0.46414,29162269.0,13471891.31539
2023-05-26 04:00:00,0.46414,0.4658,0.45951,0.46064,19738652.0,9117605.46771
2023-05-26 08:00:00,0.46064,0.4667,0.46036,0.46542,15245984.0,7073599.39147
2023-05-26 12:00:00,0.46542,0.46815,0.46236,0.46272,21036927.0,9779217.45661
2023-05-26 16:00:00,0.46272,0.46639,0.46015,0.46535,9280246.0,4294946.39449
2023-05-26 20:00:00,0.46535,0.46955,0.46511,0.46777,16838410.0,7873220.45001
2023-05-27 00:00:00,0.46777,0.47476,0.46526,0.47339,18811098.0,8829958.83613
2023-05-27 04:00:00,0.47339,0.47889,0.46411,0.47351,44832861.0,21170356.0489
2023-05-27 08:00:00,0.47351,0.47389,0.47,0.47165,8210833.0,3873315.64891
2023-05-27 12:00:00,0.47165,0.47313,0.46603,0.47039,12541904.0,5899028.86967
2023-05-27 16:00:00,0.47039,0.47149,0.46792,0.47025,6476296.0,3040475.9772
2023-05-27 20:00:00,0.47025,0.47199,0.46917,0.47121,3988852.0,1878417.72791
2023-05-28 00:00:00,0.47121,0.4737,0.46929,0.47294,9571259.0,4518201.04743
2023-05-28 04:00:00,0.47294,0.47355,0.47024,0.4725,7564891.0,3569835.79462
2023-05-28 08:00:00,0.4725,0.47388,0.47075,0.47204,6185392.0,2921139.87404
2023-05-28 12:00:00,0.47204,0.47269,0.47107,0.47193,6493283.0,3063825.53789
2023-05-28 16:00:00,0.47193,0.48,0.47127,0.47663,12939457.0,6160653.24945
2023-05-28 20:00:00,0.47663,0.48596,0.47656,0.48171,15694402.0,7572504.39676
2023-05-29 00:00:00,0.48171,0.48525,0.47988,0.48052,14567871.0,7021261.63634
2023-05-29 04:00:00,0.48052,0.48288,0.47681,0.48036,13668964.0,6559867.52774
2023-05-29 08:00:00,0.48036,0.48036,0.47719,0.48013,7727451.0,3700582.91547
2023-05-29 12:00:00,0.48013,0.48237,0.47793,0.47856,14164040.0,6802323.64564
2023-05-29 16:00:00,0.47856,0.49397,0.47474,0.48453,41626118.0,20184524.49314
2023-05-29 20:00:00,0.48453,0.49472,0.48361,0.49397,27513946.0,13498510.15564
2023-05-30 00:00:00,0.49397,0.49812,0.48922,0.49659,31273389.0,15447756.54675
2023-05-30 04:00:00,0.49659,0.5045,0.49551,0.50076,42064553.0,21044406.85
2023-05-30 08:00:00,0.50076,0.50539,0.49825,0.502,26619115.0,13344078.94108
2023-05-30 12:00:00,0.502,0.5088,0.4932,0.50391,33735875.0,16851378.90315
2023-05-30 16:00:00,0.50391,0.52572,0.50202,0.51966,89140925.0,46199783.90926
2023-05-30 20:00:00,0.51966,0.52868,0.50834,0.5199,51635880.0,26826294.35187
2023-05-31 00:00:00,0.5199,0.52748,0.516,0.52681,36201749.0,18884227.64982
2023-05-31 04:00:00,0.52681,0.52708,0.50766,0.50859,69079148.0,35645972.49266
2023-05-31 08:00:00,0.50859,0.51336,0.50079,0.51081,39213923.0,19846315.81075
2023-05-31 12:00:00,0.51081,0.51364,0.50085,0.50469,37930746.0,19297844.94162
2023-05-31 16:00:00,0.50469,0.51598,0.50065,0.51388,19965462.0,10146928.94691
2023-05-31 20:00:00,0.51388,0.51953,0.51133,0.51637,21545973.0,11112374.96449
2023-06-01 00:00:00,0.51637,0.51644,0.502,0.50802,24970071.0,12682956.7588
2023-06-01 04:00:00,0.50802,0.50885,0.50205,0.50427,22054206.0,11137388.05024
2023-06-01 08:00:00,0.50427,0.50734,0.50256,0.50489,14797804.0,7472047.35628
2023-06-01 12:00:00,0.50489,0.5079,0.50118,0.50486,21319471.0,10750495.62282
2023-06-01 16:00:00,0.50486,0.50918,0.5028,0.50709,18199227.0,9212873.31336
2023-06-01 20:00:00,0.50709,0.50948,0.50471,0.50611,11616920.0,5897676.55483
2023-06-02 00:00:00,0.50611,0.51636,0.50314,0.51537,31645287.0,16183858.24164
2023-06-02 04:00:00,0.51537,0.51926,0.51379,0.51505,24254219.0,12531146.58619
2023-06-02 08:00:00,0.51505,0.51572,0.51287,0.51421,10749226.0,5525843.10341
2023-06-02 12:00:00,0.51421,0.51921,0.5109,0.5185,22191452.0,11430913.83526
2023-06-02 16:00:00,0.5185,0.52656,0.51621,0.52616,24619470.0,12833233.37742
2023-06-02 20:00:00,0.52616,0.52621,0.52143,0.52379,19463225.0,10194349.60331
2023-06-03 00:00:00,0.52379,0.52436,0.51903,0.52298,11258699.0,5874474.7704
2023-06-03 04:00:00,0.52298,0.53296,0.52131,0.52401,30008371.0,15776492.57019
2023-06-03 08:00:00,0.52401,0.52475,0.521,0.52255,9820096.0,5133282.7089
2023-06-03 12:00:00,0.52255,0.5226,0.51717,0.52076,21304380.0,11076049.23869
2023-06-03 16:00:00,0.52076,0.52271,0.51397,0.51961,18156817.0,9430644.12292
2023-06-03 20:00:00,0.51961,0.52141,0.51798,0.51841,7255050.0,3770114.4733
2023-06-04 00:00:00,0.51841,0.523,0.51479,0.52142,15245286.0,7924879.77684
2023-06-04 04:00:00,0.52142,0.52537,0.51932,0.5247,12076436.0,6307915.41698
2023-06-04 08:00:00,0.5247,0.52636,0.52314,0.52414,13157685.0,6903050.91066
2023-06-04 12:00:00,0.52414,0.53729,0.5233,0.53526,42454334.0,22524758.47564
2023-06-04 16:00:00,0.53526,0.53908,0.5316,0.53796,30559060.0,16355622.0907
2023-06-04 20:00:00,0.53796,0.54645,0.5331,0.53524,45676593.0,24671595.83574
2023-06-05 00:00:00,0.53524,0.5425,0.5275,0.53019,35589635.0,18991347.67947
2023-06-05 04:00:00,0.53019,0.53994,0.5291,0.53389,33853835.0,18089439.10232
2023-06-05 08:00:00,0.53389,0.537,0.52991,0.53416,23595939.0,12582806.96451
2023-06-05 12:00:00,0.53416,0.53855,0.50258,0.50354,91268458.0,47713311.57126
2023-06-05 16:00:00,0.50354,0.51141,0.486,0.50399,109824077.0,54867643.68556
2023-06-05 20:00:00,0.50399,0.51194,0.49528,0.50846,39874298.0,20101247.29244
2023-06-06 00:00:00,0.50846,0.51127,0.50205,0.50592,26557217.0,13444867.1363
2023-06-06 04:00:00,0.50592,0.51329,0.5032,0.50518,35103727.0,17854350.55927
2023-06-06 08:00:00,0.50518,0.51109,0.50518,0.50807,21413371.0,10886744.15394
2023-06-06 12:00:00,0.50807,0.5134,0.4953,0.51068,80964162.0,40846215.07106
2023-06-06 16:00:00,0.51068,0.52938,0.50707,0.52774,34704321.0,17933419.67065
2023-06-06 20:00:00,0.52774,0.53229,0.5218,0.52936,27090743.0,14301749.09828
2023-06-07 00:00:00,0.52936,0.53131,0.52358,0.52694,23605168.0,12442755.7967
2023-06-07 04:00:00,0.52694,0.53777,0.5254,0.52579,43073569.0,22847222.63305
2023-06-07 08:00:00,0.52579,0.5329,0.5172,0.53246,42789393.0,22490860.20602
2023-06-07 12:00:00,0.53246,0.53347,0.5115,0.5171,51311108.0,26908553.20185
2023-06-07 16:00:00,0.5171,0.51868,0.50643,0.51791,34065000.0,17455398.95469
2023-06-07 20:00:00,0.51791,0.52598,0.51306,0.5178,26317261.0,13693782.15293
2023-06-08 00:00:00,0.5178,0.5215,0.51531,0.5171,18571098.0,9621211.35721
2023-06-08 04:00:00,0.5171,0.52345,0.51661,0.51942,20208956.0,10514001.33944
2023-06-08 08:00:00,0.51942,0.52208,0.51582,0.51836,19653654.0,10205275.58289
2023-06-08 12:00:00,0.51836,0.525,0.51651,0.52401,27379876.0,14259895.05512
2023-06-08 16:00:00,0.52401,0.52437,0.5181,0.5231,17837034.0,9298395.89765
2023-06-08 20:00:00,0.5231,0.5276,0.52249,0.52319,18364949.0,9643247.19903
2023-06-09 00:00:00,0.52319,0.52589,0.52088,0.52388,17869828.0,9363538.2914
2023-06-09 04:00:00,0.52388,0.52588,0.52012,0.52351,16373765.0,8566392.46208
2023-06-09 08:00:00,0.52351,0.52936,0.52342,0.52845,28757460.0,15160101.9404
2023-06-09 12:00:00,0.52845,0.54145,0.5274,0.53064,71130635.0,37995045.4093
2023-06-09 16:00:00,0.53064,0.53467,0.52709,0.53111,25098356.0,13331852.64334
2023-06-09 20:00:00,0.53111,0.53966,0.53059,0.53732,35232788.0,18906243.70485
2023-06-10 00:00:00,0.53732,0.53828,0.5197,0.5216,48075793.0,25424962.20287
2023-06-10 04:00:00,0.5216,0.5242,0.47026,0.48909,147107420.0,72911875.03512
2023-06-10 08:00:00,0.48909,0.49521,0.48458,0.49506,27392214.0,13440402.42495
2023-06-10 12:00:00,0.49506,0.49506,0.48577,0.48949,28642615.0,14030080.68527
2023-06-10 16:00:00,0.48949,0.50667,0.48155,0.50466,45358743.0,22516527.20237
2023-06-10 20:00:00,0.50466,0.51152,0.50091,0.50646,15590025.0,7897065.33043
2023-06-11 00:00:00,0.50646,0.50854,0.50297,0.50515,13237512.0,6695836.12778
2023-06-11 04:00:00,0.50515,0.5072,0.50217,0.5053,13541476.0,6836241.29984
2023-06-11 08:00:00,0.5053,0.50922,0.50317,0.50774,16050549.0,8121211.63435
2023-06-11 12:00:00,0.50774,0.5096,0.50505,0.50797,17866898.0,9059564.86909
2023-06-11 16:00:00,0.50797,0.52912,0.5079,0.52466,45962453.0,23815693.24982
2023-06-11 20:00:00,0.52466,0.52831,0.5137,0.52063,26427542.0,13767078.1081
2023-06-12 00:00:00,0.52063,0.5226,0.50782,0.51367,30119797.0,15509133.08546
2023-06-12 04:00:00,0.51367,0.5175,0.51105,0.51218,20030114.0,10306384.76073
2023-06-12 08:00:00,0.51218,0.52238,0.51104,0.51845,22901360.0,11853906.06738
2023-06-12 12:00:00,0.51845,0.52027,0.51195,0.51408,20026074.0,10331680.42535
2023-06-12 16:00:00,0.51408,0.52288,0.512,0.52167,24564623.0,12738870.97897
2023-06-12 20:00:00,0.52167,0.52748,0.52076,0.52453,18950725.0,9943884.5802
2023-06-13 00:00:00,0.52453,0.5279,0.51933,0.52548,17023053.0,8914913.22281
2023-06-13 04:00:00,0.52548,0.53119,0.52396,0.52907,23632063.0,12487909.6527
2023-06-13 08:00:00,0.52907,0.56522,0.52621,0.56146,101159931.0,55444962.23843
2023-06-13 12:00:00,0.56146,0.56258,0.50468,0.50771,175972407.0,93894981.2659
2023-06-13 16:00:00,0.50771,0.51951,0.50593,0.51696,37350865.0,19160181.48909
2023-06-13 20:00:00,0.51696,0.524,0.5146,0.51871,25647518.0,13326624.58489
2023-06-14 00:00:00,0.51871,0.5198,0.50942,0.51338,28519010.0,14666844.53398
2023-06-14 04:00:00,0.51338,0.51548,0.49598,0.5003,50458596.0,25586585.74222
2023-06-14 08:00:00,0.5003,0.50796,0.49898,0.50795,37878380.0,19080400.19979
2023-06-14 12:00:00,0.50795,0.50922,0.50028,0.50225,36570087.0,18459076.46889
2023-06-14 16:00:00,0.50225,0.50663,0.49228,0.50083,47688151.0,23873913.4469
2023-06-14 20:00:00,0.50083,0.50161,0.4603,0.47957,90226230.0,43153265.02828
2023-06-15 00:00:00,0.47957,0.484,0.47579,0.48144,29999892.0,14385342.45984
2023-06-15 04:00:00,0.48144,0.48523,0.46627,0.46999,49116604.0,23404200.61656
2023-06-15 08:00:00,0.46999,0.47761,0.46965,0.476,36663960.0,17356136.46318
2023-06-15 12:00:00,0.476,0.48201,0.47273,0.47368,32939911.0,15753447.47352
2023-06-15 16:00:00,0.47368,0.48326,0.46816,0.4805,29046164.0,13825575.78729
2023-06-15 20:00:00,0.4805,0.48421,0.4745,0.47965,23723814.0,11379421.57899
2023-06-16 00:00:00,0.47965,0.48175,0.47453,0.47965,15474887.0,7402016.06751
2023-06-16 04:00:00,0.47965,0.48261,0.47667,0.47681,18157541.0,8705930.3207
2023-06-16 08:00:00,0.47681,0.47889,0.45561,0.4624,57249177.0,26728909.54963
2023-06-16 12:00:00,0.4624,0.46764,0.45474,0.46531,61333001.0,28372976.55362
2023-06-16 16:00:00,0.46531,0.47653,0.4616,0.47231,37903146.0,17762035.305
2023-06-16 20:00:00,0.47231,0.47574,0.46846,0.47524,21711139.0,10251240.25225
2023-06-17 00:00:00,0.47524,0.47539,0.4693,0.47137,22300350.0,10530516.82139
2023-06-17 04:00:00,0.47137,0.48632,0.47012,0.47967,36301136.0,17419719.26415
2023-06-17 08:00:00,0.47967,0.4829,0.47649,0.47829,19084804.0,9170267.68945
2023-06-17 12:00:00,0.47829,0.48171,0.47438,0.4781,19875032.0,9514435.91601
2023-06-17 16:00:00,0.4781,0.48157,0.47716,0.47968,10150905.0,4866155.19439
2023-06-17 20:00:00,0.47968,0.48148,0.478,0.47902,9100428.0,4364615.93468
2023-06-18 00:00:00,0.47902,0.48289,0.47338,0.48075,13410537.0,6418524.01212
2023-06-18 04:00:00,0.48075,0.4827,0.47801,0.48227,13639424.0,6561806.4101
2023-06-18 08:00:00,0.48227,0.48954,0.4804,0.48704,31715905.0,15404393.98548
2023-06-18 12:00:00,0.48704,0.495,0.48321,0.49252,43323353.0,21201636.49124
2023-06-18 16:00:00,0.49252,0.49708,0.48918,0.4949,24906896.0,12290311.5694
2023-06-18 20:00:00,0.4949,0.49717,0.48246,0.48648,42828559.0,20928312.20631
2023-06-19 00:00:00,0.48648,0.49203,0.4807,0.49039,24157337.0,11758152.46313
2023-06-19 04:00:00,0.49039,0.4939,0.48911,0.4897,19054672.0,9364383.27954
2023-06-19 08:00:00,0.4897,0.48988,0.48521,0.48901,26867109.0,13101165.97101
2023-06-19 12:00:00,0.48901,0.49108,0.48505,0.48838,23219361.0,11344374.83571
2023-06-19 16:00:00,0.48838,0.49768,0.48641,0.49426,33856778.0,16661612.2938
2023-06-19 20:00:00,0.49426,0.49548,0.49121,0.49325,10483589.0,5169307.95281
2023-06-20 00:00:00,0.49325,0.49635,0.48912,0.49006,28154684.0,13852371.43816
2023-06-20 04:00:00,0.49006,0.49097,0.48399,0.48716,24718578.0,12049513.69932
2023-06-20 08:00:00,0.48716,0.48719,0.47765,0.48317,31222193.0,15069726.17021
2023-06-20 12:00:00,0.48317,0.48448,0.47083,0.47804,37408511.0,17856100.61959
2023-06-20 16:00:00,0.47804,0.48957,0.47684,0.48839,32998786.0,15967921.28445
2023-06-20 20:00:00,0.48839,0.49338,0.48763,0.49238,21612873.0,10608864.3648
2023-06-21 00:00:00,0.49238,0.50082,0.48889,0.49715,29726059.0,14714196.24958
2023-06-21 04:00:00,0.49715,0.50288,0.49339,0.49686,29663322.0,14762925.8033
2023-06-21 08:00:00,0.49686,0.49757,0.4905,0.49435,24084648.0,11901565.66677
2023-06-21 12:00:00,0.49435,0.49779,0.48999,0.49488,23558197.0,11636640.39585
2023-06-21 16:00:00,0.49488,0.50158,0.49032,0.49767,31805545.0,15816333.07831
2023-06-21 20:00:00,0.49767,0.50248,0.49286,0.49956,13903665.0,6936876.22046
2023-06-22 00:00:00,0.49956,0.52711,0.49775,0.51607,61571736.0,31709172.18152
2023-06-22 04:00:00,0.51607,0.51637,0.50733,0.51198,27563774.0,14107265.9864
2023-06-22 08:00:00,0.51198,0.51247,0.48125,0.49315,42206114.0,21058233.06263
2023-06-22 12:00:00,0.49315,0.50109,0.48682,0.49354,31697943.0,15688658.12249
2023-06-22 16:00:00,0.49354,0.4988,0.49165,0.49869,17342869.0,8584309.7742
2023-06-22 20:00:00,0.49869,0.4989,0.49223,0.49347,14998633.0,7437583.75161
2023-06-23 00:00:00,0.49347,0.50081,0.49175,0.49965,19281857.0,9567107.26354
2023-06-23 04:00:00,0.49965,0.5013,0.49116,0.49199,25505092.0,12650907.10469
2023-06-23 08:00:00,0.49199,0.495,0.49026,0.49224,15074813.0,7423022.05688
2023-06-23 12:00:00,0.49224,0.49837,0.48351,0.49774,35723620.0,17504132.25084
2023-06-23 16:00:00,0.49774,0.5018,0.49156,0.50041,35595104.0,17722630.08525
2023-06-23 20:00:00,0.50041,0.50123,0.49108,0.49578,18045229.0,8957919.44562
2023-06-24 00:00:00,0.49578,0.49587,0.48781,0.49173,14413146.0,7086297.5349
2023-06-24 04:00:00,0.49173,0.49437,0.48817,0.48952,13211721.0,6498121.15834
2023-06-24 08:00:00,0.48952,0.4927,0.48913,0.49198,7413204.0,3638593.06473
2023-06-24 12:00:00,0.49198,0.49395,0.477,0.48362,24605434.0,11970091.30347
2023-06-24 16:00:00,0.48362,0.48852,0.48011,0.4869,14084520.0,6844813.67625
2023-06-24 20:00:00,0.4869,0.48768,0.48277,0.48612,9954491.0,4835338.40874
2023-06-25 00:00:00,0.48612,0.48974,0.48255,0.4889,11966349.0,5819500.62996
2023-06-25 04:00:00,0.4889,0.4918,0.48751,0.48998,13105572.0,6420074.44034
2023-06-25 08:00:00,0.48998,0.49428,0.48936,0.49188,13241374.0,6513373.47599
2023-06-25 12:00:00,0.49188,0.4978,0.48718,0.48888,28824016.0,14173238.35652
2023-06-25 16:00:00,0.48888,0.49224,0.48525,0.48871,9999004.0,4888840.27083
2023-06-25 20:00:00,0.48871,0.49183,0.488,0.48974,12737761.0,6244949.86251
2023-06-26 00:00:00,0.48974,0.49156,0.48226,0.48396,18887670.0,9177815.38061
2023-06-26 04:00:00,0.48396,0.48628,0.48,0.484,14607690.0,7063244.72386
2023-06-26 08:00:00,0.484,0.48425,0.47752,0.48225,12938635.0,6221846.77969
2023-06-26 12:00:00,0.48225,0.48717,0.47956,0.48431,19850015.0,9591586.39941
2023-06-26 16:00:00,0.48431,0.48447,0.46967,0.47866,24598214.0,11707962.60708
2023-06-26 20:00:00,0.47866,0.47968,0.47214,0.47847,10725341.0,5118752.66989
2023-06-27 00:00:00,0.47847,0.48248,0.47582,0.48185,7923559.0,3798663.28391
2023-06-27 04:00:00,0.48185,0.48268,0.47729,0.47908,12206499.0,5855656.54522
2023-06-27 08:00:00,0.47908,0.482,0.4775,0.48078,8835216.0,4240751.43052
2023-06-27 12:00:00,0.48078,0.4849,0.47524,0.47859,22028071.0,10602200.55328
2023-06-27 16:00:00,0.47859,0.48273,0.47746,0.48153,11296982.0,5427811.69451
2023-06-27 20:00:00,0.48153,0.48435,0.48079,0.4834,9280823.0,4478691.27557
2023-06-28 00:00:00,0.4834,0.48387,0.47849,0.482,11144408.0,5365651.60561
2023-06-28 04:00:00,0.482,0.48308,0.4705,0.47312,23727072.0,11309878.40027
2023-06-28 08:00:00,0.47312,0.47728,0.47218,0.47511,11104292.0,5271605.55578
2023-06-28 12:00:00,0.47511,0.4754,0.471,0.47466,18515862.0,8758498.51104
2023-06-28 16:00:00,0.47466,0.47489,0.44368,0.45928,48896622.0,22565211.95007
2023-06-28 20:00:00,0.45928,0.46625,0.45631,0.46423,17146038.0,7920082.65475
2023-06-29 00:00:00,0.46423,0.46852,0.46095,0.4667,14626180.0,6792109.68141
2023-06-29 04:00:00,0.4667,0.46828,0.46365,0.46629,9086561.0,4233096.25839
2023-06-29 08:00:00,0.46629,0.4726,0.46604,0.46967,16149015.0,7583293.56234
2023-06-29 12:00:00,0.46967,0.4726,0.46713,0.46943,14372054.0,6757920.77407
2023-06-29 16:00:00,0.46943,0.4753,0.46895,0.47513,12667365.0,5984673.60629
2023-06-29 20:00:00,0.47513,0.47669,0.47129,0.47409,20265617.0,9607093.49962
2023-06-30 00:00:00,0.47409,0.47942,0.46821,0.47902,18729760.0,8891162.67489
2023-06-30 04:00:00,0.47902,0.48232,0.47217,0.47521,25528385.0,12183204.32151
2023-06-30 08:00:00,0.47521,0.4816,0.47417,0.47937,14721238.0,7034278.34842
2023-06-30 12:00:00,0.47937,0.48195,0.4492,0.46443,57574486.0,26783603.38462
2023-06-30 16:00:00,0.46443,0.4776,0.46201,0.47683,21176162.0,9976973.53348
2023-06-30 20:00:00,0.47683,0.47759,0.47285,0.47294,10089532.0,4798759.13647
2023-07-01 00:00:00,0.47294,0.4731,0.46412,0.46904,23466517.0,10981578.38487
2023-07-01 04:00:00,0.46904,0.4714,0.465,0.47075,9690187.0,4541754.28175
2023-07-01 08:00:00,0.47075,0.47139,0.46807,0.47026,7791561.0,3659827.79342
2023-07-01 12:00:00,0.47026,0.47562,0.47007,0.47178,17710327.0,8372025.46283
2023-07-01 16:00:00,0.47178,0.4751,0.47015,0.47347,9149687.0,4326089.34812
2023-07-01 20:00:00,0.47347,0.47476,0.47156,0.47308,6200311.0,2932580.13385
2023-07-02 00:00:00,0.47308,0.4953,0.46934,0.49307,58577858.0,28374837.43603
2023-07-02 04:00:00,0.49307,0.49315,0.47962,0.48324,31227913.0,15135448.89689
2023-07-02 08:00:00,0.48324,0.48349,0.47773,0.47909,16035725.0,7696397.61055
2023-07-02 12:00:00,0.47909,0.49217,0.4758,0.48366,46300194.0,22438644.17652
2023-07-02 16:00:00,0.48366,0.48709,0.48,0.48404,14434763.0,6983198.40032
2023-07-02 20:00:00,0.48404,0.48635,0.48069,0.48428,13693554.0,6626033.26955
2023-07-03 00:00:00,0.48428,0.48659,0.47912,0.48236,13119853.0,6324558.21826
2023-07-03 04:00:00,0.48236,0.48409,0.47805,0.48058,13141859.0,6328858.81494
2023-07-03 08:00:00,0.48058,0.48669,0.47958,0.48498,12284084.0,5934976.77411
2023-07-03 12:00:00,0.48498,0.48659,0.48007,0.48465,19182607.0,9267565.19848
2023-07-03 16:00:00,0.48465,0.491,0.47846,0.48962,20391495.0,9911564.60486
2023-07-03 20:00:00,0.48962,0.49058,0.48663,0.48878,16776358.0,8193004.95303
2023-07-04 00:00:00,0.48878,0.49337,0.48591,0.49242,16026151.0,7838291.25598
2023-07-04 04:00:00,0.49242,0.49321,0.48663,0.48718,16520226.0,8078519.89403
2023-07-04 08:00:00,0.48718,0.48986,0.4841,0.48799,15107003.0,7356551.30499
2023-07-04 12:00:00,0.48799,0.4896,0.48123,0.48369,19571902.0,9496078.20708
2023-07-04 16:00:00,0.48369,0.48878,0.4817,0.48632,13416641.0,6511666.74396
2023-07-04 20:00:00,0.48632,0.48927,0.48587,0.48693,6753825.0,3296597.97519
2023-07-05 00:00:00,0.48693,0.4915,0.4865,0.49131,8549182.0,4182977.23673
2023-07-05 04:00:00,0.49131,0.49149,0.48673,0.48837,11465991.0,5606471.12995
2023-07-05 08:00:00,0.48837,0.48915,0.46756,0.47762,43043225.0,20598964.47888
2023-07-05 12:00:00,0.47762,0.47816,0.46917,0.47178,21524340.0,10204346.73869
2023-07-05 16:00:00,0.47178,0.47778,0.47087,0.47625,8238575.0,3915212.09561
2023-07-05 20:00:00,0.47625,0.47839,0.47536,0.47722,4910259.0,2343775.84067
2023-07-06 00:00:00,0.47722,0.47847,0.47341,0.47765,6914520.0,3292871.96521
2023-07-06 04:00:00,0.47765,0.48185,0.47671,0.47864,11859799.0,5678380.75089
2023-07-06 08:00:00,0.47864,0.48379,0.473,0.47488,24295686.0,11643952.80036
2023-07-06 12:00:00,0.47488,0.47559,0.46087,0.46936,34968611.0,16386873.6035
2023-07-06 16:00:00,0.46936,0.46969,0.4651,0.46744,5224882.0,2442710.16389
2023-07-06 20:00:00,0.46744,0.46989,0.46149,0.46184,8673770.0,4043181.44474
2023-07-07 00:00:00,0.46184,0.46895,0.4571,0.46825,11394027.0,5279096.22236
2023-07-07 04:00:00,0.46825,0.4702,0.46151,0.46286,11077836.0,5164642.70204
2023-07-07 08:00:00,0.46286,0.46695,0.46266,0.46562,7999528.0,3719523.17812
2023-07-07 12:00:00,0.46562,0.46929,0.46414,0.46694,12828903.0,5986903.24333
2023-07-07 16:00:00,0.46694,0.4677,0.46371,0.46637,3953596.0,1840811.22593
2023-07-07 20:00:00,0.46637,0.46817,0.46575,0.46812,3189317.0,1490093.84961
2023-07-08 00:00:00,0.46812,0.46812,0.46596,0.46692,4531076.0,2116026.87829
2023-07-08 04:00:00,0.46692,0.46714,0.46452,0.46671,5756905.0,2682848.89473
2023-07-08 08:00:00,0.46671,0.46809,0.46505,0.46698,5190490.0,2424334.14649
2023-07-08 12:00:00,0.46698,0.4695,0.46575,0.46899,7053395.0,3299806.92721
2023-07-08 16:00:00,0.46899,0.4745,0.46676,0.46988,14330098.0,6743518.64539
2023-07-08 20:00:00,0.46988,0.47117,0.46772,0.47,4918990.0,2307571.51195
2023-07-09 00:00:00,0.47,0.47123,0.46908,0.46999,3739068.0,1757998.45177
2023-07-09 04:00:00,0.46999,0.47044,0.46769,0.46899,4879632.0,2287740.77981
2023-07-09 08:00:00,0.46899,0.46997,0.4676,0.46884,4068319.0,1907202.55671
2023-07-09 12:00:00,0.46884,0.47107,0.46585,0.46926,9848649.0,4615320.21337
2023-07-09 16:00:00,0.46926,0.47075,0.46789,0.46927,3317651.0,1556631.3335
2023-07-09 20:00:00,0.46927,0.46999,0.467,0.46785,4980827.0,2332502.04024
2023-07-10 00:00:00,0.46785,0.46853,0.46172,0.46547,11151188.0,5188063.94481
2023-07-10 04:00:00,0.46547,0.4684,0.46506,0.46792,7255746.0,3388929.59442
2023-07-10 08:00:00,0.46792,0.47333,0.46534,0.47098,14616479.0,6866278.63966
2023-07-10 12:00:00,0.47098,0.47254,0.46988,0.4721,5902369.0,2781315.61196
2023-07-10 16:00:00,0.4721,0.47918,0.47036,0.4783,14251310.0,6777876.5264
2023-07-10 20:00:00,0.4783,0.47968,0.47333,0.47749,12093928.0,5763662.73228
2023-07-11 00:00:00,0.47749,0.47798,0.47413,0.47576,7421245.0,3529610.04058
2023-07-11 04:00:00,0.47576,0.47737,0.47463,0.47584,8138186.0,3873393.71125
2023-07-11 08:00:00,0.47584,0.47697,0.47182,0.47328,10063697.0,4769894.33275
2023-07-11 12:00:00,0.47328,0.47518,0.47133,0.47368,9437690.0,4466232.26525
2023-07-11 16:00:00,0.47368,0.47387,0.47054,0.47327,6423351.0,3032543.45181
2023-07-11 20:00:00,0.47327,0.4761,0.47297,0.47474,6238321.0,2962997.41358
2023-07-12 00:00:00,0.47474,0.47537,0.47274,0.47487,6574214.0,3116599.88845
2023-07-12 04:00:00,0.47487,0.4767,0.47372,0.47507,8555199.0,4066467.76091
2023-07-12 08:00:00,0.47507,0.47517,0.47214,0.47346,9149287.0,4332904.44108
2023-07-12 12:00:00,0.47346,0.47601,0.4691,0.47062,19514442.0,9218980.82447
2023-07-12 16:00:00,0.47062,0.47187,0.4643,0.46798,22233182.0,10412667.17729
2023-07-12 20:00:00,0.46798,0.47098,0.46754,0.47047,4605741.0,2162211.56999
2023-07-13 00:00:00,0.47047,0.47227,0.46913,0.47164,6302367.0,2968203.29438
2023-07-13 04:00:00,0.47164,0.47277,0.46997,0.4713,8000968.0,3771112.92141
2023-07-13 08:00:00,0.4713,0.47387,0.47048,0.47311,9895366.0,4675456.1009
2023-07-13 12:00:00,0.47311,0.64512,0.47146,0.5909,244942925.0,139602851.85555
2023-07-13 16:00:00,0.5909,0.94413,0.58177,0.82151,1325249567.0,991116258.22114
2023-07-13 20:00:00,0.82151,0.83303,0.77,0.81534,267501234.0,215358873.6725
2023-07-14 00:00:00,0.81534,0.82577,0.72226,0.78323,219321300.0,168836550.20824
2023-07-14 04:00:00,0.78323,0.81951,0.76249,0.77039,172112157.0,135722369.25214
2023-07-14 08:00:00,0.77039,0.80782,0.76714,0.79839,125324699.0,98593692.75043
2023-07-14 12:00:00,0.79839,0.80075,0.76459,0.77849,96181283.0,74811585.45972
2023-07-14 16:00:00,0.77849,0.78282,0.667,0.69977,283863608.0,202723928.65917
2023-07-14 20:00:00,0.69977,0.72589,0.6845,0.71756,75798467.0,54025120.82762
2023-07-15 00:00:00,0.71756,0.73551,0.6923,0.72037,109714600.0,78120977.7235
2023-07-15 04:00:00,0.72037,0.7328,0.71308,0.72498,52414189.0,37910766.49828
2023-07-15 08:00:00,0.72498,0.7285,0.71061,0.71785,47840188.0,34473070.80878
2023-07-15 12:00:00,0.71785,0.73329,0.717,0.7224,46353900.0,33559908.00038
2023-07-15 16:00:00,0.7224,0.73134,0.70091,0.7234,60635551.0,43335076.53655
2023-07-15 20:00:00,0.7234,0.7234,0.70672,0.71455,27720034.0,19814326.67482
2023-07-16 00:00:00,0.71455,0.72691,0.70041,0.71134,63751406.0,45623765.605
2023-07-16 04:00:00,0.71134,0.71885,0.70678,0.7145,30813932.0,21967943.47423
2023-07-16 08:00:00,0.7145,0.762,0.7131,0.74921,124142859.0,92136738.7535
2023-07-16 12:00:00,0.74921,0.7787,0.74111,0.77028,118218019.0,89864419.43355
2023-07-16 16:00:00,0.77028,0.78916,0.73378,0.74167,127552983.0,97644042.13073
2023-07-16 20:00:00,0.74167,0.76061,0.73713,0.74635,57815903.0,43295203.71183
2023-07-17 00:00:00,0.74635,0.75922,0.7402,0.75665,43879270.0,32994994.37372
2023-07-17 04:00:00,0.75665,0.75665,0.74362,0.7491,42334896.0,31731609.13701
2023-07-17 08:00:00,0.7491,0.75017,0.71914,0.73534,92286191.0,67936545.07114
2023-07-17 12:00:00,0.73534,0.74432,0.7267,0.73833,50584436.0,37271838.29863
2023-07-17 16:00:00,0.73833,0.7657,0.71145,0.7341,114344658.0,83958644.8523
2023-07-17 20:00:00,0.7341,0.74616,0.73034,0.73704,26836085.0,19799541.73654
2023-07-18 00:00:00,0.73704,0.74822,0.73375,0.73765,26458536.0,19550429.13514
2023-07-18 04:00:00,0.73765,0.75299,0.73055,0.74081,56169313.0,41654564.46336
2023-07-18 08:00:00,0.74081,0.76437,0.73597,0.748,76818881.0,57588023.84468
2023-07-18 12:00:00,0.748,0.76989,0.74285,0.75737,89333407.0,67578635.15328
2023-07-18 16:00:00,0.75737,0.77175,0.7426,0.76141,64649079.0,48943942.19694
2023-07-18 20:00:00,0.76141,0.78354,0.7534,0.77725,54023584.0,41543257.66562
2023-07-19 00:00:00,0.77725,0.81779,0.77077,0.79748,142355231.0,113325008.99749
2023-07-19 04:00:00,0.79748,0.80376,0.77894,0.78855,99796585.0,78969799.06858
2023-07-19 08:00:00,0.78855,0.79744,0.76896,0.79413,85399504.0,66923951.08282
2023-07-19 12:00:00,0.79413,0.812,0.78996,0.79955,101960225.0,81517961.57345
2023-07-19 16:00:00,0.79955,0.85306,0.793,0.8337,152401524.0,125657601.28267
2023-07-19 20:00:00,0.8337,0.83687,0.81036,0.81898,76551708.0,63112377.97169
2023-07-20 00:00:00,0.81898,0.84815,0.81544,0.83196,68232088.0,56953118.89544
2023-07-20 04:00:00,0.83196,0.84267,0.813,0.81738,88732855.0,73445643.81471
2023-07-20 08:00:00,0.81738,0.82465,0.8009,0.80753,72898330.0,59125220.91588
2023-07-20 12:00:00,0.80753,0.81659,0.77796,0.78678,92826434.0,73899691.22212
2023-07-20 16:00:00,0.78678,0.7959,0.78501,0.79219,23376905.0,18484046.11579
2023-07-20 20:00:00,0.79219,0.80327,0.77088,0.79366,61185612.0,48160332.80835
2023-07-21 00:00:00,0.79366,0.79811,0.78398,0.79277,31281724.0,24776966.66387
2023-07-21 04:00:00,0.79277,0.79418,0.7733,0.77849,39106692.0,30659936.37592
2023-07-21 08:00:00,0.77849,0.78125,0.75953,0.77347,68070702.0,52407263.29626
2023-07-21 12:00:00,0.77347,0.77946,0.77134,0.77488,36185805.0,28046984.8672
2023-07-21 16:00:00,0.77488,0.79344,0.76967,0.7833,50370529.0,39445418.38273
2023-07-21 20:00:00,0.7833,0.7833,0.76445,0.77069,25584767.0,19795833.38169
2023-07-22 00:00:00,0.77069,0.77765,0.7652,0.77409,25152915.0,19403251.56419
2023-07-22 04:00:00,0.77409,0.77554,0.76921,0.77376,15216607.0,11753891.31208
2023-07-22 08:00:00,0.77376,0.77946,0.76308,0.77216,29185022.0,22538542.11407
2023-07-22 12:00:00,0.77216,0.77216,0.76032,0.76686,30369200.0,23274581.97418
2023-07-22 16:00:00,0.76686,0.7709,0.74,0.74696,57730959.0,43483595.53631
2023-07-22 20:00:00,0.74696,0.75372,0.71961,0.73244,54703072.0,40331616.93545
2023-07-23 00:00:00,0.73244,0.73739,0.71425,0.73458,61610308.0,44837435.4125
2023-07-23 04:00:00,0.73458,0.7447,0.73458,0.73766,39837751.0,29486682.10297
2023-07-23 08:00:00,0.73766,0.74732,0.73485,0.74044,29586750.0,21914800.42741
2023-07-23 12:00:00,0.74044,0.74277,0.73519,0.73957,23695203.0,17515896.3349
2023-07-23 16:00:00,0.73957,0.75125,0.73018,0.73666,36440523.0,27063715.17046
2023-07-23 20:00:00,0.73666,0.74103,0.73158,0.73766,16623238.0,12236738.27935
2023-07-24 00:00:00,0.73766,0.7422,0.72184,0.72748,38262139.0,27939953.2921
2023-07-24 04:00:00,0.72748,0.73255,0.71815,0.7237,35739670.0,25967038.8649
2023-07-24 08:00:00,0.7237,0.7237,0.6764,0.69229,129832604.0,91119131.90973
2023-07-24 12:00:00,0.69229,0.69916,0.68122,0.69361,85116911.0,58847821.31425
2023-07-24 16:00:00,0.69361,0.70873,0.69327,0.70319,48368892.0,33928898.47141
2023-07-24 20:00:00,0.70319,0.70731,0.6972,0.70134,20087545.0,14117533.94419
2023-07-25 00:00:00,0.70134,0.70233,0.6888,0.69631,43364501.0,30184737.18278
2023-07-25 04:00:00,0.69631,0.697,0.67323,0.67962,44579296.0,30553915.94775
2023-07-25 08:00:00,0.67962,0.69357,0.6772,0.68485,45490482.0,31224483.72755
2023-07-25 12:00:00,0.68485,0.70752,0.68461,0.69961,71104998.0,49616339.52277
2023-07-25 16:00:00,0.69961,0.70667,0.69466,0.69999,33813989.0,23707911.5845
2023-07-25 20:00:00,0.69999,0.71552,0.69659,0.70825,34414460.0,24367950.6664
2023-07-26 00:00:00,0.70825,0.71448,0.70081,0.71043,31067215.0,21982078.38121
2023-07-26 04:00:00,0.71043,0.71043,0.69601,0.69988,42669130.0,29964005.71226
2023-07-26 08:00:00,0.69988,0.70335,0.69202,0.69739,33291642.0,23239044.02562
2023-07-26 12:00:00,0.69739,0.70615,0.69607,0.70308,35785836.0,25115804.48578
2023-07-26 16:00:00,0.70308,0.71852,0.69432,0.71354,98611387.0,69789521.19298
2023-07-26 20:00:00,0.71354,0.73047,0.71072,0.71526,53619351.0,38641442.95424
2023-07-27 00:00:00,0.71526,0.7212,0.7073,0.71703,31434621.0,22422417.23726
2023-07-27 04:00:00,0.71703,0.72098,0.70969,0.71108,25776688.0,18416442.02133
2023-07-27 08:00:00,0.71108,0.71857,0.7093,0.71576,28153076.0,20120437.30533
2023-07-27 12:00:00,0.71576,0.73221,0.70589,0.72078,59091693.0,42371528.31698
2023-07-27 16:00:00,0.72078,0.728,0.70932,0.71276,60924638.0,43814085.843
2023-07-27 20:00:00,0.71276,0.7156,0.70666,0.71322,20315135.0,14459930.31985
2023-07-28 00:00:00,0.71322,0.71848,0.71061,0.71378,21584518.0,15428887.01373
2023-07-28 04:00:00,0.71378,0.71441,0.70404,0.70558,25185982.0,17846947.19037
2023-07-28 08:00:00,0.70558,0.71249,0.70141,0.70868,22167345.0,15703336.01184
2023-07-28 12:00:00,0.70868,0.71698,0.70868,0.71195,25664298.0,18294569.77509
2023-07-28 16:00:00,0.71195,0.71458,0.70769,0.71166,11265842.0,8014005.99683
2023-07-28 20:00:00,0.71166,0.71312,0.7093,0.71148,5530882.0,3934692.67127
2023-07-29 00:00:00,0.71148,0.71254,0.7094,0.71051,7193519.0,5113419.50703
2023-07-29 04:00:00,0.71051,0.71497,0.71023,0.71104,10506906.0,7485409.90093
2023-07-29 08:00:00,0.71104,0.71207,0.70352,0.70796,24469794.0,17319317.08041
2023-07-29 12:00:00,0.70796,0.71,0.70641,0.708,9931281.0,7034025.17534
2023-07-29 16:00:00,0.708,0.71419,0.707,0.71387,13172770.0,9358306.14762
2023-07-29 20:00:00,0.71387,0.71547,0.7106,0.71183,8375463.0,5969543.60381
2023-07-30 00:00:00,0.71183,0.71195,0.70828,0.70968,9011327.0,6396381.87033
2023-07-30 04:00:00,0.70968,0.7115,0.70848,0.70985,7490212.0,5317982.59027
2023-07-30 08:00:00,0.70985,0.7355,0.70972,0.71907,63046035.0,45505220.15974
2023-07-30 12:00:00,0.71907,0.7222,0.71114,0.7142,25568165.0,18352571.03746
2023-07-30 16:00:00,0.7142,0.71757,0.6975,0.70279,28220432.0,20023608.34236
2023-07-30 20:00:00,0.70279,0.70638,0.682,0.70417,43929250.0,30656952.94778
2023-07-31 00:00:00,0.70417,0.71118,0.70194,0.70586,17433669.0,12325864.6958
2023-07-31 04:00:00,0.70586,0.7075,0.70051,0.70455,16677526.0,11752985.97364
2023-07-31 08:00:00,0.70455,0.70564,0.70135,0.70396,12370647.0,8700887.71914
2023-07-31 12:00:00,0.70396,0.70673,0.69333,0.69602,33390841.0,23371287.96724
2023-07-31 16:00:00,0.69602,0.71974,0.69211,0.71447,37200148.0,26268723.36817
2023-07-31 20:00:00,0.71447,0.71959,0.68408,0.69709,62450495.0,43738066.87275
2023-08-01 00:00:00,0.69709,0.69709,0.67192,0.68727,49905009.0,34237568.10405
2023-08-01 04:00:00,0.68727,0.69191,0.6855,0.6896,24238641.0,16701408.36265
2023-08-01 08:00:00,0.6896,0.6919,0.68661,0.68711,11934436.0,8227240.94538
2023-08-01 12:00:00,0.68711,0.69797,0.68013,0.69353,41330702.0,28512683.79931
2023-08-01 16:00:00,0.69353,0.703,0.69019,0.69917,26926758.0,18744614.07859
2023-08-01 20:00:00,0.69917,0.7076,0.69681,0.7064,25906285.0,18206177.36838
2023-08-02 00:00:00,0.7064,0.7075,0.69869,0.69985,22560967.0,15848568.67267
2023-08-02 04:00:00,0.69985,0.701,0.69288,0.69426,17900513.0,12466716.79045
2023-08-02 08:00:00,0.69426,0.69711,0.69144,0.69582,18227687.0,12660729.50515
2023-08-02 12:00:00,0.69582,0.69582,0.67923,0.6867,41889848.0,28815982.09166
2023-08-02 16:00:00,0.6867,0.68814,0.67532,0.68609,24156345.0,16479811.54814
2023-08-02 20:00:00,0.68609,0.68861,0.68288,0.68451,8948538.0,6140545.95806
2023-08-03 00:00:00,0.68451,0.68699,0.68004,0.68229,13899596.0,9499892.4722
2023-08-03 04:00:00,0.68229,0.6824,0.66441,0.66985,43021790.0,28970487.16727
2023-08-03 08:00:00,0.66985,0.67055,0.654,0.66538,49103284.0,32540388.75491
2023-08-03 12:00:00,0.66538,0.673,0.65897,0.67049,36912269.0,24607743.1984
2023-08-03 16:00:00,0.67049,0.67692,0.66796,0.67376,24553645.0,16521935.75558
2023-08-03 20:00:00,0.67376,0.67733,0.661,0.66268,33626805.0,22442315.80408
2023-08-04 00:00:00,0.66268,0.66691,0.6606,0.66437,19991665.0,13268725.9481
2023-08-04 04:00:00,0.66437,0.667,0.65621,0.6589,31357085.0,20739479.80657
2023-08-04 08:00:00,0.6589,0.66245,0.65504,0.65768,20845347.0,13743199.36841
2023-08-04 12:00:00,0.65768,0.66604,0.6558,0.66303,34206000.0,22652285.79302
2023-08-04 16:00:00,0.66303,0.66741,0.64888,0.6535,33587299.0,22078305.0189
2023-08-04 20:00:00,0.6535,0.65521,0.62314,0.63511,71797004.0,45612073.5494
2023-08-05 00:00:00,0.63511,0.6353,0.61013,0.6232,70149113.0,43556892.6345
2023-08-05 04:00:00,0.6232,0.62504,0.61787,0.62334,28353051.0,17644398.81143
2023-08-05 08:00:00,0.62334,0.63204,0.62256,0.62683,29693110.0,18624226.20737
2023-08-05 12:00:00,0.62683,0.62935,0.62032,0.62383,35776073.0,22362463.07448
2023-08-05 16:00:00,0.62383,0.63206,0.6186,0.62702,22167073.0,13862689.01009
2023-08-05 20:00:00,0.62702,0.62981,0.62458,0.62838,8281089.0,5194054.72115
2023-08-06 00:00:00,0.62838,0.63654,0.62662,0.63525,28201939.0,17820200.66896
2023-08-06 04:00:00,0.63525,0.63834,0.63135,0.6327,19189767.0,12174139.27368
2023-08-06 08:00:00,0.6327,0.63738,0.62922,0.63285,17795246.0,11263133.1905
2023-08-06 12:00:00,0.63285,0.633,0.62348,0.62646,27769886.0,17428856.65722
2023-08-06 16:00:00,0.62646,0.62994,0.625,0.62709,8687541.0,5454423.64641
2023-08-06 20:00:00,0.62709,0.63176,0.62081,0.62385,21731423.0,13599237.47105
2023-08-07 00:00:00,0.62385,0.6295,0.62009,0.62551,22339280.0,13967679.44031
2023-08-07 04:00:00,0.62551,0.62823,0.60618,0.61201,44961037.0,27707836.32575
2023-08-07 08:00:00,0.61201,0.62102,0.61046,0.61959,27183321.0,16765358.21859
2023-08-07 12:00:00,0.61959,0.62083,0.60781,0.61612,41611294.0,25571238.25636
2023-08-07 16:00:00,0.61612,0.6199,0.59504,0.61662,67291560.0,40881533.80943
2023-08-07 20:00:00,0.61662,0.62398,0.61462,0.62309,19636740.0,12163884.31597
2023-08-08 00:00:00,0.62309,0.6248,0.61725,0.62002,13930723.0,8646350.46887
2023-08-08 04:00:00,0.62002,0.62668,0.61829,0.62167,24533255.0,15266402.42869
2023-08-08 08:00:00,0.62167,0.6236,0.61362,0.6226,33299338.0,20585969.86101
2023-08-08 12:00:00,0.6226,0.63122,0.62023,0.62846,50534818.0,31641108.21658
2023-08-08 16:00:00,0.62846,0.64329,0.62777,0.6363,46169971.0,29380752.83883
2023-08-08 20:00:00,0.6363,0.64783,0.635,0.64143,29532938.0,18952787.13083
2023-08-09 00:00:00,0.64143,0.64792,0.63541,0.63937,24484444.0,15681231.37199
2023-08-09 04:00:00,0.63937,0.64579,0.63787,0.64435,23662211.0,15193250.71751
2023-08-09 08:00:00,0.64435,0.64892,0.63954,0.6447,35817708.0,23053501.92543
2023-08-09 12:00:00,0.6447,0.66567,0.64427,0.65429,73611973.0,48238953.89118
2023-08-09 16:00:00,0.65429,0.66493,0.64719,0.65975,41827246.0,27370167.96882
2023-08-09 20:00:00,0.65975,0.65975,0.63119,0.64309,62281384.0,40011027.64161
2023-08-10 00:00:00,0.64309,0.64414,0.63661,0.63749,30128792.0,19295220.23252
2023-08-10 04:00:00,0.63749,0.63852,0.624,0.62607,46983394.0,29653850.75434
2023-08-10 08:00:00,0.62607,0.63199,0.62555,0.62815,33372742.0,20980742.034
2023-08-10 12:00:00,0.62815,0.63737,0.62803,0.63107,41748781.0,26413426.92403
2023-08-10 16:00:00,0.63107,0.63552,0.6241,0.6337,26879197.0,16926984.46125
2023-08-10 20:00:00,0.6337,0.63519,0.63137,0.63289,10622229.0,6727235.7276
2023-08-11 00:00:00,0.63289,0.63602,0.63153,0.63475,18198416.0,11540763.59094
2023-08-11 04:00:00,0.63475,0.64114,0.63151,0.63182,29538471.0,18783560.44224
2023-08-11 08:00:00,0.63182,0.63283,0.62802,0.63283,22530731.0,14213676.12571
2023-08-11 12:00:00,0.63283,0.63422,0.62441,0.62844,29448525.0,18571502.98538
2023-08-11 16:00:00,0.62844,0.63112,0.62645,0.63059,13270382.0,8350021.36189
2023-08-11 20:00:00,0.63059,0.63312,0.63014,0.63134,7250841.0,4580319.64915
2023-08-12 00:00:00,0.63134,0.6332,0.62808,0.62945,15613295.0,9845552.60959
2023-08-12 04:00:00,0.62945,0.63044,0.62811,0.6299,7806583.0,4913811.12088
2023-08-12 08:00:00,0.6299,0.6313,0.6288,0.6299,9264764.0,5835965.72366
2023-08-12 12:00:00,0.6299,0.6307,0.62841,0.63042,12126904.0,7634859.65924
2023-08-12 16:00:00,0.63042,0.6309,0.62154,0.6255,14918771.0,9350890.91529
2023-08-12 20:00:00,0.6255,0.62839,0.62438,0.6272,12826465.0,8038318.64509
2023-08-13 00:00:00,0.6272,0.62983,0.62574,0.62901,11638038.0,7311263.35807
2023-08-13 04:00:00,0.62901,0.62907,0.62594,0.62877,6515394.0,4088391.36707
2023-08-13 08:00:00,0.62877,0.6292,0.62627,0.62738,8890896.0,5582389.14912
2023-08-13 12:00:00,0.62738,0.6295,0.62639,0.62786,8621528.0,5414973.79776
2023-08-13 16:00:00,0.62786,0.63827,0.62731,0.63529,20918598.0,13244954.47831
2023-08-13 20:00:00,0.63529,0.63639,0.62293,0.62521,25061297.0,15749898.75204
2023-08-14 00:00:00,0.62521,0.6304,0.62374,0.62971,17338059.0,10867593.22541
2023-08-14 04:00:00,0.62971,0.63399,0.62616,0.6263,21941147.0,13820252.16469
2023-08-14 08:00:00,0.6263,0.62971,0.62568,0.6279,11613626.0,7294394.95541
2023-08-14 12:00:00,0.6279,0.6324,0.62606,0.631,15278826.0,9618189.48348
2023-08-14 16:00:00,0.631,0.632,0.62424,0.62799,18713534.0,11755768.83441
2023-08-14 20:00:00,0.62799,0.63635,0.62759,0.63374,11720730.0,7414394.52193
2023-08-15 00:00:00,0.63374,0.63434,0.62899,0.63109,13535450.0,8542369.08887
2023-08-15 04:00:00,0.63109,0.63147,0.62538,0.6271,19491861.0,12246913.80308
2023-08-15 08:00:00,0.6271,0.62843,0.62556,0.62572,9820613.0,6157219.08186
2023-08-15 12:00:00,0.62572,0.628,0.62054,0.62455,24736904.0,15472203.84284
2023-08-15 16:00:00,0.62455,0.62622,0.5755,0.60215,98598211.0,59615569.34007
2023-08-15 20:00:00,0.60215,0.6102,0.60077,0.60986,19552994.0,11866540.28643
2023-08-16 00:00:00,0.60986,0.60986,0.60569,0.60755,13862319.0,8424125.71312
2023-08-16 04:00:00,0.60755,0.6164,0.5985,0.60243,43882473.0,26594510.76931
2023-08-16 08:00:00,0.60243,0.60329,0.59406,0.59985,31669025.0,18973304.84218
2023-08-16 12:00:00,0.59985,0.59985,0.58664,0.59404,59705759.0,35479931.09652
2023-08-16 16:00:00,0.59404,0.60256,0.59137,0.59548,22551288.0,13464494.9836
2023-08-16 20:00:00,0.59548,0.59716,0.57143,0.58833,58750379.0,34299207.12361
2023-08-17 00:00:00,0.58833,0.59435,0.57872,0.59028,33357823.0,19622800.38185
2023-08-17 04:00:00,0.59028,0.59345,0.58645,0.58983,16260611.0,9593561.6938
2023-08-17 08:00:00,0.58983,0.59153,0.58287,0.58466,29379639.0,17212081.59343
2023-08-17 12:00:00,0.58466,0.5883,0.57284,0.57604,53304701.0,30996478.11332
2023-08-17 16:00:00,0.57604,0.57966,0.56754,0.57616,41955725.0,24120872.53384
2023-08-17 20:00:00,0.57616,0.57686,0.40901,0.50567,263931249.0,132591195.82494
2023-08-18 00:00:00,0.50567,0.51481,0.48234,0.49307,80298890.0,40028506.92961
2023-08-18 04:00:00,0.49307,0.52241,0.48626,0.5057,78867244.0,39642452.54945
2023-08-18 08:00:00,0.5057,0.5102,0.50069,0.50801,43946937.0,22204725.23053
2023-08-18 12:00:00,0.50801,0.512,0.49811,0.50216,65650219.0,33120594.93943
2023-08-18 16:00:00,0.50216,0.50828,0.48805,0.49955,54675508.0,27307294.49462
2023-08-18 20:00:00,0.49955,0.51031,0.49947,0.50562,16909190.0,8544128.49266
2023-08-19 00:00:00,0.50562,0.5095,0.5022,0.50499,16927238.0,8555363.13496
2023-08-19 04:00:00,0.50499,0.50711,0.50014,0.50488,21942487.0,11054699.10746
2023-08-19 08:00:00,0.50488,0.50764,0.50233,0.50299,14643898.0,7392689.99824
2023-08-19 12:00:00,0.50299,0.5242,0.50248,0.52123,49251181.0,25312661.8717
2023-08-19 16:00:00,0.52123,0.5238,0.51481,0.51929,37275210.0,19323232.61498
2023-08-19 20:00:00,0.51929,0.52069,0.51133,0.5195,15625445.0,8076063.08485
2023-08-20 00:00:00,0.5195,0.52154,0.51553,0.51805,21695947.0,11244589.07702
2023-08-20 04:00:00,0.51805,0.52837,0.51736,0.52778,39381043.0,20542615.17764
2023-08-20 08:00:00,0.52778,0.55795,0.52441,0.54498,135403357.0,73313161.98578
2023-08-20 12:00:00,0.54498,0.54953,0.53246,0.53847,92681399.0,50244080.30554
2023-08-20 16:00:00,0.53847,0.54355,0.53033,0.54112,41106318.0,22089934.64059
2023-08-20 20:00:00,0.54112,0.54518,0.53621,0.53804,21056967.0,11390072.3653
2023-08-21 00:00:00,0.53804,0.53927,0.53004,0.53185,25538977.0,13652471.06993
2023-08-21 04:00:00,0.53185,0.53344,0.517,0.52058,49903373.0,26195825.16405
2023-08-21 08:00:00,0.52058,0.5262,0.51668,0.52522,43204445.0,22498037.71195
2023-08-21 12:00:00,0.52522,0.52998,0.50156,0.51009,80013816.0,41421827.90508
2023-08-21 16:00:00,0.51009,0.52555,0.50802,0.52137,38036543.0,19637305.79416
2023-08-21 20:00:00,0.52137,0.52649,0.51936,0.52372,15674334.0,8195082.4477
2023-08-22 00:00:00,0.52372,0.52494,0.5175,0.52087,17740017.0,9238181.66486
2023-08-22 04:00:00,0.52087,0.52216,0.51537,0.51827,24637118.0,12783715.85418
2023-08-22 08:00:00,0.51827,0.51919,0.51429,0.5164,23596952.0,12191452.47296
2023-08-22 12:00:00,0.5164,0.52026,0.50848,0.51117,50378004.0,25909672.13464
2023-08-22 16:00:00,0.51117,0.517,0.50297,0.51108,48326824.0,24668676.02504
2023-08-22 20:00:00,0.51108,0.52583,0.50224,0.52038,39143756.0,20166405.6743
2023-08-23 00:00:00,0.52038,0.52327,0.5171,0.51867,23463940.0,12208265.01349
2023-08-23 04:00:00,0.51867,0.52252,0.5163,0.51725,25660923.0,13332082.99066
2023-08-23 08:00:00,0.51725,0.52147,0.5165,0.51893,23934235.0,12417426.47892
2023-08-23 12:00:00,0.51893,0.52327,0.51476,0.52261,31979934.0,16589020.04137
2023-08-23 16:00:00,0.52261,0.53616,0.52184,0.5322,49633254.0,26286171.7992
2023-08-23 20:00:00,0.5322,0.53267,0.52277,0.52949,18790001.0,9929055.32875
2023-08-24 00:00:00,0.52949,0.5304,0.52549,0.52816,14915677.0,7867664.47801
2023-08-24 04:00:00,0.52816,0.53145,0.52608,0.52764,19473100.0,10299595.02066
2023-08-24 08:00:00,0.52764,0.52829,0.52236,0.52385,19175209.0,10066595.94586
2023-08-24 12:00:00,0.52385,0.52427,0.51253,0.51467,48053125.0,24899761.81336
2023-08-24 16:00:00,0.51467,0.51807,0.51045,0.51585,29621535.0,15269842.97706
2023-08-24 20:00:00,0.51585,0.51927,0.5111,0.51806,18786550.0,9695330.7711
2023-08-25 00:00:00,0.51806,0.52063,0.51237,0.51667,23818655.0,12326749.24815
2023-08-25 04:00:00,0.51667,0.51797,0.50758,0.50938,40204446.0,20612070.31766
2023-08-25 08:00:00,0.50938,0.51437,0.50745,0.51351,24246219.0,12383107.54074
2023-08-25 12:00:00,0.51351,0.52523,0.51114,0.51576,56252081.0,29080784.81977
2023-08-25 16:00:00,0.51576,0.53126,0.51367,0.52474,33421896.0,17448175.76491
2023-08-25 20:00:00,0.52474,0.52682,0.52183,0.5252,13563509.0,7113690.59227
2023-08-26 00:00:00,0.5252,0.52601,0.52225,0.52336,9388210.0,4916257.90365
2023-08-26 04:00:00,0.52336,0.52345,0.5175,0.52095,19418322.0,10107809.178
2023-08-26 08:00:00,0.52095,0.5236,0.5197,0.52241,11180097.0,5829690.80673
2023-08-26 12:00:00,0.52241,0.52793,0.52051,0.52489,20299422.0,10642753.61702
2023-08-26 16:00:00,0.52489,0.52656,0.523,0.52572,9354312.0,4906567.22491
2023-08-26 20:00:00,0.52572,0.52698,0.5215,0.52266,9409669.0,4933101.63633
2023-08-27 00:00:00,0.52266,0.52466,0.52141,0.52431,8172413.0,4275245.95171
2023-08-27 04:00:00,0.52431,0.52982,0.52412,0.52686,18126840.0,9539451.88099
2023-08-27 08:00:00,0.52686,0.52898,0.52498,0.52632,16178093.0,8531919.10991
2023-08-27 12:00:00,0.52632,0.52966,0.5256,0.52674,13825954.0,7294406.58466
2023-08-27 16:00:00,0.52674,0.52772,0.523,0.52444,11169523.0,5865736.74139
2023-08-27 20:00:00,0.52444,0.52526,0.51624,0.52322,12593484.0,6571681.0291
2023-08-28 00:00:00,0.52322,0.52336,0.51669,0.51942,20184165.0,10480353.1193
2023-08-28 04:00:00,0.51942,0.52056,0.51466,0.51642,23166709.0,11977756.60878
2023-08-28 08:00:00,0.51642,0.51642,0.50948,0.51614,35641787.0,18312801.23284
2023-08-28 12:00:00,0.51614,0.52146,0.51605,0.51945,33045633.0,17151285.36543
2023-08-28 16:00:00,0.51945,0.52413,0.51791,0.52106,12385139.0,6448768.43287
2023-08-28 20:00:00,0.52106,0.52453,0.5195,0.52266,9133278.0,4771496.89793
2023-08-29 00:00:00,0.52266,0.52301,0.51915,0.52034,16380171.0,8535871.66956
2023-08-29 04:00:00,0.52034,0.52083,0.51514,0.51625,19030295.0,9852735.20599
2023-08-29 08:00:00,0.51625,0.51818,0.5127,0.51536,26549868.0,13682317.45333
2023-08-29 12:00:00,0.51536,0.54991,0.51395,0.53443,104842639.0,55979255.2187
2023-08-29 16:00:00,0.53443,0.54385,0.53294,0.53814,28192705.0,15202137.20258
2023-08-29 20:00:00,0.53814,0.54276,0.53791,0.5395,19984544.0,10794448.37853
2023-08-30 00:00:00,0.5395,0.53987,0.52972,0.53337,25351862.0,13530881.87151
2023-08-30 04:00:00,0.53337,0.53521,0.52895,0.53187,18300874.0,9735519.84132
2023-08-30 08:00:00,0.53187,0.53307,0.52726,0.52899,16001146.0,8474822.26532
2023-08-30 12:00:00,0.52899,0.53087,0.52101,0.52358,33564618.0,17652553.07031
2023-08-30 16:00:00,0.52358,0.52768,0.5227,0.52667,10075017.0,5288561.00576
2023-08-30 20:00:00,0.52667,0.52908,0.52649,0.52785,7745384.0,4088062.24814
2023-08-31 00:00:00,0.52785,0.52785,0.52362,0.52593,9255962.0,4863626.52836
2023-08-31 04:00:00,0.52593,0.52817,0.5238,0.52559,16871725.0,8865778.28444
2023-08-31 08:00:00,0.52559,0.5286,0.52248,0.52581,16867857.0,8857601.91813
2023-08-31 12:00:00,0.52581,0.52616,0.5125,0.5169,34388439.0,17894288.79041
2023-08-31 16:00:00,0.5169,0.51952,0.49475,0.50961,47254133.0,24024534.88849
2023-08-31 20:00:00,0.50961,0.51217,0.50215,0.51052,17364938.0,8826046.85421
2023-09-01 00:00:00,0.51052,0.51157,0.507,0.50975,11203414.0,5705946.39597
2023-09-01 04:00:00,0.50975,0.51027,0.50223,0.50424,21667847.0,10967510.75388
2023-09-01 08:00:00,0.50424,0.50738,0.50195,0.5065,17493795.0,8827317.07644
2023-09-01 12:00:00,0.5065,0.50798,0.49805,0.50108,25944424.0,13056223.81002
2023-09-01 16:00:00,0.50108,0.50169,0.48613,0.49174,39182707.0,19347361.02897
2023-09-01 20:00:00,0.49174,0.49838,0.49115,0.49735,10827579.0,5370159.90061
2023-09-02 00:00:00,0.49735,0.49808,0.49395,0.49754,11624716.0,5770429.91973
2023-09-02 04:00:00,0.49754,0.49838,0.4948,0.49578,11269027.0,5594392.15833
2023-09-02 08:00:00,0.49578,0.49768,0.4947,0.49673,6862344.0,3404876.52787
2023-09-02 12:00:00,0.49673,0.50228,0.49528,0.49985,22150801.0,11053370.03711
2023-09-02 16:00:00,0.49985,0.50063,0.4937,0.49658,14346896.0,7132220.43304
2023-09-02 20:00:00,0.49658,0.49925,0.49498,0.49835,7443475.0,3702399.83063
2023-09-03 00:00:00,0.49835,0.50197,0.49664,0.50175,11110460.0,5542534.03465
2023-09-03 04:00:00,0.50175,0.50529,0.50029,0.50346,18009976.0,9054231.32071
2023-09-03 08:00:00,0.50346,0.50368,0.50103,0.50216,9808168.0,4923818.16391
2023-09-03 12:00:00,0.50216,0.50434,0.49905,0.50128,18273160.0,9160082.20046
2023-09-03 16:00:00,0.50128,0.51072,0.50128,0.50583,39869632.0,20180487.11012
2023-09-03 20:00:00,0.50583,0.50723,0.50312,0.50423,8503312.0,4292667.62935
2023-09-04 00:00:00,0.50423,0.51246,0.5039,0.50918,24091583.0,12256368.99353
2023-09-04 04:00:00,0.50918,0.51216,0.5004,0.50337,29592929.0,14987142.61116
2023-09-04 08:00:00,0.50337,0.50597,0.5001,0.50067,21104170.0,10615397.16452
2023-09-04 12:00:00,0.50067,0.50397,0.49616,0.50286,31445157.0,15746964.03402
2023-09-04 16:00:00,0.50286,0.50897,0.50175,0.50841,15348680.0,7759603.75976
2023-09-04 20:00:00,0.50841,0.51045,0.50312,0.50808,20261333.0,10266364.23898
2023-09-05 00:00:00,0.50808,0.50815,0.5017,0.50503,17076003.0,8606597.20069
2023-09-05 04:00:00,0.50503,0.50747,0.50174,0.50408,23130557.0,11669062.43343
2023-09-05 08:00:00,0.50408,0.50532,0.50112,0.50337,17176748.0,8643442.55393
2023-09-05 12:00:00,0.50337,0.50484,0.49857,0.50193,22823488.0,11450659.22226
2023-09-05 16:00:00,0.50193,0.50382,0.49997,0.50217,9455218.0,4746262.74789
2023-09-05 20:00:00,0.50217,0.5058,0.50166,0.5049,12062114.0,6084433.92478
2023-09-06 00:00:00,0.5049,0.50527,0.50276,0.50387,14442754.0,7281520.52254
2023-09-06 04:00:00,0.50387,0.5045,0.5,0.50137,19524022.0,9796235.21209
2023-09-06 08:00:00,0.50137,0.50177,0.49951,0.50108,12527286.0,6271675.48567
2023-09-06 12:00:00,0.50108,0.50207,0.4932,0.49717,33643903.0,16741977.26955
2023-09-06 16:00:00,0.49717,0.50417,0.4905,0.50058,27980115.0,13923167.3371
2023-09-06 20:00:00,0.50058,0.50337,0.50033,0.50283,12140133.0,6096772.58333
2023-09-07 00:00:00,0.50283,0.50314,0.49938,0.50236,17890206.0,8968647.80942
2023-09-07 04:00:00,0.50236,0.504,0.49783,0.4995,25659577.0,12854988.58892
2023-09-07 08:00:00,0.4995,0.49987,0.49602,0.49757,17072310.0,8500357.47538
2023-09-07 12:00:00,0.49757,0.49972,0.49678,0.499,11763043.0,5861713.37299
2023-09-07 16:00:00,0.499,0.50153,0.49859,0.50092,15351190.0,7680800.22366
2023-09-07 20:00:00,0.50092,0.50647,0.50008,0.50444,20736931.0,10445472.58147
2023-09-08 00:00:00,0.50444,0.50717,0.5023,0.50434,14506443.0,7320317.60141
2023-09-08 04:00:00,0.50434,0.50626,0.50185,0.50321,15738934.0,7931304.20307
2023-09-08 08:00:00,0.50321,0.50442,0.49341,0.49774,27643472.0,13796926.35061
2023-09-08 12:00:00,0.49774,0.50217,0.49734,0.50114,13716696.0,6860861.20706
2023-09-08 16:00:00,0.50114,0.50527,0.49957,0.50451,15673259.0,7881008.27736
2023-09-08 20:00:00,0.50451,0.50603,0.50282,0.50449,10334739.0,5212184.39957
2023-09-09 00:00:00,0.50449,0.50449,0.50112,0.50213,11835742.0,5949641.01724
2023-09-09 04:00:00,0.50213,0.50395,0.50099,0.50352,8937114.0,4491085.38568
2023-09-09 08:00:00,0.50352,0.50442,0.50263,0.50331,11151222.0,5615061.99681
2023-09-09 12:00:00,0.50331,0.50415,0.50151,0.50382,11734028.0,5896583.49715
2023-09-09 16:00:00,0.50382,0.50404,0.50232,0.50348,5197387.0,2615122.64211
2023-09-09 20:00:00,0.50348,0.50371,0.50275,0.5033,4029635.0,2027545.8501
2023-09-10 00:00:00,0.5033,0.50332,0.49905,0.50131,16907128.0,8473380.96414
2023-09-10 04:00:00,0.50131,0.50131,0.49458,0.4995,25054450.0,12488064.47096
2023-09-10 08:00:00,0.4995,0.50024,0.49802,0.49913,19509275.0,9739259.72858
2023-09-10 12:00:00,0.49913,0.49976,0.49163,0.49577,28491049.0,14143458.55184
2023-09-10 16:00:00,0.49577,0.49903,0.49277,0.49784,17723088.0,8790556.88006
2023-09-10 20:00:00,0.49784,0.50054,0.49632,0.49652,13994755.0,6985341.54729
2023-09-11 00:00:00,0.49652,0.49777,0.49111,0.49613,22772875.0,11250481.32035
2023-09-11 04:00:00,0.49613,0.49625,0.47533,0.48504,55005899.0,26747499.74182
2023-09-11 08:00:00,0.48504,0.48505,0.45795,0.46887,94922335.0,44945173.4158
2023-09-11 12:00:00,0.46887,0.4763,0.46848,0.47176,48408795.0,22879324.89927
2023-09-11 16:00:00,0.47176,0.47379,0.46388,0.46857,26034439.0,12219422.28067
2023-09-11 20:00:00,0.46857,0.4748,0.467,0.47381,14262771.0,6728475.09667
2023-09-12 00:00:00,0.47381,0.484,0.46956,0.47861,38767087.0,18477985.92972
2023-09-12 04:00:00,0.47861,0.48038,0.4706,0.47436,29303234.0,13934010.435
2023-09-12 08:00:00,0.47436,0.48369,0.47003,0.47841,35921722.0,17137109.49392
2023-09-12 12:00:00,0.47841,0.48234,0.47597,0.48219,25014398.0,11988693.30128
2023-09-12 16:00:00,0.48219,0.4865,0.47682,0.4813,24069028.0,11591596.03991
2023-09-12 20:00:00,0.4813,0.48411,0.47929,0.4799,9933170.0,4782754.62915
2023-09-13 00:00:00,0.4799,0.48094,0.47687,0.47838,17431314.0,8352221.12153
2023-09-13 04:00:00,0.47838,0.48913,0.4724,0.4745,44911691.0,21496335.91049
2023-09-13 08:00:00,0.4745,0.482,0.47402,0.48112,20846058.0,9974383.20569
2023-09-13 12:00:00,0.48112,0.48419,0.47788,0.48257,31741747.0,15265381.8476
2023-09-13 16:00:00,0.48257,0.48419,0.47905,0.48126,11518868.0,5549951.28185
2023-09-13 20:00:00,0.48126,0.48509,0.48126,0.48288,8742413.0,4227371.18307
2023-09-14 00:00:00,0.48288,0.48611,0.48065,0.48454,16650145.0,8047133.89749
2023-09-14 04:00:00,0.48454,0.48478,0.47983,0.48107,15804792.0,7608598.84916
2023-09-14 08:00:00,0.48107,0.4833,0.47998,0.48282,13883647.0,6684264.34422
2023-09-14 12:00:00,0.48282,0.48948,0.48148,0.48758,26961909.0,13088547.61661
2023-09-14 16:00:00,0.48758,0.49336,0.48486,0.49277,19096017.0,9337176.80212
2023-09-14 20:00:00,0.49277,0.49307,0.48808,0.48886,10082795.0,4943073.7707
2023-09-15 00:00:00,0.48886,0.49966,0.4886,0.49761,30231795.0,14974579.44416
2023-09-15 04:00:00,0.49761,0.50798,0.49322,0.49338,59842306.0,29929765.48578
2023-09-15 08:00:00,0.49338,0.49838,0.49222,0.49348,21365759.0,10584892.19957
2023-09-15 12:00:00,0.49348,0.49428,0.4869,0.49301,26768440.0,13149052.04097
2023-09-15 16:00:00,0.49301,0.49978,0.4925,0.49767,12289992.0,6085737.94535
2023-09-15 20:00:00,0.49767,0.50318,0.4973,0.49996,18045981.0,9036678.14301
2023-09-16 00:00:00,0.49996,0.50298,0.49769,0.49995,20757662.0,10393641.96482
2023-09-16 04:00:00,0.49995,0.50073,0.49769,0.49863,11016227.0,5497691.20077
2023-09-16 08:00:00,0.49863,0.5019,0.49836,0.50037,13330825.0,6668562.52861
2023-09-16 12:00:00,0.50037,0.50183,0.49603,0.49866,21822018.0,10906588.21414
2023-09-16 16:00:00,0.49866,0.50188,0.49795,0.49964,10791628.0,5397101.41547
2023-09-16 20:00:00,0.49964,0.50058,0.49825,0.49937,3531942.0,1763640.36383
2023-09-17 00:00:00,0.49937,0.49938,0.49161,0.49677,16092687.0,7974154.53208
2023-09-17 04:00:00,0.49677,0.49697,0.49301,0.49411,13125009.0,6490866.68978
2023-09-17 08:00:00,0.49411,0.4978,0.4941,0.49693,9755743.0,4843374.9767
2023-09-17 12:00:00,0.49693,0.49977,0.49599,0.49935,11232478.0,5594894.34195
2023-09-17 16:00:00,0.49935,0.49976,0.49468,0.49651,11418112.0,5678530.66914
2023-09-17 20:00:00,0.49651,0.49682,0.48874,0.49197,19844340.0,9759094.06875
2023-09-18 00:00:00,0.49197,0.49739,0.48613,0.49702,30036880.0,14776135.11084
2023-09-18 04:00:00,0.49702,0.49837,0.4907,0.49092,21552718.0,10645323.85452
2023-09-18 08:00:00,0.49092,0.50132,0.49081,0.50111,28516718.0,14171336.17872
2023-09-18 12:00:00,0.50111,0.50706,0.49885,0.50365,32278847.0,16230508.18729
2023-09-18 16:00:00,0.50365,0.50449,0.4976,0.50344,17881677.0,8959615.47141
2023-09-18 20:00:00,0.50344,0.50658,0.50142,0.50256,10045765.0,5061878.8454
2023-09-19 00:00:00,0.50256,0.51498,0.50012,0.50847,30357618.0,15419717.16561
2023-09-19 04:00:00,0.50847,0.51055,0.50307,0.50348,18319181.0,9284329.09877
2023-09-19 08:00:00,0.50348,0.51,0.50328,0.50892,24679415.0,12519174.24223
2023-09-19 12:00:00,0.50892,0.51135,0.50573,0.511,15392617.0,7833267.31634
2023-09-19 16:00:00,0.511,0.51607,0.50743,0.51491,16406740.0,8409531.83898
2023-09-19 20:00:00,0.51491,0.51496,0.51048,0.51345,7858983.0,4026406.03568
2023-09-20 00:00:00,0.51345,0.52529,0.51102,0.52319,28790377.0,14911828.48704
2023-09-20 04:00:00,0.52319,0.52319,0.5128,0.51385,26754197.0,13846155.37823
2023-09-20 08:00:00,0.51385,0.51628,0.50579,0.51499,31562184.0,16172263.75616
2023-09-20 12:00:00,0.51499,0.519,0.50942,0.51722,28434627.0,14611957.57507
2023-09-20 16:00:00,0.51722,0.52182,0.51077,0.51586,22414531.0,11594838.22461
2023-09-20 20:00:00,0.51586,0.52454,0.51315,0.52072,20257519.0,10551132.40899
2023-09-21 00:00:00,0.52072,0.521,0.51274,0.51799,19245166.0,9928716.23973
2023-09-21 04:00:00,0.51799,0.518,0.5085,0.50922,22995084.0,11776890.9954
2023-09-21 08:00:00,0.50922,0.51132,0.50003,0.50498,43989538.0,22235897.89967
2023-09-21 12:00:00,0.50498,0.50621,0.49955,0.50458,24162219.0,12165718.28638
2023-09-21 16:00:00,0.50458,0.51072,0.5035,0.51047,14458312.0,7339004.8446
2023-09-21 20:00:00,0.51047,0.51067,0.50522,0.50675,9187297.0,4659229.99384
2023-09-22 00:00:00,0.50675,0.5125,0.50325,0.51204,17845702.0,9085602.73925
2023-09-22 04:00:00,0.51204,0.51367,0.5068,0.51102,21334119.0,10894850.46231
2023-09-22 08:00:00,0.51102,0.51333,0.50669,0.50927,21805506.0,11115501.47932
2023-09-22 12:00:00,0.50927,0.51167,0.50857,0.51006,12560459.0,6407035.3943
2023-09-22 16:00:00,0.51006,0.51658,0.50783,0.51437,28390708.0,14557343.06031
2023-09-22 20:00:00,0.51437,0.51511,0.5104,0.51184,8947632.0,4585191.94945
2023-09-23 00:00:00,0.51184,0.5128,0.51008,0.51092,9696054.0,4961494.7075
2023-09-23 04:00:00,0.51092,0.51296,0.51004,0.51149,7500209.0,3838465.12311
2023-09-23 08:00:00,0.51149,0.51265,0.51051,0.51214,14865097.0,7601992.11053
2023-09-23 12:00:00,0.51214,0.51215,0.50757,0.50946,22155450.0,11284049.96479
2023-09-23 16:00:00,0.50946,0.51056,0.50787,0.5097,6911746.0,3519323.78894
2023-09-23 20:00:00,0.5097,0.50986,0.50449,0.50706,9281990.0,4703899.74941
2023-09-24 00:00:00,0.50706,0.50906,0.50552,0.50742,10337927.0,5247188.06656
2023-09-24 04:00:00,0.50742,0.50856,0.507,0.50767,5978228.0,3035491.43408
2023-09-24 08:00:00,0.50767,0.511,0.50767,0.51055,8387762.0,4274679.29102
2023-09-24 12:00:00,0.51055,0.51098,0.5079,0.5089,13183344.0,6717539.16565
2023-09-24 16:00:00,0.5089,0.51035,0.50502,0.50612,9572773.0,4859735.06596
2023-09-24 20:00:00,0.50612,0.50732,0.49766,0.50175,19897622.0,10002319.80644
2023-09-25 00:00:00,0.50175,0.50347,0.495,0.50153,24289219.0,12135182.60924
2023-09-25 04:00:00,0.50153,0.50297,0.49072,0.4959,49762682.0,24679920.21762
2023-09-25 08:00:00,0.4959,0.49657,0.49266,0.49514,17525191.0,8663610.25516
2023-09-25 12:00:00,0.49514,0.49947,0.49412,0.49859,17309093.0,8602191.71351
2023-09-25 16:00:00,0.49859,0.50657,0.49859,0.50545,22525942.0,11342408.6471
2023-09-25 20:00:00,0.50545,0.50656,0.50131,0.50503,12558959.0,6327054.79116
2023-09-26 00:00:00,0.50503,0.50717,0.50138,0.50518,15810262.0,7974213.14523
2023-09-26 04:00:00,0.50518,0.5059,0.49826,0.5012,24393971.0,12231347.05301
2023-09-26 08:00:00,0.5012,0.50263,0.49763,0.50083,19184839.0,9591358.84136
2023-09-26 12:00:00,0.50083,0.50226,0.49918,0.50017,9324651.0,4669464.67064
2023-09-26 16:00:00,0.50017,0.50537,0.49956,0.50445,18958208.0,9531282.1319
2023-09-26 20:00:00,0.50445,0.50577,0.4955,0.50124,16791102.0,8407022.14246
2023-09-27 00:00:00,0.50124,0.50347,0.499,0.50249,8980933.0,4498570.18065
2023-09-27 04:00:00,0.50249,0.50277,0.4965,0.49936,19778643.0,9873877.57114
2023-09-27 08:00:00,0.49936,0.50677,0.49685,0.50585,29342791.0,14749621.46651
2023-09-27 12:00:00,0.50585,0.50633,0.49928,0.50116,26518620.0,13332685.89097
2023-09-27 16:00:00,0.50116,0.50476,0.4999,0.50378,10245426.0,5143334.89972
2023-09-27 20:00:00,0.50378,0.50458,0.4985,0.49927,13740724.0,6880712.10434
2023-09-28 00:00:00,0.49927,0.50101,0.49743,0.4978,13435211.0,6705399.98346
2023-09-28 04:00:00,0.4978,0.49867,0.49475,0.49707,21524742.0,10694141.20268
2023-09-28 08:00:00,0.49707,0.50269,0.49612,0.50119,25474590.0,12731571.30907
2023-09-28 12:00:00,0.50119,0.50497,0.49842,0.50464,19531957.0,9804639.29896
2023-09-28 16:00:00,0.50464,0.50977,0.50396,0.50734,19327535.0,9797419.32785
2023-09-28 20:00:00,0.50734,0.50916,0.50538,0.50912,5905478.0,2997233.56062
2023-09-29 00:00:00,0.50912,0.51246,0.50865,0.50904,12106614.0,6179361.6094
2023-09-29 04:00:00,0.50904,0.50966,0.50522,0.50771,20638891.0,10471348.43251
2023-09-29 08:00:00,0.50771,0.51176,0.5065,0.51137,15394638.0,7838771.64216
2023-09-29 12:00:00,0.51137,0.54875,0.51125,0.53158,147453132.0,78484639.44099
2023-09-29 16:00:00,0.53158,0.53558,0.52587,0.53218,37157987.0,19734578.87893
2023-09-29 20:00:00,0.53218,0.53689,0.51611,0.52091,41511701.0,21785393.49793
2023-09-30 00:00:00,0.52091,0.521,0.51278,0.51677,26554759.0,13707935.16685
2023-09-30 04:00:00,0.51677,0.51768,0.51481,0.51482,10768984.0,5558144.11582
2023-09-30 08:00:00,0.51482,0.51949,0.51451,0.51688,19807162.0,10243081.54731
2023-09-30 12:00:00,0.51688,0.51759,0.51469,0.51618,14022752.0,7238448.4744
2023-09-30 16:00:00,0.51618,0.51879,0.51516,0.51758,11284150.0,5837980.7658
2023-09-30 20:00:00,0.51758,0.51793,0.5135,0.51459,6409092.0,3304148.60009
2023-10-01 00:00:00,0.51459,0.51657,0.513,0.51648,7992325.0,4116005.30554
2023-10-01 04:00:00,0.51648,0.5178,0.5152,0.51735,6586282.0,3403409.1134
2023-10-01 08:00:00,0.51735,0.52275,0.51645,0.52066,20173738.0,10486267.07423
2023-10-01 12:00:00,0.52066,0.52147,0.51652,0.51866,13212109.0,6857461.31814
2023-10-01 16:00:00,0.51866,0.51867,0.5144,0.51607,10509339.0,5426220.97879
2023-10-01 20:00:00,0.51607,0.52555,0.51486,0.52371,26712914.0,13955018.44294
2023-10-02 00:00:00,0.52371,0.52638,0.521,0.52501,13012267.0,6810039.10031
2023-10-02 04:00:00,0.52501,0.52512,0.51903,0.52192,15278076.0,7968077.84211
2023-10-02 08:00:00,0.52192,0.5245,0.52047,0.5205,12331896.0,6442010.83594
2023-10-02 12:00:00,0.5205,0.52356,0.51527,0.51696,22776312.0,11851546.34176
2023-10-02 16:00:00,0.51696,0.52295,0.50296,0.5158,38904186.0,19950591.49709
2023-10-02 20:00:00,0.5158,0.51616,0.50852,0.51159,13089444.0,6708505.23386
2023-10-03 00:00:00,0.51159,0.51402,0.50956,0.51316,12031541.0,6159311.02468
2023-10-03 04:00:00,0.51316,0.51328,0.50622,0.50932,26230705.0,13350328.32219
2023-10-03 08:00:00,0.50932,0.51066,0.50667,0.50924,14645614.0,7450062.99214
2023-10-03 12:00:00,0.50924,0.5123,0.50491,0.50734,21006976.0,10687703.19065
2023-10-03 16:00:00,0.50734,0.51371,0.50651,0.51371,12092890.0,6179276.66577
2023-10-03 20:00:00,0.51371,0.54752,0.50832,0.53839,95570682.0,50981810.78434
2023-10-04 00:00:00,0.53839,0.5418,0.51878,0.53525,91839468.0,48836515.35257
2023-10-04 04:00:00,0.53525,0.53558,0.5241,0.53171,60182405.0,31882132.17593
2023-10-04 08:00:00,0.53171,0.53614,0.5274,0.5326,62158565.0,33037862.00354
2023-10-04 12:00:00,0.5326,0.53482,0.52672,0.52848,40681222.0,21605664.5879
2023-10-04 16:00:00,0.52848,0.53902,0.52514,0.52926,46626203.0,24835048.06536
2023-10-04 20:00:00,0.52926,0.53387,0.52819,0.53216,13427822.0,7134979.78257
2023-10-05 00:00:00,0.53216,0.53216,0.5265,0.52888,19774009.0,10458959.59899
2023-10-05 04:00:00,0.52888,0.52934,0.52041,0.52279,36991185.0,19397793.10605
2023-10-05 08:00:00,0.52279,0.52508,0.52078,0.52218,17123579.0,8954358.40518
2023-10-05 12:00:00,0.52218,0.52679,0.515,0.51859,38556430.0,20109468.04197
2023-10-05 16:00:00,0.51859,0.52509,0.51718,0.52166,21158208.0,11035833.43162
2023-10-05 20:00:00,0.52166,0.52422,0.52114,0.52204,4901180.0,2563398.06907
2023-10-06 00:00:00,0.52204,0.52645,0.522,0.52494,11471875.0,6016260.6593
2023-10-06 04:00:00,0.52494,0.52527,0.5185,0.51957,18581900.0,9682028.51973
2023-10-06 08:00:00,0.51957,0.5225,0.51893,0.5202,16665643.0,8677820.15883
2023-10-06 12:00:00,0.5202,0.52507,0.51615,0.52394,15698531.0,8166820.06865
2023-10-06 16:00:00,0.52394,0.526,0.52241,0.52508,8110502.0,4249634.77102
2023-10-06 20:00:00,0.52508,0.52902,0.52464,0.5249,11859862.0,6244442.86237
2023-10-07 00:00:00,0.5249,0.52524,0.52318,0.52326,6297053.0,3298920.95503
2023-10-07 04:00:00,0.52326,0.52393,0.5205,0.52201,19629878.0,10241620.27896
2023-10-07 08:00:00,0.52201,0.52323,0.52113,0.52167,7528091.0,3930027.55875
2023-10-07 12:00:00,0.52167,0.52306,0.52095,0.52202,5935607.0,3098687.70254
2023-10-07 16:00:00,0.52202,0.52266,0.51925,0.52034,5590892.0,2912390.03655
2023-10-07 20:00:00,0.52034,0.52187,0.52017,0.52126,2851118.0,1486497.49914
2023-10-08 00:00:00,0.52126,0.52283,0.52088,0.52225,4886785.0,2551553.68784
2023-10-08 04:00:00,0.52225,0.52245,0.51938,0.52123,8251930.0,4297229.28008
2023-10-08 08:00:00,0.52123,0.52151,0.51862,0.51879,10502647.0,5457332.36597
2023-10-08 12:00:00,0.51879,0.52125,0.51481,0.51712,15259634.0,7909818.78115
2023-10-08 16:00:00,0.51712,0.51819,0.51645,0.51767,4771248.0,2468274.23752
2023-10-08 20:00:00,0.51767,0.51865,0.51565,0.51705,3857028.0,1994339.19669
2023-10-09 00:00:00,0.51705,0.51961,0.51322,0.51836,11725083.0,6054863.04693
2023-10-09 04:00:00,0.51836,0.51892,0.51079,0.51415,21018786.0,10819230.73325
2023-10-09 08:00:00,0.51415,0.51434,0.48381,0.4977,67757894.0,33908812.41601
2023-10-09 12:00:00,0.4977,0.50219,0.49688,0.4981,14288566.0,7140236.67059
2023-10-09 16:00:00,0.4981,0.50133,0.49068,0.50051,22626243.0,11246555.06746
2023-10-09 20:00:00,0.50051,0.50599,0.50015,0.50199,7068513.0,3551435.88126
2023-10-10 00:00:00,0.50199,0.502,0.49739,0.49977,14610197.0,7301450.10095
2023-10-10 04:00:00,0.49977,0.50074,0.4952,0.49949,15459650.0,7697972.42076
2023-10-10 08:00:00,0.49949,0.50094,0.49534,0.49638,18652398.0,9278347.31837
2023-10-10 12:00:00,0.49638,0.49728,0.49125,0.49378,24245623.0,11995628.06838
2023-10-10 16:00:00,0.49378,0.49898,0.49261,0.4989,12635051.0,6266396.57854
2023-10-10 20:00:00,0.4989,0.4995,0.49482,0.49605,5504268.0,2737936.51171
2023-10-11 00:00:00,0.49605,0.49727,0.4857,0.48918,22293305.0,10943618.34611
2023-10-11 04:00:00,0.48918,0.49064,0.4808,0.48236,34018950.0,16527340.51482
2023-10-11 08:00:00,0.48236,0.48868,0.48124,0.48668,26188489.0,12699484.61674
2023-10-11 12:00:00,0.48668,0.48824,0.4815,0.48294,21147486.0,10261137.24096
2023-10-11 16:00:00,0.48294,0.48715,0.47795,0.48468,21497611.0,10385072.94748
2023-10-11 20:00:00,0.48468,0.4885,0.48437,0.48833,4950575.0,2407500.32802
2023-10-12 00:00:00,0.48833,0.48833,0.48313,0.48547,10295162.0,4997087.61229
2023-10-12 04:00:00,0.48547,0.48643,0.48095,0.48177,22843596.0,11036290.09625
2023-10-12 08:00:00,0.48177,0.48198,0.47325,0.47969,41656552.0,19883415.20369
2023-10-12 12:00:00,0.47969,0.48037,0.47629,0.47742,16426647.0,7855222.4221
2023-10-12 16:00:00,0.47742,0.4832,0.47245,0.48082,21099342.0,10117685.92895
2023-10-12 20:00:00,0.48082,0.48417,0.48042,0.48268,5740180.0,2769195.52328
2023-10-13 00:00:00,0.48268,0.48478,0.48196,0.48234,8115844.0,3923607.74157
2023-10-13 04:00:00,0.48234,0.48268,0.47863,0.48182,13713954.0,6594077.56693
2023-10-13 08:00:00,0.48182,0.48269,0.47884,0.47938,12644206.0,6079896.53645
2023-10-13 12:00:00,0.47938,0.48462,0.4785,0.48069,16667383.0,8028795.81255
2023-10-13 16:00:00,0.48069,0.48318,0.47941,0.48311,7646900.0,3680846.50562
2023-10-13 20:00:00,0.48311,0.49024,0.48237,0.48476,19137842.0,9316048.50275
2023-10-14 00:00:00,0.48476,0.48598,0.48395,0.48457,5726211.0,2775098.66145
2023-10-14 04:00:00,0.48457,0.48561,0.48289,0.48343,7246396.0,3508019.40025
2023-10-14 08:00:00,0.48343,0.48558,0.48341,0.48488,5185754.0,2513734.2396
2023-10-14 12:00:00,0.48488,0.48713,0.48424,0.48702,7734427.0,3756026.4945
2023-10-14 16:00:00,0.48702,0.48781,0.48515,0.48575,3754651.0,1825810.82932
2023-10-14 20:00:00,0.48575,0.48675,0.48523,0.48602,2380110.0,1156977.05166
2023-10-15 00:00:00,0.48602,0.48744,0.48463,0.48541,5548359.0,2696155.3306
2023-10-15 04:00:00,0.48541,0.48618,0.48496,0.48607,3932836.0,1909471.95486
2023-10-15 08:00:00,0.48607,0.48798,0.48581,0.48638,8893380.0,4331019.03962
2023-10-15 12:00:00,0.48638,0.48758,0.48475,0.48643,11183108.0,5434906.52742
2023-10-15 16:00:00,0.48643,0.48958,0.48621,0.48747,5609649.0,2738356.01568
2023-10-15 20:00:00,0.48747,0.48968,0.48611,0.48698,7297587.0,3560272.01377
2023-10-16 00:00:00,0.48698,0.48807,0.48541,0.48727,7519689.0,3660559.67234
2023-10-16 04:00:00,0.48727,0.497,0.48386,0.49268,26419261.0,12961285.38171
2023-10-16 08:00:00,0.49268,0.49477,0.48966,0.49384,14334318.0,7060144.91724
2023-10-16 12:00:00,0.49384,0.51067,0.49078,0.49188,48346721.0,24107287.5145
2023-10-16 16:00:00,0.49188,0.49758,0.48999,0.49585,10337516.0,5102263.54648
2023-10-16 20:00:00,0.49585,0.49878,0.49367,0.49725,6864270.0,3409552.18281
2023-10-17 00:00:00,0.49725,0.49746,0.49222,0.49245,10101463.0,4991852.62915
2023-10-17 04:00:00,0.49245,0.49248,0.48817,0.49099,17153586.0,8406725.44493
2023-10-17 08:00:00,0.49099,0.49217,0.48693,0.4919,18072193.0,8861591.47494
2023-10-17 12:00:00,0.4919,0.49199,0.48282,0.48981,19268415.0,9419560.40817
2023-10-17 16:00:00,0.48981,0.49278,0.48906,0.4924,4984095.0,2446019.08836
2023-10-17 20:00:00,0.4924,0.49338,0.48986,0.49058,9864511.0,4848640.56093
2023-10-18 00:00:00,0.49058,0.49087,0.48821,0.49005,5390785.0,2638522.9533
2023-10-18 04:00:00,0.49005,0.49177,0.48747,0.48873,9190633.0,4500842.03728
2023-10-18 08:00:00,0.48873,0.49017,0.4862,0.48986,14356173.0,7009446.13022
2023-10-18 12:00:00,0.48986,0.49019,0.48664,0.48704,6891259.0,3364151.13585
2023-10-18 16:00:00,0.48704,0.49174,0.48685,0.48876,8562278.0,4195604.55195
2023-10-18 20:00:00,0.48876,0.48948,0.485,0.48736,7351681.0,3585337.37822
2023-10-19 00:00:00,0.48736,0.48767,0.47888,0.48281,16970266.0,8200899.21657
2023-10-19 04:00:00,0.48281,0.48327,0.47674,0.47947,24184030.0,11602010.54915
2023-10-19 08:00:00,0.47947,0.48299,0.4779,0.48192,10453373.0,5020518.18381
2023-10-19 12:00:00,0.48192,0.48643,0.48151,0.48624,9627714.0,4658898.40123
2023-10-19 16:00:00,0.48624,0.48878,0.48457,0.48838,5880523.0,2864071.73857
2023-10-19 20:00:00,0.48838,0.5238,0.48766,0.51909,116542457.0,59408819.28096
2023-10-20 00:00:00,0.51909,0.53,0.51158,0.52012,70051843.0,36415002.10529
2023-10-20 04:00:00,0.52012,0.52033,0.50814,0.50925,33776429.0,17316674.48357
2023-10-20 08:00:00,0.50925,0.52092,0.50907,0.51548,37347170.0,19264021.75219
2023-10-20 12:00:00,0.51548,0.52938,0.51376,0.52339,37302270.0,19418178.99793
2023-10-20 16:00:00,0.52339,0.52356,0.51567,0.52106,24227265.0,12593770.85293
2023-10-20 20:00:00,0.52106,0.52315,0.51385,0.51432,12300033.0,6378261.28524
2023-10-21 00:00:00,0.51432,0.515,0.51047,0.51368,16983349.0,8706623.2715
2023-10-21 04:00:00,0.51368,0.517,0.51211,0.51698,9973416.0,5129525.97454
2023-10-21 08:00:00,0.51698,0.51839,0.51517,0.51721,10410264.0,5378388.16706
2023-10-21 12:00:00,0.51721,0.532,0.51457,0.52283,33388446.0,17419836.51567
2023-10-21 16:00:00,0.52283,0.52665,0.52086,0.52118,18933673.0,9900799.0554
2023-10-21 20:00:00,0.52118,0.52378,0.51831,0.52052,13268824.0,6915758.96941
2023-10-22 00:00:00,0.52052,0.52343,0.51609,0.51957,11448346.0,5946557.77655
2023-10-22 04:00:00,0.51957,0.52341,0.51095,0.51597,21305483.0,11033425.84084
2023-10-22 08:00:00,0.51597,0.51837,0.5142,0.51564,12332607.0,6370874.26111
2023-10-22 12:00:00,0.51564,0.5186,0.5155,0.5179,7803905.0,4035042.60227
2023-10-22 16:00:00,0.5179,0.52257,0.51738,0.52011,10110885.0,5263075.0008
2023-10-22 20:00:00,0.52011,0.52343,0.51672,0.52215,10242768.0,5326548.62423
2023-10-23 00:00:00,0.52215,0.52716,0.51948,0.52396,19053071.0,9968473.48154
2023-10-23 04:00:00,0.52396,0.5294,0.52059,0.52343,30420002.0,15963027.64541
2023-10-23 08:00:00,0.52343,0.5355,0.52207,0.53105,45521651.0,24081442.23776
2023-10-23 12:00:00,0.53105,0.53777,0.52397,0.53194,29720652.0,15776083.19494
2023-10-23 16:00:00,0.53194,0.53568,0.52898,0.53531,22102660.0,11779774.67991
2023-10-23 20:00:00,0.53531,0.55342,0.53313,0.54746,55467497.0,30084189.74477
2023-10-24 00:00:00,0.54746,0.55695,0.54274,0.5447,47759747.0,26309659.79281
2023-10-24 04:00:00,0.5447,0.54896,0.53581,0.54038,40522862.0,21982555.86592
2023-10-24 08:00:00,0.54038,0.55341,0.53924,0.55215,34070241.0,18681720.3983
2023-10-24 12:00:00,0.55215,0.58643,0.53245,0.55353,126597492.0,71828755.55612
2023-10-24 16:00:00,0.55353,0.56439,0.54573,0.55971,43606197.0,24168983.20948
2023-10-24 20:00:00,0.55971,0.56309,0.55241,0.55869,19539846.0,10915426.01765
2023-10-25 00:00:00,0.55869,0.56089,0.55016,0.55307,25817042.0,14335297.68935
2023-10-25 04:00:00,0.55307,0.55739,0.54017,0.54369,28267201.0,15508910.12957
2023-10-25 08:00:00,0.54369,0.55448,0.54007,0.55184,20007613.0,10973051.65623
2023-10-25 12:00:00,0.55184,0.5608,0.55004,0.55897,25090552.0,13911716.49191
2023-10-25 16:00:00,0.55897,0.56446,0.54972,0.5562,27793527.0,15451906.2348
2023-10-25 20:00:00,0.5562,0.55693,0.55107,0.5551,10092485.0,5588626.97637
2023-10-26 00:00:00,0.5551,0.5583,0.55218,0.55685,13118889.0,7282508.99915
2023-10-26 04:00:00,0.55685,0.55879,0.54825,0.55788,23652807.0,13097427.14031
2023-10-26 08:00:00,0.55788,0.56952,0.55133,0.55605,49529305.0,27700819.09174
2023-10-26 12:00:00,0.55605,0.56123,0.54216,0.54727,41429105.0,22856897.26928
2023-10-26 16:00:00,0.54727,0.55405,0.54475,0.55078,13552899.0,7452568.44481
2023-10-26 20:00:00,0.55078,0.55467,0.54967,0.55326,7290325.0,4028276.85094
2023-10-27 00:00:00,0.55326,0.55863,0.54837,0.55228,16042151.0,8871242.59392
2023-10-27 04:00:00,0.55228,0.55243,0.545,0.54513,14384672.0,7898169.38341
2023-10-27 08:00:00,0.54513,0.5518,0.54501,0.54912,14768646.0,8110439.94644
2023-10-27 12:00:00,0.54912,0.555,0.54769,0.55449,17086846.0,9420555.94795
2023-10-27 16:00:00,0.55449,0.55491,0.532,0.54461,27632739.0,14976416.26994
2023-10-27 20:00:00,0.54461,0.5467,0.54168,0.5431,7493995.0,4085509.3708
2023-10-28 00:00:00,0.5431,0.5455,0.5404,0.54532,9981057.0,5420207.58686
2023-10-28 04:00:00,0.54532,0.54675,0.54368,0.545,9748833.0,5312513.12339
2023-10-28 08:00:00,0.545,0.55,0.54481,0.5469,11678761.0,6392830.63895
2023-10-28 12:00:00,0.5469,0.54764,0.54272,0.54733,12160886.0,6636449.34955
2023-10-28 16:00:00,0.54733,0.54742,0.54426,0.54441,5357445.0,2924935.22066
2023-10-28 20:00:00,0.54441,0.54734,0.5441,0.54474,5809503.0,3169247.37036
2023-10-29 00:00:00,0.54474,0.54559,0.54019,0.54252,11309415.0,6135327.76293
2023-10-29 04:00:00,0.54252,0.54745,0.542,0.54683,7774412.0,4240749.99977
2023-10-29 08:00:00,0.54683,0.55615,0.54683,0.55528,19814869.0,10940373.05185
2023-10-29 12:00:00,0.55528,0.55733,0.55204,0.55659,15059025.0,8356532.02055
2023-10-29 16:00:00,0.55659,0.56128,0.55527,0.55847,14543001.0,8112772.11919
2023-10-29 20:00:00,0.55847,0.5598,0.55458,0.55598,6158958.0,3432478.43769
2023-10-30 00:00:00,0.55598,0.55729,0.55092,0.55465,12098040.0,6706823.94634
2023-10-30 04:00:00,0.55465,0.55467,0.5493,0.55257,16014854.0,8837050.30726
2023-10-30 08:00:00,0.55257,0.56762,0.55154,0.56279,29031202.0,16242355.27944
2023-10-30 12:00:00,0.56279,0.58417,0.5621,0.57791,52383469.0,30112186.50818
2023-10-30 16:00:00,0.57791,0.58382,0.569,0.58207,26452842.0,15257976.62211
2023-10-30 20:00:00,0.58207,0.5824,0.57546,0.57829,10989896.0,6360321.71056
2023-10-31 00:00:00,0.57829,0.5808,0.57304,0.57401,15727308.0,9072682.38054
2023-10-31 04:00:00,0.57401,0.57612,0.5666,0.56813,21741995.0,12431334.76559
2023-10-31 08:00:00,0.56813,0.62366,0.56231,0.60383,92055670.0,54904854.41549
2023-10-31 12:00:00,0.60383,0.6139,0.58161,0.59507,100972774.0,60413328.4256
2023-10-31 16:00:00,0.59507,0.6045,0.59219,0.59898,20507169.0,12293318.11873
2023-10-31 20:00:00,0.59898,0.60301,0.59322,0.59964,10792704.0,6451179.0453
2023-11-01 00:00:00,0.59964,0.59977,0.59162,0.59236,12963332.0,7706382.35278
2023-11-01 04:00:00,0.59236,0.6093,0.57989,0.59854,48736719.0,28816501.65349
2023-11-01 08:00:00,0.59854,0.60451,0.59582,0.60292,29507416.0,17714428.94467
2023-11-01 12:00:00,0.60292,0.611,0.59302,0.5969,38237219.0,22985956.1908
2023-11-01 16:00:00,0.5969,0.61359,0.59442,0.6091,31162575.0,18863277.72881
2023-11-01 20:00:00,0.6091,0.61674,0.60732,0.60881,17969680.0,10985788.01483
2023-11-02 00:00:00,0.60881,0.61328,0.605,0.61175,15998989.0,9753411.02551
2023-11-02 04:00:00,0.61175,0.61203,0.60259,0.60528,21836635.0,13241592.36678
2023-11-02 08:00:00,0.60528,0.62491,0.60134,0.61688,37065978.0,22760109.869
2023-11-02 12:00:00,0.61688,0.6267,0.6013,0.60365,59468214.0,36448116.97375
2023-11-02 16:00:00,0.60365,0.61365,0.58607,0.60974,33970843.0,20483598.75624
2023-11-02 20:00:00,0.60974,0.61183,0.60252,0.60549,17315814.0,10506931.23986
2023-11-03 00:00:00,0.60549,0.60567,0.59121,0.60069,23450488.0,14013692.10905
2023-11-03 04:00:00,0.60069,0.60134,0.59226,0.59634,21494499.0,12814412.71628
2023-11-03 08:00:00,0.59634,0.60811,0.59475,0.6027,34615398.0,20843457.85293
2023-11-03 12:00:00,0.6027,0.61298,0.60103,0.6115,36212200.0,22028437.27221
2023-11-03 16:00:00,0.6115,0.61202,0.60375,0.61014,16278274.0,9901113.48649
2023-11-03 20:00:00,0.61014,0.615,0.60984,0.61215,11801871.0,7230395.9242
2023-11-04 00:00:00,0.61215,0.61225,0.60909,0.61153,10869659.0,6635592.11771
2023-11-04 04:00:00,0.61153,0.61728,0.61029,0.61437,20120881.0,12342597.5333
2023-11-04 08:00:00,0.61437,0.61809,0.6127,0.61411,14492645.0,8915005.48784
2023-11-04 12:00:00,0.61411,0.61481,0.60815,0.61002,14888908.0,9112700.33239
2023-11-04 16:00:00,0.61002,0.61322,0.60966,0.61242,5423842.0,3319071.02812
2023-11-04 20:00:00,0.61242,0.61752,0.61171,0.6153,7875279.0,4844241.82081
2023-11-05 00:00:00,0.6153,0.63,0.61406,0.62499,31272317.0,19439879.00042
2023-11-05 04:00:00,0.62499,0.62586,0.61962,0.62242,17449242.0,10871411.67792
2023-11-05 08:00:00,0.62242,0.655,0.62009,0.64563,61033792.0,39082014.6392
2023-11-05 12:00:00,0.64563,0.64991,0.62825,0.64429,56326180.0,36105182.12025
2023-11-05 16:00:00,0.64429,0.66,0.64295,0.6544,30788159.0,20054015.43821
2023-11-05 20:00:00,0.6544,0.66312,0.64353,0.66088,32374589.0,21147643.46389
2023-11-06 00:00:00,0.66088,0.68888,0.65851,0.6815,75434690.0,51104755.36786
2023-11-06 04:00:00,0.6815,0.684,0.66804,0.68136,47472713.0,32051063.88666
2023-11-06 08:00:00,0.68136,0.70335,0.67668,0.70262,74372356.0,51456938.70927
2023-11-06 12:00:00,0.70262,0.73259,0.69977,0.71744,133951855.0,96044380.72983
2023-11-06 16:00:00,0.71744,0.71945,0.7037,0.7157,49425503.0,35131192.85451
2023-11-06 20:00:00,0.7157,0.72428,0.70835,0.71504,30210763.0,21676433.60109
2023-11-07 00:00:00,0.71504,0.71551,0.64869,0.69,118437437.0,81144282.64943
2023-11-07 04:00:00,0.69,0.69575,0.67887,0.69425,35843601.0,24674890.33745
2023-11-07 08:00:00,0.69425,0.70164,0.667,0.68302,69476543.0,47559746.47817
2023-11-07 12:00:00,0.68302,0.68976,0.66475,0.6721,54228155.0,36712058.62908
2023-11-07 16:00:00,0.6721,0.69085,0.655,0.68873,51931716.0,34976052.63307
2023-11-07 20:00:00,0.68873,0.69639,0.677,0.68497,30683549.0,21058979.21918
2023-11-08 00:00:00,0.68497,0.69176,0.67848,0.6847,25557735.0,17525475.71364
2023-11-08 04:00:00,0.6847,0.68737,0.6727,0.67419,29353901.0,19932170.87785
2023-11-08 08:00:00,0.67419,0.69966,0.67277,0.69286,44543458.0,30665663.77578
2023-11-08 12:00:00,0.69286,0.69619,0.67843,0.68429,49965337.0,34326784.97745
2023-11-08 16:00:00,0.68429,0.69325,0.68157,0.68982,23730150.0,16340415.27014
2023-11-08 20:00:00,0.68982,0.69427,0.68205,0.68718,29077002.0,20026531.19115
2023-11-09 00:00:00,0.68718,0.695,0.68075,0.69137,31955200.0,21975030.43683
2023-11-09 04:00:00,0.69137,0.7075,0.69091,0.69509,40683609.0,28374627.30126
2023-11-09 08:00:00,0.69509,0.70582,0.68872,0.6952,37946866.0,26495820.06072
2023-11-09 12:00:00,0.6952,0.7046,0.66345,0.68692,111756747.0,76765188.01755
2023-11-09 16:00:00,0.68692,0.69012,0.60348,0.65808,131084008.0,85254256.16595
2023-11-09 20:00:00,0.65808,0.66832,0.64399,0.66692,24645751.0,16177284.92122
2023-11-10 00:00:00,0.66692,0.67157,0.65789,0.66631,24010071.0,15951222.49763
2023-11-10 04:00:00,0.66631,0.66746,0.65297,0.65388,25302791.0,16701254.37535
2023-11-10 08:00:00,0.65388,0.66243,0.645,0.66099,40474029.0,26489624.73399
2023-11-10 12:00:00,0.66099,0.66119,0.636,0.64708,45454790.0,29531823.57592
2023-11-10 16:00:00,0.64708,0.6634,0.64644,0.65946,24066283.0,15822509.13607
2023-11-10 20:00:00,0.65946,0.66506,0.65607,0.65942,24336836.0,16107306.87721
2023-11-11 00:00:00,0.65942,0.66546,0.64678,0.64901,23678057.0,15531218.93589
2023-11-11 04:00:00,0.64901,0.66132,0.64,0.6605,25369659.0,16557516.94748
2023-11-11 08:00:00,0.6605,0.68773,0.65993,0.66765,41018511.0,27537949.18089
2023-11-11 12:00:00,0.66765,0.67999,0.66509,0.6733,21410833.0,14420285.60225
2023-11-11 16:00:00,0.6733,0.68093,0.66656,0.67456,16886546.0,11391469.98911
2023-11-11 20:00:00,0.67456,0.67475,0.65537,0.66306,31210571.0,20690050.46194
2023-11-12 00:00:00,0.66306,0.66412,0.6453,0.66079,23139667.0,15160661.68462
2023-11-12 04:00:00,0.66079,0.66933,0.65681,0.66792,16793290.0,11157665.10768
2023-11-12 08:00:00,0.66792,0.67147,0.66401,0.66578,21975648.0,14675503.53894
2023-11-12 12:00:00,0.66578,0.66752,0.65781,0.66443,20914588.0,13867833.2407
2023-11-12 16:00:00,0.66443,0.6656,0.65868,0.6613,9523315.0,6303772.78676
2023-11-12 20:00:00,0.6613,0.66702,0.65643,0.66143,12768453.0,8456164.50674
2023-11-13 00:00:00,0.66143,0.66811,0.65276,0.65391,20159453.0,13334625.07403
2023-11-13 04:00:00,0.65391,0.65997,0.649,0.65616,25965504.0,16970814.12619
2023-11-13 08:00:00,0.65616,0.66,0.64594,0.65081,19407523.0,12673553.78071
2023-11-13 12:00:00,0.65081,0.65371,0.63921,0.65068,28096963.0,18201394.96704
2023-11-13 16:00:00,0.65068,0.65461,0.6427,0.65231,12316472.0,7995168.4904
2023-11-13 20:00:00,0.65231,0.75238,0.64082,0.67,241542078.0,166408154.69203
2023-11-14 00:00:00,0.67,0.67244,0.65596,0.65989,37966332.0,25139229.62616
2023-11-14 04:00:00,0.65989,0.66995,0.65874,0.66448,20465277.0,13589991.80017
2023-11-14 08:00:00,0.66448,0.67029,0.6472,0.65065,34266446.0,22481014.49005
2023-11-14 12:00:00,0.65065,0.66409,0.64597,0.65372,36284407.0,23772790.03182
2023-11-14 16:00:00,0.65372,0.65639,0.58635,0.62191,78829698.0,48954096.51543
2023-11-14 20:00:00,0.62191,0.63269,0.6206,0.62918,21385901.0,13397711.70553
2023-11-15 00:00:00,0.62918,0.63109,0.6249,0.6263,12735577.0,7999948.81024
2023-11-15 04:00:00,0.6263,0.63466,0.62621,0.62935,16570063.0,10449847.48561
2023-11-15 08:00:00,0.62935,0.6406,0.62935,0.64016,18097939.0,11486813.67158
2023-11-15 12:00:00,0.64016,0.64089,0.63486,0.64004,15405102.0,9827407.41729
2023-11-15 16:00:00,0.64004,0.6465,0.63222,0.6462,25700830.0,16428360.76436
2023-11-15 20:00:00,0.6462,0.65059,0.63976,0.648,15489050.0,10004577.23263
2023-11-16 00:00:00,0.648,0.64945,0.6431,0.64665,17734293.0,11461168.69192
2023-11-16 04:00:00,0.64665,0.65315,0.64624,0.65129,23350681.0,15154489.23098
2023-11-16 08:00:00,0.65129,0.6525,0.63811,0.64155,38305192.0,24670059.79483
2023-11-16 12:00:00,0.64155,0.64165,0.612,0.62184,60199321.0,37862676.01418
2023-11-16 16:00:00,0.62184,0.62736,0.60303,0.61626,35202993.0,21685634.47303
2023-11-16 20:00:00,0.61626,0.61926,0.60559,0.61162,19774257.0,12123469.44671
2023-11-17 00:00:00,0.61162,0.62334,0.61064,0.62163,13285696.0,8228103.50049
2023-11-17 04:00:00,0.62163,0.62414,0.615,0.61537,12230526.0,7578538.57975
2023-11-17 08:00:00,0.61537,0.61899,0.60726,0.61263,25255677.0,15485350.14491
2023-11-17 12:00:00,0.61263,0.61423,0.58535,0.5899,42555997.0,25523937.573
2023-11-17 16:00:00,0.5899,0.60935,0.58716,0.6066,14816517.0,8880691.35798
2023-11-17 20:00:00,0.6066,0.61588,0.60596,0.61303,7437244.0,4551116.50804
2023-11-18 00:00:00,0.61303,0.61314,0.60184,0.60244,9881138.0,5999907.43272
2023-11-18 04:00:00,0.60244,0.6059,0.5885,0.60046,22179819.0,13243289.64845
2023-11-18 08:00:00,0.60046,0.608,0.59844,0.60306,19697627.0,11885494.73899
2023-11-18 12:00:00,0.60306,0.60895,0.59698,0.60721,19853546.0,11975937.63681
2023-11-18 16:00:00,0.60721,0.61424,0.60524,0.61266,11630823.0,7094215.71669
2023-11-18 20:00:00,0.61266,0.61359,0.60643,0.61064,6622707.0,4040693.80204
2023-11-19 00:00:00,0.61064,0.61064,0.60102,0.60733,14195648.0,8589590.72778
2023-11-19 04:00:00,0.60733,0.61082,0.60646,0.60995,9250881.0,5631216.55694
2023-11-19 08:00:00,0.60995,0.61352,0.60716,0.60879,15399852.0,9400053.65857
2023-11-19 12:00:00,0.60879,0.62568,0.6085,0.62047,27891206.0,17249850.89485
2023-11-19 16:00:00,0.62047,0.62613,0.61774,0.62439,7963345.0,4956034.81345
2023-11-19 20:00:00,0.62439,0.62852,0.62111,0.62561,12564831.0,7851348.32397
2023-11-20 00:00:00,0.62561,0.62672,0.62137,0.62274,9739617.0,6073699.46042
2023-11-20 04:00:00,0.62274,0.62447,0.61551,0.62251,20687033.0,12816747.2025
2023-11-20 08:00:00,0.62251,0.6283,0.61916,0.62337,20997865.0,13087696.98207
2023-11-20 12:00:00,0.62337,0.62412,0.61057,0.61907,23393329.0,14474322.9321
2023-11-20 16:00:00,0.61907,0.62312,0.61242,0.61868,17350376.0,10714790.80273
2023-11-20 20:00:00,0.61868,0.61992,0.60573,0.61187,18131087.0,11108694.49532
2023-11-21 00:00:00,0.61187,0.61771,0.60592,0.61344,14041059.0,8606648.20223
2023-11-21 04:00:00,0.61344,0.6161,0.60567,0.60961,17987300.0,10978785.63481
2023-11-21 08:00:00,0.60961,0.61721,0.60751,0.61129,18258240.0,11182148.78794
2023-11-21 12:00:00,0.61129,0.61549,0.59169,0.60415,39785809.0,24016608.5012
2023-11-21 16:00:00,0.60415,0.6062,0.57967,0.5947,34438578.0,20378942.26127
2023-11-21 20:00:00,0.5947,0.60193,0.5724,0.5783,32750106.0,19190215.47261
2023-11-22 00:00:00,0.5783,0.59294,0.57736,0.59282,11612605.0,6811044.07933
2023-11-22 04:00:00,0.59282,0.5973,0.58806,0.59286,11226840.0,6646385.82701
2023-11-22 08:00:00,0.59286,0.59825,0.5908,0.59401,12679438.0,7536042.02926
2023-11-22 12:00:00,0.59401,0.5984,0.59129,0.59315,11132768.0,6622846.71676
2023-11-22 16:00:00,0.59315,0.61313,0.5918,0.60924,17022545.0,10259570.99032
2023-11-22 20:00:00,0.60924,0.61623,0.6079,0.61082,17170769.0,10510865.26019
2023-11-23 00:00:00,0.61082,0.6148,0.60845,0.61095,10869408.0,6647239.00034
2023-11-23 04:00:00,0.61095,0.6116,0.60595,0.6115,11679024.0,7109854.82408
2023-11-23 08:00:00,0.6115,0.62284,0.61034,0.61363,27897012.0,17187595.79763
2023-11-23 12:00:00,0.61363,0.6221,0.60925,0.61611,16088545.0,9877706.13419
2023-11-23 16:00:00,0.61611,0.62362,0.61294,0.62104,11739202.0,7255834.84241
2023-11-23 20:00:00,0.62104,0.62254,0.61775,0.62043,8987116.0,5570009.84699
2023-11-24 00:00:00,0.62043,0.62493,0.6202,0.62047,12238777.0,7616688.55851
2023-11-24 04:00:00,0.62047,0.62472,0.61704,0.6237,19453888.0,12070869.27478
2023-11-24 08:00:00,0.6237,0.62583,0.61934,0.6204,12376426.0,7700409.09537
2023-11-24 12:00:00,0.6204,0.6247,0.61532,0.6219,14966647.0,9272745.65108
2023-11-24 16:00:00,0.6219,0.62459,0.61534,0.61871,10293741.0,6378063.78785
2023-11-24 20:00:00,0.61871,0.62223,0.61694,0.62091,5945928.0,3685799.68278
2023-11-25 00:00:00,0.62091,0.62293,0.61846,0.62151,9539225.0,5922724.19188
2023-11-25 04:00:00,0.62151,0.62211,0.61926,0.6221,7852987.0,4874716.7123
2023-11-25 08:00:00,0.6221,0.62271,0.61534,0.61766,13822777.0,8554585.94436
2023-11-25 12:00:00,0.61766,0.61941,0.61626,0.61911,7316651.0,4523857.20866
2023-11-25 16:00:00,0.61911,0.62141,0.6191,0.62023,7461700.0,4628036.38764
2023-11-25 20:00:00,0.62023,0.62331,0.61856,0.62229,6194389.0,3844619.88097
2023-11-26 00:00:00,0.62229,0.6227,0.61827,0.61967,5907045.0,3663691.42483
2023-11-26 04:00:00,0.61967,0.6217,0.61887,0.62151,4419665.0,2740737.83076
2023-11-26 08:00:00,0.62151,0.63618,0.61998,0.62991,29580369.0,18623961.33697
2023-11-26 12:00:00,0.62991,0.63738,0.61755,0.62212,39320042.0,24655577.02096
2023-11-26 16:00:00,0.62212,0.62311,0.60559,0.6178,37651305.0,23091906.31389
2023-11-26 20:00:00,0.6178,0.6197,0.61536,0.61571,7465382.0,4608907.4277
2023-11-27 00:00:00,0.61571,0.61681,0.60517,0.60962,20269241.0,12379997.10099
2023-11-27 04:00:00,0.60962,0.61121,0.60074,0.60689,18493969.0,11219028.1389
2023-11-27 08:00:00,0.60689,0.60843,0.59795,0.60353,24592452.0,14844355.5362
2023-11-27 12:00:00,0.60353,0.60503,0.59663,0.59756,21390199.0,12856971.13238
2023-11-27 16:00:00,0.59756,0.60473,0.59327,0.59821,13443388.0,8062384.18143
2023-11-27 20:00:00,0.59821,0.60383,0.5949,0.60363,8793361.0,5274651.877
2023-11-28 00:00:00,0.60363,0.60493,0.6007,0.60417,7083959.0,4273108.38474
2023-11-28 04:00:00,0.60417,0.60484,0.59523,0.60216,19094645.0,11450833.36701
2023-11-28 08:00:00,0.60216,0.60713,0.59676,0.60476,19322955.0,11641151.08356
2023-11-28 12:00:00,0.60476,0.611,0.60346,0.60825,16403134.0,9959824.27165
2023-11-28 16:00:00,0.60825,0.6135,0.60626,0.61075,13829321.0,8442415.4554
2023-11-28 20:00:00,0.61075,0.61272,0.60906,0.61013,8474863.0,5175892.35692
2023-11-29 00:00:00,0.61013,0.61251,0.60817,0.61181,6037921.0,3688385.16169
2023-11-29 04:00:00,0.61181,0.61538,0.609,0.61296,11631623.0,7113508.41375
2023-11-29 08:00:00,0.61296,0.61681,0.60857,0.61106,17328609.0,10612290.4565
2023-11-29 12:00:00,0.61106,0.6124,0.60367,0.60762,17241799.0,10482472.58784
2023-11-29 16:00:00,0.60762,0.60972,0.60404,0.60908,6081726.0,3692328.68253
2023-11-29 20:00:00,0.60908,0.6094,0.60587,0.60861,4922938.0,2993178.21109
2023-11-30 00:00:00,0.60861,0.60875,0.60477,0.60817,6558649.0,3978424.5746
2023-11-30 04:00:00,0.60817,0.60972,0.60297,0.60371,12636431.0,7653421.1256
2023-11-30 08:00:00,0.60371,0.60572,0.598,0.60537,23076530.0,13872353.96079
2023-11-30 12:00:00,0.60537,0.6062,0.60017,0.60167,11411262.0,6876449.30871
2023-11-30 16:00:00,0.60167,0.6042,0.59957,0.60309,4305198.0,2591331.91265
2023-11-30 20:00:00,0.60309,0.60742,0.60288,0.60618,5669508.0,3433852.68471
2023-12-01 00:00:00,0.60618,0.61248,0.60275,0.61021,10641153.0,6469290.85343
2023-12-01 04:00:00,0.61021,0.61211,0.60877,0.61034,8012298.0,4890708.1839
2023-12-01 08:00:00,0.61034,0.61411,0.6088,0.61091,10082552.0,6164705.32611
2023-12-01 12:00:00,0.61091,0.61181,0.60537,0.60764,11125843.0,6764896.12663
2023-12-01 16:00:00,0.60764,0.61181,0.60697,0.61177,12447195.0,7591659.82224
2023-12-01 20:00:00,0.61177,0.61311,0.61056,0.61246,5283205.0,3232864.70029
2023-12-02 00:00:00,0.61246,0.61331,0.6109,0.61282,5326559.0,3261952.00864
2023-12-02 04:00:00,0.61282,0.6157,0.61263,0.61351,14884333.0,9142052.83845
2023-12-02 08:00:00,0.61351,0.6155,0.61263,0.61345,5843416.0,3586508.07903
2023-12-02 12:00:00,0.61345,0.61614,0.61133,0.61354,9146678.0,5614689.46194
2023-12-02 16:00:00,0.61354,0.62245,0.61221,0.61899,12958076.0,7991814.59263
2023-12-02 20:00:00,0.61899,0.62284,0.61733,0.62043,10833146.0,6716089.35516
2023-12-03 00:00:00,0.62043,0.62249,0.61694,0.61833,8560443.0,5306345.85025
2023-12-03 04:00:00,0.61833,0.62053,0.61814,0.62047,7098178.0,4397210.78867
2023-12-03 08:00:00,0.62047,0.63425,0.61894,0.62826,25830107.0,16190987.98996
2023-12-03 12:00:00,0.62826,0.62826,0.6175,0.6212,24204989.0,15083780.70263
2023-12-03 16:00:00,0.6212,0.62166,0.61711,0.62156,8957248.0,5547700.27449
2023-12-03 20:00:00,0.62156,0.62711,0.62021,0.62302,10210535.0,6366734.25259
2023-12-04 00:00:00,0.62302,0.63126,0.62202,0.62791,16563389.0,10392186.10504
2023-12-04 04:00:00,0.62791,0.63546,0.62791,0.63314,20813909.0,13154886.41222
2023-12-04 08:00:00,0.63314,0.64433,0.56762,0.61973,82683906.0,51058342.89596
2023-12-04 12:00:00,0.61973,0.62363,0.6106,0.6157,32283869.0,19942541.07385
2023-12-04 16:00:00,0.6157,0.62248,0.61464,0.62089,11321751.0,7009453.16201
2023-12-04 20:00:00,0.62089,0.62663,0.61903,0.62475,9953660.0,6198764.955
2023-12-05 00:00:00,0.62475,0.6309,0.61534,0.61822,17191901.0,10692031.94603
2023-12-05 04:00:00,0.61822,0.62092,0.607,0.61196,18986898.0,11650681.25608
2023-12-05 08:00:00,0.61196,0.61393,0.60833,0.61095,16183722.0,9889867.98962
2023-12-05 12:00:00,0.61095,0.61553,0.60755,0.61417,14313081.0,8748131.64747
2023-12-05 16:00:00,0.61417,0.62756,0.61254,0.62226,18882977.0,11725826.89229
2023-12-05 20:00:00,0.62226,0.62394,0.61702,0.62129,11360513.0,7050345.27359
2023-12-06 00:00:00,0.62129,0.62675,0.6183,0.62254,14724874.0,9164145.9081
2023-12-06 04:00:00,0.62254,0.62857,0.60961,0.62712,25451874.0,15761203.21929
2023-12-06 08:00:00,0.62712,0.64191,0.61068,0.62042,53194929.0,33410683.74323
2023-12-06 12:00:00,0.62042,0.6284,0.6201,0.62749,16690248.0,10409639.95278
2023-12-06 16:00:00,0.62749,0.63149,0.62487,0.63079,10572158.0,6635677.34244
2023-12-06 20:00:00,0.63079,0.64359,0.62777,0.64003,19569885.0,12439792.60392
2023-12-07 00:00:00,0.64003,0.64239,0.62991,0.63299,13012247.0,8256297.56709
2023-12-07 04:00:00,0.63299,0.65437,0.63287,0.64796,41221290.0,26635279.09483
2023-12-07 08:00:00,0.64796,0.6482,0.621,0.63209,57720032.0,36610277.79198
2023-12-07 12:00:00,0.63209,0.63828,0.62917,0.63679,15554521.0,9856397.82134
2023-12-07 16:00:00,0.63679,0.6463,0.63476,0.6419,19079170.0,12244357.70736
2023-12-07 20:00:00,0.6419,0.64729,0.63953,0.64349,19357237.0,12457855.28597
2023-12-08 00:00:00,0.64349,0.6503,0.64036,0.64671,17817053.0,11500079.63048
2023-12-08 04:00:00,0.64671,0.65061,0.63726,0.64076,21913363.0,14117831.52134
2023-12-08 08:00:00,0.64076,0.64992,0.63951,0.64853,18141189.0,11693844.87149
2023-12-08 12:00:00,0.64853,0.66016,0.647,0.65998,44126233.0,28807872.06495
2023-12-08 16:00:00,0.65998,0.67232,0.65903,0.67044,40414462.0,26906286.14441
2023-12-08 20:00:00,0.67044,0.6756,0.66625,0.67243,21135844.0,14164059.26886
2023-12-09 00:00:00,0.67243,0.6793,0.66735,0.67598,24609116.0,16576848.24677
2023-12-09 04:00:00,0.67598,0.7,0.67594,0.69201,53899085.0,37152032.95092
2023-12-09 08:00:00,0.69201,0.69582,0.66898,0.6867,45543788.0,31083222.7474
2023-12-09 12:00:00,0.6867,0.69259,0.672,0.68041,34485004.0,23525192.57288
2023-12-09 16:00:00,0.68041,0.68158,0.66306,0.6711,24957427.0,16738341.22239
2023-12-09 20:00:00,0.6711,0.67479,0.65146,0.65869,22911292.0,15214731.96818
2023-12-10 00:00:00,0.65869,0.66903,0.6586,0.66588,13874141.0,9222122.53677
2023-12-10 04:00:00,0.66588,0.67176,0.66043,0.66606,11638022.0,7751489.2093
2023-12-10 08:00:00,0.66606,0.66672,0.64684,0.65607,29706970.0,19475063.49362
2023-12-10 12:00:00,0.65607,0.66264,0.65588,0.6612,12266478.0,8086168.77412
2023-12-10 16:00:00,0.6612,0.66583,0.6542,0.66303,9174179.0,6054908.18273
2023-12-10 20:00:00,0.66303,0.6699,0.65795,0.66209,12838150.0,8524443.37721
2023-12-11 00:00:00,0.66209,0.66312,0.584,0.62721,84186141.0,52728416.16026
2023-12-11 04:00:00,0.62721,0.62984,0.61765,0.62151,27053805.0,16888566.50175
2023-12-11 08:00:00,0.62151,0.627,0.61543,0.62648,22513357.0,14014328.26014
2023-12-11 12:00:00,0.62648,0.627,0.61293,0.61995,23041399.0,14287175.57474
2023-12-11 16:00:00,0.61995,0.62244,0.60149,0.61257,28051130.0,17153821.42184
2023-12-11 20:00:00,0.61257,0.62093,0.60983,0.61862,10505895.0,6475251.19809
2023-12-12 00:00:00,0.61862,0.62611,0.61773,0.62374,12248591.0,7628175.59591
2023-12-12 04:00:00,0.62374,0.62675,0.61583,0.62507,19669122.0,12217177.68176
2023-12-12 08:00:00,0.62507,0.62535,0.61954,0.61984,12984307.0,8079625.37181
2023-12-12 12:00:00,0.61984,0.62523,0.61301,0.61714,22174321.0,13748170.98563
2023-12-12 16:00:00,0.61714,0.61974,0.60686,0.61734,17454225.0,10718243.79331
2023-12-12 20:00:00,0.61734,0.62185,0.6126,0.61936,9778220.0,6032567.79109
2023-12-13 00:00:00,0.61936,0.61936,0.60225,0.60461,18651863.0,11396745.10657
2023-12-13 04:00:00,0.60461,0.60773,0.59304,0.60506,30158277.0,18144361.36165
2023-12-13 08:00:00,0.60506,0.60919,0.6001,0.6011,14120251.0,8537879.38475
2023-12-13 12:00:00,0.6011,0.61628,0.6011,0.61487,21316029.0,12994509.88409
2023-12-13 16:00:00,0.61487,0.62679,0.61096,0.62506,18072169.0,11152729.52417
2023-12-13 20:00:00,0.62506,0.63478,0.62266,0.6272,16972258.0,10659628.47008
2023-12-14 00:00:00,0.6272,0.62833,0.62044,0.62301,13512024.0,8427367.69137
2023-12-14 04:00:00,0.62301,0.62782,0.62217,0.62618,11566995.0,7232346.95451
2023-12-14 08:00:00,0.62618,0.63458,0.6236,0.63449,16180348.0,10189184.62527
2023-12-14 12:00:00,0.63449,0.63464,0.60068,0.62305,40985817.0,25420501.72187
2023-12-14 16:00:00,0.62305,0.63417,0.62287,0.63212,11908545.0,7491798.41388
2023-12-14 20:00:00,0.63212,0.63809,0.62897,0.63156,11734799.0,7432489.29936
2023-12-15 00:00:00,0.63156,0.6445,0.62994,0.63528,16757303.0,10669352.62009
2023-12-15 04:00:00,0.63528,0.63609,0.62837,0.63079,11899838.0,7523083.29479
2023-12-15 08:00:00,0.63079,0.6355,0.62932,0.62987,10768429.0,6806682.55259
2023-12-15 12:00:00,0.62987,0.63021,0.61547,0.61942,25174555.0,15666120.81812
2023-12-15 16:00:00,0.61942,0.62559,0.61755,0.62336,7270326.0,4522195.53612
2023-12-15 20:00:00,0.62336,0.62469,0.61172,0.61542,9718270.0,6015709.92746
2023-12-16 00:00:00,0.61542,0.62229,0.6102,0.62177,12059296.0,7437389.40516
2023-12-16 04:00:00,0.62177,0.62222,0.619,0.62015,4202516.0,2608078.12813
2023-12-16 08:00:00,0.62015,0.62387,0.61979,0.62387,3267356.0,2033057.18519
2023-12-16 12:00:00,0.62387,0.62511,0.62132,0.62477,5516897.0,3439735.9886
2023-12-16 16:00:00,0.62477,0.62599,0.61774,0.61948,7632636.0,4746168.44948
2023-12-16 20:00:00,0.61948,0.62125,0.61749,0.62033,3427212.0,2124143.12955
2023-12-17 00:00:00,0.62033,0.62254,0.6158,0.61879,11145887.0,6908773.52241
2023-12-17 04:00:00,0.61879,0.62074,0.61302,0.61375,7839677.0,4833494.67739
2023-12-17 08:00:00,0.61375,0.62393,0.6127,0.62034,13008218.0,8053949.65272
2023-12-17 12:00:00,0.62034,0.62048,0.61203,0.6186,8571660.0,5283043.74905
2023-12-17 16:00:00,0.6186,0.62244,0.61665,0.61902,6172765.0,3825740.88618
2023-12-17 20:00:00,0.61902,0.6199,0.60844,0.61044,10775358.0,6611520.29697
2023-12-18 00:00:00,0.61044,0.6135,0.60095,0.6057,18232801.0,11045484.88592
2023-12-18 04:00:00,0.6057,0.609,0.60002,0.60123,13785667.0,8335867.06791
2023-12-18 08:00:00,0.60123,0.60207,0.579,0.58938,46898576.0,27785686.60446
2023-12-18 12:00:00,0.58938,0.60045,0.58647,0.5964,12562475.0,7461615.31887
2023-12-18 16:00:00,0.5964,0.60674,0.59464,0.60499,6746418.0,4049741.80528
2023-12-18 20:00:00,0.60499,0.6141,0.60345,0.61222,6267869.0,3817768.06925
2023-12-19 00:00:00,0.61222,0.61683,0.60905,0.61217,11254280.0,6890886.12899
2023-12-19 04:00:00,0.61217,0.61402,0.60925,0.61103,7277725.0,4453288.20588
2023-12-19 08:00:00,0.61103,0.61253,0.60695,0.60853,10111278.0,6162460.54419
2023-12-19 12:00:00,0.60853,0.61116,0.60155,0.60535,14412101.0,8741026.99641
2023-12-19 16:00:00,0.60535,0.6076,0.59694,0.60494,9632128.0,5792054.47688
2023-12-19 20:00:00,0.60494,0.60774,0.60322,0.60449,7273876.0,4403332.26808
2023-12-20 00:00:00,0.60449,0.60896,0.60094,0.60847,10724756.0,6482882.92108
2023-12-20 04:00:00,0.60847,0.61177,0.60602,0.61039,12443412.0,7581730.05935
2023-12-20 08:00:00,0.61039,0.61467,0.60851,0.61149,10719927.0,6557950.35268
2023-12-20 12:00:00,0.61149,0.62558,0.61074,0.62189,18908262.0,11714914.04395
2023-12-20 16:00:00,0.62189,0.62669,0.61688,0.62098,12221740.0,7596857.9098
2023-12-20 20:00:00,0.62098,0.6216,0.6072,0.61716,20408935.0,12556572.72685
2023-12-21 00:00:00,0.61716,0.61719,0.61089,0.61451,9423018.0,5780333.49334
2023-12-21 04:00:00,0.61451,0.61789,0.61212,0.61673,11056092.0,6793618.82044
2023-12-21 08:00:00,0.61673,0.62148,0.61356,0.61879,16153294.0,9969555.22354
2023-12-21 12:00:00,0.61879,0.62147,0.60979,0.61575,13611764.0,8388046.63634
2023-12-21 16:00:00,0.61575,0.61956,0.61362,0.61926,6982714.0,4308329.00889
2023-12-21 20:00:00,0.61926,0.62512,0.61901,0.62422,8832129.0,5496172.74221
2023-12-22 00:00:00,0.62422,0.62765,0.61792,0.62068,14793795.0,9210069.10443
2023-12-22 04:00:00,0.62068,0.62386,0.61651,0.61893,16043655.0,9946185.02032
2023-12-22 08:00:00,0.61893,0.6322,0.61805,0.62205,22410256.0,13977048.64097
2023-12-22 12:00:00,0.62205,0.62251,0.61559,0.62013,14799938.0,9156804.10827
2023-12-22 16:00:00,0.62013,0.6217,0.61581,0.61811,8113730.0,5022504.69767
2023-12-22 20:00:00,0.61811,0.62546,0.61791,0.62449,6066150.0,3774242.72573
2023-12-23 00:00:00,0.62449,0.62489,0.61242,0.61425,13810145.0,8530612.45717
2023-12-23 04:00:00,0.61425,0.61704,0.61062,0.61544,5403117.0,3319820.19937
2023-12-23 08:00:00,0.61544,0.6175,0.61372,0.61564,8829690.0,5435313.56474
2023-12-23 12:00:00,0.61564,0.61935,0.61548,0.61821,4991128.0,3081564.60996
2023-12-23 16:00:00,0.61821,0.62098,0.61782,0.61894,5053668.0,3129594.45711
2023-12-23 20:00:00,0.61894,0.62037,0.61702,0.61983,4783756.0,2959784.47264
2023-12-24 00:00:00,0.61983,0.6231,0.61663,0.62064,8856102.0,5490676.9426
2023-12-24 04:00:00,0.62064,0.62344,0.61029,0.61682,14688448.0,9042424.43588
2023-12-24 08:00:00,0.61682,0.62159,0.61323,0.61881,10671119.0,6590901.72004
2023-12-24 12:00:00,0.61881,0.62405,0.61726,0.62164,13109960.0,8143117.10131
2023-12-24 16:00:00,0.62164,0.6235,0.62003,0.6235,5979174.0,3716186.12242
2023-12-24 20:00:00,0.6235,0.62974,0.60324,0.61229,28794711.0,17670792.40987
2023-12-25 00:00:00,0.61229,0.617,0.60854,0.61678,9387713.0,5745857.45024
2023-12-25 04:00:00,0.61678,0.6174,0.61519,0.61592,4748658.0,2926258.45918
2023-12-25 08:00:00,0.61592,0.64925,0.61592,0.64222,57041951.0,36287857.26594
2023-12-25 12:00:00,0.64222,0.64733,0.63302,0.63385,24777501.0,15849705.63453
2023-12-25 16:00:00,0.63385,0.63933,0.63112,0.63805,17821842.0,11317370.85529
2023-12-25 20:00:00,0.63805,0.64793,0.63521,0.64651,17210466.0,11046167.30804
2023-12-26 00:00:00,0.64651,0.64703,0.63282,0.63889,14329641.0,9155168.51696
2023-12-26 04:00:00,0.63889,0.63903,0.61855,0.62214,27522985.0,17212993.88722
2023-12-26 08:00:00,0.62214,0.62572,0.61565,0.62459,20341237.0,12630658.427
2023-12-26 12:00:00,0.62459,0.63188,0.61883,0.6201,19894556.0,12451995.38163
2023-12-26 16:00:00,0.6201,0.62864,0.5956,0.61663,35526944.0,21802151.63854
2023-12-26 20:00:00,0.61663,0.6227,0.616,0.622,6303635.0,3909761.76752
2023-12-27 00:00:00,0.622,0.622,0.61271,0.61657,12353231.0,7634066.22321
2023-12-27 04:00:00,0.61657,0.62409,0.61636,0.61995,13655277.0,8476240.18327
2023-12-27 08:00:00,0.61995,0.6319,0.61847,0.62766,20261358.0,12712653.69379
2023-12-27 12:00:00,0.62766,0.63486,0.62594,0.63388,17071776.0,10755038.95893
2023-12-27 16:00:00,0.63388,0.64052,0.63144,0.63933,12039728.0,7656517.46939
2023-12-27 20:00:00,0.63933,0.64283,0.63054,0.63454,12380770.0,7882205.20771
2023-12-28 00:00:00,0.63454,0.64991,0.63333,0.64176,23920812.0,15349210.69223
2023-12-28 04:00:00,0.64176,0.6586,0.63209,0.63743,35128445.0,22645678.78366
2023-12-28 08:00:00,0.63743,0.6504,0.63406,0.64412,20504783.0,13184135.23323
2023-12-28 12:00:00,0.64412,0.64522,0.62475,0.62986,37090921.0,23497973.58626
2023-12-28 16:00:00,0.62986,0.63397,0.62695,0.6321,7372722.0,4653183.48783
2023-12-28 20:00:00,0.6321,0.63678,0.62565,0.63498,8346053.0,5271475.37287
2023-12-29 00:00:00,0.63498,0.636,0.62061,0.63168,17341616.0,10888767.34902
2023-12-29 04:00:00,0.63168,0.63333,0.62287,0.6244,8361777.0,5266243.08365
2023-12-29 08:00:00,0.6244,0.63287,0.6242,0.63198,9363256.0,5896827.60354
2023-12-29 12:00:00,0.63198,0.63669,0.62016,0.62436,17247343.0,10871182.14565
2023-12-29 16:00:00,0.62436,0.6264,0.616,0.62356,15119647.0,9386914.05036
2023-12-29 20:00:00,0.62356,0.62356,0.61138,0.6229,10968379.0,6783013.28717
2023-12-30 00:00:00,0.6229,0.625,0.61925,0.62058,9628350.0,5993338.93751
2023-12-30 04:00:00,0.62058,0.62595,0.62042,0.62255,6845984.0,4266073.32415
2023-12-30 08:00:00,0.62255,0.62325,0.61607,0.62086,14701342.0,9101575.76814
2023-12-30 12:00:00,0.62086,0.63002,0.62032,0.62827,13295667.0,8307948.25166
2023-12-30 16:00:00,0.62827,0.62961,0.62462,0.62515,4901884.0,3071318.82885
2023-12-30 20:00:00,0.62515,0.62578,0.62066,0.62094,6906769.0,4303351.99054
2023-12-31 00:00:00,0.62094,0.62375,0.61867,0.62067,8071061.0,5011372.66855
2023-12-31 04:00:00,0.62067,0.62497,0.6201,0.62384,5206829.0,3242395.61951
2023-12-31 08:00:00,0.62384,0.62864,0.62222,0.62352,12584469.0,7861509.37048
2023-12-31 12:00:00,0.62352,0.62547,0.62052,0.62244,6581751.0,4099439.08417
2023-12-31 16:00:00,0.62244,0.62425,0.62002,0.621,5480198.0,3407895.27108
2023-12-31 20:00:00,0.621,0.62115,0.605,0.61551,24931696.0,15291077.19531
2024-01-01 00:00:00,0.61551,0.61884,0.61169,0.61315,7773796.0,4786466.18345
2024-01-01 04:00:00,0.61315,0.61518,0.60833,0.61518,14671083.0,8980261.61068
2024-01-01 08:00:00,0.61518,0.62107,0.61433,0.62074,8205299.0,5066981.03686
2024-01-01 12:00:00,0.62074,0.62215,0.61854,0.62168,9734737.0,6039235.78432
2024-01-01 16:00:00,0.62168,0.62636,0.61982,0.62636,7728554.0,4817108.27179
2024-01-01 20:00:00,0.62636,0.63135,0.62571,0.62985,10004747.0,6286247.63803
2024-01-02 00:00:00,0.62985,0.6355,0.62931,0.63412,13506209.0,8548948.06453
2024-01-02 04:00:00,0.63412,0.63465,0.62798,0.63115,11696272.0,7382550.29083
2024-01-02 08:00:00,0.63115,0.64105,0.62978,0.6327,17858972.0,11341752.56386
2024-01-02 12:00:00,0.6327,0.63465,0.62209,0.6258,18841188.0,11846368.9012
2024-01-02 16:00:00,0.6258,0.62955,0.62154,0.62781,7937383.0,4961907.42306
2024-01-02 20:00:00,0.62781,0.629,0.62395,0.62472,4935078.0,3093051.89009
2024-01-03 00:00:00,0.62472,0.62824,0.6232,0.62656,5531261.0,3464525.98209
2024-01-03 04:00:00,0.62656,0.63979,0.62651,0.63231,26852210.0,17033976.47985
2024-01-03 08:00:00,0.63231,0.63655,0.60951,0.61861,37337667.0,23386706.27963
2024-01-03 12:00:00,0.61861,0.61872,0.46041,0.57647,165492401.0,91405962.97191
2024-01-03 16:00:00,0.57647,0.58003,0.56508,0.57365,35935122.0,20641731.56033
2024-01-03 20:00:00,0.57365,0.59015,0.57331,0.582,18872804.0,11011169.18062
2024-01-04 00:00:00,0.582,0.58326,0.56876,0.58143,14550589.0,8403348.68923
2024-01-04 04:00:00,0.58143,0.58448,0.5745,0.57466,15752785.0,9126037.50131
2024-01-04 08:00:00,0.57466,0.57893,0.57,0.5769,21759235.0,12504675.28225
2024-01-04 12:00:00,0.5769,0.58804,0.5753,0.58526,19299566.0,11226086.69387
2024-01-04 16:00:00,0.58526,0.589,0.57978,0.58643,11157049.0,6511937.00661
2024-01-04 20:00:00,0.58643,0.59323,0.58477,0.58656,12991174.0,7642915.96107
2024-01-05 00:00:00,0.58656,0.58809,0.55181,0.57582,34628958.0,19819263.12848
2024-01-05 04:00:00,0.57582,0.57794,0.57187,0.5733,11619609.0,6675124.70844
2024-01-05 08:00:00,0.5733,0.5789,0.56507,0.56868,19473149.0,11144090.45712
2024-01-05 12:00:00,0.56868,0.5726,0.55872,0.56326,36588088.0,20681983.75703
2024-01-05 16:00:00,0.56326,0.56946,0.55279,0.56696,14075572.0,7910684.31162
2024-01-05 20:00:00,0.56696,0.57599,0.56694,0.57539,7446060.0,4258576.948
2024-01-06 00:00:00,0.57539,0.57542,0.5704,0.57163,4537505.0,2595607.28216
2024-01-06 04:00:00,0.57163,0.57334,0.55582,0.56429,27666336.0,15592906.0078
2024-01-06 08:00:00,0.56429,0.56717,0.56068,0.56567,8402939.0,4743199.16798
2024-01-06 12:00:00,0.56567,0.57333,0.5645,0.57066,6671076.0,3793457.31942
2024-01-06 16:00:00,0.57066,0.57194,0.56648,0.56898,7140471.0,4066938.87953
2024-01-06 20:00:00,0.56898,0.5701,0.56288,0.56763,6435715.0,3644650.33237
2024-01-07 00:00:00,0.56763,0.5707,0.56443,0.5665,6368449.0,3615333.50475
2024-01-07 04:00:00,0.5665,0.56979,0.56524,0.56901,7183786.0,4076618.33151
2024-01-07 08:00:00,0.56901,0.57289,0.56364,0.56631,12274631.0,6971508.3966
2024-01-07 12:00:00,0.56631,0.57019,0.56323,0.56684,10438680.0,5922840.43339
2024-01-07 16:00:00,0.56684,0.56818,0.5601,0.56708,8213150.0,4630707.48487
2024-01-07 20:00:00,0.56708,0.56752,0.54479,0.55104,29818435.0,16492548.8054
2024-01-08 00:00:00,0.55104,0.58127,0.54339,0.5594,65701117.0,37137937.57108
2024-01-08 04:00:00,0.5594,0.56574,0.55308,0.55638,24070088.0,13454898.36855
2024-01-08 08:00:00,0.55638,0.56259,0.55038,0.56179,14902362.0,8267372.96649
2024-01-08 12:00:00,0.56179,0.56948,0.56064,0.56516,13740443.0,7753269.82298
2024-01-08 16:00:00,0.56516,0.58122,0.56372,0.5805,17789856.0,10210608.97492
2024-01-08 20:00:00,0.5805,0.581,0.57416,0.57741,11145324.0,6438627.92302
2024-01-09 00:00:00,0.57741,0.57834,0.5657,0.57226,12469304.0,7125098.79124
2024-01-09 04:00:00,0.57226,0.5749,0.56746,0.57131,10558438.0,6033933.43507
2024-01-09 08:00:00,0.57131,0.5728,0.56169,0.56849,12442927.0,7052290.40234
2024-01-09 12:00:00,0.56849,0.56929,0.55104,0.55899,28247027.0,15831276.42706
2024-01-09 16:00:00,0.55899,0.57653,0.555,0.57244,30979284.0,17578601.43751
2024-01-09 20:00:00,0.57244,0.57944,0.56253,0.56672,24850463.0,14171471.99059
2024-01-10 00:00:00,0.56672,0.57234,0.5657,0.56941,7489213.0,4265084.10044
2024-01-10 04:00:00,0.56941,0.57169,0.56251,0.56308,11110297.0,6288371.24263
2024-01-10 08:00:00,0.56308,0.56782,0.55827,0.56333,16492232.0,9287012.08864
2024-01-10 12:00:00,0.56333,0.58011,0.54779,0.57018,34472117.0,19264757.15076
2024-01-10 16:00:00,0.57018,0.57982,0.56242,0.5788,25563538.0,14597194.15814
2024-01-10 20:00:00,0.5788,0.61477,0.56205,0.60048,63084543.0,37448638.20372
2024-01-11 00:00:00,0.60048,0.60252,0.59349,0.60251,15290528.0,9147812.75733
2024-01-11 04:00:00,0.60251,0.6057,0.58523,0.59699,19940825.0,11882992.02906
2024-01-11 08:00:00,0.59699,0.61504,0.5948,0.61185,21033388.0,12719838.90814
2024-01-11 12:00:00,0.61185,0.62372,0.59443,0.60111,49265976.0,30135179.17176
2024-01-11 16:00:00,0.60111,0.60667,0.59174,0.60506,15496976.0,9302090.69112
2024-01-11 20:00:00,0.60506,0.60709,0.59798,0.60181,6351117.0,3825037.58872
2024-01-12 00:00:00,0.60181,0.60371,0.59046,0.5978,11752199.0,7004460.95665
2024-01-12 04:00:00,0.5978,0.60079,0.59335,0.59479,10257855.0,6127475.14017
2024-01-12 08:00:00,0.59479,0.60262,0.58854,0.60033,14791218.0,8788998.78211
2024-01-12 12:00:00,0.60033,0.60138,0.5829,0.58729,21878191.0,12996279.48431
2024-01-12 16:00:00,0.58729,0.59169,0.5657,0.57985,29099213.0,16846686.50467
2024-01-12 20:00:00,0.57985,0.58383,0.55047,0.56991,20218975.0,11492809.91348
2024-01-13 00:00:00,0.56991,0.57243,0.56261,0.57167,10938920.0,6225912.45728
2024-01-13 04:00:00,0.57167,0.5763,0.5712,0.5746,5451875.0,3131339.26274
2024-01-13 08:00:00,0.5746,0.5768,0.57003,0.57423,7197335.0,4128319.10437
2024-01-13 12:00:00,0.57423,0.57662,0.57137,0.57453,8208307.0,4710731.04713
2024-01-13 16:00:00,0.57453,0.57583,0.57071,0.57439,5175036.0,2965542.21068
2024-01-13 20:00:00,0.57439,0.57754,0.57382,0.57453,3633610.0,2091207.06395
2024-01-14 00:00:00,0.57453,0.57564,0.57134,0.57384,5252631.0,3012146.12925
2024-01-14 04:00:00,0.57384,0.57629,0.57201,0.5755,3821523.0,2194612.25077
2024-01-14 08:00:00,0.5755,0.5798,0.57478,0.57644,8033648.0,4639006.56631
2024-01-14 12:00:00,0.57644,0.5784,0.57397,0.57733,3897533.0,2247951.57281
2024-01-14 16:00:00,0.57733,0.58734,0.57347,0.57633,15607857.0,9057832.27272
2024-01-14 20:00:00,0.57633,0.593,0.57117,0.5761,26139374.0,15221282.26031
2024-01-15 00:00:00,0.5761,0.58939,0.5761,0.586,12448642.0,7262341.80162
2024-01-15 04:00:00,0.586,0.58726,0.576,0.57724,15262773.0,8868791.87155
2024-01-15 08:00:00,0.57724,0.5816,0.57648,0.57881,12591094.0,7287735.01513
2024-01-15 12:00:00,0.57881,0.57998,0.56816,0.56986,19627733.0,11266234.89388
2024-01-15 16:00:00,0.56986,0.58133,0.5696,0.5805,9475915.0,5462690.77946
2024-01-15 20:00:00,0.5805,0.58119,0.57352,0.57543,8641192.0,4993123.23231
2024-01-16 00:00:00,0.57543,0.57859,0.57152,0.57761,5687552.0,3267611.56657
2024-01-16 04:00:00,0.57761,0.57816,0.57132,0.57624,8330930.0,4788356.72763
2024-01-16 08:00:00,0.57624,0.57718,0.57251,0.57423,7167805.0,4117549.89766
2024-01-16 12:00:00,0.57423,0.57779,0.56551,0.57533,18064758.0,10348807.4619
2024-01-16 16:00:00,0.57533,0.57838,0.573,0.57786,4916364.0,2831598.24012
2024-01-16 20:00:00,0.57786,0.57965,0.57512,0.57569,5089628.0,2939732.85463
2024-01-17 00:00:00,0.57569,0.57612,0.57273,0.57475,4190434.0,2407766.04419
2024-01-17 04:00:00,0.57475,0.57536,0.56892,0.57176,9031975.0,5165063.68974
2024-01-17 08:00:00,0.57176,0.57296,0.56916,0.57001,5777786.0,3297904.41356
2024-01-17 12:00:00,0.57001,0.57169,0.56654,0.56852,13407019.0,7630361.51756
2024-01-17 16:00:00,0.56852,0.57134,0.56064,0.571,9801927.0,5554389.49014
2024-01-17 20:00:00,0.571,0.57276,0.56686,0.56844,6907842.0,3934595.22121
2024-01-18 00:00:00,0.56844,0.56847,0.56257,0.56615,5398153.0,3053660.47645
2024-01-18 04:00:00,0.56615,0.56827,0.56477,0.56822,5228737.0,2961765.97068
2024-01-18 08:00:00,0.56822,0.56887,0.56157,0.5631,6648254.0,3752432.82619
2024-01-18 12:00:00,0.5631,0.56407,0.55802,0.56206,13419033.0,7528478.36994
2024-01-18 16:00:00,0.56206,0.56267,0.54203,0.54642,30106893.0,16662057.15114
2024-01-18 20:00:00,0.54642,0.55247,0.5456,0.55174,10460966.0,5747618.57812
2024-01-19 00:00:00,0.55174,0.55359,0.54409,0.54967,10220596.0,5606020.11219
2024-01-19 04:00:00,0.54967,0.55205,0.54637,0.54706,7690157.0,4228700.70467
2024-01-19 08:00:00,0.54706,0.55119,0.54595,0.55027,6051511.0,3319586.77328
2024-01-19 12:00:00,0.55027,0.55099,0.53675,0.53871,19829037.0,10789881.03259
2024-01-19 16:00:00,0.53871,0.54648,0.52151,0.54576,28328576.0,15071153.07913
2024-01-19 20:00:00,0.54576,0.54921,0.54343,0.54421,6194692.0,3382577.65612
2024-01-20 00:00:00,0.54421,0.54421,0.53865,0.5431,4892006.0,2650299.85428
2024-01-20 04:00:00,0.5431,0.55229,0.54292,0.549,6108910.0,3345071.35118
2024-01-20 08:00:00,0.549,0.55222,0.54364,0.54917,10720361.0,5865723.18588
2024-01-20 12:00:00,0.54917,0.5506,0.54682,0.54792,6944455.0,3811093.41987
2024-01-20 16:00:00,0.54792,0.54902,0.54452,0.54657,5869851.0,3211186.72038
2024-01-20 20:00:00,0.54657,0.55482,0.54586,0.55353,5415504.0,2982022.21268
2024-01-21 00:00:00,0.55353,0.55512,0.54922,0.55382,6483314.0,3583718.53945
2024-01-21 04:00:00,0.55382,0.5543,0.55055,0.55217,3345847.0,1847656.95857
2024-01-21 08:00:00,0.55217,0.55432,0.55102,0.55224,4538746.0,2508140.08689
2024-01-21 12:00:00,0.55224,0.55467,0.54984,0.55114,5185294.0,2864311.85571
2024-01-21 16:00:00,0.55114,0.55272,0.54863,0.55097,6072765.0,3345622.75438
2024-01-21 20:00:00,0.55097,0.55142,0.54517,0.54639,5174299.0,2837275.90773
2024-01-22 00:00:00,0.54639,0.54929,0.53937,0.54168,12279708.0,6675547.31186
2024-01-22 04:00:00,0.54168,0.54198,0.53416,0.53699,14060105.0,7566780.2179
2024-01-22 08:00:00,0.53699,0.53759,0.52528,0.53123,19983512.0,10622429.78212
2024-01-22 12:00:00,0.53123,0.53448,0.52251,0.52832,20415135.0,10773755.75145
2024-01-22 16:00:00,0.52832,0.53533,0.51677,0.52535,17230101.0,9088322.42939
2024-01-22 20:00:00,0.52535,0.53223,0.52521,0.52721,11758941.0,6218060.75404
2024-01-23 00:00:00,0.52721,0.53043,0.52214,0.52961,7581582.0,3995338.51412
2024-01-23 04:00:00,0.52961,0.53117,0.52026,0.5223,12030066.0,6327644.98423
2024-01-23 08:00:00,0.5223,0.52375,0.50057,0.50494,42588577.0,21718643.95426
2024-01-23 12:00:00,0.50494,0.51246,0.49562,0.51035,22140218.0,11132600.1926
2024-01-23 16:00:00,0.51035,0.51335,0.50604,0.50769,7612353.0,3875435.25033
2024-01-23 20:00:00,0.50769,0.51883,0.50562,0.51787,5706778.0,2925365.0326
2024-01-24 00:00:00,0.51787,0.51877,0.5125,0.51401,6882279.0,3544818.10725
2024-01-24 04:00:00,0.51401,0.51719,0.5109,0.51521,9375265.0,4819191.58287
2024-01-24 08:00:00,0.51521,0.51897,0.5111,0.51645,8231724.0,4239579.50125
2024-01-24 12:00:00,0.51645,0.5178,0.5119,0.51574,13811054.0,7114831.54944
2024-01-24 16:00:00,0.51574,0.51743,0.51154,0.51449,9076434.0,4678245.68682
2024-01-24 20:00:00,0.51449,0.51884,0.51247,0.51775,4527824.0,2336312.50123
2024-01-25 00:00:00,0.51775,0.51789,0.51368,0.515,3774866.0,1944361.39795
2024-01-25 04:00:00,0.515,0.51537,0.50898,0.51349,11884829.0,6080885.46258
2024-01-25 08:00:00,0.51349,0.51429,0.50981,0.5119,5225058.0,2675626.37903
2024-01-25 12:00:00,0.5119,0.51267,0.50532,0.50689,11812323.0,5999437.69357
2024-01-25 16:00:00,0.50689,0.51465,0.5036,0.51378,10719633.0,5452046.41707
2024-01-25 20:00:00,0.51378,0.51539,0.50889,0.51342,6227052.0,3193645.78237
2024-01-26 00:00:00,0.51342,0.51356,0.50814,0.51287,6121956.0,3130136.37333
2024-01-26 04:00:00,0.51287,0.51471,0.50965,0.51105,6825831.0,3497087.90182
2024-01-26 08:00:00,0.51105,0.5225,0.51051,0.5207,10587793.0,5477301.25969
2024-01-26 12:00:00,0.5207,0.52138,0.51647,0.52105,7755107.0,4028853.1018
2024-01-26 16:00:00,0.52105,0.53602,0.52091,0.5319,19120087.0,10103747.39
2024-01-26 20:00:00,0.5319,0.534,0.529,0.5318,7626761.0,4054775.06921
2024-01-27 00:00:00,0.5318,0.5342,0.5295,0.53227,6133434.0,3261053.72012
2024-01-27 04:00:00,0.53227,0.53441,0.52746,0.52841,6160528.0,3268277.23881
2024-01-27 08:00:00,0.52841,0.52981,0.52604,0.52957,4955364.0,2617333.44739
2024-01-27 12:00:00,0.52957,0.5315,0.52857,0.52956,3993957.0,2116596.75224
2024-01-27 16:00:00,0.52956,0.531,0.52796,0.52968,2918170.0,1544527.70151
2024-01-27 20:00:00,0.52968,0.53193,0.52922,0.52999,3122880.0,1656196.66582
2024-01-28 00:00:00,0.52999,0.5329,0.5286,0.53274,3559332.0,1889591.28575
2024-01-28 04:00:00,0.53274,0.53489,0.52969,0.53004,7035548.0,3744105.12031
2024-01-28 08:00:00,0.53004,0.53298,0.52942,0.52999,5233076.0,2779393.62762
2024-01-28 12:00:00,0.52999,0.53077,0.52768,0.5291,5209210.0,2756589.45502
2024-01-28 16:00:00,0.5291,0.53019,0.52128,0.52357,9334424.0,4915750.90602
2024-01-28 20:00:00,0.52357,0.52672,0.52068,0.52371,7718935.0,4040760.51715
2024-01-29 00:00:00,0.52371,0.5289,0.5211,0.52788,5500504.0,2886956.13282
2024-01-29 04:00:00,0.52788,0.52887,0.5237,0.52453,8068341.0,4244839.50251
2024-01-29 08:00:00,0.52453,0.52847,0.52068,0.52549,11215843.0,5885830.22681
2024-01-29 12:00:00,0.52549,0.52708,0.51872,0.52696,16292887.0,8517408.04231
2024-01-29 16:00:00,0.52696,0.53794,0.52489,0.53498,21274680.0,11343335.06505
2024-01-29 20:00:00,0.53498,0.53952,0.5343,0.53465,8366645.0,4494181.62942
2024-01-30 00:00:00,0.53465,0.53878,0.53305,0.53695,6765543.0,3626315.19241
2024-01-30 04:00:00,0.53695,0.53758,0.53067,0.53382,8828450.0,4709031.34125
2024-01-30 08:00:00,0.53382,0.53438,0.53067,0.53353,7055308.0,3756815.69974
2024-01-30 12:00:00,0.53353,0.53534,0.52267,0.52559,19040699.0,10023542.15718
2024-01-30 16:00:00,0.52559,0.529,0.51385,0.5142,28645598.0,14936264.53658
2024-01-30 20:00:00,0.5142,0.516,0.50682,0.51039,29798955.0,15222670.3347
2024-01-31 00:00:00,0.51039,0.51063,0.5016,0.51029,16554373.0,8388203.82592
2024-01-31 04:00:00,0.51029,0.51413,0.50949,0.5108,10557925.0,5402090.27457
2024-01-31 08:00:00,0.5108,0.51182,0.50084,0.50689,24671181.0,12482455.10721
2024-01-31 12:00:00,0.50689,0.50943,0.48437,0.50829,62968340.0,31531259.27485
2024-01-31 16:00:00,0.50829,0.51343,0.50659,0.51048,14755578.0,7529857.46545
2024-01-31 20:00:00,0.51048,0.51075,0.49872,0.50305,15234430.0,7671300.02006
2024-02-01 00:00:00,0.50305,0.504,0.49113,0.49747,19327105.0,9593375.8864
2024-02-01 04:00:00,0.49747,0.49859,0.49145,0.49256,12975127.0,6409243.43092
2024-02-01 08:00:00,0.49256,0.49708,0.49,0.4925,11443439.0,5643455.02868
2024-02-01 12:00:00,0.4925,0.50219,0.4925,0.49899,14276720.0,7102127.55012
2024-02-01 16:00:00,0.49899,0.51026,0.49702,0.50897,15390025.0,7745030.96376
2024-02-01 20:00:00,0.50897,0.50905,0.50332,0.50545,6481419.0,3282173.99197
2024-02-02 00:00:00,0.50545,0.5073,0.5035,0.50552,5699739.0,2879448.87844
2024-02-02 04:00:00,0.50552,0.50713,0.50301,0.50631,6884071.0,3477257.42834
2024-02-02 08:00:00,0.50631,0.50667,0.50266,0.50423,7521207.0,3792801.0233
2024-02-02 12:00:00,0.50423,0.50478,0.49816,0.50265,15217755.0,7627267.70003
2024-02-02 16:00:00,0.50265,0.5061,0.5003,0.50383,7907879.0,3979600.88586
2024-02-02 20:00:00,0.50383,0.51374,0.5036,0.50996,11998661.0,6116931.99298
2024-02-03 00:00:00,0.50996,0.51027,0.5056,0.50719,7092523.0,3597830.51081
2024-02-03 04:00:00,0.50719,0.50866,0.50611,0.50732,4563106.0,2314879.86558
2024-02-03 08:00:00,0.50732,0.5265,0.50704,0.52126,50602795.0,26291212.21094
2024-02-03 12:00:00,0.52126,0.52591,0.51569,0.5196,28664780.0,14922718.45785
2024-02-03 16:00:00,0.5196,0.52149,0.5169,0.5207,9246317.0,4799803.53912
2024-02-03 20:00:00,0.5207,0.52199,0.51771,0.51832,6743404.0,3502857.96926
2024-02-04 00:00:00,0.51832,0.5189,0.51476,0.5173,11385967.0,5885593.92923
2024-02-04 04:00:00,0.5173,0.51743,0.50835,0.5097,15005840.0,7693426.4705
2024-02-04 08:00:00,0.5097,0.51393,0.5091,0.51254,9128106.0,4671252.3222
2024-02-04 12:00:00,0.51254,0.5136,0.50938,0.51038,6874308.0,3515657.55823
2024-02-04 16:00:00,0.51038,0.51243,0.50304,0.50638,9785722.0,4971391.67974
2024-02-04 20:00:00,0.50638,0.50954,0.4995,0.50283,10392274.0,5242694.84318
2024-02-05 00:00:00,0.50283,0.5058,0.49545,0.50556,20373234.0,10195681.04006
2024-02-05 04:00:00,0.50556,0.50597,0.50275,0.50411,11387451.0,5742460.88516
2024-02-05 08:00:00,0.50411,0.50716,0.50189,0.5054,13417391.0,6774826.30978
2024-02-05 12:00:00,0.5054,0.50861,0.50016,0.50221,15158999.0,7657473.19679
2024-02-05 16:00:00,0.50221,0.51388,0.50194,0.50959,17590853.0,8946443.19481
2024-02-05 20:00:00,0.50959,0.5098,0.50404,0.50637,9582205.0,4851415.92758
2024-02-06 00:00:00,0.50637,0.50813,0.504,0.50653,5320628.0,2693954.3993
2024-02-06 04:00:00,0.50653,0.50741,0.50143,0.50377,8326136.0,4196850.38009
2024-02-06 08:00:00,0.50377,0.50516,0.49956,0.50098,19722874.0,9911862.93196
2024-02-06 12:00:00,0.50098,0.50511,0.49743,0.5039,13293528.0,6669256.73941
2024-02-06 16:00:00,0.5039,0.50964,0.50237,0.50955,8795576.0,4447777.26525
2024-02-06 20:00:00,0.50955,0.5107,0.50448,0.5047,7083390.0,3598037.36937
2024-02-07 00:00:00,0.5047,0.50601,0.50268,0.50331,7035781.0,3547612.17016
2024-02-07 04:00:00,0.50331,0.50486,0.49938,0.50091,10346339.0,5194060.97624
2024-02-07 08:00:00,0.50091,0.50361,0.49923,0.50178,10195993.0,5112340.933
2024-02-07 12:00:00,0.50178,0.50432,0.50108,0.50313,8032785.0,4036282.80034
2024-02-07 16:00:00,0.50313,0.51,0.50254,0.5088,9083302.0,4606271.37765
2024-02-07 20:00:00,0.5088,0.51513,0.50871,0.5134,8930189.0,4575734.58019
2024-02-08 00:00:00,0.5134,0.51807,0.51063,0.51342,10217757.0,5246843.02911
2024-02-08 04:00:00,0.51342,0.51484,0.50988,0.51199,8058189.0,4127342.25828
2024-02-08 08:00:00,0.51199,0.51729,0.5116,0.51305,10892497.0,5598243.20218
2024-02-08 12:00:00,0.51305,0.51894,0.51155,0.51688,12385867.0,6386331.19539
2024-02-08 16:00:00,0.51688,0.51805,0.51087,0.51471,10298223.0,5296439.21991
2024-02-08 20:00:00,0.51471,0.51703,0.51277,0.51428,6497713.0,3343558.10187
2024-02-09 00:00:00,0.51428,0.5202,0.51367,0.51835,7036311.0,3640285.59982
2024-02-09 04:00:00,0.51835,0.51919,0.515,0.51707,6724802.0,3478600.66727
2024-02-09 08:00:00,0.51707,0.526,0.51629,0.52443,13545957.0,7064863.48517
2024-02-09 12:00:00,0.52443,0.526,0.51717,0.52097,22279230.0,11638248.53335
2024-02-09 16:00:00,0.52097,0.52621,0.51923,0.52551,10604365.0,5544568.64401
2024-02-09 20:00:00,0.52551,0.52791,0.52342,0.52568,9163141.0,4816499.0975
2024-02-10 00:00:00,0.52568,0.5279,0.52284,0.52698,4824132.0,2535195.42123
2024-02-10 04:00:00,0.52698,0.52719,0.52302,0.52335,5323962.0,2793083.84527
2024-02-10 08:00:00,0.52335,0.52519,0.51809,0.52079,11174812.0,5828891.44183
2024-02-10 12:00:00,0.52079,0.52261,0.51898,0.52189,6440151.0,3354161.55208
2024-02-10 16:00:00,0.52189,0.52339,0.52058,0.52251,5189983.0,2709987.84611
2024-02-10 20:00:00,0.52251,0.52545,0.52209,0.5236,4259451.0,2231342.33405
2024-02-11 00:00:00,0.5236,0.52687,0.52131,0.52666,4933171.0,2585379.39116
2024-02-11 04:00:00,0.52666,0.52878,0.52589,0.52833,8184160.0,4314680.32922
2024-02-11 08:00:00,0.52833,0.5359,0.5272,0.53318,18307271.0,9745323.41633
2024-02-11 12:00:00,0.53318,0.53348,0.5255,0.52904,10211512.0,5406328.45196
2024-02-11 16:00:00,0.52904,0.52969,0.52424,0.52887,7468040.0,3935854.65799
2024-02-11 20:00:00,0.52887,0.52919,0.52308,0.526,7654941.0,4017575.44866
2024-02-12 00:00:00,0.526,0.52852,0.5182,0.52292,29356533.0,15443456.02577
2024-02-12 04:00:00,0.52292,0.52309,0.51455,0.51924,11917005.0,6180889.28804
2024-02-12 08:00:00,0.51924,0.52019,0.51416,0.51791,12794371.0,6619673.92
2024-02-12 12:00:00,0.51791,0.52859,0.51685,0.52753,12269424.0,6406793.86308
2024-02-12 16:00:00,0.52753,0.53772,0.52418,0.53102,27502458.0,14655396.48529
2024-02-12 20:00:00,0.53102,0.53506,0.5294,0.53148,10019153.0,5335708.76131
2024-02-13 00:00:00,0.53148,0.53389,0.52728,0.52838,9828213.0,5218187.39777
2024-02-13 04:00:00,0.52838,0.53118,0.52768,0.53069,8184011.0,4331244.02731
2024-02-13 08:00:00,0.53069,0.53125,0.52597,0.52879,13256443.0,7011459.15424
2024-02-13 12:00:00,0.52879,0.52879,0.51362,0.51968,37176057.0,19345087.42556
2024-02-13 16:00:00,0.51968,0.5267,0.51865,0.52483,8117562.0,4246250.23478
2024-02-13 20:00:00,0.52483,0.52939,0.51745,0.52481,9260638.0,4862182.69639
2024-02-14 00:00:00,0.52481,0.52552,0.52024,0.52479,5435949.0,2841818.7717
2024-02-14 04:00:00,0.52479,0.5252,0.52169,0.52488,7526583.0,3940874.87414
2024-02-14 08:00:00,0.52488,0.53301,0.5242,0.53211,24887621.0,13187770.52587
2024-02-14 12:00:00,0.53211,0.53822,0.52865,0.53271,28801462.0,15374166.21549
2024-02-14 16:00:00,0.53271,0.53967,0.52954,0.53873,17160260.0,9196791.15873
2024-02-14 20:00:00,0.53873,0.54191,0.53754,0.53781,12401328.0,6684656.49056
2024-02-15 00:00:00,0.53781,0.55903,0.53695,0.55258,29428030.0,16111733.4727
2024-02-15 04:00:00,0.55258,0.55739,0.54158,0.5497,37320921.0,20452857.13308
2024-02-15 08:00:00,0.5497,0.55492,0.54642,0.55032,25273005.0,13910078.87189
2024-02-15 12:00:00,0.55032,0.55486,0.5434,0.5466,29523960.0,16224446.76469
2024-02-15 16:00:00,0.5466,0.55509,0.54176,0.55405,16498088.0,9055396.53654
2024-02-15 20:00:00,0.55405,0.57671,0.55065,0.56217,41183737.0,23284234.36989
2024-02-16 00:00:00,0.56217,0.57954,0.55804,0.57881,27992651.0,15885201.78556
2024-02-16 04:00:00,0.57881,0.57914,0.56272,0.56644,28000568.0,15976458.55889
2024-02-16 08:00:00,0.56644,0.5746,0.55968,0.57137,19197871.0,10887462.83281
2024-02-16 12:00:00,0.57137,0.57384,0.55159,0.56032,39795787.0,22419138.09324
2024-02-16 16:00:00,0.56032,0.5661,0.55879,0.5611,18095005.0,10186099.97805
2024-02-16 20:00:00,0.5611,0.56873,0.56054,0.56442,8183376.0,4623282.05287
2024-02-17 00:00:00,0.56442,0.56575,0.55769,0.5602,10434008.0,5851050.30781
2024-02-17 04:00:00,0.5602,0.56195,0.55741,0.561,10373425.0,5802329.17189
2024-02-17 08:00:00,0.561,0.5613,0.55069,0.55399,20650881.0,11462644.90691
2024-02-17 12:00:00,0.55399,0.55486,0.53923,0.54642,41789639.0,22834325.42752
2024-02-17 16:00:00,0.54642,0.55112,0.54439,0.54943,9185221.0,5032820.59847
2024-02-17 20:00:00,0.54943,0.55314,0.54874,0.54966,6400364.0,3524047.80753
2024-02-18 00:00:00,0.54966,0.553,0.54717,0.5503,11172333.0,6147800.07217
2024-02-18 04:00:00,0.5503,0.55914,0.5503,0.55503,12785188.0,7096037.8209
2024-02-18 08:00:00,0.55503,0.55911,0.5533,0.55877,8233488.0,4589805.32405
2024-02-18 12:00:00,0.55877,0.56023,0.5535,0.55934,9784719.0,5445107.31047
2024-02-18 16:00:00,0.55934,0.56266,0.5573,0.55838,9155140.0,5127379.85437
2024-02-18 20:00:00,0.55838,0.56198,0.55448,0.5573,10452387.0,5834005.40714
2024-02-19 00:00:00,0.5573,0.56272,0.557,0.55998,11619970.0,6510149.39303
2024-02-19 04:00:00,0.55998,0.56478,0.55627,0.56378,14094272.0,7893484.96458
2024-02-19 08:00:00,0.56378,0.5642,0.55609,0.55938,14707163.0,8236410.68269
2024-02-19 12:00:00,0.55938,0.56125,0.55542,0.55837,14944296.0,8345645.72999
2024-02-19 16:00:00,0.55837,0.56424,0.55369,0.56277,27542389.0,15417605.76728
2024-02-19 20:00:00,0.56277,0.56809,0.5609,0.56278,15184459.0,8569068.10763
2024-02-20 00:00:00,0.56278,0.57343,0.55516,0.5677,30246483.0,17045994.29433
2024-02-20 04:00:00,0.5677,0.57438,0.5646,0.56722,22901091.0,13031921.79155
2024-02-20 08:00:00,0.56722,0.57228,0.5577,0.57102,35307702.0,19959487.32161
2024-02-20 12:00:00,0.57102,0.57558,0.54295,0.5547,57749988.0,32439925.22691
2024-02-20 16:00:00,0.5547,0.56083,0.54369,0.56076,30093703.0,16585953.73284
2024-02-20 20:00:00,0.56076,0.56683,0.5593,0.5628,19158146.0,10785420.24507
2024-02-21 00:00:00,0.5628,0.56323,0.55581,0.55917,13369952.0,7468021.95859
2024-02-21 04:00:00,0.55917,0.55944,0.54512,0.5472,24333788.0,13426749.01395
2024-02-21 08:00:00,0.5472,0.55073,0.53273,0.53905,45596310.0,24638058.56829
2024-02-21 12:00:00,0.53905,0.54524,0.53388,0.54003,27476877.0,14831610.83551
2024-02-21 16:00:00,0.54003,0.54402,0.53504,0.54238,11999339.0,6479703.99714
2024-02-21 20:00:00,0.54238,0.54984,0.54079,0.54912,10793024.0,5893199.73022
2024-02-22 00:00:00,0.54912,0.54912,0.53852,0.54318,14992026.0,8148909.53852
2024-02-22 04:00:00,0.54318,0.54766,0.54021,0.54605,10870643.0,5909718.8159
2024-02-22 08:00:00,0.54605,0.5508,0.54486,0.54568,14748331.0,8075725.76589
2024-02-22 12:00:00,0.54568,0.54684,0.53639,0.54433,20141480.0,10907623.61425
2024-02-22 16:00:00,0.54433,0.55059,0.54016,0.54798,9844459.0,5369485.74815
2024-02-22 20:00:00,0.54798,0.5518,0.54012,0.54113,11895660.0,6497734.35979
2024-02-23 00:00:00,0.54113,0.54394,0.53647,0.53818,12213049.0,6598114.88842
2024-02-23 04:00:00,0.53818,0.54128,0.53586,0.53714,10664644.0,5744068.7262
2024-02-23 08:00:00,0.53714,0.53851,0.52902,0.53675,17908479.0,9566271.69916
2024-02-23 12:00:00,0.53675,0.5379,0.53103,0.53184,27109568.0,14483645.33791
2024-02-23 16:00:00,0.53184,0.5388,0.52473,0.53872,18063794.0,9586598.36122
2024-02-23 20:00:00,0.53872,0.5412,0.53046,0.53424,11750707.0,6301767.59475
2024-02-24 00:00:00,0.53424,0.5372,0.53121,0.53669,7269847.0,3887804.50177
2024-02-24 04:00:00,0.53669,0.54315,0.53616,0.54295,7540231.0,4073363.17529
2024-02-24 08:00:00,0.54295,0.54683,0.54014,0.54629,11771773.0,6408613.71987
2024-02-24 12:00:00,0.54629,0.54648,0.54273,0.54335,8187685.0,4456765.32713
2024-02-24 16:00:00,0.54335,0.54812,0.54307,0.54633,7039590.0,3845512.74312
2024-02-24 20:00:00,0.54633,0.54698,0.54354,0.5452,4378315.0,2387652.73358
2024-02-25 00:00:00,0.5452,0.54841,0.54235,0.54565,8457472.0,4608358.38412
2024-02-25 04:00:00,0.54565,0.54699,0.54409,0.54662,4791874.0,2617361.98319
2024-02-25 08:00:00,0.54662,0.54891,0.54436,0.54468,9892608.0,5403727.59515
2024-02-25 12:00:00,0.54468,0.54661,0.54195,0.54376,6583952.0,3584145.37566
2024-02-25 16:00:00,0.54376,0.54631,0.54225,0.54582,6015321.0,3272313.31457
2024-02-25 20:00:00,0.54582,0.54751,0.5424,0.54289,8698926.0,4738904.24495
2024-02-26 00:00:00,0.54289,0.54346,0.53729,0.54088,15722797.0,8504894.46697
2024-02-26 04:00:00,0.54088,0.54112,0.53608,0.53706,11448600.0,6162640.66749
2024-02-26 08:00:00,0.53706,0.53947,0.53067,0.5309,20895901.0,11170284.77042
2024-02-26 12:00:00,0.5309,0.5422,0.5291,0.54148,22100809.0,11843978.84707
2024-02-26 16:00:00,0.54148,0.55307,0.54101,0.55048,24171769.0,13218428.35583
2024-02-26 20:00:00,0.55048,0.553,0.54806,0.55088,12919039.0,7110272.58582
2024-02-27 00:00:00,0.55088,0.5609,0.54778,0.55299,24217622.0,13453838.72301
2024-02-27 04:00:00,0.55299,0.5572,0.55017,0.55207,16165201.0,8955041.66559
2024-02-27 08:00:00,0.55207,0.56497,0.55184,0.55977,22641138.0,12670255.51666
2024-02-27 12:00:00,0.55977,0.5702,0.55385,0.56109,36310018.0,20402219.45728
2024-02-27 16:00:00,0.56109,0.59714,0.55741,0.5937,51876237.0,29982040.88141
2024-02-27 20:00:00,0.5937,0.59381,0.5773,0.5862,32418200.0,18978884.93167
2024-02-28 00:00:00,0.5862,0.59053,0.57753,0.57839,20089610.0,11719989.26587
2024-02-28 04:00:00,0.57839,0.58398,0.57557,0.58325,16032203.0,9296117.34308
2024-02-28 08:00:00,0.58325,0.59283,0.57493,0.5806,53302903.0,31225200.56934
2024-02-28 12:00:00,0.5806,0.59093,0.57977,0.58747,37864107.0,22161732.82005
2024-02-28 16:00:00,0.58747,0.60694,0.52021,0.56531,149325533.0,84899489.90913
2024-02-28 20:00:00,0.56531,0.57742,0.55972,0.57525,27969776.0,15936896.72697
2024-02-29 00:00:00,0.57525,0.58799,0.56712,0.58722,34545971.0,19937865.03605
2024-02-29 04:00:00,0.58722,0.60883,0.58183,0.59399,69549444.0,41428085.51811
2024-02-29 08:00:00,0.59399,0.60242,0.58842,0.59734,39289403.0,23411920.76119
2024-02-29 12:00:00,0.59734,0.60966,0.59055,0.60621,46375182.0,27912630.64634
2024-02-29 16:00:00,0.60621,0.62639,0.59173,0.61042,70828747.0,43069954.41602
2024-02-29 20:00:00,0.61042,0.6124,0.576,0.5863,43597947.0,25739922.70742
2024-03-01 00:00:00,0.5863,0.59615,0.58618,0.59186,24716231.0,14617588.07686
2024-03-01 04:00:00,0.59186,0.5968,0.58295,0.58493,29337564.0,17334126.75588
2024-03-01 08:00:00,0.58493,0.59573,0.58308,0.5897,24421252.0,14403282.59233
2024-03-01 12:00:00,0.5897,0.59907,0.58487,0.58787,28234517.0,16714213.71498
2024-03-01 16:00:00,0.58787,0.59733,0.5867,0.59597,16139299.0,9581712.11902
2024-03-01 20:00:00,0.59597,0.6036,0.5934,0.60164,14365986.0,8611228.80172
2024-03-02 00:00:00,0.60164,0.63968,0.59953,0.63151,59727302.0,37159425.27501
2024-03-02 04:00:00,0.63151,0.63436,0.62,0.63102,30893947.0,19350178.40009
2024-03-02 08:00:00,0.63102,0.64345,0.6203,0.64338,43989335.0,27891982.78355
2024-03-02 12:00:00,0.64338,0.65065,0.62833,0.6296,57010914.0,36455885.35059
2024-03-02 16:00:00,0.6296,0.63912,0.62553,0.63421,22148230.0,13993065.81589
2024-03-02 20:00:00,0.63421,0.6456,0.62767,0.64469,14281303.0,9086289.37684
2024-03-03 00:00:00,0.64469,0.6449,0.62867,0.63637,20524084.0,13035285.1278
2024-03-03 04:00:00,0.63637,0.64017,0.58204,0.61037,65267761.0,40055342.35016
2024-03-03 08:00:00,0.61037,0.62474,0.60633,0.62456,33454533.0,20639327.58738
2024-03-03 12:00:00,0.62456,0.63021,0.61757,0.62329,27324385.0,17053199.86596
2024-03-03 16:00:00,0.62329,0.62971,0.61987,0.62712,14235880.0,8901337.74266
2024-03-03 20:00:00,0.62712,0.63322,0.62411,0.6271,16752961.0,10531191.05742
2024-03-04 00:00:00,0.6271,0.63962,0.61387,0.6352,40329887.0,25367743.92381
2024-03-04 04:00:00,0.6352,0.64444,0.62349,0.63741,37529537.0,23777702.62321
2024-03-04 08:00:00,0.63741,0.6662,0.633,0.66036,63036736.0,40837075.3341
2024-03-04 12:00:00,0.66036,0.66531,0.64353,0.66234,44918343.0,29435104.39576
2024-03-04 16:00:00,0.66234,0.66309,0.63448,0.65618,40743652.0,26463417.71657
2024-03-04 20:00:00,0.65618,0.65618,0.64564,0.64779,17724512.0,11531475.0533
2024-03-05 00:00:00,0.64779,0.66975,0.64394,0.65365,50947932.0,33581339.41042
2024-03-05 04:00:00,0.65365,0.65723,0.62008,0.64075,65620226.0,41937296.16119
2024-03-05 08:00:00,0.64075,0.65387,0.6318,0.65032,30136747.0,19396703.32434
2024-03-05 12:00:00,0.65032,0.655,0.6319,0.6389,51710237.0,33362834.01823
2024-03-05 16:00:00,0.6389,0.64237,0.5261,0.56857,123663267.0,73988269.81972
2024-03-05 20:00:00,0.56857,0.59516,0.55732,0.59146,45839415.0,26522148.27428
2024-03-06 00:00:00,0.59146,0.59888,0.57497,0.58391,26993425.0,15793678.00988
2024-03-06 04:00:00,0.58391,0.6174,0.58336,0.61486,29472890.0,17784054.15808
2024-03-06 08:00:00,0.61486,0.62455,0.608,0.61496,29778954.0,18354295.88514
2024-03-06 12:00:00,0.61496,0.6156,0.58863,0.59901,45407866.0,27229386.05844
2024-03-06 16:00:00,0.59901,0.61444,0.59806,0.61207,11332372.0,6872582.99054
2024-03-06 20:00:00,0.61207,0.6167,0.60865,0.61239,10996532.0,6740011.53915
2024-03-07 00:00:00,0.61239,0.628,0.60604,0.62773,24930439.0,15404839.77619
2024-03-07 04:00:00,0.62773,0.63068,0.61293,0.62527,25311385.0,15727836.7745
2024-03-07 08:00:00,0.62527,0.62828,0.6176,0.62229,14602820.0,9099638.04572
2024-03-07 12:00:00,0.62229,0.62884,0.61475,0.62556,23960924.0,14907414.56515
2024-03-07 16:00:00,0.62556,0.63524,0.62017,0.63261,15116859.0,9500168.12845
2024-03-07 20:00:00,0.63261,0.63928,0.62674,0.62756,16947895.0,10738281.77125
2024-03-08 00:00:00,0.62756,0.6344,0.62567,0.62849,14545224.0,9158614.98976
2024-03-08 04:00:00,0.62849,0.62994,0.61918,0.62131,17893558.0,11151242.48451
2024-03-08 08:00:00,0.62131,0.63067,0.61817,0.62877,21611070.0,13520081.65299
2024-03-08 12:00:00,0.62877,0.63169,0.59762,0.61448,59477266.0,36834400.34831
2024-03-08 16:00:00,0.61448,0.62483,0.6025,0.62022,35339841.0,21684468.74482
2024-03-08 20:00:00,0.62022,0.6236,0.61705,0.62015,9653219.0,5994462.76146
2024-03-09 00:00:00,0.62015,0.6295,0.61847,0.6263,10564620.0,6599095.90263
2024-03-09 04:00:00,0.6263,0.63257,0.625,0.62934,11703171.0,7364450.79157
2024-03-09 08:00:00,0.62934,0.63038,0.61564,0.62305,32072494.0,19984392.64894
2024-03-09 12:00:00,0.62305,0.62573,0.61808,0.622,11763751.0,7318893.96584
2024-03-09 16:00:00,0.622,0.62402,0.61641,0.61995,10379870.0,6441064.1313
2024-03-09 20:00:00,0.61995,0.62373,0.619,0.62038,7079220.0,4402990.91361
2024-03-10 00:00:00,0.62038,0.62519,0.61993,0.62268,8516308.0,5301122.57913
2024-03-10 04:00:00,0.62268,0.62782,0.62179,0.62642,8071146.0,5040983.3546
2024-03-10 08:00:00,0.62642,0.62839,0.61691,0.61937,27097847.0,16860251.02939
2024-03-10 12:00:00,0.61937,0.62098,0.60144,0.61022,39334679.0,24032424.38261
2024-03-10 16:00:00,0.61022,0.61486,0.60978,0.61237,8732970.0,5354304.57763
2024-03-10 20:00:00,0.61237,0.61449,0.59626,0.6083,29263531.0,17664896.76887
2024-03-11 00:00:00,0.6083,0.6096,0.58106,0.60883,39359117.0,23503728.00789
2024-03-11 04:00:00,0.60883,0.62469,0.60338,0.62033,25138143.0,15454862.01484
2024-03-11 08:00:00,0.62033,0.63076,0.6201,0.62306,26521026.0,16597425.37478
2024-03-11 12:00:00,0.62306,0.69564,0.6159,0.69234,78556130.0,51577899.40701
2024-03-11 16:00:00,0.69234,0.74497,0.67841,0.7312,295396675.0,213161248.39062
2024-03-11 20:00:00,0.7312,0.73768,0.71127,0.7236,86199187.0,62407487.19152
2024-03-12 00:00:00,0.7236,0.73394,0.68792,0.68997,59032935.0,41796332.00914
2024-03-12 04:00:00,0.68997,0.7103,0.68563,0.70295,61918385.0,43104076.9776
2024-03-12 08:00:00,0.70295,0.70533,0.67761,0.70145,74512792.0,51684846.77079
2024-03-12 12:00:00,0.70145,0.71428,0.68727,0.70322,82151878.0,57399339.58699
2024-03-12 16:00:00,0.70322,0.70428,0.65811,0.69159,84916989.0,57832114.97231
2024-03-12 20:00:00,0.69159,0.69159,0.68274,0.6883,11148927.0,7655792.43444
2024-03-13 00:00:00,0.6883,0.70047,0.68214,0.69914,26648325.0,18432523.285
2024-03-13 04:00:00,0.69914,0.70289,0.69398,0.69641,18016713.0,12570137.79219
2024-03-13 08:00:00,0.69641,0.69944,0.6875,0.68933,24537183.0,17012845.53423
2024-03-13 12:00:00,0.68933,0.69142,0.66849,0.67726,43154977.0,29334790.25871
2024-03-13 16:00:00,0.67726,0.68945,0.67401,0.68505,16188782.0,11051502.21148
2024-03-13 20:00:00,0.68505,0.69212,0.6805,0.68948,13739784.0,9425371.76977
2024-03-14 00:00:00,0.68948,0.6901,0.68082,0.68569,13444387.0,9207847.35483
2024-03-14 04:00:00,0.68569,0.68629,0.67312,0.68119,21888131.0,14879905.3806
2024-03-14 08:00:00,0.68119,0.70819,0.67718,0.68595,53810773.0,37181937.96724
2024-03-14 12:00:00,0.68595,0.6907,0.65994,0.6692,68174148.0,46008711.32222
2024-03-14 16:00:00,0.6692,0.67833,0.63801,0.65168,49144313.0,32339543.94505
2024-03-14 20:00:00,0.65168,0.67393,0.65103,0.6695,19989621.0,13325277.89661
2024-03-15 00:00:00,0.6695,0.67623,0.60802,0.63684,64299167.0,41264359.48819
2024-03-15 04:00:00,0.63684,0.64064,0.62307,0.63584,30895014.0,19545418.8435
2024-03-15 08:00:00,0.63584,0.63712,0.594,0.62248,66216388.0,40703895.3246
2024-03-15 12:00:00,0.62248,0.6321,0.61871,0.62736,21874216.0,13694657.94749
2024-03-15 16:00:00,0.62736,0.64479,0.6188,0.63082,21214661.0,13392578.90371
2024-03-15 20:00:00,0.63082,0.6375,0.61919,0.63431,10957878.0,6881927.02258
2024-03-16 00:00:00,0.63431,0.64758,0.6333,0.64133,15301394.0,9794258.14365
2024-03-16 04:00:00,0.64133,0.6427,0.6307,0.6404,13192281.0,8399570.70516
2024-03-16 08:00:00,0.6404,0.6427,0.6242,0.63058,16452564.0,10434008.79636
2024-03-16 12:00:00,0.63058,0.63122,0.61256,0.62474,23943629.0,14867716.18375
2024-03-16 16:00:00,0.62474,0.62563,0.59695,0.60709,31283934.0,19082683.96927
2024-03-16 20:00:00,0.60709,0.61503,0.59187,0.603,22757737.0,13718919.51258
2024-03-17 00:00:00,0.603,0.616,0.59982,0.6154,14541275.0,8863927.41094
2024-03-17 04:00:00,0.6154,0.6155,0.5863,0.6006,23470989.0,14087552.73633
2024-03-17 08:00:00,0.6006,0.62032,0.59697,0.61469,17886214.0,10945638.02621
2024-03-17 12:00:00,0.61469,0.62219,0.60581,0.62068,14228853.0,8745492.43138
2024-03-17 16:00:00,0.62068,0.62442,0.61775,0.62223,9269466.0,5759625.70444
2024-03-17 20:00:00,0.62223,0.62493,0.61651,0.61931,9471738.0,5876741.17941
2024-03-18 00:00:00,0.61931,0.62488,0.60229,0.6206,17040478.0,10434497.62138
2024-03-18 04:00:00,0.6206,0.62832,0.61636,0.62166,15695900.0,9777071.02658
2024-03-18 08:00:00,0.62166,0.62172,0.60801,0.61205,21503796.0,13174629.82712
2024-03-18 12:00:00,0.61205,0.61378,0.59715,0.60658,31764041.0,19213668.40695
2024-03-18 16:00:00,0.60658,0.61091,0.59417,0.60385,16557847.0,9988268.38392
2024-03-18 20:00:00,0.60385,0.66829,0.60371,0.64511,64319365.0,41384014.48283
2024-03-19 00:00:00,0.64511,0.64908,0.60446,0.61509,54327379.0,33897105.7214
2024-03-19 04:00:00,0.61509,0.61633,0.57734,0.59934,47720802.0,28408133.15497
2024-03-19 08:00:00,0.59934,0.59986,0.57058,0.59034,44171286.0,25785678.98665
2024-03-19 12:00:00,0.59034,0.6071,0.58854,0.60582,20960217.0,12498461.97336
2024-03-19 16:00:00,0.60582,0.611,0.60148,0.60695,13438274.0,8148988.57498
2024-03-19 20:00:00,0.60695,0.60785,0.57535,0.58464,29675047.0,17501511.91289
2024-03-20 00:00:00,0.58464,0.59484,0.57926,0.58347,22037881.0,12937355.80528
2024-03-20 04:00:00,0.58347,0.5963,0.56829,0.5949,30730896.0,17863593.09184
2024-03-20 08:00:00,0.5949,0.59969,0.59029,0.59658,16139369.0,9595463.86414
2024-03-20 12:00:00,0.59658,0.60049,0.58466,0.58648,15893099.0,9447254.19586
2024-03-20 16:00:00,0.58648,0.60868,0.568,0.60629,29899110.0,17527388.44352
2024-03-20 20:00:00,0.60629,0.61853,0.6045,0.6112,20898971.0,12811571.37739
2024-03-21 00:00:00,0.6112,0.61369,0.60462,0.6073,11536143.0,7020660.27812
2024-03-21 04:00:00,0.6073,0.60919,0.59708,0.60477,20062335.0,12144131.22432
2024-03-21 08:00:00,0.60477,0.6244,0.6046,0.61797,24070334.0,14838906.91319
2024-03-21 12:00:00,0.61797,0.65474,0.6135,0.63653,53750205.0,34114139.41011
2024-03-21 16:00:00,0.63653,0.6465,0.628,0.63591,41464495.0,26443916.6782
2024-03-21 20:00:00,0.63591,0.64274,0.62898,0.64071,16334719.0,10418498.06945
2024-03-22 00:00:00,0.64071,0.64569,0.62209,0.63626,27075865.0,17119281.36308
2024-03-22 04:00:00,0.63626,0.63898,0.6295,0.63516,18232159.0,11572591.00757
2024-03-22 08:00:00,0.63516,0.6383,0.61363,0.61591,27755301.0,17356829.88228
2024-03-22 12:00:00,0.61591,0.62211,0.5988,0.61057,35129331.0,21440634.22542
2024-03-22 16:00:00,0.61057,0.61456,0.60372,0.6124,9923690.0,6044860.25802
2024-03-22 20:00:00,0.6124,0.61508,0.60444,0.61197,10331387.0,6299599.16074
2024-03-23 00:00:00,0.61197,0.61698,0.60318,0.60873,8503924.0,5195933.04763
2024-03-23 04:00:00,0.60873,0.61828,0.60834,0.61624,8530199.0,5232166.91003
2024-03-23 08:00:00,0.61624,0.62133,0.61474,0.6194,5327420.0,3292343.84042
2024-03-23 12:00:00,0.6194,0.6326,0.61883,0.628,20468210.0,12828166.69619
2024-03-23 16:00:00,0.628,0.63157,0.62433,0.62455,7289301.0,4573260.67341
2024-03-23 20:00:00,0.62455,0.62578,0.6156,0.61643,8226872.0,5114355.63291
2024-03-24 00:00:00,0.61643,0.62199,0.61378,0.61511,7877636.0,4868882.41347
2024-03-24 04:00:00,0.61511,0.63388,0.61348,0.62696,17486124.0,10924412.48327
2024-03-24 08:00:00,0.62696,0.63388,0.62575,0.63089,12113948.0,7644556.23598
2024-03-24 12:00:00,0.63089,0.63453,0.62698,0.6317,15377627.0,9703325.75046
2024-03-24 16:00:00,0.6317,0.63257,0.62353,0.6301,10806821.0,6790694.65677
2024-03-24 20:00:00,0.6301,0.63588,0.62851,0.63271,9656911.0,6113960.94777
2024-03-25 00:00:00,0.63271,0.63382,0.62876,0.63165,5609911.0,3541437.45891
2024-03-25 04:00:00,0.63165,0.63745,0.62771,0.62931,14186247.0,8979368.42459
2024-03-25 08:00:00,0.62931,0.6344,0.6265,0.62719,12048931.0,7595987.62574
2024-03-25 12:00:00,0.62719,0.6462,0.62702,0.64203,24502207.0,15632917.29649
2024-03-25 16:00:00,0.64203,0.66283,0.63562,0.65545,43730171.0,28351462.43784
2024-03-25 20:00:00,0.65545,0.65833,0.638,0.64046,18536213.0,11996824.78101
2024-03-26 00:00:00,0.64046,0.64803,0.63932,0.64396,8408190.0,5417683.72174
2024-03-26 04:00:00,0.64396,0.65302,0.6435,0.64688,15636820.0,10125351.00432
2024-03-26 08:00:00,0.64688,0.6506,0.64338,0.6445,14526915.0,9396127.20649
2024-03-26 12:00:00,0.6445,0.64541,0.62586,0.63457,33447348.0,21274812.14841
2024-03-26 16:00:00,0.63457,0.63601,0.62504,0.6299,15292562.0,9644796.46151
2024-03-26 20:00:00,0.6299,0.6344,0.6298,0.63219,7009391.0,4433953.83445
2024-03-27 00:00:00,0.63219,0.63516,0.62903,0.63204,9377028.0,5928358.37836
2024-03-27 04:00:00,0.63204,0.6329,0.61813,0.62061,18607021.0,11647187.06435
2024-03-27 08:00:00,0.62061,0.62361,0.61143,0.62214,19631980.0,12146484.96364
2024-03-27 12:00:00,0.62214,0.6301,0.60548,0.611,36165146.0,22350329.81153
2024-03-27 16:00:00,0.611,0.6182,0.60718,0.61453,10309130.0,6317171.49248
2024-03-27 20:00:00,0.61453,0.61631,0.60878,0.61198,6699831.0,4106237.13688
2024-03-28 00:00:00,0.61198,0.61649,0.6035,0.60962,14117417.0,8612885.34665
2024-03-28 04:00:00,0.60962,0.62444,0.6093,0.62248,13270962.0,8192449.92784
2024-03-28 08:00:00,0.62248,0.6251,0.61899,0.6218,12780836.0,7958000.7903
2024-03-28 12:00:00,0.6218,0.62489,0.61718,0.62277,13247232.0,8235477.02536
2024-03-28 16:00:00,0.62277,0.63742,0.6199,0.6277,31429044.0,19826792.59304
2024-03-28 20:00:00,0.6277,0.63038,0.62328,0.62485,10469537.0,6563507.8239
2024-03-29 00:00:00,0.62485,0.62586,0.61975,0.62146,10656129.0,6631592.89741
2024-03-29 04:00:00,0.62146,0.62376,0.609,0.61059,14600878.0,9009880.04964
2024-03-29 08:00:00,0.61059,0.63187,0.61051,0.6296,19643623.0,12197157.41182
2024-03-29 12:00:00,0.6296,0.64597,0.62057,0.6248,34428412.0,21815334.31957
2024-03-29 16:00:00,0.6248,0.6366,0.62386,0.62647,14174481.0,8924230.3533
2024-03-29 20:00:00,0.62647,0.6326,0.62082,0.63039,8986593.0,5629059.44905
2024-03-30 00:00:00,0.63039,0.632,0.624,0.6257,6228201.0,3911254.05891
2024-03-30 04:00:00,0.6257,0.62839,0.62236,0.62271,5835445.0,3648695.18102
2024-03-30 08:00:00,0.62271,0.62811,0.62096,0.62765,5985570.0,3737641.26589
2024-03-30 12:00:00,0.62765,0.63779,0.62564,0.62918,17574395.0,11095198.08764
2024-03-30 16:00:00,0.62918,0.63352,0.62312,0.62731,10935139.0,6886581.00466
2024-03-30 20:00:00,0.62731,0.62811,0.61785,0.62141,8734472.0,5431162.35631
2024-03-31 00:00:00,0.62141,0.6261,0.6208,0.62271,8031097.0,5010930.02625
2024-03-31 04:00:00,0.62271,0.62849,0.62163,0.62757,6365835.0,3982204.50845
2024-03-31 08:00:00,0.62757,0.62923,0.62519,0.62698,6298060.0,3947628.10007
2024-03-31 12:00:00,0.62698,0.62903,0.62589,0.62672,7724678.0,4846915.48614
2024-03-31 16:00:00,0.62672,0.63064,0.62522,0.62935,6421365.0,4029425.90629
2024-03-31 20:00:00,0.62935,0.6301,0.62548,0.62939,5517387.0,3465223.34705
2024-04-01 00:00:00,0.62939,0.63419,0.62743,0.6278,9372371.0,5905559.65966
2024-04-01 04:00:00,0.6278,0.62938,0.5993,0.6157,34663372.0,21232658.39575
2024-04-01 08:00:00,0.6157,0.6157,0.60725,0.60968,17435781.0,10647356.46506
2024-04-01 12:00:00,0.60968,0.6149,0.59465,0.59988,28722035.0,17363401.5418
2024-04-01 16:00:00,0.59988,0.61182,0.59847,0.61127,12226307.0,7398769.32733
2024-04-01 20:00:00,0.61127,0.61467,0.61041,0.61128,7018187.0,4298525.67708
2024-04-02 00:00:00,0.61128,0.61842,0.58318,0.5956,44333560.0,26729224.92471
2024-04-02 04:00:00,0.5956,0.60366,0.59357,0.59973,16403530.0,9832437.86746
2024-04-02 08:00:00,0.59973,0.602,0.58026,0.58874,28916059.0,17054235.9164
2024-04-02 12:00:00,0.58874,0.59359,0.57925,0.58148,17041501.0,9998788.41442
2024-04-02 16:00:00,0.58148,0.59335,0.57958,0.59096,10576680.0,6227725.78509
2024-04-02 20:00:00,0.59096,0.59433,0.5842,0.58547,9021377.0,5315682.48004
2024-04-03 00:00:00,0.58547,0.588,0.56625,0.58531,26791045.0,15478951.31133
2024-04-03 04:00:00,0.58531,0.5912,0.58308,0.5882,11877476.0,6971713.18129
2024-04-03 08:00:00,0.5882,0.59302,0.58062,0.58296,15540531.0,9129914.32958
2024-04-03 12:00:00,0.58296,0.58553,0.57591,0.58013,12618249.0,7336932.07474
2024-04-03 16:00:00,0.58013,0.58448,0.57245,0.57558,8008008.0,4633943.8666
2024-04-03 20:00:00,0.57558,0.57668,0.5665,0.57422,11861601.0,6773943.74593
2024-04-04 00:00:00,0.57422,0.57854,0.56526,0.56871,12587435.0,7188194.0009
2024-04-04 04:00:00,0.56871,0.57673,0.56243,0.57349,14411424.0,8210598.89711
2024-04-04 08:00:00,0.57349,0.5795,0.57281,0.57514,8428078.0,4858626.83575
2024-04-04 12:00:00,0.57514,0.6169,0.57514,0.59406,86259526.0,51739743.26338
2024-04-04 16:00:00,0.59406,0.605,0.594,0.59613,18123975.0,10859502.6382
2024-04-04 20:00:00,0.59613,0.5967,0.5849,0.59366,12034435.0,7098173.89147
2024-04-05 00:00:00,0.59366,0.594,0.57889,0.58808,15003451.0,8791405.68222
2024-04-05 04:00:00,0.58808,0.58808,0.57604,0.58185,17785990.0,10348513.79185
2024-04-05 08:00:00,0.58185,0.58769,0.57153,0.5723,14441633.0,8347280.51935
2024-04-05 12:00:00,0.5723,0.58334,0.5684,0.58334,14594715.0,8409490.32634
2024-04-05 16:00:00,0.58334,0.59103,0.58062,0.58863,7719879.0,4518920.63617
2024-04-05 20:00:00,0.58863,0.5912,0.58622,0.58706,6160798.0,3625319.0359
2024-04-06 00:00:00,0.58706,0.59072,0.5855,0.58939,5071528.0,2984237.87801
2024-04-06 04:00:00,0.58939,0.5924,0.58868,0.58984,5247019.0,3098875.27423
2024-04-06 08:00:00,0.58984,0.5924,0.58724,0.58788,5451705.0,3214390.18236
2024-04-06 12:00:00,0.58788,0.59684,0.58678,0.59412,7529730.0,4450944.57242
2024-04-06 16:00:00,0.59412,0.59479,0.58834,0.59071,5008246.0,2962421.69984
2024-04-06 20:00:00,0.59071,0.59876,0.58888,0.59293,8368474.0,4964691.85184
2024-04-07 00:00:00,0.59293,0.59799,0.59246,0.59491,5241550.0,3121135.07854
2024-04-07 04:00:00,0.59491,0.59676,0.59414,0.59569,5108581.0,3042245.8307
2024-04-07 08:00:00,0.59569,0.59884,0.595,0.59734,5354349.0,3195947.37197
2024-04-07 12:00:00,0.59734,0.60261,0.59503,0.59633,12168264.0,7283958.60479
2024-04-07 16:00:00,0.59633,0.60075,0.58888,0.59089,8445296.0,5019009.47718
2024-04-07 20:00:00,0.59089,0.5951,0.58958,0.59445,5844116.0,3466252.54742
2024-04-08 00:00:00,0.59445,0.59455,0.58819,0.59188,8338101.0,4929844.09139
2024-04-08 04:00:00,0.59188,0.60499,0.58956,0.60176,14328827.0,8559373.06534
2024-04-08 08:00:00,0.60176,0.61189,0.60093,0.60764,19417670.0,11785266.09379
2024-04-08 12:00:00,0.60764,0.619,0.60273,0.61531,27971443.0,17121885.39064
2024-04-08 16:00:00,0.61531,0.62652,0.6148,0.62482,20285729.0,12627329.18166
2024-04-08 20:00:00,0.62482,0.62585,0.6151,0.61515,8687741.0,5379257.9291
2024-04-09 00:00:00,0.61515,0.6171,0.61205,0.61376,9314739.0,5726136.63768
2024-04-09 04:00:00,0.61376,0.62066,0.6073,0.60869,19327891.0,11875143.5696
2024-04-09 08:00:00,0.60869,0.6264,0.60127,0.6241,20366833.0,12445381.3928
2024-04-09 12:00:00,0.6241,0.64367,0.61135,0.62211,68956531.0,43397673.72229
2024-04-09 16:00:00,0.62211,0.62509,0.61072,0.62459,21686049.0,13452333.47313
2024-04-09 20:00:00,0.62459,0.62773,0.60972,0.61396,14132559.0,8772101.87143
2024-04-10 00:00:00,0.61396,0.61553,0.60056,0.60673,19693582.0,11970647.8159
2024-04-10 04:00:00,0.60673,0.6163,0.60581,0.61454,16664478.0,10196588.71626
2024-04-10 08:00:00,0.61454,0.61643,0.60536,0.6127,24265524.0,14842187.68492
2024-04-10 12:00:00,0.6127,0.61378,0.59165,0.6076,34631560.0,20856392.24629
2024-04-10 16:00:00,0.6076,0.62014,0.60411,0.61867,13336649.0,8180495.7808
2024-04-10 20:00:00,0.61867,0.62033,0.61254,0.6171,15325393.0,9460628.20398
2024-04-11 00:00:00,0.6171,0.62114,0.6148,0.62,7811671.0,4832861.05267
2024-04-11 04:00:00,0.62,0.62103,0.61392,0.6192,10878750.0,6721710.20773
2024-04-11 08:00:00,0.6192,0.6212,0.60767,0.60927,18102034.0,11121357.20183
2024-04-11 12:00:00,0.60927,0.61561,0.60541,0.60826,13902208.0,8480620.43337
2024-04-11 16:00:00,0.60826,0.61271,0.60268,0.61229,10001530.0,6076513.81218
2024-04-11 20:00:00,0.61229,0.61399,0.6066,0.60867,7378171.0,4497636.43572
2024-04-12 00:00:00,0.60867,0.61189,0.60682,0.61173,9429396.0,5740851.00556
2024-04-12 04:00:00,0.61173,0.61556,0.60863,0.61013,12122115.0,7414731.13486
2024-04-12 08:00:00,0.61013,0.61265,0.60668,0.60843,8083941.0,4925078.64731
2024-04-12 12:00:00,0.60843,0.60848,0.59131,0.59374,25825156.0,15431927.5098
2024-04-12 16:00:00,0.59374,0.59687,0.49,0.53589,131164759.0,71925904.2653
2024-04-12 20:00:00,0.53589,0.5486,0.53365,0.54665,16025539.0,8713628.34812
2024-04-13 00:00:00,0.54665,0.5472,0.52793,0.5427,16291591.0,8765217.15622
2024-04-13 04:00:00,0.5427,0.54863,0.54102,0.54214,7992865.0,4354834.47649
2024-04-13 08:00:00,0.54214,0.54593,0.5386,0.54177,8596440.0,4655908.00849
2024-04-13 12:00:00,0.54177,0.54789,0.54037,0.54277,8807378.0,4793981.7531
2024-04-13 16:00:00,0.54277,0.54348,0.4705,0.4914,65076568.0,33278915.83316
2024-04-13 20:00:00,0.4914,0.49567,0.40776,0.47832,111588785.0,50838071.12566
2024-04-14 00:00:00,0.47832,0.48295,0.4636,0.4699,30090941.0,14223645.52598
2024-04-14 04:00:00,0.4699,0.49847,0.46773,0.49527,23317693.0,11353742.27595
2024-04-14 08:00:00,0.49527,0.49867,0.4797,0.4825,21473202.0,10468859.77462
2024-04-14 12:00:00,0.4825,0.49282,0.47883,0.48637,32812537.0,15906731.78833
2024-04-14 16:00:00,0.48637,0.49535,0.47248,0.48933,17968176.0,8740992.21365
2024-04-14 20:00:00,0.48933,0.507,0.48415,0.50297,20884812.0,10410220.60381
2024-04-15 00:00:00,0.50297,0.5043,0.49358,0.49773,10140045.0,5057321.19168
2024-04-15 04:00:00,0.49773,0.5181,0.49411,0.51348,14598427.0,7425839.7239
2024-04-15 08:00:00,0.51348,0.51852,0.51023,0.51084,15883303.0,8168173.45419
2024-04-15 12:00:00,0.51084,0.51414,0.48761,0.4965,25462239.0,12801353.50504
2024-04-15 16:00:00,0.4965,0.49958,0.48034,0.49693,24657446.0,12070302.20696
2024-04-15 20:00:00,0.49693,0.4999,0.48807,0.49706,8404809.0,4153882.66321
2024-04-16 00:00:00,0.49706,0.49769,0.4853,0.4886,12578476.0,6176546.47722
2024-04-16 04:00:00,0.4886,0.50147,0.47503,0.49809,28745306.0,14126449.586
2024-04-16 08:00:00,0.49809,0.4991,0.47759,0.49069,50437783.0,24665764.57688
2024-04-16 12:00:00,0.49069,0.4919,0.48039,0.48721,24162637.0,11737019.96975
2024-04-16 16:00:00,0.48721,0.49693,0.4864,0.49114,26822605.0,13209132.35902
2024-04-16 20:00:00,0.49114,0.49831,0.49052,0.49572,8875020.0,4400363.23258
2024-04-17 00:00:00,0.49572,0.49722,0.49154,0.49696,6605933.0,3268800.71374
2024-04-17 04:00:00,0.49696,0.50731,0.49486,0.50349,14763755.0,7380714.39206
2024-04-17 08:00:00,0.50349,0.50504,0.48666,0.48691,19199348.0,9512918.50766
2024-04-17 12:00:00,0.48691,0.49313,0.4727,0.47731,40549400.0,19619627.92054
2024-04-17 16:00:00,0.47731,0.50163,0.4712,0.49813,20986486.0,10268227.92822
2024-04-17 20:00:00,0.49813,0.49906,0.48991,0.49452,15178130.0,7496976.58313
2024-04-18 00:00:00,0.49452,0.49906,0.48664,0.4968,12650138.0,6240213.8048
2024-04-18 04:00:00,0.4968,0.4978,0.48718,0.48954,11211958.0,5516926.32979
2024-04-18 08:00:00,0.48954,0.49834,0.48504,0.495,15740704.0,7728561.98115
2024-04-18 12:00:00,0.495,0.50521,0.48734,0.50007,18917600.0,9388013.37936
2024-04-18 16:00:00,0.50007,0.5031,0.49313,0.50217,11238849.0,5606790.64013
2024-04-18 20:00:00,0.50217,0.50334,0.50011,0.50183,4707183.0,2361295.42514
2024-04-19 00:00:00,0.50183,0.50194,0.46569,0.4842,42446009.0,20415921.27086
2024-04-19 04:00:00,0.4842,0.50357,0.4825,0.49491,26429553.0,13021547.17617
2024-04-19 08:00:00,0.49491,0.5028,0.49418,0.50088,14444383.0,7206797.50479
2024-04-19 12:00:00,0.50088,0.50292,0.49268,0.50261,13075867.0,6516658.75371
2024-04-19 16:00:00,0.50261,0.50697,0.49662,0.50594,8362359.0,4202672.17264
2024-04-19 20:00:00,0.50594,0.51042,0.49551,0.5024,12407431.0,6250475.25419
2024-04-20 00:00:00,0.5024,0.51429,0.49766,0.51107,11234977.0,5695574.88156
2024-04-20 04:00:00,0.51107,0.51586,0.50968,0.51349,10318684.0,5289436.34239
2024-04-20 08:00:00,0.51349,0.52556,0.5117,0.51945,23036607.0,11949327.00947
2024-04-20 12:00:00,0.51945,0.52131,0.5145,0.52079,12774429.0,6603168.22147
2024-04-20 16:00:00,0.52079,0.5296,0.51897,0.52647,11045168.0,5794200.92993
2024-04-20 20:00:00,0.52647,0.5296,0.52481,0.52837,8103700.0,4278719.7707
2024-04-21 00:00:00,0.52837,0.52954,0.521,0.52633,11269549.0,5921689.0426
2024-04-21 04:00:00,0.52633,0.53502,0.52484,0.5332,10403466.0,5517068.76435
2024-04-21 08:00:00,0.5332,0.53623,0.52723,0.52982,11840127.0,6286442.11926
2024-04-21 12:00:00,0.52982,0.53041,0.52263,0.52693,11512073.0,6055421.65865
2024-04-21 16:00:00,0.52693,0.52757,0.5176,0.52274,12065829.0,6300470.4606
2024-04-21 20:00:00,0.52274,0.5289,0.521,0.52393,5407833.0,2839877.90262
2024-04-22 00:00:00,0.52393,0.53589,0.52179,0.53272,12651120.0,6671361.21242
2024-04-22 04:00:00,0.53272,0.53928,0.53125,0.53167,14039427.0,7516452.89067
2024-04-22 08:00:00,0.53167,0.5351,0.52995,0.53247,8848880.0,4709222.94158
2024-04-22 12:00:00,0.53247,0.54318,0.53049,0.5381,12192822.0,6532956.46846
2024-04-22 16:00:00,0.5381,0.55331,0.53767,0.55062,20031140.0,10952102.83865
2024-04-22 20:00:00,0.55062,0.57115,0.55062,0.5554,24311664.0,13606230.0377
2024-04-23 00:00:00,0.5554,0.55699,0.5465,0.54857,12935959.0,7145822.45843
2024-04-23 04:00:00,0.54857,0.55123,0.54461,0.54874,9205486.0,5047218.89228
2024-04-23 08:00:00,0.54874,0.55049,0.541,0.54323,19970937.0,10895906.44009
2024-04-23 12:00:00,0.54323,0.54881,0.54158,0.54582,11861466.0,6474901.59808
2024-04-23 16:00:00,0.54582,0.5544,0.54511,0.55411,9774013.0,5377456.81168
2024-04-23 20:00:00,0.55411,0.55425,0.54278,0.54406,12796586.0,7026980.54948
2024-04-24 00:00:00,0.54406,0.54744,0.54026,0.54619,10342641.0,5623235.98241
2024-04-24 04:00:00,0.54619,0.55113,0.54451,0.54882,11386857.0,6242780.01431
2024-04-24 08:00:00,0.54882,0.5515,0.54191,0.54414,13763400.0,7508582.16351
2024-04-24 12:00:00,0.54414,0.54549,0.52352,0.52577,34620996.0,18455814.97594
2024-04-24 16:00:00,0.52577,0.53739,0.52482,0.53654,15989125.0,8509098.73845
2024-04-24 20:00:00,0.53654,0.5375,0.5208,0.52699,16383519.0,8652727.06771
2024-04-25 00:00:00,0.52699,0.5303,0.51863,0.52511,14471943.0,7611658.68159
2024-04-25 04:00:00,0.52511,0.5286,0.518,0.52199,12376979.0,6485480.6276
2024-04-25 08:00:00,0.52199,0.5265,0.5151,0.5186,27627099.0,14325307.98568
2024-04-25 12:00:00,0.5186,0.525,0.51283,0.52403,14850882.0,7700879.09571
2024-04-25 16:00:00,0.52403,0.53113,0.52293,0.53001,7271348.0,3834381.62422
2024-04-25 20:00:00,0.53001,0.53216,0.52353,0.5249,10000544.0,5290594.53384
2024-04-26 00:00:00,0.5249,0.52912,0.51662,0.5271,10255456.0,5362416.44856
2024-04-26 04:00:00,0.5271,0.5356,0.52445,0.52548,14058046.0,7450306.45411
2024-04-26 08:00:00,0.52548,0.52702,0.52025,0.52226,12068788.0,6323057.80496
2024-04-26 12:00:00,0.52226,0.5258,0.51355,0.51981,21650825.0,11270278.85434
2024-04-26 16:00:00,0.51981,0.5276,0.51875,0.52615,6745910.0,3533894.55225
2024-04-26 20:00:00,0.52615,0.52938,0.52195,0.52551,6616512.0,3478094.54701
2024-04-27 00:00:00,0.52551,0.526,0.50622,0.51828,21779498.0,11231453.55524
2024-04-27 04:00:00,0.51828,0.51987,0.51411,0.51421,6373276.0,3295441.37805
2024-04-27 08:00:00,0.51421,0.5153,0.51015,0.51293,7443003.0,3820091.47951
2024-04-27 12:00:00,0.51293,0.5186,0.51214,0.51522,5434581.0,2803196.25052
2024-04-27 16:00:00,0.51522,0.52262,0.5144,0.51975,6681978.0,3466136.82755
2024-04-27 20:00:00,0.51975,0.52007,0.5165,0.51744,2572856.0,1332306.0505
2024-04-28 00:00:00,0.51744,0.52412,0.51701,0.52225,3517378.0,1833337.49445
2024-04-28 04:00:00,0.52225,0.52492,0.52082,0.52296,3813005.0,1993784.27712
2024-04-28 08:00:00,0.52296,0.5235,0.516,0.51683,8823958.0,4582068.46798
2024-04-28 12:00:00,0.51683,0.52038,0.51666,0.51958,4142302.0,2148881.8762
2024-04-28 16:00:00,0.51958,0.52132,0.51826,0.5188,4454670.0,2313071.75273
2024-04-28 20:00:00,0.5188,0.51936,0.5079,0.50978,9894410.0,5088483.32505
2024-04-29 00:00:00,0.50978,0.51379,0.50231,0.5032,11124947.0,5664086.20004
2024-04-29 04:00:00,0.5032,0.50762,0.49777,0.50196,23536176.0,11825114.05102
2024-04-29 08:00:00,0.50196,0.50848,0.49916,0.50526,9753310.0,4924464.28843
2024-04-29 12:00:00,0.50526,0.51333,0.5024,0.5118,13748714.0,6989238.34577
2024-04-29 16:00:00,0.5118,0.51732,0.5108,0.51564,10281220.0,5290006.74415
2024-04-29 20:00:00,0.51564,0.51692,0.50918,0.51454,11040619.0,5668243.39703
2024-04-30 00:00:00,0.51454,0.51942,0.50707,0.5143,13363030.0,6864516.48546
2024-04-30 04:00:00,0.5143,0.51712,0.50966,0.50978,10341719.0,5304639.3713
2024-04-30 08:00:00,0.50978,0.5104,0.49456,0.49653,37264916.0,18671893.81102
2024-04-30 12:00:00,0.49653,0.50038,0.48713,0.49558,25799772.0,12751314.38368
2024-04-30 16:00:00,0.49558,0.49865,0.48704,0.49558,12722270.0,6276972.53753
2024-04-30 20:00:00,0.49558,0.50163,0.49558,0.50025,8985184.0,4485936.96799
2024-05-01 00:00:00,0.50025,0.5035,0.49534,0.50283,8453653.0,4224460.59497
2024-05-01 04:00:00,0.50283,0.50419,0.48454,0.49035,21383702.0,10545201.95168
2024-05-01 08:00:00,0.49035,0.4951,0.47769,0.4936,21380007.0,10419166.30096
2024-05-01 12:00:00,0.4936,0.49915,0.49203,0.49838,11041584.0,5473442.50352
2024-05-01 16:00:00,0.49838,0.52097,0.4976,0.51,25145342.0,12823286.84804
2024-05-01 20:00:00,0.51,0.51891,0.50708,0.51713,11462767.0,5897377.94944
2024-05-02 00:00:00,0.51713,0.5196,0.50745,0.51048,10930563.0,5613297.26975
2024-05-02 04:00:00,0.51048,0.51423,0.50639,0.51311,8760066.0,4470181.90609
2024-05-02 08:00:00,0.51311,0.51797,0.51054,0.51703,11306520.0,5817437.75505
2024-05-02 12:00:00,0.51703,0.52183,0.51218,0.51946,19701796.0,10183472.04498
2024-05-02 16:00:00,0.51946,0.52328,0.51754,0.52255,8543926.0,4443989.89689
2024-05-02 20:00:00,0.52255,0.52413,0.51718,0.5175,8303466.0,4324489.21595
2024-05-03 00:00:00,0.5175,0.52246,0.51531,0.52163,7144179.0,3708788.71245
2024-05-03 04:00:00,0.52163,0.5221,0.51665,0.51788,13571539.0,7040789.05436
2024-05-03 08:00:00,0.51788,0.52618,0.51415,0.5157,12652982.0,6571425.49901
2024-05-03 12:00:00,0.5157,0.52722,0.51485,0.5261,15499618.0,8097811.34436
2024-05-03 16:00:00,0.5261,0.5306,0.5246,0.53,6213505.0,3273598.31015
2024-05-03 20:00:00,0.53,0.53593,0.5289,0.53115,10707565.0,5698233.45593
2024-05-04 00:00:00,0.53115,0.53237,0.52644,0.52906,6631005.0,3509080.47602
2024-05-04 04:00:00,0.52906,0.53068,0.52698,0.5273,4706781.0,2488930.01739
2024-05-04 08:00:00,0.5273,0.53698,0.52712,0.53389,8721336.0,4647631.41901
2024-05-04 12:00:00,0.53389,0.54049,0.53327,0.53559,10959552.0,5876467.05819
2024-05-04 16:00:00,0.53559,0.53568,0.53114,0.53295,6390146.0,3406205.31123
2024-05-04 20:00:00,0.53295,0.53479,0.52828,0.52961,6726641.0,3568326.39415
2024-05-05 00:00:00,0.52961,0.53048,0.52348,0.5274,9002437.0,4743209.06151
2024-05-05 04:00:00,0.5274,0.5294,0.52584,0.52801,5630133.0,2969932.83763
2024-05-05 08:00:00,0.52801,0.53158,0.52738,0.52906,7136310.0,3776254.76065
2024-05-05 12:00:00,0.52906,0.53198,0.52575,0.53117,9108138.0,4813295.62978
2024-05-05 16:00:00,0.53117,0.53298,0.52808,0.52966,7054998.0,3739902.47982
2024-05-05 20:00:00,0.52966,0.53008,0.52698,0.52906,3780715.0,1999533.26724
2024-05-06 00:00:00,0.52906,0.53276,0.528,0.53119,5495500.0,2916168.80296
2024-05-06 04:00:00,0.53119,0.53957,0.53013,0.5394,11553390.0,6177132.50479
2024-05-06 08:00:00,0.5394,0.54708,0.53062,0.53468,28085368.0,15168628.49743
2024-05-06 12:00:00,0.53468,0.55888,0.52415,0.55879,30514204.0,16296605.51436
2024-05-06 16:00:00,0.55879,0.56964,0.54183,0.54621,58685038.0,32454129.73829
2024-05-06 20:00:00,0.54621,0.5475,0.53858,0.5399,11367915.0,6166152.91273
2024-05-07 00:00:00,0.5399,0.54379,0.5326,0.53835,13402272.0,7226573.33073
2024-05-07 04:00:00,0.53835,0.53965,0.53101,0.5374,12296490.0,6582235.02958
2024-05-07 08:00:00,0.5374,0.543,0.534,0.53419,15159893.0,8177750.07067
2024-05-07 12:00:00,0.53419,0.54155,0.5335,0.53969,13968405.0,7502545.75218
2024-05-07 16:00:00,0.53969,0.54196,0.53486,0.53545,9815851.0,5291566.91154
2024-05-07 20:00:00,0.53545,0.53722,0.52111,0.52404,20995090.0,11094618.73933
2024-05-08 00:00:00,0.52404,0.52598,0.51821,0.52509,10616786.0,5548081.98847
2024-05-08 04:00:00,0.52509,0.5266,0.51689,0.52045,17754664.0,9244560.26951
2024-05-08 08:00:00,0.52045,0.52311,0.51805,0.5193,15983807.0,8323175.58229
2024-05-08 12:00:00,0.5193,0.52921,0.51745,0.52697,18276049.0,9587689.11867
2024-05-08 16:00:00,0.52697,0.52913,0.52236,0.52489,6553549.0,3452455.63684
2024-05-08 20:00:00,0.52489,0.5262,0.51437,0.51658,15429579.0,7989670.20162
2024-05-09 00:00:00,0.51658,0.522,0.51645,0.52167,5268620.0,2738674.44856
2024-05-09 04:00:00,0.52167,0.52322,0.51406,0.51535,9674987.0,5023127.12831
2024-05-09 08:00:00,0.51535,0.519,0.50895,0.51336,19840091.0,10204825.32607
2024-05-09 12:00:00,0.51336,0.51737,0.50806,0.5165,16355891.0,8395656.5136
2024-05-09 16:00:00,0.5165,0.51935,0.5129,0.51902,7646900.0,3951416.84394
2024-05-09 20:00:00,0.51902,0.52138,0.51609,0.52046,9199927.0,4773361.18559
2024-05-10 00:00:00,0.52046,0.52049,0.51606,0.51698,6545399.0,3387685.90321
2024-05-10 04:00:00,0.51698,0.5183,0.51416,0.51712,9804188.0,5066418.50264
2024-05-10 08:00:00,0.51712,0.5173,0.51236,0.51586,9036986.0,4651235.05306
2024-05-10 12:00:00,0.51586,0.51671,0.49623,0.50083,36101567.0,18259136.60132
2024-05-10 16:00:00,0.50083,0.5058,0.49668,0.50464,15311042.0,7687538.87495
2024-05-10 20:00:00,0.50464,0.506,0.49915,0.50156,10847865.0,5445470.5865
2024-05-11 00:00:00,0.50156,0.5053,0.50126,0.50274,4248338.0,2136945.38054
2024-05-11 04:00:00,0.50274,0.50573,0.50198,0.505,4080215.0,2059151.77622
2024-05-11 08:00:00,0.505,0.50553,0.50005,0.50187,8037881.0,4037311.94512
2024-05-11 12:00:00,0.50187,0.50746,0.5014,0.50605,5321683.0,2686678.54667
2024-05-11 16:00:00,0.50605,0.50672,0.5051,0.50616,2070780.0,1047957.85005
2024-05-11 20:00:00,0.50616,0.50672,0.50384,0.50546,4755553.0,2404057.6028
2024-05-12 00:00:00,0.50546,0.5075,0.50454,0.50706,3544289.0,1793491.21569
2024-05-12 04:00:00,0.50706,0.50819,0.5026,0.50368,6094435.0,3082307.44124
2024-05-12 08:00:00,0.50368,0.50635,0.5026,0.50415,5643659.0,2846565.32304
2024-05-12 12:00:00,0.50415,0.50498,0.50283,0.50432,3648347.0,1838363.37126
2024-05-12 16:00:00,0.50432,0.50589,0.50005,0.50056,9459310.0,4750273.20918
2024-05-12 20:00:00,0.50056,0.50089,0.49501,0.49879,7519154.0,3750347.01973
2024-05-13 00:00:00,0.49879,0.50235,0.4861,0.49287,19427402.0,9580081.35775
2024-05-13 04:00:00,0.49287,0.5041,0.48966,0.50298,11554183.0,5732458.58415
2024-05-13 08:00:00,0.50298,0.50993,0.50006,0.50605,16727360.0,8441803.20964
2024-05-13 12:00:00,0.50605,0.50963,0.50386,0.50866,9898770.0,5014234.37134
2024-05-13 16:00:00,0.50866,0.51167,0.50407,0.50723,5821202.0,2957287.5209
2024-05-13 20:00:00,0.50723,0.50763,0.50237,0.50478,5909961.0,2983148.72722
2024-05-14 00:00:00,0.50478,0.5092,0.503,0.5065,5792308.0,2926960.57502
2024-05-14 04:00:00,0.5065,0.50753,0.49696,0.50529,11488539.0,5773782.60499
2024-05-14 08:00:00,0.50529,0.50893,0.503,0.50609,9144654.0,4627420.70889
2024-05-14 12:00:00,0.50609,0.51274,0.4972,0.50766,24155822.0,12178559.28857
2024-05-14 16:00:00,0.50766,0.50803,0.5018,0.50488,8696410.0,4391720.79998
2024-05-14 20:00:00,0.50488,0.5057,0.49776,0.49973,6436751.0,3220178.97184
2024-05-15 00:00:00,0.49973,0.50162,0.496,0.50103,5796682.0,2893662.41048
2024-05-15 04:00:00,0.50103,0.50205,0.49769,0.49938,11873691.0,5931147.79364
2024-05-15 08:00:00,0.49938,0.503,0.49728,0.50016,10949551.0,5472320.73641
2024-05-15 12:00:00,0.50016,0.51159,0.49779,0.51037,16255700.0,8225477.06288
2024-05-15 16:00:00,0.51037,0.51839,0.50939,0.5182,15203186.0,7812056.15925
2024-05-15 20:00:00,0.5182,0.51909,0.51598,0.51847,6010815.0,3111891.81701
2024-05-16 00:00:00,0.51847,0.51869,0.51518,0.5171,8848422.0,4573639.02319
2024-05-16 04:00:00,0.5171,0.52019,0.51611,0.5201,17650114.0,9144176.3319
2024-05-16 08:00:00,0.5201,0.52248,0.51581,0.51833,41165274.0,21335672.86146
2024-05-16 12:00:00,0.51833,0.5191,0.51184,0.51816,49441878.0,25496461.89363
2024-05-16 16:00:00,0.51816,0.52106,0.51578,0.51768,24228771.0,12556627.33477
2024-05-16 20:00:00,0.51768,0.51788,0.51284,0.51544,28977744.0,14926878.0425
2024-05-17 00:00:00,0.51544,0.51724,0.51323,0.51603,11966710.0,6164656.3686
2024-05-17 04:00:00,0.51603,0.52212,0.51452,0.5213,22466543.0,11649972.75978
2024-05-17 08:00:00,0.5213,0.52219,0.51758,0.52009,25165405.0,13091323.53113
2024-05-17 12:00:00,0.52009,0.52654,0.51915,0.52479,38963289.0,20379608.49061
2024-05-17 16:00:00,0.52479,0.5285,0.52078,0.52359,23819404.0,12502643.77257
2024-05-17 20:00:00,0.52359,0.52421,0.52137,0.52293,11690033.0,6112582.96851
2024-05-18 00:00:00,0.52293,0.52399,0.52101,0.52373,12885362.0,6731790.08958
2024-05-18 04:00:00,0.52373,0.52393,0.52168,0.52249,10560911.0,5522103.55974
2024-05-18 08:00:00,0.52249,0.52531,0.52221,0.52338,9493542.0,4975492.0934
2024-05-18 12:00:00,0.52338,0.52419,0.51808,0.5216,25359749.0,13204433.45833
2024-05-18 16:00:00,0.5216,0.52239,0.51988,0.52015,8287088.0,4318128.39449
2024-05-18 20:00:00,0.52015,0.5216,0.51968,0.52074,7238984.0,3768059.77228
2024-05-19 00:00:00,0.52074,0.5231,0.52,0.52192,7139601.0,3725432.35321
2024-05-19 04:00:00,0.52192,0.52242,0.5191,0.52041,9057308.0,4716493.49567
2024-05-19 08:00:00,0.52041,0.52063,0.51522,0.51737,19307308.0,10003030.71343
2024-05-19 12:00:00,0.51737,0.51737,0.51058,0.51217,34584233.0,17763231.98534
2024-05-19 16:00:00,0.51217,0.51278,0.5064,0.50705,23212084.0,11825443.98704
2024-05-19 20:00:00,0.50705,0.51,0.5054,0.50907,10278626.0,5224628.58863
2024-05-20 00:00:00,0.50907,0.51311,0.5058,0.5128,18311802.0,9335146.71345
2024-05-20 04:00:00,0.5128,0.5176,0.506,0.51337,51040117.0,26148143.89338
2024-05-20 08:00:00,0.51337,0.51428,0.50979,0.5117,19012565.0,9742699.78778
2024-05-20 12:00:00,0.5117,0.5173,0.50999,0.51628,40432422.0,20756733.827
2024-05-20 16:00:00,0.51628,0.53378,0.516,0.53367,50488895.0,26493717.95479
2024-05-20 20:00:00,0.53367,0.5377,0.52837,0.53768,76276383.0,40683172.02319
2024-05-21 00:00:00,0.53768,0.543,0.53309,0.53513,48204028.0,25911107.99736
2024-05-21 04:00:00,0.53513,0.54062,0.53273,0.5404,53136754.0,28527214.73174
2024-05-21 08:00:00,0.5404,0.54643,0.53802,0.54274,55727481.0,30223655.23702
2024-05-21 12:00:00,0.54274,0.557,0.54044,0.54242,134799348.0,74142241.46537
2024-05-21 16:00:00,0.54242,0.54674,0.53348,0.53706,47802542.0,25851556.41572
2024-05-21 20:00:00,0.53706,0.54127,0.53187,0.53708,32235535.0,17289469.37133
2024-05-22 00:00:00,0.53708,0.53745,0.53296,0.53659,25350126.0,13572827.58033
2024-05-22 04:00:00,0.53659,0.53667,0.5285,0.53444,45134594.0,24013000.2777
2024-05-22 08:00:00,0.53444,0.538,0.53081,0.53263,38873762.0,20778932.36303
2024-05-22 12:00:00,0.53263,0.53702,0.526,0.5358,44554815.0,23664066.27079
2024-05-22 16:00:00,0.5358,0.538,0.52631,0.5287,28278769.0,15034574.39825
2024-05-22 20:00:00,0.5287,0.53037,0.52169,0.52711,28338924.0,14905328.53769
2024-05-23 00:00:00,0.52711,0.5297,0.52551,0.5297,11695330.0,6173874.56408
2024-05-23 04:00:00,0.5297,0.52996,0.52478,0.52909,26339916.0,13899281.79347
2024-05-23 08:00:00,0.52909,0.53076,0.52239,0.52927,40550246.0,21360488.09731
2024-05-23 12:00:00,0.52927,0.54903,0.50864,0.5292,790184471.0,418892676.94198
2024-05-23 16:00:00,0.5292,0.52994,0.51616,0.52041,107119474.0,55897309.24251
2024-05-23 20:00:00,0.52041,0.53031,0.5,0.52861,292506801.0,150182494.42237
2024-05-24 00:00:00,0.52861,0.53479,0.5258,0.53037,52317320.0,27744241.71652
2024-05-24 04:00:00,0.53037,0.53177,0.51649,0.5229,58262801.0,30528338.97056
2024-05-24 08:00:00,0.5229,0.5312,0.51755,0.52781,55598721.0,29232008.43078
2024-05-24 12:00:00,0.52781,0.5375,0.52673,0.53256,60599318.0,32301599.32384
2024-05-24 16:00:00,0.53256,0.5342,0.5298,0.53307,32837030.0,17469682.07982
2024-05-24 20:00:00,0.53307,0.53615,0.53115,0.53585,19633684.0,10475700.28541
2024-05-25 00:00:00,0.53585,0.536,0.5329,0.53456,14544499.0,7773074.38048
2024-05-25 04:00:00,0.53456,0.53755,0.53399,0.53494,19191281.0,10283228.19282
2024-05-25 08:00:00,0.53494,0.54187,0.53422,0.53779,22639718.0,12184332.09588
2024-05-25 12:00:00,0.53779,0.54253,0.5327,0.53956,51241217.0,27528505.82741
2024-05-25 16:00:00,0.53956,0.54059,0.53747,0.53934,15766430.0,8492402.70595
2024-05-25 20:00:00,0.53934,0.54259,0.53858,0.54169,12052913.0,6518272.60907
2024-05-26 00:00:00,0.54169,0.54197,0.53848,0.54001,9571075.0,5169495.78418
2024-05-26 04:00:00,0.54001,0.54001,0.53777,0.53948,8745717.0,4709723.35641
2024-05-26 08:00:00,0.53948,0.53988,0.53398,0.53644,26684988.0,14315874.48662
2024-05-26 12:00:00,0.53644,0.53656,0.5295,0.53113,28918155.0,15413235.12418
2024-05-26 16:00:00,0.53113,0.53218,0.52929,0.5309,15773424.0,8367517.42881
2024-05-26 20:00:00,0.5309,0.53097,0.52558,0.52833,31109545.0,16443441.79835
2024-05-27 00:00:00,0.52833,0.53388,0.52739,0.53143,20530500.0,10912319.09635
2024-05-27 04:00:00,0.53143,0.53241,0.52379,0.52766,37986204.0,20028091.98653
2024-05-27 08:00:00,0.52766,0.53218,0.52664,0.52817,28177552.0,14910248.25574
2024-05-27 12:00:00,0.52817,0.5409,0.52814,0.53927,53194621.0,28444846.83881
2024-05-27 16:00:00,0.53927,0.541,0.5285,0.53163,23923619.0,12821083.49625
2024-05-27 20:00:00,0.53163,0.5366,0.531,0.53399,12078638.0,6461082.96641
2024-05-28 00:00:00,0.53399,0.5355,0.52529,0.52748,54094218.0,28677481.56067
2024-05-28 04:00:00,0.52748,0.5279,0.52098,0.52616,41053965.0,21537214.97521
2024-05-28 08:00:00,0.52616,0.533,0.52555,0.53064,31166499.0,16495505.87072
2024-05-28 12:00:00,0.53064,0.5337,0.5257,0.53017,47598700.0,25213059.75873
2024-05-28 16:00:00,0.53017,0.53066,0.52228,0.52742,20481554.0,10786905.73535
2024-05-28 20:00:00,0.52742,0.52989,0.5258,0.5288,9429271.0,4980403.08181
2024-05-29 00:00:00,0.5288,0.5294,0.52504,0.52884,19367921.0,10203877.94081
2024-05-29 04:00:00,0.52884,0.532,0.52526,0.52636,33929814.0,17926398.56577
2024-05-29 08:00:00,0.52636,0.533,0.52161,0.52923,40567790.0,21388543.99976
2024-05-29 12:00:00,0.52923,0.5325,0.5275,0.52807,45270242.0,23972554.60219
2024-05-29 16:00:00,0.52807,0.52932,0.52306,0.52331,43550659.0,22917569.99703
2024-05-29 20:00:00,0.52331,0.52495,0.51967,0.52379,28544170.0,14921854.28801
2024-05-30 00:00:00,0.52379,0.52763,0.5229,0.52751,9404685.0,4941755.57133
2024-05-30 04:00:00,0.52751,0.52848,0.51344,0.51599,56758409.0,29502252.01781
2024-05-30 08:00:00,0.51599,0.52229,0.51256,0.52041,39566756.0,20468427.84061
2024-05-30 12:00:00,0.52041,0.52469,0.5199,0.52459,25340782.0,13240128.69146
2024-05-30 16:00:00,0.52459,0.52639,0.5212,0.52193,27317970.0,14332640.10908
2024-05-30 20:00:00,0.52193,0.52193,0.51633,0.51869,32765577.0,16991611.86955
2024-05-31 00:00:00,0.51869,0.5219,0.5177,0.5217,12579340.0,6540159.11538
2024-05-31 04:00:00,0.5217,0.52193,0.51607,0.51637,35827615.0,18567589.52901
2024-05-31 08:00:00,0.51637,0.52305,0.51637,0.52148,36094061.0,18782898.1984
2024-05-31 12:00:00,0.52148,0.52617,0.51703,0.51746,41644107.0,21695355.88774
2024-05-31 16:00:00,0.51746,0.51936,0.512,0.5182,38586696.0,19872485.00009
2024-05-31 20:00:00,0.5182,0.5198,0.51668,0.5176,13045537.0,6761910.5782
2024-06-01 00:00:00,0.5176,0.51998,0.51759,0.51938,7169323.0,3720267.75324
2024-06-01 04:00:00,0.51938,0.51997,0.51836,0.51894,7505697.0,3897279.75319
2024-06-01 08:00:00,0.51894,0.52141,0.51865,0.52024,11002445.0,5721967.54318
2024-06-01 12:00:00,0.52024,0.52199,0.51989,0.52028,11136313.0,5801331.52536
2024-06-01 16:00:00,0.52028,0.52088,0.51827,0.51968,16461238.0,8546794.8554
2024-06-01 20:00:00,0.51968,0.52066,0.51799,0.51875,7511691.0,3902244.95197
2024-06-02 00:00:00,0.51875,0.5199,0.51821,0.51905,7883063.0,4092152.95483
2024-06-02 04:00:00,0.51905,0.51958,0.51642,0.51662,16562811.0,8578292.48376
2024-06-02 08:00:00,0.51662,0.51793,0.51284,0.51738,29382601.0,15139415.2911
2024-06-02 12:00:00,0.51738,0.52084,0.5162,0.51768,14728502.0,7626927.93066
2024-06-02 16:00:00,0.51768,0.51788,0.508,0.51251,33839683.0,17337939.60965
2024-06-02 20:00:00,0.51251,0.51497,0.51029,0.51343,10780864.0,5528151.86499
2024-06-03 00:00:00,0.51343,0.519,0.51151,0.51664,19276417.0,9939648.48422
2024-06-03 04:00:00,0.51664,0.522,0.51508,0.52088,35466670.0,18432186.99842
2024-06-03 08:00:00,0.52088,0.52276,0.51888,0.51892,20582443.0,10723386.06467
2024-06-03 12:00:00,0.51892,0.52319,0.51667,0.52184,27708351.0,14411389.11546
2024-06-03 16:00:00,0.52184,0.52206,0.51782,0.52177,17327742.0,9005324.47237
2024-06-03 20:00:00,0.52177,0.52289,0.51948,0.51981,14271339.0,7437717.60911
2024-06-04 00:00:00,0.51981,0.52219,0.51824,0.5214,13414874.0,6979649.92891
2024-06-04 04:00:00,0.5214,0.52199,0.5185,0.5203,9702134.0,5042910.6421
2024-06-04 08:00:00,0.5203,0.52545,0.51874,0.52263,44027847.0,22997491.90406
2024-06-04 12:00:00,0.52263,0.52972,0.52208,0.52953,34226606.0,18024992.38354
2024-06-04 16:00:00,0.52953,0.53033,0.52477,0.52705,26833545.0,14140306.32375
2024-06-04 20:00:00,0.52705,0.52718,0.52418,0.52579,9489882.0,4984360.46611
2024-06-05 00:00:00,0.52579,0.52812,0.52477,0.52572,13968844.0,7350321.32942
2024-06-05 04:00:00,0.52572,0.52739,0.52454,0.5269,12200324.0,6415794.6407
2024-06-05 08:00:00,0.5269,0.53247,0.52529,0.52894,40884020.0,21606582.78868
2024-06-05 12:00:00,0.52894,0.53018,0.52591,0.52939,14539187.0,7676533.90121
2024-06-05 16:00:00,0.52939,0.53048,0.52571,0.52761,13745991.0,7254264.48225
2024-06-05 20:00:00,0.52761,0.52783,0.52389,0.52586,9603711.0,5048447.44996
2024-06-06 00:00:00,0.52586,0.52715,0.52415,0.52579,11930564.0,6274188.69212
2024-06-06 04:00:00,0.52579,0.52612,0.52222,0.52478,24820115.0,13009423.78911
2024-06-06 08:00:00,0.52478,0.52732,0.52302,0.52636,27095531.0,14229506.5683
2024-06-06 12:00:00,0.52636,0.52821,0.5251,0.52677,21235900.0,11186028.80292
2024-06-06 16:00:00,0.52677,0.52806,0.51939,0.52014,51020812.0,26732487.94026
2024-06-06 20:00:00,0.52014,0.52227,0.51628,0.52162,32098478.0,16669432.38714
2024-06-07 00:00:00,0.52162,0.52278,0.52,0.52259,27301308.0,14227590.42912
2024-06-07 04:00:00,0.52259,0.52572,0.52242,0.52503,45163704.0,23681301.11298
2024-06-07 08:00:00,0.52503,0.52808,0.52269,0.5274,29609955.0,15554054.19799
2024-06-07 12:00:00,0.5274,0.52808,0.5215,0.52417,47300440.0,24830478.09477
2024-06-07 16:00:00,0.52417,0.52427,0.4503,0.49303,644107479.0,311043370.84441
2024-06-07 20:00:00,0.49303,0.50245,0.4913,0.49877,59670611.0,29757543.9278
2024-06-08 00:00:00,0.49877,0.50028,0.4963,0.49979,18304522.0,9125406.16888
2024-06-08 04:00:00,0.49979,0.50077,0.49782,0.5003,20587909.0,10280850.17589
2024-06-08 08:00:00,0.5003,0.50037,0.49088,0.49329,43635038.0,21638456.38617
2024-06-08 12:00:00,0.49329,0.49567,0.49026,0.4929,51991196.0,25651508.66033
2024-06-08 16:00:00,0.4929,0.49524,0.48952,0.49301,38863164.0,19139425.06629
2024-06-08 20:00:00,0.49301,0.49422,0.49072,0.49266,9288004.0,4575485.3199
2024-06-09 00:00:00,0.49266,0.49435,0.49018,0.4929,19849989.0,9769876.18398
2024-06-09 04:00:00,0.4929,0.49417,0.49182,0.49366,9200626.0,4537624.36703
2024-06-09 08:00:00,0.49366,0.4948,0.49242,0.49403,9861197.0,4871998.47874
2024-06-09 12:00:00,0.49403,0.49697,0.49272,0.49493,23483011.0,11624079.73766
2024-06-09 16:00:00,0.49493,0.49792,0.49454,0.497,8077782.0,4007772.50056
2024-06-09 20:00:00,0.497,0.4988,0.49678,0.49841,8456219.0,4209522.12136
2024-06-10 00:00:00,0.49841,0.50093,0.49652,0.50059,20046220.0,10007833.04359
2024-06-10 04:00:00,0.50059,0.50062,0.49263,0.49344,46579363.0,23124138.56062
2024-06-10 08:00:00,0.49344,0.49952,0.49322,0.49678,43884948.0,21784217.14283
2024-06-10 12:00:00,0.49678,0.50571,0.49588,0.50426,45251907.0,22664177.29823
2024-06-10 16:00:00,0.50426,0.50502,0.49599,0.49668,45751471.0,22900572.2957
2024-06-10 20:00:00,0.49668,0.49773,0.49439,0.49665,26180702.0,12988137.17726
2024-06-11 00:00:00,0.49665,0.49688,0.47806,0.48778,168631915.0,82230544.12687
2024-06-11 04:00:00,0.48778,0.48842,0.47848,0.48554,110355519.0,53511247.45172
2024-06-11 08:00:00,0.48554,0.48755,0.48333,0.4841,48119711.0,23361592.28904
2024-06-11 12:00:00,0.4841,0.48465,0.47013,0.476,121019626.0,57827400.65307
2024-06-11 16:00:00,0.476,0.48166,0.47093,0.47964,52851244.0,25230929.52492
2024-06-11 20:00:00,0.47964,0.48097,0.47864,0.48007,11286066.0,5418703.88367
2024-06-12 00:00:00,0.48007,0.48171,0.47344,0.48144,35227828.0,16831284.72312
2024-06-12 04:00:00,0.48144,0.48297,0.47786,0.48056,27473043.0,13198698.92034
2024-06-12 08:00:00,0.48056,0.48467,0.47954,0.48146,50519892.0,24366409.57658
2024-06-12 12:00:00,0.48146,0.4975,0.48141,0.49595,127388506.0,62658431.57626
2024-06-12 16:00:00,0.49595,0.49739,0.4814,0.48385,110480308.0,54275450.47545
2024-06-12 20:00:00,0.48385,0.49195,0.48251,0.4913,14918420.0,7303689.99923
2024-06-13 00:00:00,0.4913,0.49139,0.48228,0.48592,48877589.0,23806301.02876
2024-06-13 04:00:00,0.48592,0.48895,0.48282,0.48803,37963669.0,18460591.86577
2024-06-13 08:00:00,0.48803,0.48803,0.48357,0.48422,36401896.0,17677066.54379
2024-06-13 12:00:00,0.48422,0.48871,0.47906,0.48031,74816119.0,36239790.84924
2024-06-13 16:00:00,0.48031,0.48449,0.47871,0.48168,16407592.0,7912782.35682
2024-06-13 20:00:00,0.48168,0.4827,0.47534,0.47664,41197508.0,19708375.81
2024-06-14 00:00:00,0.47664,0.48092,0.4746,0.47831,29258835.0,13970352.38553
2024-06-14 04:00:00,0.47831,0.48098,0.47709,0.47798,33081635.0,15851533.27542
2024-06-14 08:00:00,0.47798,0.47957,0.47598,0.47804,35537654.0,16978559.28371
2024-06-14 12:00:00,0.47804,0.48049,0.4721,0.4738,67610922.0,32236115.08317
2024-06-14 16:00:00,0.4738,0.4745,0.4586,0.46863,146348271.0,68084779.50558
2024-06-14 20:00:00,0.46863,0.47851,0.46826,0.47426,27811367.0,13159486.6727
2024-06-15 00:00:00,0.47426,0.47669,0.4736,0.47669,16136629.0,7664737.96219
2024-06-15 04:00:00,0.47669,0.4796,0.47628,0.47802,20315574.0,9710243.54586
2024-06-15 08:00:00,0.47802,0.4803,0.47798,0.47989,15156050.0,7264116.62451
2024-06-15 12:00:00,0.47989,0.48495,0.47882,0.48454,34460246.0,16623550.71219
2024-06-15 16:00:00,0.48454,0.50463,0.48344,0.49376,73954702.0,36557848.65053
2024-06-15 20:00:00,0.49376,0.49714,0.48858,0.49041,45646860.0,22425244.37738
2024-06-16 00:00:00,0.49041,0.49144,0.48764,0.49073,31982223.0,15648236.01203
2024-06-16 04:00:00,0.49073,0.49114,0.48789,0.48828,15252696.0,7457273.19023
2024-06-16 08:00:00,0.48828,0.49896,0.4881,0.49607,61873870.0,30604452.45345
2024-06-16 12:00:00,0.49607,0.4963,0.48849,0.49064,40143285.0,19714538.72943
2024-06-16 16:00:00,0.49064,0.49087,0.48736,0.48962,18642438.0,9113670.79957
2024-06-16 20:00:00,0.48962,0.49104,0.48746,0.48884,17655694.0,8637624.88637
2024-06-17 00:00:00,0.48884,0.49058,0.48362,0.48852,51513591.0,25078804.58485
2024-06-17 04:00:00,0.48852,0.50038,0.48348,0.49858,119862897.0,58990750.4285
2024-06-17 08:00:00,0.49858,0.50362,0.49066,0.4985,119142720.0,59261527.86569
2024-06-17 12:00:00,0.4985,0.52069,0.4973,0.509,213339675.0,108973157.34713
2024-06-17 16:00:00,0.509,0.51887,0.49518,0.51763,159359757.0,80824335.88315
2024-06-17 20:00:00,0.51763,0.51822,0.50281,0.50435,58737737.0,29907601.65533
2024-06-18 00:00:00,0.50435,0.50767,0.46695,0.48979,307029091.0,149116063.3133
2024-06-18 04:00:00,0.48979,0.50404,0.48669,0.50021,108900634.0,54038815.68108
2024-06-18 08:00:00,0.50021,0.50932,0.4921,0.49534,129782709.0,64781301.58209
2024-06-18 12:00:00,0.49534,0.49666,0.48135,0.48466,181382378.0,88564396.45676
2024-06-18 16:00:00,0.48466,0.48466,0.47565,0.4817,62133629.0,29810088.55398
2024-06-18 20:00:00,0.4817,0.49119,0.48043,0.49031,34183114.0,16638345.16752
2024-06-19 00:00:00,0.49031,0.49703,0.4886,0.49511,30938601.0,15275707.96034
2024-06-19 04:00:00,0.49511,0.49633,0.49003,0.49131,35597319.0,17549781.01813
2024-06-19 08:00:00,0.49131,0.49384,0.48649,0.49183,50447328.0,24726290.5652
2024-06-19 12:00:00,0.49183,0.49558,0.48975,0.49214,41332153.0,20345708.19444
2024-06-19 16:00:00,0.49214,0.49924,0.49109,0.49561,30679566.0,15195795.84158
2024-06-19 20:00:00,0.49561,0.49776,0.49078,0.49291,45526883.0,22469207.2832
2024-06-20 00:00:00,0.49291,0.49756,0.49119,0.49283,38235178.0,18858281.46386
2024-06-20 04:00:00,0.49283,0.50156,0.49177,0.49928,119965662.0,59545545.06279
2024-06-20 08:00:00,0.49928,0.50172,0.49367,0.50058,195398254.0,97165449.14693
2024-06-20 12:00:00,0.50058,0.50114,0.49102,0.49188,91054506.0,45032366.45826
2024-06-20 16:00:00,0.49188,0.49335,0.48787,0.49092,36221848.0,17785752.56172
2024-06-20 20:00:00,0.49092,0.49192,0.48828,0.48835,14475683.0,7084160.92768
2024-06-21 00:00:00,0.48835,0.4905,0.486,0.4881,39423366.0,19251160.72038
2024-06-21 04:00:00,0.4881,0.49263,0.48694,0.49,43572493.0,21337094.29597
2024-06-21 08:00:00,0.49,0.4953,0.4839,0.49372,85434892.0,41860803.03614
2024-06-21 12:00:00,0.49372,0.494,0.48228,0.48512,97636952.0,47606280.47239
2024-06-21 16:00:00,0.48512,0.48589,0.47911,0.48538,24031661.0,11585063.57501
2024-06-21 20:00:00,0.48538,0.49212,0.48365,0.48843,67903172.0,33213591.96343
2024-06-22 00:00:00,0.48843,0.4892,0.48672,0.48704,17100494.0,8345637.0926
2024-06-22 04:00:00,0.48704,0.4882,0.4859,0.48641,10865613.0,5290247.0842
2024-06-22 08:00:00,0.48641,0.48661,0.4837,0.48546,17988151.0,8724206.52907
2024-06-22 12:00:00,0.48546,0.48749,0.48475,0.48568,13211400.0,6420762.38381
2024-06-22 16:00:00,0.48568,0.48748,0.4852,0.48745,5829511.0,2836032.84741
2024-06-22 20:00:00,0.48745,0.4875,0.48593,0.48611,4139540.0,2015005.53191
2024-06-23 00:00:00,0.48611,0.4886,0.48551,0.48829,8929676.0,4354668.2282
2024-06-23 04:00:00,0.48829,0.48853,0.48686,0.48745,5844254.0,2849657.81584
2024-06-23 08:00:00,0.48745,0.48821,0.48384,0.48574,35298334.0,17141572.24285
2024-06-23 12:00:00,0.48574,0.48581,0.48065,0.48226,29004451.0,14015066.17613
2024-06-23 16:00:00,0.48226,0.4825,0.47903,0.48168,27675073.0,13304425.62201
2024-06-23 20:00:00,0.48168,0.48211,0.474,0.47947,37465057.0,17921200.81243
2024-06-24 00:00:00,0.47947,0.48,0.4714,0.47545,44962903.0,21400345.0011
2024-06-24 04:00:00,0.47545,0.47667,0.46759,0.47325,77809924.0,36759079.04928
2024-06-24 08:00:00,0.47325,0.478,0.46186,0.47539,135848196.0,64012973.1146
2024-06-24 12:00:00,0.47539,0.4819,0.47188,0.47276,93632137.0,44703513.97346
2024-06-24 16:00:00,0.47276,0.4749,0.46543,0.46655,46242040.0,21787153.21065
2024-06-24 20:00:00,0.46655,0.47452,0.46136,0.47379,40010255.0,18739549.76564
2024-06-25 00:00:00,0.47379,0.4789,0.4726,0.47753,22372147.0,10640460.62194
2024-06-25 04:00:00,0.47753,0.4789,0.47302,0.47582,79408210.0,37839371.07793
2024-06-25 08:00:00,0.47582,0.47733,0.47276,0.47608,59159111.0,28096512.2115
2024-06-25 12:00:00,0.47608,0.47976,0.47368,0.47669,61813760.0,29451729.30109
2024-06-25 16:00:00,0.47669,0.47908,0.47498,0.47737,14265747.0,6805674.66375
2024-06-25 20:00:00,0.47737,0.4781,0.474,0.47529,16538372.0,7873091.65155
2024-06-26 00:00:00,0.47529,0.47777,0.4736,0.47458,24854894.0,11817055.16384
2024-06-26 04:00:00,0.47458,0.47512,0.47158,0.47304,26791451.0,12673766.99417
2024-06-26 08:00:00,0.47304,0.47678,0.47008,0.47434,98709611.0,46703099.89765
2024-06-26 12:00:00,0.47434,0.47562,0.4676,0.46943,55128095.0,26001296.80949
2024-06-26 16:00:00,0.46943,0.47181,0.46454,0.47143,38803120.0,18138744.11938
2024-06-26 20:00:00,0.47143,0.47208,0.4693,0.46952,12002799.0,5644561.91933
2024-06-27 00:00:00,0.46952,0.46998,0.46725,0.46877,11793981.0,5527709.23044
2024-06-27 04:00:00,0.46877,0.46947,0.46532,0.46661,33675654.0,15721359.24355
2024-06-27 08:00:00,0.46661,0.4714,0.4658,0.47008,63937909.0,29972309.76339
2024-06-27 12:00:00,0.47008,0.4768,0.47008,0.47195,85872579.0,40633660.11117
2024-06-27 16:00:00,0.47195,0.47468,0.47144,0.47323,13145645.0,6217996.62505
2024-06-27 20:00:00,0.47323,0.47566,0.47305,0.47493,9497494.0,4509119.6312
2024-06-28 00:00:00,0.47493,0.47778,0.47368,0.47582,19302222.0,9174500.58831
2024-06-28 04:00:00,0.47582,0.47911,0.47421,0.47736,35638098.0,16987187.00301
2024-06-28 08:00:00,0.47736,0.48034,0.47551,0.47942,76886098.0,36745780.69702
2024-06-28 12:00:00,0.47942,0.48045,0.47403,0.4758,72101660.0,34416491.77312
2024-06-28 16:00:00,0.4758,0.47608,0.47001,0.47339,48455820.0,22934079.29323
2024-06-28 20:00:00,0.47339,0.4749,0.46857,0.47115,17369937.0,8187615.44914
2024-06-29 00:00:00,0.47115,0.4745,0.47113,0.47409,12817830.0,6066977.73034
2024-06-29 04:00:00,0.47409,0.47629,0.47352,0.47535,14823281.0,7034958.44284
2024-06-29 08:00:00,0.47535,0.47639,0.47482,0.47623,13132608.0,6249150.56642
2024-06-29 12:00:00,0.47623,0.47639,0.47395,0.47483,25359170.0,12041630.57453
2024-06-29 16:00:00,0.47483,0.47489,0.4732,0.47417,18356062.0,8699340.09138
2024-06-29 20:00:00,0.47417,0.47435,0.47142,0.47219,15390120.0,7277182.04832
2024-06-30 00:00:00,0.47219,0.47333,0.46959,0.47109,34112813.0,16079188.21176
2024-06-30 04:00:00,0.47109,0.475,0.47012,0.47425,36359631.0,17196768.92032
2024-06-30 08:00:00,0.47425,0.475,0.47122,0.47229,42910459.0,20298657.39966
2024-06-30 12:00:00,0.47229,0.47359,0.47122,0.47311,38175029.0,18033202.26601
2024-06-30 16:00:00,0.47311,0.47472,0.47195,0.4738,12275778.0,5812756.31468
2024-06-30 20:00:00,0.4738,0.47779,0.4735,0.47562,17230043.0,8193767.74942
2024-07-01 00:00:00,0.47562,0.47939,0.47508,0.47807,27295430.0,13030371.67812
2024-07-01 04:00:00,0.47807,0.4816,0.47642,0.4795,39721504.0,19019514.97825
2024-07-01 08:00:00,0.4795,0.48491,0.47831,0.47932,86363512.0,41537378.00052
2024-07-01 12:00:00,0.47932,0.48261,0.47833,0.47954,57290069.0,27512355.04865
2024-07-01 16:00:00,0.47954,0.47992,0.4761,0.47662,20626230.0,9857856.91951
2024-07-01 20:00:00,0.47662,0.47834,0.47529,0.47658,23990210.0,11436908.33321
2024-07-02 00:00:00,0.47658,0.47869,0.4756,0.47805,18231512.0,8693533.01478
2024-07-02 04:00:00,0.47805,0.48039,0.47742,0.4783,37434825.0,17931412.50359
2024-07-02 08:00:00,0.4783,0.48836,0.4778,0.48584,162666828.0,78587832.68712
2024-07-02 12:00:00,0.48584,0.48869,0.48107,0.4817,77197897.0,37434238.95115
2024-07-02 16:00:00,0.4817,0.4836,0.4806,0.48261,23835951.0,11487757.40807
2024-07-02 20:00:00,0.48261,0.48571,0.4824,0.48501,13956514.0,6758648.91615
2024-07-03 00:00:00,0.48501,0.48647,0.47675,0.48004,61723524.0,29743084.52053
2024-07-03 04:00:00,0.48004,0.4839,0.4787,0.48236,56486458.0,27146664.69302
2024-07-03 08:00:00,0.48236,0.48521,0.48064,0.48209,90207744.0,43587963.77778
2024-07-03 12:00:00,0.48209,0.4821,0.4709,0.47135,116434642.0,55391867.32245
2024-07-03 16:00:00,0.47135,0.47149,0.4605,0.46232,144134506.0,67217577.06332
2024-07-03 20:00:00,0.46232,0.46708,0.46171,0.46664,44462612.0,20655106.94772
2024-07-04 00:00:00,0.46664,0.46926,0.44457,0.45919,255599631.0,116581860.04666
2024-07-04 04:00:00,0.45919,0.46006,0.45347,0.45392,49894541.0,22788600.09219
2024-07-04 08:00:00,0.45392,0.45506,0.44759,0.4524,142088528.0,64158207.15335
2024-07-04 12:00:00,0.4524,0.45248,0.43767,0.44405,112115770.0,49747470.11397
2024-07-04 16:00:00,0.44405,0.44426,0.43615,0.44056,39218107.0,17254241.29936
2024-07-04 20:00:00,0.44056,0.44688,0.431,0.43225,66891773.0,29392092.04025
2024-07-05 00:00:00,0.43225,0.43293,0.38062,0.3983,646359832.0,264438397.09415
2024-07-05 04:00:00,0.3983,0.40693,0.38783,0.40422,184246982.0,73493912.11353
2024-07-05 08:00:00,0.40422,0.41799,0.39652,0.4165,180335295.0,73366436.18282
2024-07-05 12:00:00,0.4165,0.42468,0.4113,0.42419,84372022.0,35268632.38398
2024-07-05 16:00:00,0.42419,0.42751,0.42164,0.4252,55263179.0,23465565.60946
2024-07-05 20:00:00,0.4252,0.42658,0.4225,0.42457,11575169.0,4918116.64633
2024-07-06 00:00:00,0.42457,0.4316,0.42316,0.42739,28353515.0,12107025.52829
2024-07-06 04:00:00,0.42739,0.43439,0.42601,0.43251,44950202.0,19349480.48907
2024-07-06 08:00:00,0.43251,0.43586,0.4298,0.43525,20703424.0,8954195.13608
2024-07-06 12:00:00,0.43525,0.43929,0.43276,0.43795,42526541.0,18537160.86755
2024-07-06 16:00:00,0.43795,0.44889,0.43692,0.44809,44894429.0,19959885.20677
2024-07-06 20:00:00,0.44809,0.44913,0.4462,0.44833,13233207.0,5927010.72235
2024-07-07 00:00:00,0.44833,0.4485,0.44311,0.44414,35341444.0,15758240.44643
2024-07-07 04:00:00,0.44414,0.44434,0.43417,0.43674,54205771.0,23796306.35461
2024-07-07 08:00:00,0.43674,0.43819,0.43274,0.43453,44045259.0,19150343.59694
2024-07-07 12:00:00,0.43453,0.43551,0.42133,0.42661,85893432.0,36699107.46387
2024-07-07 16:00:00,0.42661,0.43307,0.42633,0.42882,32706780.0,14056388.11668
2024-07-07 20:00:00,0.42882,0.43072,0.41771,0.41912,45828248.0,19391115.53676
2024-07-08 00:00:00,0.41912,0.42028,0.4028,0.41425,110462245.0,45380587.47349
2024-07-08 04:00:00,0.41425,0.42319,0.41318,0.42233,155874367.0,65072048.60194
2024-07-08 08:00:00,0.42233,0.44081,0.42138,0.43929,170945541.0,74187674.78866
2024-07-08 12:00:00,0.43929,0.44356,0.4202,0.42361,212739189.0,91483524.07604
2024-07-08 16:00:00,0.42361,0.43113,0.42035,0.42997,38549698.0,16427268.65397
2024-07-08 20:00:00,0.42997,0.43221,0.42657,0.43131,17485248.0,7517731.37812
2024-07-09 00:00:00,0.43131,0.4338,0.42655,0.43251,32188325.0,13860546.99171
2024-07-09 04:00:00,0.43251,0.43671,0.43192,0.43416,31988624.0,13895339.22427
2024-07-09 08:00:00,0.43416,0.43776,0.43218,0.43385,94405260.0,41029749.54325
2024-07-09 12:00:00,0.43385,0.43567,0.42873,0.43143,64835063.0,27987372.99596
2024-07-09 16:00:00,0.43143,0.43592,0.43071,0.43554,24988970.0,10825807.33659
2024-07-09 20:00:00,0.43554,0.43696,0.43414,0.43536,16299957.0,7105038.75146
2024-07-10 00:00:00,0.43536,0.43564,0.43114,0.43526,35800209.0,15519552.14368
2024-07-10 04:00:00,0.43526,0.44086,0.43519,0.43948,45282155.0,19860435.52434
2024-07-10 08:00:00,0.43948,0.44223,0.43628,0.44001,79458272.0,34914104.20852
2024-07-10 12:00:00,0.44001,0.44055,0.43071,0.43271,92622535.0,40294512.04112
2024-07-10 16:00:00,0.43271,0.4363,0.43141,0.436,45751115.0,19862508.50318
2024-07-10 20:00:00,0.436,0.43914,0.43544,0.43821,44994579.0,19674353.4021
2024-07-11 00:00:00,0.43821,0.44293,0.43573,0.44005,60260455.0,26471497.71826
2024-07-11 04:00:00,0.44005,0.44585,0.43903,0.44413,56823228.0,25191922.48834
2024-07-11 08:00:00,0.44413,0.45202,0.44382,0.44943,113613955.0,50906918.90275
2024-07-11 12:00:00,0.44943,0.45395,0.43847,0.44029,199975578.0,89725067.8855
2024-07-11 16:00:00,0.44029,0.44966,0.43829,0.44693,50969508.0,22698747.31592
2024-07-11 20:00:00,0.44693,0.44916,0.44419,0.44879,30498370.0,13627126.85627
2024-07-12 00:00:00,0.44879,0.45245,0.44387,0.4513,42272782.0,18998790.35361
2024-07-12 04:00:00,0.4513,0.46352,0.44769,0.46213,109038848.0,49809456.6545
2024-07-12 08:00:00,0.46213,0.47736,0.45941,0.47064,441634114.0,206430210.43641
2024-07-12 12:00:00,0.47064,0.47199,0.45837,0.461,168068512.0,78126713.12377
2024-07-12 16:00:00,0.461,0.4699,0.4605,0.4691,52142144.0,24309832.75755
2024-07-12 20:00:00,0.4691,0.4771,0.466,0.47394,108634622.0,51460970.94513
2024-07-13 00:00:00,0.47394,0.49469,0.4732,0.49201,137023430.0,66427539.58217
2024-07-13 04:00:00,0.49201,0.51554,0.49028,0.51453,405704666.0,204972844.73389
2024-07-13 08:00:00,0.51453,0.51786,0.50794,0.5096,279053356.0,143234422.04072
2024-07-13 12:00:00,0.5096,0.5394,0.50948,0.53604,474040032.0,248949524.8064
2024-07-13 16:00:00,0.53604,0.56587,0.53,0.56052,525782800.0,286354869.73005
2024-07-13 20:00:00,0.56052,0.56121,0.5217,0.52521,657577376.0,354103055.39225
2024-07-14 00:00:00,0.52521,0.5312,0.51292,0.51921,294608598.0,153492070.4584
2024-07-14 04:00:00,0.51921,0.52863,0.51611,0.52563,157572118.0,82298126.48924
2024-07-14 08:00:00,0.52563,0.53949,0.52377,0.52798,360440697.0,191115235.50841
2024-07-14 12:00:00,0.52798,0.5323,0.52117,0.5264,225285782.0,118614134.62429
2024-07-14 16:00:00,0.5264,0.53467,0.52581,0.53133,73986523.0,39255407.53222
2024-07-14 20:00:00,0.53133,0.53438,0.519,0.52,114169517.0,60196669.12341
2024-07-15 00:00:00,0.52,0.5309,0.51959,0.52619,137960389.0,72548089.13115
2024-07-15 04:00:00,0.52619,0.534,0.52582,0.5302,160847446.0,85191929.15005
2024-07-15 08:00:00,0.5302,0.54025,0.52587,0.5361,232271247.0,123720530.99566
2024-07-15 12:00:00,0.5361,0.53629,0.52263,0.52308,127925313.0,67560517.02556
2024-07-15 16:00:00,0.52308,0.5358,0.52163,0.53455,162888426.0,86357317.08043
2024-07-15 20:00:00,0.53455,0.5381,0.53072,0.5368,173016116.0,92429783.95198
2024-07-16 00:00:00,0.5368,0.56999,0.53434,0.56476,344545125.0,190772140.36713
2024-07-16 04:00:00,0.56476,0.56539,0.535,0.53984,342008580.0,187266157.94707
2024-07-16 08:00:00,0.53984,0.54719,0.53195,0.54588,168080690.0,90763962.89559
2024-07-16 12:00:00,0.54588,0.58808,0.54206,0.58438,868407701.0,495478320.84251
2024-07-16 16:00:00,0.58438,0.59462,0.57518,0.58273,389158124.0,227450703.46985
2024-07-16 20:00:00,0.58273,0.58466,0.57313,0.57873,108355771.0,62642884.81182
2024-07-17 00:00:00,0.57873,0.58784,0.57794,0.58505,131622317.0,76725363.13368
2024-07-17 04:00:00,0.58505,0.61746,0.5848,0.609,527764569.0,319317342.5395
2024-07-17 08:00:00,0.609,0.62245,0.60236,0.61304,411416476.0,252418715.41243
2024-07-17 12:00:00,0.61304,0.634,0.60055,0.60219,745338830.0,459914957.73593
2024-07-17 16:00:00,0.60219,0.62298,0.5952,0.61334,243550718.0,148255737.50695
2024-07-17 20:00:00,0.61334,0.63742,0.61334,0.62555,292360166.0,183558548.79281
2024-07-18 00:00:00,0.62555,0.6363,0.60038,0.6066,443543253.0,272512585.58738
2024-07-18 04:00:00,0.6066,0.6122,0.57697,0.57974,703795267.0,415110820.17005
2024-07-18 08:00:00,0.57974,0.58352,0.5663,0.5781,454696750.0,261429457.86044
2024-07-18 12:00:00,0.5781,0.5872,0.5615,0.56255,486385232.0,279177747.90073
2024-07-18 16:00:00,0.56255,0.57164,0.55661,0.56889,236767874.0,134065689.23114
2024-07-18 20:00:00,0.56889,0.57221,0.56372,0.56924,89989862.0,51178709.20117
2024-07-19 00:00:00,0.56924,0.57025,0.54,0.55538,416358611.0,229610168.2443
2024-07-19 04:00:00,0.55538,0.56098,0.54666,0.549,231696913.0,128424729.29328
2024-07-19 08:00:00,0.549,0.55351,0.54035,0.5525,207013807.0,113142207.92078
2024-07-19 12:00:00,0.5525,0.56864,0.54721,0.56249,342171691.0,190932083.54262
2024-07-19 16:00:00,0.56249,0.58634,0.56151,0.57979,400765878.0,231437033.29262
2024-07-19 20:00:00,0.57979,0.58115,0.56813,0.57272,148047539.0,84909817.02509
2024-07-20 00:00:00,0.57272,0.582,0.57024,0.58125,145909047.0,84234643.04793
2024-07-20 04:00:00,0.58125,0.6042,0.5795,0.59498,333281719.0,197738873.62601
2024-07-20 08:00:00,0.59498,0.59656,0.5853,0.59094,224586379.0,132795563.36064
2024-07-20 12:00:00,0.59094,0.59641,0.58572,0.59088,150553192.0,88988438.255
2024-07-20 16:00:00,0.59088,0.59749,0.58601,0.59106,119160337.0,70526189.64496
2024-07-20 20:00:00,0.59106,0.59721,0.58899,0.59337,86537884.0,51369580.28113
2024-07-21 00:00:00,0.59337,0.59689,0.58841,0.59305,96321550.0,57086210.29537
2024-07-21 04:00:00,0.59305,0.60768,0.588,0.58861,258680686.0,154635480.99479
2024-07-21 08:00:00,0.58861,0.59307,0.58004,0.58189,140745724.0,82619101.26597
2024-07-21 12:00:00,0.58189,0.58928,0.57327,0.58771,206429152.0,120026878.40644
2024-07-21 16:00:00,0.58771,0.5927,0.57175,0.59068,189103368.0,110345294.76543
2024-07-21 20:00:00,0.59068,0.6026,0.58911,0.59823,103129290.0,61559049.09941
2024-07-22 00:00:00,0.59823,0.60018,0.59025,0.59408,86451518.0,51458538.28923
2024-07-22 04:00:00,0.59408,0.60461,0.58504,0.59753,55876111.0,33136400.97984
2024-07-22 08:00:00,0.59753,0.61376,0.5907,0.61059,71469782.0,43072779.50731
2024-07-22 12:00:00,0.61059,0.6187,0.60438,0.60976,80988161.0,49502980.77135
2024-07-22 16:00:00,0.60976,0.62253,0.60704,0.61814,30144293.0,18547630.65944
2024-07-22 20:00:00,0.61814,0.62072,0.59912,0.60721,34470320.0,20964257.93755
2024-07-23 00:00:00,0.60721,0.61433,0.60228,0.61376,22594384.0,13745756.56846
2024-07-23 04:00:00,0.61376,0.61642,0.59413,0.59952,46033939.0,27687707.14829
2024-07-23 08:00:00,0.59952,0.60692,0.59149,0.59578,56316906.0,33789826.7444
2024-07-23 12:00:00,0.59578,0.60287,0.58676,0.60012,35768454.0,21296630.80873
2024-07-23 16:00:00,0.60012,0.60016,0.57878,0.59418,43982865.0,25858322.73658
2024-07-23 20:00:00,0.59418,0.6033,0.5922,0.59712,23497915.0,14047589.69596
2024-07-24 00:00:00,0.59712,0.60483,0.591,0.60408,27818566.0,16675848.14345
2024-07-24 04:00:00,0.60408,0.6055,0.59655,0.60232,164198448.0,98850090.41642
2024-07-24 08:00:00,0.60232,0.63241,0.60118,0.62814,442052401.0,272625945.65724
2024-07-24 12:00:00,0.62814,0.63212,0.61803,0.6233,309159819.0,193762692.12902
2024-07-24 16:00:00,0.6233,0.62542,0.61504,0.6223,154434579.0,96004316.68749
2024-07-24 20:00:00,0.6223,0.62791,0.60528,0.61756,174696344.0,107574178.19559
2024-07-25 00:00:00,0.61756,0.62165,0.59378,0.60511,322794931.0,195240239.35698
2024-07-25 04:00:00,0.60511,0.61421,0.5977,0.60828,381715914.0,232437146.42844
2024-07-25 08:00:00,0.60828,0.61213,0.59883,0.60985,177100193.0,107350486.378
2024-07-25 12:00:00,0.60985,0.62557,0.60013,0.61724,593364417.0,364658604.12844
2024-07-25 16:00:00,0.61724,0.62547,0.59668,0.60043,338597260.0,207468340.98433
2024-07-25 20:00:00,0.60043,0.60223,0.58416,0.5989,223987691.0,132813987.23607
2024-07-26 00:00:00,0.5989,0.60778,0.59631,0.60446,116486134.0,70270399.14613
2024-07-26 04:00:00,0.60446,0.60884,0.59774,0.59775,112108701.0,67715589.88386
2024-07-26 08:00:00,0.59775,0.60391,0.59497,0.60102,171287479.0,102738944.63181
2024-07-26 12:00:00,0.60102,0.60176,0.58556,0.59176,292907692.0,173802402.77056
2024-07-26 16:00:00,0.59176,0.60162,0.58913,0.59866,116205065.0,69224739.30056
2024-07-26 20:00:00,0.59866,0.6052,0.59642,0.60291,73532244.0,44207872.18355
2024-07-27 00:00:00,0.60291,0.60291,0.5938,0.59617,70334284.0,42006263.51472
2024-07-27 04:00:00,0.59617,0.60374,0.59604,0.60029,47974576.0,28751960.7809
2024-07-27 08:00:00,0.60029,0.6029,0.59691,0.60001,58945131.0,35362104.62333
2024-07-27 12:00:00,0.60001,0.60873,0.59487,0.59849,140887527.0,84823131.6474
2024-07-27 16:00:00,0.59849,0.6003,0.5887,0.59612,72496977.0,43094680.31905
2024-07-27 20:00:00,0.59612,0.60122,0.58246,0.59514,251822510.0,149645952.09018
2024-07-28 00:00:00,0.59514,0.60222,0.59052,0.59897,63433784.0,37851280.05012
2024-07-28 04:00:00,0.59897,0.60436,0.59522,0.60399,109598396.0,65817159.94122
2024-07-28 08:00:00,0.60399,0.61376,0.60206,0.60249,175661755.0,106672476.50703
2024-07-28 12:00:00,0.60249,0.60427,0.59612,0.60303,92107423.0,55354069.24036
2024-07-28 16:00:00,0.60303,0.60493,0.59862,0.60194,42392013.0,25535455.77856
2024-07-28 20:00:00,0.60194,0.60255,0.59724,0.60062,45602315.0,27342302.40783
2024-07-29 00:00:00,0.60062,0.6085,0.59953,0.60606,67693363.0,40901637.53146
2024-07-29 04:00:00,0.60606,0.61139,0.60503,0.60988,127823071.0,77680496.58584
2024-07-29 08:00:00,0.60988,0.61222,0.60468,0.60766,150511566.0,91558150.392
2024-07-29 12:00:00,0.60766,0.61051,0.59334,0.59836,140814194.0,84750790.09819
2024-07-29 16:00:00,0.59836,0.60595,0.5915,0.605,95715057.0,57370200.41603
2024-07-29 20:00:00,0.605,0.60927,0.59903,0.60167,62593627.0,37815127.57743
2024-07-30 00:00:00,0.60167,0.6044,0.59487,0.59995,67781915.0,40632767.40209
2024-07-30 04:00:00,0.59995,0.60193,0.59626,0.59946,78741105.0,47133409.85544
2024-07-30 08:00:00,0.59946,0.63723,0.59695,0.62912,845822326.0,520824106.32113
2024-07-30 12:00:00,0.62912,0.63581,0.61107,0.61727,304283700.0,189414726.61158
2024-07-30 16:00:00,0.61727,0.63572,0.61708,0.62848,325941819.0,204692910.73668
2024-07-30 20:00:00,0.62848,0.63079,0.61859,0.6272,104458440.0,65261484.00487
2024-07-31 00:00:00,0.6272,0.65789,0.62492,0.64892,510957042.0,326889295.54736
2024-07-31 04:00:00,0.64892,0.6536,0.63735,0.64586,295719978.0,190348045.59425
2024-07-31 08:00:00,0.64586,0.65464,0.64238,0.64931,377064558.0,245319187.32713
2024-07-31 12:00:00,0.64931,0.6566,0.644,0.65117,221333571.0,143931072.46567
2024-07-31 16:00:00,0.65117,0.65363,0.62975,0.63318,388116919.0,247768879.92113
2024-07-31 20:00:00,0.63318,0.63471,0.62084,0.6227,253921906.0,159303954.05589
2024-08-01 00:00:00,0.6227,0.62973,0.6075,0.6113,307916332.0,190204843.72151
2024-08-01 04:00:00,0.6113,0.6133,0.59565,0.60801,363115358.0,219612029.55569
2024-08-01 08:00:00,0.60801,0.61099,0.6009,0.60976,221337671.0,134245719.38835
2024-08-01 12:00:00,0.60976,0.6135,0.58225,0.58527,356078580.0,212648828.6084
2024-08-01 16:00:00,0.58527,0.58863,0.56716,0.58204,413881350.0,240299752.21618
2024-08-01 20:00:00,0.58204,0.59957,0.57765,0.59598,116205839.0,68682986.68848
2024-08-02 00:00:00,0.59598,0.59628,0.57944,0.58754,108448079.0,63726620.4689
2024-08-02 04:00:00,0.58754,0.58827,0.55688,0.57254,364005399.0,207795035.57172
2024-08-02 08:00:00,0.57254,0.57842,0.5663,0.57337,119559942.0,68527761.75357
2024-08-02 12:00:00,0.57337,0.58047,0.54572,0.56122,469446998.0,264104685.79315
2024-08-02 16:00:00,0.56122,0.5659,0.55379,0.56221,80926702.0,45373349.22427
2024-08-02 20:00:00,0.56221,0.57253,0.55801,0.56011,105474156.0,59613693.45237
2024-08-03 00:00:00,0.56011,0.56452,0.54252,0.56325,178905508.0,99129690.9108
2024-08-03 04:00:00,0.56325,0.57687,0.56119,0.57544,145690412.0,83214313.37894
2024-08-03 08:00:00,0.57544,0.57544,0.56374,0.56978,142032375.0,80829784.82164
2024-08-03 12:00:00,0.56978,0.57281,0.55473,0.55587,136696522.0,77336592.98576
2024-08-03 16:00:00,0.55587,0.56604,0.54155,0.54212,204752417.0,113601784.63629
2024-08-03 20:00:00,0.54212,0.55814,0.53976,0.55548,89514315.0,49165425.16813
2024-08-04 00:00:00,0.55548,0.55873,0.54971,0.5564,55327296.0,30671147.27445
2024-08-04 04:00:00,0.5564,0.55834,0.54569,0.54742,56821059.0,31354897.8209
2024-08-04 08:00:00,0.54742,0.55109,0.54136,0.54328,101094201.0,55276176.82058
2024-08-04 12:00:00,0.54328,0.5492,0.52488,0.52799,259624268.0,138779821.19164
2024-08-04 16:00:00,0.52799,0.53702,0.5128,0.53534,233182935.0,122286783.5604
2024-08-04 20:00:00,0.53534,0.5395,0.52187,0.52235,104936902.0,55532357.51729
2024-08-05 00:00:00,0.52235,0.5253,0.44824,0.4725,1382559319.0,659744799.08991
2024-08-05 04:00:00,0.4725,0.48047,0.4334,0.46871,919027652.0,417357658.44239
2024-08-05 08:00:00,0.46871,0.47124,0.43749,0.45129,324151487.0,146467390.61232
2024-08-05 12:00:00,0.45129,0.4926,0.43125,0.48834,644345657.0,295766724.91118
2024-08-05 16:00:00,0.48834,0.49825,0.47214,0.47896,148557711.0,72151017.47854
2024-08-05 20:00:00,0.47896,0.4996,0.47873,0.48814,106754902.0,52354422.83624
2024-08-06 00:00:00,0.48814,0.51563,0.48703,0.51092,132837599.0,67504492.86523
2024-08-06 04:00:00,0.51092,0.51873,0.50507,0.51615,135660444.0,69614420.26708
2024-08-06 08:00:00,0.51615,0.51615,0.49686,0.50281,180101293.0,90891796.68237
2024-08-06 12:00:00,0.50281,0.5175,0.49394,0.51059,172106687.0,87065973.54408
2024-08-06 16:00:00,0.51059,0.51718,0.50811,0.51149,131756302.0,67594351.9017
2024-08-06 20:00:00,0.51149,0.51477,0.50273,0.50532,72067795.0,36603696.10685
2024-08-07 00:00:00,0.50532,0.5167,0.49954,0.51455,136391370.0,69556352.87855
2024-08-07 04:00:00,0.51455,0.51876,0.50904,0.51251,117241258.0,60238529.11804
2024-08-07 08:00:00,0.51251,0.51906,0.51149,0.51363,94303559.0,48626519.24223
2024-08-07 12:00:00,0.51363,0.51677,0.49175,0.49927,173635136.0,87609565.48483
2024-08-07 16:00:00,0.49927,0.53809,0.49684,0.53301,1055964383.0,548476800.24288
2024-08-07 20:00:00,0.53301,0.64329,0.51339,0.59973,6985733719.0,4166278180.89947
2024-08-08 00:00:00,0.59973,0.62344,0.57795,0.61007,654558740.0,392277578.5489
2024-08-08 04:00:00,0.61007,0.61683,0.59405,0.60512,392538199.0,236879399.18927
2024-08-08 08:00:00,0.60512,0.62257,0.60435,0.61426,325046682.0,199602094.53292
2024-08-08 12:00:00,0.61426,0.61975,0.59915,0.61247,358532988.0,218834557.38801
2024-08-08 16:00:00,0.61247,0.64188,0.60664,0.62103,346249395.0,216147140.32665
2024-08-08 20:00:00,0.62103,0.62199,0.60552,0.61629,268215576.0,164413434.98947
2024-08-09 00:00:00,0.61629,0.62394,0.60798,0.61476,138553564.0,85180080.15812
2024-08-09 04:00:00,0.61476,0.61667,0.596,0.6025,256548508.0,155272197.46784
2024-08-09 08:00:00,0.6025,0.605,0.5811,0.5869,317687857.0,187440191.97225
2024-08-09 12:00:00,0.5869,0.5888,0.5666,0.5729,343738977.0,198071382.7582
2024-08-09 16:00:00,0.5729,0.5849,0.5712,0.5807,130997752.0,75718352.4849
2024-08-09 20:00:00,0.5807,0.5824,0.5731,0.5806,59576733.0,34441882.2992
2024-08-10 00:00:00,0.5806,0.5938,0.5775,0.5888,125482345.0,73425807.5382
2024-08-10 04:00:00,0.5888,0.5916,0.5832,0.5858,68444860.0,40150967.5068
2024-08-10 08:00:00,0.5858,0.5905,0.5841,0.5888,72949994.0,42833797.9029
2024-08-10 12:00:00,0.5888,0.6016,0.5883,0.5966,203460484.0,121461917.9259
2024-08-10 16:00:00,0.5966,0.6004,0.5871,0.5906,87258124.0,51788086.3922
2024-08-10 20:00:00,0.5906,0.5952,0.581,0.5836,65487894.0,38520670.6077
2024-08-11 00:00:00,0.5836,0.5929,0.5821,0.5886,49138560.0,28944122.7843
2024-08-11 04:00:00,0.5886,0.5925,0.5854,0.5911,49288635.0,29047035.0704
2024-08-11 08:00:00,0.5911,0.5925,0.5728,0.5757,171674189.0,99692376.1716
2024-08-11 12:00:00,0.5757,0.5758,0.5621,0.5661,187115572.0,106652845.1643
2024-08-11 16:00:00,0.5661,0.5708,0.5577,0.5588,86651849.0,48886166.76343
2024-08-11 20:00:00,0.5588,0.5592,0.5447,0.5521,206071521.0,113908516.92875
2024-08-12 00:00:00,0.5521,0.5656,0.5494,0.5634,110663302.0,61724686.4856
2024-08-12 04:00:00,0.5634,0.5703,0.5561,0.5673,96318469.0,54222263.2333
2024-08-12 08:00:00,0.5673,0.5797,0.5661,0.5759,198870997.0,113970167.9499
2024-08-12 12:00:00,0.5759,0.5772,0.5545,0.5708,357317050.0,203091774.5108
2024-08-12 16:00:00,0.5708,0.5785,0.56,0.5687,150410222.0,85820725.647
2024-08-12 20:00:00,0.5687,0.572,0.5595,0.5679,93894115.0,53127174.7899
2024-08-13 00:00:00,0.5679,0.5719,0.5627,0.5647,81672557.0,46396023.5741
2024-08-13 04:00:00,0.5647,0.573,0.5621,0.5724,83203408.0,47237055.4172
2024-08-13 08:00:00,0.5724,0.5784,0.5646,0.5749,140956540.0,80604624.9677
2024-08-13 12:00:00,0.5749,0.578,0.5648,0.5733,162209472.0,92720956.4931
2024-08-13 16:00:00,0.5733,0.5831,0.5723,0.5772,80715976.0,46698792.2018
2024-08-13 20:00:00,0.5772,0.5795,0.5725,0.5762,49171209.0,28308482.4922
2024-08-14 00:00:00,0.5762,0.5807,0.5704,0.5789,60258389.0,34693153.2228
2024-08-14 04:00:00,0.5789,0.5807,0.5739,0.5758,65665553.0,37897736.7392
2024-08-14 08:00:00,0.5758,0.582,0.5743,0.5789,54898961.0,31747433.4169
2024-08-14 12:00:00,0.5789,0.5819,0.5634,0.5734,195918913.0,112173841.8755
2024-08-14 16:00:00,0.5734,0.5751,0.5659,0.567,73325726.0,41890588.204
2024-08-14 20:00:00,0.567,0.5696,0.5645,0.5682,42302599.0,23997642.9725
2024-08-15 00:00:00,0.5682,0.5734,0.5665,0.5717,55881198.0,31910992.2089
2024-08-15 04:00:00,0.5717,0.5719,0.5613,0.5658,66561116.0,37654311.1566
2024-08-15 08:00:00,0.5658,0.5697,0.5617,0.5691,54140159.0,30614487.1728
2024-08-15 12:00:00,0.5691,0.5728,0.5655,0.571,84252736.0,47956132.4492
2024-08-15 16:00:00,0.571,0.5719,0.5525,0.5558,146592399.0,82069771.7855
2024-08-15 20:00:00,0.5558,0.5618,0.5501,0.56,46337866.0,25753334.7711
2024-08-16 00:00:00,0.56,0.568,0.5573,0.5619,42162371.0,23716133.8304
2024-08-16 04:00:00,0.5619,0.569,0.5592,0.5669,33938132.0,19164464.5393
2024-08-16 08:00:00,0.5669,0.5707,0.5638,0.5656,45531982.0,25852982.1014
2024-08-16 12:00:00,0.5656,0.5673,0.5528,0.5576,96926155.0,54186323.0707
2024-08-16 16:00:00,0.5576,0.5683,0.5562,0.566,54211247.0,30467308.4813
2024-08-16 20:00:00,0.566,0.5676,0.5621,0.5632,27937386.0,15779404.9375
2024-08-17 00:00:00,0.5632,0.5646,0.5604,0.5626,25955933.0,14596043.1418
2024-08-17 04:00:00,0.5626,0.5655,0.5619,0.5642,21313807.0,12020038.5925
2024-08-17 08:00:00,0.5642,0.5648,0.5619,0.5644,21346774.0,12028437.3635
2024-08-17 12:00:00,0.5644,0.5685,0.5638,0.5661,46114489.0,26110927.1117
2024-08-17 16:00:00,0.5661,0.5705,0.5661,0.5668,23995461.0,13627709.8114
2024-08-17 20:00:00,0.5668,0.5673,0.5637,0.566,22736537.0,12852799.4952
2024-08-18 00:00:00,0.566,0.569,0.5645,0.5653,20925820.0,11852074.1562
2024-08-18 04:00:00,0.5653,0.5664,0.564,0.5648,21055044.0,11898947.8472
2024-08-18 08:00:00,0.5648,0.5702,0.5642,0.5674,34862744.0,19774693.617
2024-08-18 12:00:00,0.5674,0.5835,0.5667,0.573,166986033.0,96146868.3125
2024-08-18 16:00:00,0.573,0.575,0.5678,0.5719,30484183.0,17413412.7832
2024-08-18 20:00:00,0.5719,0.5737,0.562,0.5626,46151501.0,26207191.182
2024-08-19 00:00:00,0.5626,0.5672,0.56,0.5656,42509562.0,23965453.7276
2024-08-19 04:00:00,0.5656,0.576,0.5646,0.573,57544452.0,32834521.8536
2024-08-19 08:00:00,0.573,0.5895,0.5728,0.5848,154858081.0,90125459.4712
2024-08-19 12:00:00,0.5848,0.5861,0.5742,0.5788,95069193.0,55033977.2589
2024-08-19 16:00:00,0.5788,0.6086,0.578,0.6019,249218354.0,148307845.6004
2024-08-19 20:00:00,0.6019,0.6027,0.5935,0.5977,57181114.0,34147728.3105
2024-08-20 00:00:00,0.5977,0.6099,0.5964,0.6075,105528698.0,63860972.2552
2024-08-20 04:00:00,0.6075,0.6128,0.6051,0.6064,91973552.0,55977291.3544
2024-08-20 08:00:00,0.6064,0.6146,0.6059,0.6083,50988471.0,31062012.7517
2024-08-20 12:00:00,0.6083,0.6091,0.5863,0.5893,150354530.0,89831631.8493
2024-08-20 16:00:00,0.5893,0.6027,0.5884,0.6,54735463.0,32640867.3278
2024-08-20 20:00:00,0.6,0.6,0.5911,0.593,50897005.0,30283388.2771
2024-08-21 00:00:00,0.593,0.6013,0.5917,0.5952,41656088.0,24822313.484
2024-08-21 04:00:00,0.5952,0.5991,0.5929,0.5979,30132946.0,17955656.1805
2024-08-21 08:00:00,0.5979,0.5995,0.5927,0.5954,37977183.0,22650854.3086
2024-08-21 12:00:00,0.5954,0.5978,0.5843,0.5918,131155438.0,77598075.2782
2024-08-21 16:00:00,0.5918,0.6052,0.5895,0.6018,87323363.0,52230848.6063
2024-08-21 20:00:00,0.6018,0.6035,0.5978,0.5994,40320334.0,24226768.0075
2024-08-22 00:00:00,0.5994,0.6008,0.5912,0.5977,40876672.0,24408233.0344
2024-08-22 04:00:00,0.5977,0.6036,0.5957,0.6011,45121676.0,27064918.3156
2024-08-22 08:00:00,0.6011,0.6041,0.5976,0.6023,51772562.0,31114750.9653
2024-08-22 12:00:00,0.6023,0.6023,0.5938,0.5948,71988857.0,43017309.3401
2024-08-22 16:00:00,0.5948,0.5996,0.5944,0.5981,33738864.0,20143319.0931
2024-08-22 20:00:00,0.5981,0.599,0.5933,0.5971,30629493.0,18250174.1121
2024-08-23 00:00:00,0.5971,0.6021,0.596,0.5981,40371771.0,24194604.9124
2024-08-23 04:00:00,0.5981,0.6012,0.5953,0.5987,38564155.0,23093695.7927
2024-08-23 08:00:00,0.5987,0.6003,0.5965,0.5966,38998975.0,23344307.349
2024-08-23 12:00:00,0.5966,0.6038,0.5899,0.5984,135226654.0,80769354.8576
2024-08-23 16:00:00,0.5984,0.6092,0.5978,0.6069,68713275.0,41507658.1341
2024-08-23 20:00:00,0.6069,0.6159,0.6047,0.6104,89789387.0,54786880.37235
2024-08-24 00:00:00,0.6104,0.6105,0.6037,0.6076,38138804.0,23143328.294
2024-08-24 04:00:00,0.6076,0.6121,0.6056,0.6082,36339294.0,22138058.274
2024-08-24 08:00:00,0.6082,0.6144,0.6069,0.6097,42500219.0,25944351.8443
2024-08-24 12:00:00,0.6097,0.6308,0.6095,0.6195,187099036.0,116535296.92183
2024-08-24 16:00:00,0.6195,0.6256,0.6164,0.6192,54791687.0,34050276.011
2024-08-24 20:00:00,0.6192,0.624,0.6029,0.612,130954347.0,79968948.395
2024-08-25 00:00:00,0.612,0.6143,0.6033,0.6072,64127384.0,39022519.8809
2024-08-25 04:00:00,0.6072,0.609,0.5941,0.5986,113056211.0,67834200.5565
2024-08-25 08:00:00,0.5986,0.6027,0.5959,0.6006,59137597.0,35457371.3988
2024-08-25 12:00:00,0.6006,0.6058,0.5995,0.602,42247324.0,25475987.9498
2024-08-25 16:00:00,0.602,0.6038,0.5983,0.5995,30769880.0,18466221.996
2024-08-25 20:00:00,0.5995,0.6041,0.5982,0.5994,40232014.0,24191958.748
2024-08-26 00:00:00,0.5994,0.6013,0.5908,0.5961,71746864.0,42772211.0268
2024-08-26 04:00:00,0.5961,0.5978,0.5912,0.5948,43226352.0,25704433.3755
2024-08-26 08:00:00,0.5948,0.5993,0.5923,0.5952,50106652.0,29870639.3732
2024-08-26 12:00:00,0.5952,0.5958,0.5839,0.5923,113019135.0,66679565.245
2024-08-26 16:00:00,0.5923,0.5932,0.5766,0.5808,115192290.0,67315143.4401
2024-08-26 20:00:00,0.5808,0.5894,0.5786,0.5868,35787250.0,20926140.8055
2024-08-27 00:00:00,0.5868,0.5948,0.586,0.5923,36286684.0,21444080.1823
2024-08-27 04:00:00,0.5923,0.594,0.586,0.5902,47373440.0,27955895.0412
2024-08-27 08:00:00,0.5902,0.592,0.5829,0.5867,72962733.0,42789013.557
2024-08-27 12:00:00,0.5867,0.5988,0.5845,0.5934,117713891.0,69687021.0926
2024-08-27 16:00:00,0.5934,0.5995,0.5913,0.5924,79927987.0,47615820.6976
2024-08-27 20:00:00,0.5924,0.5926,0.5513,0.5659,386933328.0,219773797.4516
2024-08-28 00:00:00,0.5659,0.5695,0.559,0.5674,65992022.0,37294287.9974
2024-08-28 04:00:00,0.5674,0.5741,0.5662,0.5689,63629259.0,36281971.6107
2024-08-28 08:00:00,0.5689,0.5831,0.5637,0.58,152263411.0,87519239.4762
2024-08-28 12:00:00,0.58,0.5839,0.5629,0.5686,106950315.0,61222343.2918
2024-08-28 16:00:00,0.5686,0.5764,0.5548,0.5715,111834028.0,62861174.7122
2024-08-28 20:00:00,0.5715,0.577,0.565,0.5685,46272322.0,26393975.2937
2024-08-29 00:00:00,0.5685,0.5727,0.5672,0.5706,28232193.0,16090030.4505
2024-08-29 04:00:00,0.5706,0.5762,0.5699,0.5739,30415476.0,17438464.3032
2024-08-29 08:00:00,0.5739,0.5758,0.5704,0.5739,34815491.0,19952605.3045
2024-08-29 12:00:00,0.5739,0.5752,0.5701,0.5714,52865607.0,30276647.7142
2024-08-29 16:00:00,0.5714,0.5758,0.5573,0.5622,95629512.0,54014432.7433
2024-08-29 20:00:00,0.5622,0.5648,0.556,0.5616,54609352.0,30612221.8999
2024-08-30 00:00:00,0.5616,0.5647,0.5595,0.5612,50206252.0,28211447.6471
2024-08-30 04:00:00,0.5612,0.5653,0.5582,0.5636,38793182.0,21788783.4508
2024-08-30 08:00:00,0.5636,0.5647,0.5603,0.5631,28697786.0,16155039.0742
2024-08-30 12:00:00,0.5631,0.5674,0.545,0.5477,368843953.0,206833108.6792
2024-08-30 16:00:00,0.5477,0.5625,0.5457,0.5612,48551991.0,26871366.9798
2024-08-30 20:00:00,0.5612,0.5672,0.5596,0.5662,23168682.0,13071762.7225
2024-08-31 00:00:00,0.5662,0.5678,0.564,0.5643,18645829.0,10546741.323
2024-08-31 04:00:00,0.5643,0.568,0.5638,0.566,21582037.0,12222219.2233
2024-08-31 08:00:00,0.566,0.5718,0.5639,0.5685,34055255.0,19345746.3333
2024-08-31 12:00:00,0.5685,0.5697,0.5638,0.5659,25345241.0,14362175.4245
2024-08-31 16:00:00,0.5659,0.5678,0.5616,0.5672,20795870.0,11743855.7944
2024-08-31 20:00:00,0.5672,0.568,0.5651,0.5658,12074911.0,6839879.5368
2024-09-01 00:00:00,0.5658,0.5661,0.5585,0.5603,29465589.0,16537213.6543
2024-09-01 04:00:00,0.5603,0.5604,0.5525,0.5585,43279420.0,24101095.8313
2024-09-01 08:00:00,0.5585,0.5597,0.555,0.5576,28781344.0,16036581.1201
2024-09-01 12:00:00,0.5576,0.5583,0.5508,0.556,45673480.0,25327569.9685
2024-09-01 16:00:00,0.556,0.5606,0.5516,0.5591,29927503.0,16654150.9836
2024-09-01 20:00:00,0.5591,0.5618,0.5424,0.5465,84823187.0,46597265.5489
2024-09-02 00:00:00,0.5465,0.5506,0.5455,0.5494,23147946.0,12687962.1073
2024-09-02 04:00:00,0.5494,0.5505,0.5437,0.5459,28880009.0,15813058.5665
2024-09-02 08:00:00,0.5459,0.5569,0.5451,0.5543,38793263.0,21422419.3244
2024-09-02 12:00:00,0.5543,0.5592,0.5501,0.5575,39440744.0,21881007.4696
2024-09-02 16:00:00,0.5575,0.5673,0.5552,0.5672,40926805.0,22971947.1526
2024-09-02 20:00:00,0.5672,0.5681,0.5635,0.5669,25172796.0,14251385.4546
2024-09-03 00:00:00,0.5669,0.572,0.5649,0.5658,40412297.0,22938481.3474
2024-09-03 04:00:00,0.5658,0.5691,0.5644,0.5688,27309476.0,15459163.5473
2024-09-03 08:00:00,0.5688,0.5717,0.5653,0.5695,39615284.0,22536800.5246
2024-09-03 12:00:00,0.5695,0.5719,0.5565,0.5589,103708885.0,58364646.5535
2024-09-03 16:00:00,0.5589,0.5654,0.558,0.565,42756248.0,24009632.149
2024-09-03 20:00:00,0.565,0.5669,0.5559,0.5568,34036465.0,19130158.2498
2024-09-04 00:00:00,0.5568,0.5599,0.5315,0.5527,207958449.0,112886724.0077
2024-09-04 04:00:00,0.5527,0.5549,0.549,0.554,27800622.0,15337084.005
2024-09-04 08:00:00,0.554,0.5565,0.5481,0.5502,49974937.0,27591682.7532
2024-09-04 12:00:00,0.5502,0.5625,0.5464,0.5616,68686516.0,38075637.4789
2024-09-04 16:00:00,0.5616,0.5645,0.5556,0.557,44726595.0,25059834.3087
2024-09-04 20:00:00,0.557,0.5605,0.5552,0.5574,26555899.0,14809276.5098
2024-09-05 00:00:00,0.5574,0.5594,0.5509,0.5525,28216851.0,15662795.0556
2024-09-05 04:00:00,0.5525,0.5542,0.549,0.5529,27225457.0,15025609.5144
2024-09-05 08:00:00,0.5529,0.5542,0.5478,0.5499,40837659.0,22476978.6341
2024-09-05 12:00:00,0.5499,0.5552,0.5445,0.5459,59704684.0,32814219.0641
2024-09-05 16:00:00,0.5459,0.5476,0.539,0.5424,54108221.0,29411617.0534
2024-09-05 20:00:00,0.5424,0.5448,0.5405,0.5438,21110609.0,11459539.899
2024-09-06 00:00:00,0.5438,0.5465,0.5398,0.5448,20700910.0,11246720.538
2024-09-06 04:00:00,0.5448,0.5459,0.5318,0.5346,69662052.0,37561127.7014
2024-09-06 08:00:00,0.5346,0.5395,0.5334,0.5379,53957710.0,28929589.9601
2024-09-06 12:00:00,0.5379,0.5448,0.5214,0.5258,183868152.0,97884458.27653
2024-09-06 16:00:00,0.5258,0.5262,0.5125,0.515,100049542.0,51901242.26076
2024-09-06 20:00:00,0.515,0.5214,0.5018,0.5206,95898188.0,48960377.95592
2024-09-07 00:00:00,0.5206,0.5235,0.5189,0.5217,18534935.0,9655996.1987
2024-09-07 04:00:00,0.5217,0.5299,0.5213,0.5289,35626761.0,18763498.3241
2024-09-07 08:00:00,0.5289,0.5293,0.5256,0.5269,21302051.0,11228078.9864
2024-09-07 12:00:00,0.5269,0.5324,0.5269,0.5308,31494864.0,16682781.1054
2024-09-07 16:00:00,0.5308,0.5313,0.5249,0.5299,23198840.0,12254771.6231
2024-09-07 20:00:00,0.5299,0.5301,0.5221,0.5244,26401010.0,13865857.9691
2024-09-08 00:00:00,0.5244,0.5276,0.5234,0.5275,14829617.0,7799093.8363
2024-09-08 04:00:00,0.5275,0.5298,0.5269,0.5285,18302784.0,9670522.9481
2024-09-08 08:00:00,0.5285,0.5312,0.5273,0.5281,13328590.0,7056832.6806
2024-09-08 12:00:00,0.5281,0.5287,0.5213,0.5216,46976950.0,24663380.9299
2024-09-08 16:00:00,0.5216,0.5265,0.5201,0.5249,18437471.0,9649257.9805
2024-09-08 20:00:00,0.5249,0.5305,0.5232,0.5288,23432573.0,12354735.1629
2024-09-09 00:00:00,0.5288,0.5304,0.5266,0.5297,18010131.0,9522418.5626
2024-09-09 04:00:00,0.5297,0.531,0.5262,0.5306,17888319.0,9452300.0117
2024-09-09 08:00:00,0.5306,0.5337,0.5293,0.5306,27180531.0,14449675.6029
2024-09-09 12:00:00,0.5306,0.5332,0.527,0.529,34330859.0,18182579.2981
2024-09-09 16:00:00,0.529,0.5388,0.5287,0.5384,53623168.0,28674631.6209
2024-09-09 20:00:00,0.5384,0.5426,0.5356,0.5389,31268807.0,16854491.1109
2024-09-10 00:00:00,0.5389,0.5389,0.533,0.5334,21887941.0,11712616.0437
2024-09-10 04:00:00,0.5334,0.5395,0.5332,0.5384,25581764.0,13722614.6239
2024-09-10 08:00:00,0.5384,0.541,0.5356,0.538,29952272.0,16115363.1712
2024-09-10 12:00:00,0.538,0.5403,0.5351,0.5358,28869274.0,15518699.5693
2024-09-10 16:00:00,0.5358,0.5415,0.5352,0.5399,18484650.0,9942498.3438
2024-09-10 20:00:00,0.5399,0.5426,0.5388,0.5403,12542788.0,6783432.2125
2024-09-11 00:00:00,0.5403,0.5409,0.5313,0.5333,30704438.0,16440122.8797
2024-09-11 04:00:00,0.5333,0.5348,0.5298,0.5334,28045515.0,14919130.8286
2024-09-11 08:00:00,0.5334,0.5343,0.5312,0.5337,15732012.0,8380494.4548
2024-09-11 12:00:00,0.5337,0.5352,0.5225,0.5318,88155209.0,46687307.1275
2024-09-11 16:00:00,0.5318,0.5382,0.5316,0.5365,27516021.0,14732216.5649
2024-09-11 20:00:00,0.5365,0.5375,0.5341,0.5347,18116586.0,9697273.3766
2024-09-12 00:00:00,0.5347,0.5396,0.5331,0.5373,26685475.0,14307395.6522
2024-09-12 04:00:00,0.5373,0.5389,0.5347,0.5378,25870216.0,13883439.2887
2024-09-12 08:00:00,0.5378,0.5394,0.5366,0.5372,21414270.0,11521100.9238
2024-09-12 12:00:00,0.5372,0.5885,0.5352,0.5574,825200059.0,468766272.2453
2024-09-12 16:00:00,0.5574,0.5636,0.5543,0.5627,92184154.0,51601686.3398
2024-09-12 20:00:00,0.5627,0.5664,0.5604,0.5621,50900477.0,28662548.3416
2024-09-13 00:00:00,0.5621,0.5634,0.5553,0.5608,46554658.0,25995427.5955
2024-09-13 04:00:00,0.5608,0.5733,0.5593,0.5634,134890088.0,76481838.4682
2024-09-13 08:00:00,0.5634,0.5685,0.5615,0.5624,72265265.0,40820609.6003
2024-09-13 12:00:00,0.5624,0.5726,0.5619,0.571,100488820.0,57096781.2142
2024-09-13 16:00:00,0.571,0.572,0.5656,0.567,40338492.0,22918907.1987
2024-09-13 20:00:00,0.567,0.5741,0.5666,0.5724,41807225.0,23888860.9903
2024-09-14 00:00:00,0.5724,0.5799,0.57,0.5773,50353646.0,28958267.8643
2024-09-14 04:00:00,0.5773,0.5802,0.5735,0.5787,55097995.0,31789022.7647
2024-09-14 08:00:00,0.5787,0.5921,0.5779,0.5867,210008044.0,122773201.027
2024-09-14 12:00:00,0.5867,0.59,0.5825,0.5869,105302492.0,61747993.8046
2024-09-14 16:00:00,0.5869,0.5943,0.5861,0.5909,89321308.0,52683725.6154
2024-09-14 20:00:00,0.5909,0.599,0.5893,0.5953,172118008.0,102323722.0392
2024-09-15 00:00:00,0.5953,0.5956,0.5865,0.5876,90249505.0,53339347.0327
2024-09-15 04:00:00,0.5876,0.5896,0.5848,0.5884,47960604.0,28170467.7839
2024-09-15 08:00:00,0.5884,0.5903,0.5807,0.5832,93390288.0,54655708.6189
2024-09-15 12:00:00,0.5832,0.5892,0.5819,0.5881,62102516.0,36372091.5344
2024-09-15 16:00:00,0.5881,0.5886,0.5813,0.5834,45529418.0,26623543.4388
2024-09-15 20:00:00,0.5834,0.5838,0.5678,0.5706,112238955.0,64554700.7466
2024-09-16 00:00:00,0.5706,0.5714,0.5591,0.5681,115785318.0,65381270.7852
2024-09-16 04:00:00,0.5681,0.5746,0.5667,0.5714,67628028.0,38610120.0851
2024-09-16 08:00:00,0.5714,0.5743,0.5683,0.5705,37744742.0,21553472.7736
2024-09-16 12:00:00,0.5705,0.5737,0.5644,0.5681,80032293.0,45514987.9803
2024-09-16 16:00:00,0.5681,0.591,0.568,0.5864,82727337.0,47897810.7114
2024-09-16 20:00:00,0.5864,0.5888,0.5778,0.5861,57118776.0,33334292.8126
2024-09-17 00:00:00,0.5861,0.5885,0.5784,0.5863,56785499.0,33150455.5744
2024-09-17 04:00:00,0.5863,0.5899,0.5833,0.585,41343346.0,24243251.9309
2024-09-17 08:00:00,0.585,0.5882,0.5832,0.5842,27911255.0,16348422.6962
2024-09-17 12:00:00,0.5842,0.5929,0.5798,0.5906,75959718.0,44576985.388
2024-09-17 16:00:00,0.5906,0.5906,0.5838,0.5889,39674022.0,23303465.9579
2024-09-17 20:00:00,0.5889,0.5893,0.5829,0.5836,29441452.0,17247587.4631
2024-09-18 00:00:00,0.5836,0.5837,0.5752,0.5798,48553093.0,28146855.0457
2024-09-18 04:00:00,0.5798,0.5817,0.5753,0.5772,32550887.0,18819541.4718
2024-09-18 08:00:00,0.5772,0.5778,0.5693,0.5724,77336547.0,44313424.6542
2024-09-18 12:00:00,0.5724,0.5726,0.5616,0.5643,79500915.0,45142505.1489
2024-09-18 16:00:00,0.5643,0.5813,0.5632,0.5745,138416561.0,79526981.3194
2024-09-18 20:00:00,0.5745,0.5854,0.5709,0.5848,38729084.0,22427078.8051
2024-09-19 00:00:00,0.5848,0.5896,0.5809,0.585,77171608.0,45194030.5416
2024-09-19 04:00:00,0.585,0.588,0.5818,0.5848,39214868.0,22930257.3252
2024-09-19 08:00:00,0.5848,0.5868,0.5809,0.5855,57864990.0,33773533.7455
2024-09-19 12:00:00,0.5855,0.5926,0.583,0.5857,79008517.0,46399582.5564
2024-09-19 16:00:00,0.5857,0.5944,0.5856,0.5892,50159120.0,29638277.4686
2024-09-19 20:00:00,0.5892,0.5932,0.5845,0.5866,41904040.0,24651721.8151
2024-09-20 00:00:00,0.5866,0.5881,0.5764,0.588,75576331.0,43932763.6579
2024-09-20 04:00:00,0.588,0.5926,0.5852,0.5906,67464009.0,39730790.2424
2024-09-20 08:00:00,0.5906,0.591,0.5832,0.5845,75458639.0,44338739.9891
2024-09-20 12:00:00,0.5845,0.5874,0.5771,0.5797,85208392.0,49545260.0893
2024-09-20 16:00:00,0.5797,0.5837,0.5758,0.5824,51700016.0,29943267.7966
2024-09-20 20:00:00,0.5824,0.5878,0.5823,0.5845,37996172.0,22229581.1133
2024-09-21 00:00:00,0.5845,0.5847,0.5798,0.5809,34113983.0,19853304.8468
2024-09-21 04:00:00,0.5809,0.5833,0.5795,0.5831,25747716.0,14973940.6936
2024-09-21 08:00:00,0.5831,0.5852,0.5821,0.5842,24621982.0,14374185.5183
2024-09-21 12:00:00,0.5842,0.5874,0.5825,0.5864,50478901.0,29530290.0449
2024-09-21 16:00:00,0.5864,0.6124,0.5858,0.5996,210494954.0,126910329.3958
2024-09-21 20:00:00,0.5996,0.6035,0.5942,0.5972,65039560.0,38881272.8866
2024-09-22 00:00:00,0.5972,0.6049,0.5949,0.5984,71304628.0,42741032.9693
2024-09-22 04:00:00,0.5984,0.5998,0.5927,0.5956,61352862.0,36574864.805
2024-09-22 08:00:00,0.5956,0.5967,0.59,0.5925,47717766.0,28280529.1334
2024-09-22 12:00:00,0.5925,0.5934,0.5835,0.5886,60379025.0,35502782.0051
2024-09-22 16:00:00,0.5886,0.5928,0.585,0.5896,32632341.0,19240505.0239
2024-09-22 20:00:00,0.5896,0.5916,0.5774,0.5868,83352471.0,48626626.4908
2024-09-23 00:00:00,0.5868,0.5956,0.5783,0.5934,56800520.0,33415344.3692
2024-09-23 04:00:00,0.5934,0.5953,0.5872,0.5885,36659712.0,21655902.2917
2024-09-23 08:00:00,0.5885,0.5895,0.5833,0.5863,44003239.0,25791105.873
2024-09-23 12:00:00,0.5863,0.5901,0.5837,0.5877,50225139.0,29480916.095
2024-09-23 16:00:00,0.5877,0.589,0.584,0.5875,15675738.0,9187655.6731
2024-09-23 20:00:00,0.5875,0.5875,0.5826,0.5845,23153073.0,13546630.6254
2024-09-24 00:00:00,0.5845,0.5865,0.581,0.5853,42313054.0,24712342.5086
2024-09-24 04:00:00,0.5853,0.5875,0.5832,0.5866,25562852.0,14963268.6147
2024-09-24 08:00:00,0.5866,0.5906,0.5862,0.588,38030303.0,22384190.7423
2024-09-24 12:00:00,0.588,0.5908,0.5809,0.5831,71640000.0,41924616.2722
2024-09-24 16:00:00,0.5831,0.5916,0.582,0.5909,29017013.0,17018707.6504
2024-09-24 20:00:00,0.5909,0.5927,0.5879,0.5908,30183728.0,17820586.4606
2024-09-25 00:00:00,0.5908,0.5957,0.5893,0.5933,47864723.0,28362333.94
2024-09-25 04:00:00,0.5933,0.594,0.5845,0.5874,37893662.0,22296528.9169
2024-09-25 08:00:00,0.5874,0.5906,0.5861,0.5901,26193345.0,15410075.2398
2024-09-25 12:00:00,0.5901,0.5921,0.5847,0.585,44080762.0,25973633.8795
2024-09-25 16:00:00,0.585,0.5875,0.5827,0.5844,25773385.0,15071043.1265
2024-09-25 20:00:00,0.5844,0.5872,0.582,0.5828,22774850.0,13303646.3271
2024-09-26 00:00:00,0.5828,0.5845,0.5734,0.582,69858977.0,40420379.9978
2024-09-26 04:00:00,0.582,0.5888,0.5815,0.5878,46629307.0,27302796.5247
2024-09-26 08:00:00,0.5878,0.591,0.5855,0.5896,37208535.0,21896424.5168
2024-09-26 12:00:00,0.5896,0.5941,0.5876,0.5925,61929196.0,36564298.3915
2024-09-26 16:00:00,0.5925,0.5961,0.5907,0.5924,37184355.0,22063088.5797
2024-09-26 20:00:00,0.5924,0.5937,0.5867,0.5903,33246699.0,19621028.427
2024-09-27 00:00:00,0.5903,0.5911,0.5822,0.5862,52257455.0,30619148.3373
2024-09-27 04:00:00,0.5862,0.5926,0.586,0.5891,48441544.0,28531132.2597
2024-09-27 08:00:00,0.5891,0.592,0.5851,0.587,53878664.0,31681705.852
2024-09-27 12:00:00,0.587,0.5972,0.5864,0.5881,101565282.0,60041046.2193
2024-09-27 16:00:00,0.5881,0.5917,0.5854,0.5869,45598158.0,26812176.3722
2024-09-27 20:00:00,0.5869,0.5892,0.5838,0.5884,24260199.0,14226624.1896
2024-09-28 00:00:00,0.5884,0.593,0.588,0.5907,24874200.0,14691545.7463
2024-09-28 04:00:00,0.5907,0.6121,0.5852,0.6077,228449280.0,137493787.3022
2024-09-28 08:00:00,0.6077,0.6237,0.5962,0.6172,654996782.0,398990736.2539
2024-09-28 12:00:00,0.6172,0.6247,0.6112,0.6174,164947951.0,102090959.3113
2024-09-28 16:00:00,0.6174,0.6262,0.6155,0.6226,108092332.0,67305155.3659
2024-09-28 20:00:00,0.6226,0.6242,0.6119,0.6139,84421773.0,52008037.7919
2024-09-29 00:00:00,0.6139,0.6166,0.6074,0.6129,85417463.0,52196547.1626
2024-09-29 04:00:00,0.6129,0.6326,0.6102,0.6281,234830403.0,146106753.24752
2024-09-29 08:00:00,0.6281,0.6307,0.6212,0.6242,112361471.0,70286740.8513
2024-09-29 12:00:00,0.6242,0.6654,0.6206,0.6597,753684951.0,488456271.6945
2024-09-29 16:00:00,0.6597,0.6617,0.6484,0.6522,137989306.0,90231345.7113
2024-09-29 20:00:00,0.6522,0.6524,0.637,0.6412,130365618.0,83856880.663
2024-09-30 00:00:00,0.6412,0.6513,0.6348,0.6452,183316347.0,117860917.4774
2024-09-30 04:00:00,0.6452,0.6539,0.64,0.6452,147498926.0,95410202.7688
2024-09-30 08:00:00,0.6452,0.6548,0.6249,0.6299,234698612.0,149610140.385
2024-09-30 12:00:00,0.6299,0.6368,0.6171,0.6176,156396775.0,97960279.2299
2024-09-30 16:00:00,0.6176,0.6237,0.6164,0.6225,66116441.0,40977599.4044
2024-09-30 20:00:00,0.6225,0.6247,0.6084,0.6115,97957497.0,60373064.1715
2024-10-01 00:00:00,0.6115,0.6249,0.6098,0.6226,65795818.0,40729687.2785
2024-10-01 04:00:00,0.6226,0.6291,0.6179,0.6283,88903461.0,55525618.6576
2024-10-01 08:00:00,0.6283,0.6341,0.6253,0.6283,106015263.0,66813846.7532
2024-10-01 12:00:00,0.6283,0.6302,0.5926,0.6118,458390331.0,279897137.7851
2024-10-01 16:00:00,0.6118,0.6275,0.5774,0.6098,1145262811.0,693768670.3851
2024-10-01 20:00:00,0.6098,0.6205,0.5879,0.5968,272739808.0,164279085.0784
2024-10-02 00:00:00,0.5968,0.6064,0.5939,0.6024,71788747.0,43217512.8866
2024-10-02 04:00:00,0.6024,0.6049,0.5953,0.6004,104990118.0,63001901.9799
2024-10-02 08:00:00,0.6004,0.6033,0.5797,0.5857,171975697.0,101396612.2777
2024-10-02 12:00:00,0.5857,0.5927,0.5758,0.5842,164156515.0,95799447.6884
2024-10-02 16:00:00,0.5842,0.5898,0.5647,0.575,150107942.0,86226423.1546
2024-10-02 20:00:00,0.575,0.578,0.5266,0.5381,993345239.0,545903372.5363
2024-10-03 00:00:00,0.5381,0.5444,0.5229,0.5376,256497408.0,136777009.7206
2024-10-03 04:00:00,0.5376,0.5416,0.5185,0.5186,228721402.0,121282512.327
2024-10-03 08:00:00,0.5186,0.5254,0.5066,0.5169,240326724.0,123947194.3123
2024-10-03 12:00:00,0.5169,0.528,0.5114,0.5221,195794292.0,101605730.9382
2024-10-03 16:00:00,0.5221,0.5277,0.5115,0.5271,96060776.0,50087296.4864
2024-10-03 20:00:00,0.5271,0.5271,0.5204,0.5217,34086276.0,17842785.2659
2024-10-04 00:00:00,0.5217,0.5273,0.5147,0.5246,126069689.0,65575573.3253
2024-10-04 04:00:00,0.5246,0.5284,0.5204,0.5239,71231172.0,37380892.0254
2024-10-04 08:00:00,0.5239,0.5278,0.5215,0.525,53865036.0,28227584.225
2024-10-04 12:00:00,0.525,0.528,0.5151,0.5217,134997769.0,70415887.436
2024-10-04 16:00:00,0.5217,0.5388,0.5212,0.5355,80362387.0,42750685.6215
2024-10-04 20:00:00,0.5355,0.5358,0.5312,0.5337,43356357.0,23123125.8697
2024-10-05 00:00:00,0.5337,0.5351,0.5262,0.5274,74586497.0,39548266.9936
2024-10-05 04:00:00,0.5274,0.5345,0.5266,0.5327,32779079.0,17414044.9726
2024-10-05 08:00:00,0.5327,0.5349,0.5309,0.5312,28736467.0,15303832.0755
2024-10-05 12:00:00,0.5312,0.5325,0.5284,0.5301,36876495.0,19564333.2984
2024-10-05 16:00:00,0.5301,0.535,0.5257,0.5333,48188736.0,25530566.7908
2024-10-05 20:00:00,0.5333,0.5341,0.5263,0.5291,43042607.0,22816021.8423
2024-10-06 00:00:00,0.5291,0.5328,0.5276,0.5293,25221983.0,13383481.8492
2024-10-06 04:00:00,0.5293,0.5323,0.5284,0.5309,27862337.0,14776033.5455
2024-10-06 08:00:00,0.5309,0.5318,0.528,0.5304,32997608.0,17483824.1669
2024-10-06 12:00:00,0.5304,0.5367,0.5296,0.5366,56341019.0,30029904.1064
2024-10-06 16:00:00,0.5366,0.537,0.5313,0.5317,46922412.0,25032853.7547
2024-10-06 20:00:00,0.5317,0.5344,0.5293,0.5332,35054478.0,18651276.4379
2024-10-07 00:00:00,0.5332,0.5444,0.5321,0.5403,61182083.0,32974206.0559
2024-10-07 04:00:00,0.5403,0.5431,0.5394,0.54,38472635.0,20810777.3233
2024-10-07 08:00:00,0.54,0.5421,0.5302,0.5371,86368396.0,46227633.6694
2024-10-07 12:00:00,0.5371,0.5448,0.5352,0.5408,83562736.0,45142186.9704
2024-10-07 16:00:00,0.5408,0.5458,0.5341,0.5401,66198693.0,35816764.4502
2024-10-07 20:00:00,0.5401,0.5401,0.5282,0.5282,54537934.0,29105200.6259
2024-10-08 00:00:00,0.5282,0.5337,0.5282,0.5321,32969965.0,17516072.5273
2024-10-08 04:00:00,0.5321,0.5342,0.5241,0.5272,71825964.0,37970674.6852
2024-10-08 08:00:00,0.5272,0.5315,0.5259,0.5311,27107495.0,14352536.2545
2024-10-08 12:00:00,0.5311,0.5321,0.5207,0.5244,68416715.0,36058619.6066
2024-10-08 16:00:00,0.5244,0.5306,0.5228,0.5297,37381231.0,19746109.9622
2024-10-08 20:00:00,0.5297,0.5355,0.5286,0.5309,53016119.0,28208115.8024
2024-10-09 00:00:00,0.5309,0.5345,0.529,0.5329,26033962.0,13855469.6751
2024-10-09 04:00:00,0.5329,0.5343,0.5288,0.5306,36477255.0,19405840.2673
2024-10-09 08:00:00,0.5306,0.5343,0.5288,0.5325,33856581.0,18006213.9873
2024-10-09 12:00:00,0.5325,0.5326,0.5257,0.5313,65515877.0,34689277.1224
2024-10-09 16:00:00,0.5313,0.5335,0.5282,0.5301,41045782.0,21798954.1535
2024-10-09 20:00:00,0.5301,0.5303,0.5204,0.5242,57011876.0,29902478.5591
2024-10-10 00:00:00,0.5242,0.5289,0.5224,0.5274,23051694.0,12120380.4938
2024-10-10 04:00:00,0.5274,0.5284,0.5248,0.5255,21403055.0,11269315.4708
2024-10-10 08:00:00,0.5255,0.5297,0.5227,0.5297,33623273.0,17679870.4717
2024-10-10 12:00:00,0.5297,0.5448,0.5267,0.5355,230722563.0,123672804.8772
2024-10-10 16:00:00,0.5355,0.5397,0.524,0.5261,100579759.0,53491987.7987
2024-10-10 20:00:00,0.5261,0.5306,0.5246,0.5302,33337298.0,17585733.9924
2024-10-11 00:00:00,0.5302,0.5364,0.5293,0.5348,24916631.0,13300102.9494
2024-10-11 04:00:00,0.5348,0.5407,0.5327,0.5379,33804651.0,18125657.9815
2024-10-11 08:00:00,0.5379,0.5407,0.5342,0.5357,54759857.0,29436702.6442
2024-10-11 12:00:00,0.5357,0.5384,0.5336,0.5381,54951987.0,29452973.967
2024-10-11 16:00:00,0.5381,0.5418,0.5361,0.5414,37572831.0,20242727.4811
2024-10-11 20:00:00,0.5414,0.5416,0.5378,0.5387,25989861.0,14032029.2977
2024-10-12 00:00:00,0.5387,0.5395,0.535,0.5359,24608180.0,13219039.0739
2024-10-12 04:00:00,0.5359,0.5388,0.5359,0.5379,15108262.0,8122361.283
2024-10-12 08:00:00,0.5379,0.5416,0.5377,0.5392,23868409.0,12881912.7439
2024-10-12 12:00:00,0.5392,0.5432,0.5385,0.5413,36220066.0,19605160.9856
2024-10-12 16:00:00,0.5413,0.542,0.5368,0.5382,41377699.0,22301262.3019
2024-10-12 20:00:00,0.5382,0.54,0.5371,0.5393,16551187.0,8917056.9281
2024-10-13 00:00:00,0.5393,0.5394,0.5354,0.5359,30294113.0,16265002.3819
2024-10-13 04:00:00,0.5359,0.5375,0.5358,0.5364,18643026.0,10006517.0057
2024-10-13 08:00:00,0.5364,0.5372,0.5308,0.5309,62260019.0,33204925.1566
2024-10-13 12:00:00,0.5309,0.5331,0.5252,0.5276,59060152.0,31245815.4069
2024-10-13 16:00:00,0.5276,0.5305,0.5248,0.5272,24383825.0,12867410.5518
2024-10-13 20:00:00,0.5272,0.5318,0.5261,0.5317,20085975.0,10641651.4365
2024-10-14 00:00:00,0.5317,0.539,0.5278,0.5381,51353361.0,27439148.9231
2024-10-14 04:00:00,0.5381,0.5397,0.5356,0.5387,44146483.0,23740680.5234
2024-10-14 08:00:00,0.5387,0.5415,0.5371,0.5385,33929026.0,18293998.3929
2024-10-14 12:00:00,0.5385,0.5523,0.5375,0.5487,79348896.0,43205403.3774
2024-10-14 16:00:00,0.5487,0.5507,0.5446,0.5471,27958724.0,15299885.6976
2024-10-14 20:00:00,0.5471,0.5498,0.5439,0.5484,25517446.0,13963830.4047
2024-10-15 00:00:00,0.5484,0.5557,0.5465,0.5476,54997571.0,30332989.9523
2024-10-15 04:00:00,0.5476,0.5503,0.5421,0.5459,65031263.0,35495400.9149
2024-10-15 08:00:00,0.5459,0.5472,0.5338,0.536,77600673.0,42072340.4923
2024-10-15 12:00:00,0.536,0.5492,0.5314,0.5389,149399919.0,80716487.742
2024-10-15 16:00:00,0.5389,0.546,0.5385,0.5436,46457485.0,25235213.4487
2024-10-15 20:00:00,0.5436,0.5441,0.5366,0.5413,46058402.0,24848452.0904
2024-10-16 00:00:00,0.5413,0.545,0.5391,0.5429,24804584.0,13451186.395
2024-10-16 04:00:00,0.5429,0.5441,0.5372,0.539,38645686.0,20880216.5121
2024-10-16 08:00:00,0.539,0.5459,0.5384,0.5438,33247138.0,18050481.3262
2024-10-16 12:00:00,0.5438,0.5523,0.5423,0.5475,82421490.0,45121528.6076
2024-10-16 16:00:00,0.5475,0.5537,0.546,0.5525,27761899.0,15244729.2396
2024-10-16 20:00:00,0.5525,0.5537,0.5473,0.5479,38732899.0,21315139.2358
2024-10-17 00:00:00,0.5479,0.5501,0.5456,0.5492,23169423.0,12692652.5011
2024-10-17 04:00:00,0.5492,0.5664,0.5491,0.5545,176414055.0,98488101.2995
2024-10-17 08:00:00,0.5545,0.559,0.5505,0.5525,75684010.0,41995340.3448
2024-10-17 12:00:00,0.5525,0.5581,0.5472,0.5536,77538510.0,42810181.6029
2024-10-17 16:00:00,0.5536,0.5537,0.5415,0.5439,93654486.0,51204997.3441
2024-10-17 20:00:00,0.5439,0.548,0.5429,0.5439,29159534.0,15904211.5686
2024-10-18 00:00:00,0.5439,0.5467,0.5393,0.5434,51445264.0,27951182.0274
2024-10-18 04:00:00,0.5434,0.5528,0.5421,0.5495,54202106.0,29649154.2444
2024-10-18 08:00:00,0.5495,0.553,0.546,0.5463,50612473.0,27811366.2025
2024-10-18 12:00:00,0.5463,0.5475,0.5426,0.546,62043168.0,33799389.2305
2024-10-18 16:00:00,0.546,0.549,0.5431,0.5466,36459554.0,19923387.6479
2024-10-18 20:00:00,0.5466,0.5473,0.5444,0.5467,16122435.0,8796739.6653
2024-10-19 00:00:00,0.5467,0.55,0.5453,0.5475,21662357.0,11865901.1484
2024-10-19 04:00:00,0.5475,0.5488,0.5456,0.5461,21761464.0,11900570.7335
2024-10-19 08:00:00,0.5461,0.5477,0.5429,0.5432,30934698.0,16853931.8593
2024-10-19 12:00:00,0.5432,0.5454,0.543,0.5444,17403388.0,9475859.1566
2024-10-19 16:00:00,0.5444,0.5444,0.5399,0.541,37503376.0,20310737.4266
2024-10-19 20:00:00,0.541,0.5446,0.5408,0.5439,14226935.0,7723686.6474
2024-10-20 00:00:00,0.5439,0.5446,0.5413,0.543,19253204.0,10459201.3348
2024-10-20 04:00:00,0.543,0.5434,0.5388,0.5402,42465964.0,22976325.9672
2024-10-20 08:00:00,0.5402,0.542,0.536,0.5409,50680020.0,27324328.9977
2024-10-20 12:00:00,0.5409,0.5448,0.537,0.5446,62496805.0,33830025.5217
2024-10-20 16:00:00,0.5446,0.5457,0.5415,0.5425,20082742.0,10918608.1049
2024-10-20 20:00:00,0.5425,0.5489,0.5423,0.5484,37873463.0,20689946.6027
2024-10-21 00:00:00,0.5484,0.5508,0.5454,0.5478,29178056.0,15995740.6117
2024-10-21 04:00:00,0.5478,0.5547,0.5463,0.5488,60290408.0,33169552.9932
2024-10-21 08:00:00,0.5488,0.561,0.5487,0.5538,113031010.0,62747264.628
2024-10-21 12:00:00,0.5538,0.5552,0.5422,0.5465,89710999.0,49110770.6701
2024-10-21 16:00:00,0.5465,0.5484,0.541,0.5476,34781052.0,18960684.2003
2024-10-21 20:00:00,0.5476,0.5483,0.5439,0.5448,15536942.0,8489547.2263
2024-10-22 00:00:00,0.5448,0.5464,0.5391,0.5433,57177631.0,31015849.0104
2024-10-22 04:00:00,0.5433,0.5495,0.543,0.5472,46970367.0,25653427.4614
2024-10-22 08:00:00,0.5472,0.5472,0.5306,0.5341,141123675.0,75769532.5972
2024-10-22 12:00:00,0.5341,0.5353,0.5287,0.5333,72490997.0,38616294.0522
2024-10-22 16:00:00,0.5333,0.536,0.5303,0.5341,20865126.0,11122010.6719
2024-10-22 20:00:00,0.5341,0.5363,0.532,0.5338,21441664.0,11447622.0735
2024-10-23 00:00:00,0.5338,0.5339,0.5301,0.5314,30280673.0,16108751.6411
2024-10-23 04:00:00,0.5314,0.5321,0.5254,0.5265,65157922.0,34472202.3091
2024-10-23 08:00:00,0.5265,0.5278,0.5224,0.5266,61135544.0,32113291.7043
2024-10-23 12:00:00,0.5266,0.5288,0.5218,0.524,44162504.0,23212927.5809
2024-10-23 16:00:00,0.524,0.5243,0.5114,0.5217,122051024.0,63158169.0012
2024-10-23 20:00:00,0.5217,0.5265,0.5208,0.5257,24172410.0,12661552.062
2024-10-24 00:00:00,0.5257,0.5304,0.5251,0.5284,19569819.0,10332747.0522
2024-10-24 04:00:00,0.5284,0.5334,0.5277,0.529,41618444.0,22076301.9961
2024-10-24 08:00:00,0.529,0.5301,0.5239,0.5279,44286931.0,23345425.0108
2024-10-24 12:00:00,0.5279,0.5314,0.5277,0.5294,38021695.0,20136736.5012
2024-10-24 16:00:00,0.5294,0.5331,0.5279,0.5329,19506193.0,10353254.7256
2024-10-24 20:00:00,0.5329,0.5338,0.531,0.5321,21131273.0,11245959.0828
2024-10-25 00:00:00,0.5321,0.5322,0.528,0.5289,17641955.0,9348978.0442
2024-10-25 04:00:00,0.5289,0.5291,0.5201,0.5238,56132589.0,29403260.2856
2024-10-25 08:00:00,0.5238,0.5274,0.5217,0.5263,25628328.0,13459780.297
2024-10-25 12:00:00,0.5263,0.5277,0.5206,0.5223,38075102.0,19973846.7558
2024-10-25 16:00:00,0.5223,0.5236,0.509,0.5148,99520416.0,51376320.763
2024-10-25 20:00:00,0.5148,0.5183,0.4857,0.5018,847951953.0,419071164.13694
2024-10-26 00:00:00,0.5018,0.5121,0.4985,0.5121,42236590.0,21361294.6125
2024-10-26 04:00:00,0.5121,0.5152,0.5115,0.5141,20762410.0,10660829.4704
2024-10-26 08:00:00,0.5141,0.5151,0.5126,0.5146,23290737.0,11970547.0332
2024-10-26 12:00:00,0.5146,0.5148,0.5054,0.5091,35464771.0,18099368.3423
2024-10-26 16:00:00,0.5091,0.5134,0.509,0.5126,18409366.0,9411013.2553
2024-10-26 20:00:00,0.5126,0.5148,0.5115,0.5133,13851452.0,7103840.9969
2024-10-27 00:00:00,0.5133,0.5166,0.5117,0.5162,12929943.0,6642980.3002
2024-10-27 04:00:00,0.5162,0.5163,0.5143,0.5149,10140610.0,5222756.3381
2024-10-27 08:00:00,0.5149,0.5154,0.5105,0.5121,35443555.0,18164668.1538
2024-10-27 12:00:00,0.5121,0.517,0.512,0.5168,19109349.0,9832793.5957
2024-10-27 16:00:00,0.5168,0.5175,0.5134,0.5153,22994798.0,11848202.6427
2024-10-27 20:00:00,0.5153,0.518,0.5131,0.5164,16626777.0,8580828.9091
2024-10-28 00:00:00,0.5164,0.5173,0.5124,0.5129,19085765.0,9823994.2033
2024-10-28 04:00:00,0.5129,0.5187,0.5113,0.5161,22717261.0,11699252.7029
2024-10-28 08:00:00,0.5161,0.5213,0.5159,0.5197,47765160.0,24757254.803
2024-10-28 12:00:00,0.5197,0.5214,0.5136,0.5138,55965488.0,28983560.1556
2024-10-28 16:00:00,0.5138,0.5187,0.5109,0.5171,38754649.0,19942800.2895
2024-10-28 20:00:00,0.5171,0.5211,0.5157,0.5193,36099571.0,18719082.6826
2024-10-29 00:00:00,0.5193,0.5265,0.5185,0.5235,38587296.0,20172083.9989
2024-10-29 04:00:00,0.5235,0.5283,0.523,0.5259,36355627.0,19092736.2059
2024-10-29 08:00:00,0.5259,0.5269,0.5232,0.5258,61362962.0,32217190.4688
2024-10-29 12:00:00,0.5258,0.5299,0.5234,0.5258,72163233.0,37942918.2568
2024-10-29 16:00:00,0.5258,0.5309,0.5252,0.5265,59486770.0,31425044.0009
2024-10-29 20:00:00,0.5265,0.5292,0.5214,0.5285,29796211.0,15650796.4906
2024-10-30 00:00:00,0.5285,0.5288,0.5227,0.526,33672990.0,17694347.7638
2024-10-30 04:00:00,0.526,0.5269,0.5232,0.5241,25223497.0,13243787.5674
2024-10-30 08:00:00,0.5241,0.5258,0.5205,0.5209,38122735.0,19952682.9437
2024-10-30 12:00:00,0.5209,0.5261,0.5193,0.5236,68061784.0,35588389.1809
2024-10-30 16:00:00,0.5236,0.5246,0.5219,0.5226,13420767.0,7023275.9099
2024-10-30 20:00:00,0.5226,0.5256,0.5209,0.5232,22421363.0,11745610.828
2024-10-31 00:00:00,0.5232,0.5238,0.5193,0.5215,19644738.0,10254104.0299
2024-10-31 04:00:00,0.5215,0.5223,0.5165,0.5177,33979836.0,17649327.9764
2024-10-31 08:00:00,0.5177,0.521,0.5152,0.5186,31722336.0,16422588.1871
2024-10-31 12:00:00,0.5186,0.5197,0.5076,0.5108,83103247.0,42584764.0504
2024-10-31 16:00:00,0.5108,0.5122,0.5029,0.5061,82615870.0,41988217.8631
2024-10-31 20:00:00,0.5061,0.5114,0.5057,0.5094,17961243.0,9137602.6064
2024-11-01 00:00:00,0.5094,0.5192,0.5024,0.5191,49630700.0,25321386.2646
2024-11-01 04:00:00,0.5191,0.5215,0.5095,0.512,42073244.0,21682584.5965
2024-11-01 08:00:00,0.512,0.5245,0.5112,0.519,32369523.0,16812301.8412
2024-11-01 12:00:00,0.519,0.5238,0.5115,0.5161,83086075.0,43052034.3863
2024-11-01 16:00:00,0.5161,0.5225,0.5123,0.5164,41843698.0,21638781.0368
2024-11-01 20:00:00,0.5164,0.5172,0.5074,0.5132,17977437.0,9198339.8902
2024-11-02 00:00:00,0.5132,0.5162,0.5127,0.5144,16727998.0,8613485.8504
2024-11-02 04:00:00,0.5144,0.5155,0.5113,0.5132,26010387.0,13344339.4472
2024-11-02 08:00:00,0.5132,0.5132,0.5104,0.5115,6311649.0,3229727.8119
2024-11-02 12:00:00,0.5115,0.513,0.5062,0.5102,27236416.0,13870910.5899
2024-11-02 16:00:00,0.5102,0.5115,0.5077,0.5099,17810362.0,9081478.2182
2024-11-02 20:00:00,0.5099,0.5104,0.5078,0.5101,15468289.0,7877098.275
2024-11-03 00:00:00,0.5101,0.5112,0.4975,0.5018,77190494.0,38824537.1791
2024-11-03 04:00:00,0.5018,0.5071,0.5016,0.5057,20064120.0,10121204.0272
2024-11-03 08:00:00,0.5057,0.5059,0.5012,0.5026,28475408.0,14331236.2338
2024-11-03 12:00:00,0.5026,0.5034,0.4913,0.497,89990674.0,44585497.5861
2024-11-03 16:00:00,0.497,0.5007,0.4927,0.5003,21472469.0,10689162.1907
2024-11-03 20:00:00,0.5003,0.5045,0.4996,0.5027,12262601.0,6164826.0695
2024-11-04 00:00:00,0.5027,0.508,0.5004,0.5071,22147125.0,11201958.3131
2024-11-04 04:00:00,0.5071,0.5086,0.5035,0.5051,23576723.0,11914838.863
2024-11-04 08:00:00,0.5051,0.5147,0.5044,0.5118,63711897.0,32445807.6489
2024-11-04 12:00:00,0.5118,0.5127,0.5081,0.5105,34143330.0,17434878.1552
2024-11-04 16:00:00,0.5105,0.5136,0.5065,0.5065,29464631.0,15007543.136
2024-11-04 20:00:00,0.5065,0.5077,0.4954,0.5034,61718519.0,30906645.2635
2024-11-05 00:00:00,0.5034,0.5059,0.5016,0.5054,15348812.0,7737344.2017
2024-11-05 04:00:00,0.5054,0.5149,0.5045,0.5143,31026407.0,15803071.2341
2024-11-05 08:00:00,0.5143,0.5186,0.5087,0.509,33309387.0,17073716.3542
2024-11-05 12:00:00,0.509,0.5145,0.5057,0.5097,47714769.0,24305871.8245
2024-11-05 16:00:00,0.5097,0.5144,0.5063,0.5076,21324932.0,10907590.7383
2024-11-05 20:00:00,0.5076,0.5153,0.5064,0.5139,22190970.0,11368160.9306
2024-11-06 00:00:00,0.5139,0.5376,0.5138,0.534,130805003.0,68868325.7828
2024-11-06 04:00:00,0.534,0.5429,0.5303,0.5363,155120251.0,83159141.9833
2024-11-06 08:00:00,0.5363,0.5376,0.5265,0.5348,62337685.0,33172828.2106
2024-11-06 12:00:00,0.5348,0.5362,0.5269,0.531,47658096.0,25348727.0314
2024-11-06 16:00:00,0.531,0.5362,0.5305,0.536,30752648.0,16414065.0039
2024-11-06 20:00:00,0.536,0.5473,0.5355,0.5424,51921853.0,28207323.6536
2024-11-07 00:00:00,0.5424,0.5786,0.5379,0.5603,94833426.0,52598924.3137
2024-11-07 04:00:00,0.5603,0.5628,0.5505,0.5556,92429856.0,51489659.9605
2024-11-07 08:00:00,0.5556,0.5573,0.5468,0.5473,67661579.0,37297864.5066
2024-11-07 12:00:00,0.5473,0.5505,0.5406,0.5501,56957656.0,31096474.2986
2024-11-07 16:00:00,0.5501,0.5557,0.5485,0.5549,44832956.0,24770176.6646
2024-11-07 20:00:00,0.5549,0.5582,0.5502,0.5557,37950284.0,21047796.9937
2024-11-08 00:00:00,0.5557,0.5605,0.5476,0.5499,46808086.0,25907004.2841
2024-11-08 04:00:00,0.5499,0.5532,0.5466,0.5511,41746156.0,22954730.3005
2024-11-08 08:00:00,0.5511,0.5528,0.5458,0.5506,50355935.0,27661899.2375
2024-11-08 12:00:00,0.5506,0.5581,0.5493,0.5524,69921398.0,38648654.4919
2024-11-08 16:00:00,0.5524,0.5552,0.5413,0.5512,71370700.0,39106730.7742
2024-11-08 20:00:00,0.5512,0.5548,0.5463,0.5541,31488912.0,17354090.5675
2024-11-09 00:00:00,0.5541,0.5545,0.5455,0.5466,42849691.0,23562808.1222
2024-11-09 04:00:00,0.5466,0.5557,0.5465,0.5536,26368656.0,14527323.9034
2024-11-09 08:00:00,0.5536,0.5575,0.5512,0.5536,54062652.0,29981649.1121
2024-11-09 12:00:00,0.5536,0.5538,0.5446,0.5486,58049355.0,31841961.2819
2024-11-09 16:00:00,0.5486,0.5522,0.5435,0.55,36805519.0,20183468.538
2024-11-09 20:00:00,0.55,0.5624,0.5491,0.5598,52075500.0,28980280.3039
2024-11-10 00:00:00,0.5598,0.5753,0.5557,0.5718,129712308.0,73555044.3833
2024-11-10 04:00:00,0.5718,0.593,0.5706,0.5862,166425244.0,96767570.4051
2024-11-10 08:00:00,0.5862,0.5886,0.5818,0.5874,90925519.0,53240106.0555
2024-11-10 12:00:00,0.5874,0.6191,0.5822,0.6052,464471132.0,281231494.2134
2024-11-10 16:00:00,0.6052,0.6174,0.5916,0.5965,204515230.0,123908236.7999
2024-11-10 20:00:00,0.5965,0.599,0.5625,0.5889,295682680.0,171845421.1039
2024-11-11 00:00:00,0.5889,0.5991,0.5855,0.5947,103472418.0,61358816.3465
2024-11-11 04:00:00,0.5947,0.5967,0.5705,0.5778,142327411.0,82481550.8971
2024-11-11 08:00:00,0.5778,0.5885,0.5771,0.5879,87829793.0,51262922.6534
2024-11-11 12:00:00,0.5879,0.5965,0.5762,0.5912,177219413.0,103625105.3451
2024-11-11 16:00:00,0.5912,0.5993,0.588,0.5993,131140317.0,77792446.5853
2024-11-11 20:00:00,0.5993,0.6336,0.5992,0.622,456138814.0,281314233.8442
2024-11-12 00:00:00,0.622,0.6224,0.5975,0.6068,176745956.0,107020397.85
2024-11-12 04:00:00,0.6068,0.6179,0.5977,0.6163,180694577.0,109528335.5189
2024-11-12 08:00:00,0.6163,0.6998,0.6063,0.6482,2145006049.0,1406298245.21289
2024-11-12 12:00:00,0.6482,0.7044,0.6251,0.6786,1387187146.0,925305344.70237
2024-11-12 16:00:00,0.6786,0.7061,0.6637,0.693,629853063.0,429143198.25478
2024-11-12 20:00:00,0.693,0.74,0.6924,0.7048,975611241.0,702487438.21079
2024-11-13 00:00:00,0.7048,0.7416,0.667,0.6677,648959898.0,457277764.09219
2024-11-13 04:00:00,0.6677,0.6779,0.641,0.6608,343131650.0,224989904.3632
2024-11-13 08:00:00,0.6608,0.678,0.6525,0.677,195665224.0,130059642.125
2024-11-13 12:00:00,0.677,0.7215,0.6639,0.7133,736530214.0,516932053.7825
2024-11-13 16:00:00,0.7133,0.7493,0.6791,0.6815,593850501.0,426384366.88023
2024-11-13 20:00:00,0.6815,0.6935,0.6693,0.6905,179111658.0,122281765.4981
2024-11-14 00:00:00,0.6905,0.7057,0.6825,0.6972,187117370.0,130179981.7013
2024-11-14 04:00:00,0.6972,0.7059,0.6838,0.6988,152161031.0,105864760.916
2024-11-14 08:00:00,0.6988,0.7225,0.698,0.7186,231146965.0,164083668.1189
2024-11-14 12:00:00,0.7186,0.7571,0.7012,0.7138,865727516.0,625529471.24159
2024-11-14 16:00:00,0.7138,0.8006,0.7061,0.7907,819773147.0,623323177.68292
2024-11-14 20:00:00,0.7907,0.8485,0.7555,0.7743,1856134265.0,1502063155.07096
2024-11-15 00:00:00,0.7743,0.8319,0.771,0.8216,758123247.0,611513254.4696
2024-11-15 04:00:00,0.8216,0.84,0.7828,0.786,414832180.0,334309576.3707
2024-11-15 08:00:00,0.786,0.835,0.7732,0.8278,482795263.0,391659841.2457
2024-11-15 12:00:00,0.8278,0.9159,0.8157,0.8671,2577657316.0,2253784000.17343
2024-11-15 16:00:00,0.8671,0.8985,0.8587,0.8985,392382880.0,345111605.6209
2024-11-15 20:00:00,0.8985,0.9287,0.8689,0.8928,644524942.0,579989662.53267
2024-11-16 00:00:00,0.8928,0.9191,0.8773,0.9078,201586246.0,180212773.055
2024-11-16 04:00:00,0.9078,0.985,0.9052,0.9723,761729161.0,731278402.51167
2024-11-16 08:00:00,0.9723,1.0902,0.9616,1.0504,1985123884.0,2056741706.93588
2024-11-16 12:00:00,1.0504,1.27,1.0311,1.1108,4812797186.0,5499108719.05063
2024-11-16 16:00:00,1.1108,1.2079,1.0853,1.1884,1575719367.0,1801926450.8423
2024-11-16 20:00:00,1.1884,1.2045,1.1035,1.1207,951218105.0,1092843096.6481
2024-11-17 00:00:00,1.1207,1.1628,1.0363,1.0622,1123385791.0,1217107741.9193
2024-11-17 04:00:00,1.0622,1.0912,1.0043,1.0692,877482400.0,919318330.8976
2024-11-17 08:00:00,1.0692,1.1025,1.0355,1.0383,607238574.0,647982562.6142
2024-11-17 12:00:00,1.0383,1.1495,1.038,1.0857,996600530.0,1099380304.962
2024-11-17 16:00:00,1.0857,1.0921,1.0334,1.0376,280528436.0,298759336.2664
2024-11-17 20:00:00,1.0376,1.0726,1.0315,1.0554,226196753.0,238340567.9093
2024-11-18 00:00:00,1.0554,1.1406,1.0554,1.1184,525459626.0,581576084.6698
2024-11-18 04:00:00,1.1184,1.1879,1.1148,1.1722,752814264.0,872979747.6451
2024-11-18 08:00:00,1.1722,1.1756,1.111,1.1208,391855633.0,445878252.0379
2024-11-18 12:00:00,1.1208,1.1774,1.1046,1.168,489099734.0,558168818.5902
2024-11-18 16:00:00,1.168,1.1681,1.0752,1.0899,431973503.0,486067937.1014
2024-11-18 20:00:00,1.0899,1.1407,1.0806,1.1153,255440166.0,285311245.4942
2024-11-19 00:00:00,1.1153,1.1489,1.112,1.1395,166374458.0,188001946.1417
2024-11-19 04:00:00,1.1395,1.142,1.0982,1.1035,194203673.0,215853297.0564
2024-11-19 08:00:00,1.1035,1.1084,1.0821,1.1015,190892818.0,209207869.7526
2024-11-19 12:00:00,1.1015,1.1242,1.0692,1.0976,271232223.0,295784158.4397
2024-11-19 16:00:00,1.0976,1.1182,1.0844,1.1069,155054154.0,170519195.4401
2024-11-19 20:00:00,1.1069,1.1183,1.0704,1.101,245431435.0,267893363.4773
2024-11-20 00:00:00,1.101,1.116,1.0559,1.0794,258016205.0,279725074.2874
2024-11-20 04:00:00,1.0794,1.0943,1.0683,1.0825,95109035.0,102932080.4644
2024-11-20 08:00:00,1.0825,1.1394,1.0764,1.1213,255922777.0,284979365.4479
2024-11-20 12:00:00,1.1213,1.1516,1.1111,1.121,375549585.0,424334993.5894
2024-11-20 16:00:00,1.121,1.1312,1.0652,1.0837,299188320.0,326728576.5688
2024-11-20 20:00:00,1.0837,1.12,1.0761,1.1045,142373959.0,156528966.9791
2024-11-21 00:00:00,1.1045,1.1312,1.0765,1.0962,151583989.0,167144978.8767
2024-11-21 04:00:00,1.0962,1.1323,1.085,1.1102,143662768.0,159562808.8736
2024-11-21 08:00:00,1.1102,1.1365,1.1068,1.1113,294610479.0,330433423.7332
2024-11-21 12:00:00,1.1113,1.1592,1.0965,1.1041,424265702.0,478955927.9567
2024-11-21 16:00:00,1.1041,1.24,1.0992,1.1728,1301812696.0,1544609126.0327
2024-11-21 20:00:00,1.1728,1.2653,1.166,1.2482,429352419.0,520181304.4312
2024-11-22 00:00:00,1.2482,1.4116,1.2481,1.386,1747365945.0,2331955579.2492
2024-11-22 04:00:00,1.386,1.4349,1.3628,1.3654,657003474.0,921688739.7245
2024-11-22 08:00:00,1.3654,1.4779,1.3648,1.4676,592591888.0,844848573.9944
2024-11-22 12:00:00,1.4676,1.5003,1.3556,1.4427,1571610569.0,2250123136.9951
2024-11-22 16:00:00,1.4427,1.492,1.4022,1.4376,413865600.0,599150636.2514
2024-11-22 20:00:00,1.4376,1.4934,1.4273,1.4743,274308771.0,401049175.2767
2024-11-23 00:00:00,1.4743,1.6345,1.4716,1.5673,1656694636.0,2603620627.6761
2024-11-23 04:00:00,1.5673,1.5673,1.4936,1.547,406147589.0,620929971.6366
2024-11-23 08:00:00,1.547,1.5779,1.516,1.5454,252528199.0,390817493.5271
2024-11-23 12:00:00,1.5454,1.5952,1.5246,1.5574,338995710.0,529503563.3469
2024-11-23 16:00:00,1.5574,1.5778,1.4204,1.4769,1169088591.0,1735868133.1675
2024-11-23 20:00:00,1.4769,1.4977,1.421,1.4705,268215480.0,392072137.0771
2024-11-24 00:00:00,1.4705,1.5142,1.4412,1.4743,231606294.0,342260437.1966
2024-11-24 04:00:00,1.4743,1.4851,1.4369,1.4667,156640078.0,228614250.8066
2024-11-24 08:00:00,1.4667,1.4706,1.3771,1.385,613373578.0,865022915.9649
2024-11-24 12:00:00,1.385,1.405,1.2774,1.309,2035893838.0,2727233309.36
2024-11-24 16:00:00,1.309,1.4074,1.2992,1.3801,469559731.0,634617654.5619
2024-11-24 20:00:00,1.3801,1.4615,1.373,1.4336,306763293.0,438392722.2521
2024-11-25 00:00:00,1.4336,1.4346,1.3553,1.404,279498744.0,388218226.7722
2024-11-25 04:00:00,1.404,1.5078,1.4027,1.4799,438381222.0,638914494.7713
2024-11-25 08:00:00,1.4799,1.5403,1.4659,1.4805,399090479.0,599605495.4532
2024-11-25 12:00:00,1.4805,1.4882,1.3737,1.4238,738506994.0,1053910231.6858
2024-11-25 16:00:00,1.4238,1.5243,1.4125,1.4756,766763128.0,1126199862.988
2024-11-25 20:00:00,1.4756,1.482,1.3826,1.4151,347460544.0,495969250.8231
2024-11-26 00:00:00,1.4151,1.4583,1.3997,1.4477,163073541.0,233913170.7942
2024-11-26 04:00:00,1.4477,1.4576,1.4072,1.4254,184802478.0,265411948.128
2024-11-26 08:00:00,1.4254,1.4265,1.285,1.3335,800116787.0,1076229710.9775
2024-11-26 12:00:00,1.3335,1.3845,1.3129,1.3446,532327520.0,717761271.5892
2024-11-26 16:00:00,1.3446,1.3958,1.3348,1.3793,242171628.0,330773912.3462
2024-11-26 20:00:00,1.3793,1.4312,1.3743,1.3984,217140046.0,304674772.2057
2024-11-27 00:00:00,1.3984,1.4211,1.3566,1.3665,210163319.0,291063868.5338
2024-11-27 04:00:00,1.3665,1.4184,1.3527,1.411,143537569.0,198675982.7406
2024-11-27 08:00:00,1.411,1.4678,1.4061,1.4339,356414566.0,512856507.6188
2024-11-27 12:00:00,1.4339,1.5088,1.4114,1.4964,356167357.0,516176113.9023
2024-11-27 16:00:00,1.4964,1.507,1.4644,1.4866,195892241.0,290863994.3524
2024-11-27 20:00:00,1.4866,1.5238,1.4654,1.4712,185220773.0,276616219.04
2024-11-28 00:00:00,1.4712,1.4854,1.4413,1.4657,181455006.0,265366725.7266
2024-11-28 04:00:00,1.4657,1.494,1.4582,1.4653,140448735.0,207339488.6132
2024-11-28 08:00:00,1.4653,1.4744,1.4406,1.4658,151422845.0,220715676.6438
2024-11-28 12:00:00,1.4658,1.4795,1.4303,1.4354,181011874.0,263971654.821
2024-11-28 16:00:00,1.4354,1.4849,1.4346,1.4789,111365549.0,163517810.6779
2024-11-28 20:00:00,1.4789,1.548,1.4658,1.5428,242725284.0,368205130.1204
2024-11-29 00:00:00,1.5428,1.5805,1.5246,1.5536,301798436.0,469386042.3184
2024-11-29 04:00:00,1.5536,1.6478,1.5403,1.5898,441149761.0,705949338.5572
2024-11-29 08:00:00,1.5898,1.6853,1.5892,1.6538,464408487.0,764448289.043
2024-11-29 12:00:00,1.6538,1.7768,1.6445,1.7107,750417754.0,1288251890.1643
2024-11-29 16:00:00,1.7107,1.7381,1.6772,1.7263,427778314.0,730041956.6728
2024-11-29 20:00:00,1.7263,1.8167,1.7179,1.8021,489752354.0,866047890.5387
2024-11-30 00:00:00,1.8021,1.8691,1.7652,1.8199,935921545.0,1703495257.307
2024-11-30 04:00:00,1.8199,1.9503,1.8038,1.9153,735708956.0,1397160485.8896
2024-11-30 08:00:00,1.9153,1.9342,1.8504,1.8982,514648813.0,973454196.9383
2024-11-30 12:00:00,1.8982,1.9009,1.8188,1.8794,468750034.0,867497518.6621
2024-11-30 16:00:00,1.8794,1.9116,1.8583,1.9004,290761783.0,548917909.5574
2024-11-30 20:00:00,1.9004,1.9608,1.8801,1.9514,420551504.0,810164286.1991
2024-12-01 00:00:00,1.9514,1.9583,1.8479,1.8916,423532311.0,802517760.9442
2024-12-01 04:00:00,1.8916,1.9034,1.8568,1.8734,147662031.0,277352374.6468
2024-12-01 08:00:00,1.8734,1.95,1.8693,1.9138,363402151.0,697298991.9992
2024-12-01 12:00:00,1.9138,1.9222,1.8917,1.9032,205194394.0,391495031.9295
2024-12-01 16:00:00,1.9032,2.1496,1.8823,2.1265,1286505935.0,2621104036.0126
2024-12-01 20:00:00,2.1265,2.3556,2.0768,2.295,2185034613.0,4786232196.8784
2024-12-02 00:00:00,2.295,2.4956,2.2787,2.3984,2388593344.0,5708582164.2431
2024-12-02 04:00:00,2.3984,2.4874,2.3572,2.4423,740428240.0,1790255355.8525
2024-12-02 08:00:00,2.4423,2.458,2.2151,2.3156,1750371818.0,4032066146.3249
2024-12-02 12:00:00,2.3156,2.76,2.3,2.7034,2512070160.0,6475043500.2344
2024-12-02 16:00:00,2.7034,2.877,2.5809,2.7483,1990332639.0,5416647440.216
2024-12-02 20:00:00,2.7483,2.8013,2.637,2.727,621929650.0,1693503165.9653
2024-12-03 00:00:00,2.727,2.7795,2.6464,2.7763,434078656.0,1177388158.2324
2024-12-03 04:00:00,2.7763,2.7895,2.5151,2.6274,853229767.0,2243422328.7775
2024-12-03 08:00:00,2.6274,2.8766,2.563,2.8536,900347030.0,2431279511.2385
2024-12-03 12:00:00,2.8536,2.9176,2.29,2.528,4942675333.0,12521186244.4143
2024-12-03 16:00:00,2.528,2.61,2.4785,2.5696,872613135.0,2226482893.4255
2024-12-03 20:00:00,2.5696,2.6909,2.5088,2.5108,530508433.0,1379399564.7652
2024-12-04 00:00:00,2.5108,2.582,2.5008,2.5448,208884689.0,531766765.6199
2024-12-04 04:00:00,2.5448,2.6576,2.5415,2.625,235837345.0,615117034.0882
2024-12-04 08:00:00,2.625,2.6826,2.6068,2.614,246543785.0,651627823.9485
2024-12-04 12:00:00,2.614,2.6283,2.4868,2.5147,568641400.0,1457698669.3758
2024-12-04 16:00:00,2.5147,2.5237,2.3224,2.3959,1100712006.0,2647093390.8466
2024-12-04 20:00:00,2.3959,2.4455,2.2794,2.3617,837349558.0,1980583480.7449
2024-12-05 00:00:00,2.3617,2.3972,2.179,2.2583,1233546945.0,2811569091.8572
2024-12-05 04:00:00,2.2583,2.39,2.2475,2.377,311285035.0,722594071.7091
2024-12-05 08:00:00,2.377,2.4974,2.3641,2.4117,408494582.0,991665818.9172
2024-12-05 12:00:00,2.4117,2.4197,2.3091,2.3779,305165738.0,720288044.7972
2024-12-05 16:00:00,2.3779,2.4423,2.3292,2.3408,202050881.0,483974822.7667
2024-12-05 20:00:00,2.3408,2.3536,2.21,2.2463,628549697.0,1430992313.3402
2024-12-06 00:00:00,2.2463,2.3414,2.2269,2.3118,226695285.0,520434357.0951
2024-12-06 04:00:00,2.3118,2.3982,2.3066,2.3226,217600153.0,513186802.2503
2024-12-06 08:00:00,2.3226,2.34,2.2442,2.2754,268767146.0,613619116.4083
2024-12-06 12:00:00,2.2754,2.3771,2.2578,2.3318,372937241.0,863516675.2846
2024-12-06 16:00:00,2.3318,2.4176,2.3308,2.3654,300202874.0,713388711.4531
2024-12-06 20:00:00,2.3654,2.4654,2.3597,2.4256,254425690.0,612298821.0884
2024-12-07 00:00:00,2.4256,2.503,2.3986,2.4177,262455472.0,644180351.8999
2024-12-07 04:00:00,2.4177,2.4472,2.3857,2.4091,131897670.0,319127678.0825
2024-12-07 08:00:00,2.4091,2.4528,2.3953,2.433,147156599.0,357043504.9
2024-12-07 12:00:00,2.433,2.5497,2.4223,2.5411,276872731.0,685841540.1811
2024-12-07 16:00:00,2.5411,2.5721,2.4712,2.5168,286712560.0,723570344.3384
2024-12-07 20:00:00,2.5168,2.6225,2.5036,2.6128,265066481.0,677136088.1361
2024-12-08 00:00:00,2.6128,2.62,2.565,2.5941,210280398.0,544394001.7044
2024-12-08 04:00:00,2.5941,2.5952,2.5289,2.5547,171451744.0,438584567.9653
2024-12-08 08:00:00,2.5547,2.5561,2.4863,2.5407,243786647.0,615572178.6999
2024-12-08 12:00:00,2.5407,2.5689,2.511,2.5423,158115466.0,402486356.9994
2024-12-08 16:00:00,2.5423,2.6491,2.538,2.5825,316332184.0,822394220.5027
2024-12-08 20:00:00,2.5825,2.6235,2.5541,2.6043,137155165.0,354370407.0732
2024-12-09 00:00:00,2.6043,2.6093,2.435,2.4721,511155529.0,1277083627.2293
2024-12-09 04:00:00,2.4721,2.4946,2.407,2.4439,228092349.0,559859130.8985
2024-12-09 08:00:00,2.4439,2.445,2.3456,2.3738,398871959.0,955264134.3315
2024-12-09 12:00:00,2.3738,2.4645,2.3691,2.3873,317059586.0,765959668.6232
2024-12-09 16:00:00,2.3873,2.4421,2.3782,2.4082,124534638.0,299869907.8861
2024-12-09 20:00:00,2.4082,2.4142,2.0092,2.212,2863875290.0,6327012600.618
2024-12-10 00:00:00,2.212,2.278,2.0422,2.1504,792333984.0,1713361364.6555
2024-12-10 04:00:00,2.1504,2.2244,2.0841,2.2073,334503680.0,725194956.9139
2024-12-10 08:00:00,2.2073,2.2564,2.1757,2.2169,253188454.0,562831996.7989
2024-12-10 12:00:00,2.2169,2.2253,2.0332,2.0419,729018612.0,1556425461.0812
2024-12-10 16:00:00,2.0419,2.15,1.9005,2.1237,1637196104.0,3300976548.3079
2024-12-10 20:00:00,2.1237,2.4157,2.1116,2.3691,1386127630.0,3194083534.8262
2024-12-11 00:00:00,2.3691,2.3861,2.23,2.2998,427285372.0,980878140.0024
2024-12-11 04:00:00,2.2998,2.3556,2.2866,2.2881,236327227.0,549545283.4688
2024-12-11 08:00:00,2.2881,2.3976,2.2837,2.3595,254823745.0,598524277.9806
2024-12-11 12:00:00,2.3595,2.47,2.3258,2.4452,527533641.0,1264584534.7561
2024-12-11 16:00:00,2.4452,2.4623,2.3793,2.4343,257904952.0,623071519.9102
2024-12-11 20:00:00,2.4343,2.4443,2.3902,2.3941,150125152.0,363452902.1282
2024-12-12 00:00:00,2.3941,2.4294,2.3489,2.4053,210850888.0,502881204.6298
2024-12-12 04:00:00,2.4053,2.4851,2.4032,2.426,287494732.0,703935377.9895
2024-12-12 08:00:00,2.426,2.4546,2.3775,2.4095,202424284.0,487850742.4995
2024-12-12 12:00:00,2.4095,2.4516,2.395,2.4167,264208995.0,639208417.5004
2024-12-12 16:00:00,2.4167,2.4455,2.3368,2.3478,293907809.0,703073317.0981
2024-12-12 20:00:00,2.3478,2.3971,2.3066,2.3368,221501616.0,521230537.4209
2024-12-13 00:00:00,2.3368,2.3675,2.3071,2.3512,146398398.0,342696208.4755
2024-12-13 04:00:00,2.3512,2.3538,2.2831,2.3139,175826658.0,407812701.9791
2024-12-13 08:00:00,2.3139,2.3545,2.2995,2.3342,156495900.0,363935059.3662
2024-12-13 12:00:00,2.3342,2.48,2.3336,2.4002,467788193.0,1131714140.4718
2024-12-13 16:00:00,2.4002,2.4447,2.3824,2.4207,244106921.0,590394800.6708
2024-12-13 20:00:00,2.4207,2.4441,2.4107,2.4219,100795662.0,244661432.9354
2024-12-14 00:00:00,2.4219,2.4792,2.3979,2.4621,171615494.0,418657937.2168
2024-12-14 04:00:00,2.4621,2.5323,2.4475,2.4878,204589809.0,509487686.1346
2024-12-14 08:00:00,2.4878,2.5043,2.424,2.431,181078071.0,444732194.1121
2024-12-14 12:00:00,2.431,2.4366,2.3641,2.404,317543413.0,761301709.0531
2024-12-14 16:00:00,2.404,2.4118,2.3664,2.395,130992375.0,312944475.0792
2024-12-14 20:00:00,2.395,2.4091,2.3534,2.3998,106361600.0,253437789.9905
2024-12-15 00:00:00,2.3998,2.4371,2.3835,2.4154,110499607.0,266410197.9671
2024-12-15 04:00:00,2.4154,2.4486,2.3878,2.3987,162071210.0,392382090.7668
2024-12-15 08:00:00,2.3987,2.4342,2.3871,2.4275,130783515.0,315547447.7942
2024-12-15 12:00:00,2.4275,2.4311,2.3899,2.4148,148453257.0,358085508.6427
2024-12-15 16:00:00,2.4148,2.4404,2.4037,2.4064,80544026.0,194890833.5842
2024-12-15 20:00:00,2.4064,2.4732,2.3652,2.4467,174437375.0,420848733.6851
2024-12-16 00:00:00,2.4467,2.4716,2.3889,2.4046,176884779.0,430298064.2553
2024-12-16 04:00:00,2.4046,2.417,2.3965,2.4037,66457540.0,159874159.6941
2024-12-16 08:00:00,2.4037,2.4074,2.3273,2.3493,178283891.0,423438701.3226
2024-12-16 12:00:00,2.3493,2.3987,2.3428,2.3744,178763678.0,423930700.5876
2024-12-16 16:00:00,2.3744,2.587,2.374,2.4758,911376250.0,2276201228.0059
2024-12-16 20:00:00,2.4758,2.5289,2.4616,2.4844,151893010.0,378720513.2907
2024-12-17 00:00:00,2.4844,2.4908,2.4393,2.4846,124358975.0,306895816.9878
2024-12-17 04:00:00,2.4846,2.5526,2.46,2.5353,186405088.0,467787771.3383
2024-12-17 08:00:00,2.5353,2.7292,2.531,2.6895,646015260.0,1708375507.0562
2024-12-17 12:00:00,2.6895,2.7155,2.5504,2.5967,708918610.0,1873006937.7525
2024-12-17 16:00:00,2.5967,2.6581,2.5765,2.6008,247248076.0,646821049.6334
2024-12-17 20:00:00,2.6008,2.629,2.5225,2.5659,210390182.0,541635182.025
2024-12-18 00:00:00,2.5659,2.5922,2.5225,2.524,161808628.0,413796297.6062
2024-12-18 04:00:00,2.524,2.5357,2.466,2.5091,245082602.0,613130028.8915
2024-12-18 08:00:00,2.5091,2.5928,2.4906,2.5812,194891705.0,496111792.3386
2024-12-18 12:00:00,2.5812,2.5827,2.4493,2.471,339012618.0,849976486.2658
2024-12-18 16:00:00,2.471,2.5156,2.4006,2.4009,368931728.0,907379969.4424
2024-12-18 20:00:00,2.4009,2.422,2.24,2.309,1225298522.0,2858727565.7925
2024-12-19 00:00:00,2.309,2.3658,2.172,2.3508,808503614.0,1825680871.921
2024-12-19 04:00:00,2.3508,2.3847,2.3328,2.3783,186722490.0,440245494.2617
2024-12-19 08:00:00,2.3783,2.4309,2.3456,2.4073,232269204.0,555078657.421
2024-12-19 12:00:00,2.4073,2.4173,2.2706,2.3258,398474260.0,934063596.6726
2024-12-19 16:00:00,2.3258,2.3464,2.1886,2.2292,878636299.0,1977275152.6937
2024-12-19 20:00:00,2.2292,2.2909,2.1581,2.2384,361930126.0,805198299.4068
2024-12-20 00:00:00,2.2384,2.356,2.2231,2.3296,216015213.0,496244797.4655
2024-12-20 04:00:00,2.3296,2.3424,2.2505,2.2889,152273249.0,349916079.284
2024-12-20 08:00:00,2.2889,2.2937,1.96,1.9695,1547188307.0,3224887766.7951
2024-12-20 12:00:00,1.9695,2.247,1.9617,2.2126,1092103266.0,2329949564.2758
2024-12-20 16:00:00,2.2126,2.311,2.1988,2.2772,215147607.0,483439102.0149
2024-12-20 20:00:00,2.2772,2.2982,2.2059,2.2793,175264524.0,395965117.718
2024-12-21 00:00:00,2.2793,2.3166,2.2505,2.2985,91517206.0,208853764.8731
2024-12-21 04:00:00,2.2985,2.3859,2.2898,2.3531,192665771.0,451764700.9363
2024-12-21 08:00:00,2.3531,2.366,2.2842,2.307,168126434.0,389597020.1132
2024-12-21 12:00:00,2.307,2.3074,2.1921,2.256,373068958.0,836991611.6227
2024-12-21 16:00:00,2.256,2.266,2.1994,2.2417,215663858.0,481947743.2428
2024-12-21 20:00:00,2.2417,2.2656,2.2046,2.237,84167573.0,188136669.0444
2024-12-22 00:00:00,2.237,2.2569,2.2038,2.2391,92395112.0,206572327.4566
2024-12-22 04:00:00,2.2391,2.2465,2.1759,2.2281,118481580.0,261835020.5577
2024-12-22 08:00:00,2.2281,2.2933,2.2278,2.26,104091116.0,235889737.8462
2024-12-22 12:00:00,2.26,2.2758,2.1968,2.2188,173353945.0,387352727.2906
2024-12-22 16:00:00,2.2188,2.2616,2.182,2.1891,111464576.0,248498734.6557
2024-12-22 20:00:00,2.1891,2.2264,2.159,2.2011,157747199.0,345873828.0654
2024-12-23 00:00:00,2.2011,2.2204,2.1308,2.2163,209225638.0,454919705.2874
2024-12-23 04:00:00,2.2163,2.2341,2.1547,2.1774,170202827.0,372876832.671
2024-12-23 08:00:00,2.1774,2.2235,2.1716,2.2008,97277214.0,214295191.0511
2024-12-23 12:00:00,2.2008,2.2241,2.1308,2.1417,229590777.0,498845198.8026
2024-12-23 16:00:00,2.1417,2.2035,2.1368,2.1832,172004020.0,374195924.3172
2024-12-23 20:00:00,2.1832,2.2786,2.1814,2.2611,188006583.0,421659489.3242
2024-12-24 00:00:00,2.2611,2.264,2.2128,2.2483,86965236.0,194775453.1058
2024-12-24 04:00:00,2.2483,2.266,2.2276,2.2459,66476221.0,149539676.7434
2024-12-24 08:00:00,2.2459,2.2593,2.2214,2.2446,86630376.0,194010957.9531
2024-12-24 12:00:00,2.2446,2.3354,2.2285,2.3208,237159114.0,545280061.588
2024-12-24 16:00:00,2.3208,2.3502,2.3045,2.3057,119864594.0,278852113.9604
2024-12-24 20:00:00,2.3057,2.3376,2.2772,2.3224,119860350.0,276706181.6403
2024-12-25 00:00:00,2.3224,2.3229,2.283,2.2974,75543592.0,173920617.5262
2024-12-25 04:00:00,2.2974,2.3141,2.2782,2.2848,53487429.0,122800559.4624
2024-12-25 08:00:00,2.2848,2.332,2.2649,2.2702,99055171.0,227956045.935
2024-12-25 12:00:00,2.2702,2.2995,2.2609,2.2791,112984729.0,257654996.4218
2024-12-25 16:00:00,2.2791,2.3083,2.2606,2.306,63699536.0,145341071.869
2024-12-25 20:00:00,2.306,2.3168,2.288,2.2973,56360100.0,129728336.3391
2024-12-26 00:00:00,2.2973,2.3163,2.264,2.2705,73265800.0,167115570.0757
2024-12-26 04:00:00,2.2705,2.2705,2.2322,2.2403,91891804.0,206631491.9026
2024-12-26 08:00:00,2.2403,2.2458,2.1595,2.1891,188187795.0,412113814.3992
2024-12-26 12:00:00,2.1891,2.1903,2.1505,2.165,144707433.0,313831966.8306
2024-12-26 16:00:00,2.165,2.1857,2.1229,2.1663,118367121.0,255027658.6122
2024-12-26 20:00:00,2.1663,2.1783,2.1285,2.1547,70611610.0,152137958.9453
2024-12-27 00:00:00,2.1547,2.1894,2.1321,2.174,86857907.0,187927903.8279
2024-12-27 04:00:00,2.174,2.187,2.1264,2.143,100604234.0,217301066.8054
2024-12-27 08:00:00,2.143,2.2366,2.143,2.2135,171837734.0,377605321.6203
2024-12-27 12:00:00,2.2135,2.215,2.1322,2.1441,121650023.0,263763627.0272
2024-12-27 16:00:00,2.1441,2.1803,2.1133,2.1789,98111901.0,210348940.5256
2024-12-27 20:00:00,2.1789,2.18,2.1323,2.145,45689180.0,98235531.4843
2024-12-28 00:00:00,2.145,2.1569,2.1332,2.1543,51203804.0,110003402.2085
2024-12-28 04:00:00,2.1543,2.1711,2.1451,2.1577,58383774.0,126060531.8218
2024-12-28 08:00:00,2.1577,2.1758,2.1567,2.1688,38290569.0,82922856.7956
2024-12-28 12:00:00,2.1688,2.1941,2.1586,2.1725,70107270.0,152533543.733
2024-12-28 16:00:00,2.1725,2.2035,2.1707,2.1885,60825709.0,133193942.2869
2024-12-28 20:00:00,2.1885,2.2072,2.1789,2.1835,50423088.0,110538294.7038
2024-12-29 00:00:00,2.1835,2.1885,2.1688,2.1863,51814896.0,112863186.6825
2024-12-29 04:00:00,2.1863,2.1969,2.1754,2.1959,35293424.0,77101858.2722
2024-12-29 08:00:00,2.1959,2.1968,2.1741,2.1759,42958937.0,93799301.9879
2024-12-29 12:00:00,2.1759,2.186,2.1496,2.1632,94166250.0,203932024.5353
2024-12-29 16:00:00,2.1632,2.1654,2.1352,2.1417,59063357.0,126721168.859
2024-12-29 20:00:00,2.1417,2.1423,2.0696,2.0926,171007374.0,358814188.9654
2024-12-30 00:00:00,2.0926,2.1512,2.0827,2.1013,89453356.0,189048600.407
2024-12-30 04:00:00,2.1013,2.1123,2.046,2.0676,123833667.0,256764977.2959
2024-12-30 08:00:00,2.0676,2.085,2.0488,2.0752,106372403.0,220083213.3688
2024-12-30 12:00:00,2.0752,2.095,1.9917,2.0235,280061910.0,569386397.2368
2024-12-30 16:00:00,2.0235,2.1068,1.9973,2.1025,190595523.0,392288507.8048
2024-12-30 20:00:00,2.1025,2.1396,2.0428,2.0576,163833282.0,340808505.7411
2024-12-31 00:00:00,2.0576,2.0659,2.015,2.0203,75206267.0,152960386.4991
2024-12-31 04:00:00,2.0203,2.0368,2.0117,2.0325,59062063.0,119584880.154
2024-12-31 08:00:00,2.0325,2.0997,2.0322,2.0748,176352268.0,365296721.8972
2024-12-31 12:00:00,2.0748,2.1487,2.0748,2.1274,192458296.0,408077217.2539
2024-12-31 16:00:00,2.1274,2.1288,2.0612,2.092,91680425.0,192172605.9461
2024-12-31 20:00:00,2.092,2.1052,2.0719,2.0832,39689509.0,83146760.3829
2025-01-01 00:00:00,2.0832,2.1115,2.0812,2.106,32263835.0,67773357.1244
2025-01-01 04:00:00,2.106,2.148,2.0986,2.1239,49261311.0,104892426.4443
2025-01-01 08:00:00,2.1239,2.1436,2.09,2.135,101202222.0,214004966.0911
2025-01-01 12:00:00,2.135,2.2337,2.1305,2.2282,244303140.0,532065016.3505
2025-01-01 16:00:00,2.2282,2.3424,2.2115,2.3175,454123353.0,1034842491.0913
2025-01-01 20:00:00,2.3175,2.3545,2.2842,2.3319,175340732.0,406625626.744
2025-01-02 00:00:00,2.3319,2.4531,2.3288,2.4238,382228346.0,919673804.151
2025-01-02 04:00:00,2.4238,2.428,2.3439,2.3675,159260320.0,378811285.6117
2025-01-02 08:00:00,2.3675,2.4175,2.3673,2.4041,133156672.0,318852640.4204
2025-01-02 12:00:00,2.4041,2.4225,2.3642,2.4037,201123884.0,482136883.7527
2025-01-02 16:00:00,2.4037,2.4389,2.3766,2.3874,117737317.0,283405704.3909
2025-01-02 20:00:00,2.3874,2.414,2.3653,2.4025,71896823.0,171878117.6265
2025-01-03 00:00:00,2.4025,2.4747,2.3963,2.4675,147840047.0,360259022.7658
2025-01-03 04:00:00,2.4675,2.4683,2.4036,2.4155,126574715.0,307934587.3114
2025-01-03 08:00:00,2.4155,2.4365,2.4,2.4095,102600449.0,248039034.3965
2025-01-03 12:00:00,2.4095,2.4495,2.4003,2.4468,128806363.0,312342908.3494
2025-01-03 16:00:00,2.4468,2.4813,2.437,2.4731,169250783.0,416218204.9482
2025-01-03 20:00:00,2.4731,2.4731,2.441,2.4541,67716164.0,166353886.2187
2025-01-04 00:00:00,2.4541,2.51,2.4271,2.4654,171780950.0,424691638.9265
2025-01-04 04:00:00,2.4654,2.4659,2.4417,2.4458,57138857.0,140180041.5393
2025-01-04 08:00:00,2.4458,2.4535,2.4275,2.4407,74473344.0,181671129.2604
2025-01-04 12:00:00,2.4407,2.4631,2.4006,2.4119,116933734.0,284561559.2296
2025-01-04 16:00:00,2.4119,2.4339,2.4106,2.4229,62330764.0,150926042.6303
2025-01-04 20:00:00,2.4229,2.442,2.4166,2.4203,49930194.0,121253541.865
2025-01-05 00:00:00,2.4203,2.4284,2.3678,2.3906,108189473.0,259051391.5398
2025-01-05 04:00:00,2.3906,2.4153,2.3871,2.4008,61011972.0,146472384.1062
2025-01-05 08:00:00,2.4008,2.4033,2.328,2.352,166794885.0,393601960.988
2025-01-05 12:00:00,2.352,2.3818,2.3428,2.3672,113350924.0,267953418.0209
2025-01-05 16:00:00,2.3672,2.4112,2.3579,2.3825,91788661.0,218848916.6252
2025-01-05 20:00:00,2.3825,2.4149,2.382,2.3988,57022014.0,136759717.5203
2025-01-06 00:00:00,2.3988,2.4429,2.3726,2.4116,121978305.0,293644647.9892
2025-01-06 04:00:00,2.4116,2.4246,2.3909,2.3935,76945056.0,185316224.9735
2025-01-06 08:00:00,2.3935,2.4044,2.3734,2.3955,70653055.0,168656300.2446
2025-01-06 12:00:00,2.3955,2.4514,2.3662,2.4366,166990901.0,403593281.642
2025-01-06 16:00:00,2.4366,2.4592,2.4,2.4245,101771111.0,247057329.1669
2025-01-06 20:00:00,2.4245,2.43,2.4063,2.4194,32934535.0,79591093.8828
2025-01-07 00:00:00,2.4194,2.4234,2.3919,2.4047,52902610.0,127136890.2556
2025-01-07 04:00:00,2.4047,2.4479,2.4035,2.4283,64325572.0,156190278.5513
2025-01-07 08:00:00,2.4283,2.4688,2.407,2.4215,140030158.0,341826648.4969
2025-01-07 12:00:00,2.4215,2.4429,2.2762,2.3126,742941422.0,1747494319.5917
2025-01-07 16:00:00,2.3126,2.3445,2.2621,2.2822,193939702.0,446701731.3585
2025-01-07 20:00:00,2.2822,2.3065,2.2556,2.2692,102502722.0,233975527.1677
2025-01-08 00:00:00,2.2692,2.3665,2.2664,2.3192,141620666.0,329180400.8987
2025-01-08 04:00:00,2.3192,2.3327,2.258,2.286,118511692.0,271825049.9238
2025-01-08 08:00:00,2.286,2.3398,2.2854,2.3251,126958139.0,294245536.9421
2025-01-08 12:00:00,2.3251,2.3784,2.2761,2.3085,221137845.0,514449706.7837
2025-01-08 16:00:00,2.3085,2.3375,2.1987,2.3149,285288720.0,648105308.762
2025-01-08 20:00:00,2.3149,2.3976,2.2961,2.3723,150901657.0,356152777.3418
2025-01-09 00:00:00,2.3723,2.3948,2.3351,2.3484,97293176.0,229909400.5864
2025-01-09 04:00:00,2.3484,2.366,2.2961,2.312,98051815.0,228508902.9935
2025-01-09 08:00:00,2.312,2.3317,2.2864,2.304,112460184.0,259627544.0544
2025-01-09 12:00:00,2.304,2.3378,2.2335,2.3187,176081394.0,401315287.4043
2025-01-09 16:00:00,2.3187,2.3285,2.266,2.2781,102098464.0,235259482.7451
2025-01-09 20:00:00,2.2781,2.2979,2.2501,2.2715,90730745.0,206229587.4332
2025-01-10 00:00:00,2.2715,2.2931,2.2562,2.2877,47165263.0,107391057.6432
2025-01-10 04:00:00,2.2877,2.3259,2.2793,2.3094,49386102.0,113761588.9153
2025-01-10 08:00:00,2.3094,2.3226,2.2995,2.3094,53212264.0,122944506.5151
2025-01-10 12:00:00,2.3094,2.319,2.2453,2.2877,347715377.0,792682396.6719
2025-01-10 16:00:00,2.2877,2.3625,2.2678,2.3578,145662963.0,338664214.4274
2025-01-10 20:00:00,2.3578,2.3694,2.3311,2.3411,75030314.0,176090957.8025
2025-01-11 00:00:00,2.3411,2.3642,2.3242,2.3303,59493410.0,139442358.215
2025-01-11 04:00:00,2.3303,2.346,2.3262,2.3437,40076246.0,93628829.0734
2025-01-11 08:00:00,2.3437,2.4363,2.3313,2.4202,122131427.0,291614718.0261
2025-01-11 12:00:00,2.4202,2.4306,2.3767,2.4064,154994812.0,372170983.0246
2025-01-11 16:00:00,2.4064,2.5323,2.3963,2.5297,331971844.0,823470958.4362
2025-01-11 20:00:00,2.5297,2.6035,2.5074,2.5762,317657174.0,813607751.9644
2025-01-12 00:00:00,2.5762,2.5834,2.5058,2.5415,134864970.0,341865514.4903
2025-01-12 04:00:00,2.5415,2.556,2.5109,2.541,80317559.0,203686609.6123
2025-01-12 08:00:00,2.541,2.5505,2.4693,2.4943,196463327.0,490906491.3072
2025-01-12 12:00:00,2.4943,2.5326,2.4865,2.5216,135655945.0,340360207.6046
2025-01-12 16:00:00,2.5216,2.553,2.5138,2.5468,81031763.0,205438375.3032
2025-01-12 20:00:00,2.5468,2.5475,2.4836,2.5035,103055735.0,258633186.1579
2025-01-13 00:00:00,2.5035,2.5628,2.4928,2.5048,159125343.0,402341047.3532
2025-01-13 04:00:00,2.5048,2.5405,2.435,2.4611,228589332.0,566697117.1663
2025-01-13 08:00:00,2.4611,2.464,2.3335,2.3377,263564135.0,634040286.4369
2025-01-13 12:00:00,2.3377,2.4966,2.331,2.465,649176719.0,1556832049.5039
2025-01-13 16:00:00,2.465,2.4954,2.4241,2.4629,163648565.0,402335485.2318
2025-01-13 20:00:00,2.4629,2.5561,2.4501,2.5224,129265801.0,325486695.6211
2025-01-14 00:00:00,2.5224,2.553,2.5141,2.5319,84929919.0,215314264.6887
2025-01-14 04:00:00,2.5319,2.553,2.5111,2.5154,78241922.0,198116937.6506
2025-01-14 08:00:00,2.5154,2.6028,2.5151,2.5749,203084242.0,520754920.5752
2025-01-14 12:00:00,2.5749,2.5915,2.5459,2.5785,196212121.0,504726357.4202
2025-01-14 16:00:00,2.5785,2.7008,2.5516,2.6624,274224827.0,725075564.144
2025-01-14 20:00:00,2.6624,2.6792,2.6386,2.6667,93429806.0,248539772.4557
2025-01-15 00:00:00,2.6667,2.8785,2.6487,2.8296,387008298.0,1078287044.1629
2025-01-15 04:00:00,2.8296,2.8922,2.7818,2.8594,233041428.0,661329547.4638
2025-01-15 08:00:00,2.8594,2.8755,2.7122,2.7607,484209688.0,1352430086.4347
2025-01-15 12:00:00,2.7607,3.03,2.7254,2.9698,920917822.0,2662560729.5492
2025-01-15 16:00:00,2.9698,3.0068,2.869,2.9448,400706625.0,1173357663.7802
2025-01-15 20:00:00,2.9448,3.2,2.9339,3.1417,528307229.0,1631193838.0898
2025-01-16 00:00:00,3.1417,3.1488,2.9211,3.0397,652061581.0,1972635739.1877
2025-01-16 04:00:00,3.0397,3.1492,3.0391,3.0907,224539848.0,693612072.1553
2025-01-16 08:00:00,3.0907,3.2154,3.0259,3.1966,532141131.0,1660484627.5582
2025-01-16 12:00:00,3.1966,3.3895,3.1606,3.307,1439811690.0,4730049232.6486
2025-01-16 16:00:00,3.307,3.4,3.3027,3.3493,405554827.0,1359683499.3516
2025-01-16 20:00:00,3.3493,3.3508,3.164,3.2396,377176042.0,1229280249.6032
2025-01-17 00:00:00,3.2396,3.3476,3.2396,3.3074,212219369.0,698573997.0773
2025-01-17 04:00:00,3.3074,3.3519,3.2827,3.301,132367260.0,439361742.2518
2025-01-17 08:00:00,3.301,3.3267,3.2244,3.2966,251069559.0,821526347.2514
2025-01-17 12:00:00,3.2966,3.2967,3.1742,3.1999,353223356.0,1142336476.8931
2025-01-17 16:00:00,3.1999,3.2585,3.1722,3.2334,194682233.0,627127280.8471
2025-01-17 20:00:00,3.2334,3.3167,3.2244,3.2904,154952628.0,507508382.5239
2025-01-18 00:00:00,3.2904,3.2979,3.1974,3.2394,156539339.0,508578387.7829
2025-01-18 04:00:00,3.2394,3.247,3.0729,3.1158,360967487.0,1132587126.0898
2025-01-18 08:00:00,3.1158,3.1834,3.0571,3.1711,250379825.0,780096676.2083
2025-01-18 12:00:00,3.1711,3.2478,3.1515,3.1755,179853883.0,575966936.5271
2025-01-18 16:00:00,3.1755,3.2168,3.1303,3.21,139634223.0,442308348.193
2025-01-18 20:00:00,3.21,3.2909,3.1699,3.2698,105439312.0,340867767.7071
2025-01-19 00:00:00,3.2698,3.2935,3.2234,3.2495,123407112.0,401952513.1485
2025-01-19 04:00:00,3.2495,3.2525,3.1706,3.1816,112830269.0,360865403.4016
2025-01-19 08:00:00,3.1816,3.1816,3.035,3.0532,317874440.0,985107857.6803
2025-01-19 12:00:00,3.0532,3.1592,3.053,3.1461,145578129.0,453832946.6063
2025-01-19 16:00:00,3.1461,3.2256,3.1129,3.2228,121173469.0,383307955.7798
2025-01-19 20:00:00,3.2228,3.2368,2.8326,2.9538,992558638.0,2968515273.789
2025-01-20 00:00:00,2.9538,3.1318,2.9061,3.1121,332830894.0,998536631.3288
2025-01-20 04:00:00,3.1121,3.2549,3.0724,3.1998,236593581.0,752085854.1617
2025-01-20 08:00:00,3.1998,3.3459,3.1994,3.3269,242425686.0,795745867.3145
2025-01-20 12:00:00,3.3269,3.373,3.2051,3.2729,389013475.0,1276491828.7612
2025-01-20 16:00:00,3.2729,3.3232,3.0092,3.152,983434879.0,3106655891.1395
2025-01-20 20:00:00,3.152,3.1781,3.0298,3.1051,176304195.0,548094369.1446
2025-01-21 00:00:00,3.1051,3.1915,3.0615,3.1031,172997629.0,538987460.4186
2025-01-21 04:00:00,3.1031,3.1031,3.0136,3.0681,112400254.0,343957399.9786
2025-01-21 08:00:00,3.0681,3.1219,3.0418,3.1078,105756809.0,326865227.5169
2025-01-21 12:00:00,3.1078,3.1514,3.0771,3.12,136879225.0,427376408.9608
2025-01-21 16:00:00,3.12,3.24,3.1165,3.1999,132494215.0,423113226.9677
2025-01-21 20:00:00,3.1999,3.2023,3.1389,3.1732,67218263.0,213271400.9123
2025-01-22 00:00:00,3.1732,3.2069,3.1621,3.1761,53773637.0,171289334.2555
2025-01-22 04:00:00,3.1761,3.1897,3.1504,3.1714,58857733.0,186573266.8934
2025-01-22 08:00:00,3.1714,3.2361,3.1407,3.2341,76944613.0,244761077.8861
2025-01-22 12:00:00,3.2341,3.2615,3.1511,3.1608,169368851.0,542509596.1843
2025-01-22 16:00:00,3.1608,3.2673,3.126,3.2252,208456633.0,669408001.4158
2025-01-22 20:00:00,3.2252,3.2865,3.1507,3.1791,129433741.0,416053452.4579
2025-01-23 00:00:00,3.1791,3.1824,3.1139,3.1511,64012530.0,201632402.3557
2025-01-23 04:00:00,3.1511,3.1547,3.0956,3.1288,71091282.0,221948089.649
2025-01-23 08:00:00,3.1288,3.1312,3.06,3.0844,72625557.0,224576725.9917
2025-01-23 12:00:00,3.0844,3.1626,3.0364,3.1332,194777574.0,605097604.8576
2025-01-23 16:00:00,3.1332,3.1834,3.0572,3.0786,129564846.0,404337892.4793
2025-01-23 20:00:00,3.0786,3.1743,3.0561,3.1184,171738297.0,535004465.0503
2025-01-24 00:00:00,3.1184,3.1311,3.0523,3.1196,110638024.0,341801758.2476
2025-01-24 04:00:00,3.1196,3.1746,3.111,3.1649,73922745.0,233040944.8458
2025-01-24 08:00:00,3.1649,3.2015,3.1606,3.1967,71935697.0,228982609.0131
2025-01-24 12:00:00,3.1967,3.2032,3.1355,3.1646,80104156.0,254102696.7873
2025-01-24 16:00:00,3.1646,3.1705,3.1302,3.1396,45590034.0,143657590.1791
2025-01-24 20:00:00,3.1396,3.1431,3.081,3.0997,57980987.0,180168161.2345
2025-01-25 00:00:00,3.0997,3.1328,3.0943,3.1317,45306790.0,141082335.628
2025-01-25 04:00:00,3.1317,3.1353,3.0918,3.1072,31844520.0,98912334.4409
2025-01-25 08:00:00,3.1072,3.1153,3.0762,3.1136,38180716.0,118130411.6496
2025-01-25 12:00:00,3.1136,3.1424,3.1018,3.1394,52446487.0,163712794.3277
2025-01-25 16:00:00,3.1394,3.1442,3.1108,3.1247,41214310.0,128799191.9239
2025-01-25 20:00:00,3.1247,3.1416,3.1031,3.1065,32958975.0,103009846.3911
2025-01-26 00:00:00,3.1065,3.1429,3.1033,3.1338,31566228.0,98555742.4631
2025-01-26 04:00:00,3.1338,3.144,3.1233,3.142,26050731.0,81640557.9656
2025-01-26 08:00:00,3.142,3.1435,3.1095,3.1302,47685728.0,148942026.4096
2025-01-26 12:00:00,3.1302,3.1302,3.1115,3.1144,29606413.0,92309206.6581
2025-01-26 16:00:00,3.1144,3.1375,3.1049,3.1306,32562762.0,101620677.4976
2025-01-26 20:00:00,3.1306,3.1316,3.0098,3.0202,136933401.0,419353023.8493
2025-01-27 00:00:00,3.0202,3.0369,2.9382,3.0026,226567656.0,677077999.0073
2025-01-27 04:00:00,3.0026,3.0034,2.6479,2.809,722465881.0,2013325958.8676
2025-01-27 08:00:00,2.809,2.8319,2.7145,2.7868,260807171.0,725676703.0395
2025-01-27 12:00:00,2.7868,2.993,2.7681,2.9538,365707861.0,1063826306.3603
2025-01-27 16:00:00,2.9538,3.0242,2.8766,2.9145,169030205.0,496969742.5227
2025-01-27 20:00:00,2.9145,3.0574,2.9136,3.0532,134095979.0,403674769.1835
2025-01-28 00:00:00,3.0532,3.0941,3.004,3.087,92460151.0,282493954.0909
2025-01-28 04:00:00,3.087,3.1484,3.0831,3.1059,101565919.0,316159563.2779
2025-01-28 08:00:00,3.1059,3.143,3.0704,3.1347,98422349.0,306318817.6047
2025-01-28 12:00:00,3.1347,3.214,3.1138,3.1834,254718870.0,806894219.7853
2025-01-28 16:00:00,3.1834,3.1976,3.1208,3.1365,133232619.0,420912840.2162
2025-01-28 20:00:00,3.1365,3.1387,3.0126,3.0568,181009370.0,555236956.6532
2025-01-29 00:00:00,3.0568,3.0952,3.0541,3.0822,57587586.0,177023687.4614
2025-01-29 04:00:00,3.0822,3.1233,3.0721,3.1047,60552916.0,187953586.3903
2025-01-29 08:00:00,3.1047,3.1267,3.071,3.0846,64139193.0,198339184.7956
2025-01-29 12:00:00,3.0846,3.0983,3.0239,3.0634,110536795.0,338065625.1359
2025-01-29 16:00:00,3.0634,3.127,2.9652,3.0715,381843574.0,1166532101.0463
2025-01-29 20:00:00,3.0715,3.1353,3.0326,3.0674,147703483.0,455937032.406
2025-01-30 00:00:00,3.0674,3.1312,3.0453,3.1219,66002711.0,204190942.5956
2025-01-30 04:00:00,3.1219,3.1344,3.0971,3.1088,43362846.0,135144361.9826
2025-01-30 08:00:00,3.1088,3.1158,3.0952,3.1018,31837632.0,98824703.9175
2025-01-30 12:00:00,3.1018,3.1533,3.0814,3.1199,90040862.0,280460007.5343
2025-01-30 16:00:00,3.1199,3.1447,3.0976,3.1288,50830442.0,158533424.0744
2025-01-30 20:00:00,3.1288,3.154,3.1126,3.1262,45938894.0,143954656.587
2025-01-31 00:00:00,3.1262,3.1334,3.0806,3.0921,45554837.0,141427729.5991
2025-01-31 04:00:00,3.0921,3.0977,3.0688,3.0785,48236929.0,148736703.314
2025-01-31 08:00:00,3.0785,3.1012,3.0566,3.0962,53843943.0,165662901.3129
2025-01-31 12:00:00,3.0962,3.114,3.0692,3.0981,61470612.0,190206775.6077
2025-01-31 16:00:00,3.0981,3.1033,3.0125,3.0312,81401148.0,248306250.6062
2025-01-31 20:00:00,3.0312,3.0462,3.0003,3.0348,51048874.0,154237518.3453
2025-02-01 00:00:00,3.0348,3.0711,3.0246,3.0392,32937354.0,100380581.5237
2025-02-01 04:00:00,3.0392,3.0564,3.0267,3.0295,25556370.0,77771241.7879
2025-02-01 08:00:00,3.0295,3.0385,2.9423,2.993,108212098.0,323189888.3848
2025-02-01 12:00:00,2.993,3.0063,2.9487,2.9722,64819360.0,192973237.6696
2025-02-01 16:00:00,2.9722,2.9997,2.9062,2.9372,68829361.0,203144007.6536
2025-02-01 20:00:00,2.9372,2.9432,2.8269,2.8769,152838935.0,441371624.1068
2025-02-02 00:00:00,2.8769,2.9536,2.8247,2.832,120614506.0,347751123.0927
2025-02-02 04:00:00,2.832,2.9263,2.8217,2.8809,134212597.0,386742876.6076
2025-02-02 08:00:00,2.8809,2.9145,2.7817,2.7872,94860260.0,270328237.0301
2025-02-02 12:00:00,2.7872,2.8487,2.732,2.8098,193298746.0,539683458.1618
2025-02-02 16:00:00,2.8098,2.8106,2.5003,2.6669,1003171895.0,2610520943.835
2025-02-02 20:00:00,2.6669,2.7192,2.4627,2.578,571513321.0,1462035801.5039
2025-02-03 00:00:00,2.578,2.5794,1.7764,2.2565,3158464557.0,6820047770.619
2025-02-03 04:00:00,2.2565,2.4539,2.1204,2.4293,687961736.0,1563636863.4973
2025-02-03 08:00:00,2.4293,2.4388,2.305,2.37,402039157.0,953798456.7368
2025-02-03 12:00:00,2.37,2.5951,2.204,2.5509,1011593752.0,2416734865.3888
2025-02-03 16:00:00,2.5509,2.7798,2.5351,2.7454,471230825.0,1245183050.4295
2025-02-03 20:00:00,2.7454,2.7455,2.6428,2.7005,214395405.0,577596461.9747
2025-02-04 00:00:00,2.7005,2.7866,2.686,2.718,186573066.0,510175177.6475
2025-02-04 04:00:00,2.718,2.728,2.4693,2.4834,436081418.0,1118336778.9631
2025-02-04 08:00:00,2.4834,2.6341,2.4695,2.5877,195960976.0,499444132.0817
2025-02-04 12:00:00,2.5877,2.6886,2.5836,2.6207,280665918.0,740026147.178
2025-02-04 16:00:00,2.6207,2.7108,2.5821,2.5859,207484574.0,547944920.2054
2025-02-04 20:00:00,2.5859,2.6189,2.4194,2.5268,419803867.0,1055417433.3912
2025-02-05 00:00:00,2.5268,2.5637,2.4688,2.5045,120967145.0,304481954.9696
2025-02-05 04:00:00,2.5045,2.5409,2.4832,2.5096,104962722.0,263075980.594
2025-02-05 08:00:00,2.5096,2.555,2.4943,2.5488,85458529.0,215720151.8238
2025-02-05 12:00:00,2.5488,2.5685,2.4746,2.5002,179887978.0,453850675.2892
2025-02-05 16:00:00,2.5002,2.5077,2.3419,2.4358,234629563.0,567650757.9292
2025-02-05 20:00:00,2.4358,2.4612,2.3576,2.3808,119179179.0,286360141.8319
2025-02-06 00:00:00,2.3808,2.4339,2.3742,2.4227,100119100.0,240787605.1779
2025-02-06 04:00:00,2.4227,2.4666,2.413,2.4394,84923057.0,207286192.1787
2025-02-06 08:00:00,2.4394,2.4686,2.4183,2.4478,108957198.0,266337966.6653
2025-02-06 12:00:00,2.4478,2.4509,2.2847,2.3151,314672475.0,743350029.8153
2025-02-06 16:00:00,2.3151,2.3694,2.2759,2.2932,201025816.0,465684874.0001
2025-02-06 20:00:00,2.2932,2.3632,2.2886,2.3246,140812716.0,327735106.3024
2025-02-07 00:00:00,2.3246,2.3731,2.31,2.3514,93201330.0,218538107.1117
2025-02-07 04:00:00,2.3514,2.3716,2.2635,2.2879,135488308.0,313250615.3627
2025-02-07 08:00:00,2.2879,2.4322,2.2752,2.4177,190120500.0,449643853.6778
2025-02-07 12:00:00,2.4177,2.539,2.3699,2.4779,632570072.0,1556345041.7755
2025-02-07 16:00:00,2.4779,2.5083,2.4091,2.4273,192609317.0,473514710.6048
2025-02-07 20:00:00,2.4273,2.4307,2.346,2.3948,132509672.0,314899064.5178
2025-02-08 00:00:00,2.3948,2.4253,2.3742,2.382,66705911.0,159711307.3802
2025-02-08 04:00:00,2.382,2.4035,2.349,2.3926,82011043.0,194727864.7824
2025-02-08 08:00:00,2.3926,2.4167,2.3692,2.4109,80685857.0,193326990.4911
2025-02-08 12:00:00,2.4109,2.4348,2.3808,2.3905,100516700.0,242140921.5648
2025-02-08 16:00:00,2.3905,2.4367,2.3758,2.4233,64344617.0,154937397.5536
2025-02-08 20:00:00,2.4233,2.435,2.4013,2.4177,35971778.0,87039013.5327
2025-02-09 00:00:00,2.4177,2.5034,2.4059,2.5027,102232207.0,251832544.7722
2025-02-09 04:00:00,2.5027,2.5074,2.449,2.4652,70042473.0,173146487.9036
2025-02-09 08:00:00,2.4652,2.4958,2.437,2.4372,93314725.0,229980389.2161
2025-02-09 12:00:00,2.4372,2.448,2.3781,2.4268,115127083.0,277958351.3901
2025-02-09 16:00:00,2.4268,2.4339,2.3834,2.3963,42912621.0,103464506.2482
2025-02-09 20:00:00,2.3963,2.4215,2.3104,2.3911,138461453.0,326972404.6823
2025-02-10 00:00:00,2.3911,2.4353,2.3218,2.3816,120772054.0,286706322.2742
2025-02-10 04:00:00,2.3816,2.4192,2.3705,2.4044,73722922.0,176582279.6633
2025-02-10 08:00:00,2.4044,2.4529,2.4003,2.4273,96134098.0,233521940.2661
2025-02-10 12:00:00,2.4273,2.4721,2.4038,2.4207,119603599.0,290772272.8989
2025-02-10 16:00:00,2.4207,2.4445,2.408,2.423,48356604.0,117434020.9771
2025-02-10 20:00:00,2.423,2.4414,2.4068,2.4225,43319438.0,104956054.2958
2025-02-11 00:00:00,2.4225,2.4668,2.4186,2.441,56652709.0,138478258.5075
2025-02-11 04:00:00,2.441,2.5281,2.4397,2.4996,108243550.0,270176625.3511
2025-02-11 08:00:00,2.4996,2.5121,2.4741,2.4953,83431516.0,207944299.5283
2025-02-11 12:00:00,2.4953,2.4976,2.4333,2.4691,118526776.0,292238830.3045
2025-02-11 16:00:00,2.4691,2.4807,2.3702,2.3868,117365661.0,283408531.8181
2025-02-11 20:00:00,2.3868,2.4446,2.3815,2.4124,57689400.0,139478298.1926
2025-02-12 00:00:00,2.4124,2.4255,2.379,2.3872,40723828.0,97845629.9817
2025-02-12 04:00:00,2.3872,2.4179,2.3795,2.4059,48145580.0,115569253.6803
2025-02-12 08:00:00,2.4059,2.4318,2.3984,2.4199,43033927.0,103858748.4681
2025-02-12 12:00:00,2.4199,2.4516,2.3311,2.3999,427801324.0,1019239667.3368
2025-02-12 16:00:00,2.3999,2.466,2.3774,2.4469,95896594.0,233428086.0265
2025-02-12 20:00:00,2.4469,2.495,2.4389,2.4722,58490348.0,144379833.1426
2025-02-13 00:00:00,2.4722,2.4826,2.4522,2.4815,30915846.0,76323308.1806
2025-02-13 04:00:00,2.4815,2.4857,2.427,2.4394,60128858.0,147671393.5291
2025-02-13 08:00:00,2.4394,2.4565,2.4199,2.4431,42132910.0,102780118.7038
2025-02-13 12:00:00,2.4431,2.4698,2.4131,2.4465,104137753.0,254293498.8644
2025-02-13 16:00:00,2.4465,2.4719,2.4196,2.4542,49771930.0,121519628.3914
2025-02-13 20:00:00,2.4542,2.6045,2.4535,2.5575,192645742.0,488972797.4836
2025-02-14 00:00:00,2.5575,2.5927,2.5281,2.5917,120024288.0,307166379.2304
2025-02-14 04:00:00,2.5917,2.5966,2.5369,2.5872,94729942.0,243207673.5181
2025-02-14 08:00:00,2.5872,2.7896,2.5863,2.7328,521625258.0,1418827931.5806
2025-02-14 12:00:00,2.7328,2.7488,2.6779,2.7245,229940077.0,623516618.4765
2025-02-14 16:00:00,2.7245,2.8366,2.6981,2.787,202586433.0,561822758.9116
2025-02-14 20:00:00,2.787,2.8103,2.689,2.7369,130366241.0,357088174.9491
2025-02-15 00:00:00,2.7369,2.8323,2.7218,2.8113,131666662.0,367352653.3752
2025-02-15 04:00:00,2.8113,2.8133,2.7442,2.763,91282806.0,253635610.5228
2025-02-15 08:00:00,2.763,2.817,2.7629,2.7965,96947654.0,271120539.9328
2025-02-15 12:00:00,2.7965,2.8228,2.7563,2.7794,122748547.0,342265357.8552
2025-02-15 16:00:00,2.7794,2.7858,2.7368,2.7441,64821277.0,178891282.7208
2025-02-15 20:00:00,2.7441,2.764,2.7123,2.7597,63900243.0,174937587.1207
2025-02-16 00:00:00,2.7597,2.7972,2.7534,2.782,54240485.0,150692193.0258
2025-02-16 04:00:00,2.782,2.8048,2.7484,2.7598,48180798.0,134040900.6881
2025-02-16 08:00:00,2.7598,2.7763,2.7395,2.7629,63435984.0,174812761.1948
2025-02-16 12:00:00,2.7629,2.7658,2.7068,2.7219,101258128.0,276560348.1276
2025-02-16 16:00:00,2.7219,2.7392,2.6886,2.7252,78849717.0,214185008.6151
2025-02-16 20:00:00,2.7252,2.7668,2.718,2.7277,67466307.0,185108594.6958
2025-02-17 00:00:00,2.7277,2.7632,2.6984,2.711,56038964.0,153306841.2922
2025-02-17 04:00:00,2.711,2.716,2.6339,2.653,134592781.0,359466160.218
2025-02-17 08:00:00,2.653,2.6979,2.6406,2.672,84255155.0,225134404.9843
2025-02-17 12:00:00,2.672,2.7307,2.6404,2.6454,122599329.0,330162749.259
2025-02-17 16:00:00,2.6454,2.6624,2.6065,2.6467,141381582.0,372599353.2143
2025-02-17 20:00:00,2.6467,2.6851,2.6426,2.659,46302811.0,123230354.7637
2025-02-18 00:00:00,2.659,2.6686,2.6255,2.6585,39401373.0,104436968.0773
2025-02-18 04:00:00,2.6585,2.6662,2.5394,2.563,130136197.0,336448267.4748
2025-02-18 08:00:00,2.563,2.6079,2.545,2.5717,87300647.0,224831386.9533
2025-02-18 12:00:00,2.5717,2.6302,2.5261,2.5401,155614438.0,402098968.3141
2025-02-18 16:00:00,2.5401,2.5562,2.468,2.5096,190600690.0,477275469.1226
2025-02-18 20:00:00,2.5096,2.5665,2.4951,2.5618,59716544.0,151163982.0544
2025-02-19 00:00:00,2.5618,2.5766,2.518,2.5528,62060490.0,158203227.3133
2025-02-19 04:00:00,2.5528,2.5644,2.5105,2.555,70102873.0,177760678.7882
2025-02-19 08:00:00,2.555,2.6314,2.5415,2.6124,106472294.0,274826663.5119
2025-02-19 12:00:00,2.6124,2.6236,2.5716,2.6058,110627750.0,287657295.1721
2025-02-19 16:00:00,2.6058,2.6907,2.6054,2.658,159673929.0,424042164.8048
2025-02-19 20:00:00,2.658,2.7455,2.6541,2.7351,110229289.0,297329178.2589
2025-02-20 00:00:00,2.7351,2.7473,2.6795,2.7031,79700675.0,215731729.9495
2025-02-20 04:00:00,2.7031,2.7311,2.6687,2.6839,82053190.0,221535683.313
2025-02-20 08:00:00,2.6839,2.7111,2.6756,2.6813,65302821.0,175845059.3331
2025-02-20 12:00:00,2.6813,2.7467,2.6682,2.671,122052949.0,329899210.4241
2025-02-20 16:00:00,2.671,2.7273,2.6656,2.7068,65408944.0,176647594.1831
2025-02-20 20:00:00,2.7068,2.7136,2.6686,2.6869,41306492.0,111119973.377
2025-02-21 00:00:00,2.6869,2.6919,2.6378,2.6437,50687792.0,135005986.0049
2025-02-21 04:00:00,2.6437,2.673,2.6403,2.6573,43589563.0,115821410.4646
2025-02-21 08:00:00,2.6573,2.6931,2.644,2.6487,81380566.0,217033789.6423
2025-02-21 12:00:00,2.6487,2.7143,2.5624,2.6129,212400489.0,561395749.416
2025-02-21 16:00:00,2.6129,2.6452,2.5057,2.5241,134233683.0,345564599.3674
2025-02-21 20:00:00,2.5241,2.574,2.5142,2.5691,71550065.0,181915361.0889
2025-02-22 00:00:00,2.5691,2.5971,2.5493,2.5713,42120416.0,108430455.5652
2025-02-22 04:00:00,2.5713,2.5939,2.5661,2.5795,28518095.0,73604421.5467
2025-02-22 08:00:00,2.5795,2.5946,2.5637,2.5872,30606969.0,78976525.9089
2025-02-22 12:00:00,2.5872,2.5981,2.5773,2.5881,42376144.0,109597952.2296
2025-02-22 16:00:00,2.5881,2.6089,2.5816,2.5858,30253772.0,78458741.8727
2025-02-22 20:00:00,2.5858,2.5877,2.5681,2.5726,22883275.0,58976861.6914
2025-02-23 00:00:00,2.5726,2.5737,2.5388,2.551,51444572.0,131508443.8704
2025-02-23 04:00:00,2.551,2.6,2.5436,2.5888,29805723.0,76566838.5659
2025-02-23 08:00:00,2.5888,2.59,2.5645,2.5676,42597801.0,109706419.4559
2025-02-23 12:00:00,2.5676,2.5731,2.5178,2.5209,51294469.0,130799011.9101
2025-02-23 16:00:00,2.5209,2.5651,2.5196,2.5505,45123897.0,114954436.3209
2025-02-23 20:00:00,2.5505,2.582,2.5427,2.5747,26275057.0,67386386.6731
2025-02-24 00:00:00,2.5747,2.6084,2.467,2.4887,113285678.0,286142103.1731
2025-02-24 04:00:00,2.4887,2.5037,2.4416,2.4921,89224393.0,220911900.8881
2025-02-24 08:00:00,2.4921,2.4931,2.4317,2.4865,107468051.0,264903679.2488
2025-02-24 12:00:00,2.4865,2.497,2.4001,2.4294,172821178.0,422855339.148
2025-02-24 16:00:00,2.4294,2.4753,2.3791,2.4005,122137095.0,296053983.0271
2025-02-24 20:00:00,2.4005,2.4485,2.23,2.2767,492442259.0,1141580369.1122
2025-02-25 00:00:00,2.2767,2.3351,2.21,2.2818,282522928.0,645690427.4556
2025-02-25 04:00:00,2.2818,2.3091,2.0884,2.1517,539735920.0,1177032642.5028
2025-02-25 08:00:00,2.1517,2.212,2.0632,2.1865,454905520.0,969458354.1127
2025-02-25 12:00:00,2.1865,2.2773,2.1556,2.2058,385637210.0,854164321.7783
2025-02-25 16:00:00,2.2058,2.2636,2.1712,2.2603,165550153.0,367085284.4031
2025-02-25 20:00:00,2.2603,2.3643,2.2434,2.3206,139667415.0,322578444.9672
2025-02-26 00:00:00,2.3206,2.3295,2.262,2.3101,77981722.0,179360210.4197
2025-02-26 04:00:00,2.3101,2.3271,2.2663,2.2864,57038717.0,130827837.9242
2025-02-26 08:00:00,2.2864,2.322,2.2635,2.2787,83844850.0,192522997.7515
2025-02-26 12:00:00,2.2787,2.3031,2.1934,2.2733,220164513.0,495000176.3021
2025-02-26 16:00:00,2.2733,2.2816,2.1506,2.1784,221839859.0,490411693.0865
2025-02-26 20:00:00,2.1784,2.2459,2.1527,2.1986,164951990.0,363355201.9444
2025-02-27 00:00:00,2.1986,2.2179,2.1586,2.2017,103234374.0,226137385.6278
2025-02-27 04:00:00,2.2017,2.2387,2.171,2.2213,82167364.0,181359536.2271
2025-02-27 08:00:00,2.2213,2.2566,2.202,2.2384,80740636.0,180030252.9677
2025-02-27 12:00:00,2.2384,2.2454,2.1672,2.1978,129563678.0,286192573.3379
2025-02-27 16:00:00,2.1978,2.2357,2.1715,2.1889,72133517.0,158682628.713
2025-02-27 20:00:00,2.1889,2.2076,2.1447,2.1974,84203388.0,183040359.8633
2025-02-28 00:00:00,2.1974,2.2002,2.0168,2.0184,346597001.0,720612108.7645
2025-02-28 04:00:00,2.0184,2.0497,1.9829,2.0,214575065.0,432510801.3697
2025-02-28 08:00:00,2.0,2.0586,1.9507,2.0315,195392547.0,393064245.093
2025-02-28 12:00:00,2.0315,2.1556,2.0118,2.1452,288841936.0,602247451.9953
2025-02-28 16:00:00,2.1452,2.1628,2.1142,2.1472,96609041.0,206620451.426
2025-02-28 20:00:00,2.1472,2.158,2.1213,2.144,41528523.0,88854008.5762
2025-03-01 00:00:00,2.144,2.216,2.1212,2.1841,86808163.0,188450539.0289
2025-03-01 04:00:00,2.1841,2.2186,2.1619,2.1661,71674358.0,156942210.4492
2025-03-01 08:00:00,2.1661,2.1931,2.1398,2.1589,86067426.0,186396621.1268
2025-03-01 12:00:00,2.1589,2.1708,2.1203,2.1504,83457012.0,179068907.8774
2025-03-01 16:00:00,2.1504,2.1763,2.1335,2.1678,46749953.0,100669849.0162
2025-03-01 20:00:00,2.1678,2.2078,2.1585,2.1904,53485482.0,116851317.3343
2025-03-02 00:00:00,2.1904,2.267,2.1732,2.2526,94515323.0,210679220.5564
2025-03-02 04:00:00,2.2526,2.2974,2.2386,2.272,71736544.0,162604853.8324
2025-03-02 08:00:00,2.272,2.2842,2.2517,2.273,48434958.0,109725492.1529
2025-03-02 12:00:00,2.273,2.7088,2.2192,2.5979,904560446.0,2267443779.8239
2025-03-02 16:00:00,2.5979,3.0054,2.5933,2.8681,1751577170.0,4939897524.3476
2025-03-02 20:00:00,2.8681,2.9623,2.8351,2.9407,177354881.0,513520200.4761
2025-03-03 00:00:00,2.9407,2.9693,2.762,2.7929,231405770.0,658516137.2581
2025-03-03 04:00:00,2.7929,2.8244,2.6301,2.6899,239096299.0,645801719.8642
2025-03-03 08:00:00,2.6899,2.6963,2.527,2.6314,372952301.0,971995381.5129
2025-03-03 12:00:00,2.6314,2.7153,2.5543,2.5966,382608979.0,1009602312.66
2025-03-03 16:00:00,2.5966,2.6368,2.3406,2.3475,630912436.0,1557779508.0831
2025-03-03 20:00:00,2.3475,2.4219,2.295,2.3857,278892072.0,663057161.782
2025-03-04 00:00:00,2.3857,2.4205,2.2111,2.2975,498712418.0,1143064665.3298
2025-03-04 04:00:00,2.2975,2.3763,2.2867,2.319,165571104.0,386910487.4492
2025-03-04 08:00:00,2.319,2.4128,2.3001,2.3592,172606667.0,408283981.4341
2025-03-04 12:00:00,2.3592,2.5263,2.2874,2.4008,672405823.0,1608870768.8652
2025-03-04 16:00:00,2.4008,2.518,2.3108,2.4936,263922240.0,639475867.014
2025-03-04 20:00:00,2.4936,2.5377,2.4251,2.4529,131227097.0,325317319.9527
2025-03-05 00:00:00,2.4529,2.5415,2.432,2.4366,127621676.0,317090776.6998
2025-03-05 04:00:00,2.4366,2.4585,2.4063,2.4465,93580344.0,228176069.9118
2025-03-05 08:00:00,2.4465,2.5399,2.4434,2.4772,127867304.0,319086550.4245
2025-03-05 12:00:00,2.4772,2.5067,2.4164,2.4471,165883338.0,409140536.3948
2025-03-05 16:00:00,2.4471,2.5161,2.4243,2.4946,70783326.0,175152781.8011
2025-03-05 20:00:00,2.4946,2.513,2.486,2.4994,39202316.0,98003073.1283
2025-03-06 00:00:00,2.4994,2.5477,2.4685,2.5125,73501323.0,184475607.8594
2025-03-06 04:00:00,2.5125,2.5539,2.4994,2.5113,62016310.0,156324650.2444
2025-03-06 08:00:00,2.5113,2.6462,2.5084,2.6094,198549418.0,514764096.4286
2025-03-06 12:00:00,2.6094,2.639,2.543,2.6214,204236247.0,529004838.0734
2025-03-06 16:00:00,2.6214,2.6387,2.5262,2.5823,109954577.0,283338244.676
2025-03-06 20:00:00,2.5823,2.6252,2.5726,2.5981,69521231.0,180887829.0432
2025-03-07 00:00:00,2.5981,2.6198,2.3717,2.4689,486436291.0,1197785039.8605
2025-03-07 04:00:00,2.4689,2.5176,2.4659,2.5044,83602334.0,208461936.1124
2025-03-07 08:00:00,2.5044,2.5685,2.4912,2.5283,88975221.0,225249396.4262
2025-03-07 12:00:00,2.5283,2.5565,2.4808,2.5022,199612772.0,503736939.7269
2025-03-07 16:00:00,2.5022,2.523,2.3821,2.4803,310785207.0,758973268.8039
2025-03-07 20:00:00,2.4803,2.5332,2.3415,2.3836,311624894.0,754815528.4728
2025-03-08 00:00:00,2.3836,2.4095,2.3245,2.3418,80333157.0,189905664.6631
2025-03-08 04:00:00,2.3418,2.375,2.3304,2.3611,46899187.0,110496523.7036
2025-03-08 08:00:00,2.3611,2.3678,2.3,2.3147,72087029.0,168071331.7041
2025-03-08 12:00:00,2.3147,2.3647,2.3053,2.3495,70967981.0,166213248.1001
2025-03-08 16:00:00,2.3495,2.3591,2.309,2.3543,53745384.0,125395954.0157
2025-03-08 20:00:00,2.3543,2.3623,2.3119,2.3248,31696416.0,74099964.8002
2025-03-09 00:00:00,2.3248,2.35,2.3032,2.3212,44503834.0,103490441.5032
2025-03-09 04:00:00,2.3212,2.3426,2.309,2.3381,41313435.0,96151997.6973
2025-03-09 08:00:00,2.3381,2.3411,2.24,2.2544,104620342.0,238411842.4953
2025-03-09 12:00:00,2.2544,2.2554,2.1613,2.1839,171951746.0,379332756.9535
2025-03-09 16:00:00,2.1839,2.1968,2.0818,2.1612,272346873.0,580792108.3179
2025-03-09 20:00:00,2.1612,2.2036,2.1166,2.1378,107292806.0,231726921.3775
2025-03-10 00:00:00,2.1378,2.1996,2.0854,2.1693,144366620.0,310615677.0442
2025-03-10 04:00:00,2.1693,2.2031,2.1573,2.1835,69681567.0,152114922.31
2025-03-10 08:00:00,2.1835,2.2604,2.1281,2.2107,247974738.0,544593466.0322
2025-03-10 12:00:00,2.2107,2.2243,2.0656,2.1172,281646639.0,598360748.3907
2025-03-10 16:00:00,2.1172,2.1275,1.9913,2.0746,318532368.0,654880300.2598
2025-03-10 20:00:00,2.0746,2.0902,2.0112,2.0188,91106756.0,187223075.6414
2025-03-11 00:00:00,2.0188,2.0633,1.899,2.0448,432249288.0,849448791.7955
2025-03-11 04:00:00,2.0448,2.1302,2.0396,2.0932,118585153.0,248323203.0103
2025-03-11 08:00:00,2.0932,2.1631,2.0883,2.1546,130482846.0,278305168.8176
2025-03-11 12:00:00,2.1546,2.159,2.0547,2.1343,371508113.0,784678120.9218
2025-03-11 16:00:00,2.1343,2.2127,2.0775,2.2058,135208715.0,290494490.7082
2025-03-11 20:00:00,2.2058,2.2094,2.1617,2.17,63360911.0,138629669.6232
2025-03-12 00:00:00,2.17,2.2453,2.1585,2.1666,104592654.0,230235787.0842
2025-03-12 04:00:00,2.1666,2.193,2.1414,2.1869,103305680.0,223613307.9133
2025-03-12 08:00:00,2.1869,2.2363,2.1661,2.213,147040842.0,323785304.5591
2025-03-12 12:00:00,2.213,2.2758,2.1315,2.2036,322421458.0,713936012.4898
2025-03-12 16:00:00,2.2036,2.2537,2.1859,2.2365,166506508.0,369602541.0751
2025-03-12 20:00:00,2.2365,2.2426,2.2108,2.2383,50798886.0,113207305.972
2025-03-13 00:00:00,2.2383,2.2577,2.2251,2.2396,53213643.0,119288849.7082
2025-03-13 04:00:00,2.2396,2.2523,2.2163,2.2325,65053894.0,145207608.1964
2025-03-13 08:00:00,2.2325,2.2924,2.212,2.2831,125443362.0,283057440.1146
2025-03-13 12:00:00,2.2831,2.345,2.2723,2.2871,323491591.0,746298246.7731
2025-03-13 16:00:00,2.2871,2.3074,2.2138,2.2372,151057604.0,340372157.7619
2025-03-13 20:00:00,2.2372,2.2743,2.2165,2.2508,75125807.0,168472499.6979
2025-03-14 00:00:00,2.2508,2.2997,2.2356,2.2902,63428549.0,143964628.7941
2025-03-14 04:00:00,2.2902,2.3135,2.2789,2.2929,78382624.0,179760897.9188
2025-03-14 08:00:00,2.2929,2.331,2.289,2.315,80698825.0,186764853.0688
2025-03-14 12:00:00,2.315,2.3888,2.2949,2.3571,191302179.0,447281512.1606
2025-03-14 16:00:00,2.3571,2.3707,2.3349,2.3527,75626541.0,177893471.3702
2025-03-14 20:00:00,2.3527,2.3713,2.3298,2.3552,43142077.0,101381028.9631
2025-03-15 00:00:00,2.3552,2.4291,2.3509,2.4231,86491924.0,207316190.2482
2025-03-15 04:00:00,2.4231,2.4743,2.3727,2.3913,175549931.0,425925998.3181
2025-03-15 08:00:00,2.3913,2.4245,2.3848,2.4232,74665460.0,179606767.168
2025-03-15 12:00:00,2.4232,2.4526,2.4117,2.4245,104510530.0,254052624.3934
2025-03-15 16:00:00,2.4245,2.4272,2.3916,2.4012,55466253.0,133632737.2723
2025-03-15 20:00:00,2.4012,2.417,2.3805,2.3904,44683841.0,107238158.2026
2025-03-16 00:00:00,2.3904,2.4095,2.3616,2.3811,92163042.0,219324339.5108
2025-03-16 04:00:00,2.3811,2.395,2.3669,2.3789,66319262.0,158069313.055
2025-03-16 08:00:00,2.3789,2.3845,2.2862,2.2969,135567886.0,316574920.0563
2025-03-16 12:00:00,2.2969,2.3211,2.2664,2.2951,144851475.0,332520568.5119
2025-03-16 16:00:00,2.2951,2.3508,2.2825,2.2929,130770586.0,303723714.3277
2025-03-16 20:00:00,2.2929,2.3204,2.2808,2.2926,56595316.0,130232869.5149
2025-03-17 00:00:00,2.2926,2.3574,2.2903,2.3527,63683582.0,148510530.5401
2025-03-17 04:00:00,2.3527,2.3681,2.3057,2.3357,94026639.0,219805834.5738
2025-03-17 08:00:00,2.3357,2.3547,2.3193,2.3366,78981012.0,184580348.9581
2025-03-17 12:00:00,2.3366,2.363,2.3052,2.3438,111275329.0,259586932.5392
2025-03-17 16:00:00,2.3438,2.3777,2.329,2.3594,63675751.0,150062442.1997
2025-03-17 20:00:00,2.3594,2.3622,2.3323,2.337,37733199.0,88539575.2584
2025-03-18 00:00:00,2.337,2.3383,2.273,2.2845,77368589.0,178058557.7492
2025-03-18 04:00:00,2.2845,2.2999,2.2421,2.2876,92021833.0,209157464.4253
2025-03-18 08:00:00,2.2876,2.3037,2.2589,2.2607,71919373.0,164027611.7723
2025-03-18 12:00:00,2.2607,2.2674,2.2232,2.2359,114931872.0,258054157.8389
2025-03-18 16:00:00,2.2359,2.2647,2.2205,2.2611,60492210.0,135486118.172
2025-03-18 20:00:00,2.2611,2.2927,2.248,2.2841,37379602.0,84810733.9955
2025-03-19 00:00:00,2.2841,2.3069,2.2636,2.2938,55570912.0,126819702.5481
2025-03-19 04:00:00,2.2938,2.3037,2.2817,2.2907,39538731.0,90628316.8146
2025-03-19 08:00:00,2.2907,2.348,2.2907,2.3358,90998858.0,211079632.0224
2025-03-19 12:00:00,2.3358,2.59,2.3161,2.5527,1255725373.0,3132409664.9735
2025-03-19 16:00:00,2.5527,2.5663,2.4521,2.4872,374953875.0,938252066.0721
2025-03-19 20:00:00,2.4872,2.569,2.475,2.5461,108645086.0,273890602.6991
2025-03-20 00:00:00,2.5461,2.561,2.4781,2.4845,81786407.0,205278988.4413
2025-03-20 04:00:00,2.4845,2.4873,2.4302,2.4638,96167481.0,236046827.6349
2025-03-20 08:00:00,2.4638,2.5165,2.4628,2.4899,155219942.0,386459293.3268
2025-03-20 12:00:00,2.4899,2.5184,2.4359,2.4382,160273130.0,397776736.567
2025-03-20 16:00:00,2.4382,2.4561,2.3876,2.435,134565988.0,325815536.0424
2025-03-20 20:00:00,2.435,2.4543,2.4108,2.4341,66870690.0,162558702.601
2025-03-21 00:00:00,2.4341,2.4658,2.4118,2.4223,89160968.0,217446991.0125
2025-03-21 04:00:00,2.4223,2.4345,2.382,2.4062,81628097.0,196487014.4798
2025-03-21 08:00:00,2.4062,2.4188,2.3706,2.3871,94663307.0,226566930.4022
2025-03-21 12:00:00,2.3871,2.3982,2.3555,2.3712,98383207.0,233700020.9403
2025-03-21 16:00:00,2.3712,2.4214,2.36,2.4003,63909394.0,152972508.5532
2025-03-21 20:00:00,2.4003,2.4146,2.3731,2.3793,41305493.0,98721128.8051
2025-03-22 00:00:00,2.3793,2.4054,2.3719,2.3879,39917904.0,95384349.0804
2025-03-22 04:00:00,2.3879,2.412,2.384,2.4003,32388035.0,77683632.7423
2025-03-22 08:00:00,2.4003,2.4155,2.3829,2.3926,47435258.0,113822634.8766
2025-03-22 12:00:00,2.3926,2.3957,2.3647,2.3758,49260903.0,117150677.8028
2025-03-22 16:00:00,2.3758,2.392,2.3713,2.3801,25141490.0,59927361.0301
2025-03-22 20:00:00,2.3801,2.3828,2.3571,2.3703,36294509.0,85906679.8652
2025-03-23 00:00:00,2.3703,2.3915,2.3643,2.3872,24370188.0,57980500.2955
2025-03-23 04:00:00,2.3872,2.4,2.3762,2.3938,29625432.0,70749917.7959
2025-03-23 08:00:00,2.3938,2.427,2.3837,2.4037,77646471.0,186412427.1773
2025-03-23 12:00:00,2.4037,2.4219,2.3921,2.4116,55047968.0,132485872.6282
2025-03-23 16:00:00,2.4116,2.4165,2.3841,2.3991,43212178.0,103633741.9121
2025-03-23 20:00:00,2.3991,2.4403,2.3863,2.4376,51530303.0,124468242.5424
2025-03-24 00:00:00,2.4376,2.456,2.412,2.4426,63992615.0,155672545.3105
2025-03-24 04:00:00,2.4426,2.4683,2.4357,2.4415,63838031.0,156768085.4382
2025-03-24 08:00:00,2.4415,2.4759,2.4415,2.4578,71425963.0,175801088.0076
2025-03-24 12:00:00,2.4578,2.5031,2.4408,2.473,95710081.0,236359810.2375
2025-03-24 16:00:00,2.473,2.476,2.4445,2.4647,39492903.0,97242529.9823
2025-03-24 20:00:00,2.4647,2.4762,2.4258,2.4489,50063132.0,122602710.8434
2025-03-25 00:00:00,2.4489,2.4651,2.4073,2.4138,61686384.0,150124299.8719
2025-03-25 04:00:00,2.4138,2.4335,2.406,2.4206,49787992.0,120551872.7738
2025-03-25 08:00:00,2.4206,2.4488,2.4187,2.444,44022994.0,107241243.4958
2025-03-25 12:00:00,2.444,2.4572,2.4253,2.4369,72045628.0,175794147.9922
2025-03-25 16:00:00,2.4369,2.4773,2.423,2.4574,70374027.0,172888637.0099
2025-03-25 20:00:00,2.4574,2.4692,2.4324,2.4481,37220852.0,91110801.7621
2025-03-26 00:00:00,2.4481,2.4788,2.4337,2.4364,49781390.0,122262362.6536
2025-03-26 04:00:00,2.4364,2.47,2.4343,2.464,34934467.0,85726675.8364
2025-03-26 08:00:00,2.464,2.4723,2.4505,2.4559,46522484.0,114575695.265
2025-03-26 12:00:00,2.4559,2.4586,2.3929,2.4037,111879190.0,270945411.2112
2025-03-26 16:00:00,2.4037,2.4119,2.3573,2.3698,79377840.0,189151618.9585
2025-03-26 20:00:00,2.3698,2.3871,2.3259,2.3476,94481640.0,222412516.307
2025-03-27 00:00:00,2.3476,2.3884,2.3432,2.3759,58535750.0,138636307.1896
2025-03-27 04:00:00,2.3759,2.3793,2.3515,2.3631,50479511.0,119228591.3508
2025-03-27 08:00:00,2.3631,2.378,2.338,2.3423,59547172.0,140522051.6641
2025-03-27 12:00:00,2.3423,2.3643,2.3005,2.3387,105423243.0,245989746.5897
2025-03-27 16:00:00,2.3387,2.3546,2.3175,2.3383,44373613.0,103726058.0391
2025-03-27 20:00:00,2.3383,2.3593,2.3278,2.34,24635558.0,57711476.4246
2025-03-28 00:00:00,2.34,2.3426,2.3002,2.3095,55086831.0,127831902.1391
2025-03-28 04:00:00,2.3095,2.3133,2.2159,2.2205,168223489.0,380101587.4011
2025-03-28 08:00:00,2.2205,2.2415,2.1932,2.2258,119171761.0,264309713.2138
2025-03-28 12:00:00,2.2258,2.2441,2.1733,2.1777,120640097.0,265791082.2455
2025-03-28 16:00:00,2.1777,2.1922,2.1523,2.1787,90203804.0,196020688.6268
2025-03-28 20:00:00,2.1787,2.2106,2.157,2.2059,53061493.0,116023050.1374
2025-03-29 00:00:00,2.2059,2.224,2.1269,2.1747,91903937.0,199864797.1276
2025-03-29 04:00:00,2.1747,2.1845,2.1092,2.1202,76139435.0,162854461.9379
2025-03-29 08:00:00,2.1202,2.1423,2.06,2.0828,147749737.0,309470950.5577
2025-03-29 12:00:00,2.0828,2.1388,2.0802,2.1054,131397158.0,277768986.4363
2025-03-29 16:00:00,2.1054,2.1353,2.0702,2.1314,107915208.0,227494018.2528
2025-03-29 20:00:00,2.1314,2.1418,2.1007,2.134,42724551.0,90547962.8428
2025-03-30 00:00:00,2.134,2.212,2.114,2.1806,112536205.0,243801297.8857
2025-03-30 04:00:00,2.1806,2.193,2.1586,2.1745,65815478.0,143418697.8763
2025-03-30 08:00:00,2.1745,2.1976,2.1518,2.1615,79861555.0,173437254.451
2025-03-30 12:00:00,2.1615,2.1684,2.1218,2.1371,103280427.0,221465653.2767
2025-03-30 16:00:00,2.1371,2.17,2.1133,2.1418,66097342.0,141372353.1412
2025-03-30 20:00:00,2.1418,2.1629,2.106,2.135,80230774.0,171158248.0553
2025-03-31 00:00:00,2.135,2.1397,2.0771,2.0793,101810314.0,213861595.9462
2025-03-31 04:00:00,2.0793,2.1137,2.0523,2.0638,107602379.0,223800833.8101
2025-03-31 08:00:00,2.0638,2.0934,2.0223,2.0819,190455117.0,391706363.6667
2025-03-31 12:00:00,2.0819,2.138,2.0583,2.1166,193452711.0,405888991.9376
2025-03-31 16:00:00,2.1166,2.13,2.0789,2.0889,81436240.0,171746493.8981
2025-03-31 20:00:00,2.0889,2.1042,2.0736,2.0886,41966344.0,87617303.5034
2025-04-01 00:00:00,2.0886,2.115,2.0637,2.0971,78126213.0,163344899.4506
2025-04-01 04:00:00,2.0971,2.1189,2.0877,2.0939,70172562.0,147468979.4782
2025-04-01 08:00:00,2.0939,2.1983,2.093,2.1336,174857608.0,377007620.979
2025-04-01 12:00:00,2.1336,2.1819,2.0928,2.1575,157140773.0,336361781.3329
2025-04-01 16:00:00,2.1575,2.1681,2.1198,2.1373,62905600.0,134611725.2477
2025-04-01 20:00:00,2.1373,2.1532,2.12,2.1373,47354936.0,101341191.0298
2025-04-02 00:00:00,2.1373,2.1389,2.0836,2.0972,74839391.0,157507319.1112
2025-04-02 04:00:00,2.0972,2.1122,2.0665,2.1068,106405980.0,222064312.2713
2025-04-02 08:00:00,2.1068,2.1356,2.0969,2.1131,93389913.0,197605798.307
2025-04-02 12:00:00,2.1131,2.1948,2.0969,2.1717,158982058.0,340117128.1054
2025-04-02 16:00:00,2.1717,2.1797,2.1303,2.1582,74275822.0,160083700.5334
2025-04-02 20:00:00,2.1582,2.2333,1.9829,2.0207,640721304.0,1356655637.6173
2025-04-03 00:00:00,2.0207,2.0702,2.0039,2.0617,103249694.0,211298770.2634
2025-04-03 04:00:00,2.0617,2.0808,2.0291,2.0509,85435010.0,175647577.249
2025-04-03 08:00:00,2.0509,2.0565,2.012,2.0322,78807381.0,160226079.3063
2025-04-03 12:00:00,2.0322,2.0425,1.9577,2.0033,265878681.0,529692754.6961
2025-04-03 16:00:00,2.0033,2.0724,1.9896,2.0511,85797185.0,174021836.4993
2025-04-03 20:00:00,2.0511,2.0683,2.0338,2.0633,52807169.0,108390064.1874
2025-04-04 00:00:00,2.0633,2.0767,2.0343,2.0495,63732807.0,131031191.2445
2025-04-04 04:00:00,2.0495,2.094,2.0414,2.0894,77583068.0,160403593.3824
2025-04-04 08:00:00,2.0894,2.1019,2.0145,2.047,152928916.0,315420840.1009
2025-04-04 12:00:00,2.047,2.16,2.0367,2.1208,397756275.0,834991608.6189
2025-04-04 16:00:00,2.1208,2.1462,2.0974,2.1276,84284383.0,178934181.9751
2025-04-04 20:00:00,2.1276,2.1544,2.1107,2.1299,56293157.0,120137122.8299
2025-04-05 00:00:00,2.1299,2.1434,2.1124,2.1168,39203114.0,83337711.201
2025-04-05 04:00:00,2.1168,2.1395,2.1149,2.1361,40620738.0,86488263.6737
2025-04-05 08:00:00,2.1361,2.1699,2.1262,2.1594,88711790.0,190678761.7781
2025-04-05 12:00:00,2.1594,2.1757,2.116,2.1213,115713252.0,247615748.8578
2025-04-05 16:00:00,2.1213,2.1384,2.1144,2.1186,38924660.0,82752193.8034
2025-04-05 20:00:00,2.1186,2.1479,2.1162,2.143,30862081.0,65770980.947
2025-04-06 00:00:00,2.143,2.1584,2.1218,2.1294,47630046.0,101987020.4409
2025-04-06 04:00:00,2.1294,2.137,2.085,2.0928,66486590.0,140458166.9044
2025-04-06 08:00:00,2.0928,2.1011,2.0763,2.084,48168570.0,100646145.9037
2025-04-06 12:00:00,2.084,2.0942,2.0444,2.0742,109533022.0,226610314.3145
2025-04-06 16:00:00,2.0742,2.0747,1.9736,1.9939,206194494.0,416178738.7201
2025-04-06 20:00:00,1.9939,2.0027,1.861,1.9206,364395089.0,705183043.5206
2025-04-07 00:00:00,1.9206,1.9525,1.799,1.8224,264044508.0,494249911.9896
2025-04-07 04:00:00,1.8224,1.8368,1.6126,1.6766,911231360.0,1553583254.6767
2025-04-07 08:00:00,1.6766,1.8144,1.6724,1.7636,466758272.0,821865159.4051
2025-04-07 12:00:00,1.7636,2.0086,1.7453,1.8728,1274785158.0,2389948154.4103
2025-04-07 16:00:00,1.8728,1.9227,1.8372,1.8879,167656103.0,316142000.7286
2025-04-07 20:00:00,1.8879,1.9483,1.887,1.8969,107354522.0,206244693.4381
2025-04-08 00:00:00,1.8969,1.9339,1.8578,1.9038,96974632.0,184250550.7031
2025-04-08 04:00:00,1.9038,1.9181,1.8464,1.8671,107133362.0,201380186.6986
2025-04-08 08:00:00,1.8671,1.97,1.8497,1.9574,168688135.0,320451564.6722
2025-04-08 12:00:00,1.9574,1.9743,1.8888,1.9036,321248575.0,623054971.2038
2025-04-08 16:00:00,1.9036,1.9087,1.8041,1.8252,276968876.0,511674705.1403
2025-04-08 20:00:00,1.8252,1.8439,1.7763,1.7954,129922158.0,234820412.526
2025-04-09 00:00:00,1.7954,1.8125,1.7207,1.7479,226389857.0,399370139.3171
2025-04-09 04:00:00,1.7479,1.8373,1.7425,1.8301,180440256.0,324399200.1454
2025-04-09 08:00:00,1.8301,1.8441,1.763,1.7811,193249805.0,349160939.0433
2025-04-09 12:00:00,1.7811,1.8625,1.764,1.8279,271083289.0,492126357.4486
2025-04-09 16:00:00,1.8279,2.0856,1.8225,2.0375,805428573.0,1603644104.7371
2025-04-09 20:00:00,2.0375,2.0883,2.0311,2.0523,119656105.0,246993279.3121
2025-04-10 00:00:00,2.0523,2.0569,1.9703,2.0009,110955976.0,223157391.7627
2025-04-10 04:00:00,2.0009,2.0171,1.9731,1.9887,113542371.0,226760739.8063
2025-04-10 08:00:00,1.9887,2.0141,1.9785,1.9989,76524093.0,152716453.8825
2025-04-10 12:00:00,1.9989,2.0445,1.9204,1.9319,345793452.0,689384231.675
2025-04-10 16:00:00,1.9319,1.9724,1.9225,1.961,122900394.0,239067145.6119
2025-04-10 20:00:00,1.961,1.9962,1.956,1.9642,57713034.0,113977141.7401
2025-04-11 00:00:00,1.9642,2.0065,1.9457,2.0002,62412205.0,123752964.6501
2025-04-11 04:00:00,2.0002,2.0126,1.9897,2.0038,67711431.0,135505657.8408
2025-04-11 08:00:00,2.0038,2.0327,1.9951,2.0087,92863181.0,186895716.2429
2025-04-11 12:00:00,2.0087,2.0256,1.9824,2.0006,152314442.0,304948291.6187
2025-04-11 16:00:00,2.0006,2.0634,1.9919,2.043,74358914.0,151267826.3076
2025-04-11 20:00:00,2.043,2.0523,2.0117,2.0217,42991546.0,87365514.8135
2025-04-12 00:00:00,2.0217,2.0254,2.0015,2.012,31550577.0,63536368.0397
2025-04-12 04:00:00,2.012,2.0584,2.0081,2.0535,42905259.0,87319197.5964
2025-04-12 08:00:00,2.0535,2.0738,2.0499,2.061,65154452.0,134263790.6007
2025-04-12 12:00:00,2.061,2.1864,2.0583,2.1515,232554952.0,496866656.7105
2025-04-12 16:00:00,2.1515,2.1627,2.1156,2.1368,67209365.0,143631732.0921
2025-04-12 20:00:00,2.1368,2.1661,2.134,2.1593,42230239.0,91004464.9528
2025-04-13 00:00:00,2.1593,2.1738,2.1336,2.1555,70098733.0,150999399.3638
2025-04-13 04:00:00,2.1555,2.1587,2.1256,2.1453,51603942.0,110554302.0655
2025-04-13 08:00:00,2.1453,2.2469,2.134,2.2002,203906554.0,449120332.3771
2025-04-13 12:00:00,2.2002,2.2058,2.1296,2.1467,164275553.0,355112329.0464
2025-04-13 16:00:00,2.1467,2.1845,2.096,2.1189,147935593.0,317110274.0343
2025-04-13 20:00:00,2.1189,2.1445,2.0798,2.1181,112865447.0,237994528.5927
2025-04-14 00:00:00,2.1181,2.179,2.1109,2.1389,75423012.0,161690824.9318
2025-04-14 04:00:00,2.1389,2.1582,2.1018,2.1265,83359909.0,177600274.5069
2025-04-14 08:00:00,2.1265,2.1554,2.1152,2.155,75494234.0,161410854.0268
2025-04-14 12:00:00,2.155,2.1776,2.1094,2.1152,135197026.0,289704865.4991
2025-04-14 16:00:00,2.1152,2.1646,2.1043,2.1509,59002712.0,126110389.2906
2025-04-14 20:00:00,2.1509,2.1566,2.121,2.1265,31795335.0,67970510.8832
2025-04-15 00:00:00,2.1265,2.1558,2.115,2.1521,43914300.0,93700620.8662
2025-04-15 04:00:00,2.1521,2.1592,2.1316,2.1508,49720436.0,106707238.7113
2025-04-15 08:00:00,2.1508,2.1843,2.1437,2.1508,100173339.0,216563280.8879
2025-04-15 12:00:00,2.1508,2.1834,2.125,2.1338,123583963.0,266163978.8358
2025-04-15 16:00:00,2.1338,2.1418,2.1023,2.1167,56363208.0,119578672.219
2025-04-15 20:00:00,2.1167,2.1256,2.0826,2.0833,51510695.0,108282913.5059
2025-04-16 00:00:00,2.0833,2.0969,2.0647,2.0819,62158342.0,129459444.7104
2025-04-16 04:00:00,2.0819,2.0893,2.0421,2.0498,85707295.0,176825566.6192
2025-04-16 08:00:00,2.0498,2.0887,2.0345,2.0877,78313762.0,161940876.0893
2025-04-16 12:00:00,2.0877,2.1198,2.063,2.0929,109013910.0,227601176.7327
2025-04-16 16:00:00,2.0929,2.1317,2.0457,2.106,211135543.0,441239267.5
2025-04-16 20:00:00,2.106,2.1152,2.0767,2.0827,47400587.0,99485027.855
2025-04-17 00:00:00,2.0827,2.0884,2.0613,2.0682,44423588.0,92168881.8292
2025-04-17 04:00:00,2.0682,2.1072,2.0655,2.091,56690545.0,118520019.4344
2025-04-17 08:00:00,2.091,2.1065,2.0849,2.1019,42838058.0,89743750.6347
2025-04-17 12:00:00,2.1019,2.1135,2.0561,2.0658,96800800.0,201820125.5096
2025-04-17 16:00:00,2.0658,2.104,2.0514,2.0648,75124503.0,156018008.333
2025-04-17 20:00:00,2.0648,2.0799,2.0588,2.0669,35122866.0,72704419.0157
2025-04-18 00:00:00,2.0669,2.0683,2.0417,2.0539,64910326.0,133356607.8479
2025-04-18 04:00:00,2.0539,2.07,2.0455,2.0678,36280435.0,74731275.4866
2025-04-18 08:00:00,2.0678,2.0801,2.0662,2.0792,31228160.0,64766475.3664
2025-04-18 12:00:00,2.0792,2.0851,2.0547,2.057,50014990.0,103557572.9537
2025-04-18 16:00:00,2.057,2.0889,2.054,2.0794,33019124.0,68542754.4659
2025-04-18 20:00:00,2.0794,2.0855,2.0544,2.0609,32448603.0,67185000.2863
2025-04-19 00:00:00,2.0609,2.0862,2.0576,2.0834,35907893.0,74427342.7826
2025-04-19 04:00:00,2.0834,2.0946,2.0763,2.0885,35125377.0,73233005.5795
2025-04-19 08:00:00,2.0885,2.097,2.0793,2.0808,31864934.0,66503029.4001
2025-04-19 12:00:00,2.0808,2.0921,2.0747,2.0758,32463231.0,67591954.639
2025-04-19 16:00:00,2.0758,2.0937,2.0639,2.0831,35194441.0,73182262.0483
2025-04-19 20:00:00,2.0831,2.0912,2.0792,2.0869,15495118.0,32325880.1317
2025-04-20 00:00:00,2.0869,2.0935,2.078,2.0823,16496397.0,34403392.1379
2025-04-20 04:00:00,2.0823,2.0857,2.0611,2.0682,35779026.0,74112355.5731
2025-04-20 08:00:00,2.0682,2.0703,2.037,2.0412,27940288.0,57407626.3989
2025-04-20 12:00:00,2.0412,2.0594,2.039,2.0477,16212259.0,33238236.8857
2025-04-20 16:00:00,2.0477,2.0859,2.0442,2.0809,11180422.0,23095267.0575
2025-04-20 20:00:00,2.0809,2.0913,2.0584,2.0778,26202258.0,54379122.592
2025-04-21 00:00:00,2.0778,2.1248,2.0758,2.109,31869629.0,67238351.5701
2025-04-21 04:00:00,2.109,2.1388,2.1067,2.1255,20544974.0,43654385.5365
2025-04-21 08:00:00,2.1255,2.1407,2.107,2.1174,65891489.0,139931036.4702
2025-04-21 12:00:00,2.1174,2.1381,2.1024,2.1136,89333662.0,189231985.6259
2025-04-21 16:00:00,2.1136,2.1163,2.0579,2.0869,84065427.0,175099908.1261
2025-04-21 20:00:00,2.0869,2.0869,2.0689,2.0844,26121823.0,54273805.2634
2025-04-22 00:00:00,2.0844,2.1032,2.0621,2.0823,44699355.0,93093538.7403
2025-04-22 04:00:00,2.0823,2.0963,2.0671,2.0917,27436092.0,57082361.7913
2025-04-22 08:00:00,2.0917,2.1075,2.0902,2.0986,38247994.0,80287625.37
2025-04-22 12:00:00,2.0986,2.1922,2.0928,2.1546,179009739.0,383570402.7329
2025-04-22 16:00:00,2.1546,2.1702,2.1392,2.1545,61847362.0,133133817.2574
2025-04-22 20:00:00,2.1545,2.2505,2.1468,2.2139,139629117.0,308884156.6422
2025-04-23 00:00:00,2.2139,2.2367,2.1934,2.2347,67072802.0,148658486.4729
2025-04-23 04:00:00,2.2347,2.2641,2.2204,2.2564,85396507.0,191131428.6856
2025-04-23 08:00:00,2.2564,2.3019,2.2491,2.2596,168953385.0,384388326.6827
2025-04-23 12:00:00,2.2596,2.2964,2.1895,2.2265,305889022.0,690456309.7915
2025-04-23 16:00:00,2.2265,2.2503,2.1989,2.2178,85481663.0,190223724.2434
2025-04-23 20:00:00,2.2178,2.2299,2.2082,2.2182,42695422.0,94742331.0779
2025-04-24 00:00:00,2.2182,2.2225,2.1712,2.1746,65220124.0,143604063.9825
2025-04-24 04:00:00,2.1746,2.1925,2.1425,2.1491,87745000.0,190407494.2327
2025-04-24 08:00:00,2.1491,2.1579,2.117,2.154,105865552.0,226716062.8649
2025-04-24 12:00:00,2.154,2.235,2.1496,2.2111,273467918.0,599582197.0759
2025-04-24 16:00:00,2.2111,2.2273,2.1816,2.2045,63577296.0,140139012.4668
2025-04-24 20:00:00,2.2045,2.212,2.185,2.2043,38486683.0,84671008.5776
2025-04-25 00:00:00,2.2043,2.2163,2.1627,2.1808,62922569.0,137616735.2476
2025-04-25 04:00:00,2.1808,2.2036,2.1752,2.1942,45817943.0,100276236.5962
2025-04-25 08:00:00,2.1942,2.2088,2.183,2.203,70172833.0,154128508.8114
2025-04-25 12:00:00,2.203,2.2183,2.17,2.2,108201493.0,237830659.7298
2025-04-25 16:00:00,2.2,2.2091,2.1819,2.1939,50303465.0,110329600.3056
2025-04-25 20:00:00,2.1939,2.1987,2.1751,2.1803,26445662.0,57783948.3385
2025-04-26 00:00:00,2.1803,2.2025,2.179,2.1904,36155266.0,79218146.293
2025-04-26 04:00:00,2.1904,2.2475,2.1784,2.2186,79444756.0,176088686.7298
2025-04-26 08:00:00,2.2186,2.2352,2.1842,2.1931,69559451.0,153524703.1841
2025-04-26 12:00:00,2.1931,2.2013,2.1811,2.1984,41036993.0,89980851.4137
2025-04-26 16:00:00,2.1984,2.2056,2.1908,2.1981,18784384.0,41277911.8283
2025-04-26 20:00:00,2.1981,2.2016,2.1847,2.1902,15929232.0,34918427.6372
2025-04-27 00:00:00,2.1902,2.2042,2.157,2.1748,63371868.0,137988634.4894
2025-04-27 04:00:00,2.1748,2.1778,2.1588,2.1716,31436962.0,68177832.0584
2025-04-27 08:00:00,2.1716,2.1827,2.1686,2.1797,24375317.0,53083292.8238
2025-04-27 12:00:00,2.1797,2.2699,2.1722,2.2268,255998760.0,571012260.9604
2025-04-27 16:00:00,2.2268,2.2835,2.2144,2.2828,73662545.0,165317943.5858
2025-04-27 20:00:00,2.2828,2.2944,2.2446,2.251,89033798.0,202022064.3151
2025-04-28 00:00:00,2.251,2.2642,2.217,2.2579,92079912.0,206421540.7843
2025-04-28 04:00:00,2.2579,2.3426,2.2554,2.3344,138334136.0,317935826.5694
2025-04-28 08:00:00,2.3344,2.3625,2.305,2.3186,140353567.0,327293585.1814
2025-04-28 12:00:00,2.3186,2.3283,2.2485,2.273,150081346.0,343053108.6569
2025-04-28 16:00:00,2.273,2.296,2.2595,2.2899,46767507.0,106496522.4364
2025-04-28 20:00:00,2.2899,2.306,2.2825,2.2937,25173062.0,57731110.4893
2025-04-29 00:00:00,2.2937,2.314,2.2753,2.2866,51739317.0,118648971.9949
2025-04-29 04:00:00,2.2866,2.291,2.2633,2.2845,51280337.0,116682963.3003
2025-04-29 08:00:00,2.2845,2.304,2.2754,2.291,57752928.0,132161203.5732
2025-04-29 12:00:00,2.291,2.2925,2.2634,2.2908,66211811.0,150836713.0293
2025-04-29 16:00:00,2.2908,2.303,2.2813,2.2906,48578126.0,111394506.0021
2025-04-29 20:00:00,2.2906,2.2945,2.2201,2.2372,115798250.0,260314294.1666
2025-04-30 00:00:00,2.2372,2.2498,2.2233,2.2473,39803986.0,89073062.0917
2025-04-30 04:00:00,2.2473,2.2576,2.2058,2.2191,83938837.0,187617557.566
2025-04-30 08:00:00,2.2191,2.2374,2.2097,2.2369,47733675.0,106237779.2683
2025-04-30 12:00:00,2.2369,2.2375,2.123,2.1565,219852109.0,476777245.735
2025-04-30 16:00:00,2.1565,2.2145,2.1478,2.1937,100742385.0,219873951.8015
2025-04-30 20:00:00,2.1937,2.2111,2.1875,2.19,33250669.0,73126739.1769
2025-05-01 00:00:00,2.19,2.2191,2.1864,2.203,31482068.0,69390143.4021
2025-05-01 04:00:00,2.203,2.2145,2.1917,2.1998,41550881.0,91533368.6864
2025-05-01 08:00:00,2.1998,2.2446,2.1971,2.2361,52411893.0,116609897.3657
2025-05-01 12:00:00,2.2361,2.2564,2.2146,2.2349,83806647.0,187372569.6465
2025-05-01 16:00:00,2.2349,2.252,2.216,2.2164,41716658.0,93210162.338
2025-05-01 20:00:00,2.2164,2.2284,2.2085,2.2121,33626552.0,74521957.9073
2025-05-02 00:00:00,2.2121,2.233,2.2067,2.2234,24794850.0,55049788.0932
2025-05-02 04:00:00,2.2234,2.2314,2.1903,2.1938,50061913.0,110589693.3049
2025-05-02 08:00:00,2.1938,2.2197,2.1926,2.2145,37956540.0,83889415.9278
2025-05-02 12:00:00,2.2145,2.2403,2.205,2.2158,83676217.0,185821805.0106
2025-05-02 16:00:00,2.2158,2.2351,2.1985,2.2081,44672993.0,99006915.8211
2025-05-02 20:00:00,2.2081,2.2155,2.1941,2.2082,25745440.0,56763450.9026
2025-05-03 00:00:00,2.2082,2.2192,2.1959,2.2117,20299334.0,44825873.9415
2025-05-03 04:00:00,2.2117,2.2177,2.1988,2.202,22004256.0,48567268.5593
2025-05-03 08:00:00,2.202,2.2066,2.1817,2.1869,35539409.0,77927688.0169
2025-05-03 12:00:00,2.1869,2.2143,2.1869,2.2085,36073746.0,79488526.9816
2025-05-03 16:00:00,2.2085,2.2103,2.1749,2.1924,49999680.0,109463733.2103
2025-05-03 20:00:00,2.1924,2.1983,2.1821,2.1867,17531233.0,38398089.5999
2025-05-04 00:00:00,2.1867,2.2177,2.1836,2.1975,42435958.0,93316386.6552
2025-05-04 04:00:00,2.1975,2.2115,2.1909,2.2098,26106174.0,57539588.5609
2025-05-04 08:00:00,2.2098,2.21,2.1767,2.1884,48254448.0,105539636.3413
2025-05-04 12:00:00,2.1884,2.2049,2.1706,2.1952,43908312.0,95966889.9385
2025-05-04 16:00:00,2.1952,2.1986,2.1629,2.1738,36352708.0,79098012.6487
2025-05-04 20:00:00,2.1738,2.1843,2.1494,2.1552,48295447.0,104527584.3517
2025-05-05 00:00:00,2.1552,2.1689,2.1305,2.1465,54681701.0,117588391.6471
2025-05-05 04:00:00,2.1465,2.1841,2.1458,2.1755,35932853.0,77952193.7227
2025-05-05 08:00:00,2.1755,2.199,2.1357,2.142,74921544.0,162395544.9635
2025-05-05 12:00:00,2.142,2.1529,2.1052,2.1141,102043235.0,217578531.6768
2025-05-05 16:00:00,2.1141,2.16,2.1129,2.14,56049722.0,119873910.5554
2025-05-05 20:00:00,2.14,2.1495,2.114,2.1298,42176722.0,89967980.5816
2025-05-06 00:00:00,2.1298,2.1395,2.092,2.1171,63217340.0,133577944.8412
2025-05-06 04:00:00,2.1171,2.1242,2.0918,2.0979,51370853.0,108295802.4898
2025-05-06 08:00:00,2.0979,2.1072,2.0791,2.0891,85490334.0,178928202.159
2025-05-06 12:00:00,2.0891,2.1218,2.0764,2.1096,86760888.0,182276110.385
2025-05-06 16:00:00,2.1096,2.1461,2.1022,2.1355,58270159.0,123823883.3096
2025-05-06 20:00:00,2.1355,2.1586,2.1097,2.1539,62204838.0,132790577.5746
2025-05-07 00:00:00,2.1539,2.1704,2.137,2.1474,35855621.0,77236981.4411
2025-05-07 04:00:00,2.1474,2.154,2.1281,2.1411,31037028.0,66340945.4754
2025-05-07 08:00:00,2.1411,2.1507,2.135,2.1418,34061144.0,72987408.5437
2025-05-07 12:00:00,2.1418,2.144,2.1204,2.1251,47534612.0,101309755.0494
2025-05-07 16:00:00,2.1251,2.1337,2.1021,2.1113,79738797.0,168790908.1483
2025-05-07 20:00:00,2.1113,2.1363,2.1064,2.1255,25813850.0,54831584.238
2025-05-08 00:00:00,2.1255,2.1849,2.117,2.1843,62201558.0,133974398.9634
2025-05-08 04:00:00,2.1843,2.2061,2.1679,2.1882,85835351.0,187635323.3931
2025-05-08 08:00:00,2.1882,2.2178,2.1873,2.208,78809384.0,173932685.2281
2025-05-08 12:00:00,2.208,2.2746,2.2018,2.2428,172563620.0,385936596.4146
2025-05-08 16:00:00,2.2428,2.2748,2.2266,2.2729,75788636.0,170272490.0618
2025-05-08 20:00:00,2.2729,2.3297,2.257,2.3272,132561969.0,304793566.7703
2025-05-09 00:00:00,2.3272,2.3327,2.292,2.2941,72950876.0,168896329.1933
2025-05-09 04:00:00,2.2941,2.3571,2.2814,2.3382,98287021.0,227843556.7138
2025-05-09 08:00:00,2.3382,2.4297,2.3332,2.3945,507793944.0,1209446563.7872
2025-05-09 12:00:00,2.3945,2.4066,2.3305,2.3498,142388512.0,337184706.543
2025-05-09 16:00:00,2.3498,2.3679,2.3223,2.3574,53965574.0,126525671.6236
2025-05-09 20:00:00,2.3574,2.3618,2.3304,2.3433,42361907.0,99525143.7284
2025-05-10 00:00:00,2.3433,2.3793,2.3343,2.367,62816263.0,148183151.3467
2025-05-10 04:00:00,2.367,2.3957,2.3514,2.3891,68390512.0,162505578.2266
2025-05-10 08:00:00,2.3891,2.4406,2.3669,2.3793,158560820.0,380379519.1599
2025-05-10 12:00:00,2.3793,2.42,2.3793,2.3964,83848309.0,201506869.4555
2025-05-10 16:00:00,2.3964,2.4506,2.3945,2.4194,112499408.0,272712032.5037
2025-05-10 20:00:00,2.4194,2.4776,2.4027,2.4711,84277115.0,206067304.477
2025-05-11 00:00:00,2.4711,2.4841,2.3819,2.4023,156594752.0,379640264.5529
2025-05-11 04:00:00,2.4023,2.4172,2.3405,2.3539,100986011.0,239956799.0622
2025-05-11 08:00:00,2.3539,2.3857,2.348,2.3854,56475394.0,133771471.4743
2025-05-11 12:00:00,2.3854,2.3879,2.3321,2.3463,74699873.0,176365252.6853
2025-05-11 16:00:00,2.3463,2.3828,2.3278,2.3711,58367925.0,137474857.297
2025-05-11 20:00:00,2.3711,2.3795,2.3545,2.3662,35418735.0,83845078.1019
2025-05-12 00:00:00,2.3662,2.4065,2.3495,2.3952,80964225.0,193007263.2601
2025-05-12 04:00:00,2.3952,2.4556,2.375,2.4134,154565650.0,373182253.3816
2025-05-12 08:00:00,2.4134,2.483,2.3911,2.4488,164180202.0,400693795.8373
2025-05-12 12:00:00,2.4488,2.6565,2.4475,2.5933,818403495.0,2103145132.994
2025-05-12 16:00:00,2.5933,2.6143,2.4278,2.5328,334853182.0,842912521.0249
2025-05-12 20:00:00,2.5328,2.5567,2.5019,2.5426,81542196.0,206488916.2854
2025-05-13 00:00:00,2.5426,2.5445,2.4265,2.4297,161530343.0,398490209.471
2025-05-13 04:00:00,2.4297,2.5162,2.4208,2.4979,100662277.0,249844213.7245
2025-05-13 08:00:00,2.4979,2.5694,2.4853,2.5339,133473856.0,338465367.6672
2025-05-13 12:00:00,2.5339,2.5619,2.5032,2.5419,185679706.0,471210943.4749
2025-05-13 16:00:00,2.5419,2.6056,2.5339,2.5804,117462629.0,301678543.0014
2025-05-13 20:00:00,2.5804,2.6016,2.5573,2.5828,62694620.0,161685831.1527
2025-05-14 00:00:00,2.5828,2.5972,2.5404,2.5569,71744505.0,184076233.366
2025-05-14 04:00:00,2.5569,2.635,2.5475,2.619,98735770.0,255704429.7993
2025-05-14 08:00:00,2.619,2.6521,2.5613,2.6137,229877242.0,600087978.5884
2025-05-14 12:00:00,2.6137,2.6256,2.5464,2.5604,106408528.0,274269200.4525
2025-05-14 16:00:00,2.5604,2.5696,2.5182,2.5659,65308327.0,166214885.1358
2025-05-14 20:00:00,2.5659,2.5704,2.5348,2.5499,35085171.0,89581434.2493
2025-05-15 00:00:00,2.5499,2.5709,2.5106,2.5214,59743195.0,151624424.974
2025-05-15 04:00:00,2.5214,2.5333,2.4473,2.46,113205700.0,281649193.2448
2025-05-15 08:00:00,2.46,2.4994,2.4461,2.4765,107654533.0,266220419.1278
2025-05-15 12:00:00,2.4765,2.4875,2.4038,2.4651,162803282.0,398303361.7936
2025-05-15 16:00:00,2.4651,2.5045,2.4189,2.4473,107203451.0,264412833.3394
2025-05-15 20:00:00,2.4473,2.4589,2.3513,2.3846,162258821.0,389526641.9475
2025-05-16 00:00:00,2.3846,2.4168,2.3463,2.4115,139937612.0,333396349.1135
2025-05-16 04:00:00,2.4115,2.4279,2.3996,2.4065,62291285.0,150390581.8928
2025-05-16 08:00:00,2.4065,2.4386,2.3705,2.4244,87798300.0,211146214.7354
2025-05-16 12:00:00,2.4244,2.4381,2.4035,2.4222,77327932.0,187395484.0531
2025-05-16 16:00:00,2.4222,2.43,2.3926,2.4176,50137416.0,120615297.4469
2025-05-16 20:00:00,2.4176,2.4218,2.3611,2.3786,82441896.0,197038648.075
2025-05-17 00:00:00,2.3786,2.382,2.3115,2.369,117994553.0,276289909.9304
2025-05-17 04:00:00,2.369,2.388,2.3621,2.3787,36058284.0,85584522.1966
2025-05-17 08:00:00,2.3787,2.3811,2.3395,2.3518,78192172.0,184574543.2651
2025-05-17 12:00:00,2.3518,2.3554,2.315,2.3317,75092486.0,175350398.9132
2025-05-17 16:00:00,2.3317,2.3484,2.2965,2.3332,109810957.0,255432664.5347
2025-05-17 20:00:00,2.3332,2.3622,2.3242,2.3517,55343564.0,129724766.9466
2025-05-18 00:00:00,2.3517,2.3676,2.3478,2.3575,37487239.0,88415704.6595
2025-05-18 04:00:00,2.3575,2.3969,2.3574,2.3951,44497020.0,105825159.5131
2025-05-18 08:00:00,2.3951,2.4051,2.3826,2.3865,53217705.0,127395811.8287
2025-05-18 12:00:00,2.3865,2.4435,2.3791,2.4366,86734850.0,209446630.3259
2025-05-18 16:00:00,2.4366,2.4482,2.3634,2.3693,118415406.0,284386878.127
2025-05-18 20:00:00,2.3693,2.4359,2.33,2.427,128366005.0,304174169.5696
2025-05-19 00:00:00,2.427,2.4397,2.3481,2.3481,106175848.0,253778485.8273
2025-05-19 04:00:00,2.3481,2.3616,2.2816,2.3043,94382470.0,219507707.8585
2025-05-19 08:00:00,2.3043,2.3249,2.285,2.3223,20845552.0,48040321.1791
2025-05-19 12:00:00,2.3223,2.3576,2.29,2.3481,29871854.0,69432462.5627
2025-05-19 16:00:00,2.3481,2.4,2.3354,2.3983,21698780.0,51323298.0063
2025-05-19 20:00:00,2.3983,2.3983,2.3649,2.3796,11813922.0,28131280.5633
2025-05-20 00:00:00,2.3796,2.4085,2.3732,2.3815,16685928.0,39856450.8237
2025-05-20 04:00:00,2.3815,2.3924,2.3446,2.3465,22032606.0,52198072.6182
2025-05-20 08:00:00,2.3465,2.3582,2.3328,2.3455,21444549.0,50311419.2523
2025-05-20 12:00:00,2.3455,2.346,2.3189,2.3415,16486330.0,38452225.1251
2025-05-20 16:00:00,2.3415,2.3644,2.3121,2.355,20828452.0,48696740.0124
2025-05-20 20:00:00,2.355,2.3637,2.336,2.3551,18590709.0,43689137.586
2025-05-21 00:00:00,2.3551,2.3665,2.3304,2.3574,10695810.0,25149002.6892
2025-05-21 04:00:00,2.3574,2.3874,2.3402,2.3475,23758151.0,56241286.6742
2025-05-21 08:00:00,2.3475,2.3597,2.329,2.3515,14400510.0,33789929.1632
2025-05-21 12:00:00,2.3515,2.4067,2.3437,2.3988,30345084.0,72215090.9119
2025-05-21 16:00:00,2.3988,2.4279,2.3335,2.3893,54904216.0,130226935.0182
2025-05-21 20:00:00,2.3893,2.4157,2.3701,2.3948,16892359.0,40382657.0268
2025-05-22 00:00:00,2.3948,2.4231,2.3889,2.4169,12583867.0,30241855.5193
2025-05-22 04:00:00,2.4169,2.42,2.3867,2.4049,15197555.0,36532064.696
2025-05-22 08:00:00,2.4049,2.4555,2.4031,2.4313,38128094.0,92695511.3646
2025-05-22 12:00:00,2.4313,2.4386,2.4075,2.4318,23412900.0,56768556.9163
2025-05-22 16:00:00,2.4318,2.4384,2.4136,2.4213,8765875.0,21265685.845
2025-05-22 20:00:00,2.4213,2.4322,2.4043,2.4304,10822275.0,26165168.4546
2025-05-23 00:00:00,2.4304,2.48,2.4213,2.4729,25057438.0,61579205.2099
2025-05-23 04:00:00,2.4729,2.477,2.41,2.4264,30441825.0,74282118.9537
2025-05-23 08:00:00,2.4264,2.4532,2.3502,2.3625,56180806.0,134577201.5423
2025-05-23 12:00:00,2.3625,2.3818,2.3001,2.3602,83618716.0,195741034.5571
2025-05-23 16:00:00,2.3602,2.3737,2.3377,2.3393,18758952.0,44176720.1428
2025-05-23 20:00:00,2.3393,2.3445,2.2824,2.2955,22723444.0,52629505.0287
2025-05-24 00:00:00,2.2955,2.3355,2.285,2.333,11408238.0,26414631.9967
2025-05-24 04:00:00,2.333,2.3469,2.327,2.335,9862023.0,23060068.63
2025-05-24 08:00:00,2.335,2.3585,2.3304,2.3507,9763482.0,22939253.4654
2025-05-24 12:00:00,2.3507,2.3557,2.3425,2.3512,6314941.0,14836798.8389
2025-05-24 16:00:00,2.3512,2.3536,2.3384,2.348,4550236.0,10676171.9978
2025-05-24 20:00:00,2.348,2.3495,2.3206,2.329,7166635.0,16722036.1822
2025-05-25 00:00:00,2.329,2.335,2.2909,2.3216,15680151.0,36262611.779
2025-05-25 04:00:00,2.3216,2.3243,2.3,2.3067,7968892.0,18433617.4813
2025-05-25 08:00:00,2.3067,2.3068,2.2762,2.2911,19903682.0,45543614.9571
2025-05-25 12:00:00,2.2911,2.3095,2.2642,2.2865,20909520.0,47824253.7616
2025-05-25 16:00:00,2.2865,2.3111,2.2703,2.3043,8390477.0,19232848.1674
2025-05-25 20:00:00,2.3043,2.3433,2.2981,2.3406,13779255.0,31972634.054
2025-05-26 00:00:00,2.3406,2.3531,2.3296,2.3418,11217801.0,26269013.2445
2025-05-26 04:00:00,2.3418,2.3575,2.3349,2.3479,11605041.0,27222233.6502
2025-05-26 08:00:00,2.3479,2.3549,2.3273,2.3341,11756225.0,27518592.7017
2025-05-26 12:00:00,2.3341,2.3444,2.311,2.332,19591549.0,45612506.2655
2025-05-26 16:00:00,2.332,2.3355,2.2937,2.3117,11587269.0,26776324.8916
2025-05-26 20:00:00,2.3117,2.3228,2.2986,2.3095,7439833.0,17180802.1016
2025-05-27 00:00:00,2.3095,2.3158,2.2654,2.295,21403169.0,48946449.4364
2025-05-27 04:00:00,2.295,2.3089,2.2828,2.3,15169546.0,34828506.115
2025-05-27 08:00:00,2.3,2.3218,2.3,2.3188,14961193.0,34598924.874
2025-05-27 12:00:00,2.3188,2.3531,2.3063,2.3367,23940933.0,55829724.944
2025-05-27 16:00:00,2.3367,2.3485,2.3305,2.3342,8614031.0,20145116.2548
2025-05-27 20:00:00,2.3342,2.3362,2.3041,2.3156,9688230.0,22460603.4737
2025-05-28 00:00:00,2.3156,2.3229,2.3016,2.3119,9447408.0,21833444.7845
2025-05-28 04:00:00,2.3119,2.3155,2.2833,2.2946,18093618.0,41529990.1298
2025-05-28 08:00:00,2.2946,2.3093,2.2875,2.3064,11206126.0,25758696.2513
2025-05-28 12:00:00,2.3064,2.3143,2.2512,2.2512,31007071.0,70604397.1989
2025-05-28 16:00:00,2.2512,2.2666,2.2249,2.2262,23800720.0,53459861.3038
2025-05-28 20:00:00,2.2262,2.2791,2.2248,2.2736,14885057.0,33573675.6419
2025-05-29 00:00:00,2.2736,2.3114,2.2663,2.2903,17879234.0,40964371.0247
2025-05-29 04:00:00,2.2903,2.2939,2.2727,2.2786,11101091.0,25340778.6152
2025-05-29 08:00:00,2.2786,2.3035,2.2763,2.3006,12214536.0,27999988.605
2025-05-29 12:00:00,2.3006,2.3084,2.2651,2.2757,21692390.0,49569348.6671
2025-05-29 16:00:00,2.2757,2.2918,2.2516,2.2633,19145968.0,43528734.6817
2025-05-29 20:00:00,2.2633,2.2829,2.237,2.2432,16856593.0,38085539.4491
2025-05-30 00:00:00,2.2432,2.2508,2.127,2.2159,167873578.0,364520317.7598
2025-05-30 04:00:00,2.2159,2.2243,2.173,2.1893,26545795.0,58278415.4489
2025-05-30 08:00:00,2.1893,2.213,2.1689,2.2059,18018709.0,39439637.4577
2025-05-30 12:00:00,2.2059,2.2089,2.1616,2.1823,28370873.0,61941116.6952
2025-05-30 16:00:00,2.1823,2.2047,2.1342,2.1842,41276564.0,89137493.183
2025-05-30 20:00:00,2.1842,2.1957,2.1276,2.1386,29715693.0,63988571.5532
2025-05-31 00:00:00,2.1386,2.1475,2.0777,2.1087,62580713.0,132378526.7376
2025-05-31 04:00:00,2.1087,2.1422,2.098,2.1283,17497499.0,37209658.9869
2025-05-31 08:00:00,2.1283,2.1523,2.1265,2.1389,15438650.0,32991506.5839
2025-05-31 12:00:00,2.1389,2.1804,2.1384,2.1716,24237354.0,52437153.6694
2025-05-31 16:00:00,2.1716,2.2055,2.1692,2.1911,17649805.0,38657282.7633
2025-05-31 20:00:00,2.1911,2.1995,2.171,2.1733,14117932.0,30854763.3774
2025-06-01 00:00:00,2.1733,2.1781,2.1483,2.1628,15918351.0,34406715.358
2025-06-01 04:00:00,2.1628,2.1759,2.1536,2.1581,9501408.0,20581367.1773
2025-06-01 08:00:00,2.1581,2.1593,2.1218,2.14,24801335.0,53031989.1721
2025-06-01 12:00:00,2.14,2.1551,2.1247,2.1513,14223189.0,30447675.7697
2025-06-01 16:00:00,2.1513,2.1762,2.1443,2.1667,22829226.0,49373108.1525
2025-06-01 20:00:00,2.1667,2.1867,2.1521,2.1783,12058774.0,26179551.8462
2025-06-02 00:00:00,2.1783,2.1829,2.15,2.1568,11816343.0,25574621.5164
2025-06-02 04:00:00,2.1568,2.1785,2.1564,2.1627,17142206.0,37169410.7874
2025-06-02 08:00:00,2.1627,2.1785,2.1346,2.1419,24519368.0,52803776.7805
2025-06-02 12:00:00,2.1419,2.1625,2.1359,2.1582,18465249.0,39657691.0568
2025-06-02 16:00:00,2.1582,2.1777,2.1481,2.1641,12660987.0,27401299.1777
2025-06-02 20:00:00,2.1641,2.204,2.1641,2.1957,16614625.0,36349350.9564
2025-06-03 00:00:00,2.1957,2.2216,2.1862,2.1954,17763017.0,39160342.5306
2025-06-03 04:00:00,2.1954,2.2063,2.1866,2.1894,11323912.0,24876161.0264
2025-06-03 08:00:00,2.1894,2.2151,2.1825,2.2135,16070410.0,35290297.1683
2025-06-03 12:00:00,2.2135,2.275,2.2047,2.2622,35244977.0,78789227.9598
2025-06-03 16:00:00,2.2622,2.2817,2.2392,2.2809,23081946.0,52136601.8764
2025-06-03 20:00:00,2.2809,2.2812,2.2336,2.2439,19229019.0,43299323.1897
2025-06-04 00:00:00,2.2439,2.265,2.2288,2.2519,11159360.0,25107911.6564
2025-06-04 04:00:00,2.2519,2.2524,2.2266,2.2329,11595730.0,25960676.3407
2025-06-04 08:00:00,2.2329,2.2633,2.2325,2.2516,14686437.0,33048293.8436
2025-06-04 12:00:00,2.2516,2.2608,2.2176,2.2481,27174077.0,60822160.0313
2025-06-04 16:00:00,2.2481,2.2517,2.2047,2.2047,11845911.0,26396036.8253
2025-06-04 20:00:00,2.2047,2.2154,2.1936,2.1998,13286797.0,29279805.1913
2025-06-05 00:00:00,2.1998,2.2137,2.1967,2.2045,9943129.0,21927804.7331
2025-06-05 04:00:00,2.2045,2.2126,2.1825,2.1852,18924655.0,41564681.9666
2025-06-05 08:00:00,2.1852,2.2089,2.1851,2.2043,13940238.0,30630014.9938
2025-06-05 12:00:00,2.2043,2.2256,2.1758,2.1916,25545527.0,56215916.9273
2025-06-05 16:00:00,2.1916,2.1925,2.11,2.129,44881386.0,96341187.5126
2025-06-05 20:00:00,2.129,2.1315,2.0573,2.0918,72421543.0,151162120.5793
2025-06-06 00:00:00,2.0918,2.1283,2.0799,2.1276,12154774.0,25536093.7919
2025-06-06 04:00:00,2.1276,2.1412,2.1191,2.1285,14838448.0,31602429.1653
2025-06-06 08:00:00,2.1285,2.1553,2.1285,2.1489,11017813.0,23624888.6029
2025-06-06 12:00:00,2.1489,2.1891,2.1472,2.1834,26530220.0,57471678.6318
2025-06-06 16:00:00,2.1834,2.1843,2.1611,2.173,11554539.0,25079532.4243
2025-06-06 20:00:00,2.173,2.182,2.1579,2.1584,8925032.0,19377946.5582
2025-06-07 00:00:00,2.1584,2.1787,2.1462,2.1786,11209024.0,24236774.8021
2025-06-07 04:00:00,2.1786,2.1898,2.1694,2.1828,7439398.0,16222064.5398
2025-06-07 08:00:00,2.1828,2.188,2.1741,2.1819,7003929.0,15272718.0035
2025-06-07 12:00:00,2.1819,2.1902,2.1776,2.1819,6817239.0,14892837.9006
2025-06-07 16:00:00,2.1819,2.1859,2.1711,2.1753,6543462.0,14244761.2425
2025-06-07 20:00:00,2.1753,2.1862,2.174,2.1759,4307964.0,9388017.5569
2025-06-08 00:00:00,2.1759,2.1761,2.1651,2.1743,6232738.0,13528101.1261
2025-06-08 04:00:00,2.1743,2.2227,2.1706,2.2065,26276337.0,57925792.8932
2025-06-08 08:00:00,2.2065,2.2488,2.1975,2.2402,20444696.0,45343104.0218
2025-06-08 12:00:00,2.2402,2.2932,2.2402,2.2763,56991919.0,129378190.2307
2025-06-08 16:00:00,2.2763,2.292,2.2711,2.2874,17384746.0,39669029.135
2025-06-08 20:00:00,2.2874,2.294,2.2538,2.2663,20030843.0,45455242.0058
2025-06-09 00:00:00,2.2663,2.2678,2.2302,2.2421,16622813.0,37340640.4138
2025-06-09 04:00:00,2.2421,2.2421,2.2207,2.2302,18182084.0,40542043.1781
2025-06-09 08:00:00,2.2302,2.2696,2.2291,2.2679,24403838.0,54966070.3798
2025-06-09 12:00:00,2.2679,2.2685,2.2385,2.2625,21565012.0,48610304.0983
2025-06-09 16:00:00,2.2625,2.313,2.2609,2.2944,28951938.0,66357947.277
2025-06-09 20:00:00,2.2944,2.3289,2.2934,2.3202,25116331.0,58148766.3153
2025-06-10 00:00:00,2.3202,2.327,2.298,2.2981,15022733.0,34702881.2223
2025-06-10 04:00:00,2.2981,2.3015,2.2723,2.2835,20658675.0,47215889.5525
2025-06-10 08:00:00,2.2835,2.314,2.2692,2.3038,33966398.0,77688997.1196
2025-06-10 12:00:00,2.3038,2.318,2.2578,2.2751,42929227.0,98185070.8863
2025-06-10 16:00:00,2.2751,2.3126,2.2676,2.2948,14209899.0,32510305.9635
2025-06-10 20:00:00,2.2948,2.3128,2.2841,2.3068,16079336.0,36965555.9358
2025-06-11 00:00:00,2.3068,2.3118,2.2776,2.2974,14420947.0,33066063.1079
2025-06-11 04:00:00,2.2974,2.3013,2.2819,2.2924,13869677.0,31793142.7308
2025-06-11 08:00:00,2.2924,2.3285,2.2922,2.3135,36465034.0861,84438026.56649113
2025-06-11 12:00:00,2.3135,2.3373,2.3034,2.325,37829466.8352,87820701.08908953
2025-06-11 16:00:00,2.325,2.3302,2.2824,2.2853,31605800.3049,72850031.26555154
2025-06-11 20:00:00,2.2853,2.2996,2.2515,2.2697,25240447.4966,57333091.42807611
2025-06-12 00:00:00,2.2697,2.2724,2.2367,2.2428,26971536.0101,60752023.35112136
2025-06-12 04:00:00,2.2428,2.2565,2.2304,2.2388,22413195.3108,50273648.24895939
2025-06-12 08:00:00,2.2388,2.2487,2.2227,2.2247,29579470.5106,66108485.69659703
2025-06-12 12:00:00,2.2247,2.2523,2.2196,2.2275,39219554.6891,87751309.31862065
2025-06-12 16:00:00,2.2275,2.255,2.2009,2.2018,31134945.5932,69426513.08148406
2025-06-12 20:00:00,2.2018,2.2115,2.1691,2.1892,50405507.0692,110371805.50288616
2025-06-13 00:00:00,2.1892,2.1909,2.0816,2.1244,125029826.1893,265013895.4453802
2025-06-13 04:00:00,2.1244,2.1305,2.0909,2.1275,49670538.5672,104959990.08247127
2025-06-13 08:00:00,2.1275,2.1555,2.1227,2.1525,54030633.9861,115592850.53131354
2025-06-13 12:00:00,2.1525,2.1613,2.1204,2.146,60133873.5216,128913637.71768892
2025-06-13 16:00:00,2.146,2.1594,2.115,2.1211,34418336.4229,73497192.28997648
2025-06-13 20:00:00,2.1211,2.1505,2.1196,2.1465,17273644.545,36956755.75850205
2025-06-14 00:00:00,2.1465,2.1597,2.1318,2.1586,21911333.7165,47001779.00921309
2025-06-14 04:00:00,2.1586,2.1688,2.1478,2.1644,30491599.2372,65834289.38292884
2025-06-14 08:00:00,2.1644,2.178,2.1568,2.176,27247937.9535,59111136.33243838
2025-06-14 12:00:00,2.176,2.1772,2.1431,2.1482,29233987.5805,63169689.65094142
2025-06-14 16:00:00,2.1482,2.1507,2.1131,2.1239,54857256.8814,116790955.7441582
2025-06-14 20:00:00,2.1239,2.1457,2.1079,2.1384,21268393.8946,45273667.01974012
2025-06-15 00:00:00,2.1384,2.1527,2.1367,2.1523,12483194.2591,26784620.55817717
2025-06-15 04:00:00,2.1523,2.1619,2.1462,2.1505,18317685.1505,39454252.36912381
2025-06-15 08:00:00,2.1505,2.1665,2.1451,2.158,20774435.4002,44810235.83694892
2025-06-15 12:00:00,2.158,2.1751,2.1565,2.1632,17011800.7696,36852410.02069339
2025-06-15 16:00:00,2.1632,2.1705,2.157,2.163,11177686.8937,24178987.50956203
2025-06-15 20:00:00,2.163,2.1694,2.1393,2.1645,20959992.1486,45154591.26746795
2025-06-16 00:00:00,2.1645,2.187,2.1503,2.1718,22400663.4806,48597856.59844688
2025-06-16 04:00:00,2.1718,2.2032,2.171,2.2019,28031196.0081,61248598.20392856
2025-06-16 08:00:00,2.2019,2.2478,2.1926,2.2442,82669881.2036,183668084.0983898
2025-06-16 12:00:00,2.2442,2.2969,2.2432,2.2884,221423061.001,501725928.42529297
2025-06-16 16:00:00,2.2884,2.3347,2.2884,2.3343,187704291.7102,434433286.9789938
2025-06-16 20:00:00,2.3343,2.3358,2.2276,2.2371,200956516.8934,459413461.3542105
2025-06-17 00:00:00,2.2371,2.2573,2.2,2.249,185098280.9074,413071244.4280441
2025-06-17 04:00:00,2.249,2.253,2.2251,2.2351,61338423.5662,137318593.57989618
2025-06-17 08:00:00,2.2351,2.238,2.1871,2.193,85697073.2356,189435893.40409
2025-06-17 12:00:00,2.193,2.2243,2.1616,2.1788,152743603.414,335038630.3970374
2025-06-17 16:00:00,2.1788,2.2032,2.1411,2.1823,160477486.5084,347305709.8886781
2025-06-17 20:00:00,2.1823,2.19,2.1426,2.1584,62881748.9652,136066616.11215153
2025-06-18 00:00:00,2.1584,2.177,2.1519,2.1669,41868981.6264,90612465.35343318
2025-06-18 04:00:00,2.1669,2.1755,2.1466,2.1625,52563383.0534,113549974.5759429
2025-06-18 08:00:00,2.1625,2.1687,2.1227,2.1409,83550255.4574,178725287.3765814
2025-06-18 12:00:00,2.1409,2.1616,2.1162,2.1493,110389753.7618,236133136.0620011
2025-06-18 16:00:00,2.1493,2.1619,2.126,2.1394,99579423.0692,213313189.85951528
2025-06-18 20:00:00,2.1394,2.1798,2.135,2.1695,54608703.0808,118294797.5507429
2025-06-19 00:00:00,2.1695,2.1842,2.1547,2.1654,35077562.4512,76011625.41622178
2025-06-19 04:00:00,2.1654,2.1747,2.1528,2.1554,35158641.8076,76023715.51798207
2025-06-19 08:00:00,2.1554,2.1663,2.1477,2.1513,34820419.6712,75117554.94776456
2025-06-19 12:00:00,2.1513,2.1577,2.1413,2.1446,43259241.1846,93000274.94916174
2025-06-19 16:00:00,2.1446,2.1766,2.1443,2.1703,39441286.737,85371795.84242976
2025-06-19 20:00:00,2.1703,2.1729,2.1587,2.1636,24651979.594,53346354.81881386
2025-06-20 00:00:00,2.1636,2.1717,2.1539,2.1539,20692392.0618,44733793.91275984
2025-06-20 04:00:00,2.1539,2.1676,2.1388,2.166,64175776.977,138060416.86656967
2025-06-20 08:00:00,2.166,2.1758,2.1597,2.1711,40817719.423,88534828.1065083
2025-06-20 12:00:00,2.1711,2.1786,2.1295,2.1329,80367662.305,173069579.45095208
2025-06-20 16:00:00,2.1329,2.1357,2.0836,2.1274,138511958.4396,292840247.9421318
2025-06-20 20:00:00,2.1274,2.147,2.1071,2.1181,47794567.9032,101634919.94813728
2025-06-21 00:00:00,2.1181,2.1318,2.1143,2.1286,27489500.169,58355747.95979914
2025-06-21 04:00:00,2.1286,2.133,2.118,2.1323,21033050.9682,44697747.05983828
2025-06-21 08:00:00,2.1323,2.1436,2.1316,2.1357,19106895.3296,40840343.85701212
2025-06-21 12:00:00,2.1357,2.1393,2.1078,2.1155,52582347.8868,111490175.02310666
2025-06-21 16:00:00,2.1155,2.1185,2.0683,2.0695,84398585.5618,176439434.45460966
2025-06-21 20:00:00,2.0695,2.0933,1.9904,2.0625,191707494.1264,392022900.96260107
2025-06-22 00:00:00,2.0625,2.0875,2.0379,2.0582,107900600.6802,222472457.11077744
2025-06-22 04:00:00,2.0582,2.0888,2.0553,2.0665,50591562.4986,104994311.03952032
2025-06-22 08:00:00,2.0665,2.0771,2.0131,2.0242,119861197.9644,244905831.9441273
2025-06-22 12:00:00,2.0242,2.0285,1.9231,1.9328,426179912.3084,837285311.1782275
2025-06-22 16:00:00,1.9328,1.9822,1.9269,1.9633,134575175.0442,263448734.32813904
2025-06-22 20:00:00,1.9633,2.0225,1.9066,2.0164,251846723.7576,494415144.975063
2025-06-23 00:00:00,2.0164,2.0319,2.0021,2.0169,51309174.7112,103429552.86851785
2025-06-23 04:00:00,2.0169,2.0344,2.0085,2.022,62209579.0528,125726718.72629607
2025-06-23 08:00:00,2.022,2.0266,1.9848,1.9999,68791215.8572,137614317.6100504
2025-06-23 12:00:00,1.9999,2.0381,1.9845,1.998,180348960.3502,363566541.0371896
2025-06-23 16:00:00,1.998,2.062,1.9603,2.0559,272724078.6732,549372800.7433951
2025-06-23 20:00:00,2.0559,2.1698,2.0556,2.1575,229963315.381,487163539.6103482
2025-06-24 00:00:00,2.1575,2.165,2.1301,2.1492,85171842.685,182864695.02525127
2025-06-24 04:00:00,2.1492,2.2106,2.1458,2.1775,150556318.007,328578242.997906
2025-06-24 08:00:00,2.1775,2.2055,2.1591,2.1823,122829779.5176,267607891.20603836
2025-06-24 12:00:00,2.1823,2.1925,2.1633,2.1865,114908665.7198,250168845.4069119
2025-06-24 16:00:00,2.1865,2.2133,2.1828,2.2066,80038972.361,175915312.35132515
2025-06-24 20:00:00,2.2066,2.2164,2.1772,2.1895,74465694.0746,163650317.8103155
2025-06-25 00:00:00,2.1895,2.1985,2.1766,2.178,39644136.8012,86743310.45354988
2025-06-25 04:00:00,2.178,2.1875,2.17,2.1852,38490666.4932,83819379.2036996
2025-06-25 08:00:00,2.1852,2.1965,2.1737,2.1939,39911040.935,87186713.59705839
2025-06-25 12:00:00,2.1939,2.2287,2.1739,2.1809,136335217.6764,300166847.99896574
2025-06-25 16:00:00,2.1809,2.2067,2.1705,2.2066,45353888.6412,99162273.27907044
2025-06-25 20:00:00,2.2066,2.2066,2.1738,2.1853,28726391.267,62835275.80439064
2025-06-26 00:00:00,2.1853,2.2123,2.18,2.1955,49688269.4106,109163505.3951498
2025-06-26 04:00:00,2.1955,2.1992,2.18,2.1896,39067701.111,85545193.74113777
2025-06-26 08:00:00,2.1896,2.1944,2.1686,2.1703,37420855.681,81552396.77005574
2025-06-26 12:00:00,2.1703,2.1726,2.1047,2.1197,222697244.2376,475265709.2089969
2025-06-26 16:00:00,2.1197,2.1346,2.0947,2.1242,92651586.0394,195754402.45835945
2025-06-26 20:00:00,2.1242,2.1458,2.1024,2.1045,54163707.4618,114920570.11734004
2025-06-27 00:00:00,2.1045,2.1105,2.0775,2.1049,70927406.5506,148610712.61990973
2025-06-27 04:00:00,2.1049,2.1136,2.0815,2.085,63106075.1694,132225092.89264707
2025-06-27 08:00:00,2.085,2.1058,2.0841,2.0891,69267954.8684,144980043.28746983
2025-06-27 12:00:00,2.0891,2.1007,2.0661,2.0959,116169817.1276,241922290.78742936
2025-06-27 16:00:00,2.0959,2.1209,2.0701,2.0927,118799965.4234,248705330.154062
2025-06-27 20:00:00,2.0927,2.1535,2.0919,2.1399,102068056.486,217612399.2013596
2025-06-28 00:00:00,2.1399,2.1897,2.1321,2.1839,107339017.564,232636524.64982736
2025-06-28 04:00:00,2.1839,2.1999,2.1735,2.1895,51402638.5074,112486432.85931905
2025-06-28 08:00:00,2.1895,2.1927,2.179,2.1909,38118062.665,83315991.00140505
2025-06-28 12:00:00,2.1909,2.205,2.1805,2.2022,66599209.0522,146057578.26957455
2025-06-28 16:00:00,2.2022,2.2065,2.1835,2.1848,47862407.5928,104999557.72894654
2025-06-28 20:00:00,2.1848,2.1881,2.1759,2.1846,29584871.0582,64543879.06347148
2025-06-29 00:00:00,2.1846,2.1894,2.174,2.183,26078811.4148,56894377.76283362
2025-06-29 04:00:00,2.183,2.1882,2.1802,2.1838,16571924.0674,36183911.84217562
2025-06-29 08:00:00,2.1838,2.1968,2.1831,2.1947,25493635.9994,55826646.72661076
2025-06-29 12:00:00,2.1947,2.196,2.1789,2.1824,33320178.3494,72851089.74130422
2025-06-29 16:00:00,2.1824,2.1935,2.1801,2.1875,20249261.0634,44297901.65893198
2025-06-29 20:00:00,2.1875,2.2187,2.1771,2.2057,63077169.1216,139046906.9771594
2025-06-30 00:00:00,2.2057,2.2107,2.1942,2.1956,36548260.2598,80417018.31452774
2025-06-30 04:00:00,2.1956,2.196,2.1705,2.1858,49911580.3672,109009305.10382156
2025-06-30 08:00:00,2.1858,2.188,2.1675,2.177,38081405.952,82906135.6595022
2025-06-30 12:00:00,2.177,2.1991,2.1624,2.1919,88858963.7248,193807880.81461057
2025-06-30 16:00:00,2.1919,2.3262,2.1901,2.3187,310056028.1998,700811510.4644034
2025-06-30 20:00:00,2.3187,2.3246,2.2339,2.2358,208277376.18,474145350.41903615
2025-07-01 00:00:00,2.2358,2.2537,2.2235,2.2375,84185878.3732,188415120.05052185
2025-07-01 04:00:00,2.2375,2.2375,2.2052,2.2235,80772469.7726,179168012.3743087
2025-07-01 08:00:00,2.2235,2.2267,2.1912,2.2015,81620012.8438,179937010.91250345
2025-07-01 12:00:00,2.2015,2.2096,2.1734,2.1865,151487872.1656,331843393.4240184
2025-07-01 16:00:00,2.1865,2.2029,2.1547,2.1555,100565727.9804,219029655.98813984
2025-07-01 20:00:00,2.1555,2.1805,2.1464,2.1709,70245874.931,152043804.18665895
2025-07-02 00:00:00,2.1709,2.1861,2.1559,2.1853,45742933.0776,99426515.89266108
2025-07-02 04:00:00,2.1853,2.1968,2.1813,2.1915,47220539.8656,103326332.41844034
2025-07-02 08:00:00,2.1915,2.2036,2.1718,2.1761,61034662.3822,133635293.97474444
2025-07-02 12:00:00,2.1761,2.2146,2.1669,2.211,103904343.4072,227620006.5171044
2025-07-02 16:00:00,2.211,2.2901,2.208,2.2641,397596027.764,898006922.6523926
2025-07-02 20:00:00,2.2641,2.2654,2.2288,2.2325,96354341.8544,216799931.73285276
2025-07-03 00:00:00,2.2325,2.2475,2.2228,2.242,55668242.208,124580837.35414192
2025-07-03 04:00:00,2.242,2.2826,2.2402,2.2783,89768225.9864,203336388.3777096
2025-07-03 08:00:00,2.2783,2.3123,2.275,2.2949,118659682.4924,271717578.0559938
2025-07-03 12:00:00,2.2949,2.3128,2.2379,2.2429,271502751.2748,617914792.774652
2025-07-03 16:00:00,2.2429,2.2822,2.2423,2.2711,84554480.8908,191316977.01047248
2025-07-03 20:00:00,2.2711,2.2796,2.2521,2.256,43421990.009,98420953.23899417
2025-07-04 00:00:00,2.256,2.2679,2.2384,2.248,49698371.7582,111954909.77229558
2025-07-04 04:00:00,2.248,2.2514,2.2141,2.2205,79100597.5302,176648765.09673303
2025-07-04 08:00:00,2.2205,2.2399,2.2068,2.2383,62642892.3794,139362849.84959653
2025-07-04 12:00:00,2.2383,2.2431,2.2023,2.214,95671949.6138,212455907.04344776
2025-07-04 16:00:00,2.214,2.2246,2.1943,2.2097,81577145.724,180282444.4145203
2025-07-04 20:00:00,2.2097,2.2284,2.2069,2.2198,22979012.7958,51023975.3945881
2025-07-05 00:00:00,2.2198,2.227,2.2087,2.2249,31183090.8148,69170983.16254684
2025-07-05 04:00:00,2.2249,2.2332,2.217,2.224,23352937.4298,51961841.60183008
2025-07-05 08:00:00,2.224,2.2262,2.2107,2.221,32688177.6708,72531319.16988176
2025-07-05 12:00:00,2.221,2.23,2.2134,2.2222,30740495.0446,68337635.66033456
2025-07-05 16:00:00,2.2222,2.2241,2.1997,2.2136,35567693.3768,78578035.84320907
2025-07-05 20:00:00,2.2136,2.2191,2.2061,2.217,17197434.4602,38062855.0684974
2025-07-06 00:00:00,2.217,2.2218,2.2078,2.2154,17824316.972,39478804.04888346
2025-07-06 04:00:00,2.2154,2.2343,2.2152,2.2268,33172374.8884,73829912.05415604
2025-07-06 08:00:00,2.2268,2.2841,2.2258,2.2609,165909427.0304,374938718.9811777
2025-07-06 12:00:00,2.2609,2.289,2.26,2.2759,96245492.4318,218797775.30040237
2025-07-06 16:00:00,2.2759,2.2817,2.2453,2.2635,59998958.2782,135686161.64479193
2025-07-06 20:00:00,2.2635,2.2887,2.2621,2.2701,68128535.47,154958846.18887302
2025-07-07 00:00:00,2.2701,2.2786,2.2563,2.2695,37742773.5584,85627662.19840914
2025-07-07 04:00:00,2.2695,2.2743,2.2536,2.2722,59931445.4334,135769501.09527475
2025-07-07 08:00:00,2.2722,2.2967,2.2662,2.2824,99750644.5816,227573037.73772264
2025-07-07 12:00:00,2.2824,2.3492,2.2707,2.3376,380351275.905,882907120.7570804
2025-07-07 16:00:00,2.3376,2.353,2.2767,2.299,270932113.2208,627722574.6676129
2025-07-07 20:00:00,2.299,2.299,2.2583,2.2701,106139027.7164,241329590.08659765
2025-07-08 00:00:00,2.2701,2.2727,2.2464,2.2619,118593716.775,268043247.9743787
2025-07-08 04:00:00,2.2619,2.276,2.2552,2.2745,71600279.6014,162167077.49699965
2025-07-08 08:00:00,2.2745,2.3,2.272,2.2928,88775902.3112,202858752.35276717
2025-07-08 12:00:00,2.2928,2.3037,2.2759,2.2849,96914903.7466,221871223.5134573
2025-07-08 16:00:00,2.2849,2.321,2.2817,2.32,98465252.147,226921194.25716028
2025-07-08 20:00:00,2.32,2.3205,2.2941,2.309,46649226.3778,107553802.18578447
2025-07-09 00:00:00,2.309,2.3176,2.296,2.302,46636493.715,107558507.10493544
2025-07-09 04:00:00,2.302,2.3359,2.3007,2.3311,94286584.838,219087560.32136345
2025-07-09 08:00:00,2.3311,2.3889,2.3287,2.3803,167604752.1036,394942244.3922847
2025-07-09 12:00:00,2.3803,2.4029,2.3504,2.3809,217181751.3202,516507410.7754834
2025-07-09 16:00:00,2.3809,2.4274,2.3738,2.4198,163350103.5648,391698564.0558761
2025-07-09 20:00:00,2.4198,2.4211,2.3827,2.4025,134693917.8236,323785416.6164928
2025-07-10 00:00:00,2.4025,2.4365,2.3928,2.4197,110960108.7524,268192252.47812304
2025-07-10 04:00:00,2.4197,2.443,2.4101,2.4366,87045227.332,211029745.49798137
2025-07-10 08:00:00,2.4366,2.4614,2.4256,2.4521,141308653.7038,345637244.7387717
2025-07-10 12:00:00,2.4521,2.4589,2.4176,2.4525,163531166.8698,398844303.7851063
2025-07-10 16:00:00,2.4525,2.5115,2.4457,2.4989,207628456.4568,515805785.761516
2025-07-10 20:00:00,2.4989,2.567,2.4909,2.5467,205009210.0864,519365363.27629215
2025-07-11 00:00:00,2.5467,2.593,2.5109,2.5764,176350873.3788,450907254.6333496
2025-07-11 04:00:00,2.5764,2.5978,2.5516,2.5791,219253564.3124,565183005.1549608
2025-07-11 08:00:00,2.5791,2.662,2.5786,2.6282,277396223.029,726415579.3312857
2025-07-11 12:00:00,2.6282,2.9791,2.6255,2.7755,1114098761.928,3128847923.17774
2025-07-11 16:00:00,2.7755,2.86,2.7015,2.8599,543714564.2672,1516455054.2663932
2025-07-11 20:00:00,2.8599,2.86,2.6611,2.7352,400504288.329,1097857034.7625322
2025-07-12 00:00:00,2.7352,2.8505,2.6915,2.801,304785510.7062,847415780.533166
2025-07-12 04:00:00,2.801,2.8074,2.7575,2.7702,159202009.587,442845174.2915993
2025-07-12 08:00:00,2.7702,2.849,2.7682,2.8077,200802722.6424,565237061.6948645
2025-07-12 12:00:00,2.8077,2.8105,2.663,2.6818,384951096.7342,1055679680.4306169
2025-07-12 16:00:00,2.6818,2.7554,2.6707,2.739,183351416.7716,499252272.7966727
2025-07-12 20:00:00,2.739,2.7497,2.6829,2.7405,150204992.1056,408830186.51222813
2025-07-13 00:00:00,2.7405,2.7863,2.7232,2.7676,143798565.0404,396823254.40451217
2025-07-13 04:00:00,2.7676,2.815,2.7571,2.7999,151109106.7428,421388773.08677006
2025-07-13 08:00:00,2.7999,2.8178,2.7707,2.7894,132565808.4914,369572252.26877373
2025-07-13 12:00:00,2.7894,2.8947,2.7832,2.8385,317329682.0038,900598932.7593901
2025-07-13 16:00:00,2.8385,2.8827,2.8104,2.8451,146332467.6318,416780002.76214296
2025-07-13 20:00:00,2.8451,2.8644,2.7609,2.8365,158650239.5176,447792004.1596994
2025-07-14 00:00:00,2.8365,2.9475,2.8212,2.9275,245856059.468,709615617.42249
2025-07-14 04:00:00,2.9275,2.9806,2.8772,2.9571,340957478.5868,1001651804.8174504
2025-07-14 08:00:00,2.9571,3.0252,2.9282,2.9795,435046331.342,1297031064.2667055
2025-07-14 12:00:00,2.9795,3.0375,2.9104,2.9492,485048345.5102,1446321685.6627593
2025-07-14 16:00:00,2.9492,3.0045,2.9111,2.9315,224638383.733,663203862.6849693
2025-07-14 20:00:00,2.9315,2.9648,2.8767,2.959,154451889.4208,451527428.8227715
2025-07-15 00:00:00,2.959,2.9592,2.8033,2.851,335355685.1374,963628836.343799
2025-07-15 04:00:00,2.851,2.8877,2.8228,2.8539,169411272.0854,485313815.4943915
2025-07-15 08:00:00,2.8539,2.9297,2.824,2.906,194532842.07,561563557.3772012
2025-07-15 12:00:00,2.906,2.9348,2.84,2.8909,341976964.877,989282293.1772484
2025-07-15 16:00:00,2.8909,2.9482,2.8578,2.8649,195069083.0896,567551366.0942236
2025-07-15 20:00:00,2.8649,2.9302,2.8554,2.9216,103500177.408,299691637.49494183
2025-07-16 00:00:00,2.9216,2.9384,2.8788,2.9062,111389932.4854,324426232.438879
2025-07-16 04:00:00,2.9062,2.9409,2.8925,2.9309,88854003.1438,259752882.96262768
2025-07-16 08:00:00,2.9309,2.9658,2.9217,2.9531,114821338.2664,338903095.613026
2025-07-16 12:00:00,2.9531,3.0093,2.9478,2.9776,285449555.6758,849775840.2081428
2025-07-16 16:00:00,2.9776,3.0797,2.9687,3.0592,281253599.0108,851961379.3782698
2025-07-16 20:00:00,3.0592,3.102,3.0229,3.0391,237910388.274,729464490.3409811
2025-07-17 00:00:00,3.0391,3.0815,2.9895,3.0264,201271373.2288,610752595.8742942
2025-07-17 04:00:00,3.0264,3.1745,3.0159,3.1575,361577849.4428,1129689437.7919097
2025-07-17 08:00:00,3.1575,3.3022,3.1412,3.2647,543720823.7176,1764018319.4459376
2025-07-17 12:00:00,3.2647,3.2791,3.1683,3.2563,382433968.338,1236152062.289361
2025-07-17 16:00:00,3.2563,3.4034,3.2223,3.3089,468782251.094,1555792508.6212976
2025-07-17 20:00:00,3.3089,3.5549,3.2864,3.4847,609477072.1608,2105658052.0510168
2025-07-18 00:00:00,3.4847,3.6655,3.4646,3.6104,505670201.0804,1820729685.4959245
2025-07-18 04:00:00,3.6104,3.6426,3.451,3.4603,433538670.304,1543872093.5465827
2025-07-18 08:00:00,3.4603,3.5181,3.4068,3.4926,422065743.8972,1460143740.7593894
2025-07-18 12:00:00,3.4926,3.5462,3.3439,3.3765,473006792.3322,1633669130.390145
2025-07-18 16:00:00,3.3765,3.4815,3.366,3.4357,276080546.9164,947618615.2607576
2025-07-18 20:00:00,3.4357,3.4541,3.3588,3.415,224973133.3712,766155437.4665716
2025-07-19 00:00:00,3.415,3.4814,3.3983,3.4506,172070420.5004,592368170.9481255
2025-07-19 04:00:00,3.4506,3.4874,3.4171,3.4661,131094869.5452,452848333.7991144
2025-07-19 08:00:00,3.4661,3.4746,3.388,3.3934,159658575.5592,547900816.4209636
2025-07-19 12:00:00,3.3934,3.4328,3.3551,3.4103,199697025.1678,677924863.0239426
2025-07-19 16:00:00,3.4103,3.461,3.4044,3.433,106455966.404,365244755.75814575
2025-07-19 20:00:00,3.433,3.4459,3.3805,3.4254,92024910.08,314067035.15672386
2025-07-20 00:00:00,3.4254,3.4531,3.386,3.4353,186284471.7874,636788976.2812372
2025-07-20 04:00:00,3.4353,3.4589,3.4031,3.4431,106241409.7616,364345745.54930574
2025-07-20 08:00:00,3.4431,3.5364,3.443,3.5004,209080721.1376,731222335.8360986
2025-07-20 12:00:00,3.5004,3.5484,3.479,3.5193,213146593.7068,749676574.6268914
2025-07-20 16:00:00,3.5193,3.5601,3.4828,3.5246,220546609.9882,776901980.8369551
2025-07-20 20:00:00,3.5246,3.5272,3.4024,3.4547,220758082.0102,764209565.4642752
2025-07-21 00:00:00,3.4547,3.4913,3.4076,3.4796,146785370.2838,507204998.2185623
2025-07-21 04:00:00,3.4796,3.5838,3.4728,3.5694,180233782.428,638406087.1699668
2025-07-21 08:00:00,3.5694,3.5829,3.5313,3.5355,102608593.0516,364994745.8984263
2025-07-21 12:00:00,3.5355,3.6536,3.4991,3.606,226786244.0,814696741.9302
2025-07-21 16:00:00,3.606,3.6262,3.5281,3.5477,150751114.0,539559705.5428
2025-07-21 20:00:00,3.5477,3.5752,3.512,3.5498,58116878.0,206125390.9388
2025-07-22 00:00:00,3.5498,3.5759,3.462,3.5018,153940680.0,541428243.1886
2025-07-22 04:00:00,3.5018,3.5043,3.4223,3.4762,142337428.0,493387275.4408
2025-07-22 08:00:00,3.4762,3.5231,3.4258,3.52,96603684.0,334808257.9452
2025-07-22 12:00:00,3.52,3.5385,3.4408,3.5099,163331418.0,572271378.1156
2025-07-22 16:00:00,3.5099,3.5823,3.4944,3.519,87303210.0,309782288.6944
2025-07-22 20:00:00,3.519,3.5573,3.5156,3.5535,38668034.0,136881566.3544
2025-07-23 00:00:00,3.5535,3.5551,3.4907,3.4957,51297852.0,180283665.799
2025-07-23 04:00:00,3.4957,3.5143,3.462,3.4694,68880630.0,240117124.4278
2025-07-23 08:00:00,3.4694,3.4773,3.4322,3.4511,72913588.0,251658078.0884
2025-07-23 12:00:00,3.4511,3.4516,3.2218,3.3223,383484826.0,1271178941.494
2025-07-23 16:00:00,3.3223,3.3223,3.16,3.1848,194838234.0,627956199.051
2025-07-23 20:00:00,3.1848,3.2165,3.049,3.1842,276292780.0,865637125.3234
2025-07-24 00:00:00,3.1842,3.2361,3.1508,3.1922,99831876.0,320128234.6958
2025-07-24 04:00:00,3.1922,3.1962,2.9534,3.0747,306564920.0,939090531.3482
2025-07-24 08:00:00,3.0747,3.1788,3.0553,3.168,141122372.0,439090099.3364
2025-07-24 12:00:00,3.168,3.2646,3.1176,3.225,194048338.0,618605377.249
2025-07-24 16:00:00,3.225,3.259,3.1671,3.2074,88092632.0,283272823.4296
2025-07-24 20:00:00,3.2074,3.2412,3.1255,3.1444,66686818.0,211947590.366
2025-07-25 00:00:00,3.1444,3.1607,3.0436,3.0689,124699266.0,386127450.951
2025-07-25 04:00:00,3.0689,3.1182,3.0337,3.0735,102061322.0,314093721.5002
2025-07-25 08:00:00,3.0735,3.1526,3.0616,3.1331,94649850.0,294658197.9162
2025-07-25 12:00:00,3.1331,3.1515,2.9968,3.0361,160700388.0,492001134.8342
2025-07-25 16:00:00,3.0361,3.0965,3.0242,3.0691,46278946.0,141501934.5816
2025-07-25 20:00:00,3.0691,3.1499,3.0691,3.1412,49081730.0,153209511.965
2025-07-26 00:00:00,3.1412,3.1627,3.1074,3.143,43073758.0,135077074.7928
2025-07-26 04:00:00,3.143,3.1757,3.1395,3.1544,33317840.0,105196158.1616
2025-07-26 08:00:00,3.1544,3.2104,3.1535,3.1854,60235474.0,191969764.4814
2025-07-26 12:00:00,3.1854,3.1979,3.1744,3.1917,34476060.0,109820967.1706
2025-07-26 16:00:00,3.1917,3.2177,3.1562,3.1898,48622296.0,154927533.24
2025-07-26 20:00:00,3.1898,3.2092,3.1623,3.165,23928962.0,76150389.125
2025-07-27 00:00:00,3.165,3.2055,3.1546,3.1984,29957420.0,95412553.8404
2025-07-27 04:00:00,3.1984,3.237,3.1841,3.1881,61253688.0,196727458.16
2025-07-27 08:00:00,3.1881,3.213,3.1662,3.179,50351018.0,160417421.586
2025-07-27 12:00:00,3.179,3.2065,3.1607,3.1858,48310208.0,153783550.8444
2025-07-27 16:00:00,3.1858,3.2275,3.1754,3.2079,72536004.0,232442510.5142
2025-07-27 20:00:00,3.2079,3.2507,3.1869,3.2383,66528284.0,214601319.4882
2025-07-28 00:00:00,3.2383,3.2926,3.2199,3.2687,84036336.0,273944460.7514
2025-07-28 04:00:00,3.2687,3.33,3.25,3.273,98119708.0,322562523.917
2025-07-28 08:00:00,3.273,3.2766,3.2221,3.2442,58282524.0,189226484.3468
2025-07-28 12:00:00,3.2442,3.249,3.1369,3.1587,166667660.0,531041524.6212
2025-07-28 16:00:00,3.1587,3.1844,3.1124,3.1595,111662700.0,351211180.6234
2025-07-28 20:00:00,3.1595,3.1629,3.1042,3.1219,88848094.0,278498483.6168
2025-07-29 00:00:00,3.1219,3.146,3.0767,3.1394,68301052.0,212806754.3244
2025-07-29 04:00:00,3.1394,3.1812,3.1211,3.1743,48225294.0,152046883.1812
2025-07-29 08:00:00,3.1743,3.1846,3.1123,3.1374,66398220.0,209050576.8262
2025-07-29 12:00:00,3.1374,3.1732,3.0753,3.0975,96091932.0,299963732.5514
2025-07-29 16:00:00,3.0975,3.161,3.0512,3.1185,90662684.0,281932892.8338
2025-07-29 20:00:00,3.1185,3.1367,3.0929,3.1272,39331234.0,122515093.807
2025-07-30 00:00:00,3.1272,3.1492,3.0913,3.1372,48515202.0,151582338.9204
2025-07-30 04:00:00,3.1372,3.1458,3.1024,3.1189,53580032.0,167459456.0004
2025-07-30 08:00:00,3.1189,3.1393,3.0414,3.0506,76119258.0,235033794.8362
2025-07-30 12:00:00,3.0506,3.1527,3.038,3.1424,107424772.0,332595595.4696
2025-07-30 16:00:00,3.1424,3.1614,2.9997,3.0962,145267490.0,446828842.8928
2025-07-30 20:00:00,3.0962,3.115,3.0609,3.0954,45763666.0,141248650.2748
2025-07-31 00:00:00,3.0954,3.145,3.0862,3.1388,38280504.0,119607690.754
2025-07-31 04:00:00,3.1388,3.1545,3.1303,3.1542,38143282.0,119839225.2944
2025-07-31 08:00:00,3.1542,3.1779,3.146,3.1506,61168664.0,193475392.0468
2025-07-31 12:00:00,3.1506,3.1515,3.0733,3.0998,111311072.0,346060567.3118
2025-07-31 16:00:00,3.0998,3.1352,3.0507,3.0565,78531878.0,242746763.1344
2025-07-31 20:00:00,3.0565,3.0664,3.009,3.0207,75438380.0,229066049.7464
2025-08-01 00:00:00,3.0207,3.024,2.927,2.9968,193849396.0,578131645.8398
2025-08-01 04:00:00,2.9968,2.9968,2.9338,2.9544,95467812.0,282969174.9218
2025-08-01 08:00:00,2.9544,2.9702,2.8908,2.9692,102478958.0,299958107.2522
2025-08-01 12:00:00,2.9692,3.0578,2.9286,3.0422,169129164.0,506914677.0534
2025-08-01 16:00:00,3.0422,3.0516,2.9728,3.0136,85656276.0,257787023.4594
2025-08-01 20:00:00,3.0136,3.0288,2.8939,2.9597,103991090.0,307411723.4822
2025-08-02 00:00:00,2.9597,2.9845,2.9464,2.982,34257558.0,101672209.47
2025-08-02 04:00:00,2.982,3.0203,2.9437,2.9907,63373574.0,189065558.1912
2025-08-02 08:00:00,2.9907,3.0011,2.9287,2.9399,61778832.0,182852027.2302
2025-08-02 12:00:00,2.9399,2.9464,2.8208,2.8285,130003500.0,375348840.6222
2025-08-02 16:00:00,2.8285,2.8644,2.7405,2.779,186258266.0,521544521.874
2025-08-02 20:00:00,2.779,2.8165,2.7381,2.7682,92118260.0,256103865.9774
2025-08-03 00:00:00,2.7682,2.8398,2.7267,2.8342,108649026.0,302857318.4196
2025-08-03 04:00:00,2.8342,2.8681,2.8126,2.8633,49592472.0,140783613.381
2025-08-03 08:00:00,2.8633,2.8926,2.8475,2.868,71409782.0,204917828.8132
2025-08-03 12:00:00,2.868,2.9017,2.8572,2.8937,65723248.0,189047683.1802
2025-08-03 16:00:00,2.8937,2.9283,2.8839,2.9146,51174178.0,148833858.882
2025-08-03 20:00:00,2.9146,2.9604,2.9001,2.9468,47835452.0,140254936.1156
2025-08-04 00:00:00,2.9468,3.0295,2.9294,2.9972,92505480.0,277113154.781
2025-08-04 04:00:00,2.9972,3.0189,2.9646,3.0104,63789642.0,190492131.4496
2025-08-04 08:00:00,3.0104,3.0228,2.9753,2.9907,58084524.0,174242452.9244
2025-08-04 12:00:00,2.9907,3.0796,2.9784,3.0295,146438786.0,444542256.3476
2025-08-04 16:00:00,3.0295,3.0886,3.0295,3.0476,61926434.0,189471103.3318
2025-08-04 20:00:00,3.0476,3.0857,3.039,3.0698,39116720.0,119921418.8738
2025-08-05 00:00:00,3.0698,3.1058,3.0326,3.0365,60065854.0,184021991.8974
2025-08-05 04:00:00,3.0365,3.0534,2.9941,3.0028,67310778.0,203588111.125
2025-08-05 08:00:00,3.0028,3.0798,2.9978,3.0616,60172720.0,183472400.1784
2025-08-05 12:00:00,3.0616,3.0645,2.9547,2.9703,137161120.0,411499396.483
2025-08-05 16:00:00,2.9703,2.9918,2.9434,2.9453,61170928.0,181808500.456
2025-08-05 20:00:00,2.9453,2.9749,2.915,2.9612,46731538.0,137800254.2736
2025-08-06 00:00:00,2.9612,2.9638,2.9074,2.9134,40590658.0,119019310.2102
2025-08-06 04:00:00,2.9134,2.9672,2.9009,2.9553,52271882.0,153709845.5056
2025-08-06 08:00:00,2.9553,2.9592,2.9175,2.9455,48591140.0,142795169.6674
2025-08-06 12:00:00,2.9455,3.0065,2.9221,3.0027,76961264.0,227696488.498
2025-08-06 16:00:00,3.0027,3.0174,2.9684,3.0103,49011794.0,146877677.2292
2025-08-06 20:00:00,3.0103,3.0103,2.9781,2.9896,22978338.0,68790625.2836
2025-08-07 00:00:00,2.9896,3.01,2.9659,2.9667,36127936.0,107793960.5684
2025-08-07 04:00:00,2.9667,3.0125,2.9627,2.9989,33182116.0,99266243.7058
2025-08-07 08:00:00,2.9989,3.087,2.9865,3.0782,84126158.0,256020197.2958
2025-08-07 12:00:00,3.0782,3.0844,3.039,3.061,68126396.0,208624685.5082
2025-08-07 16:00:00,3.061,3.1006,3.007,3.0999,55239500.0,168403551.9586
2025-08-07 20:00:00,3.0999,3.3326,3.0991,3.3186,249451044.0,808130564.275
2025-08-08 00:00:00,3.3186,3.3757,3.2689,3.3752,177149308.0,587972232.0088
2025-08-08 04:00:00,3.3752,3.3818,3.305,3.3546,98945888.0,330466222.9146
2025-08-08 08:00:00,3.3546,3.3595,3.3013,3.3357,63082516.0,209926907.3414
2025-08-08 12:00:00,3.3357,3.3731,3.2046,3.2207,179446486.0,590074872.9034
2025-08-08 16:00:00,3.2207,3.3387,3.2192,3.338,95346054.0,311579350.476
2025-08-08 20:00:00,3.338,3.3382,3.2776,3.2852,43766008.0,144523037.0114
2025-08-09 00:00:00,3.2852,3.313,3.279,3.2903,27335794.0,90144120.6536
2025-08-09 04:00:00,3.2903,3.3347,3.2869,3.3205,77043740.0,255365214.5486
2025-08-09 08:00:00,3.3205,3.3475,3.3034,3.3083,81256346.0,270488876.8878
2025-08-09 12:00:00,3.3083,3.3272,3.2469,3.2723,91510782.0,300552230.5708
2025-08-09 16:00:00,3.2723,3.2977,3.2569,3.2642,41869870.0,137257472.6532
2025-08-09 20:00:00,3.2642,3.2749,3.2065,3.2245,77251734.0,250381554.78
2025-08-10 00:00:00,3.2245,3.2633,3.2171,3.2579,48410670.0,156963645.4058
2025-08-10 04:00:00,3.2579,3.2784,3.1602,3.1867,101317486.0,325373378.1452
2025-08-10 08:00:00,3.1867,3.2194,3.1511,3.1903,71992926.0,229597041.5386
2025-08-10 12:00:00,3.1903,3.2038,3.1557,3.1842,50989376.0,162232880.8776
2025-08-10 16:00:00,3.1842,3.2139,3.1808,3.2059,20263040.0,64805573.42
2025-08-10 20:00:00,3.2059,3.2077,3.1573,3.1858,52412464.0,166657007.8748
2025-08-11 00:00:00,3.1858,3.273,3.1713,3.264,78037038.0,252442852.097
2025-08-11 04:00:00,3.264,3.2875,3.2324,3.2436,66570116.0,217351886.1284
2025-08-11 08:00:00,3.2436,3.3325,3.2018,3.2135,168165292.0,549740223.932
2025-08-11 12:00:00,3.2135,3.235,3.1757,3.2081,116476806.0,373321945.173
2025-08-11 16:00:00,3.2081,3.228,3.1452,3.1477,90560636.0,288752366.8294
2025-08-11 20:00:00,3.1477,3.1691,3.1163,3.1282,71158870.0,223363221.2322
2025-08-12 00:00:00,3.1282,3.1754,3.1261,3.1475,38232840.0,120552564.117
2025-08-12 04:00:00,3.1475,3.1652,3.1138,3.1543,50339718.0,158138666.9794
2025-08-12 08:00:00,3.1543,3.1632,3.1034,3.1479,56315218.0,176374368.7032
2025-08-12 12:00:00,3.1479,3.2182,3.1409,3.2119,123267392.0,392536264.4064
2025-08-12 16:00:00,3.2119,3.2892,3.2045,3.2875,61256318.0,198672305.0464
2025-08-12 20:00:00,3.2875,3.3057,3.2566,3.2671,71147458.0,233291689.1678
2025-08-13 00:00:00,3.2671,3.2672,3.2059,3.2416,60244182.0,194848891.9888
2025-08-13 04:00:00,3.2416,3.2573,3.202,3.2391,54114506.0,174833278.5102
2025-08-13 08:00:00,3.2391,3.2998,3.2388,3.2851,93151860.0,305470248.1232
2025-08-13 12:00:00,3.2851,3.3365,3.2264,3.256,217483112.0,713439992.6684
2025-08-13 16:00:00,3.256,3.2851,3.2436,3.2776,40507784.0,132324957.5556
2025-08-13 20:00:00,3.2776,3.295,3.2525,3.2748,43190502.0,141456259.7318
2025-08-14 00:00:00,3.2748,3.3531,3.2707,3.3283,98290516.0,326029302.4118
2025-08-14 04:00:00,3.3283,3.3363,3.2355,3.2563,101005166.0,330958606.3234
2025-08-14 08:00:00,3.2563,3.2567,3.1971,3.2185,67915902.5,218997656.6174
2025-08-14 12:00:00,3.2185,3.2353,2.9872,3.0951,334562467.5,1038650698.3074
2025-08-14 16:00:00,3.0951,3.0976,3.0417,3.0668,59627989.5,182980542.77085
2025-08-14 20:00:00,3.0668,3.0893,3.0273,3.0781,35607111.0,109028622.2343
2025-08-15 00:00:00,3.0781,3.1209,3.07,3.1162,22260936.9,68866615.7472
2025-08-15 04:00:00,3.1162,3.1419,3.105,3.1164,23582698.8,73612089.12396
2025-08-15 08:00:00,3.1164,3.1272,3.0954,3.11,21514408.8,66922456.14708
2025-08-15 12:00:00,3.11,3.1394,3.0093,3.0257,83749859.7,257359090.78092
2025-08-15 16:00:00,3.0257,3.093,3.0008,3.0641,68124144.0,207884513.8275
2025-08-15 20:00:00,3.0641,3.097,3.0527,3.0763,29047521.0,89386245.63225
2025-08-16 00:00:00,3.0763,3.1133,3.0698,3.1072,16600068.0,51327404.3724
2025-08-16 04:00:00,3.1072,3.1247,3.0866,3.1219,18034581.7,56018562.58913
2025-08-16 08:00:00,3.1219,3.1544,3.1011,3.1029,47731211.1,149443030.95832
2025-08-16 12:00:00,3.1029,3.1257,3.0964,3.102,31060786.7,96565127.14968
2025-08-16 16:00:00,3.102,3.1111,3.0908,3.0984,12913818.8,40028016.42737
2025-08-16 20:00:00,3.0984,3.1076,3.089,3.1038,8270248.4,25621889.69298
2025-08-17 00:00:00,3.1038,3.1228,3.0811,3.1189,20673893.8,64150855.78859
2025-08-17 04:00:00,3.1189,3.1378,3.1101,3.1162,16754739.3,52333537.43671
2025-08-17 08:00:00,3.1162,3.1403,3.1103,3.1273,25642262.8,80213243.71275
2025-08-17 12:00:00,3.1273,3.1456,3.1131,3.1429,20703956.6,64661823.21235
2025-08-17 16:00:00,3.1429,3.1466,3.0761,3.0877,44474359.6,138025322.51671
2025-08-17 20:00:00,3.0877,3.1121,3.0833,3.0863,20843298.8,64562013.87825
2025-08-18 00:00:00,3.0863,3.09,2.9657,2.9887,97206991.4,293198603.93949
2025-08-18 04:00:00,2.9887,3.004,2.9535,2.9629,69429634.0,206696252.4518
2025-08-18 08:00:00,2.9629,2.9771,2.9393,2.963,62822556.0,185961548.4204
2025-08-18 12:00:00,2.963,3.0225,2.9585,3.0142,56339756.0,168287262.7228
2025-08-18 16:00:00,3.0142,3.0955,2.9994,3.0803,53737126.0,163977544.1256
2025-08-18 20:00:00,3.0803,3.0948,3.0505,3.0601,34919026.0,107307127.771
2025-08-19 00:00:00,3.0601,3.0796,2.9825,2.9891,52340302.0,158600711.5094
2025-08-19 04:00:00,2.9891,3.0266,2.9713,3.0029,56029330.0,168224294.4554
2025-08-19 08:00:00,3.0029,3.0235,2.9901,3.0146,36375104.0,109482615.4614
2025-08-19 12:00:00,3.0146,3.037,2.9253,2.928,98115954.0,291330164.2298
2025-08-19 16:00:00,2.928,2.9341,2.8692,2.8752,75866922.0,220607787.5296
2025-08-19 20:00:00,2.8752,2.905,2.8471,2.8593,58972354.0,169768862.709
2025-08-20 00:00:00,2.8593,2.8991,2.8476,2.886,39792476.0,114555849.0192
2025-08-20 04:00:00,2.886,2.9,2.8637,2.8662,38926946.0,112366502.0846
2025-08-20 08:00:00,2.8662,2.9127,2.8583,2.8879,97200520.0,281467469.6652
2025-08-20 12:00:00,2.8879,2.933,2.8169,2.9026,108389130.0,311741527.8384
2025-08-20 16:00:00,2.9026,2.9878,2.9024,2.9875,58136280.0,170422633.8044
2025-08-20 20:00:00,2.9875,2.9879,2.9482,2.9499,28028684.0,83139794.9238
2025-08-21 00:00:00,2.9499,2.9579,2.9116,2.9286,34835940.0,102298514.2008
2025-08-21 04:00:00,2.9286,2.9395,2.8908,2.9072,32804492.0,95544485.1106
2025-08-21 08:00:00,2.9072,2.9151,2.8849,2.9014,33809346.0,98082599.7322
2025-08-21 12:00:00,2.9014,2.9224,2.8709,2.8858,52103510.0,150891322.3756
2025-08-21 16:00:00,2.8858,2.9184,2.8506,2.8673,36161032.0,104473320.1822
2025-08-21 20:00:00,2.8673,2.8877,2.8411,2.8507,25496448.0,73067098.7512
2025-08-22 00:00:00,2.8507,2.8837,2.8213,2.832,36693460.0,104665189.8692
2025-08-22 04:00:00,2.832,2.8738,2.8299,2.8588,40429232.0,115567654.8192
2025-08-22 08:00:00,2.8588,2.8754,2.803,2.8047,45138608.0,128032538.234
2025-08-22 12:00:00,2.8047,3.0427,2.7815,3.0156,340034010.0,1000280841.8654
2025-08-22 16:00:00,3.0156,3.0999,3.0143,3.0717,108532730.0,332889039.824
2025-08-22 20:00:00,3.0717,3.1044,3.0638,3.0738,54825754.0,169118159.7506
2025-08-23 00:00:00,3.0738,3.0743,2.9684,2.993,79560844.0,239999037.1582
2025-08-23 04:00:00,2.993,3.0747,2.9925,3.0618,48872560.0,148788887.6544
2025-08-23 08:00:00,3.0618,3.0716,3.0291,3.0431,29932748.0,91108146.9026
2025-08-23 12:00:00,3.0431,3.047,3.0065,3.0189,33139844.0,100181236.9762
2025-08-23 16:00:00,3.0189,3.0304,3.0103,3.0295,12515480.0,37801667.5884
2025-08-23 20:00:00,3.0295,3.0575,3.0248,3.0484,19368522.0,58838389.9242
2025-08-24 00:00:00,3.0484,3.0886,3.0441,3.0523,38111930.0,116723173.141
2025-08-24 04:00:00,3.0523,3.0567,3.0291,3.0356,18907164.0,57514759.4402
2025-08-24 08:00:00,3.0356,3.0474,2.9972,3.0085,30126374.0,90944086.116
2025-08-24 12:00:00,3.0085,3.0408,3.0056,3.0142,29553208.0,89296685.6876
2025-08-24 16:00:00,3.0142,3.1276,2.9971,3.034,222050368.0,676766099.7694
2025-08-24 20:00:00,3.034,3.0469,2.9857,3.0244,74031656.0,223606681.574
2025-08-25 00:00:00,3.0244,3.0528,2.9721,3.021,38745150.0,116960167.7542
2025-08-25 04:00:00,3.021,3.0258,2.9286,2.9376,64254702.0,190925693.2096
2025-08-25 08:00:00,2.9376,2.9575,2.9176,2.9423,48793092.0,143308720.2446
2025-08-25 12:00:00,2.9423,2.9733,2.9262,2.9524,45772572.0,135157552.7292
2025-08-25 16:00:00,2.9524,2.9673,2.8703,2.8748,43347954.0,126942370.6728
2025-08-25 20:00:00,2.8748,2.8928,2.8209,2.857,89799668.0,256151604.6592
2025-08-26 00:00:00,2.857,2.8958,2.8446,2.8838,36622234.0,105134282.6644
2025-08-26 04:00:00,2.8838,2.9338,2.8838,2.9159,36948884.0,107632226.9472
2025-08-26 08:00:00,2.9159,2.9262,2.889,2.8997,28720856.0,83491135.5862
2025-08-26 12:00:00,2.8997,2.9416,2.8855,2.9311,69696768.0,203327537.6642
2025-08-26 16:00:00,2.9311,3.081,2.9244,3.0592,65336656.0,195979266.3576
2025-08-26 20:00:00,3.0592,3.0607,3.0021,3.0113,50557630.0,152986700.0594
2025-08-27 00:00:00,3.0113,3.012,2.9798,3.003,29586646.0,88620943.2462
2025-08-27 04:00:00,3.003,3.0266,2.9831,2.9925,37214688.0,111921992.7472
2025-08-27 08:00:00,2.9925,3.0227,2.9925,2.9978,28796276.0,86539483.114
2025-08-27 12:00:00,2.9978,3.0312,2.9867,3.0156,49138526.0,147738064.5202
2025-08-27 16:00:00,3.0156,3.0445,2.9861,3.004,40526360.0,122214670.541
2025-08-27 20:00:00,3.004,3.0278,2.9603,2.9671,88604706.0,265127608.3396
2025-08-28 00:00:00,2.9671,2.9885,2.9515,2.9813,24304470.0,72244673.9884
2025-08-28 04:00:00,2.9813,3.0125,2.9765,3.0025,25932952.0,77738556.2614
2025-08-28 08:00:00,3.0025,3.0151,2.991,3.0069,22906198.0,68793541.6054
2025-08-28 12:00:00,3.0069,3.0252,2.9691,2.9807,56050464.0,168480668.4626
2025-08-28 16:00:00,2.9807,2.9975,2.942,2.9422,29371396.0,87278099.8768
2025-08-28 20:00:00,2.9422,2.978,2.9419,2.9654,18439370.0,54581891.0964
2025-08-29 00:00:00,2.9654,2.9759,2.9359,2.9372,23042696.0,67964321.2974
2025-08-29 04:00:00,2.9372,2.9397,2.86,2.8688,75905908.0,219772899.896
2025-08-29 08:00:00,2.8688,2.8862,2.8424,2.8757,45744642.0,131099523.8126
2025-08-29 12:00:00,2.8757,2.9209,2.8152,2.8332,131257806.0,374963004.931
2025-08-29 16:00:00,2.8332,2.845,2.8008,2.8124,53918982.0,152052249.869
2025-08-29 20:00:00,2.8124,2.825,2.7718,2.8181,47361218.0,132583479.15
2025-08-30 00:00:00,2.8181,2.8237,2.7594,2.8115,42978146.0,119956403.5984
2025-08-30 04:00:00,2.8115,2.8337,2.8087,2.8308,19899292.0,56202961.97
2025-08-30 08:00:00,2.8308,2.8311,2.7936,2.8085,25463526.0,71534728.5526
2025-08-30 12:00:00,2.8085,2.8094,2.7731,2.8055,37384434.0,104329924.5526
2025-08-30 16:00:00,2.8055,2.8173,2.7978,2.8095,14897968.0,41814812.0282
2025-08-30 20:00:00,2.8095,2.8174,2.7987,2.8173,11175336.0,31379020.0356
2025-08-31 00:00:00,2.8173,2.8675,2.8173,2.8508,30865904.0,87725423.1202
2025-08-31 04:00:00,2.8508,2.8553,2.822,2.8278,16855130.0,47795697.4724
2025-08-31 08:00:00,2.8278,2.8433,2.8108,2.823,22993334.0,64980880.5514
2025-08-31 12:00:00,2.823,2.8239,2.8001,2.8209,24317874.0,68411595.1612
2025-08-31 16:00:00,2.8209,2.8209,2.7968,2.7991,20965934.0,58909597.735
2025-08-31 20:00:00,2.7991,2.816,2.7694,2.775,26139110.0,73004082.021
2025-09-01 00:00:00,2.775,2.7783,2.7244,2.7409,59687542.0,163999262.3152
2025-09-01 04:00:00,2.7409,2.7927,2.7002,2.7927,64646238.0,177023651.6512
2025-09-01 08:00:00,2.7927,2.8378,2.7655,2.7687,80352462.0,225223649.6594
2025-09-01 12:00:00,2.7687,2.7791,2.7494,2.7613,42542702.0,117645680.3952
2025-09-01 16:00:00,2.7613,2.7734,2.7188,2.772,41382496.0,113537057.5652
2025-09-01 20:00:00,2.772,2.7742,2.6955,2.7577,70159886.0,192172805.7438
2025-09-02 00:00:00,2.7577,2.7998,2.7474,2.7966,32149274.0,89068434.4654
2025-09-02 04:00:00,2.7966,2.8145,2.7844,2.7929,37636312.0,105399729.4198
2025-09-02 08:00:00,2.7929,2.8317,2.7923,2.7976,30627776.0,86057109.807
2025-09-02 12:00:00,2.7976,2.8445,2.7603,2.7893,88380790.0,247964339.7564
2025-09-02 16:00:00,2.7893,2.8272,2.7801,2.8267,29911252.0,83745115.505
2025-09-02 20:00:00,2.8267,2.863,2.8152,2.8605,35196784.0,100078873.5114
2025-09-03 00:00:00,2.8605,2.8641,2.8245,2.8405,33465140.0,95181794.325
2025-09-03 04:00:00,2.8405,2.8436,2.8091,2.8197,25195498.0,71078735.1538
2025-09-03 08:00:00,2.8197,2.8624,2.8187,2.8538,31403008.0,89298113.3572
2025-09-03 12:00:00,2.8538,2.885,2.8407,2.8705,51336964.0,147056401.3658
2025-09-03 16:00:00,2.8705,2.8729,2.8417,2.8631,23760104.0,67884458.5206
2025-09-03 20:00:00,2.8631,2.866,2.8376,2.8428,16359318.0,46607530.9484
2025-09-04 00:00:00,2.8428,2.8558,2.8314,2.843,20717086.0,58878361.5002
2025-09-04 04:00:00,2.843,2.8607,2.8126,2.8235,30166094.0,85420357.4814
2025-09-04 08:00:00,2.8235,2.8545,2.8224,2.8397,24572754.2892,69798390.98437755
2025-09-04 12:00:00,2.8397,2.8474,2.802,2.8087,38577927.5886,108910583.29650465
2025-09-04 16:00:00,2.8087,2.8221,2.7825,2.7834,18232439.3828,51128047.57279355
2025-09-04 20:00:00,2.7834,2.8244,2.7834,2.7934,15435952.9002,43285346.12703801
2025-09-05 00:00:00,2.7934,2.8128,2.7765,2.8058,20125323.0454,56279110.9194693
2025-09-05 04:00:00,2.8058,2.8483,2.8022,2.8426,24286622.2162,68512713.10990544
2025-09-05 08:00:00,2.8426,2.8533,2.8271,2.8429,19170421.542,54441481.29822054
2025-09-05 12:00:00,2.8429,2.8841,2.7981,2.8134,114401699.7491,325744298.4213245
2025-09-05 16:00:00,2.8134,2.8639,2.8025,2.8636,21733205.0801,61537961.5052627
2025-09-05 20:00:00,2.8636,2.8641,2.8128,2.8135,22906664.3908,64935533.73759877
2025-09-06 00:00:00,2.8135,2.8277,2.811,2.8257,11400212.0878,32108833.62205988
2025-09-06 04:00:00,2.8257,2.8257,2.8123,2.8193,5310437.1605,14957364.0661696
2025-09-06 08:00:00,2.8193,2.8196,2.8002,2.8052,10766735.962,30225880.18390708
2025-09-06 12:00:00,2.8052,2.8167,2.7993,2.8012,9854621.4185,27682262.63148227
2025-09-06 16:00:00,2.8012,2.8061,2.7915,2.7933,14838217.6091,41558606.92827184
2025-09-06 20:00:00,2.7933,2.8115,2.7932,2.8082,6784716.1466,19019757.16691931
2025-09-07 00:00:00,2.8082,2.8245,2.8082,2.8212,7786450.8659,21945664.82735429
2025-09-07 04:00:00,2.8212,2.8329,2.8172,2.8295,7824598.1715,22095872.50054086
2025-09-07 08:00:00,2.8295,2.8361,2.8244,2.8303,8226280.9394,23285232.16980031
2025-09-07 12:00:00,2.8303,2.9268,2.8272,2.8988,65400661.7083,188980636.45014724
2025-09-07 16:00:00,2.8988,2.8997,2.8493,2.8614,26837919.6176,77045052.9135282
2025-09-07 20:00:00,2.8614,2.8909,2.8543,2.8758,18190165.1504,52254677.71537399
2025-09-08 00:00:00,2.8758,2.899,2.8613,2.8882,17542736.8356,50543126.32593181
2025-09-08 04:00:00,2.8882,2.91,2.8731,2.9094,21316341.3402,61608645.02525007
2025-09-08 08:00:00,2.9094,2.9539,2.9022,2.935,46221324.7399,135463427.97098672
2025-09-08 12:00:00,2.935,2.995,2.9325,2.9844,57756969.9008,171770552.87392
2025-09-08 16:00:00,2.9844,2.9893,2.96,2.9779,31876083.6737,94765500.1159098
2025-09-08 20:00:00,2.9779,2.9832,2.9533,2.9684,19989376.3733,59349241.47036211
2025-09-09 00:00:00,2.9684,2.9772,2.9328,2.9492,25606360.1878,75537407.52891037
2025-09-09 04:00:00,2.9492,3.0267,2.9434,3.0191,43613843.1894,130378873.68209516
2025-09-09 08:00:00,3.0191,3.0357,2.9982,3.0032,34005039.3479,102465044.34448272
2025-09-09 12:00:00,3.0032,3.0292,2.9353,2.9462,69395689.1923,206967980.6067616
2025-09-09 16:00:00,2.9462,2.9716,2.9431,2.9637,14859794.1055,43933580.78851058
2025-09-09 20:00:00,2.9637,2.9676,2.9397,2.9464,13671184.693,40337554.22669375
2025-09-10 00:00:00,2.9464,2.9635,2.9341,2.9618,21059914.4653,62095474.15115685
2025-09-10 04:00:00,2.9618,2.9808,2.9446,2.9807,18381092.4383,54424734.81747064
2025-09-10 08:00:00,2.9807,2.9863,2.9593,2.9707,22927339.1093,68109451.94778791
2025-09-10 12:00:00,2.9707,3.0232,2.9698,3.001,61116034.5389,183257965.3763512
2025-09-10 16:00:00,3.001,3.0126,2.9652,2.9772,27671760.5866,82747296.78644742
2025-09-10 20:00:00,2.9772,2.9859,2.9707,2.9824,16400588.9003,48860779.48940108
2025-09-11 00:00:00,2.9824,3.0097,2.9766,3.0085,16394427.5538,49066095.80138473
2025-09-11 04:00:00,3.0085,3.0134,2.9909,3.0028,19324097.9178,57995932.49330291
2025-09-11 08:00:00,3.0028,3.0342,2.998,3.0072,28618576.972,86328924.71715666
2025-09-11 12:00:00,3.0072,3.0332,2.9496,2.9935,137101259.2164,410044992.2895561
2025-09-11 16:00:00,2.9935,3.0329,2.9886,3.0244,24033730.6809,72452875.25376385
2025-09-11 20:00:00,3.0244,3.0486,3.01,3.0391,23385655.1714,70771365.69449289
2025-09-12 00:00:00,3.0391,3.0714,3.0312,3.0363,34520291.7166,105308126.89838967
2025-09-12 04:00:00,3.0363,3.0728,3.0282,3.0662,35136886.1731,107396808.51695918
2025-09-12 08:00:00,3.0662,3.0701,3.0365,3.0383,22689323.2885,69175936.1183318
2025-09-12 12:00:00,3.0383,3.0645,3.0168,3.0269,43866407.1908,133192252.53852238
2025-09-12 16:00:00,3.0269,3.0928,3.0214,3.0891,28241073.625,86491597.99089591
2025-09-12 20:00:00,3.0891,3.1375,3.0813,3.1045,50831801.566,157922406.1508287
2025-09-13 00:00:00,3.1045,3.1234,3.089,3.1135,24424447.2802,75845392.71645246
2025-09-13 04:00:00,3.1135,3.1217,3.0991,3.1166,20425212.329,63517993.78977597
2025-09-13 08:00:00,3.1166,3.1853,3.11,3.1724,69544717.4404,219706837.2196448
2025-09-13 12:00:00,3.1724,3.1809,3.117,3.1337,64050115.9016,201564196.96551737
2025-09-13 16:00:00,3.1337,3.1421,3.0885,3.1105,41395463.1643,128822646.83359896
2025-09-13 20:00:00,3.1105,3.1276,3.1088,3.1189,14346042.8529,44758775.87788432
2025-09-14 00:00:00,3.1189,3.1264,3.084,3.0945,32972616.3263,102484689.0800767
2025-09-14 04:00:00,3.0945,3.1082,3.0743,3.0834,28553145.4845,88262846.83371975
2025-09-14 08:00:00,3.0834,3.0948,3.0528,3.0587,29996198.8649,92194685.82739814
2025-09-14 12:00:00,3.0587,3.0658,3.009,3.0306,51490846.4934,156237742.9075412
2025-09-14 16:00:00,3.0306,3.0585,3.0274,3.0371,29842833.7375,90805805.71022992
2025-09-14 20:00:00,3.0371,3.0558,3.0233,3.0266,20270819.4892,61592821.11237724
2025-09-15 00:00:00,3.0266,3.051,3.0102,3.0462,18913895.2269,57419568.2612
2025-09-15 04:00:00,3.0462,3.0654,3.011,3.0218,36066344.2931,109577829.88173054
2025-09-15 08:00:00,3.0218,3.0228,2.9518,2.9978,69597898.5983,207502142.54055712
2025-09-15 12:00:00,2.9978,3.042,2.9823,3.0262,63506975.9978,191385530.0524854
2025-09-15 16:00:00,3.0262,3.0346,2.9846,2.9864,31617354.684,95016669.63380288
2025-09-15 20:00:00,2.9864,3.0027,2.9785,2.9958,19798784.201,59225905.28678986
2025-09-16 00:00:00,2.9958,2.9985,2.976,2.9781,17532122.5127,52337842.8588687
2025-09-16 04:00:00,2.9781,3.0132,2.9631,3.0068,31038709.9614,92779922.31731896
2025-09-16 08:00:00,3.0068,3.0487,3.0029,3.0279,31652467.267,95824970.96701813
2025-09-16 12:00:00,3.0279,3.0466,2.9989,3.0378,37797751.9508,114262852.81207912
2025-09-16 16:00:00,3.0378,3.0572,3.0289,3.0501,22264418.0931,67736340.78136595
2025-09-16 20:00:00,3.0501,3.0563,3.0338,3.0362,15483358.8911,47171023.31007954
2025-09-17 00:00:00,3.0362,3.0463,3.0141,3.0149,23009482.5399,69775911.1203277
2025-09-17 04:00:00,3.0149,3.0373,3.0041,3.0331,28328815.8096,85504533.02991557
2025-09-17 08:00:00,3.0331,3.0331,3.0014,3.0072,20747128.6502,62502380.40059851
2025-09-17 12:00:00,3.0072,3.0367,3.0069,3.0213,23279288.3849,70326964.7922327
2025-09-17 16:00:00,3.0213,3.0668,2.9807,3.0313,131886332.0188,399240636.54671174
2025-09-17 20:00:00,3.0313,3.1069,3.0048,3.0831,48536294.0909,148488909.78465417
2025-09-18 00:00:00,3.0831,3.1114,3.0699,3.1046,25961359.1804,80284265.35530154
2025-09-18 04:00:00,3.1046,3.1066,3.0541,3.0916,36151042.067,111336082.064764
2025-09-18 08:00:00,3.0916,3.1365,3.0894,3.1355,35281496.1733,109850426.13432716
2025-09-18 12:00:00,3.1355,3.1385,3.1007,3.1121,36369668.8718,113478820.70132788
2025-09-18 16:00:00,3.1121,3.122,3.087,3.1062,19090526.3808,59327792.32490577
2025-09-18 20:00:00,3.1062,3.1067,3.0592,3.072,18858079.8832,58107442.14040107
2025-09-19 00:00:00,3.072,3.0928,3.0445,3.0459,21257497.7256,65226004.5307591
2025-09-19 04:00:00,3.0459,3.0524,3.0225,3.0368,26651305.1666,80916621.68398564
2025-09-19 08:00:00,3.0368,3.0462,3.0212,3.0293,18059859.4401,54746318.89564508
2025-09-19 12:00:00,3.0293,3.0455,2.9872,3.0092,30857911.5036,93077897.54161592
2025-09-19 16:00:00,3.0092,3.0163,2.983,2.9852,10802509.0,32399436.1934
2025-09-19 20:00:00,2.9852,2.9998,2.9779,2.9895,9627397.0,28764274.545
2025-09-20 00:00:00,2.9895,3.0006,2.9789,2.9907,7746231.0,23165714.3222
2025-09-20 04:00:00,2.9907,3.0088,2.9865,3.0081,7277521.0,21832848.3651
2025-09-20 08:00:00,3.0081,3.0086,2.9734,2.9884,13904544.0,41521760.0073
2025-09-20 12:00:00,2.9884,2.9954,2.965,2.9887,13034859.0,38833351.2181
2025-09-20 16:00:00,2.9887,2.9922,2.97,2.9738,9049945.0,26975545.0789
2025-09-20 20:00:00,2.9738,2.9846,2.9693,2.9745,5866432.0,17459680.9311
2025-09-21 00:00:00,2.9745,2.9978,2.972,2.997,6273569.0,18722735.6869
2025-09-21 04:00:00,2.997,3.0127,2.9924,2.996,8411576.0,25266069.2054
2025-09-21 08:00:00,2.996,2.9999,2.9603,2.9743,14810520.0,44059299.0424
2025-09-21 12:00:00,2.9743,2.9879,2.9687,2.9791,8256626.0,24597556.6731
2025-09-21 16:00:00,2.9791,2.9846,2.9516,2.9806,13005258.0,38583543.065
2025-09-21 20:00:00,2.9806,2.9921,2.9631,2.9695,6935159.0,20646338.2146
2025-09-22 00:00:00,2.9695,2.9744,2.8749,2.9028,68588404.8627,199832610.87575597
2025-09-22 04:00:00,2.9028,2.9057,2.6806,2.8047,170422924.9429,474493705.5113827
2025-09-22 08:00:00,2.8047,2.8224,2.7888,2.8152,34016242.987,95569639.2497922
2025-09-22 12:00:00,2.8152,2.8732,2.8032,2.8584,55508035.8131,158024502.89547047
2025-09-22 16:00:00,2.8584,2.8688,2.8143,2.8325,41680567.6828,118615305.6931064
2025-09-22 20:00:00,2.8325,2.8557,2.8126,2.8508,16212905.9144,45984345.18348003
2025-09-23 00:00:00,2.8508,2.8712,2.7979,2.8586,31969367.2931,90709090.09495369
2025-09-23 04:00:00,2.8586,2.883,2.8342,2.8631,38506101.791,110318044.91817635
2025-09-23 08:00:00,2.8631,2.8727,2.8476,2.858,17088188.7034,48874165.09884408
2025-09-23 12:00:00,2.858,2.8824,2.8516,2.8751,24743513.9457,70893569.38430572
2025-09-23 16:00:00,2.8751,2.8956,2.8362,2.8517,38608374.0425,110564551.1941172
2025-09-23 20:00:00,2.8517,2.8587,2.8159,2.8233,24611426.9643,69830910.6976103
2025-09-24 00:00:00,2.8233,2.8419,2.8033,2.8134,21756021.2667,61445238.81419734
2025-09-24 04:00:00,2.8134,2.8771,2.7875,2.8725,117446883.2191,334275119.878092
2025-09-24 08:00:00,2.8725,2.8832,2.8653,2.8785,24668979.1289,70868873.7008847
2025-09-24 12:00:00,2.8785,2.949,2.8697,2.9384,40995194.5863,119236268.4314392
2025-09-24 16:00:00,2.9384,2.9934,2.9269,2.9746,35489229.185,104742305.70492797
2025-09-24 20:00:00,2.9746,2.9774,2.9213,2.9237,38665984.3176,114060688.15946732
2025-09-25 00:00:00,2.9237,2.9422,2.868,2.8719,42787870.3278,124100951.19850382
2025-09-25 04:00:00,2.8719,2.8767,2.8304,2.8415,52096208.1994,148499543.10505798
2025-09-25 08:00:00,2.8415,2.8537,2.8064,2.8151,37784158.4551,106825280.45275396
2025-09-25 12:00:00,2.8151,2.8601,2.7851,2.8306,101352913.0695,285445637.2164351
2025-09-25 16:00:00,2.8306,2.8373,2.723,2.7597,107713411.2176,298295073.0040416
2025-09-25 20:00:00,2.7597,2.7708,2.7302,2.742,41882763.5965,115071436.22609554
2025-09-26 00:00:00,2.742,2.7775,2.7373,2.7598,21703059.4724,59888147.20530658
2025-09-26 04:00:00,2.7598,2.774,2.7363,2.7539,29752668.5664,81922715.30455714
2025-09-26 08:00:00,2.7539,2.7675,2.6972,2.7267,45213174.8229,123428987.14883436
2025-09-26 12:00:00,2.7267,2.7756,2.6992,2.7341,81623774.1504,223663075.02290973
2025-09-26 16:00:00,2.7341,2.808,2.7308,2.7904,46721072.297,129904066.36692418
2025-09-26 20:00:00,2.7904,2.7963,2.7686,2.7825,16324800.3725,45421405.63789406
2025-09-27 00:00:00,2.7825,2.7891,2.7662,2.7827,11407972.7678,31679786.18241489
2025-09-27 04:00:00,2.7827,2.801,2.7744,2.7801,11533236.0196,32132592.27322234
2025-09-27 08:00:00,2.7801,2.793,2.7606,2.7764,16176087.5832,44901406.29247565
2025-09-27 12:00:00,2.7764,2.7882,2.7715,2.7829,11436753.0524,31797498.00834445
2025-09-27 16:00:00,2.7829,2.7939,2.7616,2.7888,14218090.3387,39544039.11968698
2025-09-27 20:00:00,2.7888,2.8276,2.7866,2.8032,17228162.2878,48360442.55309666
2025-09-28 00:00:00,2.8032,2.8133,2.7758,2.7815,21758781.2678,60805630.72550837
2025-09-28 04:00:00,2.7815,2.7935,2.7736,2.7863,9483892.3785,26393466.79701091
2025-09-28 08:00:00,2.7863,2.7935,2.7694,2.7747,11829144.1062,32875498.63644238
2025-09-28 12:00:00,2.7747,2.8122,2.7647,2.8093,19172160.4076,53460428.74255796
2025-09-28 16:00:00,2.8093,2.8328,2.8031,2.8262,19629456.2072,55380059.82571197
2025-09-28 20:00:00,2.8262,2.8662,2.8248,2.8662,25763245.2148,73395199.5061989
2025-09-29 00:00:00,2.8662,2.883,2.8465,2.8615,23595105.2095,67535826.69980523
2025-09-29 04:00:00,2.8615,2.9034,2.8433,2.8851,33891293.9028,97219997.63413668
2025-09-29 08:00:00,2.8851,2.8913,2.8513,2.8536,18997399.3457,54527132.36779805
2025-09-29 12:00:00,2.8536,2.9276,2.8438,2.8919,42604743.2692,122904010.98294644
2025-09-29 16:00:00,2.8919,2.9018,2.8637,2.8957,26724088.2125,76996315.5584493
2025-09-29 20:00:00,2.8957,2.9131,2.8773,2.8788,19872426.252,57516208.81240676
2025-09-30 00:00:00,2.8788,2.8913,2.8661,2.8743,19435078.5368,55945867.08353207
2025-09-30 04:00:00,2.8743,2.9059,2.8707,2.8728,20038155.0864,57891669.48158612
2025-09-30 08:00:00,2.8728,2.8736,2.8322,2.8453,26298752.3601,74904334.05794635
2025-09-30 12:00:00,2.8453,2.8618,2.8117,2.8269,33629697.0116,95382768.05627675
2025-09-30 16:00:00,2.8269,2.8697,2.8163,2.8628,21714733.3331,61607979.5293382
2025-09-30 20:00:00,2.8628,2.8782,2.8319,2.8447,22089533.2269,63056612.85487992
2025-10-01 00:00:00,2.8447,2.8584,2.8128,2.8177,19389852.7543,54976134.64020174
2025-10-01 04:00:00,2.8177,2.8563,2.8151,2.8528,24533681.9178,69665957.7310013
2025-10-01 08:00:00,2.8528,2.9513,2.8506,2.9432,74331303.7023,216666367.09911785
2025-10-01 12:00:00,2.9432,2.9575,2.9258,2.9405,32377169.0275,95229227.29308017
2025-10-01 16:00:00,2.9405,2.9605,2.9183,2.9534,26014334.5007,76415006.02692603
2025-10-01 20:00:00,2.9534,2.9544,2.9252,2.9475,19275085.7514,56646973.0339422
2025-10-02 00:00:00,2.9475,2.9868,2.9392,2.9714,30446423.9878,90208376.0564628
2025-10-02 04:00:00,2.9714,2.9846,2.9531,2.9684,43667334.3162,129715694.3417628
2025-10-02 08:00:00,2.9684,2.996,2.966,2.9709,25296279.5809,75448927.05389884
2025-10-02 12:00:00,2.9709,2.9933,2.9446,2.9908,52426637.9243,155675400.12720627
2025-10-02 16:00:00,2.9908,3.0993,2.986,3.0891,69588856.6665,211849666.735258
2025-10-02 20:00:00,3.0891,3.0901,3.025,3.0379,45284867.201,137925191.88113663
2025-10-03 00:00:00,3.0379,3.0387,3.0034,3.0201,42291087.3431,127671913.87381583
2025-10-03 04:00:00,3.0201,3.035,3.0125,3.0335,21350591.8502,64561135.6609843
2025-10-03 08:00:00,3.0335,3.0584,3.0221,3.0376,30091772.6151,91538031.68242562
2025-10-03 12:00:00,3.0376,3.073,3.0073,3.0685,41902394.8755,127099557.78508691
2025-10-03 16:00:00,3.0685,3.0948,3.012,3.0339,101934030.1573,310431245.3266517
2025-10-03 20:00:00,3.0339,3.0553,3.02,3.0398,27070399.8319,82356181.8351066
2025-10-04 00:00:00,3.0398,3.0515,3.0071,3.0227,21170873.029,64093210.31708002
2025-10-04 04:00:00,3.0227,3.0305,3.0137,3.0172,14783529.3977,44687188.1678201
2025-10-04 08:00:00,3.0172,3.0215,2.9817,2.9897,36514196.8654,109438848.02436884
2025-10-04 12:00:00,2.9897,3.0057,2.9398,2.9488,48168109.7275,143121633.4889784
2025-10-04 16:00:00,2.9488,2.9562,2.9383,2.9498,19930166.658,58718618.03924642
2025-10-04 20:00:00,2.9498,2.9725,2.9452,2.9682,18843042.4862,55755592.92783218
2025-10-05 00:00:00,2.9682,3.0261,2.9552,3.0072,32047773.6901,95936674.0022367
2025-10-05 04:00:00,3.0072,3.0673,3.0043,3.0635,37887418.645,115036144.75240348
2025-10-05 08:00:00,3.0635,3.0722,3.001,3.0222,41633929.8264,126146022.63445474
2025-10-05 12:00:00,3.0222,3.0223,2.9851,3.0129,31643216.2941,95065870.11408892
2025-10-05 16:00:00,3.0129,3.0152,2.9477,2.9529,36279240.114,108197561.648319
2025-10-05 20:00:00,2.9529,2.9849,2.9462,2.9688,22326752.1046,66245297.63653993
2025-10-06 00:00:00,2.9688,2.9917,2.9546,2.9774,25375396.9163,75497059.57148787
2025-10-06 04:00:00,2.9774,2.9995,2.9619,2.9729,20705998.2931,61702566.63807572
2025-10-06 08:00:00,2.9729,3.0087,2.9729,2.9951,21492891.5457,64309115.69552695
2025-10-06 12:00:00,2.9951,3.0388,2.9838,3.0306,52137915.4293,156817926.7811066
2025-10-06 16:00:00,3.0306,3.0498,3.0208,3.0238,35034651.0676,106300177.63238157
2025-10-06 20:00:00,3.0238,3.0328,2.985,2.9873,27892238.0871,83811959.94225833
2025-10-07 00:00:00,2.9873,3.0001,2.975,2.9854,21658971.9942,64659128.91576213
2025-10-07 04:00:00,2.9854,3.001,2.9612,2.9717,33114498.3638,98651148.9058231
2025-10-07 08:00:00,2.9717,2.9806,2.9548,2.9703,30773656.3617,91348483.83997037
2025-10-07 12:00:00,2.9703,2.9912,2.8679,2.884,134860110.0226,393873887.8553257
2025-10-07 16:00:00,2.884,2.9034,2.847,2.8554,47829913.0675,137484657.39791575
2025-10-07 20:00:00,2.8554,2.8809,2.8484,2.8512,26481785.3599,75914451.81433463
2025-10-08 00:00:00,2.8512,2.8784,2.836,2.8457,21869181.5862,62533660.57860006
2025-10-08 04:00:00,2.8457,2.8633,2.8286,2.8567,22254008.0298,63356140.01054651
2025-10-08 08:00:00,2.8567,2.88,2.8548,2.8752,14549737.7083,41761468.31508241
2025-10-08 12:00:00,2.8752,2.8922,2.8504,2.8647,27571476.2504,79177881.71612582
2025-10-08 16:00:00,2.8647,2.9237,2.8613,2.9075,36745643.0731,106655313.54116832
2025-10-08 20:00:00,2.9075,2.9112,2.8751,2.8789,15482797.2142,44798574.70924834
2025-10-09 00:00:00,2.8789,2.8794,2.8233,2.8435,28967014.7651,82565970.02398334
2025-10-09 04:00:00,2.8435,2.848,2.8128,2.8161,23451106.5903,66324726.90547165
2025-10-09 08:00:00,2.8161,2.8273,2.7843,2.8247,44011519.4004,123434298.79195677
2025-10-09 12:00:00,2.8247,2.8393,2.7876,2.801,41110590.9343,115716624.20046252
2025-10-09 16:00:00,2.801,2.8084,2.7693,2.788,41259868.6313,115095574.57035698
2025-10-09 20:00:00,2.788,2.8154,2.782,2.8011,16025211.4343,44852180.80773798
2025-10-10 00:00:00,2.8011,2.8289,2.7895,2.8119,20077432.1091,56402841.50939367
2025-10-10 04:00:00,2.8119,2.8308,2.7982,2.8023,20779517.396,58467179.65145633
2025-10-10 08:00:00,2.8023,2.83,2.798,2.8176,14043288.1796,39553489.58859175
2025-10-10 12:00:00,2.8176,2.8362,2.7113,2.7404,92321296.4732,255361744.2634154
2025-10-10 16:00:00,2.7404,2.7638,2.6335,2.6752,96800175.8982,260752709.69258705
2025-10-10 20:00:00,2.6752,2.6966,1.1849,2.3661,746631667.1609,1676725948.7954528
2025-10-11 00:00:00,2.3661,2.4542,2.2917,2.3967,134011431.5971,318059470.89240146
2025-10-11 04:00:00,2.3967,2.4499,2.3871,2.4106,83522620.5456,202087979.1758304
2025-10-11 08:00:00,2.4106,2.5055,2.3979,2.4762,64673706.4085,159548538.46818507
2025-10-11 12:00:00,2.4762,2.4866,2.414,2.4774,48660054.3445,119277404.40629636
2025-10-11 16:00:00,2.4774,2.4918,2.381,2.4087,45146616.9563,110479714.14649332
2025-10-11 20:00:00,2.4087,2.4109,2.3206,2.3809,76767150.0136,181924242.96177107
2025-10-12 00:00:00,2.3809,2.3856,2.3101,2.3405,79484809.6285,186154458.13533908
2025-10-12 04:00:00,2.3405,2.3998,2.339,2.3889,34474404.3597,81883767.0756174
2025-10-12 08:00:00,2.3889,2.41,2.3669,2.3959,29236899.8795,69934517.11482581
2025-10-12 12:00:00,2.3959,2.514,2.3591,2.4871,115766392.3552,282481961.7603456
2025-10-12 16:00:00,2.4871,2.5512,2.4866,2.5457,63801464.1922,160608026.0406818
2025-10-12 20:00:00,2.5457,2.5828,2.5074,2.5271,56482090.0042,143512873.48765528
2025-10-13 00:00:00,2.5271,2.5729,2.5117,2.55,39625420.6479,100629311.36901388
2025-10-13 04:00:00,2.55,2.6361,2.532,2.6202,41378446.0931,106826696.6125558
2025-10-13 08:00:00,2.6202,2.6417,2.5339,2.5679,71066941.0659,184710318.96133476
2025-10-13 12:00:00,2.5679,2.6153,2.5496,2.586,77131821.054,198935899.69944796
2025-10-13 16:00:00,2.586,2.639,2.5692,2.6244,41770071.6564,108835382.80473638
2025-10-13 20:00:00,2.6244,2.646,2.5961,2.6041,22605530.9775,59213815.55673097
2025-10-14 00:00:00,2.6041,2.6203,2.548,2.5592,37056404.3605,95708429.25289647
2025-10-14 04:00:00,2.5592,2.564,2.4167,2.4526,90372689.8311,224333756.06167293
2025-10-14 08:00:00,2.4526,2.4746,2.4107,2.4508,60140046.2528,147270912.60394108
2025-10-14 12:00:00,2.4508,2.4981,2.3869,2.4961,80198857.1592,195243919.35161
2025-10-14 16:00:00,2.4961,2.536,2.4591,2.4828,76525544.7835,191198225.1802933
2025-10-14 20:00:00,2.4828,2.5114,2.4742,2.502,20987963.4719,52316114.75408964
2025-10-15 00:00:00,2.502,2.5248,2.4781,2.487,22558421.9724,56387731.7032841
2025-10-15 04:00:00,2.487,2.5084,2.4782,2.506,22114614.7881,55210541.16630702
2025-10-15 08:00:00,2.506,2.5467,2.4759,2.4919,36638762.9699,91918097.67025717
2025-10-15 12:00:00,2.4919,2.5105,2.4224,2.4329,65607003.2081,162109124.7920049
2025-10-15 16:00:00,2.4329,2.4484,2.4008,2.4045,32198507.8234,78183405.21245632
2025-10-15 20:00:00,2.4045,2.4202,2.374,2.4101,29817972.4501,71530581.39359663
2025-10-16 00:00:00,2.4101,2.4343,2.3984,2.4174,18991526.8488,45883668.99592091
2025-10-16 04:00:00,2.4174,2.4329,2.3962,2.41,25957215.7639,62660291.17072886
2025-10-16 08:00:00,2.41,2.456,2.3511,2.4511,57709569.8714,138953465.6292411
2025-10-16 12:00:00,2.4511,2.4657,2.3367,2.3541,90343343.6092,217294353.4684961
2025-10-16 16:00:00,2.3541,2.398,2.3069,2.3261,61585551.8956,144932299.33558828
2025-10-16 20:00:00,2.3261,2.3354,2.2824,2.3274,47386035.9759,109413150.54277489
2025-10-17 00:00:00,2.3274,2.3997,2.3191,2.3574,48537770.3523,114598866.86304057
2025-10-17 04:00:00,2.3574,2.359,2.2298,2.2371,87808676.2104,200680623.13378024
2025-10-17 08:00:00,2.2371,2.296,2.1881,2.282,99296314.6936,221914584.5409664
2025-10-17 12:00:00,2.282,2.3042,2.2384,2.3001,71829891.0,163447101.3813
2025-10-17 16:00:00,2.3001,2.3263,2.2761,2.2958,40586949.0,93421023.82365
2025-10-17 20:00:00,2.2958,2.34,2.2894,2.2921,20983764.0,48572960.8587
2025-10-18 00:00:00,2.2921,2.3418,2.288,2.3369,17891676.0,41523214.8897
2025-10-18 04:00:00,2.3369,2.3745,2.3139,2.3524,27530400.0,64543215.41595
2025-10-18 08:00:00,2.3524,2.3786,2.3455,2.3778,16028383.0,37788069.9058
2025-10-18 12:00:00,2.3778,2.3905,2.339,2.3477,19990565.0,47249985.8
2025-10-18 16:00:00,2.3477,2.3703,2.3313,2.3661,10668514.0,25082132.8105
2025-10-18 20:00:00,2.3661,2.3734,2.3494,2.3587,7744341.0,18273569.8315
2025-10-19 00:00:00,2.3587,2.3676,2.3349,2.3676,11877775.0,27900631.2187
2025-10-19 04:00:00,2.3676,2.3686,2.3408,2.3478,7081648.0,16662969.5046
2025-10-19 08:00:00,2.3478,2.398,2.3164,2.3742,47357799.0,111797610.993
2025-10-19 12:00:00,2.3742,2.4142,2.3612,2.3999,19793442.0,47375051.026
2025-10-19 16:00:00,2.3999,2.4183,2.3869,2.3975,13789799.0,33121412.5103
2025-10-19 20:00:00,2.3975,2.4084,2.3849,2.3895,11013325.0,26397117.7926
2025-10-20 00:00:00,2.3895,2.4399,2.353,2.4325,19522235.0,46617729.0432
2025-10-20 04:00:00,2.4325,2.4763,2.4294,2.4691,19220373.0,47151298.1769
2025-10-20 08:00:00,2.4691,2.4802,2.451,2.4567,13876445.0,34202568.5961
2025-10-20 12:00:00,2.4567,2.4844,2.4453,2.4618,17687974.0,43550725.8281
2025-10-20 16:00:00,2.4618,2.5517,2.4248,2.522,33589603.0,83004924.5403
2025-10-20 20:00:00,2.522,2.5341,2.4823,2.494,14793600.0,37065281.4008
2025-10-21 00:00:00,2.494,2.4947,2.4472,2.4513,12722823.0,31380554.3432
2025-10-21 04:00:00,2.4513,2.4531,2.4105,2.4259,24305359.0,59017756.6124
2025-10-21 08:00:00,2.4259,2.4318,2.3998,2.4311,15766716.0,38040613.3243
2025-10-21 12:00:00,2.4311,2.5313,2.4062,2.5214,41729900.0,102914545.9254
2025-10-21 16:00:00,2.5214,2.5234,2.4703,2.4918,27910286.0,69701528.2381
2025-10-21 20:00:00,2.4918,2.4961,2.4142,2.4212,24312264.0,59702026.3049
2025-10-22 00:00:00,2.4212,2.4336,2.4025,2.4195,14341937.0,34699089.4081
2025-10-22 04:00:00,2.4195,2.4369,2.3895,2.4088,20391388.0,49109785.5561
2025-10-22 08:00:00,2.4088,2.4088,2.363,2.3952,22984084.0,54807299.1977
2025-10-22 12:00:00,2.3952,2.4161,2.3651,2.399,33003417.0,79015106.9878
2025-10-22 16:00:00,2.399,2.4055,2.3523,2.3749,26573830.0,63280156.5689
2025-10-22 20:00:00,2.3749,2.3795,2.3236,2.3637,28309401.0,66484490.2972
2025-10-23 00:00:00,2.3637,2.3859,2.3607,2.378,9017526.0,21382593.9982
2025-10-23 04:00:00,2.378,2.4185,2.3761,2.4068,12768189.0,30660978.0196
2025-10-23 08:00:00,2.4068,2.4168,2.3885,2.3899,9437750.0,22707093.5487
2025-10-23 12:00:00,2.3899,2.4185,2.3732,2.4075,20971763.0,50225170.4836
2025-10-23 16:00:00,2.4075,2.4254,2.3909,2.4054,23478847.0,56559040.755
2025-10-23 20:00:00,2.4054,2.4056,2.3761,2.3936,10964423.0,26206926.2649
2025-10-24 00:00:00,2.3936,2.409,2.3858,2.4057,8220201.0,19697631.9003
2025-10-24 04:00:00,2.4057,2.4481,2.4028,2.4396,15766105.0,38354759.8376
2025-10-24 08:00:00,2.4396,2.463,2.432,2.4545,15391547.0,37680607.5308
2025-10-24 12:00:00,2.4545,2.5137,2.4545,2.4778,54495647.0,135351676.3636
2025-10-24 16:00:00,2.4778,2.5116,2.459,2.4993,14778809.0,36743919.8246
2025-10-24 20:00:00,2.4993,2.5142,2.4952,2.509,11359293.0,28442561.5108
2025-10-25 00:00:00,2.509,2.5602,2.5012,2.5394,21339643.0,54075538.8792
2025-10-25 04:00:00,2.5394,2.5696,2.5357,2.5412,15593037.0,39772432.5322
2025-10-25 08:00:00,2.5412,2.5694,2.5262,2.5626,14476529.0,36852886.2538
2025-10-25 12:00:00,2.5626,2.6193,2.5584,2.5964,25927278.0,67188535.8962
2025-10-25 16:00:00,2.5964,2.6528,2.5865,2.6035,21264749.0,55653455.8737
2025-10-25 20:00:00,2.6035,2.6169,2.588,2.595,16466320.0,42805172.9992
2025-10-26 00:00:00,2.595,2.6279,2.5911,2.6005,25870848.0,67500251.2085
2025-10-26 04:00:00,2.6005,2.6256,2.5982,2.6229,10511645.0,27479140.9175
2025-10-26 08:00:00,2.6229,2.6622,2.6165,2.6456,34054154.0,89864485.1143
2025-10-26 12:00:00,2.6456,2.6557,2.6284,2.6401,20233425.0,53437875.6564
2025-10-26 16:00:00,2.6401,2.6405,2.6064,2.6135,14021959.0,36727983.9894
2025-10-26 20:00:00,2.6135,2.6618,2.5961,2.6453,29264958.0,77118993.61
2025-10-27 00:00:00,2.6453,2.6694,2.6212,2.6345,23171201.0,61384982.7791
2025-10-27 04:00:00,2.6345,2.6743,2.6241,2.6292,21994775.0,58181292.4355
2025-10-27 08:00:00,2.6292,2.6373,2.6035,2.6245,20910450.0,54798589.4207
2025-10-27 12:00:00,2.6245,2.6633,2.5984,2.66,28039431.0,73786724.611
2025-10-27 16:00:00,2.66,2.6978,2.6533,2.6685,27226409.0,72963128.5626
2025-10-27 20:00:00,2.6685,2.6685,2.6219,2.633,16212626.0,42798727.2562
2025-10-28 00:00:00,2.633,2.6512,2.6068,2.63,19343177.0,50912262.487
2025-10-28 04:00:00,2.63,2.6615,2.6108,2.637,14606395.0,38491773.2955
2025-10-28 08:00:00,2.637,2.6672,2.6338,2.64,13840464.0,36705740.6479
2025-10-28 12:00:00,2.64,2.6876,2.6022,2.6345,37716524.0,99801575.9134
2025-10-28 16:00:00,2.6345,2.6783,2.6113,2.6414,22635544.0,59883477.0598
2025-10-28 20:00:00,2.6414,2.6415,2.5658,2.6022,38358131.0,99545536.2979
2025-10-29 00:00:00,2.6022,2.6266,2.5982,2.6073,12689467.0,33154604.5459
2025-10-29 04:00:00,2.6073,2.635,2.6056,2.6332,7972889.0,20911162.1603
2025-10-29 08:00:00,2.6332,2.6597,2.6196,2.6485,13557761.0,35816834.5385
2025-10-29 12:00:00,2.6485,2.6626,2.6121,2.625,20106805.0,53008957.2085
2025-10-29 16:00:00,2.625,2.6591,2.5468,2.5864,87792776.0,228191523.6075
2025-10-29 20:00:00,2.5864,2.6172,2.5345,2.549,24361572.0,62767405.1
2025-10-30 00:00:00,2.549,2.588,2.5275,2.5787,16816658.0,43063756.2688
2025-10-30 04:00:00,2.5787,2.5927,2.4857,2.5823,43802530.0,110855397.0098
2025-10-30 08:00:00,2.5823,2.5885,2.5406,2.5437,16725204.0,42849818.1431
2025-10-30 12:00:00,2.5437,2.5503,2.4425,2.4528,53155464.0,132034411.276
2025-10-30 16:00:00,2.4528,2.4697,2.376,2.384,30191139.0,73262143.6863
2025-10-30 20:00:00,2.384,2.4409,2.3751,2.4382,23778456.0,57405611.7557
2025-10-31 00:00:00,2.4382,2.481,2.4328,2.4693,19023730.0,46793534.49
2025-10-31 04:00:00,2.4693,2.4913,2.467,2.4741,12126174.0,30086312.3729
2025-10-31 08:00:00,2.4741,2.5144,2.4644,2.5128,12819653.0,31930287.2375
2025-10-31 12:00:00,2.5128,2.5486,2.4906,2.5226,29920339.0,75324021.4352
2025-10-31 16:00:00,2.5226,2.5532,2.4825,2.5423,22922170.0,57592477.1968
2025-10-31 20:00:00,2.5423,2.5423,2.5009,2.5084,11960968.0,30076720.869
2025-11-01 00:00:00,2.5084,2.5182,2.4873,2.515,9944206.0,24859600.2631
2025-11-01 04:00:00,2.515,2.522,2.4967,2.5051,6356203.0,15947311.0353
2025-11-01 08:00:00,2.5051,2.5138,2.4988,2.4995,6674253.0,16716905.7437
2025-11-01 12:00:00,2.4995,2.5054,2.4752,2.5007,15897864.0,39595196.636
2025-11-01 16:00:00,2.5007,2.5134,2.4947,2.5048,5669049.0,14192760.0249
2025-11-01 20:00:00,2.5048,2.5121,2.4889,2.5043,5077930.0,12700794.0779
2025-11-02 00:00:00,2.5043,2.512,2.4942,2.5057,6038248.0,15118358.3074
2025-11-02 04:00:00,2.5057,2.535,2.505,2.5335,10313855.0,26000994.008
2025-11-02 08:00:00,2.5335,2.5541,2.5082,2.5408,15694765.0,39676373.7154
2025-11-02 12:00:00,2.5408,2.5507,2.4991,2.4994,18364858.0,46317813.6187
2025-11-02 16:00:00,2.4994,2.5044,2.4761,2.4877,12525598.0,31195433.9197
2025-11-02 20:00:00,2.4877,2.5308,2.4834,2.5256,10654956.0,26703593.1165
2025-11-03 00:00:00,2.5256,2.5316,2.4246,2.4284,30156587.0,74425958.7582
2025-11-03 04:00:00,2.4284,2.4521,2.3863,2.4129,26381259.0,63800122.975
2025-11-03 08:00:00,2.4129,2.4269,2.38,2.4009,18761546.0,45084891.8024
2025-11-03 12:00:00,2.4009,2.4291,2.2917,2.3265,64635888.0,152071313.18
2025-11-03 16:00:00,2.3265,2.3938,2.3173,2.3232,25129118.0,59213078.6812
2025-11-03 20:00:00,2.3232,2.329,2.2616,2.3084,33267457.0,76287240.023
2025-11-04 00:00:00,2.3084,2.3626,2.2985,2.355,16778739.0,39185753.2834
2025-11-04 04:00:00,2.355,2.3646,2.2304,2.2421,54314772.0,123881754.9195
2025-11-04 08:00:00,2.2421,2.2833,2.2279,2.2797,28444131.0,64311543.49
2025-11-04 12:00:00,2.2797,2.326,2.2408,2.2813,38921224.0,88780478.2594
2025-11-04 16:00:00,2.2813,2.2946,2.1536,2.1683,58391736.0,129038443.1519
2025-11-04 20:00:00,2.1683,2.2279,2.0651,2.2036,92284510.0,197533492.6832
2025-11-05 00:00:00,2.2036,2.2523,2.1003,2.2361,40478327.0,88215553.0006
2025-11-05 04:00:00,2.2361,2.2589,2.2248,2.2452,17488534.0,39222907.7629
2025-11-05 08:00:00,2.2452,2.2452,2.2031,2.2357,18763500.0,41717537.5453
2025-11-05 12:00:00,2.2357,2.2874,2.229,2.2753,28843216.0,65210271.0764
2025-11-05 16:00:00,2.2753,2.3246,2.2525,2.3208,30520900.0,69882270.3608
2025-11-05 20:00:00,2.3208,2.3755,2.3155,2.3415,36874495.0,86613343.3067
2025-11-06 00:00:00,2.3415,2.4147,2.3081,2.358,28612901.0,67338667.9889
2025-11-06 04:00:00,2.358,2.3635,2.3105,2.3253,14455507.0,33739702.7671
2025-11-06 08:00:00,2.3253,2.3325,2.287,2.2995,19850557.0,45723333.2499
2025-11-06 12:00:00,2.2995,2.3097,2.2261,2.2331,31327789.0,71199911.4744
2025-11-06 16:00:00,2.2331,2.2484,2.2012,2.2099,31223150.0,69499737.5401
2025-11-06 20:00:00,2.2099,2.2236,2.1775,2.2118,19783707.0,43604946.1069
2025-11-07 00:00:00,2.2118,2.236,2.1906,2.228,14716446.0,32593035.9519
2025-11-07 04:00:00,2.228,2.2388,2.2103,2.2326,12849388.0,28604504.5097
2025-11-07 08:00:00,2.2326,2.2335,2.1613,2.1865,21784522.0,47763526.4398
2025-11-07 12:00:00,2.1865,2.2191,2.1522,2.2111,38811932.0,84915024.7019
2025-11-07 16:00:00,2.2111,2.3544,2.2012,2.3518,41325595.0,94550967.4862
2025-11-07 20:00:00,2.3518,2.3711,2.3108,2.3151,19959580.0,46716088.6689
2025-11-08 00:00:00,2.3151,2.3363,2.2976,2.3172,17734252.0,41093282.5089
2025-11-08 04:00:00,2.3172,2.335,2.2934,2.3215,16805393.0,38866023.125
2025-11-08 08:00:00,2.3215,2.3333,2.2901,2.2951,11839814.0,27396525.3383
2025-11-08 12:00:00,2.2951,2.3011,2.2391,2.2547,22029407.0,49993727.1701
2025-11-08 16:00:00,2.2547,2.2785,2.2491,2.2718,9725269.0,22016797.8063
2025-11-08 20:00:00,2.2718,2.2885,2.2706,2.2847,5659413.0,12909690.5821
2025-11-09 00:00:00,2.2847,2.2858,2.2372,2.2533,14601986.0,33007199.4947
2025-11-09 04:00:00,2.2533,2.2981,2.2526,2.295,8000847.0,18179690.1037
2025-11-09 08:00:00,2.295,2.2954,2.2514,2.2737,12491863.0,28376856.6594
2025-11-09 12:00:00,2.2737,2.3322,2.2658,2.3123,31248303.0,71908823.244
2025-11-09 16:00:00,2.3123,2.3485,2.299,2.3473,18751383.0,43527531.1166
2025-11-09 20:00:00,2.3473,2.3937,2.3216,2.365,18979141.0,44694498.7184
2025-11-10 00:00:00,2.365,2.4761,2.3445,2.4606,34121132.0,82438789.6679
2025-11-10 04:00:00,2.4606,2.4918,2.4384,2.4798,21904222.0,53944925.9955
2025-11-10 08:00:00,2.4798,2.5727,2.4682,2.54,36405445.0,91987347.2494
2025-11-10 12:00:00,2.54,2.5689,2.497,2.5287,42759802.0,108267936.0856
2025-11-10 16:00:00,2.5287,2.5628,2.5112,2.548,23838603.0,60554602.6998
2025-11-10 20:00:00,2.548,2.5805,2.5104,2.525,22651027.0,57560301.4767
2025-11-11 00:00:00,2.525,2.569,2.5126,2.5296,21995335.0,55828326.946
2025-11-11 04:00:00,2.5296,2.5317,2.4441,2.4467,31793594.0,78787575.9992
2025-11-11 08:00:00,2.4467,2.4696,2.4389,2.4594,15795860.0,38797826.2572
2025-11-11 12:00:00,2.4594,2.47,2.425,2.4359,28018122.0,68563419.4663
2025-11-11 16:00:00,2.4359,2.4407,2.4086,2.4152,18080512.0,43840774.5222
2025-11-11 20:00:00,2.4152,2.4212,2.3773,2.3903,20531187.0,49234554.8917
2025-11-12 00:00:00,2.3903,2.4129,2.3801,2.3975,12847774.0,30818161.3964
2025-11-12 04:00:00,2.3975,2.4075,2.3624,2.3723,12306221.0,29364199.2227
2025-11-12 08:00:00,2.3723,2.4379,2.3714,2.4373,26897784.0,65039278.6294
2025-11-12 12:00:00,2.4373,2.448,2.3613,2.3671,34122560.0,82349168.6085
2025-11-12 16:00:00,2.3671,2.3724,2.3147,2.3363,41318909.0,96685402.3841
2025-11-12 20:00:00,2.3363,2.3932,2.3314,2.3862,22046287.0,52212308.3811
2025-11-13 00:00:00,2.3862,2.5107,2.3811,2.4816,37065730.0,90170806.6319
2025-11-13 04:00:00,2.4816,2.5198,2.4492,2.4867,41860805.0,104131844.154
2025-11-13 08:00:00,2.4867,2.5256,2.4696,2.4935,30555786.0,76304387.1259
2025-11-13 12:00:00,2.4935,2.5171,2.4193,2.4331,63820874.0,157589848.8383
2025-11-13 16:00:00,2.4331,2.4426,2.3097,2.3137,55546850.0,131373131.3167
2025-11-13 20:00:00,2.3137,2.3454,2.2753,2.3214,39488948.0,91110588.2796
2025-11-14 00:00:00,2.3214,2.337,2.2884,2.3142,30099314.0,69580403.5176
2025-11-14 04:00:00,2.3142,2.3263,2.245,2.3063,46162859.0,105553127.4072
2025-11-14 08:00:00,2.3063,2.3086,2.2546,2.2677,23673872.0,54013509.5903
2025-11-14 12:00:00,2.2677,2.326,2.2253,2.311,58807554.0,133677310.024
2025-11-14 16:00:00,2.311,2.3391,2.2746,2.3102,29067829.0,67169531.0178
2025-11-14 20:00:00,2.3102,2.3145,2.2232,2.2429,25086733.0,56749316.9558
2025-11-15 00:00:00,2.2429,2.3021,2.2415,2.2933,13091063.0,29780958.8346
2025-11-15 04:00:00,2.2933,2.2956,2.2721,2.2843,12580804.0,28706652.7882
2025-11-15 08:00:00,2.2843,2.2857,2.2406,2.2569,13460933.0,30410682.8378
2025-11-15 12:00:00,2.2569,2.2779,2.2442,2.2535,10925744.0,24702150.2776
2025-11-15 16:00:00,2.2535,2.2709,2.2274,2.2548,12657320.0,28467121.962
2025-11-15 20:00:00,2.2548,2.2599,2.2093,2.2358,12904858.0,28814821.6832
2025-11-16 00:00:00,2.2358,2.2551,2.1876,2.2485,21581106.0,47887723.9738
2025-11-16 04:00:00,2.2485,2.2686,2.2369,2.2658,9435392.0,21294614.2162
2025-11-16 08:00:00,2.2658,2.2789,2.2285,2.2342,21793161.0,49198126.6899
2025-11-16 12:00:00,2.2342,2.2453,2.182,2.1861,29887645.0,66218053.6514
2025-11-16 16:00:00,2.1861,2.2302,2.154,2.2146,36766680.0,80402267.6758
2025-11-16 20:00:00,2.2146,2.2293,2.1634,2.2132,24611227.0,54134644.2583
2025-11-17 00:00:00,2.2132,2.2628,2.1969,2.2561,18866361.0,42180294.6622
2025-11-17 04:00:00,2.2561,2.2682,2.2381,2.263,14165574.0,31946572.9884
2025-11-17 08:00:00,2.263,2.2843,2.258,2.271,14342176.0,32586993.558
2025-11-17 12:00:00,2.271,2.306,2.1944,2.208,61400816.0,137946997.1284
2025-11-17 16:00:00,2.208,2.221,2.1197,2.1258,38213514.0,82663404.2002
2025-11-17 20:00:00,2.1258,2.1716,2.1129,2.1623,27040498.0,57940107.4728
2025-11-18 00:00:00,2.1623,2.1763,2.1052,2.164,34744785.0,74377698.6196
2025-11-18 04:00:00,2.164,2.1777,2.1246,2.1614,23373377.0,50297185.9032
2025-11-18 08:00:00,2.1614,2.2012,2.1609,2.1836,20215305.0,44157836.5204
2025-11-18 12:00:00,2.1836,2.2288,2.1498,2.2129,45261050.0,98944223.7976
2025-11-18 16:00:00,2.2129,2.2391,2.2006,2.2272,16316632.0,36277612.9009
2025-11-18 20:00:00,2.2272,2.2398,2.202,2.2165,12591650.0,27971046.5836
2025-11-19 00:00:00,2.2165,2.2192,2.1801,2.1838,14869086.0,32729009.7997
2025-11-19 04:00:00,2.1838,2.1873,2.1255,2.1681,24931858.0,53628268.6667
2025-11-19 08:00:00,2.1681,2.1695,2.1293,2.131,18189325.0,39028581.3345
2025-11-19 12:00:00,2.131,2.149,2.0804,2.0848,39731167.0,84106343.7675
2025-11-19 16:00:00,2.0848,2.1013,2.0285,2.0363,34304537.0,70714145.5583
2025-11-19 20:00:00,2.0363,2.1152,2.025,2.1084,31105066.0,64438879.0375
2025-11-20 00:00:00,2.1084,2.1393,2.0946,2.133,13408863.0,28444557.8649
2025-11-20 04:00:00,2.133,2.1486,2.1177,2.1389,13242843.0,28238714.3789
2025-11-20 08:00:00,2.1389,2.1403,2.1069,2.1149,12532089.0,26560213.108
2025-11-20 12:00:00,2.1149,2.1426,2.0818,2.0845,39358081.0,83336131.0992
2025-11-20 16:00:00,2.0845,2.0868,1.9741,2.0068,57693871.0,115997183.861
2025-11-20 20:00:00,2.0068,2.0525,1.9865,1.9989,21161448.0,42718541.5992
2025-11-21 00:00:00,1.9989,2.0297,1.9614,1.9795,28392488.0,56599050.9371
2025-11-21 04:00:00,1.9795,1.9949,1.844,1.9179,93181509.0,178712519.2228
2025-11-21 08:00:00,1.9179,1.9561,1.8732,1.8751,41148847.0,78845082.2528
2025-11-21 12:00:00,1.8751,1.9643,1.8196,1.9098,76864150.0,146172772.6723
2025-11-21 16:00:00,1.9098,1.9968,1.8843,1.9469,43279358.0,84288909.0357
2025-11-21 20:00:00,1.9469,1.9644,1.8987,1.9497,25067286.0,48581619.1352
2025-11-22 00:00:00,1.9497,1.9627,1.9301,1.9478,11102207.0,21630943.5643
2025-11-22 04:00:00,1.9478,1.9569,1.9127,1.9521,11811740.0,22839208.2943
2025-11-22 08:00:00,1.9521,1.9521,1.8931,1.916,17964640.0,34365487.1384
2025-11-22 12:00:00,1.916,1.9386,1.8877,1.9281,18345684.0,35119393.4814
2025-11-22 16:00:00,1.9281,1.95,1.9202,1.9265,11837244.0,22910593.4491
2025-11-22 20:00:00,1.9265,1.9668,1.9186,1.9498,9513948.0,18478334.3029
2025-11-23 00:00:00,1.9498,2.0497,1.9485,2.0297,22834438.0,45789999.6712
2025-11-23 04:00:00,2.0297,2.0749,2.0154,2.0252,24342842.0,49778721.0119
2025-11-23 08:00:00,2.0252,2.0517,2.0211,2.0299,17656146.0,35927157.04
2025-11-23 12:00:00,2.0299,2.0658,2.0285,2.0616,21303387.0,43599724.5002
2025-11-23 16:00:00,2.0616,2.0793,2.039,2.0735,19376739.0,39922519.4407
2025-11-23 20:00:00,2.0735,2.0836,2.041,2.0479,17792334.0,36701967.4708
2025-11-24 00:00:00,2.0479,2.1069,2.0225,2.0855,30739725.0,63588214.053
2025-11-24 04:00:00,2.0855,2.1024,2.0444,2.062,23155946.0,47966891.6041
2025-11-24 08:00:00,2.062,2.0773,2.0366,2.058,15613124.0,32075182.1403
2025-11-24 12:00:00,2.058,2.1024,2.0474,2.0897,40357877.0,83852322.7695
2025-11-24 16:00:00,2.0897,2.2373,2.0865,2.2337,45751052.0,99462248.3001
2025-11-24 20:00:00,2.2337,2.2846,2.2202,2.2265,34180282.0,76882063.4686
2025-11-25 00:00:00,2.2265,2.2637,2.2246,2.2423,18584788.0,41739783.4279
2025-11-25 04:00:00,2.2423,2.2572,2.2146,2.2152,15626395.0,34957500.5893
2025-11-25 08:00:00,2.2152,2.2201,2.184,2.1946,24207631.0,53249987.827
2025-11-25 12:00:00,2.1946,2.234,2.1576,2.1876,36148729.0,79319373.1119
2025-11-25 16:00:00,2.1876,2.2094,2.1475,2.1718,27763834.0,60629815.9064
2025-11-25 20:00:00,2.1718,2.2166,2.1644,2.201,25225136.0,55369572.1788
2025-11-26 00:00:00,2.201,2.2126,2.1723,2.1759,12877499.0,28247386.2423
2025-11-26 04:00:00,2.1759,2.2059,2.1697,2.2048,12520113.0,27388481.2249
2025-11-26 08:00:00,2.2048,2.2059,2.1678,2.1706,13004825.0,28354548.0244
2025-11-26 12:00:00,2.1706,2.1798,2.1432,2.1711,26529139.0,57303698.0399
2025-11-26 16:00:00,2.1711,2.2536,2.1699,2.2311,29745960.0,66077653.1066
2025-11-26 20:00:00,2.2311,2.2345,2.2105,2.2219,12265731.0,27274778.8514
2025-11-27 00:00:00,2.2219,2.2335,2.206,2.2091,14238703.0,31612154.7736
2025-11-27 04:00:00,2.2091,2.2204,2.1939,2.2036,13094484.0,28900935.483
2025-11-27 08:00:00,2.2036,2.2087,2.1834,2.1883,11529764.0,25283582.7002
2025-11-27 12:00:00,2.1883,2.2024,2.1714,2.202,15539574.0,33922481.2256
2025-11-27 16:00:00,2.202,2.23,2.1971,2.223,13953396.0,30882083.4102
2025-11-27 20:00:00,2.223,2.233,2.1937,2.199,10796123.0,23902934.0639
2025-11-28 00:00:00,2.199,2.2035,2.1658,2.1849,14500846.0,31642787.8628
2025-11-28 04:00:00,2.1849,2.2214,2.1803,2.1955,12112955.0,26670047.7915
2025-11-28 08:00:00,2.1955,2.2487,2.1835,2.1963,27796622.0,61669153.0448
2025-11-28 12:00:00,2.1963,2.275,2.1882,2.2446,33200749.0,73922290.7415
2025-11-28 16:00:00,2.2446,2.2512,2.1545,2.1869,33278964.0,72863896.5622
2025-11-28 20:00:00,2.1869,2.1912,2.1717,2.1791,11916973.0,25991353.9804
2025-11-29 00:00:00,2.1791,2.1876,2.172,2.1849,6317739.0,13771508.518
2025-11-29 04:00:00,2.1849,2.1893,2.1651,2.1791,8113857.0,17671992.4163
2025-11-29 08:00:00,2.1791,2.2144,2.173,2.2109,12742017.0,27951351.651
2025-11-29 12:00:00,2.2109,2.2229,2.1908,2.2173,20194662.0,44537573.5397
2025-11-29 16:00:00,2.2173,2.2211,2.188,2.1928,14587602.0,32143496.7801
2025-11-29 20:00:00,2.1928,2.214,2.1857,2.1999,9145556.0,20137930.3015
2025-11-30 00:00:00,2.1999,2.2117,2.187,2.2054,8608569.0,18940692.8668
2025-11-30 04:00:00,2.2054,2.2085,2.1905,2.1985,6999813.0,15380575.881
2025-11-30 08:00:00,2.1985,2.2091,2.1814,2.1873,10577414.0,23184490.934
2025-11-30 12:00:00,2.1873,2.2073,2.184,2.1952,13906752.0,30520326.7303
2025-11-30 16:00:00,2.1952,2.2135,2.194,2.1981,11422293.0,25145370.6733
2025-11-30 20:00:00,2.1981,2.2021,2.1501,2.1538,15955181.0,34742272.4659
2025-12-01 00:00:00,2.1538,2.1603,2.0408,2.0495,68344140.0,143330107.0819
2025-12-01 04:00:00,2.0495,2.0576,2.0159,2.0555,21970777.0,44727170.0561
2025-12-01 08:00:00,2.0555,2.0595,2.0304,2.0328,13743319.0,28116152.6123
2025-12-01 12:00:00,2.0328,2.0483,1.9824,2.0064,49318936.0,99410889.1618
2025-12-01 16:00:00,2.0064,2.0119,1.9854,1.9936,27024876.0,53950698.568
2025-12-01 20:00:00,1.9936,2.0429,1.9931,2.0286,30280521.0,61298005.3499
2025-12-02 00:00:00,2.0286,2.0432,2.001,2.0202,17491973.0,35339815.3066
2025-12-02 04:00:00,2.0202,2.0273,2.0083,2.0163,15720025.0,31759300.7943
2025-12-02 08:00:00,2.0163,2.0407,1.9936,2.0356,17194905.0,34632847.9924
2025-12-02 12:00:00,2.0356,2.164,2.0252,2.1541,44983534.0,94167530.1711
2025-12-02 16:00:00,2.1541,2.1823,2.1325,2.1732,24179128.0,52204969.4842
2025-12-02 20:00:00,2.1732,2.1769,2.1463,2.1521,17213058.0,37231832.1702
2025-12-03 00:00:00,2.1521,2.19,2.1403,2.1752,18402165.0,39916112.5343
2025-12-03 04:00:00,2.1752,2.2179,2.1718,2.1906,17899144.0,39360783.8185
2025-12-03 08:00:00,2.1906,2.1944,2.1656,2.1753,15621511.0,34051076.4567
2025-12-03 12:00:00,2.1753,2.1983,2.1409,2.1673,30380586.0,65846382.1261
2025-12-03 16:00:00,2.1673,2.192,2.1581,2.185,10879260.0,23670903.7265
2025-12-03 20:00:00,2.185,2.2128,2.1811,2.1961,20758086.0,45681284.1651
2025-12-04 00:00:00,2.1961,2.2135,2.1853,2.194,11241271.0,24712914.0576
2025-12-04 04:00:00,2.194,2.1991,2.1644,2.1713,11436721.0,24907351.9161
2025-12-04 08:00:00,2.1713,2.1776,2.1415,2.1501,12607807.0,27218554.8275
2025-12-04 12:00:00,2.1501,2.1562,2.1125,2.1517,26837874.0,57307746.3199
2025-12-04 16:00:00,2.1517,2.1564,2.0676,2.0962,31557622.0,66545592.1121
2025-12-04 20:00:00,2.0962,2.1094,2.0852,2.0948,13073261.0,27414331.3049
2025-12-05 00:00:00,2.0948,2.1117,2.0865,2.0898,8296211.0,17441024.2983
2025-12-05 04:00:00,2.0898,2.0977,2.0755,2.0922,11206604.0,23376949.8432
2025-12-05 08:00:00,2.0922,2.0928,2.0522,2.0677,21509157.0,44432482.7916
2025-12-05 12:00:00,2.0677,2.0988,2.0555,2.075,26874533.0,55733666.1344
2025-12-05 16:00:00,2.075,2.0766,2.0105,2.0361,37857818.0,77080768.8286
2025-12-05 20:00:00,2.0361,2.0371,2.0182,2.0331,7228817.0,14665108.2901
2025-12-06 00:00:00,2.0331,2.0412,2.0166,2.0378,7358015.0,14940641.6432
2025-12-06 04:00:00,2.0378,2.0495,2.0267,2.0294,6861877.0,13978102.8316
2025-12-06 08:00:00,2.0294,2.0322,2.0142,2.031,8858537.0,17925175.9226
2025-12-06 12:00:00,2.031,2.0466,2.0206,2.0289,10445171.0,21236703.0664
2025-12-06 16:00:00,2.0289,2.038,2.0194,2.0245,6170809.0,12521153.9947
2025-12-06 20:00:00,2.0245,2.036,2.022,2.0299,6835117.0,13875724.2573
2025-12-07 00:00:00,2.0299,2.0712,2.0284,2.067,6662042.0,13648235.8229
2025-12-07 04:00:00,2.067,2.0729,2.027,2.03,10221466.0,20897378.1305
2025-12-07 08:00:00,2.03,2.0352,2.0229,2.0327,7880456.0,15992717.2615
2025-12-07 12:00:00,2.0327,2.0561,1.9884,2.0516,42640367.0,85923959.8953
2025-12-07 16:00:00,2.0516,2.1098,2.0369,2.0861,25971944.0,53985940.8883
2025-12-07 20:00:00,2.0861,2.0929,2.011,2.0433,25258303.0,51642516.5799
2025-12-08 00:00:00,2.0433,2.0902,2.0306,2.0706,16889344.0,34835736.4285
2025-12-08 04:00:00,2.0706,2.0934,2.0685,2.0856,8499800.0,17675439.1144
2025-12-08 08:00:00,2.0856,2.1228,2.08,2.0891,17547449.0,36887554.8938
2025-12-08 12:00:00,2.0891,2.111,2.0663,2.0745,25147365.0,52493684.294
2025-12-08 16:00:00,2.0745,2.0868,2.0613,2.0767,18145678.0,37649647.0159
2025-12-08 20:00:00,2.0767,2.0928,2.0679,2.071,10494059.0,21838234.3376
2025-12-09 00:00:00,2.071,2.0812,2.0551,2.0685,9013139.0,18622684.9594
2025-12-09 04:00:00,2.0685,2.0691,2.0404,2.06,9792016.0,20106685.4383
2025-12-09 08:00:00,2.06,2.0698,2.0445,2.0682,8632650.0,17765882.3502
2025-12-09 12:00:00,2.0682,2.1188,2.0476,2.1142,28825222.0,59872212.8904
2025-12-09 16:00:00,2.1142,2.1768,2.1142,2.1313,38176800.0,82087309.4337
2025-12-09 20:00:00,2.1313,2.1326,2.0843,2.1051,17522610.0,36920426.0588
2025-12-10 00:00:00,2.1051,2.1088,2.0809,2.0825,8371091.0,17491367.5776
2025-12-10 04:00:00,2.0825,2.0959,2.0763,2.0839,9733641.0,20294841.5173
2025-12-10 08:00:00,2.0839,2.0978,2.063,2.0716,20421426.0,42419893.6889
2025-12-10 12:00:00,2.0716,2.0731,2.056,2.0613,14531331.0,29986670.3063
2025-12-10 16:00:00,2.0613,2.0873,2.036,2.0673,42883059.0,88448382.9477
2025-12-10 20:00:00,2.0673,2.1096,2.0333,2.0407,36823138.0,76151850.529
2025-12-11 00:00:00,2.0407,2.0459,1.9912,1.9981,25818578.0,51927357.9066
2025-12-11 04:00:00,1.9981,2.0188,1.9938,2.0061,14695798.0,29513424.9921
2025-12-11 08:00:00,2.0061,2.018,1.9989,2.007,9736506.0,19568453.6893
2025-12-11 12:00:00,2.007,2.0139,1.9766,1.9959,29168558.0,58241499.4975
2025-12-11 16:00:00,1.9959,2.0248,1.9832,2.0102,21407146.0,42913081.3177
2025-12-11 20:00:00,2.0102,2.0566,2.0066,2.0333,20746026.0,42148054.3703
2025-12-12 00:00:00,2.0333,2.0423,2.0144,2.0306,9018695.0,18291893.0363
2025-12-12 04:00:00,2.0306,2.0426,2.0226,2.0364,6146108.0,12495986.2852
2025-12-12 08:00:00,2.0364,2.0454,2.0243,2.0414,7222823.0,14696542.6038
2025-12-12 12:00:00,2.0414,2.0472,1.9663,1.9771,31953679.0,64377339.519
2025-12-12 16:00:00,1.9771,2.0248,1.972,2.0022,27782350.0,55360348.8053
2025-12-12 20:00:00,2.0022,2.0176,1.996,2.0062,5668303.0,11360774.9171
2025-12-13 00:00:00,2.0062,2.0236,2.0056,2.0215,3886889.0,7829374.1548
2025-12-13 04:00:00,2.0215,2.0475,2.0213,2.0276,7775425.0,15802714.5741
2025-12-13 08:00:00,2.0276,2.0422,2.0276,2.0326,7543033.0,15356723.0278
2025-12-13 12:00:00,2.0326,2.043,2.027,2.0291,7927323.0,16123227.6662
2025-12-13 16:00:00,2.0291,2.0328,2.0142,2.0186,7498877.0,15153928.7294
2025-12-13 20:00:00,2.0186,2.0242,2.0072,2.0217,5287968.0,10662663.7868
2025-12-14 00:00:00,2.0217,2.0296,2.0162,2.0235,4232143.0,8567762.2448
2025-12-14 04:00:00,2.0235,2.0246,2.0092,2.0183,4529194.0,9126931.8964
2025-12-14 08:00:00,2.0183,2.0221,1.9887,2.0001,14408845.0,28867518.1812
2025-12-14 12:00:00,2.0001,2.0074,1.9863,1.9906,10663785.0,21289844.5225
2025-12-14 16:00:00,1.9906,2.004,1.9813,1.9878,10131646.0,20167657.9869
2025-12-14 20:00:00,1.9878,1.9964,1.9518,1.9775,25839372.0,50964929.4799
2025-12-15 00:00:00,1.9775,2.0128,1.9735,1.9941,15529473.0,30945677.9339
2025-12-15 04:00:00,1.9941,2.0045,1.9916,1.994,5278915.0,10545192.6395
2025-12-15 08:00:00,1.994,2.0014,1.9827,1.9869,6928610.0,13807094.4651
2025-12-15 12:00:00,1.9869,1.9871,1.9114,1.9245,56670204.0,110057017.124
2025-12-15 16:00:00,1.9245,1.9303,1.8679,1.895,35173110.0,66713273.213
2025-12-15 20:00:00,1.895,1.8985,1.8783,1.897,17331522.0,32706149.3779
2025-12-16 00:00:00,1.897,1.8971,1.8536,1.8714,16388184.0,30696325.5833
2025-12-16 04:00:00,1.8714,1.897,1.8514,1.8748,12284583.0,23054506.9972
2025-12-16 08:00:00,1.8748,1.9247,1.8733,1.9201,11660091.0,22171704.9573
2025-12-16 12:00:00,1.9201,1.9483,1.8975,1.94,38966146.0,75040905.7459
2025-12-16 16:00:00,1.94,1.9419,1.9125,1.9255,13037450.0,25101086.7076
2025-12-16 20:00:00,1.9255,1.9323,1.9175,1.9288,6755784.0,13010706.8597
2025-12-17 00:00:00,1.9288,1.939,1.9121,1.9243,10891536.0,20976532.9698
2025-12-17 04:00:00,1.9243,1.9307,1.905,1.9223,12142117.0,23304016.0644
2025-12-17 08:00:00,1.9223,1.9225,1.8952,1.9125,10098553.0,19265146.989
2025-12-17 12:00:00,1.9125,1.9863,1.9036,1.9103,45331548.0,88014424.335
2025-12-17 16:00:00,1.9103,1.9221,1.8461,1.8639,39576472.0,74351359.2284
2025-12-17 20:00:00,1.8639,1.8831,1.8538,1.8613,11462405.0,21394972.2512
2025-12-18 00:00:00,1.8613,1.8713,1.8506,1.8551,8090492.0,15042788.0989
2025-12-18 04:00:00,1.8551,1.861,1.8255,1.8402,16736801.0,30777850.3225
2025-12-18 08:00:00,1.8402,1.8798,1.8368,1.877,12410087.0,23115226.9203
2025-12-18 12:00:00,1.877,1.9328,1.8705,1.919,51181569.0,97511190.6602
2025-12-18 16:00:00,1.919,1.9199,1.7998,1.8057,46915533.0,86872538.2874
2025-12-18 20:00:00,1.8057,1.8239,1.8,1.8066,22170203.0,40209913.532
2025-12-19 00:00:00,1.8066,1.8529,1.77,1.8392,34196193.0,61785633.5956
2025-12-19 04:00:00,1.8392,1.8759,1.8243,1.8671,20789623.0,38418054.9496
2025-12-19 08:00:00,1.8671,1.8714,1.8587,1.8695,10501632.0,19596732.1376
2025-12-19 12:00:00,1.8695,1.9041,1.8633,1.8747,32920344.0,61804357.0244
2025-12-19 16:00:00,1.8747,1.9175,1.8724,1.9065,27395435.0,51878703.6539
2025-12-19 20:00:00,1.9065,1.9199,1.8996,1.9083,9593563.0,18300995.1542
2025-12-20 00:00:00,1.9083,1.9093,1.8924,1.9033,5303927.0,10085013.1734
2025-12-20 04:00:00,1.9033,1.9179,1.8982,1.9129,5949868.0,11363457.5669
2025-12-20 08:00:00,1.9129,1.958,1.9128,1.9428,19431272.0,37693028.8537
2025-12-20 12:00:00,1.9428,1.9473,1.916,1.9208,19066862.0,36747457.6632
2025-12-20 16:00:00,1.9208,1.9309,1.919,1.9245,5838414.0,11235180.0831
2025-12-20 20:00:00,1.9245,1.9374,1.9231,1.9326,4249802.0,8203063.1829
2025-12-21 00:00:00,1.9326,1.9412,1.9167,1.929,14773868.0,28497078.6338
2025-12-21 04:00:00,1.929,1.9297,1.9182,1.9248,4970496.0,9560796.7548
2025-12-21 08:00:00,1.9248,1.9492,1.9213,1.9334,10139276.0,19644219.4362
2025-12-21 12:00:00,1.9334,1.938,1.8941,1.904,27121490.0,51778517.1782
2025-12-21 16:00:00,1.904,1.9187,1.8983,1.9169,8400134.0,16040431.4418
2025-12-21 20:00:00,1.9169,1.9261,1.9048,1.9207,5902572.0,11309056.476
2025-12-22 00:00:00,1.9207,1.9485,1.9024,1.9194,13790140.0,26544681.7983
2025-12-22 04:00:00,1.9194,1.9283,1.9129,1.9264,7173311.0,13782017.9205
2025-12-22 08:00:00,1.9264,1.9375,1.9137,1.9339,12357777.0,23788442.7212
2025-12-22 12:00:00,1.9339,1.9465,1.917,1.9337,22187269.0,42874214.4104
2025-12-22 16:00:00,1.9337,1.9419,1.9009,1.9009,15455445.0,29764268.7389
2025-12-22 20:00:00,1.9009,1.9084,1.8902,1.9036,13785883.0,26181585.9283
2025-12-23 00:00:00,1.9036,1.9094,1.8833,1.8917,11171767.0,21190972.9074
2025-12-23 04:00:00,1.8917,1.8965,1.8722,1.8803,11572615.0,21778426.8075
2025-12-23 08:00:00,1.8803,1.9049,1.875,1.9043,8728337.0,16512421.5269
2025-12-23 12:00:00,1.9043,1.9046,1.8625,1.8807,22588472.0,42519926.6141
2025-12-23 16:00:00,1.8807,1.8929,1.8662,1.8817,10875915.0,20454113.7246
2025-12-23 20:00:00,1.8817,1.8942,1.8716,1.8725,6647072.0,12503225.6345
2025-12-24 00:00:00,1.8725,1.8775,1.8438,1.8614,14305621.0,26600294.9227
2025-12-24 04:00:00,1.8614,1.8669,1.8362,1.8539,15420062.0,28516498.0469
2025-12-24 08:00:00,1.8539,1.8744,1.8511,1.868,10774552.0,20057538.926
2025-12-24 12:00:00,1.868,1.8769,1.8504,1.8626,15444145.0,28771362.2425
2025-12-24 16:00:00,1.8626,1.8706,1.848,1.861,10438682.0,19408559.9638
2025-12-24 20:00:00,1.861,1.869,1.8587,1.8617,6257980.0,11665123.7684
2025-12-25 00:00:00,1.8617,1.8733,1.8551,1.8693,5859692.0,10931071.7562
2025-12-25 04:00:00,1.8693,1.8762,1.8654,1.8738,6175303.0,11551241.7023
2025-12-25 08:00:00,1.8738,1.8804,1.8522,1.8582,15974297.0,29787452.6148
2025-12-25 12:00:00,1.8582,1.888,1.8543,1.8821,10507834.0,19667149.6713
2025-12-25 16:00:00,1.8821,1.8827,1.8638,1.8721,7653490.0,14326092.0582
2025-12-25 20:00:00,1.8721,1.8726,1.8277,1.8316,22655467.0,41801672.5763
2025-12-26 00:00:00,1.8316,1.8799,1.8232,1.8638,25808222.0,47824601.6341
2025-12-26 04:00:00,1.8638,1.8825,1.8539,1.8632,11097642.0,20735028.3322
2025-12-26 08:00:00,1.8632,1.8798,1.8617,1.8704,8235656.0,15413324.3191
2025-12-26 12:00:00,1.8704,1.879,1.8255,1.8368,21001323.0,38849825.7556
2025-12-26 16:00:00,1.8368,1.8502,1.833,1.8452,10945332.0,20160921.4158
2025-12-26 20:00:00,1.8452,1.8595,1.8414,1.8429,8174876.0,15107848.1896
2025-12-27 00:00:00,1.8429,1.8532,1.8411,1.8508,5552995.0,10257976.7689
2025-12-27 04:00:00,1.8508,1.8524,1.8457,1.8468,3069836.0,5673549.9371
2025-12-27 08:00:00,1.8468,1.855,1.8437,1.8508,8694042.0,16074933.2495
2025-12-27 12:00:00,1.8508,1.8528,1.8426,1.8485,3410746.0,6299264.9555
2025-12-27 16:00:00,1.8485,1.8565,1.8428,1.8548,4536814.0,8384523.0302
2025-12-27 20:00:00,1.8548,1.8784,1.8525,1.8726,8509624.0,15867121.3614
2025-12-28 00:00:00,1.8726,1.8776,1.868,1.8738,6454389.0,12084148.616
2025-12-28 04:00:00,1.8738,1.8785,1.8714,1.8726,4246890.0,7962198.5772
2025-12-28 08:00:00,1.8726,1.876,1.8614,1.8711,10152846.0,18976378.1824
2025-12-28 12:00:00,1.8711,1.8755,1.8643,1.8691,10017336.0,18723095.5767
2025-12-28 16:00:00,1.8691,1.8722,1.8531,1.8564,11731631.0,21821339.3122
2025-12-28 20:00:00,1.8564,1.8705,1.8535,1.8648,8465055.0,15756548.6602
2025-12-29 00:00:00,1.8648,1.9166,1.8619,1.9139,21630551.0,40826285.273
2025-12-29 04:00:00,1.9139,1.9168,1.8911,1.9003,18181417.0,34614204.1279
2025-12-29 08:00:00,1.9003,1.9044,1.8654,1.8709,21130531.0,39728813.5764
2025-12-29 12:00:00,1.8709,1.878,1.8544,1.8644,25337572.0,47247106.6326
2025-12-29 16:00:00,1.8644,1.8679,1.849,1.8524,10075326.0,18726421.7772
2025-12-29 20:00:00,1.8524,1.8564,1.8432,1.8501,8151235.0,15074982.2413
2025-12-30 00:00:00,1.8501,1.8622,1.8424,1.8599,9514599.0,17608163.8036
2025-12-30 04:00:00,1.8599,1.8666,1.8538,1.8595,9078553.0,16892505.4657
2025-12-30 08:00:00,1.8595,1.8715,1.8589,1.8616,12148085.0,22652345.4288
2025-12-30 12:00:00,1.8616,1.8788,1.853,1.8769,16139981.0,30112874.8982
2025-12-30 16:00:00,1.8769,1.8857,1.869,1.8756,21495312.0,40329371.2761
2025-12-30 20:00:00,1.8756,1.8781,1.8654,1.8765,8706311.0,16295450.7359
2025-12-31 00:00:00,1.8765,1.8832,1.8686,1.8711,6538293.0,12264323.1522
2025-12-31 04:00:00,1.8711,1.8749,1.8667,1.8717,4445268.0,8312275.5113
2025-12-31 08:00:00,1.8717,1.8811,1.8648,1.8776,12480296.0,23377375.738
2025-12-31 12:00:00,1.8776,1.8823,1.8523,1.8583,19114175.0,35686917.3447
2025-12-31 16:00:00,1.8583,1.8591,1.8254,1.8278,20703934.0,38111598.1487
2025-12-31 20:00:00,1.8278,1.8469,1.8109,1.8413,23571963.0,43135263.7085
2026-01-01 00:00:00,1.8413,1.8491,1.8329,1.8334,8286976.0,15260197.8571
2026-01-01 04:00:00,1.8334,1.8547,1.8247,1.841,10039167.0,18471687.1825
2026-01-01 08:00:00,1.841,1.8553,1.8408,1.8541,8847172.0,16373745.7123
2026-01-01 12:00:00,1.8541,1.8665,1.8501,1.8618,9282990.0,17229503.4201
2026-01-01 16:00:00,1.8618,1.8744,1.8547,1.8732,12723080.0,23734319.531
2026-01-01 20:00:00,1.8732,1.8801,1.8663,1.8789,9686579.0,18144429.4353
2026-01-02 00:00:00,1.8789,1.8917,1.8681,1.8879,9542014.0,17934095.765
2026-01-02 04:00:00,1.8879,1.8897,1.87,1.8711,9393798.0,17625772.9593
2026-01-02 08:00:00,1.8711,1.9085,1.871,1.8905,18455905.0,34902192.2966
2026-01-02 12:00:00,1.8905,1.9241,1.8865,1.9165,35684109.0,68044839.455
2026-01-02 16:00:00,1.9165,1.9975,1.9144,1.9907,49012142.0,96560005.041
2026-01-02 20:00:00,1.9907,2.0309,1.9769,2.0061,32423932.0,65015000.3191
2026-01-03 00:00:00,2.0061,2.0424,2.006,2.0394,23676676.0,47967998.4112
2026-01-03 04:00:00,2.0394,2.0555,1.9836,1.993,30452328.0,61602386.0971
2026-01-03 08:00:00,1.993,2.0208,1.9914,1.9986,16717651.0,33547526.6574
2026-01-03 12:00:00,1.9986,2.0178,1.9929,2.0054,15674445.0,31418968.7606
2026-01-03 16:00:00,2.0054,2.0099,1.9955,2.006,10450689.0,20933029.7697
2026-01-03 20:00:00,2.006,2.0181,1.9977,2.0173,9665669.0,19421155.1601
2026-01-04 00:00:00,2.0173,2.0605,2.0153,2.0565,25722420.0,52430786.6541
2026-01-04 04:00:00,2.0565,2.0804,2.0515,2.071,24710822.0,51036259.8023
2026-01-04 08:00:00,2.071,2.0969,2.0586,2.0941,30046572.0,62476491.2101
2026-01-04 12:00:00,2.0941,2.1198,2.0808,2.0896,39584184.0,83134911.6336
2026-01-04 16:00:00,2.0896,2.103,2.0715,2.0841,14808571.0,30881096.6602
2026-01-04 20:00:00,2.0841,2.1015,2.0785,2.09,10951963.0,22897889.2173
2026-01-05 00:00:00,2.09,2.1658,2.0867,2.1419,33294695.0,71029509.93
2026-01-05 04:00:00,2.1419,2.1454,2.1085,2.1328,20042193.0,42601532.5784
2026-01-05 08:00:00,2.1328,2.1519,2.1238,2.1328,22396631.0,47889270.2469
2026-01-05 12:00:00,2.1328,2.1686,2.1111,2.1643,36896751.0,78927873.0781
2026-01-05 16:00:00,2.1643,2.2813,2.1634,2.2773,78169963.0,173799699.9756
2026-01-05 20:00:00,2.2773,2.3684,2.2751,2.3467,73558273.0,171324451.195
2026-01-06 00:00:00,2.3467,2.4162,2.3158,2.3856,60352726.0,143253190.0064
2026-01-06 04:00:00,2.3856,2.407,2.3208,2.3296,44810165.0,106178438.7075
2026-01-06 08:00:00,2.3296,2.3763,2.3246,2.3762,31732459.0,74638357.4616
2026-01-06 12:00:00,2.3762,2.3981,2.3338,2.3484,68166317.0,161737463.6406
2026-01-06 16:00:00,2.3484,2.3545,2.204,2.2267,113787835.0,257491146.7137
2026-01-06 20:00:00,2.2267,2.3104,2.2267,2.3034,41249614.0,93891608.0457
2026-01-07 00:00:00,2.3034,2.3197,2.256,2.2659,31227860.0,71179872.2867
2026-01-07 04:00:00,2.2659,2.2863,2.2437,2.2793,20815569.0,47079564.6499
2026-01-07 08:00:00,2.2793,2.2909,2.2314,2.2497,28391317.0,63990654.7137
2026-01-07 12:00:00,2.2497,2.2553,2.1824,2.1946,50660191.0,112352669.1361
2026-01-07 16:00:00,2.1946,2.2228,2.1695,2.1929,29680298.0,65150859.9803
2026-01-07 20:00:00,2.1929,2.1981,2.1502,2.1644,27321063.0,59367398.4635
2026-01-08 00:00:00,2.1644,2.1912,2.1436,2.1492,27485546.0,59543254.2723
2026-01-08 04:00:00,2.1492,2.1717,2.0957,2.1185,32812849.0,69781060.3904
2026-01-08 08:00:00,2.1185,2.1329,2.0797,2.0918,38252500.0,80353614.6271
2026-01-08 12:00:00,2.0918,2.1269,2.0651,2.1257,56932448.0,118852752.893
2026-01-08 16:00:00,2.1257,2.1682,2.1109,2.1348,38758673.0,82874152.0067
2026-01-08 20:00:00,2.1348,2.147,2.112,2.1221,20040611.0,42647039.8196
2026-01-09 00:00:00,2.1221,2.142,2.1077,2.1346,19434956.0,41284516.1984
2026-01-09 04:00:00,2.1346,2.146,2.1186,2.1192,13271073.0,28296279.4398
2026-01-09 08:00:00,2.1192,2.1228,2.0712,2.1019,32003513.0,67099419.0384
2026-01-09 12:00:00,2.1019,2.1607,2.0784,2.1168,65853793.0,139067889.2697
2026-01-09 16:00:00,2.1168,2.1443,2.0744,2.0821,40233858.0,84861832.0057
2026-01-09 20:00:00,2.0821,2.1,2.0749,2.0948,12477204.0,26063968.5866
2026-01-10 00:00:00,2.0948,2.1006,2.0861,2.0901,7509353.0,15718146.6197
2026-01-10 04:00:00,2.0901,2.1002,2.0799,2.0996,7850532.0,16402611.8678
2026-01-10 08:00:00,2.0996,2.1045,2.0894,2.102,8573167.0,17986455.1574
2026-01-10 12:00:00,2.102,2.1094,2.0866,2.0925,11464969.0,24033461.0287
2026-01-10 16:00:00,2.0925,2.1004,2.0873,2.0939,4550030.0,9528155.1562
2026-01-10 20:00:00,2.0939,2.0951,2.0826,2.0901,5017676.0,10484496.4371
2026-01-11 00:00:00,2.0901,2.0954,2.0861,2.0945,5658473.0,11828762.7409
2026-01-11 04:00:00,2.0945,2.0982,2.0855,2.092,6592443.0,13788540.2765
2026-01-11 08:00:00,2.092,2.0976,2.0872,2.0955,5261165.0,11008695.7842
2026-01-11 12:00:00,2.0955,2.1092,2.0832,2.0886,17589377.0,36890646.1821
2026-01-11 16:00:00,2.0886,2.1027,2.0843,2.086,10750262.0,22498409.5501
2026-01-11 20:00:00,2.086,2.086,2.0437,2.0736,44027736.0,90838241.4753
2026-01-12 00:00:00,2.0736,2.1062,2.0358,2.0819,51290153.0,106264516.0563
2026-01-12 04:00:00,2.0819,2.0943,2.0508,2.0528,20711791.0,42941644.4018
2026-01-12 08:00:00,2.0528,2.0597,2.0337,2.0475,24587076.0,50262282.3229
2026-01-12 12:00:00,2.0475,2.0933,2.0392,2.0928,36183998.0,74736641.2259
2026-01-12 16:00:00,2.0928,2.1078,2.0524,2.069,37225699.0,77391721.1313
2026-01-12 20:00:00,2.069,2.0749,2.0388,2.0535,15034309.0,30890922.6878
2026-01-13 00:00:00,2.0535,2.0632,2.0469,2.0497,13135044.0,26985173.2117
2026-01-13 04:00:00,2.0497,2.0798,2.0491,2.0526,19404671.0,40042630.8107
2026-01-13 08:00:00,2.0526,2.0742,2.0526,2.0599,14412394.0,29742457.4176
2026-01-13 12:00:00,2.0599,2.1,2.0551,2.0973,47011382.0,97594044.0768
2026-01-13 16:00:00,2.0973,2.1392,2.0832,2.1388,45935676.0,96658595.0997
2026-01-13 20:00:00,2.1388,2.184,2.1183,2.1644,54780141.0,117894168.8863
2026-01-14 00:00:00,2.1644,2.1912,2.1559,2.1829,23669577.0,51401146.4464
2026-01-14 04:00:00,2.1829,2.1854,2.132,2.1476,26560424.0,57160563.9524
2026-01-14 08:00:00,2.1476,2.1533,2.1112,2.1151,23119826.0,49352678.1733
2026-01-14 12:00:00,2.1151,2.1735,2.1101,2.155,58980056.0,126432869.1231
2026-01-14 16:00:00,2.155,2.176,2.1234,2.145,40874740.0,87927162.8709
2026-01-14 20:00:00,2.145,2.1608,2.1301,2.1385,16892502.0,36195801.5795
2026-01-15 00:00:00,2.1385,2.1426,2.081,2.0881,26529112.0,55967360.1809
2026-01-15 04:00:00,2.0881,2.1056,2.0855,2.1006,14461599.0,30333632.7751
2026-01-15 08:00:00,2.1006,2.122,2.0951,2.1111,14867841.0,31387740.6665
2026-01-15 12:00:00,2.1111,2.1318,2.0673,2.0943,38618222.0,81082390.4814
2026-01-15 16:00:00,2.0943,2.0985,2.0526,2.0649,26122150.0,54257430.3406
2026-01-15 20:00:00,2.0649,2.0795,2.0571,2.0781,12441941.0,25747944.6968
2026-01-16 00:00:00,2.0781,2.0857,2.0635,2.0636,11280670.0,23401916.6894
2026-01-16 04:00:00,2.0636,2.077,2.0566,2.0726,10451989.0,21604083.6255
2026-01-16 08:00:00,2.0726,2.0807,2.0578,2.0647,13241834.0,27365940.5773
2026-01-16 12:00:00,2.0647,2.0677,2.025,2.0317,34705029.0,71116981.397
2026-01-16 16:00:00,2.0317,2.056,2.0288,2.0539,16380830.0,33479576.4739
2026-01-16 20:00:00,2.0539,2.0786,2.0465,2.0666,14457807.0,29928923.7156
2026-01-17 00:00:00,2.0666,2.0686,2.0524,2.0549,7428501.0,15315449.0888
2026-01-17 04:00:00,2.0549,2.0652,2.0541,2.0571,6580279.0,13554842.6065
2026-01-17 08:00:00,2.0571,2.0666,2.0554,2.0608,6675709.0,13763736.1527
2026-01-17 12:00:00,2.0608,2.0818,2.057,2.0804,16977061.0,35143153.9273
2026-01-17 16:00:00,2.0804,2.0825,2.0678,2.0727,13805937.0,28641612.2009
2026-01-17 20:00:00,2.0727,2.0747,2.0582,2.0624,5430561.0,11217339.4476
2026-01-18 00:00:00,2.0624,2.0673,2.0473,2.0579,10886913.0,22377130.9046
2026-01-18 04:00:00,2.0579,2.0592,2.0467,2.0516,7647955.0,15702483.1528
2026-01-18 08:00:00,2.0516,2.0609,2.0494,2.054,7190039.0,14781932.3377
2026-01-18 12:00:00,2.054,2.0596,2.0435,2.0497,11438828.0,23463420.8891
2026-01-18 16:00:00,2.0497,2.0653,2.0452,2.0532,13297170.0,27320534.3954
2026-01-18 20:00:00,2.0532,2.0636,1.9843,1.99,44451755.0,89566807.2987
2026-01-19 00:00:00,1.99,1.99,1.8392,1.9661,106694099.0,205794453.749
2026-01-19 04:00:00,1.9661,1.9734,1.9519,1.9619,23495756.0,46084713.3153
2026-01-19 08:00:00,1.9619,1.9832,1.958,1.9715,15351053.0,30315500.8064
2026-01-19 12:00:00,1.9715,1.9844,1.9631,1.9804,14724070.0,29067393.0332
2026-01-19 16:00:00,1.9804,2.029,1.9791,2.0128,32054955.0,64485063.9943
2026-01-19 20:00:00,2.0128,2.0159,1.9781,1.9851,18423094.0,36704661.3456
2026-01-20 00:00:00,1.9851,1.99,1.9543,1.9613,21916560.0,43199988.5182
2026-01-20 04:00:00,1.9613,1.9727,1.9395,1.9484,27850341.0,54431281.7186
2026-01-20 08:00:00,1.9484,1.9529,1.9187,1.9282,36767649.0,70959166.3426
2026-01-20 12:00:00,1.9282,1.939,1.9081,1.9168,40924772.0,78636708.2995
2026-01-20 16:00:00,1.9168,1.9268,1.8932,1.9017,23441364.0,44689904.9842
2026-01-20 20:00:00,1.9017,1.9108,1.8689,1.889,24728552.0,46694656.4803
2026-01-21 00:00:00,1.889,1.9167,1.8881,1.9021,18067594.0,34394156.7427
2026-01-21 04:00:00,1.9021,1.9259,1.9,1.9088,12024752.0,23018465.9591
2026-01-21 08:00:00,1.9088,1.9147,1.8858,1.8888,19188043.0,36516652.4476
2026-01-21 12:00:00,1.8888,1.9597,1.8785,1.9566,47326105.0,90780409.7172
2026-01-21 16:00:00,1.9566,1.9834,1.87,1.9719,61759902.0,118749944.7521
2026-01-21 20:00:00,1.9719,1.989,1.9384,1.9469,34287200.0,67442610.5816
2026-01-22 00:00:00,1.9469,1.9669,1.941,1.9468,12803741.0,25009243.8057
2026-01-22 04:00:00,1.9468,1.9591,1.9452,1.9469,11299230.0,22036369.2618
2026-01-22 08:00:00,1.9469,1.9635,1.9415,1.9432,11327525.0,22123934.9503
2026-01-22 12:00:00,1.9432,1.9487,1.9003,1.9133,30799562.0,59265025.805
2026-01-22 16:00:00,1.9133,1.9346,1.9043,1.9315,28322815.0,54384012.8856
2026-01-22 20:00:00,1.9315,1.9329,1.9142,1.9228,13754267.0,26457307.3346
2026-01-23 00:00:00,1.9228,1.9256,1.9073,1.9149,7729417.0,14816057.349
2026-01-23 04:00:00,1.9149,1.9249,1.9019,1.9131,12498604.0,23908648.5646
2026-01-23 08:00:00,1.9131,1.9146,1.9005,1.9131,12081329.0,23046454.6261
2026-01-23 12:00:00,1.9131,1.9219,1.8863,1.9206,37326163.0,70871701.3254
2026-01-23 16:00:00,1.9206,1.9648,1.9192,1.9225,36745860.0,71361673.833
2026-01-23 20:00:00,1.9225,1.9303,1.9066,1.9186,12249978.0,23510981.1283
2026-01-24 00:00:00,1.9186,1.926,1.9149,1.9223,4403327.0,8457031.598
2026-01-24 04:00:00,1.9223,1.9264,1.9155,1.9177,4691931.0,9009890.0735
2026-01-24 08:00:00,1.9177,1.9203,1.9132,1.9162,5518045.0,10577390.9805
2026-01-24 12:00:00,1.9162,1.9235,1.9113,1.912,7535347.0,14450216.1552
2026-01-24 16:00:00,1.912,1.9201,1.9086,1.9156,5233186.0,10016354.7247
2026-01-24 20:00:00,1.9156,1.9222,1.9132,1.9137,3083142.0,5911277.8812
2026-01-25 00:00:00,1.9137,1.916,1.8973,1.8995,6972590.0,13288486.2319
2026-01-25 04:00:00,1.8995,1.9027,1.8927,1.894,5991836.0,11368819.3232
2026-01-25 08:00:00,1.894,1.9116,1.886,1.9012,12812851.0,24314985.2743
2026-01-25 12:00:00,1.9012,1.9023,1.8826,1.8869,13326992.0,25224025.512
2026-01-25 16:00:00,1.8869,1.8869,1.8096,1.8171,76937798.0,141828368.2076
2026-01-25 20:00:00,1.8171,1.84,1.8115,1.8343,29432015.0,53763252.6304
2026-01-26 00:00:00,1.8343,1.8876,1.8319,1.8682,27042118.0,50520058.6765
2026-01-26 04:00:00,1.8682,1.8943,1.8682,1.8807,20488594.0,38513936.2626
2026-01-26 08:00:00,1.8807,1.8962,1.8753,1.8907,18106644.0,34164813.0091
2026-01-26 12:00:00,1.8907,1.9452,1.8907,1.9246,46240307.0,88628111.8913
2026-01-26 16:00:00,1.9246,1.9376,1.8983,1.907,32407938.0,62112294.5507
2026-01-26 20:00:00,1.907,1.9116,1.8879,1.903,18362449.0,34873534.9882
2026-01-27 00:00:00,1.903,1.9161,1.8966,1.9089,8385301.0,15989953.897
2026-01-27 04:00:00,1.9089,1.9171,1.8937,1.899,9762965.0,18579799.7507
2026-01-27 08:00:00,1.899,1.9022,1.8814,1.8884,14873333.0,28093901.7002
2026-01-27 12:00:00,1.8884,1.8966,1.8734,1.8928,20005305.0,37721428.376
2026-01-27 16:00:00,1.8928,1.9155,1.8759,1.9063,35504887.0,67417537.8031
2026-01-27 20:00:00,1.9063,1.9291,1.9052,1.9146,21352365.0,40973349.7079
2026-01-28 00:00:00,1.9146,1.9185,1.8932,1.9008,9218396.0,17549274.821
2026-01-28 04:00:00,1.9008,1.9239,1.8954,1.9154,13986951.0,26723367.9567
2026-01-28 08:00:00,1.9154,1.9417,1.9053,1.9407,15743521.0,30302580.3414
2026-01-28 12:00:00,1.9407,1.9414,1.9001,1.9066,22838600.0,43876393.0771
2026-01-28 16:00:00,1.9066,1.9273,1.8993,1.9186,24609630.0,47090092.1065
2026-01-28 20:00:00,1.9186,1.9314,1.9063,1.9104,14329833.0,27466055.1271
2026-01-29 00:00:00,1.9104,1.9128,1.8692,1.875,23095441.0,43510819.5289
2026-01-29 04:00:00,1.875,1.8887,1.8639,1.8846,13171021.0,24724261.8633
2026-01-29 08:00:00,1.8846,1.8891,1.8665,1.8704,12291558.0,23041058.135
2026-01-29 12:00:00,1.8704,1.877,1.7844,1.8005,64727823.0,118269661.7007
2026-01-29 16:00:00,1.8005,1.8419,1.7766,1.7883,63727923.0,114800777.4889
2026-01-29 20:00:00,1.7883,1.8124,1.7849,1.8063,16904245.0,30422408.4119
2026-01-30 00:00:00,1.8063,1.8116,1.7091,1.7467,92788660.0,162370371.5067
2026-01-30 04:00:00,1.7467,1.7717,1.7291,1.758,31092025.0,54509969.2565
2026-01-30 08:00:00,1.758,1.774,1.7323,1.7686,21540549.0,37689924.5117
2026-01-30 12:00:00,1.7686,1.7807,1.7391,1.7577,53012148.0,93297679.8369
2026-01-30 16:00:00,1.7577,1.7837,1.7109,1.7706,58562854.0,102678019.4296
2026-01-30 20:00:00,1.7706,1.7707,1.7161,1.734,43501002.0,75677022.5319
2026-01-31 00:00:00,1.734,1.7534,1.7321,1.7436,10443495.0,18190902.4265
2026-01-31 04:00:00,1.7436,1.7476,1.7111,1.7184,16824920.0,29068362.6519
2026-01-31 08:00:00,1.7184,1.7215,1.6792,1.7014,51018106.0,86548475.9338
2026-01-31 12:00:00,1.7014,1.7014,1.612,1.6344,90451451.0,149143949.9772
2026-01-31 16:00:00,1.6344,1.6486,1.5015,1.5819,254767056.0,400428011.4823
2026-01-31 20:00:00,1.5819,1.6536,1.5701,1.646,45128203.0,72729181.5259
2026-02-01 00:00:00,1.646,1.6793,1.6423,1.666,31713452.0,52644176.3635
2026-02-01 04:00:00,1.666,1.6728,1.6464,1.6586,25182121.0,41820406.1012
2026-02-01 08:00:00,1.6586,1.677,1.6314,1.6491,32282824.0,53342200.9909
2026-02-01 12:00:00,1.6491,1.6516,1.5758,1.5941,60385982.0,97319077.9837
2026-02-01 16:00:00,1.5941,1.626,1.5808,1.599,37841259.0,60598191.0981
2026-02-01 20:00:00,1.599,1.6138,1.5518,1.5901,62216388.0,98720049.4528
2026-02-02 00:00:00,1.5901,1.6179,1.5293,1.58,52351063.0,82401512.1088
2026-02-02 04:00:00,1.58,1.5995,1.5302,1.5783,59219294.0,92752023.2981
2026-02-02 08:00:00,1.5783,1.6264,1.5783,1.6205,27645688.0,44381476.1203
2026-02-02 12:00:00,1.6205,1.6543,1.6199,1.6415,41028017.0,67168448.7026
2026-02-02 16:00:00,1.6415,1.6566,1.6243,1.6248,14249797.0,23401058.2665
2026-02-02 20:00:00,1.6248,1.6325,1.6118,1.6186,13571068.0,22008618.2426
2026-02-03 00:00:00,1.6186,1.621,1.5868,1.6125,19915664.0,31949969.3978
2026-02-03 04:00:00,1.6125,1.6239,1.5981,1.6163,16655631.0,26841612.8499
2026-02-03 08:00:00,1.6163,1.6248,1.5944,1.6021,20706027.0,33255352.2096
2026-02-03 12:00:00,1.6021,1.621,1.5778,1.6172,42595044.0,68175803.851
2026-02-03 16:00:00,1.6172,1.6178,1.5265,1.5805,77115782.0,120456658.5798
2026-02-03 20:00:00,1.5805,1.6326,1.5653,1.5784,57345244.0,92095830.9981
2026-02-04 00:00:00,1.5784,1.6045,1.5661,1.5983,19039252.0,30246581.7165
2026-02-04 04:00:00,1.5983,1.6077,1.5819,1.6042,19071024.0,30458641.7018
2026-02-04 08:00:00,1.6042,1.6115,1.5782,1.5913,27622461.0,44064542.1728
2026-02-04 12:00:00,1.5913,1.5972,1.5287,1.5425,45603696.0,71114527.1734
2026-02-04 16:00:00,1.5425,1.5556,1.5027,1.5535,72613561.0,111045204.1221
2026-02-04 20:00:00,1.5535,1.5552,1.4931,1.5109,38940684.0,59152684.07
2026-02-05 00:00:00,1.5109,1.5143,1.438,1.4422,50077228.0,73644368.1951
2026-02-05 04:00:00,1.4422,1.4576,1.417,1.4315,45446799.0,65373736.5952
2026-02-05 08:00:00,1.4315,1.4439,1.3414,1.3647,78794766.0,109220918.1777
2026-02-05 12:00:00,1.3647,1.3861,1.2674,1.2959,123259262.0,163853766.7591
2026-02-05 16:00:00,1.2959,1.3116,1.2067,1.2125,147182629.0,184509005.5776
2026-02-05 20:00:00,1.2125,1.2643,1.136,1.2136,178975136.0,212802477.2344
2026-02-06 00:00:00,1.2136,1.2924,1.1172,1.2688,223697001.0,265269013.1683
2026-02-06 04:00:00,1.2688,1.3341,1.2618,1.2914,77899996.0,101332440.9447
2026-02-06 08:00:00,1.2914,1.3868,1.2833,1.3671,77360215.0,103410820.2903
2026-02-06 12:00:00,1.3671,1.5415,1.3563,1.5117,143571864.0,208345395.9628
2026-02-06 16:00:00,1.5117,1.5332,1.4364,1.4552,94170603.0,140002733.7533
2026-02-06 20:00:00,1.4552,1.4969,1.4371,1.4686,60099822.0,88049420.112
2026-02-07 00:00:00,1.4686,1.4866,1.432,1.4723,59952180.0,87602845.1255
2026-02-07 04:00:00,1.4723,1.4841,1.4055,1.4122,65743428.0,94836657.6445
2026-02-07 08:00:00,1.4122,1.4285,1.3846,1.3919,58628594.0,82406356.6144
2026-02-07 12:00:00,1.3919,1.4398,1.39,1.4097,68619323.0,96828043.8972
2026-02-07 16:00:00,1.4097,1.4477,1.4041,1.4296,139679971.0,198435287.0895
2026-02-07 20:00:00,1.4296,1.4407,1.4117,1.4216,15448333.0,22050383.1735
2026-02-08 00:00:00,1.4216,1.4413,1.4122,1.4159,17939126.0,25580048.141
2026-02-08 04:00:00,1.4159,1.425,1.4087,1.4203,12340917.0,17483032.1643
2026-02-08 08:00:00,1.4203,1.4626,1.4184,1.4516,36630381.0,52779800.478
2026-02-08 12:00:00,1.4516,1.4683,1.4289,1.4393,36960521.0,53701279.3951
2026-02-08 16:00:00,1.4393,1.4518,1.4086,1.4492,29781606.0,42649783.0449
2026-02-08 20:00:00,1.4492,1.462,1.4212,1.4298,26154102.0,37567376.0591
2026-02-09 00:00:00,1.4298,1.4537,1.4176,1.4515,25236690.0,36198339.2237
2026-02-09 04:00:00,1.4515,1.4548,1.4205,1.4247,19382759.0,27856959.0333
2026-02-09 08:00:00,1.4247,1.4288,1.3716,1.3926,49877733.0,69581587.1628
2026-02-09 12:00:00,1.3926,1.4489,1.3921,1.4452,48521935.0,68775677.0223
2026-02-09 16:00:00,1.4452,1.4634,1.4323,1.4515,44597376.0,64507680.52
2026-02-09 20:00:00,1.4515,1.4575,1.4341,1.436,21754469.0,31485059.6208
2026-02-10 00:00:00,1.436,1.4523,1.427,1.4342,20338761.0,29279697.6958
2026-02-10 04:00:00,1.4342,1.4516,1.4131,1.4213,28281214.0,40460424.695
2026-02-10 08:00:00,1.4213,1.4349,1.4052,1.4072,28780303.0,40846531.9802
2026-02-10 12:00:00,1.4072,1.425,1.3915,1.4061,48093733.0,67717732.1037
2026-02-10 16:00:00,1.4061,1.4283,1.3928,1.4,25867884.0,36460686.1286
2026-02-10 20:00:00,1.4,1.4039,1.3905,1.399,9415621.0,13151545.3328
2026-02-11 00:00:00,1.399,1.4196,1.393,1.4034,18173916.0,25554208.8481
2026-02-11 04:00:00,1.4034,1.4081,1.3568,1.3658,42721759.0,58693677.2569
2026-02-11 08:00:00,1.3658,1.3805,1.3545,1.378,30470670.0,41630246.737
2026-02-11 12:00:00,1.378,1.4088,1.3444,1.3535,75521108.0,103600056.7995
2026-02-11 16:00:00,1.3535,1.3865,1.3416,1.3783,33677282.0,45976957.8624
2026-02-11 20:00:00,1.3783,1.3968,1.3588,1.3689,23245181.0,31971683.8516
2026-02-12 00:00:00,1.3689,1.3859,1.3677,1.3745,14696045.0,20250868.7659
2026-02-12 04:00:00,1.3745,1.3883,1.3712,1.3812,12325633.0,16996697.0854
2026-02-12 08:00:00,1.3812,1.4076,1.3762,1.401,24671607.0,34408221.6772
2026-02-12 12:00:00,1.401,1.4022,1.3738,1.3749,36376337.0,50505932.5876
2026-02-12 16:00:00,1.3749,1.3788,1.345,1.3636,42310531.0,57561889.0651
2026-02-12 20:00:00,1.3636,1.3699,1.3479,1.3628,19135037.0,25980754.0923
2026-02-13 00:00:00,1.3628,1.3711,1.3482,1.3648,15404693.0,20934033.0324
2026-02-13 04:00:00,1.3648,1.3676,1.3476,1.3532,16405933.0,22242743.5237
2026-02-13 08:00:00,1.3532,1.3721,1.3513,1.3674,17913298.0,24457650.7347
2026-02-13 12:00:00,1.3674,1.4211,1.359,1.4039,52133413.0,72315839.38
2026-02-13 16:00:00,1.4039,1.428,1.3985,1.4102,26824079.0,37955674.2513
2026-02-13 20:00:00,1.4102,1.4159,1.3969,1.4062,9947623.0,13985152.8375
2026-02-14 00:00:00,1.4062,1.4175,1.4037,1.4157,9933763.0,14029187.0798
2026-02-14 04:00:00,1.4157,1.4247,1.4069,1.4214,11263509.0,15936220.9962
2026-02-14 08:00:00,1.4214,1.4732,1.4209,1.4706,52724280.0,76398290.397
2026-02-14 12:00:00,1.4706,1.476,1.4506,1.4682,37627638.0,55083045.6536
2026-02-14 16:00:00,1.4682,1.4999,1.4558,1.4971,28700173.0,42481100.4798
2026-02-14 20:00:00,1.4971,1.5127,1.4868,1.5083,28494231.0,42721100.3687
2026-02-15 00:00:00,1.5083,1.5432,1.505,1.526,58152318.0,88541222.3855
2026-02-15 04:00:00,1.526,1.6489,1.5239,1.6482,65892284.0,103916830.1451
2026-02-15 08:00:00,1.6482,1.6695,1.5565,1.5618,107059920.0,172346460.786
2026-02-15 12:00:00,1.5618,1.5656,1.5106,1.5224,90890208.0,139469336.2302
2026-02-15 16:00:00,1.5224,1.5235,1.4466,1.4532,68803968.0,102350536.4353
2026-02-15 20:00:00,1.4532,1.489,1.444,1.474,38260079.0,56151584.9475
2026-02-16 00:00:00,1.474,1.4858,1.4523,1.4603,20718783.0,30432812.1122
2026-02-16 04:00:00,1.4603,1.475,1.4474,1.4604,28406606.0,41506514.553
2026-02-16 08:00:00,1.4604,1.513,1.4604,1.4827,45447061.0,67608461.6886
2026-02-16 12:00:00,1.4827,1.5157,1.4606,1.4732,87876787.0,131050710.2298
2026-02-16 16:00:00,1.4732,1.4938,1.4697,1.4744,25768742.0,38219860.057
2026-02-16 20:00:00,1.4744,1.493,1.4676,1.4866,15880507.0,23550491.851
2026-02-17 00:00:00,1.4866,1.4924,1.4717,1.4817,14222989.0,21109210.6667
2026-02-17 04:00:00,1.4817,1.4876,1.4678,1.4718,16438360.0,24270960.2872
2026-02-17 08:00:00,1.4718,1.4758,1.4487,1.4519,24499184.0,35720051.6044
2026-02-17 12:00:00,1.4519,1.4627,1.4254,1.4563,45778276.0,66215634.2184
2026-02-17 16:00:00,1.4563,1.4945,1.4559,1.4846,38800830.0,57271607.1735
2026-02-17 20:00:00,1.4846,1.4924,1.4695,1.4732,13704419.0,20293070.4991
2026-02-18 00:00:00,1.4732,1.483,1.4628,1.4787,12901947.0,18998864.9958
2026-02-18 04:00:00,1.4787,1.4883,1.4748,1.4862,11746990.0,17394877.8527
2026-02-18 08:00:00,1.4862,1.4931,1.4622,1.4656,23305673.0,34487874.7344
2026-02-18 12:00:00,1.4656,1.4881,1.4504,1.4757,30718343.0,45053309.8967
2026-02-18 16:00:00,1.4757,1.4766,1.4185,1.4223,35549585.0,51289184.8927
2026-02-18 20:00:00,1.4223,1.4326,1.409,1.421,22483024.0,31932046.5148
2026-02-19 00:00:00,1.421,1.4293,1.4138,1.428,12878899.0,18311088.4842
2026-02-19 04:00:00,1.428,1.437,1.4039,1.4318,25145023.0,35731513.9872
2026-02-19 08:00:00,1.4318,1.4334,1.4055,1.4088,27219160.0,38536522.1996
2026-02-19 12:00:00,1.4088,1.4136,1.3852,1.3965,45083308.0,63029849.1524
2026-02-19 16:00:00,1.3965,1.418,1.3806,1.4114,33227164.0,46430310.2807
2026-02-19 20:00:00,1.4114,1.4142,1.3945,1.4058,12120236.0,17032699.6271
2026-02-20 00:00:00,1.4058,1.428,1.4046,1.4122,14700034.0,20836986.0767
2026-02-20 04:00:00,1.4122,1.4236,1.3994,1.4189,17334126.0,24509103.3751
2026-02-20 08:00:00,1.4189,1.4282,1.4017,1.4046,20927362.0,29683975.8337
2026-02-20 12:00:00,1.4046,1.4302,1.3764,1.4282,65082037.0,91347708.3532
2026-02-20 16:00:00,1.4282,1.4384,1.407,1.423,46052867.0,65715222.5883
2026-02-20 20:00:00,1.423,1.4308,1.4139,1.4285,11619638.0,16544098.7881
2026-02-21 00:00:00,1.4285,1.4329,1.419,1.4251,8489849.0,12106793.4331
2026-02-21 04:00:00,1.4251,1.4347,1.4235,1.4305,8616293.0,12317650.494
2026-02-21 08:00:00,1.4305,1.4455,1.4268,1.4431,18884653.0,27168679.9031
2026-02-21 12:00:00,1.4431,1.4636,1.4347,1.449,26624118.0,38582588.8064
2026-02-21 16:00:00,1.449,1.451,1.4358,1.4426,12872707.0,18573218.9513
2026-02-21 20:00:00,1.4426,1.4428,1.429,1.4295,12057494.0,17319672.252
2026-02-22 00:00:00,1.4295,1.4331,1.4173,1.4232,14515575.0,20702081.6997
2026-02-22 04:00:00,1.4232,1.4251,1.4163,1.4202,8482836.0,12053592.0567
2026-02-22 08:00:00,1.4202,1.4252,1.4155,1.4224,9881345.0,14037799.7068
2026-02-22 12:00:00,1.4224,1.4227,1.3851,1.3924,37951498.0,53161890.7207
2026-02-22 16:00:00,1.3924,1.394,1.3823,1.3858,12237062.0,16979740.7786
2026-02-22 20:00:00,1.3858,1.4012,1.3792,1.3924,16477310.0,22914574.3317
2026-02-23 00:00:00,1.3924,1.3941,1.3291,1.3404,66932345.0,90408599.7925
2026-02-23 04:00:00,1.3404,1.3775,1.3349,1.3702,28127253.0,38065644.5161
2026-02-23 08:00:00,1.3702,1.4059,1.361,1.3959,48680061.0,67471443.1976
2026-02-23 12:00:00,1.3959,1.4246,1.3663,1.37,65952736.0,91952453.5071
2026-02-23 16:00:00,1.37,1.3778,1.3476,1.3567,42988934.0,58599347.557
2026-02-23 20:00:00,1.3567,1.3667,1.3493,1.351,16935500.0,22981099.4485
2026-02-24 00:00:00,1.351,1.3618,1.3261,1.3313,40369298.0,54259821.3286
2026-02-24 04:00:00,1.3313,1.3417,1.3204,1.3259,30762214.0,40882251.3197
2026-02-24 08:00:00,1.3259,1.3352,1.3207,1.3328,16592324.0,22051513.6143
2026-02-24 12:00:00,1.3328,1.3524,1.3116,1.3508,53633088.0,71441607.8083
2026-02-24 16:00:00,1.3508,1.367,1.3441,1.3552,34421766.0,46696061.1053
2026-02-24 20:00:00,1.3552,1.3631,1.3407,1.3473,14402688.0,19473303.0951
2026-02-25 00:00:00,1.3473,1.3988,1.3395,1.3694,52055643.0,71702015.6829
2026-02-25 04:00:00,1.3694,1.3743,1.352,1.3655,25866202.0,35260546.3741
2026-02-25 08:00:00,1.3655,1.3847,1.3625,1.3833,19185706.0,26385283.8623
2026-02-25 12:00:00,1.3833,1.4449,1.3805,1.4402,67698436.0,96038395.6984
2026-02-25 16:00:00,1.4402,1.4765,1.437,1.4662,53404346.0,77934587.4388
2026-02-25 20:00:00,1.4662,1.4932,1.4183,1.4334,75289317.0,109955309.0334
2026-02-26 00:00:00,1.4334,1.4472,1.4176,1.4411,31773958.0,45567797.8166
2026-02-26 04:00:00,1.4411,1.4686,1.4298,1.4335,29529709.0,42701217.6553
2026-02-26 08:00:00,1.4335,1.4561,1.4332,1.4363,31916641.0,46066052.121
2026-02-26 12:00:00,1.4363,1.4456,1.407,1.4206,57579920.0,82182556.2267
2026-02-26 16:00:00,1.4206,1.4229,1.3818,1.4062,72393115.0,101143492.2821
2026-02-26 20:00:00,1.4062,1.412,1.3876,1.4018,16050999.0,22440288.3033
2026-02-27 00:00:00,1.4018,1.4126,1.3922,1.4071,17087504.0,23968220.1992
2026-02-27 04:00:00,1.4071,1.421,1.4032,1.4163,19315205.0,27255234.08
2026-02-27 08:00:00,1.4163,1.4256,1.3797,1.3816,48426465.0,67752764.2892
2026-02-27 12:00:00,1.3816,1.3847,1.3515,1.3563,57317591.0,78415153.7084
2026-02-27 16:00:00,1.3563,1.3632,1.3374,1.3501,35319865.0,47677131.9867
2026-02-27 20:00:00,1.3501,1.3563,1.3376,1.3552,22084923.0,29814860.8957
2026-02-28 00:00:00,1.3552,1.3646,1.3517,1.3539,12224896.0,16606648.4053
2026-02-28 04:00:00,1.3539,1.3571,1.2889,1.3019,99192443.0,130885184.5958
2026-02-28 08:00:00,1.3019,1.3059,1.2694,1.292,67322571.0,86603430.0221
2026-02-28 12:00:00,1.292,1.3493,1.2909,1.3232,87697294.0,116071369.642
2026-02-28 16:00:00,1.3232,1.3581,1.3141,1.3531,44899377.0,59835561.8423
2026-02-28 20:00:00,1.3531,1.3922,1.3497,1.3755,37577144.0,51655388.8359
2026-03-01 00:00:00,1.3755,1.4327,1.3647,1.418,64725867.0,90972202.7207
2026-03-01 04:00:00,1.418,1.4209,1.388,1.3973,31098970.0,43683137.6675
2026-03-01 08:00:00,1.3973,1.3995,1.3663,1.3755,28840186.0,39784743.9966
2026-03-01 12:00:00,1.3755,1.4031,1.3603,1.3779,50452398.0,69725527.5858
2026-03-01 16:00:00,1.3779,1.3853,1.353,1.3558,36743285.0,50245271.613
2026-03-01 20:00:00,1.3558,1.3711,1.3362,1.3516,41666847.0,56300844.8104
2026-03-02 00:00:00,1.3516,1.3799,1.35,1.3731,27115895.0,36990799.8115
2026-03-02 04:00:00,1.3731,1.3744,1.3371,1.3461,22682629.0,30764428.1752
2026-03-02 08:00:00,1.3461,1.3619,1.3377,1.3508,22528821.0,30416868.4186
2026-03-02 12:00:00,1.3508,1.4148,1.3333,1.3998,65726518.0,90417448.0385
2026-03-02 16:00:00,1.3998,1.4226,1.3827,1.4,51267640.0,71897755.007
2026-03-02 20:00:00,1.4,1.4057,1.3851,1.3898,24904569.0,34770177.0461
2026-03-03 00:00:00,1.3898,1.3948,1.367,1.3726,24136574.0,33359736.2502
2026-03-03 04:00:00,1.3726,1.3771,1.3567,1.3632,22551893.0,30758122.9559
2026-03-03 08:00:00,1.3632,1.3689,1.3413,1.3521,27181236.0,36719487.7823
2026-03-03 12:00:00,1.3521,1.3702,1.3361,1.364,44074163.0,59550431.8355
2026-03-03 16:00:00,1.364,1.3865,1.3524,1.362,38942883.0,53263193.8798
2026-03-03 20:00:00,1.362,1.3688,1.348,1.36,15197729.0,20639577.9562
2026-03-04 00:00:00,1.36,1.3694,1.3446,1.3524,17426365.0,23679398.4112
2026-03-04 04:00:00,1.3524,1.3766,1.3446,1.3744,16722208.0,22724011.8464
2026-03-04 08:00:00,1.3744,1.425,1.3687,1.3985,57254375.0,80165578.8885
2026-03-04 12:00:00,1.3985,1.4639,1.3822,1.4623,69060548.0,97972213.7184
2026-03-04 16:00:00,1.4623,1.4722,1.4349,1.4558,41104647.0,59753720.6918
2026-03-04 20:00:00,1.4558,1.4648,1.4158,1.4303,29251430.0,42152691.0734
2026-03-05 00:00:00,1.4303,1.4358,1.4147,1.4187,20715641.0,29474955.7413
2026-03-05 04:00:00,1.4187,1.4307,1.4079,1.4124,26315262.0,37355886.6008
2026-03-05 08:00:00,1.4124,1.452,1.4085,1.4355,35202631.0,50514724.358
2026-03-05 12:00:00,1.4355,1.4421,1.4092,1.4164,37062586.0,52793484.5419
2026-03-05 16:00:00,1.4164,1.4228,1.3953,1.4106,32407525.0,45607078.1297
2026-03-05 20:00:00,1.4106,1.4202,1.4013,1.4031,14557689.0,20537831.9998
2026-03-06 00:00:00,1.4031,1.414,1.397,1.4048,13024181.0,18319208.25
2026-03-06 04:00:00,1.4048,1.4077,1.3905,1.407,14393777.0,20137803.1903
2026-03-06 08:00:00,1.407,1.4071,1.3916,1.3942,17859619.0,25005644.8383
2026-03-06 12:00:00,1.3942,1.3966,1.3501,1.3556,61497168.0,84587807.8814
2026-03-06 16:00:00,1.3556,1.3653,1.3449,1.3627,18976156.0,25723306.5548
2026-03-06 20:00:00,1.3627,1.371,1.3532,1.3627,11829641.0,16108434.384
2026-03-07 00:00:00,1.3627,1.3742,1.3617,1.3651,9158677.0,12516143.0799
2026-03-07 04:00:00,1.3651,1.3677,1.3596,1.3662,10720401.0,14618161.2562
2026-03-07 08:00:00,1.3662,1.3726,1.362,1.3689,9117758.0,12465778.1649
2026-03-07 12:00:00,1.3689,1.369,1.3537,1.3563,18077876.0,24604698.9946
2026-03-07 16:00:00,1.3563,1.364,1.3459,1.3497,16996190.0,23017121.4142
2026-03-07 20:00:00,1.3497,1.3584,1.3493,1.3559,8135084.0,11015261.4066
2026-03-08 00:00:00,1.3559,1.3594,1.3436,1.3476,15164955.0,20487595.9232
2026-03-08 04:00:00,1.3476,1.3622,1.3405,1.3595,16559994.0,22398550.1691
2026-03-08 08:00:00,1.3595,1.3708,1.3538,1.3568,17778426.0,24213547.0165
2026-03-08 12:00:00,1.3568,1.3585,1.3402,1.3448,19455902.0,26223759.4533
2026-03-08 16:00:00,1.3448,1.3592,1.3369,1.3553,18373550.0,24719138.997
2026-03-08 20:00:00,1.3553,1.3613,1.3206,1.3395,32848878.0,44047982.4718
2026-03-09 00:00:00,1.3395,1.3648,1.3366,1.3499,26409183.0,35702426.0709
2026-03-09 04:00:00,1.3499,1.3581,1.3319,1.3399,20314423.0,27345440.9968
2026-03-09 08:00:00,1.3399,1.3627,1.3386,1.3494,18794181.0,25359821.9177
2026-03-09 12:00:00,1.3494,1.3722,1.3488,1.3594,30640885.0,41750689.5998
2026-03-09 16:00:00,1.3594,1.3844,1.3551,1.3725,24784065.0,33896214.2254
2026-03-09 20:00:00,1.3725,1.3783,1.3598,1.3626,15903958.0,21785643.9135
2026-03-10 00:00:00,1.3626,1.3918,1.36,1.3743,21453820.0,29580396.8932
2026-03-10 04:00:00,1.3743,1.3891,1.3723,1.3867,15681535.0,21664999.7707
2026-03-10 08:00:00,1.3867,1.4188,1.3867,1.3904,43048059.0,60429914.5599
2026-03-10 12:00:00,1.3904,1.4421,1.3803,1.4304,63490516.0,89537084.9115
2026-03-10 16:00:00,1.4304,1.4365,1.379,1.3845,40477504.0,57001376.0514
2026-03-10 20:00:00,1.3845,1.3941,1.3777,1.3859,16786569.0,23266313.7364
2026-03-11 00:00:00,1.3859,1.392,1.3771,1.3783,12110101.0,16750575.7433
2026-03-11 04:00:00,1.3783,1.3901,1.3726,1.3776,17990176.0,24817385.0514
2026-03-11 08:00:00,1.3776,1.3808,1.3715,1.3727,15324803.0,21082985.3413
2026-03-11 12:00:00,1.3727,1.4104,1.3696,1.3818,62247211.0,86456152.1222
2026-03-11 16:00:00,1.3818,1.4065,1.3796,1.3891,29656374.0,41364648.5277
2026-03-11 20:00:00,1.3891,1.3965,1.3812,1.384,12380625.0,17200953.5007
2026-03-12 00:00:00,1.384,1.3853,1.3688,1.3729,16483744.0,22679274.9644
2026-03-12 04:00:00,1.3729,1.3775,1.3651,1.3755,22123693.0,30327839.2473
2026-03-12 08:00:00,1.3755,1.3931,1.373,1.387,24631676.0,34091839.5866
2026-03-12 12:00:00,1.387,1.3921,1.3633,1.3787,38621220.0,53259160.7281
2026-03-12 16:00:00,1.3787,1.3855,1.3686,1.378,15005027.0,20675739.744
2026-03-12 20:00:00,1.378,1.389,1.3705,1.3846,13132395.0,18119813.0111
2026-03-13 00:00:00,1.3846,1.4239,1.3826,1.4117,38461179.0,54124084.904
2026-03-13 04:00:00,1.4117,1.4265,1.4068,1.4149,25027158.0,35446466.4844
2026-03-13 08:00:00,1.4149,1.4381,1.4124,1.4199,27965721.0,39925109.6096
2026-03-13 12:00:00,1.4199,1.4524,1.4062,1.4085,63632460.0,91195578.0015
2026-03-13 16:00:00,1.4085,1.4146,1.3892,1.4006,25847931.0,36226231.8176
2026-03-13 20:00:00,1.4006,1.4053,1.3892,1.3984,13250674.0,18518215.9946
2026-03-14 00:00:00,1.3984,1.403,1.3918,1.4002,9180539.0,12830082.3782
2026-03-14 04:00:00,1.4002,1.4037,1.3837,1.3935,11361424.0,15826956.7492
2026-03-14 08:00:00,1.3935,1.3967,1.3872,1.3918,8317665.0,11577665.7496
2026-03-14 12:00:00,1.3918,1.3939,1.3863,1.3898,7085949.0,9848306.7764
2026-03-14 16:00:00,1.3898,1.3928,1.3865,1.3895,3792011.0,5271779.6524
2026-03-14 20:00:00,1.3895,1.4077,1.3882,1.4057,10412703.0,14561034.9536
2026-03-15 00:00:00,1.4057,1.4197,1.4013,1.4113,21343622.0,30128070.4667
2026-03-15 04:00:00,1.4113,1.4203,1.4046,1.4072,19101096.0,26974640.6408
2026-03-15 08:00:00,1.4072,1.4202,1.4072,1.4192,15353280.0,21720916.5042
2026-03-15 12:00:00,1.4192,1.4297,1.4118,1.4152,25798744.0,36626463.0205
2026-03-15 16:00:00,1.4152,1.4235,1.4079,1.4121,12799761.0,18099668.1224
2026-03-15 20:00:00,1.4121,1.4641,1.4097,1.4481,39877967.0,57482420.2762
2026-03-16 00:00:00,1.4481,1.4796,1.4355,1.467,30257623.0,44075436.6563
2026-03-16 04:00:00,1.467,1.488,1.4669,1.4823,31667875.0,46824666.3758
2026-03-16 08:00:00,1.4823,1.4886,1.4637,1.4691,23658568.0,34833787.4191
2026-03-16 12:00:00,1.4691,1.5155,1.4688,1.4922,57992754.0,86549023.6173
2026-03-16 16:00:00,1.4922,1.544,1.4911,1.5293,50537701.0,77050605.6999
2026-03-16 20:00:00,1.5293,1.5519,1.5228,1.5422,33023782.0,50773233.3858
2026-03-17 00:00:00,1.5422,1.6063,1.5332,1.5437,79197316.0,123864047.6075
2026-03-17 04:00:00,1.5437,1.5518,1.504,1.5294,49980968.0,76350228.1888
2026-03-17 08:00:00,1.5294,1.5322,1.5017,1.5088,30173546.0,45723329.6823
2026-03-17 12:00:00,1.5088,1.521,1.4931,1.5129,73684032.0,110973525.9271
2026-03-17 16:00:00,1.5129,1.54,1.5003,1.5323,56454354.0,85927858.8383
2026-03-17 20:00:00,1.5323,1.5355,1.5167,1.5173,16095236.0,24588332.0154
2026-03-18 00:00:00,1.5173,1.539,1.5082,1.5382,19860975.0,30235466.962
2026-03-18 04:00:00,1.5382,1.5406,1.5143,1.5193,20291244.0,30984079.2881
2026-03-18 08:00:00,1.5193,1.5268,1.4831,1.4892,32195001.0,48435542.4017
2026-03-18 12:00:00,1.4892,1.4901,1.4375,1.4403,60019792.0,87657099.3933
2026-03-18 16:00:00,1.4403,1.4662,1.4351,1.4486,34434984.0,49947815.266
2026-03-18 20:00:00,1.4486,1.4713,1.4413,1.4638,18503835.0,26991808.1602
2026-03-19 00:00:00,1.4638,1.4783,1.4548,1.4735,14886612.0,21828010.92
2026-03-19 04:00:00,1.4735,1.4808,1.4501,1.4603,26947565.0,39501986.8278
2026-03-19 08:00:00,1.4603,1.4702,1.4513,1.4578,19052898.0,27831310.3803
2026-03-19 12:00:00,1.4578,1.4578,1.4236,1.4309,43820842.0,63116987.7602
2026-03-19 16:00:00,1.4309,1.4521,1.4212,1.4439,21811542.0,31301445.1614
2026-03-19 20:00:00,1.4439,1.4551,1.4417,1.4468,10626236.0,15392333.8563
2026-03-20 00:00:00,1.4468,1.46,1.4448,1.4522,12965266.0,18827497.3251
2026-03-20 04:00:00,1.4522,1.4623,1.4426,1.4536,15451913.0,22453257.1868
2026-03-20 08:00:00,1.4536,1.4657,1.4426,1.4486,16852519.0,24470621.3623
2026-03-20 12:00:00,1.4486,1.4517,1.4275,1.4368,26047729.0,37481780.6172
2026-03-20 16:00:00,1.4368,1.4425,1.4238,1.4351,14044327.0,20139469.7864
2026-03-20 20:00:00,1.4351,1.4514,1.4283,1.4443,13779215.0,19862982.0745
2026-03-21 00:00:00,1.4443,1.4491,1.4417,1.445,6740891.0,9740948.828
2026-03-21 04:00:00,1.445,1.452,1.443,1.4431,10104388.0,14624716.0521
2026-03-21 08:00:00,1.4431,1.4447,1.4358,1.4419,8913617.0,12832307.5966
2026-03-21 12:00:00,1.4419,1.4461,1.4332,1.4372,15425101.0,22202797.7024
2026-03-21 16:00:00,1.4372,1.441,1.4328,1.4364,5384409.0,7735684.6478
2026-03-21 20:00:00,1.4364,1.4421,1.3991,1.408,22071675.0,31294482.8615
2026-03-22 00:00:00,1.408,1.4256,1.3929,1.4163,32735560.0,46081642.5088
2026-03-22 04:00:00,1.4163,1.4198,1.4021,1.4027,12815270.0,18092851.8732
2026-03-22 08:00:00,1.4027,1.4032,1.3847,1.3902,22289320.0,31048712.3367
2026-03-22 12:00:00,1.3902,1.4063,1.3901,1.3919,15295444.0,21379472.9862
2026-03-22 16:00:00,1.3919,1.395,1.3801,1.3841,13673576.0,18977367.0248
2026-03-22 20:00:00,1.3841,1.3924,1.3706,1.3841,21937340.0,30288729.044
2026-03-23 00:00:00,1.3841,1.3925,1.3735,1.3808,16075908.0,22251191.9659
2026-03-23 04:00:00,1.3808,1.396,1.3616,1.3719,30189809.0,41638658.7763
2026-03-23 08:00:00,1.3719,1.4439,1.3606,1.4105,85942749.0,121178538.5993
2026-03-23 12:00:00,1.4105,1.4657,1.4006,1.431,51917565.0,74577530.808
2026-03-23 16:00:00,1.431,1.446,1.426,1.4337,21491305.0,30872450.613
2026-03-23 20:00:00,1.4337,1.4396,1.4233,1.4315,10213749.0,14615103.062
2026-03-24 00:00:00,1.4315,1.4345,1.4082,1.4141,16185645.0,22931724.1787
2026-03-24 04:00:00,1.4141,1.4319,1.4046,1.4304,16485779.0,23341502.8031
2026-03-24 08:00:00,1.4304,1.4327,1.4127,1.4223,20134287.0,28596422.5877
2026-03-24 12:00:00,1.4223,1.4228,1.3949,1.4004,25896262.0,36395375.3995
2026-03-24 16:00:00,1.4004,1.4032,1.3828,1.387,15177575.0,21102458.2595
2026-03-24 20:00:00,1.387,1.4174,1.3854,1.415,20781615.0,29264685.3838
2026-03-25 00:00:00,1.415,1.4242,1.4064,1.4125,16199345.0,22936961.3895
2026-03-25 04:00:00,1.4125,1.4258,1.4104,1.4194,14229518.0,20187723.6095
2026-03-25 08:00:00,1.4194,1.4371,1.4118,1.4282,32688063.0,46562420.7108
2026-03-25 12:00:00,1.4282,1.4315,1.4009,1.4068,31575003.0,44724546.6536
2026-03-25 16:00:00,1.4068,1.42,1.4041,1.4113,12717645.0,17973269.6285
2026-03-25 20:00:00,1.4113,1.4218,1.4093,1.4139,10160856.0,14386723.311
2026-03-26 00:00:00,1.4139,1.4159,1.3953,1.4011,13696135.0,19248024.8535
2026-03-26 04:00:00,1.4011,1.405,1.3787,1.3852,23855484.0,33129341.726
2026-03-26 08:00:00,1.3852,1.3858,1.3673,1.3705,23915583.0,32877944.1981
2026-03-26 12:00:00,1.3705,1.3822,1.352,1.3598,27809989.0,38007716.1426
2026-03-26 16:00:00,1.3598,1.3655,1.3353,1.3436,34851172.0,47020322.962
2026-03-26 20:00:00,1.3436,1.3698,1.3434,1.3601,33659612.0,45806151.5043
2026-03-27 00:00:00,1.3601,1.3721,1.3573,1.3635,15705698.0,21441189.6619
2026-03-27 04:00:00,1.3635,1.3681,1.3554,1.3582,13336978.0,18148399.5229
2026-03-27 08:00:00,1.3582,1.3609,1.3254,1.3345,52982172.0,71037272.4584
2026-03-27 12:00:00,1.3345,1.345,1.3256,1.3349,53766716.0,71756005.5006
2026-03-27 16:00:00,1.3349,1.3368,1.3173,1.3243,24236721.0,32155974.0019
2026-03-27 20:00:00,1.3243,1.3321,1.3197,1.3251,10930171.0,14478076.5285
2026-03-28 00:00:00,1.3251,1.3289,1.3182,1.3264,7819864.0,10354235.047
2026-03-28 04:00:00,1.3264,1.3414,1.3251,1.3405,13394946.0,17887863.4428
2026-03-28 08:00:00,1.3405,1.3425,1.3341,1.3396,6538273.0,8752019.0062
2026-03-28 12:00:00,1.3396,1.3577,1.3352,1.3528,25092488.0,33835190.0588
2026-03-28 16:00:00,1.3528,1.3539,1.3413,1.3441,6333518.0,8535553.5615
2026-03-28 20:00:00,1.3441,1.3473,1.3303,1.3327,9664358.0,12932646.3517
2026-03-29 00:00:00,1.3327,1.3413,1.3294,1.3379,7839796.0,10465328.4471
2026-03-29 04:00:00,1.3379,1.3427,1.3276,1.3336,15931088.0,21260933.892
2026-03-29 08:00:00,1.3336,1.3402,1.3304,1.3374,7090644.0,9469441.7151
2026-03-29 12:00:00,1.3374,1.3375,1.3201,1.325,17666328.0,23436062.2234
2026-03-29 16:00:00,1.325,1.3288,1.3158,1.3173,10556236.0,13948650.9617
2026-03-29 20:00:00,1.3173,1.3317,1.2941,1.3268,34261903.0,45019530.3311
2026-03-30 00:00:00,1.3268,1.355,1.3237,1.3512,24649509.0,33068510.5944
2026-03-30 04:00:00,1.3512,1.3604,1.3462,1.3575,21433990.0,29009580.9786
2026-03-30 08:00:00,1.3575,1.3664,1.3443,1.3495,20794732.0,28176887.5137
2026-03-30 12:00:00,1.3495,1.3558,1.3344,1.3447,21906270.0,29472779.1264
2026-03-30 16:00:00,1.3447,1.3449,1.316,1.3223,21295254.0,28311008.7117
2026-03-30 20:00:00,1.3223,1.334,1.3192,1.3236,10042451.0,13316530.4167
2026-03-31 00:00:00,1.3236,1.3474,1.3185,1.3253,15592940.0,20769511.264
2026-03-31 04:00:00,1.3253,1.3292,1.3133,1.3185,29609378.0,39104895.6775
2026-03-31 08:00:00,1.3185,1.3228,1.3036,1.3143,24923377.0,32687737.8775
2026-03-31 12:00:00,1.3143,1.3381,1.3104,1.3145,30302505.0,40065690.1001
2026-03-31 16:00:00,1.3145,1.3459,1.3136,1.3443,25210624.0,33604886.2531
2026-03-31 20:00:00,1.3443,1.3497,1.3319,1.3409,9399615.0,12601226.8201
2026-04-01 00:00:00,1.3409,1.3511,1.3306,1.3477,12600340.0,16899387.5706
2026-04-01 04:00:00,1.3477,1.3666,1.3354,1.3561,29256305.0,39520545.9724
2026-04-01 08:00:00,1.3561,1.3582,1.3485,1.3539,11657694.0,15772803.7801
2026-04-01 12:00:00,1.3539,1.361,1.3441,1.3569,22079447.0,29884062.753
2026-04-01 16:00:00,1.3569,1.3679,1.3456,1.3492,18518346.0,25107176.9284
2026-04-01 20:00:00,1.3492,1.3565,1.3413,1.3471,10468239.0,14132398.3927
2026-04-02 00:00:00,1.3471,1.3563,1.306,1.3122,34078991.0,45234882.4431
2026-04-02 04:00:00,1.3122,1.3198,1.304,1.3168,19249476.0,25250889.6944
2026-04-02 08:00:00,1.3168,1.3168,1.298,1.2993,17389242.0,22714841.1863
2026-04-02 12:00:00,1.2993,1.3029,1.2791,1.2992,44049310.0,56887467.166
2026-04-02 16:00:00,1.2992,1.3106,1.294,1.3074,14038940.0,18295993.0585
2026-04-02 20:00:00,1.3074,1.3217,1.3041,1.3192,11165447.0,14685712.0077
2026-04-03 00:00:00,1.3192,1.3232,1.3026,1.3209,22295706.0,29294508.5374
2026-04-03 04:00:00,1.3209,1.3255,1.3137,1.3181,13599388.0,17943346.8262
2026-04-03 08:00:00,1.3181,1.3237,1.3087,1.3198,20173395.0,26543468.9761
2026-04-03 12:00:00,1.3198,1.3371,1.3136,1.3179,25407840.0,33591809.5185
2026-04-03 16:00:00,1.3179,1.3246,1.3125,1.317,8946727.0,11792850.0689
2026-04-03 20:00:00,1.317,1.3218,1.3114,1.3176,11873516.0,15626414.2304
2026-04-04 00:00:00,1.3176,1.3182,1.3124,1.3151,4898594.0,6443279.1775
2026-04-04 04:00:00,1.3151,1.32,1.3145,1.3152,4427997.0,5832185.4724
2026-04-04 08:00:00,1.3152,1.3159,1.3059,1.3112,20783929.0,27252459.9803
2026-04-04 12:00:00,1.3112,1.3163,1.3058,1.3121,8099310.0,10613443.8165
2026-04-04 16:00:00,1.3121,1.3223,1.31,1.3169,7293470.0,9593609.0256
2026-04-04 20:00:00,1.3169,1.3181,1.3128,1.3147,4250393.0,5592826.1314
2026-04-05 00:00:00,1.3147,1.319,1.3095,1.3126,6619702.0,8702399.9503
2026-04-05 04:00:00,1.3126,1.3147,1.2948,1.2972,30195337.0,39363277.2929
2026-04-05 08:00:00,1.2972,1.3034,1.2963,1.2978,6900709.0,8963337.9713
2026-04-05 12:00:00,1.2978,1.305,1.278,1.2957,35576893.0,45843908.3296
2026-04-05 16:00:00,1.2957,1.3066,1.2957,1.3,8496538.0,11048235.8493
2026-04-05 20:00:00,1.3,1.3315,1.2962,1.3256,22908227.0,30089900.4147
2026-04-06 00:00:00,1.3256,1.3485,1.3253,1.3377,28443412.0,38006691.9795
2026-04-06 04:00:00,1.3377,1.3467,1.3356,1.3437,24282885.0,32553077.0333
2026-04-06 08:00:00,1.3437,1.357,1.3373,1.3492,25076323.0,33813732.4614
2026-04-06 12:00:00,1.3492,1.353,1.3403,1.35,18674988.0,25144370.589
2026-04-06 16:00:00,1.35,1.353,1.3339,1.3408,16788645.0,22500026.3992
2026-04-06 20:00:00,1.3408,1.3431,1.3115,1.3203,20077149.0,26620082.655
2026-04-07 00:00:00,1.3203,1.3252,1.312,1.3164,13309222.0,17541199.2082
2026-04-07 04:00:00,1.3164,1.3199,1.3048,1.3119,21154775.0,27768967.577
2026-04-07 08:00:00,1.3119,1.3242,1.3021,1.3054,22403489.0,29423042.4779
2026-04-07 12:00:00,1.3054,1.3128,1.294,1.2968,28850751.0,37583160.5029
2026-04-07 16:00:00,1.2968,1.3168,1.2947,1.3134,19275692.0,25174220.1568
2026-04-07 20:00:00,1.3134,1.3959,1.3131,1.3781,64880499.0,87896047.1249
2026-04-08 00:00:00,1.3781,1.3837,1.3595,1.3698,24114034.0,33043863.1161
2026-04-08 04:00:00,1.3698,1.3872,1.3687,1.3792,15446510.0,21305031.5118
2026-04-08 08:00:00,1.3792,1.3872,1.3707,1.3773,20279810.0,27999964.8165
2026-04-08 12:00:00,1.3773,1.3893,1.3444,1.3544,41072446.0,56140422.6821
2026-04-08 16:00:00,1.3544,1.363,1.3435,1.3512,21867982.0,29591113.4616
2026-04-08 20:00:00,1.3512,1.3568,1.338,1.342,15611201.0,21004844.289
2026-04-09 00:00:00,1.342,1.3425,1.326,1.3308,25865139.0,34479029.6529
2026-04-09 04:00:00,1.3308,1.3352,1.3254,1.3313,16725867.0,22253968.7433
2026-04-09 08:00:00,1.3313,1.3382,1.3245,1.329,17788759.0,23694226.947
2026-04-09 12:00:00,1.329,1.3544,1.321,1.3516,21276327.0,28398720.0791
2026-04-09 16:00:00,1.3516,1.36,1.3453,1.3551,19118996.0,25886355.534
2026-04-09 20:00:00,1.3551,1.3692,1.3411,1.3433,14325729.0,19392504.0804
2026-04-10 00:00:00,1.3433,1.3499,1.3396,1.3405,12257412.0,16474501.4934
2026-04-10 04:00:00,1.3405,1.3484,1.3348,1.3365,11471960.0,15394995.9843
2026-04-10 08:00:00,1.3365,1.3462,1.334,1.341,18697470.0,25042657.0594
2026-04-10 12:00:00,1.341,1.3602,1.3367,1.3474,26079986.0,35142491.855
2026-04-10 16:00:00,1.3474,1.3627,1.3467,1.3623,9858717.0,13357182.8783
2026-04-10 20:00:00,1.3623,1.3653,1.3538,1.3555,9058947.0,12311696.4359
2026-04-11 00:00:00,1.3555,1.3569,1.3491,1.3501,9022107.0,12208696.6878
2026-04-11 04:00:00,1.3501,1.3517,1.3432,1.3458,8135824.0,10960867.5767
2026-04-11 08:00:00,1.3458,1.349,1.3413,1.3451,10930915.0,14707370.5341
2026-04-11 12:00:00,1.3451,1.3483,1.3386,1.3453,13990265.0,18791221.0827
2026-04-11 16:00:00,1.3453,1.3748,1.3448,1.3706,22803551.0,31013902.1306
2026-04-11 20:00:00,1.3706,1.3722,1.3504,1.3538,15986836.0,21760066.2462
2026-04-12 00:00:00,1.3538,1.3555,1.3241,1.3295,27201476.0,36346365.8421
2026-04-12 04:00:00,1.3295,1.3317,1.3261,1.3287,8888250.0,11809248.1216
2026-04-12 08:00:00,1.3287,1.3333,1.3258,1.3322,10853440.0,14433991.7501
2026-04-12 12:00:00,1.3322,1.3339,1.318,1.323,24469952.0,32448270.979
2026-04-12 16:00:00,1.323,1.3333,1.3225,1.33,6594167.0,8763203.0006
2026-04-12 20:00:00,1.33,1.3389,1.3215,1.3238,15427110.0,20521136.5886
2026-04-13 00:00:00,1.3238,1.3328,1.3223,1.3245,6595094.0,8755741.5081
2026-04-13 04:00:00,1.3245,1.3364,1.3186,1.3248,15443271.0,20528610.0063
2026-04-13 08:00:00,1.3248,1.3301,1.3221,1.325,11666263.0,15465427.8978
2026-04-13 12:00:00,1.325,1.3463,1.3225,1.3337,23603143.0,31499802.0697
2026-04-13 16:00:00,1.3337,1.355,1.3284,1.3524,18736946.0,25148802.0034
2026-04-13 20:00:00,1.3524,1.3837,1.3431,1.375,32138304.0,43882429.7895
2026-04-14 00:00:00,1.375,1.3769,1.3587,1.3669,16368120.0,22352708.8674
2026-04-14 04:00:00,1.3669,1.3769,1.3598,1.3679,24416586.0,33389308.7396
