time,open,high,low,close,volume,high_time,low_time
2021-01-03,1.22308,1.22528,1.22286,1.225,5442654000.0,2021-01-03 23:53:01.083,2021-01-03 22:08:07.435
2021-01-04,1.22499,1.23099,1.22385,1.22525,160538609000.0,2021-01-04 14:26:50.620,2021-01-04 00:39:15.258
2021-01-05,1.22526,1.23056,1.22471,1.22987,140131323000.0,2021-01-05 20:00:31.027,2021-01-05 00:06:48.795
2021-01-06,1.22985,1.23495,1.22656,1.23382,217403740000.0,2021-01-06 11:35:46.566,2021-01-06 16:11:05.765
2021-01-07,1.23381,1.23442,1.22451,1.2269,171722452000.0,2021-01-07 00:17:43.644,2021-01-07 10:51:40.601
2021-01-08,1.22691,1.22845,1.2193,1.22217,180080133400.0,2021-01-08 13:46:43.115,2021-01-08 18:46:52.804
2021-01-10,1.22141,1.22263,1.21821,1.2187,4493785000.0,2021-01-10 22:15:57.721,2021-01-10 23:57:39.112
2021-01-11,1.21869,1.21996,1.21321,1.21605,137471807000.0,2021-01-11 08:38:31.170,2021-01-11 15:01:59.036
2021-01-12,1.21606,1.22096,1.21371,1.22086,136301661000.0,2021-01-12 21:46:23.600,2021-01-12 14:07:27.805
2021-01-13,1.22087,1.22228,1.21399,1.21619,132428074000.0,2021-01-13 07:34:19.514,2021-01-13 17:18:37.754
2021-01-14,1.21618,1.21785,1.21111,1.21505,147804805000.0,2021-01-14 17:56:17.639,2021-01-14 13:28:45.303
2021-01-15,1.21506,1.21624,1.20749,1.2077,126114803000.0,2021-01-15 00:21:04.952,2021-01-15 21:49:33.703
2021-01-17,1.20775,1.20864,1.2066,1.20662,2565153000.0,2021-01-17 23:23:35.043,2021-01-17 23:59:24.826
2021-01-18,1.20663,1.20867,1.20535,1.20776,83512480000.0,2021-01-18 07:17:48.208,2021-01-18 12:57:53.767
2021-01-19,1.20775,1.21448,1.20773,1.21393,116465352000.0,2021-01-19 14:14:59.015,2021-01-19 00:00:00.578
2021-01-20,1.21392,1.21582,1.20766,1.21144,137602951000.0,2021-01-20 08:03:38.053,2021-01-20 14:54:13.970
2021-01-21,1.21143,1.2173,1.21093,1.21654,130107827000.0,2021-01-21 13:51:18.717,2021-01-21 00:40:59.890
2021-01-22,1.21655,1.21894,1.21514,1.21705,105865668000.0,2021-01-22 09:00:54.013,2021-01-22 08:22:19.527
2021-01-24,1.21656,1.21708,1.21628,1.21668,1451690000.0,2021-01-24 23:47:13.846,2021-01-24 22:13:27.905
2021-01-25,1.21669,1.21832,1.21159,1.21426,111626528000.0,2021-01-25 06:00:57.599,2021-01-25 15:11:25.317
2021-01-26,1.21427,1.2176,1.21077,1.21631,96316444000.0,2021-01-26 15:36:26.292,2021-01-26 07:57:25.640
2021-01-27,1.2163,1.21697,1.20583,1.21027,138956863000.0,2021-01-27 00:30:04.616,2021-01-27 14:49:31.501
2021-01-28,1.21026,1.21423,1.20806,1.21208,130000398000.0,2021-01-28 14:00:25.719,2021-01-28 07:37:21.261
2021-01-29,1.21209,1.21558,1.20943,1.21352,142136370000.0,2021-01-29 14:03:49.753,2021-01-29 05:43:05.193
2021-01-31,1.21303,1.21327,1.21203,1.21226,3644659000.0,2021-01-31 22:22:58.036,2021-01-31 23:19:59.609
2021-02-01,1.21224,1.21364,1.2056,1.20676,115536854000.0,2021-02-01 01:29:25.764,2021-02-01 20:59:55.432
2021-02-02,1.20675,1.20877,1.20116,1.20366,98727614000.0,2021-02-02 02:01:22.191,2021-02-02 17:40:00.094
2021-02-03,1.20367,1.205,1.20039,1.20412,82949490000.0,2021-02-03 01:18:38.544,2021-02-03 15:47:14.866
2021-02-04,1.20413,1.20427,1.19574,1.19663,93168443000.0,2021-02-04 00:19:07.282,2021-02-04 19:33:13.405
2021-02-05,1.19661,1.20498,1.19521,1.20492,111302935000.0,2021-02-05 21:02:20.649,2021-02-05 03:00:31.602
2021-02-07,1.20371,1.20554,1.20362,1.20485,3794501000.0,2021-02-07 23:02:17.049,2021-02-07 22:19:33.986
2021-02-08,1.20486,1.2066,1.20196,1.20522,104857295000.0,2021-02-08 15:05:06.625,2021-02-08 12:44:43.042
2021-02-09,1.20523,1.2122,1.20493,1.21161,99430384000.0,2021-02-09 21:55:58.236,2021-02-09 00:05:11.220
2021-02-10,1.21163,1.21439,1.21088,1.21189,77912358000.0,2021-02-10 08:55:38.391,2021-02-10 01:14:41.595
2021-02-11,1.2119,1.21494,1.21134,1.21305,66951580000.0,2021-02-11 13:11:33.982,2021-02-11 00:53:46.693
2021-02-12,1.21306,1.21331,1.20814,1.2119,75135217000.0,2021-02-12 00:31:47.151,2021-02-12 14:18:41.686
2021-02-14,1.21235,1.21252,1.21196,1.21205,3411188000.0,2021-02-14 23:02:01.295,2021-02-14 22:31:44.157
2021-02-15,1.21206,1.21451,1.21167,1.21319,65971208000.0,2021-02-15 08:17:18.845,2021-02-15 00:09:50.294
2021-02-16,1.2132,1.21694,1.20859,1.20883,111559496000.0,2021-02-16 12:20:54.859,2021-02-16 23:14:41.034
2021-02-17,1.20882,1.20982,1.20232,1.20452,124109931000.0,2021-02-17 02:21:16.829,2021-02-17 15:53:37.013
2021-02-18,1.20453,1.20956,1.20355,1.20917,90723539000.0,2021-02-18 23:18:12.876,2021-02-18 03:34:42.749
2021-02-19,1.20916,1.21444,1.20822,1.21175,95045875000.0,2021-02-19 11:01:49.815,2021-02-19 02:20:00.306
2021-02-21,1.21187,1.21291,1.21148,1.21246,3104364000.0,2021-02-21 23:47:15.919,2021-02-21 22:05:03.731
2021-02-22,1.21247,1.21693,1.20911,1.21637,115043056000.0,2021-02-22 18:43:59.929,2021-02-22 08:45:25.603
2021-02-23,1.21638,1.21801,1.21352,1.21506,110313778000.0,2021-02-23 07:48:56.774,2021-02-23 14:50:03.863
2021-02-24,1.21505,1.21746,1.21091,1.21694,149551756000.0,2021-02-24 08:32:53.066,2021-02-24 15:18:00.006
2021-02-25,1.21696,1.22432,1.21559,1.21575,178413460000.0,2021-02-25 15:00:00.772,2021-02-25 02:08:59.427
2021-02-26,1.21576,1.21825,1.20621,1.20726,217633003000.0,2021-02-26 02:28:17.272,2021-02-26 21:02:23.078
2021-02-28,1.20699,1.2092,1.20698,1.20904,6211271000.0,2021-02-28 23:42:22.848,2021-02-28 22:05:01.835
2021-03-01,1.20905,1.21012,1.20276,1.20486,144609281000.0,2021-03-01 00:39:55.060,2021-03-01 15:13:44.962
2021-03-02,1.20485,1.20943,1.19915,1.20847,122676350000.0,2021-03-02 20:27:58.092,2021-03-02 09:09:52.719
2021-03-03,1.20848,1.21132,1.20428,1.20464,123800899000.0,2021-03-03 09:44:34.231,2021-03-03 14:20:57.398
2021-03-04,1.20463,1.20631,1.19605,1.19671,174191155000.0,2021-03-04 02:08:02.555,2021-03-04 23:23:11.907
2021-03-05,1.1967,1.19685,1.18929,1.1911,164614310000.0,2021-03-05 00:01:57.597,2021-03-05 13:33:20.415
2021-03-07,1.19174,1.1932,1.19168,1.19262,5305202000.0,2021-03-07 23:21:42.128,2021-03-07 22:08:06.543
2021-03-08,1.19263,1.19321,1.18441,1.18506,161283438000.0,2021-03-08 00:47:27.761,2021-03-08 21:36:20.155
2021-03-09,1.18507,1.19157,1.18354,1.18967,182479655000.0,2021-03-09 11:31:04.516,2021-03-09 01:35:15.116
2021-03-10,1.18966,1.19297,1.18687,1.19242,180317618000.0,2021-03-10 21:29:09.396,2021-03-10 06:10:30.254
2021-03-11,1.19241,1.19899,1.19157,1.19809,157466356396.0,2021-03-11 20:38:55.852,2021-03-11 00:54:48.302
2021-03-12,1.19807,1.19885,1.19099,1.19514,165601995000.0,2021-03-12 01:36:26.165,2021-03-12 10:05:53.867
2021-03-14,1.19453,1.19542,1.19434,1.195,4622037000.0,2021-03-14 22:21:03.114,2021-03-14 21:11:47.879
2021-03-15,1.19501,1.19674,1.1911,1.19262,140414193000.0,2021-03-15 01:30:42.499,2021-03-15 15:37:09.956
2021-03-16,1.19263,1.19517,1.18821,1.19022,150685927000.0,2021-03-16 11:48:29.487,2021-03-16 15:46:26.642
2021-03-17,1.19021,1.19872,1.18862,1.19827,133344601000.0,2021-03-17 22:29:17.585,2021-03-17 08:10:28.940
2021-03-18,1.19826,1.19889,1.19061,1.19175,185059973000.0,2021-03-18 07:10:31.685,2021-03-18 19:53:22.000
2021-03-19,1.19176,1.19371,1.18738,1.19043,152637019000.0,2021-03-19 07:56:46.858,2021-03-19 13:42:26.420
2021-03-21,1.18765,1.18899,1.18732,1.18836,4207193000.0,2021-03-21 23:05:44.563,2021-03-21 21:31:43.543
2021-03-22,1.18837,1.19468,1.18744,1.19322,115148633000.0,2021-03-22 17:35:59.552,2021-03-22 07:06:36.229
2021-03-23,1.19323,1.19406,1.1836,1.18396,140185367000.0,2021-03-23 00:16:30.708,2021-03-23 23:55:49.803
2021-03-24,1.18398,1.18508,1.18089,1.18127,133237200000.0,2021-03-24 01:53:56.619,2021-03-24 22:24:36.347
2021-03-25,1.18128,1.18276,1.17617,1.17755,145669070000.0,2021-03-25 03:30:52.064,2021-03-25 17:02:35.183
2021-03-26,1.17756,1.18049,1.17715,1.17929,101152243000.0,2021-03-26 15:48:39.319,2021-03-26 00:20:30.244
2021-03-28,1.17907,1.17936,1.17857,1.17874,2877200000.0,2021-03-28 22:06:16.030,2021-03-28 23:50:43.389
2021-03-29,1.17873,1.17938,1.17607,1.17685,118838694000.0,2021-03-29 07:55:42.405,2021-03-29 15:06:42.278
2021-03-30,1.17683,1.17737,1.17114,1.1723,112764887000.0,2021-03-30 01:58:03.704,2021-03-30 13:50:40.357
2021-03-31,1.17229,1.176,1.17041,1.17271,118121598000.0,2021-03-31 14:57:25.151,2021-03-31 04:19:29.588
2021-04-01,1.17272,1.17826,1.17123,1.17771,101844896000.0,2021-04-01 22:51:52.027,2021-04-01 06:05:08.576
2021-04-02,1.17772,1.17865,1.17489,1.17615,29036962000.0,2021-04-02 08:47:42.697,2021-04-02 13:08:31.013
2021-04-04,1.17533,1.17678,1.17533,1.17675,5205582000.0,2021-04-04 23:59:55.789,2021-04-04 21:05:00.093
2021-04-05,1.17672,1.18195,1.17377,1.18168,57555574000.0,2021-04-05 17:20:19.904,2021-04-05 10:04:34.445
2021-04-06,1.18166,1.18775,1.1795,1.18736,108525652000.0,2021-04-06 20:29:15.646,2021-04-06 08:43:31.294
2021-04-07,1.18738,1.19146,1.18608,1.18723,128397778000.0,2021-04-07 14:44:43.725,2021-04-07 19:25:11.915
2021-04-08,1.18725,1.19272,1.18606,1.19152,99900279000.0,2021-04-08 16:36:18.861,2021-04-08 01:19:22.745
2021-04-09,1.19151,1.19201,1.18669,1.19009,108778064000.0,2021-04-09 00:55:01.965,2021-04-09 12:51:48.444
2021-04-11,1.18925,1.19039,1.18925,1.18958,3138663000.0,2021-04-11 21:45:04.550,2021-04-11 21:05:00.696
2021-04-12,1.18959,1.19189,1.1871,1.19116,101102860000.0,2021-04-12 16:40:49.084,2021-04-12 08:09:01.353
2021-04-13,1.19115,1.19557,1.18775,1.19537,118682054700.0,2021-04-13 19:59:49.815,2021-04-13 12:30:03.886
2021-04-14,1.19539,1.19873,1.19509,1.1983,81471661900.0,2021-04-14 16:49:55.644,2021-04-14 11:05:28.426
2021-04-15,1.19829,1.19932,1.1956,1.19693,94114644000.0,2021-04-15 09:23:03.414,2021-04-15 13:02:31.936
2021-04-16,1.19692,1.19949,1.19503,1.19813,88181838000.0,2021-04-16 10:53:36.347,2021-04-16 02:12:02.010
2021-04-18,1.19737,1.19774,1.1968,1.19689,3692563000.0,2021-04-18 21:59:50.558,2021-04-18 23:37:37.068
2021-04-19,1.19687,1.2048,1.19425,1.20424,100309963000.0,2021-04-19 11:03:35.507,2021-04-19 01:49:52.074
2021-04-20,1.20425,1.20797,1.20224,1.20323,101251086000.0,2021-04-20 07:46:25.300,2021-04-20 17:31:52.900
2021-04-21,1.20322,1.20435,1.19985,1.20371,82673973000.0,2021-04-21 00:42:34.506,2021-04-21 10:29:45.389
2021-04-22,1.20372,1.20696,1.19935,1.20142,115618137000.0,2021-04-22 13:02:29.996,2021-04-22 18:16:41.592
2021-04-23,1.20143,1.20998,1.20128,1.20977,83660313000.0,2021-04-23 19:58:30.060,2021-04-23 00:03:53.484
2021-04-25,1.20931,1.20982,1.20888,1.20892,3554410000.0,2021-04-25 21:36:58.379,2021-04-25 23:59:30.861
2021-04-26,1.20893,1.21168,1.20609,1.20794,90277361000.0,2021-04-26 03:18:26.879,2021-04-26 13:54:04.178
2021-04-27,1.20793,1.20928,1.20566,1.20891,80819175000.0,2021-04-27 21:35:50.750,2021-04-27 09:14:39.780
2021-04-28,1.2089,1.21353,1.20561,1.21348,111932285000.0,2021-04-28 23:53:28.351,2021-04-28 07:01:23.089
2021-04-29,1.21347,1.215,1.2102,1.21244,110592744000.0,2021-04-29 01:44:40.096,2021-04-29 13:51:48.679
2021-04-30,1.21243,1.21264,1.20164,1.20206,105344861000.0,2021-04-30 01:01:53.094,2021-04-30 19:47:28.113
2021-05-02,1.20268,1.20311,1.20245,1.20271,2297481000.0,2021-05-02 21:05:01.352,2021-05-02 22:15:44.146
2021-05-03,1.20272,1.20761,1.20129,1.20588,81702480000.0,2021-05-03 15:07:31.120,2021-05-03 06:05:07.502
2021-05-04,1.20589,1.20601,1.19991,1.20144,112352601000.0,2021-05-04 00:03:52.933,2021-05-04 09:04:38.108
2021-05-05,1.20145,1.20267,1.19859,1.20075,97807789000.0,2021-05-05 03:24:40.087,2021-05-05 07:37:15.812
2021-05-06,1.20074,1.20715,1.1993,1.20651,88287430000.0,2021-05-06 13:52:50.428,2021-05-06 02:54:09.252
2021-05-07,1.2065,1.21713,1.20528,1.21628,128483492000.0,2021-05-07 19:53:33.546,2021-05-07 06:30:00.469
2021-05-09,1.21624,1.21768,1.21612,1.21704,3892930000.0,2021-05-09 23:55:19.369,2021-05-09 22:37:34.494
2021-05-10,1.21705,1.21781,1.21276,1.21404,108498952000.0,2021-05-10 13:30:24.684,2021-05-10 20:55:59.558
2021-05-11,1.21405,1.21816,1.21229,1.2144,130030198000.0,2021-05-11 13:06:12.259,2021-05-11 07:15:30.060
2021-05-12,1.21442,1.2152,1.20655,1.20776,161103250000.0,2021-05-12 13:06:19.573,2021-05-12 16:58:13.669
2021-05-13,1.20775,1.2106,1.20514,1.20766,141679566000.0,2021-05-13 07:22:14.150,2021-05-13 08:50:48.721
2021-05-14,1.20767,1.21475,1.20707,1.2144,100410026000.0,2021-05-14 14:17:02.950,2021-05-14 00:28:47.319
2021-05-16,1.21394,1.21512,1.21394,1.21498,1905013000.0,2021-05-16 23:56:05.508,2021-05-16 21:05:00.617
2021-05-17,1.21496,1.21687,1.2126,1.21562,93911555000.0,2021-05-17 11:15:00.270,2021-05-17 05:59:21.081
2021-05-18,1.21561,1.22339,1.21534,1.22223,97677343000.0,2021-05-18 12:43:28.187,2021-05-18 00:06:46.422
2021-05-19,1.22224,1.22453,1.21598,1.21704,158300704000.0,2021-05-19 07:05:09.493,2021-05-19 19:02:08.596
2021-05-20,1.21703,1.223,1.21688,1.22249,104899772000.0,2021-05-20 22:12:10.397,2021-05-20 00:00:17.257
2021-05-21,1.2225,1.22397,1.21607,1.21806,116683125000.0,2021-05-21 06:04:33.620,2021-05-21 16:57:32.650
2021-05-23,1.21811,1.21843,1.21721,1.21805,6900707000.0,2021-05-23 23:11:04.562,2021-05-23 22:18:52.762
2021-05-24,1.21804,1.22299,1.21747,1.2214,118401939000.0,2021-05-24 14:22:37.802,2021-05-24 08:38:13.229
2021-05-25,1.22138,1.22663,1.22115,1.22469,130080980000.0,2021-05-25 12:15:46.260,2021-05-25 00:04:02.603
2021-05-26,1.2247,1.22628,1.21819,1.2192,126754572000.0,2021-05-26 05:21:04.402,2021-05-26 17:44:56.152
2021-05-27,1.21919,1.22151,1.21751,1.21927,121282549000.0,2021-05-27 08:28:28.170,2021-05-27 01:25:04.703
2021-05-28,1.21926,1.22048,1.21326,1.21895,107976064000.0,2021-05-28 17:43:57.199,2021-05-28 13:01:58.594
2021-05-30,1.21996,1.22,1.2189,1.21894,2140838000.0,2021-05-30 21:05:25.818,2021-05-30 23:59:37.269
2021-05-31,1.21896,1.22344,1.21832,1.22324,59631469000.0,2021-05-31 23:44:02.324,2021-05-31 06:45:02.484
2021-06-01,1.22327,1.22543,1.22117,1.22173,99270630000.0,2021-06-01 14:30:59.079,2021-06-01 21:04:01.876
2021-06-02,1.22174,1.22266,1.21641,1.22094,99495982000.0,2021-06-02 02:34:26.464,2021-06-02 11:21:47.506
2021-06-03,1.22095,1.22141,1.21182,1.21299,123838474000.0,2021-06-03 00:54:13.152,2021-06-03 16:32:24.541
2021-06-04,1.213,1.21857,1.21039,1.21661,103246383000.0,2021-06-04 14:02:03.297,2021-06-04 10:57:19.919
2021-06-06,1.21637,1.21676,1.21615,1.21665,1389402000.0,2021-06-06 23:57:34.378,2021-06-06 21:49:55.332
2021-06-07,1.21666,1.22017,1.21448,1.21905,72749386000.0,2021-06-07 16:02:00.700,2021-06-07 07:08:55.886
2021-06-08,1.21904,1.21941,1.21642,1.21723,94951103000.0,2021-06-08 00:13:16.695,2021-06-08 07:25:46.097
2021-06-09,1.21724,1.22179,1.21713,1.21784,76377332000.0,2021-06-09 13:32:39.926,2021-06-09 00:00:49.910
2021-06-10,1.21783,1.21948,1.21431,1.21726,136884047000.0,2021-06-10 12:54:33.674,2021-06-10 13:28:45.083
2021-06-11,1.21725,1.21929,1.20926,1.21062,107605047000.0,2021-06-11 06:20:29.965,2021-06-11 17:07:56.778
2021-06-13,1.21072,1.2112,1.21025,1.21094,2107950000.0,2021-06-13 22:41:03.872,2021-06-13 22:00:44.669
2021-06-14,1.21096,1.21304,1.20941,1.21219,82853330000.0,2021-06-14 14:39:39.014,2021-06-14 07:12:16.798
2021-06-15,1.21218,1.21471,1.21012,1.21245,96793870000.0,2021-06-15 07:57:00.291,2021-06-15 12:46:28.783
2021-06-16,1.21244,1.21347,1.19866,1.19951,159892328000.0,2021-06-16 06:39:22.955,2021-06-16 23:38:01.529
2021-06-17,1.1995,1.20063,1.18917,1.19129,189305957000.0,2021-06-17 05:58:30.857,2021-06-17 16:26:49.362
2021-06-18,1.19128,1.19249,1.1847,1.18596,205511900000.0,2021-06-18 03:34:44.848,2021-06-18 14:57:24.999
2021-06-20,1.18577,1.18754,1.18572,1.18704,1839408000.0,2021-06-20 23:32:21.623,2021-06-20 21:26:42.888
2021-06-21,1.18703,1.19213,1.18475,1.19119,96011601000.0,2021-06-21 16:41:30.081,2021-06-21 03:48:11.630
2021-06-22,1.19122,1.19526,1.18808,1.19363,101944529000.0,2021-06-22 19:10:06.090,2021-06-22 09:56:03.970
2021-06-23,1.19361,1.19701,1.19114,1.19295,144324024000.0,2021-06-23 13:59:44.434,2021-06-23 07:15:12.158
2021-06-24,1.19296,1.19562,1.19175,1.19278,135034481000.0,2021-06-24 12:55:58.535,2021-06-24 06:00:30.555
2021-06-25,1.19277,1.19752,1.19263,1.19369,122127586000.0,2021-06-25 13:59:48.044,2021-06-25 18:44:02.736
2021-06-27,1.19338,1.19419,1.19338,1.19414,1226066000.0,2021-06-27 23:57:09.562,2021-06-27 21:05:00.078
2021-06-28,1.19415,1.19444,1.19022,1.19285,140495395000.0,2021-06-28 07:10:07.703,2021-06-28 12:01:34.321
2021-06-29,1.19286,1.19296,1.18775,1.19003,128455841000.0,2021-06-29 00:00:33.006,2021-06-29 13:13:11.966
2021-06-30,1.19002,1.1909,1.18451,1.18558,144346332000.0,2021-06-30 02:21:57.021,2021-06-30 15:43:02.239
2021-07-01,1.18559,1.18841,1.18373,1.18457,127814926000.0,2021-07-01 12:10:15.569,2021-07-01 06:29:48.940
2021-07-02,1.18456,1.18742,1.18069,1.18644,145062610149.0,2021-07-02 18:12:35.785,2021-07-02 12:30:29.155
2021-07-04,1.18586,1.18687,1.18555,1.18557,2716078000.0,2021-07-04 22:00:00.512,2021-07-04 23:59:45.039
2021-07-05,1.18558,1.18804,1.18513,1.18624,84699870729.0,2021-07-05 11:06:44.230,2021-07-05 04:01:59.731
2021-07-06,1.18623,1.1895,1.18066,1.18222,166422416000.0,2021-07-06 06:10:28.779,2021-07-06 16:21:01.951
2021-07-07,1.18221,1.18362,1.17815,1.17929,143689664000.0,2021-07-07 12:16:55.753,2021-07-07 14:32:36.545
2021-07-08,1.17928,1.18677,1.17835,1.18464,173597824000.0,2021-07-08 14:43:15.029,2021-07-08 01:56:49.948
2021-07-09,1.18465,1.1881,1.1825,1.18775,117969086000.0,2021-07-09 20:23:08.611,2021-07-09 06:37:34.940
2021-07-11,1.18742,1.18769,1.18671,1.18725,3070834000.0,2021-07-11 22:00:26.964,2021-07-11 22:12:46.798
2021-07-12,1.18724,1.18801,1.18361,1.18628,93664710000.0,2021-07-12 01:30:43.683,2021-07-12 11:58:36.290
2021-07-13,1.18627,1.1875,1.17721,1.17748,120569021200.0,2021-07-13 03:22:13.996,2021-07-13 19:56:02.241
2021-07-14,1.17747,1.18387,1.17718,1.18329,107091718000.0,2021-07-14 20:29:53.893,2021-07-14 00:18:33.878
2021-07-15,1.1833,1.18505,1.17961,1.18113,115494327000.0,2021-07-15 08:42:03.788,2021-07-15 17:15:57.708
2021-07-16,1.18112,1.18223,1.17921,1.18057,99110796000.0,2021-07-16 09:45:55.830,2021-07-16 11:58:08.859
2021-07-18,1.1807,1.18137,1.18034,1.18123,1482183000.0,2021-07-18 23:56:23.614,2021-07-18 22:11:18.120
2021-07-19,1.18124,1.18244,1.17638,1.17918,140950038000.0,2021-07-19 14:00:45.296,2021-07-19 12:15:55.530
2021-07-20,1.17917,1.18024,1.17556,1.17812,122289928000.0,2021-07-20 09:46:24.492,2021-07-20 13:34:14.441
2021-07-21,1.17814,1.18047,1.17518,1.17922,97290303000.0,2021-07-21 19:27:09.820,2021-07-21 07:32:48.818
2021-07-22,1.17923,1.18304,1.17573,1.17723,119179875000.0,2021-07-22 13:16:28.748,2021-07-22 16:43:18.458
2021-07-23,1.17724,1.17863,1.17543,1.17689,82015713000.0,2021-07-23 08:38:03.228,2021-07-23 11:32:05.090
2021-07-25,1.17683,1.17743,1.17683,1.17728,2711523000.0,2021-07-25 23:16:52.309,2021-07-25 21:05:01.017
2021-07-26,1.17729,1.18171,1.17633,1.18046,89376138826.0,2021-07-26 14:18:39.433,2021-07-26 00:57:23.793
2021-07-27,1.18047,1.1841,1.177,1.18203,111591505000.0,2021-07-27 17:37:15.443,2021-07-27 08:21:10.799
2021-07-28,1.18202,1.18494,1.17719,1.18454,120880716000.0,2021-07-28 20:17:22.295,2021-07-28 18:00:54.454
2021-07-29,1.18455,1.18942,1.18406,1.18901,80617558000.0,2021-07-29 23:12:24.376,2021-07-29 00:54:50.274
2021-07-30,1.18902,1.19086,1.18515,1.18719,92549159000.0,2021-07-30 09:38:13.637,2021-07-30 14:58:17.615
2021-08-01,1.18644,1.18694,1.18621,1.18662,1684787000.0,2021-08-01 22:52:50.999,2021-08-01 23:31:12.215
2021-08-02,1.1866,1.18967,1.18589,1.1874,74554546000.0,2021-08-02 10:01:22.024,2021-08-02 02:07:43.232
2021-08-03,1.18741,1.18932,1.18535,1.18693,93311423000.0,2021-08-03 11:59:01.067,2021-08-03 15:23:40.634
2021-08-04,1.18691,1.18995,1.18326,1.18375,83437016000.0,2021-08-04 13:35:18.107,2021-08-04 15:14:04.388
2021-08-05,1.18374,1.18572,1.1828,1.1833,82219516000.0,2021-08-05 12:00:12.858,2021-08-05 09:55:27.535
2021-08-06,1.18331,1.18332,1.17542,1.17609,90963445000.0,2021-08-06 00:00:09.074,2021-08-06 16:57:46.606
2021-08-08,1.17569,1.17623,1.17422,1.17473,6384001000.0,2021-08-08 21:21:02.695,2021-08-08 23:25:58.781
2021-08-09,1.17476,1.17689,1.17348,1.17359,75475795000.0,2021-08-09 12:45:29.653,2021-08-09 19:59:38.058
2021-08-10,1.17358,1.17427,1.17097,1.17195,74105818000.0,2021-08-10 06:55:44.013,2021-08-10 14:17:48.411
2021-08-11,1.17196,1.17541,1.17059,1.17416,75222051500.0,2021-08-11 17:02:16.169,2021-08-11 07:26:23.945
2021-08-12,1.17414,1.17481,1.17235,1.17356,60931864000.0,2021-08-12 08:52:40.581,2021-08-12 14:39:35.510
2021-08-13,1.17357,1.18047,1.17302,1.17958,54562748000.0,2021-08-13 16:36:18.802,2021-08-13 07:17:53.508
2021-08-15,1.17944,1.18009,1.17914,1.17939,1624624000.0,2021-08-15 22:01:25.985,2021-08-15 22:29:32.886
2021-08-16,1.17938,1.18005,1.17672,1.17775,67767934000.0,2021-08-16 01:50:21.545,2021-08-16 11:59:00.052
2021-08-17,1.17776,1.17846,1.17018,1.17091,94590031000.0,2021-08-17 08:25:22.227,2021-08-17 22:26:58.288
2021-08-18,1.17092,1.17425,1.16935,1.17028,79980307000.0,2021-08-18 18:04:41.974,2021-08-18 15:26:47.222
2021-08-19,1.17029,1.1704,1.16656,1.16763,99339125000.0,2021-08-19 12:36:03.556,2021-08-19 03:12:11.222
2021-08-20,1.16765,1.17044,1.16639,1.16995,74265448000.0,2021-08-20 16:54:02.259,2021-08-20 13:04:15.481
2021-08-22,1.16927,1.16999,1.16922,1.16967,1426400000.0,2021-08-22 22:06:00.825,2021-08-22 22:00:02.213
2021-08-23,1.16969,1.17502,1.16951,1.17441,66514831000.0,2021-08-23 19:02:16.838,2021-08-23 00:34:02.516
2021-08-24,1.1744,1.17651,1.17271,1.17526,68922833000.0,2021-08-24 14:43:44.050,2021-08-24 08:59:01.538
2021-08-25,1.17527,1.17745,1.1726,1.17717,78931965000.0,2021-08-25 20:52:20.040,2021-08-25 12:40:03.728
2021-08-26,1.17716,1.17789,1.17459,1.17534,92441924000.0,2021-08-26 11:24:03.459,2021-08-26 14:49:18.832
2021-08-27,1.17535,1.18024,1.17349,1.17955,106162200952.0,2021-08-27 14:41:55.748,2021-08-27 13:15:47.575
2021-08-29,1.17949,1.18005,1.17926,1.17982,1788842000.0,2021-08-29 22:15:00.040,2021-08-29 21:30:33.351
2021-08-30,1.17983,1.18098,1.17828,1.17963,57374115246.0,2021-08-30 02:18:01.344,2021-08-30 13:02:12.771
2021-08-31,1.17964,1.1845,1.17952,1.18097,107703601000.0,2021-08-31 11:21:37.878,2021-08-31 00:03:10.760
2021-09-01,1.18098,1.18571,1.17935,1.18407,85041237000.0,2021-09-01 14:55:45.383,2021-09-01 06:20:07.178
2021-09-02,1.18408,1.1876,1.18342,1.18736,72469350000.0,2021-09-02 20:55:55.833,2021-09-02 05:02:14.925
2021-09-03,1.18737,1.1909,1.18656,1.18778,106291108000.0,2021-09-03 12:33:24.364,2021-09-03 12:42:04.537
2021-09-05,1.18782,1.18862,1.18775,1.18852,864928000.0,2021-09-05 23:42:00.091,2021-09-05 21:32:01.024
2021-09-06,1.18853,1.18858,1.18556,1.18731,50291390000.0,2021-09-06 00:00:01.748,2021-09-06 09:26:12.335
2021-09-07,1.18732,1.18851,1.18373,1.18429,98142367000.0,2021-09-07 01:25:26.304,2021-09-07 14:32:23.172
2021-09-08,1.18428,1.18511,1.1802,1.18186,116125205000.0,2021-09-08 01:44:57.796,2021-09-08 14:43:04.094
2021-09-09,1.18188,1.18415,1.18051,1.1823,118886378500.0,2021-09-09 12:05:07.372,2021-09-09 14:34:10.857
2021-09-10,1.18231,1.1851,1.18094,1.18108,90167736000.0,2021-09-10 08:31:47.155,2021-09-10 20:49:23.205
2021-09-12,1.18138,1.18149,1.18087,1.18114,1234186000.0,2021-09-12 21:06:06.693,2021-09-12 22:28:51.794
2021-09-13,1.18113,1.1817,1.17701,1.18095,106238731000.0,2021-09-13 15:34:10.550,2021-09-13 11:51:22.465
2021-09-14,1.18097,1.18458,1.17999,1.18023,113914827000.0,2021-09-14 12:57:23.283,2021-09-14 19:33:59.099
2021-09-15,1.18025,1.18319,1.17989,1.18189,99571871000.0,2021-09-15 12:24:03.378,2021-09-15 06:39:49.927
2021-09-16,1.18186,1.18204,1.17504,1.17649,96012700990.0,2021-09-16 00:47:05.378,2021-09-16 13:39:03.384
2021-09-17,1.17646,1.17888,1.17245,1.17249,99693875077.0,2021-09-17 12:00:00.427,2021-09-17 17:02:31.662
2021-09-19,1.17252,1.17305,1.17229,1.17292,1519799000.0,2021-09-19 21:37:15.796,2021-09-19 22:29:59.112
2021-09-20,1.1729,1.17363,1.17002,1.17267,96091184000.0,2021-09-20 15:13:41.232,2021-09-20 09:44:33.284
2021-09-21,1.17266,1.17486,1.17147,1.17227,99152886000.0,2021-09-21 12:08:39.580,2021-09-21 15:30:35.538
2021-09-22,1.17226,1.17555,1.16841,1.16871,142054430000.0,2021-09-22 18:15:13.215,2021-09-22 19:03:15.617
2021-09-23,1.16873,1.17501,1.16833,1.17397,143644984500.0,2021-09-23 15:01:51.282,2021-09-23 00:31:53.773
2021-09-24,1.17398,1.17474,1.17005,1.17211,109669007000.0,2021-09-24 00:55:03.407,2021-09-24 13:06:00.529
2021-09-26,1.17258,1.17259,1.17119,1.17224,1630645000.0,2021-09-26 21:05:22.643,2021-09-26 21:11:54.751
2021-09-27,1.17225,1.17251,1.16845,1.16955,119430444000.0,2021-09-27 01:58:17.697,2021-09-27 08:37:35.086
2021-09-28,1.16956,1.17031,1.1668,1.16859,127315126000.0,2021-09-28 05:10:03.641,2021-09-28 15:02:35.933
2021-09-29,1.16858,1.16899,1.15892,1.16013,140137204500.0,2021-09-29 02:23:56.206,2021-09-29 19:57:24.616
2021-09-30,1.16014,1.16096,1.15624,1.15736,136565283000.0,2021-09-30 08:03:15.116,2021-09-30 16:17:22.872
2021-10-01,1.15737,1.16073,1.15628,1.15928,124137238000.0,2021-10-01 13:18:09.204,2021-10-01 01:02:28.061
2021-10-03,1.15971,1.16111,1.15929,1.16066,3172941000.0,2021-10-03 22:31:35.361,2021-10-03 22:00:03.663
2021-10-04,1.16067,1.164,1.15876,1.16161,96796695000.0,2021-10-04 12:28:39.148,2021-10-04 03:47:15.714
2021-10-05,1.1616,1.16198,1.15804,1.15954,89382675000.0,2021-10-05 00:12:35.637,2021-10-05 14:18:48.846
2021-10-06,1.15955,1.15977,1.1529,1.15549,110421538000.0,2021-10-06 00:04:34.259,2021-10-06 10:23:40.243
2021-10-07,1.15548,1.15721,1.15471,1.15591,77656073000.0,2021-10-07 11:39:25.501,2021-10-07 13:26:56.318
2021-10-08,1.1559,1.15859,1.15412,1.15746,82315317000.0,2021-10-08 12:38:34.728,2021-10-08 05:59:43.055
2021-10-10,1.15696,1.1576,1.15636,1.15652,916473000.0,2021-10-10 22:01:21.776,2021-10-10 23:42:57.035
2021-10-11,1.15653,1.15868,1.15478,1.15532,60114536000.0,2021-10-11 06:45:12.440,2021-10-11 23:00:27.938
2021-10-12,1.15533,1.15702,1.15244,1.15304,80096696000.0,2021-10-12 06:56:38.963,2021-10-12 17:09:53.971
2021-10-13,1.15305,1.15995,1.15299,1.15967,84433374000.0,2021-10-13 22:14:27.248,2021-10-13 00:00:54.712
2021-10-14,1.15966,1.16243,1.15838,1.15902,75499640000.0,2021-10-14 09:18:46.799,2021-10-14 15:36:51.046
2021-10-15,1.15903,1.16185,1.15879,1.15983,74015800000.0,2021-10-15 08:09:56.295,2021-10-15 00:27:12.132
2021-10-17,1.15973,1.16053,1.15961,1.15962,2328666000.0,2021-10-17 22:11:09.893,2021-10-17 21:37:42.540
2021-10-18,1.15963,1.16223,1.15716,1.16133,57357794000.0,2021-10-18 17:09:46.008,2021-10-18 06:49:21.209
2021-10-19,1.16132,1.16692,1.16132,1.16312,40802032000.0,2021-10-19 09:56:54.379,2021-10-19 00:00:00.459
2021-10-20,1.16313,1.16585,1.16169,1.16524,41022261000.0,2021-10-20 17:37:54.466,2021-10-20 07:39:55.356
2021-10-21,1.16523,1.16674,1.16194,1.16247,48468077500.0,2021-10-21 03:03:27.470,2021-10-21 20:33:50.035
2021-10-22,1.16246,1.16556,1.1621,1.16439,67126022000.0,2021-10-22 15:09:48.664,2021-10-22 00:55:05.088
2021-10-24,1.16424,1.16449,1.16356,1.16391,1550482000.0,2021-10-24 22:57:30.427,2021-10-24 23:44:38.747
2021-10-25,1.16392,1.1665,1.15906,1.16087,55720442000.0,2021-10-25 04:08:45.453,2021-10-25 12:58:23.751
2021-10-26,1.16086,1.16256,1.15849,1.15962,50546122000.0,2021-10-26 11:14:33.738,2021-10-26 15:40:43.730
2021-10-27,1.15961,1.16261,1.15848,1.15984,68242611000.0,2021-10-27 12:32:36.830,2021-10-27 09:33:33.286
2021-10-28,1.15983,1.1692,1.1582,1.16821,77853842000.0,2021-10-28 15:47:37.491,2021-10-28 09:35:25.715
2021-10-29,1.1682,1.169,1.1535,1.15625,69673116000.0,2021-10-29 00:15:14.819,2021-10-29 16:41:16.989
2021-10-31,1.15588,1.15644,1.15553,1.15561,1701583000.0,2021-10-31 22:00:04.641,2021-10-31 23:58:56.458
2021-11-01,1.15562,1.16089,1.15459,1.15994,53728772000.0,2021-11-01 20:49:56.198,2021-11-01 04:35:52.939
2021-11-02,1.15995,1.16133,1.1575,1.1579,50354388000.0,2021-11-02 07:51:08.409,2021-11-02 16:43:25.896
2021-11-03,1.15791,1.16164,1.15621,1.16154,71497568000.0,2021-11-03 23:57:45.383,2021-11-03 14:14:21.299
2021-11-04,1.16153,1.16161,1.15282,1.15552,73244890500.0,2021-11-04 00:00:39.882,2021-11-04 15:25:56.425
2021-11-05,1.15553,1.15732,1.15132,1.1566,70579125000.0,2021-11-05 20:41:56.989,2021-11-05 13:00:55.646
2021-11-07,1.15605,1.15698,1.15553,1.15682,2286765000.0,2021-11-07 23:47:16.102,2021-11-07 22:16:06.204
2021-11-08,1.15681,1.15949,1.15503,1.15877,45954304000.0,2021-11-08 16:50:14.729,2021-11-08 08:28:09.233
2021-11-09,1.15878,1.16089,1.15697,1.15938,67450037500.0,2021-11-09 14:46:36.145,2021-11-09 13:01:06.538
2021-11-10,1.15939,1.15952,1.1476,1.14856,88637982000.0,2021-11-10 01:18:46.911,2021-11-10 21:49:32.003
2021-11-11,1.14855,1.14875,1.1443,1.14474,50109335000.0,2021-11-11 00:24:01.190,2021-11-11 20:10:30.802
2021-11-12,1.14476,1.14621,1.14328,1.14436,54149615000.0,2021-11-12 15:19:26.141,2021-11-12 14:31:57.658
2021-11-14,1.14463,1.14464,1.14412,1.14413,789204000.0,2021-11-14 22:05:14.035,2021-11-14 23:59:07.667
2021-11-15,1.14412,1.1464,1.13562,1.13668,60973336000.0,2021-11-15 02:00:57.922,2021-11-15 20:56:56.849
2021-11-16,1.13669,1.13856,1.13088,1.13179,66627458000.0,2021-11-16 02:39:42.922,2021-11-16 21:01:25.591
2021-11-17,1.13181,1.13322,1.12635,1.13178,72495084000.0,2021-11-17 12:18:35.252,2021-11-17 03:42:18.338
2021-11-18,1.13177,1.1374,1.13136,1.13677,59156707500.0,2021-11-18 18:10:50.858,2021-11-18 06:43:31.039
2021-11-19,1.13679,1.13692,1.12498,1.12821,85533227000.0,2021-11-19 00:07:21.095,2021-11-19 13:02:32.202
2021-11-21,1.12899,1.12899,1.12715,1.12752,1542332000.0,2021-11-21 22:05:00.457,2021-11-21 23:23:26.728
2021-11-22,1.12753,1.12903,1.12306,1.12417,82365815000.0,2021-11-22 10:34:06.701,2021-11-22 20:05:00.018
2021-11-23,1.12416,1.12749,1.12259,1.12445,79796328000.0,2021-11-23 09:13:28.953,2021-11-23 02:19:41.808
2021-11-24,1.12446,1.12552,1.1186,1.12024,87701297000.0,2021-11-24 08:14:20.629,2021-11-24 14:11:25.897
2021-11-25,1.12025,1.12297,1.12025,1.12091,41820388500.0,2021-11-25 12:32:02.437,2021-11-25 00:00:00.052
2021-11-26,1.1209,1.13289,1.12067,1.13128,109372016000.0,2021-11-26 21:04:30.171,2021-11-26 00:21:11.052
2021-11-28,1.13061,1.13159,1.12803,1.12924,3457335000.0,2021-11-28 22:22:00.716,2021-11-28 23:13:16.584
2021-11-29,1.12925,1.13003,1.12583,1.12926,76688539000.0,2021-11-29 23:29:33.990,2021-11-29 14:58:59.850
2021-11-30,1.12925,1.13828,1.12351,1.13298,124728754000.0,2021-11-30 14:51:43.095,2021-11-30 16:02:31.159
2021-12-01,1.13299,1.13596,1.13024,1.13189,92721559000.0,2021-12-01 08:02:25.052,2021-12-01 08:49:08.839
2021-12-02,1.13192,1.13477,1.12951,1.13055,69154683000.0,2021-12-02 12:45:13.818,2021-12-02 19:58:51.869
2021-12-03,1.13056,1.13336,1.12665,1.13089,82962689000.0,2021-12-03 13:30:51.902,2021-12-03 15:33:13.404
2021-12-05,1.13051,1.1312,1.13013,1.1304,1393361000.0,2021-12-05 22:59:21.891,2021-12-05 23:14:29.889
2021-12-06,1.13039,1.13101,1.12665,1.12833,51612968500.0,2021-12-06 10:29:12.338,2021-12-06 15:54:06.463
2021-12-07,1.12834,1.12982,1.12274,1.12723,56451655500.0,2021-12-07 07:39:20.435,2021-12-07 13:40:21.389
2021-12-08,1.12725,1.13548,1.12668,1.13439,70391245500.0,2021-12-08 20:27:09.279,2021-12-08 12:18:54.267
2021-12-09,1.13438,1.13442,1.12783,1.12936,53455920000.0,2021-12-09 00:00:04.603,2021-12-09 16:29:39.775
2021-12-10,1.12933,1.13241,1.12649,1.13162,57930990000.0,2021-12-10 16:50:51.809,2021-12-10 10:48:13.736
2021-12-12,1.13105,1.13192,1.13059,1.13106,1586788000.0,2021-12-12 23:31:35.954,2021-12-12 22:11:21.281
2021-12-13,1.13104,1.13138,1.126,1.12832,52063657500.0,2021-12-13 00:15:01.554,2021-12-13 09:27:34.953
2021-12-14,1.12834,1.13237,1.12535,1.12575,50660286500.0,2021-12-14 11:46:16.432,2021-12-14 20:59:33.002
2021-12-15,1.12576,1.12991,1.12218,1.12903,70419622500.0,2021-12-15 20:35:00.145,2021-12-15 19:03:02.704
2021-12-16,1.12904,1.13602,1.12811,1.13335,70567365000.0,2021-12-16 14:01:55.581,2021-12-16 00:25:55.382
2021-12-17,1.13336,1.13488,1.12347,1.12376,58065066500.0,2021-12-17 05:57:37.833,2021-12-17 21:51:47.843
2021-12-19,1.12391,1.12441,1.12344,1.1243,1560621000.0,2021-12-19 23:55:19.163,2021-12-19 23:25:19.456
2021-12-20,1.12429,1.13039,1.12364,1.12771,57251365000.0,2021-12-20 16:26:56.501,2021-12-20 02:07:21.575
2021-12-21,1.12773,1.13026,1.12608,1.1287,50353551500.0,2021-12-21 09:00:16.691,2021-12-21 16:55:20.399
2021-12-22,1.12871,1.13422,1.12642,1.13264,51938480000.0,2021-12-22 16:08:32.209,2021-12-22 07:35:18.340
2021-12-23,1.13263,1.13421,1.129,1.13223,52117555000.0,2021-12-23 01:59:35.000,2021-12-23 14:11:41.482
2021-12-24,1.13232,1.13436,1.13033,1.13088,61705133500.0,2021-12-24 10:05:25.290,2021-12-24 20:17:53.639
2021-12-26,1.13174,1.1326,1.13068,1.1323,726341000.0,2021-12-26 23:30:16.888,2021-12-26 22:58:00.668
2021-12-27,1.13231,1.13345,1.13028,1.13296,35507274000.0,2021-12-27 08:01:39.414,2021-12-27 09:06:11.918
2021-12-28,1.13297,1.13332,1.12894,1.13128,40123233000.0,2021-12-28 12:12:53.382,2021-12-28 15:49:17.858
2021-12-29,1.1313,1.13688,1.12736,1.13595,52252553000.0,2021-12-29 15:48:57.829,2021-12-29 09:25:13.475
2021-12-30,1.13596,1.13599,1.12985,1.13221,47067005000.0,2021-12-30 00:00:01.093,2021-12-30 14:02:01.770
2021-12-31,1.1322,1.13863,1.13032,1.13777,35154028000.0,2021-12-31 17:59:58.063,2021-12-31 08:01:19.384
2022-01-02,1.13678,1.13783,1.13659,1.1373,964745000.0,2022-01-02 23:04:43.024,2022-01-02 22:07:01.627
2022-01-03,1.13732,1.13758,1.12795,1.13018,55565900000.0,2022-01-03 00:07:38.197,2022-01-03 17:18:05.481
2022-01-04,1.13019,1.13225,1.12721,1.12831,59816204000.0,2022-01-04 15:44:56.377,2022-01-04 12:25:17.298
2022-01-05,1.1283,1.13466,1.12769,1.13105,58717943000.0,2022-01-05 17:21:08.959,2022-01-05 00:58:23.882
2022-01-06,1.13106,1.13318,1.12845,1.12949,65692186000.0,2022-01-06 14:53:50.725,2022-01-06 07:46:31.723
2022-01-07,1.1295,1.13646,1.129,1.13594,49376502000.0,2022-01-07 19:32:47.267,2022-01-07 00:54:57.658
2022-01-09,1.13585,1.13607,1.13495,1.13534,1886905000.0,2022-01-09 23:00:48.477,2022-01-09 23:27:05.347
2022-01-10,1.13535,1.13579,1.12851,1.133,49210000000.0,2022-01-10 00:42:40.286,2022-01-10 14:17:39.618
2022-01-11,1.13299,1.13755,1.13128,1.13658,48072020754.0,2022-01-11 19:16:00.482,2022-01-11 14:46:27.208
2022-01-12,1.13657,1.14527,1.13544,1.14395,57278580500.0,2022-01-12 19:49:55.540,2022-01-12 10:49:07.501
2022-01-13,1.14394,1.14816,1.14356,1.14567,54106442500.0,2022-01-13 14:41:39.371,2022-01-13 01:56:04.383
2022-01-14,1.14566,1.14828,1.13986,1.14154,61273491000.0,2022-01-14 05:43:49.347,2022-01-14 17:56:23.288
2022-01-16,1.14119,1.14162,1.14057,1.14113,1276711000.0,2022-01-16 22:18:24.062,2022-01-16 23:10:14.343
2022-01-17,1.14114,1.14342,1.13916,1.14099,33577603000.0,2022-01-17 08:44:34.776,2022-01-17 13:23:47.159
2022-01-18,1.141,1.14216,1.13147,1.13288,74644415000.0,2022-01-18 03:10:48.030,2022-01-18 20:55:48.695
2022-01-19,1.1329,1.13569,1.13188,1.13429,73656368500.0,2022-01-19 16:27:54.879,2022-01-19 01:34:35.064
2022-01-20,1.1343,1.13688,1.1303,1.13129,77713562000.0,2022-01-20 08:05:17.982,2022-01-20 20:56:13.320
2022-01-21,1.13131,1.13597,1.13009,1.13427,74289025000.0,2022-01-21 14:25:22.311,2022-01-21 01:03:11.330
2022-01-23,1.13387,1.13449,1.13364,1.1341,1247691000.0,2022-01-23 23:27:28.893,2022-01-23 23:05:44.257
2022-01-24,1.13411,1.13411,1.12905,1.13236,84181722500.0,2022-01-24 00:00:00.039,2022-01-24 14:42:04.799
2022-01-25,1.13237,1.1324,1.12631,1.13031,85081512000.0,2022-01-25 00:00:08.988,2022-01-25 14:32:19.845
2022-01-26,1.1303,1.13108,1.12353,1.12407,101388924000.0,2022-01-26 02:44:09.706,2022-01-26 20:35:58.459
2022-01-27,1.12404,1.12432,1.11312,1.11443,115416500000.0,2022-01-27 00:06:48.779,2022-01-27 15:37:08.168
2022-01-28,1.11444,1.11736,1.11213,1.11468,105596279000.0,2022-01-28 14:01:30.359,2022-01-28 08:42:28.103
2022-01-30,1.11433,1.11525,1.11381,1.1152,2058900000.0,2022-01-30 23:59:49.948,2022-01-30 23:03:05.235
2022-01-31,1.11521,1.12477,1.1144,1.12292,95960330000.0,2022-01-31 19:51:39.676,2022-01-31 00:59:51.051
2022-02-01,1.12293,1.12786,1.12207,1.12729,87884375500.0,2022-02-01 11:46:02.131,2022-02-01 00:54:59.316
2022-02-02,1.12732,1.13305,1.12664,1.12993,59475417000.0,2022-02-02 13:15:01.572,2022-02-02 06:39:59.826
2022-02-03,1.12992,1.14513,1.12669,1.14356,102817450500.0,2022-02-03 16:31:40.177,2022-02-03 12:47:09.574
2022-02-04,1.14357,1.14836,1.14115,1.14511,90431296000.0,2022-02-04 11:58:18.656,2022-02-04 15:18:49.423
2022-02-06,1.14601,1.14629,1.14513,1.14543,2023350000.0,2022-02-06 22:06:34.106,2022-02-06 23:54:28.944
2022-02-07,1.14544,1.14587,1.1415,1.14408,84374937500.0,2022-02-07 12:51:49.864,2022-02-07 09:32:36.927
2022-02-08,1.14409,1.14486,1.1396,1.14207,78627006500.0,2022-02-08 01:27:57.571,2022-02-08 07:30:26.641
2022-02-09,1.14206,1.14478,1.14024,1.14208,74997706000.0,2022-02-09 17:37:58.972,2022-02-09 07:58:00.580
2022-02-10,1.14209,1.1495,1.13748,1.1411,126278394000.0,2022-02-10 16:18:50.383,2022-02-10 14:23:42.047
2022-02-11,1.14109,1.1418,1.13296,1.13476,139029596500.0,2022-02-11 13:21:16.394,2022-02-11 19:55:28.370
2022-02-13,1.1339,1.13671,1.13388,1.13641,3913102000.0,2022-02-13 23:57:58.267,2022-02-13 22:11:02.884
2022-02-14,1.13643,1.1369,1.12799,1.13059,130005273000.0,2022-02-14 00:15:19.664,2022-02-14 19:22:31.628
2022-02-15,1.1306,1.13682,1.13032,1.13551,97720763000.0,2022-02-15 16:12:24.810,2022-02-15 00:01:45.662
2022-02-16,1.1355,1.13956,1.13449,1.13727,88487173000.0,2022-02-16 19:22:44.170,2022-02-16 02:33:04.508
2022-02-17,1.13725,1.13859,1.1323,1.13637,118701277000.0,2022-02-17 08:22:00.315,2022-02-17 04:04:37.941
2022-02-18,1.13636,1.1377,1.13141,1.13229,89602269500.0,2022-02-18 08:45:57.464,2022-02-18 17:30:07.465
2022-02-20,1.1321,1.13256,1.13131,1.13164,1959229000.0,2022-02-20 22:10:24.101,2022-02-20 23:31:40.501
2022-02-21,1.13167,1.13906,1.12963,1.13091,65530966500.0,2022-02-21 08:15:04.926,2022-02-21 23:43:44.130
2022-02-22,1.13089,1.13669,1.12878,1.13289,109984148500.0,2022-02-22 10:52:27.691,2022-02-22 03:39:12.132
2022-02-23,1.13288,1.13588,1.13001,1.13052,81987393000.0,2022-02-23 09:59:03.077,2022-02-23 23:19:50.834
2022-02-24,1.13053,1.13061,1.11063,1.11903,218422643000.0,2022-02-24 00:01:00.986,2022-02-24 16:01:45.658
2022-02-25,1.11905,1.1274,1.11658,1.12719,147835232000.0,2022-02-25 21:39:09.606,2022-02-25 10:36:50.135
2022-02-27,1.11398,1.11879,1.1137,1.11798,12422343000.0,2022-02-27 23:37:40.906,2022-02-27 22:05:01.316
2022-02-28,1.11799,1.12466,1.11419,1.12141,172533145500.0,2022-02-28 16:29:30.419,2022-02-28 04:49:42.847
2022-03-01,1.1214,1.1233,1.10895,1.11321,156605935000.0,2022-03-01 08:01:37.242,2022-03-01 17:10:00.291
2022-03-02,1.11319,1.11436,1.10572,1.11121,173096676500.0,2022-03-02 16:33:46.854,2022-03-02 15:49:00.402
2022-03-03,1.11118,1.11155,1.10335,1.10656,125732901000.0,2022-03-03 00:21:15.935,2022-03-03 17:25:17.972
2022-03-04,1.10655,1.10667,1.08853,1.09299,159189267500.0,2022-03-04 00:01:09.730,2022-03-04 13:51:46.913
2022-03-06,1.09273,1.09298,1.08631,1.08737,6497878000.0,2022-03-06 22:09:00.522,2022-03-06 23:23:18.877
2022-03-07,1.08736,1.09324,1.08059,1.0866,212337718500.0,2022-03-07 14:24:01.817,2022-03-07 10:34:55.741
2022-03-08,1.08661,1.09582,1.08488,1.08978,208612076000.0,2022-03-08 18:11:11.465,2022-03-08 00:55:06.560
2022-03-09,1.08982,1.10953,1.08965,1.10733,148205474000.0,2022-03-09 17:38:30.273,2022-03-09 00:02:39.000
2022-03-10,1.10732,1.11212,1.09762,1.10133,176912379000.0,2022-03-10 12:54:11.447,2022-03-10 20:59:29.704
2022-03-11,1.1013,1.10434,1.0902,1.0914,129617161211.0,2022-03-11 11:26:57.110,2022-03-11 18:59:29.059
2022-03-13,1.0922,1.09392,1.0907,1.09316,5496650000.0,2022-03-13 23:52:15.778,2022-03-13 22:00:30.686
2022-03-14,1.09317,1.09938,1.09004,1.09427,95540527000.0,2022-03-14 16:35:12.847,2022-03-14 02:35:45.858
2022-03-15,1.09429,1.10198,1.0926,1.09667,108968839000.0,2022-03-15 07:23:05.621,2022-03-15 18:31:35.086
2022-03-16,1.09672,1.10469,1.09498,1.10214,139722718000.0,2022-03-16 20:02:18.455,2022-03-16 18:32:23.245
2022-03-17,1.10215,1.11375,1.10203,1.1099,75459348500.0,2022-03-17 17:01:42.515,2022-03-17 00:01:29.163
2022-03-18,1.10989,1.11185,1.1003,1.10498,81180008000.0,2022-03-18 00:17:19.923,2022-03-18 13:30:10.019
2022-03-20,1.10558,1.10586,1.10406,1.10423,2103699000.0,2022-03-20 21:10:12.084,2022-03-20 23:58:10.657
2022-03-21,1.10424,1.10701,1.10101,1.10165,77962249000.0,2022-03-21 09:10:11.800,2022-03-21 19:57:10.088
2022-03-22,1.10166,1.10457,1.09609,1.10293,94140930000.0,2022-03-22 14:00:58.435,2022-03-22 07:13:14.002
2022-03-23,1.10294,1.104,1.09639,1.10057,79117605000.0,2022-03-23 05:45:41.173,2022-03-23 13:59:50.622
2022-03-24,1.10055,1.10137,1.09659,1.10086,87867618500.0,2022-03-24 00:15:35.033,2022-03-24 13:58:36.581
2022-03-25,1.10087,1.10379,1.09808,1.09848,79627561000.0,2022-03-25 04:24:11.783,2022-03-25 16:45:33.963
2022-03-27,1.09858,1.09868,1.09772,1.09815,2664433000.0,2022-03-27 21:12:25.403,2022-03-27 23:04:47.704
2022-03-28,1.09816,1.09996,1.09447,1.0991,112291477000.0,2022-03-28 08:48:46.222,2022-03-28 08:03:52.063
2022-03-29,1.09911,1.1137,1.09686,1.1091,150632418000.0,2022-03-29 13:35:11.686,2022-03-29 00:55:00.347
2022-03-30,1.10909,1.11709,1.10878,1.11611,111511561000.0,2022-03-30 14:52:25.106,2022-03-30 00:45:05.387
2022-03-31,1.11608,1.11848,1.10612,1.10729,114750360201.0,2022-03-31 01:27:41.825,2022-03-31 19:57:04.041
2022-04-01,1.10735,1.10757,1.10282,1.10446,84505121000.0,2022-04-01 06:58:44.309,2022-04-01 14:40:34.626
2022-04-03,1.10388,1.10457,1.10377,1.10453,1427264000.0,2022-04-03 23:59:52.338,2022-04-03 21:19:36.367
2022-04-04,1.10456,1.10542,1.09606,1.09749,66430851000.0,2022-04-04 01:38:04.139,2022-04-04 18:17:02.558
2022-04-05,1.09748,1.09885,1.08999,1.09057,76152994859.0,2022-04-05 07:27:35.951,2022-04-05 19:21:24.736
2022-04-06,1.09058,1.0938,1.08742,1.08977,98026412000.0,2022-04-06 12:55:29.211,2022-04-06 06:10:02.596
2022-04-07,1.08976,1.09383,1.08602,1.08642,93687092000.0,2022-04-07 13:33:11.164,2022-04-07 23:55:30.976
2022-04-08,1.08641,1.08921,1.08364,1.08751,70074233967.0,2022-04-08 10:50:00.223,2022-04-08 13:55:58.032
2022-04-10,1.09085,1.09131,1.08841,1.08842,4262337000.0,2022-04-10 22:03:54.037,2022-04-10 23:58:18.419
2022-04-11,1.08841,1.09332,1.08728,1.08769,68818255192.0,2022-04-11 10:15:55.230,2022-04-11 16:03:43.446
2022-04-12,1.0877,1.09036,1.08215,1.08258,97299038000.0,2022-04-12 12:55:27.887,2022-04-12 18:13:09.254
2022-04-13,1.08257,1.08972,1.08089,1.08949,90356194662.0,2022-04-13 23:57:20.406,2022-04-13 13:33:25.258
2022-04-14,1.0895,1.09234,1.07574,1.08212,113847806500.0,2022-04-14 06:39:27.107,2022-04-14 13:54:24.599
2022-04-15,1.08214,1.08235,1.07962,1.08056,43910092000.0,2022-04-15 08:52:59.243,2022-04-15 02:59:55.541
2022-04-17,1.08046,1.08215,1.08029,1.08137,3307151000.0,2022-04-17 23:30:45.708,2022-04-17 22:24:46.187
2022-04-18,1.08138,1.08157,1.077,1.078,50460967000.0,2022-04-18 00:01:27.327,2022-04-18 16:55:17.724
2022-04-19,1.07795,1.08143,1.07611,1.07943,83346109000.0,2022-04-19 08:32:47.370,2022-04-19 02:34:19.689
2022-04-20,1.07944,1.08668,1.0784,1.08496,97925229000.0,2022-04-20 09:38:46.849,2022-04-20 01:27:10.937
2022-04-21,1.08495,1.09363,1.08238,1.08348,102321125745.0,2022-04-21 07:52:06.703,2022-04-21 03:02:27.725
2022-04-22,1.0835,1.08518,1.07706,1.0801,96934112000.0,2022-04-22 06:08:41.959,2022-04-22 15:19:59.404
2022-04-24,1.0806,1.08149,1.07959,1.08093,4283169000.0,2022-04-24 22:02:15.375,2022-04-24 22:34:26.311
2022-04-25,1.08091,1.0812,1.06966,1.07123,129850788000.0,2022-04-25 00:06:21.050,2022-04-25 16:03:13.872
2022-04-26,1.07124,1.07387,1.06348,1.06422,99354366000.0,2022-04-26 03:32:59.277,2022-04-26 22:24:32.864
2022-04-27,1.06426,1.06548,1.05144,1.05541,125649407000.0,2022-04-27 05:58:01.253,2022-04-27 15:00:00.996
2022-04-28,1.0554,1.05646,1.0471,1.05029,148029232000.0,2022-04-28 07:57:35.195,2022-04-28 12:20:02.002
2022-04-29,1.05031,1.05927,1.05018,1.05463,121203393500.0,2022-04-29 08:43:07.791,2022-04-29 00:02:23.470
2022-05-01,1.05455,1.05519,1.05342,1.0535,5314459000.0,2022-05-01 22:11:53.419,2022-05-01 23:59:36.733
2022-05-02,1.05347,1.05682,1.04902,1.05095,91128740500.0,2022-05-02 07:02:28.058,2022-05-02 18:13:56.405
2022-05-03,1.05094,1.05775,1.04921,1.05249,103307302000.0,2022-05-03 12:40:22.922,2022-05-03 09:05:38.550
2022-05-04,1.05248,1.0631,1.0506,1.06204,149644365000.0,2022-05-04 20:17:15.373,2022-05-04 06:02:24.249
2022-05-05,1.06207,1.06418,1.04926,1.05396,149813040000.0,2022-05-05 01:33:16.548,2022-05-05 16:24:24.905
2022-05-06,1.05394,1.05986,1.04827,1.05437,170864821500.0,2022-05-06 10:51:25.344,2022-05-06 06:59:40.692
2022-05-08,1.0541,1.05432,1.05307,1.0532,2520705000.0,2022-05-08 21:08:58.195,2022-05-08 23:58:53.507
2022-05-09,1.05318,1.05923,1.04952,1.05629,133336760500.0,2022-05-09 16:29:15.990,2022-05-09 06:54:29.846
2022-05-10,1.0563,1.05851,1.05253,1.05288,125836798101.0,2022-05-10 05:42:24.682,2022-05-10 15:09:18.310
2022-05-11,1.05289,1.0577,1.05016,1.05118,160370700500.0,2022-05-11 13:49:45.240,2022-05-11 12:38:34.879
2022-05-12,1.05117,1.0529,1.03536,1.03784,151102452000.0,2022-05-12 02:24:08.562,2022-05-12 17:05:14.644
2022-05-13,1.03783,1.04195,1.03493,1.04077,101369918000.0,2022-05-13 07:58:17.853,2022-05-13 13:25:39.183
2022-05-15,1.03983,1.04142,1.03941,1.03978,2693804000.0,2022-05-15 22:23:55.417,2022-05-15 21:13:18.529
2022-05-16,1.03982,1.04428,1.03889,1.0439,83447081000.0,2022-05-16 19:12:00.576,2022-05-16 03:21:46.134
2022-05-17,1.04389,1.05558,1.04317,1.05483,112489748500.0,2022-05-17 11:45:36.972,2022-05-17 03:14:25.283
2022-05-18,1.05485,1.05639,1.04602,1.04729,102202602000.0,2022-05-18 00:07:58.964,2022-05-18 21:05:04.505
2022-05-19,1.0473,1.06071,1.04648,1.05794,130668978500.0,2022-05-19 17:58:13.999,2022-05-19 07:03:09.985
2022-05-20,1.05795,1.0599,1.05327,1.05577,99138873000.0,2022-05-20 10:27:41.271,2022-05-20 18:27:37.373
2022-05-22,1.05622,1.05776,1.05553,1.05688,2941358000.0,2022-05-22 23:08:27.123,2022-05-22 21:57:04.816
2022-05-23,1.05689,1.06973,1.05678,1.06834,70821729500.0,2022-05-23 18:48:27.404,2022-05-23 00:07:21.767
2022-05-24,1.06833,1.07487,1.0661,1.07325,78701717500.0,2022-05-24 16:13:57.496,2022-05-24 02:28:25.990
2022-05-25,1.07326,1.07366,1.06419,1.06866,79022714000.0,2022-05-25 00:01:53.632,2022-05-25 12:29:57.075
2022-05-26,1.0686,1.07342,1.06625,1.07324,64971471000.0,2022-05-26 23:12:34.031,2022-05-26 06:41:53.868
2022-05-27,1.07325,1.0765,1.06972,1.0731,60299386000.0,2022-05-27 01:51:50.118,2022-05-27 10:57:22.782
2022-05-29,1.07341,1.07362,1.07257,1.07291,1837038000.0,2022-05-29 22:02:37.580,2022-05-29 21:11:08.751
2022-05-30,1.0729,1.07868,1.07268,1.0773,41344415000.0,2022-05-30 17:02:07.010,2022-05-30 01:09:11.822
2022-05-31,1.07732,1.07744,1.0679,1.07338,86559928500.0,2022-05-31 00:14:27.775,2022-05-31 13:04:40.158
2022-06-01,1.07341,1.07389,1.0627,1.06511,71446175000.0,2022-06-01 08:06:45.504,2022-06-01 15:45:10.296
2022-06-02,1.06509,1.07509,1.06447,1.075,56389296500.0,2022-06-02 22:50:41.758,2022-06-02 02:49:40.277
2022-06-03,1.07501,1.07643,1.07041,1.07164,52678790500.0,2022-06-03 02:27:14.532,2022-06-03 12:44:15.433
2022-06-05,1.07171,1.07296,1.0714,1.07252,1633441000.0,2022-06-05 23:48:37.062,2022-06-05 22:16:41.190
2022-06-06,1.07254,1.07517,1.0684,1.06895,51573590000.0,2022-06-06 08:17:37.470,2022-06-06 15:29:51.206
2022-06-07,1.06894,1.07141,1.06521,1.06977,67258616000.0,2022-06-07 18:35:59.988,2022-06-07 13:13:24.776
2022-06-08,1.06976,1.07484,1.06713,1.07168,66486079000.0,2022-06-08 13:53:22.916,2022-06-08 09:06:55.651
2022-06-09,1.07167,1.07737,1.06109,1.06189,87830369000.0,2022-06-09 12:40:08.252,2022-06-09 22:41:34.046
2022-06-10,1.0619,1.06422,1.05059,1.05207,85493881000.0,2022-06-10 05:49:27.375,2022-06-10 14:28:06.663
2022-06-12,1.05149,1.052,1.04862,1.04906,4580578000.0,2022-06-12 22:29:46.658,2022-06-12 23:49:34.016
2022-06-13,1.04909,1.04954,1.03996,1.0415,101063991500.0,2022-06-13 05:27:05.646,2022-06-13 20:27:53.241
2022-06-14,1.04147,1.04847,1.03968,1.04368,111244649000.0,2022-06-14 08:47:22.174,2022-06-14 01:56:01.098
2022-06-15,1.04371,1.05077,1.0359,1.04573,143840379500.0,2022-06-15 08:45:18.420,2022-06-15 18:06:57.956
2022-06-16,1.04578,1.06011,1.03809,1.05463,136368885000.0,2022-06-16 17:55:00.795,2022-06-16 07:44:41.662
2022-06-17,1.05467,1.0552,1.04445,1.04963,109049204000.0,2022-06-17 00:05:20.387,2022-06-17 14:36:23.539
2022-06-19,1.04842,1.04927,1.04744,1.04897,2684321000.0,2022-06-19 23:52:19.702,2022-06-19 22:07:41.828
2022-06-20,1.04899,1.05456,1.04848,1.05171,61860759000.0,2022-06-20 09:12:50.640,2022-06-20 00:12:13.789
2022-06-21,1.05173,1.05823,1.0513,1.0531,78145004000.0,2022-06-21 09:09:54.278,2022-06-21 05:39:26.412
2022-06-22,1.05314,1.06055,1.04691,1.05645,92600315581.0,2022-06-22 14:54:14.445,2022-06-22 07:06:41.858
2022-06-23,1.05644,1.05812,1.04825,1.05192,111729922000.0,2022-06-23 01:21:28.917,2022-06-23 08:50:31.662
2022-06-24,1.05194,1.0571,1.0512,1.05536,77636083000.0,2022-06-24 14:29:50.146,2022-06-24 00:35:45.599
2022-06-26,1.05491,1.05746,1.05486,1.05666,4204432000.0,2022-06-26 23:08:29.023,2022-06-26 21:05:05.773
2022-06-27,1.05667,1.06149,1.05502,1.05796,79411821000.0,2022-06-27 15:17:44.178,2022-06-27 03:48:53.764
2022-06-28,1.05797,1.06059,1.05032,1.0522,90637558000.0,2022-06-28 06:41:18.499,2022-06-28 14:56:27.068
2022-06-29,1.05219,1.05352,1.0435,1.04456,94896748000.0,2022-06-29 02:31:03.420,2022-06-29 19:04:51.579
2022-06-30,1.04454,1.04887,1.03823,1.04784,104380087000.0,2022-06-30 17:25:17.835,2022-06-30 11:38:43.507
2022-07-01,1.04783,1.04785,1.03659,1.04266,101540327000.0,2022-07-01 00:00:00.141,2022-07-01 14:27:45.813
2022-07-03,1.04193,1.04368,1.04178,1.04323,3958091000.0,2022-07-03 23:30:04.754,2022-07-03 21:05:00.268
2022-07-04,1.04325,1.04626,1.04165,1.04325,57128889000.0,2022-07-04 11:14:28.017,2022-07-04 21:04:01.532
2022-07-05,1.04324,1.04486,1.02351,1.02564,105580989000.0,2022-07-05 05:48:47.710,2022-07-05 16:20:08.228
2022-07-06,1.02563,1.02768,1.01612,1.01843,119541079500.0,2022-07-06 06:55:40.560,2022-07-06 14:17:41.104
2022-07-07,1.01844,1.02209,1.01439,1.01687,95913383000.0,2022-07-07 05:59:52.424,2022-07-07 17:23:44.600
2022-07-08,1.01686,1.01913,1.00717,1.01833,99292764500.0,2022-07-08 01:14:03.989,2022-07-08 07:44:41.931
2022-07-10,1.01741,1.01833,1.01649,1.01671,3479135000.0,2022-07-10 22:19:07.113,2022-07-10 23:59:13.049
2022-07-11,1.01674,1.01674,1.00334,1.00458,94880797000.0,2022-07-11 00:00:00.243,2022-07-11 19:57:09.961
2022-07-12,1.00455,1.00737,0.99999,1.00299,105623111000.0,2022-07-12 15:29:24.180,2022-07-12 09:46:49.225
2022-07-13,1.00298,1.01221,0.99979,1.0034,124764088500.0,2022-07-13 14:56:40.045,2022-07-13 12:45:23.347
2022-07-14,1.00341,1.00504,0.99521,1.00262,124109293650.0,2022-07-14 09:57:32.242,2022-07-14 13:43:07.781
2022-07-15,1.00261,1.00978,1.00069,1.00855,90294299000.0,2022-07-15 15:29:16.479,2022-07-15 07:17:58.705
2022-07-17,1.00838,1.00977,1.00784,1.00972,2878754000.0,2022-07-17 23:59:54.451,2022-07-17 22:20:39.609
2022-07-18,1.00975,1.02014,1.0081,1.01463,91615244000.0,2022-07-18 14:58:00.408,2022-07-18 06:12:26.284
2022-07-19,1.01466,1.0269,1.01194,1.02305,106318204500.0,2022-07-19 10:07:48.770,2022-07-19 01:59:55.169
2022-07-20,1.02308,1.02731,1.01552,1.01808,104413302500.0,2022-07-20 07:22:26.050,2022-07-20 17:55:53.568
2022-07-21,1.01809,1.0278,1.01531,1.02199,119333565500.0,2022-07-21 12:44:50.897,2022-07-21 13:27:15.496
2022-07-22,1.02198,1.02551,1.01299,1.0211,110357982000.0,2022-07-22 14:19:25.031,2022-07-22 07:39:09.147
2022-07-24,1.02125,1.02184,1.01989,1.01993,3638235000.0,2022-07-24 22:03:57.379,2022-07-24 23:59:23.712
2022-07-25,1.01994,1.0258,1.0179,1.0223,94602785000.0,2022-07-25 11:24:44.634,2022-07-25 08:00:23.692
2022-07-26,1.02232,1.025,1.01074,1.01287,90458272000.0,2022-07-26 01:37:16.783,2022-07-26 16:14:08.083
2022-07-27,1.01286,1.0221,1.00965,1.02051,104630826500.0,2022-07-27 19:32:30.057,2022-07-27 16:24:52.315
2022-07-28,1.0205,1.02343,1.01142,1.01917,116591211000.0,2022-07-28 06:32:21.805,2022-07-28 11:58:00.078
2022-07-29,1.0192,1.02541,1.01459,1.02262,102842355000.0,2022-07-29 06:31:18.094,2022-07-29 13:17:01.558
2022-07-31,1.02119,1.0223,1.02052,1.021,3330925000.0,2022-07-31 22:00:03.022,2022-07-31 23:46:42.033
2022-08-01,1.02101,1.02751,1.02076,1.02626,99068260000.0,2022-08-01 15:42:03.157,2022-08-01 00:02:45.036
2022-08-02,1.02628,1.02936,1.01545,1.01563,117903253000.0,2022-08-02 00:41:04.074,2022-08-02 23:57:47.229
2022-08-03,1.01562,1.02102,1.01224,1.01562,107361842000.0,2022-08-03 11:29:18.019,2022-08-03 15:06:44.552
2022-08-04,1.01561,1.02535,1.0154,1.02471,100155450500.0,2022-08-04 19:19:25.431,2022-08-04 00:02:00.768
2022-08-05,1.02474,1.02483,1.01415,1.01778,91862218000.0,2022-08-05 00:00:13.980,2022-08-05 13:23:05.517
2022-08-07,1.01733,1.01789,1.01688,1.01719,2829619000.0,2022-08-07 21:55:11.002,2022-08-07 22:27:27.965
2022-08-08,1.01722,1.02215,1.01593,1.01978,79776284000.0,2022-08-08 15:23:08.337,2022-08-08 00:35:07.990
2022-08-09,1.01977,1.02472,1.01886,1.0208,73495119000.0,2022-08-09 09:14:20.751,2022-08-09 01:19:23.705
2022-08-10,1.02075,1.03686,1.02021,1.02985,102208847000.0,2022-08-10 15:04:01.142,2022-08-10 08:07:19.873
2022-08-11,1.02982,1.03643,1.02757,1.03201,101260634000.0,2022-08-11 13:52:52.282,2022-08-11 05:28:28.567
2022-08-12,1.03202,1.03251,1.02385,1.02558,81387360000.0,2022-08-12 00:00:55.532,2022-08-12 14:54:26.621
2022-08-14,1.02555,1.0263,1.02538,1.02539,2473421000.0,2022-08-14 23:33:50.852,2022-08-14 23:59:51.679
2022-08-15,1.02538,1.02682,1.01533,1.01613,79918638000.0,2022-08-15 01:00:41.133,2022-08-15 22:30:00.482
2022-08-16,1.01614,1.01947,1.01225,1.01694,88286685000.0,2022-08-16 14:48:30.155,2022-08-16 11:31:56.126
2022-08-17,1.01692,1.02029,1.01457,1.01774,122794114000.0,2022-08-17 18:39:54.675,2022-08-17 12:34:17.456
2022-08-18,1.01775,1.01929,1.00794,1.00889,112015563000.0,2022-08-18 00:42:57.370,2022-08-18 17:12:54.166
2022-08-19,1.0089,1.00953,1.00321,1.00392,102695034000.0,2022-08-19 07:55:27.496,2022-08-19 19:00:34.243
2022-08-21,1.0037,1.00403,1.003,1.0036,3395064000.0,2022-08-21 22:36:55.770,2022-08-21 23:54:29.930
2022-08-22,1.00361,1.00465,0.99263,0.9938,108017216000.0,2022-08-22 03:12:29.722,2022-08-22 17:24:49.977
2022-08-23,0.99381,1.00185,0.99001,0.99664,125892073000.0,2022-08-23 14:01:15.754,2022-08-23 07:15:01.090
2022-08-24,0.99663,0.99989,0.99099,0.9968,95766461000.0,2022-08-24 15:02:33.741,2022-08-24 14:06:31.808
2022-08-25,0.99679,1.00332,0.99491,0.99708,97667015000.0,2022-08-25 06:35:51.933,2022-08-25 16:02:59.415
2022-08-26,0.99706,1.00896,0.99464,0.99649,95775551500.0,2022-08-26 14:11:33.260,2022-08-26 06:56:33.657
2022-08-28,0.99651,0.99651,0.99351,0.9936,5039826000.0,2022-08-28 21:05:00.109,2022-08-28 23:26:29.751
2022-08-29,0.99362,1.00293,0.99141,1.00108,87159125000.0,2022-08-29 12:48:24.253,2022-08-29 05:09:59.797
2022-08-30,1.00106,1.00545,0.99819,1.00234,109488372000.0,2022-08-30 09:22:59.213,2022-08-30 02:28:55.067
2022-08-31,1.00231,1.0079,0.9971,1.00381,113946986000.0,2022-08-31 15:46:36.989,2022-08-31 10:33:10.857
2022-09-01,1.00383,1.00489,0.99111,0.99514,104553456500.0,2022-09-01 08:20:50.477,2022-09-01 14:49:48.748
2022-09-02,0.99516,1.00335,0.99452,0.99573,100549568000.0,2022-09-02 15:23:22.566,2022-09-02 19:52:39.156
2022-09-04,0.99263,0.99331,0.99029,0.99078,8181581000.0,2022-09-04 21:23:23.449,2022-09-04 22:19:46.148
2022-09-05,0.99076,0.99518,0.98778,0.99502,77431949000.0,2022-09-05 23:49:05.343,2022-09-05 06:02:07.718
2022-09-06,0.99512,0.99861,0.9864,0.98969,119256867000.0,2022-09-06 07:40:32.547,2022-09-06 14:03:27.406
2022-09-07,0.98971,1.00133,0.98756,0.99976,103279046000.0,2022-09-07 22:19:23.126,2022-09-07 12:03:30.715
2022-09-08,0.99979,1.00304,0.99306,1.001,125738414000.0,2022-09-08 12:15:11.772,2022-09-08 13:16:44.734
2022-09-09,1.00099,1.01132,1.00086,1.00458,97443582000.0,2022-09-09 08:55:30.046,2022-09-09 00:02:00.820
2022-09-11,1.00958,1.00958,1.00599,1.00707,5117307000.0,2022-09-11 21:05:00.072,2022-09-11 22:22:20.021
2022-09-12,1.00706,1.01977,1.00629,1.01289,102262814500.0,2022-09-12 07:34:45.211,2022-09-12 00:15:01.230
2022-09-13,1.01287,1.01873,0.99553,0.99782,96779385000.0,2022-09-13 11:25:06.732,2022-09-13 22:07:55.476
2022-09-14,0.99781,1.00236,0.99595,0.9982,99775819000.0,2022-09-14 10:23:38.769,2022-09-14 06:48:31.020
2022-09-15,0.99819,1.00181,0.99555,0.99872,78066920000.0,2022-09-15 12:50:28.109,2022-09-15 06:24:34.225
2022-09-16,0.99873,1.00366,0.99448,1.0013,82233284000.0,2022-09-16 14:56:51.653,2022-09-16 07:49:24.985
2022-09-18,1.00085,1.00284,1.00049,1.00223,2522323000.0,2022-09-18 23:47:05.449,2022-09-18 22:07:39.590
2022-09-19,1.00222,1.00321,0.99658,1.00297,67487315000.0,2022-09-19 23:27:12.227,2022-09-19 07:02:26.107
2022-09-20,1.00302,1.00504,0.99551,0.99709,85989729500.0,2022-09-20 00:12:58.582,2022-09-20 12:49:34.587
2022-09-21,0.99708,0.99752,0.98129,0.98311,111141351500.0,2022-09-21 00:10:55.900,2022-09-21 18:01:20.063
2022-09-22,0.98312,0.99072,0.98078,0.98382,131736979000.0,2022-09-22 08:44:31.187,2022-09-22 00:42:54.249
2022-09-23,0.98384,0.98518,0.96678,0.96883,117181914000.0,2022-09-23 01:20:09.457,2022-09-23 18:58:14.331
2022-09-25,0.96714,0.97098,0.96667,0.96855,7717236000.0,2022-09-25 22:24:04.356,2022-09-25 21:18:32.354
2022-09-26,0.96849,0.97013,0.95494,0.96197,174271822000.0,2022-09-26 07:27:40.972,2022-09-26 00:59:42.004
2022-09-27,0.96198,0.9671,0.9569,0.95952,133499111500.0,2022-09-27 06:23:25.456,2022-09-27 16:53:06.244
2022-09-28,0.95954,0.9751,0.95356,0.97054,195858092000.0,2022-09-28 18:51:58.778,2022-09-28 06:59:56.290
2022-09-29,0.97055,0.98439,0.96355,0.98291,191206272000.0,2022-09-29 22:20:09.611,2022-09-29 07:38:55.966
2022-09-30,0.98294,0.98538,0.97348,0.97995,174357827000.0,2022-09-30 08:21:59.149,2022-09-30 13:22:33.008
2022-10-02,0.97934,0.9809,0.97829,0.97931,4470624000.0,2022-10-02 22:36:19.267,2022-10-02 21:11:51.443
2022-10-03,0.97928,0.98446,0.97527,0.98334,146760178000.0,2022-10-03 15:17:11.723,2022-10-03 09:52:22.435
2022-10-04,0.98336,0.99993,0.98059,0.99836,154460055500.0,2022-10-04 19:01:09.982,2022-10-04 02:12:20.854
2022-10-05,0.99839,0.99949,0.98346,0.99117,137928793000.0,2022-10-05 06:45:59.141,2022-10-05 14:20:24.646
2022-10-06,0.99122,0.99265,0.97862,0.97889,148490672000.0,2022-10-06 03:29:43.541,2022-10-06 23:54:54.880
2022-10-07,0.97893,0.98168,0.97259,0.97381,155346349000.0,2022-10-07 08:36:44.860,2022-10-07 12:51:53.198
2022-10-09,0.97338,0.97395,0.97276,0.97344,4107323000.0,2022-10-09 22:10:40.405,2022-10-09 23:00:40.768
2022-10-10,0.97347,0.97531,0.96815,0.9711,86009858000.0,2022-10-10 01:55:35.655,2022-10-10 08:40:18.151
2022-10-11,0.97112,0.97747,0.96706,0.97006,108887217000.0,2022-10-11 16:41:48.429,2022-10-11 04:57:26.137
2022-10-12,0.97005,0.97346,0.96678,0.97047,120933281000.0,2022-10-12 04:04:21.110,2022-10-12 14:46:27.649
2022-10-13,0.97046,0.98059,0.96319,0.97675,175873349000.0,2022-10-13 17:37:44.304,2022-10-13 12:35:56.884
2022-10-14,0.97674,0.98086,0.97072,0.97239,173066000000.0,2022-10-14 01:49:35.325,2022-10-14 14:00:26.047
2022-10-16,0.97236,0.9743,0.97197,0.97398,7133094000.0,2022-10-16 23:35:20.336,2022-10-16 21:27:16.291
2022-10-17,0.97397,0.9852,0.97203,0.98435,127340153000.0,2022-10-17 16:34:24.187,2022-10-17 08:34:59.940
2022-10-18,0.98434,0.98754,0.98127,0.98626,137776935000.0,2022-10-18 13:33:32.655,2022-10-18 10:54:15.864
2022-10-19,0.98627,0.9867,0.97573,0.97654,130641407000.0,2022-10-19 00:07:22.186,2022-10-19 17:08:09.892
2022-10-20,0.97655,0.98455,0.97544,0.97784,154563905000.0,2022-10-20 14:59:43.947,2022-10-20 01:33:46.252
2022-10-21,0.97786,0.98689,0.97048,0.98628,199633010000.0,2022-10-21 19:26:08.255,2022-10-21 12:34:12.113
2022-10-23,0.98696,0.98991,0.9831,0.98595,20291134375.0,2022-10-23 22:10:32.484,2022-10-23 23:23:49.915
2022-10-24,0.98591,0.98934,0.9807,0.98842,180318109000.0,2022-10-24 14:51:44.817,2022-10-24 09:32:54.221
2022-10-25,0.98843,0.99768,0.98486,0.99616,130850878000.0,2022-10-25 14:04:14.498,2022-10-25 11:05:11.050
2022-10-26,0.99617,1.00937,0.99436,1.00933,132547753500.0,2022-10-26 23:56:12.040,2022-10-26 00:55:00.604
2022-10-27,1.00931,1.00935,0.99575,0.99667,147543760000.0,2022-10-27 00:00:01.186,2022-10-27 18:31:33.574
2022-10-28,0.99676,0.99982,0.99264,0.9966,132561836000.0,2022-10-28 02:03:11.284,2022-10-28 08:04:53.600
2022-10-30,0.99527,0.99621,0.9943,0.99546,6794004000.0,2022-10-30 23:15:38.723,2022-10-30 22:01:10.051
2022-10-31,0.99547,0.99655,0.9873,0.98856,89057928000.0,2022-10-31 03:58:37.550,2022-10-31 15:44:03.431
2022-11-01,0.98857,0.9954,0.9853,0.98775,119829786000.0,2022-11-01 13:10:42.565,2022-11-01 16:36:32.068
2022-11-02,0.98782,0.9976,0.98098,0.98137,132511713000.0,2022-11-02 18:35:51.241,2022-11-02 23:24:40.438
2022-11-03,0.9814,0.98395,0.973,0.97492,113749605000.0,2022-11-03 01:40:34.026,2022-11-03 10:49:32.258
2022-11-04,0.97495,0.99665,0.97474,0.99592,176905540000.0,2022-11-04 19:55:50.150,2022-11-04 00:00:50.520
2022-11-06,0.99097,0.99447,0.99078,0.99284,6344715000.0,2022-11-06 23:15:34.742,2022-11-06 22:05:13.518
2022-11-07,0.99285,1.00341,0.99176,1.00171,125623092000.0,2022-11-07 19:00:49.076,2022-11-07 01:27:46.476
2022-11-08,1.00172,1.00963,0.99719,1.00802,114770644000.0,2022-11-08 18:16:17.545,2022-11-08 09:03:17.748
2022-11-09,1.00803,1.00881,0.99927,1.00189,117529797000.0,2022-11-09 03:01:28.900,2022-11-09 19:40:36.850
2022-11-10,1.0019,1.02219,0.99355,1.01916,156476800948.0,2022-11-10 21:12:43.714,2022-11-10 11:07:05.588
2022-11-11,1.01917,1.03642,1.0163,1.03573,141844020000.0,2022-11-11 19:39:59.133,2022-11-11 01:48:06.953
2022-11-13,1.0334,1.03373,1.03146,1.03268,6527834000.0,2022-11-13 22:07:40.542,2022-11-13 23:10:35.306
2022-11-14,1.03267,1.03585,1.02714,1.03194,127662936000.0,2022-11-14 19:08:56.094,2022-11-14 12:11:07.999
2022-11-15,1.03195,1.04815,1.02801,1.03573,172691084000.0,2022-11-15 13:38:18.665,2022-11-15 19:05:00.112
2022-11-16,1.03575,1.04384,1.03305,1.03932,156202995000.0,2022-11-16 10:17:31.789,2022-11-16 01:33:02.767
2022-11-17,1.03931,1.04065,1.03053,1.03608,124443540000.0,2022-11-17 08:18:59.368,2022-11-17 14:08:10.896
2022-11-18,1.03607,1.03962,1.03136,1.03199,95242193000.0,2022-11-18 09:42:46.344,2022-11-18 21:45:29.562
2022-11-20,1.0323,1.03331,1.03217,1.03304,2677513000.0,2022-11-20 23:50:08.451,2022-11-20 22:36:38.652
2022-11-21,1.03305,1.03329,1.02227,1.0245,102233319000.0,2022-11-21 00:01:59.248,2022-11-21 17:23:49.538
2022-11-22,1.02451,1.0311,1.02419,1.03109,98726152000.0,2022-11-22 23:59:57.251,2022-11-22 00:01:39.671
2022-11-23,1.0311,1.0419,1.02963,1.04177,110173918000.0,2022-11-23 23:27:01.495,2022-11-23 10:29:25.912
2022-11-24,1.04178,1.04485,1.03817,1.04077,74498350000.0,2022-11-24 04:58:10.242,2022-11-24 11:33:17.828
2022-11-25,1.04076,1.04292,1.03548,1.03864,82801362000.0,2022-11-25 04:12:23.636,2022-11-25 14:18:30.005
2022-11-27,1.03732,1.03808,1.03653,1.0367,3022205000.0,2022-11-27 23:12:04.292,2022-11-27 23:59:10.356
2022-11-28,1.03671,1.04968,1.03302,1.03433,123821171000.0,2022-11-28 11:34:23.166,2022-11-28 20:19:49.483
2022-11-29,1.03434,1.03941,1.03188,1.03235,128375573000.0,2022-11-29 04:58:46.271,2022-11-29 23:13:23.536
2022-11-30,1.0324,1.043,1.029,1.04231,143789682500.0,2022-11-30 23:43:49.648,2022-11-30 16:01:55.812
2022-12-01,1.04229,1.05393,1.0393,1.05278,166576691299.0,2022-12-01 23:16:09.786,2022-12-01 08:01:27.232
2022-12-02,1.05277,1.05449,1.04281,1.05409,124857858000.0,2022-12-02 08:43:30.946,2022-12-02 13:47:52.113
2022-12-04,1.0532,1.05436,1.05305,1.05434,3591999000.0,2022-12-04 23:59:26.131,2022-12-04 23:19:49.299
2022-12-05,1.05435,1.05949,1.04801,1.04962,112571328000.0,2022-12-05 12:58:46.349,2022-12-05 20:31:09.674
2022-12-06,1.04965,1.05327,1.04593,1.04672,106292088000.0,2022-12-06 12:39:33.246,2022-12-06 19:08:18.933
2022-12-07,1.04673,1.05495,1.04431,1.05117,113400268000.0,2022-12-07 14:01:21.839,2022-12-07 07:15:57.727
2022-12-08,1.05118,1.0565,1.04896,1.05555,109234748000.0,2022-12-08 16:39:10.313,2022-12-08 09:41:48.274
2022-12-09,1.05552,1.05882,1.0503,1.05335,105987101000.0,2022-12-09 07:08:57.114,2022-12-09 13:30:16.214
2022-12-11,1.05279,1.05366,1.05184,1.05207,1733392000.0,2022-12-11 22:58:25.118,2022-12-11 23:52:17.885
2022-12-12,1.05208,1.058,1.05059,1.0541,86646794000.0,2022-12-12 15:13:35.685,2022-12-12 01:12:04.092
2022-12-13,1.05411,1.06734,1.05278,1.06242,130609975990.0,2022-12-13 14:26:47.650,2022-12-13 10:47:31.181
2022-12-14,1.06241,1.0695,1.06188,1.06758,130487879000.0,2022-12-14 20:12:51.653,2022-12-14 08:07:44.392
2022-12-15,1.06759,1.07363,1.05923,1.06386,131939990500.0,2022-12-15 14:17:32.568,2022-12-15 18:10:49.448
2022-12-16,1.06385,1.06631,1.05848,1.05891,100397010000.0,2022-12-16 07:17:18.439,2022-12-16 21:42:46.522
2022-12-18,1.0586,1.05966,1.05823,1.05842,2978976000.0,2022-12-18 22:23:08.776,2022-12-18 23:53:05.636
2022-12-19,1.05843,1.06579,1.05757,1.0612,101844422500.0,2022-12-19 09:23:58.111,2022-12-19 15:56:39.856
2022-12-20,1.06123,1.06585,1.05789,1.06251,152949579000.0,2022-12-20 15:13:25.812,2022-12-20 05:54:44.096
2022-12-21,1.06252,1.06456,1.05904,1.06076,108259282500.0,2022-12-21 13:23:53.006,2022-12-21 17:13:38.479
2022-12-22,1.06075,1.06593,1.05731,1.06011,103730297000.0,2022-12-22 08:26:10.167,2022-12-22 19:37:32.983
2022-12-23,1.0601,1.06328,1.05867,1.06165,93048243000.0,2022-12-23 13:44:22.497,2022-12-23 01:02:23.119
2022-12-25,1.06104,1.06212,1.06066,1.06182,709900000.0,2022-12-25 23:51:11.304,2022-12-25 22:16:12.492
2022-12-26,1.06201,1.06458,1.05976,1.06398,33790794000.0,2022-12-26 23:44:03.798,2022-12-26 00:55:02.732
2022-12-27,1.06399,1.06693,1.06113,1.06366,80625469000.0,2022-12-27 10:28:37.174,2022-12-27 14:17:59.650
2022-12-28,1.06368,1.06742,1.06065,1.06289,95026900000.0,2022-12-28 14:37:56.401,2022-12-28 22:05:02.976
2022-12-29,1.06287,1.06903,1.0611,1.06601,85166575000.0,2022-12-29 17:56:23.111,2022-12-29 06:40:50.552
2022-12-30,1.06604,1.0713,1.06386,1.06976,107308929000.0,2022-12-30 18:50:32.981,2022-12-30 07:32:38.127
2023-01-01,1.06949,1.07049,1.06854,1.06976,466500000.0,2023-01-01 22:13:35.747,2023-01-01 22:05:03.591
2023-01-02,1.06997,1.07076,1.06499,1.06765,17885323000.0,2023-01-02 01:07:54.654,2023-01-02 19:25:47.967
2023-01-03,1.06763,1.06803,1.05194,1.05452,224482652000.0,2023-01-03 04:39:11.773,2023-01-03 11:20:28.473
2023-01-04,1.05456,1.06356,1.05452,1.06058,166238864000.0,2023-01-04 08:31:11.598,2023-01-04 00:00:09.089
2023-01-05,1.06059,1.06314,1.0515,1.05207,121511092000.0,2023-01-05 01:04:20.887,2023-01-05 15:57:54.900
2023-01-06,1.0521,1.0648,1.04816,1.06426,151436919000.0,2023-01-06 20:28:40.489,2023-01-06 13:30:02.127
2023-01-08,1.06403,1.06629,1.06338,1.06624,4382708000.0,2023-01-08 23:59:52.077,2023-01-08 22:08:29.529
2023-01-09,1.06625,1.07607,1.06515,1.07324,118810397000.0,2023-01-09 16:49:39.441,2023-01-09 00:45:40.132
2023-01-10,1.07325,1.07592,1.07122,1.07384,109384450000.0,2023-01-10 14:36:19.448,2023-01-10 13:42:02.192
2023-01-11,1.07382,1.07762,1.07255,1.07653,90786449000.0,2023-01-11 14:49:25.012,2023-01-11 01:32:10.690
2023-01-12,1.07655,1.0867,1.07272,1.08596,147724368000.0,2023-01-12 18:04:02.874,2023-01-12 13:30:04.478
2023-01-13,1.08598,1.08678,1.07805,1.08326,110241493000.0,2023-01-13 00:26:15.318,2023-01-13 14:04:59.412
2023-01-15,1.08317,1.08345,1.08203,1.08227,4106914000.0,2023-01-15 22:05:56.993,2023-01-15 23:24:00.265
2023-01-16,1.08228,1.08743,1.08014,1.08296,66721490000.0,2023-01-16 02:29:20.284,2023-01-16 09:11:16.129
2023-01-17,1.08297,1.08693,1.07745,1.07894,106956727000.0,2023-01-17 14:27:08.331,2023-01-17 17:57:32.423
2023-01-18,1.07893,1.08873,1.07662,1.07973,152072525000.0,2023-01-18 14:25:40.816,2023-01-18 02:51:45.508
2023-01-19,1.07977,1.08398,1.07822,1.08334,121551875000.0,2023-01-19 20:21:07.875,2023-01-19 07:18:02.388
2023-01-20,1.08333,1.08588,1.0802,1.08556,88257304000.0,2023-01-20 08:10:43.102,2023-01-20 13:55:19.174
2023-01-22,1.08642,1.08696,1.08605,1.08639,2541049000.0,2023-01-22 23:40:56.459,2023-01-22 22:08:56.607
2023-01-23,1.08641,1.09268,1.08462,1.08713,101075700000.0,2023-01-23 07:05:15.529,2023-01-23 14:21:26.968
2023-01-24,1.08714,1.08979,1.08349,1.08898,91703830000.0,2023-01-24 07:47:29.097,2023-01-24 15:08:29.727
2023-01-25,1.08899,1.09236,1.08573,1.09207,91994668000.0,2023-01-25 15:08:26.081,2023-01-25 11:24:01.674
2023-01-26,1.09209,1.09295,1.08505,1.08928,92280636000.0,2023-01-26 06:52:37.661,2023-01-26 16:24:50.549
2023-01-27,1.08929,1.09002,1.08379,1.08672,91430165000.0,2023-01-27 00:52:26.652,2023-01-27 15:47:11.412
2023-01-29,1.08587,1.08726,1.08587,1.08718,1377590000.0,2023-01-29 23:55:02.713,2023-01-29 22:05:00.087
2023-01-30,1.08717,1.09135,1.08393,1.08497,102838163000.0,2023-01-30 10:25:22.867,2023-01-30 19:16:43.257
2023-01-31,1.085,1.08749,1.08019,1.08606,111335754000.0,2023-01-31 18:48:00.899,2023-01-31 09:00:14.700
2023-02-01,1.08607,1.10329,1.0852,1.10128,137453751000.0,2023-02-01 23:17:58.947,2023-02-01 02:39:26.956
2023-02-02,1.10129,1.10267,1.08853,1.09048,117428239000.0,2023-02-02 00:51:50.859,2023-02-02 15:09:36.192
2023-02-03,1.09052,1.09401,1.07922,1.07929,116344743000.0,2023-02-03 13:12:54.503,2023-02-03 21:51:16.636
2023-02-05,1.07843,1.07982,1.07821,1.07894,5195004000.0,2023-02-05 23:27:28.194,2023-02-05 22:05:04.093
2023-02-06,1.07893,1.07989,1.07094,1.0729,92331528000.0,2023-02-06 04:35:43.542,2023-02-06 17:57:30.816
2023-02-07,1.07289,1.07665,1.0669,1.07302,118154932000.0,2023-02-07 17:59:07.128,2023-02-07 15:31:03.977
2023-02-08,1.07305,1.07606,1.07092,1.07152,85886335000.0,2023-02-08 09:14:54.579,2023-02-08 20:29:44.949
2023-02-09,1.07153,1.07908,1.07093,1.0739,93836447000.0,2023-02-09 14:02:04.769,2023-02-09 01:09:31.254
2023-02-10,1.07391,1.07526,1.06662,1.06781,95579810000.0,2023-02-10 08:06:03.400,2023-02-10 17:13:57.750
2023-02-12,1.06813,1.06813,1.06714,1.0677,3705629000.0,2023-02-12 22:05:00.090,2023-02-12 23:01:13.501
2023-02-13,1.06773,1.07324,1.06553,1.07309,73217394000.0,2023-02-13 23:58:37.269,2023-02-13 01:32:30.266
2023-02-14,1.07307,1.08047,1.07068,1.07352,108423560000.0,2023-02-14 13:33:33.835,2023-02-14 15:54:31.888
2023-02-15,1.07353,1.07444,1.06604,1.06911,103759167000.0,2023-02-15 01:37:09.644,2023-02-15 18:05:29.981
2023-02-16,1.06912,1.07223,1.06544,1.06658,110515968000.0,2023-02-16 08:27:59.518,2023-02-16 15:04:56.566
2023-02-17,1.06655,1.06985,1.06128,1.06935,86694490000.0,2023-02-17 20:04:22.283,2023-02-17 12:15:54.831
2023-02-19,1.06863,1.06933,1.06822,1.0684,3039927000.0,2023-02-19 23:00:19.150,2023-02-19 23:17:29.277
2023-02-20,1.06841,1.07047,1.06703,1.06824,50135633000.0,2023-02-20 08:06:04.282,2023-02-20 13:09:26.668
2023-02-21,1.06821,1.06981,1.06375,1.06513,97240420625.0,2023-02-21 15:41:23.648,2023-02-21 18:54:33.752
2023-02-22,1.0651,1.06637,1.0599,1.06054,95708259000.0,2023-02-22 01:31:32.049,2023-02-22 20:03:45.718
2023-02-23,1.06052,1.06275,1.05771,1.05973,89318731000.0,2023-02-23 06:33:56.564,2023-02-23 17:14:08.999
2023-02-24,1.05976,1.0614,1.05362,1.05445,102316126000.0,2023-02-24 01:05:56.201,2023-02-24 14:28:22.017
2023-02-26,1.05449,1.05551,1.05443,1.05531,1309691000.0,2023-02-26 23:36:22.236,2023-02-26 22:05:00.929
2023-02-27,1.05532,1.06197,1.05331,1.06097,88247644000.0,2023-02-27 15:27:47.453,2023-02-27 06:42:35.103
2023-02-28,1.06098,1.06453,1.05738,1.05768,82887262000.0,2023-02-28 15:00:41.829,2023-02-28 21:55:38.463
2023-03-01,1.05769,1.06914,1.05652,1.06685,98500433000.0,2023-03-01 13:01:21.263,2023-03-01 00:44:37.080
2023-03-02,1.06688,1.06729,1.05763,1.05982,101541491000.0,2023-03-02 00:22:10.203,2023-03-02 18:07:18.762
2023-03-03,1.0598,1.06387,1.05882,1.06327,85620189000.0,2023-03-03 20:05:43.607,2023-03-03 15:07:18.431
2023-03-05,1.06259,1.06284,1.06225,1.06255,881785000.0,2023-03-05 23:00:23.286,2023-03-05 22:20:37.767
2023-03-06,1.06256,1.06944,1.06222,1.06854,83823960000.0,2023-03-06 17:18:00.676,2023-03-06 11:20:51.507
2023-03-07,1.06853,1.06946,1.0546,1.05482,104452276000.0,2023-03-07 07:39:17.903,2023-03-07 19:52:01.218
2023-03-08,1.05485,1.05739,1.05243,1.05488,87985850000.0,2023-03-08 15:34:57.291,2023-03-08 05:24:14.634
2023-03-09,1.0549,1.0591,1.05379,1.05855,74971736500.0,2023-03-09 19:25:22.783,2023-03-09 01:49:57.044
2023-03-10,1.05854,1.07004,1.0574,1.0638,132900251000.0,2023-03-10 15:45:25.591,2023-03-10 08:25:27.899
2023-03-12,1.0677,1.07031,1.06734,1.06807,10496094000.0,2023-03-12 22:08:36.769,2023-03-12 21:14:12.447
2023-03-13,1.06815,1.07483,1.06502,1.07229,186388323500.0,2023-03-13 17:12:10.407,2023-03-13 12:20:58.314
2023-03-14,1.07233,1.07494,1.06787,1.07269,143258995500.0,2023-03-14 18:54:24.806,2023-03-14 07:46:17.397
2023-03-15,1.0727,1.07598,1.05158,1.05815,162006791500.0,2023-03-15 02:52:05.549,2023-03-15 15:50:51.531
2023-03-16,1.05817,1.06353,1.05505,1.06136,145903775000.0,2023-03-16 08:18:06.466,2023-03-16 13:24:17.720
2023-03-17,1.06137,1.0685,1.06117,1.06651,101283079000.0,2023-03-17 18:59:20.483,2023-03-17 00:09:36.664
2023-03-19,1.06835,1.06877,1.06662,1.06804,5048782000.0,2023-03-19 22:03:32.244,2023-03-19 22:37:35.216
2023-03-20,1.06803,1.07307,1.06313,1.07186,121864810000.0,2023-03-20 13:45:42.288,2023-03-20 08:29:42.848
2023-03-21,1.07187,1.07887,1.07037,1.07724,80342750000.0,2023-03-21 13:30:51.962,2023-03-21 06:39:15.700
2023-03-22,1.07722,1.09123,1.07588,1.08688,100201552000.0,2023-03-22 18:48:54.036,2023-03-22 07:38:58.013
2023-03-23,1.0869,1.09299,1.08242,1.08347,107741693000.0,2023-03-23 06:28:23.562,2023-03-23 19:33:46.551
2023-03-24,1.08348,1.0837,1.07129,1.07599,113732048500.0,2023-03-24 05:32:28.077,2023-03-24 11:02:33.629
2023-03-26,1.07709,1.07799,1.07645,1.07778,4753480000.0,2023-03-26 22:29:20.719,2023-03-26 21:59:34.470
2023-03-27,1.07777,1.08077,1.07449,1.08062,76694779500.0,2023-03-27 23:56:56.065,2023-03-27 07:49:43.489
2023-03-28,1.08064,1.08484,1.08035,1.08386,72708425000.0,2023-03-28 19:58:10.120,2023-03-28 00:01:00.434
2023-03-29,1.08388,1.0871,1.08177,1.08423,73033342000.0,2023-03-29 11:32:32.079,2023-03-29 07:09:12.002
2023-03-30,1.08426,1.09261,1.08233,1.09041,71626419000.0,2023-03-30 13:26:48.181,2023-03-30 07:07:43.002
2023-03-31,1.0904,1.09256,1.08366,1.08428,74674877000.0,2023-03-31 01:31:34.453,2023-03-31 20:38:58.387
2023-04-02,1.08414,1.08437,1.08013,1.08022,5003622000.0,2023-04-02 21:10:35.207,2023-04-02 23:52:34.376
2023-04-03,1.08028,1.09164,1.07883,1.09065,79365460000.0,2023-04-03 14:21:59.065,2023-04-03 03:57:10.725
2023-04-04,1.09066,1.09733,1.08828,1.09575,74853198000.0,2023-04-04 14:57:32.005,2023-04-04 05:45:03.150
2023-04-05,1.09574,1.09696,1.08912,1.09029,74520594500.0,2023-04-05 00:26:47.219,2023-04-05 17:45:56.647
2023-04-06,1.0903,1.09374,1.08847,1.09193,58165371000.0,2023-04-06 16:33:15.844,2023-04-06 01:10:54.277
2023-04-07,1.09196,1.09241,1.08759,1.08967,20373591000.0,2023-04-07 00:04:17.952,2023-04-07 12:37:24.487
2023-04-09,1.08974,1.09136,1.08962,1.09131,1740579000.0,2023-04-09 23:59:04.120,2023-04-09 22:00:00.312
2023-04-10,1.09135,1.09171,1.08313,1.08685,44546603000.0,2023-04-10 08:00:02.345,2023-04-10 14:34:14.893
2023-04-11,1.08689,1.09278,1.08669,1.0916,56061469000.0,2023-04-11 14:08:11.438,2023-04-11 01:35:46.916
2023-04-12,1.09161,1.10001,1.09145,1.09967,66784558000.0,2023-04-12 18:20:01.315,2023-04-12 00:09:10.028
2023-04-13,1.09966,1.10676,1.09764,1.10516,59718429000.0,2023-04-13 13:50:29.831,2023-04-13 06:58:09.809
2023-04-14,1.10517,1.10757,1.09725,1.09946,68711063500.0,2023-04-14 06:00:14.716,2023-04-14 16:45:52.857
2023-04-16,1.09901,1.09944,1.09832,1.09843,1963270000.0,2023-04-16 21:09:20.297,2023-04-16 23:56:02.834
2023-04-17,1.09844,1.09996,1.09093,1.09243,62078071000.0,2023-04-17 07:38:28.793,2023-04-17 14:39:33.408
2023-04-18,1.09244,1.09828,1.09222,1.09748,61406751000.0,2023-04-18 09:20:01.146,2023-04-18 00:10:14.149
2023-04-19,1.09749,1.09839,1.09172,1.09515,64601962000.0,2023-04-19 01:01:07.721,2023-04-19 11:30:41.316
2023-04-20,1.09516,1.09899,1.09335,1.09673,63787075000.0,2023-04-20 14:08:04.237,2023-04-20 12:17:57.010
2023-04-21,1.09674,1.09935,1.0938,1.09893,62445732000.0,2023-04-21 13:02:28.622,2023-04-21 06:56:17.418
2023-04-23,1.09899,1.0996,1.09865,1.09915,1528050000.0,2023-04-23 23:13:57.457,2023-04-23 22:00:42.798
2023-04-24,1.09911,1.10572,1.09659,1.10571,55539636000.0,2023-04-24 23:53:26.336,2023-04-24 07:12:32.880
2023-04-25,1.10572,1.10669,1.09627,1.09778,66034805000.0,2023-04-25 01:29:54.013,2023-04-25 21:04:21.623
2023-04-26,1.09779,1.10956,1.09683,1.10453,81927416500.0,2023-04-26 13:24:53.811,2023-04-26 01:16:59.109
2023-04-27,1.10455,1.10633,1.0992,1.10314,74860017000.0,2023-04-27 05:47:50.604,2023-04-27 13:47:29.680
2023-04-28,1.10315,1.10448,1.09624,1.10162,87803865000.0,2023-04-28 15:41:20.100,2023-04-28 12:39:54.736
2023-04-30,1.10229,1.1024,1.10099,1.10104,1746088000.0,2023-04-30 21:09:14.910,2023-04-30 23:41:41.321
2023-05-01,1.10105,1.10356,1.09642,1.09687,49315710000.0,2023-05-01 13:02:58.854,2023-05-01 16:17:11.530
2023-05-02,1.09686,1.10139,1.09423,1.10107,72845285000.0,2023-05-02 23:42:38.116,2023-05-02 13:59:12.745
2023-05-03,1.10111,1.10915,1.10048,1.10684,81992351000.0,2023-05-03 18:02:49.774,2023-05-03 00:12:24.114
2023-05-04,1.10686,1.10916,1.09861,1.10229,90983159000.0,2023-05-04 06:15:02.956,2023-05-04 14:56:53.188
2023-05-05,1.10231,1.10477,1.09667,1.10181,65880560000.0,2023-05-05 07:01:00.537,2023-05-05 12:46:16.983
2023-05-07,1.10181,1.10226,1.10143,1.10182,2065157000.0,2023-05-07 21:59:29.022,2023-05-07 22:42:22.132
2023-05-08,1.10183,1.10534,1.09952,1.09963,49629146000.0,2023-05-08 08:00:58.777,2023-05-08 23:58:51.306
2023-05-09,1.09961,1.10006,1.09411,1.09645,60074964000.0,2023-05-09 06:39:05.648,2023-05-09 13:17:28.496
2023-05-10,1.09644,1.10066,1.09416,1.09827,75292394000.0,2023-05-10 14:17:28.089,2023-05-10 12:21:41.290
2023-05-11,1.09826,1.09979,1.09002,1.09123,80553169000.0,2023-05-11 01:16:13.586,2023-05-11 14:07:45.088
2023-05-12,1.09126,1.09356,1.08477,1.08497,66663922000.0,2023-05-12 07:22:48.982,2023-05-12 20:22:54.047
2023-05-14,1.08528,1.0855,1.08453,1.08528,2033728000.0,2023-05-14 21:38:49.752,2023-05-14 22:04:50.867
2023-05-15,1.08529,1.08907,1.0848,1.08735,58629654000.0,2023-05-15 12:30:52.533,2023-05-15 00:33:56.596
2023-05-16,1.08736,1.09047,1.08549,1.08655,77133948000.0,2023-05-16 09:07:28.563,2023-05-16 15:39:14.532
2023-05-17,1.08658,1.08736,1.08101,1.0838,79297665000.0,2023-05-17 02:20:18.968,2023-05-17 14:05:09.048
2023-05-18,1.08379,1.08479,1.07624,1.0775,78163804000.0,2023-05-18 02:23:08.366,2023-05-18 17:04:42.956
2023-05-19,1.07754,1.08286,1.07601,1.08047,85438398000.0,2023-05-19 17:44:37.474,2023-05-19 01:36:35.627
2023-05-21,1.08051,1.08241,1.08051,1.0822,1988986000.0,2023-05-21 23:16:24.124,2023-05-21 21:05:00.062
2023-05-22,1.08221,1.08314,1.07954,1.08104,78972111000.0,2023-05-22 12:35:25.407,2023-05-22 07:18:55.956
2023-05-23,1.08103,1.08204,1.07603,1.07691,84016265000.0,2023-05-23 00:22:54.331,2023-05-23 16:15:34.136
2023-05-24,1.07692,1.08011,1.07423,1.07555,86736938000.0,2023-05-24 12:22:19.960,2023-05-24 22:22:34.082
2023-05-25,1.07557,1.07557,1.07073,1.07233,84814103000.0,2023-05-25 00:00:00.162,2023-05-25 13:42:33.533
2023-05-26,1.07234,1.07583,1.07017,1.07257,75959151000.0,2023-05-26 11:44:04.466,2023-05-26 15:20:05.657
2023-05-28,1.07208,1.07292,1.0718,1.07215,1048539000.0,2023-05-28 22:14:16.658,2023-05-28 22:46:09.692
2023-05-29,1.07212,1.07434,1.07053,1.07067,31749727000.0,2023-05-29 06:30:38.528,2023-05-29 20:29:53.083
2023-05-30,1.07064,1.07465,1.06723,1.07316,75929294000.0,2023-05-30 12:08:39.649,2023-05-30 07:26:25.773
2023-05-31,1.07318,1.07355,1.0635,1.06933,96305873000.0,2023-05-31 00:56:02.267,2023-05-31 16:52:20.193
2023-06-01,1.06932,1.07685,1.06617,1.07603,76273582000.0,2023-06-01 18:30:52.112,2023-06-01 07:43:13.135
2023-06-02,1.07604,1.07789,1.07051,1.07059,68280127000.0,2023-06-02 06:10:47.540,2023-06-02 20:30:00.562
2023-06-04,1.07061,1.07091,1.06936,1.06967,3558796000.0,2023-06-04 21:06:24.201,2023-06-04 23:55:41.560
2023-06-05,1.06969,1.07222,1.06747,1.07114,75318388000.0,2023-06-05 14:10:35.198,2023-06-05 12:52:54.026
2023-06-06,1.0711,1.07328,1.06671,1.06985,64036402000.0,2023-06-06 06:31:52.060,2023-06-06 12:46:41.245
2023-06-07,1.06986,1.07398,1.06681,1.07069,66017027000.0,2023-06-07 14:00:49.116,2023-06-07 07:13:56.360
2023-06-08,1.0707,1.07868,1.0701,1.0782,66359418500.0,2023-06-08 16:29:07.951,2023-06-08 07:27:02.524
2023-06-09,1.07821,1.07851,1.07429,1.07494,64069937000.0,2023-06-09 00:12:24.089,2023-06-09 19:51:10.308
2023-06-11,1.07467,1.07514,1.0743,1.07498,2374357000.0,2023-06-11 23:58:25.867,2023-06-11 22:43:53.209
2023-06-12,1.07501,1.07902,1.0733,1.07619,71430040000.0,2023-06-12 09:44:19.308,2023-06-12 02:38:35.024
2023-06-13,1.0762,1.08232,1.07591,1.07896,83939942000.0,2023-06-13 12:36:12.360,2023-06-13 01:22:11.051
2023-06-14,1.07897,1.08638,1.07737,1.08428,78916107000.0,2023-06-14 16:47:22.163,2023-06-14 05:58:44.671
2023-06-15,1.08429,1.09524,1.08038,1.09453,77254210000.0,2023-06-15 19:19:47.668,2023-06-15 06:52:55.458
2023-06-16,1.09457,1.09706,1.09177,1.09404,73756721000.0,2023-06-16 12:16:31.004,2023-06-16 14:53:32.799
2023-06-18,1.09325,1.0943,1.09318,1.09397,1978312000.0,2023-06-18 23:03:22.386,2023-06-18 21:34:51.339
2023-06-19,1.09398,1.09462,1.09073,1.09235,47156436000.0,2023-06-19 00:06:01.129,2023-06-19 10:05:57.366
2023-06-20,1.09238,1.09461,1.08923,1.092,73417260000.0,2023-06-20 07:59:13.905,2023-06-20 14:45:49.894
2023-06-21,1.09197,1.09923,1.09055,1.09914,76249920000.0,2023-06-21 23:09:24.748,2023-06-21 06:10:54.700
2023-06-22,1.09915,1.10122,1.09486,1.09554,77182124000.0,2023-06-22 11:00:05.553,2023-06-22 16:01:46.212
2023-06-23,1.09555,1.09585,1.08445,1.08939,83416856000.0,2023-06-23 00:55:00.366,2023-06-23 09:08:19.756
2023-06-25,1.08999,1.09075,1.08929,1.09062,2113165000.0,2023-06-25 22:36:23.217,2023-06-25 22:00:02.419
2023-06-26,1.09061,1.09199,1.08873,1.09098,64917417000.0,2023-06-26 12:21:44.584,2023-06-26 08:09:35.090
2023-06-27,1.09099,1.09765,1.0902,1.09573,74884922500.0,2023-06-27 13:44:50.619,2023-06-27 00:55:00.357
2023-06-28,1.09572,1.09621,1.08967,1.0915,77952142000.0,2023-06-28 10:34:28.282,2023-06-28 14:57:43.964
2023-06-29,1.09151,1.09414,1.08601,1.08674,83628653000.0,2023-06-29 12:12:48.194,2023-06-29 13:44:43.367
2023-06-30,1.08675,1.09315,1.08353,1.09103,73571330500.0,2023-06-30 14:25:27.387,2023-06-30 08:37:56.908
2023-07-02,1.09094,1.0913,1.09062,1.09072,931505000.0,2023-07-02 22:14:40.988,2023-07-02 23:31:53.314
2023-07-03,1.09073,1.09337,1.08702,1.09128,55741881000.0,2023-07-03 14:01:16.813,2023-07-03 07:55:34.167
2023-07-04,1.09127,1.09162,1.08764,1.08825,32353421000.0,2023-07-04 01:25:05.805,2023-07-04 20:55:19.704
2023-07-05,1.08826,1.09078,1.08507,1.08551,58409062000.0,2023-07-05 07:19:25.799,2023-07-05 18:35:01.840
2023-07-06,1.08554,1.09004,1.08337,1.08895,74338083000.0,2023-07-06 12:09:40.164,2023-07-06 04:30:05.824
2023-07-07,1.08894,1.09732,1.08671,1.09658,73250082000.0,2023-07-07 17:23:37.685,2023-07-07 08:18:22.230
2023-07-09,1.09601,1.09699,1.09594,1.09669,1686189000.0,2023-07-09 22:25:58.666,2023-07-09 21:05:02.980
2023-07-10,1.0967,1.10057,1.09436,1.10051,55978475000.0,2023-07-10 23:56:14.791,2023-07-10 12:47:54.443
2023-07-11,1.10052,1.10268,1.09768,1.10135,57061506500.0,2023-07-11 06:24:00.297,2023-07-11 12:47:06.074
2023-07-12,1.10134,1.11404,1.10118,1.11402,72521108000.0,2023-07-12 23:59:03.482,2023-07-12 00:00:41.130
2023-07-13,1.11405,1.12295,1.11295,1.12232,73825330000.0,2023-07-13 22:21:25.895,2023-07-13 05:59:26.498
2023-07-14,1.12235,1.12446,1.12043,1.12284,64708485000.0,2023-07-14 09:14:10.090,2023-07-14 07:19:35.276
2023-07-16,1.12248,1.12313,1.1223,1.12271,2180801000.0,2023-07-16 22:02:39.356,2023-07-16 23:06:58.316
2023-07-17,1.12272,1.12487,1.12033,1.12372,55275049000.0,2023-07-17 08:38:25.905,2023-07-17 13:45:48.353
2023-07-18,1.12373,1.12758,1.1209,1.1228,80488528000.0,2023-07-18 07:33:19.207,2023-07-18 16:54:57.486
2023-07-19,1.12281,1.124,1.11741,1.12048,77168782511.0,2023-07-19 09:20:32.831,2023-07-19 14:49:39.760
2023-07-20,1.12049,1.1229,1.11185,1.11345,76928281500.0,2023-07-20 02:05:15.909,2023-07-20 16:47:25.381
2023-07-21,1.11346,1.11449,1.11078,1.11254,63382980500.0,2023-07-21 06:39:44.719,2023-07-21 14:52:36.756
2023-07-23,1.11222,1.11314,1.11212,1.11244,1788537000.0,2023-07-23 21:53:35.544,2023-07-23 21:05:01.580
2023-07-24,1.11242,1.11468,1.10597,1.10629,70217962000.0,2023-07-24 07:11:44.882,2023-07-24 23:17:12.532
2023-07-25,1.1063,1.10866,1.10206,1.10499,70350837000.0,2023-07-25 06:34:44.201,2023-07-25 14:35:54.549
2023-07-26,1.105,1.11063,1.10378,1.10779,86544841000.0,2023-07-26 19:00:29.894,2023-07-26 01:59:16.149
2023-07-27,1.10778,1.11495,1.09658,1.0978,114391284000.0,2023-07-27 10:18:27.192,2023-07-27 19:45:58.317
2023-07-28,1.09781,1.10473,1.09434,1.10163,114184718000.0,2023-07-28 14:24:52.692,2023-07-28 07:57:25.425
2023-07-30,1.10122,1.10281,1.10119,1.10236,2413852000.0,2023-07-30 23:11:43.162,2023-07-30 21:05:39.412
2023-07-31,1.10239,1.10457,1.09925,1.09966,74088190000.0,2023-07-31 14:12:06.419,2023-07-31 21:07:51.746
2023-08-01,1.09968,1.10189,1.09521,1.10075,75519615000.0,2023-08-01 21:58:22.922,2023-08-01 12:51:25.162
2023-08-02,1.10078,1.10078,1.09177,1.09433,88080655500.0,2023-08-02 00:00:00.270,2023-08-02 14:30:19.779
2023-08-03,1.09432,1.09626,1.0912,1.09509,85760213000.0,2023-08-03 16:50:48.482,2023-08-03 08:38:03.201
2023-08-04,1.09508,1.10417,1.09345,1.10108,82004856000.0,2023-08-04 15:46:20.151,2023-08-04 12:30:01.760
2023-08-06,1.10105,1.10143,1.1001,1.10024,2431872000.0,2023-08-06 21:37:47.375,2023-08-06 23:30:17.233
2023-08-07,1.1002,1.10115,1.09653,1.10024,59915058000.0,2023-08-07 00:46:05.780,2023-08-07 10:11:28.313
2023-08-08,1.10025,1.10109,1.09292,1.09591,70651100000.0,2023-08-08 06:41:36.936,2023-08-08 14:11:50.054
2023-08-09,1.09592,1.09954,1.09549,1.09769,59448238500.0,2023-08-09 14:06:16.541,2023-08-09 01:01:57.685
2023-08-10,1.09765,1.10651,1.09671,1.09818,97462528000.0,2023-08-10 12:32:08.517,2023-08-10 00:37:34.545
2023-08-11,1.09813,1.10048,1.09431,1.09473,75487902500.0,2023-08-11 12:28:23.856,2023-08-11 17:47:51.416
2023-08-13,1.09477,1.09511,1.09399,1.0943,1936568000.0,2023-08-13 21:17:11.650,2023-08-13 22:47:50.744
2023-08-14,1.09431,1.09599,1.08748,1.09077,77712995000.0,2023-08-14 08:44:12.423,2023-08-14 13:48:13.219
2023-08-15,1.09074,1.09521,1.08968,1.09037,93599064000.0,2023-08-15 13:20:29.552,2023-08-15 12:31:11.878
2023-08-16,1.09038,1.09346,1.08715,1.08741,79773731000.0,2023-08-16 08:33:37.258,2023-08-16 19:18:33.857
2023-08-17,1.08744,1.09181,1.08559,1.08741,99522190000.0,2023-08-17 12:37:35.817,2023-08-17 18:59:09.235
2023-08-18,1.08742,1.08937,1.08449,1.0872,85467760000.0,2023-08-18 02:07:34.636,2023-08-18 12:38:13.935
2023-08-20,1.0863,1.08783,1.0863,1.08746,1678420000.0,2023-08-20 22:22:55.185,2023-08-20 21:05:00.059
2023-08-21,1.08747,1.09135,1.08694,1.08973,62865111000.0,2023-08-21 11:50:33.143,2023-08-21 01:16:48.174
2023-08-22,1.08972,1.09303,1.08328,1.08461,59482696000.0,2023-08-22 07:49:11.560,2023-08-22 14:43:31.848
2023-08-23,1.08462,1.08713,1.08023,1.08651,66866303000.0,2023-08-23 07:25:58.498,2023-08-23 12:56:35.785
2023-08-24,1.08652,1.08765,1.07924,1.07987,54057461000.0,2023-08-24 05:35:00.333,2023-08-24 23:11:02.187
2023-08-25,1.07984,1.08417,1.07656,1.07933,68225024500.0,2023-08-25 14:17:12.113,2023-08-25 14:58:26.932
2023-08-27,1.07957,1.0801,1.07933,1.07968,1634463000.0,2023-08-27 23:20:48.693,2023-08-27 23:07:57.825
2023-08-28,1.07969,1.08297,1.0796,1.08255,46749302000.0,2023-08-28 23:30:34.799,2023-08-28 00:00:32.540
2023-08-29,1.08257,1.08918,1.07822,1.0869,70451582500.0,2023-08-29 19:25:42.537,2023-08-29 13:17:07.469
2023-08-30,1.08691,1.09453,1.0855,1.09293,68029094000.0,2023-08-30 13:59:56.183,2023-08-30 08:00:30.655
2023-08-31,1.09289,1.09392,1.08351,1.08423,60443439500.0,2023-08-31 01:34:15.501,2023-08-31 16:25:31.170
2023-09-01,1.08422,1.08817,1.0772,1.07731,57365411000.0,2023-09-01 12:35:19.764,2023-09-01 19:55:28.371
2023-09-03,1.07741,1.07775,1.07713,1.07755,1356750000.0,2023-09-03 21:15:34.824,2023-09-03 23:30:01.410
2023-09-04,1.07757,1.08087,1.07731,1.07912,23885583500.0,2023-09-04 11:10:55.687,2023-09-04 00:07:03.848
2023-09-05,1.07915,1.07982,1.07062,1.07243,52019277000.0,2023-09-05 01:31:53.131,2023-09-05 15:01:38.346
2023-09-06,1.07245,1.07487,1.07023,1.07237,49213759000.0,2023-09-06 11:24:30.830,2023-09-06 14:02:44.033
2023-09-07,1.07236,1.07317,1.06859,1.06972,47002439000.0,2023-09-07 03:43:53.960,2023-09-07 12:52:28.070
2023-09-08,1.06974,1.07436,1.06941,1.07001,44709366000.0,2023-09-08 14:12:17.245,2023-09-08 11:47:43.632
2023-09-10,1.07136,1.07203,1.07072,1.07161,2667498000.0,2023-09-10 23:51:28.673,2023-09-10 22:06:27.577
2023-09-11,1.07163,1.07592,1.07099,1.07475,43584620000.0,2023-09-11 14:23:23.176,2023-09-11 00:17:32.290
2023-09-12,1.07474,1.07686,1.07053,1.07528,41635032000.0,2023-09-12 01:12:39.416,2023-09-12 13:03:13.730
2023-09-13,1.07529,1.07646,1.07105,1.07325,56775235000.0,2023-09-13 01:17:27.701,2023-09-13 12:31:37.557
2023-09-14,1.0733,1.07521,1.06317,1.06347,60968040000.0,2023-09-14 05:32:31.612,2023-09-14 17:50:37.928
2023-09-15,1.0635,1.06877,1.06331,1.06622,47815706848.0,2023-09-15 14:07:57.619,2023-09-15 01:32:26.197
2023-09-17,1.066,1.06689,1.06597,1.06678,1109049000.0,2023-09-17 22:25:48.829,2023-09-17 21:05:01.009
2023-09-18,1.06682,1.06986,1.06545,1.06919,33566448000.0,2023-09-18 15:52:27.615,2023-09-18 13:00:39.983
2023-09-19,1.06918,1.07179,1.0675,1.06812,37650153000.0,2023-09-19 12:21:53.971,2023-09-19 07:17:20.340
2023-09-20,1.06808,1.07367,1.06476,1.06496,55207317000.0,2023-09-20 16:30:03.504,2023-09-20 23:52:34.141
2023-09-21,1.06498,1.06734,1.06166,1.06601,61502283451.0,2023-09-21 14:40:06.702,2023-09-21 02:31:41.242
2023-09-22,1.06602,1.06716,1.06148,1.06437,42284776000.0,2023-09-22 14:37:52.951,2023-09-22 07:22:53.805
2023-09-24,1.06459,1.06517,1.06424,1.06481,1170276000.0,2023-09-24 23:39:22.325,2023-09-24 21:45:14.139
2023-09-25,1.06479,1.06552,1.05754,1.0591,37158476000.0,2023-09-25 00:57:11.039,2023-09-25 14:57:44.388
2023-09-26,1.05911,1.06088,1.05618,1.05688,43077392000.0,2023-09-26 12:19:50.378,2023-09-26 18:38:40.726
2023-09-27,1.05687,1.05738,1.04879,1.0505,57114288000.0,2023-09-27 07:33:12.636,2023-09-27 18:24:21.890
2023-09-28,1.05052,1.05787,1.04908,1.05621,53826384000.0,2023-09-28 15:44:57.652,2023-09-28 06:53:25.692
2023-09-29,1.0562,1.06168,1.0558,1.05729,48079979000.0,2023-09-29 09:52:25.354,2023-09-29 00:51:45.138
2023-10-01,1.0567,1.05714,1.05576,1.0564,2460753000.0,2023-10-01 21:05:38.923,2023-10-01 22:57:14.228
2023-10-02,1.05641,1.05918,1.04752,1.04797,46054438000.0,2023-10-02 07:01:21.000,2023-10-02 23:20:53.056
2023-10-03,1.04794,1.04932,1.04481,1.04685,56218490000.0,2023-10-03 08:20:02.592,2023-10-03 15:48:03.319
2023-10-04,1.04684,1.05321,1.04513,1.05067,48294026000.0,2023-10-04 12:47:47.829,2023-10-04 07:02:12.949
2023-10-05,1.05065,1.05516,1.05,1.05462,63319809000.0,2023-10-05 20:02:00.435,2023-10-05 12:42:50.180
2023-10-06,1.05461,1.05998,1.04823,1.05831,68455949700.0,2023-10-06 15:42:09.889,2023-10-06 12:51:36.394
2023-10-08,1.05518,1.05683,1.05492,1.0566,5155773000.0,2023-10-08 23:54:52.053,2023-10-08 21:35:35.466
2023-10-09,1.05662,1.05795,1.05194,1.05785,58570254000.0,2023-10-09 23:56:33.773,2023-10-09 07:50:14.310
2023-10-10,1.0579,1.06197,1.05543,1.06042,68165780000.0,2023-10-10 16:03:39.448,2023-10-10 07:18:35.061
2023-10-11,1.06046,1.06346,1.05803,1.06232,69250493000.0,2023-10-11 13:57:09.112,2023-10-11 12:30:05.919
2023-10-12,1.06231,1.06396,1.05256,1.05354,68510698000.0,2023-10-12 06:43:35.152,2023-10-12 18:59:33.364
2023-10-13,1.05355,1.05584,1.04955,1.05064,57387202000.0,2023-10-13 08:06:37.503,2023-10-13 15:03:29.691
2023-10-15,1.05081,1.05254,1.05029,1.0522,2908681000.0,2023-10-15 22:12:40.930,2023-10-15 21:23:57.614
2023-10-16,1.05224,1.05628,1.05155,1.05541,48603209000.0,2023-10-16 20:00:00.230,2023-10-16 00:25:03.532
2023-10-17,1.05543,1.05948,1.05329,1.05728,58499738000.0,2023-10-17 16:00:57.765,2023-10-17 08:39:42.885
2023-10-18,1.05727,1.05941,1.05231,1.05379,55148268000.0,2023-10-18 06:11:56.761,2023-10-18 16:14:47.771
2023-10-19,1.0538,1.06166,1.05282,1.05863,78688604375.0,2023-10-19 16:03:15.418,2023-10-19 06:06:09.997
2023-10-20,1.05864,1.06036,1.0565,1.05949,53851964000.0,2023-10-20 17:19:03.046,2023-10-20 06:33:20.818
2023-10-22,1.05938,1.05965,1.05885,1.05895,2175445000.0,2023-10-22 21:23:14.624,2023-10-22 22:25:28.851
2023-10-23,1.05892,1.06779,1.05715,1.06699,55328796000.0,2023-10-23 18:42:29.010,2023-10-23 06:19:56.343
2023-10-24,1.067,1.06946,1.05831,1.05947,58734040000.0,2023-10-24 07:15:00.422,2023-10-24 15:34:58.721
2023-10-25,1.0595,1.06066,1.05601,1.05663,58417062000.0,2023-10-25 05:00:15.392,2023-10-25 23:23:30.420
2023-10-26,1.05662,1.05691,1.05215,1.0564,63779039000.0,2023-10-26 00:08:10.120,2023-10-26 12:30:10.829
2023-10-27,1.05636,1.0597,1.05354,1.05649,53192005553.0,2023-10-27 15:43:57.344,2023-10-27 11:58:02.519
2023-10-29,1.05648,1.05719,1.05588,1.05618,2345144000.0,2023-10-29 21:26:27.058,2023-10-29 22:14:03.001
2023-10-30,1.05619,1.06251,1.05471,1.0614,46606205000.0,2023-10-30 15:29:47.095,2023-10-30 08:30:11.855
2023-10-31,1.06139,1.0675,1.05576,1.0578,66443157000.0,2023-10-31 09:59:17.771,2023-10-31 16:41:03.200
2023-11-01,1.05778,1.05869,1.05166,1.05864,75353348000.0,2023-11-01 23:59:53.500,2023-11-01 18:42:30.483
2023-11-02,1.05866,1.06675,1.05838,1.06155,66051978000.0,2023-11-02 12:53:55.785,2023-11-02 00:05:37.796
2023-11-03,1.06157,1.07467,1.06147,1.07273,61534815000.0,2023-11-03 17:05:39.263,2023-11-03 00:50:33.226
2023-11-05,1.0723,1.07332,1.0723,1.07313,1323153000.0,2023-11-05 23:53:42.911,2023-11-05 22:05:00.008
2023-11-06,1.07314,1.07562,1.07145,1.07183,39504478000.0,2023-11-06 08:39:12.887,2023-11-06 22:04:01.005
2023-11-07,1.07184,1.07193,1.06641,1.06957,40717484000.0,2023-11-07 00:17:55.701,2023-11-07 14:38:47.352
2023-11-08,1.06956,1.07161,1.06594,1.07112,38333862000.0,2023-11-08 16:57:59.713,2023-11-08 10:38:13.488
2023-11-09,1.07113,1.07254,1.06601,1.0667,47337990000.0,2023-11-09 14:58:28.697,2023-11-09 19:43:51.820
2023-11-10,1.06672,1.06927,1.06561,1.06839,43207850000.0,2023-11-10 13:56:31.103,2023-11-10 07:33:02.491
2023-11-12,1.06843,1.06905,1.06808,1.06905,1883891000.0,2023-11-12 23:58:52.439,2023-11-12 22:15:44.836
2023-11-13,1.06904,1.07061,1.0665,1.07011,38996492000.0,2023-11-13 17:27:31.901,2023-11-13 13:36:45.094
2023-11-14,1.07014,1.08874,1.06929,1.08778,63415466000.0,2023-11-14 20:41:07.543,2023-11-14 05:43:20.435
2023-11-15,1.08779,1.08855,1.08315,1.08542,63610547000.0,2023-11-15 13:30:15.130,2023-11-15 14:57:52.446
2023-11-16,1.08541,1.08954,1.08301,1.08529,46734409000.0,2023-11-16 15:32:20.391,2023-11-16 02:39:22.946
2023-11-17,1.0853,1.09136,1.08248,1.09131,42944030000.0,2023-11-17 21:48:23.687,2023-11-17 08:07:32.336
2023-11-19,1.09102,1.09113,1.09053,1.09057,663902000.0,2023-11-19 23:00:13.999,2023-11-19 23:03:50.210
2023-11-20,1.09055,1.09518,1.08975,1.09446,42179216000.0,2023-11-20 18:03:54.561,2023-11-20 00:31:28.101
2023-11-21,1.09447,1.09651,1.09001,1.09171,41240471000.0,2023-11-21 04:14:31.023,2023-11-21 19:08:58.435
2023-11-22,1.09172,1.09229,1.08523,1.0888,44475491000.0,2023-11-22 01:16:16.580,2023-11-22 15:14:32.798
2023-11-23,1.08881,1.09301,1.08872,1.09038,22864717000.0,2023-11-23 08:30:18.570,2023-11-23 14:25:44.678
2023-11-24,1.09039,1.09482,1.0895,1.09328,23700183000.0,2023-11-24 18:44:13.759,2023-11-24 03:10:23.160
2023-11-26,1.09435,1.09475,1.09384,1.09396,975201000.0,2023-11-26 23:14:00.938,2023-11-26 23:52:17.611
2023-11-27,1.09397,1.09592,1.09252,1.09588,41634728000.0,2023-11-27 07:13:06.558,2023-11-27 15:06:20.506
2023-11-28,1.09587,1.10089,1.09344,1.10039,50665888000.0,2023-11-28 17:04:19.026,2023-11-28 07:59:09.621
2023-11-29,1.10042,1.1017,1.09601,1.09731,56729386380.0,2023-11-29 01:02:40.986,2023-11-29 15:34:53.226
2023-11-30,1.09732,1.09838,1.08793,1.08917,61236581000.0,2023-11-30 00:55:58.410,2023-11-30 20:26:59.066
2023-12-01,1.08918,1.09128,1.08287,1.0881,60944834000.0,2023-12-01 02:43:49.499,2023-12-01 16:01:20.695
2023-12-03,1.0878,1.08949,1.08768,1.0886,4247965000.0,2023-12-03 23:28:13.661,2023-12-03 23:00:00.356
2023-12-04,1.08857,1.08866,1.08041,1.08373,57480834000.0,2023-12-04 00:01:01.043,2023-12-04 15:43:10.539
2023-12-05,1.08374,1.08474,1.07782,1.07933,63716133000.0,2023-12-05 06:00:02.440,2023-12-05 18:42:01.965
2023-12-06,1.07932,1.08046,1.07587,1.07661,51853526000.0,2023-12-06 14:27:54.597,2023-12-06 20:39:54.568
2023-12-07,1.07663,1.08174,1.07552,1.07895,71148943000.0,2023-12-07 17:50:09.695,2023-12-07 07:00:39.519
2023-12-08,1.07897,1.08007,1.07236,1.07623,69710699000.0,2023-12-08 01:02:42.036,2023-12-08 13:31:08.777
2023-12-10,1.07578,1.07676,1.07564,1.07651,1340753000.0,2023-12-10 23:07:15.303,2023-12-10 22:22:33.601
2023-12-11,1.07653,1.07789,1.07416,1.07653,47573287000.0,2023-12-11 10:19:06.882,2023-12-11 16:32:04.387
2023-12-12,1.07654,1.08279,1.07611,1.07983,52046406000.0,2023-12-12 13:30:18.812,2023-12-12 03:00:37.086
2023-12-13,1.07985,1.08966,1.07731,1.08825,68747087000.0,2023-12-13 20:09:55.563,2023-12-13 10:48:30.215
2023-12-14,1.08826,1.10092,1.08792,1.09935,84334840943.0,2023-12-14 17:58:27.512,2023-12-14 00:13:24.388
2023-12-15,1.09937,1.10036,1.08888,1.08952,78135609396.0,2023-12-15 04:43:43.959,2023-12-15 18:55:42.326
2023-12-17,1.08945,1.08974,1.0892,1.08949,1362685000.0,2023-12-17 23:18:52.616,2023-12-17 23:38:20.344
2023-12-18,1.08948,1.09312,1.08939,1.0923,55826706000.0,2023-12-18 15:01:15.085,2023-12-18 00:01:37.996
2023-12-19,1.09232,1.09874,1.09148,1.09794,51389182000.0,2023-12-19 15:54:45.542,2023-12-19 02:20:06.660
2023-12-20,1.09793,1.09793,1.09299,1.09433,51925578000.0,2023-12-20 00:00:04.304,2023-12-20 21:01:47.846
2023-12-21,1.09434,1.10124,1.09352,1.10058,64101500000.0,2023-12-21 21:53:47.354,2023-12-21 09:12:23.471
2023-12-22,1.10061,1.10401,1.09938,1.10122,61344508000.0,2023-12-22 14:50:40.588,2023-12-22 07:00:00.139
2023-12-24,1.10043,1.10167,1.10041,1.10155,791500000.0,2023-12-24 22:45:39.207,2023-12-24 22:10:00.626
2023-12-25,1.10163,1.1023,1.0992,1.10186,3401733000.0,2023-12-25 23:35:46.303,2023-12-25 00:55:00.994
2023-12-26,1.10187,1.1045,1.10086,1.10421,36092810000.0,2023-12-26 20:01:08.181,2023-12-26 12:42:51.962
2023-12-27,1.10422,1.11227,1.10286,1.11081,54287456542.0,2023-12-27 16:22:13.536,2023-12-27 03:06:05.246
2023-12-28,1.11082,1.11395,1.10551,1.10677,61333999000.0,2023-12-28 09:37:56.004,2023-12-28 18:27:48.858
2023-12-29,1.10678,1.10843,1.10339,1.10388,66069623000.0,2023-12-29 01:49:41.317,2023-12-29 21:25:14.798
2024-01-01,1.10333,1.10455,1.10333,1.10364,913018000.0,2024-01-01 22:20:59.212,2024-01-01 18:25:25.517
2024-01-02,1.10363,1.10433,1.09384,1.09414,61666791000.0,2024-01-02 01:06:14.423,2024-01-02 21:29:59.948
2024-01-03,1.09415,1.09654,1.0893,1.09256,74931480000.0,2024-01-03 08:11:48.115,2024-01-03 19:14:10.814
2024-01-04,1.09257,1.09721,1.09161,1.09463,58584982862.0,2024-01-04 10:01:27.252,2024-01-04 02:21:36.296
2024-01-05,1.0946,1.09983,1.08768,1.09407,79180051741.0,2024-01-05 15:11:33.113,2024-01-05 13:31:45.124
2024-01-07,1.09383,1.09458,1.09348,1.09415,990767000.0,2024-01-07 23:00:00.402,2024-01-07 23:40:16.035
2024-01-08,1.09413,1.09788,1.09226,1.09498,58657909000.0,2024-01-08 17:03:24.647,2024-01-08 09:30:40.385
2024-01-09,1.09496,1.09662,1.09105,1.09317,59033169000.0,2024-01-09 03:16:57.947,2024-01-09 16:09:17.751
2024-01-10,1.09313,1.09747,1.09227,1.0974,54812174000.0,2024-01-10 23:56:18.599,2024-01-10 08:01:37.601
2024-01-11,1.09742,1.09996,1.09303,1.09824,81091822000.0,2024-01-11 13:30:01.088,2024-01-11 15:14:52.866
2024-01-12,1.09825,1.09869,1.0936,1.09496,62973704206.0,2024-01-12 15:10:17.262,2024-01-12 13:01:53.527
2024-01-14,1.09468,1.09507,1.09435,1.09451,1300904000.0,2024-01-14 22:59:37.663,2024-01-14 22:07:57.782
2024-01-15,1.0945,1.09676,1.09335,1.09449,36646399000.0,2024-01-15 03:24:23.781,2024-01-15 10:21:14.015
2024-01-16,1.0945,1.09461,1.0862,1.08785,82616738000.0,2024-01-16 00:00:57.909,2024-01-16 16:01:23.237
2024-01-17,1.08786,1.08861,1.08445,1.08861,68878717000.0,2024-01-17 23:59:59.688,2024-01-17 15:54:47.804
2024-01-18,1.08862,1.09068,1.08467,1.08799,69617651386.0,2024-01-18 06:54:36.161,2024-01-18 15:57:40.936
2024-01-19,1.08801,1.08977,1.08657,1.08973,55025257000.0,2024-01-19 21:50:06.858,2024-01-19 14:40:43.885
2024-01-21,1.08915,1.08976,1.08843,1.08919,1897272000.0,2024-01-21 23:04:39.648,2024-01-21 22:12:23.584
2024-01-22,1.08917,1.09094,1.08769,1.08772,48681518000.0,2024-01-22 06:30:25.232,2024-01-22 23:53:07.621
2024-01-23,1.08771,1.09162,1.08216,1.08573,59847959238.0,2024-01-23 07:15:20.410,2024-01-23 15:44:47.415
2024-01-24,1.08574,1.09323,1.08515,1.0881,71039603112.0,2024-01-24 14:30:12.047,2024-01-24 01:04:42.898
2024-01-25,1.08812,1.09017,1.08216,1.08456,75790656000.0,2024-01-25 13:15:52.622,2024-01-25 19:23:56.727
2024-01-26,1.08457,1.08855,1.08129,1.08525,58305022416.0,2024-01-26 13:30:10.726,2024-01-26 07:47:28.690
2024-01-28,1.08426,1.08488,1.08412,1.08422,1420196000.0,2024-01-28 23:00:05.806,2024-01-28 22:09:45.172
2024-01-29,1.08423,1.08501,1.07958,1.08338,53490132000.0,2024-01-29 07:38:15.639,2024-01-29 16:02:16.712
2024-01-30,1.08339,1.08573,1.08119,1.08429,57811480000.0,2024-01-30 14:50:25.453,2024-01-30 07:02:45.955
2024-01-31,1.08431,1.08874,1.07949,1.0804,110184514000.0,2024-01-31 15:02:43.635,2024-01-31 20:34:13.018
2024-02-01,1.08039,1.08762,1.07799,1.08741,87460651000.0,2024-02-01 23:10:24.141,2024-02-01 08:31:22.855
2024-02-02,1.08743,1.08974,1.07805,1.07888,74807237000.0,2024-02-02 09:43:18.712,2024-02-02 18:15:22.551
2024-02-04,1.07825,1.0786,1.07699,1.07796,2306976000.0,2024-02-04 22:46:02.874,2024-02-04 23:19:44.589
2024-02-05,1.07797,1.0786,1.07232,1.0741,63454809000.0,2024-02-05 08:13:49.669,2024-02-05 15:44:12.289
2024-02-06,1.07411,1.07624,1.07226,1.07566,65400670000.0,2024-02-06 07:20:30.736,2024-02-06 12:33:46.999
2024-02-07,1.0757,1.07838,1.07556,1.07755,58255196000.0,2024-02-07 13:31:29.093,2024-02-07 15:56:50.621
2024-02-08,1.07753,1.07889,1.07416,1.07776,54090156000.0,2024-02-08 07:20:36.165,2024-02-08 13:51:47.972
2024-02-09,1.07777,1.07953,1.07622,1.07846,52550142000.0,2024-02-09 14:14:59.011,2024-02-09 10:15:54.254
2024-02-11,1.07799,1.07983,1.0778,1.0798,1944761000.0,2024-02-11 23:56:41.228,2024-02-11 22:12:00.481
2024-02-12,1.07981,1.08055,1.07559,1.07718,40854600000.0,2024-02-12 07:57:52.958,2024-02-12 15:19:15.243
2024-02-13,1.07719,1.07963,1.07006,1.07084,69831890000.0,2024-02-13 13:30:01.120,2024-02-13 20:01:42.790
2024-02-14,1.07082,1.07345,1.0695,1.07319,60836804000.0,2024-02-14 16:58:40.323,2024-02-14 08:35:37.972
2024-02-15,1.07321,1.07848,1.07247,1.07728,61600107000.0,2024-02-15 15:17:27.748,2024-02-15 04:35:08.405
2024-02-16,1.07727,1.07875,1.0732,1.07764,62501563000.0,2024-02-16 19:02:55.312,2024-02-16 13:39:41.612
2024-02-18,1.07732,1.07852,1.07702,1.07841,1099378000.0,2024-02-18 23:55:43.861,2024-02-18 22:29:35.782
2024-02-19,1.0784,1.07894,1.0762,1.07755,32615493851.0,2024-02-19 07:19:47.245,2024-02-19 15:18:08.988
2024-02-20,1.07754,1.08389,1.07616,1.08099,60806872269.0,2024-02-20 14:34:09.863,2024-02-20 02:49:10.569
2024-02-21,1.081,1.08243,1.079,1.08203,59520656394.0,2024-02-21 19:04:16.353,2024-02-21 09:09:25.676
2024-02-22,1.08204,1.08882,1.08027,1.08253,72023359924.0,2024-02-22 08:15:14.595,2024-02-22 14:42:43.310
2024-02-23,1.08254,1.08394,1.08119,1.08205,56043888000.0,2024-02-23 12:42:04.225,2024-02-23 15:47:31.956
2024-02-25,1.08281,1.08284,1.08148,1.08191,820475000.0,2024-02-25 22:05:00.807,2024-02-25 22:20:45.143
2024-02-26,1.08188,1.08597,1.08127,1.08504,47320695911.0,2024-02-26 12:46:22.053,2024-02-26 01:17:11.308
2024-02-27,1.08507,1.08659,1.0833,1.08411,54658088088.0,2024-02-27 08:46:45.494,2024-02-27 15:39:40.232
2024-02-28,1.08412,1.08459,1.07966,1.08383,60878637495.0,2024-02-28 17:06:56.496,2024-02-28 09:37:42.878
2024-02-29,1.08384,1.08559,1.07955,1.08056,77690213290.0,2024-02-29 15:02:39.039,2024-02-29 22:04:01.104
2024-03-01,1.08055,1.08432,1.0798,1.08396,68676124358.0,2024-03-01 19:30:41.678,2024-03-01 14:56:41.842
2024-03-03,1.08372,1.08441,1.0837,1.08416,1068966000.0,2024-03-03 23:33:55.842,2024-03-03 22:58:44.141
2024-03-04,1.08417,1.08667,1.08377,1.08541,49946363971.0,2024-03-04 16:14:55.715,2024-03-04 08:37:57.395
2024-03-05,1.0854,1.08761,1.08402,1.08554,52244472215.0,2024-03-05 15:01:17.568,2024-03-05 14:45:01.941
2024-03-06,1.08555,1.09153,1.08421,1.08994,66805720893.0,2024-03-06 17:05:21.980,2024-03-06 01:49:12.015
2024-03-07,1.08996,1.09513,1.08678,1.0951,65580735666.0,2024-03-07 23:59:38.958,2024-03-07 13:54:42.111
2024-03-08,1.09509,1.09812,1.09176,1.09389,75338539475.0,2024-03-08 13:43:43.048,2024-03-08 13:30:14.421
2024-03-10,1.0939,1.09436,1.09359,1.09428,1877421000.0,2024-03-10 23:54:41.670,2024-03-10 22:15:45.049
2024-03-11,1.09427,1.09481,1.09146,1.09305,55242857000.0,2024-03-11 08:23:38.003,2024-03-11 15:44:34.697
2024-03-12,1.09306,1.09439,1.09022,1.09268,63169123982.0,2024-03-12 12:41:32.405,2024-03-12 13:39:57.540
2024-03-13,1.09269,1.09638,1.09201,1.0953,48425022526.0,2024-03-13 17:13:15.970,2024-03-13 09:31:52.799
2024-03-14,1.09531,1.09547,1.08807,1.08828,57173612564.0,2024-03-14 00:01:28.607,2024-03-14 19:43:08.230
2024-03-15,1.0883,1.08998,1.0873,1.08885,43231984851.0,2024-03-15 10:12:30.835,2024-03-15 02:42:08.376
2024-03-17,1.08882,1.08912,1.08755,1.08835,2523314000.0,2024-03-17 22:10:27.865,2024-03-17 21:12:48.245
2024-03-18,1.08836,1.09061,1.08661,1.08733,38157693404.0,2024-03-18 11:46:35.130,2024-03-18 17:47:35.719
2024-03-19,1.08734,1.08765,1.08347,1.08617,50421903856.0,2024-03-19 04:12:02.230,2024-03-19 09:56:12.889
2024-03-20,1.08618,1.09374,1.08365,1.09373,63588034520.0,2024-03-20 23:59:08.019,2024-03-20 09:57:23.219
2024-03-21,1.09374,1.09426,1.08555,1.0862,65430746391.25,2024-03-21 07:10:27.523,2024-03-21 19:57:41.772
2024-03-22,1.08623,1.08682,1.08017,1.08086,47863020630.0,2024-03-22 00:37:28.996,2024-03-22 19:24:50.553
2024-03-24,1.08078,1.08104,1.08046,1.08071,1118024000.0,2024-03-24 21:46:12.935,2024-03-24 22:00:05.206
2024-03-25,1.08072,1.08424,1.08022,1.0837,43030841906.0,2024-03-25 14:25:28.761,2024-03-25 01:02:57.892
2024-03-26,1.08372,1.08643,1.08243,1.08324,51606184661.0,2024-03-26 10:36:43.850,2024-03-26 16:23:56.150
2024-03-27,1.08327,1.0839,1.08103,1.08124,53155664580.25,2024-03-27 09:21:55.857,2024-03-27 22:57:22.658
2024-03-28,1.0813,1.08266,1.07751,1.07912,59660675849.625,2024-03-28 05:50:26.901,2024-03-28 09:56:11.576
2024-03-29,1.07914,1.0805,1.07681,1.07887,25543510000.0,2024-03-29 12:41:37.788,2024-03-29 07:58:55.732
2024-03-31,1.07888,1.0797,1.07852,1.07932,1951004000.0,2024-03-31 22:07:54.107,2024-03-31 22:00:19.363
2024-04-01,1.07933,1.07988,1.07309,1.07373,34206945000.0,2024-04-01 00:32:10.930,2024-04-01 15:54:18.047
2024-04-02,1.07371,1.07791,1.07247,1.0768,52909445399.0,2024-04-02 14:23:47.445,2024-04-02 06:42:43.751
2024-04-03,1.07679,1.08408,1.0764,1.0838,61829282137.625,2024-04-03 23:31:21.457,2024-04-03 07:28:12.337
2024-04-04,1.08379,1.08766,1.08318,1.08364,57578340535.5,2024-04-04 13:43:29.089,2024-04-04 20:02:11.620
2024-04-05,1.08365,1.08479,1.07914,1.08371,64403136198.98999,2024-04-05 12:26:29.317,2024-04-05 13:14:58.668
2024-04-07,1.08371,1.08379,1.08273,1.083,2370832000.0,2024-04-07 22:00:00.561,2024-04-07 22:54:21.995
2024-04-08,1.08298,1.08635,1.08209,1.0862,54251561236.0,2024-04-08 23:46:28.942,2024-04-08 09:07:22.580
2024-04-09,1.08624,1.08851,1.08477,1.08588,53673432881.75,2024-04-09 13:41:07.933,2024-04-09 19:09:31.085
2024-04-10,1.08589,1.08665,1.07287,1.0741,80569373389.25,2024-04-10 11:27:43.917,2024-04-10 16:35:05.894
2024-04-11,1.07412,1.07565,1.06992,1.0726,78402563983.875,2024-04-11 13:29:39.383,2024-04-11 14:54:38.647
2024-04-12,1.07259,1.07282,1.06226,1.06413,74286344128.0,2024-04-12 01:07:46.938,2024-04-12 14:22:55.317
2024-04-14,1.06341,1.06516,1.06315,1.06461,3848256000.0,2024-04-14 22:43:58.687,2024-04-14 21:05:00.704
2024-04-15,1.06462,1.06652,1.06203,1.06247,79780015753.5,2024-04-15 11:14:58.807,2024-04-15 19:18:36.082
2024-04-16,1.06244,1.06536,1.06012,1.0621,95106674984.125,2024-04-16 12:38:58.931,2024-04-16 17:32:00.546
2024-04-17,1.06209,1.06797,1.06061,1.0669,74172234679.6875,2024-04-17 18:50:24.364,2024-04-17 06:04:09.335
2024-04-18,1.06692,1.06901,1.06402,1.06425,61259060947.75,2024-04-18 06:27:27.464,2024-04-18 23:17:52.801
2024-04-19,1.06423,1.06777,1.06105,1.06571,87914805048.0,2024-04-19 14:30:34.468,2024-04-19 02:10:49.715
2024-04-21,1.06538,1.06615,1.0648,1.06575,1457796000.0,2024-04-21 22:12:53.253,2024-04-21 21:06:02.524
2024-04-22,1.06578,1.06706,1.0624,1.06538,49724523651.0,2024-04-22 02:21:51.265,2024-04-22 13:34:34.794
2024-04-23,1.06539,1.07113,1.06386,1.07025,61617070005.875,2024-04-23 14:36:43.410,2024-04-23 06:24:20.385
2024-04-24,1.07023,1.07142,1.0678,1.06999,50472154000.0,2024-04-24 01:39:13.432,2024-04-24 12:45:42.428
2024-04-25,1.07002,1.07401,1.06783,1.07267,65952083377.944824,2024-04-25 12:30:16.918,2024-04-25 13:13:53.971
2024-04-26,1.07268,1.07528,1.06739,1.0694,62479171015.0,2024-04-26 08:42:37.449,2024-04-26 15:12:42.302
2024-04-28,1.06905,1.0707,1.06823,1.07069,2059467000.0,2024-04-28 23:59:27.561,2024-04-28 21:05:03.115
2024-04-29,1.0707,1.07337,1.06902,1.07147,74509896614.0,2024-04-29 04:56:46.545,2024-04-29 13:40:04.490
2024-04-30,1.07145,1.07354,1.06646,1.0666,75616713578.125,2024-04-30 10:41:29.884,2024-04-30 20:57:43.191
2024-05-01,1.06662,1.07327,1.06494,1.0717,77418581690.0,2024-05-01 18:55:19.211,2024-05-01 06:56:34.802
2024-05-02,1.07169,1.07309,1.06741,1.07298,76629649000.0,2024-05-02 23:21:58.818,2024-05-02 14:09:23.490
2024-05-03,1.07302,1.08122,1.07244,1.07631,86267811466.25,2024-05-03 12:31:03.915,2024-05-03 00:12:44.515
2024-05-05,1.07615,1.07651,1.07575,1.07584,1895395000.0,2024-05-05 21:54:31.917,2024-05-05 23:57:45.394
2024-05-06,1.07583,1.07908,1.07552,1.07673,39716669094.0,2024-05-06 12:51:08.683,2024-05-06 00:01:13.942
2024-05-07,1.07672,1.07874,1.07474,1.07498,46497912687.0,2024-05-07 13:42:27.299,2024-05-07 23:48:51.822
2024-05-08,1.07496,1.07575,1.0735,1.07468,41001203941.0,2024-05-08 15:57:29.101,2024-05-08 08:01:54.960
2024-05-09,1.07467,1.07859,1.07239,1.07818,46408868796.0,2024-05-09 22:13:25.788,2024-05-09 11:45:40.250
2024-05-10,1.07819,1.079,1.07604,1.07694,44389465991.0,2024-05-10 13:57:59.411,2024-05-10 14:53:28.378
2024-05-12,1.07708,1.07752,1.07639,1.07703,1725609000.0,2024-05-12 23:14:00.937,2024-05-12 21:16:25.136
2024-05-13,1.07701,1.08067,1.07659,1.07921,42584490399.0,2024-05-13 13:34:16.182,2024-05-13 02:29:30.607
2024-05-14,1.07923,1.08256,1.07669,1.0814,50165967160.0,2024-05-14 14:52:52.940,2024-05-14 12:30:28.479
2024-05-15,1.08138,1.089,1.08131,1.08883,63388092990.0,2024-05-15 23:36:50.455,2024-05-15 00:02:00.350
2024-05-16,1.08884,1.0895,1.08544,1.08676,51340120692.0,2024-05-16 00:57:56.107,2024-05-16 14:07:39.638
2024-05-17,1.08678,1.08785,1.08356,1.08699,40815435772.0,2024-05-17 15:02:56.841,2024-05-17 11:07:03.227
2024-05-19,1.0867,1.08743,1.08634,1.08724,930073000.0,2024-05-19 23:50:27.253,2024-05-19 21:21:17.955
2024-05-20,1.08726,1.08845,1.08543,1.08603,38640442310.0,2024-05-20 06:32:40.940,2024-05-20 12:30:22.076
2024-05-21,1.08606,1.08748,1.08426,1.0854,49236942567.0,2024-05-21 09:29:01.390,2024-05-21 13:02:31.149
2024-05-22,1.08538,1.08635,1.08174,1.08251,55056464738.0,2024-05-22 02:01:54.192,2024-05-22 19:27:19.882
2024-05-23,1.08249,1.0861,1.08048,1.08117,62866012726.0,2024-05-23 13:35:52.326,2024-05-23 18:58:49.264
2024-05-24,1.08116,1.08578,1.08055,1.0846,46691739202.0,2024-05-24 16:27:49.015,2024-05-24 04:01:15.490
2024-05-26,1.08466,1.08514,1.08415,1.08466,1304742000.0,2024-05-26 22:32:59.672,2024-05-26 21:16:30.235
2024-05-27,1.08467,1.08675,1.08406,1.08614,25210335199.0,2024-05-27 10:00:07.603,2024-05-27 12:07:21.354
2024-05-28,1.08615,1.0889,1.08511,1.08513,48464724207.0,2024-05-28 11:17:57.375,2024-05-28 23:59:35.047
2024-05-29,1.08512,1.08588,1.07995,1.08011,53643903455.0,2024-05-29 07:21:10.729,2024-05-29 23:40:17.323
2024-05-30,1.0801,1.08451,1.07884,1.08313,49204748912.0,2024-05-30 15:28:52.603,2024-05-30 05:47:20.840
2024-05-31,1.08314,1.08823,1.08111,1.08493,61526402792.0,2024-05-31 12:58:49.368,2024-05-31 03:00:01.225
2024-06-02,1.08462,1.08544,1.08434,1.08525,2044457000.0,2024-06-02 22:24:06.234,2024-06-02 21:06:09.601
2024-06-03,1.08526,1.09098,1.08278,1.09072,57461903949.0,2024-06-03 22:14:38.116,2024-06-03 10:34:43.141
2024-06-04,1.09073,1.09161,1.08589,1.08817,66898504992.0,2024-06-04 00:55:12.024,2024-06-04 11:53:31.794
2024-06-05,1.08816,1.08916,1.08544,1.08739,56103693809.0,2024-06-05 13:45:02.852,2024-06-05 16:13:23.381
2024-06-06,1.0874,1.09019,1.08619,1.08917,50385476566.0,2024-06-06 12:30:35.571,2024-06-06 11:56:27.774
2024-06-07,1.08914,1.09018,1.07996,1.08018,64512442532.0,2024-06-07 11:56:57.477,2024-06-07 20:02:18.294
2024-06-09,1.07684,1.07798,1.07636,1.07788,3069477000.0,2024-06-09 23:06:14.087,2024-06-09 21:05:48.776
2024-06-10,1.07786,1.07815,1.07327,1.07634,51640858879.0,2024-06-10 00:05:57.366,2024-06-10 10:42:41.060
2024-06-11,1.07633,1.07735,1.07194,1.074,52844283366.0,2024-06-11 06:53:08.852,2024-06-11 13:53:44.164
2024-06-12,1.07399,1.08523,1.07346,1.08128,87651113440.0,2024-06-12 15:04:27.139,2024-06-12 01:07:00.340
2024-06-13,1.08129,1.08164,1.07328,1.07375,66287052185.0,2024-06-13 07:53:57.953,2024-06-13 16:57:50.640
2024-06-14,1.07374,1.07449,1.06677,1.07055,76487539307.0,2024-06-14 03:15:49.552,2024-06-14 13:52:50.818
2024-06-16,1.07032,1.0709,1.06969,1.07026,2068278000.0,2024-06-16 22:05:00.310,2024-06-16 21:46:26.167
2024-06-17,1.07027,1.0741,1.06864,1.07398,66190685850.0,2024-06-17 23:57:12.277,2024-06-17 06:09:39.836
2024-06-18,1.074,1.07614,1.071,1.07387,64307364463.0,2024-06-18 14:28:09.440,2024-06-18 11:48:20.863
2024-06-19,1.07386,1.07534,1.07248,1.07471,38694164929.0,2024-06-19 11:12:29.469,2024-06-19 07:20:37.099
2024-06-20,1.07469,1.07481,1.07012,1.0706,60322232608.0,2024-06-20 00:54:42.297,2024-06-20 22:13:16.528
2024-06-21,1.07059,1.07205,1.0671,1.06925,60678061099.0,2024-06-21 06:09:38.756,2024-06-21 07:38:05.383
2024-06-23,1.06868,1.06954,1.06849,1.06878,2058159000.0,2024-06-23 23:08:01.767,2024-06-23 21:24:38.757
2024-06-24,1.06879,1.07464,1.06836,1.07322,54279033342.0,2024-06-24 14:09:54.343,2024-06-24 01:15:35.280
2024-06-25,1.07321,1.07441,1.06907,1.07092,51417751703.0,2024-06-25 05:24:34.252,2024-06-25 14:09:42.037
2024-06-26,1.07091,1.07179,1.0666,1.06798,59766439663.0,2024-06-26 02:10:00.729,2024-06-26 13:33:26.702
2024-06-27,1.06797,1.07264,1.0677,1.07077,61645083268.0,2024-06-27 13:36:09.565,2024-06-27 00:54:07.777
2024-06-28,1.07078,1.07247,1.06853,1.07127,72557145493.0,2024-06-28 17:19:18.665,2024-06-28 01:42:09.687
2024-06-30,1.0742,1.07437,1.07315,1.0735,3150708000.0,2024-06-30 21:12:03.349,2024-06-30 22:00:01.802
2024-07-01,1.07351,1.07764,1.07197,1.07366,66907503727.0,2024-07-01 06:30:34.510,2024-07-01 15:10:44.912
2024-07-02,1.07365,1.07494,1.071,1.0748,54751890385.0,2024-07-02 23:44:24.466,2024-07-02 10:14:16.473
2024-07-03,1.07481,1.08168,1.07363,1.07911,52675980717.0,2024-07-03 14:16:42.616,2024-07-03 05:28:37.065
2024-07-04,1.0791,1.08139,1.07836,1.08104,31021945699.0,2024-07-04 15:12:44.284,2024-07-04 03:48:35.546
2024-07-05,1.08105,1.08426,1.07984,1.08391,56417996978.0,2024-07-05 19:43:41.170,2024-07-05 12:30:04.097
2024-07-07,1.08021,1.08329,1.08016,1.08257,3300010000.0,2024-07-07 22:07:02.233,2024-07-07 21:05:20.943
2024-07-08,1.08256,1.0845,1.08146,1.08305,49085002083.0,2024-07-08 13:34:33.872,2024-07-08 06:27:54.545
2024-07-09,1.08308,1.08334,1.08059,1.08143,44912954392.0,2024-07-09 00:15:20.539,2024-07-09 16:57:00.072
2024-07-10,1.08144,1.08365,1.08108,1.08333,40929685389.0,2024-07-10 23:16:37.736,2024-07-10 01:37:46.298
2024-07-11,1.08332,1.08999,1.08322,1.0874,73963016056.0,2024-07-11 12:51:25.088,2024-07-11 06:47:01.220
2024-07-12,1.08739,1.09113,1.08618,1.09049,61012992461.0,2024-07-12 19:26:00.680,2024-07-12 07:13:15.600
2024-07-14,1.08837,1.08943,1.08826,1.08857,3286266000.0,2024-07-14 21:57:29.645,2024-07-14 21:07:47.741
2024-07-15,1.08858,1.09224,1.08834,1.08981,58504371787.0,2024-07-15 15:07:30.654,2024-07-15 00:04:10.867
2024-07-16,1.08982,1.09055,1.08716,1.0902,54800040016.0,2024-07-16 12:21:44.491,2024-07-16 13:10:09.564
2024-07-17,1.09021,1.0948,1.08951,1.09402,66315174111.0,2024-07-17 13:38:48.166,2024-07-17 07:06:52.836
2024-07-18,1.09403,1.09407,1.08936,1.09002,62003535885.0,2024-07-18 00:00:10.693,2024-07-18 19:24:38.744
2024-07-19,1.09001,1.09003,1.08757,1.08818,50897965816.0,2024-07-19 00:00:20.386,2024-07-19 18:45:56.081
2024-07-21,1.08815,1.09027,1.08815,1.08989,3236224000.0,2024-07-21 23:42:24.802,2024-07-21 21:05:00.006
2024-07-22,1.08988,1.08997,1.08731,1.08889,47694902679.0,2024-07-22 00:00:09.863,2024-07-22 14:19:03.236
2024-07-23,1.0889,1.08967,1.08439,1.08497,48774131738.0,2024-07-23 03:27:49.579,2024-07-23 14:57:45.320
2024-07-24,1.08499,1.08665,1.08257,1.0838,60039774022.0,2024-07-24 14:17:30.130,2024-07-24 07:58:04.347
2024-07-25,1.08381,1.08699,1.08282,1.08513,76447229080.0,2024-07-25 17:10:47.319,2024-07-25 07:12:21.072
2024-07-26,1.08515,1.08682,1.08421,1.08554,52897552061.0,2024-07-26 14:13:58.152,2024-07-26 08:36:40.386
2024-07-28,1.08564,1.086,1.08528,1.08528,1726231000.0,2024-07-28 22:15:04.737,2024-07-28 23:59:08.156
2024-07-29,1.08527,1.087,1.08028,1.08191,48490292230.0,2024-07-29 02:26:45.495,2024-07-29 14:42:24.490
2024-07-30,1.0819,1.08357,1.07982,1.08157,52751900699.0,2024-07-30 10:09:51.955,2024-07-30 14:45:33.091
2024-07-31,1.08158,1.08494,1.0802,1.08239,81744756793.0,2024-07-31 13:36:13.839,2024-07-31 18:01:02.587
2024-08-01,1.08238,1.08354,1.07775,1.07864,85647670796.0,2024-08-01 04:18:21.765,2024-08-01 09:59:57.700
2024-08-02,1.07862,1.09266,1.07818,1.09106,98536892995.0,2024-08-02 14:56:42.596,2024-08-02 00:06:03.775
2024-08-04,1.09199,1.09228,1.09029,1.09104,4864891000.0,2024-08-04 21:10:40.896,2024-08-04 22:51:58.982
2024-08-05,1.09105,1.1009,1.08927,1.09506,156810244279.0,2024-08-05 12:49:17.575,2024-08-05 06:12:34.252
2024-08-06,1.09508,1.0963,1.09037,1.09259,99945633531.0,2024-08-06 00:59:47.784,2024-08-06 11:20:03.412
2024-08-07,1.09258,1.09366,1.09054,1.09275,68110785079.0,2024-08-07 15:21:33.340,2024-08-07 06:00:34.365
2024-08-08,1.09277,1.09451,1.08815,1.0915,66518024904.0,2024-08-08 07:01:59.100,2024-08-08 13:49:24.455
2024-08-09,1.09146,1.09313,1.09091,1.09158,38055128919.0,2024-08-09 14:25:30.750,2024-08-09 12:44:49.740
2024-08-11,1.09152,1.09192,1.09099,1.09128,2055099000.0,2024-08-11 21:47:48.938,2024-08-11 22:24:28.832
2024-08-12,1.09127,1.09394,1.09118,1.09361,34932515179.0,2024-08-12 15:13:33.129,2024-08-12 00:00:08.043
2024-08-13,1.0936,1.09997,1.09136,1.0996,50460930851.0,2024-08-13 19:13:41.000,2024-08-13 09:06:23.079
2024-08-14,1.09959,1.10473,1.09864,1.10116,50670955410.0,2024-08-14 14:40:06.067,2024-08-14 06:02:18.785
2024-08-15,1.10117,1.10155,1.09496,1.09723,45533470732.0,2024-08-15 07:25:15.623,2024-08-15 13:12:33.615
2024-08-16,1.09724,1.10295,1.09717,1.10265,33472152446.0,2024-08-16 20:53:21.477,2024-08-16 00:00:19.888
2024-08-18,1.10265,1.10341,1.10196,1.10246,2033934000.0,2024-08-18 22:06:20.550,2024-08-18 21:57:50.895
2024-08-19,1.10245,1.10875,1.10232,1.10855,50915992799.0,2024-08-19 22:13:28.281,2024-08-19 00:00:37.434
2024-08-20,1.10856,1.11316,1.10719,1.11276,61002193754.0,2024-08-20 23:34:59.133,2024-08-20 07:34:20.379
2024-08-21,1.11274,1.11741,1.10989,1.1155,69990509522.0,2024-08-21 18:29:52.465,2024-08-21 14:00:14.631
2024-08-22,1.11551,1.11647,1.1098,1.1116,57980576704.0,2024-08-22 07:15:03.094,2024-08-22 14:24:28.404
2024-08-23,1.11157,1.12009,1.11055,1.11932,62847288858.0,2024-08-23 18:13:53.233,2024-08-23 13:33:15.645
2024-08-25,1.11879,1.11943,1.11864,1.11893,2549165000.0,2024-08-25 21:24:39.893,2024-08-25 23:54:16.216
2024-08-26,1.11892,1.12016,1.11501,1.11645,48975965814.0,2024-08-26 00:52:34.890,2024-08-26 13:06:39.899
2024-08-27,1.11646,1.11905,1.11502,1.11769,51086496278.0,2024-08-27 18:48:01.022,2024-08-27 12:32:16.744
2024-08-28,1.1177,1.11799,1.1105,1.11245,61315009188.0,2024-08-28 00:58:01.212,2024-08-28 12:32:21.697
2024-08-29,1.11246,1.11399,1.10557,1.108,69987092842.0,2024-08-29 06:07:49.880,2024-08-29 14:34:59.699
2024-08-30,1.10802,1.1095,1.10439,1.10482,61996593649.0,2024-08-30 08:32:16.065,2024-08-30 16:37:30.459
2024-09-01,1.10465,1.10497,1.10416,1.10446,1795747000.0,2024-09-01 22:40:10.251,2024-09-01 21:05:05.170
2024-09-02,1.10445,1.10774,1.1042,1.10672,32199617727.0,2024-09-02 08:20:01.135,2024-09-02 00:07:43.152
2024-09-03,1.10671,1.10702,1.10263,1.10485,59868922446.0,2024-09-03 02:17:40.793,2024-09-03 17:59:37.189
2024-09-04,1.10484,1.10951,1.10399,1.10801,58422774489.0,2024-09-04 14:57:36.319,2024-09-04 12:25:23.347
2024-09-05,1.108,1.11198,1.10747,1.1111,71380854794.0,2024-09-05 12:21:56.225,2024-09-05 04:15:34.400
2024-09-06,1.11112,1.11554,1.10656,1.10862,97336087755.0,2024-09-06 12:32:07.466,2024-09-06 13:49:05.578
2024-09-08,1.10813,1.10909,1.10803,1.10867,2457727000.0,2024-09-08 23:45:18.394,2024-09-08 21:15:02.620
2024-09-09,1.10866,1.10911,1.10337,1.10353,58185475050.0,2024-09-09 00:21:23.530,2024-09-09 20:55:22.115
2024-09-10,1.10352,1.10498,1.10152,1.10201,51160863735.0,2024-09-10 06:59:59.754,2024-09-10 14:53:05.196
2024-09-11,1.10202,1.10548,1.1002,1.10103,78385915471.0,2024-09-11 11:27:08.371,2024-09-11 14:48:52.617
2024-09-12,1.10101,1.10792,1.10056,1.1079,68334089431.0,2024-09-12 23:59:47.406,2024-09-12 08:01:10.420
2024-09-13,1.10789,1.11018,1.10727,1.10746,65159403621.0,2024-09-13 13:12:22.832,2024-09-13 20:50:29.145
2024-09-15,1.10753,1.10895,1.10743,1.10873,1899513000.0,2024-09-15 23:36:24.338,2024-09-15 21:34:54.630
2024-09-16,1.10874,1.11376,1.10868,1.11292,59176555986.0,2024-09-16 13:35:26.747,2024-09-16 02:15:54.561
2024-09-17,1.1129,1.11462,1.1111,1.1122,68727709915.0,2024-09-17 08:56:49.220,2024-09-17 17:12:11.954
2024-09-18,1.11221,1.11891,1.10967,1.11139,86577836333.0,2024-09-18 18:34:31.342,2024-09-18 19:50:56.042
2024-09-19,1.11141,1.11789,1.10684,1.11594,103846623139.0,2024-09-19 09:52:56.944,2024-09-19 01:34:13.715
2024-09-20,1.11593,1.11818,1.11361,1.11628,80014934974.0,2024-09-20 07:13:22.508,2024-09-20 15:23:07.237
2024-09-22,1.11592,1.11646,1.11578,1.1159,2962257000.0,2024-09-22 22:22:02.248,2024-09-22 21:05:01.393
2024-09-23,1.11589,1.11672,1.10832,1.11109,74617211617.0,2024-09-23 05:46:57.602,2024-09-23 08:14:17.472
2024-09-24,1.11107,1.11911,1.11033,1.11909,70922916784.0,2024-09-24 23:57:22.932,2024-09-24 02:50:19.435
2024-09-25,1.11907,1.12139,1.11215,1.11298,76605513211.0,2024-09-25 13:06:34.627,2024-09-25 17:09:59.699
2024-09-26,1.11297,1.11893,1.11258,1.11769,94336485178.0,2024-09-26 15:55:07.532,2024-09-26 08:24:39.202
2024-09-27,1.1177,1.1203,1.1125,1.11589,96881590668.0,2024-09-27 13:11:23.359,2024-09-27 07:25:17.580
2024-09-29,1.11495,1.11724,1.11495,1.1169,1686263000.0,2024-09-29 22:47:50.729,2024-09-29 21:05:00.006
2024-09-30,1.11692,1.12089,1.11135,1.11366,86195341856.0,2024-09-30 08:57:43.318,2024-09-30 18:20:06.782
2024-10-01,1.11367,1.1144,1.10458,1.10646,91510245021.0,2024-10-01 05:41:29.452,2024-10-01 17:20:52.531
2024-10-02,1.10647,1.10829,1.10326,1.10459,69290210145.0,2024-10-02 08:35:41.714,2024-10-02 15:02:38.212
2024-10-03,1.10458,1.10467,1.10083,1.10352,82935126988.0,2024-10-03 12:30:04.056,2024-10-03 14:43:47.511
2024-10-04,1.10351,1.10395,1.09512,1.09756,85293189317.0,2024-10-04 00:10:37.455,2024-10-04 16:30:58.492
2024-10-06,1.09633,1.09719,1.09628,1.09705,4907963000.0,2024-10-06 21:39:59.210,2024-10-06 21:12:48.291
2024-10-07,1.09706,1.09868,1.09543,1.09744,80488966420.0,2024-10-07 17:41:12.731,2024-10-07 09:51:12.375
2024-10-08,1.09748,1.09971,1.09609,1.09754,66923247265.0,2024-10-08 08:05:44.672,2024-10-08 15:34:58.059
2024-10-09,1.09752,1.09787,1.0935,1.09415,68639539039.0,2024-10-09 00:53:01.765,2024-10-09 21:05:18.417
2024-10-10,1.09416,1.09547,1.09001,1.09335,96991946530.0,2024-10-10 12:32:54.675,2024-10-10 17:08:20.033
2024-10-11,1.09334,1.09537,1.0926,1.09352,61933351359.0,2024-10-11 08:36:44.365,2024-10-11 12:52:41.807
2024-10-13,1.09317,1.09334,1.0922,1.09231,2422393000.0,2024-10-13 21:59:12.876,2024-10-13 23:57:14.094
2024-10-14,1.09232,1.09366,1.08882,1.09089,59915051175.0,2024-10-14 09:25:47.732,2024-10-14 19:01:45.377
2024-10-15,1.09091,1.09167,1.08819,1.08831,70241649667.0,2024-10-15 13:50:11.253,2024-10-15 17:52:25.229
2024-10-16,1.08832,1.09015,1.08533,1.08587,68975545687.0,2024-10-16 12:26:37.122,2024-10-16 19:21:45.174
2024-10-17,1.08588,1.08736,1.0811,1.0829,86223634453.0,2024-10-17 12:15:37.615,2024-10-17 13:28:07.389
2024-10-18,1.08291,1.08693,1.08274,1.08672,60125628953.0,2024-10-18 20:33:27.953,2024-10-18 00:31:33.954
2024-10-20,1.08605,1.08718,1.08605,1.08681,2006947000.0,2024-10-20 22:03:49.663,2024-10-20 21:05:00.005
2024-10-21,1.08682,1.08689,1.08111,1.08153,65338928776.0,2024-10-21 00:00:11.500,2024-10-21 18:59:44.453
2024-10-22,1.08152,1.08381,1.07926,1.07963,59381945445.0,2024-10-22 07:46:51.603,2024-10-22 20:01:44.799
2024-10-23,1.07962,1.08066,1.07613,1.07804,73208446036.0,2024-10-23 05:59:55.941,2024-10-23 12:27:48.707
2024-10-24,1.07805,1.083,1.07705,1.08238,84406571000.0,2024-10-24 20:11:00.513,2024-10-24 07:26:41.196
2024-10-25,1.0824,1.08393,1.0793,1.07946,66230475000.0,2024-10-25 12:59:14.299,2024-10-25 19:42:45.179
2024-10-27,1.07908,1.08016,1.07863,1.0796,4529750000.0,2024-10-27 23:31:19.254,2024-10-27 22:01:18.313
2024-10-28,1.07959,1.08277,1.0782,1.08177,70156173721.0,2024-10-28 14:53:03.001,2024-10-28 03:58:22.430
2024-10-29,1.08175,1.08263,1.07688,1.08198,91039468830.0,2024-10-29 09:39:33.350,2024-10-29 13:05:42.672
2024-10-30,1.08196,1.08713,1.08051,1.08582,91608660018.0,2024-10-30 18:55:11.543,2024-10-30 12:30:01.659
2024-10-31,1.08583,1.08881,1.08441,1.08839,96528553001.0,2024-10-31 13:34:49.570,2024-10-31 01:59:42.478
2024-11-01,1.08842,1.09057,1.08317,1.08339,79174154740.0,2024-11-01 12:40:07.152,2024-11-01 20:20:17.916
2024-11-03,1.088,1.0881,1.08719,1.08727,3732089000.0,2024-11-03 22:59:58.062,2024-11-03 23:05:06.029
2024-11-04,1.08728,1.09147,1.08699,1.08736,78650603866.0,2024-11-04 12:00:57.297,2024-11-04 00:15:01.713
2024-11-05,1.08737,1.09368,1.08725,1.09337,65144615962.0,2024-11-05 23:56:25.672,2024-11-05 00:36:16.291
2024-11-06,1.09336,1.09336,1.06825,1.07315,193473222262.0,2024-11-06 00:00:01.784,2024-11-06 12:33:01.631
2024-11-07,1.07316,1.08246,1.07128,1.07955,128278946346.0,2024-11-07 15:31:16.465,2024-11-07 01:27:27.138
2024-11-08,1.07956,1.07974,1.06868,1.07177,103144806600.0,2024-11-08 00:31:35.050,2024-11-08 17:13:16.550
2024-11-10,1.07085,1.07171,1.07073,1.07132,2756865000.0,2024-11-10 23:34:51.645,2024-11-10 22:57:37.866
2024-11-11,1.07129,1.07277,1.06287,1.06631,71202266674.0,2024-11-11 01:25:01.069,2024-11-11 14:51:53.485
2024-11-12,1.0663,1.06631,1.0595,1.06165,91582922731.0,2024-11-12 00:00:02.516,2024-11-12 17:13:33.082
2024-11-13,1.06164,1.0654,1.05557,1.05658,115337856933.0,2024-11-13 13:30:09.832,2024-11-13 15:08:33.965
2024-11-14,1.05657,1.05825,1.04963,1.05294,131202022196.0,2024-11-14 16:26:31.930,2024-11-14 11:14:05.938
2024-11-15,1.05295,1.05929,1.05164,1.05331,122206830760.0,2024-11-15 13:13:59.295,2024-11-15 20:39:43.363
2024-11-17,1.053,1.05386,1.05295,1.05362,2113885000.0,2024-11-17 23:03:20.229,2024-11-17 22:06:05.044
2024-11-18,1.05363,1.06071,1.05302,1.05945,100650115000.0,2024-11-18 19:08:43.753,2024-11-18 03:47:34.251
2024-11-19,1.05946,1.06079,1.05232,1.06071,122318218119.0,2024-11-19 23:52:13.697,2024-11-19 09:22:14.172
2024-11-20,1.0607,1.06098,1.05067,1.05457,86666582128.0,2024-11-20 00:07:29.505,2024-11-20 16:11:58.514
2024-11-21,1.05456,1.05548,1.04621,1.04689,100652034883.0,2024-11-21 04:02:24.658,2024-11-21 17:03:59.786
2024-11-22,1.0469,1.0498,1.03316,1.04175,107869413000.0,2024-11-22 08:14:20.379,2024-11-22 09:14:41.913
2024-11-24,1.04768,1.0501,1.04616,1.04793,4952551000.0,2024-11-24 23:29:32.281,2024-11-24 23:00:06.792
2024-11-25,1.04792,1.05302,1.04426,1.04438,111404828000.0,2024-11-25 14:00:05.988,2024-11-25 23:59:55.911
2024-11-26,1.04441,1.05447,1.04249,1.04917,110413244000.0,2024-11-26 12:38:43.819,2024-11-26 00:16:43.855
2024-11-27,1.04916,1.05876,1.04742,1.05618,104765493000.0,2024-11-27 17:20:03.865,2024-11-27 05:57:19.187
2024-11-28,1.05619,1.05627,1.05274,1.056,56612725000.0,2024-11-28 01:49:03.054,2024-11-28 08:03:44.029
2024-11-29,1.05599,1.05971,1.05414,1.05774,100701245000.0,2024-11-29 07:29:30.765,2024-11-29 16:45:21.050
2024-12-01,1.05642,1.05705,1.05334,1.05439,3415663000.0,2024-12-01 22:33:52.192,2024-12-01 23:29:57.868
2024-12-02,1.0544,1.05463,1.04605,1.05007,118935495000.0,2024-12-02 00:00:48.967,2024-12-02 16:04:40.812
2024-12-03,1.05005,1.0535,1.04805,1.05099,101575130000.0,2024-12-03 18:04:12.052,2024-12-03 05:04:30.782
2024-12-04,1.05098,1.0544,1.04721,1.05124,106759619500.0,2024-12-04 15:25:52.812,2024-12-04 14:09:28.439
2024-12-05,1.05123,1.05895,1.05081,1.05864,82627935000.0,2024-12-05 14:41:06.985,2024-12-05 00:01:36.920
2024-12-06,1.05863,1.06297,1.05422,1.0568,95224906000.0,2024-12-06 13:33:29.579,2024-12-06 19:13:41.072
2024-12-08,1.0557,1.05691,1.05552,1.05655,1345110000.0,2024-12-08 23:02:35.814,2024-12-08 22:05:45.846
2024-12-09,1.05657,1.05943,1.05321,1.0554,82673037000.0,2024-12-09 16:01:19.446,2024-12-09 04:42:50.135
2024-12-10,1.05541,1.0568,1.04983,1.05311,80400999000.0,2024-12-10 06:30:59.071,2024-12-10 15:53:02.165
2024-12-11,1.05313,1.05393,1.04801,1.05054,95014114000.0,2024-12-11 02:29:00.481,2024-12-11 15:49:14.144
2024-12-12,1.05055,1.05309,1.04637,1.04736,110536130860.0,2024-12-12 07:18:03.996,2024-12-12 15:43:36.295
2024-12-13,1.04735,1.05241,1.0453,1.05034,82589363000.0,2024-12-13 13:11:54.332,2024-12-13 07:12:28.890
2024-12-15,1.0488,1.05108,1.04849,1.05094,1564118000.0,2024-12-15 23:54:55.898,2024-12-15 22:29:03.223
2024-12-16,1.05091,1.05248,1.04746,1.05168,81103707000.0,2024-12-16 08:32:09.831,2024-12-16 14:51:40.580
2024-12-17,1.05169,1.05342,1.04791,1.04944,80700763000.0,2024-12-17 00:54:30.249,2024-12-17 10:27:36.541
2024-12-18,1.04943,1.05126,1.0344,1.03504,105690533000.0,2024-12-18 07:02:02.500,2024-12-18 20:18:35.211
2024-12-19,1.03505,1.04222,1.03504,1.03646,120100615000.0,2024-12-19 09:42:08.923,2024-12-19 00:00:02.197
2024-12-20,1.03645,1.04474,1.03427,1.04282,111022674000.0,2024-12-20 19:51:19.248,2024-12-20 06:12:57.403
2024-12-22,1.04311,1.04454,1.04263,1.04336,1883610000.0,2024-12-22 22:38:05.537,2024-12-22 22:05:30.969
2024-12-23,1.04337,1.04454,1.03841,1.04041,64340458000.0,2024-12-23 04:55:30.759,2024-12-23 15:09:06.826
2024-12-24,1.0404,1.04099,1.03834,1.0389,32614305000.0,2024-12-24 14:30:48.688,2024-12-24 17:46:10.581
2024-12-25,1.03959,1.04037,1.03956,1.0399,1030084000.0,2024-12-25 22:29:50.714,2024-12-25 23:05:00.153
2024-12-26,1.03989,1.043,1.03904,1.04217,30096692000.0,2024-12-26 18:36:36.626,2024-12-26 07:23:46.179
2024-12-27,1.04216,1.0444,1.04049,1.04239,52523141000.0,2024-12-27 12:03:28.794,2024-12-27 07:44:01.418
2024-12-29,1.0429,1.0434,1.04232,1.04294,1097629000.0,2024-12-29 23:08:32.520,2024-12-29 22:34:11.574
2024-12-30,1.04293,1.04582,1.03715,1.04056,81091865000.0,2024-12-30 12:14:00.495,2024-12-30 15:53:04.822
2024-12-31,1.04057,1.04244,1.03437,1.03527,70433226000.0,2024-12-31 09:51:55.059,2024-12-31 17:40:21.687
2025-01-01,1.03516,1.03575,1.03463,1.03508,1830594000.0,2025-01-01 22:56:04.790,2025-01-01 23:38:45.519
2025-01-02,1.03509,1.03758,1.02239,1.02675,103006422000.0,2025-01-02 04:14:29.835,2025-01-02 16:04:01.564
2025-01-03,1.02676,1.03099,1.02646,1.03078,66627641000.0,2025-01-03 21:09:16.452,2025-01-03 05:21:16.222
2025-01-05,1.03007,1.03079,1.0294,1.03051,1149446000.0,2025-01-05 23:48:44.251,2025-01-05 22:56:06.076
2025-01-06,1.03052,1.04368,1.02954,1.03831,124969500000.0,2025-01-06 13:29:39.722,2025-01-06 00:40:26.891
2025-01-07,1.03833,1.04343,1.03375,1.03414,97066419000.0,2025-01-07 09:05:29.225,2025-01-07 22:04:01.005
2025-01-08,1.03415,1.03575,1.0273,1.03131,107796632000.0,2025-01-08 06:13:09.879,2025-01-08 11:40:36.249
2025-01-09,1.03132,1.03214,1.02834,1.02963,72881151000.0,2025-01-09 03:11:49.745,2025-01-09 08:04:50.634
2025-01-10,1.02965,1.03118,1.02128,1.02447,109407893000.0,2025-01-10 08:41:04.878,2025-01-10 13:34:01.858
2025-01-12,1.02353,1.02468,1.02345,1.0243,1732643000.0,2025-01-12 23:33:22.259,2025-01-12 22:05:00.606
2025-01-13,1.02433,1.02774,1.01774,1.02636,109949307998.0,2025-01-13 23:34:53.758,2025-01-13 09:27:35.876
2025-01-14,1.02637,1.03085,1.02384,1.03061,99516844000.0,2025-01-14 20:28:12.586,2025-01-14 02:42:52.180
2025-01-15,1.0306,1.03544,1.02581,1.02951,91804656000.0,2025-01-15 13:32:29.531,2025-01-15 16:33:43.786
2025-01-16,1.02949,1.0315,1.02607,1.03015,106824749000.0,2025-01-16 17:27:34.747,2025-01-16 13:32:00.253
2025-01-17,1.03014,1.03306,1.02651,1.02698,90395221000.0,2025-01-17 15:11:34.740,2025-01-17 14:25:41.512
2025-01-19,1.0276,1.02821,1.02663,1.02805,1963567000.0,2025-01-19 22:57:08.902,2025-01-19 23:24:37.431
2025-01-20,1.02806,1.04342,1.02781,1.04209,112821591000.0,2025-01-20 20:13:03.911,2025-01-20 00:04:00.457
2025-01-21,1.0421,1.04353,1.03417,1.04056,134549184000.0,2025-01-21 18:41:03.101,2025-01-21 09:40:18.346
2025-01-22,1.0406,1.04572,1.03997,1.04077,96916448000.0,2025-01-22 10:30:31.389,2025-01-22 06:53:47.495
2025-01-23,1.04078,1.0438,1.03719,1.04157,101817580000.0,2025-01-23 17:57:48.491,2025-01-23 16:12:19.125
2025-01-24,1.04156,1.05214,1.04114,1.04958,119519034000.0,2025-01-24 17:18:18.256,2025-01-24 01:54:27.662
2025-01-26,1.04794,1.04852,1.0465,1.04673,1742614000.0,2025-01-26 23:00:02.223,2025-01-26 23:55:29.568
2025-01-27,1.04674,1.05332,1.04282,1.04371,123618123000.0,2025-01-27 13:08:02.855,2025-01-27 23:35:12.360
2025-01-28,1.04372,1.04565,1.04137,1.04271,92701545327.0,2025-01-28 01:31:58.043,2025-01-28 12:07:52.510
2025-01-29,1.0427,1.04436,1.03822,1.04245,101105423000.0,2025-01-29 06:42:51.515,2025-01-29 13:25:46.197
2025-01-30,1.04246,1.04675,1.03848,1.03968,97211368000.0,2025-01-30 14:00:42.895,2025-01-30 23:12:01.171
2025-01-31,1.03969,1.04338,1.03499,1.03586,118842452000.0,2025-01-31 17:12:34.032,2025-01-31 21:13:41.802
2025-02-02,1.02416,1.027,1.02349,1.0247,7164129000.0,2025-02-02 23:07:25.031,2025-02-02 23:26:01.622
2025-02-03,1.02466,1.03506,1.02104,1.0328,159760729000.0,2025-02-03 23:11:54.081,2025-02-03 00:23:06.061
2025-02-04,1.03281,1.03876,1.02719,1.03715,101081405000.0,2025-02-04 21:02:42.252,2025-02-04 05:11:51.558
2025-02-05,1.03716,1.04423,1.03696,1.03985,86779731100.0,2025-02-05 15:00:25.282,2025-02-05 00:08:50.728
2025-02-06,1.03986,1.04054,1.03524,1.0385,88540548000.0,2025-02-06 02:10:12.552,2025-02-06 12:36:48.942
2025-02-07,1.03849,1.04113,1.03053,1.03258,100002798000.0,2025-02-07 13:30:06.589,2025-02-07 17:18:31.274
2025-02-09,1.0287,1.03135,1.02829,1.03096,3047564000.0,2025-02-09 23:55:05.763,2025-02-09 22:09:26.350
2025-02-10,1.03095,1.03364,1.02984,1.03005,67774989000.0,2025-02-10 11:05:33.347,2025-02-10 23:33:06.318
2025-02-11,1.03006,1.03814,1.0292,1.03631,68280102000.0,2025-02-11 19:42:22.486,2025-02-11 03:10:25.822
2025-02-12,1.03636,1.04297,1.03168,1.03921,113470534000.0,2025-02-12 18:00:59.433,2025-02-12 13:33:40.943
2025-02-13,1.03922,1.04684,1.0373,1.04616,122273796000.0,2025-02-13 22:31:01.967,2025-02-13 18:43:47.756
2025-02-14,1.04615,1.05142,1.04471,1.04886,83208638000.0,2025-02-14 14:47:10.001,2025-02-14 05:39:59.815
2025-02-16,1.04855,1.04941,1.04848,1.04884,1530869000.0,2025-02-16 23:15:49.229,2025-02-16 23:26:09.361
2025-02-17,1.04885,1.05063,1.04669,1.04849,57124821000.0,2025-02-17 01:57:04.862,2025-02-17 13:27:58.119
2025-02-18,1.04848,1.04862,1.0435,1.0448,69884053000.0,2025-02-18 00:10:09.449,2025-02-18 18:09:32.707
2025-02-19,1.04477,1.04614,1.04008,1.04207,73985090000.0,2025-02-19 06:30:37.635,2025-02-19 17:06:46.265
2025-02-20,1.04208,1.05058,1.04186,1.05004,91274176000.0,2025-02-20 23:30:07.214,2025-02-20 01:47:24.254
2025-02-21,1.05002,1.05048,1.04493,1.04592,91266796000.0,2025-02-21 04:12:58.816,2025-02-21 16:26:27.438
2025-02-23,1.04676,1.04845,1.04611,1.04738,2792854000.0,2025-02-23 23:13:00.367,2025-02-23 22:19:34.420
2025-02-24,1.04739,1.05283,1.04527,1.04614,107645182000.0,2025-02-24 02:55:03.075,2025-02-24 14:48:55.625
2025-02-25,1.04613,1.05226,1.04562,1.05202,102589584500.0,2025-02-25 23:37:32.013,2025-02-25 08:01:49.676
2025-02-26,1.05203,1.05287,1.04749,1.04879,106166257000.0,2025-02-26 17:30:14.167,2025-02-26 12:57:30.777
2025-02-27,1.04877,1.04896,1.03891,1.03937,98786627000.0,2025-02-27 13:30:14.910,2025-02-27 22:56:15.878
2025-02-28,1.03939,1.04199,1.03598,1.03755,105269848000.0,2025-02-28 15:38:01.469,2025-02-28 19:03:57.765
2025-03-02,1.04045,1.0421,1.03992,1.0412,3572712000.0,2025-03-02 23:22:13.834,2025-03-02 22:17:38.727
2025-03-03,1.04119,1.05039,1.03885,1.04854,118101067000.0,2025-03-03 18:48:02.970,2025-03-03 08:42:23.017
2025-03-04,1.04853,1.06369,1.0471,1.0623,167980742000.0,2025-03-04 23:12:11.358,2025-03-04 05:01:25.165
2025-03-05,1.06232,1.07967,1.0602,1.07942,185177369000.0,2025-03-05 20:44:57.903,2025-03-05 03:01:02.583
2025-03-06,1.07941,1.08536,1.07656,1.07873,169830259000.0,2025-03-06 15:03:45.515,2025-03-06 18:45:00.418
2025-03-07,1.07872,1.08886,1.07812,1.08362,138518872400.0,2025-03-07 13:35:35.184,2025-03-07 01:23:30.389
2025-03-09,1.08298,1.08655,1.08286,1.08599,5283646000.0,2025-03-09 23:20:51.480,2025-03-09 21:05:17.099
2025-03-10,1.086,1.08745,1.08049,1.08394,131046536748.0,2025-03-10 10:27:45.120,2025-03-10 08:54:25.573
2025-03-11,1.08395,1.09471,1.08354,1.09139,119798475000.0,2025-03-11 18:23:51.698,2025-03-11 05:48:13.046
2025-03-12,1.0914,1.09314,1.08755,1.08854,104145463818.0,2025-03-12 12:30:21.827,2025-03-12 13:56:49.264
2025-03-13,1.08855,1.08971,1.08225,1.08548,97107568652.0,2025-03-13 02:51:04.574,2025-03-13 13:17:35.252
2025-03-14,1.08547,1.09126,1.08304,1.08817,94302631000.0,2025-03-14 10:52:45.091,2025-03-14 07:45:48.295
2025-03-16,1.08805,1.08853,1.08745,1.08795,1960928000.0,2025-03-16 22:52:10.432,2025-03-16 22:32:08.617
2025-03-17,1.08794,1.09297,1.08685,1.0918,79197590000.0,2025-03-17 15:28:53.199,2025-03-17 07:34:02.260
2025-03-18,1.09179,1.09545,1.08924,1.09385,72270457000.0,2025-03-18 08:16:36.681,2025-03-18 12:38:22.048
2025-03-19,1.09386,1.09449,1.08604,1.09116,87536634000.0,2025-03-19 02:40:01.883,2025-03-19 17:36:59.248
2025-03-20,1.09117,1.09173,1.08146,1.08532,79711539000.0,2025-03-20 02:33:21.990,2025-03-20 13:33:52.799
2025-03-21,1.08533,1.08612,1.07969,1.0813,69621299000.0,2025-03-21 12:06:38.822,2025-03-21 15:53:45.211
2025-03-23,1.08144,1.0837,1.08127,1.08359,2663787000.0,2025-03-23 23:55:13.177,2025-03-23 21:10:42.652
2025-03-24,1.0836,1.08583,1.07815,1.08024,79936874000.0,2025-03-24 08:24:14.112,2025-03-24 16:42:21.566
2025-03-25,1.08023,1.083,1.07768,1.07888,74792221200.0,2025-03-25 12:52:28.539,2025-03-25 08:20:57.258
2025-03-26,1.07889,1.08027,1.07329,1.0741,79849268117.0,2025-03-26 09:34:34.139,2025-03-26 22:28:34.277
2025-03-27,1.07413,1.08211,1.0741,1.08007,89749489000.0,2025-03-27 15:41:40.851,2025-03-27 00:00:01.228
2025-03-28,1.08006,1.08447,1.07645,1.08306,82793713000.0,2025-03-28 15:32:01.080,2025-03-28 11:03:50.531
2025-03-30,1.08266,1.08293,1.08053,1.08235,3278594000.0,2025-03-30 21:26:21.309,2025-03-30 22:16:40.078
2025-03-31,1.08236,1.08493,1.07839,1.08175,89587329000.0,2025-03-31 07:07:46.116,2025-03-31 14:46:20.487
2025-04-01,1.08176,1.08301,1.07782,1.07942,83177930844.0,2025-04-01 04:10:40.074,2025-04-01 11:43:32.727
2025-04-02,1.07943,1.09242,1.07802,1.09042,100453742000.0,2025-04-02 20:17:48.111,2025-04-02 07:15:46.275
2025-04-03,1.09039,1.11464,1.08797,1.10451,161858251051.0,2025-04-03 10:13:17.656,2025-04-03 00:31:21.168
2025-04-04,1.10452,1.11077,1.09244,1.09623,236891359404.0,2025-04-04 05:28:35.276,2025-04-04 17:12:38.711
2025-04-06,1.08897,1.1001,1.08798,1.09832,18083463000.0,2025-04-06 23:25:20.906,2025-04-06 21:11:37.616
2025-04-07,1.09834,1.105,1.0901,1.09147,236648265000.0,2025-04-07 07:13:42.972,2025-04-07 15:33:53.515
2025-04-08,1.09148,1.09918,1.08885,1.09774,173250152548.0,2025-04-08 06:44:12.443,2025-04-08 14:35:32.702
2025-04-09,1.09776,1.1095,1.09133,1.09509,254529732800.0,2025-04-09 12:38:46.199,2025-04-09 18:08:03.113
2025-04-10,1.09503,1.12624,1.09503,1.12577,231196091166.0,2025-04-10 23:58:55.637,2025-04-10 00:00:00.267
2025-04-11,1.12576,1.14735,1.12463,1.13507,234542545189.0,2025-04-11 08:51:10.607,2025-04-11 06:41:18.535
2025-04-13,1.13151,1.13548,1.13147,1.13423,6333106000.0,2025-04-13 22:33:51.077,2025-04-13 21:09:30.779
2025-04-14,1.13424,1.14245,1.12959,1.1336,155743171000.0,2025-04-14 07:08:13.396,2025-04-14 13:10:33.174
2025-04-15,1.13357,1.13788,1.12641,1.12935,124156169000.0,2025-04-15 08:05:04.081,2025-04-15 16:43:13.288
2025-04-16,1.12931,1.14128,1.12928,1.13954,149562062000.0,2025-04-16 19:28:35.280,2025-04-16 00:00:01.585
2025-04-17,1.13958,1.13968,1.13352,1.13727,125584451994.0,2025-04-17 00:00:03.796,2025-04-17 12:20:44.373
2025-04-18,1.13726,1.13974,1.13586,1.13927,53509778000.0,2025-04-18 14:59:17.266,2025-04-18 07:00:01.760
2025-04-20,1.1396,1.14583,1.13817,1.1449,5289260010.0,2025-04-20 23:50:35.857,2025-04-20 21:52:58.404
2025-04-21,1.14493,1.15732,1.1449,1.15139,87358647000.0,2025-04-21 09:12:38.341,2025-04-21 00:00:00.690
2025-04-22,1.1514,1.15472,1.13079,1.13505,124064426000.0,2025-04-22 05:29:44.783,2025-04-22 22:38:34.978
2025-04-23,1.13504,1.14398,1.13104,1.13292,120050300770.0,2025-04-23 09:32:59.415,2025-04-23 20:24:51.133
2025-04-24,1.13294,1.13979,1.13214,1.13725,95220050919.0,2025-04-24 20:49:28.675,2025-04-24 00:07:57.445
2025-04-25,1.13718,1.13886,1.13156,1.13597,84592539131.0,2025-04-25 16:11:12.662,2025-04-25 04:05:01.973
2025-04-27,1.1362,1.1365,1.13398,1.1345,9079985136.0,2025-04-27 21:06:35.994,2025-04-27 22:30:56.561
2025-04-28,1.13451,1.14249,1.13294,1.14076,82433719930.0,2025-04-28 19:55:00.203,2025-04-28 06:57:58.200
2025-04-29,1.14078,1.14199,1.137,1.13903,87602518818.0,2025-04-29 02:14:34.497,2025-04-29 12:17:59.460
2025-04-30,1.13904,1.13994,1.1317,1.13221,77121931146.0,2025-04-30 06:46:33.798,2025-04-30 20:26:22.804
2025-05-01,1.1322,1.1341,1.12657,1.12957,61386418391.0,2025-05-01 11:18:53.698,2025-05-01 15:54:34.787
2025-05-02,1.12962,1.13809,1.12742,1.1299,82590987041.0,2025-05-02 14:01:11.067,2025-05-02 00:44:35.448
2025-05-04,1.1301,1.13278,1.12922,1.1321,2992577000.0,2025-05-04 23:46:54.843,2025-05-04 21:48:07.805
2025-05-05,1.13209,1.13648,1.1297,1.13119,59358916418.0,2025-05-05 13:06:57.775,2025-05-05 18:03:46.339
2025-05-06,1.1312,1.1381,1.12799,1.13399,70502596340.0,2025-05-06 19:48:05.849,2025-05-06 01:04:21.160
2025-05-07,1.13398,1.13781,1.12917,1.13027,77092012960.0,2025-05-07 06:53:34.641,2025-05-07 20:15:36.145
2025-05-08,1.13028,1.13362,1.12118,1.1227,77102217224.0,2025-05-08 03:12:29.275,2025-05-08 19:26:42.814
2025-05-09,1.12273,1.12928,1.11965,1.1248,56180543734.0,2025-05-09 14:27:45.246,2025-05-09 02:10:44.374
2025-05-11,1.11979,1.12361,1.11911,1.12278,2894467000.0,2025-05-11 23:39:26.398,2025-05-11 21:06:00.872
2025-05-12,1.12285,1.12428,1.10652,1.10957,97540532324.0,2025-05-12 01:06:09.269,2025-05-12 18:31:11.597
2025-05-13,1.10956,1.11973,1.10951,1.11857,65752441940.0,2025-05-13 22:59:43.759,2025-05-13 00:00:04.559
2025-05-14,1.11859,1.12657,1.11645,1.11813,87005829871.0,2025-05-14 09:49:47.136,2025-05-14 20:06:15.444
2025-05-15,1.11812,1.1228,1.11702,1.11919,72260641793.0,2025-05-15 07:00:52.139,2025-05-15 17:43:43.600
2025-05-16,1.11917,1.12195,1.1131,1.1161,66578599391.0,2025-05-16 06:28:28.317,2025-05-16 16:20:17.895
2025-05-18,1.11732,1.1194,1.11688,1.11887,3254823000.0,2025-05-18 22:55:54.156,2025-05-18 21:59:06.231
2025-05-19,1.1189,1.12881,1.11723,1.12323,81746660536.0,2025-05-19 10:54:35.953,2025-05-19 02:06:06.794
2025-05-20,1.12319,1.129,1.1218,1.12881,81524511788.0,2025-05-20 23:51:42.836,2025-05-20 00:32:58.759
2025-05-21,1.12883,1.13627,1.12867,1.13319,96389479897.0,2025-05-21 17:27:07.915,2025-05-21 01:36:00.396
2025-05-22,1.1332,1.13449,1.12557,1.12821,98736636602.0,2025-05-22 02:44:52.203,2025-05-22 17:28:31.746
2025-05-23,1.12826,1.13756,1.12788,1.13646,102024563621.0,2025-05-23 11:44:10.595,2025-05-23 00:08:39.207
2025-05-25,1.13662,1.13818,1.13611,1.13748,4351213498.0,2025-05-25 23:19:36.226,2025-05-25 21:45:36.457
2025-05-26,1.13749,1.14188,1.13688,1.13885,48893706379.0,2025-05-26 02:06:47.440,2025-05-26 12:30:57.322
2025-05-27,1.13886,1.14071,1.13232,1.13368,73856288965.0,2025-05-27 01:19:36.486,2025-05-27 15:55:15.219
2025-05-28,1.13367,1.13453,1.12102,1.12298,84432403721.0,2025-05-28 00:30:33.686,2025-05-28 23:44:58.362
2025-05-29,1.12297,1.13845,1.12232,1.13768,98458591632.0,2025-05-29 17:44:39.791,2025-05-29 00:01:23.731
2025-05-30,1.13769,1.13897,1.13125,1.13468,86313092439.0,2025-05-30 01:20:33.430,2025-05-30 13:47:03.254
2025-06-01,1.13447,1.13603,1.13441,1.13529,2435110000.0,2025-06-01 23:46:39.642,2025-06-01 21:05:01.207
2025-06-02,1.1353,1.14538,1.13526,1.14531,73698464039.0,2025-06-02 23:45:55.235,2025-06-02 00:00:00.483
2025-06-03,1.1453,1.14546,1.13639,1.13841,72821311714.0,2025-06-03 00:00:44.004,2025-06-03 14:08:25.029
2025-06-04,1.13842,1.14344,1.13567,1.14208,76428109981.0,2025-06-04 14:53:03.322,2025-06-04 05:35:42.219
2025-06-05,1.14207,1.14949,1.14044,1.14535,103433910627.0,2025-06-05 13:29:08.444,2025-06-05 05:55:28.260
2025-06-06,1.14529,1.14572,1.13716,1.13931,82621545981.0,2025-06-06 00:06:32.959,2025-06-06 13:26:29.881
2025-06-08,1.13942,1.14113,1.13912,1.14065,1737404987.0,2025-06-08 23:24:55.410,2025-06-08 21:39:15.950
2025-06-09,1.14064,1.14391,1.13866,1.14262,58697075205.0,2025-06-09 09:21:31.619,2025-06-09 13:23:37.887
2025-06-10,1.14261,1.14477,1.13728,1.14374,73818447483.0,2025-06-10 13:08:12.999,2025-06-10 07:13:41.772
2025-06-11,1.14375,1.15131,1.14052,1.15101,81659509476.0,2025-06-11 23:03:24.316,2025-06-11 07:13:00.680
2025-06-12,1.15102,1.16315,1.15017,1.1609,95654197450.0,2025-06-12 12:30:39.536,2025-06-12 00:22:10.457
2025-06-13,1.16086,1.16145,1.14888,1.15473,115393979418.0,2025-06-13 00:05:04.567,2025-06-13 10:49:46.619
2025-06-15,1.15327,1.15476,1.15264,1.15377,5634511505.0,2025-06-15 22:50:03.989,2025-06-15 22:18:00.178
2025-06-16,1.15378,1.16147,1.15235,1.15537,77854498654.0,2025-06-16 14:07:12.536,2025-06-16 03:20:15.055
2025-06-17,1.15538,1.158,1.14745,1.14819,88085422926.0,2025-06-17 12:30:02.961,2025-06-17 22:53:30.705
2025-06-18,1.14818,1.15303,1.14609,1.14759,103969506574.0,2025-06-18 15:30:07.324,2025-06-18 19:09:12.193
2025-06-19,1.14757,1.15125,1.14461,1.15116,70073106126.0,2025-06-19 23:25:17.113,2025-06-19 06:33:43.728
2025-06-20,1.15113,1.15438,1.1495,1.15219,72661961838.0,2025-06-20 17:19:20.570,2025-06-20 14:46:28.528
2025-06-22,1.14564,1.15075,1.14554,1.14994,5388233000.0,2025-06-22 23:41:54.323,2025-06-22 21:05:04.009
2025-06-23,1.14999,1.16083,1.14534,1.15979,103862432426.0,2025-06-23 23:46:12.300,2025-06-23 09:32:46.475
2025-06-24,1.15978,1.16417,1.15798,1.16122,88966952988.0,2025-06-24 14:26:59.957,2025-06-24 07:54:30.105
2025-06-25,1.16123,1.16847,1.15898,1.16834,77389405000.0,2025-06-25 23:56:36.567,2025-06-25 07:54:42.078
2025-06-26,1.16833,1.17448,1.16674,1.16928,99504314658.0,2025-06-26 08:41:11.857,2025-06-26 01:25:19.220
2025-06-27,1.16932,1.17538,1.16834,1.17193,81872822000.0,2025-06-27 13:01:04.068,2025-06-27 06:06:21.041
2025-06-29,1.173,1.17386,1.17213,1.17266,3693078000.0,2025-06-29 23:18:50.400,2025-06-29 21:15:03.084
2025-06-30,1.17268,1.1791,1.17077,1.17863,88294579000.0,2025-06-30 22:30:24.325,2025-06-30 12:41:40.129
2025-07-01,1.17862,1.18298,1.17612,1.18051,88152929000.0,2025-07-01 09:34:26.645,2025-07-01 16:51:07.624
2025-07-02,1.1805,1.181,1.17467,1.17986,72798551000.0,2025-07-02 01:45:40.888,2025-07-02 11:58:14.793
2025-07-03,1.17985,1.18099,1.17174,1.1769,75458500000.0,2025-07-03 01:03:50.464,2025-07-03 12:32:21.620
2025-07-04,1.17689,1.17874,1.17559,1.17747,52072067000.0,2025-07-04 14:04:41.530,2025-07-04 01:57:24.693
2025-07-06,1.17837,1.17838,1.17734,1.17801,2000677000.0,2025-07-06 21:05:11.536,2025-07-06 22:08:12.036
2025-07-07,1.17803,1.17901,1.16866,1.17365,68362436000.0,2025-07-07 00:17:29.051,2025-07-07 17:03:11.392
2025-07-08,1.17366,1.17651,1.16825,1.17234,71673926000.0,2025-07-08 07:52:14.241,2025-07-08 14:24:15.371
2025-07-09,1.17233,1.174,1.16895,1.1738,59523523000.0,2025-07-09 23:59:14.219,2025-07-09 11:59:17.857
2025-07-10,1.17379,1.17496,1.16624,1.17016,60928271000.0,2025-07-10 00:44:05.620,2025-07-10 14:29:35.122
2025-07-11,1.17017,1.17139,1.16646,1.16921,62261517000.0,2025-07-11 13:41:25.043,2025-07-11 00:37:27.852
2025-07-13,1.16601,1.16842,1.16564,1.16825,3283768000.0,2025-07-13 22:05:29.941,2025-07-13 21:05:00.594
2025-07-14,1.16824,1.16977,1.16542,1.16652,50625401000.0,2025-07-14 01:20:12.394,2025-07-14 06:22:53.637
2025-07-15,1.16653,1.16926,1.15929,1.16072,60105127000.0,2025-07-15 07:42:19.721,2025-07-15 17:28:57.096
2025-07-16,1.16073,1.17215,1.15622,1.16354,82207338000.0,2025-07-16 15:31:00.088,2025-07-16 14:39:51.285
2025-07-17,1.16355,1.16363,1.15566,1.16149,61626724000.0,2025-07-17 00:00:02.282,2025-07-17 12:30:54.781
2025-07-18,1.16151,1.16718,1.1612,1.16225,55388948000.0,2025-07-18 14:00:09.669,2025-07-18 06:05:32.078
2025-07-20,1.16246,1.16339,1.16223,1.16296,2931675000.0,2025-07-20 21:55:54.407,2025-07-20 22:48:50.282
2025-07-21,1.16295,1.17167,1.16146,1.16947,55821889000.0,2025-07-21 15:23:58.039,2025-07-21 02:04:18.812
2025-07-22,1.1695,1.17604,1.16788,1.17379,56057625000.0,2025-07-22 16:30:26.149,2025-07-22 13:11:04.845
2025-07-23,1.17376,1.17788,1.17109,1.17732,73137243000.0,2025-07-23 23:33:51.536,2025-07-23 13:36:59.692
2025-07-24,1.1773,1.17888,1.17304,1.17546,70871761000.0,2025-07-24 14:07:38.222,2025-07-24 13:02:13.381
2025-07-25,1.17547,1.17608,1.1703,1.1739,73245569000.0,2025-07-25 06:36:38.929,2025-07-25 13:05:53.678
2025-07-27,1.17542,1.17684,1.17511,1.17553,2985686000.0,2025-07-27 22:01:56.511,2025-07-27 22:27:47.056
2025-07-28,1.17554,1.17704,1.15852,1.15963,81163795182.0,2025-07-28 00:16:59.266,2025-07-28 20:58:05.773
2025-07-29,1.15964,1.15992,1.15189,1.15508,82850981000.0,2025-07-29 02:24:58.952,2025-07-29 13:14:18.397
2025-07-30,1.15507,1.15727,1.1401,1.1428,87490140000.0,2025-07-30 01:16:01.448,2025-07-30 20:57:31.206
2025-07-31,1.14281,1.14608,1.1406,1.14218,87315145000.0,2025-07-31 06:58:27.158,2025-07-31 13:29:20.186
2025-08-01,1.14219,1.15969,1.13915,1.15955,102832212000.0,2025-08-01 20:34:49.388,2025-08-01 12:27:14.297
2025-08-03,1.15907,1.15965,1.1578,1.15876,4633997000.0,2025-08-03 22:06:16.804,2025-08-03 23:25:15.855
2025-08-04,1.15875,1.15888,1.15496,1.15839,85706691000.0,2025-08-04 00:00:30.480,2025-08-04 08:37:47.076
2025-08-05,1.1584,1.15877,1.15276,1.15784,75279585671.0,2025-08-05 00:03:14.766,2025-08-05 11:39:01.849
2025-08-06,1.15783,1.16685,1.15642,1.16629,68162959000.0,2025-08-06 18:43:52.889,2025-08-06 02:04:03.974
2025-08-07,1.1663,1.16988,1.16109,1.16768,72729384000.0,2025-08-07 08:04:46.721,2025-08-07 15:04:50.390
2025-08-08,1.16772,1.16794,1.16288,1.1641,54593862000.0,2025-08-08 00:01:08.195,2025-08-08 10:44:35.573
2025-08-10,1.16459,1.1651,1.16415,1.16475,1532885000.0,2025-08-10 22:09:05.145,2025-08-10 22:00:01.902
2025-08-11,1.16476,1.16755,1.159,1.16163,51673000000.0,2025-08-11 04:21:04.900,2025-08-11 15:10:55.142
2025-08-12,1.16164,1.16971,1.15986,1.16775,80918334278.0,2025-08-12 15:44:35.061,2025-08-12 11:52:21.398
2025-08-13,1.16774,1.17301,1.16705,1.17122,57270890000.0,2025-08-13 09:57:06.358,2025-08-13 02:10:59.051
2025-08-14,1.17118,1.1715,1.1631,1.16505,64813809000.0,2025-08-14 01:24:41.216,2025-08-14 16:57:52.791
2025-08-15,1.16503,1.17151,1.16467,1.17032,46507810000.0,2025-08-15 14:42:17.478,2025-08-15 00:04:45.502
2025-08-17,1.17105,1.1715,1.17037,1.17061,1649908000.0,2025-08-17 22:00:24.677,2025-08-17 23:48:18.297
2025-08-18,1.17063,1.17106,1.1656,1.16679,51380239244.0,2025-08-18 00:22:42.304,2025-08-18 16:56:55.681
2025-08-19,1.16678,1.16927,1.16389,1.16414,48277204000.0,2025-08-19 11:06:02.430,2025-08-19 01:31:58.048
2025-08-20,1.16413,1.16736,1.16219,1.16508,58714950000.0,2025-08-20 12:56:04.824,2025-08-20 02:47:15.699
2025-08-21,1.16505,1.16626,1.16011,1.16124,56374124000.0,2025-08-21 09:19:01.723,2025-08-21 15:16:43.583
2025-08-22,1.16123,1.17425,1.15828,1.17214,64953255000.0,2025-08-22 17:49:12.354,2025-08-22 04:30:26.973
2025-08-24,1.17216,1.17268,1.17074,1.17082,1760417000.0,2025-08-24 21:28:47.256,2025-08-24 23:34:37.285
2025-08-25,1.17083,1.17204,1.16027,1.16144,48088664000.0,2025-08-25 06:45:07.859,2025-08-25 19:09:38.336
2025-08-26,1.16146,1.16652,1.16021,1.1637,71096688000.0,2025-08-26 14:27:50.759,2025-08-26 07:19:53.734
2025-08-27,1.16371,1.16478,1.1574,1.16475,59134471000.0,2025-08-27 23:52:10.117,2025-08-27 11:02:57.744
2025-08-28,1.16474,1.16973,1.1629,1.16785,59271074000.0,2025-08-28 17:18:30.039,2025-08-28 08:31:03.059
2025-08-29,1.16786,1.17088,1.16506,1.16869,56830028000.0,2025-08-29 15:02:26.656,2025-08-29 12:32:57.309
2025-08-31,1.16943,1.16957,1.16858,1.16901,1419373000.0,2025-08-31 21:10:01.238,2025-08-31 22:00:01.445
2025-09-01,1.169,1.17363,1.16879,1.17148,40190239000.0,2025-09-01 08:51:50.306,2025-09-01 01:36:30.951
2025-09-02,1.17149,1.17157,1.16128,1.16327,76361927000.0,2025-09-02 00:00:14.778,2025-09-02 12:48:33.635
2025-09-03,1.16328,1.16821,1.16081,1.16609,59778005000.0,2025-09-03 15:30:43.544,2025-09-03 07:21:40.034
2025-09-04,1.16611,1.16694,1.16299,1.16567,57893105000.0,2025-09-04 01:36:23.207,2025-09-04 12:42:43.149
2025-09-05,1.16566,1.17594,1.16523,1.17204,70656113000.0,2025-09-05 16:00:54.821,2025-09-05 00:18:05.157
2025-09-07,1.17112,1.17202,1.17035,1.17122,3639384000.0,2025-09-07 22:00:02.049,2025-09-07 22:45:12.381
2025-09-08,1.17127,1.17727,1.17048,1.17685,53412152000.0,2025-09-08 23:30:41.394,2025-09-08 00:05:59.435
2025-09-09,1.17684,1.178,1.16973,1.17023,61077086000.0,2025-09-09 05:57:06.899,2025-09-09 23:36:13.827
2025-09-10,1.17021,1.17302,1.16822,1.17024,56598593000.0,2025-09-10 14:48:43.864,2025-09-10 07:01:32.448
2025-09-11,1.17025,1.1746,1.16594,1.1733,61685317015.0,2025-09-11 15:24:28.087,2025-09-11 12:30:05.269
2025-09-12,1.17329,1.17477,1.17012,1.17321,54328638000.0,2025-09-12 07:22:58.922,2025-09-12 12:41:30.759
2025-09-14,1.17283,1.17347,1.1725,1.17254,1172671000.0,2025-09-14 22:17:01.656,2025-09-14 23:14:31.370
2025-09-15,1.17256,1.17744,1.17161,1.17629,42073830000.0,2025-09-15 16:03:25.886,2025-09-15 06:31:06.323
2025-09-16,1.17627,1.18783,1.17574,1.18709,111411937506.0,2025-09-16 17:22:45.601,2025-09-16 00:54:38.152
2025-09-17,1.18711,1.19187,1.18079,1.18251,217639288500.0,2025-09-17 18:09:34.491,2025-09-17 20:23:41.524
2025-09-18,1.18252,1.18482,1.175,1.17889,284833400000.0,2025-09-18 09:42:08.651,2025-09-18 13:45:10.510
2025-09-19,1.1789,1.17925,1.17287,1.17433,232489427000.0,2025-09-19 03:28:42.150,2025-09-19 12:32:46.854
2025-09-21,1.17396,1.17456,1.17389,1.17453,302793000.0,2025-09-21 21:58:57.697,2025-09-21 21:05:54.863
