time,open,high,low,close,volume,high_time,low_time
2021-01-03 20:00:00,0.89567,0.89611,0.89505,0.8954,5616359000.0,2021-01-03 22:16:09.239,2021-01-03 22:20:32.296
2021-01-04 00:00:00,0.89535,0.89603,0.89442,0.89476,16032856000.0,2021-01-04 00:32:15.236,2021-01-04 03:35:03.383
2021-01-04 04:00:00,0.89475,0.89616,0.89435,0.89595,13957937000.0,2021-01-04 07:54:33.007,2021-01-04 04:20:13.980
2021-01-04 08:00:00,0.89592,0.8996,0.89567,0.89923,28743918000.0,2021-01-04 09:49:07.456,2021-01-04 08:01:13.631
2021-01-04 12:00:00,0.89922,0.9045,0.89918,0.90377,39808035000.0,2021-01-04 15:29:57.989,2021-01-04 12:00:01.941
2021-01-04 16:00:00,0.90376,0.90485,0.90252,0.90308,30186264000.0,2021-01-04 17:08:59.724,2021-01-04 16:29:44.238
2021-01-04 20:00:00,0.90307,0.90369,0.90171,0.90281,9003672000.0,2021-01-04 20:10:37.548,2021-01-04 21:34:39.589
2021-01-05 00:00:00,0.90282,0.90344,0.90257,0.90332,11738260000.0,2021-01-05 03:50:38.784,2021-01-05 00:26:44.391
2021-01-05 04:00:00,0.90331,0.90379,0.90149,0.90332,15535891000.0,2021-01-05 07:58:00.313,2021-01-05 07:00:32.495
2021-01-05 08:00:00,0.90333,0.90546,0.90254,0.9038,29002607000.0,2021-01-05 09:00:11.367,2021-01-05 08:04:14.711
2021-01-05 12:00:00,0.90379,0.90478,0.90138,0.90302,39002944000.0,2021-01-05 13:42:56.158,2021-01-05 15:03:05.309
2021-01-05 16:00:00,0.90303,0.90328,0.90149,0.90272,24901340000.0,2021-01-05 18:43:28.386,2021-01-05 17:18:14.308
2021-01-05 20:00:00,0.90271,0.90285,0.90194,0.90251,6468787000.0,2021-01-05 23:11:22.890,2021-01-05 20:57:00.119
2021-01-06 00:00:00,0.90252,0.90348,0.9017,0.90327,22516780000.0,2021-01-06 03:16:53.264,2021-01-06 00:42:01.007
2021-01-06 04:00:00,0.90326,0.90397,0.90271,0.90339,23056380000.0,2021-01-06 07:51:14.542,2021-01-06 07:09:18.664
2021-01-06 08:00:00,0.9034,0.90482,0.90245,0.90394,30018565000.0,2021-01-06 08:59:47.067,2021-01-06 10:47:11.626
2021-01-06 12:00:00,0.90392,0.90851,0.90378,0.90638,41917232000.0,2021-01-06 14:05:12.788,2021-01-06 12:00:17.835
2021-01-06 16:00:00,0.90635,0.90666,0.90342,0.905,31519954000.0,2021-01-06 16:08:13.595,2021-01-06 18:13:22.769
2021-01-06 20:00:00,0.90498,0.90616,0.90495,0.90561,13829455000.0,2021-01-06 23:19:35.326,2021-01-06 20:20:59.275
2021-01-07 00:00:00,0.9056,0.90769,0.90494,0.90631,11022985000.0,2021-01-07 02:25:34.661,2021-01-07 00:05:58.602
2021-01-07 04:00:00,0.90633,0.90752,0.90591,0.90647,10804278000.0,2021-01-07 07:44:38.132,2021-01-07 05:58:55.542
2021-01-07 08:00:00,0.90648,0.90649,0.90155,0.90335,42585149000.0,2021-01-07 08:00:00.248,2021-01-07 10:20:53.225
2021-01-07 12:00:00,0.90334,0.9055,0.9015,0.90476,39728399000.0,2021-01-07 15:57:52.771,2021-01-07 12:55:12.865
2021-01-07 16:00:00,0.9048,0.90597,0.90385,0.90399,20606355000.0,2021-01-07 16:43:00.266,2021-01-07 19:19:31.755
2021-01-07 20:00:00,0.90398,0.90499,0.90348,0.90418,7128570000.0,2021-01-07 21:33:10.268,2021-01-07 22:04:01.030
2021-01-08 00:00:00,0.90416,0.90455,0.90332,0.90404,9531657000.0,2021-01-08 00:18:53.336,2021-01-08 01:16:20.220
2021-01-08 04:00:00,0.90405,0.90441,0.90113,0.90138,12438189000.0,2021-01-08 04:13:39.359,2021-01-08 07:51:57.804
2021-01-08 08:00:00,0.90137,0.90164,0.89934,0.90121,34434297000.0,2021-01-08 08:01:13.161,2021-01-08 09:52:40.034
2021-01-08 12:00:00,0.90122,0.90228,0.90032,0.90174,49497205000.0,2021-01-08 15:35:41.238,2021-01-08 12:27:47.965
2021-01-08 16:00:00,0.90176,0.90278,0.89966,0.90055,38443691000.0,2021-01-08 16:48:53.074,2021-01-08 19:00:39.080
2021-01-08 20:00:00,0.90057,0.90179,0.90044,0.90118,5093230000.0,2021-01-08 21:22:20.249,2021-01-08 20:00:10.497
2021-01-10 20:00:00,0.90014,0.90186,0.90003,0.90146,2965305000.0,2021-01-10 23:55:58.698,2021-01-10 23:00:08.328
2021-01-11 00:00:00,0.90147,0.90159,0.90079,0.90132,6165411000.0,2021-01-11 02:50:14.334,2021-01-11 01:21:04.829
2021-01-11 04:00:00,0.90131,0.90338,0.90112,0.9032,7567111000.0,2021-01-11 07:49:36.475,2021-01-11 04:16:33.691
2021-01-11 08:00:00,0.90322,0.90367,0.90082,0.90213,27625980000.0,2021-01-11 08:24:27.091,2021-01-11 10:28:52.951
2021-01-11 12:00:00,0.90212,0.90299,0.90041,0.90091,42375694000.0,2021-01-11 13:31:08.408,2021-01-11 15:43:52.588
2021-01-11 16:00:00,0.9009,0.90169,0.8989,0.89919,19357158000.0,2021-01-11 16:15:31.715,2021-01-11 19:29:15.722
2021-01-11 20:00:00,0.89918,0.89956,0.89842,0.89919,6758005000.0,2021-01-11 23:03:21.337,2021-01-11 22:04:01.023
2021-01-12 00:00:00,0.89921,0.89954,0.89789,0.89842,6732352000.0,2021-01-12 00:39:09.611,2021-01-12 02:46:30.705
2021-01-12 04:00:00,0.8984,0.8984,0.89695,0.89743,11094540000.0,2021-01-12 04:00:00.070,2021-01-12 07:10:42.157
2021-01-12 08:00:00,0.89742,0.89786,0.89326,0.89435,33356463000.0,2021-01-12 08:45:47.067,2021-01-12 11:19:11.456
2021-01-12 12:00:00,0.89436,0.89466,0.89208,0.89265,41379632000.0,2021-01-12 12:16:42.681,2021-01-12 15:29:48.863
2021-01-12 16:00:00,0.89266,0.89413,0.89205,0.89284,28117453000.0,2021-01-12 19:32:54.004,2021-01-12 16:56:24.460
2021-01-12 20:00:00,0.89285,0.89348,0.89271,0.89327,11036124000.0,2021-01-12 21:46:28.482,2021-01-12 22:27:27.818
2021-01-13 00:00:00,0.89328,0.89335,0.89229,0.89241,6973680000.0,2021-01-13 00:01:26.393,2021-01-13 03:47:56.284
2021-01-13 04:00:00,0.89242,0.89346,0.8918,0.892,13568864000.0,2021-01-13 06:49:28.233,2021-01-13 07:55:54.538
2021-01-13 08:00:00,0.89198,0.89255,0.88952,0.88976,34619136000.0,2021-01-13 08:06:01.828,2021-01-13 09:33:45.846
2021-01-13 12:00:00,0.88977,0.89218,0.88835,0.89164,42744801000.0,2021-01-13 15:49:18.309,2021-01-13 13:49:42.161
2021-01-13 16:00:00,0.89165,0.89262,0.89117,0.89166,16963468000.0,2021-01-13 16:09:32.637,2021-01-13 19:39:35.285
2021-01-13 20:00:00,0.89169,0.89188,0.89067,0.8911,5770732000.0,2021-01-13 20:08:40.934,2021-01-13 22:04:13.804
2021-01-14 00:00:00,0.89109,0.89151,0.89051,0.89062,10075634000.0,2021-01-14 02:36:05.810,2021-01-14 03:57:35.180
2021-01-14 04:00:00,0.8906,0.89153,0.88913,0.88916,12711396000.0,2021-01-14 06:26:20.733,2021-01-14 07:59:58.307
2021-01-14 08:00:00,0.88915,0.89163,0.88871,0.89033,26839406000.0,2021-01-14 09:46:36.541,2021-01-14 08:11:05.288
2021-01-14 12:00:00,0.89032,0.89043,0.88692,0.8871,46887230000.0,2021-01-14 12:02:14.969,2021-01-14 15:32:06.653
2021-01-14 16:00:00,0.88711,0.88938,0.88693,0.88837,25684096000.0,2021-01-14 18:21:52.265,2021-01-14 16:21:24.672
2021-01-14 20:00:00,0.88838,0.8886,0.88753,0.88796,6592812000.0,2021-01-14 20:01:39.018,2021-01-14 22:04:01.030
2021-01-15 00:00:00,0.88798,0.88813,0.88753,0.88794,9928394000.0,2021-01-15 02:11:55.922,2021-01-15 03:00:27.460
2021-01-15 04:00:00,0.88793,0.88856,0.88738,0.88816,8057460000.0,2021-01-15 07:37:43.888,2021-01-15 05:27:31.416
2021-01-15 08:00:00,0.88817,0.89009,0.88657,0.88883,23240105000.0,2021-01-15 09:58:10.219,2021-01-15 08:06:43.885
2021-01-15 12:00:00,0.88885,0.89072,0.88866,0.89025,35973552000.0,2021-01-15 14:01:04.797,2021-01-15 12:01:54.060
2021-01-15 16:00:00,0.89024,0.89062,0.88856,0.88928,17460695000.0,2021-01-15 16:09:57.760,2021-01-15 18:05:05.682
2021-01-15 20:00:00,0.88929,0.88943,0.88873,0.88905,3542550000.0,2021-01-15 20:01:43.139,2021-01-15 21:12:14.064
2021-01-17 20:00:00,0.88798,0.8892,0.88798,0.8891,1901605000.0,2021-01-17 23:59:26.332,2021-01-17 22:05:00.016
2021-01-18 00:00:00,0.88908,0.88951,0.88861,0.88933,13009960000.0,2021-01-18 02:45:08.373,2021-01-18 00:09:12.479
2021-01-18 04:00:00,0.88934,0.89125,0.88933,0.89041,6897925000.0,2021-01-18 07:40:00.538,2021-01-18 04:00:00.279
2021-01-18 08:00:00,0.89043,0.89249,0.89018,0.89049,25048809000.0,2021-01-18 08:56:08.643,2021-01-18 08:04:56.252
2021-01-18 12:00:00,0.89046,0.89109,0.88925,0.88947,17609385000.0,2021-01-18 12:53:37.686,2021-01-18 15:57:44.082
2021-01-18 16:00:00,0.88946,0.88987,0.88865,0.88902,15824840000.0,2021-01-18 16:05:36.587,2021-01-18 17:04:51.768
2021-01-18 20:00:00,0.88905,0.8895,0.88869,0.88916,6252087000.0,2021-01-18 22:56:55.123,2021-01-18 21:01:03.291
2021-01-19 00:00:00,0.88915,0.88935,0.88833,0.88906,12883341000.0,2021-01-19 00:13:58.425,2021-01-19 02:26:02.078
2021-01-19 04:00:00,0.88907,0.88995,0.88873,0.88977,15760853000.0,2021-01-19 07:44:45.781,2021-01-19 05:30:06.143
2021-01-19 08:00:00,0.88975,0.89149,0.88956,0.89077,26565665000.0,2021-01-19 08:32:14.705,2021-01-19 08:00:07.225
2021-01-19 12:00:00,0.89076,0.89185,0.88998,0.89054,29399265000.0,2021-01-19 14:19:03.939,2021-01-19 15:06:51.037
2021-01-19 16:00:00,0.89055,0.89096,0.88942,0.88948,16285330000.0,2021-01-19 16:04:36.718,2021-01-19 19:59:25.643
2021-01-19 20:00:00,0.88947,0.88989,0.88916,0.88965,7453666000.0,2021-01-19 23:08:50.594,2021-01-19 22:04:01.028
2021-01-20 00:00:00,0.88968,0.89039,0.88923,0.8896,12305801000.0,2021-01-20 00:55:47.694,2021-01-20 00:02:00.018
2021-01-20 04:00:00,0.88959,0.88996,0.88892,0.88922,11129475000.0,2021-01-20 07:09:21.218,2021-01-20 06:34:04.820
2021-01-20 08:00:00,0.88921,0.88947,0.88376,0.88549,39427441000.0,2021-01-20 08:11:40.843,2021-01-20 10:45:49.025
2021-01-20 12:00:00,0.8855,0.88821,0.88464,0.88794,31977448000.0,2021-01-20 15:59:10.422,2021-01-20 14:54:03.402
2021-01-20 16:00:00,0.88793,0.888,0.88652,0.88729,15532927000.0,2021-01-20 16:00:05.447,2021-01-20 16:59:47.622
2021-01-20 20:00:00,0.8873,0.88735,0.88577,0.8864,7139747000.0,2021-01-20 20:00:47.278,2021-01-20 22:04:01.023
2021-01-21 00:00:00,0.88639,0.8869,0.88615,0.88654,8761793000.0,2021-01-21 02:18:02.677,2021-01-21 02:59:30.315
2021-01-21 04:00:00,0.88655,0.88674,0.88475,0.88482,9884369000.0,2021-01-21 04:18:30.594,2021-01-21 07:01:39.945
2021-01-21 08:00:00,0.88481,0.88538,0.88297,0.88507,29631027000.0,2021-01-21 08:13:41.891,2021-01-21 09:19:54.191
2021-01-21 12:00:00,0.88505,0.8868,0.88441,0.88533,42177098000.0,2021-01-21 13:47:49.534,2021-01-21 14:47:47.746
2021-01-21 16:00:00,0.88534,0.88683,0.88429,0.88596,17017115000.0,2021-01-21 18:37:43.052,2021-01-21 16:25:20.775
2021-01-21 20:00:00,0.88595,0.88627,0.88531,0.88609,8946120000.0,2021-01-21 23:43:18.918,2021-01-21 22:08:01.041
2021-01-22 00:00:00,0.88607,0.88788,0.88595,0.88745,9351303000.0,2021-01-22 03:18:36.832,2021-01-22 00:02:00.031
2021-01-22 04:00:00,0.88746,0.8896,0.88733,0.8894,11153551000.0,2021-01-22 07:36:25.805,2021-01-22 04:26:46.395
2021-01-22 08:00:00,0.88938,0.89158,0.88925,0.89087,26482744000.0,2021-01-22 10:31:16.612,2021-01-22 08:00:31.047
2021-01-22 12:00:00,0.89088,0.89185,0.88977,0.89045,31892309000.0,2021-01-22 13:36:36.131,2021-01-22 12:45:00.425
2021-01-22 16:00:00,0.89044,0.8911,0.88895,0.88923,20573766000.0,2021-01-22 16:29:31.411,2021-01-22 19:48:27.499
2021-01-22 20:00:00,0.88922,0.88974,0.88902,0.88939,3626501000.0,2021-01-22 20:14:31.666,2021-01-22 21:23:23.632
2021-01-24 20:00:00,0.88826,0.88951,0.88826,0.889,2130050000.0,2021-01-24 23:01:01.096,2021-01-24 22:05:00.022
2021-01-25 00:00:00,0.88899,0.88945,0.88834,0.8886,9202934000.0,2021-01-25 00:08:34.808,2021-01-25 03:30:19.425
2021-01-25 04:00:00,0.88862,0.88881,0.88743,0.88774,10060929000.0,2021-01-25 04:10:04.699,2021-01-25 07:05:08.195
2021-01-25 08:00:00,0.88773,0.88968,0.88742,0.88796,30686906000.0,2021-01-25 09:34:41.545,2021-01-25 10:59:19.437
2021-01-25 12:00:00,0.88797,0.88874,0.8868,0.88728,28770509000.0,2021-01-25 12:38:10.562,2021-01-25 15:54:48.780
2021-01-25 16:00:00,0.88729,0.88862,0.88723,0.88844,25018314000.0,2021-01-25 16:30:57.377,2021-01-25 16:00:02.194
2021-01-25 20:00:00,0.88845,0.88857,0.88727,0.8879,7177831000.0,2021-01-25 20:16:00.672,2021-01-25 22:04:31.501
2021-01-26 00:00:00,0.88791,0.88854,0.88765,0.88845,5463936000.0,2021-01-26 03:57:03.660,2021-01-26 00:55:00.399
2021-01-26 04:00:00,0.88846,0.89008,0.88817,0.88971,10766769000.0,2021-01-26 07:50:11.181,2021-01-26 04:25:49.372
2021-01-26 08:00:00,0.88972,0.89045,0.88751,0.88757,27202934000.0,2021-01-26 08:23:22.015,2021-01-26 09:30:55.334
2021-01-26 12:00:00,0.88752,0.88778,0.88518,0.88545,38474384000.0,2021-01-26 12:01:54.076,2021-01-26 15:57:44.252
2021-01-26 16:00:00,0.88546,0.88603,0.88469,0.88586,15986830000.0,2021-01-26 19:52:19.773,2021-01-26 16:54:07.026
2021-01-26 20:00:00,0.88587,0.88593,0.88485,0.88512,9224627000.0,2021-01-26 20:12:56.761,2021-01-26 22:04:01.022
2021-01-27 00:00:00,0.88514,0.88568,0.88479,0.88545,8105555000.0,2021-01-27 02:14:32.291,2021-01-27 00:18:13.003
2021-01-27 04:00:00,0.88546,0.88557,0.88368,0.88378,10149976000.0,2021-01-27 04:20:37.733,2021-01-27 07:47:40.345
2021-01-27 08:00:00,0.88381,0.88491,0.88251,0.88365,25350321000.0,2021-01-27 08:40:34.860,2021-01-27 10:02:29.449
2021-01-27 12:00:00,0.88371,0.88472,0.88121,0.88234,49149019000.0,2021-01-27 13:32:24.769,2021-01-27 15:28:24.888
2021-01-27 16:00:00,0.88233,0.88432,0.88217,0.88405,30023476000.0,2021-01-27 19:54:25.542,2021-01-27 16:01:03.590
2021-01-27 20:00:00,0.88403,0.88543,0.88367,0.88526,13799495000.0,2021-01-27 23:49:01.946,2021-01-27 20:08:12.990
2021-01-28 00:00:00,0.88527,0.88531,0.88456,0.88459,9968151000.0,2021-01-28 00:00:05.532,2021-01-28 01:51:26.976
2021-01-28 04:00:00,0.8846,0.88591,0.88421,0.88546,11611487000.0,2021-01-28 07:36:20.259,2021-01-28 05:27:53.489
2021-01-28 08:00:00,0.88548,0.88836,0.88527,0.88669,37976862000.0,2021-01-28 09:37:01.639,2021-01-28 11:46:40.911
2021-01-28 12:00:00,0.8867,0.88727,0.88312,0.88355,44320941000.0,2021-01-28 12:01:51.159,2021-01-28 15:53:44.933
2021-01-28 16:00:00,0.88354,0.88396,0.88286,0.88287,29118422000.0,2021-01-28 16:44:33.715,2021-01-28 19:59:53.653
2021-01-28 20:00:00,0.88288,0.88337,0.88263,0.88311,16487330000.0,2021-01-28 20:50:14.827,2021-01-28 22:04:01.030
2021-01-29 00:00:00,0.88312,0.8833,0.88251,0.88269,9506408000.0,2021-01-29 00:39:46.168,2021-01-29 02:54:04.277
2021-01-29 04:00:00,0.8827,0.88387,0.88255,0.88357,10271089000.0,2021-01-29 07:56:17.137,2021-01-29 07:02:38.074
2021-01-29 08:00:00,0.88358,0.88703,0.88347,0.88451,27280132000.0,2021-01-29 09:50:38.109,2021-01-29 08:01:24.790
2021-01-29 12:00:00,0.88452,0.88541,0.88364,0.88501,46708874000.0,2021-01-29 15:21:38.718,2021-01-29 13:00:08.575
2021-01-29 16:00:00,0.885,0.88568,0.88409,0.88536,31153845000.0,2021-01-29 16:05:56.465,2021-01-29 17:01:45.365
2021-01-29 20:00:00,0.88535,0.88605,0.88467,0.88582,4780723000.0,2021-01-29 20:50:44.363,2021-01-29 20:22:00.233
2021-01-31 20:00:00,0.88453,0.88523,0.88444,0.88504,5228679000.0,2021-01-31 23:50:23.981,2021-01-31 22:22:43.974
2021-02-01 00:00:00,0.88503,0.88514,0.88301,0.88304,8096189000.0,2021-02-01 00:08:02.372,2021-02-01 03:59:09.814
2021-02-01 04:00:00,0.88303,0.88338,0.88205,0.8829,14475664000.0,2021-02-01 07:37:51.110,2021-02-01 05:56:12.305
2021-02-01 08:00:00,0.88291,0.88292,0.88046,0.8813,28723861000.0,2021-02-01 08:00:00.818,2021-02-01 11:01:44.679
2021-02-01 12:00:00,0.88129,0.88467,0.88056,0.88447,26828511000.0,2021-02-01 14:56:40.000,2021-02-01 12:16:51.950
2021-02-01 16:00:00,0.88448,0.88458,0.88203,0.88257,19861065000.0,2021-02-01 16:00:11.130,2021-02-01 17:52:31.732
2021-02-01 20:00:00,0.88256,0.88314,0.88207,0.88236,8451644000.0,2021-02-01 20:35:39.157,2021-02-01 23:44:05.214
2021-02-02 00:00:00,0.88237,0.88284,0.88209,0.88227,10173413000.0,2021-02-02 00:56:34.261,2021-02-02 01:39:53.798
2021-02-02 04:00:00,0.88226,0.88274,0.88174,0.88238,9528906000.0,2021-02-02 05:19:48.423,2021-02-02 07:42:36.639
2021-02-02 08:00:00,0.88241,0.88246,0.87954,0.87969,28754916000.0,2021-02-02 08:00:24.211,2021-02-02 10:33:29.881
2021-02-02 12:00:00,0.87971,0.88368,0.87963,0.88249,27249997000.0,2021-02-02 14:58:34.113,2021-02-02 12:00:16.411
2021-02-02 16:00:00,0.88248,0.88267,0.88026,0.88032,19199133000.0,2021-02-02 16:01:47.905,2021-02-02 19:59:18.087
2021-02-02 20:00:00,0.88031,0.88161,0.88031,0.88118,10069931000.0,2021-02-02 22:34:15.237,2021-02-02 20:00:00.142
2021-02-03 00:00:00,0.88119,0.88141,0.88042,0.88106,9644335000.0,2021-02-03 01:10:53.230,2021-02-03 02:31:55.804
2021-02-03 04:00:00,0.88105,0.88228,0.88043,0.88048,9766586000.0,2021-02-03 06:12:27.201,2021-02-03 07:58:44.145
2021-02-03 08:00:00,0.88047,0.8818,0.88021,0.88153,25629179000.0,2021-02-03 11:06:49.324,2021-02-03 08:23:43.507
2021-02-03 12:00:00,0.88152,0.88194,0.87972,0.88025,31604539000.0,2021-02-03 12:35:07.090,2021-02-03 15:48:28.620
2021-02-03 16:00:00,0.88028,0.8818,0.87997,0.88147,13058604000.0,2021-02-03 18:51:54.555,2021-02-03 16:01:10.546
2021-02-03 20:00:00,0.88146,0.88262,0.88142,0.88211,8637339000.0,2021-02-03 21:08:26.206,2021-02-03 20:01:07.244
2021-02-04 00:00:00,0.88213,0.88314,0.88195,0.88292,7052502000.0,2021-02-04 03:58:17.846,2021-02-04 02:15:59.942
2021-02-04 04:00:00,0.88291,0.88374,0.88256,0.88353,9029221000.0,2021-02-04 07:49:21.252,2021-02-04 06:53:20.023
2021-02-04 08:00:00,0.88354,0.88393,0.8818,0.88301,25661441000.0,2021-02-04 08:19:34.389,2021-02-04 09:44:24.607
2021-02-04 12:00:00,0.88299,0.88342,0.87515,0.87705,40832656000.0,2021-02-04 12:00:01.569,2021-02-04 13:46:11.130
2021-02-04 16:00:00,0.87704,0.87717,0.87499,0.87503,15027703000.0,2021-02-04 16:01:50.090,2021-02-04 19:58:03.655
2021-02-04 20:00:00,0.87504,0.87539,0.87476,0.87516,9736698000.0,2021-02-04 22:21:36.736,2021-02-04 22:32:42.739
2021-02-05 00:00:00,0.87514,0.87519,0.87426,0.87444,6409725000.0,2021-02-05 00:00:12.272,2021-02-05 01:01:13.255
2021-02-05 04:00:00,0.87446,0.87492,0.87419,0.87437,5958810000.0,2021-02-05 07:13:45.318,2021-02-05 06:39:26.493
2021-02-05 08:00:00,0.87438,0.87551,0.87382,0.87513,22063840000.0,2021-02-05 11:22:39.664,2021-02-05 08:34:44.225
2021-02-05 12:00:00,0.87512,0.87648,0.87496,0.87613,32858390000.0,2021-02-05 13:47:53.462,2021-02-05 12:58:07.723
2021-02-05 16:00:00,0.87612,0.87773,0.8759,0.87722,13835213000.0,2021-02-05 17:01:24.102,2021-02-05 16:03:44.316
2021-02-05 20:00:00,0.87724,0.87725,0.87675,0.87708,3735920000.0,2021-02-05 20:00:00.131,2021-02-05 21:36:47.044
2021-02-07 20:00:00,0.87699,0.87752,0.87605,0.87696,8291642000.0,2021-02-07 23:02:17.147,2021-02-07 22:09:12.184
2021-02-08 00:00:00,0.87695,0.87717,0.87628,0.87653,7110352000.0,2021-02-08 00:02:29.025,2021-02-08 00:40:00.722
2021-02-08 04:00:00,0.87655,0.87701,0.87618,0.87659,5743890000.0,2021-02-08 07:55:04.455,2021-02-08 07:10:25.080
2021-02-08 08:00:00,0.8766,0.87918,0.87644,0.87915,16637155000.0,2021-02-08 11:59:57.657,2021-02-08 08:00:27.474
2021-02-08 12:00:00,0.87916,0.8793,0.87648,0.8768,24724057000.0,2021-02-08 12:00:13.431,2021-02-08 15:54:04.829
2021-02-08 16:00:00,0.87679,0.87736,0.87649,0.87715,15071518000.0,2021-02-08 19:47:50.006,2021-02-08 16:02:56.876
2021-02-08 20:00:00,0.87714,0.87779,0.87647,0.87681,6077828000.0,2021-02-08 20:03:53.565,2021-02-08 22:04:01.018
2021-02-09 00:00:00,0.87677,0.87713,0.87632,0.87658,8190479000.0,2021-02-09 01:42:06.425,2021-02-09 02:58:18.383
2021-02-09 04:00:00,0.8766,0.87719,0.87621,0.87656,9144072000.0,2021-02-09 07:45:07.646,2021-02-09 05:40:10.713
2021-02-09 08:00:00,0.87657,0.8797,0.8764,0.87858,25451856000.0,2021-02-09 10:36:00.034,2021-02-09 08:25:31.308
2021-02-09 12:00:00,0.87859,0.87891,0.87658,0.87691,32270252000.0,2021-02-09 12:16:46.330,2021-02-09 15:57:44.612
2021-02-09 16:00:00,0.87692,0.87779,0.87684,0.87731,20072300000.0,2021-02-09 17:43:49.727,2021-02-09 19:10:32.729
2021-02-09 20:00:00,0.87732,0.87758,0.87679,0.87696,7691573000.0,2021-02-09 20:52:27.229,2021-02-09 22:37:53.858
2021-02-10 00:00:00,0.87695,0.87735,0.87678,0.87731,7290780000.0,2021-02-10 03:05:59.158,2021-02-10 02:34:22.725
2021-02-10 04:00:00,0.8773,0.87799,0.87717,0.87721,6353981000.0,2021-02-10 07:41:00.327,2021-02-10 07:59:56.435
2021-02-10 08:00:00,0.87722,0.87743,0.87515,0.87613,21470526000.0,2021-02-10 08:11:48.829,2021-02-10 09:34:55.887
2021-02-10 12:00:00,0.87614,0.87656,0.87525,0.87616,30557111000.0,2021-02-10 13:23:49.481,2021-02-10 14:31:32.598
2021-02-10 16:00:00,0.87618,0.87672,0.87571,0.87632,17871040000.0,2021-02-10 16:09:32.434,2021-02-10 19:14:17.454
2021-02-10 20:00:00,0.87634,0.87698,0.87559,0.8762,6938181000.0,2021-02-10 22:05:00.119,2021-02-10 22:21:51.572
2021-02-11 00:00:00,0.87623,0.8766,0.87543,0.87543,3364510000.0,2021-02-11 00:32:21.310,2021-02-11 03:59:59.628
2021-02-11 04:00:00,0.87544,0.87617,0.87528,0.87592,4338980000.0,2021-02-11 06:31:37.856,2021-02-11 05:01:33.093
2021-02-11 08:00:00,0.87593,0.87754,0.87587,0.87711,15357618000.0,2021-02-11 09:05:46.219,2021-02-11 08:00:05.809
2021-02-11 12:00:00,0.87712,0.87853,0.87678,0.87781,18015271000.0,2021-02-11 15:17:47.227,2021-02-11 12:12:15.932
2021-02-11 16:00:00,0.87784,0.8788,0.87743,0.87875,14614868000.0,2021-02-11 19:59:30.084,2021-02-11 16:58:45.098
2021-02-11 20:00:00,0.87873,0.87879,0.87746,0.87828,5026772000.0,2021-02-11 20:01:24.153,2021-02-11 22:04:02.711
2021-02-12 00:00:00,0.87829,0.87902,0.8782,0.87877,3919556000.0,2021-02-12 03:01:48.782,2021-02-12 00:54:54.496
2021-02-12 04:00:00,0.87879,0.87911,0.87832,0.87834,4928505000.0,2021-02-12 06:30:00.368,2021-02-12 07:59:12.196
2021-02-12 08:00:00,0.87835,0.87861,0.87759,0.87841,13979268000.0,2021-02-12 08:51:51.195,2021-02-12 08:18:55.173
2021-02-12 12:00:00,0.8784,0.8785,0.87448,0.87514,22905787000.0,2021-02-12 12:01:59.768,2021-02-12 14:50:51.381
2021-02-12 16:00:00,0.87516,0.87564,0.8744,0.87481,12226220000.0,2021-02-12 16:17:15.711,2021-02-12 19:06:55.985
2021-02-12 20:00:00,0.8748,0.87502,0.87464,0.87472,2334250000.0,2021-02-12 21:32:10.342,2021-02-12 20:00:40.978
2021-02-14 20:00:00,0.87466,0.87493,0.87385,0.87387,3265819000.0,2021-02-14 22:42:49.581,2021-02-14 23:34:58.290
2021-02-15 00:00:00,0.87386,0.87393,0.87264,0.87307,5150720000.0,2021-02-15 00:05:10.920,2021-02-15 02:27:30.772
2021-02-15 04:00:00,0.87306,0.87398,0.87237,0.87269,5149997000.0,2021-02-15 07:27:19.335,2021-02-15 07:57:08.395
2021-02-15 08:00:00,0.87268,0.87394,0.87213,0.87246,14959592000.0,2021-02-15 09:22:47.307,2021-02-15 10:31:14.046
2021-02-15 12:00:00,0.87247,0.87285,0.87174,0.872,10799113000.0,2021-02-15 13:51:20.749,2021-02-15 15:28:14.014
2021-02-15 16:00:00,0.87199,0.87277,0.87177,0.8722,9574109000.0,2021-02-15 18:09:18.415,2021-02-15 16:08:00.282
2021-02-15 20:00:00,0.87218,0.87253,0.87157,0.87189,4020400000.0,2021-02-15 21:07:29.334,2021-02-15 22:34:56.421
2021-02-16 00:00:00,0.87188,0.87215,0.87068,0.87076,5582126000.0,2021-02-16 00:07:23.452,2021-02-16 02:30:21.777
2021-02-16 04:00:00,0.87077,0.87203,0.87059,0.872,5790805000.0,2021-02-16 07:59:54.655,2021-02-16 04:47:09.458
2021-02-16 08:00:00,0.87199,0.87385,0.8713,0.87356,14324871000.0,2021-02-16 11:51:05.763,2021-02-16 09:13:37.199
2021-02-16 12:00:00,0.87357,0.87381,0.87,0.87024,27618056000.0,2021-02-16 12:02:01.318,2021-02-16 15:58:50.099
2021-02-16 16:00:00,0.87023,0.87094,0.86972,0.87092,12815980000.0,2021-02-16 19:59:56.247,2021-02-16 16:01:32.014
2021-02-16 20:00:00,0.87091,0.87112,0.87013,0.87052,5081920000.0,2021-02-16 20:32:56.734,2021-02-16 23:13:17.422
2021-02-17 00:00:00,0.87053,0.87189,0.87049,0.87065,6302759000.0,2021-02-17 00:56:02.113,2021-02-17 00:00:05.407
2021-02-17 04:00:00,0.87064,0.87084,0.86967,0.86993,7239851000.0,2021-02-17 06:23:53.604,2021-02-17 07:49:05.313
2021-02-17 08:00:00,0.86992,0.87057,0.8684,0.87015,15222509000.0,2021-02-17 11:40:36.843,2021-02-17 08:46:26.492
2021-02-17 12:00:00,0.87014,0.87033,0.86801,0.8687,28932113000.0,2021-02-17 12:06:54.295,2021-02-17 13:34:41.073
2021-02-17 16:00:00,0.86869,0.86994,0.86827,0.8684,12322597000.0,2021-02-17 16:50:32.446,2021-02-17 18:59:40.119
2021-02-17 20:00:00,0.86839,0.86889,0.86807,0.86866,3536048000.0,2021-02-17 22:59:03.397,2021-02-17 22:07:39.506
2021-02-18 00:00:00,0.86868,0.86925,0.86825,0.86906,5592002000.0,2021-02-18 03:28:31.926,2021-02-18 00:42:39.130
2021-02-18 04:00:00,0.86907,0.87,0.86874,0.86894,5872993000.0,2021-02-18 06:19:28.507,2021-02-18 07:56:53.423
2021-02-18 08:00:00,0.86895,0.869,0.86549,0.86586,17729473000.0,2021-02-18 08:00:04.731,2021-02-18 11:24:11.224
2021-02-18 12:00:00,0.86584,0.86638,0.86411,0.8657,25056555000.0,2021-02-18 15:32:32.594,2021-02-18 13:40:55.241
2021-02-18 16:00:00,0.86569,0.86603,0.86476,0.86476,9104243000.0,2021-02-18 17:17:59.627,2021-02-18 19:59:59.501
2021-02-18 20:00:00,0.86475,0.86571,0.86473,0.8657,3937254000.0,2021-02-18 23:53:18.467,2021-02-18 20:00:00.328
2021-02-19 00:00:00,0.86569,0.86618,0.86544,0.86613,5040730000.0,2021-02-19 03:49:57.313,2021-02-19 01:30:16.864
2021-02-19 04:00:00,0.86614,0.86618,0.86516,0.86602,5693319000.0,2021-02-19 04:20:59.138,2021-02-19 06:24:02.599
2021-02-19 08:00:00,0.86601,0.86782,0.86595,0.86724,17701805000.0,2021-02-19 10:09:33.448,2021-02-19 08:10:10.682
2021-02-19 12:00:00,0.86723,0.86743,0.86427,0.86533,17758921000.0,2021-02-19 12:07:52.457,2021-02-19 13:44:54.792
2021-02-19 16:00:00,0.86535,0.86586,0.864,0.86453,11306403000.0,2021-02-19 16:38:32.274,2021-02-19 18:42:58.695
2021-02-19 20:00:00,0.86454,0.86533,0.8645,0.86511,3465754000.0,2021-02-19 20:55:00.041,2021-02-19 20:00:10.811
2021-02-21 20:00:00,0.86418,0.86509,0.86397,0.86435,3115882000.0,2021-02-21 22:18:05.546,2021-02-21 22:09:51.576
2021-02-22 00:00:00,0.86434,0.86473,0.86357,0.86457,5831915000.0,2021-02-22 02:51:50.067,2021-02-22 01:24:35.534
2021-02-22 04:00:00,0.86456,0.86608,0.86427,0.86544,6993398000.0,2021-02-22 07:16:35.191,2021-02-22 04:48:42.254
2021-02-22 08:00:00,0.86545,0.86587,0.86374,0.86544,17436379000.0,2021-02-22 08:09:04.759,2021-02-22 09:08:26.254
2021-02-22 12:00:00,0.86547,0.86586,0.86356,0.86382,20663166000.0,2021-02-22 13:46:21.989,2021-02-22 15:55:56.067
2021-02-22 16:00:00,0.86383,0.86465,0.86331,0.8644,11489475000.0,2021-02-22 16:12:53.728,2021-02-22 16:52:18.938
2021-02-22 20:00:00,0.86441,0.86466,0.86392,0.86462,5812797000.0,2021-02-22 23:49:40.734,2021-02-22 22:10:00.047
2021-02-23 00:00:00,0.86463,0.86484,0.86443,0.86462,4998390000.0,2021-02-23 00:08:00.281,2021-02-23 01:30:54.131
2021-02-23 04:00:00,0.86463,0.86541,0.86393,0.86406,5804455000.0,2021-02-23 06:58:30.870,2021-02-23 07:59:11.286
2021-02-23 08:00:00,0.86408,0.86409,0.86204,0.8627,16032054000.0,2021-02-23 08:00:00.410,2021-02-23 09:55:20.161
2021-02-23 12:00:00,0.86269,0.86356,0.86166,0.86202,18928443000.0,2021-02-23 14:49:19.568,2021-02-23 15:57:19.015
2021-02-23 16:00:00,0.86201,0.86251,0.8606,0.86079,12494775000.0,2021-02-23 16:42:52.635,2021-02-23 19:56:45.315
2021-02-23 20:00:00,0.8608,0.86126,0.86049,0.86055,5346992000.0,2021-02-23 22:06:17.441,2021-02-23 23:15:49.132
2021-02-24 00:00:00,0.86057,0.86088,0.85385,0.85826,13411264000.0,2021-02-24 00:10:22.626,2021-02-24 01:23:03.290
2021-02-24 04:00:00,0.85827,0.85836,0.85576,0.85726,9138579000.0,2021-02-24 05:15:58.660,2021-02-24 07:07:33.704
2021-02-24 08:00:00,0.85725,0.86142,0.85697,0.86041,19459274000.0,2021-02-24 11:41:02.597,2021-02-24 08:05:32.141
2021-02-24 12:00:00,0.8604,0.86087,0.8586,0.85951,29686786000.0,2021-02-24 13:59:14.070,2021-02-24 15:51:45.821
2021-02-24 16:00:00,0.85952,0.86161,0.85948,0.86013,13631086000.0,2021-02-24 16:28:57.229,2021-02-24 16:00:13.637
2021-02-24 20:00:00,0.86011,0.86084,0.85992,0.86024,7395135000.0,2021-02-24 20:42:00.758,2021-02-24 22:04:58.976
2021-02-25 00:00:00,0.86025,0.86059,0.85965,0.86033,5088132000.0,2021-02-25 01:45:59.775,2021-02-25 00:47:48.301
2021-02-25 04:00:00,0.86032,0.86198,0.85968,0.86133,8439548000.0,2021-02-25 07:51:45.574,2021-02-25 04:55:25.023
2021-02-25 08:00:00,0.86132,0.86542,0.86089,0.8652,25152616000.0,2021-02-25 11:54:01.362,2021-02-25 08:01:45.370
2021-02-25 12:00:00,0.86519,0.86547,0.8628,0.86463,27580614000.0,2021-02-25 12:34:39.925,2021-02-25 14:35:41.971
2021-02-25 16:00:00,0.8646,0.8697,0.86448,0.86817,29664866000.0,2021-02-25 17:37:56.387,2021-02-25 16:04:11.003
2021-02-25 20:00:00,0.86818,0.86974,0.86752,0.86818,12712935000.0,2021-02-25 22:46:11.284,2021-02-25 20:21:31.374
2021-02-26 00:00:00,0.8682,0.87046,0.86818,0.8694,15957463000.0,2021-02-26 00:35:16.638,2021-02-26 00:01:54.895
2021-02-26 04:00:00,0.86941,0.87283,0.86931,0.87213,17650823000.0,2021-02-26 06:38:16.084,2021-02-26 04:03:28.378
2021-02-26 08:00:00,0.87212,0.87307,0.86903,0.8693,32650713000.0,2021-02-26 08:03:42.921,2021-02-26 11:07:30.949
2021-02-26 12:00:00,0.86929,0.8707,0.8672,0.86847,40311567000.0,2021-02-26 15:07:55.106,2021-02-26 14:12:16.502
2021-02-26 16:00:00,0.86851,0.8691,0.86562,0.86607,30203450000.0,2021-02-26 16:08:52.657,2021-02-26 17:52:08.649
2021-02-26 20:00:00,0.86608,0.86683,0.86565,0.86667,6672142000.0,2021-02-26 20:53:42.545,2021-02-26 21:14:57.815
2021-02-28 20:00:00,0.86621,0.86678,0.86478,0.86519,9077544000.0,2021-02-28 23:02:13.149,2021-02-28 23:49:47.603
2021-03-01 00:00:00,0.8652,0.86526,0.86354,0.86381,11314545000.0,2021-03-01 00:01:05.910,2021-03-01 02:30:21.386
2021-03-01 04:00:00,0.86382,0.86502,0.86349,0.86484,10094486000.0,2021-03-01 07:53:30.440,2021-03-01 07:19:49.431
2021-03-01 08:00:00,0.86483,0.86523,0.86201,0.86396,22884219000.0,2021-03-01 08:05:13.862,2021-03-01 11:28:02.419
2021-03-01 12:00:00,0.86395,0.86609,0.86341,0.86458,27708328000.0,2021-03-01 13:32:17.886,2021-03-01 15:21:13.785
2021-03-01 16:00:00,0.86459,0.8655,0.86379,0.86528,16102450000.0,2021-03-01 19:40:09.858,2021-03-01 16:35:22.153
2021-03-01 20:00:00,0.86529,0.8654,0.86457,0.86496,5474438000.0,2021-03-01 20:55:46.702,2021-03-01 22:11:21.061
2021-03-02 00:00:00,0.86497,0.86615,0.86415,0.86571,10968708000.0,2021-03-02 02:52:42.269,2021-03-02 00:57:39.918
2021-03-02 04:00:00,0.8657,0.8667,0.86494,0.86512,10859183000.0,2021-03-02 05:04:02.296,2021-03-02 07:54:24.014
2021-03-02 08:00:00,0.86511,0.86637,0.86385,0.86386,21203245000.0,2021-03-02 10:07:40.561,2021-03-02 11:59:51.496
2021-03-02 12:00:00,0.86388,0.8652,0.86371,0.86479,26017249000.0,2021-03-02 15:57:34.489,2021-03-02 12:05:47.763
2021-03-02 16:00:00,0.86478,0.86584,0.86421,0.86532,19825667000.0,2021-03-02 16:47:32.467,2021-03-02 16:04:17.012
2021-03-02 20:00:00,0.86531,0.86624,0.86519,0.86604,26168739000.0,2021-03-02 23:07:38.034,2021-03-02 20:01:43.347
2021-03-03 00:00:00,0.86603,0.86635,0.86534,0.86537,5303492000.0,2021-03-03 01:24:15.969,2021-03-03 03:57:57.012
2021-03-03 04:00:00,0.86536,0.86678,0.86473,0.865,7571866000.0,2021-03-03 06:08:54.699,2021-03-03 07:32:05.286
2021-03-03 08:00:00,0.86501,0.86556,0.86351,0.86449,20430988000.0,2021-03-03 09:52:14.500,2021-03-03 09:23:31.430
2021-03-03 12:00:00,0.86447,0.86585,0.86222,0.8639,37047433000.0,2021-03-03 15:20:11.852,2021-03-03 13:32:57.708
2021-03-03 16:00:00,0.86392,0.86478,0.8632,0.86447,23158759000.0,2021-03-03 17:35:01.351,2021-03-03 16:20:51.226
2021-03-03 20:00:00,0.86449,0.8653,0.86392,0.86526,8616782000.0,2021-03-03 23:55:58.023,2021-03-03 22:16:37.909
2021-03-04 00:00:00,0.86527,0.86534,0.86439,0.86441,7688496000.0,2021-03-04 00:27:59.630,2021-03-04 03:59:29.708
2021-03-04 04:00:00,0.86442,0.86472,0.8631,0.8636,11761012000.0,2021-03-04 04:09:00.729,2021-03-04 07:32:38.089
2021-03-04 08:00:00,0.86363,0.86478,0.86288,0.86342,25189770000.0,2021-03-04 11:14:05.073,2021-03-04 08:12:46.801
2021-03-04 12:00:00,0.86341,0.86356,0.85968,0.86051,33011386000.0,2021-03-04 12:07:48.652,2021-03-04 15:43:30.431
2021-03-04 16:00:00,0.8605,0.86202,0.8596,0.86159,35503998000.0,2021-03-04 18:56:39.845,2021-03-04 16:41:08.165
2021-03-04 20:00:00,0.86158,0.86221,0.86098,0.86133,14365734000.0,2021-03-04 20:40:06.562,2021-03-04 22:35:58.182
2021-03-05 00:00:00,0.86135,0.86211,0.86023,0.86026,8974608000.0,2021-03-05 01:31:31.393,2021-03-05 03:57:31.898
2021-03-05 04:00:00,0.86025,0.86265,0.86025,0.86144,9528606000.0,2021-03-05 07:37:58.427,2021-03-05 04:00:00.685
2021-03-05 08:00:00,0.86142,0.86517,0.86069,0.86365,28207729000.0,2021-03-05 10:43:11.719,2021-03-05 08:30:14.811
2021-03-05 12:00:00,0.86364,0.86403,0.86081,0.86175,38019082000.0,2021-03-05 12:43:56.890,2021-03-05 14:33:11.465
2021-03-05 16:00:00,0.86176,0.86339,0.86055,0.86059,24651257000.0,2021-03-05 16:55:36.553,2021-03-05 19:58:58.122
2021-03-05 20:00:00,0.86061,0.86133,0.86043,0.86121,5750390000.0,2021-03-05 21:53:38.736,2021-03-05 20:32:07.342
2021-03-07 20:00:00,0.86211,0.86244,0.86041,0.86104,9626192000.0,2021-03-07 22:06:01.853,2021-03-07 23:31:15.319
2021-03-08 00:00:00,0.86105,0.86167,0.86062,0.86166,10964934000.0,2021-03-08 03:56:54.326,2021-03-08 01:10:42.721
2021-03-08 04:00:00,0.86165,0.86175,0.85986,0.86018,9692311000.0,2021-03-08 04:00:47.162,2021-03-08 07:52:17.982
2021-03-08 08:00:00,0.86017,0.86018,0.85729,0.85781,24937813000.0,2021-03-08 08:00:00.335,2021-03-08 11:56:57.721
2021-03-08 12:00:00,0.85782,0.85946,0.85676,0.85849,30640660000.0,2021-03-08 15:01:22.197,2021-03-08 13:30:55.041
2021-03-08 16:00:00,0.85848,0.85884,0.8566,0.85696,22804544000.0,2021-03-08 16:11:37.225,2021-03-08 19:37:22.965
2021-03-08 20:00:00,0.85697,0.85751,0.85647,0.85738,10879605000.0,2021-03-08 23:09:23.029,2021-03-08 22:04:01.654
2021-03-09 00:00:00,0.85737,0.85773,0.85649,0.85685,10945153000.0,2021-03-09 00:45:58.833,2021-03-09 03:51:20.624
2021-03-09 04:00:00,0.85686,0.85763,0.85571,0.85599,10625087000.0,2021-03-09 07:07:23.884,2021-03-09 07:44:24.252
2021-03-09 08:00:00,0.85598,0.85861,0.85562,0.85803,24726549000.0,2021-03-09 10:27:02.256,2021-03-09 08:40:50.680
2021-03-09 12:00:00,0.85804,0.85811,0.85504,0.85548,28006436000.0,2021-03-09 12:01:02.325,2021-03-09 15:01:19.870
2021-03-09 16:00:00,0.85549,0.85669,0.85525,0.85629,14220070000.0,2021-03-09 19:45:00.188,2021-03-09 16:25:11.896
2021-03-09 20:00:00,0.85628,0.85703,0.8558,0.85662,7076535000.0,2021-03-09 23:03:57.131,2021-03-09 22:10:44.978
2021-03-10 00:00:00,0.85661,0.85704,0.85623,0.85665,6781508000.0,2021-03-10 03:07:53.306,2021-03-10 00:37:31.230
2021-03-10 04:00:00,0.85666,0.85732,0.85593,0.85594,8874633000.0,2021-03-10 06:15:39.690,2021-03-10 07:53:19.330
2021-03-10 08:00:00,0.85595,0.85734,0.85497,0.85734,18255154000.0,2021-03-10 11:59:52.868,2021-03-10 08:26:55.137
2021-03-10 12:00:00,0.85731,0.85788,0.85546,0.85562,32355676000.0,2021-03-10 12:03:07.712,2021-03-10 14:19:12.272
2021-03-10 16:00:00,0.85561,0.85676,0.85548,0.85558,19238781000.0,2021-03-10 18:03:19.660,2021-03-10 16:07:01.941
2021-03-10 20:00:00,0.8556,0.85654,0.85558,0.85598,8277839000.0,2021-03-10 22:15:06.500,2021-03-10 22:42:49.637
2021-03-11 00:00:00,0.85597,0.85638,0.85568,0.8563,9262452000.0,2021-03-11 02:53:50.925,2021-03-11 00:35:26.739
2021-03-11 04:00:00,0.85629,0.85655,0.85516,0.85625,8237528000.0,2021-03-11 07:44:43.207,2021-03-11 07:11:58.014
2021-03-11 08:00:00,0.85623,0.85819,0.85612,0.85706,15883666000.0,2021-03-11 08:47:40.009,2021-03-11 08:00:01.845
2021-03-11 12:00:00,0.85707,0.85757,0.85484,0.85609,29477109000.0,2021-03-11 12:21:36.067,2021-03-11 15:31:58.996
2021-03-11 16:00:00,0.85608,0.85759,0.85602,0.85659,15821171000.0,2021-03-11 18:33:47.481,2021-03-11 16:00:01.860
2021-03-11 20:00:00,0.85655,0.85705,0.85622,0.85648,5224980000.0,2021-03-11 20:37:24.669,2021-03-11 22:11:21.453
2021-03-12 00:00:00,0.85647,0.85671,0.85568,0.85574,5866619000.0,2021-03-12 00:01:30.706,2021-03-12 02:56:05.069
2021-03-12 04:00:00,0.85573,0.85683,0.85569,0.85667,7921153000.0,2021-03-12 07:46:25.614,2021-03-12 04:12:48.256
2021-03-12 08:00:00,0.8567,0.85851,0.85538,0.85824,23463550000.0,2021-03-12 11:59:03.112,2021-03-12 10:51:47.936
2021-03-12 12:00:00,0.85823,0.85989,0.85764,0.85903,25349812000.0,2021-03-12 14:40:22.611,2021-03-12 12:10:08.670
2021-03-12 16:00:00,0.85905,0.85955,0.85789,0.85819,17237908000.0,2021-03-12 16:09:23.499,2021-03-12 17:20:22.903
2021-03-12 20:00:00,0.85817,0.85872,0.85809,0.85856,3514650000.0,2021-03-12 21:53:07.456,2021-03-12 20:36:49.527
2021-03-14 20:00:00,0.85786,0.85846,0.85766,0.85783,3830654000.0,2021-03-14 22:03:51.522,2021-03-14 21:11:26.912
2021-03-15 00:00:00,0.85782,0.85836,0.85747,0.85831,8097763000.0,2021-03-15 03:51:54.594,2021-03-15 00:47:02.586
2021-03-15 04:00:00,0.85832,0.85839,0.85618,0.85632,8810442000.0,2021-03-15 04:01:00.716,2021-03-15 07:56:10.894
2021-03-15 08:00:00,0.85635,0.85719,0.85543,0.85717,17795797000.0,2021-03-15 11:57:26.379,2021-03-15 09:18:59.634
2021-03-15 12:00:00,0.85716,0.85998,0.85628,0.8595,21711869000.0,2021-03-15 15:32:25.474,2021-03-15 12:06:58.889
2021-03-15 16:00:00,0.85952,0.85978,0.85809,0.8582,10825684000.0,2021-03-15 16:01:09.206,2021-03-15 19:48:14.851
2021-03-15 20:00:00,0.85821,0.85847,0.85743,0.85807,4015098000.0,2021-03-15 20:14:30.102,2021-03-15 21:06:11.273
2021-03-16 00:00:00,0.85808,0.86035,0.85805,0.86028,7033897000.0,2021-03-16 03:49:40.594,2021-03-16 00:01:10.272
2021-03-16 04:00:00,0.86029,0.86247,0.86011,0.8618,8294719000.0,2021-03-16 07:51:23.362,2021-03-16 06:38:59.071
2021-03-16 08:00:00,0.86179,0.86395,0.8614,0.86183,16161133000.0,2021-03-16 09:25:29.685,2021-03-16 11:55:03.976
2021-03-16 12:00:00,0.86182,0.86195,0.85608,0.85629,32269254000.0,2021-03-16 12:04:59.928,2021-03-16 15:58:45.470
2021-03-16 16:00:00,0.8563,0.85704,0.85583,0.85659,13868951000.0,2021-03-16 18:47:14.124,2021-03-16 16:07:12.977
2021-03-16 20:00:00,0.85658,0.85702,0.85593,0.85613,3746757000.0,2021-03-16 21:50:32.644,2021-03-16 21:08:31.198
2021-03-17 00:00:00,0.85612,0.85714,0.85611,0.85679,5540293000.0,2021-03-17 02:46:02.793,2021-03-17 00:00:31.300
2021-03-17 04:00:00,0.8568,0.85739,0.85402,0.85444,6642197000.0,2021-03-17 06:06:11.899,2021-03-17 07:46:46.076
2021-03-17 08:00:00,0.85442,0.85726,0.85411,0.8558,14235142000.0,2021-03-17 09:18:55.135,2021-03-17 08:12:16.768
2021-03-17 12:00:00,0.85579,0.85835,0.85569,0.85719,18129163000.0,2021-03-17 14:54:28.763,2021-03-17 12:00:16.283
2021-03-17 16:00:00,0.85718,0.86051,0.85708,0.85772,33779909000.0,2021-03-17 18:02:00.345,2021-03-17 16:01:23.140
2021-03-17 20:00:00,0.85773,0.85826,0.85719,0.85741,6904779000.0,2021-03-17 21:51:22.282,2021-03-17 21:52:23.753
2021-03-18 00:00:00,0.85739,0.85843,0.85737,0.85771,9206551000.0,2021-03-18 01:11:06.045,2021-03-18 00:00:00.157
2021-03-18 04:00:00,0.8577,0.85798,0.85591,0.85596,13763326000.0,2021-03-18 04:14:45.814,2021-03-18 07:44:30.222
2021-03-18 08:00:00,0.85599,0.85616,0.85331,0.85515,25173124000.0,2021-03-18 08:35:31.839,2021-03-18 11:00:27.864
2021-03-18 12:00:00,0.8552,0.85729,0.85448,0.85567,27240826000.0,2021-03-18 13:57:16.987,2021-03-18 15:51:14.357
2021-03-18 16:00:00,0.85568,0.85601,0.85509,0.85537,18145817000.0,2021-03-18 16:35:36.288,2021-03-18 18:00:31.595
2021-03-18 20:00:00,0.85536,0.85594,0.85469,0.85594,5597711000.0,2021-03-18 23:58:33.797,2021-03-18 21:21:07.895
2021-03-19 00:00:00,0.85593,0.85685,0.85556,0.85613,8483150000.0,2021-03-19 01:29:56.418,2021-03-19 02:11:03.412
2021-03-19 04:00:00,0.85615,0.85678,0.85492,0.85538,8261055000.0,2021-03-19 06:17:04.673,2021-03-19 07:50:32.011
2021-03-19 08:00:00,0.85536,0.85591,0.85352,0.85549,16830285000.0,2021-03-19 08:12:47.768,2021-03-19 10:16:46.679
2021-03-19 12:00:00,0.8555,0.859,0.85514,0.85852,31653116000.0,2021-03-19 15:55:24.732,2021-03-19 12:28:00.381
2021-03-19 16:00:00,0.85851,0.85895,0.85774,0.85871,14860924000.0,2021-03-19 19:17:38.559,2021-03-19 16:25:33.653
2021-03-19 20:00:00,0.85872,0.85892,0.85837,0.85862,1192088000.0,2021-03-19 20:23:42.031,2021-03-19 20:49:01.284
2021-03-21 20:00:00,0.85794,0.85919,0.85763,0.85901,2539199000.0,2021-03-21 23:54:28.383,2021-03-21 21:06:52.182
2021-03-22 00:00:00,0.85902,0.85969,0.85878,0.85942,6148496000.0,2021-03-22 01:41:15.653,2021-03-22 00:05:26.108
2021-03-22 04:00:00,0.85943,0.85945,0.85767,0.85811,8795455000.0,2021-03-22 04:00:05.888,2021-03-22 07:19:03.884
2021-03-22 08:00:00,0.85809,0.86072,0.85771,0.85991,18504835000.0,2021-03-22 11:17:00.276,2021-03-22 08:24:07.018
2021-03-22 12:00:00,0.85993,0.86276,0.85985,0.86122,21581325000.0,2021-03-22 13:13:09.642,2021-03-22 12:00:14.597
2021-03-22 16:00:00,0.86123,0.8616,0.86077,0.86124,13588212000.0,2021-03-22 17:19:06.049,2021-03-22 16:30:26.337
2021-03-22 20:00:00,0.86123,0.86125,0.86026,0.86095,3938120000.0,2021-03-22 20:00:01.295,2021-03-22 21:12:16.934
2021-03-23 00:00:00,0.86094,0.86219,0.86094,0.86159,7301121000.0,2021-03-23 01:35:15.315,2021-03-23 00:00:00.050
2021-03-23 04:00:00,0.86162,0.86257,0.85974,0.85994,9371632000.0,2021-03-23 06:17:23.107,2021-03-23 07:58:33.288
2021-03-23 08:00:00,0.85993,0.8645,0.85989,0.86246,23560975000.0,2021-03-23 10:30:03.249,2021-03-23 08:00:01.669
2021-03-23 12:00:00,0.86245,0.86274,0.86031,0.86067,23621867000.0,2021-03-23 12:01:56.237,2021-03-23 15:54:08.118
2021-03-23 16:00:00,0.86068,0.86205,0.86049,0.86169,14688250000.0,2021-03-23 17:52:04.145,2021-03-23 16:02:47.110
2021-03-23 20:00:00,0.8617,0.86256,0.86094,0.8622,7346198000.0,2021-03-23 23:51:57.896,2021-03-23 21:57:02.575
2021-03-24 00:00:00,0.86219,0.86324,0.86195,0.86321,6352553000.0,2021-03-24 03:59:26.634,2021-03-24 00:00:29.423
2021-03-24 04:00:00,0.8632,0.86453,0.86296,0.86355,11308532000.0,2021-03-24 07:29:16.371,2021-03-24 04:11:08.370
2021-03-24 08:00:00,0.86354,0.86387,0.86142,0.86303,20883559000.0,2021-03-24 08:31:12.301,2021-03-24 10:21:51.886
2021-03-24 12:00:00,0.86301,0.86314,0.8619,0.86212,22254507000.0,2021-03-24 12:04:48.388,2021-03-24 15:15:03.198
2021-03-24 16:00:00,0.86211,0.86365,0.86175,0.86303,14185386000.0,2021-03-24 18:47:46.572,2021-03-24 16:16:32.948
2021-03-24 20:00:00,0.86302,0.8634,0.86237,0.86293,4546163000.0,2021-03-24 23:00:48.329,2021-03-24 21:47:19.124
2021-03-25 00:00:00,0.86292,0.86335,0.86251,0.86295,8130037000.0,2021-03-25 03:39:18.739,2021-03-25 02:48:45.791
2021-03-25 04:00:00,0.86293,0.86411,0.86262,0.86309,9412152000.0,2021-03-25 07:42:51.630,2021-03-25 04:32:01.466
2021-03-25 08:00:00,0.86311,0.86354,0.8604,0.86167,17726593000.0,2021-03-25 08:04:50.455,2021-03-25 10:45:30.271
2021-03-25 12:00:00,0.86169,0.86203,0.858,0.85816,26268726000.0,2021-03-25 12:00:38.995,2021-03-25 15:54:46.660
2021-03-25 16:00:00,0.85817,0.85846,0.85648,0.8566,18309773000.0,2021-03-25 16:09:55.687,2021-03-25 19:38:06.421
2021-03-25 20:00:00,0.85662,0.85694,0.85609,0.85658,4069176000.0,2021-03-25 23:01:25.795,2021-03-25 20:32:01.050
2021-03-26 00:00:00,0.85659,0.85702,0.85587,0.85595,4950662000.0,2021-03-26 00:55:00.433,2021-03-26 03:52:21.303
2021-03-26 04:00:00,0.85596,0.85717,0.85567,0.85627,6843798000.0,2021-03-26 07:30:48.254,2021-03-26 05:41:03.096
2021-03-26 08:00:00,0.85628,0.85645,0.85459,0.85467,14265900000.0,2021-03-26 09:26:30.564,2021-03-26 11:57:42.792
2021-03-26 12:00:00,0.85468,0.85647,0.85348,0.85532,26439696000.0,2021-03-26 12:32:48.888,2021-03-26 15:03:42.006
2021-03-26 16:00:00,0.85533,0.85584,0.8545,0.85548,11621281000.0,2021-03-26 19:44:31.324,2021-03-26 17:57:54.788
2021-03-26 20:00:00,0.8555,0.8557,0.85489,0.85502,1558020000.0,2021-03-26 20:00:52.156,2021-03-26 20:53:00.894
2021-03-28 20:00:00,0.85495,0.85555,0.85457,0.85474,2006606000.0,2021-03-28 22:05:42.934,2021-03-28 21:53:07.278
2021-03-29 00:00:00,0.85473,0.85573,0.85473,0.85537,5906403000.0,2021-03-29 03:25:12.917,2021-03-29 00:00:00.248
2021-03-29 04:00:00,0.85538,0.85625,0.85413,0.85434,10404284000.0,2021-03-29 06:39:41.570,2021-03-29 07:58:25.402
2021-03-29 08:00:00,0.85433,0.85433,0.85058,0.85101,17226037000.0,2021-03-29 08:00:00.128,2021-03-29 10:34:30.085
2021-03-29 12:00:00,0.851,0.85456,0.85082,0.85386,22375732000.0,2021-03-29 14:57:57.876,2021-03-29 12:01:01.984
2021-03-29 16:00:00,0.85387,0.85524,0.85367,0.85486,10098328000.0,2021-03-29 18:53:36.646,2021-03-29 16:01:00.400
2021-03-29 20:00:00,0.85485,0.85529,0.85426,0.85437,2241615000.0,2021-03-29 21:53:35.293,2021-03-29 23:58:58.791
2021-03-30 00:00:00,0.85436,0.85519,0.85398,0.85408,4606387000.0,2021-03-30 01:19:17.980,2021-03-30 03:52:00.601
2021-03-30 04:00:00,0.85407,0.85468,0.85288,0.85313,11072905000.0,2021-03-30 07:01:21.402,2021-03-30 06:46:47.305
2021-03-30 08:00:00,0.85311,0.8545,0.85231,0.85442,16136491000.0,2021-03-30 11:59:33.812,2021-03-30 08:46:47.207
2021-03-30 12:00:00,0.85444,0.85564,0.85315,0.85399,23765505000.0,2021-03-30 14:58:16.946,2021-03-30 13:15:38.752
2021-03-30 16:00:00,0.85401,0.85451,0.85358,0.85386,9568084000.0,2021-03-30 16:25:08.799,2021-03-30 19:48:01.091
2021-03-30 20:00:00,0.85385,0.85396,0.85235,0.85283,3605996000.0,2021-03-30 20:02:00.598,2021-03-30 21:13:12.266
2021-03-31 00:00:00,0.85284,0.85322,0.85247,0.85282,6843986000.0,2021-03-31 00:51:37.628,2021-03-31 02:04:41.365
2021-03-31 04:00:00,0.85283,0.85372,0.85243,0.85368,12972441000.0,2021-03-31 07:59:47.856,2021-03-31 06:34:29.233
2021-03-31 08:00:00,0.85365,0.85373,0.85067,0.85196,16754719000.0,2021-03-31 08:01:22.274,2021-03-31 10:15:23.920
2021-03-31 12:00:00,0.85195,0.85233,0.85056,0.85125,26504805000.0,2021-03-31 12:15:09.749,2021-03-31 14:21:45.403
2021-03-31 16:00:00,0.85126,0.85146,0.85027,0.85068,12079699000.0,2021-03-31 17:00:00.572,2021-03-31 19:51:31.143
2021-03-31 20:00:00,0.85067,0.85112,0.85032,0.85064,5018180000.0,2021-03-31 21:21:50.117,2021-03-31 21:05:00.472
2021-04-01 00:00:00,0.85063,0.85122,0.85027,0.85069,5596197000.0,2021-04-01 00:54:55.583,2021-04-01 02:33:01.843
2021-04-01 04:00:00,0.85071,0.853,0.85068,0.85167,11465764000.0,2021-04-01 07:04:38.556,2021-04-01 04:39:06.285
2021-04-01 08:00:00,0.85168,0.85332,0.85079,0.85165,16752324000.0,2021-04-01 10:15:22.567,2021-04-01 08:08:20.347
2021-04-01 12:00:00,0.85166,0.85243,0.84927,0.85151,23466233000.0,2021-04-01 12:29:00.031,2021-04-01 14:09:12.604
2021-04-01 16:00:00,0.85152,0.85204,0.85079,0.85126,7444294000.0,2021-04-01 17:03:54.246,2021-04-01 16:14:10.472
2021-04-01 20:00:00,0.85124,0.8515,0.85086,0.8513,1994853000.0,2021-04-01 23:05:15.512,2021-04-01 21:15:21.064
2021-04-02 00:00:00,0.85131,0.8514,0.85033,0.85075,4002750000.0,2021-04-02 00:00:12.570,2021-04-02 00:54:23.867
2021-04-02 04:00:00,0.85076,0.8512,0.85032,0.85106,3398841000.0,2021-04-02 07:31:03.065,2021-04-02 05:22:16.966
2021-04-02 08:00:00,0.85107,0.852,0.85071,0.85124,3873786000.0,2021-04-02 09:35:31.959,2021-04-02 08:07:10.610
2021-04-02 12:00:00,0.85125,0.85172,0.85005,0.85084,11268171000.0,2021-04-02 12:30:11.033,2021-04-02 15:29:22.261
2021-04-02 16:00:00,0.85085,0.85113,0.84972,0.84997,21902406000.0,2021-04-02 19:15:10.401,2021-04-02 19:38:49.696
2021-04-02 20:00:00,0.84995,0.85087,0.84988,0.8503,284650000.0,2021-04-02 20:14:25.760,2021-04-02 20:03:17.761
2021-04-04 20:00:00,0.85027,0.8511,0.84998,0.8508,4161046000.0,2021-04-04 23:29:52.281,2021-04-04 21:25:56.082
2021-04-05 00:00:00,0.85079,0.85093,0.85031,0.8506,4379800000.0,2021-04-05 00:32:27.080,2021-04-05 01:49:37.392
2021-04-05 04:00:00,0.85061,0.85072,0.8486,0.84861,5208898000.0,2021-04-05 04:19:33.663,2021-04-05 07:59:55.863
2021-04-05 08:00:00,0.84862,0.84869,0.84718,0.84813,8773950000.0,2021-04-05 08:02:54.267,2021-04-05 10:31:06.468
2021-04-05 12:00:00,0.84811,0.84988,0.84787,0.84924,17510829000.0,2021-04-05 14:33:19.968,2021-04-05 12:01:16.201
2021-04-05 16:00:00,0.84923,0.85005,0.84923,0.84956,4993322000.0,2021-04-05 16:23:40.492,2021-04-05 16:00:00.147
2021-04-05 20:00:00,0.84955,0.84955,0.84904,0.84934,2480960000.0,2021-04-05 20:00:00.554,2021-04-05 22:57:45.826
2021-04-06 00:00:00,0.84933,0.84992,0.84933,0.84954,5771624000.0,2021-04-06 02:41:59.759,2021-04-06 00:00:00.118
2021-04-06 04:00:00,0.84955,0.85198,0.84857,0.85157,11255634000.0,2021-04-06 07:58:55.937,2021-04-06 05:53:46.179
2021-04-06 08:00:00,0.85156,0.85454,0.85148,0.85389,13971911000.0,2021-04-06 09:30:42.138,2021-04-06 08:01:35.091
2021-04-06 12:00:00,0.85388,0.85585,0.8532,0.85575,20472191000.0,2021-04-06 15:56:37.669,2021-04-06 12:22:40.346
2021-04-06 16:00:00,0.85576,0.85888,0.85572,0.85856,9107321000.0,2021-04-06 18:38:30.401,2021-04-06 16:00:26.439
2021-04-06 20:00:00,0.85855,0.85908,0.85835,0.85849,3424662000.0,2021-04-06 20:58:36.321,2021-04-06 20:07:59.235
2021-04-07 00:00:00,0.8585,0.85885,0.85819,0.85833,5983381000.0,2021-04-07 02:12:38.525,2021-04-07 01:07:02.289
2021-04-07 04:00:00,0.85834,0.86242,0.85819,0.86034,14282197000.0,2021-04-07 06:33:15.897,2021-04-07 04:33:06.681
2021-04-07 08:00:00,0.86035,0.8612,0.85855,0.86063,17240370000.0,2021-04-07 11:06:55.073,2021-04-07 08:35:02.772
2021-04-07 12:00:00,0.86064,0.86632,0.86055,0.86429,24454174000.0,2021-04-07 13:53:01.999,2021-04-07 12:02:48.984
2021-04-07 16:00:00,0.86427,0.86514,0.86376,0.86454,9789935000.0,2021-04-07 16:30:35.687,2021-04-07 19:08:48.074
2021-04-07 20:00:00,0.86455,0.86471,0.86373,0.86392,2555857000.0,2021-04-07 20:00:27.352,2021-04-07 21:04:01.485
2021-04-08 00:00:00,0.86393,0.86411,0.8628,0.86293,3851640000.0,2021-04-08 00:02:23.274,2021-04-08 03:17:39.514
2021-04-08 04:00:00,0.86292,0.86382,0.86213,0.86336,9497004000.0,2021-04-08 07:59:35.765,2021-04-08 06:24:13.703
2021-04-08 08:00:00,0.86335,0.86574,0.8627,0.86293,14194480000.0,2021-04-08 08:58:54.932,2021-04-08 10:15:52.533
2021-04-08 12:00:00,0.86295,0.8669,0.86269,0.86648,22801433000.0,2021-04-08 15:07:05.796,2021-04-08 12:15:13.553
2021-04-08 16:00:00,0.86649,0.86811,0.86628,0.86766,9449426000.0,2021-04-08 18:05:32.311,2021-04-08 16:05:16.888
2021-04-08 20:00:00,0.86765,0.86802,0.86729,0.86758,2968840000.0,2021-04-08 21:05:27.192,2021-04-08 20:40:23.124
2021-04-09 00:00:00,0.86757,0.86759,0.86651,0.86672,4117377000.0,2021-04-09 00:00:04.139,2021-04-09 02:00:10.288
2021-04-09 04:00:00,0.86673,0.86972,0.86668,0.86827,12895362000.0,2021-04-09 07:07:04.347,2021-04-09 04:30:23.437
2021-04-09 08:00:00,0.86825,0.86861,0.86599,0.86694,14072601000.0,2021-04-09 08:14:28.578,2021-04-09 11:04:01.960
2021-04-09 12:00:00,0.86696,0.86703,0.86465,0.86635,25257495000.0,2021-04-09 12:02:59.135,2021-04-09 13:35:23.515
2021-04-09 16:00:00,0.86634,0.86816,0.86611,0.86815,7719191000.0,2021-04-09 19:59:50.277,2021-04-09 16:06:22.029
2021-04-09 20:00:00,0.86816,0.86851,0.86803,0.86846,949304000.0,2021-04-09 20:51:50.099,2021-04-09 20:39:14.989
2021-04-11 20:00:00,0.86654,0.86825,0.86654,0.86781,1824726000.0,2021-04-11 22:03:01.590,2021-04-11 21:05:00.696
2021-04-12 00:00:00,0.8678,0.8689,0.8677,0.86872,6325434000.0,2021-04-12 02:16:11.057,2021-04-12 00:00:26.666
2021-04-12 04:00:00,0.86871,0.86951,0.86456,0.8649,12740686000.0,2021-04-12 05:07:02.701,2021-04-12 07:57:21.726
2021-04-12 08:00:00,0.86489,0.86672,0.86397,0.86512,14245516000.0,2021-04-12 10:00:00.510,2021-04-12 08:10:53.880
2021-04-12 12:00:00,0.86511,0.86713,0.86491,0.86656,16809040000.0,2021-04-12 14:32:35.414,2021-04-12 12:07:33.760
2021-04-12 16:00:00,0.86655,0.86716,0.86609,0.86679,8211346000.0,2021-04-12 18:06:20.839,2021-04-12 18:56:02.969
2021-04-12 20:00:00,0.8668,0.86696,0.86596,0.86605,2628230000.0,2021-04-12 22:10:01.107,2021-04-12 21:18:01.388
2021-04-13 00:00:00,0.86606,0.86659,0.86571,0.86591,5799920000.0,2021-04-13 01:25:06.050,2021-04-13 03:04:08.161
2021-04-13 04:00:00,0.86592,0.86601,0.86424,0.86567,8831427000.0,2021-04-13 05:00:13.996,2021-04-13 07:27:53.212
2021-04-13 08:00:00,0.86566,0.86689,0.86406,0.86679,12736462000.0,2021-04-13 11:51:53.193,2021-04-13 09:59:23.135
2021-04-13 12:00:00,0.86681,0.87118,0.86588,0.86878,25040871000.0,2021-04-13 13:09:30.809,2021-04-13 12:30:04.023
2021-04-13 16:00:00,0.86876,0.86901,0.86851,0.86894,8302193000.0,2021-04-13 17:59:39.980,2021-04-13 19:51:12.445
2021-04-13 20:00:00,0.86892,0.86904,0.86863,0.86878,2601800000.0,2021-04-13 22:22:57.345,2021-04-13 21:05:27.503
2021-04-14 00:00:00,0.86879,0.86937,0.86846,0.86849,7289434000.0,2021-04-14 01:38:54.115,2021-04-14 02:34:17.354
2021-04-14 04:00:00,0.8685,0.86886,0.86691,0.86749,14880415000.0,2021-04-14 05:01:26.716,2021-04-14 07:46:04.383
2021-04-14 08:00:00,0.86748,0.8695,0.86688,0.8694,15643929000.0,2021-04-14 11:58:49.191,2021-04-14 08:39:53.028
2021-04-14 12:00:00,0.86941,0.86983,0.86739,0.86839,19327538000.0,2021-04-14 12:59:36.091,2021-04-14 13:42:11.160
2021-04-14 16:00:00,0.86838,0.86917,0.86831,0.86901,8481313000.0,2021-04-14 19:59:37.488,2021-04-14 16:10:51.265
2021-04-14 20:00:00,0.86903,0.86974,0.8688,0.86971,3661889000.0,2021-04-14 20:54:06.702,2021-04-14 21:24:54.469
2021-04-15 00:00:00,0.86972,0.86972,0.86904,0.86942,6439758000.0,2021-04-15 00:00:03.689,2021-04-15 01:17:26.871
2021-04-15 04:00:00,0.86943,0.86971,0.86844,0.86857,9263143000.0,2021-04-15 06:02:55.533,2021-04-15 07:55:05.802
2021-04-15 08:00:00,0.86855,0.86973,0.86766,0.86801,14490482000.0,2021-04-15 09:00:58.963,2021-04-15 09:34:21.616
2021-04-15 12:00:00,0.86802,0.86944,0.86701,0.86813,23169173000.0,2021-04-15 13:42:20.282,2021-04-15 12:50:41.685
2021-04-15 16:00:00,0.86814,0.86866,0.86775,0.86845,8095557000.0,2021-04-15 16:36:26.484,2021-04-15 17:38:08.840
2021-04-15 20:00:00,0.86843,0.8686,0.86764,0.86838,3294665000.0,2021-04-15 20:26:38.398,2021-04-15 21:11:45.249
2021-04-16 00:00:00,0.86836,0.86928,0.86833,0.86906,5837635000.0,2021-04-16 01:53:51.502,2021-04-16 01:04:29.002
2021-04-16 04:00:00,0.86907,0.8719,0.86897,0.87149,8967375000.0,2021-04-16 06:58:48.430,2021-04-16 04:59:08.665
2021-04-16 08:00:00,0.87148,0.87191,0.86802,0.86827,17283875000.0,2021-04-16 08:25:24.364,2021-04-16 11:59:30.362
2021-04-16 12:00:00,0.86824,0.86903,0.86617,0.86647,18556851000.0,2021-04-16 13:20:59.517,2021-04-16 15:47:41.728
2021-04-16 16:00:00,0.86646,0.86691,0.86558,0.86575,7819550000.0,2021-04-16 16:25:24.882,2021-04-16 18:35:27.214
2021-04-16 20:00:00,0.86576,0.86599,0.86555,0.86559,799800000.0,2021-04-16 20:02:02.203,2021-04-16 20:54:59.625
2021-04-18 20:00:00,0.86511,0.86627,0.86505,0.86616,2167748000.0,2021-04-18 23:56:15.286,2021-04-18 21:08:07.474
2021-04-19 00:00:00,0.86617,0.86617,0.86381,0.86428,6221616000.0,2021-04-19 00:00:00.356,2021-04-19 03:25:04.203
2021-04-19 04:00:00,0.8643,0.86635,0.86298,0.86617,13899928000.0,2021-04-19 07:58:11.525,2021-04-19 04:52:17.945
2021-04-19 08:00:00,0.86616,0.86722,0.86377,0.86419,23762664000.0,2021-04-19 09:14:01.700,2021-04-19 11:58:27.332
2021-04-19 12:00:00,0.86418,0.86436,0.85886,0.86056,30262142000.0,2021-04-19 12:01:41.072,2021-04-19 14:57:31.975
2021-04-19 16:00:00,0.86057,0.86091,0.86021,0.86055,7378791000.0,2021-04-19 16:08:23.376,2021-04-19 18:28:32.149
2021-04-19 20:00:00,0.86056,0.86083,0.86005,0.86065,2624231000.0,2021-04-19 23:50:45.018,2021-04-19 21:30:05.171
2021-04-20 00:00:00,0.86066,0.86193,0.86052,0.86178,6688679000.0,2021-04-20 03:39:35.036,2021-04-20 00:00:59.062
2021-04-20 04:00:00,0.86177,0.86285,0.86097,0.86281,14121780000.0,2021-04-20 07:51:56.329,2021-04-20 06:06:45.098
2021-04-20 08:00:00,0.86282,0.86338,0.86177,0.86274,17020001000.0,2021-04-20 09:00:26.789,2021-04-20 08:28:54.347
2021-04-20 12:00:00,0.86273,0.86432,0.862,0.86309,18907612000.0,2021-04-20 15:04:28.400,2021-04-20 13:00:47.786
2021-04-20 16:00:00,0.8631,0.86372,0.86235,0.86346,8849401000.0,2021-04-20 19:01:42.551,2021-04-20 16:41:12.699
2021-04-20 20:00:00,0.86347,0.86366,0.8628,0.86325,3149051000.0,2021-04-20 20:49:41.199,2021-04-20 21:13:46.637
2021-04-21 00:00:00,0.86326,0.86388,0.86307,0.86372,6691155000.0,2021-04-21 03:00:15.190,2021-04-21 01:48:08.934
2021-04-21 04:00:00,0.86373,0.86416,0.86179,0.86188,10242620000.0,2021-04-21 05:08:26.337,2021-04-21 07:57:30.492
2021-04-21 08:00:00,0.86187,0.86265,0.86127,0.86249,11446876000.0,2021-04-21 11:57:39.280,2021-04-21 08:22:44.361
2021-04-21 12:00:00,0.86248,0.86443,0.86223,0.86351,18155741000.0,2021-04-21 13:52:39.773,2021-04-21 12:01:32.265
2021-04-21 16:00:00,0.86352,0.86407,0.86312,0.86399,8056304000.0,2021-04-21 16:55:00.068,2021-04-21 17:55:18.282
2021-04-21 20:00:00,0.864,0.86426,0.86316,0.86402,2269203000.0,2021-04-21 20:01:59.111,2021-04-21 21:18:24.413
2021-04-22 00:00:00,0.86403,0.8641,0.86344,0.86358,5506277000.0,2021-04-22 00:02:06.392,2021-04-22 03:04:44.361
2021-04-22 04:00:00,0.86359,0.86492,0.86345,0.86483,8227553000.0,2021-04-22 07:59:33.978,2021-04-22 06:09:58.932
2021-04-22 08:00:00,0.86482,0.8671,0.86465,0.86684,13883724000.0,2021-04-22 11:36:34.560,2021-04-22 08:54:36.962
2021-04-22 12:00:00,0.86683,0.87023,0.86683,0.86727,26229304000.0,2021-04-22 13:01:27.476,2021-04-22 12:00:00.142
2021-04-22 16:00:00,0.86728,0.8683,0.86673,0.86819,14115649000.0,2021-04-22 17:42:47.714,2021-04-22 16:42:26.004
2021-04-22 20:00:00,0.8682,0.86842,0.86777,0.86814,2773604000.0,2021-04-22 22:32:04.029,2021-04-22 21:26:31.645
2021-04-23 00:00:00,0.86815,0.8683,0.86721,0.86743,6516791000.0,2021-04-23 00:45:47.622,2021-04-23 03:16:06.935
2021-04-23 04:00:00,0.86744,0.86855,0.86717,0.86788,10647685000.0,2021-04-23 07:06:05.120,2021-04-23 04:16:06.469
2021-04-23 08:00:00,0.8679,0.86984,0.86783,0.86833,12913736000.0,2021-04-23 08:37:34.873,2021-04-23 08:00:13.480
2021-04-23 12:00:00,0.86832,0.87173,0.86832,0.87173,18868757000.0,2021-04-23 15:59:57.283,2021-04-23 12:00:00.388
2021-04-23 16:00:00,0.87172,0.87176,0.87094,0.87137,7048648000.0,2021-04-23 16:03:01.803,2021-04-23 19:32:47.203
2021-04-23 20:00:00,0.87138,0.87171,0.87114,0.87128,1555046000.0,2021-04-23 20:05:28.274,2021-04-23 20:48:35.096
2021-04-25 20:00:00,0.87088,0.87193,0.8708,0.87191,1763415000.0,2021-04-25 23:59:27.844,2021-04-25 21:10:45.844
2021-04-26 00:00:00,0.87192,0.87193,0.87102,0.87116,6683017000.0,2021-04-26 00:00:00.182,2021-04-26 03:03:35.129
2021-04-26 04:00:00,0.87117,0.87158,0.86833,0.86872,11312135000.0,2021-04-26 06:11:00.422,2021-04-26 07:36:04.944
2021-04-26 08:00:00,0.86873,0.87064,0.86824,0.86986,15876480000.0,2021-04-26 08:54:06.868,2021-04-26 08:03:23.195
2021-04-26 12:00:00,0.86985,0.87112,0.86862,0.86989,18957113000.0,2021-04-26 12:47:59.210,2021-04-26 14:04:26.138
2021-04-26 16:00:00,0.86988,0.87066,0.86904,0.86932,7546203000.0,2021-04-26 16:41:23.308,2021-04-26 19:56:49.937
2021-04-26 20:00:00,0.86931,0.86969,0.86887,0.86932,3795850000.0,2021-04-26 20:41:48.185,2021-04-26 21:04:01.867
2021-04-27 00:00:00,0.86931,0.86977,0.86908,0.86946,4311444000.0,2021-04-27 02:42:01.969,2021-04-27 00:31:00.040
2021-04-27 04:00:00,0.86947,0.87007,0.86841,0.86918,7407303000.0,2021-04-27 07:32:06.763,2021-04-27 07:05:12.125
2021-04-27 08:00:00,0.8692,0.8701,0.86785,0.86918,13429711000.0,2021-04-27 08:59:22.424,2021-04-27 10:48:08.037
2021-04-27 12:00:00,0.86919,0.86975,0.86739,0.86844,17981132000.0,2021-04-27 13:09:07.622,2021-04-27 15:32:38.795
2021-04-27 16:00:00,0.86843,0.86954,0.86771,0.86935,8868405000.0,2021-04-27 19:00:56.132,2021-04-27 16:49:35.190
2021-04-27 20:00:00,0.86934,0.86972,0.86865,0.86951,4556867000.0,2021-04-27 22:14:18.442,2021-04-27 21:10:14.415
2021-04-28 00:00:00,0.8695,0.87051,0.8692,0.87035,5744564000.0,2021-04-28 03:16:22.393,2021-04-28 00:09:44.811
2021-04-28 04:00:00,0.87034,0.87037,0.86899,0.87023,7920980000.0,2021-04-28 04:00:24.904,2021-04-28 06:25:31.921
2021-04-28 08:00:00,0.87022,0.87073,0.86859,0.86987,12928149000.0,2021-04-28 11:05:11.765,2021-04-28 10:10:52.721
2021-04-28 12:00:00,0.86988,0.8706,0.86854,0.86937,20597246000.0,2021-04-28 12:55:25.886,2021-04-28 14:01:05.123
2021-04-28 16:00:00,0.86938,0.86987,0.86859,0.86976,15983821000.0,2021-04-28 18:45:48.250,2021-04-28 18:00:33.771
2021-04-28 20:00:00,0.86975,0.86997,0.86925,0.86963,3717844000.0,2021-04-28 21:55:12.098,2021-04-28 21:07:28.812
2021-04-29 00:00:00,0.86962,0.87011,0.86911,0.8696,6428533000.0,2021-04-29 02:18:04.072,2021-04-29 01:07:27.420
2021-04-29 04:00:00,0.86958,0.86979,0.86748,0.8677,11099324000.0,2021-04-29 04:09:52.803,2021-04-29 07:50:42.029
2021-04-29 08:00:00,0.86768,0.87016,0.86756,0.86953,14293103000.0,2021-04-29 11:47:32.007,2021-04-29 08:03:53.752
2021-04-29 12:00:00,0.86954,0.86958,0.86742,0.86784,23561168000.0,2021-04-29 12:00:00.416,2021-04-29 13:51:53.622
2021-04-29 16:00:00,0.86783,0.86969,0.86783,0.86942,9233230000.0,2021-04-29 19:49:18.392,2021-04-29 16:00:00.126
2021-04-29 20:00:00,0.86943,0.8697,0.8682,0.8691,2745069000.0,2021-04-29 20:15:46.368,2021-04-29 21:04:01.670
2021-04-30 00:00:00,0.86912,0.86939,0.86853,0.86885,5018661000.0,2021-04-30 00:10:46.810,2021-04-30 01:39:49.425
2021-04-30 04:00:00,0.86886,0.87031,0.86844,0.8697,7674722000.0,2021-04-30 07:21:08.530,2021-04-30 06:46:01.107
2021-04-30 08:00:00,0.86971,0.87019,0.86817,0.86871,13789474000.0,2021-04-30 08:06:13.899,2021-04-30 11:17:23.069
2021-04-30 12:00:00,0.86872,0.87176,0.86843,0.86944,31409620000.0,2021-04-30 13:02:27.847,2021-04-30 12:12:47.678
2021-04-30 16:00:00,0.86945,0.87089,0.86941,0.8705,11815152000.0,2021-04-30 18:02:05.624,2021-04-30 16:00:05.933
2021-04-30 20:00:00,0.87051,0.87059,0.86989,0.87012,2622502000.0,2021-04-30 20:00:19.833,2021-04-30 20:14:35.480
2021-05-02 20:00:00,0.87071,0.87077,0.86968,0.87034,1302171000.0,2021-05-02 21:05:13.409,2021-05-02 22:00:03.408
2021-05-03 00:00:00,0.87029,0.87039,0.86948,0.86956,3081692000.0,2021-05-03 00:08:25.620,2021-05-03 03:36:47.667
2021-05-03 04:00:00,0.86957,0.87096,0.86938,0.86953,10012145000.0,2021-05-03 07:02:30.178,2021-05-03 07:20:23.727
2021-05-03 08:00:00,0.86951,0.87024,0.86834,0.8684,13983899000.0,2021-05-03 10:28:20.931,2021-05-03 11:59:58.365
2021-05-03 12:00:00,0.86841,0.86859,0.86662,0.8668,22678723000.0,2021-05-03 12:44:07.831,2021-05-03 14:08:02.076
2021-05-03 16:00:00,0.86679,0.86753,0.86646,0.86743,6680391000.0,2021-05-03 19:56:11.931,2021-05-03 17:01:53.737
2021-05-03 20:00:00,0.86742,0.86749,0.86655,0.86731,3631954000.0,2021-05-03 20:02:06.626,2021-05-03 21:27:42.808
2021-05-04 00:00:00,0.86732,0.86784,0.86705,0.86746,5512415000.0,2021-05-04 01:42:09.441,2021-05-04 00:47:54.464
2021-05-04 04:00:00,0.86745,0.86782,0.86626,0.86644,9286113000.0,2021-05-04 04:37:55.423,2021-05-04 06:52:28.133
2021-05-04 08:00:00,0.86643,0.86704,0.86471,0.86699,14790943000.0,2021-05-04 11:58:55.259,2021-05-04 10:27:01.949
2021-05-04 12:00:00,0.867,0.86893,0.86568,0.86607,28619706000.0,2021-05-04 12:51:26.170,2021-05-04 15:12:36.711
2021-05-04 16:00:00,0.86608,0.86611,0.86456,0.86502,11204816000.0,2021-05-04 16:00:14.195,2021-05-04 19:02:10.154
2021-05-04 20:00:00,0.86503,0.86542,0.86458,0.86509,2469026000.0,2021-05-04 20:39:38.417,2021-05-04 21:04:01.603
2021-05-05 00:00:00,0.86508,0.86511,0.86413,0.86432,3479986000.0,2021-05-05 00:22:24.064,2021-05-05 02:14:03.573
2021-05-05 04:00:00,0.86431,0.86465,0.86252,0.86309,9875602000.0,2021-05-05 05:29:13.105,2021-05-05 07:15:43.397
2021-05-05 08:00:00,0.86308,0.8643,0.86263,0.86355,13210483000.0,2021-05-05 09:12:15.339,2021-05-05 10:25:11.566
2021-05-05 12:00:00,0.86354,0.86372,0.86237,0.8627,17766570000.0,2021-05-05 13:50:32.791,2021-05-05 15:47:04.918
2021-05-05 16:00:00,0.86268,0.86325,0.86234,0.86291,8483921000.0,2021-05-05 19:40:31.522,2021-05-05 16:08:17.597
2021-05-05 20:00:00,0.8629,0.86343,0.86207,0.86326,3280435000.0,2021-05-05 23:08:58.090,2021-05-05 21:04:01.755
2021-05-06 00:00:00,0.86327,0.86392,0.8629,0.8635,4394878000.0,2021-05-06 02:41:33.345,2021-05-06 00:19:35.956
2021-05-06 04:00:00,0.86351,0.86508,0.8632,0.86487,9016737000.0,2021-05-06 07:52:06.935,2021-05-06 06:10:41.549
2021-05-06 08:00:00,0.86488,0.86882,0.86382,0.86596,17217362000.0,2021-05-06 11:02:14.658,2021-05-06 11:10:39.007
2021-05-06 12:00:00,0.86597,0.86986,0.86558,0.86812,20023758000.0,2021-05-06 14:19:35.792,2021-05-06 12:00:44.148
2021-05-06 16:00:00,0.8681,0.8683,0.86732,0.86791,8827072000.0,2021-05-06 18:44:31.726,2021-05-06 16:30:09.451
2021-05-06 20:00:00,0.8679,0.86846,0.86681,0.86825,2652207000.0,2021-05-06 20:51:30.887,2021-05-06 21:04:01.977
2021-05-07 00:00:00,0.86824,0.86857,0.86741,0.86756,5651742000.0,2021-05-07 00:41:45.622,2021-05-07 03:54:08.052
2021-05-07 04:00:00,0.86755,0.86795,0.86653,0.86741,9738441000.0,2021-05-07 07:16:07.149,2021-05-07 07:09:47.336
2021-05-07 08:00:00,0.8674,0.8689,0.867,0.86801,11281531000.0,2021-05-07 11:38:48.208,2021-05-07 08:23:01.494
2021-05-07 12:00:00,0.86798,0.87004,0.86741,0.86892,45329857000.0,2021-05-07 12:43:44.968,2021-05-07 12:30:02.981
2021-05-07 16:00:00,0.86891,0.86954,0.86868,0.86896,12223674000.0,2021-05-07 17:29:00.701,2021-05-07 16:17:31.619
2021-05-07 20:00:00,0.86895,0.86949,0.86861,0.86935,2216000000.0,2021-05-07 20:53:21.878,2021-05-07 20:09:33.475
2021-05-09 20:00:00,0.86777,0.86916,0.86675,0.86677,3122464000.0,2021-05-09 21:11:41.858,2021-05-09 23:59:38.165
2021-05-10 00:00:00,0.86676,0.86716,0.86609,0.86691,6534156000.0,2021-05-10 00:06:21.763,2021-05-10 01:29:57.079
2021-05-10 04:00:00,0.8669,0.86721,0.86275,0.86301,12999475000.0,2021-05-10 04:20:32.030,2021-05-10 07:58:12.414
2021-05-10 08:00:00,0.86302,0.864,0.86136,0.86202,17406560000.0,2021-05-10 08:57:57.926,2021-05-10 11:38:56.922
2021-05-10 12:00:00,0.86199,0.86224,0.85932,0.85993,23678338000.0,2021-05-10 12:02:09.235,2021-05-10 14:57:59.592
2021-05-10 16:00:00,0.85992,0.86063,0.85881,0.85906,10634414000.0,2021-05-10 16:21:08.515,2021-05-10 18:42:05.174
2021-05-10 20:00:00,0.85907,0.85935,0.85874,0.85913,4386294000.0,2021-05-10 23:45:00.610,2021-05-10 21:04:01.991
2021-05-11 00:00:00,0.85912,0.85984,0.85884,0.8597,5984391000.0,2021-05-11 03:07:01.886,2021-05-11 00:12:49.783
2021-05-11 04:00:00,0.85969,0.86001,0.85869,0.85959,12473254000.0,2021-05-11 06:26:28.331,2021-05-11 07:14:57.918
2021-05-11 08:00:00,0.85958,0.86134,0.85952,0.86019,13257184000.0,2021-05-11 08:51:14.359,2021-05-11 08:00:05.093
2021-05-11 12:00:00,0.8602,0.86096,0.85942,0.86009,26519698000.0,2021-05-11 14:17:43.671,2021-05-11 12:47:48.669
2021-05-11 16:00:00,0.86008,0.86011,0.8582,0.859,12497937000.0,2021-05-11 16:00:14.463,2021-05-11 18:58:39.929
2021-05-11 20:00:00,0.85901,0.85925,0.85833,0.85911,5208405000.0,2021-05-11 23:48:53.144,2021-05-11 21:08:24.088
2021-05-12 00:00:00,0.8591,0.85973,0.85869,0.85878,6054182000.0,2021-05-12 01:36:46.945,2021-05-12 03:55:02.177
2021-05-12 04:00:00,0.85877,0.85888,0.85799,0.85838,8154195000.0,2021-05-12 05:56:39.599,2021-05-12 07:04:01.352
2021-05-12 08:00:00,0.85837,0.85879,0.85712,0.85759,11946894000.0,2021-05-12 09:21:46.366,2021-05-12 11:01:37.311
2021-05-12 12:00:00,0.85761,0.85907,0.85606,0.85739,41361924000.0,2021-05-12 12:54:48.468,2021-05-12 15:11:50.389
2021-05-12 16:00:00,0.8574,0.85944,0.85732,0.85886,13384916000.0,2021-05-12 19:24:58.599,2021-05-12 16:00:07.517
2021-05-12 20:00:00,0.85884,0.85924,0.85819,0.85883,3993752000.0,2021-05-12 20:28:43.951,2021-05-12 21:10:07.050
2021-05-13 00:00:00,0.85884,0.85918,0.85861,0.8588,5930707000.0,2021-05-13 00:08:41.060,2021-05-13 01:43:35.137
2021-05-13 04:00:00,0.85881,0.86116,0.85843,0.86021,14195466000.0,2021-05-13 06:18:51.858,2021-05-13 04:18:32.324
2021-05-13 08:00:00,0.86019,0.86121,0.85919,0.86107,15673153000.0,2021-05-13 10:26:27.505,2021-05-13 08:54:13.104
2021-05-13 12:00:00,0.86109,0.86171,0.85948,0.86015,21715591000.0,2021-05-13 13:25:33.726,2021-05-13 15:19:30.827
2021-05-13 16:00:00,0.86016,0.86095,0.8598,0.8599,10858389000.0,2021-05-13 16:27:46.022,2021-05-13 19:25:53.683
2021-05-13 20:00:00,0.85989,0.86003,0.85905,0.85977,2495424000.0,2021-05-13 20:08:08.986,2021-05-13 21:04:01.312
2021-05-14 00:00:00,0.85975,0.86061,0.85962,0.86042,4104502000.0,2021-05-14 03:38:31.635,2021-05-14 01:00:31.407
2021-05-14 04:00:00,0.86041,0.86178,0.86021,0.86144,9113044000.0,2021-05-14 07:46:29.067,2021-05-14 04:13:22.480
2021-05-14 08:00:00,0.86146,0.86271,0.86026,0.86091,13930199000.0,2021-05-14 08:48:49.905,2021-05-14 10:54:51.410
2021-05-14 12:00:00,0.86092,0.86198,0.86052,0.86127,21302842000.0,2021-05-14 14:20:12.535,2021-05-14 12:30:56.983
2021-05-14 16:00:00,0.86128,0.86163,0.86085,0.86142,8206869000.0,2021-05-14 16:37:12.239,2021-05-14 18:12:16.355
2021-05-14 20:00:00,0.86141,0.86171,0.86123,0.86133,2465498000.0,2021-05-14 20:37:30.542,2021-05-14 20:02:27.767
2021-05-16 20:00:00,0.86007,0.86168,0.86006,0.86161,1622948000.0,2021-05-16 23:01:38.191,2021-05-16 21:05:03.186
2021-05-17 00:00:00,0.86162,0.86171,0.86109,0.86122,4549897000.0,2021-05-17 00:13:37.762,2021-05-17 00:54:45.670
2021-05-17 04:00:00,0.86124,0.86155,0.86008,0.86098,9776971000.0,2021-05-17 07:53:05.618,2021-05-17 07:08:27.753
2021-05-17 08:00:00,0.86096,0.86315,0.8605,0.86197,14047287000.0,2021-05-17 11:00:18.061,2021-05-17 08:00:26.339
2021-05-17 12:00:00,0.86198,0.86236,0.85998,0.86041,18999826000.0,2021-05-17 12:17:44.101,2021-05-17 15:38:18.529
2021-05-17 16:00:00,0.86042,0.86054,0.8595,0.85967,6828353000.0,2021-05-17 16:09:37.178,2021-05-17 17:46:59.433
2021-05-17 20:00:00,0.85969,0.85978,0.85907,0.85924,1990851000.0,2021-05-17 20:14:26.331,2021-05-17 21:04:02.004
2021-05-18 00:00:00,0.8592,0.85929,0.85821,0.85828,7433937000.0,2021-05-18 00:02:01.746,2021-05-18 03:54:32.208
2021-05-18 04:00:00,0.85829,0.85962,0.85817,0.85924,10878932000.0,2021-05-18 07:56:05.956,2021-05-18 04:49:02.256
2021-05-18 08:00:00,0.85923,0.86072,0.859,0.86018,14843440000.0,2021-05-18 11:09:36.019,2021-05-18 08:02:24.332
2021-05-18 12:00:00,0.86019,0.86092,0.85922,0.86029,21662039000.0,2021-05-18 12:36:19.639,2021-05-18 14:51:58.686
2021-05-18 16:00:00,0.86028,0.86189,0.86019,0.86164,6018956000.0,2021-05-18 18:44:23.707,2021-05-18 16:00:40.829
2021-05-18 20:00:00,0.86163,0.86178,0.86095,0.86147,4091492000.0,2021-05-18 20:34:48.514,2021-05-18 21:04:01.379
2021-05-19 00:00:00,0.86146,0.86201,0.86122,0.86194,5457170000.0,2021-05-19 03:52:20.026,2021-05-19 00:55:01.432
2021-05-19 04:00:00,0.86193,0.86331,0.86139,0.86207,13136058000.0,2021-05-19 06:33:58.816,2021-05-19 07:34:55.455
2021-05-19 08:00:00,0.86206,0.86271,0.86095,0.86236,19434707000.0,2021-05-19 10:12:42.501,2021-05-19 08:49:53.871
2021-05-19 12:00:00,0.86235,0.86429,0.86209,0.8622,27692055000.0,2021-05-19 14:49:18.115,2021-05-19 12:00:26.993
2021-05-19 16:00:00,0.86219,0.86319,0.86189,0.86218,19348638000.0,2021-05-19 18:18:11.456,2021-05-19 18:05:57.559
2021-05-19 20:00:00,0.86214,0.8628,0.86167,0.86267,4094469000.0,2021-05-19 23:58:30.621,2021-05-19 21:12:49.836
2021-05-20 00:00:00,0.86266,0.8634,0.86258,0.86308,7217820000.0,2021-05-20 02:54:34.017,2021-05-20 00:44:44.165
2021-05-20 04:00:00,0.86309,0.86344,0.86242,0.86307,11286958000.0,2021-05-20 07:48:20.162,2021-05-20 07:05:09.985
2021-05-20 08:00:00,0.86308,0.8641,0.86264,0.86367,16269658000.0,2021-05-20 09:26:23.642,2021-05-20 09:55:39.584
2021-05-20 12:00:00,0.86368,0.86424,0.86184,0.86204,23487233000.0,2021-05-20 12:19:00.701,2021-05-20 15:51:37.788
2021-05-20 16:00:00,0.86203,0.86208,0.86117,0.86175,9508250000.0,2021-05-20 16:01:44.846,2021-05-20 19:13:54.038
2021-05-20 20:00:00,0.86174,0.86201,0.8611,0.86181,6620465000.0,2021-05-20 20:30:51.408,2021-05-20 21:07:00.069
2021-05-21 00:00:00,0.8618,0.86294,0.8617,0.86278,5944913000.0,2021-05-21 02:14:56.280,2021-05-21 00:00:12.038
2021-05-21 04:00:00,0.86279,0.86289,0.86131,0.86139,12192314000.0,2021-05-21 07:02:43.883,2021-05-21 07:46:28.001
2021-05-21 08:00:00,0.86137,0.86155,0.85878,0.85883,18949176000.0,2021-05-21 08:30:58.636,2021-05-21 11:59:54.867
2021-05-21 12:00:00,0.85885,0.86081,0.85832,0.86018,22240413000.0,2021-05-21 14:58:34.742,2021-05-21 12:12:56.337
2021-05-21 16:00:00,0.86017,0.86094,0.8598,0.8609,7248204000.0,2021-05-21 19:59:44.806,2021-05-21 17:02:21.060
2021-05-21 20:00:00,0.86089,0.86104,0.86058,0.8606,2647300000.0,2021-05-21 20:25:45.423,2021-05-21 20:50:00.105
2021-05-23 20:00:00,0.85923,0.86147,0.85923,0.86141,2650819000.0,2021-05-23 23:50:15.228,2021-05-23 21:05:00.364
2021-05-24 00:00:00,0.8614,0.86156,0.8608,0.86111,7914001000.0,2021-05-24 02:13:29.286,2021-05-24 03:21:33.189
2021-05-24 04:00:00,0.86112,0.8621,0.86075,0.86093,11890865000.0,2021-05-24 07:08:52.419,2021-05-24 04:41:34.523
2021-05-24 08:00:00,0.86091,0.86496,0.86079,0.86443,18648126000.0,2021-05-24 10:56:52.336,2021-05-24 08:01:02.352
2021-05-24 12:00:00,0.86444,0.86459,0.86269,0.86304,24062287000.0,2021-05-24 12:05:00.482,2021-05-24 15:35:32.606
2021-05-24 16:00:00,0.86305,0.86315,0.8625,0.86276,7104981000.0,2021-05-24 16:14:26.278,2021-05-24 18:45:51.947
2021-05-24 20:00:00,0.86275,0.86307,0.86258,0.86284,6337535000.0,2021-05-24 21:59:17.178,2021-05-24 21:25:09.728
2021-05-25 00:00:00,0.86283,0.86298,0.86212,0.86225,8922480000.0,2021-05-25 02:00:17.084,2021-05-25 03:47:44.901
2021-05-25 04:00:00,0.86224,0.86404,0.86187,0.86385,15313027000.0,2021-05-25 07:59:15.776,2021-05-25 06:31:03.713
2021-05-25 08:00:00,0.86384,0.86568,0.86354,0.86528,17970681000.0,2021-05-25 11:52:53.852,2021-05-25 08:22:31.086
2021-05-25 12:00:00,0.86527,0.86714,0.86517,0.86619,22015532000.0,2021-05-25 13:56:45.733,2021-05-25 12:05:36.300
2021-05-25 16:00:00,0.86618,0.86627,0.86495,0.86586,10051731000.0,2021-05-25 16:00:03.676,2021-05-25 17:40:51.859
2021-05-25 20:00:00,0.86584,0.86617,0.86511,0.86592,4987691000.0,2021-05-25 23:42:23.743,2021-05-25 21:18:04.007
2021-05-26 00:00:00,0.86593,0.86606,0.8652,0.86555,8686576000.0,2021-05-26 00:06:15.052,2021-05-26 03:00:37.263
2021-05-26 04:00:00,0.86554,0.86604,0.86478,0.86574,11635356000.0,2021-05-26 07:01:50.623,2021-05-26 06:32:13.291
2021-05-26 08:00:00,0.86573,0.8659,0.86297,0.86382,17539275000.0,2021-05-26 08:25:50.510,2021-05-26 11:13:39.760
2021-05-26 12:00:00,0.86381,0.86572,0.86305,0.86371,29647307000.0,2021-05-26 14:08:31.291,2021-05-26 12:10:39.288
2021-05-26 16:00:00,0.86372,0.86415,0.86289,0.86325,13037765000.0,2021-05-26 17:08:12.945,2021-05-26 18:22:34.817
2021-05-26 20:00:00,0.86326,0.86377,0.86292,0.86375,4830586000.0,2021-05-26 23:59:49.084,2021-05-26 21:04:52.172
2021-05-27 00:00:00,0.86376,0.86425,0.86359,0.86381,6151705000.0,2021-05-27 01:47:29.082,2021-05-27 01:09:48.207
2021-05-27 04:00:00,0.86382,0.86467,0.86337,0.86421,12177962000.0,2021-05-27 07:16:45.711,2021-05-27 07:41:37.193
2021-05-27 08:00:00,0.86422,0.86465,0.86041,0.86054,21978865000.0,2021-05-27 08:09:50.492,2021-05-27 11:58:43.022
2021-05-27 12:00:00,0.86053,0.86111,0.85948,0.86041,31157916000.0,2021-05-27 14:24:00.563,2021-05-27 15:37:36.569
2021-05-27 16:00:00,0.86042,0.86043,0.85819,0.85885,13288832000.0,2021-05-27 16:00:00.295,2021-05-27 18:26:46.234
2021-05-27 20:00:00,0.85886,0.85892,0.8578,0.85844,3555245000.0,2021-05-27 20:03:43.869,2021-05-27 21:14:58.852
2021-05-28 00:00:00,0.85845,0.85903,0.85828,0.85863,5673662000.0,2021-05-28 02:32:54.305,2021-05-28 00:02:56.752
2021-05-28 04:00:00,0.85865,0.85948,0.85804,0.85893,13426625000.0,2021-05-28 07:26:09.190,2021-05-28 07:03:24.131
2021-05-28 08:00:00,0.85894,0.85959,0.85829,0.85836,22496994000.0,2021-05-28 09:21:49.795,2021-05-28 11:55:29.020
2021-05-28 12:00:00,0.85837,0.86064,0.8575,0.85944,35196429000.0,2021-05-28 14:42:38.507,2021-05-28 12:15:52.111
2021-05-28 16:00:00,0.85945,0.85988,0.85925,0.85928,15529887000.0,2021-05-28 17:44:53.144,2021-05-28 19:59:54.575
2021-05-28 20:00:00,0.85926,0.8594,0.8589,0.85918,3648270000.0,2021-05-28 20:49:08.126,2021-05-28 20:41:29.524
2021-05-30 20:00:00,0.85947,0.85973,0.85864,0.85964,1324898000.0,2021-05-30 23:44:17.799,2021-05-30 22:00:03.963
2021-05-31 00:00:00,0.85966,0.85983,0.85907,0.85925,7020750000.0,2021-05-31 00:02:02.526,2021-05-31 02:28:17.103
2021-05-31 04:00:00,0.85924,0.86024,0.85917,0.85985,8865311000.0,2021-05-31 07:28:45.732,2021-05-31 04:44:33.644
2021-05-31 08:00:00,0.85984,0.86116,0.85953,0.86007,13996521000.0,2021-05-31 08:59:21.898,2021-05-31 10:10:57.269
2021-05-31 12:00:00,0.86008,0.86143,0.85997,0.86043,17743137000.0,2021-05-31 14:00:45.456,2021-05-31 14:58:47.297
2021-05-31 16:00:00,0.86045,0.86095,0.86032,0.86056,4806291000.0,2021-05-31 18:52:17.564,2021-05-31 16:09:31.063
2021-05-31 20:00:00,0.86057,0.86083,0.85975,0.85979,2623748000.0,2021-05-31 20:33:00.465,2021-05-31 20:59:00.918
2021-06-01 00:00:00,0.8598,0.85997,0.8585,0.85902,10137229000.0,2021-06-01 00:01:50.886,2021-06-01 01:14:31.650
2021-06-01 04:00:00,0.859,0.86074,0.85865,0.86069,12054901000.0,2021-06-01 07:59:54.168,2021-06-01 04:58:19.421
2021-06-01 08:00:00,0.86068,0.86296,0.86015,0.8625,18077802000.0,2021-06-01 10:26:21.820,2021-06-01 08:02:29.751
2021-06-01 12:00:00,0.86251,0.86453,0.86164,0.86398,26665701000.0,2021-06-01 15:26:46.143,2021-06-01 13:38:27.661
2021-06-01 16:00:00,0.86397,0.86414,0.86314,0.8635,11612194000.0,2021-06-01 16:09:11.558,2021-06-01 19:48:06.711
2021-06-01 20:00:00,0.86349,0.86365,0.86272,0.86307,3924670000.0,2021-06-01 20:00:36.479,2021-06-01 21:04:01.691
2021-06-02 00:00:00,0.86306,0.86356,0.86302,0.86319,6905406000.0,2021-06-02 01:35:58.255,2021-06-02 00:08:57.070
2021-06-02 04:00:00,0.86318,0.86395,0.86259,0.86281,14113977000.0,2021-06-02 07:30:52.816,2021-06-02 06:23:15.749
2021-06-02 08:00:00,0.86282,0.8629,0.86064,0.86135,19846304000.0,2021-06-02 08:00:05.521,2021-06-02 10:23:21.285
2021-06-02 12:00:00,0.86136,0.86189,0.86,0.86148,26015351000.0,2021-06-02 14:58:10.865,2021-06-02 12:56:42.271
2021-06-02 16:00:00,0.86147,0.86213,0.86126,0.86167,8383376000.0,2021-06-02 16:35:20.656,2021-06-02 17:59:59.232
2021-06-02 20:00:00,0.86166,0.86192,0.8612,0.86154,3690288000.0,2021-06-02 20:40:20.261,2021-06-02 21:25:21.557
2021-06-03 00:00:00,0.86153,0.86166,0.86106,0.86146,3686787000.0,2021-06-03 01:18:14.432,2021-06-03 02:15:14.794
2021-06-03 04:00:00,0.86147,0.8619,0.86045,0.86105,10885837000.0,2021-06-03 05:32:57.644,2021-06-03 07:34:18.557
2021-06-03 08:00:00,0.86106,0.86107,0.8589,0.85908,22066098000.0,2021-06-03 08:00:00.061,2021-06-03 10:45:24.586
2021-06-03 12:00:00,0.85909,0.86074,0.85858,0.85969,37903573000.0,2021-06-03 13:59:48.196,2021-06-03 12:53:59.325
2021-06-03 16:00:00,0.85968,0.86042,0.8594,0.85984,12406166000.0,2021-06-03 17:53:42.156,2021-06-03 16:32:36.171
2021-06-03 20:00:00,0.85985,0.85994,0.8594,0.85976,4139220000.0,2021-06-03 20:28:25.371,2021-06-03 20:58:36.766
2021-06-04 00:00:00,0.85978,0.86004,0.85916,0.85936,5873339000.0,2021-06-04 01:56:27.638,2021-06-04 03:48:20.794
2021-06-04 04:00:00,0.85935,0.85971,0.85809,0.85813,15135691000.0,2021-06-04 04:25:26.430,2021-06-04 07:59:50.531
2021-06-04 08:00:00,0.85814,0.85825,0.85715,0.85725,17492919000.0,2021-06-04 08:07:36.769,2021-06-04 08:51:03.047
2021-06-04 12:00:00,0.85726,0.85918,0.8565,0.8588,41325921000.0,2021-06-04 15:38:43.707,2021-06-04 12:30:02.544
2021-06-04 16:00:00,0.85881,0.85927,0.85857,0.85894,5487024000.0,2021-06-04 19:35:19.425,2021-06-04 16:53:59.282
2021-06-04 20:00:00,0.85893,0.85918,0.85861,0.85882,1033400000.0,2021-06-04 20:10:50.092,2021-06-04 20:53:24.810
2021-06-06 20:00:00,0.85884,0.85915,0.85819,0.85891,2222648000.0,2021-06-06 21:19:01.247,2021-06-06 21:13:33.063
2021-06-07 00:00:00,0.85892,0.86028,0.85882,0.86026,7326843000.0,2021-06-07 03:45:45.484,2021-06-07 00:20:33.127
2021-06-07 04:00:00,0.86025,0.86126,0.85982,0.8608,10568733000.0,2021-06-07 06:42:45.140,2021-06-07 07:32:09.556
2021-06-07 08:00:00,0.86079,0.86108,0.85821,0.85826,15161195000.0,2021-06-07 08:38:37.683,2021-06-07 11:59:30.418
2021-06-07 12:00:00,0.85825,0.86058,0.8578,0.86042,18883792696.0,2021-06-07 15:15:39.713,2021-06-07 12:51:42.401
2021-06-07 16:00:00,0.86041,0.86052,0.85944,0.85977,7276624000.0,2021-06-07 16:01:05.718,2021-06-07 17:33:24.864
2021-06-07 20:00:00,0.85976,0.85994,0.85902,0.85993,3042498000.0,2021-06-07 23:53:49.304,2021-06-07 21:09:04.902
2021-06-08 00:00:00,0.85992,0.86023,0.85961,0.86007,7882175000.0,2021-06-08 03:21:02.716,2021-06-08 00:22:05.578
2021-06-08 04:00:00,0.86006,0.86118,0.85997,0.86091,8771952000.0,2021-06-08 07:49:26.433,2021-06-08 04:02:23.733
2021-06-08 08:00:00,0.86092,0.86155,0.86038,0.86084,16106269000.0,2021-06-08 10:31:08.661,2021-06-08 09:25:08.819
2021-06-08 12:00:00,0.86085,0.86273,0.86045,0.86094,28485640000.0,2021-06-08 13:58:37.754,2021-06-08 13:09:04.763
2021-06-08 16:00:00,0.86095,0.86112,0.85969,0.85993,8120475000.0,2021-06-08 16:24:19.293,2021-06-08 19:52:20.848
2021-06-08 20:00:00,0.85992,0.86039,0.85963,0.86026,2910622000.0,2021-06-08 20:51:39.987,2021-06-08 21:04:01.961
2021-06-09 00:00:00,0.86027,0.86042,0.85958,0.86021,3193192000.0,2021-06-09 00:20:56.729,2021-06-09 01:16:28.924
2021-06-09 04:00:00,0.86019,0.86064,0.85889,0.85956,9863275000.0,2021-06-09 04:59:58.109,2021-06-09 07:19:26.338
2021-06-09 08:00:00,0.85957,0.86069,0.85898,0.86035,13197009000.0,2021-06-09 11:10:59.519,2021-06-09 08:04:37.914
2021-06-09 12:00:00,0.86036,0.8638,0.86022,0.86264,20122536000.0,2021-06-09 13:59:11.979,2021-06-09 12:02:22.062
2021-06-09 16:00:00,0.86263,0.86307,0.86245,0.863,4913889000.0,2021-06-09 18:50:15.042,2021-06-09 17:09:45.832
2021-06-09 20:00:00,0.86299,0.86305,0.86235,0.863,2051165000.0,2021-06-09 23:28:01.246,2021-06-09 21:05:46.355
2021-06-10 00:00:00,0.86301,0.86314,0.86182,0.86192,4227139000.0,2021-06-10 00:17:35.628,2021-06-10 03:49:47.804
2021-06-10 04:00:00,0.86193,0.864,0.86193,0.86307,11238715000.0,2021-06-10 07:35:02.057,2021-06-10 04:00:23.157
2021-06-10 08:00:00,0.86308,0.86425,0.86264,0.86349,24337770000.0,2021-06-10 08:53:25.671,2021-06-10 10:08:46.488
2021-06-10 12:00:00,0.86344,0.86344,0.85932,0.85938,50611860000.0,2021-06-10 12:00:00.170,2021-06-10 15:57:43.974
2021-06-10 16:00:00,0.85937,0.8597,0.85881,0.859,10833810000.0,2021-06-10 16:33:16.739,2021-06-10 19:40:32.656
2021-06-10 20:00:00,0.85899,0.85919,0.85851,0.85899,3772508000.0,2021-06-10 20:07:16.744,2021-06-10 21:35:12.176
2021-06-11 00:00:00,0.85897,0.85991,0.85889,0.85953,4022105000.0,2021-06-11 02:47:17.221,2021-06-11 00:06:02.394
2021-06-11 04:00:00,0.85952,0.86062,0.85924,0.8599,11113345000.0,2021-06-11 07:07:49.592,2021-06-11 04:31:16.171
2021-06-11 08:00:00,0.85991,0.85994,0.85703,0.85731,16766438000.0,2021-06-11 08:14:12.943,2021-06-11 11:47:17.608
2021-06-11 12:00:00,0.8573,0.85841,0.85682,0.85736,20390489000.0,2021-06-11 14:00:24.836,2021-06-11 12:11:31.065
2021-06-11 16:00:00,0.85737,0.85822,0.85736,0.85783,7037913000.0,2021-06-11 18:25:07.770,2021-06-11 16:00:03.092
2021-06-11 20:00:00,0.8578,0.85789,0.85748,0.85774,1483300000.0,2021-06-11 20:46:46.231,2021-06-11 20:49:39.524
2021-06-13 20:00:00,0.85764,0.8583,0.85684,0.85772,1905545000.0,2021-06-13 22:01:22.534,2021-06-13 22:00:14.401
2021-06-14 00:00:00,0.8577,0.85778,0.85726,0.85747,6005332000.0,2021-06-14 00:53:18.998,2021-06-14 02:52:54.786
2021-06-14 04:00:00,0.85748,0.85978,0.85722,0.85929,10581512000.0,2021-06-14 07:45:34.309,2021-06-14 04:44:27.586
2021-06-14 08:00:00,0.85928,0.86056,0.8589,0.85918,14921210000.0,2021-06-14 08:41:55.727,2021-06-14 11:02:23.351
2021-06-14 12:00:00,0.85917,0.85939,0.85835,0.85899,17113888000.0,2021-06-14 14:50:14.804,2021-06-14 13:46:18.740
2021-06-14 16:00:00,0.859,0.85917,0.85857,0.85909,7135615000.0,2021-06-14 19:58:43.363,2021-06-14 16:47:23.448
2021-06-14 20:00:00,0.8591,0.85926,0.85823,0.85908,4581242000.0,2021-06-14 20:01:39.785,2021-06-14 21:06:54.740
2021-06-15 00:00:00,0.85907,0.85958,0.85857,0.85909,5434901000.0,2021-06-15 02:24:12.522,2021-06-15 00:39:54.736
2021-06-15 04:00:00,0.8591,0.86063,0.8583,0.86026,10264230000.0,2021-06-15 07:28:01.395,2021-06-15 06:09:23.164
2021-06-15 08:00:00,0.86027,0.86283,0.86014,0.86223,12860821000.0,2021-06-15 11:49:27.577,2021-06-15 08:01:21.226
2021-06-15 12:00:00,0.86221,0.86222,0.86023,0.86118,24562316000.0,2021-06-15 12:00:03.373,2021-06-15 14:54:58.737
2021-06-15 16:00:00,0.8612,0.86133,0.86075,0.86121,6980968000.0,2021-06-15 16:02:25.917,2021-06-15 16:31:05.500
2021-06-15 20:00:00,0.86122,0.86132,0.86056,0.86102,2593550000.0,2021-06-15 20:29:51.180,2021-06-15 21:06:08.583
2021-06-16 00:00:00,0.86103,0.86113,0.86062,0.86084,3731722000.0,2021-06-16 00:58:08.392,2021-06-16 02:41:51.011
2021-06-16 04:00:00,0.86082,0.86106,0.8584,0.85937,12159104000.0,2021-06-16 05:22:13.911,2021-06-16 07:12:20.633
2021-06-16 08:00:00,0.85935,0.86021,0.85812,0.85838,14063780000.0,2021-06-16 09:03:16.127,2021-06-16 11:01:03.763
2021-06-16 12:00:00,0.85837,0.85965,0.85802,0.85889,15953411000.0,2021-06-16 14:39:51.919,2021-06-16 12:19:01.645
2021-06-16 16:00:00,0.85888,0.85942,0.8573,0.85766,35281103768.0,2021-06-16 17:15:43.331,2021-06-16 19:35:49.046
2021-06-16 20:00:00,0.85765,0.85823,0.85676,0.85743,7452142000.0,2021-06-16 20:16:06.111,2021-06-16 21:04:56.417
2021-06-17 00:00:00,0.85742,0.858,0.8571,0.85715,7802252000.0,2021-06-17 00:57:52.460,2021-06-17 03:59:51.479
2021-06-17 04:00:00,0.85716,0.85735,0.85461,0.85544,19951158000.0,2021-06-17 05:01:11.399,2021-06-17 07:46:15.145
2021-06-17 08:00:00,0.85542,0.85623,0.85418,0.85577,28180144000.0,2021-06-17 10:24:51.707,2021-06-17 08:54:45.040
2021-06-17 12:00:00,0.85575,0.85701,0.85446,0.85589,34530393000.0,2021-06-17 13:06:41.455,2021-06-17 14:32:46.814
2021-06-17 16:00:00,0.8559,0.85647,0.85478,0.85505,16688649000.0,2021-06-17 17:07:45.271,2021-06-17 19:39:33.545
2021-06-17 20:00:00,0.85504,0.85522,0.85432,0.85471,4918759000.0,2021-06-17 21:07:29.708,2021-06-17 21:04:01.775
2021-06-18 00:00:00,0.85472,0.85607,0.85431,0.85602,6824383000.0,2021-06-18 03:50:19.629,2021-06-18 00:10:40.621
2021-06-18 04:00:00,0.85601,0.85883,0.85577,0.8578,17990955000.0,2021-06-18 07:16:16.086,2021-06-18 04:13:10.376
2021-06-18 08:00:00,0.85781,0.85867,0.85674,0.85745,28094943000.0,2021-06-18 09:07:34.508,2021-06-18 10:35:31.341
2021-06-18 12:00:00,0.85746,0.85934,0.85674,0.85932,42951692000.0,2021-06-18 15:59:31.123,2021-06-18 13:16:15.419
2021-06-18 16:00:00,0.85929,0.86004,0.85842,0.85937,13410410000.0,2021-06-18 16:25:33.861,2021-06-18 18:21:24.890
2021-06-18 20:00:00,0.85938,0.85975,0.8592,0.85936,3645850000.0,2021-06-18 20:49:20.620,2021-06-18 20:00:42.091
2021-06-20 20:00:00,0.85682,0.85989,0.85682,0.8591,1691901000.0,2021-06-20 22:00:29.361,2021-06-20 21:05:00.557
2021-06-21 00:00:00,0.85911,0.85952,0.85834,0.85943,4810016000.0,2021-06-21 03:40:57.633,2021-06-21 01:14:57.987
2021-06-21 04:00:00,0.85942,0.86013,0.85843,0.85886,10979020000.0,2021-06-21 06:45:56.850,2021-06-21 07:21:46.501
2021-06-21 08:00:00,0.85887,0.85947,0.85604,0.85714,12287124000.0,2021-06-21 08:51:27.085,2021-06-21 11:40:10.393
2021-06-21 12:00:00,0.85712,0.85746,0.85551,0.85585,12587514000.0,2021-06-21 13:48:51.013,2021-06-21 15:32:32.165
2021-06-21 16:00:00,0.85584,0.85605,0.85491,0.85546,3820960000.0,2021-06-21 16:00:56.157,2021-06-21 18:59:50.471
2021-06-21 20:00:00,0.85547,0.85567,0.85469,0.85543,2295784000.0,2021-06-21 20:08:18.643,2021-06-21 21:07:02.261
2021-06-22 00:00:00,0.85545,0.8562,0.85537,0.85608,3865264000.0,2021-06-22 01:52:50.126,2021-06-22 00:05:12.236
2021-06-22 04:00:00,0.8561,0.85774,0.85532,0.85712,6500712000.0,2021-06-22 07:52:36.572,2021-06-22 06:00:56.261
2021-06-22 08:00:00,0.85713,0.85823,0.85543,0.8556,8300337000.0,2021-06-22 09:02:31.273,2021-06-22 11:59:00.557
2021-06-22 12:00:00,0.85561,0.85743,0.85477,0.8556,24646964000.0,2021-06-22 13:38:54.682,2021-06-22 15:13:41.235
2021-06-22 16:00:00,0.85559,0.85662,0.85527,0.856,12582520000.0,2021-06-22 16:38:40.994,2021-06-22 16:17:20.983
2021-06-22 20:00:00,0.85599,0.85628,0.85499,0.85568,3933027000.0,2021-06-22 20:57:36.687,2021-06-22 21:04:01.963
2021-06-23 00:00:00,0.85569,0.85646,0.85561,0.85583,6190491000.0,2021-06-23 01:50:22.772,2021-06-23 02:43:20.921
2021-06-23 04:00:00,0.85584,0.85586,0.85304,0.85395,15752561000.0,2021-06-23 04:02:08.404,2021-06-23 07:22:58.957
2021-06-23 08:00:00,0.85396,0.85593,0.85388,0.85462,17420033000.0,2021-06-23 11:12:50.245,2021-06-23 08:00:40.687
2021-06-23 12:00:00,0.85463,0.85593,0.85392,0.85499,21232064000.0,2021-06-23 14:52:50.978,2021-06-23 12:45:39.843
2021-06-23 16:00:00,0.855,0.85502,0.85411,0.8542,8136890000.0,2021-06-23 16:00:05.149,2021-06-23 19:07:32.155
2021-06-23 20:00:00,0.85419,0.85437,0.85359,0.8541,4105289000.0,2021-06-23 20:05:27.521,2021-06-23 21:04:01.360
2021-06-24 00:00:00,0.85411,0.85478,0.85383,0.85421,6955067000.0,2021-06-24 01:15:00.209,2021-06-24 02:23:39.921
2021-06-24 04:00:00,0.85422,0.85589,0.85377,0.85492,9650291000.0,2021-06-24 07:40:46.532,2021-06-24 06:20:03.653
2021-06-24 08:00:00,0.85493,0.85896,0.85336,0.85798,21397268000.0,2021-06-24 11:07:43.419,2021-06-24 08:51:19.585
2021-06-24 12:00:00,0.85799,0.85918,0.85756,0.8576,23296023000.0,2021-06-24 12:05:27.904,2021-06-24 15:44:32.748
2021-06-24 16:00:00,0.85758,0.85786,0.8561,0.85624,10482394000.0,2021-06-24 16:17:09.790,2021-06-24 18:26:51.535
2021-06-24 20:00:00,0.85623,0.85723,0.85613,0.85709,4898741000.0,2021-06-24 21:36:43.629,2021-06-24 21:06:12.720
2021-06-25 00:00:00,0.8571,0.8575,0.85682,0.85716,3641352000.0,2021-06-25 01:26:05.621,2021-06-25 03:43:16.581
2021-06-25 04:00:00,0.85714,0.85903,0.85711,0.85891,9948488000.0,2021-06-25 07:54:16.620,2021-06-25 04:00:13.290
2021-06-25 08:00:00,0.85892,0.85982,0.85794,0.85932,11965920000.0,2021-06-25 11:40:46.607,2021-06-25 09:32:58.510
2021-06-25 12:00:00,0.85933,0.86043,0.85839,0.85905,20717207000.0,2021-06-25 12:30:24.039,2021-06-25 15:06:57.576
2021-06-25 16:00:00,0.85906,0.86015,0.85809,0.85963,6623027000.0,2021-06-25 19:29:50.263,2021-06-25 16:43:18.732
2021-06-25 20:00:00,0.85962,0.86001,0.85953,0.85977,1260700000.0,2021-06-25 20:48:01.857,2021-06-25 20:09:58.390
2021-06-27 20:00:00,0.85785,0.85995,0.85752,0.85929,1516767000.0,2021-06-27 22:10:58.001,2021-06-27 21:06:00.915
2021-06-28 00:00:00,0.8593,0.85963,0.85861,0.85873,5683933000.0,2021-06-28 00:04:32.906,2021-06-28 03:47:05.081
2021-06-28 04:00:00,0.85872,0.85872,0.85663,0.85747,15072220000.0,2021-06-28 04:00:01.160,2021-06-28 07:01:16.403
2021-06-28 08:00:00,0.85746,0.85861,0.8571,0.8572,14881833000.0,2021-06-28 10:40:58.585,2021-06-28 11:51:23.949
2021-06-28 12:00:00,0.85719,0.85943,0.85674,0.85905,21929510000.0,2021-06-28 15:31:56.043,2021-06-28 12:30:55.325
2021-06-28 16:00:00,0.85904,0.85947,0.85855,0.85945,6817920000.0,2021-06-28 19:59:53.098,2021-06-28 16:57:10.821
2021-06-28 20:00:00,0.85946,0.85969,0.85859,0.85947,2819581000.0,2021-06-28 20:02:03.048,2021-06-28 21:04:01.626
2021-06-29 00:00:00,0.85949,0.85996,0.85888,0.85903,4823003000.0,2021-06-29 00:36:57.566,2021-06-29 03:42:54.104
2021-06-29 04:00:00,0.85904,0.85976,0.85876,0.85939,10621803000.0,2021-06-29 07:04:12.248,2021-06-29 05:35:55.421
2021-06-29 08:00:00,0.85938,0.86085,0.85896,0.85992,15184145000.0,2021-06-29 11:09:02.020,2021-06-29 09:53:03.394
2021-06-29 12:00:00,0.85993,0.86093,0.85899,0.85997,24167595000.0,2021-06-29 14:57:57.193,2021-06-29 13:13:31.723
2021-06-29 16:00:00,0.85995,0.85998,0.859,0.8591,7859572000.0,2021-06-29 16:02:16.922,2021-06-29 19:51:32.617
2021-06-29 20:00:00,0.85911,0.85982,0.85892,0.8598,4097316000.0,2021-06-29 23:59:16.936,2021-06-29 21:04:01.164
2021-06-30 00:00:00,0.85979,0.85981,0.85888,0.85918,4359974000.0,2021-06-30 00:00:05.848,2021-06-30 01:46:34.093
2021-06-30 04:00:00,0.85917,0.86091,0.85901,0.86037,13000311000.0,2021-06-30 07:17:35.527,2021-06-30 06:00:43.349
2021-06-30 08:00:00,0.86036,0.86043,0.85688,0.85767,25804519000.0,2021-06-30 08:10:05.270,2021-06-30 11:21:28.910
2021-06-30 12:00:00,0.85766,0.85905,0.85748,0.85821,29603671000.0,2021-06-30 13:20:00.721,2021-06-30 14:57:24.749
2021-06-30 16:00:00,0.8582,0.85872,0.85714,0.85727,10769266000.0,2021-06-30 17:07:54.671,2021-06-30 19:57:31.149
2021-06-30 20:00:00,0.85728,0.85751,0.85663,0.85734,4606666000.0,2021-06-30 21:16:12.078,2021-06-30 21:05:14.197
2021-07-01 00:00:00,0.85733,0.85801,0.85723,0.85754,7120644000.0,2021-07-01 01:26:13.315,2021-07-01 00:24:33.341
2021-07-01 04:00:00,0.85753,0.85805,0.85693,0.85728,12057618000.0,2021-07-01 07:02:20.840,2021-07-01 06:54:26.877
2021-07-01 08:00:00,0.85729,0.86154,0.85635,0.86002,20148918174.0,2021-07-01 10:54:17.960,2021-07-01 08:01:43.890
2021-07-01 12:00:00,0.86003,0.8614,0.85925,0.86043,21567987000.0,2021-07-01 15:14:52.413,2021-07-01 13:09:40.243
2021-07-01 16:00:00,0.86042,0.86129,0.86032,0.86107,7840396000.0,2021-07-01 19:21:09.666,2021-07-01 16:00:56.617
2021-07-01 20:00:00,0.86105,0.86132,0.86039,0.86089,3865476000.0,2021-07-01 20:32:40.498,2021-07-01 21:04:01.960
2021-07-02 00:00:00,0.8609,0.86098,0.85994,0.86014,6068867000.0,2021-07-02 00:00:51.164,2021-07-02 03:54:29.840
2021-07-02 04:00:00,0.86011,0.86094,0.8593,0.85932,12635829000.0,2021-07-02 06:58:41.425,2021-07-02 07:58:53.269
2021-07-02 08:00:00,0.85933,0.86104,0.85901,0.86028,13444154000.0,2021-07-02 10:45:53.093,2021-07-02 08:03:16.246
2021-07-02 12:00:00,0.86029,0.86053,0.85877,0.85894,37508283000.0,2021-07-02 12:36:28.501,2021-07-02 15:27:17.869
2021-07-02 16:00:00,0.85893,0.85911,0.85743,0.85759,8289690000.0,2021-07-02 16:02:39.896,2021-07-02 19:45:14.590
2021-07-02 20:00:00,0.85758,0.85781,0.85746,0.8576,962699000.0,2021-07-02 20:53:35.450,2021-07-02 20:03:39.440
2021-07-04 20:00:00,0.85748,0.85786,0.85687,0.85718,1506511000.0,2021-07-04 22:00:00.512,2021-07-04 21:05:05.481
2021-07-05 00:00:00,0.85717,0.85822,0.85717,0.85754,4768609000.0,2021-07-05 00:53:51.228,2021-07-05 00:00:00.103
2021-07-05 04:00:00,0.85753,0.85796,0.85679,0.85733,11366670000.0,2021-07-05 05:17:55.561,2021-07-05 07:03:00.771
2021-07-05 08:00:00,0.85732,0.85751,0.85654,0.85683,10669811000.0,2021-07-05 10:33:00.644,2021-07-05 11:52:36.914
2021-07-05 12:00:00,0.85682,0.8571,0.8562,0.85658,10965254000.0,2021-07-05 15:00:38.906,2021-07-05 12:19:36.866
2021-07-05 16:00:00,0.85659,0.85698,0.85624,0.85656,15000172000.0,2021-07-05 18:57:00.908,2021-07-05 16:21:30.516
2021-07-05 20:00:00,0.85655,0.85678,0.85609,0.85628,2497125000.0,2021-07-05 20:01:35.351,2021-07-05 22:33:52.817
2021-07-06 00:00:00,0.8563,0.85637,0.85492,0.85521,5629311000.0,2021-07-06 00:10:01.132,2021-07-06 03:44:19.628
2021-07-06 04:00:00,0.8552,0.85638,0.8551,0.85591,12962574000.0,2021-07-06 07:08:01.726,2021-07-06 04:04:23.240
2021-07-06 08:00:00,0.8559,0.85602,0.85458,0.8546,19181258000.0,2021-07-06 08:00:31.503,2021-07-06 11:26:34.577
2021-07-06 12:00:00,0.85459,0.85764,0.85354,0.85669,31794666000.0,2021-07-06 15:27:09.071,2021-07-06 12:53:11.630
2021-07-06 16:00:00,0.85671,0.85755,0.85645,0.8567,11579770000.0,2021-07-06 16:40:20.709,2021-07-06 18:35:09.015
2021-07-06 20:00:00,0.85669,0.85678,0.85592,0.85639,3100865000.0,2021-07-06 20:00:03.470,2021-07-06 21:54:41.695
2021-07-07 00:00:00,0.8564,0.85698,0.85629,0.85679,7720449000.0,2021-07-07 03:21:51.484,2021-07-07 01:42:55.371
2021-07-07 04:00:00,0.8568,0.85734,0.85607,0.85684,11550642000.0,2021-07-07 07:23:31.009,2021-07-07 06:33:41.934
2021-07-07 08:00:00,0.85685,0.85826,0.85443,0.85481,18242074000.0,2021-07-07 09:03:00.999,2021-07-07 11:43:42.879
2021-07-07 12:00:00,0.85482,0.85698,0.85435,0.85575,30251635000.0,2021-07-07 14:50:24.382,2021-07-07 13:41:29.287
2021-07-07 16:00:00,0.85576,0.85582,0.8547,0.85477,16246663000.0,2021-07-07 17:25:08.241,2021-07-07 19:59:51.530
2021-07-07 20:00:00,0.85478,0.85488,0.85364,0.85458,4559540000.0,2021-07-07 20:05:55.797,2021-07-07 21:04:01.706
2021-07-08 00:00:00,0.85456,0.85566,0.8545,0.85553,4761087000.0,2021-07-08 02:38:14.216,2021-07-08 00:25:01.419
2021-07-08 04:00:00,0.85552,0.85804,0.85538,0.85782,18444458000.0,2021-07-08 07:59:01.459,2021-07-08 04:05:20.357
2021-07-08 08:00:00,0.85783,0.86023,0.85702,0.85997,29393953000.0,2021-07-08 11:28:20.684,2021-07-08 08:17:59.419
2021-07-08 12:00:00,0.85996,0.86179,0.85979,0.86004,33772618000.0,2021-07-08 14:55:12.920,2021-07-08 12:00:29.361
2021-07-08 16:00:00,0.86003,0.86021,0.85913,0.85947,13084390000.0,2021-07-08 16:02:31.426,2021-07-08 17:27:09.886
2021-07-08 20:00:00,0.85946,0.85953,0.85848,0.85902,4970098000.0,2021-07-08 20:00:09.025,2021-07-08 21:13:58.371
2021-07-09 00:00:00,0.85903,0.85966,0.85873,0.85912,4610270000.0,2021-07-09 01:54:25.159,2021-07-09 01:00:30.118
2021-07-09 04:00:00,0.85911,0.85968,0.85853,0.85928,16096706000.0,2021-07-09 07:00:17.878,2021-07-09 05:32:15.088
2021-07-09 08:00:00,0.85927,0.85962,0.85794,0.85804,26652692000.0,2021-07-09 08:04:33.280,2021-07-09 11:25:53.038
2021-07-09 12:00:00,0.85803,0.85816,0.85559,0.85691,24094795000.0,2021-07-09 15:01:54.957,2021-07-09 14:47:56.328
2021-07-09 16:00:00,0.8569,0.85709,0.85488,0.85516,11656632000.0,2021-07-09 16:37:37.272,2021-07-09 19:26:11.203
2021-07-09 20:00:00,0.85515,0.85517,0.85447,0.85448,2761115000.0,2021-07-09 20:00:04.626,2021-07-09 20:52:11.622
2021-07-11 20:00:00,0.85389,0.8551,0.85389,0.85418,3512085000.0,2021-07-11 21:54:11.562,2021-07-11 21:05:00.912
2021-07-12 00:00:00,0.85419,0.85476,0.85357,0.85472,9202858000.0,2021-07-12 03:54:32.851,2021-07-12 02:17:55.535
2021-07-12 04:00:00,0.85471,0.85633,0.85394,0.85596,9441892000.0,2021-07-12 07:51:11.686,2021-07-12 06:58:18.444
2021-07-12 08:00:00,0.85597,0.85663,0.85481,0.85507,14840622000.0,2021-07-12 08:53:41.589,2021-07-12 11:48:48.631
2021-07-12 12:00:00,0.85505,0.85647,0.8537,0.85392,16999814000.0,2021-07-12 13:03:53.474,2021-07-12 14:46:43.789
2021-07-12 16:00:00,0.85393,0.85476,0.85392,0.85423,5357954000.0,2021-07-12 18:59:56.260,2021-07-12 16:00:14.040
2021-07-12 20:00:00,0.85422,0.85446,0.85359,0.85422,3977840000.0,2021-07-12 20:14:01.982,2021-07-12 21:05:00.248
2021-07-13 00:00:00,0.85423,0.8545,0.85372,0.854,5100118000.0,2021-07-13 01:45:46.042,2021-07-13 03:05:51.228
2021-07-13 04:00:00,0.85401,0.85505,0.85368,0.85484,7257281000.0,2021-07-13 07:06:40.906,2021-07-13 04:46:08.180
2021-07-13 08:00:00,0.85483,0.85557,0.85434,0.85483,8753330000.0,2021-07-13 11:27:44.663,2021-07-13 10:13:25.334
2021-07-13 12:00:00,0.85482,0.85577,0.85304,0.85309,34388764000.0,2021-07-13 12:40:45.044,2021-07-13 15:58:24.543
2021-07-13 16:00:00,0.8531,0.85314,0.85237,0.85245,9345511000.0,2021-07-13 16:00:30.759,2021-07-13 19:57:34.907
2021-07-13 20:00:00,0.85244,0.85292,0.85219,0.8529,2372570000.0,2021-07-13 23:59:07.943,2021-07-13 21:28:23.204
2021-07-14 00:00:00,0.85291,0.85305,0.85229,0.85264,7651404000.0,2021-07-14 00:55:00.459,2021-07-14 02:14:53.054
2021-07-14 04:00:00,0.85263,0.85282,0.85129,0.85154,11371655000.0,2021-07-14 04:33:48.724,2021-07-14 07:33:14.546
2021-07-14 08:00:00,0.85156,0.85207,0.85031,0.85158,14169520000.0,2021-07-14 11:51:56.960,2021-07-14 10:45:46.555
2021-07-14 12:00:00,0.85157,0.85374,0.85091,0.85364,25464120000.0,2021-07-14 15:57:38.409,2021-07-14 12:42:24.110
2021-07-14 16:00:00,0.85363,0.85433,0.85331,0.85401,5599254000.0,2021-07-14 19:52:02.719,2021-07-14 17:51:13.245
2021-07-14 20:00:00,0.854,0.85407,0.8535,0.85393,3556293000.0,2021-07-14 23:11:44.403,2021-07-14 21:04:01.817
2021-07-15 00:00:00,0.85394,0.85547,0.85394,0.85528,7250906000.0,2021-07-15 02:56:40.245,2021-07-15 00:00:00.394
2021-07-15 04:00:00,0.85529,0.85665,0.85368,0.85656,10078641000.0,2021-07-15 07:59:35.452,2021-07-15 06:54:01.899
2021-07-15 08:00:00,0.85657,0.85678,0.85107,0.8513,21411657000.0,2021-07-15 08:01:57.748,2021-07-15 10:30:28.695
2021-07-15 12:00:00,0.85131,0.85351,0.85112,0.85248,22147987000.0,2021-07-15 13:27:37.209,2021-07-15 12:01:51.347
2021-07-15 16:00:00,0.85247,0.85503,0.85238,0.85449,7290084000.0,2021-07-15 17:46:00.994,2021-07-15 16:02:34.062
2021-07-15 20:00:00,0.85448,0.85463,0.85323,0.85414,6699012000.0,2021-07-15 20:00:03.785,2021-07-15 21:04:01.535
2021-07-16 00:00:00,0.85413,0.85431,0.85339,0.85349,6796415000.0,2021-07-16 00:08:53.822,2021-07-16 03:47:49.482
2021-07-16 04:00:00,0.8535,0.85555,0.85338,0.85461,11172495000.0,2021-07-16 07:32:07.479,2021-07-16 04:03:49.587
2021-07-16 08:00:00,0.8546,0.85529,0.85237,0.85385,16561970000.0,2021-07-16 11:30:42.016,2021-07-16 08:51:41.837
2021-07-16 12:00:00,0.85386,0.85724,0.85282,0.85674,18073211000.0,2021-07-16 15:47:56.906,2021-07-16 12:14:46.255
2021-07-16 16:00:00,0.85673,0.85796,0.85653,0.8577,6707383000.0,2021-07-16 19:09:06.979,2021-07-16 16:04:44.318
2021-07-16 20:00:00,0.85769,0.85786,0.85751,0.85761,1287120000.0,2021-07-16 20:30:04.657,2021-07-16 20:02:27.800
2021-07-18 20:00:00,0.85619,0.85844,0.85619,0.85821,983516000.0,2021-07-18 23:43:19.631,2021-07-18 21:05:00.381
2021-07-19 00:00:00,0.8582,0.85855,0.85781,0.85812,5352695000.0,2021-07-19 02:59:47.453,2021-07-19 01:52:38.307
2021-07-19 04:00:00,0.85811,0.85952,0.85791,0.85845,11486497000.0,2021-07-19 07:10:38.487,2021-07-19 06:57:03.294
2021-07-19 08:00:00,0.85844,0.85956,0.85689,0.85824,24878795000.0,2021-07-19 11:14:32.533,2021-07-19 09:57:54.290
2021-07-19 12:00:00,0.85825,0.86414,0.85825,0.86233,30696454000.0,2021-07-19 14:31:41.392,2021-07-19 12:00:00.521
2021-07-19 16:00:00,0.86232,0.86377,0.86204,0.86305,14613261000.0,2021-07-19 19:30:23.941,2021-07-19 16:06:53.795
2021-07-19 20:00:00,0.86304,0.86314,0.86221,0.86265,5000851000.0,2021-07-19 20:01:27.777,2021-07-19 21:58:29.387
2021-07-20 00:00:00,0.86266,0.86316,0.86205,0.86261,5426180000.0,2021-07-20 01:08:46.085,2021-07-20 02:31:28.057
2021-07-20 04:00:00,0.8626,0.8641,0.86198,0.86405,18153632000.0,2021-07-20 06:56:14.656,2021-07-20 05:19:48.321
2021-07-20 08:00:00,0.86406,0.86576,0.86244,0.86521,25575431000.0,2021-07-20 11:13:46.461,2021-07-20 09:14:46.847
2021-07-20 12:00:00,0.8652,0.86696,0.86354,0.86487,30022124000.0,2021-07-20 13:13:08.115,2021-07-20 14:57:27.695
2021-07-20 16:00:00,0.86488,0.86519,0.8639,0.86443,8716161000.0,2021-07-20 17:57:29.087,2021-07-20 16:52:53.211
2021-07-20 20:00:00,0.86442,0.8651,0.86373,0.86404,5621894000.0,2021-07-20 21:33:44.947,2021-07-20 21:04:01.795
2021-07-21 00:00:00,0.86406,0.86508,0.86358,0.86457,4971160000.0,2021-07-21 02:25:03.201,2021-07-21 00:46:50.744
2021-07-21 04:00:00,0.86456,0.86547,0.86323,0.86421,12076785000.0,2021-07-21 06:10:44.359,2021-07-21 07:48:37.358
2021-07-21 08:00:00,0.8642,0.86588,0.86306,0.86412,14985303000.0,2021-07-21 11:01:54.166,2021-07-21 09:47:25.136
2021-07-21 12:00:00,0.8641,0.86413,0.86135,0.86156,22991602000.0,2021-07-21 12:00:01.032,2021-07-21 14:20:59.290
2021-07-21 16:00:00,0.86155,0.86167,0.8599,0.86014,9321963000.0,2021-07-21 16:22:01.266,2021-07-21 17:17:04.839
2021-07-21 20:00:00,0.86013,0.86019,0.8594,0.85997,3073506000.0,2021-07-21 20:00:19.129,2021-07-21 21:04:01.994
2021-07-22 00:00:00,0.85998,0.86099,0.85988,0.86044,5720036000.0,2021-07-22 01:28:52.294,2021-07-22 00:01:56.939
2021-07-22 04:00:00,0.86037,0.86048,0.85762,0.85828,10995029000.0,2021-07-22 04:13:43.864,2021-07-22 07:34:22.357
2021-07-22 08:00:00,0.85829,0.85935,0.85567,0.85626,18328265000.0,2021-07-22 08:38:00.305,2021-07-22 11:58:01.993
2021-07-22 12:00:00,0.85625,0.85885,0.85504,0.85601,29226006000.0,2021-07-22 13:36:00.602,2021-07-22 12:06:00.563
2021-07-22 16:00:00,0.856,0.8563,0.85407,0.85494,10333160000.0,2021-07-22 16:19:18.967,2021-07-22 18:13:44.629
2021-07-22 20:00:00,0.85493,0.85543,0.85405,0.85472,2704472000.0,2021-07-22 22:24:30.917,2021-07-22 21:04:07.165
2021-07-23 00:00:00,0.85473,0.85574,0.85473,0.85528,6331900000.0,2021-07-23 02:31:03.655,2021-07-23 00:00:35.724
2021-07-23 04:00:00,0.85529,0.85729,0.85472,0.8569,12532757000.0,2021-07-23 07:52:30.667,2021-07-23 05:59:54.633
2021-07-23 08:00:00,0.85689,0.85842,0.85621,0.85629,17502356000.0,2021-07-23 08:38:57.543,2021-07-23 11:59:05.323
2021-07-23 12:00:00,0.8563,0.85642,0.85477,0.85527,20079343000.0,2021-07-23 12:01:07.254,2021-07-23 15:12:44.916
2021-07-23 16:00:00,0.85526,0.85631,0.85508,0.85615,6059651000.0,2021-07-23 19:27:30.911,2021-07-23 16:46:00.521
2021-07-23 20:00:00,0.85613,0.85636,0.8559,0.85606,1401851000.0,2021-07-23 20:40:14.248,2021-07-23 20:50:15.744
2021-07-25 20:00:00,0.85483,0.85581,0.85448,0.85573,1505130000.0,2021-07-25 23:02:19.140,2021-07-25 21:05:44.734
2021-07-26 00:00:00,0.85574,0.85677,0.8557,0.85673,5500366000.0,2021-07-26 03:57:24.694,2021-07-26 00:00:21.158
2021-07-26 04:00:00,0.85672,0.85736,0.85611,0.85648,13491832000.0,2021-07-26 07:25:25.774,2021-07-26 06:59:48.004
2021-07-26 08:00:00,0.85646,0.85682,0.85467,0.85488,19027435000.0,2021-07-26 08:04:24.595,2021-07-26 10:25:00.310
2021-07-26 12:00:00,0.85485,0.85554,0.85363,0.85399,22136949000.0,2021-07-26 12:46:31.388,2021-07-26 13:34:25.355
2021-07-26 16:00:00,0.85398,0.85481,0.8537,0.85404,8524083000.0,2021-07-26 18:12:32.333,2021-07-26 16:23:04.285
2021-07-26 20:00:00,0.85403,0.85429,0.85323,0.85374,5112505000.0,2021-07-26 20:05:09.058,2021-07-26 21:59:29.942
2021-07-27 00:00:00,0.85375,0.85427,0.85362,0.85369,5957905000.0,2021-07-27 00:42:42.994,2021-07-27 03:54:25.853
2021-07-27 04:00:00,0.85368,0.85491,0.85318,0.8542,11952500000.0,2021-07-27 07:44:44.739,2021-07-27 06:43:49.290
2021-07-27 08:00:00,0.85419,0.85544,0.85388,0.85485,14768751000.0,2021-07-27 11:50:35.103,2021-07-27 08:07:19.641
2021-07-27 12:00:00,0.85484,0.85561,0.85138,0.85209,32814697000.0,2021-07-27 13:33:41.656,2021-07-27 15:01:53.587
2021-07-27 16:00:00,0.8521,0.85253,0.85125,0.85136,12670623000.0,2021-07-27 16:45:24.892,2021-07-27 19:56:44.903
2021-07-27 20:00:00,0.85135,0.85164,0.85096,0.85149,4249120000.0,2021-07-27 20:02:37.797,2021-07-27 21:09:14.940
2021-07-28 00:00:00,0.8515,0.85205,0.85106,0.852,9746896000.0,2021-07-28 03:49:01.783,2021-07-28 01:33:50.404
2021-07-28 04:00:00,0.85201,0.85225,0.84998,0.8511,10167272000.0,2021-07-28 05:03:25.418,2021-07-28 07:28:40.851
2021-07-28 08:00:00,0.85108,0.85176,0.8502,0.85088,13854998000.0,2021-07-28 09:53:06.323,2021-07-28 11:05:15.845
2021-07-28 12:00:00,0.85087,0.85139,0.85015,0.85058,18518505000.0,2021-07-28 13:51:16.241,2021-07-28 13:20:15.345
2021-07-28 16:00:00,0.85057,0.852,0.84997,0.85181,23426505000.0,2021-07-28 19:47:30.658,2021-07-28 18:05:08.069
2021-07-28 20:00:00,0.85182,0.85191,0.85117,0.85181,4599247000.0,2021-07-28 20:17:22.352,2021-07-28 21:54:48.799
2021-07-29 00:00:00,0.8518,0.85199,0.85107,0.85115,6970650000.0,2021-07-29 00:43:42.088,2021-07-29 03:40:46.771
2021-07-29 04:00:00,0.85114,0.8515,0.85017,0.85146,12799000000.0,2021-07-29 07:59:58.355,2021-07-29 07:02:41.295
2021-07-29 08:00:00,0.85147,0.85152,0.85014,0.85017,14842251000.0,2021-07-29 08:00:43.863,2021-07-29 11:59:54.549
2021-07-29 12:00:00,0.85015,0.8518,0.85,0.85102,19116007000.0,2021-07-29 12:59:30.526,2021-07-29 13:59:01.175
2021-07-29 16:00:00,0.85103,0.8515,0.85083,0.85132,5538715000.0,2021-07-29 19:31:59.218,2021-07-29 16:29:18.016
2021-07-29 20:00:00,0.85131,0.8515,0.85088,0.8515,3067350000.0,2021-07-29 23:56:38.357,2021-07-29 21:04:02.048
2021-07-30 00:00:00,0.85151,0.85197,0.85132,0.85192,10237401000.0,2021-07-30 01:47:55.139,2021-07-30 03:20:57.232
2021-07-30 04:00:00,0.85191,0.85236,0.8512,0.85169,8094402000.0,2021-07-30 06:47:40.062,2021-07-30 07:19:26.385
2021-07-30 08:00:00,0.8517,0.8524,0.85099,0.85146,14764858000.0,2021-07-30 11:15:10.575,2021-07-30 10:24:14.505
2021-07-30 12:00:00,0.85147,0.85362,0.85115,0.85272,22106805000.0,2021-07-30 15:35:20.212,2021-07-30 14:11:21.388
2021-07-30 16:00:00,0.85271,0.85372,0.85249,0.8535,8198050000.0,2021-07-30 18:49:38.026,2021-07-30 16:10:20.813
2021-07-30 20:00:00,0.85349,0.85376,0.85333,0.85358,2206350000.0,2021-07-30 20:50:49.183,2021-07-30 20:05:22.722
2021-08-01 20:00:00,0.85229,0.85395,0.85196,0.85392,2037040000.0,2021-08-01 22:28:53.019,2021-08-01 21:05:02.376
2021-08-02 00:00:00,0.85391,0.85437,0.85361,0.85412,6518500000.0,2021-08-02 03:14:30.333,2021-08-02 01:37:02.424
2021-08-02 04:00:00,0.85413,0.85414,0.85301,0.85372,8886934000.0,2021-08-02 04:04:59.896,2021-08-02 06:55:19.605
2021-08-02 08:00:00,0.85371,0.85557,0.85313,0.85535,10163885000.0,2021-08-02 10:59:25.070,2021-08-02 08:25:19.855
2021-08-02 12:00:00,0.85536,0.8558,0.85386,0.85508,20647700000.0,2021-08-02 12:09:32.046,2021-08-02 14:48:41.196
2021-08-02 16:00:00,0.85507,0.85544,0.85399,0.85452,6256092000.0,2021-08-02 16:13:47.557,2021-08-02 17:09:12.183
2021-08-02 20:00:00,0.85453,0.85559,0.85429,0.85478,2586831000.0,2021-08-02 21:22:05.089,2021-08-02 21:05:10.964
2021-08-03 00:00:00,0.8548,0.85486,0.85425,0.85467,5831854000.0,2021-08-03 00:01:27.184,2021-08-03 00:55:00.561
2021-08-03 04:00:00,0.85469,0.85506,0.85351,0.85369,10857994000.0,2021-08-03 05:06:32.852,2021-08-03 07:52:13.876
2021-08-03 08:00:00,0.85368,0.85441,0.85284,0.85355,9787707000.0,2021-08-03 09:04:04.369,2021-08-03 11:06:08.342
2021-08-03 12:00:00,0.85354,0.85476,0.85275,0.85282,20127201000.0,2021-08-03 14:09:04.558,2021-08-03 15:59:08.548
2021-08-03 16:00:00,0.8528,0.85311,0.85246,0.85249,8193540000.0,2021-08-03 16:19:16.441,2021-08-03 18:59:56.849
2021-08-03 20:00:00,0.8525,0.85297,0.85215,0.85284,5170405000.0,2021-08-03 23:08:14.639,2021-08-03 21:04:01.928
2021-08-04 00:00:00,0.85283,0.85328,0.85223,0.85268,7296051000.0,2021-08-04 00:55:00.642,2021-08-04 02:45:28.302
2021-08-04 04:00:00,0.85267,0.85275,0.85126,0.85184,8255003000.0,2021-08-04 04:02:10.116,2021-08-04 07:37:39.191
2021-08-04 08:00:00,0.85185,0.85199,0.85047,0.85177,10264823000.0,2021-08-04 11:52:40.982,2021-08-04 08:55:55.686
2021-08-04 12:00:00,0.85175,0.85324,0.85094,0.8512,24906308000.0,2021-08-04 13:10:35.094,2021-08-04 14:46:50.447
2021-08-04 16:00:00,0.85121,0.85249,0.85103,0.85242,6503590000.0,2021-08-04 19:16:18.105,2021-08-04 16:04:00.890
2021-08-04 20:00:00,0.85243,0.85253,0.85188,0.85221,3660832000.0,2021-08-04 20:04:13.361,2021-08-04 21:04:01.288
2021-08-05 00:00:00,0.85222,0.85263,0.85176,0.85194,5914200000.0,2021-08-05 02:50:02.755,2021-08-05 00:30:45.291
2021-08-05 04:00:00,0.85193,0.8528,0.85085,0.85096,10894604000.0,2021-08-05 06:40:26.835,2021-08-05 07:36:28.229
2021-08-05 08:00:00,0.85097,0.85199,0.84951,0.85133,20171578000.0,2021-08-05 11:00:58.872,2021-08-05 11:05:25.442
2021-08-05 12:00:00,0.85134,0.85158,0.84905,0.84987,22593628000.0,2021-08-05 12:02:56.266,2021-08-05 14:55:13.692
2021-08-05 16:00:00,0.84988,0.85013,0.84918,0.84956,6428745000.0,2021-08-05 16:29:50.138,2021-08-05 18:04:11.200
2021-08-05 20:00:00,0.84957,0.84974,0.8491,0.84961,4040611000.0,2021-08-05 20:02:04.510,2021-08-05 21:04:01.680
2021-08-06 00:00:00,0.8496,0.84972,0.8491,0.84925,1868544000.0,2021-08-06 01:08:52.194,2021-08-06 03:06:40.906
2021-08-06 04:00:00,0.84926,0.8499,0.84898,0.84934,6221853000.0,2021-08-06 07:10:00.626,2021-08-06 07:27:38.756
2021-08-06 08:00:00,0.84935,0.84964,0.84789,0.84834,10596607000.0,2021-08-06 08:04:51.336,2021-08-06 09:16:35.988
2021-08-06 12:00:00,0.84832,0.84853,0.84701,0.84778,28121509000.0,2021-08-06 12:16:22.607,2021-08-06 12:50:05.808
2021-08-06 16:00:00,0.84779,0.84794,0.84715,0.84734,4348206000.0,2021-08-06 16:01:29.827,2021-08-06 19:16:13.540
2021-08-06 20:00:00,0.84736,0.84764,0.84721,0.84751,1150550000.0,2021-08-06 20:42:24.455,2021-08-06 20:30:47.739
2021-08-08 20:00:00,0.84662,0.84772,0.84662,0.84715,4789199000.0,2021-08-08 22:51:42.395,2021-08-08 21:05:00.861
2021-08-09 00:00:00,0.84717,0.84827,0.84716,0.84789,6645500000.0,2021-08-09 01:58:46.673,2021-08-09 00:00:01.874
2021-08-09 04:00:00,0.84791,0.84813,0.84687,0.84794,9025284000.0,2021-08-09 05:22:28.034,2021-08-09 07:01:47.809
2021-08-09 08:00:00,0.84796,0.84863,0.84609,0.84775,13589804000.0,2021-08-09 08:29:13.154,2021-08-09 09:29:23.449
2021-08-09 12:00:00,0.84774,0.84858,0.84686,0.84817,17180003000.0,2021-08-09 14:57:17.895,2021-08-09 13:01:15.305
2021-08-09 16:00:00,0.84818,0.84835,0.8473,0.8475,7111700000.0,2021-08-09 16:00:44.170,2021-08-09 19:26:24.820
2021-08-09 20:00:00,0.84749,0.84766,0.84678,0.84753,2402408000.0,2021-08-09 23:36:29.620,2021-08-09 21:13:56.219
2021-08-10 00:00:00,0.84754,0.84803,0.84736,0.8477,3027800000.0,2021-08-10 02:56:52.754,2021-08-10 00:51:09.810
2021-08-10 04:00:00,0.84769,0.84798,0.84628,0.84684,7736601000.0,2021-08-10 06:40:03.225,2021-08-10 07:39:14.016
2021-08-10 08:00:00,0.84685,0.84692,0.84548,0.84566,13035308000.0,2021-08-10 08:00:07.212,2021-08-10 10:17:22.937
2021-08-10 12:00:00,0.84563,0.84698,0.845,0.84694,15504926000.0,2021-08-10 15:59:39.844,2021-08-10 14:25:23.537
2021-08-10 16:00:00,0.84693,0.84744,0.84651,0.847,5951697000.0,2021-08-10 16:31:40.495,2021-08-10 16:04:01.955
2021-08-10 20:00:00,0.84699,0.8471,0.84626,0.84705,2714043000.0,2021-08-10 23:32:02.523,2021-08-10 21:04:01.837
2021-08-11 00:00:00,0.84704,0.84774,0.84688,0.8474,3410830000.0,2021-08-11 02:36:39.217,2021-08-11 00:02:13.079
2021-08-11 04:00:00,0.84739,0.84778,0.84681,0.8477,7587998000.0,2021-08-11 07:45:12.254,2021-08-11 07:00:06.431
2021-08-11 08:00:00,0.84771,0.84838,0.84708,0.84713,7836250000.0,2021-08-11 10:16:24.788,2021-08-11 11:50:16.668
2021-08-11 12:00:00,0.84714,0.84744,0.84623,0.84646,22821514000.0,2021-08-11 12:30:12.636,2021-08-11 13:43:05.221
2021-08-11 16:00:00,0.84647,0.84672,0.84607,0.84651,6240969000.0,2021-08-11 18:01:35.914,2021-08-11 17:04:57.381
2021-08-11 20:00:00,0.84652,0.84681,0.84564,0.84676,2570681000.0,2021-08-11 20:49:17.761,2021-08-11 21:04:01.375
2021-08-12 00:00:00,0.84677,0.84677,0.84622,0.84645,5380048000.0,2021-08-12 00:00:00.024,2021-08-12 01:02:37.081
2021-08-12 04:00:00,0.84644,0.84698,0.84601,0.84604,6718503000.0,2021-08-12 07:00:09.358,2021-08-12 07:54:05.909
2021-08-12 08:00:00,0.84605,0.84797,0.84605,0.84767,8186444000.0,2021-08-12 11:33:19.585,2021-08-12 08:00:00.788
2021-08-12 12:00:00,0.84766,0.84841,0.84724,0.84835,13790199000.0,2021-08-12 15:52:25.948,2021-08-12 13:45:43.510
2021-08-12 16:00:00,0.84836,0.85043,0.84825,0.84997,4840167000.0,2021-08-12 18:39:18.515,2021-08-12 16:00:34.703
2021-08-12 20:00:00,0.84995,0.85011,0.84896,0.84971,2980656000.0,2021-08-12 20:31:14.383,2021-08-12 21:23:46.441
2021-08-13 00:00:00,0.84972,0.8502,0.84958,0.84982,3492195000.0,2021-08-13 01:37:15.587,2021-08-13 00:33:58.444
2021-08-13 04:00:00,0.84984,0.85072,0.84966,0.84979,5825855000.0,2021-08-13 06:26:35.120,2021-08-13 04:49:00.791
2021-08-13 08:00:00,0.84981,0.8518,0.84979,0.85099,6841142000.0,2021-08-13 10:09:02.097,2021-08-13 08:00:00.580
2021-08-13 12:00:00,0.85098,0.85151,0.85005,0.85127,16220295000.0,2021-08-13 14:50:52.385,2021-08-13 14:00:32.921
2021-08-13 16:00:00,0.85128,0.85136,0.85033,0.85056,6250553000.0,2021-08-13 16:24:43.598,2021-08-13 19:03:33.910
2021-08-13 20:00:00,0.85055,0.8507,0.85036,0.85043,1023652000.0,2021-08-13 20:44:36.698,2021-08-13 20:29:52.926
2021-08-15 20:00:00,0.85011,0.8508,0.85005,0.85067,1530081000.0,2021-08-15 22:01:58.578,2021-08-15 21:39:15.949
2021-08-16 00:00:00,0.85069,0.85123,0.85059,0.85105,3275507000.0,2021-08-16 03:48:29.948,2021-08-16 00:03:21.162
2021-08-16 04:00:00,0.85104,0.85153,0.85019,0.85029,5484964000.0,2021-08-16 07:06:16.585,2021-08-16 07:59:42.035
2021-08-16 08:00:00,0.8503,0.85069,0.84836,0.84874,7017203000.0,2021-08-16 09:47:56.805,2021-08-16 11:29:43.594
2021-08-16 12:00:00,0.84875,0.85144,0.84854,0.85031,17945753000.0,2021-08-16 14:01:05.771,2021-08-16 12:12:28.311
2021-08-16 16:00:00,0.8503,0.85111,0.85021,0.85105,4602440000.0,2021-08-16 19:31:45.519,2021-08-16 16:04:08.463
2021-08-16 20:00:00,0.85104,0.85111,0.85027,0.8509,2228192000.0,2021-08-16 20:05:43.663,2021-08-16 21:08:35.336
2021-08-17 00:00:00,0.85091,0.85181,0.85079,0.85177,3657621000.0,2021-08-17 03:57:56.979,2021-08-17 00:20:57.186
2021-08-17 04:00:00,0.85178,0.85329,0.85114,0.85301,9177915000.0,2021-08-17 07:03:49.329,2021-08-17 06:00:45.974
2021-08-17 08:00:00,0.85302,0.85364,0.85232,0.85303,8901373000.0,2021-08-17 10:26:34.306,2021-08-17 09:24:41.786
2021-08-17 12:00:00,0.85304,0.85355,0.85204,0.85258,19090530000.0,2021-08-17 12:06:04.217,2021-08-17 15:39:01.133
2021-08-17 16:00:00,0.85256,0.85324,0.85232,0.85245,5468593000.0,2021-08-17 17:26:49.485,2021-08-17 19:55:30.771
2021-08-17 20:00:00,0.85247,0.85322,0.8517,0.85216,1927412000.0,2021-08-17 21:15:16.446,2021-08-17 21:04:01.902
2021-08-18 00:00:00,0.85215,0.85247,0.85177,0.85191,5361205000.0,2021-08-18 00:26:01.793,2021-08-18 03:31:21.574
2021-08-18 04:00:00,0.85192,0.85328,0.85183,0.8531,7091324000.0,2021-08-18 07:43:22.354,2021-08-18 04:15:22.646
2021-08-18 08:00:00,0.85311,0.85328,0.85116,0.85134,11265405000.0,2021-08-18 08:00:56.821,2021-08-18 11:29:04.152
2021-08-18 12:00:00,0.85133,0.85221,0.8506,0.85118,15980502000.0,2021-08-18 12:22:22.911,2021-08-18 15:26:46.829
2021-08-18 16:00:00,0.85117,0.85197,0.85055,0.85136,15353436000.0,2021-08-18 18:04:46.335,2021-08-18 16:39:05.931
2021-08-18 20:00:00,0.85135,0.85173,0.85077,0.85151,4330900000.0,2021-08-18 23:31:02.919,2021-08-18 21:05:25.997
2021-08-19 00:00:00,0.85152,0.8516,0.85052,0.85091,4243804000.0,2021-08-19 00:01:17.486,2021-08-19 00:25:50.146
2021-08-19 04:00:00,0.85092,0.85312,0.85086,0.8529,9598324000.0,2021-08-19 07:59:09.380,2021-08-19 04:31:51.009
2021-08-19 08:00:00,0.85292,0.85515,0.85292,0.85508,13386367000.0,2021-08-19 11:56:44.819,2021-08-19 08:00:00.086
2021-08-19 12:00:00,0.85507,0.85586,0.85443,0.85526,16718574000.0,2021-08-19 14:38:50.772,2021-08-19 13:58:34.191
2021-08-19 16:00:00,0.85525,0.85647,0.85506,0.85638,8768122000.0,2021-08-19 19:59:08.798,2021-08-19 16:03:40.891
2021-08-19 20:00:00,0.85637,0.85679,0.85528,0.85661,2569915000.0,2021-08-19 23:55:32.239,2021-08-19 21:04:01.489
2021-08-20 00:00:00,0.8566,0.85763,0.8564,0.85732,5374651000.0,2021-08-20 01:45:55.435,2021-08-20 01:00:19.265
2021-08-20 04:00:00,0.85734,0.85825,0.85706,0.85762,10527719000.0,2021-08-20 07:28:50.558,2021-08-20 04:09:05.248
2021-08-20 08:00:00,0.85761,0.85797,0.85668,0.85721,9476070000.0,2021-08-20 10:55:24.898,2021-08-20 08:44:20.039
2021-08-20 12:00:00,0.85719,0.85827,0.85646,0.85792,17096725000.0,2021-08-20 15:55:55.657,2021-08-20 14:10:18.188
2021-08-20 16:00:00,0.85793,0.8589,0.85789,0.85882,6800906000.0,2021-08-20 16:18:28.674,2021-08-20 16:00:01.719
2021-08-20 20:00:00,0.85881,0.859,0.85863,0.85865,2530650000.0,2021-08-20 20:35:00.867,2021-08-20 20:54:02.988
2021-08-22 20:00:00,0.85738,0.8588,0.85738,0.85848,1995361000.0,2021-08-22 22:02:31.359,2021-08-22 21:05:01.853
2021-08-23 00:00:00,0.85847,0.85903,0.85744,0.85871,5449769000.0,2021-08-23 03:23:51.403,2021-08-23 01:07:19.344
2021-08-23 04:00:00,0.8587,0.85895,0.85741,0.85878,8099494000.0,2021-08-23 07:38:01.824,2021-08-23 06:26:16.872
2021-08-23 08:00:00,0.8588,0.85936,0.85638,0.85644,10551860000.0,2021-08-23 08:58:54.243,2021-08-23 11:56:43.381
2021-08-23 12:00:00,0.85645,0.85754,0.85502,0.85531,15791250000.0,2021-08-23 13:29:26.676,2021-08-23 15:29:23.581
2021-08-23 16:00:00,0.8553,0.85577,0.85516,0.85563,6609760000.0,2021-08-23 17:05:33.262,2021-08-23 16:09:27.494
2021-08-23 20:00:00,0.85562,0.85595,0.85516,0.85575,2619647000.0,2021-08-23 22:14:41.580,2021-08-23 21:04:01.939
2021-08-24 00:00:00,0.85576,0.85604,0.85556,0.85569,4920001000.0,2021-08-24 00:34:49.308,2021-08-24 01:53:22.831
2021-08-24 04:00:00,0.8557,0.85586,0.85425,0.85575,6257651000.0,2021-08-24 07:52:14.198,2021-08-24 06:09:44.055
2021-08-24 08:00:00,0.85576,0.85696,0.85476,0.85532,9522065000.0,2021-08-24 08:20:11.404,2021-08-24 10:37:56.374
2021-08-24 12:00:00,0.85533,0.85725,0.85496,0.85645,17348782000.0,2021-08-24 12:54:09.007,2021-08-24 12:01:36.093
2021-08-24 16:00:00,0.85643,0.85662,0.85548,0.85621,4490747000.0,2021-08-24 16:10:54.438,2021-08-24 17:45:49.300
2021-08-24 20:00:00,0.85622,0.85648,0.85541,0.85632,1910883000.0,2021-08-24 20:29:50.985,2021-08-24 21:28:11.424
2021-08-25 00:00:00,0.85633,0.85635,0.8552,0.85559,5804620000.0,2021-08-25 00:00:10.129,2021-08-25 01:55:50.605
2021-08-25 04:00:00,0.8556,0.85612,0.8553,0.85558,6628152000.0,2021-08-25 07:00:13.388,2021-08-25 07:57:15.623
2021-08-25 08:00:00,0.85559,0.85639,0.85523,0.85599,8498702000.0,2021-08-25 09:26:29.178,2021-08-25 08:01:11.887
2021-08-25 12:00:00,0.856,0.85693,0.85564,0.85675,15506396000.0,2021-08-25 13:58:38.658,2021-08-25 14:56:51.334
2021-08-25 16:00:00,0.85676,0.85683,0.85504,0.85542,10444774000.0,2021-08-25 16:01:27.146,2021-08-25 18:11:35.799
2021-08-25 20:00:00,0.85545,0.85558,0.85473,0.85523,2442000000.0,2021-08-25 21:40:50.666,2021-08-25 21:06:07.060
2021-08-26 00:00:00,0.85524,0.85554,0.85498,0.85531,4378700000.0,2021-08-26 03:15:37.321,2021-08-26 00:55:00.386
2021-08-26 04:00:00,0.85532,0.85651,0.85513,0.85611,7928915000.0,2021-08-26 07:23:11.589,2021-08-26 04:27:05.695
2021-08-26 08:00:00,0.85612,0.85747,0.85563,0.85695,9367551000.0,2021-08-26 11:00:45.337,2021-08-26 08:18:29.269
2021-08-26 12:00:00,0.85694,0.8578,0.85628,0.8578,21030705000.0,2021-08-26 15:59:19.134,2021-08-26 13:11:05.635
2021-08-26 16:00:00,0.85779,0.85837,0.8575,0.858,6998342000.0,2021-08-26 19:06:53.021,2021-08-26 17:05:09.358
2021-08-26 20:00:00,0.85801,0.85814,0.85751,0.85789,2010200000.0,2021-08-26 20:00:19.159,2021-08-26 21:04:01.120
2021-08-27 00:00:00,0.85792,0.85856,0.85792,0.85853,5357878000.0,2021-08-27 03:23:43.219,2021-08-27 00:00:00.455
2021-08-27 04:00:00,0.85855,0.85887,0.85703,0.85749,5768607000.0,2021-08-27 05:05:10.030,2021-08-27 07:33:31.163
2021-08-27 08:00:00,0.85748,0.85826,0.85708,0.85733,10907600000.0,2021-08-27 08:35:10.100,2021-08-27 08:04:38.296
2021-08-27 12:00:00,0.85731,0.85783,0.8558,0.85661,34163814000.0,2021-08-27 14:59:19.855,2021-08-27 14:00:17.873
2021-08-27 16:00:00,0.85663,0.85706,0.85631,0.85705,7833900000.0,2021-08-27 19:59:55.006,2021-08-27 16:16:17.638
2021-08-27 20:00:00,0.85706,0.85745,0.85698,0.85736,1490699000.0,2021-08-27 20:53:15.601,2021-08-27 20:28:00.553
2021-08-29 20:00:00,0.85649,0.85799,0.85649,0.85725,2510424000.0,2021-08-29 21:28:03.769,2021-08-29 21:05:00.971
2021-08-30 00:00:00,0.85726,0.85784,0.85707,0.85724,4367865000.0,2021-08-30 01:06:01.018,2021-08-30 03:31:43.226
2021-08-30 04:00:00,0.85725,0.85781,0.85672,0.85725,5369314000.0,2021-08-30 07:31:46.565,2021-08-30 06:28:25.615
2021-08-30 08:00:00,0.85724,0.85815,0.85703,0.8575,7883101000.0,2021-08-30 10:18:29.444,2021-08-30 08:07:59.818
2021-08-30 12:00:00,0.85751,0.85804,0.85696,0.85729,12681405000.0,2021-08-30 13:50:44.252,2021-08-30 12:43:48.669
2021-08-30 16:00:00,0.8573,0.85772,0.85725,0.85748,4321161000.0,2021-08-30 16:58:55.643,2021-08-30 16:32:20.527
2021-08-30 20:00:00,0.85747,0.85766,0.85703,0.85731,1708678000.0,2021-08-30 20:53:36.998,2021-08-30 21:08:47.377
2021-08-31 00:00:00,0.85729,0.85802,0.85724,0.85791,5277893000.0,2021-08-31 03:52:31.875,2021-08-31 01:47:43.780
2021-08-31 04:00:00,0.85792,0.85815,0.85704,0.85804,6595673000.0,2021-08-31 07:55:30.139,2021-08-31 06:28:13.204
2021-08-31 08:00:00,0.85806,0.85987,0.85806,0.85864,11011007000.0,2021-08-31 10:52:27.931,2021-08-31 08:00:00.523
2021-08-31 12:00:00,0.85862,0.85925,0.85653,0.8583,28706065000.0,2021-08-31 13:06:52.986,2021-08-31 14:48:11.019
2021-08-31 16:00:00,0.85829,0.85886,0.85814,0.85877,6211697000.0,2021-08-31 16:42:16.774,2021-08-31 18:15:50.442
2021-08-31 20:00:00,0.85876,0.85884,0.85801,0.85873,4776720000.0,2021-08-31 20:00:56.534,2021-08-31 21:16:26.358
2021-09-01 00:00:00,0.85874,0.85938,0.85843,0.85922,4973505000.0,2021-09-01 02:21:19.174,2021-09-01 00:15:10.680
2021-09-01 04:00:00,0.85923,0.85926,0.85738,0.85816,8933041000.0,2021-09-01 04:00:09.538,2021-09-01 06:36:24.773
2021-09-01 08:00:00,0.85817,0.85952,0.85809,0.85872,7640640000.0,2021-09-01 09:45:48.978,2021-09-01 08:02:08.545
2021-09-01 12:00:00,0.85873,0.86027,0.8583,0.85931,22389441000.0,2021-09-01 14:51:42.356,2021-09-01 12:35:51.801
2021-09-01 16:00:00,0.85932,0.86005,0.85931,0.85971,5320400000.0,2021-09-01 17:24:43.811,2021-09-01 18:05:05.154
2021-09-01 20:00:00,0.8597,0.85993,0.85919,0.85979,1762309000.0,2021-09-01 20:20:30.979,2021-09-01 21:08:40.381
2021-09-02 00:00:00,0.8598,0.86009,0.85936,0.8594,3775100000.0,2021-09-02 00:52:54.205,2021-09-02 03:41:40.120
2021-09-02 04:00:00,0.85939,0.85983,0.85905,0.85916,6799002000.0,2021-09-02 07:03:30.114,2021-09-02 07:48:45.933
2021-09-02 08:00:00,0.85918,0.85978,0.85867,0.85907,9720381000.0,2021-09-02 08:27:59.126,2021-09-02 09:40:27.169
2021-09-02 12:00:00,0.85906,0.85982,0.85767,0.85776,18249977000.0,2021-09-02 13:15:40.036,2021-09-02 14:59:46.957
2021-09-02 16:00:00,0.85777,0.85854,0.85767,0.85815,8375345000.0,2021-09-02 19:36:03.548,2021-09-02 16:13:38.723
2021-09-02 20:00:00,0.85814,0.85842,0.85773,0.85812,2031548000.0,2021-09-02 20:57:55.960,2021-09-02 21:12:46.514
2021-09-03 00:00:00,0.85813,0.85869,0.85794,0.85859,3255271000.0,2021-09-03 03:41:09.640,2021-09-03 00:12:46.198
2021-09-03 04:00:00,0.8586,0.85922,0.85834,0.85887,4138933000.0,2021-09-03 07:21:04.623,2021-09-03 06:21:58.250
2021-09-03 08:00:00,0.85886,0.85903,0.85758,0.85836,7078150000.0,2021-09-03 10:55:11.365,2021-09-03 09:34:09.542
2021-09-03 12:00:00,0.85835,0.85939,0.85621,0.85729,30542987000.0,2021-09-03 12:30:10.622,2021-09-03 14:57:25.489
2021-09-03 16:00:00,0.85728,0.85729,0.85626,0.85694,6828901000.0,2021-09-03 16:00:15.009,2021-09-03 18:11:24.906
2021-09-03 20:00:00,0.85696,0.85708,0.85659,0.85691,1785300000.0,2021-09-03 20:54:34.846,2021-09-03 20:48:30.034
2021-09-05 20:00:00,0.85636,0.85768,0.85619,0.85764,986182000.0,2021-09-05 23:59:38.697,2021-09-05 21:05:09.206
2021-09-06 00:00:00,0.85766,0.85769,0.85667,0.85674,3223125000.0,2021-09-06 00:00:11.696,2021-09-06 03:31:07.556
2021-09-06 04:00:00,0.85673,0.85766,0.85668,0.85715,3971298000.0,2021-09-06 07:09:22.525,2021-09-06 04:01:16.564
2021-09-06 08:00:00,0.85713,0.8578,0.85662,0.85667,6361493000.0,2021-09-06 11:10:40.776,2021-09-06 11:59:40.170
2021-09-06 12:00:00,0.85668,0.85857,0.85664,0.85813,6822701000.0,2021-09-06 14:32:42.267,2021-09-06 12:00:00.667
2021-09-06 16:00:00,0.85812,0.85837,0.85754,0.85778,17376999000.0,2021-09-06 17:01:22.727,2021-09-06 17:21:55.523
2021-09-06 20:00:00,0.85782,0.85802,0.85737,0.85794,4503104000.0,2021-09-06 20:27:23.518,2021-09-06 20:59:00.123
2021-09-07 00:00:00,0.85793,0.85801,0.85753,0.85778,4483800000.0,2021-09-07 00:07:47.164,2021-09-07 02:51:40.258
2021-09-07 04:00:00,0.85779,0.85866,0.8577,0.85859,10905439000.0,2021-09-07 07:59:57.661,2021-09-07 04:32:18.590
2021-09-07 08:00:00,0.85858,0.86135,0.85847,0.86108,15459653000.0,2021-09-07 11:55:37.727,2021-09-07 08:00:05.099
2021-09-07 12:00:00,0.86107,0.86122,0.85891,0.85919,21692303000.0,2021-09-07 12:21:28.585,2021-09-07 15:31:38.614
2021-09-07 16:00:00,0.8592,0.85934,0.85892,0.8591,6225950000.0,2021-09-07 18:29:29.878,2021-09-07 17:39:48.095
2021-09-07 20:00:00,0.85909,0.85947,0.85846,0.85946,2862400000.0,2021-09-07 23:59:51.940,2021-09-07 21:04:01.899
2021-09-08 00:00:00,0.85947,0.85962,0.85915,0.85937,4600902000.0,2021-09-08 00:02:48.760,2021-09-08 01:54:18.829
2021-09-08 04:00:00,0.85938,0.8603,0.85921,0.85941,9752100000.0,2021-09-08 07:29:23.359,2021-09-08 04:12:28.824
2021-09-08 08:00:00,0.85942,0.85977,0.85791,0.85863,16006505000.0,2021-09-08 08:16:04.532,2021-09-08 11:24:30.960
2021-09-08 12:00:00,0.85865,0.86012,0.85831,0.85865,22193433000.0,2021-09-08 14:56:13.511,2021-09-08 14:02:07.341
2021-09-08 16:00:00,0.85866,0.85886,0.8579,0.85794,10022800000.0,2021-09-08 16:02:06.230,2021-09-08 19:59:13.419
2021-09-08 20:00:00,0.85796,0.85859,0.85739,0.85849,3139462000.0,2021-09-08 23:57:31.922,2021-09-08 21:16:29.697
2021-09-09 00:00:00,0.85848,0.85878,0.85827,0.85862,5000150000.0,2021-09-09 03:10:18.342,2021-09-09 01:14:50.780
2021-09-09 04:00:00,0.85863,0.85886,0.85735,0.85745,11506131000.0,2021-09-09 05:29:45.919,2021-09-09 07:59:20.071
2021-09-09 08:00:00,0.85747,0.85747,0.85559,0.85566,15681534000.0,2021-09-09 08:00:00.301,2021-09-09 11:58:52.797
2021-09-09 12:00:00,0.85567,0.85578,0.85238,0.85371,27344655000.0,2021-09-09 12:00:44.662,2021-09-09 14:39:32.783
2021-09-09 16:00:00,0.85372,0.85493,0.85356,0.85458,8858516000.0,2021-09-09 18:24:32.356,2021-09-09 16:01:36.788
2021-09-09 20:00:00,0.85457,0.85471,0.85385,0.85434,4532057000.0,2021-09-09 20:05:21.930,2021-09-09 21:55:34.046
2021-09-10 00:00:00,0.85433,0.85443,0.85396,0.85408,4275482000.0,2021-09-10 01:17:34.267,2021-09-10 02:20:12.770
2021-09-10 04:00:00,0.85409,0.8545,0.85317,0.85357,11496004000.0,2021-09-10 05:50:40.378,2021-09-10 07:02:28.950
2021-09-10 08:00:00,0.85358,0.85411,0.85223,0.85228,11743719000.0,2021-09-10 09:13:17.607,2021-09-10 11:59:06.930
2021-09-10 12:00:00,0.8523,0.85445,0.85201,0.85374,18065220000.0,2021-09-10 14:55:55.698,2021-09-10 13:01:43.850
2021-09-10 16:00:00,0.85373,0.85404,0.85291,0.85397,8270562000.0,2021-09-10 19:59:33.676,2021-09-10 17:02:51.124
2021-09-10 20:00:00,0.85398,0.85426,0.85374,0.85394,1806550000.0,2021-09-10 20:51:09.145,2021-09-10 20:36:35.147
2021-09-12 20:00:00,0.85297,0.85385,0.85297,0.85346,961796000.0,2021-09-12 22:01:33.578,2021-09-12 21:06:06.437
2021-09-13 00:00:00,0.85345,0.85374,0.85267,0.85293,5539131000.0,2021-09-13 01:31:29.771,2021-09-13 03:12:36.042
2021-09-13 04:00:00,0.85292,0.85354,0.85261,0.85305,9719797000.0,2021-09-13 07:12:54.172,2021-09-13 06:41:27.106
2021-09-13 08:00:00,0.85306,0.85363,0.85154,0.85163,9429506000.0,2021-09-13 08:42:21.235,2021-09-13 10:59:34.320
2021-09-13 12:00:00,0.85162,0.85384,0.85103,0.85302,17138733000.0,2021-09-13 14:31:45.988,2021-09-13 12:08:54.862
2021-09-13 16:00:00,0.85305,0.85365,0.85289,0.85342,6943020000.0,2021-09-13 19:02:04.908,2021-09-13 16:12:02.189
2021-09-13 20:00:00,0.85343,0.85352,0.85289,0.85342,3366153000.0,2021-09-13 22:04:06.765,2021-09-13 21:04:01.361
2021-09-14 00:00:00,0.85341,0.8535,0.85297,0.85336,4588350000.0,2021-09-14 03:51:28.856,2021-09-14 01:40:22.615
2021-09-14 04:00:00,0.85337,0.85383,0.85194,0.85212,13494220000.0,2021-09-14 06:03:18.203,2021-09-14 07:53:42.349
2021-09-14 08:00:00,0.85213,0.85257,0.85106,0.85243,11042811000.0,2021-09-14 09:08:23.229,2021-09-14 10:45:24.238
2021-09-14 12:00:00,0.85244,0.85406,0.85107,0.85379,23662409000.0,2021-09-14 15:45:21.720,2021-09-14 13:38:49.774
2021-09-14 16:00:00,0.8538,0.85516,0.85341,0.85496,4704227000.0,2021-09-14 19:59:32.149,2021-09-14 16:48:23.478
2021-09-14 20:00:00,0.85495,0.85515,0.85383,0.85471,3020218000.0,2021-09-14 20:40:23.087,2021-09-14 21:05:29.174
2021-09-15 00:00:00,0.8547,0.85599,0.8545,0.85517,3130557000.0,2021-09-15 02:08:21.604,2021-09-15 00:16:18.498
2021-09-15 04:00:00,0.85518,0.85524,0.85345,0.85461,11925010000.0,2021-09-15 04:09:51.024,2021-09-15 07:05:18.360
2021-09-15 08:00:00,0.85462,0.85623,0.85411,0.85513,10619765000.0,2021-09-15 11:15:06.477,2021-09-15 08:30:55.295
2021-09-15 12:00:00,0.85512,0.85578,0.85286,0.8537,25326052000.0,2021-09-15 12:29:39.108,2021-09-15 13:55:51.861
2021-09-15 16:00:00,0.85369,0.85395,0.85322,0.85344,5248700000.0,2021-09-15 16:18:04.655,2021-09-15 18:11:08.141
2021-09-15 20:00:00,0.85345,0.85367,0.85306,0.8534,3105918000.0,2021-09-15 21:06:08.639,2021-09-15 21:04:01.231
2021-09-16 00:00:00,0.85343,0.85398,0.85334,0.85379,3304341000.0,2021-09-16 03:02:11.287,2021-09-16 00:58:40.847
2021-09-16 04:00:00,0.85378,0.85398,0.85186,0.85231,6828562000.0,2021-09-16 06:12:53.114,2021-09-16 07:54:16.315
2021-09-16 08:00:00,0.85232,0.85262,0.85048,0.85049,13508859000.0,2021-09-16 08:34:19.383,2021-09-16 11:57:36.504
2021-09-16 12:00:00,0.85048,0.85472,0.85006,0.85339,19535102000.0,2021-09-16 14:54:11.746,2021-09-16 12:17:14.393
2021-09-16 16:00:00,0.8534,0.85359,0.85229,0.85323,8881753000.0,2021-09-16 16:04:08.566,2021-09-16 18:59:37.883
2021-09-16 20:00:00,0.85324,0.85328,0.85215,0.85262,7161845000.0,2021-09-16 20:58:09.166,2021-09-16 21:04:01.562
2021-09-17 00:00:00,0.85261,0.8533,0.85248,0.85298,4145630000.0,2021-09-17 02:40:29.556,2021-09-17 00:04:31.973
2021-09-17 04:00:00,0.85299,0.85403,0.85222,0.8536,12956003000.0,2021-09-17 07:14:29.089,2021-09-17 05:36:54.350
2021-09-17 08:00:00,0.85361,0.85529,0.8527,0.85436,11512984000.0,2021-09-17 10:24:47.712,2021-09-17 08:33:32.024
2021-09-17 12:00:00,0.85437,0.85437,0.85257,0.85304,18112107000.0,2021-09-17 12:00:00.283,2021-09-17 13:47:30.197
2021-09-17 16:00:00,0.85303,0.85402,0.85251,0.85395,8958618000.0,2021-09-17 19:58:47.685,2021-09-17 16:27:39.588
2021-09-17 20:00:00,0.85397,0.8541,0.85374,0.85402,2041250000.0,2021-09-17 20:01:57.355,2021-09-17 20:05:59.378
2021-09-19 20:00:00,0.85344,0.85444,0.85339,0.85431,2554808000.0,2021-09-19 22:55:00.294,2021-09-19 21:11:19.109
2021-09-20 00:00:00,0.85432,0.8549,0.85406,0.85414,4532752000.0,2021-09-20 02:20:24.790,2021-09-20 03:39:28.479
2021-09-20 04:00:00,0.85415,0.8567,0.85415,0.85665,9565600000.0,2021-09-20 07:25:52.935,2021-09-20 04:00:13.068
2021-09-20 08:00:00,0.85666,0.85704,0.85512,0.85699,13097913000.0,2021-09-20 08:25:11.801,2021-09-20 10:26:12.120
2021-09-20 12:00:00,0.857,0.85895,0.85613,0.85881,22740377000.0,2021-09-20 15:52:59.295,2021-09-20 13:45:29.519
2021-09-20 16:00:00,0.85882,0.85944,0.8583,0.85839,8438575000.0,2021-09-20 16:09:59.422,2021-09-20 19:58:24.981
2021-09-20 20:00:00,0.85837,0.8588,0.8574,0.8583,5969998000.0,2021-09-20 20:55:02.996,2021-09-20 21:04:01.323
2021-09-21 00:00:00,0.85829,0.85892,0.85818,0.85818,5638314000.0,2021-09-21 00:56:51.205,2021-09-21 03:15:13.004
2021-09-21 04:00:00,0.85819,0.8586,0.8563,0.85697,12034329000.0,2021-09-21 06:01:20.973,2021-09-21 07:52:01.626
2021-09-21 08:00:00,0.85696,0.85861,0.85649,0.85856,10213280000.0,2021-09-21 11:54:16.937,2021-09-21 08:04:31.074
2021-09-21 12:00:00,0.85857,0.85948,0.85795,0.85808,27106603000.0,2021-09-21 14:58:38.085,2021-09-21 15:57:01.942
2021-09-21 16:00:00,0.85807,0.85874,0.85773,0.85839,11440144000.0,2021-09-21 17:05:15.218,2021-09-21 19:28:45.617
2021-09-21 20:00:00,0.8584,0.85849,0.85767,0.85831,4894632000.0,2021-09-21 20:00:52.903,2021-09-21 21:54:57.735
2021-09-22 00:00:00,0.8583,0.85864,0.85734,0.85856,7146904000.0,2021-09-22 03:57:17.016,2021-09-22 01:26:35.641
2021-09-22 04:00:00,0.85854,0.86028,0.85829,0.86011,11031971000.0,2021-09-22 07:59:36.610,2021-09-22 05:20:30.997
2021-09-22 08:00:00,0.86009,0.8608,0.85934,0.85965,8829917000.0,2021-09-22 09:46:47.667,2021-09-22 08:28:02.403
2021-09-22 12:00:00,0.85966,0.86129,0.85877,0.85879,20630973000.0,2021-09-22 12:54:51.742,2021-09-22 15:55:43.343
2021-09-22 16:00:00,0.8588,0.85969,0.85787,0.85874,31982298000.0,2021-09-22 17:08:54.892,2021-09-22 19:20:40.436
2021-09-22 20:00:00,0.85872,0.85876,0.85757,0.85828,5350232000.0,2021-09-22 20:00:16.899,2021-09-22 21:04:01.905
2021-09-23 00:00:00,0.85829,0.8587,0.85796,0.85815,5464640000.0,2021-09-23 03:14:04.118,2021-09-23 02:01:07.034
2021-09-23 04:00:00,0.85816,0.85897,0.85763,0.85783,11152340000.0,2021-09-23 06:25:52.520,2021-09-23 07:58:54.864
2021-09-23 08:00:00,0.85784,0.85849,0.85398,0.85398,22321730000.0,2021-09-23 08:50:53.188,2021-09-23 11:58:51.273
2021-09-23 12:00:00,0.85397,0.85569,0.85363,0.85372,27952050000.0,2021-09-23 13:09:58.255,2021-09-23 15:57:09.580
2021-09-23 16:00:00,0.85371,0.85562,0.85364,0.85552,10915084000.0,2021-09-23 19:59:09.764,2021-09-23 16:00:49.751
2021-09-23 20:00:00,0.85553,0.85566,0.85482,0.85557,4385900000.0,2021-09-23 20:50:00.236,2021-09-23 21:37:13.420
2021-09-24 00:00:00,0.85559,0.85572,0.85503,0.85548,4256850000.0,2021-09-24 02:14:04.716,2021-09-24 01:08:14.082
2021-09-24 04:00:00,0.85549,0.85622,0.85493,0.8562,13298450000.0,2021-09-24 07:59:15.928,2021-09-24 06:52:43.842
2021-09-24 08:00:00,0.85621,0.85721,0.85532,0.85652,12510130000.0,2021-09-24 11:10:39.754,2021-09-24 08:54:35.812
2021-09-24 12:00:00,0.85653,0.8572,0.85534,0.8562,17325900000.0,2021-09-24 12:25:13.463,2021-09-24 14:02:07.959
2021-09-24 16:00:00,0.85621,0.85768,0.85593,0.85702,6604900000.0,2021-09-24 18:59:44.110,2021-09-24 16:10:28.698
2021-09-24 20:00:00,0.85703,0.85727,0.85692,0.85715,2462550000.0,2021-09-24 20:33:45.014,2021-09-24 20:02:09.061
2021-09-26 20:00:00,0.85762,0.85772,0.85576,0.8576,2390390000.0,2021-09-26 23:31:09.958,2021-09-26 21:05:06.808
2021-09-27 00:00:00,0.85759,0.85759,0.85699,0.85729,3911750000.0,2021-09-27 00:00:00.789,2021-09-27 00:55:12.118
2021-09-27 04:00:00,0.85728,0.85772,0.85444,0.85479,11940050000.0,2021-09-27 06:39:46.141,2021-09-27 07:45:32.832
2021-09-27 08:00:00,0.85478,0.85482,0.85274,0.85424,18264281000.0,2021-09-27 11:05:16.049,2021-09-27 08:52:45.121
2021-09-27 12:00:00,0.85425,0.85477,0.85272,0.85335,31573330000.0,2021-09-27 12:01:55.499,2021-09-27 14:42:46.896
2021-09-27 16:00:00,0.85336,0.85417,0.85332,0.85361,6753130000.0,2021-09-27 18:02:17.087,2021-09-27 19:11:52.539
2021-09-27 20:00:00,0.8536,0.85363,0.85313,0.85361,2040150000.0,2021-09-27 20:29:10.522,2021-09-27 21:04:25.420
2021-09-28 00:00:00,0.8536,0.85375,0.853,0.85313,3296050000.0,2021-09-28 00:23:28.013,2021-09-28 03:41:57.900
2021-09-28 04:00:00,0.85314,0.8546,0.8525,0.85441,9915200000.0,2021-09-28 07:58:33.664,2021-09-28 06:35:58.386
2021-09-28 08:00:00,0.8544,0.85985,0.85407,0.85948,13425407128.0,2021-09-28 11:58:07.033,2021-09-28 09:22:27.425
2021-09-28 12:00:00,0.8595,0.86409,0.85918,0.86293,30316409000.0,2021-09-28 14:21:04.931,2021-09-28 12:11:08.400
2021-09-28 16:00:00,0.8629,0.86361,0.86256,0.86302,15484070000.0,2021-09-28 17:05:57.838,2021-09-28 16:15:48.723
2021-09-28 20:00:00,0.86303,0.86323,0.86196,0.86295,6195700000.0,2021-09-28 20:34:54.253,2021-09-28 21:40:32.869
2021-09-29 00:00:00,0.86296,0.86319,0.86242,0.86256,6322550000.0,2021-09-29 01:52:46.317,2021-09-29 03:37:28.847
2021-09-29 04:00:00,0.86255,0.86369,0.86126,0.86265,17565677000.0,2021-09-29 07:06:21.325,2021-09-29 07:35:18.295
2021-09-29 08:00:00,0.86264,0.86439,0.86198,0.86355,15477339000.0,2021-09-29 11:15:51.743,2021-09-29 10:32:03.728
2021-09-29 12:00:00,0.86356,0.8658,0.86355,0.86412,29090796000.0,2021-09-29 14:12:55.956,2021-09-29 12:00:00.229
2021-09-29 16:00:00,0.8641,0.86505,0.86327,0.8641,12386742000.0,2021-09-29 16:39:12.059,2021-09-29 19:18:38.120
2021-09-29 20:00:00,0.86408,0.86408,0.86325,0.864,4215875000.0,2021-09-29 20:00:00.050,2021-09-29 21:10:20.013
2021-09-30 00:00:00,0.86401,0.86409,0.86226,0.86239,5460043000.0,2021-09-30 00:00:45.545,2021-09-30 03:55:04.060
2021-09-30 04:00:00,0.8624,0.86426,0.86213,0.86326,14400500000.0,2021-09-30 07:38:01.756,2021-09-30 06:54:37.353
2021-09-30 08:00:00,0.86328,0.864,0.86046,0.86062,12525790000.0,2021-09-30 08:32:09.953,2021-09-30 10:41:51.219
2021-09-30 12:00:00,0.86063,0.86077,0.85775,0.85953,32095172000.0,2021-09-30 12:12:38.300,2021-09-30 15:22:49.095
2021-09-30 16:00:00,0.85954,0.86035,0.85853,0.85974,14973202000.0,2021-09-30 16:08:54.720,2021-09-30 18:15:27.983
2021-09-30 20:00:00,0.85975,0.8598,0.8588,0.85928,4662631000.0,2021-09-30 20:00:39.251,2021-09-30 21:06:57.997
2021-10-01 00:00:00,0.85929,0.86051,0.85887,0.8603,6856742000.0,2021-10-01 02:59:16.143,2021-10-01 00:14:04.136
2021-10-01 04:00:00,0.86031,0.8624,0.85986,0.8601,15396852000.0,2021-10-01 07:08:03.282,2021-10-01 07:57:43.737
2021-10-01 08:00:00,0.86008,0.86081,0.85643,0.85652,21360021000.0,2021-10-01 08:17:06.302,2021-10-01 11:46:59.153
2021-10-01 12:00:00,0.85655,0.85778,0.85448,0.85458,34254326000.0,2021-10-01 12:45:19.055,2021-10-01 15:44:37.860
2021-10-01 16:00:00,0.85457,0.8559,0.8544,0.85581,9212170000.0,2021-10-01 19:59:09.965,2021-10-01 16:24:13.093
2021-10-01 20:00:00,0.8558,0.85597,0.85569,0.85586,1994850000.0,2021-10-01 20:45:06.407,2021-10-01 20:15:25.662
2021-10-03 20:00:00,0.85508,0.85599,0.85457,0.85528,2178895000.0,2021-10-03 22:10:22.177,2021-10-03 21:14:44.947
2021-10-04 00:00:00,0.8553,0.85684,0.8552,0.85623,5261930000.0,2021-10-04 02:28:15.181,2021-10-04 00:07:01.439
2021-10-04 04:00:00,0.85622,0.85729,0.85567,0.85594,11095080000.0,2021-10-04 07:01:47.507,2021-10-04 07:16:51.547
2021-10-04 08:00:00,0.85595,0.85718,0.85442,0.85505,19255230000.0,2021-10-04 08:47:36.158,2021-10-04 09:50:26.974
2021-10-04 12:00:00,0.85504,0.85614,0.85311,0.85438,23835531000.0,2021-10-04 12:35:17.266,2021-10-04 14:07:20.309
2021-10-04 16:00:00,0.85437,0.85444,0.85319,0.85365,13631900000.0,2021-10-04 16:00:30.760,2021-10-04 17:35:15.876
2021-10-04 20:00:00,0.85364,0.85399,0.85316,0.85367,2603531000.0,2021-10-04 21:06:47.483,2021-10-04 21:59:43.444
2021-10-05 00:00:00,0.85368,0.85447,0.85297,0.85309,5565100000.0,2021-10-05 01:10:08.648,2021-10-05 03:52:31.490
2021-10-05 04:00:00,0.8531,0.8535,0.85164,0.85223,12051305000.0,2021-10-05 06:06:02.415,2021-10-05 07:42:30.559
2021-10-05 08:00:00,0.8522,0.85231,0.85063,0.85154,13986948000.0,2021-10-05 08:27:33.798,2021-10-05 11:20:24.747
2021-10-05 12:00:00,0.85155,0.85214,0.8503,0.85107,20315387000.0,2021-10-05 13:30:34.185,2021-10-05 14:45:02.834
2021-10-05 16:00:00,0.85108,0.85142,0.85058,0.85113,7571390000.0,2021-10-05 16:30:59.784,2021-10-05 18:41:55.688
2021-10-05 20:00:00,0.85112,0.85131,0.8505,0.85093,2274742000.0,2021-10-05 20:01:52.065,2021-10-05 21:04:58.768
2021-10-06 00:00:00,0.85094,0.85172,0.85059,0.85156,4354750000.0,2021-10-06 03:50:50.290,2021-10-06 00:33:31.151
2021-10-06 04:00:00,0.85157,0.85267,0.85055,0.85198,12779947000.0,2021-10-06 07:49:45.517,2021-10-06 06:35:11.199
2021-10-06 08:00:00,0.85199,0.85256,0.84982,0.85016,19283302000.0,2021-10-06 09:25:18.601,2021-10-06 11:01:40.673
2021-10-06 12:00:00,0.85014,0.85143,0.84948,0.85093,21458597000.0,2021-10-06 14:53:58.163,2021-10-06 12:10:29.808
2021-10-06 16:00:00,0.85094,0.8517,0.85021,0.85059,10703392000.0,2021-10-06 17:05:15.819,2021-10-06 18:32:49.635
2021-10-06 20:00:00,0.8506,0.85083,0.85007,0.85012,3786540000.0,2021-10-06 20:58:14.476,2021-10-06 21:28:07.645
2021-10-07 00:00:00,0.85011,0.85084,0.84999,0.85062,3599001000.0,2021-10-07 02:40:50.720,2021-10-07 00:02:00.349
2021-10-07 04:00:00,0.85061,0.85173,0.8502,0.85173,8507750000.0,2021-10-07 07:59:58.316,2021-10-07 07:00:29.894
2021-10-07 08:00:00,0.85174,0.85225,0.8493,0.8499,13739490000.0,2021-10-07 08:03:00.844,2021-10-07 09:18:28.997
2021-10-07 12:00:00,0.84989,0.85032,0.848,0.84802,14238607000.0,2021-10-07 12:13:21.730,2021-10-07 15:36:47.077
2021-10-07 16:00:00,0.84803,0.84896,0.84742,0.84848,7162020000.0,2021-10-07 17:36:52.303,2021-10-07 16:01:49.017
2021-10-07 20:00:00,0.84846,0.84891,0.84801,0.84869,2992831000.0,2021-10-07 23:25:47.530,2021-10-07 21:05:50.996
2021-10-08 00:00:00,0.84868,0.84894,0.84838,0.84877,3430142000.0,2021-10-08 00:35:30.275,2021-10-08 02:33:51.683
2021-10-08 04:00:00,0.8488,0.84994,0.84863,0.84955,8584120000.0,2021-10-08 07:50:09.148,2021-10-08 04:18:03.687
2021-10-08 08:00:00,0.84953,0.84982,0.8479,0.84867,10044920000.0,2021-10-08 08:09:04.926,2021-10-08 11:39:11.323
2021-10-08 12:00:00,0.84868,0.8493,0.84786,0.84902,24356984000.0,2021-10-08 13:36:46.940,2021-10-08 12:52:02.214
2021-10-08 16:00:00,0.84903,0.84997,0.84891,0.84959,5296550000.0,2021-10-08 18:59:46.112,2021-10-08 16:08:17.460
2021-10-08 20:00:00,0.84958,0.85009,0.84947,0.84986,1534250000.0,2021-10-08 20:39:31.965,2021-10-08 20:01:00.881
2021-10-10 20:00:00,0.84848,0.84973,0.84848,0.84935,1469040000.0,2021-10-10 22:27:17.823,2021-10-10 21:05:00.136
2021-10-11 00:00:00,0.84936,0.8494,0.84782,0.84857,4302746000.0,2021-10-11 00:00:41.212,2021-10-11 01:45:22.015
2021-10-11 04:00:00,0.84856,0.84867,0.84722,0.848,8584220000.0,2021-10-11 07:42:09.520,2021-10-11 06:53:11.686
2021-10-11 08:00:00,0.84799,0.84916,0.84746,0.84874,10304350000.0,2021-10-11 11:33:15.860,2021-10-11 08:06:26.126
2021-10-11 12:00:00,0.84875,0.8496,0.84827,0.84934,10409010000.0,2021-10-11 14:46:26.549,2021-10-11 14:02:21.210
2021-10-11 16:00:00,0.84935,0.85018,0.84914,0.85008,9514234000.0,2021-10-11 19:59:48.062,2021-10-11 18:15:54.985
2021-10-11 20:00:00,0.85009,0.85025,0.84923,0.85001,3309543000.0,2021-10-11 23:43:38.713,2021-10-11 21:04:16.135
2021-10-12 00:00:00,0.85,0.85032,0.84962,0.85013,4159551000.0,2021-10-12 00:55:00.357,2021-10-12 02:08:03.971
2021-10-12 04:00:00,0.85014,0.85084,0.8495,0.85064,8274476000.0,2021-10-12 07:04:07.049,2021-10-12 06:00:18.771
2021-10-12 08:00:00,0.85063,0.85181,0.84763,0.84814,10558265000.0,2021-10-12 08:15:39.621,2021-10-12 11:54:53.449
2021-10-12 12:00:00,0.84815,0.85003,0.84732,0.84837,15934955000.0,2021-10-12 14:26:01.944,2021-10-12 12:35:25.290
2021-10-12 16:00:00,0.84835,0.84885,0.84807,0.84839,6998821000.0,2021-10-12 17:23:28.914,2021-10-12 18:41:51.566
2021-10-12 20:00:00,0.84838,0.84931,0.84787,0.84926,2262030000.0,2021-10-12 23:58:19.977,2021-10-12 21:05:30.173
2021-10-13 00:00:00,0.84927,0.84931,0.84839,0.84847,4738351000.0,2021-10-13 00:00:33.279,2021-10-13 02:03:54.833
2021-10-13 04:00:00,0.84849,0.84908,0.84774,0.848,10667142000.0,2021-10-13 06:21:23.748,2021-10-13 07:45:42.370
2021-10-13 08:00:00,0.84799,0.84914,0.84729,0.84899,9810981000.0,2021-10-13 11:58:13.795,2021-10-13 09:20:31.457
2021-10-13 12:00:00,0.849,0.84955,0.84772,0.84778,24314072000.0,2021-10-13 12:50:57.269,2021-10-13 13:38:12.073
2021-10-13 16:00:00,0.84777,0.84977,0.84763,0.84862,10255718000.0,2021-10-13 18:43:31.339,2021-10-13 16:01:07.650
2021-10-13 20:00:00,0.84861,0.84889,0.8479,0.84841,2361331000.0,2021-10-13 20:52:12.706,2021-10-13 21:04:57.193
2021-10-14 00:00:00,0.8484,0.84874,0.84796,0.84812,2634970000.0,2021-10-14 00:54:48.616,2021-10-14 03:49:32.247
2021-10-14 04:00:00,0.84811,0.84844,0.84728,0.84741,11730880000.0,2021-10-14 04:20:30.631,2021-10-14 07:35:56.897
2021-10-14 08:00:00,0.84742,0.8479,0.84544,0.84594,13424782000.0,2021-10-14 08:26:29.420,2021-10-14 10:15:00.511
2021-10-14 12:00:00,0.84595,0.84733,0.84555,0.84698,17377370000.0,2021-10-14 15:17:06.068,2021-10-14 14:20:08.126
2021-10-14 16:00:00,0.84697,0.84832,0.84671,0.84826,4403021000.0,2021-10-14 19:59:15.420,2021-10-14 16:35:19.377
2021-10-14 20:00:00,0.84825,0.8484,0.84765,0.84795,1876151000.0,2021-10-14 20:01:25.916,2021-10-14 21:04:01.724
2021-10-15 00:00:00,0.84794,0.84835,0.84762,0.84817,3234306000.0,2021-10-15 02:00:57.358,2021-10-15 00:58:38.848
2021-10-15 04:00:00,0.84815,0.84865,0.84574,0.84632,9058240000.0,2021-10-15 06:24:53.412,2021-10-15 07:51:05.728
2021-10-15 08:00:00,0.84631,0.8464,0.84352,0.84378,14793888000.0,2021-10-15 08:00:22.998,2021-10-15 11:37:21.353
2021-10-15 12:00:00,0.84377,0.84445,0.84252,0.8428,16137490000.0,2021-10-15 13:26:17.563,2021-10-15 14:40:09.892
2021-10-15 16:00:00,0.84278,0.84446,0.84236,0.84424,5519640000.0,2021-10-15 19:08:36.819,2021-10-15 16:23:00.587
2021-10-15 20:00:00,0.84426,0.84435,0.84371,0.84377,1650000000.0,2021-10-15 20:25:48.397,2021-10-15 20:54:00.878
2021-10-17 20:00:00,0.84204,0.84345,0.84201,0.8427,3587726018.0,2021-10-17 22:01:04.108,2021-10-17 21:05:44.761
2021-10-18 00:00:00,0.84267,0.84394,0.84245,0.84351,4201550000.0,2021-10-18 03:18:13.038,2021-10-18 00:15:39.305
2021-10-18 04:00:00,0.84352,0.84386,0.84252,0.84328,7328040000.0,2021-10-18 06:12:15.159,2021-10-18 07:30:04.830
2021-10-18 08:00:00,0.84329,0.8445,0.84294,0.84434,9985128000.0,2021-10-18 11:54:19.623,2021-10-18 09:51:18.860
2021-10-18 12:00:00,0.84435,0.84632,0.84419,0.84565,17997434000.0,2021-10-18 15:24:50.560,2021-10-18 12:08:45.464
2021-10-18 16:00:00,0.84566,0.84636,0.84534,0.84553,6686840000.0,2021-10-18 16:58:33.088,2021-10-18 17:58:25.577
2021-10-18 20:00:00,0.84552,0.84591,0.84512,0.84545,2097236000.0,2021-10-18 20:55:48.363,2021-10-18 21:16:18.928
2021-10-19 00:00:00,0.84544,0.84612,0.84518,0.84606,4890303000.0,2021-10-19 03:38:59.055,2021-10-19 01:28:29.860
2021-10-19 04:00:00,0.84607,0.84632,0.84507,0.84567,12593448000.0,2021-10-19 04:15:44.659,2021-10-19 07:47:56.561
2021-10-19 08:00:00,0.84568,0.8457,0.84283,0.84313,13340647000.0,2021-10-19 08:00:04.036,2021-10-19 11:38:26.925
2021-10-19 12:00:00,0.84311,0.84444,0.84231,0.84249,19390180000.0,2021-10-19 14:30:42.428,2021-10-19 12:21:08.152
2021-10-19 16:00:00,0.8425,0.8437,0.84245,0.84366,6525611000.0,2021-10-19 19:58:50.563,2021-10-19 16:00:11.222
2021-10-19 20:00:00,0.84365,0.8437,0.8424,0.84329,2164491000.0,2021-10-19 20:17:08.347,2021-10-19 21:26:37.567
2021-10-20 00:00:00,0.84328,0.84347,0.84298,0.84326,4875230000.0,2021-10-20 00:22:23.471,2021-10-20 02:59:49.888
2021-10-20 04:00:00,0.84327,0.84492,0.84305,0.84394,6858689000.0,2021-10-20 07:03:09.866,2021-10-20 07:37:17.371
2021-10-20 08:00:00,0.84395,0.84605,0.84328,0.84574,7981801000.0,2021-10-20 11:48:01.442,2021-10-20 08:37:08.673
2021-10-20 12:00:00,0.84573,0.84574,0.84228,0.84243,19809008000.0,2021-10-20 12:00:00.106,2021-10-20 15:26:35.732
2021-10-20 16:00:00,0.84242,0.84318,0.84236,0.84275,8640075000.0,2021-10-20 16:37:02.876,2021-10-20 19:41:34.531
2021-10-20 20:00:00,0.84276,0.84307,0.8421,0.843,1706363000.0,2021-10-20 23:57:22.074,2021-10-20 21:58:16.833
2021-10-21 00:00:00,0.84299,0.84364,0.8428,0.84327,3319704000.0,2021-10-21 02:33:19.731,2021-10-21 00:03:52.196
2021-10-21 04:00:00,0.84328,0.84436,0.84254,0.84256,9332355000.0,2021-10-21 06:50:59.805,2021-10-21 07:59:53.026
2021-10-21 08:00:00,0.84257,0.84432,0.84228,0.84289,9806739577.0,2021-10-21 09:39:53.056,2021-10-21 08:02:44.302
2021-10-21 12:00:00,0.84292,0.8439,0.8422,0.84294,17081160000.0,2021-10-21 13:16:29.380,2021-10-21 14:37:22.192
2021-10-21 16:00:00,0.84293,0.84387,0.84284,0.84291,6152455000.0,2021-10-21 18:11:04.317,2021-10-21 16:02:06.445
2021-10-21 20:00:00,0.84292,0.84309,0.84213,0.84292,3572272000.0,2021-10-21 20:01:35.164,2021-10-21 21:07:06.474
2021-10-22 00:00:00,0.84291,0.84325,0.84212,0.84274,5471910000.0,2021-10-22 00:51:40.417,2021-10-22 01:24:18.479
2021-10-22 04:00:00,0.84275,0.84507,0.84236,0.84497,12794497000.0,2021-10-22 07:57:44.832,2021-10-22 05:07:34.618
2021-10-22 08:00:00,0.84498,0.84539,0.84231,0.84382,14916153000.0,2021-10-22 08:00:11.143,2021-10-22 09:24:22.942
2021-10-22 12:00:00,0.84383,0.84689,0.84318,0.84635,32899282000.0,2021-10-22 15:57:11.477,2021-10-22 12:20:57.233
2021-10-22 16:00:00,0.84637,0.84669,0.84549,0.84603,12515138000.0,2021-10-22 16:00:22.429,2021-10-22 17:02:59.277
2021-10-22 20:00:00,0.84604,0.84633,0.84603,0.8462,814950000.0,2021-10-22 20:40:04.652,2021-10-22 20:00:00.952
2021-10-24 20:00:00,0.8462,0.84658,0.84567,0.84571,1154426000.0,2021-10-24 21:23:18.503,2021-10-24 23:56:24.130
2021-10-25 00:00:00,0.84572,0.84635,0.84531,0.84631,4873250000.0,2021-10-25 03:57:34.704,2021-10-25 01:01:40.330
2021-10-25 04:00:00,0.84635,0.84654,0.84484,0.84554,10885629000.0,2021-10-25 06:47:07.885,2021-10-25 07:19:11.996
2021-10-25 08:00:00,0.84553,0.84599,0.84332,0.84392,12169506000.0,2021-10-25 08:59:48.485,2021-10-25 11:41:41.976
2021-10-25 12:00:00,0.8439,0.84434,0.84275,0.84296,17683642000.0,2021-10-25 13:50:10.034,2021-10-25 15:45:02.114
2021-10-25 16:00:00,0.84297,0.84368,0.84286,0.8435,6131750000.0,2021-10-25 16:51:48.176,2021-10-25 16:00:20.899
2021-10-25 20:00:00,0.84351,0.84357,0.84261,0.84339,1403478000.0,2021-10-25 23:05:37.576,2021-10-25 21:04:28.863
2021-10-26 00:00:00,0.84338,0.8434,0.8426,0.8427,3599400000.0,2021-10-26 00:00:03.356,2021-10-26 03:10:08.045
2021-10-26 04:00:00,0.84271,0.84343,0.84122,0.8422,7869900000.0,2021-10-26 06:00:12.686,2021-10-26 07:03:48.375
2021-10-26 08:00:00,0.84217,0.8429,0.84025,0.8413,13507129000.0,2021-10-26 08:10:37.854,2021-10-26 11:29:00.006
2021-10-26 12:00:00,0.84131,0.84234,0.84044,0.84168,17380000000.0,2021-10-26 13:20:27.817,2021-10-26 15:19:49.113
2021-10-26 16:00:00,0.84167,0.84273,0.84161,0.84265,5626382000.0,2021-10-26 19:57:57.528,2021-10-26 16:00:05.532
2021-10-26 20:00:00,0.84266,0.84283,0.84081,0.84236,1996449000.0,2021-10-26 20:02:03.805,2021-10-26 21:04:01.459
2021-10-27 00:00:00,0.84237,0.84284,0.84203,0.84252,4408049000.0,2021-10-27 01:07:47.602,2021-10-27 02:57:24.480
2021-10-27 04:00:00,0.84253,0.84437,0.84215,0.84419,5864745000.0,2021-10-27 07:58:52.823,2021-10-27 06:45:52.229
2021-10-27 08:00:00,0.84418,0.846,0.84341,0.84502,15980395000.0,2021-10-27 11:19:07.607,2021-10-27 08:20:38.706
2021-10-27 12:00:00,0.84503,0.84645,0.84394,0.84432,24183654000.0,2021-10-27 13:33:49.495,2021-10-27 15:25:04.350
2021-10-27 16:00:00,0.84431,0.84477,0.84368,0.84441,8436678000.0,2021-10-27 19:15:23.990,2021-10-27 16:34:00.735
2021-10-27 20:00:00,0.8444,0.8447,0.84378,0.84461,2223802000.0,2021-10-27 23:56:54.349,2021-10-27 21:04:01.869
2021-10-28 00:00:00,0.84462,0.84494,0.8442,0.84427,4779771000.0,2021-10-28 02:10:49.676,2021-10-28 03:40:00.445
2021-10-28 04:00:00,0.84426,0.84468,0.84289,0.84364,10143930000.0,2021-10-28 04:32:30.284,2021-10-28 07:04:05.281
2021-10-28 08:00:00,0.84365,0.84453,0.84225,0.84338,13433163000.0,2021-10-28 11:48:30.201,2021-10-28 09:27:02.554
2021-10-28 12:00:00,0.8434,0.84664,0.84314,0.84644,29495236000.0,2021-10-28 14:07:44.865,2021-10-28 12:02:05.567
2021-10-28 16:00:00,0.84642,0.84757,0.84627,0.84707,9161968000.0,2021-10-28 18:05:20.924,2021-10-28 16:13:26.234
2021-10-28 20:00:00,0.84709,0.84717,0.84646,0.8466,3594218000.0,2021-10-28 20:06:54.424,2021-10-28 21:06:10.077
2021-10-29 00:00:00,0.84661,0.84726,0.84615,0.84643,7013049000.0,2021-10-29 01:05:11.801,2021-10-29 03:01:34.192
2021-10-29 04:00:00,0.84642,0.84665,0.84553,0.84629,9535410000.0,2021-10-29 07:07:04.993,2021-10-29 07:23:34.252
2021-10-29 08:00:00,0.8463,0.84651,0.84419,0.84462,13858855000.0,2021-10-29 08:15:59.646,2021-10-29 11:41:47.196
2021-10-29 12:00:00,0.84461,0.84528,0.84344,0.84396,41528161000.0,2021-10-29 13:08:14.775,2021-10-29 15:56:16.284
2021-10-29 16:00:00,0.84394,0.84481,0.8433,0.84465,19260404000.0,2021-10-29 19:24:29.920,2021-10-29 16:14:16.140
2021-10-29 20:00:00,0.84466,0.84475,0.84419,0.84438,2784971000.0,2021-10-29 20:00:52.785,2021-10-29 20:54:43.295
2021-10-31 20:00:00,0.84458,0.84494,0.84435,0.84455,2717314000.0,2021-10-31 22:10:16.823,2021-10-31 22:00:37.608
2021-11-01 00:00:00,0.84454,0.84533,0.8442,0.84434,5991676000.0,2021-11-01 00:55:00.248,2021-11-01 03:46:23.574
2021-11-01 04:00:00,0.84435,0.84715,0.84427,0.84707,10434664000.0,2021-11-01 07:58:11.818,2021-11-01 04:17:00.441
2021-11-01 08:00:00,0.84708,0.84792,0.84551,0.84609,21077389000.0,2021-11-01 10:46:38.547,2021-11-01 08:17:00.227
2021-11-01 12:00:00,0.84608,0.84748,0.84556,0.84741,21625045000.0,2021-11-01 15:54:18.760,2021-11-01 13:05:26.449
2021-11-01 16:00:00,0.8474,0.84994,0.84714,0.84947,12869261000.0,2021-11-01 18:54:30.910,2021-11-01 16:37:15.001
2021-11-01 20:00:00,0.84946,0.84989,0.84848,0.84945,7870432000.0,2021-11-01 20:49:21.320,2021-11-01 21:12:56.935
2021-11-02 00:00:00,0.84946,0.84991,0.84923,0.84967,5669445000.0,2021-11-02 03:35:03.157,2021-11-02 00:03:15.115
2021-11-02 04:00:00,0.84966,0.85053,0.84943,0.84986,9183478000.0,2021-11-02 06:06:53.694,2021-11-02 05:00:02.651
2021-11-02 08:00:00,0.84987,0.85135,0.84922,0.8501,22381505000.0,2021-11-02 10:48:39.344,2021-11-02 08:46:01.734
2021-11-02 12:00:00,0.85009,0.85136,0.84929,0.85079,25106209000.0,2021-11-02 15:49:02.844,2021-11-02 13:03:56.783
2021-11-02 16:00:00,0.85081,0.85105,0.85006,0.85066,11253261000.0,2021-11-02 16:24:22.792,2021-11-02 18:49:03.579
2021-11-02 20:00:00,0.85065,0.85066,0.8494,0.85035,5387384000.0,2021-11-02 20:20:29.195,2021-11-02 21:04:09.751
2021-11-03 00:00:00,0.85036,0.85043,0.84958,0.84967,4365588000.0,2021-11-03 00:29:44.759,2021-11-03 03:55:37.968
2021-11-03 04:00:00,0.84966,0.85026,0.84954,0.85022,5515849000.0,2021-11-03 07:14:14.415,2021-11-03 04:09:30.041
2021-11-03 08:00:00,0.85023,0.85126,0.84856,0.84864,17614547000.0,2021-11-03 08:42:55.437,2021-11-03 11:59:21.656
2021-11-03 12:00:00,0.84863,0.84881,0.84722,0.8481,25073372000.0,2021-11-03 12:01:04.486,2021-11-03 14:51:00.725
2021-11-03 16:00:00,0.84812,0.84884,0.84737,0.84833,37652637000.0,2021-11-03 18:50:38.897,2021-11-03 17:08:00.302
2021-11-03 20:00:00,0.84832,0.84855,0.84768,0.84816,3317760000.0,2021-11-03 21:54:37.405,2021-11-03 21:14:57.996
2021-11-04 00:00:00,0.8482,0.84909,0.84804,0.84856,4919130000.0,2021-11-04 03:13:04.685,2021-11-04 00:03:03.813
2021-11-04 04:00:00,0.84855,0.84895,0.84701,0.84717,9626503000.0,2021-11-04 04:47:08.188,2021-11-04 07:18:11.199
2021-11-04 08:00:00,0.84718,0.84791,0.84625,0.84694,18985148000.0,2021-11-04 10:09:47.955,2021-11-04 11:59:25.958
2021-11-04 12:00:00,0.84695,0.85647,0.84695,0.85571,128072490000.0,2021-11-04 15:50:13.372,2021-11-04 12:00:00.272
2021-11-04 16:00:00,0.8557,0.85632,0.85452,0.85584,22853348000.0,2021-11-04 17:51:53.872,2021-11-04 16:35:05.610
2021-11-04 20:00:00,0.85585,0.85618,0.8552,0.85541,4919003000.0,2021-11-04 20:45:03.285,2021-11-04 23:18:57.249
2021-11-05 00:00:00,0.85542,0.8565,0.85515,0.85531,3804635200.0,2021-11-05 02:01:18.935,2021-11-05 03:56:23.204
2021-11-05 04:00:00,0.8553,0.85654,0.8553,0.856,3684953000.0,2021-11-05 07:18:41.055,2021-11-05 04:00:00.154
2021-11-05 08:00:00,0.85601,0.85949,0.85601,0.85798,15472231000.0,2021-11-05 09:58:22.824,2021-11-05 08:00:00.791
2021-11-05 12:00:00,0.85799,0.85802,0.85484,0.85634,26401810000.0,2021-11-05 12:13:05.591,2021-11-05 13:20:37.943
2021-11-05 16:00:00,0.85633,0.8576,0.85608,0.85734,14296253000.0,2021-11-05 19:53:34.575,2021-11-05 16:39:31.079
2021-11-05 20:00:00,0.85733,0.85782,0.85694,0.85702,1520072000.0,2021-11-05 20:41:53.616,2021-11-05 20:54:20.164
2021-11-07 20:00:00,0.85674,0.85764,0.85525,0.85748,10565900000.0,2021-11-07 23:15:44.077,2021-11-07 22:16:06.223
2021-11-08 00:00:00,0.85747,0.85769,0.85707,0.85746,3836277000.0,2021-11-08 00:02:42.933,2021-11-08 01:30:17.100
2021-11-08 04:00:00,0.85745,0.85794,0.85685,0.85747,4989161000.0,2021-11-08 04:51:19.879,2021-11-08 07:25:49.904
2021-11-08 08:00:00,0.85749,0.85884,0.85611,0.85618,11260505500.0,2021-11-08 08:27:38.207,2021-11-08 11:59:56.043
2021-11-08 12:00:00,0.85619,0.85689,0.85355,0.85448,14481618000.0,2021-11-08 12:14:33.206,2021-11-08 14:50:34.269
2021-11-08 16:00:00,0.8545,0.85513,0.85427,0.85491,6609612000.0,2021-11-08 18:51:57.953,2021-11-08 16:52:46.134
2021-11-08 20:00:00,0.8549,0.85493,0.85392,0.85432,4228372600.0,2021-11-08 20:00:29.048,2021-11-08 21:58:30.174
2021-11-09 00:00:00,0.85431,0.85475,0.85391,0.85448,4730204000.0,2021-11-09 01:43:21.299,2021-11-09 01:18:21.220
2021-11-09 04:00:00,0.85449,0.85516,0.85427,0.85477,6055831700.0,2021-11-09 06:53:32.302,2021-11-09 07:28:50.321
2021-11-09 08:00:00,0.85478,0.85493,0.85204,0.85334,13316681000.0,2021-11-09 08:00:02.475,2021-11-09 09:55:56.230
2021-11-09 12:00:00,0.85335,0.85609,0.85301,0.85492,31368134000.0,2021-11-09 14:59:00.395,2021-11-09 12:29:17.011
2021-11-09 16:00:00,0.85493,0.85587,0.85433,0.85486,7934086000.0,2021-11-09 16:27:50.678,2021-11-09 17:56:20.093
2021-11-09 20:00:00,0.85487,0.85522,0.85456,0.85499,4135631000.0,2021-11-09 21:01:41.947,2021-11-09 22:06:04.795
2021-11-10 00:00:00,0.855,0.8557,0.85418,0.85439,3110731000.0,2021-11-10 01:30:04.247,2021-11-10 03:33:01.702
2021-11-10 04:00:00,0.8544,0.8547,0.85318,0.8535,4532995000.0,2021-11-10 05:10:08.062,2021-11-10 07:21:30.006
2021-11-10 08:00:00,0.85349,0.85601,0.85324,0.85481,12719420000.0,2021-11-10 11:20:24.750,2021-11-10 08:01:37.789
2021-11-10 12:00:00,0.85482,0.85604,0.85405,0.85483,25528537000.0,2021-11-10 13:40:50.975,2021-11-10 15:34:13.556
2021-11-10 16:00:00,0.85484,0.85629,0.85426,0.85604,21864157000.0,2021-11-10 19:39:41.110,2021-11-10 16:14:45.841
2021-11-10 20:00:00,0.85605,0.85646,0.85585,0.85633,6299430000.0,2021-11-10 20:38:04.522,2021-11-10 22:21:43.064
2021-11-11 00:00:00,0.85632,0.85646,0.85571,0.85593,4988376000.0,2021-11-11 01:16:12.078,2021-11-11 02:16:41.121
2021-11-11 04:00:00,0.85594,0.85652,0.85487,0.85576,6115727000.0,2021-11-11 07:52:33.854,2021-11-11 06:45:16.441
2021-11-11 08:00:00,0.85575,0.85736,0.85507,0.85607,14207588000.0,2021-11-11 08:38:25.029,2021-11-11 11:18:18.347
2021-11-11 12:00:00,0.85608,0.85727,0.8543,0.85652,13853173500.0,2021-11-11 15:45:04.079,2021-11-11 14:01:01.598
2021-11-11 16:00:00,0.85654,0.85693,0.85604,0.85643,7055610000.0,2021-11-11 17:08:46.720,2021-11-11 16:44:50.870
2021-11-11 20:00:00,0.85642,0.85679,0.85595,0.8565,5995750000.0,2021-11-11 21:14:20.006,2021-11-11 21:59:48.110
2021-11-12 00:00:00,0.85648,0.85653,0.85592,0.85618,4970171000.0,2021-11-12 02:26:48.226,2021-11-12 00:43:05.442
2021-11-12 04:00:00,0.85619,0.85626,0.85503,0.85524,5808075000.0,2021-11-12 05:41:56.339,2021-11-12 07:24:12.925
2021-11-12 08:00:00,0.85523,0.85557,0.85379,0.85492,12760399000.0,2021-11-12 08:20:58.724,2021-11-12 08:52:02.996
2021-11-12 12:00:00,0.85491,0.85542,0.85345,0.85441,18948936200.0,2021-11-12 13:21:34.881,2021-11-12 15:17:04.613
2021-11-12 16:00:00,0.85439,0.85446,0.85254,0.85299,5884127000.0,2021-11-12 16:00:27.204,2021-11-12 19:39:57.380
2021-11-12 20:00:00,0.853,0.85326,0.85263,0.8531,2951132000.0,2021-11-12 21:49:37.545,2021-11-12 21:08:10.940
2021-11-14 20:00:00,0.85299,0.85306,0.85258,0.85278,2418100000.0,2021-11-14 23:03:36.340,2021-11-14 22:11:20.116
2021-11-15 00:00:00,0.85277,0.85337,0.85273,0.85328,3259889000.0,2021-11-15 03:41:16.146,2021-11-15 00:52:48.242
2021-11-15 04:00:00,0.85326,0.8534,0.85257,0.85277,4611246000.0,2021-11-15 07:33:56.733,2021-11-15 07:16:03.505
2021-11-15 08:00:00,0.85276,0.85374,0.85192,0.85192,12171509000.0,2021-11-15 09:55:03.474,2021-11-15 11:59:59.900
2021-11-15 12:00:00,0.85191,0.85287,0.84996,0.85022,13198237500.0,2021-11-15 12:24:09.714,2021-11-15 15:47:27.851
2021-11-15 16:00:00,0.85021,0.85049,0.84745,0.84792,9174367000.0,2021-11-15 16:07:34.133,2021-11-15 19:05:11.095
2021-11-15 20:00:00,0.84793,0.84798,0.84706,0.84763,3956169000.0,2021-11-15 20:01:43.394,2021-11-15 20:36:36.712
2021-11-16 00:00:00,0.8476,0.84821,0.84709,0.84729,4760418000.0,2021-11-16 00:52:55.259,2021-11-16 03:10:06.362
2021-11-16 04:00:00,0.84728,0.84792,0.84488,0.84515,7025890500.0,2021-11-16 06:03:15.220,2021-11-16 07:50:40.597
2021-11-16 08:00:00,0.84516,0.84619,0.84346,0.84532,18222930000.0,2021-11-16 11:20:01.011,2021-11-16 09:44:45.968
2021-11-16 12:00:00,0.84531,0.84589,0.84356,0.84569,22755410000.0,2021-11-16 13:34:30.987,2021-11-16 14:07:34.228
2021-11-16 16:00:00,0.84568,0.84588,0.84264,0.84271,8195603000.0,2021-11-16 16:01:23.050,2021-11-16 19:59:17.070
2021-11-16 20:00:00,0.84272,0.84322,0.84261,0.843,6154405000.0,2021-11-16 21:51:19.229,2021-11-16 21:59:50.056
2021-11-17 00:00:00,0.84301,0.84363,0.84067,0.84155,5747569200.0,2021-11-17 01:12:21.874,2021-11-17 03:42:23.369
2021-11-17 04:00:00,0.84154,0.84207,0.83901,0.84051,9844009700.0,2021-11-17 04:19:12.872,2021-11-17 07:00:19.600
2021-11-17 08:00:00,0.8405,0.84293,0.84044,0.84169,12252455000.0,2021-11-17 10:11:09.157,2021-11-17 08:00:04.750
2021-11-17 12:00:00,0.8417,0.84186,0.83851,0.8398,18100389000.0,2021-11-17 12:01:48.478,2021-11-17 14:39:37.681
2021-11-17 16:00:00,0.83981,0.84013,0.8386,0.83903,7009133000.0,2021-11-17 16:05:46.879,2021-11-17 18:59:38.342
2021-11-17 20:00:00,0.83904,0.8394,0.83859,0.83905,4608373000.0,2021-11-17 20:50:55.573,2021-11-17 23:05:14.191
2021-11-18 00:00:00,0.83904,0.84,0.8388,0.83954,4505455000.0,2021-11-18 02:10:26.170,2021-11-18 00:32:53.706
2021-11-18 04:00:00,0.83955,0.83968,0.83833,0.83895,4123925000.0,2021-11-18 04:44:03.753,2021-11-18 07:30:56.414
2021-11-18 08:00:00,0.83894,0.84119,0.83858,0.84109,13201736500.0,2021-11-18 11:58:08.322,2021-11-18 09:38:36.274
2021-11-18 12:00:00,0.84108,0.84248,0.84083,0.84205,22329765000.0,2021-11-18 15:48:59.409,2021-11-18 13:53:57.252
2021-11-18 16:00:00,0.84202,0.84266,0.8418,0.84246,8613767000.0,2021-11-18 17:24:22.547,2021-11-18 18:59:24.860
2021-11-18 20:00:00,0.84247,0.84257,0.84181,0.84208,2888946000.0,2021-11-18 20:17:16.146,2021-11-18 22:04:01.728
2021-11-19 00:00:00,0.84209,0.84235,0.84169,0.84196,1781803000.0,2021-11-19 01:01:35.369,2021-11-19 02:34:18.704
2021-11-19 04:00:00,0.84197,0.84215,0.84047,0.84078,4102303000.0,2021-11-19 04:12:10.224,2021-11-19 07:21:11.460
2021-11-19 08:00:00,0.84077,0.84265,0.83912,0.83938,29396350000.0,2021-11-19 09:01:59.029,2021-11-19 11:58:53.367
2021-11-19 12:00:00,0.83939,0.84098,0.83853,0.84082,25289533000.0,2021-11-19 15:04:58.081,2021-11-19 13:02:45.737
2021-11-19 16:00:00,0.84081,0.84105,0.83913,0.83955,11001847500.0,2021-11-19 16:00:32.280,2021-11-19 19:59:18.016
2021-11-19 20:00:00,0.83954,0.83983,0.83888,0.83907,3765704000.0,2021-11-19 21:00:52.046,2021-11-19 21:46:38.388
2021-11-21 20:00:00,0.83918,0.83951,0.83833,0.83932,744376000.0,2021-11-21 23:07:34.522,2021-11-21 22:19:24.927
2021-11-22 00:00:00,0.83933,0.8396,0.8387,0.83888,5807711000.0,2021-11-22 01:04:32.005,2021-11-22 03:11:28.708
2021-11-22 04:00:00,0.83887,0.83901,0.83805,0.8385,4981230000.0,2021-11-22 04:17:40.163,2021-11-22 07:14:53.984
2021-11-22 08:00:00,0.83851,0.84038,0.83839,0.8389,15503796000.0,2021-11-22 09:50:06.640,2021-11-22 11:54:04.282
2021-11-22 12:00:00,0.83889,0.8396,0.83812,0.83927,24377789000.0,2021-11-22 14:00:22.113,2021-11-22 14:23:08.491
2021-11-22 16:00:00,0.83926,0.83997,0.83892,0.8391,10192835000.0,2021-11-22 18:01:00.589,2021-11-22 19:53:01.620
2021-11-22 20:00:00,0.83909,0.83919,0.83828,0.83906,5149671000.0,2021-11-22 21:01:10.634,2021-11-22 22:05:00.134
2021-11-23 00:00:00,0.83903,0.83917,0.83851,0.83877,3095430000.0,2021-11-23 00:02:16.620,2021-11-23 02:31:09.850
2021-11-23 04:00:00,0.83878,0.84015,0.83872,0.83989,6742310000.0,2021-11-23 07:30:37.566,2021-11-23 05:21:54.149
2021-11-23 08:00:00,0.83988,0.84277,0.83959,0.84169,22284776000.0,2021-11-23 11:08:41.007,2021-11-23 08:02:11.918
2021-11-23 12:00:00,0.84167,0.84279,0.8406,0.8425,21241090000.0,2021-11-23 15:57:04.343,2021-11-23 14:52:47.537
2021-11-23 16:00:00,0.84249,0.84311,0.84061,0.84078,8771071000.0,2021-11-23 16:15:57.218,2021-11-23 19:50:06.474
2021-11-23 20:00:00,0.8408,0.84098,0.84021,0.84065,5012014000.0,2021-11-23 21:48:15.954,2021-11-23 22:10:13.902
2021-11-24 00:00:00,0.84067,0.84076,0.83982,0.84033,4030251000.0,2021-11-24 01:00:19.480,2021-11-24 02:06:50.235
2021-11-24 04:00:00,0.84032,0.84101,0.83987,0.84095,7002806000.0,2021-11-24 07:59:54.762,2021-11-24 05:59:37.840
2021-11-24 08:00:00,0.84094,0.84148,0.83869,0.83892,17068899000.0,2021-11-24 08:12:55.449,2021-11-24 11:58:36.962
2021-11-24 12:00:00,0.83893,0.8406,0.83847,0.83988,31363745000.0,2021-11-24 14:41:54.910,2021-11-24 12:01:43.861
2021-11-24 16:00:00,0.83989,0.84065,0.83951,0.84062,11034211900.0,2021-11-24 19:59:44.066,2021-11-24 16:49:52.870
2021-11-24 20:00:00,0.84063,0.84078,0.83981,0.84038,3568952000.0,2021-11-24 20:01:44.429,2021-11-24 22:15:15.909
2021-11-25 00:00:00,0.84037,0.84058,0.84004,0.84009,2616544000.0,2021-11-25 00:02:37.242,2021-11-25 03:43:20.719
2021-11-25 04:00:00,0.84008,0.84065,0.83997,0.84013,2940578000.0,2021-11-25 07:45:35.821,2021-11-25 06:22:59.992
2021-11-25 08:00:00,0.84014,0.84269,0.83987,0.84205,9205362000.0,2021-11-25 11:03:52.153,2021-11-25 08:02:11.757
2021-11-25 12:00:00,0.84206,0.84361,0.84142,0.84166,8342404000.0,2021-11-25 13:28:36.977,2021-11-25 15:56:25.094
2021-11-25 16:00:00,0.84165,0.84182,0.84069,0.84135,16947700000.0,2021-11-25 16:29:00.049,2021-11-25 18:24:37.541
2021-11-25 20:00:00,0.84136,0.84198,0.84072,0.84198,16435395200.0,2021-11-25 23:57:20.333,2021-11-25 21:57:47.618
2021-11-26 00:00:00,0.84197,0.84387,0.8417,0.84343,6676600000.0,2021-11-26 03:13:39.499,2021-11-26 00:02:59.776
2021-11-26 04:00:00,0.84344,0.84547,0.84319,0.84448,7758805000.0,2021-11-26 07:50:39.245,2021-11-26 04:18:14.475
2021-11-26 08:00:00,0.84447,0.84767,0.84441,0.84607,36312325500.0,2021-11-26 08:23:52.579,2021-11-26 08:00:20.002
2021-11-26 12:00:00,0.84606,0.84908,0.84544,0.84858,35178531600.0,2021-11-26 15:48:01.675,2021-11-26 13:29:57.854
2021-11-26 16:00:00,0.84859,0.84958,0.84702,0.84831,22442004000.0,2021-11-26 16:40:32.418,2021-11-26 18:15:17.946
2021-11-26 20:00:00,0.8481,0.84903,0.84681,0.84845,1972500000.0,2021-11-26 21:50:00.616,2021-11-26 21:47:00.622
2021-11-28 20:00:00,0.84749,0.84867,0.84566,0.84647,3305190000.0,2021-11-28 22:31:01.763,2021-11-28 23:13:16.534
2021-11-29 00:00:00,0.84646,0.84714,0.84558,0.84602,6522940000.0,2021-11-29 00:36:37.673,2021-11-29 02:36:07.882
2021-11-29 04:00:00,0.84603,0.84611,0.84493,0.84501,7329279000.0,2021-11-29 06:33:31.050,2021-11-29 07:58:42.401
2021-11-29 08:00:00,0.84502,0.84642,0.84462,0.84636,11368453000.0,2021-11-29 10:16:12.089,2021-11-29 09:12:44.255
2021-11-29 12:00:00,0.84638,0.84759,0.84542,0.84741,24235174900.0,2021-11-29 15:08:20.587,2021-11-29 13:58:50.902
2021-11-29 16:00:00,0.8474,0.84815,0.84677,0.84811,9321767000.0,2021-11-29 19:50:25.337,2021-11-29 16:48:10.937
2021-11-29 20:00:00,0.8481,0.8484,0.84726,0.8481,4546895000.0,2021-11-29 23:29:58.480,2021-11-29 22:16:07.111
2021-11-30 00:00:00,0.84811,0.84836,0.84732,0.84816,3560504000.0,2021-11-30 02:44:42.560,2021-11-30 02:00:34.508
2021-11-30 04:00:00,0.84815,0.85055,0.84802,0.84997,9664272000.0,2021-11-30 07:48:57.917,2021-11-30 05:01:46.563
2021-11-30 08:00:00,0.84996,0.85156,0.84959,0.85056,16680535000.0,2021-11-30 10:54:56.045,2021-11-30 08:37:26.137
2021-11-30 12:00:00,0.85057,0.8525,0.84836,0.85077,41792302000.0,2021-11-30 14:47:47.858,2021-11-30 15:53:44.876
2021-11-30 16:00:00,0.85079,0.8538,0.85016,0.85247,31437629000.0,2021-11-30 18:12:34.973,2021-11-30 16:01:13.842
2021-11-30 20:00:00,0.85246,0.85277,0.85169,0.85216,6031036800.0,2021-11-30 20:59:50.385,2021-11-30 20:47:43.174
2021-12-01 00:00:00,0.85217,0.85243,0.85083,0.85089,4974026000.0,2021-12-01 00:44:51.523,2021-12-01 03:39:40.256
2021-12-01 04:00:00,0.8509,0.85165,0.84982,0.8515,6864643000.0,2021-12-01 07:59:48.674,2021-12-01 07:39:55.924
2021-12-01 08:00:00,0.85152,0.85266,0.84973,0.84977,19240067600.0,2021-12-01 08:02:23.908,2021-12-01 11:58:37.295
2021-12-01 12:00:00,0.84976,0.85231,0.84927,0.85138,26207956000.0,2021-12-01 15:40:32.335,2021-12-01 12:21:09.091
2021-12-01 16:00:00,0.85139,0.85238,0.8502,0.85227,14025355000.0,2021-12-01 19:57:15.080,2021-12-01 17:24:14.518
2021-12-01 20:00:00,0.85226,0.85298,0.85185,0.85245,5843360000.0,2021-12-01 21:09:52.064,2021-12-01 22:18:58.072
2021-12-02 00:00:00,0.85247,0.85265,0.85184,0.85209,3822011000.0,2021-12-02 00:46:46.758,2021-12-02 02:17:13.753
2021-12-02 04:00:00,0.85207,0.85227,0.85086,0.8514,4909145000.0,2021-12-02 06:23:54.937,2021-12-02 07:18:29.026
2021-12-02 08:00:00,0.85139,0.85216,0.84985,0.85077,13582172000.0,2021-12-02 08:09:11.095,2021-12-02 10:00:31.665
2021-12-02 12:00:00,0.85076,0.8525,0.84993,0.85047,18714073000.0,2021-12-02 14:35:45.066,2021-12-02 15:41:35.245
2021-12-02 16:00:00,0.85046,0.85076,0.84894,0.84949,10561023000.0,2021-12-02 16:01:03.872,2021-12-02 17:12:17.837
2021-12-02 20:00:00,0.84948,0.85006,0.84894,0.85004,5611182000.0,2021-12-02 23:58:51.869,2021-12-02 22:32:38.159
2021-12-03 00:00:00,0.85005,0.85039,0.84978,0.85004,2972631000.0,2021-12-03 03:02:57.209,2021-12-03 01:16:37.581
2021-12-03 04:00:00,0.85005,0.85064,0.8493,0.85046,3753682000.0,2021-12-03 07:55:52.064,2021-12-03 06:53:49.453
2021-12-03 08:00:00,0.85044,0.85343,0.84943,0.85194,15443625000.0,2021-12-03 11:18:20.792,2021-12-03 09:29:58.783
2021-12-03 12:00:00,0.85195,0.8535,0.85012,0.8532,46575976100.0,2021-12-03 15:19:39.281,2021-12-03 13:30:00.747
2021-12-03 16:00:00,0.85319,0.855,0.8529,0.85497,19208180000.0,2021-12-03 19:59:42.111,2021-12-03 16:03:45.442
2021-12-03 20:00:00,0.85496,0.85506,0.85408,0.8546,21129137000.0,2021-12-03 20:03:02.443,2021-12-03 21:00:56.080
2021-12-05 20:00:00,0.85167,0.85424,0.85167,0.85406,3906700000.0,2021-12-05 23:01:20.608,2021-12-05 22:10:00.354
2021-12-06 00:00:00,0.85407,0.85418,0.85291,0.85314,2658414000.0,2021-12-06 00:12:12.183,2021-12-06 01:52:03.172
2021-12-06 04:00:00,0.85315,0.85331,0.85201,0.85207,3010788000.0,2021-12-06 04:23:19.336,2021-12-06 07:59:32.110
2021-12-06 08:00:00,0.85205,0.85302,0.85025,0.85044,10754679100.0,2021-12-06 10:30:32.523,2021-12-06 11:55:44.523
2021-12-06 12:00:00,0.85043,0.85262,0.85003,0.85157,19439722000.0,2021-12-06 14:56:08.845,2021-12-06 12:17:06.508
2021-12-06 16:00:00,0.85156,0.85183,0.85031,0.85075,7308667000.0,2021-12-06 16:03:41.370,2021-12-06 19:41:35.656
2021-12-06 20:00:00,0.85077,0.85116,0.85038,0.85074,4939142000.0,2021-12-06 20:53:16.480,2021-12-06 22:45:41.841
2021-12-07 00:00:00,0.85073,0.85102,0.84989,0.84991,3872119000.0,2021-12-07 00:35:04.286,2021-12-07 03:59:31.061
2021-12-07 04:00:00,0.8499,0.85079,0.84947,0.84984,4007956000.0,2021-12-07 07:25:56.884,2021-12-07 05:19:53.469
2021-12-07 08:00:00,0.84985,0.85066,0.84927,0.84949,13713558600.0,2021-12-07 08:32:47.447,2021-12-07 09:12:36.980
2021-12-07 12:00:00,0.84948,0.85075,0.84887,0.8497,21356847000.0,2021-12-07 14:27:17.284,2021-12-07 13:35:25.219
2021-12-07 16:00:00,0.84969,0.85088,0.84902,0.85067,5564454000.0,2021-12-07 19:03:39.794,2021-12-07 16:03:54.426
2021-12-07 20:00:00,0.85066,0.85126,0.85001,0.85101,3248627000.0,2021-12-07 20:46:54.598,2021-12-07 22:12:51.489
2021-12-08 00:00:00,0.85102,0.85174,0.85089,0.85151,3212849000.0,2021-12-08 03:22:11.615,2021-12-08 00:11:46.646
2021-12-08 04:00:00,0.8515,0.85296,0.85142,0.8523,4703674000.0,2021-12-08 07:27:38.192,2021-12-08 04:33:10.384
2021-12-08 08:00:00,0.85231,0.85698,0.85175,0.85333,27122841700.0,2021-12-08 11:40:21.100,2021-12-08 08:59:47.239
2021-12-08 12:00:00,0.85331,0.85853,0.85328,0.8575,40990391000.0,2021-12-08 15:29:58.492,2021-12-08 12:00:00.553
2021-12-08 16:00:00,0.85749,0.85771,0.85587,0.85753,11080324000.0,2021-12-08 16:10:53.828,2021-12-08 16:59:23.422
2021-12-08 20:00:00,0.85754,0.85993,0.85733,0.85875,5419519000.0,2021-12-08 21:54:14.699,2021-12-08 20:06:09.586
2021-12-09 00:00:00,0.85876,0.85903,0.85804,0.85816,2765219000.0,2021-12-09 01:35:15.414,2021-12-09 03:49:46.254
2021-12-09 04:00:00,0.85817,0.85825,0.85718,0.85754,4050262000.0,2021-12-09 04:00:14.528,2021-12-09 07:44:57.659
2021-12-09 08:00:00,0.85755,0.85865,0.85679,0.85819,13345159500.0,2021-12-09 11:17:26.384,2021-12-09 08:54:29.233
2021-12-09 12:00:00,0.85818,0.85888,0.85431,0.85442,18457123000.0,2021-12-09 12:04:08.806,2021-12-09 15:55:54.957
2021-12-09 16:00:00,0.85443,0.85585,0.85402,0.85455,8119189000.0,2021-12-09 17:03:14.198,2021-12-09 19:38:29.076
2021-12-09 20:00:00,0.85456,0.85462,0.85367,0.85396,2921209000.0,2021-12-09 20:00:06.126,2021-12-09 22:04:02.031
2021-12-10 00:00:00,0.85397,0.85439,0.85367,0.85401,4020431000.0,2021-12-10 01:06:30.485,2021-12-10 02:07:03.583
2021-12-10 04:00:00,0.854,0.85489,0.8537,0.85459,6379746000.0,2021-12-10 05:44:08.812,2021-12-10 07:21:03.654
2021-12-10 08:00:00,0.8546,0.85509,0.85339,0.85364,12731298000.0,2021-12-10 09:13:17.988,2021-12-10 10:48:04.491
2021-12-10 12:00:00,0.85365,0.85485,0.85292,0.85437,28579236000.0,2021-12-10 15:09:41.738,2021-12-10 14:34:30.294
2021-12-10 16:00:00,0.85435,0.8553,0.85258,0.85321,7921084000.0,2021-12-10 16:14:05.284,2021-12-10 18:02:12.031
2021-12-10 20:00:00,0.85322,0.85331,0.85276,0.85315,2438840000.0,2021-12-10 20:11:39.014,2021-12-10 20:53:54.791
2021-12-12 20:00:00,0.85272,0.8537,0.85272,0.85315,4565200000.0,2021-12-12 23:38:13.734,2021-12-12 22:05:00.751
2021-12-13 00:00:00,0.85314,0.85349,0.85243,0.85262,3598474000.0,2021-12-13 00:17:11.722,2021-12-13 02:37:10.994
2021-12-13 04:00:00,0.85261,0.85378,0.85245,0.85313,5239175000.0,2021-12-13 07:47:00.057,2021-12-13 04:47:30.126
2021-12-13 08:00:00,0.85314,0.85325,0.85004,0.85024,13698693000.0,2021-12-13 08:00:55.773,2021-12-13 11:23:37.334
2021-12-13 12:00:00,0.85025,0.85238,0.85021,0.85222,20658246000.0,2021-12-13 15:58:20.775,2021-12-13 12:08:25.792
2021-12-13 16:00:00,0.85221,0.85499,0.85215,0.85393,11753640000.0,2021-12-13 18:16:44.631,2021-12-13 16:00:32.327
2021-12-13 20:00:00,0.85392,0.85432,0.85336,0.85394,5138688000.0,2021-12-13 21:46:12.991,2021-12-13 22:31:11.848
2021-12-14 00:00:00,0.85395,0.85471,0.85373,0.85457,2757322000.0,2021-12-14 02:59:28.943,2021-12-14 00:55:00.599
2021-12-14 04:00:00,0.85456,0.85474,0.85308,0.8537,4516338000.0,2021-12-14 04:08:37.011,2021-12-14 07:00:19.481
2021-12-14 08:00:00,0.85369,0.85529,0.85335,0.85413,14808460500.0,2021-12-14 10:20:49.469,2021-12-14 08:09:20.540
2021-12-14 12:00:00,0.85412,0.85482,0.85154,0.85188,19225715000.0,2021-12-14 13:50:08.148,2021-12-14 15:56:53.101
2021-12-14 16:00:00,0.85189,0.85252,0.85104,0.85137,8468595000.0,2021-12-14 17:17:55.435,2021-12-14 16:29:46.493
2021-12-14 20:00:00,0.85138,0.85147,0.85071,0.85088,3142123000.0,2021-12-14 20:00:04.495,2021-12-14 22:04:01.442
2021-12-15 00:00:00,0.85087,0.85158,0.85075,0.85102,3992472800.0,2021-12-15 00:56:55.023,2021-12-15 00:04:58.789
2021-12-15 04:00:00,0.85101,0.8516,0.84986,0.85003,5199952000.0,2021-12-15 06:57:37.334,2021-12-15 07:57:15.551
2021-12-15 08:00:00,0.85004,0.85061,0.84857,0.84976,12800532500.0,2021-12-15 10:10:58.968,2021-12-15 08:50:20.982
2021-12-15 12:00:00,0.84977,0.85226,0.84937,0.85142,22977304000.0,2021-12-15 15:47:58.208,2021-12-15 12:58:03.299
2021-12-15 16:00:00,0.85141,0.85281,0.85089,0.85147,34302107000.0,2021-12-15 17:28:37.464,2021-12-15 19:00:17.863
2021-12-15 20:00:00,0.85148,0.85172,0.85057,0.8513,9988339000.0,2021-12-15 21:58:45.753,2021-12-15 20:17:13.275
2021-12-16 00:00:00,0.85132,0.85199,0.85105,0.85157,3766978000.0,2021-12-16 02:59:21.834,2021-12-16 00:55:30.538
2021-12-16 04:00:00,0.85156,0.85283,0.8514,0.85226,4215860000.0,2021-12-16 07:55:44.543,2021-12-16 04:03:59.238
2021-12-16 08:00:00,0.85227,0.85227,0.85016,0.85031,16107361700.0,2021-12-16 08:00:00.053,2021-12-16 08:29:17.720
2021-12-16 12:00:00,0.8503,0.85088,0.84534,0.84817,48196208400.0,2021-12-16 14:08:35.396,2021-12-16 12:17:28.445
2021-12-16 16:00:00,0.84816,0.85103,0.84799,0.85084,11715578000.0,2021-12-16 19:58:37.028,2021-12-16 16:01:09.180
2021-12-16 20:00:00,0.85083,0.85126,0.8499,0.85066,5160928000.0,2021-12-16 20:17:18.046,2021-12-16 22:04:50.937
2021-12-17 00:00:00,0.85067,0.85076,0.84929,0.85031,4137127000.0,2021-12-17 00:00:34.069,2021-12-17 02:23:08.847
2021-12-17 04:00:00,0.85032,0.85105,0.85022,0.85039,6223207000.0,2021-12-17 07:37:21.292,2021-12-17 04:02:02.345
2021-12-17 08:00:00,0.85041,0.85274,0.84966,0.85175,18268972000.0,2021-12-17 10:39:54.562,2021-12-17 09:39:27.704
2021-12-17 12:00:00,0.85176,0.85274,0.84953,0.85005,20247197000.0,2021-12-17 12:48:21.310,2021-12-17 15:55:19.466
2021-12-17 16:00:00,0.85004,0.8503,0.84894,0.84917,8772874000.0,2021-12-17 16:08:26.893,2021-12-17 19:31:12.492
2021-12-17 20:00:00,0.84916,0.84945,0.84861,0.84866,3760072000.0,2021-12-17 21:09:53.084,2021-12-17 21:53:16.024
2021-12-19 20:00:00,0.8486,0.84997,0.84844,0.84982,1731209600.0,2021-12-19 23:49:43.243,2021-12-19 22:18:42.392
2021-12-20 00:00:00,0.84983,0.85043,0.84955,0.85041,4289188000.0,2021-12-20 03:31:21.757,2021-12-20 02:01:57.783
2021-12-20 04:00:00,0.8504,0.85222,0.85024,0.85175,6515612500.0,2021-12-20 07:53:08.298,2021-12-20 04:17:24.257
2021-12-20 08:00:00,0.85178,0.8545,0.85174,0.85356,21261800900.0,2021-12-20 09:30:01.756,2021-12-20 08:00:04.961
2021-12-20 12:00:00,0.85357,0.85495,0.85128,0.85384,18662283000.0,2021-12-20 15:44:20.630,2021-12-20 13:21:36.085
2021-12-20 16:00:00,0.85383,0.85504,0.85354,0.85396,8664054000.0,2021-12-20 16:42:00.137,2021-12-20 17:31:16.825
2021-12-20 20:00:00,0.85395,0.854,0.85326,0.85366,4475105000.0,2021-12-20 20:00:24.114,2021-12-20 22:13:16.711
2021-12-21 00:00:00,0.85367,0.85431,0.85359,0.85391,3299216000.0,2021-12-21 00:54:39.907,2021-12-21 00:00:37.894
2021-12-21 04:00:00,0.85393,0.8549,0.85305,0.85377,4174863000.0,2021-12-21 07:52:59.503,2021-12-21 06:57:38.553
2021-12-21 08:00:00,0.85378,0.85388,0.85072,0.85206,13846200000.0,2021-12-21 08:00:09.887,2021-12-21 11:18:51.138
2021-12-21 12:00:00,0.85205,0.85284,0.85054,0.85119,14426508600.0,2021-12-21 13:26:18.658,2021-12-21 14:31:13.537
2021-12-21 16:00:00,0.85118,0.85127,0.85004,0.85048,7018539000.0,2021-12-21 16:00:03.370,2021-12-21 18:47:00.412
2021-12-21 20:00:00,0.85049,0.85078,0.84978,0.85064,2724103000.0,2021-12-21 20:05:58.719,2021-12-21 22:06:04.476
2021-12-22 00:00:00,0.85065,0.85108,0.85004,0.8506,2442876000.0,2021-12-22 01:24:55.196,2021-12-22 02:39:36.533
2021-12-22 04:00:00,0.85062,0.85109,0.84875,0.84885,4284117000.0,2021-12-22 06:05:30.095,2021-12-22 07:59:36.764
2021-12-22 08:00:00,0.84886,0.84985,0.848,0.84883,13229331500.0,2021-12-22 09:07:18.110,2021-12-22 10:59:26.060
2021-12-22 12:00:00,0.84884,0.84968,0.8482,0.84836,18201798000.0,2021-12-22 12:57:13.302,2021-12-22 15:57:23.329
2021-12-22 16:00:00,0.84837,0.84934,0.8481,0.84829,12370827000.0,2021-12-22 16:06:22.029,2021-12-22 19:02:22.956
2021-12-22 20:00:00,0.84828,0.8486,0.84791,0.8484,2402289000.0,2021-12-22 20:49:50.531,2021-12-22 22:34:30.334
2021-12-23 00:00:00,0.84839,0.84981,0.84837,0.84944,2709103000.0,2021-12-23 02:18:12.122,2021-12-23 00:00:01.287
2021-12-23 04:00:00,0.84943,0.84958,0.84722,0.84731,2701736000.0,2021-12-23 05:21:19.071,2021-12-23 07:59:42.431
2021-12-23 08:00:00,0.84729,0.84732,0.84294,0.843,9741876000.0,2021-12-23 08:00:20.818,2021-12-23 11:57:49.605
2021-12-23 12:00:00,0.84297,0.844,0.84157,0.84336,19262501000.0,2021-12-23 15:39:06.169,2021-12-23 12:46:39.135
2021-12-23 16:00:00,0.84337,0.84516,0.84334,0.84466,7009828000.0,2021-12-23 18:22:22.814,2021-12-23 16:00:00.053
2021-12-23 20:00:00,0.84465,0.84503,0.84416,0.84445,5249736000.0,2021-12-23 20:32:55.122,2021-12-23 23:14:37.420
2021-12-24 00:00:00,0.84443,0.84496,0.84419,0.84494,7234200000.0,2021-12-24 03:56:11.582,2021-12-24 00:10:29.663
2021-12-24 04:00:00,0.84492,0.84608,0.84465,0.84507,21154402800.0,2021-12-24 05:53:46.103,2021-12-24 07:38:05.582
2021-12-24 08:00:00,0.84508,0.8464,0.84437,0.84452,40122103000.0,2021-12-24 08:58:52.159,2021-12-24 11:57:24.435
2021-12-24 12:00:00,0.84451,0.84489,0.84334,0.8441,48861328000.0,2021-12-24 12:17:36.162,2021-12-24 12:59:26.341
2021-12-24 16:00:00,0.844,0.84463,0.84353,0.84373,12481000000.0,2021-12-24 19:07:02.550,2021-12-24 18:34:49.167
2021-12-24 20:00:00,0.84375,0.84396,0.8434,0.84391,4331500000.0,2021-12-24 21:53:02.223,2021-12-24 21:12:16.344
2021-12-26 20:00:00,0.84369,0.84506,0.84328,0.84485,1386300000.0,2021-12-26 23:21:45.564,2021-12-26 22:28:20.732
2021-12-27 00:00:00,0.84484,0.84492,0.84372,0.84415,3143047000.0,2021-12-27 00:57:30.465,2021-12-27 03:04:47.953
2021-12-27 04:00:00,0.84416,0.84548,0.84396,0.8448,2815735000.0,2021-12-27 07:37:02.587,2021-12-27 05:40:48.906
2021-12-27 08:00:00,0.84481,0.84523,0.84364,0.84418,7489231000.0,2021-12-27 08:00:05.745,2021-12-27 10:00:26.954
2021-12-27 12:00:00,0.84417,0.84418,0.84249,0.84365,7352757000.0,2021-12-27 15:29:20.444,2021-12-27 13:57:57.376
2021-12-27 16:00:00,0.84364,0.84377,0.84241,0.84253,3153560000.0,2021-12-27 16:04:17.758,2021-12-27 17:37:52.857
2021-12-27 20:00:00,0.84254,0.8429,0.84219,0.84286,843676000.0,2021-12-27 23:23:17.907,2021-12-27 22:20:03.314
2021-12-28 00:00:00,0.84285,0.84335,0.84267,0.84319,1300510000.0,2021-12-28 00:11:03.772,2021-12-28 02:29:24.300
2021-12-28 04:00:00,0.8432,0.84325,0.84246,0.84251,1907262000.0,2021-12-28 04:13:58.814,2021-12-28 07:59:40.283
2021-12-28 08:00:00,0.84252,0.84312,0.84203,0.84223,5677235000.0,2021-12-28 08:26:23.919,2021-12-28 11:10:12.444
2021-12-28 12:00:00,0.84224,0.84275,0.84027,0.84134,8940295000.0,2021-12-28 12:24:59.923,2021-12-28 15:09:17.910
2021-12-28 16:00:00,0.84133,0.84266,0.84128,0.84194,6143555000.0,2021-12-28 16:31:21.404,2021-12-28 16:00:03.478
2021-12-28 20:00:00,0.84192,0.8423,0.84023,0.84212,3642064000.0,2021-12-28 23:27:09.141,2021-12-28 22:24:35.618
2021-12-29 00:00:00,0.84213,0.84226,0.84141,0.84164,1239961000.0,2021-12-29 00:08:51.733,2021-12-29 02:29:59.863
2021-12-29 04:00:00,0.84165,0.84217,0.84136,0.84166,1612885000.0,2021-12-29 07:40:12.409,2021-12-29 07:54:40.931
2021-12-29 08:00:00,0.84165,0.84209,0.84025,0.84092,9740857000.0,2021-12-29 11:32:41.487,2021-12-29 09:25:14.114
2021-12-29 12:00:00,0.84093,0.84245,0.84066,0.84158,21074433000.0,2021-12-29 15:36:10.414,2021-12-29 13:54:29.811
2021-12-29 16:00:00,0.84157,0.84224,0.84049,0.84085,8779504000.0,2021-12-29 16:29:46.533,2021-12-29 18:55:47.598
2021-12-29 20:00:00,0.84084,0.84172,0.8408,0.84163,2480487000.0,2021-12-29 21:01:24.073,2021-12-29 20:16:59.259
2021-12-30 00:00:00,0.84165,0.84165,0.84012,0.84067,2972201000.0,2021-12-30 00:00:01.172,2021-12-30 02:00:44.065
2021-12-30 04:00:00,0.84065,0.8407,0.83976,0.84001,2707688500.0,2021-12-30 04:02:06.126,2021-12-30 06:49:28.166
2021-12-30 08:00:00,0.84,0.84042,0.83914,0.83979,7974851000.0,2021-12-30 08:50:07.912,2021-12-30 11:01:04.005
2021-12-30 12:00:00,0.83978,0.83989,0.83795,0.83939,14512087000.0,2021-12-30 12:02:19.135,2021-12-30 15:22:53.172
2021-12-30 16:00:00,0.8394,0.83961,0.83795,0.83849,5899668000.0,2021-12-30 16:01:43.255,2021-12-30 18:50:30.587
2021-12-30 20:00:00,0.83847,0.83927,0.83816,0.83887,2665201200.0,2021-12-30 21:08:23.698,2021-12-30 22:59:41.135
2021-12-31 00:00:00,0.83886,0.83921,0.83815,0.83841,1405608000.0,2021-12-31 00:42:17.023,2021-12-31 02:55:04.004
2021-12-31 04:00:00,0.83842,0.8387,0.83696,0.83698,2209357000.0,2021-12-31 05:24:10.400,2021-12-31 07:59:53.346
2021-12-31 08:00:00,0.83699,0.84014,0.83681,0.83989,9892179000.0,2021-12-31 11:41:28.430,2021-12-31 08:43:22.458
2021-12-31 12:00:00,0.83988,0.84095,0.83891,0.83958,29704832000.0,2021-12-31 13:42:02.364,2021-12-31 14:52:36.341
2021-12-31 16:00:00,0.83957,0.84148,0.83917,0.84107,12300324000.0,2021-12-31 19:27:41.219,2021-12-31 16:02:09.763
2021-12-31 20:00:00,0.84106,0.84146,0.84078,0.84124,1599300000.0,2021-12-31 21:38:05.146,2021-12-31 21:24:01.057
2022-01-02 20:00:00,0.84004,0.84108,0.83943,0.84106,1816500000.0,2022-01-02 23:57:58.255,2022-01-02 22:15:03.104
2022-01-03 00:00:00,0.84105,0.84122,0.83972,0.84063,2470044000.0,2022-01-03 00:07:30.175,2022-01-03 01:41:38.494
2022-01-03 04:00:00,0.84062,0.84062,0.83962,0.8402,4005982000.0,2022-01-03 04:00:04.232,2022-01-03 07:53:01.106
2022-01-03 08:00:00,0.84019,0.8407,0.83863,0.84047,7860555000.0,2022-01-03 10:49:46.244,2022-01-03 08:43:17.336
2022-01-03 12:00:00,0.84048,0.84188,0.83967,0.83968,17438901500.0,2022-01-03 13:27:33.390,2022-01-03 15:59:33.490
2022-01-03 16:00:00,0.83967,0.84053,0.83719,0.83778,9436042000.0,2022-01-03 16:17:29.421,2022-01-03 17:16:39.348
2022-01-03 20:00:00,0.83777,0.83838,0.8377,0.83825,3597200000.0,2022-01-03 20:45:54.812,2022-01-03 23:00:11.390
2022-01-04 00:00:00,0.83826,0.83923,0.83822,0.83908,3278830000.0,2022-01-04 03:35:02.072,2022-01-04 00:01:15.624
2022-01-04 04:00:00,0.83907,0.83945,0.83702,0.83711,4315395100.0,2022-01-04 06:03:34.937,2022-01-04 07:59:46.416
2022-01-04 08:00:00,0.83712,0.83767,0.83552,0.83553,11537041000.0,2022-01-04 08:40:01.933,2022-01-04 11:59:48.779
2022-01-04 12:00:00,0.83554,0.83657,0.83398,0.83442,17034131000.0,2022-01-04 12:17:59.123,2022-01-04 15:13:49.358
2022-01-04 16:00:00,0.83443,0.83527,0.8336,0.83396,9676729000.0,2022-01-04 16:03:35.755,2022-01-04 16:52:44.221
2022-01-04 20:00:00,0.83398,0.83432,0.83381,0.83392,2111700000.0,2022-01-04 20:38:52.064,2022-01-04 20:03:25.000
2022-01-05 00:00:00,0.83389,0.83489,0.83348,0.83469,2019835000.0,2022-01-05 03:38:40.178,2022-01-05 01:00:09.023
2022-01-05 04:00:00,0.83468,0.83514,0.8344,0.8347,2626689000.0,2022-01-05 07:28:17.861,2022-01-05 07:46:48.719
2022-01-05 08:00:00,0.83471,0.83626,0.83401,0.83587,11164551000.0,2022-01-05 11:37:51.672,2022-01-05 08:46:52.878
2022-01-05 12:00:00,0.83585,0.83722,0.83471,0.83573,16688048000.0,2022-01-05 15:05:56.442,2022-01-05 13:28:15.107
2022-01-05 16:00:00,0.83572,0.83623,0.83369,0.83404,12453524000.0,2022-01-05 16:16:35.330,2022-01-05 19:19:01.742
2022-01-05 20:00:00,0.83406,0.83481,0.83398,0.83442,4820233000.0,2022-01-05 21:02:23.999,2022-01-05 21:59:39.177
2022-01-06 00:00:00,0.83441,0.83583,0.83437,0.83576,3034728000.0,2022-01-06 03:48:27.170,2022-01-06 00:02:22.340
2022-01-06 04:00:00,0.83577,0.83635,0.8352,0.83629,5581024000.0,2022-01-06 07:59:17.561,2022-01-06 07:13:37.229
2022-01-06 08:00:00,0.83628,0.83721,0.83523,0.83571,10400457000.0,2022-01-06 08:49:16.337,2022-01-06 11:43:26.450
2022-01-06 12:00:00,0.8357,0.83688,0.83485,0.83499,17129111000.0,2022-01-06 15:06:26.183,2022-01-06 15:59:50.055
2022-01-06 16:00:00,0.83497,0.83543,0.8345,0.83451,7959576000.0,2022-01-06 17:29:53.798,2022-01-06 19:27:46.057
2022-01-06 20:00:00,0.83452,0.83478,0.83418,0.83457,2752493000.0,2022-01-06 21:59:45.224,2022-01-06 21:08:29.703
2022-01-07 00:00:00,0.83459,0.83466,0.83368,0.83396,2895665000.0,2022-01-07 00:00:44.524,2022-01-07 01:28:02.738
2022-01-07 04:00:00,0.83397,0.8353,0.83395,0.83499,2424164000.0,2022-01-07 07:55:56.831,2022-01-07 04:00:58.212
2022-01-07 08:00:00,0.835,0.83558,0.83395,0.83416,8331066500.0,2022-01-07 08:09:23.707,2022-01-07 11:58:00.229
2022-01-07 12:00:00,0.83417,0.83654,0.83397,0.83603,25187589200.0,2022-01-07 15:24:12.899,2022-01-07 12:15:31.974
2022-01-07 16:00:00,0.83604,0.83653,0.83551,0.83574,7601951000.0,2022-01-07 16:10:47.883,2022-01-07 19:23:03.106
2022-01-07 20:00:00,0.83572,0.83587,0.83536,0.83573,1772066000.0,2022-01-07 20:23:50.785,2022-01-07 21:29:18.875
2022-01-09 20:00:00,0.83564,0.83612,0.8353,0.83532,1215600000.0,2022-01-09 22:59:45.289,2022-01-09 23:41:39.779
2022-01-10 00:00:00,0.83533,0.83553,0.83437,0.83462,2165572000.0,2022-01-10 01:35:17.270,2022-01-10 03:36:05.635
2022-01-10 04:00:00,0.83461,0.83462,0.83368,0.83388,2559566000.0,2022-01-10 04:00:05.216,2022-01-10 07:39:24.929
2022-01-10 08:00:00,0.83389,0.83437,0.83341,0.83379,11183625000.0,2022-01-10 08:21:12.807,2022-01-10 10:28:56.481
2022-01-10 12:00:00,0.83378,0.83551,0.83318,0.83465,17565715000.0,2022-01-10 15:44:23.409,2022-01-10 13:54:26.459
2022-01-10 16:00:00,0.83464,0.83568,0.83417,0.83437,11347630000.0,2022-01-10 17:48:18.248,2022-01-10 18:52:01.504
2022-01-10 20:00:00,0.83436,0.83455,0.83388,0.83429,2966223000.0,2022-01-10 20:08:55.826,2022-01-10 22:05:02.488
2022-01-11 00:00:00,0.83428,0.83497,0.83411,0.83436,2779169000.0,2022-01-11 01:45:56.347,2022-01-11 03:16:13.521
2022-01-11 04:00:00,0.83435,0.83474,0.83375,0.83407,3647326000.0,2022-01-11 07:25:47.125,2022-01-11 07:54:55.552
2022-01-11 08:00:00,0.83406,0.83474,0.83234,0.83458,11500975000.0,2022-01-11 11:59:04.057,2022-01-11 09:49:03.563
2022-01-11 12:00:00,0.83456,0.83494,0.83348,0.83356,14394307000.0,2022-01-11 12:01:51.053,2022-01-11 15:58:07.268
2022-01-11 16:00:00,0.83355,0.83478,0.83333,0.8341,7167691000.0,2022-01-11 19:16:00.485,2022-01-11 16:01:47.283
2022-01-11 20:00:00,0.83411,0.83426,0.83329,0.83368,2606898000.0,2022-01-11 20:42:32.361,2022-01-11 22:04:01.963
2022-01-12 00:00:00,0.83369,0.83407,0.83342,0.83364,2293926000.0,2022-01-12 01:56:32.959,2022-01-12 03:06:38.489
2022-01-12 04:00:00,0.83363,0.83406,0.8332,0.83334,2178401000.0,2022-01-12 05:38:41.409,2022-01-12 07:54:59.951
2022-01-12 08:00:00,0.83336,0.83426,0.83301,0.83331,8056224000.0,2022-01-12 09:20:52.414,2022-01-12 08:02:49.922
2022-01-12 12:00:00,0.8333,0.8347,0.83257,0.83438,20414517600.0,2022-01-12 15:50:22.805,2022-01-12 13:30:02.283
2022-01-12 16:00:00,0.83439,0.83552,0.83403,0.83503,8598732000.0,2022-01-12 19:49:22.130,2022-01-12 16:38:37.229
2022-01-12 20:00:00,0.83501,0.83522,0.83404,0.83462,3363861000.0,2022-01-12 20:59:21.818,2022-01-12 22:06:29.116
2022-01-13 00:00:00,0.83463,0.83496,0.83403,0.83449,4312764000.0,2022-01-13 00:15:23.888,2022-01-13 03:12:51.779
2022-01-13 04:00:00,0.8345,0.8352,0.834,0.83488,3228968000.0,2022-01-13 07:56:58.483,2022-01-13 07:10:30.912
2022-01-13 08:00:00,0.8349,0.83546,0.83363,0.83493,10601252000.0,2022-01-13 09:45:06.963,2022-01-13 11:04:42.148
2022-01-13 12:00:00,0.83494,0.83587,0.83377,0.83441,19302158000.0,2022-01-13 13:05:59.138,2022-01-13 15:46:42.081
2022-01-13 16:00:00,0.83442,0.83601,0.83425,0.83537,11624632000.0,2022-01-13 18:04:02.181,2022-01-13 16:00:56.513
2022-01-13 20:00:00,0.83536,0.83588,0.83491,0.83542,5780339000.0,2022-01-13 20:58:00.448,2022-01-13 22:04:01.777
2022-01-14 00:00:00,0.83543,0.83622,0.83537,0.83587,5799873000.0,2022-01-14 01:58:58.336,2022-01-14 00:03:23.934
2022-01-14 04:00:00,0.83586,0.83603,0.83528,0.83536,5176839000.0,2022-01-14 05:21:27.676,2022-01-14 07:00:32.885
2022-01-14 08:00:00,0.83537,0.83543,0.83416,0.83473,9324206000.0,2022-01-14 08:10:47.632,2022-01-14 09:58:56.847
2022-01-14 12:00:00,0.83475,0.83578,0.83431,0.83556,20146988000.0,2022-01-14 14:59:12.202,2022-01-14 12:12:30.160
2022-01-14 16:00:00,0.83555,0.83572,0.83434,0.83463,9428634000.0,2022-01-14 16:01:54.625,2022-01-14 19:05:00.436
2022-01-14 20:00:00,0.83462,0.83474,0.83421,0.83441,2635956000.0,2022-01-14 20:10:46.734,2022-01-14 20:53:19.956
2022-01-16 20:00:00,0.83444,0.83506,0.83394,0.83458,3067100000.0,2022-01-16 22:37:12.783,2022-01-16 22:24:44.331
2022-01-17 00:00:00,0.83459,0.83486,0.83421,0.83477,3000831000.0,2022-01-17 02:57:27.601,2022-01-17 01:34:50.931
2022-01-17 04:00:00,0.83476,0.83518,0.83459,0.83493,2838076900.0,2022-01-17 07:31:42.019,2022-01-17 06:40:19.047
2022-01-17 08:00:00,0.83491,0.83602,0.83437,0.83549,10586584000.0,2022-01-17 09:14:31.022,2022-01-17 10:45:06.157
2022-01-17 12:00:00,0.83547,0.83618,0.83484,0.83552,14273861000.0,2022-01-17 12:48:46.750,2022-01-17 14:27:33.642
2022-01-17 16:00:00,0.83553,0.83617,0.83521,0.83583,4368675000.0,2022-01-17 18:22:52.135,2022-01-17 16:34:17.635
2022-01-17 20:00:00,0.83581,0.83618,0.83552,0.83603,1370540000.0,2022-01-17 20:54:00.975,2022-01-17 22:04:01.276
2022-01-18 00:00:00,0.83604,0.83634,0.83575,0.83589,6259233000.0,2022-01-18 03:39:22.220,2022-01-18 03:58:05.428
2022-01-18 04:00:00,0.83588,0.83613,0.83514,0.83527,7669056000.0,2022-01-18 04:33:54.926,2022-01-18 07:59:46.671
2022-01-18 08:00:00,0.83526,0.83717,0.83496,0.83705,15750812500.0,2022-01-18 11:59:55.168,2022-01-18 09:01:40.235
2022-01-18 12:00:00,0.83706,0.83788,0.83507,0.83515,23395138000.0,2022-01-18 13:00:41.235,2022-01-18 15:58:00.611
2022-01-18 16:00:00,0.83513,0.83521,0.83299,0.83303,11030423000.0,2022-01-18 16:03:48.949,2022-01-18 19:58:53.711
2022-01-18 20:00:00,0.83304,0.83343,0.83261,0.83301,7160143600.0,2022-01-18 20:05:47.333,2022-01-18 20:59:28.551
2022-01-19 00:00:00,0.83302,0.83343,0.83235,0.83299,4675892000.0,2022-01-19 00:54:13.739,2022-01-19 02:31:00.977
2022-01-19 04:00:00,0.83298,0.83415,0.83233,0.83376,10111663200.0,2022-01-19 07:41:42.632,2022-01-19 07:00:05.347
2022-01-19 08:00:00,0.83375,0.83396,0.83135,0.83178,10600883000.0,2022-01-19 08:52:39.564,2022-01-19 11:40:44.204
2022-01-19 12:00:00,0.83177,0.83275,0.8313,0.83241,17161503000.0,2022-01-19 13:50:44.217,2022-01-19 14:56:22.649
2022-01-19 16:00:00,0.8324,0.83318,0.83223,0.83305,9420767400.0,2022-01-19 19:49:25.283,2022-01-19 17:32:58.590
2022-01-19 20:00:00,0.83304,0.83352,0.83298,0.83344,3603228600.0,2022-01-19 23:52:48.785,2022-01-19 20:16:00.224
2022-01-20 00:00:00,0.83341,0.83368,0.83294,0.83312,4132183000.0,2022-01-20 01:49:47.894,2022-01-20 03:53:16.314
2022-01-20 04:00:00,0.83311,0.83389,0.83273,0.83359,9585627000.0,2022-01-20 07:49:40.458,2022-01-20 07:00:55.306
2022-01-20 08:00:00,0.8336,0.83375,0.83221,0.83335,12758477000.0,2022-01-20 08:05:18.902,2022-01-20 09:35:03.091
2022-01-20 12:00:00,0.83336,0.83377,0.83051,0.83099,18639464000.0,2022-01-20 12:06:47.488,2022-01-20 15:46:56.774
2022-01-20 16:00:00,0.831,0.83155,0.83054,0.831,9048292000.0,2022-01-20 18:04:17.696,2022-01-20 19:12:11.941
2022-01-20 20:00:00,0.83099,0.83219,0.83086,0.83199,9705977000.0,2022-01-20 23:44:59.541,2022-01-20 20:00:08.092
2022-01-21 00:00:00,0.832,0.83335,0.83181,0.83301,7069271000.0,2022-01-21 02:59:49.092,2022-01-21 00:53:54.311
2022-01-21 04:00:00,0.83302,0.83463,0.83295,0.8344,20874008000.0,2022-01-21 07:48:35.791,2022-01-21 04:31:24.655
2022-01-21 08:00:00,0.83441,0.8362,0.83439,0.83567,13720682000.0,2022-01-21 08:29:50.401,2022-01-21 08:00:00.560
2022-01-21 12:00:00,0.83566,0.83767,0.83538,0.83704,23748519000.0,2022-01-21 15:22:39.622,2022-01-21 13:01:56.764
2022-01-21 16:00:00,0.83705,0.8374,0.83618,0.83667,11133288000.0,2022-01-21 16:02:20.140,2022-01-21 19:06:24.321
2022-01-21 20:00:00,0.83668,0.83707,0.83651,0.83692,3423991000.0,2022-01-21 20:11:34.357,2022-01-21 20:42:33.787
2022-01-23 20:00:00,0.83644,0.83698,0.83611,0.83662,746100000.0,2022-01-23 23:27:10.400,2022-01-23 23:00:01.874
2022-01-24 00:00:00,0.83663,0.83667,0.83557,0.83571,3772145000.0,2022-01-24 00:03:01.250,2022-01-24 02:30:21.184
2022-01-24 04:00:00,0.83572,0.83667,0.83539,0.83612,4022786000.0,2022-01-24 07:33:08.314,2022-01-24 05:59:55.348
2022-01-24 08:00:00,0.83611,0.83889,0.83503,0.83808,16299927000.0,2022-01-24 10:53:50.814,2022-01-24 08:15:03.811
2022-01-24 12:00:00,0.83807,0.84033,0.83772,0.83992,22156202400.0,2022-01-24 15:22:54.251,2022-01-24 12:07:20.461
2022-01-24 16:00:00,0.83993,0.84224,0.83954,0.83958,13471126000.0,2022-01-24 17:41:18.477,2022-01-24 19:59:58.613
2022-01-24 20:00:00,0.83959,0.83972,0.83909,0.83947,4193089000.0,2022-01-24 20:06:42.276,2022-01-24 22:09:41.207
2022-01-25 00:00:00,0.83946,0.84014,0.83932,0.83941,5852642000.0,2022-01-25 01:14:53.485,2022-01-25 00:32:48.312
2022-01-25 04:00:00,0.8394,0.83973,0.83823,0.83826,5021912000.0,2022-01-25 04:41:54.509,2022-01-25 07:59:58.580
2022-01-25 08:00:00,0.83827,0.83918,0.83669,0.83823,14945346000.0,2022-01-25 08:27:28.287,2022-01-25 09:45:16.324
2022-01-25 12:00:00,0.83822,0.83873,0.8358,0.83608,20306398000.0,2022-01-25 12:04:00.624,2022-01-25 15:54:11.534
2022-01-25 16:00:00,0.83607,0.83661,0.83573,0.83618,9992707300.0,2022-01-25 16:41:08.066,2022-01-25 19:42:53.216
2022-01-25 20:00:00,0.83617,0.83703,0.83611,0.83664,5532531000.0,2022-01-25 21:58:30.638,2022-01-25 20:04:57.228
2022-01-26 00:00:00,0.83663,0.83704,0.83617,0.83688,3005065600.0,2022-01-26 03:02:04.514,2022-01-26 02:06:11.718
2022-01-26 04:00:00,0.83687,0.83704,0.83613,0.83624,3002486000.0,2022-01-26 05:47:23.367,2022-01-26 07:39:47.442
2022-01-26 08:00:00,0.83623,0.83658,0.83416,0.83467,9428326000.0,2022-01-26 09:06:01.889,2022-01-26 11:51:06.446
2022-01-26 12:00:00,0.83468,0.83677,0.8342,0.83497,17681554000.0,2022-01-26 14:40:03.756,2022-01-26 13:01:41.278
2022-01-26 16:00:00,0.83496,0.83614,0.83442,0.83575,25818537000.0,2022-01-26 19:37:45.113,2022-01-26 17:00:03.012
2022-01-26 20:00:00,0.83573,0.83614,0.8345,0.83465,12581744000.0,2022-01-26 20:09:23.439,2022-01-26 23:31:00.958
2022-01-27 00:00:00,0.83466,0.83547,0.83464,0.83509,8956363000.0,2022-01-27 01:22:57.235,2022-01-27 00:00:04.479
2022-01-27 04:00:00,0.8351,0.83576,0.83474,0.83485,7777650000.0,2022-01-27 06:44:34.967,2022-01-27 07:59:37.707
2022-01-27 08:00:00,0.83484,0.83521,0.83329,0.83354,18552930500.0,2022-01-27 08:11:10.015,2022-01-27 11:57:39.517
2022-01-27 12:00:00,0.83355,0.83444,0.83223,0.83262,25572419000.0,2022-01-27 13:29:23.307,2022-01-27 15:58:43.568
2022-01-27 16:00:00,0.83263,0.83334,0.83203,0.83301,14019803000.0,2022-01-27 18:29:25.013,2022-01-27 16:43:49.161
2022-01-27 20:00:00,0.833,0.83312,0.83227,0.83245,3384522000.0,2022-01-27 20:18:51.890,2022-01-27 23:20:46.098
2022-01-28 00:00:00,0.83243,0.83272,0.8321,0.83234,3572174000.0,2022-01-28 00:33:08.801,2022-01-28 02:48:13.547
2022-01-28 04:00:00,0.83233,0.83236,0.83118,0.83172,7066314000.0,2022-01-28 04:00:17.519,2022-01-28 07:36:51.179
2022-01-28 08:00:00,0.83173,0.833,0.83116,0.83148,14317217000.0,2022-01-28 09:02:25.572,2022-01-28 11:48:41.646
2022-01-28 12:00:00,0.83147,0.83268,0.83053,0.83226,27913552000.0,2022-01-28 12:38:36.456,2022-01-28 14:29:05.033
2022-01-28 16:00:00,0.83228,0.8334,0.83135,0.83255,14690766000.0,2022-01-28 18:58:56.124,2022-01-28 16:36:52.255
2022-01-28 20:00:00,0.83256,0.83265,0.83186,0.83202,2170533000.0,2022-01-28 20:02:17.122,2022-01-28 21:52:43.920
2022-01-30 20:00:00,0.83183,0.83218,0.83138,0.83205,1326185300.0,2022-01-30 23:54:10.572,2022-01-30 22:19:58.178
2022-01-31 00:00:00,0.83206,0.83232,0.83132,0.83225,4005351000.0,2022-01-31 00:07:23.082,2022-01-31 01:08:19.451
2022-01-31 04:00:00,0.83224,0.83235,0.8311,0.83146,3833281000.0,2022-01-31 04:02:22.789,2022-01-31 07:57:58.037
2022-01-31 08:00:00,0.83147,0.83251,0.83046,0.8325,15190678000.0,2022-01-31 11:59:26.188,2022-01-31 11:36:39.351
2022-01-31 12:00:00,0.83251,0.83575,0.83107,0.83544,25029669300.0,2022-01-31 15:59:14.021,2022-01-31 12:42:05.438
2022-01-31 16:00:00,0.83543,0.83576,0.83417,0.83544,16244862000.0,2022-01-31 16:02:18.118,2022-01-31 16:58:19.294
2022-01-31 20:00:00,0.83545,0.83582,0.83471,0.83518,5303377000.0,2022-01-31 20:14:28.046,2022-01-31 22:04:01.827
2022-02-01 00:00:00,0.83517,0.83578,0.835,0.83575,4132662000.0,2022-02-01 03:57:50.080,2022-02-01 00:48:04.518
2022-02-01 04:00:00,0.83574,0.83604,0.83443,0.83586,5039080000.0,2022-02-01 07:57:56.261,2022-02-01 07:28:43.563
2022-02-01 08:00:00,0.83587,0.83594,0.83376,0.83536,11681917000.0,2022-02-01 08:00:29.687,2022-02-01 10:13:16.320
2022-02-01 12:00:00,0.83535,0.83544,0.83269,0.83276,19042859000.0,2022-02-01 12:02:11.673,2022-02-01 15:58:00.082
2022-02-01 16:00:00,0.83275,0.833,0.83178,0.83244,12146187000.0,2022-02-01 16:04:07.612,2022-02-01 17:18:25.133
2022-02-01 20:00:00,0.83245,0.8336,0.83228,0.83348,5774826000.0,2022-02-01 21:50:48.594,2022-02-01 20:08:42.846
2022-02-02 00:00:00,0.8335,0.83399,0.83325,0.83382,1851552500.0,2022-02-02 02:57:51.539,2022-02-02 00:52:07.896
2022-02-02 04:00:00,0.83381,0.83398,0.83285,0.83346,2835739000.0,2022-02-02 05:08:26.817,2022-02-02 07:42:11.641
2022-02-02 08:00:00,0.83347,0.83511,0.83326,0.8343,11283694000.0,2022-02-02 10:37:40.969,2022-02-02 09:37:56.437
2022-02-02 12:00:00,0.83432,0.83474,0.83247,0.83275,20993329000.0,2022-02-02 12:22:46.849,2022-02-02 15:40:38.625
2022-02-02 16:00:00,0.83274,0.83351,0.83241,0.8326,6677732000.0,2022-02-02 18:27:57.543,2022-02-02 19:44:54.151
2022-02-02 20:00:00,0.83259,0.83313,0.83233,0.833,2587473000.0,2022-02-02 21:38:22.051,2022-02-02 22:59:50.857
2022-02-03 00:00:00,0.83301,0.83381,0.83284,0.83339,2414420000.0,2022-02-03 03:22:24.158,2022-02-03 00:02:30.293
2022-02-03 04:00:00,0.83337,0.83395,0.83278,0.83324,3170043000.0,2022-02-03 06:13:08.969,2022-02-03 07:14:47.426
2022-02-03 08:00:00,0.83323,0.83383,0.83138,0.8315,9303158000.0,2022-02-03 08:32:45.502,2022-02-03 11:58:02.041
2022-02-03 12:00:00,0.83134,0.83957,0.82845,0.83894,65071709900.0,2022-02-03 15:49:24.416,2022-02-03 12:00:51.497
2022-02-03 16:00:00,0.83893,0.84165,0.83846,0.84138,22575404000.0,2022-02-03 17:21:53.943,2022-02-03 16:09:19.878
2022-02-03 20:00:00,0.84137,0.8414,0.84001,0.84098,3522203000.0,2022-02-03 20:00:33.061,2022-02-03 22:12:47.440
2022-02-04 00:00:00,0.84097,0.84242,0.84059,0.84225,3045568000.0,2022-02-04 03:42:52.452,2022-02-04 00:30:05.531
2022-02-04 04:00:00,0.84223,0.84438,0.84209,0.8443,5934195000.0,2022-02-04 07:59:52.088,2022-02-04 04:03:10.897
2022-02-04 08:00:00,0.84429,0.84666,0.84219,0.84572,18805093000.0,2022-02-04 10:11:28.217,2022-02-04 08:16:52.000
2022-02-04 12:00:00,0.84571,0.84701,0.84366,0.84566,39770991500.0,2022-02-04 14:10:50.096,2022-02-04 14:59:58.467
2022-02-04 16:00:00,0.84565,0.84668,0.8449,0.84618,8696089000.0,2022-02-04 17:24:18.102,2022-02-04 16:28:54.703
2022-02-04 20:00:00,0.84616,0.84674,0.84602,0.84636,1953204000.0,2022-02-04 20:30:37.937,2022-02-04 20:11:58.481
2022-02-06 20:00:00,0.84613,0.8468,0.84448,0.84638,662759000.0,2022-02-06 22:45:56.286,2022-02-06 22:13:42.231
2022-02-07 00:00:00,0.8464,0.84653,0.84491,0.84535,4098918000.0,2022-02-07 00:50:39.331,2022-02-07 02:27:46.932
2022-02-07 04:00:00,0.84534,0.84574,0.844,0.84408,4012622000.0,2022-02-07 05:51:00.408,2022-02-07 07:42:38.613
2022-02-07 08:00:00,0.84409,0.84705,0.84384,0.84697,11058903000.0,2022-02-07 11:58:02.092,2022-02-07 08:07:43.146
2022-02-07 12:00:00,0.84695,0.84779,0.8452,0.84574,16381894000.0,2022-02-07 12:54:29.000,2022-02-07 15:51:56.009
2022-02-07 16:00:00,0.84573,0.84603,0.84428,0.84527,7275920900.0,2022-02-07 16:01:36.659,2022-02-07 16:20:49.313
2022-02-07 20:00:00,0.84526,0.84551,0.84465,0.84511,2669774300.0,2022-02-07 23:05:23.593,2022-02-07 22:14:59.624
2022-02-08 00:00:00,0.84512,0.8457,0.84437,0.84449,2730431000.0,2022-02-08 01:25:47.478,2022-02-08 03:32:01.309
2022-02-08 04:00:00,0.84448,0.84511,0.84276,0.84291,5730231000.0,2022-02-08 05:24:21.565,2022-02-08 07:52:36.586
2022-02-08 08:00:00,0.8429,0.84359,0.84125,0.84341,14102370000.0,2022-02-08 11:59:41.189,2022-02-08 09:51:31.371
2022-02-08 12:00:00,0.84342,0.84413,0.84187,0.84246,13965206000.0,2022-02-08 12:59:58.284,2022-02-08 15:29:42.555
2022-02-08 16:00:00,0.84245,0.8436,0.84198,0.84284,6172718000.0,2022-02-08 17:58:14.767,2022-02-08 16:51:53.643
2022-02-08 20:00:00,0.84283,0.84314,0.84251,0.843,2282443000.0,2022-02-08 22:12:59.506,2022-02-08 20:33:05.062
2022-02-09 00:00:00,0.84301,0.84304,0.84254,0.84298,2265789000.0,2022-02-09 00:00:00.176,2022-02-09 00:48:26.171
2022-02-09 04:00:00,0.84296,0.84296,0.84159,0.8418,2580335000.0,2022-02-09 04:00:00.667,2022-02-09 07:58:55.979
2022-02-09 08:00:00,0.84181,0.8428,0.84128,0.84186,10821647000.0,2022-02-09 11:10:26.264,2022-02-09 10:20:40.160
2022-02-09 12:00:00,0.84185,0.84414,0.84167,0.84363,16533782000.0,2022-02-09 15:46:30.995,2022-02-09 12:04:36.271
2022-02-09 16:00:00,0.84364,0.84505,0.84341,0.84459,9060748000.0,2022-02-09 17:58:13.277,2022-02-09 16:10:59.879
2022-02-09 20:00:00,0.84458,0.84463,0.8436,0.84395,3186859000.0,2022-02-09 20:00:22.963,2022-02-09 23:00:05.065
2022-02-10 00:00:00,0.84394,0.84457,0.84359,0.84452,3470917000.0,2022-02-10 03:57:57.079,2022-02-10 01:07:43.035
2022-02-10 04:00:00,0.84451,0.8446,0.84352,0.84361,2737162000.0,2022-02-10 04:01:35.234,2022-02-10 07:59:51.190
2022-02-10 08:00:00,0.84362,0.84392,0.84237,0.84252,10348495000.0,2022-02-10 09:07:00.512,2022-02-10 10:24:03.527
2022-02-10 12:00:00,0.84251,0.84277,0.84106,0.84218,30165566000.0,2022-02-10 12:43:49.965,2022-02-10 14:42:57.727
2022-02-10 16:00:00,0.84219,0.84358,0.84174,0.84347,19934236200.0,2022-02-10 19:56:12.026,2022-02-10 17:48:04.989
2022-02-10 20:00:00,0.84346,0.84388,0.84155,0.84221,8834283000.0,2022-02-10 20:51:27.377,2022-02-10 23:05:36.522
2022-02-11 00:00:00,0.8422,0.84231,0.84121,0.84148,5583566000.0,2022-02-11 00:05:33.737,2022-02-11 02:13:51.256
2022-02-11 04:00:00,0.8415,0.84176,0.84057,0.84114,7120164000.0,2022-02-11 06:38:38.481,2022-02-11 07:18:48.540
2022-02-11 08:00:00,0.84115,0.84162,0.83924,0.84013,10456146000.0,2022-02-11 08:02:08.899,2022-02-11 08:37:30.632
2022-02-11 12:00:00,0.84014,0.84016,0.83791,0.83818,14206337000.0,2022-02-11 12:00:15.332,2022-02-11 15:55:32.989
2022-02-11 16:00:00,0.8382,0.83873,0.83595,0.83647,29722617000.0,2022-02-11 16:42:58.626,2022-02-11 18:57:05.758
2022-02-11 20:00:00,0.83648,0.83754,0.83635,0.83661,80732254600.0,2022-02-11 20:41:51.806,2022-02-11 20:01:34.965
2022-02-13 20:00:00,0.83602,0.8376,0.83558,0.83749,3984200000.0,2022-02-13 23:57:00.884,2022-02-13 22:35:55.787
2022-02-14 00:00:00,0.8375,0.83811,0.8373,0.83801,7184915000.0,2022-02-14 03:49:48.142,2022-02-14 00:40:32.043
2022-02-14 04:00:00,0.838,0.8385,0.83724,0.83746,4638563000.0,2022-02-14 07:33:20.825,2022-02-14 07:47:19.331
2022-02-14 08:00:00,0.83747,0.83867,0.83608,0.83694,14221278000.0,2022-02-14 08:25:14.566,2022-02-14 10:37:52.064
2022-02-14 12:00:00,0.83693,0.83766,0.8353,0.83664,32842822000.0,2022-02-14 12:43:37.336,2022-02-14 15:13:14.884
2022-02-14 16:00:00,0.83665,0.83694,0.83463,0.83539,12356333000.0,2022-02-14 16:45:04.633,2022-02-14 19:22:31.082
2022-02-14 20:00:00,0.83538,0.83567,0.83501,0.83545,3710173900.0,2022-02-14 23:01:23.747,2022-02-14 22:08:13.773
2022-02-15 00:00:00,0.83546,0.8362,0.83506,0.836,2686313000.0,2022-02-15 03:49:19.346,2022-02-15 01:00:07.846
2022-02-15 04:00:00,0.83599,0.83686,0.83588,0.83602,4609856000.0,2022-02-15 06:59:16.831,2022-02-15 07:58:11.343
2022-02-15 08:00:00,0.83601,0.83824,0.8356,0.83799,12065914000.0,2022-02-15 11:59:03.913,2022-02-15 08:08:39.807
2022-02-15 12:00:00,0.83798,0.83997,0.83692,0.83975,24562606000.0,2022-02-15 15:58:16.957,2022-02-15 12:30:24.098
2022-02-15 16:00:00,0.83974,0.83987,0.83897,0.83925,9152666000.0,2022-02-15 16:00:46.418,2022-02-15 19:03:42.429
2022-02-15 20:00:00,0.83924,0.83952,0.83838,0.8386,3565309000.0,2022-02-15 20:20:20.044,2022-02-15 22:12:20.055
2022-02-16 00:00:00,0.83859,0.83873,0.83774,0.83794,2981417000.0,2022-02-16 00:05:36.372,2022-02-16 02:37:19.359
2022-02-16 04:00:00,0.83793,0.83937,0.83772,0.83899,3243134000.0,2022-02-16 07:54:34.956,2022-02-16 05:10:09.892
2022-02-16 08:00:00,0.83896,0.84022,0.83835,0.83969,10316705000.0,2022-02-16 08:50:37.798,2022-02-16 11:10:10.429
2022-02-16 12:00:00,0.8397,0.83981,0.83651,0.83691,17502852000.0,2022-02-16 12:00:41.314,2022-02-16 15:41:59.205
2022-02-16 16:00:00,0.83692,0.83815,0.83689,0.83752,7914076000.0,2022-02-16 19:20:49.946,2022-02-16 16:02:25.797
2022-02-16 20:00:00,0.83753,0.83776,0.83616,0.83736,3373900000.0,2022-02-16 20:11:59.890,2022-02-16 22:34:23.522
2022-02-17 00:00:00,0.83737,0.8377,0.83538,0.83588,4739500000.0,2022-02-17 00:57:13.548,2022-02-17 03:56:26.306
2022-02-17 04:00:00,0.83589,0.83689,0.83523,0.83666,10204129000.0,2022-02-17 07:53:03.397,2022-02-17 04:04:35.585
2022-02-17 08:00:00,0.83665,0.83732,0.83452,0.83521,15921479000.0,2022-02-17 08:07:18.794,2022-02-17 11:41:59.757
2022-02-17 12:00:00,0.8352,0.83579,0.83338,0.8347,24458578000.0,2022-02-17 12:07:20.252,2022-02-17 14:42:21.953
2022-02-17 16:00:00,0.83471,0.83493,0.83345,0.83411,8136591000.0,2022-02-17 16:02:46.492,2022-02-17 18:09:45.717
2022-02-17 20:00:00,0.83412,0.83493,0.83369,0.83466,4120308900.0,2022-02-17 22:14:34.064,2022-02-17 22:07:15.028
2022-02-18 00:00:00,0.83465,0.83563,0.83448,0.83509,4901979000.0,2022-02-18 02:29:20.755,2022-02-18 00:04:37.265
2022-02-18 04:00:00,0.83508,0.83537,0.8343,0.83455,3706071000.0,2022-02-18 06:02:27.813,2022-02-18 07:31:56.616
2022-02-18 08:00:00,0.83456,0.83506,0.83352,0.83444,12319083000.0,2022-02-18 10:38:23.694,2022-02-18 08:39:11.846
2022-02-18 12:00:00,0.83443,0.83507,0.83338,0.8349,16519133000.0,2022-02-18 15:58:04.643,2022-02-18 14:08:28.131
2022-02-18 16:00:00,0.83492,0.83499,0.83301,0.83308,10096222000.0,2022-02-18 16:00:16.731,2022-02-18 19:55:47.012
2022-02-18 20:00:00,0.83306,0.83318,0.83268,0.83277,2604274000.0,2022-02-18 20:22:25.417,2022-02-18 21:05:43.622
2022-02-20 20:00:00,0.83264,0.83301,0.83222,0.83262,927500000.0,2022-02-20 22:09:15.069,2022-02-20 22:07:11.554
2022-02-21 00:00:00,0.83264,0.83441,0.83247,0.83415,4591576000.0,2022-02-21 03:28:45.247,2022-02-21 00:23:26.812
2022-02-21 04:00:00,0.83414,0.83495,0.83397,0.83454,3974217200.0,2022-02-21 07:37:24.573,2022-02-21 05:31:27.533
2022-02-21 08:00:00,0.83452,0.83514,0.83263,0.83323,10599471000.0,2022-02-21 08:06:04.811,2022-02-21 09:01:33.359
2022-02-21 12:00:00,0.83322,0.83355,0.83231,0.8331,13444292000.0,2022-02-21 12:31:36.936,2022-02-21 15:28:25.268
2022-02-21 16:00:00,0.83308,0.83374,0.83123,0.83196,7482669000.0,2022-02-21 17:04:12.343,2022-02-21 19:36:28.865
2022-02-21 20:00:00,0.83197,0.83201,0.83096,0.83186,4067923000.0,2022-02-21 21:15:16.408,2022-02-21 22:04:01.477
2022-02-22 00:00:00,0.83185,0.83249,0.83106,0.83111,4703332000.0,2022-02-22 00:54:56.643,2022-02-22 03:59:07.974
2022-02-22 04:00:00,0.83112,0.83294,0.83111,0.83267,4910035000.0,2022-02-22 07:47:04.657,2022-02-22 04:00:01.819
2022-02-22 08:00:00,0.83266,0.83759,0.83263,0.83709,23066881000.0,2022-02-22 10:48:33.084,2022-02-22 08:00:00.662
2022-02-22 12:00:00,0.83707,0.83827,0.83321,0.83406,19108333000.0,2022-02-22 12:47:52.283,2022-02-22 15:59:01.856
2022-02-22 16:00:00,0.83404,0.83471,0.83349,0.83391,10621827000.0,2022-02-22 16:50:19.994,2022-02-22 17:24:54.713
2022-02-22 20:00:00,0.8339,0.83446,0.83328,0.83372,2618210000.0,2022-02-22 20:32:29.905,2022-02-22 22:25:18.906
2022-02-23 00:00:00,0.83371,0.83386,0.83307,0.83314,3801462000.0,2022-02-23 00:32:13.300,2022-02-23 02:40:37.233
2022-02-23 04:00:00,0.83315,0.83384,0.83257,0.83332,3521480000.0,2022-02-23 07:37:14.781,2022-02-23 07:02:42.516
2022-02-23 08:00:00,0.83333,0.8354,0.83251,0.83467,12198453000.0,2022-02-23 10:47:24.584,2022-02-23 08:35:17.115
2022-02-23 12:00:00,0.83468,0.83541,0.83398,0.83513,12190772000.0,2022-02-23 15:38:20.050,2022-02-23 13:40:34.721
2022-02-23 16:00:00,0.83512,0.83526,0.83426,0.83522,6086809000.0,2022-02-23 19:31:08.335,2022-02-23 18:24:14.841
2022-02-23 20:00:00,0.83523,0.83531,0.83375,0.83462,2291364000.0,2022-02-23 20:08:30.168,2022-02-23 22:56:59.896
2022-02-24 00:00:00,0.83463,0.8347,0.83142,0.83158,9604639000.0,2022-02-24 00:03:46.203,2022-02-24 03:59:08.865
2022-02-24 04:00:00,0.83159,0.83529,0.83058,0.83431,21643785500.0,2022-02-24 07:55:36.470,2022-02-24 04:13:40.060
2022-02-24 08:00:00,0.8343,0.83594,0.83182,0.83409,39518240600.0,2022-02-24 09:29:16.336,2022-02-24 10:36:49.493
2022-02-24 12:00:00,0.8341,0.8378,0.83288,0.83686,45859255000.0,2022-02-24 15:57:55.888,2022-02-24 12:16:46.523
2022-02-24 16:00:00,0.83687,0.83735,0.83432,0.83597,30434130000.0,2022-02-24 16:00:31.518,2022-02-24 16:40:36.643
2022-02-24 20:00:00,0.83599,0.83748,0.83567,0.83684,8053065000.0,2022-02-24 20:28:57.425,2022-02-24 20:03:58.676
2022-02-25 00:00:00,0.83682,0.83729,0.83568,0.83569,6547459000.0,2022-02-25 00:49:23.930,2022-02-25 03:59:49.610
2022-02-25 04:00:00,0.8357,0.8362,0.83454,0.8354,5635337000.0,2022-02-25 07:45:35.351,2022-02-25 07:02:56.076
2022-02-25 08:00:00,0.83539,0.83603,0.83471,0.83559,11874479500.0,2022-02-25 10:00:11.297,2022-02-25 08:06:40.353
2022-02-25 12:00:00,0.83561,0.84068,0.8355,0.83808,25876626000.0,2022-02-25 14:57:26.733,2022-02-25 12:02:37.688
2022-02-25 16:00:00,0.8381,0.8404,0.83797,0.83984,10412827000.0,2022-02-25 18:52:22.463,2022-02-25 16:08:24.100
2022-02-25 20:00:00,0.83983,0.84054,0.83957,0.84043,5151076000.0,2022-02-25 21:43:20.312,2022-02-25 20:08:49.872
2022-02-27 20:00:00,0.8352,0.83692,0.83498,0.83605,8057790000.0,2022-02-27 23:32:17.780,2022-02-27 22:05:02.772
2022-02-28 00:00:00,0.83604,0.83691,0.83472,0.83541,12262252000.0,2022-02-28 00:38:10.329,2022-02-28 03:14:14.610
2022-02-28 04:00:00,0.83542,0.8372,0.83418,0.83667,10758557000.0,2022-02-28 07:40:16.045,2022-02-28 07:06:12.218
2022-02-28 08:00:00,0.83666,0.83765,0.83499,0.83613,21418549400.0,2022-02-28 10:59:31.360,2022-02-28 09:25:47.549
2022-02-28 12:00:00,0.83614,0.83733,0.83456,0.83692,29942666000.0,2022-02-28 15:58:33.070,2022-02-28 13:26:35.609
2022-02-28 16:00:00,0.83691,0.83826,0.83585,0.83665,28944523000.0,2022-02-28 16:28:32.288,2022-02-28 17:44:28.734
2022-02-28 20:00:00,0.83664,0.83667,0.83472,0.83548,6331083000.0,2022-02-28 20:00:00.109,2022-02-28 22:04:10.136
2022-03-01 00:00:00,0.83547,0.83569,0.83448,0.83483,2436076000.0,2022-03-01 00:54:26.453,2022-03-01 02:11:42.559
2022-03-01 04:00:00,0.83484,0.83655,0.83428,0.83652,3570206000.0,2022-03-01 07:59:50.839,2022-03-01 06:25:56.324
2022-03-01 08:00:00,0.83651,0.83674,0.8327,0.83357,15288564000.0,2022-03-01 08:01:10.880,2022-03-01 11:22:06.543
2022-03-01 12:00:00,0.83356,0.83451,0.8316,0.83432,18604739000.0,2022-03-01 15:56:47.523,2022-03-01 14:36:53.595
2022-03-01 16:00:00,0.83431,0.83572,0.83309,0.83542,21623793000.0,2022-03-01 19:58:15.067,2022-03-01 16:27:53.125
2022-03-01 20:00:00,0.83541,0.83584,0.83402,0.83475,5187135000.0,2022-03-01 20:51:42.024,2022-03-01 22:28:17.098
2022-03-02 00:00:00,0.83477,0.8352,0.83432,0.83481,5636081000.0,2022-03-02 00:59:54.154,2022-03-02 02:25:20.473
2022-03-02 04:00:00,0.83483,0.83603,0.8345,0.83464,8893710000.0,2022-03-02 07:34:19.713,2022-03-02 07:53:07.084
2022-03-02 08:00:00,0.83463,0.8349,0.83179,0.83272,18614932000.0,2022-03-02 08:09:53.433,2022-03-02 11:55:38.367
2022-03-02 12:00:00,0.83271,0.83402,0.82992,0.83131,22210850200.0,2022-03-02 12:28:23.101,2022-03-02 15:45:48.828
2022-03-02 16:00:00,0.83132,0.83333,0.82942,0.83167,29444659700.0,2022-03-02 16:33:46.835,2022-03-02 17:33:04.491
2022-03-02 20:00:00,0.83166,0.83171,0.8292,0.82948,9863984000.0,2022-03-02 20:00:02.615,2022-03-02 22:04:31.124
2022-03-03 00:00:00,0.82947,0.82964,0.82861,0.82877,4560683000.0,2022-03-03 01:00:29.606,2022-03-03 03:48:08.946
2022-03-03 04:00:00,0.82876,0.82886,0.82756,0.82867,4623415000.0,2022-03-03 04:02:03.037,2022-03-03 07:02:12.782
2022-03-03 08:00:00,0.82866,0.82965,0.82764,0.82919,10131885000.0,2022-03-03 11:55:47.874,2022-03-03 10:11:50.323
2022-03-03 12:00:00,0.8292,0.82941,0.82749,0.82919,16051061000.0,2022-03-03 15:53:44.320,2022-03-03 13:26:51.456
2022-03-03 16:00:00,0.82918,0.82997,0.82778,0.82921,13936292000.0,2022-03-03 16:58:19.707,2022-03-03 16:22:56.319
2022-03-03 20:00:00,0.8292,0.82941,0.82838,0.82885,3595188000.0,2022-03-03 20:37:09.832,2022-03-03 22:04:01.456
2022-03-04 00:00:00,0.82883,0.82905,0.82634,0.82676,15841247000.0,2022-03-04 00:05:40.661,2022-03-04 03:06:44.223
2022-03-04 04:00:00,0.82674,0.82711,0.82607,0.8265,7188585000.0,2022-03-04 05:07:02.280,2022-03-04 07:25:12.844
2022-03-04 08:00:00,0.82649,0.82844,0.82599,0.82606,13427124000.0,2022-03-04 09:55:51.306,2022-03-04 11:58:09.376
2022-03-04 12:00:00,0.82605,0.82642,0.82304,0.826,25425084000.0,2022-03-04 15:53:08.964,2022-03-04 13:42:01.126
2022-03-04 16:00:00,0.82599,0.82641,0.82524,0.82548,17242342000.0,2022-03-04 16:55:21.870,2022-03-04 18:26:03.019
2022-03-04 20:00:00,0.82549,0.82619,0.82504,0.82592,6587534000.0,2022-03-04 21:49:47.297,2022-03-04 20:23:42.153
2022-03-06 20:00:00,0.82612,0.82612,0.82248,0.82296,7636297000.0,2022-03-06 22:05:00.136,2022-03-06 23:35:17.432
2022-03-07 00:00:00,0.82297,0.82346,0.82026,0.82301,15988482000.0,2022-03-07 03:28:17.764,2022-03-07 01:23:43.916
2022-03-07 04:00:00,0.82302,0.82398,0.82248,0.8234,14673602000.0,2022-03-07 06:22:09.888,2022-03-07 04:45:47.795
2022-03-07 08:00:00,0.82341,0.82557,0.82213,0.82457,17914799000.0,2022-03-07 08:47:35.350,2022-03-07 10:30:02.116
2022-03-07 12:00:00,0.82456,0.82845,0.8239,0.828,30692758000.0,2022-03-07 14:24:01.803,2022-03-07 12:19:54.812
2022-03-07 16:00:00,0.82801,0.83047,0.82713,0.82775,31162983000.0,2022-03-07 18:27:01.477,2022-03-07 16:20:13.331
2022-03-07 20:00:00,0.82777,0.82925,0.82761,0.8286,6315626000.0,2022-03-07 20:59:41.693,2022-03-07 22:04:21.832
2022-03-08 00:00:00,0.82859,0.82906,0.82791,0.82803,2728626000.0,2022-03-08 02:23:16.450,2022-03-08 01:41:03.304
2022-03-08 04:00:00,0.82802,0.83034,0.82784,0.82961,5470038000.0,2022-03-08 07:53:07.249,2022-03-08 04:03:06.384
2022-03-08 08:00:00,0.82962,0.83248,0.82814,0.83019,22344378000.0,2022-03-08 08:47:48.201,2022-03-08 10:38:09.251
2022-03-08 12:00:00,0.8302,0.8331,0.82833,0.82947,30414804500.0,2022-03-08 14:11:48.733,2022-03-08 15:43:51.578
2022-03-08 16:00:00,0.82945,0.83471,0.82943,0.83207,33487863000.0,2022-03-08 17:49:26.356,2022-03-08 16:00:03.109
2022-03-08 20:00:00,0.83206,0.83272,0.83131,0.83196,5467704000.0,2022-03-08 21:05:04.489,2022-03-08 22:30:12.342
2022-03-09 00:00:00,0.83198,0.83269,0.83174,0.83215,3497907000.0,2022-03-09 01:04:59.663,2022-03-09 00:10:58.714
2022-03-09 04:00:00,0.83213,0.83275,0.83178,0.8326,3933037000.0,2022-03-09 06:31:43.357,2022-03-09 04:29:50.072
2022-03-09 08:00:00,0.83261,0.83488,0.83165,0.83421,15095773000.0,2022-03-09 10:15:41.842,2022-03-09 11:29:47.035
2022-03-09 12:00:00,0.83422,0.8396,0.83344,0.83935,31935771600.0,2022-03-09 15:59:25.609,2022-03-09 12:21:27.489
2022-03-09 16:00:00,0.83934,0.84176,0.8393,0.84036,18859134000.0,2022-03-09 16:40:01.008,2022-03-09 16:00:21.732
2022-03-09 20:00:00,0.84035,0.8406,0.83921,0.83986,5170569000.0,2022-03-09 20:02:04.165,2022-03-09 22:33:06.800
2022-03-10 00:00:00,0.83985,0.84033,0.83894,0.83987,3069939000.0,2022-03-10 02:25:06.517,2022-03-10 01:03:18.167
2022-03-10 04:00:00,0.83989,0.83994,0.83855,0.83862,2992690000.0,2022-03-10 04:00:51.184,2022-03-10 07:02:22.159
2022-03-10 08:00:00,0.83861,0.84057,0.83807,0.83896,23237890000.0,2022-03-10 09:00:36.502,2022-03-10 08:58:08.398
2022-03-10 12:00:00,0.83897,0.8436,0.8366,0.83922,46838090200.0,2022-03-10 12:55:36.472,2022-03-10 15:34:36.500
2022-03-10 16:00:00,0.83921,0.83981,0.83799,0.83867,9945027000.0,2022-03-10 17:02:16.106,2022-03-10 19:13:23.154
2022-03-10 20:00:00,0.83868,0.84056,0.8386,0.84053,3947264800.0,2022-03-10 23:57:05.656,2022-03-10 20:00:06.578
2022-03-11 00:00:00,0.84052,0.84095,0.83926,0.84061,4596848000.0,2022-03-11 00:18:32.476,2022-03-11 01:25:43.896
2022-03-11 04:00:00,0.84059,0.84148,0.83984,0.84022,6776541000.0,2022-03-11 05:45:57.432,2022-03-11 07:56:30.540
2022-03-11 08:00:00,0.84023,0.84194,0.83848,0.84,22421896000.0,2022-03-11 11:26:50.279,2022-03-11 09:57:39.163
2022-03-11 12:00:00,0.84001,0.84107,0.83676,0.83795,23251484000.0,2022-03-11 12:16:52.481,2022-03-11 15:39:59.383
2022-03-11 16:00:00,0.83796,0.83828,0.83603,0.83667,10703320800.0,2022-03-11 16:10:45.964,2022-03-11 18:26:47.087
2022-03-11 20:00:00,0.83666,0.83761,0.8366,0.83705,3056136000.0,2022-03-11 21:35:44.659,2022-03-11 20:00:00.403
2022-03-13 20:00:00,0.83698,0.83846,0.83606,0.83773,3512198000.0,2022-03-13 22:30:17.450,2022-03-13 22:00:04.508
2022-03-14 00:00:00,0.83772,0.83852,0.83742,0.83791,4406416000.0,2022-03-14 02:56:48.208,2022-03-14 00:04:32.660
2022-03-14 04:00:00,0.83793,0.83891,0.83771,0.83837,5059178000.0,2022-03-14 07:56:21.754,2022-03-14 07:23:19.319
2022-03-14 08:00:00,0.83839,0.84247,0.8381,0.84029,13220872500.0,2022-03-14 09:57:16.660,2022-03-14 08:07:43.741
2022-03-14 12:00:00,0.8403,0.84176,0.83766,0.84148,16765178500.0,2022-03-14 15:56:45.581,2022-03-14 12:47:58.323
2022-03-14 16:00:00,0.84147,0.84297,0.84105,0.84213,10271825000.0,2022-03-14 18:17:35.555,2022-03-14 16:22:07.739
2022-03-14 20:00:00,0.84214,0.84215,0.84039,0.84107,2436105000.0,2022-03-14 20:00:00.006,2022-03-14 23:24:23.526
2022-03-15 00:00:00,0.84108,0.84266,0.84108,0.84146,5145604000.0,2022-03-15 02:04:58.006,2022-03-15 00:00:00.044
2022-03-15 04:00:00,0.84147,0.84466,0.84141,0.84435,9627123000.0,2022-03-15 07:51:19.929,2022-03-15 04:11:44.307
2022-03-15 08:00:00,0.84437,0.84559,0.8411,0.84159,15586507500.0,2022-03-15 08:16:59.897,2022-03-15 11:41:50.377
2022-03-15 12:00:00,0.8416,0.84197,0.83862,0.83971,17033124000.0,2022-03-15 12:02:36.973,2022-03-15 15:54:29.527
2022-03-15 16:00:00,0.8397,0.84003,0.8386,0.83944,10086752000.0,2022-03-15 16:01:29.739,2022-03-15 16:16:42.566
2022-03-15 20:00:00,0.83942,0.84101,0.83863,0.8407,2605826000.0,2022-03-15 23:44:48.909,2022-03-15 21:21:48.283
2022-03-16 00:00:00,0.84073,0.8409,0.83992,0.84023,2521369000.0,2022-03-16 00:13:45.040,2022-03-16 01:49:23.425
2022-03-16 04:00:00,0.84024,0.84118,0.84006,0.84039,4076700000.0,2022-03-16 06:45:47.117,2022-03-16 04:34:36.426
2022-03-16 08:00:00,0.84038,0.84289,0.8402,0.84104,12664635000.0,2022-03-16 10:12:43.431,2022-03-16 08:03:42.661
2022-03-16 12:00:00,0.84103,0.84181,0.83874,0.83937,22180118000.0,2022-03-16 14:16:29.464,2022-03-16 15:41:25.846
2022-03-16 16:00:00,0.83938,0.84025,0.83786,0.83965,41199671000.0,2022-03-16 16:26:03.902,2022-03-16 18:00:00.502
2022-03-16 20:00:00,0.83963,0.83997,0.83834,0.83869,5200162000.0,2022-03-16 20:05:05.117,2022-03-16 22:33:49.117
2022-03-17 00:00:00,0.83871,0.84024,0.83854,0.83885,6419820000.0,2022-03-17 01:25:54.115,2022-03-17 03:52:53.664
2022-03-17 04:00:00,0.83886,0.83901,0.83749,0.83794,5266685000.0,2022-03-17 04:01:05.296,2022-03-17 07:56:33.450
2022-03-17 08:00:00,0.83796,0.83948,0.83669,0.83675,13448579000.0,2022-03-17 08:24:39.501,2022-03-17 11:59:07.706
2022-03-17 12:00:00,0.83724,0.84538,0.83724,0.84433,34165174600.0,2022-03-17 14:22:57.614,2022-03-17 12:00:00.429
2022-03-17 16:00:00,0.84432,0.84578,0.84368,0.84369,12508728000.0,2022-03-17 17:24:26.395,2022-03-17 18:57:57.043
2022-03-17 20:00:00,0.8437,0.84386,0.84301,0.84345,1981880000.0,2022-03-17 20:00:06.572,2022-03-17 23:10:49.415
2022-03-18 00:00:00,0.84343,0.84379,0.84218,0.84226,3434670000.0,2022-03-18 00:55:00.591,2022-03-18 03:25:11.682
2022-03-18 04:00:00,0.84227,0.84278,0.84168,0.84213,4603040000.0,2022-03-18 07:17:48.381,2022-03-18 06:19:44.066
2022-03-18 08:00:00,0.84212,0.84259,0.83949,0.83954,8786802000.0,2022-03-18 09:17:33.601,2022-03-18 11:57:38.522
2022-03-18 12:00:00,0.83955,0.84008,0.83829,0.83886,13763531500.0,2022-03-18 12:51:55.386,2022-03-18 15:53:18.309
2022-03-18 16:00:00,0.83887,0.84018,0.83772,0.83843,9329416500.0,2022-03-18 16:19:02.119,2022-03-18 18:41:16.169
2022-03-18 20:00:00,0.83844,0.83871,0.83808,0.83844,1363310000.0,2022-03-18 20:51:18.646,2022-03-18 20:24:51.102
2022-03-20 20:00:00,0.83891,0.8392,0.8381,0.83911,6311810000.0,2022-03-20 22:20:00.086,2022-03-20 21:17:19.205
2022-03-21 00:00:00,0.83912,0.83952,0.83875,0.83944,1813469000.0,2022-03-21 03:45:26.185,2022-03-21 01:50:51.427
2022-03-21 04:00:00,0.83945,0.84039,0.83898,0.84016,6004943000.0,2022-03-21 07:57:49.524,2022-03-21 06:14:39.113
2022-03-21 08:00:00,0.84015,0.84164,0.83926,0.83941,8336440500.0,2022-03-21 09:11:32.373,2022-03-21 11:58:44.257
2022-03-21 12:00:00,0.83943,0.84025,0.83628,0.83674,8876111000.0,2022-03-21 12:09:02.484,2022-03-21 15:52:36.973
2022-03-21 16:00:00,0.83675,0.83725,0.83608,0.83668,9207140000.0,2022-03-21 19:18:09.543,2022-03-21 16:39:23.164
2022-03-21 20:00:00,0.83667,0.83737,0.83621,0.83656,1616900000.0,2022-03-21 22:23:42.029,2022-03-21 21:26:38.658
2022-03-22 00:00:00,0.83657,0.83672,0.83601,0.83656,3857009000.0,2022-03-22 03:35:25.818,2022-03-22 00:58:47.188
2022-03-22 04:00:00,0.83657,0.8372,0.835,0.83582,5442730000.0,2022-03-22 05:48:55.757,2022-03-22 07:19:13.589
2022-03-22 08:00:00,0.83581,0.83644,0.83134,0.83193,9756116000.0,2022-03-22 08:00:40.574,2022-03-22 11:48:24.476
2022-03-22 12:00:00,0.83194,0.83335,0.83096,0.83127,17933449000.0,2022-03-22 12:45:00.168,2022-03-22 13:37:08.532
2022-03-22 16:00:00,0.83126,0.83204,0.83081,0.83184,5481183000.0,2022-03-22 17:25:20.463,2022-03-22 16:46:45.204
2022-03-22 20:00:00,0.83183,0.83232,0.83083,0.83137,2758143000.0,2022-03-22 22:19:02.278,2022-03-22 21:05:39.719
2022-03-23 00:00:00,0.83138,0.83141,0.82957,0.82998,3616150000.0,2022-03-23 00:00:02.650,2022-03-23 02:08:41.833
2022-03-23 04:00:00,0.82999,0.83164,0.82987,0.83078,6772379000.0,2022-03-23 07:06:11.089,2022-03-23 04:05:55.673
2022-03-23 08:00:00,0.83079,0.83337,0.83075,0.83149,10306641000.0,2022-03-23 08:53:34.750,2022-03-23 08:00:01.825
2022-03-23 12:00:00,0.83148,0.83374,0.83142,0.8327,15875937000.0,2022-03-23 12:39:40.840,2022-03-23 13:42:38.948
2022-03-23 16:00:00,0.83271,0.83377,0.8326,0.83307,7199812000.0,2022-03-23 16:31:02.760,2022-03-23 16:05:30.340
2022-03-23 20:00:00,0.83308,0.834,0.83246,0.83343,5131830000.0,2022-03-23 21:09:02.414,2022-03-23 21:04:46.066
2022-03-24 00:00:00,0.83342,0.83376,0.83255,0.83264,1998356000.0,2022-03-24 00:53:57.726,2022-03-24 03:32:25.779
2022-03-24 04:00:00,0.83267,0.83311,0.83165,0.83275,4006890000.0,2022-03-24 05:04:35.157,2022-03-24 07:27:40.930
2022-03-24 08:00:00,0.83274,0.83493,0.83189,0.83224,16662889100.0,2022-03-24 09:07:25.533,2022-03-24 11:40:01.794
2022-03-24 12:00:00,0.83223,0.83501,0.83183,0.83478,16255864000.0,2022-03-24 15:48:47.887,2022-03-24 12:30:54.956
2022-03-24 16:00:00,0.83479,0.835,0.83334,0.83384,8917493500.0,2022-03-24 16:01:49.150,2022-03-24 17:14:39.296
2022-03-24 20:00:00,0.83386,0.83442,0.83342,0.83431,1805127000.0,2022-03-24 23:16:53.608,2022-03-24 21:04:19.081
2022-03-25 00:00:00,0.83432,0.83536,0.83419,0.83501,2504036000.0,2022-03-25 01:52:00.005,2022-03-25 00:01:51.955
2022-03-25 04:00:00,0.83502,0.83605,0.83411,0.83573,2829259000.0,2022-03-25 07:54:46.174,2022-03-25 06:01:46.863
2022-03-25 08:00:00,0.83574,0.83698,0.83456,0.83487,7719498000.0,2022-03-25 08:58:52.384,2022-03-25 11:42:30.817
2022-03-25 12:00:00,0.83486,0.83555,0.83251,0.83255,13155825000.0,2022-03-25 14:02:49.421,2022-03-25 15:57:51.291
2022-03-25 16:00:00,0.83256,0.83352,0.8324,0.83268,7750833000.0,2022-03-25 19:21:28.766,2022-03-25 16:11:04.998
2022-03-25 20:00:00,0.83269,0.83326,0.83268,0.83305,1316346000.0,2022-03-25 20:54:08.374,2022-03-25 20:00:00.290
2022-03-27 20:00:00,0.83275,0.83395,0.83217,0.83363,1818034000.0,2022-03-27 23:48:24.343,2022-03-27 21:18:39.747
2022-03-28 00:00:00,0.83362,0.83393,0.83228,0.8328,4560019000.0,2022-03-28 00:15:27.122,2022-03-28 02:01:44.226
2022-03-28 04:00:00,0.83281,0.83424,0.83217,0.83304,6543250000.0,2022-03-28 06:35:52.633,2022-03-28 07:05:28.350
2022-03-28 08:00:00,0.83305,0.83682,0.83285,0.83597,17753500300.0,2022-03-28 11:19:38.734,2022-03-28 08:07:41.583
2022-03-28 12:00:00,0.83596,0.83969,0.83564,0.83842,20923071500.0,2022-03-28 14:45:37.717,2022-03-28 12:43:10.290
2022-03-28 16:00:00,0.83843,0.83998,0.8383,0.83908,7196541000.0,2022-03-28 17:02:10.687,2022-03-28 16:02:34.102
2022-03-28 20:00:00,0.83909,0.83932,0.8384,0.83903,2870087000.0,2022-03-28 20:14:24.722,2022-03-28 21:06:29.988
2022-03-29 00:00:00,0.83904,0.83936,0.83852,0.83936,2984821000.0,2022-03-29 03:59:59.398,2022-03-29 00:55:00.299
2022-03-29 04:00:00,0.83938,0.84058,0.83854,0.84022,4940214000.0,2022-03-29 07:21:05.048,2022-03-29 06:03:08.618
2022-03-29 08:00:00,0.84023,0.84512,0.83924,0.84427,32321945000.0,2022-03-29 11:47:12.580,2022-03-29 08:23:43.037
2022-03-29 12:00:00,0.84426,0.84762,0.84369,0.84592,25745784800.0,2022-03-29 13:56:21.318,2022-03-29 12:00:59.716
2022-03-29 16:00:00,0.8459,0.84818,0.84551,0.84648,8256543900.0,2022-03-29 17:18:43.227,2022-03-29 16:03:40.593
2022-03-29 20:00:00,0.84649,0.84707,0.84583,0.84707,2273679000.0,2022-03-29 23:58:20.253,2022-03-29 21:10:05.814
2022-03-30 00:00:00,0.84706,0.84821,0.84676,0.84803,3259815400.0,2022-03-30 03:57:39.652,2022-03-30 00:22:26.587
2022-03-30 04:00:00,0.84804,0.84847,0.84653,0.84775,5974363000.0,2022-03-30 07:19:41.032,2022-03-30 06:45:35.427
2022-03-30 08:00:00,0.84777,0.84925,0.8462,0.84645,12583944500.0,2022-03-30 09:02:47.340,2022-03-30 10:08:52.822
2022-03-30 12:00:00,0.84646,0.84902,0.84498,0.84889,15560244000.0,2022-03-30 15:59:05.144,2022-03-30 12:15:01.388
2022-03-30 16:00:00,0.84888,0.84979,0.84812,0.84909,3959818500.0,2022-03-30 18:52:07.295,2022-03-30 16:18:02.051
2022-03-30 20:00:00,0.84908,0.84977,0.84905,0.84956,1894926000.0,2022-03-30 22:24:20.608,2022-03-30 20:02:26.823
2022-03-31 00:00:00,0.84955,0.85123,0.84947,0.8511,3395311900.0,2022-03-31 03:22:22.999,2022-03-31 00:11:09.475
2022-03-31 04:00:00,0.85111,0.85113,0.84882,0.84885,5960040000.0,2022-03-31 04:36:49.643,2022-03-31 07:59:57.056
2022-03-31 08:00:00,0.84882,0.84893,0.84482,0.84587,11259332500.0,2022-03-31 08:00:02.570,2022-03-31 11:25:05.542
2022-03-31 12:00:00,0.84588,0.84635,0.84328,0.84353,21724700000.0,2022-03-31 12:29:32.539,2022-03-31 14:51:03.461
2022-03-31 16:00:00,0.84352,0.84375,0.84199,0.84219,6710073000.0,2022-03-31 17:38:12.799,2022-03-31 19:19:54.623
2022-03-31 20:00:00,0.8422,0.84242,0.84169,0.84228,6203557000.0,2022-03-31 20:00:17.991,2022-03-31 21:05:00.200
2022-04-01 00:00:00,0.8423,0.84321,0.84196,0.84245,2211125000.0,2022-04-01 02:49:59.131,2022-04-01 00:15:43.223
2022-04-01 04:00:00,0.84244,0.84408,0.84183,0.84221,6586611400.0,2022-04-01 07:01:30.700,2022-04-01 07:28:10.298
2022-04-01 08:00:00,0.8422,0.84378,0.84079,0.84141,8297636000.0,2022-04-01 08:23:49.717,2022-04-01 11:45:30.981
2022-04-01 12:00:00,0.8414,0.84349,0.84123,0.84223,14083201000.0,2022-04-01 13:54:27.159,2022-04-01 12:00:18.558
2022-04-01 16:00:00,0.84224,0.84322,0.84209,0.84242,3205218000.0,2022-04-01 17:57:26.331,2022-04-01 16:05:23.529
2022-04-01 20:00:00,0.84241,0.84288,0.84213,0.8423,1145513000.0,2022-04-01 20:19:46.138,2022-04-01 20:54:53.007
2022-04-03 20:00:00,0.84234,0.84288,0.84166,0.84286,1913800000.0,2022-04-03 23:59:55.417,2022-04-03 21:24:58.394
2022-04-04 00:00:00,0.84287,0.84309,0.84223,0.84238,2708125000.0,2022-04-04 00:46:40.774,2022-04-04 03:53:15.618
2022-04-04 04:00:00,0.84236,0.84237,0.84003,0.8403,5093390000.0,2022-04-04 04:00:02.771,2022-04-04 07:30:13.290
2022-04-04 08:00:00,0.84031,0.84135,0.83895,0.83966,9576654000.0,2022-04-04 08:38:12.183,2022-04-04 10:11:19.212
2022-04-04 12:00:00,0.83965,0.83978,0.83664,0.83814,10670480000.0,2022-04-04 12:01:15.462,2022-04-04 14:43:59.963
2022-04-04 16:00:00,0.83815,0.83818,0.83616,0.83642,4295851000.0,2022-04-04 16:00:06.798,2022-04-04 18:50:44.499
2022-04-04 20:00:00,0.83641,0.83696,0.83591,0.83695,1623903000.0,2022-04-04 23:59:36.733,2022-04-04 21:04:01.134
2022-04-05 00:00:00,0.83694,0.83736,0.83609,0.83667,2415843000.0,2022-04-05 00:54:11.207,2022-04-05 02:06:31.070
2022-04-05 04:00:00,0.83666,0.83681,0.83521,0.8366,7143516000.0,2022-04-05 07:52:10.888,2022-04-05 07:05:31.025
2022-04-05 08:00:00,0.83661,0.83676,0.8347,0.83497,7457196000.0,2022-04-05 08:01:36.867,2022-04-05 10:19:48.573
2022-04-05 12:00:00,0.83498,0.83517,0.83279,0.83362,12093213500.0,2022-04-05 12:05:09.201,2022-04-05 15:16:36.467
2022-04-05 16:00:00,0.83363,0.83438,0.83342,0.83375,4901587000.0,2022-04-05 18:35:29.268,2022-04-05 16:26:38.973
2022-04-05 20:00:00,0.83374,0.83437,0.83264,0.83399,5366531000.0,2022-04-05 20:55:17.076,2022-04-05 21:07:20.960
2022-04-06 00:00:00,0.83398,0.83415,0.83333,0.83381,2759122000.0,2022-04-06 01:10:19.936,2022-04-06 02:45:52.978
2022-04-06 04:00:00,0.83379,0.83406,0.83303,0.83381,6375497900.0,2022-04-06 07:22:13.238,2022-04-06 06:01:55.415
2022-04-06 08:00:00,0.8338,0.83483,0.83258,0.83427,11118073000.0,2022-04-06 11:48:07.249,2022-04-06 09:30:45.834
2022-04-06 12:00:00,0.83426,0.83534,0.8337,0.83408,15458997000.0,2022-04-06 13:38:01.322,2022-04-06 15:07:30.328
2022-04-06 16:00:00,0.83407,0.83434,0.83338,0.83373,10138745000.0,2022-04-06 16:56:22.604,2022-04-06 18:06:57.242
2022-04-06 20:00:00,0.83372,0.83399,0.83328,0.8338,2478641000.0,2022-04-06 22:01:31.713,2022-04-06 21:05:11.531
2022-04-07 00:00:00,0.83382,0.83454,0.8337,0.83396,3746934000.0,2022-04-07 00:56:06.441,2022-04-07 00:05:01.070
2022-04-07 04:00:00,0.83395,0.83511,0.83161,0.83252,5183118000.0,2022-04-07 06:27:19.290,2022-04-07 07:31:18.027
2022-04-07 08:00:00,0.83253,0.83446,0.83139,0.83404,11396063000.0,2022-04-07 11:41:56.245,2022-04-07 08:53:02.525
2022-04-07 12:00:00,0.83403,0.83647,0.83394,0.83453,15921454000.0,2022-04-07 13:33:11.204,2022-04-07 12:00:40.946
2022-04-07 16:00:00,0.83452,0.83464,0.83151,0.83156,6052158000.0,2022-04-07 16:00:45.641,2022-04-07 19:57:55.335
2022-04-07 20:00:00,0.83154,0.83228,0.8312,0.83129,3580137000.0,2022-04-07 20:55:56.101,2022-04-07 21:21:27.924
2022-04-08 00:00:00,0.83128,0.83156,0.83073,0.83123,3789403000.0,2022-04-08 00:01:17.306,2022-04-08 02:52:16.339
2022-04-08 04:00:00,0.83122,0.83343,0.83091,0.8333,5992486000.0,2022-04-08 07:22:46.573,2022-04-08 05:20:28.735
2022-04-08 08:00:00,0.83328,0.8348,0.83255,0.83363,8069943000.0,2022-04-08 10:58:49.706,2022-04-08 08:32:00.887
2022-04-08 12:00:00,0.83364,0.83619,0.83315,0.83445,29635031000.0,2022-04-08 14:56:42.985,2022-04-08 12:08:46.918
2022-04-08 16:00:00,0.83444,0.8349,0.83401,0.83459,3864653000.0,2022-04-08 18:57:55.293,2022-04-08 16:35:01.891
2022-04-08 20:00:00,0.83456,0.83456,0.83408,0.83427,1161890000.0,2022-04-08 20:00:00.054,2022-04-08 20:18:25.174
2022-04-10 20:00:00,0.83649,0.83727,0.83505,0.83532,2819892000.0,2022-04-10 22:03:53.991,2022-04-10 22:53:48.320
2022-04-11 00:00:00,0.83533,0.83645,0.83533,0.83623,4097195000.0,2022-04-11 01:34:37.145,2022-04-11 00:00:00.643
2022-04-11 04:00:00,0.83624,0.83794,0.83599,0.83742,7464911000.0,2022-04-11 07:39:32.187,2022-04-11 04:28:24.784
2022-04-11 08:00:00,0.83744,0.838,0.83629,0.83662,9133857900.0,2022-04-11 08:28:15.264,2022-04-11 11:01:56.102
2022-04-11 12:00:00,0.83664,0.83708,0.83427,0.83452,8771253000.0,2022-04-11 12:02:58.321,2022-04-11 15:56:28.057
2022-04-11 16:00:00,0.83453,0.83594,0.83438,0.83575,9708124400.0,2022-04-11 18:32:06.549,2022-04-11 16:00:12.943
2022-04-11 20:00:00,0.83574,0.83574,0.83483,0.83519,3082453000.0,2022-04-11 20:00:00.064,2022-04-11 21:09:58.514
2022-04-12 00:00:00,0.83521,0.83569,0.83472,0.83498,2917896000.0,2022-04-12 01:28:22.828,2022-04-12 02:33:53.148
2022-04-12 04:00:00,0.83499,0.83548,0.83443,0.83524,5158284000.0,2022-04-12 06:54:04.650,2022-04-12 06:02:32.425
2022-04-12 08:00:00,0.83525,0.83607,0.83394,0.83413,8384001000.0,2022-04-12 10:14:00.064,2022-04-12 11:42:59.943
2022-04-12 12:00:00,0.83414,0.83581,0.83244,0.83287,25373837000.0,2022-04-12 12:48:09.958,2022-04-12 15:45:13.517
2022-04-12 16:00:00,0.83288,0.83315,0.83194,0.83299,12783111000.0,2022-04-12 19:50:03.212,2022-04-12 17:40:09.087
2022-04-12 20:00:00,0.83298,0.83308,0.83241,0.83263,2687327000.0,2022-04-12 20:13:59.507,2022-04-12 21:05:01.088
2022-04-13 00:00:00,0.83261,0.83307,0.83223,0.83281,3001761000.0,2022-04-13 03:28:00.393,2022-04-13 01:05:10.252
2022-04-13 04:00:00,0.8328,0.83433,0.83217,0.83372,6674320000.0,2022-04-13 07:41:50.548,2022-04-13 06:00:06.825
2022-04-13 08:00:00,0.8337,0.83381,0.83234,0.83311,8843319000.0,2022-04-13 08:03:37.122,2022-04-13 10:22:41.325
2022-04-13 12:00:00,0.83313,0.8337,0.83135,0.83174,13473173000.0,2022-04-13 12:01:20.119,2022-04-13 13:59:39.759
2022-04-13 16:00:00,0.83175,0.83212,0.83018,0.83019,6791720000.0,2022-04-13 16:01:35.508,2022-04-13 19:59:55.063
2022-04-13 20:00:00,0.83018,0.83051,0.82987,0.83047,1622936000.0,2022-04-13 23:58:22.413,2022-04-13 21:07:50.726
2022-04-14 00:00:00,0.83046,0.83047,0.82948,0.83037,3125656000.0,2022-04-14 02:44:28.137,2022-04-14 01:14:47.104
2022-04-14 04:00:00,0.83038,0.83116,0.83024,0.83071,5132735000.0,2022-04-14 07:17:18.793,2022-04-14 07:04:54.191
2022-04-14 08:00:00,0.8307,0.83145,0.82815,0.82834,11799028000.0,2022-04-14 10:28:00.146,2022-04-14 11:54:07.427
2022-04-14 12:00:00,0.82833,0.83024,0.82499,0.82728,34075193500.0,2022-04-14 12:45:25.056,2022-04-14 13:52:34.264
2022-04-14 16:00:00,0.82727,0.82876,0.82708,0.82781,14536150000.0,2022-04-14 16:36:45.884,2022-04-14 16:03:10.916
2022-04-14 20:00:00,0.82782,0.82837,0.82714,0.82799,9914533000.0,2022-04-14 23:19:14.663,2022-04-14 23:24:11.893
2022-04-15 00:00:00,0.828,0.82849,0.82615,0.8267,24242126000.0,2022-04-15 00:55:46.828,2022-04-15 02:59:54.403
2022-04-15 04:00:00,0.82669,0.82786,0.82618,0.82683,80805200000.0,2022-04-15 07:12:25.321,2022-04-15 04:25:52.360
2022-04-15 08:00:00,0.82685,0.82835,0.82669,0.82764,153935100000.0,2022-04-15 08:56:28.788,2022-04-15 08:00:05.079
2022-04-15 12:00:00,0.82763,0.828,0.82698,0.82724,29963300000.0,2022-04-15 12:17:15.311,2022-04-15 14:12:45.081
2022-04-15 16:00:00,0.82728,0.82744,0.82705,0.82732,4170700000.0,2022-04-15 18:10:01.069,2022-04-15 18:32:44.454
2022-04-15 20:00:00,0.8273,0.82776,0.82721,0.82736,651500000.0,2022-04-15 20:51:35.324,2022-04-15 20:30:01.063
2022-04-17 20:00:00,0.82729,0.82872,0.82678,0.82821,2903336000.0,2022-04-17 23:30:18.258,2022-04-17 21:13:57.033
2022-04-18 00:00:00,0.8282,0.82862,0.82784,0.82847,3912012000.0,2022-04-18 03:07:05.540,2022-04-18 01:07:00.192
2022-04-18 04:00:00,0.82848,0.82964,0.82828,0.82949,3745738000.0,2022-04-18 07:55:34.834,2022-04-18 05:51:34.907
2022-04-18 08:00:00,0.82948,0.82962,0.82878,0.82897,4167844000.0,2022-04-18 10:17:47.149,2022-04-18 08:28:22.701
2022-04-18 12:00:00,0.82896,0.82946,0.8283,0.82832,16715957000.0,2022-04-18 14:50:27.669,2022-04-18 15:59:51.875
2022-04-18 16:00:00,0.82833,0.82901,0.82795,0.82885,5619040000.0,2022-04-18 19:04:20.312,2022-04-18 16:54:10.219
2022-04-18 20:00:00,0.82883,0.82904,0.8277,0.82872,1925834000.0,2022-04-18 22:13:24.928,2022-04-18 21:04:01.625
2022-04-19 00:00:00,0.82871,0.82906,0.82805,0.82835,4083886000.0,2022-04-19 01:31:28.045,2022-04-19 03:43:17.828
2022-04-19 04:00:00,0.82836,0.82995,0.82836,0.82994,5599307000.0,2022-04-19 07:59:22.182,2022-04-19 04:00:01.063
2022-04-19 08:00:00,0.82995,0.82998,0.82795,0.82938,8479090000.0,2022-04-19 08:01:32.736,2022-04-19 10:57:02.869
2022-04-19 12:00:00,0.82937,0.83148,0.82933,0.82935,14133897000.0,2022-04-19 13:32:42.659,2022-04-19 12:01:08.932
2022-04-19 16:00:00,0.82933,0.8303,0.8293,0.82973,4073125000.0,2022-04-19 18:16:15.763,2022-04-19 16:12:24.924
2022-04-19 20:00:00,0.82972,0.83017,0.82852,0.82942,2567238000.0,2022-04-19 20:08:50.692,2022-04-19 21:05:08.215
2022-04-20 00:00:00,0.82943,0.82966,0.82831,0.82957,6040351000.0,2022-04-20 03:45:50.948,2022-04-20 01:50:04.496
2022-04-20 04:00:00,0.82958,0.83143,0.82923,0.8314,6496878000.0,2022-04-20 07:53:44.929,2022-04-20 06:45:33.086
2022-04-20 08:00:00,0.83139,0.83352,0.82947,0.82951,16687239000.0,2022-04-20 09:38:47.797,2022-04-20 11:59:09.369
2022-04-20 12:00:00,0.8295,0.83287,0.82931,0.83155,20800166000.0,2022-04-20 15:01:23.223,2022-04-20 13:05:46.061
2022-04-20 16:00:00,0.83153,0.83214,0.8303,0.83082,5575441000.0,2022-04-20 16:18:01.830,2022-04-20 19:00:00.627
2022-04-20 20:00:00,0.83081,0.83094,0.8296,0.83019,12414973000.0,2022-04-20 20:00:52.452,2022-04-20 21:11:34.986
2022-04-21 00:00:00,0.8302,0.83054,0.82956,0.83019,2982855000.0,2022-04-21 00:46:05.961,2022-04-21 02:51:01.698
2022-04-21 04:00:00,0.83018,0.83645,0.82979,0.83573,14850824000.0,2022-04-21 07:51:41.761,2022-04-21 04:39:57.657
2022-04-21 08:00:00,0.83572,0.83668,0.83363,0.8348,13137461000.0,2022-04-21 08:57:19.022,2022-04-21 10:34:04.422
2022-04-21 12:00:00,0.83481,0.83559,0.83102,0.8312,16375591000.0,2022-04-21 12:08:30.138,2022-04-21 15:54:07.126
2022-04-21 16:00:00,0.83119,0.83252,0.83097,0.83184,11025348000.0,2022-04-21 18:16:07.552,2022-04-21 16:01:06.774
2022-04-21 20:00:00,0.83185,0.83212,0.83109,0.83188,4192688000.0,2022-04-21 20:00:25.851,2022-04-21 22:00:03.737
2022-04-22 00:00:00,0.83189,0.83269,0.83179,0.83263,5760251000.0,2022-04-22 03:58:49.761,2022-04-22 00:11:16.678
2022-04-22 04:00:00,0.83264,0.83778,0.83225,0.83724,19111579000.0,2022-04-22 07:30:13.898,2022-04-22 05:47:06.820
2022-04-22 08:00:00,0.83725,0.83977,0.83619,0.83865,13775270500.0,2022-04-22 09:58:28.687,2022-04-22 08:29:56.922
2022-04-22 12:00:00,0.83866,0.84104,0.83832,0.83976,18457426000.0,2022-04-22 13:08:21.424,2022-04-22 15:10:18.579
2022-04-22 16:00:00,0.83978,0.8414,0.83957,0.84136,8139054200.0,2022-04-22 19:59:13.777,2022-04-22 16:37:14.184
2022-04-22 20:00:00,0.84134,0.84152,0.8411,0.84125,1256296500.0,2022-04-22 20:45:33.076,2022-04-22 20:17:27.922
2022-04-24 20:00:00,0.84184,0.84266,0.84113,0.8426,3946553900.0,2022-04-24 23:59:01.739,2022-04-24 21:45:27.394
2022-04-25 00:00:00,0.84261,0.84321,0.84184,0.84195,6251928000.0,2022-04-25 01:42:14.706,2022-04-25 03:48:40.172
2022-04-25 04:00:00,0.84194,0.84277,0.8397,0.84224,14192842900.0,2022-04-25 07:40:05.775,2022-04-25 06:35:40.664
2022-04-25 08:00:00,0.84223,0.84412,0.84197,0.84307,14082785000.0,2022-04-25 11:00:57.902,2022-04-25 08:17:13.721
2022-04-25 12:00:00,0.84308,0.84401,0.84114,0.84268,21180130000.0,2022-04-25 12:22:45.590,2022-04-25 14:51:17.101
2022-04-25 16:00:00,0.84269,0.84289,0.84061,0.84088,10374630000.0,2022-04-25 16:00:20.880,2022-04-25 19:18:26.893
2022-04-25 20:00:00,0.8409,0.84106,0.84006,0.84098,4065977000.0,2022-04-25 22:35:49.758,2022-04-25 21:04:01.113
2022-04-26 00:00:00,0.84099,0.842,0.84054,0.84064,5975373000.0,2022-04-26 01:30:41.328,2022-04-26 03:17:26.656
2022-04-26 04:00:00,0.84063,0.84149,0.83938,0.83979,7828606000.0,2022-04-26 07:17:50.968,2022-04-26 07:42:15.696
2022-04-26 08:00:00,0.83978,0.84199,0.83929,0.84116,9771524300.0,2022-04-26 11:44:48.175,2022-04-26 08:57:35.975
2022-04-26 12:00:00,0.84117,0.84503,0.84103,0.84495,17644212000.0,2022-04-26 15:59:00.759,2022-04-26 13:07:40.354
2022-04-26 16:00:00,0.84494,0.84587,0.84483,0.84547,7322677800.0,2022-04-26 17:21:58.211,2022-04-26 16:04:14.607
2022-04-26 20:00:00,0.84546,0.84671,0.84499,0.84587,4272874500.0,2022-04-26 22:26:44.150,2022-04-26 21:04:35.146
2022-04-27 00:00:00,0.84586,0.84643,0.84524,0.84581,4384919600.0,2022-04-27 02:16:08.384,2022-04-27 02:58:52.184
2022-04-27 04:00:00,0.84583,0.84631,0.84365,0.84499,10416626000.0,2022-04-27 05:03:01.835,2022-04-27 07:29:31.246
2022-04-27 08:00:00,0.84498,0.84508,0.84151,0.84229,13876893000.0,2022-04-27 08:57:00.097,2022-04-27 11:50:10.997
2022-04-27 12:00:00,0.8423,0.84257,0.83891,0.84066,19780290000.0,2022-04-27 12:33:37.489,2022-04-27 13:44:03.300
2022-04-27 16:00:00,0.84068,0.8422,0.83996,0.84157,8055917000.0,2022-04-27 19:01:20.824,2022-04-27 16:22:33.636
2022-04-27 20:00:00,0.84159,0.84203,0.84079,0.84165,3506533000.0,2022-04-27 20:20:46.618,2022-04-27 21:16:55.724
2022-04-28 00:00:00,0.84164,0.8419,0.83997,0.83999,7385754800.0,2022-04-28 00:08:01.237,2022-04-28 03:59:56.098
2022-04-28 04:00:00,0.83998,0.84103,0.8382,0.84059,15943725000.0,2022-04-28 07:59:01.474,2022-04-28 07:16:27.394
2022-04-28 08:00:00,0.84058,0.84428,0.83875,0.84423,16844802000.0,2022-04-28 11:59:20.509,2022-04-28 08:46:36.535
2022-04-28 12:00:00,0.84422,0.84601,0.84279,0.84412,26452965000.0,2022-04-28 14:08:09.077,2022-04-28 12:22:23.735
2022-04-28 16:00:00,0.84413,0.84439,0.84262,0.84298,7295065000.0,2022-04-28 16:02:25.900,2022-04-28 19:52:37.683
2022-04-28 20:00:00,0.84299,0.8431,0.84213,0.84259,3204612000.0,2022-04-28 20:02:03.593,2022-04-28 21:05:00.558
2022-04-29 00:00:00,0.8426,0.84298,0.84192,0.84222,4801954000.0,2022-04-29 02:26:45.563,2022-04-29 00:26:07.391
2022-04-29 04:00:00,0.84223,0.84235,0.84077,0.84095,7218000000.0,2022-04-29 07:40:46.534,2022-04-29 07:06:09.945
2022-04-29 08:00:00,0.84097,0.84265,0.83971,0.8398,12015799000.0,2022-04-29 08:43:37.906,2022-04-29 11:35:01.679
2022-04-29 12:00:00,0.83981,0.84052,0.83846,0.83885,27617633800.0,2022-04-29 15:02:24.025,2022-04-29 12:36:03.197
2022-04-29 16:00:00,0.83884,0.83983,0.83824,0.8388,8850093400.0,2022-04-29 19:16:23.309,2022-04-29 18:16:26.953
2022-04-29 20:00:00,0.83882,0.83907,0.8381,0.8385,1736736000.0,2022-04-29 20:28:02.654,2022-04-29 20:49:34.223
2022-05-01 20:00:00,0.83862,0.83876,0.83765,0.83805,2333206000.0,2022-05-01 21:43:18.819,2022-05-01 22:31:02.756
2022-05-02 00:00:00,0.83806,0.83815,0.83737,0.83799,5819173000.0,2022-05-02 00:00:13.433,2022-05-02 00:48:46.419
2022-05-02 04:00:00,0.83801,0.84092,0.83761,0.83763,7358522500.0,2022-05-02 07:02:28.075,2022-05-02 07:59:58.700
2022-05-02 08:00:00,0.83758,0.83808,0.83669,0.83722,8388894500.0,2022-05-02 11:30:00.639,2022-05-02 10:18:37.011
2022-05-02 12:00:00,0.83723,0.84171,0.83718,0.84027,16555909000.0,2022-05-02 14:21:41.822,2022-05-02 12:00:10.055
2022-05-02 16:00:00,0.84026,0.84154,0.84009,0.841,9648898500.0,2022-05-02 19:24:37.665,2022-05-02 16:42:47.797
2022-05-02 20:00:00,0.84097,0.84128,0.84031,0.84078,1725363000.0,2022-05-02 22:34:42.726,2022-05-02 21:06:44.913
2022-05-03 00:00:00,0.84079,0.84097,0.83912,0.83934,5057118000.0,2022-05-03 00:32:58.745,2022-05-03 03:15:29.411
2022-05-03 04:00:00,0.83936,0.83986,0.8383,0.83897,8884039000.0,2022-05-03 06:20:24.678,2022-05-03 07:21:51.007
2022-05-03 08:00:00,0.83898,0.84145,0.8372,0.84088,13626381000.0,2022-05-03 11:55:56.522,2022-05-03 08:59:50.565
2022-05-03 12:00:00,0.84087,0.8425,0.84076,0.84187,24200097000.0,2022-05-03 14:58:30.281,2022-05-03 12:01:18.375
2022-05-03 16:00:00,0.84188,0.84303,0.84108,0.84224,9416865000.0,2022-05-03 18:41:18.327,2022-05-03 16:24:09.462
2022-05-03 20:00:00,0.84223,0.8424,0.84106,0.84209,2635294000.0,2022-05-03 20:15:13.047,2022-05-03 21:04:01.991
2022-05-04 00:00:00,0.84208,0.84285,0.84197,0.84239,3930582000.0,2022-05-04 01:53:44.322,2022-05-04 03:18:41.547
2022-05-04 04:00:00,0.8424,0.84337,0.84093,0.84104,7098862000.0,2022-05-04 06:23:56.934,2022-05-04 07:59:39.766
2022-05-04 08:00:00,0.84103,0.8419,0.8403,0.84174,5861440000.0,2022-05-04 11:59:33.046,2022-05-04 08:20:20.770
2022-05-04 12:00:00,0.84175,0.845,0.84144,0.84402,14658915000.0,2022-05-04 15:25:34.628,2022-05-04 12:00:47.060
2022-05-04 16:00:00,0.84403,0.84459,0.83958,0.8408,92200739500.0,2022-05-04 18:35:36.315,2022-05-04 19:53:25.855
2022-05-04 20:00:00,0.84079,0.8418,0.84,0.84178,19876494000.0,2022-05-04 23:59:38.325,2022-05-04 21:11:40.024
2022-05-05 00:00:00,0.84177,0.84401,0.84116,0.84399,23707344000.0,2022-05-05 03:59:55.442,2022-05-05 02:18:36.455
2022-05-05 04:00:00,0.84397,0.84616,0.8439,0.84491,14705988000.0,2022-05-05 04:46:57.464,2022-05-05 04:01:22.226
2022-05-05 08:00:00,0.8449,0.85202,0.84223,0.85099,68179403400.0,2022-05-05 11:41:50.003,2022-05-05 11:00:08.234
2022-05-05 12:00:00,0.851,0.85457,0.85015,0.85222,29161041000.0,2022-05-05 12:29:00.963,2022-05-05 15:08:38.947
2022-05-05 16:00:00,0.85223,0.85338,0.85083,0.85327,16305480000.0,2022-05-05 19:55:12.402,2022-05-05 16:24:23.591
2022-05-05 20:00:00,0.85326,0.85335,0.85162,0.85253,4606520000.0,2022-05-05 20:24:58.784,2022-05-05 21:13:32.703
2022-05-06 00:00:00,0.85254,0.85328,0.85146,0.85154,7946901000.0,2022-05-06 01:33:21.249,2022-05-06 03:56:47.988
2022-05-06 04:00:00,0.85153,0.8546,0.85094,0.85449,12395156500.0,2022-05-06 07:57:52.301,2022-05-06 04:27:50.450
2022-05-06 08:00:00,0.85448,0.8577,0.85408,0.85647,22316481500.0,2022-05-06 10:18:47.729,2022-05-06 08:22:08.203
2022-05-06 12:00:00,0.85646,0.85913,0.85577,0.85634,32599868500.0,2022-05-06 13:44:08.280,2022-05-06 15:44:57.720
2022-05-06 16:00:00,0.85633,0.85665,0.85447,0.85456,12144036000.0,2022-05-06 16:02:53.208,2022-05-06 19:58:00.056
2022-05-06 20:00:00,0.85455,0.85496,0.85444,0.8547,783097000.0,2022-05-06 20:52:00.509,2022-05-06 20:53:39.163
2022-05-08 20:00:00,0.85394,0.85458,0.85329,0.85445,7802200000.0,2022-05-08 23:49:13.432,2022-05-08 21:57:55.049
2022-05-09 00:00:00,0.85448,0.85542,0.85424,0.85511,5523002000.0,2022-05-09 02:44:28.329,2022-05-09 00:30:47.317
2022-05-09 04:00:00,0.8551,0.85712,0.85481,0.85545,9596079000.0,2022-05-09 07:22:22.434,2022-05-09 04:09:55.495
2022-05-09 08:00:00,0.85546,0.85663,0.85277,0.85286,12720262000.0,2022-05-09 09:07:19.165,2022-05-09 11:56:54.425
2022-05-09 12:00:00,0.85287,0.85595,0.85155,0.8559,20138407000.0,2022-05-09 15:59:48.315,2022-05-09 12:24:44.013
2022-05-09 16:00:00,0.85591,0.85663,0.85522,0.85615,10551316000.0,2022-05-09 16:54:00.601,2022-05-09 16:33:18.304
2022-05-09 20:00:00,0.85614,0.85671,0.8556,0.85629,2583212000.0,2022-05-09 20:55:09.455,2022-05-09 21:58:58.575
2022-05-10 00:00:00,0.85628,0.85694,0.85495,0.85539,5704971000.0,2022-05-10 00:31:52.528,2022-05-10 02:33:04.190
2022-05-10 04:00:00,0.85538,0.85785,0.85458,0.8571,7172434000.0,2022-05-10 07:51:26.674,2022-05-10 06:45:16.473
2022-05-10 08:00:00,0.85709,0.85769,0.85352,0.85532,10108677000.0,2022-05-10 08:03:47.144,2022-05-10 10:41:17.958
2022-05-10 12:00:00,0.85531,0.85696,0.85401,0.85527,18130036000.0,2022-05-10 13:12:10.416,2022-05-10 14:31:27.469
2022-05-10 16:00:00,0.85528,0.85651,0.85452,0.85526,9956240000.0,2022-05-10 16:02:43.696,2022-05-10 18:35:26.711
2022-05-10 20:00:00,0.85527,0.85563,0.85442,0.85551,2126005000.0,2022-05-10 23:33:37.619,2022-05-10 21:04:01.943
2022-05-11 00:00:00,0.85552,0.85556,0.85379,0.85446,5524052000.0,2022-05-11 00:00:11.296,2022-05-11 02:59:08.137
2022-05-11 04:00:00,0.85445,0.85633,0.85402,0.85476,7522467000.0,2022-05-11 07:17:17.734,2022-05-11 06:33:17.100
2022-05-11 08:00:00,0.85477,0.85609,0.85282,0.85336,13856876100.0,2022-05-11 11:19:00.472,2022-05-11 09:31:15.920
2022-05-11 12:00:00,0.85337,0.85693,0.8525,0.85561,50834716000.0,2022-05-11 13:06:53.473,2022-05-11 13:57:55.377
2022-05-11 16:00:00,0.8556,0.85932,0.85545,0.85887,9720382500.0,2022-05-11 19:52:59.640,2022-05-11 16:00:26.811
2022-05-11 20:00:00,0.85886,0.85931,0.85697,0.85926,2621437000.0,2022-05-11 23:40:02.375,2022-05-11 21:04:35.812
2022-05-12 00:00:00,0.85927,0.86096,0.85914,0.86044,3073721000.0,2022-05-12 02:50:33.475,2022-05-12 00:06:41.455
2022-05-12 04:00:00,0.86043,0.86187,0.85598,0.85727,20296938500.0,2022-05-12 06:05:48.848,2022-05-12 07:15:20.377
2022-05-12 08:00:00,0.85728,0.85764,0.85217,0.85268,17885219000.0,2022-05-12 08:50:09.049,2022-05-12 11:55:21.708
2022-05-12 12:00:00,0.85267,0.85392,0.85038,0.85064,23061372000.0,2022-05-12 12:30:55.964,2022-05-12 15:59:25.360
2022-05-12 16:00:00,0.85065,0.85186,0.84931,0.85073,29895481200.0,2022-05-12 19:01:00.528,2022-05-12 16:58:34.560
2022-05-12 20:00:00,0.85071,0.85118,0.85004,0.85037,10130686000.0,2022-05-12 20:56:26.975,2022-05-12 21:04:01.826
2022-05-13 00:00:00,0.85038,0.85087,0.84979,0.85048,6480005000.0,2022-05-13 01:38:50.294,2022-05-13 00:40:17.381
2022-05-13 04:00:00,0.85049,0.85284,0.85028,0.85255,8236741000.0,2022-05-13 07:58:55.485,2022-05-13 05:59:29.933
2022-05-13 08:00:00,0.85253,0.85276,0.85084,0.8516,9327109500.0,2022-05-13 09:33:54.776,2022-05-13 11:08:07.527
2022-05-13 12:00:00,0.85159,0.85246,0.85019,0.85034,18699819800.0,2022-05-13 13:47:41.337,2022-05-13 15:57:31.073
2022-05-13 16:00:00,0.85033,0.85093,0.84953,0.84965,7537294500.0,2022-05-13 16:55:08.609,2022-05-13 19:48:55.367
2022-05-13 20:00:00,0.84964,0.84982,0.84884,0.84891,667000000.0,2022-05-13 20:00:22.282,2022-05-13 20:54:55.850
2022-05-15 20:00:00,0.84896,0.84937,0.84787,0.84829,3882685000.0,2022-05-15 23:01:21.262,2022-05-15 21:25:14.273
2022-05-16 00:00:00,0.84828,0.84973,0.84709,0.84964,11393411000.0,2022-05-16 03:57:59.087,2022-05-16 01:09:23.957
2022-05-16 04:00:00,0.84965,0.85199,0.84908,0.85182,6785748000.0,2022-05-16 07:58:42.685,2022-05-16 06:00:16.299
2022-05-16 08:00:00,0.85181,0.85337,0.84972,0.84988,8707365600.0,2022-05-16 08:42:04.522,2022-05-16 11:59:18.163
2022-05-16 12:00:00,0.84987,0.85158,0.8483,0.84919,10337500000.0,2022-05-16 13:20:01.661,2022-05-16 14:14:58.699
2022-05-16 16:00:00,0.84918,0.84954,0.84665,0.84692,5759530000.0,2022-05-16 16:44:03.927,2022-05-16 19:53:21.146
2022-05-16 20:00:00,0.84691,0.84711,0.84623,0.84691,3117657000.0,2022-05-16 20:00:20.196,2022-05-16 22:30:03.195
2022-05-17 00:00:00,0.84692,0.84748,0.84606,0.84631,6441781700.0,2022-05-17 00:57:03.356,2022-05-17 03:16:02.420
2022-05-17 04:00:00,0.84632,0.8465,0.8417,0.8422,8240324500.0,2022-05-17 05:46:32.637,2022-05-17 07:57:28.880
2022-05-17 08:00:00,0.84219,0.84511,0.83931,0.84424,17581698000.0,2022-05-17 11:47:35.240,2022-05-17 09:24:48.704
2022-05-17 12:00:00,0.84423,0.84565,0.84349,0.84467,14701932000.0,2022-05-17 14:43:47.041,2022-05-17 12:36:41.261
2022-05-17 16:00:00,0.84468,0.84548,0.84429,0.84475,37958508500.0,2022-05-17 18:44:42.337,2022-05-17 16:45:03.267
2022-05-17 20:00:00,0.84474,0.8449,0.84403,0.84472,3824772000.0,2022-05-17 20:09:07.355,2022-05-17 22:30:25.503
2022-05-18 00:00:00,0.84473,0.84529,0.84387,0.84468,3913774000.0,2022-05-18 00:35:36.039,2022-05-18 02:08:23.848
2022-05-18 04:00:00,0.84467,0.84848,0.8433,0.84836,7429437946.0,2022-05-18 07:59:57.135,2022-05-18 06:00:00.155
2022-05-18 08:00:00,0.84835,0.84942,0.84611,0.84629,10681645622.0,2022-05-18 09:03:43.899,2022-05-18 11:59:01.631
2022-05-18 12:00:00,0.8463,0.84889,0.84489,0.84654,18657893000.0,2022-05-18 13:58:11.874,2022-05-18 14:46:35.141
2022-05-18 16:00:00,0.84652,0.84852,0.84637,0.84807,6764569000.0,2022-05-18 18:48:11.962,2022-05-18 16:01:00.762
2022-05-18 20:00:00,0.84806,0.84862,0.84692,0.8484,6589094000.0,2022-05-18 20:20:16.117,2022-05-18 20:59:26.238
2022-05-19 00:00:00,0.84839,0.84944,0.84782,0.84788,6794642500.0,2022-05-19 01:53:34.137,2022-05-19 03:26:41.061
2022-05-19 04:00:00,0.84789,0.84904,0.84673,0.84725,10567171000.0,2022-05-19 06:47:29.044,2022-05-19 07:55:24.307
2022-05-19 08:00:00,0.84724,0.84813,0.84575,0.84601,19259341000.0,2022-05-19 09:12:27.050,2022-05-19 11:53:58.451
2022-05-19 12:00:00,0.846,0.84872,0.84474,0.8467,29489081000.0,2022-05-19 13:09:22.640,2022-05-19 14:04:39.534
2022-05-19 16:00:00,0.84669,0.84825,0.84598,0.84761,10416867000.0,2022-05-19 17:50:14.140,2022-05-19 16:14:44.085
2022-05-19 20:00:00,0.8476,0.84951,0.84749,0.84884,3833708000.0,2022-05-19 22:29:57.250,2022-05-19 20:00:47.836
2022-05-20 00:00:00,0.84883,0.84908,0.84825,0.84878,6524263000.0,2022-05-20 00:19:47.129,2022-05-20 02:58:23.751
2022-05-20 04:00:00,0.84879,0.8493,0.84635,0.84785,10357900000.0,2022-05-20 05:08:43.937,2022-05-20 07:37:41.025
2022-05-20 08:00:00,0.84786,0.84908,0.84679,0.84741,12554578000.0,2022-05-20 10:20:27.284,2022-05-20 08:17:15.343
2022-05-20 12:00:00,0.84742,0.84829,0.84518,0.8453,14667387900.0,2022-05-20 12:15:32.116,2022-05-20 13:42:22.169
2022-05-20 16:00:00,0.84529,0.84633,0.84482,0.84532,9826304500.0,2022-05-20 17:26:21.983,2022-05-20 16:06:33.885
2022-05-20 20:00:00,0.84533,0.84565,0.84502,0.84514,1472700000.0,2022-05-20 20:26:14.528,2022-05-20 20:53:18.009
2022-05-22 20:00:00,0.8456,0.84626,0.84442,0.84531,1229357000.0,2022-05-22 22:18:56.216,2022-05-22 21:57:06.136
2022-05-23 00:00:00,0.8453,0.8455,0.84407,0.84446,2763486800.0,2022-05-23 00:15:10.098,2022-05-23 03:02:30.053
2022-05-23 04:00:00,0.84447,0.84478,0.84329,0.84465,4490138000.0,2022-05-23 07:59:14.452,2022-05-23 07:18:41.589
2022-05-23 08:00:00,0.84462,0.84948,0.8445,0.8474,12528606000.0,2022-05-23 09:47:33.438,2022-05-23 08:00:11.636
2022-05-23 12:00:00,0.84741,0.8502,0.84669,0.84879,8451582600.0,2022-05-23 15:20:02.722,2022-05-23 13:53:06.754
2022-05-23 16:00:00,0.84877,0.85036,0.84819,0.84958,3319951000.0,2022-05-23 18:50:53.181,2022-05-23 16:09:31.094
2022-05-23 20:00:00,0.84957,0.85011,0.84862,0.8501,1808888000.0,2022-05-23 23:59:35.471,2022-05-23 22:00:00.226
2022-05-24 00:00:00,0.85009,0.8503,0.84907,0.84932,1446585000.0,2022-05-24 00:00:28.381,2022-05-24 03:00:04.650
2022-05-24 04:00:00,0.84934,0.85312,0.84799,0.85278,5861231000.0,2022-05-24 07:56:03.513,2022-05-24 06:04:56.248
2022-05-24 08:00:00,0.85284,0.85849,0.85123,0.85724,9615344000.0,2022-05-24 08:48:09.970,2022-05-24 08:25:35.116
2022-05-24 12:00:00,0.85726,0.85868,0.85619,0.85651,12572193000.0,2022-05-24 14:33:37.356,2022-05-24 15:04:16.404
2022-05-24 16:00:00,0.85652,0.85727,0.85559,0.8561,6359100000.0,2022-05-24 18:59:29.239,2022-05-24 17:54:37.161
2022-05-24 20:00:00,0.85609,0.85671,0.85525,0.85576,1191722000.0,2022-05-24 21:30:51.312,2022-05-24 22:47:41.241
2022-05-25 00:00:00,0.85575,0.85617,0.85445,0.85468,2656935000.0,2022-05-25 00:09:05.377,2022-05-25 03:43:33.301
2022-05-25 04:00:00,0.85469,0.85473,0.85135,0.85199,6759024500.0,2022-05-25 04:05:18.710,2022-05-25 07:24:39.614
2022-05-25 08:00:00,0.852,0.85426,0.85128,0.85336,6806632000.0,2022-05-25 10:33:53.472,2022-05-25 08:07:56.148
2022-05-25 12:00:00,0.85335,0.85358,0.84984,0.84984,9505069000.0,2022-05-25 12:04:02.197,2022-05-25 15:59:59.452
2022-05-25 16:00:00,0.84986,0.85085,0.84886,0.84894,5099865000.0,2022-05-25 17:17:42.155,2022-05-25 18:57:53.151
2022-05-25 20:00:00,0.84895,0.84958,0.84799,0.84911,923129000.0,2022-05-25 22:34:45.004,2022-05-25 21:10:00.679
2022-05-26 00:00:00,0.84912,0.85043,0.84859,0.85019,2493597000.0,2022-05-26 03:49:20.796,2022-05-26 00:33:49.640
2022-05-26 04:00:00,0.85018,0.85034,0.8485,0.84921,4229845500.0,2022-05-26 04:49:38.141,2022-05-26 07:26:19.944
2022-05-26 08:00:00,0.8492,0.85073,0.84877,0.84994,10167717000.0,2022-05-26 08:45:39.604,2022-05-26 08:03:15.415
2022-05-26 12:00:00,0.84991,0.85292,0.8499,0.8525,8297842500.0,2022-05-26 14:42:12.381,2022-05-26 12:00:24.824
2022-05-26 16:00:00,0.85251,0.85265,0.85092,0.85113,3399762000.0,2022-05-26 16:08:26.624,2022-05-26 18:46:50.349
2022-05-26 20:00:00,0.85115,0.85139,0.85046,0.85063,2332176000.0,2022-05-26 21:04:01.995,2022-05-26 21:18:56.532
2022-05-27 00:00:00,0.85061,0.85134,0.84982,0.85032,3187105000.0,2022-05-27 01:48:40.404,2022-05-27 01:56:40.442
2022-05-27 04:00:00,0.85033,0.85156,0.84984,0.85063,4412387000.0,2022-05-27 07:19:57.482,2022-05-27 04:17:34.844
2022-05-27 08:00:00,0.85064,0.85115,0.84842,0.84868,6156840500.0,2022-05-27 08:28:15.733,2022-05-27 11:58:00.158
2022-05-27 12:00:00,0.84869,0.85011,0.84811,0.84899,8684513000.0,2022-05-27 14:05:00.110,2022-05-27 12:41:33.624
2022-05-27 16:00:00,0.849,0.85019,0.84873,0.84983,2629855500.0,2022-05-27 19:01:54.491,2022-05-27 16:04:47.599
2022-05-27 20:00:00,0.84981,0.84982,0.84935,0.84963,514300000.0,2022-05-27 20:00:00.591,2022-05-27 20:16:26.283
2022-05-29 20:00:00,0.84921,0.85004,0.84894,0.84984,936480000.0,2022-05-29 21:11:31.801,2022-05-29 22:00:14.942
2022-05-30 00:00:00,0.84986,0.85008,0.84947,0.84962,1546922000.0,2022-05-30 00:36:40.453,2022-05-30 03:50:26.666
2022-05-30 04:00:00,0.84963,0.85172,0.84963,0.85118,4236526000.0,2022-05-30 07:41:37.585,2022-05-30 04:00:03.499
2022-05-30 08:00:00,0.85119,0.8528,0.85078,0.85179,5790863000.0,2022-05-30 11:03:12.075,2022-05-30 08:28:02.433
2022-05-30 12:00:00,0.8518,0.85283,0.85099,0.85158,5213679500.0,2022-05-30 15:10:23.673,2022-05-30 13:06:59.063
2022-05-30 16:00:00,0.85161,0.85255,0.85144,0.8518,1496692000.0,2022-05-30 16:34:51.121,2022-05-30 16:01:57.118
2022-05-30 20:00:00,0.85181,0.85226,0.85149,0.852,860190000.0,2022-05-30 23:33:25.821,2022-05-30 21:05:48.576
2022-05-31 00:00:00,0.85202,0.85236,0.85149,0.85229,4456543000.0,2022-05-31 01:02:27.053,2022-05-31 01:52:10.024
2022-05-31 04:00:00,0.8523,0.85288,0.85116,0.85178,4021046700.0,2022-05-31 06:37:41.393,2022-05-31 07:47:09.267
2022-05-31 08:00:00,0.85172,0.85224,0.84896,0.8511,8159487000.0,2022-05-31 10:37:40.628,2022-05-31 11:01:15.038
2022-05-31 12:00:00,0.85104,0.8521,0.84983,0.85009,13905747800.0,2022-05-31 12:23:45.838,2022-05-31 14:22:50.269
2022-05-31 16:00:00,0.85011,0.85213,0.85009,0.85204,3480277000.0,2022-05-31 19:59:54.666,2022-05-31 16:00:02.223
2022-05-31 20:00:00,0.85203,0.85212,0.85113,0.85139,702893000.0,2022-05-31 20:00:22.333,2022-05-31 21:11:32.734
2022-06-01 00:00:00,0.85138,0.85142,0.85047,0.85117,2344658000.0,2022-06-01 00:00:19.153,2022-06-01 01:45:04.708
2022-06-01 04:00:00,0.85116,0.85169,0.85034,0.85086,3932767200.0,2022-06-01 04:43:37.640,2022-06-01 07:46:10.955
2022-06-01 08:00:00,0.85082,0.85261,0.85052,0.85185,6549504000.0,2022-06-01 11:49:59.406,2022-06-01 10:32:19.866
2022-06-01 12:00:00,0.85184,0.85443,0.85118,0.85374,16815891000.0,2022-06-01 13:57:00.360,2022-06-01 12:10:45.203
2022-06-01 16:00:00,0.85375,0.85387,0.85214,0.8533,3375271000.0,2022-06-01 16:01:41.020,2022-06-01 17:47:11.885
2022-06-01 20:00:00,0.85327,0.85362,0.85187,0.85321,1244509000.0,2022-06-01 20:09:58.310,2022-06-01 21:06:29.077
2022-06-02 00:00:00,0.8532,0.8539,0.85306,0.85381,3064226000.0,2022-06-02 02:58:35.248,2022-06-02 00:00:23.574
2022-06-02 04:00:00,0.85382,0.85432,0.85211,0.85293,4782177000.0,2022-06-02 05:54:45.950,2022-06-02 07:22:47.463
2022-06-02 08:00:00,0.85294,0.85322,0.85102,0.85172,5757091000.0,2022-06-02 08:31:58.753,2022-06-02 11:51:15.317
2022-06-02 12:00:00,0.8517,0.85477,0.85156,0.85473,8571980900.0,2022-06-02 15:58:23.956,2022-06-02 12:15:48.050
2022-06-02 16:00:00,0.85472,0.85498,0.85374,0.85481,2373659800.0,2022-06-02 19:53:49.018,2022-06-02 16:41:35.557
2022-06-02 20:00:00,0.85482,0.85497,0.85322,0.85463,964150000.0,2022-06-02 20:22:08.138,2022-06-02 21:05:04.955
2022-06-03 00:00:00,0.85465,0.85549,0.85463,0.85532,1665909000.0,2022-06-03 02:07:29.636,2022-06-03 00:24:54.782
2022-06-03 04:00:00,0.85533,0.85592,0.85459,0.85538,3196595000.0,2022-06-03 07:04:51.253,2022-06-03 07:31:10.699
2022-06-03 08:00:00,0.85537,0.8556,0.85407,0.85418,3370034000.0,2022-06-03 08:35:31.101,2022-06-03 11:58:36.409
2022-06-03 12:00:00,0.85417,0.85745,0.85413,0.85739,9031898000.0,2022-06-03 15:56:49.784,2022-06-03 12:00:13.142
2022-06-03 16:00:00,0.85738,0.85783,0.85714,0.85772,1696273000.0,2022-06-03 19:52:28.098,2022-06-03 16:21:22.599
2022-06-03 20:00:00,0.85773,0.85842,0.85771,0.85826,238415000.0,2022-06-03 20:52:33.295,2022-06-03 20:00:00.525
2022-06-05 20:00:00,0.85733,0.8587,0.85705,0.85867,971055000.0,2022-06-05 23:59:12.245,2022-06-05 21:05:30.349
2022-06-06 00:00:00,0.85866,0.85891,0.85806,0.85832,2244567000.0,2022-06-06 00:01:33.514,2022-06-06 02:00:26.348
2022-06-06 04:00:00,0.85833,0.85856,0.85533,0.85614,4356865000.0,2022-06-06 05:14:10.699,2022-06-06 06:59:38.507
2022-06-06 08:00:00,0.85613,0.85615,0.85357,0.8537,4399658500.0,2022-06-06 08:00:10.665,2022-06-06 11:46:09.081
2022-06-06 12:00:00,0.85368,0.85455,0.85277,0.85278,4725442000.0,2022-06-06 12:47:24.652,2022-06-06 15:59:41.419
2022-06-06 16:00:00,0.85277,0.85352,0.85253,0.85319,4208733000.0,2022-06-06 16:49:42.535,2022-06-06 19:13:10.613
2022-06-06 20:00:00,0.85315,0.85387,0.85255,0.85355,1424896000.0,2022-06-06 23:24:19.237,2022-06-06 21:09:18.936
2022-06-07 00:00:00,0.85358,0.85433,0.85339,0.854,9962835000.0,2022-06-07 02:36:51.343,2022-06-07 00:47:00.302
2022-06-07 04:00:00,0.85401,0.85844,0.85395,0.8563,23753609500.0,2022-06-07 06:11:16.785,2022-06-07 04:00:49.095
2022-06-07 08:00:00,0.85627,0.85627,0.85302,0.85349,7616178000.0,2022-06-07 08:00:00.148,2022-06-07 10:53:08.376
2022-06-07 12:00:00,0.85348,0.85367,0.84921,0.84934,10434780000.0,2022-06-07 12:14:16.617,2022-06-07 15:59:33.693
2022-06-07 16:00:00,0.84935,0.85075,0.84931,0.84999,6318766000.0,2022-06-07 18:49:32.744,2022-06-07 16:00:30.434
2022-06-07 20:00:00,0.84998,0.85046,0.8498,0.84983,1214624000.0,2022-06-07 22:08:01.806,2022-06-07 23:58:54.875
2022-06-08 00:00:00,0.84984,0.85037,0.84972,0.85012,1696190000.0,2022-06-08 00:57:38.883,2022-06-08 02:15:14.086
2022-06-08 04:00:00,0.8501,0.85207,0.84968,0.85181,4340116000.0,2022-06-08 07:57:31.092,2022-06-08 06:03:09.403
2022-06-08 08:00:00,0.85182,0.85602,0.85152,0.8554,24467606000.0,2022-06-08 10:51:00.168,2022-06-08 08:10:06.443
2022-06-08 12:00:00,0.85541,0.85642,0.85487,0.85511,8789611000.0,2022-06-08 12:26:58.215,2022-06-08 15:01:29.422
2022-06-08 16:00:00,0.85514,0.85548,0.85427,0.85443,3741019000.0,2022-06-08 16:43:07.328,2022-06-08 19:53:25.913
2022-06-08 20:00:00,0.85445,0.8549,0.85418,0.85458,2548879000.0,2022-06-08 22:23:09.221,2022-06-08 21:05:00.285
2022-06-09 00:00:00,0.8546,0.85577,0.85424,0.85552,2124678000.0,2022-06-09 02:34:09.054,2022-06-09 00:08:23.918
2022-06-09 04:00:00,0.85551,0.85675,0.85524,0.85639,3693633000.0,2022-06-09 07:47:29.053,2022-06-09 07:12:02.002
2022-06-09 08:00:00,0.85638,0.8567,0.8531,0.85547,6275457300.0,2022-06-09 11:44:22.776,2022-06-09 11:45:53.214
2022-06-09 12:00:00,0.85546,0.8592,0.84857,0.85172,17379269000.0,2022-06-09 12:44:26.235,2022-06-09 14:57:54.758
2022-06-09 16:00:00,0.85171,0.85175,0.84901,0.84969,5110301000.0,2022-06-09 16:00:51.040,2022-06-09 17:25:43.351
2022-06-09 20:00:00,0.8497,0.85015,0.84865,0.85,1686607100.0,2022-06-09 23:14:56.828,2022-06-09 21:21:22.375
2022-06-10 00:00:00,0.85001,0.85105,0.84979,0.85101,2420201000.0,2022-06-10 03:59:46.957,2022-06-10 00:48:59.273
2022-06-10 04:00:00,0.851,0.85241,0.84983,0.85207,4216511000.0,2022-06-10 07:45:01.736,2022-06-10 06:00:31.114
2022-06-10 08:00:00,0.85209,0.85212,0.84908,0.85019,9791854000.0,2022-06-10 08:00:00.505,2022-06-10 09:27:40.986
2022-06-10 12:00:00,0.85017,0.85444,0.84917,0.85325,18423595500.0,2022-06-10 15:26:45.409,2022-06-10 13:05:54.924
2022-06-10 16:00:00,0.85326,0.85493,0.85326,0.85444,8702397000.0,2022-06-10 17:34:01.344,2022-06-10 16:00:00.202
2022-06-10 20:00:00,0.8544,0.85456,0.85403,0.85455,1203426000.0,2022-06-10 20:52:56.383,2022-06-10 20:45:36.614
2022-06-12 20:00:00,0.85312,0.85535,0.85268,0.85453,2368337000.0,2022-06-12 22:30:45.149,2022-06-12 21:07:05.318
2022-06-13 00:00:00,0.85454,0.85481,0.85357,0.85367,3710789000.0,2022-06-13 00:04:23.337,2022-06-13 03:57:36.948
2022-06-13 04:00:00,0.85364,0.85661,0.85313,0.85506,15572734500.0,2022-06-13 06:44:17.812,2022-06-13 05:32:37.776
2022-06-13 08:00:00,0.85505,0.85905,0.85491,0.85889,11518820000.0,2022-06-13 11:10:16.515,2022-06-13 08:00:04.887
2022-06-13 12:00:00,0.85888,0.85939,0.85686,0.85747,11706754300.0,2022-06-13 14:55:58.103,2022-06-13 14:00:56.423
2022-06-13 16:00:00,0.85748,0.85938,0.85661,0.85854,9338842500.0,2022-06-13 19:33:54.345,2022-06-13 16:35:22.639
2022-06-13 20:00:00,0.85855,0.85861,0.85709,0.85771,2328844000.0,2022-06-13 20:00:04.755,2022-06-13 21:27:09.748
2022-06-14 00:00:00,0.85772,0.85772,0.85627,0.85629,3524631000.0,2022-06-14 00:00:00.089,2022-06-14 03:59:41.939
2022-06-14 04:00:00,0.85628,0.8594,0.85513,0.85938,8437747000.0,2022-06-14 07:59:47.766,2022-06-14 06:03:21.238
2022-06-14 08:00:00,0.8594,0.86586,0.85934,0.86526,11323935000.0,2022-06-14 11:58:42.333,2022-06-14 08:00:05.872
2022-06-14 12:00:00,0.86525,0.86844,0.86464,0.86694,15409265000.0,2022-06-14 15:54:59.397,2022-06-14 12:01:08.292
2022-06-14 16:00:00,0.86696,0.87156,0.86696,0.86868,9676046000.0,2022-06-14 19:18:40.667,2022-06-14 16:00:00.745
2022-06-14 20:00:00,0.86866,0.86916,0.86748,0.86901,2973011000.0,2022-06-14 23:46:14.296,2022-06-14 21:29:45.661
2022-06-15 00:00:00,0.869,0.86901,0.8673,0.86859,3452161000.0,2022-06-15 00:00:00.587,2022-06-15 02:28:29.949
2022-06-15 04:00:00,0.86858,0.87212,0.86797,0.86985,8553428500.0,2022-06-15 07:28:27.979,2022-06-15 04:35:21.839
2022-06-15 08:00:00,0.86984,0.87029,0.86323,0.86342,13526682500.0,2022-06-15 08:00:39.272,2022-06-15 11:58:57.606
2022-06-15 12:00:00,0.86343,0.86435,0.86116,0.86134,15887161000.0,2022-06-15 12:22:49.585,2022-06-15 15:52:23.059
2022-06-15 16:00:00,0.86133,0.86205,0.85653,0.8577,20377075000.0,2022-06-15 16:09:54.790,2022-06-15 19:37:38.740
2022-06-15 20:00:00,0.85769,0.8594,0.85703,0.85893,3594857000.0,2022-06-15 23:39:18.294,2022-06-15 21:04:01.684
2022-06-16 00:00:00,0.85896,0.85934,0.8579,0.85895,3873600000.0,2022-06-16 02:00:59.015,2022-06-16 01:12:06.164
2022-06-16 04:00:00,0.85896,0.86178,0.85859,0.85987,8293716000.0,2022-06-16 07:30:31.728,2022-06-16 06:20:08.470
2022-06-16 08:00:00,0.8599,0.86335,0.8542,0.85598,18220155500.0,2022-06-16 11:15:55.109,2022-06-16 10:18:20.351
2022-06-16 12:00:00,0.85602,0.85624,0.85115,0.85306,18614035500.0,2022-06-16 12:04:08.464,2022-06-16 12:45:39.847
2022-06-16 16:00:00,0.85307,0.85638,0.85173,0.85453,13279156500.0,2022-06-16 19:05:13.365,2022-06-16 16:43:45.271
2022-06-16 20:00:00,0.85454,0.85478,0.85165,0.85393,3038780000.0,2022-06-16 23:21:22.827,2022-06-16 21:10:49.681
2022-06-17 00:00:00,0.85394,0.8564,0.85388,0.85612,14312527000.0,2022-06-17 03:37:11.586,2022-06-17 00:00:07.209
2022-06-17 04:00:00,0.85613,0.85722,0.85449,0.85511,10063134000.0,2022-06-17 06:40:15.959,2022-06-17 07:25:36.832
2022-06-17 08:00:00,0.8551,0.85641,0.8523,0.85505,14408130000.0,2022-06-17 10:41:09.033,2022-06-17 08:44:45.510
2022-06-17 12:00:00,0.85503,0.85881,0.85434,0.85844,11986483000.0,2022-06-17 14:48:32.731,2022-06-17 12:19:16.958
2022-06-17 16:00:00,0.85842,0.85953,0.85784,0.85925,6528350000.0,2022-06-17 18:54:01.233,2022-06-17 17:19:39.165
2022-06-17 20:00:00,0.85921,0.85937,0.85824,0.85899,807541000.0,2022-06-17 20:02:06.154,2022-06-17 20:34:01.578
2022-06-19 20:00:00,0.85719,0.8587,0.85666,0.85786,1763248000.0,2022-06-19 23:08:49.742,2022-06-19 21:08:29.649
2022-06-20 00:00:00,0.85788,0.86042,0.85788,0.85948,3454634000.0,2022-06-20 03:22:49.478,2022-06-20 00:00:00.931
2022-06-20 04:00:00,0.85946,0.86102,0.85922,0.86019,7815032000.0,2022-06-20 06:22:23.125,2022-06-20 04:20:45.801
2022-06-20 08:00:00,0.86018,0.86034,0.85728,0.85837,8634810000.0,2022-06-20 09:35:39.212,2022-06-20 11:50:26.873
2022-06-20 12:00:00,0.85835,0.86119,0.85732,0.86023,6863197000.0,2022-06-20 14:34:27.519,2022-06-20 12:23:08.666
2022-06-20 16:00:00,0.86022,0.86044,0.85719,0.85743,2737525000.0,2022-06-20 16:04:31.828,2022-06-20 19:36:59.496
2022-06-20 20:00:00,0.85746,0.85871,0.85676,0.85867,1783970800.0,2022-06-20 23:59:13.997,2022-06-20 21:04:01.122
2022-06-21 00:00:00,0.8587,0.85885,0.85752,0.85766,1729176000.0,2022-06-21 01:57:53.536,2022-06-21 03:53:42.744
2022-06-21 04:00:00,0.85767,0.85901,0.85679,0.85845,5084442700.0,2022-06-21 07:54:53.745,2022-06-21 07:06:31.373
2022-06-21 08:00:00,0.85846,0.86103,0.85791,0.8599,7501661600.0,2022-06-21 11:21:43.970,2022-06-21 08:44:26.385
2022-06-21 12:00:00,0.85989,0.861,0.85865,0.85925,8995012000.0,2022-06-21 14:29:02.257,2022-06-21 13:54:49.887
2022-06-21 16:00:00,0.85927,0.85929,0.85769,0.85835,4601354000.0,2022-06-21 16:00:01.261,2022-06-21 19:02:38.140
2022-06-21 20:00:00,0.85834,0.85874,0.85741,0.85871,1700455679.0,2022-06-21 23:44:25.757,2022-06-21 21:10:00.103
2022-06-22 00:00:00,0.85872,0.85879,0.85744,0.85843,2697449000.0,2022-06-22 00:08:40.875,2022-06-22 01:41:26.746
2022-06-22 04:00:00,0.85842,0.86234,0.85751,0.86131,5843635000.0,2022-06-22 07:41:54.737,2022-06-22 05:59:47.498
2022-06-22 08:00:00,0.86133,0.86146,0.85766,0.85897,8834747300.0,2022-06-22 08:00:55.625,2022-06-22 10:04:03.138
2022-06-22 12:00:00,0.85896,0.8621,0.85864,0.8617,12570516000.0,2022-06-22 15:57:05.967,2022-06-22 12:00:39.078
2022-06-22 16:00:00,0.86174,0.86247,0.86111,0.86157,4129123600.0,2022-06-22 17:00:57.115,2022-06-22 19:21:43.695
2022-06-22 20:00:00,0.86158,0.86251,0.86115,0.86225,585446000.0,2022-06-22 23:49:24.299,2022-06-22 21:27:41.123
2022-06-23 00:00:00,0.86226,0.86304,0.86216,0.86227,2391556000.0,2022-06-23 01:40:32.838,2022-06-23 00:03:48.666
2022-06-23 04:00:00,0.86228,0.86411,0.86168,0.86296,5731440300.0,2022-06-23 07:14:30.421,2022-06-23 07:39:34.005
2022-06-23 08:00:00,0.86293,0.86361,0.85928,0.85928,8262601000.0,2022-06-23 08:26:41.271,2022-06-23 11:59:58.660
2022-06-23 12:00:00,0.85929,0.85947,0.85737,0.8581,7588976000.0,2022-06-23 12:00:10.110,2022-06-23 15:29:09.570
2022-06-23 16:00:00,0.85809,0.85998,0.85794,0.85826,4590294500.0,2022-06-23 17:38:37.438,2022-06-23 19:52:08.221
2022-06-23 20:00:00,0.85827,0.85874,0.85752,0.85802,2498303243.0,2022-06-23 22:23:18.110,2022-06-23 20:59:50.617
2022-06-24 00:00:00,0.85801,0.85891,0.85756,0.85804,2522247000.0,2022-06-24 00:53:46.593,2022-06-24 02:58:27.680
2022-06-24 04:00:00,0.85803,0.85956,0.85716,0.8578,2836753000.0,2022-06-24 06:01:47.726,2022-06-24 07:44:24.529
2022-06-24 08:00:00,0.85779,0.85961,0.85615,0.85724,5069961600.0,2022-06-24 08:54:49.675,2022-06-24 11:02:28.107
2022-06-24 12:00:00,0.85725,0.85896,0.85643,0.8588,7161072100.0,2022-06-24 15:52:44.598,2022-06-24 12:58:52.538
2022-06-24 16:00:00,0.85876,0.86018,0.8587,0.85937,2702980000.0,2022-06-24 17:44:25.116,2022-06-24 16:24:17.637
2022-06-24 20:00:00,0.85932,0.85997,0.85915,0.85969,254574000.0,2022-06-24 20:51:49.188,2022-06-24 20:02:29.970
2022-06-26 20:00:00,0.85878,0.8603,0.85861,0.86026,1442930000.0,2022-06-26 23:58:29.537,2022-06-26 21:05:22.033
2022-06-27 00:00:00,0.86027,0.8608,0.85965,0.85996,1221284000.0,2022-06-27 00:40:47.471,2022-06-27 02:38:01.444
2022-06-27 04:00:00,0.85995,0.86079,0.85774,0.85926,3177858000.0,2022-06-27 06:47:57.654,2022-06-27 07:27:22.943
2022-06-27 08:00:00,0.85925,0.86258,0.85911,0.86182,4331947700.0,2022-06-27 11:00:51.078,2022-06-27 08:31:33.998
2022-06-27 12:00:00,0.86181,0.86248,0.8605,0.86156,5515961900.0,2022-06-27 12:40:56.943,2022-06-27 14:39:14.236
2022-06-27 16:00:00,0.86155,0.86275,0.86144,0.86266,2461446900.0,2022-06-27 16:31:20.084,2022-06-27 16:01:49.980
2022-06-27 20:00:00,0.86267,0.86289,0.8618,0.86248,738478332.0,2022-06-27 22:17:04.481,2022-06-27 21:04:01.558
2022-06-28 00:00:00,0.86249,0.86249,0.86165,0.86198,1077363000.0,2022-06-28 00:00:02.283,2022-06-28 00:53:16.665
2022-06-28 04:00:00,0.86196,0.86409,0.86124,0.86252,5069580000.0,2022-06-28 07:41:20.538,2022-06-28 07:02:37.722
2022-06-28 08:00:00,0.86254,0.86462,0.86204,0.86354,6675466000.0,2022-06-28 11:27:34.520,2022-06-28 08:24:59.959
2022-06-28 12:00:00,0.86355,0.86375,0.86112,0.86353,8076233600.0,2022-06-28 15:39:16.402,2022-06-28 14:45:34.781
2022-06-28 16:00:00,0.86352,0.86399,0.86233,0.86358,2249513500.0,2022-06-28 18:38:20.271,2022-06-28 16:46:58.560
2022-06-28 20:00:00,0.86357,0.86388,0.86269,0.86328,1963014400.0,2022-06-28 22:28:18.624,2022-06-28 22:00:00.208
2022-06-29 00:00:00,0.8633,0.86342,0.8623,0.86277,1345500000.0,2022-06-29 00:00:28.844,2022-06-29 01:30:27.484
2022-06-29 04:00:00,0.86279,0.86287,0.86032,0.86231,3762187000.0,2022-06-29 04:02:00.566,2022-06-29 06:15:43.743
2022-06-29 08:00:00,0.86228,0.86613,0.86134,0.86571,6282690000.0,2022-06-29 11:15:39.825,2022-06-29 08:03:23.658
2022-06-29 12:00:00,0.86569,0.86584,0.86182,0.86195,7546215000.0,2022-06-29 12:58:30.187,2022-06-29 15:59:47.568
2022-06-29 16:00:00,0.86197,0.86252,0.86099,0.86164,2932211000.0,2022-06-29 16:00:30.724,2022-06-29 18:37:53.712
2022-06-29 20:00:00,0.86163,0.86182,0.86086,0.8612,1436851920.0,2022-06-29 20:08:16.770,2022-06-29 21:04:44.597
2022-06-30 00:00:00,0.86123,0.86198,0.861,0.8618,1225236000.0,2022-06-30 01:38:37.454,2022-06-30 00:03:18.444
2022-06-30 04:00:00,0.86181,0.862,0.85902,0.86104,4424880500.0,2022-06-30 06:44:03.449,2022-06-30 07:02:12.745
2022-06-30 08:00:00,0.86105,0.86116,0.85784,0.85809,4678985000.0,2022-06-30 08:00:10.490,2022-06-30 11:58:00.264
2022-06-30 12:00:00,0.85808,0.86131,0.85509,0.86063,8343428500.0,2022-06-30 15:01:03.037,2022-06-30 14:04:05.154
2022-06-30 16:00:00,0.86061,0.86146,0.85995,0.86084,2732352000.0,2022-06-30 17:09:18.413,2022-06-30 18:50:23.073
2022-06-30 20:00:00,0.86082,0.86167,0.8598,0.86166,820132000.0,2022-06-30 23:31:09.915,2022-06-30 21:10:42.233
2022-07-01 00:00:00,0.86167,0.8625,0.86125,0.8623,1250664000.0,2022-07-01 03:37:59.965,2022-07-01 01:12:00.407
2022-07-01 04:00:00,0.86228,0.86358,0.86128,0.86262,3172466000.0,2022-07-01 07:40:47.926,2022-07-01 06:38:51.859
2022-07-01 08:00:00,0.86265,0.86785,0.86234,0.8667,7580912000.0,2022-07-01 11:41:22.701,2022-07-01 08:02:19.416
2022-07-01 12:00:00,0.86668,0.86761,0.86353,0.86391,7734943500.0,2022-07-01 12:48:58.243,2022-07-01 15:54:06.717
2022-07-01 16:00:00,0.8639,0.86397,0.86138,0.86209,3444184000.0,2022-07-01 16:01:41.176,2022-07-01 18:51:18.646
2022-07-01 20:00:00,0.86208,0.8623,0.86161,0.86188,269011000.0,2022-07-01 20:29:59.198,2022-07-01 20:49:34.866
2022-07-03 20:00:00,0.86067,0.8622,0.86059,0.86217,1088700000.0,2022-07-03 23:56:24.280,2022-07-03 21:19:27.614
2022-07-04 00:00:00,0.86218,0.86269,0.86132,0.8625,1708844000.0,2022-07-04 01:45:59.350,2022-07-04 00:55:00.701
2022-07-04 04:00:00,0.86252,0.86252,0.86028,0.86028,2867511000.0,2022-07-04 04:00:00.272,2022-07-04 07:59:28.050
2022-07-04 08:00:00,0.86031,0.86215,0.85977,0.85996,3496721800.0,2022-07-04 10:35:10.948,2022-07-04 11:55:54.396
2022-07-04 12:00:00,0.85997,0.86128,0.8595,0.86128,3353099300.0,2022-07-04 15:59:57.109,2022-07-04 12:08:46.282
2022-07-04 16:00:00,0.86129,0.86177,0.86052,0.86115,1320064500.0,2022-07-04 16:18:11.651,2022-07-04 17:00:41.077
2022-07-04 20:00:00,0.86114,0.86141,0.86006,0.86121,928421000.0,2022-07-04 20:39:40.104,2022-07-04 21:10:04.795
2022-07-05 00:00:00,0.86122,0.86177,0.86084,0.86145,967848000.0,2022-07-05 00:55:00.333,2022-07-05 01:46:03.761
2022-07-05 04:00:00,0.86144,0.86234,0.85829,0.85879,3301738200.0,2022-07-05 05:46:07.574,2022-07-05 07:55:57.595
2022-07-05 08:00:00,0.85878,0.8588,0.85432,0.85796,7540640000.0,2022-07-05 08:00:01.674,2022-07-05 09:49:30.732
2022-07-05 12:00:00,0.85794,0.86101,0.85734,0.85916,7676365000.0,2022-07-05 13:18:05.608,2022-07-05 14:28:06.998
2022-07-05 16:00:00,0.85918,0.86012,0.85833,0.85858,3228403000.0,2022-07-05 16:04:38.569,2022-07-05 19:13:20.502
2022-07-05 20:00:00,0.85857,0.85897,0.85801,0.85817,1609049000.0,2022-07-05 23:31:43.356,2022-07-05 21:33:47.748
2022-07-06 00:00:00,0.85818,0.85878,0.85758,0.85836,1423336700.0,2022-07-06 00:09:45.695,2022-07-06 02:41:38.465
2022-07-06 04:00:00,0.85838,0.86028,0.85646,0.8572,3702051000.0,2022-07-06 06:11:54.953,2022-07-06 07:43:34.577
2022-07-06 08:00:00,0.85719,0.85787,0.85492,0.85652,7046206000.0,2022-07-06 08:06:38.288,2022-07-06 10:57:48.832
2022-07-06 12:00:00,0.85651,0.85692,0.85406,0.85426,12111571000.0,2022-07-06 12:16:46.913,2022-07-06 14:23:39.187
2022-07-06 16:00:00,0.85428,0.85558,0.85324,0.85419,6854756000.0,2022-07-06 16:19:41.060,2022-07-06 17:18:56.969
2022-07-06 20:00:00,0.8542,0.85447,0.8531,0.85423,2446402000.0,2022-07-06 20:17:39.232,2022-07-06 21:18:20.661
2022-07-07 00:00:00,0.85424,0.85472,0.85369,0.85403,1822683000.0,2022-07-07 01:10:09.674,2022-07-07 02:07:40.404
2022-07-07 04:00:00,0.85404,0.85539,0.85212,0.85375,3615328000.0,2022-07-07 05:59:59.743,2022-07-07 07:28:50.091
2022-07-07 08:00:00,0.85376,0.85386,0.8492,0.85094,7790451600.0,2022-07-07 08:00:16.046,2022-07-07 10:37:28.857
2022-07-07 12:00:00,0.85093,0.85145,0.84608,0.84697,8791635000.0,2022-07-07 12:10:11.042,2022-07-07 15:37:01.653
2022-07-07 16:00:00,0.84698,0.84735,0.84451,0.84536,3081352000.0,2022-07-07 16:01:56.737,2022-07-07 19:23:57.221
2022-07-07 20:00:00,0.84535,0.84572,0.84456,0.8453,3309212710.0,2022-07-07 21:54:08.751,2022-07-07 21:04:07.319
2022-07-08 00:00:00,0.84529,0.84597,0.84422,0.84485,3145740000.0,2022-07-08 00:38:55.069,2022-07-08 03:15:59.710
2022-07-08 04:00:00,0.84486,0.84753,0.8441,0.84636,5231260000.0,2022-07-08 06:37:36.352,2022-07-08 07:38:27.555
2022-07-08 08:00:00,0.84635,0.84751,0.84517,0.84601,6476792000.0,2022-07-08 09:42:39.911,2022-07-08 10:22:50.887
2022-07-08 12:00:00,0.84605,0.8474,0.84441,0.84563,10279775000.0,2022-07-08 14:11:32.485,2022-07-08 12:30:13.951
2022-07-08 16:00:00,0.84562,0.84644,0.84503,0.84596,2398455000.0,2022-07-08 17:11:32.061,2022-07-08 16:23:56.367
2022-07-08 20:00:00,0.84597,0.84679,0.84586,0.846,219800000.0,2022-07-08 20:39:22.842,2022-07-08 20:53:07.275
2022-07-10 20:00:00,0.8457,0.84628,0.84487,0.84604,1537202000.0,2022-07-10 21:17:56.609,2022-07-10 22:00:00.405
2022-07-11 00:00:00,0.84601,0.84694,0.84553,0.84674,3112932000.0,2022-07-11 03:42:11.444,2022-07-11 01:04:05.446
2022-07-11 04:00:00,0.84675,0.84728,0.84509,0.84544,3447653000.0,2022-07-11 06:16:18.703,2022-07-11 07:56:07.887
2022-07-11 08:00:00,0.84543,0.84671,0.84463,0.84539,5708371000.0,2022-07-11 09:33:42.317,2022-07-11 11:37:34.515
2022-07-11 12:00:00,0.84538,0.84891,0.84494,0.84718,9375619560.0,2022-07-11 15:23:57.863,2022-07-11 12:04:55.869
2022-07-11 16:00:00,0.84717,0.84733,0.84429,0.84449,3515102000.0,2022-07-11 16:04:25.188,2022-07-11 19:55:10.125
2022-07-11 20:00:00,0.8445,0.84481,0.8437,0.84424,1578562000.0,2022-07-11 20:00:35.258,2022-07-11 21:04:01.645
2022-07-12 00:00:00,0.84425,0.84461,0.84331,0.84407,3223819900.0,2022-07-12 00:48:28.535,2022-07-12 02:21:17.905
2022-07-12 04:00:00,0.84408,0.84579,0.84366,0.84534,4777073500.0,2022-07-12 07:55:57.055,2022-07-12 05:11:45.009
2022-07-12 08:00:00,0.84533,0.84845,0.8451,0.84845,7010960902.0,2022-07-12 11:59:59.961,2022-07-12 08:00:20.063
2022-07-12 12:00:00,0.84843,0.84843,0.8448,0.84567,8888415500.0,2022-07-12 12:00:00.061,2022-07-12 15:12:00.485
2022-07-12 16:00:00,0.84568,0.84591,0.84377,0.84385,3093075000.0,2022-07-12 16:04:57.329,2022-07-12 19:59:42.209
2022-07-12 20:00:00,0.84386,0.84461,0.84334,0.84445,1090766568.0,2022-07-12 23:55:18.644,2022-07-12 21:14:34.982
2022-07-13 00:00:00,0.84446,0.84478,0.8426,0.84298,2280166000.0,2022-07-13 01:36:06.059,2022-07-13 03:37:55.895
2022-07-13 04:00:00,0.84297,0.84389,0.84031,0.84273,3633300800.0,2022-07-13 05:59:55.398,2022-07-13 07:25:15.979
2022-07-13 08:00:00,0.84276,0.84539,0.8424,0.84355,5315722600.0,2022-07-13 10:38:37.402,2022-07-13 08:10:05.542
2022-07-13 12:00:00,0.84357,0.84682,0.84243,0.84573,16076940900.0,2022-07-13 14:14:50.242,2022-07-13 12:30:04.000
2022-07-13 16:00:00,0.84574,0.84632,0.84497,0.84577,6770294000.0,2022-07-13 16:08:08.100,2022-07-13 17:19:10.046
2022-07-13 20:00:00,0.84572,0.84638,0.84544,0.84577,1151626000.0,2022-07-13 23:40:36.868,2022-07-13 21:58:04.765
2022-07-14 00:00:00,0.84579,0.84622,0.84405,0.84512,2525706000.0,2022-07-14 00:24:36.269,2022-07-14 03:04:21.458
2022-07-14 04:00:00,0.84511,0.84673,0.84476,0.84592,4347447000.0,2022-07-14 06:24:47.184,2022-07-14 07:01:03.417
2022-07-14 08:00:00,0.84591,0.84714,0.84539,0.84646,8188040000.0,2022-07-14 11:05:08.670,2022-07-14 09:08:41.445
2022-07-14 12:00:00,0.84644,0.84982,0.84473,0.84789,10608082000.0,2022-07-14 15:03:43.475,2022-07-14 14:03:39.013
2022-07-14 16:00:00,0.84786,0.84947,0.84706,0.8471,3759292100.0,2022-07-14 16:29:27.929,2022-07-14 19:58:12.669
2022-07-14 20:00:00,0.84711,0.84748,0.84637,0.84675,685710000.0,2022-07-14 22:16:08.544,2022-07-14 20:13:19.117
2022-07-15 00:00:00,0.84676,0.84798,0.84644,0.84748,1313381000.0,2022-07-15 02:59:10.722,2022-07-15 01:26:10.246
2022-07-15 04:00:00,0.8475,0.84838,0.84683,0.84761,3071510000.0,2022-07-15 07:03:51.345,2022-07-15 07:37:09.197
2022-07-15 08:00:00,0.84749,0.85019,0.8469,0.84957,6152017000.0,2022-07-15 11:31:41.041,2022-07-15 08:41:27.673
2022-07-15 12:00:00,0.84956,0.85138,0.84881,0.85077,7917349400.0,2022-07-15 12:37:16.726,2022-07-15 14:01:21.332
2022-07-15 16:00:00,0.85076,0.85112,0.84951,0.84962,1807712000.0,2022-07-15 16:10:44.605,2022-07-15 19:28:39.673
2022-07-15 20:00:00,0.84961,0.85023,0.84948,0.8499,332569000.0,2022-07-15 20:50:02.498,2022-07-15 20:00:10.468
2022-07-17 20:00:00,0.84915,0.85007,0.84904,0.84923,703166000.0,2022-07-17 22:02:19.243,2022-07-17 21:05:02.665
2022-07-18 00:00:00,0.84921,0.84971,0.84891,0.84921,2158621000.0,2022-07-18 02:03:23.922,2022-07-18 03:45:02.981
2022-07-18 04:00:00,0.8492,0.8505,0.84818,0.8491,5790862000.0,2022-07-18 07:10:59.799,2022-07-18 06:03:30.931
2022-07-18 08:00:00,0.84911,0.84912,0.84712,0.84735,7102468800.0,2022-07-18 08:00:01.020,2022-07-18 11:53:02.459
2022-07-18 12:00:00,0.84737,0.84832,0.84576,0.84746,5841997000.0,2022-07-18 14:48:35.315,2022-07-18 13:07:54.958
2022-07-18 16:00:00,0.84745,0.84958,0.84738,0.84846,2031027000.0,2022-07-18 18:49:24.748,2022-07-18 16:00:28.352
2022-07-18 20:00:00,0.84849,0.84923,0.84672,0.84914,1372743000.0,2022-07-18 23:54:09.200,2022-07-18 21:11:48.590
2022-07-19 00:00:00,0.84915,0.84916,0.84787,0.84802,1330926000.0,2022-07-19 00:00:01.000,2022-07-19 03:59:54.300
2022-07-19 04:00:00,0.84805,0.85303,0.84768,0.85278,5115551000.0,2022-07-19 07:58:38.001,2022-07-19 06:01:59.744
2022-07-19 08:00:00,0.85277,0.85396,0.85144,0.85307,5813194000.0,2022-07-19 11:17:18.146,2022-07-19 09:31:16.406
2022-07-19 12:00:00,0.85305,0.85331,0.85101,0.85169,6495756800.0,2022-07-19 14:15:13.410,2022-07-19 15:16:03.042
2022-07-19 16:00:00,0.85168,0.85341,0.85132,0.85189,2231419000.0,2022-07-19 18:27:56.272,2022-07-19 16:04:13.483
2022-07-19 20:00:00,0.8519,0.85296,0.85092,0.85236,6831761000.0,2022-07-19 22:43:05.485,2022-07-19 21:04:01.083
2022-07-20 00:00:00,0.85239,0.85288,0.85116,0.85176,1159093000.0,2022-07-20 00:57:01.837,2022-07-20 02:51:51.093
2022-07-20 04:00:00,0.85175,0.85402,0.85087,0.85279,4520234000.0,2022-07-20 07:22:19.827,2022-07-20 06:00:02.444
2022-07-20 08:00:00,0.85281,0.853,0.85004,0.85111,7219610000.0,2022-07-20 08:46:47.262,2022-07-20 11:51:24.663
2022-07-20 12:00:00,0.85108,0.85348,0.85054,0.8521,6502465400.0,2022-07-20 13:17:27.997,2022-07-20 15:12:11.110
2022-07-20 16:00:00,0.85209,0.85283,0.8493,0.84981,3521870000.0,2022-07-20 16:27:24.091,2022-07-20 17:44:47.246
2022-07-20 20:00:00,0.8498,0.85069,0.84873,0.85066,1581726000.0,2022-07-20 23:59:51.013,2022-07-20 21:13:42.957
2022-07-21 00:00:00,0.85068,0.85221,0.8505,0.85212,820458000.0,2022-07-21 03:23:47.977,2022-07-21 01:57:59.732
2022-07-21 04:00:00,0.85213,0.85399,0.85115,0.85376,4373180000.0,2022-07-21 07:59:11.160,2022-07-21 06:59:28.105
2022-07-21 08:00:00,0.85374,0.85476,0.85131,0.85475,6339263000.0,2022-07-21 11:59:55.224,2022-07-21 10:45:45.333
2022-07-21 12:00:00,0.85476,0.85844,0.85211,0.8522,12762174000.0,2022-07-21 12:31:51.503,2022-07-21 15:59:32.186
2022-07-21 16:00:00,0.85221,0.85276,0.85081,0.85227,2790664000.0,2022-07-21 16:06:34.672,2022-07-21 17:31:03.718
2022-07-21 20:00:00,0.85226,0.85296,0.85175,0.852,4893160000.0,2022-07-21 20:36:29.730,2022-07-21 21:32:21.659
2022-07-22 00:00:00,0.85197,0.85217,0.85094,0.85175,1509616000.0,2022-07-22 00:03:04.001,2022-07-22 01:24:24.005
2022-07-22 04:00:00,0.85174,0.85233,0.84967,0.84995,4924484500.0,2022-07-22 06:28:04.253,2022-07-22 07:57:55.683
2022-07-22 08:00:00,0.84998,0.8514,0.84867,0.85129,6546070500.0,2022-07-22 11:59:36.851,2022-07-22 09:14:14.375
2022-07-22 12:00:00,0.85131,0.8521,0.84948,0.85079,8264178000.0,2022-07-22 12:53:14.025,2022-07-22 14:55:30.258
2022-07-22 16:00:00,0.8508,0.85211,0.85072,0.85116,4527546000.0,2022-07-22 16:42:42.618,2022-07-22 16:00:30.564
2022-07-22 20:00:00,0.85115,0.85142,0.85028,0.85036,1364900000.0,2022-07-22 20:36:59.631,2022-07-22 20:54:36.256
2022-07-24 20:00:00,0.85055,0.85146,0.84965,0.85097,822392000.0,2022-07-24 22:37:20.492,2022-07-24 21:10:21.307
2022-07-25 00:00:00,0.85096,0.85189,0.85071,0.85157,2026535000.0,2022-07-25 03:11:10.197,2022-07-25 00:12:12.178
2022-07-25 04:00:00,0.85155,0.85244,0.84983,0.84987,3796089500.0,2022-07-25 07:24:03.558,2022-07-25 07:59:53.282
2022-07-25 08:00:00,0.84988,0.85124,0.84788,0.84825,6336679500.0,2022-07-25 09:22:46.906,2022-07-25 11:15:35.624
2022-07-25 12:00:00,0.84823,0.84942,0.84788,0.848,7506094500.0,2022-07-25 14:26:16.364,2022-07-25 12:19:07.098
2022-07-25 16:00:00,0.84801,0.84856,0.84752,0.84835,1997629000.0,2022-07-25 19:04:28.543,2022-07-25 16:05:05.718
2022-07-25 20:00:00,0.84838,0.84854,0.84789,0.8481,1008156400.0,2022-07-25 20:25:55.342,2022-07-25 23:30:25.770
2022-07-26 00:00:00,0.84809,0.84862,0.84724,0.84773,1541239000.0,2022-07-26 01:16:36.099,2022-07-26 02:50:56.533
2022-07-26 04:00:00,0.84774,0.84915,0.84727,0.84843,3184532000.0,2022-07-26 07:30:27.705,2022-07-26 05:53:36.935
2022-07-26 08:00:00,0.84842,0.84898,0.84553,0.84562,6470883000.0,2022-07-26 08:36:49.211,2022-07-26 11:53:58.891
2022-07-26 12:00:00,0.84563,0.84588,0.84051,0.84051,11046779000.0,2022-07-26 12:26:59.747,2022-07-26 15:59:59.873
2022-07-26 16:00:00,0.84052,0.84228,0.84048,0.84134,2708803000.0,2022-07-26 17:05:33.167,2022-07-26 16:00:38.148
2022-07-26 20:00:00,0.84135,0.84184,0.84031,0.84153,2295889962.0,2022-07-26 22:14:51.583,2022-07-26 21:12:38.071
2022-07-27 00:00:00,0.8415,0.84239,0.84092,0.84171,1790768100.0,2022-07-27 01:45:28.947,2022-07-27 00:32:00.155
2022-07-27 04:00:00,0.8417,0.8422,0.84081,0.84138,4051937000.0,2022-07-27 07:47:15.130,2022-07-27 06:43:32.712
2022-07-27 08:00:00,0.84139,0.84261,0.83979,0.84129,5173042000.0,2022-07-27 11:04:14.951,2022-07-27 09:38:58.089
2022-07-27 12:00:00,0.84128,0.84258,0.84028,0.84034,5397664600.0,2022-07-27 13:15:32.417,2022-07-27 14:24:29.676
2022-07-27 16:00:00,0.84033,0.84174,0.83754,0.83907,15288891000.0,2022-07-27 18:36:48.485,2022-07-27 18:58:46.145
2022-07-27 20:00:00,0.83909,0.83928,0.83837,0.83909,2966458000.0,2022-07-27 20:03:46.180,2022-07-27 20:59:24.214
2022-07-28 00:00:00,0.83906,0.83934,0.83811,0.83927,4057525600.0,2022-07-28 00:09:51.051,2022-07-28 01:35:13.310
2022-07-28 04:00:00,0.83928,0.84035,0.83727,0.83801,5453490000.0,2022-07-28 06:30:59.489,2022-07-28 07:49:23.490
2022-07-28 08:00:00,0.83802,0.83874,0.83458,0.83475,12243726000.0,2022-07-28 09:30:24.632,2022-07-28 11:58:23.240
2022-07-28 12:00:00,0.83473,0.83914,0.83464,0.83823,15114922188.0,2022-07-28 14:46:06.604,2022-07-28 12:01:27.638
2022-07-28 16:00:00,0.83818,0.83824,0.83662,0.83721,5172400000.0,2022-07-28 16:01:22.396,2022-07-28 17:54:50.968
2022-07-28 20:00:00,0.8372,0.83801,0.83673,0.83727,3060347798.0,2022-07-28 22:11:29.661,2022-07-28 21:59:42.648
2022-07-29 00:00:00,0.83728,0.83828,0.83724,0.83783,2824960000.0,2022-07-29 03:54:59.738,2022-07-29 00:12:16.588
2022-07-29 04:00:00,0.83782,0.83868,0.83683,0.838,6210005000.0,2022-07-29 06:31:08.468,2022-07-29 06:59:53.649
2022-07-29 08:00:00,0.83799,0.84136,0.83799,0.83996,7034964957.0,2022-07-29 10:52:18.019,2022-07-29 08:00:00.116
2022-07-29 12:00:00,0.83998,0.84144,0.83708,0.8374,9625559000.0,2022-07-29 13:58:20.887,2022-07-29 15:58:38.954
2022-07-29 16:00:00,0.83739,0.83985,0.83719,0.83927,3261988000.0,2022-07-29 17:43:38.196,2022-07-29 16:04:08.750
2022-07-29 20:00:00,0.83928,0.83951,0.83884,0.83935,404255000.0,2022-07-29 20:25:13.025,2022-07-29 20:19:07.734
2022-07-31 20:00:00,0.83807,0.83998,0.83803,0.83908,1154051000.0,2022-07-31 22:20:39.782,2022-07-31 21:07:15.327
2022-08-01 00:00:00,0.83909,0.83987,0.83894,0.83935,2662048000.0,2022-08-01 02:43:18.912,2022-08-01 00:19:38.200
2022-08-01 04:00:00,0.83936,0.83973,0.83823,0.83872,4030464000.0,2022-08-01 07:23:59.386,2022-08-01 06:44:13.175
2022-08-01 08:00:00,0.83873,0.83993,0.83664,0.83695,7104547600.0,2022-08-01 08:41:41.462,2022-08-01 10:20:10.227
2022-08-01 12:00:00,0.83696,0.83778,0.83506,0.83648,8466391000.0,2022-08-01 14:27:57.593,2022-08-01 14:00:01.729
2022-08-01 16:00:00,0.83647,0.83725,0.83602,0.83696,2300227000.0,2022-08-01 17:45:44.859,2022-08-01 16:31:01.952
2022-08-01 20:00:00,0.83697,0.83765,0.83676,0.83727,768953000.0,2022-08-01 23:18:23.363,2022-08-01 21:06:08.865
2022-08-02 00:00:00,0.83729,0.83862,0.83715,0.83812,2616731000.0,2022-08-02 00:56:32.487,2022-08-02 00:03:57.234
2022-08-02 04:00:00,0.83811,0.83926,0.83716,0.83795,3681010000.0,2022-08-02 07:19:35.609,2022-08-02 06:36:49.217
2022-08-02 08:00:00,0.838,0.84002,0.8367,0.83681,5332152699.0,2022-08-02 08:59:56.489,2022-08-02 11:58:50.127
2022-08-02 12:00:00,0.83682,0.83718,0.83397,0.83436,8723975600.0,2022-08-02 12:04:34.503,2022-08-02 15:57:51.550
2022-08-02 16:00:00,0.83435,0.83647,0.83426,0.83572,3534359000.0,2022-08-02 18:51:03.575,2022-08-02 16:00:13.810
2022-08-02 20:00:00,0.83573,0.83639,0.83407,0.83634,2340420000.0,2022-08-02 23:52:26.365,2022-08-02 21:04:01.079
2022-08-03 00:00:00,0.8363,0.83655,0.83585,0.83623,2576738000.0,2022-08-03 00:24:21.803,2022-08-03 01:51:25.686
2022-08-03 04:00:00,0.83625,0.8365,0.83421,0.83492,4264135800.0,2022-08-03 04:38:13.712,2022-08-03 07:12:39.154
2022-08-03 08:00:00,0.83493,0.83713,0.83418,0.8354,7269919000.0,2022-08-03 09:59:19.833,2022-08-03 08:11:00.260
2022-08-03 12:00:00,0.83539,0.83728,0.83536,0.83617,8205308700.0,2022-08-03 13:37:07.163,2022-08-03 12:00:00.866
2022-08-03 16:00:00,0.83616,0.83721,0.8357,0.83712,4691230825.0,2022-08-03 19:59:44.541,2022-08-03 17:53:07.787
2022-08-03 20:00:00,0.83723,0.83736,0.8362,0.83674,1603357000.0,2022-08-03 20:50:00.071,2022-08-03 21:04:45.396
2022-08-04 00:00:00,0.83673,0.83696,0.83568,0.83637,1281958000.0,2022-08-04 01:57:59.240,2022-08-04 01:20:20.737
2022-08-04 04:00:00,0.83638,0.83773,0.83605,0.83664,3252113000.0,2022-08-04 06:28:10.292,2022-08-04 04:51:57.352
2022-08-04 08:00:00,0.83665,0.8426,0.83415,0.84195,10802780100.0,2022-08-04 11:56:14.136,2022-08-04 11:00:05.330
2022-08-04 12:00:00,0.84194,0.84372,0.84041,0.84202,9217552000.0,2022-08-04 15:17:48.463,2022-08-04 13:27:32.519
2022-08-04 16:00:00,0.84201,0.84284,0.84145,0.8419,3240045500.0,2022-08-04 16:57:49.254,2022-08-04 16:14:14.964
2022-08-04 20:00:00,0.84188,0.84298,0.84175,0.8428,2420264000.0,2022-08-04 23:23:20.718,2022-08-04 21:05:00.674
2022-08-05 00:00:00,0.84281,0.84339,0.84258,0.84298,1181277000.0,2022-08-05 01:44:51.211,2022-08-05 02:06:13.101
2022-08-05 04:00:00,0.84297,0.8432,0.84103,0.84186,2353489000.0,2022-08-05 04:21:59.854,2022-08-05 07:01:58.829
2022-08-05 08:00:00,0.84188,0.84366,0.84158,0.84279,3757306000.0,2022-08-05 10:53:11.607,2022-08-05 08:37:02.927
2022-08-05 12:00:00,0.8428,0.8453,0.84132,0.84313,10243406000.0,2022-08-05 13:15:01.174,2022-08-05 12:30:04.335
2022-08-05 16:00:00,0.84315,0.84371,0.84245,0.84328,3486022000.0,2022-08-05 19:22:51.296,2022-08-05 17:15:56.756
2022-08-05 20:00:00,0.84329,0.84341,0.84277,0.84292,283694000.0,2022-08-05 20:16:31.260,2022-08-05 20:54:24.205
2022-08-07 20:00:00,0.8427,0.84375,0.84238,0.84337,1055674000.0,2022-08-07 22:46:16.501,2022-08-07 21:05:49.704
2022-08-08 00:00:00,0.84338,0.84356,0.84277,0.84321,1491109000.0,2022-08-08 02:42:33.338,2022-08-08 01:40:22.168
2022-08-08 04:00:00,0.84322,0.84362,0.84132,0.84253,3226098000.0,2022-08-08 06:00:01.678,2022-08-08 07:17:51.183
2022-08-08 08:00:00,0.84252,0.84359,0.84163,0.84182,4815809000.0,2022-08-08 08:55:59.991,2022-08-08 11:52:53.532
2022-08-08 12:00:00,0.84185,0.8442,0.84102,0.84376,5558751000.0,2022-08-08 15:48:05.386,2022-08-08 14:22:04.271
2022-08-08 16:00:00,0.84377,0.84449,0.84366,0.84372,2518300000.0,2022-08-08 16:20:40.735,2022-08-08 18:42:52.514
2022-08-08 20:00:00,0.84371,0.84414,0.84207,0.84384,1266942000.0,2022-08-08 20:33:14.547,2022-08-08 21:22:48.466
2022-08-09 00:00:00,0.84382,0.84431,0.84355,0.84381,849377000.0,2022-08-09 01:57:18.899,2022-08-09 00:34:45.445
2022-08-09 04:00:00,0.8438,0.84527,0.84338,0.845,1234822000.0,2022-08-09 07:28:14.655,2022-08-09 05:32:01.546
2022-08-09 08:00:00,0.84501,0.84553,0.84425,0.84476,3981075500.0,2022-08-09 08:08:26.739,2022-08-09 09:57:51.403
2022-08-09 12:00:00,0.84477,0.84614,0.84402,0.84594,5422605200.0,2022-08-09 15:04:52.073,2022-08-09 14:49:16.919
2022-08-09 16:00:00,0.84596,0.84616,0.84539,0.84552,2124533000.0,2022-08-09 16:07:00.944,2022-08-09 17:08:13.337
2022-08-09 20:00:00,0.84553,0.84605,0.84426,0.84561,961230000.0,2022-08-09 20:32:01.593,2022-08-09 21:07:04.222
2022-08-10 00:00:00,0.84562,0.8459,0.84509,0.84536,428236000.0,2022-08-10 00:55:00.217,2022-08-10 00:16:00.217
2022-08-10 04:00:00,0.84537,0.84601,0.84451,0.84474,1461287000.0,2022-08-10 06:16:33.993,2022-08-10 07:34:05.044
2022-08-10 08:00:00,0.84472,0.84703,0.84423,0.84607,3045636000.0,2022-08-10 11:38:17.417,2022-08-10 08:00:59.528
2022-08-10 12:00:00,0.84609,0.84666,0.84337,0.84399,14240259700.0,2022-08-10 12:30:05.097,2022-08-10 12:30:09.943
2022-08-10 16:00:00,0.84398,0.844,0.84183,0.84324,5261068000.0,2022-08-10 16:00:00.117,2022-08-10 17:52:27.534
2022-08-10 20:00:00,0.84322,0.84381,0.84255,0.84342,6946555000.0,2022-08-10 23:35:24.538,2022-08-10 20:58:49.999
2022-08-11 00:00:00,0.84343,0.84408,0.84308,0.8438,1235118000.0,2022-08-11 02:48:13.916,2022-08-11 00:22:49.075
2022-08-11 04:00:00,0.84381,0.84524,0.843,0.84462,3829251000.0,2022-08-11 07:49:33.676,2022-08-11 06:49:14.109
2022-08-11 08:00:00,0.84463,0.847,0.84388,0.8456,8147339000.0,2022-08-11 10:48:14.312,2022-08-11 08:31:04.702
2022-08-11 12:00:00,0.84559,0.84658,0.84492,0.84537,10495335000.0,2022-08-11 13:52:14.175,2022-08-11 14:20:56.456
2022-08-11 16:00:00,0.84536,0.84652,0.84481,0.84629,3790243000.0,2022-08-11 19:07:28.835,2022-08-11 16:58:59.061
2022-08-11 20:00:00,0.84628,0.84659,0.84552,0.84627,1259369000.0,2022-08-11 20:28:47.456,2022-08-11 21:05:11.122
2022-08-12 00:00:00,0.84628,0.84655,0.84594,0.84636,1361721000.0,2022-08-12 00:41:35.037,2022-08-12 00:22:32.520
2022-08-12 04:00:00,0.84637,0.8466,0.84459,0.84535,4044304000.0,2022-08-12 06:22:22.525,2022-08-12 06:00:15.462
2022-08-12 08:00:00,0.84532,0.84925,0.84494,0.84729,4097723000.0,2022-08-12 10:46:42.718,2022-08-12 08:01:41.671
2022-08-12 12:00:00,0.84728,0.84827,0.84522,0.84537,8936267800.0,2022-08-12 12:54:22.187,2022-08-12 15:11:17.557
2022-08-12 16:00:00,0.84536,0.84596,0.84498,0.84538,3059246000.0,2022-08-12 19:53:13.870,2022-08-12 16:17:23.495
2022-08-12 20:00:00,0.84537,0.84551,0.84494,0.84508,654085000.0,2022-08-12 20:04:39.386,2022-08-12 20:54:53.335
2022-08-14 20:00:00,0.84488,0.84584,0.84443,0.84549,760219000.0,2022-08-14 22:47:24.441,2022-08-14 21:30:10.283
2022-08-15 00:00:00,0.84548,0.8461,0.8451,0.84571,2064790000.0,2022-08-15 02:10:13.906,2022-08-15 00:54:49.165
2022-08-15 04:00:00,0.8457,0.84708,0.84521,0.84545,4105944000.0,2022-08-15 07:25:58.025,2022-08-15 06:40:51.510
2022-08-15 08:00:00,0.84546,0.84604,0.84334,0.84371,5972452000.0,2022-08-15 09:19:04.451,2022-08-15 11:56:04.570
2022-08-15 12:00:00,0.84372,0.84445,0.84255,0.84259,6723196100.0,2022-08-15 13:34:56.343,2022-08-15 15:59:09.112
2022-08-15 16:00:00,0.8426,0.84297,0.84189,0.84286,2710058000.0,2022-08-15 16:19:19.709,2022-08-15 17:10:21.716
2022-08-15 20:00:00,0.84284,0.84318,0.84232,0.84281,9740665000.0,2022-08-15 22:53:01.539,2022-08-15 22:30:00.482
2022-08-16 00:00:00,0.84282,0.84348,0.84276,0.84341,1623102000.0,2022-08-16 00:24:54.544,2022-08-16 00:00:35.162
2022-08-16 04:00:00,0.84339,0.84397,0.84267,0.84274,4447550000.0,2022-08-16 07:23:29.398,2022-08-16 07:59:02.292
2022-08-16 08:00:00,0.84275,0.84367,0.84125,0.84248,6752033500.0,2022-08-16 10:08:58.922,2022-08-16 09:11:50.225
2022-08-16 12:00:00,0.84247,0.84287,0.84054,0.84151,8734762300.0,2022-08-16 13:33:12.238,2022-08-16 15:15:12.931
2022-08-16 16:00:00,0.8415,0.84197,0.84064,0.84088,3056036000.0,2022-08-16 17:33:37.511,2022-08-16 19:43:13.105
2022-08-16 20:00:00,0.84085,0.84112,0.84034,0.84083,6806833000.0,2022-08-16 20:10:42.617,2022-08-16 21:14:06.356
2022-08-17 00:00:00,0.84081,0.84082,0.83981,0.84024,2784822000.0,2022-08-17 00:00:01.331,2022-08-17 00:57:40.633
2022-08-17 04:00:00,0.84025,0.84064,0.83874,0.84034,4975364000.0,2022-08-17 04:17:35.400,2022-08-17 06:00:26.855
2022-08-17 08:00:00,0.84033,0.84212,0.83983,0.84172,4739115000.0,2022-08-17 11:55:37.393,2022-08-17 08:27:41.956
2022-08-17 12:00:00,0.84176,0.84479,0.84128,0.84477,9919386500.0,2022-08-17 15:59:57.379,2022-08-17 12:29:08.795
2022-08-17 16:00:00,0.84478,0.84503,0.84379,0.84475,6900119000.0,2022-08-17 16:00:30.600,2022-08-17 16:32:35.597
2022-08-17 20:00:00,0.84474,0.84502,0.84386,0.84493,6805552000.0,2022-08-17 23:56:11.240,2022-08-17 21:04:01.082
2022-08-18 00:00:00,0.84491,0.8459,0.84452,0.84505,1293776000.0,2022-08-18 02:01:50.208,2022-08-18 03:34:29.312
2022-08-18 04:00:00,0.84506,0.84667,0.84434,0.84489,4645556000.0,2022-08-18 06:48:01.973,2022-08-18 04:59:10.047
2022-08-18 08:00:00,0.84488,0.84525,0.84248,0.84364,4798802200.0,2022-08-18 08:04:10.403,2022-08-18 09:58:56.267
2022-08-18 12:00:00,0.84363,0.84495,0.84255,0.84489,9039140000.0,2022-08-18 15:59:03.229,2022-08-18 13:58:58.948
2022-08-18 16:00:00,0.84492,0.84572,0.84428,0.8456,5801788000.0,2022-08-18 19:53:13.533,2022-08-18 16:20:20.164
2022-08-18 20:00:00,0.84558,0.84576,0.84518,0.84564,6586725000.0,2022-08-18 22:10:32.118,2022-08-18 21:45:07.852
2022-08-19 00:00:00,0.84566,0.84656,0.84547,0.84592,1998687000.0,2022-08-19 00:59:50.771,2022-08-19 02:20:32.796
2022-08-19 04:00:00,0.84593,0.84727,0.84538,0.84704,4996531900.0,2022-08-19 07:54:54.315,2022-08-19 06:00:04.709
2022-08-19 08:00:00,0.84705,0.85035,0.84687,0.84915,6831231200.0,2022-08-19 11:40:03.561,2022-08-19 08:00:27.001
2022-08-19 12:00:00,0.84914,0.85114,0.84894,0.85006,7109467000.0,2022-08-19 14:53:57.254,2022-08-19 12:04:58.334
2022-08-19 16:00:00,0.85007,0.8501,0.84845,0.84868,2877678000.0,2022-08-19 16:00:06.558,2022-08-19 17:03:22.984
2022-08-19 20:00:00,0.84867,0.84916,0.84861,0.84889,642280000.0,2022-08-19 20:50:00.321,2022-08-19 20:01:15.293
2022-08-21 20:00:00,0.84796,0.84934,0.84766,0.84915,2512814000.0,2022-08-21 23:34:49.360,2022-08-21 21:07:05.652
2022-08-22 00:00:00,0.84913,0.84919,0.84814,0.84891,1709972000.0,2022-08-22 00:13:25.246,2022-08-22 02:25:06.376
2022-08-22 04:00:00,0.8489,0.84895,0.84762,0.84818,3247033000.0,2022-08-22 04:01:00.351,2022-08-22 06:48:36.330
2022-08-22 08:00:00,0.84815,0.84863,0.84683,0.84713,5053030000.0,2022-08-22 08:19:22.536,2022-08-22 11:59:03.181
2022-08-22 12:00:00,0.84714,0.84723,0.84464,0.84552,7563320500.0,2022-08-22 12:01:27.982,2022-08-22 15:34:23.012
2022-08-22 16:00:00,0.84551,0.84553,0.84345,0.84511,4667863000.0,2022-08-22 16:03:49.560,2022-08-22 16:59:54.118
2022-08-22 20:00:00,0.84513,0.84524,0.84438,0.84468,1549575000.0,2022-08-22 21:19:20.336,2022-08-22 23:24:10.998
2022-08-23 00:00:00,0.84467,0.8448,0.84412,0.84456,1490011000.0,2022-08-23 03:00:36.915,2022-08-23 00:53:44.602
2022-08-23 04:00:00,0.84454,0.84522,0.84331,0.84429,5067799000.0,2022-08-23 06:34:42.673,2022-08-23 07:29:54.122
2022-08-23 08:00:00,0.84427,0.84534,0.84281,0.84337,5106788000.0,2022-08-23 08:30:01.367,2022-08-23 11:10:23.681
2022-08-23 12:00:00,0.84338,0.84472,0.84158,0.84205,12378859500.0,2022-08-23 13:40:00.142,2022-08-23 15:57:45.941
2022-08-23 16:00:00,0.84204,0.84306,0.84179,0.8427,3384467000.0,2022-08-23 17:48:55.797,2022-08-23 16:10:00.015
2022-08-23 20:00:00,0.84269,0.8427,0.8417,0.84245,3539239000.0,2022-08-23 20:00:10.450,2022-08-23 21:07:26.434
2022-08-24 00:00:00,0.84246,0.84296,0.84189,0.8424,1566912500.0,2022-08-24 02:58:14.743,2022-08-24 01:33:05.994
2022-08-24 04:00:00,0.84242,0.84258,0.8412,0.84154,2169732000.0,2022-08-24 04:03:24.596,2022-08-24 07:36:52.228
2022-08-24 08:00:00,0.84153,0.84355,0.84081,0.84291,5661681000.0,2022-08-24 10:26:33.998,2022-08-24 08:47:44.518
2022-08-24 12:00:00,0.84292,0.84566,0.84252,0.84457,14075690000.0,2022-08-24 15:01:26.188,2022-08-24 14:04:02.635
2022-08-24 16:00:00,0.84458,0.84544,0.84387,0.84507,5642525000.0,2022-08-24 17:50:28.041,2022-08-24 16:49:46.486
2022-08-24 20:00:00,0.84508,0.84553,0.84363,0.84543,4864951000.0,2022-08-24 23:52:47.031,2022-08-24 21:09:25.685
2022-08-25 00:00:00,0.84542,0.8456,0.84486,0.84507,2245013000.0,2022-08-25 00:04:48.870,2022-08-25 03:04:00.985
2022-08-25 04:00:00,0.84509,0.84614,0.84396,0.84444,6734854000.0,2022-08-25 06:36:03.208,2022-08-25 07:36:21.301
2022-08-25 08:00:00,0.84439,0.84509,0.84279,0.84296,5979654000.0,2022-08-25 08:22:07.189,2022-08-25 11:58:12.088
2022-08-25 12:00:00,0.84297,0.84484,0.84271,0.84374,10124835000.0,2022-08-25 13:33:42.626,2022-08-25 12:17:17.064
2022-08-25 16:00:00,0.84373,0.84389,0.84236,0.84297,5248812000.0,2022-08-25 16:01:48.361,2022-08-25 16:51:49.443
2022-08-25 20:00:00,0.84299,0.84337,0.84209,0.84336,5371139000.0,2022-08-25 23:58:19.886,2022-08-25 21:04:01.072
2022-08-26 00:00:00,0.84338,0.84416,0.84303,0.84312,1109626000.0,2022-08-26 00:52:31.287,2022-08-26 03:38:33.967
2022-08-26 04:00:00,0.8431,0.84633,0.84308,0.84579,3716499000.0,2022-08-26 07:41:54.312,2022-08-26 04:02:55.196
2022-08-26 08:00:00,0.8458,0.84713,0.84515,0.84599,8351107100.0,2022-08-26 08:19:14.236,2022-08-26 11:49:16.156
2022-08-26 12:00:00,0.84597,0.85027,0.84552,0.84897,18428035500.0,2022-08-26 14:41:23.329,2022-08-26 12:07:55.103
2022-08-26 16:00:00,0.84898,0.84978,0.84756,0.84915,8496135500.0,2022-08-26 16:34:33.965,2022-08-26 17:28:58.954
2022-08-26 20:00:00,0.84914,0.84936,0.8488,0.84893,1193399000.0,2022-08-26 20:14:04.986,2022-08-26 20:37:47.819
2022-08-28 20:00:00,0.849,0.85045,0.84829,0.85004,3931038000.0,2022-08-28 23:43:38.642,2022-08-28 21:07:04.865
2022-08-29 00:00:00,0.85002,0.85108,0.84965,0.85052,3922163000.0,2022-08-29 01:37:33.932,2022-08-29 00:17:07.884
2022-08-29 04:00:00,0.85053,0.85197,0.85049,0.85176,3893805000.0,2022-08-29 07:06:20.772,2022-08-29 04:00:09.837
2022-08-29 08:00:00,0.85173,0.85463,0.85084,0.85451,6010463500.0,2022-08-29 11:54:45.477,2022-08-29 08:37:00.271
2022-08-29 12:00:00,0.8545,0.85496,0.8531,0.85339,9082661500.0,2022-08-29 12:29:30.535,2022-08-29 15:10:11.543
2022-08-29 16:00:00,0.8534,0.85452,0.85325,0.85398,4762207000.0,2022-08-29 17:01:17.150,2022-08-29 16:00:22.471
2022-08-29 20:00:00,0.854,0.85434,0.85358,0.85403,3577751000.0,2022-08-29 20:52:11.410,2022-08-29 21:04:01.120
2022-08-30 00:00:00,0.85402,0.85477,0.85357,0.85445,2540906000.0,2022-08-30 03:43:42.081,2022-08-30 01:18:27.032
2022-08-30 04:00:00,0.85443,0.85506,0.85217,0.85457,5620432200.0,2022-08-30 07:55:35.114,2022-08-30 07:12:00.132
2022-08-30 08:00:00,0.85458,0.85663,0.85337,0.85561,8407265200.0,2022-08-30 10:32:54.392,2022-08-30 08:54:13.916
2022-08-30 12:00:00,0.8556,0.86019,0.8555,0.85986,10370807300.0,2022-08-30 15:48:38.655,2022-08-30 12:00:14.608
2022-08-30 16:00:00,0.85987,0.86037,0.85926,0.85949,2904905000.0,2022-08-30 16:59:53.262,2022-08-30 18:08:22.021
2022-08-30 20:00:00,0.85951,0.85985,0.85869,0.85975,6256064000.0,2022-08-30 23:50:11.457,2022-08-30 21:04:10.801
2022-08-31 00:00:00,0.85976,0.8598,0.85903,0.85907,1139867000.0,2022-08-31 00:02:28.739,2022-08-31 01:52:43.208
2022-08-31 04:00:00,0.85908,0.8593,0.85738,0.85914,3794973100.0,2022-08-31 05:00:39.865,2022-08-31 06:59:45.492
2022-08-31 08:00:00,0.85912,0.86066,0.85711,0.86048,6834569200.0,2022-08-31 11:59:40.688,2022-08-31 08:59:34.358
2022-08-31 12:00:00,0.86047,0.86528,0.85982,0.86433,11440078197.0,2022-08-31 15:40:06.315,2022-08-31 12:52:20.195
2022-08-31 16:00:00,0.86432,0.86533,0.86385,0.86514,2746629000.0,2022-08-31 19:50:48.113,2022-08-31 16:16:30.546
2022-08-31 20:00:00,0.86515,0.8661,0.86389,0.86557,6021579000.0,2022-08-31 23:20:54.839,2022-08-31 21:13:27.155
2022-09-01 00:00:00,0.86554,0.86632,0.86489,0.86504,2226650000.0,2022-09-01 01:32:31.039,2022-09-01 02:58:45.763
2022-09-01 04:00:00,0.86503,0.86542,0.86285,0.86428,2259039000.0,2022-09-01 04:25:58.496,2022-09-01 07:33:02.028
2022-09-01 08:00:00,0.86426,0.86702,0.86417,0.86485,5089467510.0,2022-09-01 11:15:00.076,2022-09-01 08:00:01.657
2022-09-01 12:00:00,0.86482,0.86499,0.86127,0.8622,8148671500.0,2022-09-01 12:06:01.716,2022-09-01 15:27:39.216
2022-09-01 16:00:00,0.86219,0.86284,0.86145,0.86163,2779981000.0,2022-09-01 16:21:23.709,2022-09-01 17:00:31.901
2022-09-01 20:00:00,0.86162,0.862,0.86094,0.8618,5525635000.0,2022-09-01 20:04:43.790,2022-09-01 21:04:01.112
2022-09-02 00:00:00,0.86184,0.86281,0.8614,0.86253,1435369000.0,2022-09-02 02:47:29.669,2022-09-02 00:13:25.944
2022-09-02 04:00:00,0.86252,0.86427,0.86246,0.86421,2555979000.0,2022-09-02 07:44:08.111,2022-09-02 04:30:22.689
2022-09-02 08:00:00,0.8642,0.86514,0.86279,0.8643,3945633000.0,2022-09-02 10:10:20.807,2022-09-02 09:07:55.449
2022-09-02 12:00:00,0.86428,0.86768,0.8639,0.86612,8946609000.0,2022-09-02 13:01:46.989,2022-09-02 14:32:13.314
2022-09-02 16:00:00,0.86611,0.86653,0.86434,0.86479,6726619000.0,2022-09-02 16:18:02.408,2022-09-02 16:34:00.001
2022-09-02 20:00:00,0.86477,0.86528,0.86444,0.86452,673300000.0,2022-09-02 20:51:25.679,2022-09-02 20:07:30.802
2022-09-04 20:00:00,0.86418,0.86467,0.86269,0.86358,2059876600.0,2022-09-04 21:38:39.174,2022-09-04 21:58:16.830
2022-09-05 00:00:00,0.86357,0.86419,0.86337,0.86404,4092443000.0,2022-09-05 03:10:00.808,2022-09-05 02:21:42.760
2022-09-05 04:00:00,0.86405,0.86546,0.86239,0.86349,4435467000.0,2022-09-05 07:33:47.075,2022-09-05 06:51:33.351
2022-09-05 08:00:00,0.86348,0.86428,0.86154,0.86185,5787755000.0,2022-09-05 08:21:31.169,2022-09-05 09:25:10.136
2022-09-05 12:00:00,0.86184,0.86392,0.86159,0.86208,8022397600.0,2022-09-05 12:39:55.428,2022-09-05 12:00:58.689
2022-09-05 16:00:00,0.86207,0.8625,0.86184,0.86226,1348723000.0,2022-09-05 16:39:04.517,2022-09-05 16:28:50.808
2022-09-05 20:00:00,0.86224,0.86232,0.85977,0.86037,2509425000.0,2022-09-05 20:07:38.687,2022-09-05 22:24:32.520
2022-09-06 00:00:00,0.86036,0.86071,0.85925,0.8598,3071713000.0,2022-09-06 00:06:08.093,2022-09-06 02:42:50.556
2022-09-06 04:00:00,0.85982,0.8612,0.85928,0.86113,5667055800.0,2022-09-06 07:59:48.710,2022-09-06 06:55:17.020
2022-09-06 08:00:00,0.86112,0.86208,0.85663,0.85742,9037377300.0,2022-09-06 08:20:43.126,2022-09-06 10:18:02.056
2022-09-06 12:00:00,0.85743,0.85982,0.85703,0.85833,12279175000.0,2022-09-06 15:05:20.865,2022-09-06 12:57:42.781
2022-09-06 16:00:00,0.85834,0.85999,0.85833,0.85994,6746158000.0,2022-09-06 19:59:18.029,2022-09-06 16:00:00.771
2022-09-06 20:00:00,0.85993,0.85997,0.85913,0.85984,1364359000.0,2022-09-06 20:41:48.694,2022-09-06 21:14:02.395
2022-09-07 00:00:00,0.85983,0.86248,0.85975,0.86228,3471296100.0,2022-09-07 03:41:14.114,2022-09-07 00:00:35.035
2022-09-07 04:00:00,0.8623,0.86258,0.86098,0.86185,3317461000.0,2022-09-07 04:18:25.797,2022-09-07 07:26:59.751
2022-09-07 08:00:00,0.86184,0.86629,0.86132,0.86468,8051610500.0,2022-09-07 11:07:40.916,2022-09-07 09:13:03.514
2022-09-07 12:00:00,0.86467,0.86888,0.86441,0.86661,14474477500.0,2022-09-07 14:25:42.102,2022-09-07 12:02:23.221
2022-09-07 16:00:00,0.8666,0.86862,0.86627,0.86796,6121156300.0,2022-09-07 18:43:40.530,2022-09-07 16:34:48.905
2022-09-07 20:00:00,0.86797,0.86823,0.86685,0.8677,3720023200.0,2022-09-07 20:04:04.000,2022-09-07 23:02:58.614
2022-09-08 00:00:00,0.86771,0.86847,0.86736,0.86834,3081649000.0,2022-09-08 03:51:52.758,2022-09-08 01:05:40.757
2022-09-08 04:00:00,0.86835,0.86948,0.86812,0.86893,4024680000.0,2022-09-08 06:37:49.623,2022-09-08 04:05:14.808
2022-09-08 08:00:00,0.86895,0.87118,0.86642,0.86718,7494439500.0,2022-09-08 09:36:17.815,2022-09-08 11:04:27.904
2022-09-08 12:00:00,0.86717,0.86996,0.86536,0.86681,21303493100.0,2022-09-08 12:56:32.232,2022-09-08 12:14:37.135
2022-09-08 16:00:00,0.86678,0.86951,0.86673,0.86931,8760878000.0,2022-09-08 19:53:38.234,2022-09-08 16:00:20.822
2022-09-08 20:00:00,0.86927,0.86953,0.86779,0.86887,4389805000.0,2022-09-08 20:34:05.715,2022-09-08 21:04:01.078
2022-09-09 00:00:00,0.86886,0.87064,0.86882,0.86916,3049554000.0,2022-09-09 03:30:13.959,2022-09-09 00:00:24.622
2022-09-09 04:00:00,0.86917,0.86974,0.86749,0.86801,8275971000.0,2022-09-09 04:17:40.445,2022-09-09 06:48:43.954
2022-09-09 08:00:00,0.86805,0.86968,0.86693,0.86835,8815983000.0,2022-09-09 11:40:53.650,2022-09-09 11:07:53.127
2022-09-09 12:00:00,0.86836,0.86927,0.86597,0.86603,10517834800.0,2022-09-09 12:30:02.711,2022-09-09 15:59:15.056
2022-09-09 16:00:00,0.86607,0.86742,0.86595,0.86663,5009801000.0,2022-09-09 17:44:33.885,2022-09-09 16:47:30.795
2022-09-09 20:00:00,0.86664,0.86713,0.86635,0.86693,704920000.0,2022-09-09 20:51:25.573,2022-09-09 20:12:44.420
2022-09-11 20:00:00,0.8679,0.8685,0.86624,0.86664,2750798000.0,2022-09-11 21:13:33.889,2022-09-11 22:23:41.645
2022-09-12 00:00:00,0.86663,0.86865,0.86662,0.86823,2134455000.0,2022-09-12 02:55:40.193,2022-09-12 00:00:01.812
2022-09-12 04:00:00,0.86824,0.87222,0.86763,0.87071,5265698000.0,2022-09-12 07:34:50.722,2022-09-12 06:00:00.145
2022-09-12 08:00:00,0.87073,0.87185,0.86715,0.86769,7220126400.0,2022-09-12 08:53:09.549,2022-09-12 11:45:38.889
2022-09-12 12:00:00,0.8677,0.86873,0.86493,0.86566,8895120000.0,2022-09-12 12:05:08.213,2022-09-12 14:54:26.229
2022-09-12 16:00:00,0.86565,0.86645,0.8656,0.86628,7533346000.0,2022-09-12 19:07:01.002,2022-09-12 18:30:58.045
2022-09-12 20:00:00,0.86629,0.86684,0.86548,0.86654,4181980000.0,2022-09-12 23:46:02.196,2022-09-12 21:06:30.194
2022-09-13 00:00:00,0.86653,0.8671,0.86641,0.86667,1911760000.0,2022-09-13 00:19:58.544,2022-09-13 03:14:31.652
2022-09-13 04:00:00,0.86666,0.86773,0.86526,0.86536,2633846000.0,2022-09-13 05:59:56.882,2022-09-13 07:35:40.019
2022-09-13 08:00:00,0.86537,0.86849,0.86476,0.86742,3586044000.0,2022-09-13 10:17:19.856,2022-09-13 08:01:58.539
2022-09-13 12:00:00,0.86744,0.86939,0.86577,0.8674,18642845000.0,2022-09-13 12:56:53.218,2022-09-13 12:30:11.718
2022-09-13 16:00:00,0.86742,0.86792,0.86667,0.86723,9571436000.0,2022-09-13 16:24:12.464,2022-09-13 17:44:27.535
2022-09-13 20:00:00,0.86722,0.86783,0.86624,0.86744,5189595000.0,2022-09-13 23:19:29.616,2022-09-13 21:04:01.083
2022-09-14 00:00:00,0.86743,0.86813,0.86699,0.86808,2913853000.0,2022-09-14 03:51:13.853,2022-09-14 00:02:06.690
2022-09-14 04:00:00,0.86809,0.86839,0.86652,0.86656,5397125300.0,2022-09-14 06:44:12.337,2022-09-14 07:54:12.220
2022-09-14 08:00:00,0.86655,0.86698,0.86494,0.8655,6214058000.0,2022-09-14 10:34:04.940,2022-09-14 11:39:56.947
2022-09-14 12:00:00,0.86549,0.86549,0.86256,0.86426,15686437000.0,2022-09-14 12:00:00.069,2022-09-14 14:55:55.357
2022-09-14 16:00:00,0.86424,0.86494,0.86376,0.86472,11437941000.0,2022-09-14 19:31:26.011,2022-09-14 16:01:55.301
2022-09-14 20:00:00,0.86474,0.86502,0.86301,0.86468,8378984000.0,2022-09-14 22:16:37.546,2022-09-14 21:14:12.722
2022-09-15 00:00:00,0.8647,0.8653,0.86426,0.86495,1880898000.0,2022-09-15 01:08:10.096,2022-09-15 02:15:48.135
2022-09-15 04:00:00,0.86496,0.86571,0.86423,0.86506,3179357000.0,2022-09-15 06:12:28.722,2022-09-15 07:03:11.419
2022-09-15 08:00:00,0.86507,0.86899,0.86502,0.86868,6120381200.0,2022-09-15 11:56:07.216,2022-09-15 08:00:01.147
2022-09-15 12:00:00,0.86867,0.87098,0.86838,0.87097,12621620700.0,2022-09-15 15:59:26.725,2022-09-15 13:56:43.115
2022-09-15 16:00:00,0.87098,0.87204,0.87054,0.87143,4072107500.0,2022-09-15 16:17:58.303,2022-09-15 17:52:50.432
2022-09-15 20:00:00,0.87144,0.87236,0.87128,0.87216,1897683000.0,2022-09-15 23:30:31.260,2022-09-15 21:09:19.987
2022-09-16 00:00:00,0.87217,0.87283,0.87172,0.87218,1627230000.0,2022-09-16 01:50:55.055,2022-09-16 00:37:33.334
2022-09-16 04:00:00,0.87217,0.87655,0.87155,0.87541,5453640000.0,2022-09-16 07:46:57.720,2022-09-16 05:59:50.651
2022-09-16 08:00:00,0.87543,0.87719,0.87406,0.87464,5907221000.0,2022-09-16 09:31:45.315,2022-09-16 11:46:58.813
2022-09-16 12:00:00,0.87463,0.87781,0.87381,0.87695,16349647800.0,2022-09-16 15:18:45.678,2022-09-16 12:12:46.240
2022-09-16 16:00:00,0.87694,0.87842,0.87633,0.87645,7082483170.0,2022-09-16 16:34:58.905,2022-09-16 19:55:00.808
2022-09-16 20:00:00,0.87644,0.87708,0.87621,0.87641,367440000.0,2022-09-16 20:50:00.043,2022-09-16 20:52:50.174
2022-09-18 20:00:00,0.87572,0.87697,0.87572,0.87648,2966000000.0,2022-09-18 22:24:39.828,2022-09-18 21:05:00.086
2022-09-19 00:00:00,0.87649,0.87716,0.87591,0.87689,1860910000.0,2022-09-19 02:26:44.205,2022-09-19 01:30:34.689
2022-09-19 04:00:00,0.87691,0.87698,0.8747,0.87698,3212438000.0,2022-09-19 07:59:59.015,2022-09-19 07:00:35.103
2022-09-19 08:00:00,0.87697,0.87875,0.87583,0.87776,5731633200.0,2022-09-19 10:52:11.375,2022-09-19 08:40:22.568
2022-09-19 12:00:00,0.87773,0.87835,0.87638,0.87724,5423114000.0,2022-09-19 12:38:57.736,2022-09-19 14:42:06.924
2022-09-19 16:00:00,0.87723,0.87727,0.87633,0.87645,4461598000.0,2022-09-19 16:06:46.928,2022-09-19 19:45:28.968
2022-09-19 20:00:00,0.87644,0.87704,0.87578,0.87635,3417587700.0,2022-09-19 22:16:05.477,2022-09-19 21:06:39.478
2022-09-20 00:00:00,0.87638,0.87828,0.87601,0.87718,2027566000.0,2022-09-20 02:11:53.874,2022-09-20 00:02:08.389
2022-09-20 04:00:00,0.87719,0.87755,0.8755,0.87579,4881889000.0,2022-09-20 06:06:58.050,2022-09-20 07:17:26.051
2022-09-20 08:00:00,0.8758,0.87681,0.8735,0.87384,4372999700.0,2022-09-20 09:54:19.448,2022-09-20 11:37:56.531
2022-09-20 12:00:00,0.87382,0.87658,0.87242,0.87639,10103325400.0,2022-09-20 15:58:22.149,2022-09-20 12:49:21.840
2022-09-20 16:00:00,0.87638,0.87731,0.87571,0.87616,6386784500.0,2022-09-20 17:25:27.568,2022-09-20 19:37:46.892
2022-09-20 20:00:00,0.87613,0.87678,0.87542,0.87614,11639946000.0,2022-09-20 22:17:24.393,2022-09-20 21:05:19.417
2022-09-21 00:00:00,0.87613,0.87642,0.87544,0.87594,2047055000.0,2022-09-21 01:33:55.851,2022-09-21 00:40:52.287
2022-09-21 04:00:00,0.87595,0.8762,0.87202,0.87423,8646975500.0,2022-09-21 04:34:04.454,2022-09-21 07:19:39.240
2022-09-21 08:00:00,0.87424,0.87579,0.87287,0.87324,7923170000.0,2022-09-21 09:50:43.429,2022-09-21 08:42:42.272
2022-09-21 12:00:00,0.87323,0.87452,0.87113,0.87194,9576750500.0,2022-09-21 12:55:30.105,2022-09-21 15:19:06.510
2022-09-21 16:00:00,0.87193,0.87444,0.87114,0.87306,22743950000.0,2022-09-21 18:01:06.967,2022-09-21 18:00:27.239
2022-09-21 20:00:00,0.873,0.87405,0.87212,0.87332,5140176000.0,2022-09-21 23:31:18.039,2022-09-21 21:18:20.350
2022-09-22 00:00:00,0.87331,0.87445,0.87327,0.87423,4902440000.0,2022-09-22 01:35:19.943,2022-09-22 00:02:03.290
2022-09-22 04:00:00,0.87422,0.87601,0.87222,0.8734,7498956500.0,2022-09-22 07:03:18.297,2022-09-22 07:53:02.464
2022-09-22 08:00:00,0.87339,0.87531,0.86903,0.87202,43326462500.0,2022-09-22 11:00:37.532,2022-09-22 10:59:31.027
2022-09-22 12:00:00,0.872,0.87527,0.87085,0.87321,18025061100.0,2022-09-22 13:56:28.903,2022-09-22 14:52:48.549
2022-09-22 16:00:00,0.87322,0.87438,0.87307,0.87402,7557001000.0,2022-09-22 16:22:18.705,2022-09-22 16:00:27.550
2022-09-22 20:00:00,0.87401,0.87418,0.8726,0.87353,10110900000.0,2022-09-22 20:29:21.109,2022-09-22 21:06:05.462
2022-09-23 00:00:00,0.87352,0.87501,0.87319,0.87462,2147689500.0,2022-09-23 03:09:42.001,2022-09-23 00:44:46.011
2022-09-23 04:00:00,0.87461,0.87563,0.87288,0.87405,5782629100.0,2022-09-23 07:23:02.570,2022-09-23 07:01:35.017
2022-09-23 08:00:00,0.87407,0.88495,0.87109,0.88196,11338914000.0,2022-09-23 10:59:18.239,2022-09-23 09:31:13.523
2022-09-23 12:00:00,0.88197,0.89102,0.88032,0.88985,12788686200.0,2022-09-23 14:52:49.044,2022-09-23 12:50:04.955
2022-09-23 16:00:00,0.88984,0.89353,0.88956,0.89177,9796087100.0,2022-09-23 16:35:50.810,2022-09-23 16:00:34.935
2022-09-23 20:00:00,0.89179,0.89327,0.89172,0.89313,674282000.0,2022-09-23 20:54:26.516,2022-09-23 20:03:11.931
2022-09-25 20:00:00,0.89513,0.89813,0.8928,0.89734,6229452000.0,2022-09-25 23:44:15.912,2022-09-25 21:15:22.633
2022-09-26 00:00:00,0.89733,0.92802,0.89607,0.91765,13552177500.0,2022-09-26 01:01:14.713,2022-09-26 00:23:16.084
2022-09-26 04:00:00,0.91766,0.91953,0.90143,0.90647,16601817800.0,2022-09-26 04:02:20.883,2022-09-26 07:33:54.689
2022-09-26 08:00:00,0.90645,0.90651,0.8906,0.89421,19679154300.0,2022-09-26 08:00:00.213,2022-09-26 11:34:55.721
2022-09-26 12:00:00,0.89417,0.90358,0.8852,0.89906,22536816200.0,2022-09-26 15:45:24.194,2022-09-26 12:48:42.412
2022-09-26 16:00:00,0.89907,0.90371,0.89766,0.89821,16862599000.0,2022-09-26 16:25:19.016,2022-09-26 19:57:21.069
2022-09-26 20:00:00,0.89827,0.90034,0.89274,0.89345,8137446000.0,2022-09-26 22:32:56.970,2022-09-26 23:57:53.143
2022-09-27 00:00:00,0.89343,0.89619,0.89319,0.89461,4759418000.0,2022-09-27 02:05:56.331,2022-09-27 00:51:52.220
2022-09-27 04:00:00,0.8946,0.89556,0.89137,0.89285,8556128000.0,2022-09-27 06:59:12.062,2022-09-27 07:31:06.364
2022-09-27 08:00:00,0.89288,0.8935,0.88964,0.89331,12281307000.0,2022-09-27 11:57:46.653,2022-09-27 08:48:28.710
2022-09-27 12:00:00,0.8933,0.89566,0.89148,0.89429,17130262000.0,2022-09-27 13:37:04.325,2022-09-27 15:11:52.581
2022-09-27 16:00:00,0.89431,0.89851,0.89397,0.89511,8024304500.0,2022-09-27 17:05:37.981,2022-09-27 18:58:01.188
2022-09-27 20:00:00,0.89509,0.89531,0.89265,0.89457,3637131000.0,2022-09-27 23:24:02.206,2022-09-27 21:04:15.108
2022-09-28 00:00:00,0.89458,0.89817,0.8938,0.89681,8822742000.0,2022-09-28 03:01:08.730,2022-09-28 00:12:29.600
2022-09-28 04:00:00,0.89679,0.89779,0.89364,0.89491,10235364000.0,2022-09-28 04:54:43.534,2022-09-28 06:09:25.981
2022-09-28 08:00:00,0.89493,0.90664,0.88521,0.90422,20427107500.0,2022-09-28 11:25:57.754,2022-09-28 10:02:54.162
2022-09-28 12:00:00,0.90423,0.90506,0.89219,0.89374,23722219000.0,2022-09-28 12:01:52.770,2022-09-28 15:53:39.666
2022-09-28 16:00:00,0.89373,0.897,0.89182,0.89423,14493758000.0,2022-09-28 16:28:45.058,2022-09-28 16:02:49.039
2022-09-28 20:00:00,0.89421,0.89653,0.89338,0.89606,5862781000.0,2022-09-28 23:39:59.110,2022-09-28 21:04:01.082
2022-09-29 00:00:00,0.89607,0.89793,0.89556,0.89758,4673788500.0,2022-09-29 03:34:44.345,2022-09-29 01:28:54.658
2022-09-29 04:00:00,0.89757,0.89788,0.89312,0.89547,8634598000.0,2022-09-29 05:39:52.643,2022-09-29 07:00:01.580
2022-09-29 08:00:00,0.8955,0.89736,0.89028,0.89453,13596450500.0,2022-09-29 10:59:05.734,2022-09-29 09:44:11.843
2022-09-29 12:00:00,0.89455,0.89585,0.88368,0.88477,18379010000.0,2022-09-29 12:11:17.767,2022-09-29 15:11:57.757
2022-09-29 16:00:00,0.88474,0.88628,0.88186,0.88471,11121820500.0,2022-09-29 18:52:15.456,2022-09-29 16:15:33.614
2022-09-29 20:00:00,0.88469,0.88534,0.87811,0.87982,9331195000.0,2022-09-29 20:06:04.898,2022-09-29 23:42:18.754
2022-09-30 00:00:00,0.87985,0.88501,0.87865,0.88426,8825778000.0,2022-09-30 02:27:56.204,2022-09-30 02:04:30.741
2022-09-30 04:00:00,0.88429,0.88429,0.87896,0.87954,9604175500.0,2022-09-30 04:00:00.156,2022-09-30 07:17:16.437
2022-09-30 08:00:00,0.87951,0.88397,0.87521,0.88266,12395983500.0,2022-09-30 11:38:36.863,2022-09-30 08:38:25.139
2022-09-30 12:00:00,0.88264,0.88418,0.8757,0.87872,19863547000.0,2022-09-30 12:07:38.459,2022-09-30 14:51:13.333
2022-09-30 16:00:00,0.87873,0.88043,0.87749,0.87766,10067276500.0,2022-09-30 16:28:45.288,2022-09-30 19:47:15.386
2022-09-30 20:00:00,0.87763,0.87965,0.87755,0.87822,1414513000.0,2022-09-30 20:31:18.247,2022-09-30 20:00:02.079
2022-10-02 20:00:00,0.87623,0.88013,0.87525,0.87944,5129399000.0,2022-10-02 23:03:46.461,2022-10-02 21:58:02.683
2022-10-03 00:00:00,0.87941,0.88217,0.8794,0.8819,4378225000.0,2022-10-03 02:31:02.208,2022-10-03 00:00:01.991
2022-10-03 04:00:00,0.88192,0.8831,0.8712,0.87545,11351984000.0,2022-10-03 04:23:11.400,2022-10-03 05:58:17.491
2022-10-03 08:00:00,0.87547,0.87644,0.8703,0.87072,11135583000.0,2022-10-03 08:22:02.945,2022-10-03 11:58:33.225
2022-10-03 12:00:00,0.87075,0.87155,0.86765,0.87026,16681882000.0,2022-10-03 12:20:11.027,2022-10-03 15:11:01.048
2022-10-03 16:00:00,0.87027,0.87048,0.86711,0.86802,8893200000.0,2022-10-03 16:07:48.200,2022-10-03 18:38:23.482
2022-10-03 20:00:00,0.86803,0.86833,0.86701,0.86728,2445791000.0,2022-10-03 22:29:00.368,2022-10-03 23:03:28.049
2022-10-04 00:00:00,0.86729,0.87035,0.86671,0.86959,4515410000.0,2022-10-04 03:30:24.443,2022-10-04 00:54:37.471
2022-10-04 04:00:00,0.86958,0.86976,0.86488,0.86683,8949551000.0,2022-10-04 04:09:01.711,2022-10-04 07:36:43.551
2022-10-04 08:00:00,0.86682,0.87445,0.86657,0.87277,10157639000.0,2022-10-04 11:23:06.760,2022-10-04 08:00:21.289
2022-10-04 12:00:00,0.87278,0.8738,0.87121,0.87171,14897154000.0,2022-10-04 14:05:43.318,2022-10-04 14:40:10.898
2022-10-04 16:00:00,0.8717,0.8721,0.86899,0.8706,8052636000.0,2022-10-04 16:04:27.546,2022-10-04 16:42:24.339
2022-10-04 20:00:00,0.87058,0.87191,0.86911,0.87186,5769081000.0,2022-10-04 23:57:27.204,2022-10-04 21:10:08.441
2022-10-05 00:00:00,0.87188,0.87303,0.87066,0.87201,6583055000.0,2022-10-05 00:54:48.664,2022-10-05 00:10:43.310
2022-10-05 04:00:00,0.872,0.87218,0.86931,0.87145,9360931000.0,2022-10-05 05:49:11.884,2022-10-05 06:45:27.619
2022-10-05 08:00:00,0.87144,0.87494,0.86984,0.87411,11890314000.0,2022-10-05 11:55:22.710,2022-10-05 08:50:58.578
2022-10-05 12:00:00,0.8741,0.87766,0.87307,0.8751,19291307000.0,2022-10-05 15:14:18.537,2022-10-05 12:15:04.773
2022-10-05 16:00:00,0.87508,0.8755,0.87129,0.87277,9024674000.0,2022-10-05 16:02:25.437,2022-10-05 19:25:16.726
2022-10-05 20:00:00,0.87278,0.87433,0.87151,0.87278,12230266000.0,2022-10-05 22:06:30.917,2022-10-05 21:04:34.421
2022-10-06 00:00:00,0.87277,0.87385,0.87181,0.87251,11187000000.0,2022-10-06 01:43:33.994,2022-10-06 00:49:16.466
2022-10-06 04:00:00,0.8725,0.87558,0.87233,0.87486,9363289000.0,2022-10-06 06:28:42.375,2022-10-06 04:29:23.971
2022-10-06 08:00:00,0.87483,0.87887,0.87397,0.87655,12957366000.0,2022-10-06 10:39:41.164,2022-10-06 08:15:45.633
2022-10-06 12:00:00,0.87653,0.88077,0.87475,0.88077,14540275000.0,2022-10-06 15:59:59.013,2022-10-06 13:43:52.873
2022-10-06 16:00:00,0.88081,0.88193,0.87697,0.87812,10751197000.0,2022-10-06 16:00:32.090,2022-10-06 18:00:56.185
2022-10-06 20:00:00,0.87811,0.87817,0.87656,0.87706,7211056000.0,2022-10-06 20:04:46.415,2022-10-06 21:04:01.087
2022-10-07 00:00:00,0.87707,0.87896,0.87655,0.87765,4845706000.0,2022-10-07 00:46:52.735,2022-10-07 02:30:21.187
2022-10-07 04:00:00,0.87766,0.87896,0.87605,0.87737,8432162000.0,2022-10-07 06:26:29.030,2022-10-07 07:46:11.003
2022-10-07 08:00:00,0.87736,0.8777,0.87367,0.8743,10295780000.0,2022-10-07 08:05:58.524,2022-10-07 10:01:30.490
2022-10-07 12:00:00,0.87429,0.88071,0.87361,0.88027,16857514000.0,2022-10-07 15:41:00.381,2022-10-07 12:16:54.202
2022-10-07 16:00:00,0.88026,0.8805,0.87857,0.87891,12279187100.0,2022-10-07 16:03:44.430,2022-10-07 16:20:20.701
2022-10-07 20:00:00,0.87893,0.879,0.87767,0.87834,1596204000.0,2022-10-07 20:00:13.968,2022-10-07 20:52:53.973
2022-10-09 20:00:00,0.87721,0.87962,0.87712,0.87913,3205300000.0,2022-10-09 22:34:48.837,2022-10-09 21:06:01.672
2022-10-10 00:00:00,0.87914,0.87944,0.87764,0.87891,3589918000.0,2022-10-10 00:29:05.997,2022-10-10 01:51:10.675
2022-10-10 04:00:00,0.87892,0.87931,0.87542,0.87664,6256493000.0,2022-10-10 04:40:00.365,2022-10-10 07:32:37.691
2022-10-10 08:00:00,0.87665,0.87837,0.87446,0.87628,9118657000.0,2022-10-10 08:34:11.858,2022-10-10 09:02:13.799
2022-10-10 12:00:00,0.87627,0.88136,0.87617,0.87885,13251911000.0,2022-10-10 14:33:52.713,2022-10-10 12:00:40.267
2022-10-10 16:00:00,0.87884,0.87935,0.8765,0.87749,9861460000.0,2022-10-10 16:40:54.997,2022-10-10 17:55:55.041
2022-10-10 20:00:00,0.87748,0.8779,0.87652,0.87652,5282199000.0,2022-10-10 20:10:26.578,2022-10-10 23:59:59.974
2022-10-11 00:00:00,0.8765,0.87873,0.87609,0.87721,5765719000.0,2022-10-11 02:21:07.481,2022-10-11 01:27:30.267
2022-10-11 04:00:00,0.87722,0.88069,0.87628,0.88017,8316435000.0,2022-10-11 07:03:43.209,2022-10-11 06:00:39.780
2022-10-11 08:00:00,0.88018,0.88052,0.87662,0.87689,10983110000.0,2022-10-11 08:30:53.763,2022-10-11 11:56:00.178
2022-10-11 12:00:00,0.87688,0.87776,0.87253,0.87369,13360508000.0,2022-10-11 14:05:54.612,2022-10-11 15:34:24.457
2022-10-11 16:00:00,0.87368,0.88442,0.87365,0.88378,12593114000.0,2022-10-11 19:32:35.515,2022-10-11 16:00:49.524
2022-10-11 20:00:00,0.88374,0.88601,0.88354,0.88472,5787619000.0,2022-10-11 20:15:34.765,2022-10-11 22:17:00.177
2022-10-12 00:00:00,0.88468,0.88666,0.88385,0.88598,6011700600.0,2022-10-12 02:38:25.801,2022-10-12 00:47:19.935
2022-10-12 04:00:00,0.88597,0.88613,0.87956,0.88461,10017044000.0,2022-10-12 04:03:20.451,2022-10-12 04:04:13.441
2022-10-12 08:00:00,0.88462,0.88485,0.87528,0.87839,15440562000.0,2022-10-12 08:10:30.810,2022-10-12 10:10:08.306
2022-10-12 12:00:00,0.87838,0.87955,0.87347,0.87352,14219791000.0,2022-10-12 13:09:59.066,2022-10-12 15:58:58.396
2022-10-12 16:00:00,0.87354,0.87564,0.87285,0.87444,8544044000.0,2022-10-12 17:37:26.831,2022-10-12 18:15:15.718
2022-10-12 20:00:00,0.87443,0.87509,0.87276,0.87426,9926937000.0,2022-10-12 22:19:28.153,2022-10-12 21:04:01.089
2022-10-13 00:00:00,0.8743,0.87556,0.87397,0.87544,2915660000.0,2022-10-13 03:50:13.135,2022-10-13 01:02:26.000
2022-10-13 04:00:00,0.87543,0.87667,0.87443,0.87527,4825330000.0,2022-10-13 06:36:18.572,2022-10-13 07:45:25.045
2022-10-13 08:00:00,0.87524,0.87622,0.86322,0.86523,11680189000.0,2022-10-13 08:13:42.107,2022-10-13 11:42:07.519
2022-10-13 12:00:00,0.86521,0.86637,0.86136,0.86216,24267978000.0,2022-10-13 14:46:51.982,2022-10-13 13:02:25.495
2022-10-13 16:00:00,0.86214,0.86531,0.86086,0.86371,10506595000.0,2022-10-13 18:21:40.341,2022-10-13 16:04:04.286
2022-10-13 20:00:00,0.86375,0.8645,0.8606,0.86424,4441727000.0,2022-10-13 23:59:29.928,2022-10-13 21:10:21.842
2022-10-14 00:00:00,0.86426,0.86475,0.86279,0.86391,5817980000.0,2022-10-14 00:04:21.838,2022-10-14 01:50:03.938
2022-10-14 04:00:00,0.86392,0.8671,0.86342,0.8639,5567212000.0,2022-10-14 07:38:18.361,2022-10-14 07:54:35.015
2022-10-14 08:00:00,0.86392,0.86955,0.86121,0.86816,10883376000.0,2022-10-14 11:55:21.965,2022-10-14 09:45:29.944
2022-10-14 12:00:00,0.86814,0.8715,0.86596,0.86899,15503468000.0,2022-10-14 14:44:49.531,2022-10-14 15:01:22.508
2022-10-14 16:00:00,0.869,0.87131,0.86817,0.86975,7326154000.0,2022-10-14 18:37:12.127,2022-10-14 16:07:56.174
2022-10-14 20:00:00,0.86977,0.87072,0.86956,0.8698,1760985000.0,2022-10-14 20:45:45.121,2022-10-14 20:52:09.271
2022-10-16 20:00:00,0.86576,0.86745,0.86499,0.86637,2372156000.0,2022-10-16 23:05:54.684,2022-10-16 22:04:24.322
2022-10-17 00:00:00,0.86638,0.86862,0.86624,0.86693,3235965000.0,2022-10-17 00:57:05.498,2022-10-17 00:06:13.065
2022-10-17 04:00:00,0.86695,0.86792,0.86254,0.86577,7028922000.0,2022-10-17 04:30:04.484,2022-10-17 06:15:57.311
2022-10-17 08:00:00,0.86574,0.86647,0.86153,0.86236,7600821000.0,2022-10-17 08:12:16.615,2022-10-17 11:57:40.015
2022-10-17 12:00:00,0.86232,0.86353,0.85786,0.86142,10395663200.0,2022-10-17 13:51:56.611,2022-10-17 14:46:34.790
2022-10-17 16:00:00,0.86143,0.86699,0.86124,0.86653,6892582000.0,2022-10-17 19:15:13.848,2022-10-17 16:08:31.842
2022-10-17 20:00:00,0.86654,0.86716,0.86476,0.86711,4741468000.0,2022-10-17 22:29:47.150,2022-10-17 21:05:36.892
2022-10-18 00:00:00,0.86713,0.86735,0.86517,0.86527,3798108000.0,2022-10-18 02:11:05.967,2022-10-18 03:53:40.623
2022-10-18 04:00:00,0.86526,0.87041,0.86331,0.86813,8494765000.0,2022-10-18 07:20:17.869,2022-10-18 04:02:29.096
2022-10-18 08:00:00,0.86814,0.87315,0.86757,0.86934,12986977994.0,2022-10-18 10:00:50.132,2022-10-18 08:12:31.742
2022-10-18 12:00:00,0.86937,0.8718,0.86855,0.87049,14843224000.0,2022-10-18 13:34:33.717,2022-10-18 14:52:25.232
2022-10-18 16:00:00,0.87051,0.87269,0.86963,0.87029,9617260000.0,2022-10-18 17:04:47.596,2022-10-18 16:17:43.122
2022-10-18 20:00:00,0.8703,0.87106,0.8688,0.86951,4500600100.0,2022-10-18 20:56:28.235,2022-10-18 23:16:48.350
2022-10-19 00:00:00,0.86953,0.86998,0.86816,0.86853,2304340000.0,2022-10-19 00:30:49.143,2022-10-19 03:21:16.878
2022-10-19 04:00:00,0.86854,0.87241,0.86788,0.87241,4970869000.0,2022-10-19 07:59:56.123,2022-10-19 06:00:17.543
2022-10-19 08:00:00,0.8724,0.873,0.86876,0.86982,8842578000.0,2022-10-19 08:10:32.221,2022-10-19 11:01:20.022
2022-10-19 12:00:00,0.86981,0.87108,0.86838,0.87068,12127156400.0,2022-10-19 15:34:11.700,2022-10-19 13:30:42.916
2022-10-19 16:00:00,0.87069,0.87296,0.86975,0.87054,9251030000.0,2022-10-19 16:52:36.703,2022-10-19 16:07:49.761
2022-10-19 20:00:00,0.87057,0.87159,0.87053,0.87136,4347296000.0,2022-10-19 23:19:28.528,2022-10-19 20:01:53.255
2022-10-20 00:00:00,0.87137,0.87191,0.87068,0.87141,1886620000.0,2022-10-20 03:02:42.969,2022-10-20 00:32:08.915
2022-10-20 04:00:00,0.87143,0.87263,0.87045,0.87245,4575265000.0,2022-10-20 06:21:06.082,2022-10-20 04:19:18.421
2022-10-20 08:00:00,0.87247,0.87572,0.87142,0.87202,8283977000.0,2022-10-20 09:13:36.692,2022-10-20 11:56:14.787
2022-10-20 12:00:00,0.87199,0.87261,0.86736,0.87032,16991729000.0,2022-10-20 12:14:46.437,2022-10-20 14:24:12.708
2022-10-20 16:00:00,0.8703,0.87245,0.87017,0.8718,8245608000.0,2022-10-20 19:39:41.144,2022-10-20 16:00:35.213
2022-10-20 20:00:00,0.87175,0.87176,0.87018,0.87137,3767158000.0,2022-10-20 20:00:00.252,2022-10-20 21:06:06.747
2022-10-21 00:00:00,0.87139,0.87249,0.8713,0.87218,2292127000.0,2022-10-21 03:54:48.183,2022-10-21 01:15:25.083
2022-10-21 04:00:00,0.87217,0.87562,0.87193,0.8756,6772363000.0,2022-10-21 07:59:59.419,2022-10-21 04:08:03.989
2022-10-21 08:00:00,0.87558,0.87754,0.87499,0.87718,10135409000.0,2022-10-21 11:49:39.202,2022-10-21 09:11:40.494
2022-10-21 12:00:00,0.87716,0.87806,0.87238,0.87285,19073974000.0,2022-10-21 12:42:51.971,2022-10-21 15:57:38.567
2022-10-21 16:00:00,0.87286,0.87593,0.87206,0.87253,10471517000.0,2022-10-21 16:20:39.779,2022-10-21 19:53:20.200
2022-10-21 20:00:00,0.87248,0.87317,0.87171,0.8731,1801900000.0,2022-10-21 20:54:33.958,2022-10-21 20:28:23.587
2022-10-23 20:00:00,0.86638,0.87066,0.86638,0.8697,19152187000.0,2022-10-23 22:14:45.330,2022-10-23 21:05:00.092
2022-10-24 00:00:00,0.86962,0.86996,0.86786,0.86986,7605641000.0,2022-10-24 03:01:59.175,2022-10-24 01:42:00.442
2022-10-24 04:00:00,0.86983,0.86983,0.86621,0.8683,8548642000.0,2022-10-24 04:00:00.106,2022-10-24 06:11:53.070
2022-10-24 08:00:00,0.86831,0.87108,0.86638,0.86969,9658414000.0,2022-10-24 11:21:07.326,2022-10-24 10:23:54.718
2022-10-24 12:00:00,0.86967,0.87517,0.86901,0.87437,15598543000.0,2022-10-24 15:49:06.655,2022-10-24 13:00:02.645
2022-10-24 16:00:00,0.87435,0.87642,0.87388,0.87539,7321891000.0,2022-10-24 16:37:32.064,2022-10-24 16:01:19.546
2022-10-24 20:00:00,0.8754,0.87565,0.87362,0.87422,3632418000.0,2022-10-24 20:03:24.705,2022-10-24 23:18:07.506
2022-10-25 00:00:00,0.87421,0.87507,0.87351,0.87459,4264360000.0,2022-10-25 03:16:14.706,2022-10-25 00:51:32.087
2022-10-25 04:00:00,0.8746,0.87573,0.87242,0.8727,4990165000.0,2022-10-25 06:06:23.418,2022-10-25 07:44:55.090
2022-10-25 08:00:00,0.87269,0.87324,0.86933,0.8721,7242959000.0,2022-10-25 08:00:34.522,2022-10-25 10:47:28.680
2022-10-25 12:00:00,0.87212,0.87222,0.8665,0.86835,16161393000.0,2022-10-25 12:00:25.500,2022-10-25 14:39:58.963
2022-10-25 16:00:00,0.86836,0.86921,0.86746,0.86882,9218223000.0,2022-10-25 19:50:03.383,2022-10-25 16:56:18.526
2022-10-25 20:00:00,0.86883,0.86967,0.86816,0.86935,6246238000.0,2022-10-25 23:13:23.523,2022-10-25 21:27:24.678
2022-10-26 00:00:00,0.86932,0.87001,0.86853,0.86893,3415683000.0,2022-10-26 01:08:59.078,2022-10-26 03:29:26.978
2022-10-26 04:00:00,0.86892,0.86996,0.86563,0.86721,6914880000.0,2022-10-26 07:01:48.518,2022-10-26 07:44:51.724
2022-10-26 08:00:00,0.86719,0.86726,0.86459,0.86664,11344502000.0,2022-10-26 08:00:01.932,2022-10-26 09:02:23.351
2022-10-26 12:00:00,0.86665,0.86827,0.86505,0.86686,15167491000.0,2022-10-26 15:48:01.912,2022-10-26 12:44:42.762
2022-10-26 16:00:00,0.86689,0.86827,0.86607,0.86704,18683691000.0,2022-10-26 17:48:26.601,2022-10-26 16:18:32.888
2022-10-26 20:00:00,0.86705,0.86783,0.86631,0.86716,18172523000.0,2022-10-26 23:11:13.128,2022-10-26 21:31:34.058
2022-10-27 00:00:00,0.86717,0.8674,0.86626,0.86721,13260217000.0,2022-10-27 00:00:30.390,2022-10-27 01:07:11.724
2022-10-27 04:00:00,0.86722,0.86841,0.86634,0.86832,8028301000.0,2022-10-27 07:59:24.986,2022-10-27 05:02:49.003
2022-10-27 08:00:00,0.86831,0.86884,0.86702,0.86761,8450972000.0,2022-10-27 09:28:29.272,2022-10-27 11:20:34.092
2022-10-27 12:00:00,0.8676,0.86783,0.86179,0.86272,17383986200.0,2022-10-27 12:00:49.354,2022-10-27 15:37:59.266
2022-10-27 16:00:00,0.86268,0.86274,0.86087,0.86139,8053094000.0,2022-10-27 16:00:09.597,2022-10-27 18:39:07.731
2022-10-27 20:00:00,0.8614,0.86194,0.86022,0.86184,4892131000.0,2022-10-27 20:10:39.109,2022-10-27 21:06:04.888
2022-10-28 00:00:00,0.86178,0.86331,0.86167,0.86281,6519502000.0,2022-10-28 03:52:10.379,2022-10-28 00:04:01.537
2022-10-28 04:00:00,0.8628,0.86517,0.86228,0.86357,8909098000.0,2022-10-28 07:02:47.622,2022-10-28 04:29:32.885
2022-10-28 08:00:00,0.86362,0.86499,0.86125,0.86161,6291747000.0,2022-10-28 09:16:22.175,2022-10-28 10:47:31.717
2022-10-28 12:00:00,0.86162,0.86437,0.85746,0.8584,13631775600.0,2022-10-28 13:02:09.118,2022-10-28 15:23:00.651
2022-10-28 16:00:00,0.85841,0.85934,0.85718,0.8578,4598954000.0,2022-10-28 16:07:41.025,2022-10-28 19:24:36.636
2022-10-28 20:00:00,0.85781,0.85832,0.85752,0.85802,500400000.0,2022-10-28 20:29:45.767,2022-10-28 20:34:50.271
2022-10-30 20:00:00,0.85849,0.85878,0.85716,0.85851,6652150000.0,2022-10-30 23:39:11.391,2022-10-30 21:49:34.289
2022-10-31 00:00:00,0.8585,0.85926,0.85738,0.85856,3478751000.0,2022-10-31 00:26:25.697,2022-10-31 00:54:57.949
2022-10-31 04:00:00,0.85854,0.85891,0.85724,0.85765,5484859000.0,2022-10-31 05:00:45.455,2022-10-31 06:45:33.005
2022-10-31 08:00:00,0.85764,0.86181,0.85758,0.861,5893187000.0,2022-10-31 11:53:55.585,2022-10-31 08:00:03.005
2022-10-31 12:00:00,0.86105,0.86185,0.8574,0.85836,13140769000.0,2022-10-31 13:30:00.937,2022-10-31 15:55:24.335
2022-10-31 16:00:00,0.85837,0.86258,0.85826,0.86176,12182174000.0,2022-10-31 18:03:37.777,2022-10-31 16:00:29.275
2022-10-31 20:00:00,0.86174,0.86223,0.86019,0.86203,3306181000.0,2022-10-31 20:38:10.250,2022-10-31 21:15:12.183
2022-11-01 00:00:00,0.86206,0.8622,0.86029,0.86062,1993468000.0,2022-11-01 00:08:51.932,2022-11-01 02:32:23.317
2022-11-01 04:00:00,0.86064,0.86245,0.86021,0.86215,5405726000.0,2022-11-01 07:58:15.052,2022-11-01 06:43:56.893
2022-11-01 08:00:00,0.86213,0.86225,0.86015,0.86017,5973511000.0,2022-11-01 08:00:54.758,2022-11-01 11:59:57.545
2022-11-01 12:00:00,0.86014,0.86214,0.85958,0.86134,9346305000.0,2022-11-01 15:47:47.766,2022-11-01 12:01:18.652
2022-11-01 16:00:00,0.86138,0.86174,0.86015,0.86016,5825089000.0,2022-11-01 16:13:49.501,2022-11-01 19:50:05.340
2022-11-01 20:00:00,0.86017,0.8603,0.85953,0.85975,8489930000.0,2022-11-01 20:00:01.362,2022-11-01 21:11:01.528
2022-11-02 00:00:00,0.85974,0.85985,0.85872,0.85907,2775822000.0,2022-11-02 00:11:04.860,2022-11-02 03:47:56.814
2022-11-02 04:00:00,0.85906,0.86005,0.85849,0.85995,2134827000.0,2022-11-02 07:59:26.664,2022-11-02 05:47:00.446
2022-11-02 08:00:00,0.85994,0.86211,0.8592,0.86051,4957806900.0,2022-11-02 10:08:26.676,2022-11-02 08:25:47.569
2022-11-02 12:00:00,0.86052,0.86178,0.86006,0.86116,8787647800.0,2022-11-02 15:50:37.135,2022-11-02 12:10:16.666
2022-11-02 16:00:00,0.86117,0.86303,0.85997,0.8625,22931746000.0,2022-11-02 18:38:46.417,2022-11-02 18:00:05.503
2022-11-02 20:00:00,0.86251,0.86272,0.86143,0.86208,4720492000.0,2022-11-02 20:24:50.065,2022-11-02 21:17:53.691
2022-11-03 00:00:00,0.86214,0.86245,0.86078,0.86095,7289058000.0,2022-11-03 00:16:50.599,2022-11-03 03:57:22.505
2022-11-03 04:00:00,0.86097,0.86291,0.86084,0.86238,4827038000.0,2022-11-03 07:56:35.635,2022-11-03 04:02:47.213
2022-11-03 08:00:00,0.86237,0.8679,0.86229,0.86536,11397542000.0,2022-11-03 08:58:51.814,2022-11-03 08:00:01.052
2022-11-03 12:00:00,0.86469,0.87331,0.86342,0.87269,13538602100.0,2022-11-03 14:37:37.421,2022-11-03 12:00:00.455
2022-11-03 16:00:00,0.87264,0.87417,0.8715,0.87347,8775089000.0,2022-11-03 19:12:12.065,2022-11-03 17:31:36.356
2022-11-03 20:00:00,0.87351,0.87431,0.87265,0.87275,4779048000.0,2022-11-03 20:21:16.307,2022-11-03 23:54:21.217
2022-11-04 00:00:00,0.87277,0.8729,0.87113,0.87184,2898893000.0,2022-11-04 00:44:32.085,2022-11-04 03:34:09.260
2022-11-04 04:00:00,0.87182,0.87264,0.87071,0.87165,7059392000.0,2022-11-04 05:56:54.664,2022-11-04 04:50:09.323
2022-11-04 08:00:00,0.87166,0.87478,0.86995,0.87381,9033989000.0,2022-11-04 11:25:58.182,2022-11-04 09:25:48.689
2022-11-04 12:00:00,0.87378,0.87843,0.87318,0.87741,16716979000.0,2022-11-04 14:46:00.379,2022-11-04 12:58:35.061
2022-11-04 16:00:00,0.8774,0.87851,0.87483,0.87574,7977806000.0,2022-11-04 16:42:49.778,2022-11-04 19:10:06.252
2022-11-04 20:00:00,0.87575,0.87592,0.87533,0.87563,711010000.0,2022-11-04 20:30:01.013,2022-11-04 20:13:27.294
2022-11-06 20:00:00,0.87508,0.87744,0.87467,0.87616,4669700000.0,2022-11-06 23:33:31.972,2022-11-06 22:06:35.415
2022-11-07 00:00:00,0.87617,0.87748,0.87598,0.87707,2183432000.0,2022-11-07 01:30:06.520,2022-11-07 00:00:39.237
2022-11-07 04:00:00,0.87709,0.87907,0.87697,0.8783,4349393000.0,2022-11-07 07:40:44.000,2022-11-07 05:36:02.470
2022-11-07 08:00:00,0.87831,0.87856,0.87019,0.87209,10493867000.0,2022-11-07 08:00:46.612,2022-11-07 11:41:15.378
2022-11-07 12:00:00,0.87212,0.87281,0.87061,0.87224,7350583000.0,2022-11-07 15:04:38.116,2022-11-07 13:19:53.641
2022-11-07 16:00:00,0.87221,0.87245,0.86904,0.86937,6889142000.0,2022-11-07 16:00:37.723,2022-11-07 18:30:04.296
2022-11-07 20:00:00,0.86939,0.8706,0.86881,0.87007,5617357000.0,2022-11-07 20:53:08.685,2022-11-07 22:05:27.504
2022-11-08 00:00:00,0.87008,0.87041,0.86917,0.86986,3066214100.0,2022-11-08 00:00:49.421,2022-11-08 01:15:29.451
2022-11-08 04:00:00,0.86989,0.87176,0.86976,0.87174,5117520000.0,2022-11-08 07:46:50.601,2022-11-08 04:02:00.589
2022-11-08 08:00:00,0.87172,0.87318,0.87019,0.87202,6714065700.0,2022-11-08 11:07:58.365,2022-11-08 10:02:13.880
2022-11-08 12:00:00,0.87201,0.8744,0.87012,0.87046,9085655000.0,2022-11-08 13:38:03.345,2022-11-08 15:57:15.442
2022-11-08 16:00:00,0.87047,0.87333,0.86989,0.8732,6263225000.0,2022-11-08 19:31:38.203,2022-11-08 16:44:46.110
2022-11-08 20:00:00,0.87318,0.87351,0.87178,0.87262,6265024000.0,2022-11-08 20:46:26.873,2022-11-08 22:25:05.027
2022-11-09 00:00:00,0.87261,0.87336,0.87205,0.87228,3331769000.0,2022-11-09 00:24:14.970,2022-11-09 03:30:59.242
2022-11-09 04:00:00,0.87227,0.87357,0.87187,0.87337,4050383000.0,2022-11-09 07:59:47.182,2022-11-09 07:04:13.605
2022-11-09 08:00:00,0.87336,0.87962,0.87154,0.87711,8969610000.0,2022-11-09 10:09:08.193,2022-11-09 08:43:57.083
2022-11-09 12:00:00,0.87708,0.88218,0.87643,0.88149,13792866000.0,2022-11-09 15:43:57.334,2022-11-09 12:32:00.878
2022-11-09 16:00:00,0.88148,0.88284,0.87992,0.8818,10872451100.0,2022-11-09 18:35:22.548,2022-11-09 16:26:26.881
2022-11-09 20:00:00,0.88178,0.88244,0.88051,0.88129,4967096000.0,2022-11-09 20:56:59.493,2022-11-09 22:04:01.082
2022-11-10 00:00:00,0.8813,0.88136,0.87877,0.87913,5030316000.0,2022-11-10 00:00:06.999,2022-11-10 02:32:21.364
2022-11-10 04:00:00,0.87912,0.88074,0.87816,0.87829,3662867600.0,2022-11-10 07:13:07.359,2022-11-10 07:58:24.057
2022-11-10 08:00:00,0.87827,0.87868,0.87298,0.87427,9087574000.0,2022-11-10 08:00:30.004,2022-11-10 11:20:44.907
2022-11-10 12:00:00,0.87424,0.87436,0.87056,0.87167,20327614000.0,2022-11-10 12:07:07.055,2022-11-10 15:33:43.166
2022-11-10 16:00:00,0.87166,0.87201,0.87032,0.87042,9016597000.0,2022-11-10 16:25:07.448,2022-11-10 18:10:00.323
2022-11-10 20:00:00,0.87043,0.87224,0.87,0.87148,10600396700.0,2022-11-10 23:18:57.437,2022-11-10 20:37:06.521
2022-11-11 00:00:00,0.87149,0.87327,0.87114,0.8724,4711528000.0,2022-11-11 01:30:31.611,2022-11-11 00:06:48.310
2022-11-11 04:00:00,0.87241,0.87318,0.87181,0.87217,6797303000.0,2022-11-11 06:57:53.800,2022-11-11 05:31:44.615
2022-11-11 08:00:00,0.87223,0.87564,0.87215,0.875,10194918000.0,2022-11-11 11:14:37.261,2022-11-11 08:00:04.032
2022-11-11 12:00:00,0.87501,0.87785,0.87425,0.87683,23207302000.0,2022-11-11 15:41:23.359,2022-11-11 13:39:07.256
2022-11-11 16:00:00,0.87682,0.87721,0.87383,0.87416,12370696000.0,2022-11-11 16:40:28.314,2022-11-11 19:50:24.491
2022-11-11 20:00:00,0.87415,0.87507,0.87389,0.87446,1724414000.0,2022-11-11 20:27:24.914,2022-11-11 20:02:22.422
2022-11-13 20:00:00,0.87508,0.87612,0.8736,0.87538,4477689000.0,2022-11-13 22:35:23.264,2022-11-13 22:10:41.713
2022-11-14 00:00:00,0.87546,0.87685,0.87538,0.87683,3907089000.0,2022-11-14 03:59:54.827,2022-11-14 00:28:15.651
2022-11-14 04:00:00,0.87682,0.87775,0.87578,0.87599,6742798000.0,2022-11-14 06:58:47.357,2022-11-14 07:59:33.566
2022-11-14 08:00:00,0.87601,0.87664,0.87269,0.87372,9474488000.0,2022-11-14 08:11:16.851,2022-11-14 11:40:47.118
2022-11-14 12:00:00,0.8737,0.88137,0.87317,0.88057,39722723000.0,2022-11-14 15:35:47.911,2022-11-14 12:44:03.665
2022-11-14 16:00:00,0.88056,0.88224,0.87712,0.87891,11640911000.0,2022-11-14 16:32:32.329,2022-11-14 18:45:43.611
2022-11-14 20:00:00,0.87892,0.87922,0.87768,0.87812,9522559000.0,2022-11-14 20:47:26.313,2022-11-14 23:19:32.685
2022-11-15 00:00:00,0.87811,0.87865,0.87648,0.87711,3828598000.0,2022-11-15 00:49:55.347,2022-11-15 03:40:59.068
2022-11-15 04:00:00,0.87708,0.88003,0.87597,0.87967,5596249000.0,2022-11-15 07:47:59.037,2022-11-15 07:00:59.961
2022-11-15 08:00:00,0.87963,0.88055,0.87681,0.87692,12682805000.0,2022-11-15 08:17:28.431,2022-11-15 11:58:16.088
2022-11-15 12:00:00,0.87694,0.87715,0.87107,0.87159,18844429000.0,2022-11-15 12:15:37.363,2022-11-15 14:02:33.350
2022-11-15 16:00:00,0.87157,0.87397,0.87083,0.87277,40525139000.0,2022-11-15 18:22:22.339,2022-11-15 18:34:39.394
2022-11-15 20:00:00,0.87278,0.87327,0.87127,0.87185,10064639000.0,2022-11-15 20:07:39.046,2022-11-15 23:30:22.660
2022-11-16 00:00:00,0.87186,0.87434,0.8713,0.87386,6584672000.0,2022-11-16 02:34:45.119,2022-11-16 00:05:50.163
2022-11-16 04:00:00,0.87385,0.8767,0.87232,0.87471,4659155000.0,2022-11-16 07:15:02.819,2022-11-16 07:00:09.975
2022-11-16 08:00:00,0.87465,0.87756,0.87365,0.87516,9073210000.0,2022-11-16 09:31:21.858,2022-11-16 10:27:16.097
2022-11-16 12:00:00,0.87515,0.87699,0.87387,0.87487,11416156000.0,2022-11-16 15:09:44.711,2022-11-16 13:20:07.497
2022-11-16 16:00:00,0.87486,0.87582,0.87169,0.87243,9083898000.0,2022-11-16 16:30:01.184,2022-11-16 18:22:01.846
2022-11-16 20:00:00,0.87245,0.87277,0.87153,0.87234,6584950000.0,2022-11-16 20:39:02.945,2022-11-16 22:10:35.914
2022-11-17 00:00:00,0.87233,0.87316,0.87199,0.87312,3749684000.0,2022-11-17 02:18:29.837,2022-11-17 00:08:09.180
2022-11-17 04:00:00,0.87311,0.87315,0.87061,0.87079,2784864000.0,2022-11-17 04:07:56.722,2022-11-17 07:57:55.924
2022-11-17 08:00:00,0.87078,0.87523,0.86952,0.87296,11723309000.0,2022-11-17 11:40:29.204,2022-11-17 08:28:09.567
2022-11-17 12:00:00,0.87297,0.8772,0.87193,0.87696,14794031000.0,2022-11-17 15:57:54.415,2022-11-17 12:02:14.266
2022-11-17 16:00:00,0.87693,0.87725,0.87374,0.87443,7083450000.0,2022-11-17 16:02:27.173,2022-11-17 18:36:17.519
2022-11-17 20:00:00,0.87442,0.87466,0.87309,0.87368,4525041000.0,2022-11-17 20:02:14.308,2022-11-17 22:04:01.094
2022-11-18 00:00:00,0.87367,0.87367,0.87075,0.87106,4446481000.0,2022-11-18 00:00:00.083,2022-11-18 02:55:58.675
2022-11-18 04:00:00,0.87108,0.87242,0.87048,0.87058,5882146000.0,2022-11-18 07:36:37.828,2022-11-18 07:58:01.456
2022-11-18 08:00:00,0.87057,0.87168,0.86922,0.87036,10310299000.0,2022-11-18 11:46:16.802,2022-11-18 09:24:32.244
2022-11-18 12:00:00,0.87037,0.87122,0.86818,0.86876,7476333000.0,2022-11-18 13:44:44.097,2022-11-18 15:47:42.975
2022-11-18 16:00:00,0.86877,0.87019,0.86853,0.86859,5316373000.0,2022-11-18 17:53:25.431,2022-11-18 19:58:52.360
2022-11-18 20:00:00,0.86856,0.86895,0.86785,0.86825,3207798000.0,2022-11-18 21:08:33.838,2022-11-18 20:32:06.582
2022-11-20 20:00:00,0.86748,0.86939,0.86748,0.86918,1382981000.0,2022-11-20 23:42:05.744,2022-11-20 22:05:00.102
2022-11-21 00:00:00,0.86917,0.86975,0.86886,0.86901,4131108000.0,2022-11-21 01:18:02.495,2022-11-21 02:14:13.761
2022-11-21 04:00:00,0.869,0.86924,0.86739,0.86773,9363281000.0,2022-11-21 05:36:00.919,2022-11-21 07:58:28.945
2022-11-21 08:00:00,0.86772,0.86846,0.86583,0.86667,6116540000.0,2022-11-21 08:03:56.338,2022-11-21 11:35:38.763
2022-11-21 12:00:00,0.86668,0.86933,0.86633,0.86888,6395017000.0,2022-11-21 15:53:23.742,2022-11-21 12:02:05.486
2022-11-21 16:00:00,0.86889,0.86916,0.86636,0.86662,5974224000.0,2022-11-21 16:13:22.619,2022-11-21 19:51:03.138
2022-11-21 20:00:00,0.86663,0.86675,0.86571,0.86628,2336015000.0,2022-11-21 20:26:28.334,2022-11-21 22:05:03.148
2022-11-22 00:00:00,0.86629,0.8664,0.86528,0.86536,3409952000.0,2022-11-22 00:01:59.362,2022-11-22 00:23:21.952
2022-11-22 04:00:00,0.86537,0.86684,0.86535,0.86647,1826186000.0,2022-11-22 07:39:47.082,2022-11-22 04:00:02.926
2022-11-22 08:00:00,0.86645,0.86808,0.86449,0.8648,7207430000.0,2022-11-22 08:57:07.655,2022-11-22 11:58:48.407
2022-11-22 12:00:00,0.86479,0.86585,0.86318,0.86561,10432117000.0,2022-11-22 15:57:39.422,2022-11-22 13:09:45.544
2022-11-22 16:00:00,0.86562,0.86676,0.86493,0.86633,7642149000.0,2022-11-22 18:57:13.506,2022-11-22 16:59:48.764
2022-11-22 20:00:00,0.8663,0.86721,0.86588,0.86689,4080283000.0,2022-11-22 23:15:49.012,2022-11-22 22:04:01.103
2022-11-23 00:00:00,0.8669,0.86836,0.86638,0.86831,2695241000.0,2022-11-23 03:25:33.402,2022-11-23 00:05:35.422
2022-11-23 04:00:00,0.86832,0.86975,0.8682,0.86889,4511580000.0,2022-11-23 07:18:20.439,2022-11-23 04:02:30.297
2022-11-23 08:00:00,0.8689,0.87006,0.86367,0.86439,9171148000.0,2022-11-23 08:15:07.884,2022-11-23 11:47:19.152
2022-11-23 12:00:00,0.8644,0.86538,0.85937,0.85991,12112734000.0,2022-11-23 12:16:12.554,2022-11-23 15:51:27.067
2022-11-23 16:00:00,0.85992,0.86275,0.85864,0.86201,11506203000.0,2022-11-23 18:58:12.639,2022-11-23 16:42:50.360
2022-11-23 20:00:00,0.862,0.86292,0.86139,0.86256,7092638000.0,2022-11-23 23:39:30.373,2022-11-23 20:20:02.349
2022-11-24 00:00:00,0.86258,0.86311,0.86183,0.86305,4475769000.0,2022-11-24 03:59:40.631,2022-11-24 01:02:21.108
2022-11-24 04:00:00,0.86306,0.8635,0.86198,0.86207,4109203000.0,2022-11-24 07:09:06.118,2022-11-24 07:59:40.925
2022-11-24 08:00:00,0.86205,0.86328,0.85778,0.85799,7477245000.0,2022-11-24 09:49:48.880,2022-11-24 11:59:34.889
2022-11-24 12:00:00,0.858,0.86049,0.85719,0.85741,5788909000.0,2022-11-24 13:52:58.900,2022-11-24 15:35:09.514
2022-11-24 16:00:00,0.85742,0.85939,0.85733,0.85923,2689943000.0,2022-11-24 19:57:24.225,2022-11-24 16:00:05.414
2022-11-24 20:00:00,0.85924,0.85958,0.8588,0.85926,2042697000.0,2022-11-24 21:54:50.342,2022-11-24 23:33:03.069
2022-11-25 00:00:00,0.85927,0.86037,0.85903,0.86,1707871000.0,2022-11-25 02:15:40.255,2022-11-25 00:26:00.378
2022-11-25 04:00:00,0.86001,0.86087,0.85952,0.86084,5168067000.0,2022-11-25 07:59:54.794,2022-11-25 04:42:17.804
2022-11-25 08:00:00,0.86085,0.86154,0.85915,0.85965,7492921000.0,2022-11-25 09:03:43.416,2022-11-25 11:42:56.645
2022-11-25 12:00:00,0.85964,0.86101,0.85771,0.86042,10317518000.0,2022-11-25 15:47:02.690,2022-11-25 14:27:12.882
2022-11-25 16:00:00,0.8604,0.86151,0.85924,0.86064,19728922000.0,2022-11-25 18:21:28.062,2022-11-25 17:13:45.099
2022-11-25 20:00:00,0.86061,0.8612,0.85903,0.85913,10079340000.0,2022-11-25 20:16:45.597,2022-11-25 21:43:07.013
2022-11-27 20:00:00,0.85899,0.86044,0.85884,0.86,5168090000.0,2022-11-27 23:02:21.485,2022-11-27 22:05:26.769
2022-11-28 00:00:00,0.86004,0.86042,0.85927,0.85956,4149412000.0,2022-11-28 02:20:05.831,2022-11-28 01:51:10.126
2022-11-28 04:00:00,0.85955,0.86033,0.85866,0.8598,6125643000.0,2022-11-28 07:10:00.157,2022-11-28 05:22:02.354
2022-11-28 08:00:00,0.85982,0.86756,0.85977,0.86599,18487382000.0,2022-11-28 11:16:23.449,2022-11-28 08:00:01.196
2022-11-28 12:00:00,0.86603,0.86715,0.86284,0.86378,13700284000.0,2022-11-28 14:03:15.549,2022-11-28 15:47:30.243
2022-11-28 16:00:00,0.86376,0.86563,0.86233,0.86491,10147469000.0,2022-11-28 19:13:48.649,2022-11-28 16:44:17.931
2022-11-28 20:00:00,0.8649,0.86543,0.86408,0.86487,6987699000.0,2022-11-28 20:16:57.266,2022-11-28 22:04:47.880
2022-11-29 00:00:00,0.86481,0.86486,0.86333,0.86462,4272033000.0,2022-11-29 00:00:11.268,2022-11-29 03:02:28.461
2022-11-29 04:00:00,0.86461,0.86511,0.86231,0.86262,7274702000.0,2022-11-29 06:23:07.193,2022-11-29 07:57:55.900
2022-11-29 08:00:00,0.86259,0.86524,0.8607,0.8633,7643396000.0,2022-11-29 10:01:52.095,2022-11-29 08:23:18.068
2022-11-29 12:00:00,0.86331,0.86485,0.86144,0.86303,17343639000.0,2022-11-29 14:45:28.759,2022-11-29 13:52:02.459
2022-11-29 16:00:00,0.86305,0.86448,0.86273,0.86405,6059953000.0,2022-11-29 19:41:13.003,2022-11-29 16:07:43.187
2022-11-29 20:00:00,0.86404,0.86446,0.86337,0.86416,7066698000.0,2022-11-29 21:20:10.534,2022-11-29 22:40:23.581
2022-11-30 00:00:00,0.86415,0.86456,0.86337,0.86388,1475244000.0,2022-11-30 00:20:21.516,2022-11-30 01:49:44.504
2022-11-30 04:00:00,0.86389,0.86589,0.86339,0.86497,3208866000.0,2022-11-30 07:24:16.905,2022-11-30 04:23:53.818
2022-11-30 08:00:00,0.86495,0.8655,0.86206,0.86243,6933233100.0,2022-11-30 08:55:20.166,2022-11-30 09:59:59.600
2022-11-30 12:00:00,0.86242,0.86609,0.86211,0.86456,12983431000.0,2022-11-30 15:19:19.393,2022-11-30 12:02:14.625
2022-11-30 16:00:00,0.86457,0.86541,0.86288,0.86359,17056504000.0,2022-11-30 16:03:37.052,2022-11-30 17:09:54.284
2022-11-30 20:00:00,0.86358,0.86386,0.86206,0.86316,11570419000.0,2022-11-30 20:05:24.130,2022-11-30 22:04:01.089
2022-12-01 00:00:00,0.86317,0.8635,0.86242,0.86284,1702115000.0,2022-12-01 00:19:10.332,2022-12-01 01:21:21.610
2022-12-01 04:00:00,0.86282,0.86419,0.86115,0.86154,3348733000.0,2022-12-01 07:26:52.260,2022-12-01 07:59:08.161
2022-12-01 08:00:00,0.86158,0.86207,0.85781,0.85802,10588423800.0,2022-12-01 08:12:30.572,2022-12-01 10:58:45.667
2022-12-01 12:00:00,0.85803,0.85968,0.85477,0.85487,24675167000.0,2022-12-01 13:57:40.364,2022-12-01 15:59:29.548
2022-12-01 16:00:00,0.85486,0.85843,0.85471,0.858,12758868000.0,2022-12-01 19:50:30.296,2022-12-01 16:01:29.061
2022-12-01 20:00:00,0.85799,0.8599,0.85691,0.85879,5824784000.0,2022-12-01 20:54:44.434,2022-12-01 22:05:00.152
2022-12-02 00:00:00,0.85882,0.8593,0.85857,0.85906,5825798000.0,2022-12-02 03:02:08.972,2022-12-02 01:32:21.899
2022-12-02 04:00:00,0.85907,0.86085,0.85836,0.85869,4980023000.0,2022-12-02 06:26:22.284,2022-12-02 07:58:16.539
2022-12-02 08:00:00,0.8587,0.85877,0.85728,0.85825,8582198000.0,2022-12-02 08:01:21.858,2022-12-02 09:47:09.837
2022-12-02 12:00:00,0.85824,0.85995,0.85652,0.85732,28087817000.0,2022-12-02 13:46:01.864,2022-12-02 15:14:34.513
2022-12-02 16:00:00,0.85733,0.85783,0.85556,0.85738,11735796000.0,2022-12-02 18:17:12.690,2022-12-02 16:55:13.997
2022-12-02 20:00:00,0.85737,0.85802,0.85685,0.8576,2350493000.0,2022-12-02 21:19:48.119,2022-12-02 20:02:18.688
2022-12-04 20:00:00,0.85636,0.85849,0.85633,0.85747,2260500000.0,2022-12-04 23:22:26.255,2022-12-04 22:05:22.362
2022-12-05 00:00:00,0.85746,0.85801,0.85664,0.85755,2562809000.0,2022-12-05 01:47:50.942,2022-12-05 01:34:09.554
2022-12-05 04:00:00,0.85756,0.85814,0.85694,0.85715,6555070000.0,2022-12-05 07:21:41.285,2022-12-05 07:49:59.304
2022-12-05 08:00:00,0.85716,0.86159,0.85707,0.86055,8336363000.0,2022-12-05 11:47:37.063,2022-12-05 08:00:00.806
2022-12-05 12:00:00,0.86056,0.86346,0.85927,0.86164,21469808000.0,2022-12-05 15:37:42.634,2022-12-05 12:50:56.832
2022-12-05 16:00:00,0.86165,0.86315,0.86116,0.86187,13119489000.0,2022-12-05 16:50:08.003,2022-12-05 17:49:58.383
2022-12-05 20:00:00,0.86188,0.86188,0.85919,0.86088,5934512000.0,2022-12-05 20:00:00.047,2022-12-05 22:10:00.103
2022-12-06 00:00:00,0.8609,0.86111,0.85996,0.86019,3073776000.0,2022-12-06 00:15:45.126,2022-12-06 03:52:43.487
2022-12-06 04:00:00,0.8602,0.86115,0.85901,0.85969,4017979000.0,2022-12-06 07:06:37.246,2022-12-06 07:35:39.284
2022-12-06 08:00:00,0.85966,0.86329,0.85966,0.86096,9435094000.0,2022-12-06 10:48:38.077,2022-12-06 08:00:00.233
2022-12-06 12:00:00,0.86097,0.86301,0.85916,0.85917,13725505000.0,2022-12-06 15:15:37.611,2022-12-06 15:59:56.941
2022-12-06 16:00:00,0.85916,0.86209,0.85757,0.86165,9968108000.0,2022-12-06 19:52:15.875,2022-12-06 16:07:27.858
2022-12-06 20:00:00,0.86166,0.86297,0.86118,0.86271,4978196000.0,2022-12-06 23:26:01.196,2022-12-06 22:04:01.090
2022-12-07 00:00:00,0.86272,0.86279,0.86196,0.86225,2517457000.0,2022-12-07 00:00:43.612,2022-12-07 03:21:33.045
2022-12-07 04:00:00,0.86226,0.86327,0.86155,0.86212,4931283100.0,2022-12-07 06:15:32.082,2022-12-07 07:38:13.097
2022-12-07 08:00:00,0.8621,0.86432,0.8614,0.86343,11306002200.0,2022-12-07 09:52:23.148,2022-12-07 08:07:51.203
2022-12-07 12:00:00,0.86345,0.8643,0.86099,0.86126,12571512000.0,2022-12-07 13:13:31.774,2022-12-07 15:30:35.509
2022-12-07 16:00:00,0.86128,0.8622,0.8598,0.86083,10166899200.0,2022-12-07 16:47:23.680,2022-12-07 17:44:01.386
2022-12-07 20:00:00,0.86082,0.86107,0.85955,0.8609,5400265000.0,2022-12-07 23:45:59.705,2022-12-07 22:13:45.056
2022-12-08 00:00:00,0.86091,0.86212,0.86065,0.86126,1728725000.0,2022-12-08 02:26:17.168,2022-12-08 00:04:22.839
2022-12-08 04:00:00,0.86125,0.86265,0.8612,0.86262,2665499000.0,2022-12-08 07:59:43.095,2022-12-08 04:09:59.337
2022-12-08 08:00:00,0.8626,0.86417,0.86202,0.86315,8482927900.0,2022-12-08 11:44:28.990,2022-12-08 08:20:35.666
2022-12-08 12:00:00,0.86316,0.86462,0.86049,0.86307,9812128000.0,2022-12-08 12:23:15.989,2022-12-08 13:46:31.111
2022-12-08 16:00:00,0.86308,0.86335,0.86157,0.86253,6323228000.0,2022-12-08 16:01:41.879,2022-12-08 18:27:48.653
2022-12-08 20:00:00,0.86252,0.8633,0.86224,0.86281,6367160000.0,2022-12-08 23:14:17.501,2022-12-08 21:59:40.719
2022-12-09 00:00:00,0.8628,0.86359,0.86187,0.86202,5016070000.0,2022-12-09 01:08:31.686,2022-12-09 03:12:44.875
2022-12-09 04:00:00,0.86201,0.86308,0.86182,0.86224,5119299000.0,2022-12-09 07:14:17.865,2022-12-09 05:14:50.485
2022-12-09 08:00:00,0.86225,0.86375,0.86024,0.86047,7595431000.0,2022-12-09 08:43:43.182,2022-12-09 11:51:39.891
2022-12-09 12:00:00,0.86046,0.86145,0.85679,0.85731,14369937000.0,2022-12-09 13:30:24.785,2022-12-09 15:48:07.262
2022-12-09 16:00:00,0.85732,0.85985,0.85625,0.85938,8369023000.0,2022-12-09 18:40:19.551,2022-12-09 16:52:14.775
2022-12-09 20:00:00,0.85939,0.85941,0.85879,0.85911,1851085000.0,2022-12-09 21:08:57.322,2022-12-09 20:36:47.765
2022-12-11 20:00:00,0.85873,0.85988,0.85798,0.85985,1507100000.0,2022-12-11 23:54:44.260,2022-12-11 22:25:14.609
2022-12-12 00:00:00,0.85984,0.86038,0.85948,0.85975,2382514000.0,2022-12-12 02:56:46.962,2022-12-12 00:11:11.352
2022-12-12 04:00:00,0.85978,0.86175,0.85863,0.85877,3485998000.0,2022-12-12 07:00:03.536,2022-12-12 07:58:24.786
2022-12-12 08:00:00,0.85878,0.86094,0.85878,0.86061,8229119000.0,2022-12-12 09:46:14.355,2022-12-12 08:00:00.094
2022-12-12 12:00:00,0.8606,0.86125,0.85835,0.85884,10813079000.0,2022-12-12 12:09:44.091,2022-12-12 15:51:19.164
2022-12-12 16:00:00,0.85885,0.85945,0.85742,0.85838,8007233000.0,2022-12-12 16:15:04.684,2022-12-12 17:31:19.976
2022-12-12 20:00:00,0.85837,0.85945,0.85819,0.85915,2435455000.0,2022-12-12 21:58:52.856,2022-12-12 22:04:51.554
2022-12-13 00:00:00,0.85914,0.8595,0.85865,0.85934,5292325000.0,2022-12-13 03:50:36.999,2022-12-13 02:42:01.583
2022-12-13 04:00:00,0.85933,0.85958,0.85795,0.85892,3640627000.0,2022-12-13 04:20:21.870,2022-12-13 07:32:48.203
2022-12-13 08:00:00,0.85893,0.86042,0.857,0.85719,8391757800.0,2022-12-13 08:31:00.733,2022-12-13 10:43:50.106
2022-12-13 12:00:00,0.85718,0.85938,0.85584,0.85823,30672984000.0,2022-12-13 13:29:51.165,2022-12-13 13:30:09.601
2022-12-13 16:00:00,0.85821,0.86053,0.85794,0.85961,18302865000.0,2022-12-13 16:29:08.850,2022-12-13 16:06:58.193
2022-12-13 20:00:00,0.85962,0.86003,0.85863,0.85995,4622042000.0,2022-12-13 23:57:57.733,2022-12-13 22:10:03.734
2022-12-14 00:00:00,0.85996,0.86147,0.85995,0.86022,3930554000.0,2022-12-14 00:54:20.504,2022-12-14 00:00:08.160
2022-12-14 04:00:00,0.86023,0.86079,0.85965,0.85971,4078500000.0,2022-12-14 07:39:31.127,2022-12-14 07:57:29.805
2022-12-14 08:00:00,0.85973,0.86117,0.85916,0.86084,12268874000.0,2022-12-14 10:10:01.464,2022-12-14 08:19:55.711
2022-12-14 12:00:00,0.86085,0.86171,0.85826,0.85841,13329963000.0,2022-12-14 13:17:29.502,2022-12-14 15:59:11.003
2022-12-14 16:00:00,0.85843,0.86075,0.85719,0.85972,15784771000.0,2022-12-14 19:45:10.791,2022-12-14 19:00:04.551
2022-12-14 20:00:00,0.85969,0.86027,0.85836,0.85964,8675121000.0,2022-12-14 20:09:59.207,2022-12-14 20:39:08.805
2022-12-15 00:00:00,0.85963,0.86017,0.85941,0.86011,3206100000.0,2022-12-15 03:59:00.211,2022-12-15 00:55:53.122
2022-12-15 04:00:00,0.86012,0.86028,0.85934,0.8595,2494902600.0,2022-12-15 07:31:47.235,2022-12-15 07:58:33.143
2022-12-15 08:00:00,0.85951,0.86298,0.85946,0.86129,15040775000.0,2022-12-15 09:11:24.130,2022-12-15 08:00:00.506
2022-12-15 12:00:00,0.86125,0.87176,0.86101,0.87163,31531643000.0,2022-12-15 15:59:12.608,2022-12-15 12:27:39.873
2022-12-15 16:00:00,0.87162,0.87285,0.8697,0.87204,8007116800.0,2022-12-15 19:26:58.331,2022-12-15 17:14:58.589
2022-12-15 20:00:00,0.87203,0.87291,0.87156,0.87265,7446275000.0,2022-12-15 23:11:04.137,2022-12-15 22:27:47.815
2022-12-16 00:00:00,0.87267,0.87293,0.87167,0.87241,2201696000.0,2022-12-16 01:07:58.284,2022-12-16 00:44:08.426
2022-12-16 04:00:00,0.87242,0.87415,0.87142,0.87308,3094252800.0,2022-12-16 07:28:58.999,2022-12-16 05:06:42.811
2022-12-16 08:00:00,0.87305,0.87716,0.87093,0.87235,9525345800.0,2022-12-16 09:15:46.557,2022-12-16 11:25:56.749
2022-12-16 12:00:00,0.87236,0.87363,0.8708,0.87345,21456531000.0,2022-12-16 15:59:36.432,2022-12-16 14:45:04.797
2022-12-16 16:00:00,0.87341,0.87394,0.87041,0.87116,9428979000.0,2022-12-16 16:02:22.150,2022-12-16 17:39:54.885
2022-12-16 20:00:00,0.87115,0.87172,0.87047,0.87124,1754569000.0,2022-12-16 21:10:01.486,2022-12-16 21:32:17.418
2022-12-18 20:00:00,0.87049,0.87098,0.87022,0.87043,1876800000.0,2022-12-18 22:23:08.876,2022-12-18 23:34:10.566
2022-12-19 00:00:00,0.87042,0.87096,0.86944,0.87081,3291441000.0,2022-12-19 00:16:05.914,2022-12-19 01:57:23.601
2022-12-19 04:00:00,0.87082,0.87326,0.87053,0.87152,2047682000.0,2022-12-19 07:40:59.562,2022-12-19 04:49:21.345
2022-12-19 08:00:00,0.87151,0.87207,0.86908,0.8703,11705091000.0,2022-12-19 08:37:29.203,2022-12-19 09:54:46.093
2022-12-19 12:00:00,0.87029,0.87274,0.86994,0.87213,10446657000.0,2022-12-19 15:53:58.794,2022-12-19 12:08:20.172
2022-12-19 16:00:00,0.87214,0.87368,0.87153,0.87329,6068500000.0,2022-12-19 19:16:49.436,2022-12-19 16:15:44.402
2022-12-19 20:00:00,0.8733,0.87351,0.87236,0.87311,7439928000.0,2022-12-19 20:53:23.915,2022-12-19 22:04:01.097
2022-12-20 00:00:00,0.87313,0.87419,0.87085,0.87381,7670778000.0,2022-12-20 03:53:32.314,2022-12-20 03:08:48.443
2022-12-20 04:00:00,0.87382,0.87557,0.87206,0.87365,7679639000.0,2022-12-20 05:40:26.742,2022-12-20 07:14:35.624
2022-12-20 08:00:00,0.87363,0.87603,0.8718,0.87512,10155857000.0,2022-12-20 09:48:51.606,2022-12-20 08:53:18.935
2022-12-20 12:00:00,0.87514,0.87711,0.87364,0.87648,13786676000.0,2022-12-20 15:57:20.205,2022-12-20 13:36:28.786
2022-12-20 16:00:00,0.87651,0.87659,0.87269,0.87281,7319555000.0,2022-12-20 16:00:10.211,2022-12-20 19:27:32.469
2022-12-20 20:00:00,0.8728,0.87302,0.87124,0.87173,7923288000.0,2022-12-20 20:33:04.317,2022-12-20 22:24:50.330
2022-12-21 00:00:00,0.87175,0.87317,0.87158,0.87239,3069619000.0,2022-12-21 02:23:50.188,2022-12-21 00:58:11.226
2022-12-21 04:00:00,0.87238,0.87363,0.87185,0.87279,7515415000.0,2022-12-21 07:45:20.468,2022-12-21 04:59:55.170
2022-12-21 08:00:00,0.87281,0.87761,0.8728,0.87657,9571234000.0,2022-12-21 11:31:05.305,2022-12-21 08:00:00.237
2022-12-21 12:00:00,0.87656,0.878,0.87452,0.87663,11740744000.0,2022-12-21 12:29:51.568,2022-12-21 13:43:45.065
2022-12-21 16:00:00,0.87664,0.87896,0.87615,0.87854,9158343000.0,2022-12-21 17:31:48.993,2022-12-21 16:01:44.022
2022-12-21 20:00:00,0.87855,0.87857,0.87729,0.87844,5023937100.0,2022-12-21 23:52:55.230,2022-12-21 22:13:27.143
2022-12-22 00:00:00,0.87847,0.87847,0.87687,0.87724,5459600000.0,2022-12-22 00:00:00.512,2022-12-22 02:57:17.241
2022-12-22 04:00:00,0.87723,0.87925,0.87701,0.87709,4777200000.0,2022-12-22 07:14:19.227,2022-12-22 07:58:58.387
2022-12-22 08:00:00,0.87705,0.88149,0.87664,0.88135,11505750000.0,2022-12-22 11:54:11.895,2022-12-22 08:02:12.582
2022-12-22 12:00:00,0.88134,0.88339,0.88071,0.88154,12417505000.0,2022-12-22 14:56:17.339,2022-12-22 12:16:11.145
2022-12-22 16:00:00,0.88152,0.88171,0.87929,0.88055,6722309000.0,2022-12-22 16:12:14.625,2022-12-22 16:49:17.511
2022-12-22 20:00:00,0.88054,0.88067,0.87896,0.88063,9291139000.0,2022-12-22 23:54:18.482,2022-12-22 22:04:01.085
2022-12-23 00:00:00,0.88062,0.88124,0.88011,0.88034,4241000000.0,2022-12-23 02:55:43.834,2022-12-23 02:02:41.512
2022-12-23 04:00:00,0.88035,0.8818,0.87991,0.88101,2827100000.0,2022-12-23 07:30:16.324,2022-12-23 04:28:11.291
2022-12-23 08:00:00,0.88103,0.88107,0.87835,0.87945,8945795000.0,2022-12-23 08:00:00.325,2022-12-23 11:12:06.583
2022-12-23 12:00:00,0.87946,0.88181,0.87882,0.88007,16212249000.0,2022-12-23 14:15:44.984,2022-12-23 15:42:50.667
2022-12-23 16:00:00,0.88008,0.88243,0.87993,0.88208,6997276000.0,2022-12-23 19:57:21.281,2022-12-23 16:02:59.892
2022-12-23 20:00:00,0.8821,0.88215,0.88068,0.88104,1595602000.0,2022-12-23 20:00:37.069,2022-12-23 21:39:28.998
2022-12-25 20:00:00,0.88118,0.88118,0.87956,0.88004,143200000.0,2022-12-25 22:05:00.080,2022-12-25 23:15:02.126
2022-12-26 00:00:00,0.87967,0.88073,0.8779,0.88006,1240500000.0,2022-12-26 00:00:45.859,2022-12-26 00:55:03.032
2022-12-26 04:00:00,0.88021,0.88055,0.87984,0.88011,4797600000.0,2022-12-26 05:49:14.273,2022-12-26 06:22:07.122
2022-12-26 20:00:00,0.88098,0.88177,0.88024,0.88054,3116700000.0,2022-12-26 22:30:04.590,2022-12-26 23:40:48.098
2022-12-27 00:00:00,0.88053,0.8813,0.88005,0.8806,4280452000.0,2022-12-27 01:02:02.502,2022-12-27 02:45:30.292
2022-12-27 04:00:00,0.88059,0.88187,0.88007,0.88036,2802099000.0,2022-12-27 06:23:16.694,2022-12-27 07:58:52.654
2022-12-27 08:00:00,0.88037,0.88571,0.8803,0.88509,5642792000.0,2022-12-27 11:47:13.638,2022-12-27 08:01:59.051
2022-12-27 12:00:00,0.8851,0.88613,0.88317,0.88593,8992917700.0,2022-12-27 15:59:46.131,2022-12-27 13:11:45.841
2022-12-27 16:00:00,0.88592,0.88629,0.88453,0.88455,4318769400.0,2022-12-27 16:35:49.166,2022-12-27 19:59:55.224
2022-12-27 20:00:00,0.88454,0.88502,0.88396,0.88444,2425687000.0,2022-12-27 20:21:33.952,2022-12-27 22:16:12.271
2022-12-28 00:00:00,0.88443,0.88603,0.8839,0.88599,2313093000.0,2022-12-28 03:33:47.077,2022-12-28 01:01:49.666
2022-12-28 04:00:00,0.88601,0.88604,0.8838,0.88384,1557577000.0,2022-12-28 04:00:52.299,2022-12-28 07:30:43.924
2022-12-28 08:00:00,0.88382,0.885,0.88072,0.88153,7087665000.0,2022-12-28 09:03:22.481,2022-12-28 11:53:28.396
2022-12-28 12:00:00,0.88152,0.88244,0.87938,0.88232,14634400000.0,2022-12-28 15:54:26.512,2022-12-28 15:06:10.158
2022-12-28 16:00:00,0.88231,0.88345,0.8821,0.88275,6194228500.0,2022-12-28 17:18:36.300,2022-12-28 16:01:59.494
2022-12-28 20:00:00,0.88273,0.88373,0.8821,0.88365,11361670000.0,2022-12-28 23:51:16.199,2022-12-28 22:25:25.413
2022-12-29 00:00:00,0.88366,0.88366,0.88228,0.8825,825558200.0,2022-12-29 00:00:00.103,2022-12-29 01:33:28.690
2022-12-29 04:00:00,0.88251,0.88346,0.88229,0.88272,1599649000.0,2022-12-29 07:33:45.408,2022-12-29 05:39:00.213
2022-12-29 08:00:00,0.88276,0.88471,0.88222,0.88434,6273100000.0,2022-12-29 10:25:26.698,2022-12-29 08:07:16.256
2022-12-29 12:00:00,0.88432,0.88595,0.88331,0.88487,9331388700.0,2022-12-29 13:12:19.943,2022-12-29 14:47:50.041
2022-12-29 16:00:00,0.88488,0.88578,0.88392,0.88457,6120440000.0,2022-12-29 17:55:17.732,2022-12-29 16:15:10.246
2022-12-29 20:00:00,0.88456,0.88472,0.8838,0.88436,1807048000.0,2022-12-29 23:04:24.108,2022-12-29 22:10:46.507
2022-12-30 00:00:00,0.88437,0.88504,0.88392,0.88492,3473676000.0,2022-12-30 02:45:01.004,2022-12-30 01:44:29.685
2022-12-30 04:00:00,0.88493,0.88531,0.88226,0.88268,2500720000.0,2022-12-30 04:28:59.794,2022-12-30 07:58:39.878
2022-12-30 08:00:00,0.88269,0.88755,0.88231,0.88683,7724000000.0,2022-12-30 11:57:52.997,2022-12-30 08:00:02.358
2022-12-30 12:00:00,0.88684,0.88765,0.88259,0.88723,17644067000.0,2022-12-30 15:48:49.321,2022-12-30 14:18:33.182
2022-12-30 16:00:00,0.88725,0.88769,0.88525,0.88695,10354160000.0,2022-12-30 16:10:01.700,2022-12-30 17:59:56.309
2022-12-30 20:00:00,0.88693,0.88695,0.88457,0.88473,2788493000.0,2022-12-30 20:00:00.588,2022-12-30 21:54:55.498
2023-01-01 20:00:00,0.88375,0.88401,0.883,0.88379,474300000.0,2023-01-01 23:09:40.102,2023-01-01 22:30:20.091
2023-01-02 00:00:00,0.88376,0.88535,0.88376,0.88481,266300000.0,2023-01-02 01:07:57.554,2023-01-02 00:01:33.977
2023-01-02 04:00:00,0.88496,0.88614,0.88354,0.88512,2343900000.0,2023-01-02 06:04:28.886,2023-01-02 07:57:56.675
2023-01-02 08:00:00,0.88513,0.88734,0.88363,0.88641,10126503000.0,2023-01-02 09:03:48.422,2023-01-02 08:04:55.604
2023-01-02 12:00:00,0.88642,0.88675,0.88458,0.88506,1600489000.0,2023-01-02 12:35:52.742,2023-01-02 15:58:34.137
2023-01-02 16:00:00,0.88504,0.8857,0.88411,0.88473,3966308000.0,2023-01-02 16:00:57.775,2023-01-02 16:47:15.101
2023-01-02 20:00:00,0.88468,0.88568,0.88272,0.88503,5109895000.0,2023-01-02 23:01:28.478,2023-01-02 23:02:10.353
2023-01-03 00:00:00,0.88502,0.88565,0.88343,0.88388,4180356000.0,2023-01-03 01:06:55.449,2023-01-03 02:37:13.832
2023-01-03 04:00:00,0.88389,0.88404,0.88221,0.88319,3525080000.0,2023-01-03 04:36:01.463,2023-01-03 07:51:20.295
2023-01-03 08:00:00,0.8832,0.88623,0.88195,0.8824,14878707000.0,2023-01-03 08:58:32.714,2023-01-03 11:53:39.893
2023-01-03 12:00:00,0.88241,0.88279,0.87826,0.87894,14842111300.0,2023-01-03 12:07:40.968,2023-01-03 15:48:58.335
2023-01-03 16:00:00,0.87895,0.88243,0.87841,0.88167,8013552600.0,2023-01-03 17:30:39.600,2023-01-03 16:07:07.242
2023-01-03 20:00:00,0.88168,0.88171,0.88059,0.88122,7305451000.0,2023-01-03 20:49:41.631,2023-01-03 22:29:26.486
2023-01-04 00:00:00,0.88125,0.88164,0.88038,0.88151,4032900000.0,2023-01-04 03:20:45.764,2023-01-04 00:35:26.017
2023-01-04 04:00:00,0.88149,0.88211,0.88023,0.88084,3944407000.0,2023-01-04 06:21:14.327,2023-01-04 07:48:35.386
2023-01-04 08:00:00,0.88086,0.88152,0.87882,0.87969,11970824700.0,2023-01-04 08:59:11.385,2023-01-04 11:14:20.551
2023-01-04 12:00:00,0.8797,0.88117,0.87872,0.88027,12487582000.0,2023-01-04 14:43:40.490,2023-01-04 15:43:25.863
2023-01-04 16:00:00,0.88025,0.88195,0.87806,0.8794,8054730000.0,2023-01-04 16:21:54.100,2023-01-04 19:00:07.722
2023-01-04 20:00:00,0.87941,0.87991,0.8788,0.87969,6607464000.0,2023-01-04 23:48:02.446,2023-01-04 22:30:00.137
2023-01-05 00:00:00,0.87968,0.88145,0.87964,0.88121,4495588000.0,2023-01-05 03:16:36.924,2023-01-05 00:00:16.193
2023-01-05 04:00:00,0.88122,0.88331,0.88077,0.88319,5476504400.0,2023-01-05 07:59:49.067,2023-01-05 04:57:13.909
2023-01-05 08:00:00,0.88312,0.88441,0.88211,0.88259,5254660000.0,2023-01-05 08:46:41.109,2023-01-05 10:54:07.702
2023-01-05 12:00:00,0.88262,0.88628,0.88192,0.88528,24368413000.0,2023-01-05 14:23:58.697,2023-01-05 12:22:45.033
2023-01-05 16:00:00,0.88529,0.88547,0.88297,0.88357,8011387000.0,2023-01-05 16:02:31.417,2023-01-05 19:49:59.591
2023-01-05 20:00:00,0.88356,0.88377,0.88208,0.88339,6801404200.0,2023-01-05 20:35:10.437,2023-01-05 22:30:00.203
2023-01-06 00:00:00,0.8834,0.88346,0.88253,0.88291,7480800000.0,2023-01-06 00:00:18.377,2023-01-06 03:01:43.478
2023-01-06 04:00:00,0.8829,0.88485,0.8822,0.88411,5522835000.0,2023-01-06 07:55:36.769,2023-01-06 07:05:00.286
2023-01-06 08:00:00,0.8841,0.8871,0.88351,0.88577,7355899000.0,2023-01-06 10:02:23.681,2023-01-06 08:09:20.274
2023-01-06 12:00:00,0.88574,0.88592,0.87973,0.88006,18699096000.0,2023-01-06 12:00:22.232,2023-01-06 15:57:56.296
2023-01-06 16:00:00,0.88007,0.88082,0.87987,0.88001,8267799000.0,2023-01-06 18:19:11.286,2023-01-06 17:05:06.410
2023-01-06 20:00:00,0.88,0.88047,0.87976,0.87986,2970864200.0,2023-01-06 20:18:05.442,2023-01-06 21:24:52.238
2023-01-08 20:00:00,0.87967,0.88065,0.87933,0.87975,1406794000.0,2023-01-08 23:21:14.649,2023-01-08 22:36:48.840
2023-01-09 00:00:00,0.87979,0.88083,0.87943,0.87996,4845031500.0,2023-01-09 01:21:52.249,2023-01-09 03:28:45.646
2023-01-09 04:00:00,0.87995,0.88023,0.87813,0.87915,5081861500.0,2023-01-09 07:36:12.361,2023-01-09 06:20:57.453
2023-01-09 08:00:00,0.87919,0.8809,0.87691,0.87979,10299789500.0,2023-01-09 11:02:31.339,2023-01-09 09:47:10.530
2023-01-09 12:00:00,0.87981,0.88177,0.87973,0.88098,8823935500.0,2023-01-09 15:22:00.073,2023-01-09 12:00:16.867
2023-01-09 16:00:00,0.88099,0.88237,0.88069,0.88101,8756101000.0,2023-01-09 17:38:35.757,2023-01-09 16:20:59.665
2023-01-09 20:00:00,0.88102,0.88172,0.8794,0.88087,8865679000.0,2023-01-09 20:28:21.510,2023-01-09 22:04:01.077
2023-01-10 00:00:00,0.88085,0.88237,0.88019,0.882,5176973500.0,2023-01-10 03:34:19.914,2023-01-10 00:04:57.141
2023-01-10 04:00:00,0.88201,0.88343,0.88166,0.88327,6747942100.0,2023-01-10 07:29:14.512,2023-01-10 04:07:25.880
2023-01-10 08:00:00,0.88328,0.88369,0.88179,0.88319,5280543000.0,2023-01-10 11:57:47.493,2023-01-10 10:01:41.807
2023-01-10 12:00:00,0.8832,0.88463,0.8826,0.88309,19336177500.0,2023-01-10 13:42:26.561,2023-01-10 15:50:23.453
2023-01-10 16:00:00,0.88311,0.88368,0.88176,0.883,6552970000.0,2023-01-10 18:21:07.069,2023-01-10 16:20:48.181
2023-01-10 20:00:00,0.88297,0.88376,0.88202,0.88352,4719755500.0,2023-01-10 23:18:47.700,2023-01-10 22:04:01.076
2023-01-11 00:00:00,0.88351,0.88382,0.88289,0.88313,2734596000.0,2023-01-11 01:01:35.629,2023-01-11 02:58:36.222
2023-01-11 04:00:00,0.88315,0.8842,0.88295,0.88397,2405150000.0,2023-01-11 07:54:36.141,2023-01-11 04:30:44.895
2023-01-11 08:00:00,0.88394,0.88668,0.88336,0.88608,7817643500.0,2023-01-11 11:30:31.278,2023-01-11 08:06:55.773
2023-01-11 12:00:00,0.8861,0.88815,0.8856,0.8869,12860523000.0,2023-01-11 14:06:38.179,2023-01-11 12:36:45.725
2023-01-11 16:00:00,0.88688,0.88725,0.88499,0.88549,6260638000.0,2023-01-11 16:10:14.629,2023-01-11 18:58:31.058
2023-01-11 20:00:00,0.88548,0.88556,0.88489,0.8854,6038750000.0,2023-01-11 21:06:26.966,2023-01-11 22:13:39.153
2023-01-12 00:00:00,0.88538,0.8857,0.88503,0.8852,2784991000.0,2023-01-12 00:35:19.229,2023-01-12 01:45:13.406
2023-01-12 04:00:00,0.88521,0.88665,0.88507,0.88592,2488744500.0,2023-01-12 06:18:49.335,2023-01-12 04:53:25.514
2023-01-12 08:00:00,0.88594,0.88595,0.88323,0.88492,6716880400.0,2023-01-12 08:21:12.286,2023-01-12 10:51:54.296
2023-01-12 12:00:00,0.8849,0.88955,0.88442,0.88902,36599303878.0,2023-01-12 14:55:35.458,2023-01-12 12:02:38.393
2023-01-12 16:00:00,0.88901,0.88936,0.88702,0.88759,9095387000.0,2023-01-12 16:01:37.444,2023-01-12 18:02:06.237
2023-01-12 20:00:00,0.8876,0.8891,0.8875,0.8889,4852020000.0,2023-01-12 23:54:07.825,2023-01-12 20:05:26.159
2023-01-13 00:00:00,0.88889,0.88915,0.88832,0.88904,4393145000.0,2023-01-13 00:54:20.061,2023-01-13 00:25:13.008
2023-01-13 04:00:00,0.88906,0.88971,0.88767,0.88829,3624897000.0,2023-01-13 06:00:18.118,2023-01-13 07:54:36.364
2023-01-13 08:00:00,0.88828,0.88851,0.886,0.88818,7418393000.0,2023-01-13 08:04:46.364,2023-01-13 10:42:26.547
2023-01-13 12:00:00,0.88816,0.88846,0.8863,0.88653,9633639000.0,2023-01-13 13:07:50.697,2023-01-13 15:00:00.113
2023-01-13 16:00:00,0.88652,0.88727,0.88542,0.88556,4188790000.0,2023-01-13 17:57:19.964,2023-01-13 19:59:13.185
2023-01-13 20:00:00,0.88554,0.88558,0.88514,0.88522,1154661000.0,2023-01-13 21:02:11.395,2023-01-13 21:36:51.258
2023-01-15 20:00:00,0.88553,0.88612,0.885,0.88537,4694812000.0,2023-01-15 22:08:35.782,2023-01-15 23:21:43.824
2023-01-16 00:00:00,0.88535,0.88583,0.88465,0.88513,3584212000.0,2023-01-16 01:55:31.735,2023-01-16 02:50:53.913
2023-01-16 04:00:00,0.88514,0.88638,0.88494,0.88553,3346416000.0,2023-01-16 07:36:52.549,2023-01-16 04:15:18.144
2023-01-16 08:00:00,0.88554,0.88759,0.88535,0.88713,7642366000.0,2023-01-16 09:16:03.885,2023-01-16 08:08:57.665
2023-01-16 12:00:00,0.88722,0.88789,0.88609,0.88693,7998390000.0,2023-01-16 12:13:48.181,2023-01-16 14:47:58.050
2023-01-16 16:00:00,0.88694,0.88751,0.8864,0.88717,3853087000.0,2023-01-16 18:49:38.887,2023-01-16 17:02:22.930
2023-01-16 20:00:00,0.88718,0.88777,0.88622,0.88705,5130681000.0,2023-01-16 23:26:20.298,2023-01-16 22:15:15.707
2023-01-17 00:00:00,0.88704,0.88811,0.88694,0.88795,5264182000.0,2023-01-17 03:59:20.485,2023-01-17 00:39:39.399
2023-01-17 04:00:00,0.88796,0.88872,0.88596,0.88644,5149975000.0,2023-01-17 06:46:08.688,2023-01-17 07:43:02.584
2023-01-17 08:00:00,0.88647,0.88672,0.88327,0.88395,10416659500.0,2023-01-17 10:36:33.578,2023-01-17 11:55:23.852
2023-01-17 12:00:00,0.88398,0.88631,0.87962,0.87968,20708370000.0,2023-01-17 13:09:04.217,2023-01-17 15:59:44.664
2023-01-17 16:00:00,0.87966,0.88051,0.87903,0.87932,7835419000.0,2023-01-17 16:34:39.647,2023-01-17 17:57:56.949
2023-01-17 20:00:00,0.87931,0.87941,0.87771,0.87835,4505840000.0,2023-01-17 20:07:38.392,2023-01-17 22:10:29.662
2023-01-18 00:00:00,0.87834,0.87954,0.87739,0.87805,12659198000.0,2023-01-18 02:40:40.492,2023-01-18 03:22:45.403
2023-01-18 04:00:00,0.87806,0.87905,0.87619,0.87902,7573338000.0,2023-01-18 07:59:40.700,2023-01-18 07:00:57.832
2023-01-18 08:00:00,0.87903,0.88033,0.87374,0.8741,11339108000.0,2023-01-18 09:48:56.569,2023-01-18 11:49:20.927
2023-01-18 12:00:00,0.87411,0.87634,0.87346,0.87404,18141597000.0,2023-01-18 14:01:47.056,2023-01-18 15:50:14.742
2023-01-18 16:00:00,0.87405,0.87577,0.87398,0.87469,9790381000.0,2023-01-18 16:57:36.214,2023-01-18 17:15:47.008
2023-01-18 20:00:00,0.87471,0.87488,0.87346,0.87448,7255744000.0,2023-01-18 20:31:39.431,2023-01-18 22:17:03.835
2023-01-19 00:00:00,0.87446,0.87576,0.87426,0.87564,5283696000.0,2023-01-19 00:54:01.664,2023-01-19 00:18:57.707
2023-01-19 04:00:00,0.87563,0.87741,0.87483,0.87625,4114822500.0,2023-01-19 07:44:29.971,2023-01-19 06:25:38.899
2023-01-19 08:00:00,0.87627,0.87871,0.87574,0.87605,9169870000.0,2023-01-19 10:37:16.570,2023-01-19 11:58:36.036
2023-01-19 12:00:00,0.87606,0.87712,0.87279,0.87298,14718075000.0,2023-01-19 12:19:51.244,2023-01-19 15:57:43.201
2023-01-19 16:00:00,0.87299,0.87521,0.87217,0.874,7610398000.0,2023-01-19 17:14:06.748,2023-01-19 16:20:21.849
2023-01-19 20:00:00,0.87401,0.87459,0.87374,0.87419,5803077000.0,2023-01-19 20:23:07.094,2023-01-19 21:58:15.132
2023-01-20 00:00:00,0.8742,0.8751,0.87411,0.87506,2690496000.0,2023-01-20 03:27:33.450,2023-01-20 00:00:06.351
2023-01-20 04:00:00,0.87507,0.87742,0.87501,0.87673,4892524000.0,2023-01-20 07:49:19.430,2023-01-20 04:00:07.069
2023-01-20 08:00:00,0.87674,0.87861,0.87607,0.87631,7566987000.0,2023-01-20 09:09:19.691,2023-01-20 11:37:55.852
2023-01-20 12:00:00,0.8763,0.87665,0.8744,0.87558,10630971000.0,2023-01-20 13:36:00.001,2023-01-20 15:23:19.209
2023-01-20 16:00:00,0.87556,0.87597,0.87511,0.87555,6042091000.0,2023-01-20 16:48:45.436,2023-01-20 18:00:06.864
2023-01-20 20:00:00,0.87556,0.876,0.87525,0.87545,2499782500.0,2023-01-20 20:40:37.112,2023-01-20 21:32:49.519
2023-01-22 20:00:00,0.87579,0.87603,0.87538,0.87571,2023300000.0,2023-01-22 22:41:31.628,2023-01-22 23:05:49.137
2023-01-23 00:00:00,0.87573,0.87693,0.87571,0.87653,2862799000.0,2023-01-23 02:09:47.700,2023-01-23 03:14:55.515
2023-01-23 04:00:00,0.87654,0.87956,0.87637,0.87893,3613801500.0,2023-01-23 07:55:33.156,2023-01-23 04:07:10.161
2023-01-23 08:00:00,0.87891,0.88151,0.87742,0.88076,8448858000.0,2023-01-23 11:07:02.697,2023-01-23 08:44:15.616
2023-01-23 12:00:00,0.88075,0.88075,0.8781,0.87825,23730117000.0,2023-01-23 12:00:00.207,2023-01-23 15:50:03.792
2023-01-23 16:00:00,0.87824,0.87864,0.87737,0.87813,6538887500.0,2023-01-23 16:51:23.797,2023-01-23 18:38:52.405
2023-01-23 20:00:00,0.87814,0.87837,0.87758,0.87821,3268515000.0,2023-01-23 21:09:22.034,2023-01-23 23:00:00.184
2023-01-24 00:00:00,0.8782,0.87849,0.87796,0.8783,1793246000.0,2023-01-24 00:43:22.173,2023-01-24 03:10:32.376
2023-01-24 04:00:00,0.87831,0.87886,0.87754,0.87779,1975080500.0,2023-01-24 07:11:34.423,2023-01-24 07:56:00.128
2023-01-24 08:00:00,0.8778,0.88286,0.8767,0.88242,10423613000.0,2023-01-24 10:53:48.943,2023-01-24 08:41:40.914
2023-01-24 12:00:00,0.88243,0.88469,0.88224,0.88309,14576670843.0,2023-01-24 14:48:29.572,2023-01-24 12:07:13.822
2023-01-24 16:00:00,0.88308,0.88336,0.88166,0.8822,5872802000.0,2023-01-24 16:02:45.761,2023-01-24 17:20:43.502
2023-01-24 20:00:00,0.88218,0.88318,0.88196,0.88308,9939809000.0,2023-01-24 23:55:43.918,2023-01-24 22:53:55.899
2023-01-25 00:00:00,0.88309,0.88463,0.88289,0.88404,3449010000.0,2023-01-25 03:15:47.069,2023-01-25 00:04:19.968
2023-01-25 04:00:00,0.88403,0.88519,0.88337,0.88339,3337324000.0,2023-01-25 07:03:26.617,2023-01-25 07:59:46.448
2023-01-25 08:00:00,0.88332,0.88451,0.88227,0.88284,7558598500.0,2023-01-25 10:18:28.227,2023-01-25 09:03:50.523
2023-01-25 12:00:00,0.88286,0.88368,0.88083,0.88216,10840629500.0,2023-01-25 14:33:33.996,2023-01-25 15:08:14.152
2023-01-25 16:00:00,0.88215,0.88218,0.8799,0.88026,7530597000.0,2023-01-25 16:00:04.028,2023-01-25 19:41:13.016
2023-01-25 20:00:00,0.88025,0.8806,0.87917,0.87995,3695930000.0,2023-01-25 22:33:46.552,2023-01-25 22:10:13.338
2023-01-26 00:00:00,0.87996,0.88048,0.87964,0.88043,2586900000.0,2023-01-26 03:42:29.386,2023-01-26 00:54:40.807
2023-01-26 04:00:00,0.88044,0.88144,0.87989,0.87998,2692360000.0,2023-01-26 07:43:37.253,2023-01-26 07:59:55.147
2023-01-26 08:00:00,0.87995,0.88084,0.87881,0.87987,6107028678.0,2023-01-26 09:28:51.495,2023-01-26 11:27:03.262
2023-01-26 12:00:00,0.87988,0.88019,0.87848,0.87859,14753088000.0,2023-01-26 14:57:08.131,2023-01-26 13:27:27.662
2023-01-26 16:00:00,0.8786,0.87932,0.8774,0.87756,6303220000.0,2023-01-26 16:23:40.903,2023-01-26 19:49:50.060
2023-01-26 20:00:00,0.87754,0.87779,0.87723,0.87744,2427398000.0,2023-01-26 23:01:20.230,2023-01-26 23:27:04.347
2023-01-27 00:00:00,0.87745,0.87823,0.87742,0.87776,3322479000.0,2023-01-27 01:15:07.350,2023-01-27 00:58:29.063
2023-01-27 04:00:00,0.87779,0.87911,0.87752,0.87861,3701870000.0,2023-01-27 07:02:31.662,2023-01-27 04:55:10.352
2023-01-27 08:00:00,0.87863,0.88047,0.87845,0.87945,7336600000.0,2023-01-27 11:35:30.432,2023-01-27 08:03:54.515
2023-01-27 12:00:00,0.87946,0.87981,0.87698,0.87703,15117029000.0,2023-01-27 12:24:36.757,2023-01-27 14:57:45.455
2023-01-27 16:00:00,0.87701,0.87737,0.87648,0.87696,6831258000.0,2023-01-27 17:36:07.990,2023-01-27 16:33:16.326
2023-01-27 20:00:00,0.87697,0.87723,0.8764,0.87656,2244000000.0,2023-01-27 20:47:43.325,2023-01-27 21:53:53.380
2023-01-29 20:00:00,0.87639,0.87707,0.87616,0.8767,1164796000.0,2023-01-29 23:37:06.228,2023-01-29 22:05:37.470
2023-01-30 00:00:00,0.87672,0.87753,0.87662,0.87714,4021122000.0,2023-01-30 02:02:06.958,2023-01-30 00:05:42.902
2023-01-30 04:00:00,0.87715,0.87744,0.87624,0.87721,4999698000.0,2023-01-30 07:30:52.465,2023-01-30 06:57:12.043
2023-01-30 08:00:00,0.8773,0.88011,0.87729,0.87979,9559624000.0,2023-01-30 10:07:23.258,2023-01-30 08:00:00.378
2023-01-30 12:00:00,0.8798,0.88032,0.87788,0.87806,11653872000.0,2023-01-30 15:04:14.508,2023-01-30 15:58:01.464
2023-01-30 16:00:00,0.87807,0.87878,0.87785,0.87848,7382100000.0,2023-01-30 19:30:37.998,2023-01-30 16:26:52.358
2023-01-30 20:00:00,0.87852,0.87872,0.87809,0.87852,2344030000.0,2023-01-30 21:26:36.099,2023-01-30 22:48:01.189
2023-01-31 00:00:00,0.87855,0.87856,0.87774,0.87856,2166570000.0,2023-01-31 00:00:00.185,2023-01-31 01:41:50.830
2023-01-31 04:00:00,0.87854,0.87904,0.87754,0.87809,3194929000.0,2023-01-31 04:38:28.896,2023-01-31 07:48:43.363
2023-01-31 08:00:00,0.87811,0.87973,0.87718,0.87913,8963869000.0,2023-01-31 11:55:23.914,2023-01-31 08:11:20.113
2023-01-31 12:00:00,0.87912,0.88298,0.87888,0.88257,14549824000.0,2023-01-31 15:53:45.319,2023-01-31 12:02:07.410
2023-01-31 16:00:00,0.88258,0.88261,0.8808,0.88154,8622400000.0,2023-01-31 16:00:00.355,2023-01-31 17:12:02.131
2023-01-31 20:00:00,0.88158,0.88236,0.88054,0.88236,6606313200.0,2023-01-31 23:25:09.258,2023-01-31 22:04:01.087
2023-02-01 00:00:00,0.88237,0.88279,0.88171,0.88217,1961394000.0,2023-02-01 00:36:12.355,2023-02-01 03:01:25.012
2023-02-01 04:00:00,0.88218,0.88332,0.88189,0.88313,2728398000.0,2023-02-01 07:57:49.481,2023-02-01 06:53:07.527
2023-02-01 08:00:00,0.88312,0.88415,0.88227,0.88362,7719585200.0,2023-02-01 10:12:15.330,2023-02-01 08:22:21.478
2023-02-01 12:00:00,0.88363,0.88614,0.88322,0.88594,16488168000.0,2023-02-01 15:58:15.259,2023-02-01 15:00:00.086
2023-02-01 16:00:00,0.88595,0.88796,0.88574,0.88751,22623046000.0,2023-02-01 19:36:09.375,2023-02-01 16:01:17.723
2023-02-01 20:00:00,0.8875,0.88972,0.88697,0.889,17661355200.0,2023-02-01 23:17:59.248,2023-02-01 22:05:38.844
2023-02-02 00:00:00,0.88899,0.88988,0.88856,0.88957,7594260300.0,2023-02-02 01:36:12.882,2023-02-02 00:04:47.701
2023-02-02 04:00:00,0.88956,0.88963,0.88808,0.88845,4207440000.0,2023-02-02 05:11:16.802,2023-02-02 07:22:48.159
2023-02-02 08:00:00,0.88846,0.89273,0.88799,0.89185,10915581000.0,2023-02-02 11:41:37.588,2023-02-02 08:27:46.013
2023-02-02 12:00:00,0.89183,0.89557,0.8877,0.88967,27947138000.0,2023-02-02 12:47:12.162,2023-02-02 14:40:02.488
2023-02-02 16:00:00,0.88965,0.89193,0.88926,0.89174,10262630000.0,2023-02-02 19:48:14.506,2023-02-02 16:04:54.682
2023-02-02 20:00:00,0.89175,0.89258,0.89142,0.89226,8166131000.0,2023-02-02 21:56:12.566,2023-02-02 20:50:09.382
2023-02-03 00:00:00,0.89229,0.89268,0.89149,0.89199,2855458000.0,2023-02-03 00:16:45.007,2023-02-03 02:00:34.902
2023-02-03 04:00:00,0.89198,0.89393,0.89153,0.89348,3700444000.0,2023-02-03 07:57:52.935,2023-02-03 06:46:01.822
2023-02-03 08:00:00,0.89349,0.89448,0.89127,0.89147,11294602000.0,2023-02-03 08:55:15.128,2023-02-03 11:53:23.144
2023-02-03 12:00:00,0.89148,0.89737,0.89125,0.89701,23332561000.0,2023-02-03 15:46:44.321,2023-02-03 12:04:24.947
2023-02-03 16:00:00,0.89702,0.89787,0.8958,0.89622,19451784000.0,2023-02-03 16:49:05.331,2023-02-03 18:49:10.231
2023-02-03 20:00:00,0.89623,0.89623,0.89553,0.89555,4444300000.0,2023-02-03 20:00:00.057,2023-02-03 21:49:09.091
2023-02-05 20:00:00,0.89557,0.89629,0.89541,0.89582,2429520000.0,2023-02-05 23:00:07.370,2023-02-05 22:16:30.076
2023-02-06 00:00:00,0.89581,0.89638,0.895,0.89522,3537980000.0,2023-02-06 00:49:23.290,2023-02-06 03:24:08.436
2023-02-06 04:00:00,0.89523,0.89535,0.89405,0.89436,3358162000.0,2023-02-06 04:17:58.182,2023-02-06 07:57:12.663
2023-02-06 08:00:00,0.89438,0.89529,0.89294,0.89341,9282562000.0,2023-02-06 10:11:14.450,2023-02-06 11:58:06.219
2023-02-06 12:00:00,0.89343,0.89424,0.89149,0.89322,11372351000.0,2023-02-06 12:13:19.580,2023-02-06 14:58:55.030
2023-02-06 16:00:00,0.89323,0.89355,0.89161,0.89193,6379594000.0,2023-02-06 16:12:24.438,2023-02-06 17:50:56.725
2023-02-06 20:00:00,0.89194,0.89255,0.89144,0.89212,6066611000.0,2023-02-06 20:59:51.909,2023-02-06 22:31:35.702
2023-02-07 00:00:00,0.89209,0.89232,0.891,0.8914,3180738000.0,2023-02-07 00:05:47.361,2023-02-07 03:30:47.193
2023-02-07 04:00:00,0.89141,0.89271,0.8909,0.89197,4304939000.0,2023-02-07 07:40:27.971,2023-02-07 06:31:46.066
2023-02-07 08:00:00,0.89196,0.89393,0.89084,0.89319,10505160574.0,2023-02-07 11:15:02.267,2023-02-07 09:12:32.335
2023-02-07 12:00:00,0.89318,0.89408,0.89012,0.89024,13381016000.0,2023-02-07 12:23:53.688,2023-02-07 15:57:45.217
2023-02-07 16:00:00,0.89023,0.89206,0.88977,0.89076,19017770000.0,2023-02-07 18:32:34.520,2023-02-07 17:57:23.365
2023-02-07 20:00:00,0.89075,0.89088,0.88982,0.89016,6708781000.0,2023-02-07 20:39:17.519,2023-02-07 22:04:07.788
2023-02-08 00:00:00,0.89015,0.89077,0.8899,0.89027,2160512000.0,2023-02-08 02:30:51.840,2023-02-08 00:03:57.862
2023-02-08 04:00:00,0.89031,0.89109,0.88873,0.88917,3133860000.0,2023-02-08 06:25:20.600,2023-02-08 07:59:23.213
2023-02-08 08:00:00,0.88919,0.88984,0.88769,0.88775,8192558975.0,2023-02-08 08:07:14.217,2023-02-08 11:21:21.703
2023-02-08 12:00:00,0.88774,0.88941,0.88745,0.8879,12110708000.0,2023-02-08 15:13:26.835,2023-02-08 13:04:34.771
2023-02-08 16:00:00,0.88789,0.88869,0.88761,0.88832,6151266000.0,2023-02-08 16:26:51.623,2023-02-08 16:57:58.201
2023-02-08 20:00:00,0.8883,0.88844,0.88715,0.88769,4321732000.0,2023-02-08 20:02:14.107,2023-02-08 23:20:01.027
2023-02-09 00:00:00,0.8877,0.8884,0.88767,0.88812,3205632000.0,2023-02-09 01:14:11.748,2023-02-09 00:00:07.519
2023-02-09 04:00:00,0.88815,0.88817,0.88655,0.88736,2795054000.0,2023-02-09 04:02:29.521,2023-02-09 07:06:18.245
2023-02-09 08:00:00,0.88739,0.88757,0.88601,0.88603,7646133300.0,2023-02-09 09:12:48.994,2023-02-09 11:59:55.944
2023-02-09 12:00:00,0.88604,0.88614,0.88423,0.88433,11447575000.0,2023-02-09 12:26:02.503,2023-02-09 15:58:28.266
2023-02-09 16:00:00,0.88434,0.88622,0.88384,0.88602,6569864000.0,2023-02-09 19:50:27.108,2023-02-09 16:13:19.642
2023-02-09 20:00:00,0.88603,0.88643,0.88502,0.88636,9444640000.0,2023-02-09 23:53:51.355,2023-02-09 22:05:09.344
2023-02-10 00:00:00,0.88637,0.88687,0.88578,0.88661,12679229000.0,2023-02-10 03:00:09.054,2023-02-10 00:33:17.765
2023-02-10 04:00:00,0.8866,0.88726,0.88577,0.88615,3926268000.0,2023-02-10 07:17:14.383,2023-02-10 06:59:55.234
2023-02-10 08:00:00,0.88616,0.88657,0.88347,0.88354,8139232000.0,2023-02-10 08:29:12.429,2023-02-10 11:33:56.113
2023-02-10 12:00:00,0.88355,0.88479,0.88238,0.88412,9333351000.0,2023-02-10 15:50:09.591,2023-02-10 14:45:44.578
2023-02-10 16:00:00,0.88415,0.88586,0.88394,0.8858,5236296000.0,2023-02-10 19:58:41.085,2023-02-10 16:01:52.572
2023-02-10 20:00:00,0.88581,0.88598,0.88533,0.88547,1982050000.0,2023-02-10 20:34:16.233,2023-02-10 21:46:28.362
2023-02-12 20:00:00,0.88434,0.88598,0.88423,0.88593,2039100000.0,2023-02-12 23:55:54.587,2023-02-12 22:05:43.893
2023-02-13 00:00:00,0.88592,0.88616,0.88503,0.88532,2189764000.0,2023-02-13 00:11:08.095,2023-02-13 03:39:21.313
2023-02-13 04:00:00,0.88533,0.88614,0.88532,0.88555,2748750000.0,2023-02-13 07:48:40.142,2023-02-13 04:00:00.642
2023-02-13 08:00:00,0.88554,0.88748,0.885,0.88535,6704896000.0,2023-02-13 10:20:54.914,2023-02-13 11:44:07.987
2023-02-13 12:00:00,0.88534,0.88536,0.88233,0.88324,9955603700.0,2023-02-13 12:00:13.692,2023-02-13 15:12:26.537
2023-02-13 16:00:00,0.88323,0.88373,0.88294,0.88336,3907229950.0,2023-02-13 16:35:54.846,2023-02-13 18:57:21.109
2023-02-13 20:00:00,0.88335,0.88358,0.88286,0.88317,3295231000.0,2023-02-13 21:11:04.854,2023-02-13 23:55:59.174
2023-02-14 00:00:00,0.88316,0.88412,0.88314,0.88378,2178499850.0,2023-02-14 03:05:11.214,2023-02-14 00:00:02.637
2023-02-14 04:00:00,0.88377,0.8848,0.88282,0.88405,3706388100.0,2023-02-14 06:46:56.482,2023-02-14 07:04:43.455
2023-02-14 08:00:00,0.88406,0.88418,0.88101,0.88144,6239540000.0,2023-02-14 08:01:37.750,2023-02-14 11:55:30.838
2023-02-14 12:00:00,0.88143,0.88395,0.88025,0.8815,24367363000.0,2023-02-14 14:31:35.462,2023-02-14 13:30:01.525
2023-02-14 16:00:00,0.88151,0.88239,0.88116,0.88209,6571607000.0,2023-02-14 19:28:00.651,2023-02-14 17:32:23.819
2023-02-14 20:00:00,0.88208,0.88242,0.88156,0.88181,6425298100.0,2023-02-14 20:38:59.746,2023-02-14 23:00:06.728
2023-02-15 00:00:00,0.8818,0.88286,0.88159,0.88233,1831499000.0,2023-02-15 02:05:56.811,2023-02-15 00:27:07.856
2023-02-15 04:00:00,0.88234,0.88626,0.8816,0.88622,4056360500.0,2023-02-15 07:59:57.554,2023-02-15 05:08:27.436
2023-02-15 08:00:00,0.88623,0.88839,0.88589,0.88834,12353434850.0,2023-02-15 11:59:44.776,2023-02-15 09:04:04.547
2023-02-15 12:00:00,0.88836,0.89025,0.88779,0.88945,16031869674.0,2023-02-15 15:08:52.885,2023-02-15 12:24:00.505
2023-02-15 16:00:00,0.88944,0.88957,0.8878,0.88849,7695939900.0,2023-02-15 16:02:07.282,2023-02-15 16:50:32.145
2023-02-15 20:00:00,0.8885,0.88884,0.88755,0.88821,4463243000.0,2023-02-15 20:44:44.425,2023-02-15 22:47:14.779
2023-02-16 00:00:00,0.8882,0.88964,0.88802,0.88893,4916885800.0,2023-02-16 00:52:59.893,2023-02-16 00:08:15.311
2023-02-16 04:00:00,0.88892,0.88942,0.88847,0.88895,2021440000.0,2023-02-16 07:00:56.238,2023-02-16 05:08:31.368
2023-02-16 08:00:00,0.88894,0.88915,0.88697,0.88805,6629386242.0,2023-02-16 08:08:27.340,2023-02-16 09:23:15.592
2023-02-16 12:00:00,0.88806,0.89093,0.88798,0.88847,20164196050.0,2023-02-16 13:58:43.171,2023-02-16 12:14:56.194
2023-02-16 16:00:00,0.88848,0.89007,0.88846,0.8899,6845895000.0,2023-02-16 17:38:16.632,2023-02-16 16:00:00.187
2023-02-16 20:00:00,0.88989,0.89074,0.88951,0.8907,6058878950.0,2023-02-16 23:15:33.313,2023-02-16 22:05:26.063
2023-02-17 00:00:00,0.89069,0.89134,0.89035,0.89106,2079032000.0,2023-02-17 02:34:13.517,2023-02-17 00:12:26.436
2023-02-17 04:00:00,0.89108,0.89165,0.89004,0.8916,5341741000.0,2023-02-17 07:58:47.789,2023-02-17 07:00:29.300
2023-02-17 08:00:00,0.89158,0.89286,0.89028,0.89032,7302677350.0,2023-02-17 08:23:51.356,2023-02-17 11:59:16.355
2023-02-17 12:00:00,0.89031,0.89052,0.88729,0.88869,14225050100.0,2023-02-17 12:10:17.627,2023-02-17 15:20:08.341
2023-02-17 16:00:00,0.88867,0.88923,0.88781,0.88791,8307274550.0,2023-02-17 16:03:52.279,2023-02-17 19:42:50.976
2023-02-17 20:00:00,0.88793,0.88823,0.88781,0.88807,2520588600.0,2023-02-17 20:30:04.167,2023-02-17 20:02:02.099
2023-02-19 20:00:00,0.88798,0.88855,0.88791,0.88813,4489840000.0,2023-02-19 23:11:29.254,2023-02-19 23:00:30.177
2023-02-20 00:00:00,0.88812,0.88857,0.88795,0.88815,2961691000.0,2023-02-20 00:58:30.857,2023-02-20 00:33:33.458
2023-02-20 04:00:00,0.88814,0.88871,0.8876,0.88793,2251204500.0,2023-02-20 07:00:03.289,2023-02-20 07:56:35.026
2023-02-20 08:00:00,0.88794,0.88915,0.88751,0.88805,6657019786.0,2023-02-20 08:55:44.701,2023-02-20 08:13:58.201
2023-02-20 12:00:00,0.88804,0.88897,0.88705,0.88832,6469297000.0,2023-02-20 15:53:48.174,2023-02-20 14:01:40.249
2023-02-20 16:00:00,0.88833,0.88842,0.8874,0.88747,1674020500.0,2023-02-20 16:01:26.862,2023-02-20 19:00:13.243
2023-02-20 20:00:00,0.88746,0.88777,0.88717,0.88732,6963962000.0,2023-02-20 23:00:13.572,2023-02-20 22:04:01.069
2023-02-21 00:00:00,0.8873,0.88803,0.88655,0.88715,2243306000.0,2023-02-21 01:33:38.037,2023-02-21 02:35:00.777
2023-02-21 04:00:00,0.88716,0.88867,0.88695,0.88799,2730954450.0,2023-02-21 07:26:40.164,2023-02-21 04:28:20.216
2023-02-21 08:00:00,0.88797,0.88843,0.87935,0.88006,12494967266.0,2023-02-21 08:15:02.756,2023-02-21 11:52:17.278
2023-02-21 12:00:00,0.88005,0.88292,0.87914,0.88001,15042320400.0,2023-02-21 15:22:23.170,2023-02-21 13:13:54.894
2023-02-21 16:00:00,0.88006,0.88077,0.879,0.87944,6942176800.0,2023-02-21 17:23:44.496,2023-02-21 18:59:44.987
2023-02-21 20:00:00,0.87945,0.87991,0.87867,0.87959,5814290453.0,2023-02-21 20:28:59.931,2023-02-21 22:35:21.506
2023-02-22 00:00:00,0.87956,0.8798,0.8785,0.87948,2753472155.0,2023-02-22 00:02:24.459,2023-02-22 01:06:25.655
2023-02-22 04:00:00,0.87949,0.88056,0.87884,0.87939,2681431961.0,2023-02-22 05:17:15.765,2023-02-22 07:43:04.057
2023-02-22 08:00:00,0.87938,0.88223,0.87916,0.87968,7324617517.0,2023-02-22 09:20:33.922,2023-02-22 08:01:42.645
2023-02-22 12:00:00,0.87967,0.88127,0.87837,0.88062,12202331000.0,2023-02-22 15:51:51.753,2023-02-22 12:34:52.147
2023-02-22 16:00:00,0.88061,0.881,0.87988,0.88071,8863343500.0,2023-02-22 16:38:23.945,2023-02-22 19:34:25.670
2023-02-22 20:00:00,0.88072,0.88076,0.87972,0.88031,5375721000.0,2023-02-22 20:13:04.654,2023-02-22 22:08:44.794
2023-02-23 00:00:00,0.88033,0.8808,0.88024,0.88048,2073006000.0,2023-02-23 01:55:02.020,2023-02-23 00:32:00.229
2023-02-23 04:00:00,0.88047,0.88084,0.87966,0.88023,2251693000.0,2023-02-23 05:40:25.825,2023-02-23 07:40:44.101
2023-02-23 08:00:00,0.88021,0.88173,0.87998,0.88145,6934066250.0,2023-02-23 09:21:06.378,2023-02-23 10:15:41.829
2023-02-23 12:00:00,0.88143,0.8817,0.87933,0.88129,11032508750.0,2023-02-23 13:11:01.930,2023-02-23 14:48:31.633
2023-02-23 16:00:00,0.8813,0.88237,0.88032,0.88165,5955279250.0,2023-02-23 17:46:58.419,2023-02-23 16:58:58.340
2023-02-23 20:00:00,0.88166,0.882,0.88072,0.88187,9963661000.0,2023-02-23 21:13:56.417,2023-02-23 22:05:38.132
2023-02-24 00:00:00,0.88188,0.88231,0.8814,0.88166,2169304000.0,2023-02-24 01:28:01.120,2023-02-24 03:37:35.673
2023-02-24 04:00:00,0.88165,0.88212,0.88047,0.88048,2064277400.0,2023-02-24 07:00:20.713,2023-02-24 07:59:55.608
2023-02-24 08:00:00,0.88047,0.88318,0.8798,0.88255,8353767235.0,2023-02-24 11:29:33.874,2023-02-24 08:41:11.700
2023-02-24 12:00:00,0.88259,0.88354,0.88163,0.88283,15676304865.0,2023-02-24 14:32:20.253,2023-02-24 13:55:53.555
2023-02-24 16:00:00,0.88282,0.88358,0.88225,0.88334,5795748050.0,2023-02-24 16:42:51.617,2023-02-24 17:06:05.239
2023-02-24 20:00:00,0.88331,0.88331,0.88283,0.88316,1279988150.0,2023-02-24 20:00:01.103,2023-02-24 20:51:58.450
2023-02-26 20:00:00,0.88165,0.88315,0.88148,0.88311,1088599000.0,2023-02-26 23:48:16.583,2023-02-26 22:05:17.787
2023-02-27 00:00:00,0.88309,0.88327,0.88232,0.88273,2879787000.0,2023-02-27 00:02:43.342,2023-02-27 01:01:53.147
2023-02-27 04:00:00,0.88272,0.88342,0.8822,0.88228,3315851250.0,2023-02-27 06:43:01.356,2023-02-27 07:40:01.217
2023-02-27 08:00:00,0.88229,0.88354,0.88092,0.88131,6032860350.0,2023-02-27 09:09:01.731,2023-02-27 09:51:12.971
2023-02-27 12:00:00,0.8813,0.88202,0.87981,0.88153,12683032750.0,2023-02-27 15:55:04.410,2023-02-27 13:49:21.243
2023-02-27 16:00:00,0.88154,0.88154,0.87893,0.87969,5498571450.0,2023-02-27 16:00:00.067,2023-02-27 17:57:59.039
2023-02-27 20:00:00,0.8797,0.87998,0.87876,0.87954,4775945068.0,2023-02-27 20:39:46.191,2023-02-27 22:07:02.624
2023-02-28 00:00:00,0.87956,0.87972,0.87824,0.8789,2755113141.0,2023-02-28 00:10:05.588,2023-02-28 02:00:31.290
2023-02-28 04:00:00,0.87892,0.88028,0.87872,0.88007,2635847700.0,2023-02-28 07:53:04.417,2023-02-28 06:43:46.168
2023-02-28 08:00:00,0.8801,0.88115,0.87691,0.8771,9095117908.0,2023-02-28 08:07:09.567,2023-02-28 11:00:43.533
2023-02-28 12:00:00,0.87711,0.87771,0.87554,0.87591,12477797100.0,2023-02-28 12:10:57.943,2023-02-28 15:55:01.067
2023-02-28 16:00:00,0.87592,0.87838,0.87548,0.87801,7168511300.0,2023-02-28 19:20:40.253,2023-02-28 16:26:37.182
2023-02-28 20:00:00,0.87798,0.88039,0.8768,0.879,14801850958.0,2023-02-28 22:10:19.393,2023-02-28 22:11:29.338
2023-03-01 00:00:00,0.87901,0.8806,0.87873,0.87988,2983446273.0,2023-03-01 02:33:44.159,2023-03-01 00:11:27.614
2023-03-01 04:00:00,0.87989,0.88117,0.87939,0.881,5511569000.0,2023-03-01 07:58:57.476,2023-03-01 05:30:44.289
2023-03-01 08:00:00,0.88097,0.88643,0.87996,0.88544,20616368085.0,2023-03-01 10:46:16.509,2023-03-01 08:05:58.478
2023-03-01 12:00:00,0.88543,0.88964,0.88476,0.88883,28368704249.0,2023-03-01 15:11:00.733,2023-03-01 12:25:05.606
2023-03-01 16:00:00,0.88884,0.88921,0.88649,0.88691,9355499050.0,2023-03-01 16:09:16.069,2023-03-01 17:07:03.344
2023-03-01 20:00:00,0.88695,0.88756,0.88588,0.88704,3734181800.0,2023-03-01 21:19:14.996,2023-03-01 22:05:00.107
2023-03-02 00:00:00,0.88706,0.88734,0.88652,0.88682,2473847711.0,2023-03-02 01:44:28.102,2023-03-02 00:54:55.391
2023-03-02 04:00:00,0.88681,0.88885,0.88672,0.88797,3338784200.0,2023-03-02 07:26:42.492,2023-03-02 04:13:20.178
2023-03-02 08:00:00,0.88798,0.88918,0.88564,0.88676,7081801950.0,2023-03-02 08:19:12.886,2023-03-02 09:30:47.438
2023-03-02 12:00:00,0.88677,0.88863,0.88647,0.88746,13489298677.0,2023-03-02 14:30:23.941,2023-03-02 12:08:29.236
2023-03-02 16:00:00,0.88751,0.88764,0.88635,0.88673,4470318451.0,2023-03-02 16:20:20.831,2023-03-02 19:03:07.478
2023-03-02 20:00:00,0.88674,0.88723,0.88646,0.88691,1769801307.0,2023-03-02 20:15:12.382,2023-03-02 22:07:14.193
2023-03-03 00:00:00,0.88689,0.88694,0.88614,0.88645,2744122300.0,2023-03-03 00:00:29.110,2023-03-03 01:13:19.801
2023-03-03 04:00:00,0.88644,0.88681,0.8859,0.88618,2715320540.0,2023-03-03 07:06:14.559,2023-03-03 07:24:31.556
2023-03-03 08:00:00,0.88616,0.88686,0.88438,0.88474,8540350700.0,2023-03-03 08:51:29.149,2023-03-03 11:51:11.828
2023-03-03 12:00:00,0.88475,0.88557,0.88411,0.88487,9147819790.0,2023-03-03 15:21:52.069,2023-03-03 13:33:12.186
2023-03-03 16:00:00,0.88488,0.88557,0.88265,0.88291,5824815364.0,2023-03-03 17:25:21.045,2023-03-03 19:53:14.255
2023-03-03 20:00:00,0.88292,0.88326,0.88266,0.88277,3175374455.0,2023-03-03 20:36:03.585,2023-03-03 21:29:07.690
2023-03-05 20:00:00,0.88248,0.88342,0.88238,0.88341,1524414925.0,2023-03-05 23:59:10.757,2023-03-05 22:18:31.855
2023-03-06 00:00:00,0.88339,0.88411,0.88311,0.88392,3319272450.0,2023-03-06 02:53:28.374,2023-03-06 00:02:07.900
2023-03-06 04:00:00,0.88394,0.88507,0.88387,0.88462,2334183500.0,2023-03-06 06:58:31.741,2023-03-06 04:02:18.021
2023-03-06 08:00:00,0.88459,0.88749,0.88336,0.88666,8724840348.0,2023-03-06 11:55:02.960,2023-03-06 10:01:14.156
2023-03-06 12:00:00,0.88665,0.88872,0.88568,0.88786,11688920702.0,2023-03-06 14:52:37.158,2023-03-06 13:24:30.451
2023-03-06 16:00:00,0.88785,0.88841,0.8873,0.8884,10932592990.0,2023-03-06 19:59:51.442,2023-03-06 17:24:31.447
2023-03-06 20:00:00,0.88838,0.88863,0.88733,0.88856,5367119778.0,2023-03-06 23:25:03.395,2023-03-06 22:05:06.083
2023-03-07 00:00:00,0.88857,0.88874,0.88752,0.88759,2174533250.0,2023-03-07 00:15:22.208,2023-03-07 01:54:05.457
2023-03-07 04:00:00,0.88758,0.88771,0.88567,0.88683,3469362000.0,2023-03-07 05:59:59.233,2023-03-07 07:16:35.988
2023-03-07 08:00:00,0.88682,0.88954,0.88584,0.88882,10934402450.0,2023-03-07 11:45:56.270,2023-03-07 09:09:41.887
2023-03-07 12:00:00,0.88881,0.89196,0.88835,0.89134,25122417464.0,2023-03-07 15:52:16.894,2023-03-07 14:43:38.725
2023-03-07 16:00:00,0.89132,0.89251,0.89127,0.89197,13236733191.0,2023-03-07 19:24:46.396,2023-03-07 16:00:01.167
2023-03-07 20:00:00,0.89199,0.8922,0.89061,0.89186,3993945975.0,2023-03-07 21:30:32.201,2023-03-07 22:05:25.455
2023-03-08 00:00:00,0.89185,0.89193,0.89104,0.8914,3113495000.0,2023-03-08 00:00:36.315,2023-03-08 02:33:22.071
2023-03-08 04:00:00,0.89139,0.89214,0.8906,0.89164,4398791100.0,2023-03-08 07:51:16.340,2023-03-08 06:58:25.005
2023-03-08 08:00:00,0.89162,0.8922,0.88963,0.8903,7601276070.0,2023-03-08 08:06:07.050,2023-03-08 11:25:52.892
2023-03-08 12:00:00,0.89029,0.89217,0.88961,0.89155,18932566450.0,2023-03-08 15:20:41.433,2023-03-08 12:14:40.679
2023-03-08 16:00:00,0.89154,0.89176,0.8905,0.89051,9637075000.0,2023-03-08 16:03:44.925,2023-03-08 19:58:04.209
2023-03-08 20:00:00,0.89049,0.89068,0.88979,0.89025,7180823700.0,2023-03-08 20:03:46.744,2023-03-08 22:30:23.667
2023-03-09 00:00:00,0.89024,0.89067,0.89004,0.89044,1495561958.0,2023-03-09 01:50:55.444,2023-03-09 00:10:42.963
2023-03-09 04:00:00,0.89043,0.89114,0.88952,0.89082,2323536738.0,2023-03-09 07:54:29.872,2023-03-09 05:14:35.479
2023-03-09 08:00:00,0.89084,0.89138,0.88834,0.88913,9145064000.0,2023-03-09 08:01:16.062,2023-03-09 08:42:30.994
2023-03-09 12:00:00,0.88912,0.88935,0.88678,0.88731,12789596800.0,2023-03-09 12:30:52.927,2023-03-09 15:11:20.200
2023-03-09 16:00:00,0.88729,0.88807,0.88657,0.88796,8866589256.0,2023-03-09 19:58:45.287,2023-03-09 18:03:31.439
2023-03-09 20:00:00,0.88795,0.88821,0.88721,0.8878,6181093781.0,2023-03-09 20:28:33.120,2023-03-09 22:04:01.068
2023-03-10 00:00:00,0.88779,0.88896,0.88779,0.88864,5248181391.0,2023-03-10 03:07:36.113,2023-03-10 00:00:00.100
2023-03-10 04:00:00,0.88865,0.88871,0.88609,0.88616,6406139225.0,2023-03-10 04:03:07.499,2023-03-10 07:00:49.135
2023-03-10 08:00:00,0.88615,0.88728,0.88241,0.88296,12945467802.0,2023-03-10 09:03:18.204,2023-03-10 11:54:54.208
2023-03-10 12:00:00,0.88297,0.88432,0.882,0.88333,27506390650.0,2023-03-10 14:36:09.212,2023-03-10 13:34:08.000
2023-03-10 16:00:00,0.88334,0.88523,0.88326,0.88457,17221763235.0,2023-03-10 17:11:09.859,2023-03-10 16:00:22.648
2023-03-10 20:00:00,0.88458,0.8851,0.88396,0.8841,4389602950.0,2023-03-10 20:46:07.043,2023-03-10 21:49:36.883
2023-03-12 20:00:00,0.88369,0.8854,0.88289,0.88448,4415175857.0,2023-03-12 22:43:01.974,2023-03-12 22:20:14.525
2023-03-13 00:00:00,0.88451,0.88525,0.88365,0.88397,5329527058.0,2023-03-13 01:34:15.594,2023-03-13 02:26:25.060
2023-03-13 04:00:00,0.88398,0.88634,0.88398,0.88617,7168211538.0,2023-03-13 07:57:22.857,2023-03-13 04:00:00.724
2023-03-13 08:00:00,0.88614,0.88619,0.88255,0.88299,19048736400.0,2023-03-13 08:05:16.575,2023-03-13 11:58:22.742
2023-03-13 12:00:00,0.88301,0.88523,0.88114,0.88276,28108175800.0,2023-03-13 13:55:39.017,2023-03-13 15:19:31.604
2023-03-13 16:00:00,0.88274,0.88373,0.87991,0.88052,16809415638.0,2023-03-13 17:12:05.666,2023-03-13 18:59:58.765
2023-03-13 20:00:00,0.88051,0.88149,0.88006,0.88129,7953092404.0,2023-03-13 23:29:27.533,2023-03-13 22:05:48.798
2023-03-14 00:00:00,0.8813,0.88155,0.88052,0.88053,6182557760.0,2023-03-14 00:23:50.313,2023-03-14 03:59:55.238
2023-03-14 04:00:00,0.88052,0.8808,0.87778,0.87941,6708161590.0,2023-03-14 05:39:34.049,2023-03-14 07:30:19.176
2023-03-14 08:00:00,0.87943,0.88209,0.87908,0.88122,14996849150.0,2023-03-14 10:50:44.834,2023-03-14 08:00:30.356
2023-03-14 12:00:00,0.88123,0.88362,0.87975,0.88276,30232593708.0,2023-03-14 15:53:33.506,2023-03-14 13:55:26.730
2023-03-14 16:00:00,0.88278,0.88296,0.88139,0.88202,12706617306.0,2023-03-14 16:01:51.333,2023-03-14 17:01:15.193
2023-03-14 20:00:00,0.88203,0.88315,0.88189,0.88278,11263778053.0,2023-03-14 20:42:04.774,2023-03-14 20:05:48.103
2023-03-15 00:00:00,0.88277,0.88358,0.88264,0.88319,2606936837.0,2023-03-15 02:41:23.500,2023-03-15 02:00:19.793
2023-03-15 04:00:00,0.8832,0.88433,0.88286,0.8832,4173402700.0,2023-03-15 07:22:56.735,2023-03-15 06:52:32.091
2023-03-15 08:00:00,0.88321,0.88371,0.87703,0.87739,24023132953.0,2023-03-15 08:29:37.972,2023-03-15 11:58:21.974
2023-03-15 12:00:00,0.87738,0.87746,0.87182,0.87553,39160576774.0,2023-03-15 12:00:10.055,2023-03-15 13:44:19.017
2023-03-15 16:00:00,0.87555,0.87793,0.87537,0.87731,29777791861.0,2023-03-15 17:05:23.507,2023-03-15 16:10:18.865
2023-03-15 20:00:00,0.87732,0.87795,0.87606,0.87689,5111403618.0,2023-03-15 22:11:57.918,2023-03-15 21:07:12.997
2023-03-16 00:00:00,0.8769,0.878,0.8761,0.87767,5502393411.0,2023-03-16 02:03:53.022,2023-03-16 00:32:39.591
2023-03-16 04:00:00,0.87768,0.8791,0.8774,0.87839,5825115776.0,2023-03-16 07:23:12.240,2023-03-16 04:10:51.637
2023-03-16 08:00:00,0.87842,0.88192,0.87749,0.8808,13796750866.0,2023-03-16 11:05:01.109,2023-03-16 08:19:27.771
2023-03-16 12:00:00,0.88081,0.88091,0.87531,0.87704,28717377192.0,2023-03-16 12:00:13.600,2023-03-16 15:47:08.274
2023-03-16 16:00:00,0.87705,0.87714,0.87474,0.87605,12942829200.0,2023-03-16 16:00:03.167,2023-03-16 17:58:42.780
2023-03-16 20:00:00,0.87606,0.87667,0.87565,0.8764,5365338650.0,2023-03-16 23:09:26.096,2023-03-16 20:22:51.984
2023-03-17 00:00:00,0.87639,0.8769,0.87599,0.87643,4126064900.0,2023-03-17 00:53:08.203,2023-03-17 02:37:10.902
2023-03-17 04:00:00,0.87645,0.87711,0.87555,0.87659,4784763878.0,2023-03-17 07:22:06.706,2023-03-17 06:01:28.819
2023-03-17 08:00:00,0.8766,0.8783,0.87519,0.87619,11190291650.0,2023-03-17 09:15:52.839,2023-03-17 11:30:10.477
2023-03-17 12:00:00,0.87618,0.87697,0.87448,0.87695,14427208127.0,2023-03-17 15:59:47.132,2023-03-17 14:42:56.400
2023-03-17 16:00:00,0.87694,0.87722,0.87513,0.87602,8545365592.0,2023-03-17 16:00:50.141,2023-03-17 18:39:52.339
2023-03-17 20:00:00,0.87599,0.87622,0.87562,0.87575,923068000.0,2023-03-17 20:03:37.951,2023-03-17 20:53:34.194
2023-03-19 20:00:00,0.87448,0.8764,0.87448,0.87637,1132920262.0,2023-03-19 23:38:11.711,2023-03-19 21:05:00.068
2023-03-20 00:00:00,0.87638,0.87689,0.87578,0.87642,3918717424.0,2023-03-20 01:41:13.758,2023-03-20 00:54:56.373
2023-03-20 04:00:00,0.8764,0.87649,0.87415,0.87416,7982631050.0,2023-03-20 04:13:23.777,2023-03-20 07:15:21.448
2023-03-20 08:00:00,0.87414,0.87679,0.87281,0.87534,15077384450.0,2023-03-20 10:35:44.989,2023-03-20 08:55:28.600
2023-03-20 12:00:00,0.87535,0.87615,0.87429,0.87481,12721274098.0,2023-03-20 12:32:53.881,2023-03-20 15:47:49.336
2023-03-20 16:00:00,0.87477,0.87493,0.87299,0.8734,7576583450.0,2023-03-20 16:01:07.548,2023-03-20 18:29:13.970
2023-03-20 20:00:00,0.87342,0.87362,0.87293,0.87325,3856574292.0,2023-03-20 20:37:16.815,2023-03-20 21:12:00.813
2023-03-21 00:00:00,0.87327,0.87426,0.87305,0.87406,4857647312.0,2023-03-21 03:46:46.186,2023-03-21 01:02:38.934
2023-03-21 04:00:00,0.87403,0.87597,0.8738,0.87594,3395431600.0,2023-03-21 07:59:43.781,2023-03-21 05:54:51.489
2023-03-21 08:00:00,0.87593,0.8799,0.8753,0.87985,12550781100.0,2023-03-21 11:59:42.288,2023-03-21 08:02:20.974
2023-03-21 12:00:00,0.87986,0.88397,0.87945,0.88304,16518064700.0,2023-03-21 15:49:24.684,2023-03-21 12:00:58.522
2023-03-21 16:00:00,0.88303,0.88392,0.88115,0.88142,9156189686.0,2023-03-21 16:41:38.372,2023-03-21 19:00:01.016
2023-03-21 20:00:00,0.88141,0.8816,0.88104,0.88118,1956548375.0,2023-03-21 20:57:03.927,2023-03-21 23:00:00.041
2023-03-22 00:00:00,0.88119,0.88199,0.8805,0.88056,3081968434.0,2023-03-22 01:30:04.397,2023-03-22 03:49:05.236
2023-03-22 04:00:00,0.88054,0.88105,0.87722,0.87813,4124122200.0,2023-03-22 06:06:04.796,2023-03-22 07:10:27.517
2023-03-22 08:00:00,0.87816,0.88002,0.87724,0.88,9666441461.0,2023-03-22 11:59:58.272,2023-03-22 08:25:07.760
2023-03-22 12:00:00,0.87999,0.88242,0.87855,0.8823,22433858008.0,2023-03-22 15:36:53.043,2023-03-22 13:04:09.923
2023-03-22 16:00:00,0.88229,0.8853,0.88074,0.88528,24296531386.0,2023-03-22 19:59:57.952,2023-03-22 17:43:23.659
2023-03-22 20:00:00,0.88525,0.88554,0.88451,0.88523,7627624850.0,2023-03-22 22:17:45.717,2023-03-22 20:59:44.762
2023-03-23 00:00:00,0.88522,0.88593,0.88466,0.88505,5399765689.0,2023-03-23 01:52:10.763,2023-03-23 02:53:35.634
2023-03-23 04:00:00,0.88506,0.88605,0.88464,0.88591,7119100300.0,2023-03-23 07:59:06.717,2023-03-23 05:50:37.789
2023-03-23 08:00:00,0.88592,0.88592,0.88313,0.88385,9307382989.0,2023-03-23 08:00:00.051,2023-03-23 09:27:10.970
2023-03-23 12:00:00,0.88387,0.88652,0.882,0.88384,18258613545.0,2023-03-23 12:55:53.784,2023-03-23 12:00:54.891
2023-03-23 16:00:00,0.88383,0.88435,0.88149,0.88195,14159345362.0,2023-03-23 17:31:17.772,2023-03-23 19:34:58.227
2023-03-23 20:00:00,0.88194,0.88236,0.88124,0.88221,3384394165.0,2023-03-23 20:07:27.761,2023-03-23 21:43:16.606
2023-03-24 00:00:00,0.88223,0.88267,0.88155,0.88161,6151374502.0,2023-03-24 02:01:49.508,2023-03-24 03:59:51.603
2023-03-24 04:00:00,0.8816,0.88238,0.88145,0.88237,5291020650.0,2023-03-24 06:59:47.707,2023-03-24 04:10:35.366
2023-03-24 08:00:00,0.88236,0.8825,0.87769,0.8788,18562590600.0,2023-03-24 08:03:01.487,2023-03-24 09:58:08.760
2023-03-24 12:00:00,0.87879,0.88144,0.87848,0.88033,25979924420.0,2023-03-24 13:55:37.651,2023-03-24 12:06:12.110
2023-03-24 16:00:00,0.88032,0.88101,0.87958,0.87998,9443446392.0,2023-03-24 17:24:35.623,2023-03-24 16:36:05.196
2023-03-24 20:00:00,0.87997,0.88007,0.87965,0.87978,888099300.0,2023-03-24 20:00:15.170,2023-03-24 20:54:00.169
2023-03-26 20:00:00,0.87991,0.8807,0.87934,0.88012,3701597000.0,2023-03-26 22:09:45.916,2023-03-26 21:58:24.662
2023-03-27 00:00:00,0.88011,0.88014,0.87934,0.87968,3617000750.0,2023-03-27 00:00:03.299,2023-03-27 02:17:16.771
2023-03-27 04:00:00,0.87967,0.88016,0.87852,0.87875,6006798750.0,2023-03-27 06:26:13.138,2023-03-27 07:51:42.825
2023-03-27 08:00:00,0.87876,0.87927,0.87764,0.87829,13094172850.0,2023-03-27 08:02:43.137,2023-03-27 11:08:08.343
2023-03-27 12:00:00,0.87828,0.88038,0.87759,0.87867,19314570800.0,2023-03-27 13:29:57.462,2023-03-27 14:27:11.332
2023-03-27 16:00:00,0.87866,0.87921,0.87835,0.87861,8092237682.0,2023-03-27 17:34:34.189,2023-03-27 16:55:58.373
2023-03-27 20:00:00,0.8786,0.87912,0.87856,0.87878,2587366802.0,2023-03-27 22:22:20.629,2023-03-27 20:00:23.838
2023-03-28 00:00:00,0.87877,0.87884,0.87771,0.87794,4131222650.0,2023-03-28 00:21:08.686,2023-03-28 03:37:34.915
2023-03-28 04:00:00,0.87791,0.87915,0.87709,0.87901,6569582900.0,2023-03-28 07:57:57.774,2023-03-28 06:58:08.146
2023-03-28 08:00:00,0.87899,0.88068,0.87856,0.87906,10984454700.0,2023-03-28 09:55:51.702,2023-03-28 11:06:25.955
2023-03-28 12:00:00,0.87905,0.88069,0.87807,0.87863,11397322850.0,2023-03-28 12:55:02.221,2023-03-28 15:49:29.290
2023-03-28 16:00:00,0.87865,0.87899,0.87798,0.87887,5318630800.0,2023-03-28 18:59:31.000,2023-03-28 17:44:07.317
2023-03-28 20:00:00,0.87886,0.87925,0.87831,0.87902,2584564650.0,2023-03-28 23:49:44.136,2023-03-28 21:22:56.301
2023-03-29 00:00:00,0.87901,0.87952,0.87879,0.8792,2032309132.0,2023-03-29 01:56:24.151,2023-03-29 00:16:08.769
2023-03-29 04:00:00,0.87919,0.87983,0.87806,0.87951,4824766260.0,2023-03-29 05:50:40.270,2023-03-29 06:59:41.424
2023-03-29 08:00:00,0.8795,0.88048,0.87846,0.8797,9297811479.0,2023-03-29 08:26:09.396,2023-03-29 09:32:42.640
2023-03-29 12:00:00,0.87969,0.88112,0.87903,0.8793,12919197070.0,2023-03-29 13:16:53.067,2023-03-29 15:28:53.517
2023-03-29 16:00:00,0.87929,0.88076,0.87911,0.8803,4405850404.0,2023-03-29 18:19:50.307,2023-03-29 16:30:54.234
2023-03-29 20:00:00,0.88031,0.88089,0.87994,0.88077,3269886238.0,2023-03-29 22:40:28.065,2023-03-29 21:27:27.646
2023-03-30 00:00:00,0.88078,0.88095,0.88022,0.88041,2388739280.0,2023-03-30 01:09:55.650,2023-03-30 02:37:26.443
2023-03-30 04:00:00,0.88039,0.8807,0.87794,0.87884,11119243000.0,2023-03-30 05:19:30.768,2023-03-30 07:12:59.713
2023-03-30 08:00:00,0.87882,0.88213,0.87867,0.88168,12065045510.0,2023-03-30 11:19:07.034,2023-03-30 08:00:41.708
2023-03-30 12:00:00,0.88167,0.88282,0.88083,0.88117,15591358285.0,2023-03-30 13:10:21.457,2023-03-30 15:40:05.312
2023-03-30 16:00:00,0.88116,0.88133,0.87986,0.88029,5292397690.0,2023-03-30 16:24:31.787,2023-03-30 17:33:23.775
2023-03-30 20:00:00,0.88028,0.88046,0.87973,0.8803,1114365790.0,2023-03-30 23:56:44.262,2023-03-30 21:04:01.072
2023-03-31 00:00:00,0.88031,0.88059,0.87928,0.87971,4091365593.0,2023-03-31 00:39:40.004,2023-03-31 01:30:43.219
2023-03-31 04:00:00,0.87972,0.88054,0.87926,0.8801,5482119650.0,2023-03-31 07:45:08.723,2023-03-31 06:58:09.280
2023-03-31 08:00:00,0.88009,0.88076,0.87764,0.87821,9915001961.0,2023-03-31 08:55:47.263,2023-03-31 11:41:25.117
2023-03-31 12:00:00,0.87823,0.8801,0.87774,0.879,26709105888.0,2023-03-31 14:52:25.724,2023-03-31 15:25:49.186
2023-03-31 16:00:00,0.87899,0.88041,0.87879,0.8791,11681949310.0,2023-03-31 17:00:57.365,2023-03-31 16:02:49.310
2023-03-31 20:00:00,0.87911,0.87942,0.87902,0.87924,1206373400.0,2023-03-31 20:50:05.755,2023-03-31 20:06:54.145
2023-04-02 20:00:00,0.87885,0.87944,0.87798,0.87922,5546241000.0,2023-04-02 22:00:45.317,2023-04-02 22:35:07.766
2023-04-03 00:00:00,0.87923,0.87939,0.87834,0.87887,2166859000.0,2023-04-03 00:01:11.720,2023-04-03 02:57:07.943
2023-04-03 04:00:00,0.87888,0.8799,0.87857,0.87955,4685189000.0,2023-04-03 07:56:01.154,2023-04-03 05:33:03.260
2023-04-03 08:00:00,0.87953,0.88066,0.87776,0.87832,8633525800.0,2023-04-03 08:52:32.881,2023-04-03 11:36:18.782
2023-04-03 12:00:00,0.8783,0.87897,0.8771,0.87809,12454923800.0,2023-04-03 14:26:30.049,2023-04-03 12:34:46.656
2023-04-03 16:00:00,0.87808,0.87889,0.87774,0.87792,5292979000.0,2023-04-03 16:36:47.465,2023-04-03 19:53:11.311
2023-04-03 20:00:00,0.87791,0.87821,0.87758,0.87811,2002846000.0,2023-04-03 22:15:02.111,2023-04-03 21:05:11.074
2023-04-04 00:00:00,0.8781,0.87859,0.87776,0.87776,2865113000.0,2023-04-04 00:54:59.687,2023-04-04 03:59:55.887
2023-04-04 04:00:00,0.87775,0.87824,0.87538,0.87612,9469907000.0,2023-04-04 07:14:22.379,2023-04-04 07:45:20.034
2023-04-04 08:00:00,0.87613,0.87618,0.87291,0.8731,19545055000.0,2023-04-04 08:00:03.923,2023-04-04 11:37:59.580
2023-04-04 12:00:00,0.87312,0.87717,0.87293,0.87613,49487281000.0,2023-04-04 15:31:19.627,2023-04-04 12:05:47.734
2023-04-04 16:00:00,0.87614,0.8767,0.87585,0.87661,10150614000.0,2023-04-04 19:57:20.870,2023-04-04 18:21:48.110
2023-04-04 20:00:00,0.87664,0.87679,0.87556,0.87664,1802895000.0,2023-04-04 23:56:14.101,2023-04-04 21:04:08.930
2023-04-05 00:00:00,0.87665,0.87793,0.87646,0.8774,2773391000.0,2023-04-05 00:58:52.248,2023-04-05 00:07:40.542
2023-04-05 04:00:00,0.87739,0.87768,0.87609,0.87693,5848747200.0,2023-04-05 05:30:46.794,2023-04-05 07:14:09.735
2023-04-05 08:00:00,0.87691,0.87853,0.87665,0.87719,14124203000.0,2023-04-05 09:45:53.332,2023-04-05 11:52:43.067
2023-04-05 12:00:00,0.87717,0.87773,0.87514,0.87561,23200730000.0,2023-04-05 14:45:21.263,2023-04-05 15:38:27.840
2023-04-05 16:00:00,0.87562,0.87576,0.8745,0.87513,5710303000.0,2023-04-05 16:02:12.272,2023-04-05 17:45:56.647
2023-04-05 20:00:00,0.87512,0.87528,0.87482,0.87484,1274712000.0,2023-04-05 20:06:31.292,2023-04-05 23:59:29.240
2023-04-06 00:00:00,0.87485,0.87534,0.87475,0.87512,2693542000.0,2023-04-06 01:54:24.979,2023-04-06 00:09:56.805
2023-04-06 04:00:00,0.87513,0.87558,0.87413,0.8747,7182169000.0,2023-04-06 06:30:10.048,2023-04-06 07:26:29.221
2023-04-06 08:00:00,0.87471,0.87554,0.8739,0.87466,8320707000.0,2023-04-06 10:00:21.573,2023-04-06 09:06:34.416
2023-04-06 12:00:00,0.87467,0.87855,0.87455,0.87725,30105468000.0,2023-04-06 15:01:04.454,2023-04-06 12:01:33.297
2023-04-06 16:00:00,0.87724,0.87797,0.87706,0.87778,3551014000.0,2023-04-06 18:25:13.574,2023-04-06 16:01:06.143
2023-04-06 20:00:00,0.87777,0.87796,0.87683,0.8779,2888572000.0,2023-04-06 20:29:50.463,2023-04-06 21:05:26.317
2023-04-07 00:00:00,0.87791,0.87793,0.87711,0.8772,879335000.0,2023-04-07 00:00:43.469,2023-04-07 03:53:02.341
2023-04-07 04:00:00,0.87719,0.87799,0.87652,0.87768,2058078000.0,2023-04-07 07:05:52.315,2023-04-07 06:27:17.267
2023-04-07 08:00:00,0.8777,0.87805,0.87709,0.87778,1876314000.0,2023-04-07 11:19:20.694,2023-04-07 10:12:18.002
2023-04-07 12:00:00,0.8778,0.87904,0.8771,0.87831,12059678000.0,2023-04-07 12:48:29.590,2023-04-07 12:30:42.067
2023-04-07 16:00:00,0.87832,0.87859,0.87727,0.87744,18910555000.0,2023-04-07 16:26:08.205,2023-04-07 19:58:51.651
2023-04-07 20:00:00,0.8775,0.87781,0.87702,0.87707,1020000000.0,2023-04-07 20:28:04.051,2023-04-07 20:37:46.824
2023-04-09 20:00:00,0.87623,0.87831,0.87623,0.87783,2000964000.0,2023-04-09 22:08:14.527,2023-04-09 21:05:00.077
2023-04-10 00:00:00,0.87784,0.87834,0.87768,0.87834,1885406000.0,2023-04-10 03:59:44.091,2023-04-10 00:01:45.269
2023-04-10 04:00:00,0.87831,0.87892,0.87788,0.87845,4107531000.0,2023-04-10 06:18:36.401,2023-04-10 05:35:33.882
2023-04-10 08:00:00,0.87846,0.87849,0.87696,0.87722,4930453000.0,2023-04-10 08:00:02.546,2023-04-10 09:58:08.427
2023-04-10 12:00:00,0.87721,0.87913,0.87639,0.87711,29067339200.0,2023-04-10 12:49:55.647,2023-04-10 14:39:19.298
2023-04-10 16:00:00,0.87712,0.87726,0.87652,0.87707,5107987000.0,2023-04-10 18:53:15.382,2023-04-10 17:00:02.347
2023-04-10 20:00:00,0.87708,0.87726,0.87684,0.8771,1654862000.0,2023-04-10 20:18:38.937,2023-04-10 21:40:59.602
2023-04-11 00:00:00,0.87712,0.87744,0.87678,0.87707,2322558000.0,2023-04-11 02:02:29.474,2023-04-11 00:19:36.745
2023-04-11 04:00:00,0.87705,0.87765,0.87631,0.87692,4310386000.0,2023-04-11 05:39:19.782,2023-04-11 06:55:01.555
2023-04-11 08:00:00,0.87691,0.87843,0.87628,0.87743,7643542000.0,2023-04-11 11:25:53.164,2023-04-11 08:30:34.547
2023-04-11 12:00:00,0.87739,0.87888,0.87712,0.87882,12868394000.0,2023-04-11 13:56:15.029,2023-04-11 12:13:21.953
2023-04-11 16:00:00,0.87883,0.87895,0.87796,0.87834,3620724000.0,2023-04-11 16:09:24.506,2023-04-11 17:10:50.254
2023-04-11 20:00:00,0.87835,0.87839,0.87787,0.87824,1399672000.0,2023-04-11 20:05:43.248,2023-04-11 21:29:33.059
2023-04-12 00:00:00,0.87825,0.87902,0.87822,0.87863,3820344000.0,2023-04-12 00:55:09.419,2023-04-12 00:00:00.982
2023-04-12 04:00:00,0.87862,0.87966,0.87836,0.87948,6680096000.0,2023-04-12 07:58:53.365,2023-04-12 05:00:57.426
2023-04-12 08:00:00,0.87947,0.88096,0.87926,0.88044,6369759500.0,2023-04-12 11:37:35.870,2023-04-12 08:47:46.040
2023-04-12 12:00:00,0.88045,0.88194,0.88002,0.88107,19811587000.0,2023-04-12 12:34:56.727,2023-04-12 13:25:59.080
2023-04-12 16:00:00,0.88106,0.88112,0.88013,0.88018,4362978000.0,2023-04-12 16:00:31.680,2023-04-12 18:28:59.837
2023-04-12 20:00:00,0.88017,0.88046,0.88005,0.88026,2138104000.0,2023-04-12 21:44:19.663,2023-04-12 23:24:20.314
2023-04-13 00:00:00,0.88028,0.88085,0.8796,0.87997,2182149000.0,2023-04-13 00:59:10.074,2023-04-13 03:24:15.463
2023-04-13 04:00:00,0.87996,0.88027,0.8792,0.8802,5178080000.0,2023-04-13 06:00:59.219,2023-04-13 07:12:58.521
2023-04-13 08:00:00,0.88021,0.88132,0.87963,0.88057,8140461000.0,2023-04-13 10:02:08.814,2023-04-13 09:00:08.387
2023-04-13 12:00:00,0.88056,0.88388,0.88031,0.88211,26394808000.0,2023-04-13 14:44:11.110,2023-04-13 12:30:01.787
2023-04-13 16:00:00,0.88212,0.88256,0.88165,0.88195,5421951000.0,2023-04-13 17:02:33.059,2023-04-13 18:08:02.823
2023-04-13 20:00:00,0.88197,0.88238,0.88146,0.88237,1534490700.0,2023-04-13 23:59:47.498,2023-04-13 21:04:01.119
2023-04-14 00:00:00,0.88239,0.88311,0.88232,0.88265,4161504000.0,2023-04-14 00:55:01.409,2023-04-14 00:01:42.492
2023-04-14 04:00:00,0.88263,0.88362,0.88255,0.88331,4078785000.0,2023-04-14 07:42:20.312,2023-04-14 04:24:38.036
2023-04-14 08:00:00,0.8833,0.88487,0.88325,0.88481,5860959000.0,2023-04-14 11:59:52.916,2023-04-14 08:00:08.822
2023-04-14 12:00:00,0.88482,0.88519,0.88341,0.88426,17297663000.0,2023-04-14 14:49:34.241,2023-04-14 13:01:16.572
2023-04-14 16:00:00,0.88425,0.88598,0.88394,0.88562,11235756000.0,2023-04-14 19:03:46.387,2023-04-14 16:04:20.511
2023-04-14 20:00:00,0.88561,0.88577,0.88545,0.88551,484656000.0,2023-04-14 20:49:30.295,2023-04-14 20:53:25.265
2023-04-16 20:00:00,0.88447,0.88593,0.88438,0.8857,952760000.0,2023-04-16 23:52:40.333,2023-04-16 21:07:14.897
2023-04-17 00:00:00,0.88571,0.88589,0.88485,0.8849,3131740000.0,2023-04-17 00:03:53.515,2023-04-17 03:37:49.602
2023-04-17 04:00:00,0.88491,0.88581,0.88435,0.88545,5359473000.0,2023-04-17 07:56:52.902,2023-04-17 06:55:45.400
2023-04-17 08:00:00,0.88544,0.88641,0.88333,0.88345,7485619000.0,2023-04-17 09:29:18.614,2023-04-17 11:59:01.424
2023-04-17 12:00:00,0.88346,0.88391,0.88208,0.88323,18087352000.0,2023-04-17 12:07:55.741,2023-04-17 13:22:53.927
2023-04-17 16:00:00,0.88326,0.88335,0.88274,0.88302,3909097000.0,2023-04-17 16:08:21.406,2023-04-17 17:32:06.176
2023-04-17 20:00:00,0.883,0.88307,0.8825,0.88287,619208000.0,2023-04-17 20:18:06.571,2023-04-17 21:48:31.911
2023-04-18 00:00:00,0.88286,0.88327,0.88271,0.88313,872568000.0,2023-04-18 01:37:41.153,2023-04-18 00:02:41.389
2023-04-18 04:00:00,0.88312,0.8832,0.88166,0.88257,4954738000.0,2023-04-18 04:09:46.249,2023-04-18 07:11:10.849
2023-04-18 08:00:00,0.88254,0.88306,0.88138,0.88143,8564727000.0,2023-04-18 10:14:39.038,2023-04-18 11:55:22.238
2023-04-18 12:00:00,0.88142,0.88266,0.88095,0.88223,14934986000.0,2023-04-18 15:40:56.811,2023-04-18 13:46:11.588
2023-04-18 16:00:00,0.88226,0.88294,0.88218,0.88289,2841352000.0,2023-04-18 19:48:02.568,2023-04-18 16:01:43.009
2023-04-18 20:00:00,0.88287,0.88334,0.8823,0.88329,1486391000.0,2023-04-18 23:55:15.775,2023-04-18 21:28:21.753
2023-04-19 00:00:00,0.8833,0.88379,0.883,0.88358,2718653000.0,2023-04-19 01:39:30.584,2023-04-19 00:23:41.904
2023-04-19 04:00:00,0.88357,0.88362,0.87916,0.87985,7528594000.0,2023-04-19 04:01:18.155,2023-04-19 06:54:06.330
2023-04-19 08:00:00,0.87984,0.88157,0.8795,0.88116,10071771000.0,2023-04-19 11:12:09.639,2023-04-19 08:06:00.596
2023-04-19 12:00:00,0.88117,0.88138,0.87981,0.88051,13765835000.0,2023-04-19 12:00:38.689,2023-04-19 14:39:08.633
2023-04-19 16:00:00,0.8805,0.88085,0.88026,0.88063,3641198000.0,2023-04-19 18:34:52.793,2023-04-19 17:40:31.858
2023-04-19 20:00:00,0.88064,0.88122,0.87994,0.88119,1600700000.0,2023-04-19 23:59:26.880,2023-04-19 21:04:01.080
2023-04-20 00:00:00,0.88117,0.88186,0.88104,0.88176,2462739000.0,2023-04-20 03:35:20.612,2023-04-20 00:02:19.644
2023-04-20 04:00:00,0.88175,0.88243,0.8805,0.88239,4861048000.0,2023-04-20 07:59:36.416,2023-04-20 07:16:11.488
2023-04-20 08:00:00,0.88236,0.88254,0.88129,0.88138,8329310000.0,2023-04-20 08:02:14.306,2023-04-20 11:58:31.940
2023-04-20 12:00:00,0.88137,0.88181,0.88074,0.88127,12214571000.0,2023-04-20 12:32:46.627,2023-04-20 13:23:59.146
2023-04-20 16:00:00,0.88125,0.88155,0.8807,0.88146,5993691000.0,2023-04-20 17:46:09.063,2023-04-20 17:10:11.233
2023-04-20 20:00:00,0.88145,0.88181,0.88086,0.8816,1648342000.0,2023-04-20 22:45:31.922,2023-04-20 21:05:39.793
2023-04-21 00:00:00,0.88161,0.88191,0.8813,0.88157,1852987000.0,2023-04-21 00:25:09.370,2023-04-21 02:07:45.169
2023-04-21 04:00:00,0.88154,0.88423,0.88148,0.88368,4889705000.0,2023-04-21 07:55:31.501,2023-04-21 05:59:52.184
2023-04-21 08:00:00,0.8837,0.88611,0.88268,0.88592,15564161000.0,2023-04-21 11:25:14.499,2023-04-21 08:30:03.681
2023-04-21 12:00:00,0.88593,0.88595,0.88349,0.88354,19803294000.0,2023-04-21 12:00:01.721,2023-04-21 15:59:44.177
2023-04-21 16:00:00,0.88355,0.88379,0.88278,0.8831,6510992000.0,2023-04-21 16:20:25.109,2023-04-21 19:53:59.193
2023-04-21 20:00:00,0.88309,0.88331,0.88276,0.88308,1088199000.0,2023-04-21 20:10:32.385,2023-04-21 20:44:42.595
2023-04-23 20:00:00,0.88293,0.88339,0.88278,0.88301,451581000.0,2023-04-23 22:01:28.691,2023-04-23 21:06:16.618
2023-04-24 00:00:00,0.88303,0.8837,0.88285,0.88307,1796430000.0,2023-04-24 00:55:00.546,2023-04-24 03:18:04.787
2023-04-24 04:00:00,0.8831,0.88424,0.88251,0.88331,6816477000.0,2023-04-24 06:32:30.182,2023-04-24 07:40:22.312
2023-04-24 08:00:00,0.88333,0.88563,0.88319,0.88461,11798001000.0,2023-04-24 09:52:10.402,2023-04-24 08:02:08.811
2023-04-24 12:00:00,0.8846,0.88592,0.88401,0.88512,15238816000.0,2023-04-24 14:08:40.918,2023-04-24 12:40:57.406
2023-04-24 16:00:00,0.88511,0.8853,0.88465,0.88469,8765494000.0,2023-04-24 17:33:50.195,2023-04-24 17:51:00.885
2023-04-24 20:00:00,0.8847,0.88485,0.88427,0.88462,1994585000.0,2023-04-24 21:05:24.016,2023-04-24 21:26:29.451
2023-04-25 00:00:00,0.88464,0.8853,0.88454,0.88526,3754763000.0,2023-04-25 03:58:20.935,2023-04-25 00:04:22.962
2023-04-25 04:00:00,0.88527,0.88604,0.8846,0.88526,9781725000.0,2023-04-25 06:57:36.009,2023-04-25 07:39:46.640
2023-04-25 08:00:00,0.88525,0.88647,0.88414,0.88645,12308952000.0,2023-04-25 11:57:12.682,2023-04-25 10:27:32.799
2023-04-25 12:00:00,0.88644,0.88751,0.88486,0.88486,16170562900.0,2023-04-25 13:23:35.029,2023-04-25 15:59:59.258
2023-04-25 16:00:00,0.88485,0.88509,0.88397,0.88445,4916783000.0,2023-04-25 16:10:35.326,2023-04-25 18:33:23.058
2023-04-25 20:00:00,0.88446,0.88451,0.88388,0.88428,3227709000.0,2023-04-25 20:00:59.750,2023-04-25 21:17:02.648
2023-04-26 00:00:00,0.88429,0.88463,0.88389,0.88406,3149400000.0,2023-04-26 00:58:12.212,2023-04-26 00:46:21.927
2023-04-26 04:00:00,0.88405,0.88503,0.88367,0.88439,6467879000.0,2023-04-26 07:20:05.477,2023-04-26 05:06:56.819
2023-04-26 08:00:00,0.8844,0.88635,0.88431,0.88562,17627793000.0,2023-04-26 11:49:02.035,2023-04-26 08:00:34.554
2023-04-26 12:00:00,0.88561,0.88731,0.88503,0.88516,13670039000.0,2023-04-26 14:02:31.429,2023-04-26 15:53:01.410
2023-04-26 16:00:00,0.88515,0.88621,0.88482,0.88541,4927933200.0,2023-04-26 18:59:59.101,2023-04-26 17:19:47.560
2023-04-26 20:00:00,0.8854,0.88572,0.88506,0.88566,2683191000.0,2023-04-26 23:55:45.294,2023-04-26 22:17:36.081
2023-04-27 00:00:00,0.88565,0.88608,0.88552,0.88581,2315063000.0,2023-04-27 02:37:36.145,2023-04-27 02:03:49.313
2023-04-27 04:00:00,0.8858,0.88681,0.88556,0.8866,6984202000.0,2023-04-27 07:58:50.866,2023-04-27 05:30:31.570
2023-04-27 08:00:00,0.88659,0.88718,0.88414,0.88431,12294594000.0,2023-04-27 10:34:00.844,2023-04-27 11:58:50.689
2023-04-27 12:00:00,0.8843,0.88528,0.8825,0.8834,21012714000.0,2023-04-27 12:29:07.463,2023-04-27 15:15:35.411
2023-04-27 16:00:00,0.88336,0.88339,0.8825,0.8826,5292354000.0,2023-04-27 16:00:01.201,2023-04-27 19:16:57.927
2023-04-27 20:00:00,0.88259,0.88287,0.88191,0.8827,3525695000.0,2023-04-27 23:52:22.343,2023-04-27 21:05:14.390
2023-04-28 00:00:00,0.88271,0.88341,0.88186,0.88195,3594398000.0,2023-04-28 00:54:48.838,2023-04-28 03:14:12.238
2023-04-28 04:00:00,0.88196,0.8839,0.88122,0.88125,7868901000.0,2023-04-28 06:55:39.453,2023-04-28 07:54:20.338
2023-04-28 08:00:00,0.88123,0.88275,0.87986,0.87993,11513124000.0,2023-04-28 09:22:24.307,2023-04-28 11:56:28.387
2023-04-28 12:00:00,0.8799,0.8807,0.87743,0.87749,31327319000.0,2023-04-28 12:17:00.649,2023-04-28 15:50:28.036
2023-04-28 16:00:00,0.87748,0.87757,0.87671,0.8768,7453156000.0,2023-04-28 16:06:04.678,2023-04-28 18:26:13.184
2023-04-28 20:00:00,0.87677,0.87692,0.87646,0.8766,1031250000.0,2023-04-28 20:07:42.855,2023-04-28 20:21:47.426
2023-04-30 20:00:00,0.87647,0.87692,0.87618,0.87675,1602646000.0,2023-04-30 22:57:26.454,2023-04-30 21:14:24.512
2023-05-01 00:00:00,0.87676,0.87698,0.87598,0.87624,2447318000.0,2023-05-01 00:31:32.540,2023-05-01 02:14:41.265
2023-05-01 04:00:00,0.87623,0.87773,0.87623,0.87773,3557608000.0,2023-05-01 07:59:51.204,2023-05-01 04:00:00.413
2023-05-01 08:00:00,0.87775,0.87941,0.87744,0.87939,5678659000.0,2023-05-01 11:59:09.270,2023-05-01 08:05:59.874
2023-05-01 12:00:00,0.8794,0.87941,0.87688,0.878,16733201000.0,2023-05-01 12:00:00.655,2023-05-01 15:05:17.532
2023-05-01 16:00:00,0.87801,0.87859,0.87776,0.87837,7186476000.0,2023-05-01 18:58:34.252,2023-05-01 16:55:44.858
2023-05-01 20:00:00,0.87838,0.87865,0.87686,0.87855,1801218000.0,2023-05-01 23:34:45.078,2023-05-01 21:04:27.652
2023-05-02 00:00:00,0.87854,0.8792,0.8784,0.87886,2317340000.0,2023-05-02 02:11:54.241,2023-05-02 00:10:05.891
2023-05-02 04:00:00,0.87887,0.87978,0.87845,0.8795,5814798000.0,2023-05-02 07:42:16.762,2023-05-02 04:33:43.240
2023-05-02 08:00:00,0.87951,0.88024,0.87836,0.87877,16503699000.0,2023-05-02 09:04:01.736,2023-05-02 08:30:02.424
2023-05-02 12:00:00,0.87878,0.88202,0.87838,0.88159,23486035400.0,2023-05-02 15:52:57.792,2023-05-02 12:15:40.922
2023-05-02 16:00:00,0.8816,0.88244,0.8813,0.88217,7555064000.0,2023-05-02 19:04:14.681,2023-05-02 16:40:02.892
2023-05-02 20:00:00,0.88216,0.8827,0.88176,0.88249,12123079000.0,2023-05-02 23:36:51.537,2023-05-02 21:05:28.327
2023-05-03 00:00:00,0.88251,0.88293,0.8825,0.88286,15812860000.0,2023-05-03 02:32:07.649,2023-05-03 00:02:44.744
2023-05-03 04:00:00,0.88283,0.8829,0.8813,0.88194,4632658000.0,2023-05-03 04:02:42.201,2023-05-03 07:32:55.711
2023-05-03 08:00:00,0.88196,0.88298,0.88131,0.88298,9709203000.0,2023-05-03 11:59:49.319,2023-05-03 08:44:51.701
2023-05-03 12:00:00,0.88296,0.88347,0.88051,0.88064,14948443000.0,2023-05-03 12:49:23.672,2023-05-03 15:50:02.028
2023-05-03 16:00:00,0.88066,0.88112,0.87949,0.88064,21553344000.0,2023-05-03 18:00:28.102,2023-05-03 18:00:00.474
2023-05-03 20:00:00,0.88063,0.88137,0.87981,0.88065,4890735000.0,2023-05-03 22:19:56.674,2023-05-03 21:04:01.069
2023-05-04 00:00:00,0.88066,0.88088,0.8803,0.88064,4138702000.0,2023-05-04 00:09:09.548,2023-05-04 01:45:09.029
2023-05-04 04:00:00,0.88063,0.88133,0.8797,0.87975,6355981000.0,2023-05-04 06:31:41.666,2023-05-04 07:50:27.420
2023-05-04 08:00:00,0.87976,0.88036,0.87856,0.87998,10547001000.0,2023-05-04 11:10:34.085,2023-05-04 09:29:03.589
2023-05-04 12:00:00,0.88,0.88069,0.87455,0.87528,26407998000.0,2023-05-04 12:13:55.096,2023-05-04 14:56:34.139
2023-05-04 16:00:00,0.87527,0.87612,0.87525,0.87604,7558286000.0,2023-05-04 19:51:05.560,2023-05-04 16:00:08.582
2023-05-04 20:00:00,0.87603,0.8762,0.87559,0.87604,2243562000.0,2023-05-04 22:43:54.036,2023-05-04 21:35:47.568
2023-05-05 00:00:00,0.87603,0.87677,0.87536,0.87585,2861198000.0,2023-05-05 02:12:55.558,2023-05-05 03:33:49.511
2023-05-05 04:00:00,0.87586,0.87618,0.87411,0.87447,5682935700.0,2023-05-05 05:50:19.676,2023-05-05 06:42:40.187
2023-05-05 08:00:00,0.87446,0.87526,0.87381,0.87381,5924428000.0,2023-05-05 09:40:54.283,2023-05-05 11:59:57.562
2023-05-05 12:00:00,0.8738,0.87454,0.87127,0.87171,11850934000.0,2023-05-05 12:25:08.295,2023-05-05 15:51:33.772
2023-05-05 16:00:00,0.87172,0.87261,0.87156,0.87205,9360481000.0,2023-05-05 17:11:07.542,2023-05-05 17:58:37.324
2023-05-05 20:00:00,0.87207,0.8724,0.87197,0.8723,988523000.0,2023-05-05 20:49:41.793,2023-05-05 20:03:19.626
2023-05-07 20:00:00,0.87142,0.87264,0.87117,0.87238,1498178000.0,2023-05-07 22:28:05.967,2023-05-07 21:09:28.658
2023-05-08 00:00:00,0.87237,0.87293,0.87231,0.87288,3582203000.0,2023-05-08 03:44:15.029,2023-05-08 00:11:04.423
2023-05-08 04:00:00,0.87289,0.87463,0.87255,0.87434,4165746000.0,2023-05-08 07:57:11.838,2023-05-08 06:27:09.549
2023-05-08 08:00:00,0.87433,0.87448,0.87207,0.87232,7919856000.0,2023-05-08 08:00:49.149,2023-05-08 11:56:41.619
2023-05-08 12:00:00,0.87233,0.87294,0.87184,0.87239,10259093000.0,2023-05-08 13:43:31.536,2023-05-08 14:41:03.259
2023-05-08 16:00:00,0.8724,0.87263,0.87196,0.87205,4946904000.0,2023-05-08 16:08:08.416,2023-05-08 18:02:01.707
2023-05-08 20:00:00,0.87204,0.87212,0.87146,0.87186,3293656000.0,2023-05-08 20:38:43.808,2023-05-08 21:04:01.075
2023-05-09 00:00:00,0.87185,0.87187,0.8712,0.87128,11354122000.0,2023-05-09 00:00:08.812,2023-05-09 02:17:50.253
2023-05-09 04:00:00,0.87129,0.87158,0.86956,0.87109,8734377000.0,2023-05-09 06:10:16.928,2023-05-09 06:52:23.913
2023-05-09 08:00:00,0.8711,0.87118,0.86986,0.87006,10604750000.0,2023-05-09 08:51:33.437,2023-05-09 11:54:04.590
2023-05-09 12:00:00,0.87004,0.87062,0.86794,0.86804,18808994000.0,2023-05-09 12:37:09.594,2023-05-09 15:58:35.092
2023-05-09 16:00:00,0.86803,0.86908,0.86803,0.86864,6056185000.0,2023-05-09 19:16:54.710,2023-05-09 16:00:00.124
2023-05-09 20:00:00,0.86863,0.86871,0.86742,0.86852,1607904000.0,2023-05-09 20:00:31.629,2023-05-09 21:59:56.637
2023-05-10 00:00:00,0.86853,0.8691,0.86844,0.869,1808677000.0,2023-05-10 03:02:34.681,2023-05-10 01:10:02.369
2023-05-10 04:00:00,0.86898,0.86937,0.86821,0.86864,5437455000.0,2023-05-10 05:19:22.754,2023-05-10 07:15:20.669
2023-05-10 08:00:00,0.86863,0.86877,0.86723,0.86842,6966837000.0,2023-05-10 11:57:46.803,2023-05-10 08:49:22.536
2023-05-10 12:00:00,0.86843,0.87008,0.86668,0.86942,23599207000.0,2023-05-10 15:34:29.747,2023-05-10 12:30:05.228
2023-05-10 16:00:00,0.86941,0.86984,0.86898,0.86981,5444164000.0,2023-05-10 16:06:34.197,2023-05-10 16:50:36.407
2023-05-10 20:00:00,0.8698,0.87009,0.86919,0.86986,1033006000.0,2023-05-10 22:58:19.892,2023-05-10 21:05:13.017
2023-05-11 00:00:00,0.86985,0.87023,0.86944,0.86975,2279176000.0,2023-05-11 01:19:52.169,2023-05-11 02:22:15.422
2023-05-11 04:00:00,0.86974,0.87,0.86781,0.86979,7898309800.0,2023-05-11 05:40:10.291,2023-05-11 07:04:45.158
2023-05-11 08:00:00,0.86977,0.87003,0.86605,0.86855,17129465000.0,2023-05-11 08:00:24.077,2023-05-11 11:00:56.267
2023-05-11 12:00:00,0.86854,0.87331,0.86771,0.87322,18648465000.0,2023-05-11 15:57:36.818,2023-05-11 12:30:03.866
2023-05-11 16:00:00,0.87323,0.87345,0.87238,0.87249,4931528000.0,2023-05-11 16:11:08.522,2023-05-11 17:39:20.889
2023-05-11 20:00:00,0.87247,0.87258,0.8715,0.87244,1096492000.0,2023-05-11 23:31:51.339,2023-05-11 21:04:01.114
2023-05-12 00:00:00,0.87243,0.87295,0.87217,0.87224,2061068000.0,2023-05-12 02:09:38.173,2023-05-12 03:50:27.020
2023-05-12 04:00:00,0.87225,0.8732,0.87132,0.87135,6558051000.0,2023-05-12 06:07:51.545,2023-05-12 07:59:54.555
2023-05-12 08:00:00,0.87134,0.87138,0.86931,0.86997,9217306000.0,2023-05-12 09:47:44.244,2023-05-12 11:32:43.080
2023-05-12 12:00:00,0.86999,0.87142,0.86969,0.87103,16908805000.0,2023-05-12 14:14:35.691,2023-05-12 13:23:09.703
2023-05-12 16:00:00,0.87102,0.87195,0.87099,0.87157,2557117000.0,2023-05-12 19:12:16.745,2023-05-12 16:00:28.721
2023-05-12 20:00:00,0.87156,0.87166,0.87124,0.87158,356028000.0,2023-05-12 20:36:38.730,2023-05-12 20:22:06.721
2023-05-14 20:00:00,0.87014,0.87176,0.87014,0.8716,711375000.0,2023-05-14 23:28:02.673,2023-05-14 21:05:00.076
2023-05-15 00:00:00,0.87161,0.87184,0.87132,0.87171,2654422000.0,2023-05-15 00:55:00.405,2023-05-15 01:38:12.795
2023-05-15 04:00:00,0.8717,0.87187,0.87065,0.87116,5296233000.0,2023-05-15 04:22:41.313,2023-05-15 07:45:32.683
2023-05-15 08:00:00,0.87117,0.87149,0.86921,0.86944,9207705000.0,2023-05-15 08:15:45.059,2023-05-15 11:21:47.430
2023-05-15 12:00:00,0.86945,0.87002,0.86815,0.86816,10265177000.0,2023-05-15 12:30:25.789,2023-05-15 15:59:55.024
2023-05-15 16:00:00,0.86817,0.86828,0.86771,0.86776,5125069000.0,2023-05-15 17:47:27.871,2023-05-15 16:45:37.903
2023-05-15 20:00:00,0.86777,0.86823,0.86777,0.86816,901156000.0,2023-05-15 21:05:32.083,2023-05-15 20:00:01.899
2023-05-16 00:00:00,0.86817,0.86874,0.86816,0.86866,1851762000.0,2023-05-16 03:52:37.657,2023-05-16 00:19:01.908
2023-05-16 04:00:00,0.86865,0.87182,0.86846,0.87005,6672422000.0,2023-05-16 06:42:33.449,2023-05-16 05:40:44.199
2023-05-16 08:00:00,0.87004,0.87014,0.86879,0.86966,12697343300.0,2023-05-16 08:27:14.476,2023-05-16 11:20:59.080
2023-05-16 12:00:00,0.86965,0.87007,0.86843,0.86968,14210992000.0,2023-05-16 12:39:14.857,2023-05-16 13:44:56.336
2023-05-16 16:00:00,0.86969,0.87074,0.86952,0.87037,4421810000.0,2023-05-16 16:38:02.942,2023-05-16 16:03:01.579
2023-05-16 20:00:00,0.87038,0.8704,0.86892,0.8703,2085806000.0,2023-05-16 20:00:05.999,2023-05-16 21:04:53.563
2023-05-17 00:00:00,0.87031,0.8708,0.87014,0.87044,1729835000.0,2023-05-17 00:54:03.743,2023-05-17 03:34:45.545
2023-05-17 04:00:00,0.87046,0.87206,0.87042,0.87194,7346060000.0,2023-05-17 07:56:49.438,2023-05-17 04:11:32.488
2023-05-17 08:00:00,0.87196,0.87198,0.86871,0.86872,9918610000.0,2023-05-17 08:00:01.379,2023-05-17 11:59:12.068
2023-05-17 12:00:00,0.86873,0.86918,0.86752,0.86805,13297884000.0,2023-05-17 12:07:00.644,2023-05-17 15:36:54.721
2023-05-17 16:00:00,0.86806,0.86819,0.86698,0.8677,4264431700.0,2023-05-17 19:03:57.933,2023-05-17 16:58:23.367
2023-05-17 20:00:00,0.86769,0.86826,0.867,0.86825,1083927000.0,2023-05-17 21:34:14.981,2023-05-17 21:04:01.072
2023-05-18 00:00:00,0.86824,0.86872,0.86811,0.86853,1979919000.0,2023-05-18 01:42:38.889,2023-05-18 00:25:03.712
2023-05-18 04:00:00,0.86854,0.86935,0.86821,0.8687,4590978000.0,2023-05-18 06:48:27.470,2023-05-18 07:39:01.826
2023-05-18 08:00:00,0.86873,0.87017,0.86845,0.86914,9481238000.0,2023-05-18 09:41:36.091,2023-05-18 08:06:03.077
2023-05-18 12:00:00,0.86915,0.86922,0.86708,0.86745,11769297000.0,2023-05-18 12:33:27.958,2023-05-18 13:39:19.780
2023-05-18 16:00:00,0.86746,0.86854,0.86744,0.86817,4517207000.0,2023-05-18 17:10:20.089,2023-05-18 16:00:01.284
2023-05-18 20:00:00,0.86819,0.8683,0.86774,0.86812,1595142000.0,2023-05-18 20:16:04.186,2023-05-18 21:18:32.474
2023-05-19 00:00:00,0.86813,0.86858,0.86781,0.8682,2477915000.0,2023-05-19 02:40:51.543,2023-05-19 03:46:05.929
2023-05-19 04:00:00,0.86822,0.86907,0.868,0.86864,5571847000.0,2023-05-19 07:57:00.963,2023-05-19 07:47:13.855
2023-05-19 08:00:00,0.86863,0.86954,0.86777,0.86861,10010828000.0,2023-05-19 08:50:30.201,2023-05-19 10:50:11.709
2023-05-19 12:00:00,0.8686,0.86883,0.86682,0.86814,17797156000.0,2023-05-19 12:25:26.293,2023-05-19 15:18:02.503
2023-05-19 16:00:00,0.86813,0.8684,0.86771,0.868,5881437000.0,2023-05-19 18:31:57.290,2023-05-19 17:03:55.011
2023-05-19 20:00:00,0.86801,0.86842,0.86792,0.86806,931080000.0,2023-05-19 20:48:46.837,2023-05-19 20:01:16.719
2023-05-21 20:00:00,0.86731,0.86875,0.86724,0.86847,1762652000.0,2023-05-21 23:03:35.461,2023-05-21 21:05:04.534
2023-05-22 00:00:00,0.86846,0.86859,0.86809,0.86854,3027485000.0,2023-05-22 02:57:45.064,2023-05-22 01:00:28.570
2023-05-22 04:00:00,0.86853,0.86992,0.86836,0.86912,6003802000.0,2023-05-22 06:52:03.068,2023-05-22 04:56:52.879
2023-05-22 08:00:00,0.86911,0.86963,0.86809,0.86829,7361766000.0,2023-05-22 08:09:43.940,2023-05-22 11:37:58.379
2023-05-22 12:00:00,0.8683,0.87035,0.86821,0.86979,13384269000.0,2023-05-22 14:11:54.953,2023-05-22 12:03:08.295
2023-05-22 16:00:00,0.86978,0.87044,0.86939,0.86961,5419565000.0,2023-05-22 16:33:33.137,2023-05-22 19:37:39.500
2023-05-22 20:00:00,0.8696,0.86962,0.86831,0.8694,1675265000.0,2023-05-22 20:00:05.056,2023-05-22 21:04:01.063
2023-05-23 00:00:00,0.86939,0.86941,0.86904,0.86906,1689288000.0,2023-05-23 02:08:14.064,2023-05-23 01:30:19.520
2023-05-23 04:00:00,0.86905,0.87075,0.86901,0.87059,6435788000.0,2023-05-23 07:59:29.445,2023-05-23 04:04:33.484
2023-05-23 08:00:00,0.87058,0.87184,0.86983,0.86991,9361283000.0,2023-05-23 08:32:22.056,2023-05-23 10:46:55.300
2023-05-23 12:00:00,0.8699,0.87041,0.86714,0.86714,14672738000.0,2023-05-23 12:19:56.733,2023-05-23 15:59:59.065
2023-05-23 16:00:00,0.86715,0.86817,0.86689,0.86765,5802223000.0,2023-05-23 18:48:20.547,2023-05-23 16:22:14.909
2023-05-23 20:00:00,0.86763,0.86769,0.86721,0.86731,1741635000.0,2023-05-23 20:01:17.459,2023-05-23 22:15:53.579
2023-05-24 00:00:00,0.86732,0.86756,0.86687,0.86736,2550196000.0,2023-05-24 03:10:02.604,2023-05-24 00:30:43.546
2023-05-24 04:00:00,0.86734,0.86917,0.86488,0.86894,8869198000.0,2023-05-24 07:53:51.401,2023-05-24 06:44:17.489
2023-05-24 08:00:00,0.8689,0.87008,0.86734,0.86949,13635279000.0,2023-05-24 09:57:55.255,2023-05-24 08:45:02.319
2023-05-24 12:00:00,0.86947,0.87094,0.86922,0.87002,20736720000.0,2023-05-24 14:23:08.278,2023-05-24 13:31:01.145
2023-05-24 16:00:00,0.87001,0.87005,0.86922,0.86963,5758550000.0,2023-05-24 16:00:00.338,2023-05-24 16:57:53.840
2023-05-24 20:00:00,0.86962,0.86976,0.86878,0.86946,2291882000.0,2023-05-24 20:01:55.840,2023-05-24 21:04:48.143
2023-05-25 00:00:00,0.86945,0.87055,0.86934,0.87011,3975800000.0,2023-05-25 03:24:41.912,2023-05-25 00:01:40.146
2023-05-25 04:00:00,0.8701,0.87021,0.86778,0.8678,4933539000.0,2023-05-25 04:11:08.405,2023-05-25 07:59:50.539
2023-05-25 08:00:00,0.86781,0.86815,0.86656,0.86809,7198345000.0,2023-05-25 11:53:03.190,2023-05-25 09:15:30.948
2023-05-25 12:00:00,0.8681,0.87036,0.8673,0.87022,18332754000.0,2023-05-25 15:55:44.621,2023-05-25 12:30:03.257
2023-05-25 16:00:00,0.87023,0.87054,0.86974,0.87026,4890976800.0,2023-05-25 19:21:42.675,2023-05-25 16:19:35.860
2023-05-25 20:00:00,0.87028,0.87072,0.86947,0.87067,1900866000.0,2023-05-25 23:55:17.057,2023-05-25 21:05:00.371
2023-05-26 00:00:00,0.87065,0.87096,0.87011,0.87079,2134835000.0,2023-05-26 03:12:23.677,2023-05-26 01:16:56.926
2023-05-26 04:00:00,0.87077,0.87078,0.86896,0.86967,7258734000.0,2023-05-26 04:00:10.136,2023-05-26 06:33:45.965
2023-05-26 08:00:00,0.86968,0.8698,0.86765,0.86806,10420933000.0,2023-05-26 08:00:13.494,2023-05-26 11:23:44.527
2023-05-26 12:00:00,0.86808,0.86925,0.8679,0.86815,22440907000.0,2023-05-26 14:45:25.293,2023-05-26 14:57:50.473
2023-05-26 16:00:00,0.86814,0.86888,0.868,0.8687,2875976000.0,2023-05-26 18:49:31.769,2023-05-26 16:44:41.897
2023-05-26 20:00:00,0.86869,0.86881,0.86842,0.86843,989304000.0,2023-05-26 20:09:32.081,2023-05-26 20:51:10.488
2023-05-28 20:00:00,0.868,0.86867,0.86781,0.86842,1053347000.0,2023-05-28 22:14:23.270,2023-05-28 21:18:39.258
2023-05-29 00:00:00,0.86841,0.86911,0.8682,0.86904,1235718000.0,2023-05-29 03:44:56.227,2023-05-29 00:59:29.008
2023-05-29 04:00:00,0.86903,0.86947,0.86809,0.86932,3337221000.0,2023-05-29 07:55:03.273,2023-05-29 06:53:55.718
2023-05-29 08:00:00,0.86931,0.86931,0.86765,0.86793,5843333000.0,2023-05-29 08:00:01.322,2023-05-29 10:49:11.464
2023-05-29 12:00:00,0.86791,0.86824,0.86667,0.86669,4103030000.0,2023-05-29 12:36:03.976,2023-05-29 15:58:57.546
2023-05-29 16:00:00,0.8667,0.86695,0.86662,0.86667,646602000.0,2023-05-29 16:29:45.117,2023-05-29 17:57:43.894
2023-05-29 20:00:00,0.86666,0.86712,0.86646,0.86708,835763000.0,2023-05-29 23:53:00.380,2023-05-29 21:34:51.023
2023-05-30 00:00:00,0.86709,0.8673,0.86641,0.86697,4532833000.0,2023-05-30 00:20:25.687,2023-05-30 01:36:44.605
2023-05-30 04:00:00,0.86695,0.86703,0.86461,0.86519,8477193000.0,2023-05-30 04:04:37.273,2023-05-30 07:28:12.469
2023-05-30 08:00:00,0.86517,0.86566,0.86301,0.86401,13676943000.0,2023-05-30 08:39:22.626,2023-05-30 09:32:06.168
2023-05-30 12:00:00,0.864,0.86495,0.86281,0.86453,21453634000.0,2023-05-30 14:48:19.914,2023-05-30 12:54:32.143
2023-05-30 16:00:00,0.86454,0.86524,0.8644,0.86466,6373904000.0,2023-05-30 17:58:16.066,2023-05-30 16:03:41.469
2023-05-30 20:00:00,0.86468,0.86504,0.86375,0.86455,2503354000.0,2023-05-30 20:22:04.339,2023-05-30 21:04:01.078
2023-05-31 00:00:00,0.86454,0.86482,0.86332,0.86352,2401643000.0,2023-05-31 00:36:34.669,2023-05-31 03:16:59.918
2023-05-31 04:00:00,0.86353,0.86362,0.86254,0.86347,10092425000.0,2023-05-31 07:08:20.335,2023-05-31 06:45:02.610
2023-05-31 08:00:00,0.86346,0.8641,0.86279,0.86394,9657681000.0,2023-05-31 11:56:45.626,2023-05-31 08:41:22.714
2023-05-31 12:00:00,0.8639,0.86416,0.8592,0.8595,21035976000.0,2023-05-31 12:56:10.001,2023-05-31 15:53:36.937
2023-05-31 16:00:00,0.85951,0.85986,0.85833,0.85922,11194078000.0,2023-05-31 16:14:46.923,2023-05-31 18:26:44.078
2023-05-31 20:00:00,0.85923,0.85946,0.85844,0.85921,3606097000.0,2023-05-31 20:19:52.799,2023-05-31 21:25:05.204
2023-06-01 00:00:00,0.85923,0.85961,0.85899,0.85956,3905904000.0,2023-06-01 03:05:01.575,2023-06-01 00:53:25.565
2023-06-01 04:00:00,0.85955,0.86004,0.85836,0.85989,8357490000.0,2023-06-01 07:59:32.145,2023-06-01 06:56:26.149
2023-06-01 08:00:00,0.8599,0.86041,0.85814,0.85817,9021506000.0,2023-06-01 09:40:15.421,2023-06-01 11:59:48.017
2023-06-01 12:00:00,0.85816,0.85854,0.85672,0.85775,18303845000.0,2023-06-01 12:34:59.596,2023-06-01 14:42:38.264
2023-06-01 16:00:00,0.85777,0.85918,0.85734,0.85888,8244119400.0,2023-06-01 18:58:27.219,2023-06-01 16:01:20.185
2023-06-01 20:00:00,0.85889,0.8595,0.85845,0.85901,3454923000.0,2023-06-01 22:07:37.264,2023-06-01 21:25:16.134
2023-06-02 00:00:00,0.859,0.85923,0.85825,0.85878,3510989000.0,2023-06-02 00:55:46.594,2023-06-02 03:08:09.545
2023-06-02 04:00:00,0.85877,0.85962,0.85871,0.85914,7631015000.0,2023-06-02 07:35:44.779,2023-06-02 04:07:09.847
2023-06-02 08:00:00,0.85916,0.85988,0.85862,0.85908,6146819000.0,2023-06-02 11:37:29.113,2023-06-02 09:39:26.430
2023-06-02 12:00:00,0.85909,0.86038,0.85781,0.86016,17356261000.0,2023-06-02 15:52:28.130,2023-06-02 13:58:09.402
2023-06-02 16:00:00,0.86013,0.86052,0.85975,0.86005,5566537000.0,2023-06-02 18:28:38.618,2023-06-02 16:49:04.559
2023-06-02 20:00:00,0.86003,0.86013,0.8597,0.85985,415691000.0,2023-06-02 20:01:22.581,2023-06-02 20:18:11.715
2023-06-04 20:00:00,0.85855,0.86069,0.85848,0.86052,1042431000.0,2023-06-04 23:13:21.169,2023-06-04 21:05:03.578
2023-06-05 00:00:00,0.86053,0.86081,0.86007,0.86036,3164383000.0,2023-06-05 02:41:40.060,2023-06-05 01:30:10.248
2023-06-05 04:00:00,0.86035,0.86249,0.86031,0.86213,8118229000.0,2023-06-05 07:43:17.983,2023-06-05 05:42:15.925
2023-06-05 08:00:00,0.86214,0.86343,0.86148,0.86319,8773632000.0,2023-06-05 11:55:36.357,2023-06-05 08:21:36.483
2023-06-05 12:00:00,0.86317,0.86359,0.8616,0.86187,15591562000.0,2023-06-05 14:21:02.103,2023-06-05 15:52:35.009
2023-06-05 16:00:00,0.86188,0.86193,0.86122,0.86171,7784919000.0,2023-06-05 18:34:33.767,2023-06-05 16:55:30.095
2023-06-05 20:00:00,0.86173,0.86175,0.86114,0.86153,2075216000.0,2023-06-05 20:06:44.428,2023-06-05 21:13:16.402
2023-06-06 00:00:00,0.86154,0.86176,0.86105,0.86128,1601885000.0,2023-06-06 00:57:59.941,2023-06-06 03:29:32.515
2023-06-06 04:00:00,0.86127,0.86243,0.86102,0.86174,14747771000.0,2023-06-06 06:31:51.859,2023-06-06 05:02:17.224
2023-06-06 08:00:00,0.86173,0.86206,0.86095,0.86097,14446844000.0,2023-06-06 09:26:48.563,2023-06-06 11:59:52.466
2023-06-06 12:00:00,0.86098,0.86166,0.86029,0.86129,12916971000.0,2023-06-06 15:00:41.756,2023-06-06 14:10:23.690
2023-06-06 16:00:00,0.86128,0.8613,0.85998,0.86045,7199700000.0,2023-06-06 16:00:05.981,2023-06-06 17:02:23.531
2023-06-06 20:00:00,0.86047,0.86099,0.86034,0.86071,1503073000.0,2023-06-06 22:00:02.010,2023-06-06 21:18:10.982
2023-06-07 00:00:00,0.86072,0.86086,0.8604,0.86055,2591483000.0,2023-06-07 01:02:41.154,2023-06-07 03:15:03.063
2023-06-07 04:00:00,0.86054,0.86127,0.86018,0.86084,6704315000.0,2023-06-07 07:45:17.067,2023-06-07 06:23:14.068
2023-06-07 08:00:00,0.86086,0.86087,0.85917,0.8592,11298088000.0,2023-06-07 08:00:04.038,2023-06-07 11:59:36.373
2023-06-07 12:00:00,0.85919,0.86031,0.85835,0.85965,17551410400.0,2023-06-07 13:07:48.682,2023-06-07 14:50:12.344
2023-06-07 16:00:00,0.85964,0.86044,0.85956,0.86026,6229446000.0,2023-06-07 19:02:19.741,2023-06-07 16:02:22.553
2023-06-07 20:00:00,0.86028,0.86042,0.8597,0.86034,1845291000.0,2023-06-07 23:45:39.300,2023-06-07 21:06:25.723
2023-06-08 00:00:00,0.86036,0.86043,0.85992,0.86014,1875678000.0,2023-06-08 00:02:38.707,2023-06-08 03:10:24.412
2023-06-08 04:00:00,0.86012,0.86079,0.85938,0.86,6572459000.0,2023-06-08 06:54:26.485,2023-06-08 07:43:03.704
2023-06-08 08:00:00,0.85999,0.86136,0.85934,0.86112,7209119000.0,2023-06-08 10:01:27.935,2023-06-08 08:09:42.793
2023-06-08 12:00:00,0.86113,0.86124,0.85854,0.8592,18104607000.0,2023-06-08 12:06:58.953,2023-06-08 15:45:55.591
2023-06-08 16:00:00,0.85919,0.85945,0.8583,0.85839,10656657000.0,2023-06-08 16:03:48.473,2023-06-08 19:38:57.553
2023-06-08 20:00:00,0.85838,0.85871,0.85823,0.85853,1380177300.0,2023-06-08 21:42:18.415,2023-06-08 21:16:31.587
2023-06-09 00:00:00,0.85855,0.85897,0.85848,0.85892,2879816000.0,2023-06-09 01:35:08.086,2023-06-09 00:01:57.335
2023-06-09 04:00:00,0.85891,0.85903,0.85773,0.85856,5149901000.0,2023-06-09 05:31:57.630,2023-06-09 06:44:14.543
2023-06-09 08:00:00,0.85854,0.85889,0.85724,0.85736,9716818000.0,2023-06-09 08:04:57.138,2023-06-09 10:41:26.442
2023-06-09 12:00:00,0.85737,0.85798,0.85428,0.85449,13534846000.0,2023-06-09 12:07:25.166,2023-06-09 15:47:59.172
2023-06-09 16:00:00,0.85451,0.85489,0.85411,0.85425,5024046000.0,2023-06-09 18:55:55.586,2023-06-09 16:50:01.413
2023-06-09 20:00:00,0.85424,0.85457,0.85409,0.85442,919497000.0,2023-06-09 20:53:55.716,2023-06-09 20:02:34.790
2023-06-11 20:00:00,0.85402,0.85457,0.85392,0.85452,3450846000.0,2023-06-11 22:15:57.074,2023-06-11 21:35:57.033
2023-06-12 00:00:00,0.85453,0.85457,0.85408,0.85438,1083348000.0,2023-06-12 00:16:43.482,2023-06-12 02:32:23.729
2023-06-12 04:00:00,0.85439,0.85549,0.85426,0.85543,5697771000.0,2023-06-12 07:52:54.173,2023-06-12 04:19:14.786
2023-06-12 08:00:00,0.85544,0.85705,0.85539,0.85668,5719282000.0,2023-06-12 11:38:28.479,2023-06-12 08:00:13.599
2023-06-12 12:00:00,0.85667,0.86066,0.85656,0.86044,13193915000.0,2023-06-12 15:45:44.602,2023-06-12 12:02:59.060
2023-06-12 16:00:00,0.86045,0.86045,0.8598,0.85999,6081645000.0,2023-06-12 16:00:02.982,2023-06-12 17:27:08.885
2023-06-12 20:00:00,0.86001,0.86009,0.85906,0.85992,1949038000.0,2023-06-12 20:11:06.727,2023-06-12 21:06:49.711
2023-06-13 00:00:00,0.85993,0.86038,0.85951,0.85998,2774749000.0,2023-06-13 03:22:44.709,2023-06-13 01:00:54.326
2023-06-13 04:00:00,0.85999,0.86127,0.85843,0.85944,8297670000.0,2023-06-13 05:32:19.640,2023-06-13 06:00:49.758
2023-06-13 08:00:00,0.85943,0.86042,0.85836,0.85855,7209403000.0,2023-06-13 09:16:10.593,2023-06-13 11:54:57.312
2023-06-13 12:00:00,0.85856,0.85884,0.85554,0.85573,16279623000.0,2023-06-13 12:31:38.991,2023-06-13 15:40:47.172
2023-06-13 16:00:00,0.85572,0.85632,0.85532,0.8559,9493899000.0,2023-06-13 18:34:39.564,2023-06-13 16:10:38.078
2023-06-13 20:00:00,0.85589,0.85596,0.85522,0.85583,2454202000.0,2023-06-13 20:02:03.966,2023-06-13 21:33:03.634
2023-06-14 00:00:00,0.85584,0.85603,0.85531,0.85546,2533272000.0,2023-06-14 00:30:35.384,2023-06-14 03:52:02.943
2023-06-14 04:00:00,0.85545,0.856,0.85494,0.855,7146972000.0,2023-06-14 07:21:31.046,2023-06-14 05:59:57.664
2023-06-14 08:00:00,0.85499,0.85513,0.85408,0.85414,7271141000.0,2023-06-14 08:49:31.371,2023-06-14 11:59:19.067
2023-06-14 12:00:00,0.85415,0.85535,0.85415,0.85531,12872232000.0,2023-06-14 15:58:10.109,2023-06-14 12:00:00.064
2023-06-14 16:00:00,0.85533,0.85592,0.85455,0.85526,19546218000.0,2023-06-14 17:13:31.407,2023-06-14 18:05:52.038
2023-06-14 20:00:00,0.85524,0.85578,0.85469,0.8557,2335174000.0,2023-06-14 23:52:15.712,2023-06-14 21:07:06.617
2023-06-15 00:00:00,0.85569,0.85636,0.85515,0.85516,3719183000.0,2023-06-15 00:53:36.182,2023-06-15 03:59:42.623
2023-06-15 04:00:00,0.85517,0.85564,0.85435,0.85552,7981835000.0,2023-06-15 04:29:23.576,2023-06-15 07:20:53.829
2023-06-15 08:00:00,0.85553,0.8568,0.85464,0.85554,14194798000.0,2023-06-15 09:43:45.926,2023-06-15 08:37:25.020
2023-06-15 12:00:00,0.85556,0.85912,0.85534,0.85678,26291825600.0,2023-06-15 12:47:07.566,2023-06-15 12:04:07.349
2023-06-15 16:00:00,0.85679,0.85701,0.85626,0.85631,6091639000.0,2023-06-15 16:34:44.280,2023-06-15 19:53:13.951
2023-06-15 20:00:00,0.8563,0.85651,0.85577,0.85609,3709149000.0,2023-06-15 20:02:20.259,2023-06-15 21:25:19.785
2023-06-16 00:00:00,0.8561,0.85643,0.85589,0.85615,4616534000.0,2023-06-16 02:58:55.263,2023-06-16 00:54:46.058
2023-06-16 04:00:00,0.85616,0.85634,0.85497,0.85572,9078072000.0,2023-06-16 04:17:34.880,2023-06-16 07:22:48.204
2023-06-16 08:00:00,0.85573,0.85656,0.8546,0.8546,11548818000.0,2023-06-16 08:32:17.511,2023-06-16 11:57:31.760
2023-06-16 12:00:00,0.85461,0.85465,0.85219,0.85249,20429194000.0,2023-06-16 13:09:06.480,2023-06-16 14:54:34.082
2023-06-16 16:00:00,0.85248,0.85293,0.85213,0.85289,7452655000.0,2023-06-16 19:59:57.095,2023-06-16 17:20:05.076
2023-06-16 20:00:00,0.85291,0.85337,0.85277,0.8533,707787000.0,2023-06-16 20:53:38.023,2023-06-16 20:29:11.895
2023-06-18 20:00:00,0.85298,0.85299,0.85198,0.8526,3308630000.0,2023-06-18 21:07:33.259,2023-06-18 21:05:04.937
2023-06-19 00:00:00,0.85258,0.85351,0.85256,0.85331,2670408000.0,2023-06-19 03:41:55.132,2023-06-19 00:02:01.133
2023-06-19 04:00:00,0.85329,0.85348,0.85237,0.85295,6968170000.0,2023-06-19 04:18:45.207,2023-06-19 07:38:46.829
2023-06-19 08:00:00,0.85294,0.85341,0.85182,0.85248,7427406000.0,2023-06-19 08:10:15.073,2023-06-19 10:03:25.125
2023-06-19 12:00:00,0.85249,0.85398,0.85248,0.85369,6038880000.0,2023-06-19 15:35:26.707,2023-06-19 12:00:00.391
2023-06-19 16:00:00,0.85371,0.85477,0.85325,0.85427,1911990000.0,2023-06-19 16:57:18.315,2023-06-19 16:20:18.474
2023-06-19 20:00:00,0.85426,0.85448,0.85301,0.85382,1971633000.0,2023-06-19 20:07:20.355,2023-06-19 21:16:56.460
2023-06-20 00:00:00,0.85383,0.85386,0.85271,0.85366,2324442000.0,2023-06-20 00:00:05.190,2023-06-20 00:54:55.267
2023-06-20 04:00:00,0.85365,0.85525,0.8536,0.85479,8449909000.0,2023-06-20 07:03:40.553,2023-06-20 04:32:34.812
2023-06-20 08:00:00,0.85477,0.85693,0.85465,0.85691,11180256000.0,2023-06-20 11:59:27.157,2023-06-20 08:02:12.599
2023-06-20 12:00:00,0.85692,0.85808,0.85556,0.85625,18068881000.0,2023-06-20 14:06:05.636,2023-06-20 15:41:05.395
2023-06-20 16:00:00,0.85626,0.85646,0.85489,0.85493,6204016000.0,2023-06-20 16:09:57.961,2023-06-20 19:58:25.719
2023-06-20 20:00:00,0.85494,0.85566,0.85491,0.8554,1985962000.0,2023-06-20 23:27:48.174,2023-06-20 20:06:03.162
2023-06-21 00:00:00,0.85539,0.85565,0.85522,0.85536,3872428000.0,2023-06-21 00:56:33.761,2023-06-21 02:30:13.033
2023-06-21 04:00:00,0.85534,0.85748,0.85242,0.85682,10376913000.0,2023-06-21 07:58:29.296,2023-06-21 06:02:17.265
2023-06-21 08:00:00,0.85681,0.86026,0.85656,0.85825,12528626000.0,2023-06-21 10:47:42.833,2023-06-21 08:02:38.824
2023-06-21 12:00:00,0.85826,0.86065,0.85791,0.85985,21011061000.0,2023-06-21 15:10:39.459,2023-06-21 13:01:27.883
2023-06-21 16:00:00,0.85986,0.86016,0.85942,0.86003,5716551000.0,2023-06-21 16:10:33.270,2023-06-21 18:18:45.735
2023-06-21 20:00:00,0.86002,0.86084,0.85988,0.86065,1562090000.0,2023-06-21 20:32:59.942,2023-06-21 20:03:02.594
2023-06-22 00:00:00,0.86066,0.86108,0.86047,0.86092,1840704000.0,2023-06-22 02:46:25.595,2023-06-22 01:01:50.113
2023-06-22 04:00:00,0.86093,0.86206,0.86086,0.86124,6742450000.0,2023-06-22 07:38:41.306,2023-06-22 04:02:17.834
2023-06-22 08:00:00,0.86122,0.86359,0.85664,0.86029,12011916000.0,2023-06-22 11:10:57.199,2023-06-22 11:00:01.829
2023-06-22 12:00:00,0.86031,0.86228,0.85915,0.85918,24348856000.0,2023-06-22 13:06:13.027,2023-06-22 15:58:26.323
2023-06-22 16:00:00,0.85916,0.86069,0.85901,0.85971,5729960500.0,2023-06-22 17:44:30.960,2023-06-22 16:01:42.387
2023-06-22 20:00:00,0.85972,0.85977,0.85902,0.85945,3041111000.0,2023-06-22 20:01:32.924,2023-06-22 21:12:00.288
2023-06-23 00:00:00,0.85944,0.86055,0.85933,0.86024,4046361000.0,2023-06-23 03:26:17.383,2023-06-23 01:00:54.470
2023-06-23 04:00:00,0.86025,0.86079,0.85455,0.85511,12455084000.0,2023-06-23 04:41:01.930,2023-06-23 07:30:16.981
2023-06-23 08:00:00,0.85514,0.85647,0.85354,0.85495,12056877000.0,2023-06-23 08:30:01.555,2023-06-23 09:56:42.008
2023-06-23 12:00:00,0.85496,0.85744,0.85466,0.85725,14489098000.0,2023-06-23 14:21:28.186,2023-06-23 12:07:41.936
2023-06-23 16:00:00,0.85726,0.85769,0.85622,0.85627,4566776000.0,2023-06-23 16:08:00.968,2023-06-23 19:59:49.106
2023-06-23 20:00:00,0.85626,0.85673,0.85614,0.85666,526273000.0,2023-06-23 20:54:02.285,2023-06-23 20:00:56.006
2023-06-25 20:00:00,0.85694,0.85731,0.85613,0.85674,1680659000.0,2023-06-25 21:38:45.006,2023-06-25 22:00:00.812
2023-06-26 00:00:00,0.85675,0.85678,0.85632,0.85659,1777234000.0,2023-06-26 00:00:03.799,2023-06-26 01:41:15.536
2023-06-26 04:00:00,0.85658,0.85735,0.85524,0.85554,6772280000.0,2023-06-26 06:47:44.494,2023-06-26 07:56:58.854
2023-06-26 08:00:00,0.85551,0.85945,0.85427,0.85862,10869015000.0,2023-06-26 11:35:08.057,2023-06-26 08:22:02.876
2023-06-26 12:00:00,0.85861,0.85942,0.85749,0.85752,10769556000.0,2023-06-26 12:42:55.993,2023-06-26 15:55:39.906
2023-06-26 16:00:00,0.85753,0.85808,0.85726,0.85804,6187073000.0,2023-06-26 19:59:56.415,2023-06-26 16:31:58.875
2023-06-26 20:00:00,0.85803,0.85834,0.85754,0.85828,1864924000.0,2023-06-26 23:54:28.912,2023-06-26 21:04:42.291
2023-06-27 00:00:00,0.85827,0.85861,0.85803,0.85846,5032703000.0,2023-06-27 01:49:19.183,2023-06-27 00:37:51.241
2023-06-27 04:00:00,0.85848,0.85917,0.85674,0.85901,7633891000.0,2023-06-27 07:58:36.222,2023-06-27 06:55:41.054
2023-06-27 08:00:00,0.85902,0.86068,0.85849,0.85985,10171199000.0,2023-06-27 11:06:39.962,2023-06-27 09:02:37.207
2023-06-27 12:00:00,0.85987,0.86131,0.85898,0.8596,15665235000.0,2023-06-27 12:45:00.245,2023-06-27 14:57:47.800
2023-06-27 16:00:00,0.85959,0.86006,0.85915,0.85952,4624038000.0,2023-06-27 17:41:05.715,2023-06-27 16:38:28.130
2023-06-27 20:00:00,0.85953,0.85983,0.85917,0.85966,1607763000.0,2023-06-27 20:45:49.628,2023-06-27 21:12:45.193
2023-06-28 00:00:00,0.85965,0.86015,0.85939,0.86013,3156653000.0,2023-06-28 03:47:44.768,2023-06-28 00:55:00.257
2023-06-28 04:00:00,0.86014,0.861,0.85942,0.86032,5041433000.0,2023-06-28 07:40:30.939,2023-06-28 06:56:22.410
2023-06-28 08:00:00,0.86031,0.86427,0.8598,0.86384,13484327000.0,2023-06-28 11:50:22.225,2023-06-28 08:03:07.604
2023-06-28 12:00:00,0.86385,0.8658,0.86284,0.86291,23058565000.0,2023-06-28 13:54:39.223,2023-06-28 15:58:08.761
2023-06-28 16:00:00,0.8629,0.86355,0.86253,0.86351,5547892000.0,2023-06-28 19:29:35.706,2023-06-28 17:01:12.335
2023-06-28 20:00:00,0.86352,0.86372,0.86309,0.8634,1127738000.0,2023-06-28 20:16:02.818,2023-06-28 21:14:21.288
2023-06-29 00:00:00,0.86339,0.86359,0.86248,0.86273,2881036000.0,2023-06-29 00:04:34.977,2023-06-29 02:41:08.234
2023-06-29 04:00:00,0.86274,0.86384,0.86234,0.86324,5813383000.0,2023-06-29 07:38:16.741,2023-06-29 04:55:37.829
2023-06-29 08:00:00,0.86322,0.86431,0.86272,0.86425,6223194000.0,2023-06-29 11:59:42.451,2023-06-29 08:19:59.080
2023-06-29 12:00:00,0.86426,0.86428,0.86205,0.86245,17147070000.0,2023-06-29 12:00:00.504,2023-06-29 13:12:05.609
2023-06-29 16:00:00,0.86246,0.86257,0.86105,0.86163,4356704000.0,2023-06-29 16:04:25.832,2023-06-29 17:01:32.984
2023-06-29 20:00:00,0.86164,0.86177,0.86117,0.86156,1877715000.0,2023-06-29 20:14:15.463,2023-06-29 21:34:58.578
2023-06-30 00:00:00,0.86155,0.86169,0.86095,0.86149,2290342000.0,2023-06-30 01:02:13.771,2023-06-30 02:02:43.193
2023-06-30 04:00:00,0.86148,0.8617,0.85857,0.85887,4572127000.0,2023-06-30 06:24:02.651,2023-06-30 07:59:15.846
2023-06-30 08:00:00,0.85888,0.85954,0.8576,0.85811,7238880000.0,2023-06-30 09:14:29.128,2023-06-30 10:49:23.894
2023-06-30 12:00:00,0.85812,0.85982,0.85789,0.85915,21939306000.0,2023-06-30 14:01:52.541,2023-06-30 14:57:43.442
2023-06-30 16:00:00,0.85914,0.85973,0.85844,0.85932,7407483000.0,2023-06-30 19:22:36.096,2023-06-30 17:27:03.754
2023-06-30 20:00:00,0.85933,0.85954,0.85896,0.85945,1827665000.0,2023-06-30 20:53:58.883,2023-06-30 20:10:55.695
2023-07-02 20:00:00,0.85878,0.85929,0.85773,0.85926,813813000.0,2023-07-02 23:59:14.219,2023-07-02 21:05:03.439
2023-07-03 00:00:00,0.85925,0.85939,0.85882,0.85923,3295689000.0,2023-07-03 01:22:20.806,2023-07-03 03:28:37.708
2023-07-03 04:00:00,0.85924,0.85966,0.85805,0.85864,5697771000.0,2023-07-03 05:25:38.145,2023-07-03 07:11:08.768
2023-07-03 08:00:00,0.85863,0.86038,0.85814,0.85988,8708713000.0,2023-07-03 11:49:32.309,2023-07-03 08:11:53.285
2023-07-03 12:00:00,0.85985,0.86052,0.85896,0.86015,13016882000.0,2023-07-03 15:31:21.036,2023-07-03 14:02:33.462
2023-07-03 16:00:00,0.86014,0.86029,0.8594,0.85968,4035604000.0,2023-07-03 18:05:04.601,2023-07-03 16:35:13.303
2023-07-03 20:00:00,0.85967,0.86,0.85963,0.85976,825259000.0,2023-07-03 20:58:12.402,2023-07-03 21:32:57.510
2023-07-04 00:00:00,0.85975,0.85978,0.85914,0.85941,2245398000.0,2023-07-04 00:00:08.254,2023-07-04 00:54:35.052
2023-07-04 04:00:00,0.85942,0.85966,0.85828,0.85871,4487214000.0,2023-07-04 07:25:22.473,2023-07-04 06:27:02.024
2023-07-04 08:00:00,0.8587,0.859,0.85647,0.857,7613487000.0,2023-07-04 08:03:49.045,2023-07-04 11:28:38.559
2023-07-04 12:00:00,0.85699,0.85702,0.85569,0.85624,6363951000.0,2023-07-04 12:02:13.617,2023-07-04 12:59:47.982
2023-07-04 16:00:00,0.85625,0.85663,0.85567,0.85589,1933783000.0,2023-07-04 16:48:01.695,2023-07-04 19:45:52.121
2023-07-04 20:00:00,0.8559,0.85592,0.85535,0.85568,2000733000.0,2023-07-04 23:05:30.663,2023-07-04 21:33:15.459
2023-07-05 00:00:00,0.85567,0.85636,0.85557,0.85604,2428639000.0,2023-07-05 03:19:04.629,2023-07-05 00:00:44.271
2023-07-05 04:00:00,0.85603,0.85759,0.85547,0.85648,7413370000.0,2023-07-05 07:30:43.194,2023-07-05 05:32:18.408
2023-07-05 08:00:00,0.85649,0.85749,0.85549,0.8567,7382480000.0,2023-07-05 11:30:54.987,2023-07-05 08:07:50.572
2023-07-05 12:00:00,0.85669,0.8572,0.85469,0.85513,11865344000.0,2023-07-05 12:30:41.003,2023-07-05 15:50:08.897
2023-07-05 16:00:00,0.85511,0.85518,0.8542,0.85463,4104823000.0,2023-07-05 16:00:49.475,2023-07-05 16:29:10.651
2023-07-05 20:00:00,0.85462,0.85463,0.85412,0.85444,2790649000.0,2023-07-05 20:00:01.454,2023-07-05 21:08:10.849
2023-07-06 00:00:00,0.85446,0.85459,0.85355,0.85388,1811875000.0,2023-07-06 00:14:12.164,2023-07-06 03:33:09.568
2023-07-06 04:00:00,0.85387,0.85513,0.85296,0.85316,5773931000.0,2023-07-06 07:08:18.493,2023-07-06 07:58:47.349
2023-07-06 08:00:00,0.85315,0.85513,0.85204,0.85291,13187984000.0,2023-07-06 09:14:32.417,2023-07-06 10:54:49.503
2023-07-06 12:00:00,0.85288,0.85639,0.85209,0.85482,22938858000.0,2023-07-06 14:56:32.191,2023-07-06 12:20:39.876
2023-07-06 16:00:00,0.8548,0.85532,0.85388,0.85449,5218694000.0,2023-07-06 16:09:02.291,2023-07-06 18:27:05.208
2023-07-06 20:00:00,0.85448,0.85501,0.85421,0.85462,1377072000.0,2023-07-06 20:57:04.110,2023-07-06 21:04:49.467
2023-07-07 00:00:00,0.85463,0.85538,0.85446,0.85481,2184857000.0,2023-07-07 03:02:33.074,2023-07-07 00:10:28.824
2023-07-07 04:00:00,0.8548,0.85507,0.85377,0.85421,4333317000.0,2023-07-07 04:30:32.323,2023-07-07 07:57:11.620
2023-07-07 08:00:00,0.8542,0.85447,0.85289,0.85312,8362770000.0,2023-07-07 09:11:33.000,2023-07-07 10:34:09.044
2023-07-07 12:00:00,0.85313,0.85465,0.85222,0.85392,17249542000.0,2023-07-07 13:19:14.513,2023-07-07 12:30:00.252
2023-07-07 16:00:00,0.85393,0.85473,0.85377,0.8547,6724898000.0,2023-07-07 19:59:54.114,2023-07-07 16:59:11.356
2023-07-07 20:00:00,0.85471,0.85472,0.85414,0.85418,696149000.0,2023-07-07 20:00:01.252,2023-07-07 20:54:02.141
2023-07-09 20:00:00,0.85336,0.85434,0.85319,0.85425,1750203000.0,2023-07-09 21:57:00.964,2023-07-09 21:05:04.705
2023-07-10 00:00:00,0.85424,0.85512,0.8542,0.85512,3307535000.0,2023-07-10 03:44:28.048,2023-07-10 00:07:47.969
2023-07-10 04:00:00,0.85513,0.85566,0.8546,0.8549,6229726000.0,2023-07-10 07:38:54.574,2023-07-10 07:20:10.476
2023-07-10 08:00:00,0.85489,0.85757,0.85473,0.85723,7010142000.0,2023-07-10 11:46:00.436,2023-07-10 08:01:32.029
2023-07-10 12:00:00,0.85726,0.8584,0.85604,0.85619,16090810000.0,2023-07-10 12:59:05.829,2023-07-10 15:26:29.634
2023-07-10 16:00:00,0.8562,0.8562,0.85473,0.85505,4549159000.0,2023-07-10 16:00:01.570,2023-07-10 19:43:11.066
2023-07-10 20:00:00,0.85506,0.85551,0.85495,0.85549,1365846000.0,2023-07-10 23:59:46.515,2023-07-10 20:01:09.195
2023-07-11 00:00:00,0.85548,0.8561,0.85516,0.8555,4153058000.0,2023-07-11 02:46:09.624,2023-07-11 01:23:34.098
2023-07-11 04:00:00,0.85549,0.8559,0.85371,0.85506,8854222000.0,2023-07-11 06:00:38.596,2023-07-11 06:34:51.561
2023-07-11 08:00:00,0.85507,0.8552,0.85039,0.85047,9967113000.0,2023-07-11 08:01:56.282,2023-07-11 11:58:28.518
2023-07-11 12:00:00,0.85048,0.85272,0.85047,0.85208,13282206000.0,2023-07-11 15:29:25.098,2023-07-11 12:00:00.346
2023-07-11 16:00:00,0.85209,0.85234,0.8507,0.85109,6382475000.0,2023-07-11 16:30:34.901,2023-07-11 18:59:55.897
2023-07-11 20:00:00,0.8511,0.85152,0.85058,0.85151,2597971000.0,2023-07-11 23:59:14.342,2023-07-11 21:05:00.913
2023-07-12 00:00:00,0.8515,0.85155,0.85056,0.85105,3828895000.0,2023-07-12 00:03:39.850,2023-07-12 02:34:16.434
2023-07-12 04:00:00,0.85107,0.85235,0.85072,0.85213,6283852000.0,2023-07-12 07:37:07.019,2023-07-12 06:37:35.546
2023-07-12 08:00:00,0.85214,0.85377,0.85172,0.85313,5647900500.0,2023-07-12 11:51:13.779,2023-07-12 08:38:39.500
2023-07-12 12:00:00,0.85314,0.85637,0.85176,0.85615,28915737000.0,2023-07-12 15:54:38.149,2023-07-12 12:30:01.454
2023-07-12 16:00:00,0.85616,0.85752,0.85597,0.85714,10698543000.0,2023-07-12 18:02:20.299,2023-07-12 16:01:13.787
2023-07-12 20:00:00,0.85715,0.85724,0.85659,0.85721,1789183000.0,2023-07-12 20:05:57.403,2023-07-12 21:56:41.303
2023-07-13 00:00:00,0.85722,0.85748,0.85621,0.85655,3599052000.0,2023-07-13 00:57:29.130,2023-07-13 03:34:17.488
2023-07-13 04:00:00,0.85654,0.85734,0.85577,0.85633,8068480000.0,2023-07-13 05:51:15.691,2023-07-13 07:42:07.804
2023-07-13 08:00:00,0.85632,0.85634,0.8543,0.85541,10077817000.0,2023-07-13 08:00:48.021,2023-07-13 09:44:52.990
2023-07-13 12:00:00,0.85542,0.85603,0.85347,0.85468,12192763000.0,2023-07-13 12:30:18.661,2023-07-13 14:54:11.065
2023-07-13 16:00:00,0.85466,0.85499,0.85417,0.8548,6664185000.0,2023-07-13 17:56:40.624,2023-07-13 19:25:29.154
2023-07-13 20:00:00,0.85481,0.85509,0.85387,0.85487,2880345000.0,2023-07-13 23:36:01.929,2023-07-13 21:05:00.412
2023-07-14 00:00:00,0.85486,0.85578,0.85471,0.85558,2584871000.0,2023-07-14 02:10:49.731,2023-07-14 00:20:19.186
2023-07-14 04:00:00,0.85557,0.8561,0.85478,0.85556,6043674000.0,2023-07-14 05:49:21.111,2023-07-14 07:15:55.244
2023-07-14 08:00:00,0.85555,0.85656,0.85535,0.85593,8507401000.0,2023-07-14 10:08:47.622,2023-07-14 09:10:11.144
2023-07-14 12:00:00,0.85592,0.85727,0.85551,0.85695,15095011000.0,2023-07-14 15:46:24.080,2023-07-14 12:26:00.139
2023-07-14 16:00:00,0.85692,0.85742,0.85681,0.85734,4842508000.0,2023-07-14 19:06:18.487,2023-07-14 16:40:54.571
2023-07-14 20:00:00,0.85736,0.85777,0.85732,0.85767,711151000.0,2023-07-14 20:54:19.704,2023-07-14 20:08:04.878
2023-07-16 20:00:00,0.85668,0.85776,0.85608,0.85771,1702063000.0,2023-07-16 22:46:04.895,2023-07-16 21:05:04.506
2023-07-17 00:00:00,0.8577,0.85783,0.85712,0.85774,2754662000.0,2023-07-17 00:11:02.639,2023-07-17 02:03:48.433
2023-07-17 04:00:00,0.85775,0.85938,0.85751,0.85818,6214716000.0,2023-07-17 06:38:05.110,2023-07-17 05:18:15.160
2023-07-17 08:00:00,0.85817,0.8591,0.85782,0.85855,6446598000.0,2023-07-17 11:02:04.337,2023-07-17 09:11:34.233
2023-07-17 12:00:00,0.85857,0.85977,0.85735,0.85923,9796480000.0,2023-07-17 12:59:55.904,2023-07-17 14:22:17.445
2023-07-17 16:00:00,0.85924,0.85972,0.85888,0.85966,2499932000.0,2023-07-17 19:55:18.769,2023-07-17 16:46:07.470
2023-07-17 20:00:00,0.85965,0.85981,0.85854,0.85964,1756902000.0,2023-07-17 23:29:42.507,2023-07-17 21:04:01.047
2023-07-18 00:00:00,0.85965,0.85976,0.85905,0.8594,2803275000.0,2023-07-18 00:13:27.620,2023-07-18 01:27:17.110
2023-07-18 04:00:00,0.85941,0.86073,0.8589,0.85974,7333809000.0,2023-07-18 07:05:25.975,2023-07-18 07:55:23.223
2023-07-18 08:00:00,0.85973,0.85987,0.85767,0.85859,7475472000.0,2023-07-18 08:21:35.210,2023-07-18 10:59:53.726
2023-07-18 12:00:00,0.85861,0.85992,0.85784,0.85984,18320935000.0,2023-07-18 15:59:26.451,2023-07-18 14:29:47.240
2023-07-18 16:00:00,0.85982,0.86117,0.8598,0.86113,3837350000.0,2023-07-18 19:58:12.744,2023-07-18 16:00:07.009
2023-07-18 20:00:00,0.86114,0.86149,0.86031,0.86146,2791845000.0,2023-07-18 23:22:01.415,2023-07-18 21:05:20.193
2023-07-19 00:00:00,0.86144,0.86215,0.86127,0.86203,3769781000.0,2023-07-19 03:24:56.013,2023-07-19 01:07:43.060
2023-07-19 04:00:00,0.86202,0.86779,0.86163,0.86702,11249436000.0,2023-07-19 07:43:20.161,2023-07-19 06:00:00.447
2023-07-19 08:00:00,0.86701,0.8694,0.86638,0.86936,13336026000.0,2023-07-19 11:58:18.713,2023-07-19 08:09:09.801
2023-07-19 12:00:00,0.86935,0.87008,0.86782,0.86799,14636327000.0,2023-07-19 13:46:54.490,2023-07-19 15:08:07.469
2023-07-19 16:00:00,0.868,0.86801,0.86598,0.86601,3805580000.0,2023-07-19 16:00:01.293,2023-07-19 19:57:39.265
2023-07-19 20:00:00,0.86602,0.86619,0.86535,0.86607,1744185000.0,2023-07-19 23:02:31.456,2023-07-19 21:29:08.937
2023-07-20 00:00:00,0.86608,0.86671,0.86596,0.86667,4283271000.0,2023-07-20 03:58:46.890,2023-07-20 01:35:28.774
2023-07-20 04:00:00,0.86668,0.86854,0.86657,0.86792,6030016000.0,2023-07-20 07:05:39.553,2023-07-20 04:24:54.790
2023-07-20 08:00:00,0.86791,0.86942,0.86645,0.8693,7710254000.0,2023-07-20 11:56:36.797,2023-07-20 08:44:56.101
2023-07-20 12:00:00,0.86928,0.86981,0.86646,0.86665,17222218000.0,2023-07-20 12:29:34.145,2023-07-20 15:55:20.560
2023-07-20 16:00:00,0.86664,0.8668,0.86503,0.86525,4437724000.0,2023-07-20 16:01:32.730,2023-07-20 18:40:14.721
2023-07-20 20:00:00,0.86523,0.86528,0.8647,0.86496,814634000.0,2023-07-20 21:12:16.603,2023-07-20 21:05:12.613
2023-07-21 00:00:00,0.86494,0.86515,0.86452,0.86483,1406530000.0,2023-07-21 01:08:06.988,2023-07-21 03:05:16.122
2023-07-21 04:00:00,0.86484,0.86526,0.86338,0.86463,9310985000.0,2023-07-21 06:00:00.714,2023-07-21 06:14:46.602
2023-07-21 08:00:00,0.86462,0.86697,0.86437,0.86693,8751386000.0,2023-07-21 11:59:54.297,2023-07-21 08:02:02.021
2023-07-21 12:00:00,0.86691,0.86796,0.86499,0.8652,12361309000.0,2023-07-21 12:44:07.569,2023-07-21 14:13:34.192
2023-07-21 16:00:00,0.86519,0.86548,0.8649,0.86534,3429825000.0,2023-07-21 17:57:00.041,2023-07-21 16:29:09.252
2023-07-21 20:00:00,0.86535,0.8657,0.86509,0.8655,900300000.0,2023-07-21 20:51:48.930,2023-07-21 20:18:45.118
2023-07-23 20:00:00,0.86473,0.86592,0.86468,0.86551,1217000000.0,2023-07-23 23:30:57.868,2023-07-23 21:05:12.097
2023-07-24 00:00:00,0.8655,0.86556,0.86477,0.86495,3207975000.0,2023-07-24 00:01:51.571,2023-07-24 02:31:29.946
2023-07-24 04:00:00,0.86494,0.86547,0.862,0.86238,6821370000.0,2023-07-24 07:14:59.743,2023-07-24 07:51:06.648
2023-07-24 08:00:00,0.86235,0.86448,0.8619,0.86344,10368485000.0,2023-07-24 08:31:47.365,2023-07-24 08:07:36.440
2023-07-24 12:00:00,0.86343,0.86513,0.86322,0.86401,11456735000.0,2023-07-24 14:43:38.433,2023-07-24 12:15:33.778
2023-07-24 16:00:00,0.86403,0.86443,0.86282,0.86289,4015992000.0,2023-07-24 16:23:30.341,2023-07-24 17:38:04.509
2023-07-24 20:00:00,0.86291,0.86349,0.86228,0.86346,2933123000.0,2023-07-24 23:57:30.113,2023-07-24 21:44:53.941
2023-07-25 00:00:00,0.86347,0.86368,0.86242,0.86281,3676093000.0,2023-07-25 00:30:35.999,2023-07-25 01:54:41.744
2023-07-25 04:00:00,0.8628,0.86294,0.861,0.86103,6864034000.0,2023-07-25 06:16:22.515,2023-07-25 07:58:39.451
2023-07-25 08:00:00,0.86107,0.86152,0.85978,0.86119,12043706000.0,2023-07-25 11:38:23.352,2023-07-25 10:21:29.158
2023-07-25 12:00:00,0.86118,0.86159,0.85811,0.85826,15585019000.0,2023-07-25 12:25:03.905,2023-07-25 15:56:41.976
2023-07-25 16:00:00,0.85824,0.85852,0.8565,0.85678,8462589000.0,2023-07-25 16:02:13.736,2023-07-25 18:58:33.604
2023-07-25 20:00:00,0.85677,0.85713,0.8565,0.857,2469955000.0,2023-07-25 22:41:36.827,2023-07-25 21:24:36.516
2023-07-26 00:00:00,0.85701,0.85751,0.85671,0.8572,3123896000.0,2023-07-26 01:38:06.293,2023-07-26 02:16:23.192
2023-07-26 04:00:00,0.85716,0.85861,0.85714,0.85778,6106940000.0,2023-07-26 07:33:30.116,2023-07-26 04:00:32.592
2023-07-26 08:00:00,0.85779,0.85864,0.85666,0.85687,5066613000.0,2023-07-26 09:29:06.256,2023-07-26 11:55:18.984
2023-07-26 12:00:00,0.85689,0.85752,0.85607,0.85671,9382331000.0,2023-07-26 12:54:03.630,2023-07-26 14:55:54.288
2023-07-26 16:00:00,0.8567,0.85741,0.8564,0.85697,17847536000.0,2023-07-26 16:35:31.723,2023-07-26 18:00:09.507
2023-07-26 20:00:00,0.85698,0.85721,0.85591,0.85693,1967380000.0,2023-07-26 23:18:39.565,2023-07-26 21:19:53.424
2023-07-27 00:00:00,0.85694,0.85703,0.85629,0.85635,2102252000.0,2023-07-27 00:01:50.897,2023-07-27 03:10:43.331
2023-07-27 04:00:00,0.85634,0.85777,0.85599,0.85713,6120254000.0,2023-07-27 07:51:22.982,2023-07-27 05:00:02.026
2023-07-27 08:00:00,0.85712,0.85994,0.85666,0.85912,7290813000.0,2023-07-27 10:31:08.839,2023-07-27 08:03:59.671
2023-07-27 12:00:00,0.85913,0.85938,0.85441,0.85463,28029827000.0,2023-07-27 12:00:13.425,2023-07-27 15:31:09.419
2023-07-27 16:00:00,0.85464,0.85795,0.85442,0.85784,7456053000.0,2023-07-27 19:53:32.598,2023-07-27 16:01:49.629
2023-07-27 20:00:00,0.85785,0.85828,0.85751,0.85808,2289037000.0,2023-07-27 22:21:46.231,2023-07-27 20:20:56.095
2023-07-28 00:00:00,0.85809,0.85856,0.85773,0.85811,2910417000.0,2023-07-28 02:34:41.131,2023-07-28 03:28:40.238
2023-07-28 04:00:00,0.85813,0.85893,0.85679,0.85714,11441562000.0,2023-07-28 04:13:17.937,2023-07-28 07:57:25.123
2023-07-28 08:00:00,0.85713,0.85732,0.85496,0.8554,9029709000.0,2023-07-28 08:01:36.409,2023-07-28 11:10:52.763
2023-07-28 12:00:00,0.85539,0.85809,0.85511,0.85789,17248015000.0,2023-07-28 14:55:41.996,2023-07-28 12:52:11.761
2023-07-28 16:00:00,0.8579,0.858,0.85631,0.85735,5675820000.0,2023-07-28 16:00:05.532,2023-07-28 16:55:30.383
2023-07-28 20:00:00,0.85734,0.85754,0.85716,0.85749,1187053000.0,2023-07-28 20:54:50.193,2023-07-28 20:45:00.335
2023-07-30 20:00:00,0.85658,0.85789,0.85598,0.85763,2377865000.0,2023-07-30 22:58:04.825,2023-07-30 21:05:02.673
2023-07-31 00:00:00,0.85762,0.85765,0.85677,0.85696,1498159400.0,2023-07-31 00:07:41.753,2023-07-31 03:23:29.901
2023-07-31 04:00:00,0.85697,0.85732,0.85613,0.85712,5387514000.0,2023-07-31 07:36:48.326,2023-07-31 06:24:16.030
2023-07-31 08:00:00,0.85714,0.85883,0.85691,0.85733,12213283000.0,2023-07-31 10:28:40.583,2023-07-31 11:49:10.116
2023-07-31 12:00:00,0.85735,0.85907,0.85646,0.85711,20225882000.0,2023-07-31 14:14:30.482,2023-07-31 15:16:44.394
2023-07-31 16:00:00,0.85712,0.85713,0.85563,0.85671,3948824600.0,2023-07-31 18:24:03.313,2023-07-31 17:17:26.093
2023-07-31 20:00:00,0.8567,0.85698,0.85623,0.85698,1103737000.0,2023-07-31 23:26:12.280,2023-07-31 22:00:00.621
2023-08-01 00:00:00,0.857,0.85712,0.85646,0.85673,3585626000.0,2023-08-01 00:07:09.501,2023-08-01 01:00:07.865
2023-08-01 04:00:00,0.85676,0.85765,0.85537,0.85652,4848091000.0,2023-08-01 06:00:31.050,2023-08-01 07:34:50.630
2023-08-01 08:00:00,0.85653,0.8589,0.85501,0.85847,7925788000.0,2023-08-01 11:51:52.283,2023-08-01 09:14:53.539
2023-08-01 12:00:00,0.85846,0.86064,0.85823,0.86055,15583520000.0,2023-08-01 14:57:58.130,2023-08-01 13:00:07.275
2023-08-01 16:00:00,0.86056,0.86065,0.85906,0.85967,2728794000.0,2023-08-01 16:00:46.760,2023-08-01 19:05:51.831
2023-08-01 20:00:00,0.85963,0.86115,0.8588,0.86028,3640302000.0,2023-08-01 21:56:53.104,2023-08-01 21:04:01.055
2023-08-02 00:00:00,0.86025,0.86059,0.85966,0.86003,2057849000.0,2023-08-02 00:17:25.238,2023-08-02 01:54:02.227
2023-08-02 04:00:00,0.86002,0.8609,0.85899,0.8591,5524178000.0,2023-08-02 06:34:44.237,2023-08-02 07:57:55.667
2023-08-02 08:00:00,0.85909,0.86012,0.85843,0.86012,9526533000.0,2023-08-02 11:59:58.689,2023-08-02 08:40:23.478
2023-08-02 12:00:00,0.86011,0.86288,0.86003,0.8605,21620354000.0,2023-08-02 13:31:44.630,2023-08-02 12:00:07.430
2023-08-02 16:00:00,0.86051,0.86065,0.85971,0.86039,4481074000.0,2023-08-02 16:00:28.156,2023-08-02 17:56:06.888
2023-08-02 20:00:00,0.86038,0.86076,0.85951,0.86039,1657796000.0,2023-08-02 23:24:47.170,2023-08-02 21:07:41.153
2023-08-03 00:00:00,0.86038,0.86062,0.85969,0.85972,1699051000.0,2023-08-03 00:42:46.751,2023-08-03 03:51:19.657
2023-08-03 04:00:00,0.85973,0.86155,0.85963,0.86053,6192950000.0,2023-08-03 06:21:45.625,2023-08-03 07:28:15.864
2023-08-03 08:00:00,0.86052,0.86554,0.85994,0.86459,11977451000.0,2023-08-03 11:08:15.366,2023-08-03 08:14:19.641
2023-08-03 12:00:00,0.8646,0.86498,0.86059,0.86141,15650667000.0,2023-08-03 12:02:25.033,2023-08-03 15:04:28.917
2023-08-03 16:00:00,0.8614,0.86187,0.86099,0.86147,4150407000.0,2023-08-03 18:14:44.060,2023-08-03 17:29:31.960
2023-08-03 20:00:00,0.86146,0.86156,0.86064,0.86119,2508491000.0,2023-08-03 20:00:56.088,2023-08-03 21:09:38.017
2023-08-04 00:00:00,0.8612,0.86125,0.86013,0.86028,1834489000.0,2023-08-04 00:01:52.071,2023-08-04 03:17:14.856
2023-08-04 04:00:00,0.86026,0.86204,0.86009,0.8616,6188440000.0,2023-08-04 07:34:37.012,2023-08-04 04:16:33.275
2023-08-04 08:00:00,0.86159,0.86202,0.86097,0.86156,7569780000.0,2023-08-04 10:41:06.483,2023-08-04 09:47:46.987
2023-08-04 12:00:00,0.86157,0.86478,0.86111,0.86385,26787555000.0,2023-08-04 15:23:35.267,2023-08-04 12:30:09.229
2023-08-04 16:00:00,0.86387,0.86409,0.86243,0.86375,5343838000.0,2023-08-04 16:04:39.714,2023-08-04 17:57:12.504
2023-08-04 20:00:00,0.86371,0.86378,0.86348,0.86358,548500000.0,2023-08-04 20:44:59.415,2023-08-04 20:31:25.203
2023-08-06 20:00:00,0.86214,0.8638,0.86214,0.863,1990897000.0,2023-08-06 22:00:17.635,2023-08-06 21:05:00.054
2023-08-07 00:00:00,0.86299,0.86332,0.86271,0.86323,2826946000.0,2023-08-07 03:19:39.124,2023-08-07 00:56:32.278
2023-08-07 04:00:00,0.86322,0.86362,0.86252,0.86259,5688155000.0,2023-08-07 05:37:11.153,2023-08-07 07:26:56.545
2023-08-07 08:00:00,0.86258,0.86285,0.86153,0.86188,7461292000.0,2023-08-07 08:44:08.458,2023-08-07 11:39:10.695
2023-08-07 12:00:00,0.8619,0.86217,0.86058,0.8615,11124290000.0,2023-08-07 14:25:11.991,2023-08-07 13:13:38.278
2023-08-07 16:00:00,0.86148,0.86156,0.86063,0.86067,3976990000.0,2023-08-07 16:02:10.899,2023-08-07 19:25:39.054
2023-08-07 20:00:00,0.86065,0.86093,0.86036,0.86082,1677922000.0,2023-08-07 21:15:31.661,2023-08-07 21:04:01.039
2023-08-08 00:00:00,0.86081,0.86125,0.86037,0.86097,2794000000.0,2023-08-08 03:38:52.480,2023-08-08 00:57:26.089
2023-08-08 04:00:00,0.86096,0.86238,0.86067,0.86072,5674305000.0,2023-08-08 06:39:59.724,2023-08-08 07:59:45.044
2023-08-08 08:00:00,0.86067,0.86221,0.86053,0.86166,7205192000.0,2023-08-08 10:26:02.403,2023-08-08 08:00:00.595
2023-08-08 12:00:00,0.86168,0.86253,0.86008,0.86042,15549501000.0,2023-08-08 12:40:17.130,2023-08-08 14:56:20.568
2023-08-08 16:00:00,0.86041,0.86047,0.85952,0.85976,4652166000.0,2023-08-08 16:01:07.465,2023-08-08 18:50:26.544
2023-08-08 20:00:00,0.85977,0.86007,0.85914,0.85995,2598180000.0,2023-08-08 23:58:23.619,2023-08-08 22:00:05.589
2023-08-09 00:00:00,0.85992,0.86021,0.85974,0.85988,1393427000.0,2023-08-09 01:37:27.730,2023-08-09 01:05:37.288
2023-08-09 04:00:00,0.85986,0.86041,0.85893,0.86011,5810504000.0,2023-08-09 07:55:57.896,2023-08-09 06:59:27.437
2023-08-09 08:00:00,0.86012,0.86247,0.86009,0.86141,6778696100.0,2023-08-09 09:50:34.388,2023-08-09 08:00:25.680
2023-08-09 12:00:00,0.86143,0.86346,0.86131,0.86313,9151927000.0,2023-08-09 15:40:21.497,2023-08-09 12:00:22.736
2023-08-09 16:00:00,0.86312,0.86322,0.86234,0.86261,3159641000.0,2023-08-09 16:03:44.620,2023-08-09 17:32:30.017
2023-08-09 20:00:00,0.86262,0.86315,0.862,0.86298,1364450000.0,2023-08-09 22:26:24.234,2023-08-09 21:04:29.567
2023-08-10 00:00:00,0.86299,0.86361,0.86267,0.86354,2435870000.0,2023-08-10 03:16:43.164,2023-08-10 00:24:18.929
2023-08-10 04:00:00,0.86356,0.86401,0.8632,0.86374,5177345000.0,2023-08-10 07:16:01.914,2023-08-10 05:54:03.490
2023-08-10 08:00:00,0.86373,0.86403,0.8629,0.86312,5166029000.0,2023-08-10 09:16:35.056,2023-08-10 11:51:09.344
2023-08-10 12:00:00,0.86311,0.86606,0.86175,0.86571,19854838000.0,2023-08-10 15:55:24.261,2023-08-10 12:30:00.004
2023-08-10 16:00:00,0.86568,0.86657,0.86566,0.86613,7276883000.0,2023-08-10 16:26:59.356,2023-08-10 16:00:13.215
2023-08-10 20:00:00,0.86612,0.86674,0.86575,0.86672,2245999000.0,2023-08-10 23:06:54.799,2023-08-10 21:22:46.586
2023-08-11 00:00:00,0.8667,0.86688,0.86605,0.8661,2382636000.0,2023-08-11 00:04:18.473,2023-08-11 03:59:12.780
2023-08-11 04:00:00,0.86611,0.86661,0.86457,0.86515,4764215000.0,2023-08-11 05:59:52.400,2023-08-11 07:08:03.620
2023-08-11 08:00:00,0.86514,0.8659,0.86358,0.86365,5748765000.0,2023-08-11 08:47:52.649,2023-08-11 11:59:51.688
2023-08-11 12:00:00,0.86364,0.86509,0.86254,0.86314,18779121000.0,2023-08-11 12:41:47.824,2023-08-11 14:40:37.516
2023-08-11 16:00:00,0.86315,0.86322,0.86194,0.86197,3636690000.0,2023-08-11 16:17:19.361,2023-08-11 19:59:19.263
2023-08-11 20:00:00,0.86196,0.86229,0.8618,0.86227,926617000.0,2023-08-11 20:54:56.663,2023-08-11 20:22:58.318
2023-08-13 20:00:00,0.86188,0.86247,0.86134,0.86204,1513096000.0,2023-08-13 21:09:00.445,2023-08-13 21:26:05.827
2023-08-14 00:00:00,0.86205,0.86298,0.86202,0.86281,2573295000.0,2023-08-14 02:19:30.991,2023-08-14 00:00:50.956
2023-08-14 04:00:00,0.86282,0.86311,0.86187,0.86277,8225309000.0,2023-08-14 07:50:44.308,2023-08-14 06:16:52.829
2023-08-14 08:00:00,0.86276,0.86323,0.86121,0.86179,5851640000.0,2023-08-14 08:26:23.324,2023-08-14 11:37:15.807
2023-08-14 12:00:00,0.86178,0.86233,0.86017,0.86059,14445134000.0,2023-08-14 12:15:50.160,2023-08-14 15:25:32.190
2023-08-14 16:00:00,0.86062,0.86089,0.8598,0.85981,6406632000.0,2023-08-14 16:23:26.606,2023-08-14 19:59:57.105
2023-08-14 20:00:00,0.85984,0.86004,0.85894,0.85984,1840137000.0,2023-08-14 20:02:18.521,2023-08-14 20:57:17.678
2023-08-15 00:00:00,0.85983,0.86026,0.85971,0.86016,2547579000.0,2023-08-15 03:03:14.351,2023-08-15 00:16:17.601
2023-08-15 04:00:00,0.86015,0.86072,0.85824,0.86061,6615348000.0,2023-08-15 07:31:23.085,2023-08-15 06:00:56.561
2023-08-15 08:00:00,0.86063,0.86095,0.85953,0.86011,10334210000.0,2023-08-15 11:21:33.483,2023-08-15 10:01:27.667
2023-08-15 12:00:00,0.86012,0.86013,0.85751,0.85751,20501369000.0,2023-08-15 12:01:05.984,2023-08-15 15:17:05.101
2023-08-15 16:00:00,0.8575,0.85874,0.85738,0.85852,4435166000.0,2023-08-15 19:54:07.698,2023-08-15 16:14:54.235
2023-08-15 20:00:00,0.85851,0.8587,0.85736,0.85853,1207643000.0,2023-08-15 21:37:50.943,2023-08-15 21:09:46.169
2023-08-16 00:00:00,0.85852,0.85914,0.85846,0.85893,2332258000.0,2023-08-16 01:48:20.787,2023-08-16 00:00:49.048
2023-08-16 04:00:00,0.85894,0.85929,0.8572,0.8573,5825179000.0,2023-08-16 05:54:39.682,2023-08-16 07:49:53.526
2023-08-16 08:00:00,0.85728,0.85746,0.85616,0.85655,5966565000.0,2023-08-16 08:07:06.099,2023-08-16 11:47:13.080
2023-08-16 12:00:00,0.85656,0.85718,0.85498,0.8553,12149328000.0,2023-08-16 13:08:59.605,2023-08-16 15:49:53.198
2023-08-16 16:00:00,0.85532,0.85541,0.85465,0.85494,4873146000.0,2023-08-16 17:18:34.855,2023-08-16 18:53:54.412
2023-08-16 20:00:00,0.85493,0.85497,0.85405,0.85436,2021997000.0,2023-08-16 20:00:13.350,2023-08-16 21:38:25.234
2023-08-17 00:00:00,0.85439,0.85454,0.85414,0.85446,3672162000.0,2023-08-17 00:31:18.513,2023-08-17 01:53:36.590
2023-08-17 04:00:00,0.85448,0.85472,0.854,0.85435,4358194000.0,2023-08-17 06:47:06.494,2023-08-17 07:03:57.121
2023-08-17 08:00:00,0.85433,0.85571,0.85335,0.85362,14150475000.0,2023-08-17 09:10:19.646,2023-08-17 11:53:55.279
2023-08-17 12:00:00,0.85364,0.85433,0.8527,0.8528,13415730000.0,2023-08-17 12:38:10.519,2023-08-17 15:58:58.983
2023-08-17 16:00:00,0.85279,0.85314,0.85231,0.85297,9315029000.0,2023-08-17 19:01:01.130,2023-08-17 17:43:36.515
2023-08-17 20:00:00,0.85296,0.85313,0.85234,0.85303,1221994000.0,2023-08-17 23:00:49.903,2023-08-17 21:15:52.097
2023-08-18 00:00:00,0.85301,0.85398,0.85279,0.8537,3673936000.0,2023-08-18 00:59:14.908,2023-08-18 00:20:26.637
2023-08-18 04:00:00,0.85368,0.85576,0.85343,0.85518,10635698000.0,2023-08-18 06:42:10.252,2023-08-18 06:00:00.748
2023-08-18 08:00:00,0.85517,0.85521,0.8535,0.85521,9427013000.0,2023-08-18 11:59:59.962,2023-08-18 10:21:20.487
2023-08-18 12:00:00,0.85522,0.85532,0.85284,0.85376,13392820000.0,2023-08-18 12:03:45.483,2023-08-18 13:44:58.262
2023-08-18 16:00:00,0.85375,0.85391,0.85286,0.8536,6089041000.0,2023-08-18 19:26:12.806,2023-08-18 17:47:45.466
2023-08-18 20:00:00,0.85361,0.85399,0.85331,0.85375,769291000.0,2023-08-18 20:48:56.860,2023-08-18 20:02:39.905
2023-08-20 20:00:00,0.85338,0.85402,0.85288,0.85348,1094656000.0,2023-08-20 22:00:00.116,2023-08-20 21:06:01.777
2023-08-21 00:00:00,0.85351,0.85425,0.85328,0.85421,5132458000.0,2023-08-21 03:58:48.722,2023-08-21 01:13:41.364
2023-08-21 04:00:00,0.85422,0.85536,0.85396,0.85535,7014382000.0,2023-08-21 07:59:51.338,2023-08-21 06:03:49.954
2023-08-21 08:00:00,0.85534,0.8563,0.85474,0.85496,7003141000.0,2023-08-21 08:42:22.690,2023-08-21 11:32:22.425
2023-08-21 12:00:00,0.85497,0.85547,0.85402,0.85491,15202039000.0,2023-08-21 15:09:02.421,2023-08-21 13:18:35.334
2023-08-21 16:00:00,0.8549,0.85516,0.85373,0.85398,4788921000.0,2023-08-21 16:04:44.733,2023-08-21 19:01:34.231
2023-08-21 20:00:00,0.85397,0.85417,0.85356,0.85402,2166197000.0,2023-08-21 22:34:44.605,2023-08-21 21:27:26.201
2023-08-22 00:00:00,0.85403,0.85446,0.85383,0.85445,2910807000.0,2023-08-22 03:58:58.346,2023-08-22 00:05:39.447
2023-08-22 04:00:00,0.85444,0.85455,0.85336,0.8538,7725368000.0,2023-08-22 04:23:27.554,2023-08-22 06:22:17.810
2023-08-22 08:00:00,0.85379,0.85409,0.85208,0.85259,9432686000.0,2023-08-22 08:08:26.510,2023-08-22 10:28:39.332
2023-08-22 12:00:00,0.85258,0.85362,0.85134,0.85187,18941306000.0,2023-08-22 12:34:55.324,2023-08-22 14:42:26.324
2023-08-22 16:00:00,0.85189,0.85214,0.85161,0.85195,6375138000.0,2023-08-22 16:26:13.871,2023-08-22 16:09:16.424
2023-08-22 20:00:00,0.85193,0.85215,0.85113,0.85194,1553005000.0,2023-08-22 23:36:18.790,2023-08-22 21:05:01.050
2023-08-23 00:00:00,0.85192,0.85212,0.85161,0.85169,1209578000.0,2023-08-23 00:08:36.572,2023-08-23 01:02:19.390
2023-08-23 04:00:00,0.85168,0.85199,0.84923,0.85046,8705629500.0,2023-08-23 06:56:48.094,2023-08-23 07:32:51.532
2023-08-23 08:00:00,0.85044,0.85602,0.85008,0.85602,14099959400.0,2023-08-23 11:58:17.542,2023-08-23 08:11:51.375
2023-08-23 12:00:00,0.85601,0.85655,0.85393,0.85432,17304317000.0,2023-08-23 12:17:09.525,2023-08-23 15:37:24.943
2023-08-23 16:00:00,0.85431,0.85448,0.85346,0.85417,5149005000.0,2023-08-23 16:01:47.851,2023-08-23 18:15:23.151
2023-08-23 20:00:00,0.85416,0.85428,0.85347,0.8542,2991863000.0,2023-08-23 20:28:18.300,2023-08-23 20:59:08.060
2023-08-24 00:00:00,0.85421,0.85472,0.85417,0.85459,3366883000.0,2023-08-24 00:54:59.771,2023-08-24 00:00:12.256
2023-08-24 04:00:00,0.85461,0.85511,0.85382,0.85465,5185079000.0,2023-08-24 07:16:49.939,2023-08-24 07:37:50.023
2023-08-24 08:00:00,0.85464,0.85666,0.85431,0.85655,6357782000.0,2023-08-24 11:59:02.862,2023-08-24 08:05:14.169
2023-08-24 12:00:00,0.85656,0.85783,0.85572,0.85701,19121715000.0,2023-08-24 14:11:55.459,2023-08-24 12:47:42.536
2023-08-24 16:00:00,0.85702,0.85808,0.85684,0.85807,5027772000.0,2023-08-24 19:59:57.680,2023-08-24 16:02:10.803
2023-08-24 20:00:00,0.85808,0.8582,0.85746,0.85758,2002716000.0,2023-08-24 21:50:11.764,2023-08-24 23:50:31.809
2023-08-25 00:00:00,0.85755,0.8583,0.85725,0.85793,3022092000.0,2023-08-25 03:28:03.151,2023-08-25 00:43:55.917
2023-08-25 04:00:00,0.85792,0.85852,0.85631,0.85653,7405644000.0,2023-08-25 06:08:06.061,2023-08-25 07:51:46.401
2023-08-25 08:00:00,0.85651,0.85779,0.85601,0.8563,6761926000.0,2023-08-25 09:55:05.794,2023-08-25 08:07:47.284
2023-08-25 12:00:00,0.85629,0.85828,0.85625,0.85816,18132007000.0,2023-08-25 15:57:09.287,2023-08-25 12:00:51.819
2023-08-25 16:00:00,0.85815,0.85834,0.8577,0.85815,4065031000.0,2023-08-25 19:45:10.175,2023-08-25 16:29:43.642
2023-08-25 20:00:00,0.85812,0.85824,0.85778,0.8582,798200000.0,2023-08-25 20:54:37.814,2023-08-25 20:20:21.440
2023-08-27 20:00:00,0.85738,0.85824,0.85698,0.85759,1226114000.0,2023-08-27 22:33:12.570,2023-08-27 21:05:03.156
2023-08-28 00:00:00,0.85761,0.85798,0.85738,0.85791,2421645000.0,2023-08-28 03:24:17.163,2023-08-28 00:28:00.404
2023-08-28 04:00:00,0.85793,0.85986,0.85748,0.85953,3001643000.0,2023-08-28 07:54:45.805,2023-08-28 05:17:59.273
2023-08-28 08:00:00,0.85951,0.85986,0.85829,0.85834,5271140000.0,2023-08-28 10:25:28.120,2023-08-28 11:59:22.331
2023-08-28 12:00:00,0.85837,0.85934,0.85804,0.85851,6003349000.0,2023-08-28 14:54:11.941,2023-08-28 12:01:48.582
2023-08-28 16:00:00,0.8585,0.85853,0.85775,0.85823,4052084000.0,2023-08-28 16:00:03.902,2023-08-28 19:06:30.629
2023-08-28 20:00:00,0.85822,0.85876,0.85786,0.85841,1593064000.0,2023-08-28 22:21:40.678,2023-08-28 21:04:01.058
2023-08-29 00:00:00,0.85842,0.85851,0.85789,0.85807,1585148000.0,2023-08-29 00:01:12.213,2023-08-29 02:50:36.594
2023-08-29 04:00:00,0.85806,0.85808,0.85652,0.85795,3348624000.0,2023-08-29 04:05:25.736,2023-08-29 06:48:28.865
2023-08-29 08:00:00,0.85796,0.85877,0.85669,0.85832,9537802000.0,2023-08-29 11:43:39.451,2023-08-29 09:08:24.981
2023-08-29 12:00:00,0.85833,0.86075,0.85793,0.8603,16322209000.0,2023-08-29 14:55:35.450,2023-08-29 13:16:46.386
2023-08-29 16:00:00,0.86031,0.861,0.85983,0.86044,6051344000.0,2023-08-29 17:14:00.577,2023-08-29 16:19:59.960
2023-08-29 20:00:00,0.86043,0.86057,0.85987,0.86016,1924034000.0,2023-08-29 20:29:19.191,2023-08-29 21:08:39.225
2023-08-30 00:00:00,0.86017,0.86068,0.85975,0.86049,2982318000.0,2023-08-30 01:52:35.411,2023-08-30 00:57:25.121
2023-08-30 04:00:00,0.8605,0.86104,0.85906,0.85939,4865967000.0,2023-08-30 06:20:07.039,2023-08-30 07:44:07.520
2023-08-30 08:00:00,0.85938,0.86091,0.85885,0.85948,6544593000.0,2023-08-30 10:40:17.438,2023-08-30 08:03:44.715
2023-08-30 12:00:00,0.85947,0.86008,0.85841,0.85867,20226251700.0,2023-08-30 14:30:53.155,2023-08-30 15:17:58.951
2023-08-30 16:00:00,0.85866,0.85921,0.85842,0.85877,3151595000.0,2023-08-30 16:42:45.047,2023-08-30 16:06:07.244
2023-08-30 20:00:00,0.85878,0.85977,0.85838,0.85977,1700607000.0,2023-08-30 23:59:08.832,2023-08-30 21:22:03.535
2023-08-31 00:00:00,0.85978,0.85979,0.85829,0.85847,3758934000.0,2023-08-31 00:01:19.433,2023-08-31 03:12:40.230
2023-08-31 04:00:00,0.85848,0.85912,0.85699,0.85707,5614767000.0,2023-08-31 06:45:11.414,2023-08-31 07:56:03.471
2023-08-31 08:00:00,0.85705,0.85812,0.85615,0.85703,10919866000.0,2023-08-31 11:19:47.580,2023-08-31 09:05:39.877
2023-08-31 12:00:00,0.85704,0.85766,0.85556,0.85577,22748498000.0,2023-08-31 12:44:13.033,2023-08-31 13:47:25.023
2023-08-31 16:00:00,0.85578,0.8565,0.85568,0.85599,4856727000.0,2023-08-31 17:59:58.207,2023-08-31 16:22:51.627
2023-08-31 20:00:00,0.856,0.8561,0.8552,0.85565,3038774000.0,2023-08-31 20:03:44.751,2023-08-31 21:52:09.794
2023-09-01 00:00:00,0.85567,0.85634,0.85565,0.85634,2833508000.0,2023-09-01 03:59:38.054,2023-09-01 00:00:02.647
2023-09-01 04:00:00,0.85635,0.85731,0.85569,0.85587,7645321000.0,2023-09-01 06:58:28.772,2023-09-01 07:41:59.251
2023-09-01 08:00:00,0.85586,0.85604,0.85497,0.85497,6270903000.0,2023-09-01 08:20:57.005,2023-09-01 11:59:58.381
2023-09-01 12:00:00,0.85498,0.85699,0.85477,0.85663,18909972000.0,2023-09-01 14:40:55.180,2023-09-01 12:03:26.982
2023-09-01 16:00:00,0.85662,0.8572,0.85567,0.85604,4951713000.0,2023-09-01 16:26:38.796,2023-09-01 19:17:48.813
2023-09-01 20:00:00,0.85602,0.85606,0.85569,0.85576,612792000.0,2023-09-01 20:29:26.364,2023-09-01 20:45:44.404
2023-09-03 20:00:00,0.85548,0.85599,0.85548,0.85579,1227199000.0,2023-09-03 23:07:40.123,2023-09-03 21:05:00.063
2023-09-04 00:00:00,0.85581,0.85597,0.85547,0.85577,1556994000.0,2023-09-04 01:39:41.587,2023-09-04 00:37:40.600
2023-09-04 04:00:00,0.85576,0.85594,0.85505,0.85534,4023736000.0,2023-09-04 07:36:16.627,2023-09-04 06:22:11.248
2023-09-04 08:00:00,0.85533,0.85555,0.85433,0.85523,5565493000.0,2023-09-04 11:54:40.362,2023-09-04 10:30:46.600
2023-09-04 12:00:00,0.85524,0.85563,0.85439,0.85538,4952853000.0,2023-09-04 12:03:42.794,2023-09-04 14:54:29.946
2023-09-04 16:00:00,0.85537,0.85543,0.85452,0.85465,1480776000.0,2023-09-04 16:06:18.469,2023-09-04 17:27:14.439
2023-09-04 20:00:00,0.85466,0.85499,0.85431,0.85488,793038000.0,2023-09-04 22:07:03.463,2023-09-04 21:22:08.827
2023-09-05 00:00:00,0.85489,0.855,0.85451,0.855,2238878000.0,2023-09-05 03:59:44.891,2023-09-05 00:33:01.934
2023-09-05 04:00:00,0.85501,0.85631,0.85446,0.85616,8341768000.0,2023-09-05 07:58:52.092,2023-09-05 05:41:24.793
2023-09-05 08:00:00,0.85615,0.85767,0.85502,0.85519,10828878600.0,2023-09-05 08:26:35.176,2023-09-05 11:33:18.022
2023-09-05 12:00:00,0.8552,0.8554,0.85243,0.85261,20056742000.0,2023-09-05 12:08:38.885,2023-09-05 15:33:26.628
2023-09-05 16:00:00,0.8526,0.85367,0.85236,0.85345,3881619000.0,2023-09-05 19:35:23.507,2023-09-05 16:05:32.706
2023-09-05 20:00:00,0.85346,0.85351,0.8527,0.85317,1370448000.0,2023-09-05 20:00:05.131,2023-09-05 21:05:36.716
2023-09-06 00:00:00,0.8532,0.85384,0.8532,0.85379,2373439000.0,2023-09-06 03:58:08.459,2023-09-06 00:00:00.986
2023-09-06 04:00:00,0.8538,0.8552,0.85279,0.85457,5727813000.0,2023-09-06 07:15:34.545,2023-09-06 06:00:22.207
2023-09-06 08:00:00,0.85456,0.8561,0.85399,0.85504,7929483000.0,2023-09-06 11:23:46.177,2023-09-06 09:23:39.836
2023-09-06 12:00:00,0.85502,0.85772,0.85466,0.85715,25338538100.0,2023-09-06 14:03:12.280,2023-09-06 13:11:50.712
2023-09-06 16:00:00,0.85713,0.85778,0.8567,0.85772,4957734400.0,2023-09-06 19:01:27.379,2023-09-06 16:25:27.613
2023-09-06 20:00:00,0.85774,0.85803,0.85707,0.85796,2244347000.0,2023-09-06 23:43:13.384,2023-09-06 21:20:00.806
2023-09-07 00:00:00,0.85795,0.85852,0.85787,0.85806,2559669000.0,2023-09-07 01:27:15.638,2023-09-07 00:22:59.608
2023-09-07 04:00:00,0.85807,0.85936,0.85731,0.8591,5657227000.0,2023-09-07 07:33:12.669,2023-09-07 06:14:26.027
2023-09-07 08:00:00,0.85912,0.86013,0.85791,0.8591,7381372000.0,2023-09-07 10:29:05.198,2023-09-07 09:20:30.495
2023-09-07 12:00:00,0.85908,0.85942,0.85725,0.85732,14399900000.0,2023-09-07 12:20:58.774,2023-09-07 15:57:11.161
2023-09-07 16:00:00,0.85733,0.8583,0.85728,0.85757,4293552000.0,2023-09-07 16:43:24.980,2023-09-07 16:00:05.212
2023-09-07 20:00:00,0.85756,0.8578,0.85723,0.85743,2002760000.0,2023-09-07 20:12:42.081,2023-09-07 21:14:10.803
2023-09-08 00:00:00,0.85745,0.85817,0.85728,0.85757,2687141000.0,2023-09-08 01:20:53.497,2023-09-08 00:14:25.634
2023-09-08 04:00:00,0.85756,0.85855,0.85696,0.85713,3815017000.0,2023-09-08 07:14:11.015,2023-09-08 07:59:26.199
2023-09-08 08:00:00,0.85714,0.85803,0.85687,0.8571,7883127000.0,2023-09-08 08:40:15.473,2023-09-08 08:02:00.710
2023-09-08 12:00:00,0.85711,0.85895,0.85691,0.85845,12755944000.0,2023-09-08 15:30:35.112,2023-09-08 12:03:22.582
2023-09-08 16:00:00,0.85844,0.85925,0.85844,0.85894,3528039000.0,2023-09-08 17:08:49.328,2023-09-08 16:00:00.080
2023-09-08 20:00:00,0.85896,0.85899,0.85858,0.85864,1060700000.0,2023-09-08 20:01:01.912,2023-09-08 20:49:15.863
2023-09-10 20:00:00,0.8577,0.85887,0.85733,0.85808,1617618000.0,2023-09-10 22:00:00.607,2023-09-10 21:34:04.647
2023-09-11 00:00:00,0.85809,0.85819,0.85769,0.8577,1375171000.0,2023-09-11 00:12:26.932,2023-09-11 03:30:07.913
2023-09-11 04:00:00,0.85769,0.85797,0.85635,0.85648,7928669000.0,2023-09-11 04:31:13.930,2023-09-11 07:53:42.544
2023-09-11 08:00:00,0.85646,0.85809,0.856,0.85654,6515720000.0,2023-09-11 11:11:08.738,2023-09-11 09:56:25.748
2023-09-11 12:00:00,0.85653,0.85806,0.85577,0.85756,14123556000.0,2023-09-11 15:20:36.029,2023-09-11 13:30:25.957
2023-09-11 16:00:00,0.85755,0.85932,0.85754,0.85904,4166133500.0,2023-09-11 18:31:58.205,2023-09-11 16:19:11.606
2023-09-11 20:00:00,0.85905,0.85939,0.85866,0.85922,1514298000.0,2023-09-11 20:58:49.098,2023-09-11 21:22:18.884
2023-09-12 00:00:00,0.85923,0.85984,0.8585,0.85857,2877041000.0,2023-09-12 01:12:45.119,2023-09-12 03:50:16.207
2023-09-12 04:00:00,0.85856,0.85903,0.85696,0.85807,6027088000.0,2023-09-12 06:32:45.607,2023-09-12 06:00:23.498
2023-09-12 08:00:00,0.85806,0.85998,0.85802,0.85945,8605231000.0,2023-09-12 09:14:59.168,2023-09-12 08:00:01.966
2023-09-12 12:00:00,0.85943,0.85995,0.85853,0.85971,7843619000.0,2023-09-12 15:20:04.795,2023-09-12 12:49:02.264
2023-09-12 16:00:00,0.85969,0.85986,0.85877,0.85878,3629458000.0,2023-09-12 16:07:46.752,2023-09-12 19:59:13.738
2023-09-12 20:00:00,0.85877,0.86126,0.85875,0.86082,1978640000.0,2023-09-12 21:46:30.713,2023-09-12 20:05:00.971
2023-09-13 00:00:00,0.86083,0.86129,0.86048,0.86053,2961993000.0,2023-09-13 01:41:41.811,2023-09-13 03:51:51.665
2023-09-13 04:00:00,0.86051,0.86303,0.86026,0.86165,7815582000.0,2023-09-13 06:54:57.505,2023-09-13 06:00:00.388
2023-09-13 08:00:00,0.86164,0.86166,0.85999,0.86077,6015520000.0,2023-09-13 08:00:26.681,2023-09-13 09:06:30.531
2023-09-13 12:00:00,0.86076,0.86158,0.85914,0.85971,16884122000.0,2023-09-13 12:30:28.687,2023-09-13 14:15:12.263
2023-09-13 16:00:00,0.8597,0.85994,0.85906,0.85937,7126358000.0,2023-09-13 16:20:10.280,2023-09-13 17:11:17.865
2023-09-13 20:00:00,0.85938,0.8594,0.85887,0.85931,1385936000.0,2023-09-13 20:00:38.418,2023-09-13 21:04:01.006
2023-09-14 00:00:00,0.85933,0.85995,0.85897,0.85973,2317458000.0,2023-09-14 03:32:02.028,2023-09-14 01:00:51.704
2023-09-14 04:00:00,0.85974,0.86036,0.85957,0.85963,4790423000.0,2023-09-14 07:44:07.678,2023-09-14 07:59:15.585
2023-09-14 08:00:00,0.85962,0.86149,0.85934,0.86004,9230257000.0,2023-09-14 10:59:10.114,2023-09-14 08:14:04.228
2023-09-14 12:00:00,0.86003,0.86147,0.85772,0.85902,19742693000.0,2023-09-14 12:15:05.589,2023-09-14 13:03:16.886
2023-09-14 16:00:00,0.85901,0.85902,0.85726,0.85779,6302719000.0,2023-09-14 16:00:01.326,2023-09-14 19:08:11.445
2023-09-14 20:00:00,0.8578,0.85798,0.85682,0.85759,1294848700.0,2023-09-14 20:09:24.097,2023-09-14 21:05:00.213
2023-09-15 00:00:00,0.8576,0.8577,0.85689,0.85712,2507003000.0,2023-09-15 00:27:19.588,2023-09-15 02:58:03.994
2023-09-15 04:00:00,0.85711,0.8582,0.85695,0.85747,5860942000.0,2023-09-15 06:45:24.629,2023-09-15 04:32:57.220
2023-09-15 08:00:00,0.85748,0.85929,0.85705,0.85877,8357231000.0,2023-09-15 11:37:29.045,2023-09-15 08:49:57.705
2023-09-15 12:00:00,0.85875,0.86145,0.85861,0.8614,16671498000.0,2023-09-15 15:59:30.854,2023-09-15 12:00:48.625
2023-09-15 16:00:00,0.86139,0.86155,0.86053,0.86073,4952563000.0,2023-09-15 16:07:50.481,2023-09-15 16:52:40.253
2023-09-15 20:00:00,0.86072,0.86115,0.86058,0.86089,661701000.0,2023-09-15 20:45:17.264,2023-09-15 20:06:59.853
2023-09-17 20:00:00,0.85956,0.861,0.85956,0.86047,779351000.0,2023-09-17 22:23:00.132,2023-09-17 21:05:00.010
2023-09-18 00:00:00,0.86048,0.86087,0.86038,0.86084,2227911000.0,2023-09-18 02:59:31.734,2023-09-18 00:02:19.597
2023-09-18 04:00:00,0.86082,0.86132,0.86023,0.86125,3162848000.0,2023-09-18 07:56:52.055,2023-09-18 06:32:58.799
2023-09-18 08:00:00,0.86124,0.86186,0.85985,0.86105,7328304000.0,2023-09-18 08:14:39.242,2023-09-18 10:38:26.961
2023-09-18 12:00:00,0.86106,0.86268,0.86056,0.86233,10594189000.0,2023-09-18 15:48:05.594,2023-09-18 12:50:19.757
2023-09-18 16:00:00,0.86232,0.86306,0.86202,0.86303,4939623000.0,2023-09-18 19:59:29.639,2023-09-18 16:07:34.516
2023-09-18 20:00:00,0.86304,0.86356,0.86163,0.86342,1710747000.0,2023-09-18 23:41:02.198,2023-09-18 21:05:05.260
2023-09-19 00:00:00,0.86341,0.8635,0.86293,0.86302,1898860000.0,2023-09-19 00:00:14.607,2023-09-19 01:29:58.552
2023-09-19 04:00:00,0.86301,0.86338,0.86234,0.86318,4944900000.0,2023-09-19 07:58:02.099,2023-09-19 07:01:10.243
2023-09-19 08:00:00,0.86319,0.86366,0.86264,0.86277,11036594000.0,2023-09-19 10:40:39.047,2023-09-19 11:58:06.559
2023-09-19 12:00:00,0.86276,0.86312,0.86176,0.8622,13337581000.0,2023-09-19 12:06:30.922,2023-09-19 15:01:25.260
2023-09-19 16:00:00,0.86222,0.86259,0.8615,0.86161,3037974000.0,2023-09-19 16:59:17.246,2023-09-19 19:32:45.872
2023-09-19 20:00:00,0.86163,0.86194,0.86137,0.86185,1377925000.0,2023-09-19 23:11:52.306,2023-09-19 21:45:36.643
2023-09-20 00:00:00,0.86186,0.86265,0.86186,0.86219,3117178000.0,2023-09-20 00:56:45.978,2023-09-20 00:00:18.192
2023-09-20 04:00:00,0.86218,0.86587,0.86174,0.86486,9086792000.0,2023-09-20 06:34:10.843,2023-09-20 05:41:23.196
2023-09-20 08:00:00,0.86488,0.86595,0.86419,0.86523,8542892000.0,2023-09-20 10:39:03.703,2023-09-20 09:36:57.033
2023-09-20 12:00:00,0.86521,0.86531,0.86374,0.86494,12512217000.0,2023-09-20 12:00:39.200,2023-09-20 13:47:38.300
2023-09-20 16:00:00,0.86493,0.86519,0.86357,0.8637,15371473000.0,2023-09-20 16:13:01.654,2023-09-20 19:43:19.854
2023-09-20 20:00:00,0.86372,0.86413,0.8633,0.86391,3042354000.0,2023-09-20 23:50:27.665,2023-09-20 21:11:54.450
2023-09-21 00:00:00,0.8639,0.86393,0.86265,0.86319,5459233000.0,2023-09-21 00:00:00.422,2023-09-21 02:31:40.942
2023-09-21 04:00:00,0.86318,0.86613,0.86308,0.86535,8202138000.0,2023-09-21 07:46:41.319,2023-09-21 05:19:56.202
2023-09-21 08:00:00,0.86534,0.86934,0.86503,0.86689,15445462000.0,2023-09-21 11:00:18.796,2023-09-21 08:06:39.415
2023-09-21 12:00:00,0.8669,0.86829,0.86663,0.86713,16795608000.0,2023-09-21 14:34:55.989,2023-09-21 15:25:18.815
2023-09-21 16:00:00,0.86712,0.86769,0.8665,0.86712,5908935100.0,2023-09-21 18:51:00.241,2023-09-21 17:08:18.754
2023-09-21 20:00:00,0.86711,0.86746,0.86592,0.86717,2022655000.0,2023-09-21 23:02:01.403,2023-09-21 21:05:00.316
2023-09-22 00:00:00,0.86718,0.86755,0.86671,0.86747,3122056800.0,2023-09-22 03:49:36.478,2023-09-22 01:41:49.670
2023-09-22 04:00:00,0.86746,0.86839,0.866,0.86789,9299792000.0,2023-09-22 07:13:02.688,2023-09-22 07:17:11.335
2023-09-22 08:00:00,0.8679,0.86953,0.86773,0.86791,8709332000.0,2023-09-22 08:48:03.554,2023-09-22 11:55:10.311
2023-09-22 12:00:00,0.8679,0.87002,0.86763,0.86979,17565980000.0,2023-09-22 12:53:24.004,2023-09-22 12:01:03.228
2023-09-22 16:00:00,0.8698,0.86997,0.86937,0.86965,12164115000.0,2023-09-22 18:02:45.276,2023-09-22 16:50:30.852
2023-09-22 20:00:00,0.86962,0.86989,0.86952,0.86981,1214115000.0,2023-09-22 20:53:55.628,2023-09-22 20:20:26.412
2023-09-24 20:00:00,0.86798,0.86997,0.86798,0.86985,14963436000.0,2023-09-24 22:55:14.369,2023-09-24 21:05:00.007
2023-09-25 00:00:00,0.86984,0.87,0.86952,0.86996,3943424000.0,2023-09-25 03:15:10.148,2023-09-25 01:28:19.786
2023-09-25 04:00:00,0.86997,0.8702,0.86859,0.86896,7140188000.0,2023-09-25 06:08:56.302,2023-09-25 07:47:47.098
2023-09-25 08:00:00,0.86895,0.87023,0.86879,0.86983,8411325000.0,2023-09-25 10:12:18.939,2023-09-25 08:00:13.163
2023-09-25 12:00:00,0.86982,0.86996,0.86684,0.86691,13320386000.0,2023-09-25 12:00:39.326,2023-09-25 15:02:18.413
2023-09-25 16:00:00,0.8669,0.86745,0.86684,0.86741,5056631000.0,2023-09-25 19:58:36.306,2023-09-25 16:00:18.475
2023-09-25 20:00:00,0.8674,0.86761,0.86658,0.86722,1988107000.0,2023-09-25 22:16:53.831,2023-09-25 21:05:50.550
2023-09-26 00:00:00,0.8672,0.86786,0.86679,0.86784,3291148000.0,2023-09-26 03:55:22.010,2023-09-26 00:45:14.727
2023-09-26 04:00:00,0.86785,0.86976,0.86758,0.86953,6716714000.0,2023-09-26 07:54:41.418,2023-09-26 05:05:50.331
2023-09-26 08:00:00,0.86954,0.87045,0.86913,0.87043,9323244000.0,2023-09-26 11:59:47.626,2023-09-26 08:18:06.252
2023-09-26 12:00:00,0.87039,0.87059,0.86892,0.86907,13392593000.0,2023-09-26 12:38:30.455,2023-09-26 15:58:50.052
2023-09-26 16:00:00,0.86905,0.86958,0.86828,0.86954,5465593000.0,2023-09-26 19:59:51.018,2023-09-26 16:51:39.733
2023-09-26 20:00:00,0.86953,0.87024,0.86818,0.87014,1849366000.0,2023-09-26 23:23:12.725,2023-09-26 21:04:01.005
2023-09-27 00:00:00,0.87013,0.87017,0.8693,0.86987,3087768000.0,2023-09-27 00:00:17.123,2023-09-27 01:25:14.259
2023-09-27 04:00:00,0.86986,0.87022,0.86921,0.86967,6121567000.0,2023-09-27 07:32:59.724,2023-09-27 04:47:39.210
2023-09-27 08:00:00,0.86968,0.86982,0.86791,0.86823,12100499000.0,2023-09-27 08:03:23.947,2023-09-27 11:51:35.455
2023-09-27 12:00:00,0.86824,0.86873,0.86564,0.86627,21923271000.0,2023-09-27 12:49:06.233,2023-09-27 14:32:31.646
2023-09-27 16:00:00,0.86626,0.86683,0.86525,0.8654,9567224000.0,2023-09-27 16:06:19.537,2023-09-27 19:41:35.323
2023-09-27 20:00:00,0.86541,0.86589,0.86494,0.86562,2329014800.0,2023-09-27 22:36:00.226,2023-09-27 21:19:17.946
2023-09-28 00:00:00,0.86564,0.86601,0.8653,0.8654,2971939000.0,2023-09-28 01:24:46.596,2023-09-28 03:26:01.926
2023-09-28 04:00:00,0.86541,0.86589,0.86442,0.86467,5974755000.0,2023-09-28 07:19:34.405,2023-09-28 07:51:11.151
2023-09-28 08:00:00,0.86469,0.86472,0.86315,0.86353,10462106000.0,2023-09-28 08:00:54.901,2023-09-28 09:44:42.212
2023-09-28 12:00:00,0.86352,0.86607,0.86298,0.8654,13465918000.0,2023-09-28 15:01:52.696,2023-09-28 12:01:51.206
2023-09-28 16:00:00,0.86539,0.866,0.86515,0.86591,4909997000.0,2023-09-28 19:57:57.735,2023-09-28 17:49:42.399
2023-09-28 20:00:00,0.8659,0.86607,0.86426,0.86543,1678418000.0,2023-09-28 20:15:37.233,2023-09-28 21:07:33.181
2023-09-29 00:00:00,0.86546,0.86592,0.86533,0.86547,2652121000.0,2023-09-29 01:30:26.697,2023-09-29 02:28:19.549
2023-09-29 04:00:00,0.86548,0.86647,0.8642,0.8663,8133267000.0,2023-09-29 07:53:28.445,2023-09-29 06:45:03.349
2023-09-29 08:00:00,0.86631,0.86746,0.8642,0.86449,11000663400.0,2023-09-29 08:57:18.080,2023-09-29 11:50:57.088
2023-09-29 12:00:00,0.8645,0.86801,0.86426,0.86662,19258176000.0,2023-09-29 14:34:18.287,2023-09-29 12:05:15.282
2023-09-29 16:00:00,0.86663,0.86723,0.86627,0.86656,7837371000.0,2023-09-29 17:50:59.128,2023-09-29 16:50:00.614
2023-09-29 20:00:00,0.86658,0.86679,0.86625,0.86645,1155945000.0,2023-09-29 20:45:04.264,2023-09-29 20:15:46.520
2023-10-01 20:00:00,0.86564,0.86717,0.86499,0.86637,1662587000.0,2023-10-01 22:22:05.860,2023-10-01 21:36:10.779
2023-10-02 00:00:00,0.86639,0.86707,0.86631,0.86702,3143427000.0,2023-10-02 03:00:02.882,2023-10-02 00:16:31.288
2023-10-02 04:00:00,0.86701,0.86737,0.86607,0.86698,7532648000.0,2023-10-02 05:56:33.414,2023-10-02 06:51:16.862
2023-10-02 08:00:00,0.867,0.8675,0.86574,0.8666,10939482000.0,2023-10-02 08:10:40.835,2023-10-02 09:35:24.035
2023-10-02 12:00:00,0.86663,0.86697,0.86529,0.86569,16786056000.0,2023-10-02 13:12:04.156,2023-10-02 15:31:02.079
2023-10-02 16:00:00,0.86566,0.86697,0.86553,0.86672,6453941700.0,2023-10-02 19:47:27.946,2023-10-02 16:26:15.906
2023-10-02 20:00:00,0.86671,0.86705,0.86612,0.86679,2524598000.0,2023-10-02 22:26:47.751,2023-10-02 21:04:01.004
2023-10-03 00:00:00,0.86678,0.86698,0.86638,0.86676,3304793000.0,2023-10-03 02:06:21.385,2023-10-03 00:10:51.622
2023-10-03 04:00:00,0.86677,0.86799,0.86648,0.86751,7101364000.0,2023-10-03 07:25:27.203,2023-10-03 06:53:48.956
2023-10-03 08:00:00,0.86752,0.8691,0.86712,0.86803,5485734000.0,2023-10-03 10:51:05.091,2023-10-03 08:38:43.006
2023-10-03 12:00:00,0.86802,0.86806,0.866,0.86626,16654614000.0,2023-10-03 12:00:02.450,2023-10-03 15:48:04.119
2023-10-03 16:00:00,0.86624,0.86736,0.86586,0.86694,4586851000.0,2023-10-03 19:45:31.276,2023-10-03 16:04:11.983
2023-10-03 20:00:00,0.86696,0.86701,0.86561,0.86676,1406367000.0,2023-10-03 20:00:00.711,2023-10-03 21:04:01.004
2023-10-04 00:00:00,0.86675,0.86732,0.86668,0.86706,1422159000.0,2023-10-04 01:45:38.185,2023-10-04 00:00:42.674
2023-10-04 04:00:00,0.86704,0.86822,0.86638,0.86766,3535519000.0,2023-10-04 07:02:17.050,2023-10-04 05:02:30.671
2023-10-04 08:00:00,0.86765,0.86774,0.86496,0.86621,8321251000.0,2023-10-04 08:19:52.250,2023-10-04 09:47:34.342
2023-10-04 12:00:00,0.86623,0.86638,0.86396,0.8653,12319945200.0,2023-10-04 15:08:27.221,2023-10-04 13:40:36.428
2023-10-04 16:00:00,0.86531,0.86558,0.86467,0.86539,4919579000.0,2023-10-04 19:19:01.066,2023-10-04 16:37:08.166
2023-10-04 20:00:00,0.8654,0.86573,0.86392,0.86565,1235278000.0,2023-10-04 22:16:57.350,2023-10-04 21:04:01.003
2023-10-05 00:00:00,0.86564,0.86614,0.86536,0.86555,3160699000.0,2023-10-05 00:55:50.672,2023-10-05 02:31:56.559
2023-10-05 04:00:00,0.86552,0.86639,0.86503,0.86624,5071084000.0,2023-10-05 07:56:21.613,2023-10-05 06:22:48.319
2023-10-05 08:00:00,0.86627,0.86733,0.86598,0.86621,6569025000.0,2023-10-05 08:46:02.113,2023-10-05 08:04:24.679
2023-10-05 12:00:00,0.86622,0.86741,0.86494,0.86498,12580203000.0,2023-10-05 12:40:57.202,2023-10-05 15:59:36.566
2023-10-05 16:00:00,0.86497,0.86528,0.8647,0.86511,7602816000.0,2023-10-05 18:28:04.796,2023-10-05 16:28:53.136
2023-10-05 20:00:00,0.8651,0.86549,0.8641,0.8653,1157068000.0,2023-10-05 20:56:24.626,2023-10-05 21:04:06.258
2023-10-06 00:00:00,0.86532,0.86553,0.86522,0.86545,3154841000.0,2023-10-06 01:35:06.436,2023-10-06 00:12:34.730
2023-10-06 04:00:00,0.86546,0.866,0.8643,0.86445,6367751000.0,2023-10-06 06:27:37.363,2023-10-06 07:57:55.475
2023-10-06 08:00:00,0.86447,0.86543,0.86422,0.86519,6347372000.0,2023-10-06 11:51:39.021,2023-10-06 09:23:59.299
2023-10-06 12:00:00,0.86518,0.86629,0.86384,0.86462,20845612000.0,2023-10-06 12:53:52.471,2023-10-06 12:30:01.303
2023-10-06 16:00:00,0.86463,0.86531,0.86423,0.86499,4364272000.0,2023-10-06 18:04:43.791,2023-10-06 16:07:26.261
2023-10-06 20:00:00,0.86498,0.86525,0.86482,0.86501,321933000.0,2023-10-06 20:31:40.740,2023-10-06 20:49:21.918
2023-10-08 20:00:00,0.86418,0.86523,0.86416,0.86468,1731972000.0,2023-10-08 22:01:18.852,2023-10-08 21:10:30.854
2023-10-09 00:00:00,0.86469,0.86512,0.86456,0.86504,1014405000.0,2023-10-09 01:01:42.600,2023-10-09 00:04:01.597
2023-10-09 04:00:00,0.86502,0.86531,0.86388,0.86462,10609160000.0,2023-10-09 05:09:27.722,2023-10-09 06:29:49.343
2023-10-09 08:00:00,0.86461,0.8658,0.86396,0.86514,8268509000.0,2023-10-09 09:01:35.010,2023-10-09 10:21:32.235
2023-10-09 12:00:00,0.86513,0.86544,0.86331,0.86364,8482895000.0,2023-10-09 12:01:34.503,2023-10-09 15:04:13.203
2023-10-09 16:00:00,0.86363,0.86391,0.86317,0.8633,2657318000.0,2023-10-09 16:13:36.200,2023-10-09 18:28:16.823
2023-10-09 20:00:00,0.86329,0.86371,0.8626,0.86356,1253294500.0,2023-10-09 23:38:47.247,2023-10-09 21:05:00.115
2023-10-10 00:00:00,0.86357,0.86373,0.86311,0.8637,1273824000.0,2023-10-10 03:59:27.263,2023-10-10 01:01:19.801
2023-10-10 04:00:00,0.86372,0.86475,0.86357,0.86431,4346762000.0,2023-10-10 07:11:01.600,2023-10-10 04:13:06.599
2023-10-10 08:00:00,0.86432,0.86553,0.86363,0.86401,9496237000.0,2023-10-10 09:35:23.560,2023-10-10 10:50:50.883
2023-10-10 12:00:00,0.86402,0.86509,0.8635,0.8641,10207660000.0,2023-10-10 14:06:45.856,2023-10-10 12:24:36.757
2023-10-10 16:00:00,0.86409,0.86421,0.86294,0.86323,6729882000.0,2023-10-10 16:03:41.449,2023-10-10 19:02:04.080
2023-10-10 20:00:00,0.86322,0.86338,0.86269,0.86286,1342376000.0,2023-10-10 21:38:25.731,2023-10-10 23:35:21.105
2023-10-11 00:00:00,0.86285,0.86292,0.86242,0.86269,817575000.0,2023-10-11 00:00:34.742,2023-10-11 01:46:25.841
2023-10-11 04:00:00,0.86265,0.86398,0.86246,0.86343,3505951000.0,2023-10-11 07:46:51.928,2023-10-11 05:06:01.339
2023-10-11 08:00:00,0.86342,0.86424,0.8622,0.86281,10431626000.0,2023-10-11 08:51:48.577,2023-10-11 11:14:59.455
2023-10-11 12:00:00,0.86282,0.86338,0.86159,0.86267,14285112000.0,2023-10-11 15:15:35.182,2023-10-11 13:24:44.180
2023-10-11 16:00:00,0.86266,0.86288,0.86186,0.86217,5472619000.0,2023-10-11 16:17:19.896,2023-10-11 18:05:39.345
2023-10-11 20:00:00,0.86216,0.86276,0.86137,0.86258,1404353000.0,2023-10-11 22:28:07.396,2023-10-11 21:04:46.630
2023-10-12 00:00:00,0.86257,0.86295,0.86233,0.86283,995608000.0,2023-10-12 03:58:42.484,2023-10-12 01:45:23.339
2023-10-12 04:00:00,0.86282,0.86383,0.86252,0.86373,2724419000.0,2023-10-12 07:58:53.294,2023-10-12 05:55:38.113
2023-10-12 08:00:00,0.86374,0.86425,0.86239,0.86246,6189893000.0,2023-10-12 09:00:00.801,2023-10-12 11:59:36.036
2023-10-12 12:00:00,0.86247,0.86429,0.86211,0.86406,15069685600.0,2023-10-12 14:58:56.796,2023-10-12 13:49:10.737
2023-10-12 16:00:00,0.86407,0.86518,0.86378,0.86487,5717722000.0,2023-10-12 17:08:45.144,2023-10-12 16:14:07.818
2023-10-12 20:00:00,0.86488,0.86499,0.86393,0.86481,930674000.0,2023-10-12 20:31:17.911,2023-10-12 21:14:16.087
2023-10-13 00:00:00,0.8648,0.86482,0.86379,0.86411,984242000.0,2023-10-13 00:00:40.147,2023-10-13 02:28:18.931
2023-10-13 04:00:00,0.86413,0.86482,0.8634,0.86409,3017329000.0,2023-10-13 06:37:08.446,2023-10-13 07:40:21.835
2023-10-13 08:00:00,0.86407,0.86464,0.86336,0.86375,7117943000.0,2023-10-13 11:05:00.511,2023-10-13 09:39:04.288
2023-10-13 12:00:00,0.86376,0.86558,0.86351,0.8652,11350425000.0,2023-10-13 15:43:38.370,2023-10-13 12:02:20.030
2023-10-13 16:00:00,0.86519,0.86644,0.86517,0.86601,3056218000.0,2023-10-13 17:20:33.920,2023-10-13 16:00:21.143
2023-10-13 20:00:00,0.86602,0.86602,0.86544,0.86562,292194000.0,2023-10-13 20:00:00.115,2023-10-13 20:53:08.732
2023-10-15 20:00:00,0.8646,0.86607,0.86396,0.86566,1128266000.0,2023-10-15 22:30:42.120,2023-10-15 21:28:18.579
2023-10-16 00:00:00,0.86565,0.86605,0.86544,0.86569,1048890000.0,2023-10-16 01:38:24.297,2023-10-16 00:34:01.544
2023-10-16 04:00:00,0.86568,0.86584,0.86464,0.86519,3198043000.0,2023-10-16 06:56:06.628,2023-10-16 07:48:45.081
2023-10-16 08:00:00,0.8652,0.86715,0.86508,0.86516,7928514000.0,2023-10-16 09:57:47.302,2023-10-16 11:57:41.315
2023-10-16 12:00:00,0.86517,0.86615,0.86438,0.86456,13924424000.0,2023-10-16 14:06:34.133,2023-10-16 15:57:14.298
2023-10-16 16:00:00,0.86458,0.86472,0.86404,0.86451,4684384000.0,2023-10-16 16:02:41.690,2023-10-16 18:06:03.231
2023-10-16 20:00:00,0.8645,0.86451,0.86405,0.86425,3883297000.0,2023-10-16 20:01:20.811,2023-10-16 21:06:18.711
2023-10-17 00:00:00,0.86426,0.86509,0.86426,0.86453,1496705000.0,2023-10-17 02:33:03.413,2023-10-17 00:00:00.096
2023-10-17 04:00:00,0.86454,0.86663,0.86445,0.86631,6169125000.0,2023-10-17 07:55:33.437,2023-10-17 04:09:01.224
2023-10-17 08:00:00,0.86632,0.86812,0.86616,0.86789,9759837000.0,2023-10-17 11:13:29.135,2023-10-17 08:11:47.063
2023-10-17 12:00:00,0.8679,0.86905,0.86776,0.86794,17734721000.0,2023-10-17 12:32:41.121,2023-10-17 15:23:34.118
2023-10-17 16:00:00,0.86797,0.86816,0.86711,0.86803,8662050000.0,2023-10-17 19:00:40.742,2023-10-17 16:41:31.461
2023-10-17 20:00:00,0.86801,0.8684,0.86721,0.86815,1762299000.0,2023-10-17 22:15:43.051,2023-10-17 21:05:00.610
2023-10-18 00:00:00,0.86818,0.86882,0.86798,0.86855,2521522000.0,2023-10-18 01:55:04.553,2023-10-18 00:23:32.512
2023-10-18 04:00:00,0.86856,0.86857,0.86661,0.86785,5766443000.0,2023-10-18 05:59:15.131,2023-10-18 07:24:10.074
2023-10-18 08:00:00,0.86784,0.86832,0.86612,0.8664,9126679000.0,2023-10-18 08:17:30.526,2023-10-18 11:51:13.247
2023-10-18 12:00:00,0.86639,0.8678,0.86602,0.86688,14528018000.0,2023-10-18 14:42:59.630,2023-10-18 12:08:52.829
2023-10-18 16:00:00,0.86689,0.86783,0.86666,0.86779,7293284000.0,2023-10-18 19:46:38.091,2023-10-18 17:15:22.606
2023-10-18 20:00:00,0.8678,0.86795,0.86691,0.8679,1183920000.0,2023-10-18 20:44:59.240,2023-10-18 21:04:01.004
2023-10-19 00:00:00,0.86791,0.86856,0.86773,0.86855,2391345000.0,2023-10-19 03:58:05.891,2023-10-19 00:10:18.846
2023-10-19 04:00:00,0.86854,0.86966,0.86824,0.86957,5178506000.0,2023-10-19 07:58:28.099,2023-10-19 06:38:56.407
2023-10-19 08:00:00,0.86955,0.87174,0.86936,0.87101,9836067000.0,2023-10-19 09:38:40.236,2023-10-19 08:30:58.761
2023-10-19 12:00:00,0.871,0.87134,0.86967,0.87041,15025148000.0,2023-10-19 12:54:15.541,2023-10-19 14:41:54.760
2023-10-19 16:00:00,0.87042,0.87152,0.86982,0.87149,14083123100.0,2023-10-19 19:53:08.102,2023-10-19 16:35:15.093
2023-10-19 20:00:00,0.87148,0.87246,0.87104,0.87235,1101462000.0,2023-10-19 23:59:22.274,2023-10-19 21:21:10.357
2023-10-20 00:00:00,0.87236,0.87236,0.8711,0.87133,1473365200.0,2023-10-20 00:00:00.253,2023-10-20 03:02:29.727
2023-10-20 04:00:00,0.87132,0.87365,0.87132,0.87333,5155658000.0,2023-10-20 06:32:28.133,2023-10-20 04:00:00.439
2023-10-20 08:00:00,0.87332,0.87403,0.87214,0.87232,7241567000.0,2023-10-20 08:40:51.265,2023-10-20 11:57:48.572
2023-10-20 12:00:00,0.8723,0.87236,0.8708,0.87163,14045657000.0,2023-10-20 12:00:34.338,2023-10-20 13:46:29.528
2023-10-20 16:00:00,0.87161,0.872,0.87085,0.871,7167591000.0,2023-10-20 16:32:09.133,2023-10-20 17:12:07.905
2023-10-20 20:00:00,0.87098,0.87112,0.87065,0.87097,999355000.0,2023-10-20 20:01:18.207,2023-10-20 20:30:02.189
2023-10-22 20:00:00,0.87049,0.87109,0.87019,0.87058,1049726000.0,2023-10-22 21:30:00.105,2023-10-22 21:06:08.530
2023-10-23 00:00:00,0.87059,0.87084,0.87001,0.87051,1589036000.0,2023-10-23 00:24:54.635,2023-10-23 03:20:18.263
2023-10-23 04:00:00,0.8705,0.87095,0.86991,0.8709,4914848000.0,2023-10-23 07:59:00.157,2023-10-23 07:28:33.965
2023-10-23 08:00:00,0.87094,0.87257,0.87051,0.87112,7912899000.0,2023-10-23 10:22:37.251,2023-10-23 08:22:50.343
2023-10-23 12:00:00,0.87111,0.87233,0.86981,0.87024,13887026000.0,2023-10-23 12:58:29.885,2023-10-23 14:49:26.038
2023-10-23 16:00:00,0.87026,0.87196,0.87012,0.87099,5429137000.0,2023-10-23 17:15:27.475,2023-10-23 16:08:31.419
2023-10-23 20:00:00,0.871,0.87125,0.87045,0.87104,1928790000.0,2023-10-23 21:57:54.899,2023-10-23 21:07:12.611
2023-10-24 00:00:00,0.87105,0.87115,0.87046,0.8709,2529176000.0,2023-10-24 00:46:23.717,2023-10-24 01:16:00.738
2023-10-24 04:00:00,0.87089,0.87094,0.86903,0.86952,5530372000.0,2023-10-24 04:12:18.938,2023-10-24 07:42:10.718
2023-10-24 08:00:00,0.86947,0.87043,0.86828,0.87034,11806483000.0,2023-10-24 11:59:12.261,2023-10-24 08:54:01.011
2023-10-24 12:00:00,0.87035,0.87119,0.86956,0.87059,13732376000.0,2023-10-24 14:13:05.686,2023-10-24 13:08:49.770
2023-10-24 16:00:00,0.8706,0.87132,0.87048,0.8708,6911018550.0,2023-10-24 16:26:53.053,2023-10-24 18:06:33.517
2023-10-24 20:00:00,0.87079,0.87125,0.86966,0.87112,2749738000.0,2023-10-24 22:53:22.110,2023-10-24 21:04:01.004
2023-10-25 00:00:00,0.87114,0.87114,0.87051,0.87105,9913962000.0,2023-10-25 00:00:00.138,2023-10-25 01:12:41.427
2023-10-25 04:00:00,0.87107,0.87214,0.87041,0.87194,5970553000.0,2023-10-25 07:55:24.740,2023-10-25 07:06:47.060
2023-10-25 08:00:00,0.87195,0.87251,0.87172,0.87243,6731099000.0,2023-10-25 09:52:35.966,2023-10-25 09:28:00.802
2023-10-25 12:00:00,0.87242,0.87264,0.87097,0.87187,9740959000.0,2023-10-25 12:24:05.429,2023-10-25 14:43:24.851
2023-10-25 16:00:00,0.87186,0.87246,0.87159,0.87245,7600083000.0,2023-10-25 19:59:53.888,2023-10-25 16:03:42.827
2023-10-25 20:00:00,0.87241,0.87338,0.87184,0.87306,1811083000.0,2023-10-25 23:33:14.045,2023-10-25 21:04:01.003
2023-10-26 00:00:00,0.87307,0.87342,0.87256,0.87301,2875662000.0,2023-10-26 00:55:00.310,2023-10-26 02:48:00.270
2023-10-26 04:00:00,0.87302,0.87305,0.87183,0.87248,5140859000.0,2023-10-26 05:28:33.189,2023-10-26 07:27:34.664
2023-10-26 08:00:00,0.87249,0.87307,0.87149,0.87175,5699799000.0,2023-10-26 09:01:55.876,2023-10-26 11:39:51.072
2023-10-26 12:00:00,0.87174,0.87202,0.86911,0.86957,15385757000.0,2023-10-26 12:15:00.842,2023-10-26 15:21:13.004
2023-10-26 16:00:00,0.86958,0.87086,0.86949,0.87084,7791035100.0,2023-10-26 19:59:37.338,2023-10-26 16:01:54.963
2023-10-26 20:00:00,0.87087,0.87108,0.87009,0.87042,1622737000.0,2023-10-26 20:02:18.355,2023-10-26 21:04:21.593
2023-10-27 00:00:00,0.87044,0.8707,0.8703,0.8706,1430008000.0,2023-10-27 03:40:38.322,2023-10-27 00:05:31.667
2023-10-27 04:00:00,0.87061,0.87149,0.87045,0.8712,3333579000.0,2023-10-27 07:14:32.844,2023-10-27 05:20:04.836
2023-10-27 08:00:00,0.87121,0.8716,0.86985,0.87018,8219103000.0,2023-10-27 08:30:09.994,2023-10-27 11:11:12.419
2023-10-27 12:00:00,0.87019,0.87209,0.86954,0.87169,15679672000.0,2023-10-27 15:09:40.592,2023-10-27 12:46:07.668
2023-10-27 16:00:00,0.8717,0.87267,0.87146,0.87211,7427275000.0,2023-10-27 16:28:41.753,2023-10-27 17:50:03.217
2023-10-27 20:00:00,0.87213,0.87213,0.87147,0.87152,3359703000.0,2023-10-27 20:00:00.110,2023-10-27 20:53:04.623
2023-10-29 20:00:00,0.87018,0.87202,0.87018,0.87194,1498723000.0,2023-10-29 23:34:02.848,2023-10-29 21:05:00.007
2023-10-30 00:00:00,0.87193,0.8723,0.87125,0.87128,1770353000.0,2023-10-30 01:18:17.835,2023-10-30 03:53:56.593
2023-10-30 04:00:00,0.87126,0.87292,0.87073,0.87253,2644513000.0,2023-10-30 07:50:22.252,2023-10-30 06:42:57.921
2023-10-30 08:00:00,0.87251,0.87295,0.87162,0.87293,8002956000.0,2023-10-30 11:59:59.433,2023-10-30 09:17:57.434
2023-10-30 12:00:00,0.87295,0.87406,0.87271,0.87357,11767633000.0,2023-10-30 14:00:04.276,2023-10-30 12:04:41.276
2023-10-30 16:00:00,0.87358,0.87375,0.87196,0.87211,7558330000.0,2023-10-30 16:01:25.748,2023-10-30 19:53:55.239
2023-10-30 20:00:00,0.87213,0.87257,0.87213,0.87256,2005788000.0,2023-10-30 23:58:58.004,2023-10-30 20:00:00.271
2023-10-31 00:00:00,0.87257,0.87289,0.87231,0.87235,2034166000.0,2023-10-31 02:01:45.894,2023-10-31 03:54:47.031
2023-10-31 04:00:00,0.87234,0.87389,0.87214,0.87371,3370075000.0,2023-10-31 07:56:31.357,2023-10-31 04:10:22.857
2023-10-31 08:00:00,0.8737,0.87538,0.87314,0.87485,8678188000.0,2023-10-31 09:59:17.872,2023-10-31 09:42:02.364
2023-10-31 12:00:00,0.87488,0.87507,0.87089,0.8709,16959304000.0,2023-10-31 12:19:32.185,2023-10-31 15:59:57.076
2023-10-31 16:00:00,0.87091,0.87124,0.87004,0.87061,11320219000.0,2023-10-31 16:13:12.065,2023-10-31 17:44:37.242
2023-10-31 20:00:00,0.8706,0.87094,0.87002,0.87058,2617109000.0,2023-10-31 20:13:44.281,2023-10-31 21:09:09.447
2023-11-01 00:00:00,0.87059,0.87122,0.87027,0.87035,2058783000.0,2023-11-01 01:25:33.977,2023-11-01 03:33:00.997
2023-11-01 04:00:00,0.87034,0.87094,0.86904,0.86934,4245349000.0,2023-11-01 05:47:57.837,2023-11-01 07:44:57.481
2023-11-01 08:00:00,0.86933,0.86956,0.86847,0.86945,7015842000.0,2023-11-01 11:57:30.087,2023-11-01 08:19:54.958
2023-11-01 12:00:00,0.86946,0.87004,0.86826,0.86893,15547022000.0,2023-11-01 13:37:39.829,2023-11-01 15:48:52.811
2023-11-01 16:00:00,0.86894,0.86993,0.86874,0.86984,11957345000.0,2023-11-01 19:59:05.377,2023-11-01 18:35:53.160
2023-11-01 20:00:00,0.86985,0.87031,0.86882,0.86907,2720726600.0,2023-11-01 20:17:36.297,2023-11-01 21:07:09.268
2023-11-02 00:00:00,0.86906,0.86952,0.86892,0.86938,7343377000.0,2023-11-02 00:58:44.307,2023-11-02 02:27:38.972
2023-11-02 04:00:00,0.86939,0.87155,0.86938,0.87127,2522803000.0,2023-11-02 07:53:09.483,2023-11-02 04:01:49.085
2023-11-02 08:00:00,0.87124,0.87239,0.8709,0.87206,8889165000.0,2023-11-02 10:59:36.246,2023-11-02 08:26:05.287
2023-11-02 12:00:00,0.87209,0.87356,0.87072,0.87218,15834515000.0,2023-11-02 14:55:02.939,2023-11-02 12:00:27.565
2023-11-02 16:00:00,0.87217,0.87239,0.87002,0.87012,8626143000.0,2023-11-02 16:03:06.324,2023-11-02 19:50:23.112
2023-11-02 20:00:00,0.87013,0.87086,0.86987,0.87085,2400510000.0,2023-11-02 23:59:49.147,2023-11-02 21:05:00.797
2023-11-03 00:00:00,0.87086,0.87127,0.87073,0.87093,861787000.0,2023-11-03 01:59:22.158,2023-11-03 03:09:01.083
2023-11-03 04:00:00,0.87094,0.87137,0.87046,0.87125,1530154000.0,2023-11-03 07:57:10.816,2023-11-03 07:36:17.949
2023-11-03 08:00:00,0.87126,0.87213,0.87064,0.87076,9539275000.0,2023-11-03 09:20:09.415,2023-11-03 11:22:19.095
2023-11-03 12:00:00,0.87077,0.87114,0.86735,0.86745,20489042000.0,2023-11-03 12:38:51.912,2023-11-03 15:58:54.375
2023-11-03 16:00:00,0.86749,0.86787,0.86658,0.86672,12921273000.0,2023-11-03 16:09:07.698,2023-11-03 19:56:08.674
2023-11-03 20:00:00,0.86677,0.86686,0.86642,0.86649,815224000.0,2023-11-03 20:01:05.384,2023-11-03 20:53:30.754
2023-11-05 20:00:00,0.86629,0.86736,0.86583,0.86736,830257000.0,2023-11-05 23:40:35.581,2023-11-05 22:08:42.897
2023-11-06 00:00:00,0.86735,0.86749,0.86684,0.86737,2202627000.0,2023-11-06 03:18:19.923,2023-11-06 01:31:26.078
2023-11-06 04:00:00,0.86736,0.86765,0.86651,0.86677,2567462000.0,2023-11-06 04:59:42.997,2023-11-06 07:35:37.885
2023-11-06 08:00:00,0.86678,0.86721,0.86508,0.86539,7771089000.0,2023-11-06 08:33:36.982,2023-11-06 11:38:52.299
2023-11-06 12:00:00,0.86538,0.86727,0.86498,0.8671,10568100000.0,2023-11-06 15:56:07.515,2023-11-06 12:11:28.446
2023-11-06 16:00:00,0.86711,0.86821,0.86678,0.8682,5475086200.0,2023-11-06 19:59:36.717,2023-11-06 16:15:54.450
2023-11-06 20:00:00,0.86821,0.86862,0.86678,0.8683,3661676000.0,2023-11-06 20:38:02.312,2023-11-06 22:05:11.720
2023-11-07 00:00:00,0.86829,0.86835,0.86788,0.86822,1594955000.0,2023-11-07 00:07:28.040,2023-11-07 01:46:25.497
2023-11-07 04:00:00,0.86821,0.86867,0.86813,0.86858,2880400000.0,2023-11-07 07:00:40.465,2023-11-07 05:42:54.957
2023-11-07 08:00:00,0.86857,0.86909,0.86792,0.86855,9877249000.0,2023-11-07 11:17:44.921,2023-11-07 08:41:51.782
2023-11-07 12:00:00,0.86857,0.8692,0.86773,0.86878,12526656000.0,2023-11-07 15:51:36.589,2023-11-07 13:53:01.091
2023-11-07 16:00:00,0.86877,0.87038,0.86843,0.86979,7672290000.0,2023-11-07 17:33:53.594,2023-11-07 16:10:19.941
2023-11-07 20:00:00,0.86978,0.87029,0.86925,0.87017,1492222000.0,2023-11-07 23:40:08.838,2023-11-07 22:20:45.113
2023-11-08 00:00:00,0.87018,0.8705,0.87,0.87045,1635927000.0,2023-11-08 03:59:26.214,2023-11-08 02:18:30.677
2023-11-08 04:00:00,0.87044,0.8706,0.87014,0.87024,2004707000.0,2023-11-08 06:02:57.761,2023-11-08 07:34:05.582
2023-11-08 08:00:00,0.87025,0.87106,0.86993,0.87031,6576692000.0,2023-11-08 10:11:13.222,2023-11-08 08:11:19.392
2023-11-08 12:00:00,0.87032,0.87148,0.86959,0.87127,7722158000.0,2023-11-08 15:54:11.819,2023-11-08 13:24:56.535
2023-11-08 16:00:00,0.87128,0.87149,0.87066,0.87123,15552242000.0,2023-11-08 17:08:14.495,2023-11-08 16:32:35.839
2023-11-08 20:00:00,0.87121,0.87193,0.87043,0.87185,3713093000.0,2023-11-08 23:22:03.627,2023-11-08 22:30:00.006
2023-11-09 00:00:00,0.87183,0.872,0.8714,0.8718,937607000.0,2023-11-09 02:28:52.735,2023-11-09 00:35:19.110
2023-11-09 04:00:00,0.87179,0.87184,0.87128,0.87159,1970312000.0,2023-11-09 04:21:44.414,2023-11-09 06:51:14.622
2023-11-09 08:00:00,0.8716,0.87191,0.86928,0.87166,11369910000.0,2023-11-09 11:50:08.664,2023-11-09 10:06:01.975
2023-11-09 12:00:00,0.87167,0.87264,0.8715,0.87203,9021295000.0,2023-11-09 14:58:52.016,2023-11-09 12:43:27.958
2023-11-09 16:00:00,0.87204,0.87298,0.87196,0.8729,8815832000.0,2023-11-09 19:36:46.602,2023-11-09 16:01:03.422
2023-11-09 20:00:00,0.87291,0.87315,0.87219,0.87315,4727664000.0,2023-11-09 23:59:58.060,2023-11-09 22:05:00.016
2023-11-10 00:00:00,0.87316,0.8732,0.87282,0.87304,1114159000.0,2023-11-10 00:02:38.430,2023-11-10 00:56:56.923
2023-11-10 04:00:00,0.87303,0.87306,0.87156,0.87203,3603644000.0,2023-11-10 04:05:37.804,2023-11-10 07:00:04.498
2023-11-10 08:00:00,0.87205,0.87485,0.87205,0.8746,6162999000.0,2023-11-10 11:36:29.373,2023-11-10 08:00:00.185
2023-11-10 12:00:00,0.87462,0.87552,0.87394,0.87482,8972012000.0,2023-11-10 15:44:45.004,2023-11-10 12:58:44.078
2023-11-10 16:00:00,0.87481,0.87486,0.87363,0.87405,7167046000.0,2023-11-10 16:00:06.133,2023-11-10 18:40:39.482
2023-11-10 20:00:00,0.87406,0.87414,0.87386,0.87404,1088860000.0,2023-11-10 21:20:05.817,2023-11-10 21:53:19.141
2023-11-12 20:00:00,0.8725,0.87424,0.87249,0.87413,1226647000.0,2023-11-12 23:50:07.949,2023-11-12 22:05:00.107
2023-11-13 00:00:00,0.87412,0.87413,0.87325,0.87388,1388436000.0,2023-11-13 00:00:00.590,2023-11-13 02:45:59.023
2023-11-13 04:00:00,0.87387,0.87404,0.87341,0.87377,1423047000.0,2023-11-13 07:30:26.482,2023-11-13 07:01:53.019
2023-11-13 08:00:00,0.87378,0.87408,0.87196,0.87239,6105362000.0,2023-11-13 08:01:30.109,2023-11-13 11:55:46.762
2023-11-13 12:00:00,0.87238,0.87248,0.87077,0.87239,10568426000.0,2023-11-13 12:38:36.683,2023-11-13 13:29:37.139
2023-11-13 16:00:00,0.87238,0.87258,0.87154,0.87163,5173779000.0,2023-11-13 16:04:05.083,2023-11-13 19:56:58.424
2023-11-13 20:00:00,0.87162,0.8718,0.87102,0.8714,2821072000.0,2023-11-13 20:03:43.141,2023-11-13 22:06:49.241
2023-11-14 00:00:00,0.87141,0.87183,0.87138,0.87168,1030142000.0,2023-11-14 02:10:00.183,2023-11-14 00:05:46.118
2023-11-14 04:00:00,0.87169,0.87178,0.87036,0.87074,2258148000.0,2023-11-14 05:35:10.717,2023-11-14 07:30:49.591
2023-11-14 08:00:00,0.87075,0.87306,0.87067,0.87286,9083449000.0,2023-11-14 11:57:02.478,2023-11-14 08:00:31.610
2023-11-14 12:00:00,0.87285,0.87285,0.86886,0.87001,23534515000.0,2023-11-14 12:00:00.059,2023-11-14 15:44:25.800
2023-11-14 16:00:00,0.87003,0.87069,0.86977,0.87053,7093749000.0,2023-11-14 16:13:05.336,2023-11-14 16:30:50.339
2023-11-14 20:00:00,0.87052,0.87079,0.87009,0.87064,3452140000.0,2023-11-14 20:21:10.068,2023-11-14 22:21:40.712
2023-11-15 00:00:00,0.87065,0.87111,0.8706,0.87091,2474407000.0,2023-11-15 02:50:56.801,2023-11-15 00:49:50.562
2023-11-15 04:00:00,0.8709,0.87199,0.87016,0.87191,4911748000.0,2023-11-15 07:59:08.760,2023-11-15 07:00:02.140
2023-11-15 08:00:00,0.8719,0.8726,0.8702,0.87122,9502338000.0,2023-11-15 08:38:35.265,2023-11-15 09:39:49.666
2023-11-15 12:00:00,0.8712,0.87375,0.87077,0.87322,15495527000.0,2023-11-15 15:07:33.483,2023-11-15 12:11:19.096
2023-11-15 16:00:00,0.87323,0.87386,0.87237,0.87338,6888960000.0,2023-11-15 18:16:19.893,2023-11-15 16:25:23.849
2023-11-15 20:00:00,0.87339,0.87401,0.87296,0.87381,3283592000.0,2023-11-15 20:47:02.069,2023-11-15 22:04:01.004
2023-11-16 00:00:00,0.8738,0.87489,0.87362,0.87438,3127196000.0,2023-11-16 02:54:31.653,2023-11-16 00:00:58.036
2023-11-16 04:00:00,0.87437,0.87599,0.8742,0.87565,2271434000.0,2023-11-16 07:46:37.415,2023-11-16 06:14:05.754
2023-11-16 08:00:00,0.87567,0.87658,0.87403,0.87486,9717367000.0,2023-11-16 08:35:22.829,2023-11-16 10:58:50.934
2023-11-16 12:00:00,0.87487,0.87552,0.87428,0.8744,12629364000.0,2023-11-16 12:19:35.887,2023-11-16 15:53:27.155
2023-11-16 16:00:00,0.87441,0.87458,0.87312,0.87417,6544875000.0,2023-11-16 16:04:04.581,2023-11-16 17:09:04.874
2023-11-16 20:00:00,0.87419,0.87437,0.87309,0.87421,3729991000.0,2023-11-16 20:01:33.542,2023-11-16 22:05:00.219
2023-11-17 00:00:00,0.87423,0.87485,0.87392,0.87479,1619663000.0,2023-11-17 03:12:16.851,2023-11-17 01:00:44.218
2023-11-17 04:00:00,0.87478,0.87586,0.874,0.87513,2484027000.0,2023-11-17 07:48:13.026,2023-11-17 06:52:01.596
2023-11-17 08:00:00,0.8751,0.87622,0.87366,0.87421,9899947000.0,2023-11-17 08:59:51.554,2023-11-17 10:38:05.437
2023-11-17 12:00:00,0.8742,0.87631,0.87352,0.87553,12980988000.0,2023-11-17 15:47:22.737,2023-11-17 12:46:10.057
2023-11-17 16:00:00,0.87552,0.87612,0.87514,0.87556,7880680000.0,2023-11-17 16:25:47.781,2023-11-17 19:36:52.947
2023-11-17 20:00:00,0.87555,0.87568,0.87519,0.87561,2523421000.0,2023-11-17 21:54:46.326,2023-11-17 21:16:36.114
2023-11-19 20:00:00,0.87507,0.87587,0.87477,0.87569,1030978000.0,2023-11-19 23:55:41.636,2023-11-19 22:05:06.417
2023-11-20 00:00:00,0.87568,0.87578,0.87479,0.87497,1947785000.0,2023-11-20 00:55:00.133,2023-11-20 02:18:03.662
2023-11-20 04:00:00,0.87496,0.87518,0.87443,0.87499,3504999000.0,2023-11-20 04:18:16.782,2023-11-20 07:44:53.409
2023-11-20 08:00:00,0.875,0.8765,0.87419,0.87584,10079759000.0,2023-11-20 11:13:25.936,2023-11-20 09:59:47.542
2023-11-20 12:00:00,0.87585,0.87643,0.87537,0.87555,7927255000.0,2023-11-20 12:17:47.441,2023-11-20 15:52:37.042
2023-11-20 16:00:00,0.87556,0.87578,0.87464,0.87495,4977719000.0,2023-11-20 16:04:15.645,2023-11-20 17:04:14.305
2023-11-20 20:00:00,0.87496,0.87516,0.87403,0.87499,1479647000.0,2023-11-20 22:55:32.921,2023-11-20 22:04:34.177
2023-11-21 00:00:00,0.87498,0.87517,0.87395,0.87438,1321132000.0,2023-11-21 01:07:30.971,2023-11-21 02:20:37.436
2023-11-21 04:00:00,0.87437,0.87499,0.87411,0.87459,2466460000.0,2023-11-21 07:01:20.085,2023-11-21 07:38:04.116
2023-11-21 08:00:00,0.8746,0.87495,0.87247,0.87308,9316716000.0,2023-11-21 08:00:47.744,2023-11-21 10:45:47.802
2023-11-21 12:00:00,0.87307,0.87348,0.87207,0.87214,11732098000.0,2023-11-21 13:03:47.496,2023-11-21 15:57:49.113
2023-11-21 16:00:00,0.87215,0.87241,0.87023,0.87034,7675461000.0,2023-11-21 16:14:59.604,2023-11-21 17:55:45.667
2023-11-21 20:00:00,0.87035,0.87077,0.87002,0.87031,2611510000.0,2023-11-21 20:45:22.436,2023-11-21 23:00:36.834
2023-11-22 00:00:00,0.87032,0.87073,0.87006,0.87043,1968323000.0,2023-11-22 02:28:35.928,2023-11-22 00:09:05.320
2023-11-22 04:00:00,0.87044,0.87134,0.87034,0.87125,2791826000.0,2023-11-22 07:39:41.666,2023-11-22 04:02:42.682
2023-11-22 08:00:00,0.87128,0.87135,0.8693,0.86954,10548451000.0,2023-11-22 08:00:38.529,2023-11-22 09:07:33.819
2023-11-22 12:00:00,0.86953,0.87241,0.86919,0.87212,12821825900.0,2023-11-22 15:46:48.930,2023-11-22 12:25:36.563
2023-11-22 16:00:00,0.87211,0.87251,0.87131,0.87135,6928895000.0,2023-11-22 16:33:20.958,2023-11-22 19:09:37.694
2023-11-22 20:00:00,0.87136,0.87177,0.87098,0.87176,2503847000.0,2023-11-22 23:58:51.606,2023-11-22 22:31:23.806
2023-11-23 00:00:00,0.87177,0.87217,0.87154,0.87198,1144392000.0,2023-11-23 03:07:22.561,2023-11-23 00:26:41.953
2023-11-23 04:00:00,0.87199,0.87235,0.87174,0.87184,1375704000.0,2023-11-23 07:07:12.675,2023-11-23 07:55:01.071
2023-11-23 08:00:00,0.87183,0.87241,0.86716,0.8692,10930550000.0,2023-11-23 09:16:12.211,2023-11-23 09:30:01.881
2023-11-23 12:00:00,0.86923,0.87022,0.86889,0.87003,7025515000.0,2023-11-23 15:30:09.132,2023-11-23 12:11:49.038
2023-11-23 16:00:00,0.87004,0.87032,0.86982,0.86987,2138788000.0,2023-11-23 16:18:04.678,2023-11-23 19:10:00.736
2023-11-23 20:00:00,0.86988,0.87018,0.86973,0.87,1064014000.0,2023-11-23 22:45:01.073,2023-11-23 22:11:59.240
2023-11-24 00:00:00,0.87001,0.87012,0.86944,0.86944,1352388000.0,2023-11-24 02:12:51.740,2023-11-24 03:59:57.211
2023-11-24 04:00:00,0.86943,0.8707,0.86937,0.87037,1903999000.0,2023-11-24 07:35:36.180,2023-11-24 04:02:23.244
2023-11-24 08:00:00,0.87038,0.87066,0.86809,0.86835,7534145000.0,2023-11-24 08:04:42.698,2023-11-24 10:53:02.363
2023-11-24 12:00:00,0.86834,0.86875,0.86722,0.86732,10668687000.0,2023-11-24 12:34:21.969,2023-11-24 15:57:55.030
2023-11-24 16:00:00,0.86733,0.86844,0.86714,0.868,6288406000.0,2023-11-24 19:32:04.557,2023-11-24 16:28:30.321
2023-11-24 20:00:00,0.86801,0.86838,0.86696,0.86725,8228200000.0,2023-11-24 20:05:26.959,2023-11-24 21:30:02.883
2023-11-26 20:00:00,0.86788,0.86854,0.86783,0.86825,444871000.0,2023-11-26 23:15:01.121,2023-11-26 23:00:19.373
2023-11-27 00:00:00,0.86826,0.86879,0.86766,0.86826,2413173000.0,2023-11-27 02:42:24.557,2023-11-27 00:54:59.547
2023-11-27 04:00:00,0.86827,0.86847,0.86763,0.86765,3643174000.0,2023-11-27 04:26:17.564,2023-11-27 07:58:54.339
2023-11-27 08:00:00,0.86764,0.8688,0.86685,0.86693,10713436000.0,2023-11-27 10:05:48.028,2023-11-27 11:59:14.925
2023-11-27 12:00:00,0.86694,0.86741,0.86576,0.86727,10718826000.0,2023-11-27 15:45:14.355,2023-11-27 14:22:11.806
2023-11-27 16:00:00,0.86728,0.86758,0.86685,0.86728,5668306000.0,2023-11-27 17:56:54.044,2023-11-27 18:52:43.857
2023-11-27 20:00:00,0.86727,0.86758,0.86675,0.86733,1704189000.0,2023-11-27 21:16:00.340,2023-11-27 22:29:10.620
2023-11-28 00:00:00,0.86734,0.86747,0.86695,0.86725,1596527000.0,2023-11-28 00:04:44.071,2023-11-28 03:05:00.768
2023-11-28 04:00:00,0.86727,0.86755,0.8667,0.86708,3173492000.0,2023-11-28 05:35:57.051,2023-11-28 06:37:59.131
2023-11-28 08:00:00,0.86709,0.86788,0.86653,0.86766,6716914000.0,2023-11-28 08:21:35.161,2023-11-28 10:37:53.663
2023-11-28 12:00:00,0.86763,0.86833,0.86557,0.8658,13140493000.0,2023-11-28 12:16:13.828,2023-11-28 15:50:38.776
2023-11-28 16:00:00,0.86579,0.8664,0.86545,0.86552,12631765000.0,2023-11-28 16:34:23.915,2023-11-28 19:58:02.433
2023-11-28 20:00:00,0.86551,0.86609,0.86543,0.86558,5003098000.0,2023-11-28 22:38:07.575,2023-11-28 20:08:06.119
2023-11-29 00:00:00,0.86559,0.86577,0.86508,0.86546,3764360000.0,2023-11-29 00:32:20.654,2023-11-29 02:46:47.626
2023-11-29 04:00:00,0.86545,0.8656,0.86488,0.8651,3910330000.0,2023-11-29 04:42:41.937,2023-11-29 06:48:12.865
2023-11-29 08:00:00,0.86495,0.86627,0.86447,0.86571,9126697000.0,2023-11-29 09:33:38.528,2023-11-29 08:00:00.609
2023-11-29 12:00:00,0.86572,0.8659,0.86428,0.86435,12288925000.0,2023-11-29 12:20:20.923,2023-11-29 15:53:48.767
2023-11-29 16:00:00,0.86437,0.86534,0.86364,0.86427,6554113000.0,2023-11-29 16:27:38.646,2023-11-29 18:55:14.884
2023-11-29 20:00:00,0.86426,0.86462,0.86339,0.86434,7664358000.0,2023-11-29 20:48:00.270,2023-11-29 22:04:27.653
2023-11-30 00:00:00,0.86436,0.86483,0.86391,0.86419,2057207000.0,2023-11-30 00:48:54.847,2023-11-30 02:52:12.994
2023-11-30 04:00:00,0.86417,0.86441,0.86264,0.86271,4482616000.0,2023-11-30 07:28:15.240,2023-11-30 07:58:53.207
2023-11-30 08:00:00,0.8627,0.86392,0.86175,0.86358,12311718000.0,2023-11-30 10:05:59.372,2023-11-30 08:35:48.883
2023-11-30 12:00:00,0.86359,0.86492,0.86134,0.86199,15527740000.0,2023-11-30 14:02:46.583,2023-11-30 15:59:40.480
2023-11-30 16:00:00,0.86202,0.86338,0.8616,0.86268,14955517000.0,2023-11-30 16:54:27.440,2023-11-30 16:00:19.950
2023-11-30 20:00:00,0.86267,0.86279,0.86154,0.86229,5306750000.0,2023-11-30 20:06:56.168,2023-11-30 22:07:40.095
2023-12-01 00:00:00,0.8623,0.86281,0.86191,0.86274,2038168000.0,2023-12-01 03:57:46.665,2023-12-01 01:53:14.213
2023-12-01 04:00:00,0.86273,0.86348,0.86235,0.86235,1731934000.0,2023-12-01 07:49:21.971,2023-12-01 07:59:58.210
2023-12-01 08:00:00,0.86237,0.86268,0.85997,0.86168,12512379000.0,2023-12-01 08:06:37.344,2023-12-01 09:34:16.319
2023-12-01 12:00:00,0.86167,0.86169,0.85756,0.85764,14270335000.0,2023-12-01 12:00:01.724,2023-12-01 15:53:56.010
2023-12-01 16:00:00,0.85765,0.85808,0.85604,0.85604,13318398000.0,2023-12-01 16:46:48.910,2023-12-01 19:58:23.848
2023-12-01 20:00:00,0.85605,0.85622,0.85579,0.85604,3398126000.0,2023-12-01 20:07:47.570,2023-12-01 21:30:33.570
2023-12-03 20:00:00,0.85505,0.85673,0.85487,0.85641,2534080000.0,2023-12-03 22:34:33.072,2023-12-03 22:06:29.400
2023-12-04 00:00:00,0.8564,0.85851,0.85627,0.85816,4559516000.0,2023-12-04 03:38:00.215,2023-12-04 00:27:21.208
2023-12-04 04:00:00,0.85817,0.8582,0.85653,0.857,2995475000.0,2023-12-04 04:00:28.791,2023-12-04 07:52:18.299
2023-12-04 08:00:00,0.85701,0.8584,0.85693,0.85693,9867338000.0,2023-12-04 09:11:12.102,2023-12-04 11:59:59.202
2023-12-04 12:00:00,0.85694,0.85819,0.85668,0.8576,17169588000.0,2023-12-04 13:37:51.673,2023-12-04 12:20:12.369
2023-12-04 16:00:00,0.85761,0.85807,0.85673,0.85779,6921001000.0,2023-12-04 19:51:57.455,2023-12-04 17:23:04.514
2023-12-04 20:00:00,0.85781,0.85801,0.85655,0.85781,2726329000.0,2023-12-04 20:40:03.392,2023-12-04 22:05:08.553
2023-12-05 00:00:00,0.85777,0.85819,0.85746,0.85804,2193000000.0,2023-12-05 03:39:30.660,2023-12-05 01:11:55.615
2023-12-05 04:00:00,0.85803,0.8582,0.85652,0.85707,3841382000.0,2023-12-05 06:00:27.780,2023-12-05 07:31:01.742
2023-12-05 08:00:00,0.85706,0.85881,0.85645,0.85707,9533513000.0,2023-12-05 09:22:39.278,2023-12-05 08:07:46.514
2023-12-05 12:00:00,0.85706,0.85757,0.85644,0.8567,15381717000.0,2023-12-05 15:34:10.071,2023-12-05 12:52:56.270
2023-12-05 16:00:00,0.85668,0.85725,0.85645,0.85702,7752290000.0,2023-12-05 19:45:43.555,2023-12-05 17:30:24.079
2023-12-05 20:00:00,0.85703,0.85736,0.85617,0.85699,3872046000.0,2023-12-05 22:57:26.036,2023-12-05 22:05:02.417
2023-12-06 00:00:00,0.85698,0.85698,0.85603,0.85613,1672696000.0,2023-12-06 00:00:00.066,2023-12-06 02:09:09.243
2023-12-06 04:00:00,0.85615,0.85646,0.85565,0.85585,2734139000.0,2023-12-06 05:58:28.754,2023-12-06 07:57:56.533
2023-12-06 08:00:00,0.85583,0.85714,0.85533,0.8564,10877635000.0,2023-12-06 11:33:47.707,2023-12-06 08:35:42.062
2023-12-06 12:00:00,0.85639,0.85742,0.85559,0.85682,14484923800.0,2023-12-06 15:17:40.273,2023-12-06 13:15:02.675
2023-12-06 16:00:00,0.85683,0.85741,0.85652,0.85722,9323925000.0,2023-12-06 19:46:50.475,2023-12-06 16:14:28.285
2023-12-06 20:00:00,0.85723,0.85738,0.85649,0.85726,3327783000.0,2023-12-06 21:12:01.662,2023-12-06 22:48:03.237
2023-12-07 00:00:00,0.85727,0.8575,0.85716,0.8574,1369982000.0,2023-12-07 03:07:39.394,2023-12-07 01:57:32.641
2023-12-07 04:00:00,0.85742,0.8575,0.85651,0.85688,7574720000.0,2023-12-07 05:15:50.058,2023-12-07 07:51:41.149
2023-12-07 08:00:00,0.85686,0.8577,0.85545,0.85677,13138640000.0,2023-12-07 09:10:02.452,2023-12-07 11:23:20.503
2023-12-07 12:00:00,0.85676,0.85833,0.85634,0.85763,17992292000.0,2023-12-07 15:00:09.037,2023-12-07 12:20:42.385
2023-12-07 16:00:00,0.85762,0.8584,0.85748,0.85754,10627009000.0,2023-12-07 17:09:24.642,2023-12-07 19:16:20.529
2023-12-07 20:00:00,0.85755,0.85775,0.85599,0.85716,4578782000.0,2023-12-07 20:17:30.797,2023-12-07 22:10:49.263
2023-12-08 00:00:00,0.85715,0.85737,0.85668,0.85707,5306035000.0,2023-12-08 00:54:59.408,2023-12-08 02:12:12.529
2023-12-08 04:00:00,0.85708,0.85798,0.85639,0.85782,5681592000.0,2023-12-08 07:54:38.439,2023-12-08 05:03:56.771
2023-12-08 08:00:00,0.85783,0.85854,0.85649,0.85712,12027907000.0,2023-12-08 09:01:29.478,2023-12-08 11:45:39.554
2023-12-08 12:00:00,0.85713,0.85883,0.85641,0.85828,25859727000.0,2023-12-08 15:36:26.598,2023-12-08 13:46:53.099
2023-12-08 16:00:00,0.8583,0.85856,0.85691,0.85723,9585119000.0,2023-12-08 16:08:07.022,2023-12-08 18:57:48.825
2023-12-08 20:00:00,0.85724,0.85816,0.85724,0.85754,4861368000.0,2023-12-08 20:28:03.165,2023-12-08 20:00:01.112
2023-12-10 20:00:00,0.85635,0.8581,0.85635,0.8575,967462000.0,2023-12-10 22:40:46.810,2023-12-10 22:05:00.008
2023-12-11 00:00:00,0.85753,0.85839,0.85742,0.85837,3319970000.0,2023-12-11 03:17:47.120,2023-12-11 00:00:36.279
2023-12-11 04:00:00,0.85836,0.85883,0.85756,0.85765,3833635000.0,2023-12-11 06:54:58.551,2023-12-11 07:52:41.684
2023-12-11 08:00:00,0.85763,0.85807,0.85529,0.85531,12085075000.0,2023-12-11 10:19:43.489,2023-12-11 11:59:55.113
2023-12-11 12:00:00,0.85528,0.85626,0.85489,0.85608,14371333000.0,2023-12-11 13:49:19.115,2023-12-11 14:33:12.527
2023-12-11 16:00:00,0.85607,0.85718,0.85579,0.8571,10841325000.0,2023-12-11 19:55:51.220,2023-12-11 16:04:29.342
2023-12-11 20:00:00,0.85711,0.85755,0.85586,0.85754,3298018000.0,2023-12-11 23:04:56.208,2023-12-11 22:10:44.289
2023-12-12 00:00:00,0.85753,0.85753,0.85626,0.85628,866414000.0,2023-12-12 00:00:27.907,2023-12-12 03:57:37.291
2023-12-12 04:00:00,0.85631,0.858,0.85574,0.85783,5104403000.0,2023-12-12 07:00:14.628,2023-12-12 05:27:59.292
2023-12-12 08:00:00,0.85781,0.85971,0.8576,0.85884,9315452000.0,2023-12-12 09:02:08.669,2023-12-12 08:07:13.129
2023-12-12 12:00:00,0.85885,0.86085,0.85781,0.85859,20135669000.0,2023-12-12 14:54:17.073,2023-12-12 13:30:00.484
2023-12-12 16:00:00,0.85861,0.85997,0.8582,0.85885,9840762000.0,2023-12-12 18:01:14.149,2023-12-12 16:04:47.155
2023-12-12 20:00:00,0.85884,0.85937,0.85806,0.85909,6351370000.0,2023-12-12 22:57:44.671,2023-12-12 22:10:22.706
2023-12-13 00:00:00,0.8591,0.85954,0.85899,0.85936,3388432000.0,2023-12-13 03:15:43.050,2023-12-13 02:37:03.208
2023-12-13 04:00:00,0.85935,0.86155,0.85874,0.86135,3974036000.0,2023-12-13 07:55:40.504,2023-12-13 06:59:59.989
2023-12-13 08:00:00,0.86133,0.86162,0.86062,0.86078,11598844000.0,2023-12-13 10:39:35.837,2023-12-13 10:13:25.855
2023-12-13 12:00:00,0.86077,0.86252,0.86056,0.8618,14891290000.0,2023-12-13 15:10:15.670,2023-12-13 13:34:55.716
2023-12-13 16:00:00,0.86181,0.86292,0.8609,0.86226,19398905000.0,2023-12-13 19:37:16.060,2023-12-13 16:42:37.463
2023-12-13 20:00:00,0.86227,0.86251,0.8608,0.8622,9301595000.0,2023-12-13 20:07:55.916,2023-12-13 22:37:39.436
2023-12-14 00:00:00,0.86225,0.86273,0.86168,0.86239,5162064000.0,2023-12-14 03:43:12.628,2023-12-14 02:12:07.927
2023-12-14 04:00:00,0.86238,0.86295,0.86206,0.86217,6543932000.0,2023-12-14 07:46:51.306,2023-12-14 05:59:06.525
2023-12-14 08:00:00,0.86218,0.86339,0.86056,0.86296,18099646000.0,2023-12-14 08:35:27.412,2023-12-14 10:01:45.416
2023-12-14 12:00:00,0.86288,0.86297,0.85868,0.86158,28037868000.0,2023-12-14 12:00:00.862,2023-12-14 12:37:52.231
2023-12-14 16:00:00,0.86159,0.86191,0.86021,0.86158,15044278000.0,2023-12-14 16:01:17.193,2023-12-14 17:38:15.652
2023-12-14 20:00:00,0.86157,0.86169,0.86016,0.86079,5292344000.0,2023-12-14 20:00:44.838,2023-12-14 22:04:02.458
2023-12-15 00:00:00,0.86083,0.86169,0.86069,0.86152,2996089000.0,2023-12-15 03:08:22.091,2023-12-15 00:01:50.923
2023-12-15 04:00:00,0.86153,0.86154,0.86045,0.86102,4643123000.0,2023-12-15 04:00:09.844,2023-12-15 07:01:48.779
2023-12-15 08:00:00,0.86103,0.86129,0.8571,0.85881,15416501000.0,2023-12-15 08:09:40.342,2023-12-15 10:35:10.236
2023-12-15 12:00:00,0.85882,0.85957,0.85782,0.85954,19322438000.0,2023-12-15 15:56:25.191,2023-12-15 13:39:15.998
2023-12-15 16:00:00,0.85953,0.85996,0.85792,0.85888,10783657000.0,2023-12-15 16:18:37.064,2023-12-15 17:05:35.318
2023-12-15 20:00:00,0.85889,0.85975,0.85873,0.85952,3987293000.0,2023-12-15 21:03:09.574,2023-12-15 20:01:32.065
2023-12-17 20:00:00,0.85833,0.85999,0.85771,0.85979,698098000.0,2023-12-17 23:30:05.057,2023-12-17 22:06:00.570
2023-12-18 00:00:00,0.8598,0.8599,0.85918,0.8595,2056760000.0,2023-12-18 00:14:41.246,2023-12-18 02:34:32.537
2023-12-18 04:00:00,0.85949,0.86064,0.85941,0.86056,3917220000.0,2023-12-18 07:59:52.944,2023-12-18 04:12:43.840
2023-12-18 08:00:00,0.86057,0.86267,0.86006,0.86235,9375908000.0,2023-12-18 11:37:36.673,2023-12-18 08:00:17.556
2023-12-18 12:00:00,0.86236,0.86375,0.86163,0.86313,11212162000.0,2023-12-18 15:27:16.819,2023-12-18 12:54:15.739
2023-12-18 16:00:00,0.86314,0.86463,0.86304,0.86366,6552639000.0,2023-12-18 17:02:04.938,2023-12-18 16:19:17.986
2023-12-18 20:00:00,0.86365,0.86371,0.86296,0.86332,3070466000.0,2023-12-18 21:54:22.044,2023-12-18 22:10:00.324
2023-12-19 00:00:00,0.86331,0.86334,0.8625,0.86297,2525741000.0,2023-12-19 00:00:47.806,2023-12-19 02:51:09.896
2023-12-19 04:00:00,0.863,0.86365,0.86253,0.86269,3164275000.0,2023-12-19 07:52:10.438,2023-12-19 04:53:19.264
2023-12-19 08:00:00,0.8627,0.86316,0.86035,0.86102,10848494000.0,2023-12-19 08:46:37.583,2023-12-19 11:45:27.156
2023-12-19 12:00:00,0.86103,0.86247,0.85979,0.86237,16684935000.0,2023-12-19 15:59:49.417,2023-12-19 13:35:37.184
2023-12-19 16:00:00,0.86235,0.86278,0.86029,0.86267,8116116000.0,2023-12-19 19:59:19.203,2023-12-19 16:43:34.405
2023-12-19 20:00:00,0.86269,0.86304,0.86196,0.86243,3237537000.0,2023-12-19 20:20:30.870,2023-12-19 22:04:01.005
2023-12-20 00:00:00,0.86244,0.86254,0.86221,0.8624,2549638000.0,2023-12-20 00:22:08.693,2023-12-20 00:02:08.283
2023-12-20 04:00:00,0.86238,0.86684,0.86178,0.866,6522312000.0,2023-12-20 07:38:21.375,2023-12-20 06:22:43.807
2023-12-20 08:00:00,0.86595,0.86647,0.8642,0.86454,10017260000.0,2023-12-20 08:18:24.378,2023-12-20 11:39:40.122
2023-12-20 12:00:00,0.86452,0.86658,0.86411,0.86624,16608412000.0,2023-12-20 15:43:05.270,2023-12-20 12:30:43.143
2023-12-20 16:00:00,0.86622,0.86639,0.86468,0.86583,7446036000.0,2023-12-20 16:01:30.215,2023-12-20 18:06:11.597
2023-12-20 20:00:00,0.86582,0.86607,0.86461,0.86576,7222722000.0,2023-12-20 22:32:03.950,2023-12-20 22:36:15.135
2023-12-21 00:00:00,0.86577,0.86674,0.86569,0.86657,3080714000.0,2023-12-21 03:16:36.996,2023-12-21 00:54:59.478
2023-12-21 04:00:00,0.86658,0.86666,0.86571,0.86623,3833399000.0,2023-12-21 04:01:04.741,2023-12-21 07:35:05.268
2023-12-21 08:00:00,0.86622,0.86781,0.86576,0.86686,9936074000.0,2023-12-21 08:38:53.428,2023-12-21 08:00:08.468
2023-12-21 12:00:00,0.86685,0.86853,0.86636,0.86835,17696991000.0,2023-12-21 15:57:44.426,2023-12-21 14:03:14.058
2023-12-21 16:00:00,0.86834,0.86852,0.86665,0.86707,12761167000.0,2023-12-21 16:11:03.471,2023-12-21 19:46:17.600
2023-12-21 20:00:00,0.86706,0.86783,0.86629,0.86774,4328198000.0,2023-12-21 22:37:24.496,2023-12-21 22:13:41.934
2023-12-22 00:00:00,0.86775,0.86781,0.86684,0.86707,3563244000.0,2023-12-22 00:26:08.368,2023-12-22 02:51:00.197
2023-12-22 04:00:00,0.86706,0.86715,0.86488,0.8665,3970157500.0,2023-12-22 04:17:51.531,2023-12-22 07:00:08.745
2023-12-22 08:00:00,0.86653,0.86759,0.86507,0.86586,8637531000.0,2023-12-22 09:59:37.686,2023-12-22 11:25:33.317
2023-12-22 12:00:00,0.86584,0.86728,0.86557,0.86593,12062780000.0,2023-12-22 14:22:05.129,2023-12-22 15:45:06.953
2023-12-22 16:00:00,0.86594,0.86721,0.86535,0.86712,7559075000.0,2023-12-22 19:55:50.124,2023-12-22 16:59:41.904
2023-12-22 20:00:00,0.86714,0.86725,0.8668,0.86718,2833161000.0,2023-12-22 21:48:05.287,2023-12-22 21:07:43.236
2023-12-25 20:00:00,0.86383,0.86799,0.86383,0.86732,1257379000.0,2023-12-25 23:00:00.201,2023-12-25 22:04:01.006
2023-12-26 00:00:00,0.86733,0.86777,0.86725,0.8675,1008005000.0,2023-12-26 02:36:15.531,2023-12-26 00:00:34.073
2023-12-26 04:00:00,0.86747,0.86847,0.86718,0.86824,1514234000.0,2023-12-26 07:22:09.150,2023-12-26 05:12:50.728
2023-12-26 08:00:00,0.86825,0.86839,0.86738,0.86759,2958989000.0,2023-12-26 08:01:34.023,2023-12-26 11:05:28.869
2023-12-26 12:00:00,0.86761,0.86801,0.86677,0.86775,4338823000.0,2023-12-26 15:54:57.045,2023-12-26 14:38:52.034
2023-12-26 16:00:00,0.86776,0.86863,0.86772,0.86806,4728987000.0,2023-12-26 18:07:07.915,2023-12-26 16:00:14.726
2023-12-26 20:00:00,0.86807,0.86813,0.86728,0.86764,2639341000.0,2023-12-26 20:02:35.350,2023-12-26 22:37:45.199
2023-12-27 00:00:00,0.86766,0.86792,0.8667,0.8673,2239635000.0,2023-12-27 00:26:57.245,2023-12-27 03:02:23.961
2023-12-27 04:00:00,0.86729,0.86774,0.86696,0.86761,3264476000.0,2023-12-27 07:08:18.321,2023-12-27 07:44:31.901
2023-12-27 08:00:00,0.8676,0.86978,0.86746,0.86833,10911726000.0,2023-12-27 08:59:57.415,2023-12-27 08:00:02.409
2023-12-27 12:00:00,0.86834,0.86988,0.86741,0.86853,14165271000.0,2023-12-27 15:09:46.010,2023-12-27 13:53:32.989
2023-12-27 16:00:00,0.86856,0.86901,0.86763,0.86768,6876727000.0,2023-12-27 16:20:05.737,2023-12-27 19:59:48.026
2023-12-27 20:00:00,0.86766,0.8681,0.86718,0.86779,5004133000.0,2023-12-27 20:49:40.983,2023-12-27 22:18:16.123
2023-12-28 00:00:00,0.8678,0.86824,0.8676,0.86772,1583141000.0,2023-12-28 01:06:29.137,2023-12-28 02:32:25.517
2023-12-28 04:00:00,0.86774,0.868,0.86699,0.86722,2100871000.0,2023-12-28 07:01:53.131,2023-12-28 07:30:38.514
2023-12-28 08:00:00,0.86721,0.86989,0.86687,0.86927,10724957000.0,2023-12-28 09:59:07.134,2023-12-28 08:29:08.510
2023-12-28 12:00:00,0.86926,0.87146,0.86898,0.86969,11542662000.0,2023-12-28 13:24:40.086,2023-12-28 13:59:52.749
2023-12-28 16:00:00,0.86968,0.86984,0.8686,0.86937,9621907000.0,2023-12-28 17:26:46.665,2023-12-28 16:57:01.984
2023-12-28 20:00:00,0.86938,0.86948,0.86816,0.86907,3054369000.0,2023-12-28 20:01:03.972,2023-12-28 22:13:20.998
2023-12-29 00:00:00,0.86909,0.86991,0.86864,0.86866,2391458000.0,2023-12-29 01:55:41.436,2023-12-29 03:56:11.655
2023-12-29 04:00:00,0.86867,0.86875,0.86685,0.8681,4762935000.0,2023-12-29 04:04:37.435,2023-12-29 06:27:06.484
2023-12-29 08:00:00,0.86807,0.86997,0.86779,0.869,10563080000.0,2023-12-29 10:27:06.947,2023-12-29 08:06:15.737
2023-12-29 12:00:00,0.86901,0.87009,0.86662,0.86664,15546126000.0,2023-12-29 14:37:03.721,2023-12-29 15:59:57.700
2023-12-29 16:00:00,0.86665,0.86842,0.86604,0.86618,11874661000.0,2023-12-29 16:56:31.524,2023-12-29 19:56:02.834
2023-12-29 20:00:00,0.86617,0.86678,0.866,0.86677,2901142000.0,2023-12-29 21:46:35.746,2023-12-29 20:43:59.299
2024-01-01 20:00:00,0.86725,0.86788,0.86682,0.86705,1375735000.0,2024-01-01 22:34:32.584,2024-01-01 23:11:16.360
2024-01-02 00:00:00,0.86706,0.86759,0.86656,0.86678,1180056000.0,2024-01-02 01:21:04.564,2024-01-02 02:33:20.561
2024-01-02 04:00:00,0.86677,0.8669,0.86502,0.86513,3985221000.0,2024-01-02 04:18:53.234,2024-01-02 07:58:57.773
2024-01-02 08:00:00,0.86517,0.86785,0.86458,0.86625,16117104000.0,2024-01-02 11:12:56.814,2024-01-02 08:57:17.825
2024-01-02 12:00:00,0.86623,0.86824,0.86609,0.86681,16629938000.0,2024-01-02 15:20:25.490,2024-01-02 12:21:17.650
2024-01-02 16:00:00,0.8668,0.86814,0.8667,0.86735,7943298000.0,2024-01-02 16:27:11.793,2024-01-02 18:00:39.790
2024-01-02 20:00:00,0.86734,0.86744,0.86666,0.86679,3578360000.0,2024-01-02 20:46:23.370,2024-01-02 22:28:13.355
2024-01-03 00:00:00,0.86678,0.86736,0.86677,0.86711,1610440000.0,2024-01-03 01:45:32.478,2024-01-03 00:42:17.506
2024-01-03 04:00:00,0.86708,0.8676,0.86667,0.86686,1977798000.0,2024-01-03 07:26:14.461,2024-01-03 06:55:26.959
2024-01-03 08:00:00,0.86684,0.86726,0.86452,0.86477,10258912000.0,2024-01-03 08:11:47.715,2024-01-03 11:53:54.184
2024-01-03 12:00:00,0.86476,0.86544,0.86297,0.8635,19242718000.0,2024-01-03 12:28:29.693,2024-01-03 15:56:42.857
2024-01-03 16:00:00,0.86351,0.86361,0.86171,0.86204,16791155000.0,2024-01-03 16:00:31.535,2024-01-03 19:13:45.244
2024-01-03 20:00:00,0.86207,0.86259,0.86105,0.86213,6730189000.0,2024-01-03 20:25:50.636,2024-01-03 22:09:35.727
2024-01-04 00:00:00,0.86215,0.86263,0.86201,0.86211,2383810000.0,2024-01-04 03:13:13.833,2024-01-04 00:54:59.258
2024-01-04 04:00:00,0.86212,0.86271,0.86163,0.8617,5461667000.0,2024-01-04 06:00:35.727,2024-01-04 07:59:36.965
2024-01-04 08:00:00,0.86168,0.86303,0.86101,0.86267,15280569000.0,2024-01-04 09:29:11.635,2024-01-04 10:27:55.088
2024-01-04 12:00:00,0.86268,0.86393,0.86238,0.86264,13471279000.0,2024-01-04 14:21:19.584,2024-01-04 12:04:55.682
2024-01-04 16:00:00,0.86266,0.86367,0.86265,0.86312,9838572000.0,2024-01-04 18:23:06.780,2024-01-04 16:00:00.443
2024-01-04 20:00:00,0.86311,0.86333,0.86229,0.86315,3569388000.0,2024-01-04 21:47:52.343,2024-01-04 22:04:01.003
2024-01-05 00:00:00,0.86313,0.86321,0.86257,0.86261,1181048000.0,2024-01-05 00:20:52.672,2024-01-05 03:46:46.617
2024-01-05 04:00:00,0.86262,0.86297,0.86152,0.86156,3740495000.0,2024-01-05 05:59:53.665,2024-01-05 07:58:43.631
2024-01-05 08:00:00,0.86155,0.86285,0.86071,0.8625,10035124000.0,2024-01-05 09:34:29.374,2024-01-05 08:35:01.360
2024-01-05 12:00:00,0.86251,0.86342,0.86051,0.86089,24371792000.0,2024-01-05 14:07:03.172,2024-01-05 15:49:10.884
2024-01-05 16:00:00,0.86088,0.86106,0.85997,0.86024,13095984000.0,2024-01-05 16:03:59.427,2024-01-05 17:00:39.468
2024-01-05 20:00:00,0.86023,0.86038,0.85992,0.86032,2857286000.0,2024-01-05 20:05:28.925,2024-01-05 20:52:30.231
2024-01-07 20:00:00,0.8598,0.86055,0.85957,0.86034,460460000.0,2024-01-07 22:59:09.826,2024-01-07 22:05:30.044
2024-01-08 00:00:00,0.86036,0.8608,0.86024,0.86073,2338589000.0,2024-01-08 03:54:40.477,2024-01-08 02:45:26.700
2024-01-08 04:00:00,0.86074,0.86133,0.86066,0.86124,3208242000.0,2024-01-08 07:41:15.191,2024-01-08 07:01:02.766
2024-01-08 08:00:00,0.86125,0.86208,0.86067,0.86136,9135667000.0,2024-01-08 09:48:19.257,2024-01-08 08:25:13.217
2024-01-08 12:00:00,0.86135,0.86179,0.86018,0.86035,9958615000.0,2024-01-08 14:09:53.028,2024-01-08 15:50:45.433
2024-01-08 16:00:00,0.86036,0.86065,0.859,0.85904,8786041000.0,2024-01-08 16:01:41.098,2024-01-08 19:58:14.860
2024-01-08 20:00:00,0.85906,0.85939,0.85879,0.85935,3462797000.0,2024-01-08 23:59:21.682,2024-01-08 22:53:41.170
2024-01-09 00:00:00,0.85936,0.8594,0.85863,0.85938,2230634000.0,2024-01-09 03:58:18.946,2024-01-09 01:29:16.687
2024-01-09 04:00:00,0.85939,0.85999,0.85917,0.85952,3361364000.0,2024-01-09 06:45:39.787,2024-01-09 06:00:04.652
2024-01-09 08:00:00,0.85953,0.86004,0.85906,0.85982,7548285000.0,2024-01-09 11:38:11.015,2024-01-09 09:42:33.746
2024-01-09 12:00:00,0.85985,0.86072,0.85921,0.85945,11377777000.0,2024-01-09 15:02:11.944,2024-01-09 12:49:47.982
2024-01-09 16:00:00,0.85944,0.8606,0.85937,0.86024,8775967000.0,2024-01-09 18:39:29.695,2024-01-09 16:00:53.714
2024-01-09 20:00:00,0.86025,0.8603,0.85937,0.86001,2754187000.0,2024-01-09 20:03:01.599,2024-01-09 22:16:07.619
2024-01-10 00:00:00,0.86,0.86085,0.85965,0.86058,2262372000.0,2024-01-10 03:12:43.345,2024-01-10 01:19:14.121
2024-01-10 04:00:00,0.86059,0.86165,0.86046,0.8605,2849404000.0,2024-01-10 07:47:33.560,2024-01-10 05:47:47.572
2024-01-10 08:00:00,0.86051,0.8609,0.85997,0.86015,9925642000.0,2024-01-10 08:29:40.786,2024-01-10 10:09:16.407
2024-01-10 12:00:00,0.86013,0.86118,0.85956,0.8611,10955894000.0,2024-01-10 15:58:12.559,2024-01-10 13:34:04.220
2024-01-10 16:00:00,0.86109,0.86205,0.86076,0.86092,8794057000.0,2024-01-10 17:30:54.802,2024-01-10 18:33:34.892
2024-01-10 20:00:00,0.86094,0.8612,0.8608,0.86102,3418251000.0,2024-01-10 21:01:56.737,2024-01-10 22:09:42.281
2024-01-11 00:00:00,0.86103,0.86106,0.85986,0.86005,2339559000.0,2024-01-11 00:00:41.814,2024-01-11 03:18:00.284
2024-01-11 04:00:00,0.86006,0.86032,0.85987,0.86007,2924787000.0,2024-01-11 07:00:53.203,2024-01-11 05:18:39.846
2024-01-11 08:00:00,0.86004,0.86081,0.85969,0.86,9351764000.0,2024-01-11 10:36:20.995,2024-01-11 08:48:58.867
2024-01-11 12:00:00,0.86001,0.86166,0.85999,0.86095,24149590000.0,2024-01-11 13:15:10.881,2024-01-11 12:32:51.546
2024-01-11 16:00:00,0.86097,0.8617,0.86003,0.86046,20272959000.0,2024-01-11 16:29:28.182,2024-01-11 19:05:06.502
2024-01-11 20:00:00,0.86047,0.86055,0.85934,0.85939,3976808000.0,2024-01-11 20:01:14.071,2024-01-11 23:32:34.657
2024-01-12 00:00:00,0.85937,0.85978,0.85915,0.85922,2686861000.0,2024-01-12 00:25:43.900,2024-01-12 02:05:39.053
2024-01-12 04:00:00,0.85921,0.85975,0.85897,0.85971,4683906000.0,2024-01-12 07:59:39.355,2024-01-12 07:23:35.333
2024-01-12 08:00:00,0.8597,0.86048,0.85906,0.86043,7841695000.0,2024-01-12 11:59:40.116,2024-01-12 08:26:46.767
2024-01-12 12:00:00,0.86042,0.86066,0.85878,0.85929,18466407000.0,2024-01-12 12:08:28.663,2024-01-12 13:57:38.584
2024-01-12 16:00:00,0.85928,0.86025,0.8591,0.85943,9168379000.0,2024-01-12 16:45:41.932,2024-01-12 16:04:26.318
2024-01-12 20:00:00,0.85944,0.85953,0.85867,0.85869,3870239000.0,2024-01-12 20:22:58.226,2024-01-12 21:54:49.678
2024-01-14 20:00:00,0.85848,0.85949,0.85848,0.85934,1178599000.0,2024-01-14 23:19:04.236,2024-01-14 22:05:00.008
2024-01-15 00:00:00,0.85936,0.86008,0.8591,0.85933,3054028000.0,2024-01-15 01:20:28.426,2024-01-15 03:20:05.385
2024-01-15 04:00:00,0.85935,0.85995,0.85933,0.8595,3677721000.0,2024-01-15 07:13:03.761,2024-01-15 04:00:04.472
2024-01-15 08:00:00,0.85952,0.86047,0.85906,0.85969,9021184000.0,2024-01-15 09:50:00.115,2024-01-15 08:05:23.895
2024-01-15 12:00:00,0.85968,0.86117,0.85958,0.86006,10180567000.0,2024-01-15 12:49:46.266,2024-01-15 12:01:52.233
2024-01-15 16:00:00,0.86005,0.86047,0.85959,0.86041,2153786000.0,2024-01-15 19:35:19.641,2024-01-15 16:27:14.629
2024-01-15 20:00:00,0.86042,0.86088,0.85942,0.86075,1136302000.0,2024-01-15 23:44:03.024,2024-01-15 22:04:06.631
2024-01-16 00:00:00,0.86074,0.86119,0.86027,0.86095,3063590000.0,2024-01-16 02:49:13.948,2024-01-16 00:58:36.231
2024-01-16 04:00:00,0.86096,0.86201,0.86041,0.86152,5231152000.0,2024-01-16 07:34:32.872,2024-01-16 07:00:00.279
2024-01-16 08:00:00,0.8615,0.86185,0.86025,0.86129,12669420000.0,2024-01-16 10:33:11.436,2024-01-16 09:05:41.770
2024-01-16 12:00:00,0.86128,0.86136,0.8591,0.85947,18111794000.0,2024-01-16 12:35:54.188,2024-01-16 15:14:28.736
2024-01-16 16:00:00,0.85946,0.86126,0.85917,0.86078,12631235000.0,2024-01-16 19:23:21.385,2024-01-16 16:22:53.537
2024-01-16 20:00:00,0.86077,0.86091,0.86032,0.86077,2683175000.0,2024-01-16 21:29:26.325,2024-01-16 22:13:12.607
2024-01-17 00:00:00,0.86074,0.8612,0.86044,0.86107,3543615000.0,2024-01-17 03:43:18.452,2024-01-17 01:36:26.776
2024-01-17 04:00:00,0.86106,0.8618,0.85879,0.85883,8793678800.0,2024-01-17 06:35:00.195,2024-01-17 07:59:49.513
2024-01-17 08:00:00,0.85884,0.85951,0.85711,0.85713,19626824000.0,2024-01-17 09:08:41.623,2024-01-17 10:15:26.252
2024-01-17 12:00:00,0.85715,0.85916,0.85701,0.85712,18043793000.0,2024-01-17 14:32:15.531,2024-01-17 15:58:00.429
2024-01-17 16:00:00,0.85713,0.85774,0.85677,0.85767,11791700000.0,2024-01-17 19:58:08.389,2024-01-17 16:52:31.867
2024-01-17 20:00:00,0.85768,0.85879,0.85744,0.85869,3821506000.0,2024-01-17 23:56:35.226,2024-01-17 20:39:00.400
2024-01-18 00:00:00,0.8587,0.85914,0.85833,0.85908,3729515000.0,2024-01-18 00:55:23.876,2024-01-18 00:10:51.169
2024-01-18 04:00:00,0.85909,0.85913,0.85743,0.85745,6053031000.0,2024-01-18 04:00:53.302,2024-01-18 07:58:53.502
2024-01-18 08:00:00,0.85743,0.85895,0.85692,0.8584,11594618000.0,2024-01-18 10:41:01.289,2024-01-18 08:46:20.951
2024-01-18 12:00:00,0.85841,0.85858,0.85618,0.85628,15889508000.0,2024-01-18 12:02:21.257,2024-01-18 15:34:06.342
2024-01-18 16:00:00,0.85627,0.85662,0.85549,0.85617,8542620000.0,2024-01-18 16:34:23.610,2024-01-18 18:51:29.336
2024-01-18 20:00:00,0.85616,0.85624,0.85536,0.85589,2588952000.0,2024-01-18 20:00:47.313,2024-01-18 22:15:00.129
2024-01-19 00:00:00,0.8559,0.85695,0.85583,0.85649,2451683000.0,2024-01-19 02:27:41.972,2024-01-19 00:00:45.267
2024-01-19 04:00:00,0.85652,0.85848,0.85645,0.85757,5128253000.0,2024-01-19 07:00:07.853,2024-01-19 04:28:49.155
2024-01-19 08:00:00,0.85758,0.85865,0.8573,0.85852,10231211000.0,2024-01-19 11:51:40.514,2024-01-19 09:14:53.327
2024-01-19 12:00:00,0.85851,0.85869,0.85789,0.85824,13432470000.0,2024-01-19 15:22:18.082,2024-01-19 12:21:25.775
2024-01-19 16:00:00,0.85825,0.85928,0.85779,0.85786,9980438000.0,2024-01-19 16:28:45.169,2024-01-19 19:39:34.619
2024-01-19 20:00:00,0.85787,0.85802,0.85754,0.85792,2427610000.0,2024-01-19 20:34:03.947,2024-01-19 21:15:47.158
2024-01-21 20:00:00,0.85725,0.85784,0.85647,0.85769,1094172000.0,2024-01-21 23:22:40.939,2024-01-21 22:06:06.642
2024-01-22 00:00:00,0.85768,0.85801,0.85752,0.85754,2695568000.0,2024-01-22 01:25:05.917,2024-01-22 03:58:26.275
2024-01-22 04:00:00,0.85755,0.85828,0.85691,0.85783,5434242000.0,2024-01-22 07:44:32.629,2024-01-22 06:11:10.008
2024-01-22 08:00:00,0.85781,0.85813,0.85637,0.85649,8643307000.0,2024-01-22 08:53:50.227,2024-01-22 11:26:39.396
2024-01-22 12:00:00,0.85648,0.85665,0.85549,0.85573,10911738000.0,2024-01-22 14:34:26.981,2024-01-22 13:24:28.079
2024-01-22 16:00:00,0.85572,0.857,0.85572,0.85673,7412976000.0,2024-01-22 19:40:22.490,2024-01-22 16:00:00.088
2024-01-22 20:00:00,0.85671,0.85675,0.85576,0.85604,2713882000.0,2024-01-22 20:06:56.814,2024-01-22 22:43:11.190
2024-01-23 00:00:00,0.85605,0.8562,0.85572,0.856,3252674000.0,2024-01-23 01:54:27.156,2024-01-23 01:27:52.895
2024-01-23 04:00:00,0.85601,0.85651,0.85578,0.85604,6154169000.0,2024-01-23 07:32:38.067,2024-01-23 06:44:13.079
2024-01-23 08:00:00,0.85603,0.85629,0.85479,0.85518,8618220000.0,2024-01-23 08:22:41.513,2024-01-23 10:56:00.456
2024-01-23 12:00:00,0.85517,0.85633,0.85463,0.85511,13479244000.0,2024-01-23 14:30:36.533,2024-01-23 12:54:07.842
2024-01-23 16:00:00,0.85513,0.85624,0.85506,0.85525,7436535000.0,2024-01-23 17:29:29.080,2024-01-23 16:07:18.335
2024-01-23 20:00:00,0.85524,0.85568,0.8549,0.85547,2394918000.0,2024-01-23 23:00:00.038,2024-01-23 22:09:16.153
2024-01-24 00:00:00,0.85546,0.85565,0.85504,0.85527,2265836000.0,2024-01-24 02:44:21.183,2024-01-24 01:01:33.331
2024-01-24 04:00:00,0.85528,0.85612,0.85487,0.85584,5541289000.0,2024-01-24 07:50:28.900,2024-01-24 07:01:37.942
2024-01-24 08:00:00,0.85585,0.85599,0.85357,0.85494,16899925000.0,2024-01-24 08:00:09.638,2024-01-24 09:46:54.421
2024-01-24 12:00:00,0.85495,0.8561,0.85444,0.85475,13228507000.0,2024-01-24 14:45:18.903,2024-01-24 15:57:40.357
2024-01-24 16:00:00,0.85472,0.85607,0.85451,0.85561,8211567000.0,2024-01-24 19:26:22.020,2024-01-24 16:07:33.358
2024-01-24 20:00:00,0.85562,0.85571,0.85499,0.85555,2471591000.0,2024-01-24 23:43:35.674,2024-01-24 22:04:01.407
2024-01-25 00:00:00,0.85556,0.85585,0.85542,0.85564,2415860000.0,2024-01-25 00:55:00.434,2024-01-25 00:04:04.585
2024-01-25 04:00:00,0.85565,0.85595,0.85496,0.85514,3940339000.0,2024-01-25 05:49:08.725,2024-01-25 07:58:20.310
2024-01-25 08:00:00,0.85513,0.8564,0.85482,0.85561,9130064000.0,2024-01-25 09:52:39.433,2024-01-25 08:01:58.697
2024-01-25 12:00:00,0.8556,0.85618,0.85206,0.8529,19609058000.0,2024-01-25 13:30:17.046,2024-01-25 15:18:01.711
2024-01-25 16:00:00,0.85287,0.8542,0.85251,0.85315,10257092000.0,2024-01-25 17:55:21.707,2024-01-25 16:04:24.390
2024-01-25 20:00:00,0.85314,0.85361,0.85261,0.85353,2818651000.0,2024-01-25 22:35:36.995,2024-01-25 22:10:59.904
2024-01-26 00:00:00,0.85352,0.85359,0.85303,0.8532,2340036000.0,2024-01-26 00:02:50.298,2024-01-26 03:05:44.063
2024-01-26 04:00:00,0.85321,0.8535,0.85249,0.85311,5288547000.0,2024-01-26 06:28:01.028,2024-01-26 07:17:02.483
2024-01-26 08:00:00,0.8531,0.85352,0.85266,0.85339,10300878000.0,2024-01-26 09:06:28.651,2024-01-26 09:44:02.590
2024-01-26 12:00:00,0.8534,0.85397,0.85268,0.8539,17065695000.0,2024-01-26 15:59:38.395,2024-01-26 13:54:51.937
2024-01-26 16:00:00,0.85392,0.85478,0.85372,0.85462,5765883000.0,2024-01-26 19:37:50.832,2024-01-26 16:02:18.291
2024-01-26 20:00:00,0.85463,0.85476,0.85424,0.85432,1846145000.0,2024-01-26 20:00:59.744,2024-01-26 21:54:01.863
2024-01-28 20:00:00,0.85407,0.85445,0.8534,0.85393,897957000.0,2024-01-28 23:15:00.790,2024-01-28 22:15:13.657
2024-01-29 00:00:00,0.85394,0.85438,0.85373,0.85376,3183269000.0,2024-01-29 00:54:59.220,2024-01-29 01:32:05.290
2024-01-29 04:00:00,0.85375,0.85375,0.85248,0.85258,5208691000.0,2024-01-29 04:00:00.475,2024-01-29 07:57:50.472
2024-01-29 08:00:00,0.85257,0.85311,0.85131,0.85251,10283478000.0,2024-01-29 08:44:41.730,2024-01-29 11:05:47.392
2024-01-29 12:00:00,0.8525,0.85286,0.85161,0.85166,9863856000.0,2024-01-29 13:42:54.054,2024-01-29 15:59:50.744
2024-01-29 16:00:00,0.85164,0.85271,0.85151,0.85239,6808484000.0,2024-01-29 18:15:45.027,2024-01-29 16:02:16.613
2024-01-29 20:00:00,0.85238,0.85265,0.85193,0.85223,7976484000.0,2024-01-29 20:18:57.218,2024-01-29 22:44:12.738
2024-01-30 00:00:00,0.85222,0.85257,0.85213,0.85225,2984661000.0,2024-01-30 01:26:42.470,2024-01-30 00:26:02.497
2024-01-30 04:00:00,0.85224,0.85277,0.85166,0.85241,4061982000.0,2024-01-30 07:52:58.684,2024-01-30 06:48:18.883
2024-01-30 08:00:00,0.85246,0.85551,0.85241,0.85515,12532877000.0,2024-01-30 11:51:48.990,2024-01-30 08:35:53.275
2024-01-30 12:00:00,0.85517,0.85675,0.85437,0.85562,13361507000.0,2024-01-30 15:20:01.778,2024-01-30 14:09:06.921
2024-01-30 16:00:00,0.85563,0.85607,0.85404,0.85427,9853293000.0,2024-01-30 16:17:50.548,2024-01-30 19:02:02.890
2024-01-30 20:00:00,0.85429,0.8545,0.85333,0.85411,2748416000.0,2024-01-30 20:13:48.775,2024-01-30 22:04:01.004
2024-01-31 00:00:00,0.85409,0.85439,0.8533,0.85339,5225368000.0,2024-01-31 00:52:07.858,2024-01-31 03:26:57.536
2024-01-31 04:00:00,0.85338,0.8538,0.85278,0.85331,4107760000.0,2024-01-31 07:03:40.951,2024-01-31 07:45:13.200
2024-01-31 08:00:00,0.85329,0.85476,0.85229,0.8545,11568828000.0,2024-01-31 10:41:38.738,2024-01-31 09:00:23.071
2024-01-31 12:00:00,0.85448,0.85475,0.85257,0.85301,25436086000.0,2024-01-31 14:37:10.089,2024-01-31 15:42:00.381
2024-01-31 16:00:00,0.85302,0.85348,0.85227,0.85275,20970021000.0,2024-01-31 16:12:20.549,2024-01-31 19:06:25.370
2024-01-31 20:00:00,0.85277,0.85325,0.85207,0.85208,9114042000.0,2024-01-31 20:23:55.372,2024-01-31 23:59:40.474
2024-02-01 00:00:00,0.85206,0.85269,0.85204,0.85232,4839890000.0,2024-02-01 01:18:00.137,2024-02-01 00:00:05.537
2024-02-01 04:00:00,0.85231,0.85303,0.85218,0.85289,4461716000.0,2024-02-01 07:27:15.542,2024-02-01 04:52:43.205
2024-02-01 08:00:00,0.85288,0.85584,0.85204,0.85447,10898346000.0,2024-02-01 11:54:29.332,2024-02-01 08:36:05.411
2024-02-01 12:00:00,0.85454,0.85527,0.85278,0.85368,20505399000.0,2024-02-01 12:00:14.880,2024-02-01 12:47:18.276
2024-02-01 16:00:00,0.85369,0.85407,0.85237,0.85287,18101061000.0,2024-02-01 16:40:51.643,2024-02-01 19:19:15.329
2024-02-01 20:00:00,0.85286,0.85323,0.85241,0.8531,4152653000.0,2024-02-01 23:11:06.540,2024-02-01 22:16:38.986
2024-02-02 00:00:00,0.85311,0.85333,0.8528,0.85316,3494346000.0,2024-02-02 00:54:24.722,2024-02-02 02:05:35.613
2024-02-02 04:00:00,0.85315,0.85382,0.8529,0.85333,4159976000.0,2024-02-02 07:30:16.139,2024-02-02 04:21:20.721
2024-02-02 08:00:00,0.85331,0.85387,0.85219,0.85299,9062963000.0,2024-02-02 09:25:33.533,2024-02-02 08:40:37.986
2024-02-02 12:00:00,0.853,0.854,0.85204,0.85349,21753681000.0,2024-02-02 14:50:23.239,2024-02-02 13:33:53.281
2024-02-02 16:00:00,0.85348,0.85478,0.85333,0.85391,8897721000.0,2024-02-02 17:55:32.242,2024-02-02 16:04:41.911
2024-02-02 20:00:00,0.8539,0.85416,0.85369,0.85394,3007515000.0,2024-02-02 20:48:06.617,2024-02-02 21:52:40.432
2024-02-04 20:00:00,0.85353,0.85422,0.85273,0.85404,451680000.0,2024-02-04 23:07:18.348,2024-02-04 22:06:01.087
2024-02-05 00:00:00,0.85405,0.85539,0.85388,0.85467,5381619000.0,2024-02-05 03:03:50.078,2024-02-05 00:00:34.358
2024-02-05 04:00:00,0.85468,0.85496,0.85392,0.85443,5529293400.0,2024-02-05 06:15:00.387,2024-02-05 07:30:27.675
2024-02-05 08:00:00,0.85445,0.85531,0.85291,0.85529,11629377000.0,2024-02-05 11:59:46.051,2024-02-05 09:11:35.738
2024-02-05 12:00:00,0.85532,0.85679,0.85509,0.85663,13677780000.0,2024-02-05 15:51:17.861,2024-02-05 12:25:08.019
2024-02-05 16:00:00,0.85662,0.85709,0.85607,0.85707,7245360000.0,2024-02-05 19:59:10.375,2024-02-05 16:13:57.083
2024-02-05 20:00:00,0.85709,0.85718,0.85629,0.85694,2556444000.0,2024-02-05 20:15:41.282,2024-02-05 22:23:56.779
2024-02-06 00:00:00,0.85695,0.85699,0.85632,0.85663,2598399000.0,2024-02-06 00:00:11.025,2024-02-06 02:03:03.831
2024-02-06 04:00:00,0.85664,0.85686,0.85627,0.85636,4273168000.0,2024-02-06 07:30:49.617,2024-02-06 05:23:51.430
2024-02-06 08:00:00,0.85637,0.8567,0.85498,0.85535,10673542000.0,2024-02-06 08:16:45.726,2024-02-06 11:33:37.696
2024-02-06 12:00:00,0.85536,0.85582,0.85366,0.85419,17503722000.0,2024-02-06 12:10:39.162,2024-02-06 14:40:25.245
2024-02-06 16:00:00,0.85418,0.85436,0.85332,0.8535,11358919000.0,2024-02-06 16:01:13.037,2024-02-06 18:41:06.908
2024-02-06 20:00:00,0.85351,0.85379,0.85316,0.85344,3166157000.0,2024-02-06 21:14:58.462,2024-02-06 22:42:35.162
2024-02-07 00:00:00,0.85345,0.85397,0.85342,0.85374,3030888000.0,2024-02-07 00:52:05.229,2024-02-07 01:49:40.232
2024-02-07 04:00:00,0.85372,0.85398,0.85298,0.85304,5256562000.0,2024-02-07 05:27:01.232,2024-02-07 07:59:44.280
2024-02-07 08:00:00,0.85305,0.85314,0.85202,0.85269,17142925000.0,2024-02-07 08:00:04.216,2024-02-07 10:17:43.028
2024-02-07 12:00:00,0.8527,0.8533,0.85158,0.85159,17014365000.0,2024-02-07 13:34:46.459,2024-02-07 15:59:56.538
2024-02-07 16:00:00,0.8516,0.85342,0.8516,0.85298,10718462000.0,2024-02-07 19:29:45.388,2024-02-07 16:00:00.139
2024-02-07 20:00:00,0.85299,0.85337,0.85269,0.85336,4359929000.0,2024-02-07 20:50:46.019,2024-02-07 22:11:01.133
2024-02-08 00:00:00,0.85337,0.85355,0.853,0.85349,1912896000.0,2024-02-08 03:29:36.841,2024-02-08 01:02:27.995
2024-02-08 04:00:00,0.85348,0.85396,0.85347,0.85365,4004975000.0,2024-02-08 07:25:11.090,2024-02-08 05:32:07.425
2024-02-08 08:00:00,0.85366,0.85423,0.85309,0.85378,14296846000.0,2024-02-08 11:25:35.090,2024-02-08 08:23:07.799
2024-02-08 12:00:00,0.85379,0.85445,0.85331,0.85373,13240261000.0,2024-02-08 13:48:05.591,2024-02-08 14:49:39.282
2024-02-08 16:00:00,0.85372,0.85433,0.85335,0.85409,9864989000.0,2024-02-08 18:44:24.413,2024-02-08 16:32:36.669
2024-02-08 20:00:00,0.85408,0.85423,0.85365,0.85394,2595354000.0,2024-02-08 22:41:50.693,2024-02-08 22:04:01.005
2024-02-09 00:00:00,0.85395,0.85409,0.85374,0.85378,2186471000.0,2024-02-09 00:31:06.086,2024-02-09 03:33:02.194
2024-02-09 04:00:00,0.85379,0.85396,0.85323,0.85335,3512243000.0,2024-02-09 04:19:25.377,2024-02-09 07:55:26.496
2024-02-09 08:00:00,0.85336,0.85453,0.85323,0.85434,12635213000.0,2024-02-09 11:49:20.811,2024-02-09 08:15:10.518
2024-02-09 12:00:00,0.85433,0.8547,0.85321,0.8537,25591676000.0,2024-02-09 13:20:51.645,2024-02-09 15:48:14.846
2024-02-09 16:00:00,0.85371,0.85412,0.85348,0.85378,9754503000.0,2024-02-09 17:16:39.714,2024-02-09 16:28:12.015
2024-02-09 20:00:00,0.85379,0.85401,0.85367,0.85381,2999916000.0,2024-02-09 21:00:13.077,2024-02-09 20:03:44.937
2024-02-11 20:00:00,0.85317,0.85446,0.85292,0.85445,1538817000.0,2024-02-11 23:57:26.735,2024-02-11 22:05:26.611
2024-02-12 00:00:00,0.85444,0.85467,0.8541,0.85452,2803380000.0,2024-02-12 03:42:14.949,2024-02-12 00:47:13.217
2024-02-12 04:00:00,0.85453,0.85456,0.85377,0.8542,5985458000.0,2024-02-12 06:07:41.664,2024-02-12 07:57:15.443
2024-02-12 08:00:00,0.85421,0.85428,0.85304,0.85364,17510233000.0,2024-02-12 08:00:04.550,2024-02-12 09:55:41.964
2024-02-12 12:00:00,0.85365,0.85415,0.85285,0.8535,18176730000.0,2024-02-12 13:20:15.289,2024-02-12 15:19:05.136
2024-02-12 16:00:00,0.85351,0.85359,0.85283,0.85304,11913898000.0,2024-02-12 16:00:16.243,2024-02-12 17:31:55.676
2024-02-12 20:00:00,0.85305,0.85324,0.85289,0.85306,3258714000.0,2024-02-12 20:16:10.553,2024-02-12 21:31:46.240
2024-02-13 00:00:00,0.85305,0.85348,0.85293,0.85336,3481464000.0,2024-02-13 02:46:47.847,2024-02-13 01:25:59.301
2024-02-13 04:00:00,0.85337,0.8535,0.85107,0.85131,8268572000.0,2024-02-13 06:59:35.161,2024-02-13 07:36:25.777
2024-02-13 08:00:00,0.85132,0.85191,0.8502,0.85078,16760729000.0,2024-02-13 08:57:10.923,2024-02-13 11:11:03.481
2024-02-13 12:00:00,0.85076,0.85202,0.84998,0.85044,32764102000.0,2024-02-13 13:35:16.293,2024-02-13 13:53:02.484
2024-02-13 16:00:00,0.85046,0.85109,0.85006,0.85099,13192449000.0,2024-02-13 18:22:06.732,2024-02-13 17:24:39.796
2024-02-13 20:00:00,0.851,0.85102,0.85013,0.85049,4666615000.0,2024-02-13 20:00:06.622,2024-02-13 22:48:29.257
2024-02-14 00:00:00,0.8505,0.85065,0.85001,0.85019,5627998000.0,2024-02-14 01:39:17.943,2024-02-14 03:40:46.692
2024-02-14 04:00:00,0.8502,0.85265,0.8498,0.8522,11765043000.0,2024-02-14 07:06:08.376,2024-02-14 06:11:18.468
2024-02-14 08:00:00,0.85222,0.85348,0.85206,0.85302,18036164000.0,2024-02-14 09:48:19.672,2024-02-14 08:06:38.630
2024-02-14 12:00:00,0.853,0.85481,0.8524,0.85432,19610181000.0,2024-02-14 15:50:24.624,2024-02-14 13:28:35.341
2024-02-14 16:00:00,0.8543,0.85484,0.85374,0.85404,13406578000.0,2024-02-14 16:30:57.264,2024-02-14 18:09:28.302
2024-02-14 20:00:00,0.85405,0.85409,0.85347,0.85393,3635127000.0,2024-02-14 20:00:16.775,2024-02-14 22:19:25.177
2024-02-15 00:00:00,0.85394,0.85413,0.85353,0.85362,4051755000.0,2024-02-15 00:11:31.582,2024-02-15 03:46:25.691
2024-02-15 04:00:00,0.85363,0.85565,0.85358,0.85545,7384893000.0,2024-02-15 07:45:03.541,2024-02-15 07:00:14.001
2024-02-15 08:00:00,0.85548,0.85582,0.85442,0.8554,15427479000.0,2024-02-15 11:33:20.172,2024-02-15 10:18:01.266
2024-02-15 12:00:00,0.85542,0.857,0.85502,0.85514,25739691000.0,2024-02-15 13:48:41.687,2024-02-15 15:56:12.940
2024-02-15 16:00:00,0.85515,0.85549,0.85477,0.85491,10942128000.0,2024-02-15 17:00:23.476,2024-02-15 19:33:50.645
2024-02-15 20:00:00,0.8549,0.85511,0.8546,0.85505,3309316000.0,2024-02-15 21:02:46.368,2024-02-15 23:00:01.639
2024-02-16 00:00:00,0.85504,0.85563,0.85494,0.8552,7145317000.0,2024-02-16 00:53:38.370,2024-02-16 00:02:46.587
2024-02-16 04:00:00,0.85521,0.85535,0.8536,0.85468,9017995000.0,2024-02-16 04:40:53.116,2024-02-16 07:00:11.467
2024-02-16 08:00:00,0.85469,0.85637,0.85464,0.85538,17012845000.0,2024-02-16 08:58:37.350,2024-02-16 08:01:44.719
2024-02-16 12:00:00,0.85539,0.85651,0.8548,0.85589,28127563000.0,2024-02-16 15:47:06.227,2024-02-16 13:43:01.003
2024-02-16 16:00:00,0.8559,0.85591,0.85441,0.85488,12992097000.0,2024-02-16 16:00:00.354,2024-02-16 18:51:38.755
2024-02-16 20:00:00,0.85489,0.85532,0.85484,0.85521,3779698000.0,2024-02-16 21:04:04.550,2024-02-16 20:00:01.673
2024-02-18 20:00:00,0.85358,0.85534,0.85358,0.85513,1419141000.0,2024-02-18 23:03:05.531,2024-02-18 22:05:00.006
2024-02-19 00:00:00,0.85514,0.85518,0.85412,0.85431,5926591000.0,2024-02-19 00:00:35.678,2024-02-19 01:22:46.310
2024-02-19 04:00:00,0.85433,0.85462,0.854,0.85439,5955359000.0,2024-02-19 07:18:21.231,2024-02-19 05:13:07.879
2024-02-19 08:00:00,0.85438,0.85457,0.8537,0.85454,16033167000.0,2024-02-19 11:59:21.986,2024-02-19 11:19:09.588
2024-02-19 12:00:00,0.85455,0.85548,0.85424,0.85539,15498372000.0,2024-02-19 15:56:13.258,2024-02-19 13:00:57.861
2024-02-19 16:00:00,0.85538,0.85595,0.85508,0.85557,3789184000.0,2024-02-19 18:18:18.430,2024-02-19 16:04:32.516
2024-02-19 20:00:00,0.85558,0.85604,0.85545,0.85599,2050971000.0,2024-02-19 23:46:31.491,2024-02-19 22:20:27.903
2024-02-20 00:00:00,0.856,0.85603,0.85525,0.85557,4203441000.0,2024-02-20 00:00:05.370,2024-02-20 01:44:01.086
2024-02-20 04:00:00,0.85558,0.85587,0.85518,0.85538,5926028000.0,2024-02-20 06:37:09.206,2024-02-20 07:34:14.724
2024-02-20 08:00:00,0.85539,0.8578,0.85537,0.85763,18713025000.0,2024-02-20 11:42:42.165,2024-02-20 08:00:00.584
2024-02-20 12:00:00,0.85764,0.85777,0.85457,0.85471,33392029000.0,2024-02-20 12:01:35.422,2024-02-20 15:29:20.071
2024-02-20 16:00:00,0.8547,0.85652,0.8547,0.85635,17155540000.0,2024-02-20 19:57:24.058,2024-02-20 16:00:00.277
2024-02-20 20:00:00,0.85634,0.8565,0.8557,0.85621,6203396000.0,2024-02-20 20:35:08.510,2024-02-20 22:28:05.803
2024-02-21 00:00:00,0.85622,0.85635,0.85596,0.85602,5694650000.0,2024-02-21 00:54:24.969,2024-02-21 03:35:23.323
2024-02-21 04:00:00,0.85604,0.85662,0.85574,0.8559,8675444000.0,2024-02-21 07:01:04.802,2024-02-21 07:42:40.109
2024-02-21 08:00:00,0.85591,0.85667,0.85567,0.85598,23241223000.0,2024-02-21 08:40:21.224,2024-02-21 10:51:45.259
2024-02-21 12:00:00,0.85595,0.85706,0.85569,0.8567,25759587000.0,2024-02-21 15:49:09.252,2024-02-21 12:20:46.722
2024-02-21 16:00:00,0.85671,0.85714,0.85605,0.85627,21024998000.0,2024-02-21 17:15:30.999,2024-02-21 19:05:44.701
2024-02-21 20:00:00,0.85626,0.85645,0.85595,0.85613,7874932000.0,2024-02-21 20:23:00.121,2024-02-21 22:21:05.070
2024-02-22 00:00:00,0.85614,0.85678,0.85612,0.85663,10324332000.0,2024-02-22 01:38:16.132,2024-02-22 00:00:11.741
2024-02-22 04:00:00,0.85664,0.85697,0.85611,0.8563,15096275000.0,2024-02-22 07:00:45.867,2024-02-22 07:50:23.457
2024-02-22 08:00:00,0.85632,0.85751,0.85466,0.85621,35423058000.0,2024-02-22 08:15:14.195,2024-02-22 09:30:01.505
2024-02-22 12:00:00,0.8562,0.85717,0.85561,0.85652,35647373000.0,2024-02-22 14:05:00.150,2024-02-22 12:40:38.191
2024-02-22 16:00:00,0.85651,0.85651,0.85462,0.85489,17988192000.0,2024-02-22 16:00:00.026,2024-02-22 19:32:39.091
2024-02-22 20:00:00,0.8549,0.855,0.85462,0.85493,23221711000.0,2024-02-22 22:38:23.081,2024-02-22 20:53:35.617
2024-02-23 00:00:00,0.85496,0.85516,0.85478,0.8548,7262100000.0,2024-02-23 01:45:13.398,2024-02-23 03:59:22.843
2024-02-23 04:00:00,0.85479,0.8551,0.85462,0.85473,7826872000.0,2024-02-23 06:22:59.201,2024-02-23 05:37:03.687
2024-02-23 08:00:00,0.85471,0.85505,0.85346,0.8538,22747291000.0,2024-02-23 09:31:16.463,2024-02-23 11:16:56.241
2024-02-23 12:00:00,0.85381,0.85388,0.85281,0.85352,31590933000.0,2024-02-23 12:05:31.386,2024-02-23 15:05:34.850
2024-02-23 16:00:00,0.8535,0.85422,0.8535,0.85389,13531256000.0,2024-02-23 17:04:41.454,2024-02-23 16:00:00.155
2024-02-23 20:00:00,0.8539,0.85432,0.85386,0.85403,5067777000.0,2024-02-23 21:05:08.230,2024-02-23 20:02:46.153
2024-02-25 20:00:00,0.85373,0.85402,0.853,0.85383,1040915000.0,2024-02-25 23:03:43.235,2024-02-25 22:24:57.090
2024-02-26 00:00:00,0.85384,0.85464,0.85369,0.85461,4554416000.0,2024-02-26 03:46:53.076,2024-02-26 00:18:32.519
2024-02-26 04:00:00,0.8546,0.85506,0.85414,0.85448,5528791000.0,2024-02-26 07:17:29.657,2024-02-26 05:28:23.179
2024-02-26 08:00:00,0.85447,0.85579,0.85429,0.85484,18959218000.0,2024-02-26 11:02:35.558,2024-02-26 08:00:59.928
2024-02-26 12:00:00,0.85483,0.85571,0.85465,0.85549,20708119000.0,2024-02-26 15:53:42.626,2024-02-26 12:10:30.043
2024-02-26 16:00:00,0.8555,0.8561,0.85532,0.8555,13306383000.0,2024-02-26 17:01:32.585,2024-02-26 18:48:55.140
2024-02-26 20:00:00,0.85551,0.85557,0.85489,0.85541,5192172000.0,2024-02-26 23:25:37.597,2024-02-26 22:34:19.798
2024-02-27 00:00:00,0.85542,0.85604,0.8553,0.85589,5530240000.0,2024-02-27 03:48:13.391,2024-02-27 00:32:36.310
2024-02-27 04:00:00,0.85587,0.85589,0.85532,0.85541,8685091000.0,2024-02-27 04:00:06.772,2024-02-27 06:47:45.226
2024-02-27 08:00:00,0.85542,0.85593,0.85518,0.85575,22048911000.0,2024-02-27 08:36:34.385,2024-02-27 10:01:33.718
2024-02-27 12:00:00,0.85574,0.85669,0.855,0.85525,23870011000.0,2024-02-27 12:45:44.465,2024-02-27 14:48:11.467
2024-02-27 16:00:00,0.85526,0.85557,0.85493,0.8552,14742738000.0,2024-02-27 16:34:46.782,2024-02-27 16:18:01.194
2024-02-27 20:00:00,0.85519,0.85527,0.85478,0.85495,3872595000.0,2024-02-27 20:01:17.027,2024-02-27 21:50:32.825
2024-02-28 00:00:00,0.85494,0.8554,0.85488,0.85522,6516425000.0,2024-02-28 02:36:35.762,2024-02-28 00:00:33.920
2024-02-28 04:00:00,0.8552,0.8555,0.85485,0.85492,8276738000.0,2024-02-28 07:46:38.385,2024-02-28 07:58:40.350
2024-02-28 08:00:00,0.85491,0.85592,0.85459,0.85478,21174535000.0,2024-02-28 08:47:25.898,2024-02-28 11:56:14.246
2024-02-28 12:00:00,0.85479,0.85653,0.85471,0.85624,30220692000.0,2024-02-28 14:05:28.511,2024-02-28 12:06:55.955
2024-02-28 16:00:00,0.85625,0.85634,0.85569,0.85617,16073527000.0,2024-02-28 16:01:58.625,2024-02-28 16:52:27.473
2024-02-28 20:00:00,0.85618,0.85628,0.85571,0.856,5487667000.0,2024-02-28 20:01:01.641,2024-02-28 22:05:24.803
2024-02-29 00:00:00,0.85599,0.85608,0.85524,0.85544,6654983000.0,2024-02-29 00:07:51.904,2024-02-29 03:05:23.502
2024-02-29 04:00:00,0.85545,0.85599,0.85526,0.85572,10203068000.0,2024-02-29 07:35:41.739,2024-02-29 04:24:55.348
2024-02-29 08:00:00,0.85573,0.85702,0.85552,0.85639,31369453000.0,2024-02-29 09:51:49.323,2024-02-29 08:58:38.680
2024-02-29 12:00:00,0.85641,0.85692,0.85502,0.85551,37608613000.0,2024-02-29 13:31:30.910,2024-02-29 15:44:15.079
2024-02-29 16:00:00,0.85549,0.85644,0.85507,0.85643,21378941000.0,2024-02-29 19:59:20.427,2024-02-29 16:44:55.026
2024-02-29 20:00:00,0.85644,0.8565,0.85556,0.85575,6780223000.0,2024-02-29 20:05:49.455,2024-02-29 22:47:05.991
2024-03-01 00:00:00,0.85574,0.85658,0.85574,0.85629,7487898000.0,2024-03-01 02:46:14.885,2024-03-01 00:00:00.506
2024-03-01 04:00:00,0.85628,0.85639,0.85578,0.856,6318054000.0,2024-03-01 05:30:52.794,2024-03-01 07:44:43.929
2024-03-01 08:00:00,0.85599,0.85659,0.85543,0.85567,22994976000.0,2024-03-01 10:01:45.220,2024-03-01 11:42:21.386
2024-03-01 12:00:00,0.85568,0.85757,0.85562,0.85633,37926066000.0,2024-03-01 15:37:26.850,2024-03-01 12:01:07.655
2024-03-01 16:00:00,0.85631,0.8567,0.85605,0.85613,16855344000.0,2024-03-01 16:29:52.979,2024-03-01 17:32:06.720
2024-03-01 20:00:00,0.85614,0.85657,0.85603,0.85646,4657928000.0,2024-03-01 21:53:56.716,2024-03-01 21:16:40.331
2024-03-03 20:00:00,0.85602,0.85661,0.85588,0.85631,1485728000.0,2024-03-03 22:37:08.112,2024-03-03 22:05:02.112
2024-03-04 00:00:00,0.85633,0.85647,0.85613,0.85621,4147380000.0,2024-03-04 00:50:56.777,2024-03-04 03:20:56.145
2024-03-04 04:00:00,0.8562,0.85663,0.85598,0.85607,8400374000.0,2024-03-04 07:26:25.591,2024-03-04 07:41:33.521
2024-03-04 08:00:00,0.85608,0.85649,0.85554,0.85631,20471036000.0,2024-03-04 11:28:36.769,2024-03-04 08:34:05.424
2024-03-04 12:00:00,0.85633,0.85634,0.85522,0.85549,27111384000.0,2024-03-04 12:00:01.811,2024-03-04 15:42:25.708
2024-03-04 16:00:00,0.8555,0.85557,0.85501,0.85544,13840106000.0,2024-03-04 16:00:10.923,2024-03-04 17:28:49.229
2024-03-04 20:00:00,0.85546,0.85569,0.85481,0.85533,9352982000.0,2024-03-04 21:21:37.643,2024-03-04 22:05:00.531
2024-03-05 00:00:00,0.85531,0.85543,0.8549,0.8553,4961177000.0,2024-03-05 02:52:47.474,2024-03-05 02:00:29.183
2024-03-05 04:00:00,0.85532,0.85582,0.85522,0.85558,7828873000.0,2024-03-05 07:38:50.610,2024-03-05 04:01:39.201
2024-03-05 08:00:00,0.85557,0.85605,0.85518,0.85577,16546722000.0,2024-03-05 08:26:38.878,2024-03-05 10:57:36.866
2024-03-05 12:00:00,0.85576,0.85592,0.85333,0.85383,34605642000.0,2024-03-05 12:01:38.860,2024-03-05 15:00:05.823
2024-03-05 16:00:00,0.85385,0.8546,0.85375,0.85439,17783608000.0,2024-03-05 16:52:27.417,2024-03-05 16:00:48.521
2024-03-05 20:00:00,0.85438,0.85458,0.85432,0.85445,5842956000.0,2024-03-05 21:01:05.938,2024-03-05 22:58:14.366
2024-03-06 00:00:00,0.85444,0.85479,0.85429,0.85441,5162336000.0,2024-03-06 00:42:17.625,2024-03-06 01:58:54.401
2024-03-06 04:00:00,0.8544,0.85492,0.85425,0.85452,8062794000.0,2024-03-06 07:23:02.217,2024-03-06 04:49:57.570
2024-03-06 08:00:00,0.85454,0.85515,0.85411,0.85477,20922717000.0,2024-03-06 10:44:46.318,2024-03-06 08:16:40.668
2024-03-06 12:00:00,0.85478,0.85622,0.85448,0.85578,30777913000.0,2024-03-06 15:50:03.890,2024-03-06 12:09:44.907
2024-03-06 16:00:00,0.8558,0.85593,0.85507,0.85523,27880903000.0,2024-03-06 16:00:10.537,2024-03-06 17:42:29.056
2024-03-06 20:00:00,0.85521,0.85628,0.85521,0.85579,9498291000.0,2024-03-06 21:45:41.108,2024-03-06 20:00:00.090
2024-03-07 00:00:00,0.8558,0.85628,0.85572,0.85601,7815498000.0,2024-03-07 00:37:38.642,2024-03-07 00:01:12.336
2024-03-07 04:00:00,0.856,0.8561,0.85518,0.85533,9209913000.0,2024-03-07 05:38:00.253,2024-03-07 07:43:31.317
2024-03-07 08:00:00,0.85535,0.85585,0.85375,0.85407,21414477000.0,2024-03-07 09:12:47.908,2024-03-07 11:02:16.328
2024-03-07 12:00:00,0.85408,0.85501,0.85236,0.8546,47319975000.0,2024-03-07 15:02:59.653,2024-03-07 13:55:51.232
2024-03-07 16:00:00,0.85459,0.85533,0.85446,0.85486,22813583000.0,2024-03-07 17:09:17.811,2024-03-07 18:48:52.907
2024-03-07 20:00:00,0.85485,0.85496,0.85453,0.85461,5907162000.0,2024-03-07 20:02:24.150,2024-03-07 22:24:51.077
2024-03-08 00:00:00,0.85462,0.85482,0.85441,0.85472,5982344000.0,2024-03-08 01:27:24.805,2024-03-08 00:09:06.360
2024-03-08 04:00:00,0.8547,0.85477,0.85372,0.85393,8811442000.0,2024-03-08 06:23:54.603,2024-03-08 07:47:12.935
2024-03-08 08:00:00,0.85394,0.85394,0.85152,0.85226,30005904000.0,2024-03-08 08:00:00.067,2024-03-08 10:57:37.652
2024-03-08 12:00:00,0.85225,0.85239,0.85038,0.85094,43870145000.0,2024-03-08 12:02:03.422,2024-03-08 15:47:47.570
2024-03-08 16:00:00,0.85095,0.85164,0.85084,0.85101,26221922000.0,2024-03-08 19:00:45.525,2024-03-08 16:02:27.793
2024-03-08 20:00:00,0.85102,0.85119,0.85068,0.85074,5689336000.0,2024-03-08 20:12:07.896,2024-03-08 21:50:15.386
2024-03-10 20:00:00,0.85011,0.85134,0.84997,0.8512,2209860000.0,2024-03-10 22:43:45.262,2024-03-10 21:07:47.205
2024-03-11 00:00:00,0.85121,0.85155,0.85092,0.8514,4592143000.0,2024-03-11 03:11:28.362,2024-03-11 01:11:42.242
2024-03-11 04:00:00,0.85141,0.85202,0.85106,0.85182,9715042000.0,2024-03-11 07:33:35.498,2024-03-11 06:31:16.051
2024-03-11 08:00:00,0.85181,0.85272,0.85127,0.8515,21220648000.0,2024-03-11 08:51:33.509,2024-03-11 11:42:07.638
2024-03-11 12:00:00,0.85149,0.85339,0.85129,0.85334,25103839000.0,2024-03-11 15:58:50.681,2024-03-11 14:08:12.368
2024-03-11 16:00:00,0.85331,0.85348,0.85281,0.85296,13982746000.0,2024-03-11 16:05:54.123,2024-03-11 19:36:10.075
2024-03-11 20:00:00,0.85297,0.853,0.85238,0.8527,5049353000.0,2024-03-11 20:02:37.484,2024-03-11 21:12:50.306
2024-03-12 00:00:00,0.85271,0.85311,0.85255,0.8531,5814634000.0,2024-03-12 03:59:21.209,2024-03-12 00:14:08.341
2024-03-12 04:00:00,0.85309,0.85475,0.85298,0.85469,13320747500.0,2024-03-12 07:58:07.249,2024-03-12 05:18:18.622
2024-03-12 08:00:00,0.85468,0.85489,0.85426,0.85473,18506585000.0,2024-03-12 11:48:13.306,2024-03-12 09:04:08.234
2024-03-12 12:00:00,0.85472,0.85544,0.85358,0.85399,40263171000.0,2024-03-12 14:09:23.094,2024-03-12 15:52:51.101
2024-03-12 16:00:00,0.85398,0.85461,0.85388,0.85395,13083515000.0,2024-03-12 17:12:26.286,2024-03-12 18:32:43.404
2024-03-12 20:00:00,0.85396,0.85421,0.8539,0.85398,2404956000.0,2024-03-12 22:40:57.353,2024-03-12 22:00:04.135
2024-03-13 00:00:00,0.85399,0.85414,0.85382,0.85405,4434507000.0,2024-03-13 00:09:57.299,2024-03-13 00:02:15.004
2024-03-13 04:00:00,0.85406,0.85497,0.8539,0.85457,8174653000.0,2024-03-13 07:37:31.616,2024-03-13 07:00:07.657
2024-03-13 08:00:00,0.85456,0.85513,0.85392,0.85432,19631671000.0,2024-03-13 10:09:11.969,2024-03-13 09:27:35.972
2024-03-13 12:00:00,0.85431,0.85535,0.85419,0.85514,27472960000.0,2024-03-13 15:20:59.876,2024-03-13 14:18:59.925
2024-03-13 16:00:00,0.85515,0.85594,0.85498,0.85547,13075340000.0,2024-03-13 17:16:18.883,2024-03-13 16:02:28.083
2024-03-13 20:00:00,0.85548,0.85564,0.85511,0.85559,2722849000.0,2024-03-13 23:59:27.962,2024-03-13 21:16:47.644
2024-03-14 00:00:00,0.8556,0.85569,0.85521,0.85552,5748455000.0,2024-03-14 00:24:46.504,2024-03-14 02:45:57.176
2024-03-14 04:00:00,0.85551,0.85558,0.85402,0.8541,8339441000.0,2024-03-14 04:02:41.031,2024-03-14 07:46:21.208
2024-03-14 08:00:00,0.85408,0.85429,0.85348,0.85412,22298223000.0,2024-03-14 11:43:44.583,2024-03-14 10:02:37.846
2024-03-14 12:00:00,0.85413,0.85503,0.85385,0.85412,35163271000.0,2024-03-14 15:37:08.331,2024-03-14 12:37:39.648
2024-03-14 16:00:00,0.85411,0.85424,0.85357,0.8538,17756974000.0,2024-03-14 16:08:19.902,2024-03-14 17:17:27.120
2024-03-14 20:00:00,0.85379,0.85396,0.85316,0.85386,5009033000.0,2024-03-14 23:44:58.356,2024-03-14 21:41:42.537
2024-03-15 00:00:00,0.85387,0.85425,0.85369,0.85394,8943902000.0,2024-03-15 00:53:11.224,2024-03-15 01:25:01.392
2024-03-15 04:00:00,0.85393,0.85437,0.85369,0.85432,8717707000.0,2024-03-15 07:58:26.477,2024-03-15 05:02:07.103
2024-03-15 08:00:00,0.85433,0.85475,0.85372,0.85408,19571828000.0,2024-03-15 09:30:25.263,2024-03-15 11:33:05.717
2024-03-15 12:00:00,0.85407,0.85479,0.85381,0.85463,38969339000.0,2024-03-15 15:05:24.427,2024-03-15 13:32:07.650
2024-03-15 16:00:00,0.85461,0.85531,0.85458,0.85481,14070794000.0,2024-03-15 17:51:11.436,2024-03-15 16:00:45.706
2024-03-15 20:00:00,0.85482,0.85497,0.85469,0.8549,1202163000.0,2024-03-15 20:48:35.782,2024-03-15 20:45:00.183
2024-03-17 20:00:00,0.85463,0.85508,0.85406,0.85484,2289066000.0,2024-03-17 22:02:20.745,2024-03-17 21:15:04.544
2024-03-18 00:00:00,0.85487,0.85532,0.85474,0.85528,3993935000.0,2024-03-18 03:58:59.059,2024-03-18 00:01:50.562
2024-03-18 04:00:00,0.85529,0.85553,0.85476,0.85485,4442292000.0,2024-03-18 07:24:55.955,2024-03-18 07:58:00.321
2024-03-18 08:00:00,0.85486,0.85623,0.85466,0.85555,18768832000.0,2024-03-18 10:38:30.313,2024-03-18 09:01:55.325
2024-03-18 12:00:00,0.85554,0.85569,0.85482,0.85489,25011598000.0,2024-03-18 12:43:23.267,2024-03-18 15:50:02.991
2024-03-18 16:00:00,0.8549,0.855,0.85393,0.85404,18655137000.0,2024-03-18 16:14:03.276,2024-03-18 19:23:54.606
2024-03-18 20:00:00,0.85403,0.85443,0.85387,0.85433,3537651000.0,2024-03-18 23:45:11.932,2024-03-18 21:05:01.042
2024-03-19 00:00:00,0.85434,0.85477,0.85429,0.85467,7205499000.0,2024-03-19 03:40:32.112,2024-03-19 00:05:05.622
2024-03-19 04:00:00,0.85465,0.85525,0.85458,0.85476,9759785000.0,2024-03-19 07:13:04.225,2024-03-19 05:19:15.594
2024-03-19 08:00:00,0.85475,0.85557,0.85451,0.85483,18535407000.0,2024-03-19 09:46:47.881,2024-03-19 08:02:59.786
2024-03-19 12:00:00,0.85485,0.85492,0.85396,0.85424,21362681000.0,2024-03-19 14:03:17.020,2024-03-19 15:53:45.243
2024-03-19 16:00:00,0.85423,0.85425,0.85321,0.85403,15394143000.0,2024-03-19 16:00:00.467,2024-03-19 17:49:34.204
2024-03-19 20:00:00,0.85402,0.85421,0.85373,0.85404,2886496000.0,2024-03-19 23:47:27.513,2024-03-19 21:04:06.899
2024-03-20 00:00:00,0.85405,0.85449,0.854,0.85429,4759692000.0,2024-03-20 02:56:14.234,2024-03-20 00:00:19.899
2024-03-20 04:00:00,0.85428,0.8558,0.85396,0.85458,7643008000.0,2024-03-20 07:00:06.346,2024-03-20 07:08:36.332
2024-03-20 08:00:00,0.85457,0.85486,0.85355,0.85418,18594707000.0,2024-03-20 08:41:41.909,2024-03-20 10:09:56.594
2024-03-20 12:00:00,0.85419,0.85464,0.85366,0.85397,22073021000.0,2024-03-20 12:34:33.154,2024-03-20 14:44:48.046
2024-03-20 16:00:00,0.85398,0.85449,0.8536,0.85431,43165197000.0,2024-03-20 18:01:32.245,2024-03-20 18:43:06.927
2024-03-20 20:00:00,0.8543,0.85467,0.85398,0.85458,6993941000.0,2024-03-20 23:39:37.677,2024-03-20 21:10:35.850
2024-03-21 00:00:00,0.85459,0.85481,0.85427,0.85452,7460233000.0,2024-03-21 00:15:36.137,2024-03-21 01:25:05.571
2024-03-21 04:00:00,0.85451,0.85511,0.85448,0.8548,10855523000.0,2024-03-21 07:33:25.915,2024-03-21 04:01:42.031
2024-03-21 08:00:00,0.85479,0.85589,0.85286,0.85568,30598047000.0,2024-03-21 11:56:27.111,2024-03-21 09:30:00.250
2024-03-21 12:00:00,0.85566,0.85791,0.85566,0.85735,35745041000.0,2024-03-21 15:27:19.355,2024-03-21 12:00:00.573
2024-03-21 16:00:00,0.85736,0.8582,0.85708,0.85815,15713670000.0,2024-03-21 18:52:55.143,2024-03-21 16:33:32.295
2024-03-21 20:00:00,0.85816,0.85824,0.85763,0.85794,4298031000.0,2024-03-21 20:05:02.557,2024-03-21 21:04:01.004
2024-03-22 00:00:00,0.85795,0.85798,0.85713,0.8572,9138727000.0,2024-03-22 00:00:23.913,2024-03-22 03:44:38.392
2024-03-22 04:00:00,0.85721,0.8589,0.85675,0.8586,13521866000.0,2024-03-22 07:53:20.790,2024-03-22 04:54:17.276
2024-03-22 08:00:00,0.85859,0.86021,0.8581,0.85951,22374829000.0,2024-03-22 10:40:36.628,2024-03-22 09:00:00.958
2024-03-22 12:00:00,0.85952,0.8596,0.85769,0.8583,28880374000.0,2024-03-22 12:00:57.198,2024-03-22 13:55:29.090
2024-03-22 16:00:00,0.85832,0.85844,0.85763,0.85794,13821922000.0,2024-03-22 17:16:08.669,2024-03-22 16:42:32.361
2024-03-22 20:00:00,0.85792,0.85809,0.85759,0.8579,1435413000.0,2024-03-22 20:07:41.319,2024-03-22 20:54:55.288
2024-03-24 20:00:00,0.85677,0.85814,0.85669,0.85785,2843308000.0,2024-03-24 22:28:15.656,2024-03-24 21:05:30.021
2024-03-25 00:00:00,0.85784,0.85792,0.85743,0.85778,7519488000.0,2024-03-25 00:28:37.978,2024-03-25 01:21:33.952
2024-03-25 04:00:00,0.85777,0.85845,0.85753,0.85804,6681395000.0,2024-03-25 07:32:10.039,2024-03-25 05:33:57.902
2024-03-25 08:00:00,0.85805,0.85833,0.85663,0.85687,17019527000.0,2024-03-25 08:00:43.967,2024-03-25 11:33:28.055
2024-03-25 12:00:00,0.85684,0.8573,0.8565,0.85699,16720651000.0,2024-03-25 14:55:55.957,2024-03-25 12:05:04.631
2024-03-25 16:00:00,0.85701,0.85771,0.85697,0.85762,8570317000.0,2024-03-25 19:36:49.453,2024-03-25 16:00:20.253
2024-03-25 20:00:00,0.85761,0.85774,0.8572,0.85759,2729908000.0,2024-03-25 20:26:51.219,2024-03-25 21:15:51.761
2024-03-26 00:00:00,0.85758,0.85773,0.85741,0.8575,5605853000.0,2024-03-26 00:30:31.957,2024-03-26 02:17:57.934
2024-03-26 04:00:00,0.85752,0.85783,0.8569,0.85704,6747370000.0,2024-03-26 05:54:50.159,2024-03-26 07:59:27.646
2024-03-26 08:00:00,0.85706,0.85813,0.85695,0.85802,17468386000.0,2024-03-26 09:09:13.231,2024-03-26 08:00:31.297
2024-03-26 12:00:00,0.85804,0.85882,0.8573,0.85742,24673929000.0,2024-03-26 14:14:17.206,2024-03-26 15:57:43.260
2024-03-26 16:00:00,0.85743,0.85787,0.85715,0.85778,11850102000.0,2024-03-26 17:33:37.952,2024-03-26 16:43:17.076
2024-03-26 20:00:00,0.85779,0.85785,0.85724,0.8578,3505681000.0,2024-03-26 20:11:45.030,2024-03-26 21:08:00.674
2024-03-27 00:00:00,0.85781,0.85851,0.85781,0.85824,18616523000.0,2024-03-27 03:41:30.118,2024-03-27 00:00:01.406
2024-03-27 04:00:00,0.85823,0.85838,0.857,0.85717,11151908000.0,2024-03-27 05:06:24.359,2024-03-27 07:58:39.501
2024-03-27 08:00:00,0.85715,0.85817,0.857,0.85771,30613695000.0,2024-03-27 09:41:29.605,2024-03-27 08:02:23.016
2024-03-27 12:00:00,0.85773,0.858,0.8565,0.85677,24209087000.0,2024-03-27 12:04:58.531,2024-03-27 14:40:50.235
2024-03-27 16:00:00,0.85676,0.85724,0.85651,0.85673,18903774000.0,2024-03-27 16:39:10.431,2024-03-27 19:18:15.193
2024-03-27 20:00:00,0.85672,0.85706,0.85635,0.85695,4438185000.0,2024-03-27 22:28:26.564,2024-03-27 22:00:41.307
2024-03-28 00:00:00,0.85698,0.85704,0.85668,0.85694,7112428000.0,2024-03-28 00:02:32.906,2024-03-28 03:31:28.988
2024-03-28 04:00:00,0.85693,0.85697,0.85602,0.85608,12639822000.0,2024-03-28 04:00:48.341,2024-03-28 07:59:39.526
2024-03-28 08:00:00,0.85607,0.85638,0.8548,0.85502,28916758000.0,2024-03-28 09:20:10.335,2024-03-28 11:15:45.807
2024-03-28 12:00:00,0.85503,0.85551,0.85458,0.85507,34608494000.0,2024-03-28 13:28:47.149,2024-03-28 12:22:13.913
2024-03-28 16:00:00,0.85506,0.85525,0.85439,0.85476,18425113000.0,2024-03-28 18:08:16.649,2024-03-28 16:53:00.197
2024-03-28 20:00:00,0.85475,0.85497,0.85424,0.85495,19499670000.0,2024-03-28 23:59:09.010,2024-03-28 21:21:40.039
2024-03-29 00:00:00,0.85493,0.85493,0.85348,0.85359,7104205000.0,2024-03-29 00:00:19.464,2024-03-29 03:53:47.352
2024-03-29 04:00:00,0.8536,0.85406,0.85296,0.8533,4334778000.0,2024-03-29 05:02:50.668,2024-03-29 07:54:32.949
2024-03-29 08:00:00,0.85331,0.85547,0.85322,0.85515,18862717000.0,2024-03-29 11:29:43.136,2024-03-29 08:05:17.202
2024-03-29 12:00:00,0.85514,0.85537,0.85354,0.85407,22564900000.0,2024-03-29 12:30:38.004,2024-03-29 15:30:29.473
2024-03-29 16:00:00,0.85406,0.85517,0.85402,0.85487,19528984000.0,2024-03-29 19:21:29.180,2024-03-29 16:04:33.842
2024-03-29 20:00:00,0.85489,0.85518,0.85403,0.85465,398397000.0,2024-03-29 20:12:21.630,2024-03-29 20:30:45.566
2024-03-31 20:00:00,0.85458,0.85458,0.85238,0.85403,2990531000.0,2024-03-31 21:05:00.006,2024-03-31 21:06:44.551
2024-04-01 00:00:00,0.85404,0.85433,0.85389,0.85403,9733672000.0,2024-04-01 01:41:18.845,2024-04-01 03:14:40.913
2024-04-01 04:00:00,0.85401,0.85467,0.85394,0.85462,4201852000.0,2024-04-01 07:57:59.185,2024-04-01 04:25:19.775
2024-04-01 08:00:00,0.85461,0.85515,0.85453,0.85487,5798674000.0,2024-04-01 11:34:09.810,2024-04-01 08:00:49.742
2024-04-01 12:00:00,0.85489,0.85579,0.8544,0.85567,27076943000.0,2024-04-01 15:52:10.774,2024-04-01 14:00:01.866
2024-04-01 16:00:00,0.85568,0.85633,0.85554,0.85604,7853154000.0,2024-04-01 17:22:56.946,2024-04-01 16:05:34.895
2024-04-01 20:00:00,0.85605,0.85615,0.8545,0.8558,3230553000.0,2024-04-01 20:01:50.037,2024-04-01 21:05:00.370
2024-04-02 00:00:00,0.85579,0.85582,0.85548,0.85553,8317997000.0,2024-04-02 00:00:15.538,2024-04-02 01:49:10.181
2024-04-02 04:00:00,0.85554,0.85574,0.85443,0.85557,14847275000.0,2024-04-02 07:55:45.992,2024-04-02 07:02:29.378
2024-04-02 08:00:00,0.85558,0.85558,0.85404,0.85506,26083635000.0,2024-04-02 08:00:00.013,2024-04-02 08:47:13.549
2024-04-02 12:00:00,0.85505,0.85749,0.85497,0.85645,38432521200.0,2024-04-02 14:23:23.222,2024-04-02 12:00:30.143
2024-04-02 16:00:00,0.85644,0.85665,0.85596,0.85615,14351660000.0,2024-04-02 17:20:03.156,2024-04-02 19:50:17.413
2024-04-02 20:00:00,0.85614,0.85648,0.85581,0.85621,1868153000.0,2024-04-02 21:51:19.074,2024-04-02 21:04:01.003
2024-04-03 00:00:00,0.85622,0.85698,0.85619,0.85672,5338152000.0,2024-04-03 03:10:04.361,2024-04-03 00:02:18.078
2024-04-03 04:00:00,0.85673,0.85723,0.85631,0.85709,10040017000.0,2024-04-03 07:51:35.776,2024-04-03 07:08:41.593
2024-04-03 08:00:00,0.8571,0.8574,0.85567,0.85735,14776318000.0,2024-04-03 11:59:34.689,2024-04-03 09:24:54.701
2024-04-03 12:00:00,0.85736,0.85822,0.85692,0.857,32933344600.0,2024-04-03 14:00:41.676,2024-04-03 15:50:16.344
2024-04-03 16:00:00,0.85701,0.85714,0.85616,0.85644,15305945000.0,2024-04-03 16:11:27.544,2024-04-03 18:38:10.360
2024-04-03 20:00:00,0.85643,0.85666,0.85599,0.85666,7045423000.0,2024-04-03 23:59:49.856,2024-04-03 21:04:01.005
2024-04-04 00:00:00,0.85664,0.85722,0.85656,0.8569,6402371000.0,2024-04-04 02:47:12.035,2024-04-04 00:00:18.170
2024-04-04 04:00:00,0.85689,0.85744,0.85644,0.8574,16778637000.0,2024-04-04 07:59:04.514,2024-04-04 06:44:42.252
2024-04-04 08:00:00,0.85737,0.85804,0.8571,0.85788,18729160000.0,2024-04-04 11:57:39.121,2024-04-04 08:08:54.192
2024-04-04 12:00:00,0.85789,0.85805,0.85737,0.85776,19344110000.0,2024-04-04 13:01:31.995,2024-04-04 13:36:00.537
2024-04-04 16:00:00,0.85775,0.8578,0.85715,0.85721,15243148000.0,2024-04-04 16:00:24.426,2024-04-04 19:59:04.138
2024-04-04 20:00:00,0.8572,0.85742,0.85681,0.85732,4417537000.0,2024-04-04 23:16:26.619,2024-04-04 21:08:38.006
2024-04-05 00:00:00,0.85734,0.85762,0.85712,0.85748,6723478000.0,2024-04-05 03:23:30.487,2024-04-05 00:15:26.382
2024-04-05 04:00:00,0.85749,0.85855,0.85738,0.85837,16065639000.0,2024-04-05 07:34:42.374,2024-04-05 05:02:36.582
2024-04-05 08:00:00,0.85838,0.85853,0.85743,0.8577,12681267000.0,2024-04-05 08:18:00.450,2024-04-05 09:09:07.917
2024-04-05 12:00:00,0.85771,0.85862,0.85715,0.85824,46472215000.0,2024-04-05 12:41:14.772,2024-04-05 12:30:02.488
2024-04-05 16:00:00,0.85822,0.85843,0.85732,0.85756,12672858000.0,2024-04-05 16:06:45.887,2024-04-05 18:00:23.684
2024-04-05 20:00:00,0.85754,0.8577,0.85743,0.8575,1232471000.0,2024-04-05 20:14:11.207,2024-04-05 20:51:48.902
2024-04-07 20:00:00,0.8569,0.85798,0.8569,0.85784,2028712000.0,2024-04-07 23:11:08.749,2024-04-07 21:05:00.006
2024-04-08 00:00:00,0.85785,0.85825,0.85767,0.8577,9582128000.0,2024-04-08 01:05:30.541,2024-04-08 03:50:03.751
2024-04-08 04:00:00,0.85771,0.85814,0.8574,0.85783,12490210000.0,2024-04-08 07:09:26.151,2024-04-08 06:43:36.178
2024-04-08 08:00:00,0.85784,0.85794,0.85735,0.8577,16985272000.0,2024-04-08 08:38:20.680,2024-04-08 10:33:37.576
2024-04-08 12:00:00,0.85769,0.85843,0.85744,0.85767,24600095000.0,2024-04-08 15:10:14.789,2024-04-08 15:49:02.842
2024-04-08 16:00:00,0.85766,0.85804,0.8575,0.85789,16080349000.0,2024-04-08 16:39:14.671,2024-04-08 17:32:54.197
2024-04-08 20:00:00,0.85788,0.85819,0.85775,0.8581,4546063000.0,2024-04-08 21:26:52.436,2024-04-08 21:30:02.694
2024-04-09 00:00:00,0.85812,0.85819,0.85771,0.8578,4185380000.0,2024-04-09 00:01:43.651,2024-04-09 03:06:30.740
2024-04-09 04:00:00,0.85779,0.85821,0.85751,0.85768,7071666000.0,2024-04-09 07:37:55.633,2024-04-09 06:54:02.198
2024-04-09 08:00:00,0.85767,0.85806,0.85648,0.85653,17976617000.0,2024-04-09 08:27:56.687,2024-04-09 10:13:17.190
2024-04-09 12:00:00,0.85652,0.85705,0.85609,0.85662,33932534000.0,2024-04-09 12:59:13.974,2024-04-09 14:49:46.253
2024-04-09 16:00:00,0.85661,0.85694,0.85643,0.85648,16137565000.0,2024-04-09 16:33:58.889,2024-04-09 19:59:23.425
2024-04-09 20:00:00,0.85649,0.85661,0.85612,0.85653,2726857000.0,2024-04-09 23:04:08.256,2024-04-09 21:07:49.316
2024-04-10 00:00:00,0.85654,0.8566,0.85606,0.85615,4693202000.0,2024-04-10 01:02:00.652,2024-04-10 03:04:56.771
2024-04-10 04:00:00,0.85614,0.8562,0.85544,0.85549,10412020000.0,2024-04-10 05:50:19.561,2024-04-10 07:59:26.664
2024-04-10 08:00:00,0.85547,0.8559,0.85508,0.85513,12461860000.0,2024-04-10 08:51:06.846,2024-04-10 11:55:46.052
2024-04-10 12:00:00,0.85514,0.85641,0.85466,0.85602,52603214000.0,2024-04-10 15:55:11.892,2024-04-10 12:30:44.483
2024-04-10 16:00:00,0.85601,0.85706,0.85592,0.85664,22608555000.0,2024-04-10 18:59:13.969,2024-04-10 16:00:19.068
2024-04-10 20:00:00,0.85662,0.85695,0.85647,0.85676,4325404000.0,2024-04-10 23:21:54.361,2024-04-10 21:34:09.239
2024-04-11 00:00:00,0.85675,0.85694,0.85644,0.85645,7416515000.0,2024-04-11 00:09:35.020,2024-04-11 03:57:31.759
2024-04-11 04:00:00,0.85644,0.85654,0.85516,0.85526,12620141000.0,2024-04-11 04:05:52.832,2024-04-11 07:58:20.501
2024-04-11 08:00:00,0.85525,0.85616,0.85497,0.85558,18505489000.0,2024-04-11 10:38:14.264,2024-04-11 08:03:32.753
2024-04-11 12:00:00,0.85557,0.85567,0.85427,0.8553,46036716000.0,2024-04-11 14:06:22.297,2024-04-11 13:14:05.821
2024-04-11 16:00:00,0.85529,0.85536,0.85418,0.8542,16942936000.0,2024-04-11 16:00:52.436,2024-04-11 19:50:36.180
2024-04-11 20:00:00,0.85421,0.8545,0.8542,0.85433,1887818000.0,2024-04-11 21:13:23.175,2024-04-11 20:00:11.104
2024-04-12 00:00:00,0.85434,0.85449,0.85405,0.85427,4984194000.0,2024-04-12 00:03:42.286,2024-04-12 01:59:55.399
2024-04-12 04:00:00,0.85426,0.85447,0.85322,0.85338,17886246000.0,2024-04-12 04:55:26.988,2024-04-12 06:44:14.501
2024-04-12 08:00:00,0.85337,0.85451,0.85282,0.85401,27784947000.0,2024-04-12 11:27:01.510,2024-04-12 09:23:47.663
2024-04-12 12:00:00,0.854,0.85517,0.85336,0.85473,51519621000.0,2024-04-12 14:55:33.270,2024-04-12 12:42:34.061
2024-04-12 16:00:00,0.85471,0.85498,0.85451,0.85469,16699043000.0,2024-04-12 19:01:00.770,2024-04-12 18:22:28.742
2024-04-12 20:00:00,0.85468,0.85497,0.85457,0.85465,1937021000.0,2024-04-12 20:29:24.195,2024-04-12 20:53:56.766
2024-04-14 20:00:00,0.85315,0.85475,0.85315,0.85443,4078460000.0,2024-04-14 23:07:04.224,2024-04-14 21:05:00.005
2024-04-15 00:00:00,0.85442,0.85526,0.85438,0.8548,10160422000.0,2024-04-15 01:21:09.215,2024-04-15 00:00:01.402
2024-04-15 04:00:00,0.85481,0.8551,0.85407,0.8543,15969525000.0,2024-04-15 06:10:40.518,2024-04-15 06:49:46.649
2024-04-15 08:00:00,0.85428,0.85428,0.85293,0.85386,27547867000.0,2024-04-15 08:00:00.096,2024-04-15 10:48:48.235
2024-04-15 12:00:00,0.85388,0.85414,0.8527,0.8539,38500671000.0,2024-04-15 12:05:21.701,2024-04-15 13:50:31.235
2024-04-15 16:00:00,0.85391,0.85416,0.85347,0.85363,14638537000.0,2024-04-15 18:26:05.687,2024-04-15 16:35:05.937
2024-04-15 20:00:00,0.85364,0.85375,0.85339,0.85363,2551735000.0,2024-04-15 23:10:18.606,2024-04-15 21:04:01.004
2024-04-16 00:00:00,0.8536,0.85406,0.85351,0.85381,22655280000.0,2024-04-16 02:29:30.807,2024-04-16 00:04:57.482
2024-04-16 04:00:00,0.8538,0.85446,0.853,0.85365,23834845000.0,2024-04-16 06:08:09.081,2024-04-16 06:00:08.650
2024-04-16 08:00:00,0.85364,0.85457,0.85278,0.85425,23007804000.0,2024-04-16 11:51:36.751,2024-04-16 08:34:29.393
2024-04-16 12:00:00,0.85424,0.85481,0.85333,0.85466,43633098000.0,2024-04-16 15:15:38.938,2024-04-16 13:30:43.990
2024-04-16 16:00:00,0.85467,0.85499,0.85397,0.8544,27689808000.0,2024-04-16 16:12:21.740,2024-04-16 18:13:01.560
2024-04-16 20:00:00,0.85439,0.85459,0.85373,0.85441,4538879500.0,2024-04-16 20:56:40.602,2024-04-16 21:06:30.404
2024-04-17 00:00:00,0.8544,0.85511,0.85439,0.85495,8693749000.0,2024-04-17 03:19:16.956,2024-04-17 00:00:11.733
2024-04-17 04:00:00,0.85494,0.85512,0.85209,0.85309,24011723000.0,2024-04-17 04:11:27.006,2024-04-17 06:45:12.226
2024-04-17 08:00:00,0.85308,0.85446,0.85288,0.85376,31597669000.0,2024-04-17 11:14:26.516,2024-04-17 08:02:11.149
2024-04-17 12:00:00,0.85377,0.85555,0.85361,0.85542,27699739000.0,2024-04-17 15:59:26.580,2024-04-17 14:41:23.949
2024-04-17 16:00:00,0.85543,0.85719,0.85533,0.85692,18826808000.0,2024-04-17 17:48:09.576,2024-04-17 16:00:10.204
2024-04-17 20:00:00,0.85691,0.85699,0.85636,0.85674,2225370000.0,2024-04-17 22:00:24.731,2024-04-17 21:10:27.516
2024-04-18 00:00:00,0.85673,0.8568,0.85627,0.85645,7855291000.0,2024-04-18 01:04:51.242,2024-04-18 02:19:42.777
2024-04-18 04:00:00,0.85646,0.8571,0.85615,0.85632,12945699000.0,2024-04-18 07:28:09.676,2024-04-18 04:59:40.163
2024-04-18 08:00:00,0.85631,0.85641,0.85537,0.85608,13421320000.0,2024-04-18 08:05:29.788,2024-04-18 11:20:46.194
2024-04-18 12:00:00,0.85607,0.85654,0.85509,0.85529,23957382000.0,2024-04-18 12:33:23.268,2024-04-18 15:55:50.150
2024-04-18 16:00:00,0.8553,0.85608,0.85511,0.85573,17100781000.0,2024-04-18 17:26:55.332,2024-04-18 16:05:37.706
2024-04-18 20:00:00,0.85572,0.85592,0.85528,0.85583,3303329000.0,2024-04-18 20:16:05.260,2024-04-18 21:04:01.003
2024-04-19 00:00:00,0.85582,0.85679,0.85563,0.85659,17967750000.0,2024-04-19 02:33:03.677,2024-04-19 01:36:33.081
2024-04-19 04:00:00,0.85658,0.85695,0.85584,0.85588,21453081000.0,2024-04-19 06:05:16.211,2024-04-19 07:52:13.764
2024-04-19 08:00:00,0.85589,0.85654,0.85547,0.85621,23782563000.0,2024-04-19 10:44:52.067,2024-04-19 08:49:20.427
2024-04-19 12:00:00,0.85619,0.85956,0.85579,0.85945,34204040000.0,2024-04-19 15:22:27.327,2024-04-19 14:08:37.039
2024-04-19 16:00:00,0.85946,0.8612,0.85938,0.86117,16147751000.0,2024-04-19 19:59:21.182,2024-04-19 16:12:41.457
2024-04-19 20:00:00,0.86116,0.86153,0.86104,0.86135,1676852000.0,2024-04-19 20:39:43.856,2024-04-19 20:00:58.707
2024-04-21 20:00:00,0.85975,0.86156,0.85975,0.86116,2378591000.0,2024-04-21 22:56:10.089,2024-04-21 21:05:00.006
2024-04-22 00:00:00,0.86117,0.86129,0.86086,0.86107,7448227000.0,2024-04-22 01:29:47.411,2024-04-22 01:06:23.386
2024-04-22 04:00:00,0.86105,0.86253,0.86087,0.86174,10401753000.0,2024-04-22 07:40:30.377,2024-04-22 04:13:32.427
2024-04-22 08:00:00,0.86173,0.86429,0.86132,0.86357,19768741000.0,2024-04-22 11:08:33.666,2024-04-22 08:16:07.561
2024-04-22 12:00:00,0.86356,0.86439,0.86267,0.86286,23961183000.0,2024-04-22 13:05:19.536,2024-04-22 15:35:11.098
2024-04-22 16:00:00,0.86284,0.8629,0.86217,0.86228,13400873000.0,2024-04-22 16:01:00.848,2024-04-22 19:47:24.551
2024-04-22 20:00:00,0.86227,0.86273,0.86224,0.86265,2923159000.0,2024-04-22 23:54:02.762,2024-04-22 20:13:00.808
2024-04-23 00:00:00,0.86266,0.86288,0.86253,0.86263,3313853000.0,2024-04-23 02:12:15.545,2024-04-23 01:49:42.327
2024-04-23 04:00:00,0.86262,0.86444,0.86221,0.86361,12239413000.0,2024-04-23 07:33:15.054,2024-04-23 06:44:03.195
2024-04-23 08:00:00,0.86355,0.86398,0.86075,0.8608,19627732000.0,2024-04-23 08:18:14.691,2024-04-23 11:59:54.039
2024-04-23 12:00:00,0.86079,0.86139,0.85944,0.86025,42349679000.0,2024-04-23 12:42:55.749,2024-04-23 14:27:28.597
2024-04-23 16:00:00,0.86026,0.8603,0.8593,0.85966,9490875000.0,2024-04-23 16:00:27.751,2024-04-23 18:23:01.556
2024-04-23 20:00:00,0.85967,0.85975,0.85896,0.85931,2378365000.0,2024-04-23 20:41:00.407,2024-04-23 21:08:39.836
2024-04-24 00:00:00,0.85932,0.85975,0.85928,0.8595,7081126000.0,2024-04-24 00:24:09.479,2024-04-24 00:00:43.261
2024-04-24 04:00:00,0.85951,0.85996,0.85917,0.85979,13150644000.0,2024-04-24 06:29:08.961,2024-04-24 06:00:55.018
2024-04-24 08:00:00,0.85982,0.86002,0.85908,0.85955,12841092000.0,2024-04-24 08:00:18.114,2024-04-24 11:29:04.364
2024-04-24 12:00:00,0.85956,0.85994,0.85878,0.85957,26524238000.0,2024-04-24 14:34:01.000,2024-04-24 13:22:43.452
2024-04-24 16:00:00,0.85959,0.85964,0.85842,0.85854,17899264000.0,2024-04-24 16:17:27.149,2024-04-24 19:08:35.684
2024-04-24 20:00:00,0.85853,0.8588,0.85823,0.85876,2508121000.0,2024-04-24 23:58:35.556,2024-04-24 21:04:01.008
2024-04-25 00:00:00,0.85878,0.85919,0.85861,0.85895,7061723000.0,2024-04-25 01:58:35.491,2024-04-25 00:30:22.366
2024-04-25 04:00:00,0.85894,0.85911,0.85707,0.85724,18523101000.0,2024-04-25 04:49:06.614,2024-04-25 07:58:26.710
2024-04-25 08:00:00,0.85723,0.85753,0.85644,0.85675,14610711000.0,2024-04-25 11:24:57.960,2024-04-25 09:01:52.094
2024-04-25 12:00:00,0.85674,0.85842,0.8566,0.85813,45597460000.0,2024-04-25 14:03:48.728,2024-04-25 12:05:06.799
2024-04-25 16:00:00,0.85812,0.85825,0.8572,0.85741,13809902000.0,2024-04-25 16:01:53.218,2024-04-25 19:44:44.314
2024-04-25 20:00:00,0.8574,0.85766,0.85687,0.8576,3666546000.0,2024-04-25 20:20:17.680,2024-04-25 21:04:01.004
2024-04-26 00:00:00,0.85761,0.85794,0.85754,0.85784,5769837000.0,2024-04-26 00:26:10.622,2024-04-26 00:10:09.878
2024-04-26 04:00:00,0.85783,0.85837,0.85745,0.85797,14620446000.0,2024-04-26 07:10:42.563,2024-04-26 05:54:10.255
2024-04-26 08:00:00,0.858,0.85832,0.85638,0.85649,23879408000.0,2024-04-26 08:02:38.360,2024-04-26 11:59:05.429
2024-04-26 12:00:00,0.85646,0.85747,0.85608,0.85679,54996226000.0,2024-04-26 15:11:44.958,2024-04-26 12:30:17.397
2024-04-26 16:00:00,0.8568,0.85681,0.85593,0.85614,11447641000.0,2024-04-26 16:00:00.893,2024-04-26 18:11:53.513
2024-04-26 20:00:00,0.85612,0.85617,0.85575,0.85598,1916530000.0,2024-04-26 20:11:06.365,2024-04-26 20:37:32.116
2024-04-28 20:00:00,0.85429,0.85629,0.85429,0.85587,1368746000.0,2024-04-28 21:21:08.148,2024-04-28 21:05:00.006
2024-04-29 00:00:00,0.85588,0.856,0.8555,0.85573,6602171000.0,2024-04-29 00:28:13.701,2024-04-29 02:31:44.773
2024-04-29 04:00:00,0.85574,0.85609,0.85503,0.85533,26378505000.0,2024-04-29 07:18:59.052,2024-04-29 05:32:25.318
2024-04-29 08:00:00,0.85532,0.85565,0.8547,0.85495,18215881000.0,2024-04-29 08:05:34.128,2024-04-29 11:48:25.596
2024-04-29 12:00:00,0.85494,0.85511,0.85367,0.85384,23206560000.0,2024-04-29 12:25:37.290,2024-04-29 15:23:57.644
2024-04-29 16:00:00,0.85382,0.85389,0.85326,0.85348,12724403000.0,2024-04-29 17:01:42.786,2024-04-29 16:28:02.029
2024-04-29 20:00:00,0.85347,0.85352,0.85308,0.85311,2622057400.0,2024-04-29 20:26:40.597,2024-04-29 23:59:21.928
2024-04-30 00:00:00,0.85312,0.85357,0.85305,0.85328,4869253000.0,2024-04-30 01:08:46.064,2024-04-30 02:34:54.275
2024-04-30 04:00:00,0.85327,0.85437,0.85322,0.85352,10951755000.0,2024-04-30 07:07:11.774,2024-04-30 04:02:29.945
2024-04-30 08:00:00,0.85341,0.85549,0.85338,0.85482,14806030000.0,2024-04-30 10:43:56.875,2024-04-30 08:26:30.607
2024-04-30 12:00:00,0.85481,0.85542,0.85345,0.85389,48296756000.0,2024-04-30 12:39:31.473,2024-04-30 14:57:27.619
2024-04-30 16:00:00,0.85388,0.85426,0.85368,0.85406,17966455000.0,2024-04-30 19:25:09.909,2024-04-30 16:14:06.258
2024-04-30 20:00:00,0.85405,0.85412,0.85326,0.85402,4694317000.0,2024-04-30 20:31:03.146,2024-04-30 21:05:01.013
2024-05-01 00:00:00,0.85401,0.85437,0.85371,0.85431,4013862000.0,2024-05-01 03:53:29.547,2024-05-01 00:55:26.688
2024-05-01 04:00:00,0.8543,0.85434,0.85376,0.85391,5822560000.0,2024-05-01 06:09:53.779,2024-05-01 07:33:11.152
2024-05-01 08:00:00,0.85392,0.85529,0.85363,0.85475,11910545000.0,2024-05-01 11:37:31.444,2024-05-01 08:56:45.412
2024-05-01 12:00:00,0.85476,0.85582,0.85474,0.85518,31779467600.0,2024-05-01 14:11:33.862,2024-05-01 12:00:04.286
2024-05-01 16:00:00,0.85517,0.85562,0.8545,0.85559,35900908000.0,2024-05-01 19:59:50.069,2024-05-01 18:00:01.699
2024-05-01 20:00:00,0.85558,0.85576,0.85471,0.85488,7819631000.0,2024-05-01 20:04:25.649,2024-05-01 23:56:20.702
2024-05-02 00:00:00,0.85487,0.8552,0.85463,0.8551,4921220000.0,2024-05-02 01:51:02.361,2024-05-02 00:02:36.866
2024-05-02 04:00:00,0.85509,0.85609,0.85482,0.85531,13445065000.0,2024-05-02 06:55:34.953,2024-05-02 05:43:18.287
2024-05-02 08:00:00,0.85534,0.85571,0.85466,0.85519,20404840000.0,2024-05-02 08:28:29.728,2024-05-02 09:17:17.403
2024-05-02 12:00:00,0.85518,0.85649,0.85473,0.85595,34676892000.0,2024-05-02 15:35:55.293,2024-05-02 12:45:43.942
2024-05-02 16:00:00,0.85597,0.85642,0.85551,0.85568,17697064000.0,2024-05-02 16:50:01.808,2024-05-02 19:25:37.053
2024-05-02 20:00:00,0.85569,0.85573,0.85531,0.85568,3032281000.0,2024-05-02 22:00:16.814,2024-05-02 21:53:53.368
2024-05-03 00:00:00,0.85567,0.85588,0.85511,0.85522,5192462000.0,2024-05-03 00:26:18.875,2024-05-03 02:09:21.366
2024-05-03 04:00:00,0.85523,0.85564,0.85513,0.85548,10444286000.0,2024-05-03 06:33:49.886,2024-05-03 07:37:36.448
2024-05-03 08:00:00,0.85549,0.85619,0.85509,0.8559,22703271000.0,2024-05-03 11:28:31.043,2024-05-03 09:37:23.715
2024-05-03 12:00:00,0.85591,0.85863,0.85474,0.85827,58767324000.0,2024-05-03 15:22:29.301,2024-05-03 12:30:01.677
2024-05-03 16:00:00,0.85826,0.85857,0.85772,0.85779,9059947000.0,2024-05-03 16:06:36.153,2024-05-03 17:28:21.950
2024-05-03 20:00:00,0.8578,0.85791,0.85767,0.85782,530812000.0,2024-05-03 20:29:20.580,2024-05-03 20:51:56.532
2024-05-05 20:00:00,0.8566,0.85787,0.8564,0.85782,1778804000.0,2024-05-05 23:54:30.658,2024-05-05 21:05:01.025
2024-05-06 00:00:00,0.85783,0.85814,0.85764,0.85792,12443440000.0,2024-05-06 02:14:15.891,2024-05-06 00:11:52.327
2024-05-06 04:00:00,0.85793,0.85805,0.8561,0.85623,8386600000.0,2024-05-06 04:21:15.464,2024-05-06 07:58:47.439
2024-05-06 08:00:00,0.85625,0.85675,0.85567,0.85654,12694826000.0,2024-05-06 08:25:38.466,2024-05-06 09:09:34.849
2024-05-06 12:00:00,0.85653,0.85733,0.85652,0.85726,14755578000.0,2024-05-06 15:54:35.147,2024-05-06 12:00:02.748
2024-05-06 16:00:00,0.85727,0.85772,0.85714,0.85722,5515146000.0,2024-05-06 16:34:49.988,2024-05-06 18:19:00.081
2024-05-06 20:00:00,0.85721,0.85736,0.85652,0.85727,1702196000.0,2024-05-06 23:34:04.993,2024-05-06 21:06:12.754
2024-05-07 00:00:00,0.85725,0.85755,0.85715,0.85755,6364356000.0,2024-05-07 03:59:58.084,2024-05-07 01:40:33.349
2024-05-07 04:00:00,0.85756,0.85879,0.85747,0.85858,9204701000.0,2024-05-07 07:45:39.491,2024-05-07 04:36:48.476
2024-05-07 08:00:00,0.85856,0.8588,0.85762,0.85827,14742810000.0,2024-05-07 10:11:16.115,2024-05-07 09:42:50.729
2024-05-07 12:00:00,0.85826,0.85942,0.85799,0.85908,23262319000.0,2024-05-07 15:55:01.688,2024-05-07 12:10:12.990
2024-05-07 16:00:00,0.85906,0.8599,0.85905,0.85986,9046556000.0,2024-05-07 19:59:02.271,2024-05-07 16:00:01.739
2024-05-07 20:00:00,0.85988,0.85997,0.85892,0.85983,2366573000.0,2024-05-07 23:45:26.650,2024-05-07 21:14:44.336
2024-05-08 00:00:00,0.85984,0.86021,0.85978,0.86018,6048817000.0,2024-05-08 03:59:24.082,2024-05-08 01:34:50.736
2024-05-08 04:00:00,0.86019,0.861,0.86002,0.86095,8587306000.0,2024-05-08 07:57:35.644,2024-05-08 04:54:01.791
2024-05-08 08:00:00,0.86094,0.86137,0.86006,0.86077,15553074000.0,2024-05-08 09:10:31.139,2024-05-08 11:08:56.983
2024-05-08 12:00:00,0.86076,0.86178,0.86001,0.86019,24326738000.0,2024-05-08 13:51:58.787,2024-05-08 15:49:57.353
2024-05-08 16:00:00,0.86018,0.86042,0.8596,0.85984,5144955000.0,2024-05-08 16:21:38.967,2024-05-08 17:12:51.870
2024-05-08 20:00:00,0.85983,0.8602,0.85966,0.86016,2021576000.0,2024-05-08 23:41:43.859,2024-05-08 21:06:55.964
2024-05-09 00:00:00,0.86017,0.86029,0.85993,0.86001,7793395000.0,2024-05-09 00:15:59.349,2024-05-09 03:22:48.622
2024-05-09 04:00:00,0.86002,0.86059,0.86002,0.86031,8819721000.0,2024-05-09 06:14:57.597,2024-05-09 04:00:00.037
2024-05-09 08:00:00,0.8603,0.86203,0.85908,0.86024,27158297000.0,2024-05-09 11:01:09.407,2024-05-09 10:22:59.768
2024-05-09 12:00:00,0.86023,0.86172,0.85966,0.86136,32338287000.0,2024-05-09 14:12:59.004,2024-05-09 12:07:56.422
2024-05-09 16:00:00,0.86137,0.86141,0.8607,0.86099,9665127000.0,2024-05-09 16:10:14.419,2024-05-09 17:17:50.894
2024-05-09 20:00:00,0.86098,0.861,0.86055,0.86082,1976976000.0,2024-05-09 20:16:47.955,2024-05-09 21:07:52.417
2024-05-10 00:00:00,0.86081,0.86103,0.8607,0.86087,5157745000.0,2024-05-10 02:05:35.631,2024-05-10 02:58:17.653
2024-05-10 04:00:00,0.86088,0.86094,0.85928,0.86038,9465135000.0,2024-05-10 04:36:53.807,2024-05-10 06:00:01.332
2024-05-10 08:00:00,0.86039,0.86062,0.85998,0.86038,18998234000.0,2024-05-10 11:58:08.774,2024-05-10 10:52:27.650
2024-05-10 12:00:00,0.86041,0.86083,0.85993,0.85995,21501966000.0,2024-05-10 15:16:30.291,2024-05-10 12:55:45.853
2024-05-10 16:00:00,0.85994,0.86008,0.85958,0.85984,7384749000.0,2024-05-10 16:05:19.348,2024-05-10 16:19:39.006
2024-05-10 20:00:00,0.85985,0.8599,0.85958,0.85986,1078727000.0,2024-05-10 20:54:06.192,2024-05-10 20:16:30.560
2024-05-12 20:00:00,0.85958,0.86017,0.85939,0.86008,1641946000.0,2024-05-12 22:00:17.212,2024-05-12 21:10:01.571
2024-05-13 00:00:00,0.86009,0.86025,0.85984,0.85985,4498659000.0,2024-05-13 01:41:07.526,2024-05-13 03:55:16.030
2024-05-13 04:00:00,0.85984,0.86067,0.85953,0.86041,9572274000.0,2024-05-13 07:37:54.719,2024-05-13 06:26:02.731
2024-05-13 08:00:00,0.86042,0.86086,0.85958,0.85996,13326170000.0,2024-05-13 10:06:56.409,2024-05-13 11:41:19.504
2024-05-13 12:00:00,0.85995,0.86045,0.85945,0.85945,19711452000.0,2024-05-13 12:16:14.812,2024-05-13 15:59:58.808
2024-05-13 16:00:00,0.85947,0.85953,0.85909,0.85931,8181735000.0,2024-05-13 16:03:40.956,2024-05-13 17:02:16.539
2024-05-13 20:00:00,0.85932,0.85939,0.85876,0.85922,1775300000.0,2024-05-13 20:22:54.571,2024-05-13 21:05:04.421
2024-05-14 00:00:00,0.8592,0.85926,0.85887,0.85893,3252635000.0,2024-05-14 00:29:25.619,2024-05-14 03:49:52.529
2024-05-14 04:00:00,0.85894,0.85979,0.85867,0.85935,8142859000.0,2024-05-14 07:25:24.055,2024-05-14 06:04:25.567
2024-05-14 08:00:00,0.85933,0.8614,0.85925,0.8598,21183031000.0,2024-05-14 08:29:12.647,2024-05-14 08:02:12.542
2024-05-14 12:00:00,0.85981,0.86069,0.85928,0.85937,36123953000.0,2024-05-14 13:00:45.291,2024-05-14 15:45:01.017
2024-05-14 16:00:00,0.85936,0.8598,0.8593,0.85939,7924770000.0,2024-05-14 17:43:20.926,2024-05-14 16:09:00.512
2024-05-14 20:00:00,0.8594,0.85941,0.85899,0.8593,2194000000.0,2024-05-14 20:00:00.621,2024-05-14 21:05:55.622
2024-05-15 00:00:00,0.85929,0.85956,0.85914,0.85931,4014927000.0,2024-05-15 02:41:51.891,2024-05-15 00:36:09.794
2024-05-15 04:00:00,0.8593,0.85997,0.85923,0.85956,10226801000.0,2024-05-15 06:58:23.122,2024-05-15 04:29:22.708
2024-05-15 08:00:00,0.85957,0.85963,0.85758,0.85853,20382968000.0,2024-05-15 08:13:26.387,2024-05-15 09:58:33.580
2024-05-15 12:00:00,0.85852,0.85918,0.85697,0.85807,30778260000.0,2024-05-15 12:40:02.959,2024-05-15 12:30:01.664
2024-05-15 16:00:00,0.85806,0.85821,0.8576,0.85801,11717826000.0,2024-05-15 16:00:59.548,2024-05-15 16:40:27.112
2024-05-15 20:00:00,0.85802,0.85824,0.85735,0.85809,2529882000.0,2024-05-15 23:02:26.858,2024-05-15 21:11:46.191
2024-05-16 00:00:00,0.85808,0.85821,0.85772,0.85782,6353949000.0,2024-05-16 00:05:07.882,2024-05-16 00:59:19.704
2024-05-16 04:00:00,0.85781,0.85816,0.85747,0.85759,8394596000.0,2024-05-16 06:31:19.080,2024-05-16 07:57:38.003
2024-05-16 08:00:00,0.8576,0.85862,0.85744,0.85858,21538947000.0,2024-05-16 11:57:53.183,2024-05-16 08:25:56.326
2024-05-16 12:00:00,0.85854,0.85874,0.85766,0.85768,19356077000.0,2024-05-16 13:07:36.354,2024-05-16 15:53:32.222
2024-05-16 16:00:00,0.85767,0.85801,0.85751,0.85774,6294285000.0,2024-05-16 17:04:34.816,2024-05-16 18:51:33.359
2024-05-16 20:00:00,0.85773,0.85783,0.85753,0.85763,1191504000.0,2024-05-16 21:09:00.059,2024-05-16 21:26:54.322
2024-05-17 00:00:00,0.85764,0.85801,0.85754,0.85787,5619559000.0,2024-05-17 01:17:44.604,2024-05-17 00:20:19.278
2024-05-17 04:00:00,0.85785,0.85801,0.85758,0.85793,9370613000.0,2024-05-17 06:07:43.731,2024-05-17 07:45:15.540
2024-05-17 08:00:00,0.85794,0.85795,0.85655,0.85689,13139526000.0,2024-05-17 08:00:08.086,2024-05-17 10:54:23.290
2024-05-17 12:00:00,0.8569,0.85694,0.85549,0.8557,20136646000.0,2024-05-17 12:20:30.166,2024-05-17 15:28:46.273
2024-05-17 16:00:00,0.85568,0.85598,0.85543,0.85565,8748416000.0,2024-05-17 18:26:13.160,2024-05-17 17:18:35.382
2024-05-17 20:00:00,0.85563,0.8559,0.85556,0.85582,864869000.0,2024-05-17 20:53:57.230,2024-05-17 20:25:16.948
2024-05-19 20:00:00,0.8557,0.85597,0.85558,0.85566,1322800000.0,2024-05-19 22:02:28.478,2024-05-19 23:43:55.562
2024-05-20 00:00:00,0.85567,0.85625,0.85567,0.85619,5444591000.0,2024-05-20 03:23:58.887,2024-05-20 00:00:01.220
2024-05-20 04:00:00,0.8562,0.85676,0.85606,0.85652,9297866000.0,2024-05-20 06:30:44.983,2024-05-20 04:29:38.348
2024-05-20 08:00:00,0.85649,0.85663,0.85529,0.85542,10793128000.0,2024-05-20 08:13:00.616,2024-05-20 11:47:10.857
2024-05-20 12:00:00,0.85543,0.85566,0.85471,0.85481,18626013000.0,2024-05-20 12:04:45.725,2024-05-20 15:58:14.737
2024-05-20 16:00:00,0.85482,0.85495,0.85413,0.85459,7458205000.0,2024-05-20 18:19:28.381,2024-05-20 17:08:56.974
2024-05-20 20:00:00,0.85458,0.85467,0.85413,0.85447,1700415000.0,2024-05-20 20:07:35.619,2024-05-20 21:04:01.003
2024-05-21 00:00:00,0.85446,0.85465,0.8543,0.85436,5971922000.0,2024-05-21 02:02:19.611,2024-05-21 03:14:06.198
2024-05-21 04:00:00,0.85435,0.85462,0.85411,0.85459,13764521000.0,2024-05-21 07:58:40.036,2024-05-21 07:11:50.482
2024-05-21 08:00:00,0.8546,0.85509,0.85424,0.85439,10084652000.0,2024-05-21 09:29:15.796,2024-05-21 11:50:29.797
2024-05-21 12:00:00,0.8544,0.85468,0.85334,0.85408,26477289000.0,2024-05-21 13:02:32.849,2024-05-21 14:06:22.187
2024-05-21 16:00:00,0.85407,0.8543,0.85367,0.85388,7752057000.0,2024-05-21 16:01:59.218,2024-05-21 19:01:07.722
2024-05-21 20:00:00,0.85385,0.85425,0.8537,0.854,2778812000.0,2024-05-21 20:18:58.693,2024-05-21 21:04:01.003
2024-05-22 00:00:00,0.85399,0.8541,0.85377,0.85392,3252540000.0,2024-05-22 00:01:12.594,2024-05-22 02:25:06.452
2024-05-22 04:00:00,0.85391,0.85412,0.85122,0.85174,16252212000.0,2024-05-22 05:59:22.899,2024-05-22 06:50:55.444
2024-05-22 08:00:00,0.85173,0.85253,0.85148,0.8519,13850158000.0,2024-05-22 08:27:22.420,2024-05-22 11:04:10.063
2024-05-22 12:00:00,0.85189,0.85197,0.85036,0.85089,26523513000.0,2024-05-22 12:00:17.306,2024-05-22 14:00:53.784
2024-05-22 16:00:00,0.85088,0.85121,0.85063,0.85092,10709056000.0,2024-05-22 18:03:13.371,2024-05-22 16:38:49.996
2024-05-22 20:00:00,0.85093,0.85112,0.85078,0.85098,1913439000.0,2024-05-22 20:04:10.546,2024-05-22 21:08:22.187
2024-05-23 00:00:00,0.85099,0.85116,0.85083,0.85085,3967328000.0,2024-05-23 00:05:12.536,2024-05-23 03:47:13.352
2024-05-23 04:00:00,0.85084,0.8511,0.84996,0.85105,12200908000.0,2024-05-23 07:59:40.163,2024-05-23 07:27:24.096
2024-05-23 08:00:00,0.85095,0.8527,0.85093,0.85164,26884626000.0,2024-05-23 09:22:32.059,2024-05-23 08:00:00.274
2024-05-23 12:00:00,0.85163,0.85262,0.85131,0.85134,32109271000.0,2024-05-23 13:45:00.822,2024-05-23 15:59:07.177
2024-05-23 16:00:00,0.85133,0.85175,0.85089,0.8516,17348379000.0,2024-05-23 19:01:16.248,2024-05-23 17:01:16.804
2024-05-23 20:00:00,0.85159,0.8518,0.8513,0.85176,2372292000.0,2024-05-23 23:38:14.640,2024-05-23 21:04:01.004
2024-05-24 00:00:00,0.85177,0.8518,0.8515,0.85167,5397686000.0,2024-05-24 01:16:20.690,2024-05-24 01:00:43.074
2024-05-24 04:00:00,0.85166,0.85272,0.85159,0.8524,10839105000.0,2024-05-24 06:00:05.209,2024-05-24 07:16:02.574
2024-05-24 08:00:00,0.85242,0.8525,0.8519,0.85243,12884893000.0,2024-05-24 11:59:17.860,2024-05-24 09:21:17.154
2024-05-24 12:00:00,0.85244,0.85319,0.85119,0.85147,24039516000.0,2024-05-24 12:56:14.661,2024-05-24 15:19:55.180
2024-05-24 16:00:00,0.85145,0.85192,0.85143,0.85161,5757735000.0,2024-05-24 17:00:40.781,2024-05-24 16:32:08.167
2024-05-24 20:00:00,0.8516,0.85174,0.85154,0.85166,245833000.0,2024-05-24 20:28:04.523,2024-05-24 20:01:47.673
2024-05-26 20:00:00,0.8508,0.85177,0.85077,0.85177,1041786000.0,2024-05-26 23:59:28.426,2024-05-26 21:05:30.111
2024-05-27 00:00:00,0.85176,0.85176,0.8514,0.85141,2900844000.0,2024-05-27 00:00:02.736,2024-05-27 03:58:38.310
2024-05-27 04:00:00,0.85142,0.85162,0.85116,0.85157,3646452000.0,2024-05-27 07:44:43.047,2024-05-27 07:27:01.190
2024-05-27 08:00:00,0.85154,0.852,0.85129,0.85142,6907970000.0,2024-05-27 09:57:40.461,2024-05-27 10:27:30.233
2024-05-27 12:00:00,0.8514,0.85152,0.84964,0.85023,10540505000.0,2024-05-27 12:00:11.351,2024-05-27 14:28:15.094
2024-05-27 16:00:00,0.85025,0.85065,0.85013,0.85031,3179976000.0,2024-05-27 17:20:44.301,2024-05-27 16:01:33.843
2024-05-27 20:00:00,0.85032,0.85046,0.84992,0.85037,2525890000.0,2024-05-27 20:27:34.347,2024-05-27 21:05:06.992
2024-05-28 00:00:00,0.85036,0.8511,0.85036,0.8511,5867840000.0,2024-05-28 03:52:21.421,2024-05-28 00:00:00.104
2024-05-28 04:00:00,0.85111,0.85166,0.85101,0.85155,9259085000.0,2024-05-28 06:59:56.772,2024-05-28 05:35:20.151
2024-05-28 08:00:00,0.85154,0.85175,0.85111,0.85125,12876584000.0,2024-05-28 08:35:42.607,2024-05-28 09:05:28.449
2024-05-28 12:00:00,0.85124,0.85127,0.84953,0.85088,21978730000.0,2024-05-28 12:00:01.028,2024-05-28 13:34:43.351
2024-05-28 16:00:00,0.85089,0.85148,0.85087,0.85093,13801323000.0,2024-05-28 17:50:54.500,2024-05-28 16:00:33.162
2024-05-28 20:00:00,0.85092,0.85101,0.85039,0.85052,6657423000.0,2024-05-28 20:04:24.971,2024-05-28 21:05:01.148
2024-05-29 00:00:00,0.85053,0.85092,0.85046,0.85068,7599858000.0,2024-05-29 03:27:33.341,2024-05-29 00:14:43.830
2024-05-29 04:00:00,0.85067,0.85076,0.85016,0.85021,9869432000.0,2024-05-29 04:11:05.764,2024-05-29 07:21:22.634
2024-05-29 08:00:00,0.85019,0.8511,0.84836,0.85093,17473979800.0,2024-05-29 11:58:31.605,2024-05-29 08:07:57.454
2024-05-29 12:00:00,0.85094,0.85166,0.85028,0.85043,31761316000.0,2024-05-29 12:22:04.676,2024-05-29 14:53:35.151
2024-05-29 16:00:00,0.85042,0.85084,0.85021,0.85038,14750205000.0,2024-05-29 18:51:46.536,2024-05-29 19:42:24.090
2024-05-29 20:00:00,0.85037,0.85069,0.8501,0.8506,1951998000.0,2024-05-29 23:22:34.583,2024-05-29 21:06:53.883
2024-05-30 00:00:00,0.85059,0.85074,0.85023,0.85054,6216275000.0,2024-05-30 00:29:43.444,2024-05-30 02:09:00.947
2024-05-30 04:00:00,0.85055,0.85111,0.85016,0.85048,11600622000.0,2024-05-30 06:55:19.426,2024-05-30 05:24:08.698
2024-05-30 08:00:00,0.85046,0.85125,0.85035,0.85117,13958477000.0,2024-05-30 11:54:29.762,2024-05-30 10:40:03.684
2024-05-30 12:00:00,0.85116,0.8517,0.85047,0.85075,19639626000.0,2024-05-30 14:44:18.099,2024-05-30 13:56:07.842
2024-05-30 16:00:00,0.85078,0.85096,0.85063,0.85066,9311897000.0,2024-05-30 18:45:27.836,2024-05-30 19:52:31.428
2024-05-30 20:00:00,0.85065,0.85101,0.85045,0.85089,3838558000.0,2024-05-30 23:21:19.231,2024-05-30 21:06:06.649
2024-05-31 00:00:00,0.85088,0.85094,0.85008,0.85035,11015251000.0,2024-05-31 01:11:38.600,2024-05-31 03:11:07.266
2024-05-31 04:00:00,0.85034,0.85191,0.85025,0.85175,11464722000.0,2024-05-31 07:24:07.100,2024-05-31 04:14:04.852
2024-05-31 08:00:00,0.85174,0.85366,0.8515,0.85356,20078259000.0,2024-05-31 11:50:54.267,2024-05-31 08:23:03.681
2024-05-31 12:00:00,0.85355,0.85404,0.85162,0.85165,39404247000.0,2024-05-31 12:41:39.983,2024-05-31 14:39:43.524
2024-05-31 16:00:00,0.85166,0.85238,0.85115,0.8514,11998339000.0,2024-05-31 17:19:34.177,2024-05-31 19:53:18.243
2024-05-31 20:00:00,0.85139,0.85149,0.85108,0.85143,1532150000.0,2024-05-31 20:00:46.164,2024-05-31 20:29:00.409
2024-06-02 20:00:00,0.85053,0.85177,0.85044,0.85153,1740297000.0,2024-06-02 22:13:13.394,2024-06-02 21:05:04.111
2024-06-03 00:00:00,0.85154,0.85175,0.85112,0.85164,4685201000.0,2024-06-03 03:57:20.739,2024-06-03 00:58:58.625
2024-06-03 04:00:00,0.85165,0.85262,0.85155,0.85256,7923776000.0,2024-06-03 07:59:24.071,2024-06-03 04:59:47.181
2024-06-03 08:00:00,0.85255,0.85353,0.8515,0.85185,18189161900.0,2024-06-03 09:14:00.100,2024-06-03 11:35:16.693
2024-06-03 12:00:00,0.85186,0.85209,0.85095,0.85122,26702288000.0,2024-06-03 13:22:59.859,2024-06-03 15:15:02.914
2024-06-03 16:00:00,0.85121,0.85178,0.85119,0.85151,18522958000.0,2024-06-03 17:00:14.136,2024-06-03 16:00:28.275
2024-06-03 20:00:00,0.8515,0.85161,0.85119,0.85144,4317473000.0,2024-06-03 22:00:09.503,2024-06-03 21:56:30.591
2024-06-04 00:00:00,0.85145,0.85189,0.85138,0.85148,5333297000.0,2024-06-04 00:54:06.162,2024-06-04 00:00:52.686
2024-06-04 04:00:00,0.85149,0.85184,0.85121,0.85138,8461246000.0,2024-06-04 06:15:02.497,2024-06-04 07:49:17.977
2024-06-04 08:00:00,0.85136,0.85248,0.85109,0.85114,17303455000.0,2024-06-04 10:46:03.678,2024-06-04 11:57:30.745
2024-06-04 12:00:00,0.85115,0.85167,0.85034,0.85096,24212010000.0,2024-06-04 12:23:33.486,2024-06-04 14:00:05.747
2024-06-04 16:00:00,0.85097,0.85195,0.85067,0.85193,13854885000.0,2024-06-04 19:59:51.062,2024-06-04 16:06:28.341
2024-06-04 20:00:00,0.85192,0.85205,0.85112,0.85194,2341842000.0,2024-06-04 20:41:49.059,2024-06-04 21:11:20.334
2024-06-05 00:00:00,0.85193,0.85202,0.85148,0.85175,6485939000.0,2024-06-05 01:24:08.165,2024-06-05 03:31:12.544
2024-06-05 04:00:00,0.85176,0.85191,0.85099,0.85116,7920011000.0,2024-06-05 06:34:43.540,2024-06-05 07:38:31.711
2024-06-05 08:00:00,0.85114,0.85154,0.85032,0.85047,10968701000.0,2024-06-05 08:54:51.622,2024-06-05 11:40:36.216
2024-06-05 12:00:00,0.85048,0.85172,0.85034,0.85082,26609060000.0,2024-06-05 14:58:51.941,2024-06-05 12:15:15.841
2024-06-05 16:00:00,0.85083,0.85083,0.84994,0.85006,10061277000.0,2024-06-05 16:00:00.802,2024-06-05 18:36:39.494
2024-06-05 20:00:00,0.85007,0.85015,0.84982,0.84994,2025924000.0,2024-06-05 21:59:20.387,2024-06-05 20:53:15.128
2024-06-06 00:00:00,0.84995,0.85093,0.84987,0.85087,7111892000.0,2024-06-06 03:56:14.368,2024-06-06 00:10:05.293
2024-06-06 04:00:00,0.85086,0.85091,0.85025,0.85038,8898227000.0,2024-06-06 04:44:33.633,2024-06-06 07:24:50.757
2024-06-06 08:00:00,0.85037,0.8512,0.85037,0.85096,14327769000.0,2024-06-06 10:04:22.326,2024-06-06 08:00:00.261
2024-06-06 12:00:00,0.85097,0.85244,0.85076,0.85122,25756672000.0,2024-06-06 12:25:15.771,2024-06-06 12:05:56.783
2024-06-06 16:00:00,0.85121,0.85177,0.85119,0.85139,10454543000.0,2024-06-06 16:11:23.096,2024-06-06 16:45:24.551
2024-06-06 20:00:00,0.85138,0.85154,0.85109,0.85138,3711264000.0,2024-06-06 23:29:35.126,2024-06-06 21:47:01.945
2024-06-07 00:00:00,0.85139,0.85201,0.85131,0.85185,4881256000.0,2024-06-07 03:10:27.165,2024-06-07 00:23:04.356
2024-06-07 04:00:00,0.85184,0.85191,0.8509,0.85095,10576647000.0,2024-06-07 04:23:40.963,2024-06-07 07:59:33.013
2024-06-07 08:00:00,0.85094,0.85161,0.85086,0.85091,12438463000.0,2024-06-07 09:10:35.352,2024-06-07 08:00:36.133
2024-06-07 12:00:00,0.85092,0.85121,0.84921,0.84924,46348904000.0,2024-06-07 12:11:18.189,2024-06-07 14:50:22.438
2024-06-07 16:00:00,0.84926,0.84953,0.8489,0.84898,13010558000.0,2024-06-07 16:24:12.169,2024-06-07 19:56:35.193
2024-06-07 20:00:00,0.84897,0.84915,0.84889,0.84899,928233000.0,2024-06-07 20:28:57.817,2024-06-07 20:46:02.476
2024-06-09 20:00:00,0.84602,0.84697,0.8452,0.84682,2685680000.0,2024-06-09 23:07:38.327,2024-06-09 21:05:25.059
2024-06-10 00:00:00,0.84683,0.84718,0.84592,0.84594,9457936000.0,2024-06-10 00:55:17.105,2024-06-10 03:59:57.582
2024-06-10 04:00:00,0.84593,0.84637,0.8453,0.84604,20780794000.0,2024-06-10 06:46:58.517,2024-06-10 05:37:52.314
2024-06-10 08:00:00,0.84603,0.84655,0.84548,0.84577,17574280000.0,2024-06-10 09:01:23.633,2024-06-10 11:11:45.568
2024-06-10 12:00:00,0.84576,0.84584,0.84398,0.84438,28509786000.0,2024-06-10 12:02:32.462,2024-06-10 15:01:02.567
2024-06-10 16:00:00,0.84439,0.84545,0.84433,0.84541,17436327000.0,2024-06-10 19:58:29.460,2024-06-10 16:00:03.920
2024-06-10 20:00:00,0.8454,0.84581,0.8451,0.84576,3000366000.0,2024-06-10 23:45:21.083,2024-06-10 21:18:49.084
2024-06-11 00:00:00,0.84577,0.84587,0.84543,0.84549,4660602000.0,2024-06-11 01:35:09.711,2024-06-11 03:32:46.989
2024-06-11 04:00:00,0.84548,0.84677,0.84504,0.84602,9996480000.0,2024-06-11 06:33:32.624,2024-06-11 06:00:02.357
2024-06-11 08:00:00,0.84601,0.84613,0.84189,0.84226,20828035000.0,2024-06-11 08:04:46.255,2024-06-11 11:55:27.992
2024-06-11 12:00:00,0.84225,0.84377,0.84178,0.8436,23365536000.0,2024-06-11 14:05:56.449,2024-06-11 13:14:06.051
2024-06-11 16:00:00,0.84361,0.84404,0.84279,0.8429,10444451000.0,2024-06-11 16:24:49.221,2024-06-11 19:01:42.937
2024-06-11 20:00:00,0.84289,0.84318,0.84262,0.84301,2891024000.0,2024-06-11 21:10:20.057,2024-06-11 21:12:48.032
2024-06-12 00:00:00,0.843,0.8431,0.8428,0.84282,3900464000.0,2024-06-12 00:55:14.099,2024-06-12 03:34:19.701
2024-06-12 04:00:00,0.84281,0.84333,0.84247,0.84266,8795549000.0,2024-06-12 06:58:59.236,2024-06-12 07:57:00.670
2024-06-12 08:00:00,0.84265,0.84368,0.84231,0.84356,16262408000.0,2024-06-12 11:59:13.705,2024-06-12 09:00:16.514
2024-06-12 12:00:00,0.84355,0.84514,0.84178,0.8444,45105329000.0,2024-06-12 15:26:02.416,2024-06-12 13:07:25.688
2024-06-12 16:00:00,0.84439,0.84466,0.8436,0.84442,38947180000.0,2024-06-12 19:29:24.573,2024-06-12 18:00:01.118
2024-06-12 20:00:00,0.84441,0.84515,0.84431,0.84497,2395716000.0,2024-06-12 23:53:39.674,2024-06-12 21:05:00.970
2024-06-13 00:00:00,0.84496,0.84527,0.84489,0.84525,4220507000.0,2024-06-13 03:58:38.296,2024-06-13 01:31:02.570
2024-06-13 04:00:00,0.84526,0.84577,0.84512,0.84561,7400481000.0,2024-06-13 05:35:56.949,2024-06-13 06:32:16.769
2024-06-13 08:00:00,0.84559,0.84562,0.84418,0.84476,17975747000.0,2024-06-13 08:00:19.343,2024-06-13 09:00:50.122
2024-06-13 12:00:00,0.84477,0.84527,0.84262,0.8427,33894972000.0,2024-06-13 13:45:57.150,2024-06-13 15:58:23.590
2024-06-13 16:00:00,0.84269,0.84304,0.84126,0.84138,14969849000.0,2024-06-13 16:07:07.543,2024-06-13 18:59:55.522
2024-06-13 20:00:00,0.84137,0.84199,0.84121,0.84189,4830307000.0,2024-06-13 23:46:03.443,2024-06-13 22:01:36.735
2024-06-14 00:00:00,0.8419,0.8422,0.84174,0.84216,6049508000.0,2024-06-14 03:58:10.696,2024-06-14 03:23:28.828
2024-06-14 04:00:00,0.84217,0.84233,0.8411,0.8411,11710594000.0,2024-06-14 06:26:16.830,2024-06-14 07:59:20.884
2024-06-14 08:00:00,0.84109,0.84222,0.83973,0.84175,31296654000.0,2024-06-14 11:29:29.938,2024-06-14 09:13:33.717
2024-06-14 12:00:00,0.84177,0.84384,0.84165,0.84352,32148151000.0,2024-06-14 14:57:58.310,2024-06-14 12:00:18.361
2024-06-14 16:00:00,0.84351,0.84378,0.84315,0.84363,11159943000.0,2024-06-14 19:00:33.157,2024-06-14 17:28:04.538
2024-06-14 20:00:00,0.84362,0.84406,0.84349,0.84378,1174500000.0,2024-06-14 20:39:49.866,2024-06-14 20:01:51.246
2024-06-16 20:00:00,0.84133,0.84422,0.84116,0.84381,2482374000.0,2024-06-16 21:22:34.834,2024-06-16 21:05:13.173
2024-06-17 00:00:00,0.84379,0.8441,0.84365,0.84397,4419680000.0,2024-06-17 03:21:59.709,2024-06-17 00:32:58.006
2024-06-17 04:00:00,0.84398,0.84485,0.8437,0.84463,14525824000.0,2024-06-17 07:28:35.555,2024-06-17 06:10:45.160
2024-06-17 08:00:00,0.84461,0.84578,0.84454,0.84573,15670379000.0,2024-06-17 11:59:34.681,2024-06-17 08:08:28.780
2024-06-17 12:00:00,0.84574,0.84612,0.84487,0.84508,21586653000.0,2024-06-17 13:28:06.790,2024-06-17 15:35:51.297
2024-06-17 16:00:00,0.84509,0.84509,0.84431,0.84482,12729299000.0,2024-06-17 16:00:00.086,2024-06-17 17:53:57.276
2024-06-17 20:00:00,0.84481,0.84502,0.84458,0.84473,2126171000.0,2024-06-17 22:46:43.396,2024-06-17 21:07:01.207
2024-06-18 00:00:00,0.84472,0.84488,0.84438,0.84461,4089099000.0,2024-06-18 00:31:05.437,2024-06-18 03:10:56.261
2024-06-18 04:00:00,0.8446,0.84588,0.84443,0.84572,12559870000.0,2024-06-18 07:50:00.223,2024-06-18 05:16:45.488
2024-06-18 08:00:00,0.84571,0.84583,0.84441,0.84549,18387024000.0,2024-06-18 08:01:21.369,2024-06-18 11:20:26.188
2024-06-18 12:00:00,0.84548,0.84644,0.84461,0.84582,33342120000.0,2024-06-18 15:05:02.594,2024-06-18 12:30:01.082
2024-06-18 16:00:00,0.84581,0.84606,0.84487,0.845,11859852000.0,2024-06-18 16:02:10.964,2024-06-18 18:07:02.449
2024-06-18 20:00:00,0.84501,0.84514,0.84476,0.84507,1858247000.0,2024-06-18 23:37:31.300,2024-06-18 21:04:01.003
2024-06-19 00:00:00,0.84506,0.84523,0.84475,0.84492,3650457000.0,2024-06-19 00:35:08.781,2024-06-19 03:22:10.278
2024-06-19 04:00:00,0.84491,0.84546,0.84298,0.84355,28239000000.0,2024-06-19 05:58:47.911,2024-06-19 06:51:39.495
2024-06-19 08:00:00,0.84356,0.84459,0.84313,0.84431,29035895000.0,2024-06-19 11:13:40.300,2024-06-19 09:48:59.741
2024-06-19 12:00:00,0.84433,0.84508,0.84416,0.84479,20706921000.0,2024-06-19 12:56:41.848,2024-06-19 14:59:34.488
2024-06-19 16:00:00,0.84478,0.84494,0.8446,0.84481,4526012000.0,2024-06-19 18:04:02.771,2024-06-19 16:21:01.859
2024-06-19 20:00:00,0.8448,0.84496,0.84416,0.84486,2748296000.0,2024-06-19 23:38:09.753,2024-06-19 21:04:01.004
2024-06-20 00:00:00,0.84485,0.84524,0.84472,0.84478,8361101000.0,2024-06-20 01:26:39.750,2024-06-20 03:01:59.576
2024-06-20 04:00:00,0.84477,0.84505,0.84391,0.84396,20950935000.0,2024-06-20 05:41:47.091,2024-06-20 07:57:03.656
2024-06-20 08:00:00,0.84395,0.84607,0.84342,0.84494,32806714000.0,2024-06-20 11:01:06.470,2024-06-20 08:25:44.909
2024-06-20 12:00:00,0.84492,0.84609,0.84487,0.84521,34194053000.0,2024-06-20 14:01:42.104,2024-06-20 12:05:24.704
2024-06-20 16:00:00,0.84519,0.84575,0.845,0.84534,12662288000.0,2024-06-20 16:53:55.941,2024-06-20 18:22:22.673
2024-06-20 20:00:00,0.84533,0.8457,0.84509,0.84563,4213355000.0,2024-06-20 23:58:24.470,2024-06-20 21:05:01.022
2024-06-21 00:00:00,0.84564,0.8464,0.84559,0.84637,7330976000.0,2024-06-21 03:29:03.564,2024-06-21 00:02:21.047
2024-06-21 04:00:00,0.84638,0.8465,0.84424,0.84454,19452983000.0,2024-06-21 05:07:58.822,2024-06-21 07:38:46.293
2024-06-21 08:00:00,0.8445,0.84589,0.84437,0.8454,37571378000.0,2024-06-21 11:36:02.814,2024-06-21 08:04:04.723
2024-06-21 12:00:00,0.84541,0.8463,0.84508,0.84582,46253292000.0,2024-06-21 15:28:31.003,2024-06-21 12:12:07.441
2024-06-21 16:00:00,0.84583,0.84625,0.84528,0.84528,10974139000.0,2024-06-21 16:06:35.747,2024-06-21 19:58:31.278
2024-06-21 20:00:00,0.84527,0.84592,0.84519,0.84585,2460098000.0,2024-06-21 20:54:22.796,2024-06-21 20:01:08.530
2024-06-23 20:00:00,0.84497,0.84597,0.84469,0.84567,1571612000.0,2024-06-23 23:26:21.307,2024-06-23 21:06:00.799
2024-06-24 00:00:00,0.84566,0.84618,0.84549,0.8457,4419365000.0,2024-06-24 02:29:29.577,2024-06-24 00:14:45.364
2024-06-24 04:00:00,0.84571,0.84671,0.84561,0.84651,10915900000.0,2024-06-24 07:44:16.874,2024-06-24 05:10:58.569
2024-06-24 08:00:00,0.8465,0.84777,0.84596,0.84775,24374316000.0,2024-06-24 11:59:49.581,2024-06-24 08:32:58.847
2024-06-24 12:00:00,0.84774,0.84774,0.8452,0.84583,32241464000.0,2024-06-24 12:00:00.088,2024-06-24 15:37:41.076
2024-06-24 16:00:00,0.84584,0.84626,0.84569,0.84625,9830726000.0,2024-06-24 19:59:48.961,2024-06-24 16:00:13.898
2024-06-24 20:00:00,0.84622,0.84635,0.84577,0.84622,2412210000.0,2024-06-24 20:00:49.070,2024-06-24 21:05:00.665
2024-06-25 00:00:00,0.84623,0.84623,0.84574,0.84578,4653580000.0,2024-06-25 00:00:00.098,2024-06-25 03:48:06.799
2024-06-25 04:00:00,0.84577,0.84628,0.84504,0.84537,15488373000.0,2024-06-25 06:00:14.968,2024-06-25 07:52:31.201
2024-06-25 08:00:00,0.84535,0.84551,0.84438,0.84439,24117036000.0,2024-06-25 10:16:38.321,2024-06-25 11:59:57.739
2024-06-25 12:00:00,0.84438,0.84499,0.84306,0.8445,30498783000.0,2024-06-25 13:14:58.773,2024-06-25 14:06:20.555
2024-06-25 16:00:00,0.84451,0.84463,0.84409,0.84445,13128710000.0,2024-06-25 16:02:57.879,2024-06-25 19:42:55.201
2024-06-25 20:00:00,0.84444,0.84455,0.84355,0.84429,4938250000.0,2024-06-25 20:59:32.570,2024-06-25 21:05:30.461
2024-06-26 00:00:00,0.84428,0.84462,0.84414,0.84423,7574749000.0,2024-06-26 02:12:40.273,2024-06-26 00:02:23.302
2024-06-26 04:00:00,0.84424,0.8443,0.8433,0.84394,12464151000.0,2024-06-26 04:59:02.218,2024-06-26 07:25:26.509
2024-06-26 08:00:00,0.84393,0.84502,0.84343,0.84469,30856697000.0,2024-06-26 11:29:08.045,2024-06-26 09:49:12.552
2024-06-26 12:00:00,0.84468,0.84631,0.84411,0.84618,46441527600.0,2024-06-26 15:34:17.910,2024-06-26 12:40:36.653
2024-06-26 16:00:00,0.84619,0.84632,0.84567,0.84599,15551924000.0,2024-06-26 16:13:38.532,2024-06-26 17:47:07.043
2024-06-26 20:00:00,0.846,0.84626,0.84568,0.84616,4774816000.0,2024-06-26 22:13:50.878,2024-06-26 21:10:01.591
2024-06-27 00:00:00,0.84617,0.84659,0.84613,0.8464,8286407000.0,2024-06-27 00:43:52.362,2024-06-27 00:01:38.752
2024-06-27 04:00:00,0.84639,0.84651,0.84569,0.84616,18711361000.0,2024-06-27 04:40:54.200,2024-06-27 06:59:00.169
2024-06-27 08:00:00,0.84617,0.84638,0.84533,0.84583,35329026000.0,2024-06-27 11:49:01.397,2024-06-27 10:14:21.376
2024-06-27 12:00:00,0.84584,0.84753,0.84556,0.84631,49877059000.0,2024-06-27 13:15:14.201,2024-06-27 12:30:07.476
2024-06-27 16:00:00,0.8463,0.84686,0.84604,0.84681,13809350000.0,2024-06-27 19:59:21.139,2024-06-27 16:11:07.597
2024-06-27 20:00:00,0.84682,0.84714,0.84636,0.84683,3220800000.0,2024-06-27 23:41:37.676,2024-06-27 21:04:01.004
2024-06-28 00:00:00,0.84684,0.84721,0.84621,0.84655,9323023000.0,2024-06-28 00:55:12.679,2024-06-28 02:52:04.334
2024-06-28 04:00:00,0.84656,0.84666,0.84575,0.84602,11899405000.0,2024-06-28 05:10:03.288,2024-06-28 07:47:23.260
2024-06-28 08:00:00,0.84601,0.84687,0.84581,0.84615,26057718000.0,2024-06-28 09:04:00.217,2024-06-28 08:00:57.800
2024-06-28 12:00:00,0.84613,0.84818,0.84591,0.84759,73408784000.0,2024-06-28 14:55:08.320,2024-06-28 12:30:03.254
2024-06-28 16:00:00,0.84758,0.84796,0.84723,0.8473,20198385000.0,2024-06-28 16:13:49.453,2024-06-28 19:59:20.722
2024-06-28 20:00:00,0.84729,0.84737,0.84705,0.84732,4704867000.0,2024-06-28 20:50:38.720,2024-06-28 20:41:11.560
2024-06-30 20:00:00,0.8467,0.84935,0.8467,0.84868,2298673000.0,2024-06-30 21:25:27.236,2024-06-30 21:05:00.006
2024-07-01 00:00:00,0.84869,0.84962,0.84868,0.84959,11668622000.0,2024-07-01 03:38:00.144,2024-07-01 00:00:02.331
2024-07-01 04:00:00,0.8496,0.84987,0.84868,0.84922,18243170000.0,2024-07-01 07:03:36.093,2024-07-01 06:46:23.966
2024-07-01 08:00:00,0.84921,0.84975,0.8478,0.84788,26304018000.0,2024-07-01 08:51:28.946,2024-07-01 11:50:30.118
2024-07-01 12:00:00,0.8479,0.84897,0.84728,0.84819,48156010000.0,2024-07-01 13:05:18.482,2024-07-01 14:00:00.946
2024-07-01 16:00:00,0.84818,0.84933,0.84786,0.84928,12979586000.0,2024-07-01 19:59:37.683,2024-07-01 16:23:38.645
2024-07-01 20:00:00,0.84929,0.84936,0.84848,0.84904,7420316000.0,2024-07-01 20:01:42.031,2024-07-01 21:05:12.350
2024-07-02 00:00:00,0.84905,0.84953,0.84901,0.84944,6497718000.0,2024-07-02 03:25:31.928,2024-07-02 00:03:48.624
2024-07-02 04:00:00,0.84945,0.84949,0.8488,0.84895,15007022000.0,2024-07-02 04:00:42.168,2024-07-02 07:50:53.062
2024-07-02 08:00:00,0.84896,0.84912,0.84724,0.84749,26236176000.0,2024-07-02 08:13:21.149,2024-07-02 11:04:29.214
2024-07-02 12:00:00,0.84751,0.84772,0.84659,0.84701,49141079000.0,2024-07-02 12:37:00.148,2024-07-02 15:37:47.651
2024-07-02 16:00:00,0.847,0.84745,0.84687,0.84698,12418288000.0,2024-07-02 17:31:33.502,2024-07-02 18:49:21.188
2024-07-02 20:00:00,0.84697,0.84714,0.84676,0.84711,2472369000.0,2024-07-02 21:24:15.178,2024-07-02 21:05:50.401
2024-07-03 00:00:00,0.84709,0.84727,0.84681,0.84681,3484723000.0,2024-07-03 00:24:37.949,2024-07-03 03:53:22.930
2024-07-03 04:00:00,0.8468,0.8478,0.84663,0.84762,12375700000.0,2024-07-03 07:54:50.658,2024-07-03 06:46:29.206
2024-07-03 08:00:00,0.84761,0.84772,0.84659,0.84662,16859822000.0,2024-07-03 08:01:01.542,2024-07-03 11:59:57.574
2024-07-03 12:00:00,0.84663,0.84721,0.84558,0.84603,45523823000.0,2024-07-03 12:43:15.039,2024-07-03 14:00:01.044
2024-07-03 16:00:00,0.84602,0.84668,0.84586,0.84651,19933949000.0,2024-07-03 19:26:32.732,2024-07-03 16:02:18.388
2024-07-03 20:00:00,0.84652,0.84664,0.84546,0.84651,1694433000.0,2024-07-03 20:29:48.908,2024-07-03 21:08:24.850
2024-07-04 00:00:00,0.84652,0.84661,0.84616,0.84642,4011130000.0,2024-07-04 00:01:37.261,2024-07-04 02:28:24.136
2024-07-04 04:00:00,0.84641,0.847,0.84617,0.84637,12617428000.0,2024-07-04 07:27:41.708,2024-07-04 06:05:03.869
2024-07-04 08:00:00,0.84636,0.84707,0.84602,0.84663,22308760000.0,2024-07-04 08:52:13.829,2024-07-04 08:11:39.281
2024-07-04 12:00:00,0.84661,0.84728,0.84641,0.84718,31972704000.0,2024-07-04 15:52:28.476,2024-07-04 12:12:32.331
2024-07-04 16:00:00,0.84717,0.84738,0.84714,0.84729,3003974000.0,2024-07-04 18:32:01.303,2024-07-04 16:54:16.184
2024-07-04 20:00:00,0.84728,0.84752,0.84711,0.84752,1006860000.0,2024-07-04 23:59:23.728,2024-07-04 21:17:54.858
2024-07-05 00:00:00,0.84751,0.8476,0.84716,0.84732,4006787000.0,2024-07-05 00:02:03.656,2024-07-05 01:19:52.910
2024-07-05 04:00:00,0.84731,0.84779,0.84704,0.84728,12256529000.0,2024-07-05 07:27:04.277,2024-07-05 06:10:30.175
2024-07-05 08:00:00,0.84727,0.84746,0.84614,0.84625,17253973000.0,2024-07-05 09:09:55.735,2024-07-05 11:24:42.676
2024-07-05 12:00:00,0.84626,0.84664,0.84515,0.84545,61695054000.0,2024-07-05 12:31:08.202,2024-07-05 13:46:55.802
2024-07-05 16:00:00,0.84544,0.84605,0.84538,0.8459,9971429000.0,2024-07-05 19:32:43.788,2024-07-05 16:00:14.845
2024-07-05 20:00:00,0.84589,0.8459,0.84563,0.84586,2445920000.0,2024-07-05 20:53:59.005,2024-07-05 20:53:25.472
2024-07-07 20:00:00,0.84378,0.8454,0.84308,0.84533,3117800000.0,2024-07-07 22:06:59.393,2024-07-07 21:05:08.942
2024-07-08 00:00:00,0.84532,0.84539,0.84494,0.84524,5714510000.0,2024-07-08 00:08:09.183,2024-07-08 00:51:59.992
2024-07-08 04:00:00,0.84525,0.84593,0.84455,0.84568,22078829000.0,2024-07-08 07:43:32.544,2024-07-08 06:27:53.944
2024-07-08 08:00:00,0.84569,0.84599,0.84407,0.84419,25588367000.0,2024-07-08 09:25:48.731,2024-07-08 11:55:11.871
2024-07-08 12:00:00,0.84418,0.84477,0.84391,0.84476,31659123000.0,2024-07-08 15:59:57.313,2024-07-08 14:50:04.817
2024-07-08 16:00:00,0.84475,0.84524,0.84457,0.84504,20049714000.0,2024-07-08 18:21:52.260,2024-07-08 16:20:03.326
2024-07-08 20:00:00,0.84503,0.84528,0.84459,0.84509,2693885000.0,2024-07-08 23:21:14.133,2024-07-08 21:14:03.816
2024-07-09 00:00:00,0.8451,0.84564,0.84509,0.84561,5746022000.0,2024-07-09 03:45:58.802,2024-07-09 00:00:00.181
2024-07-09 04:00:00,0.8456,0.84569,0.84504,0.84522,12172761000.0,2024-07-09 04:03:41.622,2024-07-09 07:38:24.987
2024-07-09 08:00:00,0.84521,0.84539,0.8442,0.84482,20377861000.0,2024-07-09 08:56:20.380,2024-07-09 10:32:35.636
2024-07-09 12:00:00,0.84483,0.84599,0.84426,0.84574,40449156000.0,2024-07-09 15:52:31.478,2024-07-09 13:47:39.559
2024-07-09 16:00:00,0.84573,0.84595,0.84534,0.84553,11080503000.0,2024-07-09 16:13:41.238,2024-07-09 17:28:19.333
2024-07-09 20:00:00,0.84555,0.84573,0.84524,0.84563,3083693000.0,2024-07-09 20:55:28.976,2024-07-09 21:04:01.004
2024-07-10 00:00:00,0.84564,0.84589,0.84547,0.84576,5897833000.0,2024-07-10 02:26:04.485,2024-07-10 01:37:46.598
2024-07-10 04:00:00,0.84577,0.84591,0.8454,0.84549,10993838000.0,2024-07-10 06:50:05.557,2024-07-10 07:27:06.706
2024-07-10 08:00:00,0.84548,0.8455,0.84453,0.84533,17344135000.0,2024-07-10 08:01:02.652,2024-07-10 09:59:23.821
2024-07-10 12:00:00,0.84532,0.84543,0.84252,0.84276,34756469000.0,2024-07-10 12:57:22.170,2024-07-10 15:52:08.547
2024-07-10 16:00:00,0.84275,0.84313,0.84263,0.84294,15646992000.0,2024-07-10 17:36:56.908,2024-07-10 18:26:36.428
2024-07-10 20:00:00,0.84295,0.84308,0.84255,0.84278,2679883000.0,2024-07-10 23:13:50.735,2024-07-10 21:05:00.798
2024-07-11 00:00:00,0.84279,0.84319,0.84258,0.84271,4056593000.0,2024-07-11 01:46:27.194,2024-07-11 02:57:06.207
2024-07-11 04:00:00,0.8427,0.84292,0.84203,0.84245,11112491000.0,2024-07-11 06:29:56.090,2024-07-11 07:52:28.387
2024-07-11 08:00:00,0.84244,0.84305,0.84204,0.84293,29321575000.0,2024-07-11 11:58:20.368,2024-07-11 09:36:55.576
2024-07-11 12:00:00,0.84292,0.84315,0.84136,0.84153,65156090000.0,2024-07-11 12:07:51.751,2024-07-11 12:48:30.564
2024-07-11 16:00:00,0.84154,0.84194,0.84141,0.84145,34248973000.0,2024-07-11 17:43:10.714,2024-07-11 16:12:50.501
2024-07-11 20:00:00,0.84146,0.84164,0.84123,0.84138,4504400000.0,2024-07-11 21:59:05.104,2024-07-11 23:28:12.091
2024-07-12 00:00:00,0.84139,0.84214,0.84131,0.84199,10006505000.0,2024-07-12 03:33:29.229,2024-07-12 00:12:52.568
2024-07-12 04:00:00,0.84202,0.84202,0.84099,0.84123,18162822000.0,2024-07-12 04:00:34.514,2024-07-12 07:52:30.404
2024-07-12 08:00:00,0.84122,0.8414,0.83997,0.84002,28918470000.0,2024-07-12 08:13:01.082,2024-07-12 11:32:01.058
2024-07-12 12:00:00,0.84003,0.84081,0.83916,0.83956,55661083000.0,2024-07-12 12:30:05.828,2024-07-12 14:35:48.883
2024-07-12 16:00:00,0.83957,0.83999,0.8393,0.83983,10697548000.0,2024-07-12 19:37:12.309,2024-07-12 16:15:07.676
2024-07-12 20:00:00,0.83984,0.83991,0.83959,0.83962,783296000.0,2024-07-12 20:23:16.066,2024-07-12 20:54:08.167
2024-07-14 20:00:00,0.8386,0.83975,0.83846,0.83946,5271572000.0,2024-07-14 22:14:45.166,2024-07-14 21:05:08.644
2024-07-15 00:00:00,0.83947,0.83988,0.83946,0.83965,8207895000.0,2024-07-15 02:02:15.274,2024-07-15 00:00:12.230
2024-07-15 04:00:00,0.83964,0.83987,0.83908,0.83927,21490231000.0,2024-07-15 06:46:06.571,2024-07-15 07:30:55.429
2024-07-15 08:00:00,0.83928,0.84116,0.83921,0.8406,25835949000.0,2024-07-15 10:23:49.358,2024-07-15 08:01:16.501
2024-07-15 12:00:00,0.84059,0.84096,0.83993,0.84049,34168323000.0,2024-07-15 14:54:47.269,2024-07-15 13:58:21.428
2024-07-15 16:00:00,0.8405,0.8406,0.84014,0.8404,20694897000.0,2024-07-15 16:49:47.778,2024-07-15 18:21:49.298
2024-07-15 20:00:00,0.84039,0.8404,0.83973,0.8403,9197199000.0,2024-07-15 20:00:05.039,2024-07-15 21:19:07.006
2024-07-16 00:00:00,0.84027,0.84028,0.83998,0.84023,16069373000.0,2024-07-16 00:05:32.167,2024-07-16 02:46:31.148
2024-07-16 04:00:00,0.84022,0.8407,0.83987,0.84038,24539080000.0,2024-07-16 07:11:22.605,2024-07-16 06:22:57.225
2024-07-16 08:00:00,0.84037,0.84104,0.84013,0.8406,26007157000.0,2024-07-16 09:28:23.891,2024-07-16 09:46:35.200
2024-07-16 12:00:00,0.84059,0.84067,0.83973,0.8401,48801757000.0,2024-07-16 12:01:43.835,2024-07-16 12:30:00.133
2024-07-16 16:00:00,0.84009,0.84061,0.84007,0.84022,8007100000.0,2024-07-16 17:14:40.877,2024-07-16 19:47:04.324
2024-07-16 20:00:00,0.84023,0.84029,0.83989,0.84004,3016491000.0,2024-07-16 23:44:03.217,2024-07-16 21:04:01.003
2024-07-17 00:00:00,0.84003,0.84057,0.83996,0.8405,5104069000.0,2024-07-17 03:54:46.317,2024-07-17 00:02:43.678
2024-07-17 04:00:00,0.84049,0.84088,0.8385,0.83856,18195121000.0,2024-07-17 05:55:35.886,2024-07-17 07:59:25.384
2024-07-17 08:00:00,0.83855,0.83989,0.83829,0.83898,36659759000.0,2024-07-17 09:02:05.201,2024-07-17 08:17:27.426
2024-07-17 12:00:00,0.83897,0.84074,0.83893,0.84057,40589812000.0,2024-07-17 15:52:31.276,2024-07-17 12:00:01.355
2024-07-17 16:00:00,0.84058,0.8409,0.84009,0.84068,12623169000.0,2024-07-17 18:44:13.056,2024-07-17 16:18:51.698
2024-07-17 20:00:00,0.84069,0.84111,0.84057,0.84101,4152166000.0,2024-07-17 23:47:20.015,2024-07-17 20:20:06.644
2024-07-18 00:00:00,0.841,0.84111,0.84074,0.84081,6982854000.0,2024-07-18 00:55:38.310,2024-07-18 03:57:51.652
2024-07-18 04:00:00,0.84082,0.84166,0.84048,0.84085,16475184000.0,2024-07-18 06:46:18.679,2024-07-18 06:07:30.231
2024-07-18 08:00:00,0.84083,0.84209,0.84074,0.84176,28361345000.0,2024-07-18 11:32:20.098,2024-07-18 08:00:43.395
2024-07-18 12:00:00,0.84175,0.84222,0.84032,0.84113,41915955000.0,2024-07-18 12:47:26.329,2024-07-18 14:38:21.486
2024-07-18 16:00:00,0.84112,0.84189,0.84097,0.84174,14637111000.0,2024-07-18 19:22:23.385,2024-07-18 16:15:22.070
2024-07-18 20:00:00,0.84173,0.84203,0.84145,0.84175,3632002000.0,2024-07-18 22:28:48.195,2024-07-18 21:04:01.003
2024-07-19 00:00:00,0.84174,0.84186,0.84129,0.84139,13482387000.0,2024-07-19 00:07:09.791,2024-07-19 03:07:18.641
2024-07-19 04:00:00,0.84138,0.84228,0.84126,0.8421,18449068000.0,2024-07-19 07:39:46.485,2024-07-19 05:59:59.633
2024-07-19 08:00:00,0.84211,0.84328,0.84164,0.84261,21510289000.0,2024-07-19 10:17:55.159,2024-07-19 08:17:43.695
2024-07-19 12:00:00,0.8426,0.84315,0.84205,0.84265,29046903000.0,2024-07-19 14:54:35.366,2024-07-19 14:01:48.402
2024-07-19 16:00:00,0.84263,0.84301,0.8424,0.84264,11004294000.0,2024-07-19 17:04:40.906,2024-07-19 19:28:26.685
2024-07-19 20:00:00,0.84265,0.84293,0.84261,0.84275,1251386000.0,2024-07-19 20:41:36.367,2024-07-19 20:00:25.395
2024-07-21 20:00:00,0.84246,0.84292,0.84244,0.84273,31661295000.0,2024-07-21 21:48:19.172,2024-07-21 21:06:00.685
2024-07-22 00:00:00,0.84272,0.84311,0.84256,0.84281,6937057000.0,2024-07-22 02:28:58.182,2024-07-22 01:01:20.134
2024-07-22 04:00:00,0.8428,0.84303,0.84187,0.84238,19995954000.0,2024-07-22 06:10:27.610,2024-07-22 07:22:44.009
2024-07-22 08:00:00,0.84239,0.84266,0.84135,0.84218,22493262000.0,2024-07-22 09:37:11.193,2024-07-22 11:18:31.590
2024-07-22 12:00:00,0.84219,0.84296,0.8419,0.84282,37355753000.0,2024-07-22 14:57:28.562,2024-07-22 13:05:01.396
2024-07-22 16:00:00,0.84281,0.84299,0.84201,0.84204,15835124000.0,2024-07-22 16:10:06.282,2024-07-22 19:57:47.676
2024-07-22 20:00:00,0.84203,0.84221,0.84143,0.84206,3801998000.0,2024-07-22 21:44:55.296,2024-07-22 21:05:01.620
2024-07-23 00:00:00,0.84205,0.84257,0.84203,0.84248,4972492000.0,2024-07-23 03:50:23.025,2024-07-23 01:55:35.013
2024-07-23 04:00:00,0.84246,0.84264,0.84187,0.84201,13770969000.0,2024-07-23 06:38:28.353,2024-07-23 07:52:59.040
2024-07-23 08:00:00,0.842,0.84244,0.84075,0.84083,40583058000.0,2024-07-23 10:35:44.015,2024-07-23 11:58:45.198
2024-07-23 12:00:00,0.84082,0.84126,0.83972,0.84048,39928810000.0,2024-07-23 12:38:09.196,2024-07-23 14:41:29.060
2024-07-23 16:00:00,0.84047,0.84106,0.84044,0.8409,15402021000.0,2024-07-23 18:46:35.781,2024-07-23 16:04:14.607
2024-07-23 20:00:00,0.84089,0.84111,0.84046,0.84097,2918812000.0,2024-07-23 23:51:50.589,2024-07-23 21:09:21.034
2024-07-24 00:00:00,0.84098,0.84139,0.84089,0.84137,7335842000.0,2024-07-24 03:57:20.530,2024-07-24 00:12:56.252
2024-07-24 04:00:00,0.84138,0.84176,0.8399,0.84031,17552175000.0,2024-07-24 06:41:08.701,2024-07-24 07:49:45.115
2024-07-24 08:00:00,0.8403,0.84102,0.8395,0.83955,31455576000.0,2024-07-24 08:26:23.252,2024-07-24 11:59:39.406
2024-07-24 12:00:00,0.83954,0.84056,0.83927,0.8398,26363503000.0,2024-07-24 14:17:28.730,2024-07-24 13:45:00.132
2024-07-24 16:00:00,0.83981,0.84009,0.83933,0.84001,15541868000.0,2024-07-24 19:16:06.259,2024-07-24 16:30:16.697
2024-07-24 20:00:00,0.84,0.84029,0.83919,0.84026,3661925000.0,2024-07-24 23:58:39.463,2024-07-24 21:06:16.583
2024-07-25 00:00:00,0.84025,0.84101,0.84023,0.84094,9145048000.0,2024-07-25 02:49:36.735,2024-07-25 00:01:17.525
2024-07-25 04:00:00,0.84093,0.84163,0.8406,0.84137,21604536000.0,2024-07-25 07:44:41.399,2024-07-25 07:02:29.702
2024-07-25 08:00:00,0.84136,0.84295,0.8406,0.84255,40091934000.0,2024-07-25 10:51:11.439,2024-07-25 08:07:56.186
2024-07-25 12:00:00,0.84254,0.84322,0.84168,0.84306,51019466000.0,2024-07-25 15:46:46.058,2024-07-25 14:27:40.412
2024-07-25 16:00:00,0.84307,0.84393,0.84291,0.84383,13408709000.0,2024-07-25 19:55:08.249,2024-07-25 16:56:07.841
2024-07-25 20:00:00,0.84384,0.84409,0.84328,0.84408,3836744000.0,2024-07-25 23:58:33.276,2024-07-25 21:59:17.868
2024-07-26 00:00:00,0.84409,0.84431,0.84395,0.84405,4977439000.0,2024-07-26 01:15:25.762,2024-07-26 02:40:10.257
2024-07-26 04:00:00,0.84404,0.84422,0.84318,0.84336,15542712000.0,2024-07-26 05:28:29.643,2024-07-26 07:29:06.673
2024-07-26 08:00:00,0.84335,0.84396,0.84278,0.84376,21552614000.0,2024-07-26 11:55:58.108,2024-07-26 08:47:14.128
2024-07-26 12:00:00,0.84377,0.84491,0.84366,0.84416,24412823000.0,2024-07-26 14:19:58.252,2024-07-26 12:07:27.260
2024-07-26 16:00:00,0.84417,0.84419,0.84328,0.84338,11898506000.0,2024-07-26 16:42:26.342,2024-07-26 19:50:20.858
2024-07-26 20:00:00,0.84337,0.84362,0.84325,0.8436,1929310000.0,2024-07-26 20:53:01.589,2024-07-26 20:29:13.918
2024-07-28 20:00:00,0.84349,0.84386,0.84317,0.84346,2028744000.0,2024-07-28 21:14:55.497,2024-07-28 21:45:33.575
2024-07-29 00:00:00,0.84345,0.84358,0.84306,0.84326,5855217000.0,2024-07-29 01:43:03.166,2024-07-29 00:52:03.810
2024-07-29 04:00:00,0.84327,0.84527,0.84326,0.84502,13295253000.0,2024-07-29 07:57:58.229,2024-07-29 04:00:00.639
2024-07-29 08:00:00,0.84501,0.84606,0.84317,0.84335,35292342000.0,2024-07-29 08:16:55.220,2024-07-29 11:28:22.163
2024-07-29 12:00:00,0.84336,0.8435,0.84149,0.84192,31827906000.0,2024-07-29 12:02:56.580,2024-07-29 13:31:45.915
2024-07-29 16:00:00,0.84193,0.84198,0.84116,0.84131,11126539000.0,2024-07-29 16:01:47.621,2024-07-29 19:00:26.902
2024-07-29 20:00:00,0.8413,0.84152,0.84101,0.8413,4486952000.0,2024-07-29 21:18:36.155,2024-07-29 21:04:01.004
2024-07-30 00:00:00,0.84131,0.84203,0.84128,0.84182,5061220000.0,2024-07-30 02:06:08.138,2024-07-30 00:00:06.298
2024-07-30 04:00:00,0.84183,0.84233,0.84161,0.84177,6970544000.0,2024-07-30 06:06:27.625,2024-07-30 07:00:01.152
2024-07-30 08:00:00,0.84179,0.84293,0.84174,0.84268,13427570000.0,2024-07-30 11:54:48.241,2024-07-30 08:00:01.891
2024-07-30 12:00:00,0.84267,0.84278,0.84137,0.84257,33690254000.0,2024-07-30 13:15:36.398,2024-07-30 14:00:01.366
2024-07-30 16:00:00,0.84258,0.84281,0.84227,0.84245,13865918000.0,2024-07-30 17:10:10.475,2024-07-30 16:29:04.155
2024-07-30 20:00:00,0.84244,0.84265,0.84214,0.84247,3699738000.0,2024-07-30 22:02:00.376,2024-07-30 21:44:58.008
2024-07-31 00:00:00,0.84248,0.84283,0.84242,0.84276,7685611000.0,2024-07-31 03:56:38.045,2024-07-31 00:35:45.368
2024-07-31 04:00:00,0.84275,0.84308,0.84242,0.84254,12280193000.0,2024-07-31 07:23:20.141,2024-07-31 07:58:13.042
2024-07-31 08:00:00,0.84255,0.84431,0.84224,0.84366,19828813000.0,2024-07-31 09:19:09.098,2024-07-31 08:05:34.856
2024-07-31 12:00:00,0.84365,0.84486,0.8423,0.84292,57297761000.0,2024-07-31 14:05:46.527,2024-07-31 14:58:53.258
2024-07-31 16:00:00,0.8429,0.84298,0.84185,0.84194,25613012000.0,2024-07-31 16:00:57.483,2024-07-31 17:23:02.994
2024-07-31 20:00:00,0.84192,0.84225,0.84169,0.84211,5285465000.0,2024-07-31 20:55:00.245,2024-07-31 20:38:14.429
2024-08-01 00:00:00,0.8421,0.84284,0.8421,0.8428,6894718000.0,2024-08-01 03:59:24.085,2024-08-01 00:00:00.003
2024-08-01 04:00:00,0.84281,0.84526,0.84239,0.84432,15624196000.0,2024-08-01 07:14:44.760,2024-08-01 05:04:22.263
2024-08-01 08:00:00,0.84433,0.84584,0.84321,0.84354,41072425000.0,2024-08-01 11:08:58.549,2024-08-01 11:55:31.398
2024-08-01 12:00:00,0.84353,0.84505,0.84242,0.84499,62662864000.0,2024-08-01 15:59:46.595,2024-08-01 12:22:51.624
2024-08-01 16:00:00,0.845,0.84732,0.84469,0.84676,20480134000.0,2024-08-01 18:56:32.960,2024-08-01 16:05:30.015
2024-08-01 20:00:00,0.84675,0.84751,0.84608,0.84744,8488914000.0,2024-08-01 22:15:07.824,2024-08-01 21:04:01.308
2024-08-02 00:00:00,0.84743,0.84854,0.84743,0.84845,16565957000.0,2024-08-02 03:50:16.688,2024-08-02 00:00:00.111
2024-08-02 04:00:00,0.84846,0.84983,0.84784,0.84982,24909242000.0,2024-08-02 07:58:50.354,2024-08-02 06:42:44.364
2024-08-02 08:00:00,0.84981,0.85018,0.84891,0.85006,16629018000.0,2024-08-02 11:57:48.639,2024-08-02 08:48:25.038
2024-08-02 12:00:00,0.85008,0.85342,0.84861,0.85278,69100429000.0,2024-08-02 15:28:06.489,2024-08-02 12:30:05.890
2024-08-02 16:00:00,0.85277,0.85348,0.85191,0.85193,28668915000.0,2024-08-02 16:55:40.879,2024-08-02 19:59:29.255
2024-08-02 20:00:00,0.85194,0.85225,0.85184,0.852,1755261000.0,2024-08-02 20:45:07.802,2024-08-02 20:30:06.757
2024-08-04 20:00:00,0.85181,0.85322,0.85181,0.85318,3926036000.0,2024-08-04 23:52:58.951,2024-08-04 21:05:00.005
2024-08-05 00:00:00,0.85317,0.85418,0.85317,0.85391,19310489000.0,2024-08-05 01:14:20.285,2024-08-05 00:00:00.052
2024-08-05 04:00:00,0.85392,0.85784,0.85382,0.85568,39318905800.0,2024-08-05 06:00:59.736,2024-08-05 04:06:31.704
2024-08-05 08:00:00,0.85569,0.85961,0.85568,0.85873,37121751000.0,2024-08-05 10:03:58.294,2024-08-05 08:00:00.230
2024-08-05 12:00:00,0.85871,0.8619,0.85823,0.85834,60180486000.0,2024-08-05 12:48:42.069,2024-08-05 15:58:43.100
2024-08-05 16:00:00,0.85832,0.85901,0.8572,0.85791,21599566000.0,2024-08-05 17:36:07.820,2024-08-05 16:27:09.904
2024-08-05 20:00:00,0.8579,0.85794,0.85616,0.85628,8342195000.0,2024-08-05 22:15:57.235,2024-08-05 23:50:53.859
2024-08-06 00:00:00,0.85627,0.85714,0.85616,0.85714,10447284000.0,2024-08-06 03:59:55.835,2024-08-06 00:23:09.575
2024-08-06 04:00:00,0.85715,0.85843,0.85695,0.85765,19407055000.0,2024-08-06 07:05:38.332,2024-08-06 04:40:53.882
2024-08-06 08:00:00,0.85766,0.86011,0.85747,0.86004,26438908000.0,2024-08-06 10:53:54.255,2024-08-06 08:30:09.989
2024-08-06 12:00:00,0.86005,0.86135,0.85853,0.8606,44996929000.0,2024-08-06 15:40:40.246,2024-08-06 14:40:40.723
2024-08-06 16:00:00,0.86061,0.86123,0.85984,0.86116,24717665000.0,2024-08-06 19:56:12.282,2024-08-06 16:34:42.996
2024-08-06 20:00:00,0.86115,0.86158,0.86061,0.86134,6153620000.0,2024-08-06 20:06:56.154,2024-08-06 21:55:34.236
2024-08-07 00:00:00,0.86136,0.86141,0.85846,0.85851,15790268000.0,2024-08-07 00:00:37.521,2024-08-07 03:55:21.906
2024-08-07 04:00:00,0.85853,0.86073,0.8582,0.86009,15082337000.0,2024-08-07 07:32:38.721,2024-08-07 06:57:41.839
2024-08-07 08:00:00,0.86008,0.86018,0.85758,0.85825,15908635000.0,2024-08-07 08:00:48.369,2024-08-07 11:30:52.861
2024-08-07 12:00:00,0.85824,0.85977,0.85762,0.85913,26682574000.0,2024-08-07 14:38:20.112,2024-08-07 12:34:15.156
2024-08-07 16:00:00,0.85914,0.86108,0.8591,0.86079,18420636000.0,2024-08-07 19:00:00.570,2024-08-07 16:00:21.437
2024-08-07 20:00:00,0.86078,0.86231,0.85996,0.86157,4821376000.0,2024-08-07 23:39:14.631,2024-08-07 21:58:44.587
2024-08-08 00:00:00,0.86158,0.8618,0.86097,0.86104,11887919000.0,2024-08-08 00:55:15.557,2024-08-08 03:55:30.449
2024-08-08 04:00:00,0.86103,0.86182,0.86068,0.86134,16645554000.0,2024-08-08 07:31:18.875,2024-08-08 06:29:48.009
2024-08-08 08:00:00,0.86135,0.86247,0.86058,0.86093,20677649000.0,2024-08-08 09:49:26.392,2024-08-08 11:36:03.314
2024-08-08 12:00:00,0.86092,0.86105,0.8564,0.85649,50456746000.0,2024-08-08 12:06:15.204,2024-08-08 15:53:12.890
2024-08-08 16:00:00,0.8565,0.85666,0.85598,0.85647,12932812000.0,2024-08-08 17:15:44.151,2024-08-08 18:47:07.252
2024-08-08 20:00:00,0.85646,0.85681,0.856,0.85635,2802492000.0,2024-08-08 22:59:34.063,2024-08-08 21:04:01.004
2024-08-09 00:00:00,0.85634,0.85664,0.85605,0.8561,8161677000.0,2024-08-09 00:20:16.115,2024-08-09 02:26:04.431
2024-08-09 04:00:00,0.85609,0.85658,0.85543,0.85569,12404216000.0,2024-08-09 05:04:15.372,2024-08-09 07:47:33.987
2024-08-09 08:00:00,0.8557,0.85725,0.85495,0.85673,15975141000.0,2024-08-09 11:51:47.229,2024-08-09 08:42:17.960
2024-08-09 12:00:00,0.85674,0.85786,0.85525,0.8558,29986943000.0,2024-08-09 13:51:32.759,2024-08-09 15:25:28.876
2024-08-09 16:00:00,0.85579,0.85612,0.85538,0.85567,11682434000.0,2024-08-09 16:38:27.598,2024-08-09 17:30:57.332
2024-08-09 20:00:00,0.85566,0.8558,0.85542,0.85556,3504077000.0,2024-08-09 20:39:58.177,2024-08-09 20:16:09.596
2024-08-11 20:00:00,0.85409,0.85603,0.85409,0.85598,1313600000.0,2024-08-11 23:38:49.918,2024-08-11 21:05:00.005
2024-08-12 00:00:00,0.85597,0.85625,0.85531,0.8554,2729584000.0,2024-08-12 00:05:12.556,2024-08-12 03:28:23.031
2024-08-12 04:00:00,0.85539,0.85615,0.85437,0.85535,10352217000.0,2024-08-12 07:18:02.117,2024-08-12 06:36:34.865
2024-08-12 08:00:00,0.85536,0.85686,0.8551,0.85558,14777675000.0,2024-08-12 10:14:24.769,2024-08-12 08:08:43.591
2024-08-12 12:00:00,0.85557,0.85619,0.8544,0.85557,29588583000.0,2024-08-12 13:47:09.542,2024-08-12 14:46:07.434
2024-08-12 16:00:00,0.85556,0.85648,0.85552,0.85609,12971746000.0,2024-08-12 18:09:55.812,2024-08-12 16:00:06.839
2024-08-12 20:00:00,0.8561,0.85643,0.85553,0.8563,10838052000.0,2024-08-12 23:52:49.079,2024-08-12 21:04:01.003
2024-08-13 00:00:00,0.85631,0.85638,0.85596,0.85616,4126390000.0,2024-08-13 00:03:39.674,2024-08-13 03:46:24.972
2024-08-13 04:00:00,0.85615,0.85615,0.85317,0.85328,10828250000.0,2024-08-13 04:00:01.456,2024-08-13 07:58:06.100
2024-08-13 08:00:00,0.85327,0.85477,0.85309,0.85447,18092819000.0,2024-08-13 11:53:08.303,2024-08-13 09:31:08.293
2024-08-13 12:00:00,0.85448,0.85536,0.85373,0.8539,33060754000.0,2024-08-13 12:30:46.729,2024-08-13 15:52:13.731
2024-08-13 16:00:00,0.85391,0.85477,0.85374,0.85461,16790624000.0,2024-08-13 19:33:07.185,2024-08-13 17:45:19.463
2024-08-13 20:00:00,0.8546,0.85487,0.85399,0.85465,2731972000.0,2024-08-13 23:35:34.866,2024-08-13 21:05:03.193
2024-08-14 00:00:00,0.85466,0.85496,0.8544,0.85482,6643953000.0,2024-08-14 03:13:38.185,2024-08-14 01:37:23.528
2024-08-14 04:00:00,0.85483,0.85731,0.85422,0.85722,13944642000.0,2024-08-14 06:47:56.143,2024-08-14 06:00:00.453
2024-08-14 08:00:00,0.85725,0.85839,0.85713,0.85787,14744061000.0,2024-08-14 11:35:49.327,2024-08-14 08:00:11.393
2024-08-14 12:00:00,0.85788,0.85924,0.85708,0.85794,27051838000.0,2024-08-14 13:44:51.137,2024-08-14 12:30:01.643
2024-08-14 16:00:00,0.85795,0.85882,0.85764,0.85852,7212172000.0,2024-08-14 18:16:33.885,2024-08-14 16:07:56.529
2024-08-14 20:00:00,0.85853,0.85869,0.85749,0.85858,3223932000.0,2024-08-14 23:21:58.063,2024-08-14 21:05:04.362
2024-08-15 00:00:00,0.85859,0.8587,0.85769,0.85773,4864646000.0,2024-08-15 00:09:41.503,2024-08-15 03:48:16.760
2024-08-15 04:00:00,0.85774,0.85777,0.85638,0.85702,10098672000.0,2024-08-15 04:00:58.123,2024-08-15 07:34:34.850
2024-08-15 08:00:00,0.85701,0.85732,0.85607,0.85627,10934649000.0,2024-08-15 09:16:53.918,2024-08-15 11:41:52.173
2024-08-15 12:00:00,0.85626,0.85636,0.85366,0.85404,41326755000.0,2024-08-15 12:06:44.024,2024-08-15 15:12:29.700
2024-08-15 16:00:00,0.85405,0.85428,0.85342,0.85368,10918202000.0,2024-08-15 17:03:05.928,2024-08-15 19:33:26.916
2024-08-15 20:00:00,0.85366,0.85366,0.85323,0.85325,2448000000.0,2024-08-15 20:00:00.189,2024-08-15 23:46:39.403
2024-08-16 00:00:00,0.85324,0.85349,0.85286,0.85307,5671516000.0,2024-08-16 00:36:08.139,2024-08-16 03:49:52.500
2024-08-16 04:00:00,0.85306,0.85316,0.85244,0.85285,7452622000.0,2024-08-16 05:07:07.475,2024-08-16 06:06:31.934
2024-08-16 08:00:00,0.85284,0.85305,0.85134,0.85151,14924884000.0,2024-08-16 08:10:55.945,2024-08-16 10:22:44.341
2024-08-16 12:00:00,0.85154,0.85297,0.85101,0.85203,15379099000.0,2024-08-16 14:10:11.613,2024-08-16 12:29:59.760
2024-08-16 16:00:00,0.85204,0.8522,0.85117,0.85162,8028656000.0,2024-08-16 16:03:28.982,2024-08-16 18:49:28.386
2024-08-16 20:00:00,0.85164,0.85197,0.85139,0.85176,1771900000.0,2024-08-16 20:53:54.063,2024-08-16 20:23:11.957
2024-08-18 20:00:00,0.8503,0.8521,0.8503,0.85153,2196383000.0,2024-08-18 22:01:01.732,2024-08-18 21:05:00.005
2024-08-19 00:00:00,0.85152,0.85264,0.85133,0.85213,7706771000.0,2024-08-19 00:53:02.486,2024-08-19 00:26:53.881
2024-08-19 04:00:00,0.85212,0.85252,0.8517,0.85171,11633376000.0,2024-08-19 05:38:48.994,2024-08-19 06:48:30.323
2024-08-19 08:00:00,0.85172,0.8526,0.85082,0.8522,15768133000.0,2024-08-19 11:23:29.640,2024-08-19 09:00:00.779
2024-08-19 12:00:00,0.85221,0.85277,0.85168,0.85276,19380080000.0,2024-08-19 15:59:57.261,2024-08-19 14:30:45.661
2024-08-19 16:00:00,0.85278,0.85324,0.8526,0.8532,5884580000.0,2024-08-19 19:57:44.617,2024-08-19 17:58:39.320
2024-08-19 20:00:00,0.85319,0.85341,0.85289,0.8534,2906673000.0,2024-08-19 22:41:07.064,2024-08-19 21:05:12.941
2024-08-20 00:00:00,0.85337,0.85373,0.85319,0.85334,8343806000.0,2024-08-20 01:59:22.436,2024-08-20 03:14:54.338
2024-08-20 04:00:00,0.85335,0.8535,0.85212,0.85261,7475699000.0,2024-08-20 04:39:24.632,2024-08-20 07:34:26.180
2024-08-20 08:00:00,0.85257,0.85284,0.85152,0.85185,15236881000.0,2024-08-20 09:15:51.319,2024-08-20 11:57:32.859
2024-08-20 12:00:00,0.85186,0.85307,0.8516,0.85254,24530079000.0,2024-08-20 15:14:37.524,2024-08-20 12:42:22.664
2024-08-20 16:00:00,0.85253,0.85384,0.85253,0.85356,10728016000.0,2024-08-20 17:37:55.808,2024-08-20 16:00:00.093
2024-08-20 20:00:00,0.85357,0.85404,0.85341,0.85373,3567454000.0,2024-08-20 22:17:34.296,2024-08-20 21:14:33.310
2024-08-21 00:00:00,0.85374,0.85396,0.8534,0.85367,4941330000.0,2024-08-21 02:11:04.711,2024-08-21 03:17:10.840
2024-08-21 04:00:00,0.8537,0.85405,0.85348,0.85391,14316796000.0,2024-08-21 06:58:58.344,2024-08-21 05:13:15.858
2024-08-21 08:00:00,0.8539,0.85443,0.85257,0.85286,14382790000.0,2024-08-21 09:02:23.098,2024-08-21 11:45:24.871
2024-08-21 12:00:00,0.85288,0.85312,0.85091,0.85208,51042501000.0,2024-08-21 12:45:42.054,2024-08-21 14:34:49.390
2024-08-21 16:00:00,0.85207,0.8525,0.85136,0.85189,26427299000.0,2024-08-21 16:03:45.252,2024-08-21 18:05:03.925
2024-08-21 20:00:00,0.8519,0.8522,0.85128,0.85202,2939672000.0,2024-08-21 23:21:21.303,2024-08-21 21:06:40.898
2024-08-22 00:00:00,0.85203,0.85207,0.85145,0.85162,7048561900.0,2024-08-22 00:00:17.924,2024-08-22 01:20:30.715
2024-08-22 04:00:00,0.85161,0.85206,0.85013,0.85029,12411708000.0,2024-08-22 07:15:09.295,2024-08-22 07:57:06.413
2024-08-22 08:00:00,0.85026,0.85108,0.84835,0.84938,20227672000.0,2024-08-22 08:29:07.326,2024-08-22 10:15:57.492
2024-08-22 12:00:00,0.8494,0.84991,0.84785,0.84875,36375330000.0,2024-08-22 12:24:35.237,2024-08-22 14:48:01.087
2024-08-22 16:00:00,0.84874,0.84914,0.84845,0.84898,22068323000.0,2024-08-22 17:07:35.860,2024-08-22 16:24:38.354
2024-08-22 20:00:00,0.84897,0.849,0.84863,0.84879,3078080000.0,2024-08-22 22:36:07.095,2024-08-22 21:37:14.501
2024-08-23 00:00:00,0.84878,0.84924,0.84872,0.84903,5285780000.0,2024-08-23 02:07:14.601,2024-08-23 00:27:00.506
2024-08-23 04:00:00,0.84904,0.84905,0.84744,0.84769,8890739000.0,2024-08-23 04:00:22.788,2024-08-23 07:50:44.222
2024-08-23 08:00:00,0.8477,0.84787,0.84657,0.84742,25437052000.0,2024-08-23 10:29:32.410,2024-08-23 11:33:41.069
2024-08-23 12:00:00,0.84741,0.84783,0.84521,0.847,62451937000.0,2024-08-23 12:02:30.568,2024-08-23 14:02:49.418
2024-08-23 16:00:00,0.84701,0.84759,0.84686,0.84718,21642755000.0,2024-08-23 17:20:18.606,2024-08-23 16:02:04.421
2024-08-23 20:00:00,0.84717,0.84731,0.8467,0.84683,767112000.0,2024-08-23 20:00:37.566,2024-08-23 20:53:16.220
2024-08-25 20:00:00,0.84492,0.84727,0.84492,0.84675,2642557000.0,2024-08-25 22:44:18.587,2024-08-25 21:05:00.005
2024-08-26 00:00:00,0.84674,0.84735,0.84673,0.84702,5846630000.0,2024-08-26 00:52:53.899,2024-08-26 01:48:24.316
2024-08-26 04:00:00,0.84701,0.84743,0.84669,0.8473,17571366000.0,2024-08-26 07:16:00.129,2024-08-26 06:01:38.848
2024-08-26 08:00:00,0.84729,0.84752,0.84591,0.84654,14417316000.0,2024-08-26 08:04:08.131,2024-08-26 11:04:58.101
2024-08-26 12:00:00,0.84653,0.84682,0.845,0.84668,42535057000.0,2024-08-26 15:57:32.765,2024-08-26 13:06:18.293
2024-08-26 16:00:00,0.84669,0.84678,0.84608,0.84637,8851811000.0,2024-08-26 17:36:42.768,2024-08-26 17:17:18.172
2024-08-26 20:00:00,0.84636,0.84656,0.84611,0.84629,5591312000.0,2024-08-26 23:09:59.712,2024-08-26 21:50:37.172
2024-08-27 00:00:00,0.8463,0.84674,0.84629,0.84653,5175362000.0,2024-08-27 00:50:41.444,2024-08-27 00:00:00.308
2024-08-27 04:00:00,0.84652,0.84663,0.84502,0.84573,9186028000.0,2024-08-27 04:44:26.981,2024-08-27 07:07:24.270
2024-08-27 08:00:00,0.84572,0.84573,0.84365,0.84416,19573534000.0,2024-08-27 08:01:43.269,2024-08-27 09:42:21.192
2024-08-27 12:00:00,0.84417,0.84467,0.84324,0.84324,29625759000.0,2024-08-27 12:39:19.684,2024-08-27 15:59:58.330
2024-08-27 16:00:00,0.84325,0.84409,0.84323,0.8433,17380407000.0,2024-08-27 17:51:31.658,2024-08-27 16:00:00.630
2024-08-27 20:00:00,0.84331,0.84359,0.84301,0.84318,3254149000.0,2024-08-27 23:02:43.028,2024-08-27 23:51:47.451
2024-08-28 00:00:00,0.84319,0.84338,0.84273,0.8428,6593200000.0,2024-08-28 02:32:41.175,2024-08-28 03:49:43.006
2024-08-28 04:00:00,0.84281,0.84315,0.84201,0.84311,17098663000.0,2024-08-28 07:58:08.979,2024-08-28 05:18:35.088
2024-08-28 08:00:00,0.84312,0.8433,0.84128,0.84186,24573353000.0,2024-08-28 08:02:25.465,2024-08-28 11:23:33.266
2024-08-28 12:00:00,0.84185,0.84298,0.84101,0.84286,43125775000.0,2024-08-28 15:42:06.158,2024-08-28 12:43:20.621
2024-08-28 16:00:00,0.84287,0.84345,0.84274,0.8429,16729914000.0,2024-08-28 18:27:04.601,2024-08-28 16:54:30.550
2024-08-28 20:00:00,0.84289,0.8434,0.84236,0.84318,2769008000.0,2024-08-28 23:29:55.473,2024-08-28 21:04:01.004
2024-08-29 00:00:00,0.84317,0.84326,0.8426,0.84314,3654254000.0,2024-08-29 00:05:56.546,2024-08-29 01:11:49.471
2024-08-29 04:00:00,0.84313,0.84316,0.84121,0.84184,13812928000.0,2024-08-29 04:05:27.993,2024-08-29 07:12:41.885
2024-08-29 08:00:00,0.8418,0.84181,0.84023,0.84156,29898791000.0,2024-08-29 08:00:02.114,2024-08-29 08:06:11.508
2024-08-29 12:00:00,0.84157,0.84242,0.84057,0.84072,56338239000.0,2024-08-29 13:36:30.311,2024-08-29 14:36:02.616
2024-08-29 16:00:00,0.84071,0.8414,0.84026,0.8412,13532924000.0,2024-08-29 18:48:00.870,2024-08-29 16:48:34.046
2024-08-29 20:00:00,0.84121,0.84178,0.8406,0.84158,8973387000.0,2024-08-29 23:17:58.217,2024-08-29 21:05:56.529
2024-08-30 00:00:00,0.84157,0.84168,0.8409,0.8412,13047531000.0,2024-08-30 00:42:40.856,2024-08-30 02:01:39.103
2024-08-30 04:00:00,0.84119,0.84137,0.84008,0.84027,11019705000.0,2024-08-30 06:45:09.823,2024-08-30 07:52:25.991
2024-08-30 08:00:00,0.84026,0.84119,0.84001,0.84083,22215811000.0,2024-08-30 11:44:40.157,2024-08-30 08:14:16.004
2024-08-30 12:00:00,0.84082,0.84274,0.84064,0.84226,45829903000.0,2024-08-30 14:01:38.799,2024-08-30 12:23:01.906
2024-08-30 16:00:00,0.84227,0.84277,0.84162,0.84165,14633421000.0,2024-08-30 17:59:41.444,2024-08-30 19:59:07.607
2024-08-30 20:00:00,0.84163,0.84173,0.84137,0.84146,2572337000.0,2024-08-30 20:01:37.646,2024-08-30 20:53:56.022
2024-09-01 20:00:00,0.84061,0.84154,0.84056,0.84115,1531304000.0,2024-09-01 21:28:21.577,2024-09-01 21:07:24.674
2024-09-02 00:00:00,0.84116,0.84207,0.84116,0.84159,7504788000.0,2024-09-02 01:45:24.075,2024-09-02 00:00:00.085
2024-09-02 04:00:00,0.84161,0.84268,0.84151,0.84255,13245468000.0,2024-09-02 07:56:03.064,2024-09-02 04:03:38.686
2024-09-02 08:00:00,0.84254,0.84324,0.84227,0.84233,14383781000.0,2024-09-02 08:20:43.749,2024-09-02 11:57:48.230
2024-09-02 12:00:00,0.84234,0.84244,0.84149,0.84196,14673070000.0,2024-09-02 12:04:39.806,2024-09-02 14:58:49.721
2024-09-02 16:00:00,0.84197,0.84224,0.84186,0.84219,4279031000.0,2024-09-02 19:14:00.092,2024-09-02 16:07:33.003
2024-09-02 20:00:00,0.84218,0.84226,0.84178,0.84219,1316072000.0,2024-09-02 23:39:30.428,2024-09-02 21:04:01.004
2024-09-03 00:00:00,0.84221,0.84233,0.84181,0.84223,6778484000.0,2024-09-03 03:39:06.968,2024-09-03 01:13:36.265
2024-09-03 04:00:00,0.84222,0.8433,0.84202,0.84253,19374552000.0,2024-09-03 06:46:48.790,2024-09-03 07:17:01.438
2024-09-03 08:00:00,0.84254,0.84278,0.84094,0.84103,18362387000.0,2024-09-03 08:01:03.526,2024-09-03 11:29:39.775
2024-09-03 12:00:00,0.84101,0.84344,0.84058,0.84271,33676087000.0,2024-09-03 14:45:44.320,2024-09-03 12:14:56.144
2024-09-03 16:00:00,0.84269,0.84293,0.8423,0.84236,20919554000.0,2024-09-03 16:12:54.077,2024-09-03 17:59:46.794
2024-09-03 20:00:00,0.84235,0.84262,0.84181,0.84254,2776998000.0,2024-09-03 23:39:42.527,2024-09-03 21:15:13.823
2024-09-04 00:00:00,0.84253,0.84333,0.84242,0.84305,10511247000.0,2024-09-04 02:19:49.069,2024-09-04 00:01:16.799
2024-09-04 04:00:00,0.84308,0.84351,0.84277,0.84292,16421536000.0,2024-09-04 07:29:34.575,2024-09-04 04:59:49.844
2024-09-04 08:00:00,0.84291,0.84304,0.84205,0.84226,16368483000.0,2024-09-04 08:03:35.768,2024-09-04 11:54:45.345
2024-09-04 12:00:00,0.84228,0.84316,0.84159,0.84316,35648066900.0,2024-09-04 15:59:57.121,2024-09-04 13:57:24.079
2024-09-04 16:00:00,0.84315,0.8433,0.84262,0.8428,7221647000.0,2024-09-04 16:06:51.628,2024-09-04 17:16:23.587
2024-09-04 20:00:00,0.84281,0.84319,0.84264,0.84294,6451203000.0,2024-09-04 23:00:06.149,2024-09-04 20:03:53.520
2024-09-05 00:00:00,0.84293,0.84304,0.84236,0.84249,4960600000.0,2024-09-05 00:04:50.702,2024-09-05 02:56:27.343
2024-09-05 04:00:00,0.8425,0.8435,0.84238,0.84325,10823031000.0,2024-09-05 07:18:55.138,2024-09-05 05:31:46.845
2024-09-05 08:00:00,0.84324,0.84346,0.84259,0.84309,13017306000.0,2024-09-05 08:12:02.918,2024-09-05 09:07:22.221
2024-09-05 12:00:00,0.8431,0.84377,0.8418,0.84279,33418614000.0,2024-09-05 12:21:04.113,2024-09-05 14:33:16.509
2024-09-05 16:00:00,0.8428,0.84326,0.84259,0.84302,26881431000.0,2024-09-05 17:17:55.758,2024-09-05 16:55:52.076
2024-09-05 20:00:00,0.84303,0.84325,0.8424,0.84325,4778016000.0,2024-09-05 23:42:14.373,2024-09-05 21:05:00.619
2024-09-06 00:00:00,0.84326,0.84355,0.8431,0.8435,7384469000.0,2024-09-06 03:49:50.728,2024-09-06 00:11:13.871
2024-09-06 04:00:00,0.84349,0.84379,0.84281,0.84324,11881038000.0,2024-09-06 05:40:53.293,2024-09-06 07:12:20.623
2024-09-06 08:00:00,0.84325,0.84435,0.84284,0.84288,24905042000.0,2024-09-06 09:01:36.735,2024-09-06 11:12:32.526
2024-09-06 12:00:00,0.84287,0.84466,0.84114,0.84415,72552731000.0,2024-09-06 15:23:02.156,2024-09-06 13:49:04.377
2024-09-06 16:00:00,0.84416,0.84452,0.84376,0.84427,32748983000.0,2024-09-06 16:41:20.771,2024-09-06 17:14:01.361
2024-09-06 20:00:00,0.84428,0.84433,0.84404,0.84427,1586999000.0,2024-09-06 20:30:58.500,2024-09-06 20:42:23.768
2024-09-08 20:00:00,0.84369,0.84441,0.84357,0.84426,2592931000.0,2024-09-08 22:14:40.074,2024-09-08 21:06:01.773
2024-09-09 00:00:00,0.84425,0.84429,0.84358,0.84379,8701130000.0,2024-09-09 00:00:22.770,2024-09-09 01:52:13.061
2024-09-09 04:00:00,0.84378,0.84469,0.84363,0.84384,16757096000.0,2024-09-09 07:19:56.902,2024-09-09 04:13:54.716
2024-09-09 08:00:00,0.84383,0.84471,0.84352,0.84392,22299324000.0,2024-09-09 10:00:55.248,2024-09-09 11:48:36.174
2024-09-09 12:00:00,0.84391,0.84458,0.84329,0.84399,33351520000.0,2024-09-09 15:25:48.285,2024-09-09 14:16:59.296
2024-09-09 16:00:00,0.84398,0.84441,0.84348,0.8443,9987796000.0,2024-09-09 18:57:54.007,2024-09-09 17:05:42.767
2024-09-09 20:00:00,0.84429,0.8444,0.84393,0.84425,2682979000.0,2024-09-09 23:16:32.199,2024-09-09 21:04:01.004
2024-09-10 00:00:00,0.84426,0.84473,0.84423,0.84434,5008415000.0,2024-09-10 00:14:50.367,2024-09-10 00:00:11.481
2024-09-10 04:00:00,0.84435,0.84445,0.84252,0.84319,16297409000.0,2024-09-10 05:57:47.439,2024-09-10 07:20:58.151
2024-09-10 08:00:00,0.84318,0.84365,0.8425,0.84275,14975254000.0,2024-09-10 09:03:12.141,2024-09-10 11:42:29.296
2024-09-10 12:00:00,0.84274,0.84445,0.84259,0.84386,41199343000.0,2024-09-10 13:40:14.100,2024-09-10 12:00:58.962
2024-09-10 16:00:00,0.84388,0.84425,0.84256,0.84263,14895440000.0,2024-09-10 16:03:30.193,2024-09-10 19:31:15.766
2024-09-10 20:00:00,0.84261,0.84281,0.84216,0.8425,6109754000.0,2024-09-10 21:12:06.218,2024-09-10 21:04:01.004
2024-09-11 00:00:00,0.84249,0.84339,0.84245,0.84299,7996535000.0,2024-09-11 01:38:54.194,2024-09-11 00:00:08.095
2024-09-11 04:00:00,0.843,0.84424,0.8426,0.84394,20389541000.0,2024-09-11 07:49:03.394,2024-09-11 05:59:22.036
2024-09-11 08:00:00,0.84393,0.84463,0.84346,0.84356,21983966000.0,2024-09-11 10:27:06.227,2024-09-11 09:16:53.260
2024-09-11 12:00:00,0.84355,0.84633,0.84303,0.84552,57817743000.0,2024-09-11 14:47:50.096,2024-09-11 12:30:01.221
2024-09-11 16:00:00,0.84553,0.84557,0.84453,0.84465,15536612000.0,2024-09-11 16:00:02.797,2024-09-11 19:57:08.400
2024-09-11 20:00:00,0.84467,0.84467,0.84406,0.84444,2738885000.0,2024-09-11 20:00:00.455,2024-09-11 21:05:00.212
2024-09-12 00:00:00,0.84443,0.8447,0.84421,0.84435,18696188000.0,2024-09-12 01:29:16.824,2024-09-12 00:55:32.295
2024-09-12 04:00:00,0.84436,0.84445,0.84378,0.84418,9743451000.0,2024-09-12 06:22:40.100,2024-09-12 07:30:35.527
2024-09-12 08:00:00,0.8442,0.84476,0.84368,0.84471,19845913000.0,2024-09-12 11:43:41.405,2024-09-12 10:21:19.518
2024-09-12 12:00:00,0.8447,0.84553,0.84358,0.84401,43032684000.0,2024-09-12 13:51:21.057,2024-09-12 15:14:34.636
2024-09-12 16:00:00,0.84402,0.84429,0.84333,0.84385,16676792000.0,2024-09-12 18:52:01.970,2024-09-12 16:49:28.211
2024-09-12 20:00:00,0.84386,0.84401,0.84342,0.84359,2680048000.0,2024-09-12 20:08:20.034,2024-09-12 22:28:19.320
2024-09-13 00:00:00,0.84358,0.84364,0.84315,0.84317,7211236000.0,2024-09-13 00:00:58.621,2024-09-13 03:52:15.733
2024-09-13 04:00:00,0.84316,0.84382,0.8427,0.84376,23738608000.0,2024-09-13 07:57:28.276,2024-09-13 06:15:38.095
2024-09-13 08:00:00,0.84378,0.84528,0.84344,0.84469,13367822000.0,2024-09-13 11:27:01.035,2024-09-13 09:24:16.885
2024-09-13 12:00:00,0.84468,0.84489,0.84298,0.84358,30557528000.0,2024-09-13 12:07:31.724,2024-09-13 14:55:33.430
2024-09-13 16:00:00,0.84359,0.84451,0.84359,0.84404,9033845000.0,2024-09-13 18:40:06.524,2024-09-13 16:00:00.093
2024-09-13 20:00:00,0.84405,0.84408,0.8435,0.84382,1410507000.0,2024-09-13 20:02:47.089,2024-09-13 20:46:51.396
2024-09-15 20:00:00,0.84366,0.84433,0.84356,0.84408,1906114000.0,2024-09-15 22:29:19.905,2024-09-15 21:05:07.107
2024-09-16 00:00:00,0.84407,0.84408,0.84345,0.84374,3565107000.0,2024-09-16 00:18:08.087,2024-09-16 02:54:41.070
2024-09-16 04:00:00,0.84373,0.84433,0.84347,0.84388,11122631000.0,2024-09-16 07:16:58.680,2024-09-16 05:43:50.739
2024-09-16 08:00:00,0.84389,0.84393,0.84243,0.84268,24183173000.0,2024-09-16 08:07:30.763,2024-09-16 10:45:46.294
2024-09-16 12:00:00,0.84269,0.84313,0.8421,0.84253,28023886000.0,2024-09-16 14:32:29.023,2024-09-16 15:22:34.315
2024-09-16 16:00:00,0.84251,0.84276,0.84199,0.84226,13002324000.0,2024-09-16 17:02:10.560,2024-09-16 19:19:34.287
2024-09-16 20:00:00,0.84227,0.84257,0.84203,0.84245,2492977000.0,2024-09-16 23:55:18.189,2024-09-16 21:05:01.201
2024-09-17 00:00:00,0.84246,0.8427,0.84229,0.84254,9050242000.0,2024-09-17 00:13:51.559,2024-09-17 02:00:35.777
2024-09-17 04:00:00,0.84255,0.84285,0.84194,0.84253,11313015000.0,2024-09-17 07:53:27.788,2024-09-17 07:12:16.665
2024-09-17 08:00:00,0.84252,0.84292,0.84207,0.84248,25192996000.0,2024-09-17 08:27:35.237,2024-09-17 09:14:31.064
2024-09-17 12:00:00,0.84249,0.84469,0.84181,0.84454,48925221000.0,2024-09-17 15:56:07.099,2024-09-17 13:05:22.952
2024-09-17 16:00:00,0.84455,0.84539,0.84449,0.84449,9755412000.0,2024-09-17 16:51:03.809,2024-09-17 16:02:29.863
2024-09-17 20:00:00,0.84448,0.84478,0.84387,0.84466,3751836000.0,2024-09-17 23:49:31.232,2024-09-17 21:04:01.003
2024-09-18 00:00:00,0.84465,0.84531,0.84459,0.84511,7577914000.0,2024-09-18 02:39:40.780,2024-09-18 00:00:05.304
2024-09-18 04:00:00,0.8451,0.84519,0.84318,0.84336,20239872000.0,2024-09-18 05:08:19.947,2024-09-18 07:12:35.855
2024-09-18 08:00:00,0.84337,0.84339,0.84183,0.84207,30073095000.0,2024-09-18 08:00:03.682,2024-09-18 11:42:34.504
2024-09-18 12:00:00,0.84208,0.84242,0.8404,0.8422,38441558000.0,2024-09-18 12:20:43.272,2024-09-18 13:45:21.115
2024-09-18 16:00:00,0.84221,0.84256,0.84098,0.84209,46396487000.0,2024-09-18 16:28:43.965,2024-09-18 18:00:01.201
2024-09-18 20:00:00,0.84208,0.84217,0.84096,0.84174,9346185000.0,2024-09-18 20:00:39.749,2024-09-18 21:04:01.004
2024-09-19 00:00:00,0.84173,0.842,0.84112,0.84157,17827700000.0,2024-09-19 00:46:03.550,2024-09-19 02:30:32.502
2024-09-19 04:00:00,0.84156,0.84202,0.84035,0.84137,36310709000.0,2024-09-19 04:22:09.852,2024-09-19 06:58:23.214
2024-09-19 08:00:00,0.84138,0.84228,0.83916,0.83986,44811599000.0,2024-09-19 08:44:51.562,2024-09-19 11:27:00.813
2024-09-19 12:00:00,0.83985,0.84101,0.83924,0.8394,65021149000.0,2024-09-19 13:46:49.030,2024-09-19 12:04:30.842
2024-09-19 16:00:00,0.83939,0.84076,0.83918,0.84036,14813297000.0,2024-09-19 19:02:27.452,2024-09-19 16:07:01.722
2024-09-19 20:00:00,0.84037,0.8406,0.83966,0.8402,2415885000.0,2024-09-19 20:17:41.328,2024-09-19 21:04:01.004
2024-09-20 00:00:00,0.84021,0.84063,0.83962,0.83987,12223638000.0,2024-09-20 00:12:29.137,2024-09-20 03:41:04.663
2024-09-20 04:00:00,0.83986,0.84,0.8381,0.83849,28455285000.0,2024-09-20 05:27:11.002,2024-09-20 07:18:57.830
2024-09-20 08:00:00,0.83848,0.84015,0.83838,0.83921,30110377000.0,2024-09-20 10:56:30.673,2024-09-20 08:01:00.740
2024-09-20 12:00:00,0.83922,0.84,0.83849,0.83871,46735625000.0,2024-09-20 13:53:41.561,2024-09-20 15:43:18.486
2024-09-20 16:00:00,0.8387,0.83901,0.83814,0.83819,46311439000.0,2024-09-20 16:01:13.600,2024-09-20 18:31:26.300
2024-09-20 20:00:00,0.8382,0.83822,0.83782,0.83796,2225185000.0,2024-09-20 20:00:03.938,2024-09-20 20:24:42.393
2024-09-22 20:00:00,0.83759,0.83835,0.83759,0.83825,1701432000.0,2024-09-22 23:56:49.070,2024-09-22 21:05:00.005
2024-09-23 00:00:00,0.83826,0.8386,0.83806,0.83858,5101499000.0,2024-09-23 03:58:31.678,2024-09-23 01:41:25.541
2024-09-23 04:00:00,0.83857,0.83865,0.8368,0.837,28606695000.0,2024-09-23 04:01:17.134,2024-09-23 07:57:08.639
2024-09-23 08:00:00,0.83699,0.83701,0.83513,0.83525,42451440000.0,2024-09-23 08:02:07.200,2024-09-23 11:20:40.967
2024-09-23 12:00:00,0.83526,0.83548,0.83352,0.83367,55868754000.0,2024-09-23 13:33:02.168,2024-09-23 15:46:32.378
2024-09-23 16:00:00,0.83365,0.83391,0.83269,0.83271,34697427000.0,2024-09-23 16:20:22.625,2024-09-23 19:59:47.970
2024-09-23 20:00:00,0.8327,0.83278,0.8322,0.83233,5994658000.0,2024-09-23 20:13:45.583,2024-09-23 21:04:01.003
2024-09-24 00:00:00,0.83232,0.83246,0.8318,0.83218,14376482000.0,2024-09-24 00:03:15.005,2024-09-24 01:29:51.958
2024-09-24 04:00:00,0.83217,0.8339,0.8317,0.8335,30915093000.0,2024-09-24 07:50:17.616,2024-09-24 05:02:34.577
2024-09-24 08:00:00,0.83351,0.83375,0.83218,0.83237,31744760000.0,2024-09-24 08:07:39.558,2024-09-24 11:34:01.598
2024-09-24 12:00:00,0.83236,0.83392,0.83171,0.8336,42564243000.0,2024-09-24 15:45:13.091,2024-09-24 13:14:01.480
2024-09-24 16:00:00,0.83358,0.83359,0.83303,0.83315,15269360000.0,2024-09-24 16:00:01.923,2024-09-24 16:38:33.346
2024-09-24 20:00:00,0.83316,0.83361,0.83311,0.83345,5289106000.0,2024-09-24 22:47:14.108,2024-09-24 20:00:03.264
2024-09-25 00:00:00,0.83344,0.8344,0.83337,0.83422,9689401000.0,2024-09-25 03:53:18.782,2024-09-25 00:03:24.030
2024-09-25 04:00:00,0.83421,0.83606,0.83414,0.83587,22898652000.0,2024-09-25 07:47:43.359,2024-09-25 04:01:54.963
2024-09-25 08:00:00,0.83583,0.83717,0.83559,0.837,26949631000.0,2024-09-25 11:56:19.589,2024-09-25 09:31:17.891
2024-09-25 12:00:00,0.83699,0.837,0.8348,0.83544,38169752000.0,2024-09-25 12:00:01.159,2024-09-25 14:42:06.958
2024-09-25 16:00:00,0.83546,0.836,0.83491,0.83552,23087464000.0,2024-09-25 18:46:57.616,2024-09-25 16:57:06.491
2024-09-25 20:00:00,0.83553,0.83601,0.83483,0.83591,5561910000.0,2024-09-25 23:52:26.996,2024-09-25 21:07:38.108
2024-09-26 00:00:00,0.83593,0.83595,0.83513,0.83515,8475112000.0,2024-09-26 00:00:59.853,2024-09-26 03:59:23.200
2024-09-26 04:00:00,0.83517,0.83583,0.83438,0.83442,20189769000.0,2024-09-26 06:46:12.041,2024-09-26 07:59:14.474
2024-09-26 08:00:00,0.8344,0.83493,0.83343,0.83397,31505647000.0,2024-09-26 09:09:06.249,2024-09-26 11:09:28.931
2024-09-26 12:00:00,0.83396,0.83457,0.83273,0.83277,57792386000.0,2024-09-26 12:30:12.040,2024-09-26 15:58:45.313
2024-09-26 16:00:00,0.83278,0.83346,0.83267,0.83323,17685288000.0,2024-09-26 19:37:50.458,2024-09-26 17:04:53.734
2024-09-26 20:00:00,0.83324,0.83348,0.83246,0.8334,3878691000.0,2024-09-26 21:05:29.921,2024-09-26 21:04:01.004
2024-09-27 00:00:00,0.83341,0.83409,0.83336,0.83392,7365352000.0,2024-09-27 03:07:40.781,2024-09-27 00:54:59.250
2024-09-27 04:00:00,0.83393,0.83448,0.83216,0.83282,31888093000.0,2024-09-27 06:30:44.606,2024-09-27 07:26:00.884
2024-09-27 08:00:00,0.83281,0.83394,0.83264,0.83372,26408141000.0,2024-09-27 10:37:54.139,2024-09-27 08:04:12.437
2024-09-27 12:00:00,0.83374,0.83488,0.83282,0.83308,42525602000.0,2024-09-27 13:45:40.128,2024-09-27 12:37:31.193
2024-09-27 16:00:00,0.83307,0.83463,0.83297,0.83456,29784920000.0,2024-09-27 19:35:52.247,2024-09-27 16:02:30.313
2024-09-27 20:00:00,0.83457,0.83495,0.83442,0.83449,3053285000.0,2024-09-27 20:37:57.478,2024-09-27 20:52:22.621
2024-09-29 20:00:00,0.83417,0.83486,0.83408,0.83457,1818225000.0,2024-09-29 22:54:47.462,2024-09-29 21:33:28.045
2024-09-30 00:00:00,0.83456,0.83492,0.83365,0.83365,7709698000.0,2024-09-30 00:48:22.266,2024-09-30 03:59:50.971
2024-09-30 04:00:00,0.83364,0.83451,0.83352,0.83378,9878005000.0,2024-09-30 06:57:41.700,2024-09-30 05:05:22.494
2024-09-30 08:00:00,0.83384,0.83563,0.83382,0.83549,27514315000.0,2024-09-30 11:53:59.990,2024-09-30 08:00:12.822
2024-09-30 12:00:00,0.83547,0.836,0.83124,0.83178,37628817000.0,2024-09-30 12:51:48.495,2024-09-30 15:39:14.364
2024-09-30 16:00:00,0.83179,0.83277,0.83138,0.83254,32843864000.0,2024-09-30 17:47:31.902,2024-09-30 16:08:51.213
2024-09-30 20:00:00,0.83255,0.83274,0.83195,0.83246,3083858000.0,2024-09-30 23:20:18.413,2024-09-30 21:04:01.003
2024-10-01 00:00:00,0.83245,0.83298,0.83213,0.83296,14794790000.0,2024-10-01 03:59:31.297,2024-10-01 00:55:12.705
2024-10-01 04:00:00,0.83298,0.83372,0.8318,0.83329,15652780000.0,2024-10-01 07:31:35.532,2024-10-01 06:56:42.402
2024-10-01 08:00:00,0.8333,0.83355,0.83169,0.83212,27648685000.0,2024-10-01 09:16:49.878,2024-10-01 11:53:49.220
2024-10-01 12:00:00,0.83213,0.8341,0.83107,0.83332,60314468000.0,2024-10-01 15:07:59.832,2024-10-01 12:56:00.781
2024-10-01 16:00:00,0.83333,0.83452,0.83309,0.83334,34231278000.0,2024-10-01 17:33:13.191,2024-10-01 16:12:27.633
2024-10-01 20:00:00,0.83335,0.83359,0.83246,0.8335,6411680000.0,2024-10-01 20:20:12.161,2024-10-01 21:04:01.004
2024-10-02 00:00:00,0.83351,0.83354,0.83279,0.83323,8311640000.0,2024-10-02 00:00:22.788,2024-10-02 02:05:18.283
2024-10-02 04:00:00,0.83324,0.83381,0.83213,0.83281,18893488000.0,2024-10-02 05:01:44.957,2024-10-02 07:13:03.016
2024-10-02 08:00:00,0.83282,0.83357,0.8326,0.83313,28793464000.0,2024-10-02 11:08:05.143,2024-10-02 09:00:02.907
2024-10-02 12:00:00,0.83314,0.83357,0.83218,0.83262,44590469000.0,2024-10-02 13:42:55.175,2024-10-02 15:31:34.792
2024-10-02 16:00:00,0.83263,0.83276,0.83214,0.83253,12782226000.0,2024-10-02 16:08:56.328,2024-10-02 18:43:28.410
2024-10-02 20:00:00,0.83252,0.83282,0.83196,0.83281,5855840000.0,2024-10-02 23:58:51.817,2024-10-02 21:04:01.004
2024-10-03 00:00:00,0.83282,0.8329,0.83234,0.83283,9541653000.0,2024-10-03 03:44:01.052,2024-10-03 01:01:32.903
2024-10-03 04:00:00,0.83282,0.83889,0.83264,0.83873,32251988000.0,2024-10-03 07:57:25.672,2024-10-03 04:24:26.013
2024-10-03 08:00:00,0.83872,0.84342,0.83871,0.84211,17628430000.0,2024-10-03 11:35:39.898,2024-10-03 08:00:09.808
2024-10-03 12:00:00,0.8421,0.84282,0.83979,0.84003,44245511000.0,2024-10-03 12:11:29.098,2024-10-03 15:12:23.688
2024-10-03 16:00:00,0.84004,0.84087,0.83958,0.84047,15359886000.0,2024-10-03 18:23:10.023,2024-10-03 16:07:07.672
2024-10-03 20:00:00,0.84049,0.84061,0.84015,0.8405,3268777000.0,2024-10-03 23:22:37.181,2024-10-03 20:36:47.834
2024-10-04 00:00:00,0.84051,0.84061,0.83976,0.83992,6148333000.0,2024-10-04 00:10:37.455,2024-10-04 02:08:37.934
2024-10-04 04:00:00,0.83991,0.84015,0.83732,0.83805,16458632000.0,2024-10-04 04:56:39.707,2024-10-04 07:58:07.144
2024-10-04 08:00:00,0.83802,0.83876,0.83705,0.83769,24102181000.0,2024-10-04 08:09:08.474,2024-10-04 10:57:36.625
2024-10-04 12:00:00,0.83766,0.83873,0.83599,0.83627,91749857000.0,2024-10-04 13:26:40.709,2024-10-04 15:55:21.614
2024-10-04 16:00:00,0.83626,0.83641,0.83529,0.83615,23208591000.0,2024-10-04 19:24:01.880,2024-10-04 17:16:33.782
2024-10-04 20:00:00,0.83616,0.83645,0.83599,0.83642,4146159000.0,2024-10-04 20:54:36.222,2024-10-04 20:09:47.215
2024-10-06 20:00:00,0.83517,0.8363,0.83517,0.83595,2873665000.0,2024-10-06 22:05:04.735,2024-10-06 21:05:00.006
2024-10-07 00:00:00,0.83596,0.83616,0.83561,0.83566,11910044000.0,2024-10-07 00:02:40.532,2024-10-07 01:02:28.556
2024-10-07 04:00:00,0.83567,0.83695,0.83558,0.83656,27272742000.0,2024-10-07 07:44:27.542,2024-10-07 04:08:13.530
2024-10-07 08:00:00,0.83657,0.83955,0.83657,0.83906,32378839000.0,2024-10-07 11:02:16.356,2024-10-07 08:00:00.170
2024-10-07 12:00:00,0.83907,0.83995,0.8387,0.83914,31378600000.0,2024-10-07 14:00:25.925,2024-10-07 13:15:37.097
2024-10-07 16:00:00,0.83915,0.83932,0.83844,0.83867,17458949000.0,2024-10-07 16:31:07.003,2024-10-07 19:53:22.489
2024-10-07 20:00:00,0.83864,0.83901,0.83858,0.83868,4296442000.0,2024-10-07 22:36:08.160,2024-10-07 20:22:35.636
2024-10-08 00:00:00,0.83869,0.83899,0.83812,0.83885,15579627000.0,2024-10-08 03:41:24.792,2024-10-08 02:37:31.975
2024-10-08 04:00:00,0.83886,0.84045,0.83875,0.83919,25775699000.0,2024-10-08 07:22:02.582,2024-10-08 05:32:28.844
2024-10-08 08:00:00,0.8392,0.83974,0.83822,0.83841,18227108000.0,2024-10-08 08:13:07.311,2024-10-08 10:57:23.424
2024-10-08 12:00:00,0.8384,0.83848,0.83737,0.83785,24817022000.0,2024-10-08 12:00:14.204,2024-10-08 12:28:30.946
2024-10-08 16:00:00,0.83786,0.83865,0.83777,0.83797,12744970000.0,2024-10-08 17:21:20.845,2024-10-08 19:39:21.052
2024-10-08 20:00:00,0.83796,0.83823,0.83751,0.83823,5037850000.0,2024-10-08 23:59:12.122,2024-10-08 21:04:30.597
2024-10-09 00:00:00,0.83822,0.83836,0.83759,0.83814,11914335000.0,2024-10-09 03:10:41.550,2024-10-09 01:37:16.688
2024-10-09 04:00:00,0.83816,0.83883,0.83751,0.83774,19848275000.0,2024-10-09 07:11:22.375,2024-10-09 05:31:46.199
2024-10-09 08:00:00,0.83775,0.83838,0.83714,0.83719,14457203000.0,2024-10-09 09:40:52.208,2024-10-09 11:59:41.728
2024-10-09 12:00:00,0.83718,0.83797,0.83698,0.83726,32832387000.0,2024-10-09 14:20:46.521,2024-10-09 15:07:45.617
2024-10-09 16:00:00,0.83728,0.83734,0.83675,0.83725,14870663000.0,2024-10-09 16:30:10.013,2024-10-09 18:42:16.917
2024-10-09 20:00:00,0.83724,0.83748,0.83659,0.83736,3898627000.0,2024-10-09 20:15:46.690,2024-10-09 21:27:22.881
2024-10-10 00:00:00,0.83737,0.8374,0.83683,0.83692,7052531000.0,2024-10-10 00:00:02.863,2024-10-10 03:41:13.883
2024-10-10 04:00:00,0.83691,0.83701,0.83584,0.83598,14807599000.0,2024-10-10 05:02:05.510,2024-10-10 07:52:23.998
2024-10-10 08:00:00,0.83599,0.8367,0.83542,0.83652,22201701000.0,2024-10-10 10:55:15.287,2024-10-10 11:02:24.197
2024-10-10 12:00:00,0.83651,0.83852,0.83637,0.83699,71189861000.0,2024-10-10 13:44:34.214,2024-10-10 12:48:03.552
2024-10-10 16:00:00,0.83698,0.8375,0.83643,0.8375,34625608000.0,2024-10-10 19:59:48.129,2024-10-10 16:50:28.642
2024-10-10 20:00:00,0.83748,0.83756,0.83674,0.83706,4653824000.0,2024-10-10 20:00:37.442,2024-10-10 21:35:00.894
2024-10-11 00:00:00,0.83705,0.83804,0.83689,0.83793,8533362000.0,2024-10-11 03:17:03.082,2024-10-11 01:22:24.319
2024-10-11 04:00:00,0.83794,0.8383,0.83704,0.83705,16869018000.0,2024-10-11 06:38:18.980,2024-10-11 07:59:50.415
2024-10-11 08:00:00,0.83704,0.83782,0.83676,0.83691,29889710000.0,2024-10-11 08:57:35.086,2024-10-11 09:55:14.887
2024-10-11 12:00:00,0.8369,0.83747,0.83635,0.83713,39120991000.0,2024-10-11 15:33:15.825,2024-10-11 12:30:01.767
2024-10-11 16:00:00,0.83714,0.8374,0.83655,0.83683,18295249000.0,2024-10-11 17:04:31.218,2024-10-11 19:42:34.290
2024-10-11 20:00:00,0.83682,0.83709,0.83663,0.83688,1229891000.0,2024-10-11 20:49:45.990,2024-10-11 20:04:42.060
2024-10-13 20:00:00,0.83539,0.83734,0.83539,0.83709,1345739000.0,2024-10-13 22:25:48.342,2024-10-13 21:05:00.005
2024-10-14 00:00:00,0.8371,0.83723,0.83653,0.83657,5515143000.0,2024-10-14 02:04:09.510,2024-10-14 03:44:45.952
2024-10-14 04:00:00,0.83658,0.83686,0.83605,0.83665,11047768000.0,2024-10-14 07:47:44.229,2024-10-14 07:00:24.737
2024-10-14 08:00:00,0.83666,0.83736,0.83611,0.83692,25220347000.0,2024-10-14 10:51:01.204,2024-10-14 08:57:43.596
2024-10-14 12:00:00,0.83693,0.83726,0.8354,0.8358,33134130000.0,2024-10-14 12:35:45.893,2024-10-14 15:53:19.103
2024-10-14 16:00:00,0.83581,0.83604,0.83484,0.83517,13695485000.0,2024-10-14 16:02:26.371,2024-10-14 19:02:40.987
2024-10-14 20:00:00,0.83516,0.83538,0.83478,0.83481,2650366000.0,2024-10-14 21:55:16.565,2024-10-14 22:54:53.281
2024-10-15 00:00:00,0.83482,0.835,0.83428,0.83467,5036661000.0,2024-10-15 00:26:10.415,2024-10-15 03:00:45.634
2024-10-15 04:00:00,0.83468,0.83508,0.83357,0.83362,16623059000.0,2024-10-15 06:03:59.910,2024-10-15 07:59:19.455
2024-10-15 08:00:00,0.83364,0.83467,0.83303,0.83362,29846541000.0,2024-10-15 09:15:02.446,2024-10-15 11:36:04.257
2024-10-15 12:00:00,0.83361,0.83396,0.83253,0.83309,11001184000.0,2024-10-15 12:23:19.970,2024-10-15 14:58:54.097
2024-10-15 16:00:00,0.8331,0.83339,0.8329,0.83311,1117962000.0,2024-10-15 16:55:01.736,2024-10-15 16:24:21.843
2024-10-15 20:00:00,0.83313,0.83338,0.83281,0.833,620548000.0,2024-10-15 20:13:50.968,2024-10-15 21:04:01.004
2024-10-16 00:00:00,0.83299,0.8333,0.8329,0.83319,951522000.0,2024-10-16 03:24:04.597,2024-10-16 02:33:15.806
2024-10-16 04:00:00,0.83318,0.83801,0.83267,0.83702,6077156000.0,2024-10-16 07:16:56.133,2024-10-16 05:31:18.870
2024-10-16 08:00:00,0.83703,0.8374,0.83601,0.83602,3245980000.0,2024-10-16 08:01:18.795,2024-10-16 11:58:22.119
2024-10-16 12:00:00,0.83603,0.83686,0.83563,0.83635,3049254000.0,2024-10-16 13:16:27.859,2024-10-16 14:27:41.346
2024-10-16 16:00:00,0.83634,0.83661,0.83559,0.83631,8189424000.0,2024-10-16 16:10:10.994,2024-10-16 17:05:01.419
2024-10-16 20:00:00,0.83632,0.83658,0.83561,0.83584,337738000.0,2024-10-16 21:08:50.976,2024-10-16 21:04:01.003
2024-10-17 00:00:00,0.83585,0.83645,0.83564,0.83569,603546000.0,2024-10-17 00:59:53.922,2024-10-17 02:08:32.332
2024-10-17 04:00:00,0.83568,0.83638,0.83551,0.83599,2399078000.0,2024-10-17 07:08:25.646,2024-10-17 07:30:44.137
2024-10-17 08:00:00,0.83598,0.8363,0.8346,0.83462,3694945000.0,2024-10-17 08:58:03.654,2024-10-17 11:59:46.437
2024-10-17 12:00:00,0.83461,0.83502,0.83191,0.83309,8348302000.0,2024-10-17 12:15:44.117,2024-10-17 14:19:39.930
2024-10-17 16:00:00,0.8331,0.83312,0.83179,0.83208,690393000.0,2024-10-17 16:00:04.847,2024-10-17 17:46:53.053
2024-10-17 20:00:00,0.83207,0.8325,0.83157,0.83204,251172000.0,2024-10-17 21:48:47.084,2024-10-17 21:05:00.116
2024-10-18 00:00:00,0.83205,0.83251,0.8318,0.83238,34918594000.0,2024-10-18 03:56:42.508,2024-10-18 00:11:04.840
2024-10-18 04:00:00,0.83241,0.83256,0.82949,0.83057,3431754000.0,2024-10-18 04:58:51.805,2024-10-18 06:18:23.995
2024-10-18 08:00:00,0.83056,0.83198,0.83056,0.83157,4568312000.0,2024-10-18 09:59:58.114,2024-10-18 08:00:00.156
2024-10-18 12:00:00,0.83156,0.83355,0.83118,0.83349,4795358000.0,2024-10-18 15:59:01.423,2024-10-18 13:23:30.054
2024-10-18 16:00:00,0.8335,0.83359,0.83269,0.83292,3955491000.0,2024-10-18 16:01:37.297,2024-10-18 17:51:48.248
2024-10-18 20:00:00,0.83291,0.83307,0.83268,0.83278,834349000.0,2024-10-18 20:22:26.098,2024-10-18 20:48:03.586
2024-10-20 20:00:00,0.83196,0.83286,0.83193,0.83266,1893502000.0,2024-10-20 21:56:11.104,2024-10-20 21:05:10.109
2024-10-21 00:00:00,0.83265,0.83303,0.83244,0.83264,3213514000.0,2024-10-21 01:00:01.772,2024-10-21 02:23:45.708
2024-10-21 04:00:00,0.83263,0.83328,0.83254,0.83305,4142236000.0,2024-10-21 07:11:00.727,2024-10-21 04:19:01.926
2024-10-21 08:00:00,0.83306,0.83391,0.83277,0.83387,5069031000.0,2024-10-21 08:41:14.968,2024-10-21 11:11:53.357
2024-10-21 12:00:00,0.83389,0.83395,0.83275,0.83359,7384384000.0,2024-10-21 12:00:02.698,2024-10-21 13:58:31.973
2024-10-21 16:00:00,0.83361,0.8337,0.83271,0.83296,4041031000.0,2024-10-21 16:01:31.369,2024-10-21 18:04:43.363
2024-10-21 20:00:00,0.83295,0.83319,0.8322,0.83303,1643603000.0,2024-10-21 22:43:31.371,2024-10-21 21:06:36.392
2024-10-22 00:00:00,0.83302,0.83327,0.83244,0.83252,5195195000.0,2024-10-22 01:03:43.360,2024-10-22 03:34:01.188
2024-10-22 04:00:00,0.83251,0.83308,0.83189,0.83298,4447242000.0,2024-10-22 07:53:23.752,2024-10-22 06:35:29.994
2024-10-22 08:00:00,0.83297,0.83465,0.83286,0.83342,5660566000.0,2024-10-22 10:55:53.092,2024-10-22 08:02:00.422
2024-10-22 12:00:00,0.83343,0.83458,0.83261,0.83314,9098686000.0,2024-10-22 13:09:47.336,2024-10-22 15:02:55.606
2024-10-22 16:00:00,0.83316,0.83344,0.83141,0.83142,6017519000.0,2024-10-22 16:27:50.944,2024-10-22 19:58:27.836
2024-10-22 20:00:00,0.83144,0.83178,0.83143,0.83169,1409901000.0,2024-10-22 20:20:43.620,2024-10-22 20:01:46.199
2024-10-23 00:00:00,0.8317,0.83213,0.83157,0.83185,4361750000.0,2024-10-23 01:23:13.695,2024-10-23 03:14:08.042
2024-10-23 04:00:00,0.83184,0.83221,0.83114,0.83162,4758069000.0,2024-10-23 06:57:52.129,2024-10-23 07:37:39.622
2024-10-23 08:00:00,0.83166,0.83177,0.83033,0.83108,5114346000.0,2024-10-23 08:00:02.734,2024-10-23 09:23:50.591
2024-10-23 12:00:00,0.83107,0.83324,0.83082,0.83272,9153705000.0,2024-10-23 15:40:40.002,2024-10-23 12:21:36.692
2024-10-23 16:00:00,0.83273,0.83447,0.83243,0.83397,6789975000.0,2024-10-23 18:23:00.319,2024-10-23 16:01:49.102
2024-10-23 20:00:00,0.83398,0.83517,0.8339,0.83466,1818315000.0,2024-10-23 23:01:55.467,2024-10-23 20:00:33.259
2024-10-24 00:00:00,0.83469,0.83487,0.83435,0.83454,4937522000.0,2024-10-24 00:18:21.835,2024-10-24 01:56:01.288
2024-10-24 04:00:00,0.83457,0.83484,0.83143,0.83281,7602881000.0,2024-10-24 04:31:56.168,2024-10-24 07:16:52.027
2024-10-24 08:00:00,0.83282,0.834,0.83175,0.8321,7210508000.0,2024-10-24 08:46:23.568,2024-10-24 11:38:28.218
2024-10-24 12:00:00,0.83208,0.83373,0.83172,0.83349,12731851000.0,2024-10-24 15:50:02.677,2024-10-24 12:30:00.523
2024-10-24 16:00:00,0.83348,0.83456,0.83341,0.83456,6620043000.0,2024-10-24 19:59:58.534,2024-10-24 16:00:28.071
2024-10-24 20:00:00,0.83457,0.83487,0.83422,0.83439,1962534000.0,2024-10-24 20:41:16.640,2024-10-24 21:04:01.004
2024-10-25 00:00:00,0.8344,0.83481,0.83431,0.8348,3755104000.0,2024-10-25 03:46:50.358,2024-10-25 00:01:14.976
2024-10-25 04:00:00,0.83479,0.8349,0.8341,0.83452,4725743000.0,2024-10-25 04:32:31.339,2024-10-25 07:38:29.184
2024-10-25 08:00:00,0.83454,0.83501,0.83324,0.83325,5389974000.0,2024-10-25 08:20:10.460,2024-10-25 11:59:45.529
2024-10-25 12:00:00,0.83329,0.83426,0.83293,0.83314,9304879000.0,2024-10-25 13:00:02.614,2024-10-25 15:48:00.997
2024-10-25 16:00:00,0.83315,0.83331,0.83262,0.83299,5225529000.0,2024-10-25 16:03:03.990,2024-10-25 16:34:27.209
2024-10-25 20:00:00,0.833,0.83309,0.8328,0.83291,1808988000.0,2024-10-25 20:35:15.932,2024-10-25 20:46:39.812
2024-10-27 20:00:00,0.8318,0.83326,0.83157,0.83318,1684057000.0,2024-10-27 23:31:24.520,2024-10-27 21:21:48.190
2024-10-28 00:00:00,0.83317,0.83332,0.83276,0.8331,5312876000.0,2024-10-28 00:05:18.922,2024-10-28 02:02:49.692
2024-10-28 04:00:00,0.83312,0.8333,0.83266,0.83298,5649543000.0,2024-10-28 05:08:43.805,2024-10-28 07:37:56.623
2024-10-28 08:00:00,0.83297,0.83432,0.83264,0.83279,7896840000.0,2024-10-28 08:46:23.969,2024-10-28 11:59:32.121
2024-10-28 12:00:00,0.83281,0.83354,0.83234,0.83346,6774208000.0,2024-10-28 14:30:15.080,2024-10-28 15:37:32.663
2024-10-28 16:00:00,0.83347,0.83385,0.83313,0.83362,5594824000.0,2024-10-28 19:58:45.201,2024-10-28 16:52:48.408
2024-10-28 20:00:00,0.83361,0.83389,0.83307,0.83372,1681413000.0,2024-10-28 22:59:50.790,2024-10-28 21:04:01.003
2024-10-29 00:00:00,0.83371,0.83403,0.83338,0.83393,5748161000.0,2024-10-29 03:57:49.450,2024-10-29 00:55:00.295
2024-10-29 04:00:00,0.83392,0.83403,0.8333,0.83335,4883706000.0,2024-10-29 04:00:08.868,2024-10-29 07:25:20.268
2024-10-29 08:00:00,0.83334,0.83376,0.83142,0.83159,9566737000.0,2024-10-29 09:47:39.206,2024-10-29 11:42:49.444
2024-10-29 12:00:00,0.83158,0.83185,0.82988,0.83032,13509702000.0,2024-10-29 12:07:44.402,2024-10-29 13:05:50.874
2024-10-29 16:00:00,0.8303,0.83153,0.83029,0.83144,8741319000.0,2024-10-29 17:52:20.992,2024-10-29 16:00:00.301
2024-10-29 20:00:00,0.83143,0.83165,0.83084,0.83155,2385788000.0,2024-10-29 23:39:50.050,2024-10-29 21:04:01.003
2024-10-30 00:00:00,0.83154,0.83207,0.83133,0.83192,4219317000.0,2024-10-30 03:20:55.846,2024-10-30 01:38:28.344
2024-10-30 04:00:00,0.83191,0.83223,0.83158,0.83165,4451391000.0,2024-10-30 06:41:55.286,2024-10-30 07:09:02.233
2024-10-30 08:00:00,0.83166,0.83538,0.83166,0.83449,9186354000.0,2024-10-30 11:06:09.932,2024-10-30 08:00:00.160
2024-10-30 12:00:00,0.8345,0.83573,0.83197,0.83491,16559752000.0,2024-10-30 12:53:32.373,2024-10-30 14:27:11.173
2024-10-30 16:00:00,0.83492,0.83745,0.83454,0.83733,8239265000.0,2024-10-30 18:02:03.786,2024-10-30 16:08:30.514
2024-10-30 20:00:00,0.83734,0.83802,0.83716,0.8379,3566473000.0,2024-10-30 23:22:32.613,2024-10-30 21:04:01.005
2024-10-31 00:00:00,0.83789,0.83821,0.83768,0.83786,4479429000.0,2024-10-31 00:48:15.756,2024-10-31 02:03:41.127
2024-10-31 04:00:00,0.83784,0.83784,0.83546,0.83557,6164644000.0,2024-10-31 04:00:00.114,2024-10-31 07:58:20.498
2024-10-31 08:00:00,0.83558,0.83783,0.83532,0.83736,8328765000.0,2024-10-31 09:41:41.256,2024-10-31 08:06:32.071
2024-10-31 12:00:00,0.83737,0.84469,0.83727,0.84438,20171141000.0,2024-10-31 15:53:14.532,2024-10-31 13:07:31.395
2024-10-31 16:00:00,0.84435,0.84475,0.84265,0.84369,11177739000.0,2024-10-31 18:02:54.149,2024-10-31 16:20:35.112
2024-10-31 20:00:00,0.8437,0.844,0.84344,0.84389,2174882000.0,2024-10-31 23:51:18.010,2024-10-31 20:05:51.391
2024-11-01 00:00:00,0.8439,0.84427,0.84311,0.84319,5621522000.0,2024-11-01 01:00:05.736,2024-11-01 03:39:38.334
2024-11-01 04:00:00,0.8432,0.84371,0.84254,0.84258,5741418000.0,2024-11-01 05:44:21.506,2024-11-01 07:58:30.026
2024-11-01 08:00:00,0.84257,0.84311,0.84054,0.84113,7239740000.0,2024-11-01 08:02:12.878,2024-11-01 08:23:21.135
2024-11-01 12:00:00,0.84114,0.84126,0.8369,0.8371,17107911000.0,2024-11-01 12:31:44.900,2024-11-01 14:32:31.855
2024-11-01 16:00:00,0.83709,0.83863,0.83705,0.83861,8799486000.0,2024-11-01 18:36:41.668,2024-11-01 16:02:17.522
2024-11-01 20:00:00,0.83862,0.83875,0.83844,0.83849,1603279000.0,2024-11-01 20:03:18.686,2024-11-01 20:54:46.360
2024-11-03 20:00:00,0.83843,0.83962,0.83835,0.83938,2005833000.0,2024-11-03 23:06:29.299,2024-11-03 22:05:31.384
2024-11-04 00:00:00,0.83937,0.83938,0.83866,0.83897,5534572000.0,2024-11-04 00:01:13.778,2024-11-04 03:35:38.852
2024-11-04 04:00:00,0.83896,0.83971,0.83845,0.83971,5896623000.0,2024-11-04 07:59:57.174,2024-11-04 07:00:55.796
2024-11-04 08:00:00,0.8397,0.84187,0.83936,0.84095,7735788000.0,2024-11-04 11:06:50.404,2024-11-04 08:10:09.693
2024-11-04 12:00:00,0.84097,0.84141,0.83909,0.83962,9891253000.0,2024-11-04 12:33:59.514,2024-11-04 15:10:45.135
2024-11-04 16:00:00,0.83963,0.8412,0.83955,0.83979,9289752000.0,2024-11-04 16:58:00.034,2024-11-04 19:56:31.217
2024-11-04 20:00:00,0.8398,0.83986,0.83886,0.83937,1966739000.0,2024-11-04 20:15:21.645,2024-11-04 22:04:01.004
2024-11-05 00:00:00,0.83936,0.83974,0.83931,0.83956,2899259000.0,2024-11-05 00:45:02.865,2024-11-05 03:08:28.991
2024-11-05 04:00:00,0.83957,0.83959,0.83874,0.83904,3320315000.0,2024-11-05 04:00:01.333,2024-11-05 07:12:40.659
2024-11-05 08:00:00,0.83903,0.83941,0.83869,0.83897,5847280000.0,2024-11-05 09:21:39.729,2024-11-05 11:40:19.591
2024-11-05 12:00:00,0.83896,0.83942,0.83778,0.83847,9513625000.0,2024-11-05 13:48:10.922,2024-11-05 14:32:39.528
2024-11-05 16:00:00,0.83849,0.8396,0.83831,0.83945,7962320000.0,2024-11-05 19:59:25.367,2024-11-05 16:02:21.919
2024-11-05 20:00:00,0.83947,0.83959,0.83782,0.83827,3351079000.0,2024-11-05 20:00:46.492,2024-11-05 22:04:01.004
2024-11-06 00:00:00,0.83826,0.83842,0.83276,0.83374,29870744000.0,2024-11-06 00:00:06.584,2024-11-06 03:45:39.090
2024-11-06 04:00:00,0.83375,0.8354,0.83288,0.83428,23578899000.0,2024-11-06 05:07:23.653,2024-11-06 06:43:44.199
2024-11-06 08:00:00,0.83427,0.83501,0.8325,0.83286,13117580000.0,2024-11-06 08:03:23.372,2024-11-06 11:43:08.080
2024-11-06 12:00:00,0.83287,0.83406,0.83141,0.83307,17163036000.0,2024-11-06 14:32:11.499,2024-11-06 12:49:41.305
2024-11-06 16:00:00,0.83306,0.83359,0.83189,0.83278,14284509000.0,2024-11-06 16:17:58.992,2024-11-06 17:47:09.129
2024-11-06 20:00:00,0.83277,0.83339,0.83187,0.83301,3466447000.0,2024-11-06 23:00:37.252,2024-11-06 22:05:00.980
2024-11-07 00:00:00,0.83303,0.83307,0.83106,0.83108,5226122000.0,2024-11-07 00:00:31.966,2024-11-07 03:58:11.501
2024-11-07 04:00:00,0.83107,0.83201,0.83082,0.83151,6174223000.0,2024-11-07 07:22:06.218,2024-11-07 05:25:47.463
2024-11-07 08:00:00,0.83153,0.83399,0.83151,0.83363,10997840000.0,2024-11-07 11:57:04.216,2024-11-07 08:00:01.261
2024-11-07 12:00:00,0.83364,0.83389,0.83131,0.83185,18327755000.0,2024-11-07 12:00:20.475,2024-11-07 13:06:13.765
2024-11-07 16:00:00,0.83184,0.83247,0.83061,0.83158,12669983000.0,2024-11-07 18:32:04.401,2024-11-07 16:26:55.385
2024-11-07 20:00:00,0.83155,0.83211,0.83145,0.83147,4243059000.0,2024-11-07 20:14:59.340,2024-11-07 23:59:10.989
2024-11-08 00:00:00,0.83148,0.83164,0.83118,0.83132,4694194000.0,2024-11-08 00:33:38.739,2024-11-08 00:02:48.515
2024-11-08 04:00:00,0.83133,0.83167,0.83082,0.83143,4762632000.0,2024-11-08 05:36:19.280,2024-11-08 06:50:09.700
2024-11-08 08:00:00,0.83142,0.83243,0.83107,0.8315,9567428000.0,2024-11-08 08:27:13.235,2024-11-08 08:04:33.875
2024-11-08 12:00:00,0.83151,0.83258,0.83037,0.83071,11762157000.0,2024-11-08 12:55:34.843,2024-11-08 15:55:39.878
2024-11-08 16:00:00,0.83072,0.83075,0.8292,0.82967,9409354000.0,2024-11-08 16:00:06.764,2024-11-08 18:51:49.726
2024-11-08 20:00:00,0.82965,0.83005,0.8294,0.82958,1507800000.0,2024-11-08 21:45:42.621,2024-11-08 20:53:37.415
2024-11-10 20:00:00,0.82907,0.82976,0.82907,0.82945,1415120000.0,2024-11-10 22:16:04.212,2024-11-10 22:05:00.005
2024-11-11 00:00:00,0.82946,0.83018,0.8294,0.82981,3432037000.0,2024-11-11 02:44:00.535,2024-11-11 00:01:11.129
2024-11-11 04:00:00,0.8298,0.83008,0.82867,0.82894,4461115000.0,2024-11-11 07:14:48.696,2024-11-11 07:51:23.005
2024-11-11 08:00:00,0.82895,0.82921,0.82717,0.82746,6353627000.0,2024-11-11 08:03:45.099,2024-11-11 11:52:31.971
2024-11-11 12:00:00,0.82747,0.82782,0.82599,0.82731,7590254000.0,2024-11-11 14:11:12.213,2024-11-11 14:51:40.783
2024-11-11 16:00:00,0.8273,0.82829,0.82712,0.82807,4331873000.0,2024-11-11 19:47:45.752,2024-11-11 16:29:30.282
2024-11-11 20:00:00,0.82808,0.82828,0.82693,0.82824,1618048000.0,2024-11-11 23:59:07.362,2024-11-11 22:04:01.004
2024-11-12 00:00:00,0.82825,0.82852,0.8278,0.82839,4201476000.0,2024-11-12 01:27:44.344,2024-11-12 01:57:26.923
2024-11-12 04:00:00,0.8284,0.83018,0.8284,0.8297,8456847000.0,2024-11-12 07:42:28.152,2024-11-12 04:00:00.494
2024-11-12 08:00:00,0.82969,0.83016,0.82798,0.8282,9995638000.0,2024-11-12 08:15:39.702,2024-11-12 11:55:03.459
2024-11-12 12:00:00,0.82821,0.83143,0.82757,0.8312,14789668000.0,2024-11-12 15:54:55.676,2024-11-12 12:16:02.429
2024-11-12 16:00:00,0.83119,0.83328,0.83102,0.83321,14645411000.0,2024-11-12 19:19:07.137,2024-11-12 16:02:26.388
2024-11-12 20:00:00,0.8332,0.8335,0.83267,0.83348,3461338000.0,2024-11-12 23:46:46.511,2024-11-12 22:14:06.131
2024-11-13 00:00:00,0.83349,0.83361,0.83305,0.83324,5162842000.0,2024-11-13 01:40:36.011,2024-11-13 01:06:52.163
2024-11-13 04:00:00,0.83326,0.83347,0.83232,0.83251,5668810000.0,2024-11-13 04:22:14.050,2024-11-13 07:46:28.231
2024-11-13 08:00:00,0.83253,0.83401,0.83211,0.83399,10538775000.0,2024-11-13 11:59:55.461,2024-11-13 08:30:57.177
2024-11-13 12:00:00,0.83402,0.83453,0.83179,0.83216,26954323000.0,2024-11-13 13:38:13.635,2024-11-13 15:11:42.703
2024-11-13 16:00:00,0.83218,0.83249,0.83073,0.83158,12523294000.0,2024-11-13 16:03:59.484,2024-11-13 18:45:12.765
2024-11-13 20:00:00,0.83157,0.83161,0.83051,0.83143,3911977000.0,2024-11-13 20:00:46.540,2024-11-13 22:04:01.003
2024-11-14 00:00:00,0.83142,0.83197,0.8312,0.83156,6471635000.0,2024-11-14 02:47:01.715,2024-11-14 00:00:55.727
2024-11-14 04:00:00,0.83157,0.83176,0.83088,0.83161,6406911000.0,2024-11-14 04:03:53.444,2024-11-14 05:41:18.745
2024-11-14 08:00:00,0.8316,0.83218,0.83064,0.83174,15165496000.0,2024-11-14 11:52:31.473,2024-11-14 09:37:07.666
2024-11-14 12:00:00,0.83173,0.83235,0.83104,0.83213,22216713000.0,2024-11-14 15:56:57.386,2024-11-14 13:30:01.135
2024-11-14 16:00:00,0.8321,0.83219,0.83104,0.83134,10932578000.0,2024-11-14 16:17:21.738,2024-11-14 17:55:21.089
2024-11-14 20:00:00,0.83132,0.83158,0.83098,0.83124,7024566000.0,2024-11-14 23:30:00.724,2024-11-14 20:32:50.160
2024-11-15 00:00:00,0.83123,0.83188,0.83121,0.83152,4660527000.0,2024-11-15 01:28:13.018,2024-11-15 00:00:07.543
2024-11-15 04:00:00,0.83153,0.83339,0.8314,0.83338,6695678000.0,2024-11-15 07:59:55.048,2024-11-15 05:04:40.211
2024-11-15 08:00:00,0.83339,0.83498,0.83312,0.83348,16967627000.0,2024-11-15 08:55:38.162,2024-11-15 08:05:00.233
2024-11-15 12:00:00,0.83349,0.83504,0.8332,0.83421,20334457000.0,2024-11-15 13:40:04.185,2024-11-15 12:12:56.465
2024-11-15 16:00:00,0.83422,0.83588,0.83393,0.83547,11176182000.0,2024-11-15 17:02:21.180,2024-11-15 16:09:14.439
2024-11-15 20:00:00,0.83546,0.83554,0.83467,0.83489,5175210000.0,2024-11-15 20:01:45.045,2024-11-15 20:41:56.918
2024-11-17 20:00:00,0.83301,0.83513,0.83254,0.83489,2097806000.0,2024-11-17 23:00:56.920,2024-11-17 22:05:30.119
2024-11-18 00:00:00,0.83492,0.83501,0.83418,0.83435,5827324000.0,2024-11-18 00:02:00.471,2024-11-18 01:27:31.456
2024-11-18 04:00:00,0.83434,0.83549,0.83398,0.8353,5566663000.0,2024-11-18 07:45:29.180,2024-11-18 07:10:00.323
2024-11-18 08:00:00,0.83529,0.8373,0.8348,0.83545,12186907000.0,2024-11-18 09:30:31.644,2024-11-18 11:12:56.260
2024-11-18 12:00:00,0.83546,0.83715,0.8346,0.8365,14819116000.0,2024-11-18 14:04:12.353,2024-11-18 12:20:53.306
2024-11-18 16:00:00,0.83649,0.8365,0.83528,0.83577,9884126000.0,2024-11-18 16:00:00.108,2024-11-18 16:18:41.064
2024-11-18 20:00:00,0.83579,0.83608,0.83515,0.83558,2582689000.0,2024-11-18 21:57:24.178,2024-11-18 22:05:00.612
2024-11-19 00:00:00,0.83557,0.83616,0.83529,0.83532,6157104000.0,2024-11-19 00:53:00.531,2024-11-19 03:58:52.379
2024-11-19 04:00:00,0.83533,0.83578,0.8346,0.8346,6168473000.0,2024-11-19 06:50:03.588,2024-11-19 07:59:59.994
2024-11-19 08:00:00,0.83462,0.83632,0.83319,0.8359,20988587000.0,2024-11-19 10:38:12.458,2024-11-19 09:22:29.072
2024-11-19 12:00:00,0.83589,0.83753,0.83556,0.83591,17437359000.0,2024-11-19 13:42:22.617,2024-11-19 15:57:22.419
2024-11-19 16:00:00,0.83593,0.83593,0.83469,0.83565,9281310000.0,2024-11-19 16:00:00.564,2024-11-19 16:37:25.363
2024-11-19 20:00:00,0.83564,0.83579,0.83451,0.83556,3376849000.0,2024-11-19 23:46:01.060,2024-11-19 22:04:01.003
2024-11-20 00:00:00,0.83557,0.8358,0.83496,0.83499,2577177000.0,2024-11-20 00:33:06.615,2024-11-20 03:57:32.478
2024-11-20 04:00:00,0.835,0.83512,0.83267,0.8332,6468275000.0,2024-11-20 04:01:27.267,2024-11-20 07:00:00.886
2024-11-20 08:00:00,0.83321,0.8338,0.83268,0.83348,12417675000.0,2024-11-20 11:54:55.999,2024-11-20 08:09:01.293
2024-11-20 12:00:00,0.83347,0.834,0.83129,0.8315,16681572000.0,2024-11-20 13:12:15.255,2024-11-20 15:51:11.184
2024-11-20 16:00:00,0.83151,0.83334,0.83135,0.83329,10783377000.0,2024-11-20 19:45:00.152,2024-11-20 16:11:58.714
2024-11-20 20:00:00,0.83328,0.83349,0.83261,0.83325,3123635000.0,2024-11-20 23:27:02.654,2024-11-20 22:09:11.832
2024-11-21 00:00:00,0.83326,0.83367,0.83314,0.83363,2505389000.0,2024-11-21 03:53:21.769,2024-11-21 00:29:29.487
2024-11-21 04:00:00,0.83364,0.83388,0.83276,0.83298,6439247000.0,2024-11-21 06:12:36.276,2024-11-21 07:39:00.245
2024-11-21 08:00:00,0.83299,0.83409,0.83209,0.8324,14635669000.0,2024-11-21 09:08:45.843,2024-11-21 11:40:43.534
2024-11-21 12:00:00,0.83241,0.83378,0.83208,0.83296,19173707000.0,2024-11-21 14:44:06.642,2024-11-21 13:30:06.620
2024-11-21 16:00:00,0.83298,0.8331,0.83167,0.83195,16280856000.0,2024-11-21 16:10:40.232,2024-11-21 19:38:03.329
2024-11-21 20:00:00,0.83194,0.83216,0.83127,0.83185,4262476000.0,2024-11-21 23:07:44.134,2024-11-21 22:04:01.005
2024-11-22 00:00:00,0.83186,0.83237,0.83165,0.83235,3679681000.0,2024-11-22 03:59:34.205,2024-11-22 00:22:20.708
2024-11-22 04:00:00,0.83236,0.8344,0.83217,0.83403,8141593000.0,2024-11-22 07:36:56.623,2024-11-22 04:45:04.769
2024-11-22 08:00:00,0.83404,0.83462,0.82674,0.83246,27764052000.0,2024-11-22 08:12:56.357,2024-11-22 09:15:03.013
2024-11-22 12:00:00,0.83245,0.83332,0.83044,0.83103,19800567000.0,2024-11-22 13:46:42.927,2024-11-22 15:40:30.506
2024-11-22 16:00:00,0.83104,0.8318,0.83057,0.83114,8758954000.0,2024-11-22 18:23:19.345,2024-11-22 16:45:40.986
2024-11-22 20:00:00,0.83113,0.83148,0.83091,0.83121,1808157000.0,2024-11-22 20:40:29.732,2024-11-22 21:06:38.913
2024-11-24 20:00:00,0.83181,0.83362,0.83105,0.83212,4767859000.0,2024-11-24 23:29:36.381,2024-11-24 23:00:00.492
2024-11-25 00:00:00,0.83215,0.83251,0.83176,0.83201,6879940000.0,2024-11-25 00:00:42.604,2024-11-25 01:06:37.819
2024-11-25 04:00:00,0.83202,0.83236,0.83091,0.83125,5923491000.0,2024-11-25 06:29:45.586,2024-11-25 07:58:19.751
2024-11-25 08:00:00,0.83124,0.83456,0.83124,0.834,13975116000.0,2024-11-25 09:57:27.336,2024-11-25 08:00:00.066
2024-11-25 12:00:00,0.83399,0.83612,0.83399,0.83562,17827437000.0,2024-11-25 15:53:30.975,2024-11-25 12:00:00.056
2024-11-25 16:00:00,0.83563,0.83583,0.83414,0.83542,10984919000.0,2024-11-25 18:38:31.597,2024-11-25 16:46:21.915
2024-11-25 20:00:00,0.83541,0.83554,0.8333,0.83331,4635632000.0,2024-11-25 20:15:06.999,2024-11-25 23:59:55.811
2024-11-26 00:00:00,0.83332,0.8351,0.83305,0.83494,10923141000.0,2024-11-26 03:54:16.932,2024-11-26 00:15:58.737
2024-11-26 04:00:00,0.83493,0.83528,0.83466,0.83484,8794457000.0,2024-11-26 07:38:59.882,2024-11-26 07:27:09.438
2024-11-26 08:00:00,0.83483,0.83636,0.8347,0.83542,14552754000.0,2024-11-26 09:25:20.205,2024-11-26 08:01:23.949
2024-11-26 12:00:00,0.83546,0.83645,0.83382,0.83414,22316240000.0,2024-11-26 12:18:13.486,2024-11-26 15:57:43.102
2024-11-26 16:00:00,0.83413,0.83641,0.8339,0.83471,14957997000.0,2024-11-26 16:52:32.908,2024-11-26 16:14:01.815
2024-11-26 20:00:00,0.83472,0.83484,0.83384,0.83437,6093462000.0,2024-11-26 20:01:57.942,2024-11-26 22:05:55.102
2024-11-27 00:00:00,0.83438,0.83462,0.83351,0.8338,5859632000.0,2024-11-27 00:32:11.253,2024-11-27 03:23:51.558
2024-11-27 04:00:00,0.83379,0.83405,0.83327,0.83368,5055500000.0,2024-11-27 07:39:08.164,2024-11-27 06:38:04.539
2024-11-27 08:00:00,0.83367,0.83554,0.83362,0.83471,16338216000.0,2024-11-27 08:20:48.454,2024-11-27 08:04:50.516
2024-11-27 12:00:00,0.83472,0.83514,0.83358,0.8338,20901110000.0,2024-11-27 13:58:16.810,2024-11-27 15:12:48.814
2024-11-27 16:00:00,0.83378,0.83454,0.83326,0.83347,13264240000.0,2024-11-27 17:12:40.850,2024-11-27 16:20:15.006
2024-11-27 20:00:00,0.83348,0.83351,0.83239,0.8331,3067878000.0,2024-11-27 20:00:08.887,2024-11-27 22:04:01.004
2024-11-28 00:00:00,0.83311,0.83337,0.83268,0.83329,6134993000.0,2024-11-28 03:29:01.009,2024-11-28 00:58:50.261
2024-11-28 04:00:00,0.8333,0.8335,0.83274,0.83316,6132055000.0,2024-11-28 04:19:41.980,2024-11-28 07:38:29.119
2024-11-28 08:00:00,0.83315,0.83389,0.83237,0.83287,15013769000.0,2024-11-28 09:05:52.643,2024-11-28 08:21:15.023
2024-11-28 12:00:00,0.83286,0.83327,0.83146,0.83204,9965443000.0,2024-11-28 12:22:49.152,2024-11-28 14:24:51.382
2024-11-28 16:00:00,0.83201,0.83225,0.83164,0.83188,1886636000.0,2024-11-28 16:23:03.077,2024-11-28 17:15:57.395
2024-11-28 20:00:00,0.83187,0.83213,0.8304,0.83177,1573825000.0,2024-11-28 23:18:58.266,2024-11-28 22:05:03.285
2024-11-29 00:00:00,0.83178,0.83221,0.83116,0.83167,8643123000.0,2024-11-29 00:37:19.997,2024-11-29 01:48:07.526
2024-11-29 04:00:00,0.83168,0.83178,0.83046,0.83151,7266340000.0,2024-11-29 05:25:06.566,2024-11-29 07:16:55.927
2024-11-29 08:00:00,0.8315,0.83316,0.83125,0.83182,22589218000.0,2024-11-29 10:37:39.704,2024-11-29 08:38:41.175
2024-11-29 12:00:00,0.83184,0.83269,0.83095,0.83103,16909923000.0,2024-11-29 13:57:58.664,2024-11-29 15:59:41.801
2024-11-29 16:00:00,0.83102,0.8311,0.83018,0.83045,10084411000.0,2024-11-29 16:01:53.425,2024-11-29 18:18:28.706
2024-11-29 20:00:00,0.83046,0.83079,0.8299,0.83016,13877762000.0,2024-11-29 21:45:02.124,2024-11-29 21:54:35.880
2024-12-01 20:00:00,0.82969,0.83048,0.82952,0.83011,2485884000.0,2024-12-01 23:01:31.599,2024-12-01 23:00:00.877
2024-12-02 00:00:00,0.83009,0.83033,0.82913,0.82931,5490263000.0,2024-12-02 00:35:05.360,2024-12-02 03:42:41.239
2024-12-02 04:00:00,0.82932,0.82957,0.82804,0.82809,9137143000.0,2024-12-02 06:11:43.417,2024-12-02 07:59:45.918
2024-12-02 08:00:00,0.8281,0.82823,0.82696,0.82783,18480242000.0,2024-12-02 08:14:22.812,2024-12-02 08:58:10.913
2024-12-02 12:00:00,0.82781,0.82981,0.8278,0.82904,25911011000.0,2024-12-02 15:43:36.855,2024-12-02 12:00:01.893
2024-12-02 16:00:00,0.82903,0.83003,0.82869,0.82925,13621822000.0,2024-12-02 16:40:44.700,2024-12-02 16:17:01.783
2024-12-02 20:00:00,0.82926,0.83009,0.82896,0.8295,5243320000.0,2024-12-02 20:20:15.074,2024-12-02 22:04:01.005
2024-12-03 00:00:00,0.82948,0.82976,0.82914,0.8295,5282348000.0,2024-12-03 03:11:41.840,2024-12-03 00:39:02.980
2024-12-03 04:00:00,0.82951,0.82964,0.82885,0.829,5271991000.0,2024-12-03 07:38:29.692,2024-12-03 07:06:51.172
2024-12-03 08:00:00,0.82901,0.83102,0.82866,0.83097,15013226000.0,2024-12-03 11:58:44.130,2024-12-03 08:29:20.649
2024-12-03 12:00:00,0.83096,0.83125,0.82999,0.83054,18929493000.0,2024-12-03 13:11:15.896,2024-12-03 15:51:13.868
2024-12-03 16:00:00,0.83055,0.83066,0.82905,0.8292,10725491000.0,2024-12-03 16:01:04.795,2024-12-03 19:34:11.965
2024-12-03 20:00:00,0.82919,0.8295,0.82904,0.82922,3466704000.0,2024-12-03 22:40:37.152,2024-12-03 22:05:11.376
2024-12-04 00:00:00,0.82921,0.82947,0.82885,0.82914,4191487000.0,2024-12-04 01:53:24.467,2024-12-04 00:36:27.522
2024-12-04 04:00:00,0.82913,0.82951,0.82848,0.82865,6700678000.0,2024-12-04 04:45:04.989,2024-12-04 06:01:23.509
2024-12-04 08:00:00,0.82867,0.83016,0.82775,0.82843,17562372000.0,2024-12-04 09:04:52.152,2024-12-04 09:00:26.599
2024-12-04 12:00:00,0.82844,0.82967,0.82688,0.82853,26107862000.0,2024-12-04 15:25:25.309,2024-12-04 14:21:03.477
2024-12-04 16:00:00,0.82852,0.82898,0.8278,0.82781,11513467000.0,2024-12-04 17:37:55.085,2024-12-04 19:27:23.825
2024-12-04 20:00:00,0.82782,0.82794,0.82703,0.82763,3065223000.0,2024-12-04 20:06:46.342,2024-12-04 22:04:01.004
2024-12-05 00:00:00,0.82764,0.8281,0.8276,0.82795,4383478000.0,2024-12-05 00:57:11.780,2024-12-05 00:01:37.920
2024-12-05 04:00:00,0.82794,0.8281,0.82719,0.82759,5197729000.0,2024-12-05 05:20:12.341,2024-12-05 07:50:22.384
2024-12-05 08:00:00,0.82758,0.82796,0.82722,0.82754,12022505000.0,2024-12-05 10:13:12.597,2024-12-05 08:59:51.395
2024-12-05 12:00:00,0.82753,0.82946,0.82751,0.82873,16185344000.0,2024-12-05 14:29:35.553,2024-12-05 12:00:05.715
2024-12-05 16:00:00,0.82872,0.82997,0.82847,0.82986,14139997000.0,2024-12-05 19:56:08.799,2024-12-05 16:39:29.320
2024-12-05 20:00:00,0.82988,0.83007,0.82906,0.8296,3858716000.0,2024-12-05 20:59:55.230,2024-12-05 22:04:01.005
2024-12-06 00:00:00,0.82959,0.82962,0.82918,0.82941,4379518000.0,2024-12-06 00:00:39.063,2024-12-06 01:38:03.394
2024-12-06 04:00:00,0.8294,0.82976,0.82882,0.82916,6271475000.0,2024-12-06 06:35:33.435,2024-12-06 07:43:57.873
2024-12-06 08:00:00,0.82915,0.8294,0.82855,0.82898,8997174000.0,2024-12-06 10:34:39.966,2024-12-06 09:33:50.792
2024-12-06 12:00:00,0.82899,0.83006,0.82791,0.82888,20789996000.0,2024-12-06 13:33:34.979,2024-12-06 14:11:56.476
2024-12-06 16:00:00,0.82889,0.82943,0.82852,0.82871,7849724000.0,2024-12-06 16:26:58.885,2024-12-06 19:20:35.327
2024-12-06 20:00:00,0.82868,0.82939,0.82868,0.82929,1450093000.0,2024-12-06 21:54:19.775,2024-12-06 20:00:00.178
2024-12-08 20:00:00,0.82778,0.82904,0.82778,0.82878,1801116000.0,2024-12-08 23:02:33.412,2024-12-08 22:05:00.006
2024-12-09 00:00:00,0.82877,0.82888,0.82811,0.82816,3495368000.0,2024-12-09 00:00:18.635,2024-12-09 03:59:46.941
2024-12-09 04:00:00,0.82817,0.82847,0.82735,0.82773,5501809000.0,2024-12-09 06:06:26.673,2024-12-09 07:46:08.977
2024-12-09 08:00:00,0.82772,0.82845,0.82722,0.82793,10148936000.0,2024-12-09 10:44:43.138,2024-12-09 09:54:42.590
2024-12-09 12:00:00,0.82792,0.82853,0.8269,0.82772,14414964000.0,2024-12-09 14:39:28.594,2024-12-09 15:48:04.756
2024-12-09 16:00:00,0.82774,0.82776,0.82699,0.82759,7161080000.0,2024-12-09 16:01:02.639,2024-12-09 17:11:20.998
2024-12-09 20:00:00,0.82758,0.82796,0.82705,0.82781,3074262000.0,2024-12-09 23:23:04.669,2024-12-09 22:04:01.004
2024-12-10 00:00:00,0.82782,0.82831,0.82756,0.8281,3864915000.0,2024-12-10 03:32:44.849,2024-12-10 01:16:04.505
2024-12-10 04:00:00,0.82811,0.8282,0.82771,0.82792,3769281000.0,2024-12-10 05:15:08.669,2024-12-10 07:15:16.163
2024-12-10 08:00:00,0.82791,0.82791,0.82502,0.82538,12679578000.0,2024-12-10 08:00:00.336,2024-12-10 11:04:04.312
2024-12-10 12:00:00,0.82537,0.82585,0.82439,0.82456,14736713000.0,2024-12-10 12:37:58.701,2024-12-10 15:58:59.450
2024-12-10 16:00:00,0.82457,0.82493,0.82387,0.82405,8952732000.0,2024-12-10 18:15:14.200,2024-12-10 17:08:10.210
2024-12-10 20:00:00,0.82406,0.82437,0.82381,0.82401,2501560000.0,2024-12-10 23:00:04.905,2024-12-10 22:05:46.034
2024-12-11 00:00:00,0.82403,0.82464,0.82402,0.82421,2666750000.0,2024-12-11 02:30:12.911,2024-12-11 00:00:32.840
2024-12-11 04:00:00,0.8242,0.82457,0.8235,0.82379,5952058000.0,2024-12-11 06:10:40.222,2024-12-11 07:45:10.933
2024-12-11 08:00:00,0.8238,0.82513,0.82361,0.82467,13814220000.0,2024-12-11 10:02:15.203,2024-12-11 08:20:44.933
2024-12-11 12:00:00,0.82466,0.82515,0.8225,0.82315,20364619000.0,2024-12-11 12:23:00.515,2024-12-11 15:34:47.797
2024-12-11 16:00:00,0.82314,0.82352,0.82269,0.82314,12369046000.0,2024-12-11 17:01:56.409,2024-12-11 16:23:41.756
2024-12-11 20:00:00,0.82313,0.82341,0.82246,0.82294,2330537000.0,2024-12-11 23:04:36.390,2024-12-11 22:04:01.004
2024-12-12 00:00:00,0.82295,0.82318,0.8227,0.82291,3321539000.0,2024-12-12 00:23:16.264,2024-12-12 01:13:46.969
2024-12-12 04:00:00,0.8229,0.82399,0.82286,0.82394,4595255000.0,2024-12-12 07:59:30.626,2024-12-12 04:19:57.111
2024-12-12 08:00:00,0.82395,0.82436,0.8233,0.82433,12632974000.0,2024-12-12 11:37:01.119,2024-12-12 08:30:33.232
2024-12-12 12:00:00,0.82432,0.82724,0.82306,0.82529,21230546000.0,2024-12-12 15:16:05.322,2024-12-12 13:17:33.854
2024-12-12 16:00:00,0.8253,0.82703,0.82522,0.8265,22020016000.0,2024-12-12 16:57:33.674,2024-12-12 16:00:32.099
2024-12-12 20:00:00,0.82651,0.82657,0.82509,0.82615,3579282000.0,2024-12-12 20:01:48.615,2024-12-12 22:04:01.004
2024-12-13 00:00:00,0.82616,0.82687,0.82601,0.82613,5168181000.0,2024-12-13 00:56:58.859,2024-12-13 02:52:33.799
2024-12-13 04:00:00,0.82614,0.82854,0.82606,0.82832,5796285000.0,2024-12-13 07:53:46.742,2024-12-13 04:16:34.061
2024-12-13 08:00:00,0.82827,0.83011,0.82808,0.82946,11506313000.0,2024-12-13 10:30:20.399,2024-12-13 08:00:01.518
2024-12-13 12:00:00,0.82947,0.83171,0.82936,0.83148,16300007000.0,2024-12-13 15:56:50.027,2024-12-13 14:02:29.544
2024-12-13 16:00:00,0.8315,0.83194,0.83112,0.83179,8840639000.0,2024-12-13 19:27:15.745,2024-12-13 16:34:36.943
2024-12-13 20:00:00,0.8318,0.83213,0.83169,0.83212,1588828000.0,2024-12-13 21:54:45.029,2024-12-13 20:37:34.081
2024-12-15 20:00:00,0.83038,0.8324,0.83038,0.83228,1824726000.0,2024-12-15 23:45:03.790,2024-12-15 22:05:00.008
2024-12-16 00:00:00,0.83229,0.83274,0.83207,0.8321,3529707000.0,2024-12-16 01:30:03.649,2024-12-16 03:20:59.644
2024-12-16 04:00:00,0.83211,0.83249,0.83144,0.83153,3967648000.0,2024-12-16 05:58:50.166,2024-12-16 07:59:07.897
2024-12-16 08:00:00,0.83152,0.83224,0.829,0.82938,11591303000.0,2024-12-16 08:32:08.231,2024-12-16 11:52:23.659
2024-12-16 12:00:00,0.8294,0.83013,0.82776,0.82788,15449410000.0,2024-12-16 12:37:26.914,2024-12-16 15:28:13.471
2024-12-16 16:00:00,0.82787,0.8289,0.82725,0.82857,21144679000.0,2024-12-16 18:00:14.012,2024-12-16 16:19:43.939
2024-12-16 20:00:00,0.8286,0.8288,0.82827,0.82872,3442555000.0,2024-12-16 21:51:12.618,2024-12-16 22:04:01.003
2024-12-17 00:00:00,0.82873,0.82955,0.82841,0.82883,3614877000.0,2024-12-17 00:54:30.149,2024-12-17 00:13:43.437
2024-12-17 04:00:00,0.82882,0.82895,0.82641,0.82664,6618079000.0,2024-12-17 05:34:35.692,2024-12-17 07:45:59.590
2024-12-17 08:00:00,0.82663,0.8272,0.82583,0.82611,12657815000.0,2024-12-17 10:23:49.037,2024-12-17 11:14:17.544
2024-12-17 12:00:00,0.82613,0.82823,0.82579,0.82601,18031533000.0,2024-12-17 14:40:22.279,2024-12-17 15:58:00.042
2024-12-17 16:00:00,0.82602,0.82646,0.82493,0.82515,8565043000.0,2024-12-17 16:17:14.817,2024-12-17 19:05:28.932
2024-12-17 20:00:00,0.82514,0.82566,0.82501,0.82564,1979816000.0,2024-12-17 23:58:27.540,2024-12-17 20:12:01.938
2024-12-18 00:00:00,0.82562,0.8269,0.8256,0.82687,3155972000.0,2024-12-18 03:59:57.442,2024-12-18 00:00:59.077
2024-12-18 04:00:00,0.82686,0.82779,0.82543,0.82705,5245711000.0,2024-12-18 07:42:38.176,2024-12-18 07:00:00.458
2024-12-18 08:00:00,0.82704,0.82753,0.82509,0.82601,10420220000.0,2024-12-18 08:05:50.691,2024-12-18 10:58:12.696
2024-12-18 12:00:00,0.82602,0.82718,0.82507,0.82517,16761877000.0,2024-12-18 14:10:14.298,2024-12-18 15:52:36.633
2024-12-18 16:00:00,0.82518,0.8258,0.82347,0.82395,17335632000.0,2024-12-18 16:17:12.969,2024-12-18 19:49:56.826
2024-12-18 20:00:00,0.82394,0.8243,0.82299,0.82361,9936565000.0,2024-12-18 21:05:22.550,2024-12-18 20:06:56.311
2024-12-19 00:00:00,0.8236,0.82487,0.82346,0.82445,5896623000.0,2024-12-19 03:00:12.916,2024-12-19 00:00:41.204
2024-12-19 04:00:00,0.82444,0.82537,0.82407,0.8241,7170193000.0,2024-12-19 07:14:03.694,2024-12-19 07:59:55.357
2024-12-19 08:00:00,0.82409,0.82463,0.82221,0.8234,14636038000.0,2024-12-19 08:06:20.468,2024-12-19 09:37:44.219
2024-12-19 12:00:00,0.82343,0.82748,0.82339,0.82705,22484806000.0,2024-12-19 15:32:26.713,2024-12-19 12:00:01.702
2024-12-19 16:00:00,0.82706,0.8287,0.82639,0.82858,12547445000.0,2024-12-19 19:58:27.842,2024-12-19 16:28:00.984
2024-12-19 20:00:00,0.82859,0.82931,0.82833,0.8293,4163887000.0,2024-12-19 23:52:58.116,2024-12-19 22:12:03.697
2024-12-20 00:00:00,0.82931,0.83043,0.82919,0.83023,3831277000.0,2024-12-20 03:49:12.471,2024-12-20 01:15:29.192
2024-12-20 04:00:00,0.83021,0.83072,0.82878,0.83038,6677466000.0,2024-12-20 07:47:40.841,2024-12-20 06:13:27.011
2024-12-20 08:00:00,0.83037,0.83127,0.82957,0.83089,11921757000.0,2024-12-20 08:11:25.894,2024-12-20 10:28:50.287
2024-12-20 12:00:00,0.83091,0.83125,0.82776,0.82903,18369068000.0,2024-12-20 12:11:35.467,2024-12-20 14:49:37.397
2024-12-20 16:00:00,0.82904,0.8293,0.82706,0.82901,12458763000.0,2024-12-20 16:01:25.562,2024-12-20 17:53:07.037
2024-12-20 20:00:00,0.829,0.82987,0.82867,0.8297,3181621000.0,2024-12-20 21:53:56.468,2024-12-20 20:06:08.323
2024-12-22 20:00:00,0.82929,0.83144,0.82912,0.82997,2217448000.0,2024-12-22 22:38:05.437,2024-12-22 22:05:30.009
2024-12-23 00:00:00,0.82998,0.82999,0.82929,0.82992,2802175000.0,2024-12-23 00:00:04.642,2024-12-23 01:15:29.976
2024-12-23 04:00:00,0.82991,0.83048,0.82899,0.8291,4258475000.0,2024-12-23 07:12:06.757,2024-12-23 07:55:22.004
2024-12-23 08:00:00,0.82911,0.82996,0.82772,0.8298,8311153000.0,2024-12-23 11:58:20.887,2024-12-23 10:06:37.373
2024-12-23 12:00:00,0.82979,0.83046,0.82917,0.83004,12865237000.0,2024-12-23 12:46:22.798,2024-12-23 15:09:33.642
2024-12-23 16:00:00,0.83003,0.83122,0.83002,0.83054,6321425000.0,2024-12-23 17:13:01.415,2024-12-23 16:00:05.182
2024-12-23 20:00:00,0.83052,0.83055,0.8282,0.83013,3542812000.0,2024-12-23 20:00:01.134,2024-12-23 22:04:01.008
2024-12-24 00:00:00,0.83012,0.83023,0.82907,0.82918,2482256000.0,2024-12-24 01:03:02.114,2024-12-24 03:48:00.164
2024-12-24 04:00:00,0.82919,0.82961,0.82898,0.82904,2591821000.0,2024-12-24 06:46:29.858,2024-12-24 04:32:49.119
2024-12-24 08:00:00,0.82905,0.82982,0.8289,0.82929,6159431000.0,2024-12-24 11:26:05.859,2024-12-24 09:40:35.740
2024-12-24 12:00:00,0.8293,0.82953,0.82749,0.82866,8382693000.0,2024-12-24 12:13:44.640,2024-12-24 14:11:09.416
2024-12-24 16:00:00,0.82865,0.82986,0.82856,0.82921,5420492000.0,2024-12-24 18:01:50.201,2024-12-24 16:01:03.833
2024-12-24 20:00:00,0.82924,0.82931,0.82771,0.82792,2918600000.0,2024-12-24 20:10:29.789,2024-12-24 21:50:03.853
2024-12-25 20:00:00,0.82828,0.8292,0.82827,0.829,1287500000.0,2024-12-25 23:30:50.986,2024-12-25 22:07:49.436
2024-12-26 00:00:00,0.82901,0.82922,0.82869,0.82896,2428700000.0,2024-12-26 01:32:27.929,2024-12-26 01:00:24.207
2024-12-26 04:00:00,0.82897,0.82985,0.82876,0.82973,2066300000.0,2024-12-26 07:24:12.202,2024-12-26 05:59:31.398
2024-12-26 08:00:00,0.82974,0.83006,0.82946,0.83002,2582777000.0,2024-12-26 11:38:07.180,2024-12-26 08:21:25.692
2024-12-26 12:00:00,0.83003,0.83207,0.82997,0.83197,7516469000.0,2024-12-26 15:58:58.564,2024-12-26 12:02:13.905
2024-12-26 16:00:00,0.83196,0.83242,0.8316,0.83169,5939043000.0,2024-12-26 16:43:31.750,2024-12-26 17:46:24.418
2024-12-26 20:00:00,0.83168,0.8322,0.83127,0.83184,2744774000.0,2024-12-26 23:12:22.146,2024-12-26 22:41:02.156
2024-12-27 00:00:00,0.83185,0.83201,0.83109,0.83125,3467294000.0,2024-12-27 00:26:24.287,2024-12-27 03:35:30.074
2024-12-27 04:00:00,0.83124,0.83184,0.83085,0.83171,3088031000.0,2024-12-27 07:58:20.205,2024-12-27 07:29:47.571
2024-12-27 08:00:00,0.8317,0.83283,0.83091,0.83159,8043339000.0,2024-12-27 09:57:17.633,2024-12-27 11:31:00.497
2024-12-27 12:00:00,0.83158,0.83186,0.82854,0.82864,12845330000.0,2024-12-27 12:00:53.297,2024-12-27 15:58:40.246
2024-12-27 16:00:00,0.82866,0.82997,0.82818,0.82888,9343275000.0,2024-12-27 18:13:34.334,2024-12-27 16:25:42.288
2024-12-27 20:00:00,0.82884,0.82897,0.82856,0.82889,1483498000.0,2024-12-27 20:28:20.723,2024-12-27 21:30:19.061
2024-12-29 20:00:00,0.82861,0.82967,0.82859,0.82914,1220799000.0,2024-12-29 22:30:34.234,2024-12-29 22:17:03.629
2024-12-30 00:00:00,0.82917,0.82931,0.82861,0.82867,2317687000.0,2024-12-30 00:21:44.025,2024-12-30 03:14:23.354
2024-12-30 04:00:00,0.82868,0.82912,0.8284,0.82882,2965574000.0,2024-12-30 07:45:17.704,2024-12-30 05:20:38.911
2024-12-30 08:00:00,0.82881,0.82989,0.82834,0.82927,12011312000.0,2024-12-30 10:12:03.101,2024-12-30 09:26:20.408
2024-12-30 12:00:00,0.82928,0.82987,0.82722,0.82956,20416484000.0,2024-12-30 15:57:48.981,2024-12-30 13:59:06.940
2024-12-30 16:00:00,0.82958,0.8299,0.82822,0.82882,11398059000.0,2024-12-30 16:43:13.832,2024-12-30 18:16:05.266
2024-12-30 20:00:00,0.82881,0.82929,0.82821,0.82921,2330835000.0,2024-12-30 23:34:13.405,2024-12-30 22:27:59.567
2024-12-31 00:00:00,0.8292,0.82933,0.82888,0.82922,2745301000.0,2024-12-31 03:10:00.068,2024-12-31 02:15:33.657
2024-12-31 04:00:00,0.82923,0.82941,0.82857,0.82882,2367436000.0,2024-12-31 04:50:44.490,2024-12-31 07:44:46.913
2024-12-31 08:00:00,0.82883,0.83073,0.82876,0.83019,9338365000.0,2024-12-31 10:50:58.580,2024-12-31 08:00:01.535
2024-12-31 12:00:00,0.8302,0.8305,0.82641,0.82651,18413993000.0,2024-12-31 12:08:32.093,2024-12-31 15:55:00.445
2024-12-31 16:00:00,0.8265,0.82788,0.82627,0.8277,19985720000.0,2024-12-31 18:38:34.754,2024-12-31 16:16:10.255
2024-12-31 20:00:00,0.82771,0.82772,0.8272,0.82731,1355115000.0,2024-12-31 20:00:00.942,2024-12-31 20:26:47.225
2025-01-01 20:00:00,0.8264,0.82776,0.8264,0.82672,1968681000.0,2025-01-01 23:01:33.664,2025-01-01 22:04:01.005
2025-01-02 00:00:00,0.82674,0.8276,0.82666,0.82728,5094536000.0,2025-01-02 03:13:46.088,2025-01-02 01:00:15.690
2025-01-02 04:00:00,0.82729,0.82795,0.82683,0.82757,5736456000.0,2025-01-02 07:58:17.374,2025-01-02 06:02:57.457
2025-01-02 08:00:00,0.82758,0.83012,0.82758,0.82963,16547512000.0,2025-01-02 11:26:15.992,2025-01-02 08:00:00.312
2025-01-02 12:00:00,0.82964,0.8325,0.82946,0.83022,23220444000.0,2025-01-02 13:38:54.912,2025-01-02 12:06:36.624
2025-01-02 16:00:00,0.83021,0.83035,0.82755,0.82876,27194320000.0,2025-01-02 16:00:42.390,2025-01-02 16:04:03.466
2025-01-02 20:00:00,0.82875,0.82942,0.82808,0.82934,3689591000.0,2025-01-02 23:42:09.504,2025-01-02 22:04:01.003
2025-01-03 00:00:00,0.82936,0.82946,0.82857,0.82866,2751485000.0,2025-01-03 00:03:17.650,2025-01-03 03:57:42.155
2025-01-03 04:00:00,0.82868,0.82986,0.82845,0.82911,5109211000.0,2025-01-03 07:55:41.121,2025-01-03 06:26:12.039
2025-01-03 08:00:00,0.8291,0.83004,0.82878,0.82992,9962717000.0,2025-01-03 11:50:20.988,2025-01-03 08:41:23.142
2025-01-03 12:00:00,0.82994,0.83029,0.82893,0.82942,13929559000.0,2025-01-03 15:12:26.892,2025-01-03 15:53:05.420
2025-01-03 16:00:00,0.82943,0.82957,0.8286,0.82888,7615680000.0,2025-01-03 16:01:44.217,2025-01-03 16:58:51.919
2025-01-03 20:00:00,0.82887,0.82983,0.82878,0.82975,1897597000.0,2025-01-03 21:47:29.836,2025-01-03 20:28:40.465
2025-01-05 20:00:00,0.82816,0.83006,0.82816,0.82939,1783794000.0,2025-01-05 22:48:32.714,2025-01-05 22:05:00.008
2025-01-06 00:00:00,0.82936,0.82962,0.82876,0.82955,3192269000.0,2025-01-06 03:36:21.010,2025-01-06 01:24:27.575
2025-01-06 04:00:00,0.82954,0.82959,0.82851,0.82929,3371789000.0,2025-01-06 04:00:28.633,2025-01-06 06:25:28.051
2025-01-06 08:00:00,0.8293,0.83147,0.82867,0.83083,20670592000.0,2025-01-06 11:33:42.636,2025-01-06 08:32:00.286
2025-01-06 12:00:00,0.83082,0.83175,0.82947,0.83092,28228997000.0,2025-01-06 13:30:01.125,2025-01-06 12:32:09.032
2025-01-06 16:00:00,0.83094,0.83103,0.82959,0.8302,10542366000.0,2025-01-06 16:00:20.376,2025-01-06 18:05:21.532
2025-01-06 20:00:00,0.83022,0.83022,0.82915,0.82998,2914005000.0,2025-01-06 20:00:00.076,2025-01-06 22:05:05.259
2025-01-07 00:00:00,0.82995,0.83005,0.82905,0.82922,4143259000.0,2025-01-07 00:04:55.328,2025-01-07 01:54:29.032
2025-01-07 04:00:00,0.82921,0.82992,0.82905,0.82967,4833732000.0,2025-01-07 07:44:48.844,2025-01-07 06:24:59.820
2025-01-07 08:00:00,0.82969,0.83054,0.82946,0.8304,11903603000.0,2025-01-07 11:09:10.668,2025-01-07 09:11:51.604
2025-01-07 12:00:00,0.83039,0.83051,0.82867,0.82995,22747592000.0,2025-01-07 12:01:06.844,2025-01-07 13:48:36.240
2025-01-07 16:00:00,0.82993,0.83042,0.82887,0.82902,11338390000.0,2025-01-07 16:31:37.602,2025-01-07 19:15:23.272
2025-01-07 20:00:00,0.82901,0.8292,0.8286,0.82888,1828416000.0,2025-01-07 20:22:20.114,2025-01-07 21:43:08.316
2025-01-08 00:00:00,0.82889,0.82927,0.82887,0.8292,3254828000.0,2025-01-08 01:31:15.551,2025-01-08 00:02:22.857
2025-01-08 04:00:00,0.82921,0.8294,0.82839,0.82866,4983324000.0,2025-01-08 05:15:49.013,2025-01-08 07:58:35.657
2025-01-08 08:00:00,0.82869,0.83369,0.82834,0.83231,17409642000.0,2025-01-08 11:41:17.055,2025-01-08 10:31:47.740
2025-01-08 12:00:00,0.83232,0.83519,0.83222,0.83459,23381795000.0,2025-01-08 15:00:23.617,2025-01-08 12:00:00.554
2025-01-08 16:00:00,0.8346,0.8349,0.83378,0.83422,11155802000.0,2025-01-08 16:02:31.366,2025-01-08 16:43:46.199
2025-01-08 20:00:00,0.83423,0.83469,0.83394,0.83446,2888971000.0,2025-01-08 21:56:26.804,2025-01-08 22:04:16.080
2025-01-09 00:00:00,0.83449,0.83533,0.83423,0.83526,4604342000.0,2025-01-09 03:58:47.207,2025-01-09 00:33:38.291
2025-01-09 04:00:00,0.83527,0.83989,0.83526,0.83945,10621420000.0,2025-01-09 07:57:34.765,2025-01-09 04:00:15.614
2025-01-09 08:00:00,0.83944,0.84065,0.83731,0.83821,16594192000.0,2025-01-09 10:42:17.688,2025-01-09 11:37:43.332
2025-01-09 12:00:00,0.83822,0.83928,0.83671,0.83712,14113922000.0,2025-01-09 12:45:09.707,2025-01-09 15:03:45.530
2025-01-09 16:00:00,0.83713,0.83777,0.83649,0.83661,5391308000.0,2025-01-09 16:42:13.331,2025-01-09 17:14:41.950
2025-01-09 20:00:00,0.83662,0.83725,0.83633,0.83718,2048461000.0,2025-01-09 23:49:21.124,2025-01-09 22:30:12.241
2025-01-10 00:00:00,0.83719,0.83746,0.83688,0.83717,4928979000.0,2025-01-10 01:50:01.438,2025-01-10 02:41:44.247
2025-01-10 04:00:00,0.83718,0.83815,0.83696,0.83776,6242947000.0,2025-01-10 07:02:09.556,2025-01-10 07:21:23.116
2025-01-10 08:00:00,0.83777,0.83854,0.83695,0.83731,11234370000.0,2025-01-10 08:47:58.930,2025-01-10 11:56:11.148
2025-01-10 12:00:00,0.83729,0.83935,0.83646,0.83812,33021028000.0,2025-01-10 13:31:31.620,2025-01-10 13:27:26.051
2025-01-10 16:00:00,0.83811,0.83906,0.83794,0.83906,10052260000.0,2025-01-10 19:58:41.958,2025-01-10 17:48:34.105
2025-01-10 20:00:00,0.83904,0.83926,0.83884,0.83918,1976458000.0,2025-01-10 21:43:41.991,2025-01-10 20:12:13.127
2025-01-12 20:00:00,0.83874,0.83954,0.83864,0.83928,1698486000.0,2025-01-12 22:42:46.723,2025-01-12 22:05:37.388
2025-01-13 00:00:00,0.83931,0.84175,0.8391,0.84122,4927331000.0,2025-01-13 03:43:41.247,2025-01-13 00:14:07.990
2025-01-13 04:00:00,0.84113,0.84201,0.84051,0.84155,7680679000.0,2025-01-13 07:40:49.717,2025-01-13 06:31:02.270
2025-01-13 08:00:00,0.84158,0.84239,0.84008,0.84189,21999677000.0,2025-01-13 09:04:52.608,2025-01-13 11:23:33.392
2025-01-13 12:00:00,0.8419,0.84231,0.839,0.83911,22015611000.0,2025-01-13 12:14:39.786,2025-01-13 15:58:09.820
2025-01-13 16:00:00,0.83912,0.83981,0.83854,0.83888,10661310000.0,2025-01-13 16:59:18.850,2025-01-13 19:28:08.360
2025-01-13 20:00:00,0.83887,0.83995,0.83823,0.83908,6277713000.0,2025-01-13 22:30:21.287,2025-01-13 22:47:56.084
2025-01-14 00:00:00,0.83907,0.83979,0.83885,0.83937,5517075000.0,2025-01-14 02:42:42.820,2025-01-14 00:30:31.050
2025-01-14 04:00:00,0.8394,0.83991,0.83909,0.83977,16793403000.0,2025-01-14 07:56:44.405,2025-01-14 06:21:08.457
2025-01-14 08:00:00,0.83979,0.84288,0.83866,0.84209,17564228000.0,2025-01-14 10:06:22.640,2025-01-14 08:18:00.631
2025-01-14 12:00:00,0.8421,0.84476,0.84179,0.8438,22996187000.0,2025-01-14 15:01:00.703,2025-01-14 12:02:31.062
2025-01-14 16:00:00,0.84379,0.84506,0.84336,0.8441,11328283000.0,2025-01-14 17:05:23.190,2025-01-14 16:11:22.272
2025-01-14 20:00:00,0.84411,0.8445,0.8431,0.84397,3485969000.0,2025-01-14 20:28:23.290,2025-01-14 22:04:01.809
2025-01-15 00:00:00,0.84398,0.84459,0.84388,0.84412,3565171000.0,2025-01-15 02:33:08.478,2025-01-15 00:00:50.107
2025-01-15 04:00:00,0.84414,0.8465,0.84191,0.84235,11672931000.0,2025-01-15 07:00:01.903,2025-01-15 07:55:18.737
2025-01-15 08:00:00,0.84232,0.84435,0.8423,0.84265,13186576000.0,2025-01-15 09:24:33.879,2025-01-15 08:00:00.128
2025-01-15 12:00:00,0.84269,0.84384,0.84046,0.84074,27771687000.0,2025-01-15 12:43:21.528,2025-01-15 13:38:25.684
2025-01-15 16:00:00,0.84073,0.8422,0.84045,0.84157,13172148000.0,2025-01-15 18:07:02.225,2025-01-15 16:09:30.289
2025-01-15 20:00:00,0.84156,0.84159,0.84016,0.84089,3731548000.0,2025-01-15 20:00:02.389,2025-01-15 22:04:01.005
2025-01-16 00:00:00,0.84087,0.84168,0.84078,0.84152,6109532000.0,2025-01-16 02:52:10.916,2025-01-16 00:49:07.249
2025-01-16 04:00:00,0.84155,0.84377,0.84149,0.84272,6667383000.0,2025-01-16 07:10:02.292,2025-01-16 04:00:05.851
2025-01-16 08:00:00,0.84273,0.84376,0.84255,0.84275,12892169000.0,2025-01-16 09:30:07.178,2025-01-16 08:06:00.526
2025-01-16 12:00:00,0.84276,0.84334,0.84159,0.84194,22672767000.0,2025-01-16 14:50:43.160,2025-01-16 12:40:37.310
2025-01-16 16:00:00,0.84195,0.84222,0.84106,0.84195,17840559000.0,2025-01-16 16:05:58.324,2025-01-16 17:14:21.317
2025-01-16 20:00:00,0.84198,0.84219,0.84112,0.84195,3190860000.0,2025-01-16 20:04:32.928,2025-01-16 22:04:01.004
2025-01-17 00:00:00,0.84196,0.84245,0.84179,0.84199,3801045000.0,2025-01-17 01:43:52.201,2025-01-17 00:30:23.517
2025-01-17 04:00:00,0.84198,0.84533,0.84187,0.84474,9529749000.0,2025-01-17 07:41:39.998,2025-01-17 04:22:00.989
2025-01-17 08:00:00,0.8447,0.84509,0.84352,0.84486,14372185000.0,2025-01-17 09:21:55.856,2025-01-17 11:42:59.829
2025-01-17 12:00:00,0.84489,0.84515,0.84378,0.84431,23226197000.0,2025-01-17 15:45:13.769,2025-01-17 14:49:22.498
2025-01-17 16:00:00,0.84433,0.84501,0.84369,0.84447,8803625000.0,2025-01-17 18:08:20.874,2025-01-17 16:19:34.498
2025-01-17 20:00:00,0.84448,0.84456,0.84387,0.84402,2129459000.0,2025-01-17 20:31:01.433,2025-01-17 21:46:56.214
2025-01-19 20:00:00,0.8436,0.84461,0.84342,0.84434,1696100000.0,2025-01-19 23:35:38.060,2025-01-19 22:05:04.887
2025-01-20 00:00:00,0.84436,0.84454,0.84386,0.84439,4949416000.0,2025-01-20 00:14:59.508,2025-01-20 03:07:13.083
2025-01-20 04:00:00,0.8444,0.84461,0.84363,0.84451,6251631000.0,2025-01-20 07:55:05.745,2025-01-20 05:57:33.232
2025-01-20 08:00:00,0.84452,0.84732,0.84415,0.84595,15357885000.0,2025-01-20 09:45:20.726,2025-01-20 08:05:33.682
2025-01-20 12:00:00,0.84596,0.84689,0.84503,0.84605,29927403000.0,2025-01-20 15:20:17.547,2025-01-20 13:53:42.782
2025-01-20 16:00:00,0.84606,0.84623,0.84441,0.84476,15793321000.0,2025-01-20 16:00:52.135,2025-01-20 18:46:29.315
2025-01-20 20:00:00,0.84475,0.84521,0.84436,0.84499,7594827000.0,2025-01-20 20:13:04.111,2025-01-20 22:04:01.003
2025-01-21 00:00:00,0.84494,0.84571,0.84432,0.84482,15702160000.0,2025-01-21 00:53:59.312,2025-01-21 00:51:11.464
2025-01-21 04:00:00,0.84481,0.84606,0.8447,0.8456,9302383000.0,2025-01-21 07:00:12.989,2025-01-21 05:01:17.743
2025-01-21 08:00:00,0.84561,0.84621,0.8447,0.84607,14644453000.0,2025-01-21 11:58:22.429,2025-01-21 10:12:37.146
2025-01-21 12:00:00,0.84608,0.84619,0.84475,0.84558,18302201000.0,2025-01-21 12:00:45.994,2025-01-21 13:52:50.949
2025-01-21 16:00:00,0.84557,0.84583,0.84503,0.84505,10384267000.0,2025-01-21 16:46:58.754,2025-01-21 16:57:32.840
2025-01-21 20:00:00,0.84504,0.84509,0.84311,0.84332,6774703000.0,2025-01-21 20:00:10.780,2025-01-21 23:09:55.193
2025-01-22 00:00:00,0.84333,0.8443,0.84331,0.84424,5286762000.0,2025-01-22 03:58:27.302,2025-01-22 00:00:01.776
2025-01-22 04:00:00,0.84425,0.84574,0.8435,0.84516,7119879000.0,2025-01-22 07:25:52.129,2025-01-22 05:53:19.123
2025-01-22 08:00:00,0.84515,0.84559,0.84403,0.84514,17351579000.0,2025-01-22 08:39:18.248,2025-01-22 09:12:43.326
2025-01-22 12:00:00,0.84513,0.84595,0.84428,0.84585,17162720000.0,2025-01-22 15:46:05.140,2025-01-22 13:13:34.669
2025-01-22 16:00:00,0.84586,0.84637,0.84504,0.84536,7231237000.0,2025-01-22 16:15:55.053,2025-01-22 19:05:55.789
2025-01-22 20:00:00,0.84537,0.84553,0.84469,0.8452,2882520000.0,2025-01-22 22:53:06.325,2025-01-22 22:04:33.235
2025-01-23 00:00:00,0.84519,0.84538,0.84497,0.84518,7774526000.0,2025-01-23 03:12:49.662,2025-01-23 01:42:52.507
2025-01-23 04:00:00,0.8452,0.84537,0.84488,0.84516,6810984000.0,2025-01-23 07:01:46.656,2025-01-23 07:35:18.200
2025-01-23 08:00:00,0.84518,0.84576,0.84457,0.8452,13808610000.0,2025-01-23 09:20:15.720,2025-01-23 11:22:51.270
2025-01-23 12:00:00,0.84521,0.84531,0.84356,0.84368,21309715000.0,2025-01-23 12:45:26.714,2025-01-23 15:45:52.241
2025-01-23 16:00:00,0.84369,0.84408,0.84316,0.84329,15624599000.0,2025-01-23 16:16:48.652,2025-01-23 19:44:41.393
2025-01-23 20:00:00,0.8433,0.84341,0.84277,0.84308,3054486000.0,2025-01-23 20:13:41.741,2025-01-23 22:04:01.005
2025-01-24 00:00:00,0.84307,0.84343,0.84246,0.84286,7568504000.0,2025-01-24 00:45:23.235,2025-01-24 03:00:57.036
2025-01-24 04:00:00,0.84288,0.84462,0.84219,0.8445,13230110000.0,2025-01-24 07:59:45.249,2025-01-24 06:15:19.661
2025-01-24 08:00:00,0.84451,0.84621,0.84365,0.84458,20686397000.0,2025-01-24 09:02:31.656,2025-01-24 10:47:34.897
2025-01-24 12:00:00,0.84459,0.84495,0.84225,0.84239,16983160000.0,2025-01-24 12:12:25.122,2025-01-24 15:32:35.419
2025-01-24 16:00:00,0.8424,0.84248,0.84061,0.84076,8487791000.0,2025-01-24 16:01:43.563,2025-01-24 19:02:43.133
2025-01-24 20:00:00,0.84075,0.84082,0.84037,0.84065,1776111000.0,2025-01-24 20:01:00.083,2025-01-24 20:37:39.312
2025-01-26 20:00:00,0.84025,0.84065,0.83999,0.84017,1965419000.0,2025-01-26 23:01:03.428,2025-01-26 22:14:45.934
2025-01-27 00:00:00,0.84016,0.84087,0.84004,0.84044,5256541000.0,2025-01-27 01:00:33.546,2025-01-27 00:00:51.616
2025-01-27 04:00:00,0.84043,0.84153,0.83959,0.84132,6371319000.0,2025-01-27 07:52:56.448,2025-01-27 06:15:12.604
2025-01-27 08:00:00,0.84131,0.84197,0.83909,0.84123,21578380000.0,2025-01-27 09:00:21.854,2025-01-27 10:24:11.316
2025-01-27 12:00:00,0.84125,0.84185,0.84043,0.8417,17969432000.0,2025-01-27 15:36:38.031,2025-01-27 13:28:21.415
2025-01-27 16:00:00,0.84169,0.84206,0.8399,0.84007,12029287000.0,2025-01-27 16:17:31.954,2025-01-27 19:57:58.842
2025-01-27 20:00:00,0.84008,0.8401,0.83799,0.83821,7574595000.0,2025-01-27 20:12:05.999,2025-01-27 23:48:12.484
2025-01-28 00:00:00,0.83822,0.83895,0.83791,0.83826,11249051000.0,2025-01-28 01:32:47.260,2025-01-28 02:06:56.345
2025-01-28 04:00:00,0.83825,0.83935,0.83825,0.83893,12968824000.0,2025-01-28 07:36:15.962,2025-01-28 04:00:03.744
2025-01-28 08:00:00,0.83895,0.83897,0.83797,0.8388,13211771000.0,2025-01-28 08:00:00.369,2025-01-28 09:19:23.371
2025-01-28 12:00:00,0.83879,0.83955,0.8381,0.83845,13643278000.0,2025-01-28 13:54:20.969,2025-01-28 12:33:07.969
2025-01-28 16:00:00,0.83846,0.8392,0.83823,0.83854,9291789000.0,2025-01-28 18:27:33.882,2025-01-28 16:11:18.891
2025-01-28 20:00:00,0.83853,0.8388,0.8378,0.83811,3659902000.0,2025-01-28 20:38:00.460,2025-01-28 22:04:01.003
2025-01-29 00:00:00,0.83812,0.83872,0.83802,0.83845,5189200000.0,2025-01-29 01:01:05.538,2025-01-29 00:01:27.247
2025-01-29 04:00:00,0.83846,0.83853,0.83644,0.83668,6510129000.0,2025-01-29 04:14:17.614,2025-01-29 07:50:00.059
2025-01-29 08:00:00,0.8367,0.83822,0.83637,0.8375,13738421000.0,2025-01-29 08:55:17.545,2025-01-29 08:05:22.397
2025-01-29 12:00:00,0.83749,0.83846,0.83694,0.83795,18556101000.0,2025-01-29 15:30:09.433,2025-01-29 13:11:31.013
2025-01-29 16:00:00,0.83796,0.8382,0.83638,0.83698,18115002000.0,2025-01-29 16:16:03.043,2025-01-29 19:01:16.557
2025-01-29 20:00:00,0.83697,0.83719,0.83627,0.83693,8273946000.0,2025-01-29 20:02:19.629,2025-01-29 22:05:02.245
2025-01-30 00:00:00,0.83694,0.83735,0.83689,0.83722,7006076000.0,2025-01-30 03:55:40.094,2025-01-30 00:15:54.059
2025-01-30 04:00:00,0.83723,0.8376,0.83696,0.83711,4081732000.0,2025-01-30 06:21:54.430,2025-01-30 07:58:59.239
2025-01-30 08:00:00,0.83712,0.83731,0.83594,0.83615,14034949000.0,2025-01-30 08:27:11.184,2025-01-30 09:26:16.181
2025-01-30 12:00:00,0.83616,0.83899,0.83607,0.83669,19518461000.0,2025-01-30 14:00:43.795,2025-01-30 12:02:28.567
2025-01-30 16:00:00,0.8367,0.8376,0.83627,0.83694,7646891000.0,2025-01-30 17:20:18.426,2025-01-30 16:49:01.352
2025-01-30 20:00:00,0.83695,0.83726,0.83628,0.83693,9539809000.0,2025-01-30 20:47:29.499,2025-01-30 22:05:01.205
2025-01-31 00:00:00,0.83692,0.83694,0.83613,0.83632,6525412000.0,2025-01-31 00:00:18.095,2025-01-31 03:24:15.245
2025-01-31 04:00:00,0.83631,0.83738,0.83614,0.83664,7246254000.0,2025-01-31 07:42:58.453,2025-01-31 06:44:37.645
2025-01-31 08:00:00,0.83663,0.8367,0.83547,0.8361,14840902000.0,2025-01-31 08:01:06.499,2025-01-31 10:42:06.565
2025-01-31 12:00:00,0.83612,0.8371,0.83561,0.83671,19248114000.0,2025-01-31 14:32:11.319,2025-01-31 15:38:32.095
2025-01-31 16:00:00,0.83672,0.83689,0.83542,0.83674,20653415000.0,2025-01-31 16:03:28.917,2025-01-31 16:44:46.448
2025-01-31 20:00:00,0.83675,0.83692,0.83547,0.83586,6167842000.0,2025-01-31 20:06:45.512,2025-01-31 21:13:28.000
2025-02-02 20:00:00,0.83124,0.83374,0.83109,0.83369,7649344000.0,2025-02-02 23:59:32.419,2025-02-02 22:06:04.668
2025-02-03 00:00:00,0.83371,0.83418,0.83209,0.83349,14193678000.0,2025-02-03 00:06:13.005,2025-02-03 00:26:38.188
2025-02-03 04:00:00,0.83348,0.83456,0.83196,0.83233,12107666000.0,2025-02-03 05:18:53.660,2025-02-03 07:45:29.226
2025-02-03 08:00:00,0.83235,0.83262,0.83114,0.83219,16363227000.0,2025-02-03 09:28:58.651,2025-02-03 08:25:19.487
2025-02-03 12:00:00,0.83218,0.83237,0.82958,0.83111,36149290000.0,2025-02-03 12:39:31.926,2025-02-03 14:59:51.253
2025-02-03 16:00:00,0.83112,0.8313,0.82912,0.82973,19397240000.0,2025-02-03 16:00:15.075,2025-02-03 17:22:59.459
2025-02-03 20:00:00,0.82972,0.83156,0.82968,0.83064,10622057000.0,2025-02-03 22:25:28.240,2025-02-03 20:00:20.468
2025-02-04 00:00:00,0.83065,0.83105,0.83023,0.83084,6137614000.0,2025-02-04 01:50:02.914,2025-02-04 00:56:00.300
2025-02-04 04:00:00,0.83083,0.83099,0.82967,0.8305,9828109000.0,2025-02-04 04:28:37.882,2025-02-04 05:11:51.558
2025-02-04 08:00:00,0.83054,0.83245,0.8305,0.8321,12040420000.0,2025-02-04 09:44:03.041,2025-02-04 08:00:05.460
2025-02-04 12:00:00,0.83211,0.83301,0.83141,0.83196,16258053000.0,2025-02-04 15:00:15.412,2025-02-04 15:32:01.279
2025-02-04 16:00:00,0.83197,0.83202,0.831,0.83169,9772198000.0,2025-02-04 16:02:27.650,2025-02-04 17:21:38.852
2025-02-04 20:00:00,0.83168,0.83182,0.83126,0.83131,3398085000.0,2025-02-04 21:11:34.683,2025-02-04 23:58:54.295
2025-02-05 00:00:00,0.8313,0.83224,0.83118,0.83203,6625471000.0,2025-02-05 03:22:41.847,2025-02-05 00:00:24.155
2025-02-05 04:00:00,0.83202,0.83258,0.83195,0.8321,7011287000.0,2025-02-05 07:42:52.709,2025-02-05 07:25:49.950
2025-02-05 08:00:00,0.83209,0.83239,0.83041,0.83106,14445499000.0,2025-02-05 08:01:42.108,2025-02-05 11:36:30.813
2025-02-05 12:00:00,0.83105,0.83358,0.83064,0.83256,18690354000.0,2025-02-05 15:13:06.358,2025-02-05 13:04:19.822
2025-02-05 16:00:00,0.83257,0.83314,0.83201,0.83217,8524000000.0,2025-02-05 17:57:34.170,2025-02-05 19:51:53.377
2025-02-05 20:00:00,0.83218,0.83231,0.83148,0.83175,3520408000.0,2025-02-05 20:57:55.416,2025-02-05 22:04:01.005
2025-02-06 00:00:00,0.83177,0.83204,0.83147,0.83168,5868749000.0,2025-02-06 02:42:02.823,2025-02-06 01:03:07.465
2025-02-06 04:00:00,0.83169,0.83261,0.8316,0.83213,5583263000.0,2025-02-06 07:30:10.387,2025-02-06 05:15:47.478
2025-02-06 08:00:00,0.83212,0.83501,0.83188,0.8339,13958697000.0,2025-02-06 10:56:19.755,2025-02-06 08:10:24.187
2025-02-06 12:00:00,0.83383,0.83778,0.83344,0.83527,22507254000.0,2025-02-06 12:02:24.945,2025-02-06 12:00:04.727
2025-02-06 16:00:00,0.83526,0.83526,0.83364,0.83504,9532367000.0,2025-02-06 16:00:00.096,2025-02-06 16:29:32.282
2025-02-06 20:00:00,0.83502,0.83525,0.83487,0.83514,3127055000.0,2025-02-06 20:24:26.849,2025-02-06 21:45:07.426
2025-02-07 00:00:00,0.83515,0.83542,0.83471,0.83516,5346860000.0,2025-02-07 00:44:05.488,2025-02-07 03:05:50.747
2025-02-07 04:00:00,0.83517,0.83552,0.8344,0.83502,4620388000.0,2025-02-07 05:08:22.643,2025-02-07 07:24:22.631
2025-02-07 08:00:00,0.83501,0.83511,0.83326,0.83364,11055323000.0,2025-02-07 08:28:38.539,2025-02-07 10:34:01.080
2025-02-07 12:00:00,0.83365,0.83433,0.83239,0.8334,19908616000.0,2025-02-07 15:53:25.333,2025-02-07 15:57:26.065
2025-02-07 16:00:00,0.83341,0.83425,0.83184,0.8323,18428392000.0,2025-02-07 17:08:30.009,2025-02-07 18:20:58.745
2025-02-07 20:00:00,0.83231,0.83276,0.83226,0.83266,3650602000.0,2025-02-07 21:54:29.091,2025-02-07 21:31:58.779
2025-02-09 20:00:00,0.83102,0.83219,0.83082,0.83209,3241049000.0,2025-02-09 22:43:58.723,2025-02-09 22:20:42.276
2025-02-10 00:00:00,0.83208,0.83227,0.83167,0.83177,5024641000.0,2025-02-10 00:11:56.754,2025-02-10 02:44:26.482
2025-02-10 04:00:00,0.83176,0.83197,0.83094,0.83135,5133865000.0,2025-02-10 04:16:50.778,2025-02-10 07:32:54.098
2025-02-10 08:00:00,0.83136,0.83284,0.83114,0.83215,12498439000.0,2025-02-10 09:07:50.634,2025-02-10 08:01:46.459
2025-02-10 12:00:00,0.83213,0.83331,0.83201,0.83255,12582645000.0,2025-02-10 14:02:05.408,2025-02-10 12:00:14.645
2025-02-10 16:00:00,0.83256,0.83357,0.83237,0.83339,7119977000.0,2025-02-10 19:02:41.933,2025-02-10 16:10:33.597
2025-02-10 20:00:00,0.83338,0.83359,0.83291,0.83336,5526362000.0,2025-02-10 23:27:54.276,2025-02-10 22:54:10.815
2025-02-11 00:00:00,0.83338,0.83388,0.83327,0.83357,5147462000.0,2025-02-11 02:39:32.909,2025-02-11 01:43:26.660
2025-02-11 04:00:00,0.83356,0.83497,0.83348,0.83494,5528902000.0,2025-02-11 07:59:32.157,2025-02-11 05:58:53.750
2025-02-11 08:00:00,0.83493,0.83525,0.83359,0.83465,13471202000.0,2025-02-11 08:47:02.366,2025-02-11 09:17:26.888
2025-02-11 12:00:00,0.83464,0.83519,0.8324,0.83347,13363997000.0,2025-02-11 12:03:45.012,2025-02-11 14:04:01.840
2025-02-11 16:00:00,0.83346,0.83355,0.8325,0.83272,11312124000.0,2025-02-11 16:01:07.850,2025-02-11 19:38:59.411
2025-02-11 20:00:00,0.83271,0.83307,0.83183,0.83225,4826811000.0,2025-02-11 20:32:12.333,2025-02-11 22:04:05.363
2025-02-12 00:00:00,0.83229,0.83254,0.83205,0.83222,6025065000.0,2025-02-12 00:34:14.217,2025-02-12 00:03:47.646
2025-02-12 04:00:00,0.83223,0.83297,0.83214,0.83287,6823388000.0,2025-02-12 07:57:01.176,2025-02-12 04:52:38.733
2025-02-12 08:00:00,0.83285,0.83404,0.83257,0.83288,12201597000.0,2025-02-12 10:57:43.318,2025-02-12 08:12:53.421
2025-02-12 12:00:00,0.83287,0.83473,0.83273,0.83432,29628767000.0,2025-02-12 14:52:29.561,2025-02-12 13:29:59.782
2025-02-12 16:00:00,0.83433,0.83557,0.83401,0.83485,17611075000.0,2025-02-12 18:01:47.457,2025-02-12 16:07:32.827
2025-02-12 20:00:00,0.83484,0.83504,0.83396,0.83464,3680462000.0,2025-02-12 20:24:32.236,2025-02-12 22:04:01.004
2025-02-13 00:00:00,0.83463,0.83508,0.83454,0.83505,5837475000.0,2025-02-13 03:52:12.155,2025-02-13 00:10:42.471
2025-02-13 04:00:00,0.83507,0.83558,0.83309,0.8334,11064866000.0,2025-02-13 04:58:16.896,2025-02-13 07:54:57.911
2025-02-13 08:00:00,0.83341,0.83485,0.8333,0.83386,12100693000.0,2025-02-13 10:07:44.305,2025-02-13 11:52:29.837
2025-02-13 12:00:00,0.83388,0.8343,0.83284,0.8331,18673666000.0,2025-02-13 13:40:07.287,2025-02-13 14:23:03.466
2025-02-13 16:00:00,0.83309,0.83327,0.83132,0.83245,14299140000.0,2025-02-13 16:01:25.762,2025-02-13 18:43:54.060
2025-02-13 20:00:00,0.83244,0.8332,0.83197,0.83261,5016372000.0,2025-02-13 20:21:14.226,2025-02-13 22:08:07.644
2025-02-14 00:00:00,0.8326,0.83303,0.83229,0.83277,6372822000.0,2025-02-14 00:46:52.131,2025-02-14 01:46:27.490
2025-02-14 04:00:00,0.83278,0.8331,0.83239,0.83295,6632104000.0,2025-02-14 07:12:42.550,2025-02-14 05:36:41.090
2025-02-14 08:00:00,0.83297,0.83305,0.83157,0.83193,13576463000.0,2025-02-14 08:01:34.118,2025-02-14 11:45:08.867
2025-02-14 12:00:00,0.83191,0.83315,0.83157,0.83281,16068374000.0,2025-02-14 15:50:23.933,2025-02-14 12:18:20.064
2025-02-14 16:00:00,0.83283,0.83363,0.83259,0.83351,8156934000.0,2025-02-14 18:33:21.832,2025-02-14 16:53:08.248
2025-02-14 20:00:00,0.8335,0.83377,0.83331,0.83338,2977975000.0,2025-02-14 20:40:30.322,2025-02-14 21:53:44.994
2025-02-16 20:00:00,0.83245,0.83365,0.83229,0.83342,1619792000.0,2025-02-16 23:14:39.396,2025-02-16 22:05:00.608
2025-02-17 00:00:00,0.83343,0.83386,0.83331,0.83345,5446931000.0,2025-02-17 01:05:59.650,2025-02-17 00:02:01.431
2025-02-17 04:00:00,0.83346,0.83352,0.83218,0.83226,4104714000.0,2025-02-17 04:02:19.775,2025-02-17 07:58:20.619
2025-02-17 08:00:00,0.83225,0.83256,0.83139,0.83173,9417484000.0,2025-02-17 10:46:44.324,2025-02-17 09:18:13.564
2025-02-17 12:00:00,0.83172,0.83216,0.83088,0.83129,7836148000.0,2025-02-17 15:10:58.951,2025-02-17 13:34:02.058
2025-02-17 16:00:00,0.83132,0.83141,0.8297,0.83004,4607943000.0,2025-02-17 16:02:15.435,2025-02-17 19:30:13.406
2025-02-17 20:00:00,0.83003,0.83075,0.8299,0.83073,1591518000.0,2025-02-17 23:59:11.935,2025-02-17 22:04:01.004
2025-02-18 00:00:00,0.83072,0.83091,0.83013,0.83014,5667614000.0,2025-02-18 00:13:48.917,2025-02-18 03:58:26.118
2025-02-18 04:00:00,0.83016,0.83036,0.82932,0.82944,5655540000.0,2025-02-18 06:45:43.590,2025-02-18 07:37:11.404
2025-02-18 08:00:00,0.82945,0.83074,0.829,0.83031,10128749000.0,2025-02-18 10:56:41.353,2025-02-18 08:55:26.279
2025-02-18 12:00:00,0.8303,0.83089,0.82838,0.8296,13300775000.0,2025-02-18 12:47:57.408,2025-02-18 15:35:52.332
2025-02-18 16:00:00,0.82961,0.8299,0.82841,0.82912,7376450000.0,2025-02-18 16:05:15.033,2025-02-18 17:47:57.076
2025-02-18 20:00:00,0.8291,0.82912,0.82657,0.82759,3403813000.0,2025-02-18 20:00:12.555,2025-02-18 22:42:02.610
2025-02-19 00:00:00,0.82758,0.82866,0.82744,0.82838,6318760000.0,2025-02-19 02:56:02.932,2025-02-19 00:17:32.365
2025-02-19 04:00:00,0.82839,0.82887,0.82747,0.82825,7059391000.0,2025-02-19 07:00:21.027,2025-02-19 07:00:01.523
2025-02-19 08:00:00,0.82826,0.82864,0.82726,0.82834,13262308000.0,2025-02-19 11:31:50.179,2025-02-19 09:16:26.762
2025-02-19 12:00:00,0.82835,0.82892,0.82779,0.82797,13958309000.0,2025-02-19 14:41:13.138,2025-02-19 15:48:49.294
2025-02-19 16:00:00,0.82796,0.82884,0.82755,0.82846,10015624000.0,2025-02-19 19:01:51.326,2025-02-19 16:30:46.767
2025-02-19 20:00:00,0.82847,0.82853,0.82774,0.82815,3047702000.0,2025-02-19 20:01:11.805,2025-02-19 22:12:55.410
2025-02-20 00:00:00,0.82816,0.82868,0.82799,0.82832,7637485000.0,2025-02-20 02:54:34.722,2025-02-20 00:31:47.951
2025-02-20 04:00:00,0.82834,0.82835,0.82764,0.82817,5953626000.0,2025-02-20 04:00:00.988,2025-02-20 07:16:54.937
2025-02-20 08:00:00,0.82818,0.82824,0.82697,0.82784,10078062000.0,2025-02-20 11:22:39.604,2025-02-20 09:03:26.180
2025-02-20 12:00:00,0.82782,0.8288,0.82725,0.82858,17880874000.0,2025-02-20 14:37:18.074,2025-02-20 12:26:49.380
2025-02-20 16:00:00,0.82857,0.82917,0.82788,0.82884,9195051000.0,2025-02-20 18:41:17.836,2025-02-20 16:12:59.695
2025-02-20 20:00:00,0.82883,0.82899,0.82829,0.82876,3748059000.0,2025-02-20 21:19:00.205,2025-02-20 22:04:36.595
2025-02-21 00:00:00,0.82877,0.82901,0.82845,0.82891,5683911000.0,2025-02-21 03:45:30.503,2025-02-21 01:45:18.447
2025-02-21 04:00:00,0.8289,0.82917,0.82762,0.82812,5950758000.0,2025-02-21 04:29:40.348,2025-02-21 07:04:41.860
2025-02-21 08:00:00,0.82811,0.82837,0.82716,0.82791,12517022000.0,2025-02-21 09:38:58.124,2025-02-21 10:34:50.844
2025-02-21 12:00:00,0.82792,0.82858,0.82698,0.82716,14267701000.0,2025-02-21 14:22:30.317,2025-02-21 15:57:31.951
2025-02-21 16:00:00,0.82717,0.82839,0.8265,0.82825,9380199000.0,2025-02-21 19:37:32.047,2025-02-21 16:15:30.189
2025-02-21 20:00:00,0.82824,0.82832,0.82786,0.82806,1823810000.0,2025-02-21 21:28:02.215,2025-02-21 20:32:37.894
2025-02-23 20:00:00,0.82796,0.8288,0.82726,0.82802,2033689000.0,2025-02-23 22:47:37.206,2025-02-23 22:25:30.139
2025-02-24 00:00:00,0.82804,0.82987,0.82804,0.82949,10537383000.0,2025-02-24 02:06:11.555,2025-02-24 00:00:00.452
2025-02-24 04:00:00,0.8295,0.83019,0.82924,0.82966,6553699000.0,2025-02-24 07:14:29.284,2025-02-24 04:20:35.063
2025-02-24 08:00:00,0.82967,0.82988,0.82803,0.82819,13511832000.0,2025-02-24 08:05:04.083,2025-02-24 09:23:46.893
2025-02-24 12:00:00,0.8282,0.82955,0.82753,0.82952,12629810000.0,2025-02-24 15:59:13.237,2025-02-24 14:04:57.014
2025-02-24 16:00:00,0.82951,0.82964,0.82835,0.82921,9567913000.0,2025-02-24 16:01:54.481,2025-02-24 18:05:57.254
2025-02-24 20:00:00,0.8292,0.82927,0.82886,0.8291,3906887000.0,2025-02-24 20:00:29.272,2025-02-24 22:59:37.433
2025-02-25 00:00:00,0.82911,0.82921,0.82883,0.82905,5448578000.0,2025-02-25 02:15:30.341,2025-02-25 02:32:50.359
2025-02-25 04:00:00,0.82906,0.82992,0.82884,0.82964,5214263000.0,2025-02-25 07:56:02.688,2025-02-25 05:30:01.590
2025-02-25 08:00:00,0.82962,0.82978,0.82895,0.82896,11564299000.0,2025-02-25 08:11:24.845,2025-02-25 11:59:03.111
2025-02-25 12:00:00,0.82899,0.83007,0.82853,0.82962,17319837000.0,2025-02-25 15:14:46.401,2025-02-25 14:10:23.396
2025-02-25 16:00:00,0.82961,0.83021,0.82927,0.82958,13988328149.0,2025-02-25 16:44:30.798,2025-02-25 18:07:22.279
2025-02-25 20:00:00,0.82957,0.83024,0.8295,0.83018,4763603597.0,2025-02-25 23:27:25.343,2025-02-25 20:00:25.277
2025-02-26 00:00:00,0.83019,0.83041,0.82999,0.83037,12853302141.0,2025-02-26 03:55:41.419,2025-02-26 02:29:26.068
2025-02-26 04:00:00,0.83036,0.83045,0.82954,0.82965,12319833012.0,2025-02-26 04:26:40.546,2025-02-26 07:36:37.194
2025-02-26 08:00:00,0.82964,0.83049,0.8292,0.82945,15956790000.0,2025-02-26 11:15:19.988,2025-02-26 11:51:09.841
2025-02-26 12:00:00,0.82946,0.82946,0.82724,0.82756,18845759037.0,2025-02-26 12:00:00.058,2025-02-26 15:35:14.910
2025-02-26 16:00:00,0.82757,0.8283,0.82656,0.82709,19763092324.0,2025-02-26 16:59:06.891,2025-02-26 17:36:41.883
2025-02-26 20:00:00,0.82708,0.82736,0.82676,0.82705,5388812437.0,2025-02-26 23:23:17.733,2025-02-26 22:12:46.787
2025-02-27 00:00:00,0.82706,0.82743,0.82674,0.82686,14259569184.0,2025-02-27 02:06:03.734,2025-02-27 03:49:49.464
2025-02-27 04:00:00,0.82685,0.82719,0.82673,0.82698,12296094730.0,2025-02-27 07:40:45.792,2025-02-27 04:55:04.980
2025-02-27 08:00:00,0.82696,0.82708,0.8264,0.82662,14658444000.0,2025-02-27 11:41:25.231,2025-02-27 11:10:25.285
2025-02-27 12:00:00,0.82663,0.82709,0.82428,0.82473,26795717674.0,2025-02-27 13:00:01.855,2025-02-27 15:57:26.133
2025-02-27 16:00:00,0.82474,0.82534,0.8242,0.82519,14297425448.0,2025-02-27 19:41:04.436,2025-02-27 16:38:21.224
2025-02-27 20:00:00,0.8252,0.82535,0.82442,0.82511,6326290000.0,2025-02-27 21:09:41.410,2025-02-27 22:56:52.821
2025-02-28 00:00:00,0.82512,0.82548,0.82448,0.82545,11677158596.0,2025-02-28 03:56:45.611,2025-02-28 01:59:33.527
2025-02-28 04:00:00,0.82544,0.82608,0.82537,0.82583,10735953000.0,2025-02-28 07:55:05.016,2025-02-28 05:13:30.371
2025-02-28 08:00:00,0.82582,0.82603,0.82514,0.82557,13897229000.0,2025-02-28 11:27:59.668,2025-02-28 10:24:31.406
2025-02-28 12:00:00,0.82558,0.8263,0.82543,0.82588,21632210192.0,2025-02-28 13:27:44.233,2025-02-28 15:28:31.009
2025-02-28 16:00:00,0.82587,0.8267,0.82458,0.82466,22296456259.0,2025-02-28 16:52:12.163,2025-02-28 19:59:39.589
2025-02-28 20:00:00,0.82465,0.82486,0.82419,0.8248,4755836255.0,2025-02-28 21:46:09.085,2025-02-28 20:50:02.689
2025-03-02 20:00:00,0.8262,0.82667,0.82566,0.82618,3310629000.0,2025-03-02 23:23:12.265,2025-03-02 23:06:06.105
2025-03-03 00:00:00,0.82617,0.82658,0.82588,0.82655,14469710000.0,2025-03-03 03:41:47.271,2025-03-03 00:07:58.783
2025-03-03 04:00:00,0.82656,0.82665,0.82562,0.82572,13490389000.0,2025-03-03 04:02:05.714,2025-03-03 07:54:58.160
2025-03-03 08:00:00,0.82573,0.82636,0.82516,0.82559,19807876128.0,2025-03-03 09:03:00.416,2025-03-03 09:24:29.713
2025-03-03 12:00:00,0.8256,0.82656,0.82498,0.8256,26036873168.0,2025-03-03 15:04:48.381,2025-03-03 13:18:36.806
2025-03-03 16:00:00,0.82559,0.82621,0.82477,0.82522,16217394535.0,2025-03-03 16:41:07.639,2025-03-03 17:57:26.310
2025-03-03 20:00:00,0.82523,0.82591,0.82502,0.82548,10637298000.0,2025-03-03 20:22:50.743,2025-03-03 23:44:05.519
2025-03-04 00:00:00,0.82549,0.82612,0.82544,0.82578,15054009164.0,2025-03-04 01:41:05.747,2025-03-04 00:00:09.209
2025-03-04 04:00:00,0.82577,0.82635,0.82538,0.82594,15690633833.0,2025-03-04 07:48:51.833,2025-03-04 04:53:12.977
2025-03-04 08:00:00,0.82593,0.82765,0.82588,0.82756,22452529379.0,2025-03-04 11:59:05.255,2025-03-04 10:58:09.748
2025-03-04 12:00:00,0.82758,0.82868,0.8264,0.82779,27539031545.0,2025-03-04 14:09:53.636,2025-03-04 15:21:18.682
2025-03-04 16:00:00,0.82777,0.82917,0.82697,0.82896,24039538035.0,2025-03-04 19:09:13.890,2025-03-04 17:34:13.647
2025-03-04 20:00:00,0.82895,0.83121,0.82895,0.83022,11740695159.0,2025-03-04 23:13:26.438,2025-03-04 20:00:01.382
2025-03-05 00:00:00,0.83023,0.83072,0.82988,0.83038,19973874113.0,2025-03-05 01:50:41.701,2025-03-05 00:17:14.989
2025-03-05 04:00:00,0.83039,0.83267,0.83015,0.83257,19485557318.0,2025-03-05 07:58:23.613,2025-03-05 04:29:30.806
2025-03-05 08:00:00,0.83255,0.83462,0.83138,0.83273,26661020000.0,2025-03-05 09:55:27.311,2025-03-05 08:39:03.672
2025-03-05 12:00:00,0.83272,0.83747,0.83261,0.83661,38881264000.0,2025-03-05 14:41:24.272,2025-03-05 12:01:24.193
2025-03-05 16:00:00,0.83663,0.83805,0.83572,0.83662,30957212000.0,2025-03-05 17:15:34.265,2025-03-05 19:07:23.434
2025-03-05 20:00:00,0.83663,0.83739,0.83641,0.83739,9610212000.0,2025-03-05 23:59:59.217,2025-03-05 20:11:38.134
2025-03-06 00:00:00,0.8374,0.83833,0.8369,0.83723,17110976000.0,2025-03-06 01:51:14.058,2025-03-06 00:27:23.629
2025-03-06 04:00:00,0.83722,0.83803,0.83641,0.83654,20390042000.0,2025-03-06 06:17:40.805,2025-03-06 07:58:33.001
2025-03-06 08:00:00,0.83655,0.83891,0.83654,0.83844,30876830000.0,2025-03-06 10:04:18.777,2025-03-06 08:00:00.323
2025-03-06 12:00:00,0.83845,0.84107,0.83753,0.83914,40312554000.0,2025-03-06 13:17:03.899,2025-03-06 12:54:57.057
2025-03-06 16:00:00,0.83913,0.8398,0.83598,0.83768,23967647172.0,2025-03-06 16:34:36.579,2025-03-06 18:44:04.609
2025-03-06 20:00:00,0.8377,0.8379,0.8368,0.83729,10607858000.0,2025-03-06 20:30:10.221,2025-03-06 22:04:01.004
2025-03-07 00:00:00,0.83728,0.8388,0.83717,0.83846,13654000000.0,2025-03-07 03:39:49.003,2025-03-07 01:17:44.925
2025-03-07 04:00:00,0.83845,0.83985,0.83845,0.83921,15798009000.0,2025-03-07 07:46:48.436,2025-03-07 04:00:00.736
2025-03-07 08:00:00,0.8392,0.84086,0.83901,0.83974,25802088000.0,2025-03-07 10:44:38.685,2025-03-07 08:01:38.557
2025-03-07 12:00:00,0.8397,0.84179,0.83873,0.8411,40226157931.0,2025-03-07 13:35:35.284,2025-03-07 13:30:02.466
2025-03-07 16:00:00,0.84109,0.84112,0.83906,0.83916,26117644865.0,2025-03-07 16:02:22.547,2025-03-07 19:58:20.492
2025-03-07 20:00:00,0.83917,0.83934,0.83845,0.83851,4911959209.0,2025-03-07 20:00:47.347,2025-03-07 21:52:35.605
2025-03-09 20:00:00,0.83792,0.83981,0.8375,0.83974,6291121000.0,2025-03-09 23:19:19.243,2025-03-09 21:05:00.206
2025-03-10 00:00:00,0.83975,0.83981,0.83882,0.83888,17526500060.0,2025-03-10 01:02:24.792,2025-03-10 03:59:00.701
2025-03-10 04:00:00,0.83887,0.83944,0.83865,0.83918,18359220000.0,2025-03-10 07:43:46.085,2025-03-10 07:57:03.900
2025-03-10 08:00:00,0.83919,0.84167,0.838,0.83963,38512563000.0,2025-03-10 10:27:45.020,2025-03-10 11:05:53.878
2025-03-10 12:00:00,0.83964,0.83987,0.83772,0.83974,33474987000.0,2025-03-10 15:59:18.623,2025-03-10 13:23:25.387
2025-03-10 16:00:00,0.83973,0.84152,0.83955,0.84114,21954854089.0,2025-03-10 18:59:52.261,2025-03-10 16:07:01.137
2025-03-10 20:00:00,0.84115,0.84205,0.84057,0.84185,8140862000.0,2025-03-10 23:16:35.269,2025-03-10 21:04:01.004
2025-03-11 00:00:00,0.84183,0.84244,0.84152,0.84204,17481701138.0,2025-03-11 01:46:14.065,2025-03-11 00:38:14.375
2025-03-11 04:00:00,0.84203,0.84395,0.84151,0.8436,24678043724.0,2025-03-11 07:56:34.076,2025-03-11 06:17:01.977
2025-03-11 08:00:00,0.84359,0.84446,0.84198,0.84372,27887877493.0,2025-03-11 08:58:27.688,2025-03-11 10:34:20.918
2025-03-11 12:00:00,0.8437,0.84475,0.84267,0.84404,36991204000.0,2025-03-11 13:24:54.264,2025-03-11 12:30:41.447
2025-03-11 16:00:00,0.84405,0.84493,0.84305,0.84307,23593659756.0,2025-03-11 17:12:43.690,2025-03-11 19:36:53.928
2025-03-11 20:00:00,0.84308,0.84321,0.84229,0.84316,3823172000.0,2025-03-11 23:59:46.934,2025-03-11 21:22:28.618
2025-03-12 00:00:00,0.84315,0.84345,0.84279,0.84325,13430260000.0,2025-03-12 00:41:13.874,2025-03-12 03:35:22.857
2025-03-12 04:00:00,0.84324,0.84354,0.84287,0.84318,17671963000.0,2025-03-12 06:32:00.643,2025-03-12 07:21:00.180
2025-03-12 08:00:00,0.84317,0.84414,0.84169,0.84211,28094668892.0,2025-03-12 08:43:50.555,2025-03-12 11:40:56.693
2025-03-12 12:00:00,0.84212,0.84314,0.83939,0.84236,38187103379.0,2025-03-12 15:10:18.696,2025-03-12 12:30:02.626
2025-03-12 16:00:00,0.84237,0.84239,0.83918,0.83979,20037019000.0,2025-03-12 16:00:01.631,2025-03-12 18:43:05.716
2025-03-12 20:00:00,0.83978,0.8401,0.83958,0.83962,5428908000.0,2025-03-12 20:49:28.931,2025-03-12 20:14:20.103
2025-03-13 00:00:00,0.83963,0.84021,0.8395,0.83999,10351417000.0,2025-03-13 03:29:33.376,2025-03-13 00:11:35.076
2025-03-13 04:00:00,0.84,0.8404,0.83878,0.83882,16319821000.0,2025-03-13 05:00:25.306,2025-03-13 07:52:43.018
2025-03-13 08:00:00,0.83881,0.84026,0.83877,0.83945,26533281584.0,2025-03-13 09:30:45.423,2025-03-13 11:59:05.699
2025-03-13 12:00:00,0.83946,0.8397,0.83729,0.8389,34941098391.0,2025-03-13 15:48:09.716,2025-03-13 12:47:51.943
2025-03-13 16:00:00,0.83889,0.84006,0.83798,0.83805,17500885000.0,2025-03-13 17:01:27.975,2025-03-13 18:47:38.062
2025-03-13 20:00:00,0.83806,0.83816,0.83723,0.83775,4740749000.0,2025-03-13 20:15:21.235,2025-03-13 21:04:01.006
2025-03-14 00:00:00,0.83774,0.83812,0.83743,0.83784,15950370881.0,2025-03-14 00:59:40.605,2025-03-14 02:25:08.855
2025-03-14 04:00:00,0.83785,0.83886,0.8374,0.83856,15792934000.0,2025-03-14 07:50:46.519,2025-03-14 06:31:06.005
2025-03-14 08:00:00,0.83857,0.84277,0.83835,0.84211,33225250465.0,2025-03-14 11:30:58.665,2025-03-14 08:05:29.054
2025-03-14 12:00:00,0.84212,0.8428,0.84031,0.84174,30753639622.0,2025-03-14 12:38:02.515,2025-03-14 13:59:58.371
2025-03-14 16:00:00,0.84175,0.84251,0.84091,0.84131,15362038172.0,2025-03-14 16:48:44.589,2025-03-14 18:32:41.337
2025-03-14 20:00:00,0.8413,0.84165,0.84104,0.84112,1411414000.0,2025-03-14 20:18:37.442,2025-03-14 20:52:51.075
2025-03-16 20:00:00,0.84028,0.84167,0.84028,0.84156,2765425000.0,2025-03-16 23:06:02.910,2025-03-16 21:05:00.006
2025-03-17 00:00:00,0.84157,0.84166,0.84096,0.84132,8708364736.0,2025-03-17 00:01:06.976,2025-03-17 01:37:34.328
2025-03-17 04:00:00,0.84134,0.84163,0.84052,0.84074,11273626000.0,2025-03-17 04:06:46.825,2025-03-17 07:54:26.986
2025-03-17 08:00:00,0.84075,0.84163,0.84029,0.84045,18309840000.0,2025-03-17 10:01:59.343,2025-03-17 11:51:53.567
2025-03-17 12:00:00,0.84047,0.84155,0.83979,0.84108,23164742042.0,2025-03-17 15:49:56.874,2025-03-17 13:48:13.790
2025-03-17 16:00:00,0.84107,0.84113,0.83992,0.8406,13641039495.0,2025-03-17 16:00:10.618,2025-03-17 17:57:36.198
2025-03-17 20:00:00,0.84061,0.84092,0.84025,0.84088,4593037000.0,2025-03-17 23:28:28.325,2025-03-17 21:04:01.205
2025-03-18 00:00:00,0.84087,0.84096,0.84053,0.84076,8572355988.0,2025-03-18 03:09:54.096,2025-03-18 01:44:04.383
2025-03-18 04:00:00,0.84077,0.84204,0.84061,0.84199,12080675000.0,2025-03-18 07:59:53.549,2025-03-18 05:56:26.604
2025-03-18 08:00:00,0.84198,0.84282,0.84117,0.84195,19765571938.0,2025-03-18 09:18:39.822,2025-03-18 11:54:19.210
2025-03-18 12:00:00,0.84194,0.84217,0.84071,0.84151,25832014233.0,2025-03-18 12:24:20.659,2025-03-18 15:22:55.004
2025-03-18 16:00:00,0.8415,0.84212,0.84121,0.84164,15134804054.0,2025-03-18 17:55:08.544,2025-03-18 16:30:30.953
2025-03-18 20:00:00,0.84163,0.84196,0.84134,0.84142,3820827000.0,2025-03-18 21:10:00.726,2025-03-18 23:59:12.466
2025-03-19 00:00:00,0.84141,0.84183,0.84099,0.84174,10103033272.0,2025-03-19 03:40:26.587,2025-03-19 00:46:26.013
2025-03-19 04:00:00,0.84172,0.842,0.8391,0.83972,15011812000.0,2025-03-19 05:30:15.437,2025-03-19 07:43:10.420
2025-03-19 08:00:00,0.8397,0.84091,0.8397,0.84058,19160639000.0,2025-03-19 10:51:18.520,2025-03-19 08:00:00.184
2025-03-19 12:00:00,0.84059,0.84111,0.83878,0.83882,20782456326.0,2025-03-19 12:08:29.422,2025-03-19 15:59:51.661
2025-03-19 16:00:00,0.83881,0.83914,0.83764,0.83851,19951948221.0,2025-03-19 18:42:47.664,2025-03-19 18:00:02.008
2025-03-19 20:00:00,0.83849,0.83875,0.83822,0.83865,5556133000.0,2025-03-19 21:19:57.552,2025-03-19 21:53:23.005
2025-03-20 00:00:00,0.83866,0.839,0.83857,0.83869,11721768248.0,2025-03-20 00:44:03.668,2025-03-20 03:22:32.645
2025-03-20 04:00:00,0.8387,0.83889,0.83815,0.83868,11587736971.0,2025-03-20 07:02:13.689,2025-03-20 07:39:23.201
2025-03-20 08:00:00,0.83867,0.83885,0.83655,0.83732,25859061982.0,2025-03-20 08:01:22.810,2025-03-20 11:37:37.376
2025-03-20 12:00:00,0.83741,0.83751,0.83506,0.83614,27402048141.0,2025-03-20 12:00:01.226,2025-03-20 14:51:07.193
2025-03-20 16:00:00,0.83613,0.83719,0.83609,0.83702,12646188875.0,2025-03-20 19:44:05.359,2025-03-20 16:00:02.895
2025-03-20 20:00:00,0.83701,0.83743,0.83639,0.83708,3962997000.0,2025-03-20 23:19:00.158,2025-03-20 21:04:01.005
2025-03-21 00:00:00,0.83711,0.83727,0.83673,0.83688,8881814749.0,2025-03-21 00:24:43.629,2025-03-21 03:47:55.984
2025-03-21 04:00:00,0.83687,0.83813,0.83678,0.83792,11927646582.0,2025-03-21 07:46:19.966,2025-03-21 04:27:48.282
2025-03-21 08:00:00,0.83791,0.83821,0.83676,0.83817,18209290000.0,2025-03-21 11:59:42.756,2025-03-21 10:26:38.794
2025-03-21 12:00:00,0.83816,0.83836,0.83673,0.83808,24282922802.0,2025-03-21 12:01:02.883,2025-03-21 15:19:14.530
2025-03-21 16:00:00,0.83807,0.8385,0.83692,0.83733,14609075370.0,2025-03-21 16:00:51.036,2025-03-21 17:10:02.509
2025-03-21 20:00:00,0.83734,0.8376,0.83708,0.83728,1505599000.0,2025-03-21 20:44:42.660,2025-03-21 20:06:09.127
2025-03-23 20:00:00,0.83795,0.83838,0.83728,0.83833,3153664000.0,2025-03-23 23:59:03.001,2025-03-23 21:23:31.968
2025-03-24 00:00:00,0.83832,0.83839,0.83746,0.83788,11318463951.0,2025-03-24 00:00:31.374,2025-03-24 01:31:01.170
2025-03-24 04:00:00,0.83787,0.8381,0.83701,0.83704,13579579255.0,2025-03-24 05:57:04.954,2025-03-24 07:59:55.919
2025-03-24 08:00:00,0.83705,0.83803,0.83591,0.83682,22923058000.0,2025-03-24 08:24:14.112,2025-03-24 09:37:43.706
2025-03-24 12:00:00,0.8368,0.83682,0.83455,0.83596,25885063000.0,2025-03-24 12:01:59.608,2025-03-24 14:13:56.970
2025-03-24 16:00:00,0.83597,0.83652,0.8355,0.83597,15093552463.0,2025-03-24 16:52:19.532,2025-03-24 17:59:25.229
2025-03-24 20:00:00,0.83596,0.83609,0.83525,0.83586,4024887000.0,2025-03-24 23:04:27.014,2025-03-24 21:07:31.692
2025-03-25 00:00:00,0.83587,0.8363,0.83576,0.83583,8001774526.0,2025-03-25 03:19:28.700,2025-03-25 00:31:06.737
2025-03-25 04:00:00,0.83582,0.83614,0.83538,0.83581,9757388000.0,2025-03-25 06:08:08.135,2025-03-25 07:47:54.267
2025-03-25 08:00:00,0.83583,0.83595,0.83504,0.8358,22650241000.0,2025-03-25 09:26:56.101,2025-03-25 10:01:58.207
2025-03-25 12:00:00,0.83579,0.83586,0.834,0.83434,22443552000.0,2025-03-25 13:20:52.490,2025-03-25 15:57:48.822
2025-03-25 16:00:00,0.83435,0.83466,0.83374,0.8338,11352269379.0,2025-03-25 16:10:00.274,2025-03-25 17:42:03.904
2025-03-25 20:00:00,0.83379,0.83396,0.83326,0.8334,3234655000.0,2025-03-25 21:08:21.950,2025-03-25 23:52:26.638
2025-03-26 00:00:00,0.83342,0.83402,0.83333,0.83378,8340027000.0,2025-03-26 02:27:57.917,2025-03-26 00:00:38.596
2025-03-26 04:00:00,0.83379,0.83591,0.83323,0.83539,10450585100.0,2025-03-26 07:46:58.928,2025-03-26 06:51:57.264
2025-03-26 08:00:00,0.83538,0.83743,0.83536,0.83678,18208614000.0,2025-03-26 08:53:52.971,2025-03-26 08:00:03.353
2025-03-26 12:00:00,0.83679,0.8371,0.83555,0.83661,23814493084.0,2025-03-26 12:06:54.976,2025-03-26 13:13:19.681
2025-03-26 16:00:00,0.8366,0.83674,0.83414,0.83419,12852605000.0,2025-03-26 16:00:33.638,2025-03-26 19:30:51.548
2025-03-26 20:00:00,0.8342,0.83445,0.83363,0.83409,5498570018.0,2025-03-26 20:40:03.344,2025-03-26 22:39:05.276
2025-03-27 00:00:00,0.83411,0.83488,0.83399,0.83477,7185083838.0,2025-03-27 03:48:34.492,2025-03-27 00:25:48.339
2025-03-27 04:00:00,0.83476,0.83476,0.83338,0.83363,9947151000.0,2025-03-27 04:00:00.076,2025-03-27 06:25:46.177
2025-03-27 08:00:00,0.83364,0.83452,0.83314,0.83415,19160873844.0,2025-03-27 11:09:00.607,2025-03-27 09:52:10.086
2025-03-27 12:00:00,0.83416,0.83449,0.83236,0.83311,25024571644.0,2025-03-27 14:10:36.914,2025-03-27 12:30:10.938
2025-03-27 16:00:00,0.83309,0.83363,0.83232,0.83359,10867171000.0,2025-03-27 19:56:18.654,2025-03-27 16:18:05.512
2025-03-27 20:00:00,0.8336,0.83425,0.83305,0.83392,3062598000.0,2025-03-27 20:56:58.330,2025-03-27 21:27:49.157
2025-03-28 00:00:00,0.83393,0.83394,0.83331,0.83359,5726036000.0,2025-03-28 00:00:01.967,2025-03-28 02:34:42.313
2025-03-28 04:00:00,0.83358,0.83384,0.83251,0.83291,7723282000.0,2025-03-28 05:57:54.507,2025-03-28 07:00:00.933
2025-03-28 08:00:00,0.8329,0.83347,0.83153,0.83312,15236419993.0,2025-03-28 11:41:34.595,2025-03-28 09:36:02.883
2025-03-28 12:00:00,0.83311,0.83677,0.8328,0.83644,27280596528.0,2025-03-28 15:35:44.044,2025-03-28 12:30:00.072
2025-03-28 16:00:00,0.83643,0.83677,0.83592,0.83625,9288736000.0,2025-03-28 18:46:16.236,2025-03-28 18:16:18.867
2025-03-28 20:00:00,0.83626,0.8369,0.83623,0.8367,916469000.0,2025-03-28 20:34:06.862,2025-03-28 20:00:01.398
2025-03-30 20:00:00,0.83614,0.83695,0.83578,0.83657,3451744000.0,2025-03-30 23:08:37.191,2025-03-30 21:37:03.863
2025-03-31 00:00:00,0.83658,0.83673,0.83578,0.83605,8502095729.0,2025-03-31 00:10:59.837,2025-03-31 01:56:43.661
2025-03-31 04:00:00,0.83606,0.83655,0.83498,0.83599,13682296000.0,2025-03-31 05:43:50.061,2025-03-31 07:41:11.183
2025-03-31 08:00:00,0.83597,0.83709,0.83525,0.83531,17618933000.0,2025-03-31 09:51:38.344,2025-03-31 11:58:15.222
2025-03-31 12:00:00,0.8353,0.83744,0.83494,0.83732,26072254876.0,2025-03-31 15:14:46.295,2025-03-31 12:05:32.684
2025-03-31 16:00:00,0.83729,0.8379,0.83689,0.83708,12507257721.0,2025-03-31 17:57:57.026,2025-03-31 16:27:35.477
2025-03-31 20:00:00,0.83709,0.8376,0.83696,0.83729,3201149000.0,2025-03-31 21:58:45.774,2025-03-31 20:00:54.163
2025-04-01 00:00:00,0.83728,0.83757,0.83693,0.83712,8378253000.0,2025-04-01 01:02:54.740,2025-04-01 03:28:44.073
2025-04-01 04:00:00,0.83713,0.83722,0.83603,0.83675,13400252479.0,2025-04-01 07:41:59.385,2025-04-01 06:51:30.014
2025-04-01 08:00:00,0.83674,0.83732,0.83557,0.83633,17649929000.0,2025-04-01 09:05:01.690,2025-04-01 10:09:47.051
2025-04-01 12:00:00,0.83634,0.83786,0.83558,0.83579,25842548637.0,2025-04-01 14:02:10.778,2025-04-01 15:46:19.378
2025-04-01 16:00:00,0.8358,0.83605,0.83506,0.83507,7596766000.0,2025-04-01 16:08:10.024,2025-04-01 19:59:56.542
2025-04-01 20:00:00,0.83508,0.83573,0.83499,0.83535,2807145000.0,2025-04-01 22:29:31.152,2025-04-01 20:26:15.599
2025-04-02 00:00:00,0.83534,0.83585,0.83529,0.83548,5667495000.0,2025-04-02 01:04:00.308,2025-04-02 02:57:02.446
2025-04-02 04:00:00,0.83549,0.83593,0.83528,0.8357,8845041000.0,2025-04-02 07:06:06.991,2025-04-02 05:04:09.252
2025-04-02 08:00:00,0.83569,0.83606,0.83415,0.83428,14607020000.0,2025-04-02 08:16:57.880,2025-04-02 10:37:31.409
2025-04-02 12:00:00,0.83426,0.83774,0.83422,0.83765,26845741200.0,2025-04-02 15:55:04.519,2025-04-02 12:00:09.388
2025-04-02 16:00:00,0.83766,0.83767,0.83572,0.83579,12369197465.0,2025-04-02 16:00:00.321,2025-04-02 19:56:45.374
2025-04-02 20:00:00,0.8358,0.83872,0.83223,0.83584,25273633000.0,2025-04-02 20:17:42.509,2025-04-02 22:13:21.865
2025-04-03 00:00:00,0.83586,0.83624,0.8349,0.83502,17089691662.0,2025-04-03 02:24:43.813,2025-04-03 01:09:58.536
2025-04-03 04:00:00,0.83503,0.83803,0.83487,0.83509,25933860398.0,2025-04-03 06:50:35.632,2025-04-03 07:51:19.156
2025-04-03 08:00:00,0.83508,0.84414,0.835,0.84158,42057325000.0,2025-04-03 10:13:18.155,2025-04-03 08:00:12.249
2025-04-03 12:00:00,0.84157,0.8448,0.84045,0.84285,46883146000.0,2025-04-03 14:47:06.119,2025-04-03 12:30:00.008
2025-04-03 16:00:00,0.84287,0.84306,0.84132,0.84295,18886928000.0,2025-04-03 16:06:17.673,2025-04-03 17:45:13.400
2025-04-03 20:00:00,0.84294,0.84464,0.84251,0.8438,6747396000.0,2025-04-03 22:38:42.825,2025-04-03 20:05:59.786
2025-04-04 00:00:00,0.84381,0.84682,0.84334,0.84655,14818588000.0,2025-04-04 03:45:55.955,2025-04-04 00:30:54.283
2025-04-04 04:00:00,0.84654,0.84715,0.84508,0.84595,23185836000.0,2025-04-04 07:16:52.188,2025-04-04 07:57:57.945
2025-04-04 08:00:00,0.84592,0.85075,0.84485,0.84942,45423836000.0,2025-04-04 11:43:36.254,2025-04-04 10:07:00.364
2025-04-04 12:00:00,0.84941,0.85214,0.84721,0.852,60799109000.0,2025-04-04 15:58:51.371,2025-04-04 12:53:48.174
2025-04-04 16:00:00,0.85202,0.85238,0.84757,0.85006,33121687000.0,2025-04-04 16:00:38.212,2025-04-04 18:02:32.974
2025-04-04 20:00:00,0.85007,0.85099,0.84993,0.85063,4041545000.0,2025-04-04 20:32:50.483,2025-04-04 20:00:40.425
2025-04-06 20:00:00,0.84692,0.85318,0.84686,0.85081,12983418000.0,2025-04-06 23:15:30.269,2025-04-06 21:05:43.438
2025-04-07 00:00:00,0.85078,0.85144,0.84877,0.84974,27084120000.0,2025-04-07 01:52:01.266,2025-04-07 00:51:07.592
2025-04-07 04:00:00,0.84976,0.85468,0.8495,0.85311,42131850000.0,2025-04-07 07:39:28.980,2025-04-07 04:07:43.152
2025-04-07 08:00:00,0.85316,0.85535,0.8521,0.85532,47827764000.0,2025-04-07 11:59:49.545,2025-04-07 09:43:02.264
2025-04-07 12:00:00,0.85531,0.85796,0.85371,0.85743,57641899000.0,2025-04-07 15:28:51.289,2025-04-07 12:29:09.918
2025-04-07 16:00:00,0.85742,0.85898,0.85652,0.85841,31519365489.0,2025-04-07 19:44:33.341,2025-04-07 17:47:05.648
2025-04-07 20:00:00,0.8584,0.85867,0.85657,0.85717,7795121000.0,2025-04-07 20:01:50.684,2025-04-07 21:04:40.677
2025-04-08 00:00:00,0.85718,0.85838,0.85697,0.85804,18320848092.0,2025-04-08 02:45:52.813,2025-04-08 00:12:30.584
2025-04-08 04:00:00,0.85805,0.85944,0.85641,0.85669,22480402000.0,2025-04-08 06:51:25.155,2025-04-08 07:59:03.306
2025-04-08 08:00:00,0.8567,0.85816,0.85562,0.85562,24283915000.0,2025-04-08 09:16:19.199,2025-04-08 11:58:22.241
2025-04-08 12:00:00,0.85564,0.85743,0.85296,0.85456,33576791000.0,2025-04-08 12:33:10.138,2025-04-08 14:35:32.702
2025-04-08 16:00:00,0.85458,0.85791,0.85394,0.85752,33168816680.0,2025-04-08 19:50:56.766,2025-04-08 16:06:11.859
2025-04-08 20:00:00,0.85751,0.85901,0.85665,0.8585,9924309000.0,2025-04-08 23:43:55.142,2025-04-08 21:14:50.559
2025-04-09 00:00:00,0.85851,0.85996,0.85833,0.85966,24583602052.0,2025-04-09 03:29:13.905,2025-04-09 00:02:52.896
2025-04-09 04:00:00,0.85965,0.86353,0.85937,0.86057,37434266758.0,2025-04-09 07:12:44.050,2025-04-09 04:16:18.083
2025-04-09 08:00:00,0.86054,0.86389,0.85915,0.86389,40022879316.0,2025-04-09 11:59:53.580,2025-04-09 09:05:30.725
2025-04-09 12:00:00,0.8639,0.86625,0.86341,0.86442,43870013702.0,2025-04-09 13:30:01.019,2025-04-09 13:55:31.694
2025-04-09 16:00:00,0.86441,0.86535,0.85362,0.85403,42030557084.0,2025-04-09 17:20:56.883,2025-04-09 19:20:38.844
2025-04-09 20:00:00,0.85406,0.85544,0.85319,0.85386,14263765000.0,2025-04-09 20:25:29.266,2025-04-09 20:56:16.448
2025-04-10 00:00:00,0.85387,0.85588,0.85367,0.85483,23113130239.0,2025-04-10 01:26:25.793,2025-04-10 00:16:01.833
2025-04-10 04:00:00,0.85485,0.85644,0.85192,0.85626,24415115413.0,2025-04-10 07:58:18.466,2025-04-10 06:54:46.581
2025-04-10 08:00:00,0.85628,0.85885,0.85574,0.85611,31217534000.0,2025-04-10 10:13:06.289,2025-04-10 08:11:21.558
2025-04-10 12:00:00,0.8561,0.8653,0.8558,0.86491,51748082475.0,2025-04-10 15:42:56.306,2025-04-10 12:00:47.783
2025-04-10 16:00:00,0.8649,0.86599,0.86183,0.86401,38021658030.0,2025-04-10 16:23:14.701,2025-04-10 19:28:51.940
2025-04-10 20:00:00,0.86398,0.86668,0.86263,0.86652,13430881000.0,2025-04-10 23:59:43.049,2025-04-10 21:06:00.149
2025-04-11 00:00:00,0.86649,0.87259,0.86591,0.86992,38238822119.0,2025-04-11 00:33:02.658,2025-04-11 00:17:40.254
2025-04-11 04:00:00,0.86991,0.87004,0.86604,0.86962,34292142000.0,2025-04-11 04:02:26.995,2025-04-11 06:38:07.466
2025-04-11 08:00:00,0.86964,0.87383,0.86543,0.86557,50677507424.0,2025-04-11 08:51:09.007,2025-04-11 11:59:57.220
2025-04-11 12:00:00,0.86553,0.8699,0.86515,0.86796,54713754422.0,2025-04-11 14:31:02.189,2025-04-11 12:29:51.297
2025-04-11 16:00:00,0.86795,0.86827,0.86467,0.86737,29125177502.0,2025-04-11 16:00:32.742,2025-04-11 17:59:57.382
2025-04-11 20:00:00,0.86743,0.86853,0.86721,0.8681,1923826000.0,2025-04-11 20:31:56.977,2025-04-11 20:02:14.411
2025-04-13 20:00:00,0.86391,0.86746,0.86304,0.86683,8948727000.0,2025-04-13 22:32:52.741,2025-04-13 21:58:09.625
2025-04-14 00:00:00,0.86684,0.86941,0.86653,0.86758,22833521366.0,2025-04-14 02:09:22.983,2025-04-14 00:02:20.452
2025-04-14 04:00:00,0.86757,0.86799,0.86491,0.8651,24044633000.0,2025-04-14 06:08:18.570,2025-04-14 07:49:13.226
2025-04-14 08:00:00,0.86509,0.86543,0.86244,0.86397,20606378000.0,2025-04-14 08:21:24.861,2025-04-14 11:15:50.277
2025-04-14 12:00:00,0.86396,0.86438,0.8604,0.8621,35789903011.0,2025-04-14 12:02:14.394,2025-04-14 13:23:37.094
2025-04-14 16:00:00,0.86209,0.86278,0.85982,0.86084,16493200000.0,2025-04-14 16:12:36.106,2025-04-14 17:51:42.127
2025-04-14 20:00:00,0.86086,0.86134,0.85977,0.86058,7610532000.0,2025-04-14 22:59:03.301,2025-04-14 21:12:27.098
2025-04-15 00:00:00,0.86057,0.86059,0.85905,0.85979,12294863000.0,2025-04-15 00:00:06.515,2025-04-15 01:39:25.287
2025-04-15 04:00:00,0.85977,0.86017,0.85812,0.85881,18415852000.0,2025-04-15 06:10:53.212,2025-04-15 07:37:18.544
2025-04-15 08:00:00,0.85882,0.85956,0.85566,0.856,19060987000.0,2025-04-15 08:05:17.785,2025-04-15 11:33:40.231
2025-04-15 12:00:00,0.85599,0.85677,0.85347,0.85387,31462030164.0,2025-04-15 12:43:13.197,2025-04-15 15:55:17.406
2025-04-15 16:00:00,0.85386,0.854,0.85266,0.85301,12803759657.0,2025-04-15 16:02:19.027,2025-04-15 17:11:03.647
2025-04-15 20:00:00,0.85302,0.85374,0.85245,0.85356,5555030000.0,2025-04-15 23:50:54.905,2025-04-15 20:58:16.773
2025-04-16 00:00:00,0.85357,0.8554,0.85344,0.85522,12188999408.0,2025-04-16 03:29:52.491,2025-04-16 00:07:39.422
2025-04-16 04:00:00,0.85517,0.85767,0.85474,0.85718,17512988000.0,2025-04-16 07:23:02.887,2025-04-16 04:31:00.235
2025-04-16 08:00:00,0.85719,0.85725,0.85457,0.85615,24537529360.0,2025-04-16 08:00:50.062,2025-04-16 08:42:03.386
2025-04-16 12:00:00,0.85614,0.85941,0.85571,0.85931,29823141592.0,2025-04-16 15:58:03.157,2025-04-16 12:54:25.732
2025-04-16 16:00:00,0.85932,0.86148,0.85886,0.86015,22502822110.0,2025-04-16 19:28:40.680,2025-04-16 16:27:04.521
2025-04-16 20:00:00,0.86016,0.86166,0.85883,0.86116,6975815000.0,2025-04-16 23:36:06.550,2025-04-16 21:04:01.005
2025-04-17 00:00:00,0.86117,0.8614,0.8597,0.86,14566837090.0,2025-04-17 00:02:52.922,2025-04-17 03:43:18.024
2025-04-17 04:00:00,0.86002,0.86038,0.8583,0.85906,18996140000.0,2025-04-17 04:36:13.802,2025-04-17 07:18:03.213
2025-04-17 08:00:00,0.85907,0.85991,0.8583,0.85853,20293518000.0,2025-04-17 08:48:30.246,2025-04-17 10:16:00.339
2025-04-17 12:00:00,0.85852,0.85889,0.85661,0.8571,35580441000.0,2025-04-17 12:07:48.734,2025-04-17 12:57:05.944
2025-04-17 16:00:00,0.85714,0.85751,0.85557,0.85727,13812127000.0,2025-04-17 19:12:05.353,2025-04-17 16:36:16.710
2025-04-17 20:00:00,0.85728,0.85745,0.85593,0.85695,7005399000.0,2025-04-17 23:06:38.780,2025-04-17 21:21:29.453
2025-04-18 00:00:00,0.85694,0.85727,0.85592,0.85701,37641070000.0,2025-04-18 03:20:29.826,2025-04-18 00:55:00.428
2025-04-18 04:00:00,0.857,0.85726,0.85563,0.85697,66850472000.0,2025-04-18 04:40:17.570,2025-04-18 07:02:40.601
2025-04-18 08:00:00,0.85699,0.85749,0.85642,0.85727,90123826000.0,2025-04-18 11:42:05.525,2025-04-18 09:49:55.501
2025-04-18 12:00:00,0.85729,0.85825,0.85678,0.85803,82583989000.0,2025-04-18 15:23:43.574,2025-04-18 13:19:28.039
2025-04-18 16:00:00,0.85804,0.8581,0.85705,0.85725,30723271000.0,2025-04-18 16:00:02.541,2025-04-18 19:51:31.513
2025-04-18 20:00:00,0.85726,0.85751,0.85652,0.8569,6655887000.0,2025-04-18 20:22:49.301,2025-04-18 20:48:02.592
2025-04-20 20:00:00,0.85779,0.86048,0.85668,0.85987,5962725000.0,2025-04-20 23:48:54.723,2025-04-20 21:53:03.338
2025-04-21 00:00:00,0.85988,0.86189,0.85855,0.86051,16954155000.0,2025-04-21 02:28:24.549,2025-04-21 00:47:24.761
2025-04-21 04:00:00,0.8605,0.86235,0.86006,0.8616,13987161000.0,2025-04-21 07:57:54.732,2025-04-21 06:49:53.041
2025-04-21 08:00:00,0.86161,0.86237,0.86042,0.8616,20633549000.0,2025-04-21 09:12:38.441,2025-04-21 11:09:16.250
2025-04-21 12:00:00,0.86161,0.8619,0.85799,0.8599,19306286761.0,2025-04-21 12:20:41.790,2025-04-21 15:15:00.922
2025-04-21 16:00:00,0.85991,0.8614,0.85956,0.86072,12765487786.0,2025-04-21 18:21:03.314,2025-04-21 16:03:59.843
2025-04-21 20:00:00,0.86076,0.8611,0.85955,0.86053,5237654000.0,2025-04-21 22:29:51.911,2025-04-21 21:06:42.532
2025-04-22 00:00:00,0.86052,0.86085,0.85882,0.86049,15237280894.0,2025-04-22 03:11:49.528,2025-04-22 01:24:37.135
2025-04-22 04:00:00,0.8605,0.8606,0.85831,0.86005,23190641248.0,2025-04-22 05:49:11.515,2025-04-22 07:15:15.945
2025-04-22 08:00:00,0.86004,0.86052,0.85843,0.8586,23327424000.0,2025-04-22 08:37:38.496,2025-04-22 11:59:56.861
2025-04-22 12:00:00,0.85861,0.8591,0.85684,0.85723,27015248000.0,2025-04-22 12:16:50.471,2025-04-22 14:31:34.862
2025-04-22 16:00:00,0.85724,0.85809,0.85634,0.85666,20651999000.0,2025-04-22 17:57:51.621,2025-04-22 16:57:43.784
2025-04-22 20:00:00,0.85665,0.85686,0.85374,0.85517,13254847000.0,2025-04-22 20:08:39.046,2025-04-22 21:36:19.397
2025-04-23 00:00:00,0.85518,0.85721,0.85512,0.85603,20271904599.0,2025-04-23 01:54:04.952,2025-04-23 00:00:03.869
2025-04-23 04:00:00,0.85604,0.8562,0.85434,0.85566,23085075547.0,2025-04-23 04:38:00.139,2025-04-23 06:55:43.502
2025-04-23 08:00:00,0.85565,0.85803,0.85536,0.85802,25303065406.0,2025-04-23 11:59:59.684,2025-04-23 08:03:58.573
2025-04-23 12:00:00,0.85801,0.85833,0.85308,0.85616,38557167273.0,2025-04-23 12:02:05.012,2025-04-23 14:00:13.950
2025-04-23 16:00:00,0.85615,0.85673,0.85332,0.85385,15795085000.0,2025-04-23 16:12:55.240,2025-04-23 17:58:18.562
2025-04-23 20:00:00,0.85386,0.85483,0.85332,0.85406,5818918000.0,2025-04-23 22:09:11.740,2025-04-23 20:26:53.553
2025-04-24 00:00:00,0.85407,0.8549,0.85369,0.85442,12020818347.0,2025-04-24 02:09:47.244,2025-04-24 00:07:58.845
2025-04-24 04:00:00,0.85441,0.85611,0.85409,0.85593,15698097055.0,2025-04-24 07:34:49.921,2025-04-24 04:05:27.392
2025-04-24 08:00:00,0.85595,0.85652,0.8544,0.85456,18381021000.0,2025-04-24 08:06:08.811,2025-04-24 11:56:48.860
2025-04-24 12:00:00,0.85454,0.8555,0.85341,0.85384,26402671000.0,2025-04-24 13:04:01.173,2025-04-24 15:19:35.602
2025-04-24 16:00:00,0.85387,0.85424,0.85332,0.85357,12641713780.0,2025-04-24 19:38:44.856,2025-04-24 17:49:14.888
2025-04-24 20:00:00,0.85356,0.85396,0.85322,0.85328,4870136000.0,2025-04-24 20:52:10.417,2025-04-24 23:51:51.802
2025-04-25 00:00:00,0.8533,0.8533,0.85218,0.85239,13345738901.0,2025-04-25 00:00:00.571,2025-04-25 03:40:56.924
2025-04-25 04:00:00,0.8524,0.85474,0.85208,0.85423,18432253000.0,2025-04-25 07:44:46.836,2025-04-25 04:04:48.271
2025-04-25 08:00:00,0.85421,0.85423,0.85251,0.8529,15433941000.0,2025-04-25 08:00:04.269,2025-04-25 11:56:52.812
2025-04-25 12:00:00,0.85288,0.85458,0.85109,0.85377,21835466719.0,2025-04-25 14:54:26.855,2025-04-25 13:34:17.365
2025-04-25 16:00:00,0.85378,0.85432,0.85274,0.85287,9931825000.0,2025-04-25 16:11:20.364,2025-04-25 19:57:11.011
2025-04-25 20:00:00,0.85285,0.85336,0.85285,0.85321,885229000.0,2025-04-25 20:50:17.644,2025-04-25 20:00:00.055
2025-04-27 20:00:00,0.8535,0.85376,0.85295,0.85363,2716139000.0,2025-04-27 22:02:02.713,2025-04-27 22:30:56.561
2025-04-28 00:00:00,0.85364,0.85445,0.85351,0.85413,11835322980.0,2025-04-28 01:20:19.804,2025-04-28 00:00:29.466
2025-04-28 04:00:00,0.85412,0.85438,0.85215,0.85288,14415240713.0,2025-04-28 05:17:01.443,2025-04-28 07:02:07.565
2025-04-28 08:00:00,0.85287,0.85291,0.85,0.85103,16292147000.0,2025-04-28 08:00:03.197,2025-04-28 09:19:17.919
2025-04-28 12:00:00,0.85104,0.85174,0.84933,0.85013,24286890618.0,2025-04-28 12:30:03.979,2025-04-28 14:38:39.908
2025-04-28 16:00:00,0.85014,0.85122,0.84974,0.84991,14066149600.0,2025-04-28 16:58:05.649,2025-04-28 19:58:31.691
2025-04-28 20:00:00,0.84993,0.85009,0.84891,0.84908,4375932000.0,2025-04-28 20:06:00.096,2025-04-28 23:21:19.155
2025-04-29 00:00:00,0.84907,0.84965,0.8487,0.84921,11644822459.0,2025-04-29 00:12:05.175,2025-04-29 01:52:54.290
2025-04-29 04:00:00,0.8492,0.85053,0.84866,0.84958,14679034298.0,2025-04-29 07:35:30.877,2025-04-29 04:46:06.473
2025-04-29 08:00:00,0.84969,0.85031,0.84869,0.84984,16676470000.0,2025-04-29 11:13:42.160,2025-04-29 08:56:38.720
2025-04-29 12:00:00,0.84986,0.85118,0.84933,0.85069,27918862849.0,2025-04-29 13:17:21.716,2025-04-29 12:17:56.056
2025-04-29 16:00:00,0.85068,0.85096,0.84907,0.84915,11694517000.0,2025-04-29 16:24:38.800,2025-04-29 19:15:01.575
2025-04-29 20:00:00,0.84914,0.84973,0.84889,0.84932,3985517000.0,2025-04-29 22:28:54.690,2025-04-29 21:06:31.129
2025-04-30 00:00:00,0.84933,0.84976,0.8482,0.84944,8910040819.0,2025-04-30 00:18:23.768,2025-04-30 01:59:12.236
2025-04-30 04:00:00,0.84945,0.8504,0.84922,0.85003,12823150000.0,2025-04-30 06:37:28.909,2025-04-30 04:44:34.120
2025-04-30 08:00:00,0.85005,0.85166,0.84975,0.85153,17961573000.0,2025-04-30 11:50:20.482,2025-04-30 08:00:54.070
2025-04-30 12:00:00,0.85151,0.85383,0.84953,0.8506,31898042744.0,2025-04-30 13:55:19.499,2025-04-30 15:32:27.816
2025-04-30 16:00:00,0.85061,0.8515,0.8497,0.85008,14802483000.0,2025-04-30 17:10:28.412,2025-04-30 19:52:27.294
2025-04-30 20:00:00,0.85007,0.85025,0.84951,0.85,4705892000.0,2025-04-30 22:02:48.030,2025-04-30 20:36:43.726
2025-05-01 00:00:00,0.85001,0.8505,0.84954,0.85046,7243722232.0,2025-05-01 03:57:48.820,2025-05-01 02:10:50.568
2025-05-01 04:00:00,0.85047,0.85103,0.84963,0.85003,14443271430.0,2025-05-01 06:50:09.364,2025-05-01 07:45:47.710
2025-05-01 08:00:00,0.85004,0.85055,0.84911,0.84961,14423558810.0,2025-05-01 08:06:13.322,2025-05-01 10:29:13.545
2025-05-01 12:00:00,0.84962,0.85026,0.84796,0.84981,24270623000.0,2025-05-01 13:32:18.774,2025-05-01 14:19:07.573
2025-05-01 16:00:00,0.84982,0.85062,0.84961,0.85014,13431354878.0,2025-05-01 17:57:13.638,2025-05-01 19:17:10.464
2025-05-01 20:00:00,0.85013,0.85049,0.84953,0.85025,3576162000.0,2025-05-01 23:28:27.097,2025-05-01 21:30:26.357
2025-05-02 00:00:00,0.85024,0.85028,0.8492,0.84997,13343486925.0,2025-05-02 00:00:23.546,2025-05-02 00:44:35.448
2025-05-02 04:00:00,0.84996,0.85199,0.84902,0.85181,13945623000.0,2025-05-02 07:58:58.476,2025-05-02 05:47:14.217
2025-05-02 08:00:00,0.85183,0.8537,0.85163,0.85352,19240821630.0,2025-05-02 11:57:43.460,2025-05-02 08:18:50.488
2025-05-02 12:00:00,0.85351,0.85406,0.85142,0.85306,37107215770.0,2025-05-02 13:57:18.575,2025-05-02 12:29:59.814
2025-05-02 16:00:00,0.85308,0.85326,0.85099,0.85144,16451624720.0,2025-05-02 16:10:31.625,2025-05-02 17:47:17.142
2025-05-02 20:00:00,0.85143,0.85165,0.85123,0.8516,1439464000.0,2025-05-02 20:53:53.994,2025-05-02 20:31:50.667
2025-05-04 20:00:00,0.85193,0.85327,0.85108,0.85314,3403015000.0,2025-05-04 23:46:23.904,2025-05-04 21:41:44.187
2025-05-05 00:00:00,0.85315,0.85325,0.85258,0.85275,6986014349.0,2025-05-05 02:22:46.960,2025-05-05 01:36:33.248
2025-05-05 04:00:00,0.85274,0.853,0.85174,0.85182,11539650000.0,2025-05-05 06:58:42.680,2025-05-05 07:57:44.027
2025-05-05 08:00:00,0.8518,0.85315,0.85159,0.85173,18519319504.0,2025-05-05 09:06:03.876,2025-05-05 11:46:55.390
2025-05-05 12:00:00,0.85172,0.85265,0.85144,0.85183,21668387642.0,2025-05-05 13:52:51.647,2025-05-05 12:08:56.589
2025-05-05 16:00:00,0.85182,0.85201,0.85096,0.85115,8744347000.0,2025-05-05 16:06:17.934,2025-05-05 17:59:46.030
2025-05-05 20:00:00,0.85116,0.85135,0.85064,0.85111,2852038000.0,2025-05-05 21:41:08.621,2025-05-05 21:14:17.632
2025-05-06 00:00:00,0.8511,0.85128,0.85024,0.85105,11298522949.0,2025-05-06 02:11:59.648,2025-05-06 00:25:10.198
2025-05-06 04:00:00,0.85104,0.85201,0.85092,0.85126,12845546967.0,2025-05-06 06:43:13.130,2025-05-06 07:35:25.758
2025-05-06 08:00:00,0.85125,0.85133,0.84713,0.84721,18744736000.0,2025-05-06 08:01:17.674,2025-05-06 11:59:28.759
2025-05-06 12:00:00,0.84722,0.84889,0.84618,0.84858,22606249000.0,2025-05-06 15:32:00.171,2025-05-06 12:58:03.738
2025-05-06 16:00:00,0.8486,0.85044,0.8484,0.85004,16277648781.0,2025-05-06 17:45:26.520,2025-05-06 16:15:05.144
2025-05-06 20:00:00,0.85003,0.85096,0.84811,0.84927,8058415000.0,2025-05-06 20:33:38.187,2025-05-06 22:08:27.722
2025-05-07 00:00:00,0.84925,0.85015,0.84884,0.85011,15636707065.0,2025-05-07 03:59:37.852,2025-05-07 01:07:13.048
2025-05-07 04:00:00,0.8501,0.85135,0.84987,0.85098,13871007000.0,2025-05-07 07:18:18.481,2025-05-07 04:19:41.026
2025-05-07 08:00:00,0.85097,0.85221,0.85082,0.85084,16857317000.0,2025-05-07 08:47:01.021,2025-05-07 08:03:49.162
2025-05-07 12:00:00,0.85083,0.8512,0.84958,0.85039,20405390009.0,2025-05-07 12:14:35.248,2025-05-07 14:51:02.742
2025-05-07 16:00:00,0.8504,0.85184,0.84953,0.85032,24310322212.0,2025-05-07 18:20:29.435,2025-05-07 18:00:01.173
2025-05-07 20:00:00,0.85033,0.85113,0.85006,0.85044,6229679000.0,2025-05-07 21:28:34.011,2025-05-07 20:11:44.914
2025-05-08 00:00:00,0.85042,0.85108,0.84851,0.84879,12913302634.0,2025-05-08 00:40:42.765,2025-05-08 03:24:54.313
2025-05-08 04:00:00,0.84878,0.85025,0.84848,0.84999,16117540365.0,2025-05-08 07:42:01.811,2025-05-08 06:00:00.701
2025-05-08 08:00:00,0.85,0.85224,0.84718,0.84766,20200045218.0,2025-05-08 11:02:05.927,2025-05-08 11:52:52.588
2025-05-08 12:00:00,0.84765,0.84868,0.84611,0.84673,23547920000.0,2025-05-08 12:43:37.879,2025-05-08 15:56:05.927
2025-05-08 16:00:00,0.8467,0.84764,0.84585,0.8476,9938263685.0,2025-05-08 19:56:48.727,2025-05-08 16:14:00.523
2025-05-08 20:00:00,0.84759,0.84804,0.8469,0.84798,4770605000.0,2025-05-08 23:58:00.878,2025-05-08 21:59:28.604
2025-05-09 00:00:00,0.84797,0.84828,0.84742,0.84815,14031113342.0,2025-05-09 00:16:20.793,2025-05-09 02:10:30.573
2025-05-09 04:00:00,0.84814,0.84921,0.8481,0.84836,14481073000.0,2025-05-09 06:48:55.962,2025-05-09 04:01:19.697
2025-05-09 08:00:00,0.84835,0.84866,0.84702,0.84767,15160702000.0,2025-05-09 08:38:02.823,2025-05-09 11:18:23.859
2025-05-09 12:00:00,0.84768,0.84823,0.84632,0.84633,17428740000.0,2025-05-09 14:35:32.709,2025-05-09 15:59:56.854
2025-05-09 16:00:00,0.84632,0.84649,0.84549,0.84565,7680987000.0,2025-05-09 16:46:58.758,2025-05-09 19:25:37.527
2025-05-09 20:00:00,0.84563,0.84584,0.84555,0.84579,1013960000.0,2025-05-09 20:54:30.812,2025-05-09 20:17:07.886
2025-05-11 20:00:00,0.84364,0.84538,0.84323,0.84513,4418295000.0,2025-05-11 21:20:39.440,2025-05-11 22:00:01.424
2025-05-12 00:00:00,0.84514,0.84575,0.84508,0.84511,12516790224.0,2025-05-12 01:04:25.761,2025-05-12 00:00:41.360
2025-05-12 04:00:00,0.84508,0.84521,0.84202,0.84326,19101955000.0,2025-05-12 04:40:06.320,2025-05-12 07:29:25.992
2025-05-12 08:00:00,0.84321,0.84428,0.8415,0.8432,28084167794.0,2025-05-12 08:44:54.390,2025-05-12 10:23:03.245
2025-05-12 12:00:00,0.84318,0.84323,0.84103,0.84183,27408650790.0,2025-05-12 12:00:05.521,2025-05-12 15:53:31.152
2025-05-12 16:00:00,0.84181,0.84212,0.84053,0.84166,12755453506.0,2025-05-12 16:02:06.288,2025-05-12 18:31:11.597
2025-05-12 20:00:00,0.84165,0.8422,0.84108,0.84198,5644368000.0,2025-05-12 22:03:44.235,2025-05-12 21:34:51.092
2025-05-13 00:00:00,0.84197,0.8427,0.84193,0.84225,12177200000.0,2025-05-13 01:01:04.188,2025-05-13 00:00:35.963
2025-05-13 04:00:00,0.84226,0.84231,0.84111,0.84135,13119909000.0,2025-05-13 04:01:11.708,2025-05-13 07:16:55.844
2025-05-13 08:00:00,0.84136,0.8414,0.84029,0.84056,15007317000.0,2025-05-13 08:57:43.007,2025-05-13 10:40:57.260
2025-05-13 12:00:00,0.84057,0.84232,0.83905,0.84165,25429520000.0,2025-05-13 13:39:21.430,2025-05-13 12:30:01.479
2025-05-13 16:00:00,0.84164,0.84176,0.84028,0.84096,9779055000.0,2025-05-13 16:00:16.331,2025-05-13 17:47:02.948
2025-05-13 20:00:00,0.84095,0.84112,0.8404,0.8408,3526447000.0,2025-05-13 22:05:21.056,2025-05-13 21:16:39.124
2025-05-14 00:00:00,0.84081,0.84124,0.84045,0.84116,11770386177.0,2025-05-14 03:59:44.918,2025-05-14 01:49:38.612
2025-05-14 04:00:00,0.84129,0.84171,0.84044,0.84139,11643430249.0,2025-05-14 06:27:55.973,2025-05-14 07:15:36.857
2025-05-14 08:00:00,0.84137,0.84362,0.84109,0.84127,19985401000.0,2025-05-14 09:49:41.035,2025-05-14 11:57:39.756
2025-05-14 12:00:00,0.84128,0.84349,0.84122,0.84243,25671540286.0,2025-05-14 14:44:32.671,2025-05-14 12:00:30.497
2025-05-14 16:00:00,0.84244,0.8428,0.84199,0.84215,14913854000.0,2025-05-14 18:38:48.928,2025-05-14 16:41:55.055
2025-05-14 20:00:00,0.84217,0.84332,0.84131,0.84301,4524089000.0,2025-05-14 23:47:02.270,2025-05-14 21:04:01.711
2025-05-15 00:00:00,0.84299,0.84352,0.84278,0.84305,12432503000.0,2025-05-15 00:33:22.394,2025-05-15 00:03:38.177
2025-05-15 04:00:00,0.84304,0.84407,0.84243,0.84393,13268976000.0,2025-05-15 07:09:14.571,2025-05-15 06:00:00.395
2025-05-15 08:00:00,0.84392,0.84397,0.8422,0.84267,13975910000.0,2025-05-15 08:00:20.355,2025-05-15 11:35:01.072
2025-05-15 12:00:00,0.84266,0.8429,0.84128,0.84184,23955583175.0,2025-05-15 12:30:17.161,2025-05-15 15:44:51.218
2025-05-15 16:00:00,0.84185,0.84185,0.84031,0.8405,8106989055.0,2025-05-15 16:00:01.146,2025-05-15 18:58:12.133
2025-05-15 20:00:00,0.84051,0.84131,0.84043,0.84126,3616996000.0,2025-05-15 23:59:36.139,2025-05-15 20:38:14.155
2025-05-16 00:00:00,0.84127,0.84183,0.84106,0.84134,11099774894.0,2025-05-16 02:28:40.824,2025-05-16 00:22:53.262
2025-05-16 04:00:00,0.84135,0.84187,0.84098,0.8418,12298235000.0,2025-05-16 07:56:16.912,2025-05-16 04:47:50.412
2025-05-16 08:00:00,0.84178,0.84278,0.84147,0.84275,15802072737.0,2025-05-16 11:59:48.933,2025-05-16 08:54:43.597
2025-05-16 12:00:00,0.84276,0.84322,0.84032,0.84038,17462235000.0,2025-05-16 12:52:20.805,2025-05-16 15:42:14.200
2025-05-16 16:00:00,0.84039,0.84051,0.83936,0.83979,7661626559.0,2025-05-16 16:04:17.179,2025-05-16 17:23:18.307
2025-05-16 20:00:00,0.83977,0.84022,0.83948,0.84015,1605490000.0,2025-05-16 20:54:23.219,2025-05-16 20:42:15.099
2025-05-18 20:00:00,0.84133,0.84162,0.84079,0.84091,2779714000.0,2025-05-18 21:31:23.659,2025-05-18 22:00:01.449
2025-05-19 00:00:00,0.84089,0.84138,0.84027,0.84084,10266175583.0,2025-05-19 01:02:14.914,2025-05-19 00:49:35.468
2025-05-19 04:00:00,0.84083,0.84165,0.84045,0.84069,11548153055.0,2025-05-19 06:32:44.802,2025-05-19 07:42:58.305
2025-05-19 08:00:00,0.8407,0.84269,0.84054,0.84236,19939713000.0,2025-05-19 09:10:32.938,2025-05-19 08:00:50.101
2025-05-19 12:00:00,0.84237,0.84244,0.84119,0.84135,20905030205.0,2025-05-19 12:00:10.609,2025-05-19 14:12:20.780
2025-05-19 16:00:00,0.84134,0.84171,0.84085,0.84132,9611476317.0,2025-05-19 16:23:19.237,2025-05-19 17:26:58.604
2025-05-19 20:00:00,0.84133,0.84171,0.84072,0.84078,4826726000.0,2025-05-19 22:04:56.054,2025-05-19 23:45:43.398
2025-05-20 00:00:00,0.84077,0.84146,0.8405,0.84122,8668248348.0,2025-05-20 02:26:56.311,2025-05-20 00:57:19.419
2025-05-20 04:00:00,0.84121,0.84235,0.84104,0.84198,11989989024.0,2025-05-20 07:15:01.227,2025-05-20 05:14:23.587
2025-05-20 08:00:00,0.84197,0.84204,0.84099,0.84163,14566539217.0,2025-05-20 08:03:59.968,2025-05-20 08:46:08.191
2025-05-20 12:00:00,0.84162,0.84291,0.84139,0.84169,20777669000.0,2025-05-20 15:05:52.445,2025-05-20 15:58:10.441
2025-05-20 16:00:00,0.84168,0.8429,0.84136,0.84258,8727302000.0,2025-05-20 18:28:51.809,2025-05-20 16:44:45.841
2025-05-20 20:00:00,0.8426,0.84288,0.84232,0.84256,2895607000.0,2025-05-20 21:57:24.291,2025-05-20 21:06:15.537
2025-05-21 00:00:00,0.84259,0.84399,0.84225,0.84387,9065091000.0,2025-05-21 03:53:14.140,2025-05-21 00:52:57.923
2025-05-21 04:00:00,0.84386,0.84459,0.84243,0.84424,16286857187.0,2025-05-21 07:55:51.411,2025-05-21 06:00:09.092
2025-05-21 08:00:00,0.84422,0.84592,0.84405,0.84415,17837181000.0,2025-05-21 10:23:59.497,2025-05-21 11:59:40.736
2025-05-21 12:00:00,0.84419,0.84476,0.84322,0.84359,20454915738.0,2025-05-21 14:14:45.647,2025-05-21 15:48:33.507
2025-05-21 16:00:00,0.84358,0.84483,0.84327,0.84365,13139554223.0,2025-05-21 17:30:29.739,2025-05-21 17:00:20.153
2025-05-21 20:00:00,0.84364,0.84443,0.84342,0.84435,4283768000.0,2025-05-21 23:58:35.476,2025-05-21 21:07:48.270
2025-05-22 00:00:00,0.84433,0.84457,0.84338,0.84417,11887694000.0,2025-05-22 02:17:56.285,2025-05-22 01:02:05.094
2025-05-22 04:00:00,0.84416,0.84491,0.84195,0.84277,11898908000.0,2025-05-22 06:11:25.386,2025-05-22 07:30:33.906
2025-05-22 08:00:00,0.84274,0.8435,0.84231,0.84267,17234375000.0,2025-05-22 08:20:47.803,2025-05-22 08:01:30.112
2025-05-22 12:00:00,0.84265,0.84294,0.84,0.84025,21380898000.0,2025-05-22 12:04:36.173,2025-05-22 15:11:20.367
2025-05-22 16:00:00,0.84023,0.84058,0.83973,0.8405,9035228470.0,2025-05-22 16:10:18.380,2025-05-22 16:57:57.234
2025-05-22 20:00:00,0.84051,0.84091,0.84017,0.84074,4104498000.0,2025-05-22 23:14:30.377,2025-05-22 21:09:06.829
2025-05-23 00:00:00,0.84073,0.84187,0.84052,0.84119,9544799000.0,2025-05-23 01:55:03.003,2025-05-23 00:08:48.107
2025-05-23 04:00:00,0.84121,0.84161,0.84086,0.84125,10831426000.0,2025-05-23 05:24:43.279,2025-05-23 07:24:10.387
2025-05-23 08:00:00,0.84124,0.84175,0.83837,0.83936,17137238000.0,2025-05-23 11:44:11.895,2025-05-23 11:54:57.500
2025-05-23 12:00:00,0.83937,0.84066,0.83799,0.84017,25910928000.0,2025-05-23 14:59:37.390,2025-05-23 12:09:56.186
2025-05-23 16:00:00,0.8402,0.84024,0.8394,0.83963,9014969000.0,2025-05-23 16:18:35.980,2025-05-23 19:39:18.381
2025-05-23 20:00:00,0.83962,0.83983,0.83927,0.83965,1110495000.0,2025-05-23 20:11:42.747,2025-05-23 20:19:47.831
2025-05-25 20:00:00,0.83995,0.84082,0.83962,0.8402,4994478000.0,2025-05-25 22:31:17.789,2025-05-25 22:07:01.127
2025-05-26 00:00:00,0.84021,0.84088,0.83982,0.84037,9520905689.0,2025-05-26 00:30:41.093,2025-05-26 02:24:07.804
2025-05-26 04:00:00,0.84035,0.84076,0.83941,0.83946,10141017841.0,2025-05-26 06:55:34.387,2025-05-26 07:32:56.136
2025-05-26 08:00:00,0.83947,0.83983,0.83893,0.83901,8282262000.0,2025-05-26 08:14:02.735,2025-05-26 09:06:04.620
2025-05-26 12:00:00,0.83899,0.83951,0.83876,0.8391,6993289150.0,2025-05-26 15:02:55.752,2025-05-26 12:27:55.195
2025-05-26 16:00:00,0.83908,0.83936,0.83893,0.83936,1962570000.0,2025-05-26 17:16:11.656,2025-05-26 16:17:31.255
2025-05-26 20:00:00,0.83935,0.83983,0.83879,0.83952,2614324000.0,2025-05-26 22:05:54.393,2025-05-26 21:04:48.739
2025-05-27 00:00:00,0.83953,0.83979,0.83928,0.83964,7671041022.0,2025-05-27 02:43:01.665,2025-05-27 00:55:00.950
2025-05-27 04:00:00,0.83963,0.83981,0.838,0.83848,14944920000.0,2025-05-27 05:09:22.504,2025-05-27 07:30:26.901
2025-05-27 08:00:00,0.83847,0.83862,0.83729,0.83779,13323246874.0,2025-05-27 08:11:47.603,2025-05-27 11:14:03.439
2025-05-27 12:00:00,0.8378,0.83929,0.83776,0.83875,20820959916.0,2025-05-27 15:47:26.547,2025-05-27 12:00:23.126
2025-05-27 16:00:00,0.83876,0.83931,0.83833,0.83896,9062519000.0,2025-05-27 17:31:13.514,2025-05-27 16:09:15.078
2025-05-27 20:00:00,0.83898,0.83904,0.83796,0.83887,4038151000.0,2025-05-27 20:00:53.301,2025-05-27 21:11:45.215
2025-05-28 00:00:00,0.83886,0.83912,0.83827,0.83864,11916077608.0,2025-05-28 00:19:51.078,2025-05-28 02:43:29.155
2025-05-28 04:00:00,0.83863,0.83947,0.83855,0.83909,12084450000.0,2025-05-28 06:00:21.256,2025-05-28 07:04:18.968
2025-05-28 08:00:00,0.8391,0.83997,0.83823,0.83964,13676716479.0,2025-05-28 11:42:47.718,2025-05-28 08:19:57.093
2025-05-28 12:00:00,0.83963,0.84019,0.83833,0.83839,19544009555.0,2025-05-28 12:55:22.335,2025-05-28 15:57:36.742
2025-05-28 16:00:00,0.83838,0.83856,0.83801,0.83845,7665571000.0,2025-05-28 17:39:27.516,2025-05-28 17:17:27.008
2025-05-28 20:00:00,0.83844,0.83878,0.83555,0.83625,8327669000.0,2025-05-28 21:29:21.516,2025-05-28 23:44:52.262
2025-05-29 00:00:00,0.83624,0.83739,0.83622,0.83717,15308721777.0,2025-05-29 03:45:40.494,2025-05-29 00:00:00.719
2025-05-29 04:00:00,0.83718,0.83786,0.83641,0.83741,12003465801.0,2025-05-29 06:46:52.791,2025-05-29 05:50:25.664
2025-05-29 08:00:00,0.83739,0.83807,0.83677,0.83733,11499284795.0,2025-05-29 11:22:40.169,2025-05-29 08:19:05.456
2025-05-29 12:00:00,0.83734,0.84294,0.83731,0.8429,26280945910.0,2025-05-29 15:58:29.821,2025-05-29 12:00:36.269
2025-05-29 16:00:00,0.84289,0.84313,0.84218,0.84229,11983437000.0,2025-05-29 18:01:21.495,2025-05-29 19:53:10.146
2025-05-29 20:00:00,0.8423,0.8429,0.84196,0.84275,5580837000.0,2025-05-29 23:51:02.166,2025-05-29 20:11:30.626
2025-05-30 00:00:00,0.84274,0.84309,0.84214,0.84248,10937095264.0,2025-05-30 01:20:34.830,2025-05-30 01:59:36.233
2025-05-30 04:00:00,0.84249,0.84269,0.84111,0.84115,11447363000.0,2025-05-30 04:03:00.071,2025-05-30 07:59:52.552
2025-05-30 08:00:00,0.84118,0.84148,0.84028,0.84134,13084372000.0,2025-05-30 08:02:24.093,2025-05-30 10:51:36.978
2025-05-30 12:00:00,0.84135,0.84277,0.84044,0.8425,28077352692.0,2025-05-30 15:48:48.599,2025-05-30 12:50:16.113
2025-05-30 16:00:00,0.84248,0.84368,0.84248,0.84289,11597731000.0,2025-05-30 17:49:19.706,2025-05-30 16:00:00.202
2025-05-30 20:00:00,0.84288,0.84321,0.84265,0.84318,1831119000.0,2025-05-30 20:53:00.505,2025-05-30 20:01:46.125
2025-06-01 20:00:00,0.84222,0.84366,0.84222,0.84291,1779470000.0,2025-06-01 22:00:59.227,2025-06-01 21:05:00.008
2025-06-02 00:00:00,0.84289,0.84314,0.84254,0.84268,9381985000.0,2025-06-02 00:23:16.011,2025-06-02 03:05:11.612
2025-06-02 04:00:00,0.84269,0.84363,0.84233,0.84315,11309003000.0,2025-06-02 07:51:15.763,2025-06-02 07:14:02.716
2025-06-02 08:00:00,0.84314,0.84407,0.84263,0.84324,18086141000.0,2025-06-02 09:30:34.132,2025-06-02 08:31:26.376
2025-06-02 12:00:00,0.84323,0.84482,0.84301,0.84371,21298626002.0,2025-06-02 14:01:47.940,2025-06-02 13:01:19.407
2025-06-02 16:00:00,0.84372,0.84497,0.84365,0.84486,10128467348.0,2025-06-02 18:59:48.203,2025-06-02 16:06:53.142
2025-06-02 20:00:00,0.84485,0.84496,0.84409,0.84479,4010064000.0,2025-06-02 23:36:26.081,2025-06-02 21:16:07.672
2025-06-03 00:00:00,0.8448,0.84498,0.84434,0.84474,10254155000.0,2025-06-03 03:03:56.626,2025-06-03 01:55:21.706
2025-06-03 04:00:00,0.84475,0.84496,0.84414,0.84437,9941169000.0,2025-06-03 07:07:19.842,2025-06-03 06:51:14.775
2025-06-03 08:00:00,0.84436,0.8448,0.84342,0.84351,13959466000.0,2025-06-03 08:37:59.679,2025-06-03 11:59:14.891
2025-06-03 12:00:00,0.8435,0.84373,0.84103,0.84112,19246394502.0,2025-06-03 12:04:23.283,2025-06-03 15:44:19.871
2025-06-03 16:00:00,0.84114,0.84161,0.84096,0.84114,6991501000.0,2025-06-03 16:23:06.458,2025-06-03 18:46:28.411
2025-06-03 20:00:00,0.84115,0.84145,0.84098,0.84131,2707872000.0,2025-06-03 21:18:55.205,2025-06-03 20:57:47.271
2025-06-04 00:00:00,0.84132,0.84156,0.84097,0.84098,11776475000.0,2025-06-04 00:01:58.714,2025-06-04 03:55:23.807
2025-06-04 04:00:00,0.841,0.84197,0.84079,0.84163,13086254088.0,2025-06-04 07:58:16.007,2025-06-04 06:01:47.858
2025-06-04 08:00:00,0.84161,0.84208,0.84069,0.84203,12637008064.0,2025-06-04 11:22:16.190,2025-06-04 10:22:42.252
2025-06-04 12:00:00,0.84204,0.84311,0.84158,0.84193,23664291000.0,2025-06-04 12:23:01.020,2025-06-04 15:17:22.215
2025-06-04 16:00:00,0.84192,0.84281,0.84176,0.84245,10620219228.0,2025-06-04 16:43:00.416,2025-06-04 16:02:35.722
2025-06-04 20:00:00,0.84246,0.84285,0.84187,0.84279,3311681000.0,2025-06-04 23:21:58.151,2025-06-04 21:07:03.643
2025-06-05 00:00:00,0.8428,0.84311,0.84214,0.8424,10274163941.0,2025-06-05 00:54:08.292,2025-06-05 03:37:39.884
2025-06-05 04:00:00,0.84239,0.84248,0.8414,0.84154,9215913000.0,2025-06-05 04:28:42.459,2025-06-05 07:58:34.004
2025-06-05 08:00:00,0.84152,0.84208,0.84108,0.84195,11745888000.0,2025-06-05 11:58:11.082,2025-06-05 08:44:34.115
2025-06-05 12:00:00,0.84194,0.84475,0.84123,0.84221,28116742858.0,2025-06-05 13:34:15.796,2025-06-05 12:16:00.111
2025-06-05 16:00:00,0.84222,0.84312,0.84182,0.84261,13461968000.0,2025-06-05 19:24:49.202,2025-06-05 17:52:13.309
2025-06-05 20:00:00,0.84262,0.84345,0.84257,0.84344,4193895000.0,2025-06-05 23:59:01.590,2025-06-05 20:00:23.691
2025-06-06 00:00:00,0.8434,0.84344,0.84272,0.8429,9219436000.0,2025-06-06 00:05:42.746,2025-06-06 02:21:55.385
2025-06-06 04:00:00,0.84289,0.84421,0.84261,0.84356,11707272000.0,2025-06-06 07:07:59.780,2025-06-06 04:55:14.762
2025-06-06 08:00:00,0.84358,0.84379,0.84254,0.84256,11182288000.0,2025-06-06 08:39:11.341,2025-06-06 11:56:51.718
2025-06-06 12:00:00,0.84255,0.84286,0.84169,0.84224,28070035136.0,2025-06-06 14:17:07.137,2025-06-06 13:18:30.163
2025-06-06 16:00:00,0.84223,0.84263,0.84204,0.84216,8996525041.0,2025-06-06 16:35:54.126,2025-06-06 16:21:43.755
2025-06-06 20:00:00,0.84215,0.84244,0.84215,0.84226,695479000.0,2025-06-06 20:45:24.235,2025-06-06 20:00:00.027
2025-06-08 20:00:00,0.84192,0.84282,0.84178,0.84258,1555078000.0,2025-06-08 23:14:30.005,2025-06-08 21:42:17.681
2025-06-09 00:00:00,0.8426,0.84267,0.84189,0.8421,6875671000.0,2025-06-09 00:02:43.236,2025-06-09 01:11:57.350
2025-06-09 04:00:00,0.84211,0.84261,0.84187,0.84204,9217949000.0,2025-06-09 06:14:06.331,2025-06-09 07:58:45.545
2025-06-09 08:00:00,0.84203,0.84257,0.8414,0.84187,10488279000.0,2025-06-09 09:17:33.311,2025-06-09 11:34:14.880
2025-06-09 12:00:00,0.84186,0.84262,0.84172,0.84233,15802640000.0,2025-06-09 14:45:08.474,2025-06-09 13:08:34.370
2025-06-09 16:00:00,0.84234,0.8428,0.84202,0.84251,7288895000.0,2025-06-09 17:18:57.881,2025-06-09 16:20:12.156
2025-06-09 20:00:00,0.8425,0.84296,0.84186,0.84295,3559057000.0,2025-06-09 23:59:26.740,2025-06-09 21:05:00.218
2025-06-10 00:00:00,0.84294,0.84311,0.84181,0.84192,8336164716.0,2025-06-10 00:14:40.144,2025-06-10 03:03:32.386
2025-06-10 04:00:00,0.84193,0.84621,0.84176,0.84555,15843855000.0,2025-06-10 07:48:51.955,2025-06-10 04:34:05.690
2025-06-10 08:00:00,0.84553,0.84683,0.84484,0.84625,13032428000.0,2025-06-10 11:44:26.205,2025-06-10 08:39:28.432
2025-06-10 12:00:00,0.84626,0.84665,0.84479,0.84564,18020906000.0,2025-06-10 12:43:35.058,2025-06-10 14:30:00.861
2025-06-10 16:00:00,0.84565,0.84661,0.84555,0.84621,9030263000.0,2025-06-10 19:46:46.492,2025-06-10 16:10:45.669
2025-06-10 20:00:00,0.8462,0.84673,0.84563,0.84671,5824185000.0,2025-06-10 23:49:46.577,2025-06-10 21:46:10.810
2025-06-11 00:00:00,0.84672,0.84688,0.84635,0.84673,10523508000.0,2025-06-11 03:05:40.021,2025-06-11 01:00:19.795
2025-06-11 04:00:00,0.84672,0.8474,0.84653,0.84693,10234866000.0,2025-06-11 07:02:49.462,2025-06-11 05:07:38.511
2025-06-11 08:00:00,0.84692,0.84774,0.84654,0.84715,14088514000.0,2025-06-11 11:00:25.596,2025-06-11 08:11:09.882
2025-06-11 12:00:00,0.84714,0.84886,0.84583,0.84758,25135338000.0,2025-06-11 13:53:14.866,2025-06-11 12:30:01.413
2025-06-11 16:00:00,0.84756,0.84837,0.84739,0.84815,10376660268.0,2025-06-11 16:41:07.452,2025-06-11 18:44:15.364
2025-06-11 20:00:00,0.84816,0.84837,0.84728,0.84831,4590590000.0,2025-06-11 23:14:14.147,2025-06-11 21:04:52.935
2025-06-12 00:00:00,0.84832,0.84835,0.84785,0.84805,10870353000.0,2025-06-12 02:46:25.854,2025-06-12 02:04:42.201
2025-06-12 04:00:00,0.84804,0.85141,0.84771,0.85111,13341789013.0,2025-06-12 07:50:57.180,2025-06-12 05:03:26.449
2025-06-12 08:00:00,0.85109,0.85381,0.85048,0.85264,18889574051.0,2025-06-12 10:51:21.951,2025-06-12 08:47:42.770
2025-06-12 12:00:00,0.85263,0.85464,0.8512,0.85208,25520291000.0,2025-06-12 12:30:38.736,2025-06-12 14:42:30.782
2025-06-12 16:00:00,0.85206,0.85212,0.85098,0.85098,10904768000.0,2025-06-12 16:05:05.582,2025-06-12 19:59:59.473
2025-06-12 20:00:00,0.85099,0.85178,0.8504,0.85177,3970001000.0,2025-06-12 23:59:56.801,2025-06-12 21:04:05.910
2025-06-13 00:00:00,0.85175,0.852,0.85068,0.85125,24403083000.0,2025-06-13 00:54:59.734,2025-06-13 00:14:57.829
2025-06-13 04:00:00,0.85124,0.8531,0.85065,0.85071,21227042000.0,2025-06-13 07:14:36.784,2025-06-13 07:59:16.535
2025-06-13 08:00:00,0.8507,0.85121,0.84929,0.85009,18635397000.0,2025-06-13 08:24:55.510,2025-06-13 11:37:31.721
2025-06-13 12:00:00,0.8501,0.85166,0.84993,0.85018,19073385000.0,2025-06-13 14:30:27.222,2025-06-13 12:01:30.655
2025-06-13 16:00:00,0.8502,0.8512,0.8497,0.85108,8017206000.0,2025-06-13 19:44:21.952,2025-06-13 17:26:00.230
2025-06-13 20:00:00,0.85107,0.85115,0.85078,0.85096,1190000000.0,2025-06-13 20:44:27.769,2025-06-13 20:15:19.340
2025-06-15 20:00:00,0.84929,0.85155,0.84891,0.85153,6040900000.0,2025-06-15 23:59:32.628,2025-06-15 21:05:03.788
2025-06-16 00:00:00,0.85152,0.8519,0.85104,0.85155,12719643000.0,2025-06-16 00:11:03.520,2025-06-16 01:36:44.904
2025-06-16 04:00:00,0.85156,0.85259,0.85101,0.85232,16264939617.0,2025-06-16 07:45:37.211,2025-06-16 06:21:09.003
2025-06-16 08:00:00,0.85233,0.85288,0.852,0.85232,14802439000.0,2025-06-16 08:55:32.732,2025-06-16 09:42:58.777
2025-06-16 12:00:00,0.85233,0.85315,0.85156,0.85163,20835996000.0,2025-06-16 13:07:29.407,2025-06-16 15:59:31.594
2025-06-16 16:00:00,0.8516,0.85192,0.85101,0.85126,8656069000.0,2025-06-16 16:11:33.403,2025-06-16 16:48:49.707
2025-06-16 20:00:00,0.85125,0.85171,0.85112,0.85151,6814601000.0,2025-06-16 21:13:31.074,2025-06-16 20:09:46.164
2025-06-17 00:00:00,0.85152,0.85189,0.8512,0.85176,10498800000.0,2025-06-17 02:58:24.967,2025-06-17 01:02:17.229
2025-06-17 04:00:00,0.85177,0.85255,0.85149,0.852,12151714000.0,2025-06-17 06:59:00.889,2025-06-17 05:40:53.623
2025-06-17 08:00:00,0.85199,0.8534,0.85174,0.85251,14026422000.0,2025-06-17 09:58:12.706,2025-06-17 08:13:42.967
2025-06-17 12:00:00,0.85255,0.85387,0.85223,0.85349,21962169564.0,2025-06-17 15:50:51.887,2025-06-17 12:52:52.027
2025-06-17 16:00:00,0.85348,0.85557,0.85341,0.85537,16527267000.0,2025-06-17 19:54:02.232,2025-06-17 16:00:45.803
2025-06-17 20:00:00,0.85538,0.85542,0.85426,0.85498,5917653000.0,2025-06-17 20:54:49.329,2025-06-17 21:04:15.298
2025-06-18 00:00:00,0.85497,0.85588,0.85481,0.85572,11176878000.0,2025-06-18 02:14:43.950,2025-06-18 00:01:13.324
2025-06-18 04:00:00,0.85571,0.85593,0.85461,0.8554,13767243000.0,2025-06-18 05:33:58.101,2025-06-18 06:04:02.519
2025-06-18 08:00:00,0.85537,0.85555,0.85413,0.85548,13280735000.0,2025-06-18 08:01:20.668,2025-06-18 09:55:19.854
2025-06-18 12:00:00,0.85546,0.85585,0.85459,0.85528,21212394000.0,2025-06-18 12:52:06.111,2025-06-18 14:00:20.512
2025-06-18 16:00:00,0.85529,0.85644,0.85396,0.85566,19843359000.0,2025-06-18 18:09:04.179,2025-06-18 18:00:02.361
2025-06-18 20:00:00,0.85567,0.85577,0.85452,0.85548,6242465000.0,2025-06-18 20:03:15.566,2025-06-18 21:10:01.498
2025-06-19 00:00:00,0.85546,0.85597,0.85487,0.85516,11121790725.0,2025-06-19 00:53:52.332,2025-06-19 03:19:30.289
2025-06-19 04:00:00,0.85517,0.85564,0.85482,0.85519,9687356411.0,2025-06-19 06:11:54.518,2025-06-19 07:36:02.211
2025-06-19 08:00:00,0.85518,0.85577,0.85373,0.85376,16074665394.0,2025-06-19 11:04:55.329,2025-06-19 11:59:42.062
2025-06-19 12:00:00,0.85375,0.85492,0.85324,0.85333,12407011458.0,2025-06-19 13:31:21.882,2025-06-19 15:59:33.956
2025-06-19 16:00:00,0.85332,0.85381,0.85314,0.85362,5138555000.0,2025-06-19 19:28:27.092,2025-06-19 17:07:59.729
2025-06-19 20:00:00,0.85361,0.85417,0.85341,0.85417,4025768000.0,2025-06-19 23:59:59.767,2025-06-19 21:34:27.051
2025-06-20 00:00:00,0.85416,0.8544,0.85371,0.85417,8712019683.0,2025-06-20 01:35:20.507,2025-06-20 03:22:05.685
2025-06-20 04:00:00,0.85416,0.85516,0.8537,0.85454,10173142421.0,2025-06-20 06:59:56.384,2025-06-20 05:36:30.670
2025-06-20 08:00:00,0.85453,0.85471,0.85319,0.85354,10768051563.0,2025-06-20 08:23:29.260,2025-06-20 11:24:55.809
2025-06-20 12:00:00,0.85355,0.85571,0.85257,0.85553,21978493562.0,2025-06-20 15:55:21.531,2025-06-20 12:57:15.669
2025-06-20 16:00:00,0.85554,0.85675,0.85554,0.85644,10901920507.0,2025-06-20 17:37:35.318,2025-06-20 16:00:01.818
2025-06-20 20:00:00,0.85643,0.85686,0.8563,0.8566,1230100000.0,2025-06-20 20:43:11.207,2025-06-20 20:00:59.663
2025-06-22 20:00:00,0.85418,0.85668,0.85418,0.85591,5439472000.0,2025-06-22 22:02:53.173,2025-06-22 21:05:00.007
2025-06-23 00:00:00,0.85593,0.85675,0.85582,0.85662,14714141207.0,2025-06-23 03:30:05.998,2025-06-23 01:12:10.089
2025-06-23 04:00:00,0.85663,0.85748,0.85497,0.85553,16120778000.0,2025-06-23 05:48:39.094,2025-06-23 07:15:00.112
2025-06-23 08:00:00,0.85552,0.85742,0.85507,0.85649,16381284174.0,2025-06-23 11:45:53.541,2025-06-23 08:30:56.585
2025-06-23 12:00:00,0.85648,0.85685,0.8546,0.85527,21502748174.0,2025-06-23 12:06:30.265,2025-06-23 15:09:44.202
2025-06-23 16:00:00,0.85528,0.85601,0.85495,0.85591,14515338558.0,2025-06-23 18:59:50.546,2025-06-23 16:38:09.088
2025-06-23 20:00:00,0.85594,0.85665,0.85557,0.8562,8501102000.0,2025-06-23 23:25:13.505,2025-06-23 21:09:04.326
2025-06-24 00:00:00,0.85619,0.85653,0.85559,0.85561,12153373000.0,2025-06-24 00:47:34.895,2025-06-24 03:59:30.638
2025-06-24 04:00:00,0.85563,0.85585,0.85347,0.85359,13308899000.0,2025-06-24 04:46:30.937,2025-06-24 07:53:19.802
2025-06-24 08:00:00,0.85361,0.8538,0.85206,0.85268,13445858000.0,2025-06-24 08:00:14.576,2025-06-24 10:35:46.578
2025-06-24 12:00:00,0.85267,0.85346,0.85195,0.85255,21275807258.0,2025-06-24 15:08:47.384,2025-06-24 14:06:48.730
2025-06-24 16:00:00,0.85257,0.85324,0.85248,0.85261,9582177000.0,2025-06-24 17:03:55.208,2025-06-24 19:56:07.144
2025-06-24 20:00:00,0.8526,0.85305,0.85194,0.85289,3791352000.0,2025-06-24 23:22:44.344,2025-06-24 21:29:05.342
2025-06-25 00:00:00,0.85288,0.85383,0.85284,0.85301,10486203479.0,2025-06-25 00:54:44.021,2025-06-25 00:00:01.248
2025-06-25 04:00:00,0.85302,0.85325,0.85125,0.85191,10923320500.0,2025-06-25 04:37:31.112,2025-06-25 07:40:10.092
2025-06-25 08:00:00,0.85192,0.85315,0.85137,0.85243,15186013951.0,2025-06-25 10:44:11.770,2025-06-25 08:05:59.000
2025-06-25 12:00:00,0.85245,0.85366,0.8521,0.85282,19128720374.0,2025-06-25 15:25:17.579,2025-06-25 13:19:17.281
2025-06-25 16:00:00,0.85281,0.85361,0.8525,0.85309,10635892457.0,2025-06-25 18:43:51.835,2025-06-25 17:02:25.957
2025-06-25 20:00:00,0.8531,0.8535,0.85277,0.85342,6076708000.0,2025-06-25 23:23:38.735,2025-06-25 21:05:01.814
2025-06-26 00:00:00,0.85344,0.85369,0.85276,0.8529,11650816337.0,2025-06-26 03:06:52.811,2025-06-26 03:36:22.876
2025-06-26 04:00:00,0.85291,0.85295,0.85166,0.85246,13297009218.0,2025-06-26 04:00:22.593,2025-06-26 07:10:46.321
2025-06-26 08:00:00,0.85247,0.85394,0.85218,0.85313,20184896074.0,2025-06-26 11:47:48.596,2025-06-26 08:04:43.006
2025-06-26 12:00:00,0.85315,0.85372,0.85166,0.85198,24996710125.0,2025-06-26 12:31:53.396,2025-06-26 15:22:40.987
2025-06-26 16:00:00,0.85199,0.85286,0.85189,0.8523,13514690000.0,2025-06-26 16:57:42.056,2025-06-26 16:00:49.747
2025-06-26 20:00:00,0.85231,0.85243,0.85134,0.85191,6326890000.0,2025-06-26 20:16:06.177,2025-06-26 21:05:00.016
2025-06-27 00:00:00,0.85193,0.85197,0.8508,0.85143,10215277000.0,2025-06-27 00:03:00.919,2025-06-27 02:40:44.550
2025-06-27 04:00:00,0.85142,0.85291,0.85137,0.85259,12889942363.0,2025-06-27 07:12:44.452,2025-06-27 04:00:28.272
2025-06-27 08:00:00,0.8526,0.85361,0.8517,0.8527,11739149070.0,2025-06-27 10:59:06.454,2025-06-27 09:07:15.865
2025-06-27 12:00:00,0.85269,0.85511,0.85259,0.85462,23937687000.0,2025-06-27 14:28:41.296,2025-06-27 12:00:37.311
2025-06-27 16:00:00,0.85463,0.85525,0.85388,0.85404,14030210000.0,2025-06-27 16:57:52.800,2025-06-27 19:48:44.302
2025-06-27 20:00:00,0.85403,0.85444,0.85394,0.85416,1571900000.0,2025-06-27 20:50:52.119,2025-06-27 20:08:18.317
2025-06-29 20:00:00,0.85489,0.85518,0.85427,0.85475,3378986000.0,2025-06-29 23:27:22.320,2025-06-29 21:37:30.825
2025-06-30 00:00:00,0.85476,0.85486,0.85404,0.85409,8116292787.0,2025-06-30 01:38:24.731,2025-06-30 03:59:31.594
2025-06-30 04:00:00,0.8541,0.8559,0.85396,0.85561,12954385157.0,2025-06-30 07:44:22.839,2025-06-30 05:56:47.739
2025-06-30 08:00:00,0.8556,0.85622,0.85526,0.85535,13407546000.0,2025-06-30 08:58:13.973,2025-06-30 11:56:57.518
2025-06-30 12:00:00,0.85536,0.85811,0.8553,0.85785,18369448880.0,2025-06-30 15:47:29.686,2025-06-30 12:03:00.282
2025-06-30 16:00:00,0.85783,0.85862,0.85741,0.85818,9816658000.0,2025-06-30 18:34:09.361,2025-06-30 16:11:00.175
2025-06-30 20:00:00,0.85817,0.8584,0.85792,0.85835,4306411000.0,2025-06-30 23:58:25.712,2025-06-30 20:55:16.156
2025-07-01 00:00:00,0.85834,0.85875,0.85788,0.85814,11518542375.0,2025-07-01 01:20:04.969,2025-07-01 03:54:52.769
2025-07-01 04:00:00,0.85813,0.85816,0.85598,0.85604,10621848000.0,2025-07-01 04:00:06.269,2025-07-01 07:59:48.573
2025-07-01 08:00:00,0.856,0.8589,0.85569,0.85888,17845206472.0,2025-07-01 11:59:58.929,2025-07-01 08:10:52.795
2025-07-01 12:00:00,0.85887,0.85972,0.8579,0.85801,20345336000.0,2025-07-01 13:51:52.795,2025-07-01 15:55:52.923
2025-07-01 16:00:00,0.858,0.8582,0.85706,0.85811,9877035000.0,2025-07-01 19:58:17.990,2025-07-01 16:44:13.815
2025-07-01 20:00:00,0.85812,0.85894,0.85807,0.8588,4810625000.0,2025-07-01 22:04:51.374,2025-07-01 20:00:10.605
2025-07-02 00:00:00,0.85879,0.8589,0.8582,0.85843,8409382789.0,2025-07-02 01:02:02.318,2025-07-02 03:04:24.206
2025-07-02 04:00:00,0.85844,0.85903,0.85772,0.85903,10682319848.0,2025-07-02 07:59:53.873,2025-07-02 06:36:27.315
2025-07-02 08:00:00,0.85904,0.86032,0.85778,0.85995,13039039000.0,2025-07-02 11:58:24.393,2025-07-02 11:41:20.694
2025-07-02 12:00:00,0.85996,0.86702,0.85994,0.86552,23714804782.0,2025-07-02 14:26:12.631,2025-07-02 12:00:00.816
2025-07-02 16:00:00,0.86551,0.86577,0.86463,0.86555,7329639066.0,2025-07-02 16:10:43.134,2025-07-02 17:03:18.476
2025-07-02 20:00:00,0.86556,0.86569,0.86266,0.86439,2861489000.0,2025-07-02 20:04:38.077,2025-07-02 21:44:30.104
2025-07-03 00:00:00,0.86438,0.86542,0.86434,0.86524,6489358465.0,2025-07-03 02:30:50.720,2025-07-03 00:00:01.535
2025-07-03 04:00:00,0.86525,0.86535,0.8632,0.86422,8982697000.0,2025-07-03 04:07:26.061,2025-07-03 07:18:12.378
2025-07-03 08:00:00,0.86421,0.86432,0.86271,0.86287,12960421000.0,2025-07-03 08:01:46.684,2025-07-03 11:55:37.707
2025-07-03 12:00:00,0.86288,0.86355,0.861,0.86109,24593963378.0,2025-07-03 12:25:39.224,2025-07-03 15:43:37.212
2025-07-03 16:00:00,0.8611,0.86147,0.86061,0.86084,6687682000.0,2025-07-03 18:37:12.456,2025-07-03 16:54:57.688
2025-07-03 20:00:00,0.86082,0.86139,0.86079,0.86116,3726727000.0,2025-07-03 23:32:01.414,2025-07-03 21:13:54.903
2025-07-04 00:00:00,0.86118,0.86195,0.86107,0.86175,7005027000.0,2025-07-04 02:21:24.045,2025-07-04 00:45:12.277
2025-07-04 04:00:00,0.86176,0.8619,0.86095,0.86166,9194661855.0,2025-07-04 07:46:45.796,2025-07-04 06:40:01.987
2025-07-04 08:00:00,0.86168,0.86305,0.86142,0.8623,13211918000.0,2025-07-04 11:35:57.624,2025-07-04 08:24:16.212
2025-07-04 12:00:00,0.86231,0.86373,0.8622,0.86322,10678777956.0,2025-07-04 14:07:08.166,2025-07-04 12:15:54.004
2025-07-04 16:00:00,0.86321,0.86326,0.8625,0.86255,19610012000.0,2025-07-04 16:00:00.739,2025-07-04 17:00:54.119
2025-07-04 20:00:00,0.86256,0.86308,0.86247,0.8626,11160000000.0,2025-07-04 20:34:52.613,2025-07-04 20:17:01.976
2025-07-06 20:00:00,0.86222,0.86298,0.86041,0.86292,2245893000.0,2025-07-06 23:45:06.034,2025-07-06 22:00:02.038
2025-07-07 00:00:00,0.86291,0.86379,0.8629,0.8636,9012373933.0,2025-07-07 03:53:05.259,2025-07-07 00:00:00.831
2025-07-07 04:00:00,0.86359,0.86432,0.86292,0.86334,10831780860.0,2025-07-07 05:20:35.415,2025-07-07 07:23:51.881
2025-07-07 08:00:00,0.86332,0.8639,0.86117,0.86146,12607780418.0,2025-07-07 08:38:00.383,2025-07-07 11:45:56.621
2025-07-07 12:00:00,0.86147,0.86169,0.86016,0.8604,14796254954.0,2025-07-07 13:33:11.602,2025-07-07 15:34:08.002
2025-07-07 16:00:00,0.86039,0.86125,0.85965,0.86108,16141056741.0,2025-07-07 19:58:58.339,2025-07-07 16:57:43.081
2025-07-07 20:00:00,0.86109,0.86188,0.86008,0.86146,3872590000.0,2025-07-07 23:16:05.082,2025-07-07 21:09:49.111
2025-07-08 00:00:00,0.86144,0.86179,0.86111,0.8616,8727210000.0,2025-07-08 00:54:32.336,2025-07-08 02:58:44.767
2025-07-08 04:00:00,0.86159,0.8622,0.86091,0.86207,13995271000.0,2025-07-08 07:57:20.501,2025-07-08 05:56:25.594
2025-07-08 08:00:00,0.86208,0.8643,0.86208,0.86356,13262329921.0,2025-07-08 11:34:18.938,2025-07-08 08:00:00.359
2025-07-08 12:00:00,0.86359,0.86411,0.86235,0.8625,20923845000.0,2025-07-08 14:12:52.221,2025-07-08 15:53:34.027
2025-07-08 16:00:00,0.86249,0.8628,0.86215,0.86273,13598918000.0,2025-07-08 19:58:27.187,2025-07-08 16:56:30.114
2025-07-08 20:00:00,0.86274,0.86302,0.86244,0.86295,3476361000.0,2025-07-08 23:58:24.878,2025-07-08 20:05:59.942
2025-07-09 00:00:00,0.86296,0.86313,0.86251,0.86254,9030202485.0,2025-07-09 00:16:31.661,2025-07-09 03:54:11.193
2025-07-09 04:00:00,0.86253,0.86258,0.86124,0.86171,9203907000.0,2025-07-09 04:00:27.833,2025-07-09 07:43:34.005
2025-07-09 08:00:00,0.8617,0.86192,0.86105,0.86107,11795898550.0,2025-07-09 08:01:49.307,2025-07-09 11:59:18.957
2025-07-09 12:00:00,0.86105,0.86239,0.86057,0.86177,16120614188.0,2025-07-09 14:56:43.535,2025-07-09 12:54:57.766
2025-07-09 16:00:00,0.86175,0.86224,0.86141,0.86196,7826146740.0,2025-07-09 19:16:39.315,2025-07-09 17:51:34.622
2025-07-09 20:00:00,0.86195,0.86327,0.86194,0.86317,3407915000.0,2025-07-09 23:59:27.323,2025-07-09 20:00:10.086
2025-07-10 00:00:00,0.86318,0.86336,0.86246,0.86249,7964759000.0,2025-07-10 00:11:31.396,2025-07-10 03:30:30.085
2025-07-10 04:00:00,0.86251,0.86271,0.8616,0.86193,8236003000.0,2025-07-10 05:28:55.299,2025-07-10 07:15:32.777
2025-07-10 08:00:00,0.86192,0.86285,0.86155,0.86235,10996812481.0,2025-07-10 11:48:32.572,2025-07-10 09:20:39.690
2025-07-10 12:00:00,0.86237,0.86338,0.86097,0.86141,21660075889.0,2025-07-10 12:34:56.205,2025-07-10 15:39:17.431
2025-07-10 16:00:00,0.86142,0.86169,0.861,0.86146,9595527000.0,2025-07-10 17:10:29.264,2025-07-10 16:21:40.835
2025-07-10 20:00:00,0.86147,0.86177,0.86114,0.86166,3981736000.0,2025-07-10 21:57:12.583,2025-07-10 21:05:00.212
2025-07-11 00:00:00,0.86167,0.86185,0.86088,0.86111,13397711000.0,2025-07-11 00:12:49.203,2025-07-11 00:46:29.833
2025-07-11 04:00:00,0.8611,0.86323,0.86098,0.86317,12108956217.0,2025-07-11 07:17:24.509,2025-07-11 05:59:16.979
2025-07-11 08:00:00,0.86319,0.8658,0.86249,0.86554,15778417911.0,2025-07-11 11:57:48.214,2025-07-11 09:30:11.528
2025-07-11 12:00:00,0.86553,0.86668,0.86507,0.86621,21320829259.0,2025-07-11 14:07:09.420,2025-07-11 13:22:21.525
2025-07-11 16:00:00,0.86623,0.86638,0.86504,0.86591,8256302000.0,2025-07-11 16:14:47.103,2025-07-11 18:05:31.422
2025-07-11 20:00:00,0.8659,0.86646,0.86584,0.86642,1927906000.0,2025-07-11 20:53:57.873,2025-07-11 20:01:56.858
2025-07-13 20:00:00,0.86461,0.86576,0.86427,0.86563,3198721000.0,2025-07-13 22:02:37.867,2025-07-13 21:42:00.342
2025-07-14 00:00:00,0.86562,0.86656,0.86539,0.86639,10791889377.0,2025-07-14 01:24:01.676,2025-07-14 00:40:36.215
2025-07-14 04:00:00,0.8664,0.86708,0.866,0.86665,12107499753.0,2025-07-14 07:17:58.824,2025-07-14 07:31:10.811
2025-07-14 08:00:00,0.86664,0.86738,0.86627,0.8669,12858723000.0,2025-07-14 11:48:57.358,2025-07-14 08:17:33.071
2025-07-14 12:00:00,0.86691,0.86928,0.8663,0.86878,17652458000.0,2025-07-14 15:07:47.596,2025-07-14 13:37:34.693
2025-07-14 16:00:00,0.86879,0.86911,0.86774,0.86899,8643144000.0,2025-07-14 18:58:33.934,2025-07-14 16:52:40.190
2025-07-14 20:00:00,0.86898,0.86901,0.86809,0.8687,6420313000.0,2025-07-14 20:00:02.783,2025-07-14 21:06:00.298
2025-07-15 00:00:00,0.86872,0.86943,0.86856,0.86939,7849855301.0,2025-07-15 03:46:14.561,2025-07-15 01:57:50.533
2025-07-15 04:00:00,0.86937,0.86961,0.86884,0.86895,10851316000.0,2025-07-15 06:11:15.866,2025-07-15 07:59:44.553
2025-07-15 08:00:00,0.86894,0.86936,0.86776,0.86802,10254465000.0,2025-07-15 08:53:58.094,2025-07-15 11:45:08.636
2025-07-15 12:00:00,0.86801,0.86887,0.86669,0.86728,22105849000.0,2025-07-15 12:53:29.140,2025-07-15 15:33:37.034
2025-07-15 16:00:00,0.86727,0.86735,0.86603,0.8666,6878827000.0,2025-07-15 16:02:07.181,2025-07-15 16:50:23.187
2025-07-15 20:00:00,0.86659,0.86701,0.86619,0.86663,3809117000.0,2025-07-15 23:20:02.558,2025-07-15 21:04:01.004
2025-07-16 00:00:00,0.86666,0.86735,0.86658,0.86721,5874582000.0,2025-07-16 02:58:45.953,2025-07-16 01:09:38.509
2025-07-16 04:00:00,0.86723,0.86764,0.86609,0.86747,9916715000.0,2025-07-16 07:27:46.409,2025-07-16 06:00:06.585
2025-07-16 08:00:00,0.86745,0.86816,0.86573,0.86586,12078244456.0,2025-07-16 08:57:57.047,2025-07-16 11:59:53.335
2025-07-16 12:00:00,0.86587,0.86978,0.86474,0.86618,33263346011.0,2025-07-16 15:33:04.519,2025-07-16 14:24:49.711
2025-07-16 16:00:00,0.86619,0.86764,0.86592,0.86717,20562672477.0,2025-07-16 18:26:34.601,2025-07-16 16:02:46.841
2025-07-16 20:00:00,0.86716,0.86772,0.86655,0.86763,6866006000.0,2025-07-16 23:36:21.035,2025-07-16 21:04:01.003
2025-07-17 00:00:00,0.86762,0.86789,0.86714,0.86755,8283632000.0,2025-07-17 03:02:45.129,2025-07-17 01:28:22.251
2025-07-17 04:00:00,0.86754,0.86795,0.86476,0.86604,12329986000.0,2025-07-17 05:21:16.355,2025-07-17 07:05:51.850
2025-07-17 08:00:00,0.86603,0.86667,0.86415,0.86424,13839375000.0,2025-07-17 08:22:53.816,2025-07-17 11:50:57.350
2025-07-17 12:00:00,0.86427,0.86519,0.86372,0.86454,17174889000.0,2025-07-17 13:12:45.574,2025-07-17 12:30:54.681
2025-07-17 16:00:00,0.86455,0.86466,0.8638,0.86425,6981515421.0,2025-07-17 17:01:34.017,2025-07-17 19:03:01.992
2025-07-17 20:00:00,0.86426,0.86506,0.8634,0.86476,4353460000.0,2025-07-17 22:42:26.975,2025-07-17 21:05:26.780
2025-07-18 00:00:00,0.86477,0.86567,0.86475,0.86551,9598678604.0,2025-07-18 01:49:45.024,2025-07-18 00:00:01.182
2025-07-18 04:00:00,0.8655,0.86599,0.86506,0.86584,8505440000.0,2025-07-18 06:00:57.109,2025-07-18 07:00:03.310
2025-07-18 08:00:00,0.86583,0.86641,0.86511,0.86527,13537613489.0,2025-07-18 08:36:12.747,2025-07-18 11:57:11.052
2025-07-18 12:00:00,0.86528,0.86712,0.8651,0.86655,19174050936.0,2025-07-18 15:43:20.324,2025-07-18 12:13:17.418
2025-07-18 16:00:00,0.86656,0.86704,0.86607,0.86642,7886499093.0,2025-07-18 16:21:19.779,2025-07-18 18:22:04.726
2025-07-18 20:00:00,0.86641,0.86698,0.86637,0.8667,1171455000.0,2025-07-18 20:45:00.469,2025-07-18 20:01:24.204
2025-07-20 20:00:00,0.86529,0.86704,0.86474,0.86688,3193357000.0,2025-07-20 22:00:17.919,2025-07-20 21:06:59.498
2025-07-21 00:00:00,0.86687,0.86706,0.86606,0.86649,8211721000.0,2025-07-21 00:14:57.593,2025-07-21 02:00:55.358
2025-07-21 04:00:00,0.8665,0.86672,0.86576,0.86597,9105493000.0,2025-07-21 05:44:05.679,2025-07-21 07:01:48.196
2025-07-21 08:00:00,0.86596,0.8661,0.86501,0.86563,11237957946.0,2025-07-21 11:27:47.017,2025-07-21 10:15:27.441
2025-07-21 12:00:00,0.86565,0.86736,0.86525,0.86726,16244612610.0,2025-07-21 15:40:37.046,2025-07-21 13:01:27.996
2025-07-21 16:00:00,0.86725,0.8673,0.86656,0.86689,7852444424.0,2025-07-21 16:00:43.900,2025-07-21 18:14:07.752
2025-07-21 20:00:00,0.8669,0.86699,0.86617,0.86693,4161659000.0,2025-07-21 23:03:01.102,2025-07-21 21:05:11.641
2025-07-22 00:00:00,0.86694,0.86721,0.86667,0.86703,6874051000.0,2025-07-22 02:38:41.982,2025-07-22 00:11:50.078
2025-07-22 04:00:00,0.86704,0.86794,0.86704,0.86772,10134549000.0,2025-07-22 07:56:17.042,2025-07-22 04:00:00.791
2025-07-22 08:00:00,0.86771,0.86825,0.86686,0.86765,13276980000.0,2025-07-22 11:01:52.766,2025-07-22 09:09:17.835
2025-07-22 12:00:00,0.86768,0.86905,0.86638,0.86894,21479504506.0,2025-07-22 15:59:19.756,2025-07-22 13:13:50.798
2025-07-22 16:00:00,0.86895,0.86936,0.8683,0.86843,8542598000.0,2025-07-22 16:11:13.894,2025-07-22 19:05:21.066
2025-07-22 20:00:00,0.86842,0.86864,0.86805,0.86809,4350984000.0,2025-07-22 23:05:31.471,2025-07-22 21:15:04.776
2025-07-23 00:00:00,0.86808,0.86851,0.86765,0.86778,9348148000.0,2025-07-23 01:00:48.144,2025-07-23 03:52:32.919
2025-07-23 04:00:00,0.86777,0.86793,0.86668,0.86695,10094251000.0,2025-07-23 06:22:16.611,2025-07-23 07:52:33.858
2025-07-23 08:00:00,0.86696,0.86715,0.86596,0.866,10840156000.0,2025-07-23 08:11:04.079,2025-07-23 11:59:09.028
2025-07-23 12:00:00,0.86601,0.86681,0.86465,0.86586,16024075000.0,2025-07-23 12:19:59.894,2025-07-23 15:22:48.450
2025-07-23 16:00:00,0.86588,0.86709,0.86587,0.86681,14525832425.0,2025-07-23 18:56:26.633,2025-07-23 16:00:00.724
2025-07-23 20:00:00,0.86682,0.86712,0.86636,0.86702,5149132000.0,2025-07-23 23:51:21.582,2025-07-23 21:05:55.446
2025-07-24 00:00:00,0.867,0.86723,0.86661,0.86716,10399104000.0,2025-07-24 03:25:04.829,2025-07-24 00:40:07.711
2025-07-24 04:00:00,0.86714,0.86757,0.86676,0.86738,12375249628.0,2025-07-24 07:26:46.200,2025-07-24 07:00:23.584
2025-07-24 08:00:00,0.86737,0.86837,0.86713,0.86746,12580642000.0,2025-07-24 08:53:05.302,2025-07-24 11:41:33.605
2025-07-24 12:00:00,0.86748,0.87025,0.86669,0.8699,23153678178.0,2025-07-24 15:55:49.149,2025-07-24 13:02:12.581
2025-07-24 16:00:00,0.86994,0.871,0.8699,0.87049,8814621608.0,2025-07-24 16:49:43.398,2025-07-24 16:01:21.371
2025-07-24 20:00:00,0.87047,0.87051,0.86893,0.87014,4924066000.0,2025-07-24 20:02:45.703,2025-07-24 21:06:49.176
2025-07-25 00:00:00,0.87013,0.87032,0.86966,0.87016,9801834212.0,2025-07-25 00:40:13.300,2025-07-25 01:41:31.079
2025-07-25 04:00:00,0.87015,0.87267,0.86976,0.87256,13424532000.0,2025-07-25 07:59:42.732,2025-07-25 06:00:00.946
2025-07-25 08:00:00,0.87257,0.87264,0.8712,0.87139,14971328000.0,2025-07-25 09:16:18.229,2025-07-25 11:22:09.208
2025-07-25 12:00:00,0.87138,0.87368,0.87132,0.87351,21756757000.0,2025-07-25 15:25:01.465,2025-07-25 12:00:12.354
2025-07-25 16:00:00,0.87352,0.87431,0.87323,0.87392,8851244935.0,2025-07-25 17:51:52.853,2025-07-25 16:04:02.322
2025-07-25 20:00:00,0.87391,0.87414,0.87387,0.87401,2301872000.0,2025-07-25 20:44:12.185,2025-07-25 20:30:28.896
2025-07-27 20:00:00,0.87546,0.87549,0.87467,0.87475,2832934000.0,2025-07-27 21:06:38.463,2025-07-27 23:24:07.047
2025-07-28 00:00:00,0.87476,0.87521,0.87444,0.87456,8662430125.0,2025-07-28 00:16:59.266,2025-07-28 03:51:00.846
2025-07-28 04:00:00,0.87454,0.87455,0.8705,0.87068,11310185000.0,2025-07-28 04:00:08.673,2025-07-28 07:58:32.369
2025-07-28 08:00:00,0.87067,0.87096,0.86744,0.86771,14687030800.0,2025-07-28 08:27:12.770,2025-07-28 11:54:56.613
2025-07-28 12:00:00,0.8677,0.86846,0.86655,0.86687,22390571191.0,2025-07-28 12:42:56.794,2025-07-28 13:45:26.093
2025-07-28 16:00:00,0.86688,0.86833,0.86684,0.86796,7487641000.0,2025-07-28 19:01:00.463,2025-07-28 16:02:47.570
2025-07-28 20:00:00,0.86799,0.86801,0.86729,0.86798,3520785000.0,2025-07-28 23:57:26.107,2025-07-28 22:00:00.940
2025-07-29 00:00:00,0.86797,0.86849,0.86786,0.86819,10154446000.0,2025-07-29 02:22:56.826,2025-07-29 03:37:19.879
2025-07-29 04:00:00,0.86818,0.8682,0.86516,0.8666,14176352000.0,2025-07-29 04:00:26.540,2025-07-29 07:10:28.081
2025-07-29 08:00:00,0.86659,0.86765,0.86499,0.86506,16183372228.0,2025-07-29 09:37:52.506,2025-07-29 11:58:44.462
2025-07-29 12:00:00,0.86505,0.86677,0.86416,0.86465,21877962265.0,2025-07-29 13:51:01.113,2025-07-29 14:57:56.748
2025-07-29 16:00:00,0.86466,0.86579,0.86463,0.86471,10932145000.0,2025-07-29 17:18:23.861,2025-07-29 16:00:02.500
2025-07-29 20:00:00,0.86472,0.86502,0.86421,0.86497,4500395000.0,2025-07-29 23:08:11.103,2025-07-29 21:05:12.215
2025-07-30 00:00:00,0.86498,0.86588,0.86495,0.8654,8526433000.0,2025-07-30 01:42:15.566,2025-07-30 00:00:35.084
2025-07-30 04:00:00,0.86541,0.86559,0.86461,0.86472,10394246000.0,2025-07-30 05:24:19.299,2025-07-30 07:49:06.525
2025-07-30 08:00:00,0.86471,0.86492,0.86211,0.86226,13378399000.0,2025-07-30 08:45:15.953,2025-07-30 11:58:46.675
2025-07-30 12:00:00,0.86227,0.86418,0.86077,0.86404,27171012000.0,2025-07-30 15:24:05.667,2025-07-30 12:14:59.717
2025-07-30 16:00:00,0.86406,0.86436,0.86242,0.86248,19495889397.0,2025-07-30 16:02:17.674,2025-07-30 19:56:00.464
2025-07-30 20:00:00,0.86249,0.86252,0.86086,0.86209,6677558000.0,2025-07-30 20:00:01.260,2025-07-30 21:08:40.374
2025-07-31 00:00:00,0.8621,0.86326,0.86107,0.86149,8783901258.0,2025-07-31 00:25:59.987,2025-07-31 03:39:11.488
2025-07-31 04:00:00,0.86148,0.86361,0.86133,0.86343,14471709000.0,2025-07-31 07:58:42.555,2025-07-31 04:06:35.940
2025-07-31 08:00:00,0.86344,0.865,0.86336,0.86478,18437918000.0,2025-07-31 10:58:37.606,2025-07-31 08:00:31.984
2025-07-31 12:00:00,0.86477,0.86591,0.86374,0.8646,23920370160.0,2025-07-31 14:49:37.545,2025-07-31 12:30:03.592
2025-07-31 16:00:00,0.86462,0.86492,0.8632,0.86416,12788871182.0,2025-07-31 17:59:33.288,2025-07-31 16:33:57.396
2025-07-31 20:00:00,0.86417,0.86483,0.86363,0.86473,6030809000.0,2025-07-31 23:48:58.482,2025-07-31 21:04:42.040
2025-08-01 00:00:00,0.86474,0.86508,0.86436,0.86493,13856908893.0,2025-08-01 01:12:21.181,2025-08-01 01:47:02.346
2025-08-01 04:00:00,0.86494,0.86608,0.86491,0.86537,10337254400.0,2025-08-01 06:29:13.162,2025-08-01 04:01:34.361
2025-08-01 08:00:00,0.86538,0.86749,0.86535,0.86671,16783751840.0,2025-08-01 09:33:30.324,2025-08-01 08:00:01.572
2025-08-01 12:00:00,0.8667,0.87204,0.86569,0.87149,38262336778.0,2025-08-01 14:07:52.070,2025-08-01 12:30:01.533
2025-08-01 16:00:00,0.87147,0.87262,0.87108,0.87234,16067607000.0,2025-08-01 19:39:59.419,2025-08-01 17:00:11.460
2025-08-01 20:00:00,0.87232,0.87298,0.87224,0.87292,2733757000.0,2025-08-01 20:54:47.959,2025-08-01 20:11:10.592
2025-08-03 20:00:00,0.87162,0.87301,0.87135,0.87181,3225158000.0,2025-08-03 22:03:09.980,2025-08-03 21:51:40.844
2025-08-04 00:00:00,0.8718,0.87216,0.8712,0.8717,15323319893.0,2025-08-04 00:06:50.390,2025-08-04 01:12:36.433
2025-08-04 04:00:00,0.87169,0.872,0.87048,0.87094,14729110000.0,2025-08-04 05:05:59.602,2025-08-04 07:48:25.359
2025-08-04 08:00:00,0.87095,0.87106,0.86972,0.87001,16882058000.0,2025-08-04 08:11:39.365,2025-08-04 09:51:49.268
2025-08-04 12:00:00,0.87002,0.87095,0.86866,0.8705,25251963352.0,2025-08-04 15:30:09.200,2025-08-04 14:42:22.212
2025-08-04 16:00:00,0.87051,0.87147,0.87022,0.8713,12795591417.0,2025-08-04 18:14:32.846,2025-08-04 16:18:49.721
2025-08-04 20:00:00,0.87131,0.87131,0.87003,0.87109,3966540000.0,2025-08-04 20:00:00.008,2025-08-04 21:26:28.925
2025-08-05 00:00:00,0.87108,0.87127,0.86977,0.8703,6767144000.0,2025-08-05 00:16:39.928,2025-08-05 01:11:03.423
2025-08-05 04:00:00,0.87029,0.87036,0.86944,0.86987,11577118000.0,2025-08-05 04:07:28.115,2025-08-05 07:03:02.984
2025-08-05 08:00:00,0.86986,0.87004,0.86794,0.86886,17329303846.0,2025-08-05 08:05:14.830,2025-08-05 10:28:14.495
2025-08-05 12:00:00,0.86887,0.87078,0.86769,0.87014,22499184042.0,2025-08-05 15:22:19.281,2025-08-05 14:00:00.040
2025-08-05 16:00:00,0.87013,0.87062,0.86975,0.87036,10939137133.0,2025-08-05 18:57:06.636,2025-08-05 17:11:31.879
2025-08-05 20:00:00,0.87034,0.87068,0.86993,0.87062,4928095000.0,2025-08-05 21:32:57.596,2025-08-05 21:15:38.995
2025-08-06 00:00:00,0.87063,0.8707,0.86964,0.87005,6461409000.0,2025-08-06 00:06:10.084,2025-08-06 02:35:56.314
2025-08-06 04:00:00,0.87004,0.87088,0.86995,0.87052,11822928000.0,2025-08-06 07:51:02.765,2025-08-06 04:13:38.137
2025-08-06 08:00:00,0.87053,0.87203,0.87048,0.87131,15117222094.0,2025-08-06 10:20:37.447,2025-08-06 08:02:25.332
2025-08-06 12:00:00,0.8713,0.87317,0.8713,0.87181,21714615492.0,2025-08-06 13:59:52.710,2025-08-06 12:00:00.358
2025-08-06 16:00:00,0.87179,0.87285,0.87144,0.87265,14727162260.0,2025-08-06 18:43:03.262,2025-08-06 16:22:01.689
2025-08-06 20:00:00,0.87266,0.87315,0.87238,0.87311,4440356000.0,2025-08-06 22:22:45.748,2025-08-06 21:39:15.952
2025-08-07 00:00:00,0.87312,0.8732,0.87274,0.87307,7432377988.0,2025-08-07 02:39:09.343,2025-08-07 01:38:30.851
2025-08-07 04:00:00,0.87308,0.87402,0.87277,0.874,10237552208.0,2025-08-07 07:59:33.848,2025-08-07 06:44:27.909
2025-08-07 08:00:00,0.87401,0.87435,0.86795,0.86813,19754459184.0,2025-08-07 08:04:46.821,2025-08-07 11:55:28.493
2025-08-07 12:00:00,0.8681,0.86867,0.86635,0.86661,22215247000.0,2025-08-07 12:51:32.820,2025-08-07 15:56:47.773
2025-08-07 16:00:00,0.86662,0.86742,0.86636,0.86693,11214436000.0,2025-08-07 19:42:30.656,2025-08-07 17:03:20.617
2025-08-07 20:00:00,0.86694,0.86817,0.86688,0.86805,7100747000.0,2025-08-07 23:37:10.473,2025-08-07 20:00:16.215
2025-08-08 00:00:00,0.86806,0.86817,0.86736,0.86757,9344486924.0,2025-08-08 00:23:15.412,2025-08-08 02:54:48.262
2025-08-08 04:00:00,0.86756,0.86783,0.8666,0.86734,11699296000.0,2025-08-08 05:04:36.579,2025-08-08 07:18:27.822
2025-08-08 08:00:00,0.86732,0.86735,0.86532,0.8663,16077345268.0,2025-08-08 08:01:59.224,2025-08-08 09:49:37.371
2025-08-08 12:00:00,0.86631,0.86758,0.86629,0.86738,19822405000.0,2025-08-08 14:00:25.352,2025-08-08 12:00:22.256
2025-08-08 16:00:00,0.86737,0.86746,0.8655,0.86559,11426838000.0,2025-08-08 16:05:28.329,2025-08-08 19:59:14.309
2025-08-08 20:00:00,0.86558,0.8658,0.86529,0.86567,1115412616.0,2025-08-08 20:52:13.592,2025-08-08 20:21:39.898
2025-08-10 20:00:00,0.866,0.86641,0.86572,0.8664,1160436000.0,2025-08-10 23:57:05.647,2025-08-10 21:58:19.768
2025-08-11 00:00:00,0.86639,0.86721,0.8662,0.86673,7165678666.0,2025-08-11 03:16:54.366,2025-08-11 00:15:01.771
2025-08-11 04:00:00,0.86674,0.86694,0.86564,0.86569,7071290000.0,2025-08-11 04:12:23.071,2025-08-11 07:57:46.393
2025-08-11 08:00:00,0.8657,0.86633,0.86506,0.86585,10897939000.0,2025-08-11 11:14:17.102,2025-08-11 10:43:30.648
2025-08-11 12:00:00,0.86586,0.86614,0.86468,0.86518,13401884785.0,2025-08-11 12:49:51.346,2025-08-11 15:11:21.550
2025-08-11 16:00:00,0.86519,0.86526,0.86415,0.86424,8613693549.0,2025-08-11 16:00:14.702,2025-08-11 19:27:02.383
2025-08-11 20:00:00,0.86422,0.86492,0.86405,0.86468,3256243000.0,2025-08-11 20:57:18.107,2025-08-11 21:04:01.004
2025-08-12 00:00:00,0.86469,0.86525,0.86461,0.86505,8907123000.0,2025-08-12 02:24:17.499,2025-08-12 00:00:36.847
2025-08-12 04:00:00,0.86506,0.86543,0.86335,0.86337,14240515000.0,2025-08-12 05:53:56.492,2025-08-12 07:55:12.880
2025-08-12 08:00:00,0.86336,0.86379,0.86205,0.86236,13320448691.0,2025-08-12 08:13:00.331,2025-08-12 09:56:19.765
2025-08-12 12:00:00,0.86235,0.86492,0.86171,0.86415,29111405550.0,2025-08-12 15:44:34.661,2025-08-12 12:30:01.285
2025-08-12 16:00:00,0.86414,0.86514,0.86388,0.86504,12901087000.0,2025-08-12 19:37:16.112,2025-08-12 17:05:15.558
2025-08-12 20:00:00,0.86505,0.86517,0.86389,0.86468,5729800000.0,2025-08-12 20:01:52.082,2025-08-12 21:06:00.413
2025-08-13 00:00:00,0.86465,0.86533,0.8646,0.86523,9090602350.0,2025-08-13 02:52:41.183,2025-08-13 00:31:57.530
2025-08-13 04:00:00,0.86525,0.86532,0.8642,0.86437,13023648000.0,2025-08-13 04:11:32.156,2025-08-13 07:55:09.173
2025-08-13 08:00:00,0.86436,0.86456,0.86272,0.86315,13594929000.0,2025-08-13 08:26:06.347,2025-08-13 11:37:10.167
2025-08-13 12:00:00,0.86314,0.86368,0.86202,0.86311,17815688333.0,2025-08-13 15:09:52.007,2025-08-13 13:58:51.370
2025-08-13 16:00:00,0.86312,0.86313,0.86189,0.86192,6970455000.0,2025-08-13 16:00:26.645,2025-08-13 19:59:30.723
2025-08-13 20:00:00,0.86191,0.86219,0.86168,0.86211,2644346000.0,2025-08-13 22:07:02.649,2025-08-13 21:10:43.641
2025-08-14 00:00:00,0.8621,0.86247,0.86183,0.86219,6359379784.0,2025-08-14 02:05:03.644,2025-08-14 01:31:47.429
2025-08-14 04:00:00,0.8622,0.86222,0.85978,0.86047,12156130421.0,2025-08-14 04:00:26.600,2025-08-14 07:24:15.781
2025-08-14 08:00:00,0.86046,0.86121,0.85962,0.86102,15496010081.0,2025-08-14 11:00:02.465,2025-08-14 08:58:19.155
2025-08-14 12:00:00,0.86103,0.8612,0.85969,0.86049,21948583008.0,2025-08-14 12:05:09.151,2025-08-14 14:07:28.912
2025-08-14 16:00:00,0.8605,0.86061,0.8599,0.86046,9661957266.0,2025-08-14 16:05:00.717,2025-08-14 18:00:24.441
2025-08-14 20:00:00,0.86047,0.86118,0.8601,0.86107,2760834000.0,2025-08-14 23:04:58.733,2025-08-14 21:05:10.788
2025-08-15 00:00:00,0.86108,0.8611,0.86056,0.86065,4553778000.0,2025-08-15 00:00:39.112,2025-08-15 02:37:07.806
2025-08-15 04:00:00,0.86066,0.8619,0.86062,0.86184,7129599000.0,2025-08-15 07:59:01.226,2025-08-15 04:04:53.966
2025-08-15 08:00:00,0.86185,0.86247,0.86157,0.86192,10505313000.0,2025-08-15 09:10:34.740,2025-08-15 08:26:02.088
2025-08-15 12:00:00,0.8619,0.86376,0.86163,0.86315,18314662450.0,2025-08-15 14:58:38.107,2025-08-15 12:32:16.498
2025-08-15 16:00:00,0.86314,0.8636,0.86304,0.86319,5842513000.0,2025-08-15 19:35:59.870,2025-08-15 16:00:29.858
2025-08-15 20:00:00,0.8632,0.86351,0.86308,0.86331,1052650000.0,2025-08-15 20:15:55.440,2025-08-15 20:46:11.618
2025-08-17 20:00:00,0.86376,0.86386,0.86302,0.86352,1155324000.0,2025-08-17 21:33:49.024,2025-08-17 21:47:40.820
2025-08-18 00:00:00,0.86353,0.86363,0.86284,0.8633,5209561000.0,2025-08-18 03:01:39.118,2025-08-18 01:32:45.947
2025-08-18 04:00:00,0.86331,0.86373,0.86267,0.86277,8782619000.0,2025-08-18 06:38:06.581,2025-08-18 07:58:11.802
2025-08-18 08:00:00,0.86276,0.86288,0.86184,0.86237,11826678000.0,2025-08-18 10:59:18.374,2025-08-18 09:40:12.342
2025-08-18 12:00:00,0.86244,0.86335,0.86184,0.86297,15696351530.0,2025-08-18 15:41:35.663,2025-08-18 12:36:42.273
2025-08-18 16:00:00,0.86296,0.86382,0.86257,0.86381,9676860000.0,2025-08-18 19:59:25.779,2025-08-18 16:09:11.566
2025-08-18 20:00:00,0.86382,0.86396,0.86278,0.86376,4274465000.0,2025-08-18 20:14:14.583,2025-08-18 21:04:01.003
2025-08-19 00:00:00,0.86377,0.86381,0.86294,0.86326,8665746000.0,2025-08-19 00:00:18.291,2025-08-19 01:31:59.548
2025-08-19 04:00:00,0.86327,0.8641,0.86315,0.86408,10166435973.0,2025-08-19 07:57:28.483,2025-08-19 06:01:27.290
2025-08-19 08:00:00,0.86409,0.86456,0.8633,0.86421,9898103000.0,2025-08-19 11:06:06.733,2025-08-19 08:36:30.759
2025-08-19 12:00:00,0.86422,0.86477,0.86349,0.86402,14250538799.0,2025-08-19 13:31:28.289,2025-08-19 14:20:07.794
2025-08-19 16:00:00,0.86403,0.86444,0.86333,0.86334,7845966000.0,2025-08-19 16:08:10.935,2025-08-19 19:59:45.136
2025-08-19 20:00:00,0.86333,0.86347,0.86305,0.86327,3847127000.0,2025-08-19 21:56:35.638,2025-08-19 21:05:01.852
2025-08-20 00:00:00,0.86328,0.86355,0.86295,0.86344,9132767000.0,2025-08-20 00:53:32.646,2025-08-20 01:53:10.835
2025-08-20 04:00:00,0.86343,0.86349,0.86082,0.86201,13233939000.0,2025-08-20 05:21:45.796,2025-08-20 06:20:50.003
2025-08-20 08:00:00,0.86199,0.86413,0.86174,0.86413,9950631161.0,2025-08-20 11:59:58.760,2025-08-20 09:12:49.728
2025-08-20 12:00:00,0.86414,0.8663,0.86403,0.86606,17611654000.0,2025-08-20 15:53:41.887,2025-08-20 12:00:53.375
2025-08-20 16:00:00,0.86605,0.86671,0.86599,0.86608,11519163997.0,2025-08-20 17:27:45.606,2025-08-20 16:00:18.258
2025-08-20 20:00:00,0.86609,0.86619,0.86497,0.86526,4239621000.0,2025-08-20 20:03:36.915,2025-08-20 21:06:27.777
2025-08-21 00:00:00,0.86527,0.86586,0.86524,0.86567,7384866000.0,2025-08-21 02:55:16.385,2025-08-21 01:42:17.217
2025-08-21 04:00:00,0.86566,0.86656,0.86488,0.86642,10494242000.0,2025-08-21 07:55:21.635,2025-08-21 06:45:31.285
2025-08-21 08:00:00,0.86643,0.86649,0.86457,0.8652,11804811000.0,2025-08-21 08:00:15.098,2025-08-21 10:58:55.305
2025-08-21 12:00:00,0.86521,0.86644,0.8638,0.86512,20404692817.0,2025-08-21 12:55:06.719,2025-08-21 12:30:03.260
2025-08-21 16:00:00,0.8651,0.86564,0.86494,0.86525,7036822185.0,2025-08-21 17:16:23.716,2025-08-21 19:51:18.000
2025-08-21 20:00:00,0.86526,0.86569,0.86493,0.86545,3400225000.0,2025-08-21 21:30:55.859,2025-08-21 21:07:46.129
2025-08-22 00:00:00,0.86546,0.86576,0.86482,0.86486,7450020000.0,2025-08-22 02:05:32.930,2025-08-22 03:59:45.654
2025-08-22 04:00:00,0.86488,0.86535,0.86456,0.8649,9457526000.0,2025-08-22 06:14:16.700,2025-08-22 06:58:01.963
2025-08-22 08:00:00,0.86491,0.86518,0.86432,0.86506,13209890000.0,2025-08-22 11:54:15.605,2025-08-22 09:24:49.208
2025-08-22 12:00:00,0.86505,0.86678,0.86395,0.86597,25749786838.0,2025-08-22 15:09:52.547,2025-08-22 13:56:45.372
2025-08-22 16:00:00,0.86596,0.86718,0.86588,0.86697,12439710000.0,2025-08-22 17:49:43.169,2025-08-22 16:09:38.551
2025-08-22 20:00:00,0.86696,0.86708,0.86644,0.86652,939350000.0,2025-08-22 20:01:07.083,2025-08-22 20:54:31.319
2025-08-24 20:00:00,0.8666,0.86699,0.86634,0.86668,1926163000.0,2025-08-24 21:41:56.122,2025-08-24 21:49:40.070
2025-08-25 00:00:00,0.86666,0.86697,0.86636,0.86642,5307230000.0,2025-08-25 01:37:53.856,2025-08-25 03:29:17.859
2025-08-25 04:00:00,0.86643,0.86709,0.86595,0.86619,8800847000.0,2025-08-25 07:19:58.796,2025-08-25 05:58:49.505
2025-08-25 08:00:00,0.86618,0.86691,0.86519,0.8656,10201501000.0,2025-08-25 08:48:54.463,2025-08-25 11:47:49.440
2025-08-25 12:00:00,0.86559,0.8666,0.86502,0.86505,16327017000.0,2025-08-25 13:47:09.857,2025-08-25 15:55:00.258
2025-08-25 16:00:00,0.86504,0.86506,0.86274,0.86288,8121198000.0,2025-08-25 16:01:00.114,2025-08-25 19:09:38.336
2025-08-25 20:00:00,0.86289,0.86385,0.86281,0.86321,3982506000.0,2025-08-25 20:57:18.870,2025-08-25 21:23:34.519
2025-08-26 00:00:00,0.86322,0.86455,0.86319,0.86422,17239839256.0,2025-08-26 00:34:14.584,2025-08-26 00:00:32.256
2025-08-26 04:00:00,0.86423,0.86457,0.86338,0.8637,15637799263.0,2025-08-26 05:45:54.681,2025-08-26 07:18:49.617
2025-08-26 08:00:00,0.86371,0.8643,0.8623,0.86401,15159247000.0,2025-08-26 11:51:22.994,2025-08-26 08:24:55.623
2025-08-26 12:00:00,0.864,0.86492,0.86366,0.86452,21345781030.0,2025-08-26 14:41:59.675,2025-08-26 12:45:14.878
2025-08-26 16:00:00,0.86454,0.86468,0.86348,0.8636,9576961499.0,2025-08-26 16:30:34.020,2025-08-26 19:57:41.687
2025-08-26 20:00:00,0.86361,0.86408,0.86325,0.86346,4389477000.0,2025-08-26 21:38:49.633,2025-08-26 21:04:01.105
2025-08-27 00:00:00,0.86347,0.86398,0.86339,0.86381,9470829000.0,2025-08-27 02:58:16.321,2025-08-27 01:37:55.441
2025-08-27 04:00:00,0.8638,0.86382,0.86238,0.86247,11743522000.0,2025-08-27 04:00:04.099,2025-08-27 07:55:37.539
2025-08-27 08:00:00,0.86248,0.86292,0.86171,0.86264,14737577422.0,2025-08-27 11:53:13.341,2025-08-27 08:54:17.300
2025-08-27 12:00:00,0.86263,0.86278,0.86096,0.86218,19074424000.0,2025-08-27 12:16:06.019,2025-08-27 14:46:50.342
2025-08-27 16:00:00,0.86219,0.86252,0.86163,0.86186,10954961000.0,2025-08-27 16:50:00.485,2025-08-27 18:59:28.098
2025-08-27 20:00:00,0.86187,0.86252,0.86132,0.8625,4215540000.0,2025-08-27 23:56:31.472,2025-08-27 21:04:06.672
2025-08-28 00:00:00,0.86251,0.86268,0.86177,0.86191,7687977000.0,2025-08-28 00:29:55.623,2025-08-28 03:39:30.301
2025-08-28 04:00:00,0.8619,0.86282,0.8615,0.86251,10084411000.0,2025-08-28 07:49:34.160,2025-08-28 06:32:43.198
2025-08-28 08:00:00,0.8625,0.86329,0.8622,0.86323,15548874000.0,2025-08-28 11:58:34.365,2025-08-28 08:32:33.891
2025-08-28 12:00:00,0.86325,0.86455,0.86317,0.86362,25171799890.0,2025-08-28 12:44:01.332,2025-08-28 12:02:16.815
2025-08-28 16:00:00,0.86363,0.86483,0.8636,0.86457,10138376000.0,2025-08-28 19:00:45.765,2025-08-28 16:00:39.220
2025-08-28 20:00:00,0.86458,0.86475,0.86408,0.86451,5060431000.0,2025-08-28 20:20:01.061,2025-08-28 21:12:58.026
2025-08-29 00:00:00,0.86452,0.86464,0.86352,0.86395,11224638000.0,2025-08-29 00:07:19.358,2025-08-29 02:21:16.474
2025-08-29 04:00:00,0.86394,0.86558,0.86379,0.86541,10887330000.0,2025-08-29 07:55:00.374,2025-08-29 04:50:16.500
2025-08-29 08:00:00,0.8654,0.86737,0.86526,0.86689,16688457352.0,2025-08-29 10:02:02.303,2025-08-29 08:09:16.089
2025-08-29 12:00:00,0.86688,0.86708,0.86574,0.86575,22625668638.0,2025-08-29 14:37:32.812,2025-08-29 15:59:58.120
2025-08-29 16:00:00,0.86574,0.86652,0.86552,0.86552,7517944111.0,2025-08-29 16:54:20.179,2025-08-29 19:58:59.233
2025-08-29 20:00:00,0.86553,0.86572,0.86518,0.86544,1381828000.0,2025-08-29 20:34:38.556,2025-08-29 20:52:18.056
2025-08-31 20:00:00,0.86624,0.86626,0.86512,0.86568,833041000.0,2025-08-31 21:08:16.808,2025-08-31 21:58:48.505
2025-09-01 00:00:00,0.86569,0.86596,0.86519,0.86575,7800754535.0,2025-09-01 03:10:31.160,2025-09-01 01:00:43.199
2025-09-01 04:00:00,0.86576,0.86686,0.86571,0.86656,11830111000.0,2025-09-01 07:26:33.728,2025-09-01 04:00:27.308
2025-09-01 08:00:00,0.86655,0.86699,0.86604,0.86617,14678808000.0,2025-09-01 09:00:31.724,2025-09-01 08:20:55.906
2025-09-01 12:00:00,0.86616,0.86632,0.86376,0.86395,12298978673.0,2025-09-01 12:07:00.256,2025-09-01 15:56:18.101
2025-09-01 16:00:00,0.86396,0.86456,0.86376,0.86447,3757716000.0,2025-09-01 19:54:26.839,2025-09-01 16:18:34.643
2025-09-01 20:00:00,0.86444,0.86481,0.86425,0.86476,3103120000.0,2025-09-01 23:49:46.908,2025-09-01 21:25:06.331
2025-09-02 00:00:00,0.86475,0.86481,0.86432,0.86462,11139188027.0,2025-09-02 00:00:14.078,2025-09-02 01:25:32.349
2025-09-02 04:00:00,0.86461,0.86986,0.86415,0.86886,17262416000.0,2025-09-02 07:55:54.182,2025-09-02 04:25:28.378
2025-09-02 08:00:00,0.86887,0.87073,0.86753,0.87019,25626266698.0,2025-09-02 11:56:57.076,2025-09-02 08:35:31.011
2025-09-02 12:00:00,0.87018,0.87126,0.86927,0.87026,27742775000.0,2025-09-02 15:20:48.909,2025-09-02 13:49:46.173
2025-09-02 16:00:00,0.87025,0.87044,0.86914,0.86933,8636893000.0,2025-09-02 16:02:53.994,2025-09-02 19:55:28.565
2025-09-02 20:00:00,0.86934,0.86938,0.86854,0.8693,2966201000.0,2025-09-02 21:08:08.163,2025-09-02 21:05:04.109
2025-09-03 00:00:00,0.86929,0.87001,0.86925,0.86989,8277364988.0,2025-09-03 02:11:02.043,2025-09-03 00:00:37.625
2025-09-03 04:00:00,0.86987,0.87111,0.86925,0.87048,13862398328.0,2025-09-03 07:19:58.915,2025-09-03 06:44:06.153
2025-09-03 08:00:00,0.87049,0.87055,0.86854,0.86874,18565572000.0,2025-09-03 08:00:25.772,2025-09-03 10:37:06.120
2025-09-03 12:00:00,0.86871,0.86906,0.86718,0.86814,21356054000.0,2025-09-03 12:17:55.056,2025-09-03 13:35:14.918
2025-09-03 16:00:00,0.86815,0.86817,0.86736,0.8675,7749739673.0,2025-09-03 16:54:28.999,2025-09-03 17:32:02.550
2025-09-03 20:00:00,0.86749,0.86764,0.8672,0.86756,4443529000.0,2025-09-03 22:57:40.577,2025-09-03 20:58:35.693
2025-09-04 00:00:00,0.86754,0.86785,0.86717,0.86777,10542832975.0,2025-09-04 03:26:34.185,2025-09-04 00:55:14.132
2025-09-04 04:00:00,0.86778,0.86807,0.86718,0.86766,10452715000.0,2025-09-04 06:28:17.460,2025-09-04 06:56:34.883
2025-09-04 08:00:00,0.86765,0.86773,0.86596,0.86668,13478934000.0,2025-09-04 08:00:38.382,2025-09-04 09:57:25.300
2025-09-04 12:00:00,0.86669,0.86731,0.86533,0.86668,23827037713.0,2025-09-04 14:44:51.385,2025-09-04 12:15:01.347
2025-09-04 16:00:00,0.8667,0.86739,0.86656,0.86711,7550833728.0,2025-09-04 19:07:25.676,2025-09-04 16:08:00.710
2025-09-04 20:00:00,0.8671,0.86734,0.8669,0.86702,3499673000.0,2025-09-04 22:09:34.565,2025-09-04 21:06:04.410
2025-09-05 00:00:00,0.86703,0.86772,0.86674,0.86747,12154112000.0,2025-09-05 02:09:23.784,2025-09-05 00:55:00.352
2025-09-05 04:00:00,0.86749,0.8677,0.86647,0.86727,11661574000.0,2025-09-05 07:10:27.666,2025-09-05 06:30:25.017
2025-09-05 08:00:00,0.86725,0.86812,0.86679,0.86812,13918149298.0,2025-09-05 11:59:59.617,2025-09-05 08:43:03.539
2025-09-05 12:00:00,0.86814,0.86865,0.86528,0.8683,33148991290.0,2025-09-05 12:30:30.507,2025-09-05 12:30:01.604
2025-09-05 16:00:00,0.86831,0.86838,0.86735,0.86777,13724126992.0,2025-09-05 16:00:51.317,2025-09-05 18:18:04.363
2025-09-05 20:00:00,0.86774,0.86781,0.86752,0.86773,1215421000.0,2025-09-05 20:48:17.700,2025-09-05 20:11:06.537
2025-09-07 20:00:00,0.86689,0.86825,0.86676,0.86802,2150117000.0,2025-09-07 22:08:49.126,2025-09-07 21:05:08.743
2025-09-08 00:00:00,0.86804,0.86812,0.86734,0.86762,10917756000.0,2025-09-08 00:01:56.857,2025-09-08 02:05:33.685
2025-09-08 04:00:00,0.86763,0.86812,0.86725,0.86805,13228423000.0,2025-09-08 07:56:52.311,2025-09-08 06:45:58.716
2025-09-08 08:00:00,0.86804,0.86836,0.86639,0.8669,13446938000.0,2025-09-08 08:09:51.145,2025-09-08 11:51:17.489
2025-09-08 12:00:00,0.86689,0.86793,0.86624,0.86738,19907035838.0,2025-09-08 14:06:50.670,2025-09-08 12:40:30.495
2025-09-08 16:00:00,0.86739,0.86817,0.86713,0.868,9378747269.0,2025-09-08 19:23:47.645,2025-09-08 17:04:50.628
2025-09-08 20:00:00,0.86801,0.86845,0.86783,0.86831,5479074000.0,2025-09-08 20:58:50.659,2025-09-08 21:04:01.304
2025-09-09 00:00:00,0.8683,0.86841,0.86752,0.86755,6992369936.0,2025-09-09 00:00:33.226,2025-09-09 03:09:58.870
2025-09-09 04:00:00,0.86754,0.86765,0.86616,0.86636,11515749108.0,2025-09-09 04:14:32.295,2025-09-09 07:55:44.804
2025-09-09 08:00:00,0.86635,0.86671,0.86557,0.86601,15916499183.0,2025-09-09 08:51:37.302,2025-09-09 11:07:04.553
2025-09-09 12:00:00,0.86603,0.86677,0.86556,0.86627,21655484487.0,2025-09-09 14:09:31.279,2025-09-09 12:34:01.428
2025-09-09 16:00:00,0.86628,0.8665,0.86549,0.86589,8853095963.0,2025-09-09 16:09:51.671,2025-09-09 18:36:03.267
2025-09-09 20:00:00,0.86588,0.86594,0.86521,0.8655,4271894000.0,2025-09-09 20:18:53.568,2025-09-09 23:35:42.397
2025-09-10 00:00:00,0.86549,0.86554,0.86488,0.86514,9360014000.0,2025-09-10 00:00:03.748,2025-09-10 01:05:31.698
2025-09-10 04:00:00,0.86515,0.86553,0.86423,0.86472,11287828752.0,2025-09-10 06:45:39.685,2025-09-10 07:24:48.520
2025-09-10 08:00:00,0.8647,0.86508,0.86401,0.8648,15010569000.0,2025-09-10 09:52:13.005,2025-09-10 10:58:34.033
2025-09-10 12:00:00,0.86479,0.86555,0.86368,0.86473,24221762310.0,2025-09-10 15:09:19.619,2025-09-10 12:30:01.960
2025-09-10 16:00:00,0.86472,0.8651,0.86436,0.86469,9934540107.0,2025-09-10 17:38:52.547,2025-09-10 16:32:35.988
2025-09-10 20:00:00,0.86468,0.86473,0.86402,0.86469,3076804000.0,2025-09-10 20:01:09.288,2025-09-10 21:05:51.498
2025-09-11 00:00:00,0.8647,0.86483,0.86436,0.86456,8109952000.0,2025-09-11 02:49:15.190,2025-09-11 01:57:21.214
2025-09-11 04:00:00,0.86455,0.86555,0.86452,0.86509,11312318098.0,2025-09-11 07:31:59.315,2025-09-11 04:00:07.273
2025-09-11 08:00:00,0.86508,0.86559,0.86403,0.86494,15843750582.0,2025-09-11 10:02:38.034,2025-09-11 11:38:39.148
2025-09-11 12:00:00,0.86496,0.86623,0.8629,0.86474,29887299630.0,2025-09-11 13:55:53.242,2025-09-11 12:30:02.668
2025-09-11 16:00:00,0.86476,0.86476,0.86412,0.86438,10875071000.0,2025-09-11 16:00:00.204,2025-09-11 19:00:52.053
2025-09-11 20:00:00,0.86437,0.86469,0.86417,0.86435,5417600000.0,2025-09-11 20:58:30.968,2025-09-11 21:05:36.562
2025-09-12 00:00:00,0.86434,0.86501,0.86403,0.86495,9010098339.0,2025-09-12 02:16:42.406,2025-09-12 00:16:44.691
2025-09-12 04:00:00,0.86496,0.86601,0.86428,0.86554,9673601000.0,2025-09-12 07:00:25.246,2025-09-12 06:00:00.840
2025-09-12 08:00:00,0.86557,0.86644,0.8649,0.86509,15513319485.0,2025-09-12 08:27:21.720,2025-09-12 10:10:32.362
2025-09-12 12:00:00,0.86508,0.86543,0.86398,0.86478,19138035453.0,2025-09-12 12:39:07.820,2025-09-12 14:14:17.631
2025-09-12 16:00:00,0.86477,0.8654,0.86454,0.86538,8167562132.0,2025-09-12 19:59:35.853,2025-09-12 16:32:03.876
2025-09-12 20:00:00,0.86539,0.86542,0.86502,0.86512,878910000.0,2025-09-12 20:01:35.085,2025-09-12 20:18:22.722
2025-09-14 20:00:00,0.86444,0.86535,0.86433,0.86516,1689600000.0,2025-09-14 22:08:36.885,2025-09-14 21:59:47.405
2025-09-15 00:00:00,0.86515,0.86517,0.86471,0.86479,4900783409.0,2025-09-15 00:00:06.431,2025-09-15 03:46:21.127
2025-09-15 04:00:00,0.8648,0.86488,0.86373,0.86389,10750030000.0,2025-09-15 04:04:15.857,2025-09-15 07:55:42.545
2025-09-15 08:00:00,0.86388,0.86448,0.86323,0.86379,14981531000.0,2025-09-15 10:05:20.423,2025-09-15 08:28:22.195
2025-09-15 12:00:00,0.8638,0.86539,0.86379,0.86508,15194224000.0,2025-09-15 14:57:29.501,2025-09-15 12:00:00.220
2025-09-15 16:00:00,0.86507,0.86527,0.86443,0.86452,8228450000.0,2025-09-15 18:48:23.798,2025-09-15 19:59:18.138
2025-09-15 20:00:00,0.86453,0.865,0.86441,0.86482,3802696000.0,2025-09-15 21:16:45.147,2025-09-15 20:27:04.766
2025-09-16 00:00:00,0.86481,0.86524,0.86457,0.86505,8989473458.0,2025-09-16 02:20:33.490,2025-09-16 00:54:07.339
2025-09-16 04:00:00,0.86506,0.86553,0.86447,0.86543,11725475437.0,2025-09-16 07:52:48.676,2025-09-16 06:00:19.421
2025-09-16 08:00:00,0.86542,0.86663,0.86517,0.8659,17610916521.0,2025-09-16 11:02:22.728,2025-09-16 08:51:28.246
2025-09-16 12:00:00,0.86592,0.86796,0.86478,0.86772,23063606208.0,2025-09-16 15:24:20.768,2025-09-16 12:30:02.664
2025-09-16 16:00:00,0.8677,0.86942,0.86768,0.86879,10768690224.0,2025-09-16 17:14:58.304,2025-09-16 16:00:02.343
2025-09-16 20:00:00,0.86878,0.86967,0.86824,0.86947,5764698000.0,2025-09-16 20:58:32.382,2025-09-16 21:05:37.868
2025-09-17 00:00:00,0.86948,0.86951,0.86871,0.86871,7709953000.0,2025-09-17 00:00:01.022,2025-09-17 03:54:22.660
2025-09-17 04:00:00,0.86872,0.86935,0.86808,0.86837,10012672000.0,2025-09-17 06:49:16.156,2025-09-17 06:00:04.338
2025-09-17 08:00:00,0.86838,0.86864,0.86732,0.86751,12382462000.0,2025-09-17 09:00:03.627,2025-09-17 10:37:00.391
2025-09-17 12:00:00,0.86752,0.86809,0.86688,0.86713,13828728874.0,2025-09-17 13:32:19.253,2025-09-17 15:53:19.102
2025-09-17 16:00:00,0.86714,0.86846,0.86637,0.86706,25285951654.0,2025-09-17 18:21:25.162,2025-09-17 18:00:00.876
2025-09-17 20:00:00,0.86707,0.86765,0.86599,0.86759,5084989000.0,2025-09-17 23:57:59.980,2025-09-17 21:15:02.039
2025-09-18 00:00:00,0.8676,0.8679,0.86712,0.86719,11344302000.0,2025-09-18 00:57:05.941,2025-09-18 03:58:43.463
2025-09-18 04:00:00,0.86718,0.86827,0.86666,0.86786,13543288832.0,2025-09-18 07:32:10.300,2025-09-18 05:09:54.976
2025-09-18 08:00:00,0.86785,0.86851,0.86644,0.86809,17369765460.0,2025-09-18 11:38:51.474,2025-09-18 11:01:08.975
2025-09-18 12:00:00,0.8681,0.86964,0.86717,0.86946,25113101701.0,2025-09-18 15:29:11.306,2025-09-18 12:30:00.458
2025-09-18 16:00:00,0.86944,0.86987,0.86914,0.86978,11892205000.0,2025-09-18 19:01:26.596,2025-09-18 16:03:27.652
2025-09-18 20:00:00,0.86979,0.86981,0.86928,0.86968,7222595000.0,2025-09-18 20:00:06.138,2025-09-18 21:05:00.217
2025-09-19 00:00:00,0.86967,0.87018,0.8694,0.86942,10875996830.0,2025-09-19 02:28:58.359,2025-09-19 03:58:34.878
2025-09-19 04:00:00,0.86943,0.87286,0.86898,0.87239,18373741946.0,2025-09-19 07:57:00.673,2025-09-19 05:22:52.928
2025-09-19 08:00:00,0.87238,0.8724,0.87049,0.87081,13892154168.0,2025-09-19 08:00:02.815,2025-09-19 09:49:42.309
2025-09-19 12:00:00,0.87083,0.87217,0.87058,0.87164,21898305812.0,2025-09-19 15:04:51.533,2025-09-19 12:26:12.329
2025-09-19 16:00:00,0.87165,0.87227,0.87137,0.87195,8501567000.0,2025-09-19 18:57:59.975,2025-09-19 16:15:03.473
2025-09-19 20:00:00,0.87196,0.87199,0.87151,0.87177,1078813000.0,2025-09-19 20:00:12.306,2025-09-19 20:44:44.996
2025-09-21 20:00:00,0.87104,0.87218,0.87104,0.87173,2483609000.0,2025-09-21 21:36:25.393,2025-09-21 21:05:00.006
2025-09-22 00:00:00,0.87172,0.87172,0.87109,0.87148,6910116000.0,2025-09-22 00:00:00.122,2025-09-22 01:33:17.338
2025-09-22 04:00:00,0.87149,0.87197,0.87086,0.87161,10665409000.0,2025-09-22 07:46:45.494,2025-09-22 06:31:40.306
2025-09-22 08:00:00,0.87163,0.87283,0.87103,0.87255,13992372000.0,2025-09-22 11:52:28.270,2025-09-22 08:10:46.586
2025-09-22 12:00:00,0.87254,0.87339,0.8714,0.87187,18294805354.0,2025-09-22 12:04:39.216,2025-09-22 14:42:30.957
2025-09-22 16:00:00,0.87185,0.87301,0.87182,0.873,7671756486.0,2025-09-22 19:56:46.766,2025-09-22 16:00:00.937
2025-09-22 20:00:00,0.87299,0.87339,0.87255,0.87316,4958685000.0,2025-09-22 20:58:52.474,2025-09-22 21:07:16.132
2025-09-23 00:00:00,0.87317,0.87386,0.87305,0.87345,8953671000.0,2025-09-23 02:58:29.947,2025-09-23 00:13:41.701
2025-09-23 04:00:00,0.87344,0.87369,0.87188,0.87203,12946407140.0,2025-09-23 04:35:29.434,2025-09-23 07:52:59.355
2025-09-23 08:00:00,0.87201,0.87454,0.87169,0.87251,13729315000.0,2025-09-23 08:42:32.243,2025-09-23 08:09:56.093
2025-09-23 12:00:00,0.87253,0.87328,0.87186,0.87285,19514605264.0,2025-09-23 14:01:23.458,2025-09-23 13:10:33.570
2025-09-23 16:00:00,0.87286,0.87404,0.87265,0.87363,11940356000.0,2025-09-23 18:19:35.312,2025-09-23 16:02:27.356
2025-09-23 20:00:00,0.87365,0.87378,0.87303,0.8736,5596814000.0,2025-09-23 22:04:13.538,2025-09-23 21:05:02.385
2025-09-24 00:00:00,0.87359,0.87365,0.873,0.87339,9674877988.0,2025-09-24 00:00:44.710,2025-09-24 02:48:48.155
2025-09-24 04:00:00,0.8734,0.87447,0.87319,0.87417,11399570297.0,2025-09-24 07:39:25.362,2025-09-24 06:59:58.329
2025-09-24 08:00:00,0.87418,0.87422,0.87227,0.87304,14276642030.0,2025-09-24 08:05:26.996,2025-09-24 10:50:38.303
2025-09-24 12:00:00,0.87305,0.87386,0.87257,0.87314,24737508978.0,2025-09-24 13:51:43.663,2025-09-24 15:27:58.598
2025-09-24 16:00:00,0.87313,0.87323,0.87226,0.87291,9849088975.0,2025-09-24 16:01:04.241,2025-09-24 18:33:38.749
2025-09-24 20:00:00,0.87289,0.87314,0.87239,0.87304,4089885000.0,2025-09-24 22:55:00.540,2025-09-24 21:05:16.070
2025-09-25 00:00:00,0.87303,0.87313,0.87275,0.87302,7284928960.0,2025-09-25 00:50:17.952,2025-09-25 02:12:45.223
2025-09-25 04:00:00,0.87301,0.87317,0.87225,0.87315,8603779524.0,2025-09-25 06:18:34.312,2025-09-25 06:57:57.118
2025-09-25 08:00:00,0.87314,0.87481,0.87253,0.87469,16487163779.0,2025-09-25 11:59:01.973,2025-09-25 08:32:23.094
2025-09-25 12:00:00,0.8747,0.87509,0.87352,0.8744,25617009904.0,2025-09-25 12:04:25.270,2025-09-25 14:14:00.246
2025-09-25 16:00:00,0.87442,0.87501,0.87376,0.87428,12024921961.0,2025-09-25 17:02:28.155,2025-09-25 18:58:01.689
2025-09-25 20:00:00,0.87427,0.87458,0.87379,0.87446,5008858000.0,2025-09-25 23:17:17.700,2025-09-25 22:00:00.378
2025-09-26 00:00:00,0.87447,0.87467,0.87437,0.87449,6756475000.0,2025-09-26 02:59:51.634,2025-09-26 00:50:13.622
2025-09-26 04:00:00,0.87448,0.87482,0.87378,0.87418,10472728000.0,2025-09-26 07:40:38.942,2025-09-26 07:03:25.957
2025-09-26 08:00:00,0.87419,0.87481,0.87376,0.87395,13407035000.0,2025-09-26 10:08:10.343,2025-09-26 11:04:20.420
2025-09-26 12:00:00,0.87394,0.87421,0.8721,0.87235,22096768859.0,2025-09-26 12:16:01.475,2025-09-26 15:44:25.954
2025-09-26 16:00:00,0.87237,0.87302,0.87208,0.87299,8776940187.0,2025-09-26 19:59:37.299,2025-09-26 16:38:31.054
2025-09-26 20:00:00,0.87301,0.87311,0.87278,0.87297,1226738000.0,2025-09-26 20:22:17.478,2025-09-26 20:35:48.811
2025-09-28 20:00:00,0.87287,0.87342,0.87275,0.873,1557975000.0,2025-09-28 22:02:24.359,2025-09-28 22:00:00.386
2025-09-29 00:00:00,0.87299,0.87336,0.87286,0.87289,5334881813.0,2025-09-29 00:14:45.905,2025-09-29 03:58:57.227
2025-09-29 04:00:00,0.87287,0.87301,0.87201,0.8721,9508183000.0,2025-09-29 04:16:34.490,2025-09-29 07:01:40.242
2025-09-29 08:00:00,0.87211,0.87279,0.87153,0.87219,13478683867.0,2025-09-29 10:58:47.350,2025-09-29 08:25:46.463
2025-09-29 12:00:00,0.87218,0.87444,0.8721,0.8732,22118496806.0,2025-09-29 14:19:30.270,2025-09-29 12:25:55.858
2025-09-29 16:00:00,0.87319,0.87337,0.87277,0.87283,5472521000.0,2025-09-29 16:04:23.984,2025-09-29 19:06:09.544
2025-09-29 20:00:00,0.87284,0.87332,0.87254,0.87313,4001068000.0,2025-09-29 21:35:45.768,2025-09-29 21:04:01.003
2025-09-30 00:00:00,0.87312,0.87326,0.87249,0.87258,8335715639.0,2025-09-30 00:01:55.397,2025-09-30 03:52:12.947
2025-09-30 04:00:00,0.87257,0.87383,0.87248,0.87317,12754103756.0,2025-09-30 07:42:43.913,2025-09-30 04:22:41.474
2025-09-30 08:00:00,0.8732,0.8745,0.8732,0.87385,15142272271.0,2025-09-30 09:01:18.993,2025-09-30 08:00:00.075
2025-09-30 12:00:00,0.87382,0.87397,0.87229,0.87286,22970495213.0,2025-09-30 12:01:02.239,2025-09-30 15:29:30.432
2025-09-30 16:00:00,0.87287,0.87363,0.87275,0.87289,9589537000.0,2025-09-30 16:51:53.272,2025-09-30 19:52:34.033
2025-09-30 20:00:00,0.8729,0.87313,0.87258,0.87293,6102883000.0,2025-09-30 20:37:59.884,2025-09-30 21:58:18.675
2025-10-01 00:00:00,0.87294,0.87345,0.87282,0.87327,7774522413.0,2025-10-01 01:44:24.927,2025-10-01 00:41:03.758
2025-10-01 04:00:00,0.87328,0.87417,0.87239,0.87248,15154145926.0,2025-10-01 07:12:50.342,2025-10-01 07:59:22.207
2025-10-01 08:00:00,0.87247,0.87307,0.87004,0.87035,16923481407.0,2025-10-01 08:08:43.166,2025-10-01 11:08:33.064
2025-10-01 12:00:00,0.87036,0.87096,0.86894,0.87015,31767881284.0,2025-10-01 12:19:14.738,2025-10-01 14:47:35.712
2025-10-01 16:00:00,0.87014,0.87065,0.86987,0.87023,9801152000.0,2025-10-01 18:32:43.717,2025-10-01 16:30:02.833
2025-10-01 20:00:00,0.87022,0.87058,0.8697,0.87046,4610784000.0,2025-10-01 22:03:42.758,2025-10-01 21:06:43.513
2025-10-02 00:00:00,0.87047,0.87084,0.87037,0.87062,6823534000.0,2025-10-02 01:00:24.790,2025-10-02 01:08:33.882
2025-10-02 04:00:00,0.87063,0.87117,0.87035,0.87071,10885579965.0,2025-10-02 06:13:43.162,2025-10-02 07:04:14.569
2025-10-02 08:00:00,0.8707,0.87227,0.87016,0.87189,13165983973.0,2025-10-02 11:32:37.351,2025-10-02 08:57:48.994
2025-10-02 12:00:00,0.8719,0.87294,0.87131,0.87147,22944317320.0,2025-10-02 14:41:25.720,2025-10-02 12:41:59.935
2025-10-02 16:00:00,0.87148,0.87198,0.8712,0.87169,8691025000.0,2025-10-02 17:27:50.852,2025-10-02 16:22:30.399
2025-10-02 20:00:00,0.8717,0.87208,0.87105,0.87192,4388753000.0,2025-10-02 23:38:22.764,2025-10-02 21:05:36.558
2025-10-03 00:00:00,0.87193,0.87247,0.87175,0.87215,6242947000.0,2025-10-03 02:42:32.508,2025-10-03 00:43:51.511
2025-10-03 04:00:00,0.87214,0.8725,0.87152,0.87158,9552035099.0,2025-10-03 06:10:45.464,2025-10-03 07:59:47.121
2025-10-03 08:00:00,0.87159,0.87295,0.87141,0.87245,11406961795.0,2025-10-03 11:47:15.464,2025-10-03 08:00:36.753
2025-10-03 12:00:00,0.87247,0.8729,0.87105,0.87139,19674754851.0,2025-10-03 12:38:23.567,2025-10-03 15:49:16.578
2025-10-03 16:00:00,0.8714,0.87141,0.87067,0.87077,8081714157.0,2025-10-03 16:00:00.393,2025-10-03 19:46:43.440
2025-10-03 20:00:00,0.87075,0.871,0.87073,0.87083,975150000.0,2025-10-03 20:29:02.313,2025-10-03 20:02:06.811
2025-10-05 20:00:00,0.87196,0.8728,0.8697,0.87191,5896685000.0,2025-10-05 22:11:59.986,2025-10-05 21:33:50.787
2025-10-06 00:00:00,0.8719,0.87225,0.87144,0.87155,9654389807.0,2025-10-06 00:14:04.180,2025-10-06 03:48:18.648
2025-10-06 04:00:00,0.87156,0.87181,0.86747,0.86751,14667932702.0,2025-10-06 04:24:28.465,2025-10-06 07:59:14.612
2025-10-06 08:00:00,0.86749,0.86979,0.86735,0.86965,21525625645.0,2025-10-06 11:58:55.317,2025-10-06 08:01:25.854
2025-10-06 12:00:00,0.86966,0.86999,0.86814,0.86872,25694866403.0,2025-10-06 13:16:43.850,2025-10-06 14:30:31.872
2025-10-06 16:00:00,0.86873,0.86919,0.8684,0.86861,8396319000.0,2025-10-06 16:54:39.362,2025-10-06 18:00:52.354
2025-10-06 20:00:00,0.86862,0.86889,0.86834,0.86834,3890993000.0,2025-10-06 22:00:05.821,2025-10-06 20:53:33.476
2025-10-07 00:00:00,0.86836,0.8686,0.86806,0.86841,5969218000.0,2025-10-07 03:39:24.336,2025-10-07 01:59:14.544
2025-10-07 04:00:00,0.86842,0.86956,0.8682,0.86895,11619013000.0,2025-10-07 07:17:53.305,2025-10-07 04:48:02.119
2025-10-07 08:00:00,0.86896,0.87036,0.8677,0.87023,14826543053.0,2025-10-07 11:55:57.534,2025-10-07 09:58:53.781
2025-10-07 12:00:00,0.87022,0.87047,0.86803,0.86849,21512345660.0,2025-10-07 12:15:55.919,2025-10-07 15:24:41.429
2025-10-07 16:00:00,0.8685,0.86861,0.86783,0.86802,10363199000.0,2025-10-07 16:08:36.976,2025-10-07 19:07:46.902
2025-10-07 20:00:00,0.86803,0.86845,0.86757,0.86826,5564051000.0,2025-10-07 23:06:23.605,2025-10-07 21:05:00.119
2025-10-08 00:00:00,0.86825,0.86838,0.86719,0.86748,11829502000.0,2025-10-08 00:38:12.434,2025-10-08 01:30:44.055
2025-10-08 04:00:00,0.86749,0.86769,0.86633,0.86684,12058619000.0,2025-10-08 04:32:31.095,2025-10-08 07:36:03.679
2025-10-08 08:00:00,0.86685,0.86772,0.86584,0.86713,17068906304.0,2025-10-08 11:34:50.631,2025-10-08 09:34:47.722
2025-10-08 12:00:00,0.86714,0.86751,0.86558,0.8668,17757733315.0,2025-10-08 12:34:21.375,2025-10-08 15:07:03.708
2025-10-08 16:00:00,0.86681,0.86803,0.86667,0.86776,12341736452.0,2025-10-08 18:55:30.094,2025-10-08 16:03:04.034
2025-10-08 20:00:00,0.86775,0.86796,0.86734,0.8678,4481741000.0,2025-10-08 22:41:42.288,2025-10-08 21:15:00.969
2025-10-09 00:00:00,0.86779,0.86817,0.86762,0.86801,7451785129.0,2025-10-09 02:06:00.062,2025-10-09 01:12:54.996
2025-10-09 04:00:00,0.86802,0.86976,0.86794,0.86955,14163006000.0,2025-10-09 07:46:43.532,2025-10-09 06:03:19.816
2025-10-09 08:00:00,0.86954,0.86983,0.86802,0.86817,18009612047.0,2025-10-09 08:10:30.981,2025-10-09 10:51:09.773
2025-10-09 12:00:00,0.86816,0.86933,0.8674,0.86846,28084524546.0,2025-10-09 14:55:10.839,2025-10-09 13:10:59.114
2025-10-09 16:00:00,0.86848,0.86962,0.86832,0.86934,14182272000.0,2025-10-09 17:10:28.576,2025-10-09 16:04:27.121
2025-10-09 20:00:00,0.86935,0.86952,0.86765,0.86937,4460227000.0,2025-10-09 22:57:41.208,2025-10-09 21:04:01.004
2025-10-10 00:00:00,0.86938,0.8696,0.86919,0.86933,7301641121.0,2025-10-10 01:24:22.991,2025-10-10 03:11:20.848
2025-10-10 04:00:00,0.86932,0.87111,0.86928,0.87031,13477722422.0,2025-10-10 07:15:58.495,2025-10-10 04:33:42.300
2025-10-10 08:00:00,0.87029,0.87251,0.86984,0.87105,17405817185.0,2025-10-10 11:00:01.595,2025-10-10 08:57:52.105
2025-10-10 12:00:00,0.87104,0.8718,0.86913,0.8703,28597784698.0,2025-10-10 12:49:22.211,2025-10-10 15:09:45.278
2025-10-10 16:00:00,0.87032,0.8706,0.86917,0.86984,16588974318.0,2025-10-10 16:04:10.647,2025-10-10 18:02:48.707
2025-10-10 20:00:00,0.86985,0.8706,0.86958,0.87028,2077600000.0,2025-10-10 20:54:29.731,2025-10-10 20:15:31.285
2025-10-12 20:00:00,0.86934,0.87057,0.86884,0.86994,4060370000.0,2025-10-12 21:30:00.068,2025-10-12 22:06:30.103
2025-10-13 00:00:00,0.86993,0.87031,0.86957,0.87021,10046466000.0,2025-10-13 02:32:26.006,2025-10-13 00:11:49.152
2025-10-13 04:00:00,0.8702,0.8707,0.86973,0.86986,15401665000.0,2025-10-13 07:22:05.269,2025-10-13 06:33:53.024
2025-10-13 08:00:00,0.86985,0.87017,0.86769,0.86778,17217372103.0,2025-10-13 08:28:35.510,2025-10-13 11:58:17.880
2025-10-13 12:00:00,0.86777,0.86832,0.86731,0.86832,19281040493.0,2025-10-13 15:58:54.027,2025-10-13 13:24:37.397
2025-10-13 16:00:00,0.86833,0.86847,0.86751,0.8676,7985742450.0,2025-10-13 17:02:28.389,2025-10-13 19:01:50.513
2025-10-13 20:00:00,0.86759,0.86787,0.86692,0.86749,3933892000.0,2025-10-13 21:56:43.124,2025-10-13 21:05:02.104
2025-10-14 00:00:00,0.8675,0.86766,0.86664,0.8676,7313248000.0,2025-10-14 03:52:36.461,2025-10-14 00:33:19.216
2025-10-14 04:00:00,0.86759,0.87199,0.86758,0.87118,19100536635.0,2025-10-14 07:36:08.970,2025-10-14 04:00:04.221
2025-10-14 08:00:00,0.87113,0.87146,0.86997,0.87059,17386079480.0,2025-10-14 10:34:41.962,2025-10-14 09:00:19.533
2025-10-14 12:00:00,0.8706,0.87219,0.87059,0.87153,24851776593.0,2025-10-14 15:02:13.506,2025-10-14 12:00:06.071
2025-10-14 16:00:00,0.87151,0.87199,0.87064,0.87089,13223302999.0,2025-10-14 16:06:35.815,2025-10-14 18:51:19.510
2025-10-14 20:00:00,0.8709,0.87156,0.87077,0.87098,4416935000.0,2025-10-14 21:07:07.292,2025-10-14 20:01:57.221
2025-10-15 00:00:00,0.87097,0.8714,0.87029,0.87047,7709679000.0,2025-10-15 01:24:56.474,2025-10-15 03:26:35.694
2025-10-15 04:00:00,0.87048,0.87205,0.86955,0.87157,11816368286.0,2025-10-15 07:40:40.066,2025-10-15 06:22:11.412
2025-10-15 08:00:00,0.87158,0.87209,0.86977,0.87026,14456873000.0,2025-10-15 08:46:31.477,2025-10-15 10:59:58.225
2025-10-15 12:00:00,0.87027,0.87162,0.86834,0.86882,22444725139.0,2025-10-15 13:49:26.811,2025-10-15 15:22:54.083
2025-10-15 16:00:00,0.86883,0.86971,0.86852,0.86938,12578841000.0,2025-10-15 17:24:01.702,2025-10-15 16:02:58.547
2025-10-15 20:00:00,0.86939,0.86947,0.86863,0.86885,4780092000.0,2025-10-15 20:00:35.229,2025-10-15 20:06:27.761
2025-10-16 00:00:00,0.86886,0.86898,0.86841,0.86885,8939131000.0,2025-10-16 01:00:03.486,2025-10-16 01:57:38.840
2025-10-16 04:00:00,0.86886,0.86942,0.8677,0.86781,14923415000.0,2025-10-16 06:33:27.751,2025-10-16 07:56:25.845
2025-10-16 08:00:00,0.8678,0.86794,0.86686,0.86706,15682246000.0,2025-10-16 11:35:36.470,2025-10-16 11:57:41.607
2025-10-16 12:00:00,0.86705,0.86964,0.86641,0.86896,22903527854.0,2025-10-16 14:53:24.270,2025-10-16 13:20:23.053
2025-10-16 16:00:00,0.86898,0.8704,0.86885,0.87007,17184182620.0,2025-10-16 18:34:37.741,2025-10-16 16:00:37.797
2025-10-16 20:00:00,0.87009,0.87031,0.86908,0.87018,3938971000.0,2025-10-16 22:59:13.273,2025-10-16 21:10:04.415
2025-10-17 00:00:00,0.87017,0.8709,0.86996,0.87064,9941509036.0,2025-10-17 02:37:02.351,2025-10-17 00:40:47.684
2025-10-17 04:00:00,0.87065,0.87189,0.87006,0.87187,15234407000.0,2025-10-17 07:59:52.186,2025-10-17 07:07:15.829
2025-10-17 08:00:00,0.87185,0.87247,0.8695,0.86972,19701357721.0,2025-10-17 08:16:26.931,2025-10-17 11:13:33.740
2025-10-17 12:00:00,0.86973,0.87133,0.86935,0.86968,28172636115.0,2025-10-17 14:58:41.437,2025-10-17 12:23:24.552
2025-10-17 16:00:00,0.86967,0.87021,0.86841,0.86847,11026046037.0,2025-10-17 17:04:30.861,2025-10-17 18:34:29.959
2025-10-17 20:00:00,0.86845,0.86875,0.86781,0.86787,1529101000.0,2025-10-17 20:11:03.693,2025-10-17 20:54:21.704
2025-10-19 20:00:00,0.86798,0.86852,0.86775,0.86834,1936373000.0,2025-10-19 21:10:43.128,2025-10-19 22:15:17.764
2025-10-20 00:00:00,0.86833,0.8687,0.86799,0.86814,6016787000.0,2025-10-20 00:15:45.938,2025-10-20 01:56:00.491
2025-10-20 04:00:00,0.86813,0.86947,0.86804,0.86926,11363963000.0,2025-10-20 07:08:39.438,2025-10-20 04:04:49.757
2025-10-20 08:00:00,0.86925,0.86931,0.86781,0.86908,18818710000.0,2025-10-20 08:00:38.417,2025-10-20 09:30:35.806
2025-10-20 12:00:00,0.86907,0.86919,0.86759,0.86847,21746525000.0,2025-10-20 12:17:02.487,2025-10-20 12:56:44.903
2025-10-20 16:00:00,0.86845,0.86888,0.86823,0.86828,9544432000.0,2025-10-20 16:17:42.935,2025-10-20 19:59:46.941
2025-10-20 20:00:00,0.86829,0.8687,0.86764,0.86865,4623723000.0,2025-10-20 23:26:56.117,2025-10-20 21:04:01.005
2025-10-21 00:00:00,0.86866,0.86905,0.86858,0.86868,10537935000.0,2025-10-21 02:09:45.725,2025-10-21 03:05:08.389
2025-10-21 04:00:00,0.86867,0.86939,0.86797,0.86799,17514442000.0,2025-10-21 05:49:30.709,2025-10-21 07:58:28.237
2025-10-21 08:00:00,0.868,0.86876,0.86749,0.8676,20441279954.0,2025-10-21 08:26:34.777,2025-10-21 11:59:44.946
2025-10-21 12:00:00,0.86758,0.86851,0.86697,0.86749,30191981455.0,2025-10-21 13:55:52.386,2025-10-21 15:14:01.361
2025-10-21 16:00:00,0.86748,0.86831,0.86743,0.86752,12658712000.0,2025-10-21 17:07:41.893,2025-10-21 16:00:48.286
2025-10-21 20:00:00,0.86753,0.86807,0.86678,0.86785,4379098000.0,2025-10-21 21:42:19.225,2025-10-21 21:04:52.256
2025-10-22 00:00:00,0.86786,0.86811,0.8676,0.86784,9371737000.0,2025-10-22 00:12:46.234,2025-10-22 02:15:38.129
2025-10-22 04:00:00,0.86785,0.87123,0.86745,0.87075,16738131484.0,2025-10-22 06:43:37.090,2025-10-22 06:00:00.990
2025-10-22 08:00:00,0.87074,0.87089,0.86885,0.86902,18260548473.0,2025-10-22 08:00:31.609,2025-10-22 11:56:53.228
2025-10-22 12:00:00,0.86903,0.86984,0.8682,0.86841,23856204660.0,2025-10-22 13:05:26.633,2025-10-22 15:56:09.967
2025-10-22 16:00:00,0.8684,0.86945,0.86834,0.8689,14946539426.0,2025-10-22 17:54:14.438,2025-10-22 16:00:14.988
2025-10-22 20:00:00,0.86889,0.8695,0.8687,0.86936,4831477000.0,2025-10-22 21:05:00.019,2025-10-22 21:04:33.045
2025-10-23 00:00:00,0.86938,0.86959,0.86923,0.86945,7936622000.0,2025-10-23 00:54:30.973,2025-10-23 00:09:54.123
2025-10-23 04:00:00,0.86946,0.8696,0.86816,0.86883,10536537000.0,2025-10-23 04:38:39.948,2025-10-23 07:09:22.963
2025-10-23 08:00:00,0.86882,0.86911,0.86827,0.86883,12912197000.0,2025-10-23 08:25:18.233,2025-10-23 10:26:37.772
2025-10-23 12:00:00,0.86884,0.87208,0.86881,0.87165,20870866551.0,2025-10-23 15:12:20.862,2025-10-23 12:00:03.118
2025-10-23 16:00:00,0.87162,0.87212,0.87146,0.87181,9640918000.0,2025-10-23 17:22:46.120,2025-10-23 17:41:49.242
2025-10-23 20:00:00,0.87182,0.87191,0.87142,0.87168,4102295000.0,2025-10-23 20:58:01.418,2025-10-23 21:04:32.695
2025-10-24 00:00:00,0.87167,0.87183,0.87115,0.87117,8057201000.0,2025-10-24 00:02:29.199,2025-10-24 03:57:30.736
2025-10-24 04:00:00,0.87116,0.87264,0.87055,0.8725,13177812225.0,2025-10-24 07:52:26.691,2025-10-24 06:01:13.795
2025-10-24 08:00:00,0.87251,0.87317,0.87116,0.87289,17408802000.0,2025-10-24 08:02:04.393,2025-10-24 09:48:35.570
2025-10-24 12:00:00,0.87288,0.87467,0.87056,0.87431,32227956368.0,2025-10-24 15:35:10.920,2025-10-24 12:30:01.582
2025-10-24 16:00:00,0.8743,0.87459,0.87373,0.87375,9004562000.0,2025-10-24 16:54:35.151,2025-10-24 18:24:38.698
2025-10-24 20:00:00,0.87374,0.87377,0.87303,0.87345,1697902000.0,2025-10-24 20:07:51.355,2025-10-24 20:45:33.082
2025-10-26 20:00:00,0.8726,0.87316,0.87228,0.87305,3782477000.0,2025-10-26 22:26:01.232,2025-10-26 22:00:10.227
2025-10-27 00:00:00,0.87306,0.87345,0.87277,0.8728,9047827000.0,2025-10-27 01:10:56.671,2025-10-27 03:26:18.033
2025-10-27 04:00:00,0.87281,0.87314,0.87229,0.87262,8787035000.0,2025-10-27 07:25:20.521,2025-10-27 06:39:00.302
2025-10-27 08:00:00,0.87263,0.8731,0.87197,0.87247,15886614000.0,2025-10-27 08:26:49.472,2025-10-27 09:56:25.348
2025-10-27 12:00:00,0.87245,0.87355,0.87199,0.87291,18281646000.0,2025-10-27 15:06:58.559,2025-10-27 13:01:29.285
2025-10-27 16:00:00,0.8729,0.87361,0.87253,0.87344,10626311897.0,2025-10-27 19:26:49.892,2025-10-27 17:37:33.025
2025-10-27 20:00:00,0.87343,0.87344,0.87287,0.87331,5915998000.0,2025-10-27 20:00:00.454,2025-10-27 21:27:30.154
2025-10-28 00:00:00,0.87333,0.8734,0.87282,0.87299,7391112000.0,2025-10-28 00:00:40.860,2025-10-28 02:46:48.821
2025-10-28 04:00:00,0.87297,0.87403,0.87254,0.87392,10953550083.0,2025-10-28 07:56:21.860,2025-10-28 06:30:03.175
2025-10-28 08:00:00,0.87393,0.87647,0.87371,0.8761,16803259636.0,2025-10-28 08:46:37.744,2025-10-28 08:01:41.642
2025-10-28 12:00:00,0.87606,0.87894,0.87555,0.87808,25550618094.0,2025-10-28 14:48:10.389,2025-10-28 12:47:55.363
2025-10-28 16:00:00,0.87809,0.87858,0.87744,0.87788,13174876000.0,2025-10-28 17:35:42.665,2025-10-28 16:46:43.058
2025-10-28 20:00:00,0.87789,0.87806,0.87749,0.87784,4266305000.0,2025-10-28 20:58:31.543,2025-10-28 21:58:00.361
2025-10-29 00:00:00,0.87785,0.87843,0.87779,0.87808,12703226000.0,2025-10-29 00:54:59.720,2025-10-29 02:07:45.244
2025-10-29 04:00:00,0.87809,0.88022,0.87775,0.87935,12438862000.0,2025-10-29 07:28:50.289,2025-10-29 04:38:52.335
2025-10-29 08:00:00,0.87934,0.88136,0.87926,0.88058,17292177000.0,2025-10-29 10:55:33.332,2025-10-29 08:00:42.138
2025-10-29 12:00:00,0.88059,0.88176,0.88011,0.88082,22526374000.0,2025-10-29 13:48:48.987,2025-10-29 15:24:31.166
2025-10-29 16:00:00,0.88085,0.88157,0.87892,0.87911,29593139156.0,2025-10-29 18:40:48.394,2025-10-29 19:51:00.301
2025-10-29 20:00:00,0.87909,0.87981,0.8788,0.87932,6992486000.0,2025-10-29 21:41:35.267,2025-10-29 21:10:32.017
2025-10-30 00:00:00,0.87933,0.87986,0.87925,0.87974,13538708000.0,2025-10-30 03:54:39.798,2025-10-30 00:54:52.776
2025-10-30 04:00:00,0.87973,0.88057,0.87932,0.88029,16332223000.0,2025-10-30 06:45:59.023,2025-10-30 07:43:42.869
2025-10-30 08:00:00,0.8803,0.88132,0.87939,0.88004,17278264000.0,2025-10-30 09:45:22.527,2025-10-30 08:53:43.356
2025-10-30 12:00:00,0.88003,0.88071,0.87885,0.87958,27944195912.0,2025-10-30 13:24:24.803,2025-10-30 14:30:09.426
2025-10-30 16:00:00,0.87959,0.88003,0.87889,0.87975,13566938000.0,2025-10-30 16:21:09.619,2025-10-30 17:35:47.067
2025-10-30 20:00:00,0.87974,0.87983,0.87915,0.87936,5272823000.0,2025-10-30 20:00:04.369,2025-10-30 21:10:08.627
2025-10-31 00:00:00,0.87935,0.87982,0.87928,0.8795,7704322000.0,2025-10-31 02:43:26.901,2025-10-31 02:03:12.865
2025-10-31 04:00:00,0.87949,0.88037,0.8794,0.87977,8306733000.0,2025-10-31 07:14:10.827,2025-10-31 07:57:13.151
2025-10-31 08:00:00,0.87975,0.88136,0.87946,0.88101,14288810367.0,2025-10-31 11:04:16.399,2025-10-31 08:10:51.633
2025-10-31 12:00:00,0.88102,0.88174,0.87809,0.87837,23015927519.0,2025-10-31 13:00:29.734,2025-10-31 15:42:54.480
2025-10-31 16:00:00,0.87836,0.87845,0.87702,0.87737,11428280075.0,2025-10-31 16:00:24.089,2025-10-31 18:57:07.826
2025-10-31 20:00:00,0.87739,0.87767,0.87712,0.87756,1767296000.0,2025-10-31 20:54:30.437,2025-10-31 20:16:30.411
2025-11-02 20:00:00,0.8774,0.87806,0.87729,0.87765,3735450000.0,2025-11-02 22:42:42.074,2025-11-02 22:11:02.830
2025-11-03 00:00:00,0.87764,0.8779,0.87731,0.87778,8582859000.0,2025-11-03 00:28:15.128,2025-11-03 01:08:21.870
2025-11-03 04:00:00,0.87776,0.87834,0.87747,0.87831,7902492000.0,2025-11-03 07:55:09.566,2025-11-03 04:32:16.211
2025-11-03 08:00:00,0.87832,0.87835,0.87659,0.87715,14002229998.0,2025-11-03 08:00:06.260,2025-11-03 10:25:55.502
2025-11-03 12:00:00,0.87713,0.87794,0.87626,0.87664,19273834890.0,2025-11-03 14:56:14.801,2025-11-03 13:20:43.138
2025-11-03 16:00:00,0.87666,0.87736,0.87643,0.87681,15405775850.0,2025-11-03 18:23:48.582,2025-11-03 16:04:04.923
2025-11-03 20:00:00,0.8768,0.87694,0.87621,0.87691,6532644000.0,2025-11-03 23:00:04.753,2025-11-03 22:25:55.578
2025-11-04 00:00:00,0.87692,0.87716,0.87644,0.87698,9620900000.0,2025-11-04 02:49:52.537,2025-11-04 01:29:20.552
2025-11-04 04:00:00,0.87697,0.87862,0.8768,0.87849,12057148000.0,2025-11-04 07:58:20.440,2025-11-04 04:34:46.041
2025-11-04 08:00:00,0.87848,0.88095,0.87848,0.87984,19411475766.0,2025-11-04 09:47:01.095,2025-11-04 08:00:00.375
2025-11-04 12:00:00,0.87985,0.88094,0.87888,0.88081,19266051960.0,2025-11-04 15:57:55.820,2025-11-04 12:48:28.970
2025-11-04 16:00:00,0.8808,0.88211,0.8805,0.88197,13707496601.0,2025-11-04 19:47:20.913,2025-11-04 16:49:26.880
2025-11-04 20:00:00,0.88195,0.88201,0.88027,0.882,6058082000.0,2025-11-04 23:57:15.178,2025-11-04 22:05:00.213
2025-11-05 00:00:00,0.88199,0.88296,0.88168,0.88235,10550726000.0,2025-11-05 01:25:31.151,2025-11-05 00:16:08.070
2025-11-05 04:00:00,0.88234,0.88248,0.88151,0.88175,6922757753.0,2025-11-05 06:00:01.605,2025-11-05 07:57:56.961
2025-11-05 08:00:00,0.88174,0.88224,0.88033,0.88129,14807063458.0,2025-11-05 11:19:52.806,2025-11-05 09:02:55.868
2025-11-05 12:00:00,0.88126,0.88193,0.87992,0.88018,21025798157.0,2025-11-05 14:52:52.614,2025-11-05 15:51:32.297
2025-11-05 16:00:00,0.88019,0.8805,0.87996,0.88045,11697387000.0,2025-11-05 18:12:53.076,2025-11-05 17:07:07.801
2025-11-05 20:00:00,0.88044,0.88081,0.88025,0.88073,4768332000.0,2025-11-05 23:07:31.169,2025-11-05 20:59:47.165
2025-11-06 00:00:00,0.88075,0.88103,0.8805,0.88083,7102740000.0,2025-11-06 02:12:11.401,2025-11-06 00:59:01.406
2025-11-06 04:00:00,0.88081,0.88157,0.88074,0.88097,6964692000.0,2025-11-06 07:02:28.274,2025-11-06 04:06:31.536
2025-11-06 08:00:00,0.88096,0.88142,0.87955,0.87993,14407997000.0,2025-11-06 08:04:45.013,2025-11-06 11:35:24.041
2025-11-06 12:00:00,0.87991,0.88185,0.87945,0.88072,21643130912.0,2025-11-06 12:11:11.562,2025-11-06 13:54:15.914
2025-11-06 16:00:00,0.88071,0.88075,0.87871,0.87907,13855681526.0,2025-11-06 16:00:21.228,2025-11-06 18:45:29.707
2025-11-06 20:00:00,0.87905,0.87926,0.87872,0.87884,6843153333.0,2025-11-06 22:50:33.659,2025-11-06 22:05:03.240
2025-11-07 00:00:00,0.87883,0.87952,0.87847,0.87947,9285939000.0,2025-11-07 02:54:52.787,2025-11-07 00:40:09.398
2025-11-07 04:00:00,0.87946,0.87953,0.87864,0.87865,7629874000.0,2025-11-07 04:00:13.681,2025-11-07 07:59:52.328
2025-11-07 08:00:00,0.87864,0.88161,0.87861,0.88089,15606859242.0,2025-11-07 10:23:14.283,2025-11-07 08:00:32.338
2025-11-07 12:00:00,0.88087,0.88158,0.87945,0.87985,23292611635.0,2025-11-07 12:53:54.260,2025-11-07 15:10:49.200
2025-11-07 16:00:00,0.87984,0.87991,0.87824,0.8785,15078197000.0,2025-11-07 16:00:12.055,2025-11-07 19:49:22.870
2025-11-07 20:00:00,0.87849,0.87907,0.87834,0.8787,4874583000.0,2025-11-07 21:38:26.757,2025-11-07 20:02:51.476
2025-11-09 20:00:00,0.87803,0.87868,0.87798,0.87834,3111150000.0,2025-11-09 22:36:19.746,2025-11-09 22:05:00.907
2025-11-10 00:00:00,0.87835,0.87914,0.87833,0.87885,10842054000.0,2025-11-10 01:48:37.953,2025-11-10 00:00:05.143
2025-11-10 04:00:00,0.87887,0.87928,0.87873,0.87916,9146154000.0,2025-11-10 06:57:59.849,2025-11-10 07:22:06.599
2025-11-10 08:00:00,0.87911,0.87943,0.87745,0.87759,12428436000.0,2025-11-10 08:05:05.984,2025-11-10 11:54:31.376
2025-11-10 12:00:00,0.87755,0.87892,0.8774,0.8781,14119654608.0,2025-11-10 14:44:29.258,2025-11-10 12:48:12.061
2025-11-10 16:00:00,0.87811,0.87822,0.87689,0.87713,11302335000.0,2025-11-10 16:00:59.518,2025-11-10 17:37:46.743
2025-11-10 20:00:00,0.87712,0.87738,0.87666,0.87729,3600609380.0,2025-11-10 23:40:10.176,2025-11-10 22:05:02.367
2025-11-11 00:00:00,0.87731,0.87782,0.87728,0.87758,9994387000.0,2025-11-11 01:55:31.828,2025-11-11 00:00:59.494
2025-11-11 04:00:00,0.87757,0.88079,0.8775,0.88067,13564241951.0,2025-11-11 07:58:30.073,2025-11-11 04:07:44.478
2025-11-11 08:00:00,0.88069,0.8813,0.87997,0.88008,14888619562.0,2025-11-11 10:07:57.310,2025-11-11 11:57:32.468
2025-11-11 12:00:00,0.88009,0.88126,0.87976,0.88016,19757034758.0,2025-11-11 15:29:29.605,2025-11-11 12:39:07.766
2025-11-11 16:00:00,0.88017,0.88048,0.87974,0.87981,8606302000.0,2025-11-11 17:37:28.247,2025-11-11 19:58:46.452
2025-11-11 20:00:00,0.8798,0.88099,0.87959,0.88093,3950209791.0,2025-11-11 23:34:31.588,2025-11-11 22:06:00.422
2025-11-12 00:00:00,0.88094,0.88133,0.8808,0.88106,5682959000.0,2025-11-12 03:00:13.124,2025-11-12 00:03:53.811
2025-11-12 04:00:00,0.88105,0.88165,0.88103,0.88116,9034529000.0,2025-11-12 06:26:49.556,2025-11-12 07:50:28.600
2025-11-12 08:00:00,0.88115,0.88269,0.88045,0.88129,14348519435.0,2025-11-12 08:58:45.378,2025-11-12 08:07:53.443
2025-11-12 12:00:00,0.88131,0.88382,0.88111,0.88295,20317876567.0,2025-11-12 14:18:47.638,2025-11-12 12:01:29.157
2025-11-12 16:00:00,0.88294,0.88308,0.88193,0.88244,13194919000.0,2025-11-12 16:09:16.223,2025-11-12 19:04:00.683
2025-11-12 20:00:00,0.88245,0.88302,0.88211,0.88293,6825761000.0,2025-11-12 23:51:42.555,2025-11-12 22:04:34.463
2025-11-13 00:00:00,0.88294,0.88327,0.88264,0.88293,9619039000.0,2025-11-13 01:51:53.146,2025-11-13 00:34:50.180
2025-11-13 04:00:00,0.88294,0.88432,0.88273,0.88358,9150626325.0,2025-11-13 07:05:51.234,2025-11-13 06:55:51.505
2025-11-13 08:00:00,0.88359,0.88427,0.88248,0.88275,18115467385.0,2025-11-13 08:35:24.674,2025-11-13 10:13:28.665
2025-11-13 12:00:00,0.88273,0.88299,0.88153,0.88186,21430877364.0,2025-11-13 12:10:08.293,2025-11-13 12:43:38.387
2025-11-13 16:00:00,0.88183,0.88245,0.88152,0.88213,16101242000.0,2025-11-13 16:18:55.690,2025-11-13 18:10:51.544
2025-11-13 20:00:00,0.88212,0.88482,0.8809,0.88419,6512875000.0,2025-11-13 23:23:17.680,2025-11-13 22:05:03.694
2025-11-14 00:00:00,0.88418,0.88537,0.88375,0.88528,12149245708.0,2025-11-14 03:59:19.606,2025-11-14 00:19:39.633
2025-11-14 04:00:00,0.88529,0.88647,0.8844,0.88483,12700296000.0,2025-11-14 07:29:23.620,2025-11-14 07:58:04.213
2025-11-14 08:00:00,0.88485,0.88652,0.88129,0.88436,22478548447.0,2025-11-14 08:23:30.885,2025-11-14 08:44:25.842
2025-11-14 12:00:00,0.88435,0.8848,0.88289,0.8838,26381379731.0,2025-11-14 13:30:48.966,2025-11-14 14:50:11.200
2025-11-14 16:00:00,0.88379,0.88382,0.88216,0.88246,15636290126.0,2025-11-14 16:00:11.130,2025-11-14 18:14:33.154
2025-11-14 20:00:00,0.88245,0.88266,0.88198,0.88211,3866740000.0,2025-11-14 20:23:08.836,2025-11-14 21:51:02.416
2025-11-16 20:00:00,0.88209,0.88296,0.88181,0.8826,2309550000.0,2025-11-16 22:16:10.118,2025-11-16 22:07:48.045
2025-11-17 00:00:00,0.88261,0.88288,0.88183,0.88233,8096959000.0,2025-11-17 00:02:18.168,2025-11-17 01:35:05.525
2025-11-17 04:00:00,0.88234,0.88287,0.88122,0.88139,6417404000.0,2025-11-17 06:55:00.867,2025-11-17 07:38:52.290
2025-11-17 08:00:00,0.88138,0.88181,0.88017,0.88017,16908755179.0,2025-11-17 10:52:58.565,2025-11-17 11:59:57.366
2025-11-17 12:00:00,0.8802,0.88061,0.87923,0.8801,19683321081.0,2025-11-17 15:57:20.635,2025-11-17 13:26:25.824
2025-11-17 16:00:00,0.88009,0.8812,0.88002,0.88113,9035957000.0,2025-11-17 19:57:23.617,2025-11-17 17:00:00.086
2025-11-17 20:00:00,0.88114,0.88126,0.87946,0.88098,6070373000.0,2025-11-17 23:03:43.802,2025-11-17 22:07:30.168
2025-11-18 00:00:00,0.88097,0.88163,0.88097,0.8816,6014658000.0,2025-11-18 03:59:42.924,2025-11-18 00:00:00.071
2025-11-18 04:00:00,0.88159,0.88182,0.88099,0.88141,11430426000.0,2025-11-18 06:59:01.119,2025-11-18 05:20:04.302
2025-11-18 08:00:00,0.88139,0.88175,0.88058,0.88157,16190271000.0,2025-11-18 11:58:16.641,2025-11-18 10:32:16.954
2025-11-18 12:00:00,0.88158,0.88239,0.88099,0.8811,21893068078.0,2025-11-18 13:10:58.295,2025-11-18 15:46:36.785
2025-11-18 16:00:00,0.88112,0.8813,0.88047,0.88065,15597775091.0,2025-11-18 16:01:41.139,2025-11-18 16:58:19.098
2025-11-18 20:00:00,0.88066,0.88103,0.88023,0.88077,6522882000.0,2025-11-18 21:25:39.459,2025-11-18 22:05:00.017
2025-11-19 00:00:00,0.88078,0.88157,0.88076,0.88153,7294488967.0,2025-11-19 01:14:11.968,2025-11-19 00:00:23.551
2025-11-19 04:00:00,0.88152,0.88205,0.8807,0.88122,10814678671.0,2025-11-19 07:06:16.592,2025-11-19 07:00:10.036
2025-11-19 08:00:00,0.8812,0.88398,0.88115,0.88262,19582951442.0,2025-11-19 10:57:34.803,2025-11-19 08:40:53.929
2025-11-19 12:00:00,0.8826,0.88318,0.88076,0.88278,19023729275.0,2025-11-19 13:26:22.053,2025-11-19 15:23:43.649
2025-11-19 16:00:00,0.88277,0.88323,0.88195,0.8831,15013153986.0,2025-11-19 19:58:58.080,2025-11-19 16:18:21.984
2025-11-19 20:00:00,0.88311,0.88395,0.88265,0.88351,7206436000.0,2025-11-19 23:04:47.506,2025-11-19 22:05:00.220
2025-11-20 00:00:00,0.88353,0.88366,0.88245,0.88249,9071079000.0,2025-11-20 00:08:00.014,2025-11-20 03:00:10.645
2025-11-20 04:00:00,0.88248,0.8826,0.88132,0.88139,9988012187.0,2025-11-20 04:04:14.323,2025-11-20 07:57:48.781
2025-11-20 08:00:00,0.8814,0.88188,0.88097,0.8813,16035726000.0,2025-11-20 09:00:08.608,2025-11-20 08:05:03.210
2025-11-20 12:00:00,0.88129,0.88174,0.87953,0.88028,24816786903.0,2025-11-20 12:24:00.969,2025-11-20 14:51:50.458
2025-11-20 16:00:00,0.88027,0.88253,0.88027,0.88159,19767059069.0,2025-11-20 19:05:16.009,2025-11-20 16:00:00.296
2025-11-20 20:00:00,0.8816,0.88196,0.88024,0.88151,6937025000.0,2025-11-20 21:35:39.301,2025-11-20 22:05:02.624
2025-11-21 00:00:00,0.88153,0.88206,0.88138,0.88151,14203764000.0,2025-11-21 02:50:08.188,2025-11-21 00:48:17.408
2025-11-21 04:00:00,0.8815,0.8831,0.88115,0.88226,14078998287.0,2025-11-21 07:00:32.573,2025-11-21 05:51:52.411
2025-11-21 08:00:00,0.88223,0.88269,0.881,0.88197,25690688140.0,2025-11-21 10:00:40.953,2025-11-21 09:00:21.953
2025-11-21 12:00:00,0.88199,0.8822,0.87877,0.87907,30585481927.0,2025-11-21 12:13:55.694,2025-11-21 15:57:49.825
2025-11-21 16:00:00,0.87905,0.87926,0.87802,0.87866,18090797287.0,2025-11-21 16:04:33.789,2025-11-21 17:49:21.410
2025-11-21 20:00:00,0.87865,0.87902,0.87851,0.87882,3491518000.0,2025-11-21 21:51:09.877,2025-11-21 20:45:58.008
2025-11-23 20:00:00,0.87831,0.87898,0.87806,0.87865,2255300000.0,2025-11-23 23:00:33.008,2025-11-23 22:05:00.607
2025-11-24 00:00:00,0.87866,0.87941,0.87865,0.87922,11135250000.0,2025-11-24 01:54:03.708,2025-11-24 00:00:19.644
2025-11-24 04:00:00,0.87923,0.87968,0.8791,0.87941,9117883000.0,2025-11-24 07:45:17.373,2025-11-24 06:07:02.928
2025-11-24 08:00:00,0.87942,0.88196,0.87927,0.88188,20171138850.0,2025-11-24 11:59:32.828,2025-11-24 08:00:24.645
2025-11-24 12:00:00,0.88189,0.88197,0.87981,0.88016,21876331436.0,2025-11-24 12:00:11.036,2025-11-24 13:26:29.580
2025-11-24 16:00:00,0.88017,0.8803,0.87877,0.87933,10654615304.0,2025-11-24 16:00:25.407,2025-11-24 19:08:59.406
2025-11-24 20:00:00,0.87934,0.87934,0.87881,0.87899,4811596000.0,2025-11-24 20:00:00.165,2025-11-24 21:29:14.031
2025-11-25 00:00:00,0.879,0.87935,0.87889,0.87921,8079622000.0,2025-11-25 02:01:42.361,2025-11-25 01:03:15.047
2025-11-25 04:00:00,0.8792,0.87926,0.878,0.8781,7403475000.0,2025-11-25 04:04:46.774,2025-11-25 07:53:51.181
2025-11-25 08:00:00,0.87812,0.87945,0.87801,0.87907,16712328000.0,2025-11-25 09:00:12.352,2025-11-25 09:45:05.763
2025-11-25 12:00:00,0.87905,0.87986,0.87745,0.87748,27187710360.0,2025-11-25 12:43:42.200,2025-11-25 14:34:45.734
2025-11-25 16:00:00,0.87747,0.87765,0.87655,0.87676,16911875880.0,2025-11-25 16:20:59.177,2025-11-25 18:44:00.696
2025-11-25 20:00:00,0.87675,0.87897,0.87654,0.87885,7582797614.0,2025-11-25 21:22:27.495,2025-11-25 20:16:16.503
2025-11-26 00:00:00,0.87886,0.87889,0.87796,0.87831,17749421182.0,2025-11-26 00:00:02.245,2025-11-26 03:27:34.848
2025-11-26 04:00:00,0.8783,0.87946,0.87812,0.87859,12287395967.0,2025-11-26 07:36:00.047,2025-11-26 04:42:03.223
2025-11-26 08:00:00,0.8786,0.87987,0.87714,0.87864,21902017464.0,2025-11-26 11:20:18.494,2025-11-26 11:46:35.415
2025-11-26 12:00:00,0.87868,0.88177,0.87547,0.87625,34741696910.0,2025-11-26 12:12:05.670,2025-11-26 13:53:55.386
2025-11-26 16:00:00,0.87622,0.8768,0.87581,0.87599,13463897172.0,2025-11-26 16:40:09.541,2025-11-26 19:21:22.470
2025-11-26 20:00:00,0.87602,0.8761,0.87528,0.87592,4641303972.0,2025-11-26 20:00:08.137,2025-11-26 22:04:01.005
2025-11-27 00:00:00,0.87593,0.87603,0.87519,0.87523,11595852000.0,2025-11-27 00:12:33.903,2025-11-27 03:56:41.507
2025-11-27 04:00:00,0.87522,0.87575,0.87456,0.87554,11542425562.0,2025-11-27 07:46:40.487,2025-11-27 04:31:29.291
2025-11-27 08:00:00,0.87556,0.87701,0.87551,0.87573,12280395071.0,2025-11-27 08:49:39.003,2025-11-27 11:55:23.147
2025-11-27 12:00:00,0.87574,0.87625,0.87486,0.87493,12613591029.0,2025-11-27 15:20:00.085,2025-11-27 15:58:50.079
2025-11-27 16:00:00,0.87494,0.87614,0.87483,0.87595,4214043000.0,2025-11-27 17:45:01.780,2025-11-27 16:11:58.376
2025-11-27 20:00:00,0.87596,0.87627,0.87556,0.87605,3427657000.0,2025-11-27 23:06:41.546,2025-11-27 22:04:01.005
2025-11-28 00:00:00,0.87604,0.87606,0.87476,0.87518,20301908315.0,2025-11-28 00:00:04.603,2025-11-28 03:27:11.017
2025-11-28 04:00:00,0.8752,0.87677,0.87456,0.87629,35610552249.0,2025-11-28 07:40:12.290,2025-11-28 04:19:10.690
2025-11-28 08:00:00,0.87632,0.87672,0.8748,0.87615,47122050166.0,2025-11-28 08:30:05.913,2025-11-28 11:23:16.002
2025-11-28 12:00:00,0.87616,0.87724,0.87481,0.87592,36071465000.0,2025-11-28 15:40:32.766,2025-11-28 13:05:40.175
2025-11-28 16:00:00,0.87594,0.87668,0.8752,0.87589,16526368000.0,2025-11-28 18:46:40.467,2025-11-28 16:20:28.522
2025-11-28 20:00:00,0.87585,0.87627,0.87573,0.87578,6983900000.0,2025-11-28 21:11:36.226,2025-11-28 20:02:17.344
2025-11-30 20:00:00,0.87621,0.87672,0.87523,0.87623,2741468000.0,2025-11-30 22:59:48.228,2025-11-30 22:31:39.682
